#start_row=1	cols=15
S:Source	S:source_materials/GitHub_ready/Figure2/Tables/Figure_2D_source_data.csv	N:	N:	N:	N:	N:	N:	N:	N:	N:	N:	N:	N:	N:
S:Description	S:Fig. 2d representative gene trajectory plotting data.	N:	N:	N:	N:	N:	N:	N:	N:	N:	N:	N:	N:	N:
N:	N:	N:	N:	N:	N:	N:	N:	N:	N:	N:	N:	N:	N:	N:
S:gene	S:sample_id	S:expr	S:age_years	S:gene_class	S:expr_z	N:	N:	N:	N:	N:	N:	N:	N:	N:
S:FKBP5	S:GSM750020	D:-1.215571509	D:20.22191781	S:Up with age	D:-1.67200282185516	N:	N:	N:	N:	N:	N:	N:	N:	N:
S:FKBP5	S:GSM750021	D:1.444624149	D:20.78630137	S:Up with age	D:1.19336727206115	N:	N:	N:	N:	N:	N:	N:	N:	N:
S:FKBP5	S:GSM750022	D:-0.145459917	D:20.8630137	S:Up with age	D:-0.519356119478663	N:	N:	N:	N:	N:	N:	N:	N:	N:
S:FKBP5	S:GSM750023	D:-0.553459882	D:20.94520548	S:Up with age	D:-0.958824131733385	N:	N:	N:	N:	N:	N:	N:	N:	N:
S:FKBP5	S:GSM750024	D:0.449824787	D:21.01917808	S:Up with age	D:0.121841449233188	N:	N:	N:	N:	N:	N:	N:	N:	N:
S:FKBP5	S:GSM750025	D:0.856514732	D:21.4739726	S:Up with age	D:0.559898402824182	N:	N:	N:	N:	N:	N:	N:	N:	N:
S:FKBP5	S:GSM750026	D:-0.565651307	D:21.54794521	S:Up with age	D:-0.971955851760132	N:	N:	N:	N:	N:	N:	N:	N:	N:
S:FKBP5	S:GSM750027	D:-0.15409416	D:22.10136986	S:Up with age	D:-0.528656300689547	N:	N:	N:	N:	N:	N:	N:	N:	N:
S:FKBP5	S:GSM750028	D:-1.488104062	D:22.17260274	S:Up with age	D:-1.96555514934522	N:	N:	N:	N:	N:	N:	N:	N:	N:
S:FKBP5	S:GSM750029	D:-0.377556031	D:22.7260274	S:Up with age	D:-0.769353243551028	N:	N:	N:	N:	N:	N:	N:	N:	N:
S:FKBP5	S:GSM750030	D:0.04312853	D:23.16438356	S:Up with age	D:-0.316222303187049	N:	N:	N:	N:	N:	N:	N:	N:	N:
S:FKBP5	S:GSM750031	D:-0.867639034	D:23.44383562	S:Up with age	D:-1.2972351593454	N:	N:	N:	N:	N:	N:	N:	N:	N:
S:FKBP5	S:GSM750032	D:-0.983614373	D:24.04109589	S:Up with age	D:-1.42215539481869	N:	N:	N:	N:	N:	N:	N:	N:	N:
S:FKBP5	S:GSM750033	D:-0.437703433	D:24.26575342	S:Up with age	D:-0.834139668714632	N:	N:	N:	N:	N:	N:	N:	N:	N:
S:FKBP5	S:GSM750034	D:0.183510099	D:24.61643836	S:Up with age	D:-0.165013444417591	N:	N:	N:	N:	N:	N:	N:	N:	N:
S:FKBP5	S:GSM750035	D:-0.742239561	D:24.62739726	S:Up with age	D:-1.16216392928512	N:	N:	N:	N:	N:	N:	N:	N:	N:
S:FKBP5	S:GSM750036	D:-0.082612325	D:24.80273973	S:Up with age	D:-0.451661245212594	N:	N:	N:	N:	N:	N:	N:	N:	N:
S:FKBP5	S:GSM750037	D:-0.25686184	D:24.85205479	S:Up with age	D:-0.639350202473655	N:	N:	N:	N:	N:	N:	N:	N:	N:
S:FKBP5	S:GSM750038	D:-0.414473676	D:25.84109589	S:Up with age	D:-0.809118256926153	N:	N:	N:	N:	N:	N:	N:	N:	N:
S:FKBP5	S:GSM750039	D:-1.024565266	D:26.19726027	S:Up with age	D:-1.46626473082505	N:	N:	N:	N:	N:	N:	N:	N:	N:
S:FKBP5	S:GSM750040	D:-1.170747812	D:26.53150685	S:Up with age	D:-1.62372198187397	N:	N:	N:	N:	N:	N:	N:	N:	N:
S:FKBP5	S:GSM750041	D:-0.427067855	D:26.74520548	S:Up with age	D:-0.822683794391604	N:	N:	N:	N:	N:	N:	N:	N:	N:
S:FKBP5	S:GSM750042	D:0.158033624	D:26.78356164	S:Up with age	D:-0.192454858113563	N:	N:	N:	N:	N:	N:	N:	N:	N:
S:FKBP5	S:GSM750043	D:0.322243881	D:27.21643836	S:Up with age	D:-0.0155794624609501	N:	N:	N:	N:	N:	N:	N:	N:	N:
S:FKBP5	S:GSM750044	D:-1.202085312	D:27.49863014	S:Up with age	D:-1.65747646720592	N:	N:	N:	N:	N:	N:	N:	N:	N:
S:FKBP5	S:GSM750045	D:-0.48133185	D:28.36438356	S:Up with age	D:-0.881133039649873	N:	N:	N:	N:	N:	N:	N:	N:	N:
S:FKBP5	S:GSM750046	D:-1.112025308	D:28.5890411	S:Up with age	D:-1.56047035363547	N:	N:	N:	N:	N:	N:	N:	N:	N:
S:FKBP5	S:GSM750047	D:0.127285982	D:29.52876712	S:Up with age	D:-0.225573991129321	N:	N:	N:	N:	N:	N:	N:	N:	N:
S:FKBP5	S:GSM750048	D:-0.588640559	D:29.82739726	S:Up with age	D:-0.996718208981567	N:	N:	N:	N:	N:	N:	N:	N:	N:
S:FKBP5	S:GSM750049	D:-0.159084267	D:29.97260274	S:Up with age	D:-0.534031282533549	N:	N:	N:	N:	N:	N:	N:	N:	N:
S:FKBP5	S:GSM750050	D:-0.87460616	D:29.98630137	S:Up with age	D:-1.30473964286747	N:	N:	N:	N:	N:	N:	N:	N:	N:
S:FKBP5	S:GSM750051	D:-0.506711998	D:30.03287671	S:Up with age	D:-0.90847069687808	N:	N:	N:	N:	N:	N:	N:	N:	N:
S:FKBP5	S:GSM750052	D:-1.421567775	D:30.04383562	S:Up with age	D:-1.89388707998473	N:	N:	N:	N:	N:	N:	N:	N:	N:
S:FKBP5	S:GSM750053	D:-0.252349491	D:30.49589041	S:Up with age	D:-0.634489826944874	N:	N:	N:	N:	N:	N:	N:	N:	N:
S:FKBP5	S:GSM750054	D:-0.486684977	D:31.54794521	S:Up with age	D:-0.886899040345576	N:	N:	N:	N:	N:	N:	N:	N:	N:
S:FKBP5	S:GSM750056	D:-0.522470569	D:31.62191781	S:Up with age	D:-0.925444688219832	N:	N:	N:	N:	N:	N:	N:	N:	N:
S:FKBP5	S:GSM750057	D:-0.929075748	D:31.76712329	S:Up with age	D:-1.36341033801494	N:	N:	N:	N:	N:	N:	N:	N:	N:
S:FKBP5	S:GSM750058	D:1.394710398	D:32.69589041	S:Up with age	D:1.13960379456638	N:	N:	N:	N:	N:	N:	N:	N:	N:
S:FKBP5	S:GSM750059	D:-0.881451166	D:32.99726027	S:Up with age	D:-1.31211258757027	N:	N:	N:	N:	N:	N:	N:	N:	N:
S:FKBP5	S:GSM750060	D:0.092056317	D:33.24657534	S:Up with age	D:-0.263520834703069	N:	N:	N:	N:	N:	N:	N:	N:	N:
S:FKBP5	S:GSM750061	D:-0.65052216	D:34.25479452	S:Up with age	D:-1.06337258770586	N:	N:	N:	N:	N:	N:	N:	N:	N:
S:FKBP5	S:GSM750062	D:-0.834028535	D:34.33972603	S:Up with age	D:-1.26103236411619	N:	N:	N:	N:	N:	N:	N:	N:	N:
S:FKBP5	S:GSM750063	D:0.242791616	D:34.46575342	S:Up with age	D:-0.101159687862895	N:	N:	N:	N:	N:	N:	N:	N:	N:
S:FKBP5	S:GSM750064	D:-0.588446578	D:35.26575342	S:Up with age	D:-0.996509266697748	N:	N:	N:	N:	N:	N:	N:	N:	N:
S:FKBP5	S:GSM750065	D:0.671932062	D:35.56164384	S:Up with age	D:0.361079319392228	N:	N:	N:	N:	N:	N:	N:	N:	N:
S:FKBP5	S:GSM750066	D:0.077565015	D:36.50136986	S:Up with age	D:-0.279129815661984	N:	N:	N:	N:	N:	N:	N:	N:	N:
S:FKBP5	S:GSM750067	D:0.773604146	D:36.56438356	S:Up with age	D:0.47059312451541	N:	N:	N:	N:	N:	N:	N:	N:	N:
S:FKBP5	S:GSM750068	D:-0.331061592	D:37.19178082	S:Up with age	D:-0.719272801293567	N:	N:	N:	N:	N:	N:	N:	N:	N:
S:FKBP5	S:GSM750069	D:-0.033445199	D:37.56438356	S:Up with age	D:-0.39870197809232	N:	N:	N:	N:	N:	N:	N:	N:	N:
S:FKBP5	S:GSM750070	D:1.016742794	D:38.4109589	S:Up with age	D:0.732484466439571	N:	N:	N:	N:	N:	N:	N:	N:	N:
S:FKBP5	S:GSM750071	D:-0.705370446	D:38.6109589	S:Up with age	D:-1.12245118891113	N:	N:	N:	N:	N:	N:	N:	N:	N:
S:FKBP5	S:GSM750072	D:-0.158487478	D:39.6630137	S:Up with age	D:-0.533388464646137	N:	N:	N:	N:	N:	N:	N:	N:	N:
S:FKBP5	S:GSM750073	D:0.70071668	D:40.41643836	S:Up with age	D:0.392084025130307	N:	N:	N:	N:	N:	N:	N:	N:	N:
S:FKBP5	S:GSM750074	D:-0.15332409	D:40.60547945	S:Up with age	D:-0.527826837059086	N:	N:	N:	N:	N:	N:	N:	N:	N:
S:FKBP5	S:GSM750075	D:-0.081587015	D:40.84657534	S:Up with age	D:-0.450556855540294	N:	N:	N:	N:	N:	N:	N:	N:	N:
S:FKBP5	S:GSM750076	D:0.780866646	D:41	S:Up with age	D:0.478415763517352	N:	N:	N:	N:	N:	N:	N:	N:	N:
S:FKBP5	S:GSM750077	D:-0.361671049	D:41.04109589	S:Up with age	D:-0.752243091435593	N:	N:	N:	N:	N:	N:	N:	N:	N:
S:FKBP5	S:GSM750078	D:0.370613075	D:41.19726027	S:Up with age	D:0.036520330100412	N:	N:	N:	N:	N:	N:	N:	N:	N:
S:FKBP5	S:GSM750079	D:0.569112082	D:41.57808219	S:Up with age	D:0.250329083836031	N:	N:	N:	N:	N:	N:	N:	N:	N:
S:FKBP5	S:GSM750080	D:0.250188277	D:42.01643836	S:Up with age	D:-0.0931925403485754	N:	N:	N:	N:	N:	N:	N:	N:	N:
S:FKBP5	S:GSM750081	D:1.25011083	D:42.06575342	S:Up with age	D:0.983851612769371	N:	N:	N:	N:	N:	N:	N:	N:	N:
S:FKBP5	S:GSM750082	D:1.529724419	D:42.70958904	S:Up with age	D:1.28503111938339	N:	N:	N:	N:	N:	N:	N:	N:	N:
S:FKBP5	S:GSM750083	D:-0.078903319	D:42.83835616	S:Up with age	D:-0.447666172580024	N:	N:	N:	N:	N:	N:	N:	N:	N:
S:FKBP5	S:GSM750084	D:0.888209795	D:43.88219178	S:Up with age	D:0.594038029122675	N:	N:	N:	N:	N:	N:	N:	N:	N:
S:FKBP5	S:GSM750085	D:-0.173627191	D:44.16986301	S:Up with age	D:-0.549695866972059	N:	N:	N:	N:	N:	N:	N:	N:	N:
S:FKBP5	S:GSM750086	D:0.154713913	D:44.47671233	S:Up with age	D:-0.196030610367439	N:	N:	N:	N:	N:	N:	N:	N:	N:
S:FKBP5	S:GSM750087	D:-0.237972825	D:44.84657534	S:Up with age	D:-0.619004323582465	N:	N:	N:	N:	N:	N:	N:	N:	N:
S:FKBP5	S:GSM750088	D:1.273382797	D:45.32328767	S:Up with age	D:1.00891849011272	N:	N:	N:	N:	N:	N:	N:	N:	N:
S:FKBP5	S:GSM750089	D:0.886702203	D:45.40821918	S:Up with age	D:0.592414160210012	N:	N:	N:	N:	N:	N:	N:	N:	N:
S:FKBP5	S:GSM750090	D:0.138866749	D:45.67671233	S:Up with age	D:-0.213100027672302	N:	N:	N:	N:	N:	N:	N:	N:	N:
S:FKBP5	S:GSM750091	D:1.693915532	D:45.78082192	S:Up with age	D:1.46188589450574	N:	N:	N:	N:	N:	N:	N:	N:	N:
S:FKBP5	S:GSM750092	D:0.078750361	D:45.89041096	S:Up with age	D:-0.277853046801344	N:	N:	N:	N:	N:	N:	N:	N:	N:
S:FKBP5	S:GSM750093	D:-0.122928658	D:45.93972603	S:Up with age	D:-0.495087079145961	N:	N:	N:	N:	N:	N:	N:	N:	N:
S:FKBP5	S:GSM750094	D:0.170946423	D:46.10410959	S:Up with age	D:-0.17854612626067	N:	N:	N:	N:	N:	N:	N:	N:	N:
S:FKBP5	S:GSM750095	D:-0.03446514	D:46.10958904	S:Up with age	D:-0.399800584666679	N:	N:	N:	N:	N:	N:	N:	N:	N:
S:FKBP5	S:GSM750096	D:0.016714644	D:46.55890411	S:Up with age	D:-0.344673428118746	N:	N:	N:	N:	N:	N:	N:	N:	N:
S:FKBP5	S:GSM750097	D:0.509828922	D:46.56164384	S:Up with age	D:0.186473557560732	N:	N:	N:	N:	N:	N:	N:	N:	N:
S:FKBP5	S:GSM750098	D:0.124237891	D:46.60547945	S:Up with age	D:-0.228857173991706	N:	N:	N:	N:	N:	N:	N:	N:	N:
S:FKBP5	S:GSM750099	D:0.409773984	D:46.91506849	S:Up with age	D:0.0787016249843909	N:	N:	N:	N:	N:	N:	N:	N:	N:
S:FKBP5	S:GSM750100	D:-0.339636475	D:46.96712329	S:Up with age	D:-0.728509044211693	N:	N:	N:	N:	N:	N:	N:	N:	N:
S:FKBP5	S:GSM750101	D:0.136113241	D:47.48493151	S:Up with age	D:-0.216065907062727	N:	N:	N:	N:	N:	N:	N:	N:	N:
S:FKBP5	S:GSM750102	D:0.395453221	D:48.13150685	S:Up with age	D:0.0632763362847192	N:	N:	N:	N:	N:	N:	N:	N:	N:
S:FKBP5	S:GSM750103	D:0.760535869	D:48.50410959	S:Up with age	D:0.456516923021658	N:	N:	N:	N:	N:	N:	N:	N:	N:
S:FKBP5	S:GSM750104	D:1.892665098	D:48.63835616	S:Up with age	D:1.67596453224903	N:	N:	N:	N:	N:	N:	N:	N:	N:
S:FKBP5	S:GSM750105	D:0.128545762	D:48.97808219	S:Up with age	D:-0.224217047354882	N:	N:	N:	N:	N:	N:	N:	N:	N:
S:FKBP5	S:GSM750106	D:-0.713373463	D:31.56	S:Up with age	D:-1.13107145919236	N:	N:	N:	N:	N:	N:	N:	N:	N:
S:FKBP5	S:GSM750107	D:-0.315677844	D:49.2	S:Up with age	D:-0.702702542140267	N:	N:	N:	N:	N:	N:	N:	N:	N:
S:FKBP5	S:GSM750108	D:0.109446952	D:49.2109589	S:Up with age	D:-0.244788902225336	N:	N:	N:	N:	N:	N:	N:	N:	N:
S:FKBP5	S:GSM750109	D:0.428348702	D:49.56164384	S:Up with age	D:0.0987089659106383	N:	N:	N:	N:	N:	N:	N:	N:	N:
S:FKBP5	S:GSM750110	D:1.296023219	D:49.75616438	S:Up with age	D:1.03330511292272	N:	N:	N:	N:	N:	N:	N:	N:	N:
S:FKBP5	S:GSM750111	D:0.511094354	D:49.75890411	S:Up with age	D:0.187836589260216	N:	N:	N:	N:	N:	N:	N:	N:	N:
S:FKBP5	S:GSM750112	D:1.432938053	D:50.10958904	S:Up with age	D:1.18077985583395	N:	N:	N:	N:	N:	N:	N:	N:	N:
S:FKBP5	S:GSM750113	D:0.276145718	D:50.89863014	S:Up with age	D:-0.0652330649121273	N:	N:	N:	N:	N:	N:	N:	N:	N:
S:FKBP5	S:GSM750114	D:-0.163566472	D:51.03835616	S:Up with age	D:-0.538859189128757	N:	N:	N:	N:	N:	N:	N:	N:	N:
S:FKBP5	S:GSM750115	D:0.432088238	D:51.38630137	S:Up with age	D:0.102736923248024	N:	N:	N:	N:	N:	N:	N:	N:	N:
S:FKBP5	S:GSM750116	D:0.326688026	D:51.47945205	S:Up with age	D:-0.0107925513411863	N:	N:	N:	N:	N:	N:	N:	N:	N:
S:FKBP5	S:GSM750117	D:0.130670967	D:51.58356164	S:Up with age	D:-0.221927930450218	N:	N:	N:	N:	N:	N:	N:	N:	N:
S:FKBP5	S:GSM750118	D:0.449035178	D:51.61917808	S:Up with age	D:0.12099093960707	N:	N:	N:	N:	N:	N:	N:	N:	N:
S:FKBP5	S:GSM750119	D:-0.582416067	D:51.67123288	S:Up with age	D:-0.990013637017853	N:	N:	N:	N:	N:	N:	N:	N:	N:
S:FKBP5	S:GSM750120	D:0.745100234	D:51.75068493	S:Up with age	D:0.439890774949955	N:	N:	N:	N:	N:	N:	N:	N:	N:
S:FKBP5	S:GSM750121	D:0.544158836	D:51.83287671	S:Up with age	D:0.22345125452317	N:	N:	N:	N:	N:	N:	N:	N:	N:
S:FKBP5	S:GSM750122	D:-0.119312541	D:51.93972603	S:Up with age	D:-0.491192059816558	N:	N:	N:	N:	N:	N:	N:	N:	N:
S:FKBP5	S:GSM750123	D:2.117442769	D:52.16438356	S:Up with age	D:1.91807875957161	N:	N:	N:	N:	N:	N:	N:	N:	N:
S:FKBP5	S:GSM750124	D:0.254029167	D:53.29863014	S:Up with age	D:-0.0890554118231133	N:	N:	N:	N:	N:	N:	N:	N:	N:
S:FKBP5	S:GSM750125	D:-0.001800011	D:53.39178082	S:Up with age	D:-0.364616073531551	N:	N:	N:	N:	N:	N:	N:	N:	N:
S:FKBP5	S:GSM750126	D:0.980470257	D:53.59726027	S:Up with age	D:0.693414316679078	N:	N:	N:	N:	N:	N:	N:	N:	N:
S:FKBP5	S:GSM750127	D:1.1484051	D:53.95616438	S:Up with age	D:0.874301566611854	N:	N:	N:	N:	N:	N:	N:	N:	N:
S:FKBP5	S:GSM750128	D:1.661186785	D:53.97808219	S:Up with age	D:1.42663285866865	N:	N:	N:	N:	N:	N:	N:	N:	N:
S:FKBP5	S:GSM750129	D:1.210846803	D:54.51780822	S:Up with age	D:0.941559246644277	N:	N:	N:	N:	N:	N:	N:	N:	N:
S:FKBP5	S:GSM750130	D:-0.205049173	D:54.59452055	S:Up with age	D:-0.583541350195675	N:	N:	N:	N:	N:	N:	N:	N:	N:
S:FKBP5	S:GSM750131	D:-0.644216516	D:55.43561644	S:Up with age	D:-1.05658060468531	N:	N:	N:	N:	N:	N:	N:	N:	N:
S:FKBP5	S:GSM750132	D:1.127491315	D:56.09041096	S:Up with age	D:0.851774752123837	N:	N:	N:	N:	N:	N:	N:	N:	N:
S:FKBP5	S:GSM750133	D:1.117894882	D:56.12876712	S:Up with age	D:0.841438169533086	N:	N:	N:	N:	N:	N:	N:	N:	N:
S:FKBP5	S:GSM750134	D:3.328459661	D:57.14794521	S:Up with age	D:3.22249844581872	N:	N:	N:	N:	N:	N:	N:	N:	N:
S:FKBP5	S:GSM750135	D:3.457523841	D:57.48219178	S:Up with age	D:3.36151703283719	N:	N:	N:	N:	N:	N:	N:	N:	N:
S:FKBP5	S:GSM750136	D:0.986892135	D:57.63287671	S:Up with age	D:0.700331498545999	N:	N:	N:	N:	N:	N:	N:	N:	N:
S:FKBP5	S:GSM750137	D:2.888022983	D:57.86849315	S:Up with age	D:2.74809195560068	N:	N:	N:	N:	N:	N:	N:	N:	N:
S:FKBP5	S:GSM750138	D:1.434158699	D:57.93150685	S:Up with age	D:1.18209464729793	N:	N:	N:	N:	N:	N:	N:	N:	N:
S:FKBP5	S:GSM750139	D:1.174781457	D:58.23287671	S:Up with age	D:0.902712268022848	N:	N:	N:	N:	N:	N:	N:	N:	N:
S:FKBP5	S:GSM750140	D:0.007714106	D:58.23835616	S:Up with age	D:-0.354368155774134	N:	N:	N:	N:	N:	N:	N:	N:	N:
S:FKBP5	S:GSM750141	D:2.340871006	D:58.43561644	S:Up with age	D:2.15873947432429	N:	N:	N:	N:	N:	N:	N:	N:	N:
S:FKBP5	S:GSM750142	D:0.173582022	D:58.51780822	S:Up with age	D:-0.175707249905299	N:	N:	N:	N:	N:	N:	N:	N:	N:
S:FKBP5	S:GSM750143	D:-0.461265265	D:58.60547945	S:Up with age	D:-0.859518767642054	N:	N:	N:	N:	N:	N:	N:	N:	N:
S:FKBP5	S:GSM750144	D:0.11962933	D:59.26027397	S:Up with age	D:-0.23382118211858	N:	N:	N:	N:	N:	N:	N:	N:	N:
S:FKBP5	S:GSM750145	D:0.944822151	D:59.61643836	S:Up with age	D:0.655016758766382	N:	N:	N:	N:	N:	N:	N:	N:	N:
S:FKBP5	S:GSM750146	D:0.719002914	D:60.38630137	S:Up with age	D:0.411780631985665	N:	N:	N:	N:	N:	N:	N:	N:	N:
S:FKBP5	S:GSM750147	D:0.225488463	D:60.73972603	S:Up with age	D:-0.11979739106625	N:	N:	N:	N:	N:	N:	N:	N:	N:
S:FKBP5	S:GSM750148	D:0.41503269	D:60.76438356	S:Up with age	D:0.0843659222174849	N:	N:	N:	N:	N:	N:	N:	N:	N:
S:FKBP5	S:GSM750149	D:0.679479206	D:61.16712329	S:Up with age	D:0.369208556295178	N:	N:	N:	N:	N:	N:	N:	N:	N:
S:FKBP5	S:GSM750150	D:2.204228835	D:61.1890411	S:Up with age	D:2.01155842424861	N:	N:	N:	N:	N:	N:	N:	N:	N:
S:FKBP5	S:GSM750151	D:1.711006217	D:61.95616438	S:Up with age	D:1.48029474256783	N:	N:	N:	N:	N:	N:	N:	N:	N:
S:FKBP5	S:GSM750152	D:0.609364098	D:62.30684932	S:Up with age	D:0.293685640155258	N:	N:	N:	N:	N:	N:	N:	N:	N:
S:FKBP5	S:GSM750153	D:1.76620698	D:62.78356164	S:Up with age	D:1.53975300646879	N:	N:	N:	N:	N:	N:	N:	N:	N:
S:FKBP5	S:GSM750154	D:1.645666799	D:63	S:Up with age	D:1.409915853809	N:	N:	N:	N:	N:	N:	N:	N:	N:
S:FKBP5	S:GSM750155	D:0.681611706	D:63.24109589	S:Up with age	D:0.37150553084549	N:	N:	N:	N:	N:	N:	N:	N:	N:
S:FKBP5	S:GSM750156	D:0.589095341	D:64.56164384	S:Up with age	D:0.271853603111667	N:	N:	N:	N:	N:	N:	N:	N:	N:
S:FKBP5	S:GSM750157	D:0.837130208	D:64.90684932	S:Up with age	D:0.539018797526216	N:	N:	N:	N:	N:	N:	N:	N:	N:
S:FKBP5	S:GSM750158	D:0.880176692	D:64.95890411	S:Up with age	D:0.585385352381275	N:	N:	N:	N:	N:	N:	N:	N:	N:
S:FKBP5	S:GSM750159	D:0.299677634	D:65.04109589	S:Up with age	D:-0.0398861893331916	N:	N:	N:	N:	N:	N:	N:	N:	N:
S:FKBP5	S:GSM750160	D:2.524511201	D:66.71506849	S:Up with age	D:2.35654339194649	N:	N:	N:	N:	N:	N:	N:	N:	N:
S:FKBP5	S:GSM750161	D:0.517375886	D:68.5890411	S:Up with age	D:0.194602600580718	N:	N:	N:	N:	N:	N:	N:	N:	N:
S:FKBP5	S:GSM750162	D:-0.390503624	D:71.10958904	S:Up with age	D:-0.78329945298071	N:	N:	N:	N:	N:	N:	N:	N:	N:
S:FKBP5	S:GSM750163	D:2.060007928	D:71.81917808	S:Up with age	D:1.85621410865568	N:	N:	N:	N:	N:	N:	N:	N:	N:
S:FKBP5	S:GSM750164	D:0.427888595	D:73.27945205	S:Up with age	D:0.098213371974216	N:	N:	N:	N:	N:	N:	N:	N:	N:
S:FKBP5	S:GSM750165	D:2.344244637	D:75.57260274	S:Up with age	D:2.16237330529692	N:	N:	N:	N:	N:	N:	N:	N:	N:
S:FKBP5	S:GSM750166	D:0.511582651	D:77.9890411	S:Up with age	D:0.188362547422933	N:	N:	N:	N:	N:	N:	N:	N:	N:
S:FKBP5	S:GSM750167	D:0.534211167	D:78.22739726	S:Up with age	D:0.212736345952044	N:	N:	N:	N:	N:	N:	N:	N:	N:
S:CP	S:GSM750020	D:-0.580179995	D:20.22191781	S:Up with age	D:-0.619273548676228	N:	N:	N:	N:	N:	N:	N:	N:	N:
S:CP	S:GSM750021	D:1.63715893	D:20.78630137	S:Up with age	D:1.13695170976004	N:	N:	N:	N:	N:	N:	N:	N:	N:
S:CP	S:GSM750022	D:-0.818331624	D:20.8630137	S:Up with age	D:-0.80789960916337	N:	N:	N:	N:	N:	N:	N:	N:	N:
S:CP	S:GSM750023	D:-0.274209511	D:20.94520548	S:Up with age	D:-0.376932115763905	N:	N:	N:	N:	N:	N:	N:	N:	N:
S:CP	S:GSM750024	D:-0.605297104	D:21.01917808	S:Up with age	D:-0.639167350542669	N:	N:	N:	N:	N:	N:	N:	N:	N:
S:CP	S:GSM750025	D:0.164109904	D:21.4739726	S:Up with age	D:-0.029764788655349	N:	N:	N:	N:	N:	N:	N:	N:	N:
S:CP	S:GSM750026	D:0.592251756	D:21.54794521	S:Up with age	D:0.309341482469208	N:	N:	N:	N:	N:	N:	N:	N:	N:
S:CP	S:GSM750027	D:-0.317087235	D:22.10136986	S:Up with age	D:-0.41089306826604	N:	N:	N:	N:	N:	N:	N:	N:	N:
S:CP	S:GSM750028	D:-0.58347769	D:22.17260274	S:Up with age	D:-0.621885461175631	N:	N:	N:	N:	N:	N:	N:	N:	N:
S:CP	S:GSM750029	D:-0.477081136	D:22.7260274	S:Up with age	D:-0.537614936070688	N:	N:	N:	N:	N:	N:	N:	N:	N:
S:CP	S:GSM750030	D:1.470004288	D:23.16438356	S:Up with age	D:1.00455823529593	N:	N:	N:	N:	N:	N:	N:	N:	N:
S:CP	S:GSM750031	D:-0.093375725	D:23.44383562	S:Up with age	D:-0.233704186568616	N:	N:	N:	N:	N:	N:	N:	N:	N:
S:CP	S:GSM750032	D:-0.441793659	D:24.04109589	S:Up with age	D:-0.50966577696147	N:	N:	N:	N:	N:	N:	N:	N:	N:
S:CP	S:GSM750033	D:-2.33745326	D:24.26575342	S:Up with age	D:-2.01110754354815	N:	N:	N:	N:	N:	N:	N:	N:	N:
S:CP	S:GSM750034	D:1.417932436	D:24.61643836	S:Up with age	D:0.963315148501717	N:	N:	N:	N:	N:	N:	N:	N:	N:
S:CP	S:GSM750035	D:-1.354864818	D:24.62739726	S:Up with age	D:-1.23285636100152	N:	N:	N:	N:	N:	N:	N:	N:	N:
S:CP	S:GSM750036	D:-1.212118745	D:24.80273973	S:Up with age	D:-1.11979549506052	N:	N:	N:	N:	N:	N:	N:	N:	N:
S:CP	S:GSM750037	D:-0.522835504	D:24.85205479	S:Up with age	D:-0.573854311052746	N:	N:	N:	N:	N:	N:	N:	N:	N:
S:CP	S:GSM750038	D:0.096764082	D:25.84109589	S:Up with age	D:-0.0831054991408031	N:	N:	N:	N:	N:	N:	N:	N:	N:
S:CP	S:GSM750039	D:-1.230338053	D:26.19726027	S:Up with age	D:-1.13422594975559	N:	N:	N:	N:	N:	N:	N:	N:	N:
S:CP	S:GSM750040	D:-0.307913792	D:26.53150685	S:Up with age	D:-0.40362731735995	N:	N:	N:	N:	N:	N:	N:	N:	N:
S:CP	S:GSM750041	D:-0.233902679	D:26.74520548	S:Up with age	D:-0.345007417357257	N:	N:	N:	N:	N:	N:	N:	N:	N:
S:CP	S:GSM750042	D:0.311910658	D:26.78356164	S:Up with age	D:0.0872995962540195	N:	N:	N:	N:	N:	N:	N:	N:	N:
S:CP	S:GSM750043	D:-0.304595821	D:27.21643836	S:Up with age	D:-0.400999345419685	N:	N:	N:	N:	N:	N:	N:	N:	N:
S:CP	S:GSM750044	D:-0.794033529	D:27.49863014	S:Up with age	D:-0.788654500673298	N:	N:	N:	N:	N:	N:	N:	N:	N:
S:CP	S:GSM750045	D:-0.22761452	D:28.36438356	S:Up with age	D:-0.340026932172808	N:	N:	N:	N:	N:	N:	N:	N:	N:
S:CP	S:GSM750046	D:-1.104560998	D:28.5890411	S:Up with age	D:-1.03460525648573	N:	N:	N:	N:	N:	N:	N:	N:	N:
S:CP	S:GSM750047	D:-0.668297072	D:29.52876712	S:Up with age	D:-0.689065962719099	N:	N:	N:	N:	N:	N:	N:	N:	N:
S:CP	S:GSM750048	D:-0.639086374	D:29.82739726	S:Up with age	D:-0.665929866984815	N:	N:	N:	N:	N:	N:	N:	N:	N:
S:CP	S:GSM750049	D:0.422641895	D:29.97260274	S:Up with age	D:0.175003371768307	N:	N:	N:	N:	N:	N:	N:	N:	N:
S:CP	S:GSM750050	D:-0.399243564	D:29.98630137	S:Up with age	D:-0.475964320343662	N:	N:	N:	N:	N:	N:	N:	N:	N:
S:CP	S:GSM750051	D:-1.240774529	D:30.03287671	S:Up with age	D:-1.14249207567509	N:	N:	N:	N:	N:	N:	N:	N:	N:
S:CP	S:GSM750052	D:0.526803954	D:30.04383562	S:Up with age	D:0.257504083285167	N:	N:	N:	N:	N:	N:	N:	N:	N:
S:CP	S:GSM750053	D:-0.655734298	D:30.49589041	S:Up with age	D:-0.679115719765227	N:	N:	N:	N:	N:	N:	N:	N:	N:
S:CP	S:GSM750054	D:-0.165132219	D:31.54794521	S:Up with age	D:-0.290538333932727	N:	N:	N:	N:	N:	N:	N:	N:	N:
S:CP	S:GSM750056	D:-0.092075299	D:31.62191781	S:Up with age	D:-0.232674194733729	N:	N:	N:	N:	N:	N:	N:	N:	N:
S:CP	S:GSM750057	D:-0.959521602	D:31.76712329	S:Up with age	D:-0.919727982717792	N:	N:	N:	N:	N:	N:	N:	N:	N:
S:CP	S:GSM750058	D:-1.512752718	D:32.69589041	S:Up with age	D:-1.35791018784554	N:	N:	N:	N:	N:	N:	N:	N:	N:
S:CP	S:GSM750059	D:-0.408173199	D:32.99726027	S:Up with age	D:-0.483036965106626	N:	N:	N:	N:	N:	N:	N:	N:	N:
S:CP	S:GSM750060	D:-1.347116062	D:33.24657534	S:Up with age	D:-1.22671902184455	N:	N:	N:	N:	N:	N:	N:	N:	N:
S:CP	S:GSM750061	D:2.071129515	D:34.25479452	S:Up with age	D:1.48067458144298	N:	N:	N:	N:	N:	N:	N:	N:	N:
S:CP	S:GSM750062	D:-0.186313374	D:34.33972603	S:Up with age	D:-0.307314695450781	N:	N:	N:	N:	N:	N:	N:	N:	N:
S:CP	S:GSM750063	D:0.419018963	D:34.46575342	S:Up with age	D:0.17213385794872	N:	N:	N:	N:	N:	N:	N:	N:	N:
S:CP	S:GSM750064	D:-0.446169036	D:35.26575342	S:Up with age	D:-0.513131258722487	N:	N:	N:	N:	N:	N:	N:	N:	N:
S:CP	S:GSM750065	D:0.236067618	D:35.56164384	S:Up with age	D:0.0272287333729233	N:	N:	N:	N:	N:	N:	N:	N:	N:
S:CP	S:GSM750066	D:-0.131797416	D:36.50136986	S:Up with age	D:-0.264135774381035	N:	N:	N:	N:	N:	N:	N:	N:	N:
S:CP	S:GSM750067	D:-0.109730658	D:36.56438356	S:Up with age	D:-0.246657978210835	N:	N:	N:	N:	N:	N:	N:	N:	N:
S:CP	S:GSM750068	D:-0.38742497	D:37.19178082	S:Up with age	D:-0.466603499105203	N:	N:	N:	N:	N:	N:	N:	N:	N:
S:CP	S:GSM750069	D:-0.290215553	D:37.56438356	S:Up with age	D:-0.389609571127655	N:	N:	N:	N:	N:	N:	N:	N:	N:
S:CP	S:GSM750070	D:-0.102919946	D:38.4109589	S:Up with age	D:-0.241263609173483	N:	N:	N:	N:	N:	N:	N:	N:	N:
S:CP	S:GSM750071	D:-0.281270713	D:38.6109589	S:Up with age	D:-0.382524883368127	N:	N:	N:	N:	N:	N:	N:	N:	N:
S:CP	S:GSM750072	D:0.232667543	D:39.6630137	S:Up with age	D:0.0245357316273387	N:	N:	N:	N:	N:	N:	N:	N:	N:
S:CP	S:GSM750073	D:-0.434365906	D:40.41643836	S:Up with age	D:-0.503782685619434	N:	N:	N:	N:	N:	N:	N:	N:	N:
S:CP	S:GSM750074	D:-0.119485623	D:40.60547945	S:Up with age	D:-0.25438431888659	N:	N:	N:	N:	N:	N:	N:	N:	N:
S:CP	S:GSM750075	D:0.515498656	D:40.84657534	S:Up with age	D:0.248549813968063	N:	N:	N:	N:	N:	N:	N:	N:	N:
S:CP	S:GSM750076	D:1.503215672	D:41	S:Up with age	D:1.03086304183263	N:	N:	N:	N:	N:	N:	N:	N:	N:
S:CP	S:GSM750077	D:-0.594294392	D:41.04109589	S:Up with age	D:-0.630452742005456	N:	N:	N:	N:	N:	N:	N:	N:	N:
S:CP	S:GSM750078	D:0.489376318	D:41.19726027	S:Up with age	D:0.227859828649283	N:	N:	N:	N:	N:	N:	N:	N:	N:
S:CP	S:GSM750079	D:-0.500344781	D:41.57808219	S:Up with age	D:-0.556040716853071	N:	N:	N:	N:	N:	N:	N:	N:	N:
S:CP	S:GSM750080	D:-0.260500856	D:42.01643836	S:Up with age	D:-0.366074287085239	N:	N:	N:	N:	N:	N:	N:	N:	N:
S:CP	S:GSM750081	D:-0.899247731	D:42.06575342	S:Up with age	D:-0.871988553494572	N:	N:	N:	N:	N:	N:	N:	N:	N:
S:CP	S:GSM750082	D:2.777304117	D:42.70958904	S:Up with age	D:2.03999443052676	N:	N:	N:	N:	N:	N:	N:	N:	N:
S:CP	S:GSM750083	D:-1.25790925	D:42.83835616	S:Up with age	D:-1.15606349205946	N:	N:	N:	N:	N:	N:	N:	N:	N:
S:CP	S:GSM750084	D:-0.613449601	D:43.88219178	S:Up with age	D:-0.64562446947442	N:	N:	N:	N:	N:	N:	N:	N:	N:
S:CP	S:GSM750085	D:-1.557609508	D:44.16986301	S:Up with age	D:-1.39343864347411	N:	N:	N:	N:	N:	N:	N:	N:	N:
S:CP	S:GSM750086	D:0.56658578	D:44.47671233	S:Up with age	D:0.289012954960217	N:	N:	N:	N:	N:	N:	N:	N:	N:
S:CP	S:GSM750087	D:0.250363791	D:44.84657534	S:Up with age	D:0.0385519009042805	N:	N:	N:	N:	N:	N:	N:	N:	N:
S:CP	S:GSM750088	D:1.567471208	D:45.32328767	S:Up with age	D:1.08175611642995	N:	N:	N:	N:	N:	N:	N:	N:	N:
S:CP	S:GSM750089	D:0.364453121	D:45.40821918	S:Up with age	D:0.128915426662559	N:	N:	N:	N:	N:	N:	N:	N:	N:
S:CP	S:GSM750090	D:-0.002277509	D:45.67671233	S:Up with age	D:-0.161550585631094	N:	N:	N:	N:	N:	N:	N:	N:	N:
S:CP	S:GSM750091	D:4.707668355	D:45.78082192	S:Up with age	D:3.56892372254181	N:	N:	N:	N:	N:	N:	N:	N:	N:
S:CP	S:GSM750092	D:0.290742886	D:45.89041096	S:Up with age	D:0.0705338346322502	N:	N:	N:	N:	N:	N:	N:	N:	N:
S:CP	S:GSM750093	D:-0.771089803	D:45.93972603	S:Up with age	D:-0.77048210913246	N:	N:	N:	N:	N:	N:	N:	N:	N:
S:CP	S:GSM750094	D:0.270096799	D:46.10410959	S:Up with age	D:0.0541812693710452	N:	N:	N:	N:	N:	N:	N:	N:	N:
S:CP	S:GSM750095	D:0.158205555	D:46.10958904	S:Up with age	D:-0.0344412802514287	N:	N:	N:	N:	N:	N:	N:	N:	N:
S:CP	S:GSM750096	D:-0.346298756	D:46.55890411	S:Up with age	D:-0.434029815850779	N:	N:	N:	N:	N:	N:	N:	N:	N:
S:CP	S:GSM750097	D:-0.28005287	D:46.56164384	S:Up with age	D:-0.381560300726613	N:	N:	N:	N:	N:	N:	N:	N:	N:
S:CP	S:GSM750098	D:0.385529511	D:46.60547945	S:Up with age	D:0.145608809914582	N:	N:	N:	N:	N:	N:	N:	N:	N:
S:CP	S:GSM750099	D:-0.29785768	D:46.91506849	S:Up with age	D:-0.395662455652549	N:	N:	N:	N:	N:	N:	N:	N:	N:
S:CP	S:GSM750100	D:-0.74813476	D:46.96712329	S:Up with age	D:-0.752300754053831	N:	N:	N:	N:	N:	N:	N:	N:	N:
S:CP	S:GSM750101	D:-0.00206505	D:47.48493151	S:Up with age	D:-0.161382309208408	N:	N:	N:	N:	N:	N:	N:	N:	N:
S:CP	S:GSM750102	D:-0.233778133	D:48.13150685	S:Up with age	D:-0.344908771711085	N:	N:	N:	N:	N:	N:	N:	N:	N:
S:CP	S:GSM750103	D:-0.36536163	D:48.50410959	S:Up with age	D:-0.449128410134099	N:	N:	N:	N:	N:	N:	N:	N:	N:
S:CP	S:GSM750104	D:3.674620362	D:48.63835616	S:Up with age	D:2.75070646309263	N:	N:	N:	N:	N:	N:	N:	N:	N:
S:CP	S:GSM750105	D:-1.282272495	D:48.97808219	S:Up with age	D:-1.17536020207707	N:	N:	N:	N:	N:	N:	N:	N:	N:
S:CP	S:GSM750106	D:-0.842705515	D:31.56	S:Up with age	D:-0.827204751258673	N:	N:	N:	N:	N:	N:	N:	N:	N:
S:CP	S:GSM750107	D:0.140445945	D:49.2	S:Up with age	D:-0.0485076348850476	N:	N:	N:	N:	N:	N:	N:	N:	N:
S:CP	S:GSM750108	D:-0.851309563	D:49.2109589	S:Up with age	D:-0.834019517486799	N:	N:	N:	N:	N:	N:	N:	N:	N:
S:CP	S:GSM750109	D:-0.691716137	D:49.56164384	S:Up with age	D:-0.707614842648206	N:	N:	N:	N:	N:	N:	N:	N:	N:
S:CP	S:GSM750110	D:-0.4925538	D:49.75616438	S:Up with age	D:-0.549869933728341	N:	N:	N:	N:	N:	N:	N:	N:	N:
S:CP	S:GSM750111	D:-0.364962449	D:49.75890411	S:Up with age	D:-0.448812242070216	N:	N:	N:	N:	N:	N:	N:	N:	N:
S:CP	S:GSM750112	D:-0.126998194	D:50.10958904	S:Up with age	D:-0.260334589635567	N:	N:	N:	N:	N:	N:	N:	N:	N:
S:CP	S:GSM750113	D:-0.478770315	D:50.89863014	S:Up with age	D:-0.538952836556885	N:	N:	N:	N:	N:	N:	N:	N:	N:
S:CP	S:GSM750114	D:-0.984560037	D:51.03835616	S:Up with age	D:-0.939559471482512	N:	N:	N:	N:	N:	N:	N:	N:	N:
S:CP	S:GSM750115	D:-0.973376487	D:51.38630137	S:Up with age	D:-0.93070163167844	N:	N:	N:	N:	N:	N:	N:	N:	N:
S:CP	S:GSM750116	D:0.005541878	D:51.47945205	S:Up with age	D:-0.155357303765135	N:	N:	N:	N:	N:	N:	N:	N:	N:
S:CP	S:GSM750117	D:-1.024492081	D:51.58356164	S:Up with age	D:-0.971187322102502	N:	N:	N:	N:	N:	N:	N:	N:	N:
S:CP	S:GSM750118	D:0.279681281	D:51.61917808	S:Up with age	D:0.0617725803734567	N:	N:	N:	N:	N:	N:	N:	N:	N:
S:CP	S:GSM750119	D:-0.43133304	D:51.67123288	S:Up with age	D:-0.50138052877521	N:	N:	N:	N:	N:	N:	N:	N:	N:
S:CP	S:GSM750120	D:-0.898881719	D:51.75068493	S:Up with age	D:-0.871698656667324	N:	N:	N:	N:	N:	N:	N:	N:	N:
S:CP	S:GSM750121	D:-0.601155254	D:51.83287671	S:Up with age	D:-0.635886831942359	N:	N:	N:	N:	N:	N:	N:	N:	N:
S:CP	S:GSM750122	D:-0.728798217	D:51.93972603	S:Up with age	D:-0.736985402465242	N:	N:	N:	N:	N:	N:	N:	N:	N:
S:CP	S:GSM750123	D:1.851535534	D:52.16438356	S:Up with age	D:1.30674695509566	N:	N:	N:	N:	N:	N:	N:	N:	N:
S:CP	S:GSM750124	D:0.388523684	D:53.29863014	S:Up with age	D:0.147980320282907	N:	N:	N:	N:	N:	N:	N:	N:	N:
S:CP	S:GSM750125	D:3.391372966	D:53.39178082	S:Up with age	D:2.52636266718804	N:	N:	N:	N:	N:	N:	N:	N:	N:
S:CP	S:GSM750126	D:1.725777019	D:53.59726027	S:Up with age	D:1.20714094628199	N:	N:	N:	N:	N:	N:	N:	N:	N:
S:CP	S:GSM750127	D:0.409098647	D:53.95616438	S:Up with age	D:0.164276552358475	N:	N:	N:	N:	N:	N:	N:	N:	N:
S:CP	S:GSM750128	D:0.141835535	D:53.97808219	S:Up with age	D:-0.0474070214292718	N:	N:	N:	N:	N:	N:	N:	N:	N:
S:CP	S:GSM750129	D:0.867366301	D:54.51780822	S:Up with age	D:0.527243719896533	N:	N:	N:	N:	N:	N:	N:	N:	N:
S:CP	S:GSM750130	D:-0.792055047	D:54.59452055	S:Up with age	D:-0.787087460099308	N:	N:	N:	N:	N:	N:	N:	N:	N:
S:CP	S:GSM750131	D:-0.28118707	D:55.43561644	S:Up with age	D:-0.382458634610377	N:	N:	N:	N:	N:	N:	N:	N:	N:
S:CP	S:GSM750132	D:0.269312397	D:56.09041096	S:Up with age	D:0.0535599901477222	N:	N:	N:	N:	N:	N:	N:	N:	N:
S:CP	S:GSM750133	D:-0.265066037	D:56.12876712	S:Up with age	D:-0.369690101560481	N:	N:	N:	N:	N:	N:	N:	N:	N:
S:CP	S:GSM750134	D:3.585633059	D:57.14794521	S:Up with age	D:2.68022479362538	N:	N:	N:	N:	N:	N:	N:	N:	N:
S:CP	S:GSM750135	D:4.528386415	D:57.48219178	S:Up with age	D:3.42692492034722	N:	N:	N:	N:	N:	N:	N:	N:	N:
S:CP	S:GSM750136	D:0.304208731	D:57.63287671	S:Up with age	D:0.081199347625573	N:	N:	N:	N:	N:	N:	N:	N:	N:
S:CP	S:GSM750137	D:3.820851381	D:57.86849315	S:Up with age	D:2.86652755216438	N:	N:	N:	N:	N:	N:	N:	N:	N:
S:CP	S:GSM750138	D:2.367247839	D:57.93150685	S:Up with age	D:1.71521269117044	N:	N:	N:	N:	N:	N:	N:	N:	N:
S:CP	S:GSM750139	D:3.058302927	D:58.23287671	S:Up with age	D:2.26255725218134	N:	N:	N:	N:	N:	N:	N:	N:	N:
S:CP	S:GSM750140	D:0.10247309	D:58.23835616	S:Up with age	D:-0.0785837257947573	N:	N:	N:	N:	N:	N:	N:	N:	N:
S:CP	S:GSM750141	D:2.238427421	D:58.43561644	S:Up with age	D:1.6131815269929	N:	N:	N:	N:	N:	N:	N:	N:	N:
S:CP	S:GSM750142	D:0.691255395	D:58.51780822	S:Up with age	D:0.387756509386622	N:	N:	N:	N:	N:	N:	N:	N:	N:
S:CP	S:GSM750143	D:-0.713444044	D:58.60547945	S:Up with age	D:-0.724824254640265	N:	N:	N:	N:	N:	N:	N:	N:	N:
S:CP	S:GSM750144	D:-1.101740605	D:59.26027397	S:Up with age	D:-1.03237138715278	N:	N:	N:	N:	N:	N:	N:	N:	N:
S:CP	S:GSM750145	D:1.044901022	D:59.61643836	S:Up with age	D:0.667858651495065	N:	N:	N:	N:	N:	N:	N:	N:	N:
S:CP	S:GSM750146	D:-0.383192117	D:60.38630137	S:Up with age	D:-0.463250902319013	N:	N:	N:	N:	N:	N:	N:	N:	N:
S:CP	S:GSM750147	D:-0.371274328	D:60.73972603	S:Up with age	D:-0.453811514487713	N:	N:	N:	N:	N:	N:	N:	N:	N:
S:CP	S:GSM750148	D:0.309313112	D:60.76438356	S:Up with age	D:0.0852422310746525	N:	N:	N:	N:	N:	N:	N:	N:	N:
S:CP	S:GSM750149	D:0.70945511	D:61.16712329	S:Up with age	D:0.402171445605424	N:	N:	N:	N:	N:	N:	N:	N:	N:
S:CP	S:GSM750150	D:0.72362612	D:61.1890411	S:Up with age	D:0.413395478800779	N:	N:	N:	N:	N:	N:	N:	N:	N:
S:CP	S:GSM750151	D:1.124728864	D:61.95616438	S:Up with age	D:0.73108564438559	N:	N:	N:	N:	N:	N:	N:	N:	N:
S:CP	S:GSM750152	D:-0.037749241	D:62.30684932	S:Up with age	D:-0.189645682414227	N:	N:	N:	N:	N:	N:	N:	N:	N:
S:CP	S:GSM750153	D:1.733243008	D:62.78356164	S:Up with age	D:1.21305432213679	N:	N:	N:	N:	N:	N:	N:	N:	N:
S:CP	S:GSM750154	D:3.695875827	D:63	S:Up with age	D:2.76754168124171	N:	N:	N:	N:	N:	N:	N:	N:	N:
S:CP	S:GSM750155	D:0.521731924	D:63.24109589	S:Up with age	D:0.253486823182476	N:	N:	N:	N:	N:	N:	N:	N:	N:
S:CP	S:GSM750156	D:0.845871823	D:64.56164384	S:Up with age	D:0.510219193445079	N:	N:	N:	N:	N:	N:	N:	N:	N:
S:CP	S:GSM750157	D:1.022067717	D:64.90684932	S:Up with age	D:0.649773718009049	N:	N:	N:	N:	N:	N:	N:	N:	N:
S:CP	S:GSM750158	D:0.42449189	D:64.95890411	S:Up with age	D:0.176468645259134	N:	N:	N:	N:	N:	N:	N:	N:	N:
S:CP	S:GSM750159	D:-0.593057559	D:65.04109589	S:Up with age	D:-0.629473118488917	N:	N:	N:	N:	N:	N:	N:	N:	N:
S:CP	S:GSM750160	D:1.826712911	D:66.71506849	S:Up with age	D:1.28708639847	N:	N:	N:	N:	N:	N:	N:	N:	N:
S:CP	S:GSM750161	D:-0.108089535	D:68.5890411	S:Up with age	D:-0.245358140088523	N:	N:	N:	N:	N:	N:	N:	N:	N:
S:CP	S:GSM750162	D:-0.778963085	D:71.10958904	S:Up with age	D:-0.776718078094756	N:	N:	N:	N:	N:	N:	N:	N:	N:
S:CP	S:GSM750163	D:3.512716231	D:71.81917808	S:Up with age	D:2.62247161315539	N:	N:	N:	N:	N:	N:	N:	N:	N:
S:CP	S:GSM750164	D:0.945639977	D:73.27945205	S:Up with age	D:0.589239748249239	N:	N:	N:	N:	N:	N:	N:	N:	N:
S:CP	S:GSM750165	D:2.290809265	D:75.57260274	S:Up with age	D:1.65467014042906	N:	N:	N:	N:	N:	N:	N:	N:	N:
S:CP	S:GSM750166	D:0.10473491	D:77.9890411	S:Up with age	D:-0.076792269662702	N:	N:	N:	N:	N:	N:	N:	N:	N:
S:CP	S:GSM750167	D:0.854240023	D:78.22739726	S:Up with age	D:0.516847158183327	N:	N:	N:	N:	N:	N:	N:	N:	N:
S:AQP1	S:GSM750020	D:-0.617106026	D:20.22191781	S:Up with age	D:-0.607975396895961	N:	N:	N:	N:	N:	N:	N:	N:	N:
S:AQP1	S:GSM750021	D:0.95495959	D:20.78630137	S:Up with age	D:0.892539158733124	N:	N:	N:	N:	N:	N:	N:	N:	N:
S:AQP1	S:GSM750022	D:-1.087146977	D:20.8630137	S:Up with age	D:-1.05662288434106	N:	N:	N:	N:	N:	N:	N:	N:	N:
S:AQP1	S:GSM750023	D:0.392670481	D:20.94520548	S:Up with age	D:0.355842099819643	N:	N:	N:	N:	N:	N:	N:	N:	N:
S:AQP1	S:GSM750024	D:-0.102167231	D:21.01917808	S:Up with age	D:-0.116473547805457	N:	N:	N:	N:	N:	N:	N:	N:	N:
S:AQP1	S:GSM750025	D:-0.372586035	D:21.4739726	S:Up with age	D:-0.374584499020237	N:	N:	N:	N:	N:	N:	N:	N:	N:
S:AQP1	S:GSM750026	D:-0.856185617	D:21.54794521	S:Up with age	D:-0.836173509365427	N:	N:	N:	N:	N:	N:	N:	N:	N:
S:AQP1	S:GSM750027	D:-0.375497482	D:22.10136986	S:Up with age	D:-0.377363434299388	N:	N:	N:	N:	N:	N:	N:	N:	N:
S:AQP1	S:GSM750028	D:0.130314928	D:22.17260274	S:Up with age	D:0.105427408460719	N:	N:	N:	N:	N:	N:	N:	N:	N:
S:AQP1	S:GSM750029	D:-0.120799261	D:22.7260274	S:Up with age	D:-0.134257558810707	N:	N:	N:	N:	N:	N:	N:	N:	N:
S:AQP1	S:GSM750030	D:-0.960346948	D:23.16438356	S:Up with age	D:-0.935594037178306	N:	N:	N:	N:	N:	N:	N:	N:	N:
S:AQP1	S:GSM750031	D:-0.486957779	D:23.44383562	S:Up with age	D:-0.483750722667663	N:	N:	N:	N:	N:	N:	N:	N:	N:
S:AQP1	S:GSM750032	D:0.004166947	D:24.04109589	S:Up with age	D:-0.0149790680420542	N:	N:	N:	N:	N:	N:	N:	N:	N:
S:AQP1	S:GSM750033	D:0.032462719	D:24.26575342	S:Up with age	D:0.0120288490045596	N:	N:	N:	N:	N:	N:	N:	N:	N:
S:AQP1	S:GSM750034	D:-0.779068464	D:24.61643836	S:Up with age	D:-0.762566269700963	N:	N:	N:	N:	N:	N:	N:	N:	N:
S:AQP1	S:GSM750035	D:-0.170187577	D:24.62739726	S:Up with age	D:-0.181398012925192	N:	N:	N:	N:	N:	N:	N:	N:	N:
S:AQP1	S:GSM750036	D:-2.61714375	D:24.80273973	S:Up with age	D:-2.5169833200546	N:	N:	N:	N:	N:	N:	N:	N:	N:
S:AQP1	S:GSM750037	D:-0.429547675	D:24.85205479	S:Up with age	D:-0.428953584548601	N:	N:	N:	N:	N:	N:	N:	N:	N:
S:AQP1	S:GSM750038	D:-0.127845875	D:25.84109589	S:Up with age	D:-0.140983452925612	N:	N:	N:	N:	N:	N:	N:	N:	N:
S:AQP1	S:GSM750039	D:-0.787716852	D:26.19726027	S:Up with age	D:-0.770821034606862	N:	N:	N:	N:	N:	N:	N:	N:	N:
S:AQP1	S:GSM750040	D:-0.739574622	D:26.53150685	S:Up with age	D:-0.724869952081918	N:	N:	N:	N:	N:	N:	N:	N:	N:
S:AQP1	S:GSM750041	D:-0.017601501	D:26.74520548	S:Up with age	D:-0.0357567459869262	N:	N:	N:	N:	N:	N:	N:	N:	N:
S:AQP1	S:GSM750042	D:0.554712712	D:26.78356164	S:Up with age	D:0.510509133922697	N:	N:	N:	N:	N:	N:	N:	N:	N:
S:AQP1	S:GSM750043	D:-0.979314403	D:27.21643836	S:Up with age	D:-0.953698206636039	N:	N:	N:	N:	N:	N:	N:	N:	N:
S:AQP1	S:GSM750044	D:-0.520924768	D:27.49863014	S:Up with age	D:-0.516171736705917	N:	N:	N:	N:	N:	N:	N:	N:	N:
S:AQP1	S:GSM750045	D:-1.228594293	D:28.36438356	S:Up with age	D:-1.19163236126907	N:	N:	N:	N:	N:	N:	N:	N:	N:
S:AQP1	S:GSM750046	D:-1.10541093	D:28.5890411	S:Up with age	D:-1.07405557101833	N:	N:	N:	N:	N:	N:	N:	N:	N:
S:AQP1	S:GSM750047	D:-0.324970708	D:29.52876712	S:Up with age	D:-0.329136338010055	N:	N:	N:	N:	N:	N:	N:	N:	N:
S:AQP1	S:GSM750048	D:-0.628343392	D:29.82739726	S:Up with age	D:-0.6187013049486	N:	N:	N:	N:	N:	N:	N:	N:	N:
S:AQP1	S:GSM750049	D:0.052215907	D:29.97260274	S:Up with age	D:0.0308829895775812	N:	N:	N:	N:	N:	N:	N:	N:	N:
S:AQP1	S:GSM750050	D:-1.638457506	D:29.98630137	S:Up with age	D:-1.58284104280505	N:	N:	N:	N:	N:	N:	N:	N:	N:
S:AQP1	S:GSM750051	D:-0.695434882	D:30.03287671	S:Up with age	D:-0.68273919005927	N:	N:	N:	N:	N:	N:	N:	N:	N:
S:AQP1	S:GSM750052	D:-0.905625782	D:30.04383562	S:Up with age	D:-0.883363452622352	N:	N:	N:	N:	N:	N:	N:	N:	N:
S:AQP1	S:GSM750053	D:-0.996535233	D:30.49589041	S:Up with age	D:-0.970135247057267	N:	N:	N:	N:	N:	N:	N:	N:	N:
S:AQP1	S:GSM750054	D:-1.779019245	D:31.54794521	S:Up with age	D:-1.71700524892177	N:	N:	N:	N:	N:	N:	N:	N:	N:
S:AQP1	S:GSM750056	D:1.105957249	D:31.62191781	S:Up with age	D:1.03666430394934	N:	N:	N:	N:	N:	N:	N:	N:	N:
S:AQP1	S:GSM750057	D:0.751423071	D:31.76712329	S:Up with age	D:0.698266409394158	N:	N:	N:	N:	N:	N:	N:	N:	N:
S:AQP1	S:GSM750058	D:0.443691974	D:32.69589041	S:Up with age	D:0.404541398447664	N:	N:	N:	N:	N:	N:	N:	N:	N:
S:AQP1	S:GSM750059	D:-0.829312235	D:32.99726027	S:Up with age	D:-0.810523243600705	N:	N:	N:	N:	N:	N:	N:	N:	N:
S:AQP1	S:GSM750060	D:1.10971292	D:33.24657534	S:Up with age	D:1.04024903918195	N:	N:	N:	N:	N:	N:	N:	N:	N:
S:AQP1	S:GSM750061	D:0.544866633	D:34.25479452	S:Up with age	D:0.501111189775197	N:	N:	N:	N:	N:	N:	N:	N:	N:
S:AQP1	S:GSM750062	D:-1.327088232	D:34.33972603	S:Up with age	D:-1.2856434429991	N:	N:	N:	N:	N:	N:	N:	N:	N:
S:AQP1	S:GSM750063	D:-0.306370399	D:34.46575342	S:Up with age	D:-0.311382604253882	N:	N:	N:	N:	N:	N:	N:	N:	N:
S:AQP1	S:GSM750064	D:-0.227797117	D:35.26575342	S:Up with age	D:-0.236385509905787	N:	N:	N:	N:	N:	N:	N:	N:	N:
S:AQP1	S:GSM750065	D:0.881885983	D:35.56164384	S:Up with age	D:0.82279142694645	N:	N:	N:	N:	N:	N:	N:	N:	N:
S:AQP1	S:GSM750066	D:-0.678580936	D:36.50136986	S:Up with age	D:-0.666652335264282	N:	N:	N:	N:	N:	N:	N:	N:	N:
S:AQP1	S:GSM750067	D:-0.726262634	D:36.56438356	S:Up with age	D:-0.712163846461986	N:	N:	N:	N:	N:	N:	N:	N:	N:
S:AQP1	S:GSM750068	D:-0.579446164	D:37.19178082	S:Up with age	D:-0.572029587434289	N:	N:	N:	N:	N:	N:	N:	N:	N:
S:AQP1	S:GSM750069	D:-0.207144589	D:37.56438356	S:Up with age	D:-0.216672961931239	N:	N:	N:	N:	N:	N:	N:	N:	N:
S:AQP1	S:GSM750070	D:0.108011741	D:38.4109589	S:Up with age	D:0.0841393296491169	N:	N:	N:	N:	N:	N:	N:	N:	N:
S:AQP1	S:GSM750071	D:0.102399503	D:38.6109589	S:Up with age	D:0.0787825272847971	N:	N:	N:	N:	N:	N:	N:	N:	N:
S:AQP1	S:GSM750072	D:-0.936019859	D:39.6630137	S:Up with age	D:-0.912374172327204	N:	N:	N:	N:	N:	N:	N:	N:	N:
S:AQP1	S:GSM750073	D:0.120852916	D:40.41643836	S:Up with age	D:0.0963960508716745	N:	N:	N:	N:	N:	N:	N:	N:	N:
S:AQP1	S:GSM750074	D:-0.309520416	D:40.60547945	S:Up with age	D:-0.314389251248049	N:	N:	N:	N:	N:	N:	N:	N:	N:
S:AQP1	S:GSM750075	D:-0.073936312	D:40.84657534	S:Up with age	D:-0.089527532036682	N:	N:	N:	N:	N:	N:	N:	N:	N:
S:AQP1	S:GSM750076	D:-0.698457608	D:41	S:Up with age	D:-0.685624339581349	N:	N:	N:	N:	N:	N:	N:	N:	N:
S:AQP1	S:GSM750077	D:-1.27700493	D:41.04109589	S:Up with age	D:-1.23783963450656	N:	N:	N:	N:	N:	N:	N:	N:	N:
S:AQP1	S:GSM750078	D:0.565192911	D:41.19726027	S:Up with age	D:0.520512336705926	N:	N:	N:	N:	N:	N:	N:	N:	N:
S:AQP1	S:GSM750079	D:-0.185407872	D:41.57808219	S:Up with age	D:-0.195925570780302	N:	N:	N:	N:	N:	N:	N:	N:	N:
S:AQP1	S:GSM750080	D:1.148092795	D:42.01643836	S:Up with age	D:1.07688209094175	N:	N:	N:	N:	N:	N:	N:	N:	N:
S:AQP1	S:GSM750081	D:-2.329010311	D:42.06575342	S:Up with age	D:-2.24196399848007	N:	N:	N:	N:	N:	N:	N:	N:	N:
S:AQP1	S:GSM750082	D:0.318522931	D:42.70958904	S:Up with age	D:0.285069304519708	N:	N:	N:	N:	N:	N:	N:	N:	N:
S:AQP1	S:GSM750083	D:-0.402321881	D:42.83835616	S:Up with age	D:-0.402966946478426	N:	N:	N:	N:	N:	N:	N:	N:	N:
S:AQP1	S:GSM750084	D:0.660247602	D:43.88219178	S:Up with age	D:0.61124070451365	N:	N:	N:	N:	N:	N:	N:	N:	N:
S:AQP1	S:GSM750085	D:-0.692737372	D:44.16986301	S:Up with age	D:-0.68016445464253	N:	N:	N:	N:	N:	N:	N:	N:	N:
S:AQP1	S:GSM750086	D:0.362041135	D:44.47671233	S:Up with age	D:0.326606819157924	N:	N:	N:	N:	N:	N:	N:	N:	N:
S:AQP1	S:GSM750087	D:0.557596594	D:44.84657534	S:Up with age	D:0.513261758796414	N:	N:	N:	N:	N:	N:	N:	N:	N:
S:AQP1	S:GSM750088	D:-0.540510269	D:45.32328767	S:Up with age	D:-0.534865822392088	N:	N:	N:	N:	N:	N:	N:	N:	N:
S:AQP1	S:GSM750089	D:-0.380670725	D:45.40821918	S:Up with age	D:-0.382301222100547	N:	N:	N:	N:	N:	N:	N:	N:	N:
S:AQP1	S:GSM750090	D:0.948578988	D:45.67671233	S:Up with age	D:0.886448963720121	N:	N:	N:	N:	N:	N:	N:	N:	N:
S:AQP1	S:GSM750091	D:2.11969551	D:45.78082192	S:Up with age	D:2.00426323922725	N:	N:	N:	N:	N:	N:	N:	N:	N:
S:AQP1	S:GSM750092	D:-0.715290388	D:45.89041096	S:Up with age	D:-0.701690991726549	N:	N:	N:	N:	N:	N:	N:	N:	N:
S:AQP1	S:GSM750093	D:0.291197948	D:45.93972603	S:Up with age	D:0.258987991941838	N:	N:	N:	N:	N:	N:	N:	N:	N:
S:AQP1	S:GSM750094	D:-0.334067221	D:46.10410959	S:Up with age	D:-0.337818831935913	N:	N:	N:	N:	N:	N:	N:	N:	N:
S:AQP1	S:GSM750095	D:-1.358822514	D:46.10958904	S:Up with age	D:-1.31593336955738	N:	N:	N:	N:	N:	N:	N:	N:	N:
S:AQP1	S:GSM750096	D:-1.028145035	D:46.55890411	S:Up with age	D:-1.00030635920349	N:	N:	N:	N:	N:	N:	N:	N:	N:
S:AQP1	S:GSM750097	D:0.87601643	D:46.56164384	S:Up with age	D:0.817189021027831	N:	N:	N:	N:	N:	N:	N:	N:	N:
S:AQP1	S:GSM750098	D:-0.396042247	D:46.60547945	S:Up with age	D:-0.396973124003637	N:	N:	N:	N:	N:	N:	N:	N:	N:
S:AQP1	S:GSM750099	D:1.884435016	D:46.91506849	S:Up with age	D:1.77971040121677	N:	N:	N:	N:	N:	N:	N:	N:	N:
S:AQP1	S:GSM750100	D:-1.364957321	D:46.96712329	S:Up with age	D:-1.32178895669432	N:	N:	N:	N:	N:	N:	N:	N:	N:
S:AQP1	S:GSM750101	D:0.64605826	D:47.48493151	S:Up with age	D:0.597697176820466	N:	N:	N:	N:	N:	N:	N:	N:	N:
S:AQP1	S:GSM750102	D:0.221115442	D:48.13150685	S:Up with age	D:0.192095224058819	N:	N:	N:	N:	N:	N:	N:	N:	N:
S:AQP1	S:GSM750103	D:0.57660314	D:48.50410959	S:Up with age	D:0.531403240064734	N:	N:	N:	N:	N:	N:	N:	N:	N:
S:AQP1	S:GSM750104	D:1.591847732	D:48.63835616	S:Up with age	D:1.50043994713035	N:	N:	N:	N:	N:	N:	N:	N:	N:
S:AQP1	S:GSM750105	D:-1.920074243	D:48.97808219	S:Up with age	D:-1.85164026382768	N:	N:	N:	N:	N:	N:	N:	N:	N:
S:AQP1	S:GSM750106	D:-1.086565234	D:31.56	S:Up with age	D:-1.05606761881636	N:	N:	N:	N:	N:	N:	N:	N:	N:
S:AQP1	S:GSM750107	D:-0.639308603	D:49.2	S:Up with age	D:-0.629167444875322	N:	N:	N:	N:	N:	N:	N:	N:	N:
S:AQP1	S:GSM750108	D:-2.090537232	D:49.2109589	S:Up with age	D:-2.014344793198	N:	N:	N:	N:	N:	N:	N:	N:	N:
S:AQP1	S:GSM750109	D:0.032496697	D:49.56164384	S:Up with age	D:0.0120612805284428	N:	N:	N:	N:	N:	N:	N:	N:	N:
S:AQP1	S:GSM750110	D:0.410916255	D:49.75616438	S:Up with age	D:0.373257434896674	N:	N:	N:	N:	N:	N:	N:	N:	N:
S:AQP1	S:GSM750111	D:0.245501754	D:49.75890411	S:Up with age	D:0.215371616431816	N:	N:	N:	N:	N:	N:	N:	N:	N:
S:AQP1	S:GSM750112	D:-0.963671569	D:50.10958904	S:Up with age	D:-0.938767341238695	N:	N:	N:	N:	N:	N:	N:	N:	N:
S:AQP1	S:GSM750113	D:-1.62076053	D:50.89863014	S:Up with age	D:-1.56594952771283	N:	N:	N:	N:	N:	N:	N:	N:	N:
S:AQP1	S:GSM750114	D:-0.618010948	D:51.03835616	S:Up with age	D:-0.608839132238105	N:	N:	N:	N:	N:	N:	N:	N:	N:
S:AQP1	S:GSM750115	D:-1.154815694	D:51.38630137	S:Up with age	D:-1.12121172451785	N:	N:	N:	N:	N:	N:	N:	N:	N:
S:AQP1	S:GSM750116	D:0.816482048	D:51.47945205	S:Up with age	D:0.760364289386743	N:	N:	N:	N:	N:	N:	N:	N:	N:
S:AQP1	S:GSM750117	D:0.146771593	D:51.58356164	S:Up with age	D:0.121135064119801	N:	N:	N:	N:	N:	N:	N:	N:	N:
S:AQP1	S:GSM750118	D:0.819111186	D:51.61917808	S:Up with age	D:0.762873764689558	N:	N:	N:	N:	N:	N:	N:	N:	N:
S:AQP1	S:GSM750119	D:0.930075895	D:51.67123288	S:Up with age	D:0.868788021270847	N:	N:	N:	N:	N:	N:	N:	N:	N:
S:AQP1	S:GSM750120	D:0.70811621	D:51.75068493	S:Up with age	D:0.656930618681777	N:	N:	N:	N:	N:	N:	N:	N:	N:
S:AQP1	S:GSM750121	D:1.248097128	D:51.83287671	S:Up with age	D:1.17233482253592	N:	N:	N:	N:	N:	N:	N:	N:	N:
S:AQP1	S:GSM750122	D:-1.285017296	D:51.93972603	S:Up with age	D:-1.24548732534444	N:	N:	N:	N:	N:	N:	N:	N:	N:
S:AQP1	S:GSM750123	D:-0.927348573	D:52.16438356	S:Up with age	D:-0.904097551601837	N:	N:	N:	N:	N:	N:	N:	N:	N:
S:AQP1	S:GSM750124	D:0.389069476	D:53.29863014	S:Up with age	D:0.352404991112221	N:	N:	N:	N:	N:	N:	N:	N:	N:
S:AQP1	S:GSM750125	D:1.139013501	D:53.39178082	S:Up with age	D:1.0682160323096	N:	N:	N:	N:	N:	N:	N:	N:	N:
S:AQP1	S:GSM750126	D:0.491509074	D:53.59726027	S:Up with age	D:0.450182148953063	N:	N:	N:	N:	N:	N:	N:	N:	N:
S:AQP1	S:GSM750127	D:0.610944332	D:53.95616438	S:Up with age	D:0.564181425611954	N:	N:	N:	N:	N:	N:	N:	N:	N:
S:AQP1	S:GSM750128	D:-0.6174513	D:53.97808219	S:Up with age	D:-0.608304956080646	N:	N:	N:	N:	N:	N:	N:	N:	N:
S:AQP1	S:GSM750129	D:0.765752117	D:54.51780822	S:Up with age	D:0.711943282593627	N:	N:	N:	N:	N:	N:	N:	N:	N:
S:AQP1	S:GSM750130	D:-1.0105509	D:54.59452055	S:Up with age	D:-0.983513004401684	N:	N:	N:	N:	N:	N:	N:	N:	N:
S:AQP1	S:GSM750131	D:-1.027329145	D:55.43561644	S:Up with age	D:-0.999527603655162	N:	N:	N:	N:	N:	N:	N:	N:	N:
S:AQP1	S:GSM750132	D:-1.337110995	D:56.09041096	S:Up with age	D:-1.29521002954361	N:	N:	N:	N:	N:	N:	N:	N:	N:
S:AQP1	S:GSM750133	D:0.790193464	D:56.12876712	S:Up with age	D:0.735272205101326	N:	N:	N:	N:	N:	N:	N:	N:	N:
S:AQP1	S:GSM750134	D:2.167786603	D:57.14794521	S:Up with age	D:2.05016551220376	N:	N:	N:	N:	N:	N:	N:	N:	N:
S:AQP1	S:GSM750135	D:1.42510539	D:57.48219178	S:Up with age	D:1.34128672307644	N:	N:	N:	N:	N:	N:	N:	N:	N:
S:AQP1	S:GSM750136	D:1.419138204	D:57.63287671	S:Up with age	D:1.33559112783028	N:	N:	N:	N:	N:	N:	N:	N:	N:
S:AQP1	S:GSM750137	D:2.002188178	D:57.86849315	S:Up with age	D:1.89210414086355	N:	N:	N:	N:	N:	N:	N:	N:	N:
S:AQP1	S:GSM750138	D:2.889400461	D:57.93150685	S:Up with age	D:2.73893580681	N:	N:	N:	N:	N:	N:	N:	N:	N:
S:AQP1	S:GSM750139	D:2.727061256	D:58.23287671	S:Up with age	D:2.58398531519403	N:	N:	N:	N:	N:	N:	N:	N:	N:
S:AQP1	S:GSM750140	D:1.194343798	D:58.23835616	S:Up with age	D:1.12102802385168	N:	N:	N:	N:	N:	N:	N:	N:	N:
S:AQP1	S:GSM750141	D:1.895442077	D:58.43561644	S:Up with age	D:1.79021648638084	N:	N:	N:	N:	N:	N:	N:	N:	N:
S:AQP1	S:GSM750142	D:0.446246462	D:58.51780822	S:Up with age	D:0.40697962137371	N:	N:	N:	N:	N:	N:	N:	N:	N:
S:AQP1	S:GSM750143	D:-0.587999808	D:58.60547945	S:Up with age	D:-0.580193920522577	N:	N:	N:	N:	N:	N:	N:	N:	N:
S:AQP1	S:GSM750144	D:-1.38905271	D:59.26027397	S:Up with age	D:-1.34478766714894	N:	N:	N:	N:	N:	N:	N:	N:	N:
S:AQP1	S:GSM750145	D:0.583499095	D:59.61643836	S:Up with age	D:0.537985332279683	N:	N:	N:	N:	N:	N:	N:	N:	N:
S:AQP1	S:GSM750146	D:1.033572091	D:60.38630137	S:Up with age	D:0.967573687066009	N:	N:	N:	N:	N:	N:	N:	N:	N:
S:AQP1	S:GSM750147	D:0.514615725	D:60.73972603	S:Up with age	D:0.472237122870475	N:	N:	N:	N:	N:	N:	N:	N:	N:
S:AQP1	S:GSM750148	D:-0.45540968	D:60.76438356	S:Up with age	D:-0.453638505168512	N:	N:	N:	N:	N:	N:	N:	N:	N:
S:AQP1	S:GSM750149	D:1.835540517	D:61.16712329	S:Up with age	D:1.73304128849464	N:	N:	N:	N:	N:	N:	N:	N:	N:
S:AQP1	S:GSM750150	D:0.733651146	D:61.1890411	S:Up with age	D:0.68130335653387	N:	N:	N:	N:	N:	N:	N:	N:	N:
S:AQP1	S:GSM750151	D:0.857338086	D:61.95616438	S:Up with age	D:0.79936080395992	N:	N:	N:	N:	N:	N:	N:	N:	N:
S:AQP1	S:GSM750152	D:0.845522278	D:62.30684932	S:Up with age	D:0.788082781140726	N:	N:	N:	N:	N:	N:	N:	N:	N:
S:AQP1	S:GSM750153	D:1.854605483	D:62.78356164	S:Up with age	D:1.75123853083263	N:	N:	N:	N:	N:	N:	N:	N:	N:
S:AQP1	S:GSM750154	D:1.885021573	D:63	S:Up with age	D:1.78027026163688	N:	N:	N:	N:	N:	N:	N:	N:	N:
S:AQP1	S:GSM750155	D:-0.176931954	D:63.24109589	S:Up with age	D:-0.18783542606759	N:	N:	N:	N:	N:	N:	N:	N:	N:
S:AQP1	S:GSM750156	D:1.312497449	D:64.56164384	S:Up with age	D:1.23380402462531	N:	N:	N:	N:	N:	N:	N:	N:	N:
S:AQP1	S:GSM750157	D:-0.276242391	D:64.90684932	S:Up with age	D:-0.282625843673407	N:	N:	N:	N:	N:	N:	N:	N:	N:
S:AQP1	S:GSM750158	D:-0.358240897	D:64.95890411	S:Up with age	D:-0.36089226623273	N:	N:	N:	N:	N:	N:	N:	N:	N:
S:AQP1	S:GSM750159	D:-0.138486791	D:65.04109589	S:Up with age	D:-0.151140057828563	N:	N:	N:	N:	N:	N:	N:	N:	N:
S:AQP1	S:GSM750160	D:2.06037365	D:66.71506849	S:Up with age	D:1.94764135685094	N:	N:	N:	N:	N:	N:	N:	N:	N:
S:AQP1	S:GSM750161	D:-0.427338074	D:68.5890411	S:Up with age	D:-0.426844551421174	N:	N:	N:	N:	N:	N:	N:	N:	N:
S:AQP1	S:GSM750162	D:-1.460802841	D:71.10958904	S:Up with age	D:-1.41327215967778	N:	N:	N:	N:	N:	N:	N:	N:	N:
S:AQP1	S:GSM750163	D:1.424202324	D:71.81917808	S:Up with age	D:1.34042475926024	N:	N:	N:	N:	N:	N:	N:	N:	N:
S:AQP1	S:GSM750164	D:1.122395343	D:73.27945205	S:Up with age	D:1.05235423384969	N:	N:	N:	N:	N:	N:	N:	N:	N:
S:AQP1	S:GSM750165	D:1.522402506	D:75.57260274	S:Up with age	D:1.43415545405868	N:	N:	N:	N:	N:	N:	N:	N:	N:
S:AQP1	S:GSM750166	D:-0.250511165	D:77.9890411	S:Up with age	D:-0.258065749772605	N:	N:	N:	N:	N:	N:	N:	N:	N:
S:AQP1	S:GSM750167	D:0.740517318	D:78.22739726	S:Up with age	D:0.68785702129353	N:	N:	N:	N:	N:	N:	N:	N:	N:
S:SLC14A1	S:GSM750020	D:-0.433059417	D:20.22191781	S:Up with age	D:-0.944993303179398	N:	N:	N:	N:	N:	N:	N:	N:	N:
S:SLC14A1	S:GSM750021	D:3.147295007	D:20.78630137	S:Up with age	D:2.04380722909785	N:	N:	N:	N:	N:	N:	N:	N:	N:
S:SLC14A1	S:GSM750022	D:-0.762415878	D:20.8630137	S:Up with age	D:-1.21993277826242	N:	N:	N:	N:	N:	N:	N:	N:	N:
S:SLC14A1	S:GSM750023	D:0.945243109	D:20.94520548	S:Up with age	D:0.205583102255225	N:	N:	N:	N:	N:	N:	N:	N:	N:
S:SLC14A1	S:GSM750024	D:0.515868653	D:21.01917808	S:Up with age	D:-0.152849178648777	N:	N:	N:	N:	N:	N:	N:	N:	N:
S:SLC14A1	S:GSM750025	D:0.678947908	D:21.4739726	S:Up with age	D:-0.0167142304212664	N:	N:	N:	N:	N:	N:	N:	N:	N:
S:SLC14A1	S:GSM750026	D:0.543804594	D:21.54794521	S:Up with age	D:-0.129528874164176	N:	N:	N:	N:	N:	N:	N:	N:	N:
S:SLC14A1	S:GSM750027	D:0.295553517	D:22.10136986	S:Up with age	D:-0.336763371984384	N:	N:	N:	N:	N:	N:	N:	N:	N:
S:SLC14A1	S:GSM750028	D:0.046266462	D:22.17260274	S:Up with age	D:-0.544862681281655	N:	N:	N:	N:	N:	N:	N:	N:	N:
S:SLC14A1	S:GSM750029	D:-0.069372765	D:22.7260274	S:Up with age	D:-0.641395745408752	N:	N:	N:	N:	N:	N:	N:	N:	N:
S:SLC14A1	S:GSM750030	D:-1.017574284	D:23.16438356	S:Up with age	D:-1.43293336126499	N:	N:	N:	N:	N:	N:	N:	N:	N:
S:SLC14A1	S:GSM750031	D:0.690123046	D:23.44383562	S:Up with age	D:-0.0073854728606235	N:	N:	N:	N:	N:	N:	N:	N:	N:
S:SLC14A1	S:GSM750032	D:0.365027917	D:24.04109589	S:Up with age	D:-0.278767682421433	N:	N:	N:	N:	N:	N:	N:	N:	N:
S:SLC14A1	S:GSM750033	D:0.386421141	D:24.26575342	S:Up with age	D:-0.260909093101415	N:	N:	N:	N:	N:	N:	N:	N:	N:
S:SLC14A1	S:GSM750034	D:0.180980889	D:24.61643836	S:Up with age	D:-0.432406062902182	N:	N:	N:	N:	N:	N:	N:	N:	N:
S:SLC14A1	S:GSM750035	D:0.760743308	D:24.62739726	S:Up with age	D:0.051566756907554	N:	N:	N:	N:	N:	N:	N:	N:	N:
S:SLC14A1	S:GSM750036	D:1.476965074	D:24.80273973	S:Up with age	D:0.649452815645226	N:	N:	N:	N:	N:	N:	N:	N:	N:
S:SLC14A1	S:GSM750037	D:0.315938183	D:24.85205479	S:Up with age	D:-0.319746704533058	N:	N:	N:	N:	N:	N:	N:	N:	N:
S:SLC14A1	S:GSM750038	D:0.186684805	D:25.84109589	S:Up with age	D:-0.427644560224517	N:	N:	N:	N:	N:	N:	N:	N:	N:
S:SLC14A1	S:GSM750039	D:-0.573656637	D:26.19726027	S:Up with age	D:-1.06236074679221	N:	N:	N:	N:	N:	N:	N:	N:	N:
S:SLC14A1	S:GSM750040	D:-0.09487767	D:26.53150685	S:Up with age	D:-0.662686674912462	N:	N:	N:	N:	N:	N:	N:	N:	N:
S:SLC14A1	S:GSM750041	D:0.2750354	D:26.74520548	S:Up with age	D:-0.353891441373228	N:	N:	N:	N:	N:	N:	N:	N:	N:
S:SLC14A1	S:GSM750042	D:0.790360327	D:26.78356164	S:Up with age	D:0.0762903880537606	N:	N:	N:	N:	N:	N:	N:	N:	N:
S:SLC14A1	S:GSM750043	D:0.434366125	D:27.21643836	S:Up with age	D:-0.220885682922059	N:	N:	N:	N:	N:	N:	N:	N:	N:
S:SLC14A1	S:GSM750044	D:0.779310345	D:27.49863014	S:Up with age	D:0.0670661079484528	N:	N:	N:	N:	N:	N:	N:	N:	N:
S:SLC14A1	S:GSM750045	D:-0.538110595	D:28.36438356	S:Up with age	D:-1.03268769863312	N:	N:	N:	N:	N:	N:	N:	N:	N:
S:SLC14A1	S:GSM750046	D:-0.575055656	D:28.5890411	S:Up with age	D:-1.06352861685106	N:	N:	N:	N:	N:	N:	N:	N:	N:
S:SLC14A1	S:GSM750047	D:0.207325172	D:29.52876712	S:Up with age	D:-0.410414439244741	N:	N:	N:	N:	N:	N:	N:	N:	N:
S:SLC14A1	S:GSM750048	D:0.032479142	D:29.82739726	S:Up with age	D:-0.556372030489781	N:	N:	N:	N:	N:	N:	N:	N:	N:
S:SLC14A1	S:GSM750049	D:1.659151755	D:29.97260274	S:Up with age	D:0.801538219675781	N:	N:	N:	N:	N:	N:	N:	N:	N:
S:SLC14A1	S:GSM750050	D:-0.857656313	D:29.98630137	S:Up with age	D:-1.29943738286643	N:	N:	N:	N:	N:	N:	N:	N:	N:
S:SLC14A1	S:GSM750051	D:0.78128495	D:30.03287671	S:Up with age	D:0.0687144644450825	N:	N:	N:	N:	N:	N:	N:	N:	N:
S:SLC14A1	S:GSM750052	D:-0.921765616	D:30.04383562	S:Up with age	D:-1.35295440834466	N:	N:	N:	N:	N:	N:	N:	N:	N:
S:SLC14A1	S:GSM750053	D:-0.992724113	D:30.49589041	S:Up with age	D:-1.41218898919553	N:	N:	N:	N:	N:	N:	N:	N:	N:
S:SLC14A1	S:GSM750054	D:-1.190329494	D:31.54794521	S:Up with age	D:-1.57714558230673	N:	N:	N:	N:	N:	N:	N:	N:	N:
S:SLC14A1	S:GSM750056	D:0.245052992	D:31.62191781	S:Up with age	D:-0.378920091159592	N:	N:	N:	N:	N:	N:	N:	N:	N:
S:SLC14A1	S:GSM750057	D:0.742301312	D:31.76712329	S:Up with age	D:0.0361717873225387	N:	N:	N:	N:	N:	N:	N:	N:	N:
S:SLC14A1	S:GSM750058	D:2.21968508	D:32.69589041	S:Up with age	D:1.26945901793224	N:	N:	N:	N:	N:	N:	N:	N:	N:
S:SLC14A1	S:GSM750059	D:-0.23056099	D:32.99726027	S:Up with age	D:-0.775952103697605	N:	N:	N:	N:	N:	N:	N:	N:	N:
S:SLC14A1	S:GSM750060	D:1.955028437	D:33.24657534	S:Up with age	D:1.0485295171636	N:	N:	N:	N:	N:	N:	N:	N:	N:
S:SLC14A1	S:GSM750061	D:0.316352721	D:34.25479452	S:Up with age	D:-0.319400657396845	N:	N:	N:	N:	N:	N:	N:	N:	N:
S:SLC14A1	S:GSM750062	D:-1.435695153	D:34.33972603	S:Up with age	D:-1.78197139712158	N:	N:	N:	N:	N:	N:	N:	N:	N:
S:SLC14A1	S:GSM750063	D:-0.344507644	D:34.46575342	S:Up with age	D:-0.871072245391826	N:	N:	N:	N:	N:	N:	N:	N:	N:
S:SLC14A1	S:GSM750064	D:0.901077124	D:35.26575342	S:Up with age	D:0.168714316698215	N:	N:	N:	N:	N:	N:	N:	N:	N:
S:SLC14A1	S:GSM750065	D:0.402041206	D:35.56164384	S:Up with age	D:-0.247869808981032	N:	N:	N:	N:	N:	N:	N:	N:	N:
S:SLC14A1	S:GSM750066	D:-0.156443196	D:36.50136986	S:Up with age	D:-0.714080211721356	N:	N:	N:	N:	N:	N:	N:	N:	N:
S:SLC14A1	S:GSM750067	D:0.142963631	D:36.56438356	S:Up with age	D:-0.464142027415767	N:	N:	N:	N:	N:	N:	N:	N:	N:
S:SLC14A1	S:GSM750068	D:0.672361647	D:37.19178082	S:Up with age	D:-0.0222122951521108	N:	N:	N:	N:	N:	N:	N:	N:	N:
S:SLC14A1	S:GSM750069	D:-0.275669465	D:37.56438356	S:Up with age	D:-0.813607659020978	N:	N:	N:	N:	N:	N:	N:	N:	N:
S:SLC14A1	S:GSM750070	D:1.276086817	D:38.4109589	S:Up with age	D:0.481764098176364	N:	N:	N:	N:	N:	N:	N:	N:	N:
S:SLC14A1	S:GSM750071	D:0.052154669	D:38.6109589	S:Up with age	D:-0.53994733656109	N:	N:	N:	N:	N:	N:	N:	N:	N:
S:SLC14A1	S:GSM750072	D:-0.553891698	D:39.6630137	S:Up with age	D:-1.04586141370729	N:	N:	N:	N:	N:	N:	N:	N:	N:
S:SLC14A1	S:GSM750073	D:1.002729868	D:40.41643836	S:Up with age	D:0.25357177475825	N:	N:	N:	N:	N:	N:	N:	N:	N:
S:SLC14A1	S:GSM750074	D:0.350324986	D:40.60547945	S:Up with age	D:-0.291041363402363	N:	N:	N:	N:	N:	N:	N:	N:	N:
S:SLC14A1	S:GSM750075	D:1.230481704	D:40.84657534	S:Up with age	D:0.443693960456121	N:	N:	N:	N:	N:	N:	N:	N:	N:
S:SLC14A1	S:GSM750076	D:0.13805205	D:41	S:Up with age	D:-0.468242106393625	N:	N:	N:	N:	N:	N:	N:	N:	N:
S:SLC14A1	S:GSM750077	D:-0.269104332	D:41.04109589	S:Up with age	D:-0.808127231476336	N:	N:	N:	N:	N:	N:	N:	N:	N:
S:SLC14A1	S:GSM750078	D:0.898929348	D:41.19726027	S:Up with age	D:0.166921400888265	N:	N:	N:	N:	N:	N:	N:	N:	N:
S:SLC14A1	S:GSM750079	D:0.712513803	D:41.57808219	S:Up with age	D:0.0113058349024011	N:	N:	N:	N:	N:	N:	N:	N:	N:
S:SLC14A1	S:GSM750080	D:1.512391648	D:42.01643836	S:Up with age	D:0.679026134565331	N:	N:	N:	N:	N:	N:	N:	N:	N:
S:SLC14A1	S:GSM750081	D:1.656042023	D:42.06575342	S:Up with age	D:0.798942284314037	N:	N:	N:	N:	N:	N:	N:	N:	N:
S:SLC14A1	S:GSM750082	D:2.161363048	D:42.70958904	S:Up with age	D:1.22077307803852	N:	N:	N:	N:	N:	N:	N:	N:	N:
S:SLC14A1	S:GSM750083	D:-0.072304278	D:42.83835616	S:Up with age	D:-0.643842907498641	N:	N:	N:	N:	N:	N:	N:	N:	N:
S:SLC14A1	S:GSM750084	D:1.52247892	D:43.88219178	S:Up with age	D:0.687446765696352	N:	N:	N:	N:	N:	N:	N:	N:	N:
S:SLC14A1	S:GSM750085	D:2.027387047	D:44.16986301	S:Up with age	D:1.10893288132028	N:	N:	N:	N:	N:	N:	N:	N:	N:
S:SLC14A1	S:GSM750086	D:0.005274796	D:44.47671233	S:Up with age	D:-0.579081615680572	N:	N:	N:	N:	N:	N:	N:	N:	N:
S:SLC14A1	S:GSM750087	D:1.000020359	D:44.84657534	S:Up with age	D:0.251309936687939	N:	N:	N:	N:	N:	N:	N:	N:	N:
S:SLC14A1	S:GSM750088	D:2.653637224	D:45.32328767	S:Up with age	D:1.63171265133679	N:	N:	N:	N:	N:	N:	N:	N:	N:
S:SLC14A1	S:GSM750089	D:1.269706199	D:45.40821918	S:Up with age	D:0.476437699664858	N:	N:	N:	N:	N:	N:	N:	N:	N:
S:SLC14A1	S:GSM750090	D:0.406472881	D:45.67671233	S:Up with age	D:-0.244170344897227	N:	N:	N:	N:	N:	N:	N:	N:	N:
S:SLC14A1	S:GSM750091	D:1.377525657	D:45.78082192	S:Up with age	D:0.566442993917326	N:	N:	N:	N:	N:	N:	N:	N:	N:
S:SLC14A1	S:GSM750092	D:0.587454139	D:45.89041096	S:Up with age	D:-0.0930912012748233	N:	N:	N:	N:	N:	N:	N:	N:	N:
S:SLC14A1	S:GSM750093	D:0.953304286	D:45.93972603	S:Up with age	D:0.212312394178638	N:	N:	N:	N:	N:	N:	N:	N:	N:
S:SLC14A1	S:GSM750094	D:-0.002391388	D:46.10410959	S:Up with age	D:-0.585481176200656	N:	N:	N:	N:	N:	N:	N:	N:	N:
S:SLC14A1	S:GSM750095	D:-1.250700985	D:46.10958904	S:Up with age	D:-1.62754236515752	N:	N:	N:	N:	N:	N:	N:	N:	N:
S:SLC14A1	S:GSM750096	D:-0.233746678	D:46.55890411	S:Up with age	D:-0.77861144544496	N:	N:	N:	N:	N:	N:	N:	N:	N:
S:SLC14A1	S:GSM750097	D:0.865848917	D:46.56164384	S:Up with age	D:0.139306590153885	N:	N:	N:	N:	N:	N:	N:	N:	N:
S:SLC14A1	S:GSM750098	D:-0.291278615	D:46.60547945	S:Up with age	D:-0.826637831541238	N:	N:	N:	N:	N:	N:	N:	N:	N:
S:SLC14A1	S:GSM750099	D:1.455907127	D:46.91506849	S:Up with age	D:0.631874108135049	N:	N:	N:	N:	N:	N:	N:	N:	N:
S:SLC14A1	S:GSM750100	D:-0.700287563	D:46.96712329	S:Up with age	D:-1.16806943766777	N:	N:	N:	N:	N:	N:	N:	N:	N:
S:SLC14A1	S:GSM750101	D:0.803779835	D:47.48493151	S:Up with age	D:0.0874926959550241	N:	N:	N:	N:	N:	N:	N:	N:	N:
S:SLC14A1	S:GSM750102	D:0.539528963	D:48.13150685	S:Up with age	D:-0.133098076174726	N:	N:	N:	N:	N:	N:	N:	N:	N:
S:SLC14A1	S:GSM750103	D:0.373566752	D:48.50410959	S:Up with age	D:-0.271639652184551	N:	N:	N:	N:	N:	N:	N:	N:	N:
S:SLC14A1	S:GSM750104	D:0.944263255	D:48.63835616	S:Up with age	D:0.204765141849651	N:	N:	N:	N:	N:	N:	N:	N:	N:
S:SLC14A1	S:GSM750105	D:1.615776738	D:48.97808219	S:Up with age	D:0.765329716677271	N:	N:	N:	N:	N:	N:	N:	N:	N:
S:SLC14A1	S:GSM750106	D:-1.052911913	D:31.56	S:Up with age	D:-1.46243243087012	N:	N:	N:	N:	N:	N:	N:	N:	N:
S:SLC14A1	S:GSM750107	D:-0.563141967	D:49.2	S:Up with age	D:-1.05358333328195	N:	N:	N:	N:	N:	N:	N:	N:	N:
S:SLC14A1	S:GSM750108	D:-1.033733606	D:49.2109589	S:Up with age	D:-1.446422805179	N:	N:	N:	N:	N:	N:	N:	N:	N:
S:SLC14A1	S:GSM750109	D:0.599796449	D:49.56164384	S:Up with age	D:-0.0827881143931849	N:	N:	N:	N:	N:	N:	N:	N:	N:
S:SLC14A1	S:GSM750110	D:0.006164068	D:49.75616438	S:Up with age	D:-0.578339271121295	N:	N:	N:	N:	N:	N:	N:	N:	N:
S:SLC14A1	S:GSM750111	D:0.804840833	D:49.75890411	S:Up with age	D:0.088378393573642	N:	N:	N:	N:	N:	N:	N:	N:	N:
S:SLC14A1	S:GSM750112	D:-0.324152804	D:50.10958904	S:Up with age	D:-0.854080476024354	N:	N:	N:	N:	N:	N:	N:	N:	N:
S:SLC14A1	S:GSM750113	D:0.5473142	D:50.89863014	S:Up with age	D:-0.126599132848465	N:	N:	N:	N:	N:	N:	N:	N:	N:
S:SLC14A1	S:GSM750114	D:0.710727611	D:51.03835616	S:Up with age	D:0.00981476140292752	N:	N:	N:	N:	N:	N:	N:	N:	N:
S:SLC14A1	S:GSM750115	D:-1.758477359	D:51.38630137	S:Up with age	D:-2.05142282981651	N:	N:	N:	N:	N:	N:	N:	N:	N:
S:SLC14A1	S:GSM750116	D:0.498878837	D:51.47945205	S:Up with age	D:-0.167031900550191	N:	N:	N:	N:	N:	N:	N:	N:	N:
S:SLC14A1	S:GSM750117	D:0.110437289	D:51.58356164	S:Up with age	D:-0.491294296931594	N:	N:	N:	N:	N:	N:	N:	N:	N:
S:SLC14A1	S:GSM750118	D:1.090834531	D:51.61917808	S:Up with age	D:0.327119595025808	N:	N:	N:	N:	N:	N:	N:	N:	N:
S:SLC14A1	S:GSM750119	D:0.951345299	D:51.67123288	S:Up with age	D:0.210677075242313	N:	N:	N:	N:	N:	N:	N:	N:	N:
S:SLC14A1	S:GSM750120	D:1.789762282	D:51.75068493	S:Up with age	D:0.910568993277934	N:	N:	N:	N:	N:	N:	N:	N:	N:
S:SLC14A1	S:GSM750121	D:1.894766649	D:51.83287671	S:Up with age	D:0.998224311946194	N:	N:	N:	N:	N:	N:	N:	N:	N:
S:SLC14A1	S:GSM750122	D:1.543624121	D:51.93972603	S:Up with age	D:0.705098310912176	N:	N:	N:	N:	N:	N:	N:	N:	N:
S:SLC14A1	S:GSM750123	D:0.735912274	D:52.16438356	S:Up with age	D:0.0308383599816204	N:	N:	N:	N:	N:	N:	N:	N:	N:
S:SLC14A1	S:GSM750124	D:-0.272163128	D:53.29863014	S:Up with age	D:-0.810680646594025	N:	N:	N:	N:	N:	N:	N:	N:	N:
S:SLC14A1	S:GSM750125	D:1.656550863	D:53.39178082	S:Up with age	D:0.79936705267011	N:	N:	N:	N:	N:	N:	N:	N:	N:
S:SLC14A1	S:GSM750126	D:1.222427375	D:53.59726027	S:Up with age	D:0.436970385091355	N:	N:	N:	N:	N:	N:	N:	N:	N:
S:SLC14A1	S:GSM750127	D:1.539245158	D:53.95616438	S:Up with age	D:0.70144284963787	N:	N:	N:	N:	N:	N:	N:	N:	N:
S:SLC14A1	S:GSM750128	D:1.261529793	D:53.97808219	S:Up with age	D:0.469612217125727	N:	N:	N:	N:	N:	N:	N:	N:	N:
S:SLC14A1	S:GSM750129	D:1.526660635	D:54.51780822	S:Up with age	D:0.690937568711286	N:	N:	N:	N:	N:	N:	N:	N:	N:
S:SLC14A1	S:GSM750130	D:-0.919176206	D:54.59452055	S:Up with age	D:-1.35079282625815	N:	N:	N:	N:	N:	N:	N:	N:	N:
S:SLC14A1	S:GSM750131	D:-0.080990812	D:55.43561644	S:Up with age	D:-0.651094233587704	N:	N:	N:	N:	N:	N:	N:	N:	N:
S:SLC14A1	S:GSM750132	D:-0.05910087	D:56.09041096	S:Up with age	D:-0.632820995088588	N:	N:	N:	N:	N:	N:	N:	N:	N:
S:SLC14A1	S:GSM750133	D:1.174054989	D:56.12876712	S:Up with age	D:0.396590189193654	N:	N:	N:	N:	N:	N:	N:	N:	N:
S:SLC14A1	S:GSM750134	D:4.900632075	D:57.14794521	S:Up with age	D:3.50745415940516	N:	N:	N:	N:	N:	N:	N:	N:	N:
S:SLC14A1	S:GSM750135	D:1.816082989	D:57.48219178	S:Up with age	D:0.932540936213021	N:	N:	N:	N:	N:	N:	N:	N:	N:
S:SLC14A1	S:GSM750136	D:0.944856769	D:57.63287671	S:Up with age	D:0.205260594184544	N:	N:	N:	N:	N:	N:	N:	N:	N:
S:SLC14A1	S:GSM750137	D:5.568307814	D:57.86849315	S:Up with age	D:4.06481507058623	N:	N:	N:	N:	N:	N:	N:	N:	N:
S:SLC14A1	S:GSM750138	D:3.614990728	D:57.93150685	S:Up with age	D:2.43422925282222	N:	N:	N:	N:	N:	N:	N:	N:	N:
S:SLC14A1	S:GSM750139	D:2.463788737	D:58.23287671	S:Up with age	D:1.47323134144354	N:	N:	N:	N:	N:	N:	N:	N:	N:
S:SLC14A1	S:GSM750140	D:1.398148482	D:58.23835616	S:Up with age	D:0.583658471224234	N:	N:	N:	N:	N:	N:	N:	N:	N:
S:SLC14A1	S:GSM750141	D:2.232735579	D:58.43561644	S:Up with age	D:1.28035328529757	N:	N:	N:	N:	N:	N:	N:	N:	N:
S:SLC14A1	S:GSM750142	D:1.129431427	D:58.51780822	S:Up with age	D:0.359339428496979	N:	N:	N:	N:	N:	N:	N:	N:	N:
S:SLC14A1	S:GSM750143	D:-0.316641551	D:58.60547945	S:Up with age	D:-0.84781024846979	N:	N:	N:	N:	N:	N:	N:	N:	N:
S:SLC14A1	S:GSM750144	D:0.27148816	D:59.26027397	S:Up with age	D:-0.356852598718168	N:	N:	N:	N:	N:	N:	N:	N:	N:
S:SLC14A1	S:GSM750145	D:-0.128352317	D:59.61643836	S:Up with age	D:-0.690630568427791	N:	N:	N:	N:	N:	N:	N:	N:	N:
S:SLC14A1	S:GSM750146	D:1.886595574	D:60.38630137	S:Up with age	D:0.991403279607728	N:	N:	N:	N:	N:	N:	N:	N:	N:
S:SLC14A1	S:GSM750147	D:0.606561751	D:60.73972603	S:Up with age	D:-0.0771405902031003	N:	N:	N:	N:	N:	N:	N:	N:	N:
S:SLC14A1	S:GSM750148	D:-0.05956788	D:60.76438356	S:Up with age	D:-0.633210844687617	N:	N:	N:	N:	N:	N:	N:	N:	N:
S:SLC14A1	S:GSM750149	D:1.013284633	D:61.16712329	S:Up with age	D:0.262382658685998	N:	N:	N:	N:	N:	N:	N:	N:	N:
S:SLC14A1	S:GSM750150	D:3.120003085	D:61.1890411	S:Up with age	D:2.02102453740294	N:	N:	N:	N:	N:	N:	N:	N:	N:
S:SLC14A1	S:GSM750151	D:1.945145991	D:61.95616438	S:Up with age	D:1.04027987023842	N:	N:	N:	N:	N:	N:	N:	N:	N:
S:SLC14A1	S:GSM750152	D:1.360135468	D:62.30684932	S:Up with age	D:0.551926049507802	N:	N:	N:	N:	N:	N:	N:	N:	N:
S:SLC14A1	S:GSM750153	D:1.812686844	D:62.78356164	S:Up with age	D:0.929705909625806	N:	N:	N:	N:	N:	N:	N:	N:	N:
S:SLC14A1	S:GSM750154	D:0.989556064	D:63	S:Up with age	D:0.242574575111371	N:	N:	N:	N:	N:	N:	N:	N:	N:
S:SLC14A1	S:GSM750155	D:-0.420670323	D:63.24109589	S:Up with age	D:-0.934651162051296	N:	N:	N:	N:	N:	N:	N:	N:	N:
S:SLC14A1	S:GSM750156	D:1.432145141	D:64.56164384	S:Up with age	D:0.612038128789344	N:	N:	N:	N:	N:	N:	N:	N:	N:
S:SLC14A1	S:GSM750157	D:1.051497034	D:64.90684932	S:Up with age	D:0.294281524251602	N:	N:	N:	N:	N:	N:	N:	N:	N:
S:SLC14A1	S:GSM750158	D:-0.454436393	D:64.95890411	S:Up with age	D:-0.962838329029073	N:	N:	N:	N:	N:	N:	N:	N:	N:
S:SLC14A1	S:GSM750159	D:0.541650143	D:65.04109589	S:Up with age	D:-0.131327362116207	N:	N:	N:	N:	N:	N:	N:	N:	N:
S:SLC14A1	S:GSM750160	D:3.471883276	D:66.71506849	S:Up with age	D:2.31476632316271	N:	N:	N:	N:	N:	N:	N:	N:	N:
S:SLC14A1	S:GSM750161	D:-0.225133336	D:68.5890411	S:Up with age	D:-0.771421218415557	N:	N:	N:	N:	N:	N:	N:	N:	N:
S:SLC14A1	S:GSM750162	D:-2.26665651	D:71.10958904	S:Up with age	D:-2.47563952378954	N:	N:	N:	N:	N:	N:	N:	N:	N:
S:SLC14A1	S:GSM750163	D:3.589870085	D:71.81917808	S:Up with age	D:2.41325909672084	N:	N:	N:	N:	N:	N:	N:	N:	N:
S:SLC14A1	S:GSM750164	D:0.881916624	D:73.27945205	S:Up with age	D:0.152719555896093	N:	N:	N:	N:	N:	N:	N:	N:	N:
S:SLC14A1	S:GSM750165	D:3.784422604	D:75.57260274	S:Up with age	D:2.57566722828605	N:	N:	N:	N:	N:	N:	N:	N:	N:
S:SLC14A1	S:GSM750166	D:1.38460135	D:77.9890411	S:Up with age	D:0.572349625635927	N:	N:	N:	N:	N:	N:	N:	N:	N:
S:SLC14A1	S:GSM750167	D:1.16478248	D:78.22739726	S:Up with age	D:0.388849704159833	N:	N:	N:	N:	N:	N:	N:	N:	N:
S:SERPINA3	S:GSM750020	D:-1.428658228	D:20.22191781	S:Up with age	D:-0.197010886114052	N:	N:	N:	N:	N:	N:	N:	N:	N:
S:SERPINA3	S:GSM750021	D:1.453420904	D:20.78630137	S:Up with age	D:2.3097966680509	N:	N:	N:	N:	N:	N:	N:	N:	N:
S:SERPINA3	S:GSM750022	D:-1.704304814	D:20.8630137	S:Up with age	D:-0.436765907547162	N:	N:	N:	N:	N:	N:	N:	N:	N:
S:SERPINA3	S:GSM750023	D:-2.080618111	D:20.94520548	S:Up with age	D:-0.764079965366834	N:	N:	N:	N:	N:	N:	N:	N:	N:
S:SERPINA3	S:GSM750024	D:-1.248629841	D:21.01917808	S:Up with age	D:-0.0404237489029527	N:	N:	N:	N:	N:	N:	N:	N:	N:
S:SERPINA3	S:GSM750025	D:-1.261089892	D:21.4739726	S:Up with age	D:-0.0512613937216795	N:	N:	N:	N:	N:	N:	N:	N:	N:
S:SERPINA3	S:GSM750026	D:-1.820728017	D:21.54794521	S:Up with age	D:-0.538029804683099	N:	N:	N:	N:	N:	N:	N:	N:	N:
S:SERPINA3	S:GSM750027	D:-1.525159067	D:22.10136986	S:Up with age	D:-0.280946482990112	N:	N:	N:	N:	N:	N:	N:	N:	N:
S:SERPINA3	S:GSM750028	D:-2.195817647	D:22.17260274	S:Up with age	D:-0.864279527507481	N:	N:	N:	N:	N:	N:	N:	N:	N:
S:SERPINA3	S:GSM750029	D:-1.508124913	D:22.7260274	S:Up with age	D:-0.266130322860471	N:	N:	N:	N:	N:	N:	N:	N:	N:
S:SERPINA3	S:GSM750030	D:-1.035657594	D:23.16438356	S:Up with age	D:0.144817673401993	N:	N:	N:	N:	N:	N:	N:	N:	N:
S:SERPINA3	S:GSM750031	D:-1.305853884	D:23.44383562	S:Up with age	D:-0.0901967276111098	N:	N:	N:	N:	N:	N:	N:	N:	N:
S:SERPINA3	S:GSM750032	D:-1.744269594	D:24.04109589	S:Up with age	D:-0.471526928260364	N:	N:	N:	N:	N:	N:	N:	N:	N:
S:SERPINA3	S:GSM750033	D:-2.188108685	D:24.26575342	S:Up with age	D:-0.857574338894926	N:	N:	N:	N:	N:	N:	N:	N:	N:
S:SERPINA3	S:GSM750034	D:-0.751099957	D:24.61643836	S:Up with age	D:0.392323450084785	N:	N:	N:	N:	N:	N:	N:	N:	N:
S:SERPINA3	S:GSM750035	D:-1.706534104	D:24.62739726	S:Up with age	D:-0.438704924748451	N:	N:	N:	N:	N:	N:	N:	N:	N:
S:SERPINA3	S:GSM750036	D:-2.603915871	D:24.80273973	S:Up with age	D:-1.2192398405002	N:	N:	N:	N:	N:	N:	N:	N:	N:
S:SERPINA3	S:GSM750037	D:-1.608519649	D:24.85205479	S:Up with age	D:-0.353452797739414	N:	N:	N:	N:	N:	N:	N:	N:	N:
S:SERPINA3	S:GSM750038	D:-2.096825172	D:25.84109589	S:Up with age	D:-0.778176727143607	N:	N:	N:	N:	N:	N:	N:	N:	N:
S:SERPINA3	S:GSM750039	D:-1.680474467	D:26.19726027	S:Up with age	D:-0.416038477403175	N:	N:	N:	N:	N:	N:	N:	N:	N:
S:SERPINA3	S:GSM750040	D:-1.672012363	D:26.53150685	S:Up with age	D:-0.40867821237929	N:	N:	N:	N:	N:	N:	N:	N:	N:
S:SERPINA3	S:GSM750041	D:-1.897973537	D:26.74520548	S:Up with age	D:-0.605217291283103	N:	N:	N:	N:	N:	N:	N:	N:	N:
S:SERPINA3	S:GSM750042	D:-0.187707151	D:26.78356164	S:Up with age	D:0.882357650173844	N:	N:	N:	N:	N:	N:	N:	N:	N:
S:SERPINA3	S:GSM750043	D:-1.743148578	D:27.21643836	S:Up with age	D:-0.470551878218907	N:	N:	N:	N:	N:	N:	N:	N:	N:
S:SERPINA3	S:GSM750044	D:-2.47905881	D:27.49863014	S:Up with age	D:-1.11064024646739	N:	N:	N:	N:	N:	N:	N:	N:	N:
S:SERPINA3	S:GSM750045	D:-1.828740036	D:28.36438356	S:Up with age	D:-0.544998589658609	N:	N:	N:	N:	N:	N:	N:	N:	N:
S:SERPINA3	S:GSM750046	D:-2.121026003	D:28.5890411	S:Up with age	D:-0.799226401073194	N:	N:	N:	N:	N:	N:	N:	N:	N:
S:SERPINA3	S:GSM750047	D:-1.48231059	D:29.52876712	S:Up with age	D:-0.243677247515122	N:	N:	N:	N:	N:	N:	N:	N:	N:
S:SERPINA3	S:GSM750048	D:-1.281541464	D:29.82739726	S:Up with age	D:-0.0690499945324321	N:	N:	N:	N:	N:	N:	N:	N:	N:
S:SERPINA3	S:GSM750049	D:-1.318717614	D:29.97260274	S:Up with age	D:-0.101385488939936	N:	N:	N:	N:	N:	N:	N:	N:	N:
S:SERPINA3	S:GSM750050	D:-2.016167858	D:29.98630137	S:Up with age	D:-0.708021691569152	N:	N:	N:	N:	N:	N:	N:	N:	N:
S:SERPINA3	S:GSM750051	D:-2.215647142	D:30.03287671	S:Up with age	D:-0.881527051112699	N:	N:	N:	N:	N:	N:	N:	N:	N:
S:SERPINA3	S:GSM750052	D:-2.860190887	D:30.04383562	S:Up with age	D:-1.4421456375408	N:	N:	N:	N:	N:	N:	N:	N:	N:
S:SERPINA3	S:GSM750053	D:-1.983750538	D:30.49589041	S:Up with age	D:-0.679825386422808	N:	N:	N:	N:	N:	N:	N:	N:	N:
S:SERPINA3	S:GSM750054	D:-1.746200007	D:31.54794521	S:Up with age	D:-0.473205984826622	N:	N:	N:	N:	N:	N:	N:	N:	N:
S:SERPINA3	S:GSM750056	D:-1.121238307	D:31.62191781	S:Up with age	D:0.070380307870552	N:	N:	N:	N:	N:	N:	N:	N:	N:
S:SERPINA3	S:GSM750057	D:-1.538042746	D:31.76712329	S:Up with age	D:-0.292152595786961	N:	N:	N:	N:	N:	N:	N:	N:	N:
S:SERPINA3	S:GSM750058	D:-1.253683114	D:32.69589041	S:Up with age	D:-0.0448190421442132	N:	N:	N:	N:	N:	N:	N:	N:	N:
S:SERPINA3	S:GSM750059	D:-1.741152399	D:32.99726027	S:Up with age	D:-0.468815618953467	N:	N:	N:	N:	N:	N:	N:	N:	N:
S:SERPINA3	S:GSM750060	D:-1.305579074	D:33.24657534	S:Up with age	D:-0.0899577002449589	N:	N:	N:	N:	N:	N:	N:	N:	N:
S:SERPINA3	S:GSM750061	D:0.220333643	D:34.25479452	S:Up with age	D:1.23726801104823	N:	N:	N:	N:	N:	N:	N:	N:	N:
S:SERPINA3	S:GSM750062	D:-1.531905813	D:34.33972603	S:Up with age	D:-0.286814744430628	N:	N:	N:	N:	N:	N:	N:	N:	N:
S:SERPINA3	S:GSM750063	D:-1.512566709	D:34.46575342	S:Up with age	D:-0.269993758684709	N:	N:	N:	N:	N:	N:	N:	N:	N:
S:SERPINA3	S:GSM750064	D:-1.849304789	D:35.26575342	S:Up with age	D:-0.562885634326312	N:	N:	N:	N:	N:	N:	N:	N:	N:
S:SERPINA3	S:GSM750065	D:-1.257653464	D:35.56164384	S:Up with age	D:-0.0482724183066409	N:	N:	N:	N:	N:	N:	N:	N:	N:
S:SERPINA3	S:GSM750066	D:-1.512398358	D:36.50136986	S:Up with age	D:-0.269847328437925	N:	N:	N:	N:	N:	N:	N:	N:	N:
S:SERPINA3	S:GSM750067	D:-0.849176121	D:36.56438356	S:Up with age	D:0.30701764912015	N:	N:	N:	N:	N:	N:	N:	N:	N:
S:SERPINA3	S:GSM750068	D:-0.969375364	D:37.19178082	S:Up with age	D:0.202469384982721	N:	N:	N:	N:	N:	N:	N:	N:	N:
S:SERPINA3	S:GSM750069	D:-1.388931661	D:37.56438356	S:Up with age	D:-0.162457061012265	N:	N:	N:	N:	N:	N:	N:	N:	N:
S:SERPINA3	S:GSM750070	D:-0.996463333	D:38.4109589	S:Up with age	D:0.178908503339244	N:	N:	N:	N:	N:	N:	N:	N:	N:
S:SERPINA3	S:GSM750071	D:-1.950395444	D:38.6109589	S:Up with age	D:-0.650813413545069	N:	N:	N:	N:	N:	N:	N:	N:	N:
S:SERPINA3	S:GSM750072	D:-1.907706547	D:39.6630137	S:Up with age	D:-0.613682979376764	N:	N:	N:	N:	N:	N:	N:	N:	N:
S:SERPINA3	S:GSM750073	D:-1.393877406	D:40.41643836	S:Up with age	D:-0.166758827327185	N:	N:	N:	N:	N:	N:	N:	N:	N:
S:SERPINA3	S:GSM750074	D:-1.624460331	D:40.60547945	S:Up with age	D:-0.367317865361069	N:	N:	N:	N:	N:	N:	N:	N:	N:
S:SERPINA3	S:GSM750075	D:-1.412105456	D:40.84657534	S:Up with age	D:-0.182613427893266	N:	N:	N:	N:	N:	N:	N:	N:	N:
S:SERPINA3	S:GSM750076	D:-1.463842814	D:41	S:Up with age	D:-0.227614135343285	N:	N:	N:	N:	N:	N:	N:	N:	N:
S:SERPINA3	S:GSM750077	D:-2.47395087	D:41.04109589	S:Up with age	D:-1.10619740434135	N:	N:	N:	N:	N:	N:	N:	N:	N:
S:SERPINA3	S:GSM750078	D:-1.628485331	D:41.19726027	S:Up with age	D:-0.370818775621819	N:	N:	N:	N:	N:	N:	N:	N:	N:
S:SERPINA3	S:GSM750079	D:-2.131438576	D:41.57808219	S:Up with age	D:-0.808283167199036	N:	N:	N:	N:	N:	N:	N:	N:	N:
S:SERPINA3	S:GSM750080	D:-1.304441644	D:42.01643836	S:Up with age	D:-0.0889683734479687	N:	N:	N:	N:	N:	N:	N:	N:	N:
S:SERPINA3	S:GSM750081	D:-2.417306166	D:42.06575342	S:Up with age	D:-1.0569283296952	N:	N:	N:	N:	N:	N:	N:	N:	N:
S:SERPINA3	S:GSM750082	D:-0.380191658	D:42.70958904	S:Up with age	D:0.714936287293889	N:	N:	N:	N:	N:	N:	N:	N:	N:
S:SERPINA3	S:GSM750083	D:-1.252078971	D:42.83835616	S:Up with age	D:-0.043423772407962	N:	N:	N:	N:	N:	N:	N:	N:	N:
S:SERPINA3	S:GSM750084	D:-1.237101024	D:43.88219178	S:Up with age	D:-0.0303960833800667	N:	N:	N:	N:	N:	N:	N:	N:	N:
S:SERPINA3	S:GSM750085	D:-1.310928801	D:44.16986301	S:Up with age	D:-0.0946108466167638	N:	N:	N:	N:	N:	N:	N:	N:	N:
S:SERPINA3	S:GSM750086	D:-0.902039739	D:44.47671233	S:Up with age	D:0.261037330442734	N:	N:	N:	N:	N:	N:	N:	N:	N:
S:SERPINA3	S:GSM750087	D:-1.722958639	D:44.84657534	S:Up with age	D:-0.452990843533434	N:	N:	N:	N:	N:	N:	N:	N:	N:
S:SERPINA3	S:GSM750088	D:-1.148722754	D:45.32328767	S:Up with age	D:0.0464745730846252	N:	N:	N:	N:	N:	N:	N:	N:	N:
S:SERPINA3	S:GSM750089	D:-1.112701525	D:45.40821918	S:Up with age	D:0.0778055271743012	N:	N:	N:	N:	N:	N:	N:	N:	N:
S:SERPINA3	S:GSM750090	D:-1.362874747	D:45.67671233	S:Up with age	D:-0.139792982108887	N:	N:	N:	N:	N:	N:	N:	N:	N:
S:SERPINA3	S:GSM750091	D:-0.375465375	D:45.78082192	S:Up with age	D:0.719047167455358	N:	N:	N:	N:	N:	N:	N:	N:	N:
S:SERPINA3	S:GSM750092	D:-0.993143895	D:45.89041096	S:Up with age	D:0.181795721862008	N:	N:	N:	N:	N:	N:	N:	N:	N:
S:SERPINA3	S:GSM750093	D:-1.900120698	D:45.93972603	S:Up with age	D:-0.607084873389037	N:	N:	N:	N:	N:	N:	N:	N:	N:
S:SERPINA3	S:GSM750094	D:-1.677719337	D:46.10410959	S:Up with age	D:-0.413642089108343	N:	N:	N:	N:	N:	N:	N:	N:	N:
S:SERPINA3	S:GSM750095	D:-2.448153993	D:46.10958904	S:Up with age	D:-1.08375950337623	N:	N:	N:	N:	N:	N:	N:	N:	N:
S:SERPINA3	S:GSM750096	D:-1.591040749	D:46.55890411	S:Up with age	D:-0.338249801377517	N:	N:	N:	N:	N:	N:	N:	N:	N:
S:SERPINA3	S:GSM750097	D:-1.142648284	D:46.56164384	S:Up with age	D:0.0517580946626677	N:	N:	N:	N:	N:	N:	N:	N:	N:
S:SERPINA3	S:GSM750098	D:-2.312907147	D:46.60547945	S:Up with age	D:-0.966122964023296	N:	N:	N:	N:	N:	N:	N:	N:	N:
S:SERPINA3	S:GSM750099	D:-1.52367247	D:46.91506849	S:Up with age	D:-0.279653453750136	N:	N:	N:	N:	N:	N:	N:	N:	N:
S:SERPINA3	S:GSM750100	D:-1.63009784	D:46.96712329	S:Up with age	D:-0.372221322032665	N:	N:	N:	N:	N:	N:	N:	N:	N:
S:SERPINA3	S:GSM750101	D:-1.382947147	D:47.48493151	S:Up with age	D:-0.157251782386624	N:	N:	N:	N:	N:	N:	N:	N:	N:
S:SERPINA3	S:GSM750102	D:-1.258218691	D:48.13150685	S:Up with age	D:-0.0487640478728403	N:	N:	N:	N:	N:	N:	N:	N:	N:
S:SERPINA3	S:GSM750103	D:-1.274344268	D:48.50410959	S:Up with age	D:-0.0627899355696909	N:	N:	N:	N:	N:	N:	N:	N:	N:
S:SERPINA3	S:GSM750104	D:-0.629171083	D:48.63835616	S:Up with age	D:0.498376132337795	N:	N:	N:	N:	N:	N:	N:	N:	N:
S:SERPINA3	S:GSM750105	D:-2.505482908	D:48.97808219	S:Up with age	D:-1.13362369884485	N:	N:	N:	N:	N:	N:	N:	N:	N:
S:SERPINA3	S:GSM750106	D:-2.398768182	D:31.56	S:Up with age	D:-1.04080415121091	N:	N:	N:	N:	N:	N:	N:	N:	N:
S:SERPINA3	S:GSM750107	D:-2.004190419	D:49.2	S:Up with age	D:-0.697603818502664	N:	N:	N:	N:	N:	N:	N:	N:	N:
S:SERPINA3	S:GSM750108	D:-2.246507132	D:49.2109589	S:Up with age	D:-0.908368804066155	N:	N:	N:	N:	N:	N:	N:	N:	N:
S:SERPINA3	S:GSM750109	D:-1.823937313	D:49.56164384	S:Up with age	D:-0.540821222644885	N:	N:	N:	N:	N:	N:	N:	N:	N:
S:SERPINA3	S:GSM750110	D:-1.284689824	D:49.75616438	S:Up with age	D:-0.071788410887348	N:	N:	N:	N:	N:	N:	N:	N:	N:
S:SERPINA3	S:GSM750111	D:-1.465246993	D:49.75890411	S:Up with age	D:-0.228835478118199	N:	N:	N:	N:	N:	N:	N:	N:	N:
S:SERPINA3	S:GSM750112	D:-1.730508896	D:50.10958904	S:Up with age	D:-0.459557991906752	N:	N:	N:	N:	N:	N:	N:	N:	N:
S:SERPINA3	S:GSM750113	D:-3.073795227	D:50.89863014	S:Up with age	D:-1.62793684888163	N:	N:	N:	N:	N:	N:	N:	N:	N:
S:SERPINA3	S:GSM750114	D:-1.648802295	D:51.03835616	S:Up with age	D:-0.388490295555956	N:	N:	N:	N:	N:	N:	N:	N:	N:
S:SERPINA3	S:GSM750115	D:-2.620444112	D:51.38630137	S:Up with age	D:-1.23361596186891	N:	N:	N:	N:	N:	N:	N:	N:	N:
S:SERPINA3	S:GSM750116	D:-0.724868038	D:51.47945205	S:Up with age	D:0.415139746826718	N:	N:	N:	N:	N:	N:	N:	N:	N:
S:SERPINA3	S:GSM750117	D:-1.659243244	D:51.58356164	S:Up with age	D:-0.397571742881689	N:	N:	N:	N:	N:	N:	N:	N:	N:
S:SERPINA3	S:GSM750118	D:-1.605053104	D:51.61917808	S:Up with age	D:-0.350437626817711	N:	N:	N:	N:	N:	N:	N:	N:	N:
S:SERPINA3	S:GSM750119	D:-0.688166149	D:51.67123288	S:Up with age	D:0.447062733109706	N:	N:	N:	N:	N:	N:	N:	N:	N:
S:SERPINA3	S:GSM750120	D:-1.204657337	D:51.75068493	S:Up with age	D:-0.00217684444469279	N:	N:	N:	N:	N:	N:	N:	N:	N:
S:SERPINA3	S:GSM750121	D:-0.594824168	D:51.83287671	S:Up with age	D:0.528250782561057	N:	N:	N:	N:	N:	N:	N:	N:	N:
S:SERPINA3	S:GSM750122	D:-2.054708264	D:51.93972603	S:Up with age	D:-0.74154380407074	N:	N:	N:	N:	N:	N:	N:	N:	N:
S:SERPINA3	S:GSM750123	D:-1.110101161	D:52.16438356	S:Up with age	D:0.0800673013380991	N:	N:	N:	N:	N:	N:	N:	N:	N:
S:SERPINA3	S:GSM750124	D:-1.223897845	D:53.29863014	S:Up with age	D:-0.0189120722407806	N:	N:	N:	N:	N:	N:	N:	N:	N:
S:SERPINA3	S:GSM750125	D:3.191200686	D:53.39178082	S:Up with age	D:3.82130252388411	N:	N:	N:	N:	N:	N:	N:	N:	N:
S:SERPINA3	S:GSM750126	D:-0.666539727	D:53.59726027	S:Up with age	D:0.465873208310482	N:	N:	N:	N:	N:	N:	N:	N:	N:
S:SERPINA3	S:GSM750127	D:-0.939876027	D:53.95616438	S:Up with age	D:0.228127653700395	N:	N:	N:	N:	N:	N:	N:	N:	N:
S:SERPINA3	S:GSM750128	D:-1.772718727	D:53.97808219	S:Up with age	D:-0.496271738603012	N:	N:	N:	N:	N:	N:	N:	N:	N:
S:SERPINA3	S:GSM750129	D:-0.739481516	D:54.51780822	S:Up with age	D:0.402429069789338	N:	N:	N:	N:	N:	N:	N:	N:	N:
S:SERPINA3	S:GSM750130	D:-1.828715199	D:54.59452055	S:Up with age	D:-0.544976986650374	N:	N:	N:	N:	N:	N:	N:	N:	N:
S:SERPINA3	S:GSM750131	D:-2.15884632	D:55.43561644	S:Up with age	D:-0.832122186377577	N:	N:	N:	N:	N:	N:	N:	N:	N:
S:SERPINA3	S:GSM750132	D:-1.800934651	D:56.09041096	S:Up with age	D:-0.520813705770257	N:	N:	N:	N:	N:	N:	N:	N:	N:
S:SERPINA3	S:GSM750133	D:-0.872853601	D:56.12876712	S:Up with age	D:0.286423181373388	N:	N:	N:	N:	N:	N:	N:	N:	N:
S:SERPINA3	S:GSM750134	D:1.525684821	D:57.14794521	S:Up with age	D:2.37265119935707	N:	N:	N:	N:	N:	N:	N:	N:	N:
S:SERPINA3	S:GSM750135	D:1.746855232	D:57.48219178	S:Up with age	D:2.56502331395193	N:	N:	N:	N:	N:	N:	N:	N:	N:
S:SERPINA3	S:GSM750136	D:-0.967752204	D:57.63287671	S:Up with age	D:0.203881195541439	N:	N:	N:	N:	N:	N:	N:	N:	N:
S:SERPINA3	S:GSM750137	D:4.772470329	D:57.86849315	S:Up with age	D:5.19667721163371	N:	N:	N:	N:	N:	N:	N:	N:	N:
S:SERPINA3	S:GSM750138	D:1.911025953	D:57.93150685	S:Up with age	D:2.70781759014167	N:	N:	N:	N:	N:	N:	N:	N:	N:
S:SERPINA3	S:GSM750139	D:2.414104277	D:58.23287671	S:Up with age	D:3.14539077435355	N:	N:	N:	N:	N:	N:	N:	N:	N:
S:SERPINA3	S:GSM750140	D:-0.406852307	D:58.23835616	S:Up with age	D:0.691747084898269	N:	N:	N:	N:	N:	N:	N:	N:	N:
S:SERPINA3	S:GSM750141	D:0.077410674	D:58.43561644	S:Up with age	D:1.11295484616151	N:	N:	N:	N:	N:	N:	N:	N:	N:
S:SERPINA3	S:GSM750142	D:-1.537799972	D:58.51780822	S:Up with age	D:-0.291941433057111	N:	N:	N:	N:	N:	N:	N:	N:	N:
S:SERPINA3	S:GSM750143	D:-1.931532179	D:58.60547945	S:Up with age	D:-0.634406308454446	N:	N:	N:	N:	N:	N:	N:	N:	N:
S:SERPINA3	S:GSM750144	D:-2.552795742	D:59.26027397	S:Up with age	D:-1.17477599350716	N:	N:	N:	N:	N:	N:	N:	N:	N:
S:SERPINA3	S:GSM750145	D:-0.936226515	D:59.61643836	S:Up with age	D:0.231301967739534	N:	N:	N:	N:	N:	N:	N:	N:	N:
S:SERPINA3	S:GSM750146	D:-0.893161423	D:60.38630137	S:Up with age	D:0.268759613071948	N:	N:	N:	N:	N:	N:	N:	N:	N:
S:SERPINA3	S:GSM750147	D:-1.484094619	D:60.73972603	S:Up with age	D:-0.2452289805416	N:	N:	N:	N:	N:	N:	N:	N:	N:
S:SERPINA3	S:GSM750148	D:-1.208178287	D:60.76438356	S:Up with age	D:-0.00523933636583307	N:	N:	N:	N:	N:	N:	N:	N:	N:
S:SERPINA3	S:GSM750149	D:-0.771355576	D:61.16712329	S:Up with age	D:0.374705287502188	N:	N:	N:	N:	N:	N:	N:	N:	N:
S:SERPINA3	S:GSM750150	D:-0.476086456	D:61.1890411	S:Up with age	D:0.631527819648969	N:	N:	N:	N:	N:	N:	N:	N:	N:
S:SERPINA3	S:GSM750151	D:-0.400333448	D:61.95616438	S:Up with age	D:0.697417132193049	N:	N:	N:	N:	N:	N:	N:	N:	N:
S:SERPINA3	S:GSM750152	D:-1.504828249	D:62.30684932	S:Up with age	D:-0.263262912966347	N:	N:	N:	N:	N:	N:	N:	N:	N:
S:SERPINA3	S:GSM750153	D:1.088454951	D:62.78356164	S:Up with age	D:1.99235243210498	N:	N:	N:	N:	N:	N:	N:	N:	N:
S:SERPINA3	S:GSM750154	D:2.138195681	D:63	S:Up with age	D:2.90540785888381	N:	N:	N:	N:	N:	N:	N:	N:	N:
S:SERPINA3	S:GSM750155	D:-1.527431144	D:63.24109589	S:Up with age	D:-0.282922715954712	N:	N:	N:	N:	N:	N:	N:	N:	N:
S:SERPINA3	S:GSM750156	D:-0.28793401	D:64.56164384	S:Up with age	D:0.795181193260576	N:	N:	N:	N:	N:	N:	N:	N:	N:
S:SERPINA3	S:GSM750157	D:-1.673116518	D:64.90684932	S:Up with age	D:-0.409638596868472	N:	N:	N:	N:	N:	N:	N:	N:	N:
S:SERPINA3	S:GSM750158	D:-1.219861462	D:64.95890411	S:Up with age	D:-0.0154012611448752	N:	N:	N:	N:	N:	N:	N:	N:	N:
S:SERPINA3	S:GSM750159	D:-1.364056186	D:65.04109589	S:Up with age	D:-0.140820587554241	N:	N:	N:	N:	N:	N:	N:	N:	N:
S:SERPINA3	S:GSM750160	D:-0.029018164	D:66.71506849	S:Up with age	D:1.02038396144252	N:	N:	N:	N:	N:	N:	N:	N:	N:
S:SERPINA3	S:GSM750161	D:-1.681449056	D:68.5890411	S:Up with age	D:-0.416886166503825	N:	N:	N:	N:	N:	N:	N:	N:	N:
S:SERPINA3	S:GSM750162	D:-2.345424686	D:71.10958904	S:Up with age	D:-0.994406438790863	N:	N:	N:	N:	N:	N:	N:	N:	N:
S:SERPINA3	S:GSM750163	D:2.501090318	D:71.81917808	S:Up with age	D:3.22105048205019	N:	N:	N:	N:	N:	N:	N:	N:	N:
S:SERPINA3	S:GSM750164	D:-1.207665834	D:73.27945205	S:Up with age	D:-0.00479360916934798	N:	N:	N:	N:	N:	N:	N:	N:	N:
S:SERPINA3	S:GSM750165	D:-0.233580835	D:75.57260274	S:Up with age	D:0.84245711576042	N:	N:	N:	N:	N:	N:	N:	N:	N:
S:SERPINA3	S:GSM750166	D:-1.227278356	D:77.9890411	S:Up with age	D:-0.0218524115318316	N:	N:	N:	N:	N:	N:	N:	N:	N:
S:SERPINA3	S:GSM750167	D:-0.007991772	D:78.22739726	S:Up with age	D:1.03867253572807	N:	N:	N:	N:	N:	N:	N:	N:	N:
S:LGR6	S:GSM750020	D:-1.222257278	D:20.22191781	S:Down with age	D:0.235925871531155	N:	N:	N:	N:	N:	N:	N:	N:	N:
S:LGR6	S:GSM750021	D:0.090468301	D:20.78630137	S:Down with age	D:1.62530374986166	N:	N:	N:	N:	N:	N:	N:	N:	N:
S:LGR6	S:GSM750022	D:-0.825845114	D:20.8630137	S:Down with age	D:0.655485222071338	N:	N:	N:	N:	N:	N:	N:	N:	N:
S:LGR6	S:GSM750023	D:-1.088643558	D:20.94520548	S:Down with age	D:0.377341525936901	N:	N:	N:	N:	N:	N:	N:	N:	N:
S:LGR6	S:GSM750024	D:0.918219198	D:21.01917808	S:Down with age	D:2.50138844224354	N:	N:	N:	N:	N:	N:	N:	N:	N:
S:LGR6	S:GSM750025	D:-0.526825968	D:21.4739726	S:Down with age	D:0.971964609154021	N:	N:	N:	N:	N:	N:	N:	N:	N:
S:LGR6	S:GSM750026	D:0.479403325	D:21.54794521	S:Down with age	D:2.0369493573657	N:	N:	N:	N:	N:	N:	N:	N:	N:
S:LGR6	S:GSM750027	D:-0.856229407	D:22.10136986	S:Down with age	D:0.623326738060482	N:	N:	N:	N:	N:	N:	N:	N:	N:
S:LGR6	S:GSM750028	D:-0.692412765	D:22.17260274	S:Down with age	D:0.796708914913142	N:	N:	N:	N:	N:	N:	N:	N:	N:
S:LGR6	S:GSM750029	D:-0.85641643	D:22.7260274	S:Down with age	D:0.623128794466562	N:	N:	N:	N:	N:	N:	N:	N:	N:
S:LGR6	S:GSM750030	D:-0.77392693	D:23.16438356	S:Down with age	D:0.710434997932065	N:	N:	N:	N:	N:	N:	N:	N:	N:
S:LGR6	S:GSM750031	D:0.240638433	D:23.44383562	S:Down with age	D:1.7842425735766	N:	N:	N:	N:	N:	N:	N:	N:	N:
S:LGR6	S:GSM750032	D:-1.111422374	D:24.04109589	S:Down with age	D:0.35323261577986	N:	N:	N:	N:	N:	N:	N:	N:	N:
S:LGR6	S:GSM750033	D:-1.458695796	D:24.26575342	S:Down with age	D:-0.014318697287786	N:	N:	N:	N:	N:	N:	N:	N:	N:
S:LGR6	S:GSM750034	D:-0.218284764	D:24.61643836	S:Down with age	D:1.29852206354416	N:	N:	N:	N:	N:	N:	N:	N:	N:
S:LGR6	S:GSM750035	D:-0.323837153	D:24.62739726	S:Down with age	D:1.18680628941165	N:	N:	N:	N:	N:	N:	N:	N:	N:
S:LGR6	S:GSM750036	D:-0.080905254	D:24.80273973	S:Down with age	D:1.44392339889049	N:	N:	N:	N:	N:	N:	N:	N:	N:
S:LGR6	S:GSM750037	D:1.410727831	D:24.85205479	S:Down with age	D:3.0226554995201	N:	N:	N:	N:	N:	N:	N:	N:	N:
S:LGR6	S:GSM750038	D:-0.571054601	D:25.84109589	S:Down with age	D:0.925153390372248	N:	N:	N:	N:	N:	N:	N:	N:	N:
S:LGR6	S:GSM750039	D:-0.500367271	D:26.19726027	S:Down with age	D:0.999968274877709	N:	N:	N:	N:	N:	N:	N:	N:	N:
S:LGR6	S:GSM750040	D:-0.774185358	D:26.53150685	S:Down with age	D:0.710161479877656	N:	N:	N:	N:	N:	N:	N:	N:	N:
S:LGR6	S:GSM750041	D:-1.062573183	D:26.74520548	S:Down with age	D:0.404934194872607	N:	N:	N:	N:	N:	N:	N:	N:	N:
S:LGR6	S:GSM750042	D:-1.227862966	D:26.78356164	S:Down with age	D:0.229992857788895	N:	N:	N:	N:	N:	N:	N:	N:	N:
S:LGR6	S:GSM750043	D:-1.335493255	D:27.21643836	S:Down with age	D:0.116077851509491	N:	N:	N:	N:	N:	N:	N:	N:	N:
S:LGR6	S:GSM750044	D:0.563070826	D:27.49863014	S:Down with age	D:2.12550234733117	N:	N:	N:	N:	N:	N:	N:	N:	N:
S:LGR6	S:GSM750045	D:-1.34743735	D:28.36438356	S:Down with age	D:0.10343632030514	N:	N:	N:	N:	N:	N:	N:	N:	N:
S:LGR6	S:GSM750046	D:-1.995583774	D:28.5890411	S:Down with age	D:-0.582556485678437	N:	N:	N:	N:	N:	N:	N:	N:	N:
S:LGR6	S:GSM750047	D:-1.195264128	D:29.52876712	S:Down with age	D:0.264495197882689	N:	N:	N:	N:	N:	N:	N:	N:	N:
S:LGR6	S:GSM750048	D:-1.172606297	D:29.82739726	S:Down with age	D:0.288476058517957	N:	N:	N:	N:	N:	N:	N:	N:	N:
S:LGR6	S:GSM750049	D:-1.364300801	D:29.97260274	S:Down with age	D:0.0855881834618265	N:	N:	N:	N:	N:	N:	N:	N:	N:
S:LGR6	S:GSM750050	D:-1.338489065	D:29.98630137	S:Down with age	D:0.112907111022472	N:	N:	N:	N:	N:	N:	N:	N:	N:
S:LGR6	S:GSM750051	D:-2.33692044	D:30.03287671	S:Down with age	D:-0.943824385375156	N:	N:	N:	N:	N:	N:	N:	N:	N:
S:LGR6	S:GSM750052	D:-1.46663835	D:30.04383562	S:Down with age	D:-0.0227250306460891	N:	N:	N:	N:	N:	N:	N:	N:	N:
S:LGR6	S:GSM750053	D:-0.957178419	D:30.49589041	S:Down with age	D:0.51648314001087	N:	N:	N:	N:	N:	N:	N:	N:	N:
S:LGR6	S:GSM750054	D:-1.841782732	D:31.54794521	S:Down with age	D:-0.419774736897581	N:	N:	N:	N:	N:	N:	N:	N:	N:
S:LGR6	S:GSM750056	D:-2.332887473	D:31.62191781	S:Down with age	D:-0.939555926511038	N:	N:	N:	N:	N:	N:	N:	N:	N:
S:LGR6	S:GSM750057	D:-0.95577121	D:31.76712329	S:Down with age	D:0.517972518359296	N:	N:	N:	N:	N:	N:	N:	N:	N:
S:LGR6	S:GSM750058	D:-0.486369004	D:32.69589041	S:Down with age	D:1.01478392471031	N:	N:	N:	N:	N:	N:	N:	N:	N:
S:LGR6	S:GSM750059	D:-0.002290499	D:32.99726027	S:Down with age	D:1.52712860434598	N:	N:	N:	N:	N:	N:	N:	N:	N:
S:LGR6	S:GSM750060	D:-0.281828372	D:33.24657534	S:Down with age	D:1.23126803522564	N:	N:	N:	N:	N:	N:	N:	N:	N:
S:LGR6	S:GSM750061	D:-1.14994512	D:34.25479452	S:Down with age	D:0.312460460531908	N:	N:	N:	N:	N:	N:	N:	N:	N:
S:LGR6	S:GSM750062	D:-2.252652195	D:34.33972603	S:Down with age	D:-0.854635572936593	N:	N:	N:	N:	N:	N:	N:	N:	N:
S:LGR6	S:GSM750063	D:-1.377684208	D:34.46575342	S:Down with age	D:0.0714232963597875	N:	N:	N:	N:	N:	N:	N:	N:	N:
S:LGR6	S:GSM750064	D:-0.798554499	D:35.26575342	S:Down with age	D:0.684369382914703	N:	N:	N:	N:	N:	N:	N:	N:	N:
S:LGR6	S:GSM750065	D:-1.340175107	D:35.56164384	S:Down with age	D:0.111122618136669	N:	N:	N:	N:	N:	N:	N:	N:	N:
S:LGR6	S:GSM750066	D:-1.427516961	D:36.50136986	S:Down with age	D:0.0186807233939656	N:	N:	N:	N:	N:	N:	N:	N:	N:
S:LGR6	S:GSM750067	D:0.147478175	D:36.56438356	S:Down with age	D:1.68564252823936	N:	N:	N:	N:	N:	N:	N:	N:	N:
S:LGR6	S:GSM750068	D:-0.566401209	D:37.19178082	S:Down with age	D:0.93007850191683	N:	N:	N:	N:	N:	N:	N:	N:	N:
S:LGR6	S:GSM750069	D:-1.520618136	D:37.56438356	S:Down with age	D:-0.079856788985518	N:	N:	N:	N:	N:	N:	N:	N:	N:
S:LGR6	S:GSM750070	D:-0.378297866	D:38.4109589	S:Down with age	D:1.12916552191937	N:	N:	N:	N:	N:	N:	N:	N:	N:
S:LGR6	S:GSM750071	D:-2.013964629	D:38.6109589	S:Down with age	D:-0.602010630345333	N:	N:	N:	N:	N:	N:	N:	N:	N:
S:LGR6	S:GSM750072	D:-1.728488246	D:39.6630137	S:Down with age	D:-0.299864791435	N:	N:	N:	N:	N:	N:	N:	N:	N:
S:LGR6	S:GSM750073	D:-2.25436874	D:40.41643836	S:Down with age	D:-0.856452349944911	N:	N:	N:	N:	N:	N:	N:	N:	N:
S:LGR6	S:GSM750074	D:-1.710198146	D:40.60547945	S:Down with age	D:-0.280506701108299	N:	N:	N:	N:	N:	N:	N:	N:	N:
S:LGR6	S:GSM750075	D:0.784141161	D:40.84657534	S:Down with age	D:2.35948135857135	N:	N:	N:	N:	N:	N:	N:	N:	N:
S:LGR6	S:GSM750076	D:-1.20473642	D:41	S:Down with age	D:0.254469802497377	N:	N:	N:	N:	N:	N:	N:	N:	N:
S:LGR6	S:GSM750077	D:-2.019288384	D:41.04109589	S:Down with age	D:-0.607645248535897	N:	N:	N:	N:	N:	N:	N:	N:	N:
S:LGR6	S:GSM750078	D:-1.219451873	D:41.19726027	S:Down with age	D:0.23889508894347	N:	N:	N:	N:	N:	N:	N:	N:	N:
S:LGR6	S:GSM750079	D:-1.200165086	D:41.57808219	S:Down with age	D:0.259308064534519	N:	N:	N:	N:	N:	N:	N:	N:	N:
S:LGR6	S:GSM750080	D:-2.409143671	D:42.01643836	S:Down with age	D:-1.02026485477577	N:	N:	N:	N:	N:	N:	N:	N:	N:
S:LGR6	S:GSM750081	D:-0.671633312	D:42.06575342	S:Down with age	D:0.8187017158335	N:	N:	N:	N:	N:	N:	N:	N:	N:
S:LGR6	S:GSM750082	D:-1.217015672	D:42.70958904	S:Down with age	D:0.241473543900632	N:	N:	N:	N:	N:	N:	N:	N:	N:
S:LGR6	S:GSM750083	D:-1.35578825	D:42.83835616	S:Down with age	D:0.0945977969231333	N:	N:	N:	N:	N:	N:	N:	N:	N:
S:LGR6	S:GSM750084	D:-1.249210606	D:43.88219178	S:Down with age	D:0.20739869245454	N:	N:	N:	N:	N:	N:	N:	N:	N:
S:LGR6	S:GSM750085	D:2.22177976	D:44.16986301	S:Down with age	D:3.8810661425033	N:	N:	N:	N:	N:	N:	N:	N:	N:
S:LGR6	S:GSM750086	D:-1.702058035	D:44.47671233	S:Down with age	D:-0.271891275057738	N:	N:	N:	N:	N:	N:	N:	N:	N:
S:LGR6	S:GSM750087	D:0.43367921	D:44.84657534	S:Down with age	D:1.98855533282355	N:	N:	N:	N:	N:	N:	N:	N:	N:
S:LGR6	S:GSM750088	D:-1.517494314	D:45.32328767	S:Down with age	D:-0.0765505616581367	N:	N:	N:	N:	N:	N:	N:	N:	N:
S:LGR6	S:GSM750089	D:-2.067651749	D:45.40821918	S:Down with age	D:-0.658832633414777	N:	N:	N:	N:	N:	N:	N:	N:	N:
S:LGR6	S:GSM750090	D:-1.635771634	D:45.67671233	S:Down with age	D:-0.201734297349036	N:	N:	N:	N:	N:	N:	N:	N:	N:
S:LGR6	S:GSM750091	D:-2.818853845	D:45.78082192	S:Down with age	D:-1.45389870894061	N:	N:	N:	N:	N:	N:	N:	N:	N:
S:LGR6	S:GSM750092	D:-1.139022854	D:45.89041096	S:Down with age	D:0.324020496387385	N:	N:	N:	N:	N:	N:	N:	N:	N:
S:LGR6	S:GSM750093	D:-1.586560459	D:45.93972603	S:Down with age	D:-0.149649597389326	N:	N:	N:	N:	N:	N:	N:	N:	N:
S:LGR6	S:GSM750094	D:-0.613639771	D:46.10410959	S:Down with age	D:0.880081599215397	N:	N:	N:	N:	N:	N:	N:	N:	N:
S:LGR6	S:GSM750095	D:-2.47300557	D:46.10958904	S:Down with age	D:-1.087855759652	N:	N:	N:	N:	N:	N:	N:	N:	N:
S:LGR6	S:GSM750096	D:-1.838637122	D:46.55890411	S:Down with age	D:-0.416445449331489	N:	N:	N:	N:	N:	N:	N:	N:	N:
S:LGR6	S:GSM750097	D:-1.804847095	D:46.56164384	S:Down with age	D:-0.380682364667783	N:	N:	N:	N:	N:	N:	N:	N:	N:
S:LGR6	S:GSM750098	D:-2.576508183	D:46.60547945	S:Down with age	D:-1.19740206784624	N:	N:	N:	N:	N:	N:	N:	N:	N:
S:LGR6	S:GSM750099	D:-3.239364576	D:46.91506849	S:Down with age	D:-1.89896378316356	N:	N:	N:	N:	N:	N:	N:	N:	N:
S:LGR6	S:GSM750100	D:-1.91752238	D:46.96712329	S:Down with age	D:-0.499936952921361	N:	N:	N:	N:	N:	N:	N:	N:	N:
S:LGR6	S:GSM750101	D:-1.175847018	D:47.48493151	S:Down with age	D:0.285046106257355	N:	N:	N:	N:	N:	N:	N:	N:	N:
S:LGR6	S:GSM750102	D:-0.803544615	D:48.13150685	S:Down with age	D:0.679087885477908	N:	N:	N:	N:	N:	N:	N:	N:	N:
S:LGR6	S:GSM750103	D:-1.665802842	D:48.50410959	S:Down with age	D:-0.233519079120811	N:	N:	N:	N:	N:	N:	N:	N:	N:
S:LGR6	S:GSM750104	D:-3.226821307	D:48.63835616	S:Down with age	D:-1.8856880911611	N:	N:	N:	N:	N:	N:	N:	N:	N:
S:LGR6	S:GSM750105	D:-3.179258262	D:48.97808219	S:Down with age	D:-1.83534775834045	N:	N:	N:	N:	N:	N:	N:	N:	N:
S:LGR6	S:GSM750106	D:-2.135982568	D:31.56	S:Down with age	D:-0.731153406198931	N:	N:	N:	N:	N:	N:	N:	N:	N:
S:LGR6	S:GSM750107	D:-1.632045232	D:49.2	S:Down with age	D:-0.197790304341365	N:	N:	N:	N:	N:	N:	N:	N:	N:
S:LGR6	S:GSM750108	D:-2.070854087	D:49.2109589	S:Down with age	D:-0.662221961426139	N:	N:	N:	N:	N:	N:	N:	N:	N:
S:LGR6	S:GSM750109	D:-1.809397491	D:49.56164384	S:Down with age	D:-0.385498466099172	N:	N:	N:	N:	N:	N:	N:	N:	N:
S:LGR6	S:GSM750110	D:-0.87145441	D:49.75616438	S:Down with age	D:0.607212721007635	N:	N:	N:	N:	N:	N:	N:	N:	N:
S:LGR6	S:GSM750111	D:-1.828617277	D:49.75890411	S:Down with age	D:-0.40584052838685	N:	N:	N:	N:	N:	N:	N:	N:	N:
S:LGR6	S:GSM750112	D:-1.320331526	D:50.10958904	S:Down with age	D:0.132124899884895	N:	N:	N:	N:	N:	N:	N:	N:	N:
S:LGR6	S:GSM750113	D:-2.495210352	D:50.89863014	S:Down with age	D:-1.11135711697868	N:	N:	N:	N:	N:	N:	N:	N:	N:
S:LGR6	S:GSM750114	D:-2.317179729	D:51.03835616	S:Down with age	D:-0.922930980382766	N:	N:	N:	N:	N:	N:	N:	N:	N:
S:LGR6	S:GSM750115	D:-2.556660595	D:51.38630137	S:Down with age	D:-1.17639554512241	N:	N:	N:	N:	N:	N:	N:	N:	N:
S:LGR6	S:GSM750116	D:-1.521718988	D:51.47945205	S:Down with age	D:-0.0810219216229737	N:	N:	N:	N:	N:	N:	N:	N:	N:
S:LGR6	S:GSM750117	D:-1.127489961	D:51.58356164	S:Down with age	D:0.336226814801291	N:	N:	N:	N:	N:	N:	N:	N:	N:
S:LGR6	S:GSM750118	D:-2.675706323	D:51.61917808	S:Down with age	D:-1.3023925574751	N:	N:	N:	N:	N:	N:	N:	N:	N:
S:LGR6	S:GSM750119	D:-1.309726101	D:51.67123288	S:Down with age	D:0.143349593850649	N:	N:	N:	N:	N:	N:	N:	N:	N:
S:LGR6	S:GSM750120	D:-2.208181861	D:51.75068493	S:Down with age	D:-0.807568539818646	N:	N:	N:	N:	N:	N:	N:	N:	N:
S:LGR6	S:GSM750121	D:0.198595687	D:51.83287671	S:Down with age	D:1.73974487948797	N:	N:	N:	N:	N:	N:	N:	N:	N:
S:LGR6	S:GSM750122	D:-2.728088277	D:51.93972603	S:Down with age	D:-1.357833183662	N:	N:	N:	N:	N:	N:	N:	N:	N:
S:LGR6	S:GSM750123	D:-2.065037848	D:52.16438356	S:Down with age	D:-0.656066102249662	N:	N:	N:	N:	N:	N:	N:	N:	N:
S:LGR6	S:GSM750124	D:-1.165158471	D:53.29863014	S:Down with age	D:0.296358775859336	N:	N:	N:	N:	N:	N:	N:	N:	N:
S:LGR6	S:GSM750125	D:-0.977835891	D:53.39178082	S:Down with age	D:0.494619442770434	N:	N:	N:	N:	N:	N:	N:	N:	N:
S:LGR6	S:GSM750126	D:-1.398071318	D:53.59726027	S:Down with age	D:0.0498457480205009	N:	N:	N:	N:	N:	N:	N:	N:	N:
S:LGR6	S:GSM750127	D:-1.85063925	D:53.95616438	S:Down with age	D:-0.429148402182301	N:	N:	N:	N:	N:	N:	N:	N:	N:
S:LGR6	S:GSM750128	D:-1.934015419	D:53.97808219	S:Down with age	D:-0.51739304877233	N:	N:	N:	N:	N:	N:	N:	N:	N:
S:LGR6	S:GSM750129	D:-0.989047377	D:54.51780822	S:Down with age	D:0.482753298862826	N:	N:	N:	N:	N:	N:	N:	N:	N:
S:LGR6	S:GSM750130	D:-1.60519615	D:54.59452055	S:Down with age	D:-0.169373458367587	N:	N:	N:	N:	N:	N:	N:	N:	N:
S:LGR6	S:GSM750131	D:-1.650749648	D:55.43561644	S:Down with age	D:-0.217586903290315	N:	N:	N:	N:	N:	N:	N:	N:	N:
S:LGR6	S:GSM750132	D:-1.060033915	D:56.09041096	S:Down with age	D:0.407621735088774	N:	N:	N:	N:	N:	N:	N:	N:	N:
S:LGR6	S:GSM750133	D:-1.472130451	D:56.12876712	S:Down with age	D:-0.0285378248484917	N:	N:	N:	N:	N:	N:	N:	N:	N:
S:LGR6	S:GSM750134	D:-2.351125827	D:57.14794521	S:Down with age	D:-0.958859249299998	N:	N:	N:	N:	N:	N:	N:	N:	N:
S:LGR6	S:GSM750135	D:-2.59202168	D:57.48219178	S:Down with age	D:-1.21382142455884	N:	N:	N:	N:	N:	N:	N:	N:	N:
S:LGR6	S:GSM750136	D:-2.056721984	D:57.63287671	S:Down with age	D:-0.647264660679821	N:	N:	N:	N:	N:	N:	N:	N:	N:
S:LGR6	S:GSM750137	D:-1.459511844	D:57.86849315	S:Down with age	D:-0.0151823957309285	N:	N:	N:	N:	N:	N:	N:	N:	N:
S:LGR6	S:GSM750138	D:-2.717830587	D:57.93150685	S:Down with age	D:-1.34697652953965	N:	N:	N:	N:	N:	N:	N:	N:	N:
S:LGR6	S:GSM750139	D:-3.325240591	D:58.23287671	S:Down with age	D:-1.98985424605152	N:	N:	N:	N:	N:	N:	N:	N:	N:
S:LGR6	S:GSM750140	D:-1.986745321	D:58.23835616	S:Down with age	D:-0.573201940240068	N:	N:	N:	N:	N:	N:	N:	N:	N:
S:LGR6	S:GSM750141	D:-1.386138204	D:58.43561644	S:Down with age	D:0.062475657025417	N:	N:	N:	N:	N:	N:	N:	N:	N:
S:LGR6	S:GSM750142	D:-2.394487691	D:58.51780822	S:Down with age	D:-1.0047530869524	N:	N:	N:	N:	N:	N:	N:	N:	N:
S:LGR6	S:GSM750143	D:-1.883324896	D:58.60547945	S:Down with age	D:-0.463742619144186	N:	N:	N:	N:	N:	N:	N:	N:	N:
S:LGR6	S:GSM750144	D:-3.378038843	D:59.26027397	S:Down with age	D:-2.04573547859305	N:	N:	N:	N:	N:	N:	N:	N:	N:
S:LGR6	S:GSM750145	D:-1.890044422	D:59.61643836	S:Down with age	D:-0.470854509798727	N:	N:	N:	N:	N:	N:	N:	N:	N:
S:LGR6	S:GSM750146	D:-2.294156007	D:60.38630137	S:Down with age	D:-0.898562863744102	N:	N:	N:	N:	N:	N:	N:	N:	N:
S:LGR6	S:GSM750147	D:-1.210616016	D:60.73972603	S:Down with age	D:0.248246886796943	N:	N:	N:	N:	N:	N:	N:	N:	N:
S:LGR6	S:GSM750148	D:-1.295654211	D:60.76438356	S:Down with age	D:0.158243165656566	N:	N:	N:	N:	N:	N:	N:	N:	N:
S:LGR6	S:GSM750149	D:-2.555171978	D:61.16712329	S:Down with age	D:-1.17482000522116	N:	N:	N:	N:	N:	N:	N:	N:	N:
S:LGR6	S:GSM750150	D:-1.586935017	D:61.1890411	S:Down with age	D:-0.150046026473726	N:	N:	N:	N:	N:	N:	N:	N:	N:
S:LGR6	S:GSM750151	D:-1.784347474	D:61.95616438	S:Down with age	D:-0.358985735618125	N:	N:	N:	N:	N:	N:	N:	N:	N:
S:LGR6	S:GSM750152	D:-1.82813546	D:62.30684932	S:Down with age	D:-0.405330577265373	N:	N:	N:	N:	N:	N:	N:	N:	N:
S:LGR6	S:GSM750153	D:-1.212567769	D:62.78356164	S:Down with age	D:0.246181167589863	N:	N:	N:	N:	N:	N:	N:	N:	N:
S:LGR6	S:GSM750154	D:-2.289981648	D:63	S:Down with age	D:-0.89414475675846	N:	N:	N:	N:	N:	N:	N:	N:	N:
S:LGR6	S:GSM750155	D:-1.516749811	D:63.24109589	S:Down with age	D:-0.0757625858503227	N:	N:	N:	N:	N:	N:	N:	N:	N:
S:LGR6	S:GSM750156	D:-1.378314759	D:64.56164384	S:Down with age	D:0.0707559264048069	N:	N:	N:	N:	N:	N:	N:	N:	N:
S:LGR6	S:GSM750157	D:-2.036852882	D:64.90684932	S:Down with age	D:-0.626235367716609	N:	N:	N:	N:	N:	N:	N:	N:	N:
S:LGR6	S:GSM750158	D:-1.35122186	D:64.95890411	S:Down with age	D:0.0994308262716302	N:	N:	N:	N:	N:	N:	N:	N:	N:
S:LGR6	S:GSM750159	D:-1.610491798	D:65.04109589	S:Down with age	D:-0.174978328342186	N:	N:	N:	N:	N:	N:	N:	N:	N:
S:LGR6	S:GSM750160	D:-2.805177123	D:66.71506849	S:Down with age	D:-1.43942337967236	N:	N:	N:	N:	N:	N:	N:	N:	N:
S:LGR6	S:GSM750161	D:-1.653248681	D:68.5890411	S:Down with age	D:-0.220231859115784	N:	N:	N:	N:	N:	N:	N:	N:	N:
S:LGR6	S:GSM750162	D:-2.64037292	D:71.10958904	S:Down with age	D:-1.26499597643816	N:	N:	N:	N:	N:	N:	N:	N:	N:
S:LGR6	S:GSM750163	D:-1.466686283	D:71.81917808	S:Down with age	D:-0.0227757625362171	N:	N:	N:	N:	N:	N:	N:	N:	N:
S:LGR6	S:GSM750164	D:-2.808949651	D:73.27945205	S:Down with age	D:-1.44341619205633	N:	N:	N:	N:	N:	N:	N:	N:	N:
S:LGR6	S:GSM750165	D:-3.127830599	D:75.57260274	S:Down with age	D:-1.7809171458427	N:	N:	N:	N:	N:	N:	N:	N:	N:
S:LGR6	S:GSM750166	D:-3.007508924	D:77.9890411	S:Down with age	D:-1.65356968175503	N:	N:	N:	N:	N:	N:	N:	N:	N:
S:LGR6	S:GSM750167	D:-1.638899814	D:78.22739726	S:Down with age	D:-0.205045137147516	N:	N:	N:	N:	N:	N:	N:	N:	N:
S:CALB1	S:GSM750020	D:0.735660354	D:20.22191781	S:Down with age	D:0.769203509708994	N:	N:	N:	N:	N:	N:	N:	N:	N:
S:CALB1	S:GSM750021	D:1.039556073	D:20.78630137	S:Down with age	D:1.05431081095849	N:	N:	N:	N:	N:	N:	N:	N:	N:
S:CALB1	S:GSM750022	D:1.281508963	D:20.8630137	S:Down with age	D:1.28130491184419	N:	N:	N:	N:	N:	N:	N:	N:	N:
S:CALB1	S:GSM750023	D:0.720437906	D:20.94520548	S:Down with age	D:0.75492219280867	N:	N:	N:	N:	N:	N:	N:	N:	N:
S:CALB1	S:GSM750024	D:-0.905377068	D:21.01917808	S:Down with age	D:-0.770376423089782	N:	N:	N:	N:	N:	N:	N:	N:	N:
S:CALB1	S:GSM750025	D:1.013085327	D:21.4739726	S:Down with age	D:1.02947662448507	N:	N:	N:	N:	N:	N:	N:	N:	N:
S:CALB1	S:GSM750026	D:1.077873493	D:21.54794521	S:Down with age	D:1.09025924828098	N:	N:	N:	N:	N:	N:	N:	N:	N:
S:CALB1	S:GSM750027	D:0.640559289	D:22.10136986	S:Down with age	D:0.679982088369711	N:	N:	N:	N:	N:	N:	N:	N:	N:
S:CALB1	S:GSM750028	D:0.840348652	D:22.17260274	S:Down with age	D:0.867419431319865	N:	N:	N:	N:	N:	N:	N:	N:	N:
S:CALB1	S:GSM750029	D:0.29860636	D:22.7260274	S:Down with age	D:0.359170472258885	N:	N:	N:	N:	N:	N:	N:	N:	N:
S:CALB1	S:GSM750030	D:0.711759089	D:23.16438356	S:Down with age	D:0.74677994552381	N:	N:	N:	N:	N:	N:	N:	N:	N:
S:CALB1	S:GSM750031	D:-1.173215897	D:23.44383562	S:Down with age	D:-1.02165605926661	N:	N:	N:	N:	N:	N:	N:	N:	N:
S:CALB1	S:GSM750032	D:0.667594109	D:24.04109589	S:Down with age	D:0.705345474847577	N:	N:	N:	N:	N:	N:	N:	N:	N:
S:CALB1	S:GSM750033	D:0.867733443	D:24.26575342	S:Down with age	D:0.893111151765889	N:	N:	N:	N:	N:	N:	N:	N:	N:
S:CALB1	S:GSM750034	D:0.991025898	D:24.61643836	S:Down with age	D:1.0087810243957	N:	N:	N:	N:	N:	N:	N:	N:	N:
S:CALB1	S:GSM750035	D:0.639713995	D:24.62739726	S:Down with age	D:0.679189054851847	N:	N:	N:	N:	N:	N:	N:	N:	N:
S:CALB1	S:GSM750036	D:0.837346051	D:24.80273973	S:Down with age	D:0.864602466768156	N:	N:	N:	N:	N:	N:	N:	N:	N:
S:CALB1	S:GSM750037	D:0.86372156	D:24.85205479	S:Down with age	D:0.88934730428945	N:	N:	N:	N:	N:	N:	N:	N:	N:
S:CALB1	S:GSM750038	D:0.797974824	D:25.84109589	S:Down with age	D:0.827665374288576	N:	N:	N:	N:	N:	N:	N:	N:	N:
S:CALB1	S:GSM750039	D:1.386291532	D:26.19726027	S:Down with age	D:1.37960927613034	N:	N:	N:	N:	N:	N:	N:	N:	N:
S:CALB1	S:GSM750040	D:1.054573318	D:26.53150685	S:Down with age	D:1.06839961157813	N:	N:	N:	N:	N:	N:	N:	N:	N:
S:CALB1	S:GSM750041	D:-0.091197973	D:26.74520548	S:Down with age	D:-0.00653412457681846	N:	N:	N:	N:	N:	N:	N:	N:	N:
S:CALB1	S:GSM750042	D:0.550604671	D:26.78356164	S:Down with age	D:0.595588933845183	N:	N:	N:	N:	N:	N:	N:	N:	N:
S:CALB1	S:GSM750043	D:1.006952922	D:27.21643836	S:Down with age	D:1.0237233567343	N:	N:	N:	N:	N:	N:	N:	N:	N:
S:CALB1	S:GSM750044	D:0.571263548	D:27.49863014	S:Down with age	D:0.61497057136116	N:	N:	N:	N:	N:	N:	N:	N:	N:
S:CALB1	S:GSM750045	D:0.592538614	D:28.36438356	S:Down with age	D:0.634930301860572	N:	N:	N:	N:	N:	N:	N:	N:	N:
S:CALB1	S:GSM750046	D:0.894781733	D:28.5890411	S:Down with age	D:0.918487175458128	N:	N:	N:	N:	N:	N:	N:	N:	N:
S:CALB1	S:GSM750047	D:0.761238412	D:29.52876712	S:Down with age	D:0.793200198808728	N:	N:	N:	N:	N:	N:	N:	N:	N:
S:CALB1	S:GSM750048	D:0.356128571	D:29.82739726	S:Down with age	D:0.413136360274945	N:	N:	N:	N:	N:	N:	N:	N:	N:
S:CALB1	S:GSM750049	D:0.133628577	D:29.97260274	S:Down with age	D:0.204392475938194	N:	N:	N:	N:	N:	N:	N:	N:	N:
S:CALB1	S:GSM750050	D:1.429766533	D:29.98630137	S:Down with age	D:1.42039642590566	N:	N:	N:	N:	N:	N:	N:	N:	N:
S:CALB1	S:GSM750051	D:0.635672795	D:30.03287671	S:Down with age	D:0.675397702905196	N:	N:	N:	N:	N:	N:	N:	N:	N:
S:CALB1	S:GSM750052	D:1.075105708	D:30.04383562	S:Down with age	D:1.08766258217991	N:	N:	N:	N:	N:	N:	N:	N:	N:
S:CALB1	S:GSM750053	D:0.927027333	D:30.49589041	S:Down with age	D:0.948739184349279	N:	N:	N:	N:	N:	N:	N:	N:	N:
S:CALB1	S:GSM750054	D:0.715084326	D:31.54794521	S:Down with age	D:0.749899599035892	N:	N:	N:	N:	N:	N:	N:	N:	N:
S:CALB1	S:GSM750056	D:0.762333807	D:31.62191781	S:Down with age	D:0.794227870778836	N:	N:	N:	N:	N:	N:	N:	N:	N:
S:CALB1	S:GSM750057	D:0.747766585	D:31.76712329	S:Down with age	D:0.780561270391082	N:	N:	N:	N:	N:	N:	N:	N:	N:
S:CALB1	S:GSM750058	D:0.422507273	D:32.69589041	S:Down with age	D:0.475411184842858	N:	N:	N:	N:	N:	N:	N:	N:	N:
S:CALB1	S:GSM750059	D:0.738988825	D:32.99726027	S:Down with age	D:0.772326197278335	N:	N:	N:	N:	N:	N:	N:	N:	N:
S:CALB1	S:GSM750060	D:-2.10433819	D:33.24657534	S:Down with age	D:-1.89521151757985	N:	N:	N:	N:	N:	N:	N:	N:	N:
S:CALB1	S:GSM750061	D:1.162859487	D:34.25479452	S:Down with age	D:1.16999096504579	N:	N:	N:	N:	N:	N:	N:	N:	N:
S:CALB1	S:GSM750062	D:0.697363239	D:34.33972603	S:Down with age	D:0.733274122025544	N:	N:	N:	N:	N:	N:	N:	N:	N:
S:CALB1	S:GSM750063	D:0.233303494	D:34.46575342	S:Down with age	D:0.297904969900434	N:	N:	N:	N:	N:	N:	N:	N:	N:
S:CALB1	S:GSM750064	D:0.375850313	D:35.26575342	S:Down with age	D:0.431638801362504	N:	N:	N:	N:	N:	N:	N:	N:	N:
S:CALB1	S:GSM750065	D:-0.557777991	D:35.56164384	S:Down with age	D:-0.444267733285281	N:	N:	N:	N:	N:	N:	N:	N:	N:
S:CALB1	S:GSM750066	D:0.090268126	D:36.50136986	S:Down with age	D:0.16371279408466	N:	N:	N:	N:	N:	N:	N:	N:	N:
S:CALB1	S:GSM750067	D:-0.811347208	D:36.56438356	S:Down with age	D:-0.682159979272525	N:	N:	N:	N:	N:	N:	N:	N:	N:
S:CALB1	S:GSM750068	D:0.267173727	D:37.19178082	S:Down with age	D:0.329681168509278	N:	N:	N:	N:	N:	N:	N:	N:	N:
S:CALB1	S:GSM750069	D:0.564465484	D:37.56438356	S:Down with age	D:0.608592799120277	N:	N:	N:	N:	N:	N:	N:	N:	N:
S:CALB1	S:GSM750070	D:0.633793004	D:38.4109589	S:Down with age	D:0.673634130385364	N:	N:	N:	N:	N:	N:	N:	N:	N:
S:CALB1	S:GSM750071	D:1.003753883	D:38.6109589	S:Down with age	D:1.02072209900391	N:	N:	N:	N:	N:	N:	N:	N:	N:
S:CALB1	S:GSM750072	D:0.159127784	D:39.6630137	S:Down with age	D:0.228315189017849	N:	N:	N:	N:	N:	N:	N:	N:	N:
S:CALB1	S:GSM750073	D:-0.577634145	D:40.41643836	S:Down with age	D:-0.462896276322224	N:	N:	N:	N:	N:	N:	N:	N:	N:
S:CALB1	S:GSM750074	D:0.553147947	D:40.60547945	S:Down with age	D:0.597974971263145	N:	N:	N:	N:	N:	N:	N:	N:	N:
S:CALB1	S:GSM750075	D:-3.15752399	D:40.84657534	S:Down with age	D:-2.88328388049555	N:	N:	N:	N:	N:	N:	N:	N:	N:
S:CALB1	S:GSM750076	D:-0.0068297	D:41	S:Down with age	D:0.072618061920784	N:	N:	N:	N:	N:	N:	N:	N:	N:
S:CALB1	S:GSM750077	D:0.197653495	D:41.04109589	S:Down with age	D:0.264459039704762	N:	N:	N:	N:	N:	N:	N:	N:	N:
S:CALB1	S:GSM750078	D:0.56833997	D:41.19726027	S:Down with age	D:0.612227744195594	N:	N:	N:	N:	N:	N:	N:	N:	N:
S:CALB1	S:GSM750079	D:-1.165010144	D:41.57808219	S:Down with age	D:-1.01395762869889	N:	N:	N:	N:	N:	N:	N:	N:	N:
S:CALB1	S:GSM750080	D:-0.770734524	D:42.01643836	S:Down with age	D:-0.644058183137192	N:	N:	N:	N:	N:	N:	N:	N:	N:
S:CALB1	S:GSM750081	D:1.314265862	D:42.06575342	S:Down with age	D:1.31203660856543	N:	N:	N:	N:	N:	N:	N:	N:	N:
S:CALB1	S:GSM750082	D:1.028317971	D:42.70958904	S:Down with age	D:1.04376750701552	N:	N:	N:	N:	N:	N:	N:	N:	N:
S:CALB1	S:GSM750083	D:-0.110166345	D:42.83835616	S:Down with age	D:-0.0243297729255751	N:	N:	N:	N:	N:	N:	N:	N:	N:
S:CALB1	S:GSM750084	D:0.509137205	D:43.88219178	S:Down with age	D:0.556685202789612	N:	N:	N:	N:	N:	N:	N:	N:	N:
S:CALB1	S:GSM750085	D:-3.199245708	D:44.16986301	S:Down with age	D:-2.9224261443669	N:	N:	N:	N:	N:	N:	N:	N:	N:
S:CALB1	S:GSM750086	D:0.420157463	D:44.47671233	S:Down with age	D:0.473206652348114	N:	N:	N:	N:	N:	N:	N:	N:	N:
S:CALB1	S:GSM750087	D:0.095670713	D:44.84657534	S:Down with age	D:0.168781364989193	N:	N:	N:	N:	N:	N:	N:	N:	N:
S:CALB1	S:GSM750088	D:-0.26264827	D:45.32328767	S:Down with age	D:-0.167384470336691	N:	N:	N:	N:	N:	N:	N:	N:	N:
S:CALB1	S:GSM750089	D:-0.117026418	D:45.40821918	S:Down with age	D:-0.0307657204467857	N:	N:	N:	N:	N:	N:	N:	N:	N:
S:CALB1	S:GSM750090	D:-0.136675604	D:45.67671233	S:Down with age	D:-0.0492000913245454	N:	N:	N:	N:	N:	N:	N:	N:	N:
S:CALB1	S:GSM750091	D:-3.871777126	D:45.78082192	S:Down with age	D:-3.55337816377155	N:	N:	N:	N:	N:	N:	N:	N:	N:
S:CALB1	S:GSM750092	D:0.269098236	D:45.89041096	S:Down with age	D:0.331486694329207	N:	N:	N:	N:	N:	N:	N:	N:	N:
S:CALB1	S:GSM750093	D:0.259582031	D:45.93972603	S:Down with age	D:0.322558830736345	N:	N:	N:	N:	N:	N:	N:	N:	N:
S:CALB1	S:GSM750094	D:0.29407943	D:46.10410959	S:Down with age	D:0.354923420673254	N:	N:	N:	N:	N:	N:	N:	N:	N:
S:CALB1	S:GSM750095	D:0.486395881	D:46.10958904	S:Down with age	D:0.535349866004297	N:	N:	N:	N:	N:	N:	N:	N:	N:
S:CALB1	S:GSM750096	D:0.319218787	D:46.55890411	S:Down with age	D:0.378508531556036	N:	N:	N:	N:	N:	N:	N:	N:	N:
S:CALB1	S:GSM750097	D:0.389183178	D:46.56164384	S:Down with age	D:0.444147359135488	N:	N:	N:	N:	N:	N:	N:	N:	N:
S:CALB1	S:GSM750098	D:0.520757917	D:46.60547945	S:Down with age	D:0.5675874617876	N:	N:	N:	N:	N:	N:	N:	N:	N:
S:CALB1	S:GSM750099	D:-0.451658731	D:46.91506849	S:Down with age	D:-0.344709319205766	N:	N:	N:	N:	N:	N:	N:	N:	N:
S:CALB1	S:GSM750100	D:-0.023746549	D:46.96712329	S:Down with age	D:0.0567471007242714	N:	N:	N:	N:	N:	N:	N:	N:	N:
S:CALB1	S:GSM750101	D:0.143923361	D:47.48493151	S:Down with age	D:0.214050782718049	N:	N:	N:	N:	N:	N:	N:	N:	N:
S:CALB1	S:GSM750102	D:0.154097234	D:48.13150685	S:Down with age	D:0.22359565384631	N:	N:	N:	N:	N:	N:	N:	N:	N:
S:CALB1	S:GSM750103	D:0.15113159	D:48.50410959	S:Down with age	D:0.220813361420181	N:	N:	N:	N:	N:	N:	N:	N:	N:
S:CALB1	S:GSM750104	D:-0.138456654	D:48.63835616	S:Down with age	D:-0.0508710275277975	N:	N:	N:	N:	N:	N:	N:	N:	N:
S:CALB1	S:GSM750105	D:0.506353205	D:48.97808219	S:Down with age	D:0.554073324184377	N:	N:	N:	N:	N:	N:	N:	N:	N:
S:CALB1	S:GSM750106	D:-0.050876481	D:31.56	S:Down with age	D:0.0312944825661248	N:	N:	N:	N:	N:	N:	N:	N:	N:
S:CALB1	S:GSM750107	D:0.667561705	D:49.2	S:Down with age	D:0.7053150742318	N:	N:	N:	N:	N:	N:	N:	N:	N:
S:CALB1	S:GSM750108	D:0.277172566	D:49.2109589	S:Down with age	D:0.339061827151983	N:	N:	N:	N:	N:	N:	N:	N:	N:
S:CALB1	S:GSM750109	D:0.344835112	D:49.56164384	S:Down with age	D:0.402541121790319	N:	N:	N:	N:	N:	N:	N:	N:	N:
S:CALB1	S:GSM750110	D:-1.58967461	D:49.75616438	S:Down with age	D:-1.41236712336446	N:	N:	N:	N:	N:	N:	N:	N:	N:
S:CALB1	S:GSM750111	D:-0.0123032	D:49.75890411	S:Down with age	D:0.0674829622276253	N:	N:	N:	N:	N:	N:	N:	N:	N:
S:CALB1	S:GSM750112	D:0.140394572	D:50.10958904	S:Down with age	D:0.210740161851853	N:	N:	N:	N:	N:	N:	N:	N:	N:
S:CALB1	S:GSM750113	D:0.90665438	D:50.89863014	S:Down with age	D:0.929625793520918	N:	N:	N:	N:	N:	N:	N:	N:	N:
S:CALB1	S:GSM750114	D:0.216894504	D:51.03835616	S:Down with age	D:0.282510469212749	N:	N:	N:	N:	N:	N:	N:	N:	N:
S:CALB1	S:GSM750115	D:-0.896033263	D:51.38630137	S:Down with age	D:-0.761610300830088	N:	N:	N:	N:	N:	N:	N:	N:	N:
S:CALB1	S:GSM750116	D:-0.113847681	D:51.47945205	S:Down with age	D:-0.0277835095409061	N:	N:	N:	N:	N:	N:	N:	N:	N:
S:CALB1	S:GSM750117	D:0.071819803	D:51.58356164	S:Down with age	D:0.146405042595377	N:	N:	N:	N:	N:	N:	N:	N:	N:
S:CALB1	S:GSM750118	D:0.073497075	D:51.61917808	S:Down with age	D:0.147978616895649	N:	N:	N:	N:	N:	N:	N:	N:	N:
S:CALB1	S:GSM750119	D:-0.88464525	D:51.67123288	S:Down with age	D:-0.750926354166712	N:	N:	N:	N:	N:	N:	N:	N:	N:
S:CALB1	S:GSM750120	D:-0.499532721	D:51.75068493	S:Down with age	D:-0.389623489546367	N:	N:	N:	N:	N:	N:	N:	N:	N:
S:CALB1	S:GSM750121	D:-1.851640808	D:51.83287671	S:Down with age	D:-1.65813720520747	N:	N:	N:	N:	N:	N:	N:	N:	N:
S:CALB1	S:GSM750122	D:0.402003175	D:51.93972603	S:Down with age	D:0.456174757082139	N:	N:	N:	N:	N:	N:	N:	N:	N:
S:CALB1	S:GSM750123	D:0.248133986	D:52.16438356	S:Down with age	D:0.311818563564194	N:	N:	N:	N:	N:	N:	N:	N:	N:
S:CALB1	S:GSM750124	D:-0.152791249	D:53.29863014	S:Down with age	D:-0.0643193831295246	N:	N:	N:	N:	N:	N:	N:	N:	N:
S:CALB1	S:GSM750125	D:-0.440318357	D:53.39178082	S:Down with age	D:-0.334070066251037	N:	N:	N:	N:	N:	N:	N:	N:	N:
S:CALB1	S:GSM750126	D:0.11025814	D:53.59726027	S:Down with age	D:0.182466921198506	N:	N:	N:	N:	N:	N:	N:	N:	N:
S:CALB1	S:GSM750127	D:0.872665454	D:53.95616438	S:Down with age	D:0.897738240132155	N:	N:	N:	N:	N:	N:	N:	N:	N:
S:CALB1	S:GSM750128	D:0.05681665	D:53.97808219	S:Down with age	D:0.132329462734828	N:	N:	N:	N:	N:	N:	N:	N:	N:
S:CALB1	S:GSM750129	D:0.203072508	D:54.51780822	S:Down with age	D:0.269543021068336	N:	N:	N:	N:	N:	N:	N:	N:	N:
S:CALB1	S:GSM750130	D:0.424317871	D:54.59452055	S:Down with age	D:0.477109842234698	N:	N:	N:	N:	N:	N:	N:	N:	N:
S:CALB1	S:GSM750131	D:0.554921702	D:55.43561644	S:Down with age	D:0.599639063481331	N:	N:	N:	N:	N:	N:	N:	N:	N:
S:CALB1	S:GSM750132	D:0.233703944	D:56.09041096	S:Down with age	D:0.298280661993633	N:	N:	N:	N:	N:	N:	N:	N:	N:
S:CALB1	S:GSM750133	D:-0.780464914	D:56.12876712	S:Down with age	D:-0.653186989696672	N:	N:	N:	N:	N:	N:	N:	N:	N:
S:CALB1	S:GSM750134	D:-4.475819407	D:57.14794521	S:Down with age	D:-4.12007540170303	N:	N:	N:	N:	N:	N:	N:	N:	N:
S:CALB1	S:GSM750135	D:-2.244247165	D:57.48219178	S:Down with age	D:-2.02647059031076	N:	N:	N:	N:	N:	N:	N:	N:	N:
S:CALB1	S:GSM750136	D:-0.125600697	D:57.63287671	S:Down with age	D:-0.0388098928158287	N:	N:	N:	N:	N:	N:	N:	N:	N:
S:CALB1	S:GSM750137	D:-3.150142496	D:57.86849315	S:Down with age	D:-2.87635874893905	N:	N:	N:	N:	N:	N:	N:	N:	N:
S:CALB1	S:GSM750138	D:-1.103393447	D:57.93150685	S:Down with age	D:-0.95615039715451	N:	N:	N:	N:	N:	N:	N:	N:	N:
S:CALB1	S:GSM750139	D:-0.762944066	D:58.23287671	S:Down with age	D:-0.63674937186737	N:	N:	N:	N:	N:	N:	N:	N:	N:
S:CALB1	S:GSM750140	D:-0.538287026	D:58.23835616	S:Down with age	D:-0.425981801360394	N:	N:	N:	N:	N:	N:	N:	N:	N:
S:CALB1	S:GSM750141	D:-2.422565175	D:58.43561644	S:Down with age	D:-2.19376405124721	N:	N:	N:	N:	N:	N:	N:	N:	N:
S:CALB1	S:GSM750142	D:-0.609969808	D:58.51780822	S:Down with age	D:-0.49323278004916	N:	N:	N:	N:	N:	N:	N:	N:	N:
S:CALB1	S:GSM750143	D:-0.24213125	D:58.60547945	S:Down with age	D:-0.148135919481383	N:	N:	N:	N:	N:	N:	N:	N:	N:
S:CALB1	S:GSM750144	D:-1.046772877	D:59.26027397	S:Down with age	D:-0.903030405991001	N:	N:	N:	N:	N:	N:	N:	N:	N:
S:CALB1	S:GSM750145	D:0.099311708	D:59.61643836	S:Down with age	D:0.172197254695467	N:	N:	N:	N:	N:	N:	N:	N:	N:
S:CALB1	S:GSM750146	D:-0.611448781	D:60.38630137	S:Down with age	D:-0.494620315227472	N:	N:	N:	N:	N:	N:	N:	N:	N:
S:CALB1	S:GSM750147	D:-0.26075732	D:60.73972603	S:Down with age	D:-0.165610428724418	N:	N:	N:	N:	N:	N:	N:	N:	N:
S:CALB1	S:GSM750148	D:-0.451821287	D:60.76438356	S:Down with age	D:-0.344861825146338	N:	N:	N:	N:	N:	N:	N:	N:	N:
S:CALB1	S:GSM750149	D:-0.703391336	D:61.16712329	S:Down with age	D:-0.580878502122278	N:	N:	N:	N:	N:	N:	N:	N:	N:
S:CALB1	S:GSM750150	D:-3.085336905	D:61.1890411	S:Down with age	D:-2.81555977744749	N:	N:	N:	N:	N:	N:	N:	N:	N:
S:CALB1	S:GSM750151	D:-0.383724717	D:61.95616438	S:Down with age	D:-0.280975340134525	N:	N:	N:	N:	N:	N:	N:	N:	N:
S:CALB1	S:GSM750152	D:-0.607770004	D:62.30684932	S:Down with age	D:-0.491168979401419	N:	N:	N:	N:	N:	N:	N:	N:	N:
S:CALB1	S:GSM750153	D:-0.336275417	D:62.78356164	S:Down with age	D:-0.236459603243944	N:	N:	N:	N:	N:	N:	N:	N:	N:
S:CALB1	S:GSM750154	D:-0.683482466	D:63	S:Down with age	D:-0.562200502263297	N:	N:	N:	N:	N:	N:	N:	N:	N:
S:CALB1	S:GSM750155	D:-0.189225715	D:63.24109589	S:Down with age	D:-0.0985012804853299	N:	N:	N:	N:	N:	N:	N:	N:	N:
S:CALB1	S:GSM750156	D:-0.549490626	D:64.56164384	S:Down with age	D:-0.436492736396892	N:	N:	N:	N:	N:	N:	N:	N:	N:
S:CALB1	S:GSM750157	D:0.374183238	D:64.90684932	S:Down with age	D:0.430074793630528	N:	N:	N:	N:	N:	N:	N:	N:	N:
S:CALB1	S:GSM750158	D:0.150845431	D:64.95890411	S:Down with age	D:0.22054489426149	N:	N:	N:	N:	N:	N:	N:	N:	N:
S:CALB1	S:GSM750159	D:-0.952654846	D:65.04109589	S:Down with age	D:-0.814731242364656	N:	N:	N:	N:	N:	N:	N:	N:	N:
S:CALB1	S:GSM750160	D:-3.004949844	D:66.71506849	S:Down with age	D:-2.74014266366746	N:	N:	N:	N:	N:	N:	N:	N:	N:
S:CALB1	S:GSM750161	D:-0.335810193	D:68.5890411	S:Down with age	D:-0.236023141817133	N:	N:	N:	N:	N:	N:	N:	N:	N:
S:CALB1	S:GSM750162	D:0.310868365	D:71.10958904	S:Down with age	D:0.370674376180143	N:	N:	N:	N:	N:	N:	N:	N:	N:
S:CALB1	S:GSM750163	D:-0.41987651	D:71.81917808	S:Down with age	D:-0.314892040808944	N:	N:	N:	N:	N:	N:	N:	N:	N:
S:CALB1	S:GSM750164	D:-0.837467945	D:73.27945205	S:Down with age	D:-0.706665796127148	N:	N:	N:	N:	N:	N:	N:	N:	N:
S:CALB1	S:GSM750165	D:-2.036845239	D:75.57260274	S:Down with age	D:-1.8318913326944	N:	N:	N:	N:	N:	N:	N:	N:	N:
S:CALB1	S:GSM750166	D:-0.570964361	D:77.9890411	S:Down with age	D:-0.456638853142936	N:	N:	N:	N:	N:	N:	N:	N:	N:
S:CALB1	S:GSM750167	D:-1.62976689	D:78.22739726	S:Down with age	D:-1.44998068958827	N:	N:	N:	N:	N:	N:	N:	N:	N:
S:PENK	S:GSM750020	D:-0.882378215	D:20.22191781	S:Down with age	D:1.54266917634337	N:	N:	N:	N:	N:	N:	N:	N:	N:
S:PENK	S:GSM750021	D:-2.66607286	D:20.78630137	S:Down with age	D:-0.612724184995126	N:	N:	N:	N:	N:	N:	N:	N:	N:
S:PENK	S:GSM750022	D:-0.892591921	D:20.8630137	S:Down with age	D:1.53032706713271	N:	N:	N:	N:	N:	N:	N:	N:	N:
S:PENK	S:GSM750023	D:-1.623993829	D:20.94520548	S:Down with age	D:0.646510534189363	N:	N:	N:	N:	N:	N:	N:	N:	N:
S:PENK	S:GSM750024	D:-2.795725164	D:21.01917808	S:Down with age	D:-0.769394339333029	N:	N:	N:	N:	N:	N:	N:	N:	N:
S:PENK	S:GSM750025	D:-1.576868208	D:21.4739726	S:Down with age	D:0.703456520396747	N:	N:	N:	N:	N:	N:	N:	N:	N:
S:PENK	S:GSM750026	D:-1.134902781	D:21.54794521	S:Down with age	D:1.23752178205308	N:	N:	N:	N:	N:	N:	N:	N:	N:
S:PENK	S:GSM750027	D:-1.558192476	D:22.10136986	S:Down with age	D:0.726024031536489	N:	N:	N:	N:	N:	N:	N:	N:	N:
S:PENK	S:GSM750028	D:-1.793493273	D:22.17260274	S:Down with age	D:0.441689615220822	N:	N:	N:	N:	N:	N:	N:	N:	N:
S:PENK	S:GSM750029	D:-1.101461481	D:22.7260274	S:Down with age	D:1.27793181311786	N:	N:	N:	N:	N:	N:	N:	N:	N:
S:PENK	S:GSM750030	D:0.116261156	D:23.16438356	S:Down with age	D:2.74941197655212	N:	N:	N:	N:	N:	N:	N:	N:	N:
S:PENK	S:GSM750031	D:-3.679422661	D:23.44383562	S:Down with age	D:-1.83724287708835	N:	N:	N:	N:	N:	N:	N:	N:	N:
S:PENK	S:GSM750032	D:-1.177084668	D:24.04109589	S:Down with age	D:1.18654973957743	N:	N:	N:	N:	N:	N:	N:	N:	N:
S:PENK	S:GSM750033	D:-1.776135091	D:24.26575342	S:Down with age	D:0.462665016112775	N:	N:	N:	N:	N:	N:	N:	N:	N:
S:PENK	S:GSM750034	D:-0.405565921	D:24.61643836	S:Down with age	D:2.11884293790791	N:	N:	N:	N:	N:	N:	N:	N:	N:
S:PENK	S:GSM750035	D:-1.460510615	D:24.62739726	S:Down with age	D:0.844061519238085	N:	N:	N:	N:	N:	N:	N:	N:	N:
S:PENK	S:GSM750036	D:-1.072688561	D:24.80273973	S:Down with age	D:1.3127006346357	N:	N:	N:	N:	N:	N:	N:	N:	N:
S:PENK	S:GSM750037	D:-1.418384335	D:24.85205479	S:Down with age	D:0.894966366939686	N:	N:	N:	N:	N:	N:	N:	N:	N:
S:PENK	S:GSM750038	D:-1.378002062	D:25.84109589	S:Down with age	D:0.9437637793129	N:	N:	N:	N:	N:	N:	N:	N:	N:
S:PENK	S:GSM750039	D:-1.52666019	D:26.19726027	S:Down with age	D:0.76412723496469	N:	N:	N:	N:	N:	N:	N:	N:	N:
S:PENK	S:GSM750040	D:-1.561783003	D:26.53150685	S:Down with age	D:0.721685285506612	N:	N:	N:	N:	N:	N:	N:	N:	N:
S:PENK	S:GSM750041	D:-1.747761867	D:26.74520548	S:Down with age	D:0.496950850193625	N:	N:	N:	N:	N:	N:	N:	N:	N:
S:PENK	S:GSM750042	D:-1.342382094	D:26.78356164	S:Down with age	D:0.986806484393337	N:	N:	N:	N:	N:	N:	N:	N:	N:
S:PENK	S:GSM750043	D:-1.502520125	D:27.21643836	S:Down with age	D:0.793297774882569	N:	N:	N:	N:	N:	N:	N:	N:	N:
S:PENK	S:GSM750044	D:-2.239056184	D:27.49863014	S:Down with age	D:-0.0967227992135192	N:	N:	N:	N:	N:	N:	N:	N:	N:
S:PENK	S:GSM750045	D:-1.50236687	D:28.36438356	S:Down with age	D:0.793482966227129	N:	N:	N:	N:	N:	N:	N:	N:	N:
S:PENK	S:GSM750046	D:-1.294871464	D:28.5890411	S:Down with age	D:1.04421771045833	N:	N:	N:	N:	N:	N:	N:	N:	N:
S:PENK	S:GSM750047	D:-1.564780523	D:29.52876712	S:Down with age	D:0.718063121406613	N:	N:	N:	N:	N:	N:	N:	N:	N:
S:PENK	S:GSM750048	D:-1.549397073	D:29.82739726	S:Down with age	D:0.73665228188732	N:	N:	N:	N:	N:	N:	N:	N:	N:
S:PENK	S:GSM750049	D:-2.485036803	D:29.97260274	S:Down with age	D:-0.393962573239153	N:	N:	N:	N:	N:	N:	N:	N:	N:
S:PENK	S:GSM750050	D:-1.415861076	D:29.98630137	S:Down with age	D:0.898015440228538	N:	N:	N:	N:	N:	N:	N:	N:	N:
S:PENK	S:GSM750051	D:-1.3659969	D:30.03287671	S:Down with age	D:0.958270660605126	N:	N:	N:	N:	N:	N:	N:	N:	N:
S:PENK	S:GSM750052	D:-1.956599955	D:30.04383562	S:Down with age	D:0.244593626533392	N:	N:	N:	N:	N:	N:	N:	N:	N:
S:PENK	S:GSM750053	D:-1.269130999	D:30.49589041	S:Down with age	D:1.07532215287749	N:	N:	N:	N:	N:	N:	N:	N:	N:
S:PENK	S:GSM750054	D:-1.651026187	D:31.54794521	S:Down with age	D:0.613844985106815	N:	N:	N:	N:	N:	N:	N:	N:	N:
S:PENK	S:GSM750056	D:-2.239865584	D:31.62191781	S:Down with age	D:-0.0977008676242518	N:	N:	N:	N:	N:	N:	N:	N:	N:
S:PENK	S:GSM750057	D:-1.966138532	D:31.76712329	S:Down with age	D:0.233067334407076	N:	N:	N:	N:	N:	N:	N:	N:	N:
S:PENK	S:GSM750058	D:-1.69573706	D:32.69589041	S:Down with age	D:0.559816948910155	N:	N:	N:	N:	N:	N:	N:	N:	N:
S:PENK	S:GSM750059	D:-1.137375915	D:32.99726027	S:Down with age	D:1.23453327916093	N:	N:	N:	N:	N:	N:	N:	N:	N:
S:PENK	S:GSM750060	D:-3.270278069	D:33.24657534	S:Down with age	D:-1.34283788467758	N:	N:	N:	N:	N:	N:	N:	N:	N:
S:PENK	S:GSM750061	D:-1.52493287	D:34.25479452	S:Down with age	D:0.766214505939766	N:	N:	N:	N:	N:	N:	N:	N:	N:
S:PENK	S:GSM750062	D:-1.648861399	D:34.33972603	S:Down with age	D:0.616460886711378	N:	N:	N:	N:	N:	N:	N:	N:	N:
S:PENK	S:GSM750063	D:-2.184343617	D:34.46575342	S:Down with age	D:-0.0306088463437515	N:	N:	N:	N:	N:	N:	N:	N:	N:
S:PENK	S:GSM750064	D:-2.054846894	D:35.26575342	S:Down with age	D:0.125873305941507	N:	N:	N:	N:	N:	N:	N:	N:	N:
S:PENK	S:GSM750065	D:-1.436597156	D:35.56164384	S:Down with age	D:0.87295823141902	N:	N:	N:	N:	N:	N:	N:	N:	N:
S:PENK	S:GSM750066	D:-1.631384813	D:36.50136986	S:Down with age	D:0.637579365453719	N:	N:	N:	N:	N:	N:	N:	N:	N:
S:PENK	S:GSM750067	D:-1.746738292	D:36.56438356	S:Down with age	D:0.49818772488292	N:	N:	N:	N:	N:	N:	N:	N:	N:
S:PENK	S:GSM750068	D:-2.182380466	D:37.19178082	S:Down with age	D:-0.0282366002619648	N:	N:	N:	N:	N:	N:	N:	N:	N:
S:PENK	S:GSM750069	D:-1.408134335	D:37.56438356	S:Down with age	D:0.907352333346913	N:	N:	N:	N:	N:	N:	N:	N:	N:
S:PENK	S:GSM750070	D:-2.456212357	D:38.4109589	S:Down with age	D:-0.359131488374479	N:	N:	N:	N:	N:	N:	N:	N:	N:
S:PENK	S:GSM750071	D:-2.024066884	D:38.6109589	S:Down with age	D:0.163067468856053	N:	N:	N:	N:	N:	N:	N:	N:	N:
S:PENK	S:GSM750072	D:-1.79884459	D:39.6630137	S:Down with age	D:0.435223153504098	N:	N:	N:	N:	N:	N:	N:	N:	N:
S:PENK	S:GSM750073	D:-2.589171209	D:40.41643836	S:Down with age	D:-0.519797232219882	N:	N:	N:	N:	N:	N:	N:	N:	N:
S:PENK	S:GSM750074	D:-1.575683043	D:40.60547945	S:Down with age	D:0.704888658335968	N:	N:	N:	N:	N:	N:	N:	N:	N:
S:PENK	S:GSM750075	D:-3.195420263	D:40.84657534	S:Down with age	D:-1.25238068756201	N:	N:	N:	N:	N:	N:	N:	N:	N:
S:PENK	S:GSM750076	D:-1.150102534	D:41	S:Down with age	D:1.21915459863297	N:	N:	N:	N:	N:	N:	N:	N:	N:
S:PENK	S:GSM750077	D:-1.580281228	D:41.04109589	S:Down with age	D:0.699332271512143	N:	N:	N:	N:	N:	N:	N:	N:	N:
S:PENK	S:GSM750078	D:-1.587427412	D:41.19726027	S:Down with age	D:0.690696915905912	N:	N:	N:	N:	N:	N:	N:	N:	N:
S:PENK	S:GSM750079	D:-2.594814124	D:41.57808219	S:Down with age	D:-0.526616057159281	N:	N:	N:	N:	N:	N:	N:	N:	N:
S:PENK	S:GSM750080	D:-1.793727224	D:42.01643836	S:Down with age	D:0.441406911881608	N:	N:	N:	N:	N:	N:	N:	N:	N:
S:PENK	S:GSM750081	D:-1.388966539	D:42.06575342	S:Down with age	D:0.930514448210968	N:	N:	N:	N:	N:	N:	N:	N:	N:
S:PENK	S:GSM750082	D:-2.046521611	D:42.70958904	S:Down with age	D:0.135933469411619	N:	N:	N:	N:	N:	N:	N:	N:	N:
S:PENK	S:GSM750083	D:-1.872302195	D:42.83835616	S:Down with age	D:0.346457941027483	N:	N:	N:	N:	N:	N:	N:	N:	N:
S:PENK	S:GSM750084	D:-1.534131911	D:43.88219178	S:Down with age	D:0.755098504690527	N:	N:	N:	N:	N:	N:	N:	N:	N:
S:PENK	S:GSM750085	D:-3.582940779	D:44.16986301	S:Down with age	D:-1.7206554283705	N:	N:	N:	N:	N:	N:	N:	N:	N:
S:PENK	S:GSM750086	D:-2.313069172	D:44.47671233	S:Down with age	D:-0.186159129268783	N:	N:	N:	N:	N:	N:	N:	N:	N:
S:PENK	S:GSM750087	D:-2.028223445	D:44.84657534	S:Down with age	D:0.158044734717947	N:	N:	N:	N:	N:	N:	N:	N:	N:
S:PENK	S:GSM750088	D:-2.768785854	D:45.32328767	S:Down with age	D:-0.736841228240945	N:	N:	N:	N:	N:	N:	N:	N:	N:
S:PENK	S:GSM750089	D:-2.827599509	D:45.40821918	S:Down with age	D:-0.807910882398623	N:	N:	N:	N:	N:	N:	N:	N:	N:
S:PENK	S:GSM750090	D:-1.650760649	D:45.67671233	S:Down with age	D:0.614165857765141	N:	N:	N:	N:	N:	N:	N:	N:	N:
S:PENK	S:GSM750091	D:-3.462753564	D:45.78082192	S:Down with age	D:-1.57542276421751	N:	N:	N:	N:	N:	N:	N:	N:	N:
S:PENK	S:GSM750092	D:-2.981687229	D:45.89041096	S:Down with age	D:-0.994108474953365	N:	N:	N:	N:	N:	N:	N:	N:	N:
S:PENK	S:GSM750093	D:-1.782469008	D:45.93972603	S:Down with age	D:0.45501119336271	N:	N:	N:	N:	N:	N:	N:	N:	N:
S:PENK	S:GSM750094	D:-1.016177868	D:46.10410959	S:Down with age	D:1.3809874195281	N:	N:	N:	N:	N:	N:	N:	N:	N:
S:PENK	S:GSM750095	D:-1.898429692	D:46.10958904	S:Down with age	D:0.314885814183882	N:	N:	N:	N:	N:	N:	N:	N:	N:
S:PENK	S:GSM750096	D:-1.786942558	D:46.55890411	S:Down with age	D:0.449605413848462	N:	N:	N:	N:	N:	N:	N:	N:	N:
S:PENK	S:GSM750097	D:-2.277172833	D:46.56164384	S:Down with age	D:-0.142782461074011	N:	N:	N:	N:	N:	N:	N:	N:	N:
S:PENK	S:GSM750098	D:-2.382572868	D:46.60547945	S:Down with age	D:-0.270146489642839	N:	N:	N:	N:	N:	N:	N:	N:	N:
S:PENK	S:GSM750099	D:-2.888653462	D:46.91506849	S:Down with age	D:-0.881687683460709	N:	N:	N:	N:	N:	N:	N:	N:	N:
S:PENK	S:GSM750100	D:-2.508796135	D:46.96712329	S:Down with age	D:-0.422673040362094	N:	N:	N:	N:	N:	N:	N:	N:	N:
S:PENK	S:GSM750101	D:-2.336533476	D:47.48493151	S:Down with age	D:-0.214513088401753	N:	N:	N:	N:	N:	N:	N:	N:	N:
S:PENK	S:GSM750102	D:-1.295058302	D:48.13150685	S:Down with age	D:1.04399193785427	N:	N:	N:	N:	N:	N:	N:	N:	N:
S:PENK	S:GSM750103	D:-1.996571366	D:48.50410959	S:Down with age	D:0.196292694446032	N:	N:	N:	N:	N:	N:	N:	N:	N:
S:PENK	S:GSM750104	D:-3.315352697	D:48.63835616	S:Down with age	D:-1.39730547767526	N:	N:	N:	N:	N:	N:	N:	N:	N:
S:PENK	S:GSM750105	D:-1.795642223	D:48.97808219	S:Down with age	D:0.439092852049035	N:	N:	N:	N:	N:	N:	N:	N:	N:
S:PENK	S:GSM750106	D:-2.245163086	D:31.56	S:Down with age	D:-0.10410229999637	N:	N:	N:	N:	N:	N:	N:	N:	N:
S:PENK	S:GSM750107	D:-2.571141727	D:49.2	S:Down with age	D:-0.498010641157279	N:	N:	N:	N:	N:	N:	N:	N:	N:
S:PENK	S:GSM750108	D:-1.878265111	D:49.2109589	S:Down with age	D:0.339252431050399	N:	N:	N:	N:	N:	N:	N:	N:	N:
S:PENK	S:GSM750109	D:-1.895787404	D:49.56164384	S:Down with age	D:0.318078720564976	N:	N:	N:	N:	N:	N:	N:	N:	N:
S:PENK	S:GSM750110	D:-3.144972823	D:49.75616438	S:Down with age	D:-1.19142065856976	N:	N:	N:	N:	N:	N:	N:	N:	N:
S:PENK	S:GSM750111	D:-2.185384299	D:49.75890411	S:Down with age	D:-0.0318663929088834	N:	N:	N:	N:	N:	N:	N:	N:	N:
S:PENK	S:GSM750112	D:-2.657354921	D:50.10958904	S:Down with age	D:-0.602189541132273	N:	N:	N:	N:	N:	N:	N:	N:	N:
S:PENK	S:GSM750113	D:-1.524308671	D:50.89863014	S:Down with age	D:0.766968779875905	N:	N:	N:	N:	N:	N:	N:	N:	N:
S:PENK	S:GSM750114	D:-1.900935897	D:51.03835616	S:Down with age	D:0.311857348726358	N:	N:	N:	N:	N:	N:	N:	N:	N:
S:PENK	S:GSM750115	D:-2.49736812	D:51.38630137	S:Down with age	D:-0.408863575982457	N:	N:	N:	N:	N:	N:	N:	N:	N:
S:PENK	S:GSM750116	D:-2.599912439	D:51.47945205	S:Down with age	D:-0.532776794556692	N:	N:	N:	N:	N:	N:	N:	N:	N:
S:PENK	S:GSM750117	D:-2.015039345	D:51.58356164	S:Down with age	D:0.173976229323753	N:	N:	N:	N:	N:	N:	N:	N:	N:
S:PENK	S:GSM750118	D:-1.763902891	D:51.61917808	S:Down with age	D:0.477446247165114	N:	N:	N:	N:	N:	N:	N:	N:	N:
S:PENK	S:GSM750119	D:-2.669813023	D:51.67123288	S:Down with age	D:-0.617243749217131	N:	N:	N:	N:	N:	N:	N:	N:	N:
S:PENK	S:GSM750120	D:-3.267699441	D:51.75068493	S:Down with age	D:-1.33972190421078	N:	N:	N:	N:	N:	N:	N:	N:	N:
S:PENK	S:GSM750121	D:-2.997101454	D:51.83287671	S:Down with age	D:-1.01273482354297	N:	N:	N:	N:	N:	N:	N:	N:	N:
S:PENK	S:GSM750122	D:-2.265082304	D:51.93972603	S:Down with age	D:-0.128172423411611	N:	N:	N:	N:	N:	N:	N:	N:	N:
S:PENK	S:GSM750123	D:-2.036065191	D:52.16438356	S:Down with age	D:0.148568871056483	N:	N:	N:	N:	N:	N:	N:	N:	N:
S:PENK	S:GSM750124	D:-2.097888613	D:53.29863014	S:Down with age	D:0.0738622536836266	N:	N:	N:	N:	N:	N:	N:	N:	N:
S:PENK	S:GSM750125	D:-2.835226448	D:53.39178082	S:Down with age	D:-0.817127176080961	N:	N:	N:	N:	N:	N:	N:	N:	N:
S:PENK	S:GSM750126	D:-2.246160095	D:53.59726027	S:Down with age	D:-0.105307072677512	N:	N:	N:	N:	N:	N:	N:	N:	N:
S:PENK	S:GSM750127	D:-2.158155239	D:53.95616438	S:Down with age	D:0.00103684830676044	N:	N:	N:	N:	N:	N:	N:	N:	N:
S:PENK	S:GSM750128	D:-2.223999985	D:53.97808219	S:Down with age	D:-0.0785290845760055	N:	N:	N:	N:	N:	N:	N:	N:	N:
S:PENK	S:GSM750129	D:-1.654024927	D:54.51780822	S:Down with age	D:0.610221346774717	N:	N:	N:	N:	N:	N:	N:	N:	N:
S:PENK	S:GSM750130	D:-1.672883388	D:54.59452055	S:Down with age	D:0.587433028292962	N:	N:	N:	N:	N:	N:	N:	N:	N:
S:PENK	S:GSM750131	D:-1.345553029	D:55.43561644	S:Down with age	D:0.982974767867533	N:	N:	N:	N:	N:	N:	N:	N:	N:
S:PENK	S:GSM750132	D:-1.942827042	D:56.09041096	S:Down with age	D:0.261236635094138	N:	N:	N:	N:	N:	N:	N:	N:	N:
S:PENK	S:GSM750133	D:-1.869143972	D:56.12876712	S:Down with age	D:0.350274296538169	N:	N:	N:	N:	N:	N:	N:	N:	N:
S:PENK	S:GSM750134	D:-4.610270945	D:57.14794521	S:Down with age	D:-2.96206781131745	N:	N:	N:	N:	N:	N:	N:	N:	N:
S:PENK	S:GSM750135	D:-5.259344651	D:57.48219178	S:Down with age	D:-3.74640001798379	N:	N:	N:	N:	N:	N:	N:	N:	N:
S:PENK	S:GSM750136	D:-2.267452685	D:57.63287671	S:Down with age	D:-0.131036760917789	N:	N:	N:	N:	N:	N:	N:	N:	N:
S:PENK	S:GSM750137	D:-5.110440536	D:57.86849315	S:Down with age	D:-3.56646622615083	N:	N:	N:	N:	N:	N:	N:	N:	N:
S:PENK	S:GSM750138	D:-2.261483124	D:57.93150685	S:Down with age	D:-0.123823221209313	N:	N:	N:	N:	N:	N:	N:	N:	N:
S:PENK	S:GSM750139	D:-3.186800173	D:58.23287671	S:Down with age	D:-1.24196428315544	N:	N:	N:	N:	N:	N:	N:	N:	N:
S:PENK	S:GSM750140	D:-2.024933753	D:58.23835616	S:Down with age	D:0.162019955654739	N:	N:	N:	N:	N:	N:	N:	N:	N:
S:PENK	S:GSM750141	D:-3.838388318	D:58.43561644	S:Down with age	D:-2.02933490513758	N:	N:	N:	N:	N:	N:	N:	N:	N:
S:PENK	S:GSM750142	D:-2.348922159	D:58.51780822	S:Down with age	D:-0.22948341147178	N:	N:	N:	N:	N:	N:	N:	N:	N:
S:PENK	S:GSM750143	D:-2.328113034	D:58.60547945	S:Down with age	D:-0.20433793603629	N:	N:	N:	N:	N:	N:	N:	N:	N:
S:PENK	S:GSM750144	D:-3.198217116	D:59.26027397	S:Down with age	D:-1.25576036827459	N:	N:	N:	N:	N:	N:	N:	N:	N:
S:PENK	S:GSM750145	D:-1.681544652	D:59.61643836	S:Down with age	D:0.576966869761438	N:	N:	N:	N:	N:	N:	N:	N:	N:
S:PENK	S:GSM750146	D:-2.448638925	D:60.38630137	S:Down with age	D:-0.349979851853561	N:	N:	N:	N:	N:	N:	N:	N:	N:
S:PENK	S:GSM750147	D:-2.063948299	D:60.73972603	S:Down with age	D:0.114875286762135	N:	N:	N:	N:	N:	N:	N:	N:	N:
S:PENK	S:GSM750148	D:-2.16712107	D:60.76438356	S:Down with age	D:-0.00979734501800702	N:	N:	N:	N:	N:	N:	N:	N:	N:
S:PENK	S:GSM750149	D:-2.312218415	D:61.16712329	S:Down with age	D:-0.185131085598274	N:	N:	N:	N:	N:	N:	N:	N:	N:
S:PENK	S:GSM750150	D:-4.360053573	D:61.1890411	S:Down with age	D:-2.65970840018609	N:	N:	N:	N:	N:	N:	N:	N:	N:
S:PENK	S:GSM750151	D:-2.834941228	D:61.95616438	S:Down with age	D:-0.816782519950359	N:	N:	N:	N:	N:	N:	N:	N:	N:
S:PENK	S:GSM750152	D:-2.970317714	D:62.30684932	S:Down with age	D:-0.980369701211272	N:	N:	N:	N:	N:	N:	N:	N:	N:
S:PENK	S:GSM750153	D:-2.219249181	D:62.78356164	S:Down with age	D:-0.0727882749417307	N:	N:	N:	N:	N:	N:	N:	N:	N:
S:PENK	S:GSM750154	D:-3.06481052	D:63	S:Down with age	D:-1.09455357641523	N:	N:	N:	N:	N:	N:	N:	N:	N:
S:PENK	S:GSM750155	D:-2.954800631	D:63.24109589	S:Down with age	D:-0.961619060355063	N:	N:	N:	N:	N:	N:	N:	N:	N:
S:PENK	S:GSM750156	D:-2.990667381	D:64.56164384	S:Down with age	D:-1.00495997358788	N:	N:	N:	N:	N:	N:	N:	N:	N:
S:PENK	S:GSM750157	D:-1.458467687	D:64.90684932	S:Down with age	D:0.846530166806903	N:	N:	N:	N:	N:	N:	N:	N:	N:
S:PENK	S:GSM750158	D:-1.664199224	D:64.95890411	S:Down with age	D:0.59792685888602	N:	N:	N:	N:	N:	N:	N:	N:	N:
S:PENK	S:GSM750159	D:-2.627586951	D:65.04109589	S:Down with age	D:-0.566218314163363	N:	N:	N:	N:	N:	N:	N:	N:	N:
S:PENK	S:GSM750160	D:-4.149508782	D:66.71506849	S:Down with age	D:-2.40528881886487	N:	N:	N:	N:	N:	N:	N:	N:	N:
S:PENK	S:GSM750161	D:-2.525193664	D:68.5890411	S:Down with age	D:-0.442487600689462	N:	N:	N:	N:	N:	N:	N:	N:	N:
S:PENK	S:GSM750162	D:-2.284775703	D:71.10958904	S:Down with age	D:-0.151969670090451	N:	N:	N:	N:	N:	N:	N:	N:	N:
S:PENK	S:GSM750163	D:-2.725958076	D:71.81917808	S:Down with age	D:-0.685088699499077	N:	N:	N:	N:	N:	N:	N:	N:	N:
S:PENK	S:GSM750164	D:-2.02809488	D:73.27945205	S:Down with age	D:0.158200090988302	N:	N:	N:	N:	N:	N:	N:	N:	N:
S:PENK	S:GSM750165	D:-3.559763873	D:75.57260274	S:Down with age	D:-1.69264875723494	N:	N:	N:	N:	N:	N:	N:	N:	N:
S:PENK	S:GSM750166	D:-2.438904029	D:77.9890411	S:Down with age	D:-0.338216330406357	N:	N:	N:	N:	N:	N:	N:	N:	N:
S:PENK	S:GSM750167	D:-2.784735563	D:78.22739726	S:Down with age	D:-0.756114648716949	N:	N:	N:	N:	N:	N:	N:	N:	N:
S:NPPA	S:GSM750020	D:0.302585125	D:20.22191781	S:Down with age	D:0.816985188107637	N:	N:	N:	N:	N:	N:	N:	N:	N:
S:NPPA	S:GSM750021	D:-0.614611855	D:20.78630137	S:Down with age	D:-0.545330056660025	N:	N:	N:	N:	N:	N:	N:	N:	N:
S:NPPA	S:GSM750022	D:0.389281319	D:20.8630137	S:Down with age	D:0.945755288015221	N:	N:	N:	N:	N:	N:	N:	N:	N:
S:NPPA	S:GSM750023	D:0.77033708	D:20.94520548	S:Down with age	D:1.51173847770785	N:	N:	N:	N:	N:	N:	N:	N:	N:
S:NPPA	S:GSM750024	D:0.164285155	D:21.01917808	S:Down with age	D:0.611567855091657	N:	N:	N:	N:	N:	N:	N:	N:	N:
S:NPPA	S:GSM750025	D:-0.007383022	D:21.4739726	S:Down with age	D:0.356588630706757	N:	N:	N:	N:	N:	N:	N:	N:	N:
S:NPPA	S:GSM750026	D:0.317209301	D:21.54794521	S:Down with age	D:0.83870651770356	N:	N:	N:	N:	N:	N:	N:	N:	N:
S:NPPA	S:GSM750027	D:0.104773505	D:22.10136986	S:Down with age	D:0.523175034569857	N:	N:	N:	N:	N:	N:	N:	N:	N:
S:NPPA	S:GSM750028	D:0.176812233	D:22.17260274	S:Down with age	D:0.630174359151226	N:	N:	N:	N:	N:	N:	N:	N:	N:
S:NPPA	S:GSM750029	D:-0.236755568	D:22.7260274	S:Down with age	D:0.0159009453341209	N:	N:	N:	N:	N:	N:	N:	N:	N:
S:NPPA	S:GSM750030	D:2.69045521	D:23.16438356	S:Down with age	D:4.36369531717953	N:	N:	N:	N:	N:	N:	N:	N:	N:
S:NPPA	S:GSM750031	D:0.226144453	D:23.44383562	S:Down with age	D:0.70344764376696	N:	N:	N:	N:	N:	N:	N:	N:	N:
S:NPPA	S:GSM750032	D:0.104211654	D:24.04109589	S:Down with age	D:0.522340515705013	N:	N:	N:	N:	N:	N:	N:	N:	N:
S:NPPA	S:GSM750033	D:-0.687406172	D:24.26575342	S:Down with age	D:-0.653451659700574	N:	N:	N:	N:	N:	N:	N:	N:	N:
S:NPPA	S:GSM750034	D:0.421217487	D:24.61643836	S:Down with age	D:0.993190167844264	N:	N:	N:	N:	N:	N:	N:	N:	N:
S:NPPA	S:GSM750035	D:0.35105406	D:24.62739726	S:Down with age	D:0.888976233093582	N:	N:	N:	N:	N:	N:	N:	N:	N:
S:NPPA	S:GSM750036	D:0.957745628	D:24.80273973	S:Down with age	D:1.79009691925022	N:	N:	N:	N:	N:	N:	N:	N:	N:
S:NPPA	S:GSM750037	D:0.372359158	D:24.85205479	S:Down with age	D:0.920620754858872	N:	N:	N:	N:	N:	N:	N:	N:	N:
S:NPPA	S:GSM750038	D:-0.353596247	D:25.84109589	S:Down with age	D:-0.157642842621553	N:	N:	N:	N:	N:	N:	N:	N:	N:
S:NPPA	S:GSM750039	D:0.311659526	D:26.19726027	S:Down with age	D:0.830463421343244	N:	N:	N:	N:	N:	N:	N:	N:	N:
S:NPPA	S:GSM750040	D:1.091610591	D:26.53150685	S:Down with age	D:1.98892692394033	N:	N:	N:	N:	N:	N:	N:	N:	N:
S:NPPA	S:GSM750041	D:-0.292727253	D:26.74520548	S:Down with age	D:-0.0672339552527012	N:	N:	N:	N:	N:	N:	N:	N:	N:
S:NPPA	S:GSM750042	D:-0.341526513	D:26.78356164	S:Down with age	D:-0.139715632886856	N:	N:	N:	N:	N:	N:	N:	N:	N:
S:NPPA	S:GSM750043	D:0.084180779	D:27.21643836	S:Down with age	D:0.492588600932534	N:	N:	N:	N:	N:	N:	N:	N:	N:
S:NPPA	S:GSM750044	D:0.338235454	D:27.49863014	S:Down with age	D:0.869936721678629	N:	N:	N:	N:	N:	N:	N:	N:	N:
S:NPPA	S:GSM750045	D:0.407962134	D:28.36438356	S:Down with age	D:0.973501954886261	N:	N:	N:	N:	N:	N:	N:	N:	N:
S:NPPA	S:GSM750046	D:0.255406931	D:28.5890411	S:Down with age	D:0.746911284346193	N:	N:	N:	N:	N:	N:	N:	N:	N:
S:NPPA	S:GSM750047	D:-0.066803642	D:29.52876712	S:Down with age	D:0.268331017299061	N:	N:	N:	N:	N:	N:	N:	N:	N:
S:NPPA	S:GSM750048	D:-0.927435253	D:29.82739726	S:Down with age	D:-1.00996752637283	N:	N:	N:	N:	N:	N:	N:	N:	N:
S:NPPA	S:GSM750049	D:-0.355106452	D:29.97260274	S:Down with age	D:-0.159885954340286	N:	N:	N:	N:	N:	N:	N:	N:	N:
S:NPPA	S:GSM750050	D:0.162823326	D:29.98630137	S:Down with age	D:0.609396596381295	N:	N:	N:	N:	N:	N:	N:	N:	N:
S:NPPA	S:GSM750051	D:-0.00304193	D:30.03287671	S:Down with age	D:0.363036466819932	N:	N:	N:	N:	N:	N:	N:	N:	N:
S:NPPA	S:GSM750052	D:0.654718188	D:30.04383562	S:Down with age	D:1.34000941340724	N:	N:	N:	N:	N:	N:	N:	N:	N:
S:NPPA	S:GSM750053	D:0.924436314	D:30.49589041	S:Down with age	D:1.74062250181924	N:	N:	N:	N:	N:	N:	N:	N:	N:
S:NPPA	S:GSM750054	D:0.558663265	D:31.54794521	S:Down with age	D:1.19733876708884	N:	N:	N:	N:	N:	N:	N:	N:	N:
S:NPPA	S:GSM750056	D:0.028726415	D:31.62191781	S:Down with age	D:0.410222078676764	N:	N:	N:	N:	N:	N:	N:	N:	N:
S:NPPA	S:GSM750057	D:0.042650418	D:31.76712329	S:Down with age	D:0.430903439353606	N:	N:	N:	N:	N:	N:	N:	N:	N:
S:NPPA	S:GSM750058	D:0.486043403	D:32.69589041	S:Down with age	D:1.08947628254868	N:	N:	N:	N:	N:	N:	N:	N:	N:
S:NPPA	S:GSM750059	D:0.474186882	D:32.99726027	S:Down with age	D:1.0718657586804	N:	N:	N:	N:	N:	N:	N:	N:	N:
S:NPPA	S:GSM750060	D:-0.76356557	D:33.24657534	S:Down with age	D:-0.766571426980801	N:	N:	N:	N:	N:	N:	N:	N:	N:
S:NPPA	S:GSM750061	D:0.066767088	D:34.25479452	S:Down with age	D:0.46672399688971	N:	N:	N:	N:	N:	N:	N:	N:	N:
S:NPPA	S:GSM750062	D:0.688131533	D:34.33972603	S:Down with age	D:1.38963834837405	N:	N:	N:	N:	N:	N:	N:	N:	N:
S:NPPA	S:GSM750063	D:0.124147389	D:34.46575342	S:Down with age	D:0.55195111876887	N:	N:	N:	N:	N:	N:	N:	N:	N:
S:NPPA	S:GSM750064	D:-0.134371343	D:35.26575342	S:Down with age	D:0.1679725216505	N:	N:	N:	N:	N:	N:	N:	N:	N:
S:NPPA	S:GSM750065	D:0.096283342	D:35.56164384	S:Down with age	D:0.510564571672931	N:	N:	N:	N:	N:	N:	N:	N:	N:
S:NPPA	S:GSM750066	D:0.492809209	D:36.50136986	S:Down with age	D:1.09952555316113	N:	N:	N:	N:	N:	N:	N:	N:	N:
S:NPPA	S:GSM750067	D:0.577563002	D:36.56438356	S:Down with age	D:1.22541059941999	N:	N:	N:	N:	N:	N:	N:	N:	N:
S:NPPA	S:GSM750068	D:-0.954456669	D:37.19178082	S:Down with age	D:-1.05010251128306	N:	N:	N:	N:	N:	N:	N:	N:	N:
S:NPPA	S:GSM750069	D:-0.597308915	D:37.56438356	S:Down with age	D:-0.519629951387873	N:	N:	N:	N:	N:	N:	N:	N:	N:
S:NPPA	S:GSM750070	D:0.293403312	D:38.4109589	S:Down with age	D:0.803347415527415	N:	N:	N:	N:	N:	N:	N:	N:	N:
S:NPPA	S:GSM750071	D:0.862199591	D:38.6109589	S:Down with age	D:1.64818212273373	N:	N:	N:	N:	N:	N:	N:	N:	N:
S:NPPA	S:GSM750072	D:0.138589454	D:39.6630137	S:Down with age	D:0.573401958386141	N:	N:	N:	N:	N:	N:	N:	N:	N:
S:NPPA	S:GSM750073	D:-0.580745964	D:40.41643836	S:Down with age	D:-0.495028953851183	N:	N:	N:	N:	N:	N:	N:	N:	N:
S:NPPA	S:GSM750074	D:0.035213975	D:40.60547945	S:Down with age	D:0.419858069725649	N:	N:	N:	N:	N:	N:	N:	N:	N:
S:NPPA	S:GSM750075	D:-0.932543099	D:40.84657534	S:Down with age	D:-1.01755422435097	N:	N:	N:	N:	N:	N:	N:	N:	N:
S:NPPA	S:GSM750076	D:-0.023687058	D:41	S:Down with age	D:0.332372200345156	N:	N:	N:	N:	N:	N:	N:	N:	N:
S:NPPA	S:GSM750077	D:-0.314265181	D:41.04109589	S:Down with age	D:-0.0992243000694801	N:	N:	N:	N:	N:	N:	N:	N:	N:
S:NPPA	S:GSM750078	D:0.061071695	D:41.19726027	S:Down with age	D:0.458264613705911	N:	N:	N:	N:	N:	N:	N:	N:	N:
S:NPPA	S:GSM750079	D:-0.909778053	D:41.57808219	S:Down with age	D:-0.983741237729887	N:	N:	N:	N:	N:	N:	N:	N:	N:
S:NPPA	S:GSM750080	D:-0.120716161	D:42.01643836	S:Down with age	D:0.188254601742692	N:	N:	N:	N:	N:	N:	N:	N:	N:
S:NPPA	S:GSM750081	D:0.107825903	D:42.06575342	S:Down with age	D:0.527708769873366	N:	N:	N:	N:	N:	N:	N:	N:	N:
S:NPPA	S:GSM750082	D:-0.136144036	D:42.70958904	S:Down with age	D:0.165339535769765	N:	N:	N:	N:	N:	N:	N:	N:	N:
S:NPPA	S:GSM750083	D:-0.632026209	D:42.83835616	S:Down with age	D:-0.571195645458607	N:	N:	N:	N:	N:	N:	N:	N:	N:
S:NPPA	S:GSM750084	D:-0.04670537	D:43.88219178	S:Down with age	D:0.298183037024515	N:	N:	N:	N:	N:	N:	N:	N:	N:
S:NPPA	S:GSM750085	D:-1.08786042	D:44.16986301	S:Down with age	D:-1.24824747649706	N:	N:	N:	N:	N:	N:	N:	N:	N:
S:NPPA	S:GSM750086	D:-0.864911211	D:44.47671233	S:Down with age	D:-0.917100391571429	N:	N:	N:	N:	N:	N:	N:	N:	N:
S:NPPA	S:GSM750087	D:-0.773921543	D:44.84657534	S:Down with age	D:-0.781953182699516	N:	N:	N:	N:	N:	N:	N:	N:	N:
S:NPPA	S:GSM750088	D:-1.083815506	D:45.32328767	S:Down with age	D:-1.2422395543973	N:	N:	N:	N:	N:	N:	N:	N:	N:
S:NPPA	S:GSM750089	D:0.215407993	D:45.40821918	S:Down with age	D:0.68750074964086	N:	N:	N:	N:	N:	N:	N:	N:	N:
S:NPPA	S:GSM750090	D:-0.615417578	D:45.67671233	S:Down with age	D:-0.546526799289902	N:	N:	N:	N:	N:	N:	N:	N:	N:
S:NPPA	S:GSM750091	D:-1.668657124	D:45.78082192	S:Down with age	D:-2.11090644858614	N:	N:	N:	N:	N:	N:	N:	N:	N:
S:NPPA	S:GSM750092	D:-1.266941166	D:45.89041096	S:Down with age	D:-1.51423661039081	N:	N:	N:	N:	N:	N:	N:	N:	N:
S:NPPA	S:GSM750093	D:-0.269869806	D:45.93972603	S:Down with age	D:-0.0332837251673722	N:	N:	N:	N:	N:	N:	N:	N:	N:
S:NPPA	S:GSM750094	D:-0.237782633	D:46.10410959	S:Down with age	D:0.0143754428113507	N:	N:	N:	N:	N:	N:	N:	N:	N:
S:NPPA	S:GSM750095	D:-0.496849238	D:46.10958904	S:Down with age	D:-0.370416911609291	N:	N:	N:	N:	N:	N:	N:	N:	N:
S:NPPA	S:GSM750096	D:-0.608276503	D:46.55890411	S:Down with age	D:-0.535920140580091	N:	N:	N:	N:	N:	N:	N:	N:	N:
S:NPPA	S:GSM750097	D:-0.531393541	D:46.56164384	S:Down with age	D:-0.421725661662931	N:	N:	N:	N:	N:	N:	N:	N:	N:
S:NPPA	S:GSM750098	D:0.007864886	D:46.60547945	S:Down with age	D:0.379236391190241	N:	N:	N:	N:	N:	N:	N:	N:	N:
S:NPPA	S:GSM750099	D:-0.684269077	D:46.91506849	S:Down with age	D:-0.648792123705607	N:	N:	N:	N:	N:	N:	N:	N:	N:
S:NPPA	S:GSM750100	D:-0.457242447	D:46.96712329	S:Down with age	D:-0.31158883394202	N:	N:	N:	N:	N:	N:	N:	N:	N:
S:NPPA	S:GSM750101	D:-0.380060522	D:47.48493151	S:Down with age	D:-0.196950304443139	N:	N:	N:	N:	N:	N:	N:	N:	N:
S:NPPA	S:GSM750102	D:-0.127572925	D:48.13150685	S:Down with age	D:0.178070230957941	N:	N:	N:	N:	N:	N:	N:	N:	N:
S:NPPA	S:GSM750103	D:-0.432778503	D:48.50410959	S:Down with age	D:-0.275252469360507	N:	N:	N:	N:	N:	N:	N:	N:	N:
S:NPPA	S:GSM750104	D:0.860554386	D:48.63835616	S:Down with age	D:1.64573849513667	N:	N:	N:	N:	N:	N:	N:	N:	N:
S:NPPA	S:GSM750105	D:-0.143587534	D:48.97808219	S:Down with age	D:0.154283687330537	N:	N:	N:	N:	N:	N:	N:	N:	N:
S:NPPA	S:GSM750106	D:-0.107959791	D:31.56	S:Down with age	D:0.207201673852434	N:	N:	N:	N:	N:	N:	N:	N:	N:
S:NPPA	S:GSM750107	D:0.320919563	D:49.2	S:Down with age	D:0.844217380249882	N:	N:	N:	N:	N:	N:	N:	N:	N:
S:NPPA	S:GSM750108	D:-0.14504547	D:49.2109589	S:Down with age	D:0.152118210903984	N:	N:	N:	N:	N:	N:	N:	N:	N:
S:NPPA	S:GSM750109	D:-0.105429609	D:49.56164384	S:Down with age	D:0.210959760267673	N:	N:	N:	N:	N:	N:	N:	N:	N:
S:NPPA	S:GSM750110	D:-0.947145734	D:49.75616438	S:Down with age	D:-1.03924355903923	N:	N:	N:	N:	N:	N:	N:	N:	N:
S:NPPA	S:GSM750111	D:-0.673467111	D:49.75890411	S:Down with age	D:-0.632747933334132	N:	N:	N:	N:	N:	N:	N:	N:	N:
S:NPPA	S:GSM750112	D:0.098464552	D:50.10958904	S:Down with age	D:0.513804328998604	N:	N:	N:	N:	N:	N:	N:	N:	N:
S:NPPA	S:GSM750113	D:-0.261792499	D:50.89863014	S:Down with age	D:-0.0212864784442435	N:	N:	N:	N:	N:	N:	N:	N:	N:
S:NPPA	S:GSM750114	D:-0.534481081	D:51.03835616	S:Down with age	D:-0.426311593477523	N:	N:	N:	N:	N:	N:	N:	N:	N:
S:NPPA	S:GSM750115	D:0.006545494	D:51.38630137	S:Down with age	D:0.377276694555147	N:	N:	N:	N:	N:	N:	N:	N:	N:
S:NPPA	S:GSM750116	D:-0.478308548	D:51.47945205	S:Down with age	D:-0.34287837279344	N:	N:	N:	N:	N:	N:	N:	N:	N:
S:NPPA	S:GSM750117	D:-0.000258971	D:51.58356164	S:Down with age	D:0.367170003621659	N:	N:	N:	N:	N:	N:	N:	N:	N:
S:NPPA	S:GSM750118	D:-0.975211704	D:51.61917808	S:Down with age	D:-1.08093002293294	N:	N:	N:	N:	N:	N:	N:	N:	N:
S:NPPA	S:GSM750119	D:-0.43360771	D:51.67123288	S:Down with age	D:-0.276484092841396	N:	N:	N:	N:	N:	N:	N:	N:	N:
S:NPPA	S:GSM750120	D:-0.234692719	D:51.75068493	S:Down with age	D:0.0189649007347959	N:	N:	N:	N:	N:	N:	N:	N:	N:
S:NPPA	S:GSM750121	D:-0.237044885	D:51.83287671	S:Down with age	D:0.0154712219832324	N:	N:	N:	N:	N:	N:	N:	N:	N:
S:NPPA	S:GSM750122	D:0.62852027	D:51.93972603	S:Down with age	D:1.30109757238419	N:	N:	N:	N:	N:	N:	N:	N:	N:
S:NPPA	S:GSM750123	D:-1.113936906	D:52.16438356	S:Down with age	D:-1.2869789542302	N:	N:	N:	N:	N:	N:	N:	N:	N:
S:NPPA	S:GSM750124	D:-0.779413616	D:53.29863014	S:Down with age	D:-0.790110574117526	N:	N:	N:	N:	N:	N:	N:	N:	N:
S:NPPA	S:GSM750125	D:0.223291028	D:53.39178082	S:Down with age	D:0.699209443617957	N:	N:	N:	N:	N:	N:	N:	N:	N:
S:NPPA	S:GSM750126	D:-0.095692862	D:53.59726027	S:Down with age	D:0.225421777873254	N:	N:	N:	N:	N:	N:	N:	N:	N:
S:NPPA	S:GSM750127	D:-0.346129535	D:53.95616438	S:Down with age	D:-0.14655251436307	N:	N:	N:	N:	N:	N:	N:	N:	N:
S:NPPA	S:GSM750128	D:0.629288716	D:53.97808219	S:Down with age	D:1.3022389473815	N:	N:	N:	N:	N:	N:	N:	N:	N:
S:NPPA	S:GSM750129	D:-0.256651481	D:54.51780822	S:Down with age	D:-0.0136505100015378	N:	N:	N:	N:	N:	N:	N:	N:	N:
S:NPPA	S:GSM750130	D:0.385863506	D:54.59452055	S:Down with age	D:0.940678800788164	N:	N:	N:	N:	N:	N:	N:	N:	N:
S:NPPA	S:GSM750131	D:0.258676579	D:55.43561644	S:Down with age	D:0.751767701683529	N:	N:	N:	N:	N:	N:	N:	N:	N:
S:NPPA	S:GSM750132	D:-0.765903941	D:56.09041096	S:Down with age	D:-0.770044615980205	N:	N:	N:	N:	N:	N:	N:	N:	N:
S:NPPA	S:GSM750133	D:-0.414982295	D:56.12876712	S:Down with age	D:-0.248819711745609	N:	N:	N:	N:	N:	N:	N:	N:	N:
S:NPPA	S:GSM750134	D:-2.14723252	D:57.14794521	S:Down with age	D:-2.82173582543551	N:	N:	N:	N:	N:	N:	N:	N:	N:
S:NPPA	S:GSM750135	D:-1.599314072	D:57.48219178	S:Down with age	D:-2.007911019122	N:	N:	N:	N:	N:	N:	N:	N:	N:
S:NPPA	S:GSM750136	D:-0.621514301	D:57.63287671	S:Down with age	D:-0.555582279047397	N:	N:	N:	N:	N:	N:	N:	N:	N:
S:NPPA	S:GSM750137	D:-0.775144385	D:57.86849315	S:Down with age	D:-0.783769473349036	N:	N:	N:	N:	N:	N:	N:	N:	N:
S:NPPA	S:GSM750138	D:-1.839013136	D:57.93150685	S:Down with age	D:-2.3639367106193	N:	N:	N:	N:	N:	N:	N:	N:	N:
S:NPPA	S:GSM750139	D:-1.087214261	D:58.23287671	S:Down with age	D:-1.24728773472355	N:	N:	N:	N:	N:	N:	N:	N:	N:
S:NPPA	S:GSM750140	D:-0.129033891	D:58.23835616	S:Down with age	D:0.175900254063897	N:	N:	N:	N:	N:	N:	N:	N:	N:
S:NPPA	S:GSM750141	D:-0.726207776	D:58.43561644	S:Down with age	D:-0.71108379086027	N:	N:	N:	N:	N:	N:	N:	N:	N:
S:NPPA	S:GSM750142	D:-0.893677239	D:58.51780822	S:Down with age	D:-0.9598266535744	N:	N:	N:	N:	N:	N:	N:	N:	N:
S:NPPA	S:GSM750143	D:-0.507882257	D:58.60547945	S:Down with age	D:-0.386804285649174	N:	N:	N:	N:	N:	N:	N:	N:	N:
S:NPPA	S:GSM750144	D:-0.802563688	D:59.26027397	S:Down with age	D:-0.824495440935413	N:	N:	N:	N:	N:	N:	N:	N:	N:
S:NPPA	S:GSM750145	D:-0.370493038	D:59.61643836	S:Down with age	D:-0.182739693645804	N:	N:	N:	N:	N:	N:	N:	N:	N:
S:NPPA	S:GSM750146	D:1.453403721	D:60.38630137	S:Down with age	D:2.52629927382662	N:	N:	N:	N:	N:	N:	N:	N:	N:
S:NPPA	S:GSM750147	D:-0.873139996	D:60.73972603	S:Down with age	D:-0.929322628992463	N:	N:	N:	N:	N:	N:	N:	N:	N:
S:NPPA	S:GSM750148	D:-0.645890333	D:60.76438356	S:Down with age	D:-0.591788067688943	N:	N:	N:	N:	N:	N:	N:	N:	N:
S:NPPA	S:GSM750149	D:-1.174735144	D:61.16712329	S:Down with age	D:-1.37728274751396	N:	N:	N:	N:	N:	N:	N:	N:	N:
S:NPPA	S:GSM750150	D:-1.558483808	D:61.1890411	S:Down with age	D:-1.94726571357914	N:	N:	N:	N:	N:	N:	N:	N:	N:
S:NPPA	S:GSM750151	D:-1.366223061	D:61.95616438	S:Down with age	D:-1.66170028726415	N:	N:	N:	N:	N:	N:	N:	N:	N:
S:NPPA	S:GSM750152	D:-0.710102353	D:62.30684932	S:Down with age	D:-0.687162360944167	N:	N:	N:	N:	N:	N:	N:	N:	N:
S:NPPA	S:GSM750153	D:-0.96979606	D:62.78356164	S:Down with age	D:-1.07288615172281	N:	N:	N:	N:	N:	N:	N:	N:	N:
S:NPPA	S:GSM750154	D:-0.566215209	D:63	S:Down with age	D:-0.473446382728365	N:	N:	N:	N:	N:	N:	N:	N:	N:
S:NPPA	S:GSM750155	D:-0.538849968	D:63.24109589	S:Down with age	D:-0.432800713582091	N:	N:	N:	N:	N:	N:	N:	N:	N:
S:NPPA	S:GSM750156	D:-0.818023843	D:64.56164384	S:Down with age	D:-0.847458452482803	N:	N:	N:	N:	N:	N:	N:	N:	N:
S:NPPA	S:GSM750157	D:0.03906335	D:64.90684932	S:Down with age	D:0.425575557200725	N:	N:	N:	N:	N:	N:	N:	N:	N:
S:NPPA	S:GSM750158	D:-0.438954003	D:64.95890411	S:Down with age	D:-0.284424956816869	N:	N:	N:	N:	N:	N:	N:	N:	N:
S:NPPA	S:GSM750159	D:-0.551632605	D:65.04109589	S:Down with age	D:-0.451786800140544	N:	N:	N:	N:	N:	N:	N:	N:	N:
S:NPPA	S:GSM750160	D:-1.556275594	D:66.71506849	S:Down with age	D:-1.94398584713659	N:	N:	N:	N:	N:	N:	N:	N:	N:
S:NPPA	S:GSM750161	D:-0.618657474	D:68.5890411	S:Down with age	D:-0.55133902589826	N:	N:	N:	N:	N:	N:	N:	N:	N:
S:NPPA	S:GSM750162	D:-0.555394261	D:71.10958904	S:Down with age	D:-0.457373998339094	N:	N:	N:	N:	N:	N:	N:	N:	N:
S:NPPA	S:GSM750163	D:-0.733602693	D:71.81917808	S:Down with age	D:-0.722067481804054	N:	N:	N:	N:	N:	N:	N:	N:	N:
S:NPPA	S:GSM750164	D:0.644811248	D:73.27945205	S:Down with age	D:1.3252946076618	N:	N:	N:	N:	N:	N:	N:	N:	N:
S:NPPA	S:GSM750165	D:-0.765404106	D:75.57260274	S:Down with age	D:-0.769302209653956	N:	N:	N:	N:	N:	N:	N:	N:	N:
S:NPPA	S:GSM750166	D:-1.417144126	D:77.9890411	S:Down with age	D:-1.737333487811	N:	N:	N:	N:	N:	N:	N:	N:	N:
S:NPPA	S:GSM750167	D:-0.834349875	D:78.22739726	S:Down with age	D:-0.871707553564846	N:	N:	N:	N:	N:	N:	N:	N:	N:
S:CRH	S:GSM750020	D:0.189437182	D:20.22191781	S:Down with age	D:0.503300961297316	N:	N:	N:	N:	N:	N:	N:	N:	N:
S:CRH	S:GSM750021	D:-1.640662586	D:20.78630137	S:Down with age	D:-1.61669609166166	N:	N:	N:	N:	N:	N:	N:	N:	N:
S:CRH	S:GSM750022	D:0.611416409	D:20.8630137	S:Down with age	D:0.99212388411947	N:	N:	N:	N:	N:	N:	N:	N:	N:
S:CRH	S:GSM750023	D:0.164010114	D:20.94520548	S:Down with age	D:0.47384611398902	N:	N:	N:	N:	N:	N:	N:	N:	N:
S:CRH	S:GSM750024	D:-0.072658162	D:21.01917808	S:Down with age	D:0.199688356897342	N:	N:	N:	N:	N:	N:	N:	N:	N:
S:CRH	S:GSM750025	D:0.254727227	D:21.4739726	S:Down with age	D:0.578933287691644	N:	N:	N:	N:	N:	N:	N:	N:	N:
S:CRH	S:GSM750026	D:0.688283648	D:21.54794521	S:Down with age	D:1.08116729202459	N:	N:	N:	N:	N:	N:	N:	N:	N:
S:CRH	S:GSM750027	D:0.444705542	D:22.10136986	S:Down with age	D:0.799005152061232	N:	N:	N:	N:	N:	N:	N:	N:	N:
S:CRH	S:GSM750028	D:0.322357287	D:22.17260274	S:Down with age	D:0.657276299585539	N:	N:	N:	N:	N:	N:	N:	N:	N:
S:CRH	S:GSM750029	D:0.30703405	D:22.7260274	S:Down with age	D:0.639525782455375	N:	N:	N:	N:	N:	N:	N:	N:	N:
S:CRH	S:GSM750030	D:-1.095030636	D:23.16438356	S:Down with age	D:-0.98463321387419	N:	N:	N:	N:	N:	N:	N:	N:	N:
S:CRH	S:GSM750031	D:0.066317932	D:23.44383562	S:Down with age	D:0.360678984219114	N:	N:	N:	N:	N:	N:	N:	N:	N:
S:CRH	S:GSM750032	D:0.551539732	D:24.04109589	S:Down with age	D:0.922762431262887	N:	N:	N:	N:	N:	N:	N:	N:	N:
S:CRH	S:GSM750033	D:0.512613577	D:24.26575342	S:Down with age	D:0.87767017163531	N:	N:	N:	N:	N:	N:	N:	N:	N:
S:CRH	S:GSM750034	D:0.084319735	D:24.61643836	S:Down with age	D:0.38153236608127	N:	N:	N:	N:	N:	N:	N:	N:	N:
S:CRH	S:GSM750035	D:0.60569232	D:24.62739726	S:Down with age	D:0.985493069765488	N:	N:	N:	N:	N:	N:	N:	N:	N:
S:CRH	S:GSM750036	D:0.448184124	D:24.80273973	S:Down with age	D:0.803034759472491	N:	N:	N:	N:	N:	N:	N:	N:	N:
S:CRH	S:GSM750037	D:0.533479744	D:24.85205479	S:Down with age	D:0.901841647595275	N:	N:	N:	N:	N:	N:	N:	N:	N:
S:CRH	S:GSM750038	D:0.125592696	D:25.84109589	S:Down with age	D:0.429343177937999	N:	N:	N:	N:	N:	N:	N:	N:	N:
S:CRH	S:GSM750039	D:0.488474641	D:26.19726027	S:Down with age	D:0.849707503109599	N:	N:	N:	N:	N:	N:	N:	N:	N:
S:CRH	S:GSM750040	D:0.65728266	D:26.53150685	S:Down with age	D:1.04525558690994	N:	N:	N:	N:	N:	N:	N:	N:	N:
S:CRH	S:GSM750041	D:-0.047161538	D:26.74520548	S:Down with age	D:0.229223778236406	N:	N:	N:	N:	N:	N:	N:	N:	N:
S:CRH	S:GSM750042	D:0.099147703	D:26.78356164	S:Down with age	D:0.398709161035856	N:	N:	N:	N:	N:	N:	N:	N:	N:
S:CRH	S:GSM750043	D:0.104853313	D:27.21643836	S:Down with age	D:0.405318569220499	N:	N:	N:	N:	N:	N:	N:	N:	N:
S:CRH	S:GSM750044	D:0.781499827	D:27.49863014	S:Down with age	D:1.18914939672922	N:	N:	N:	N:	N:	N:	N:	N:	N:
S:CRH	S:GSM750045	D:0.127532242	D:28.36438356	S:Down with age	D:0.431589958073145	N:	N:	N:	N:	N:	N:	N:	N:	N:
S:CRH	S:GSM750046	D:0.823772718	D:28.5890411	S:Down with age	D:1.23811853267857	N:	N:	N:	N:	N:	N:	N:	N:	N:
S:CRH	S:GSM750047	D:0.509022998	D:29.52876712	S:Down with age	D:0.873510826318997	N:	N:	N:	N:	N:	N:	N:	N:	N:
S:CRH	S:GSM750048	D:0.375354867	D:29.82739726	S:Down with age	D:0.718668970836868	N:	N:	N:	N:	N:	N:	N:	N:	N:
S:CRH	S:GSM750049	D:0.085973413	D:29.97260274	S:Down with age	D:0.383447995244141	N:	N:	N:	N:	N:	N:	N:	N:	N:
S:CRH	S:GSM750050	D:0.611820861	D:29.98630137	S:Down with age	D:0.992592403411727	N:	N:	N:	N:	N:	N:	N:	N:	N:
S:CRH	S:GSM750051	D:0.660546666	D:30.03287671	S:Down with age	D:1.04903662837108	N:	N:	N:	N:	N:	N:	N:	N:	N:
S:CRH	S:GSM750052	D:0.216900277	D:30.04383562	S:Down with age	D:0.535114352831024	N:	N:	N:	N:	N:	N:	N:	N:	N:
S:CRH	S:GSM750053	D:0.298582396	D:30.49589041	S:Down with age	D:0.629735342673937	N:	N:	N:	N:	N:	N:	N:	N:	N:
S:CRH	S:GSM750054	D:0.423712617	D:31.54794521	S:Down with age	D:0.774686838977337	N:	N:	N:	N:	N:	N:	N:	N:	N:
S:CRH	S:GSM750056	D:-0.122958619	D:31.62191781	S:Down with age	D:0.14142004690295	N:	N:	N:	N:	N:	N:	N:	N:	N:
S:CRH	S:GSM750057	D:0.251124148	D:31.76712329	S:Down with age	D:0.574759462310568	N:	N:	N:	N:	N:	N:	N:	N:	N:
S:CRH	S:GSM750058	D:-0.416559338	D:32.69589041	S:Down with age	D:-0.198688547125699	N:	N:	N:	N:	N:	N:	N:	N:	N:
S:CRH	S:GSM750059	D:0.581792237	D:32.99726027	S:Down with age	D:0.957807089792468	N:	N:	N:	N:	N:	N:	N:	N:	N:
S:CRH	S:GSM750060	D:-1.032847516	D:33.24657534	S:Down with age	D:-0.912599965496774	N:	N:	N:	N:	N:	N:	N:	N:	N:
S:CRH	S:GSM750061	D:-0.52937019	D:34.25479452	S:Down with age	D:-0.329369222553112	N:	N:	N:	N:	N:	N:	N:	N:	N:
S:CRH	S:GSM750062	D:0.485830977	D:34.33972603	S:Down with age	D:0.846645069035232	N:	N:	N:	N:	N:	N:	N:	N:	N:
S:CRH	S:GSM750063	D:-0.220309256	D:34.46575342	S:Down with age	D:0.0286485646305803	N:	N:	N:	N:	N:	N:	N:	N:	N:
S:CRH	S:GSM750064	D:0.254180026	D:35.26575342	S:Down with age	D:0.578299407218207	N:	N:	N:	N:	N:	N:	N:	N:	N:
S:CRH	S:GSM750065	D:-0.157713012	D:35.56164384	S:Down with age	D:0.101160377989982	N:	N:	N:	N:	N:	N:	N:	N:	N:
S:CRH	S:GSM750066	D:0.284783239	D:36.50136986	S:Down with age	D:0.613750327711999	N:	N:	N:	N:	N:	N:	N:	N:	N:
S:CRH	S:GSM750067	D:-0.599850359	D:36.56438356	S:Down with age	D:-0.411013815478961	N:	N:	N:	N:	N:	N:	N:	N:	N:
S:CRH	S:GSM750068	D:0.554563382	D:37.19178082	S:Down with age	D:0.926265043088353	N:	N:	N:	N:	N:	N:	N:	N:	N:
S:CRH	S:GSM750069	D:-0.312072619	D:37.56438356	S:Down with age	D:-0.0776505904926417	N:	N:	N:	N:	N:	N:	N:	N:	N:
S:CRH	S:GSM750070	D:0.099298969	D:38.4109589	S:Down with age	D:0.398884388353962	N:	N:	N:	N:	N:	N:	N:	N:	N:
S:CRH	S:GSM750071	D:0.378618442	D:38.6109589	S:Down with age	D:0.72244951302538	N:	N:	N:	N:	N:	N:	N:	N:	N:
S:CRH	S:GSM750072	D:0.052843586	D:39.6630137	S:Down with age	D:0.345070232002415	N:	N:	N:	N:	N:	N:	N:	N:	N:
S:CRH	S:GSM750073	D:0.249364843	D:40.41643836	S:Down with age	D:0.572721474283647	N:	N:	N:	N:	N:	N:	N:	N:	N:
S:CRH	S:GSM750074	D:0.093323729	D:40.60547945	S:Down with age	D:0.391962639380371	N:	N:	N:	N:	N:	N:	N:	N:	N:
S:CRH	S:GSM750075	D:-0.855981036	D:40.84657534	S:Down with age	D:-0.707716918723323	N:	N:	N:	N:	N:	N:	N:	N:	N:
S:CRH	S:GSM750076	D:0.014385335	D:41	S:Down with age	D:0.300519994792639	N:	N:	N:	N:	N:	N:	N:	N:	N:
S:CRH	S:GSM750077	D:0.404538903	D:41.04109589	S:Down with age	D:0.752475909341134	N:	N:	N:	N:	N:	N:	N:	N:	N:
S:CRH	S:GSM750078	D:-0.077020081	D:41.19726027	S:Down with age	D:0.194635487328733	N:	N:	N:	N:	N:	N:	N:	N:	N:
S:CRH	S:GSM750079	D:-0.600831917	D:41.57808219	S:Down with age	D:-0.412150857351592	N:	N:	N:	N:	N:	N:	N:	N:	N:
S:CRH	S:GSM750080	D:-0.32111621	D:42.01643836	S:Down with age	D:-0.0881267331616933	N:	N:	N:	N:	N:	N:	N:	N:	N:
S:CRH	S:GSM750081	D:0.680462688	D:42.06575342	S:Down with age	D:1.07210745144037	N:	N:	N:	N:	N:	N:	N:	N:	N:
S:CRH	S:GSM750082	D:-0.247119195	D:42.70958904	S:Down with age	D:-0.0024082076087405	N:	N:	N:	N:	N:	N:	N:	N:	N:
S:CRH	S:GSM750083	D:-0.197987929	D:42.83835616	S:Down with age	D:0.0545057054736983	N:	N:	N:	N:	N:	N:	N:	N:	N:
S:CRH	S:GSM750084	D:-0.080249821	D:43.88219178	S:Down with age	D:0.190894139779519	N:	N:	N:	N:	N:	N:	N:	N:	N:
S:CRH	S:GSM750085	D:-0.642176169	D:44.16986301	S:Down with age	D:-0.460044253072077	N:	N:	N:	N:	N:	N:	N:	N:	N:
S:CRH	S:GSM750086	D:0.049392266	D:44.47671233	S:Down with age	D:0.3410722050332	N:	N:	N:	N:	N:	N:	N:	N:	N:
S:CRH	S:GSM750087	D:0.085185302	D:44.84657534	S:Down with age	D:0.382535043378555	N:	N:	N:	N:	N:	N:	N:	N:	N:
S:CRH	S:GSM750088	D:-1.60823055	D:45.32328767	S:Down with age	D:-1.57912665312957	N:	N:	N:	N:	N:	N:	N:	N:	N:
S:CRH	S:GSM750089	D:-0.734426354	D:45.40821918	S:Down with age	D:-0.566907345322314	N:	N:	N:	N:	N:	N:	N:	N:	N:
S:CRH	S:GSM750090	D:0.194523478	D:45.67671233	S:Down with age	D:0.509192952935707	N:	N:	N:	N:	N:	N:	N:	N:	N:
S:CRH	S:GSM750091	D:-3.334191548	D:45.78082192	S:Down with age	D:-3.57848881537981	N:	N:	N:	N:	N:	N:	N:	N:	N:
S:CRH	S:GSM750092	D:0.039920882	D:45.89041096	S:Down with age	D:0.330100504736562	N:	N:	N:	N:	N:	N:	N:	N:	N:
S:CRH	S:GSM750093	D:0.312425165	D:45.93972603	S:Down with age	D:0.645770878002627	N:	N:	N:	N:	N:	N:	N:	N:	N:
S:CRH	S:GSM750094	D:0.204782274	D:46.10410959	S:Down with age	D:0.52107679537271	N:	N:	N:	N:	N:	N:	N:	N:	N:
S:CRH	S:GSM750095	D:0.354417956	D:46.10958904	S:Down with age	D:0.694415544660779	N:	N:	N:	N:	N:	N:	N:	N:	N:
S:CRH	S:GSM750096	D:-0.116223739	D:46.55890411	S:Down with age	D:0.149221766788219	N:	N:	N:	N:	N:	N:	N:	N:	N:
S:CRH	S:GSM750097	D:0.3447545	D:46.56164384	S:Down with age	D:0.68322134716422	N:	N:	N:	N:	N:	N:	N:	N:	N:
S:CRH	S:GSM750098	D:0.204495932	D:46.60547945	S:Down with age	D:0.520745095316378	N:	N:	N:	N:	N:	N:	N:	N:	N:
S:CRH	S:GSM750099	D:-0.402806315	D:46.91506849	S:Down with age	D:-0.182756974028381	N:	N:	N:	N:	N:	N:	N:	N:	N:
S:CRH	S:GSM750100	D:0.336603234	D:46.96712329	S:Down with age	D:0.673778878398286	N:	N:	N:	N:	N:	N:	N:	N:	N:
S:CRH	S:GSM750101	D:0.12999551	D:47.48493151	S:Down with age	D:0.434443420486484	N:	N:	N:	N:	N:	N:	N:	N:	N:
S:CRH	S:GSM750102	D:0.20524442	D:48.13150685	S:Down with age	D:0.521612147693478	N:	N:	N:	N:	N:	N:	N:	N:	N:
S:CRH	S:GSM750103	D:-0.701452736	D:48.50410959	S:Down with age	D:-0.528710535395504	N:	N:	N:	N:	N:	N:	N:	N:	N:
S:CRH	S:GSM750104	D:-1.842653135	D:48.63835616	S:Down with age	D:-1.85068299013197	N:	N:	N:	N:	N:	N:	N:	N:	N:
S:CRH	S:GSM750105	D:0.549399278	D:48.97808219	S:Down with age	D:0.92028291825964	N:	N:	N:	N:	N:	N:	N:	N:	N:
S:CRH	S:GSM750106	D:0.365196742	D:31.56	S:Down with age	D:0.706901746207839	N:	N:	N:	N:	N:	N:	N:	N:	N:
S:CRH	S:GSM750107	D:0.09801416	D:49.2	S:Down with age	D:0.397396058951794	N:	N:	N:	N:	N:	N:	N:	N:	N:
S:CRH	S:GSM750108	D:-0.088630785	D:49.2109589	S:Down with age	D:0.181185587660324	N:	N:	N:	N:	N:	N:	N:	N:	N:
S:CRH	S:GSM750109	D:0.293807234	D:49.56164384	S:Down with age	D:0.624203770273124	N:	N:	N:	N:	N:	N:	N:	N:	N:
S:CRH	S:GSM750110	D:-1.375483709	D:49.75616438	S:Down with age	D:-1.30951150665877	N:	N:	N:	N:	N:	N:	N:	N:	N:
S:CRH	S:GSM750111	D:-0.166572198	D:49.75890411	S:Down with age	D:0.090897851028329	N:	N:	N:	N:	N:	N:	N:	N:	N:
S:CRH	S:GSM750112	D:-0.3260521	D:50.10958904	S:Down with age	D:-0.0938444937104339	N:	N:	N:	N:	N:	N:	N:	N:	N:
S:CRH	S:GSM750113	D:0.734238826	D:50.89863014	S:Down with age	D:1.13440200831259	N:	N:	N:	N:	N:	N:	N:	N:	N:
S:CRH	S:GSM750114	D:0.234972457	D:51.03835616	S:Down with age	D:0.556049259774603	N:	N:	N:	N:	N:	N:	N:	N:	N:
S:CRH	S:GSM750115	D:0.010606116	D:51.38630137	S:Down with age	D:0.296142127922986	N:	N:	N:	N:	N:	N:	N:	N:	N:
S:CRH	S:GSM750116	D:-0.210166374	D:51.47945205	S:Down with age	D:0.0403981316894352	N:	N:	N:	N:	N:	N:	N:	N:	N:
S:CRH	S:GSM750117	D:0.098053926	D:51.58356164	S:Down with age	D:0.39744212409222	N:	N:	N:	N:	N:	N:	N:	N:	N:
S:CRH	S:GSM750118	D:-0.516547639	D:51.61917808	S:Down with age	D:-0.314515513041349	N:	N:	N:	N:	N:	N:	N:	N:	N:
S:CRH	S:GSM750119	D:-0.123024319	D:51.67123288	S:Down with age	D:0.141343939682559	N:	N:	N:	N:	N:	N:	N:	N:	N:
S:CRH	S:GSM750120	D:-0.379913474	D:51.75068493	S:Down with age	D:-0.156237788406661	N:	N:	N:	N:	N:	N:	N:	N:	N:
S:CRH	S:GSM750121	D:-0.615024819	D:51.83287671	S:Down with age	D:-0.428591988561513	N:	N:	N:	N:	N:	N:	N:	N:	N:
S:CRH	S:GSM750122	D:0.314162497	D:51.93972603	S:Down with age	D:0.647783412392507	N:	N:	N:	N:	N:	N:	N:	N:	N:
S:CRH	S:GSM750123	D:-1.485027691	D:52.16438356	S:Down with age	D:-1.43640782295259	N:	N:	N:	N:	N:	N:	N:	N:	N:
S:CRH	S:GSM750124	D:-0.540343992	D:53.29863014	S:Down with age	D:-0.342081331644945	N:	N:	N:	N:	N:	N:	N:	N:	N:
S:CRH	S:GSM750125	D:-1.842454203	D:53.39178082	S:Down with age	D:-1.85045254627251	N:	N:	N:	N:	N:	N:	N:	N:	N:
S:CRH	S:GSM750126	D:-0.518715588	D:53.59726027	S:Down with age	D:-0.317026876395046	N:	N:	N:	N:	N:	N:	N:	N:	N:
S:CRH	S:GSM750127	D:-0.96091772	D:53.95616438	S:Down with age	D:-0.829276117143639	N:	N:	N:	N:	N:	N:	N:	N:	N:
S:CRH	S:GSM750128	D:0.231721432	D:53.97808219	S:Down with age	D:0.552283255571111	N:	N:	N:	N:	N:	N:	N:	N:	N:
S:CRH	S:GSM750129	D:-0.099502737	D:54.51780822	S:Down with age	D:0.168591462136173	N:	N:	N:	N:	N:	N:	N:	N:	N:
S:CRH	S:GSM750130	D:0.536781034	D:54.59452055	S:Down with age	D:0.905665879035188	N:	N:	N:	N:	N:	N:	N:	N:	N:
S:CRH	S:GSM750131	D:0.240578008	D:55.43561644	S:Down with age	D:0.562542759095242	N:	N:	N:	N:	N:	N:	N:	N:	N:
S:CRH	S:GSM750132	D:0.596521041	D:56.09041096	S:Down with age	D:0.974869012655687	N:	N:	N:	N:	N:	N:	N:	N:	N:
S:CRH	S:GSM750133	D:-0.298738703	D:56.12876712	S:Down with age	D:-0.0622045131155079	N:	N:	N:	N:	N:	N:	N:	N:	N:
S:CRH	S:GSM750134	D:-2.193075538	D:57.14794521	S:Down with age	D:-2.25661411729815	N:	N:	N:	N:	N:	N:	N:	N:	N:
S:CRH	S:GSM750135	D:-4.390902176	D:57.48219178	S:Down with age	D:-4.80258788165018	N:	N:	N:	N:	N:	N:	N:	N:	N:
S:CRH	S:GSM750136	D:0.029513951	D:57.63287671	S:Down with age	D:0.318045061948075	N:	N:	N:	N:	N:	N:	N:	N:	N:
S:CRH	S:GSM750137	D:-3.578309956	D:57.86849315	S:Down with age	D:-3.86127684397926	N:	N:	N:	N:	N:	N:	N:	N:	N:
S:CRH	S:GSM750138	D:-0.326847432	D:57.93150685	S:Down with age	D:-0.094765810419832	N:	N:	N:	N:	N:	N:	N:	N:	N:
S:CRH	S:GSM750139	D:-1.427431674	D:58.23287671	S:Down with age	D:-1.36968829845606	N:	N:	N:	N:	N:	N:	N:	N:	N:
S:CRH	S:GSM750140	D:0.098420323	D:58.23835616	S:Down with age	D:0.397866560275315	N:	N:	N:	N:	N:	N:	N:	N:	N:
S:CRH	S:GSM750141	D:-1.635118619	D:58.43561644	S:Down with age	D:-1.61027393156568	N:	N:	N:	N:	N:	N:	N:	N:	N:
S:CRH	S:GSM750142	D:-0.062693484	D:58.51780822	S:Down with age	D:0.211231491519326	N:	N:	N:	N:	N:	N:	N:	N:	N:
S:CRH	S:GSM750143	D:-0.150342482	D:58.60547945	S:Down with age	D:0.109698438128541	N:	N:	N:	N:	N:	N:	N:	N:	N:
S:CRH	S:GSM750144	D:0.043873556	D:59.26027397	S:Down with age	D:0.334679302776882	N:	N:	N:	N:	N:	N:	N:	N:	N:
S:CRH	S:GSM750145	D:-1.032484975	D:59.61643836	S:Down with age	D:-0.912179996124057	N:	N:	N:	N:	N:	N:	N:	N:	N:
S:CRH	S:GSM750146	D:-0.218403119	D:60.38630137	S:Down with age	D:0.0308566436070354	N:	N:	N:	N:	N:	N:	N:	N:	N:
S:CRH	S:GSM750147	D:0.152608776	D:60.73972603	S:Down with age	D:0.460638744979732	N:	N:	N:	N:	N:	N:	N:	N:	N:
S:CRH	S:GSM750148	D:-0.051474684	D:60.76438356	S:Down with age	D:0.224227407563689	N:	N:	N:	N:	N:	N:	N:	N:	N:
S:CRH	S:GSM750149	D:-0.172254309	D:61.16712329	S:Down with age	D:0.0843156642070334	N:	N:	N:	N:	N:	N:	N:	N:	N:
S:CRH	S:GSM750150	D:-1.916754025	D:61.1890411	S:Down with age	D:-1.9365218450231	N:	N:	N:	N:	N:	N:	N:	N:	N:
S:CRH	S:GSM750151	D:-1.323379401	D:61.95616438	S:Down with age	D:-1.24915360632026	N:	N:	N:	N:	N:	N:	N:	N:	N:
S:CRH	S:GSM750152	D:-0.159679055	D:62.30684932	S:Down with age	D:0.0988829035927556	N:	N:	N:	N:	N:	N:	N:	N:	N:
S:CRH	S:GSM750153	D:-0.779485401	D:62.78356164	S:Down with age	D:-0.619103978817073	N:	N:	N:	N:	N:	N:	N:	N:	N:
S:CRH	S:GSM750154	D:-2.39309915	D:63	S:Down with age	D:-2.48832250575701	N:	N:	N:	N:	N:	N:	N:	N:	N:
S:CRH	S:GSM750155	D:-0.61595312	D:63.24109589	S:Down with age	D:-0.429667337249421	N:	N:	N:	N:	N:	N:	N:	N:	N:
S:CRH	S:GSM750156	D:-1.227808761	D:64.56164384	S:Down with age	D:-1.13844408179482	N:	N:	N:	N:	N:	N:	N:	N:	N:
S:CRH	S:GSM750157	D:-0.189717886	D:64.90684932	S:Down with age	D:0.0640857661318143	N:	N:	N:	N:	N:	N:	N:	N:	N:
S:CRH	S:GSM750158	D:-0.339248227	D:64.95890411	S:Down with age	D:-0.109130955596086	N:	N:	N:	N:	N:	N:	N:	N:	N:
S:CRH	S:GSM750159	D:-0.607337135	D:65.04109589	S:Down with age	D:-0.419686535586187	N:	N:	N:	N:	N:	N:	N:	N:	N:
S:CRH	S:GSM750160	D:-2.944755687	D:66.71506849	S:Down with age	D:-3.12736429633854	N:	N:	N:	N:	N:	N:	N:	N:	N:
S:CRH	S:GSM750161	D:-0.488079017	D:68.5890411	S:Down with age	D:-0.281537313821227	N:	N:	N:	N:	N:	N:	N:	N:	N:
S:CRH	S:GSM750162	D:0.246659766	D:71.10958904	S:Down with age	D:0.569587899071901	N:	N:	N:	N:	N:	N:	N:	N:	N:
S:CRH	S:GSM750163	D:-0.885183746	D:71.81917808	S:Down with age	D:-0.741545489285939	N:	N:	N:	N:	N:	N:	N:	N:	N:
S:CRH	S:GSM750164	D:-0.422044312	D:73.27945205	S:Down with age	D:-0.205042369424832	N:	N:	N:	N:	N:	N:	N:	N:	N:
S:CRH	S:GSM750165	D:-1.14436306	D:75.57260274	S:Down with age	D:-1.04178014942602	N:	N:	N:	N:	N:	N:	N:	N:	N:
S:CRH	S:GSM750166	D:-0.183755716	D:77.9890411	S:Down with age	D:0.0709923747496896	N:	N:	N:	N:	N:	N:	N:	N:	N:
S:CRH	S:GSM750167	D:-1.500333782	D:78.22739726	S:Down with age	D:-1.45413847806752	N:	N:	N:	N:	N:	N:	N:	N:	N:
N:	N:	N:	N:	N:	N:	N:	N:	N:	N:	N:	N:	N:	N:	N:
N:	N:	N:	N:	N:	N:	N:	N:	N:	N:	N:	N:	N:	N:	N:
S:Source	S:source_materials/Aging_revision_upload_ready/additional_visuals/Figure2D_representative_gene_selection_statistics.csv	N:	N:	N:	N:	N:	N:	N:	N:	N:	N:	N:	N:	N:
S:Description	S:Selection statistics for representative Fig. 2d genes.	N:	N:	N:	N:	N:	N:	N:	N:	N:	N:	N:	N:	N:
N:	N:	N:	N:	N:	N:	N:	N:	N:	N:	N:	N:	N:	N:	N:
S:gene	S:figure_class	S:probe_id	S:gene_title	S:age_log2FC_per_year	S:age_log2FC_per_decade	N:	N:	N:	N:	N:	N:	N:	N:	N:
S:FKBP5	S:Up with age	S:HEEBO-013-HCC13J13	S:FK506 binding protein 5	D:0.0354470305948728	D:0.354470305948728	B:0	B:0	B:0	B:0	B:1	B:0	B:0	B:1	B:1
S:CP	S:Up with age	S:HEEBO-059-HCC59H16	S:ceruloplasmin (ferroxidase)	D:0.0308941399897411	D:0.308941399897411	B:0	B:0	B:0	B:0	B:1	B:0	B:0	B:1	B:1
S:AQP1	S:Up with age	S:HEEBO-094-HCA94H16	S:aquaporin 1 (Colton blood group)	D:0.0272269773038791	D:0.272269773038791	B:0	B:0	B:0	B:0	B:1	B:0	B:0	B:1	B:1
S:SLC14A1	S:Up with age	S:HEEBO-005-HCC5K11	S:solute carrier family 14 (urea transporter), member 1 (Kidd blood group)	D:0.027106288295773	D:0.27106288295773	B:0	B:0	B:0	B:0	B:1	B:0	B:0	B:1	B:1
S:SERPINA3	S:Up with age	S:HEEBO-049-HCC49B11	S:serpin peptidase inhibitor, clade A (alpha-1 antiproteinase, antitrypsin), member 3	D:0.0250446590973954	D:0.250446590973954	B:0	B:0	B:0	B:0	B:1	B:0	B:0	B:1	B:1
S:LGR6	S:Down with age	S:HEEBO-014-HCC14O17	S:leucine-rich repeat containing G protein-coupled receptor 6	D:-0.0336270376180294	D:-0.336270376180294	B:0	B:0	B:0	B:0	B:1	B:0	B:0	B:1	B:1
S:CALB1	S:Down with age	S:HEEBO-013-HCC13E4	S:calbindin 1, 28kDa	D:-0.0278820778841064	D:-0.278820778841064	B:0	B:0	B:0	B:0	B:1	B:0	B:0	B:1	B:1
S:PENK	S:Down with age	S:HEEBO-012-HCC12D12	S:proenkephalin	D:-0.0243817810263394	D:-0.243817810263394	B:0	B:0	B:0	B:0	B:1	B:0	B:0	B:1	B:1
S:NPPA	S:Down with age	S:HEEBO-025-HCC25L11	S:natriuretic peptide A	D:-0.0239180073886596	D:-0.239180073886596	B:0	B:0	B:0	B:0	B:1	B:0	B:0	B:1	B:1
S:CRH	S:Down with age	S:HEEBO-020-HCC20E19	S:corticotropin releasing hormone	D:-0.0218669403430918	D:-0.218669403430918	B:0	B:0	B:0	B:0	B:1	B:0	B:0	B:1	B:1
