#start_row=9	cols=16
S:Source	S:panel_review_SRdown_bothFDR_matched/SRdown_bothFDR_full_gene_list.csv	N:	N:	N:	N:	N:	N:	N:	N:	N:	N:	N:	N:	N:	N:
S:Description	S:Complete 2,163-gene participant-aware dual-FDR human blood SR-down list before panel-specific shared-universe restriction.	N:	N:	N:	N:	N:	N:	N:	N:	N:	N:	N:	N:	N:	N:
N:	N:	N:	N:	N:	N:	N:	N:	N:	N:	N:	N:	N:	N:	N:	N:
S:gene	S:participant_aware_phase_logFC	S:participant_aware_phase_t	S:participant_aware_phase_p	S:participant_aware_phase_FDR	S:delta_mesor	S:mesor_t	S:mesor_p	S:mesor_FDR	S:waveform_F	S:waveform_p	S:waveform_FDR	S:sr_sin_coef	S:sr_cos_coef	S:rhythmic_SR_effect_amplitude	S:SR_effect_acrophase_h
S:TXNIP	D:-0.170496944982076	D:-5.89458696509567	D:0.00000000774670108064542	D:0.00000319205505763348	D:-0.181982695865091	D:-6.28408511499195	D:0.00000000081936197717193	D:0.00000266852539931945	D:1.07274646343045	D:0.34299422168561	D:0.95707960515839	D:-0.0079227166200589	D:-0.0543153711608338	D:0.0548901537890075	D:12.5532617810179
S:CACNB4	D:-0.268031074781847	D:-6.40071912490556	D:0.000000000415791733252421	D:0.00000046572204842845	D:-0.261756316989878	D:-6.2556072755646	D:0.000000000968627556309618	D:0.00000270399301112089	D:0.0540251224350737	D:0.947414825138492	D:0.996760838460121	D:0.0120723974590322	D:0.0137021305876876	D:0.0182617404168083	D:2.75879885544979
S:UBTF	D:-0.089178299399347	D:-6.25188142099868	D:0.00000000100215955412473	D:0.000000890145447597787	D:-0.0861242717304601	D:-5.90518422412584	D:0.00000000722907284570202	D:0.0000156959236086515	D:5.66278911120508	D:0.00374069071175889	D:0.619506875420677	D:0.0000144416439230097	D:-0.0636068635486204	D:0.0636068651880745	D:11.9991327505811
S:SYNJ2	D:-0.156800023801355	D:-6.58838295959598	D:0.000000000134035562822356	D:0.000000231980379974909	D:-0.13946120471019	D:-5.78466283977904	D:0.000000014126430761647	D:0.0000250949621375768	D:0.0615282367914601	D:0.94033478711913	D:0.996544133174305	D:0.0119354197299042	D:-0.000700356403952683	D:0.0119559501178929	D:6.22387988151878
S:ZBTB38	D:-0.109888404884691	D:-6.7066783999608	D:0.0000000000648161337363876	D:0.000000154077871053163	D:-0.0995588898169994	D:-5.729981759042	D:0.0000000190744134060562	D:0.0000266237937405532	D:3.42866296388855	D:0.0333320910583739	D:0.777916968250261	D:-0.0021618473136191	D:-0.0588831109932906	D:0.0589227828946969	D:12.1401750191596
S:PARP1	D:-0.132648998568447	D:-6.57838668407556	D:0.000000000142457630607385	D:0.000000231980379974909	D:-0.119638945199521	D:-5.70210837646774	D:0.0000000222099969701712	D:0.0000289337033862744	D:3.47281531505781	D:0.0319149765368525	D:0.777497218447519	D:0.0311422595643282	D:-0.0663942074829565	D:0.0733350606331097	D:10.32473563052
S:CEP192	D:-0.074935366692834	D:-6.00842200336323	D:0.00000000407970122715809	D:0.00000221448449110823	D:-0.0726204831569651	D:-5.66437892800783	D:0.0000000272649566281933	D:0.0000332990323419703	D:1.96641734735448	D:0.141231591032416	D:0.893013200900893	D:-0.00894777256700079	D:-0.0317146967678806	D:0.032952763541005	D:13.0503684941225
S:PDE4B	D:-0.145368822243679	D:-5.68610111619986	D:0.0000000244410057212309	D:0.0000077032531096544	D:-0.143715057346521	D:-5.64804740782187	D:0.0000000297855738625976	D:0.0000333159901937847	D:0.207708600884285	D:0.81252635925264	D:0.990538766746216	D:-0.00255726931692711	D:0.0211790452725275	D:0.0213328756855485	D:23.541009082503
S:CXCR3	D:-0.154808154910437	D:-6.37318077024331	D:0.000000000489885100528511	D:0.000000503833934180402	D:-0.140713635093418	D:-5.6378641044528	D:0.0000000314706191976018	D:0.0000333159901937847	D:2.94230328118152	D:0.0538219444921646	D:0.83656058396868	D:0.00373766357978387	D:-0.0784685024306153	D:0.0785574694267777	D:11.8181940519234
S:GLCCI1	D:-0.115567211740548	D:-5.45455593120221	D:0.0000000842057877204952	D:0.0000178860733874472	D:-0.119134792760797	D:-5.61393614860126	D:0.0000000358034795593613	D:0.0000333159901937847	D:2.46211582982762	D:0.0864724459745429	D:0.860742263980279	D:0.00714734301290674	D:-0.0608289892071996	D:0.0612474525193804	D:11.5532355260843
S:KIF21A	D:-0.203351200207191	D:-5.84777241027671	D:0.0000000100557427655789	D:0.00000357271398876687	D:-0.192082588962643	D:-5.46320861758233	D:0.0000000798682792006183	D:0.0000581080668524143	D:5.00092225803224	D:0.00713420709725013	D:0.662881684141537	D:0.0905183076101747	D:-0.119727983140948	D:0.150094483441629	D:9.52730106287373
S:LRIG1	D:-0.108561130097607	D:-6.11301433882404	D:0.00000000224407915875141	D:0.00000156612681575576	D:-0.100344692442003	D:-5.45682168817848	D:0.0000000825980564671817	D:0.0000581080668524143	D:2.91333427283804	D:0.0553820584852139	D:0.83656058396868	D:0.00335002935321757	D:-0.0575141505318127	D:0.0576116325759254	D:11.7777637755567
S:ZC3H4	D:-0.115625456269934	D:-5.84090560506769	D:0.0000000104465321040389	D:0.00000358132778675481	D:-0.109022506091553	D:-5.4552989032061	D:0.0000000832621601692646	D:0.0000581080668524143	D:3.39955470976421	D:0.0343007623413671	D:0.780292429467583	D:-0.0215074647478071	D:-0.0641150180707224	D:0.0676262270283299	D:13.2362729134088
S:AEBP2	D:-0.120182334267291	D:-6.55778782251868	D:0.00000000016148216647344	D:0.000000242732539619807	D:-0.105568766602977	D:-5.43286784401111	D:0.0000000936668881228251	D:0.0000602161668443367	D:4.27880650336166	D:0.014462409740928	D:0.713645549158627	D:-0.0389639538826538	D:-0.0635599747608721	D:0.0745523983099958	D:14.1006269391998
S:KDELC1	D:-0.28657854354739	D:-5.41947148116117	D:0.000000101197049064563	D:0.0000190143416901021	D:-0.287537379232696	D:-5.42291972943271	D:0.0000000986759011238637	D:0.0000602161668443367	D:2.72901874907941	D:0.06643013884761	D:0.847670464859297	D:-0.0315299306500373	D:-0.157216097234777	D:0.160346617540038	D:12.7560209884058
S:COG3	D:-0.0608186988405192	D:-5.4512122916742	D:0.000000085697377984883	D:0.0000178860733874472	D:-0.0607462122027784	D:-5.41716652263821	D:0.00000010169047161676	D:0.0000602161668443367	D:0.346377452579202	D:0.707445406142784	D:0.987553110889477	D:-0.00119516077499053	D:-0.0120194506884517	D:0.0120787252692574	D:12.3785714236072
S:KLHL24	D:-0.0637334428982307	D:-5.45194193248904	D:0.0000000853697125865606	D:0.0000178860733874472	D:-0.0626011422966941	D:-5.36798630089374	D:0.000000131383058897722	D:0.0000733530386834398	D:0.389037110679378	D:0.67795076128062	D:0.986364991209785	D:0.000450105646573894	D:0.0133147430654141	D:0.0133223488165965	D:0.129076651823299
S:HECA	D:-0.118595346746035	D:-5.06935717223612	D:0.00000060080034364432	D:0.0000614672225924275	D:-0.12468938019537	D:-5.32469880399217	D:0.000000164355500386176	D:0.0000868019144066557	D:1.18570239023219	D:0.306542405674384	D:0.956128515448225	D:-0.00840978380454925	D:-0.0459076770688786	D:0.0466716110446136	D:12.6920573115009
S:SFMBT1	D:-0.0868643779297123	D:-5.40571011425649	D:0.000000108733768791373	D:0.0000200449676976625	D:-0.0856525894950296	D:-5.31424456386933	D:0.00000017344966006996	D:0.0000891942054586074	D:0.790316211753439	D:0.454368441985806	D:0.967692421145506	D:0.0161795271367479	D:-0.0220135514969013	D:0.0273198379913844	D:9.57898970993646
S:PRKCE	D:-0.168313982144953	D:-5.60820057983996	D:0.0000000372278929328163	D:0.0000100633901296959	D:-0.161868146365837	D:-5.30557897279582	D:0.000000181356257085282	D:0.0000908687851206026	D:0.356193445729195	D:0.70054647281771	D:0.987553110889477	D:-0.000380628867569215	D:-0.0333606438437011	D:0.0333628151690036	D:12.0435792577012
S:URB2	D:-0.0949715118949474	D:-5.44650065203321	D:0.0000000878428865642314	D:0.0000178951634340389	D:-0.0933029105957365	D:-5.26956475463135	D:0.00000021812878235001	D:0.000101432510850805	D:3.2738275255467	D:0.0388204335078598	D:0.812991061546552	D:-0.00105999731789919	D:-0.0586830230269331	D:0.0586925956649859	D:12.0689884575345
S:DCAF5	D:-0.0820229738454044	D:-6.62282091346784	D:0.000000000108594255192801	D:0.000000212204034072252	D:-0.0704085827309154	D:-5.25466598235313	D:0.000000235370839370194	D:0.000102812762652319	D:3.33634659608013	D:0.036502739514132	D:0.791675952103945	D:-0.0237007391117608	D:-0.0387149155985506	D:0.0453934987002175	D:14.0982930192501
S:KIF3A	D:-0.152282232194592	D:-6.4389424942523	D:0.000000000330848242499234	D:0.000000404069094167346	D:-0.135423058287692	D:-5.24811831674854	D:0.000000243359713251918	D:0.000103380264275125	D:6.48302775093696	D:0.00168517772399813	D:0.540621307029361	D:0.0101656866198241	D:-0.120272351182327	D:0.120701199842328	D:11.6779144236655
S:NOV	D:-0.177253888447768	D:-5.19854756000588	D:0.000000314913896071304	D:0.0000410248829541957	D:-0.177409121826866	D:-5.19131754118178	D:0.000000324624646011475	D:0.000129458983830821	D:1.09859573533744	D:0.334285701320833	D:0.95707960515839	D:-0.0310295423333746	D:0.0598273086613446	D:0.067395395681593	D:22.1724270512626
S:CCR5	D:-0.148925728248364	D:-6.21990763676243	D:0.00000000120807531309778	D:0.000000983624987218487	D:-0.129162220604464	D:-5.15525455515289	D:0.000000389269763999745	D:0.000141681981819194	D:1.33244691035307	D:0.264933243397753	D:0.939907763028795	D:-0.00734009867627229	D:-0.0524140787097529	D:0.0529255391618223	D:12.5314594328501
S:RTF1	D:-0.0700411595527076	D:-5.01785869948656	D:0.00000077436879993247	D:0.0000724663282398855	D:-0.0720704361357717	D:-5.15429109059281	D:0.000000391157430343879	D:0.000141681981819194	D:0.19790215826402	D:0.820525859687552	D:0.990538766746216	D:0.0100986396189038	D:-0.00686127807559744	D:0.0122089990983359	D:8.27954708449127
S:IFT88	D:-0.202725279675445	D:-6.01870416773103	D:0.00000000384827340447466	D:0.00000221173854696586	D:-0.179762760255641	D:-5.15410304384596	D:0.000000391526893108666	D:0.000141681981819194	D:1.33673045284037	D:0.263807886391608	D:0.939907763028795	D:0.0184844056281014	D:-0.0723333636408	D:0.074657811024811	D:11.0443433318946
S:PPP2R5C	D:-0.0638178978305115	D:-5.62744746526858	D:0.0000000335664277233464	D:0.00000950610962524511	D:-0.0591744531234278	D:-5.12980309471506	D:0.000000442223407881775	D:0.000151841079770702	D:1.65277059697426	D:0.192749895349312	D:0.921744746511297	D:-0.00564160050854562	D:-0.0265587172351125	D:0.0271513004747965	D:12.7995006038581
S:NHS	D:-0.199235230706628	D:-4.78583119693134	D:0.00000236616901046875	D:0.000144944541171065	D:-0.214984742959281	D:-5.12949201489721	D:0.000000442911905579552	D:0.000151841079770702	D:0.0454449277924214	D:0.955576880031477	D:0.996760838460121	D:-0.0142803603863868	D:0.0101318529387706	D:0.0175095156054632	D:20.3570355556834
S:ZNF295	D:-0.125274180955098	D:-5.07090245087918	D:0.000000596222981968355	D:0.000061319964687598	D:-0.127130568868129	D:-5.12234366648167	D:0.0000004590219457513	D:0.000152029624439426	D:2.78541790062674	D:0.0628327063814023	D:0.840103863598374	D:-0.0383461737324723	D:-0.0664331799543724	D:0.0767059087604793	D:13.99961012058
S:TUG1	D:-0.08386437348741	D:-5.30722804783224	D:0.000000181025582952985	D:0.0000280747691784466	D:-0.080860498977267	D:-5.11834303938597	D:0.000000468284103263561	D:0.000152512327697887	D:3.1338643911676	D:0.0445595431460359	D:0.821701589300434	D:-0.0459337766226968	D:-0.0281698530042287	D:0.0538836937589069	D:15.8986945412588
S:TKTL1	D:-0.117188516525736	D:-6.26227517159778	D:0.000000000942941642870465	D:0.000000877429649682464	D:-0.0991363052844936	D:-5.10367477774153	D:0.00000050381634463906	D:0.000158791535332127	D:0.321076183004125	D:0.725544181543772	D:0.988887668865741	D:0.00480380001387307	D:-0.0197891655252462	D:0.0203638789713276	D:11.090362159893
S:GAR1	D:-0.108833134442048	D:-6.10307549563805	D:0.00000000237606161684476	D:0.00000160105586395736	D:-0.0954692267000994	D:-5.09075328562735	D:0.000000537267690352197	D:0.00016455122184599	D:1.15321469358779	D:0.316608369185425	D:0.956911684216668	D:0.012616576104232	D:-0.0353213315358085	D:0.037506992068898	D:10.6895710065058
S:UBR1	D:-0.0844096039072989	D:-6.23915876712608	D:0.00000000107961547745099	D:0.000000917250697603033	D:-0.074512366851807	D:-5.09013076096705	D:0.000000538932408686524	D:0.00016455122184599	D:5.87961021838417	D:0.00302888552719123	D:0.619506875420677	D:0.00698719620079757	D:-0.0648886381575635	D:0.0652637439371329	D:11.5902721480388
S:WRN	D:-0.0968386514242357	D:-5.53047278777467	D:0.0000000563880998275096	D:0.0000131176173658258	D:-0.0905586744397723	D:-5.0729462645959	D:0.000000586907827668436	D:0.000173292113415406	D:3.67325396153128	D:0.026205220789694	D:0.7497455628864	D:0.011188493702047	D:-0.0621008260931734	D:0.0631006734732309	D:11.3191187682858
S:SMC4	D:-0.119467534036778	D:-5.20038672144637	D:0.000000312001355460038	D:0.0000409182448794939	D:-0.117344008699214	D:-5.05987659399995	D:0.000000626135839567911	D:0.000173540496808579	D:0.695795340577923	D:0.499246108086512	D:0.971534152892322	D:-0.0223849363510346	D:-0.028410470048293	D:0.036169603036318	D:14.548998794936
S:GTF3C4	D:-0.0889056774992135	D:-5.64547610126321	D:0.0000000304561800958279	D:0.00000890629470686188	D:-0.081950698136526	D:-5.05283771381406	D:0.000000648301328848385	D:0.000173540496808579	D:1.88938603769951	D:0.152434987888044	D:0.897370879509493	D:0.0240200147892151	D:-0.034926917311704	D:0.0423892753343664	D:9.69885564741568
S:SCP2	D:-0.169812622925498	D:-5.3620605767123	D:0.000000136424021767113	D:0.0000233847527136067	D:-0.163639747699151	D:-5.04413714692274	D:0.000000676749711347163	D:0.000178707650127499	D:1.00068217115211	D:0.3684950318875	D:0.959270072771647	D:-0.00748435975091034	D:-0.0589156172186899	D:0.0593891033198872	D:12.4826536176161
S:TET1	D:-0.224649692048015	D:-5.2250279064601	D:0.000000275409229451862	D:0.0000378998010754847	D:-0.217890717536361	D:-5.03227756828667	D:0.000000717478096012882	D:0.000186936526322503	D:3.0050978334932	D:0.0505900685371644	D:0.835594823583134	D:-0.064307159471098	D:-0.122864709483128	D:0.138676413263449	D:13.8418317422799
S:SSBP2	D:-0.0947175375858242	D:-5.43775410440234	D:0.0000000919649514461065	D:0.0000181313960448862	D:-0.0884664173226753	D:-5.0257267401495	D:0.0000007409808499872	D:0.00018706401485193	D:1.58362166030327	D:0.206441820446805	D:0.927138374549935	D:-0.0284910893420507	D:-0.030440610513408	D:0.0416937997827701	D:14.8736858476516
S:TARDBP	D:-0.0768024070979192	D:-5.50709272824202	D:0.0000000638306005192234	D:0.0000146742795852488	D:-0.0721125459642158	D:-5.014067195852	D:0.000000784666296892307	D:0.000194090684905982	D:1.8722883702894	D:0.155040367855102	D:0.900072438578892	D:-0.00638071552040355	D:-0.0354489999830281	D:0.0360186775208231	D:12.6802540104668
S:SEMA3C	D:-0.362973196337693	D:-5.01767668619781	D:0.000000775060774890542	D:0.0000724663282398855	D:-0.364515428906813	D:-5.0104376969782	D:0.00000079876603707887	D:0.000195108589131977	D:0.463399859864211	D:0.62945924153711	D:0.984208797062414	D:-0.0869281220395322	D:0.0452128903297771	D:0.0979831814817842	D:19.8319838725933
S:TMEM170A	D:-0.0709814039992402	D:-5.65261595604877	D:0.0000000293036187510631	D:0.00000890629470686188	D:-0.064602732857184	D:-5.00084183303862	D:0.000000837233428920536	D:0.000197112993187183	D:0.550762792555751	D:0.576921736199511	D:0.982115268178959	D:0.00320734461497602	D:-0.0173921766563216	D:0.017685442271086	D:11.3034200846186
S:EPB41L5	D:-0.178076823362778	D:-5.32652172031226	D:0.000000163919487028935	D:0.0000262553335740363	D:-0.167705831442771	D:-4.99556078844542	D:0.00000085916136068195	D:0.000198929304342706	D:0.405707823493807	D:0.666763316877119	D:0.985706471962942	D:0.0241120190825961	D:-0.0328722925947536	D:0.0407673531722943	D:9.5826489894424
S:DCP1A	D:-0.097158530314009	D:-5.88334008512666	D:0.00000000824900169975053	D:0.00000319205505763348	D:-0.0856602775457154	D:-4.99410373451516	D:0.000000865308370560874	D:0.000198929304342706	D:0.95250212387845	D:0.386598376450026	D:0.960227634080898	D:0.0132284953678107	D:-0.0284646485239849	D:0.0313883625773978	D:10.3382730541311
S:ZNF425	D:-0.152783715557846	D:-4.95054405552912	D:0.00000107553142644651	D:0.0000896603564675584	D:-0.153420212970604	D:-4.98469696186977	D:0.000000906028734840664	D:0.000205868691947923	D:1.73434191899632	D:0.177766086049487	D:0.914741780794853	D:-0.0450885399928098	D:-0.060718178893761	D:0.0756285242938005	D:14.4398070263527
S:SGK223	D:-0.134991039117938	D:-5.8807056303171	D:0.00000000837117658354247	D:0.00000319205505763348	D:-0.120139640753941	D:-4.95764602244936	D:0.00000103371310850243	D:0.000214880490311197	D:5.04324624309435	D:0.00684526020152214	D:0.662881684141537	D:-0.00536339763936563	D:-0.0994996668378632	D:0.099644115406198	D:12.2056977979131
S:RPA1	D:-0.107098763694866	D:-5.53738154685191	D:0.0000000543553352588708	D:0.0000127970795938987	D:-0.0975224294016905	D:-4.95357646489482	D:0.00000105436695461559	D:0.000214880490311197	D:2.14762316404626	D:0.118029713478513	D:0.88640224100062	D:0.00685365456697831	D:-0.0526500754299671	D:0.0530942842847014	D:11.5055534537558
S:MFNG	D:-0.0846041766229842	D:-5.95708970700082	D:0.00000000545421635615913	D:0.00000254317712688844	D:-0.0714216325375386	D:-4.9534611799256	D:0.00000105495781664588	D:0.000214880490311197	D:1.2325564605751	D:0.292588657487507	D:0.951115631254585	D:-0.0282466938365048	D:0.0143620728683553	D:0.0316882446621643	D:19.7967417854495
S:SLC38A1	D:-0.126158860697625	D:-5.42512249915616	D:0.0000000982513564569033	D:0.0000188228407502387	D:-0.118218935877005	D:-4.95332550263314	D:0.00000105565360369863	D:0.000214880490311197	D:2.67102044914245	D:0.0703455716579112	D:0.850339905642804	D:-0.00521686720764462	D:-0.0712123347665525	D:0.0714031674813222	D:12.2793256505837
S:CHAF1B	D:-0.106029652847879	D:-5.31083148313452	D:0.000000177704396831968	D:0.0000277801729479479	D:-0.0998834715330085	D:-4.94916581493733	D:0.00000107720192393498	D:0.000215616797081895	D:1.42537263011718	D:0.241568390889136	D:0.933266293860831	D:0.00775794405836641	D:-0.0437506034174457	D:0.0444331069744549	D:11.3296479101121
S:SMARCA1	D:-0.188038588633188	D:-4.89927562804977	D:0.00000137792619542316	D:0.000105179905409234	D:-0.189351454861574	D:-4.94837639138124	D:0.00000108133903659105	D:0.000215616797081895	D:0.788998154650493	D:0.454965495197061	D:0.967692421145506	D:0.0376908390282741	D:-0.0526326829654968	D:0.0647363782026904	D:9.62620902041152
S:NPAT	D:-0.10597391179722	D:-5.72243643216586	D:0.0000000200533603967618	D:0.00000642397894283807	D:-0.0966196771149379	D:-4.94569645578596	D:0.00000109549849160433	D:0.000216233697216568	D:3.69674736398332	D:0.0256070220277676	D:0.748435245718982	D:-0.01778868687884	D:-0.0664899993038003	D:0.0688284635037917	D:12.998539003685
S:TSHZ1	D:-0.105590365342111	D:-5.66549080306691	D:0.0000000273316917610746	D:0.00000847759664608187	D:-0.0946835074452269	D:-4.9307785063024	D:0.0000011776497239223	D:0.000230124532551657	D:2.77209917098709	D:0.0636641855572763	D:0.840103863598374	D:-0.00690363922023906	D:-0.0581008874477332	D:0.0585096005515111	D:12.4517469406361
S:TMEM200A	D:-0.196971406894845	D:-5.20785963770891	D:0.000000300433265923219	D:0.0000396673408743624	D:-0.187341112786342	D:-4.91031988618126	D:0.00000130004207056347	D:0.000249060020596871	D:0.848391563877836	D:0.428828312691353	D:0.966078042387016	D:-0.0120191894613627	D:-0.0631915356890461	D:0.064324420697338	D:12.7179444023371
S:SNRK	D:-0.0937860731710415	D:-4.59315277019737	D:0.00000578699649282668	D:0.00025526794236191	D:-0.100482112248182	D:-4.87959905589082	D:0.0000015071699259649	D:0.000280491500221716	D:0.880384311018437	D:0.415380011850202	D:0.96415212136371	D:-0.0273135408640529	D:-0.024422623488696	D:0.036640060761452	D:15.2132168032584
S:SIRT1	D:-0.145083123261939	D:-5.32154902790157	D:0.000000168171975107438	D:0.0000265020045610842	D:-0.13483140627087	D:-4.86428206273202	D:0.00000162199633062257	D:0.000299013493365054	D:0.617262571315771	D:0.539903010630113	D:0.976061127830794	D:-0.0385929714518012	D:-0.0175737017312742	D:0.0424058066545058	D:16.3678247218847
S:CEP97	D:-0.158293636323008	D:-5.60637775931661	D:0.0000000375941599441073	D:0.0000100633901296959	D:-0.138835397856408	D:-4.85009473853808	D:0.0000017358493060868	D:0.000311194782479285	D:5.38598497530996	D:0.00489906851240097	D:0.627240251963999	D:-0.132695883000197	D:0.00316902274134592	D:0.132733718663862	D:18.0912045983736
S:FYCO1	D:-0.0825857773049556	D:-4.91128074039615	D:0.00000130050486170176	D:0.000100845894851246	D:-0.0812255723671038	D:-4.82395432217093	D:0.00000196612356359006	D:0.00034134632491777	D:1.84551415936693	D:0.159210467716113	D:0.902380977219134	D:0.0354451152296193	D:-0.0272255211381641	D:0.0446943530536645	D:8.50186644079962
S:ARHGEF18	D:-0.109694457392593	D:-5.17059070620598	D:0.000000362567713389078	D:0.0000448413651097213	D:-0.102828883359976	D:-4.81916987736235	D:0.00000201134392049754	D:0.000344769048688091	D:0.789787402140726	D:0.454607887428226	D:0.967692421145506	D:-0.0013196398076098	D:-0.0347031791236602	D:0.0347282606893963	D:12.1451805102464
S:SCAPER	D:-0.138952678416001	D:-4.77003137685642	D:0.00000254912080089696	D:0.000152331405413846	D:-0.13927654331935	D:-4.79971894545449	D:0.00000220572619142998	D:0.000374800830493332	D:2.09599802143003	D:0.124219481345618	D:0.888724539846668	D:-0.0581398168605034	D:-0.0542520653829636	D:0.0795205942060938	D:15.1320753580975
S:GRK5	D:-0.090348242559958	D:-4.74223380600665	D:0.00000290457297037842	D:0.000164994943064432	D:-0.0907458605934084	D:-4.78106715482597	D:0.00000240904663877695	D:0.000399046293045049	D:0.170649739807243	D:0.843174705745037	D:0.990538766746216	D:0.00763838642188717	D:0.0123784416341212	D:0.0145454722996338	D:2.11183749723017
S:TOP2A	D:-0.386690602139109	D:-5.14438804208235	D:0.000000413525093203044	D:0.0000495748088728876	D:-0.362646607524731	D:-4.77646585753242	D:0.0000024619153525982	D:0.000399046293045049	D:1.53287392772786	D:0.217108256553851	D:0.927826835934733	D:0.0270702193994559	D:-0.171065650851474	D:0.173194265723705	D:11.4005210052492
S:MED1	D:-0.0968810823702138	D:-5.53966437949149	D:0.0000000536994595473694	D:0.0000127968431587213	D:-0.0876420802665799	D:-4.77569010698175	D:0.00000247093810237198	D:0.000399046293045049	D:2.40256256610983	D:0.0917166206931917	D:0.866601166862925	D:0.0401988320398843	D:-0.0377184457700653	D:0.0551237448716992	D:8.87844571200314
S:ZKSCAN2	D:-0.163879433454067	D:-4.95002290010674	D:0.00000107825514404975	D:0.0000896603564675584	D:-0.160127419047291	D:-4.76002556696684	D:0.00000266009729499816	D:0.000419201300335153	D:0.644243974348098	D:0.52557249889453	D:0.97536435694998	D:-0.0243135570899956	D:-0.0436421129298694	D:0.0499578129960865	D:13.9415144390633
S:PRSS1	D:-0.311096574350331	D:-5.04954580658387	D:0.000000662582219133105	D:0.0000650629102717588	D:-0.297298883540211	D:-4.75517639969965	D:0.00000272142878566559	D:0.000425435519205531	D:0.0024367345613588	D:0.997566245835026	D:0.999316769699436	D:-0.0023551705047441	D:-0.00517585379017746	D:0.00568650073100417	D:13.6311316829151
S:ZYG11B	D:-0.0962108516140094	D:-4.93101514639488	D:0.00000118227661037299	D:0.000095862519681737	D:-0.0920279441285867	D:-4.74339030133191	D:0.00000287622769373266	D:0.000445375829567232	D:0.366076171199188	D:0.693668919483363	D:0.986869111240858	D:0.00924003999708842	D:0.0195713387193937	D:0.0216429119671321	D:1.68486532577912
S:CCR8	D:-0.305018094865764	D:-4.87511012447754	D:0.00000154748166229393	D:0.00011161072503795	D:-0.297895561116532	D:-4.72963871494529	D:0.00000306756665574785	D:0.000461102461692067	D:1.38585963103184	D:0.251239178618262	D:0.936093162974766	D:-0.104112964032699	D:-0.0943815975029327	D:0.140525425553099	D:15.1871151732914
S:RGS5	D:-0.221339952914502	D:-4.76675355014886	D:0.00000258874690535337	D:0.000154024390935082	D:-0.216742566433881	D:-4.72593796109155	D:0.00000312111587527764	D:0.000465531616630546	D:5.98766677251374	D:0.00272666703305648	D:0.605349561568319	D:0.185458940868893	D:-0.119564890070624	D:0.220659877834218	D:8.18731793035542
S:IRF2BP2	D:-0.104858964040675	D:-5.88384669520929	D:0.00000000822570754463561	D:0.00000319205505763348	D:-0.0897553547582228	D:-4.72432885139863	D:0.0000031446790540521	D:0.000465531616630546	D:1.58654931124765	D:0.205842786680871	D:0.927138374549935	D:-0.00608353897145196	D:-0.043368122610234	D:0.0437927334743272	D:12.5323440785175
S:CYTH1	D:-0.104910163333725	D:-4.88973804994839	D:0.0000014425869188862	D:0.000107184756585381	D:-0.101051708131015	D:-4.7198738474733	D:0.00000321081315391746	D:0.000468227610751501	D:1.75474247029844	D:0.174205302661811	D:0.911587746465428	D:-0.0554698189031302	D:-0.00934404816768601	D:0.0562513292759033	D:17.3625421897038
S:INO80	D:-0.102291801494753	D:-5.09629761655356	D:0.00000052566018853254	D:0.0000580334787803071	D:-0.0963750884878492	D:-4.70494867449733	D:0.00000344227213295823	D:0.000487430722827078	D:2.93481492812118	D:0.0542209441450375	D:0.83656058396868	D:-0.038402852808969	D:-0.0529645419701731	D:0.0654218756225895	D:14.3963090665479
S:KIAA0947	D:-0.113751658649986	D:-4.7061757894855	D:0.00000343727089716404	D:0.000183518334976728	D:-0.114268641448194	D:-4.70300116814622	D:0.00000347363306283746	D:0.000488332832236739	D:3.58895995776329	D:0.028469499096269	D:0.760239372616719	D:-0.00979239198292313	D:-0.0836657851725712	D:0.0842368954157859	D:12.4450418424458
S:LY75	D:-0.112019627668931	D:-4.50806140703125	D:0.00000850703666901844	D:0.000323874962762383	D:-0.116924067142592	D:-4.70078100159993	D:0.0000035097200553447	D:0.00048988171143922	D:2.31598292270571	D:0.0999160588269766	D:0.870672593807357	D:-0.0305181097048827	D:-0.0628071844445597	D:0.0698290586920102	D:13.7276793185523
S:FAM107B	D:-0.0928848749164364	D:-5.04814677081958	D:0.000000667170078620923	D:0.0000651361054666587	D:-0.0885538079840714	D:-4.69409978368021	D:0.00000362050715790984	D:0.000501761208317136	D:0.87396465351127	D:0.418044129272623	D:0.965417982825822	D:-0.0167159578324067	D:-0.0280871221233969	D:0.0326850068904599	D:14.0505901643531
S:ZNF507	D:-0.0857224492950051	D:-5.17341569766491	D:0.000000357451792324505	D:0.0000444902259478545	D:-0.0795337883312101	D:-4.69255846125093	D:0.00000364653873436469	D:0.000501809953579017	D:2.99748527679329	D:0.0509712414774625	D:0.835594823583134	D:-0.0367603667066315	D:-0.0410872760310745	D:0.0551315591295923	D:14.7879115237584
S:TMEM209	D:-0.138089140985658	D:-5.00176164133557	D:0.000000837933851302122	D:0.0000761584436664873	D:-0.131491157436858	D:-4.68410243872568	D:0.00000379258846709836	D:0.000516140503555847	D:3.54834002773957	D:0.0296298068352232	D:0.768175321772294	D:-0.00962725912517742	D:-0.096298874817049	D:0.0967789099406114	D:12.3806029866993
S:GREM2	D:-0.206912879891392	D:-5.85694601882144	D:0.00000000955585488781928	D:0.00000345798074746068	D:-0.171552530475554	D:-4.68237824934238	D:0.00000382305111143974	D:0.000516140503555847	D:0.182119417724934	D:0.83356696060045	D:0.990538766746216	D:0.0301999924543799	D:0.00664402659966843	D:0.0309222029244636	D:5.17283535554117
S:MAPK1IP1L	D:-0.0695405738003107	D:-5.0889587377858	D:0.000000545175968758928	D:0.0000588579204724763	D:-0.0642760815678595	D:-4.68199156567627	D:0.0000038299152047284	D:0.000516140503555847	D:0.795809555227777	D:0.451888534051155	D:0.967692421145506	D:0.00787020724382652	D:-0.0214229761018998	D:0.022822884723964	D:10.6552045379096
S:ZNF236	D:-0.0853073169247254	D:-5.34121656983736	D:0.000000151953768273386	D:0.0000251638015748325	D:-0.0777984093327645	D:-4.67427350780384	D:0.00000396942555942888	D:0.000528742645411114	D:4.04434656184516	D:0.0182014142963626	D:0.724595174151691	D:0.0320010594884986	D:-0.0545581124555303	D:0.06325073472377	D:9.9737497696988
S:LUC7L2	D:-0.079088510324265	D:-4.92526803488215	D:0.00000121559169447677	D:0.0000973924614484491	D:-0.0759613173294005	D:-4.67115238320217	D:0.00000402721947046744	D:0.000531729024813543	D:1.31971417505402	D:0.268306899990287	D:0.939907763028795	D:0.0175897587963175	D:-0.0305781414357697	D:0.0352763709610068	D:10.0060520591218
S:CD8A	D:-0.134046861725746	D:-5.23328935298868	D:0.000000264099467084263	D:0.0000373968672919824	D:-0.121865080675266	D:-4.65438695608375	D:0.00000435177968657585	D:0.000555976745873067	D:1.68401791306924	D:0.186865690104193	D:0.921744746511297	D:-0.0186120563928426	D:-0.0594781357285458	D:0.0623222052956543	D:13.1584056043466
S:EHBP1	D:-0.131791703921804	D:-5.92597533615999	D:0.00000000649755976783379	D:0.00000295276314937768	D:-0.111904411771924	D:-4.6535020258252	D:0.00000436959193995083	D:0.000555976745873067	D:5.79989351254621	D:0.00327322126677882	D:0.619506875420677	D:-0.0622238093194524	D:-0.0881201591670341	D:0.107874764879684	D:14.348456968437
S:WDR67	D:-0.109297560815589	D:-4.97786218172503	D:0.000000941699080712544	D:0.0000814236360009019	D:-0.103408839602172	D:-4.65290848870981	D:0.00000438157816204146	D:0.000555976745873067	D:1.73199989418448	D:0.178179522863958	D:0.914741780794853	D:-0.00159339553522984	D:-0.0535499036525155	D:0.0535736044197642	D:12.1136234973299
S:CDCA8	D:-0.08428372386351	D:-4.76088613704739	D:0.00000266116530523076	D:0.000156161655343886	D:-0.0820073382929474	D:-4.65088483496296	D:0.00000442268305743545	D:0.000557571933066749	D:0.138182552855526	D:0.870978887414263	D:0.991098228766629	D:0.0130058195177699	D:0.00109609469538112	D:0.0130519257165388	D:5.67884353963843
S:FBLN7	D:-0.0912854938570463	D:-4.92294294403247	D:0.0000012293258275883	D:0.0000980500244771553	D:-0.0864949801433858	D:-4.64645618368374	D:0.00000451393625192642	D:0.000560784311310322	D:1.03379015143291	D:0.356551018800926	D:0.959270072771647	D:0.033000882406959	D:-0.017643007089487	D:0.0374210360465557	D:7.87533019341249
S:PCM1	D:-0.079516923448603	D:-5.05794341790158	D:0.000000635678482354451	D:0.0000631851514431403	D:-0.0751446576325112	D:-4.6449540256099	D:0.00000454529759343666	D:0.000560784311310322	D:7.25375066926857	D:0.00079878126110635	D:0.540621307029361	D:0.0206094609737527	D:-0.078030816001161	D:0.0807066176186047	D:11.0136614159918
S:LRP12	D:-0.220310108332408	D:-5.06552044738701	D:0.000000612312803803065	D:0.0000623187734328942	D:-0.205671784182198	D:-4.64470946990328	D:0.00000455042309779292	D:0.000560784311310322	D:1.07887961028692	D:0.340907581120512	D:0.95707960515839	D:-0.0705513158071313	D:-0.0524558558012593	D:0.0879153284129684	D:15.5579132822328
S:PPFIBP1	D:-0.201133657169126	D:-5.48289300618979	D:0.0000000725377107911351	D:0.0000160925198114223	D:-0.176342431695333	D:-4.64353419268736	D:0.0000045751326808475	D:0.000560784311310322	D:1.28865394540748	D:0.27671879512589	D:0.945177761851952	D:-0.00448080923929586	D:-0.0788033387143978	D:0.0789306267805791	D:12.2169580760664
S:ARL13B	D:-0.187264634775926	D:-5.37899168791482	D:0.000000124954128029116	D:0.0000221975328710633	D:-0.16602846365312	D:-4.64275182891921	D:0.00000459165292511394	D:0.000560784311310322	D:1.91578708737817	D:0.148498069222431	D:0.893842301812827	D:-0.0546075841813281	D:-0.0744325775561717	D:0.0923157454163501	D:14.4177130974311
S:LBR	D:-0.124230474559207	D:-4.23994732821952	D:0.0000275422382435156	D:0.000717603836688717	D:-0.137339710315828	D:-4.64085152451025	D:0.00000463201854124694	D:0.000562200461580786	D:0.462599471494968	D:0.629962156368759	D:0.984208797062414	D:-0.0360391357219118	D:-0.0155666698491458	D:0.0392573625422631	D:16.4425768266513
S:RAB14	D:-0.0518809652283759	D:-4.45186672608534	D:0.0000109360342193027	D:0.000380928778394641	D:-0.0539559815424393	D:-4.63409004683013	D:0.00000477842791044181	D:0.000576390492579897	D:0.244967912547856	D:0.782840348376079	D:0.989364001696824	D:-0.00762309262569564	D:-0.00774745809850897	D:0.0108689764084797	D:14.9690947477146
S:HMGN1P38	D:-0.096613956288574	D:-4.96278428297812	D:0.00000101343806826558	D:0.000085729841090813	D:-0.0920492192739945	D:-4.62530510915909	D:0.00000497530723021511	D:0.000589227142943234	D:2.54974265654274	D:0.0792987684854451	D:0.858260180148023	D:-0.0117546053009842	D:-0.0569768123338139	D:0.0581766954158156	D:12.7771244752059
S:ELF1	D:-0.107286847427072	D:-4.9597526903887	D:0.00000102848628670303	D:0.0000866278040019995	D:-0.103202903163788	D:-4.62249932217126	D:0.00000503981386309374	D:0.000593271100594667	D:2.67874036216971	D:0.0698113151734132	D:0.850339905642804	D:-0.0239740793933624	D:-0.0627314021938623	D:0.0671564241451803	D:13.3943581214957
S:NUDT21	D:-0.0995645251888417	D:-5.24356783024556	D:0.000000250655728212426	D:0.0000360151734191104	D:-0.0909648049711921	D:-4.61225506948548	D:0.00000528222811058463	D:0.000614404878029371	D:0.186357695535373	D:0.8300446027482	D:0.990538766746216	D:-0.00155094977569487	D:-0.0155049222524099	D:0.0155822995498098	D:12.3808178127472
S:NAV3	D:-0.224533273719023	D:-4.6190664160034	D:0.00000514023472922114	D:0.000235787152215283	D:-0.223879651124842	D:-4.61007320927158	D:0.00000533528655147428	D:0.000616904346167804	D:1.49674697134485	D:0.22503743716914	D:0.929224825495277	D:0.11693415651607	D:0.0160321742921544	D:0.118028079594047	D:5.47954510629852
S:PTGER4	D:-0.0926704513141348	D:-4.54171944444356	D:0.00000730973879586721	D:0.000296347729896351	D:-0.0940850330920775	D:-4.60732554606399	D:0.00000540283294806839	D:0.00061705611882717	D:1.37195466696218	D:0.254734162649201	D:0.936923257986279	D:-0.0295076320996301	D:-0.0338339875522273	D:0.044893641708057	D:14.7395103822905
S:ACTG1	D:-0.0946628633283849	D:-4.6780160559367	D:0.00000391747189684318	D:0.000197448947156123	D:-0.09300504128257	D:-4.60441088325907	D:0.00000547538252768648	D:0.00061705611882717	D:1.01090734241799	D:0.364763915301615	D:0.959270072771647	D:-0.0232817354968678	D:-0.029973282441364	D:0.0379530877275604	D:14.5225506772788
S:LPIN1	D:-0.0966518170317912	D:-5.09103489839095	D:0.000000539584977546158	D:0.0000588579204724763	D:-0.0890554365565822	D:-4.60316320450957	D:0.00000550672405839756	D:0.00061705611882717	D:2.87067820249517	D:0.0577623822883018	D:0.83656058396868	D:-0.0281782785430251	D:-0.0536128023567842	D:0.0605668882987719	D:13.8483936366929
S:ZFP36L2	D:-0.103970484330722	D:-4.86507888141767	D:0.00000162362778144989	D:0.000115372038099318	D:-0.0974965065222244	D:-4.59714808795869	D:0.00000566025708984336	D:0.000628449339730848	D:1.13274054829221	D:0.323121994221557	D:0.956911684216668	D:0.00193549211392708	D:0.0412873118227438	D:0.0413326535232321	D:0.178932132919816
S:ADNP	D:-0.0638682569499354	D:-4.51608025809717	D:0.00000820578938922182	D:0.000318455596418947	D:-0.0645676756256193	D:-4.58849301197715	D:0.00000588840788085262	D:0.000642823343015313	D:3.34741373720118	D:0.0361071861961804	D:0.789569141341112	D:0.00102404075037156	D:-0.0471968980027399	D:0.0472080061063741	D:11.917135785108
S:LAX1	D:-0.092288855349782	D:-5.60688202466329	D:0.0000000374924863429349	D:0.0000100633901296959	D:-0.0820425741006687	D:-4.58466671460278	D:0.00000599206244614405	D:0.000650504957000561	D:3.79703526738387	D:0.0232038979783651	D:0.736744509955438	D:-0.00285160902112366	D:-0.0637913035019065	D:0.063855008233354	D:12.1706360722468
S:PTPRM	D:-0.21762636344767	D:-4.73869796821275	D:0.00000295307100265386	D:0.000166780232551616	D:-0.210442161146632	D:-4.57168191661221	D:0.00000635704487089176	D:0.000678814283180852	D:2.05016856220575	D:0.12998716215809	D:0.891540788437719	D:0.0545970705413848	D:-0.111106307929638	D:0.123796008713757	D:10.2553823092175
S:TSFM	D:-0.104408542537997	D:-5.88495722517429	D:0.0000000081748692231039	D:0.00000319205505763348	D:-0.087342626473739	D:-4.57010693383732	D:0.00000640274031661809	D:0.000679977981125186	D:2.91759576997513	D:0.0551497380327102	D:0.83656058396868	D:0.00760062636095808	D:-0.0595860426601215	D:0.0600688438458134	D:11.5153845968603
S:ATP2C1	D:-0.0897982396192602	D:-4.85845882653544	D:0.00000167584626623311	D:0.000117521862052514	D:-0.0852123207721483	D:-4.56216962264943	D:0.0000066378689462105	D:0.000689949984456912	D:1.28135276016018	D:0.278734303484629	D:0.945897998731199	D:-0.0169567188149029	D:-0.0351190414201096	D:0.0389984279585095	D:13.7181932241139
S:TAF2	D:-0.0899522577726133	D:-5.19060306896042	D:0.000000327800511970104	D:0.0000415944792494013	D:-0.0833177508331616	D:-4.55744983112077	D:0.00000678159114955093	D:0.000697468803438814	D:2.04534929478278	D:0.130609095555657	D:0.892106772592489	D:-0.000715488192556243	D:-0.0478973950846918	D:0.0479027387448019	D:12.0570544666253
S:AKAP2	D:-0.316807902983719	D:-4.36229191124396	D:0.0000162327305103395	D:0.000497184618969505	D:-0.328849450465731	D:-4.54975121155361	D:0.00000702245283805393	D:0.000710019801846369	D:2.27262235741344	D:0.104295351336429	D:0.871327687244613	D:-0.107164704567352	D:-0.171476604731462	D:0.202209049934067	D:14.1335612872449
S:NOL8	D:-0.134320882810007	D:-6.69201261535543	D:0.000000000070963657923262	D:0.000000154077871053163	D:-0.106219064623001	D:-4.54891932141996	D:0.00000704896584403027	D:0.000710019801846369	D:1.75071756297234	D:0.174902103785724	D:0.911646308369385	D:-0.00542371081869364	D:-0.0562862926204132	D:0.0565470014766088	D:12.3669327477989
S:GTPBP8	D:-0.113085088130253	D:-5.84229710549804	D:0.0000000103661636263038	D:0.00000358132778675481	D:-0.095647963832156	D:-4.54152374228421	D:0.00000728893053600642	D:0.00072301010966549	D:3.62334224244677	D:0.0275231107917087	D:0.760239372616719	D:0.038403534011346	D:-0.0653079069071218	D:0.0757624849721146	D:9.96952346622879
S:ZNF582	D:-0.292853286820031	D:-4.62356698596112	D:0.00000503523151731001	D:0.00023315985563923	D:-0.289604592605297	D:-4.52199343997802	D:0.00000796091039315747	D:0.00077782074996345	D:1.88217847825422	D:0.153527885211419	D:0.89848811954488	D:0.0232440659354594	D:-0.160115312065062	D:0.161793695053003	D:11.4493352736638
S:KHDRBS1	D:-0.0742162618855836	D:-4.57822648594105	D:0.00000619428963617284	D:0.000266663303840885	D:-0.0736103024577248	D:-4.51631109863019	D:0.00000816733045333777	D:0.000781994897002173	D:5.32176889025162	D:0.0052157323881981	D:0.638025339363049	D:-0.00545374150717281	D:-0.068608514009313	D:0.0688249336432165	D:12.302995143991
S:ELAVL1	D:-0.083814138395047	D:-5.29948307032093	D:0.00000018836898072031	D:0.000028983608285477	D:-0.0739548111259485	D:-4.5161038750853	D:0.0000081749543788201	D:0.000781994897002173	D:1.36636121788021	D:0.256153804138048	D:0.93718432628002	D:-0.00584198200897208	D:-0.0345424913977341	D:0.0350330196494063	D:12.6399523650979
S:CHERP	D:-0.0950549676191924	D:-4.53936858567624	D:0.00000738781795681073	D:0.00029827551796289	D:-0.0940092073071446	D:-4.51532358638849	D:0.00000820372314034314	D:0.000781994897002173	D:2.10991665304448	D:0.122519240258447	D:0.888724539846668	D:0.0403676317645405	D:-0.0421118153599813	D:0.0583348153951882	D:9.08076312311072
S:HSPB3	D:-0.297349483728495	D:-4.09419877762309	D:0.0000508678599627061	D:0.00108279831321485	D:-0.325039932477655	D:-4.51258379988583	D:0.0000083055084949399	D:0.000787854084949614	D:1.70011915921337	D:0.183904456002101	D:0.921744746511297	D:0.0055740008064503	D:-0.172171072982416	D:0.172261277880163	D:11.8763806227161
S:FBXO21	D:-0.104045265021444	D:-5.19331061846554	D:0.000000323352285219725	D:0.0000414617065395023	D:-0.094816067563699	D:-4.49698677125236	D:0.00000890842900693758	D:0.000840964305432692	D:4.69095718089896	D:0.00965948043336427	D:0.6914076340228	D:0.0101408465715126	D:-0.0833943503722413	D:0.0840086569538824	D:11.537787234967
S:SENP2	D:-0.118425708906716	D:-4.2094710152788	D:0.0000313582484081851	D:0.000775639140835097	D:-0.126573754564849	D:-4.49363377178588	D:0.0000090434161657062	D:0.000841511406162214	D:0.299798603930402	D:0.741124359834084	D:0.988887668865741	D:-0.0250533173927156	D:-0.0159021054557235	D:0.0296739897941799	D:15.8396971219247
S:ALDH18A1	D:-0.10628180062783	D:-4.89633653532497	D:0.00000139754778366122	D:0.00010586277864136	D:-0.100006010450219	D:-4.49158595147063	D:0.00000912682100003076	D:0.000845247436784839	D:2.63519667272092	D:0.07287902418267	D:0.850339905642804	D:0.00828564152684755	D:-0.065983842616434	D:0.0665020250965469	D:11.5228524442106
S:VAT1	D:-0.073276630172311	D:-4.87373755982995	D:0.00000155769340664251	D:0.000111907672276476	D:-0.0677558791250873	D:-4.48908356150569	D:0.00000922974137051582	D:0.000850747057175706	D:0.936093709715742	D:0.392965579537636	D:0.960227634080898	D:0.0278187748380611	D:-0.00865501421687934	D:0.0291340609010335	D:7.15213547878629
S:NCL	D:-0.111852394630034	D:-5.85739496718135	D:0.00000000953202335932819	D:0.00000345798074746068	D:-0.0945909999189642	D:-4.48528698809671	D:0.00000938801763457745	D:0.000861273486372197	D:2.71178946884941	D:0.0675698489491501	D:0.850115402209632	D:0.00529424157463968	D:-0.0635772735790836	D:0.0637973252542792	D:11.6826544695278
S:CALM1	D:-0.0661714987410649	D:-4.39069657925312	D:0.0000143321252410753	D:0.000455388714367241	D:-0.0675002063716925	D:-4.48040694572925	D:0.00000959528794867677	D:0.000865890752881792	D:2.53444612386836	D:0.0805064976830433	D:0.858260180148023	D:0.0186209783640485	D:-0.0409058339452512	D:0.0449447225599495	D:10.368281742041
S:NUP107	D:-0.139642646123392	D:-5.0995841292049	D:0.000000517141377686407	D:0.0000580334787803071	D:-0.127094408927029	D:-4.48004806037257	D:0.00000961070285671351	D:0.000865890752881792	D:3.74594481000187	D:0.0243984057412298	D:0.743789776270472	D:-0.00668960455834165	D:-0.100294978996933	D:0.100517827379735	D:12.2543957412784
S:DGKD	D:-0.122566398332998	D:-5.21886209956316	D:0.000000284154598461195	D:0.0000388298252344771	D:-0.106675713465862	D:-4.4784005355655	D:0.00000968177279467575	D:0.000865890752881792	D:1.16122552376817	D:0.314095863955812	D:0.956911684216668	D:-0.0459271475161597	D:-0.0199120249756828	D:0.0500578826719959	D:16.4373687181814
S:PRMT10	D:-0.105948759737009	D:-4.41382768004788	D:0.0000129436140768566	D:0.00042797151044984	D:-0.108205943196129	D:-4.47713767467478	D:0.00000973659014088906	D:0.000865890752881792	D:2.9455876099515	D:0.0536478785163986	D:0.83656058396868	D:-0.0211549872353775	D:-0.0730400938505527	D:0.0760420199273173	D:13.0768587158509
S:CENPL	D:-0.180746709667944	D:-4.63339907382877	D:0.00000481296169815782	D:0.000225033490443306	D:-0.176517351087902	D:-4.47615598850438	D:0.00000977940786272411	D:0.000865890752881792	D:0.958465930029597	D:0.384309922635479	D:0.960227634080898	D:-0.0513913838363974	D:-0.0516354154249631	D:0.0728511527618366	D:14.9909525456516
S:TNFAIP2	D:-0.105119385808496	D:-4.17948042721375	D:0.0000356022146844767	D:0.000845325488638347	D:-0.113738608057114	D:-4.47584891256863	D:0.0000097928384620478	D:0.000865890752881792	D:0.774864649413586	D:0.461417444494563	D:0.967692421145506	D:-0.0328152922066295	D:0.0285375880426121	D:0.0434883586020019	D:20.7341082280446
S:CCT5	D:-0.131793084551324	D:-4.67819671068607	D:0.00000391419487771163	D:0.000197448947156123	D:-0.126693379069527	D:-4.47276495245053	D:0.00000992870591725395	D:0.000869046123913845	D:0.258395492739398	D:0.772411252321232	D:0.989364001696824	D:-0.00466459058568509	D:-0.0259375359186992	D:0.0263536368432494	D:12.6796706588269
S:CPLX1	D:-0.156393957490833	D:-3.91007822906777	D:0.000107634308213833	D:0.00186958401493911	D:-0.17614390038566	D:-4.4719956942401	D:0.00000996287699529685	D:0.000869046123913845	D:5.06653800432835	D:0.00669129280722153	D:0.662881684141537	D:0.050360968048377	D:-0.156874271582232	D:0.164759716518406	D:10.8134624743196
S:DAAM1	D:-0.127956561363216	D:-5.56556517690471	D:0.0000000467765930709425	D:0.0000118709273402505	D:-0.109755164218801	D:-4.47047852210856	D:0.0000100306017071193	D:0.000869046123913845	D:3.53414691520177	D:0.030046337890956	D:0.768175321772294	D:-0.0268386297131513	D:-0.0803395310261027	D:0.0847039095341754	D:13.2315115036692
S:LOC728875	D:-0.0937446997116483	D:-5.21580518359406	D:0.000000288589630283596	D:0.000039162013648415	D:-0.0826934448755299	D:-4.46681360805528	D:0.0000101960241819233	D:0.000869046123913845	D:1.15688599728435	D:0.315454409952462	D:0.956911684216668	D:-0.0235605928902105	D:-0.0288883440628023	D:0.0372778481142499	D:14.61332018259
S:KLHDC1	D:-0.168344569951147	D:-5.55413764343048	D:0.0000000497167502708497	D:0.0000124553207313163	D:-0.144479462006825	D:-4.46609465073863	D:0.0000102287809477603	D:0.000869046123913845	D:1.33403463696727	D:0.264515560059933	D:0.939907763028795	D:-0.0560837232218843	D:-0.0439603606907183	D:0.071259366559681	D:15.4606283259214
S:NAA35	D:-0.100184489810981	D:-6.36017703603518	D:0.000000000529225451099698	D:0.00000051707972699696	D:-0.0814677468917043	D:-4.46412970479904	D:0.0000103188221297204	D:0.000872900879813274	D:6.90368671901769	D:0.00112084819208462	D:0.540621307029361	D:0.00706669485943026	D:-0.0877931503552077	D:0.0880770993251277	D:11.6932025377294
S:TULP4	D:-0.0908000441102247	D:-4.48267884071471	D:0.00000953212067837175	D:0.000348814925423338	D:-0.0904011172091324	D:-4.46292832469381	D:0.0000103742475326344	D:0.000873806771703484	D:1.04378244506245	D:0.353023195821342	D:0.959270072771647	D:0.00408825470849131	D:-0.0378305168090628	D:0.0380507796057096	D:11.5888077816991
S:DNMT3A	D:-0.0635706220879941	D:-5.33082662517215	D:0.000000160322491822142	D:0.0000260945486803081	D:-0.0548369796324773	D:-4.46041741274884	D:0.0000104910106092742	D:0.000876763200285147	D:1.5576535886971	D:0.211832473705691	D:0.927560151843468	D:-0.0237581549267107	D:-0.0172476007520458	D:0.0293586385451295	D:15.6014429951943
S:RRAGC	D:-0.110470262987378	D:-4.88134361880029	D:0.0000015019122083633	D:0.000109920848178379	D:-0.102009976551969	D:-4.46024480384721	D:0.0000104990834075392	D:0.000876763200285147	D:0.16164092050782	D:0.850799031114612	D:0.990538766746216	D:0.0133467789214591	D:-0.0118677381813523	D:0.0178600032788192	D:8.77619824398337
S:CEP55	D:-0.30817704030248	D:-4.61059799985274	D:0.00000534354440858844	D:0.000241150580342325	D:-0.29937587809835	D:-4.458542819486	D:0.0000105790034245197	D:0.000879677897525704	D:1.13560746800728	D:0.3222018711559	D:0.956911684216668	D:-0.0570158858920417	D:-0.119011254980157	D:0.131963972568297	D:13.7065425844073
S:SETX	D:-0.0679061556444993	D:-4.12543360762597	D:0.000044667711273206	D:0.000985547128220567	D:-0.073222333987462	D:-4.4574434198644	D:0.000010630937449194	D:0.000880250630062289	D:0.118552877353561	D:0.888234278009011	D:0.991833180774689	D:0.00126658762272249	D:-0.0103281663137359	D:0.010405540044141	D:11.5338987092
S:SH3BP5	D:-0.0688380561932061	D:-4.74516498688086	D:0.00000286495076883389	D:0.00016417596179995	D:-0.0649709327238571	D:-4.45370362447482	D:0.0000108094350987528	D:0.00089125388719295	D:0.717711411530898	D:0.48845918676287	D:0.970580953256742	D:-0.0212360215168547	D:-0.0110861164961973	D:0.0239555961902761	D:16.1622336470737
S:PDIA3	D:-0.0838263159699119	D:-5.87936810617791	D:0.00000000843387926198108	D:0.00000319205505763348	D:-0.0705936175520552	D:-4.45155027911488	D:0.0000109135117524932	D:0.00089605434098937	D:4.94602767294161	D:0.00752730819861055	D:0.662881684141537	D:0.00622469086242044	D:-0.0645191130069749	D:0.0648186911279416	D:11.6326173023962
S:BACH2	D:-0.122871571111166	D:-5.08342503486999	D:0.000000560353135662561	D:0.0000592032232680601	D:-0.114897460419634	D:-4.44954844391032	D:0.0000110111261955488	D:0.000896729778782661	D:4.37181955527066	D:0.013202410213317	D:0.709441948440271	D:0.00774628373763046	D:-0.0988641077669881	D:0.0991671150952094	D:11.7013244014954
S:GTSE1	D:-0.252152019720984	D:-4.8518870268151	D:0.00000172928445645795	D:0.000118404796945695	D:-0.233163282496644	D:-4.44618735027669	D:0.000011176905582956	D:0.000902512033043564	D:0.651481907990758	D:0.521793678909913	D:0.972936095379639	D:-0.0593649519397291	D:0.056527996974995	D:0.0819732392968058	D:20.9065153993981
S:ADAM11	D:-0.150443721437011	D:-4.71426080653117	D:0.00000331021407964241	D:0.000179660360480683	D:-0.144589961450528	D:-4.43626595315846	D:0.000011680322010562	D:0.000935431034460621	D:1.29214138198904	D:0.275761254411584	D:0.944820426470376	D:-0.014274878476962	D:-0.0663139655307079	D:0.0678329874024426	D:12.8098819326288
S:USP42	D:-0.082849645753297	D:-4.62693613525038	D:0.00000495797803771408	D:0.000231226369534536	D:-0.0806753429216752	D:-4.43428175733615	D:0.0000117835744191723	D:0.000936754441367518	D:4.2333591119017	D:0.0151213230816216	D:0.716835455902377	D:0.00913227727558775	D:-0.068290090816366	D:0.0688980042667836	D:11.4922104336971
S:CCDC141	D:-0.235750472263038	D:-4.5582007437325	D:0.00000678416617152895	D:0.000282210048256932	D:-0.230333130009355	D:-4.43410676094306	D:0.0000117927226127839	D:0.000936754441367518	D:0.824842364051929	D:0.439006085537972	D:0.966102458322465	D:-0.0660338565161317	D:-0.0602463034272345	D:0.0893872881512772	D:15.1749393215204
S:ICK	D:-0.136443259898356	D:-4.90379492856549	D:0.00000134827281427192	D:0.000103319996328187	D:-0.126171161343114	D:-4.42522612393568	D:0.0000122660085585119	D:0.00096801191527764	D:3.17617174453653	D:0.0427401745606312	D:0.813813159090897	D:-0.0188675033406799	D:-0.0910919596470248	D:0.0930254147781442	D:12.7801312936509
S:TSGA10	D:-0.14673745957195	D:-4.29151040522971	D:0.0000220744179182583	D:0.000621550721240181	D:-0.148939992398707	D:-4.42487123161148	D:0.0000122852952760276	D:0.00096801191527764	D:4.98800109609872	D:0.00722483863990664	D:0.662881684141537	D:0.124827762566211	D:-0.0792955364949279	D:0.147884253439319	D:8.16168860110452
S:AHCTF1	D:-0.0970889574335252	D:-4.5966612368893	D:0.00000569506424330396	D:0.000252925569041824	D:-0.0942111202926805	D:-4.42131495819603	D:0.0000124801723621177	D:0.00097632881001952	D:1.15006018772233	D:0.317603276375548	D:0.956911684216668	D:-0.00303699971482992	D:-0.0417209436647956	D:0.0418313340397951	D:12.2775598670203
S:CASP8AP2	D:-0.144644722412892	D:-4.81509966360038	D:0.00000206013696222012	D:0.000133301776088554	D:-0.135754407543634	D:-4.41993449250242	D:0.0000125566139854581	D:0.00097632881001952	D:1.85590620420098	D:0.157578682740757	D:0.902291892370149	D:-0.0280113407516674	D:-0.0716398450490746	D:0.076921405404227	D:13.4237073534531
S:RASGRP2	D:-0.114042435222039	D:-4.89082033163552	D:0.00000143510478285479	D:0.000107035811304448	D:-0.104850811209278	D:-4.41786667990664	D:0.0000126719559527194	D:0.000978745815304704	D:0.835913833132051	D:0.434191203971452	D:0.966078042387016	D:-0.0215634622716516	D:-0.0340274977919971	D:0.0402846560259028	D:14.1575146519995
S:METTL20	D:-0.217107217502779	D:-4.20894006239337	D:0.0000314290007231422	D:0.000775639140835097	D:-0.226973085475517	D:-4.41301783859173	D:0.0000129464149574715	D:0.000986565726234146	D:0.462359752604864	D:0.630112859525597	D:0.984208797062414	D:-0.0679167789279126	D:-0.013518833745488	D:0.0692491713003203	D:17.249494363895
S:NLGN3	D:-0.268837384509313	D:-4.3102514744452	D:0.000020357234414052	D:0.000586726722249247	D:-0.275535064322406	D:-4.41263229939949	D:0.0000129684802141537	D:0.000986565726234146	D:1.25021385944283	D:0.287497196545226	D:0.948286990928089	D:-0.0548877330130194	D:0.118825746423174	D:0.130890111346629	D:22.3471294714404
S:HNRNPA3	D:-0.0798937793076723	D:-5.43629893269745	D:0.0000000926687348261612	D:0.0000181313960448862	D:-0.0694278873070105	D:-4.41250068449928	D:0.0000129760210653262	D:0.000986565726234146	D:3.70761934239144	D:0.0253348576278902	D:0.748435245718982	D:0.0133739516675357	D:-0.0544437147412324	D:0.0560622926576346	D:11.0799144651339
S:A2M	D:-0.283745275794749	D:-4.84727634136007	D:0.00000176775301563242	D:0.00011911607475335	D:-0.260781965964998	D:-4.410760447806	D:0.0000130761231817534	D:0.000986565726234146	D:0.173250686648373	D:0.840986275253387	D:0.990538766746216	D:0.0278251862619301	D:-0.0377865659807796	D:0.0469261713666363	D:9.57552637762334
S:GNL1	D:-0.135432167756661	D:-4.96300412184657	D:0.00000101235514227624	D:0.000085729841090813	D:-0.123784533982062	D:-4.40752866731074	D:0.000013263986796658	D:0.000994317675449533	D:2.52783426887432	D:0.0810342373662096	D:0.858260180148023	D:0.0051479588021853	D:-0.0818108749547266	D:0.0819726828930645	D:11.7599602458507
S:LOC389765	D:-0.103817449825638	D:-4.86711674734512	D:0.00000160787169489737	D:0.000114669418941567	D:-0.0942484775401693	D:-4.4072443672568	D:0.0000132806362669427	D:0.000994317675449533	D:0.614119928229153	D:0.541597473565342	D:0.976164193213879	D:-0.0288312326071052	D:0.0162334093371566	D:0.0330872113112103	D:19.9587774609221
S:MYO5C	D:-0.207146029522706	D:-4.17371448103245	D:0.0000364785732414377	D:0.000856947686963517	D:-0.21707158792171	D:-4.39854182207541	D:0.0000138000729764511	D:0.00101761217370879	D:0.771531155297293	D:0.462952535734639	D:0.967692421145506	D:0.0449727235714608	D:-0.0688675007421797	D:0.0822513132047698	D:9.79027690714753
S:KIF27	D:-0.139179492951064	D:-4.26774894592697	D:0.0000244511103152966	D:0.000664870297390783	D:-0.143388211625121	D:-4.38312311402204	D:0.0000147684879732543	D:0.00107700008484845	D:0.116998332305552	D:0.889615384217765	D:0.991833180774689	D:-0.0215315712880017	D:-0.00503283665936569	D:0.0221119426322102	D:17.1229175607172
S:MYL12A	D:-0.0933743833311718	D:-4.78622622116217	D:0.00000236176106178021	D:0.000144944541171065	D:-0.0866622413007318	D:-4.3830876162183	D:0.0000147707907854964	D:0.00107700008484845	D:1.95715536744578	D:0.142533647860353	D:0.893013200900893	D:-0.00331868325075111	D:-0.0505302374834899	D:0.0506391010846036	D:12.2505085538015
S:KLF10	D:-0.127745775249465	D:-4.3850168904517	D:0.000014694258399886	D:0.000462138000112691	D:-0.127778858674741	D:-4.37886574378295	D:0.0000150471362169984	D:0.00108902255117172	D:3.13281424564051	D:0.0446056795333518	D:0.821701589300434	D:0.0302720895610862	D:-0.0911509448113803	D:0.0960463125080902	D:10.775212378619
S:AMIGO2	D:-0.131417044606039	D:-6.39547649016955	D:0.000000000428995285385195	D:0.00000046572204842845	D:-0.104252543928667	D:-4.37489798368731	D:0.0000153113526970085	D:0.00110405587842156	D:1.82967408273364	D:0.161730438602972	D:0.903624337754098	D:-0.0307379722000738	D:-0.0512381279368715	D:0.0597508886080176	D:14.0639815806779
S:MFAP1	D:-0.0779775563839679	D:-4.4561496118481	D:0.0000107296626217123	D:0.000377780787911496	D:-0.0764467780425501	D:-4.37384676069914	D:0.0000153820948811069	D:0.00110507910320481	D:2.5930352330018	D:0.0759783775268582	D:0.850339905642804	D:0.0330619218464323	D:-0.0424385364260508	D:0.0537970264063437	D:9.47196501013023
S:PARP11	D:-0.115735471340552	D:-4.97432924129969	D:0.000000958054765011289	D:0.0000821111761538842	D:-0.104310640346083	D:-4.3705720247258	D:0.0000156044785670836	D:0.0011084354128716	D:2.67075992154297	D:0.0703636729465829	D:0.850339905642804	D:-0.060579433042561	D:-0.043628565264747	D:0.0746546677363072	D:15.6159352636671
S:TRMT6	D:-0.0997273188063869	D:-5.09748962703921	D:0.000000522554857707803	D:0.0000580334787803071	D:-0.0904458858656033	D:-4.36846540890413	D:0.0000157491587194485	D:0.0011084354128716	D:1.88188867328043	D:0.153571993208121	D:0.89848811954488	D:-0.0172554211742618	D:-0.0492117358016523	D:0.0521492521567931	D:13.2881679110035
S:PLCB1	D:-0.0910657025267502	D:-5.0788703336956	D:0.000000573151192212122	D:0.0000596428364178926	D:-0.0798273163917704	D:-4.36780358192395	D:0.0000157948765947626	D:0.0011084354128716	D:0.0505668351124979	D:0.950696119012626	D:0.996760838460121	D:-0.00618894932070332	D:-0.00481363168474123	D:0.00784054485929255	D:15.4749993843178
S:TXNDC6	D:-0.144881402182154	D:-4.73022829985911	D:0.00000307243355096098	D:0.000171538354340939	D:-0.134223690578049	D:-4.36720885416968	D:0.0000158360676503644	D:0.0011084354128716	D:0.714321789681914	D:0.490112096322235	D:0.970860127988368	D:0.00620942633006852	D:0.0471291742953713	D:0.0475364706842235	D:0.50037863853904
S:KIF2A	D:-0.107326091780819	D:-4.49713692152458	D:0.00000893455355285947	D:0.000332747397539291	D:-0.104305658584385	D:-4.36676784931837	D:0.0000158666781342525	D:0.0011084354128716	D:1.11789057760835	D:0.327930439412874	D:0.956911684216668	D:0.00864127828894888	D:-0.0457892377651547	D:0.0465974890480263	D:11.2875275572898
S:SCN4A	D:-0.2193717811522	D:-4.11911250927893	D:0.0000458612975371709	D:0.00100243357401997	D:-0.231098687529676	D:-4.36653876352436	D:0.0000158826014842664	D:0.0011084354128716	D:2.09812900052753	D:0.123957641185309	D:0.888724539846668	D:-0.137235258941667	D:-0.0593383132895822	D:0.149514386334021	D:16.4411415161159
S:ADAM22	D:-0.113190316071908	D:-4.49384008418599	D:0.00000906756795768096	D:0.000336222666909001	D:-0.110111245412799	D:-4.36555059266794	D:0.0000159514628575698	D:0.00110927948647605	D:2.75733138359817	D:0.0645990601013697	D:0.846065840107819	D:-0.0146136514280897	D:-0.0752609832687711	D:0.0766666447070951	D:12.7325702969485
S:ZNF518B	D:-0.065114329759638	D:-3.98163439797181	D:0.000080708920352207	D:0.0015150173031724	D:-0.0713268026847352	D:-4.36391478479576	D:0.000016066083393316	D:0.00111328842407371	D:1.58135363842265	D:0.206907089672494	D:0.927138374549935	D:-0.0134372881546517	D:-0.0353016965746786	D:0.0377726156626969	D:13.3892598658416
S:ZFP14	D:-0.13489492498423	D:-5.82219252775967	D:0.000000011588209584338	D:0.00000383805429639912	D:-0.111854695927568	D:-4.36296490136219	D:0.0000161330025490172	D:0.00111397527494821	D:3.48052333526177	D:0.031673859557686	D:0.777497218447519	D:0.00676899291790221	D:-0.0875846675596623	D:0.0878458493991559	D:11.7053781868605
S:BHLHB9	D:-0.260778808130734	D:-4.52215331443542	D:0.00000798447842229364	D:0.000312674735170421	D:-0.254109445593216	D:-4.35976808041547	D:0.0000163601822407761	D:0.00112568422946128	D:0.844082681629235	D:0.430672692549917	D:0.966078042387016	D:-0.0258390760330547	D:-0.0946702282466781	D:0.0981331236969461	D:13.0177560636904
S:TSPYL5	D:-0.161419322659097	D:-5.15276021382005	D:0.000000396532868361787	D:0.0000478311653127017	D:-0.143309910290962	D:-4.35870189285361	D:0.0000164366281597283	D:0.00112697596796228	D:3.21422851211217	D:0.0411674372942594	D:0.813813159090897	D:-0.0369065135310196	D:-0.10178378578272	D:0.108268323111047	D:13.3287001157474
S:UTP20	D:-0.131949828650877	D:-5.54189309721731	D:0.000000053066560425608	D:0.0000127968431587213	D:-0.11079545820651	D:-4.35776587031428	D:0.0000165040227441121	D:0.00112764023931012	D:1.95179886103996	D:0.143292167542868	D:0.893013200900893	D:0.000154563508520356	D:-0.0651015843414855	D:0.0651017678227689	D:11.9909312805465
S:LIPA	D:-0.113752576264871	D:-4.37229687402186	D:0.0000155373099082032	D:0.00048033151831379	D:-0.113288646396784	D:-4.35669403586013	D:0.0000165815205325901	D:0.00112898777953778	D:2.98415432182374	D:0.0516457082000116	D:0.83656058396868	D:-0.0176370329585634	D:-0.0803352841102622	D:0.0822485428725519	D:12.8254953110063
S:ITGA6	D:-0.106836164186277	D:-4.58580692063038	D:0.00000598411839608228	D:0.000262776758601896	D:-0.104326136056339	D:-4.3553257231954	D:0.0000166809607159694	D:0.00113181476857901	D:4.75794298233822	D:0.0090468279626121	D:0.682205037020486	D:0.0274436384473487	D:-0.0929860775050579	D:0.0969513481133987	D:10.9037810839849
S:GMCL1	D:-0.0786471618283469	D:-4.93366154110278	D:0.00000116723398665979	D:0.0000953893542240564	D:-0.0703640942372234	D:-4.35418986253258	D:0.0000167639407738807	D:0.00113350922720554	D:1.09281225081069	D:0.33621464136129	D:0.95707960515839	D:-0.0324103355643746	D:0.00932311011848039	D:0.0337246235512967	D:19.0698889086773
S:GDF10	D:-0.247665999806462	D:-5.03812449308874	D:0.000000700946290952585	D:0.0000674738496133225	D:-0.220200438098163	D:-4.35154941361591	D:0.0000169583664552076	D:0.00113586544361664	D:2.46663767634209	D:0.0860867861661073	D:0.860742263980279	D:0.112732148646812	D:-0.105003950075685	D:0.154059621153707	D:8.86448201490565
S:MOSC2	D:-0.263782108954598	D:-4.49010058677553	D:0.00000922074041615704	D:0.000339326720286487	D:-0.255151640614618	D:-4.35018557494464	D:0.0000170596334971563	D:0.00113586544361664	D:0.410034525454784	D:0.663890178069707	D:0.985706471962942	D:0.0707127225842708	D:-0.0245277680074989	D:0.0748458451666472	D:7.27532465696687
S:ATPAF1	D:-0.123154463793329	D:-4.66006011131205	D:0.00000425669235462851	D:0.000207431484543131	D:-0.117106970645215	D:-4.34516508551787	D:0.0000174374177459105	D:0.00115116412220552	D:0.866598515780982	D:0.421122187983762	D:0.965417982825822	D:-0.0277532075262682	D:-0.0376818275419447	D:0.0467991522882303	D:14.424811984082
S:PP12613	D:-0.235284965030263	D:-3.61743878373204	D:0.000333921040308299	D:0.00407058705468775	D:-0.281472982249149	D:-4.34191963252546	D:0.000017685876220099	D:0.00115973056113071	D:1.49797019308154	D:0.224764262878238	D:0.929224825495277	D:-0.101420573923537	D:-0.109528852680131	D:0.149273917294367	D:14.8532534313143
S:FAM110C	D:-0.185251989413912	D:-4.61989200745643	D:0.0000051208164814957	D:0.000235449117329194	D:-0.173536230824469	D:-4.33725853474527	D:0.0000180486397285727	D:0.00117529707386091	D:0.951377188045199	D:0.387031573405394	D:0.960227634080898	D:0.0762029713514658	D:-0.016725505501993	D:0.0780168916138648	D:6.82528929919568
S:LOC338620	D:-0.145279274437627	D:-4.73602283170616	D:0.00000299028067318797	D:0.000167911134007949	D:-0.134331759778797	D:-4.337227049924	D:0.0000180511141461837	D:0.00117529707386091	D:1.09219367745895	D:0.336421612281917	D:0.95707960515839	D:-0.0130839019261248	D:-0.0578089833624471	D:0.0592711316494981	D:12.8501926202566
S:TMEM194A	D:-0.117528654858893	D:-4.71558012220276	D:0.00000328991466065583	D:0.000179075828367342	D:-0.108921329607249	D:-4.33458554507265	D:0.0000182598711877815	D:0.00117541351248106	D:0.00880444942733516	D:0.991234377440995	D:0.998940164677581	D:0.00156147223276229	D:-0.00411086002850843	D:0.00439742716911559	D:10.6134121015732
S:NDUFS4	D:-0.148501432998077	D:-4.56764431312032	D:0.00000649957403331174	D:0.000274909472261785	D:-0.14248191031082	D:-4.33305645149007	D:0.0000183817674759169	D:0.00117541351248106	D:2.19905817548813	D:0.112170865199807	D:0.880003764027248	D:-0.014741946580962	D:-0.0880166181365788	D:0.089242647076363	D:12.6338827997433
S:KHDC1	D:-0.177210289028736	D:-4.53086402576674	D:0.00000767701971463727	D:0.000306198121336288	D:-0.173569823576135	D:-4.33201736592463	D:0.0000184650448151178	D:0.00117541351248106	D:0.539830879361675	D:0.583246836560228	D:0.982115268178959	D:0.0148489086528812	D:-0.0525267996090495	D:0.0545852980696346	D:10.9476549445483
S:FKTN	D:-0.32913099464088	D:-5.35197119231357	D:0.00000014373830142439	D:0.0000241662025389444	D:-0.27336378370039	D:-4.33200047727713	D:0.00001846640132704	D:0.00117541351248106	D:0.507583038208076	D:0.602313978546928	D:0.984208797062414	D:0.0583449837833779	D:0.0613642960341901	D:0.084674163476555	D:2.90367932497703
S:ITCH	D:-0.0651654217479086	D:-4.39760437106689	D:0.000013903194254896	D:0.000447582074027879	D:-0.0639962140260757	D:-4.32624260395775	D:0.0000189344740802398	D:0.00119780833563119	D:0.600403346229261	D:0.549056013059734	D:0.977958477099463	D:-0.0160381025560093	D:0.0153406984578564	D:0.0221936423953336	D:20.9151194803283
S:SLC4A1AP	D:-0.0822728423945246	D:-4.27813440512733	D:0.0000233837237299532	D:0.00064906441108951	D:-0.0831607114935563	D:-4.32492923806515	D:0.0000190428184376837	D:0.00120037327448637	D:2.13287792847632	D:0.119765333709244	D:0.888724539846668	D:-0.02358065542067	D:-0.0461832699125244	D:0.0518550067966581	D:13.8032228419619
S:CSF1	D:-0.154925737879892	D:-4.24289199387098	D:0.0000271979715026297	D:0.00071055022267197	D:-0.157678787151622	D:-4.32041685542436	D:0.0000194195947087359	D:0.00121239073547414	D:1.16286484554152	D:0.313584183763446	D:0.956911684216668	D:0.0506584503683176	D:-0.056258363857319	D:0.0757052316397076	D:9.19988031346177
S:ABLIM2	D:-0.143331070492665	D:-5.39782388886563	D:0.000000113295664163377	D:0.0000204991719760792	D:-0.119822276621916	D:-4.31875362333427	D:0.0000195602605567075	D:0.00121354639307755	D:0.680142393254826	D:0.507096589029575	D:0.971534152892322	D:-0.0425736899524424	D:-0.014325421844508	D:0.0449192251401313	D:16.7601779326735
S:ENPP2	D:-0.194675120912058	D:-4.43704236503208	D:0.0000116801145849624	D:0.000398326560392235	D:-0.189814196059185	D:-4.31872946681181	D:0.0000195623107220423	D:0.00121354639307755	D:0.320007102537252	D:0.726319089240859	D:0.988887668865741	D:0.0467544048395932	D:-0.0163820568052426	D:0.0495413580463311	D:7.28731409504317
S:SSTR4	D:-0.233794619694699	D:-4.98431278649778	D:0.000000912529455192768	D:0.0000801961387941256	D:-0.2028666595478	D:-4.31377772190781	D:0.0000199869294357547	D:0.00123349033161564	D:2.68466425192702	D:0.0694041183612551	D:0.850339905642804	D:0.0660123751729043	D:0.126132910879891	D:0.142362722940392	D:1.84170444962953
S:FZD7	D:-0.274995199262701	D:-4.12697726766855	D:0.0000443807530874725	D:0.000985504881911705	D:-0.285845552386983	D:-4.31351096481775	D:0.0000200100524600666	D:0.00123349033161564	D:1.24828410195551	D:0.288049275955221	D:0.948286990928089	D:0.140742343007681	D:-0.0447342841673277	D:0.14768061245558	D:7.17550740129118
S:TAF3	D:-0.106900782674975	D:-5.83712060983254	D:0.0000000106682282826703	D:0.00000359427325640795	D:-0.0889188829639738	D:-4.3120600823323	D:0.0000201362660928074	D:0.00123736721924386	D:3.78135755484914	D:0.0235640611392533	D:0.736744509955438	D:0.0232367765135711	D:-0.0708353370281483	D:0.0745492639442739	D:10.7892316659394
S:BUD13	D:-0.0729054473847179	D:-4.57167230191553	D:0.00000638170560196412	D:0.000271688255267932	D:-0.0692384136838085	D:-4.30868558304295	D:0.0000204327658326165	D:0.00124617687520272	D:0.751894972027657	D:0.472099809006483	D:0.967850917475504	D:0.0186783387469822	D:-0.0193395262578678	D:0.026886755368132	D:9.06642392129286
S:LMBR1	D:-0.126507777335662	D:-4.116584129796	D:0.0000463471685308251	D:0.00100923381602833	D:-0.132492088966153	D:-4.30681976411013	D:0.0000205984919241841	D:0.00124617687520272	D:0.713113099302535	D:0.490702858350168	D:0.971315291229804	D:-0.0177815493010297	D:-0.0443410745100764	D:0.0477735741205648	D:13.4567767911306
S:GTPBP4	D:-0.0744172185864116	D:-4.98221110092128	D:0.000000921936039485115	D:0.0000801961387941256	D:-0.0664582919980532	D:-4.3058058495554	D:0.0000206890878207592	D:0.0012477946453872	D:2.42305308553495	D:0.0898771428417572	D:0.865619526804081	D:0.000346959653620694	D:-0.0440386408686027	D:0.0440400076130216	D:11.9699068634183
S:PRRC2C	D:-0.114307279637526	D:-5.09004112915711	D:0.000000542254187935027	D:0.0000588579204724763	D:-0.101535582367244	D:-4.30293823730642	D:0.0000209473820688233	D:0.00125948551694423	D:4.01496054249928	D:0.018733946822677	D:0.726283072612332	D:-0.0019437816199513	D:-0.0865932550924936	D:0.086615068634157	D:12.0857278340209
S:CAMTA1	D:-0.128216565725971	D:-4.299716250395	D:0.000021306169005809	D:0.000604272639394068	D:-0.128443004049002	D:-4.30038013710783	D:0.0000211803952168055	D:0.00126837702743374	D:1.16100287373733	D:0.314165424204419	D:0.956911684216668	D:0.0326278267701278	D:-0.0515297149620171	D:0.06099087311892	D:9.84390901707872
S:TMEM169	D:-0.138991697172763	D:-4.31165971965125	D:0.0000202334928657591	D:0.000585752124577478	D:-0.138320989209087	D:-4.29563316996427	D:0.0000216193653136983	D:0.00128408515986315	D:0.423488117099174	D:0.655035572653052	D:0.985706471962942	D:-0.0392007067350333	D:-0.012606969416872	D:0.0411780413133509	D:16.8114786561591
S:XPNPEP3	D:-0.0734150726866989	D:-4.53020277340995	D:0.00000769995545235244	D:0.000306231186068133	D:-0.0694898508792888	D:-4.29476477718794	D:0.0000217006036298557	D:0.00128427727938884	D:3.60668302156672	D:0.027977649995676	D:0.760239372616719	D:-0.0501359061790948	D:-0.031394727483061	D:0.059154357423056	D:15.8630340773207
S:OR51G1	D:-0.223451627159612	D:-3.73768959464669	D:0.00021155698672396	D:0.00296835925678165	D:-0.256831349610695	D:-4.29349659411306	D:0.0000218197664785372	D:0.00128427727938884	D:1.907001903462	D:0.14979664086131	D:0.894957054822148	D:-0.0463984441269346	D:-0.144274096039609	D:0.151551411756692	D:13.1885168663566
S:ING3	D:-0.107702365130126	D:-4.37457956702838	D:0.0000153826873869292	D:0.000477890451872787	D:-0.105242693490561	D:-4.29103826401693	D:0.0000220525421643291	D:0.00129408025955902	D:1.28016578889784	D:0.279063360560979	D:0.945897998731199	D:-0.0500631872394932	D:-0.020739781511001	D:0.0541891248656095	D:16.499809164732
S:PPAP2B	D:-0.237690272746547	D:-4.57437761200779	D:0.00000630369698814252	D:0.000269024481179273	D:-0.222917068819057	D:-4.2847014555501	D:0.0000226635530650051	D:0.00131726386348929	D:0.989979515168683	D:0.372441461711975	D:0.959270072771647	D:-0.037630519569993	D:0.0891839318771493	D:0.0967978807008482	D:22.474869084454
S:RPS6KA5	D:-0.0973199119186735	D:-4.53523298778318	D:0.00000752712018742194	D:0.000302649085560519	D:-0.0916416146558372	D:-4.28415231529792	D:0.0000227172571514198	D:0.00131726386348929	D:0.636868730933053	D:0.529451291164806	D:0.975430279911244	D:-0.0126855670667302	D:0.0293163719937696	D:0.0319432822152262	D:22.4400833990013
S:KIAA1429	D:-0.0804134076623957	D:-4.6611653180691	D:0.00000423502177737182	D:0.000206891401379057	D:-0.0753757749773865	D:-4.28133439422884	D:0.0000229947579297492	D:0.00132548839146085	D:0.174741134510551	D:0.839734788985723	D:0.990538766746216	D:0.00537951287763964	D:-0.0126694979497929	D:0.0137642775727786	D:10.4662502686299
S:ZMYM2	D:-0.0755768358490996	D:-4.30774227876493	D:0.0000205795100108656	D:0.000591388536944597	D:-0.0757539358496288	D:-4.2719073374033	D:0.0000239468282066781	D:0.00136826014615993	D:0.771447017013351	D:0.46299134816798	D:0.967692421145506	D:-0.000931327136589992	D:-0.0285119843295548	D:0.0285271908999839	D:12.1247245080594
S:ADARB1	D:-0.138668160037526	D:-4.96790184720143	D:0.00000098851679817253	D:0.0000843519945549756	D:-0.121178000565955	D:-4.27011669013878	D:0.0000241318753087077	D:0.00137481333938033	D:1.20823415826412	D:0.299750608643911	D:0.953382074134607	D:0.0309214778439813	D:-0.0503047506130765	D:0.0590483338147627	D:9.89477748012466
S:API5	D:-0.0909870721277548	D:-4.83865630227121	D:0.00000184189826534545	D:0.000122841412979916	D:-0.0824370542174824	D:-4.26382240335342	D:0.0000247932264504845	D:0.00140838499438638	D:2.10747559930542	D:0.122815729183344	D:0.888724539846668	D:-0.0440398205022065	D:-0.0308727817901557	D:0.053783217134429	D:15.6645858316881
S:FANCI	D:-0.10648942683134	D:-4.73518019984037	D:0.00000300209441496958	D:0.000168091481269113	D:-0.098862013986106	D:-4.25994171006561	D:0.0000252095622588864	D:0.00142788422058231	D:0.691364486554117	D:0.501455857785637	D:0.971534152892322	D:0.000207969081551479	D:-0.035369031199169	D:0.0353696426205676	D:11.9775404020308
S:YWHAB	D:-0.0985519525727513	D:-4.56646423140662	D:0.00000653450004301821	D:0.000275195399440989	D:-0.0924069363221294	D:-4.25388829397522	D:0.00002587234801709	D:0.00145279181782171	D:1.3574742724005	D:0.258425715404667	D:0.938261341797148	D:-0.00665468763763453	D:-0.0458365819199126	D:0.0463171362419499	D:12.5507100173322
S:NOLC1	D:-0.0904782885271171	D:-5.01263102804557	D:0.000000794483005071475	D:0.000073578163043136	D:-0.0800470159136109	D:-4.24113487568481	D:0.0000273235561368691	D:0.00151908826884038	D:2.28865285327341	D:0.102654286207251	D:0.870946539528028	D:0.0105548072831994	D:-0.0516555719581691	D:0.0527228799584304	D:11.2301128508837
S:LAMA2	D:-0.23577796020047	D:-4.10060380805643	D:0.000049533252536553	D:0.00106186131104098	D:-0.244101959454423	D:-4.24078916010083	D:0.0000273639563293494	D:0.00151908826884038	D:0.205442731002711	D:0.814367729506877	D:0.990538766746216	D:-0.0106170508563781	D:-0.0465809814984149	D:0.0477756172774627	D:12.8559928162517
S:SRSF11	D:-0.107644889462632	D:-4.85952196910625	D:0.00000166735245095044	D:0.000117521862052514	D:-0.0987594928359236	D:-4.24008401805305	D:0.0000274465357258799	D:0.00151935624538079	D:3.31304913168877	D:0.0373497075982773	D:0.800274820370544	D:-0.0101451221056618	D:-0.0769179976796753	D:0.0775841599141818	D:12.5009115940566
S:ANGPT1	D:-0.11886637909791	D:-4.26565279998754	D:0.0000246721158816332	D:0.000666811475662912	D:-0.11897117336156	D:-4.23917824261544	D:0.0000275529603056829	D:0.00152093897551793	D:0.834075313451633	D:0.43498707003191	D:0.966078042387016	D:-0.00817387343421379	D:0.0465494226588058	D:0.047261622451908	D:23.3360431301374
S:CCNK	D:-0.0689968657262369	D:-4.63343695026432	D:0.0000048121239608362	D:0.000225033490443306	D:-0.063561731386799	D:-4.23514787781957	D:0.000028031302612148	D:0.00154250287339541	D:0.149966833570838	D:0.860782155339485	D:0.991098228766629	D:0.00318094383370874	D:-0.0103133321853657	D:0.010792739431623	D:10.8572435825184
S:PAICS	D:-0.0821179699967998	D:-5.09712951975307	D:0.000000523491104249557	D:0.0000580334787803071	D:-0.0720030400996722	D:-4.23442255665588	D:0.0000281182240779896	D:0.00154250287339541	D:1.00169472385213	D:0.368123851992513	D:0.959270072771647	D:-0.0108048623754166	D:-0.029337467211143	D:0.0312639094375061	D:13.3479022827841
S:FOXN3	D:-0.104592381139649	D:-4.45039924888759	D:0.0000110076156668975	D:0.00038273988922926	D:-0.0992523763084001	D:-4.23372418575443	D:0.0000282021588174635	D:0.00154250287339541	D:0.31344772864787	D:0.731091793746403	D:0.988887668865741	D:-0.0110412130682996	D:-0.0215766760322	D:0.0242376016680303	D:13.8066484440406
S:MGP	D:-0.299912864723339	D:-4.26541574835217	D:0.0000246972289390598	D:0.000666811475662912	D:-0.293494288100899	D:-4.23183939357812	D:0.0000284298801266619	D:0.00154487083932878	D:4.3769024363295	D:0.0131368239420358	D:0.709441948440271	D:-0.265989134827278	D:0.111392236250641	D:0.288372068937133	D:19.5148799988813
S:UTP14C	D:-0.140825897134039	D:-4.48053048265061	D:0.00000962412061552822	D:0.000349532252243623	D:-0.133999366328408	D:-4.23093386249786	D:0.0000285399095746221	D:0.00154487083932878	D:0.371666695822129	D:0.689808463847407	D:0.986509726209427	D:-0.0092199046294946	D:-0.0341596846836771	D:0.0353820674786709	D:13.0069704239907
S:CILP	D:-0.189659464028696	D:-4.31096957157568	D:0.0000202940456246179	D:0.000586103392142643	D:-0.185526923008042	D:-4.22672203132393	D:0.000029057042528668	D:0.00156419743265206	D:0.393033698709886	D:0.675251646741557	D:0.986364991209785	D:-0.0500606484034984	D:-0.0197356426098763	D:0.0538104460844124	D:16.5655948296127
S:SRRM1	D:-0.0763790649464411	D:-4.89338717062708	D:0.0000014175088929848	D:0.000106764023906763	D:-0.0686793597546015	D:-4.21758189107477	D:0.0000302101945042581	D:0.0015998303815927	D:2.20337025961279	D:0.111693165280847	D:0.879740245933833	D:0.0314306468305325	D:-0.0343120249376412	D:0.0465317162321247	D:9.16730403967467
S:IKBIP	D:-0.103172162461523	D:-4.07258900618627	D:0.0000556275402690864	D:0.00115640187701938	D:-0.108370922285885	D:-4.21476704925187	D:0.000030574028041024	D:0.00161036949312574	D:2.18772429546615	D:0.113436262831517	D:0.880277680269808	D:-0.0211358469359218	D:0.0674076894817553	D:0.0706436170291942	D:22.839403677672
S:POLA1	D:-0.104802780107287	D:-4.53264355773164	D:0.00000761562124137606	D:0.000305578757038459	D:-0.0988007088754675	D:-4.21156567804881	D:0.0000309929012264879	D:0.00162367904253833	D:1.55724844885018	D:0.211917686775674	D:0.927560151843468	D:0.0121388484494348	D:-0.0527481000572219	D:0.0541268297734593	D:11.1360157031747
S:DOCK10	D:-0.111010977976582	D:-4.8067529510869	D:0.00000214328641233963	D:0.000136423321770452	D:-0.100987681882763	D:-4.21068043835436	D:0.0000311096899546663	D:0.00162490936252101	D:4.53889814446203	D:0.0112094768706379	D:0.709441948440271	D:0.00109026281008809	D:-0.0936636777390873	D:0.0936700229561553	D:11.9555397652581
S:PRCP	D:-0.130250606654852	D:-4.11883350221587	D:0.0000459146745690037	D:0.0010024789449753	D:-0.132584008625164	D:-4.2096242658482	D:0.0000312495787294422	D:0.00162490936252101	D:2.13470275765148	D:0.119549155413987	D:0.888724539846668	D:-0.0000626874463219606	D:-0.0843342375015763	D:0.0843342608000343	D:12.0028392782082
S:KIAA1731	D:-0.0929052366496386	D:-4.54287367536978	D:0.00000727169375703653	D:0.000296026770792597	D:-0.0882324645485997	D:-4.20587731273077	D:0.000031750712489441	D:0.00164573122746993	D:0.359863738842008	D:0.697984293478134	D:0.987534244143049	D:-0.000271538244510659	D:-0.0230567810603507	D:0.0230583799492327	D:12.0449825039252
S:LRRC8B	D:-0.12668091266138	D:-4.47978760580264	D:0.00000965613071948268	D:0.000349532252243623	D:-0.119793635967337	D:-4.20341055217723	D:0.000032084800647128	D:0.00165864838477653	D:1.08510995036237	D:0.338800931285627	D:0.95707960515839	D:-0.0511267338405916	D:-0.0264488075209284	D:0.0575628554928072	D:16.1764424194269
S:OR10A2	D:-0.188014132668697	D:-3.5787065588807	D:0.000385786461911159	D:0.00448195793829129	D:-0.229966381256569	D:-4.19568805081246	D:0.0000331525119533344	D:0.00170482430547396	D:0.169652477421556	D:0.844015316627258	D:0.990538766746216	D:-0.0283303962231601	D:-0.0315729299119594	D:0.0424200572063115	D:14.793442337564
S:C17ORF85	D:-0.0914587837412907	D:-4.85535476249059	D:0.00000170088521433894	D:0.000118404796945695	D:-0.0806775859375321	D:-4.1919803501974	D:0.0000336770925321878	D:0.00172444379135883	D:0.046930472589245	D:0.954158690374318	D:0.996760838460121	D:-0.0082754122324928	D:-0.000676567265168707	D:0.00830302299659524	D:17.6884068606969
S:ZNF831	D:-0.114033532252625	D:-4.79569216383993	D:0.0000022584693924073	D:0.000140999202546425	D:-0.10297767641377	D:-4.19093398326752	D:0.0000338265624340036	D:0.00172444379135883	D:3.2950175127524	D:0.0380187710056045	D:0.805350419604089	D:0.0346860141853248	D:-0.0760496568159014	D:0.0835863019990772	D:10.3654944806484
S:REV3L	D:-0.0841186531706131	D:-4.15337519432357	D:0.0000397369422803547	D:0.000912455451351834	D:-0.084867058843139	D:-4.19051194383665	D:0.0000338870280887258	D:0.00172444379135883	D:1.62630262510996	D:0.19787951463954	D:0.923154707902481	D:0.0398828759427061	D:-0.0308911826415616	D:0.050447090683761	D:8.51729892188779
S:PHF3	D:-0.097761231648512	D:-4.05912220409018	D:0.0000588046885756158	D:0.00120073398062289	D:-0.1006119549198	D:-4.18831181068205	D:0.0000342039135803194	D:0.00173604850720265	D:1.21029282792077	D:0.299137648416517	D:0.953382074134607	D:-0.0126656131526398	D:-0.0467433493581993	D:0.0484289011413123	D:13.0107246363967
S:ADD3	D:-0.133208552946993	D:-4.20898708705818	D:0.0000314227282958583	D:0.000775639140835097	D:-0.133106184052506	D:-4.1803494846216	D:0.0000353744989700863	D:0.00178618368055415	D:1.9264588221468	D:0.146935843373815	D:0.893013200900893	D:0.0150564039082414	D:-0.0801364341372855	D:0.0815386005207815	D:11.2906038157699
S:KIAA0494	D:-0.0837663765078788	D:-4.97549113156988	D:0.000000952645758650422	D:0.0000820072721136031	D:-0.0730320985468497	D:-4.17737421253699	D:0.0000358216306399184	D:0.0018040991864295	D:3.20651642975746	D:0.0414813792634482	D:0.813813159090897	D:-0.0131845325925188	D:-0.0557979190832455	D:0.0573344545077705	D:12.8863077053496
S:RGMB	D:-0.078820378080431	D:-4.00902149146786	D:0.0000722057180095385	D:0.00140116378910068	D:-0.0821495236149527	D:-4.17404417217248	D:0.0000363284640193114	D:0.00181558699591141	D:1.82232015817812	D:0.162913945485605	D:0.90401925079832	D:-0.0051764497964579	D:-0.0483467634614512	D:0.0486230929671566	D:12.4074221189846
S:TPST1	D:-0.181393821506825	D:-4.20697758468963	D:0.0000316918348152831	D:0.000779560035108068	D:-0.191513665382112	D:-4.17278670534894	D:0.0000365216223428036	D:0.00182058424030797	D:5.20250259044961	D:0.00585945961422736	D:0.662881684141537	D:0.00979532021930205	D:0.191431555670762	D:0.19168199916718	D:0.195280052164969
S:EIF4A3	D:-0.102457581563209	D:-4.54544056358584	D:0.00000718776567285216	D:0.000293841274086201	D:-0.0945526574807311	D:-4.17205130529104	D:0.0000366350395461506	D:0.00182159111392195	D:1.05590264005141	D:0.34879113995859	D:0.959270072771647	D:0.0046736971345953	D:-0.0425664199989927	D:0.0428222320347337	D:11.5822767535408
S:DNAH17	D:-0.163866241557193	D:-3.88584909043059	D:0.000118538609101421	D:0.00200868184012128	D:-0.175349813362588	D:-4.17058457726959	D:0.0000368622488454909	D:0.00182823656012623	D:0.87357539445518	D:0.418206220266061	D:0.965417982825822	D:0.0368833454586846	D:-0.0643771391492954	D:0.0741943206537564	D:10.012698493263
S:OR51D1	D:-0.246367391596383	D:-4.38230455414229	D:0.0000148702688995278	D:0.000465672956034732	D:-0.233101501562265	D:-4.16620124934964	D:0.0000375492944835911	D:0.00183738211612214	D:1.126490807066	D:0.325136977353478	D:0.956911684216668	D:0.0329941867799433	D:0.10381997484412	D:0.108936695093543	D:1.17535708409451
S:NAT2	D:-0.298257206164994	D:-4.3454706203561	D:0.0000174695329707813	D:0.000527623097035608	D:-0.284443110931128	D:-4.16529813963088	D:0.0000376923561419897	D:0.00183738211612214	D:0.83650581913864	D:0.433935254108041	D:0.966078042387016	D:0.0270937416243652	D:0.111144423441289	D:0.114399098323826	D:0.913322035666107
S:MGEA5	D:-0.0955443038453261	D:-3.75563778021692	D:0.000197416475851518	D:0.00281996736448429	D:-0.105906290420612	D:-4.16486415695435	D:0.0000377612879342208	D:0.00183738211612214	D:0.652121437419978	D:0.521461105283187	D:0.972936095379639	D:-0.00720073993099386	D:-0.0368926417960021	D:0.0375887971906781	D:12.7362796756879
S:LOC100132330	D:-0.124251859637039	D:-4.39811787597666	D:0.000013871804281946	D:0.000447308461177403	D:-0.118399578503523	D:-4.16462789927869	D:0.0000377988644737271	D:0.00183738211612214	D:0.391108734334377	D:0.676550330076456	D:0.986364991209785	D:0.030837501075965	D:-0.0168338108505323	D:0.0351330138240607	D:7.90863873084176
S:PCSK5	D:-0.100002891669344	D:-5.08337466907647	D:0.00000056049313262326	D:0.0000592032232680601	D:-0.0852465103204218	D:-4.16347833666834	D:0.000037982210125227	D:0.00183959077915884	D:1.41007819933252	D:0.245266521816387	D:0.933288553535957	D:-0.0142066580870144	D:-0.0423004910804968	D:0.0446224235071619	D:13.2376448054262
S:ACTL7B	D:-0.24742604552701	D:-4.03796360603939	D:0.0000641472359159607	D:0.00128432493548543	D:-0.255948122009982	D:-4.16063705542199	D:0.0000384390124231938	D:0.00185465862163365	D:0.318038245568914	D:0.727748363558995	D:0.988887668865741	D:0.0224122400479087	D:-0.060651665166653	D:0.0646601344837209	D:10.6479682412495
S:POLR1B	D:-0.151012598789327	D:-4.38431087489698	D:0.0000147398806596895	D:0.000462330670900471	D:-0.144641035780892	D:-4.15776125423692	D:0.0000389066907881638	D:0.00186799912700616	D:1.33392768069048	D:0.264543676259334	D:0.939907763028795	D:0.0405711442272447	D:-0.0644179401959566	D:0.076129421139253	D:9.85312095158413
S:AOC3	D:-0.134590029613791	D:-3.97061404660434	D:0.000084391679959249	D:0.0015660947940016	D:-0.146847512575439	D:-4.15324206521621	D:0.0000396525928492495	D:0.00189450199723028	D:1.37620631049201	D:0.253660367375796	D:0.9367386625767	D:-0.0238221666066775	D:0.0733265519091205	D:0.0770991493903613	D:22.8001448583726
S:PPP2R2B	D:-0.0992085265789612	D:-4.7730405807652	D:0.00000251325704234441	D:0.000151621217720179	D:-0.0885785933869601	D:-4.15245226040585	D:0.0000397843421427182	D:0.00189499389739416	D:1.26752986944806	D:0.282590628485162	D:0.946954734546031	D:0.0433852513705988	D:-0.0197248640113372	D:0.0476586854283224	D:7.62991037859959
S:SLAMF1	D:-0.101564480560034	D:-5.0805488912498	D:0.000000568402120209134	D:0.0000596428364178926	D:-0.0862367083551459	D:-4.15180675586346	D:0.0000398923298566134	D:0.00189499389739416	D:0.876374787160309	D:0.417041932155564	D:0.965417982825822	D:0.0166364213281997	D:-0.0325641272347875	D:0.0365676482313644	D:10.1958890673193
S:TTC9	D:-0.165654170831698	D:-4.24685992121597	D:0.000026740563202646	D:0.000704651786110677	D:-0.163605495456656	D:-4.15143997101142	D:0.0000399538143250804	D:0.00189499389739416	D:1.99370958519714	D:0.137463898167819	D:0.892651935358644	D:-0.05807482598581	D:-0.0856896273435868	D:0.103515204910027	D:14.2751234784762
S:SMC3	D:-0.0993524756345205	D:-4.01797259253454	D:0.0000696160712302138	D:0.0013603676479096	D:-0.103767032732275	D:-4.15058749879113	D:0.000040097063817244	D:0.00189718335121734	D:2.63880477388645	D:0.0726197619213597	D:0.850339905642804	D:0.000339005361505388	D:-0.074436728505321	D:0.0744375004632074	D:11.9826040696599
S:USP31	D:-0.120636718097009	D:-4.72827168235433	D:0.0000031006613140561	D:0.000172130746414688	D:-0.10717542463693	D:-4.14908593497386	D:0.0000403505770510886	D:0.00190456672984377	D:0.211179748825617	D:0.809713623196967	D:0.990538766746216	D:-0.0226386719857495	D:0.00696074006877631	D:0.0236846231041034	D:19.1394104237851
S:LOC401176	D:-0.263580112704594	D:-3.98366267873497	D:0.0000800479428207956	D:0.00150747030300946	D:-0.273728038204955	D:-4.14294047442711	D:0.0000414041284865842	D:0.00192857036888857	D:0.756344154453488	D:0.470011428203697	D:0.967692421145506	D:0.036102388984256	D:-0.100749725932336	D:0.10702284693378	D:10.6857001298493
S:CPS1-IT1	D:-0.188161317343747	D:-3.73763730404997	D:0.000211599544934169	D:0.00296835925678165	D:-0.205924221501295	D:-4.14266893488372	D:0.0000414512791002025	D:0.00192857036888857	D:3.71327101141023	D:0.0251945262220618	D:0.747595467518561	D:0.167420663854037	D:-0.0886213797042025	D:0.18942921534442	D:7.85958480240551
S:STMN4	D:-0.172122088956473	D:-3.94010880951656	D:0.0000954349630311773	D:0.00171405754833845	D:-0.181790355337112	D:-4.1424916825631	D:0.0000414820850863874	D:0.00192857036888857	D:0.213383203629692	D:0.807933200731873	D:0.990538766746216	D:0.0220314776269256	D:-0.0316512307606213	D:0.0385640559989198	D:9.67729165239449
S:ARID2	D:-0.109621923882693	D:-4.8361246600852	D:0.00000186423793528852	D:0.000123908413243106	D:-0.0952392091221861	D:-4.1424356707197	D:0.000041491824329093	D:0.00192857036888857	D:1.01542026103107	D:0.363129268208681	D:0.959270072771647	D:-0.0299459770192907	D:-0.031718915877133	D:0.0436216822699506	D:14.8902088014222
S:ARIH2	D:-0.0548510043067436	D:-4.81935471385067	D:0.00000201895389359981	D:0.000131071023371541	D:-0.0487454847187454	D:-4.14171152444493	D:0.000041617933828877	D:0.00192857036888857	D:2.09429366905873	D:0.124429300434242	D:0.888724539846668	D:-0.00696732685395666	D:-0.030401982974056	D:0.0311901300453309	D:12.8605184727264
S:PDS5B	D:-0.0778714139010808	D:-4.64200054810759	D:0.00000462627282134518	D:0.000219422323305597	D:-0.0719209257189602	D:-4.14079440523272	D:0.0000417781732652594	D:0.00192857036888857	D:1.54263902725017	D:0.215013609056514	D:0.927783481998367	D:-0.000338033385422888	D:-0.0395279283645037	D:0.0395293737283934	D:12.0326645235406
S:C5ORF51	D:-0.0865331994244103	D:-4.2676307183113	D:0.0000244635250920615	D:0.000664870297390783	D:-0.0835249099833272	D:-4.14071516245389	D:0.0000417920461325119	D:0.00192857036888857	D:0.0238250350431935	D:0.976457847527206	D:0.997583949293593	D:-0.00618735666800592	D:0.000711319066673839	D:0.00622811025526451	D:18.4372081488603
S:SH3BGR	D:-0.301852071285532	D:-4.70471486303738	D:0.00000346072467876502	D:0.00018412577629725	D:-0.27339195407689	D:-4.13739617912397	D:0.0000423770486599673	D:0.00193665969456511	D:0.984568998772103	D:0.374452632996125	D:0.959577389001284	D:-0.0545825991757968	D:-0.108042249668884	D:0.121047048069332	D:13.7868506404562
S:TMX4	D:-0.0682684179321071	D:-3.84221934877529	D:0.000140858007613688	D:0.00224511119639402	D:-0.0758000138733129	D:-4.13664412612085	D:0.0000425106844148407	D:0.00193665969456511	D:1.0844111451283	D:0.339036563880687	D:0.95707960515839	D:-0.0122584568714472	D:0.0333802841555849	D:0.035559993464239	D:22.6556616605136
S:NSRP1	D:-0.0987210277438835	D:-4.88038378006657	D:0.000001508843705703	D:0.000110016100198292	D:-0.087720826558267	D:-4.1366079753151	D:0.0000425171183137216	D:0.00193665969456511	D:4.95223090882649	D:0.00748181765903431	D:0.662881684141537	D:-0.0362612846040969	D:-0.0790422858920166	D:0.0869630020191035	D:13.6429114218511
S:REPS1	D:-0.0861038928257054	D:-4.60148455031755	D:0.00000557096646706373	D:0.00024911271334758	D:-0.0788228907434273	D:-4.13553163401984	D:0.0000427091042045757	D:0.00194088047735259	D:3.19800581274787	D:0.0418306205659376	D:0.813813159090897	D:-0.00495121650047595	D:-0.0621944142570606	D:0.0623911829477007	D:12.3034428890235
S:DDX46	D:-0.0989204283564904	D:-4.50225414264566	D:0.00000873179307385715	D:0.000328130708569697	D:-0.0921723999408048	D:-4.13167987517011	D:0.0000434029219937271	D:0.00195874480064531	D:2.48237613616149	D:0.0847579068555333	D:0.860742263980279	D:-0.0124980475486115	D:-0.063116221881342	D:0.0643417334014413	D:12.7467073779306
S:TOP2B	D:-0.0895709357216135	D:-4.21485173081667	D:0.0000306497562733832	D:0.00076409900131899	D:-0.0884335910282423	D:-4.12475877119619	D:0.0000446766659593595	D:0.0020069579988778	D:3.20591942082668	D:0.0415057822667045	D:0.813813159090897	D:0.00486427090789399	D:-0.0703183516134811	D:0.0704863937586719	D:11.7361912763347
S:FRA10AC1	D:-0.127368216497388	D:-3.98582581468941	D:0.0000793486789743325	D:0.00150080019677343	D:-0.131137906399104	D:-4.12403043395549	D:0.0000448127576010569	D:0.00200845434927122	D:1.05564139865662	D:0.348881818935116	D:0.959270072771647	D:-0.0215584968464773	D:-0.0560457282705349	D:0.0600490836204367	D:13.4026460439382
S:GNE	D:-0.0944664326194056	D:-4.75129044152364	D:0.00000278382345767232	D:0.000162384161750372	D:-0.0835966718815879	D:-4.11736595826103	D:0.0000460764889534513	D:0.00206036766736702	D:2.12866374169595	D:0.120266069153793	D:0.888724539846668	D:-0.0200035796974029	D:-0.0506575122268682	D:0.0544639949482743	D:13.4365343120154
S:LOC100506252	D:-0.231814366629834	D:-3.48631719158996	D:0.000541582143540967	D:0.00571748064123935	D:-0.273481786674352	D:-4.11527996926033	D:0.0000464789579948627	D:0.00207361944789409	D:1.2547419692778	D:0.286205931442539	D:0.948286990928089	D:0.0472218548030561	D:-0.13039267788908	D:0.138680041888248	D:10.6728059226796
S:ZCCHC14	D:-0.087807889880065	D:-4.80729055303117	D:0.0000021378347961424	D:0.000136423321770452	D:-0.0775499552943609	D:-4.11421595027651	D:0.0000466855351646978	D:0.00207809121333339	D:1.60666190156486	D:0.201774440626548	D:0.926427242547783	D:0.0155047653859039	D:-0.0417499280579042	D:0.0445359881726239	D:10.6417599864223
S:EML4	D:-0.114590334167388	D:-5.12249585107563	D:0.000000461357366178951	D:0.0000539843370808555	D:-0.0997616836286856	D:-4.11001225042054	D:0.0000475102511936474	D:0.00209835737393119	D:3.11822925774613	D:0.0452514310941596	D:0.821701589300434	D:0.00278936726853723	D:-0.0785732098392328	D:0.0786227058437885	D:11.8644560193148
S:COPB2	D:-0.0677600343843453	D:-4.22253319080607	D:0.0000296647234234746	D:0.00075047889910835	D:-0.0659186147533664	D:-4.10994667726153	D:0.0000475232250133224	D:0.00209835737393119	D:1.13605296679872	D:0.322059127129049	D:0.956911684216668	D:-0.0118428683064218	D:-0.0291277880058153	D:0.0314433071389599	D:13.4750554247659
S:LIX1L	D:-0.0690359510117054	D:-4.90806136806381	D:0.00000132084443144616	D:0.000102018264960037	D:-0.0586463786518676	D:-4.10986437232534	D:0.0000475395140294464	D:0.00209835737393119	D:0.358437310155747	D:0.698978942616017	D:0.987553110889477	D:-0.0168448491716029	D:-0.00213782955655619	D:0.0169799663965197	D:17.5178060831403
S:ANKIB1	D:-0.0859860037275697	D:-4.94719248549516	D:0.00000109316449287737	D:0.0000905149464208338	D:-0.0747351203684765	D:-4.10806292161896	D:0.0000478973735905195	D:0.00210672848045647	D:0.830041152025772	D:0.436738534949364	D:0.966102458322465	D:-0.0156324972858736	D:-0.0264360145853054	D:0.0307121773657832	D:14.0398160682368
S:YTHDF2	D:-0.0647606430781201	D:-5.02208049856354	D:0.0000007584850017166	D:0.0000719492981482722	D:-0.0559202185909564	D:-4.10767007677257	D:0.0000479757522032205	D:0.00210672848045647	D:3.0565151447719	D:0.0480894409666566	D:0.826708707595025	D:0.00663750820644605	D:-0.0433368629780569	D:0.0438422194690177	D:11.4194801433805
S:FLJ33360	D:-0.171722346248554	D:-4.66643480726091	D:0.00000413314968360389	D:0.000204693599464289	D:-0.153136660880979	D:-4.1041431442598	D:0.0000486849164031992	D:0.00213307612429353	D:1.13800398962003	D:0.321434740256131	D:0.956911684216668	D:-0.0178571184797695	D:-0.0706969680674455	D:0.072917336582804	D:12.9450433864934
S:WDR3	D:-0.11329353337967	D:-4.65392956747053	D:0.00000437884803645417	D:0.000210756328769337	D:-0.102521719750077	D:-4.10193122874579	D:0.00004913474515694	D:0.00214294636607353	D:3.12797705436769	D:0.0448188139117693	D:0.821701589300434	D:0.00134292202732654	D:-0.0810327099162001	D:0.0810438370015544	D:11.936703156541
S:KRIT1	D:-0.120068787649145	D:-4.49176170798546	D:0.00000915239591940466	D:0.000338085006920768	D:-0.111264241565094	D:-4.09925326940834	D:0.0000496846433887009	D:0.00215752803657467	D:1.63333801761932	D:0.196502786365535	D:0.922219662881213	D:-0.0181233582063832	D:-0.0609666366380152	D:0.0636033560091655	D:13.1036977969937
S:RNGTT	D:-0.106235020816555	D:-4.087667462899	D:0.0000522639623250051	D:0.00110529230280619	D:-0.106650062321057	D:-4.09754634379323	D:0.0000500381969780668	D:0.00216535517186674	D:1.40066122971932	D:0.247571746008187	D:0.933288553535957	D:-0.0204428583571697	D:-0.0528022000763302	D:0.0566213986997151	D:13.4109580766357
S:SUV420H1	D:-0.050364550508274	D:-3.9608988998686	D:0.0000877699269130905	D:0.00161296983437742	D:-0.0520629848927265	D:-4.09564690038623	D:0.0000504344394900984	D:0.00216535517186674	D:0.122325662746367	D:0.884891369691751	D:0.991393293699617	D:-0.000343593510022784	D:-0.00813458230140384	D:0.00814183552514065	D:12.1612437880485
S:SH3KBP1	D:-0.097170595390472	D:-4.45375815282718	D:0.0000108444308372006	D:0.000379327794063328	D:-0.0896614261832759	D:-4.09408118335	D:0.0000507633056768227	D:0.00216586409657378	D:1.0091907128359	D:0.365387643582546	D:0.959270072771647	D:-0.0121250163555978	D:-0.0384917068737019	D:0.0403562575033229	D:13.1656401059982
S:NLRP5	D:-0.24663841162706	D:-4.31571752455117	D:0.0000198809430207779	D:0.000578115338644375	D:-0.236884802908796	D:-4.09208985358681	D:0.0000511845156692121	D:0.00217907760499362	D:0.0132577157665599	D:0.986830189689263	D:0.998940164677581	D:-0.00878099757099569	D:-0.00899098068156902	D:0.0125675634853451	D:14.9548705795295
S:SLC25A3	D:-0.0798069861011603	D:-4.51091523970341	D:0.00000839862967073174	D:0.000322788796477626	D:-0.0729746657093403	D:-4.08898898259541	D:0.0000518470427397888	D:0.00219701755869774	D:0.798319307992459	D:0.450760064653115	D:0.967692421145506	D:-0.0240843129848931	D:-0.0185992471757717	D:0.0304300201685727	D:15.4881788090395
S:SMYD3	D:-0.0840766479536227	D:-5.33814923689141	D:0.000000154379253662251	D:0.0000253506302169248	D:-0.0688135438049503	D:-4.08854205633875	D:0.0000519432020939747	D:0.00219701755869774	D:0.821857627082205	D:0.440313276696775	D:0.966218251830967	D:0.00300043832686279	D:-0.0278934383758985	D:0.0280543496553272	D:11.5906947521896
S:IER2	D:-0.0991609101741714	D:-4.12500290852995	D:0.0000447480905286616	D:0.000985820109380582	D:-0.0978324519363093	D:-4.08514770747662	D:0.0000526790758832755	D:0.00221419010895518	D:0.226277805112156	D:0.797592756710674	D:0.990538766746216	D:0.021719065940199	D:-0.00670010788767338	D:0.0227290402573707	D:7.14296365987248
S:RAD23B	D:-0.0583091773285313	D:-3.82530387551234	D:0.000150536045005986	D:0.0023476654872003	D:-0.0621404260269691	D:-4.08510161794478	D:0.0000526891356974649	D:0.00221419010895518	D:1.07541499269282	D:0.342084752968731	D:0.95707960515839	D:-0.00259266206613675	D:-0.028755889861697	D:0.0288725319001856	D:12.3434612956394
S:TRIM37	D:-0.101852163390962	D:-4.18242092363964	D:0.0000351630539730439	D:0.00083694130582519	D:-0.0999161129759494	D:-4.08456460528137	D:0.0000528064824541163	D:0.00221435938548473	D:2.32442470333331	D:0.099085193825974	D:0.867938343868143	D:-0.0065438214665828	D:-0.067943817469901	D:0.0682582151229413	D:12.3667544506474
S:CHST14	D:-0.0693166766107141	D:-3.68442083957679	D:0.000259354642854894	D:0.00343829652376355	D:-0.0764856004204099	D:-4.08323635400222	D:0.0000530977973219298	D:0.00221817426163179	D:2.11266853970923	D:0.122185859968154	D:0.888724539846668	D:-0.0117123941432317	D:-0.0484722269945963	D:0.0498671932875922	D:12.9056041359406
S:C10ORF18	D:-0.111432736822851	D:-3.9641069687389	D:0.0000866404535578318	D:0.00159720858771093	D:-0.114658051910764	D:-4.08161698524733	D:0.0000534550281657511	D:0.00222721685583569	D:1.20098159502735	D:0.301920100281152	D:0.954093587559266	D:-0.0229173001572653	D:-0.051856415896682	D:0.0566947132998117	D:13.5894958546991
S:NDUFB9	D:-0.0785107587317098	D:-5.48092682181468	D:0.0000000732938060087294	D:0.0000160925198114223	D:-0.0634505404512168	D:-4.08069138193328	D:0.0000536602403770868	D:0.00223101012172053	D:0.806775816749433	D:0.44697853419915	D:0.967692421145506	D:0.00508378800351465	D:-0.0252781354373763	D:0.0257842787693397	D:11.2419137174694
S:PPP3CA	D:-0.0707286549379661	D:-3.76434332338699	D:0.000190883360963647	D:0.00276818937776948	D:-0.0766629495017761	D:-4.07894192716765	D:0.0000540501533631369	D:0.00224245020566679	D:0.207745773796057	D:0.812496185406208	D:0.990538766746216	D:-0.0150239415440175	D:-0.00718721668393255	D:0.0166545760432337	D:16.2956188590267
S:RASA2	D:-0.0547733984743125	D:-3.68860456102318	D:0.000255260645719969	D:0.0033955400122627	D:-0.0605665514301878	D:-4.07812199361875	D:0.0000542338233314083	D:0.00224530326635392	D:2.50592204727177	D:0.082808184165289	D:0.860742263980279	D:-0.0258311434863136	D:-0.0354208198483467	D:0.0438392797903838	D:14.4067960197074
S:PAPOLG	D:-0.0741089991441407	D:-4.10374013018663	D:0.0000488919554184145	D:0.00105002683632934	D:-0.0738938141095611	D:-4.07612300905909	D:0.0000546840978833039	D:0.00225663769295366	D:1.82974127976659	D:0.161719664143247	D:0.903624337754098	D:-0.0407406933018025	D:-0.0240616604339043	D:0.0473156168040537	D:15.9622456910955
S:OLFML2A	D:-0.162557228270259	D:-3.84225291957168	D:0.000140839398709564	D:0.00224511119639402	D:-0.171748626659485	D:-4.07588227254973	D:0.0000547385633519287	D:0.00225663769295366	D:3.83532379195555	D:0.0223473722890557	D:0.732701345470532	D:-0.120198810857568	D:-0.100874691470894	D:0.156918633408915	D:15.333036590938
S:SPATA5	D:-0.117657342802331	D:-4.38878554278864	D:0.0000144530074663874	D:0.000457000354208215	D:-0.110480329373633	D:-4.07263473521938	D:0.0000554783622096479	D:0.00228045176563552	D:1.06847929264746	D:0.344453578796712	D:0.957290336661063	D:-0.00640837689020728	D:-0.0509139602947296	D:0.0513156764279713	D:12.4782607089465
S:CHML	D:-0.125372267764429	D:-4.11614092053209	D:0.0000464328417537234	D:0.00100928160256897	D:-0.125094187528816	D:-4.07057109334624	D:0.0000559533947215527	D:0.00229221234015484	D:4.33044988091275	D:0.013748601894039	D:0.709441948440271	D:-0.00357364039548637	D:-0.117080404259339	D:0.117134930602304	D:12.1165529292398
S:MTR	D:-0.0957814837830822	D:-4.40617591713684	D:0.0000133880222330277	D:0.000438216654029471	D:-0.0903206752236479	D:-4.06833238401848	D:0.0000564730979254111	D:0.0023038430199592	D:6.56145348748432	D:0.00156171705840344	D:0.540621307029361	D:0.00848868157773984	D:-0.104116862528845	D:0.104462331860717	D:11.6892643910261
S:WDR6	D:-0.100989676066959	D:-4.59718180963839	D:0.00000568154378908728	D:0.000252899879686912	D:-0.0908075341896184	D:-4.06716508692967	D:0.0000567458958466568	D:0.00230724529370209	D:1.28223595929239	D:0.27848971234894	D:0.945897998731199	D:-0.016992323380912	D:-0.0432630646855339	D:0.046480445564411	D:13.4295522678909
S:DNAH7	D:-0.189131260250029	D:-4.15811882691248	D:0.0000389531022347306	D:0.000900415707257663	D:-0.184443974835163	D:-4.06639887583431	D:0.0000569256402222504	D:0.00230785048876139	D:0.584095794289911	D:0.558057826564308	D:0.977958477099463	D:0.0593861242543726	D:-0.033963056379554	D:0.0684119942159016	D:7.98435567381186
S:CEP70	D:-0.234277526338286	D:-5.00432179576547	D:0.000000827497315106312	D:0.0000755613319368806	D:-0.199700149828054	D:-4.06582015195208	D:0.0000570617608470418	D:0.00230857943832721	D:1.98418558420791	D:0.138767075206472	D:0.893013200900893	D:0.0466654198043708	D:-0.12036754592714	D:0.129096891976686	D:10.587275601595
S:DDX27	D:-0.13101612496438	D:-4.53614253987085	D:0.00000749626855719076	D:0.000302030069847556	D:-0.119257896520984	D:-4.06332925371363	D:0.0000576511801355533	D:0.00232760684096869	D:1.4126588796208	D:0.244638558250428	D:0.933288553535957	D:0.00607521678611669	D:-0.0638208467867175	D:0.0641093498919774	D:11.6374867106895
S:VIM	D:-0.102292046611529	D:-4.3803477462315	D:0.0000149985021042325	D:0.000468937167390092	D:-0.0956690394084986	D:-4.06079146777846	D:0.0000582576429645146	D:0.00233585019199981	D:1.08650713915271	D:0.338330301533193	D:0.95707960515839	D:-0.0173628346195036	D:-0.0417141235842209	D:0.0451833612342408	D:13.5065824443744
S:SECISBP2	D:-0.062031062932315	D:-4.34110163120882	D:0.0000178052182159722	D:0.000535279644858943	D:-0.0584589232430643	D:-4.05990343417372	D:0.000058471287616826	D:0.00233585019199981	D:1.33850547780362	D:0.263342966742649	D:0.939907763028795	D:-0.0277658431818377	D:-0.0162213318462894	D:0.0321570156336972	D:15.9803811927862
S:UBXN2A	D:-0.1166485288409	D:-4.85198414662818	D:0.00000172848289906727	D:0.000118404796945695	D:-0.100076888766659	D:-4.05882441225374	D:0.000058731882673382	D:0.00233585019199981	D:0.310800105411611	D:0.73302716111365	D:0.988887668865741	D:-0.0273574089990278	D:-0.00154594862115535	D:0.0274010544373632	D:17.7843796102335
S:AP1S3	D:-0.168730999035174	D:-4.14099382517403	D:0.0000418542435099831	D:0.000949196818629063	D:-0.165162150579374	D:-4.05871658253279	D:0.0000587579852538132	D:0.00233585019199981	D:1.47233286529063	D:0.230559997835241	D:0.930466473532677	D:-0.0940560869907561	D:0.0292815137889896	D:0.0985086521569932	D:19.1528263243999
S:GPR171	D:-0.120815045875207	D:-5.01113753428548	D:0.000000800321579560797	D:0.0000737692640858374	D:-0.103065559128934	D:-4.05756284393846	D:0.0000590379642659851	D:0.00233585019199981	D:0.948016285864736	D:0.38832871687024	D:0.960227634080898	D:-0.0308337603071331	D:-0.0347418927873221	D:0.0464512635901708	D:14.772623993616
S:RAD21	D:-0.108315109227472	D:-3.87753837539817	D:0.000122513835460424	D:0.00205673785114446	D:-0.113048918356339	D:-4.05751043021819	D:0.0000590507136199738	D:0.00233585019199981	D:2.34978367118003	D:0.0966308014125633	D:0.867885582684249	D:-0.0233384759331105	D:-0.0747792343528648	D:0.078336570956872	D:13.15553713266
S:PCDHGA12	D:-0.189219654261649	D:-4.12179879078806	D:0.0000453503958060275	D:0.000993488883907604	D:-0.185070043947638	D:-4.05658301322953	D:0.0000592767359892739	D:0.00233756594831285	D:0.0728209446294515	D:0.929778919886673	D:0.994559242263454	D:-0.0207313337253827	D:0.0125871338336926	D:0.024253332475775	D:20.0842827911323
S:INADL	D:-0.12034197127994	D:-5.47108046608947	D:0.0000000771969458834147	D:0.0000167611724389756	D:-0.0991449216861961	D:-4.05467071709308	D:0.0000597453829253518	D:0.00234906343610523	D:5.06859414751098	D:0.00667786920390427	D:0.662881684141537	D:-0.00268352458323974	D:-0.100802682600795	D:0.100838396078604	D:12.1016628539116
S:CAMSAP1L1	D:-0.284327259224173	D:-3.98808387596751	D:0.000078624913652141	D:0.00149310926887899	D:-0.287676335355748	D:-4.05334139735061	D:0.0000600732318428202	D:0.00235721089044287	D:0.368394299090369	D:0.692065542567778	D:0.986869111240858	D:-0.0824375437461552	D:-0.0208234342305926	D:0.0850268430088703	D:17.0549216941133
S:LCOR	D:-0.0755553305163673	D:-4.40577077379309	D:0.0000134119552959243	D:0.000438265917119827	D:-0.0702562191310766	D:-4.05246981598618	D:0.0000602891162784221	D:0.00236094112464257	D:0.113875603764486	D:0.892396237138683	D:0.9922979041502	D:-0.00029720838748412	D:0.0107249813567815	D:0.0107290986540762	D:23.8941758583156
S:HSD17B6	D:-0.252437345909183	D:-4.031105696524	D:0.0000659756245588001	D:0.00130621041489717	D:-0.252247942165586	D:-4.0482333538053	D:0.0000613489993822272	D:0.00239285588209202	D:3.09822194979345	D:0.0461525645239385	D:0.826061255087532	D:-0.0733104340155623	D:-0.187822656522631	D:0.201622841064122	D:13.4214374832057
S:HSPA5	D:-0.0856784827786377	D:-4.79687591968007	D:0.00000224586276622699	D:0.000140661552291159	D:-0.0757795598836506	D:-4.04768175459434	D:0.0000614882946873155	D:0.00239351148702158	D:3.13088500084846	D:0.0446905627901476	D:0.821701589300434	D:0.0100078624855516	D:-0.0602314284224249	D:0.0610572049911835	D:11.3710735201754
S:RAB3GAP2	D:-0.0791210802719116	D:-4.53083383162351	D:0.00000767806557774838	D:0.000306198121336288	D:-0.0723451697540683	D:-4.04684883461157	D:0.0000616992015022173	D:0.00239453895813696	D:2.64345324693051	D:0.0722871085975494	D:0.850339905642804	D:0.000851949423648556	D:-0.0532816183787097	D:0.0532884290899526	D:11.9389295989775
S:RECK	D:-0.12770427294373	D:-4.12428839467477	D:0.0000448817404731123	D:0.000986169577654339	D:-0.126008588416706	D:-4.04290274796847	D:0.0000627077808440084	D:0.00241690876819086	D:3.62613994465105	D:0.0274475076792204	D:0.760239372616719	D:-0.00512325234437177	D:-0.108560445136561	D:0.108681267764194	D:12.1801289029581
S:EIF2B1	D:-0.0752372129394361	D:-4.33215471328153	D:0.0000185119904957516	D:0.000551823037948464	D:-0.0705792920979101	D:-4.03741323465685	D:0.0000641369224734287	D:0.0024622781965683	D:3.21748354979174	D:0.0410356492912878	D:0.813813159090897	D:-0.0328622736616445	D:-0.0482070915584298	D:0.0583425462825857	D:14.285456534419
S:ANKRD11	D:-0.0717692419179495	D:-4.60715049514193	D:0.00000542850611703196	D:0.000243858478236601	D:-0.0640541221927655	D:-4.03668196225589	D:0.0000643296211421781	D:0.00246243115888424	D:0.447658155343135	D:0.639424823604736	D:0.985040961253285	D:-0.00832755487626277	D:-0.0177133015317343	D:0.0195731760675499	D:13.6786417425447
S:YY1	D:-0.0779830453930137	D:-4.62599582018919	D:0.00000497942378512878	D:0.000231673619488575	D:-0.0688633983202804	D:-4.03371553897818	D:0.00006511696244222	D:0.00246243115888424	D:0.229115345478224	D:0.795335184093797	D:0.99041042631924	D:-0.00462989455696251	D:-0.0142603624809361	D:0.0149931271486732	D:13.1991330449943
S:SLBP	D:-0.0869156667761326	D:-3.83356918567929	D:0.000145731181654072	D:0.00229841244608734	D:-0.0915564578015206	D:-4.03367586446273	D:0.0000651275545269882	D:0.00246243115888424	D:1.16074233848324	D:0.31424684019421	D:0.956911684216668	D:-0.0273872632637242	D:-0.0365140699825097	D:0.0456436139647613	D:14.4581077104611
S:TRIM4	D:-0.0905112141480752	D:-6.00919949129028	D:0.00000000406173676147352	D:0.00000221448449110823	D:-0.0693059482118654	D:-4.03361063720369	D:0.0000651449721001322	D:0.00246243115888424	D:1.89786389980934	D:0.151159471749454	D:0.896995820666894	D:0.0257677162516202	D:-0.0369339178300221	D:0.0450343145512268	D:9.67317623824916
S:FOXJ3	D:-0.069430759635085	D:-3.76958607446718	D:0.000187047868449187	D:0.00273662006449326	D:-0.0739027156898856	D:-4.03327256248943	D:0.0000652353187853045	D:0.00246243115888424	D:1.90097290945551	D:0.150694405262566	D:0.895719481043541	D:0.0021489473960225	D:-0.0463052612106115	D:0.0463550988640283	D:11.8228605360981
S:LSG1	D:-0.0890495638710016	D:-6.82389176322708	D:0.0000000000312464544246872	D:0.000000101764494318802	D:-0.0662466977106602	D:-4.03233186105614	D:0.0000654873374092001	D:0.00246568027035294	D:5.86231773640676	D:0.00308028238461878	D:0.619506875420677	D:-0.0215349419011055	D:-0.0697038798641004	D:0.0729546749070471	D:13.1445653345852
S:GCC1	D:-0.0593291919458132	D:-3.92818220366761	D:0.000100114154185638	D:0.00176087370561795	D:-0.0608043380842245	D:-4.02277679408031	D:0.0000681001311767934	D:0.00253287795072261	D:0.466655802182069	D:0.62741756228194	D:0.984208797062414	D:0.00525956447686492	D:0.0181832867921563	D:0.0189286802776133	D:1.07551030849823
S:HUS1B	D:-0.132293977810666	D:-3.75253088177216	D:0.000199798691604707	D:0.00284360250010749	D:-0.140909986885526	D:-4.02200028490069	D:0.0000683167582712742	D:0.00253287795072261	D:0.514091364555907	D:0.598416012799376	D:0.984208797062414	D:-0.0441267943135513	D:-0.0209533623068196	D:0.048848923922143	D:16.3066370097988
S:APOC4	D:-0.234075815825831	D:-3.97385281314041	D:0.000083293139413668	D:0.00154865008304708	D:-0.238016226069384	D:-4.021564404593	D:0.0000684386447971721	D:0.00253287795072261	D:0.00793761376169448	D:0.992093953315484	D:0.998940164677581	D:-0.0103202161497344	D:-0.00170581000574967	D:0.0104602413525193	D:17.3743026900299
S:TEK	D:-0.270873931486968	D:-3.84957832387547	D:0.000136833904264189	D:0.00220463180727239	D:-0.285198342134163	D:-4.01690805141547	D:0.000069753665094838	D:0.00256012547691448	D:0.0977555882886346	D:0.906890957950688	D:0.993153374165297	D:0.0397416893644426	D:0.0171771250524052	D:0.043294982372162	D:4.44167117757656
S:RELL1	D:-0.122471828872399	D:-4.03365627155888	D:0.0000652899084403613	D:0.00129525898561736	D:-0.124645397542956	D:-4.01622611994762	D:0.0000699482544717888	D:0.00256012547691448	D:0.820694189172486	D:0.4408238729539	D:0.966218251830967	D:-0.0182507068155685	D:0.0491286058338703	D:0.0524090470286155	D:22.6413701913135
S:ABCA5	D:-0.102304626843892	D:-4.33307642713047	D:0.0000184379576052088	D:0.000551823037948464	D:-0.0957663753209047	D:-4.01430156086506	D:0.0000705002115808461	D:0.00257503670000245	D:0.635452756150412	D:0.530199265956517	D:0.975430279911244	D:-0.0187914465509878	D:-0.0298802193647169	D:0.0352979598951871	D:14.1443653564635
S:ZNHIT6	D:-0.0864574842621729	D:-4.90677327366513	D:0.00000132906815292115	D:0.000102249294394615	D:-0.0743952739352414	D:-4.0115612202151	D:0.0000712932717742252	D:0.00259914519354502	D:2.90488724459752	D:0.0558454682790244	D:0.83656058396868	D:-0.0132471779514254	D:-0.0563503310825385	D:0.057886505653636	D:12.8819483023547
S:KRAS	D:-0.0800932854389172	D:-3.63474103324034	D:0.000312934511964834	D:0.00391139986803793	D:-0.0881082291005291	D:-4.01032223971225	D:0.0000716546087041984	D:0.0026074538336848	D:2.05674457687866	D:0.129143315224006	D:0.891097995336264	D:-0.0343296578157571	D:-0.0476512526476232	D:0.0587296116506366	D:14.3846880102127
S:BPTF	D:-0.0872449101167636	D:-4.50148428565753	D:0.0000087620126864525	D:0.000328634337631417	D:-0.0790610874444876	D:-4.00802912212539	D:0.0000723279657689607	D:0.00262156082944749	D:1.4552422969221	D:0.234506781144497	D:0.932707338252518	D:-0.0150637889181619	D:-0.0410346042518464	D:0.0437122006158074	D:13.3438779011084
S:ANKHD1	D:-0.0695518681667533	D:-4.03689150075729	D:0.000064429860665734	D:0.00128471827272358	D:-0.0687413338109881	D:-4.00778569323416	D:0.0000723997984731104	D:0.00262156082944749	D:0.914969613628294	D:0.40131807060819	D:0.963711209598891	D:-0.0167260917868143	D:-0.0254929125777594	D:0.0304901744527351	D:14.2179454490098
S:ATAD5	D:-0.115745164488234	D:-4.74904803758471	D:0.00000281326242377728	D:0.000162537453850594	D:-0.102912161988233	D:-4.00690251671285	D:0.0000726609813274641	D:0.00262156082944749	D:2.13053116326541	D:0.120043920558316	D:0.888724539846668	D:-0.0286531884115111	D:-0.0628534149396029	D:0.0690764574635632	D:13.6337981202887
S:BRD7	D:-0.0737589686277964	D:-4.03601483639363	D:0.0000646618425910005	D:0.00128802962902216	D:-0.0733165259573062	D:-4.00352609636179	D:0.0000736677629510791	D:0.00265044810011109	D:2.39830087056612	D:0.0921039286547236	D:0.866885347683666	D:0.0169999532277068	D:-0.0499509159173997	D:0.0527644995307579	D:10.7469905115517
S:SATB1	D:-0.0973671077333213	D:-4.84991911799118	D:0.00000174560360855045	D:0.000118440417064876	D:-0.0845712734939971	D:-4.00157467340692	D:0.0000742556612769412	D:0.00266244014130772	D:3.25381747462792	D:0.0395930432465749	D:0.813813159090897	D:-0.0290971723749737	D:-0.063933264924519	D:0.0702432046829276	D:13.6314087161831
S:ACSBG2	D:-0.236970957930434	D:-4.2368855450882	D:0.0000279046050494692	D:0.000722230314267122	D:-0.223279539111307	D:-3.99993343936729	D:0.0000747535546758478	D:0.00267538317201601	D:0.0131965503183328	D:0.98689054768046	D:0.998940164677581	D:0.000633307600845803	D:-0.0117516653680213	D:0.0117687177483037	D:11.7943509272422
S:TRAPPC10	D:-0.0976401337275914	D:-4.18295568187821	D:0.0000350837451143019	D:0.00083694130582519	D:-0.0939413176295894	D:-3.99440986083552	D:0.000076452592815847	D:0.00270644948589577	D:2.08929993979322	D:0.125046119854622	D:0.888724539846668	D:0.0208536831568432	D:-0.0597448255023919	D:0.0632796987628518	D:10.7172447439892
S:NUP153	D:-0.0727754583049014	D:-3.63691651894898	D:0.000310385278430761	D:0.00390298502304729	D:-0.0799250900149531	D:-3.9939129114921	D:0.0000766072368146737	D:0.00270701991789428	D:0.746093716704318	D:0.474836842834945	D:0.967850917475504	D:-0.0084746982564575	D:-0.0305256356292869	D:0.0316801979335672	D:13.0344011149552
S:SLC24A1	D:-0.161645730781285	D:-4.56292659853487	D:0.00000664028385370559	D:0.000277853933159017	D:-0.14507950115018	D:-3.99177964343077	D:0.0000772744595662627	D:0.00272370268755903	D:1.00836421960945	D:0.365688327575644	D:0.959270072771647	D:-0.0437126282675177	D:-0.0525763269502597	D:0.0683744398560953	D:14.6493711403389
S:LCORL	D:-0.135309575055228	D:-3.80771003094426	D:0.000161266781457819	D:0.00246004229232414	D:-0.141131832940937	D:-3.98779102037477	D:0.0000785368017100512	D:0.00275527404347596	D:1.24531510822761	D:0.288900748602602	D:0.948286990928089	D:-0.0303893141876842	D:-0.0661333762005773	D:0.0727814115312754	D:13.6453010862636
S:SHISA2	D:-0.171113201236867	D:-3.7460985758619	D:0.000204817075971595	D:0.00289813937839314	D:-0.181070412907921	D:-3.9869070997602	D:0.0000788191860810524	D:0.00276022529607499	D:1.68983009981962	D:0.185791265926272	D:0.921744746511297	D:0.0940099863710939	D:-0.0673700094536013	D:0.115657233717877	D:8.37509143240858
S:TAGAP	D:-0.0847378253494617	D:-4.12721167783362	D:0.0000443373312531432	D:0.000985504881911705	D:-0.0816504200178748	D:-3.98489603819578	D:0.0000794652490985684	D:0.00277291148684843	D:1.0848900746273	D:0.338875054211944	D:0.95707960515839	D:-0.0423108488438351	D:-0.00385205670764953	D:0.0424858361194035	D:17.6532019112867
S:PSME2	D:-0.113493986512831	D:-4.68582682818247	D:0.00000377816939989212	D:0.000194800021750111	D:-0.0991839137367338	D:-3.98215893095831	D:0.000080352633301863	D:0.00278693482180912	D:2.20172139076171	D:0.111875587907973	D:0.880003764027248	D:-0.0302341363253312	D:-0.061132939580365	D:0.0682007280098627	D:13.7543553834568
S:KIF16B	D:-0.113847301276077	D:-4.42613670051769	D:0.0000122582123515945	D:0.000412996082004326	D:-0.103613084163649	D:-3.98073420048077	D:0.000080818250202562	D:0.00279250590493573	D:3.06983643198671	D:0.0474620794941948	D:0.826061255087532	D:0.0425161245274141	D:-0.0748441498193298	D:0.0860771026871192	D:10.0267156735078
S:ZCCHC11	D:-0.11379228770365	D:-4.44983835698042	D:0.0000110350935831981	D:0.000383013789892138	D:-0.103904914010239	D:-3.98043026663455	D:0.000080917909662207	D:0.00279250590493573	D:3.26295985427797	D:0.0392381475808126	D:0.813813159090897	D:0.00587747948650826	D:-0.0863780277063074	D:0.086577759474047	D:11.7404922693249
S:GMEB1	D:-0.0710750557018689	D:-4.99557856739154	D:0.000000863666641942194	D:0.0000774170176614331	D:-0.0596834435931106	D:-3.98009762890379	D:0.0000810271146869947	D:0.00279250590493573	D:3.38290464439396	D:0.0348675123649164	D:0.783033055219047	D:0.0346372759291838	D:-0.0400613622477377	D:0.0529589806259418	D:9.27687498967296
S:PARM1	D:-0.144611900160097	D:-4.78038005918644	D:0.00000242781187954885	D:0.000148255849807075	D:-0.126226447675052	D:-3.97910279918706	D:0.0000813545523393999	D:0.00279885441419755	D:3.96269779595663	D:0.0197200298102495	D:0.730351563745367	D:0.0607056345215237	D:-0.102769723812628	D:0.119359918713044	D:9.96198905839166
S:ERCC6	D:-0.111975035660903	D:-4.55153930352769	D:0.00000699207093384208	D:0.000287646438143596	D:-0.0991203352297933	D:-3.97857420787907	D:0.0000815290427909254	D:0.00279992798800961	D:0.62002787981982	D:0.538416406427006	D:0.975924385547693	D:-0.0383314741376508	D:-0.00662721390162868	D:0.0389001526174812	D:17.3460649495989
S:CCDC97	D:-0.0837853027640331	D:-4.83200510672574	D:0.00000190114915521504	D:0.000125085372532179	D:-0.0713181581392618	D:-3.97737687580599	D:0.000081925601340893	D:0.00280861083474103	D:1.03276460980564	D:0.356915089043362	D:0.959270072771647	D:-0.00751822551548948	D:-0.0325123911781887	D:0.0333703355545808	D:12.8680216067204
S:RASAL3	D:-0.113632187687869	D:-5.07442688318839	D:0.000000585908921324187	D:0.0000605780223893965	D:-0.0927633197842811	D:-3.97665877124264	D:0.0000821643158314158	D:0.00280867829787313	D:0.760885917539795	D:0.467889164355709	D:0.967692421145506	D:-0.0212247028709043	D:-0.0313406821980741	D:0.037851372136276	D:14.2737900688503
S:GVINP1	D:-0.097008916843956	D:-4.7237717878501	D:0.00000316653097707433	D:0.000174794298935055	D:-0.0856532158984359	D:-3.97650645391319	D:0.0000822150343576805	D:0.00280867829787313	D:2.61776245820694	D:0.0741449339156071	D:0.850339905642804	D:-0.036212168834794	D:-0.0537597147979373	D:0.0648184241313779	D:14.2642621971249
S:HMGN2P46	D:-0.0999336866897636	D:-4.22563277251922	D:0.0000292758619045212	D:0.000745866515614405	D:-0.0945913616272177	D:-3.97321056782376	D:0.0000833197967984702	D:0.00284145226743264	D:1.04218778510279	D:0.353583836680241	D:0.959270072771647	D:-0.0338035426891237	D:-0.0312339554152742	D:0.0460243356195257	D:15.1508360311649
S:FAM78A	D:-0.0873539620228432	D:-4.67087508979679	D:0.00000404914164690812	D:0.0002023638795965	D:-0.0751332605385267	D:-3.97236156872259	D:0.0000836066487128331	D:0.00284626746079698	D:0.19786363392032	D:0.820557441040048	D:0.990538766746216	D:0.0164002148614674	D:0.00300730225642677	D:0.016673659297341	D:5.30727513668139
S:UST	D:-0.157968055100754	D:-4.53123219114809	D:0.00000766427821214863	D:0.000306198121336288	D:-0.140813993229571	D:-3.96907138373223	D:0.000084727178230418	D:0.00287439894062603	D:3.62013079704744	D:0.0276101525735853	D:0.760239372616719	D:-0.123499217232686	D:-0.0469568165450983	D:0.132124938134843	D:16.6121478569713
S:TINF2	D:-0.0645382161372359	D:-3.84696533168971	D:0.00013825015617805	D:0.00222349489866277	D:-0.0662408292545728	D:-3.96526519213526	D:0.0000860412084630488	D:0.00291154269261924	D:1.5862674174629	D:0.205900389589171	D:0.927138374549935	D:-0.0232731232614996	D:-0.0316005860306264	D:0.03924583167451	D:14.4247208830887
S:PEX12	D:-0.125196208634931	D:-4.18951522779225	D:0.0000341246801351425	D:0.000823416897736846	D:-0.119116175782822	D:-3.9643151397539	D:0.0000863722006651114	D:0.00291502447875119	D:0.995072393952013	D:0.370558277825766	D:0.959270072771647	D:-0.00563240596775296	D:-0.0545655801076982	D:0.0548555059175941	D:12.3928901708667
S:FOXP1	D:-0.086371026231293	D:-4.66451982074255	D:0.00000416989540507054	D:0.000204733482689657	D:-0.0776511185481438	D:-3.96358096520757	D:0.0000866288090209156	D:0.00291864406392708	D:4.59363804714402	D:0.0106246180070376	D:0.70858587193011	D:0.00571374331394219	D:-0.0768999589359843	D:0.0771119351787626	D:11.7167116578401
S:NDC80	D:-0.153554251221272	D:-3.99108358684104	D:0.0000776731142775209	D:0.00147934729639087	D:-0.153940745052873	D:-3.96286789014756	D:0.0000868787345749767	D:0.00292202642397524	D:0.159286991205091	D:0.852802592692414	D:0.990866818204712	D:0.017354776078948	D:-0.0239105989508236	D:0.0295449656445486	D:9.60180852230742
S:NSUN2	D:-0.0876782820518735	D:-4.30099434872242	D:0.0000211888342280798	D:0.000602694337192004	D:-0.0829210775061769	D:-3.96220260507093	D:0.0000871125265700167	D:0.00292485546684655	D:5.3077955366171	D:0.00528731817490339	D:0.641735928296815	D:-0.0119360760351031	D:-0.0874236858249986	D:0.0882347479984152	D:12.5183067382938
S:DLG5	D:-0.182845675815882	D:-4.21900736054681	D:0.0000301130497646182	D:0.000755719692021891	D:-0.171692758295074	D:-3.96107564646013	D:0.0000875099197916576	D:0.00292876630711758	D:0.640528242503093	D:0.527523096984022	D:0.97536435694998	D:0.023035438060213	D:0.059459699126312	D:0.0637658782329348	D:1.41179977863728
S:IFFO2	D:-0.113186004279971	D:-5.29564732029955	D:0.000000192112043353183	D:0.0000293286049934731	D:-0.0910979385514642	D:-3.96102233498122	D:0.0000875287612382512	D:0.00292876630711758	D:2.81541683844736	D:0.0609996348121754	D:0.83656058396868	D:0.0179064502970274	D:-0.0691792115411511	D:0.0714591090883118	D:11.0325317310328
S:C9ORF3	D:-0.2045242457635	D:-4.09322679048896	D:0.0000510733566524448	D:0.00108518152291619	D:-0.197344866244986	D:-3.95940786766391	D:0.0000881011747393883	D:0.00293224888359314	D:0.949141571323746	D:0.387893926178405	D:0.960227634080898	D:0.0969156331892243	D:-0.0056476790804569	D:0.0970800506564768	D:6.22233952036845
S:PHACTR2	D:-0.0675505403856786	D:-4.08379782749187	D:0.0000531082281300685	D:0.00111590095256953	D:-0.0654040401141376	D:-3.95929669418311	D:0.0000881407219115385	D:0.00293224888359314	D:0.529539047896079	D:0.589265254119641	D:0.98356384787094	D:-0.0230648870937857	D:-0.00562127104046771	D:0.0237400022063917	D:17.0868765043338
S:DKC1	D:-0.0802257796956197	D:-4.56449521785392	D:0.00000659317700980053	D:0.000277069402039811	D:-0.0720996155147633	D:-3.95867611249734	D:0.0000883617876243193	D:0.00293224888359314	D:1.8613051420407	D:0.156737571266082	D:0.902291892370149	D:-0.00482082575708138	D:-0.0452189808644792	D:0.0454752305261037	D:12.4056903829355
S:LONRF1	D:-0.0746673361740373	D:-3.90293676456608	D:0.000110745409609444	D:0.00191004064358177	D:-0.0758387557168311	D:-3.95783317228854	D:0.000088662904682816	D:0.00293224888359314	D:0.0354149396117917	D:0.965207686035751	D:0.996760838460121	D:0.00418148547569403	D:-0.00547217645260217	D:0.00688691047653837	D:9.50768418293629
S:ZNF135	D:-0.107933459901883	D:-4.35303694897377	D:0.0000169024522711644	D:0.000514471681979477	D:-0.100744403201899	D:-3.95742481137815	D:0.0000888091298700636	D:0.00293224888359314	D:2.54641734980042	D:0.0795597582561784	D:0.858260180148023	D:-0.027660737415838	D:-0.0693887271757822	D:0.0746988075772504	D:13.4489286319334
S:SERPINF2	D:-0.20871282831232	D:-3.93879624836282	D:0.000095939588171724	D:0.00171838266953589	D:-0.209890826380022	D:-3.95728762624035	D:0.0000888583041757529	D:0.00293224888359314	D:1.0361036105294	D:0.355731103758059	D:0.959270072771647	D:-0.0560477540201879	D:-0.0833102308052628	D:0.100408890480543	D:14.2620713912087
S:SMARCE1	D:-0.0788619176197091	D:-5.50488152110307	D:0.00000006458200717675	D:0.0000146743837469869	D:-0.0634191905066756	D:-3.9569391085079	D:0.0000889833472171709	D:0.00293224888359314	D:5.35913795256243	D:0.00502903748956073	D:0.627240251963999	D:0.00990133736410696	D:-0.0676051668181897	D:0.0683263862802147	D:11.4445197504962
S:ZNF234	D:-0.0789722969617933	D:-4.55939735216693	D:0.00000674745408765113	D:0.000281735043433314	D:-0.0705176472933829	D:-3.95606147610712	D:0.0000892989681949708	D:0.00293769551767327	D:1.82718112736004	D:0.162130672433739	D:0.903674799157557	D:0.0100097985729648	D:-0.0434114566094206	D:0.0445505402034918	D:11.1343797650185
S:PIK3R4	D:-0.0936510452299813	D:-4.17606575609508	D:0.0000361187523277385	D:0.000852395885419209	D:-0.0888385404771819	D:-3.95539211396952	D:0.0000895404024856477	D:0.00294068740331435	D:0.427355453428293	D:0.65251227526888	D:0.985706471962942	D:0.00842746989572804	D:-0.0259578563699284	D:0.0272916206218179	D:10.8008983427526
S:ZNF284	D:-0.109295313887659	D:-4.9871912587429	D:0.000000899796546291696	D:0.0000799223832322092	D:-0.0906297690027347	D:-3.9522187200852	D:0.0000906934689034405	D:0.00297355885208411	D:0.278945154120907	D:0.75672012184304	D:0.989044741352382	D:-0.0218039333280455	D:-0.0091405379620941	D:0.023642354849091	D:16.4837222199177
S:RNF216L	D:-0.0542740231421364	D:-4.19165501813078	D:0.0000338172663924358	D:0.000818863943710766	D:-0.0509696418231894	D:-3.94782410568005	D:0.0000923135320281889	D:0.00299849131790875	D:0.640536583665007	D:0.527518710100165	D:0.97536435694998	D:-0.012442283754955	D:0.01538048139098	D:0.0197830642939131	D:21.4018883232046
S:WHSC1	D:-0.0845347390667983	D:-4.19005011431079	D:0.0000340475867207163	D:0.000823416897736846	D:-0.0807041925356785	D:-3.94756052403941	D:0.0000924115675098059	D:0.00299849131790875	D:3.74392913247501	D:0.024446779352366	D:0.744103606424587	D:0.00438050689240964	D:-0.0724818405596949	D:0.0726140898969028	D:11.7694322244101
S:OBFC1	D:-0.0660685597588557	D:-4.34690300451706	D:0.0000173608012153629	D:0.000525964986898304	D:-0.0609343708726198	D:-3.94724773892429	D:0.0000925280315592334	D:0.00299849131790875	D:2.06826729934803	D:0.127677946396264	D:0.890973605600524	D:-0.0231644678565936	D:-0.0341909933221842	D:0.0412991113153396	D:14.2745146863372
S:PTPRE	D:-0.0940262361102267	D:-4.1732215672546	D:0.0000365544368024367	D:0.000857515305589934	D:-0.088895632574076	D:-3.94638482624435	D:0.0000928500547098248	D:0.00300223133876497	D:0.0329915233195771	D:0.96754924445875	D:0.996772948029338	D:-0.0018531839376936	D:-0.00726285394537822	D:0.00749555455845807	D:12.9542743744813
S:PTTG3P	D:-0.206798542183784	D:-4.39527774243653	D:0.0000140462723425775	D:0.000450530272688363	D:-0.186595318572573	D:-3.94611566748065	D:0.0000929507169516816	D:0.00300223133876497	D:0.00143017882771006	D:0.998570848207447	D:0.999394363384116	D:0.00300283774351725	D:0.00170939389717695	D:0.00345529477897293	D:4.02325956220677
S:TOX2	D:-0.0904700096226504	D:-4.32074272708659	D:0.0000194524767519716	D:0.00057173355287062	D:-0.0834511038974666	D:-3.94415147406829	D:0.000093688440033049	D:0.00302106568760034	D:0.0108214694002784	D:0.989237145249316	D:0.998940164677581	D:0.00140399688110754	D:-0.00385316874458142	D:0.0041009897118109	D:10.6653029067686
S:JUN	D:-0.110830904880838	D:-4.67593372112607	D:0.00000395543581916426	D:0.000198697098566295	D:-0.0956246378698503	D:-3.94281053710596	D:0.0000941952603977839	D:0.00302828881618059	D:3.01873454813691	D:0.0499144020200351	D:0.832973145363817	D:0.0841262429139992	D:-0.00429466361358111	D:0.0842357933563816	D:6.19482836341518
S:SWAP70	D:-0.127478843066211	D:-5.01956883844079	D:0.000000767896323842335	D:0.0000724663282398855	D:-0.106555876360613	D:-3.94273896757251	D:0.0000942223837182232	D:0.00302828881618059	D:3.94348479906653	D:0.0200955055264254	D:0.730351563745367	D:0.0243113114534326	D:-0.0963257015176859	D:0.0993462663488674	D:11.0556755489333
S:MST4	D:-0.135750760720382	D:-3.67041701494368	D:0.000273512190142078	D:0.00357266156922884	D:-0.145064574952453	D:-3.94064893159551	D:0.0000950177345253378	D:0.0030488367000979	D:2.01507215032125	D:0.134585384643377	D:0.892651935358644	D:-0.0193283149471219	D:-0.0936936552500103	D:0.0956665291144344	D:12.7770790665335
S:PVRIG	D:-0.0939796027547395	D:-4.93289720395006	D:0.00000117155954218175	D:0.0000953893542240564	D:-0.0781322976353149	D:-3.93837132002801	D:0.000095891708809053	D:0.00307183587186509	D:0.685632907830252	D:0.504328887340741	D:0.971534152892322	D:-0.0113978049158332	D:-0.0279831579563765	D:0.0302153452091964	D:13.4774354996066
S:VEZF1	D:-0.0569687722575726	D:-4.4263762956929	D:0.0000122452222702353	D:0.000412996082004326	D:-0.0508613436388234	D:-3.93770615099955	D:0.0000961483838719502	D:0.00307234025172112	D:0.203643154955793	D:0.815833150574055	D:0.990538766746216	D:-0.0116408889498071	D:0.0000626710206636867	D:0.0116410576494824	D:18.0205640096496
S:ITPR1	D:-0.11020069019876	D:-5.00806596420345	D:0.000000812460037348885	D:0.0000745365332856083	D:-0.0912436397532604	D:-3.93690524922072	D:0.0000964582992783415	D:0.00307234025172112	D:1.7392849019759	D:0.176896664037806	D:0.914741780794853	D:-0.0146527387930947	D:-0.0540616436544095	D:0.0560121778612028	D:13.0109981293616
S:JMY	D:-0.101852574878112	D:-4.34039928521875	D:0.0000178597541777922	D:0.000536094403054128	D:-0.0941349584570162	D:-3.93631892629137	D:0.0000966857815353998	D:0.00307234025172112	D:3.44956800979366	D:0.0326534093083688	D:0.777497218447519	D:-0.063577152696829	D:-0.0553916053495732	D:0.084322501672085	D:15.2623990469937
S:RIPK4	D:-0.120894295211367	D:-3.77636568786568	D:0.000182195766382434	D:0.00269107140656019	D:-0.125721316868663	D:-3.93629884830441	D:0.0000966935804108538	D:0.00307234025172112	D:0.104163545866873	D:0.901100967095205	D:0.992612422987167	D:-0.0184376729902473	D:0.00881067492444638	D:0.0204346709765428	D:19.7027594965863
S:RPGRIP1L	D:-0.211153237818509	D:-4.71309605131998	D:0.00000332823553011653	D:0.000179660360480683	D:-0.180390698401165	D:-3.93570684422795	D:0.0000969238001254012	D:0.00307465580884815	D:1.52976877018683	D:0.2177786104028	D:0.927826835934733	D:-0.0985587798361259	D:-0.0490076647747841	D:0.110070814885071	D:16.2374306031054
S:POP1	D:-0.0857183087320763	D:-6.02705891709596	D:0.0000000036697158955784	D:0.00000217302782774235	D:-0.0646617131520265	D:-3.93258975692786	D:0.0000981445705916882	D:0.00310833558173773	D:3.9762484151321	D:0.0194594590865887	D:0.730351563745367	D:0.022136560744015	D:-0.0570350633252293	D:0.0611802727199413	D:10.5858448998708
S:SSRP1	D:-0.0835562412145175	D:-4.49305736859042	D:0.0000090994252529138	D:0.000336764903157554	D:-0.0759508011073943	D:-3.93191109694325	D:0.0000984122840271672	D:0.00311177094203053	D:4.11281865649721	D:0.0170188158775976	D:0.724372592619191	D:0.0198928042530731	D:-0.0698691894876145	D:0.0726459035370011	D:10.940503555627
S:MAF	D:-0.11020377924185	D:-4.72584547239404	D:0.00000313601065087852	D:0.000173599955039142	D:-0.09388421536893	D:-3.93010757866173	D:0.0000991270906816602	D:0.00312728951230698	D:0.810426634601756	D:0.445355849538734	D:0.967558273005476	D:0.0428251061353691	D:0.00213856209078764	D:0.0428784696942625	D:5.80941260383602
S:KIAA0090	D:-0.0809001083647686	D:-4.01805871257558	D:0.0000695915895127007	D:0.0013603676479096	D:-0.0795953217014002	D:-3.92939192072345	D:0.0000994120955117711	D:0.00312728951230698	D:1.48114991888697	D:0.228550011979916	D:0.93028611335474	D:0.00824460668264567	D:-0.0447228236744036	D:0.0454764169296936	D:11.3036568455201
S:BTG1	D:-0.0792210953021275	D:-3.76812671608961	D:0.00018810814007688	D:0.00274725049719156	D:-0.0822937564364942	D:-3.92898107616995	D:0.0000995760615135529	D:0.00312728951230698	D:1.56132162528761	D:0.211062540614398	D:0.927560151843468	D:-0.0512778956729137	D:0.0104486574770719	D:0.0523316063934158	D:18.7678147696888
S:DKK3	D:-0.154444901705531	D:-4.54241853736061	D:0.00000728667298251058	D:0.000296026770792597	D:-0.13631421041842	D:-3.92847453314461	D:0.0000997785729729026	D:0.00312728951230698	D:0.060069621611707	D:0.941706980724372	D:0.996760838460121	D:0.00696227161926476	D:-0.0143685560474273	D:0.0159664845532283	D:10.2765020736837
S:DNAJA3	D:-0.0863086332494248	D:-4.15046311660065	D:0.000040225553051915	D:0.000920782525893577	D:-0.0815505398586571	D:-3.92784298377699	D:0.0001000316073739	D:0.0031275482235094	D:2.37127894996778	D:0.0945982478246756	D:0.867885582684249	D:-0.0507132932677386	D:-0.0345077460246344	D:0.0613402204899879	D:15.71778394726
S:LSM14A	D:-0.0638396842192129	D:-3.87268568616894	D:0.000124892984104933	D:0.002076523933008	D:-0.0648412778163486	D:-3.92513996206017	D:0.000101121475371449	D:0.00314683947383693	D:0.762171272345674	D:0.467290296765439	D:0.967692421145506	D:0.00395059623854395	D:-0.0262675298334103	D:0.0265629504044467	D:11.429793837266
S:MRAP2	D:-0.19631466462014	D:-3.64442880690387	D:0.000301731615583079	D:0.0038138017465129	D:-0.215018235950718	D:-3.92511465369873	D:0.000101131732744977	D:0.00314683947383693	D:0.158480765479166	D:0.853489906040861	D:0.991098228766629	D:-0.0406278337685831	D:-0.0135307855932304	D:0.0428217589024271	D:16.772004134222
S:SIGLECP3	D:-0.136301319240584	D:-4.40676116448188	D:0.0000133535220522037	D:0.000437820762453207	D:-0.122994335964266	D:-3.9241978327739	D:0.000101503981712022	D:0.00314729225104792	D:0.110278512147519	D:0.895610346364879	D:0.992428805633076	D:-0.00222789034841059	D:-0.0189170608718973	D:0.0190478000681341	D:12.4477912312364
S:SNRNP48	D:-0.0507175112088167	D:-4.17578380399908	D:0.0000361617209463448	D:0.000852395885419209	D:-0.04776461108823	D:-3.92418741046951	D:0.000101508220842778	D:0.00314729225104792	D:2.49521082331759	D:0.0836894785438798	D:0.860742263980279	D:0.0271617037443419	D:-0.0255032675109564	D:0.0372582179395473	D:8.87975561468099
S:POLD3	D:-0.0824015944568292	D:-4.7066448613052	D:0.00000342977289205283	D:0.000183518334976728	D:-0.0710299653962704	D:-3.92372371315277	D:0.000101696993224735	D:0.00314729225104792	D:1.43675112530681	D:0.238853505709004	D:0.932707338252518	D:-0.0167486671261644	D:-0.0363135741502287	D:0.0399899177051818	D:13.6506835484667
S:KATNAL1	D:-0.0737053711465205	D:-4.26533708172455	D:0.0000247055682094032	D:0.000666811475662912	D:-0.069514674636436	D:-3.92114488030223	D:0.000102752924648813	D:0.00316935066414535	D:0.0874714762339712	D:0.916261534384815	D:0.993836342604036	D:-0.00152759501323696	D:0.0095397917400404	D:0.00966132356190442	D:23.3935020011854
S:LRCH1	D:-0.086518708093334	D:-4.5542827671771	D:0.00000690571672395022	D:0.000285295159625182	D:-0.0762574604068779	D:-3.91994318250876	D:0.000103248512268945	D:0.00317460815246683	D:1.68907516750002	D:0.1859304690557	D:0.921744746511297	D:-0.0121045307686788	D:-0.0447220098077049	D:0.0463311755340866	D:13.0096600348759
S:SLC18A2	D:-0.16134740136366	D:-3.99261844327168	D:0.000077190347099682	D:0.00147302399675281	D:-0.15876757509106	D:-3.91595846921236	D:0.000104908081740637	D:0.00320815152628135	D:1.08629168879526	D:0.338402831079902	D:0.95707960515839	D:-0.0621272050064523	D:-0.0510711412830295	D:0.0804241945801443	D:15.3718917383533
S:LETM1	D:-0.111305634418303	D:-4.98860103747973	D:0.000000893623198553605	D:0.0000797364882325845	D:-0.0898863090025895	D:-3.91447212107951	D:0.000105533566472591	D:0.00322223659756391	D:0.692939263142074	D:0.500669363878015	D:0.971534152892322	D:-0.0362495733717363	D:0.0117896352903461	D:0.0381185921816673	D:19.2010897680027
S:TNNT3	D:-0.100821886184566	D:-3.80319942004634	D:0.000164132000103584	D:0.00248373840757916	D:-0.104668798795821	D:-3.9139813999189	D:0.000105740845962055	D:0.00322250329553427	D:0.0441345566158812	D:0.956829596370711	D:0.996760838460121	D:0.00506241770303286	D:-0.00929933706963306	D:0.0105879999496898	D:10.0957866339235
S:SLC26A9	D:-0.192783354757714	D:-3.51147338499147	D:0.00049415893770806	D:0.00537061168061913	D:-0.214661891923254	D:-3.91367108554467	D:0.000105872120962745	D:0.00322250329553427	D:0.272957489608135	D:0.761258775175091	D:0.989044741352382	D:-0.031985214007861	D:-0.0428572242862778	D:0.053477056656598	D:14.4489816668706
S:C5ORF53	D:-0.116056835040513	D:-4.09918044305792	D:0.0000498269266232356	D:0.00106570034562969	D:-0.111623625541755	D:-3.91214342273589	D:0.000106520634682557	D:0.00323720019025171	D:4.14928712318772	D:0.0164207876846507	D:0.724372592619191	D:-0.0240891025650621	D:-0.103674941023135	D:0.106436733595787	D:12.8720466343177
S:RORA	D:-0.157197023918417	D:-5.27295871778466	D:0.000000215772860631364	D:0.0000312327219970184	D:-0.123432696993041	D:-3.90856414076202	D:0.000108054851552066	D:0.00327364318477353	D:0.0515477396162127	D:0.949764258424049	D:0.996760838460121	D:-0.00547037567851374	D:-0.0120250214364896	D:0.0132108345918079	D:13.6307701117138
S:CHD6	D:-0.119859102100828	D:-6.16130018639466	D:0.00000000169826282623782	D:0.00000122910199583382	D:-0.0901164762986326	D:-3.90691169186448	D:0.000108770192303403	D:0.00328892679726133	D:2.74012797378353	D:0.065705529745409	D:0.847670464859297	D:0.0146316935690168	D:-0.0689950268507162	D:0.0705294278073249	D:11.2017826978123
S:NAA16	D:-0.0898978848080255	D:-4.51825382069424	D:0.00000812591384892812	D:0.000316311718171124	D:-0.0802203615073034	D:-3.90652167215227	D:0.000108939683639628	D:0.00328892679726133	D:2.62523584793535	D:0.0735996029708468	D:0.850339905642804	D:-0.0361746999388365	D:-0.05036543211254	D:0.0620103674198737	D:14.3791729009191
S:GLMN	D:-0.0959639651701495	D:-4.62215635830251	D:0.00000506791917322323	D:0.000234118696368688	D:-0.0839679302973412	D:-3.9062353897544	D:0.000109064252833803	D:0.00328892679726133	D:0.282666752813595	D:0.753912858307073	D:0.988887668865741	D:-0.0204574227382029	D:-0.00884882253071889	D:0.0222891858368515	D:16.4406125617927
S:XYLT1	D:-0.0871581986626538	D:-4.18474250678064	D:0.0000348199795904992	D:0.000835893392110497	D:-0.0810422467627878	D:-3.90570209657466	D:0.000109296662774616	D:0.00329085683710133	D:0.042052459822813	D:0.958823477944514	D:0.996760838460121	D:0.0045576396149708	D:-0.00668159590495759	D:0.00808800362865258	D:9.7134254391689
S:ANKS6	D:-0.147443302089987	D:-4.32534533325852	D:0.0000190677979609123	D:0.000563697186012386	D:-0.134925832953594	D:-3.90524188837363	D:0.000109497599013696	D:0.00329183474204097	D:1.58158983591994	D:0.206858586260492	D:0.927138374549935	D:-0.00685661398980196	D:-0.0792339634222982	D:0.0795300830818832	D:12.3297229061714
S:WWP1	D:-0.0869405301002527	D:-4.63355347484825	D:0.00000480954759095501	D:0.000225033490443306	D:-0.0758968270256793	D:-3.90249937756533	D:0.000110702306228877	D:0.00331784319941486	D:1.5257663564139	D:0.218645736246677	D:0.927826835934733	D:-0.00705998351132694	D:-0.0433941252860698	D:0.0439646844242437	D:12.6160493771995
S:RASGRP1	D:-0.0880830134657902	D:-4.98459981186295	D:0.00000091125202599409	D:0.0000801961387941256	D:-0.0743205243443518	D:-3.90179348532379	D:0.000111014409117834	D:0.00332210194268239	D:1.63275023239967	D:0.196617438390677	D:0.922219662881213	D:-0.00493431394325655	D:-0.0442687669111929	D:0.0445429138913043	D:12.4240057917963
S:DENND4C	D:-0.051168475253382	D:-3.93959793505604	D:0.0000956310732892185	D:0.00171600257405382	D:-0.0511690651756389	D:-3.90003917894727	D:0.000111793668890926	D:0.00333964110192532	D:2.44462403644522	D:0.0879807042249607	D:0.860742263980279	D:0.0264308300877871	D:-0.0293042271369356	D:0.0394629764110943	D:9.19674977264552
S:BRWD3	D:-0.0800891913768028	D:-3.71660724189905	D:0.000229385325363881	D:0.00313236802441341	D:-0.08391809122498	D:-3.89885737141974	D:0.000112321541762852	D:0.00333964110192532	D:1.58198485959142	D:0.206777493249323	D:0.927138374549935	D:-0.0540690631941521	D:0.000450768701680265	D:0.0540709421696685	D:18.0318438977594
S:ETV3	D:-0.0648620662429362	D:-4.48056688691241	D:0.00000962255459602285	D:0.000349532252243623	D:-0.0571589095073955	D:-3.89849519871579	D:0.000112483783644599	D:0.00333964110192532	D:0.538221719137097	D:0.584183745808682	D:0.982115268178959	D:-0.0100355500598281	D:-0.0172122760829623	D:0.0199242242749732	D:14.016277045874
S:MNDA	D:-0.103179298705595	D:-3.37080227444428	D:0.000819189245553072	D:0.0075472781929998	D:-0.12044143685091	D:-3.89767338494145	D:0.000112852753325967	D:0.00333964110192532	D:0.375139822149581	D:0.687421025000684	D:0.986460847631032	D:-0.0361784219566031	D:0.0108514416576476	D:0.0377707823763204	D:19.1130809944568
S:BBX	D:-0.0679062920423211	D:-4.54339191683451	D:0.00000725467369236897	D:0.000295957366644222	D:-0.059577716655921	D:-3.89741777422723	D:0.000112967748240757	D:0.00333964110192532	D:2.35797978848925	D:0.0958506667170548	D:0.867885582684249	D:0.00724196161791919	D:-0.0426615730433948	D:0.0432718825868753	D:11.3577112355396
S:ATAD2	D:-0.142876490218156	D:-4.29284139348292	D:0.0000219480351779451	D:0.00061888391834376	D:-0.131627790327713	D:-3.89583462129904	D:0.000113682456523368	D:0.00335569317662103	D:1.71017280242056	D:0.182079413564632	D:0.921036339683345	D:-0.0556322994706581	D:-0.0616515346475008	D:0.083041341925483	D:14.8041364316249
S:USP34	D:-0.060248532792211	D:-3.72074228258984	D:0.000225780617845004	D:0.00310444292417757	D:-0.0630777208519966	D:-3.89476371433217	D:0.000114168337848888	D:0.00336096754465309	D:3.80482861721063	D:0.0230269250578175	D:0.736744509955438	D:-0.0222989738597612	D:-0.05367587135863	D:0.0581235184869818	D:13.5039889636487
S:CNNM4	D:-0.0948632493142147	D:-4.25867991586305	D:0.0000254211023588518	D:0.000679553708884164	D:-0.0874629251558039	D:-3.89468279788016	D:0.000114205130221056	D:0.00336096754465309	D:0.866143544628107	D:0.421313049919676	D:0.965417982825822	D:0.0118384322342897	D:-0.0369891897750894	D:0.0388374643608906	D:10.8168447100353
S:IARS2	D:-0.0741242040367214	D:-4.12771410801433	D:0.0000442443979309466	D:0.000985504881911705	D:-0.070355268306422	D:-3.89316401964889	D:0.000114897798041253	D:0.00337119800529149	D:3.19341338647035	D:0.0420203007877196	D:0.813813159090897	D:-0.00608039318441049	D:-0.0587896491771673	D:0.0591032489094418	D:12.393659513813
S:TIGD2	D:-0.121895872745218	D:-3.83215048917947	D:0.000146545473662153	D:0.00230381745843292	D:-0.124085670086241	D:-3.89195296475968	D:0.000115452970226024	D:0.0033806887652027	D:1.56986111388519	D:0.209280947947831	D:0.927481751728524	D:0.0077630504409741	D:-0.0730332351511363	D:0.073444662085071	D:11.5955027633737
S:AFAP1	D:-0.14945980875776	D:-3.45084227502074	D:0.000615723911581523	D:0.00625681796995036	D:-0.16755953579056	D:-3.8917043070768	D:0.000115567273688931	D:0.0033806887652027	D:2.81208242592114	D:0.0612006993876776	D:0.83656058396868	D:-0.0533743823409974	D:-0.121765549070146	D:0.132949891427699	D:13.5779754649255
S:TRMT112	D:-0.0886428779357173	D:-5.2089970090558	D:0.000000298709462701696	D:0.0000396673408743624	D:-0.0704157649291905	D:-3.88796382721732	D:0.000117299681059222	D:0.00342112398146007	D:0.637745955153735	D:0.528988438016868	D:0.975430279911244	D:-0.0266986914900097	D:-0.00954514224136122	D:0.0283536570425498	D:16.6884896622483
S:JAKMIP1	D:-0.143930752502049	D:-4.57431929668854	D:0.00000630536883373967	D:0.000269024481179273	D:-0.124432967335726	D:-3.8849064549087	D:0.000118733930911721	D:0.00345264842849097	D:0.128162917242079	D:0.879744111734718	D:0.991098228766629	D:0.0112617057644045	D:-0.0185445445928043	D:0.0216962243461513	D:9.91537229215173
S:XKRX	D:-0.211992447912703	D:-4.1718296710582	D:0.0000367694737688186	D:0.000861525523880677	D:-0.199867047335816	D:-3.88427576749724	D:0.000119031851371567	D:0.00345616851062673	D:1.77129457180194	D:0.171368962258858	D:0.910856895297201	D:-0.0224971987716795	D:-0.123308876250159	D:0.125344337385657	D:12.6893104841161
S:KDELR2	D:-0.0543426337966819	D:-4.13258170598796	D:0.0000433535987074657	D:0.000971528293970858	D:-0.0510289748009506	D:-3.8807038503411	D:0.000120732524717342	D:0.00348017274033121	D:1.93242905603531	D:0.146069079896741	D:0.893013200900893	D:-0.0291398105605879	D:-0.019550716006354	D:0.0350907260664133	D:15.7427487854333
S:MRPS34	D:-0.0780882290509168	D:-5.10940112722641	D:0.000000492483251949345	D:0.0000566772435202658	D:-0.0620361908214949	D:-3.8796092983642	D:0.000121258251571193	D:0.00348017274033121	D:0.296872774307091	D:0.743292882856521	D:0.988887668865741	D:0.00992815255299638	D:-0.0133303692827298	D:0.0166212802855109	D:9.55480709631319
S:LOC100144602	D:-0.230366819550298	D:-3.68806043427023	D:0.000255789641170298	D:0.00340026216197877	D:-0.243829779486394	D:-3.87955718889003	D:0.000121283334331178	D:0.00348017274033121	D:0.747302959265271	D:0.474265009659796	D:0.967850917475504	D:0.0998898773535801	D:-0.0410989456195473	D:0.108014401487727	D:7.49095672412317
S:HTR7P1	D:-0.0552890614656203	D:-3.56592551754525	D:0.000404497496267403	D:0.00466329532422496	D:-0.0609038485336596	D:-3.8777376322442	D:0.000122162257960026	D:0.00349001854210067	D:0.824901524291405	D:0.43898021524911	D:0.966102458322465	D:-0.00870993025867327	D:-0.0247023037792936	D:0.0261928749303214	D:13.2948293183279
S:PTPRK	D:-0.161621169643226	D:-5.29026561607013	D:0.0000001974855642217	D:0.0000298105031019948	D:-0.131127494974438	D:-3.8767132699278	D:0.000122659716464796	D:0.00349401387673261	D:4.63854147548	D:0.0101678131044849	D:0.700649954672319	D:0.029923506475921	D:-0.13130863504989	D:0.13467506776861	D:11.1441521286432
S:LRRC1	D:-0.113558529820883	D:-4.06388752768274	D:0.0000576612100634528	D:0.00118481357082011	D:-0.107745492136317	D:-3.87252418585245	D:0.000124714064436225	D:0.00354220571678527	D:2.46321117974584	D:0.0863788666133085	D:0.860742263980279	D:0.0861948503837716	D:0.0103753925922816	D:0.0868170547998764	D:5.54241675932646
S:ANKRD42	D:-0.183449056586701	D:-4.17366367130069	D:0.0000364863863442836	D:0.000856947686963517	D:-0.172452750039783	D:-3.87009314217836	D:0.000125921141307112	D:0.00356481299978328	D:2.0006819510071	D:0.136517665635266	D:0.892651935358644	D:-0.00803130773799957	D:-0.115103181520415	D:0.115383032981907	D:12.2660890500923
S:C2ORF84	D:-0.158979814127811	D:-3.98596563609944	D:0.0000793036797377662	D:0.00150080019677343	D:-0.157315084990625	D:-3.86982029592262	D:0.000126057304275639	D:0.00356481299978328	D:1.27707981488876	D:0.279920694631616	D:0.946027376996957	D:0.0346126675789999	D:-0.0787289508554416	D:0.0860016538197545	D:10.4178415360267
S:GLS	D:-0.0706880408507627	D:-4.42331976155761	D:0.00001241193087228	D:0.000417330755290909	D:-0.0629824686157842	D:-3.86872602464158	D:0.000126604797150333	D:0.00357230581700563	D:1.46249064015429	D:0.232824673499424	D:0.931229411275448	D:-0.0122435063197019	D:-0.034022228960499	D:0.0361582011505163	D:13.3194782022274
S:USP4	D:-0.0682086878016157	D:-3.93024817039816	D:0.0000992883423198044	D:0.00174949819411298	D:-0.0681024968538855	D:-3.86813656713489	D:0.000126900649676864	D:0.00357314927281785	D:0.939757671831819	D:0.391534721319999	D:0.960227634080898	D:-0.0266528660987449	D:0.020084106287659	D:0.03337284220218	D:20.4666420861871
S:OMA1	D:-0.0869146641107579	D:-4.91671874587584	D:0.00000126683304314195	D:0.000100223419012295	D:-0.072704309065799	D:-3.86592931963423	D:0.000128014300539643	D:0.00358273936849792	D:0.953203426182465	D:0.386328561353618	D:0.960227634080898	D:-0.0235362105129273	D:-0.0252947569297496	D:0.034551091638962	D:14.8625001462949
S:MGAT3	D:-0.169113661824459	D:-4.61228758127742	D:0.00000530237364143053	D:0.000240402977557295	D:-0.144776073026663	D:-3.86563635882956	D:0.000128162804771777	D:0.00358273936849792	D:0.674598968694678	D:0.509906444455903	D:0.971534152892322	D:0.0248958123710939	D:-0.0520830023931279	D:0.0577272952068541	D:10.2968051675719
S:PRKD3	D:-0.0641894205920778	D:-4.71344722416043	D:0.00000332279215640555	D:0.000179660360480683	D:-0.0543565119743603	D:-3.86539131592977	D:0.000128287144150094	D:0.00358273936849792	D:0.354358880560919	D:0.701830696637037	D:0.987553110889477	D:-0.0027077999199388	D:-0.015080249401484	D:0.0153214262527149	D:12.6786344877387
S:SETBP1	D:-0.104798960799071	D:-5.06146750413699	D:0.000000624705750226099	D:0.0000626608569289312	D:-0.0867857869520247	D:-3.86492386167827	D:0.0001285246557145	D:0.00358273936849792	D:4.51283036753628	D:0.0114992580336018	D:0.709441948440271	D:-0.00133605114410658	D:-0.0873855088211206	D:0.0873957217750721	D:12.0583957446311
S:ALDH1L1	D:-0.210198847418561	D:-3.23032439985851	D:0.00133422126460624	D:0.0106372981361365	D:-0.256520363583456	D:-3.86390350325947	D:0.00012904454104735	D:0.00359210737408299	D:0.706465227495985	D:0.493964898221243	D:0.971534152892322	D:0.11137166985718	D:0.00163305682355976	D:0.111383642072639	D:5.94399499812982
S:CNOT2	D:-0.0459720665123631	D:-4.47930609910545	D:0.00000967693303637481	D:0.000349532252243623	D:-0.0414392314185738	D:-3.86252334178411	D:0.000129750915662397	D:0.00360425972128184	D:6.96348781911026	D:0.00105778633406031	D:0.540621307029361	D:-0.00989792725849261	D:-0.050869275497759	D:0.0518232781062846	D:12.734052643862
S:LEMD3	D:-0.103909799333936	D:-3.6839061690786	D:0.000259862522326358	D:0.00344036148291284	D:-0.108327269250514	D:-3.86075506017715	D:0.000130661277027502	D:0.00361650426968046	D:2.98083133186592	D:0.0518152232502097	D:0.83656058396868	D:-0.00373342439116342	D:-0.0886353724205207	D:0.0887139656525901	D:12.1607959169733
S:NAA25	D:-0.217424415832128	D:-4.37577188181987	D:0.000015302510134804	D:0.000476156609146823	D:-0.196895911530383	D:-3.85950725679322	D:0.000131307312985656	D:0.00362924498310141	D:2.34023688068018	D:0.0975475448709235	D:0.867885582684249	D:-0.0488045213980707	D:-0.134777401653553	D:0.143341652374242	D:13.3270621354625
S:ETF1	D:-0.0804669287829819	D:-3.53240814684541	D:0.000457686234862582	D:0.00507584944123139	D:-0.0877828471275391	D:-3.85770720043068	D:0.000132244595334972	D:0.00364373654205711	D:0.968317596572391	D:0.380559376477163	D:0.960227634080898	D:-0.00637211077245454	D:-0.0404803928257849	D:0.0409788481905762	D:12.5963769363151
S:F2R	D:-0.117627080525161	D:-4.46066504270724	D:0.0000105161290071316	D:0.000373628503506108	D:-0.104974110573889	D:-3.85742707885452	D:0.000132391021179088	D:0.00364373654205711	D:0.132618492989893	D:0.875835463137986	D:0.991098228766629	D:0.0151887442595334	D:-0.0119785599431291	D:0.0193438323631241	D:8.55073185492287
S:AGFG2	D:-0.126345414358594	D:-3.99725416660945	D:0.0000757494737792785	D:0.00145834528780382	D:-0.12232604548335	D:-3.85613303014453	D:0.000133069441694078	D:0.00365276325653443	D:0.00227556772878717	D:0.997727031596644	D:0.999316769699436	D:0.000611151698857143	D:0.00270277011478001	D:0.00277100571857293	D:0.849431639666617
S:SLC35F2	D:-0.0947265894143285	D:-4.93820575012039	D:0.00000114183392145882	D:0.0000937503220975919	D:-0.0774808528197904	D:-3.85608848601993	D:0.000133092852906838	D:0.00365276325653443	D:0.28992727019051	D:0.748466212419677	D:0.988887668865741	D:0.00484226930790253	D:-0.0194296350937359	D:0.0200239429665086	D:11.067052175835
S:CDC25C	D:-0.264334661396636	D:-4.31285918008754	D:0.000020128664231527	D:0.000583581940279332	D:-0.237986725272212	D:-3.85539631292835	D:0.000133457141584329	D:0.00365762412861061	D:0.0645207902915122	D:0.937525825039706	D:0.996026904105036	D:0.0311070649141546	D:-0.00401578989282887	D:0.0313652045432	D:6.49039717381525
S:U2SURP	D:-0.0922926340195734	D:-4.21890087823326	D:0.0000301266895289419	D:0.000755719692021891	D:-0.0864527885750838	D:-3.84901619636422	D:0.000136859663155994	D:0.00372765130535752	D:2.9127919560073	D:0.0554116939574558	D:0.83656058396868	D:0.0148586004970057	D:-0.0692433468283882	D:0.070819623613276	D:11.1925890378963
S:HDAC1	D:-0.0726119932088571	D:-4.40169842572222	D:0.0000136548074883915	D:0.000444714321884432	D:-0.0640445171624551	D:-3.84760332737044	D:0.000137624159317229	D:0.00373112189081191	D:0.213659612912115	D:0.807710135973756	D:0.990538766746216	D:-0.0029167923373493	D:-0.0137811032732627	D:0.0140863936111253	D:12.7966920583343
S:MTDH	D:-0.079307118605502	D:-4.85401880912064	D:0.00000171177241114871	D:0.000118404796945695	D:-0.0677907438819417	D:-3.84717388748065	D:0.000137857325887427	D:0.00373112189081191	D:2.93181772355346	D:0.0543814748651292	D:0.83656058396868	D:-0.00991298412149704	D:-0.0543266719865303	D:0.0552236773795906	D:12.6893993246343
S:BCAR3	D:-0.134317650968492	D:-4.27654382439673	D:0.0000235442625532058	D:0.000650331771793488	D:-0.122084551378252	D:-3.84665356314819	D:0.000138140338986507	D:0.0037336104621512	D:0.278983489556874	D:0.756691151321034	D:0.989044741352382	D:-0.0139010213889644	D:-0.0276474717710645	D:0.0309454534784717	D:13.7795359436338
S:PLA2G12A	D:-0.0736779606136686	D:-5.0127837522103	D:0.000000793888280202873	D:0.000073578163043136	D:-0.060358813408359	D:-3.84351705245394	D:0.000139858007815521	D:0.0037696073527215	D:0.842128482261705	D:0.431511795693398	D:0.966078042387016	D:-0.00619637336308233	D:-0.0256575395178111	D:0.0263951582106029	D:12.905142144903
S:KRTAP4-5	D:-0.151145399813895	D:-4.08712229100518	D:0.0000523821290491403	D:0.00110539868655426	D:-0.144705817724915	D:-3.840136899954	D:0.000141731696376085	D:0.00381484721609514	D:0.458053811933886	D:0.632826036049861	D:0.984208797062414	D:-0.0320768879644365	D:0.0370091231513031	D:0.048975523865614	D:21.272238036058
S:ASB3	D:-0.0880123206571255	D:-4.44876494428755	D:0.0000110878630773589	D:0.000383483066185257	D:-0.0771704759339221	D:-3.83963044477036	D:0.000142014470373885	D:0.00381720050285569	D:0.690642745198351	D:0.501816733265382	D:0.971534152892322	D:-0.0160022322193524	D:-0.0265119144716071	D:0.0309669669963316	D:14.0743074499538
S:SMEK2	D:-0.0769487457149003	D:-3.70737660468119	D:0.000237628606692701	D:0.0032179491360929	D:-0.0792738125701372	D:-3.83904967661205	D:0.000142339392555558	D:0.00382067866748373	D:2.02941375233546	D:0.13268696739568	D:0.892106772592489	D:-0.00068480622870936	D:-0.0538934748222618	D:0.0538978254476806	D:12.0485332659458
S:FNBP1	D:-0.0795367594392944	D:-4.17855811608646	D:0.000035741034558791	D:0.000846564310682831	D:-0.0730283252409349	D:-3.83773818495603	D:0.000143075719038255	D:0.00383517506958372	D:0.248863286270827	D:0.779800357833622	D:0.989364001696824	D:0.0169839306023944	D:0.00736590984639668	D:0.0185124424799158	D:4.43691210569957
S:PVRL3	D:-0.180729302807828	D:-4.01927160160944	D:0.0000692476633865376	D:0.0013558803509382	D:-0.173997375201527	D:-3.83434772793688	D:0.000144995982076887	D:0.0038707192428476	D:1.9376643808893	D:0.14531323951539	D:0.893013200900893	D:-0.0394460339766306	D:-0.109104989461964	D:0.116016758797946	D:13.3251367007002
S:MCM3	D:-0.104564352574072	D:-4.99939230669651	D:0.000000847705774313411	D:0.0000766899006289739	D:-0.0859261890936284	D:-3.83386299980475	D:0.000145272500714076	D:0.00387225955573072	D:3.45486704245409	D:0.0324835932255861	D:0.777497218447519	D:0.00679913511893997	D:-0.0762410448985669	D:0.0765436160995213	D:11.6602583099121
S:MREG	D:-0.127953301372063	D:-4.31957226827979	D:0.0000195514785265939	D:0.00057193928426373	D:-0.11497898093328	D:-3.83355230289795	D:0.000145450003270373	D:0.00387225955573072	D:1.17045940095174	D:0.311224606589054	D:0.956911684216668	D:-0.0549686702624106	D:-0.0303122042178265	D:0.0627724815102991	D:16.0750450766046
S:SPACA5	D:-0.164807341770181	D:-3.59371694172587	D:0.000364848800800254	D:0.00432878592376306	D:-0.175030630172919	D:-3.83176131092389	D:0.000146477207547192	D:0.00388730204860678	D:3.80865623618984	D:0.022940503945412	D:0.736744509955438	D:0.107519250880542	D:-0.132574130730015	D:0.170693554209677	D:9.39716815868381
S:LOC100506029	D:-0.170420374801866	D:-4.14061947015595	D:0.0000419199045328735	D:0.000949196818629063	D:-0.15886279675586	D:-3.83118230758031	D:0.000146810752360258	D:0.00388730204860678	D:0.968279964803778	D:0.380573632758049	D:0.960227634080898	D:-0.0634576533446106	D:-0.0455432363205545	D:0.0781092833314622	D:15.6222125292503
S:PSMD7	D:-0.0842648377823254	D:-4.68494243171287	D:0.00000379369977806555	D:0.000195086019376786	D:-0.0712957658501555	D:-3.82967744230033	D:0.000147681015682256	D:0.00389977665871211	D:1.25747477885981	D:0.285429446947492	D:0.948286990928089	D:-0.00820918460748076	D:-0.0373325408914746	D:0.0382244597258525	D:12.8267733556436
S:PRDM10	D:-0.113563531274767	D:-4.06948778001144	D:0.0000563443959369577	D:0.00116654420624541	D:-0.107542843698652	D:-3.82930510308554	D:0.000147897090375401	D:0.00390021193390784	D:0.130850159697196	D:0.877384638907444	D:0.991098228766629	D:-0.018043171986737	D:-0.00812616353437925	D:0.01978864798642	D:16.3836312541711
S:KIAA2018	D:-0.08865334726891	D:-3.64923693723767	D:0.000296312527438062	D:0.003766600813812	D:-0.0927368094186513	D:-3.82661163613377	D:0.000149469073834103	D:0.00392687678568197	D:0.65325075265435	D:0.520874349002505	D:0.972936095379639	D:-0.00821639096533363	D:-0.0349187151742363	D:0.0358723535597353	D:12.8827244094621
S:FOXO1	D:-0.0722716894879425	D:-4.20810247230079	D:0.0000315409236620768	D:0.00077722722481796	D:-0.0678240184860735	D:-3.8265400023117	D:0.000149511096082462	D:0.00392687678568197	D:7.08413121001526	D:0.000941202988427764	D:0.540621307029361	D:-0.00566600685980122	D:-0.0861801385052268	D:0.0863661965500124	D:12.2507706454131
S:MTCH2	D:-0.0548612027244336	D:-4.72854195000922	D:0.00000309674740335913	D:0.000172130746414688	D:-0.0466327638011322	D:-3.82546277921675	D:0.000150144370512195	D:0.00393821630091115	D:0.521018331880855	D:0.594295153059046	D:0.984208797062414	D:-0.0022860174667591	D:-0.0159392824421704	D:0.0161023787258159	D:12.544114924173
S:AP3D1	D:-0.0930814812000541	D:-4.30491520182314	D:0.0000208327231109141	D:0.000596035493865844	D:-0.0836441529529805	D:-3.82474079188118	D:0.000150570227609841	D:0.00394409224895966	D:1.51373450094561	D:0.221273391217928	D:0.928872897484323	D:-0.0168803052842803	D:-0.046448985087903	D:0.0494211788830127	D:13.331463692455
S:P2RY10	D:-0.0734406916860303	D:-3.59758193174843	D:0.00035963289172951	D:0.00428772808864329	D:-0.0781263818233948	D:-3.82131347979086	D:0.000152607406065654	D:0.00398144368748859	D:0.275943191975389	D:0.7589922024108	D:0.989044741352382	D:-0.011721982202484	D:-0.0162293187013251	D:0.020019881424837	D:14.3893017764598
S:YWHAQ	D:-0.0850174806120795	D:-4.36429563242206	D:0.0000160911147685568	D:0.000493620837821614	D:-0.0760408327551163	D:-3.81598934949423	D:0.000155823759460654	D:0.00404548873145328	D:1.94177814249842	D:0.144722080722334	D:0.893013200900893	D:-0.0121861549221319	D:-0.049381292783919	D:0.0508627019415734	D:12.9241531254592
S:RBBP7	D:-0.0937360171195032	D:-4.74402911336955	D:0.00000288024276545547	D:0.00016456966046715	D:-0.0792442000485527	D:-3.81588024700098	D:0.000155890333902273	D:0.00404548873145328	D:3.92961337068267	D:0.0203710495715206	D:0.730351563745367	D:0.011717555295703	D:-0.0749322836964807	D:0.0758429182064992	D:11.4074890127915
S:MRPS6	D:-0.0814934671427457	D:-4.88873424897198	D:0.0000014495601330509	D:0.000107272339634807	D:-0.0669565849408893	D:-3.81372989209158	D:0.000157207978111772	D:0.00407427201628931	D:0.0944664721716713	D:0.90987738247208	D:0.993679870948802	D:0.00876230789787988	D:-0.00594994196376681	D:0.0105914989056999	D:8.27853356371082
S:LIMA1	D:-0.140332405426172	D:-4.37362400131908	D:0.0000154472344278125	D:0.000478374656028344	D:-0.125601209252413	D:-3.81269827485747	D:0.000157843835461546	D:0.00408533296523718	D:2.072698921348	D:0.127118825997792	D:0.890477353526427	D:0.0217562072914968	D:-0.0850714511719312	D:0.087809363738777	D:11.0436415512099
S:MIA3	D:-0.091917787471671	D:-3.53131708461522	D:0.000459523070049557	D:0.00509044235364988	D:-0.099129753846922	D:-3.80963944591464	D:0.000159743512718676	D:0.00412903172226937	D:1.86890686542969	D:0.155560924440132	D:0.90089017663558	D:-0.0387141895201663	D:-0.0538241572273639	D:0.0663010435169715	D:14.3817595581706
S:SHCBP1	D:-0.203850945661254	D:-3.45178698803651	D:0.0006136322873379	D:0.0062453065244114	D:-0.224137132912702	D:-3.80426250001902	D:0.000163135289886948	D:0.00420303444982952	D:4.30936532474258	D:0.0140356520589146	D:0.710378480836379	D:0.0257993770589008	D:-0.223461439384784	D:0.224945821807267	D:11.5609445051441
S:ARPC2	D:-0.0774781433437182	D:-3.85956006310166	D:0.000131549039769802	D:0.00215293114417228	D:-0.0760775014795485	D:-3.8037156759971	D:0.000163484010201518	D:0.00420303444982952	D:0.0709316853982391	D:0.931536577238093	D:0.994559242263454	D:-0.00886785552097213	D:-0.00520175096790259	D:0.0102809082610882	D:15.9736502510692
S:MAT2B	D:-0.0707692818037231	D:-3.92886108917203	D:0.0000998420737199849	D:0.00175767023654254	D:-0.0686737619418283	D:-3.80299900463443	D:0.00016394211126889	D:0.00420303444982952	D:2.56877704697593	D:0.0778213046815669	D:0.852071420081327	D:-0.0270333165693186	D:-0.0462968422782179	D:0.0536115454885529	D:14.0187467052222
S:PGBD3	D:-0.0882396098382194	D:-4.64861334549154	D:0.0000044875004525592	D:0.000214401580301856	D:-0.0732523664232912	D:-3.80273348943615	D:0.000164112137824058	D:0.00420303444982952	D:0.879484992689142	D:0.415752193368512	D:0.96415212136371	D:-0.0174383619222322	D:0.0293649971942723	D:0.0341525918013608	D:21.953073437733
S:JUB	D:-0.268372303278299	D:-3.99304491699561	D:0.000077056712192343	D:0.00147302399675281	D:-0.255760238500669	D:-3.80032501440783	D:0.000165662063325593	D:0.00423717588932645	D:1.85845748719053	D:0.157180649506372	D:0.902291892370149	D:-0.15236124772252	D:-0.0901155519161692	D:0.177016277513451	D:15.9598261308575
S:LCP1	D:-0.0861029257348635	D:-3.11760570133236	D:0.00194925488348347	D:0.0137759094676856	D:-0.107430954742891	D:-3.79891078609951	D:0.000166578590645744	D:0.00424290102369388	D:1.09507643431915	D:0.335458149735209	D:0.95707960515839	D:-0.039678303300865	D:-0.039337202242216	D:0.0558729203915496	D:15.0164891937036
S:SRSF3	D:-0.103711174702155	D:-4.49700631310638	D:0.00000893978730403396	D:0.000332747397539291	D:-0.0912979501183873	D:-3.79842709106767	D:0.000166893158889193	D:0.00424290102369388	D:1.64553648323195	D:0.194138485575644	D:0.921744746511297	D:-0.0164636581558922	D:-0.0540923665752505	D:0.0565423395482125	D:13.1285502455862
S:CDCA7	D:-0.176394567808135	D:-3.85808986836499	D:0.000132315129850499	D:0.00216004173133551	D:-0.173435074297006	D:-3.79797348357241	D:0.000167188669374356	D:0.00424290102369388	D:1.56223501840835	D:0.210871253990935	D:0.927560151843468	D:-0.104980404099728	D:-0.0385087617067493	D:0.111820436294666	D:16.6570683322235
S:TPR	D:-0.070955737035711	D:-4.0477409922782	D:0.0000616235372485973	D:0.00124142839316993	D:-0.067401786744276	D:-3.79673692069317	D:0.00016799676052984	D:0.00425787898510194	D:3.87914921684943	D:0.0214058958681994	D:0.730351563745367	D:-0.0146754051315223	D:-0.0623298968476812	D:0.0640342373798337	D:12.8832556818495
S:MAGI3	D:-0.132190443578953	D:-4.4871311572107	D:0.00000934413448794221	D:0.00034257735840315	D:-0.115920448354684	D:-3.79553743310072	D:0.000168784144999911	D:0.0042722940122322	D:3.38910402864838	D:0.0346554009278497	D:0.782175932890641	D:-0.0344338535388017	D:-0.0973313661730659	D:0.10324284532425	D:13.2988494319782
S:TRAPPC2	D:-0.0902964519963	D:-3.75927125731712	D:0.000194664485865783	D:0.00279701376345827	D:-0.091155194231885	D:-3.79506634204603	D:0.000169094336932453	D:0.00427460858731833	D:0.529776858254332	D:0.589125486524586	D:0.98356384787094	D:0.00799777113680321	D:-0.0313633272613375	D:0.0323669992439589	D:11.0462825140946
S:GPR81	D:-0.117036690033362	D:-3.43101702035429	D:0.000661183457635524	D:0.00655181843085993	D:-0.131274704566607	D:-3.79414923056992	D:0.000169699757136463	D:0.00428437074186515	D:0.139537079628571	D:0.869800692976928	D:0.991098228766629	D:-0.0258123431322939	D:0.000168251415458369	D:0.0258128914792219	D:18.0248975446324
S:ADAM28	D:-0.108634048560553	D:-4.68876761575455	D:0.0000037269665349012	D:0.000192668394334668	D:-0.0925052308100746	D:-3.79225216576287	D:0.000170958581592881	D:0.00429898431802383	D:0.208134217817754	D:0.812180946528381	D:0.990538766746216	D:0.0183765738106251	D:-0.0118756412620914	D:0.0218798839211555	D:8.19147215957568
S:SEC63	D:-0.0573259636452884	D:-4.05777666374532	D:0.0000591314436123441	D:0.00120518524630248	D:-0.0550294117578195	D:-3.79210925811638	D:0.000171053766135709	D:0.00429898431802383	D:5.37101550707115	D:0.00497111519807043	D:0.627240251963999	D:0.0120634003652371	D:-0.060897084618316	D:0.062080436075968	D:11.2530042136438
S:PDP1	D:-0.0886072353556229	D:-4.63993857670962	D:0.0000046703815180552	D:0.000220978027225948	D:-0.0761518503466366	D:-3.79191149331307	D:0.0001711855711493	D:0.00429898431802383	D:2.95040251771303	D:0.0533937153270014	D:0.83656058396868	D:-0.000800671820504555	D:-0.0631987233258392	D:0.0632037950235595	D:12.0483898613716
S:KIDINS220	D:-0.0537148719081334	D:-3.59649907240995	D:0.000361087139364811	D:0.00429720084672824	D:-0.056262422395323	D:-3.7903810155936	D:0.000172208840501567	D:0.00429898431802383	D:1.07068226516	D:0.343699392778055	D:0.95707960515839	D:0.00184674357613486	D:-0.0281380077589544	D:0.0281985450418807	D:11.7496646332566
S:SPP2	D:-0.225987850731197	D:-4.19312495768936	D:0.0000336076185607444	D:0.000814797114510555	D:-0.204368744318695	D:-3.78929725703207	D:0.000172936924326346	D:0.00429898431802383	D:0.292711559952856	D:0.746388015627439	D:0.988887668865741	D:-0.0582360706246275	D:0.0034439445898573	D:0.0583378151470777	D:18.2256264185763
S:NUFIP1	D:-0.154660242833282	D:-3.76447885414089	D:0.000190783282086125	D:0.00276818937776948	D:-0.155547029751239	D:-3.78926957753262	D:0.000172955557787259	D:0.00429898431802383	D:2.28742163376741	D:0.10277940294061	D:0.870946539528028	D:-0.0525241959055546	D:-0.101928214260831	D:0.114665391543948	D:13.8174874704309
S:KRT86	D:-0.123214052550325	D:-4.61161759828172	D:0.0000053186628085105	D:0.000240583310048851	D:-0.103210464967581	D:-3.78915701605211	D:0.000173031352161449	D:0.00429898431802383	D:0.528462790112958	D:0.589898216689275	D:0.983661642999593	D:0.0380613179026763	D:0.00903896262394019	D:0.0391199024258187	D:5.10937580553472
S:RSU1	D:-0.0745584383537982	D:-3.63429768475061	D:0.000313456434847111	D:0.00391139986803793	D:-0.0771340680971191	D:-3.78769560566586	D:0.000174018257173597	D:0.00430664533334904	D:2.3732191374421	D:0.094416914393001	D:0.867885582684249	D:-0.000174274168895698	D:-0.057491584121577	D:0.0574918482595082	D:12.0115786729771
S:FAM101B	D:-0.0982901485016918	D:-3.7346695674498	D:0.000214028190473871	D:0.00299441962845216	D:-0.0993195403704189	D:-3.78600599932831	D:0.000175165886375727	D:0.00432732817404308	D:1.04471102850348	D:0.3526971416528	D:0.959270072771647	D:-0.0373200759221236	D:0.0360595615089516	D:0.0518948941905747	D:20.9343913781106
S:TAS2R50	D:-0.210114307102289	D:-3.7090692276818	D:0.000236096446871653	D:0.00320163821534973	D:-0.216368639338295	D:-3.78519078701287	D:0.000175722153032413	D:0.00433418106981579	D:0.351872566136988	D:0.703574930840377	D:0.987553110889477	D:-0.0666018849459916	D:-0.0098399019424825	D:0.0673248449578368	D:17.4397198569694
S:FCF1	D:-0.0718509573484456	D:-4.11641938571385	D:0.0000463789963048689	D:0.00100923381602833	D:-0.0676940740941365	D:-3.78494984099749	D:0.000175886883392043	D:0.00433418106981579	D:2.18147141501293	D:0.114140509245528	D:0.881373627154384	D:-0.0358019340853897	D:-0.0347832464732553	D:0.0499164574010798	D:15.05512247623
S:EZH2	D:-0.100623424888845	D:-4.20639723035556	D:0.0000317699622040867	D:0.000779920642500074	D:-0.0917239724226813	D:-3.78267683744471	D:0.000177448082535036	D:0.00436371861222573	D:1.61834125202767	D:0.1994491366858	D:0.924348076816146	D:-0.0216296335097618	D:-0.052465602086958	D:0.0567492770712863	D:13.4936365681494
S:PITPNM2	D:-0.133519802100198	D:-3.82956535511247	D:0.000148040335209547	D:0.00232357926934117	D:-0.131978958864545	D:-3.78179181635411	D:0.000178059483707385	D:0.00437118137076132	D:2.32390569740748	D:0.0991360750615258	D:0.867938343868143	D:-0.0832261748317588	D:-0.0588120184421976	D:0.101909026540203	D:15.650196714447
S:BUB3	D:-0.0637030546277016	D:-4.91209888434203	D:0.00000129538431465171	D:0.000100845894851246	D:-0.0519180782430107	D:-3.78098234670782	D:0.000178620431559569	D:0.00437802232607772	D:1.02218122835275	D:0.360694106013229	D:0.959270072771647	D:0.00345657600227183	D:-0.0253200837068693	D:0.0255549321380893	D:11.4817539580368
S:ARID5B	D:-0.0573342355277032	D:-4.50424788753439	D:0.00000865399545474106	D:0.00032709424599825	D:-0.0512839700707019	D:-3.78074354528536	D:0.00017878623490149	D:0.00437802232607772	D:6.92272496119636	D:0.00110037237693235	D:0.540621307029361	D:0.0163101390043152	D:-0.064029274822564	D:0.0660739636214108	D:11.0472671011658
S:AKAP11	D:-0.0855064624231693	D:-4.55785081444766	D:0.0000067949382290522	D:0.000282210048256932	D:-0.0742540891526805	D:-3.77782060375588	D:0.000180827479271086	D:0.00442246529716682	D:0.942222367354041	D:0.390575149312263	D:0.960227634080898	D:-0.0012083129137306	D:-0.0349224533002438	D:0.034943350792464	D:12.1321091290435
S:SON	D:-0.0569773188402809	D:-3.51067378102865	D:0.000495604534157538	D:0.00537171809452372	D:-0.0609712974363801	D:-3.77730982886317	D:0.000181186429699643	D:0.0044257050284509	D:1.61042386657899	D:0.201022492460382	D:0.926244298903048	D:-0.0206415110554828	D:-0.0319641374308212	D:0.0380496788468712	D:14.1902132790637
S:NAT8L	D:-0.298942359833679	D:-4.00975015935498	D:0.0000719915341690947	D:0.001398396192046	D:-0.284949754427668	D:-3.77393628961629	D:0.000183574143467011	D:0.00444684833816979	D:0.409134614550587	D:0.66448673600236	D:0.985706471962942	D:0.00425488978039022	D:-0.0885183682689153	D:0.088620571020698	D:11.8165354582155
S:PPAPDC1B	D:-0.122612259779632	D:-4.8000368446259	D:0.00000221253133562405	D:0.0001390195332136	D:-0.101440696937399	D:-3.7738368361646	D:0.000183644982800421	D:0.00444684833816979	D:0.555341394030515	D:0.574293120591833	D:0.982115268178959	D:-0.0089973325679358	D:-0.0355754636604633	D:0.0366955802242584	D:12.9461980678775
S:TMEM131	D:-0.119764625629656	D:-4.09314405053119	D:0.0000510908858852106	D:0.00108518152291619	D:-0.110996011211385	D:-3.77131923088021	D:0.000185446851703833	D:0.00448492194201065	D:0.952449847553183	D:0.386618496529692	D:0.960227634080898	D:0.00904535613121321	D:-0.0521803225893922	D:0.0529585170966249	D:11.3443745690735
S:TMEM20	D:-0.153291118627489	D:-3.5911077028742	D:0.000368410086153467	D:0.00436309181425751	D:-0.161151183169065	D:-3.76860856541511	D:0.000187405534284974	D:0.00452668917856943	D:2.06443501413762	D:0.128163442658121	D:0.890973605600524	D:0.00106577024973193	D:-0.112621355947179	D:0.112626398688791	D:11.9638539162336
S:RFPL1	D:-0.133605317250822	D:-3.41168751574992	D:0.000708505563704104	D:0.00684904873928364	D:-0.146720482293546	D:-3.76803948769503	D:0.000187819211480224	D:0.00453108050806797	D:2.26109202405793	D:0.10549200281341	D:0.87220229631552	D:-0.0279168881868443	D:-0.103597281819736	D:0.107292821038849	D:13.0054360328156
S:NID2	D:-0.267898073809995	D:-3.64180117148807	D:0.000304732362650714	D:0.00383931340977279	D:-0.27748680053822	D:-3.76576437447383	D:0.000189481670505837	D:0.00456514112717879	D:0.835222285765559	D:0.434490392078444	D:0.966078042387016	D:0.0551147002691614	D:-0.113784506419825	D:0.126429996784634	D:10.2770318576413
S:TSGA14	D:-0.0876692133096732	D:-4.87849672422798	D:0.00000152256122589209	D:0.000110603601915083	D:-0.0720920145967693	D:-3.76546929170996	D:0.000189698305883485	D:0.00456514112717879	D:2.47053834214061	D:0.0857554942853601	D:0.860742263980279	D:-0.0381007187497811	D:-0.0418271353207232	D:0.0565789184978647	D:14.8220449762074
S:PHF17	D:-0.0555081173577308	D:-3.80583132163377	D:0.000162454382946219	D:0.0024723684557259	D:-0.0547947511734396	D:-3.76449589533777	D:0.000190414583543848	D:0.00457525688679658	D:0.304841281641815	D:0.737401810312131	D:0.988887668865741	D:0.0152510105251021	D:-0.0049282332403515	D:0.016027501517956	D:7.19385291499793
S:ENPP4	D:-0.106264697905666	D:-3.5014302874545	D:0.00051260556361267	D:0.0054886714074275	D:-0.113556438017915	D:-3.76426220447689	D:0.000190586925226571	D:0.00457525688679658	D:2.32178529561034	D:0.0993442235075298	D:0.867938343868143	D:-0.0175962910673574	D:-0.0822989339449214	D:0.0841590398459827	D:12.8045776965556
S:H1FOO	D:-0.200414664250792	D:-3.6979235787344	D:0.000246359065987614	D:0.00330897404684954	D:-0.2041907617006	D:-3.76227918709549	D:0.000192055287716094	D:0.0045992063446816	D:0.399459818296022	D:0.67093435423221	D:0.986009065944297	D:0.0626926282632226	D:-0.0267295859291523	D:0.0681530366344344	D:7.53942848273276
S:ZFP42	D:-0.230405945122044	D:-4.20464047976485	D:0.000032007577151276	D:0.000782803585873698	D:-0.20805908436255	D:-3.76155062617622	D:0.000192597439392839	D:0.00460091266891866	D:0.76140333892298	D:0.467647996693363	D:0.967692421145506	D:-0.0882261188389768	D:-0.0337351893877038	D:0.0944558682582162	D:16.6049700103136
S:SCAI	D:-0.111436060842113	D:-4.28533526120381	D:0.0000226699226165406	D:0.000634660398065644	D:-0.10065728931809	D:-3.76066182572072	D:0.000193260786258319	D:0.00461112212976046	D:1.81008860865609	D:0.164901739692311	D:0.905642135745634	D:-0.0214282766982095	D:-0.062533902806395	D:0.0661034041669162	D:13.2609914867785
S:PLA2G1B	D:-0.259412286464424	D:-3.88566919921385	D:0.000118623348011871	D:0.00200868184012128	D:-0.249635363742682	D:-3.75975980158651	D:0.000193936205033947	D:0.0046159651432014	D:1.29138115225242	D:0.275969705504321	D:0.944820426470376	D:-0.103614444867349	D:-0.098162486770579	D:0.142729909248738	D:15.1031826588143
S:UBE2Q2	D:-0.0800437207998266	D:-3.85204315061497	D:0.000135510539668178	D:0.00219565058532605	D:-0.0782797836760894	D:-3.75848293356923	D:0.000194896106574237	D:0.00462753926921891	D:1.49993340986526	D:0.224326526517017	D:0.929224825495277	D:-0.0508648508903402	D:-0.00160284735985768	D:0.0508900989953404	D:17.8796732811195
S:RXFP3	D:-0.130461841581627	D:-3.54144178995425	D:0.00044273984169597	D:0.00495437408884344	D:-0.14072603246873	D:-3.75790119150764	D:0.000195334922489559	D:0.00463232975772873	D:0.199732061688887	D:0.819027153670412	D:0.990538766746216	D:-0.0187255963191579	D:-0.0250008536308125	D:0.0312360471215128	D:14.4555431692479
S:FZD6	D:-0.303888432941939	D:-4.39074713159306	D:0.0000143289407374816	D:0.000455388714367241	D:-0.260938111788933	D:-3.75615103676277	D:0.000196660712410319	D:0.00465811755298186	D:2.89688207230595	D:0.0562882326840904	D:0.83656058396868	D:-0.204004260602916	D:0.113630097976435	D:0.23351560442565	D:19.9411831932929
S:IKZF5	D:-0.0870954509314101	D:-3.72107312849931	D:0.000225494521545664	D:0.00310309045459423	D:-0.0877279353640072	D:-3.75198176714188	D:0.00019985331156825	D:0.00472112344294576	D:0.674066139318012	D:0.51017734812788	D:0.971534152892322	D:-0.0298002798714882	D:-0.021490836083844	D:0.0367411583377781	D:15.6134854144888
S:DYRK2	D:-0.0859582364145738	D:-4.6778500951092	D:0.0000039204846986631	D:0.000197448947156123	D:-0.0738417841294831	D:-3.75191107113017	D:0.000199907865696842	D:0.00472112344294576	D:4.58214795392314	D:0.0107447846029737	D:0.709441948440271	D:0.0171996234817118	D:-0.0759555537759656	D:0.0778785798363469	D:11.1493955050357
S:INPP4B	D:-0.11304135887965	D:-4.91395080053615	D:0.00000128386544512179	D:0.000100363903324403	D:-0.0939886192602012	D:-3.75157911767213	D:0.000200164212660868	D:0.00472112344294576	D:2.52893948782699	D:0.0809457805673826	D:0.858260180148023	D:-0.0233624516261816	D:-0.0692910379291809	D:0.0731235398711581	D:13.2421506835027
S:ANKLE2	D:-0.0665750228106527	D:-3.82407730727413	D:0.000151261711957214	D:0.00235285061527517	D:-0.065169453143375	D:-3.75142005459838	D:0.000200287156962389	D:0.00472112344294576	D:0.65632193049008	D:0.519282015387775	D:0.972886610373122	D:-0.0280074972885488	D:0.00282581367698502	D:0.0281496914246871	D:18.3840903356597
S:TOX	D:-0.130372292233203	D:-4.47188244852343	D:0.0000100031421660474	D:0.000360648341451534	D:-0.111680959154752	D:-3.75080786989946	D:0.000200760996268536	D:0.00472659111817285	D:0.0707594227542752	D:0.931697006401817	D:0.994559242263454	D:0.00295489466453665	D:-0.0143247144535107	D:0.014626306664812	D:11.2229692802021
S:SLC45A2	D:-0.215616281153411	D:-4.12601218429823	D:0.0000445599506410262	D:0.000985547128220567	D:-0.19462078862392	D:-3.74932115043436	D:0.000201916141196104	D:0.00474002852838963	D:1.57692608049299	D:0.207818411085041	D:0.927138374549935	D:0.0288907371457633	D:0.115856660952868	D:0.119404524956022	D:0.933470753090184
S:CLEC2D	D:-0.0915667105912892	D:-4.26426653686707	D:0.000024819321799936	D:0.000668036318584779	D:-0.0833904659836798	D:-3.74870648009924	D:0.000202395553578755	D:0.00474002852838963	D:2.70485645140885	D:0.0680339900115304	D:0.850339905642804	D:-0.0171545805135606	D:-0.0648032377006043	D:0.067035358200559	D:12.9884750897718
S:CTCF	D:-0.0739625437253737	D:-4.11499813085184	D:0.0000466544410853852	D:0.00101297159249945	D:-0.068346819399441	D:-3.74850424744788	D:0.000202553519488775	D:0.00474002852838963	D:0.677296393722644	D:0.508537222896214	D:0.971534152892322	D:0.00976852381801825	D:-0.0262119171361248	D:0.0279729987225943	D:10.6373891847562
S:NXF2	D:-0.345018481755419	D:-4.06899177973996	D:0.0000564598590194438	D:0.00116654420624541	D:-0.319361537539473	D:-3.74709474359045	D:0.000203657729136187	D:0.00474002852838963	D:0.80398139629794	D:0.448224587014362	D:0.967692421145506	D:-0.149752914084549	D:0.0304026851278055	D:0.15280791386507	D:18.765077193271
S:KIAA1147	D:-0.0950267278632888	D:-3.86725452973988	D:0.00012760755420299	D:0.00210251198708316	D:-0.0935397178927323	D:-3.74670427731498	D:0.000203964623890939	D:0.00474002852838963	D:2.9369835415762	D:0.0541050898357323	D:0.83656058396868	D:-0.00765896649158859	D:-0.0779313739034543	D:0.0783068247740851	D:12.3741939809534
S:FANK1	D:-0.202362630491734	D:-4.41389892780755	D:0.0000129395432078868	D:0.00042797151044984	D:-0.176912023141672	D:-3.74656037339033	D:0.00020407783795192	D:0.00474002852838963	D:0.141680141119977	D:0.86793988531242	D:0.991098228766629	D:0.0161033181576643	D:-0.0293812237361207	D:0.0335048229948905	D:10.084909880518
S:KDM5B	D:-0.0687572817818894	D:-3.59589496400197	D:0.000361900835132125	D:0.00429979357384504	D:-0.0712109398638061	D:-3.74635112299907	D:0.000204242567980353	D:0.00474002852838963	D:0.171971992073981	D:0.842061451759953	D:0.990538766746216	D:-0.00427253186327938	D:-0.0138113647910619	D:0.0144571202497082	D:13.1459600337498
S:ZNF469	D:-0.110740043992358	D:-4.50590455222178	D:0.00000858985711375245	D:0.000325299220658598	D:-0.0955198877814416	D:-3.74575951929203	D:0.00020470897980357	D:0.0047452172886614	D:3.36106423735049	D:0.035625226818708	D:0.785725233932701	D:0.0105435513623855	D:-0.0853632038173212	D:0.0860118773268481	D:11.5305886789471
S:ERBB2IP	D:-0.0792539329877601	D:-3.405878318977	D:0.000723333343255849	D:0.00694236584507001	D:-0.086970865744638	D:-3.74331832552891	D:0.00020664422202077	D:0.00478440135368229	D:2.1549499358715	D:0.117176720460842	D:0.885569066506476	D:-0.0285348808480831	D:-0.056138405599743	D:0.0629742805301939	D:13.7962674101892
S:ZBTB2	D:-0.0681793134681288	D:-4.21848283412861	D:0.0000301802955454449	D:0.000755966799157358	D:-0.0613245728037222	D:-3.74194275544513	D:0.000207742280312837	D:0.00479278854733547	D:0.642007876250104	D:0.526745483421815	D:0.97536435694998	D:-0.0191723069980293	D:-0.0160056367144997	D:0.0249751428877439	D:15.3429215583008
S:PARP8	D:-0.0790299074388231	D:-3.64561130318011	D:0.000300390291265002	D:0.00380669694008391	D:-0.0812019172646525	D:-3.74000570040889	D:0.000209297876034215	D:0.00482298324951014	D:0.914825924425668	D:0.40137549202101	D:0.963711209598891	D:-0.0382829387837488	D:0.0154857904499711	D:0.0412964055067832	D:19.4682514418938
S:NCRNA00202	D:-0.245422912686504	D:-3.73528828665851	D:0.000213519704688292	D:0.00299095953355835	D:-0.245749121488028	D:-3.7391992315807	D:0.000209948760441959	D:0.00483228354275184	D:0.132497225641103	D:0.875941613450965	D:0.991098228766629	D:0.0103526485234804	D:0.0425773215664521	D:0.0438178689945528	D:0.911081896054886
S:LOC100292680	D:-0.225381389295416	D:-3.63439406423974	D:0.00031334290455323	D:0.00391139986803793	D:-0.232167443330117	D:-3.73674259377144	D:0.000211943238758122	D:0.00486672482793473	D:0.280053922829524	D:0.7558826626263	D:0.989044741352382	D:0.0267023285625514	D:-0.055635323779697	D:0.061711454388421	D:10.2907461928162
S:ZNF28	D:-0.252771342658385	D:-4.03077940427584	D:0.0000660638393639322	D:0.00130663308199453	D:-0.236296777132837	D:-3.73557306714349	D:0.000212899007378237	D:0.00487788598803946	D:0.635658100395728	D:0.530090729090217	D:0.975430279911244	D:0.0641886796003335	D:-0.0726332457209225	D:0.0969318057852539	D:9.23545204910515
S:C6ORF15	D:-0.173430630718972	D:-3.28059609680269	D:0.00112270317636444	D:0.00939963272036743	D:-0.196114780174771	D:-3.73505683695309	D:0.000213322175410999	D:0.00487823249199865	D:2.90413051736008	D:0.0558871725182039	D:0.83656058396868	D:0.0925004427984664	D:-0.142333198364752	D:0.169750025845807	D:9.79871326490996
S:C4ORF41	D:-0.0580142401441267	D:-3.38812995990593	D:0.000770447130012699	D:0.00726958347058336	D:-0.0634612188695124	D:-3.73406192431388	D:0.000214139969389699	D:0.00488844525916367	D:4.2275825274028	D:0.0152072068238704	D:0.716835455902377	D:0.00247071383455127	D:-0.0640560560002369	D:0.0641036873912705	D:11.8527421712329
S:PLK1S1	D:-0.0651558832138121	D:-4.51035930632722	D:0.00000841964314715344	D:0.000322788796477626	D:-0.0554940942803593	D:-3.73216020138848	D:0.000215711366517581	D:0.00491149988059275	D:1.61057473301785	D:0.200992395800556	D:0.926244298903048	D:-0.0208827279689321	D:-0.0283359921645962	D:0.0351996701600522	D:14.4259358448692
S:EIF1	D:-0.0876780580873065	D:-4.24636874417076	D:0.0000267967835787881	D:0.000704759014687886	D:-0.0774601147397247	D:-3.73068179924526	D:0.000216940473062735	D:0.00492628820974984	D:0.0138484041029566	D:0.986247489968942	D:0.998940164677581	D:0.00435023511487451	D:0.00193523183875986	D:0.00476126745987212	D:4.40118553960829
S:LOC100128816	D:-0.122720739627603	D:-4.36705164362068	D:0.0000158982594461968	D:0.000489240768249027	D:-0.104750479598655	D:-3.72851166068471	D:0.000218756629983775	D:0.00495907576161594	D:1.75267288942885	D:0.174563244155287	D:0.911587746465428	D:-0.0507615205955302	D:0.0508782024249545	D:0.0718701847441976	D:21.0043850135468
S:FAM155B	D:-0.219124828092253	D:-3.51421856649946	D:0.000489225922563878	D:0.00532588509906448	D:-0.232381348539275	D:-3.72789599279205	D:0.000219274476085333	D:0.00496505508364252	D:0.187748376397945	D:0.82889209398472	D:0.990538766746216	D:0.0390680499078411	D:0.0332883586171414	D:0.0513266728224709	D:3.304465356785
S:WDR7	D:-0.0895318185531019	D:-4.07159640806177	D:0.0000558560327931529	D:0.00115991789246652	D:-0.0829506646971678	D:-3.72741960087745	D:0.000219675967766872	D:0.00496838898857921	D:3.78541831650755	D:0.0234702379807308	D:0.736744509955438	D:0.00238838331478794	D:-0.0793746984303484	D:0.0794106235069787	D:11.8850994006937
S:TSEN2	D:-0.11410004803097	D:-4.63336688437196	D:0.00000481367376312891	D:0.000225033490443306	D:-0.0952084541003691	D:-3.72456274706445	D:0.000222098223736175	D:0.00501188994760666	D:1.22208996995511	D:0.29564930575576	D:0.952915201387479	D:-0.0467799396956133	D:-0.0279626862560357	D:0.0545002255094298	D:15.9420765907565
S:HNRNPK	D:-0.0487554621301279	D:-3.59623053694741	D:0.000361448627430264	D:0.00429888474048373	D:-0.0502886127911478	D:-3.7242454572357	D:0.000222368793028759	D:0.00501188994760666	D:0.409296363056084	D:0.664379471972607	D:0.985706471962942	D:-0.00106318241095033	D:-0.0157790947321891	D:0.0158148723487214	D:12.2569810721792
S:SYPL1	D:-0.0781127516425453	D:-4.6617380178389	D:0.00000422383421580745	D:0.000206862016067903	D:-0.0653120388085345	D:-3.72283880202731	D:0.00022357206425318	D:0.00502911263161544	D:1.3947835797377	D:0.249021584663818	D:0.934832079499915	D:0.00426267751419841	D:-0.0378631817511078	D:0.038102374622948	D:11.5717750931201
S:LOC286161	D:-0.08662846031119	D:-4.2520971312774	D:0.000026148066600253	D:0.000694972125392675	D:-0.076833697275157	D:-3.72275066973886	D:0.000223647657585273	D:0.00502911263161544	D:1.36897482166493	D:0.255489473549888	D:0.937117387531459	D:0.0478823647941392	D:-0.0063839212648503	D:0.0483060587193246	D:6.50627867311008
S:ADAL	D:-0.112289540660882	D:-4.83913105735308	D:0.00000183773778340111	D:0.000122841412979916	D:-0.0947368151588184	D:-3.71888381160311	D:0.000226988165419119	D:0.00509250946091275	D:3.22989912250367	D:0.0405368550452478	D:0.813813159090897	D:-0.0603623444054155	D:-0.0617163050539406	D:0.0863279498866332	D:14.957637664714
S:GBE1	D:-0.119399252417767	D:-4.07750599621537	D:0.000054508710171552	D:0.00113555938748645	D:-0.109076968420926	D:-3.71829737976573	D:0.000227498858726785	D:0.00509515155426931	D:0.0515729310360927	D:0.949740338632177	D:0.996760838460121	D:0.00676148888162042	D:-0.0106630443874828	D:0.0126260939132301	D:9.84140100230551
S:ATP6V1E2	D:-0.0797646878647207	D:-4.02984317088678	D:0.0000663175772173011	D:0.00130900179434674	D:-0.0741530102418463	D:-3.71814995384042	D:0.000227627414506786	D:0.00509515155426931	D:1.06702640604552	D:0.344951883139	D:0.957432814874086	D:0.00236723565888383	D:-0.0377448568634687	D:0.0378190167020301	D:11.7607529255084
S:C4ORF17	D:-0.241888416741398	D:-3.78545806643406	D:0.000175874662821465	D:0.00262862246582682	D:-0.236740208379265	D:-3.71582493718902	D:0.000229663905409408	D:0.00512959753791722	D:0.0304434774470928	D:0.97001737821045	D:0.996943519608554	D:-0.0164195531201955	D:-0.0133573732197617	D:0.0211665099626492	D:15.3914337027411
S:CDYL	D:-0.0714911273245219	D:-4.04827269434911	D:0.0000614890371221326	D:0.001239997187207	D:-0.066198009774509	D:-3.71550286744436	D:0.000229947356963571	D:0.00512959753791722	D:2.37455235231126	D:0.0942925121991923	D:0.867885582684249	D:-0.0396585025148245	D:-0.0338884343513776	D:0.0521653410274099	D:15.2990605019657
S:ARFGEF1	D:-0.0613029872575448	D:-3.24700185646131	D:0.00126027121501628	D:0.010239900129993	D:-0.0700180557348754	D:-3.71549553714222	D:0.000229953812149608	D:0.00512959753791722	D:2.15477061103508	D:0.117197523586657	D:0.885569066506476	D:0.0240977031272359	D:-0.0461471079577343	D:0.0520601082295377	D:10.1617830247616
S:C15ORF44	D:-0.0907039113534528	D:-4.12905561174834	D:0.0000439971707896649	D:0.000982569959315247	D:-0.0828590881714412	D:-3.71269824483351	D:0.000232429652765319	D:0.00517176604379484	D:1.51310365783433	D:0.221412034076296	D:0.928992902805678	D:0.0335100297832459	D:-0.0405550593791647	D:0.0526083162372795	D:9.36223963071942
S:ATP10D	D:-0.0758859727604913	D:-4.65447604112798	D:0.00000436782373835306	D:0.000210744799188042	D:-0.0635079527945193	D:-3.7124639449115	D:0.000232638163476571	D:0.00517176604379484	D:0.947684133401704	D:0.38845714836668	D:0.960227634080898	D:0.0164506286509253	D:-0.0268852013354114	D:0.031518839348178	D:9.90254645911636
S:TRADD	D:-0.0750340296898847	D:-4.57944051164395	D:0.00000616015993140652	D:0.000266663303840885	D:-0.062129871674773	D:-3.71057284389787	D:0.000234327572926844	D:0.0052034035256403	D:0.492979110252441	D:0.611153660394499	D:0.984208797062414	D:-0.0191117524618036	D:-0.0121033032995567	D:0.0226218706768984	D:15.8436188258044
S:SETD2	D:-0.0705929949523005	D:-4.2518503073426	D:0.0000261757066828212	D:0.000694972125392675	D:-0.0629727337771746	D:-3.70909683153169	D:0.000235654184698798	D:0.00522692216027152	D:1.35289311169793	D:0.259604767442135	D:0.939592708257424	D:-0.0143506433220839	D:-0.0333991368832631	D:0.0363516616993586	D:13.5501198770574
S:HNRNPH3	D:-0.0727227346847837	D:-3.58345703330157	D:0.000379041233174386	D:0.00443523636973692	D:-0.0749865138230861	D:-3.70774518934639	D:0.000236875215481662	D:0.00524076332532071	D:0.695473306252502	D:0.499406382409324	D:0.971534152892322	D:-0.00676409118976727	D:-0.0301338800208368	D:0.0308837118030472	D:12.8434244351253
S:DCP1B	D:-0.0960794945634792	D:-5.13820069629154	D:0.000000426533893256149	D:0.000050759173973206	D:-0.0757769120548083	D:-3.70615723268553	D:0.000238317335717745	D:0.00525616146417659	D:2.38652754587846	D:0.0931824644664467	D:0.867502138213932	D:-0.00637541864940515	D:-0.0574531463961841	D:0.0578057955033623	D:12.422136698539
S:SERPINA4	D:-0.276137490507166	D:-4.18415407922033	D:0.0000349066320084912	D:0.00083694130582519	D:-0.245648742504238	D:-3.70342980875303	D:0.000240813586443911	D:0.00529466589006487	D:0.284394804977943	D:0.752612919480057	D:0.988887668865741	D:-0.0119523108724062	D:-0.0636338701989152	D:0.0647466383041083	D:12.7091923837135
S:TGS1	D:-0.0981063356002854	D:-5.10681213620485	D:0.000000498873439715763	D:0.0000566772435202658	D:-0.0779122713885697	D:-3.70336195350479	D:0.000240876003084165	D:0.00529466589006487	D:2.93012950695311	D:0.054472106143468	D:0.83656058396868	D:0.0242311703877508	D:-0.062670941989268	D:0.0671922360707128	D:10.5907628550231
S:NUP160	D:-0.0885051052691695	D:-4.1210518111213	D:0.0000454919169137353	D:0.000995473178512097	D:-0.0805447988462808	D:-3.6991140219651	D:0.000244813926984926	D:0.00536312662243547	D:1.98317309495715	D:0.138906342847054	D:0.893013200900893	D:-0.0307736686747311	D:-0.0479186062305543	D:0.0569492011074874	D:14.1805909615541
S:NCOR2	D:-0.127726785058338	D:-4.00138109221166	D:0.0000744882544176097	D:0.00143831519720801	D:-0.118369579617755	D:-3.6975127308159	D:0.000246314025474611	D:0.00538391764183376	D:1.15403646084625	D:0.316349704537528	D:0.956911684216668	D:-0.0318262666098161	D:-0.0551622806140985	D:0.0636850724178566	D:13.998873313801
S:SNX25	D:-0.0973691251191957	D:-4.68207431797733	D:0.00000384448874134436	D:0.000195638423163047	D:-0.0801495727070544	D:-3.69530224295937	D:0.000248399043843047	D:0.00541133301642918	D:1.46281221767263	D:0.232750327171162	D:0.931229411275448	D:0.0289775505484272	D:-0.0406875865918215	D:0.0499517581117385	D:9.6361112846018
S:STRBP	D:-0.130593856825031	D:-5.1925277769747	D:0.000000324632367869805	D:0.0000414617065395023	D:-0.102228808832633	D:-3.69483729601537	D:0.000248839709423567	D:0.00541489617132062	D:2.87404271077917	D:0.0575709558907303	D:0.83656058396868	D:-0.0188826122485546	D:-0.0837892923422099	D:0.0858906197237951	D:12.8466614475142
S:WDR45L	D:-0.0799480685119082	D:-3.76275337087228	D:0.000192061120474401	D:0.00277363888467036	D:-0.0779912047140361	D:-3.69378086776526	D:0.000249843703707775	D:0.00543069612252906	D:2.03430370627158	D:0.132045847199236	D:0.892106772592489	D:-0.0413757350942719	D:-0.0391607749377825	D:0.0569694457434774	D:15.105025564104
S:LOC100506046	D:-0.18628762548946	D:-4.21480194166491	D:0.0000306562415963404	D:0.00076409900131899	D:-0.16503106904999	D:-3.69322609298678	D:0.000250372468841426	D:0.00543614268181146	D:0.856571329185606	D:0.425348838066585	D:0.965712415649048	D:-0.0419207511550285	D:-0.0643965375006705	D:0.0768392049638534	D:14.2042170524964
S:POLE3	D:-0.0873433861124562	D:-5.28002864057681	D:0.000000208112218540559	D:0.0000305768485902336	D:-0.066155631403245	D:-3.69225328423735	D:0.000251302212827939	D:0.00545027363026721	D:1.89649876064225	D:0.151364133757627	D:0.897276000782826	D:-0.034724677860824	D:-0.0313355586293696	D:0.0467730743820915	D:15.1957931544197
S:PRKCH	D:-0.133988280008806	D:-3.7473237335892	D:0.00020385215819905	D:0.00288657610388959	D:-0.131048339521963	D:-3.68895006832294	D:0.00025448350775295	D:0.00550095378871726	D:0.226576475751207	D:0.797354828804919	D:0.99052143402945	D:0.0293541151897248	D:0.0146912241021322	D:0.0328252363920003	D:4.2275221339364
S:CSTF1	D:-0.065430561242919	D:-4.22003341590417	D:0.0000299819195252781	D:0.000754024053337785	D:-0.0577488305045231	D:-3.68507119473146	D:0.000258267591248205	D:0.00557658232108417	D:1.46319226510697	D:0.232662493785075	D:0.931078802181888	D:-0.0191218409242679	D:-0.0295688611320091	D:0.0352130991106583	D:14.1926854816107
S:NDUFS1	D:-0.0701659659095086	D:-4.50979633315231	D:0.00000844097410572984	D:0.000322788796477626	D:-0.059510586496418	D:-3.68169400904187	D:0.0002616053029781	D:0.00563619539745872	D:1.6761026715773	D:0.188338925833961	D:0.921744746511297	D:-0.00345465455670853	D:-0.0381458496444674	D:0.0383019644823148	D:12.3449892477676
S:IARS	D:-0.119234418743965	D:-4.49035168198301	D:0.00000921037815363965	D:0.000339326720286487	D:-0.101331776205407	D:-3.68073376876919	D:0.000262561704402762	D:0.0056505707772405	D:3.94019283029895	D:0.0201605568752615	D:0.730351563745367	D:-0.0214166445448603	D:-0.0977400614236583	D:0.100058943981342	D:12.8239485889877
S:C11ORF54	D:-0.0594876737056773	D:-3.64995057173375	D:0.000295516053508014	D:0.0037663278250655	D:-0.0596184382064757	D:-3.67862502666482	D:0.00026467357318126	D:0.00568403442935986	D:2.26051485369242	D:0.10555226446969	D:0.87220229631552	D:-0.0411686131747033	D:0.02471803596845	D:0.0480191213254256	D:20.0654010052103
S:KIAA1407	D:-0.108009835066652	D:-4.87506067381366	D:0.00000154784844610228	D:0.00011161072503795	D:-0.0885199919219787	D:-3.67860033615038	D:0.000264698394694103	D:0.00568403442935986	D:1.43529859240221	D:0.239198362904746	D:0.932707338252518	D:0.00871427279358742	D:-0.0524166253464777	D:0.053136062735529	D:11.3707265324623
S:NKRF	D:-0.0765579562951287	D:-3.93048664513937	D:0.00009919343532963	D:0.00174940335719882	D:-0.0722063652806799	D:-3.67371557579102	D:0.000269652379202197	D:0.0057549710298071	D:1.14407716469963	D:0.319498913356241	D:0.956911684216668	D:0.0176571214512637	D:-0.0353423176463385	D:0.0395076366612756	D:10.2302104832137
S:DDHD2	D:-0.0920106232999576	D:-4.39698356255152	D:0.0000139412343682102	D:0.00044806852103486	D:-0.080013873172552	D:-3.67360173297111	D:0.000269768868701873	D:0.0057549710298071	D:2.03037393797638	D:0.132560831495256	D:0.892106772592489	D:-0.0148074732432312	D:-0.0549105798195172	D:0.0568720761003551	D:13.0061130079241
S:ENOX2	D:-0.0980118076265074	D:-5.98875858095601	D:0.00000000456074000511747	D:0.00000237605547590674	D:-0.0722789672607047	D:-3.6714718942103	D:0.000271956969389913	D:0.00579273072074001	D:2.72588668953954	D:0.0666358773334701	D:0.847670464859297	D:0.0397783776194247	D:-0.0479447708499949	D:0.0622978360610709	D:9.35456639093992
S:TCL1A	D:-0.138127033466977	D:-5.16612394648081	D:0.000000370801829021926	D:0.0000455713115780972	D:-0.109978323425206	D:-3.6711940395941	D:0.000272243652587711	D:0.00579273072074001	D:2.59561411538918	D:0.0757850532130284	D:0.850339905642804	D:0.00603014591572914	D:-0.0884114819942312	D:0.0886168878272153	D:11.7398771917234
S:MMACHC	D:-0.123780183746821	D:-3.96824088630504	D:0.0000852053277875554	D:0.00157969384278616	D:-0.115116374246729	D:-3.67101531722302	D:0.00027242820389745	D:0.00579273072074001	D:1.08623655448801	D:0.338421394089898	D:0.95707960515839	D:-0.0380023697459696	D:-0.0478745575218636	D:0.0611240817045427	D:14.5628141922742
S:SOAT1	D:-0.0546134936288231	D:-3.80532239173579	D:0.000162777515119374	D:0.00247535830579586	D:-0.0525666962313113	D:-3.66866557308191	D:0.000274865553245986	D:0.00583057576396087	D:0.0345425158185148	D:0.966049984590315	D:0.996760838460121	D:-0.000427964364830422	D:0.00487410846613571	D:0.00489286080296799	D:23.6654727948726
S:TMIE	D:-0.215444994313551	D:-5.17774608841479	D:0.00000034974515133543	D:0.0000440057029564037	D:-0.16122501808449	D:-3.6684375557525	D:0.000275103160246248	D:0.00583057576396087	D:0.285151638093811	D:0.752044296058252	D:0.988887668865741	D:0.0240638605737208	D:0.0363878467065616	D:0.0436250475489907	D:2.23181978453855
S:TAB2	D:-0.0998032988072135	D:-3.43574643790459	D:0.000650062856778719	D:0.00648436870051707	D:-0.106112307271746	D:-3.66769458327115	D:0.000275878720678632	D:0.00584067831070547	D:1.63081183469497	D:0.196996014276744	D:0.922219662881213	D:-0.0252832857456279	D:-0.0630641146854941	D:0.0679435581873677	D:13.4564359869943
S:LOC149703	D:-0.136654157004619	D:-3.58921915826515	D:0.000371008032727856	D:0.00437555722349458	D:-0.140340681745196	D:-3.66522002654029	D:0.000278476670995225	D:0.00587575212160462	D:0.682933167874354	D:0.50568789165913	D:0.971534152892322	D:-0.0530236395743392	D:-0.030407520734961	D:0.0611238388107006	D:16.011131894335
S:SMAD3	D:-0.0810706694600215	D:-4.2142983521467	D:0.0000307219106270441	D:0.000764760325558048	D:-0.0718276037871538	D:-3.6649911844401	D:0.000278718082975629	D:0.00587575212160462	D:0.827898237376808	D:0.437671779009264	D:0.966102458322465	D:-0.00387022274320546	D:-0.0324036799639683	D:0.0326339868739526	D:12.4540676172723
S:RRP1B	D:-0.0753427589577847	D:-4.6670885207877	D:0.00000412067735145143	D:0.000204693599464289	D:-0.0625651656551484	D:-3.66390516901115	D:0.000279866436890568	D:0.00587917851607458	D:1.91855370036351	D:0.148091471919931	D:0.893842301812827	D:0.00581768455380738	D:-0.0431448750594184	D:0.0435353384902476	D:11.48803447028
S:SYDE2	D:-0.148212988449906	D:-4.23861856560366	D:0.0000276989444291295	D:0.000719767384427686	D:-0.132156644381613	D:-3.66390108173579	D:0.000279870767172027	D:0.00587917851607458	D:2.30161851626875	D:0.101345967965855	D:0.870946539528028	D:-0.0422922450233316	D:-0.0915573701246715	D:0.100853289551009	D:13.6528795264239
S:ARHGAP25	D:-0.0801219054470815	D:-3.57131132581717	D:0.000396511436246002	D:0.00458475146490126	D:-0.0830906126535668	D:-3.66368088361803	D:0.000280104150169666	D:0.00587917851607458	D:0.311235444843426	D:0.732708582175572	D:0.988887668865741	D:-0.0222484479609764	D:0.011484353724658	D:0.0250376479954755	D:19.8201455230385
S:LRRC49	D:-0.172608940523596	D:-4.19986795708228	D:0.0000326616850257424	D:0.000796408152427336	D:-0.149897751810255	D:-3.66113792290638	D:0.000282812670738321	D:0.00591696188318793	D:0.941688978076333	D:0.39078261151136	D:0.960227634080898	D:0.0661742246077643	D:0.0387543134275495	D:0.0766871880543262	D:3.97633517246465
S:UNC13B	D:-0.177318969583967	D:-3.98268634152784	D:0.000080365468634143	D:0.0015100207909421	D:-0.162749559159986	D:-3.65707112115248	D:0.000287195483547487	D:0.00598785705464948	D:0.289978988176736	D:0.748427557118893	D:0.988887668865741	D:0.0151813871682749	D:0.0413221879316404	D:0.0440226956445294	D:1.34485747522393
S:KIAA1715	D:-0.0656929862528365	D:-3.42782439953891	D:0.000668790582371441	D:0.00660568569605722	D:-0.0702273508690124	D:-3.65698562491395	D:0.000287288305006193	D:0.00598785705464948	D:1.77490103080983	D:0.170757147638864	D:0.91041816731136	D:-0.036527529040827	D:-0.0319956584035558	D:0.0485590623314072	D:15.2522547281422
S:DAZAP2	D:-0.101381039183453	D:-3.59395272756742	D:0.0003645285790359	D:0.00432761419376702	D:-0.103063471989064	D:-3.65657604413664	D:0.000287733369546894	D:0.00598785705464948	D:0.616754170488706	D:0.540176770657318	D:0.976081273181508	D:-0.0295391163785613	D:-0.0295423224000307	D:0.041776886064109	D:14.9997927250895
S:HCG9	D:-0.19173524524732	D:-3.28123342538243	D:0.00112023342174068	D:0.00938297526542422	D:-0.213962623229242	D:-3.6551801786128	D:0.000289255038946763	D:0.00600271189057519	D:0.370768561731191	D:0.69042719881968	D:0.986869111240858	D:0.0676241007456609	D:-0.0219044632720258	D:0.0710832224430971	D:7.19652791936161
S:IQGAP2	D:-0.11407637581154	D:-4.74303945661103	D:0.00000289363032571874	D:0.000164852566165801	D:-0.0934699146834817	D:-3.65479530517243	D:0.000289675928192641	D:0.00600271189057519	D:1.85693529545862	D:0.157418009442715	D:0.902291892370149	D:0.0016972896496734	D:-0.0638886815457392	D:0.063911222972243	D:11.8985478463566
S:GPRASP1	D:-0.121118937168863	D:-3.94472201853123	D:0.0000936812593552713	D:0.00168565882970659	D:-0.113938088880875	D:-3.6541924296809	D:0.000290336377226967	D:0.00600543610777035	D:4.20277445922004	D:0.015581649582671	D:0.71710010037883	D:-0.0317313450309766	D:-0.112782892866061	D:0.117161679659828	D:13.0475926598835
S:STXBP4	D:-0.113772773728061	D:-4.85008476431802	D:0.00000174422425876064	D:0.000118440417064876	D:-0.0915083277521837	D:-3.65411432711092	D:0.000290422041955017	D:0.00600543610777035	D:0.657923919524218	D:0.51845336353592	D:0.972886610373122	D:-0.022828983153705	D:-0.0302782070253604	D:0.0379200776964226	D:14.4676897632094
S:SP140	D:-0.0856268441149784	D:-5.48147770511895	D:0.0000000730811950543166	D:0.0000160925198114223	D:-0.0658825206822343	D:-3.65281056686769	D:0.000291855550344443	D:0.0060223329559459	D:1.96962799558944	D:0.140783030264062	D:0.893013200900893	D:0.00349652039050178	D:-0.0463556550206121	D:0.0464873359876773	D:11.7124303065164
S:MKRN3	D:-0.180555477066055	D:-3.6526730588754	D:0.00029249598288137	D:0.00374638463724294	D:-0.180790191010997	D:-3.65239520018702	D:0.000292313649023568	D:0.00602542301220414	D:1.97601123360772	D:0.139895473149222	D:0.893013200900893	D:-0.135351005005248	D:-0.0260223669484033	D:0.137829815851027	D:17.2744797853558
S:OSBPL3	D:-0.0839665241681599	D:-3.95510230677488	D:0.0000898462376125548	D:0.00163763014380224	D:-0.0780753029625801	D:-3.65131348106153	D:0.000293509827279891	D:0.00603838925116355	D:0.24000890506654	D:0.786727644132354	D:0.989364001696824	D:0.0164772603876717	D:-0.0121921990578997	D:0.0204975566287932	D:8.43328356240771
S:E2F3	D:-0.111241289983639	D:-3.2934314967972	D:0.00107392475430052	D:0.0091201927960828	D:-0.122928988383952	D:-3.6512675612208	D:0.000293560707671326	D:0.00603838925116355	D:1.15754577427162	D:0.315247478127404	D:0.956911684216668	D:0.0111311075312821	D:-0.0658377601072686	D:0.0667720915563921	D:11.3602547253002
S:KDM6A	D:-0.088363953269764	D:-3.48871303605062	D:0.000536888627404354	D:0.00568328313548671	D:-0.0923579531830118	D:-3.6507297272565	D:0.000294157259427271	D:0.00604429758829473	D:0.839074929872145	D:0.432826233926239	D:0.966078042387016	D:-0.0234549380276889	D:-0.0361037777628669	D:0.0430536512578574	D:14.2006600336055
S:HMGCR	D:-0.0744260709892197	D:-3.28498587110335	D:0.00110579399517525	D:0.0093097410922472	D:-0.0831188210170429	D:-3.64847131488947	D:0.00029667469378513	D:0.00608702993458837	D:0.0119702062930161	D:0.988101485498366	D:0.998940164677581	D:0.00421088199724851	D:0.00234550428488605	D:0.00482005368695935	D:4.05878309627348
S:TINAG	D:-0.273892740626126	D:-3.50452442109508	D:0.000506854868613129	D:0.00545399283456451	D:-0.287744627816556	D:-3.64802783345624	D:0.000297171411780222	D:0.00608702993458837	D:0.335170390591578	D:0.715405517933362	D:0.988037262416837	D:0.0773124861793132	D:0.0427252427949032	D:0.0883327056707192	D:4.0715745825727
S:PGRMC2	D:-0.0536745723960979	D:-5.10090999109081	D:0.000000513742630889576	D:0.0000580291604058567	D:-0.0412771960242558	D:-3.64719377692022	D:0.000298107708613004	D:0.00609335445068891	D:1.02596113455407	D:0.359339818679783	D:0.959270072771647	D:0.00303193336501986	D:-0.0208903282475957	D:0.0211092025956031	D:11.4494663619027
S:FAM54A	D:-0.162267429700476	D:-4.11841788154077	D:0.0000459942968937295	D:0.00100309660223255	D:-0.145156427893232	D:-3.64691999997833	D:0.000298415649624343	D:0.00609335445068891	D:0.597091536698719	D:0.55087225868218	D:0.977958477099463	D:-0.0543083343980518	D:-0.0251664138911033	D:0.0598560237004508	D:16.3424701978088
S:COL20A1	D:-0.259145697348125	D:-3.83264576774767	D:0.000146260710377158	D:0.00230119206238328	D:-0.247096111881093	D:-3.64543894532422	D:0.000300086712108028	D:0.00611469701908548	D:0.237007610040786	D:0.78908973155272	D:0.98944356115591	D:0.0498942455061486	D:0.0384323662539948	D:0.0629800167553886	D:3.49291890485186
S:SEH1L	D:-0.0732376282679917	D:-3.9769711710729	D:0.0000822482659874514	D:0.00153653285436021	D:-0.0684918806586245	D:-3.64414765994091	D:0.00030155083206381	D:0.00613813000974885	D:1.77396996235566	D:0.170914887477698	D:0.91041816731136	D:0.00728838102821286	D:-0.0455474117209333	D:0.046126859989475	D:11.3939165197889
S:ARL5B	D:-0.077397703014981	D:-3.56958067762869	D:0.000399061372353019	D:0.00460878148767751	D:-0.0791722412010249	D:-3.64330540409632	D:0.000302509435988369	D:0.00614761250905824	D:0.911117873531245	D:0.402860170482102	D:0.963796907670492	D:-0.0266773040525784	D:-0.028505744618379	D:0.0390417216290722	D:14.8734833528352
S:RUNDC1	D:-0.0509377048729474	D:-3.47038826266088	D:0.000573776089018967	D:0.00594494090960743	D:-0.054947412388089	D:-3.64318572044032	D:0.000302645884740496	D:0.00614761250905824	D:0.0575138020501651	D:0.944116223252622	D:0.996760838460121	D:-0.00571732503619905	D:0.0041772872466034	D:0.00708078627768018	D:20.4102155643767
S:PGBD4	D:-0.09427274995055	D:-4.2182210326142	D:0.0000302139128059924	D:0.000755966799157358	D:-0.0856783743047236	D:-3.6405186634319	D:0.000305701586053934	D:0.00620323436456896	D:2.174227676722	D:0.114961847596449	D:0.882699199953716	D:-0.0370200845706837	D:-0.0529633598404419	D:0.0646189147789462	D:14.3301733973529
S:FIP1L1	D:-0.0740638767876307	D:-4.91392633375944	D:0.0000012840169812753	D:0.000100363903324403	D:-0.0590426458160243	D:-3.63761970928286	D:0.000309055847784124	D:0.00625162769901861	D:1.16016152340047	D:0.314428418374367	D:0.956911684216668	D:0.00930023504987514	D:-0.0310860712646624	D:0.0324474682934523	D:10.8896020478803
S:COLQ	D:-0.0779223091342777	D:-2.94265345849078	D:0.00343534053238007	D:0.0204664601656217	D:-0.0963150307757695	D:-3.63760467217974	D:0.000309073336414539	D:0.00625162769901861	D:0.754796663437792	D:0.470736742901646	D:0.967850917475504	D:-0.00364935434925837	D:-0.04194612828083	D:0.042104577719273	D:12.3314845988862
S:KIAA0528	D:-0.0748731358116851	D:-4.47936317958025	D:0.00000967446477156837	D:0.000349532252243623	D:-0.065093873174576	D:-3.6371131174795	D:0.000309645542503062	D:0.00625162769901861	D:1.19516462812439	D:0.303671551480308	D:0.955635606725854	D:0.0174583664299981	D:-0.0324619411075565	D:0.0368588141273502	D:10.1152118799673
S:SAP18	D:-0.0593618608755177	D:-4.02314547202058	D:0.0000681599677527187	D:0.001337262981783	D:-0.0540118535638044	D:-3.63707832941575	D:0.000309686076078502	D:0.00625162769901861	D:0.312652634093694	D:0.731672454292783	D:0.988887668865741	D:-0.00291854987287065	D:-0.0149171387140261	D:0.0151999658148935	D:12.7380083890031
S:CCDC47	D:-0.0525428419892597	D:-3.84431367248888	D:0.000139701524981824	D:0.00223396685734027	D:-0.0497392500755292	D:-3.63637830404731	D:0.000310502776211891	D:0.00626164576878901	D:1.12206726171706	D:0.32657080121523	D:0.956911684216668	D:-0.0103594787361699	D:-0.0245691785323273	D:0.0266638956913375	D:13.5241661361247
S:AGPAT9	D:-0.0972354131200856	D:-3.50118919880506	D:0.000513056199888346	D:0.00549048806244149	D:-0.101796049202933	D:-3.63514514004785	D:0.000311946398840315	D:0.00628110030889851	D:0.237474218065383	D:0.788722033188956	D:0.98944356115591	D:-0.0199750130653037	D:0.0174524935905051	D:0.0265252837776654	D:20.7429493460344
S:USPL1	D:-0.0852854872790417	D:-3.83978985101858	D:0.000142210909798508	D:0.00225930356778263	D:-0.0810109632494892	D:-3.63469794736979	D:0.000312471468196488	D:0.00628110030889851	D:1.39295461957697	D:0.249474471816235	D:0.935158383610406	D:-0.0389836047433413	D:-0.0314748912963564	D:0.0501037944760925	D:15.4055341891368
S:TBC1D24	D:-0.0835163910193327	D:-4.43569642602445	D:0.000011750022497289	D:0.000399316851512215	D:-0.0698650735516667	D:-3.63445827822523	D:0.000312753216342984	D:0.00628110030889851	D:0.106340712457793	D:0.899142225586651	D:0.992442311252707	D:-0.00324846331143627	D:-0.0110244240083452	D:0.0114930604540969	D:13.0945445214653
S:AASDHPPT	D:-0.0912046136601787	D:-4.08300614619629	D:0.0000532825456063329	D:0.00111836114252776	D:-0.0827446612412163	D:-3.63326062165248	D:0.000314164726944969	D:0.00630297015321523	D:2.21200211716048	D:0.110743045687048	D:0.879246613532333	D:-0.00554315948265973	D:-0.0617475805905879	D:0.0619958895882731	D:12.341984334826
S:COL13A1	D:-0.199351932727729	D:-3.74863271369251	D:0.000202825959273596	D:0.00287412767959777	D:-0.195843633096099	D:-3.6322725069027	D:0.000315333783445855	D:0.00631993585878507	D:0.26419817162551	D:0.767947661848082	D:0.989044741352382	D:-0.0486009290792404	D:-0.0232575283246505	D:0.0538791511731326	D:16.2951321533584
S:RAD54B	D:-0.159666179442927	D:-4.1454512587671	D:0.0000410799069811872	D:0.000935597275430512	D:-0.142396945255865	D:-3.6318107771492	D:0.000315881464243661	D:0.00632442591473911	D:0.425835779853005	D:0.653502640555482	D:0.985706471962942	D:-0.0143466030622473	D:-0.0446934110208524	D:0.0469395995733297	D:13.1864434178895
S:ESYT2	D:-0.0574271310476911	D:-4.02783131406971	D:0.0000668659654273914	D:0.00131716515162969	D:-0.0529644389012898	D:-3.63018777747443	D:0.000317813684940363	D:0.00635184568175969	D:1.84242945456089	D:0.159698095672678	D:0.902968891070543	D:-0.00684478155161445	D:-0.0355983206456761	D:0.036250399546511	D:12.7255932236329
S:LOC100505683	D:-0.160359053682082	D:-3.94903483991992	D:0.0000920694082637573	D:0.001664318507754	D:-0.149517440735897	D:-3.62757050969478	D:0.000320953011985578	D:0.00640627457324839	D:1.04095807051686	D:0.35401678309229	D:0.959270072771647	D:-0.0669010562810248	D:-0.0451466673438312	D:0.0807091872327519	D:15.7324962335518
S:APPBP2	D:-0.0697545171974335	D:-4.03316425864687	D:0.0000654216557510718	D:0.0012965563641295	D:-0.0631376704673488	D:-3.62528057387251	D:0.000323723583957163	D:0.00644183990996882	D:1.48509640372434	D:0.227656061427539	D:0.93028611335474	D:-0.0325395795788921	D:-0.024223631170202	D:0.0405661009494508	D:15.555645303708
S:PIGN	D:-0.215762554511444	D:-3.79619182986917	D:0.000168678869112676	D:0.00254136760318488	D:-0.207103562707924	D:-3.62472953938734	D:0.000324393620469142	D:0.00644860197109613	D:1.2887566800153	D:0.276690539725984	D:0.945177761851952	D:-0.0621774851664484	D:-0.102937360150736	D:0.120258637013839	D:14.0755553336244
S:LOC100130924	D:-0.181681520931909	D:-3.9212635126312	D:0.000102927343392384	D:0.00180385938765073	D:-0.169701565038691	D:-3.62419736880688	D:0.00032504195546775	D:0.006452979098645	D:2.97739695342366	D:0.0519910080107177	D:0.83656058396868	D:0.132447002935723	D:-0.0874938543294789	D:0.158736836090693	D:8.22990396688374
S:LARS2	D:-0.0987426788921968	D:-4.19754650858842	D:0.0000329844444376969	D:0.000801677896463974	D:-0.0867745849994604	D:-3.62400692557378	D:0.000325274264989782	D:0.006452979098645	D:1.55659806880847	D:0.212054553246158	D:0.927560151843468	D:-0.0373428360242164	D:-0.0418907921303382	D:0.0561188548318541	D:14.780991071478
S:RANBP2	D:-0.0735456379631268	D:-3.58980585743529	D:0.000370199114528427	D:0.00437555722349458	D:-0.0747056537985374	D:-3.62243742158627	D:0.000327194749514933	D:0.00646325179775266	D:5.57382724075813	D:0.00407934146727397	D:0.619506875420677	D:0.0142844519238345	D:-0.0885759917496376	D:0.0897204095019423	D:11.3892608553889
S:ITGA2	D:-0.125427153631918	D:-3.38149578519589	D:0.000788780486356254	D:0.00738551005456998	D:-0.13332442737889	D:-3.62219411794087	D:0.000327493413627803	D:0.00646325179775266	D:2.1126531301015	D:0.122187724241933	D:0.888724539846668	D:0.0544398863707148	D:-0.0855583385739414	D:0.101409716139971	D:9.8354549699296
S:HPDL	D:-0.123849271358785	D:-4.021557658505	D:0.0000686038133490425	D:0.00134462097959241	D:-0.112305790965928	D:-3.62219029895997	D:0.000327498103606694	D:0.00646325179775266	D:0.829040345431107	D:0.437174139340562	D:0.966102458322465	D:0.0227950360151146	D:-0.0478190195022839	D:0.0529742606658194	D:10.3008764003172
S:PUM2	D:-0.0443466553560578	D:-3.2643977387023	D:0.00118719616396782	D:0.00979273965390261	D:-0.0493692548431311	D:-3.61909732707504	D:0.000331317274831573	D:0.00651991023915787	D:1.40671303679437	D:0.246087808944445	D:0.933288553535957	D:-0.0317529258435515	D:-0.00482582316029313	D:0.0321175476772511	D:17.4238862445576
S:C21ORF122	D:-0.116871356908422	D:-3.87831816900656	D:0.000122135544804999	D:0.00205391624873879	D:-0.111006507350927	D:-3.61818688538005	D:0.000332449422384481	D:0.00653560780967318	D:3.8518015722671	D:0.0219886049667297	D:0.730351563745367	D:-0.0611382954483009	D:-0.0937001348103675	D:0.11188210953412	D:14.208266733752
S:SRPK2	D:-0.0694083097213782	D:-3.45454775992896	D:0.000607557818482563	D:0.00619315979706195	D:-0.0733595409806781	D:-3.61783507741754	D:0.000332887873054703	D:0.00653765017825321	D:1.54808305787991	D:0.213854673202224	D:0.927783481998367	D:-0.0233491188889789	D:0.0414840383298841	D:0.0476036426027144	D:22.0418130462661
S:PSMD1	D:-0.0468941308417591	D:-3.95433337077511	D:0.0000901251394992807	D:0.00163826544274925	D:-0.0437788219922201	D:-3.61714982159132	D:0.000333743451931522	D:0.00654787228332718	D:3.55605744708146	D:0.0294057605645875	D:0.768175321772294	D:0.0168319963759824	D:-0.0392400429869762	D:0.0426977408725664	D:10.4522074646709
S:CSMD2	D:-0.102898757230912	D:-3.85673390063932	D:0.000133025436703455	D:0.00216801506140301	D:-0.0962483245319157	D:-3.6166144468275	D:0.000334413332575975	D:0.00655150504496762	D:0.423113965009853	D:0.65528021290859	D:0.985706471962942	D:0.0345713126436084	D:-0.000144745547912445	D:0.0345716156575848	D:6.0159925670637
S:TSHZ2	D:-0.0721520931656169	D:-4.00411617468157	D:0.0000736634017867358	D:0.00142661698148127	D:-0.0681188182231303	D:-3.61646611641925	D:0.000334599152288915	D:0.00655150504496762	D:4.31625216713842	D:0.0139412367944867	D:0.709441948440271	D:-0.0115406392047074	D:-0.0706810704568732	D:0.0716170375970879	D:12.6182193840507
S:DDAH1	D:-0.213567544148731	D:-3.51918458884599	D:0.000480419017625375	D:0.00524755060000975	D:-0.218637142442574	D:-3.61423776544617	D:0.00033740239571265	D:0.0065997799946155	D:0.721839250052031	D:0.486453855699705	D:0.970580953256742	D:0.0926958875206486	D:-0.0425009007229271	D:0.101974772005143	D:7.64209148035733
S:DSTN	D:-0.0888224866450974	D:-4.13096818676624	D:0.0000436469732094188	D:0.000975864420463676	D:-0.0791154626871016	D:-3.61114844240887	D:0.000341325225899149	D:0.00666317306622904	D:2.7643836891199	D:0.06415090571018	D:0.843417029624719	D:-0.0124444776848317	D:-0.0655042638499485	D:0.0666758847513247	D:12.717122814472
S:RIOK1	D:-0.0810892452174684	D:-4.65849840784667	D:0.00000428749566777972	D:0.000207895664625517	D:-0.0671957317486007	D:-3.60981749948275	D:0.000343028423618194	D:0.00668750794424783	D:1.06824765380778	D:0.34453297672861	D:0.957290336661063	D:0.0217337700746124	D:-0.029553195613827	D:0.0366844399254677	D:9.57791974385101
S:IKZF3	D:-0.0793542812306935	D:-4.2894518314611	D:0.0000222712578524417	D:0.000625291163354257	D:-0.0695349502503811	D:-3.60723914855792	D:0.000346350643864436	D:0.00674107363720612	D:1.72958130307269	D:0.178607489908532	D:0.91519715858405	D:-0.0071967302804844	D:-0.0458331449861281	D:0.0463947206700233	D:12.5949154956184
S:DLG3	D:-0.0951284646593038	D:-4.18072011504355	D:0.0000354164347739959	D:0.000841937411093254	D:-0.0847924056684996	D:-3.60676755815448	D:0.000346961548906273	D:0.00674201130265748	D:1.58390904004697	D:0.206382941536204	D:0.927138374549935	D:0.0115181240055714	D:-0.0534358954533268	D:0.0546631695340345	D:11.1890657145576
S:TMEM27	D:-0.207395420073806	D:-3.43243040202746	D:0.00065784161558657	D:0.00653195274907376	D:-0.219649043346683	D:-3.6059544045317	D:0.000348017296215705	D:0.00674201130265748	D:3.71290851326434	D:0.0252035035954748	D:0.747595467518561	D:0.0551749412735907	D:-0.210269820155365	D:0.217388296402344	D:11.0198013765112
S:SEPT7	D:-0.0714342854758577	D:-4.43110436598547	D:0.0000119915624610875	D:0.000406817920229358	D:-0.0604878793552237	D:-3.6057988583365	D:0.000348219590846912	D:0.00674201130265748	D:1.66567881032486	D:0.190296901204108	D:0.921744746511297	D:0.0157307984197451	D:-0.0373030145554015	D:0.0404842304341228	D:10.4756462912577
S:G2E3	D:-0.107831496876873	D:-3.89237994309357	D:0.000115500714077796	D:0.00197117856226569	D:-0.100643305713905	D:-3.60546262421954	D:0.000348657255265974	D:0.00674201130265748	D:0.764142621651598	D:0.4663733092233	D:0.967692421145506	D:-0.046430759986447	D:0.0146138066410309	D:0.0486762654428263	D:19.1647391069842
S:LDOC1L	D:-0.0791371411535561	D:-3.67670073462895	D:0.000267071868654052	D:0.00351354329215474	D:-0.0775827523546676	D:-3.60543057893633	D:0.00034869899445193	D:0.00674201130265748	D:2.15274167418148	D:0.117433155272253	D:0.885569066506476	D:0.025957269751788	D:-0.0532992209076838	D:0.0592839506302774	D:10.2688960457926
S:ITGB8	D:-0.150697508336807	D:-3.95437523073456	D:0.000090109935312703	D:0.00163826544274925	D:-0.140679871298154	D:-3.60477217258454	D:0.000349557611801125	D:0.0067497087867646	D:2.35477731469844	D:0.0961547331563023	D:0.867885582684249	D:-0.0131378439203306	D:-0.108804727749501	D:0.109595035122573	D:12.4589974515367
S:ATP6V0A2	D:-0.0689034372403998	D:-4.11451284091132	D:0.0000467488481905357	D:0.00101389483073391	D:-0.0609890835939165	D:-3.60280901936187	D:0.000352129523935564	D:0.00678237543361371	D:0.637110215231106	D:0.52932383531403	D:0.975430279911244	D:-0.0200788010591268	D:-0.0161105894545217	D:0.0257431416991815	D:15.4171702837987
S:C12ORF35	D:-0.0700760340014016	D:-3.03867121634509	D:0.00252537946886804	D:0.0165190388630756	D:-0.0841347988999949	D:-3.60268649996173	D:0.000352290623055008	D:0.00678237543361371	D:0.438677363201894	D:0.645181142423552	D:0.985369125557149	D:-0.0218456563932804	D:-0.0195698336099032	D:0.0293293554442059	D:15.2096864887344
S:HOXB6	D:-0.162304756912668	D:-3.79738499218672	D:0.000167896378629179	D:0.00253153019659937	D:-0.153996935041784	D:-3.60231722565628	D:0.000352776595454127	D:0.00678504670449714	D:0.889480250786449	D:0.411634434381174	D:0.96415212136371	D:0.0744754652951665	D:-0.0297375566673134	D:0.0801929997410823	D:7.45109977178754
S:TNIK	D:-0.0772693157471924	D:-4.12462821762465	D:0.0000448181292186123	D:0.000986169577654339	D:-0.0692921681684418	D:-3.60193552345368	D:0.000353279584493062	D:0.0067880396859183	D:6.46831171433595	D:0.00170941450154051	D:0.540621307029361	D:-0.0296397652446458	D:-0.084799179838888	D:0.0898299314544199	D:13.2843998029906
S:INTS7	D:-0.0928982698343778	D:-4.15655147584399	D:0.0000392104483163857	D:0.000902879965015536	D:-0.0815996976345371	D:-3.60166035941137	D:0.000353642600032407	D:0.00678833992851991	D:1.09559343589328	D:0.335285653102823	D:0.95707960515839	D:-0.0450586935879458	D:-0.012423897033585	D:0.0467401228641251	D:16.9723354769873
S:CNOT6L	D:-0.0787517084732235	D:-4.32738273008561	D:0.0000188998471130856	D:0.000560427788219736	D:-0.0683584737150146	D:-3.60106766676123	D:0.000354425710930467	D:0.00679669560087562	D:0.83238881544398	D:0.435718417174137	D:0.966102458322465	D:-0.00246178416922256	D:-0.0316067779022747	D:0.031702504485601	D:12.2969102597432
S:PIK3C3	D:-0.0774189209356139	D:-3.87789285183872	D:0.000122341735910296	D:0.00205561467018322	D:-0.0721873097139272	D:-3.60004827366014	D:0.000355776419298583	D:0.00680816686947742	D:1.03706801262185	D:0.355389868864939	D:0.959270072771647	D:-0.0344886257080885	D:-0.0192289334107477	D:0.0394869242072308	D:16.0572267406773
S:GFPT2	D:-0.242142965819464	D:-3.70280502695731	D:0.00024181371860376	D:0.00325950845187079	D:-0.23647486101705	D:-3.5998547504645	D:0.00035603338490892	D:0.00680816686947742	D:0.456974497011638	D:0.633507951051447	D:0.984208797062414	D:-0.0860527561090419	D:0.0216074292924276	D:0.0887240544305179	D:18.9396856280689
S:LRMP	D:-0.0849035289535514	D:-3.5567993858337	D:0.000418374891486845	D:0.00477113664862977	D:-0.0860029085368904	D:-3.5981336743985	D:0.000358326353893265	D:0.00684017018457191	D:0.97016962603442	D:0.379858423035573	D:0.960227634080898	D:-0.0470241767879466	D:0.00067136958507021	D:0.0470289691541694	D:18.0545308577215
S:SNAP47	D:-0.0677916951444485	D:-4.64404358690401	D:0.00000458296425714289	D:0.000217897091359682	D:-0.0551357272238722	D:-3.59804641278384	D:0.000358442979837349	D:0.00684017018457191	D:1.13804477325192	D:0.321421701234453	D:0.956911684216668	D:-0.0086280047523703	D:-0.0287071926790131	D:0.0299757464880678	D:13.1152171151207
S:TRAF3IP2	D:-0.118440673304694	D:-3.91887843185223	D:0.000103914370597307	D:0.00181952573104118	D:-0.109197411130253	D:-3.59682995122914	D:0.000360072505875807	D:0.0068520555948063	D:0.754483947459057	D:0.470883450557072	D:0.967850917475504	D:-0.0229079850091621	D:-0.0430206583582345	D:0.0487396432358293	D:13.8689844167513
S:LEPROTL1	D:-0.111563824067591	D:-3.84977337061612	D:0.000136728740173163	D:0.00220463180727239	D:-0.105387889016907	D:-3.59679624423425	D:0.000360117757323887	D:0.0068520555948063	D:3.01696818679891	D:0.0500014072724916	D:0.832973145363817	D:-0.035829741936623	D:-0.0865068931851463	D:0.0936333966904508	D:13.499902518633
S:LOC100506538	D:-0.244794317444031	D:-3.78706490486325	D:0.000174779320698012	D:0.0026151322402449	D:-0.23235521892674	D:-3.59529777293861	D:0.000362134847044535	D:0.00688245831325745	D:0.668983309536568	D:0.512768865131937	D:0.972588590326146	D:-0.0832443582984318	D:-0.0577805008391142	D:0.101332173892286	D:15.6823473501556
S:EPHX4	D:-0.190962133172011	D:-3.95823663053311	D:0.000088717825127351	D:0.00162477508979715	D:-0.174861961810953	D:-3.59477446103228	D:0.000362841770581165	D:0.00688245831325745	D:0.0337360138941336	D:0.966829294491308	D:0.996760838460121	D:-0.00838563078158967	D:0.0146367765649364	D:0.0168687294073092	D:22.0127301321791
S:EBF1	D:-0.143717602725024	D:-4.9818861971783	D:0.000000923398558347999	D:0.0000801961387941256	D:-0.113447638037561	D:-3.59474701650436	D:0.000362878880135225	D:0.00688245831325745	D:1.75190044869035	D:0.174697029860326	D:0.911587746465428	D:-0.0266634634355504	D:-0.0719605772014764	D:0.0767415464631029	D:13.3554077848853
S:AKNAD1	D:-0.325022633421453	D:-3.96492407709232	D:0.0000863549820751187	D:0.00159495529747627	D:-0.295193057859463	D:-3.59353480178731	D:0.000364521552735027	D:0.00688245831325745	D:0.00560471090327862	D:0.994411039852352	D:0.998986771015417	D:-0.0116526647832632	D:-0.0033127982238636	D:0.0121144223396387	D:16.9419864234126
S:MANF	D:-0.0928194475295475	D:-4.37604534445528	D:0.0000152841775819572	D:0.000476156609146823	D:-0.0782004683423474	D:-3.59340086665618	D:0.000364703475705456	D:0.00688245831325745	D:1.53964007163012	D:0.215654725937002	D:0.927783481998367	D:0.0511221816122496	D:-0.0168925920670074	D:0.0538408499147084	D:7.21902649316045
S:C19ORF40	D:-0.252326336168227	D:-3.66406024515833	D:0.00028017581984114	D:0.00363298984440325	D:-0.246970782508421	D:-3.59326072351799	D:0.000364893922164286	D:0.00688245831325745	D:0.0615176108736913	D:0.940344776193696	D:0.996544133174305	D:-0.0337773853824051	D:-0.0032186353085357	D:0.0339303901616363	D:17.6371160356188
S:CCRL1	D:-0.193377935829137	D:-3.50629623175277	D:0.000503589052175339	D:0.00543381207540491	D:-0.19581463420986	D:-3.59324896260257	D:0.00036490990881483	D:0.00688245831325745	D:2.50710299724332	D:0.0827115908404919	D:0.860742263980279	D:0.172353118772411	D:-0.00405943011364525	D:0.172400917988926	D:6.08994913845499
S:NETO1	D:-0.122814725835447	D:-3.97947663924201	D:0.000081417774615862	D:0.00152522344412305	D:-0.115070311663848	D:-3.59320610836949	D:0.000364968166273427	D:0.00688245831325745	D:0.842923395750075	D:0.431170274067335	D:0.966078042387016	D:-0.0481875678393759	D:-0.0297530928373096	D:0.056632925296686	D:15.8871346749169
S:TAF1B	D:-0.108560131039461	D:-4.52478623599729	D:0.00000789032078779673	D:0.000309607948823968	D:-0.0903905587717472	D:-3.59033233142655	D:0.0003688948490726	D:0.00693542851648746	D:1.95600409026762	D:0.142696335872447	D:0.893013200900893	D:-0.0157799815423827	D:-0.0625420318955014	D:0.0645020431544293	D:12.9440496425404
S:ITGB1	D:-0.0879778655617978	D:-4.51586927402423	D:0.00000821358275396087	D:0.000318455596418947	D:-0.0743563054160365	D:-3.58767630112174	D:0.000372559220461408	D:0.00699344834489565	D:2.39993427933702	D:0.0919552886848337	D:0.866885347683666	D:-0.002236389989598	D:-0.0587590428124056	D:0.0588015863086677	D:12.1453097069893
S:YTHDF1	D:-0.060998441220628	D:-3.99313268569604	D:0.0000770292372532398	D:0.00147302399675281	D:-0.0554878812575306	D:-3.58619720998723	D:0.000374614612120738	D:0.00702528227970378	D:0.917476502283636	D:0.400317589012191	D:0.963397890321278	D:0.0261171343810823	D:-0.0133563581912732	D:0.0293342293645683	D:7.80568661660595
S:DDX52	D:-0.0624435973278856	D:-4.45485419376046	D:0.0000107916856078701	D:0.00037907871901019	D:-0.0531730341886762	D:-3.58583134165334	D:0.000375124672850817	D:0.00702810281129225	D:2.31207833609748	D:0.100302723915666	D:0.870946539528028	D:0.0207905269148993	D:-0.0371099258097713	D:0.0425369557327024	D:10.0493755743382
S:DROSHA	D:-0.108516697724999	D:-4.57878441796835	D:0.00000617858209496394	D:0.000266663303840885	D:-0.089624141928393	D:-3.5848791633403	D:0.000376455169899429	D:0.00704304218817197	D:3.87780854352304	D:0.0214340971870842	D:0.730351563745367	D:0.00824942712405483	D:-0.0900889714333332	D:0.0904658820870665	D:11.6512019353003
S:ZNF70	D:-0.118977837109953	D:-4.46116906816825	D:0.0000104925480166839	D:0.000373469728222259	D:-0.0987356439723572	D:-3.58348233098701	D:0.000378415002832944	D:0.00706941450321086	D:0.785820680479936	D:0.456408069381859	D:0.967692421145506	D:-0.0448108323754751	D:-0.0167251217044167	D:0.0478303292295848	D:16.6354997607214
S:ITGB7	D:-0.100420728901909	D:-4.4490111249498	D:0.0000110757393912213	D:0.000383483066185257	D:-0.0839295970527949	D:-3.58165134834644	D:0.00038099846931347	D:0.00710857670877572	D:1.43644108555516	D:0.238927072713831	D:0.932707338252518	D:-0.0123886605162977	D:-0.0499312935282013	D:0.0514452425670972	D:12.9289668805878
S:DNAJC18	D:-0.109392583200158	D:-4.17586812321959	D:0.0000361488658578276	D:0.000852395885419209	D:-0.0954824098375482	D:-3.58115387125442	D:0.000381703248600091	D:0.007110451078069	D:0.201398173344266	D:0.817664986653865	D:0.990538766746216	D:-0.0197585229577103	D:-0.0119078507802397	D:0.0230693766642019	D:15.9282619788598
S:KIAA1267	D:-0.0652751645431472	D:-3.70274929106819	D:0.000241865168374835	D:0.00325950845187079	D:-0.0631326674586949	D:-3.57997472908652	D:0.00038337863467778	D:0.00712807031421361	D:1.53427071042052	D:0.21680738991959	D:0.927783481998367	D:0.00780692902860167	D:-0.0395571188466436	D:0.0403201412733774	D:11.2557115582619
S:TTC8	D:-0.100154135135701	D:-3.42060052054992	D:0.0006863055286596	D:0.00670554816776862	D:-0.105468369646167	D:-3.57901167039384	D:0.000384752112588416	D:0.00714680706472455	D:0.85630070104248	D:0.425463501766115	D:0.965712415649048	D:0.0291994859534841	D:-0.0428246440955806	D:0.0518320376008976	D:9.7141555345497
S:DTX4	D:-0.234617644082911	D:-3.55369372624895	D:0.000423198316939967	D:0.00479512050818995	D:-0.23671256724451	D:-3.57771116309468	D:0.000386614171680058	D:0.00717168657992412	D:0.0485201069460325	D:0.952643472656605	D:0.996760838460121	D:-0.0158970292208051	D:0.0227217904948113	D:0.0277307645285381	D:21.6681266922269
S:TCERG1	D:-0.102490130301664	D:-3.80588085267846	D:0.000162422966826585	D:0.0024723684557259	D:-0.0977574492808984	D:-3.57756391767615	D:0.00038682552864439	D:0.00717168657992412	D:1.44811077618762	D:0.236173694558581	D:0.932707338252518	D:-0.00615520511110142	D:-0.0598647288202848	D:0.06018033156012	D:12.3913627123153
S:KRT10	D:-0.103540404453036	D:-4.18249828141529	D:0.0000351515706441255	D:0.00083694130582519	D:-0.0900344200407449	D:-3.577011876374	D:0.000387618897156949	D:0.00717958376241132	D:0.967889528417896	D:0.380721575910376	D:0.960227634080898	D:-0.0346079160622795	D:-0.0316707238864983	D:0.0469120731333481	D:15.169163276044
S:CAPN2	D:-0.098695576064486	D:-3.96700541242906	D:0.0000856318542135471	D:0.00158609674235727	D:-0.089936430211686	D:-3.57577303689177	D:0.000389404858686307	D:0.00720583365870181	D:2.29944796729205	D:0.101563816874516	D:0.870946539528028	D:-0.0292060008394648	D:-0.0639224387515193	D:0.0702785078169461	D:13.6370360741112
S:ARHGAP39	D:-0.138902522618379	D:-3.46389162535151	D:0.000587412871110438	D:0.00605413233880224	D:-0.143411351955243	D:-3.57457737829561	D:0.000391135884502317	D:0.00723101827725617	D:1.90996316929539	D:0.149357655046402	D:0.894957054822148	D:0.0951649650609357	D:0.0499067151101049	D:0.107457204449633	D:4.15509606599159
S:ATP10A	D:-0.114108573660068	D:-4.28299998675941	D:0.0000228991002828338	D:0.00063902943841387	D:-0.0989416921219498	D:-3.57375830014388	D:0.000392325874393625	D:0.00724616248726449	D:2.29494214145423	D:0.102017551006387	D:0.870946539528028	D:-0.0159243775707031	D:-0.0751177994541976	D:0.0767871707764738	D:12.7979367594406
S:GEMIN4	D:-0.0752237620973024	D:-4.45298722360771	D:0.0000108816784687121	D:0.000379712283851969	D:-0.0636271994564331	D:-3.57255259914611	D:0.000394083743837881	D:0.00726961285945224	D:4.27999098823406	D:0.0144456279054223	D:0.713645549158627	D:0.00437614245307856	D:-0.0675032439317115	D:0.0676449448523227	D:11.7527189278132
S:HIST1H1A	D:-0.171484483991173	D:-5.19435506084463	D:0.000000321652052140539	D:0.0000414617065395023	D:-0.13162273306025	D:-3.57237754838147	D:0.000394339574792456	D:0.00726961285945224	D:1.51843126280717	D:0.220243903936863	D:0.928567795407845	D:0.0479266571317609	D:-0.0716828559383943	D:0.086228744043445	D:9.74890593800171
S:ERCC5	D:-0.0776835201306847	D:-4.15308487403097	D:0.0000397853995922285	D:0.000912495884309551	D:-0.0698683375511216	D:-3.56855952986753	D:0.000399958373365093	D:0.00734547610331512	D:2.67967047452175	D:0.069747222542617	D:0.850339905642804	D:0.0462887156685062	D:-0.0415841238768304	D:0.0622244691166055	D:8.79569254118295
S:RCBTB1	D:-0.0614510582913078	D:-3.66141510765959	D:0.000282993379689531	D:0.0036622341937173	D:-0.0601623947246378	D:-3.56677205916275	D:0.000402614627607725	D:0.00738038690251647	D:0.539107486075461	D:0.583667834445355	D:0.982115268178959	D:-0.0020942855961377	D:-0.0225706111287303	D:0.0226675653496919	D:12.353412749573
S:RCCD1	D:-0.0645295105811825	D:-4.15649170043564	D:0.0000392202949317022	D:0.000902879965015536	D:-0.0562636923586628	D:-3.56632484965743	D:0.000403281780879479	D:0.00738568817260159	D:1.12636256527664	D:0.325178455789162	D:0.956911684216668	D:0.0182460490238144	D:-0.0261143874468591	D:0.0318571740225669	D:9.67054055226758
S:ATP11C	D:-0.0748972840895159	D:-4.01723439512233	D:0.0000698262575303045	D:0.00136311178661306	D:-0.0672629062674682	D:-3.56440505581425	D:0.000406157547130911	D:0.00739641780638092	D:0.0465656940869119	D:0.954506733686866	D:0.996760838460121	D:-0.00631738566112633	D:-0.00456339409408123	D:0.00779319749841488	D:15.6104902497003
S:ARL6IP6	D:-0.103513062685403	D:-3.61371682604419	D:0.00033860503069719	D:0.00410875190491982	D:-0.102389463335018	D:-3.56425727628321	D:0.000406379709312147	D:0.00739641780638092	D:1.21709686390957	D:0.297120720420803	D:0.953382074134607	D:-0.0406665796567202	D:-0.0436262708086005	D:0.0596407763668593	D:14.8659370879342
S:SLC41A3	D:-0.0814338227254738	D:-4.75058032388251	D:0.00000279311385163139	D:0.00016244118385336	D:-0.0648538658023085	D:-3.56408201142608	D:0.000406643338818927	D:0.00739641780638092	D:0.475706661337424	D:0.621776994195461	D:0.984208797062414	D:-0.00559659367831525	D:-0.0222988910351848	D:0.0229904850361884	D:12.9392747816788
S:C1QTNF3	D:-0.139037590513825	D:-3.81870382043975	D:0.000154479925256776	D:0.00238255108085451	D:-0.129689820466401	D:-3.56391432856036	D:0.000406895713722916	D:0.00739641780638092	D:1.58660826319348	D:0.205830742334319	D:0.927138374549935	D:-0.0710034318598804	D:-0.0514888750963131	D:0.0877074204076509	D:15.6034577133553
S:SEC24A	D:-0.0898855393022101	D:-3.65728273086716	D:0.00028744850634072	D:0.00370272331074753	D:-0.087347413642733	D:-3.56271958513444	D:0.00040869814395903	D:0.00742227735232659	D:0.70047128985556	D:0.496924734018612	D:0.971534152892322	D:-0.0340107341810569	D:-0.0202454630882841	D:0.039580409487442	D:15.9490708912534
S:FAM161A	D:-0.169484205277218	D:-4.41689044144435	D:0.0000127697197423047	D:0.000424376009327169	D:-0.142045968572756	D:-3.56233048920501	D:0.000409286760978679	D:0.00742606554901054	D:1.8970900602669	D:0.151275451812029	D:0.897139181747759	D:-0.0319391317854436	D:-0.0955984752367236	D:0.100792740843745	D:13.231620129035
S:SEC23IP	D:-0.0737141710829293	D:-4.23402001520212	D:0.0000282478624344708	D:0.000727683045517277	D:-0.0642363444322204	D:-3.56197724552783	D:0.000409821829481655	D:0.00742887603886922	D:2.60475569668299	D:0.0751037326136771	D:0.850339905642804	D:-0.019850080156534	D:-0.0497038677736839	D:0.0535210253441083	D:13.4513421713506
S:ADCK3	D:-0.0828698909485718	D:-3.62151839640725	D:0.000328856879403864	D:0.0040340190084312	D:-0.0809969747077255	D:-3.55666013112686	D:0.000417955446785009	D:0.0075313122754528	D:0.366541367522017	D:0.693346858605971	D:0.986869111240858	D:-0.0220672264853233	D:0.0155986083120743	D:0.0270236760272926	D:20.3503502760825
S:PAX5	D:-0.152208961520463	D:-3.8824319980961	D:0.000120158084933486	D:0.00202785478920554	D:-0.140711144865957	D:-3.55652073137432	D:0.000418170708708167	D:0.0075313122754528	D:1.08304410843306	D:0.339497996008015	D:0.95707960515839	D:0.0820986784679397	D:-0.00626616615716271	D:0.0823374631895549	D:6.29097515673785
S:ZNF365	D:-0.148078352114392	D:-3.99435242993947	D:0.0000766483719095885	D:0.00146985852353804	D:-0.134846859049386	D:-3.55461576636203	D:0.000421122797951487	D:0.0075635667231342	D:1.88950949874513	D:0.15241633548296	D:0.897370879509493	D:-0.0053782568971932	D:-0.095324428843817	D:0.0954760304037204	D:12.215282392908
S:CPA2	D:-0.196929717311829	D:-3.38155599155685	D:0.000788612295816441	D:0.00738551005456998	D:-0.20667319004964	D:-3.5534665359358	D:0.000422913172470424	D:0.00758208096616551	D:1.28175971376738	D:0.278621575887453	D:0.945897998731199	D:0.130969023034271	D:-0.0139454818967858	D:0.131709382581064	D:6.40519399571951
S:B3GNT3	D:-0.118855835272294	D:-3.55379588945652	D:0.000423038820892683	D:0.00479512050818995	D:-0.118111679914233	D:-3.55279484191927	D:0.000423962898049366	D:0.00758208096616551	D:2.0421563932901	D:0.13102278978117	D:0.892106772592489	D:0.0945262525316382	D:0.00560944015867536	D:0.0946925458342356	D:5.77359321834953
S:TUBE1	D:-0.128670240730022	D:-4.24586600491079	D:0.0000268544441800799	D:0.000705326201240511	D:-0.110932524375463	D:-3.55246345888487	D:0.00042448168348524	D:0.00758208096616551	D:1.31184370844325	D:0.270413805340942	D:0.942192567769556	D:-0.0638554056998647	D:-0.0280027755255743	D:0.0697256643871538	D:16.4213938917891
S:AKAP17A	D:-0.0834015569655284	D:-3.72170251348418	D:0.000224951208550771	D:0.00310241165266279	D:-0.0793544232498265	D:-3.55167625305965	D:0.000425716452736296	D:0.00759719196613695	D:0.81539696594784	D:0.443156188356552	D:0.966569171535715	D:-0.0402615030898517	D:-0.00072588564938036	D:0.0402680461536206	D:17.9311407085442
S:MCCC1	D:-0.100192248974257	D:-4.13414015344403	D:0.0000430720204694609	D:0.000967384582963332	D:-0.0884296664974191	D:-3.55103122746238	D:0.000426730713520668	D:0.00760834386214175	D:0.611940567013263	D:0.542775686786596	D:0.976625444525122	D:-0.00227403299399389	D:-0.0355914628294548	D:0.03566403584002	D:12.2437206739262
S:INTS6	D:-0.0698681907770946	D:-3.65565913504649	D:0.000289216887101869	D:0.00371814946766948	D:-0.067660446576975	D:-3.55000741996889	D:0.00042834523452479	D:0.00762954711027963	D:0.225453069368893	D:0.798250130694519	D:0.990538766746216	D:-0.0151439027050224	D:-0.00872608732246893	D:0.017478054499816	D:16.0032646182861
S:LOC100289255	D:-0.167211423010693	D:-3.26166435629665	D:0.00119841194119543	D:0.00986443460105307	D:-0.183725884913903	D:-3.54973830298746	D:0.000428770574841325	D:0.00762954711027963	D:1.5247055755805	D:0.218876136147844	D:0.927826835934733	D:0.127089387844407	D:0.00826072735503825	D:0.127357575821387	D:5.75206954821242
S:ABCD3	D:-0.108891773791759	D:-4.01133981328409	D:0.0000715263642592431	D:0.00139351613558312	D:-0.0986448930634615	D:-3.54747119338712	D:0.000432369491124565	D:0.00766990463290793	D:0.340858210054749	D:0.711354411003082	D:0.987553110889477	D:-0.0122964378601479	D:-0.027263576584469	D:0.0299082763165262	D:13.6184240708993
S:LOC100130428	D:-0.107472903123475	D:-3.71791885472959	D:0.000228236102329354	D:0.00312103686187396	D:-0.102380271351864	D:-3.54736516025573	D:0.000432538503938619	D:0.00766990463290793	D:2.82742967130064	D:0.0602807494664468	D:0.83656058396868	D:-0.0929877826012334	D:-0.023097999210915	D:0.0958135965332774	D:17.0700110664013
S:LARGE	D:-0.102361192845733	D:-4.01063914968815	D:0.0000717310420516768	D:0.00139611184535041	D:-0.0923035945932773	D:-3.54703754181622	D:0.000433061106551682	D:0.00767220950419439	D:1.72118059771512	D:0.180102025197833	D:0.916523868817091	D:0.0363604925235735	D:-0.0537248659076431	D:0.0648725414435959	D:9.72734810082425
S:PDCL3	D:-0.0823271790339628	D:-4.86865562593889	D:0.00000159607146341374	D:0.000114244807569846	D:-0.0658766750833283	D:-3.54648495901491	D:0.00043394390305942	D:0.00768088569717765	D:4.21321256804997	D:0.0154229852080244	D:0.71710010037883	D:0.026358542035658	D:-0.0661324934059568	D:0.0711918494094265	D:10.5512781238785
S:TTC37	D:-0.0950661743870409	D:-4.17371790611584	D:0.0000364780466176295	D:0.000856947686963517	D:-0.0840225274898682	D:-3.54292344551676	D:0.000439674290330883	D:0.00774722750888709	D:2.22828749063094	D:0.108972549028909	D:0.876389783521771	D:-0.0235146011546267	D:-0.060676005065386	D:0.0650731439086504	D:13.412234965536
S:MYO1D	D:-0.132588981120491	D:-3.86941503044355	D:0.00012652108725168	D:0.00208841088947559	D:-0.12136550792654	D:-3.54120044341165	D:0.000442471929685672	D:0.00777594271277892	D:0.573344450803915	D:0.564073558211756	D:0.9797224507603	D:-0.0516442080245336	D:-0.00295914389003453	D:0.051728916043575	D:17.7813742928701
S:CLIC5	D:-0.106708589980387	D:-3.61570597165784	D:0.000336094119844924	D:0.00408942415684287	D:-0.104831645634732	D:-3.54076334985798	D:0.000443184285598433	D:0.00777594271277892	D:1.1131328538701	D:0.329486154460548	D:0.956911684216668	D:-0.00562021567867135	D:-0.0568933046571002	D:0.0571702277333264	D:12.376111353825
S:L3MBTL3	D:-0.111758995974008	D:-3.92322152802817	D:0.000102123694510885	D:0.00179460352017734	D:-0.103760417077182	D:-3.540603096529	D:0.000443445728473328	D:0.00777594271277892	D:2.3708197785068	D:0.0946412139992191	D:0.867885582684249	D:-0.000962918308573733	D:-0.0826729312728583	D:0.0826785387928193	D:12.0444874838788
S:GPSM1	D:-0.0874705683413709	D:-4.32069035026141	D:0.0000194568967197106	D:0.00057173355287062	D:-0.0728826177647467	D:-3.54041285760269	D:0.000443756278440371	D:0.00777594271277892	D:0.30538035844469	D:0.737004972160447	D:0.988887668865741	D:0.0200418163555952	D:0.00938844763236118	D:0.0221318176338274	D:4.3266393426121
S:CD300LG	D:-0.162437481622387	D:-2.95878085918059	D:0.00326410955264364	D:0.0197534731397366	D:-0.196694140563608	D:-3.54022101887664	D:0.000444069646234243	D:0.00777594271277892	D:0.188465259580089	D:0.828298614487166	D:0.990538766746216	D:0.00401749520030558	D:0.0439635302091951	D:0.0441467128576895	D:0.348088470452955
S:FKBP11	D:-0.0852922584662772	D:-4.74944084995026	D:0.00000280808389473783	D:0.000162537453850594	D:-0.0666046613344833	D:-3.53986785860182	D:0.000444647074230909	D:0.00777594271277892	D:0.168327757446196	D:0.845133249826236	D:0.990538766746216	D:0.015161231344542	D:-0.0029089680217014	D:0.0154377793362259	D:6.72408519862097
S:THAP6	D:-0.0726502964421104	D:-3.85303676924592	D:0.000134980496145182	D:0.00218948902315863	D:-0.0673572740230179	D:-3.53953690498802	D:0.000445188831923306	D:0.00777594271277892	D:1.53175203755629	D:0.217350215158524	D:0.927826835934733	D:-0.0336919066686047	D:-0.0293917846330126	D:0.0447104191311082	D:15.2599703117005
S:EIF4G2	D:-0.0669200897887982	D:-3.29185522452424	D:0.00107980726873712	D:0.00914629988660256	D:-0.0719016288924052	D:-3.53939638418721	D:0.000445419045730924	D:0.00777594271277892	D:1.58625162718631	D:0.205903616694274	D:0.927138374549935	D:-0.0439460281338232	D:-0.0229790376033594	D:0.0495912246059258	D:16.1596853737387
S:ACO1	D:-0.0893439584962134	D:-3.83794544605506	D:0.000143246185711052	D:0.0022662951076102	D:-0.0828613645920008	D:-3.53923646530274	D:0.000445681174879095	D:0.00777594271277892	D:2.48765252183752	D:0.0843170231318293	D:0.860742263980279	D:-0.00216636061195178	D:-0.067599189374513	D:0.0676338932961299	D:12.1223691733
S:KIAA2026	D:-0.074662478172453	D:-3.43722002751592	D:0.000646633735034818	D:0.00646336051985441	D:-0.0765171633423197	D:-3.53874191676446	D:0.000446492722896509	D:0.00777652796507417	D:0.221932743694816	D:0.801062210991238	D:0.990538766746216	D:-0.0092693135501213	D:-0.0164170891002041	D:0.0188531426614903	D:13.9633112197554
S:AIFM1	D:-0.0723216376101962	D:-4.03708482970793	D:0.0000643788086825891	D:0.00128471827272358	D:-0.0645090226279569	D:-3.5387310090069	D:0.000446510637982356	D:0.00777652796507417	D:1.93160287961785	D:0.146188717929559	D:0.893013200900893	D:-0.00193004364961441	D:-0.0463571453408585	D:0.0463973058769892	D:12.1589392179441
S:ST6GAL1	D:-0.083587680358867	D:-4.69600253954467	D:0.00000360382307033391	D:0.00018879974964449	D:-0.0680879781987746	D:-3.53642508882973	D:0.000450313072946869	D:0.00782879693812701	D:2.3227371183712	D:0.099250733925413	D:0.867938343868143	D:0.0187748031266279	D:-0.0513526871598506	D:0.0546771589512579	D:10.6611554121254
S:C12ORF65	D:-0.103746564919408	D:-5.89889216610967	D:0.00000000756243285325356	D:0.00000319205505763348	D:-0.0765373172156282	D:-3.53594710518935	D:0.000451105047602584	D:0.00783559443129075	D:2.23777609088533	D:0.107954117852001	D:0.876389783521771	D:0.0235918788401003	D:-0.055768195445462	D:0.0605530211504697	D:10.4713302747355
S:C9ORF93	D:-0.149047597661549	D:-3.72720234371769	D:0.000220255705484603	D:0.00305683007164391	D:-0.144259050282828	D:-3.53547248208097	D:0.000451892744777836	D:0.00784230561785407	D:3.86671684987367	D:0.0216688496518427	D:0.730351563745367	D:0.019644506976559	D:-0.14636773798614	D:0.147680131966122	D:11.490388057415
S:PLEKHA1	D:-0.0924311265523415	D:-4.39852256492745	D:0.0000138471139156555	D:0.000447250335579873	D:-0.0786523842367921	D:-3.53446178602577	D:0.000453574417053983	D:0.0078645054868251	D:2.06609583905014	D:0.12795281234067	D:0.890973605600524	D:0.0264858031791813	D:-0.0539242136615123	D:0.0600776047213831	D:10.2560829894968
S:N4BP2L1	D:-0.0966509355650278	D:-3.64976916097833	D:0.00029571833162785	D:0.0037663278250655	D:-0.0937231636573446	D:-3.53400379676524	D:0.00045433838213031	D:0.00787076801880176	D:1.03458132583979	D:0.356270404577859	D:0.959270072771647	D:-0.0176271318681061	D:-0.0463332564555088	D:0.0495730413800439	D:13.3885955574103
S:IKBKAP	D:-0.0884467964209473	D:-4.00995094448849	D:0.0000719326216823022	D:0.001398396192046	D:-0.079212319405332	D:-3.53156065355379	D:0.000458434153606841	D:0.00790585158428395	D:2.78503626366282	D:0.062856379195558	D:0.840103863598374	D:-0.0121080940994759	D:-0.0674326635825865	D:0.068511094434143	D:12.6786305495162
S:VKORC1L1	D:-0.0829648998323586	D:-3.69187446620822	D:0.000252103293378706	D:0.00336499348081509	D:-0.0794480699307227	D:-3.53134873913716	D:0.000458791039178036	D:0.00790585158428395	D:2.25612373662626	D:0.106011869637983	D:0.87220229631552	D:-0.0444032683710729	D:-0.0456783701702845	D:0.0637037184428591	D:14.9459356542593
S:ELP3	D:-0.0678853543213817	D:-3.4930981083323	D:0.00052839653315865	D:0.00562385438695707	D:-0.0685649905489251	D:-3.530087393143	D:0.000460920663457962	D:0.00793555126399298	D:2.70063784807023	D:0.0683179768148241	D:0.850339905642804	D:0.00649379163023516	D:-0.0583356967115069	D:0.0586960206534807	D:11.5765413356738
S:KIAA0196	D:-0.0716471522888299	D:-3.48076591214358	D:0.000552605063313254	D:0.00580451235754676	D:-0.0724863075571894	D:-3.52867445909731	D:0.000463317215390199	D:0.0079631457114255	D:1.00581050937072	D:0.366618956847852	D:0.959270072771647	D:-0.0107882783650614	D:-0.036201389295542	D:0.0377746943999476	D:13.1062960565384
S:NUP50	D:-0.0570932578393985	D:-3.23993822774951	D:0.00129111608456477	D:0.0104082918351816	D:-0.0623520090974512	D:-3.52652185293828	D:0.000466990802214721	D:0.00801182376301831	D:0.262694680305279	D:0.769101697839771	D:0.989171841166198	D:-0.00761362094476735	D:-0.0149018411607628	D:0.0167341594910293	D:13.8042208750066
S:FAM115A	D:-0.0984909164509563	D:-3.63670856041695	D:0.000310628118078605	D:0.00390298583961188	D:-0.0964346046906947	D:-3.52333041024193	D:0.000472487460053015	D:0.0080919171401367	D:3.03805370407599	D:0.0489726748806552	D:0.83287644894942	D:0.0310849437557478	D:-0.0833264948795623	D:0.088935810994288	D:10.6361315248441
S:FDXACB1	D:-0.138418671217105	D:-3.9081789326822	D:0.000108453539116994	D:0.0018821408595783	D:-0.12490955887837	D:-3.52283538068519	D:0.000473345461491004	D:0.00809951283975106	D:1.13702083743409	D:0.321749226806696	D:0.956911684216668	D:-0.0123547877524081	D:0.0686273708024606	D:0.0697306016298832	D:23.3196347548984
S:ZNF398	D:-0.0603517975193308	D:-3.86051937902151	D:0.000131051422316959	D:0.00215018962510133	D:-0.0556616154032493	D:-3.52217316497184	D:0.000474495516235028	D:0.00810997239784825	D:0.0928497206576827	D:0.911348967309432	D:0.993836342604036	D:0.00212575216787277	D:-0.00865337987708258	D:0.00891065685436901	D:11.0798841827547
S:C7ORF29	D:-0.11219200693728	D:-4.31602988077182	D:0.0000198540496437704	D:0.000578115338644375	D:-0.0944267175787064	D:-3.52173794815668	D:0.000475252771107566	D:0.00810997239784825	D:1.71835684918444	D:0.180607203196871	D:0.916853342361194	D:-0.0278455358485186	D:-0.058525447791072	D:0.0648120506220613	D:13.6962939211911
S:UBE2K	D:-0.0499538152004185	D:-3.81687569783227	D:0.000155589466648005	D:0.00238460687668131	D:-0.0462342689621288	D:-3.52140639064251	D:0.00047583042317587	D:0.00810997239784825	D:0.254719803551276	D:0.775252176236539	D:0.989364001696824	D:-0.00999525707753705	D:-0.00774342726009438	D:0.0126438059846878	D:15.4823128031727
S:MCM6	D:-0.0872689548354429	D:-3.83776678321228	D:0.000143346847807493	D:0.0022662951076102	D:-0.0809660305096759	D:-3.52061056508488	D:0.000477219623790934	D:0.00811605628241832	D:1.1022556126322	D:0.333070786991213	D:0.95707960515839	D:0.00967955276787827	D:-0.0435611432516759	D:0.0446236141877724	D:11.1648047525209
S:POLH	D:-0.108198790961667	D:-4.27838037791225	D:0.0000233589909831282	D:0.00064906441108951	D:-0.0924748438415038	D:-3.51934483804559	D:0.000479436912132097	D:0.00814667539128113	D:1.61010366110365	D:0.201086385921631	D:0.926244298903048	D:-0.0230570970769105	D:-0.0568247871916034	D:0.0613244336703169	D:13.4723490045303
S:EPHA4	D:-0.0941658568731848	D:-4.72082503267991	D:0.0000032103933688177	D:0.000176716329070611	D:-0.0780166879961323	D:-3.51883745066305	D:0.000480328453034617	D:0.00815473353670673	D:2.18929731918363	D:0.113259785401388	D:0.880003764027248	D:0.017014260015334	D:-0.0584306917117558	D:0.0608574627944975	D:10.917674986439
S:TRIL	D:-0.157019940995903	D:-3.35233865960383	D:0.000874276442683053	D:0.0078838190892799	D:-0.164626375048209	D:-3.51854994850844	D:0.000480834317561712	D:0.00815623558982068	D:0.131930444889771	D:0.876437911437251	D:0.991098228766629	D:0.0296171733594817	D:-0.0158640894302033	D:0.0335983078629725	D:7.87834684869602
S:STK17B	D:-0.0582861853437328	D:-3.13809099945833	D:0.00182096328938396	D:0.0131498313517561	D:-0.0661626999206387	D:-3.51631672640203	D:0.000484780720963789	D:0.00820892553583482	D:1.15850390064508	D:0.314947215096151	D:0.956911684216668	D:-0.0339053825593876	D:-0.0195068187940572	D:0.0391163769534272	D:16.0057897415818
S:HMGN1	D:-0.0613707667473824	D:-4.42299840529373	D:0.0000124295839301627	D:0.000417330755290909	D:-0.0518124086333537	D:-3.51513207797543	D:0.000486886439400546	D:0.00823413783973761	D:0.649077870559168	D:0.523045754596511	D:0.973741471852133	D:0.0107292824206201	D:-0.0196437577452855	D:0.0223829113302289	D:10.0904628735603
S:TNFSF4	D:-0.107032741811241	D:-3.59240216587904	D:0.000366639248527928	D:0.00434475291418085	D:-0.104578881580723	D:-3.51490115208386	D:0.000487297906998767	D:0.00823413783973761	D:1.92459021791207	D:0.147208189253926	D:0.893013200900893	D:-0.0684611419705508	D:0.0436434755082769	D:0.081189167469272	D:20.1678141061892
S:C4ORF46	D:-0.196995345041366	D:-3.37599468750994	D:0.000804289951165392	D:0.00746278724393301	D:-0.204490334697068	D:-3.51087136432151	D:0.000494530847925157	D:0.00833675855365368	D:0.26490385396306	D:0.767406600806006	D:0.989044741352382	D:0.0543476490324452	D:-0.0242477771856815	D:0.059511525386267	D:7.60296958560801
S:SAMD12	D:-0.18144642420274	D:-3.55878635095358	D:0.00041531599880898	D:0.00474601750451829	D:-0.182137800367243	D:-3.51030878463061	D:0.000495548559504193	D:0.00833675855365368	D:1.6967551919043	D:0.184519213273347	D:0.921744746511297	D:0.0731750078231705	D:-0.105687291784741	D:0.128547210839886	D:9.6868216120112
S:ST8SIA5	D:-0.17860552559837	D:-3.64489720278267	D:0.000301199634828409	D:0.00381200910892612	D:-0.171676673722121	D:-3.5102014378965	D:0.000495742973202271	D:0.00833675855365368	D:0.215770731429944	D:0.806008484285914	D:0.990538766746216	D:-0.0322182511751005	D:0.0300224243343387	D:0.0440381842460944	D:20.8652976784583
S:RNF126	D:-0.0701789256046232	D:-4.80465110926048	D:0.00000216472927141673	D:0.000137340826924527	D:-0.0554572372363479	D:-3.5086348627209	D:0.000498588301804432	D:0.00837389200293822	D:0.115435709201533	D:0.891005841687956	D:0.991833180774689	D:0.00202986897862757	D:-0.009708409771147	D:0.00991834604936211	D:11.2127013268297
S:TIPARP	D:-0.0775046655497784	D:-3.94669736313281	D:0.0000929397128353172	D:0.00167694822577556	D:-0.0693388576021496	D:-3.50851416103065	D:0.000498808161886295	D:0.00837389200293822	D:0.400484738172376	D:0.670248346053392	D:0.985951243729145	D:-0.00360805962894588	D:-0.0226024892237543	D:0.022888656871821	D:12.604644363571
S:FAM183A	D:-0.217543683364198	D:-3.55465235203782	D:0.000421703935081032	D:0.00479294034968938	D:-0.215629123190567	D:-3.50662049500465	D:0.000502269402850409	D:0.00841753550694669	D:2.42580384874443	D:0.0896330393384773	D:0.865536018644097	D:-0.0466267627828277	D:-0.169216959330265	D:0.175523315638084	D:13.0270159227755
S:TIE1	D:-0.237978892142726	D:-3.48819999322332	D:0.000537890478632582	D:0.00568772610549744	D:-0.239425171047767	D:-3.50394232796404	D:0.000507202932397844	D:0.00849293273520674	D:1.41050882487948	D:0.245161624133335	D:0.933288553535957	D:0.100850009442625	D:0.114242495782626	D:0.152387900593259	D:2.76247625844407
S:RBM17	D:-0.0553530041457645	D:-4.9154922689193	D:0.00000127435301552137	D:0.000100363903324403	D:-0.0450969990216768	D:-3.50313504766657	D:0.000508698916276841	D:0.00851068966007342	D:5.92115630378884	D:0.00290889582650468	D:0.619506875420677	D:0.0249215095671582	D:-0.0532026369979496	D:0.0587503380640619	D:10.3266917898542
S:GPR4	D:-0.172986700913737	D:-3.7214649634804	D:0.000225156127187507	D:0.00310280386556493	D:-0.163225155942863	D:-3.50254306460863	D:0.000509798551669699	D:0.00852179084531872	D:0.264002699365072	D:0.768097602192849	D:0.989044741352382	D:0.0125971498711792	D:0.0420597839140781	D:0.0439057354769954	D:1.11155092757329
S:RPL19P12	D:-0.093798145687834	D:-3.90054213437709	D:0.000111807528216268	D:0.00192157511774326	D:-0.0861081930656612	D:-3.50210442615519	D:0.000510614776353355	D:0.00852524978017102	D:0.261112877304776	D:0.770317724560251	D:0.989322445804196	D:0.00086714670130577	D:-0.023031430490526	D:0.0230477489972777	D:11.8562532782924
S:HERPUD1	D:-0.0867162088399503	D:-3.52683062722343	D:0.000467148950028328	D:0.00514865066695067	D:-0.0857858546793886	D:-3.50085585126253	D:0.000512944839914769	D:0.00855243610646288	D:0.344294659183928	D:0.70891800319696	D:0.987553110889477	D:-0.0108981982696918	D:-0.0241429816332611	D:0.026488757760029	D:13.6196351717578
S:LARP4	D:-0.079944476473587	D:-4.20290850640605	D:0.0000322434990115264	D:0.000787587767730296	D:-0.0698352396655904	D:-3.49891119166109	D:0.000516593739859599	D:0.00859566520942484	D:2.67629627928712	D:0.0699800154041701	D:0.850339905642804	D:-0.0331396022890869	D:-0.0508191916441208	D:0.0606697904993971	D:14.2072461984276
S:NIN	D:-0.0528454064729525	D:-3.35862000539052	D:0.000855160107007026	D:0.00778551808245412	D:-0.0550761851646112	D:-3.49877127787906	D:0.00051685720388282	D:0.00859566520942484	D:0.606070976442553	D:0.545961747368142	D:0.977958477099463	D:-0.02128288158397	D:0.0115591096191323	D:0.0242192911478517	D:19.9004778650573
S:PDGFD	D:-0.226441384847763	D:-3.51971235328304	D:0.000479491837704655	D:0.0052447131600288	D:-0.227930452333601	D:-3.49825700857263	D:0.00051782667677758	D:0.0086023014736954	D:0.126513092118512	D:0.881195860982745	D:0.991098228766629	D:0.00434001183207554	D:-0.0423804341176603	D:0.0426020762252722	D:11.6101966268512
S:SH2D2A	D:-0.0824358272661847	D:-3.96009247123553	D:0.0000880560363790305	D:0.00161568357453768	D:-0.0737218692141369	D:-3.49806110574633	D:0.000518196429442209	D:0.0086023014736954	D:0.467129993796691	D:0.627120770090912	D:0.984208797062414	D:0.0233305957281632	D:0.0149403671556486	D:0.0277043546717221	D:3.82436351110956
S:NAIF1	D:-0.0760726753742943	D:-4.26812580855015	D:0.0000244115770786181	D:0.000664870297390783	D:-0.0641908012804584	D:-3.49758245813767	D:0.000519100881850565	D:0.0086023014736954	D:1.22701674422744	D:0.29420461427464	D:0.952385040554387	D:0.0239879947614716	D:-0.0305851565001157	D:0.0388699844457514	D:9.45952296470318
S:SLC25A16	D:-0.0702496145835956	D:-3.49515799180207	D:0.000524450895002349	D:0.00559404745591751	D:-0.0708051922666663	D:-3.49737739357245	D:0.000519488823424258	D:0.0086023014736954	D:1.6865369645077	D:0.186399261096011	D:0.921744746511297	D:-0.0410348287573943	D:-0.0291773351933528	D:0.0503505120146155	D:15.6390476812232
S:FAM98A	D:-0.0829866710981516	D:-5.23863348676251	D:0.000000257024662175814	D:0.0000366607220699094	D:-0.0625427299350084	D:-3.49716122519352	D:0.00051989806479978	D:0.0086023014736954	D:1.2052547138454	D:0.300639961184443	D:0.953961869857784	D:0.00567981668456956	D:-0.0357271318883738	D:0.0361757967505841	D:11.3977896323787
S:SEL1L	D:-0.0787658298829153	D:-3.25123219556388	D:0.00124212689034412	D:0.010143084648648	D:-0.0845978319979661	D:-3.49669657290013	D:0.000520778746931479	D:0.0086023014736954	D:0.706323997109945	D:0.494034434304965	D:0.971534152892322	D:-0.0405768113274869	D:-0.000717696602838018	D:0.0405831579096574	D:17.9324463116735
S:AUTS2	D:-0.150117488415071	D:-3.83267932287948	D:0.000146241436585202	D:0.00230119206238328	D:-0.139728138435393	D:-3.49663385300438	D:0.00052089773037261	D:0.0086023014736954	D:3.44844252185086	D:0.0326895920768121	D:0.777497218447519	D:-0.0677904310994122	D:-0.119466970081822	D:0.137360472804861	D:13.9714896054861
S:MEST	D:-0.126192012934651	D:-3.81022034232448	D:0.000159692713344451	D:0.00244034927020605	D:-0.116624447581659	D:-3.49623318443944	D:0.000521658423127222	D:0.0086023014736954	D:0.00921973713220731	D:0.990822832945343	D:0.998940164677581	D:-0.00314270375993567	D:-0.00504458204785926	D:0.00594343292721452	D:14.1281550968124
S:SENP5	D:-0.0495528690153056	D:-4.16045106706626	D:0.0000385731439157043	D:0.000893077968313718	D:-0.0426958529561586	D:-3.49504701212313	D:0.000523916536293966	D:0.00863225382438481	D:0.406615046986233	D:0.666159843394602	D:0.985706471962942	D:-0.0155596693058468	D:0.000346760050646786	D:0.0155635327429229	D:18.0851114883988
S:ABLIM1	D:-0.110646628207519	D:-4.80888781021744	D:0.00000212171635053823	D:0.000135935931822517	D:-0.0893495571781651	D:-3.49465955482285	D:0.000524656116320051	D:0.00863715683994112	D:4.28592461469983	D:0.0143618540486704	D:0.712296928845353	D:-0.00889926489702826	D:-0.0964692111259034	D:0.0968788192070981	D:12.3513737775966
S:ABR	D:-0.0854908504831639	D:-3.93222583451562	D:0.0000985038760390988	D:0.00174353645079712	D:-0.0758490305359725	D:-3.49404653863115	D:0.000525828238825678	D:0.00863777471248812	D:0.469133230347326	D:0.625868518505796	D:0.984208797062414	D:-0.0292428263697465	D:0.00539586194236092	D:0.0297364796200249	D:18.6969718534087
S:GEMIN5	D:-0.146116611133265	D:-5.40308919993834	D:0.000000110229715114938	D:0.0000201308304958972	D:-0.110045395098199	D:-3.49399560272924	D:0.000525925741340772	D:0.00863777471248812	D:4.19365189805094	D:0.0157216594215393	D:0.71710010037883	D:0.0304796082172276	D:-0.115514212938911	D:0.119467735845172	D:11.0145872292897
S:ZNF8	D:-0.079896223241916	D:-3.8531793704633	D:0.000134904586909094	D:0.00218948902315863	D:-0.0727161649428179	D:-3.49394560472483	D:0.000526021464957848	D:0.00863777471248812	D:1.51506611667207	D:0.220981023133632	D:0.928872897484323	D:-0.0192365026758315	D:-0.0430859314893079	D:0.0471851727505433	D:13.6039498353836
S:RALGAPB	D:-0.077770094239655	D:-3.47604016081036	D:0.000562153674907182	D:0.00586242837655049	D:-0.0784798697897348	D:-3.49371572948332	D:0.000526461782026168	D:0.00863777471248812	D:0.610393160454168	D:0.543613813721978	D:0.97725460293847	D:-0.0212985790469962	D:-0.0250828304445267	D:0.0329055899890888	D:14.6890385916646
S:FAF2	D:-0.053390925192277	D:-3.40281372462706	D:0.000731271701495133	D:0.00699057224983825	D:-0.0544564527309594	D:-3.49245314585569	D:0.000528886363965214	D:0.0086702755354398	D:0.457070654666601	D:0.63344716835803	D:0.984208797062414	D:-0.00191047329346422	D:-0.0191986110012681	D:0.0192934334057745	D:12.3788568327295
S:LOC90834	D:-0.248028775520129	D:-3.97478686776248	D:0.0000829788506939925	D:0.00154427592515362	D:-0.216906046383894	D:-3.49182548112081	D:0.000530095571914487	D:0.00868281439294299	D:2.56861641435479	D:0.0778336566626666	D:0.852071420081327	D:-0.193103762869111	D:0.047783235636202	D:0.198927878493877	D:18.9265713392778
S:SYNJ2BP	D:-0.0799181738748405	D:-4.58311013479166	D:0.00000605809087359148	D:0.000264243646787614	D:-0.066598163890269	D:-3.48963079080738	D:0.00053434403898795	D:0.0087450727519795	D:2.94622710856358	D:0.0536140516049783	D:0.83656058396868	D:-0.024240647385999	D:-0.0552360227858354	D:0.0603210344646846	D:13.5796363667172
S:C14ORF33	D:-0.206076628356245	D:-3.44783185360213	D:0.000622433574920307	D:0.0062987956952448	D:-0.208318972515867	D:-3.48913156383416	D:0.000535314874032657	D:0.00875363008658756	D:0.493516161191834	D:0.610826289277966	D:0.984208797062414	D:-0.0832136196846944	D:0.010732228443431	D:0.0839028439827336	D:18.4899322898781
S:MBNL2	D:-0.111221587952391	D:-4.74765873229777	D:0.00000283165181617202	D:0.000162745023940639	D:-0.0874819311308174	D:-3.48774408420127	D:0.000538021742253922	D:0.00877280178980027	D:1.44928251911939	D:0.235898997658274	D:0.932707338252518	D:-0.0171214222087199	D:-0.0526913414045657	D:0.05540325403315	D:13.2000634428633
S:ZNF721	D:-0.0909761535554155	D:-3.62058644524965	D:0.000330007344538368	D:0.00404158628044446	D:-0.088881800494016	D:-3.48772456747368	D:0.000538059909035866	D:0.00877280178980027	D:1.65749185165598	D:0.191849034931781	D:0.921744746511297	D:-0.00705351316864897	D:-0.0596270493241668	D:0.0600427935653141	D:12.4497590993689
S:SLC38A3	D:-0.188375181665696	D:-3.58730634776384	D:0.000373656874132632	D:0.00439857167314805	D:-0.182703879103976	D:-3.48766797601903	D:0.000538170593219507	D:0.00877280178980027	D:1.41240785497128	D:0.244699569734685	D:0.933288553535957	D:-0.107295781323503	D:0.0600182287983246	D:0.122941337547259	D:19.9480944210164
S:DKFZP586B0319	D:-0.12518316414628	D:-3.84954539754989	D:0.000136851664818659	D:0.00220463180727239	D:-0.114715024986932	D:-3.48413221032648	D:0.000545128377499973	D:0.00886290347244424	D:5.61765641615386	D:0.00390881176208918	D:0.619506875420677	D:-0.0358788851248106	D:-0.138398718009342	D:0.142973772225638	D:12.9689051225317
S:C14ORF104	D:-0.136797010705154	D:-3.65234681880864	D:0.000292856346664054	D:0.00374767902433679	D:-0.132116379732458	D:-3.48393183289681	D:0.000545525193318133	D:0.00886290347244424	D:1.98817638452533	D:0.138219506508942	D:0.893013200900893	D:0.0187995784976984	D:-0.096875554055265	D:0.098682810687605	D:11.2678491608819
S:RPGRIP1	D:-0.0997142877800252	D:-3.5561780353875	D:0.000419335773584133	D:0.00477519834009763	D:-0.0975413992092863	D:-3.48388107460764	D:0.000545625754943474	D:0.00886290347244424	D:0.768052810544501	D:0.464559802273627	D:0.967692421145506	D:-0.00997170159765545	D:0.044245849422829	D:0.0453555952876858	D:23.1532948194481
S:THEM4	D:-0.106351033925844	D:-4.51215098267571	D:0.00000835210041524018	D:0.00032191004775978	D:-0.0865679034578117	D:-3.48324493388924	D:0.000546887538725531	D:0.00887602109155781	D:1.07159867787478	D:0.343386148396729	D:0.95707960515839	D:-0.0211050290618336	D:-0.0425305979251526	D:0.0474791955657616	D:13.7594708539373
S:MGA	D:-0.0592970868959522	D:-4.03012468539271	D:0.0000662411840415822	D:0.00130881595283777	D:-0.0531036704842465	D:-3.48273626710681	D:0.000547898440379652	D:0.00888103847289872	D:4.44505939933932	D:0.0122883469373083	D:0.709441948440271	D:-0.0137826822076081	D:-0.0572431963807041	D:0.058879078293701	D:12.9025110629469
S:TBC1D10C	D:-0.0842485189424706	D:-3.90780014066941	D:0.000108617629577528	D:0.00188331597122846	D:-0.0756526565343004	D:-3.48219757686395	D:0.000548970913739134	D:0.00888768900196886	D:0.538748070688382	D:0.583877119269631	D:0.982115268178959	D:0.0312815711637142	D:-0.00618849417193332	D:0.0318878370948324	D:6.74602935467123
S:AMD1	D:-0.0696290412736688	D:-3.65295394718629	D:0.000292186048520939	D:0.00374638463724294	D:-0.0662044471881991	D:-3.48157099769546	D:0.00055022083314918	D:0.0089005507455034	D:0.356907464930849	D:0.700047286906372	D:0.987553110889477	D:-0.0222838652985481	D:0.00441459169388849	D:0.022716938008182	D:18.7470406799593
S:ACOT7	D:-0.0948928412979253	D:-3.93118940776818	D:0.0000989142529542022	D:0.00174763419256606	D:-0.0852291229728853	D:-3.48108054670169	D:0.000551201055529632	D:0.00890464092124532	D:0.411438640124899	D:0.662960454144773	D:0.985706471962942	D:0.00657356715217145	D:-0.0282861139735813	D:0.0290399040775024	D:11.1277963139126
S:CD200	D:-0.126494887969552	D:-3.53455770086884	D:0.000454087497968925	D:0.00505314567073505	D:-0.126283878061243	D:-3.48085273407365	D:0.000551656920123875	D:0.00890464092124532	D:2.18301291623643	D:0.113966486849931	D:0.880592771662518	D:-0.0283961909951847	D:-0.0941028591861313	D:0.0982939050503126	D:13.1194368696664
S:MET	D:-0.115350012944769	D:-3.08122455299196	D:0.00219781605231857	D:0.0149382690359503	D:-0.130431593937218	D:-3.48026187026138	D:0.000552840911486954	D:0.00891049514661016	D:1.62512687215669	D:0.198110536404092	D:0.923154707902481	D:0.0585580336772085	D:-0.0704136840442707	D:0.0915812765188795	D:9.35014139001717
S:DPF3	D:-0.0956646191978579	D:-4.29983925169748	D:0.0000212948500315175	D:0.000604272639394068	D:-0.0791913496035603	D:-3.48012499149613	D:0.000553115532103686	D:0.00891049514661016	D:0.320702331901741	D:0.725815067679083	D:0.988887668865741	D:0.0250824381396869	D:-0.00585074618146326	D:0.025755774768217	D:6.87533823954327
S:DAZAP1	D:-0.0564393533956285	D:-3.95632503351959	D:0.0000894044250170113	D:0.00163417062016373	D:-0.0503469274025321	D:-3.47947753442153	D:0.000554416257795622	D:0.00892409233408915	D:0.0684701953306348	D:0.933831614218394	D:0.994766876005323	D:0.00750837104578203	D:-0.00099495135044896	D:0.00757400580610407	D:6.50322780708339
S:KIF15	D:-0.259042304959706	D:-3.63657445680616	D:0.000310784809704523	D:0.00390298583961188	D:-0.250143720137187	D:-3.4792431577378	D:0.000554887819361599	D:0.00892433158695063	D:0.0397312610790196	D:0.961051252677434	D:0.996760838460121	D:-0.0258015566294903	D:-0.0108122999676959	D:0.0279754562982667	D:16.4842387509207
S:TIGIT	D:-0.107062029599574	D:-4.65787550104269	D:0.000004299841693768	D:0.000207978234004753	D:-0.0841132955630046	D:-3.47586735478536	D:0.000561721595641175	D:0.00902313801026297	D:0.0720380747770401	D:0.930506851995636	D:0.994559242263454	D:0.00464665583370837	D:-0.0112150640987289	D:0.0121395664327658	D:10.4996441317644
S:CLEC16A	D:-0.0688271292916522	D:-3.80342598499465	D:0.000163986942899402	D:0.00248373840757916	D:-0.0636240081214761	D:-3.47553331394405	D:0.000562402068159821	D:0.00902313801026297	D:1.7163212212476	D:0.180972266682785	D:0.917586679618136	D:0.0107051591425619	D:-0.0430750927088216	D:0.0443854035031919	D:11.0695614784103
S:UBE2A	D:-0.0899373810897251	D:-3.71617012673007	D:0.000229769530987502	D:0.00313532016911121	D:-0.084132595165677	D:-3.47552620162608	D:0.000562416564991572	D:0.00902313801026297	D:0.475203154200302	D:0.622089441328326	D:0.984208797062414	D:-0.0152719411630766	D:-0.0268512725074948	D:0.0308905005165054	D:13.9753003815217
S:PSMD12	D:-0.0637805049510411	D:-3.66016594755517	D:0.000284333208457261	D:0.00366985153663364	D:-0.0607100287091869	D:-3.4750185181574	D:0.000563452264188063	D:0.00903233855168083	D:0.864064978717683	D:0.422186121468615	D:0.965417982825822	D:-0.0136436670918729	D:-0.026704753077101	D:0.0299882224985542	D:13.8041896103087
S:SRFBP1	D:-0.0798997993317681	D:-3.93431958478802	D:0.0000976797640136005	D:0.00173997668478987	D:-0.0718335626212148	D:-3.47420032497005	D:0.000565125170497628	D:0.00905173029237224	D:1.16555731597455	D:0.312745601819903	D:0.956911684216668	D:-0.0207152744494063	D:-0.0357759600783627	D:0.0413405601684693	D:14.004802200329
S:FAM73A	D:-0.0874484776679877	D:-4.17130233537355	D:0.0000368512573619899	D:0.000861691362721313	D:-0.0761758054588881	D:-3.47222604266534	D:0.000569180990484141	D:0.00909157361851791	D:0.0910146857782726	D:0.913022133642075	D:0.993836342604036	D:0.0107576937601197	D:-0.00728480491124672	D:0.012992165240307	D:8.2736494965774
S:PTGER1	D:-0.129389546634762	D:-2.78299520961756	D:0.00563016511674228	D:0.0289752585057311	D:-0.161733578064569	D:-3.47196610719794	D:0.000569717004661074	D:0.00909157361851791	D:3.42947711257206	D:0.0333053963973469	D:0.777916968250261	D:0.0853916254437755	D:-0.139181188655993	D:0.163288496139885	D:9.89797986864111
S:TICAM1	D:-0.045965901031327	D:-3.44589352757854	D:0.000626789804424229	D:0.00633631638295595	D:-0.0464191217647661	D:-3.47174411080809	D:0.000570175157915034	D:0.00909157361851791	D:0.890707760813027	D:0.411131568830476	D:0.96415212136371	D:0.0243754473731328	D:-0.00641646398412754	D:0.0252058216430247	D:6.98317861718526
S:CLPX	D:-0.0429075872219056	D:-3.58603089208868	D:0.00037543296109274	D:0.00441150661017031	D:-0.0421700347962313	D:-3.47165931109788	D:0.000570350257312188	D:0.00909157361851791	D:0.502951857277639	D:0.605103210140248	D:0.984208797062414	D:-0.00395225797789153	D:-0.01527973181565	D:0.0157826026840314	D:12.9668191207942
S:USP25	D:-0.0610559619769053	D:-3.25829167536584	D:0.00121238630768052	D:0.00995830537768817	D:-0.0644785299077372	D:-3.47163317241354	D:0.000570404240126041	D:0.00909157361851791	D:2.72768536864039	D:0.0665176477084645	D:0.847670464859297	D:-0.0494046368273185	D:-0.0321748228695136	D:0.0589579287859047	D:15.7950513428337
S:DCLRE1A	D:-0.115645503197182	D:-3.72369271922242	D:0.00022324127884903	D:0.00308730207359439	D:-0.108954354287775	D:-3.46877302393649	D:0.000576340080590635	D:0.0091563101746517	D:1.88012325279413	D:0.153840963406036	D:0.898985127367628	D:0.00140075833888483	D:-0.0789526418063514	D:0.0789650667835213	D:11.932238601263
S:TCTN1	D:-0.0744384010483005	D:-3.73461487838098	D:0.000214073190775685	D:0.00299441962845216	D:-0.0697324008975253	D:-3.4683679671807	D:0.000577185370407274	D:0.00916229027061619	D:0.409135880700441	D:0.664485896283542	D:0.985706471962942	D:-0.015220390120828	D:-0.0186544341648457	D:0.024075883980464	D:14.6140962055926
S:HNRNPD	D:-0.0527481169906227	D:-3.35634646887784	D:0.000862033901846162	D:0.00782605537023151	D:-0.0542805625605366	D:-3.4672323018832	D:0.000579561506488186	D:0.00919254171938769	D:3.6434529048108	D:0.0269842730926706	D:0.760239372616719	D:0.00757506560979306	D:-0.054488343278406	D:0.0550123729011764	D:11.4723578879377
S:FAM183B	D:-0.207956419336202	D:-4.08049555661617	D:0.0000538389489994728	D:0.0011274822947287	D:-0.179735649201474	D:-3.46612808417103	D:0.000581880606269987	D:0.009221840167982	D:2.49478384425612	D:0.0837248040316796	D:0.860742263980279	D:0.0354387433772545	D:-0.147314592430037	D:0.15151730486973	D:11.0982439003117
S:CD2	D:-0.0903025323714798	D:-4.45680770101304	D:0.0000106982851284857	D:0.000377355938078952	D:-0.0745158923925593	D:-3.46556930941069	D:0.000583057457138908	D:0.00923300305506596	D:2.11145147344166	D:0.122333190223307	D:0.888724539846668	D:0.0185949101846839	D:-0.0550652008422061	D:0.0581201086420953	D:10.7560495006027
S:LRBA	D:-0.0872913936785578	D:-3.56200109916758	D:0.000410411314880484	D:0.00470924691960043	D:-0.0848213893982253	D:-3.46376472978964	D:0.000586873337232153	D:0.0092699987900949	D:0.672317662090856	D:0.511067333566243	D:0.971725809379596	D:0.0102679555899428	D:-0.0357964514398408	D:0.0372399898990577	D:10.9329893963272
S:EXOC1	D:-0.0781520590110138	D:-3.36963268998763	D:0.000822580568024221	D:0.0075678186816202	D:-0.0809127340699745	D:-3.46373287894048	D:0.000586940896612602	D:0.0092699987900949	D:1.31300848595048	D:0.270100952285811	D:0.941834887333518	D:0.0129390641417169	D:-0.047880579023978	D:0.0495980768632703	D:10.9918542450172
S:EPM2A	D:-0.108498759712614	D:-3.63515289828774	D:0.000312450384015705	D:0.00391139986803793	D:-0.104028332126415	D:-3.46365578496605	D:0.000587104452037679	D:0.0092699987900949	D:1.0251352326875	D:0.35963529087228	D:0.959270072771647	D:-0.0404855505110311	D:-0.0406652680541303	D:0.0573824348219516	D:14.9915408206825
S:TGDS	D:-0.155851899534619	D:-3.87180361256811	D:0.000125330109776194	D:0.002076523933008	D:-0.1427512896612	D:-3.46272366702251	D:0.000589085319486923	D:0.00929081212921223	D:1.37372139483489	D:0.254287404296311	D:0.936923257986279	D:0.0150505725927295	D:-0.0877979925424471	D:0.0890786575440639	D:11.3515163956586
S:QRICH1	D:-0.0584085776653878	D:-3.40538718965591	D:0.000724600108191302	D:0.00695110982531478	D:-0.0592893736653627	D:-3.46133898483796	D:0.000592039472170832	D:0.00932887339741115	D:1.17517079783337	D:0.309769781435294	D:0.956911684216668	D:0.0274624331493633	D:-0.0234718994475209	D:0.0361263795329366	D:8.70134795264667
S:PDCD6	D:-0.0551574796172402	D:-3.91662984995335	D:0.000104853114427272	D:0.00183267863061119	D:-0.0497555192426234	D:-3.46114548279217	D:0.000592453399835589	D:0.00932887339741115	D:0.103359218911012	D:0.901825683630376	D:0.992612422987167	D:-0.00310171840965065	D:-0.00791017221037822	D:0.00849655703744791	D:13.4274015927732
S:DENND5B	D:-0.121969579717074	D:-4.11240854015349	D:0.0000471603209286538	D:0.00101987224262777	D:-0.107625738396196	D:-3.46004839550881	D:0.000594805337402002	D:0.00935836642364936	D:1.56887734785014	D:0.209485418481908	D:0.927481751728524	D:0.0182794686370458	D:-0.0698044815982708	D:0.0721581916684174	D:11.0217098763632
S:METAP1	D:-0.0696227849679673	D:-4.44216097666128	D:0.0000114178757731827	D:0.000392811110006626	D:-0.0571561772803574	D:-3.45944043647453	D:0.000596112433866288	D:0.00936556740568104	D:0.175445734973576	D:0.839143807752708	D:0.990538766746216	D:-0.00588813061090128	D:-0.0113466185980471	D:0.0127834203443594	D:13.8284181006426
S:ABI2	D:-0.0738723482884031	D:-4.43035456218641	D:0.0000120314506907321	D:0.000407463739943842	D:-0.0597080966385153	D:-3.45926515205576	D:0.000596489788916843	D:0.00936556740568104	D:0.522275600772754	D:0.593550265338135	D:0.984208797062414	D:0.0133422921907518	D:-0.0195975087182521	D:0.0237082076265871	D:9.71682335342097
S:PHF2	D:-0.0515513911218129	D:-3.05881511013244	D:0.00236510181248026	D:0.0157198824890057	D:-0.0583311618246111	D:-3.45916715505135	D:0.000596700855640597	D:0.00936556740568104	D:0.999680834767721	D:0.368862469926018	D:0.959270072771647	D:0.0299340587669521	D:-0.0148099482395544	D:0.0333973418271818	D:7.75493437662795
S:ACRV1	D:-0.19164054459388	D:-3.16914195480849	D:0.00164128435876441	D:0.0122413502498532	D:-0.20953849487465	D:-3.45833045751874	D:0.000598505784084071	D:0.00936616551560366	D:0.886661853415596	D:0.41279136734182	D:0.96415212136371	D:-0.105508049971957	D:-0.0372190215818045	D:0.111880311835424	D:16.7046130388378
S:LRPPRC	D:-0.0700784891379079	D:-3.47535074427811	D:0.000563559496052885	D:0.00586708370397944	D:-0.0703693398838088	D:-3.45803665259689	D:0.000599140790496077	D:0.00936616551560366	D:4.88223457046929	D:0.00801155999427993	D:0.662881684141537	D:-0.0203572089955127	D:-0.0798177031366774	D:0.0823728213193026	D:12.9538694710102
S:UBTD2	D:-0.105433693755561	D:-4.52099638000638	D:0.00000802619236720967	D:0.000313679650095288	D:-0.083813164384697	D:-3.45774468040146	D:0.000599772459178706	D:0.00936616551560366	D:0.0222021625902377	D:0.97804362835082	D:0.997583949293593	D:0.00670989465765392	D:-0.00257768876378056	D:0.00718798759596406	D:7.40099297198607
S:PCYOX1	D:-0.105887906672756	D:-4.51406200542547	D:0.00000828063147210603	D:0.000320419444745394	D:-0.0861024730356082	D:-3.45771601054061	D:0.000599834518657583	D:0.00936616551560366	D:3.13357119756488	D:0.0445724192901652	D:0.821701589300434	D:0.0270583159178613	D:-0.0774667774114111	D:0.0820564078108462	D:10.7164158959003
S:PTRF	D:-0.100562541573489	D:-3.89496755564693	D:0.000114317563690164	D:0.00195611165680341	D:-0.0889634556454389	D:-3.45759611088839	D:0.000600094121362048	D:0.00936616551560366	D:2.67573982494672	D:0.070018481282168	D:0.850339905642804	D:0.0592475276297951	D:0.0534338672148924	D:0.0797837558390308	D:3.19689918152469
S:CCR6	D:-0.124690436663114	D:-4.17121547595214	D:0.0000368647448562007	D:0.000861691362721313	D:-0.107165986662894	D:-3.45676500638135	D:0.000601896487836164	D:0.00938415744064811	D:2.8146571735132	D:0.0610453840377336	D:0.83656058396868	D:0.0215930670269356	D:-0.0937108830542897	D:0.0961664710096221	D:11.1349508780973
S:APPL1	D:-0.0853068555181663	D:-5.4072057649618	D:0.00000010788894863419	D:0.0000200449676976625	D:-0.0647837873028614	D:-3.45658327439421	D:0.000602291272175421	D:0.00938415744064811	D:3.7932776885848	D:0.0232897134612565	D:0.736744509955438	D:-0.0180324179417509	D:-0.0644282925743455	D:0.0669042074975217	D:13.0424038776058
S:DNAJC27	D:-0.0562444529429987	D:-4.05672768603664	D:0.0000593873767139709	D:0.00120664626791835	D:-0.0491966129587715	D:-3.45640096268086	D:0.000602687558876894	D:0.00938415744064811	D:1.47108596180887	D:0.230845678919418	D:0.930761522477055	D:0.0198534528838063	D:-0.026301474947391	D:0.032953409168366	D:9.53019792740198
S:P4HB	D:-0.0513945093955914	D:-3.70843207183607	D:0.000236672104307987	D:0.00320721885595171	D:-0.0481272158207836	D:-3.45605712099919	D:0.000603435622347885	D:0.00938433464147154	D:0.842205093052489	D:0.431478869284284	D:0.966078042387016	D:-0.0253073849984343	D:-0.00251247647765432	D:0.0254317965057474	D:17.6220230359987
S:ZNF655	D:-0.0533545569051429	D:-3.09944412121031	D:0.00206990547684898	D:0.0143663086013188	D:-0.0590858983361458	D:-3.45555267365623	D:0.000604534669741783	D:0.00939047057346913	D:2.37039182638103	D:0.0946812765311638	D:0.867885582684249	D:-0.0317995179253277	D:-0.0377325553261443	D:0.0493452639239449	D:14.6748583720235
S:GRIK3	D:-0.082287846560548	D:-2.8025245050857	D:0.00530630011204425	D:0.0279112814238107	D:-0.102971049337269	D:-3.45411098650188	D:0.000607686011654108	D:0.00942443837597851	D:0.70057877148446	D:0.496871502482206	D:0.971534152892322	D:-0.03145814442554	D:-0.034784982742793	D:0.0468999986685985	D:14.8083285127201
S:NUPR1	D:-0.215109045184127	D:-3.7296446112946	D:0.000218200355037114	D:0.00303045709863556	D:-0.199457797239907	D:-3.4537636786004	D:0.000608447471632991	D:0.00942786778529076	D:0.0741704789463325	D:0.928525431852765	D:0.994559242263454	D:0.00362709713190493	D:-0.0287111799061428	D:0.0289393794889796	D:11.519995859387
S:TMED10	D:-0.0634261851687545	D:-3.2601041534375	D:0.00120485781884831	D:0.00990497544725068	D:-0.066904097176043	D:-3.45237612405868	D:0.00061149853494693	D:0.00946103948645919	D:1.37257036260245	D:0.254578380189714	D:0.936923257986279	D:-0.0298617333384754	D:-0.0306654805691934	D:0.0428029767249638	D:14.9492805361264
S:MMS22L	D:-0.0990202440093871	D:-4.04949368122172	D:0.0000611812294528134	D:0.00123506446770395	D:-0.0864824042788345	D:-3.45155425634923	D:0.000613312453415321	D:0.00948159703495948	D:0.642113062810049	D:0.526690247056723	D:0.97536435694998	D:-0.0245607412597649	D:-0.0285545010046099	D:0.0376641678369692	D:14.7133330031473
S:NDFIP2	D:-0.128048529073389	D:-3.84991580081446	D:0.000136651993821395	D:0.00220463180727239	D:-0.116481205530126	D:-3.45092045939527	D:0.00061471471700294	D:0.00949576307111024	D:0.99567621574086	D:0.370335639130941	D:0.959270072771647	D:0.0172741188156503	D:-0.0600336079889389	D:0.0624694266743884	D:10.9298209092813
S:RPS28	D:-0.0926274984547856	D:-4.92063214491522	D:0.0000012431239148157	D:0.0000987474976398924	D:-0.0713656024928419	D:-3.45051913105151	D:0.00061560419575438	D:0.00950199177664797	D:0.510519619184726	D:0.600552053437293	D:0.984208797062414	D:0.016105431690487	D:-0.0230477396174165	D:0.0281173119520549	D:9.67031327986215
S:TRAF5	D:-0.114566604662849	D:-4.08000683331745	D:0.0000539479016207633	D:0.0011274822947287	D:-0.0998615954468084	D:-3.4494325261376	D:0.000618018514042578	D:0.00952546373291961	D:1.24348534675367	D:0.289426761796451	D:0.948286990928089	D:0.00134669503415308	D:-0.0591815408655804	D:0.0591968611223549	D:11.9130960692254
S:HMGN2	D:-0.0522911086983367	D:-3.17440888897878	D:0.00161248273232543	D:0.0121004320554422	D:-0.0566048693532689	D:-3.44920572407183	D:0.000618523557676951	D:0.00952546373291961	D:0.76345650877946	D:0.466692254342408	D:0.967692421145506	D:-0.0104594282240996	D:-0.0242370236282325	D:0.0263975936996271	D:13.5561663055226
S:EPG5	D:-0.0723304322129783	D:-3.59584729090372	D:0.000361965120975135	D:0.00429979357384504	D:-0.0694493225382305	D:-3.44917713320262	D:0.000618587251270406	D:0.00952546373291961	D:0.968542001792865	D:0.380474374767362	D:0.960227634080898	D:0.0263038619011626	D:-0.0277100820805927	D:0.038206567496029	D:9.09942159318092
S:PITPNB	D:-0.0549682543394315	D:-4.77042003703829	D:0.00000254446116637424	D:0.000152331405413846	D:-0.0419690830047475	D:-3.4484810686366	D:0.000620139806900059	D:0.00954185194223154	D:0.0578518802089134	D:0.943797178913898	D:0.996760838460121	D:-0.00470234509361347	D:0.00329084794773305	D:0.0057394886178587	D:20.3323686569881
S:ELOVL4	D:-0.157366020360693	D:-3.26907557907107	D:0.00116822731678908	D:0.00967302118532857	D:-0.165792072355009	D:-3.44806491343296	D:0.000621069768428076	D:0.00954864228548625	D:1.22583587851937	D:0.294550235168782	D:0.952385040554387	D:0.0815877274360021	D:-0.0643491840349509	D:0.10391041696642	D:8.55088353173243
S:SCAF11	D:-0.0498649865924303	D:-3.34706331774947	D:0.000890637565078187	D:0.00799813817058494	D:-0.0515308315967879	D:-3.44769361577159	D:0.000621900588020883	D:0.00954864858309746	D:3.38719246318353	D:0.0347206663750306	D:0.782175932890641	D:-0.00884968783518461	D:-0.0495632812977666	D:0.0503471531248963	D:12.6749110338949
S:CASK	D:-0.0926276762846809	D:-3.95221530133409	D:0.0000908976378173067	D:0.00164618233604077	D:-0.0828867631075944	D:-3.44762802082215	D:0.000622047471791775	D:0.00954864858309746	D:1.06617928580145	D:0.345242758724595	D:0.957432814874086	D:-0.0124234763595763	D:-0.0437744512477849	D:0.0455032454546008	D:13.0562859834197
S:HEATR5B	D:-0.0716594531905472	D:-3.54371528319303	D:0.000439050969693568	D:0.00492508323695867	D:-0.0701246761745474	D:-3.44672126116498	D:0.000624081258859728	D:0.00957234841395442	D:2.32389316702898	D:0.099137303813492	D:0.867938343868143	D:0.00261015833746897	D:-0.0568481062658616	D:0.056907996912221	D:11.8247422156133
S:ZHX1	D:-0.128514549231155	D:-3.62815249738801	D:0.000320775481749261	D:0.00397581492081109	D:-0.124436398286993	D:-3.44644592580103	D:0.000624700041095072	D:0.00957432431610887	D:0.900855893502812	D:0.406997826626067	D:0.96415212136371	D:0.020664679911305	D:-0.0603252790650352	D:0.0637665138619877	D:10.7393924499028
S:MED23	D:-0.0657558748390675	D:-3.36149461594341	D:0.000846542050407462	D:0.00773003654533281	D:-0.0675103876002104	D:-3.44605882732655	D:0.000625570965973153	D:0.00958015850006377	D:1.26894868850606	D:0.282192348555353	D:0.946954734546031	D:-0.015837847437131	D:-0.0373993022490999	D:0.0406145936845534	D:13.5301116139028
S:C5ORF34	D:-0.2495301869512	D:-4.10370822007707	D:0.0000488984402568806	D:0.00105002683632934	D:-0.21315971659452	D:-3.4454497497543	D:0.000626943612507624	D:0.00959244745717577	D:1.25152869647101	D:0.287121647227863	D:0.948286990928089	D:0.113644062822909	D:-0.0747050977235047	D:0.135999355295441	D:8.22128879575094
S:BNIP3	D:-0.102230488930859	D:-4.03548766052488	D:0.0000648017250432701	D:0.00128818973455802	D:-0.0898296517055135	D:-3.44526736328116	D:0.000627355194220902	D:0.00959244745717577	D:3.02747006130757	D:0.0494863499282646	D:0.832973145363817	D:-0.0153373987024271	D:-0.0816104738891741	D:0.083039178990238	D:12.709579068025
S:ZNF304	D:-0.11526596161363	D:-3.58702716176927	D:0.000374044968692856	D:0.00440048930356839	D:-0.11157313331283	D:-3.4435577086028	D:0.000631225563797977	D:0.00962902321793619	D:0.410005428369796	D:0.663909458332915	D:0.985706471962942	D:0.0261795046483368	D:-0.0300445129072644	D:0.0398502097794612	D:9.26216651448672
S:ZW10	D:-0.0688631197908844	D:-2.94671088502198	D:0.00339150539768003	D:0.0202966903254118	D:-0.0803735160582418	D:-3.44263826823717	D:0.000633316227972262	D:0.00965337941560528	D:1.85869746096841	D:0.157143262500002	D:0.902291892370149	D:0.00516775313369194	D:-0.0582533497260853	D:0.0584821205733888	D:11.6620310283208
S:LOC100240735	D:-0.114518405448907	D:-3.69958344669084	D:0.000244804535113414	D:0.00329684729197189	D:-0.107786712599073	D:-3.4420082704858	D:0.00063475247488684	D:0.00966773040667478	D:1.18985163394366	D:0.30528017833038	D:0.955635606725854	D:-0.0154199508460634	D:-0.0606473517133688	D:0.062576961846514	D:12.9510344901286
S:TMEM184B	D:-0.0902022256333725	D:-3.50689838268406	D:0.000502483652396195	D:0.00542488013893593	D:-0.0883825143900487	D:-3.44047197660047	D:0.000638267622129458	D:0.00971369751092814	D:0.657222840644974	D:0.518815843049876	D:0.972886610373122	D:0.00474050798659781	D:0.0378160976668122	D:0.0381120671010754	D:0.476343237035412
S:NFE2L2	D:-0.083734434672537	D:-3.20713915301814	D:0.00144371643426626	D:0.011217360970973	D:-0.0903224618689882	D:-3.4389464813146	D:0.000641776034567969	D:0.00973923290568558	D:1.42902717208621	D:0.240693061821005	D:0.933266293860831	D:-0.0256452989415515	D:-0.0519525522112433	D:0.0579374579962178	D:13.7514862415601
S:YWHAG	D:-0.0673976645359302	D:-3.99488124766576	D:0.0000764838044110488	D:0.00146958704227758	D:-0.0596414745024811	D:-3.43636174459077	D:0.000647761663463108	D:0.00981233384940511	D:1.60439941348653	D:0.202228030932508	D:0.926550516401439	D:0.0207828888791453	D:-0.0359446732287943	D:0.0415204528357736	D:9.99759217566176
S:ATRN	D:-0.0585011820425586	D:-3.19309179319129	D:0.00151404096366674	D:0.0115660181669319	D:-0.0627367694392987	D:-3.43604421991013	D:0.000648500557247843	D:0.00981591741996909	D:3.06376530756594	D:0.0477469706982093	D:0.826061255087532	D:-0.0061737378819161	D:-0.0581623967762125	D:0.0584891394892093	D:12.4039374280446
S:USP39	D:-0.07430750913774	D:-4.27510976169097	D:0.0000236899056417981	D:0.000651089235086325	D:-0.0616802481651287	D:-3.43512318759883	D:0.000650648292284991	D:0.00982178846098664	D:0.391120707633123	D:0.676542244501408	D:0.986364991209785	D:-0.00282984306996558	D:-0.0203543231789662	D:0.0205500969310228	D:12.5276695715574
S:CCDC125	D:-0.0955857692611268	D:-3.71288541729771	D:0.000232676101350842	D:0.00316403875887042	D:-0.0885190290365744	D:-3.43447099292324	D:0.000652173143465869	D:0.00983342237381678	D:0.136901921579757	D:0.87209428067613	D:0.991098228766629	D:-0.015437717965211	D:0.0105746242436646	D:0.0187121835676144	D:20.294040428367
S:TCP1	D:-0.0656067605733282	D:-3.82130798533977	D:0.000152912281570965	D:0.00236771703183694	D:-0.0592797316206967	D:-3.43420825497381	D:0.000652788374750023	D:0.00983510996992305	D:0.999384849325724	D:0.368971151560547	D:0.959270072771647	D:0.00879925305343166	D:-0.0307694779959109	D:0.0320029315913272	D:10.9360585297258
S:PDCD11	D:-0.0749095236367591	D:-4.26693092495813	D:0.0000245371319129295	D:0.000665944575986882	D:-0.0625177938018496	D:-3.4336025216765	D:0.000654208833732364	D:0.00984286974185846	D:0.316856539983403	D:0.728607568960506	D:0.988887668865741	D:0.0118179223645323	D:-0.0155951920023577	D:0.0195671485557941	D:9.52302782682702
S:KLF13	D:-0.0832276146458737	D:-3.93331277532523	D:0.0000980752311620043	D:0.00174226190194247	D:-0.0735100542387705	D:-3.43355907708074	D:0.000654310823124413	D:0.00984286974185846	D:3.18657380593191	D:0.0423043979627662	D:0.813813159090897	D:-0.0267475778877676	D:-0.0650192754212982	D:0.07030603885281	D:13.4907498001249
S:ZFP91	D:-0.0542206483246259	D:-3.24354063579226	D:0.00127529905643	D:0.0103233715251445	D:-0.0573442682679777	D:-3.43307207699156	D:0.000655455107630131	D:0.00984492564043073	D:0.331683599019938	D:0.717900411340459	D:0.988438761294391	D:-0.0103650015751155	D:-0.0146198009200175	D:0.0179212677172429	D:14.3557000227556
S:FIGNL1	D:-0.151203711642144	D:-3.59763386519499	D:0.000359563284981096	D:0.00428772808864329	D:-0.145063324451805	D:-3.43263132792601	D:0.000656492327611674	D:0.00985293131632851	D:0.824957802146355	D:0.438955606825011	D:0.966102458322465	D:-0.000146306886203298	D:-0.0703429222019356	D:0.0703430743542853	D:12.0079446562097
S:DTX1	D:-0.0988828992990735	D:-3.76169486114803	D:0.000192849009702285	D:0.00277664809665501	D:-0.0909822475867088	D:-3.43215001452297	D:0.000657626757663956	D:0.00986052946257378	D:0.105953494928915	D:0.899490282343478	D:0.992598803211763	D:0.0069583932646957	D:0.0143164076124862	D:0.0159178756042701	D:1.72811709180354
S:LYAR	D:-0.0873021800523718	D:-3.93549263323826	D:0.0000972209052389209	D:0.00173814612010407	D:-0.0777023188958342	D:-3.43180508831314	D:0.000658440855309292	D:0.00986052946257378	D:0.0990609926645568	D:0.905708419419052	D:0.993142804017578	D:0.0119222972976074	D:-0.00739494806361088	D:0.0140294842997181	D:8.12065034738737
S:CYP4F3	D:-0.115906010017301	D:-2.92248584502738	D:0.0036610032313939	D:0.0213487508638222	D:-0.144593115109957	D:-3.43133895320907	D:0.000659542525473848	D:0.00986611193170791	D:1.3602962720258	D:0.257702097546457	D:0.938022412574511	D:0.0218051899292958	D:0.0873482116317148	D:0.0900287530909514	D:0.934438053189583
S:TMPRSS13	D:-0.12214964392546	D:-3.64253528968185	D:0.00030389119206997	D:0.00383118566725115	D:-0.11527161767058	D:-3.431078350241	D:0.000660159187527398	D:0.00986611193170791	D:0.257743666187605	D:0.77291428211535	D:0.989364001696824	D:-0.0327551286280467	D:0.00931127827216109	D:0.0340528758624217	D:19.0579216552839
S:TRAF3IP3	D:-0.079569589658042	D:-4.27705370125855	D:0.0000234926859272641	D:0.000650241608646838	D:-0.0664254006340505	D:-3.43097668701695	D:0.000660399897992628	D:0.00986611193170791	D:0.946441472411856	D:0.388938019611013	D:0.960227634080898	D:-0.00706398485165155	D:-0.0337511838840438	D:0.0344824925949227	D:12.7880757570475
S:LOC100507255	D:-0.117377463949754	D:-3.67591304902628	D:0.000267871291595555	D:0.00352015663017399	D:-0.109817479261022	D:-3.42959941525451	D:0.000663668978425986	D:0.00989981336444442	D:0.947594725762627	D:0.388491726397236	D:0.960227634080898	D:-0.040734713021368	D:-0.0423156144348266	D:0.0587360883097446	D:14.9272986685115
S:GRINL1A	D:-0.24589393586496	D:-3.77702568349482	D:0.000181729810817076	D:0.00268825301527364	D:-0.225165091657572	D:-3.42619606606885	D:0.000671812010118287	D:0.00998770399250397	D:1.27228010820889	D:0.281259393494326	D:0.946954734546031	D:-0.0910379140259598	D:-0.105158819281377	D:0.139090902157011	D:14.7255558889244
S:ZNF711	D:-0.170549896678345	D:-3.44436177410786	D:0.00063025241349247	D:0.00635756269621097	D:-0.169740854200203	D:-3.42599386792509	D:0.000672298721607158	D:0.00998770399250397	D:0.696157957564595	D:0.499065697903264	D:0.971534152892322	D:-0.0419355410330554	D:-0.0643501676112593	D:0.0768084218906511	D:14.2060915283954
S:ABCB7	D:-0.0907282641117086	D:-4.83521429554608	D:0.00000187233484418939	D:0.000124024729458661	D:-0.0722093705463069	D:-3.42521508488194	D:0.000674176406926746	D:0.0100030988365646	D:3.22877119759793	D:0.0405819166251368	D:0.813813159090897	D:-0.015746650119306	D:-0.0675625345620471	D:0.0693732878450175	D:12.8746394747671
S:ZNF527	D:-0.110182010477282	D:-3.77675715144163	D:0.000181919258064154	D:0.00268901983497097	D:-0.102411156421544	D:-3.4230017775273	D:0.000679539548570249	D:0.0100483982812516	D:1.54635738283706	D:0.21422135724402	D:0.927783481998367	D:-0.0520680247216169	D:-0.0475165901768445	D:0.070490464180945	D:15.1744557565448
S:SMN1	D:-0.0999185681669267	D:-4.23388416123969	D:0.0000282642357887321	D:0.000727683045517277	D:-0.0848083591107379	D:-3.42298384852038	D:0.000679583155026288	D:0.0100483982812516	D:2.18745914554729	D:0.113466037181977	D:0.880277680269808	D:0.0464393215011026	D:-0.0529214638425885	D:0.0704080387223304	D:9.24883984825248
S:FAM169A	D:-0.101882720726673	D:-4.31979510751652	D:0.0000195325929136157	D:0.00057193928426373	D:-0.0857569283289048	D:-3.42289448194157	D:0.000679800548990056	D:0.0100483982812516	D:0.510359128636427	D:0.600648212574191	D:0.984208797062414	D:-0.00590483822683397	D:-0.0322234817766122	D:0.0327600349861343	D:12.6922693903506
S:ACVR1C	D:-0.176643610973446	D:-3.66803797084076	D:0.000275988428771221	D:0.00359539325774562	D:-0.168439536055044	D:-3.4213067362577	D:0.000683673745423699	D:0.010079388893912	D:2.132957190306	D:0.119755935806538	D:0.888724539846668	D:-0.0374512353925578	D:-0.1264016524992	D:0.13183312477127	D:13.1002600315157
S:ZMIZ1	D:-0.0990005027150742	D:-3.28291307613862	D:0.00111374862418224	D:0.00935246101775276	D:-0.103557301934962	D:-3.42107511277374	D:0.000684240492503024	D:0.010079388893912	D:1.38861196601536	D:0.250553117738336	D:0.93586613739919	D:-0.0371434194719571	D:-0.05497879890228	D:0.066349845054884	D:14.2695184305001
S:TYRO3	D:-0.102062490824205	D:-3.8272495244691	D:0.000149391695846217	D:0.00233728032708641	D:-0.0908936583130109	D:-3.42076050341253	D:0.000685010995201116	D:0.0100796685671875	D:0.900199440875356	D:0.407263958381352	D:0.96415212136371	D:-0.0446177972256016	D:0.022392332261053	D:0.0499215822400923	D:19.7767133238846
S:MLN	D:-0.133387051246422	D:-3.61304494755361	D:0.000339457119020993	D:0.00410987085674673	D:-0.126280762405937	D:-3.41990512978794	D:0.000687109965010459	D:0.0100955611951305	D:1.12221141752919	D:0.326523975346599	D:0.956911684216668	D:0.0426896250572722	D:0.0591133716947731	D:0.0729163548228715	D:2.38903393492951
S:DYNLRB2	D:-0.293620539968962	D:-3.65499351497155	D:0.0002899448161355	D:0.00372505697048245	D:-0.274687817486668	D:-3.41650189016054	D:0.000695520608765198	D:0.0101797770471707	D:0.000727100551054902	D:0.999273164968366	D:0.999618126490717	D:-0.00366301386869813	D:-0.00203948240260579	D:0.0041925122626909	D:16.0594626175532
S:KIF3C	D:-0.0813201606120383	D:-2.94065635620688	D:0.00345710611391586	D:0.0205397721410854	D:-0.0953719067162078	D:-3.41648073772423	D:0.00069557318310421	D:0.0101797770471707	D:0.82787085421457	D:0.437683717392898	D:0.966102458322465	D:-0.0506881606253967	D:0.00308155110246307	D:0.0507817446016096	D:18.2319316553388
S:PRORSD1P	D:-0.12682798065578	D:-3.61691095469571	D:0.000334581577093801	D:0.00407355675887225	D:-0.120808892259186	D:-3.41631635147513	D:0.000695981891152966	D:0.0101797770471707	D:1.00339709361939	D:0.36750064659258	D:0.959270072771647	D:-0.029930328989852	D:-0.0581726604126934	D:0.0654208148293135	D:13.8150803964872
S:NAP1L2	D:-0.213853610771815	D:-3.55365511604967	D:0.000423258609419457	D:0.00479512050818995	D:-0.206636160689268	D:-3.41560370432073	D:0.000697756313551695	D:0.0101980973246924	D:1.00418462857108	D:0.367212703650457	D:0.959270072771647	D:0.056585083486704	D:-0.0994626045458225	D:0.114431994548011	D:10.0242733795262
S:TAP1	D:-0.0705323999056573	D:-3.16187846062594	D:0.00168178372569273	D:0.0124295521118614	D:-0.0766389838047057	D:-3.41524637279657	D:0.000698647621747282	D:0.0102034926581193	D:1.1489756649852	D:0.317946051719692	D:0.956911684216668	D:-0.046160389438366	D:-0.0112242155544036	D:0.0475054161955595	D:17.0888910423559
S:CDCA2	D:-0.179368814389124	D:-3.54859413610426	D:0.000431231732483707	D:0.00485756856528858	D:-0.174244533062819	D:-3.41366632431698	D:0.00070260155118545	D:0.0102432602240343	D:1.61732219247022	D:0.199650950072067	D:0.924465346697901	D:0.0131626318335122	D:-0.118640277711098	D:0.11936821340772	D:11.5779445793641
S:MAP2K4	D:-0.0847408449247023	D:-3.04644472815279	D:0.00246238251714122	D:0.0162120676440218	D:-0.0953534588206629	D:-3.41343352833537	D:0.000703185862910068	D:0.0102432602240343	D:0.213622389864283	D:0.807740171699917	D:0.990538766746216	D:-0.0144200035554702	D:-0.0193039945764499	D:0.0240952424587797	D:14.4506385394795
S:PLEKHG3	D:-0.0794420876135768	D:-3.47746394159744	D:0.000559260745992055	D:0.00585169637221114	D:-0.0801850209216364	D:-3.41292332155757	D:0.000704468053647654	D:0.0102432602240343	D:2.80631813086586	D:0.0615498573335048	D:0.837566686736781	D:0.000210578329788622	D:0.0721274424834543	D:0.0721277498778174	D:0.011151756630128
S:SLC17A5	D:-0.0435675508090031	D:-2.97233092117787	D:0.00312631498627789	D:0.0191739782764799	D:-0.0504846280539189	D:-3.4129132858022	D:0.00070449329615991	D:0.0102432602240343	D:0.600830554343917	D:0.548822164295394	D:0.977958477099463	D:-0.00698099201637689	D:-0.0198617679592691	D:0.0210528875929305	D:13.2910332015323
S:SMCR7L	D:-0.0538540588590921	D:-4.06928339697456	D:0.0000563919467086899	D:0.00116654420624541	D:-0.0463707735916589	D:-3.41290436980645	D:0.000704515722895558	D:0.0102432602240343	D:1.69382688533682	D:0.185056035258967	D:0.921744746511297	D:0.00962047780360603	D:-0.0313920072230676	D:0.0328330886555439	D:10.864110265431
S:ADC	D:-0.106643483773072	D:-4.26927660561601	D:0.0000242912347620923	D:0.000662953936433024	D:-0.0869089872038382	D:-3.41084634198337	D:0.000709710206735999	D:0.0102958033777492	D:0.366110908698169	D:0.693644865112995	D:0.986869111240858	D:0.0278962064522291	D:-0.0125760423950107	D:0.0305999211885667	D:7.61777266629738
S:C1ORF61	D:-0.164732299070253	D:-3.28706729626671	D:0.00109785932741594	D:0.00927506109631763	D:-0.172129003918293	D:-3.41047624920827	D:0.000710648104980175	D:0.010301761587105	D:0.234104076097873	D:0.791381659717196	D:0.989847597294612	D:0.048758104967604	D:0.00020011410427208	D:0.0487585156222646	D:5.9843231134248
S:TGFBR3	D:-0.1071282489946	D:-3.43218231784967	D:0.000658427050354419	D:0.00653275986442573	D:-0.106323507084939	D:-3.40988682213659	D:0.000712144232043855	D:0.0103157972115411	D:0.464894703380235	D:0.628521053752104	D:0.984208797062414	D:-0.0265530621603695	D:-0.0298291872298461	D:0.0399355170354118	D:14.7783021926759
S:OR7C2	D:-0.0967427664465226	D:-3.02033387276561	D:0.00267989098866331	D:0.0172773836388881	D:-0.111708327751402	D:-3.4092016274855	D:0.00071388713476817	D:0.0103289247333313	D:0.306312353102841	D:0.736319395974056	D:0.988887668865741	D:-0.0269957970232929	D:0.0227490551419505	D:0.0353028691011699	D:20.6746975396086
S:HTATSF1	D:-0.108532472876074	D:-3.76293710853887	D:0.000191924667119451	D:0.00277363888467036	D:-0.100744069721288	D:-3.40911505209627	D:0.000714107635982327	D:0.0103289247333313	D:4.37847089293956	D:0.0131166517402126	D:0.709441948440271	D:-0.012754392822245	D:-0.11244344619666	D:0.113164495884731	D:12.431424436449
S:C8ORF37	D:-0.137679430279844	D:-3.46942089314692	D:0.000575787728422043	D:0.00595630915886454	D:-0.135536748398551	D:-3.40759139255769	D:0.000717998694268799	D:0.0103710016173412	D:2.09399065276427	D:0.124466641370721	D:0.888724539846668	D:-0.00825162772410461	D:-0.105033419258614	D:0.105357052546343	D:12.2994693579849
S:ACTL6A	D:-0.0918862099859713	D:-4.16855456303965	D:0.0000372802168053561	D:0.000870361668570446	D:-0.0775178344834005	D:-3.40756035840459	D:0.000718078153025057	D:0.0103710016173412	D:0.685390943230843	D:0.50445053846091	D:0.971534152892322	D:-0.0227869740215651	D:-0.0269670142507082	D:0.0353053259814632	D:14.6798413486254
S:R3HDM1	D:-0.0960112928683503	D:-3.75480185650311	D:0.000198054773510214	D:0.00282495498479057	D:-0.0874814265749066	D:-3.40716886916968	D:0.000719081212620544	D:0.0103778182982408	D:0.791968264835539	D:0.453621206923793	D:0.967692421145506	D:0.0354104551293056	D:-0.027191667762393	D:0.0446462442783817	D:8.50137582878736
S:OR2A7	D:-0.193704744380227	D:-3.48374543388583	D:0.000546662954521089	D:0.00575557154865118	D:-0.190074752857483	D:-3.40682427381337	D:0.00071996520325523	D:0.0103829077762439	D:0.196920524382358	D:0.82133096112437	D:0.990538766746216	D:-0.0202481868087797	D:-0.040956141912512	D:0.0456880140671606	D:13.7538130674747
S:PRSS35	D:-0.218681228386694	D:-3.39468405979726	D:0.000752725573196858	D:0.0071402963232232	D:-0.220225117095325	D:-3.4061312968616	D:0.000721745965631646	D:0.0104009129162301	D:3.60529898888467	D:0.0280157503245837	D:0.760239372616719	D:0.156975913051526	D:-0.176270464776769	D:0.236035408426318	D:9.22091033892578
S:SEPT11	D:-0.110780182930374	D:-4.58340004142425	D:0.00000605009683928329	D:0.000264243646787614	D:-0.0886517268136317	D:-3.40587246478105	D:0.000722412146391211	D:0.0104028413799784	D:2.53487318590648	D:0.0804725297548355	D:0.858260180148023	D:-0.00498651782123246	D:-0.0757041151432931	D:0.0758681646648346	D:12.2512362794641
S:DSCC1	D:-0.163469596201494	D:-3.52820030376505	D:0.000464808360401684	D:0.00513153681955328	D:-0.158286533994074	D:-3.40512018580491	D:0.00072435161417903	D:0.0104154193470732	D:0.109335898316672	D:0.896454521653742	D:0.992428805633076	D:-0.00903633043088785	D:-0.026725483379389	D:0.02821181896862	D:13.2454166940347
S:CDC42SE2	D:-0.0586264956349143	D:-3.61339839917224	D:0.000339008614691986	D:0.00410875190491982	D:-0.0570899064850406	D:-3.40358562176362	D:0.000728322969051477	D:0.0104519758135079	D:1.84665955902938	D:0.159029784853249	D:0.902323178228029	D:-0.00139687399539946	D:-0.0417243494182796	D:0.0417477255828112	D:12.1278311970352
S:C12ORF23	D:-0.116567166274054	D:-3.29449091919094	D:0.00106998781163588	D:0.00909862133471572	D:-0.121050424666037	D:-3.40351793845837	D:0.000728498595670527	D:0.0104519758135079	D:2.84231800921243	D:0.0594015852826789	D:0.83656058396868	D:-0.00178405114264674	D:-0.109841729820113	D:0.109856217158404	D:12.0620344769221
S:PRKDC	D:-0.0911448956196655	D:-3.32994955533183	D:0.000945696377290514	D:0.00834764663357654	D:-0.0928973916604321	D:-3.40255562714298	D:0.000730999904026873	D:0.0104801681031468	D:0.401496780436057	D:0.669571648731367	D:0.985706471962942	D:0.00652805907262619	D:-0.0312767051352192	D:0.0319507095284462	D:11.2140337282518
S:SBNO1	D:-0.0596759803963737	D:-4.09114546871333	D:0.0000515160467523957	D:0.00109302396263687	D:-0.0517098270100248	D:-3.4020844269834	D:0.0007322275988278	D:0.010490072953588	D:0.194161383247055	D:0.823598164472762	D:0.990538766746216	D:0.00603012347081793	D:-0.0110881344066374	D:0.0126217714166025	D:10.097404883246
S:THSD1	D:-0.0934598330307891	D:-3.87977368321572	D:0.000121432405750725	D:0.00204686060913318	D:-0.0848817683588144	D:-3.40155436437961	D:0.000733610954616509	D:0.0105021916953562	D:1.3213253785506	D:0.267877622598011	D:0.939907763028795	D:0.00718008734721579	D:-0.0523117601795906	D:0.0528022149857432	D:11.4789774321651
S:ACTG2	D:-0.125890389976413	D:-4.14149713876931	D:0.0000417661177743848	D:0.000949196818629063	D:-0.106898590916699	D:-3.3988164830079	D:0.000740795140496538	D:0.0105972751394164	D:1.78683141529557	D:0.168748822136097	D:0.909540780354538	D:-0.0603865265993124	D:-0.0522298969765963	D:0.0798404329454402	D:15.276173934394
S:C8A	D:-0.134055577811741	D:-3.04603130789773	D:0.00246569622236579	D:0.0162147089230865	D:-0.152128822261595	D:-3.3983120352941	D:0.000742125941576013	D:0.010608546469888	D:0.596800529146328	D:0.551032139776475	D:0.977958477099463	D:0.0610707376794657	D:-0.0309494513264978	D:0.0684653455269552	D:7.79166646736992
S:TBC1D13	D:-0.069577066798894	D:-4.32889727887078	D:0.0000187759140537328	D:0.000558447696383552	D:-0.0562855744824871	D:-3.39734009911112	D:0.000744696325035009	D:0.0106175477879514	D:0.138206044468004	D:0.870958440283562	D:0.991098228766629	D:-0.00965780561344314	D:-0.00678223211875447	D:0.0118013508455481	D:15.6614266179892
S:PPP1R7	D:-0.0494143748995131	D:-3.66616250878505	D:0.000277955358477731	D:0.00361491449276607	D:-0.045877751601464	D:-3.39725763281704	D:0.000744914796918669	D:0.0106175477879514	D:0.514592546773291	D:0.598116897935547	D:0.984208797062414	D:0.0192454139951808	D:-0.00226273101514458	D:0.0193779749069091	D:6.44704146308627
S:LOC100507177	D:-0.236303937455479	D:-3.41475602804384	D:0.000700788171118457	D:0.00679608022423115	D:-0.234694794088998	D:-3.3972522641073	D:0.000744929021917067	D:0.0106175477879514	D:0.449725476836857	D:0.638107078246441	D:0.985040961253285	D:0.047422700700336	D:-0.0739434045424823	D:0.0878438365341977	D:9.8217608299243
S:PTBP2	D:-0.111448285172832	D:-3.25104191340915	D:0.00124293780109937	D:0.0101454668217556	D:-0.11661877710831	D:-3.39579967867117	D:0.000748787124539421	D:0.0106647588925837	D:1.80376793613757	D:0.165938466974619	D:0.90727576473168	D:0.00385606000298396	D:-0.0845399858205277	D:0.0846278819378202	D:11.825894665861
S:IL28RA	D:-0.112205187427022	D:-4.23038314639229	D:0.0000286893210092332	D:0.000735425356977582	D:-0.0949356520791697	D:-3.39464760398225	D:0.000751860296266699	D:0.0107007298247251	D:1.42735486038953	D:0.241093214620849	D:0.933266293860831	D:-0.0242463120070663	D:-0.0565222254510842	D:0.0615032163052242	D:13.5478571631343
S:ALG9	D:-0.0757895728678805	D:-3.75988426510905	D:0.000194203776486832	D:0.00279244738508401	D:-0.0695603515771231	D:-3.39367428587879	D:0.000754465788600244	D:0.010729997070624	D:1.43624640271788	D:0.238973279177873	D:0.932707338252518	D:-0.0189408680091914	D:-0.0411174148462423	D:0.0452702803678042	D:13.6488874099235
S:WDFY1	D:-0.0929072894295849	D:-3.79438084806836	D:0.000169873114464251	D:0.00255541996131325	D:-0.0850574585222408	D:-3.39306118090441	D:0.000756111336815175	D:0.0107421922894968	D:2.35997667110377	D:0.0956615571710326	D:0.867885582684249	D:-0.0326725793651945	D:-0.063183437923199	D:0.0711311764992656	D:13.8229191882076
S:IRAK1BP1	D:-0.179734111338201	D:-4.39268150092641	D:0.0000142075941825005	D:0.000453375479011386	D:-0.144093867292064	D:-3.39224525461482	D:0.000758306436381635	D:0.0107611227838297	D:0.365249842344428	D:0.694241367313747	D:0.986869111240858	D:-0.0501837808496177	D:0.0107596686808798	D:0.0513242859715044	D:18.8067538643694
S:NAA15	D:-0.0863194696145064	D:-3.96609214943149	D:0.0000859484434753967	D:0.0015904531571522	D:-0.0776440045309544	D:-3.39037195823398	D:0.000763368683030782	D:0.0107965028156214	D:3.83638893944484	D:0.0223240042691798	D:0.732701345470532	D:-0.0488148369183095	D:-0.0678729635491283	D:0.0836039920356824	D:14.3816015353172
S:LPGAT1	D:-0.0734797641598538	D:-3.31639078650045	D:0.000991546987923441	D:0.00860764979609594	D:-0.0748326008734014	D:-3.39031106274328	D:0.000763533769371215	D:0.0107965028156214	D:0.992792808005571	D:0.371400010266566	D:0.959270072771647	D:-0.0287097662099185	D:0.0311328838094337	D:0.042349818537036	D:21.154581624128
S:KIT	D:-0.120450552203644	D:-3.21990573397404	D:0.00138243706693134	D:0.0108746982390249	D:-0.128759759697126	D:-3.39030061562185	D:0.000763562094631226	D:0.0107965028156214	D:0.408313318131356	D:0.665031649835167	D:0.985706471962942	D:0.0285582366778605	D:0.0353167344664714	D:0.045418549245038	D:2.59734050558166
S:NBR1	D:-0.0747494746972612	D:-3.30381578856328	D:0.00103590895981602	D:0.00889007333498683	D:-0.0767486087622699	D:-3.38996582036242	D:0.00076447034298235	D:0.0108015292640768	D:0.653203506146512	D:0.520898883484844	D:0.972936095379639	D:0.00660800224363674	D:-0.0331259330230857	D:0.0337785898507008	D:11.2479099913794
S:MSL2	D:-0.0581587829330969	D:-3.27269596941821	D:0.00115373985315902	D:0.00957741311409533	D:-0.06053189757511	D:-3.38810994223523	D:0.000769523339076566	D:0.0108572242374694	D:0.836511850126874	D:0.433932647342458	D:0.966078042387016	D:0.0299329234075094	D:0.0112877396067823	D:0.0319905137368931	D:4.62256555720388
S:MTO1	D:-0.104546434120765	D:-3.75371210326918	D:0.000198889813647363	D:0.00283273021026466	D:-0.0956775991594853	D:-3.38728687571924	D:0.000771774246354515	D:0.0108703301715615	D:1.20084393192769	D:0.301961432268455	D:0.954093587559266	D:-0.0103757528091683	D:-0.0556973258509073	D:0.0566555235903713	D:12.7035043888273
S:MOBKL2B	D:-0.0904335420815323	D:-3.96583477203524	D:0.0000860378655029478	D:0.00159060163651192	D:-0.0797698273649722	D:-3.38716024672356	D:0.000772121092990501	D:0.0108703301715615	D:1.0516006358702	D:0.350287420382657	D:0.959270072771647	D:-0.028698389270233	D:-0.0349516917181117	D:0.0452240898268141	D:14.6259321571812
S:SNX10	D:-0.0929044136947351	D:-3.13611872434053	D:0.00183296730417468	D:0.013208479196199	D:-0.100326074880463	D:-3.38547609793828	D:0.00077674793820894	D:0.0109197348636985	D:2.09227012449107	D:0.124678876979102	D:0.888724539846668	D:-0.0813345240019732	D:-0.0227732310678273	D:0.084462564772189	D:16.9572025417155
S:AOX1	D:-0.203807321852302	D:-3.17306153767259	D:0.00161980579358391	D:0.0121413981635686	D:-0.219715962242459	D:-3.38431698628126	D:0.000779947345982868	D:0.0109568304010433	D:0.473956146156926	D:0.622863941021391	D:0.984208797062414	D:-0.0502297830567698	D:-0.0666242822727268	D:0.083437558055627	D:14.4675728432825
S:MRPS18B	D:-0.0839608795210038	D:-4.80011546266237	D:0.00000221170842826137	D:0.0001390195332136	D:-0.0644090093667263	D:-3.38369556761121	D:0.000781667651521199	D:0.0109731088925113	D:1.89371128182093	D:0.151782898335526	D:0.897370879509493	D:-0.010911969740126	D:-0.046713974517489	D:0.0479715175789764	D:12.876535273208
S:HCLS1	D:-0.117703971654275	D:-3.39858784487408	D:0.000742351459992925	D:0.00706245855877397	D:-0.117317739489711	D:-3.38277770340787	D:0.000784215089667588	D:0.011000967025983	D:1.0881888958834	D:0.337764688818066	D:0.95707960515839	D:-0.0532947222258445	D:-0.0436167786876966	D:0.0688676324569201	D:15.380190826246
S:NUP62	D:-0.0962068479244866	D:-4.30669289542576	D:0.0000206731551009365	D:0.000593207230289869	D:-0.0790950295466743	D:-3.38156227314443	D:0.000787600293305344	D:0.0110405289321949	D:2.66406987619147	D:0.0708300994084674	D:0.850339905642804	D:-0.0110327148079987	D:-0.068991527735759	D:0.0698681021307194	D:12.6056983574657
S:EGLN3	D:-0.115648987659308	D:-3.4498736580941	D:0.000617875371126712	D:0.00626921588159728	D:-0.113217046826059	D:-3.38078740317189	D:0.0007897655526473	D:0.0110471071326277	D:0.646315628625794	D:0.524488118348121	D:0.975168631840212	D:-0.05307096951491	D:0.00912199658072342	D:0.0538492212280849	D:18.6501912826925
S:PNMA1	D:-0.118755255601613	D:-4.26468188485215	D:0.0000247751286547448	D:0.000667766605575681	D:-0.0976459302424632	D:-3.38047250280454	D:0.000790647078516496	D:0.0110478990247532	D:2.95724982875383	D:0.0530343503716416	D:0.83656058396868	D:-0.0418996983601286	D:-0.0816083139356085	D:0.091736043222294	D:13.8118046565475
S:ZNF777	D:-0.068299051165827	D:-3.77436322721096	D:0.000183616407475182	D:0.00270256050316075	D:-0.0620849139333974	D:-3.37892022511935	D:0.000795005903275413	D:0.0110749562000777	D:6.59493668483895	D:0.00151181408554543	D:0.540621307029361	D:0.0723573762002252	D:-0.0569917331541962	D:0.0921067182050258	D:8.54836436613528
S:KDM4A	D:-0.101123018773871	D:-4.22649472949252	D:0.000029168591251269	D:0.000745076394302024	D:-0.0843718654836105	D:-3.37886654725894	D:0.000795157031303877	D:0.0110749562000777	D:0.339524440611805	D:0.712302304830695	D:0.987553110889477	D:0.00918600972298862	D:-0.025498943526789	D:0.0271031159760869	D:10.6792275763576
S:C14ORF169	D:-0.0629639429989358	D:-3.75772466553549	D:0.000195831420279632	D:0.00280907691059552	D:-0.0575244672374463	D:-3.3784954822894	D:0.000796202483015684	D:0.0110816187468728	D:2.78758528447906	D:0.0626984340714589	D:0.840103863598374	D:0.0408913113115723	D:-0.0370395200738136	D:0.0551726869753356	D:8.81136097995209
S:GLIPR2	D:-0.0882535295231297	D:-3.56175785973246	D:0.000410780513845462	D:0.00471071714850596	D:-0.083601211167826	D:-3.37815737636067	D:0.000797156189271755	D:0.0110869957968394	D:0.141276450404979	D:0.868290101571228	D:0.991098228766629	D:-0.015974882092768	D:0.00905311226395538	D:0.0183618000082132	D:19.9693750546727
S:FASLG	D:-0.115796623893338	D:-3.905016918159	D:0.000109830534395692	D:0.00189761138163237	D:-0.103382077461415	D:-3.37786218444775	D:0.00079798971641981	D:0.011090694913627	D:0.168923879029441	D:0.844629997927763	D:0.990538766746216	D:0.0189688756608918	D:-0.0155314889777934	D:0.0245162271507198	D:8.62068049895949
S:PFKP	D:-0.0695141701627602	D:-4.20680254512921	D:0.0000317153793516665	D:0.000779560035108068	D:-0.0573735254536724	D:-3.37656058459074	D:0.000801674705716012	D:0.0111082955519036	D:0.457342777498057	D:0.633275187193953	D:0.984208797062414	D:0.00586394974458183	D:-0.0204885425844903	D:0.0213111774391621	D:10.9352363526452
S:THADA	D:-0.0612755471994534	D:-3.79287913052668	D:0.000170869465631393	D:0.0025684309445408	D:-0.0554960366347197	D:-3.37648933039482	D:0.000801876891916065	D:0.0111082955519036	D:0.0304460104988973	D:0.970014921462071	D:0.996943519608554	D:-0.000863016421947407	D:0.0052148175542788	D:0.00528574682225371	D:23.3735408177735
S:PGBD1	D:-0.209385008602349	D:-3.30493561529686	D:0.00103188491581177	D:0.00886876088228578	D:-0.213094364233623	D:-3.37621697255188	D:0.00080265015429016	D:0.0111082955519036	D:0.915591134533349	D:0.401069792025759	D:0.963711209598891	D:0.0351287940037005	D:-0.106652687169881	D:0.112289037081591	D:10.7846251745706
S:RAB35	D:-0.0612778920257761	D:-3.23600783786212	D:0.00130858034020301	D:0.0104928060844921	D:-0.0641314095555464	D:-3.37621108742949	D:0.000802666870645713	D:0.0111082955519036	D:0.255127584963498	D:0.774936486757557	D:0.989364001696824	D:-0.00828331975894684	D:0.0160369421802945	D:0.0180498448947094	D:22.1788648047445
S:SH3RF3	D:-0.207184165356506	D:-2.99544553398352	D:0.00290348270764313	D:0.0182141109438377	D:-0.233178988554522	D:-3.37494185743513	D:0.000806279630904118	D:0.0111346362314469	D:0.220586376524733	D:0.802140335339783	D:0.990538766746216	D:0.0355776210983389	D:-0.0504863657180645	D:0.0617627739535323	D:9.65518256999668
S:LOC100170939	D:-0.10925356021158	D:-4.57770206299141	D:0.00000620908874917366	D:0.000266663303840885	D:-0.0862787493685791	D:-3.37220312682793	D:0.000814126855333055	D:0.011235065593265	D:2.78596477429807	D:0.0627987996030878	D:0.840103863598374	D:-0.022086911572876	D:-0.0751157009186393	D:0.0782955949420304	D:13.0923579329127
S:CENPJ	D:-0.0883513460957653	D:-3.763211428112	D:0.000191721112979828	D:0.00277307347797099	D:-0.080841647547766	D:-3.37053396867157	D:0.000818944275096721	D:0.0112935709807093	D:2.85469683382621	D:0.0586804251332348	D:0.83656058396868	D:-0.0446018757789851	D:-0.0610064277454577	D:0.0755718965572902	D:14.4113723010621
S:CCND2	D:-0.07731120564492	D:-4.77645728058854	D:0.00000247312596502712	D:0.000150552506176308	D:-0.0604204124104617	D:-3.36907987438421	D:0.00082316260947581	D:0.0113357438701669	D:1.99456512392456	D:0.137347437682797	D:0.892651935358644	D:0.0112256514889359	D:-0.0455058295251805	D:0.0468699879680573	D:11.076173587404
S:PKN2	D:-0.0464897735419081	D:-3.11492997725282	D:0.00196661349447419	D:0.0138514774398585	D:-0.0506648953678937	D:-3.36885004087075	D:0.000823831206094047	D:0.0113369616889322	D:0.877494044038643	D:0.416577336795248	D:0.96541007332969	D:-0.0143420150163013	D:0.0225264226929352	D:0.0267045523098328	D:21.8344068646222
S:EPDR1	D:-0.105035118113773	D:-3.62684367836477	D:0.00032235491097255	D:0.00398932065567739	D:-0.0996290091789811	D:-3.36849217612077	D:0.000824873258245356	D:0.0113431734265541	D:3.1925124140391	D:0.042057614779377	D:0.813813159090897	D:-0.0861238167009483	D:-0.0541254304635943	D:0.101719585262662	D:15.8568169581731
S:NUF2	D:-0.229979305383026	D:-3.64635511857584	D:0.000299549443126415	D:0.00379850465161147	D:-0.215616367236108	D:-3.36829649939466	D:0.000825443560337747	D:0.0113431734265541	D:0.831739594321087	D:0.436000280081538	D:0.966102458322465	D:0.0652596137054101	D:-0.0900915665725052	D:0.11124435962541	D:9.60543741619988
S:DKFZP564C152	D:-0.179478269859247	D:-3.77723042524291	D:0.000181585492214283	D:0.00268815310860553	D:-0.163453170373124	D:-3.36780600925902	D:0.000826874713265068	D:0.0113548550751319	D:1.37692687721158	D:0.253478832228454	D:0.9367386625767	D:0.000966788509564067	D:-0.104392230156246	D:0.104396706830325	D:11.9646261555243
S:SLC16A10	D:-0.255072548955894	D:-2.97415343302502	D:0.00310819299325435	D:0.019098702662992	D:-0.28848250877644	D:-3.36470748142049	D:0.000835969126966598	D:0.0114636299719679	D:2.27113642593732	D:0.104448796801326	D:0.872152608868611	D:0.0672467362020501	D:-0.230088640963183	D:0.23971421783055	D:10.9138822493913
S:FCRLB	D:-0.0817272541839629	D:-3.71965850472124	D:0.000226720202421156	D:0.00310682992672637	D:-0.0743550870685331	D:-3.36446462713586	D:0.000836685843308387	D:0.0114654123871593	D:0.992973227136697	D:0.371333320924934	D:0.959270072771647	D:-0.0283747454783018	D:-0.0302232784649375	D:0.0414556720139424	D:14.8795431209496
S:DMRTC1	D:-0.13456575403802	D:-4.2758725200925	D:0.0000236123333015261	D:0.000650331771793488	D:-0.110604503030266	D:-3.36200008099088	D:0.000843991686714325	D:0.0115574222495337	D:2.031779228858	D:0.13237644098412	D:0.892106772592489	D:-0.0180023508654848	D:-0.0839481850955276	D:0.0858567552235523	D:12.8069024153177
S:HSPA9	D:-0.0905764302595111	D:-3.48067039202615	D:0.000552796555825932	D:0.00580451235754676	D:-0.0877460353024247	D:-3.36173697442864	D:0.000844775131704841	D:0.0115600496138966	D:5.72803819527755	D:0.00351039346507567	D:0.619506875420677	D:0.0074406293717989	D:-0.114446658643778	D:0.114688275949087	D:11.7520140066454
S:ANKRD12	D:-0.0716035719060701	D:-3.14931202332131	D:0.00175403652495376	D:0.0128181105961562	D:-0.0766971575311579	D:-3.36119926167022	D:0.000846378369548559	D:0.0115738836384523	D:2.74335055624251	D:0.0654968236529902	D:0.847670464859297	D:-0.0214199118394619	D:-0.0659528344392594	D:0.0693439903220364	D:13.1995042508885
S:DCAF16	D:-0.0724462582071526	D:-3.92278238281878	D:0.000102303418769136	D:0.00179614654642199	D:-0.0648996089982993	D:-3.36056131326762	D:0.000848284141679699	D:0.0115841948821418	D:5.57650287725096	D:0.00406872014525361	D:0.619506875420677	D:-0.0414346299758326	D:-0.0735315150905824	D:0.084402086898078	D:13.960069021452
S:HLA-B	D:-0.0637334470824121	D:-2.99974928736752	D:0.00286363598406892	D:0.0180568927927367	D:-0.0724978495771678	D:-3.36015230763956	D:0.000849508083027773	D:0.0115863468885202	D:0.348792441423908	D:0.705741784278492	D:0.987553110889477	D:-0.018278563243316	D:0.0166491730401453	D:0.0247244987241522	D:20.8219379837712
S:STK39	D:-0.065365575909215	D:-3.37738443566781	D:0.000800345188477077	D:0.00744031652142272	D:-0.0652150646866879	D:-3.36010108362196	D:0.000849661485658331	D:0.0115863468885202	D:2.12893942142902	D:0.120233248305705	D:0.888724539846668	D:-0.00656039339084412	D:-0.0514074143110179	D:0.0518243283370589	D:12.4848354455713
S:RARRES3	D:-0.10621262491577	D:-4.4582349881614	D:0.0000106305343888255	D:0.000376324769007316	D:-0.0829265015648181	D:-3.35968509461443	D:0.000850908219886613	D:0.0115952562934479	D:0.443914863762176	D:0.641817821694167	D:0.985040961253285	D:-0.0313773378242916	D:0.0096032943895316	D:0.0328140304149266	D:19.1344776354677
S:OCIAD1	D:-0.0919259144264706	D:-3.6638840688654	D:0.000280362657063319	D:0.00363300177829862	D:-0.0869033094702286	D:-3.35893404375893	D:0.000853163459610226	D:0.0116178865256052	D:1.96705067714056	D:0.141142994765317	D:0.893013200900893	D:0.0271035901244355	D:-0.0622679529357091	D:0.0679109899827493	D:10.4318522580798
S:GOLGA4	D:-0.0862156486560959	D:-3.19333098116337	D:0.00151281747954058	D:0.0115657145413547	D:-0.0912925811022394	D:-3.35852814146773	D:0.000854384608865336	D:0.0116223667847159	D:4.44980287853076	D:0.0122313874460458	D:0.709441948440271	D:0.0268738530691488	D:-0.102739129710064	D:0.10619572850338	D:11.0227573191825
S:TRIM52	D:-0.0762242585696175	D:-5.05650005845301	D:0.000000640226190355753	D:0.0000631851514431403	D:-0.0550969841056977	D:-3.35842937046309	D:0.000854682005508254	D:0.0116223667847159	D:0.0357815634653495	D:0.964853942118607	D:0.996760838460121	D:0.00619839030827079	D:-0.000187313556285444	D:0.00620121994304617	D:6.11539566952947
S:FBXL3	D:-0.0860264528539597	D:-3.1217750488994	D:0.00192248766268528	D:0.0136212224135363	D:-0.0924733494954141	D:-3.35749157770113	D:0.000857510476093272	D:0.0116454612441739	D:1.00217806765772	D:0.367946801098589	D:0.959270072771647	D:-0.0344214374762362	D:-0.0386971427686577	D:0.05179096655198	D:14.7768909955809
S:C1ORF109	D:-0.109425995295755	D:-4.7037118740324	D:0.00000347691579006629	D:0.00018412577629725	D:-0.0854423542769623	D:-3.35742109002605	D:0.000857723425102728	D:0.0116454612441739	D:0.103534057265087	D:0.901668100575975	D:0.992612422987167	D:-0.00885595415756028	D:-0.0124243870171502	D:0.0152575658868884	D:14.3653877444382
S:PAXIP1	D:-0.070009896007611	D:-4.10048240097985	D:0.0000495582373301968	D:0.00106186131104098	D:-0.0591721049317069	D:-3.35727392904205	D:0.000858168169060461	D:0.0116454612441739	D:1.6402939787941	D:0.19515106290665	D:0.921744746511297	D:0.0434578034801924	D:-0.0119722220247877	D:0.0450767654511039	D:7.02682586120817
S:CFL2	D:-0.130058484673574	D:-3.62509261402287	D:0.000324479450391177	D:0.00400858696845177	D:-0.122038525360281	D:-3.35674609628257	D:0.000859765129735006	D:0.0116509503468459	D:2.32886529665384	D:0.0986509272754211	D:0.867938343868143	D:-0.0377382143574434	D:-0.0947832164980924	D:0.102019757658076	D:13.4473412483634
S:TEX10	D:-0.0752350953278897	D:-4.70984448139753	D:0.00000337904597214699	D:0.000181400926762979	D:-0.0578336200912383	D:-3.35637910019472	D:0.000860877107646034	D:0.0116579345533688	D:0.769672431084888	D:0.463810714969333	D:0.967692421145506	D:0.00960761847559744	D:-0.0264743120070379	D:0.0281637271861988	D:10.6702661402568
S:LRRC58	D:-0.0816071612678686	D:-3.90336776690256	D:0.000110555259298457	D:0.00190844551409111	D:-0.0721456121732666	D:-3.35548966691534	D:0.000863577596014215	D:0.0116864056812422	D:3.08801099182819	D:0.0466193952053888	D:0.826061255087532	D:-0.0471707997897401	D:-0.0530250973069007	D:0.070970030979351	D:14.7770729632988
S:SLC33A1	D:-0.102568653011879	D:-3.80719895831806	D:0.000161589034971904	D:0.00246303536067549	D:-0.0917218198455247	D:-3.35473802768179	D:0.000865865858860698	D:0.0117092628013819	D:0.564562827181426	D:0.569035479465595	D:0.980643998962624	D:-0.000266868304592695	D:-0.0376433698715261	D:0.0376443158255867	D:12.0270789985709
S:FAM102A	D:-0.0962718885027467	D:-3.54247937146804	D:0.000441052719691352	D:0.00494186421759673	D:-0.0928368093038864	D:-3.35359597569438	D:0.00086935348111047	D:0.0117482962478421	D:3.61437667261851	D:0.02776680245947	D:0.760239372616719	D:0.036953389913342	D:-0.0911031707339063	D:0.0983124648447936	D:10.5280983751333
S:MYO9A	D:-0.0696578957528236	D:-3.40269699384073	D:0.000731575674270469	D:0.00699057224983825	D:-0.0688395999646126	D:-3.353277025757	D:0.000870329829525521	D:0.0117533622659006	D:2.33258773426547	D:0.0982883662567818	D:0.867885582684249	D:0.0164740639208554	D:-0.0557973273412518	D:0.0581784884686362	D:10.9033904044514
S:IGLV6-57	D:-0.26582653808342	D:-3.13169399540266	D:0.00186016384686227	D:0.0133038573262054	D:-0.284700567190052	D:-3.35255522934069	D:0.00087254311313465	D:0.0117686782097738	D:0.75653472377644	D:0.469922185351442	D:0.967692421145506	D:-0.0624542450358936	D:-0.121282675068923	D:0.13641854710734	D:13.8164068582353
S:SLC4A5	D:-0.119219947492089	D:-3.60578697788586	D:0.000348791052150915	D:0.00419158083725003	D:-0.111187266855003	D:-3.3525143963717	D:0.000872668477865119	D:0.0117686782097738	D:0.0515086936639493	D:0.949801334586833	D:0.996760838460121	D:0.0113866756909013	D:-0.00925620595683372	D:0.0146742540527649	D:8.6071728189241
S:VPS41	D:-0.0483981443984087	D:-3.31604620369046	D:0.000992738709623747	D:0.00861416835024762	D:-0.048841395268415	D:-3.35110979559905	D:0.000876991078095207	D:0.0117944133909556	D:1.12348415697163	D:0.326110846310799	D:0.956911684216668	D:-0.0302432906861533	D:-0.00496157139970869	D:0.0306475744926344	D:17.378887799264
S:TRAM1	D:-0.104524541795696	D:-3.42151407369105	D:0.000684067139202758	D:0.00668702149432771	D:-0.102498732351255	D:-3.34969644566907	D:0.000881360704001482	D:0.0118450271780557	D:1.13813231852793	D:0.321393713742781	D:0.956911684216668	D:-0.0393530879359568	D:-0.0468465089930291	D:0.0611821945906577	D:14.6687805345678
S:RGPD5	D:-0.0548375481129491	D:-3.85998813824262	D:0.000131326767768979	D:0.00215248468888069	D:-0.0498899356769234	D:-3.34749505304481	D:0.000888207067673536	D:0.0119288345769131	D:2.56181256039821	D:0.0783586574562945	D:0.854945016947767	D:0.00412575075259481	D:-0.0436437481715904	D:0.0438383231173107	D:11.6399824867052
S:RNF168	D:-0.054301381531511	D:-3.76820080999394	D:0.000188054172098353	D:0.00274725049719156	D:-0.0486188309942471	D:-3.34588736024046	D:0.00089323823933821	D:0.0119717204628998	D:0.356080054731773	D:0.700625779760637	D:0.987553110889477	D:0.00158608751720984	D:-0.0158591458037254	D:0.0159382614872535	D:11.6192525509668
S:DHTKD1	D:-0.054616165387334	D:-3.02143987155027	D:0.00267033149897997	D:0.0172385027491139	D:-0.0609765854316547	D:-3.34564773576066	D:0.000893990394882447	D:0.0119735889694297	D:1.08099730491989	D:0.340190057795653	D:0.95707960515839	D:-0.0366473772291658	D:0.00948451410058691	D:0.0378548050516841	D:18.9673366205553
S:LOC100505971	D:-0.111996383299106	D:-3.17967536344807	D:0.00158415105692213	D:0.011933762667968	D:-0.117421011374041	D:-3.34443805112783	D:0.000897796467578281	D:0.0120163292965392	D:1.44211083463694	D:0.237585331822224	D:0.932707338252518	D:-0.0363314399219612	D:-0.0689194514313972	D:0.077909333923528	D:13.8530876626768
S:TAF4	D:-0.104682694669014	D:-3.69357864360041	D:0.000250472381648636	D:0.00335238411629862	D:-0.0966878203254044	D:-3.3439614109468	D:0.000899300272212316	D:0.0120214801822795	D:0.911114640051208	D:0.402861467550516	D:0.963796907670492	D:-0.00294740574101824	D:-0.0504449486264754	D:0.0505309810168963	D:12.2229256997266
S:TACC1	D:-0.0597131553777247	D:-3.33960830355852	D:0.000914244900424023	D:0.00814203857637726	D:-0.0598782769686439	D:-3.34358023894527	D:0.000900504559390231	D:0.0120225876611517	D:0.277280856700011	D:0.757978925173768	D:0.989044741352382	D:-0.0111225077743322	D:0.0141902197577354	D:0.0180297674960856	D:21.4606745008876
S:TUBA1B	D:-0.0843936870798731	D:-3.80269405584353	D:0.000164455993934018	D:0.00248373840757916	D:-0.0747504675344786	D:-3.34351050008999	D:0.00090072505685104	D:0.0120225876611517	D:0.791300360198052	D:0.453923156029039	D:0.967692421145506	D:-0.0096211853627129	D:-0.0351535148466892	D:0.0364463552891106	D:13.0204318481077
S:EXTL2	D:-0.219429072095988	D:-3.37126100603493	D:0.000817862667212157	D:0.0075472781929998	D:-0.218893666787853	D:-3.34275398175538	D:0.000903120214851327	D:0.0120331896764254	D:3.40543674160572	D:0.0341027645619294	D:0.779148485338359	D:-0.137644960235551	D:-0.178930581067177	D:0.225748284421574	D:14.5046539639929
S:C1ORF115	D:-0.144616475265504	D:-3.16709019308517	D:0.0016526322098155	D:0.0123071974131116	D:-0.151689986336902	D:-3.34267622535486	D:0.000903366729200964	D:0.0120331896764254	D:0.333702895010428	D:0.716454487207108	D:0.988143133268022	D:-0.0514565190500324	D:-0.00777679728627499	D:0.0520408678711084	D:17.4270490951324
S:LMCD1	D:-0.141542788932372	D:-3.68073322168248	D:0.000263014331080373	D:0.00347033291265467	D:-0.128342111044712	D:-3.3418758993364	D:0.000905907675765028	D:0.0120506071423583	D:0.82041958536107	D:0.440944474668758	D:0.966218251830967	D:-0.0167101448363097	D:0.0622444720171653	D:0.0644484541098243	D:22.9981801434649
S:KIAA0240	D:-0.0572327778651803	D:-3.39656997672387	D:0.000747697088662014	D:0.00710639533538152	D:-0.0561019027602916	D:-3.34132440779279	D:0.000907662467082974	D:0.0120637607653781	D:1.5932701488778	D:0.204474217700399	D:0.926619775639052	D:0.0367063759166181	D:-0.0201487812903938	D:0.0418728004845652	D:7.91754432116206
S:PHLDB2	D:-0.0806078764548507	D:-3.31918227207683	D:0.000981941669099938	D:0.00855848445846649	D:-0.0812016192049727	D:-3.34117725844435	D:0.000908131215693733	D:0.0120637607653781	D:0.89124134630547	D:0.410913171053297	D:0.96415212136371	D:0.0228861890899817	D:-0.0369290160645163	D:0.0434457118546319	D:9.88080482771736
S:ZC3H7A	D:-0.0626807282131133	D:-3.88406133344449	D:0.000119383293653422	D:0.00201979994916149	D:-0.0557770013272278	D:-3.34063829010584	D:0.000909850038506726	D:0.0120748452045432	D:0.557286229653309	D:0.573180217595881	D:0.982115268178959	D:-0.00907364662667408	D:-0.0210745990436176	D:0.0229449294606674	D:13.5529496189564
S:HJURP	D:-0.178664427166671	D:-3.42971514707238	D:0.000664275656331991	D:0.00657246106348528	D:-0.173092745292295	D:-3.34033474756166	D:0.000910819396729784	D:0.0120748452045432	D:0.703954924780156	D:0.49520233619931	D:0.971534152892322	D:-0.0802266448046514	D:-0.0287593813915429	D:0.0852256801359539	D:16.6852284782186
S:FMNL3	D:-0.150136838652548	D:-3.29188291615087	D:0.00107970366832211	D:0.00914629988660256	D:-0.151641790892587	D:-3.33806746218712	D:0.00091809037353626	D:0.0121547452501843	D:7.11678235504816	D:0.000911932289424347	D:0.540621307029361	D:-0.0626213563490902	D:-0.213181697331728	D:0.22218881688383	D:13.0913307381422
S:RSF1	D:-0.0606798948273532	D:-3.54994289586119	D:0.000429093236749594	D:0.00484659795611913	D:-0.0579804360980945	D:-3.33725303386156	D:0.000920715320933101	D:0.012173002764786	D:2.26536609049309	D:0.105046827162968	D:0.87220229631552	D:-0.00167547934056182	D:-0.0478631806007808	D:0.0478924972020003	D:12.1336569652514
S:GRSF1	D:-0.088199413407581	D:-3.44262105469153	D:0.000634209077659249	D:0.00638489417132374	D:-0.0856303755910388	D:-3.33673029494765	D:0.000922403812734156	D:0.0121870810714254	D:2.25542708753852	D:0.106084970405415	D:0.87220229631552	D:0.0361932462577275	D:-0.0631293708703311	D:0.072768595844336	D:10.0115698747676
S:TTC27	D:-0.0912060951046405	D:-3.85349332506307	D:0.000134737605365967	D:0.00218948902315863	D:-0.0813137031943389	D:-3.33647923894164	D:0.000923215768406441	D:0.0121895671151556	D:3.28064880395041	D:0.0385605333405517	D:0.811099442419505	D:0.00283039129816872	D:-0.0809201724341441	D:0.0809696574135791	D:11.8664499551318
S:ZFP2	D:-0.233879008223347	D:-3.29604413283606	D:0.00106424009713346	D:0.00907343618590096	D:-0.235705180389942	D:-3.33580067504151	D:0.000925413680609586	D:0.0122020976604534	D:0.574180295326559	D:0.563603548819501	D:0.9797224507603	D:0.0597186680022195	D:-0.0827042150571276	D:0.102011305727233	D:9.61119207214359
S:SLC2A9	D:-0.0665445160691406	D:-3.2237225864893	D:0.00136458916920576	D:0.0107782687774656	D:-0.0692055433579828	D:-3.33510749041803	D:0.000927663973387807	D:0.0122152841670964	D:1.33715311203857	D:0.263697107528127	D:0.939907763028795	D:-0.0429602326018055	D:-0.0185626272247743	D:0.0467990674553154	D:16.4420918077437
S:FAM46B	D:-0.201934524691722	D:-3.13849829134717	D:0.00181849340608713	D:0.0131417349678724	D:-0.213382367474811	D:-3.33350156113124	D:0.000932896881304742	D:0.0122759178165495	D:0.0460816988402402	D:0.954968721259617	D:0.996760838460121	D:0.0140818926215196	D:-0.0219231312715945	D:0.0260561582846661	D:9.81907571356727
S:CCT4	D:-0.0878029174280704	D:-4.0257909479401	D:0.0000674265215666765	D:0.00132553486713724	D:-0.07575007670584	D:-3.33314036762101	D:0.000934077601902834	D:0.0122831833235419	D:2.62210255088082	D:0.073827746388452	D:0.850339905642804	D:-0.000423431540537834	D:-0.0674345176823877	D:0.0674358470646419	D:12.0239842760818
S:CEP350	D:-0.054639336125883	D:-3.07023993029424	D:0.00227840662703134	D:0.0152826952340352	D:-0.0592115707908858	D:-3.33284129667741	D:0.000935056298778285	D:0.0122863532265979	D:0.399173471799492	D:0.67112614017721	D:0.98606709221369	D:0.02240600076819	D:-0.00123230360300938	D:0.0224398628024799	D:6.20986857960205
S:GTF3C3	D:-0.0757504805255513	D:-4.26267792804051	D:0.0000249890456373584	D:0.000670756786812666	D:-0.0625117647593679	D:-3.33172853241592	D:0.000938706151397484	D:0.0123118597593486	D:1.69106696667931	D:0.185563424424984	D:0.921744746511297	D:-0.0100013169244017	D:-0.0435469111068485	D:0.0446806424211883	D:12.8623118603404
S:C12ORF5	D:-0.0764903724542698	D:-3.80442548918026	D:0.000163348458505507	D:0.00247825483513673	D:-0.0676821689353838	D:-3.33170650970625	D:0.000938778519084462	D:0.0123118597593486	D:0.893101124547247	D:0.410152870259444	D:0.96415212136371	D:-0.0325063316306083	D:-0.0179575211420052	D:0.037136695620971	D:16.0721571449771
S:ZNF599	D:-0.279022347339652	D:-3.44410105286763	D:0.000630843563172462	D:0.00635756269621097	D:-0.271982699235967	D:-3.33031278169197	D:0.000943368941898219	D:0.0123588501026322	D:1.63171448767499	D:0.19681963194808	D:0.922219662881213	D:-0.00856575014854685	D:-0.190845239153507	D:0.191037371692469	D:12.1713263135766
S:TERF1	D:-0.0697049430603316	D:-3.72967046844485	D:0.000218178691311901	D:0.00303045709863556	D:-0.0630999818164292	D:-3.33023478652698	D:0.000943626444558992	D:0.0123588501026322	D:3.07729112065072	D:0.0471145986023307	D:0.826061255087532	D:0.0030772194115717	D:-0.0609178071694818	D:0.0609954794197498	D:11.8072135140115
S:DDX20	D:-0.0848624883526031	D:-3.45743682173058	D:0.000601261244490328	D:0.00614500312687526	D:-0.0821268332809997	D:-3.3293442527074	D:0.000946571196426231	D:0.0123748487103577	D:2.54879256270212	D:0.079373249579156	D:0.858260180148023	D:-0.0145684475553945	D:-0.0706093613210099	D:0.072096612752162	D:12.777195990703
S:MCOLN2	D:-0.0924449129537076	D:-3.73273601831551	D:0.000215624616434639	D:0.00300965759267805	D:-0.083573715550994	D:-3.3291921971285	D:0.000947074855695272	D:0.0123748487103577	D:0.618672423286519	D:0.539144572704696	D:0.975924385547693	D:-0.0354099993505744	D:-0.0151644333461621	D:0.0385204892585475	D:16.4544554531251
S:ZBTB20	D:-0.0730569441952606	D:-3.58068888756705	D:0.000382958167011619	D:0.00446297718017475	D:-0.0679351127358652	D:-3.32880337444453	D:0.000948363900564032	D:0.0123794114769016	D:2.56961927940988	D:0.0777565727346454	D:0.852071420081327	D:0.0363000716377319	D:-0.0506448983847778	D:0.0623105202458536	D:9.62457891420788
S:IL1RAPL2	D:-0.218413572169196	D:-3.18291347472184	D:0.00156696029596634	D:0.0118454442537052	D:-0.231501900771224	D:-3.32522460866481	D:0.000960305232594781	D:0.0125185620748063	D:0.276127516771123	D:0.75885249609518	D:0.989044741352382	D:-0.0683353000672071	D:0.0252402143365207	D:0.0728476606009331	D:19.3514753687016
S:ADAMTS16	D:-0.191422530299902	D:-3.81791977685557	D:0.000154954865872008	D:0.00238404270928349	D:-0.165689981337733	D:-3.32285254587184	D:0.000968296990880463	D:0.0126059237167189	D:0.808793725214387	D:0.4460808984094	D:0.967692421145506	D:-0.000856265989708299	D:0.0822010367522384	D:0.0822054963769941	D:23.960212462099
S:PABPC1	D:-0.0958141258194998	D:-4.42624851234804	D:0.0000122521486315018	D:0.000412996082004326	D:-0.0762320640855597	D:-3.32209195115466	D:0.000970872582681429	D:0.0126226354878096	D:2.08848395135454	D:0.125147201372264	D:0.888724539846668	D:-0.0356034429941023	D:-0.050475477280194	D:0.0617687539108381	D:14.3465105557784
S:LOC100507100	D:-0.0710153087721368	D:-3.49691644024638	D:0.000521104465672316	D:0.00556223544712108	D:-0.0676338749725352	D:-3.3217183899495	D:0.000972139898133755	D:0.0126307086099945	D:2.61256986719772	D:0.0745262242151144	D:0.850339905642804	D:0.0114985561717643	D:-0.0596361893741103	D:0.0607346019753153	D:11.272441791357
S:VEGFC	D:-0.226171263569515	D:-3.42276094513412	D:0.000681023042307604	D:0.00667849276364596	D:-0.219921987886348	D:-3.32143744119674	D:0.000973094036314276	D:0.0126347046934334	D:0.231626633827839	D:0.793342536368331	D:0.989870986031418	D:0.0154842946095205	D:-0.0569853054241169	D:0.0590515741859124	D:10.9865586902258
S:LOC100505474	D:-0.169856986730468	D:-2.94112196075233	D:0.00345202045438507	D:0.0205220358074654	D:-0.194681502331534	D:-3.3211533611305	D:0.00097405969366827	D:0.0126388449362362	D:0.0973418643194212	D:0.907266065480697	D:0.993355545134804	D:0.0189940567297975	D:0.0282175689277503	D:0.0340147818932755	D:2.2630420242958
S:ALS2	D:-0.113252641313589	D:-3.61352402754752	D:0.00033884933551615	D:0.00410875190491982	D:-0.104958484461481	D:-3.32087511416661	D:0.000975006386120664	D:0.0126427337698632	D:0.551552545889601	D:0.576467470645486	D:0.982115268178959	D:-0.0388558758113704	D:-0.0232277803387898	D:0.0452692927328858	D:15.9419535097606
S:APLNR	D:-0.1934271953224	D:-3.37099039572563	D:0.000818644986759818	D:0.0075472781929998	D:-0.191024477885869	D:-3.32054618517122	D:0.00097612661920963	D:0.0126445458182777	D:0.367284722220686	D:0.69283253722428	D:0.986869111240858	D:-0.0137867023101543	D:-0.0623313555932958	D:0.0638378496715444	D:12.8314741420117
S:SPCS2	D:-0.0897661858042519	D:-4.29342357833218	D:0.0000218929719206415	D:0.00061888391834376	D:-0.0716743856934679	D:-3.31906382514859	D:0.000981189947855637	D:0.0126824490597413	D:0.269024601455664	D:0.764254779036584	D:0.989044741352382	D:0.0186285990663625	D:-0.0117740594813548	D:0.0220375402403663	D:8.15297409839429
S:REST	D:-0.0907640670459606	D:-4.52686226983035	D:0.00000781683048134286	D:0.000307961057330486	D:-0.0715487043792664	D:-3.31902750521639	D:0.00098131431238569	D:0.0126824490597413	D:2.71459659944975	D:0.0673828275062888	D:0.850050246804642	D:-0.00472557224511768	D:-0.0648460926419632	D:0.0650180495245274	D:12.2778657046388
S:MFSD4	D:-0.140847969416406	D:-3.10278896597215	D:0.00204718113266076	D:0.0142515021422601	D:-0.149717666757731	D:-3.31824379762553	D:0.000984001407469653	D:0.0127087716479607	D:2.96904402186335	D:0.0524210482400229	D:0.83656058396868	D:-0.0960632298265048	D:-0.109859109967533	D:0.145935493172698	D:14.7444776935205
S:UBE4B	D:-0.075850288142639	D:-3.33221859713258	D:0.000938218652631851	D:0.0082995612001263	D:-0.0753222662226829	D:-3.31777019755171	D:0.000985628550752397	D:0.0127213788046582	D:0.10679730692074	D:0.898731982096462	D:0.992434542390764	D:0.0038992000570433	D:0.0130332529005072	D:0.0136040230172338	D:1.11038493240136
S:ZNF217	D:-0.0601144055491265	D:-3.13820839426044	D:0.00182025107132256	D:0.0131495475729073	D:-0.063580294605914	D:-3.3171201043058	D:0.000987866141463603	D:0.0127418430827328	D:0.0343117850401706	D:0.966272871575331	D:0.996760838460121	D:-0.00472013533545415	D:0.00495915087619267	D:0.00684637531821368	D:21.0943030916997
S:EIF3M	D:-0.067522906003196	D:-4.13777341658596	D:0.0000424223129936857	D:0.000957245286616179	D:-0.0567938285874149	D:-3.31673118556186	D:0.000989207037270319	D:0.0127507221077172	D:2.78758414392554	D:0.0626985046543971	D:0.840103863598374	D:0.00285293940390801	D:-0.05239285795244	D:0.0524704757713033	D:11.7922107199584
S:BAHD1	D:-0.0617886848565771	D:-4.15644781074476	D:0.0000392275262421672	D:0.000902879965015536	D:-0.0520019837685202	D:-3.31615074050742	D:0.000991211414226124	D:0.0127654089357837	D:1.37925714902164	D:0.252892651032073	D:0.9367386625767	D:0.00927159077683564	D:-0.0328645453232389	D:0.0341473386201081	D:10.9496952794477
S:ALMS1	D:-0.0842470361862194	D:-4.39333024580175	D:0.0000141671179293538	D:0.000453092719243048	D:-0.06863718555773	D:-3.31422307297591	D:0.000997895090461441	D:0.0128120026036183	D:3.39387142971803	D:0.0344931669031405	D:0.78175962736323	D:0.0110868227754606	D:-0.0694205350200137	D:0.0703002725579312	D:11.3950794088517
S:DZIP3	D:-0.104406383656924	D:-4.04031916756448	D:0.0000635304015505866	D:0.00127327956584616	D:-0.0905715069543064	D:-3.31184125370313	D:0.00100621124520551	D:0.0129102914921609	D:2.19608252088505	D:0.112501709714729	D:0.880003764027248	D:0.00545661370398719	D:-0.0742246142568004	D:0.0744249151473171	D:11.7196980705698
S:PIGV	D:-0.0831188828349334	D:-3.62329448105794	D:0.000326674779776041	D:0.00402251669603392	D:-0.076755042879898	D:-3.3105797630573	D:0.00101064179235239	D:0.0129586294385553	D:0.207668920174528	D:0.812558569961118	D:0.990538766746216	D:0.00850400091621307	D:-0.0179070179494077	D:0.0198237060970789	D:10.3064710871641
S:HSD17B12	D:-0.0836758166084076	D:-3.81934207380859	D:0.000154094313898464	D:0.00237848103308837	D:-0.0741405306759687	D:-3.30861768020975	D:0.00101756895296298	D:0.0130388950228522	D:0.347428160948304	D:0.70670369066539	D:0.987553110889477	D:-0.0130215040335701	D:-0.0207692334983222	D:0.0245136824529509	D:14.1390744825981
S:CANX	D:-0.0794300946074722	D:-3.39110571603296	D:0.000762353374080457	D:0.00721062307981907	D:-0.0775336897862256	D:-3.3078353019514	D:0.00102034342902344	D:0.0130658787329928	D:0.270137811826834	D:0.763405555257488	D:0.989044741352382	D:-0.0101344583002714	D:-0.0200780112685018	D:0.0224907487989623	D:13.785503196644
S:NMT2	D:-0.0863183983320675	D:-4.68379883034435	D:0.00000381387297550797	D:0.000195364346634799	D:-0.0677536499596074	D:-3.30746328632186	D:0.00102166513718497	D:0.0130742360482853	D:2.779761302699	D:0.0631845026805504	D:0.840103863598374	D:-0.00866883846731357	D:-0.0618982659112972	D:0.0625023526213057	D:12.5314938453428
S:CKAP2	D:-0.110504251301172	D:-3.81713474828157	D:0.00015543178482489	D:0.00238406005279684	D:-0.0977702756308584	D:-3.30685178414762	D:0.00102384115600766	D:0.0130935078727394	D:2.55192176062742	D:0.0791282062032154	D:0.858260180148023	D:-0.0299790649615796	D:-0.0814210157738328	D:0.086764774797226	D:13.3475741383808
S:RCL1	D:-0.0692685509102315	D:-3.58125374438734	D:0.000382155822909381	D:0.00445833249878938	D:-0.0655943537127743	D:-3.30591606493061	D:0.0010271792294981	D:0.0131028853377629	D:4.10462913923308	D:0.0171560928008198	D:0.724372592619191	D:0.032060804392472	D:-0.0682431664548071	D:0.0753991044115967	D:10.3223832456086
S:JAG1	D:-0.209367822588492	D:-3.2868180797278	D:0.00109880658133638	D:0.00927506669801046	D:-0.212352536833754	D:-3.30557651182145	D:0.00102839304462744	D:0.0131088248434866	D:0.162241322903332	D:0.850288752297934	D:0.990538766746216	D:-0.0138418092512218	D:-0.0453889043459778	D:0.0474525902462187	D:13.1306412972077
S:TXLNG	D:-0.106470559736951	D:-3.97712930981844	D:0.0000821956108016461	D:0.00153653285436021	D:-0.0906971194042671	D:-3.30502016312154	D:0.00103038472817065	D:0.013125305560043	D:0.810260832041627	D:0.445429415601968	D:0.967558273005476	D:0.0157899912274617	D:-0.0432347692958962	D:0.0460279165184857	D:10.6624694948532
S:ASB7	D:-0.054944598429256	D:-3.35728648065713	D:0.000859185665387164	D:0.00781626959372931	D:-0.054297135643511	D:-3.3048052644374	D:0.00103115500681888	D:0.013125305560043	D:0.0796316170008925	D:0.923470275862538	D:0.994016675191149	D:-0.00758137535951741	D:-0.00471468737325692	D:0.00892779532524385	D:15.8748963708519
S:RUNX1	D:-0.0786092601329385	D:-3.58225332845815	D:0.000380739838370102	D:0.00444446665566915	D:-0.0727868105810464	D:-3.30465302761866	D:0.00103170100507784	D:0.013125305560043	D:2.34592009058456	D:0.0970007596428968	D:0.867885582684249	D:-0.00342648392963532	D:-0.0616723617655738	D:0.0617674752427511	D:12.2120035928444
S:STAG3L4	D:-0.0912494449440419	D:-3.36393863059885	D:0.000839278570919092	D:0.00768754810521271	D:-0.0894568187591395	D:-3.30335533098946	D:0.0010363661127433	D:0.0131566615435365	D:1.78641180887845	D:0.168819053135373	D:0.909540780354538	D:-0.0288067568086536	D:-0.0602146552496385	D:0.0667505351638901	D:13.7044335577827
S:DOCK9	D:-0.106015051062178	D:-4.42074733007288	D:0.0000125539180524142	D:0.000420383391400153	D:-0.0860191231657864	D:-3.30321858294557	D:0.00103685884944711	D:0.0131566615435365	D:1.65351085127623	D:0.192608367326189	D:0.921744746511297	D:-0.00539283668057666	D:-0.0610527013864401	D:0.0612904155153577	D:12.336525558106
S:FOXK1	D:-0.07208625747619	D:-3.55174883902869	D:0.000426245421739643	D:0.00482296571292087	D:-0.067931586139819	D:-3.30243750319974	D:0.00103967744382425	D:0.0131754991739104	D:1.95659641321588	D:0.142612610896621	D:0.893013200900893	D:-0.0273242804310888	D:-0.0457969940698014	D:0.0533289880543988	D:14.0547971490097
S:ZFP82	D:-0.111894729667792	D:-3.353469444749	D:0.000870805982160325	D:0.00786341021136548	D:-0.111293265821843	D:-3.30243349785606	D:0.00103969191577554	D:0.0131754991739104	D:2.46029016536567	D:0.0866286449435547	D:0.860742263980279	D:-0.0168783605187003	D:-0.0952640263227875	D:0.0967476809284231	D:12.6698060467762
S:TMEM44	D:-0.0759879065723229	D:-3.63055357838248	D:0.000317896839704563	D:0.00394915584530633	D:-0.0696014022544836	D:-3.30167253022117	D:0.00104244481072958	D:0.0132018237501406	D:0.292912901928059	D:0.746237958737944	D:0.988887668865741	D:-0.0178814855633324	D:0.0133522507117197	D:0.022316588561433	D:20.4499330905301
S:C3ORF19	D:-0.0741704562608351	D:-4.46510688884424	D:0.0000103100524297838	D:0.000368315785247543	D:-0.0596288574326136	D:-3.30115095072953	D:0.00104433559731232	D:0.0132172033076944	D:2.35910632790605	D:0.095743934617142	D:0.867885582684249	D:0.0187937381719781	D:-0.0482423425602476	D:0.0517738178056935	D:10.581042418393
S:OR1D5	D:-0.245077035280906	D:-3.00996014783375	D:0.00277109423041352	D:0.0176441682491075	D:-0.268233120392777	D:-3.30067134116603	D:0.00104607704803706	D:0.0132252676298628	D:0.957254113247936	D:0.384773821045813	D:0.960227634080898	D:0.126803120850894	D:-0.0904999963861544	D:0.155786009652408	D:8.36770883240547
S:HDAC2	D:-0.105041548859556	D:-3.67553382694483	D:0.000268256966758562	D:0.00352285577112168	D:-0.0957946866824329	D:-3.30029636368318	D:0.00104744046002973	D:0.0132252676298628	D:1.93213149715458	D:0.146112157852626	D:0.893013200900893	D:-0.0205666165192211	D:-0.0710474232290459	D:0.0739643296632631	D:13.0763020089059
S:XBP1	D:-0.0793720733067591	D:-3.49968962937973	D:0.000515867485849327	D:0.00551151806505287	D:-0.0746569433487098	D:-3.29967738275754	D:0.00104969467502953	D:0.0132421456712409	D:1.17247242812605	D:0.310602168888243	D:0.956911684216668	D:-0.0429659375413276	D:-0.0205554226059248	D:0.0476297930639367	D:16.2955323553872
S:MAN2A1	D:-0.0740037794724752	D:-3.71599638662533	D:0.000229922409412843	D:0.00313532016911121	D:-0.0669400811643853	D:-3.29945932942966	D:0.00105048985761575	D:0.0132436272952707	D:0.575614213984915	D:0.562798148649915	D:0.9797224507603	D:0.0168175151151735	D:-0.0239820576410984	D:0.0292910891458487	D:9.66398569554698
S:FRY	D:-0.0871784890019674	D:-3.3218497808254	D:0.000972843804655738	D:0.00851336354087675	D:-0.086407798935118	D:-3.29866025827317	D:0.00105340864082927	D:0.0132469470399025	D:0.829977825021616	D:0.436766085309591	D:0.966102458322465	D:-0.0472112150745298	D:0.00706683663743934	D:0.0477371868554669	D:18.567542968434
S:DDX28	D:-0.0658256391128133	D:-4.28371752639128	D:0.0000228284483877372	D:0.000638184134398817	D:-0.0533457165398366	D:-3.29860327513128	D:0.00105361707165825	D:0.0132469470399025	D:0.560660425754681	D:0.571254522819558	D:0.981266229818651	D:-0.00286666697438949	D:-0.0219740471114727	D:0.0221602465238832	D:12.4955104219393
S:FYTTD1	D:-0.0728676283866057	D:-3.76537613205529	D:0.000190121959806629	D:0.00276818937776948	D:-0.0656479247051001	D:-3.29854252619703	D:0.00105383931903387	D:0.0132469470399025	D:0.406952706697192	D:0.665935376624841	D:0.985706471962942	D:-0.0199770285551089	D:-0.0138983520996217	D:0.0243361020086762	D:15.6782013374333
S:POGZ	D:-0.0661604619011557	D:-3.99455620859788	D:0.0000765849164602218	D:0.00146985852353804	D:-0.0561204468761956	D:-3.2976361802728	D:0.00105716032018857	D:0.0132697824543932	D:0.537705803394895	D:0.584484449964731	D:0.982115268178959	D:0.0245813203295494	D:0.0032593497726619	D:0.0247964648707123	D:5.4964632612653
S:TFB1M	D:-0.0818066376106112	D:-4.39244525171915	D:0.0000142223616311335	D:0.000453375479011386	D:-0.0665375063195085	D:-3.29759320970193	D:0.00105731801246047	D:0.0132697824543932	D:1.23103317171356	D:0.293032115753652	D:0.951790178666455	D:-0.00752421930995638	D:-0.0402809057455203	D:0.040977618816908	D:12.7053704333468
S:MANEA	D:-0.0785067627241102	D:-3.4122506354128	D:0.000707083391040876	D:0.00684354459847932	D:-0.0764961485314862	D:-3.29629025555659	D:0.00106210994294643	D:0.0133012469212275	D:1.38658146320057	D:0.251059068716368	D:0.936070456360722	D:-0.0354543765198844	D:-0.0373064748095923	D:0.051466356750138	D:14.9027915854092
S:SLTM	D:-0.0619559194285735	D:-3.17790755356264	D:0.00159360952748654	D:0.0119864217769879	D:-0.0644465205123482	D:-3.29627749052639	D:0.00106215698902416	D:0.0133012469212275	D:1.29110434038719	D:0.276045645208072	D:0.944820426470376	D:-0.000429303826654707	D:-0.040703414793314	D:0.0407056786899832	D:12.0402855395135
S:C17ORF63	D:-0.0823648722208802	D:-4.14628889308564	D:0.0000409359257658173	D:0.000933405980618245	D:-0.0683232902656478	D:-3.29617147352902	D:0.00106254779407584	D:0.0133012469212275	D:1.63000390749349	D:0.197154021459637	D:0.922219662881213	D:0.00827328719620134	D:-0.048083138582911	D:0.0487897068756746	D:11.3491440880489
S:PWP1	D:-0.0833200754030026	D:-3.86938132194743	D:0.000126537971093552	D:0.00208841088947559	D:-0.0731085476542817	D:-3.29402403389549	D:0.00107049258592802	D:0.0133749972005239	D:2.15521793542828	D:0.11714563726839	D:0.885569066506476	D:0.0203262042139346	D:-0.0571703923815507	D:0.060676258477324	D:10.6951870121874
S:TOR1B	D:-0.0719578608632971	D:-3.29382046297994	D:0.00107247774893097	D:0.00911186421385227	D:-0.0730844973350091	D:-3.2926074312648	D:0.00107576368114831	D:0.0134236897147633	D:0.467293480024581	D:0.627018478259863	D:0.984208797062414	D:-0.029588886706601	D:-0.00537698114984596	D:0.0300734790608248	D:17.3133621885449
S:BCL10	D:-0.0578346118204247	D:-3.18533958876658	D:0.00155419347826524	D:0.0118113525662892	D:-0.0599929728850311	D:-3.29162440033938	D:0.00107943563097345	D:0.0134366904542911	D:0.0351392514333556	D:0.9654737747875	D:0.996760838460121	D:-0.00288252810895114	D:-0.00561277501254694	D:0.00630969188157114	D:13.8122314773106
S:CDK18	D:-0.160263333328053	D:-2.79303646575187	D:0.00546147512196253	D:0.0284366334554409	D:-0.188896770648745	D:-3.29153699329563	D:0.00107976268815114	D:0.0134366904542911	D:0.612898900230362	D:0.542257272726765	D:0.976342888266259	D:0.050482037629738	D:-0.0691772111842116	D:0.0856383247762081	D:9.59199458218524
S:TDRKH	D:-0.103132973599322	D:-3.47463057519847	D:0.000565031534709851	D:0.0058761475357984	D:-0.0998044736454779	D:-3.29098930555927	D:0.00108181410525339	D:0.0134366904542911	D:0.405419438640497	D:0.666955261825028	D:0.985706471962942	D:-0.00808959788707104	D:-0.0344258569212544	D:0.035363557778272	D:12.881586433725
S:GLS2	D:-0.119784148004061	D:-3.71516489559587	D:0.000230655387311958	D:0.00314312198288909	D:-0.107895654022981	D:-3.29076314170138	D:0.00108266227864631	D:0.0134366904542911	D:1.44783079912052	D:0.236239378382419	D:0.932707338252518	D:0.064983415732627	D:-0.0423152553727217	D:0.0775462775221228	D:8.20473138056375
S:LMBRD1	D:-0.0908763109272564	D:-3.18205113275882	D:0.0015715214504791	D:0.0118680785962461	D:-0.0943369660404924	D:-3.29034976948694	D:0.00108421412745403	D:0.0134366904542911	D:0.113309212920162	D:0.89290155455223	D:0.9922979041502	D:-0.0138595118552569	D:-0.0119920571176228	D:0.0183274521627621	D:15.2754487669867
S:SNX29	D:-0.0779157809901499	D:-3.51451267048106	D:0.000488700167955344	D:0.00532312708027613	D:-0.0737730618009857	D:-3.29026691963146	D:0.00108452540399754	D:0.0134366904542911	D:2.61332695653676	D:0.074470508948722	D:0.850339905642804	D:0.0122578240817832	D:-0.0657370077636955	D:0.0668700862938287	D:11.2958331279084
S:B3GNT9	D:-0.0447868770701623	D:-2.93647514453174	D:0.00350308386349066	D:0.0207247235169455	D:-0.0503899985680981	D:-3.29000217929151	D:0.00108552062034711	D:0.0134366904542911	D:0.224413560577933	D:0.799079469835134	D:0.990538766746216	D:-0.00414068111941302	D:-0.0126529560211737	D:0.0133132466440917	D:13.2080459468281
S:CAPRIN1	D:-0.0385317791815603	D:-3.08344987701827	D:0.00218181242975418	D:0.014870874325018	D:-0.0413305950346069	D:-3.28994264250416	D:0.00108574454876033	D:0.0134366904542911	D:0.116491412696618	D:0.890066213712905	D:0.991833180774689	D:-0.00461647077619545	D:-0.00651839999036051	D:0.00798757415375898	D:14.3537963342869
S:C7ORF10	D:-0.129773534840348	D:-2.76691771584531	D:0.00591010447386049	D:0.0298808154007006	D:-0.153795825282634	D:-3.28955526506991	D:0.00108720259133709	D:0.0134462188843786	D:1.3327044372566	D:0.264865450782821	D:0.939907763028795	D:-0.0130950283862866	D:-0.097898903787986	D:0.0987708212546954	D:12.5079134698512
S:HACE1	D:-0.12896218649605	D:-3.53836115833636	D:0.000447784681080603	D:0.00500009168742632	D:-0.121314908530107	D:-3.28899031753123	D:0.00108933224473694	D:0.0134571151477594	D:1.67015754922181	D:0.189453139774155	D:0.921744746511297	D:-0.044725912267569	D:-0.0761501652224964	D:0.0883133902167716	D:14.0284899902106
S:RNF130	D:-0.0808422550486715	D:-3.42264900034419	D:0.000681295825733879	D:0.00667849276364596	D:-0.0777204878744922	D:-3.28895621140281	D:0.00108946093668467	D:0.0134571151477594	D:1.64717383814044	D:0.193823317415535	D:0.921744746511297	D:-0.0575268668121978	D:0.0186736074048228	D:0.0604817660021415	D:19.1989185691131
S:USP1	D:-0.116040927789623	D:-3.37335088973257	D:0.000811844334241609	D:0.00751566153340635	D:-0.114096763154742	D:-3.28840976860218	D:0.0010915247430877	D:0.013465583967599	D:1.85001895589718	D:0.158501038875997	D:0.902291892370149	D:-0.00850789319501733	D:-0.0859525367415533	D:0.0863725814070987	D:12.3768619747054
S:ZNF598	D:-0.0658040647674927	D:-4.80010089468404	D:0.00000221186089131552	D:0.0001390195332136	D:-0.0485569910114607	D:-3.28760595155233	D:0.00109456719639362	D:0.0134945978452542	D:0.0593157422885964	D:0.942416981840561	D:0.996760838460121	D:-0.00481775565938985	D:-0.00478601118648851	D:0.00679092575948052	D:15.0126257243664
S:IGSF23	D:-0.244521123084632	D:-3.46161214265503	D:0.000592268961015437	D:0.00609133040379087	D:-0.231155265294973	D:-3.28659144123869	D:0.00109841836057778	D:0.0135335392081024	D:2.50019391092865	D:0.0832783155991346	D:0.860742263980279	D:-0.204547842139381	D:0.0839415486652702	D:0.221101794013981	D:19.4874716858537
S:CETN1	D:-0.264156319391208	D:-3.02152312070606	D:0.00266961321798642	D:0.0172385027491139	D:-0.288775554807535	D:-3.28324466494003	D:0.00111121234576439	D:0.0136548490404245	D:0.644555639735036	D:0.525409217858213	D:0.97536435694998	D:-0.137446422457033	D:-0.026060447610024	D:0.139895196400277	D:17.2842607003731
S:C1ORF56	D:-0.0470852696971956	D:-3.31580006112904	D:0.000993590795564696	D:0.00861773534670649	D:-0.0466615968260668	D:-3.28309135578016	D:0.00111180171190346	D:0.0136548490404245	D:0.00255743211863992	D:0.99744585070976	D:0.999316769699436	D:0.00128070734781859	D:0.000567396587679827	D:0.00140076771752751	D:4.40700270664081
S:CD38	D:-0.100231533862436	D:-4.05746362983624	D:0.0000592077087380579	D:0.00120518524630248	D:-0.082143955784359	D:-3.28252754732197	D:0.00111397165549595	D:0.0136648588324209	D:0.295658892821032	D:0.744194439596651	D:0.988887668865741	D:-0.0187750890976766	D:0.0184403747959684	D:0.0263163712020005	D:20.9656465391069
S:ARHGEF4	D:-0.1668736598449	D:-3.99825775578533	D:0.0000754409176805366	D:0.00145527243079503	D:-0.141177460947129	D:-3.28130658291217	D:0.0011186842879919	D:0.0136968732278508	D:2.45136524494327	D:0.0873963272076114	D:0.860742263980279	D:-0.0235009811112021	D:-0.121047942297224	D:0.123308152397079	D:12.7324711077293
S:SEMA5B	D:-0.196687268178874	D:-2.93213106570478	D:0.00355144342487905	D:0.020909537802218	D:-0.221968736064549	D:-3.28019912092475	D:0.00112297482017264	D:0.0137150318506211	D:0.16682932832789	D:0.846399569701522	D:0.990538766746216	D:-0.0551995544772446	D:0.000304110186901865	D:0.055200392186035	D:18.0210437132407
S:AKD1	D:-0.106828882148728	D:-3.87407949890314	D:0.000124205196857715	D:0.00207006455561795	D:-0.0914389773880771	D:-3.27976258422712	D:0.00112467024310639	D:0.0137216841230017	D:1.23276425603447	D:0.29252821657543	D:0.951115631254585	D:-0.0537239453696001	D:-0.0269126880854297	D:0.060087894671551	D:16.2261130262792
S:NUP133	D:-0.0654259505557013	D:-3.29840028235008	D:0.00105557579601491	D:0.00901530010049275	D:-0.0649778896419201	D:-3.27952994033021	D:0.00112557475614664	D:0.0137216841230017	D:6.4806241222429	D:0.00168911269186082	D:0.540621307029361	D:0.0415269721177076	D:-0.0851259347070627	D:0.0947149099826208	D:10.2663665541671
S:RAB23	D:-0.231047929290894	D:-3.26252724111414	D:0.00119486073383851	D:0.0098462463073094	D:-0.23185989750218	D:-3.27881144690896	D:0.00112837250138683	D:0.0137293760050743	D:2.10437150360289	D:0.12319379219587	D:0.888724539846668	D:-0.170655141496343	D:-0.100339503984585	D:0.19796765740648	D:15.9697265794983
S:RAB30	D:-0.102813530036088	D:-4.54784020578434	D:0.00000711014735523803	D:0.000291889473673753	D:-0.0829387885134406	D:-3.27694793306558	D:0.00113565894260939	D:0.0137969740514975	D:1.46324196255351	D:0.232651010589069	D:0.931078802181888	D:-0.0291573643942641	D:-0.0486867443283865	D:0.0567498984291388	D:14.0610943926947
S:CLTC	D:-0.058204684245485	D:-2.648648620214	D:0.00838749029951082	D:0.0384470907677084	D:-0.0720478186677884	D:-3.27685112705865	D:0.0011360386494478	D:0.0137969740514975	D:1.27064787205498	D:0.281716108952504	D:0.946954734546031	D:0.00689447721769058	D:-0.0451300272880394	D:0.0456536217525448	D:11.4209417903347
S:FBXO33	D:-0.0545263332736604	D:-3.13101095608948	D:0.00186439513626292	D:0.0133203453568571	D:-0.0573810805520883	D:-3.27559852338661	D:0.00114096242963425	D:0.0138266550433158	D:0.397518184336552	D:0.672235880051391	D:0.986364991209785	D:-0.00866133492298406	D:0.0188052726389441	D:0.0207040334638718	D:22.3513427885093
S:RRM2	D:-0.106142243456521	D:-3.29881201642404	D:0.00105406846007049	D:0.00901030261515206	D:-0.105617590996826	D:-3.27543536624839	D:0.00114160522886606	D:0.0138266550433158	D:0.54263378484942	D:0.581618490730523	D:0.982115268178959	D:0.00484240490948032	D:-0.0434107915535819	D:0.0436800378733341	D:11.5756706293598
S:NOP56	D:-0.0729815534749595	D:-4.60978141711752	D:0.00000536355236789197	D:0.000241495799126675	D:-0.0575389166437393	D:-3.27533002378004	D:0.00114202043088438	D:0.0138266550433158	D:2.99809896663262	D:0.0509404063975155	D:0.835594823583134	D:0.0145606136784659	D:-0.0544399593803485	D:0.0563535327022852	D:11.0017369313381
S:LOC100505480	D:-0.14729798211919	D:-3.11561002381231	D:0.00196218828309527	D:0.0138372866257541	D:-0.154419523448861	D:-3.27411835643081	D:0.0011468062389772	D:0.0138549472005128	D:2.55459616123087	D:0.0789193798873728	D:0.857710568620218	D:0.0116961302638036	D:-0.137991305105366	D:0.13848609947511	D:11.6770129976763
S:MTBP	D:-0.224255062281407	D:-4.22174743424574	D:0.0000297640813964669	D:0.000751446918046977	D:-0.181640708349867	D:-3.27390686869108	D:0.00114764347150944	D:0.0138549472005128	D:0.329331395076745	D:0.719588412617622	D:0.988438761294391	D:-0.0322254483799349	D:-0.0496046582283929	D:0.0591532048264802	D:14.2006393988729
S:INTS1	D:-0.145261548457767	D:-3.05696036702437	D:0.00237945886271497	D:0.0157991864207656	D:-0.156109585664836	D:-3.27371110803665	D:0.00114841894928532	D:0.0138549472005128	D:4.54164955017035	D:0.0111793223060181	D:0.709441948440271	D:0.0851399631161567	D:-0.170927299159486	D:0.190957992546468	D:10.23478771708
S:TRIM11	D:-0.0570548797790021	D:-4.12662722645606	D:0.0000444456696298455	D:0.000985547128220567	D:-0.0454999534806778	D:-3.27366255666021	D:0.00114861135381151	D:0.0138549472005128	D:3.16736764042757	D:0.0431125298236762	D:0.816812591299356	D:-0.00920052288409485	D:0.0447411239617279	D:0.045677322543024	D:23.2253159469441
S:TNRC6C	D:-0.0879551679415952	D:-3.91250557093426	D:0.00010659584160179	D:0.0018548435803567	D:-0.0761982656948686	D:-3.27262974558231	D:0.0011527113766367	D:0.0138872583297521	D:2.2929161008399	D:0.102222235389067	D:0.870946539528028	D:-0.0184258557578698	D:-0.0619633276525434	D:0.064644923498959	D:13.1040497682242
S:TMEM117	D:-0.111250321231778	D:-3.79148840610178	D:0.000171797093322064	D:0.00257951704403546	D:-0.0986805244955625	D:-3.27183636672487	D:0.00115587012289432	D:0.0139167332541454	D:1.90797624283144	D:0.14965205932819	D:0.894957054822148	D:0.0546020109639855	D:-0.0588064515163029	D:0.0802469833778846	D:9.14154524190526
S:PIGA	D:-0.120519894507055	D:-3.08237561117958	D:0.00218952467926619	D:0.0149026477734381	D:-0.128831544200342	D:-3.27099326160209	D:0.00115923564597492	D:0.0139347749931412	D:0.744877099659652	D:0.475412862376842	D:0.968116167539169	D:-0.0161373762612795	D:-0.0601622205723254	D:0.0622889050858276	D:13.0010044656667
S:BEND4	D:-0.226240637601604	D:-3.21980325041227	D:0.00138291925305648	D:0.0108746982390249	D:-0.230629382011926	D:-3.2685765185487	D:0.00116893327788796	D:0.0140307894245754	D:1.49254843059683	D:0.225977610406836	D:0.930039697759052	D:0.104983956697606	D:-0.127508292031379	D:0.165166569561289	D:9.36891098870557
S:MGAT4A	D:-0.0770949692248509	D:-3.42252347171827	D:0.000681601831044419	D:0.00667849276364596	D:-0.0742403008090338	D:-3.26704028879319	D:0.00117513674026846	D:0.0140862553597716	D:2.19058533908651	D:0.113115487956561	D:0.880003764027248	D:-0.00132143897551299	D:-0.0615989018614728	D:0.0616130741929451	D:12.0819292365063
S:PRUNE	D:-0.0989636377875077	D:-3.2479109680208	D:0.00125635135631723	D:0.0102165467556368	D:-0.0991177407889932	D:-3.26676657232618	D:0.00117624523617032	D:0.0140862553597716	D:0.995651288005699	D:0.370344827723075	D:0.959270072771647	D:-0.0511452947147503	D:0.0307197985615133	D:0.0596619409265121	D:20.0660413364827
S:LOC100507605	D:-0.139309283557585	D:-3.1654155614552	D:0.00166194788862223	D:0.0123436426041684	D:-0.14456286488551	D:-3.26660621188785	D:0.00117689511361621	D:0.0140862553597716	D:0.296451034927493	D:0.743605986647907	D:0.988887668865741	D:-0.0464616354842189	D:-0.0105131264184064	D:0.0476362194024444	D:17.1500053452676
S:PGLYRP3	D:-0.205249954182965	D:-3.13270202269422	D:0.00185393549611171	D:0.0133024365297	D:-0.214754878349934	D:-3.26651981606462	D:0.00117724537972216	D:0.0140862553597716	D:0.31708364918174	D:0.728442361230266	D:0.988887668865741	D:-0.00718536918285675	D:0.0676837568961302	D:0.0680640909574821	D:23.5960083423964
S:AP3B1	D:-0.0607153501669367	D:-4.13387844384712	D:0.0000431191838575847	D:0.000967384582963332	D:-0.0492088073381142	D:-3.26574761903843	D:0.00118038031822973	D:0.0141021278174895	D:0.169680049425281	D:0.843992064361997	D:0.990538766746216	D:-0.0117897406852838	D:0.00377609926605817	D:0.0123796975364248	D:19.1839720411592
S:H3F3A	D:-0.0580294037350041	D:-3.00657885574174	D:0.00280143106055518	D:0.0178110488929678	D:-0.0637597874455065	D:-3.26210261546149	D:0.00119528295606772	D:0.0142334090460203	D:1.44393568590184	D:0.237155094879088	D:0.932707338252518	D:-0.0348080609256592	D:0.0296169943617526	D:0.0457030355712669	D:20.6928886002881
S:SEPT4	D:-0.17332457419104	D:-2.96960485610506	D:0.00315360187894566	D:0.01927913486897	D:-0.189956369685123	D:-3.26010742284256	D:0.00120351401253247	D:0.0143226962965268	D:0.0227230921366894	D:0.977534323154318	D:0.997583949293593	D:0.00832666538834705	D:-0.0143500086462664	D:0.0165908440001531	D:9.99168880245926
S:PRRC1	D:-0.0631556042517846	D:-3.80473426420149	D:0.000163151687754212	D:0.00247753442513934	D:-0.0567758405879274	D:-3.258492351641	D:0.00121021534924789	D:0.0143806479593838	D:0.63715143026618	D:0.52930208502363	D:0.975430279911244	D:-0.000256496567933631	D:-0.0254829106745964	D:0.0254842015166029	D:12.0384458293528
S:ZNF585A	D:-0.0616414096716982	D:-2.95018397138245	D:0.00335438991431879	D:0.0201500563528139	D:-0.0681666883773434	D:-3.2583413194143	D:0.00121084378529127	D:0.0143806479593838	D:2.90412862843074	D:0.0558872766587404	D:0.83656058396868	D:0.0142626236501086	D:-0.0643265777522172	D:0.0658887777902784	D:11.1665667883018
S:PI15	D:-0.261341563768576	D:-3.85885061395673	D:0.000131918194830665	D:0.00215536241236289	D:-0.221152929950817	D:-3.25822516843297	D:0.00121132728832433	D:0.0143806479593838	D:0.674620375772955	D:0.509895563586753	D:0.971534152892322	D:-0.0313118831561866	D:0.0987325570801935	D:0.103578722981027	D:22.8269453746802
S:OSTM1	D:-0.056854797945859	D:-3.1776803099265	D:0.00159482914661875	D:0.0119909797437772	D:-0.0584102933320481	D:-3.25717070245924	D:0.00121572492071186	D:0.0144240926992293	D:0.629457163103922	D:0.533378162383024	D:0.975430279911244	D:0.00331428980443951	D:0.0258250216482731	D:0.0260368250760646	D:0.487543867027263
S:PGAP1	D:-0.151372468085408	D:-4.00234011758346	D:0.000074198036309645	D:0.00143554834408591	D:-0.126025794869667	D:-3.25682309930794	D:0.00121717783395205	D:0.0144325679934813	D:0.108494624392644	D:0.897208615235624	D:0.992428805633076	D:0.0227664195886457	D:-0.0109517150246792	D:0.0252636086667771	D:7.7126490383189
S:WHAMM	D:-0.0528482557778966	D:-4.05061471224205	D:0.0000608999101024818	D:0.0012314464675225	D:-0.0452596180828771	D:-3.25620603158746	D:0.00121976102175207	D:0.0144376113162622	D:2.09544650307346	D:0.12428733863045	D:0.888724539846668	D:0.0090269416047116	D:-0.0361293829656206	D:0.0372400052122895	D:11.0647881892839
S:C21ORF90	D:-0.200689711201124	D:-2.86404825664533	D:0.0043933758510868	D:0.0244102807808039	D:-0.228460724737183	D:-3.25619203449277	D:0.0012198196757151	D:0.0144376113162622	D:0.584575671264352	D:0.557790827404264	D:0.977958477099463	D:0.00859921844883655	D:-0.0981844135404591	D:0.0985602639008982	D:11.6663116563125
S:KRT20	D:-0.200980678700257	D:-2.9267329767256	D:0.00361238559693917	D:0.0211536191039222	D:-0.225554381511581	D:-3.25568162139091	D:0.00122196031705613	D:0.0144541928302627	D:0.0525488828454196	D:0.948814117312294	D:0.996760838460121	D:-0.020219851202679	D:-0.0219869796241696	D:0.0298708830745281	D:14.8401682082726
S:KBTBD4	D:-0.0737569864497464	D:-3.00111961411166	D:0.00285105423227907	D:0.018025631547227	D:-0.0802046930246601	D:-3.25502683975884	D:0.00122471152969117	D:0.0144779721728344	D:0.746222517916312	D:0.474775901671533	D:0.967850917475504	D:-0.0311596043448862	D:-0.0258617681045128	D:0.0404938512915411	D:15.3538728528582
S:PURA	D:-0.0730990473321903	D:-4.76577138368865	D:0.00000260073553607084	D:0.000154024390935082	D:-0.0560929136426483	D:-3.25414173189692	D:0.00122843963614263	D:0.0145132641655763	D:3.22447807812792	D:0.0407538912963379	D:0.813813159090897	D:-0.0183850466345796	D:-0.0537612637738878	D:0.0568179850251768	D:13.2586294832209
S:S1PR1	D:-0.089806064915636	D:-4.16572415129348	D:0.0000377270491308169	D:0.000877647936982492	D:-0.0754263513454166	D:-3.25360164872192	D:0.00123071965036976	D:0.0145313249122055	D:1.94020652981908	D:0.144947640003516	D:0.893013200900893	D:0.030636542212255	D:-0.0527454927432115	D:0.0609974157112205	D:9.99002587571867
S:RRP15	D:-0.130653048797803	D:-3.65301916492997	D:0.000292114130929688	D:0.00374638463724294	D:-0.118566516089623	D:-3.25340361191199	D:0.00123155666449905	D:0.0145313249122055	D:1.11643317474501	D:0.328406205862855	D:0.956911684216668	D:-0.0352758931548266	D:-0.0619443601671428	D:0.071284587355104	D:13.977368072706
S:GCET2	D:-0.118835094556294	D:-3.99262091125124	D:0.000077189573129714	D:0.00147302399675281	D:-0.100512674137223	D:-3.25325166336248	D:0.00123219924157025	D:0.0145313249122055	D:3.42175714931619	D:0.0335593881702559	D:0.777916968250261	D:-0.0533263498443445	D:-0.0914506030149062	D:0.105862705328701	D:14.0164776114631
S:MSH6	D:-0.0715238055140054	D:-3.36352212936562	D:0.000840512275023982	D:0.00768754810521271	D:-0.0696914408600561	D:-3.2522712258769	D:0.00123635290209575	D:0.0145688943898537	D:5.09946210028611	D:0.00647956814405565	D:0.662881684141537	D:0.0150653983676587	D:-0.087929067998769	D:0.0892103538111379	D:11.3518389638428
S:LOC100505930	D:-0.198770572445845	D:-3.64360737784488	D:0.000302666686739804	D:0.00381830468018607	D:-0.177593531065484	D:-3.25208056016144	D:0.00123716217020236	D:0.0145688943898537	D:1.04200322908803	D:0.3536487794921	D:0.959270072771647	D:0.0880616439648614	D:0.0606031996473882	D:0.106899957648706	D:3.69764100757138
S:TM4SF1	D:-0.227914929286741	D:-2.99027110925929	D:0.00295206276401111	D:0.0184301145276489	D:-0.250459127845001	D:-3.25137671196208	D:0.00124015386057871	D:0.0145723399488539	D:0.0450820155582924	D:0.955923659459265	D:0.996760838460121	D:0.0190942442115675	D:-0.0247385921023186	D:0.0312504096167694	D:9.48917269239007
S:LOC728690	D:-0.161435039314429	D:-2.75971804457114	D:0.00603949765989376	D:0.0303572709194826	D:-0.190511657405523	D:-3.25111632763898	D:0.00124126231593408	D:0.0145723399488539	D:1.24707351863092	D:0.288396152219919	D:0.948286990928089	D:0.0700211766006739	D:-0.102795587186509	D:0.12437804435495	D:9.71590124338635
S:CD96	D:-0.0870455341734382	D:-4.2425916116449	D:0.0000272329008137425	D:0.00071055022267197	D:-0.07132358435595	D:-3.25101186103711	D:0.00124170728798834	D:0.0145723399488539	D:2.20666607471124	D:0.111329427940771	D:0.879592677076754	D:-0.00720769491748497	D:-0.059203707093928	D:0.0596408400317028	D:12.4627504810768
S:SNTG2	D:-0.211046858882929	D:-3.68744937534965	D:0.000256384937327414	D:0.00340585864059482	D:-0.187695801006971	D:-3.25085194315358	D:0.00124238873930661	D:0.0145723399488539	D:0.0124253191759237	D:0.987651915957602	D:0.998940164677581	D:-0.011627295171955	D:0.00528446008853431	D:0.0127718249065308	D:19.6294134556158
S:PNPT1	D:-0.0752258428166756	D:-3.72390550244731	D:0.000223059187732982	D:0.00308696854638116	D:-0.0689102196649508	D:-3.24907892932695	D:0.00124996726500609	D:0.014643651274271	D:6.84387809014511	D:0.00118769704935515	D:0.540621307029361	D:-0.0470890503764667	D:-0.0910272117103681	D:0.102485764558409	D:13.8235240047285
S:RAB33A	D:-0.0951939848114424	D:-4.19969149392007	D:0.0000326861132105176	D:0.000796408152427336	D:-0.076756586560259	D:-3.24876004822725	D:0.00125133481896212	D:0.01465088897384	D:0.225055231815556	D:0.798567430575015	D:0.990538766746216	D:-0.00461471849648537	D:-0.0200001208261451	D:0.0205256049816371	D:12.8661819430331
S:TMEM55A	D:-0.0911151254797545	D:-3.01270594128891	D:0.00274668096221078	D:0.0175501246400295	D:-0.0997137502038785	D:-3.24789624191008	D:0.00125504630760545	D:0.014685544848454	D:0.673825143301024	D:0.510299923969291	D:0.971534152892322	D:-0.0424583892434919	D:0.025736539000167	D:0.049649614871205	D:20.0815019910928
S:CTR9	D:-0.0849387309020474	D:-3.43522268720307	D:0.000651285735513256	D:0.00649325232533904	D:-0.0810736092210982	D:-3.24743971054137	D:0.00125701198868768	D:0.0146997434296506	D:1.9582172081654	D:0.14238376340085	D:0.893013200900893	D:0.000688359397156858	D:-0.0640389095322023	D:0.0640426090406477	D:11.9589431179331
S:DHX36	D:-0.0805573339472929	D:-3.3631905661482	D:0.000841495593728571	D:0.00768754810521271	D:-0.0777350329682496	D:-3.24670405198079	D:0.00126018550692701	D:0.0147272168000104	D:3.93961385151546	D:0.0201720197139921	D:0.730351563745367	D:-0.0480145301600722	D:-0.0740862604736975	D:0.088284591506497	D:14.1964566837099
S:MLLT4	D:-0.118874067608199	D:-3.20404614845919	D:0.00145893622236458	D:0.0112907218697926	D:-0.120542634107393	D:-3.24630593370282	D:0.00126190602229593	D:0.0147305290213172	D:0.0489635494502709	D:0.952221220752793	D:0.996760838460121	D:0.0126261470146566	D:0.00934535621982672	D:0.0157084458591923	D:3.56617821005003
S:CSTF3	D:-0.06621295886959	D:-3.78337296898931	D:0.000177305682000962	D:0.00264281489853608	D:-0.0583622056207243	D:-3.24612070082251	D:0.00126270726981689	D:0.0147310822444728	D:1.05110436167468	D:0.350460443926943	D:0.959270072771647	D:0.0136676787386313	D:-0.0316657349134268	D:0.0344894796961313	D:10.4435888006554
S:LOC729088	D:-0.135354254644147	D:-4.59421899348545	D:0.00000575890855323062	D:0.000254603692395203	D:-0.10541226382313	D:-3.24564064644695	D:0.00126478599814217	D:0.0147465293494607	D:0.332549864428325	D:0.717279760140027	D:0.988320673593024	D:0.0117433234029775	D:-0.032846025712976	D:0.0348821881435841	D:10.6884457077647
S:IPW	D:-0.14150560217259	D:-3.9109220888013	D:0.000107272206159998	D:0.00186495211794708	D:-0.119065640663121	D:-3.24486906814277	D:0.00126813372583811	D:0.0147767448638059	D:0.772633675641021	D:0.462444252366122	D:0.967692421145506	D:-0.0579481706966974	D:-0.0245683509377112	D:0.0629411975965831	D:16.4682971986093
S:RAB37	D:-0.0588689044551525	D:-3.28279657368485	D:0.0011141972902783	D:0.00935246101775276	D:-0.0581263619984542	D:-3.24357639475587	D:0.00127376078726327	D:0.0148102377087903	D:5.83791819032863	D:0.00315429699774725	D:0.619506875420677	D:-0.00265273488561317	D:0.0793751181656777	D:0.0794194333031195	D:23.8723916110045
S:PSMA5	D:-0.0870537331759575	D:-4.2712947083124	D:0.0000240815621052805	D:0.000659996921597877	D:-0.0697209785166053	D:-3.24351246161469	D:0.00127403969031659	D:0.0148102377087903	D:0.683613428491242	D:0.505345113388721	D:0.971534152892322	D:0.00190760003672329	D:-0.0325667332437538	D:0.032622554346187	D:11.7765149166846
S:HERC4	D:-0.0526275304920033	D:-3.58920320200878	D:0.000371030055745895	D:0.00437555722349458	D:-0.0476063491326778	D:-3.24098265870346	D:0.00128512126413747	D:0.0149172156880652	D:0.0680643099730179	D:0.934210597674784	D:0.994953634682961	D:-0.00765380477977598	D:0.000269510246927914	D:0.00765854838596197	D:18.1344466152662
S:CDK7	D:-0.0813695979061774	D:-4.7617455376266	D:0.00000265043751528051	D:0.000156000600861736	D:-0.0613405589780785	D:-3.23975708623954	D:0.001290521818057	D:0.0149570634293816	D:0.162721733355128	D:0.849880675459238	D:0.990538766746216	D:-0.00120154386860857	D:-0.0139279185843675	D:0.0139796503447318	D:12.3287084450024
S:LOC647979	D:-0.065789203862218	D:-3.24075834119704	D:0.00128749933376406	D:0.0103877062267067	D:-0.0659898299901824	D:-3.23934760112659	D:0.00129233091737106	D:0.0149570634293816	D:1.23934925702194	D:0.290619338586024	D:0.949029494537015	D:-0.0182580393754292	D:-0.0376402057934039	D:0.0418346876886217	D:13.7251009805753
S:RNF170	D:-0.0626393384962886	D:-3.60795720441838	D:0.00034597513553035	D:0.00416423991320718	D:-0.057327267838415	D:-3.23930234230241	D:0.00129253101430078	D:0.0149570634293816	D:3.07568134104863	D:0.0471894172632059	D:0.826061255087532	D:-0.0212615344114947	D:-0.0529691619238257	D:0.0570770090355446	D:13.4580172418575
S:CABLES2	D:-0.0637414901830479	D:-3.41668619545252	D:0.000695973990635302	D:0.00677292218675519	D:-0.0606758676692834	D:-3.23902663098912	D:0.00129375060075809	D:0.0149570634293816	D:0.143846451397352	D:0.866062955806424	D:0.991098228766629	D:-0.0136662468345717	D:0.00380724341502265	D:0.0141866629256028	D:19.0378109377958
S:LOC100506748	D:-0.070790084961249	D:-3.27618471687043	D:0.00113993700633601	D:0.00949105625940009	D:-0.06990354822692	D:-3.23846230185342	D:0.00129625018881022	D:0.0149677841136026	D:1.45794560408876	D:0.233878007344429	D:0.932707338252518	D:-0.0270186424047809	D:-0.0402417264573864	D:0.0484706466396781	D:14.2585168163106
S:RNF115	D:-0.0485353024787443	D:-4.27577077406519	D:0.0000236226668096504	D:0.000650331771793488	D:-0.0392382610966005	D:-3.23791999859869	D:0.00129865643130781	D:0.0149712413534782	D:1.64077541651404	D:0.195057853495979	D:0.921744746511297	D:-0.00795949745171853	D:-0.0273220207004558	D:0.0284578005973766	D:13.0827991562814
S:TNKS	D:-0.0608242728018918	D:-3.49041926476403	D:0.00053356930330364	D:0.00566656399774806	D:-0.0567252610956234	D:-3.23775663800061	D:0.00129938208564039	D:0.0149712413534782	D:0.548476036966441	D:0.578239105808752	D:0.982115268178959	D:-0.016301381663021	D:-0.0181317872339475	D:0.0243823040835073	D:14.7971415355461
S:TARSL2	D:-0.123782947867955	D:-3.85297138453045	D:0.000135015315127484	D:0.00218948902315863	D:-0.1057570917317	D:-3.23700352696348	D:0.00130273229411678	D:0.0149927675716023	D:0.0271191584420053	D:0.973246952093352	D:0.997334804625752	D:0.0107259332460288	D:0.00038104894642478	D:0.0107326996742589	D:5.86435791965535
S:PPP1R13B	D:-0.192178370168903	D:-6.52235715784333	D:0.000000000200194702035747	D:0.000000260800311498702	D:-0.125275001691594	D:-3.23574815189812	D:0.00130833460772014	D:0.015047773142707	D:3.05963829860369	D:0.047941613437742	D:0.826061255087532	D:-0.0208057532879768	D:-0.122183572278776	D:0.123942344276212	D:12.6442526187603
S:VN1R1	D:-0.223301557476133	D:-3.27656762193928	D:0.00113843144998485	D:0.0094825613657946	D:-0.221253907798786	D:-3.23539879925064	D:0.00130989761410356	D:0.0150568878101163	D:2.58948107333253	D:0.0762456251625878	D:0.851506938756472	D:-0.197560282806586	D:-0.0841135620078087	D:0.214721113671339	D:16.462504172111
S:RAE1	D:-0.0636057648861502	D:-4.18293034494195	D:0.0000350874989310068	D:0.00083694130582519	D:-0.0511367181093723	D:-3.23491351458743	D:0.00131207165092699	D:0.0150730112467751	D:1.2140817726295	D:0.298012796000941	D:0.953382074134607	D:0.00360701157963763	D:-0.0318284295520801	D:0.0320321629036718	D:11.5689627942064
S:CHMP2B	D:-0.0619407708538943	D:-3.44222175181888	D:0.00063511995910207	D:0.00638748282079955	D:-0.0584409579704231	D:-3.23374722679788	D:0.00131731020059589	D:0.0151078977345675	D:0.707966180348367	D:0.493226497545495	D:0.971534152892322	D:-0.0263557271563899	D:0.0144258915789184	D:0.0300454772268436	D:19.9129488864153
S:MELK	D:-0.189966706364666	D:-3.14575461400534	D:0.00177500456204069	D:0.0129471310738474	D:-0.195530404091013	D:-3.23372478582064	D:0.00131741118713842	D:0.0151078977345675	D:0.122057122787675	D:0.885128893382516	D:0.991393293699617	D:0.0348635201321667	D:-0.0225689627069569	D:0.0415309897988719	D:8.19447159153203
S:PARP16	D:-0.0694892745285651	D:-2.96312499894183	D:0.00321933948055649	D:0.0195622279494653	D:-0.0759113678466569	D:-3.23372108179727	D:0.00131742785628693	D:0.0151078977345675	D:0.0915124064181308	D:0.912568012182558	D:0.993836342604036	D:0.00558976093217898	D:0.0118399484939126	D:0.0130931206218158	D:1.68483172036372
S:MYO6	D:-0.155628948862634	D:-3.46210380619301	D:0.000591218385511701	D:0.00608372747303009	D:-0.147043664922792	D:-3.23232853310934	D:0.00132370857590456	D:0.0151710201065989	D:0.402174048112977	D:0.669119180299453	D:0.985706471962942	D:0.0065313208335719	D:-0.052674346736206	D:0.0530777256098743	D:11.5287816195455
S:PHF13	D:-0.0387855188844738	D:-2.80954848465687	D:0.00519401065743585	D:0.0275281156107822	D:-0.0447184123473341	D:-3.23213857188408	D:0.00132456749124583	D:0.0151719656192466	D:1.40004533821977	D:0.247723269198569	D:0.933288553535957	D:0.0311417878100562	D:-0.00982858988586176	D:0.0326559661800264	D:7.16774003664706
S:WNT1	D:-0.0781625779886005	D:-3.22146546583194	D:0.0013751176932544	D:0.0108358209742651	D:-0.0791456430828551	D:-3.23114621964504	D:0.00132906283723969	D:0.0152056305049771	D:0.313148198498134	D:0.731310487367033	D:0.988887668865741	D:-0.0110143875821372	D:-0.0227588669024748	D:0.0252840415379761	D:13.7216758804604
S:ATP6V1A	D:-0.0701331617578899	D:-2.7084452834058	D:0.00703752378697349	D:0.033921427770526	D:-0.0844896470709969	D:-3.23065401745054	D:0.00133129774556582	D:0.0152143278532012	D:0.474193352907671	D:0.622716540564233	D:0.984208797062414	D:-0.0329039833171094	D:-0.0126215267079558	D:0.0352416664556637	D:16.6009237500929
S:CEP104	D:-0.061230758425334	D:-3.26540528898521	D:0.00118308653215058	D:0.00976440163819814	D:-0.0606579590130717	D:-3.23038460005642	D:0.00133252254357406	D:0.0152143278532012	D:1.3133103969007	D:0.270019919970762	D:0.941834887333518	D:-0.0028068259996146	D:-0.0392924142203129	D:0.0393925384743451	D:12.2723962122406
S:TDP1	D:-0.0845310960188195	D:-4.48052166260208	D:0.00000962450006853338	D:0.000349532252243623	D:-0.0648769509337315	D:-3.23037708435734	D:0.00133255672563597	D:0.0152143278532012	D:2.06589722853502	D:0.127977982344704	D:0.890973605600524	D:-0.0297522241255953	D:-0.0446686695355567	D:0.0536701488585268	D:14.2444122153892
S:RACGAP1	D:-0.091000019736713	D:-3.65678824111312	D:0.000287986012928549	D:0.00370476279041262	D:-0.0809879615512084	D:-3.23029340160128	D:0.00133293737703702	D:0.0152143278532012	D:0.335859366514269	D:0.714913568753439	D:0.988016090002135	D:0.013052963081368	D:-0.0240678515741336	D:0.0273795786051955	D:10.1018162627114
S:FAM108C1	D:-0.125256873063486	D:-3.31545542490999	D:0.000994784984570049	D:0.00862044052482631	D:-0.122767577529917	D:-3.22975827425822	D:0.00133537391548844	D:0.0152332409121773	D:0.667233788139133	D:0.513663927441094	D:0.972706058721894	D:0.0486985360465704	D:-0.0362974042356717	D:0.0607375416635122	D:8.44659779720154
S:CGGBP1	D:-0.0592772172551021	D:-3.41640634049382	D:0.000696670081474601	D:0.00677632158391994	D:-0.0564169369534096	D:-3.229414994626	D:0.00133693910463146	D:0.0152421978084035	D:1.38869393048161	D:0.250532715749653	D:0.93586613739919	D:0.0123754689113743	D:-0.0362500568651158	D:0.0383042928860528	D:10.7433680446572
S:SHPRH	D:-0.0820393423169469	D:-3.8237253412602	D:0.000151470552889625	D:0.00235285061527517	D:-0.071570196831624	D:-3.22792773653116	D:0.00134373992320604	D:0.0153054427731311	D:1.9648205104429	D:0.141455220072507	D:0.893013200900893	D:0.00862743970252464	D:-0.0565944222678956	D:0.0572482431840277	D:11.4221582793581
S:RNF145	D:-0.0494956683483769	D:-2.70621436833023	D:0.00708414387632417	D:0.0340376826868086	D:-0.0592321326861561	D:-3.22774490186102	D:0.00134457818254537	D:0.0153054427731311	D:0.0508954391318744	D:0.950383842478478	D:0.996760838460121	D:0.00728870127788201	D:-0.00374269590920367	D:0.00819346928882807	D:7.81201157882087
S:NR4A3	D:-0.0958355937742733	D:-3.08033654812313	D:0.00220423230795269	D:0.014971464556727	D:-0.0997172744724857	D:-3.22478030540918	D:0.00135823799129137	D:0.015417204689237	D:0.827247949327688	D:0.437955376956539	D:0.966102458322465	D:0.0468629969103574	D:-0.0294461049481564	D:0.0553463058933295	D:8.14286487767703
S:ACADSB	D:-0.0724401843110906	D:-4.2375788433107	D:0.0000278221558761639	D:0.000721051389888752	D:-0.0585645559871557	D:-3.22422560063057	D:0.00136080809745812	D:0.0154243335454926	D:0.787330705189059	D:0.45572194558348	D:0.967692421145506	D:0.0115650137268771	D:-0.0278181847647033	D:0.0301264160846595	D:10.4950398535326
S:FAM134B	D:-0.123547801042759	D:-3.34983090712764	D:0.000882018882085106	D:0.00792802712733443	D:-0.120392838606867	D:-3.22402279123526	D:0.00136174889480916	D:0.015426049364328	D:1.55415646030389	D:0.212569160211051	D:0.927783481998367	D:-0.0347321224327213	D:-0.0783873903056081	D:0.0857374089158593	D:13.5931546206922
S:ENPP5	D:-0.170808684290482	D:-3.39973695655259	D:0.00073932323546158	D:0.007042018078324	D:-0.16365811101271	D:-3.22232340125901	D:0.00136965575932051	D:0.0154886824032883	D:0.429047157150506	D:0.651411572164607	D:0.985706471962942	D:-0.0350948932630572	D:-0.0510088135579203	D:0.06191567324783	D:14.3019069383297
S:CELSR1	D:-0.108444141402998	D:-4.30167175516904	D:0.0000211268960533771	D:0.000601808565275572	D:-0.086238851548658	D:-3.22201623812953	D:0.00137108944421616	D:0.0154887358442806	D:1.18035659886006	D:0.308176363637988	D:0.956911684216668	D:0.0505080084661311	D:-0.0274173816483658	D:0.0574697462641599	D:7.8996361364016
S:LOC100506719	D:-0.0606990110518121	D:-3.34573117670036	D:0.000894813921836169	D:0.00801556373375229	D:-0.0588607943609447	D:-3.22198277009416	D:0.00137124574026945	D:0.0154887358442806	D:0.0728092310235044	D:0.929789807275151	D:0.994559242263454	D:-0.00147372976387845	D:-0.00890035777128047	D:0.00902154354164153	D:12.626785752689
S:SLC25A10	D:-0.127362749561758	D:-3.12345574375248	D:0.00191179371623907	D:0.013560203633041	D:-0.131447754573786	D:-3.22159580934613	D:0.0013730540487598	D:0.0154943660720413	D:0.347516144719334	D:0.706641616673071	D:0.987553110889477	D:-0.0473899251602018	D:0.0082851807735913	D:0.0481087229838894	D:18.6611196379238
S:ZFP112	D:-0.273556455265793	D:-3.29521172443437	D:0.00106731687544268	D:0.00908777301221154	D:-0.266542367218918	D:-3.22141434449274	D:0.00137390281320712	D:0.0154943660720413	D:0.190022343400904	D:0.827011036089222	D:0.990538766746216	D:-0.0321167203130924	D:-0.0584710952978996	D:0.0667109639340151	D:13.9185932669324
S:MAML1	D:-0.0661275031207916	D:-3.06561128484338	D:0.00231317204618869	D:0.0154752504477375	D:-0.0691903008679521	D:-3.22136729823146	D:0.00137412294165332	D:0.0154943660720413	D:1.91935610320901	D:0.147973755582921	D:0.893842301812827	D:-0.0587241834763936	D:-0.00714325466554729	D:0.0591570436396715	D:17.5376380128724
S:FAM63B	D:-0.0563027046259315	D:-4.52711177428808	D:0.00000780804251470023	D:0.000307961057330486	D:-0.0427202330254002	D:-3.22083772631432	D:0.0013766030501135	D:0.0155037147694706	D:0.333066432242006	D:0.716909912596435	D:0.988229162108278	D:-0.0129404704093441	D:0.00775428518752371	D:0.0150859110823497	D:20.0620799213573
S:C20ORF94	D:-0.112495632411322	D:-4.61488983582438	D:0.00000523955903268793	D:0.000238662524610151	D:-0.0859725162207363	D:-3.22068219707853	D:0.0013773322163554	D:0.0155037147694706	D:2.01598423979847	D:0.134463841612924	D:0.892651935358644	D:0.024874723825266	D:-0.0661475882830274	D:0.0706700454297587	D:10.6260858484153
S:FAM154A	D:-0.303223368743421	D:-3.5974014546034	D:0.000359874884809263	D:0.00428799702686451	D:-0.271882056819461	D:-3.22012078813462	D:0.00137996723963867	D:0.0155153116936325	D:1.48969572357385	D:0.226618663700834	D:0.93028611335474	D:-0.196421147354035	D:-0.0522042070134238	D:0.203240119951194	D:17.007745850377
S:ZMYM6	D:-0.0788567364945934	D:-4.46245530346568	D:0.0000104326005345507	D:0.000372013589499369	D:-0.0628630681020748	D:-3.2201111626159	D:0.00138001245853059	D:0.0155153116936325	D:1.88480464723564	D:0.153128765013397	D:0.897370879509493	D:-0.00245985958831415	D:-0.0490138753918551	D:0.0490755630647527	D:12.1915395319545
S:DNAJC28	D:-0.209897781106914	D:-3.71328381094693	D:0.000232321734856736	D:0.00316362301103517	D:-0.184328655041201	D:-3.21995539071322	D:0.00138074443658087	D:0.0155153116936325	D:2.38046832076804	D:0.0937424772351617	D:0.867885582684249	D:0.123518470723338	D:-0.118267596006891	D:0.171008879521156	D:8.91706010181404
S:PP7080	D:-0.0984654772485607	D:-3.67658593736183	D:0.000267188236637938	D:0.00351354329215474	D:-0.0877587600750399	D:-3.21749208511709	D:0.00139236747523819	D:0.0155764005013442	D:0.299093131719316	D:0.741646649017482	D:0.988887668865741	D:-0.0252297399653376	D:-0.013993785176927	D:0.0288507504633161	D:16.0656578579777
S:GRIP1	D:-0.241864976451854	D:-3.51703539627278	D:0.000484212092580774	D:0.00528602709559826	D:-0.221367287488381	D:-3.21715221358131	D:0.00139397823897648	D:0.0155764005013442	D:0.0755558258346706	D:0.92724044604534	D:0.994559242263454	D:0.0356593541191501	D:0.0106712514148415	D:0.0372218369099874	D:4.88932719065111
S:ZFR	D:-0.0578951101141476	D:-3.83918540144973	D:0.0001425494095088	D:0.00226100487923008	D:-0.0495415299914059	D:-3.21711556904131	D:0.00139415201253011	D:0.0155764005013442	D:1.34628082072007	D:0.261316107941028	D:0.939907763028795	D:-0.0184351317107057	D:-0.0276382440376376	D:0.0332223812312585	D:14.2469262934893
S:C21ORF71	D:-0.260645387475528	D:-3.46547460714051	D:0.000584062483690425	D:0.00602595828605839	D:-0.241504139134119	D:-3.21442004859345	D:0.00140698965938609	D:0.0157018760331603	D:1.59231356593526	D:0.20466844796165	D:0.926619775639052	D:-0.179444151793325	D:0.0594238762368553	D:0.189027513023472	D:19.2215040660964
S:IKZF2	D:-0.0879103944696795	D:-3.62216842979695	D:0.000328056664215085	D:0.00402926164388873	D:-0.0802007160178925	D:-3.21271351138992	D:0.00141517364199277	D:0.0157771529914947	D:3.88699591146935	D:0.021241585159945	D:0.730351563745367	D:-0.00407361284500674	D:-0.0900340778333282	D:0.0901261864993122	D:12.1727062737265
S:VAV3	D:-0.0763826262968035	D:-3.61328343446925	D:0.000339154435424782	D:0.00410875190491982	D:-0.0684812615283105	D:-3.21267689240106	D:0.00141534973614913	D:0.0157771529914947	D:0.364486882264365	D:0.694770337201416	D:0.986869111240858	D:0.00168748867959763	D:-0.023571108686484	D:0.0236314363243924	D:11.727006751513
S:SPIN1	D:-0.0756972455699573	D:-3.55401851129614	D:0.000422691461288592	D:0.00479512050818995	D:-0.0693278464023635	D:-3.21194770476059	D:0.00141886049285474	D:0.0158026152093514	D:1.3182556939803	D:0.268696083101133	D:0.940291934075794	D:-0.0231789052760275	D:-0.0396268778527675	D:0.0459080722548139	D:14.0216398739508
S:TARS	D:-0.0725983418693335	D:-3.52476618000168	D:0.000470697668069933	D:0.00517561909616061	D:-0.0670375352038362	D:-3.21186663659625	D:0.00141925130200152	D:0.0158026152093514	D:3.81163076018478	D:0.0228735693441445	D:0.736744509955438	D:-0.0111081697785678	D:-0.073740397589224	D:0.0745723653402943	D:12.571104068761
S:SYVN1	D:-0.0509373507502108	D:-2.92159689767079	D:0.00367125442697244	D:0.021376418773321	D:-0.0565728899177924	D:-3.21164060237555	D:0.00142034148191034	D:0.0158057476640149	D:0.41728181181498	D:0.6591054700958	D:0.985706471962942	D:-0.0010279412058226	D:-0.0208103372577328	D:0.0208357097288095	D:12.1885244516787
S:MIR210HG	D:-0.191260946999324	D:-2.80195629569337	D:0.00531547935112209	D:0.0279520403660594	D:-0.217441033976644	D:-3.21044304413055	D:0.00142613033194893	D:0.0158340981912581	D:1.2040699365525	D:0.300994348872306	D:0.954093587559266	D:-0.0673691328057237	D:-0.119905333517188	D:0.137535046663981	D:13.9553047651465
S:ZFP37	D:-0.239632190223207	D:-2.98651343726391	D:0.00298780697120657	D:0.0186042087710355	D:-0.258119390976264	D:-3.20996233569838	D:0.00142846015090875	D:0.0158453788978264	D:2.19339671425436	D:0.112801169588771	D:0.880003764027248	D:-0.0732421472383064	D:-0.206061583971996	D:0.218691080113309	D:13.3044768996064
S:LAS1L	D:-0.0896244154491263	D:-4.57466473346668	D:0.00000629547169031003	D:0.000269024481179273	D:-0.0681303206814729	D:-3.20989884939905	D:0.00142876810900006	D:0.0158453788978264	D:1.48664629868049	D:0.227305943563911	D:0.93028611335474	D:0.0219726408587788	D:-0.043409889125582	D:0.0486540380667854	D:10.2101990233662
S:POU2AF1	D:-0.110888319769146	D:-4.34558369952417	D:0.0000174609255521154	D:0.000527623097035608	D:-0.0878280886294185	D:-3.20966751476884	D:0.00142989078220488	D:0.0158488348128563	D:2.3218536044998	D:0.0993375111510869	D:0.867938343868143	D:0.0536215188505362	D:-0.0596389591166577	D:0.080200204041865	D:9.20274802877418
S:TOX4	D:-0.0545279196789876	D:-2.89612856770463	D:0.00397630828432503	D:0.0226665811505238	D:-0.0601963151764101	D:-3.20914734120766	D:0.00143241817979472	D:0.0158678478749256	D:1.26263912130745	D:0.283967855383969	D:0.94781075744273	D:0.0116139855275137	D:-0.0373831510351524	D:0.0391456848343507	D:10.8494214339474
S:SPATA7	D:-0.151812019792452	D:-3.53391661861303	D:0.000455158001234188	D:0.00505929607628968	D:-0.139259861655628	D:-3.20897000830389	D:0.0014332807416486	D:0.0158684073498897	D:0.578191122492273	D:0.561353661754225	D:0.979267131992144	D:0.0478953400137334	D:-0.0425917297171923	D:0.0640938299318545	D:8.77637524603452
S:NCAPD2	D:-0.105826806036568	D:-4.27570779795775	D:0.0000236290649390193	D:0.000650331771793488	D:-0.0841184122633413	D:-3.20856495922305	D:0.00143525273622335	D:0.0158811163316384	D:2.26891254375111	D:0.104678870989406	D:0.87220229631552	D:0.0289042792714182	D:-0.0679695874107035	D:0.0738601528090851	D:10.464148338183
S:ANXA7	D:-0.0682712418874481	D:-3.19864584904347	D:0.00148586579099524	D:0.0114267231097356	D:-0.068218403285453	D:-3.20598933895453	D:0.00144785106382096	D:0.0159934752052716	D:1.680900867213	D:0.187444467705062	D:0.921744746511297	D:-0.0027766087153962	D:-0.050435070992808	D:0.0505114436737656	D:12.2100754170778
S:BTBD11	D:-0.0876515696168995	D:-3.23827142838642	D:0.00129849579107388	D:0.0104462355921675	D:-0.0868343957556525	D:-3.20530843393767	D:0.00145119867940877	D:0.0160213973979248	D:0.281229279140872	D:0.754995926139699	D:0.988887668865741	D:0.021684520183613	D:0.0167730419393474	D:0.0274144733944066	D:3.4851960075374
S:CDCP2	D:-0.208197936761869	D:-3.30448541347799	D:0.00103350094635169	D:0.00887720527149825	D:-0.201306626504143	D:-3.20417326287189	D:0.00145679557869673	D:0.0160697363219492	D:2.41994923124803	D:0.0901533818746426	D:0.865619526804081	D:-0.0921991727712473	D:0.159890809301795	D:0.18456911539823	D:22.0020401213094
S:KCNK9	D:-0.115826159676975	D:-2.96081300748159	D:0.00324309613973503	D:0.0196802200528988	D:-0.128910363929805	D:-3.20408696518235	D:0.00145722188027705	D:0.0160697363219492	D:1.9633026586387	D:0.14166811744416	D:0.893013200900893	D:0.0980731880850539	D:0.0486297198996779	D:0.109467802931673	D:4.24169504237168
S:PCDHB8	D:-0.131253983028779	D:-2.64394060540934	D:0.00850306306697839	D:0.0387586553281607	D:-0.16057414428097	D:-3.20334100085517	D:0.00146091167829443	D:0.0161013395970398	D:0.882353848954953	D:0.414566090480512	D:0.96415212136371	D:-0.0395340697520027	D:-0.0774406695938902	D:0.0869482603523859	D:13.8029778935361
S:RAP1GDS1	D:-0.0530955792481456	D:-3.36339554491356	D:0.000840887560877087	D:0.00768754810521271	D:-0.0507284440572544	D:-3.20180484826743	D:0.00146853725457638	D:0.01614895131777	D:1.3846383748977	D:0.251544199313264	D:0.936093162974766	D:-0.00710311451457378	D:-0.0333859701673115	D:0.0341332277966758	D:12.8007342066298
S:LOC100128511	D:-0.350526457261441	D:-3.51497734952544	D:0.000487870562712305	D:0.00531705447069779	D:-0.320895659506332	D:-3.20161624061102	D:0.0014694760500605	D:0.0161501864422004	D:1.02807247217545	D:0.358585581065106	D:0.959270072771647	D:-0.153771045230725	D:0.124937209124347	D:0.198128343694511	D:20.6062308480178
S:OFD1	D:-0.0662954659013012	D:-3.48136864088122	D:0.000551398181409749	D:0.00579723492380309	D:-0.0619139619125915	D:-3.20133542246452	D:0.00147087485207865	D:0.0161564730098195	D:2.32856089238499	D:0.0986806352583118	D:0.867938343868143	D:-0.0170451894007081	D:-0.0514057148932672	D:0.0541579726854125	D:13.2229714251031
S:HAUS3	D:-0.0974778430807014	D:-3.43932508711372	D:0.000641764427280691	D:0.00644767026914755	D:-0.0915639865877586	D:-3.20088594685236	D:0.00147311632805319	D:0.0161720034643189	D:1.03713681856261	D:0.355365535795767	D:0.959270072771647	D:0.00512854115680333	D:-0.0532948040174757	D:0.0535409942908998	D:11.6335580765686
S:LOC100507053	D:-0.228098759591987	D:-3.37022102602735	D:0.000820873000577658	D:0.00755922681634684	D:-0.219132414615719	D:-3.20011976098792	D:0.00147694447946084	D:0.0161958316908779	D:1.00781059190746	D:0.365889880217028	D:0.959270072771647	D:-0.13721467910604	D:-0.00173409548442514	D:0.137225636268602	D:17.9517296234251
S:GLDC	D:-0.135971166390953	D:-2.70257643355325	D:0.00716076402604775	D:0.0342793948635471	D:-0.16088927143395	D:-3.19984387072653	D:0.00147832518164698	D:0.0162018801876409	D:0.352709534473823	D:0.702987283303768	D:0.987553110889477	D:0.0337495484008188	D:-0.045858652642369	D:0.0569389852336048	D:9.5765928596156
S:LOC100505643	D:-0.0982229241602028	D:-4.55761663979984	D:0.00000680215611939076	D:0.000282210048256932	D:-0.0741073779344277	D:-3.19961288069127	D:0.00147948209701707	D:0.0162054706602077	D:1.95879637966608	D:0.142302077020201	D:0.893013200900893	D:-0.0124558385220152	D:-0.0580282390430792	D:0.0593500163414237	D:12.8076522651906
S:LRRC16A	D:-0.239316405946791	D:-3.29887287026354	D:0.00105384584709044	D:0.00901030261515206	D:-0.232943387404314	D:-3.19939768830858	D:0.00148056064295334	D:0.016208199173082	D:2.37484273373633	D:0.0942654385752072	D:0.867885582684249	D:-0.148095354370936	D:-0.151116645665158	D:0.211585619982413	D:14.9614317258053
S:KTN1	D:-0.114668661093731	D:-3.4730534458003	D:0.000568267777120894	D:0.00590351974094598	D:-0.10773775932391	D:-3.19777333637647	D:0.0014887253948334	D:0.0162799520524431	D:1.60129160354935	D:0.202852764505029	D:0.92658001128401	D:-0.0200465345866447	D:-0.0755034651890758	D:0.0781193753462707	D:12.9912833523244
S:HDX	D:-0.229171069545182	D:-3.48917997204072	D:0.000535978328875805	D:0.00568233068531491	D:-0.211724401471977	D:-3.19776225346025	D:0.00148878124546931	D:0.0162799520524431	D:1.07143094571819	D:0.343443460451637	D:0.95707960515839	D:-0.042368119861727	D:-0.118513605598309	D:0.125859176433541	D:13.3114505445076
S:SMAD2	D:-0.0443326817667378	D:-3.0300219144597	D:0.00259721051225292	D:0.0168780061892957	D:-0.0469183693349352	D:-3.197277630242	D:0.00149122532432186	D:0.0162897095001167	D:0.60607021478361	D:0.545962162019624	D:0.977958477099463	D:-0.0228098659215936	D:-0.000101434210815544	D:0.0228100914566382	D:17.9830140346911
S:HSP90AB3P	D:-0.0962530104239798	D:-4.33283856120955	D:0.0000184570360673761	D:0.000551823037948464	D:-0.0778452979836614	D:-3.19725475417528	D:0.00149134078582	D:0.0162897095001167	D:5.47476363886168	D:0.0044928332802712	D:0.627240251963999	D:0.0171664064553797	D:-0.103586637304018	D:0.104999413991438	D:11.3726962912649
S:RCHY1	D:-0.0923754374377198	D:-3.35627071604352	D:0.000862263815163423	D:0.00782605537023151	D:-0.0884529954274607	D:-3.19676260924052	D:0.00149382677281555	D:0.0163077480265859	D:0.931106165357591	D:0.39492177309616	D:0.960380452490487	D:-0.0124075378189216	D:-0.047319448193079	D:0.0489190880130186	D:12.9795100573893
S:C15ORF24	D:-0.0724574404303923	D:-3.82289387181917	D:0.000151964992176165	D:0.00235678405723369	D:-0.0608781585737075	D:-3.19587776321638	D:0.00149830606266458	D:0.016338392171054	D:0.758375269619408	D:0.469061140852778	D:0.967692421145506	D:-0.0323493922803361	D:0.00728630351916146	D:0.0331598160411124	D:18.8462231431124
S:MCM7	D:-0.0676682269230901	D:-3.91286428158431	D:0.000106443184889628	D:0.00185383803558664	D:-0.0558214228710667	D:-3.1945161649368	D:0.00150522304193558	D:0.0163978607827796	D:0.401844982658703	D:0.669338983694827	D:0.985706471962942	D:-0.0218796433952024	D:0.00349697431754804	D:0.0221573379375505	D:18.6053769449466
S:ZNF280B	D:-0.103718571120301	D:-3.98554520063834	D:0.000079439063128816	D:0.00150080019677343	D:-0.0872770515594236	D:-3.1944739606952	D:0.00150543791230267	D:0.0163978607827796	D:4.23347916387242	D:0.0151195433798488	D:0.716835455902377	D:-0.0396336637278959	D:-0.0955308613828148	D:0.103426170658294	D:13.502166155333
S:SRPX2	D:-0.168900826544365	D:-3.28302090486849	D:0.00111333351112294	D:0.00935246101775276	D:-0.163677676113519	D:-3.19374885063073	D:0.00150913402663709	D:0.0164226842734245	D:0.655164317657406	D:0.519881635352347	D:0.972886610373122	D:0.0350779509053068	D:-0.0696405124700818	D:0.0779760451472805	D:10.217705878756
S:LDB2	D:-0.179059243711119	D:-3.09360797785933	D:0.00211011217020704	D:0.0145599229936497	D:-0.184333262429309	D:-3.19369718048973	D:0.00150939772555501	D:0.0164226842734245	D:0.349898179743421	D:0.704963132122368	D:0.987553110889477	D:-0.000540338434935854	D:-0.0625575933318763	D:0.0625599268629742	D:12.0329918296703
S:DSCR4	D:-0.179322929190352	D:-3.50499761998228	D:0.000505980730445564	D:0.00545359594795188	D:-0.162499029017765	D:-3.19348163111168	D:0.00151049824284756	D:0.0164255126118443	D:1.36762676981542	D:0.255831907383259	D:0.937117387531459	D:-0.00661661203139706	D:0.109034793820365	D:0.109235368897732	D:23.7684900339621
S:SPOPL	D:-0.0603983668568244	D:-3.14417608183899	D:0.00178438259369367	D:0.0129767846160655	D:-0.0615123607537823	D:-3.19197469900539	D:0.00151821283885473	D:0.016500220847642	D:1.07101238055351	D:0.34358652103885	D:0.95707960515839	D:-0.00899920701217207	D:0.035801741691939	D:0.0369154498147354	D:23.0593546118293
S:SAP130	D:-0.0554469118897164	D:-2.81917953404489	D:0.00504354551292187	D:0.0269278477781438	D:-0.0622383753591033	D:-3.19175020897945	D:0.00151936520638325	D:0.0165035661467122	D:1.46389062053581	D:0.232501182527687	D:0.931078802181888	D:-0.00438849608301652	D:-0.0429557893836482	D:0.0431793786366015	D:12.3888850260597
S:ADSS	D:-0.0565401508309474	D:-3.72969663338836	D:0.000218156771773301	D:0.00303045709863556	D:-0.0503299151782001	D:-3.19139852769317	D:0.00152117210636214	D:0.0165140134057904	D:2.96539341595433	D:0.0526101156846653	D:0.83656058396868	D:-0.000774071044709605	D:-0.0497495884993184	D:0.0497556101543713	D:12.0594275272575
S:SLC41A1	D:-0.113470842594024	D:-3.79024093282949	D:0.000172633213428183	D:0.00258896824528022	D:-0.096529963453703	D:-3.19002026919363	D:0.00152827261109604	D:0.0165381961946454	D:0.409163852155829	D:0.664467345704336	D:0.985706471962942	D:0.0201923301101173	D:-0.0306914555381696	D:0.036738204070523	D:9.77723553391909
S:PPIG	D:-0.0931705905049276	D:-3.66608029252456	D:0.000278041885401331	D:0.00361491449276607	D:-0.0824769191183135	D:-3.189949773979	D:0.00152863661020606	D:0.0165381961946454	D:0.940002736592336	D:0.391439205090117	D:0.960227634080898	D:0.00830028325270797	D:-0.0454869103620682	D:0.0462380115961101	D:11.3105771214219
S:WNT11	D:-0.108611995650544	D:-3.05756568175254	D:0.00237476451137101	D:0.0157787396520575	D:-0.113187704713513	D:-3.1898529092919	D:0.00152913689769646	D:0.0165381961946454	D:0.0844805162525959	D:0.919005024228283	D:0.99388109965088	D:-0.00598915275997465	D:-0.0179548595220479	D:0.0189274121643395	D:13.2298006100736
S:LPCAT1	D:-0.0559090347900206	D:-3.08828297961834	D:0.00214742332616164	D:0.0146928568685311	D:-0.0581880388269743	D:-3.18980878547967	D:0.00152936483887279	D:0.0165381961946454	D:0.353717441412246	D:0.70228027176545	D:0.987553110889477	D:0.020706306856777	D:0.00541468494292122	D:0.0214025689270729	D:5.02302323584883
S:USP9X	D:-0.0709968019233683	D:-2.83873942422379	D:0.0047500705529885	D:0.0258485741951461	D:-0.0793247490962557	D:-3.18965290787937	D:0.0015301703454234	D:0.0165381961946454	D:1.3936917251374	D:0.249291850256499	D:0.935158383610406	D:-0.0092265635547198	D:-0.0529364775031362	D:0.0537345338257375	D:12.6591365204941
S:PSIP1	D:-0.0724435673410933	D:-3.87091922594191	D:0.000125769834432901	D:0.00207924562999435	D:-0.0630109135930843	D:-3.18866449860676	D:0.00153528714134282	D:0.0165751635519227	D:2.1858563299702	D:0.113646188636282	D:0.880277680269808	D:-0.0118508848225722	D:-0.0521703944514263	D:0.0534994722244555	D:12.8531984046719
S:DEM1	D:-0.0783292883716225	D:-3.44239135187692	D:0.000634732921856249	D:0.00638687745931666	D:-0.073014719497324	D:-3.18809579892695	D:0.00153823834778839	D:0.0165978550823484	D:0.0349395784973917	D:0.965666541157177	D:0.996760838460121	D:0.000200992007263881	D:-0.00784792280994359	D:0.00785049617653667	D:11.9021951229611
S:LOC727820	D:-0.0657198590937069	D:-3.38219945511975	D:0.00078681682209392	D:0.00737419065733203	D:-0.0614667076538919	D:-3.18761106836866	D:0.00154075794361396	D:0.016615866984636	D:0.291215847351258	D:0.747503695367794	D:0.988887668865741	D:0.00314029593018269	D:0.0187838364566329	D:0.0190445259998419	D:0.632731915639031
S:GBP1	D:-0.134315852949689	D:-2.99986123556061	D:0.00286260621880337	D:0.0180562259914903	D:-0.142616312916646	D:-3.18732575680224	D:0.00154224275607996	D:0.0166227058447648	D:0.981836338352077	D:0.375472548052096	D:0.959577389001284	D:-0.0435443425724084	D:-0.0698071021949866	D:0.0822747913210636	D:14.1303420172393
S:RRM1	D:-0.0904638760190151	D:-3.25290470124063	D:0.00123502036730626	D:0.01010395333018	D:-0.0888800194135096	D:-3.18602693973216	D:0.00154901876027942	D:0.0166773419254106	D:4.69371594317711	D:0.00963344438139546	D:0.6914076340228	D:0.0523260281444527	D:-0.100960244801953	D:0.113714485672865	D:10.1735358869893
S:WDHD1	D:-0.116460442104939	D:-3.35527044069913	D:0.000865305053058195	D:0.0078427300750511	D:-0.111865496754918	D:-3.18449613479776	D:0.00155704037836923	D:0.016745253733469	D:1.9695601605114	D:0.140792492708467	D:0.893013200900893	D:0.00253500548692506	D:-0.090376604103049	D:0.0904121497477966	D:11.8928874395218
S:MFSD1	D:-0.0719246643675657	D:-2.98378555069247	D:0.00301400330214242	D:0.0187092244368377	D:-0.0765719179777505	D:-3.18229999256275	D:0.00156861550633257	D:0.0168336275762292	D:1.20757808525426	D:0.299946216663987	D:0.953382074134607	D:-0.0355222599584089	D:-0.035088092974477	D:0.0499300032158854	D:15.023486284243
S:CD40LG	D:-0.0989514686110626	D:-4.13715813096299	D:0.0000425316793443727	D:0.000958606166168844	D:-0.0799191731885849	D:-3.18228334800821	D:0.00156870353698957	D:0.0168336275762292	D:0.450728393057639	D:0.637468785881282	D:0.984849639686537	D:-0.00298332526657128	D:-0.0307139513135699	D:0.0308585002055918	D:12.3698588558712
S:POPDC3	D:-0.188761508717135	D:-3.35004767760264	D:0.000881347114143778	D:0.00792563458696896	D:-0.179901489501746	D:-3.18114166116708	D:0.00157475266132235	D:0.016889265507629	D:1.07644595365068	D:0.341734037555014	D:0.95707960515839	D:0.100685668096395	D:-0.0572290818353536	D:0.115813520660305	D:7.97424130567255
S:KIAA1370	D:-0.0877515145088727	D:-3.1835374887944	D:0.00156366735299301	D:0.01183409130319	D:-0.0877610428283603	D:-3.18013265464782	D:0.00158011672466277	D:0.0169259388293811	D:0.522711174151609	D:0.593292422231011	D:0.984208797062414	D:-0.0319441821520655	D:-0.0211685636920644	D:0.0383215195699404	D:15.7645745224602
S:SCML4	D:-0.0695242143262047	D:-3.93250888592131	D:0.0000983920815596963	D:0.00174353645079712	D:-0.0589956882570025	D:-3.1800098733194	D:0.00158077060353208	D:0.0169259388293811	D:0.868842727888505	D:0.420182003746121	D:0.965417982825822	D:0.0043972811592163	D:-0.0315304347179071	D:0.0318355837875388	D:11.4707102340537
S:PKI55	D:-0.0737435759294967	D:-3.21543125160709	D:0.00140363509974374	D:0.0109845548594684	D:-0.0728884424523979	D:-3.17920852889572	D:0.00158504435245758	D:0.0169531207944027	D:3.47548711915954	D:0.031831190881465	D:0.777497218447519	D:0.0432413118884495	D:-0.0684833740095071	D:0.0809924908220521	D:9.848742769662
S:CCNL1	D:-0.0513881176341474	D:-3.09062715823855	D:0.00213092397963975	D:0.014656946668828	D:-0.0529058584471997	D:-3.1786920953327	D:0.00158780426205245	D:0.0169682351755281	D:0.791551261695608	D:0.453809703763077	D:0.967692421145506	D:-0.00134208544212616	D:-0.0270815402262375	D:0.0271147748351206	D:12.1891398436466
S:ZNF148	D:-0.032077023469247	D:-2.82855758666351	D:0.00490084432428491	D:0.0263967472273571	D:-0.035909651045305	D:-3.17861920406642	D:0.0015881941628392	D:0.0169682351755281	D:0.39981164388197	D:0.670698787827164	D:0.986009065944297	D:0.00846621021841602	D:-0.010722426107872	D:0.0136618862936706	D:9.44707295040181
S:C16ORF88	D:-0.0754835032509659	D:-3.53250178195323	D:0.000457528918203664	D:0.00507584944123139	D:-0.068684537257148	D:-3.17824875386246	D:0.00159017709592448	D:0.0169704725405725	D:3.03253015448121	D:0.0492400873833647	D:0.832973145363817	D:-0.0258685711663273	D:-0.0641952541034601	D:0.069211369178735	D:13.463187323619
S:KIFC1	D:-0.216510691454494	D:-3.38269666509587	D:0.000785432052493097	D:0.00736474459585777	D:-0.203305558272784	D:-3.17823840863844	D:0.0015902325042979	D:0.0169704725405725	D:0.404450858900551	D:0.667600341481663	D:0.985706471962942	D:-0.0776435670254347	D:0.023683064206928	D:0.0811751872844323	D:19.1308603391429
S:HSPA4	D:-0.0582281936853068	D:-3.86566789778935	D:0.000128411049188089	D:0.00211218881497007	D:-0.0506213045268473	D:-3.17765027155103	D:0.00159338546448197	D:0.0169772875471332	D:4.43676957328603	D:0.0123885314173397	D:0.709441948440271	D:0.0072184091030557	D:-0.0612967037119279	D:0.0617202666546974	D:11.552245321387
S:S100A4	D:-0.0623937342853695	D:-3.09427519021986	D:0.00210547945196022	D:0.0145453785709751	D:-0.0642337773157626	D:-3.17567084182873	D:0.00160403951942022	D:0.0170795829090818	D:2.1029911439958	D:0.123362288334927	D:0.888724539846668	D:0.0175307458155418	D:0.0509131673490687	D:0.0538467980325981	D:1.26666240203949
S:SCAF8	D:-0.0668557819328569	D:-3.08887002425884	D:0.0021432804544133	D:0.0146928568685311	D:-0.0686852124913832	D:-3.17553032010808	D:0.00160479835761952	D:0.0170795829090818	D:3.02758292316763	D:0.0494808437440224	D:0.832973145363817	D:-0.00347249341356654	D:-0.0688254038714983	D:0.0689129481924995	D:12.1925555018311
S:FLT3	D:-0.129722324774652	D:-3.01296797046005	D:0.00274436155757525	D:0.0175482883496656	D:-0.139719453841422	D:-3.1732735335498	D:0.00161703085826658	D:0.0171861361634681	D:0.782851911490653	D:0.457760043854191	D:0.967692421145506	D:0.0760255589615566	D:0.0135691628569098	D:0.0772269887801827	D:5.3253544381226
S:CDC73	D:-0.0448237016043556	D:-3.22687336144287	D:0.00135001687257888	D:0.0106974963180195	D:-0.0441636420724146	D:-3.17320858211671	D:0.00161738418733011	D:0.0171861361634681	D:0.306809929542734	D:0.735953640650462	D:0.988887668865741	D:-0.0100956643397282	D:0.0108880530364943	D:0.0148483041922629	D:21.1441719967752
S:ZNF594	D:-0.192436162543204	D:-3.18123973873344	D:0.00157582432732567	D:0.0118892599151626	D:-0.191895242218611	D:-3.17289308505947	D:0.00161910147329323	D:0.0171862526471779	D:1.20989065408835	D:0.299257294921889	D:0.953382074134607	D:0.00580396294525771	D:-0.121930443157874	D:0.122068501074379	D:11.8183162174425
S:FZD3	D:-0.12286075145942	D:-3.53492632619513	D:0.000453473021736007	D:0.00504918308703323	D:-0.110978442146387	D:-3.17288341340851	D:0.0016191541437723	D:0.0171862526471779	D:0.476226980851257	D:0.621454279934777	D:0.984208797062414	D:-0.0306042591006945	D:-0.0335156026181282	D:0.0453863007300521	D:14.8266858309545
S:TANC1	D:-0.172200611324129	D:-2.98788796572848	D:0.00297468629260859	D:0.0185535732026379	D:-0.183453198035511	D:-3.17246017990522	D:0.00162146056563541	D:0.0171952872690514	D:0.121338772817134	D:0.885764589104828	D:0.991393293699617	D:-0.0323360402668686	D:-0.021263627972333	D:0.0387009221425838	D:15.7781175415114
S:CCNE1	D:-0.103931963800595	D:-3.78059009555702	D:0.000179232715487763	D:0.00266543873161824	D:-0.0891525203737876	D:-3.17099045358382	D:0.00162949346273333	D:0.0172444765359328	D:1.74655303319611	D:0.175626024524522	D:0.912754718498854	D:-0.072228113554702	D:-0.0140873758590219	D:0.0735890925767146	D:17.2642386418687
S:TRIM24	D:-0.0896532073508945	D:-2.97022461083556	D:0.00314737929929216	D:0.0192606906994168	D:-0.095107045742498	D:-3.17081957480493	D:0.00163042979447187	D:0.0172444765359328	D:1.40768881889739	D:0.245849379719434	D:0.933288553535957	D:0.0365507134431962	D:-0.0567346525137178	D:0.0674890765165663	D:9.8139173083286
S:HLA-J	D:-0.0623841740825012	D:-2.74882380313521	D:0.00624016397919143	D:0.0311261554899413	D:-0.0735906515395227	D:-3.1707489590299	D:0.00163081687930013	D:0.0172444765359328	D:0.350359331185651	D:0.7046386480415	D:0.987553110889477	D:-0.0112751122554849	D:0.0231994626409346	D:0.025794247870444	D:22.2719934433678
S:SFSWAP	D:-0.0723745190680968	D:-4.34957047663599	D:0.0000171600368434151	D:0.000521499657787209	D:-0.0549759352002323	D:-3.16997066964774	D:0.00163508874790827	D:0.017280297037791	D:0.617036955834656	D:0.540024481226278	D:0.976081273181508	D:0.0250454803573893	D:0.00921565270908733	D:0.0266871568584382	D:4.65323793651147
S:EGF	D:-0.160290622378664	D:-3.08390395135231	D:0.00217856011016792	D:0.0148541887573438	D:-0.164545698006083	D:-3.16867591286154	D:0.00164221830131595	D:0.017333907434392	D:0.24720021206551	D:0.781096784771318	D:0.989364001696824	D:0.0116214917215001	D:-0.0463541440777306	D:0.0477887616810888	D:11.061694959938
S:AASS	D:-0.190177660151226	D:-3.55672437996892	D:0.000418490774052067	D:0.00477113664862977	D:-0.173438476424041	D:-3.16860298773225	D:0.00164262071488885	D:0.017333907434392	D:0.403269678367318	D:0.668387862907205	D:0.985706471962942	D:0.0349077010453327	D:-0.0558276575698306	D:0.0658428047853718	D:9.86554944715736
S:BRCA1	D:-0.0711081622157838	D:-2.83566854275434	D:0.00479509466496334	D:0.0260208122321712	D:-0.0813506319927102	D:-3.16712212929023	D:0.0016508120748767	D:0.0174059784728344	D:1.8148112656669	D:0.164131371439623	D:0.904991853640427	D:-0.00885413982245264	D:0.0630874325153256	D:0.0637057292036697	D:23.4673922683433
S:LOC158696	D:-0.1706377686507	D:-2.84007511623423	D:0.0047306072492454	D:0.0257782477014792	D:-0.193192827699234	D:-3.16604720479713	D:0.00165678162275295	D:0.0174529216658843	D:0.283935400392943	D:0.752958289733412	D:0.988887668865741	D:-0.0230739415620091	D:0.0562055988665721	D:0.0607575190668367	D:22.512033577299
S:SH2D4B	D:-0.135112697153026	D:-2.65320851460254	D:0.00827689989427378	D:0.0380830941450445	D:-0.16234717098023	D:-3.16564707666638	D:0.00165900880355242	D:0.0174601648447167	D:1.44978462351083	D:0.235781385367414	D:0.932707338252518	D:-0.0964791954855275	D:0.0726072382527746	D:0.120747862126954	D:20.4642653255384
S:RGL3	D:-0.112941303031665	D:-2.77650038345727	D:0.00574177420713204	D:0.0293640433869582	D:-0.132922638807141	D:-3.1648416629887	D:0.00166350025718735	D:0.0174859916760076	D:2.99872840175301	D:0.0509087996588861	D:0.835594823583134	D:-0.0273735156432618	D:0.131502373151469	D:0.134321195286299	D:23.2160824810219
S:DFNA5	D:-0.178622823008652	D:-3.23070942452333	D:0.00133246963529193	D:0.0106320086334176	D:-0.174838474030592	D:-3.16426120472026	D:0.00166674418758229	D:0.017502351384532	D:2.04197858137152	D:0.131045866975068	D:0.892106772592489	D:-0.107449320260726	D:-0.103585117054016	D:0.149248895806924	D:15.0699341770794
S:SCAMP1	D:-0.0831685521950959	D:-3.40891907283974	D:0.000715536209398399	D:0.00689802322045096	D:-0.0772222676007431	D:-3.1642161164803	D:0.00166699641057069	D:0.017502351384532	D:1.42962842830587	D:0.240549355635031	D:0.933266293860831	D:-0.0582410390867097	D:0.00336786771791577	D:0.0583383335969157	D:18.220634745603
S:BRD1	D:-0.0659253577208176	D:-2.74987133302234	D:0.0062206105337896	D:0.0310728400922246	D:-0.0756303118638249	D:-3.16407847981514	D:0.00166776656615905	D:0.017502351384532	D:1.53566499575579	D:0.216507478995059	D:0.927783481998367	D:0.035639316909055	D:-0.044108930110748	D:0.0567076593174054	D:9.40415585521873
S:ANKDD1A	D:-0.166921123906484	D:-3.20436183974256	D:0.0014573760230034	D:0.0112831947105837	D:-0.164346523751049	D:-3.16392258139012	D:0.00166863930348411	D:0.017502351384532	D:0.185699478477704	D:0.830590652836268	D:0.990538766746216	D:-0.0216201593553826	D:-0.0354378158716502	D:0.0415122883530301	D:14.0924555967968
S:ASB8	D:-0.0443467882182962	D:-3.05422496545158	D:0.00240077902034437	D:0.0159180697940339	D:-0.0460431257721811	D:-3.16322813163354	D:0.00167253203807108	D:0.0175149777898966	D:0.0719569116827269	D:0.93058235223619	D:0.994559242263454	D:-0.00275391037532498	D:0.00675493363589193	D:0.00729473445579938	D:22.521322068832
S:RSBN1	D:-0.0995311508459357	D:-3.45893374085241	D:0.000598022803490405	D:0.00612878737386507	D:-0.0922101650360001	D:-3.1630013289961	D:0.00167380519425609	D:0.0175189219608776	D:3.80909528620401	D:0.0229306118009437	D:0.736744509955438	D:-0.0562224892172926	D:-0.0893980399799243	D:0.105607659978056	D:14.1443877159047
S:KNTC1	D:-0.0917019433321045	D:-3.42243089254983	D:0.000681827596513674	D:0.00667849276364596	D:-0.0862044080282532	D:-3.1620546029468	D:0.00167912930770676	D:0.0175527453312269	D:0.868538678350626	D:0.420309257839371	D:0.965417982825822	D:-0.0172492229575236	D:-0.0434160462650986	D:0.0467171142723043	D:13.4445304160973
S:IL23R	D:-0.174676893949353	D:-3.28170594242597	D:0.00111840559466767	D:0.00937168255806223	D:-0.167766604489653	D:-3.1619738996438	D:0.00167958388216408	D:0.0175527453312269	D:0.267547220701716	D:0.765383279739511	D:0.989044741352382	D:0.0443783639547103	D:0.028559864530632	D:0.052774094490619	D:3.81576929461222
S:PUM1	D:-0.048676236820491	D:-3.13090930824946	D:0.00186502558192319	D:0.0133203453568571	D:-0.0490628862924082	D:-3.16180965251681	D:0.00168050938169421	D:0.0175527453312269	D:3.94160750336214	D:0.020132576172042	D:0.730351563745367	D:0.00160788736299284	D:-0.0564767444452625	D:0.056499628006807	D:11.8912823527598
S:CENPE	D:-0.110707000507686	D:-2.85424943951839	D:0.00452848200221417	D:0.0249481440105067	D:-0.122252109761054	D:-3.16009366916381	D:0.0016902067963368	D:0.017627080866553	D:1.22628070581382	D:0.294419993322709	D:0.952385040554387	D:-0.0468771219116827	D:-0.0646636970522956	D:0.079867754915196	D:14.3959836479586
S:KCNH8	D:-0.126987817150859	D:-3.22179011205389	D:0.00137359873882784	D:0.0108319180611117	D:-0.126050935706275	D:-3.16005015371942	D:0.00169045338232026	D:0.017627080866553	D:1.07641110117483	D:0.34174588787357	D:0.95707960515839	D:0.0073954414741579	D:-0.0757034544098829	D:0.0760638255952651	D:11.6280334110482
S:TGOLN2	D:-0.0631069584621948	D:-3.13696125461161	D:0.00182783044477841	D:0.013184804253014	D:-0.0631959495252784	D:-3.1596884850118	D:0.00169250411093285	D:0.0176390521769274	D:0.0450187471876637	D:0.955984128255774	D:0.996760838460121	D:0.00319765769356005	D:-0.00727245046338116	D:0.00794440372007343	D:10.417677589657
S:NKTR	D:-0.0679254452471186	D:-3.7254932624362	D:0.000221704859144458	D:0.00307040017898076	D:-0.0593629493877981	D:-3.15898018899204	D:0.00169652693484827	D:0.0176701314536598	D:1.42751022860754	D:0.241056009775219	D:0.933266293860831	D:-0.00562779593644371	D:-0.0407005373641124	D:0.0410877819896592	D:12.524836956139
S:C1ORF74	D:-0.171025366449777	D:-3.46297813115254	D:0.000589354447241622	D:0.00607094109306722	D:-0.156340456992128	D:-3.15884517622797	D:0.00169729475147226	D:0.0176701314536598	D:0.185249897968162	D:0.830963827626914	D:0.990538766746216	D:-0.0183341847755304	D:-0.0348311786651486	D:0.0393618259051431	D:13.8507398734
S:ME1	D:-0.123268433844085	D:-3.11715081707312	D:0.00195219592420921	D:0.0137867222822451	D:-0.125442887364153	D:-3.15785619598419	D:0.00170292886295264	D:0.0177076899943354	D:0.461355107824348	D:0.630744839817641	D:0.984208797062414	D:-0.0394988802320061	D:0.0345034912749292	D:0.052446662903768	D:20.7425477456808
S:LOC100507312	D:-0.204766087155467	D:-3.12665208312814	D:0.00189160714126813	D:0.0134463059830922	D:-0.20598083884803	D:-3.1577178686732	D:0.00170371827307338	D:0.0177076899943354	D:0.690087078647512	D:0.502094748005739	D:0.971534152892322	D:-0.0900007088431269	D:-0.0532093402690419	D:0.104553151478719	D:15.9605324008269
S:C15ORF62	D:-0.160649009945025	D:-3.40030204928471	D:0.000737838288198085	D:0.00703665104425513	D:-0.149429396985969	D:-3.15735748666528	D:0.00170577649764737	D:0.0177076899943354	D:1.36138377957779	D:0.257423782314059	D:0.938022412574511	D:-0.103768079444775	D:-0.0320517470908668	D:0.108605381097044	D:16.8556797753727
S:SPICE1	D:-0.0661731248359904	D:-3.20888736984489	D:0.00143517906248489	D:0.0111821507416337	D:-0.0651487451672751	D:-3.15729448990642	D:0.00170613652220523	D:0.0177076899943354	D:2.87538750930098	D:0.0574946209134908	D:0.83656058396868	D:-0.00100105719251948	D:-0.0640975523216407	D:0.0641053689571175	D:12.0596504208229
S:SAAL1	D:-0.0872981113802379	D:-3.74879320291068	D:0.000202700476514185	D:0.00287412767959777	D:-0.0763534957317889	D:-3.15725897764701	D:0.00170633950459718	D:0.0177076899943354	D:0.549177303096952	D:0.577834794691325	D:0.982115268178959	D:-0.0192115195234525	D:-0.0272958872383814	D:0.0333788547216712	D:14.3425886118811
S:NOL7	D:-0.0640563010104993	D:-4.38993392059221	D:0.000014380250575828	D:0.000455436752839959	D:-0.0505821204143555	D:-3.15606195016588	D:0.00171319457451366	D:0.017755292214115	D:2.19760889766587	D:0.112331879092435	D:0.880003764027248	D:-0.0119034403852701	D:-0.0418920857221021	D:0.0435504160617741	D:13.057483418723
S:EOMES	D:-0.07514210075926	D:-3.27989290120451	D:0.00112543403849944	D:0.00941846104767347	D:-0.0727604088417278	D:-3.1560478977471	D:0.00171327519985254	D:0.017755292214115	D:0.998665298476351	D:0.369235494570124	D:0.959270072771647	D:0.0451281700892065	D:0.00728511522801986	D:0.0457124123131331	D:5.38865070953813
S:PRNP	D:-0.0540759434738528	D:-3.12841378920777	D:0.00188056520310061	D:0.013387294948557	D:-0.0544751280445035	D:-3.15598216642821	D:0.00171365237786299	D:0.017755292214115	D:2.20124182079604	D:0.111928701309412	D:0.880003764027248	D:-0.0139324034513935	D:-0.0448566510893217	D:0.0469705334532358	D:13.1503139996003
S:TMEM5	D:-0.0960455770410707	D:-4.5836498845376	D:0.00000604321566561637	D:0.000264243646787614	D:-0.0729539026432292	D:-3.15554463332635	D:0.00171616497422663	D:0.0177654214102647	D:2.06214196070789	D:0.128454826561161	D:0.890973605600524	D:0.0217742510220609	D:-0.0579461959174897	D:0.0619021779009416	D:10.6270301002696
S:FANCB	D:-0.0895251237033559	D:-3.3641389076517	D:0.000838685937440843	D:0.00768703654011796	D:-0.0853097710906398	D:-3.15549533866134	D:0.00171644826890025	D:0.0177654214102647	D:0.0252613687602568	D:0.975056497063362	D:0.997513089341046	D:0.00560982912254939	D:-0.00608232118354413	D:0.00827434672732494	D:9.15427489441863
S:FKSG83	D:-0.155652540590356	D:-2.99210142927045	D:0.00293479437047697	D:0.0183744169563808	D:-0.16572353428801	D:-3.1551244673538	D:0.00171858103730258	D:0.017771178150843	D:0.385010999051127	D:0.680680775227325	D:0.986460847631032	D:-0.0360766994827184	D:0.0505057026418022	D:0.0620673363767813	D:21.6307615068576
S:LOC154761	D:-0.13439494728379	D:-3.22979221492089	D:0.00133664589452683	D:0.0106416425650251	D:-0.130542335824513	D:-3.15508236135078	D:0.00171882333069408	D:0.017771178150843	D:1.35184478213246	D:0.259875334750751	D:0.939715750622581	D:-0.087623968062636	D:-0.0342777120369671	D:0.0940899639787958	D:16.5756671646405
S:SPAG5	D:-0.0821159955041797	D:-3.4336757955449	D:0.000654910040513212	D:0.00651940759127289	D:-0.0757614906885157	D:-3.15480358133218	D:0.00172042832875107	D:0.017778365929204	D:1.18586359540353	D:0.306493268233971	D:0.956127866309072	D:0.0161252058043553	D:-0.0459382373493627	D:0.0486861778434002	D:10.7105296354202
S:NFKBIA	D:-0.067863961772303	D:-2.89427127383008	D:0.00399943384927425	D:0.022751946680835	D:-0.0741706842195576	D:-3.15416789833418	D:0.00172409327014562	D:0.0177984599523913	D:2.0409189853097	D:0.131183470601101	D:0.892106772592489	D:-0.0531337482405124	D:-0.036444639604593	D:0.0644314128201052	D:15.7035750591084
S:ANKRD55	D:-0.084679327657354	D:-3.35853806517626	D:0.000855406955786756	D:0.00778551808245412	D:-0.0802972203547091	D:-3.15375075021928	D:0.00172650219323387	D:0.0178034719567193	D:0.0538183857423147	D:0.947610660982072	D:0.996760838460121	D:-0.00657177467630106	D:-0.00884715900130457	D:0.0110209094357243	D:14.4403602036405
S:FAM111B	D:-0.280807935121736	D:-3.82377800055585	D:0.000151439289892509	D:0.00235285061527517	D:-0.238304778058738	D:-3.15196884546996	D:0.0017368272483361	D:0.0178889287128284	D:0.725340065302236	D:0.484759620196337	D:0.970580953256742	D:0.0324115905811653	D:-0.11490664639267	D:0.119390320332978	D:10.9498594431994
S:SETD1B	D:-0.090653960925687	D:-2.79505482403316	D:0.00542812513457199	D:0.0283082447970833	D:-0.103898649561106	D:-3.15174355837242	D:0.00173813669979776	D:0.0178889287128284	D:0.375307265986631	D:0.68730613353898	D:0.986460847631032	D:-0.0281283438290262	D:0.0271425434262034	D:0.039088635051729	D:20.93187949126
S:ITIH3	D:-0.15422312355367	D:-3.09090121407217	D:0.00212900269125113	D:0.0146488878837107	D:-0.157709690591172	D:-3.15168946651257	D:0.00173845123717625	D:0.0178889287128284	D:0.013907151120449	D:0.986189556364237	D:0.998940164677581	D:-0.00927973001445715	D:-0.00646651344460926	D:0.0113105784675466	D:15.6753042555569
S:BBS5	D:-0.100563470213502	D:-3.5637655158123	D:0.000407742506699423	D:0.00468688019024319	D:-0.0907879399850765	D:-3.15143533360312	D:0.00173992969133917	D:0.0178947189991889	D:1.62841538163515	D:0.197465062554172	D:0.922546569131066	D:0.01416362068024	D:-0.0664179819512372	D:0.0679113869483505	D:11.1974668846901
S:CNGA4	D:-0.14534352886224	D:-3.30749648917221	D:0.00102273703805951	D:0.00881367855552492	D:-0.138480037422973	D:-3.15088070148172	D:0.00174316037226124	D:0.0179185149049747	D:0.213249437271595	D:0.808041173600282	D:0.990538766746216	D:0.0301172263800131	D:0.0242423708026721	D:0.0386618657976979	D:3.41121598248624
S:C18ORF23	D:-0.0999227548438307	D:-3.89052260747185	D:0.000116357090461389	D:0.00198233121595988	D:-0.0834101861843681	D:-3.15051951245943	D:0.0017452672400853	D:0.0179307398204558	D:1.26960026741839	D:0.282009631374711	D:0.946954734546031	D:-0.0260559516686609	D:-0.0486004337693031	D:0.0551444900232472	D:13.8797941372385
S:SNX14	D:-0.0947887283929922	D:-3.28777911312171	D:0.00109515793551761	D:0.00925756185982045	D:-0.0914990275991508	D:-3.14886130490826	D:0.00175496999403323	D:0.0180114856372917	D:1.72717634964099	D:0.179034067845405	D:0.915270349272716	D:0.0112938671374406	D:-0.0694629490195837	D:0.0703750859425084	D:11.3843454183683
S:PITPNC1	D:-0.0589130721469968	D:-3.41075538191775	D:0.000710865554380241	D:0.00685976483858977	D:-0.0549767034832444	D:-3.14786188760985	D:0.00176084194837441	D:0.0180622637864485	D:1.78998636388362	D:0.168221706567208	D:0.909540780354538	D:-0.0101202614475693	D:-0.0415842828551062	D:0.0427980405198723	D:12.9118684439978
S:CLINT1	D:-0.0434189684968121	D:-3.7261369785392	D:0.000221157992012037	D:0.00306499880986326	D:-0.0376501511090456	D:-3.14726381743291	D:0.0017643645005195	D:0.0180794162059002	D:0.78121680735176	D:0.458506386279505	D:0.967692421145506	D:-0.0132747089451538	D:-0.0147829103770165	D:0.0198683752932505	D:14.7948733280846
S:RNASEL	D:-0.0666902832260177	D:-2.78513511231071	D:0.00559382485172908	D:0.0288641524396452	D:-0.0767454973032301	D:-3.14695096554609	D:0.00176620974451944	D:0.0180888388981418	D:0.387059841176946	D:0.679290124946718	D:0.986460847631032	D:-0.0248353891875234	D:-0.0153949048783465	D:0.0292198503129138	D:15.8804098310392
S:SAMD5	D:-0.233993672110922	D:-3.66981345340851	D:0.000274138423931832	D:0.00357844952708879	D:-0.203584196411893	D:-3.14516977813791	D:0.00177674940365022	D:0.0181611002225274	D:0.732643937893344	D:0.481243940530451	D:0.970580953256742	D:0.0276178112551649	D:-0.0989296733064577	D:0.102712334989759	D:10.9601378957828
S:SALL2	D:-0.103912594529877	D:-4.19860601195417	D:0.0000328367624335198	D:0.000799082409356675	D:-0.0824692252726117	D:-3.14513042136342	D:0.00177698293974066	D:0.0181611002225274	D:2.93498185626832	D:0.0542120174585845	D:0.83656058396868	D:0.0124157601929151	D:-0.0818070058378586	D:0.0827438052383585	D:11.4246759524368
S:LEF1	D:-0.0960211839394588	D:-4.2931663800566	D:0.0000219172815368458	D:0.00061888391834376	D:-0.0779325693315797	D:-3.14478775478712	D:0.0017790174590851	D:0.0181723890057408	D:4.33118142391722	D:0.0137387490664612	D:0.709441948440271	D:-0.0222183689617813	D:-0.0918119040494349	D:0.0944620645788799	D:12.906931242966
S:PLAT	D:-0.207139449965298	D:-2.89066525342832	D:0.00404468345922067	D:0.0229542353638058	D:-0.224906207979652	D:-3.14441193452834	D:0.0017812512928849	D:0.0181857008956447	D:0.032835954938315	D:0.967699752870231	D:0.996773309666711	D:-0.0019260113389372	D:-0.0236459341434948	D:0.0237242433218893	D:12.310438840523
S:TREH	D:-0.194482025484545	D:-3.08449683241819	D:0.00217432029711858	D:0.0148353327255567	D:-0.197719566337169	D:-3.14297357796578	D:0.00178982464734823	D:0.0182351217068988	D:0.157378640500338	D:0.854430376197965	D:0.991098228766629	D:0.031099910993228	D:0.0350677772559045	D:0.0468716701799332	D:2.77121756938653
S:SPTY2D1	D:-0.0560170942143891	D:-2.96780319569719	D:0.00317175522218086	D:0.019380634395446	D:-0.0593475190831764	D:-3.13893521488369	D:0.00181409926371711	D:0.0184457228806093	D:1.65036378488231	D:0.193210772386562	D:0.921744746511297	D:0.0309337764174808	D:-0.034966545449766	D:0.0466857346963421	D:9.23345648681349
S:LYRM7	D:-0.0996119599726091	D:-3.34013358810522	D:0.000912562642375365	D:0.00813150323513771	D:-0.09435163612187	D:-3.1387860468872	D:0.00181500170096223	D:0.0184457228806093	D:2.02953743144057	D:0.132670713383014	D:0.892106772592489	D:-0.041955544311812	D:-0.0674810012962184	D:0.0794603878321812	D:14.1247208264868
S:MECP2	D:-0.0576985986355809	D:-3.26066631874805	D:0.00120253157388099	D:0.00989417662535094	D:-0.0556664867884037	D:-3.13875072542306	D:0.00181521544953746	D:0.0184457228806093	D:0.00771849971341523	D:0.992311350827687	D:0.998940164677581	D:-0.00258405774159995	D:0.00164785282226115	D:0.00306476317776051	D:20.1683763400658
S:FEZ1	D:-0.149600102618358	D:-3.52607000655947	D:0.000468453507752931	D:0.00515714136178874	D:-0.134162571569127	D:-3.13858009735453	D:0.00181624833583031	D:0.0184466261592829	D:0.169530928847467	D:0.844117829715442	D:0.990538766746216	D:0.0349696324952418	D:-0.00407798877299406	D:0.0352066071822455	D:6.44343418061847
S:ERO1LB	D:-0.0627642836964213	D:-3.2528466033902	D:0.00123526659361342	D:0.01010395333018	D:-0.0603705543995012	D:-3.13834287706801	D:0.00181768523455965	D:0.0184478730895634	D:0.364972395350535	D:0.694433677994888	D:0.986869111240858	D:0.00712047960841152	D:0.0201166719036513	D:0.0213396747475906	D:1.29945879614453
S:TCF20	D:-0.0823751443623623	D:-3.2374662130868	D:0.00130207483747496	D:0.0104621070719977	D:-0.0795449178146724	D:-3.1382481637923	D:0.00181825922780303	D:0.0184478730895634	D:0.539150854052987	D:0.583642586700905	D:0.982115268178959	D:0.0190612379741071	D:0.0288694017770331	D:0.0345944092603025	D:2.22900569926517
S:ADAMTS4	D:-0.119564055897563	D:-3.58289313157785	D:0.00037983609477552	D:0.00443922077033997	D:-0.108163173936782	D:-3.13648646580924	D:0.00182896620735568	D:0.0185207874220071	D:0.898977426623842	D:0.40775983963784	D:0.96415212136371	D:-0.0358930623693551	D:-0.0492820909054592	D:0.0609675029033038	D:14.4044364441773
S:BRWD1	D:-0.0567777420359832	D:-3.34244866007844	D:0.000905182720400374	D:0.00807679248371858	D:-0.0537583902077709	D:-3.13565601030153	D:0.00183403356011128	D:0.0185452508793679	D:0.537213312834091	D:0.584771645715764	D:0.982115268178959	D:-0.0183901612176563	D:-0.0152726317799108	D:0.0239050478162277	D:15.3527400515856
S:KL	D:-0.25427021841896	D:-3.6841710207565	D:0.000259601048572405	D:0.0034392298916294	D:-0.217087426658347	D:-3.13557962924091	D:0.00183450027889147	D:0.0185452508793679	D:0.405864374342646	D:0.666659142052462	D:0.985706471962942	D:0.0856973389737564	D:0.016888948024528	D:0.0873456952148079	D:5.25674725929861
S:FARSB	D:-0.0882798723099913	D:-3.40117145674118	D:0.00073555909266603	D:0.00701833995595062	D:-0.0831580082030133	D:-3.13414015453351	D:0.00184331655032632	D:0.0186055003666977	D:6.06294054226588	D:0.0025342210702654	D:0.589538261119717	D:-0.0164370910717317	D:-0.118423623412272	D:0.119558908262798	D:12.5268076580847
S:ITPKB	D:-0.0531418946304665	D:-3.19717658949146	D:0.00149327165415077	D:0.0114656272667034	D:-0.0522173897514875	D:-3.13358742130933	D:0.0018467122132078	D:0.0186143645475272	D:0.436587900368524	D:0.646527851099808	D:0.985445558529162	D:-0.00399128961524932	D:-0.0197571837230239	D:0.0201563067415169	D:12.7614011558312
S:CHST15	D:-0.0882218890758424	D:-3.09556573656377	D:0.00209654523557579	D:0.0145024359033458	D:-0.0920795691700833	D:-3.13309266206936	D:0.0018497566094794	D:0.0186143645475272	D:1.09379341222239	D:0.335886613019719	D:0.95707960515839	D:-0.0268034296881547	D:0.0512635482369472	D:0.0578478627166956	D:22.1597955248574
S:STAB2	D:-0.118133168907852	D:-3.04984954149534	D:0.00243524690704708	D:0.0160930537066645	D:-0.121857097832465	D:-3.1330259177583	D:0.00185016766051747	D:0.0186143645475272	D:0.245478977078439	D:0.782440830631328	D:0.989364001696824	D:-0.03458379459637	D:-0.0147525238687821	D:0.0375988804245937	D:16.4598798844457
S:CERCAM	D:-0.204288725203022	D:-3.14437953817581	D:0.00178317130250338	D:0.0129728035823599	D:-0.204203668564751	D:-3.13298573679553	D:0.0018504151593184	D:0.0186143645475272	D:0.0569036051579569	D:0.94469234033799	D:0.996760838460121	D:-0.0299583415008224	D:-0.006857684365786	D:0.0307332077782428	D:17.1404472586208
S:REG1A	D:-0.22766702654998	D:-3.0727479259738	D:0.00225977053971793	D:0.0152164631690655	D:-0.232401189196658	D:-3.1329837567907	D:0.00185042735615228	D:0.0186143645475272	D:0.297061020492517	D:0.743153169650611	D:0.988887668865741	D:0.080683333800487	D:-0.00491690602848737	D:0.0808330150251355	D:6.23248914765658
S:HPS4	D:-0.0629867533599016	D:-3.30700821337181	D:0.00102447540927038	D:0.00881906342403197	D:-0.0607079411006057	D:-3.13291307292807	D:0.00185086281745281	D:0.0186143645475272	D:1.56896179571889	D:0.209467858569416	D:0.927481751728524	D:0.00395909616978508	D:-0.0444210452552394	D:0.0445971266344552	D:11.6604586713054
S:TASP1	D:-0.0905445838245189	D:-4.46006072642965	D:0.000010544469090297	D:0.000373955481839373	D:-0.0688032668903577	D:-3.13250030226245	D:0.00185340765665849	D:0.0186303698656192	D:0.3306609643257	D:0.718633790586503	D:0.988438761294391	D:0.00641744655158488	D:-0.0225258246471709	D:0.0234221347506486	D:10.9398750583548
S:ACVR1	D:-0.0846134439874897	D:-3.48901393699199	D:0.000536301851143586	D:0.00568233068531491	D:-0.0763892770215349	D:-3.13218910855369	D:0.00185532837980333	D:0.0186400883649033	D:1.06166948196245	D:0.346795442817311	D:0.957570140629368	D:0.00828050355557512	D:-0.0456039983858765	D:0.0463496645933163	D:11.3139128778222
S:ICAM2	D:-0.0806696258503935	D:-4.5294568102562	D:0.00000772590833281763	D:0.000306231186068133	D:-0.0609834849561569	D:-3.13202509438331	D:0.00185634143234975	D:0.018640682389284	D:1.50054803734314	D:0.22418965981185	D:0.929224825495277	D:0.0138197113309815	D:-0.042134083028737	D:0.0443425909701289	D:10.7893892301953
S:FGF2	D:-0.151107117343049	D:-2.66433878109464	D:0.00801243823596575	D:0.0371991103751501	D:-0.178511665107154	D:-3.13131986383722	D:0.00186070318408187	D:0.0186748849101921	D:0.00848494575463683	D:0.991551118147613	D:0.998940164677581	D:0.00961634446189742	D:0.00363410725222221	D:0.0102801175251317	D:4.61986323479514
S:DPEP1	D:-0.184608736565878	D:-2.70557328459693	D:0.00709759216970945	D:0.0340771618153053	D:-0.216006648134462	D:-3.13010890788784	D:0.00186821482385869	D:0.0187310343114535	D:1.46390564030715	D:0.232497714385423	D:0.931078802181888	D:0.155357043182395	D:-0.0590379116278381	D:0.166196527869125	D:7.38716742287481
S:MIF	D:-0.0744847196367266	D:-4.06292264524536	D:0.0000578910213658012	D:0.00118828618540874	D:-0.0592296954380628	D:-3.12921558252187	D:0.00187377408748715	D:0.0187675138101417	D:3.05918726929658	D:0.0479629336656645	D:0.826061255087532	D:0.0658932472336329	D:0.00366904871315406	D:0.0659953176327849	D:5.78753093519166
S:IGSF22	D:-0.119272992007449	D:-3.83986907337533	D:0.00014216660059119	D:0.00225930356778263	D:-0.100704025339211	D:-3.12850875122759	D:0.00187818358004317	D:0.0188020416688646	D:0.162678788125626	D:0.849917146575285	D:0.990538766746216	D:-0.0153780102622864	D:0.0194941182944369	D:0.0248294955185257	D:21.4487814282094
S:CRYGN	D:-0.22081856778102	D:-3.26772856365096	D:0.00117366050475687	D:0.00971389238604581	D:-0.21214908273196	D:-3.12829312591631	D:0.00187953063871411	D:0.0188053713025326	D:1.2054962337548	D:0.300567769795572	D:0.953937760203878	D:0.0670366247670648	D:0.120353884385069	D:0.137764170039727	D:1.94117528486918
S:AURKB	D:-0.197200165157181	D:-3.47383983155185	D:0.000566651967829471	D:0.00588986494859345	D:-0.176420309169097	D:-3.12762894440092	D:0.00188368552503731	D:0.0188281835523039	D:2.18624402679025	D:0.113602586395227	D:0.880277680269808	D:0.00499538831070732	D:0.1526766160296	D:0.152758315605485	D:0.124931858239333
S:HHIPL2	D:-0.113266035432227	D:-3.00622411726285	D:0.00280463134086027	D:0.0178112775533801	D:-0.116590335952125	D:-3.12727536977088	D:0.00188590081534311	D:0.0188406890759815	D:3.89460443603854	D:0.0210834718916255	D:0.730351563745367	D:-0.0200285303367216	D:-0.133146923417037	D:0.134644885691479	D:12.5703025839697
S:SUPT3H	D:-0.142362474206902	D:-3.42654902750586	D:0.000671852203505108	D:0.00661800305413067	D:-0.131971938969778	D:-3.12626318728959	D:0.00189225583862876	D:0.0188647972557473	D:1.53418229246773	D:0.2168264226986	D:0.927783481998367	D:-0.00917964669340923	D:-0.0952564817986776	D:0.0956977702879101	D:12.3669642779999
S:LOC100129196	D:-0.114537577364411	D:-3.94504185898394	D:0.0000935608116241991	D:0.00168532340596347	D:-0.093674197473517	D:-3.12616272076883	D:0.00189288769685624	D:0.0188647972557473	D:0.759519551590622	D:0.46852662192175	D:0.967692421145506	D:-0.0311796093035022	D:-0.0376895948012802	D:0.0489149628703092	D:14.6400039030956
S:PLAA	D:-0.0605457789718773	D:-3.5212349128465	D:0.000476826373233062	D:0.00522583519873654	D:-0.0549928318328527	D:-3.12612246083846	D:0.00189314095586307	D:0.0188647972557473	D:2.95943392947006	D:0.0529202349668406	D:0.83656058396868	D:-0.0126026115414473	D:-0.0539691856961076	D:0.0554211044852551	D:12.8762593553266
S:SPRY2	D:-0.101375532602397	D:-3.29842239143994	D:0.00105549480502142	D:0.00901530010049275	D:-0.0955291319769524	D:-3.12402497325859	D:0.00190637868664726	D:0.0189682804341336	D:0.649331870647964	D:0.522913323259205	D:0.973741471852133	D:-0.0479513919613161	D:-0.00913779053263928	D:0.0488142930589614	D:17.2807245732803
S:ZNF497	D:-0.0911885265117499	D:-2.98638738995243	D:0.00298901281505744	D:0.0186042087710355	D:-0.0973270108181994	D:-3.1240156231042	D:0.00190643788816531	D:0.0189682804341336	D:1.52443457521321	D:0.218935036103324	D:0.927826835934733	D:0.00135615014453775	D:0.0704562368287507	D:0.0704692872908726	D:0.0735133272277075
S:KPNA4	D:-0.0364331252976887	D:-3.07127694021003	D:0.00227068388153506	D:0.0152479153708167	D:-0.0371631659844881	D:-3.12322399399169	D:0.0019114563227933	D:0.0189988647017823	D:0.589673709145438	D:0.554962237920283	D:0.977958477099463	D:-0.0172119413364654	D:0.0059450351788586	D:0.0182097327780446	D:19.2703335709398
S:ZNF440	D:-0.051351769530425	D:-3.08918630204696	D:0.00214105147919025	D:0.0146852534064081	D:-0.0520232762010706	D:-3.12285371897965	D:0.00191380781188551	D:0.0190123373591387	D:0.99868981690849	D:0.369226484048131	D:0.959270072771647	D:0.00943913604351826	D:-0.0294615424623042	D:0.0309367059252629	D:10.8156763196478
S:ZNF264	D:-0.0898228860446994	D:-3.98570801583591	D:0.0000793866094119583	D:0.00150080019677343	D:-0.0730801317742295	D:-3.12255125554705	D:0.00191573063098838	D:0.0190123373591387	D:1.73201961441846	D:0.178176037628111	D:0.914741780794853	D:-0.00230942974769651	D:-0.0563594961116826	D:0.0564067927445119	D:12.1564321917427
S:ZFYVE28	D:-0.0729560492081256	D:-3.37752429920622	D:0.000799949189170996	D:0.00744017472898164	D:-0.0678588985572407	D:-3.12238580117821	D:0.00191678320988237	D:0.0190131272610719	D:0.48105398855368	D:0.618468468049831	D:0.984208797062414	D:-0.0102725883715356	D:-0.0257442595248104	D:0.0277180982452224	D:13.4502137882937
S:BAZ1B	D:-0.0588407345172513	D:-2.99719448926769	D:0.00288722896717724	D:0.0181471023633357	D:-0.061225472437873	D:-3.12179616750589	D:0.0019205386458753	D:0.019040713180644	D:0.781323287544328	D:0.458457746256902	D:0.967692421145506	D:0.011797510045208	D:-0.0301276033891422	D:0.0323551190577355	D:10.5743631016335
S:NCBP1	D:-0.0817319229733501	D:-3.63458180591059	D:0.000313121865024655	D:0.00391139986803793	D:-0.0713634948418532	D:-3.12145279714488	D:0.00192272872896121	D:0.0190527596818616	D:0.69766238511775	D:0.498317910373424	D:0.971534152892322	D:0.0118859119076252	D:-0.0335137724931412	D:0.0355590754744531	D:10.6981710218371
S:LOC100288939	D:-0.0596920363198754	D:-3.65119184527111	D:0.000294135484101925	D:0.00375912458785854	D:-0.0518290805997299	D:-3.12126080934143	D:0.00192395426751205	D:0.0190552409231896	D:0.313962734241054	D:0.73071593031529	D:0.988887668865741	D:0.00571123027133833	D:-0.016351312476386	D:0.0173200338022958	D:10.7164384034452
S:PPP1R9A	D:-0.131877216686877	D:-3.42774290562848	D:0.000668985824292372	D:0.00660568569605722	D:-0.120635932056347	D:-3.12076318748567	D:0.00192713414789957	D:0.0190770660507121	D:0.713923656107402	D:0.490306609952714	D:0.970860127988368	D:-0.0649582735237019	D:0.00697732321734693	D:0.0653319243437647	D:18.4087180526166
S:THPO	D:-0.0895905173561129	D:-2.99998335386768	D:0.00286148328977522	D:0.0180549709284784	D:-0.0944909212340772	D:-3.11995858594731	D:0.00193228592339511	D:0.0191100409756623	D:0.0132679355525444	D:0.986820105178295	D:0.998940164677581	D:-0.00679126132831148	D:-0.00128361738248507	D:0.00691150519163785	D:17.2864520348017
S:SRPR	D:-0.0524854160160653	D:-2.80157501758627	D:0.00532164684232878	D:0.027976944026351	D:-0.058746608792476	D:-3.11993749874522	D:0.00193242111293735	D:0.0191100409756623	D:0.7258256528358	D:0.484525086559203	D:0.970580953256742	D:-0.0168507465301788	D:-0.0246393836332938	D:0.0298504084470039	D:14.2912014450556
S:KIAA1310	D:-0.0704390100806094	D:-3.82627636852984	D:0.00014996303405279	D:0.00234406471500706	D:-0.0590990687104556	D:-3.11843671928642	D:0.00194206498688145	D:0.0191569368544425	D:0.529799889597023	D:0.589111952149279	D:0.98356384787094	D:-0.0225854590023795	D:-0.0139890149522752	D:0.026566811959344	D:15.8817795275448
S:FANCD2	D:-0.0710257509962308	D:-2.87467099337594	D:0.00425105998326227	D:0.0237886492362337	D:-0.0765537531615312	D:-3.11722503547703	D:0.00194988349154932	D:0.0192180113870597	D:2.23881957177916	D:0.107842704147229	D:0.876389783521771	D:0.0375960159434881	D:-0.0586578718957298	D:0.0696721346749104	D:9.82284508738867
S:LOC100506262	D:-0.138470735584032	D:-3.29191546790869	D:0.00107958189689439	D:0.00914629988660256	D:-0.131486293238433	D:-3.11563277782882	D:0.00196020178040138	D:0.0192888904602433	D:1.56791678018031	D:0.20968526102781	D:0.927481751728524	D:-0.0486080370510514	D:-0.0849090181790091	D:0.0978380428773986	D:13.9859953219741
S:NVL	D:-0.0834633995375875	D:-4.31659426181718	D:0.0000198055454667639	D:0.0005776420357702	D:-0.064259771074651	D:-3.11560573089842	D:0.001960377486006	D:0.0192888904602433	D:0.899310053964063	D:0.407624802706798	D:0.96415212136371	D:-0.00658837897499835	D:-0.0351895666782883	D:0.0358010103282561	D:12.7069635155303
S:RAPGEF2	D:-0.0688599641941712	D:-2.64949618555837	D:0.00836683461108942	D:0.0383814243513577	D:-0.0843255970281979	D:-3.11518873176213	D:0.00196308828422055	D:0.0192961308661739	D:0.402004619448262	D:0.669232343241369	D:0.985706471962942	D:-0.0324678066076644	D:0.0108040436389541	D:0.0342182089663547	D:19.227031238966
S:PCP4L1	D:-0.104849459729336	D:-2.72060782013843	D:0.00678818850040979	D:0.0330710524773144	D:-0.11975433522423	D:-3.11466453016308	D:0.00196650087560118	D:0.019319585456061	D:0.514172604606689	D:0.598367517022483	D:0.984208797062414	D:-0.0316071396086865	D:-0.0406882028900083	D:0.0515222391658348	D:14.5227025440311
S:DENND1B	D:-0.058026155740082	D:-3.38028877615322	D:0.000792159405371748	D:0.00739942014357998	D:-0.0537384014532628	D:-3.11451861423617	D:0.00196745177102305	D:0.019319585456061	D:0.963143596190494	D:0.382524519112336	D:0.960227634080898	D:-0.0230707310094333	D:-0.0221913320426163	D:0.0320111519182812	D:15.0742041750147
S:DDX47	D:-0.0920801545402164	D:-4.03557405124129	D:0.0000647787821916632	D:0.00128818973455802	D:-0.0743272567717536	D:-3.11345428554095	D:0.00197440054239323	D:0.0193683539151135	D:2.73125562950291	D:0.0662835935970349	D:0.847670464859297	D:-0.00712326880491595	D:-0.0718560404714739	D:0.0722082509877174	D:12.3774251235305
S:STRAP	D:-0.0759919551274075	D:-3.75610482017792	D:0.000197060696950013	D:0.00281694446166803	D:-0.0646524343950094	D:-3.11084112099853	D:0.00199155733170797	D:0.0194975059212954	D:1.71770241291835	D:0.180724487089077	D:0.916853342361194	D:0.000070805890047555	D:-0.0499216117977015	D:0.0499216620111397	D:11.9945823384597
S:TWISTNB	D:-0.0925049688478414	D:-3.61170666609184	D:0.000341160353896521	D:0.00412793465974732	D:-0.0830255887282572	D:-3.10898910950461	D:0.00200379978689496	D:0.019584575962954	D:2.05522421449701	D:0.129337920616197	D:0.891358863279636	D:-0.00926499184211086	D:-0.0694457642938681	D:0.0700610751572788	D:12.5066098455466
S:FMR1	D:-0.0443470361755166	D:-2.97634025657536	D:0.00308657538129555	D:0.0190207409416261	D:-0.0463469161647693	D:-3.10894984534619	D:0.00200406008565455	D:0.019584575962954	D:0.497883321286846	D:0.608170724706971	D:0.984208797062414	D:-0.0177297642515704	D:-0.00995867105871494	D:0.0203351830498756	D:16.0451610468002
S:USP48	D:-0.0569616967387604	D:-3.33864692759341	D:0.000917331241588037	D:0.00815911233130261	D:-0.0532121100315441	D:-3.10888953756012	D:0.00200445995219835	D:0.019584575962954	D:0.738694217263631	D:0.478351078201635	D:0.970523676882302	D:0.0114116723932556	D:-0.0250930632578928	D:0.0275660677369043	D:10.3696796253666
S:MEX3B	D:-0.166326053766602	D:-2.95185576237379	D:0.00333665682838651	D:0.0200743876488611	D:-0.174723242460804	D:-3.10842504388499	D:0.0020075422082733	D:0.0195942291895502	D:1.64313194895616	D:0.194602258694629	D:0.921744746511297	D:-0.0138330692983137	D:-0.131138158372677	D:0.131865728631776	D:12.40143733273
S:KCMF1	D:-0.0531421477471604	D:-3.01665660895939	D:0.00271190082387452	D:0.0174205305717725	D:-0.0545786484450265	D:-3.10837348177458	D:0.00200788462971284	D:0.0195942291895502	D:1.32289432266149	D:0.267460267644754	D:0.939907763028795	D:-0.0382799076632276	D:-0.0108411522227117	D:0.0397854484984301	D:16.9458324514299
S:FNDC3A	D:-0.0775609848634482	D:-3.63956580301931	D:0.000307307197861284	D:0.00386925899059752	D:-0.0678467804196945	D:-3.1082874441188	D:0.00200845612131769	D:0.0195942291895502	D:0.33388911162846	D:0.716321293575702	D:0.988143133268022	D:-0.0232897785252418	D:-0.00830720065752275	D:0.0247269764936832	D:16.6912838220258
S:CEP128	D:-0.0768663408837845	D:-3.58311828858179	D:0.000379518531829314	D:0.00443816375252939	D:-0.0677289993189837	D:-3.10797793619675	D:0.00201051321802267	D:0.0196045103759386	D:2.86629904382487	D:0.0580124962445388	D:0.83656058396868	D:0.0104207617665634	D:-0.067163920506271	D:0.067967525286479	D:11.4120427762431
S:CDCA5	D:-0.103332836220779	D:-3.40724599632639	D:0.000719816579194772	D:0.00691880756224546	D:-0.0947882615757374	D:-3.10690220416668	D:0.00201767800630058	D:0.0196632562480859	D:0.0831852583492591	D:0.920195672889907	D:0.993894740434538	D:0.0149584923965412	D:-0.00879330578744083	D:0.0173516201390193	D:8.02993441768015
S:SPRYD7	D:-0.0883259989357408	D:-3.108722905968	D:0.00200743129264315	D:0.0140599336521649	D:-0.088089296855814	D:-3.1055439104253	D:0.00202675835223663	D:0.0197059184087769	D:1.17802692797356	D:0.308891169845719	D:0.956911684216668	D:-0.038674814063778	D:-0.0430254696665798	D:0.0578526774047457	D:14.7967865230499
S:ATP5F1	D:-0.0927505830952302	D:-3.34384493584499	D:0.000900758587306238	D:0.00805202358396669	D:-0.0871451650234213	D:-3.10552184725786	D:0.00202690615708308	D:0.0197059184087769	D:2.29787854259174	D:0.101721626482938	D:0.870946539528028	D:-0.0243129277703891	D:-0.0741697932817696	D:0.0780530376873866	D:13.2099461515384
S:HNRNPA2B1	D:-0.0727055594437705	D:-3.48893667871334	D:0.000536452452529059	D:0.00568233068531491	D:-0.0653850054871187	D:-3.10543676199146	D:0.00202747625045678	D:0.0197059184087769	D:0.374818592556696	D:0.687641490462407	D:0.986460847631032	D:0.0176752174476482	D:-0.0175635670999846	D:0.0249177085844046	D:8.98789766753056
S:RBAK	D:-0.134230292628342	D:-3.31475786763099	D:0.000997206152500392	D:0.00863376403456365	D:-0.12838242945407	D:-3.10536278214156	D:0.00202797205465689	D:0.0197059184087769	D:3.59843325356669	D:0.0282055257698365	D:0.760239372616719	D:-0.0906844938137612	D:-0.115220994254171	D:0.14662726531985	D:14.5469637573681
S:NDUFC1	D:-0.0818684054941411	D:-4.84021779007908	D:0.00000182824836522669	D:0.000122769076649123	D:-0.058318879096909	D:-3.10486370680019	D:0.00203131971674547	D:0.0197155243514633	D:1.61828662374424	D:0.19945995000743	D:0.924348076816146	D:-0.0262370127322902	D:-0.0360096116246663	D:0.0445541576788706	D:14.4051671166561
S:GFPT1	D:-0.0545396030443817	D:-3.9324422410736	D:0.0000984183929003242	D:0.00174353645079712	D:-0.0436160303686094	D:-3.10461403676847	D:0.00203299634451658	D:0.0197155243514633	D:1.67604029650092	D:0.188350581708196	D:0.921744746511297	D:0.0345723114293779	D:-0.0109936061009855	D:0.0362781489697796	D:7.1760052420824
S:SLC25A13	D:-0.046712571018369	D:-3.4723321809656	D:0.000569753565571374	D:0.00591266830846002	D:-0.0425543844763447	D:-3.10381236867533	D:0.00203838846447624	D:0.019758010408894	D:0.959798815751076	D:0.38380032645967	D:0.960227634080898	D:-0.0136358362908494	D:-0.0209035278088871	D:0.0249578345656782	D:14.2078202956372
S:DTWD2	D:-0.130636238409324	D:-3.09555987813091	D:0.00209658571347176	D:0.0145024359033458	D:-0.132421085863786	D:-3.10260047251201	D:0.0020465648344018	D:0.0198274285716637	D:0.768637075197854	D:0.464289435199276	D:0.967692421145506	D:-0.059446102620562	D:-0.040274571166573	D:0.0718044580748698	D:15.7254978588708
S:ZNF529	D:-0.0963882711963187	D:-3.38516515264784	D:0.00077859066904528	D:0.00732167481415487	D:-0.0887770272453722	D:-3.10222239316252	D:0.00204912181739143	D:0.0198423634458107	D:2.11717583481815	D:0.12164178658185	D:0.888724539846668	D:-0.0423666991648093	D:-0.0647481264268865	D:0.0773773679696688	D:14.2131975366187
S:USP53	D:-0.121564570762051	D:-3.35680941013472	D:0.000860630093141483	D:0.00782576670548056	D:-0.113801005412889	D:-3.10066424801817	D:0.0020596907565561	D:0.0199348276740281	D:1.143711579951	D:0.31961511159955	D:0.956911684216668	D:-0.0100857935249618	D:-0.0711182820530025	D:0.0718298912236304	D:12.5381133039732
S:TRMT1L	D:-0.0690389435512659	D:-3.17333613716363	D:0.00161831081541378	D:0.0121370784542371	D:-0.0678350542830272	D:-3.10015295169231	D:0.00206316981418139	D:0.0199586145242172	D:5.53281931256998	D:0.00424565793624197	D:0.626412597800824	D:-0.0340461741904465	D:-0.0882634072729374	D:0.0946021724932078	D:13.4062206527325
S:DTHD1	D:-0.175147549886444	D:-2.84509097152494	D:0.00465816285099922	D:0.0254972437734946	D:-0.19189021903039	D:-3.09972525006578	D:0.00206608421591029	D:0.0199709700062549	D:1.42764861856266	D:0.241022875442443	D:0.933266293860831	D:-0.0849957481674425	D:-0.109031740764805	D:0.138246872300053	D:14.5292143307938
S:METTL10	D:-0.0844412610048535	D:-3.84518067916912	D:0.000139225396986193	D:0.00223000285451409	D:-0.0717490455351986	D:-3.09966559142437	D:0.00206649103692991	D:0.0199709700062549	D:0.89013085925237	D:0.411367827186936	D:0.96415212136371	D:-0.0124216791059862	D:-0.0380966563086623	D:0.0400706043592111	D:13.2039278198779
S:SLC22A5	D:-0.104839855785452	D:-3.53371616403173	D:0.000455493212584409	D:0.00506014375617506	D:-0.0927663523855847	D:-3.09909775287945	D:0.00207036690423318	D:0.0199985366661497	D:0.155085686928623	D:0.856390347306948	D:0.991098228766629	D:-0.0189448383346833	D:-0.012416614551932	D:0.0226512519843504	D:15.7839208024229
S:PPP2CB	D:-0.0682374616261845	D:-3.48425496551004	D:0.00054565278820572	D:0.00575113329791152	D:-0.0610855043233521	D:-3.09798293548562	D:0.00207799573094954	D:0.020033241274607	D:1.73578992249656	D:0.177510952813864	D:0.914741780794853	D:-0.0311885803475517	D:-0.0373715086795896	D:0.0486760434411459	D:14.6564570954042
S:KLF12	D:-0.0889178936663474	D:-3.01983409469027	D:0.00268422101265506	D:0.0172953027642021	D:-0.0921111002238302	D:-3.09792011937175	D:0.00207842635815675	D:0.020033241274607	D:3.52927017482334	D:0.0301908114795109	D:0.768175321772294	D:-0.000797162850227842	D:-0.102351450089591	D:0.102354554388419	D:12.0297492241089
S:RPL19	D:-0.117056386913553	D:-4.18832809327231	D:0.0000342963772028439	D:0.000826369305697623	D:-0.0903749413621281	D:-3.0978239662644	D:0.00207908568163876	D:0.020033241274607	D:0.406772512891346	D:0.66605515498974	D:0.985706471962942	D:-0.00776860823060571	D:-0.033178102137444	D:0.0340754711674439	D:12.8785544777079
S:RPS4X	D:-0.0837284282972425	D:-3.68652275120024	D:0.000257290146611241	D:0.00341556165416457	D:-0.0716965524381227	D:-3.09745341700204	D:0.00208162834523334	D:0.0200478558374592	D:1.16644494283543	D:0.3124696405869	D:0.956911684216668	D:0.0354740381931323	D:-0.033017554959312	D:0.0484620090505852	D:8.86306268837282
S:MON2	D:-0.0563354364492379	D:-3.18484861821122	D:0.00155676930331286	D:0.0118150536614121	D:-0.0549203141784741	D:-3.09697732481553	D:0.00208489943289167	D:0.0200694678907075	D:0.27776657728286	D:0.757611329662452	D:0.989044741352382	D:-0.0170101229746994	D:-0.00668741213409381	D:0.018277466035138	D:16.5692048337066
S:OR51B5	D:-0.187873438172423	D:-3.5483997159972	D:0.000431540813128345	D:0.00485756856528858	D:-0.164848842087219	D:-3.09616426860204	D:0.00209049664184597	D:0.0201099302233454	D:0.264345358939918	D:0.767834778707061	D:0.989044741352382	D:0.0271395141039032	D:0.0429627837199336	D:0.0508168673843809	D:2.15203528758428
S:NARG2	D:-0.0789226076899524	D:-3.21591388396579	D:0.00140133422271649	D:0.0109709423261631	D:-0.0771041385100928	D:-3.09487041358145	D:0.00209943227106151	D:0.0201696194733594	D:1.39304504074786	D:0.249452062291596	D:0.935158383610406	D:0.0348763579967864	D:-0.0441207067023656	D:0.0562405290429968	D:9.44496514439505
S:CXCR4	D:-0.0744252549489114	D:-2.83729542336525	D:0.00477119390263101	D:0.0259199054910516	D:-0.0807837849898855	D:-3.09448275191218	D:0.00210211637871093	D:0.0201854821407324	D:2.0951667643599	D:0.124321771138463	D:0.888724539846668	D:-0.0752582528323675	D:0.0069219433075322	D:0.0755759083209275	D:18.3503362677681
S:C5ORF24	D:-0.0837697240225548	D:-4.79311057488591	D:0.0000022861994646117	D:0.000141824202342785	D:-0.0626458898686945	D:-3.09411874452787	D:0.00210463958269164	D:0.0201995406846944	D:3.06138884159269	D:0.0478589551460179	D:0.826061255087532	D:0.0217151741659445	D:-0.0622647561481205	D:0.0659427679677023	D:10.7182335385916
S:HS3ST3B1	D:-0.13572191267103	D:-3.47638618015989	D:0.000561449326893646	D:0.00586242837655049	D:-0.121242535500604	D:-3.09376086363984	D:0.00210712303660362	D:0.020200516413074	D:0.305081432221075	D:0.737224998395498	D:0.988887668865741	D:0.0425658668312906	D:0.00603386319730713	D:0.042991400584105	D:5.46212487814373
S:TSPYL4	D:-0.088794973767933	D:-3.68185461028757	D:0.000261896326151071	D:0.00346025429974177	D:-0.0758653860048859	D:-3.09256400832592	D:0.00211544801675641	D:0.0202537823103563	D:1.75244856784905	D:0.174602085743765	D:0.911587746465428	D:-0.0217668806259378	D:-0.055592189388287	D:0.0597016634036859	D:13.4255074432417
S:CCNB1	D:-0.133799580017573	D:-3.66017986333494	D:0.000284318249819747	D:0.00366985153663364	D:-0.114560867634805	D:-3.09095514862555	D:0.00212668647618823	D:0.0203314972755354	D:0.211392542439282	D:0.809541511141078	D:0.990538766746216	D:0.0314793326827676	D:-0.0125653011562531	D:0.0338944712202402	D:7.45066161728089
S:TMEM87A	D:-0.06062823950452	D:-3.84115743997054	D:0.000141447843925712	D:0.00225084064996119	D:-0.0495942752181676	D:-3.08967967026034	D:0.00213563516411591	D:0.0203970902942273	D:0.00241776693934612	D:0.997585167257336	D:0.999316769699436	D:0.000980166421706345	D:-0.00115430037415742	D:0.00151431026147899	D:9.31093148177829
S:ARHGEF3	D:-0.0769044677113739	D:-4.07967673457093	D:0.0000540216101621035	D:0.00112781654292485	D:-0.0619788782016031	D:-3.08915294975703	D:0.00213934070533471	D:0.0204224996203936	D:1.1326650244213	D:0.323146268874092	D:0.956911684216668	D:-0.0182830362200735	D:-0.0349575977831238	D:0.0394500070493173	D:13.8406560510567
S:ASXL2	D:-0.0815444021602879	D:-3.61376762425656	D:0.000338540689222651	D:0.00410875190491982	D:-0.0703254724196873	D:-3.085960194825	D:0.00216192902097356	D:0.0205723655464956	D:0.37920695785134	D:0.684635812998968	D:0.986460847631032	D:-0.0042946923794859	D:-0.0253218637896201	D:0.0256834804575721	D:12.6417332418046
S:POLR3B	D:-0.0681717669298988	D:-3.64443341015584	D:0.000301726383144365	D:0.0038138017465129	D:-0.0592517893950296	D:-3.08589265274207	D:0.00216240923353472	D:0.0205723655464956	D:1.12779452664443	D:0.324715604787809	D:0.956911684216668	D:-0.00186648097131739	D:-0.0372907003419374	D:0.0373373818472649	D:12.1910258432557
S:SCN3A	D:-0.144114625801284	D:-3.06560105728025	D:0.00231324940166015	D:0.0154752504477375	D:-0.146115343012244	D:-3.08510909287999	D:0.00216798738642143	D:0.0206153973323899	D:0.845690693581342	D:0.429983466571759	D:0.966078042387016	D:0.045704516961989	D:-0.0689150939779663	D:0.0826933676223231	D:9.76317647118419
S:CDHR3	D:-0.136832222638093	D:-3.48890825928824	D:0.00053650786113331	D:0.00568233068531491	D:-0.123494288764026	D:-3.08369411523545	D:0.00217809414425744	D:0.0207014288292484	D:1.24978710847653	D:0.287619193017593	D:0.948286990928089	D:0.0117115069856695	D:-0.0816001915449355	D:0.082436343053568	D:11.4555007662894
S:MCF2	D:-0.219918849636362	D:-3.13277674850451	D:0.00185347455024521	D:0.0133024365297	D:-0.215173114108353	D:-3.08333054148092	D:0.00218069803162719	D:0.0207161012328765	D:0.302610048223242	D:0.739046603891386	D:0.988887668865741	D:-0.0333840796589102	D:0.0640657569048411	D:0.0722420790292102	D:22.165092827813
S:LOC100506686	D:-0.0908884100206851	D:-3.1541739838934	D:0.00172574874796329	D:0.0126682405274045	D:-0.0888821633034673	D:-3.08203131033683	D:0.00219002644338533	D:0.0207583015425984	D:0.928677809378534	D:0.395877751140081	D:0.960380452490487	D:0.0223748964331013	D:-0.0471002976877799	D:0.0521447411794276	D:10.3060029171983
S:SIRT4	D:-0.123341413252297	D:-4.02837564205258	D:0.0000667171700413137	D:0.00131556026213653	D:-0.0972044413603663	D:-3.0819896359536	D:0.00219032626995528	D:0.0207583015425984	D:0.340441972539629	D:0.711650089855784	D:0.987553110889477	D:0.0366091959577176	D:0.0022348948651927	D:0.0366773497369839	D:5.76710527984812
S:SMC2	D:-0.126436260802033	D:-3.54762043533128	D:0.000432781764266606	D:0.00486836709395618	D:-0.112471399926293	D:-3.08196164121675	D:0.00219052769943752	D:0.0207583015425984	D:0.636378663429563	D:0.52971004447454	D:0.975430279911244	D:-0.0369938474596965	D:-0.0403590793636277	D:0.0547485162990824	D:14.8339282158321
S:ACBD6	D:-0.0630760043522053	D:-4.46683812591126	D:0.0000102307857455796	D:0.000366825292209855	D:-0.0471209793592876	D:-3.08191485006098	D:0.0021908644121306	D:0.0207583015425984	D:0.238217152993718	D:0.788136937788094	D:0.989364001696824	D:0.0059550102049316	D:-0.0126673339710305	D:0.0139972674645612	D:10.3214283496785
S:SLCO2A1	D:-0.25321809357293	D:-3.12689152860431	D:0.00189010285493998	D:0.0134405021427883	D:-0.25029671928745	D:-3.08186827764463	D:0.00219119959803266	D:0.0207583015425984	D:1.70065683572965	D:0.183806387776299	D:0.921744746511297	D:-0.20722806603863	D:-0.0345490735491401	D:0.210088338175194	D:17.3689801226132
S:WAPAL	D:-0.0512744383061797	D:-2.95588600552482	D:0.00329425878090242	D:0.0199051053919648	D:-0.0533493383423786	D:-3.0814355095273	D:0.0021943165258485	D:0.0207583015425984	D:0.41138489418101	D:0.662996017526119	D:0.985706471962942	D:-0.000898140020977015	D:-0.0203151663609134	D:0.0203350101983959	D:12.1687610924528
S:ZNF461	D:-0.1763010983248	D:-3.13849768586398	D:0.00181849707553999	D:0.0131417349678724	D:-0.172729362873168	D:-3.08138217551027	D:0.00219470093582766	D:0.0207583015425984	D:3.45632507597945	D:0.03243702403354	D:0.777497218447519	D:-0.154179997094887	D:-0.124966161640889	D:0.198464135448791	D:15.398299931954
S:C2ORF69	D:-0.0920785905530212	D:-3.34529984449365	D:0.000896170078389886	D:0.00802201534668656	D:-0.0855519200489447	D:-3.08107090952603	D:0.00219694565082624	D:0.0207694799045939	D:0.684924038810292	D:0.504685364593886	D:0.971534152892322	D:-0.00599528118566846	D:-0.041624327183477	D:0.0420538703328526	D:12.5464081134797
S:PDSS2	D:-0.0622000986998499	D:-3.27807605006083	D:0.00113251834414493	D:0.00945230850837132	D:-0.0584844051712202	D:-3.08079957916057	D:0.00219890409001519	D:0.0207779423708834	D:1.10971187310532	D:0.330609352413001	D:0.95707960515839	D:-0.00696957897826851	D:-0.0359362112960696	D:0.0366058234909431	D:12.7317238605026
S:LOC100507663	D:-0.232256040869449	D:-3.48737584630596	D:0.000539503502802542	D:0.00570169710560545	D:-0.20702249678521	D:-3.08021571500024	D:0.00220312381787232	D:0.0207977017029194	D:0.0513651362033203	D:0.949937662365502	D:0.996760838460121	D:0.00200895902293865	D:0.0278120980236663	D:0.0278845604741023	D:0.275432428347339
S:GPHN	D:-0.0844081443688987	D:-3.20175702961616	D:0.0014702957296933	D:0.0113447774569299	D:-0.0812521852463095	D:-3.07993926433749	D:0.00220512439085506	D:0.0207980861581469	D:0.0175616597274106	D:0.982592362093302	D:0.998636753195264	D:0.00395391870561372	D:-0.00536734810860959	D:0.00666647574431926	D:9.57482369498508
S:BMP10	D:-0.149652925918426	D:-3.0999603184421	D:0.0020663834274762	D:0.0143544964650951	D:-0.14999304427665	D:-3.0798323963361	D:0.00220589820344337	D:0.0207980861581469	D:0.209233977696359	D:0.811289110819925	D:0.990538766746216	D:-0.0246277518465729	D:-0.0334679445135415	D:0.0415527312096072	D:14.4231932335549
S:E2F8	D:-0.198033235972172	D:-2.93274933210187	D:0.00354452370088283	D:0.0208813800539498	D:-0.208202327642142	D:-3.07969999555951	D:0.0022068572407941	D:0.0207980861581469	D:1.12867676324765	D:0.324430770193744	D:0.956911684216668	D:-0.023895984223326	D:-0.129271227060884	D:0.131461280260874	D:12.6981995185665
S:HPS3	D:-0.0770281238496098	D:-3.35658278099066	D:0.000861317050294165	D:0.00782605537023151	D:-0.0711165186636291	D:-3.07907504570387	D:0.0022113892080349	D:0.0208135122169341	D:0.374495759099256	D:0.687863128257196	D:0.986460847631032	D:0.0113964393163267	D:-0.0239480375819583	D:0.026521450433896	D:10.3034043624484
S:C14ORF55	D:-0.177368864224019	D:-3.01507085155707	D:0.00272581240840205	D:0.0174920072210167	D:-0.182902397663062	D:-3.07895585967449	D:0.00221225448413961	D:0.0208135122169341	D:0.199861740536912	D:0.818921050040826	D:0.990538766746216	D:0.0154761847971406	D:-0.046891175682937	D:0.0493790912512908	D:10.78231997446
S:AKAP13	D:-0.0866556353443846	D:-3.24952781207164	D:0.0012494078349687	D:0.0101812670988838	D:-0.0821588465693046	D:-3.07863013651888	D:0.00221462078326398	D:0.0208257481837159	D:0.383973936442409	D:0.681385770795424	D:0.986460847631032	D:-0.00790414221515205	D:-0.0292543089114353	D:0.0303033010420157	D:13.0079717350569
S:VPS35	D:-0.0745721569787379	D:-3.62095991456563	D:0.000329545854993798	D:0.00403993447455069	D:-0.0640229357865035	D:-3.07786918968875	D:0.00222015795019934	D:0.0208577435119449	D:1.29722072832826	D:0.274372577221364	D:0.944820426470376	D:-0.0343315165362306	D:-0.0291356953455681	D:0.0450282330426948	D:15.3120101562142
S:RBBP6	D:-0.0523340623941396	D:-3.66293562189876	D:0.000281370512198351	D:0.00364364557910403	D:-0.045145130165296	D:-3.07755653159125	D:0.00222243675149926	D:0.0208691189625407	D:1.01109313011476	D:0.364696474510297	D:0.959270072771647	D:0.00939688280841597	D:-0.025825904715651	D:0.0274823354338198	D:10.6670555831231
S:OR10H4	D:-0.223839773215756	D:-3.2865387032074	D:0.0010998693729062	D:0.009278020595497	D:-0.208368135257616	D:-3.07739923753524	D:0.00222358399869716	D:0.0208698630732667	D:0.240309543201278	D:0.786491426883011	D:0.989364001696824	D:0.0476570832936479	D:0.0412520045889122	D:0.0630311468296534	D:3.27470088752575
S:MLH1	D:-0.0857693374401203	D:-3.51948511174862	D:0.00047989085154964	D:0.0052447131600288	D:-0.0765926057960215	D:-3.07724734665999	D:0.00222469235387424	D:0.0208702416164458	D:1.77526713091989	D:0.170695163728536	D:0.91041816731136	D:0.00382976858584684	D:-0.0607603631412053	D:0.0608809400097623	D:11.7595585153572
S:ERCC4	D:-0.0905463751950922	D:-3.33400087378067	D:0.000932383672105554	D:0.00826665577886326	D:-0.0858093055377709	D:-3.07632816163074	D:0.00223141053979171	D:0.0209232213810316	D:3.58318456301919	D:0.028631646894551	D:0.761041425368193	D:-0.000654056087613332	D:-0.0967516913821651	D:0.0967539021160152	D:12.0258214831568
S:NMU	D:-0.157129948359351	D:-3.14333276745304	D:0.00178941142139264	D:0.0129940128522608	D:-0.154551362583141	D:-3.07512236196146	D:0.00224025183931509	D:0.0209859833135456	D:0.548166607316481	D:0.57841759613118	D:0.982115268178959	D:0.0401039608164953	D:-0.0582908883762058	D:0.0707541895639988	D:9.69814280105134
S:ANK3	D:-0.114369114375818	D:-3.78439664431107	D:0.000176601757796104	D:0.00263634449892563	D:-0.097233867743188	D:-3.0743932488964	D:0.00224561354012473	D:0.0210261304204971	D:3.9899635173021	D:0.0191992475703213	D:0.729363963862676	D:-0.00217454083660875	D:-0.11571640834851	D:0.115736838512762	D:12.0717716419054
S:MED31	D:-0.0607946851056659	D:-3.54977435516024	D:0.000429359918346472	D:0.00484659795611913	D:-0.0526785271644971	D:-3.07282298072124	D:0.00225720096252891	D:0.0211245038356214	D:1.05251237735624	D:0.349969769867038	D:0.959270072771647	D:0.00434348603556841	D:0.03189135047223	D:0.0321857748995388	D:0.517050458097795
S:CDH16	D:-0.212671803621455	D:-3.25791057256923	D:0.00121397483255281	D:0.00996315926203883	D:-0.200606013298668	D:-3.07265658540286	D:0.00225843205338856	D:0.0211259074941436	D:0.0269362926420279	D:0.973424919260236	D:0.997334804625752	D:0.00135257459223403	D:-0.0196280287121294	D:0.0196745767210309	D:11.7371972602497
S:LOC100505579	D:-0.0982300915671851	D:-2.98317331645477	D:0.00301991150264614	D:0.0187264367799817	D:-0.101166878066598	D:-3.07194078292691	D:0.00226373502623603	D:0.0211653809319035	D:1.60516725873191	D:0.202073976314826	D:0.926496379908028	D:0.0273396704107326	D:-0.0728319536800151	D:0.0777942867761853	D:10.6283240674961
S:HSPA8	D:-0.0698990978284057	D:-3.37813656124655	D:0.000798217822549922	D:0.00743032651801194	D:-0.0644287981719417	D:-3.07133993657259	D:0.00226819519012067	D:0.0211868079398414	D:2.28436718241181	D:0.103090458735083	D:0.870946539528028	D:-0.00688536140040817	D:-0.0576127598652215	D:0.058022739515658	D:12.4543436471938
S:PTTG1	D:-0.0874790294750455	D:-3.65026890333488	D:0.000295161419097813	D:0.00376484940639057	D:-0.0754037778338192	D:-3.07052557541068	D:0.00227425319968473	D:0.021223104954651	D:0.796984737001974	D:0.451359779792768	D:0.967692421145506	D:0.0144541711467579	D:-0.0382420267177374	D:0.0408824616555793	D:10.6196754462428
S:NCAPD3	D:-0.0876859328059472	D:-3.06548021277349	D:0.00231416358082988	D:0.0154760679442152	D:-0.0879240376896569	D:-3.06960842192619	D:0.00228109368616639	D:0.0212767788646193	D:1.4065346515204	D:0.246131421925043	D:0.933288553535957	D:-0.0166022889079641	D:-0.0600039751363376	D:0.0622584374132994	D:13.0310698084934
S:HNRNPUL2	D:-0.0510333737513604	D:-3.12956190508528	D:0.00187340110896019	D:0.0133655097006905	D:-0.0499970334215542	D:-3.06912808583888	D:0.00228468376125574	D:0.0213000979860203	D:2.12832914826386	D:0.120305916021915	D:0.888724539846668	D:0.0381668881610061	D:-0.0267299460499296	D:0.0465961518553506	D:8.3336827314018
S:LOC100130357	D:-0.0963442530356309	D:-3.23359815980137	D:0.00131939540144577	D:0.0105578646763521	D:-0.09130683479553	D:-3.06874333745596	D:0.00228756315097983	D:0.0213167723096314	D:0.586825728809814	D:0.556540626692467	D:0.977958477099463	D:-0.014914905557987	D:0.0397922611415623	D:0.0424956286523916	D:22.6302023090927
S:PREPL	D:-0.0690798228487209	D:-3.75233064708371	D:0.000199953147649372	D:0.00284372959113274	D:-0.0589661306233679	D:-3.068465061659	D:0.00228964779697074	D:0.0213207670786135	D:2.08470107460199	D:0.125616883184778	D:0.888724539846668	D:-0.0349557683419893	D:-0.0386993032483402	D:0.0521492263824289	D:14.8060288835541
S:MYST4	D:-0.0749045838468743	D:-4.23320348447308	D:0.0000283464085594635	D:0.000728838381132206	D:-0.0591992700071764	D:-3.06839485678511	D:0.00229017399815821	D:0.0213207670786135	D:2.92344924358651	D:0.0548322244134386	D:0.83656058396868	D:0.00950481990935966	D:-0.0600318149873316	D:0.0607796052322041	D:11.4002039370331
S:JARID2	D:-0.0671376123328206	D:-2.91205578389899	D:0.00378294201041513	D:0.0218682758311643	D:-0.070426784671682	D:-3.06809529536827	D:0.00229242052718372	D:0.0213282562592445	D:0.0963122538094466	D:0.908200250359387	D:0.993489636971651	D:0.0125669199603478	D:-0.00639762812905747	D:0.014101670928209	D:7.79866356276541
S:SQRDL	D:-0.078494835600336	D:-3.02424703914072	D:0.00264620854689405	D:0.017133718096374	D:-0.0792662936771535	D:-3.06796725541352	D:0.00229338136704911	D:0.0213282562592445	D:0.0477542575386623	D:0.953373167804902	D:0.996760838460121	D:-0.00775428621091556	D:0.00768235846330661	D:0.010915474620901	D:20.9822019761853
S:MYBPH	D:-0.115964062224704	D:-2.75538261883245	D:0.00611864447618655	D:0.0306890225126184	D:-0.131561902395957	D:-3.06785116759607	D:0.00229425283541947	D:0.0213282562592445	D:1.72335626927653	D:0.179713758860518	D:0.91643699423105	D:0.0596551401390307	D:0.0861611436226219	D:0.104797320649745	D:2.31316359944694
S:ARL10	D:-0.0986272465480944	D:-3.54260282636233	D:0.000440852381724762	D:0.00494186421759673	D:-0.0861941237865718	D:-3.067597365845	D:0.00229615917924152	D:0.0213358281129618	D:0.787848188439547	D:0.455487050470224	D:0.967692421145506	D:-0.00140923944878642	D:-0.0456593208330485	D:0.0456810631964633	D:12.1178552332939
S:TOPORS	D:-0.0702247549375126	D:-2.68940570441727	D:0.00744444184864585	D:0.0351466146809347	D:-0.0803037108139079	D:-3.06738765082443	D:0.00229773547940169	D:0.0213403274729033	D:0.269638922741851	D:0.763786020536618	D:0.989044741352382	D:0.00339278044312555	D:-0.0247931836062338	D:0.0250242464915065	D:11.480523742067
S:MBD1	D:-0.046481600758878	D:-3.0892072186521	D:0.00214090414414412	D:0.0146852534064081	D:-0.0462493313020018	D:-3.06548342483614	D:0.00231209397500666	D:0.021443107909637	D:0.186194021840536	D:0.830180351056808	D:0.990538766746216	D:-0.00456295979113502	D:-0.0110731568423531	D:0.0119764520836041	D:13.4930189682988
S:C20ORF12	D:-0.0982747456314199	D:-3.86437808799372	D:0.000129067752579628	D:0.00211942264971303	D:-0.0812211513475017	D:-3.06353654456954	D:0.00232685931924887	D:0.0215595817721395	D:1.99828746732553	D:0.136841885322833	D:0.892651935358644	D:-0.0419692772762371	D:-0.0559624749321261	D:0.069951546341868	D:14.4578805182974
S:C1ORF174	D:-0.0559953513481889	D:-3.93050729330301	D:0.0000991852219206401	D:0.00174940335719882	D:-0.0448014648301726	D:-3.06290990371814	D:0.00233163023333593	D:0.0215935480519514	D:0.261461657334009	D:0.770049430555515	D:0.989255413159452	D:-0.0122239344484582	D:0.00814659588977887	D:0.0146898467654216	D:20.2454217014266
S:SUPT16H	D:-0.0641153358467797	D:-3.3788495132442	D:0.000796206121371096	D:0.00742928961954931	D:-0.0600530732349128	D:-3.06264686698927	D:0.00233363553419747	D:0.0216018815602809	D:2.21168685099997	D:0.110777604140863	D:0.879246613532333	D:-0.0179021377136816	D:-0.0504667954003676	D:0.0535479595568513	D:13.3020783001075
S:PYHIN1	D:-0.103330690891085	D:-3.84568231107898	D:0.000138950620246584	D:0.00222742745712756	D:-0.0849531862196299	D:-3.06197259456946	D:0.00233878319448809	D:0.021629040418122	D:1.87619771953227	D:0.154440734563466	D:0.899291492373873	D:0.0331939002323085	D:-0.0633594767591231	D:0.0715280246324635	D:10.1566699318724
S:TMEM204	D:-0.116797718209264	D:-4.20603717405808	D:0.0000318185253156417	D:0.000780132751810483	D:-0.0904929520564597	D:-3.06176997242714	D:0.00234033212924522	D:0.0216331268389692	D:2.56257377855458	D:0.0782997438136511	D:0.854945016947767	D:0.0114061832506559	D:-0.0863256815111266	D:0.087075968583232	D:11.4982085236432
S:TOMM70A	D:-0.0938494085753424	D:-3.03524799952662	D:0.00255358782560284	D:0.0166498697698049	D:-0.0946811163673445	D:-3.06140662759659	D:0.00234311206162386	D:0.0216438494801232	D:0.433787729592627	D:0.648337057756489	D:0.985706471962942	D:-0.0269780496295923	D:-0.0273575273935075	D:0.0384219919694862	D:14.9733236527631
S:XPO4	D:-0.065574020736721	D:-3.50314957208143	D:0.000509402643781034	D:0.00547109629199309	D:-0.0594727313594647	D:-3.05935278890547	D:0.0023588830100203	D:0.0217428928767957	D:1.07171925490859	D:0.34334495461527	D:0.95707960515839	D:-0.00671436127417587	D:-0.0362183791602117	D:0.0368354942455373	D:12.7001714433109
S:COQ3	D:-0.108142701098496	D:-3.33001193355925	D:0.000945490068629552	D:0.00834764663357654	D:-0.100533989023145	D:-3.05900728657174	D:0.00236154560607322	D:0.0217571724131432	D:0.371791140404568	D:0.689722776488771	D:0.986509726209427	D:-0.0353119946268228	D:0.0180628942542182	D:0.039663649773613	D:19.8060522971833
S:USP54	D:-0.0986817215009938	D:-3.439387407834	D:0.000641620793436669	D:0.00644767026914755	D:-0.0892208621063666	D:-3.05838522498278	D:0.00236634645483136	D:0.0217779569344485	D:2.19993293453361	D:0.112073792236494	D:0.880003764027248	D:0.00202175847193567	D:-0.0793223860207129	D:0.0793481469937253	D:11.9026645909438
S:C2ORF55	D:-0.110345601122723	D:-3.02509636473434	D:0.00263894948961112	D:0.0170980477375633	D:-0.11428061945389	D:-3.05801044738612	D:0.0023692431813664	D:0.0217843838587317	D:2.69483379336389	D:0.0687106402009387	D:0.850339905642804	D:0.0376298833136891	D:0.106181069459914	D:0.112651798165199	D:1.30093312932021
S:LOC100129198	D:-0.224162121706351	D:-3.589329675767	D:0.000370855528797507	D:0.00437555722349458	D:-0.192326133647849	D:-3.05790313952916	D:0.00237007318375024	D:0.0217843838587317	D:0.0351862294408945	D:0.965428427339238	D:0.996760838460121	D:0.0214566170315975	D:-0.0094077479886413	D:0.0234284471670323	D:7.57835061509174
S:ZFC3H1	D:-0.0506540461145861	D:-3.40622712328444	D:0.000722434930050926	D:0.00694056094794746	D:-0.046326068795714	D:-3.05682023310541	D:0.00237846418817079	D:0.0218503462274452	D:0.0585383264715483	D:0.943149712837514	D:0.996760838460121	D:-0.00570765473372298	D:-0.0040867804211481	D:0.00701990717674171	D:15.6264450196973
S:LAP3	D:-0.100500455554299	D:-3.0786915453697	D:0.00221616377311053	D:0.0150274832676114	D:-0.0994938940589793	D:-3.05668859678048	D:0.00237948604329376	D:0.0218503462274452	D:1.8198128993789	D:0.163319438149921	D:0.904423428605346	D:-0.0440299179307517	D:-0.068639541314412	D:0.0815476566483771	D:14.1785855566124
S:MGAT2	D:-0.107650801643846	D:-3.46949657857337	D:0.000575630103676001	D:0.00595630915886454	D:-0.0962501614559193	D:-3.05649768977398	D:0.00238096871641379	D:0.0218536917273095	D:1.24482134152279	D:0.289042600166795	D:0.948286990928089	D:0.0184409494822732	D:-0.062529854716515	D:0.0651924178772059	D:10.9045638036876
S:TYW1	D:-0.0673178108154151	D:-4.39878093571119	D:0.0000138313725348274	D:0.000447250335579873	D:-0.0518764804781299	D:-3.05618988786838	D:0.00238336103757981	D:0.0218653793593179	D:2.30034498028959	D:0.101473730453869	D:0.870946539528028	D:0.0211837683807285	D:-0.043454455249979	D:0.0483429594034207	D:10.2674042114187
S:PHF8	D:-0.0656344509148804	D:-3.73763367406616	D:0.000211602499600678	D:0.00296835925678165	D:-0.0546299427369575	D:-3.05479999466127	D:0.00239419119491024	D:0.0219359889816694	D:0.525463437982771	D:0.591665785360297	D:0.984145481079806	D:-0.0229154298036879	D:-0.0105635122448152	D:0.025233008422186	D:16.3500887513853
S:TMEM120B	D:-0.116945484182742	D:-3.6689766478857	D:0.000275008894679726	D:0.00358502255566146	D:-0.0986405900427569	D:-3.05446414435608	D:0.00239681494010818	D:0.021947591726642	D:0.143435298137338	D:0.866418872444147	D:0.991098228766629	D:-0.0243234999484716	D:-0.00156166435252256	D:0.0243735808877817	D:17.7550951840068
S:DIP2C	D:-0.104965667635699	D:-3.1655720814392	D:0.00166107514594011	D:0.0123418514930859	D:-0.102139203203447	D:-3.05385463715672	D:0.00240158330791571	D:0.0219809552318412	D:0.69991804350144	D:0.497198826425791	D:0.971534152892322	D:-0.0466127109031443	D:-0.0272810559245391	D:0.054009266150337	D:15.9773873340676
S:BOD1L	D:-0.065660815295505	D:-3.00509074185704	D:0.00281487857721912	D:0.0178647425389538	D:-0.0665090988923342	D:-3.05304063149472	D:0.00240796512286413	D:0.0220104301103807	D:0.578401507874952	D:0.561235894759328	D:0.979267131992144	D:0.00282405933183072	D:-0.0303146543099579	D:0.030445912320736	D:11.6451858471797
S:ERP44	D:-0.0660654766443711	D:-3.53764673088909	D:0.000448962293186154	D:0.00501037816741897	D:-0.0576901870356729	D:-3.05290267139727	D:0.0024090482743734	D:0.0220104301103807	D:0.410475912368847	D:0.663597775971427	D:0.985706471962942	D:0.0170971984659554	D:-0.01606445929531	D:0.0234602013596419	D:8.88108258843767
S:ZNF643	D:-0.0832573070792113	D:-3.06286350557971	D:0.00233404038982866	D:0.0155610655945554	D:-0.0843069632617053	D:-3.05246506269671	D:0.0024124869872641	D:0.0220291627187514	D:2.82171653618478	D:0.0606215736016766	D:0.83656058396868	D:-0.0218568197274227	D:-0.082153624214016	D:0.0850114024122341	D:12.9932217627557
S:PKIA	D:-0.0910031401397102	D:-3.37169386454176	D:0.000816612744189682	D:0.0075413183526515	D:-0.0840614988413608	D:-3.0522774532118	D:0.00241396259596349	D:0.0220323414702114	D:2.04984580350306	D:0.130028721511054	D:0.891540788437719	D:-0.00815786973087821	D:-0.0716986858106775	D:0.0721612942339882	D:12.4327462055818
S:SFRS18	D:-0.0753648756866855	D:-3.34282652251549	D:0.000903983463778875	D:0.00807283118487641	D:-0.0703501681363034	D:-3.05156296762021	D:0.0024195898479651	D:0.0220733917922904	D:1.3724646280382	D:0.254605126193858	D:0.936923257986279	D:0.00233502279324321	D:-0.0495024963079259	D:0.049557536986428	D:11.8199580917161
S:MRS2	D:-0.0926640705354448	D:-3.51104477175389	D:0.000494933332127304	D:0.00537171809452372	D:-0.0819421225096847	D:-3.0509085853473	D:0.00242475429791901	D:0.0221053638495929	D:1.77102208465287	D:0.171415277497116	D:0.910856895297201	D:-0.033991769283227	D:-0.0568651916869642	D:0.0662502106004148	D:14.0579545149581
S:ATMIN	D:-0.0499678035656773	D:-3.71808287936563	D:0.000228092767575741	D:0.00312103686187396	D:-0.0422962390799462	D:-3.05068917435142	D:0.00242648817651997	D:0.0221053638495929	D:0.7844186508796	D:0.457046051619174	D:0.967692421145506	D:0.00254289450021071	D:-0.0224387589749106	D:0.0225823873134205	D:11.5689655664537
S:HNRNPU	D:-0.0677494592408503	D:-3.87256686315677	D:0.000124951784575411	D:0.002076523933008	D:-0.0569394236245757	D:-3.04954549439129	D:0.00243554447226478	D:0.022156878273988	D:3.61927118517514	D:0.0276334980499807	D:0.760239372616719	D:0.014008388033755	D:-0.0641239590096417	D:0.0656362480217635	D:11.1784588860694
S:ZNF407	D:-0.084628246726615	D:-3.35567565829847	D:0.000864071828362562	D:0.00783518682043286	D:-0.0768782357294809	D:-3.04906740627563	D:0.00243933943309671	D:0.0221810757850828	D:1.42973530274225	D:0.240523820612046	D:0.933266293860831	D:-0.0392153207310345	D:-0.0410779849397364	D:0.0567912161055485	D:14.9114051011753
S:ZFYVE20	D:-0.044223989085461	D:-2.6289711227082	D:0.00888009080587712	D:0.0400245183615891	D:-0.0510686765079498	D:-3.04876915661877	D:0.00244170962471688	D:0.0221819840895364	D:2.77869941066521	D:0.063250764380386	D:0.840103863598374	D:-0.000721693435957543	D:-0.0511535289360083	D:0.0511586196453984	D:12.0538864677222
S:TRIM32	D:-0.0867738830134771	D:-3.69056129791277	D:0.000253366818879843	D:0.0033795501759256	D:-0.0736255988760663	D:-3.0485475002067	D:0.00244347249926087	D:0.0221864118101069	D:1.33255418765003	D:0.264905001090292	D:0.939907763028795	D:-0.017332541237776	D:-0.0481789313750582	D:0.0512018204188266	D:13.3190916341216
S:C9ORF103	D:-0.0879203915440382	D:-3.55962062547776	D:0.000414037909079828	D:0.00473695244808484	D:-0.0764167380984646	D:-3.0482797978425	D:0.00244560314410573	D:0.0221864118101069	D:1.04552601155249	D:0.352411225386996	D:0.959270072771647	D:-0.0241696614001646	D:-0.0408880545521279	D:0.0474974266382548	D:14.0392062732655
S:PDZD4	D:-0.139853194520046	D:-3.07839609767987	D:0.00221831298389272	D:0.0150297969008139	D:-0.138545774947048	D:-3.04740388674472	D:0.00245258645621251	D:0.0222291242768315	D:0.787441428846248	D:0.455671675857637	D:0.967692421145506	D:0.0515344613516735	D:0.0557196360128422	D:0.0758978164653684	D:2.85102589401843
S:PROM2	D:-0.137762603428689	D:-3.07293262430902	D:0.00225840366362826	D:0.0152125012033643	D:-0.139213103865338	D:-3.04709378701515	D:0.00245506315142531	D:0.0222412559304599	D:2.77734062690302	D:0.063335653858109	D:0.840103863598374	D:-0.0143819440329182	D:0.139229388757642	D:0.139970221861625	D:23.6068299076132
S:DLAT	D:-0.0593839459583179	D:-3.39428232561288	D:0.000753800794637417	D:0.00714702636002414	D:-0.0538139761329192	D:-3.04559801050131	D:0.00246704186367176	D:0.0223394184698841	D:2.08264622723959	D:0.125872754827799	D:0.888724539846668	D:0.00139871545827743	D:-0.046745958833378	D:0.0467668800775196	D:11.8857418685561
S:ZNF10	D:-0.103858711499033	D:-3.11745865085343	D:0.00195020518715146	D:0.0137776426471897	D:-0.102240543355001	D:-3.04441991902166	D:0.00247651419605744	D:0.0224044277338697	D:1.69492419695602	D:0.184854690698975	D:0.921744746511297	D:-0.0141502813347311	D:-0.0787617253658312	D:0.0800227457942719	D:12.6790045328731
S:ZNF286A	D:-0.155446174856259	D:-3.04628532980728	D:0.0024636596648602	D:0.0162147089230865	D:-0.15643711322432	D:-3.04394495823852	D:0.00248034250974172	D:0.0224286779189556	D:4.54942801128823	D:0.0110945129196819	D:0.709441948440271	D:0.0252205859173867	D:-0.200110238881808	D:0.201693296019849	D:11.5211126080518
S:CRNKL1	D:-0.0588402596538347	D:-3.20096957174942	D:0.00147422227633959	D:0.0113640147936694	D:-0.0558325784337436	D:-3.04370736795216	D:0.00248225959059383	D:0.022435631202495	D:0.0116737483285146	D:0.98839444314091	D:0.998940164677581	D:0.00172338445723644	D:0.0032325465021005	D:0.003663251407655	D:1.87090998669248
S:VPS13A	D:-0.0707342854033633	D:-3.73009109427724	D:0.000217826565664301	D:0.00303045709863556	D:-0.0607950752556205	D:-3.04339002745967	D:0.00248482228617807	D:0.0224484106769328	D:1.09767078973253	D:0.33459344575898	D:0.95707960515839	D:-0.0231029621776445	D:-0.0314640247887453	D:0.0390350063057308	D:14.4192380418111
S:UBR3	D:-0.0695770912282496	D:-2.80784939225983	D:0.00522097398305893	D:0.0276335462088176	D:-0.0752785981499035	D:-3.04217708367114	D:0.00249463986410507	D:0.022516285258419	D:1.75423128892338	D:0.174293644694004	D:0.911587746465428	D:-0.0157250864728688	D:-0.0579643928654429	D:0.06005954699162	D:13.0118916277881
S:CENPN	D:-0.111320124151941	D:-3.32624744819676	D:0.000958015879805119	D:0.00842510724899722	D:-0.102071943279567	D:-3.04174244495332	D:0.00249816649194455	D:0.0225377061029957	D:0.367518878668844	D:0.692670605587782	D:0.986869111240858	D:0.0342111931066149	D:-0.0208636833374859	D:0.0400711743799078	D:8.0917940919936
S:SPIN3	D:-0.145221936305017	D:-3.42374796892028	D:0.000678622300749237	D:0.00666714850625482	D:-0.129534358928055	D:-3.04077533867762	D:0.00250602995261493	D:0.0225877911919043	D:0.470260176228833	D:0.625165153178574	D:0.984208797062414	D:0.00880154862452506	D:0.0527340131878848	D:0.0534634773007694	D:0.631705668525375
S:GRP	D:-0.116123522382251	D:-3.47048107218134	D:0.00057358343781918	D:0.00594494090960743	D:-0.102017183172997	D:-3.03980749275922	D:0.00251392217047251	D:0.0226484800060873	D:0.43225653050477	D:0.649328524770369	D:0.985706471962942	D:-0.035186084043684	D:0.0251176255660393	D:0.0432314194123318	D:20.3680790903808
S:MAN1C1	D:-0.0977463787325243	D:-3.74329977135524	D:0.000207037554220077	D:0.00291899051011149	D:-0.0825074018187114	D:-3.03819185398725	D:0.00252714761116362	D:0.0227571389261513	D:0.99366582599407	D:0.371077423425376	D:0.959270072771647	D:-0.0168659502544263	D:-0.0467701523742338	D:0.0497182806530338	D:13.321999360032
S:CCR7	D:-0.101166164198263	D:-3.87212776002146	D:0.000125169305388649	D:0.002076523933008	D:-0.0854254016602136	D:-3.03673013175215	D:0.00253916810663376	D:0.0228264273913334	D:5.62491038074701	D:0.00388128710214525	D:0.619506875420677	D:-0.0593313883738449	D:-0.108194642245629	D:0.123394871275219	D:13.9159549394054
S:FAM172A	D:-0.051909086669527	D:-3.63128851475941	D:0.000317020591203078	D:0.0039432841328449	D:-0.044811302849985	D:-3.03668810179126	D:0.00253951451557028	D:0.0228264273913334	D:2.86012964344114	D:0.0583667065880112	D:0.83656058396868	D:-0.0170480233184459	D:-0.0426085877237959	D:0.0458925576415467	D:13.4537818717097
S:ZNF609	D:-0.079432158369622	D:-3.42637736378479	D:0.00067226529156386	D:0.00661800305413067	D:-0.0715088038794066	D:-3.03592611413822	D:0.00254580230811501	D:0.0228724243231611	D:1.78165545079762	D:0.169617197575047	D:0.90999062990338	D:0.0347381563561522	D:-0.0487585026371663	D:0.0598676130010462	D:9.63546016183182
S:LOC100507280	D:-0.0892341728968016	D:-3.03698606225085	D:0.00253922971332408	D:0.0165728416259405	D:-0.0892307482165906	D:-3.03479206401936	D:0.0025551867581709	D:0.0229253479317944	D:1.30601396436373	D:0.271985123521966	D:0.942852811556276	D:-0.064762770209013	D:-0.0147582772634467	D:0.066423061905713	D:17.1441691789062
S:WDR36	D:-0.0671735662909969	D:-3.11380910433777	D:0.00197392732982571	D:0.0138849942232269	D:-0.0659810064535283	D:-3.03464745402267	D:0.00255638570919502	D:0.0229253479317944	D:2.58498370278761	D:0.0765851496989226	D:0.851506938756472	D:-0.023700779897945	D:-0.0597472801687514	D:0.0642764689084124	D:13.4424951396661
S:MACROD2	D:-0.106088033574473	D:-3.89244466468218	D:0.00011547098021602	D:0.00197117856226569	D:-0.088728511672326	D:-3.03382282138188	D:0.00256323255116351	D:0.0229656704641386	D:1.69111011410575	D:0.185555481367665	D:0.921744746511297	D:0.0441027717935518	D:-0.0577152313311455	D:0.0726367841212822	D:9.50766320175103
S:CATSPERB	D:-0.204370354340398	D:-3.04806188499376	D:0.002449459698611	D:0.0161596529272646	D:-0.204174328007101	D:-3.03301144329007	D:0.00256998576388122	D:0.0230135689346841	D:1.17267144672393	D:0.31054069935865	D:0.956911684216668	D:-0.135901000867544	D:-0.0450085499556114	D:0.143160230531761	D:16.7783891088193
S:DENR	D:-0.050004629042901	D:-3.11924469391989	D:0.0019386918475601	D:0.0137137686833054	D:-0.0487351247740931	D:-3.03282334095494	D:0.00257155369540527	D:0.0230135689346841	D:0.560914213123031	D:0.571109946391409	D:0.981266229818651	D:-0.00782456034233139	D:-0.020685052981902	D:0.0221154959567919	D:13.3813458778468
S:ANKUB1	D:-0.135928845249497	D:-3.42260658597445	D:0.000681399206315895	D:0.00667849276364596	D:-0.120395940152952	D:-3.0316467879645	D:0.00258138081485026	D:0.0230360434237164	D:0.990530471825528	D:0.372237272560586	D:0.959270072771647	D:0.0454332183533655	D:0.058250821074908	D:0.0738737807740035	D:2.53018330918303
S:IL17C	D:-0.207485932206838	D:-3.11918765955874	D:0.00193905853702332	D:0.0137137686833054	D:-0.201668321673882	D:-3.03092599194042	D:0.00258741825002634	D:0.0230555130067327	D:0.526247277567775	D:0.591203342537949	D:0.983794985653926	D:-0.0954906571167606	D:-0.010123910596394	D:0.0960258254968658	D:17.5965409370169
S:OSBPL9	D:-0.0766788700110963	D:-3.45650880497382	D:0.000603277137463652	D:0.0061572610761363	D:-0.0679891990123396	D:-3.02955712396641	D:0.00259891966104083	D:0.023135570247664	D:0.996443472842546	D:0.370052933111332	D:0.959270072771647	D:0.0388855307293029	D:-0.0211613738573498	D:0.0442706250648224	D:7.90365882333583
S:C2ORF40	D:-0.14481074700047	D:-4.0248614642489	D:0.0000676833584406371	D:0.00132924674099345	D:-0.114558031158232	D:-3.02929368082862	D:0.00260113852075727	D:0.023135570247664	D:1.39328291741161	D:0.249393117803594	D:0.935158383610406	D:0.0163107659033998	D:-0.080783208613522	D:0.082413396230536	D:11.2389998279167
S:NAA50	D:-0.0663910034193166	D:-3.42712316639144	D:0.00067047232748998	D:0.00661397938367154	D:-0.0585848426513931	D:-3.02804577563068	D:0.00261167268511289	D:0.0232036370301624	D:0.973563036843993	D:0.378577453867079	D:0.960227634080898	D:-0.027469461939119	D:0.0248636489717854	D:0.0370509430300616	D:20.809962403763
S:HSPH1	D:-0.108614394318234	D:-3.38368782837401	D:0.000782678354564427	D:0.00734790372377422	D:-0.0988668344483431	D:-3.02796527302666	D:0.00261235358816627	D:0.0232036370301624	D:2.78571694265981	D:0.0628141631630164	D:0.840103863598374	D:0.0174026082820106	D:-0.0989707576889683	D:0.10048911210945	D:11.3351528627478
S:LOC100505794	D:-0.0951388926577335	D:-3.18317268783456	D:0.00156559164245235	D:0.0118440674739301	D:-0.0917497560016936	D:-3.02766757214315	D:0.00261487300176498	D:0.023211965656984	D:2.46490895057647	D:0.0862340214779863	D:0.860742263980279	D:-0.0472694659818655	D:-0.0746139837123118	D:0.0883269436787659	D:14.1570056310095
S:NFATC1	D:-0.0599894152476175	D:-3.73179419105303	D:0.000216406289583156	D:0.00301824681410702	D:-0.0511506971421335	D:-3.0275388830165	D:0.00261596277525168	D:0.023211965656984	D:6.44386438893755	D:0.00175045507495262	D:0.540621307029361	D:0.0220469894370241	D:-0.0764338194503276	D:0.0795499748522998	D:10.9273355511563
S:CDR2	D:-0.0735646752072392	D:-3.43831144792561	D:0.000644104833134969	D:0.00645189977663925	D:-0.0661655899290165	D:-3.02740362494843	D:0.00261710862538043	D:0.023211965656984	D:2.64621818431296	D:0.072089971154066	D:0.850339905642804	D:-0.0277172420394298	D:-0.059386715529087	D:0.0655364592238934	D:13.6679746621758
S:HOXB2	D:-0.102242686894017	D:-3.15835524366224	D:0.00170175878698945	D:0.0125487050779475	D:-0.099145968281313	D:-3.02729340596643	D:0.00261804269525575	D:0.023211965656984	D:0.36528855602495	D:0.694214537418055	D:0.986869111240858	D:-0.0146744122211541	D:-0.0333664295829576	D:0.0364507475527022	D:13.5826457863827
S:DENND2D	D:-0.0722315138594849	D:-3.40840908241964	D:0.000716838438790448	D:0.00690716959191525	D:-0.0655484374116644	D:-3.02709190193182	D:0.00261975116689544	D:0.0232165793887999	D:1.94926485424594	D:0.143652412885998	D:0.893013200900893	D:-0.0103043912117246	D:-0.0543702398130799	D:0.0553380832300513	D:12.715437789784
S:STAMBP	D:-0.095120157378216	D:-3.17896051069734	D:0.00158796953339688	D:0.0119485994039694	D:-0.0896064669985115	D:-3.02669259694602	D:0.00262313973529161	D:0.0232255430753663	D:1.83256065755847	D:0.161268250745284	D:0.903170836088053	D:-0.0495880940836832	D:0.0587416738773482	D:0.076873684214853	D:21.3219912896559
S:TTF1	D:-0.0683211520640744	D:-3.00643012904829	D:0.00280277239372989	D:0.0178110488929678	D:-0.0686565273092798	D:-3.0260256304042	D:0.00262880869263869	D:0.0232460548870748	D:0.5872518954815	D:0.556304152775676	D:0.977958477099463	D:0.0346079223702548	D:-0.00341675602515726	D:0.034776177370738	D:6.37589339700867
S:EARS2	D:-0.109076186751827	D:-3.16068423456677	D:0.0016885300725087	D:0.012465268661463	D:-0.104627915590061	D:-3.02504678765865	D:0.0026371488299557	D:0.0233073384378853	D:0.282216027127694	D:0.754252290506424	D:0.988887668865741	D:-0.0040030575688134	D:-0.0333863920977327	D:0.0336255207722168	D:12.4558116286522
S:DNAJC21	D:-0.0773377947982793	D:-3.28486683963639	D:0.00110624936370697	D:0.0093097410922472	D:-0.0730294702540401	D:-3.02424856805734	D:0.00264396794451662	D:0.023357042316365	D:4.97113635224631	D:0.00734487386256506	D:0.662881684141537	D:-0.0785513638569957	D:-0.0656840964516929	D:0.102394908518292	D:15.339858006057
S:AMMECR1	D:-0.0824796379122126	D:-3.26725886127177	D:0.00117556055346559	D:0.00972549905811649	D:-0.0768521867397023	D:-3.02372976439999	D:0.00264840870375291	D:0.0233857001717288	D:0.747644916269663	D:0.474103428707463	D:0.967850917475504	D:-0.0171858543832929	D:-0.0366875543057702	D:0.0405133340003336	D:13.6733459819078
S:SLC25A4	D:-0.075833007431825	D:-3.56118742835306	D:0.000411647559916504	D:0.00471789147702546	D:-0.0660726498685535	D:-3.02273752428154	D:0.00265692095706528	D:0.0234390892847831	D:0.96941337163869	D:0.380144492275919	D:0.960227634080898	D:0.0260703747416627	D:-0.0319297668867816	D:0.0412210438079258	D:9.38457755718024
S:BRCC3	D:-0.0621424792138792	D:-3.9483176302757	D:0.000092335619542655	D:0.00166758811597321	D:-0.0522678669788328	D:-3.022598685687	D:0.00265811402822513	D:0.0234390892847831	D:5.112567709528	D:0.0063971748025737	D:0.662881684141537	D:-0.00887454264822578	D:-0.0710012024593166	D:0.0715536739649617	D:12.4749689020142
S:SOX10	D:-0.095137415486698	D:-2.682899049439	D:0.0075882848332628	D:0.0356534440795356	D:-0.106975408319648	D:-3.022326735183	D:0.00266045238389278	D:0.0234390892847831	D:0.590970669308682	D:0.554244936460205	D:0.977958477099463	D:0.00528784030840162	D:-0.049746363897678	D:0.0500266126793266	D:11.5954980305615
S:NR0B2	D:-0.190023087728063	D:-3.03550368849979	D:0.00255147091816712	D:0.0166416198971641	D:-0.188708804912616	D:-3.02208249234465	D:0.00266255410433476	D:0.0234470345889165	D:0.85313710039177	D:0.426806208195337	D:0.966078042387016	D:-0.0448067138983176	D:-0.0964054357984149	D:0.106309217200805	D:13.6618511478412
S:REV1	D:-0.0847615402962262	D:-3.45931979319396	D:0.000597190263077653	D:0.00612878737386507	D:-0.0760435785567647	D:-3.02107423763161	D:0.00267124630934144	D:0.0234812524205314	D:2.06673157101871	D:0.127872279163686	D:0.890973605600524	D:-0.0571731407999534	D:-0.0393304331564549	D:0.0693948917515235	D:15.6983477982682
S:CXORF57	D:-0.167318775321423	D:-3.35287926040331	D:0.000872615697697152	D:0.00787247615360112	D:-0.152878613220473	D:-3.01986642643134	D:0.00268169315782483	D:0.023562484710906	D:2.36682778631471	D:0.0950155849548044	D:0.867885582684249	D:0.0367230341285425	D:-0.13950294925118	D:0.144255516654939	D:11.0167953972814
S:BTG3	D:-0.12744661902514	D:-3.01222581525847	D:0.002750935559716	D:0.0175501246400295	D:-0.127739517436533	D:-3.01846047908409	D:0.0026939009521713	D:0.023616652537631	D:2.8470261211847	D:0.0591262587217423	D:0.83656058396868	D:0.0877293599393372	D:-0.105094342739053	D:0.13689872706172	D:9.34306416563148
S:CCNG2	D:-0.0555820949562	D:-3.04124101551838	D:0.00250439181567759	D:0.016405739346348	D:-0.0550113685166348	D:-3.01830075544398	D:0.00269529104618292	D:0.0236182431988612	D:2.52940243087657	D:0.0809087575040997	D:0.858260180148023	D:-0.0072747649401452	D:0.0528617669417699	D:0.0533599907153324	D:23.4776167774735
S:RAC2	D:-0.0605533757999613	D:-2.74528889051413	D:0.00630655806504005	D:0.0313419255210955	D:-0.067213976533006	D:-3.01801820572167	D:0.00269775172147397	D:0.0236292094976795	D:1.36222486014516	D:0.257208739860439	D:0.938022412574511	D:-0.0518885838633832	D:-0.000537854954982865	D:0.0518913713761735	D:17.9604078418516
S:NMUR2	D:-0.19293034801322	D:-2.88709800120525	D:0.00408990500742109	D:0.023125241247111	D:-0.203421997417273	D:-3.01741306126647	D:0.0027030287491451	D:0.0236616094094158	D:2.05431211129227	D:0.129454810602713	D:0.891358863279636	D:-0.188984874423501	D:0.0400789320845497	D:0.193188000553617	D:18.7982392311733
S:ZNF322A	D:-0.0843554849225143	D:-3.22742910752334	D:0.00134746154945931	D:0.0106922413203356	D:-0.0789119657007795	D:-3.01731639684579	D:0.00270387256594982	D:0.0236616094094158	D:0.468466974257855	D:0.626284725556267	D:0.984208797062414	D:-0.0317514187149717	D:-0.0143925823788853	D:0.0348611390798759	D:16.3743810498077
S:RPL38	D:-0.093864827405214	D:-4.24706422976211	D:0.0000267172111071803	D:0.000704651786110677	D:-0.0705939935169502	D:-3.01688842617088	D:0.002707611371299	D:0.023673742551525	D:1.23276111085013	D:0.292529131313323	D:0.951115631254585	D:0.051731109687924	D:-0.00490573415539726	D:0.0519631979110934	D:6.36114928929134
S:RFC5	D:-0.069187098436841	D:-3.1317871804906	D:0.00185958727106665	D:0.0133038573262054	D:-0.0667800026151067	D:-3.01688034296535	D:0.00270768203278534	D:0.023673742551525	D:0.470614850895325	D:0.62494395298081	D:0.984208797062414	D:-0.00274820805911197	D:-0.0276558394583912	D:0.0277920510881165	D:12.3783299320172
S:NF2	D:-0.0672998801432824	D:-3.76154218393611	D:0.000192962904419299	D:0.00277664809665501	D:-0.0556613013109123	D:-3.01562913891249	D:0.00271864017591016	D:0.0237483002581406	D:0.709824034629438	D:0.492314053276618	D:0.971534152892322	D:-0.0114626159764942	D:-0.0262388320067756	D:0.0286333349455555	D:13.5732296879832
S:PTPN7	D:-0.0557205962328699	D:-3.25817467349918	D:0.00121287379350585	D:0.00995830537768817	D:-0.0519359966337903	D:-3.01486813142533	D:0.00272532501118692	D:0.0237895079743197	D:0.587938378967094	D:0.555923444968047	D:0.977958477099463	D:-0.02567738952528	D:0.00612458436136381	D:0.0263977057039512	D:18.8943703528075
S:SGK3	D:-0.0757301104774213	D:-3.38596357902987	D:0.00077638974930111	D:0.00731153353787613	D:-0.0687604797322935	D:-3.01425115544848	D:0.00273075570468849	D:0.0238115561023284	D:0.817921852742044	D:0.442042963118563	D:0.966218251830967	D:0.00727048786286161	D:-0.0373754999044148	D:0.0380760815587545	D:11.2661322789147
S:LOC100507460	D:-0.201513153808304	D:-3.53170324665146	D:0.000458872167135434	D:0.00508611515484601	D:-0.175376420906086	D:-3.01283986907394	D:0.0027432153339447	D:0.0239095320430926	D:1.56268398466236	D:0.210777293452154	D:0.927560151843468	D:-0.000699311190391595	D:-0.133343129391741	D:0.133344963129935	D:12.0200321344498
S:PLXDC1	D:-0.0889970881192214	D:-3.66087117401965	D:0.000283576062664777	D:0.00366667664104398	D:-0.0748014082680049	D:-3.01051906943248	D:0.00276381802889477	D:0.0240354998231566	D:0.776908577997299	D:0.460478735105757	D:0.967692421145506	D:0.0215437588224369	D:-0.0354015266570736	D:0.0414415447811833	D:9.91181386530379
S:LOC100510093	D:-0.110650458657792	D:-3.39703093199269	D:0.00074647279833942	D:0.00709821165564506	D:-0.0993815763250317	D:-3.01032805257993	D:0.00276552006612453	D:0.0240396030303111	D:0.778719316131699	D:0.459648725405345	D:0.967692421145506	D:-0.0157989616670941	D:-0.0510425366985153	D:0.0534317110186226	D:13.1465749640537
S:HLTF	D:-0.0824143163097983	D:-4.25239409765035	D:0.0000261148483376401	D:0.000694972125392675	D:-0.0645387408602827	D:-3.00930242967513	D:0.00277467522039909	D:0.0240977459919194	D:1.73643455158856	D:0.177397489764702	D:0.914741780794853	D:0.0335849158990468	D:-0.0423612115685891	D:0.0540594008615043	D:9.43945548839515
S:CEP152	D:-0.111196489856841	D:-3.75398401634158	D:0.000198681145812871	D:0.00283182222489373	D:-0.0925397357776601	D:-3.00890649081349	D:0.0027782169684418	D:0.0241083298064145	D:1.80547952234918	D:0.165657084899699	D:0.906752127738102	D:-0.0632535000048026	D:-0.0472833941316957	D:0.0789729360190619	D:15.5480713628176
S:ZCCHC7	D:-0.0823215850169755	D:-4.4536168660657	D:0.0000108512479853334	D:0.000379327794063328	D:-0.0630397754592027	D:-3.00889036231674	D:0.00277836132869583	D:0.0241083298064145	D:1.23886333743968	D:0.290759769596726	D:0.949257747953524	D:-0.00618886052199193	D:-0.0422243322548656	D:0.0426754757317356	D:12.5559015250416
S:KIAA1908	D:-0.0838974473322016	D:-2.94766469801911	D:0.00338127518122363	D:0.0202679442688009	D:-0.085949932748084	D:-3.0083945356588	D:0.00278280264719332	D:0.0241254421157075	D:0.543957040615609	D:0.580851334242992	D:0.982115268178959	D:0.0327709650322196	D:-0.024946677579681	D:0.0411858333824571	D:8.48533076829793
S:FMN1	D:-0.157556474809333	D:-3.41770195459033	D:0.000693452911893209	D:0.00675263269377288	D:-0.14025756031787	D:-3.00819750455749	D:0.00278456933990727	D:0.0241300529805446	D:0.244563065270891	D:0.783156977711001	D:0.989364001696824	D:0.0221295689796025	D:0.0365784784826978	D:0.0427516422062612	D:2.07823116575475
S:DPP8	D:-0.0470458424020569	D:-2.88817754237951	D:0.00407617146103693	D:0.0230654225854977	D:-0.0488106240380537	D:-3.0071996329661	D:0.00279353262080922	D:0.0241969950989508	D:0.0708203427571781	D:0.931640268090026	D:0.994559242263454	D:-0.00858892774222979	D:0.000939022727184904	D:0.00864010668009454	D:18.4159556825936
S:EFHA2	D:-0.148084561915052	D:-3.2988647051618	D:0.00105387571378946	D:0.00901030261515206	D:-0.136380561490815	D:-3.0063566722589	D:0.00280112502642286	D:0.0242305374684946	D:0.526146940868281	D:0.591262518032916	D:0.983809678549149	D:-0.022428820342383	D:-0.056197587655787	D:0.0605080229414311	D:13.4504840941511
S:ITFG1	D:-0.0448547899784947	D:-3.03970689008577	D:0.00251690173241179	D:0.0164766421283279	D:-0.0445249619471376	D:-3.00576789128814	D:0.00280643929044455	D:0.0242657655639722	D:0.372654902599586	D:0.6891283204471	D:0.986496824086861	D:0.00214814741601322	D:-0.0165019700983891	D:0.0166412005110524	D:11.5055477439351
S:SYK	D:-0.0600642518364555	D:-2.93665778470821	D:0.00350106389518997	D:0.0207190459042724	D:-0.0613561737826019	D:-3.00512517118702	D:0.00281225094954248	D:0.0243052613025253	D:0.172809020431049	D:0.84135748949717	D:0.990538766746216	D:-0.00387559351365399	D:0.0152276212676463	D:0.015713073364366	D:23.0480513990209
S:HMGN5	D:-0.107969406149836	D:-2.77990078669619	D:0.0056830933207086	D:0.0291861567884276	D:-0.114813074098504	D:-3.00309744006815	D:0.00283065863755335	D:0.0244211480955541	D:4.8952367380276	D:0.00791038442785616	D:0.662881684141537	D:-0.162783909677956	D:-0.0379874256848241	D:0.167157547721307	D:17.1242980744763
S:BMP8A	D:-0.190406545339517	D:-2.86140500454752	D:0.00442945517908528	D:0.0245548889800016	D:-0.198245012976279	D:-3.0026175464563	D:0.00283503122476192	D:0.0244480781831742	D:1.60970319514497	D:0.201166323191705	D:0.926244298903048	D:-0.145963904291254	D:-0.0718731411937321	D:0.162699753475537	D:16.2522801634584
S:SRSF4	D:-0.0627168962659851	D:-3.77027594020304	D:0.000186548623153904	D:0.00273662006449326	D:-0.0516994533815803	D:-3.00225269493981	D:0.00283835973767098	D:0.024455197369413	D:1.42990031723948	D:0.240484399797351	D:0.933266293860831	D:0.0118089064614359	D:-0.0364069714211607	D:0.0382742451248376	D:10.8019396313218
S:PRPF38A	D:-0.0611993037258696	D:-2.92698291140933	D:0.0036095429964282	D:0.0211446626746196	D:-0.062429522928181	D:-3.001964876395	D:0.00284098801071259	D:0.0244670545250484	D:1.5484710520292	D:0.213772316240427	D:0.927783481998367	D:0.0177906094667824	D:-0.0449174287278834	D:0.0483123295725227	D:10.5595191392198
S:BRPF3	D:-0.0810936214704562	D:-2.55009263229222	D:0.0111252524919957	D:0.0470254291468932	D:-0.0969774185292998	D:-3.00148551353658	D:0.00284537035961103	D:0.0244922654187734	D:0.317135724102304	D:0.728404485288823	D:0.988887668865741	D:-0.0097046913842407	D:-0.0319244301036081	D:0.033366903846529	D:13.1272480555792
S:DENND1C	D:-0.102689516335695	D:-3.76637278052952	D:0.000189389933170415	D:0.00276390491716436	D:-0.0824398695505859	D:-3.00137056681438	D:0.00284642212609561	D:0.0244922654187734	D:1.12796834945088	D:0.324659465339051	D:0.956911684216668	D:-0.058092491414258	D:-0.00290031320694615	D:0.0581648465605646	D:17.8094557613927
S:NFATC2	D:-0.0929574909907069	D:-3.77808646015249	D:0.000180983259771695	D:0.00268126905170485	D:-0.0760237580392874	D:-3.00073716427593	D:0.00285222417358454	D:0.0245258467017213	D:0.299709194089319	D:0.741190533046283	D:0.988887668865741	D:0.00415397814503988	D:-0.0252225425906965	D:0.0255623197141607	D:11.3765156716611
S:LOC100505573	D:-0.0609128295483623	D:-3.1657604231141	D:0.00166002552909839	D:0.0123387443378135	D:-0.0578235544889048	D:-3.00041290543654	D:0.00285519861730836	D:0.0245258467017213	D:0.686555449004145	D:0.503865337099972	D:0.971534152892322	D:-0.012964941456962	D:0.0270211508350942	D:0.0299705238431924	D:22.2911983406884
S:PCDHGC4	D:-0.0947026399120161	D:-2.63497539665525	D:0.00872710054621801	D:0.0394668529908924	D:-0.107910822807507	D:-3.00039692986942	D:0.00285534523547494	D:0.0245258467017213	D:0.769797086280279	D:0.463753111277067	D:0.967692421145506	D:-0.0550582629587904	D:-0.0269530646574882	D:0.0613015498537357	D:16.2611023433236
S:LYPLA1	D:-0.0546124967539587	D:-3.43771152753846	D:0.000645493748221299	D:0.0064552678270176	D:-0.0477059430964041	D:-2.99924056056962	D:0.00286597632737334	D:0.0246063459636215	D:1.07774544398679	D:0.341292487614703	D:0.95707960515839	D:-0.032973627959496	D:-0.0000181978666601128	D:0.03297363298112	D:17.9978919297745
S:S100A10	D:-0.0942841047428233	D:-3.7401326165067	D:0.0002095776317637	D:0.00294629964193846	D:-0.0774608009679704	D:-2.99889336509707	D:0.00286917534343563	D:0.0246229931427649	D:1.24666658507739	D:0.288512847745926	D:0.948286990928089	D:-0.0255573760848322	D:-0.0468124574720157	D:0.0533346570900276	D:13.9088294469198
S:RPL18	D:-0.0728461674321869	D:-3.78008538782989	D:0.000179584316695692	D:0.0026686366027	D:-0.0602541237999632	D:-2.99814795316102	D:0.0028760545305461	D:0.0246509700897592	D:0.572219597808966	D:0.564706703573568	D:0.9797224507603	D:0.0279934493066245	D:-0.011406712461934	D:0.0302282366881	D:7.4779873755034
S:ZNF280C	D:-0.0893164460163055	D:-4.37659140366541	D:0.0000152476333927784	D:0.000475964862824734	D:-0.0641639964573489	D:-2.99814483065165	D:0.00287608337901806	D:0.0246509700897592	D:0.695799950297246	D:0.499243814235351	D:0.971534152892322	D:0.0323564721018898	D:0.0130445062618104	D:0.0348869664845596	D:4.53621202404476
S:CPA3	D:-0.123074113929018	D:-3.22935964861269	D:0.00133861966789124	D:0.01064199943001	D:-0.114861334961377	D:-2.99757794641331	D:0.00288132514617867	D:0.0246764374766468	D:0.706074543797253	D:0.494157278972919	D:0.971534152892322	D:0.012913670706224	D:-0.0580891224231306	D:0.0595072183436451	D:11.1644343011334
S:MGC11082	D:-0.0782814994457763	D:-2.70937596879572	D:0.00701815684836821	D:0.033870536669292	D:-0.0868324242125194	D:-2.99736707035575	D:0.00288327727068329	D:0.0246764374766468	D:0.279154268439976	D:0.756562105328977	D:0.989044741352382	D:0.0305311749431748	D:0.000804480753377279	D:0.0305417719311322	D:5.89937566235564
S:ADAT2	D:-0.0812245667301032	D:-3.5308965407781	D:0.000460232909329993	D:0.0050954171564971	D:-0.0702783259862026	D:-2.9972628480758	D:0.00288424252580018	D:0.0246764374766468	D:2.48772279720063	D:0.0843111666450819	D:0.860742263980279	D:-0.0596568936852999	D:-0.0386734326083627	D:0.0710955649382769	D:15.8030733366582
S:IRS1	D:-0.144838639296626	D:-2.76318952248375	D:0.00597679153042598	D:0.0301065764783351	D:-0.155578387293528	D:-2.99614922120123	D:0.00289457488212026	D:0.0247539990247318	D:2.45187854296417	D:0.0873519909021739	D:0.860742263980279	D:0.103950290603293	D:-0.116756944755588	D:0.156326092080524	D:9.22139294435194
S:METTL14	D:-0.0819479085027513	D:-3.48585179242509	D:0.000542498310078155	D:0.00572406019289266	D:-0.073488169787457	D:-2.99537725293256	D:0.00290175717718448	D:0.0248045656165188	D:0.765198090917939	D:0.465883093318043	D:0.967692421145506	D:0.00399991532836102	D:-0.0392476377043457	D:0.0394509364655091	D:11.6120535732481
S:TNFSF15	D:-0.117050909245457	D:-3.15321184126703	D:0.00173131303155881	D:0.0126995450261602	D:-0.111711631339663	D:-2.99514162873412	D:0.00290395264434766	D:0.0248124786284205	D:1.3166858148764	D:0.269115625658728	D:0.941085977272226	D:-0.0162777233082842	D:-0.0766466566194912	D:0.0783560734534806	D:12.7993311757743
S:BICD1	D:-0.0977364826540728	D:-3.83957791717262	D:0.000142329508956204	D:0.00225935088100176	D:-0.0815474553813978	D:-2.99405256088382	D:0.00291411999485111	D:0.024866733108902	D:0.587057722712537	D:0.556411884003248	D:0.977958477099463	D:-0.0379892550419044	D:-0.0149144872080269	D:0.0408120745284684	D:16.5710100930095
S:MPHOSPH10	D:-0.105295178142457	D:-4.13448831760045	D:0.000043009352997871	D:0.000967141273799076	D:-0.0825189620615461	D:-2.99335243483884	D:0.00292067345825925	D:0.0249009742571502	D:1.9716014636118	D:0.140508026953641	D:0.893013200900893	D:-0.0134350312638877	D:-0.0695696492702852	D:0.0708550362687941	D:12.7286797530037
S:TGFBRAP1	D:-0.0461863267070241	D:-3.37261030084645	D:0.000813972308192024	D:0.00752404582515626	D:-0.0413264143931592	D:-2.99263034728136	D:0.00292744662786324	D:0.0249368938775395	D:1.05032758132715	D:0.350731436956402	D:0.959270072771647	D:-0.013144839044617	D:-0.0226768096112693	D:0.0262111519711485	D:14.0066102212608
S:KIAA1324L	D:-0.109368508464724	D:-3.68880375797246	D:0.000255067245703172	D:0.00339527864324637	D:-0.0929008803540259	D:-2.9918400842577	D:0.00293487576696467	D:0.0249732713613322	D:3.27174608568342	D:0.038900089173841	D:0.812991061546552	D:0.0364408303300185	D:-0.0981477230134988	D:0.104694363018625	D:10.6420511133872
S:ATXN2L	D:-0.0820439609595306	D:-3.61081266615546	D:0.000342302617150642	D:0.00413663292624655	D:-0.0697426651550027	D:-2.99170747221681	D:0.00293612412248952	D:0.0249732713613322	D:1.66083819446512	D:0.191213083665055	D:0.921744746511297	D:0.00968072463573273	D:-0.0545498388717235	D:0.0554021782099213	D:11.3291157729876
S:HOPX	D:-0.0860501867309775	D:-3.16626899139914	D:0.00165719436738071	D:0.0123227715272701	D:-0.0816446475425302	D:-2.99163260491154	D:0.00293682910743264	D:0.0249732713613322	D:0.0989257266198271	D:0.905830882117465	D:0.993142804017578	D:-0.0171411978034644	D:0.000725645418384881	D:0.017156550451962	D:18.1616052368068
S:CAPN14	D:-0.155737834126863	D:-3.37854468775689	D:0.000797065653710772	D:0.00742928961954931	D:-0.139370090708235	D:-2.9911996356498	D:0.00294090918638403	D:0.0249970884780906	D:0.378569750967507	D:0.685071427950995	D:0.986460847631032	D:-0.034100223857758	D:-0.0414656674324653	D:0.0536863748335555	D:14.6288625641257
S:CUL3	D:-0.108924223909592	D:-3.32000253789719	D:0.000979135668591441	D:0.00853783583219337	D:-0.0981741011216237	D:-2.98777576785433	D:0.00297335724021608	D:0.0251961725199751	D:0.117122036458319	D:0.889505402627	D:0.991833180774689	D:0.0126281233830805	D:-0.0173188551952978	D:0.0214339041113372	D:9.59347776269382
S:SLC47A1	D:-0.0887705831112295	D:-2.88989019099388	D:0.0040544699037837	D:0.022989529864256	D:-0.0918835598774439	D:-2.98622405070906	D:0.00298817056014696	D:0.0252778532103168	D:1.05255272632791	D:0.349955718984256	D:0.959270072771647	D:-0.0259913067367225	D:-0.0521439938170018	D:0.0582627163550578	D:13.7662718296059
S:LOC100506693	D:-0.0792305926798964	D:-2.71670691081153	D:0.00686727641333658	D:0.0333317060091928	D:-0.0871410295574294	D:-2.98556172193725	D:0.00299451396947527	D:0.0253205527812706	D:0.968328779706846	D:0.380555140003034	D:0.960227634080898	D:-0.0541274824881761	D:-0.0162667541322326	D:0.0565189494816235	D:16.884871560112
S:EGR3	D:-0.2601476580251	D:-3.1146416094436	D:0.00196849274126572	D:0.0138517524872429	D:-0.249273415924028	D:-2.98463279989542	D:0.00300343142972514	D:0.0253677546089538	D:0.494250436174905	D:0.610378981043908	D:0.984208797062414	D:0.0834325522857738	D:-0.0774463843722137	D:0.113837310374266	D:8.8579370688007
S:SLC6A16	D:-0.0569498958146204	D:-3.45111252962765	D:0.000615124880529127	D:0.00625398298148785	D:-0.0495704442928099	D:-2.98453764861533	D:0.00300434623373259	D:0.0253677546089538	D:1.03106725049666	D:0.357518477349931	D:0.959270072771647	D:-0.0305642719688878	D:-0.0123313531164503	D:0.0329581096343635	D:16.5352046263224
S:CABYR	D:-0.18097222762078	D:-3.77445234345097	D:0.000183552962587365	D:0.00270256050316075	D:-0.149021236491561	D:-2.98424569932106	D:0.00300715468667379	D:0.0253677546089538	D:1.16154039714982	D:0.313997517733661	D:0.956911684216668	D:-0.00429354794513093	D:-0.0984614806767809	D:0.0985550492416356	D:12.1664586169092
S:EIF4ENIF1	D:-0.049426758903622	D:-3.00873855813866	D:0.00278201937092687	D:0.0177079610838052	D:-0.0490700700220958	D:-2.98421632850326	D:0.00300743735696944	D:0.0253677546089538	D:1.17650653511221	D:0.309358565682966	D:0.956911684216668	D:-0.00436363173894076	D:-0.0323460644656151	D:0.032639074257197	D:12.5122051680165
S:PPM1K	D:-0.130040788959552	D:-5.91031103009959	D:0.00000000709416317505485	D:0.00000315061460463061	D:-0.0861035937144601	D:-2.98416978606459	D:0.0030078853400003	D:0.0253677546089538	D:3.67663473964978	D:0.026118280754086	D:0.749452752152121	D:0.01613842640901	D:-0.100659661523792	D:0.101945163029167	D:11.3927650304581
S:HRH4	D:-0.19125074117851	D:-3.6927288169728	D:0.000251284427339637	D:0.0033592655773112	D:-0.157968493671741	D:-2.98333962990621	D:0.00301588607735017	D:0.0254217565838911	D:0.298344534926821	D:0.742201269459877	D:0.988887668865741	D:-0.0318015371389919	D:-0.043558841116316	D:0.0539324615032463	D:14.4088345775511
S:EIF3A	D:-0.105619762570272	D:-3.74353113246957	D:0.00020685314312045	D:0.00291849622362217	D:-0.0879747378535432	D:-2.98323557337153	D:0.00301689030848183	D:0.0254217565838911	D:2.23383589689681	D:0.108375860888621	D:0.876389783521771	D:0.00981527375017611	D:-0.0804877087712575	D:0.0810839741381591	D:11.5364835535682
S:FAIM	D:-0.10297945528535	D:-3.50483558108823	D:0.00050627990523762	D:0.00545381236397372	D:-0.0903177697177284	D:-2.98226103660074	D:0.00302631025850548	D:0.025490141707524	D:0.590636546855127	D:0.554429638304142	D:0.977958477099463	D:-0.0153880362204696	D:-0.0399166776224516	D:0.0427800515560373	D:13.4054564879424
S:ANKRD18A	D:-0.151817219970927	D:-3.35627256093635	D:0.000862258215151403	D:0.00782605537023151	D:-0.138181231231662	D:-2.98148323454972	D:0.00303384786615033	D:0.0255206289937338	D:4.93015925951076	D:0.00764494568025367	D:0.662881684141537	D:0.0149755312444	D:-0.188424954255225	D:0.18901912581042	D:11.6970553723105
S:USP10	D:-0.088837433456338	D:-3.93409332007653	D:0.0000977685072360309	D:0.00173997668478987	D:-0.0698383084481228	D:-2.97899735474649	D:0.00305805367076064	D:0.0256800286980377	D:0.17913117504008	D:0.836059459756121	D:0.990538766746216	D:-0.0194270100313557	D:-0.00317641022905275	D:0.0196849765227603	D:17.3809353735692
S:CNKSR3	D:-0.149559891881387	D:-3.39267777245472	D:0.000758109592127752	D:0.00717663924362929	D:-0.133196048504124	D:-2.97864529735443	D:0.00306149601861747	D:0.0256978924827337	D:2.60696943706066	D:0.0749396705719127	D:0.850339905642804	D:0.0850500654682372	D:-0.10871567783277	D:0.138031200251212	D:9.46422283220075
S:C3ORF24	D:-0.199181294391523	D:-2.7256602984677	D:0.00668697474375991	D:0.0327166182943947	D:-0.215186141039858	D:-2.97837827884241	D:0.00306410923753529	D:0.0257087842896853	D:2.12345771464715	D:0.120887561717267	D:0.888724539846668	D:0.0549109176334172	D:-0.187454746825084	D:0.195331745967214	D:10.9115443906206
S:TGFB2	D:-0.183195233304648	D:-3.56740234580855	D:0.000402292783022496	D:0.00464335692441972	D:-0.154142180217613	D:-2.97556694618059	D:0.0030917469473905	D:0.0259073015004108	D:0.0626603026663999	D:0.939271179849651	D:0.996241852309091	D:0.0193320301235125	D:0.0153955330511642	D:0.0247133532048139	D:3.43113887151693
S:MYO5B	D:-0.16502933612969	D:-2.70271437737476	D:0.00715784516714392	D:0.0342738182825679	D:-0.180474059703597	D:-2.97542844467416	D:0.00309311440868953	D:0.0259076505187322	D:2.45556820887799	D:0.0870339589801705	D:0.860742263980279	D:0.0136197806045987	D:-0.174042852652857	D:0.174574949472316	D:11.7016946027877
S:ZBED4	D:-0.0620018319960414	D:-2.73182751773042	D:0.00656527630057645	D:0.0322801151794361	D:-0.0675247301503882	D:-2.97474914294374	D:0.00309982934824812	D:0.0259527700488931	D:0.837110146666397	D:0.433674124652648	D:0.966078042387016	D:0.0127727729294027	D:-0.0364916725741385	D:0.0386624610645031	D:10.7139328067127
S:PTGDR	D:-0.0872977528611914	D:-3.58852355786317	D:0.000371969248363461	D:0.00438398738375777	D:-0.0733742386936454	D:-2.97383208870732	D:0.00310891564514455	D:0.02601769619776	D:0.720240887206679	D:0.487229367664652	D:0.970580953256742	D:-0.0341701738385058	D:0.0228750036197168	D:0.041120147990441	D:20.2533384289362
S:OTUD3	D:-0.0904544626930775	D:-3.79491821712733	D:0.000169517918143496	D:0.00255204132391529	D:-0.0742238485198011	D:-2.97316260929787	D:0.00311556431927112	D:0.0260486381005848	D:0.995101230907243	D:0.37054764212469	D:0.959270072771647	D:-0.00855805381123639	D:-0.0447738485442617	D:0.0455844030179238	D:12.721398072275
S:ABL2	D:-0.0786535513848268	D:-2.93143254600766	D:0.0035592761929282	D:0.0209367297068061	D:-0.0794668329495292	D:-2.97313781682196	D:0.00311581078571448	D:0.0260486381005848	D:1.36301329889068	D:0.257007320450469	D:0.93788941593172	D:0.0622648376144614	D:-0.00396988363996774	D:0.0623912652481911	D:6.24320855279025
S:FANCF	D:-0.0731656384416258	D:-3.2949147565447	D:0.00106841653616567	D:0.0090931740127236	D:-0.0674296774003144	D:-2.97293201245397	D:0.00311785741257148	D:0.0260486381005848	D:4.75285416399994	D:0.00909196792434231	D:0.682205037020486	D:-0.0146913213033615	D:-0.0892948071542992	D:0.0904952899678325	D:12.6228631389336
S:NCKAP1	D:-0.144684659278497	D:-2.79827017756822	D:0.00537537775913466	D:0.028143901440505	D:-0.154334171456602	D:-2.97292320106507	D:0.0031179450651076	D:0.0260486381005848	D:1.01073072010423	D:0.364828040684118	D:0.959270072771647	D:-0.0726836126536576	D:-0.0669861694071753	D:0.0988435857313651	D:15.1557285391114
S:WDR35	D:-0.1465031343414	D:-3.81189157639401	D:0.000158652838711636	D:0.00242774872456075	D:-0.117126663165794	D:-2.97206323948655	D:0.00312651050989	D:0.0260978820477406	D:1.15452009463264	D:0.316197572175367	D:0.956911684216668	D:-0.078464258338018	D:0.0306852636191653	D:0.084250965809971	D:19.4239422016797
S:CD84	D:-0.0707020435334745	D:-4.18773562815916	D:0.0000343823740493866	D:0.00082742114692003	D:-0.0556696469566721	D:-2.97140447082288	D:0.00313308657632227	D:0.0261051304216234	D:3.8023737050563	D:0.0230825248871767	D:0.736744509955438	D:-0.0192105549164754	D:-0.0641741830623802	D:0.0669878436130228	D:13.1110054497458
S:BBS2	D:-0.0644914749226935	D:-3.88240553062115	D:0.000120170710091603	D:0.00202785478920554	D:-0.0531208893870836	D:-2.97139527230553	D:0.00313317848875318	D:0.0261051304216234	D:3.45831306257632	D:0.0323736363451025	D:0.777497218447519	D:0.0262828861495962	D:-0.056527094193587	D:0.0623386114885734	D:10.3375610925894
S:MTX3	D:-0.119195312005231	D:-3.60938695832227	D:0.0003441316751653	D:0.00415616629444075	D:-0.102240386757981	D:-2.97120517913036	D:0.00313507846955134	D:0.0261051304216234	D:0.391717874176254	D:0.67613910076545	D:0.986364991209785	D:0.00243444724769845	D:-0.0394601238328809	D:0.0395351477334804	D:11.7646451185469
S:RAD51L3	D:-0.0595781073669279	D:-3.34565949909154	D:0.00089503915188821	D:0.00801556373375229	D:-0.053587105554111	D:-2.97115350643205	D:0.00313559512021139	D:0.0261051304216234	D:0.43529777659337	D:0.647360776584802	D:0.985706471962942	D:0.0210375674246782	D:-0.0106079063212076	D:0.02356070711306	D:7.78392681118838
S:TNFAIP8	D:-0.109648986205925	D:-3.44443112414343	D:0.000630095258894213	D:0.00635756269621097	D:-0.097005099655349	D:-2.97104000191366	D:0.00313673027122315	D:0.0261051304216234	D:1.52283629098385	D:0.219282735598295	D:0.928150491476697	D:-0.0236227391966533	D:-0.0700755594978534	D:0.0739501037598346	D:13.2419438912897
S:KLF5	D:-0.0965605094770412	D:-3.15095729486265	D:0.0017444164886314	D:0.012776477737761	D:-0.092600646228035	D:-2.9699104261401	D:0.00314804758725489	D:0.026177020384063	D:0.461829164813437	D:0.630446550946873	D:0.984208797062414	D:-0.00434914342513447	D:-0.0385331535221786	D:0.0387778154219159	D:12.4293055274031
S:LOC100130193	D:-0.0935357595924255	D:-3.39278546775588	D:0.000757819674810808	D:0.00717663924362929	D:-0.0822342588696582	D:-2.96946705192116	D:0.00315249999058135	D:0.0261807792022034	D:0.157444004881482	D:0.854374570142208	D:0.991098228766629	D:0.00576491904858318	D:-0.0195572172269254	D:0.0203891892261038	D:10.9050641191381
S:NAA30	D:-0.0776749622917176	D:-3.54574801603246	D:0.000435777145527684	D:0.00489397770158417	D:-0.0668703912566957	D:-2.96946516178537	D:0.00315251898381784	D:0.0261807792022034	D:0.389931904283357	D:0.677345517961184	D:0.986364991209785	D:-0.00445008471704446	D:-0.0253493721612705	D:0.0257370146473803	D:12.6637882843938
S:NEMF	D:-0.0671742840630883	D:-3.19315526856781	D:0.00151371618798756	D:0.0115660181669319	D:-0.0631415053696901	D:-2.96883692104459	D:0.00315883773244598	D:0.0262109758512641	D:2.08734076388962	D:0.125288953139035	D:0.888724539846668	D:0.026822109054178	D:-0.0512365417515492	D:0.0578325924092329	D:10.1578757424097
S:FGL2	D:-0.0624489452843408	D:-2.70998582310855	D:0.00700549225325255	D:0.0338261240723519	D:-0.068855312116565	D:-2.96840389270685	D:0.00316319980720611	D:0.0262325995294651	D:0.420305098094611	D:0.657119731214547	D:0.985706471962942	D:-0.0277941796755962	D:0.0110575701532312	D:0.0299129784797997	D:19.4463015610696
S:TCTN3	D:-0.0768159568681293	D:-3.64893689208456	D:0.000296648004322024	D:0.003766600813812	D:-0.0644758538248523	D:-2.96831176028269	D:0.00316412860605646	D:0.0262325995294651	D:3.06926333888491	D:0.0474888990780256	D:0.826061255087532	D:0.0159157600383161	D:-0.0685434175382345	D:0.0703669773787251	D:11.1285061719383
S:SLC16A4	D:-0.11850103788162	D:-3.2447003261192	D:0.00127024554632326	D:0.0102980094009308	D:-0.108611012061247	D:-2.96801721086958	D:0.00316709967056595	D:0.0262413413305104	D:0.261581140004022	D:0.769957541827532	D:0.989255413159452	D:-0.0315273001923043	D:-0.017746269606066	D:0.0361787332883125	D:16.0416971662809
S:EDAR	D:-0.183598201081082	D:-3.10421307104142	D:0.00203757589301873	D:0.0142131533978478	D:-0.175293704443855	D:-2.96794100117211	D:0.00316786879886771	D:0.0262413413305104	D:1.93124955074939	D:0.14623991328854	D:0.893013200900893	D:-0.0982132285621935	D:-0.118309327004627	D:0.153762593373348	D:14.6464933650844
S:PIBF1	D:-0.129451355434097	D:-2.97098596955556	D:0.00313975033648051	D:0.0192392164707325	D:-0.129436627152979	D:-2.96702911487036	D:0.00317708505715108	D:0.0262842587221801	D:0.769371993032902	D:0.463949578206204	D:0.967692421145506	D:-0.0239909594286872	D:-0.0660623749753059	D:0.0702837358261984	D:13.3305868787302
S:CDC37L1	D:-0.11408742240436	D:-3.07506427630167	D:0.00224268311186572	D:0.0151449085624139	D:-0.111331484162561	D:-2.96614907873991	D:0.00318600266013179	D:0.0263468802292151	D:1.03905111966991	D:0.354689218147565	D:0.959270072771647	D:-0.0401686950561562	D:-0.0587772908176462	D:0.0711919516404532	D:14.2899264581231
S:LZTS1	D:-0.221552151698015	D:-2.69029498440427	D:0.00742497430623348	D:0.0350716516601664	D:-0.242504978624051	D:-2.96526487311723	D:0.00319498556423003	D:0.0264099885408711	D:3.75242287272144	D:0.0242435909806125	D:0.741718797230534	D:0.0159036019248545	D:-0.290319923304077	D:0.290755193283747	D:11.7909663602075
S:HDGFRP3	D:-0.151415032533656	D:-3.38355806501854	D:0.000783038357063698	D:0.00734790372377422	D:-0.134590411029564	D:-2.96474080271948	D:0.00320032067619566	D:0.0264317271063142	D:0.661501337300304	D:0.516607685630698	D:0.972886610373122	D:0.0460072627012623	D:-0.0538897305268678	D:0.0708574010073851	D:9.3007753621527
S:CCDC6	D:-0.0722584662324877	D:-3.8766020640342	D:0.000122969520118826	D:0.00206229506317205	D:-0.0581146820795028	D:-2.96455801510513	D:0.00320218339598273	D:0.0264359382090827	D:1.35047107476432	D:0.260230308960509	D:0.939907763028795	D:-0.0195400018103827	D:-0.0372796947878223	D:0.0420902282510198	D:13.844073324898
S:PIK3C2B	D:-0.083649624603052	D:-3.97609171645997	D:0.0000825416807034172	D:0.00154054153068335	D:-0.0654945320129343	D:-2.96383040945546	D:0.0032096079844015	D:0.0264805106319456	D:1.79192935740332	D:0.16789790281095	D:0.909153832740887	D:0.0222541756984976	D:-0.0507058360917773	D:0.0553744539457121	D:10.4202608711001
S:GPI	D:-0.0840436182016703	D:-3.58513049555093	D:0.000376691539381562	D:0.00441433239230678	D:-0.070197182757357	D:-2.96284957140427	D:0.003219641506728	D:0.026535223400663	D:0.290108790835117	D:0.748330548239125	D:0.988887668865741	D:-0.0108338212913966	D:-0.0209340444846674	D:0.0235712940302384	D:13.8241695561065
S:GPRC6A	D:-0.255088411013976	D:-2.90783099869327	D:0.00383337987364253	D:0.0220707354480992	D:-0.25902462344383	D:-2.9611365655766	D:0.00323723358408314	D:0.0266577250175174	D:1.37427771853365	D:0.254146887911192	D:0.936923257986279	D:0.154308350050299	D:-0.12695352534766	D:0.199820580755448	D:8.6296684710052
S:C11ORF96	D:-0.177880377595022	D:-3.16451706980267	D:0.00166696600168859	D:0.0123664513168565	D:-0.16721401516699	D:-2.95965877824171	D:0.00325248060599539	D:0.0267494627616818	D:0.203254108432995	D:0.81615030497654	D:0.990538766746216	D:-0.00801151779359573	D:-0.045924683775111	D:0.0466182474702883	D:12.6597075972525
S:PPP1R2	D:-0.0463605358496592	D:-3.40001451861375	D:0.000738593511796795	D:0.00704041747025423	D:-0.0420112801124884	D:-2.95830258948534	D:0.00326653078585821	D:0.0268126394845055	D:2.69647275966293	D:0.0685995295557518	D:0.850339905642804	D:-0.0191101524260704	D:-0.0385595352410748	D:0.0430352841718901	D:13.7575380711199
S:SCUBE3	D:-0.237101599696939	D:-2.98874201109153	D:0.00296656052640792	D:0.0185147107143204	D:-0.234203446890267	D:-2.95731075601647	D:0.00327684133401357	D:0.0268706489752242	D:0.485756480752866	D:0.6155735374673	D:0.984208797062414	D:-0.0328930124611695	D:-0.0958346224448716	D:0.101322382166636	D:13.262906342018
S:SLC25A32	D:-0.09411582972492	D:-3.13161147305406	D:0.00186067458535998	D:0.0133038573262054	D:-0.0888387858620928	D:-2.95608535882727	D:0.00328962096397756	D:0.0269168515212981	D:2.91409083293512	D:0.0553407420665743	D:0.83656058396868	D:-0.0471945629986233	D:-0.0824296001613269	D:0.0949840289700708	D:13.9862020488083
S:ECD	D:-0.0620813868642062	D:-4.05641147411936	D:0.0000594647334325458	D:0.00120664626791835	D:-0.0470884017705154	D:-2.95608117099219	D:0.00328966471679338	D:0.0269168515212981	D:0.99709948545701	D:0.369811388550511	D:0.959270072771647	D:-0.0258947614441885	D:-0.0163273439435437	D:0.0306124293466266	D:15.8511643621502
S:DGCR2	D:-0.0713105262125455	D:-3.06265396167954	D:0.00233563887556079	D:0.0155611044211842	D:-0.068136016365401	D:-2.95598545693034	D:0.00329066484382477	D:0.0269168515212981	D:2.4904291068895	D:0.0840859435377733	D:0.860742263980279	D:-0.0637025100731028	D:0.033451914376788	D:0.0719516529697944	D:19.8470120875573
S:SCFD1	D:-0.0833574729831855	D:-3.21525467121692	D:0.00140447779327907	D:0.010986749623085	D:-0.0769857768822971	D:-2.95542912744466	D:0.00329648349838993	D:0.0269525456242835	D:1.713353810631	D:0.181505761838778	D:0.919575860018555	D:-0.0134575266583004	D:-0.0609644921667373	D:0.0624321578107551	D:12.8298703385005
S:UBQLN2	D:-0.0651380788982008	D:-3.2280127719114	D:0.00134478267946825	D:0.0106779351237258	D:-0.0601826713596104	D:-2.95496985142631	D:0.00330129415532542	D:0.0269805893304953	D:2.87663280532384	D:0.0574240246963382	D:0.83656058396868	D:-0.0158049221552289	D:-0.0612800394751255	D:0.0632853758968514	D:12.9641438358478
S:USP7	D:-0.0538792263507078	D:-3.13213214331644	D:0.00185745427298755	D:0.0133038573262054	D:-0.0507407723133622	D:-2.95483120369755	D:0.00330274767251737	D:0.0269811840588052	D:1.0262031571812	D:0.359253279602966	D:0.959270072771647	D:0.0333803569436554	D:0.00812630128672379	D:0.034355276192871	D:5.08784976258042
S:C11ORF24	D:-0.0697013338053944	D:-3.96131839091325	D:0.0000876214461508227	D:0.0016122511103891	D:-0.0545020207199701	D:-2.95401764615351	D:0.00331128841831978	D:0.0270299111272807	D:2.47725400630705	D:0.085188116847246	D:0.860742263980279	D:0.0222653229834701	D:-0.0496283879114901	D:0.0543941310644042	D:10.3891364341214
S:MAP6	D:-0.127627159420839	D:-2.75298130554957	D:0.00616288476891815	D:0.0308554781628054	D:-0.138646221838773	D:-2.95399953297536	D:0.00331147880040478	D:0.0270299111272807	D:0.28058919408251	D:0.755478702593485	D:0.988887668865741	D:0.0280046761961584	D:-0.0382383355486845	D:0.0473965420087317	D:9.58546711098239
S:NT5DC1	D:-0.0594461102468101	D:-3.40422672091564	D:0.000727601515562926	D:0.00697305601550522	D:-0.052426055233845	D:-2.95293784011142	D:0.00332265542572442	D:0.0270880044972181	D:2.35136971479445	D:0.0964793401065347	D:0.867885582684249	D:-0.0272853683720434	D:-0.0425642245825934	D:0.0505589214829149	D:14.177432917723
S:ISCU	D:-0.0559185605087483	D:-2.92431668658844	D:0.00363997252027903	D:0.0212451323234088	D:-0.0564648851078686	D:-2.95286950316607	D:0.00332337600030175	D:0.0270880044972181	D:2.14823571585932	D:0.117958160975836	D:0.886205468523186	D:-0.0227607913912353	D:-0.0464326170212287	D:0.0517111356304948	D:13.740907916988
S:CXCR5	D:-0.0652599961785066	D:-3.65471317084047	D:0.000290251918607897	D:0.00372655239258667	D:-0.0548268396311553	D:-2.95265426490187	D:0.00332564649998274	D:0.0270889780142404	D:3.38899795908373	D:0.0346590191660366	D:0.782175932890641	D:-0.0102935482439589	D:-0.0617083361442744	D:0.0625609773352805	D:12.6313530012291
S:PFAS	D:-0.0742785176560096	D:-3.09560289558878	D:0.00209628850804264	D:0.0145024359033458	D:-0.0709098301851467	D:-2.95077070681072	D:0.00334557630007236	D:0.0272240211199524	D:1.55291864295026	D:0.212830528575761	D:0.927783481998367	D:-0.0130952085622145	D:-0.0532667130341501	D:0.0548527775481825	D:12.9207877694879
S:ACR	D:-0.110146662355687	D:-3.00190783003276	D:0.00284384013890955	D:0.0179959456458651	D:-0.109608270145457	D:-2.95069261558207	D:0.00334640492964156	D:0.0272240211199524	D:0.0413953083534225	D:0.959453653223903	D:0.996760838460121	D:0.00616759516412302	D:0.0125082281541078	D:0.0139461464807928	D:1.74980831389261
S:FAM189A1	D:-0.153527085847555	D:-3.1398012660824	D:0.00181061269580763	D:0.0130992901476405	D:-0.144848934406769	D:-2.95026872631013	D:0.00335090611107847	D:0.0272379601982465	D:0.176138305468416	D:0.838563323851062	D:0.990538766746216	D:-0.0112194372155097	D:-0.0360892792078051	D:0.0377930131793124	D:13.151295165505
S:NCOA7	D:-0.0494042912337367	D:-2.9198301705175	D:0.0036917058336849	D:0.0214509734451492	D:-0.0498028342043412	D:-2.95010126529183	D:0.00335268586479504	D:0.027241095419526	D:4.88293020133071	D:0.00800611421257415	D:0.662881684141537	D:-0.0345384958420677	D:-0.0598275700593598	D:0.0690814434869462	D:13.9998578847782
S:WDR82	D:-0.0538953534391456	D:-3.13881890657002	D:0.00181655131772556	D:0.0131373905624261	D:-0.0512065715078418	D:-2.94989560996413	D:0.00335487272445125	D:0.0272475344590615	D:2.56744824716864	D:0.0779235431347628	D:0.852577803133483	D:-0.0325338492835605	D:-0.0406130619841125	D:0.0520372189200268	D:14.5798081591165
S:LOC389906	D:-0.0668817906965651	D:-3.54579163383663	D:0.000435707148030181	D:0.00489397770158417	D:-0.057348812677595	D:-2.94827163413649	D:0.00337218730032213	D:0.027362651357742	D:1.55938259008801	D:0.211469199607017	D:0.927560151843468	D:-0.0111717464888916	D:-0.0430777151215265	D:0.0445027803592479	D:12.9692503103603
S:GTF3C2	D:-0.0569327895477813	D:-3.04933996261674	D:0.00243929058420293	D:0.0161143263373595	D:-0.055238836404364	D:-2.94817245409346	D:0.00337324738349114	D:0.027362651357742	D:1.0437174542644	D:0.353046027423266	D:0.959270072771647	D:-0.0225484820084856	D:-0.0278405572870463	D:0.0358263962873788	D:14.6003018692563
S:RB1	D:-0.054943912784017	D:-2.84058561924462	D:0.00472318750839354	D:0.0257582216165838	D:-0.0569533198631476	D:-2.94800332744173	D:0.0033750557914635	D:0.0273659606726093	D:2.63108961424471	D:0.0731752712897901	D:0.850339905642804	D:-0.0226068667334509	D:-0.0530630466671709	D:0.0576780490750715	D:13.5383893646176
S:DUSP14	D:-0.0660316551148255	D:-3.45847199504736	D:0.000599020004343117	D:0.00613171812722307	D:-0.05702468521444	D:-2.94723263568957	D:0.0033833077313052	D:0.0274101228762169	D:0.372954392146979	D:0.68892232678065	D:0.986460847631032	D:0.0161551058699006	D:-0.0161395833203213	D:0.0228357963605672	D:8.9981640396982
S:ARHGAP1	D:-0.0784568664667455	D:-3.19401446064234	D:0.00150932641023225	D:0.0115481769027554	D:-0.0721621173078916	D:-2.94614759673302	D:0.00339495669423237	D:0.027493099362617	D:0.926524040705912	D:0.396727576971688	D:0.961008253576765	D:-0.033251572370469	D:-0.0298738099827918	D:0.0447002414758186	D:15.2041937623485
S:PRSS23	D:-0.119153747940894	D:-3.32155167711733	D:0.000973856621635375	D:0.00851460055632074	D:-0.108723498865437	D:-2.94511092378578	D:0.00340612062048498	D:0.027572080797389	D:0.0697607720676844	D:0.932627602459762	D:0.994656411863693	D:0.0130949751716238	D:-0.0135129344435107	D:0.0188169543768396	D:9.05999552591318
S:C7ORF46	D:-0.102851388480699	D:-3.36687722236565	D:0.000830622054456727	D:0.0076346122136119	D:-0.0916184360738744	D:-2.94441498519695	D:0.00341363398495376	D:0.0276214582608619	D:1.23553687178188	D:0.29172295254487	D:0.95080963711466	D:-0.00457329678855893	D:-0.0631492442302471	D:0.0633146277756383	D:12.2761436564584
S:SAV1	D:-0.0552064043842346	D:-3.45640804135651	D:0.000603496401697413	D:0.0061572610761363	D:-0.0480954665360349	D:-2.94403956636183	D:0.00341769329685299	D:0.0276363721583931	D:1.37223421966343	D:0.254663418743898	D:0.936923257986279	D:-0.00364240001650248	D:-0.0348337816330275	D:0.0350236979877577	D:12.3979632757561
S:H2AFV	D:-0.0713129127906267	D:-3.50772301464726	D:0.000500973515783752	D:0.00541156631947501	D:-0.0607681619707318	D:-2.94398296546004	D:0.00341830569094908	D:0.0276363721583931	D:0.126757541513492	D:0.880980608066388	D:0.991098228766629	D:-0.0134687338427593	D:-0.00506249888589736	D:0.0143887347010361	D:16.6266829026546
S:HSF2	D:-0.100739582267826	D:-3.78989582264373	D:0.000172865201244459	D:0.00259045927723771	D:-0.0821616901554711	D:-2.943621854285	D:0.00342221509794678	D:0.0276451034431493	D:1.2540050130993	D:0.286415688944997	D:0.948286990928089	D:-0.0470158582975757	D:-0.0366658163177212	D:0.059622755871417	D:15.4700489757292
S:MPP5	D:-0.077955888816863	D:-4.03759794196893	D:0.0000642434984368145	D:0.00128471827272358	D:-0.0618679554089094	D:-2.94196272228719	D:0.00344022948863634	D:0.0277676680865109	D:1.84475494096434	D:0.159330345463277	D:0.902380977219134	D:0.0126261696766499	D:-0.0513240584001271	D:0.05285431989311	D:11.0786123601197
S:SGK1	D:-0.0698561185256254	D:-2.71075175407242	D:0.00698961565982574	D:0.033757805143019	D:-0.0775765858969593	D:-2.94110657962304	D:0.00344955908892469	D:0.0278085124408736	D:0.84125841015289	D:0.431885919554531	D:0.966078042387016	D:-0.00672449933224241	D:0.0440533755193422	D:0.0445636487051667	D:23.4214076974389
S:ZNF77	D:-0.103716008827152	D:-3.42496710533028	D:0.000675667889809753	D:0.0066448043456328	D:-0.0900834888575177	D:-2.94069445068522	D:0.00345405839590611	D:0.0278133740727207	D:0.734047690390736	D:0.480571192418222	D:0.970523676882302	D:-0.0260393731589442	D:-0.0411805335725524	D:0.0487225337993711	D:14.1537389165479
S:ZBTB39	D:-0.102131761200213	D:-2.67701355795485	D:0.00772054449440204	D:0.0361271934782352	D:-0.111441904884436	D:-2.94066023641886	D:0.00345443216183885	D:0.0278133740727207	D:2.83511340033312	D:0.0598254008536906	D:0.83656058396868	D:-0.0258331749394013	D:-0.113955645390893	D:0.116847088298787	D:12.8515191041183
S:STARD9	D:-0.101277682748548	D:-3.59281037649282	D:0.000366082471082829	D:0.00434078735887716	D:-0.0839764226208699	D:-2.94025712593044	D:0.00345883863282269	D:0.0278259224882619	D:0.69858952952496	D:0.497857626735392	D:0.971534152892322	D:0.0432259050192996	D:-0.019409520227971	D:0.0473836294538264	D:7.61208542727273
S:WNT7B	D:-0.142680235642749	D:-2.93349390628405	D:0.00353620666314783	D:0.0208512415222003	D:-0.143134231225498	D:-2.93992375876072	D:0.00346248660527249	D:0.0278438068944979	D:3.23429103007056	D:0.0403618729770264	D:0.813813159090897	D:0.166587487603693	D:0.045236196497908	D:0.172620116150198	D:4.98719244252967
S:SNAPC1	D:-0.156796510655624	D:-3.17274066117334	D:0.00162155432983467	D:0.0121472585665452	D:-0.146561316789268	D:-2.93905974713361	D:0.00347195767993879	D:0.0279082907932663	D:0.912025970296901	D:0.402496065293163	D:0.963796907670492	D:-0.0042402978866846	D:-0.087099758629437	D:0.0872029132510721	D:12.1858095537217
S:NFE2L3	D:-0.111704750291561	D:-3.11888671930976	D:0.00194099442244829	D:0.0137224934909776	D:-0.105925547945556	D:-2.93891824210485	D:0.00347351107488662	D:0.0279082907932663	D:1.82313643407756	D:0.162782149619642	D:0.90401925079832	D:-0.0516846580969956	D:-0.0744127830417278	D:0.0906011377556518	D:14.3188377083316
S:TRMT61B	D:-0.115229845798793	D:-3.58029659665809	D:0.000383516321346694	D:0.00446620526545634	D:-0.0960179114091302	D:-2.93877717305374	D:0.00347506031562629	D:0.0279082907932663	D:0.155456978479085	D:0.856072668440223	D:0.991098228766629	D:-0.0106831542227016	D:0.0217111149196965	D:0.0241971546922834	D:22.2533388215631
S:PHYHIP	D:-0.17428828173783	D:-2.96019173844575	D:0.00324950720202042	D:0.0196894946464127	D:-0.172204519167252	D:-2.93823261777223	D:0.00348104662239215	D:0.0279241100361925	D:0.4446971436448	D:0.64131698600776	D:0.985040961253285	D:-0.013809770269789	D:-0.070197992680911	D:0.0715434688237409	D:12.7419631922232
S:MCCC2	D:-0.0788318384283112	D:-3.44337951857936	D:0.000632482243066684	D:0.00637079150091034	D:-0.0699857383033699	D:-2.93799891366284	D:0.00348361862328289	D:0.0279332751405708	D:0.183774307780795	D:0.83218982705745	D:0.990538766746216	D:-0.0190050722557599	D:-0.00638224157404818	D:0.0200480866657186	D:16.762468816268
S:HOXA10	D:-0.119569587316254	D:-3.32347916239414	D:0.000967325205147032	D:0.00848026102906153	D:-0.107791529121751	D:-2.936443628721	D:0.00350077936803818	D:0.0280478596272382	D:0.269988046208613	D:0.763519750253821	D:0.989044741352382	D:-0.0359599107545828	D:-0.0107646762500054	D:0.0375365613268583	D:16.8889877691796
S:ZBTB3	D:-0.0662788797116857	D:-4.2827467009534	D:0.0000229240896744344	D:0.00063902943841387	D:-0.048500782365808	D:-2.93605222326893	D:0.00350511020932257	D:0.0280525400896252	D:0.209239978409426	D:0.811284247321088	D:0.990538766746216	D:0.0125762306277018	D:-0.00793098935082418	D:0.0148681595661343	D:8.14912629605048
S:CALR	D:-0.0563888682698158	D:-2.85094911137146	D:0.00457483041099729	D:0.0251512701848548	D:-0.0579130219998335	D:-2.93569577185848	D:0.00350905854560753	D:0.0280681592467118	D:0.887056722531629	D:0.412629079667893	D:0.96415212136371	D:0.0223150786955486	D:-0.0276942256126878	D:0.0355658947515029	D:9.40928648774519
S:HOOK1	D:-0.120362052323714	D:-3.44413124329125	D:0.000630775084032835	D:0.00635756269621097	D:-0.107453955114933	D:-2.93547610867586	D:0.00351149373002597	D:0.0280721784158271	D:4.76972891135935	D:0.00894314454822283	D:0.682205037020486	D:0.0244755773680971	D:-0.145317850988543	D:0.147364621613975	D:11.362634880456
S:MTMR2	D:-0.0696899236939038	D:-3.38900722762586	D:0.000768052766474857	D:0.00726101553443888	D:-0.0606839687062361	D:-2.93539131402384	D:0.0035124341756664	D:0.0280721784158271	D:0.414677905588558	D:0.660820585880291	D:0.985706471962942	D:-0.0172767289645881	D:-0.0181707426241332	D:0.0250731180994372	D:14.9036840513029
S:CLASP2	D:-0.058056047861323	D:-3.34651535759428	D:0.000892353258853026	D:0.00800874492927956	D:-0.0525919543811714	D:-2.93425514219468	D:0.00352505750508553	D:0.0281603147535883	D:2.3011892758145	D:0.101389011759261	D:0.870946539528028	D:-0.0285916813683121	D:-0.0417428722724735	D:0.0505959645527499	D:14.2939400657729
S:GON4L	D:-0.0570910609386942	D:-3.51030905708254	D:0.0004962652284961	D:0.00537258660944171	D:-0.0498912713837019	D:-2.93413954934497	D:0.00352634410736556	D:0.0281603147535883	D:1.68862439342206	D:0.186013637940651	D:0.921744746511297	D:-0.00121915762102575	D:-0.0404533192553315	D:0.0404716862025624	D:12.1150815324707
S:RTKN	D:-0.165029131760429	D:-3.50455662435019	D:0.000506795334908814	D:0.00545399283456451	D:-0.137943521165224	D:-2.9339853944649	D:0.00352806059021765	D:0.0281624530751914	D:1.28112759739639	D:0.278796694060981	D:0.945897998731199	D:0.0468276452938684	D:0.0865351579605046	D:0.0983928957141614	D:1.89463986818519
S:HLCS	D:-0.0738092601584648	D:-3.81809118076131	D:0.000154850918938895	D:0.00238404270928349	D:-0.0599364962314254	D:-2.9338566899686	D:0.00352949427261367	D:0.0281624530751914	D:2.03720549953866	D:0.131666866497877	D:0.892106772592489	D:-0.0218312823588029	D:-0.0490682121206472	D:0.0537056266153427	D:13.5990063337903
S:MCM9	D:-0.0478582072530738	D:-2.93439273935935	D:0.00352619026503019	D:0.0208223489368269	D:-0.0476891603578541	D:-2.93320282583012	D:0.00353678610332275	D:0.0282091172428694	D:0.050403662824349	D:0.950851221994567	D:0.996760838460121	D:0.00492700100297917	D:-0.00503833418814427	D:0.00704699583331657	D:9.04267229774031
S:USP8	D:-0.0598515944172449	D:-3.02314031963518	D:0.0026556949958044	D:0.017172381175716	D:-0.0579915379207057	D:-2.93083185456143	D:0.00356334246306619	D:0.0283977467662221	D:0.359681107711427	D:0.698111562795767	D:0.987534244143049	D:-0.0151518693817411	D:0.0170548227134154	D:0.0228132883107055	D:21.2254284693253
S:MTA3	D:-0.0697362332963428	D:-3.71171981973987	D:0.000233715812483355	D:0.00317596710134717	D:-0.0584700741868403	D:-2.93028843258842	D:0.00356945471512141	D:0.0284291879098307	D:3.2440075233833	D:0.0399774410344732	D:0.813813159090897	D:-0.012909651192185	D:-0.0645106379260312	D:0.0657896762382016	D:12.7544238327682
S:C5ORF44	D:-0.115444082698587	D:-3.0783053303903	D:0.00221897364816785	D:0.0150297969008139	D:-0.109896673054465	D:-2.93012088812554	D:0.0035713411359178	D:0.0284291879098307	D:1.73354645356679	D:0.177906401080957	D:0.914741780794853	D:-0.0938257650764818	D:-0.0258788903523737	D:0.0973292923947222	D:16.9720102418528
S:NCOA3	D:-0.0688474282099773	D:-3.26244603384768	D:0.00119519452642842	D:0.0098462463073094	D:-0.0621519103201872	D:-2.92904792827933	D:0.00358344342466037	D:0.028474224417344	D:0.986523464433575	D:0.373724872557435	D:0.959577389001284	D:-0.0179355174284597	D:-0.0345541156278356	D:0.0389316027444082	D:13.8287890338778
S:PSMD5	D:-0.0635775724083297	D:-3.3632747577517	D:0.000841245804882809	D:0.00768754810521271	D:-0.0563209234025004	D:-2.92750380764865	D:0.00360092581278839	D:0.0285477645018418	D:1.92789809855225	D:0.146726416468861	D:0.893013200900893	D:-0.0297382858980669	D:-0.0399997940663797	D:0.0498432460169675	D:14.4419575079265
S:HECTD1	D:-0.0562777221158969	D:-2.82614464104633	D:0.00493720641682902	D:0.0265394889505147	D:-0.0582682750484941	D:-2.92740289673536	D:0.00360207102223358	D:0.0285477645018418	D:2.39112360410425	D:0.0927599250019363	D:0.867502138213932	D:0.0238737713169498	D:-0.0525017391049023	D:0.0576748607794873	D:10.3698396171949
S:KIAA1543	D:-0.163099078759439	D:-2.82334219358002	D:0.00497974539856359	D:0.0267479947315369	D:-0.169535991307304	D:-2.92735457936149	D:0.00360261948014646	D:0.0285477645018418	D:0.925059259533545	D:0.397306591691507	D:0.961255126201953	D:0.0556680266404784	D:-0.0896017927966399	D:0.105486541617483	D:9.87653592099065
S:XPO5	D:-0.0622702085574827	D:-2.88351805171223	D:0.00413575002846141	D:0.0232699946173811	D:-0.0629172559433149	D:-2.92708911418845	D:0.00360563417607786	D:0.0285588608648794	D:0.262968141278955	D:0.768891667628583	D:0.989044741352382	D:-0.0102421832971941	D:-0.0176593669037383	D:0.0204145917944535	D:14.0075418264564
S:CEP72	D:-0.0845942770043559	D:-3.93630935092046	D:0.0000969026384469087	D:0.00173404254385626	D:-0.0665669341482923	D:-2.92697394658689	D:0.00360694276723414	D:0.0285588608648794	D:1.50527466573291	D:0.223139922624548	D:0.929224825495277	D:-0.0113478603481395	D:-0.049819480849721	D:0.0510955439017592	D:12.8554584750922
S:PLK1	D:-0.0753722859129322	D:-2.99869772645949	D:0.00287332543968963	D:0.0180946350038592	D:-0.0735112914195755	D:-2.9267035297121	D:0.00361001708133642	D:0.0285704148328329	D:0.135282476285617	D:0.873506826411413	D:0.991098228766629	D:0.0100076560119237	D:-0.0144431045097312	D:0.0175714668349575	D:9.68545560981778
S:TADA1	D:-0.0616924129664712	D:-2.8823749468168	D:0.00415048695981363	D:0.0233327576759834	D:-0.0629176140242032	D:-2.92573038978823	D:0.00362110031016054	D:0.0286046175717762	D:2.32418356495469	D:0.0991088307902886	D:0.867938343868143	D:-0.0376407445858609	D:-0.0483480459211941	D:0.0612728259294111	D:14.5268052742868
S:TCF12	D:-0.0729750959407452	D:-3.97511528549374	D:0.0000828686129087001	D:0.00154369453274443	D:-0.058261099285025	D:-2.92563403346841	D:0.00362219941401221	D:0.0286046175717762	D:0.801271732946816	D:0.449436178815759	D:0.967692421145506	D:0.016016201799516	D:-0.0295266771575169	D:0.0335908229141093	D:10.1015465497176
S:NPY6R	D:-0.118420803029449	D:-2.84353295763679	D:0.00468055670188073	D:0.025591146757541	D:-0.122575072089775	D:-2.92543835592031	D:0.00362443237847182	D:0.0286046175717762	D:0.197754955023294	D:0.820646540030694	D:0.990538766746216	D:0.0364520394842511	D:0.00609765388905457	D:0.0369585249369087	D:5.36690371485254
S:ATG2B	D:-0.0740263450273447	D:-3.09938790277988	D:0.00207028939262647	D:0.0143663086013188	D:-0.07096795083918	D:-2.92481754320928	D:0.00363152506972681	D:0.0286490235718739	D:1.38071583757748	D:0.252526410407015	D:0.9367386625767	D:0.0143504907220362	D:-0.0508792628067622	D:0.0528643165823868	D:10.949926664209
S:SPATA5L1	D:-0.0616156435666792	D:-3.23753697546624	D:0.00130175994479483	D:0.0104621070719977	D:-0.0558768415978906	D:-2.92459227428033	D:0.00363410186371016	D:0.0286577822916709	D:0.535965372075156	D:0.585500017050598	D:0.982160840874667	D:-0.0238841345408928	D:-0.0127803632176596	D:0.0270885504732678	D:16.1232555820636
S:CCDC146	D:-0.0846453137721309	D:-2.77637679301724	D:0.00574391730259835	D:0.0293650705662949	D:-0.089075504771734	D:-2.92340604469433	D:0.00364769839134805	D:0.0287524654744075	D:0.867884405676295	D:0.420583222425213	D:0.965417982825822	D:-0.044223368931918	D:-0.0315939503989049	D:0.0543496463787667	D:15.6304880805972
S:C2ORF61	D:-0.0920761892525484	D:-3.12278596169759	D:0.00191604882617431	D:0.0135805259747089	D:-0.0862141308061231	D:-2.92328821792737	D:0.00364905144959473	D:0.0287524654744075	D:0.925065219055591	D:0.39730423422714	D:0.961255126201953	D:-0.0526063817831652	D:0.020453302538236	D:0.0564426167805564	D:19.416401728523
S:GPR39	D:-0.0982322556148461	D:-2.68389377464763	D:0.00756613369788383	D:0.0356126599694992	D:-0.10765284149447	D:-2.92258522389719	D:0.00365713377184729	D:0.0288045348793502	D:1.24158385496033	D:0.289974415368888	D:0.948286990928089	D:0.076228311747888	D:0.026024414928894	D:0.0805482816969079	D:4.7433365756122
S:LOC144438	D:-0.0510604384088836	D:-2.73836137017417	D:0.00643852706878026	D:0.0318116959421075	D:-0.0544693074418525	D:-2.92220154810849	D:0.00366155177990249	D:0.0288277128650583	D:0.388237068396154	D:0.678492374378704	D:0.986364991209785	D:0.00523787862129733	D:-0.0208499778779394	D:0.0214978359367171	D:11.0598748626991
S:LMAN1	D:-0.104225711398311	D:-3.7710231461104	D:0.000186009299890704	D:0.00273293814222875	D:-0.0834238363528365	D:-2.92186392719192	D:0.00366544349618058	D:0.0288467303096516	D:0.423971822685389	D:0.654719436572395	D:0.985706471962942	D:0.0152928036722745	D:-0.0313812949403952	D:0.0349092468594613	D:10.2679330066591
S:PAN3	D:-0.0644148675001563	D:-2.57442699477886	D:0.0103838659912127	D:0.0448224266256433	D:-0.0739198985898606	D:-2.92050859657926	D:0.00368110424889355	D:0.0289583164765012	D:0.346117036243657	D:0.707629360016482	D:0.987553110889477	D:0.0296683806767895	D:-0.00258299577483226	D:0.0297806091132417	D:6.33171684065327
S:SAR1A	D:-0.049302346486134	D:-3.10769286645628	D:0.00201427985472874	D:0.0140877031643717	D:-0.0465519384579242	D:-2.92002057981899	D:0.00368675818190928	D:0.0289824642200259	D:0.346415750975331	D:0.707418356830049	D:0.987553110889477	D:0.00522210431716829	D:-0.0166294478070747	D:0.0174301149700055	D:10.8377517295935
S:PDE4D	D:-0.0818704529240618	D:-3.35206557881818	D:0.000875116474187499	D:0.00788775416148427	D:-0.0726591522001497	D:-2.91856905889395	D:0.0037036216845705	D:0.0291003101480467	D:0.910259598240428	D:0.403204603732655	D:0.963796907670492	D:-0.0463146397530333	D:0.0104491010054322	D:0.0474787275237551	D:18.8475806906547
S:APPL2	D:-0.0554986819282824	D:-2.9191762444474	D:0.00369930191893606	D:0.0214823354525794	D:-0.0557575197972875	D:-2.91671777742619	D:0.00372523163867247	D:0.029223103754034	D:1.33739026733255	D:0.263634969659654	D:0.939907763028795	D:0.00445912694992986	D:0.0402123524327722	D:0.040458832179551	D:0.421843194216565
S:KCNMB3	D:-0.156555041732799	D:-3.25575088766907	D:0.00122301340724916	D:0.0100331255210142	D:-0.141340510563872	D:-2.91653357273892	D:0.00372738813443677	D:0.0292247468431466	D:0.96467129546834	D:0.38194322360614	D:0.960227634080898	D:-0.0950495077356416	D:0.0000583153462224782	D:0.095049525624631	D:18.0023434964787
S:ZNF75D	D:-0.0986359919323119	D:-2.9637217174948	D:0.00321323384588904	D:0.0195485064080068	D:-0.0978212360309463	D:-2.91614899078361	D:0.00373189413058232	D:0.0292401536510462	D:0.723071071553507	D:0.485857032745495	D:0.970580953256742	D:-0.024582171430729	D:-0.0466254106508363	D:0.0527087475720005	D:13.8532936604485
S:YIPF4	D:-0.0566982302064698	D:-2.95039461165617	D:0.00335215087011911	D:0.02014279832503	D:-0.0557931623896124	D:-2.9154601100519	D:0.00373997790035834	D:0.0292917467538687	D:1.28756100654373	D:0.277019568832478	D:0.945709188426878	D:-0.038204806216991	D:0.0196745211538085	D:0.0429731776892225	D:19.8164891039852
S:ZNF818P	D:-0.0527065556354132	D:-2.70643802000286	D:0.00707945764262309	D:0.0340376826868086	D:-0.0568788871030115	D:-2.91487933907093	D:0.00374680544667317	D:0.0293217161527595	D:0.572593018891039	D:0.56449643712827	D:0.9797224507603	D:-0.0236617608740711	D:0.0166700530513693	D:0.0289442497984865	D:20.3443499897675
S:LCLAT1	D:-0.0745800555390987	D:-3.06898154219283	D:0.00228781043221912	D:0.0153260554185786	D:-0.0711976258608924	D:-2.91445206093489	D:0.0037518357873558	D:0.029336591728592	D:2.48554699617021	D:0.0844926794921125	D:0.860742263980279	D:-0.0156759316303993	D:-0.0687629300718524	D:0.0705271251686003	D:12.856152380169
S:KCNK5	D:-0.0663819442558844	D:-2.82856858498322	D:0.00490067914221395	D:0.0263967472273571	D:-0.0687388129557153	D:-2.91437894727538	D:0.00375269717062062	D:0.029336591728592	D:0.228087037124497	D:0.796152572771517	D:0.99041042631924	D:0.0133715617635006	D:0.0163119794528845	D:0.0210921629442416	D:2.62285342671253
S:AP3M1	D:-0.0412239048817635	D:-2.82903223739641	D:0.00489372021394566	D:0.0263801894346792	D:-0.0423207030164166	D:-2.91420803857118	D:0.003754711422814	D:0.029336591728592	D:1.5379382367907	D:0.216019398135775	D:0.927783481998367	D:-0.0303937448666166	D:-0.0169938055941775	D:0.0348219636951979	D:16.0526328275066
S:GCC2	D:-0.0614308057454235	D:-2.83943340797535	D:0.00473994896975279	D:0.0258212284281963	D:-0.0633818876934732	D:-2.91357688000315	D:0.00376215851862136	D:0.0293712902965961	D:1.2682653202619	D:0.28238410796049	D:0.946954734546031	D:0.00365181753539907	D:-0.0448535016351802	D:0.04500191529534	D:11.6896960965435
S:CD247	D:-0.0669230077878085	D:-3.18290860885722	D:0.00156698599845596	D:0.0118454442537052	D:-0.0620740242529701	D:-2.91256547688515	D:0.0037741202490692	D:0.029450626582212	D:0.847500218857357	D:0.429209193089153	D:0.966078042387016	D:0.0207033317407587	D:-0.0309820864740863	D:0.0372628182972741	D:9.7498497020552
S:C11ORF92	D:-0.0810826806923745	D:-2.63836373761895	D:0.00864181213646168	D:0.039235513698559	D:-0.0925955301435939	D:-2.91246293645352	D:0.00377533491573824	D:0.029450626582212	D:0.0450414935103928	D:0.955962387996934	D:0.996760838460121	D:0.0134645688325743	D:-0.0008365593559998	D:0.0134905316946087	D:6.23701607183458
S:MOXD1	D:-0.125442557966204	D:-3.24861081696047	D:0.0012533414843047	D:0.0102048108103326	D:-0.11535580927771	D:-2.91187131596624	D:0.00378235006023223	D:0.0294857117431529	D:1.12149516521891	D:0.326756700801601	D:0.956911684216668	D:-0.0668820711103246	D:-0.044868615357968	D:0.0805382150295609	D:15.7429237138584
S:CCDC85C	D:-0.0633348799038773	D:-3.48824689047182	D:0.000537798826862455	D:0.00568772610549744	D:-0.0535170867165431	D:-2.91153734414499	D:0.00378631538130604	D:0.0294952353774489	D:0.177865197311795	D:0.837117671190668	D:0.990538766746216	D:0.0139367890166893	D:-0.00649458293443485	D:0.0153757502447186	D:7.66571011630282
S:LATS2	D:-0.0686816635501495	D:-3.24104076479442	D:0.00128625600238831	D:0.0103862514639132	D:-0.061996951529384	D:-2.91147205497216	D:0.00378709101693973	D:0.0294952353774489	D:0.478306073738052	D:0.620166456972272	D:0.984208797062414	D:-0.0107626020297942	D:0.0253531682730658	D:0.0275429980926936	D:22.4665619126351
S:SRPRB	D:-0.0690700316769837	D:-3.76971434856061	D:0.000186954943159772	D:0.00273662006449326	D:-0.0555446564965443	D:-2.91099339985533	D:0.00379278186849135	D:0.0295196824865213	D:0.606886680607191	D:0.545517854930471	D:0.977876381964511	D:0.0141218458112658	D:-0.024271569458279	D:0.028080876287702	D:9.98720098643214
S:C14ORF167	D:-0.107109508167604	D:-3.09020680150633	D:0.00213387402189821	D:0.0146683622947031	D:-0.101459092511241	D:-2.91054918179184	D:0.00379807026541121	D:0.0295368332319766	D:1.25053949450656	D:0.287404141326535	D:0.948286990928089	D:-0.0453758881088429	D:-0.0570698401274296	D:0.0729104784913431	D:14.565866651123
S:SYNC	D:-0.0951252000656628	D:-2.89681058947843	D:0.00396784691872996	D:0.0226249479541588	D:-0.0954924852220731	D:-2.91051494183799	D:0.00379847816958994	D:0.0295368332319766	D:1.08865164684638	D:0.337609221970887	D:0.95707960515839	D:-0.0460317544313895	D:-0.0453911566607443	D:0.064647347347219	D:15.0267642231884
S:LOC645513	D:-0.0906640971879835	D:-4.12575234799995	D:0.0000446083148307279	D:0.000985547128220567	D:-0.0697454146961808	D:-2.91031694176713	D:0.00380083774887623	D:0.0295434250003144	D:1.20932753181115	D:0.299424904303969	D:0.953382074134607	D:-0.0113194986296461	D:-0.0469230217377649	D:0.0482690482424226	D:12.904176538267
S:PAPD7	D:-0.0845807634812269	D:-3.31524984261706	D:0.000995497976716027	D:0.00862279519636874	D:-0.0758144043441862	D:-2.90996425267374	D:0.00380504407820912	D:0.0295632077436742	D:0.336063161260203	D:0.714768118426422	D:0.987963002548223	D:0.0178735137566572	D:-0.0226884073779568	D:0.0288829763590516	D:9.45130697618527
S:MDFIC	D:-0.0700260709553222	D:-3.37866588002376	D:0.000796723818105063	D:0.00742928961954931	D:-0.0622360745595257	D:-2.90963106057692	D:0.00380902177662084	D:0.0295632077436742	D:1.9914294073365	D:0.137774772938405	D:0.893013200900893	D:0.00671013767228261	D:-0.055122353067495	D:0.0555292693566065	D:11.5372957442152
S:EID2B	D:-0.103176945800447	D:-3.67159964351006	D:0.000272289036538076	D:0.00356383125451476	D:-0.0856422299818943	D:-2.90959651751909	D:0.00380943437380746	D:0.0295632077436742	D:0.94296759044043	D:0.390285479472589	D:0.960227634080898	D:0.0272675458801318	D:-0.0466171230834533	D:0.0540062517020291	D:9.97836963212848
S:RUFY2	D:-0.0642473667888417	D:-3.93288761826746	D:0.0000982426847952291	D:0.00174353645079712	D:-0.050172426671372	D:-2.90764729961692	D:0.00383278281560134	D:0.0297207972220896	D:1.22171616301852	D:0.295759208659488	D:0.952915201387479	D:-0.00501547713625106	D:-0.0345410244115295	D:0.0349032574167818	D:12.5507870451715
S:PCDHGC5	D:-0.129900850615923	D:-2.8408174041464	D:0.00471982219671714	D:0.0257481980865577	D:-0.134087894289732	D:-2.90730282542131	D:0.00383692259462993	D:0.0297293038943948	D:0.640837756326722	D:0.52736033831566	D:0.97536435694998	D:-0.0361559745798086	D:-0.0581881141985304	D:0.0685062853451928	D:14.1236874805207
S:MFN2	D:-0.0660642952377625	D:-2.90021440394859	D:0.00392586295899654	D:0.0224642132010985	D:-0.0660268932347139	D:-2.90689375418331	D:0.00384184397508162	D:0.0297438483031181	D:0.694693650388062	D:0.499794626018852	D:0.971534152892322	D:-0.0258644082619694	D:0.0258745214716632	D:0.0365849487648868	D:21.0007466257077
S:LRIG2	D:-0.0846922919109531	D:-3.48252628148031	D:0.000549087072643278	D:0.00577798087588707	D:-0.0727423768988317	D:-2.90558753593293	D:0.00385759714453276	D:0.0298303544920122	D:0.180560472200364	D:0.834866347277343	D:0.990538766746216	D:0.020971963819539	D:-0.0035953940260714	D:0.0212779257600633	D:6.6485406640834
S:MMP21	D:-0.10464991899933	D:-3.20739968353147	D:0.00144244116834289	D:0.011217360970973	D:-0.0940122769337135	D:-2.90460258002822	D:0.00386951476755819	D:0.0299106756617305	D:2.30406368300863	D:0.101101119098751	D:0.870946539528028	D:0.0937008699877551	D:0.0247174678378036	D:0.0969061724183503	D:5.01483367927993
S:RASGEF1A	D:-0.0456610507196654	D:-3.26684202250518	D:0.00117724914596026	D:0.00973218489794086	D:-0.0402322999837246	D:-2.903911942506	D:0.00387789124945403	D:0.0299398944707946	D:6.20647263995703	D:0.00220425709626768	D:0.54720528830462	D:-0.00513682354385497	D:0.0631930120014652	D:0.0634014488946272	D:23.6901845094317
S:GPR124	D:-0.0557993995392368	D:-2.8865127641561	D:0.00409736779309684	D:0.0231473443321496	D:-0.0564075268535518	D:-2.90358616507384	D:0.00388184821585546	D:0.0299582167790417	D:1.01683854879796	D:0.362617064555309	D:0.959270072771647	D:-0.0317784988526451	D:0.0216399467464489	D:0.0384468501247724	D:20.2835581045132
S:PTCD2	D:-0.169224092095659	D:-3.09724793337122	D:0.00208495208079872	D:0.0144526600251465	D:-0.161258218971427	D:-2.90344069987402	D:0.00388361625747462	D:0.0299582167790417	D:1.24945074641807	D:0.287715386417256	D:0.948286990928089	D:-0.0241202567907762	D:-0.11108085246813	D:0.113669444322999	D:12.8167402095968
S:PUS10	D:-0.107137202337494	D:-3.16403911652214	D:0.00166964108743159	D:0.012374529536259	D:-0.0984292552411468	D:-2.90273058649212	D:0.00389225779984588	D:0.0299915653260207	D:0.735367514796307	D:0.479939528688982	D:0.970523676882302	D:-0.0446834665797606	D:-0.0330740209595651	D:0.0555922930631426	D:15.5661146171771
S:SEC61B	D:-0.0610908953143412	D:-4.08406349007057	D:0.0000530498544611111	D:0.00111587427989727	D:-0.046122106551574	D:-2.90242613779934	D:0.00389596807540689	D:0.0300075446705493	D:0.100600186322912	D:0.904316086171032	D:0.992797736712659	D:-0.00390428097443254	D:0.00859935506861684	D:0.00944416844001959	D:22.372066095039
S:MC2R	D:-0.170945155220506	D:-2.68837060541631	D:0.00746715941863272	D:0.0352283346691217	D:-0.186047529792635	D:-2.90182963381357	D:0.00390324693770704	D:0.0300407043756334	D:0.863964693571485	D:0.422228290730721	D:0.965417982825822	D:0.0354449207193149	D:-0.105035697742007	D:0.110855041405201	D:10.7568484857309
S:EXOC8	D:-0.0664333672943719	D:-2.67541448928797	D:0.0077568353878701	D:0.0362276100177748	D:-0.0720839639193553	D:-2.90100751361481	D:0.00391329920592529	D:0.0300825254850457	D:0.757280961047189	D:0.469572889249508	D:0.967692421145506	D:-0.0216413527256035	D:-0.0338240881186214	D:0.040154913582901	D:14.1741303792378
S:IMMT	D:-0.0633677326211842	D:-3.2308489841272	D:0.00133183524948649	D:0.0106312878309705	D:-0.0577277009716465	D:-2.90041126983778	D:0.00392060438310822	D:0.0301257751195786	D:2.0417253540636	D:0.131078738951209	D:0.892106772592489	D:0.000440506180379586	D:-0.0521296429380287	D:0.0521315040886153	D:11.9677233619279
S:SACS	D:-0.145251773950666	D:-3.04854528409628	D:0.00244560893033645	D:0.0161396974359016	D:-0.139836968644455	D:-2.89988470723401	D:0.0039270661597407	D:0.0301257751195786	D:0.534022263891925	D:0.586635943830711	D:0.982974873812032	D:-0.0516957674832505	D:-0.0427044447572969	D:0.0670531280233168	D:15.3627219369916
S:COIL	D:-0.0812905523484259	D:-3.34081469878985	D:0.000910385627400536	D:0.00811580544937677	D:-0.0730292563408453	D:-2.89986739768032	D:0.00392727874071193	D:0.0301257751195786	D:4.44428387485376	D:0.0122976847162447	D:0.709441948440271	D:-0.0456487890016817	D:-0.0868299868169761	D:0.0980982086888252	D:13.8488050514151
S:NUCKS1	D:-0.0621639458593962	D:-3.49687461773446	D:0.000521183823943438	D:0.00556223544712108	D:-0.0547101121812909	D:-2.89979813146248	D:0.00392812951346748	D:0.0301257751195786	D:1.36591656089627	D:0.256267000494409	D:0.93724751200847	D:-0.00116623612608138	D:-0.0403720704552031	D:0.0403889115914463	D:12.110310304354
S:IBTK	D:-0.0759110113321857	D:-3.32062214496154	D:0.000977021032406859	D:0.00852700669685682	D:-0.0679308978186968	D:-2.89979439799681	D:0.00392817537509268	D:0.0301257751195786	D:3.02799957211766	D:0.0494605220488497	D:0.832973145363817	D:-0.00476794981599983	D:-0.0744769086783471	D:0.0746293727143056	D:12.2442019604288
S:SPG20	D:-0.142131366251328	D:-2.93816700499552	D:0.00348441285156832	D:0.0206580435474808	D:-0.140576646303248	D:-2.8991019556848	D:0.00393668973046952	D:0.0301705015012013	D:0.187511878045474	D:0.829087975410262	D:0.990538766746216	D:-0.0238899452131433	D:-0.0311088097296726	D:0.039223558291975	D:14.5014923372502
S:MSH3	D:-0.0734394002330028	D:-3.70435999725673	D:0.000240382473363934	D:0.00325045533052675	D:-0.0611261787273356	D:-2.89903979549772	D:0.00393745488184401	D:0.0301705015012013	D:2.50053267816528	D:0.0832504371344456	D:0.860742263980279	D:0.0100121009227667	D:-0.0606295899190609	D:0.0614507065756054	D:11.3748702824777
S:VRK1	D:-0.107997893543821	D:-3.01106073010214	D:0.00276128499807281	D:0.0175931757898079	D:-0.104842948688516	D:-2.89894360129214	D:0.00393863923696661	D:0.0301705015012013	D:1.01830045943053	D:0.362089866542983	D:0.959270072771647	D:0.0513598146082419	D:-0.0485843261553748	D:0.0706984250501014	D:8.89395215321706
S:TRPM3	D:-0.117992547761618	D:-3.29569355785708	D:0.00106553490005076	D:0.00907682202064152	D:-0.105172617214445	D:-2.89877610604698	D:0.00394070223429064	D:0.0301744758465022	D:0.0345736878052135	D:0.96601987626989	D:0.996760838460121	D:0.0119757333226704	D:0.00540740620447945	D:0.0131399478871098	D:4.37995886206109
S:YAF2	D:-0.100941408649908	D:-3.08135535519502	D:0.00219687239746669	D:0.0149379917143206	D:-0.0951141274126305	D:-2.89810771555435	D:0.00394894444340236	D:0.0302139089148495	D:0.314913649173362	D:0.730022439907724	D:0.988887668865741	D:-0.0365562394651534	D:-0.00298402242464901	D:0.036677827548322	D:17.6888927564781
S:RTKN2	D:-0.154860489487287	D:-3.35893051996843	D:0.000854225268643654	D:0.00778201210935461	D:-0.136143767105257	D:-2.8976714209755	D:0.00395433304980359	D:0.0302432963311984	D:0.70061534090796	D:0.496853392352903	D:0.971534152892322	D:0.0461572260968327	D:-0.0593250780581227	D:0.0751661786148297	D:9.47437939757952
S:SLC25A17	D:-0.0444775591338014	D:-2.78372058795214	D:0.00561782271569985	D:0.0289498612045071	D:-0.0464780519793808	D:-2.89710680753932	D:0.00396131644926874	D:0.0302504400683108	D:0.335200559845208	D:0.715383969075372	D:0.988037262416837	D:-0.00876867127567341	D:-0.0148105295588527	D:0.0172116641192671	D:14.0418621721722
S:SLC39A8	D:-0.101498157895527	D:-3.31777835384253	D:0.000986761599383295	D:0.00858987049880156	D:-0.0901873477270198	D:-2.89709526760538	D:0.00396145929762077	D:0.0302504400683108	D:1.54794982309217	D:0.213882961425095	D:0.927783481998367	D:-0.0119224057223154	D:-0.0698756157939922	D:0.0708854388488715	D:12.6455166104834
S:EPB41L2	D:-0.142668918443289	D:-3.58567348761296	D:0.00037593206976254	D:0.00441206521034821	D:-0.119423609377995	D:-2.89695777551191	D:0.00396316161992932	D:0.0302516176621246	D:2.95185082304822	D:0.0533175009807209	D:0.83656058396868	D:0.0364552616871888	D:-0.126214822392069	D:0.131374150791329	D:10.9259620086966
S:FAM176A	D:-0.143523333425861	D:-2.75458952119557	D:0.00613322416201291	D:0.0307463656618508	D:-0.150204180017104	D:-2.89651578415909	D:0.00396863853686454	D:0.0302815953334128	D:1.45567049846816	D:0.234407070821995	D:0.932707338252518	D:-0.0804736732782625	D:-0.0859758583332253	D:0.117761879685369	D:14.8737806679262
S:SAR1B	D:-0.0602206914211471	D:-2.78698148744968	D:0.00556264016721611	D:0.0287861118266514	D:-0.0622336296429322	D:-2.89616275263138	D:0.00397301806548129	D:0.0303031795540867	D:0.947799992199655	D:0.388412345060698	D:0.960227634080898	D:-0.0393978819337109	D:-0.011919094109843	D:0.0411613642298444	D:16.8778525861609
S:THRA	D:-0.0532323210858317	D:-3.21498889655508	D:0.00140574703073746	D:0.0109922780022572	D:-0.0484978962613495	D:-2.89572645723059	D:0.0039784366074103	D:0.030322207726699	D:0.00789843499724847	D:0.992132821640604	D:0.998940164677581	D:-0.00254426949963704	D:-0.00135594476270905	D:0.00288303546393405	D:16.1296686921744
S:ANGEL2	D:-0.0558172319578615	D:-3.20720574712936	D:0.00144339036481475	D:0.011217360970973	D:-0.0508385129900764	D:-2.89564909513553	D:0.00397939810341177	D:0.030322207726699	D:2.31083076734739	D:0.100426585339354	D:0.870946539528028	D:-0.032117735985442	D:-0.0383400000699886	D:0.0500150434389222	D:14.6635458391432
S:ARHGAP17	D:-0.082040184289347	D:-3.05199291098064	D:0.00241830588202605	D:0.0160081691194685	D:-0.077985334082037	D:-2.89558716171704	D:0.00398016799646809	D:0.030322207726699	D:1.70763328277318	D:0.182538688869028	D:0.921744746511297	D:0.0163531831844545	D:-0.0630879359502068	D:0.0651729565289294	D:11.0312035980039
S:APBB2	D:-0.0879173937683427	D:-2.71290689668388	D:0.00694511666714186	D:0.0336154140702326	D:-0.0932475974817544	D:-2.89478498764234	D:0.00399015207683094	D:0.0303745857940605	D:2.83392173896098	D:0.0598957933069017	D:0.83656058396868	D:0.0643126912866718	D:-0.0813685271759189	D:0.103715762906672	D:9.4451723982588
S:ST7-AS1	D:-0.131259052440776	D:-3.12554392959236	D:0.0018985833601917	D:0.013486084129955	D:-0.120958697147964	D:-2.89456716021115	D:0.00399286715410314	D:0.030383417857605	D:1.37844702237908	D:0.253096284248076	D:0.9367386625767	D:-0.0943924424957531	D:-0.0221154519484462	D:0.0969485761380645	D:17.120924268528
S:TUSC5	D:-0.101994313413004	D:-3.04162919227756	D:0.00250123551838151	D:0.0163905577681734	D:-0.0971251991825131	D:-2.89394329473132	D:0.0040006525485863	D:0.0303953154945276	D:0.948414357108694	D:0.388174853136279	D:0.960227634080898	D:-0.0652748186879168	D:0.00250712508125733	D:0.0653229487310048	D:18.1466385897561
S:LOC55908	D:-0.189940805215798	D:-3.01457883211019	D:0.00273014209532229	D:0.0174920072210167	D:-0.182835622118297	D:-2.89362306911512	D:0.00400465410435949	D:0.0304101402675256	D:0.57560736401039	D:0.562801993377879	D:0.9797224507603	D:0.0644856322245848	D:0.0635424545793885	D:0.0905319849411138	D:3.02813920088879
S:COX18	D:-0.0632855119902532	D:-2.69665866778799	D:0.00728699671917529	D:0.0346713423154138	D:-0.0676828839815462	D:-2.89266391105622	D:0.00401666162195528	D:0.0304681837893175	D:2.73243264290319	D:0.0662066141158931	D:0.847670464859297	D:-0.0407158708426496	D:-0.0593542399808117	D:0.071977134856669	D:14.2966250414387
S:GATM	D:-0.158609035532501	D:-3.28773859173665	D:0.00109531155109282	D:0.00925756185982045	D:-0.142468779057153	D:-2.89004232250894	D:0.00404964832502038	D:0.0306602781554527	D:1.30843351077827	D:0.271331861307436	D:0.942697970924224	D:-0.0243092091795986	D:-0.100379094696981	D:0.103280686980301	D:12.9075635563522
S:TMEM139	D:-0.155682521306809	D:-2.69588046919594	D:0.00730374482212948	D:0.034728167993658	D:-0.165904030084037	D:-2.88952059748368	D:0.0040562424112971	D:0.0306750883645663	D:0.546095941171388	D:0.57961345750488	D:0.982115268178959	D:-0.0717141938716405	D:-0.0398764523415571	D:0.082055207354608	D:16.0615926517647
S:SDR42E1	D:-0.11480489059256	D:-2.58924555444142	D:0.009954313539148	D:0.0434411542417222	D:-0.127611139894502	D:-2.88951495193826	D:0.00405631381884444	D:0.0306750883645663	D:0.802714389414765	D:0.448790704148327	D:0.967692421145506	D:0.0667726761534628	D:-0.0402511721221012	D:0.0779663205358457	D:8.07213014667595
S:GGA2	D:-0.0461663121928092	D:-4.0575415313541	D:0.0000591887206909791	D:0.00120518524630248	D:-0.0352460077151872	D:-2.88913183758052	D:0.00406116230802837	D:0.0306952657168647	D:1.58082110544451	D:0.207016487823999	D:0.927138374549935	D:0.00692197411625157	D:-0.0275350502155375	D:0.0283917719777795	D:11.059263091476
S:GIMAP6	D:-0.0736791451088331	D:-3.3142445979305	D:0.000998991167574338	D:0.0086453881335563	D:-0.0643329978460619	D:-2.88850406013871	D:0.00406911853477822	D:0.0307362370653658	D:1.38157787664456	D:0.252310224279056	D:0.9367386625767	D:-0.0456285563432259	D:-0.022440999495065	D:0.0508484376584418	D:16.254077022667
S:ZMPSTE24	D:-0.0551030966481192	D:-2.78600070441595	D:0.00557918562063877	D:0.0288226446750115	D:-0.057191769692317	D:-2.88801843247853	D:0.00407528294241353	D:0.0307708766948372	D:0.209481231770801	D:0.81108873891322	D:0.990538766746216	D:-0.0178684450953978	D:0.00306181322019175	D:0.0181288728365165	D:18.6482251339965
S:C13ORF23	D:-0.0690755002137645	D:-3.34271865979149	D:0.000904325646778286	D:0.00807283118487641	D:-0.0606101279498524	D:-2.88742231315503	D:0.00408286152551459	D:0.0308043231930813	D:4.20616155956364	D:0.0155299850685029	D:0.71710010037883	D:0.0429352394632006	D:-0.0692956885227216	D:0.0815188765599749	D:9.88119102544009
S:STIM2	D:-0.0857181386954024	D:-2.67547593853899	D:0.00775543796659686	D:0.0362276100177748	D:-0.0926573292441804	D:-2.88715749489314	D:0.00408623232849937	D:0.0308161424287542	D:1.00538040403027	D:0.366775930845647	D:0.959270072771647	D:-0.0380847846052126	D:-0.0466784592741357	D:0.0602439156980403	D:14.6140586693239
S:HN1L	D:-0.068797550789398	D:-3.80469893895068	D:0.000163174187869317	D:0.00247753442513934	D:-0.0534144152995744	D:-2.88692772475371	D:0.00408915906646331	D:0.0308161424287542	D:0.103132980375674	D:0.902029635103464	D:0.992612422987167	D:-0.00415850094640793	D:-0.0101088089215261	D:0.0109307432470624	D:13.4907327238747
S:RGS1	D:-0.217427859348721	D:-2.77895073518033	D:0.00569943350371343	D:0.0292393358088906	D:-0.225201695121332	D:-2.88623112874497	D:0.00409804375372932	D:0.0308592959505298	D:0.0872063196956781	D:0.916504419266317	D:0.993836342604036	D:-0.0178017560605828	D:-0.0385544195195006	D:0.042465818999828	D:13.6522810915319
S:LOC100270746	D:-0.250257074098439	D:-2.94286567585974	D:0.00343303503741082	D:0.0204664601656217	D:-0.248127811737799	D:-2.88544723409236	D:0.00410806290705473	D:0.0309109192401835	D:0.0342422825675377	D:0.966340021406437	D:0.996760838460121	D:-0.0301532090571552	D:-0.00856700031858601	D:0.0313466028606476	D:16.9426212678431
S:STAG2	D:-0.0625115761007297	D:-2.68613861850937	D:0.00751635783872643	D:0.0354262297459125	D:-0.0673424758099137	D:-2.88523417913756	D:0.004110789868433	D:0.0309195322629135	D:0.0174219232129322	D:0.982729664390262	D:0.998636753195264	D:0.000190590557770058	D:-0.00564756846169144	D:0.00565078351117815	D:11.8711434613981
S:PHKB	D:-0.0502426370402809	D:-3.15723048944056	D:0.00170818161129826	D:0.0125770824666087	D:-0.0461129176906271	D:-2.88476369425951	D:0.00411681760172774	D:0.0309347898580095	D:0.21996618864899	D:0.802637450704744	D:0.990538766746216	D:0.00577586348211789	D:-0.0128025879174053	D:0.0140451719942105	D:10.3811715615891
S:DMRT1	D:-0.174896687651132	D:-2.9473392948057	D:0.00338476215253765	D:0.0202749264414924	D:-0.171298255258827	D:-2.88443067701737	D:0.00412108899810564	D:0.0309347898580095	D:0.98191727629157	D:0.375442299387518	D:0.959577389001284	D:-0.113058304941439	D:-0.0270527903129228	D:0.116249876472822	D:17.1028789234879
S:EXOC5	D:-0.0828296115121302	D:-4.06867676482261	D:0.0000565333075745565	D:0.00116654420624541	D:-0.0636084408903923	D:-2.88441470360957	D:0.00412129398005266	D:0.0309347898580095	D:1.8445468150568	D:0.1593632236008	D:0.902380977219134	D:-0.0380685993651616	D:-0.0415138729305055	D:0.0563260144455059	D:14.8347404512698
S:RRS1	D:-0.063185769762159	D:-3.12371095380305	D:0.0019101746654263	D:0.0135536394833317	D:-0.0590426894394703	D:-2.88433476244299	D:0.00412231998055905	D:0.0309347898580095	D:4.76483566433295	D:0.00898604579004752	D:0.682205037020486	D:0.0512796109272035	D:-0.0681427840851328	D:0.0852821055070663	D:9.53582508989522
S:PPAT	D:-0.0596304045308039	D:-3.35951832578934	D:0.000852458218302236	D:0.00777504367613867	D:-0.052881623838852	D:-2.88421169938315	D:0.00412389988128113	D:0.0309347898580095	D:1.568695380449	D:0.209523261428434	D:0.927481751728524	D:-0.00946265520094715	D:-0.0409749993020526	D:0.0420534470793444	D:12.8669172366054
S:THRAP3	D:-0.0434835867480664	D:-2.63740588396189	D:0.00866584627630877	D:0.039289861272703	D:-0.0473978452328225	D:-2.88393939681726	D:0.00412739769963285	D:0.0309491475243766	D:0.961241830971615	D:0.383249390310433	D:0.960227634080898	D:0.0175414648313051	D:-0.025142069460441	D:0.0306565921977892	D:9.67311728276555
S:PLCD4	D:-0.166420134664074	D:-3.22997611729768	D:0.0013358075759643	D:0.0106416425650251	D:-0.148876306746699	D:-2.88241705600915	D:0.00414700250054012	D:0.0310842254940754	D:0.265971345451367	D:0.766588861117306	D:0.989044741352382	D:-0.0305679564255571	D:-0.0392914577070912	D:0.0497817095807576	D:14.5254794303352
S:MTMR6	D:-0.0552443280899827	D:-3.13731033711135	D:0.00182570600096731	D:0.0131792098134105	D:-0.0510949410670213	D:-2.88220741885359	D:0.00414970885306121	D:0.0310879354117965	D:2.44058983332465	D:0.0883322943655035	D:0.860742263980279	D:-0.0369242268304535	D:0.0385993162554514	D:0.0534163434017637	D:21.0847063198589
S:ZNF397	D:-0.0469322771270926	D:-3.20284346895359	D:0.00146489423078948	D:0.0113267005902587	D:-0.0426883919364699	D:-2.8821322800688	D:0.00415067926356773	D:0.0310879354117965	D:0.542443653382759	D:0.581728802910832	D:0.982115268178959	D:-0.0198502219475961	D:0.00867756356813103	D:0.0216640582728117	D:19.5741758915504
S:NR1D2	D:-0.068795806498848	D:-3.18414369243988	D:0.00156047452098571	D:0.0118236652247313	D:-0.0641599144714312	D:-2.88138574005466	D:0.00416033199027301	D:0.0311482940313889	D:4.06041631733066	D:0.0179166586913359	D:0.724595174151691	D:-0.0581763634042413	D:-0.0612861492630286	D:0.0845013689263823	D:14.9005895262904
S:PSEN2	D:-0.0802867163101278	D:-3.59711757742392	D:0.000360255831240493	D:0.00428992029145062	D:-0.0653377804303371	D:-2.88123786554497	D:0.00416224642412716	D:0.0311483796928952	D:0.0775381942096969	D:0.925404796724487	D:0.994326511124795	D:-0.00748927520887908	D:-0.00914872677511295	D:0.0118232163458172	D:14.620282281859
S:SHMT1	D:-0.0493501341932219	D:-2.74162001177497	D:0.00637614257431488	D:0.0315993411221626	D:-0.0517426460209577	D:-2.8811386436456	D:0.00416353143430952	D:0.0311483796928952	D:0.264082210567527	D:0.768036608214865	D:0.989044741352382	D:0.000388019228134813	D:-0.0169187912974736	D:0.016923240171104	D:11.9124130987263
S:FXR1	D:-0.0650296560783092	D:-3.15911926994741	D:0.00169740859497407	D:0.0125213519646615	D:-0.0596986736568603	D:-2.87966291674388	D:0.00418268606975341	D:0.0312677385191475	D:0.403117794635098	D:0.66848919514107	D:0.985706471962942	D:-0.0219921588408409	D:-0.01274064744742	D:0.0254161198427342	D:15.994342445151
S:TNFRSF25	D:-0.0936859358476318	D:-3.75128185599769	D:0.000200763999797112	D:0.0028511114244443	D:-0.0749977003553025	D:-2.87927411008138	D:0.00418774603676926	D:0.0312935928506723	D:0.663078529932854	D:0.515796071292641	D:0.972886610373122	D:-0.00716561781245274	D:-0.038156365761868	D:0.0388233734596518	D:12.7090696759959
S:SH3PXD2A	D:-0.0981315959637708	D:-3.61144897307525	D:0.00034148924048182	D:0.00412935720807874	D:-0.0818025644313864	D:-2.87728773141951	D:0.00421368402600792	D:0.0314393278168083	D:1.68311215391817	D:0.18703368746283	D:0.921744746511297	D:0.0292610268573803	D:-0.0626751961121616	D:0.0691692699140756	D:10.331576472646
S:HNRPLL	D:-0.0560312163946951	D:-2.81178908608893	D:0.00515864704897509	D:0.0273820795280297	D:-0.057147881985929	D:-2.87705167079289	D:0.00421677619138152	D:0.0314503906701475	D:0.430979004247509	D:0.650156901645689	D:0.985706471962942	D:-0.020652008631934	D:-0.014113691032646	D:0.0250140307647222	D:15.7100729299168
S:ZNF773	D:-0.0608961318723047	D:-3.62020478653095	D:0.000330479580585798	D:0.00404158628044446	D:-0.0510188023706549	D:-2.87667017901269	D:0.00422177773045592	D:0.0314756805153908	D:0.7912375839279	D:0.453951546566185	D:0.967692421145506	D:0.0227049370299731	D:-0.0205432845944894	D:0.0306192865276974	D:8.80923982210949
S:REEP3	D:-0.0691172907182629	D:-2.96651330763986	D:0.00318481066091055	D:0.0194249943166746	D:-0.0673831812555673	D:-2.87629109907695	D:0.00422675299735497	D:0.0314909710214553	D:0.610880077075016	D:0.543349943350444	D:0.977053493311748	D:-0.0310370362315103	D:-0.0170767388277408	D:0.0354247459698295	D:16.0786786891329
S:PRIM1	D:-0.0676896003066369	D:-3.53886439007992	D:0.000446956926536817	D:0.00499370228785359	D:-0.0567461631195038	D:-2.87603516775685	D:0.00423011500702214	D:0.0314932049902361	D:2.28789898676734	D:0.102730876072961	D:0.870946539528028	D:0.0387906185357017	D:-0.0423767170072304	D:0.057449962843271	D:9.1686514000762
S:TCEA2	D:-0.0828478943997064	D:-3.3268631930626	D:0.000955956576682598	D:0.00841457093015974	D:-0.0726358703577516	D:-2.87587756890698	D:0.00423218649528479	D:0.0314932049902361	D:0.138286638134463	D:0.870888295114685	D:0.991098228766629	D:-0.0187258603940615	D:0.00145498547193284	D:0.0187823009831442	D:18.2961942043329
S:RBM26-AS1	D:-0.0997262306530727	D:-3.7171961780613	D:0.000228868632355911	D:0.00312749786354325	D:-0.0825846448089134	D:-2.8754030492558	D:0.00423842918519128	D:0.0315084658187837	D:3.12020555419182	D:0.0451633832570851	D:0.821701589300434	D:-0.0472023708146252	D:-0.0812487431155039	D:0.0939650044876843	D:14.0103285039045
S:LOC643355	D:-0.116970128148091	D:-2.72970789509908	D:0.00660687574305783	D:0.0324139992204603	D:-0.125385387256523	D:-2.87535402671476	D:0.00423907459380698	D:0.0315084658187837	D:0.809179005672271	D:0.44590971830294	D:0.967692421145506	D:-0.0528618510265678	D:0.054215453039234	D:0.0757211373541394	D:21.0482838402328
S:C10ORF12	D:-0.0491190122679187	D:-2.67796734536868	D:0.00769897104583849	D:0.0360435057994083	D:-0.0524972135193882	D:-2.87441451995284	D:0.00425146101243336	D:0.0315885169748899	D:0.103510471540811	D:0.90168935694291	D:0.992612422987167	D:-0.00762660686210953	D:0.00835168164292283	D:0.0113099831341126	D:21.1732152305585
S:USP47	D:-0.0673768443022829	D:-3.41193450437557	D:0.000707881459719153	D:0.00684787703186731	D:-0.0596256460949784	D:-2.87386850568485	D:0.0042586747681818	D:0.0316280633359419	D:1.88796198017087	D:0.152650299325816	D:0.897370879509493	D:0.0019067905588081	D:-0.0522587459998235	D:0.0522935214315237	D:11.8606898491809
S:WDR11	D:-0.0802405103913831	D:-3.15155665162241	D:0.00174092411652612	D:0.0127651355601177	D:-0.0738781785683014	D:-2.8736876829857	D:0.00426106619082629	D:0.0316280633359419	D:1.04129908429448	D:0.353896668806765	D:0.959270072771647	D:-0.00726319052037019	D:-0.0474571099137343	D:0.0480096992065088	D:12.5800969102343
S:ZFYVE27	D:-0.066051548849248	D:-3.49082854755694	D:0.000532775936960609	D:0.00566429520356216	D:-0.0546004558105144	D:-2.87364437300896	D:0.0042616391568259	D:0.0316280633359419	D:0.366560133507934	D:0.693333869846452	D:0.986869111240858	D:-0.000598039937237623	D:0.0210887850600052	D:0.0210972630232841	D:23.8917086861992
S:METTL8	D:-0.0816788742179495	D:-3.58449040901909	D:0.000377588660996246	D:0.00442088677323406	D:-0.0685251397033284	D:-2.87082767553335	D:0.00429905335136075	D:0.0318694239525571	D:3.11697490910218	D:0.0453074042048213	D:0.821701589300434	D:-0.0346842448860532	D:-0.0696166241227585	D:0.0777783465854421	D:13.76555368537
S:LINS	D:-0.0584075373282701	D:-3.89177957450801	D:0.000115776876103082	D:0.00197416748335979	D:-0.045904780867113	D:-2.87049170274326	D:0.00430353597352431	D:0.0318905561086988	D:1.10653607920951	D:0.331655492115883	D:0.95707960515839	D:-0.0222620609160234	D:-0.0226082393914061	D:0.0317290378771223	D:14.9705311056673
S:TPD52	D:-0.0800939147242118	D:-3.98456858646241	D:0.0000797543869844029	D:0.00150432478384383	D:-0.0625565314227542	D:-2.8695983275584	D:0.00431547627817337	D:0.0319482793509614	D:1.14715012050613	D:0.318523874745466	D:0.956911684216668	D:-0.0194199739339178	D:-0.0384821817579394	D:0.0431046830454085	D:13.7851816448739
S:EFCAB7	D:-0.0861714444582942	D:-2.90653776400936	D:0.00384894137214639	D:0.0221277326722897	D:-0.0852573827394222	D:-2.86881587473863	D:0.0043259588161029	D:0.0319938240097696	D:0.902248357717424	D:0.406433887464394	D:0.96415212136371	D:0.0254893159588475	D:-0.046702528758952	D:0.0532055581732839	D:10.0916774424975
S:PCNA	D:-0.0778867332122903	D:-3.43249596582942	D:0.000657686977789064	D:0.00653195274907376	D:-0.0660934242919593	D:-2.86859267831025	D:0.00432895322756743	D:0.0319939769364202	D:0.230867835053594	D:0.793944095791541	D:0.989879017277003	D:-0.0101362841545564	D:-0.0178113633603083	D:0.0204936312354557	D:13.9762539242899
S:ZC3H6	D:-0.0574440090021235	D:-3.49462357522794	D:0.000525471896469	D:0.00560130123923507	D:-0.0495484148241143	D:-2.86838616902248	D:0.004331725443243	D:0.0320023617718002	D:1.94465169563922	D:0.144310577244541	D:0.893013200900893	D:0.0166554439515872	D:-0.0417811022499303	D:0.0449784872849632	D:10.5510668682359
S:LACTBL1	D:-0.107054614409247	D:-2.57849801032421	D:0.0102642382963416	D:0.0444434922554423	D:-0.119754781844749	D:-2.86804283973742	D:0.00433633792889468	D:0.0320122325155009	D:0.69952560692911	D:0.497393341631813	D:0.971534152892322	D:-0.0452210914310885	D:-0.047748068375981	D:0.0657634027697489	D:14.8962025153324
S:SYNCRIP	D:-0.0678637092080733	D:-3.36666618822137	D:0.00083124093865885	D:0.00763670859536087	D:-0.0605823036723495	D:-2.86758391149795	D:0.00434251041686613	D:0.0320379526089472	D:6.67292307732796	D:0.00140170598056326	D:0.540621307029361	D:0.00533916176749243	D:-0.100015177143314	D:0.100157587368046	D:11.7962833611353
S:FAM170A	D:-0.179114354714387	D:-2.54648412274355	D:0.0112391195985601	D:0.0473326801886772	D:-0.20131383925168	D:-2.86754003308048	D:0.00434310099079377	D:0.0320379526089472	D:0.472520403924831	D:0.62375686086367	D:0.984208797062414	D:-0.0489446323355925	D:-0.0751287740569614	D:0.089665543693039	D:14.2055532719399
S:HNRNPR	D:-0.0542825899455084	D:-2.84425713788532	D:0.00467013568031211	D:0.0255549844182154	D:-0.054615687070591	D:-2.86614533874036	D:0.00436191075274816	D:0.0321403084537903	D:3.41760468785099	D:0.0336968108293894	D:0.779148485338359	D:-0.00362548145503029	D:-0.0643969418482088	D:0.0644989165427014	D:12.214819451763
S:SEPSECS	D:-0.137028750076324	D:-3.10524975430842	D:0.00203060983769639	D:0.0141816107356773	D:-0.126472782144864	D:-2.86554681809626	D:0.00437000549636875	D:0.0321823958628678	D:0.19700812722246	D:0.821259080125849	D:0.990538766746216	D:0.0318005868313655	D:-0.0216126572951065	D:0.0384497630444576	D:8.28008223059314
S:ZBTB46	D:-0.121056798084378	D:-3.27810831386116	D:0.00113239218041762	D:0.00945230850837132	D:-0.105527615873789	D:-2.86547952483929	D:0.00437091646384786	D:0.0321823958628678	D:0.327030046788655	D:0.721243777892239	D:0.988590959198975	D:0.0328288436744247	D:0.0234192228114207	D:0.0403260830491976	D:3.6331300469441
S:GOLPH3	D:-0.0445239597709895	D:-2.77828000675119	D:0.00571099513316351	D:0.0292679139515207	D:-0.0459418041523356	D:-2.86527621493335	D:0.00437366977589867	D:0.0321896790500566	D:0.884762234992975	D:0.413572990307524	D:0.96415212136371	D:0.00715570186081079	D:0.0266937981204983	D:0.0276362610933304	D:1.00041656223902
S:SLC39A10	D:-0.109641563211206	D:-3.34642439235654	D:0.000892638373469674	D:0.00800874492927956	D:-0.0956881346581648	D:-2.86339791907821	D:0.00439918120001223	D:0.0323138622545713	D:0.117118032885005	D:0.889508961868056	D:0.991833180774689	D:-0.0221431495085055	D:-0.00466820739935144	D:0.0226298747340631	D:17.2063505586293
S:BANK1	D:-0.123709881091732	D:-3.67784903373551	D:0.000265910478818925	D:0.00350381434025665	D:-0.100193253097503	D:-2.86187345339733	D:0.0044199862512657	D:0.032421528279273	D:2.65890924266644	D:0.071192017426763	D:0.850339905642804	D:0.0256304167071276	D:-0.102505750648354	D:0.105661474419788	D:11.064110885712
S:INTS9	D:-0.0695294905679963	D:-4.40978706798492	D:0.0000131764992422082	D:0.000432860393750724	D:-0.0490785484490455	D:-2.86172144369704	D:0.00442206569310987	D:0.0324246100221614	D:0.756417300556584	D:0.469977172162547	D:0.967692421145506	D:-0.0156913205229597	D:-0.0228960271325351	D:0.0277569018121267	D:14.2949324727545
S:FAM22A	D:-0.0938777860367608	D:-2.94124629086663	D:0.00345066359020595	D:0.0205220358074654	D:-0.0909994028450329	D:-2.86024122897545	D:0.0044423611005631	D:0.0325340319518923	D:0.491982953470997	D:0.611761356305391	D:0.984208797062414	D:0.0430870476062941	D:0.00953897998775496	D:0.0441303275609171	D:5.16778114338517
S:NOL10	D:-0.0899140125434428	D:-3.24802196144428	D:0.0012558735554183	D:0.0102165467556368	D:-0.0813786027159594	D:-2.86004488954259	D:0.00444505948872627	D:0.0325340319518923	D:0.841224941167366	D:0.431900317450897	D:0.966078042387016	D:0.0240651828462449	D:-0.0429508965699135	D:0.0492332463035153	D:10.0492198498609
S:SLC4A4	D:-0.117336028198155	D:-3.28254532722653	D:0.00111516544397242	D:0.00935527476558989	D:-0.103270546021372	D:-2.86002643438075	D:0.00444531320360024	D:0.0325340319518923	D:0.0213742744532879	D:0.978853591064008	D:0.997589340929477	D:0.0100234150307937	D:-0.00322222915438764	D:0.0105286091010601	D:7.18807001770121
S:SLC30A5	D:-0.0585834154622304	D:-2.63613687054113	D:0.00869778026284458	D:0.0393798248647465	D:-0.0636394346035562	D:-2.85974204526559	D:0.00444922454750189	D:0.0325382847615024	D:1.02968044749689	D:0.358012227769091	D:0.959270072771647	D:-0.0329446848278259	D:-0.0275495854712367	D:0.0429456856743696	D:15.3397575435267
S:DPAGT1	D:-0.0577638380249831	D:-2.82264797110579	D:0.00499033443422366	D:0.0267607368768289	D:-0.058446552750181	D:-2.85838539096518	D:0.00446792639445466	D:0.0326344174617938	D:0.894211325153031	D:0.409699680117906	D:0.96415212136371	D:-0.0183995690141172	D:-0.0307561726209916	D:0.0358397306658057	D:14.0593030938248
S:SORCS3	D:-0.148216961832681	D:-2.96639865983556	D:0.00318597342945305	D:0.0194249943166746	D:-0.146716579703588	D:-2.85830406605299	D:0.00446904974810706	D:0.0326344174617938	D:1.26339038563752	D:0.283755862975931	D:0.94781075744273	D:-0.0380976358609711	D:-0.0989640063898353	D:0.1060438796863	D:13.403662498615
S:NIPBL	D:-0.073740844814118	D:-3.72000142052455	D:0.000226422512906656	D:0.00310682992672637	D:-0.059525591106029	D:-2.85812350815501	D:0.00447154474056853	D:0.0326379234894036	D:1.55037768178074	D:0.213368071313933	D:0.927783481998367	D:-0.00131476067497564	D:-0.0474825743542973	D:0.0475007732878512	D:12.1057384324653
S:TRAF6	D:-0.0447071161669434	D:-2.71087503300436	D:0.00698706330576195	D:0.033753820533472	D:-0.0478096244930786	D:-2.85724067660666	D:0.00448376216540942	D:0.0326807894346384	D:0.138295036457271	D:0.870880985911881	D:0.991098228766629	D:-0.0124222271160482	D:0.00065612117442194	D:0.012439542657116	D:18.2015638234379
S:PAG1	D:-0.058829870212597	D:-2.94230716255188	D:0.00343910567242691	D:0.020482646737243	D:-0.0575266072386342	D:-2.85595359505633	D:0.00450162835553048	D:0.0327865522532319	D:3.95533495222508	D:0.0198630801017388	D:0.730351563745367	D:0.00446380756395537	D:-0.0734010963265077	D:0.0735367018562927	D:11.7679937105877
S:CSPP1	D:-0.081985928539188	D:-3.84591206915382	D:0.000138824937908952	D:0.00222723982896455	D:-0.0644221914182713	D:-2.85551537146993	D:0.00450772616398832	D:0.0327981838404025	D:2.1322776879945	D:0.119836526974355	D:0.888724539846668	D:0.0310829875009137	D:-0.0538930451333592	D:0.0622142461637868	D:10.0017108523108
S:TMEM109	D:-0.0570983121332398	D:-3.46679562995875	D:0.000581280209286358	D:0.00600042079749852	D:-0.048172472509084	D:-2.85544493254089	D:0.00450870701025663	D:0.0327981838404025	D:2.16924531048742	D:0.115530222383741	D:0.883644080638118	D:-0.0176799415604097	D:-0.042165666301738	D:0.0457222456606084	D:13.5165441879142
S:ENOPH1	D:-0.110240883487631	D:-3.03030242768979	D:0.00259485178108001	D:0.0168780061892957	D:-0.104731865775941	D:-2.85523042139368	D:0.00451169522516195	D:0.0327981838404025	D:2.49179099284802	D:0.083972834101769	D:0.860742263980279	D:0.000284054275433222	D:-0.106123613346462	D:0.10612399350072	D:11.9897760283159
S:LOC100303728	D:-0.165801553858396	D:-2.7311988260849	D:0.00657759019424416	D:0.0323027619969151	D:-0.17409522302957	D:-2.85516195606635	D:0.00451264934997752	D:0.0327981838404025	D:1.58811419218676	D:0.205523309139382	D:0.927138374549935	D:-0.0561818940857483	D:-0.129831845795258	D:0.141466297773236	D:13.5599662348793
S:PATE1	D:-0.189672984213433	D:-2.97568861252463	D:0.00309300270403683	D:0.0190409099233704	D:-0.181572166992335	D:-2.85514900957672	D:0.00451282979136971	D:0.0327981838404025	D:0.98866125958042	D:0.372930475146287	D:0.959270072771647	D:-0.118854985989193	D:-0.036623565613737	D:0.124369583310209	D:16.8582681307342
S:C12ORF76	D:-0.0873584644287035	D:-3.50329605662656	D:0.0005091306195653	D:0.00547109629199309	D:-0.0724433728561878	D:-2.8545359681328	D:0.0045213815549749	D:0.0328325220980173	D:0.62130083808333	D:0.537733458871554	D:0.975924385547693	D:-0.037576312920515	D:-0.0116465828775719	D:0.0393398295042647	D:16.8519632781785
S:EIF3H	D:-0.0743556064529448	D:-2.78754057453022	D:0.0055532284678228	D:0.0287611019055726	D:-0.076047767653056	D:-2.85365271339613	D:0.00453372862758364	D:0.0329099521216984	D:2.1064200637609	D:0.122944157046513	D:0.888724539846668	D:-0.0262413281299854	D:-0.0660988145932515	D:0.0711172313343159	D:13.4435434376378
S:FAM164C	D:-0.193440104572979	D:-3.39967653687947	D:0.000739482170652519	D:0.007042018078324	D:-0.163685199359636	D:-2.85253241531837	D:0.00454943343658931	D:0.0330116891141448	D:0.926845037370881	D:0.396600803195277	D:0.960971630584963	D:0.0730386825393106	D:-0.0774834290729697	D:0.10648159901121	D:9.1127591752038
S:UBE3A	D:-0.0628677332489171	D:-3.13599877162314	D:0.00183369973075773	D:0.013208479196199	D:-0.0582176949851289	D:-2.85219697815387	D:0.00455414534653781	D:0.0330336132949872	D:1.95488241477977	D:0.142855020276448	D:0.893013200900893	D:0.0171730525614434	D:-0.0502476107353557	D:0.0531011875468895	D:10.7420790563303
S:UGT2B28	D:-0.127963438032299	D:-2.83332562873465	D:0.00482970586497328	D:0.0261650352945503	D:-0.130149266244854	D:-2.85191292124944	D:0.00455813898271877	D:0.0330503131210789	D:2.66687026284746	D:0.070634481085807	D:0.850339905642804	D:0.141254682796831	D:-0.0461792238789226	D:0.148611594870969	D:7.20691285354845
S:MCM3AP-AS1	D:-0.0757084378579519	D:-4.3051898069704	D:0.0000208079975877842	D:0.000596035493865844	D:-0.0540874138984625	D:-2.84957328848985	D:0.0045911538253906	D:0.0332451213651111	D:1.55008528414385	D:0.213430015761328	D:0.927783481998367	D:-0.0259867289273514	D:-0.0355899300339377	D:0.0440675980757316	D:14.4090552656339
S:MRPL19	D:-0.0714776743677807	D:-3.32090588101379	D:0.000976054096610107	D:0.00852618377374076	D:-0.0629600404781244	D:-2.84944469077088	D:0.00459297476910594	D:0.0332451213651111	D:1.52105893106657	D:0.219670043766009	D:0.928525270437289	D:-0.000959373079525384	D:-0.0499140836434575	D:0.049923302601809	D:12.0734078200362
S:MFSD6	D:-0.0756820349806482	D:-3.82848657214327	D:0.000148668395836826	D:0.00232782782295466	D:-0.0592982985274232	D:-2.84934997059416	D:0.00459431642658925	D:0.0332451213651111	D:0.484304510320394	D:0.616465938208935	D:0.984208797062414	D:-0.0185839970261504	D:-0.0199369623057728	D:0.0272552272316664	D:14.8658957806817
S:RHBDD1	D:-0.0488405657223488	D:-3.46019346827547	D:0.000595310136794503	D:0.00611295606048417	D:-0.0413297324559248	D:-2.84859575937878	D:0.00460501211618524	D:0.0333036794087253	D:2.83911421041996	D:0.0595896769961685	D:0.83656058396868	D:0.00912354526090821	D:-0.0442138317584079	D:0.0451453430254842	D:11.2227091688246
S:FAM120A	D:-0.0540045676304665	D:-3.4141109742863	D:0.000702403961482743	D:0.00680499544438982	D:-0.0452535214723178	D:-2.84836643637388	D:0.00460826869620481	D:0.0333072567668153	D:0.263060290857379	D:0.768820905628817	D:0.989044741352382	D:-0.0109640366487691	D:0.0112763341321546	D:0.0157278673409826	D:21.0536326545513
S:SPOCK1	D:-0.20428583471542	D:-2.93761924529534	D:0.00349044783785159	D:0.0206687397574115	D:-0.198710784513615	D:-2.84832089079472	D:0.00460891573089753	D:0.0333072567668153	D:0.20588399034471	D:0.814008809497571	D:0.990538766746216	D:-0.0622001341434439	D:-0.00907110001389799	D:0.0628581064217222	D:17.4468421424937
S:LYSMD3	D:-0.129724647248038	D:-2.56492759884592	D:0.010667863247004	D:0.0457050461981376	D:-0.143434541999786	D:-2.84777149874285	D:0.00461672707280818	D:0.0333390479415169	D:1.20907585852471	D:0.2994998435793	D:0.953382074134607	D:-0.0704361362990584	D:-0.0767333920170477	D:0.104159794293103	D:14.8366572121631
S:MAGEH1	D:-0.101956542763825	D:-3.45630485811475	D:0.0006037210082328	D:0.0061572610761363	D:-0.0866667133136308	D:-2.84722513592127	D:0.00462450727467708	D:0.0333791532416992	D:2.11075318970336	D:0.122417800551503	D:0.888724539846668	D:0.000414807743291407	D:-0.0810564164685059	D:0.08105747785479	D:11.9804526883349
S:CBFB	D:-0.0512609217479308	D:-3.57888880600422	D:0.00038552562465383	D:0.00448159204721029	D:-0.0419713656201691	D:-2.84703048202304	D:0.00462728202189499	D:0.0333791532416992	D:1.04168173956461	D:0.353761936010289	D:0.959270072771647	D:-0.0168416402224755	D:-0.0224722732996516	D:0.0280828045721494	D:14.4566259676621
S:EIF2AK3	D:-0.153888579797916	D:-3.51081532070796	D:0.000495348357996069	D:0.00537171809452372	D:-0.128113224652484	D:-2.84658166235433	D:0.00463368561136948	D:0.0334100753440331	D:1.69878782857764	D:0.184147507176026	D:0.921744746511297	D:0.0406132678742107	D:-0.101726183096125	D:0.109533802338496	D:10.5490724805238
S:LAG3	D:-0.0839393658255115	D:-3.33657935792365	D:0.000924001693231028	D:0.00820667141570866	D:-0.0720070202260629	D:-2.8464817987502	D:0.00463511152232095	D:0.0334100753440331	D:0.0477479083060498	D:0.953379219649106	D:0.996760838460121	D:0.0108211647156515	D:0.00177712014025954	D:0.0109661188118759	D:5.37825157199997
S:ARF6	D:-0.0564981016988043	D:-2.79988623677569	D:0.00534904234141309	D:0.0280660433029867	D:-0.0573538810540629	D:-2.84599244843621	D:0.00464210451812119	D:0.0334358143710307	D:0.702197668184934	D:0.496070417589137	D:0.971534152892322	D:0.0119797371074063	D:-0.0291927536373837	D:0.0315552050555142	D:10.5125587405599
S:ZNF682	D:-0.123873368669025	D:-3.02770193165627	D:0.00261679393527555	D:0.0169713807796945	D:-0.117904259956285	D:-2.84575189763258	D:0.00464554559093458	D:0.0334482705941241	D:2.86342888362272	D:0.0581770143433707	D:0.83656058396868	D:0.0447525538686299	D:-0.122727214604898	D:0.130632156387474	D:10.6643723262788
S:MYO5A	D:-0.074831139846767	D:-3.37332750678282	D:0.000811911442455392	D:0.00751566153340635	D:-0.0634003473003188	D:-2.84513324774967	D:0.00465440600929613	D:0.0334997229567793	D:0.764399690077598	D:0.4662538652923	D:0.967692421145506	D:0.0368648937660301	D:-0.0122412400901164	D:0.0388441546609597	D:7.22460664436898
S:MRE11A	D:-0.0956556331873347	D:-3.33227434476174	D:0.00093803562773555	D:0.0082995612001263	D:-0.0835307009333006	D:-2.84479921708626	D:0.00465919643958269	D:0.0335218547959814	D:0.176888706732807	D:0.837934823970823	D:0.990538766746216	D:0.0032136333064653	D:-0.022509938168998	D:0.0227381783659231	D:11.4583377715286
S:SEPT9	D:-0.0668718241154151	D:-3.50186555406482	D:0.000511792912816263	D:0.0054886714074275	D:-0.0561536803230294	D:-2.84456834805098	D:0.00466251001687777	D:0.0335333486344529	D:2.7750519352822	D:0.0634788978250927	D:0.840103863598374	D:-0.0172614315969484	D:-0.0577745807093849	D:0.0602980861795908	D:13.108978457118
S:GABPB2	D:-0.0636023463686107	D:-3.5030625754054	D:0.000509564262393298	D:0.00547109629199309	D:-0.0536839786945331	D:-2.84355023275775	D:0.00467714820334296	D:0.0335948511832093	D:2.11276623357335	D:0.122174041506152	D:0.888724539846668	D:-0.00923675515639083	D:-0.0493722181219098	D:0.0502288121310523	D:12.7064420978224
S:ATXN2	D:-0.0775137053192289	D:-3.50952485392898	D:0.000497688598116408	D:0.00538203259313377	D:-0.0634174807511279	D:-2.84352114045945	D:0.0046775670974835	D:0.0335948511832093	D:0.506109819873567	D:0.603199853155359	D:0.984208797062414	D:-0.0311510632123369	D:-0.00467163402805264	D:0.0314994111651482	D:17.4314052666922
S:MTM1	D:-0.0683858122258472	D:-2.74074563312037	D:0.00639282815371657	D:0.0316579460090663	D:-0.0717196586203198	D:-2.8433406004374	D:0.00468016741908998	D:0.0335956687123883	D:1.45630411014903	D:0.234259607167917	D:0.932707338252518	D:-0.0489302941542766	D:-0.0320493060051206	D:0.0584921507677218	D:15.7850154162324
S:FAM18B2-CDRT4	D:-0.111112229335406	D:-3.38375119822593	D:0.000782502603612483	D:0.00734790372377422	D:-0.0930211188002288	D:-2.84301747958747	D:0.00468482461422297	D:0.0335956687123883	D:1.09709708832112	D:0.334784468558772	D:0.95707960515839	D:-0.00864100414239765	D:0.062494378143604	D:0.0630889392219009	D:23.4751808670701
S:MAP4	D:-0.07085383486311	D:-2.7361135340937	D:0.00648188101574453	D:0.0319854638708747	D:-0.0737144592888602	D:-2.84271218066328	D:0.00468922880703367	D:0.0336141673214398	D:1.42134518301984	D:0.242536742529302	D:0.933288553535957	D:0.0200821971271414	D:-0.0540158650652359	D:0.0576281903255615	D:10.6403803928861
S:GUCA2A	D:-0.16840885356431	D:-2.97561334045619	D:0.00309374591918024	D:0.0190409099233704	D:-0.160970509225304	D:-2.84135020701743	D:0.00470892227508624	D:0.0337061727369457	D:2.85603673922127	D:0.0586028950176798	D:0.83656058396868	D:0.189706196031315	D:-0.0263125722535299	D:0.191522302281663	D:6.52644269218922
S:PER2	D:-0.0649786768498649	D:-3.15693071337651	D:0.00170989723251526	D:0.0125849724371303	D:-0.0592256764842696	D:-2.84107997795411	D:0.00471283857546807	D:0.033721559356727	D:2.89464956834074	D:0.0564123397894481	D:0.83656058396868	D:-0.0487467281989799	D:-0.0461046747956781	D:0.0670960844470112	D:15.1063694523404
S:THUMPD3	D:-0.0694258482164045	D:-3.68029981038965	D:0.000263447636561283	D:0.00347370463295819	D:-0.0573747819689302	D:-2.84051922964711	D:0.00472097467391213	D:0.0337612114145774	D:1.77425394898875	D:0.170866759493931	D:0.91041816731136	D:0.00606860260672383	D:-0.0491257226785313	D:0.0494991370256725	D:11.5305206904811
S:PARG	D:-0.133123815416872	D:-2.9789805394696	D:0.00306065852700445	D:0.0188967861852114	D:-0.128692271856799	D:-2.84034099744319	D:0.00472356337994241	D:0.0337612114145774	D:0.91623484106815	D:0.400812813646805	D:0.963711209598891	D:-0.0678469621083185	D:-0.0479438361436415	D:0.0830772031997705	D:15.6502123689168
S:FBXO5	D:-0.128828186322771	D:-2.86345868930622	D:0.00440139996584871	D:0.0244409652550866	D:-0.127483027458195	D:-2.83997782557417	D:0.00472884220449022	D:0.0337742344729325	D:0.619073867224962	D:0.538928809505192	D:0.975924385547693	D:0.00418456018152667	D:-0.0647068050674034	D:0.0648419707129862	D:11.7533239981592
S:GRPEL2	D:-0.0676682169351148	D:-3.07872840208091	D:0.00221589579628719	D:0.0150274832676114	D:-0.0643079485645482	D:-2.83979028005573	D:0.00473157033900886	D:0.0337813723034608	D:1.29090415355717	D:0.276100576920305	D:0.944820426470376	D:-0.00335511250212964	D:-0.0469804884630306	D:0.0471001388121829	D:12.2723229503549
S:KLHDC9	D:-0.165341000997112	D:-3.32896805313443	D:0.000948948095457988	D:0.00836795791215909	D:-0.142900082070097	D:-2.8391025755292	D:0.00474158628342619	D:0.0338281626741261	D:0.613766020766656	D:0.541788629240886	D:0.976164193213879	D:-0.0668431768661207	D:0.0396824566598622	D:0.0777348548600776	D:20.046408199055
S:PTER	D:-0.0747100539562274	D:-3.19256399439401	D:0.00151674397463368	D:0.0115821391200926	D:-0.0673747005316917	D:-2.83856777730787	D:0.00474938855971512	D:0.0338591031905849	D:1.11586136422116	D:0.3285930617146	D:0.956911684216668	D:-0.028854340008049	D:-0.0369296986501109	D:0.0468655052217311	D:14.5334423414842
S:DHX57	D:-0.0800516432596468	D:-2.88053606370076	D:0.00417429423483036	D:0.0234328881478943	D:-0.0786876885516037	D:-2.83813312244876	D:0.00475573841315249	D:0.0338906523196746	D:4.00717194061899	D:0.0188776976002786	D:0.726283072612332	D:-0.0745176708465709	D:-0.073685432567145	D:0.10479707171961	D:15.0214495012362
S:SUSD3	D:-0.089104356965435	D:-3.87415923304008	D:0.000124165960009651	D:0.00207006455561795	D:-0.0701547064008587	D:-2.83802337326541	D:0.00475734295290381	D:0.0338906523196746	D:2.04948465693789	D:0.130075239623612	D:0.89154691598913	D:0.0140385731599645	D:-0.0638709282351293	D:0.0653955427379016	D:11.1735821248456
S:HSPD1	D:-0.0805088907826355	D:-4.34381455909267	D:0.0000175960556685534	D:0.00053014303324334	D:-0.059382285375645	D:-2.83781734214623	D:0.00476035646844716	D:0.0338906523196746	D:3.21949770617426	D:0.0409543137197289	D:0.813813159090897	D:0.00280018568432883	D:-0.068824509437926	D:0.0688814498921	D:11.8446770549991
S:KDSR	D:-0.048305870094562	D:-3.1662597140427	D:0.00165724597378157	D:0.0123227715272701	D:-0.043891461340907	D:-2.83779035854968	D:0.00476075127258107	D:0.0338906523196746	D:1.67532324410615	D:0.188484627559572	D:0.921744746511297	D:0.00546260632462781	D:-0.0364646617096978	D:0.0368715557233562	D:11.4320089573327
S:ZNF124	D:-0.0821083834747458	D:-3.60906844270881	D:0.000344541554749144	D:0.00415854633808093	D:-0.0674295479616302	D:-2.83744978318911	D:0.00476573687783615	D:0.0339015973186043	D:1.57697324036435	D:0.207808682981216	D:0.927138374549935	D:-0.0280790893851449	D:-0.0476330154326152	D:0.055293213145039	D:14.0345891966629
S:C3ORF58	D:-0.065570947905968	D:-3.41766539059117	D:0.000693543514477364	D:0.00675263269377288	D:-0.0558915939265405	D:-2.8374483034022	D:0.00476575855044297	D:0.0339015973186043	D:0.929614168365923	D:0.395508856836727	D:0.960380452490487	D:-0.0303599840622086	D:-0.020208731107267	D:0.0364708300594239	D:15.7567194552514
S:ZSCAN18	D:-0.0926797369785522	D:-3.98626903198341	D:0.0000792061199810755	D:0.00150080019677343	D:-0.0692826239538524	D:-2.836681939347	D:0.00477699457095325	D:0.0339691597201592	D:0.780646307199993	D:0.45876707837669	D:0.967692421145506	D:-0.0412119546057245	D:0.0124861379291801	D:0.0430619187079582	D:19.1236951868949
S:PRKCB	D:-0.0461209888080913	D:-2.66955128727972	D:0.0078912169494911	D:0.0367148262880966	D:-0.0488362153840984	D:-2.83621443685114	D:0.00478386065226743	D:0.0340056096784132	D:0.0905674010334306	D:0.913430430976236	D:0.993836342604036	D:0.00991342329809625	D:-0.00294677987431409	D:0.0103421213063327	D:7.10364400432711
S:WDR75	D:-0.0787936015289768	D:-3.02957871390577	D:0.00260094123056268	D:0.016896606577934	D:-0.0748542713926119	D:-2.83547860963562	D:0.00479468570195906	D:0.0340605614461553	D:2.42634146729586	D:0.0895854087876692	D:0.865536018644097	D:0.00438904039441963	D:-0.0753513560173175	D:0.0754790734523973	D:11.7777614254095
S:MUC7	D:-0.118508219692429	D:-2.92632745467925	D:0.00361700209816267	D:0.0211679658581003	D:-0.114591323196888	D:-2.8354520226537	D:0.0047950772498016	D:0.0340605614461553	D:1.3205338565582	D:0.268088423685965	D:0.939907763028795	D:0.0653279246425387	D:-0.0618504209544377	D:0.0899622827097132	D:8.89558146386167
S:ANKRA2	D:-0.0632939937500522	D:-2.79685540471822	D:0.00539852939705121	D:0.0281999533090311	D:-0.0642420006253559	D:-2.83515151802683	D:0.00479950481614259	D:0.0340796234056114	D:0.608045009855687	D:0.544888134688889	D:0.977562832957977	D:-0.0216150861349669	D:-0.0251276291311189	D:0.0331452816306197	D:14.7135006793042
S:ASMT	D:-0.152206505893849	D:-3.52629413204092	D:0.000468068751037302	D:0.00515588019392329	D:-0.122229470083329	D:-2.83414481268631	D:0.00481436444702859	D:0.0341603106969447	D:1.54226336030438	D:0.215093814122817	D:0.927783481998367	D:-0.0185802623097088	D:0.0970713546477651	D:0.0988335673779398	D:23.2776116801299
S:GSG2	D:-0.147263789878415	D:-3.27940879334281	D:0.00112731765337776	D:0.00943018590096527	D:-0.127822970912339	D:-2.83332175853715	D:0.00482654429277071	D:0.0342118304443841	D:0.109426708991325	D:0.896373159683573	D:0.992428805633076	D:0.0255587675196893	D:-0.0146321984599908	D:0.029450837490606	D:7.98605376480099
S:BDP1	D:-0.0686305218065886	D:-4.1351408097293	D:0.0000428921420144958	D:0.000965616759337859	D:-0.0517369477934582	D:-2.83329925711933	D:0.00482687766926805	D:0.0342118304443841	D:3.26677336877964	D:0.039091058025218	D:0.813813159090897	D:-0.0018567356230152	D:-0.0604226163591292	D:0.0604511375811596	D:12.1173397811013
S:OR10J5	D:-0.129863007372491	D:-2.66020815082358	D:0.00810968519023662	D:0.0375257774810357	D:-0.139263674137557	D:-2.83315328097827	D:0.00482904093038437	D:0.0342147530169112	D:0.287435059141742	D:0.750331331812713	D:0.988887668865741	D:-0.00808183565060191	D:-0.047549692973935	D:0.0482316220896501	D:12.6430771518049
S:DEPDC5	D:-0.0964853997574591	D:-3.74271913031373	D:0.000207501048759079	D:0.0029234160012986	D:-0.0745410616113852	D:-2.83290438116096	D:0.00483273147642324	D:0.0342284906780669	D:1.40165577559749	D:0.247327261872514	D:0.933288553535957	D:-0.0579667990722435	D:-0.019493139247912	D:0.0611566208387967	D:16.7608786964615
S:ASCC3	D:-0.0741125957540306	D:-3.68572474082375	D:0.000258072124028288	D:0.00342361668407113	D:-0.0605720159553532	D:-2.83270329456902	D:0.00483571494503513	D:0.0342372122249752	D:4.13059922493322	D:0.0167245558823689	D:0.724372592619191	D:0.020056974187496	D:-0.0779291154757825	D:0.0804688091896216	D:11.0377849135104
S:L1CAM	D:-0.163509099337374	D:-3.6186369652099	D:0.000332426152094032	D:0.00405489353187858	D:-0.128425532762179	D:-2.83171072558505	D:0.00485046594373023	D:0.0342946273729147	D:1.18908482596141	D:0.305513052396499	D:0.955957593933046	D:0.0530810733106731	D:0.0752833437610992	D:0.0921150486710227	D:2.34580316317835
S:CRTC1	D:-0.0995042224052113	D:-2.92369572799103	D:0.0036470930272699	D:0.0212803358751512	D:-0.096890088535652	D:-2.8316852972447	D:0.00485084438149205	D:0.0342946273729147	D:1.11071981906681	D:0.330278018082106	D:0.95707960515839	D:-0.0154214919435894	D:-0.0642209694217307	D:0.06604661480525	D:12.9001912744655
S:LOC100130998	D:-0.15422778179836	D:-3.01980877212046	D:0.0026844405753966	D:0.0172953027642021	D:-0.144265323257915	D:-2.83130328580503	D:0.00485653290150763	D:0.0342976181526421	D:1.28699866894961	D:0.277174450514016	D:0.945820777235299	D:-0.114304656324459	D:-0.0124754354473801	D:0.114983437707586	D:17.5847519831039
S:AGPHD1	D:-0.178116538454609	D:-3.44849342242514	D:0.000620953235542656	D:0.00629337225623776	D:-0.149455560900217	D:-2.83057617191713	D:0.00486737706899433	D:0.0343493735302341	D:0.150098629935497	D:0.860668795070063	D:0.991098228766629	D:-0.0180179345446434	D:-0.0332561586834817	D:0.0378235119421236	D:13.896566587674
S:ZNF326	D:-0.0794058337518418	D:-3.40975732810899	D:0.000713400567277714	D:0.00688082945961194	D:-0.0681803215025546	D:-2.82995284239237	D:0.00487669089339362	D:0.0344026775262833	D:2.18444913006116	D:0.11380459039659	D:0.880277680269808	D:-0.0212228470626626	D:-0.0618246723942255	D:0.0653658883065049	D:13.2630700280668
S:MIS18BP1	D:-0.0641885900858587	D:-3.03794818332389	D:0.00253131354516916	D:0.0165377458997494	D:-0.0604117408418464	D:-2.82981823819541	D:0.00487870427978664	D:0.0344044606031436	D:1.20124808307455	D:0.301840106025616	D:0.954093587559266	D:-0.0121921290919124	D:-0.0411315096266831	D:0.0429004556614936	D:13.1007188917804
S:BCLAF1	D:-0.0546597038600685	D:-2.77006080116637	D:0.00585440704743257	D:0.0296759969167004	D:-0.0560501861103351	D:-2.82957167818589	D:0.00488239423920967	D:0.0344180612656552	D:1.39112071594739	D:0.249929413972557	D:0.935775109490343	D:-0.00983108284628489	D:-0.0416436787366431	D:0.0427883882455422	D:12.8855315786237
S:GCLM	D:-0.060448000952422	D:-3.20609757655204	D:0.00144882525406857	D:0.0112436434828253	D:-0.0542852171701267	D:-2.82931787084885	D:0.00488619530670761	D:0.0344200225264504	D:1.16076897189682	D:0.314238516410362	D:0.956911684216668	D:-0.0300164183966653	D:-0.0253611760278611	D:0.0392959873635951	D:15.3203462865807
S:CEP44	D:-0.0892329548590128	D:-2.88844407978324	D:0.00407278713732153	D:0.0230618178645031	D:-0.0873181379725977	D:-2.8291351222793	D:0.00488893384775636	D:0.0344269031780206	D:1.69332544520119	D:0.185148117320671	D:0.921744746511297	D:-0.022466354097817	D:-0.0701717777182275	D:0.073680495754201	D:13.183540256719
S:FAM21C	D:-0.0444871754274605	D:-3.36933407202616	D:0.000823448531889783	D:0.0075722389466627	D:-0.0376251177568403	D:-2.82883514725154	D:0.0048934320825794	D:0.0344461658233732	D:0.206284727664961	D:0.813682987782827	D:0.990538766746216	D:-0.00396115707928083	D:-0.0103714639715318	D:0.0111021633170981	D:13.3935519299566
S:TMEM229B	D:-0.175979810728821	D:-2.99926566849861	D:0.00286808849592693	D:0.0180740138326	D:-0.165438420177292	D:-2.82824610791567	D:0.00490227587589859	D:0.0344900304224184	D:0.264680401425946	D:0.767577884973523	D:0.989044741352382	D:-0.0561014178642304	D:0.0210284572861147	D:0.0599129794135706	D:19.3698314686639
S:INPP5D	D:-0.0658970591224057	D:-3.47176941949984	D:0.000570915361405625	D:0.0059215801896111	D:-0.0549435142105235	D:-2.82818504384508	D:0.00490319351688646	D:0.0344900304224184	D:1.13672513922669	D:0.321843873952905	D:0.956911684216668	D:-0.0126632672260274	D:-0.035862754791666	D:0.0380328215898445	D:13.2965539268343
S:RECQL5	D:-0.0815268540200453	D:-2.70376987632452	D:0.00713554651120176	D:0.0341921810631176	D:-0.0858306510641318	D:-2.82785454393715	D:0.004908162814178	D:0.0345125619114259	D:0.532409709066938	D:0.587580312608073	D:0.983324251100526	D:0.0125209647343466	D:-0.0392013915475065	D:0.0411524441210928	D:10.8190976396469
S:BZW2	D:-0.0711804582924584	D:-3.32912063451623	D:0.000948441911735662	D:0.00836727015676143	D:-0.0620921376486818	D:-2.82702216250374	D:0.00492069851382968	D:0.034563396714143	D:0.813562128576289	D:0.443966936900974	D:0.967390489962302	D:0.00981929130102885	D:-0.0353858561381078	D:0.036722980492892	D:10.9660728072764
S:XPOT	D:-0.0555099550062256	D:-3.04795389776692	D:0.0024503206878898	D:0.0161598773412267	D:-0.0524186119245578	D:-2.82644383786781	D:0.00492942520987728	D:0.0346122522551966	D:1.19574640876373	D:0.303495922628501	D:0.955635606725854	D:-0.0146731071083784	D:-0.0343235577638952	D:0.0373283630740138	D:13.543093736264
S:PPIL1	D:-0.0949435968259487	D:-3.13172886362994	D:0.00185994808300564	D:0.0133038573262054	D:-0.0869290200031688	D:-2.82618683734256	D:0.00493330775524553	D:0.0346270714243006	D:1.5662896407734	D:0.210024218492476	D:0.927560151843468	D:0.0102885471619885	D:-0.0701392377799234	D:0.0708898221118737	D:11.443662781122
S:RGAG4	D:-0.0934959668263296	D:-2.59332003168179	D:0.00983902332712231	D:0.0431182675118406	D:-0.101036693024876	D:-2.82576924263742	D:0.0049396223403643	D:0.0346274949148665	D:2.88302897794586	D:0.0570627938029877	D:0.83656058396868	D:0.0430200281796788	D:-0.104965882987125	D:0.113439673024243	D:10.5142560311544
S:C12ORF11	D:-0.103475048220337	D:-2.77089007984043	D:0.00583979110274443	D:0.0296326559176133	D:-0.106095871496685	D:-2.82573328652562	D:0.00494016638727788	D:0.0346274949148665	D:2.86728822877647	D:0.0579559043613877	D:0.83656058396868	D:-0.0155173377455147	D:-0.115308143801296	D:0.116347564639784	D:12.5109604511365
S:FAM178A	D:-0.0530239929451696	D:-3.65085898620663	D:0.000294505100528324	D:0.00376138834602874	D:-0.0424059582710416	D:-2.82571413012214	D:0.0049404562623534	D:0.0346274949148665	D:0.166305460145287	D:0.846842739407668	D:0.990538766746216	D:0.00875526304501074	D:-0.00801828910729961	D:0.011872135073169	D:8.83228216993867
S:NTRK1	D:-0.137533173825558	D:-3.1745621582607	D:0.00161165163040612	D:0.0120988415327568	D:-0.122137269858601	D:-2.82529533274943	D:0.00494679737169666	D:0.0346595078667352	D:0.573861928240951	D:0.563782525559237	D:0.9797224507603	D:0.0640770085271502	D:-0.0134636138230129	D:0.0654761935283635	D:6.79107682351516
S:YIPF5	D:-0.0577387240014414	D:-3.07458372363843	D:0.00224621829043481	D:0.0151565440653959	D:-0.0536382084826822	D:-2.82514394269795	D:0.00494909142116395	D:0.0346631524949695	D:0.298114126380595	D:0.742372058412872	D:0.988887668865741	D:0.00411063922206374	D:-0.0187098943551882	D:0.0191561348292466	D:11.1739171565895
S:ZFP161	D:-0.0705957574595994	D:-3.33452301196768	D:0.000930680649577364	D:0.00825723491889476	D:-0.0614204877026414	D:-2.8247309532797	D:0.00495535445866968	D:0.0346821566894213	D:2.32875336093353	D:0.0986618504679524	D:0.867938343868143	D:0.0165079094471611	D:-0.0592555173826752	D:0.0615120103280993	D:10.9621847425341
S:DGKH	D:-0.243419582108882	D:-3.00293003558873	D:0.00283450938277366	D:0.0179601646721077	D:-0.229098632720588	D:-2.8236606480972	D:0.00497161926568952	D:0.0347672528421761	D:1.52528189415034	D:0.21875093042947	D:0.927826835934733	D:-0.200144230221899	D:0.00268630180016853	D:0.200162256952898	D:18.0512645353088
S:EPB41L1	D:-0.149618564246144	D:-3.102645638673	D:0.0020481501457844	D:0.0142531702274833	D:-0.135934454597052	D:-2.8235797559497	D:0.00497285050375529	D:0.0347672528421761	D:1.21815026646918	D:0.296809682853818	D:0.953382074134607	D:0.10488851257368	D:-0.0171612603297586	D:0.106283154479084	D:6.61947181900965
S:SESN1	D:-0.0700846337981914	D:-2.93902065162466	D:0.00347502672827968	D:0.0206218459518047	D:-0.0684934550839412	D:-2.82299396150792	D:0.00498177498763013	D:0.0348171906413736	D:0.308469012461232	D:0.734735411059248	D:0.988887668865741	D:-0.0218929225678854	D:-0.0138907896489726	D:0.0259278633064013	D:15.840358420841
S:DAG1	D:-0.134661848845477	D:-3.19766181565912	D:0.00149082208545708	D:0.0114526920651754	D:-0.117480923736343	D:-2.82128528843071	D:0.00500788943572465	D:0.0349403180211268	D:2.01836795995279	D:0.134146712806166	D:0.892651935358644	D:0.0679138106002271	D:0.0872470821121652	D:0.110563732784898	D:2.52649792868519
S:NSL1	D:-0.0713368206129698	D:-3.63470952078714	D:0.000312971582379219	D:0.00391139986803793	D:-0.0579119561612257	D:-2.82113966324133	D:0.00501012082775688	D:0.0349403180211268	D:0.644279694839367	D:0.525553782395438	D:0.97536435694998	D:-0.0278189541852331	D:-0.0155310967183584	D:0.0318607780387595	D:16.0550487236304
S:C10ORF68	D:-0.179749457801948	D:-2.79012316926102	D:0.00550993983783886	D:0.0285975390096173	D:-0.183975154430469	D:-2.8204135372868	D:0.00502126061266743	D:0.035005513247283	D:4.01362931053348	D:0.018758438625169	D:0.726283072612332	D:-0.114345902317407	D:-0.212809689433921	D:0.241584248852743	D:13.8833212366621
S:SLAIN1	D:-0.12351672861112	D:-3.2323973640469	D:0.00132481563259642	D:0.0105839011760289	D:-0.108492202494345	D:-2.82001554908139	D:0.00502737583702266	D:0.0350356459455278	D:0.695457657932009	D:0.499414171790334	D:0.971534152892322	D:0.00124187344532189	D:-0.0588159480477023	D:0.0588290573985697	D:11.9193602662762
S:PDIK1L	D:-0.143066829697082	D:-3.12713872839798	D:0.00188855100999273	D:0.013434355764932	D:-0.131022621041314	D:-2.81942948684576	D:0.00503639318516626	D:0.035085974770529	D:0.891972955604273	D:0.410613911138311	D:0.96415212136371	D:-0.00291178393189678	D:-0.080329124046753	D:0.080381880145868	D:12.1383972257887
S:FAM83D	D:-0.152125443618748	D:-2.60213108310179	D:0.00959378243855465	D:0.042328313983246	D:-0.166143100559608	D:-2.81889320101551	D:0.00504465751232029	D:0.0351310236807736	D:0.338024657712841	D:0.713369698320735	D:0.987553110889477	D:-0.0681234862651599	D:0.00758166552465717	D:0.0685440809483008	D:18.42336563726
S:ZXDA	D:-0.0694853624655662	D:-3.25017398616591	D:0.00124664280585878	D:0.0101672149704868	D:-0.0608026276611735	D:-2.81768910970698	D:0.00506325776581228	D:0.0352002630944502	D:0.661915132765676	D:0.51639462476572	D:0.972886610373122	D:0.02810281024216	D:-0.0198575980799003	D:0.0344106399970955	D:8.34968230877056
S:SMAP1	D:-0.0455164377807649	D:-2.91032297710692	D:0.00380355556345592	D:0.021957246459525	D:-0.0439358917400304	D:-2.81766655633127	D:0.00506360675290412	D:0.0352002630944502	D:3.44664850376766	D:0.0327473503972884	D:0.777497218447519	D:-0.0284378373058626	D:-0.0455755980757551	D:0.0537200682296428	D:14.1308636298616
S:OR13D1	D:-0.127798383561441	D:-2.970144490408	D:0.00314818310700257	D:0.0192606906994168	D:-0.121020587895949	D:-2.81709116003755	D:0.00507251772061804	D:0.0352430078344289	D:0.226382153328935	D:0.797509622413139	D:0.990538766746216	D:0.0406367197558321	D:0.00273456652016532	D:0.0407286244129021	D:5.74334663706183
S:FAM76A	D:-0.0672511943469906	D:-2.95568711054512	D:0.00329633954314646	D:0.019905368050873	D:-0.0651667240380414	D:-2.81703664418696	D:0.00507336272648526	D:0.0352430078344289	D:1.52756872275466	D:0.218254823764679	D:0.927826835934733	D:-0.0278224837462601	D:-0.0451548651333921	D:0.0530382168537531	D:14.1093058373444
S:WASH2P	D:-0.0642350393563579	D:-3.35414427825481	D:0.000868740982012511	D:0.00785202013390679	D:-0.0539977747345317	D:-2.8165138425349	D:0.00508147273637481	D:0.0352868012585289	D:0.449980694860723	D:0.637944587325715	D:0.985040961253285	D:-0.0183900930047187	D:0.016857208571841	D:0.0249471641986971	D:20.8339872900297
S:ZNF484	D:-0.125896498106137	D:-3.18543289447494	D:0.0015537044053628	D:0.0118113525662892	D:-0.112250978198312	D:-2.8163376803763	D:0.00508420811634776	D:0.0352932542811906	D:0.893650471194703	D:0.409928560946969	D:0.96415212136371	D:-0.0626646885219036	D:-0.0368778571351724	D:0.0727106562646039	D:15.9682267088062
S:KIF4A	D:-0.23056331079949	D:-2.80991486239231	D:0.00518821309244524	D:0.0275048486270951	D:-0.230608618219119	D:-2.81596527224514	D:0.00508999512727076	D:0.0353083403556969	D:0.442535709871771	D:0.64270174876586	D:0.985040961253285	D:0.0120983092894198	D:0.0989603627025106	D:0.0996971537902407	D:0.464670390947822
S:ZNF251	D:-0.148083941967247	D:-2.87910185791164	D:0.00419294854541615	D:0.0235240905902892	D:-0.145108961937985	D:-2.81540336886674	D:0.00509873809649842	D:0.0353433321170572	D:2.4823926498193	D:0.0847565234019845	D:0.860742263980279	D:-0.0134325472217286	D:-0.148023830944109	D:0.148632055264785	D:12.3456767988991
S:TFAM	D:-0.0936143816439276	D:-2.83286726957228	D:0.00483650354770201	D:0.0261742224064325	D:-0.0927780825639498	D:-2.81529245271544	D:0.00510046551200559	D:0.0353433321170572	D:0.728225788020681	D:0.483367519975067	D:0.970580953256742	D:-0.00939181883947138	D:-0.0506105780237829	D:0.0514746235441782	D:12.7008538633159
S:PHRF1	D:-0.0692870979567301	D:-3.37532793911275	D:0.000806188919177304	D:0.0074733100899638	D:-0.0587352776364909	D:-2.81517376303514	D:0.00510231458092054	D:0.0353436119198045	D:0.403640895904127	D:0.668140262739784	D:0.985706471962942	D:0.0174297458999657	D:-0.0186664977483781	D:0.0255388758626447	D:9.1308223888101
S:NR2C1	D:-0.0768774158009084	D:-3.51299020865709	D:0.000491427522719071	D:0.00534389828684105	D:-0.0652498170953362	D:-2.81451664627393	D:0.00511256282274274	D:0.0353821017417176	D:4.66064118305341	D:0.00995029002289907	D:0.699419486825434	D:-0.031017987847719	D:-0.0865237445906371	D:0.0919155805514334	D:13.3148201478667
S:BTBD7	D:-0.0594618500642618	D:-3.08836635598195	D:0.00214683447667719	D:0.0146928568685311	D:-0.0543256913281169	D:-2.81371259494426	D:0.00512512802008895	D:0.0354388275444297	D:0.480513419658769	D:0.61880212641308	D:0.984208797062414	D:0.0259818198326084	D:-0.00634117182467555	D:0.0267444465623087	D:6.91437220769125
S:SNRPA1	D:-0.0645619010685221	D:-3.3834782049305	D:0.000783259989592227	D:0.00734790372377422	D:-0.0554815316094366	D:-2.81278532723707	D:0.00513965353608576	D:0.0355220117869627	D:0.555323465238922	D:0.574303390166578	D:0.982115268178959	D:0.00494809802102104	D:-0.0266613145058087	D:0.0271165883769193	D:11.2990698824832
S:ZNF566	D:-0.117662649868718	D:-3.14357617974529	D:0.00178795857178896	D:0.0129882893871108	D:-0.106144479941938	D:-2.8127126442193	D:0.00514079368167086	D:0.0355220117869627	D:2.32661879005994	D:0.0988703842168333	D:0.867938343868143	D:-0.0841150186465394	D:-0.0700892640981086	D:0.109489000834431	D:15.3464717375058
S:FLJ20712	D:-0.131720903985924	D:-2.80092185116022	D:0.00533222742853174	D:0.0280174929230812	D:-0.132319683066204	D:-2.81065818951407	D:0.00517311600977825	D:0.0356991348281965	D:0.632369327980549	D:0.531831731881639	D:0.975430279911244	D:0.0740093713523456	D:0.00820465711330476	D:0.0744627655027417	D:5.57826916411823
S:TTC17	D:-0.0513637080177376	D:-3.38550038062849	D:0.000777665882047968	D:0.00731649927833381	D:-0.0431287814333676	D:-2.80983801415707	D:0.00518607105606933	D:0.0357463895967023	D:0.31733093595541	D:0.72826251837718	D:0.988887668865741	D:-0.0116824537933073	D:0.0119257298239728	D:0.0166943930248199	D:21.0393597878305
S:CA8	D:-0.117977453898988	D:-3.59973473307768	D:0.000356758055233367	D:0.00426646827253073	D:-0.0951008015959429	D:-2.80967267056468	D:0.00518868629450769	D:0.0357518049650828	D:0.833928121721455	D:0.435050850334853	D:0.966078042387016	D:-0.0129495322051692	D:-0.0551062900374562	D:0.0566073633551763	D:12.881607452354
S:STK17A	D:-0.0428451683244786	D:-3.08038151088646	D:0.00220390701703966	D:0.014971464556727	D:-0.0392905608536994	D:-2.80934291550048	D:0.00519390559913809	D:0.0357751530887408	D:0.00174940921543558	D:0.998252127313718	D:0.999394363384116	D:-0.000404103953865312	D:0.00101471446449211	D:0.00109222042188337	D:22.5523584419274
S:SMARCAD1	D:-0.0781694085926758	D:-2.96456136184551	D:0.00320466052376198	D:0.0195084957304776	D:-0.0746560255804773	D:-2.80920111819224	D:0.00519615140508806	D:0.0357780107846462	D:0.808750498558156	D:0.446100108131541	D:0.967692421145506	D:-0.00647126729079511	D:-0.0432557408030755	D:0.0437371285382542	D:12.5672413590212
S:LIPT1	D:-0.100721227136714	D:-2.99315797348714	D:0.00292486843022197	D:0.0183247367729938	D:-0.0949942138158873	D:-2.80852560520717	D:0.00520686236974451	D:0.0358281266856761	D:0.963016159273834	D:0.382573049501633	D:0.960227634080898	D:-0.0159626372598636	D:-0.058694618219082	D:0.0608265073481436	D:13.0142824783175
S:SHF	D:-0.087703955190346	D:-2.63541603561315	D:0.00871596662303158	D:0.0394353736935176	D:-0.0932445135609121	D:-2.80851083046045	D:0.00520709686235709	D:0.0358281266856761	D:0.0400912784727549	D:0.960705384881408	D:0.996760838460121	D:0.00113901746510274	D:-0.0121632491080489	D:0.0122164638766814	D:11.6433456894928
S:PFKM	D:-0.0735718339600447	D:-3.43813336337047	D:0.000644516836975525	D:0.00645210220867763	D:-0.0613406742490954	D:-2.80817399219174	D:0.00521244548022061	D:0.0358523045156603	D:1.6256007645546	D:0.198017389483849	D:0.923154707902481	D:0.00375605111404214	D:-0.0510071287293633	D:0.0511452353712947	D:11.7192312050079
S:HDAC9	D:-0.0881182657260854	D:-2.84913609884989	D:0.00460047469266805	D:0.0252451210248319	D:-0.0882769123827276	D:-2.80781465480935	D:0.00521815685022154	D:0.03587895953912	D:0.133242623346446	D:0.875289340490896	D:0.991098228766629	D:-0.0228761610788613	D:0.0018457422538119	D:0.0229505013054947	D:18.3075243590801
S:DLG1	D:-0.0589258498130171	D:-2.94754536135498	D:0.00338255359340931	D:0.020269389686848	D:-0.0565938775341591	D:-2.80715991170298	D:0.0052285780396802	D:0.0359253317416986	D:2.23205806575929	D:0.108566694602573	D:0.876389783521771	D:-0.0374722820362724	D:-0.0423704675051783	D:0.0565634903238238	D:14.7659615736953
S:GGH	D:-0.112790935208659	D:-2.70726597896134	D:0.00706213349786789	D:0.0339829239718291	D:-0.117527868076858	D:-2.8057429284783	D:0.00525119602483601	D:0.0360217167814033	D:0.212049467662409	D:0.809010407733244	D:0.990538766746216	D:-0.037409816591427	D:-0.00764387357780827	D:0.0381827602548286	D:17.2301218503479
S:MAMLD1	D:-0.147845886875248	D:-2.79929910926873	D:0.00535859665926858	D:0.02808807331512	D:-0.148284052899286	D:-2.80557162766318	D:0.00525393634166615	D:0.0360235684394731	D:0.674922020188058	D:0.509742267445155	D:0.971534152892322	D:-0.0381393806274245	D:-0.0706405416428304	D:0.0802788794032155	D:13.8909971244888
S:PRKCQ	D:-0.0755635360120642	D:-3.6504411812232	D:0.000294969661367761	D:0.00376484940639057	D:-0.0608245957251116	D:-2.80504437979602	D:0.00526237891804126	D:0.0360435143489115	D:0.61677118844801	D:0.540167604693096	D:0.976081273181508	D:0.0267465133173281	D:-0.0198654462974985	D:0.0333168415554777	D:8.44015946219833
S:HHEX	D:-0.0497500102255559	D:-2.65276040402991	D:0.00828770953958628	D:0.0381148816458121	D:-0.053266397840751	D:-2.8045392642937	D:0.00527047863201953	D:0.0360863430092129	D:0.0110100668312597	D:0.989050604860283	D:0.998940164677581	D:0.0039162921767911	D:-0.000739812152189977	D:0.00398555723011515	D:6.71316482386932
S:MAP7D3	D:-0.063436792386905	D:-4.28237003044952	D:0.0000229613004762115	D:0.000639154946731693	D:-0.0461488076450889	D:-2.80377721118417	D:0.005282719823287	D:0.0361399218157612	D:2.67024494543045	D:0.0703994669217574	D:0.850339905642804	D:-0.0244078798754259	D:-0.0433807300263575	D:0.0497758208132516	D:13.957599532791
S:ZNF174	D:-0.0780586661351285	D:-3.18375284041483	D:0.00156253242041286	D:0.0118300836990654	D:-0.0694496376236936	D:-2.80370679553341	D:0.00528385224029628	D:0.0361399218157612	D:0.225255428652426	D:0.798407745467105	D:0.990538766746216	D:-0.0221115546470456	D:-0.00677351862111846	D:0.0231257735745191	D:16.8645598800449
S:ARMC1	D:-0.0738572080346052	D:-4.08738737283297	D:0.0000523246405134602	D:0.00110537924353894	D:-0.0565659920457343	D:-2.80292619303664	D:0.00529642055505696	D:0.0362132099602408	D:6.46310377569064	D:0.00171807543515513	D:0.540621307029361	D:-0.0154297225037993	D:-0.0926204380580296	D:0.0938968683322588	D:12.6305399063671
S:ZMYND8	D:-0.0784264271262261	D:-3.02120652472225	D:0.00267234578067939	D:0.0172458087517358	D:-0.0728795595605494	D:-2.80176332605878	D:0.00531519388492194	D:0.0363288575394403	D:1.17550121461934	D:0.309668009299038	D:0.956911684216668	D:-0.00586065049468231	D:-0.0512787721953116	D:0.0516125924758628	D:12.4346695813612
S:TBRG1	D:-0.0522456514025336	D:-3.33158819471344	D:0.000940290637036977	D:0.00831036605080939	D:-0.0447939702252688	D:-2.8000704965548	D:0.00534263074654671	D:0.0364781088114149	D:0.552166824145769	D:0.57611438671544	D:0.982115268178959	D:-0.0199461836437691	D:-0.0113852405483708	D:0.0229668009155656	D:16.0188242955749
S:ESCO2	D:-0.163693907212069	D:-2.55981930689329	D:0.0108234311199583	D:0.046128826066544	D:-0.178089826813664	D:-2.79961203280798	D:0.00535008344170585	D:0.0365162349054747	D:2.0020561786299	D:0.136331940122483	D:0.892651935358644	D:-0.0556014874805628	D:-0.155660349918102	D:0.165292679652418	D:13.3104400356218
S:TSN	D:-0.0628256385463559	D:-3.11686048854817	D:0.00195407517163802	D:0.0137950082835905	D:-0.05767530377884	D:-2.79882444520079	D:0.00536290830592906	D:0.0365642942874083	D:0.452809752230032	D:0.636146179499807	D:0.984731703218706	D:-0.00248967860518163	D:-0.0252565312964824	D:0.0253789454605051	D:12.3753186466848
S:GDAP1	D:-0.158534503507312	D:-3.62548700168909	D:0.000323999801523344	D:0.00400713931744789	D:-0.128210577457068	D:-2.7987201093374	D:0.00536460937116829	D:0.0365642942874083	D:0.862516528971371	D:0.422837706673821	D:0.965417982825822	D:-0.0632170748024742	D:-0.0507323186627752	D:0.0810565648389012	D:15.4168411599613
S:HLA-C	D:-0.0527065831940512	D:-2.85450730204438	D:0.0045248787323886	D:0.0249481440105067	D:-0.0517806736396756	D:-2.79817798519895	D:0.00537345589761478	D:0.036585626420123	D:3.40876792038178	D:0.0339911419497368	D:0.779148485338359	D:-0.0670352325614478	D:0.0131948626519909	D:0.0683214959216519	D:18.7423630707655
S:GAS2	D:-0.129987707175324	D:-3.02792239118526	D:0.00261492718518996	D:0.0169705387332438	D:-0.12094995890084	D:-2.798069476479	D:0.00537522815885436	D:0.036585626420123	D:0.22241725740445	D:0.800674585478443	D:0.990538766746216	D:-0.018771631801134	D:-0.032746042914448	D:0.0377449001460093	D:13.9882294640413
S:SRSF10	D:-0.0625558405224992	D:-3.08841889833282	D:0.0021464634701773	D:0.0146928568685311	D:-0.0575683825027372	D:-2.79757002625618	D:0.00538339245739234	D:0.0366056616384299	D:1.5806315024481	D:0.207055451960105	D:0.927138374549935	D:-0.0113345815872509	D:-0.0460132557409935	D:0.0473887375189941	D:12.9225551240346
S:IL2RB	D:-0.0885370240524024	D:-2.83216247943152	D:0.00484697286893559	D:0.0262222305736075	D:-0.0890386859896137	D:-2.79736301693044	D:0.00538677964258244	D:0.0366132386072012	D:0.771474777669456	D:0.462978541999739	D:0.967692421145506	D:0.00641580165849661	D:-0.0510376341265528	D:0.0514393099502417	D:11.5223391319047
S:PTK2	D:-0.0761502308382945	D:-3.07008988057188	D:0.00227952606417199	D:0.0152826952340352	D:-0.0697438135535232	D:-2.79716893177573	D:0.00538995711024125	D:0.036622097319619	D:1.3765527958872	D:0.253573059678155	D:0.9367386625767	D:-0.0393116629631177	D:-0.0388105871309022	D:0.055241909076091	D:15.0244993256765
S:NUP205	D:-0.0646929688162818	D:-3.80266830487081	D:0.000164472519288032	D:0.00248373840757916	D:-0.0511173178740451	D:-2.79658678562459	D:0.00539949791266945	D:0.0366598048831896	D:3.82226857766556	D:0.0226357921290402	D:0.736744509955438	D:0.0257375982084678	D:-0.0616479138495704	D:0.0668048594306176	D:10.4893189924995
S:TMEM90A	D:-0.191051199084733	D:-2.78157789548553	D:0.00565435176264786	D:0.0290810658863887	D:-0.192206563258038	D:-2.79637266382091	D:0.00540301100576152	D:0.0366598048831896	D:0.312284035256366	D:0.731941800585415	D:0.988887668865741	D:0.0743838651512768	D:0.0156290083606891	D:0.0760080607381995	D:5.20893509838135
S:PIAS2	D:-0.0716951742487874	D:-3.9548916039726	D:0.0000899225804359963	D:0.00163763014380224	D:-0.0544615782076865	D:-2.79544374296294	D:0.00541827578958997	D:0.0367213574306262	D:1.26897771289571	D:0.282184206942098	D:0.946954734546031	D:-0.017373908934712	D:-0.0365495699670203	D:0.040468800037137	D:13.6949445573599
S:CHD7	D:-0.0614728104826669	D:-2.81937643859971	D:0.00504051097026574	D:0.0269194775854788	D:-0.0611256036407119	D:-2.79541250194329	D:0.0054187898459397	D:0.0367213574306262	D:0.789211757724908	D:0.454868683831148	D:0.967692421145506	D:-0.015006293645232	D:-0.032504452333603	D:0.0358012328066283	D:13.6520866528663
S:ARAP2	D:-0.0692743027150867	D:-2.52301286938004	D:0.0120054410292667	D:0.0496294315957055	D:-0.0768253883668266	D:-2.79467991587907	D:0.00543085688050083	D:0.036778253839175	D:0.666131754514661	D:0.514228538003737	D:0.972886610373122	D:-0.00374784996383394	D:-0.0408937863285582	D:0.0410651694217518	D:12.3490958674805
S:CYP20A1	D:-0.0548183547163215	D:-4.14077013432315	D:0.0000418934665937968	D:0.000949196818629063	D:-0.0393187577772716	D:-2.79461327754682	D:0.00543195574300127	D:0.036778253839175	D:0.0452606926385762	D:0.955752909445126	D:0.996760838460121	D:0.00593306457723017	D:0.000548083222619691	D:0.00595832614888616	D:5.64814155572114
S:VAT1L	D:-0.116993214432375	D:-3.11231398160483	D:0.00198372219814066	D:0.0139288233826327	D:-0.104760060050691	D:-2.79451097795796	D:0.00543364304967495	D:0.036778253839175	D:0.716362028177072	D:0.489116525748856	D:0.970670747129515	D:-0.0630685072027419	D:-0.00435771254065446	D:0.06321887581545	D:17.7364957021683
S:RABAC1	D:-0.0391512771684925	D:-3.15477615633739	D:0.00172227465373127	D:0.0126522439881815	D:-0.0346571040285399	D:-2.79395016314711	D:0.00544290144408143	D:0.0368154161020406	D:2.38345199258802	D:0.0934662955113817	D:0.867885582684249	D:0.0127932021754026	D:0.0327974183731213	D:0.0352042138648526	D:1.42060887481545
S:UBASH3A	D:-0.0743443659536304	D:-3.41513991310625	D:0.000699828226341773	D:0.00679014070056831	D:-0.0630532718012229	D:-2.79303313060763	D:0.00545807137006207	D:0.0368924844837022	D:1.0188534785316	D:0.361890636174246	D:0.959270072771647	D:-0.0102454105272701	D:-0.0404671847985214	D:0.0417439993578715	D:12.9471668496649
S:IDE	D:-0.0412010140010797	D:-3.03011174674455	D:0.00259645493200738	D:0.0168780061892957	D:-0.0380731916928404	D:-2.79255761292364	D:0.00546595264767635	D:0.0369074570450047	D:0.800730177732993	D:0.449678722657377	D:0.967692421145506	D:0.00858220732584786	D:-0.021113547432609	D:0.0227911423095216	D:10.525287014805
S:SLC24A2	D:-0.126059549266158	D:-2.89486887185294	D:0.00399197969057428	D:0.0227293925214196	D:-0.121982013296362	D:-2.7924390892085	D:0.00546791867589958	D:0.0369079788759081	D:0.00411674217612347	D:0.99589175979364	D:0.998986771015417	D:0.00198262506585637	D:-0.00484697239359788	D:0.00523678752061433	D:10.5168851897331
S:PRKCA	D:-0.0892450235690612	D:-3.27582776338104	D:0.00114134218622446	D:0.00949353788321676	D:-0.0779879962642185	D:-2.79136644540405	D:0.00548574045337343	D:0.036995233964718	D:3.31377383226766	D:0.0373230662514831	D:0.800274820370544	D:-0.023507698026423	D:-0.090169126489244	D:0.09318306304439	D:12.9741425521153
S:JHDM1D	D:-0.0612231792598533	D:-2.539504728423	D:0.0114623065563638	D:0.0479830617861835	D:-0.0673801412744282	D:-2.79117849734358	D:0.00548886858727498	D:0.0369982687354055	D:0.577757059765764	D:0.561596714619593	D:0.979267131992144	D:0.0041591896003335	D:0.0333209977632052	D:0.0335795734050784	D:0.474331175980833
S:RABL2A	D:-0.053274933253519	D:-3.10993236700978	D:0.00199941716436691	D:0.0140188772188353	D:-0.0490832392571905	D:-2.79104718904179	D:0.00549105498983599	D:0.0370002432953052	D:0.999859591567226	D:0.368796848556365	D:0.959270072771647	D:0.0117375062306028	D:-0.0306307284980005	D:0.03280260021449	D:10.6022317141677
S:RB1CC1	D:-0.0609504733769813	D:-2.6660756519853	D:0.00797186118510363	D:0.0370547429633944	D:-0.0640506704170068	D:-2.79053748130716	D:0.00549954956324477	D:0.03704470803701	D:0.355738378825559	D:0.700864806290657	D:0.987553110889477	D:-0.0191298999002899	D:0.0183446600390416	D:0.026504332139164	D:20.9199735374748
S:SLC35B3	D:-0.0643718686288595	D:-2.95098970992114	D:0.00334583252891227	D:0.0201172041376846	D:-0.0612153554203803	D:-2.78955372075599	D:0.00551597816324481	D:0.0371297724037089	D:0.228855263112875	D:0.795541840426207	D:0.99041042631924	D:-0.0164776132072309	D:-0.0115405815625732	D:0.0201170763235991	D:15.6662260979055
S:GTF3C6	D:-0.0707664309938879	D:-3.87579614123535	D:0.000123363030867979	D:0.00206567008242602	D:-0.0533383156335353	D:-2.78901246005543	D:0.00552503604957655	D:0.0371779371366306	D:0.511827938297512	D:0.599768740805026	D:0.984208797062414	D:0.00168414492649954	D:-0.02506427643216	D:0.0251207941196369	D:11.7437267132757
S:SLC6A13	D:-0.0711357441675217	D:-2.53560438396084	D:0.011588743823849	D:0.0484189957369753	D:-0.0783029705791207	D:-2.78784013737055	D:0.00554470083052287	D:0.0372824798874313	D:0.333192103437877	D:0.716819964652474	D:0.988229085241903	D:-0.018105301038068	D:-0.0242415253528211	D:0.0302564617414286	D:14.4503333507977
S:JMJD1C	D:-0.0654987195394105	D:-3.13561969097802	D:0.00183601615682164	D:0.013219451628759	D:-0.0584988399755743	D:-2.78770639970251	D:0.00554694819675379	D:0.0372824798874313	D:0.505191398963136	D:0.603752779677281	D:0.984208797062414	D:-0.00504886246840137	D:-0.0268298848596386	D:0.0273008009737131	D:12.7104879299405
S:SMYD2	D:-0.0884417041048367	D:-3.24979951819924	D:0.00124824449165416	D:0.0101760307098098	D:-0.0768539085683207	D:-2.78698080791984	D:0.00555915563472498	D:0.0373303987141446	D:0.840749129139139	D:0.432105057397991	D:0.966078042387016	D:-0.0114758326028952	D:-0.0448783833235541	D:0.0463223922489494	D:12.9562479409175
S:FBLN5	D:-0.0737357245476752	D:-3.27669007792379	D:0.00113795035093334	D:0.0094825613657946	D:-0.0639213709772925	D:-2.78569957917274	D:0.00558077059214264	D:0.0374058753911615	D:0.950090957525402	D:0.387527480315553	D:0.960227634080898	D:0.00264468346265908	D:-0.0409767505985008	D:0.0410620072601109	D:11.7538127160364
S:TOB1	D:-0.0527952196725584	D:-3.11333647566719	D:0.00197701879465657	D:0.0138967353476202	D:-0.0474383359137009	D:-2.78563389310709	D:0.00558188079630658	D:0.0374058753911615	D:2.21809769345215	D:0.110076993633824	D:0.877767437177758	D:-0.0352437674345542	D:-0.0326232168618132	D:0.0480249666464626	D:15.1474177121741
S:SIK2	D:-0.116699883306616	D:-2.96954955936637	D:0.0031541576263291	D:0.01927913486897	D:-0.110209818556041	D:-2.78524153785684	D:0.00558851642090946	D:0.0374375040730174	D:0.0760966832782374	D:0.926739255943792	D:0.994559242263454	D:-0.019179358905741	D:0.00993183796169017	D:0.0215983613575775	D:19.825128353537
S:SNIP1	D:-0.0680483741204763	D:-2.77699122858819	D:0.0057332699471062	D:0.0293389131147123	D:-0.0680980742024568	D:-2.78472140779355	D:0.00559732402015663	D:0.0374836561610284	D:0.00550298722887306	D:0.99451219749231	D:0.998986771015417	D:-0.000565075378388168	D:-0.00327167466088961	D:0.00332011524950078	D:12.6532868950341
S:N4BP2	D:-0.0721357018255438	D:-3.73292860354445	D:0.000215465107580095	D:0.00300958089151009	D:-0.0575856695734523	D:-2.78460731793899	D:0.00559925763560971	D:0.0374837593208117	D:2.53269997576858	D:0.0806455338383321	D:0.858260180148023	D:-0.0139033942510408	D:-0.0586493743737706	D:0.0602748163508987	D:12.8890885047242
S:MAN2B2	D:-0.0634865055088964	D:-3.08283049514594	D:0.00218625597093971	D:0.0148855846439488	D:-0.0572317795002986	D:-2.78433555353543	D:0.00560386598418575	D:0.0375017620537582	D:0.952105101840575	D:0.386751208394567	D:0.960227634080898	D:-0.0399802737594191	D:0.00321944819091376	D:0.0401096888112096	D:18.3069240789512
S:MALT1	D:-0.0738332497275345	D:-3.31736637272551	D:0.000988180179177417	D:0.00858987049880156	D:-0.0629064077204353	D:-2.78343143950617	D:0.00561922190413598	D:0.0375591004218891	D:2.33791125104445	D:0.0977721870814187	D:0.867885582684249	D:-0.0361791224833946	D:-0.0531473010144749	D:0.0642928029315231	D:14.2829607575345
S:ACBD5	D:-0.0967609189327487	D:-2.67496354642686	D:0.00776709723760496	D:0.036266869084836	D:-0.100465638221126	D:-2.78337849684087	D:0.00562012228819424	D:0.0375591004218891	D:0.44059225555777	D:0.643949423742999	D:0.985241744687647	D:-0.00459109306230014	D:-0.0436069604009726	D:0.0438479775008916	D:12.4006772160146
S:TSSC1	D:-0.0507951161215159	D:-4.04590213019171	D:0.0000620908568290787	D:0.00124955451420909	D:-0.0375114388486094	D:-2.78295182042401	D:0.00562738344809111	D:0.0375947692168029	D:2.29777319612085	D:0.101732228155213	D:0.870946539528028	D:-0.0252169738637026	D:-0.0288935663163365	D:0.0383501492216027	D:14.7408638515873
S:ST5	D:-0.179434075793952	D:-2.99925345113711	D:0.00286820105904981	D:0.0180740138326	D:-0.166906534740397	D:-2.78273462422449	D:0.00563108294436695	D:0.0376066274148581	D:1.37146169152932	D:0.254858963652734	D:0.937008280101236	D:-0.127078724839705	D:-0.0517936213831698	D:0.137228209646809	D:16.5217072431621
S:FRG1B	D:-0.0807694729934483	D:-3.75517871987743	D:0.000197766766282438	D:0.00282290750907605	D:-0.0639145987967097	D:-2.78261728747554	D:0.00563308245358358	D:0.0376071281945599	D:2.49009224383013	D:0.0841139448102222	D:0.860742263980279	D:0.0181704459425418	D:-0.0646972099989138	D:0.0672004024347651	D:10.9541606806535
S:OXCT1	D:-0.108571229535772	D:-2.94166295040994	D:0.00344611996954036	D:0.020518168898473	D:-0.103867296820836	D:-2.78233276713011	D:0.00563793357021589	D:0.037626659800406	D:1.844883716815	D:0.159310005853262	D:0.902380977219134	D:-0.0108904937341652	D:-0.092152508943015	D:0.0927937915933299	D:12.4493265540933
S:TM2D2	D:-0.0668372065869902	D:-2.6000938483391	D:0.00964999418278074	D:0.0425164599446862	D:-0.0716424170409097	D:-2.78174823335718	D:0.00564791183165749	D:0.0376675239257403	D:0.748803511415518	D:0.473556382313522	D:0.967850917475504	D:-0.0375419873395869	D:-0.0211310129639645	D:0.0430803960321738	D:16.0417619635029
S:RC3H1	D:-0.0405673265270181	D:-2.58670578488078	D:0.0100267877089604	D:0.0436571877497314	D:-0.043711413566915	D:-2.78152065743693	D:0.00565180097953519	D:0.0376806014810977	D:0.188001124527268	D:0.828682804966254	D:0.990538766746216	D:-0.00453092755478232	D:0.0118742220964557	D:0.0127093058387405	D:22.6076204281781
S:PJA1	D:-0.0831548887782395	D:-3.70420145057874	D:0.000240528038889601	D:0.00325045533052675	D:-0.0659621676721306	D:-2.7792672551308	D:0.00569044144490613	D:0.0378607137469904	D:2.80737244465688	D:0.061485845658463	D:0.83727868293521	D:0.00822404524858455	D:-0.0726675564518529	D:0.0731314479614207	D:11.5695404627202
S:LOC100128239	D:-0.157185829049538	D:-2.76941310970711	D:0.00586584554626118	D:0.029726267588042	D:-0.160661964484959	D:-2.77865837042877	D:0.00570092331753018	D:0.0379165336173538	D:2.34611371442657	D:0.096982185311197	D:0.867885582684249	D:-0.07141555145756	D:-0.146940910892373	D:0.163376290458156	D:13.7280311678941
S:EP400	D:-0.0816402567572506	D:-3.25223274026664	D:0.00123787100749798	D:0.0101210198148611	D:-0.0709307399002219	D:-2.77844369014045	D:0.00570462317632006	D:0.0379165336173538	D:1.13930182797668	D:0.321020066112741	D:0.956911684216668	D:-0.00224104596678843	D:-0.0498486469626208	D:0.0498989968940185	D:12.1716075654683
S:C1ORF21	D:-0.104348191025969	D:-3.22516702483754	D:0.00135789067742462	D:0.0107427294443541	D:-0.0926391939526783	D:-2.77832946972267	D:0.00570659256786436	D:0.0379165336173538	D:0.0705215704150855	D:0.931918565242438	D:0.994587218856582	D:0.00398836516616958	D:0.0157232129388941	D:0.0162211738730747	D:0.948899415782651
S:TAS2R3	D:-0.204290485113823	D:-2.55426190607178	D:0.0109949718274863	D:0.0466361503105948	D:-0.220907888480413	D:-2.77806018698022	D:0.00571123798395013	D:0.037934500830853	D:0.513361211413428	D:0.598852050758135	D:0.984208797062414	D:-0.0782666419792865	D:-0.0740992367601194	D:0.107779237959572	D:15.1044482388074
S:PIK3C2G	D:-0.149635487621062	D:-2.78431983752735	D:0.00560764489528394	D:0.0289126619785603	D:-0.149275399544062	D:-2.77733519337808	D:0.00572376191780248	D:0.0379789581106208	D:1.43920309512018	D:0.238272497341978	D:0.932707338252518	D:0.123259929862741	D:-0.0369536350656248	D:0.128680151749721	D:7.11259080471313
S:CD19	D:-0.125112163181146	D:-4.11230309482271	D:0.0000471810300053992	D:0.00101987224262777	D:-0.0905070749212807	D:-2.77612421457204	D:0.00574473646564967	D:0.038100972535754	D:1.25478982346569	D:0.286192316194312	D:0.948286990928089	D:-0.044627630864427	D:-0.0519716740578554	D:0.068503141102781	D:14.7101602460431
S:HTR2B	D:-0.23112039636629	D:-3.34417503462972	D:0.000899715605138524	D:0.00804638107094366	D:-0.192468898765855	D:-2.7760485011568	D:0.00574605015418182	D:0.038100972535754	D:1.86273204682626	D:0.156516025484413	D:0.902291892370149	D:-0.129099173206235	D:0.129477338716576	D:0.182841400573449	D:21.0055862955458
S:TTC22	D:-0.0830314473986784	D:-3.17711888394242	D:0.00159784602408936	D:0.0120073521021594	D:-0.0736423753029501	D:-2.77565884373155	D:0.00575281532413853	D:0.0381328915362927	D:0.522162673875366	D:0.593617132203285	D:0.984208797062414	D:-0.0259968489748709	D:-0.0252334705763904	D:0.0362293278153461	D:15.0569130728817
S:MAK16	D:-0.075937632299934	D:-3.23054338355584	D:0.00133322475995203	D:0.0106336918507032	D:-0.0667107250797356	D:-2.77536641463074	D:0.00575789716507376	D:0.0381536346228235	D:1.51504641335647	D:0.220985346341689	D:0.928872897484323	D:-0.0341467607348901	D:-0.0435115111894766	D:0.0553105132382423	D:14.5415965546464
S:RBBP4	D:-0.0565423911085992	D:-3.41978289820555	D:0.000688314660401955	D:0.00671510573086101	D:-0.0473455814345362	D:-2.77426566589742	D:0.00577706245217152	D:0.0382417267540257	D:0.60344279095599	D:0.547394431370477	D:0.977958477099463	D:0.0140045240958419	D:-0.0209256324591253	D:0.0251795311506274	D:9.74716660180743
S:CBR1	D:-0.065757552730762	D:-3.08389778936812	D:0.00217860421567715	D:0.0148541887573438	D:-0.0591303922038083	D:-2.7739682766868	D:0.00578225023128408	D:0.0382631059158558	D:0.935660596707716	D:0.393135066597639	D:0.960380452490487	D:-0.0409510859510541	D:-0.00313429577243412	D:0.0410708564624567	D:17.7082169629087
S:C2CD3	D:-0.103412548329025	D:-2.8518099743756	D:0.00456269942921824	D:0.0251012695794915	D:-0.10005375042557	D:-2.77375627955345	D:0.00578595096919577	D:0.0382746336794362	D:0.108550975559301	D:0.897158083772236	D:0.992428805633076	D:-0.0208165460520469	D:-0.0100160980481389	D:0.0231008833088027	D:16.2869987728344
S:CIT	D:-0.109915581534894	D:-3.25509221445521	D:0.0012257824327479	D:0.010043192670158	D:-0.095974549097653	D:-2.7729323135656	D:0.00580035493122828	D:0.0383569325587586	D:1.32941621000075	D:0.265732370507463	D:0.939907763028795	D:-0.000780897228277261	D:-0.0731172736502662	D:0.0731214435479022	D:12.0407932919677
S:SPPL3	D:-0.0502131861039213	D:-3.06995192511839	D:0.0022805557188704	D:0.0152826952340352	D:-0.0453882146694597	D:-2.7723873631748	D:0.00580989916628263	D:0.0383940614164115	D:0.0449359708098861	D:0.956063247649229	D:0.996760838460121	D:-0.00678300699612903	D:-0.00116413504356278	D:0.00688217947377037	D:17.3507651024713
S:KDM4C	D:-0.0669294955369832	D:-3.27055065662262	D:0.00116230435394517	D:0.00963879636552171	D:-0.0582202094114378	D:-2.7706760219992	D:0.00583996395936414	D:0.0385406064606331	D:2.72581142630414	D:0.0666408290879108	D:0.847670464859297	D:0.0260982687495557	D:-0.0594682790955993	D:0.0649430200276837	D:10.4203490238902
S:FKBP7	D:-0.144978202795465	D:-2.83285002342746	D:0.00483675948567769	D:0.0261742224064325	D:-0.142270235144492	D:-2.770549819254	D:0.00584218664825873	D:0.0385422583705685	D:1.2822065279298	D:0.278497859528475	D:0.945897998731199	D:-0.0401993911371958	D:-0.0991046996205051	D:0.106947335332264	D:13.4719152071159
S:TOR1AIP2	D:-0.0437944797065301	D:-3.07509935915671	D:0.00224242522586077	D:0.0151449085624139	D:-0.0396180885175969	D:-2.76953606070877	D:0.00586006879634961	D:0.0386471833781532	D:0.178290378615678	D:0.836762118637488	D:0.990538766746216	D:0.00496384187631685	D:-0.0101977213035214	D:0.0113416597532006	D:10.2696692058468
S:PTPN11	D:-0.048235440922049	D:-2.93970483485234	D:0.00346752058838347	D:0.0205953859627968	D:-0.0457460227110066	D:-2.76787268331354	D:0.00588951716313321	D:0.0388021088620318	D:0.59962960740024	D:0.549479803599809	D:0.977958477099463	D:-0.0122636325587953	D:-0.0203131205877885	D:0.0237280330316522	D:14.0747082725343
S:USP14	D:-0.050025291664779	D:-2.92696258952401	D:0.00360977404854055	D:0.0211446626746196	D:-0.048939024934206	D:-2.7671576461382	D:0.00590221723991839	D:0.0388726751214174	D:1.7682744247899	D:0.171883006645353	D:0.911587746465428	D:0.00250822504046863	D:-0.0430944827817127	D:0.0431674140883719	D:11.7779317266727
S:F3	D:-0.183642190599813	D:-2.70027057902832	D:0.00720971439497284	D:0.0344462173574974	D:-0.18810890886449	D:-2.76544740353673	D:0.00593269411491654	D:0.0390207928978742	D:0.0711406446308676	D:0.931342009588748	D:0.994559242263454	D:-0.0357425456943426	D:-0.00470772608877692	D:0.036051244883348	D:17.499776180721
S:SLC27A2	D:-0.218621945559492	D:-3.31713762269095	D:0.00098896865504082	D:0.00859290195115725	D:-0.185166721582461	D:-2.76519485603761	D:0.00593720660354853	D:0.0390312050436378	D:0.00155859684485219	D:0.998442622856334	D:0.999394363384116	D:0.00490566899095384	D:0.00168615536974266	D:0.00518736042508308	D:4.73542337500953
S:GTF2I	D:-0.0593076075997898	D:-2.97313573539342	D:0.00311830049784953	D:0.019131777089004	D:-0.0548398263821201	D:-2.76483909494644	D:0.00594356856654965	D:0.0390528827703251	D:0.221686234289834	D:0.80125949827583	D:0.990538766746216	D:-0.0168800420123136	D:0.00765230277360377	D:0.0185335791491114	D:19.6257612760334
S:ATR	D:-0.07346725036699	D:-3.12515768783958	D:0.00190102045672618	D:0.0134984886427639	D:-0.0662700030758185	D:-2.76432197772452	D:0.00595282700388441	D:0.0391005689018169	D:2.79947948950413	D:0.0619666878271904	D:0.839730268260145	D:-0.0105058921714658	D:-0.0726490246790411	D:0.0734047311631504	D:12.5485727308133
S:RHEBL1	D:-0.0587674033124195	D:-2.6934484899113	D:0.00735630864140828	D:0.034907631656571	D:-0.0601129138784173	D:-2.76421022022331	D:0.00595482961692339	D:0.0391005798199933	D:0.126506445144057	D:0.881201714795621	D:0.991098228766629	D:-0.00624279786058491	D:-0.012831080157594	D:0.0142691675699295	D:13.7296430139558
S:SETD6	D:-0.0657775498945922	D:-3.68992439760328	D:0.000253981786065183	D:0.00338544207469286	D:-0.0515068236485145	D:-2.76162900614501	D:0.00600125295647841	D:0.0393657213905823	D:1.6315477523642	D:0.196852200803085	D:0.922219662881213	D:-0.000349277772019746	D:-0.0436522358043991	D:0.043653633132706	D:12.0305623370563
S:C2ORF64	D:-0.0833954316487857	D:-3.01863382519899	D:0.00269464624130214	D:0.0173474363568301	D:-0.0775772626270965	D:-2.76128732576691	D:0.00600742256858316	D:0.0393929679237193	D:0.0988395298032001	D:0.905908928819244	D:0.993142804017578	D:-0.0118781142514722	D:-0.0117105138907767	D:0.0166800999324675	D:15.0271391555494
S:BNC2	D:-0.109138486884788	D:-2.71195478302555	D:0.00696474415097284	D:0.0336798717846436	D:-0.111401021399242	D:-2.76089544472659	D:0.00601450569793624	D:0.0394261844493029	D:1.26362860110117	D:0.283688676342168	D:0.94781075744273	D:-0.0843222065053067	D:0.0322396917968636	D:0.0902753135529328	D:19.3949212594936
S:BMI1	D:-0.075523748460259	D:-3.00012574445453	D:0.0028601744582978	D:0.0180525416956064	D:-0.0701338433165621	D:-2.76068112692844	D:0.00601838261941892	D:0.039438368466152	D:1.21146015941268	D:0.298790640042721	D:0.953382074134607	D:-0.00562408745012034	D:-0.0508631086088417	D:0.0511731001308445	D:12.4206490330958
S:NUPL2	D:-0.0929943839787346	D:-2.70088688927427	D:0.00719660148200304	D:0.0344003888355728	D:-0.0950293946602835	D:-2.75914481618289	D:0.00604624006839782	D:0.0395545956399605	D:0.683869774282689	D:0.505216003218128	D:0.971534152892322	D:-0.0059932783967496	D:-0.0517783220198905	D:0.0521240253351218	D:12.4401690414271
S:INTS4	D:-0.0596370857560522	D:-4.26644303384627	D:0.0000245885751317611	D:0.000666415182593265	D:-0.0419367118219856	D:-2.75698047014092	D:0.00608568328911305	D:0.039785994363519	D:0.228102972672976	D:0.796139899379072	D:0.99041042631924	D:-0.00409733978441359	D:-0.0126833651191857	D:0.0133287637857198	D:13.1935309008233
S:EFHA1	D:-0.0957444591716054	D:-2.82786979404036	D:0.004911184222584	D:0.0264378652599212	D:-0.0935725530196768	D:-2.75628093468521	D:0.00609848132823414	D:0.0398430035556748	D:1.08740112100767	D:0.338029516896484	D:0.95707960515839	D:-0.0212150141051955	D:-0.0614296845479961	D:0.0649898681884334	D:13.2701720046618
S:C6ORF211	D:-0.0856899806815643	D:-2.58949379287828	D:0.0099472550596851	D:0.0434270132085135	D:-0.0910097758528996	D:-2.75303497424097	D:0.00615818526004182	D:0.0401657972436058	D:0.94120575558986	D:0.390970656881698	D:0.960227634080898	D:-0.0567848033122312	D:-0.0259709443984775	D:0.0624420038127989	D:16.3615111065035
S:ZNF385D	D:-0.1313224817866	D:-2.64818705581711	D:0.00839875814912681	D:0.0384626512753895	D:-0.136058350827231	D:-2.75292260657222	D:0.00616026149956901	D:0.0401657972436058	D:0.00606931369539991	D:0.99394915372798	D:0.998940164677581	D:-0.00172624145947529	D:0.00691414655260127	D:0.00712638282210964	D:23.0654439130452
S:ZNF620	D:-0.165512435033746	D:-3.58655464294414	D:0.000374702675673528	D:0.00440557460008207	D:-0.129387692763395	D:-2.752830474095	D:0.00616196432142943	D:0.0401657972436058	D:0.33551366317381	D:0.715160368660317	D:0.988037262416837	D:-0.011384500067884	D:0.04903800946258	D:0.05034216139428	D:23.1286621445324
S:MPI	D:-0.0501602750817283	D:-2.98141090770777	D:0.00303697838871513	D:0.0187968117238575	D:-0.0474708743229563	D:-2.75281354426741	D:0.00616227727016684	D:0.0401657972436058	D:3.20830322811204	D:0.0414084291931323	D:0.813813159090897	D:-0.0332500203964059	D:-0.0469603837130399	D:0.0575399121900386	D:14.353344999882
S:CYP2J2	D:-0.0922266826731052	D:-2.75217585308208	D:0.00617778853865037	D:0.0309142550150492	D:-0.0926410644847463	D:-2.75201650306263	D:0.00617702688337514	D:0.0402350941093446	D:5.5532225683901	D:0.00416207347153816	D:0.620847921429978	D:-0.0182109452962902	D:-0.144025013352979	D:0.14517177067154	D:12.4804269317104
S:TRAF3IP1	D:-0.0727845541044706	D:-3.58735798295957	D:0.000373585137804805	D:0.00439857167314805	D:-0.0585114893456497	D:-2.75149544392464	D:0.00618668655896862	D:0.0402698551573351	D:1.0347937880886	D:0.356195086138737	D:0.959270072771647	D:0.00696524663436645	D:-0.0392786998631658	D:0.0398914893632491	D:11.3296225093337
S:C2ORF68	D:-0.0371990049177275	D:-2.63522774644364	D:0.00872072269336351	D:0.0394471393868093	D:-0.0391376524360824	D:-2.75134466969731	D:0.0061894842381825	D:0.0402698551573351	D:0.0616553880149732	D:0.940215264721146	D:0.996544133174305	D:0.00357758389248762	D:-0.00565728901712683	D:0.00669358091988815	D:9.84609062456895
S:TBX21	D:-0.0901202986813432	D:-3.24444413348026	D:0.00127136034174026	D:0.0102980094009308	D:-0.0787971872660734	D:-2.75128419635531	D:0.0061906066676544	D:0.0402698551573351	D:0.149470464800384	D:0.861209225121013	D:0.991098228766629	D:0.0196394173974894	D:-0.00976041806223641	D:0.0219310847078397	D:7.76176701057548
S:CREBZF	D:-0.103370056702572	D:-2.76528605013713	D:0.00593920719621073	D:0.029989159643709	D:-0.103109751463545	D:-2.75097365877563	D:0.00619637337008434	D:0.0402939540847981	D:0.585882061656381	D:0.557064613855536	D:0.977958477099463	D:-0.0417762596713422	D:-0.0350805572478213	D:0.0545518227829748	D:15.3319326640442
S:TXLNB	D:-0.175188443352721	D:-2.8987171350286	D:0.00394428071735694	D:0.0225300173919532	D:-0.167119790482926	D:-2.75074036548314	D:0.00620070883374419	D:0.0403087329741169	D:0.603765228725877	D:0.547218460086769	D:0.977958477099463	D:-0.0668293968051757	D:-0.059581543280987	D:0.0895328351895982	D:15.2187665410494
S:BLM	D:-0.0869096379112717	D:-3.35169911704496	D:0.000876244937729216	D:0.00789064623417816	D:-0.0729638405931519	D:-2.75043670350141	D:0.00620635611703528	D:0.040332026898233	D:1.44716862921088	D:0.236394799336826	D:0.932707338252518	D:-0.0337114614010965	D:-0.0489045629250281	D:0.0593979705434929	D:14.3053149129671
S:CLCN6	D:-0.0762144019662447	D:-3.18482002034301	D:0.00155691946052587	D:0.0118150536614121	D:-0.0657025541597424	D:-2.74950426407922	D:0.00622372599872546	D:0.0403607176286	D:0.704082674665256	D:0.495139287543539	D:0.971534152892322	D:-0.0125867325858897	D:0.0351603247004324	D:0.0373453379985847	D:22.686906081548
S:RBM27	D:-0.0817529147702899	D:-3.88305974225474	D:0.000119859014517698	D:0.00202609429298472	D:-0.0621529288113643	D:-2.74946659765561	D:0.00622442858710165	D:0.0403607176286	D:1.55222790595676	D:0.212976519832219	D:0.927783481998367	D:0.0147948246955069	D:-0.0501213458750324	D:0.0522593163952172	D:10.903629835703
S:SOCS5	D:-0.0650387600115563	D:-3.18042210774417	D:0.00158017128896401	D:0.011912857699709	D:-0.0575102583462994	D:-2.74898147542075	D:0.00623348393522151	D:0.0403874368627863	D:0.323636476127827	D:0.723691764611963	D:0.988887668865741	D:-0.021218886672744	D:-0.00937295526519891	D:0.0231968412081079	D:16.4111771829441
S:KLHL25	D:-0.0911547538395429	D:-4.1668193678984	D:0.0000375535472877131	D:0.000875696739318858	D:-0.0638147795873117	D:-2.74764121145698	D:0.00625856335536914	D:0.0404962207043935	D:0.659663075459601	D:0.517555264126796	D:0.972886610373122	D:0.0354112143457277	D:-0.0125836724927368	D:0.0375806188725457	D:7.30420645614051
S:PADI1	D:-0.197393681614205	D:-2.86070249768493	D:0.00443908933680936	D:0.024601317280372	D:-0.189047685874579	D:-2.74623533648323	D:0.00628496843373581	D:0.0406309108250283	D:0.263144112495548	D:0.768756544367744	D:0.989044741352382	D:-0.0597244484811529	D:0.0357320138435836	D:0.069597317187489	D:20.0594192837089
S:NCOA6	D:-0.0562658361662425	D:-2.65199839481916	D:0.00830612038241112	D:0.0381636252980709	D:-0.0585248483042625	D:-2.74573728087454	D:0.00629434700452328	D:0.0406604412612858	D:0.35523797220423	D:0.701215024088242	D:0.987553110889477	D:0.0136866242953455	D:-0.0199039503072794	D:0.0241555567610558	D:9.69908538827712
S:EPC2	D:-0.0542938179890299	D:-2.52035299542121	D:0.0120951523250548	D:0.049915812372523	D:-0.059163391604899	D:-2.74554631618029	D:0.00629794629157046	D:0.0406702473508191	D:0.178098614229312	D:0.836922460421896	D:0.990538766746216	D:0.0105157585973045	D:-0.01381890280741	D:0.017365000825725	D:9.51533232538219
S:YES1	D:-0.0799008001613495	D:-3.11591870226174	D:0.00196018267374504	D:0.0138281334395855	D:-0.072031512513636	D:-2.74369801417935	D:0.00633287913338203	D:0.0408688213822386	D:0.839197932656429	D:0.432773208225127	D:0.966078042387016	D:-0.0105266172382369	D:-0.0427766135548244	D:0.0440527903508862	D:12.9216565792159
S:RIMKLB	D:-0.122554181142546	D:-3.35571402575188	D:0.000863955147034336	D:0.00783518682043286	D:-0.103179400375708	D:-2.74357763144904	D:0.00633516042145949	D:0.0408700461524397	D:1.19218321303435	D:0.304573189528052	D:0.955635606725854	D:-0.0757907566711205	D:-0.0271186338237183	D:0.0804963297128876	D:16.6874880501808
S:MTRNR2L2	D:-0.107285850494253	D:-3.08133616664014	D:0.00219701080737718	D:0.0149379917143206	D:-0.0971231132069228	D:-2.74223431499924	D:0.00636066705912995	D:0.040980479723857	D:5.42039925032847	D:0.00473738860594672	D:0.627240251963999	D:-0.0403403487015325	D:-0.145640817886193	D:0.151124424127671	D:13.0321295414412
S:IFI16	D:-0.069763004055991	D:-2.5695494439152	D:0.0105288323825946	D:0.0452482765753863	D:-0.0740284523116539	D:-2.74173268307164	D:0.00637021570887677	D:0.0410014443897105	D:2.94371685874288	D:0.0537469569177645	D:0.83656058396868	D:0.0236944220616949	D:-0.0825870426511423	D:0.0859188294304533	D:10.9327791165181
S:LTN1	D:-0.0740719372799885	D:-2.71475110268851	D:0.00690724078693623	D:0.0334591948977494	D:-0.0752692993412025	D:-2.74099161460037	D:0.00638434576311836	D:0.0410788609012499	D:1.9957758762943	D:0.137182793019615	D:0.892651935358644	D:-0.0601944702430432	D:-0.0434623291356631	D:0.0742451904283188	D:15.611300890552
S:CAMK2D	D:-0.0661434278726236	D:-4.17676935384151	D:0.0000360117383211749	D:0.000851943557547311	D:-0.0487867619178283	D:-2.74081931734772	D:0.00638763503097872	D:0.0410864964253967	D:1.50146181416899	D:0.223986332893839	D:0.929224825495277	D:-0.0163659973464594	D:-0.0366895099482502	D:0.0401741958150635	D:13.6026730888517
S:PSD3	D:-0.100157155723019	D:-2.73927940350584	D:0.00642089641450502	D:0.031756703830889	D:-0.0999820350733876	D:-2.74033020977026	D:0.00639698075593971	D:0.0411195397867822	D:1.52863840664596	D:0.218023153780194	D:0.927826835934733	D:-0.0243525533853066	D:-0.0790663578505935	D:0.082731709761991	D:13.1412605707314
S:PPRC1	D:-0.0650247862941678	D:-3.22440362101117	D:0.00136142711255846	D:0.0107663485254978	D:-0.0561322296998775	D:-2.73918211412324	D:0.00641896675848185	D:0.0412337374843833	D:0.899982938640762	D:0.407351768655324	D:0.96415212136371	D:-0.000109348001224048	D:-0.03562643042898	D:0.0356265982391853	D:12.0117238039646
S:AKAP1	D:-0.0608152006154532	D:-3.75137285908203	D:0.000200693519910605	D:0.0028511114244443	D:-0.0476054188012658	D:-2.73830019611799	D:0.00643590177585589	D:0.0413289374308249	D:2.12569949607325	D:0.12061954450798	D:0.888724539846668	D:-0.0136297275224595	D:-0.0444419647747598	D:0.0464850266793242	D:13.136669494705
S:C10ORF137	D:-0.0458442622409265	D:-3.26218990733332	D:0.00119624786975125	D:0.00985077101677589	D:-0.0392306839404168	D:-2.73750188885767	D:0.00645126603234296	D:0.0414003906528781	D:0.786154053411846	D:0.456256502440128	D:0.967692421145506	D:-0.0229241491938355	D:0.010493830923065	D:0.0252118445121158	D:19.6397707744378
S:DQX1	D:-0.0811038849921484	D:-2.71286673546608	D:0.00694594356802018	D:0.0336154140702326	D:-0.0821834448683783	D:-2.73663671497421	D:0.00646795459133236	D:0.0414876675461541	D:0.625507177765836	D:0.535482923229747	D:0.975430279911244	D:0.0363135530931756	D:0.0272204810757462	D:0.0453831326402877	D:3.5429955217184
S:VN1R5	D:-0.138094524547951	D:-2.69668750598759	D:0.00728637673917361	D:0.0346713423154138	D:-0.13969658169812	D:-2.73656497971008	D:0.00646934005927306	D:0.0414876675461541	D:1.48847598911198	D:0.226893316752181	D:0.93028611335474	D:-0.123752532397499	D:0.0143423166089582	D:0.124580862577306	D:18.4407206235037
S:BTBD6	D:-0.0827365106940336	D:-3.80418370501881	D:0.000163502694906459	D:0.00247867041207689	D:-0.0620354621089003	D:-2.7364668679811	D:0.00647123538614593	D:0.0414876675461541	D:0.201972825839827	D:0.817195694706247	D:0.990538766746216	D:0.0197660533513881	D:-0.00487273802501726	D:0.0203578103181646	D:6.92323057741335
S:SF3B1	D:-0.0457898751670933	D:-2.61812938001312	D:0.0091624420754916	D:0.0409710024249843	D:-0.048336104337334	D:-2.73627478922375	D:0.00647494742380423	D:0.0414978509703373	D:3.08904742905215	D:0.0465717952086047	D:0.826061255087532	D:-0.0261029046733754	D:-0.0510464317841703	D:0.0573332349539365	D:13.8055472614997
S:ANKRD39	D:-0.0867287886130251	D:-3.42281169491203	D:0.000680899410467615	D:0.00667849276364596	D:-0.0714704602598803	D:-2.7360258369968	D:0.00647976143574347	D:0.0415038004637353	D:0.127140675534586	D:0.880643340982323	D:0.991098228766629	D:0.0181696177051628	D:-0.00406616309744706	D:0.0186190410571223	D:6.84095547581607
S:TRIM59	D:-0.0825256039432942	D:-2.79287811893202	D:0.00546409937414872	D:0.0284376233453659	D:-0.0815132417324868	D:-2.73597362027072	D:0.00648077156517171	D:0.0415038004637353	D:1.32145339960471	D:0.2678435432032	D:0.939907763028795	D:-0.0382533554323221	D:-0.0512043024177723	D:0.0639155676492218	D:14.4508278880123
S:MKI67IP	D:-0.108052390994627	D:-3.19139620792655	D:0.00152274041069634	D:0.0116143131793198	D:-0.0956912141219044	D:-2.73578758995455	D:0.00648437146593234	D:0.0415038004637353	D:0.92536182769661	D:0.397186919703306	D:0.961255126201953	D:0.00287887915041229	D:-0.0616712802212786	D:0.0617384381831461	D:11.8218209325689
S:SLC10A4	D:-0.189962957206635	D:-2.78360632407366	D:0.00561976530258351	D:0.0289522366933257	D:-0.185327960443984	D:-2.73299681117043	D:0.00653859334398008	D:0.0418234541848494	D:1.26778926278681	D:0.282517771425163	D:0.946954734546031	D:-0.151516971360839	D:0.0192509635026751	D:0.152735039221989	D:18.4827272575025
S:CCDC77	D:-0.0670400422322543	D:-3.14128450374331	D:0.00180168005527297	D:0.0130487976690793	D:-0.0588401243582608	D:-2.73094112922392	D:0.00657879444189863	D:0.0420118373167128	D:0.775251486840564	D:0.461239635359466	D:0.967692421145506	D:0.0214297826391471	D:-0.0291405605307839	D:0.0361719207674872	D:9.57796489181822
S:C16ORF52	D:-0.0526574945162115	D:-3.6023169584344	D:0.000353338220483248	D:0.00423854031090433	D:-0.0417935815972848	D:-2.72793993737428	D:0.0066378866164671	D:0.0423476795208566	D:0.759044581044266	D:0.468748416635789	D:0.967692421145506	D:0.0264918645809173	D:0.00217811679528598	D:0.0265812543298387	D:5.68665391239038
S:ANKRD34A	D:-0.169054260448536	D:-2.80311309387706	D:0.00529680680315979	D:0.027906417293218	D:-0.165272684123009	D:-2.72721740324091	D:0.00665218434110319	D:0.0423973692790272	D:1.47353269164918	D:0.230285438054705	D:0.93028611335474	D:-0.0796928783401269	D:-0.11153386904802	D:0.13707938868756	D:14.3697641845402
S:PRPF4B	D:-0.0571537124741165	D:-3.82374768824543	D:0.000151457285090657	D:0.00235285061527517	D:-0.0440475233803497	D:-2.72657022763862	D:0.00666501443220763	D:0.0424514494849314	D:1.97064039169417	D:0.14064188510426	D:0.893013200900893	D:-0.0128924306794751	D:-0.0395629619749991	D:0.0416106083716676	D:13.2032865637095
S:PEX1	D:-0.071573337772279	D:-3.43060087718355	D:0.000662170413845163	D:0.00655621058288246	D:-0.0593282346332987	D:-2.72295517736467	D:0.00673709340946905	D:0.0428686233521442	D:0.369619391800069	D:0.691219688525246	D:0.986869111240858	D:-0.0176441027002098	D:0.0184752957351155	D:0.0255470333423576	D:21.087885274735
S:PPHLN1	D:-0.0517726997513541	D:-3.42038832573145	D:0.000686826425661241	D:0.00670728394994817	D:-0.0425761197856341	D:-2.722730136213	D:0.00674160357244419	D:0.0428833578805768	D:0.906969435387134	D:0.404527717666666	D:0.963796907670492	D:-0.0142256982847408	D:-0.0236598533114305	D:0.027607230038649	D:14.0677843470225
S:LOC344595	D:-0.0635493920545231	D:-2.6151299697128	D:0.00924196299576002	D:0.0412322371918143	D:-0.0672974776474916	D:-2.7223890399325	D:0.00674844484708272	D:0.0429129062013809	D:0.665276828331347	D:0.514666976195282	D:0.972886610373122	D:0.0344613970412034	D:0.0183731387407354	D:0.0390532983654105	D:4.12904223857947
S:RNF122	D:-0.0617293932494512	D:-2.75089380721829	D:0.006201578192008	D:0.0310015450115192	D:-0.0604846599328729	D:-2.72127812113597	D:0.00677076967096887	D:0.0430268650863099	D:6.30156070224421	D:0.0020097834720232	D:0.540621307029361	D:0.061890497171	D:0.0836916552313725	D:0.104089993733502	D:2.43221032222324
S:WDR60	D:-0.0696330952699867	D:-2.68358344606681	D:0.00757303802793426	D:0.0356246355570205	D:-0.0709072772427593	D:-2.72017928966592	D:0.00679291709438961	D:0.0431395492172465	D:1.65321148817	D:0.192665589496166	D:0.921744746511297	D:-0.0221837006108519	D:-0.0574725371913221	D:0.0616052684759982	D:13.4070654680442
S:FAM123B	D:-0.0881103367767285	D:-2.96027665496632	D:0.00324863023968644	D:0.0196894946464127	D:-0.080855334129872	D:-2.71996708141246	D:0.006797201762994	D:0.0431527354290662	D:0.355986773310932	D:0.700691028601466	D:0.987553110889477	D:0.0278998731859193	D:0.0194249502933046	D:0.0339960529721869	D:3.67686000538306
S:FCGBP	D:-0.100809497246957	D:-3.59825210205302	D:0.000358735628509051	D:0.00428487342096293	D:-0.079992697315106	D:-2.71965149505855	D:0.00680357823262273	D:0.0431651695596367	D:2.8647458723709	D:0.058101466193562	D:0.83656058396868	D:0.00836998929841238	D:-0.091096276396009	D:0.0914799884896889	D:11.6500242242902
S:FLJ43663	D:-0.0736756808529986	D:-2.98624023479199	D:0.00299042115295136	D:0.0186042087710355	D:-0.0674517948338944	D:-2.71951927874601	D:0.00680625128612159	D:0.0431681130743597	D:0.655600412339034	D:0.519655665526628	D:0.972886610373122	D:-0.0119909466891764	D:-0.0348617536978913	D:0.0368663081063877	D:13.2654011761376
S:ZNF541	D:-0.0900596119875998	D:-3.12623565162895	D:0.00189422594905778	D:0.0134600251892866	D:-0.0790608219582602	D:-2.7187308097156	D:0.00682221165499808	D:0.0432553010870596	D:1.6666904573744	D:0.190105984855765	D:0.921744746511297	D:-0.0747726692220772	D:-0.00359626950948393	D:0.074859102432363	D:17.8164281093105
S:SNTB1	D:-0.0699141660897383	D:-3.11478364266095	D:0.00196756692689931	D:0.0138514774398585	D:-0.0616767793576643	D:-2.71860714980545	D:0.00682471786630924	D:0.0432564538909773	D:1.29916159328277	D:0.273843808090828	D:0.944560109951446	D:-0.0419906816481938	D:-0.0266824456522471	D:0.0497510829155013	D:15.8377733544316
S:MAPRE1	D:-0.034234755118585	D:-2.75063688917816	D:0.00620635551013672	D:0.0310095609878756	D:-0.0336711173366536	D:-2.71763620528712	D:0.00684442483579928	D:0.0433398916773667	D:0.0353524994556953	D:0.965267945578822	D:0.996760838460121	D:-0.00117081547282313	D:-0.00410658158726896	D:0.00427022495944868	D:13.0608817297232
S:RBL1	D:-0.10188258012263	D:-3.35061270611538	D:0.000879598337409693	D:0.00791658648015421	D:-0.0835990171200244	D:-2.71643817413748	D:0.00686881162343484	D:0.0434520711989447	D:0.0122905727403347	D:0.987784999741818	D:0.998940164677581	D:-0.00284107948780883	D:-0.0056217524859013	D:0.00629887558765734	D:13.7873854627167
S:NDUFAF3	D:-0.0880999352630147	D:-3.55518998078253	D:0.000420868002719854	D:0.00478985535302776	D:-0.069067740433425	D:-2.71495568051533	D:0.00689909729020991	D:0.0436294858513005	D:1.80267490542929	D:0.166118410699328	D:0.907497865103597	D:-0.0543031333331501	D:-0.0367135185260906	D:0.0655493152699819	D:15.7291983502268
S:ACAD9	D:-0.0529962264203992	D:-3.57839803659549	D:0.000386228405073181	D:0.00448382958289844	D:-0.0417467449136833	D:-2.71331748376982	D:0.00693270376909094	D:0.0437429655640317	D:0.249502602831619	D:0.779302562750584	D:0.989364001696824	D:-0.00443642395194155	D:-0.0133872764616414	D:0.0141032275930646	D:13.2223157134908
S:SMCP	D:-0.112996331712181	D:-2.68089254668569	D:0.00763314447301166	D:0.0358125512958274	D:-0.114476478825605	D:-2.71306669497127	D:0.0069378615333172	D:0.043750629207956	D:3.01756675187602	D:0.0499719068353816	D:0.832973145363817	D:0.0921485228188201	D:-0.106393387519798	D:0.14075121017465	D:9.27358605589196
S:GALNT11	D:-0.055430257789783	D:-3.14379707872523	D:0.00178664103881147	D:0.0129835450127984	D:-0.0483872330102679	D:-2.71304070776385	D:0.00693839618829413	D:0.043750629207956	D:0.0515156120501678	D:0.949794765113234	D:0.996760838460121	D:-0.00502073132442689	D:-0.00570602798977848	D:0.00760042751772668	D:14.7563021823125
S:GPLD1	D:-0.119134713650193	D:-3.23155636778757	D:0.00132862404687888	D:0.0106099887617737	D:-0.100775077722934	D:-2.71224892005231	D:0.00695470406682532	D:0.0437596203051809	D:0.347751813593373	D:0.706475375407071	D:0.987553110889477	D:0.0253098255839357	D:-0.0333115666655682	D:0.0418359623386846	D:9.51818403626649
S:ZMYM5	D:-0.0567396033765647	D:-3.28405676301516	D:0.00110935302989341	D:0.00933184139352011	D:-0.0479731729841026	D:-2.71136515673391	D:0.0069729470971225	D:0.0438270695480446	D:0.403758968019226	D:0.668061528571535	D:0.985706471962942	D:0.00646323732695284	D:-0.019873627349178	D:0.0208981937199968	D:10.7989736341448
S:KIAA0020	D:-0.0901338785509251	D:-2.90417207205322	D:0.00387755688674312	D:0.0222595003301549	D:-0.084984648959083	D:-2.7091248605662	D:0.00701938567966872	D:0.0440339696842397	D:1.54637628074044	D:0.214217338260411	D:0.927783481998367	D:0.0239123263199874	D:-0.0685639894013954	D:0.0726141858913823	D:10.7182206190408
S:CFD	D:-0.080214019067509	D:-2.93672688899907	D:0.00350029989127679	D:0.0207190459042724	D:-0.0741587286726402	D:-2.70889599291366	D:0.00702414548122183	D:0.0440496876920911	D:1.95187767915296	D:0.143280976986671	D:0.893013200900893	D:-0.0292237225992234	D:0.065400855720806	D:0.0716330781941559	D:22.3948663142778
S:ACADL	D:-0.198958574927378	D:-3.41160919550929	D:0.000708703574578145	D:0.00684904873928364	D:-0.159067161863086	D:-2.70878075997361	D:0.00702654310207672	D:0.0440505867044213	D:0.334514223319213	D:0.715874356974378	D:0.988143133268022	D:-0.0407509011383809	D:0.050651924502282	D:0.0650096408186891	D:21.4121561286452
S:UTRN	D:-0.0590600685903633	D:-3.01012466929076	D:0.00276962586138115	D:0.01764056680484	D:-0.0538477960964642	D:-2.70853753776556	D:0.00703160618268448	D:0.044068189998665	D:1.79601079019448	D:0.167219761700179	D:0.908197024350599	D:-0.0317055862892356	D:-0.0385274607456142	D:0.0498959861456711	D:14.6301434313203
S:CXCR7	D:-0.0925570053137446	D:-2.97407204500119	D:0.0031090002134475	D:0.019098702662992	D:-0.0854121458234196	D:-2.70825481907759	D:0.00703749558092291	D:0.0440768272906457	D:0.581179552148056	D:0.55968316055675	D:0.978628007868675	D:0.0238480980908828	D:-0.0387660763123625	D:0.0455141786173087	D:9.89340132373495
S:TYW5	D:-0.0986282062678038	D:-3.19918985795526	D:0.00148313231826572	D:0.0114146863455024	D:-0.0855953162632605	D:-2.70782536735826	D:0.00704645012394595	D:0.0441187702249368	D:0.193880334134929	D:0.8238294568457	D:0.990538766746216	D:-0.0212645528776346	D:-0.0159694879041237	D:0.0265933403882565	D:15.5395853489328
S:GAPVD1	D:-0.0464497407719894	D:-2.79159694938338	D:0.00548537400406255	D:0.0285160652095836	D:-0.0448613728742465	D:-2.70716093554682	D:0.00706032449395472	D:0.0441633607885181	D:1.3705518200821	D:0.255089466843704	D:0.937117387531459	D:0.0141192944685695	D:-0.0334183872405378	D:0.0362786863330071	D:10.4730603050591
S:ZDHHC1	D:-0.105887348414707	D:-2.99573095689494	D:0.00290082444819721	D:0.0182091264189598	D:-0.095366636518835	D:-2.70715961783088	D:0.00706035203435498	D:0.0441633607885181	D:1.42277247255027	D:0.242193122421157	D:0.933288553535957	D:-0.0779570751135244	D:0.0302332419055033	D:0.0836143198045189	D:19.4131495634056
S:IGSF21	D:-0.136284436068774	D:-2.71612550066054	D:0.00687913493449582	D:0.0333644020240712	D:-0.135241482878557	D:-2.70632419620427	D:0.00707783193127269	D:0.0442443742063339	D:0.305192740194039	D:0.737143061859712	D:0.988887668865741	D:0.0204826126485476	D:-0.0474217500887939	D:0.0516561690642508	D:10.4426202814682
S:ZNF426	D:-0.0514721104657881	D:-2.62368500267271	D:0.00901676784988581	D:0.0404770642211391	D:-0.0531802182565479	D:-2.70584825742056	D:0.00708780763566622	D:0.0442784044144993	D:0.997683266008928	D:0.36959657312124	D:0.959270072771647	D:-0.0270985288476752	D:-0.0254140730690818	D:0.0371511154027563	D:15.1224837745256
S:SIRT5	D:-0.0481361056112461	D:-2.70436632713835	D:0.00712297348050143	D:0.0341570612963138	D:-0.0481439286372898	D:-2.70541865157206	D:0.00709682307568915	D:0.0442926847344343	D:0.451354405687009	D:0.637070693885177	D:0.984731703218706	D:0.0176322823617676	D:-0.0151609360154311	D:0.0232540611968984	D:8.71268335181586
S:RORC	D:-0.0554233232122275	D:-2.98192644399197	D:0.00303197690391508	D:0.0187790366654214	D:-0.050293288964274	D:-2.70541529758361	D:0.0070968935010242	D:0.0442926847344343	D:0.621505429097343	D:0.537623776129645	D:0.975924385547693	D:-0.0098652325679466	D:0.0255028925212247	D:0.0273444755036335	D:22.5901423238342
S:CPNE5	D:-0.0887253279712208	D:-3.42206948818234	D:0.000682709592544853	D:0.00668043472604855	D:-0.0712239417575969	D:-2.70497022458862	D:0.00710624450398199	D:0.0443227334351459	D:0.12994989846428	D:0.878174383989201	D:0.991098228766629	D:0.013704235540959	D:-0.0123197206599066	D:0.0184277396579237	D:8.79697643918527
S:BRMS1L	D:-0.10135719270348	D:-2.87328707021361	D:0.00426936000753534	D:0.0238705476129465	D:-0.0955896783640432	D:-2.70347042506141	D:0.00713783714469585	D:0.0444373976327763	D:0.852716390820957	D:0.426985087658478	D:0.966078042387016	D:-0.0648532094630212	D:0.00773292442208728	D:0.0653126090259164	D:18.4533128564645
S:LOC100506439	D:-0.222711337398215	D:-2.96175923955192	D:0.00323335390616246	D:0.0196342351399381	D:-0.202058509832317	D:-2.70334205943959	D:0.00714054698157298	D:0.0444373976327763	D:2.7051243091819	D:0.0680159985306422	D:0.850339905642804	D:0.239183915230081	D:0.045773372076741	D:0.243524427719411	D:5.27774128485745
S:COCH	D:-0.122856603843783	D:-3.23708578692114	D:0.00130376894395268	D:0.0104671113121525	D:-0.104694811644192	D:-2.70309439592713	D:0.0071457778519723	D:0.0444504748377562	D:0.330128784299089	D:0.719015739551672	D:0.988438761294391	D:0.0288979714631215	D:-0.0316194758639032	D:0.0428355460872316	D:9.17165928693069
S:NPM1	D:-0.0671575104001726	D:-3.18673122559538	D:0.00154691379212984	D:0.011771122434583	D:-0.0583107521130859	D:-2.70255070877857	D:0.00715727310990773	D:0.0444989735414277	D:1.75488839498365	D:0.174180092308087	D:0.911587746465428	D:0.0233417689382251	D:-0.0483136970310084	D:0.053656793586363	D:10.2808963093807
S:SERBP1	D:-0.0459977039900155	D:-3.67085036058424	D:0.00027306339639373	D:0.00356918516985276	D:-0.0361840180685109	D:-2.70203214648053	D:0.00716825266802818	D:0.0445530615095225	D:1.52637654177496	D:0.218513315374963	D:0.927826835934733	D:0.0250893303064645	D:-0.0202814445873352	D:0.0322616101547338	D:8.59673405381018
S:ZFAND6	D:-0.0832793636855449	D:-2.65731373773045	D:0.00817845847423915	D:0.0377813846442334	D:-0.0844086774536209	D:-2.70185409772683	D:0.00717202600512824	D:0.0445623402754248	D:0.568425387487881	D:0.566847619511817	D:0.979990205806868	D:-0.0391447751588207	D:-0.0230941850541569	D:0.0454494753055552	D:15.9640488745016
S:UCK2	D:-0.0562267924973599	D:-2.97430559294978	D:0.00310668435977726	D:0.01909648287965	D:-0.0513687320609349	D:-2.70095070471119	D:0.007191198942674	D:0.0446105455678707	D:0.145299168267075	D:0.864806581054258	D:0.991098228766629	D:0.0131746030636826	D:0.0052274567712664	D:0.0141737951932803	D:4.5571780111772
S:IFI30	D:-0.0904888356861	D:-3.0924908676274	D:0.00211788971529975	D:0.014587833248739	D:-0.0787771289706274	D:-2.6996788366961	D:0.00721827037294062	D:0.0447075186553511	D:3.84722198924312	D:0.0220877306242977	D:0.731553125643055	D:-0.113516223825976	D:-0.00997579069264629	D:0.113953716357355	D:17.6651837793475
S:ZFP62	D:-0.101846238026237	D:-2.7224587996982	D:0.00675094948026177	D:0.0329389023205481	D:-0.101337725765951	D:-2.6989948493256	D:0.00723286681578616	D:0.0447695440124414	D:1.66192861708147	D:0.191006313619786	D:0.921744746511297	D:0.032002180399065	D:-0.0844059075825003	D:0.0902690245051971	D:10.6157311251802
S:ARHGEF10	D:-0.113340562555444	D:-3.4060738803622	D:0.00072282950873637	D:0.00694093927774811	D:-0.092111579475297	D:-2.69884238335331	D:0.00723612409460133	D:0.0447755227778989	D:0.47553531122006	D:0.621883306372081	D:0.984208797062414	D:0.00746319500114339	D:-0.0427498138487119	D:0.043396380767578	D:11.3398128739448
S:LOC100131195	D:-0.16051934635744	D:-2.89569914852719	D:0.00398164421886727	D:0.0226837637553601	D:-0.151787265535174	D:-2.69797933879015	D:0.00725458707192798	D:0.0448755574461997	D:0.910294572698838	D:0.403190562400984	D:0.963796907670492	D:-0.107215636450782	D:0.00183542715511349	D:0.107231345661556	D:18.0653834719731
S:FAM189A2	D:-0.100429838857361	D:-2.67597357539561	D:0.00774412951352855	D:0.036211542192836	D:-0.101573620674749	D:-2.69652184964998	D:0.00728586324712489	D:0.045040510506823	D:1.30337234591972	D:0.272700148365202	D:0.943827155079199	D:0.0663265711356383	D:-0.0515266068041378	D:0.0839893162691488	D:8.52281891749595
S:ZUFSP	D:-0.108183771473653	D:-2.7933398047433	D:0.00545645113012505	D:0.0284256229095637	D:-0.105397743463056	D:-2.69617553926015	D:0.00729331253154632	D:0.0450723023968839	D:0.280816649247667	D:0.755307111756479	D:0.988887668865741	D:-0.0133461418376525	D:-0.0356457898261501	D:0.0380623414187935	D:13.3684269996274
S:C9ORF100	D:-0.107414161872929	D:-3.14132377070357	D:0.00180144412744976	D:0.0130487976690793	D:-0.0921903354169518	D:-2.69599174816494	D:0.00729726874159296	D:0.0450750661158432	D:0.891048457432147	D:0.41099210746011	D:0.96415212136371	D:-0.0641044154068169	D:0.00773243686966103	D:0.064569084356161	D:18.458528860999
S:LOC339290	D:-0.0565919713426487	D:-2.79317952776556	D:0.00545910516384654	D:0.0284318694047775	D:-0.0551272977811439	D:-2.69492310179273	D:0.00732031028208121	D:0.045151929083629	D:2.27497594046856	D:0.104052770730935	D:0.870946539528028	D:-0.0271634878971932	D:-0.0501657215743039	D:0.0570478281428096	D:13.8956293842288
S:C11ORF45	D:-0.183586575221881	D:-2.8047373542816	D:0.0052706890270292	D:0.0277987946767011	D:-0.176017135967309	D:-2.69469270575665	D:0.0073252865251923	D:0.045151929083629	D:0.934305917253532	D:0.393665658020035	D:0.960380452490487	D:-0.0942626753198024	D:-0.0748197400540653	D:0.120347187171967	D:15.4373120350327
S:ZNF618	D:-0.0663214499821843	D:-3.2822444565061	D:0.00111632584702345	D:0.00935826828686626	D:-0.0560166851814544	D:-2.69456967179714	D:0.00732794513982407	D:0.045151929083629	D:2.72131390969035	D:0.0669374039557137	D:0.847670464859297	D:0.0135740374694499	D:-0.0619002207702821	D:0.0633710645691841	D:11.1754295960559
S:SECISBP2L	D:-0.0544345651316816	D:-2.53959265312608	D:0.0114594705232713	D:0.0479814685012311	D:-0.0576297395778948	D:-2.69438163693887	D:0.00733201002355627	D:0.045151929083629	D:0.37211227775227	D:0.689501704083927	D:0.986509726209427	D:-0.00285402358936691	D:-0.0237062013837224	D:0.0238773833301362	D:12.4576587704214
S:PHLPP2	D:-0.0875426929732463	D:-3.01308760073331	D:0.00274330322299352	D:0.0175472629396126	D:-0.079334332507965	D:-2.69429309883542	D:0.0073339247178465	D:0.045151929083629	D:1.06640746981832	D:0.345164382962367	D:0.957432814874086	D:0.0127806311264034	D:-0.0547584632154486	D:0.0562301860721342	D:11.1241566324018
S:RPS6KA3	D:-0.0387661701554072	D:-2.62443797963695	D:0.00899718455794242	D:0.0404170076889087	D:-0.0395757142093456	D:-2.69365555003208	D:0.00734772542447211	D:0.0451941776895214	D:1.57618020292612	D:0.207972331023687	D:0.927138374549935	D:-0.0249699948910974	D:-0.024313748397835	D:0.0348519584243791	D:15.0508591404939
S:C7ORF47	D:-0.0403481976165069	D:-2.57040573508164	D:0.0105032524126158	D:0.0451780883545951	D:-0.042033983823977	D:-2.69285334769268	D:0.00736512352159038	D:0.0452300058879314	D:0.581631905891624	D:0.559430735098967	D:0.978628007868675	D:-0.0166654986542371	D:-0.0151995344084125	D:0.0225558128123749	D:15.1756039433603
S:CYFIP2	D:-0.055880488138964	D:-2.9432872089418	D:0.00342845976232696	D:0.020456651058208	D:-0.0514044279856748	D:-2.69198592277202	D:0.00738397788543898	D:0.0453173090010563	D:1.109944442153	D:0.330532872150619	D:0.95707960515839	D:-0.00411458113079956	D:-0.0365865818753316	D:0.0368172208511489	D:12.4277738165258
S:SS18L1	D:-0.0700740223057424	D:-3.52742332993226	D:0.000466134751042835	D:0.00514037199217157	D:-0.0550558057422623	D:-2.69117149907675	D:0.00740171975087848	D:0.0453587020551464	D:0.49126258432999	D:0.612201188828426	D:0.984208797062414	D:-0.0273534280161571	D:0.00838773813002864	D:0.0286105605532822	D:19.1365195503112
S:PPWD1	D:-0.0846906417030459	D:-2.93766452766392	D:0.00348994857400679	D:0.0206687397574115	D:-0.0796554016325311	D:-2.69114055749576	D:0.00740239455574632	D:0.0453587020551464	D:2.28337540810786	D:0.1031916612124	D:0.870946539528028	D:0.0116627997776362	D:-0.0815238654495414	D:0.0823538799115632	D:11.4572340405466
S:UQCC	D:-0.053340111247777	D:-3.00842987634055	D:0.00278478627116392	D:0.0177198008872726	D:-0.0478563847562465	D:-2.69067468882585	D:0.00741256138065277	D:0.0453875955028135	D:0.181551105378427	D:0.834040415461076	D:0.990538766746216	D:-0.00537091264953223	D:-0.0128684482566428	D:0.0139443057633859	D:13.5102816673782
S:SPRY1	D:-0.14326533206468	D:-2.74823250296632	D:0.00625122583445196	D:0.031146150951307	D:-0.141035821106788	D:-2.69050533549774	D:0.0074162603551518	D:0.0453875955028135	D:1.72390045582108	D:0.179616775883556	D:0.916181523764176	D:-0.0484985670808777	D:-0.116972068679645	D:0.126627705736517	D:13.5013140079172
S:MYOF	D:-0.098703645010801	D:-2.80868964420892	D:0.00520762399056691	D:0.0275703550256483	D:-0.0948932390236585	D:-2.69045939700706	D:0.00741726401900585	D:0.0453875955028135	D:3.17805496525845	D:0.042660947241448	D:0.813813159090897	D:-0.0172032809908825	D:-0.11377407906576	D:0.115067345255347	D:12.5732207297517
S:MLEC	D:-0.0613038672462714	D:-3.028627912782	D:0.00260896136082032	D:0.0169430754243237	D:-0.0545645142562136	D:-2.69039564000514	D:0.00741865718417615	D:0.0453875955028135	D:0.185037476908895	D:0.831140206552865	D:0.990538766746216	D:0.000729299542529393	D:-0.0159907725265098	D:0.0160073946605097	D:11.8259127268531
S:DCAF13	D:-0.107884851997718	D:-3.34608886085281	D:0.000893690771184139	D:0.00801145393376815	D:-0.0898840600089861	D:-2.6890704870128	D:0.00744766670305278	D:0.0455080847543322	D:1.22176601641121	D:0.295744548901538	D:0.952915201387479	D:0.0185653817803942	D:-0.0659392199432677	D:0.068502949771367	D:10.9516852104242
S:CCL28	D:-0.106644508950831	D:-4.0408571890166	D:0.0000633903062707547	D:0.00127177615486326	D:-0.0761367043924746	D:-2.6881366078388	D:0.00746817195869505	D:0.0455621443162223	D:1.20181910598371	D:0.301668768333758	D:0.954093587559266	D:0.0588965494193546	D:-0.019116549838325	D:0.0619212888369391	D:7.19882083520017
S:LPAR1	D:-0.145989131543065	D:-2.64014895972663	D:0.00859717746932999	D:0.0390543009871321	D:-0.147774964525211	D:-2.68792981024446	D:0.00747271949480732	D:0.0455756590661766	D:1.22683834523736	D:0.294256802724063	D:0.952385040554387	D:-0.0534406932425547	D:-0.0990893187308422	D:0.112581529483247	D:13.8892534580648
S:LOC283143	D:-0.135182935840765	D:-2.5242843558007	D:0.0119627662834554	D:0.0495368544066546	D:-0.143845676316486	D:-2.68759374896675	D:0.00748011489078731	D:0.0455780870224119	D:0.48062152039718	D:0.618735388325573	D:0.984208797062414	D:0.0599076884318247	D:-0.0413431512240114	D:0.0727886480598181	D:8.30734074254443
S:AKTIP	D:-0.0464964021050314	D:-3.16785146270343	D:0.0016484133645921	D:0.012280459610177	D:-0.0402884201841589	D:-2.68713086760851	D:0.00749031188546386	D:0.045611774557136	D:0.688652721084442	D:0.502813110725675	D:0.971534152892322	D:-0.024802419028854	D:-0.000904664622428906	D:0.0248189123001379	D:17.8607380558637
S:HIPK2	D:-0.071575656115511	D:-2.78417224271564	D:0.00561015013550043	D:0.0289179487728341	D:-0.0689145994546792	D:-2.68680105219048	D:0.00749758514891388	D:0.0456418415560518	D:0.216249796641211	D:0.805622838952945	D:0.990538766746216	D:0.0220751541008899	D:-0.00870323326902267	D:0.0237288579142162	D:7.43447142824402
S:SIDT1	D:-0.0616728299247203	D:-2.81768562225238	D:0.00506662258939477	D:0.0270141533477117	D:-0.0588076877477712	D:-2.68539875306557	D:0.00752858039811281	D:0.0457959905112191	D:2.44995581453218	D:0.0875181835868424	D:0.860742263980279	D:-0.00841176895291682	D:-0.0621610391915276	D:0.0627276067635924	D:12.5137718406906
S:SLMO2	D:-0.0595202541113583	D:-2.93300326133619	D:0.00354168525737075	D:0.0208772463391499	D:-0.0551019816002533	D:-2.685337452931	D:0.00752993795161695	D:0.0457959905112191	D:0.371248711854175	D:0.690096348507106	D:0.986695891283921	D:0.00844008384642198	D:-0.0217492592562776	D:0.0233294940693409	D:10.5860404801877
S:PARVA	D:-0.110737372775197	D:-2.92473042918628	D:0.00363523519634686	D:0.0212301646658141	D:-0.102114048747779	D:-2.68511314414648	D:0.00753490737450235	D:0.0458119555087587	D:2.88142089269944	D:0.0571533967810141	D:0.83656058396868	D:0.0936062177401329	D:-0.0834067882758948	D:0.125374703708974	D:8.78015219085121
S:LZIC	D:-0.0538400499027962	D:-3.28694310580989	D:0.00109833127152546	D:0.00927506109631763	D:-0.0457125087137954	D:-2.68430515234926	D:0.00755283240450592	D:0.0458638589236949	D:1.72037994878519	D:0.18024511957725	D:0.916523868817091	D:-0.00629772771231014	D:-0.0403893993066876	D:0.0408774381620651	D:12.5908330413204
S:ARHGEF9	D:-0.0634392327223143	D:-3.46038400897484	D:0.000594900833244727	D:0.00611196486983975	D:-0.0518673804595099	D:-2.68375823612513	D:0.00756498732500972	D:0.0459233977378114	D:1.27208364290393	D:0.281314326980465	D:0.946954734546031	D:-0.00313161142602965	D:-0.0397770901800786	D:0.0399001741013462	D:12.3001036955183
S:COPA	D:-0.0481624944773952	D:-2.69698090696724	D:0.00728007173775126	D:0.0346637138955647	D:-0.0477324107714601	D:-2.68358568468873	D:0.0075688258390492	D:0.0459324303480933	D:0.772964157585321	D:0.462292002997877	D:0.967692421145506	D:-0.0057941457385358	D:-0.0280361513518561	D:0.028628620425434	D:12.7784502069112
S:TRIM48	D:-0.19641681698352	D:-2.87738034738351	D:0.00421543995458921	D:0.0236367036305962	D:-0.186610391635245	D:-2.68300811343252	D:0.007581687023856	D:0.0459961956327756	D:0.89407194399477	D:0.409756548664003	D:0.96415212136371	D:0.0294421022597813	D:-0.118104790083263	D:0.121719262346134	D:11.0668106664474
S:C20ORF132	D:-0.111909399646265	D:-3.07164256647063	D:0.00226796675968529	D:0.0152453864640559	D:-0.0993001823222847	D:-2.68284816494144	D:0.00758525218401999	D:0.046003542187441	D:1.51056744726984	D:0.221970308357344	D:0.929224825495277	D:-0.0400636773367162	D:-0.07395779722905	D:0.084112151397487	D:13.8963231727547
S:WFS1	D:-0.0617009197588749	D:-2.86606153595615	D:0.00436607497277504	D:0.0242736748652227	D:-0.0576413941928862	D:-2.68274085034441	D:0.00758764501023846	D:0.0460037763403878	D:1.12133662347283	D:0.326808236875598	D:0.956911684216668	D:0.0369935866120528	D:-0.0250264964953149	D:0.0446637546255738	D:8.27191383264514
S:UNC93A	D:-0.115683138211531	D:-2.91221387016296	D:0.00378106648960288	D:0.0218661794238917	D:-0.106932015460668	D:-2.68256829731925	D:0.00759149390141566	D:0.046012835709542	D:0.0400712718199435	D:0.960724601939786	D:0.996760838460121	D:-0.0151344654665627	D:-0.00425675897245826	D:0.0157217060749838	D:16.9527129091307
S:NR3C2	D:-0.100054215485395	D:-3.25127357230358	D:0.00124195062320117	D:0.010143084648648	D:-0.0854737451695767	D:-2.68194009286836	D:0.0076055211932782	D:0.0460692776310755	D:1.16764182029944	D:0.312097921337761	D:0.956911684216668	D:-0.0187574294711397	D:-0.0603147319186945	D:0.063164135763808	D:13.1516868102957
S:DDX19B	D:-0.0454191421128231	D:-3.39280932296371	D:0.000757755470223473	D:0.00717663924362929	D:-0.037569127635189	D:-2.68113639381068	D:0.00762350113286716	D:0.0460988463765561	D:0.923153023364016	D:0.398061381197416	D:0.961424286988646	D:0.00592411569655559	D:-0.0241971006271074	D:0.0249117407168696	D:11.0828682298716
S:FARS2	D:-0.0560096764088624	D:-3.38113811716733	D:0.000789780345230195	D:0.00739133032861266	D:-0.0456192298675501	D:-2.68109296896293	D:0.00762447369902919	D:0.0460988463765561	D:0.230215984422245	D:0.794461234956625	D:0.989879017277003	D:0.000618827339173286	D:-0.0149649997371843	D:0.0149777890360905	D:11.8421382934691
S:ASXL1	D:-0.0425483423772023	D:-2.77238221543433	D:0.00581357549536801	D:0.0295564534779637	D:-0.0411562283925558	D:-2.68108924262441	D:0.00762455716130338	D:0.0460988463765561	D:0.691903032383402	D:0.501186751166068	D:0.971534152892322	D:0.00970607826894186	D:-0.0218519750763726	D:0.0239105995345419	D:10.4033635806161
S:RNF113A	D:-0.0614235498219001	D:-4.21736946101136	D:0.0000303235081265244	D:0.000757738711381601	D:-0.0425341413484685	D:-2.68081882008653	D:0.007630616261202	D:0.0461212101330493	D:0.496216650503105	D:0.609182815523632	D:0.984208797062414	D:-0.0150173413806922	D:-0.0148291650674226	D:0.0211050865608535	D:15.0240822505582
S:EPN2	D:-0.054091373226996	D:-2.8701134680377	D:0.00431159650978155	D:0.0240242108347994	D:-0.050377441816033	D:-2.68031576720545	D:0.00764189921175033	D:0.0461751244578891	D:1.64575567294305	D:0.194096264757318	D:0.921744746511297	D:0.0000493626566019591	D:0.0441892441336312	D:0.0441892717044932	D:0.00426690667661123
S:LOC100506161	D:-0.178104565611527	D:-3.00266539585439	D:0.00283692233570596	D:0.0179651967951966	D:-0.160854175339546	D:-2.67876982211636	D:0.00767666713034459	D:0.0463136006156418	D:0.667792863066156	D:0.51337773188722	D:0.972588590326146	D:-0.0458276398911324	D:-0.0784981954942694	D:0.0908963105623536	D:14.0184397908476
S:KDM5A	D:-0.0502793310576616	D:-3.17630415256963	D:0.00160223344080386	D:0.0120327608250378	D:-0.0427285783298743	D:-2.67775257799329	D:0.00769962223943725	D:0.0464234243075728	D:0.461838594282655	D:0.63044061911975	D:0.984208797062414	D:0.0215439765010255	D:-0.00252817440424336	D:0.0216918092674403	D:6.44620125926167
S:ROD1	D:-0.0575758953122639	D:-2.53136456657775	D:0.011727593233645	D:0.0488214398125947	D:-0.0610443395342634	D:-2.67761934645257	D:0.00770263330737334	D:0.0464272539973419	D:0.770823955760145	D:0.463278863960442	D:0.967692421145506	D:-0.0339031797155302	D:0.020181030803838	D:0.0394550326210611	D:20.050895111576
S:PLEKHM3	D:-0.0443622357717385	D:-2.68438415242267	D:0.00755523509791287	D:0.0355751443489917	D:-0.0441227837410543	D:-2.67728386899032	D:0.00771021987763434	D:0.0464586514427545	D:0.151290198187697	D:0.859644587759071	D:0.991098228766629	D:-0.0113516954837817	D:-0.00518749371993806	D:0.0124808285562661	D:16.3627042867251
S:RNF103	D:-0.0611793538799622	D:-2.56116925044723	D:0.0107821244231768	D:0.0460512331381315	D:-0.0642005209592691	D:-2.67695945131896	D:0.00771756272988595	D:0.0464885614379474	D:0.0401619164542405	D:0.960637537829384	D:0.996760838460121	D:0.0000526303993168726	D:-0.00880944391420639	D:0.00880960112811473	D:11.9771800663907
S:ABCD4	D:-0.0656322020750058	D:-3.06421269009358	D:0.00232377231817065	D:0.0155121459145228	D:-0.0575020042348661	D:-2.67623433431041	D:0.00773399773212348	D:0.0465363088500159	D:2.26819310165563	D:0.104753410620109	D:0.87220229631552	D:-0.0524526045376885	D:-0.0335122830213004	D:0.0622442674957853	D:15.8283498150274
S:ULK4	D:-0.0961473546248301	D:-2.90864835678417	D:0.00382357421046309	D:0.022036011277576	D:-0.0885861307810884	D:-2.67618949088112	D:0.007735015155051	D:0.0465363088500159	D:0.85027038732386	D:0.428026585084937	D:0.966078042387016	D:-0.0496328520338872	D:-0.0314065258682195	D:0.0587349118338394	D:15.8450209016589
S:FBXL16	D:-0.111727697335934	D:-3.50553501176461	D:0.000504989719590926	D:0.00544591838329264	D:-0.0893508370453207	D:-2.67513767790183	D:0.00775891359112479	D:0.0466370133756289	D:5.11083101042686	D:0.00640803241958506	D:0.662881684141537	D:-0.0148127348144034	D:-0.137394585220137	D:0.138190770894786	D:12.4102256078293
S:LOC100506501	D:-0.0777979713127892	D:-2.94367435243825	D:0.00342426265621931	D:0.0204440930538288	D:-0.0708499896645058	D:-2.67404072934355	D:0.00778390827303912	D:0.0467584849564886	D:2.45084983888832	D:0.0874408683442444	D:0.860742263980279	D:-0.0300929864817332	D:-0.070172451350137	D:0.0763528700434838	D:13.5474499849011
S:DOK7	D:-0.0984482898037889	D:-3.58505092813262	D:0.000376802949202586	D:0.00441433239230678	D:-0.0751670299742982	D:-2.6724505622092	D:0.00782026981119392	D:0.0469192178018239	D:0.00261007088771966	D:0.997393348409617	D:0.999316769699436	D:0.000354161733485888	D:0.00260569271289481	D:0.00262965112657532	D:0.516008218903201
S:ZNF330	D:-0.0623787312408022	D:-3.05029561262428	D:0.00243171223954594	D:0.016080571530615	D:-0.0566129127690112	D:-2.67151785048126	D:0.00784166864109235	D:0.0470331635713891	D:2.22310264981006	D:0.109533121597517	D:0.877133290038336	D:-0.00806803957026989	D:-0.0572562634874006	D:0.057821907362574	D:12.5347199488642
S:ACTA1	D:-0.15575231088074	D:-2.66244395018767	D:0.00805691717545606	D:0.0373354281101219	D:-0.156896069288901	D:-2.67049784533973	D:0.0078651304574825	D:0.0471449430275048	D:0.220517734955521	D:0.802195340179628	D:0.990538766746216	D:-0.0548471453669513	D:-0.00372296409362377	D:0.0549733555147028	D:17.7411188019675
S:DONSON	D:-0.0885199279803754	D:-2.70445836286054	D:0.00712103516961198	D:0.0341561483184555	D:-0.0876527452907003	D:-2.66849747080933	D:0.0079113257091667	D:0.0473637302949836	D:0.257151953237829	D:0.773371205841312	D:0.989364001696824	D:-0.0286018586572272	D:-0.0149726799939495	D:0.0322838576512971	D:16.1579040332375
S:TNRC6B	D:-0.0572481912150163	D:-3.02158502313182	D:0.0026690792333267	D:0.0172385027491139	D:-0.0505372863572464	D:-2.66804590932896	D:0.00792178743456579	D:0.0473973203486988	D:0.119119955351921	D:0.887731004691185	D:0.99183256504691	D:0.00841284659140476	D:0.00898026457949643	D:0.0123053297269219	D:2.87543294349968
S:SDAD1	D:-0.0736376866840075	D:-2.7630439820093	D:0.00597940859282629	D:0.0301065764783351	D:-0.0721306971148017	D:-2.66752148024216	D:0.00793395295319239	D:0.0474410571169928	D:1.92274870376097	D:0.147477082999112	D:0.893013200900893	D:-0.0159031168807673	D:-0.0668042027527695	D:0.068671031970959	D:12.892690023694
S:CDK6	D:-0.0712428495309774	D:-3.3592584821972	D:0.00085323893505209	D:0.00777665206616272	D:-0.0594387718608138	D:-2.66732742026406	D:0.0079384589419021	D:0.0474534800194888	D:1.57427699310178	D:0.208365598248493	D:0.927208842765068	D:-0.0397363035987809	D:-0.0351416426844801	D:0.0530462899198253	D:15.2340920797308
S:HIVEP2	D:-0.071529307349391	D:-3.21962786880819	D:0.00138374478629861	D:0.0108768128998638	D:-0.0627261730253807	D:-2.66645039062919	D:0.00795885188983413	D:0.0475317618518487	D:3.23855762922346	D:0.0401926101763528	D:0.813813159090897	D:0.0405882330981844	D:-0.068948448820966	D:0.0800080824720223	D:9.96771591545142
S:WDR85	D:-0.0586418211482595	D:-3.5340535539599	D:0.000454929143130238	D:0.00505929607628968	D:-0.0466792212679553	D:-2.66561265949874	D:0.00797837500830147	D:0.0476022020996636	D:0.273643458632062	D:0.760737426117838	D:0.989044741352382	D:-0.00129497559920759	D:-0.0167182664586699	D:0.0167683450341896	D:12.2952809285518
S:PRKAB2	D:-0.0848755368598201	D:-3.39257248622462	D:0.000758393124102885	D:0.00717663924362929	D:-0.0681481470985054	D:-2.66552627302018	D:0.00798039066979672	D:0.0476022020996636	D:0.0125791460503087	D:0.987500009192033	D:0.998940164677581	D:0.0042801375498512	D:0.00339891268888065	D:0.00546554525297158	D:3.43643037046335
S:RCN2	D:-0.0953559123156076	D:-3.54970902086933	D:0.000429463338421597	D:0.00484659795611913	D:-0.0753663479979922	D:-2.66440325835293	D:0.00800663572136473	D:0.0477441771837621	D:0.220389594215652	D:0.802298033883114	D:0.990538766746216	D:-0.0232966403120647	D:-0.0111282893920008	D:0.0258180610159213	D:16.2978150998712
S:LOC100507557	D:-0.222922739699756	D:-2.74830099448768	D:0.00624994361030215	D:0.031146150951307	D:-0.21643650525234	D:-2.66330216855015	D:0.00803244366082527	D:0.0478688568393372	D:0.523482652921049	D:0.592836011878203	D:0.984208797062414	D:-0.0143896079119448	D:-0.106634287973078	D:0.107600800124278	D:12.5123513680294
S:FLJ33630	D:-0.106543125027185	D:-3.31746552551358	D:0.000987838592076666	D:0.00858987049880156	D:-0.0891883510953026	D:-2.66307770050948	D:0.0080377140273023	D:0.0478856615266812	D:0.602807668126624	D:0.547741217678507	D:0.977958477099463	D:-0.021800812973363	D:-0.0427789214650934	D:0.0480136602230676	D:13.8002738800461
S:RBM12B	D:-0.0547539355799727	D:-2.69362225722058	D:0.00735254163709126	D:0.0348982307822202	D:-0.0539050714924098	D:-2.66245547821391	D:0.00805233965763688	D:0.0479435616239739	D:1.52697465664309	D:0.218383592213581	D:0.927826835934733	D:-0.00615770815063395	D:-0.0453684166726356	D:0.0457843925486651	D:12.5152892486599
S:KIAA0355	D:-0.0727136789619143	D:-3.64777185699196	D:0.000297954003538706	D:0.00378072674230509	D:-0.0556177676769773	D:-2.66053364547898	D:0.00809766434882692	D:0.0481053005460471	D:0.420184228192601	D:0.657199004871991	D:0.985706471962942	D:-0.00790392848585153	D:-0.023580142506304	D:0.0248695638507606	D:13.2353904171974
S:ERLIN2	D:-0.0743365323334868	D:-2.65230141441757	D:0.00829879475697266	D:0.0381562010840289	D:-0.0746446208838982	D:-2.66046533715872	D:0.00809927954849445	D:0.0481053005460471	D:0.165058051543396	D:0.847898931571169	D:0.990538766746216	D:-0.0123197085121949	D:-0.0173001416383404	D:0.0212384113937951	D:14.3636852101298
S:TAF6	D:-0.0565229072877694	D:-3.08158337569328	D:0.00219522826542882	D:0.0149362658547161	D:-0.0493480387296687	D:-2.66036146930886	D:0.00810173613362308	D:0.0481053005460471	D:3.23831865077401	D:0.0402020719509903	D:0.813813159090897	D:-0.0162511790674339	D:-0.0589774435291228	D:0.0611754825588869	D:13.0270329402603
S:SMG6	D:-0.0930318574603816	D:-2.84724048235851	D:0.0046274270260875	D:0.0253574176996006	D:-0.0868891400151493	D:-2.66030772475112	D:0.00810300751234128	D:0.0481053005460471	D:0.941567669808732	D:0.390829809913505	D:0.960227634080898	D:0.0167834634001415	D:-0.0563706391845144	D:0.0588160998857847	D:10.8946623370592
S:TC2N	D:-0.0677944404126701	D:-3.33646924326385	D:0.000924358210223365	D:0.00820667141570866	D:-0.0560068988416625	D:-2.65970899876271	D:0.00811718307083093	D:0.0481331727519808	D:1.28151884591735	D:0.278688291605463	D:0.945897998731199	D:-0.0170085425395148	D:-0.0404354704305319	D:0.0438670467236729	D:13.5208858645015
S:PRH1-PRR4	D:-0.0790738541816977	D:-3.38048675446088	D:0.000791604259201715	D:0.00739942014357998	D:-0.0651183855679711	D:-2.65967770365301	D:0.00811792463249108	D:0.0481331727519808	D:1.12965377872221	D:0.324115628677499	D:0.956911684216668	D:-0.00240009193930909	D:-0.0475884535116423	D:0.0476489385920282	D:12.1924818739818
S:ZNF518A	D:-0.0625724221021628	D:-2.70324077995622	D:0.00714671645886717	D:0.0342289182163538	D:-0.0618787509352762	D:-2.65864678411422	D:0.00814238711056463	D:0.0482298837610014	D:0.945072709713842	D:0.389468380531545	D:0.960227634080898	D:-0.0348195233004137	D:-0.0256782350504402	D:0.0432639683590596	D:15.572831026355
S:NT5E	D:-0.086638991680391	D:-3.60853294251171	D:0.000345231692592644	D:0.00415916923856525	D:-0.0686544097470717	D:-2.6582901472976	D:0.0081508650749192	D:0.0482514855836325	D:1.13020702719399	D:0.323937311862509	D:0.956911684216668	D:-0.0266514200511584	D:-0.0433982310445524	D:0.0509284267235857	D:14.1036419137017
S:ZNF134	D:-0.0622890487768001	D:-2.82626980988443	D:0.00493531416865276	D:0.0265385179333087	D:-0.0587038137783893	D:-2.65828562983521	D:0.00815097251479303	D:0.0482514855836325	D:0.721082733166458	D:0.486820756511659	D:0.970580953256742	D:-0.030459834544286	D:-0.0193384279504876	D:0.0360801374174417	D:15.8392822985121
S:WDR44	D:-0.0556818801845162	D:-2.70358738798559	D:0.00713939731136422	D:0.0342022463499309	D:-0.0548814981749467	D:-2.65805355095197	D:0.00815649381324747	D:0.0482695474272165	D:1.20260933441145	D:0.301431818328819	D:0.954093587559266	D:0.0411625164543156	D:0.0162971798377393	D:0.0442713319374448	D:4.56001711424897
S:C6ORF35	D:-0.0548495850334194	D:-2.69382766322613	D:0.00734809099512391	D:0.0348938318276074	D:-0.0544190449454585	D:-2.65748110545825	D:0.00817012700625317	D:0.0483209599967292	D:0.197099234619648	D:0.821184330228353	D:0.990538766746216	D:-0.00759897481687903	D:-0.0149671797430927	D:0.0167857346496841	D:13.7944882676217
S:ADCY9	D:-0.100477353351375	D:-3.045612501947	D:0.00246905727076368	D:0.0162286741096512	D:-0.0877155074739954	D:-2.65640299725031	D:0.00819585849552582	D:0.0484438205871355	D:0.214890088158981	D:0.806717882065193	D:0.990538766746216	D:-0.028161683541118	D:-0.0103106747037529	D:0.0299898388244533	D:16.6594064967525
S:CEP95	D:-0.0730912208826898	D:-4.06256492824704	D:0.0000579764417674031	D:0.00118879081697463	D:-0.0538003787066697	D:-2.65576035062436	D:0.00821123131048562	D:0.0485080626820824	D:1.90831049172361	D:0.149602492676175	D:0.894957054822148	D:-0.00330696662930032	D:-0.0511261164355709	D:0.0512329562886123	D:12.246725367716
S:SOX12	D:-0.110614150924497	D:-2.59049231136387	D:0.00991890808943605	D:0.0433323011347351	D:-0.113015818064269	D:-2.65574111291344	D:0.00821169189664441	D:0.0485080626820824	D:0.400964940376377	D:0.669927175473177	D:0.985951243729145	D:-0.00569690926822899	D:0.0492323731930745	D:0.0495608852365714	D:23.5599594737603
S:KIAA1609	D:-0.0463454206135811	D:-3.23939400117451	D:0.0012935213496784	D:0.0104190851995325	D:-0.0387823094378594	D:-2.65528631927085	D:0.00822258725236789	D:0.0485504686012448	D:1.89851167369694	D:0.151062454613213	D:0.896995820666894	D:-0.0315614682494901	D:-0.0221543764372108	D:0.0385608956507134	D:15.6622201782213
S:ZFP1	D:-0.153512386466678	D:-2.77722518607099	D:0.00572922047143099	D:0.0293305468253165	D:-0.146466064671459	D:-2.65505624018083	D:0.008228104132125	D:0.0485609733753714	D:1.52893092494483	D:0.21795984378691	D:0.927826835934733	D:0.0856929217321743	D:-0.0990569781166286	D:0.130979241670559	D:9.2758225015459
S:RPUSD2	D:-0.073122495238853	D:-3.66487411724419	D:0.000279314216933337	D:0.00362663063992978	D:-0.056262741139132	D:-2.65474355821754	D:0.00823560700747458	D:0.0485905786633638	D:5.49259121048745	D:0.00441543088596553	D:0.627240251963999	D:0.0264741128328606	D:-0.0883051641253809	D:0.0921882891776254	D:10.8874090402618
S:FASTKD5	D:-0.0639362092801696	D:-3.08853307590487	D:0.00214565745495024	D:0.0146928568685311	D:-0.0560280880134044	D:-2.65391368813033	D:0.00825554973020783	D:0.0486788464930571	D:2.96694735249237	D:0.0525295526147988	D:0.83656058396868	D:0.00604002049298177	D:-0.0665458628496711	D:0.0668194111764155	D:11.654251461584
S:CEP76	D:-0.0603998306364425	D:-3.20488809723192	D:0.00145477860019838	D:0.0112719383927346	D:-0.0502712296644827	D:-2.65316460618059	D:0.00827358824777535	D:0.0487410877147357	D:0.0771545896949366	D:0.925759724771719	D:0.994456543946364	D:0.00183570141524746	D:0.00945746044112272	D:0.00963396894749733	D:0.732304806856823
S:DFNB59	D:-0.128825403030017	D:-2.60531371941349	D:0.00950655283331201	D:0.0420669268378057	D:-0.131843972961512	D:-2.65303390907652	D:0.00827673916656561	D:0.0487449548082757	D:2.11146242255843	D:0.122331863997968	D:0.888724539846668	D:0.00523233585488878	D:-0.132370678119124	D:0.132474049399175	D:11.849093079434
S:C10ORF2	D:-0.0753157167075078	D:-3.60655228222294	D:0.000347795606268361	D:0.00418232242590156	D:-0.0605767862241577	D:-2.65274663761337	D:0.00828366865466856	D:0.0487563762593008	D:2.67222680474423	D:0.0702618158221643	D:0.850339905642804	D:-0.0087121138658499	D:-0.067755137670226	D:0.0683129534475184	D:12.4884680957556
S:YME1L1	D:-0.0519484330013738	D:-2.89183098358529	D:0.00403000470744153	D:0.0228925354616614	D:-0.0478629804227559	D:-2.65242700299385	D:0.00829138492054719	D:0.0487870980826295	D:1.63756193035519	D:0.195680853062792	D:0.922045591575622	D:-0.00784411903042584	D:-0.0415330782177237	D:0.0422673253187736	D:12.7130103200958
S:LOC100131176	D:-0.119452822464993	D:-2.97773884155123	D:0.00307282204732575	D:0.0189599038922616	D:-0.108518352380964	D:-2.65228520478022	D:0.00829481012244901	D:0.0487925600851223	D:1.3078910538322	D:0.271478184018152	D:0.942697970924224	D:-0.000354978462335848	D:-0.0857474086337988	D:0.0857481434033437	D:12.0158128405636
S:DIEXF	D:-0.0744643881334754	D:-2.94772787594806	D:0.00338059855679411	D:0.0202679442688009	D:-0.0673709769282192	D:-2.6520887066211	D:0.00829955872710037	D:0.0488058011093194	D:0.298616277231247	D:0.741999892840544	D:0.988887668865741	D:-0.00205489058168253	D:-0.0253263991473352	D:0.0254096255201219	D:12.3092404766996
S:ZNF268	D:-0.104957358390079	D:-3.00254051475205	D:0.00283806163997604	D:0.0179651967951966	D:-0.0947851164908088	D:-2.65164000508447	D:0.00831041126869175	D:0.0488345162679413	D:2.81177849988677	D:0.0612190591615174	D:0.83656058396868	D:-0.00950174323799425	D:-0.109299262308545	D:0.109711493772316	D:12.3312279329836
S:ZKSCAN1	D:-0.0425889626775856	D:-2.78023863504565	D:0.0056772928083231	D:0.0291640322732497	D:-0.0405290794998131	D:-2.65137683752064	D:0.00831678230986431	D:0.0488345162679413	D:0.305545046565899	D:0.736883780782402	D:0.988887668865741	D:-0.0117331562629851	D:-0.0108758482805447	D:0.0159984696678481	D:15.1447700686987
S:METTL13	D:-0.0352530663834349	D:-3.06497413893662	D:0.00231799559787378	D:0.0154910916477604	D:-0.0309395711581987	D:-2.65055121730261	D:0.00833679827305221	D:0.04890841320561	D:0.535131024413514	D:0.585987499588897	D:0.982536400108833	D:0.00198770571577293	D:-0.0155862368170136	D:0.0157124712292035	D:11.5154883825944
S:WDR12	D:-0.0824809560457771	D:-2.93872462881933	D:0.00347827897689513	D:0.020627936111535	D:-0.0752823331452933	D:-2.65054162482217	D:0.0083370310827433	D:0.04890841320561	D:0.850822287044688	D:0.427791365875608	D:0.966078042387016	D:0.00628752305488769	D:-0.0478036007521345	D:0.0482153211234273	D:11.5004665830348
S:SRP72	D:-0.0940964931614557	D:-3.62274060276071	D:0.000327353811785118	D:0.00402315775854904	D:-0.0756482091714006	D:-2.64902721590397	D:0.00837385909726254	D:0.0490582597466748	D:2.59457206261748	D:0.0758631104754926	D:0.850339905642804	D:-0.0102998492092748	D:-0.0835466518246278	D:0.0841791537427134	D:12.4685407024152
S:CBX7	D:-0.0497211437748793	D:-2.89827572291184	D:0.00394972549520016	D:0.0225418083793536	D:-0.045822704128928	D:-2.64887646293098	D:0.00837753315001014	D:0.0490582597466748	D:1.14524076010565	D:0.319129356145683	D:0.956911684216668	D:0.0352311192019082	D:-0.0110722461650277	D:0.0369300202458384	D:7.16310728438364
S:TDG	D:-0.0466879124370091	D:-3.09334924570979	D:0.00211191117249559	D:0.0145671924538427	D:-0.0414370453141712	D:-2.64887218551648	D:0.00837763741746347	D:0.0490582597466748	D:1.48469315398085	D:0.227747243449806	D:0.93028611335474	D:0.0107265401384007	D:-0.0337519428883029	D:0.0354154247761619	D:10.8246318078546
S:QTRTD1	D:-0.0552709471722099	D:-2.79993734526068	D:0.00534821138463507	D:0.0280660433029867	D:-0.0523295572973872	D:-2.64849925949928	D:0.0083867324457963	D:0.0490968060884678	D:2.38730330482626	D:0.0931110095067792	D:0.867502138213932	D:-0.0160837432526738	D:-0.0536178604795375	D:0.0559782257616395	D:13.1131774028161
S:C1R	D:-0.0770380703674674	D:-2.54702228875022	D:0.0112220720491241	D:0.0472914621332617	D:-0.0806274135600986	D:-2.64617863848882	D:0.00844352787165313	D:0.0493701311011292	D:0.239413644533573	D:0.787195562261579	D:0.989364001696824	D:-0.0117542302117877	D:-0.0248487590768757	D:0.0274885931893998	D:13.6877063158856
S:ZNF554	D:-0.0854657612869335	D:-2.77356775308926	D:0.00579282252563554	D:0.029486206036323	D:-0.082434773523403	D:-2.64581695779185	D:0.00845241075588125	D:0.0493925115372834	D:0.901881246558371	D:0.406582488901446	D:0.96415212136371	D:-0.0319387942353612	D:-0.0449318360125885	D:0.0551267309448954	D:14.3604179768617
S:DOC2A	D:-0.214477394246867	D:-2.90433212584797	D:0.00387561476880482	D:0.0222548892733515	D:-0.194795886726711	D:-2.64537993544575	D:0.00846315522125825	D:0.0494405130578797	D:0.505380336445745	D:0.603638990084658	D:0.984208797062414	D:0.0926999354695161	D:0.042365955311473	D:0.101922285126984	D:4.36256889137652
S:RPLP2	D:-0.0800350780639267	D:-3.47993371199309	D:0.000554275489376123	D:0.00581379352544219	D:-0.0622759715766784	D:-2.64525849939567	D:0.0084661429772409	D:0.0494431858691765	D:3.17363534459405	D:0.0428471148923032	D:0.813813159090897	D:-0.0698232861052547	D:-0.0409511726837204	D:0.0809462156416725	D:15.9738993142867
S:C15ORF42	D:-0.144312087989593	D:-3.10900961876391	D:0.00200552880596237	D:0.0140539996637269	D:-0.123363927020376	D:-2.64502643945219	D:0.00847185510487451	D:0.0494469894278234	D:0.125952588437336	D:0.881689618890936	D:0.991098228766629	D:0.015415382477247	D:-0.0271724704584278	D:0.031240633279976	D:10.0288704038412
S:SLAMF7	D:-0.0771782478602922	D:-3.2864765031224	D:0.0011001061214762	D:0.009278020595497	D:-0.0643367978900065	D:-2.64469669281653	D:0.00847997772770379	D:0.049450310584874	D:1.41837209530719	D:0.243254087372243	D:0.933288553535957	D:-0.0305438414578766	D:-0.0444340781993127	D:0.0539195099794735	D:14.3003004104571
S:DHRS3	D:-0.0728103553993898	D:-3.64909225596101	D:0.000296474249290804	D:0.003766600813812	D:-0.055435439366375	D:-2.64464561154895	D:0.00848123663351324	D:0.049450310584874	D:0.156918980470016	D:0.854822922942964	D:0.991098228766629	D:-0.012936612375322	D:-0.00924152202405957	D:0.0158984800868043	D:15.63060943321
S:RAB25	D:-0.172092090897446	D:-2.58074973966951	D:0.0101986008743763	D:0.0442593189739157	D:-0.177198295630984	D:-2.64428826967692	D:0.0084900480711819	D:0.0494645287295664	D:0.597788448474345	D:0.550489561088355	D:0.977958477099463	D:0.102992936492396	D:-0.0115432020818421	D:0.103637785009276	D:6.42632579105582
S:GPATCH4	D:-0.08196817074252	D:-3.56352844925434	D:0.000408100138557224	D:0.00468823327898101	D:-0.063912466575895	D:-2.64399824675024	D:0.008497205577543	D:0.0494831274255201	D:1.5565364530622	D:0.212067524315244	D:0.927560151843468	D:0.015648038851899	D:-0.0537146058400617	D:0.055947475371671	D:10.9172133835392
S:MED6	D:-0.0444424271660837	D:-3.10485121025083	D:0.00203328527931608	D:0.0141952224519884	D:-0.0384705395731763	D:-2.64358550277205	D:0.00850740106603442	D:0.0495068162379089	D:0.482928910154594	D:0.617312599792692	D:0.984208797062414	D:-0.00410434538277929	D:-0.0180580805566785	D:0.0185186372180199	D:12.8536652386387
S:CCBP2	D:-0.142814193936763	D:-2.85427020040109	D:0.00452819180124988	D:0.0249481440105067	D:-0.130507580657109	D:-2.64350842960587	D:0.00850930612207601	D:0.0495068162379089	D:4.32663334011184	D:0.0138001204382204	D:0.709441948440271	D:0.202674768522448	D:0.0245541064914224	D:0.204156719069493	D:5.5394842942961
S:OR3A1	D:-0.201634984403387	D:-2.94290090763932	D:0.00343265242192798	D:0.0204664601656217	D:-0.180681554753399	D:-2.64348142563945	D:0.00850997368318591	D:0.0495068162379089	D:0.0574210896390186	D:0.94420373488054	D:0.996760838460121	D:0.00888046537192764	D:0.0286965870132791	D:0.0300392538428088	D:1.14634936106005
S:HIVEP3	D:-0.0676037874751348	D:-3.33366689603336	D:0.000933474503522028	D:0.00827257382010156	D:-0.0546587175667942	D:-2.64288219444496	D:0.00852479928672353	D:0.0495635533656247	D:1.89324250060778	D:0.151853437864719	D:0.897370879509493	D:-0.0399006981801984	D:-0.0362746300168795	D:0.053925082272805	D:15.181687605041
S:ZNF180	D:-0.101610616037615	D:-2.68329152827323	D:0.00757953792030882	D:0.0356352259553936	D:-0.100371312377377	D:-2.64196402502333	D:0.00854756071738098	D:0.0496776478281433	D:1.51840186947981	D:0.220250331698243	D:0.928567795407845	D:-0.0373666740246153	D:-0.0778349183167235	D:0.0863396944460245	D:13.7096362311111
S:ZC3H13	D:-0.046778329927709	D:-2.80339393189781	D:0.00529228261330434	D:0.0278901010104046	D:-0.0440302158566443	D:-2.64170051158568	D:0.00855410328132457	D:0.0496776478281433	D:0.46607862164932	D:0.627779004727774	D:0.984208797062414	D:0.0178875208685694	D:-0.01325543802795	D:0.0222636484012915	D:8.43600460327346
S:AQP3	D:-0.091166364841278	D:-3.32158497411784	D:0.000973743445404383	D:0.00851460055632074	D:-0.0760350850232232	D:-2.64166428946995	D:0.00855500296237702	D:0.0496776478281433	D:1.09823390041237	D:0.334406055802953	D:0.95707960515839	D:0.0328728610813546	D:-0.0470440462137441	D:0.057391351960334	D:9.67035950887603
S:ZNF490	D:-0.043273311674872	D:-2.5536308030866	D:0.0110146046210168	D:0.0467032122297616	D:-0.0447643405918989	D:-2.64157849064775	D:0.00855713436310989	D:0.0496776478281433	D:0.345848890839484	D:0.707818823798044	D:0.987553110889477	D:-0.00166808036626136	D:-0.0181638743128132	D:0.0182403076224054	D:12.3498028914962
S:GORASP2	D:-0.077535420101616	D:-3.75838014094378	D:0.000195336047814096	D:0.0028046008158231	D:-0.0574929253158906	D:-2.64017695915556	D:0.00859201850685115	D:0.0498461926543554	D:1.50042269296391	D:0.224217564983617	D:0.929224825495277	D:-0.0250049735324411	D:-0.042623157975069	D:0.0494164172833864	D:14.0265410134733
S:SSPN	D:-0.0818821578880462	D:-3.17130355090152	D:0.00162940691306437	D:0.0121845811108316	D:-0.0692247944059945	D:-2.64010474756722	D:0.00859381930569179	D:0.0498461926543554	D:0.145366567668416	D:0.864748335497417	D:0.991098228766629	D:0.0170120186455882	D:0.00922361677614339	D:0.0193515861063375	D:4.10228206296798
S:DAD1	D:-0.0464806176110437	D:-3.57029306161296	D:0.000398009889873643	D:0.00459935615495024	D:-0.0348316672120309	D:-2.6398664163181	D:0.00859976516819715	D:0.0498542259670393	D:0.592305862166494	D:0.553507462965387	D:0.977958477099463	D:-0.0164825371185442	D:0.0112053309084995	D:0.0199307167616512	D:20.2806039621532
S:PUS7L	D:-0.124565225565076	D:-2.98193722775357	D:0.003031872365606	D:0.0187790366654214	D:-0.110405664355129	D:-2.63981024230774	D:0.00860116712871854	D:0.0498542259670393	D:0.486654665039931	D:0.615022151112429	D:0.984208797062414	D:-0.0571453125098139	D:0.011735931199911	D:0.0583379706792526	D:18.773697842482
S:ZC4H2	D:-0.0659943426824449	D:-3.68305930862857	D:0.000260700245906244	D:0.00344911544025315	D:-0.0504194656177357	D:-2.63946089248378	D:0.00860989061590822	D:0.0498801875260785	D:2.13665484129982	D:0.119318335909818	D:0.888724539846668	D:-0.0146780643025199	D:-0.0490498431951972	D:0.0511989520316807	D:13.1106469215336
S:NCRNA00094	D:-0.0677706257978278	D:-3.75758740162362	D:0.000195935306746927	D:0.00280907691059552	D:-0.0504897194622234	D:-2.63928386167006	D:0.00861431421722725	D:0.0498910237459507	D:2.14140107444047	D:0.118758994866519	D:0.888724539846668	D:-0.0161023554301233	D:-0.0487810821575793	D:0.0513700284880447	D:13.2178506902402
S:GOLGA5	D:-0.0533709542449414	D:-2.54387150500541	D:0.0113222082314106	D:0.047590292761883	D:-0.0553578883798825	D:-2.63913247413147	D:0.00861809866796384	D:0.0498981529098315	D:1.12150121690109	D:0.326754733784729	D:0.956911684216668	D:0.0364678852387886	D:-0.0239848432104426	D:0.0436483603084809	D:8.22218842637536
N:	N:	N:	N:	N:	N:	N:	N:	N:	N:	N:	N:	N:	N:	N:	N:
N:	N:	N:	N:	N:	N:	N:	N:	N:	N:	N:	N:	N:	N:	N:	N:
