#start_row=1	cols=29
S:Source	S:panel_review_SRdown_bothFDR_matched/F4f_bothFDR_clean_Reactome_network_nodes.csv	N:	N:	N:	N:	N:	N:	N:	N:	N:	N:	N:	N:	N:	N:	N:	N:	N:	N:	N:	N:	N:	N:	N:	N:	N:	N:	N:
S:Description	S:Fig. 4f plotted liver Reactome nodes.	N:	N:	N:	N:	N:	N:	N:	N:	N:	N:	N:	N:	N:	N:	N:	N:	N:	N:	N:	N:	N:	N:	N:	N:	N:	N:	N:
N:	N:	N:	N:	N:	N:	N:	N:	N:	N:	N:	N:	N:	N:	N:	N:	N:	N:	N:	N:	N:	N:	N:	N:	N:	N:	N:	N:	N:
S:tissue	S:pathway	S:is_hsf	S:ID	S:Description	S:GeneRatio	S:BgRatio	S:RichFactor	S:FoldEnrichment	S:zScore	S:pvalue	S:p.adjust	S:qvalue	S:geneID	S:Count	S:family	S:display_label	S:node_id	S:force_label	S:display_status	S:i	S:n	S:angle	S:radius	S:cx	S:cy	S:x	S:y	S:label
S:Liver	S:Regulation of hsf1-mediated heat shock response	S:TRUE	S:R-MMU-3371453	S:Regulation of HSF1-mediated heat shock response	S:7/179	S:44/3015	D:0.159090909090909	D:2.67965972574911	D:2.81930036490913	D:0.0136459331605698	D:0.630763395712926	D:0.618503526261419	S:Hspa5/Hspa8/Hspa9/Hsph1/Nup50/Nup62/Ranbp2	D:7	S:HSF/proteostasis	S:HSF1 heat-shock\nregulation	D:4	S:FALSE	S:nominal Reactome p < 0.05; overlap genes >= 2	D:1	D:2	D:0	D:0.15	D:-0.72	D:-0.42	D:-0.57	D:-0.42	S:HSF1 heat-shock\nregulation
S:Liver	S:Cellular response to heat stress	S:TRUE	S:R-MMU-3371556	S:Cellular response to heat stress	S:7/179	S:53/3015	D:0.132075471698113	D:2.22462316854643	D:2.25939886103378	D:0.0350862815172266	D:0.630763395712926	D:0.618503526261419	S:Hspa5/Hspa8/Hspa9/Hsph1/Nup50/Nup62/Ranbp2	D:7	S:HSF/proteostasis	S:Cellular heat-stress\nresponse	D:9	S:FALSE	S:nominal Reactome p < 0.05; overlap genes >= 2	D:2	D:2	D:3.14159265358979	D:0.19	D:-0.72	D:-0.42	D:-0.91	D:-0.42	S:Cellular heat-stress\nresponse
S:Liver	S:N-glycan trimming in the er and calnexin/calreticulin cycle	S:FALSE	S:R-MMU-532668	S:N-glycan trimming in the ER and Calnexin/Calreticulin cycle	S:3/179	S:11/3015	D:0.272727272727273	D:4.59370238699848	D:2.99939396107372	D:0.0238339286653537	D:0.630763395712926	D:0.618503526261419	S:Calr/Canx/Rad23b	D:3	S:ER / protein transport	S:N-glycan trimming /\ncalnexin-calreticulin	D:6	S:FALSE	S:nominal Reactome p < 0.05; overlap genes >= 2	D:1	D:1	D:0	D:0	D:-0.25	D:0.48	D:-0.25	D:0.48	S:N-glycan trimming /\ncalnexin-calreticulin
S:Liver	S:Post-translational protein modification	S:FALSE	S:R-MMU-597592	S:Post-translational protein modification	S:39/179	S:487/3015	D:0.080082135523614	D:1.34886948940612	D:2.11195160233526	D:0.0253618009852473	D:0.630763395712926	D:0.618503526261419	S:Calr/Canx/Copa/Cul3/Dcaf13/Dcaf5/Dlat/Gfpt1/Hspa8/Lman1/Mpi/Nup50/Nup62/Otud3/P4hb/Pgap1/Prkdc/Psma5/Psmd1/Psmd12/Psmd5/Psmd7/Rab14/Rab30/Rad23b/Ranbp2/Rbbp7/Sar1b/Scfd1/Sec24a/Stag2/Tpst1/Trappc10/Ube2k/Usp10/Usp14/Usp34/Usp47/Usp9x	D:39	S:RNA processing / nuclear transport	S:Post-translational\nprotein modification	D:7	S:FALSE	S:nominal Reactome p < 0.05; overlap genes >= 2	D:1	D:2	D:0	D:0.15	D:0.55	D:0.32	D:0.7	D:0.32	S:Post-translational\nprotein modification
S:Liver	S:Regulation of pd-l1(cd274) post-translational modification	S:FALSE	S:R-MMU-9909615	S:Regulation of PD-L1(CD274) Post-translational modification	S:7/179	S:57/3015	D:0.12280701754386	D:2.06850926198177	D:2.04579286810331	D:0.0493936033961506	D:0.630763395712926	D:0.618503526261419	S:Cul3/Dad1/Psma5/Psmd1/Psmd12/Psmd7/Ywhag	D:7	S:RNA processing / nuclear transport	S:PD-L1 post-translational\nregulation	D:11	S:FALSE	S:nominal Reactome p < 0.05; overlap genes >= 2	D:2	D:2	D:3.14159265358979	D:0.19	D:0.55	D:0.32	D:0.36	D:0.32	S:PD-L1 post-translational\nregulation
S:Liver	S:Neurotransmitter release cycle	S:FALSE	S:R-MMU-112310	S:Neurotransmitter release cycle	S:4/179	S:16/3015	D:0.25	D:4.2108938547486	D:3.23476498670129	D:0.0124446770225508	D:0.630763395712926	D:0.618503526261419	S:Cask/Gls2/Hspa8/Unc13b	D:4	S:Signaling / neuronal	S:Neurotransmitter release\ncycle	D:3	S:FALSE	S:nominal Reactome p < 0.05; overlap genes >= 2	D:1	D:2	D:0	D:0.15	D:0.2	D:-0.7	D:0.35	D:-0.7	S:Neurotransmitter release\ncycle
S:Liver	S:Neurexins and neuroligins	S:FALSE	S:R-MMU-6794361	S:Neurexins and neuroligins	S:3/179	S:10/3015	D:0.3	D:5.05307262569832	D:3.22483258793805	D:0.0181113969295344	D:0.630763395712926	D:0.618503526261419	S:Cask/Dlg3/Epb41l5	D:3	S:Signaling / neuronal	S:Neurexins and\nneuroligins	D:5	S:FALSE	S:nominal Reactome p < 0.05; overlap genes >= 2	D:2	D:2	D:3.14159265358979	D:0.19	D:0.2	D:-0.7	D:0.01	D:-0.7	S:Neurexins and\nneuroligins
S:Liver	S:Metabolism of water-soluble vitamins and cofactors	S:FALSE	S:R-MMU-196849	S:Metabolism of water-soluble vitamins and cofactors	S:8/179	S:61/3015	D:0.131147540983607	D:2.20899349757304	D:2.39623089505661	D:0.0259745951877483	D:0.630763395712926	D:0.618503526261419	S:Aasdhppt/Aldh1l1/Aox1/Gphn/Mccc1/Mccc2/Shmt1/Slc25a16	D:8	S:Metabolism / mitochondria	S:Water-soluble vitamin /\ncofactor metabolism	D:8	S:FALSE	S:nominal Reactome p < 0.05; overlap genes >= 2	D:1	D:2	D:0	D:0.15	D:-0.42	D:-0.7	D:-0.27	D:-0.7	S:Water-soluble vitamin /\ncofactor metabolism
S:Liver	S:Oxidative stress induced senescence	S:FALSE	S:R-MMU-2559580	S:Oxidative Stress Induced Senescence	S:3/179	S:13/3015	D:0.230769230769231	D:3.88697894284486	D:2.62032387931373	D:0.0378565834572139	D:0.630763395712926	D:0.618503526261419	S:Cdk6/Rbbp4/Rbbp7	D:3	S:Metabolism / mitochondria	S:Oxidative stress-induced\nsenescence	D:10	S:FALSE	S:nominal Reactome p < 0.05; overlap genes >= 2	D:2	D:2	D:3.14159265358979	D:0.19	D:-0.42	D:-0.7	D:-0.61	D:-0.7	S:Oxidative stress-induced\nsenescence
S:Liver	S:Antigen presentation: folding, assembly and peptide loading of class i mhc	S:FALSE	S:R-MMU-983170	S:Antigen Presentation: Folding, assembly and peptide loading of class I MHC	S:5/179	S:18/3015	D:0.277777777777778	D:4.67877094972067	D:3.9322457853432	D:0.00316984486264656	D:0.630763395712926	D:0.618503526261419	S:Calr/Canx/Hspa5/Sar1b/Sec24a	D:5	S:Other	S:MHC-I antigen\npresentation / peptide\nloading	D:1	S:FALSE	S:nominal Reactome p < 0.05; overlap genes >= 2	D:1	D:2	D:0	D:0.15	D:0	D:0	D:0.15	D:0	S:MHC-I antigen\npresentation / peptide\nloading
S:Liver	S:Class i mhc mediated antigen processing & presentation	S:FALSE	S:R-MMU-983169	S:Class I MHC mediated antigen processing & presentation	S:16/179	S:134/3015	D:0.119402985074627	D:2.01117318435754	D:3.00781651897463	D:0.00502138855446247	D:0.630763395712926	D:0.618503526261419	S:Calr/Canx/Cul3/Hspa5/Itch/Ltn1/Pja1/Psma5/Psmd1/Psmd12/Psmd7/Sar1b/Sec24a/Ube2k/Ube3a/Wwp1	D:16	S:Other	S:Class I MHC antigen\nprocessing /\npresentation	D:2	S:FALSE	S:nominal Reactome p < 0.05; overlap genes >= 2	D:2	D:2	D:3.14159265358979	D:0.19	D:0	D:0	D:-0.19	D:0.0000000000000000232682891837997	S:Class I MHC antigen\nprocessing /\npresentation
N:	N:	N:	N:	N:	N:	N:	N:	N:	N:	N:	N:	N:	N:	N:	N:	N:	N:	N:	N:	N:	N:	N:	N:	N:	N:	N:	N:	N:
N:	N:	N:	N:	N:	N:	N:	N:	N:	N:	N:	N:	N:	N:	N:	N:	N:	N:	N:	N:	N:	N:	N:	N:	N:	N:	N:	N:	N:
S:Source	S:panel_review_SRdown_bothFDR_matched/F4f_bothFDR_clean_Reactome_network_edges.csv	N:	N:	N:	N:	N:	N:	N:	N:	N:	N:	N:	N:	N:	N:	N:	N:	N:	N:	N:	N:	N:	N:	N:	N:	N:	N:	N:
S:Description	S:Fig. 4f plotted liver Reactome edges.	N:	N:	N:	N:	N:	N:	N:	N:	N:	N:	N:	N:	N:	N:	N:	N:	N:	N:	N:	N:	N:	N:	N:	N:	N:	N:	N:
N:	N:	N:	N:	N:	N:	N:	N:	N:	N:	N:	N:	N:	N:	N:	N:	N:	N:	N:	N:	N:	N:	N:	N:	N:	N:	N:	N:	N:
S:from	S:to	S:shared_n	S:x1	S:y1	S:x2	S:y2	N:	N:	N:	N:	N:	N:	N:	N:	N:	N:	N:	N:	N:	N:	N:	N:	N:	N:	N:	N:	N:	N:
D:4	D:11	D:10	D:-0.57	D:-0.42	D:0.36	D:0.32	N:	N:	N:	N:	N:	N:	N:	N:	N:	N:	N:	N:	N:	N:	N:	N:	N:	N:	N:	N:	N:	N:
D:1	D:2	D:7	D:0.15	D:0	D:-0.19	D:0.0000000000000000232682891837997	N:	N:	N:	N:	N:	N:	N:	N:	N:	N:	N:	N:	N:	N:	N:	N:	N:	N:	N:	N:	N:	N:
D:4	D:5	D:5	D:-0.57	D:-0.42	D:0.01	D:-0.7	N:	N:	N:	N:	N:	N:	N:	N:	N:	N:	N:	N:	N:	N:	N:	N:	N:	N:	N:	N:	N:	N:
D:5	D:11	D:5	D:0.01	D:-0.7	D:0.36	D:0.32	N:	N:	N:	N:	N:	N:	N:	N:	N:	N:	N:	N:	N:	N:	N:	N:	N:	N:	N:	N:	N:	N:
D:10	D:11	D:5	D:-0.61	D:-0.7	D:0.36	D:0.32	N:	N:	N:	N:	N:	N:	N:	N:	N:	N:	N:	N:	N:	N:	N:	N:	N:	N:	N:	N:	N:	N:
D:1	D:4	D:4	D:0.15	D:0	D:-0.57	D:-0.42	N:	N:	N:	N:	N:	N:	N:	N:	N:	N:	N:	N:	N:	N:	N:	N:	N:	N:	N:	N:	N:	N:
D:2	D:4	D:4	D:-0.19	D:0.0000000000000000232682891837997	D:-0.57	D:-0.42	N:	N:	N:	N:	N:	N:	N:	N:	N:	N:	N:	N:	N:	N:	N:	N:	N:	N:	N:	N:	N:	N:
D:4	D:10	D:4	D:-0.57	D:-0.42	D:-0.61	D:-0.7	N:	N:	N:	N:	N:	N:	N:	N:	N:	N:	N:	N:	N:	N:	N:	N:	N:	N:	N:	N:	N:	N:
D:3	D:4	D:3	D:0.35	D:-0.7	D:-0.57	D:-0.42	N:	N:	N:	N:	N:	N:	N:	N:	N:	N:	N:	N:	N:	N:	N:	N:	N:	N:	N:	N:	N:	N:
D:3	D:10	D:2	D:0.35	D:-0.7	D:-0.61	D:-0.7	N:	N:	N:	N:	N:	N:	N:	N:	N:	N:	N:	N:	N:	N:	N:	N:	N:	N:	N:	N:	N:	N:
D:3	D:11	D:2	D:0.35	D:-0.7	D:0.36	D:0.32	N:	N:	N:	N:	N:	N:	N:	N:	N:	N:	N:	N:	N:	N:	N:	N:	N:	N:	N:	N:	N:	N:
N:	N:	N:	N:	N:	N:	N:	N:	N:	N:	N:	N:	N:	N:	N:	N:	N:	N:	N:	N:	N:	N:	N:	N:	N:	N:	N:	N:	N:
N:	N:	N:	N:	N:	N:	N:	N:	N:	N:	N:	N:	N:	N:	N:	N:	N:	N:	N:	N:	N:	N:	N:	N:	N:	N:	N:	N:	N:
S:Source	S:panel_review_SRdown_bothFDR_matched/F4_SF5_bothFDR_full_Reactome_ORA.csv	N:	N:	N:	N:	N:	N:	N:	N:	N:	N:	N:	N:	N:	N:	N:	N:	N:	N:	N:	N:	N:	N:	N:	N:	N:	N:	N:
S:Description	S:Full liver Reactome ORA supporting Fig. 4f.	N:	N:	N:	N:	N:	N:	N:	N:	N:	N:	N:	N:	N:	N:	N:	N:	N:	N:	N:	N:	N:	N:	N:	N:	N:	N:	N:
N:	N:	N:	N:	N:	N:	N:	N:	N:	N:	N:	N:	N:	N:	N:	N:	N:	N:	N:	N:	N:	N:	N:	N:	N:	N:	N:	N:	N:
S:tissue	S:pathway	S:is_hsf	S:ID	S:Description	S:GeneRatio	S:BgRatio	S:RichFactor	S:FoldEnrichment	S:zScore	S:pvalue	S:p.adjust	S:qvalue	S:geneID	S:Count	N:	N:	N:	N:	N:	N:	N:	N:	N:	N:	N:	N:	N:	N:
S:Liver	S:Antigen presentation: folding, assembly and peptide loading of class i mhc	S:FALSE	S:R-MMU-983170	S:Antigen Presentation: Folding, assembly and peptide loading of class I MHC	S:5/179	S:18/3015	D:0.277777777777778	D:4.67877094972067	D:3.9322457853432	D:0.00316984486264656	D:0.630763395712926	D:0.618503526261419	S:Calr/Canx/Hspa5/Sar1b/Sec24a	D:5	N:	N:	N:	N:	N:	N:	N:	N:	N:	N:	N:	N:	N:	N:
S:Liver	S:Class i mhc mediated antigen processing & presentation	S:FALSE	S:R-MMU-983169	S:Class I MHC mediated antigen processing & presentation	S:16/179	S:134/3015	D:0.119402985074627	D:2.01117318435754	D:3.00781651897463	D:0.00502138855446247	D:0.630763395712926	D:0.618503526261419	S:Calr/Canx/Cul3/Hspa5/Itch/Ltn1/Pja1/Psma5/Psmd1/Psmd12/Psmd7/Sar1b/Sec24a/Ube2k/Ube3a/Wwp1	D:16	N:	N:	N:	N:	N:	N:	N:	N:	N:	N:	N:	N:	N:	N:
S:Liver	S:Regulation of pd-l1(cd274) expression	S:FALSE	S:R-MMU-9909648	S:Regulation of PD-L1(CD274) expression	S:9/179	S:60/3015	D:0.15	D:2.52653631284916	D:3.00019199842261	D:0.00796471967880175	D:0.630763395712926	D:0.618503526261419	S:Cul3/Dad1/Psma5/Psmd1/Psmd12/Psmd7/Rbbp4/Rbbp7/Ywhag	D:9	N:	N:	N:	N:	N:	N:	N:	N:	N:	N:	N:	N:	N:	N:
S:Liver	S:Branched-chain amino acid catabolism	S:FALSE	S:R-MMU-70895	S:Branched-chain amino acid catabolism	S:4/179	S:15/3015	D:0.266666666666667	D:4.49162011173184	D:3.40531283072447	D:0.00977878604246879	D:0.630763395712926	D:0.618503526261419	S:Acadsb/Mccc1/Mccc2/Ppm1k	D:4	N:	N:	N:	N:	N:	N:	N:	N:	N:	N:	N:	N:	N:	N:
S:Liver	S:Co-inhibition by pd-1	S:FALSE	S:R-MMU-389948	S:Co-inhibition by PD-1	S:9/179	S:63/3015	D:0.142857142857143	D:2.40622505985634	D:2.83342653961907	D:0.010937826494129	D:0.630763395712926	D:0.618503526261419	S:Cul3/Dad1/Psma5/Psmd1/Psmd12/Psmd7/Rbbp4/Rbbp7/Ywhag	D:9	N:	N:	N:	N:	N:	N:	N:	N:	N:	N:	N:	N:	N:	N:
S:Liver	S:Protein localization	S:FALSE	S:R-MMU-9609507	S:Protein localization	S:10/179	S:75/3015	D:0.133333333333333	D:2.24581005586592	D:2.7444405325464	D:0.012018764369636	D:0.630763395712926	D:0.618503526261419	S:Abcd3/Acbd5/Hspd1/Pex1/Scp2/Sec61b/Slc25a17/Slc27a2/Usp9x/Zfand6	D:10	N:	N:	N:	N:	N:	N:	N:	N:	N:	N:	N:	N:	N:	N:
S:Liver	S:Neurotransmitter release cycle	S:FALSE	S:R-MMU-112310	S:Neurotransmitter release cycle	S:4/179	S:16/3015	D:0.25	D:4.2108938547486	D:3.23476498670129	D:0.0124446770225508	D:0.630763395712926	D:0.618503526261419	S:Cask/Gls2/Hspa8/Unc13b	D:4	N:	N:	N:	N:	N:	N:	N:	N:	N:	N:	N:	N:	N:	N:
S:Liver	S:Regulation of hsf1-mediated heat shock response	S:TRUE	S:R-MMU-3371453	S:Regulation of HSF1-mediated heat shock response	S:7/179	S:44/3015	D:0.159090909090909	D:2.67965972574911	D:2.81930036490913	D:0.0136459331605698	D:0.630763395712926	D:0.618503526261419	S:Hspa5/Hspa8/Hspa9/Hsph1/Nup50/Nup62/Ranbp2	D:7	N:	N:	N:	N:	N:	N:	N:	N:	N:	N:	N:	N:	N:	N:
S:Liver	S:Spop-mediated proteasomal degradation of pd-l1(cd274)	S:FALSE	S:R-MMU-9929491	S:SPOP-mediated proteasomal degradation of PD-L1(CD274)	S:6/179	S:35/3015	D:0.171428571428571	D:2.88747007182761	D:2.82131118387909	D:0.0154500887738301	D:0.630763395712926	D:0.618503526261419	S:Cul3/Psma5/Psmd1/Psmd12/Psmd7/Ywhag	D:6	N:	N:	N:	N:	N:	N:	N:	N:	N:	N:	N:	N:	N:	N:
S:Liver	S:Neurexins and neuroligins	S:FALSE	S:R-MMU-6794361	S:Neurexins and neuroligins	S:3/179	S:10/3015	D:0.3	D:5.05307262569832	D:3.22483258793805	D:0.0181113969295344	D:0.630763395712926	D:0.618503526261419	S:Cask/Dlg3/Epb41l5	D:3	N:	N:	N:	N:	N:	N:	N:	N:	N:	N:	N:	N:	N:	N:
S:Liver	S:Deubiquitination	S:FALSE	S:R-MMU-5688426	S:Deubiquitination	S:11/179	S:93/3015	D:0.118279569892473	D:1.99225085601009	D:2.44156267402633	D:0.0202118150586541	D:0.630763395712926	D:0.618503526261419	S:Otud3/Psma5/Psmd1/Psmd12/Psmd7/Rad23b/Usp10/Usp14/Usp34/Usp47/Usp9x	D:11	N:	N:	N:	N:	N:	N:	N:	N:	N:	N:	N:	N:	N:	N:
S:Liver	S:Signaling by hedgehog	S:FALSE	S:R-MMU-5358351	S:Signaling by Hedgehog	S:8/179	S:59/3015	D:0.135593220338983	D:2.28387463308399	D:2.50173575340942	D:0.0216299632820588	D:0.630763395712926	D:0.618503526261419	S:Cul3/Itch/P4hb/Psma5/Psmd1/Psmd12/Psmd7/Syvn1	D:8	N:	N:	N:	N:	N:	N:	N:	N:	N:	N:	N:	N:	N:	N:
S:Liver	S:Hedgehog ligand biogenesis	S:FALSE	S:R-MMU-5358346	S:Hedgehog ligand biogenesis	S:6/179	S:38/3015	D:0.157894736842105	D:2.65951190826228	D:2.58599559257725	D:0.022684363618383	D:0.630763395712926	D:0.618503526261419	S:P4hb/Psma5/Psmd1/Psmd12/Psmd7/Syvn1	D:6	N:	N:	N:	N:	N:	N:	N:	N:	N:	N:	N:	N:	N:	N:
S:Liver	S:N-glycan trimming in the er and calnexin/calreticulin cycle	S:FALSE	S:R-MMU-532668	S:N-glycan trimming in the ER and Calnexin/Calreticulin cycle	S:3/179	S:11/3015	D:0.272727272727273	D:4.59370238699848	D:2.99939396107372	D:0.0238339286653537	D:0.630763395712926	D:0.618503526261419	S:Calr/Canx/Rad23b	D:3	N:	N:	N:	N:	N:	N:	N:	N:	N:	N:	N:	N:	N:	N:
S:Liver	S:Post-translational protein modification	S:FALSE	S:R-MMU-597592	S:Post-translational protein modification	S:39/179	S:487/3015	D:0.080082135523614	D:1.34886948940612	D:2.11195160233526	D:0.0253618009852473	D:0.630763395712926	D:0.618503526261419	S:Calr/Canx/Copa/Cul3/Dcaf13/Dcaf5/Dlat/Gfpt1/Hspa8/Lman1/Mpi/Nup50/Nup62/Otud3/P4hb/Pgap1/Prkdc/Psma5/Psmd1/Psmd12/Psmd5/Psmd7/Rab14/Rab30/Rad23b/Ranbp2/Rbbp7/Sar1b/Scfd1/Sec24a/Stag2/Tpst1/Trappc10/Ube2k/Usp10/Usp14/Usp34/Usp47/Usp9x	D:39	N:	N:	N:	N:	N:	N:	N:	N:	N:	N:	N:	N:	N:	N:
S:Liver	S:Hedgehog 'on' state	S:FALSE	S:R-MMU-5632684	S:Hedgehog 'on' state	S:6/179	S:39/3015	D:0.153846153846154	D:2.59131929522991	D:2.51257014495929	D:0.0255296607980439	D:0.630763395712926	D:0.618503526261419	S:Cul3/Itch/Psma5/Psmd1/Psmd12/Psmd7	D:6	N:	N:	N:	N:	N:	N:	N:	N:	N:	N:	N:	N:	N:	N:
S:Liver	S:Metabolism of water-soluble vitamins and cofactors	S:FALSE	S:R-MMU-196849	S:Metabolism of water-soluble vitamins and cofactors	S:8/179	S:61/3015	D:0.131147540983607	D:2.20899349757304	D:2.39623089505661	D:0.0259745951877483	D:0.630763395712926	D:0.618503526261419	S:Aasdhppt/Aldh1l1/Aox1/Gphn/Mccc1/Mccc2/Shmt1/Slc25a16	D:8	N:	N:	N:	N:	N:	N:	N:	N:	N:	N:	N:	N:	N:	N:
S:Liver	S:Rhoa gtpase cycle	S:FALSE	S:R-MMU-8980692	S:RHOA GTPase cycle	S:9/179	S:73/3015	D:0.123287671232877	D:2.07660518864315	D:2.33906123040379	D:0.0269616584864932	D:0.630763395712926	D:0.618503526261419	S:Abcd3/Acbd5/Akap13/Daam1/Lman1/Pgrmc2/Pkn2/Plekhg3/Scfd1	D:9	N:	N:	N:	N:	N:	N:	N:	N:	N:	N:	N:	N:	N:	N:
S:Liver	S:Ub-specific processing proteases	S:FALSE	S:R-MMU-5689880	S:Ub-specific processing proteases	S:9/179	S:74/3015	D:0.121621621621622	D:2.04854295636419	D:2.29403268325638	D:0.0291764215650222	D:0.630763395712926	D:0.618503526261419	S:Psma5/Psmd1/Psmd12/Psmd7/Usp10/Usp14/Usp34/Usp47/Usp9x	D:9	N:	N:	N:	N:	N:	N:	N:	N:	N:	N:	N:	N:	N:	N:
S:Liver	S:Rhoc gtpase cycle	S:FALSE	S:R-MMU-9013106	S:RHOC GTPase cycle	S:6/179	S:41/3015	D:0.146341463414634	D:2.4649134759504	D:2.37234827628302	D:0.0319125045478339	D:0.630763395712926	D:0.618503526261419	S:Abcd3/Acbd5/Akap13/Daam1/Lman1/Pkn2	D:6	N:	N:	N:	N:	N:	N:	N:	N:	N:	N:	N:	N:	N:	N:
S:Liver	S:Cellular response to heat stress	S:TRUE	S:R-MMU-3371556	S:Cellular response to heat stress	S:7/179	S:53/3015	D:0.132075471698113	D:2.22462316854643	D:2.25939886103378	D:0.0350862815172266	D:0.630763395712926	D:0.618503526261419	S:Hspa5/Hspa8/Hspa9/Hsph1/Nup50/Nup62/Ranbp2	D:7	N:	N:	N:	N:	N:	N:	N:	N:	N:	N:	N:	N:	N:	N:
S:Liver	S:Regulation of cdh1 expression and function	S:FALSE	S:R-MMU-9764265	S:Regulation of CDH1 Expression and Function	S:8/179	S:65/3015	D:0.123076923076923	D:2.07305543618393	D:2.19691298414128	D:0.0364220852220067	D:0.630763395712926	D:0.618503526261419	S:Canx/Dad1/Psma5/Psmd1/Psmd12/Psmd7/Rbbp4/Rbbp7	D:8	N:	N:	N:	N:	N:	N:	N:	N:	N:	N:	N:	N:	N:	N:
S:Liver	S:Regulation of expression and function of type i classical cadherins	S:FALSE	S:R-MMU-9764274	S:Regulation of Expression and Function of Type I Classical Cadherins	S:8/179	S:65/3015	D:0.123076923076923	D:2.07305543618393	D:2.19691298414128	D:0.0364220852220067	D:0.630763395712926	D:0.618503526261419	S:Canx/Dad1/Psma5/Psmd1/Psmd12/Psmd7/Rbbp4/Rbbp7	D:8	N:	N:	N:	N:	N:	N:	N:	N:	N:	N:	N:	N:	N:	N:
S:Liver	S:Antigen processing: ubiquitination & proteasome degradation	S:FALSE	S:R-MMU-983168	S:Antigen processing: Ubiquitination & Proteasome degradation	S:11/179	S:102/3015	D:0.107843137254902	D:1.81646401577391	D:2.10722989292706	D:0.0371713514062875	D:0.630763395712926	D:0.618503526261419	S:Cul3/Itch/Ltn1/Pja1/Psma5/Psmd1/Psmd12/Psmd7/Ube2k/Ube3a/Wwp1	D:11	N:	N:	N:	N:	N:	N:	N:	N:	N:	N:	N:	N:	N:	N:
S:Liver	S:Oxidative stress induced senescence	S:FALSE	S:R-MMU-2559580	S:Oxidative Stress Induced Senescence	S:3/179	S:13/3015	D:0.230769230769231	D:3.88697894284486	D:2.62032387931373	D:0.0378565834572139	D:0.630763395712926	D:0.618503526261419	S:Cdk6/Rbbp4/Rbbp7	D:3	N:	N:	N:	N:	N:	N:	N:	N:	N:	N:	N:	N:	N:	N:
S:Liver	S:Pkmts methylate histone lysines	S:FALSE	S:R-MMU-3214841	S:PKMTs methylate histone lysines	S:3/179	S:13/3015	D:0.230769230769231	D:3.88697894284486	D:2.62032387931373	D:0.0378565834572139	D:0.630763395712926	D:0.618503526261419	S:Rbbp4/Rbbp7/Setd6	D:3	N:	N:	N:	N:	N:	N:	N:	N:	N:	N:	N:	N:	N:	N:
S:Liver	S:Degradation of dvl	S:FALSE	S:R-MMU-4641258	S:Degradation of DVL	S:5/179	S:32/3015	D:0.15625	D:2.63180865921788	D:2.33110921997526	D:0.0380165838176824	D:0.630763395712926	D:0.618503526261419	S:Cul3/Psma5/Psmd1/Psmd12/Psmd7	D:5	N:	N:	N:	N:	N:	N:	N:	N:	N:	N:	N:	N:	N:	N:
S:Liver	S:Metabolism of vitamins and cofactors	S:FALSE	S:R-MMU-196854	S:Metabolism of vitamins and cofactors	S:10/179	S:91/3015	D:0.10989010989011	D:1.85094235373565	D:2.07050926626074	D:0.0410746712185009	D:0.630763395712926	D:0.618503526261419	S:Aasdhppt/Aco1/Aldh1l1/Aox1/Coq3/Gphn/Mccc1/Mccc2/Shmt1/Slc25a16	D:10	N:	N:	N:	N:	N:	N:	N:	N:	N:	N:	N:	N:	N:	N:
S:Liver	S:Rab gefs exchange gtp for gdp on rabs	S:FALSE	S:R-MMU-8876198	S:RAB GEFs exchange GTP for GDP on RABs	S:6/179	S:44/3015	D:0.136363636363636	D:2.29685119349924	D:2.17675817727582	D:0.043299788842162	D:0.630763395712926	D:0.618503526261419	S:Als2/Dennd4c/Dennd5b/Rab14/Rab3gap2/Trappc10	D:6	N:	N:	N:	N:	N:	N:	N:	N:	N:	N:	N:	N:	N:	N:
S:Liver	S:Peroxisomal lipid metabolism	S:FALSE	S:R-MMU-390918	S:Peroxisomal lipid metabolism	S:4/179	S:23/3015	D:0.173913043478261	D:2.92931746417294	D:2.33309189618099	D:0.0438178718453186	D:0.630763395712926	D:0.618503526261419	S:Acbd5/Scp2/Slc25a17/Slc27a2	D:4	N:	N:	N:	N:	N:	N:	N:	N:	N:	N:	N:	N:	N:	N:
S:Liver	S:Regulation of homotypic cell-cell adhesion	S:FALSE	S:R-MMU-9759476	S:Regulation of Homotypic Cell-Cell Adhesion	S:8/179	S:68/3015	D:0.117647058823529	D:1.98159710811699	D:2.05656615771818	D:0.0459066515536881	D:0.630763395712926	D:0.618503526261419	S:Canx/Dad1/Psma5/Psmd1/Psmd12/Psmd7/Rbbp4/Rbbp7	D:8	N:	N:	N:	N:	N:	N:	N:	N:	N:	N:	N:	N:	N:	N:
S:Liver	S:Pcp/ce pathway	S:FALSE	S:R-MMU-4086400	S:PCP/CE pathway	S:6/179	S:45/3015	D:0.133333333333333	D:2.24581005586592	D:2.11507070731437	D:0.0475962696021805	D:0.630763395712926	D:0.618503526261419	S:Cltc/Daam1/Psma5/Psmd1/Psmd12/Psmd7	D:6	N:	N:	N:	N:	N:	N:	N:	N:	N:	N:	N:	N:	N:	N:
S:Liver	S:Regulation of pd-l1(cd274) post-translational modification	S:FALSE	S:R-MMU-9909615	S:Regulation of PD-L1(CD274) Post-translational modification	S:7/179	S:57/3015	D:0.12280701754386	D:2.06850926198177	D:2.04579286810331	D:0.0493936033961506	D:0.630763395712926	D:0.618503526261419	S:Cul3/Dad1/Psma5/Psmd1/Psmd12/Psmd7/Ywhag	D:7	N:	N:	N:	N:	N:	N:	N:	N:	N:	N:	N:	N:	N:	N:
S:Liver	S:Degradation of gli1 by the proteasome	S:FALSE	S:R-MMU-5610780	S:Degradation of GLI1 by the proteasome	S:5/179	S:35/3015	D:0.142857142857143	D:2.40622505985634	D:2.10196630274628	D:0.0531645518687655	D:0.630763395712926	D:0.618503526261419	S:Itch/Psma5/Psmd1/Psmd12/Psmd7	D:5	N:	N:	N:	N:	N:	N:	N:	N:	N:	N:	N:	N:	N:	N:
S:Liver	S:Runx1 regulates transcription of genes involved in differentiation of hscs	S:FALSE	S:R-MMU-8939236	S:RUNX1 regulates transcription of genes involved in differentiation of HSCs	S:5/179	S:35/3015	D:0.142857142857143	D:2.40622505985634	D:2.10196630274628	D:0.0531645518687655	D:0.630763395712926	D:0.618503526261419	S:Itch/Psma5/Psmd1/Psmd12/Psmd7	D:5	N:	N:	N:	N:	N:	N:	N:	N:	N:	N:	N:	N:	N:	N:
S:Liver	S:Transmission across chemical synapses	S:FALSE	S:R-MMU-112315	S:Transmission across Chemical Synapses	S:6/179	S:47/3015	D:0.127659574468085	D:2.15024367050993	D:1.99641975670333	D:0.0569577876395131	D:0.630763395712926	D:0.618503526261419	S:Cask/Dlg3/Gls2/Hspa8/Myo6/Unc13b	D:6	N:	N:	N:	N:	N:	N:	N:	N:	N:	N:	N:	N:	N:	N:
S:Liver	S:Auf1 (hnrnp d0) binds and destabilizes mrna	S:FALSE	S:R-MMU-450408	S:AUF1 (hnRNP D0) binds and destabilizes mRNA	S:5/179	S:36/3015	D:0.138888888888889	D:2.33938547486034	D:2.03079745214102	D:0.0588923491974291	D:0.630763395712926	D:0.618503526261419	S:Hspa8/Psma5/Psmd1/Psmd12/Psmd7	D:5	N:	N:	N:	N:	N:	N:	N:	N:	N:	N:	N:	N:	N:	N:
S:Liver	S:Regulation of t cell activation by cd28 family	S:FALSE	S:R-MMU-388841	S:Regulation of T cell activation by CD28 family	S:9/179	S:85/3015	D:0.105882352941176	D:1.78343739730529	D:1.84045404398542	D:0.0623645433800861	D:0.630763395712926	D:0.618503526261419	S:Cul3/Dad1/Psma5/Psmd1/Psmd12/Psmd7/Rbbp4/Rbbp7/Ywhag	D:9	N:	N:	N:	N:	N:	N:	N:	N:	N:	N:	N:	N:	N:	N:
S:Liver	S:Class i peroxisomal membrane protein import	S:FALSE	S:R-MMU-9603798	S:Class I peroxisomal membrane protein import	S:3/179	S:16/3015	D:0.1875	D:3.15817039106145	D:2.17421513514579	D:0.0650913632306042	D:0.630763395712926	D:0.618503526261419	S:Abcd3/Acbd5/Slc25a17	D:3	N:	N:	N:	N:	N:	N:	N:	N:	N:	N:	N:	N:	N:	N:
S:Liver	S:Neuronal system	S:FALSE	S:R-MMU-112316	S:Neuronal System	S:7/179	S:61/3015	D:0.114754098360656	D:1.93286931037641	D:1.84895143527359	D:0.0669583724440339	D:0.630763395712926	D:0.618503526261419	S:Cask/Dlg3/Epb41l5/Gls2/Hspa8/Myo6/Unc13b	D:7	N:	N:	N:	N:	N:	N:	N:	N:	N:	N:	N:	N:	N:	N:
S:Liver	S:Adherens junctions interactions	S:FALSE	S:R-MMU-418990	S:Adherens junctions interactions	S:8/179	S:74/3015	D:0.108108108108108	D:1.82092707232372	D:1.79604805225213	D:0.0694161901548394	D:0.630763395712926	D:0.618503526261419	S:Canx/Dad1/Psma5/Psmd1/Psmd12/Psmd7/Rbbp4/Rbbp7	D:8	N:	N:	N:	N:	N:	N:	N:	N:	N:	N:	N:	N:	N:	N:
S:Liver	S:Regulation of ras by gaps	S:FALSE	S:R-MMU-5658442	S:Regulation of RAS by GAPs	S:5/179	S:38/3015	D:0.131578947368421	D:2.2162599235519	D:1.89528185129266	D:0.0713651090428106	D:0.630763395712926	D:0.618503526261419	S:Cul3/Psma5/Psmd1/Psmd12/Psmd7	D:5	N:	N:	N:	N:	N:	N:	N:	N:	N:	N:	N:	N:	N:	N:
S:Liver	S:Pten regulation	S:FALSE	S:R-MMU-6807070	S:PTEN Regulation	S:7/179	S:62/3015	D:0.112903225806452	D:1.90169399891872	D:1.80205618247247	D:0.0718707752155541	D:0.630763395712926	D:0.618503526261419	S:Otud3/Psma5/Psmd1/Psmd12/Psmd7/Rbbp4/Rbbp7	D:7	N:	N:	N:	N:	N:	N:	N:	N:	N:	N:	N:	N:	N:	N:
S:Liver	S:Chaperonin-mediated protein folding	S:FALSE	S:R-MMU-390466	S:Chaperonin-mediated protein folding	S:3/179	S:17/3015	D:0.176470588235294	D:2.97239566217549	D:2.04855539112975	D:0.0757107312460379	D:0.630763395712926	D:0.618503526261419	S:Cct4/Cct5/Tcp1	D:3	N:	N:	N:	N:	N:	N:	N:	N:	N:	N:	N:	N:	N:	N:
S:Liver	S:Protein folding	S:FALSE	S:R-MMU-391251	S:Protein folding	S:3/179	S:17/3015	D:0.176470588235294	D:2.97239566217549	D:2.04855539112975	D:0.0757107312460379	D:0.630763395712926	D:0.618503526261419	S:Cct4/Cct5/Tcp1	D:3	N:	N:	N:	N:	N:	N:	N:	N:	N:	N:	N:	N:	N:	N:
S:Liver	S:Cargo concentration in the er	S:FALSE	S:R-MMU-5694530	S:Cargo concentration in the ER	S:3/179	S:17/3015	D:0.176470588235294	D:2.97239566217549	D:2.04855539112975	D:0.0757107312460379	D:0.630763395712926	D:0.618503526261419	S:Lman1/Sar1b/Sec24a	D:3	N:	N:	N:	N:	N:	N:	N:	N:	N:	N:	N:	N:	N:	N:
S:Liver	S:Cooperation of pdcl (phlp1) and tric/cct in g-protein beta folding	S:FALSE	S:R-MMU-6814122	S:Cooperation of PDCL (PhLP1) and TRiC/CCT in G-protein beta folding	S:3/179	S:17/3015	D:0.176470588235294	D:2.97239566217549	D:2.04855539112975	D:0.0757107312460379	D:0.630763395712926	D:0.618503526261419	S:Cct4/Cct5/Tcp1	D:3	N:	N:	N:	N:	N:	N:	N:	N:	N:	N:	N:	N:	N:	N:
S:Liver	S:Cell-cell junction organization	S:FALSE	S:R-MMU-421270	S:Cell-cell junction organization	S:8/179	S:76/3015	D:0.105263157894737	D:1.77300793884152	D:1.71449405484979	D:0.0786424994212977	D:0.630763395712926	D:0.618503526261419	S:Canx/Dad1/Psma5/Psmd1/Psmd12/Psmd7/Rbbp4/Rbbp7	D:8	N:	N:	N:	N:	N:	N:	N:	N:	N:	N:	N:	N:	N:	N:
S:Liver	S:Mitotic g1 phase and g1/s transition	S:FALSE	S:R-MMU-453279	S:Mitotic G1 phase and G1/S transition	S:6/179	S:52/3015	D:0.115384615384615	D:1.94348947142243	D:1.72392326413956	D:0.0848898545999538	D:0.630763395712926	D:0.618503526261419	S:Cdk6/Psma5/Psmd1/Psmd12/Psmd7/Rbbp4	D:6	N:	N:	N:	N:	N:	N:	N:	N:	N:	N:	N:	N:	N:	N:
S:Liver	S:Regulation of pten stability and activity	S:FALSE	S:R-MMU-8948751	S:Regulation of PTEN stability and activity	S:5/179	S:40/3015	D:0.125	D:2.1054469273743	D:1.76794778271373	D:0.085177324416312	D:0.630763395712926	D:0.618503526261419	S:Otud3/Psma5/Psmd1/Psmd12/Psmd7	D:5	N:	N:	N:	N:	N:	N:	N:	N:	N:	N:	N:	N:	N:	N:
S:Liver	S:Proteasome assembly	S:FALSE	S:R-MMU-9907900	S:Proteasome assembly	S:5/179	S:40/3015	D:0.125	D:2.1054469273743	D:1.76794778271373	D:0.085177324416312	D:0.630763395712926	D:0.618503526261419	S:Psma5/Psmd1/Psmd12/Psmd5/Psmd7	D:5	N:	N:	N:	N:	N:	N:	N:	N:	N:	N:	N:	N:	N:	N:
S:Liver	S:Protein-protein interactions at synapses	S:FALSE	S:R-MMU-6794362	S:Protein-protein interactions at synapses	S:3/179	S:18/3015	D:0.166666666666667	D:2.8072625698324	D:1.93178665384742	D:0.0870394739894764	D:0.630763395712926	D:0.618503526261419	S:Cask/Dlg3/Epb41l5	D:3	N:	N:	N:	N:	N:	N:	N:	N:	N:	N:	N:	N:	N:	N:
S:Liver	S:Neddylation	S:FALSE	S:R-MMU-8951664	S:Neddylation	S:8/179	S:78/3015	D:0.102564102564103	D:1.72754619681994	D:1.63531315033043	D:0.0885710811992089	D:0.630763395712926	D:0.618503526261419	S:Cul3/Dcaf13/Dcaf5/Psma5/Psmd1/Psmd12/Psmd7/Rbbp7	D:8	N:	N:	N:	N:	N:	N:	N:	N:	N:	N:	N:	N:	N:	N:
S:Liver	S:Metabolism of amino acids and derivatives	S:FALSE	S:R-MMU-71291	S:Metabolism of amino acids and derivatives	S:14/179	S:160/3015	D:0.0875	D:1.47381284916201	D:1.54706583463995	D:0.0893515651908305	D:0.630763395712926	D:0.618503526261419	S:Acadsb/Gldc/Gls2/Mccc1/Mccc2/Ppm1k/Psma5/Psmd1/Psmd12/Psmd7/Shmt1/Sirt5/Slc25a10/Slc25a13	D:14	N:	N:	N:	N:	N:	N:	N:	N:	N:	N:	N:	N:	N:	N:
S:Liver	S:Copii-mediated vesicle transport	S:FALSE	S:R-MMU-204005	S:COPII-mediated vesicle transport	S:5/179	S:41/3015	D:0.121951219512195	D:2.054094563292	D:1.70704922940428	D:0.0925752160647117	D:0.630763395712926	D:0.618503526261419	S:Lman1/Sar1b/Scfd1/Sec24a/Trappc10	D:5	N:	N:	N:	N:	N:	N:	N:	N:	N:	N:	N:	N:	N:	N:
S:Liver	S:Cellular responses to stress	S:FALSE	S:R-MMU-2262752	S:Cellular responses to stress	S:18/179	S:219/3015	D:0.0821917808219178	D:1.38440345909543	D:1.48383560258573	D:0.0946627948455075	D:0.630763395712926	D:0.618503526261419	S:Cdk6/Cul3/Hspa5/Hspa8/Hspa9/Hsph1/Nup50/Nup62/P4hb/Pgrmc2/Psma5/Psmd1/Psmd12/Psmd7/Ranbp2/Rbbp4/Rbbp7/Yme1l1	D:18	N:	N:	N:	N:	N:	N:	N:	N:	N:	N:	N:	N:	N:	N:
S:Liver	S:Keap1-nfe2l2 pathway	S:FALSE	S:R-MMU-9755511	S:KEAP1-NFE2L2 pathway	S:5/179	S:42/3015	D:0.119047619047619	D:2.00518754988029	D:1.64785622773051	D:0.100293258570358	D:0.630763395712926	D:0.618503526261419	S:Cul3/Psma5/Psmd1/Psmd12/Psmd7	D:5	N:	N:	N:	N:	N:	N:	N:	N:	N:	N:	N:	N:	N:	N:
S:Liver	S:Rab regulation of trafficking	S:FALSE	S:R-MMU-9007101	S:Rab regulation of trafficking	S:6/179	S:55/3015	D:0.109090909090909	D:1.83748095479939	D:1.57454636971771	D:0.104716968710262	D:0.630763395712926	D:0.618503526261419	S:Als2/Dennd4c/Dennd5b/Rab14/Rab3gap2/Trappc10	D:6	N:	N:	N:	N:	N:	N:	N:	N:	N:	N:	N:	N:	N:	N:
S:Liver	S:Cellular responses to stimuli	S:FALSE	S:R-MMU-8953897	S:Cellular responses to stimuli	S:20/179	S:252/3015	D:0.0793650793650794	D:1.33679169992019	D:1.40286614335157	D:0.106042642727612	D:0.630763395712926	D:0.618503526261419	S:Capn2/Cdk6/Cul3/Hspa5/Hspa8/Hspa9/Hsph1/Nup50/Nup62/P4hb/Pgrmc2/Pkn2/Psma5/Psmd1/Psmd12/Psmd7/Ranbp2/Rbbp4/Rbbp7/Yme1l1	D:20	N:	N:	N:	N:	N:	N:	N:	N:	N:	N:	N:	N:	N:	N:
S:Liver	S:Autodegradation of the e3 ubiquitin ligase cop1	S:FALSE	S:R-MMU-349425	S:Autodegradation of the E3 ubiquitin ligase COP1	S:4/179	S:31/3015	D:0.129032258064516	D:2.17336457019283	D:1.6495270214937	D:0.108289769518729	D:0.630763395712926	D:0.618503526261419	S:Psma5/Psmd1/Psmd12/Psmd7	D:4	N:	N:	N:	N:	N:	N:	N:	N:	N:	N:	N:	N:	N:	N:
S:Liver	S:Regulation of ornithine decarboxylase (odc)	S:FALSE	S:R-MMU-350562	S:Regulation of ornithine decarboxylase (ODC)	S:4/179	S:31/3015	D:0.129032258064516	D:2.17336457019283	D:1.6495270214937	D:0.108289769518729	D:0.630763395712926	D:0.618503526261419	S:Psma5/Psmd1/Psmd12/Psmd7	D:4	N:	N:	N:	N:	N:	N:	N:	N:	N:	N:	N:	N:	N:	N:
S:Liver	S:Asymmetric localization of pcp proteins	S:FALSE	S:R-MMU-4608870	S:Asymmetric localization of PCP proteins	S:4/179	S:31/3015	D:0.129032258064516	D:2.17336457019283	D:1.6495270214937	D:0.108289769518729	D:0.630763395712926	D:0.618503526261419	S:Psma5/Psmd1/Psmd12/Psmd7	D:4	N:	N:	N:	N:	N:	N:	N:	N:	N:	N:	N:	N:	N:	N:
S:Liver	S:Stabilization of p53	S:FALSE	S:R-MMU-69541	S:Stabilization of p53	S:4/179	S:31/3015	D:0.129032258064516	D:2.17336457019283	D:1.6495270214937	D:0.108289769518729	D:0.630763395712926	D:0.618503526261419	S:Psma5/Psmd1/Psmd12/Psmd7	D:4	N:	N:	N:	N:	N:	N:	N:	N:	N:	N:	N:	N:	N:	N:
S:Liver	S:Ubiquitin-dependent degradation of cyclin d	S:FALSE	S:R-MMU-75815	S:Ubiquitin-dependent degradation of Cyclin D	S:4/179	S:31/3015	D:0.129032258064516	D:2.17336457019283	D:1.6495270214937	D:0.108289769518729	D:0.630763395712926	D:0.618503526261419	S:Psma5/Psmd1/Psmd12/Psmd7	D:4	N:	N:	N:	N:	N:	N:	N:	N:	N:	N:	N:	N:	N:	N:
S:Liver	S:Circadian clock	S:FALSE	S:R-MMU-9909396	S:Circadian clock	S:4/179	S:31/3015	D:0.129032258064516	D:2.17336457019283	D:1.6495270214937	D:0.108289769518729	D:0.630763395712926	D:0.618503526261419	S:Psma5/Psmd1/Psmd12/Psmd7	D:4	N:	N:	N:	N:	N:	N:	N:	N:	N:	N:	N:	N:	N:	N:
S:Liver	S:Degradation of cry and per proteins	S:FALSE	S:R-MMU-9932298	S:Degradation of CRY and PER proteins	S:4/179	S:31/3015	D:0.129032258064516	D:2.17336457019283	D:1.6495270214937	D:0.108289769518729	D:0.630763395712926	D:0.618503526261419	S:Psma5/Psmd1/Psmd12/Psmd7	D:4	N:	N:	N:	N:	N:	N:	N:	N:	N:	N:	N:	N:	N:	N:
S:Liver	S:Beta-catenin independent wnt signaling	S:FALSE	S:R-MMU-3858494	S:Beta-catenin independent WNT signaling	S:6/179	S:56/3015	D:0.107142857142857	D:1.80466879489226	D:1.52680550385449	D:0.111820952652248	D:0.630763395712926	D:0.618503526261419	S:Cltc/Daam1/Psma5/Psmd1/Psmd12/Psmd7	D:6	N:	N:	N:	N:	N:	N:	N:	N:	N:	N:	N:	N:	N:	N:
S:Liver	S:Metabolism of folate and pterines	S:FALSE	S:R-MMU-196757	S:Metabolism of folate and pterines	S:2/179	S:10/3015	D:0.2	D:3.36871508379888	D:1.88467128502513	D:0.11526511368737	D:0.630763395712926	D:0.618503526261419	S:Aldh1l1/Shmt1	D:2	N:	N:	N:	N:	N:	N:	N:	N:	N:	N:	N:	N:	N:	N:
S:Liver	S:Synthesis of active ubiquitin: roles of e1 and e2 enzymes	S:FALSE	S:R-MMU-8866652	S:Synthesis of active ubiquitin: roles of E1 and E2 enzymes	S:2/179	S:10/3015	D:0.2	D:3.36871508379888	D:1.88467128502513	D:0.11526511368737	D:0.630763395712926	D:0.618503526261419	S:Ube2k/Usp9x	D:2	N:	N:	N:	N:	N:	N:	N:	N:	N:	N:	N:	N:	N:	N:
S:Liver	S:Degradation of axin	S:FALSE	S:R-MMU-4641257	S:Degradation of AXIN	S:4/179	S:32/3015	D:0.125	D:2.1054469273743	D:1.57917872909846	D:0.11832879604745	D:0.630763395712926	D:0.618503526261419	S:Psma5/Psmd1/Psmd12/Psmd7	D:4	N:	N:	N:	N:	N:	N:	N:	N:	N:	N:	N:	N:	N:	N:
S:Liver	S:P53-dependent g1 dna damage response	S:FALSE	S:R-MMU-69563	S:p53-Dependent G1 DNA Damage Response	S:4/179	S:32/3015	D:0.125	D:2.1054469273743	D:1.57917872909846	D:0.11832879604745	D:0.630763395712926	D:0.618503526261419	S:Psma5/Psmd1/Psmd12/Psmd7	D:4	N:	N:	N:	N:	N:	N:	N:	N:	N:	N:	N:	N:	N:	N:
S:Liver	S:P53-dependent g1/s dna damage checkpoint	S:FALSE	S:R-MMU-69580	S:p53-Dependent G1/S DNA damage checkpoint	S:4/179	S:32/3015	D:0.125	D:2.1054469273743	D:1.57917872909846	D:0.11832879604745	D:0.630763395712926	D:0.618503526261419	S:Psma5/Psmd1/Psmd12/Psmd7	D:4	N:	N:	N:	N:	N:	N:	N:	N:	N:	N:	N:	N:	N:	N:
S:Liver	S:Tcf dependent signaling in response to wnt	S:FALSE	S:R-MMU-201681	S:TCF dependent signaling in response to WNT	S:6/179	S:57/3015	D:0.105263157894737	D:1.77300793884152	D:1.4800191112393	D:0.119165346682377	D:0.630763395712926	D:0.618503526261419	S:Cul3/Psma5/Psmd1/Psmd12/Psmd7/Usp34	D:6	N:	N:	N:	N:	N:	N:	N:	N:	N:	N:	N:	N:	N:	N:
S:Liver	S:Mitochondrial protein degradation	S:FALSE	S:R-MMU-9837999	S:Mitochondrial protein degradation	S:6/179	S:58/3015	D:0.103448275862069	D:1.7424388364477	D:1.43414823307697	D:0.126745090209141	D:0.630763395712926	D:0.618503526261419	S:Acadsb/Clpx/Hspa9/Hspd1/Iars2/Tfam	D:6	N:	N:	N:	N:	N:	N:	N:	N:	N:	N:	N:	N:	N:	N:
S:Liver	S:Transport of mature mrna derived from an intronless transcript	S:FALSE	S:R-MMU-159231	S:Transport of Mature mRNA Derived from an Intronless Transcript	S:4/179	S:33/3015	D:0.121212121212121	D:2.04164550533266	D:1.51136068535072	D:0.128756469735877	D:0.630763395712926	D:0.618503526261419	S:Fip1l1/Nup50/Nup62/Ranbp2	D:4	N:	N:	N:	N:	N:	N:	N:	N:	N:	N:	N:	N:	N:	N:
S:Liver	S:Transport of mature mrnas derived from intronless transcripts	S:FALSE	S:R-MMU-159234	S:Transport of Mature mRNAs Derived from Intronless Transcripts	S:4/179	S:33/3015	D:0.121212121212121	D:2.04164550533266	D:1.51136068535072	D:0.128756469735877	D:0.630763395712926	D:0.618503526261419	S:Fip1l1/Nup50/Nup62/Ranbp2	D:4	N:	N:	N:	N:	N:	N:	N:	N:	N:	N:	N:	N:	N:	N:
S:Liver	S:Fbxl7 down-regulates aurka during mitotic entry and in early mitosis	S:FALSE	S:R-MMU-8854050	S:FBXL7 down-regulates AURKA during mitotic entry and in early mitosis	S:4/179	S:33/3015	D:0.121212121212121	D:2.04164550533266	D:1.51136068535072	D:0.128756469735877	D:0.630763395712926	D:0.618503526261419	S:Psma5/Psmd1/Psmd12/Psmd7	D:4	N:	N:	N:	N:	N:	N:	N:	N:	N:	N:	N:	N:	N:	N:
S:Liver	S:Regulation of runx2 expression and activity	S:FALSE	S:R-MMU-8939902	S:Regulation of RUNX2 expression and activity	S:4/179	S:33/3015	D:0.121212121212121	D:2.04164550533266	D:1.51136068535072	D:0.128756469735877	D:0.630763395712926	D:0.618503526261419	S:Psma5/Psmd1/Psmd12/Psmd7	D:4	N:	N:	N:	N:	N:	N:	N:	N:	N:	N:	N:	N:	N:	N:
S:Liver	S:Regulation of runx3 expression and activity	S:FALSE	S:R-MMU-8941858	S:Regulation of RUNX3 expression and activity	S:4/179	S:33/3015	D:0.121212121212121	D:2.04164550533266	D:1.51136068535072	D:0.128756469735877	D:0.630763395712926	D:0.618503526261419	S:Psma5/Psmd1/Psmd12/Psmd7	D:4	N:	N:	N:	N:	N:	N:	N:	N:	N:	N:	N:	N:	N:	N:
S:Liver	S:Gsk3b and btrc:cul1-mediated-degradation of nfe2l2	S:FALSE	S:R-MMU-9762114	S:GSK3B and BTRC:CUL1-mediated-degradation of NFE2L2	S:4/179	S:33/3015	D:0.121212121212121	D:2.04164550533266	D:1.51136068535072	D:0.128756469735877	D:0.630763395712926	D:0.618503526261419	S:Psma5/Psmd1/Psmd12/Psmd7	D:4	N:	N:	N:	N:	N:	N:	N:	N:	N:	N:	N:	N:	N:	N:
S:Liver	S:Rho gtpase cycle	S:FALSE	S:R-MMU-9012999	S:RHO GTPase cycle	S:17/179	S:215/3015	D:0.0790697674418605	D:1.33181759126933	D:1.26819094184301	D:0.132966773229174	D:0.630763395712926	D:0.618503526261419	S:Abcd3/Acbd5/Akap13/Als2/Cltc/Cul3/Daam1/Kidins220/Letm1/Lman1/Myo6/Pgrmc2/Pkn2/Plekhg3/Scfd1/Usp9x/Wdr11	D:17	N:	N:	N:	N:	N:	N:	N:	N:	N:	N:	N:	N:	N:	N:
S:Liver	S:Adaptive immune system	S:FALSE	S:R-MMU-1280218	S:Adaptive Immune System	S:21/179	S:275/3015	D:0.0763636363636364	D:1.28623666835957	D:1.25072364425986	D:0.133162996807598	D:0.630763395712926	D:0.618503526261419	S:Calr/Canx/Cltc/Cul3/Dad1/Hspa5/Itch/Ltn1/Pja1/Psma5/Psmd1/Psmd12/Psmd7/Rbbp4/Rbbp7/Sar1b/Sec24a/Ube2k/Ube3a/Wwp1/Ywhag	D:21	N:	N:	N:	N:	N:	N:	N:	N:	N:	N:	N:	N:	N:	N:
S:Liver	S:Vitamin b5 (pantothenate) metabolism	S:FALSE	S:R-MMU-199220	S:Vitamin B5 (pantothenate) metabolism	S:2/179	S:11/3015	D:0.181818181818182	D:3.06246825799898	D:1.72138763085364	D:0.135583154803374	D:0.630763395712926	D:0.618503526261419	S:Aasdhppt/Slc25a16	D:2	N:	N:	N:	N:	N:	N:	N:	N:	N:	N:	N:	N:	N:	N:
S:Liver	S:Metabolism of nitric oxide: nos3 activation and regulation	S:FALSE	S:R-MMU-202131	S:Metabolism of nitric oxide: NOS3 activation and regulation	S:2/179	S:11/3015	D:0.181818181818182	D:3.06246825799898	D:1.72138763085364	D:0.135583154803374	D:0.630763395712926	D:0.618503526261419	S:Ddah1/Lypla1	D:2	N:	N:	N:	N:	N:	N:	N:	N:	N:	N:	N:	N:	N:	N:
S:Liver	S:Cellular response to hypoxia	S:FALSE	S:R-MMU-1234174	S:Cellular response to hypoxia	S:4/179	S:34/3015	D:0.117647058823529	D:1.98159710811699	D:1.44589503684663	D:0.139553762843777	D:0.630763395712926	D:0.618503526261419	S:Psma5/Psmd1/Psmd12/Psmd7	D:4	N:	N:	N:	N:	N:	N:	N:	N:	N:	N:	N:	N:	N:	N:
S:Liver	S:Oxygen-dependent proline hydroxylation of hypoxia-inducible factor alpha	S:FALSE	S:R-MMU-1234176	S:Oxygen-dependent proline hydroxylation of Hypoxia-inducible Factor Alpha	S:4/179	S:34/3015	D:0.117647058823529	D:1.98159710811699	D:1.44589503684663	D:0.139553762843777	D:0.630763395712926	D:0.618503526261419	S:Psma5/Psmd1/Psmd12/Psmd7	D:4	N:	N:	N:	N:	N:	N:	N:	N:	N:	N:	N:	N:	N:	N:
S:Liver	S:Scf(skp2)-mediated degradation of p27/p21	S:FALSE	S:R-MMU-187577	S:SCF(Skp2)-mediated degradation of p27/p21	S:4/179	S:34/3015	D:0.117647058823529	D:1.98159710811699	D:1.44589503684663	D:0.139553762843777	D:0.630763395712926	D:0.618503526261419	S:Psma5/Psmd1/Psmd12/Psmd7	D:4	N:	N:	N:	N:	N:	N:	N:	N:	N:	N:	N:	N:	N:	N:
S:Liver	S:Snrnp assembly	S:FALSE	S:R-MMU-191859	S:snRNP Assembly	S:4/179	S:34/3015	D:0.117647058823529	D:1.98159710811699	D:1.44589503684663	D:0.139553762843777	D:0.630763395712926	D:0.618503526261419	S:Gemin5/Nup50/Nup62/Ranbp2	D:4	N:	N:	N:	N:	N:	N:	N:	N:	N:	N:	N:	N:	N:	N:
S:Liver	S:Metabolism of non-coding rna	S:FALSE	S:R-MMU-194441	S:Metabolism of non-coding RNA	S:4/179	S:34/3015	D:0.117647058823529	D:1.98159710811699	D:1.44589503684663	D:0.139553762843777	D:0.630763395712926	D:0.618503526261419	S:Gemin5/Nup50/Nup62/Ranbp2	D:4	N:	N:	N:	N:	N:	N:	N:	N:	N:	N:	N:	N:	N:	N:
S:Liver	S:Metabolism of polyamines	S:FALSE	S:R-MMU-351202	S:Metabolism of polyamines	S:4/179	S:34/3015	D:0.117647058823529	D:1.98159710811699	D:1.44589503684663	D:0.139553762843777	D:0.630763395712926	D:0.618503526261419	S:Psma5/Psmd1/Psmd12/Psmd7	D:4	N:	N:	N:	N:	N:	N:	N:	N:	N:	N:	N:	N:	N:	N:
S:Liver	S:Nuclear events mediated by nfe2l2	S:FALSE	S:R-MMU-9759194	S:Nuclear events mediated by NFE2L2	S:4/179	S:34/3015	D:0.117647058823529	D:1.98159710811699	D:1.44589503684663	D:0.139553762843777	D:0.630763395712926	D:0.618503526261419	S:Psma5/Psmd1/Psmd12/Psmd7	D:4	N:	N:	N:	N:	N:	N:	N:	N:	N:	N:	N:	N:	N:	N:
S:Liver	S:Gsk3b-mediated proteasomal degradation of pd-l1(cd274)	S:FALSE	S:R-MMU-9929356	S:GSK3B-mediated proteasomal degradation of PD-L1(CD274)	S:4/179	S:34/3015	D:0.117647058823529	D:1.98159710811699	D:1.44589503684663	D:0.139553762843777	D:0.630763395712926	D:0.618503526261419	S:Psma5/Psmd1/Psmd12/Psmd7	D:4	N:	N:	N:	N:	N:	N:	N:	N:	N:	N:	N:	N:	N:	N:
S:Liver	S:Signaling by wnt	S:FALSE	S:R-MMU-195721	S:Signaling by WNT	S:8/179	S:87/3015	D:0.0919540229885058	D:1.54883452128684	D:1.30484984016298	D:0.141755834760086	D:0.630763395712926	D:0.618503526261419	S:Cltc/Cul3/Daam1/Psma5/Psmd1/Psmd12/Psmd7/Usp34	D:8	N:	N:	N:	N:	N:	N:	N:	N:	N:	N:	N:	N:	N:	N:
S:Liver	S:Cell junction organization	S:FALSE	S:R-MMU-446728	S:Cell junction organization	S:8/179	S:87/3015	D:0.0919540229885058	D:1.54883452128684	D:1.30484984016298	D:0.141755834760086	D:0.630763395712926	D:0.618503526261419	S:Canx/Dad1/Psma5/Psmd1/Psmd12/Psmd7/Rbbp4/Rbbp7	D:8	N:	N:	N:	N:	N:	N:	N:	N:	N:	N:	N:	N:	N:	N:
S:Liver	S:Signaling by rho gtpases, miro gtpases and rhobtb3	S:FALSE	S:R-MMU-9716542	S:Signaling by Rho GTPases, Miro GTPases and RHOBTB3	S:23/179	S:308/3015	D:0.0746753246753247	D:1.25779946310673	D:1.19938403913824	D:0.14238249067762	D:0.630763395712926	D:0.618503526261419	S:Abcd3/Acbd5/Ahctf1/Akap13/Als2/Cltc/Cul3/Daam1/Kidins220/Letm1/Lman1/Mfn2/Myo6/Nf2/Pgrmc2/Pik3r4/Pkn2/Plekhg3/Ranbp2/Scfd1/Usp9x/Wdr11/Ywhag	D:23	N:	N:	N:	N:	N:	N:	N:	N:	N:	N:	N:	N:	N:	N:
S:Liver	S:Transport of small molecules	S:FALSE	S:R-MMU-382551	S:Transport of small molecules	S:17/179	S:218/3015	D:0.0779816513761468	D:1.31348982625186	D:1.20712012635525	D:0.145339240729726	D:0.630763395712926	D:0.618503526261419	S:Abcb7/Abcd3/Aco1/Atp11c/Cltc/Lipa/P4hb/Psma5/Psmd1/Psmd12/Psmd7/Sar1b/Slc25a10/Slc33a1/Slc38a3/Wwp1/Yme1l1	D:17	N:	N:	N:	N:	N:	N:	N:	N:	N:	N:	N:	N:	N:	N:
S:Liver	S:Autodegradation of cdh1 by cdh1:apc/c	S:FALSE	S:R-MMU-174084	S:Autodegradation of Cdh1 by Cdh1:APC/C	S:4/179	S:35/3015	D:0.114285714285714	D:1.92498004788508	D:1.38262142161347	D:0.150700757808294	D:0.630763395712926	D:0.618503526261419	S:Psma5/Psmd1/Psmd12/Psmd7	D:4	N:	N:	N:	N:	N:	N:	N:	N:	N:	N:	N:	N:	N:	N:
S:Liver	S:Apc/c:cdc20 mediated degradation of securin	S:FALSE	S:R-MMU-174154	S:APC/C:Cdc20 mediated degradation of Securin	S:4/179	S:35/3015	D:0.114285714285714	D:1.92498004788508	D:1.38262142161347	D:0.150700757808294	D:0.630763395712926	D:0.618503526261419	S:Psma5/Psmd1/Psmd12/Psmd7	D:4	N:	N:	N:	N:	N:	N:	N:	N:	N:	N:	N:	N:	N:	N:
S:Liver	S:Apc/c:cdh1 mediated degradation of cdc20 and other apc/c:cdh1 targeted proteins in late mitosis/early g1	S:FALSE	S:R-MMU-174178	S:APC/C:Cdh1 mediated degradation of Cdc20 and other APC/C:Cdh1 targeted proteins in late mitosis/early G1	S:4/179	S:35/3015	D:0.114285714285714	D:1.92498004788508	D:1.38262142161347	D:0.150700757808294	D:0.630763395712926	D:0.618503526261419	S:Psma5/Psmd1/Psmd12/Psmd7	D:4	N:	N:	N:	N:	N:	N:	N:	N:	N:	N:	N:	N:	N:	N:
S:Liver	S:Cdk-mediated phosphorylation and removal of cdc6	S:FALSE	S:R-MMU-69017	S:CDK-mediated phosphorylation and removal of Cdc6	S:4/179	S:35/3015	D:0.114285714285714	D:1.92498004788508	D:1.38262142161347	D:0.150700757808294	D:0.630763395712926	D:0.618503526261419	S:Psma5/Psmd1/Psmd12/Psmd7	D:4	N:	N:	N:	N:	N:	N:	N:	N:	N:	N:	N:	N:	N:	N:
S:Liver	S:Ubiquitin-mediated degradation of phosphorylated cdc25a	S:FALSE	S:R-MMU-69601	S:Ubiquitin-Mediated Degradation of Phosphorylated Cdc25A	S:4/179	S:35/3015	D:0.114285714285714	D:1.92498004788508	D:1.38262142161347	D:0.150700757808294	D:0.630763395712926	D:0.618503526261419	S:Psma5/Psmd1/Psmd12/Psmd7	D:4	N:	N:	N:	N:	N:	N:	N:	N:	N:	N:	N:	N:	N:	N:
S:Liver	S:P53-independent g1/s dna damage checkpoint	S:FALSE	S:R-MMU-69613	S:p53-Independent G1/S DNA Damage Checkpoint	S:4/179	S:35/3015	D:0.114285714285714	D:1.92498004788508	D:1.38262142161347	D:0.150700757808294	D:0.630763395712926	D:0.618503526261419	S:Psma5/Psmd1/Psmd12/Psmd7	D:4	N:	N:	N:	N:	N:	N:	N:	N:	N:	N:	N:	N:	N:	N:
S:Liver	S:Abc-family proteins mediated transport	S:FALSE	S:R-MMU-382556	S:ABC-family proteins mediated transport	S:6/179	S:61/3015	D:0.0983606557377049	D:1.65674512317978	D:1.30167197549056	D:0.150838359652537	D:0.630763395712926	D:0.618503526261419	S:Abcb7/Abcd3/Psma5/Psmd1/Psmd12/Psmd7	D:6	N:	N:	N:	N:	N:	N:	N:	N:	N:	N:	N:	N:	N:	N:
S:Liver	S:Transcriptional regulation by runx1	S:FALSE	S:R-MMU-8878171	S:Transcriptional regulation by RUNX1	S:6/179	S:61/3015	D:0.0983606557377049	D:1.65674512317978	D:1.30167197549056	D:0.150838359652537	D:0.630763395712926	D:0.618503526261419	S:Cdk6/Itch/Psma5/Psmd1/Psmd12/Psmd7	D:6	N:	N:	N:	N:	N:	N:	N:	N:	N:	N:	N:	N:	N:	N:
S:Liver	S:Synthesis of bile acids and bile salts	S:FALSE	S:R-MMU-192105	S:Synthesis of bile acids and bile salts	S:3/179	S:23/3015	D:0.130434782608696	D:2.19698809812971	D:1.44749803152209	D:0.152799321919116	D:0.630763395712926	D:0.618503526261419	S:Osbpl3/Scp2/Slc27a2	D:3	N:	N:	N:	N:	N:	N:	N:	N:	N:	N:	N:	N:	N:	N:
S:Liver	S:Nuclear pore complex (npc) disassembly	S:FALSE	S:R-MMU-3301854	S:Nuclear Pore Complex (NPC) Disassembly	S:3/179	S:23/3015	D:0.130434782608696	D:2.19698809812971	D:1.44749803152209	D:0.152799321919116	D:0.630763395712926	D:0.618503526261419	S:Nup50/Nup62/Ranbp2	D:3	N:	N:	N:	N:	N:	N:	N:	N:	N:	N:	N:	N:	N:	N:
S:Liver	S:Chromosome maintenance	S:FALSE	S:R-MMU-73886	S:Chromosome Maintenance	S:3/179	S:23/3015	D:0.130434782608696	D:2.19698809812971	D:1.44749803152209	D:0.152799321919116	D:0.630763395712926	D:0.618503526261419	S:Dkc1/Rbbp4/Rbbp7	D:3	N:	N:	N:	N:	N:	N:	N:	N:	N:	N:	N:	N:	N:	N:
S:Liver	S:Hedgehog 'off' state	S:FALSE	S:R-MMU-5610787	S:Hedgehog 'off' state	S:5/179	S:48/3015	D:0.104166666666667	D:1.75453910614525	D:1.32369712318591	D:0.152874875619862	D:0.630763395712926	D:0.618503526261419	S:Itch/Psma5/Psmd1/Psmd12/Psmd7	D:5	N:	N:	N:	N:	N:	N:	N:	N:	N:	N:	N:	N:	N:	N:
S:Liver	S:Pi3k cascade	S:FALSE	S:R-MMU-109704	S:PI3K Cascade	S:2/179	S:12/3015	D:0.166666666666667	D:2.8072625698324	D:1.57572068861082	D:0.156616115009245	D:0.630763395712926	D:0.618503526261419	S:Irs1/Pik3r4	D:2	N:	N:	N:	N:	N:	N:	N:	N:	N:	N:	N:	N:	N:	N:
S:Liver	S:Plasma lipoprotein assembly	S:FALSE	S:R-MMU-8963898	S:Plasma lipoprotein assembly	S:2/179	S:12/3015	D:0.166666666666667	D:2.8072625698324	D:1.57572068861082	D:0.156616115009245	D:0.630763395712926	D:0.618503526261419	S:P4hb/Sar1b	D:2	N:	N:	N:	N:	N:	N:	N:	N:	N:	N:	N:	N:	N:	N:
S:Liver	S:Raf/map kinase cascade	S:FALSE	S:R-MMU-5673001	S:RAF/MAP kinase cascade	S:9/179	S:104/3015	D:0.0865384615384615	D:1.45761710356682	D:1.19300658577234	D:0.161450484573701	D:0.630763395712926	D:0.618503526261419	S:Cul3/Dlg3/Irs1/Lypla1/Psma5/Psmd1/Psmd12/Psmd7/Rgl3	D:9	N:	N:	N:	N:	N:	N:	N:	N:	N:	N:	N:	N:	N:	N:
S:Liver	S:Cross-presentation of soluble exogenous antigens (endosomes)	S:FALSE	S:R-MMU-1236978	S:Cross-presentation of soluble exogenous antigens (endosomes)	S:4/179	S:36/3015	D:0.111111111111111	D:1.87150837988827	D:1.321394796805	D:0.162176808884652	D:0.630763395712926	D:0.618503526261419	S:Psma5/Psmd1/Psmd12/Psmd7	D:4	N:	N:	N:	N:	N:	N:	N:	N:	N:	N:	N:	N:	N:	N:
S:Liver	S:Cdc20:phospho-apc/c mediated degradation of cyclin a	S:FALSE	S:R-MMU-174184	S:Cdc20:Phospho-APC/C mediated degradation of Cyclin A	S:4/179	S:36/3015	D:0.111111111111111	D:1.87150837988827	D:1.321394796805	D:0.162176808884652	D:0.630763395712926	D:0.618503526261419	S:Psma5/Psmd1/Psmd12/Psmd7	D:4	N:	N:	N:	N:	N:	N:	N:	N:	N:	N:	N:	N:	N:	N:
S:Liver	S:Apc/c:cdc20 mediated degradation of mitotic proteins	S:FALSE	S:R-MMU-176409	S:APC/C:Cdc20 mediated degradation of mitotic proteins	S:4/179	S:36/3015	D:0.111111111111111	D:1.87150837988827	D:1.321394796805	D:0.162176808884652	D:0.630763395712926	D:0.618503526261419	S:Psma5/Psmd1/Psmd12/Psmd7	D:4	N:	N:	N:	N:	N:	N:	N:	N:	N:	N:	N:	N:	N:	N:
S:Liver	S:Activation of apc/c and apc/c:cdc20 mediated degradation of mitotic proteins	S:FALSE	S:R-MMU-176814	S:Activation of APC/C and APC/C:Cdc20 mediated degradation of mitotic proteins	S:4/179	S:36/3015	D:0.111111111111111	D:1.87150837988827	D:1.321394796805	D:0.162176808884652	D:0.630763395712926	D:0.618503526261419	S:Psma5/Psmd1/Psmd12/Psmd7	D:4	N:	N:	N:	N:	N:	N:	N:	N:	N:	N:	N:	N:	N:	N:
S:Liver	S:Apc:cdc20 mediated degradation of cell cycle proteins prior to satisfation of the cell cycle checkpoint	S:FALSE	S:R-MMU-179419	S:APC:Cdc20 mediated degradation of cell cycle proteins prior to satisfation of the cell cycle checkpoint	S:4/179	S:36/3015	D:0.111111111111111	D:1.87150837988827	D:1.321394796805	D:0.162176808884652	D:0.630763395712926	D:0.618503526261419	S:Psma5/Psmd1/Psmd12/Psmd7	D:4	N:	N:	N:	N:	N:	N:	N:	N:	N:	N:	N:	N:	N:	N:
S:Liver	S:Dectin-1 mediated noncanonical nf-kb signaling	S:FALSE	S:R-MMU-5607761	S:Dectin-1 mediated noncanonical NF-kB signaling	S:4/179	S:36/3015	D:0.111111111111111	D:1.87150837988827	D:1.321394796805	D:0.162176808884652	D:0.630763395712926	D:0.618503526261419	S:Psma5/Psmd1/Psmd12/Psmd7	D:4	N:	N:	N:	N:	N:	N:	N:	N:	N:	N:	N:	N:	N:	N:
S:Liver	S:Gli3 is processed to gli3r by the proteasome	S:FALSE	S:R-MMU-5610785	S:GLI3 is processed to GLI3R by the proteasome	S:4/179	S:36/3015	D:0.111111111111111	D:1.87150837988827	D:1.321394796805	D:0.162176808884652	D:0.630763395712926	D:0.618503526261419	S:Psma5/Psmd1/Psmd12/Psmd7	D:4	N:	N:	N:	N:	N:	N:	N:	N:	N:	N:	N:	N:	N:	N:
S:Liver	S:Nik-->noncanonical nf-kb signaling	S:FALSE	S:R-MMU-5676590	S:NIK-->noncanonical NF-kB signaling	S:4/179	S:36/3015	D:0.111111111111111	D:1.87150837988827	D:1.321394796805	D:0.162176808884652	D:0.630763395712926	D:0.618503526261419	S:Psma5/Psmd1/Psmd12/Psmd7	D:4	N:	N:	N:	N:	N:	N:	N:	N:	N:	N:	N:	N:	N:	N:
S:Liver	S:G1/s dna damage checkpoints	S:FALSE	S:R-MMU-69615	S:G1/S DNA Damage Checkpoints	S:4/179	S:36/3015	D:0.111111111111111	D:1.87150837988827	D:1.321394796805	D:0.162176808884652	D:0.630763395712926	D:0.618503526261419	S:Psma5/Psmd1/Psmd12/Psmd7	D:4	N:	N:	N:	N:	N:	N:	N:	N:	N:	N:	N:	N:	N:	N:
S:Liver	S:Transcriptional regulation by runx2	S:FALSE	S:R-MMU-8878166	S:Transcriptional regulation by RUNX2	S:4/179	S:36/3015	D:0.111111111111111	D:1.87150837988827	D:1.321394796805	D:0.162176808884652	D:0.630763395712926	D:0.618503526261419	S:Psma5/Psmd1/Psmd12/Psmd7	D:4	N:	N:	N:	N:	N:	N:	N:	N:	N:	N:	N:	N:	N:	N:
S:Liver	S:Interleukin-1 signaling	S:FALSE	S:R-MMU-9020702	S:Interleukin-1 signaling	S:5/179	S:49/3015	D:0.102040816326531	D:1.71873218561168	D:1.27416181697755	D:0.162593157483558	D:0.630763395712926	D:0.618503526261419	S:Psma5/Psmd1/Psmd12/Psmd7/Usp14	D:5	N:	N:	N:	N:	N:	N:	N:	N:	N:	N:	N:	N:	N:	N:
S:Liver	S:Signaling by rho gtpases	S:FALSE	S:R-MMU-194315	S:Signaling by Rho GTPases	S:22/179	S:300/3015	D:0.0733333333333333	D:1.23519553072626	D:1.0783253163802	D:0.170089280249918	D:0.630763395712926	D:0.618503526261419	S:Abcd3/Acbd5/Ahctf1/Akap13/Als2/Cltc/Cul3/Daam1/Kidins220/Letm1/Lman1/Myo6/Nf2/Pgrmc2/Pik3r4/Pkn2/Plekhg3/Ranbp2/Scfd1/Usp9x/Wdr11/Ywhag	D:22	N:	N:	N:	N:	N:	N:	N:	N:	N:	N:	N:	N:	N:	N:
S:Liver	S:Peroxisomal protein import	S:FALSE	S:R-MMU-9033241	S:Peroxisomal protein import	S:5/179	S:50/3015	D:0.1	D:1.68435754189944	D:1.22574671288682	D:0.172554487409448	D:0.630763395712926	D:0.618503526261419	S:Pex1/Scp2/Slc27a2/Usp9x/Zfand6	D:5	N:	N:	N:	N:	N:	N:	N:	N:	N:	N:	N:	N:	N:	N:
S:Liver	S:Activation of nf-kappab in b cells	S:FALSE	S:R-MMU-1169091	S:Activation of NF-kappaB in B cells	S:4/179	S:37/3015	D:0.108108108108108	D:1.82092707232372	D:1.26208358872534	D:0.173960695076397	D:0.630763395712926	D:0.618503526261419	S:Psma5/Psmd1/Psmd12/Psmd7	D:4	N:	N:	N:	N:	N:	N:	N:	N:	N:	N:	N:	N:	N:	N:
S:Liver	S:Tnfr2 non-canonical nf-kb pathway	S:FALSE	S:R-MMU-5668541	S:TNFR2 non-canonical NF-kB pathway	S:4/179	S:37/3015	D:0.108108108108108	D:1.82092707232372	D:1.26208358872534	D:0.173960695076397	D:0.630763395712926	D:0.618503526261419	S:Psma5/Psmd1/Psmd12/Psmd7	D:4	N:	N:	N:	N:	N:	N:	N:	N:	N:	N:	N:	N:	N:	N:
S:Liver	S:Orc1 removal from chromatin	S:FALSE	S:R-MMU-68949	S:Orc1 removal from chromatin	S:4/179	S:37/3015	D:0.108108108108108	D:1.82092707232372	D:1.26208358872534	D:0.173960695076397	D:0.630763395712926	D:0.618503526261419	S:Psma5/Psmd1/Psmd12/Psmd7	D:4	N:	N:	N:	N:	N:	N:	N:	N:	N:	N:	N:	N:	N:	N:
S:Liver	S:Cyclin e associated events during g1/s transition	S:FALSE	S:R-MMU-69202	S:Cyclin E associated events during G1/S transition	S:4/179	S:37/3015	D:0.108108108108108	D:1.82092707232372	D:1.26208358872534	D:0.173960695076397	D:0.630763395712926	D:0.618503526261419	S:Psma5/Psmd1/Psmd12/Psmd7	D:4	N:	N:	N:	N:	N:	N:	N:	N:	N:	N:	N:	N:	N:	N:
S:Liver	S:Cyclin a:cdk2-associated events at s phase entry	S:FALSE	S:R-MMU-69656	S:Cyclin A:Cdk2-associated events at S phase entry	S:4/179	S:37/3015	D:0.108108108108108	D:1.82092707232372	D:1.26208358872534	D:0.173960695076397	D:0.630763395712926	D:0.618503526261419	S:Psma5/Psmd1/Psmd12/Psmd7	D:4	N:	N:	N:	N:	N:	N:	N:	N:	N:	N:	N:	N:	N:	N:
S:Liver	S:Irs-mediated signalling	S:FALSE	S:R-MMU-112399	S:IRS-mediated signalling	S:2/179	S:13/3015	D:0.153846153846154	D:2.59131929522991	D:1.4443375000147	D:0.178208757109614	D:0.630763395712926	D:0.618503526261419	S:Irs1/Pik3r4	D:2	N:	N:	N:	N:	N:	N:	N:	N:	N:	N:	N:	N:	N:	N:
S:Liver	S:Irs-related events triggered by igf1r	S:FALSE	S:R-MMU-2428928	S:IRS-related events triggered by IGF1R	S:2/179	S:13/3015	D:0.153846153846154	D:2.59131929522991	D:1.4443375000147	D:0.178208757109614	D:0.630763395712926	D:0.618503526261419	S:Irs1/Pik3r4	D:2	N:	N:	N:	N:	N:	N:	N:	N:	N:	N:	N:	N:	N:	N:
S:Liver	S:Rho gtpases activate pkns	S:FALSE	S:R-MMU-5625740	S:RHO GTPases activate PKNs	S:2/179	S:13/3015	D:0.153846153846154	D:2.59131929522991	D:1.4443375000147	D:0.178208757109614	D:0.630763395712926	D:0.618503526261419	S:Pkn2/Ywhag	D:2	N:	N:	N:	N:	N:	N:	N:	N:	N:	N:	N:	N:	N:	N:
S:Liver	S:Complex iii assembly	S:FALSE	S:R-MMU-9865881	S:Complex III assembly	S:2/179	S:13/3015	D:0.153846153846154	D:2.59131929522991	D:1.4443375000147	D:0.178208757109614	D:0.630763395712926	D:0.618503526261419	S:Hspa9/Iscu	D:2	N:	N:	N:	N:	N:	N:	N:	N:	N:	N:	N:	N:	N:	N:
S:Liver	S:Mapk1/mapk3 signaling	S:FALSE	S:R-MMU-5684996	S:MAPK1/MAPK3 signaling	S:9/179	S:107/3015	D:0.0841121495327103	D:1.41674933430794	D:1.10259147111812	D:0.181738456196069	D:0.630763395712926	D:0.618503526261419	S:Cul3/Dlg3/Irs1/Lypla1/Psma5/Psmd1/Psmd12/Psmd7/Rgl3	D:9	N:	N:	N:	N:	N:	N:	N:	N:	N:	N:	N:	N:	N:	N:
S:Liver	S:Regulation of glucokinase by glucokinase regulatory protein	S:FALSE	S:R-MMU-170822	S:Regulation of Glucokinase by Glucokinase Regulatory Protein	S:3/179	S:25/3015	D:0.12	D:2.02122905027933	D:1.28796065661418	D:0.182496734288113	D:0.630763395712926	D:0.618503526261419	S:Nup50/Nup62/Ranbp2	D:3	N:	N:	N:	N:	N:	N:	N:	N:	N:	N:	N:	N:	N:	N:
S:Liver	S:Sumoylation of ubiquitinylation proteins	S:FALSE	S:R-MMU-3232142	S:SUMOylation of ubiquitinylation proteins	S:3/179	S:25/3015	D:0.12	D:2.02122905027933	D:1.28796065661418	D:0.182496734288113	D:0.630763395712926	D:0.618503526261419	S:Nup50/Nup62/Ranbp2	D:3	N:	N:	N:	N:	N:	N:	N:	N:	N:	N:	N:	N:	N:	N:
S:Liver	S:Sumoylation of sumoylation proteins	S:FALSE	S:R-MMU-4085377	S:SUMOylation of SUMOylation proteins	S:3/179	S:25/3015	D:0.12	D:2.02122905027933	D:1.28796065661418	D:0.182496734288113	D:0.630763395712926	D:0.618503526261419	S:Nup50/Nup62/Ranbp2	D:3	N:	N:	N:	N:	N:	N:	N:	N:	N:	N:	N:	N:	N:	N:
S:Liver	S:Apc/c-mediated degradation of cell cycle proteins	S:FALSE	S:R-MMU-174143	S:APC/C-mediated degradation of cell cycle proteins	S:4/179	S:38/3015	D:0.105263157894737	D:1.77300793884152	D:1.20456811000808	D:0.186030764021525	D:0.630763395712926	D:0.618503526261419	S:Psma5/Psmd1/Psmd12/Psmd7	D:4	N:	N:	N:	N:	N:	N:	N:	N:	N:	N:	N:	N:	N:	N:
S:Liver	S:Plasma lipoprotein assembly, remodeling, and clearance	S:FALSE	S:R-MMU-174824	S:Plasma lipoprotein assembly, remodeling, and clearance	S:4/179	S:38/3015	D:0.105263157894737	D:1.77300793884152	D:1.20456811000808	D:0.186030764021525	D:0.630763395712926	D:0.618503526261419	S:Cltc/Lipa/P4hb/Sar1b	D:4	N:	N:	N:	N:	N:	N:	N:	N:	N:	N:	N:	N:	N:	N:
S:Liver	S:Sumoylation of dna damage response and repair proteins	S:FALSE	S:R-MMU-3108214	S:SUMOylation of DNA damage response and repair proteins	S:4/179	S:38/3015	D:0.105263157894737	D:1.77300793884152	D:1.20456811000808	D:0.186030764021525	D:0.630763395712926	D:0.618503526261419	S:Nup50/Nup62/Ranbp2/Stag2	D:4	N:	N:	N:	N:	N:	N:	N:	N:	N:	N:	N:	N:	N:	N:
S:Liver	S:Regulation of mitotic cell cycle	S:FALSE	S:R-MMU-453276	S:Regulation of mitotic cell cycle	S:4/179	S:38/3015	D:0.105263157894737	D:1.77300793884152	D:1.20456811000808	D:0.186030764021525	D:0.630763395712926	D:0.618503526261419	S:Psma5/Psmd1/Psmd12/Psmd7	D:4	N:	N:	N:	N:	N:	N:	N:	N:	N:	N:	N:	N:	N:	N:
S:Liver	S:Transcriptional regulation by runx3	S:FALSE	S:R-MMU-8878159	S:Transcriptional regulation by RUNX3	S:4/179	S:38/3015	D:0.105263157894737	D:1.77300793884152	D:1.20456811000808	D:0.186030764021525	D:0.630763395712926	D:0.618503526261419	S:Psma5/Psmd1/Psmd12/Psmd7	D:4	N:	N:	N:	N:	N:	N:	N:	N:	N:	N:	N:	N:	N:	N:
S:Liver	S:Asparagine n-linked glycosylation	S:FALSE	S:R-MMU-446203	S:Asparagine N-linked glycosylation	S:11/179	S:138/3015	D:0.0797101449275362	D:1.34260383774593	D:1.03492019572265	D:0.193239378171573	D:0.630763395712926	D:0.618503526261419	S:Calr/Canx/Copa/Gfpt1/Lman1/Mpi/Rad23b/Sar1b/Scfd1/Sec24a/Trappc10	D:11	N:	N:	N:	N:	N:	N:	N:	N:	N:	N:	N:	N:	N:	N:
S:Liver	S:Visual phototransduction	S:FALSE	S:R-MMU-2187338	S:Visual phototransduction	S:3/179	S:26/3015	D:0.115384615384615	D:1.94348947142243	D:1.21368448673826	D:0.197886826711139	D:0.630763395712926	D:0.618503526261419	S:Hsd17b6/Metap1/Nmt2	D:3	N:	N:	N:	N:	N:	N:	N:	N:	N:	N:	N:	N:	N:	N:
S:Liver	S:Fceri mediated nf-kb activation	S:FALSE	S:R-MMU-2871837	S:FCERI mediated NF-kB activation	S:4/179	S:39/3015	D:0.102564102564103	D:1.72754619681994	D:1.14873919941023	D:0.198365066636828	D:0.630763395712926	D:0.618503526261419	S:Psma5/Psmd1/Psmd12/Psmd7	D:4	N:	N:	N:	N:	N:	N:	N:	N:	N:	N:	N:	N:	N:	N:
S:Liver	S:Uch proteinases	S:FALSE	S:R-MMU-5689603	S:UCH proteinases	S:4/179	S:39/3015	D:0.102564102564103	D:1.72754619681994	D:1.14873919941023	D:0.198365066636828	D:0.630763395712926	D:0.618503526261419	S:Psma5/Psmd1/Psmd12/Psmd7	D:4	N:	N:	N:	N:	N:	N:	N:	N:	N:	N:	N:	N:	N:	N:
S:Liver	S:The role of gtse1 in g2/m progression after g2 checkpoint	S:FALSE	S:R-MMU-8852276	S:The role of GTSE1 in G2/M progression after G2 checkpoint	S:4/179	S:39/3015	D:0.102564102564103	D:1.72754619681994	D:1.14873919941023	D:0.198365066636828	D:0.630763395712926	D:0.618503526261419	S:Psma5/Psmd1/Psmd12/Psmd7	D:4	N:	N:	N:	N:	N:	N:	N:	N:	N:	N:	N:	N:	N:	N:
S:Liver	S:Degradation of cdh1	S:FALSE	S:R-MMU-9766229	S:Degradation of CDH1	S:4/179	S:39/3015	D:0.102564102564103	D:1.72754619681994	D:1.14873919941023	D:0.198365066636828	D:0.630763395712926	D:0.618503526261419	S:Psma5/Psmd1/Psmd12/Psmd7	D:4	N:	N:	N:	N:	N:	N:	N:	N:	N:	N:	N:	N:	N:	N:
S:Liver	S:Cell-cell communication	S:FALSE	S:R-MMU-1500931	S:Cell-Cell communication	S:8/179	S:95/3015	D:0.0842105263157895	D:1.41840635107321	D:1.04091117557882	D:0.199726927524925	D:0.630763395712926	D:0.618503526261419	S:Canx/Dad1/Psma5/Psmd1/Psmd12/Psmd7/Rbbp4/Rbbp7	D:8	N:	N:	N:	N:	N:	N:	N:	N:	N:	N:	N:	N:	N:	N:
S:Liver	S:Signaling by type 1 insulin-like growth factor 1 receptor (igf1r)	S:FALSE	S:R-MMU-2404192	S:Signaling by Type 1 Insulin-like Growth Factor 1 Receptor (IGF1R)	S:2/179	S:14/3015	D:0.142857142857143	D:2.40622505985634	D:1.32474070026692	D:0.200221575817589	D:0.630763395712926	D:0.618503526261419	S:Irs1/Pik3r4	D:2	N:	N:	N:	N:	N:	N:	N:	N:	N:	N:	N:	N:	N:	N:
S:Liver	S:Igf1r signaling cascade	S:FALSE	S:R-MMU-2428924	S:IGF1R signaling cascade	S:2/179	S:14/3015	D:0.142857142857143	D:2.40622505985634	D:1.32474070026692	D:0.200221575817589	D:0.630763395712926	D:0.618503526261419	S:Irs1/Pik3r4	D:2	N:	N:	N:	N:	N:	N:	N:	N:	N:	N:	N:	N:	N:	N:
S:Liver	S:Ldl clearance	S:FALSE	S:R-MMU-8964038	S:LDL clearance	S:2/179	S:14/3015	D:0.142857142857143	D:2.40622505985634	D:1.32474070026692	D:0.200221575817589	D:0.630763395712926	D:0.618503526261419	S:Cltc/Lipa	D:2	N:	N:	N:	N:	N:	N:	N:	N:	N:	N:	N:	N:	N:	N:
S:Liver	S:Metabolism of cofactors	S:FALSE	S:R-MMU-8978934	S:Metabolism of cofactors	S:2/179	S:14/3015	D:0.142857142857143	D:2.40622505985634	D:1.32474070026692	D:0.200221575817589	D:0.630763395712926	D:0.618503526261419	S:Aco1/Coq3	D:2	N:	N:	N:	N:	N:	N:	N:	N:	N:	N:	N:	N:	N:	N:
S:Liver	S:G2/m checkpoints	S:FALSE	S:R-MMU-69481	S:G2/M Checkpoints	S:5/179	S:53/3015	D:0.0943396226415094	D:1.58901654896174	D:1.08672067786682	D:0.203772439045363	D:0.634975214874106	D:0.622633482154343	S:Psma5/Psmd1/Psmd12/Psmd7/Ywhag	D:5	N:	N:	N:	N:	N:	N:	N:	N:	N:	N:	N:	N:	N:	N:
S:Liver	S:Transport of the slbp independent mature mrna	S:FALSE	S:R-MMU-159227	S:Transport of the SLBP independent Mature mRNA	S:3/179	S:27/3015	D:0.111111111111111	D:1.87150837988827	D:1.14263672679808	D:0.213577701301795	D:0.634975214874106	D:0.622633482154343	S:Nup50/Nup62/Ranbp2	D:3	N:	N:	N:	N:	N:	N:	N:	N:	N:	N:	N:	N:	N:	N:
S:Liver	S:Transport of the slbp dependant mature mrna	S:FALSE	S:R-MMU-159230	S:Transport of the SLBP Dependant Mature mRNA	S:3/179	S:27/3015	D:0.111111111111111	D:1.87150837988827	D:1.14263672679808	D:0.213577701301795	D:0.634975214874106	D:0.622633482154343	S:Nup50/Nup62/Ranbp2	D:3	N:	N:	N:	N:	N:	N:	N:	N:	N:	N:	N:	N:	N:	N:
S:Liver	S:Cargo trafficking to the periciliary membrane	S:FALSE	S:R-MMU-5620920	S:Cargo trafficking to the periciliary membrane	S:3/179	S:27/3015	D:0.111111111111111	D:1.87150837988827	D:1.14263672679808	D:0.213577701301795	D:0.634975214874106	D:0.622633482154343	S:Cct4/Cct5/Tcp1	D:3	N:	N:	N:	N:	N:	N:	N:	N:	N:	N:	N:	N:	N:	N:
S:Liver	S:Protein ubiquitination	S:FALSE	S:R-MMU-8852135	S:Protein ubiquitination	S:3/179	S:27/3015	D:0.111111111111111	D:1.87150837988827	D:1.14263672679808	D:0.213577701301795	D:0.634975214874106	D:0.622633482154343	S:Prkdc/Ube2k/Usp9x	D:3	N:	N:	N:	N:	N:	N:	N:	N:	N:	N:	N:	N:	N:	N:
S:Liver	S:Rhou gtpase cycle	S:FALSE	S:R-MMU-9013420	S:RHOU GTPase cycle	S:3/179	S:27/3015	D:0.111111111111111	D:1.87150837988827	D:1.14263672679808	D:0.213577701301795	D:0.634975214874106	D:0.622633482154343	S:Cltc/Myo6/Usp9x	D:3	N:	N:	N:	N:	N:	N:	N:	N:	N:	N:	N:	N:	N:	N:
S:Liver	S:Sensory perception	S:FALSE	S:R-MMU-9709957	S:Sensory Perception	S:3/179	S:27/3015	D:0.111111111111111	D:1.87150837988827	D:1.14263672679808	D:0.213577701301795	D:0.634975214874106	D:0.622633482154343	S:Hsd17b6/Metap1/Nmt2	D:3	N:	N:	N:	N:	N:	N:	N:	N:	N:	N:	N:	N:	N:	N:
S:Liver	S:Interleukin-1 family signaling	S:FALSE	S:R-MMU-446652	S:Interleukin-1 family signaling	S:5/179	S:54/3015	D:0.0925925925925926	D:1.55959031657356	D:1.04230037274967	D:0.214580043257158	D:0.634975214874106	D:0.622633482154343	S:Psma5/Psmd1/Psmd12/Psmd7/Usp14	D:5	N:	N:	N:	N:	N:	N:	N:	N:	N:	N:	N:	N:	N:	N:
S:Liver	S:Translation	S:FALSE	S:R-MMU-72766	S:Translation	S:16/179	S:218/3015	D:0.073394495412844	D:1.23622571882528	D:0.909607890520945	D:0.218521963360739	D:0.634975214874106	D:0.622633482154343	S:Ascc3/Eif2b1/Eif3a/Eif3m/Ltn1/Mrpl19/Mrps18b/Mrps34/Mrps6/Nemf/Psma5/Psmd1/Psmd12/Psmd7/Srp72/Trmt112	D:16	N:	N:	N:	N:	N:	N:	N:	N:	N:	N:	N:	N:	N:	N:
S:Liver	S:Gap junction trafficking	S:FALSE	S:R-MMU-190828	S:Gap junction trafficking	S:2/179	S:15/3015	D:0.133333333333333	D:2.24581005586592	D:1.21501561800249	D:0.222529493702357	D:0.634975214874106	D:0.622633482154343	S:Cltc/Myo6	D:2	N:	N:	N:	N:	N:	N:	N:	N:	N:	N:	N:	N:	N:	N:
S:Liver	S:Hdacs deacetylate histones	S:FALSE	S:R-MMU-3214815	S:HDACs deacetylate histones	S:2/179	S:15/3015	D:0.133333333333333	D:2.24581005586592	D:1.21501561800249	D:0.222529493702357	D:0.634975214874106	D:0.622633482154343	S:Rbbp4/Rbbp7	D:2	N:	N:	N:	N:	N:	N:	N:	N:	N:	N:	N:	N:	N:	N:
S:Liver	S:Fatty acyl-coa biosynthesis	S:FALSE	S:R-MMU-75105	S:Fatty acyl-CoA biosynthesis	S:2/179	S:15/3015	D:0.133333333333333	D:2.24581005586592	D:1.21501561800249	D:0.222529493702357	D:0.634975214874106	D:0.622633482154343	S:Hsd17b12/Slc27a2	D:2	N:	N:	N:	N:	N:	N:	N:	N:	N:	N:	N:	N:	N:	N:
S:Liver	S:Pip3 activates akt signaling	S:FALSE	S:R-MMU-1257604	S:PIP3 activates AKT signaling	S:8/179	S:98/3015	D:0.0816326530612245	D:1.37498574848934	D:0.947991868141884	D:0.223666160392435	D:0.634975214874106	D:0.622633482154343	S:Irs1/Otud3/Psma5/Psmd1/Psmd12/Psmd7/Rbbp4/Rbbp7	D:8	N:	N:	N:	N:	N:	N:	N:	N:	N:	N:	N:	N:	N:	N:
S:Liver	S:Mapk6/mapk4 signaling	S:FALSE	S:R-MMU-5687128	S:MAPK6/MAPK4 signaling	S:4/179	S:41/3015	D:0.0975609756097561	D:1.6432756506336	D:1.04175018252554	D:0.223737835560663	D:0.634975214874106	D:0.622633482154343	S:Psma5/Psmd1/Psmd12/Psmd7	D:4	N:	N:	N:	N:	N:	N:	N:	N:	N:	N:	N:	N:	N:	N:
S:Liver	S:Switching of origins to a post-replicative state	S:FALSE	S:R-MMU-69052	S:Switching of origins to a post-replicative state	S:4/179	S:41/3015	D:0.0975609756097561	D:1.6432756506336	D:1.04175018252554	D:0.223737835560663	D:0.634975214874106	D:0.622633482154343	S:Psma5/Psmd1/Psmd12/Psmd7	D:4	N:	N:	N:	N:	N:	N:	N:	N:	N:	N:	N:	N:	N:	N:
S:Liver	S:Regulation of cdh1 function	S:FALSE	S:R-MMU-9764561	S:Regulation of CDH1 Function	S:4/179	S:41/3015	D:0.0975609756097561	D:1.6432756506336	D:1.04175018252554	D:0.223737835560663	D:0.634975214874106	D:0.622633482154343	S:Psma5/Psmd1/Psmd12/Psmd7	D:4	N:	N:	N:	N:	N:	N:	N:	N:	N:	N:	N:	N:	N:	N:
S:Liver	S:Cell cycle	S:FALSE	S:R-MMU-1640170	S:Cell Cycle	S:16/179	S:219/3015	D:0.0730593607305936	D:1.23058085252927	D:0.890065034957358	D:0.223953913959747	D:0.634975214874106	D:0.622633482154343	S:Ahctf1/Cdk6/Dkc1/Eml4/Gorasp2/Nup50/Nup62/Psma5/Psmd1/Psmd12/Psmd7/Ranbp2/Rbbp4/Rbbp7/Stag2/Ywhag	D:16	N:	N:	N:	N:	N:	N:	N:	N:	N:	N:	N:	N:	N:	N:
S:Liver	S:Bile acid and bile salt metabolism	S:FALSE	S:R-MMU-194068	S:Bile acid and bile salt metabolism	S:3/179	S:28/3015	D:0.107142857142857	D:1.80466879489226	D:1.07454248272752	D:0.22952567937972	D:0.643205682912936	D:0.630703978222119	S:Osbpl3/Scp2/Slc27a2	D:3	N:	N:	N:	N:	N:	N:	N:	N:	N:	N:	N:	N:	N:	N:
S:Liver	S:Cellular senescence	S:FALSE	S:R-MMU-2559583	S:Cellular Senescence	S:3/179	S:28/3015	D:0.107142857142857	D:1.80466879489226	D:1.07454248272752	D:0.22952567937972	D:0.643205682912936	D:0.630703978222119	S:Cdk6/Rbbp4/Rbbp7	D:3	N:	N:	N:	N:	N:	N:	N:	N:	N:	N:	N:	N:	N:	N:
S:Liver	S:Signaling by interleukins	S:FALSE	S:R-MMU-449147	S:Signaling by Interleukins	S:8/179	S:99/3015	D:0.0808080808080808	D:1.3610970035551	D:0.917683130545717	D:0.231875883604254	D:0.646035698828036	D:0.633478988368177	S:Canx/Irs1/P4hb/Psma5/Psmd1/Psmd12/Psmd7/Usp14	D:8	N:	N:	N:	N:	N:	N:	N:	N:	N:	N:	N:	N:	N:	N:
S:Liver	S:Degradation of beta-catenin by the destruction complex	S:FALSE	S:R-MMU-195253	S:Degradation of beta-catenin by the destruction complex	S:4/179	S:42/3015	D:0.0952380952380952	D:1.60415003990423	D:0.990414580700273	D:0.236732001559643	D:0.652027570009988	D:0.639354398197171	S:Psma5/Psmd1/Psmd12/Psmd7	D:4	N:	N:	N:	N:	N:	N:	N:	N:	N:	N:	N:	N:	N:	N:
S:Liver	S:Assembly of the pre-replicative complex	S:FALSE	S:R-MMU-68867	S:Assembly of the pre-replicative complex	S:4/179	S:42/3015	D:0.0952380952380952	D:1.60415003990423	D:0.990414580700273	D:0.236732001559643	D:0.652027570009988	D:0.639354398197171	S:Psma5/Psmd1/Psmd12/Psmd7	D:4	N:	N:	N:	N:	N:	N:	N:	N:	N:	N:	N:	N:	N:	N:
S:Liver	S:M phase	S:FALSE	S:R-MMU-68886	S:M Phase	S:12/179	S:161/3015	D:0.0745341614906832	D:1.25542177035983	D:0.83673683993848	D:0.244841954696011	D:0.658211838820238	D:0.645418466106763	S:Ahctf1/Eml4/Gorasp2/Nup50/Nup62/Psma5/Psmd1/Psmd12/Psmd7/Ranbp2/Stag2/Ywhag	D:12	N:	N:	N:	N:	N:	N:	N:	N:	N:	N:	N:	N:	N:	N:
S:Liver	S:Gap junction trafficking and regulation	S:FALSE	S:R-MMU-157858	S:Gap junction trafficking and regulation	S:2/179	S:16/3015	D:0.125	D:2.1054469273743	D:1.11366528359029	D:0.245020655198322	D:0.658211838820238	D:0.645418466106763	S:Cltc/Myo6	D:2	N:	N:	N:	N:	N:	N:	N:	N:	N:	N:	N:	N:	N:	N:
S:Liver	S:Rhobtb2 gtpase cycle	S:FALSE	S:R-MMU-9013418	S:RHOBTB2 GTPase cycle	S:2/179	S:16/3015	D:0.125	D:2.1054469273743	D:1.11366528359029	D:0.245020655198322	D:0.658211838820238	D:0.645418466106763	S:Cul3/Myo6	D:2	N:	N:	N:	N:	N:	N:	N:	N:	N:	N:	N:	N:	N:	N:
S:Liver	S:Sumoylation of dna replication proteins	S:FALSE	S:R-MMU-4615885	S:SUMOylation of DNA replication proteins	S:3/179	S:29/3015	D:0.103448275862069	D:1.7424388364477	D:1.00915948142693	D:0.245688454721036	D:0.658211838820238	D:0.645418466106763	S:Nup50/Nup62/Ranbp2	D:3	N:	N:	N:	N:	N:	N:	N:	N:	N:	N:	N:	N:	N:	N:
S:Liver	S:Separation of sister chromatids	S:FALSE	S:R-MMU-2467813	S:Separation of Sister Chromatids	S:7/179	S:86/3015	D:0.0813953488372093	D:1.37098869689489	D:0.876789305524718	D:0.24712891332164	D:0.658211838820238	D:0.645418466106763	S:Ahctf1/Psma5/Psmd1/Psmd12/Psmd7/Ranbp2/Stag2	D:7	N:	N:	N:	N:	N:	N:	N:	N:	N:	N:	N:	N:	N:	N:
S:Liver	S:Downstream signaling events of b cell receptor (bcr)	S:FALSE	S:R-MMU-1168372	S:Downstream signaling events of B Cell Receptor (BCR)	S:4/179	S:43/3015	D:0.0930232558139535	D:1.56684422502274	D:0.940412900045283	D:0.249902005195236	D:0.658211838820238	D:0.645418466106763	S:Psma5/Psmd1/Psmd12/Psmd7	D:4	N:	N:	N:	N:	N:	N:	N:	N:	N:	N:	N:	N:	N:	N:
S:Liver	S:Downstream tcr signaling	S:FALSE	S:R-MMU-202424	S:Downstream TCR signaling	S:4/179	S:43/3015	D:0.0930232558139535	D:1.56684422502274	D:0.940412900045283	D:0.249902005195236	D:0.658211838820238	D:0.645418466106763	S:Psma5/Psmd1/Psmd12/Psmd7	D:4	N:	N:	N:	N:	N:	N:	N:	N:	N:	N:	N:	N:	N:	N:
S:Liver	S:Ampk-induced erad and lysosome mediated degradation of pd-l1(cd274)	S:FALSE	S:R-MMU-9931269	S:AMPK-induced ERAD and lysosome mediated degradation of PD-L1(CD274)	S:4/179	S:43/3015	D:0.0930232558139535	D:1.56684422502274	D:0.940412900045283	D:0.249902005195236	D:0.658211838820238	D:0.645418466106763	S:Psma5/Psmd1/Psmd12/Psmd7	D:4	N:	N:	N:	N:	N:	N:	N:	N:	N:	N:	N:	N:	N:	N:
S:Liver	S:Mapk family signaling cascades	S:FALSE	S:R-MMU-5683057	S:MAPK family signaling cascades	S:9/179	S:117/3015	D:0.0769230769230769	D:1.29565964761495	D:0.81937143879208	D:0.256705072546595	D:0.672455679170971	D:0.65938545522552	S:Cul3/Dlg3/Irs1/Lypla1/Psma5/Psmd1/Psmd12/Psmd7/Rgl3	D:9	N:	N:	N:	N:	N:	N:	N:	N:	N:	N:	N:	N:	N:	N:
S:Liver	S:Cell cycle, mitotic	S:FALSE	S:R-MMU-69278	S:Cell Cycle, Mitotic	S:14/179	S:194/3015	D:0.0721649484536082	D:1.21551575188619	D:0.779513006605783	D:0.258733778724944	D:0.674106385650936	D:0.661004077652916	S:Ahctf1/Cdk6/Eml4/Gorasp2/Nup50/Nup62/Psma5/Psmd1/Psmd12/Psmd7/Ranbp2/Rbbp4/Stag2/Ywhag	D:14	N:	N:	N:	N:	N:	N:	N:	N:	N:	N:	N:	N:	N:	N:
S:Liver	S:Sumoylation of chromatin organization proteins	S:FALSE	S:R-MMU-4551638	S:SUMOylation of chromatin organization proteins	S:3/179	S:30/3015	D:0.1	D:1.68435754189944	D:0.94627320704673	D:0.262025243222486	D:0.675292880898383	D:0.662167511516432	S:Nup50/Nup62/Ranbp2	D:3	N:	N:	N:	N:	N:	N:	N:	N:	N:	N:	N:	N:	N:	N:
S:Liver	S:Sumoylation of rna binding proteins	S:FALSE	S:R-MMU-4570464	S:SUMOylation of RNA binding proteins	S:3/179	S:30/3015	D:0.1	D:1.68435754189944	D:0.94627320704673	D:0.262025243222486	D:0.675292880898383	D:0.662167511516432	S:Nup50/Nup62/Ranbp2	D:3	N:	N:	N:	N:	N:	N:	N:	N:	N:	N:	N:	N:	N:	N:
S:Liver	S:Signaling by erbb4	S:FALSE	S:R-MMU-1236394	S:Signaling by ERBB4	S:2/179	S:17/3015	D:0.117647058823529	D:1.98159710811699	D:1.0194993257755	D:0.267595311725293	D:0.675292880898383	D:0.662167511516432	S:Itch/Wwp1	D:2	N:	N:	N:	N:	N:	N:	N:	N:	N:	N:	N:	N:	N:	N:
S:Liver	S:Insulin receptor signalling cascade	S:FALSE	S:R-MMU-74751	S:Insulin receptor signalling cascade	S:2/179	S:17/3015	D:0.117647058823529	D:1.98159710811699	D:1.0194993257755	D:0.267595311725293	D:0.675292880898383	D:0.662167511516432	S:Irs1/Pik3r4	D:2	N:	N:	N:	N:	N:	N:	N:	N:	N:	N:	N:	N:	N:	N:
S:Liver	S:Processing of intronless pre-mrnas	S:FALSE	S:R-MMU-77595	S:Processing of Intronless Pre-mRNAs	S:2/179	S:17/3015	D:0.117647058823529	D:1.98159710811699	D:1.0194993257755	D:0.267595311725293	D:0.675292880898383	D:0.662167511516432	S:Fip1l1/Nudt21	D:2	N:	N:	N:	N:	N:	N:	N:	N:	N:	N:	N:	N:	N:	N:
S:Liver	S:Rhobtb1 gtpase cycle	S:FALSE	S:R-MMU-9013422	S:RHOBTB1 GTPase cycle	S:2/179	S:17/3015	D:0.117647058823529	D:1.98159710811699	D:1.0194993257755	D:0.267595311725293	D:0.675292880898383	D:0.662167511516432	S:Cul3/Myo6	D:2	N:	N:	N:	N:	N:	N:	N:	N:	N:	N:	N:	N:	N:	N:
S:Liver	S:Regulation of mrna stability by proteins that bind au-rich elements	S:FALSE	S:R-MMU-450531	S:Regulation of mRNA stability by proteins that bind AU-rich elements	S:5/179	S:59/3015	D:0.0847457627118644	D:1.42742164567749	D:0.832866375904574	D:0.271027617751323	D:0.680392248729883	D:0.667167765188289	S:Hspa8/Psma5/Psmd1/Psmd12/Psmd7	D:5	N:	N:	N:	N:	N:	N:	N:	N:	N:	N:	N:	N:	N:	N:
S:Liver	S:Dna replication pre-initiation	S:FALSE	S:R-MMU-69002	S:DNA Replication Pre-Initiation	S:4/179	S:45/3015	D:0.0888888888888889	D:1.49720670391061	D:0.844131358524571	D:0.276682895687272	D:0.690990444151633	D:0.677559968167904	S:Psma5/Psmd1/Psmd12/Psmd7	D:4	N:	N:	N:	N:	N:	N:	N:	N:	N:	N:	N:	N:	N:	N:
S:Liver	S:S phase	S:FALSE	S:R-MMU-69242	S:S Phase	S:5/179	S:60/3015	D:0.0833333333333333	D:1.4036312849162	D:0.793280409463983	D:0.28270395853713	D:0.699505720751378	D:0.685909737098424	S:Psma5/Psmd1/Psmd12/Psmd7/Stag2	D:5	N:	N:	N:	N:	N:	N:	N:	N:	N:	N:	N:	N:	N:	N:
S:Liver	S:Ribosome quality control (rqc) complex extracts and degrades nascent peptide	S:FALSE	S:R-MMU-9954709	S:Ribosome Quality Control (RQC) complex extracts and degrades nascent peptide	S:6/179	S:75/3015	D:0.08	D:1.34748603351955	D:0.765489691140744	D:0.284722712824773	D:0.699505720751378	D:0.685909737098424	S:Ltn1/Nemf/Psma5/Psmd1/Psmd12/Psmd7	D:6	N:	N:	N:	N:	N:	N:	N:	N:	N:	N:	N:	N:	N:	N:
S:Liver	S:Synthesis of bile acids and bile salts via 7alpha-hydroxycholesterol	S:FALSE	S:R-MMU-193368	S:Synthesis of bile acids and bile salts via 7alpha-hydroxycholesterol	S:2/179	S:18/3015	D:0.111111111111111	D:1.87150837988827	D:0.931557088099528	D:0.29016479144227	D:0.699505720751378	D:0.685909737098424	S:Scp2/Slc27a2	D:2	N:	N:	N:	N:	N:	N:	N:	N:	N:	N:	N:	N:	N:	N:
S:Liver	S:Deadenylation of mrna	S:FALSE	S:R-MMU-429947	S:Deadenylation of mRNA	S:2/179	S:18/3015	D:0.111111111111111	D:1.87150837988827	D:0.931557088099528	D:0.29016479144227	D:0.699505720751378	D:0.685909737098424	S:Cnot2/Eif4a3	D:2	N:	N:	N:	N:	N:	N:	N:	N:	N:	N:	N:	N:	N:	N:
S:Liver	S:Mitotic prophase	S:FALSE	S:R-MMU-68875	S:Mitotic Prophase	S:4/179	S:46/3015	D:0.0869565217391304	D:1.46465873208647	D:0.797724529082293	D:0.29025133641136	D:0.699505720751378	D:0.685909737098424	S:Gorasp2/Nup50/Nup62/Ranbp2	D:4	N:	N:	N:	N:	N:	N:	N:	N:	N:	N:	N:	N:	N:	N:
S:Liver	S:G1/s transition	S:FALSE	S:R-MMU-69206	S:G1/S Transition	S:4/179	S:46/3015	D:0.0869565217391304	D:1.46465873208647	D:0.797724529082293	D:0.29025133641136	D:0.699505720751378	D:0.685909737098424	S:Psma5/Psmd1/Psmd12/Psmd7	D:4	N:	N:	N:	N:	N:	N:	N:	N:	N:	N:	N:	N:	N:	N:
S:Liver	S:Rhog gtpase cycle	S:FALSE	S:R-MMU-9013408	S:RHOG GTPase cycle	S:4/179	S:46/3015	D:0.0869565217391304	D:1.46465873208647	D:0.797724529082293	D:0.29025133641136	D:0.699505720751378	D:0.685909737098424	S:Letm1/Lman1/Pgrmc2/Plekhg3	D:4	N:	N:	N:	N:	N:	N:	N:	N:	N:	N:	N:	N:	N:	N:
S:Liver	S:Intracellular signaling by second messengers	S:FALSE	S:R-MMU-9006925	S:Intracellular signaling by second messengers	S:8/179	S:106/3015	D:0.0754716981132075	D:1.27121323916939	D:0.714063745929043	D:0.292031496913992	D:0.700294435385793	D:0.686683121834944	S:Irs1/Otud3/Psma5/Psmd1/Psmd12/Psmd7/Rbbp4/Rbbp7	D:8	N:	N:	N:	N:	N:	N:	N:	N:	N:	N:	N:	N:	N:	N:
S:Liver	S:Nuclear envelope breakdown	S:FALSE	S:R-MMU-2980766	S:Nuclear Envelope Breakdown	S:3/179	S:32/3015	D:0.09375	D:1.57908519553073	D:0.827248238221667	D:0.295066015437096	D:0.704068413072674	D:0.690383746384868	S:Nup50/Nup62/Ranbp2	D:3	N:	N:	N:	N:	N:	N:	N:	N:	N:	N:	N:	N:	N:	N:
S:Liver	S:Antigen processing-cross presentation	S:FALSE	S:R-MMU-1236975	S:Antigen processing-Cross presentation	S:4/179	S:47/3015	D:0.0851063829787234	D:1.43349578033995	D:0.752396698635635	D:0.303910859041505	D:0.7142064641837	D:0.700324748675434	S:Psma5/Psmd1/Psmd12/Psmd7	D:4	N:	N:	N:	N:	N:	N:	N:	N:	N:	N:	N:	N:	N:	N:
S:Liver	S:Clec7a (dectin-1) signaling	S:FALSE	S:R-MMU-5607764	S:CLEC7A (Dectin-1) signaling	S:4/179	S:47/3015	D:0.0851063829787234	D:1.43349578033995	D:0.752396698635635	D:0.303910859041505	D:0.7142064641837	D:0.700324748675434	S:Psma5/Psmd1/Psmd12/Psmd7	D:4	N:	N:	N:	N:	N:	N:	N:	N:	N:	N:	N:	N:	N:	N:
S:Liver	S:Gene expression (transcription)	S:FALSE	S:R-MMU-74160	S:Gene expression (Transcription)	S:20/179	S:297/3015	D:0.0673400673400673	D:1.13424750296259	D:0.612075140789341	D:0.30640739548623	D:0.7142064641837	D:0.700324748675434	S:Cdk6/Cnot2/Eif4a3/Fip1l1/Gls2/Gtf3c6/Ints6/Itch/Mga/Nudt21/Psma5/Psmd1/Psmd12/Psmd7/Rbbp4/Rbbp7/Tfam/Tnrc6b/Usp9x/Ywhag	D:20	N:	N:	N:	N:	N:	N:	N:	N:	N:	N:	N:	N:	N:	N:
S:Liver	S:Signaling by ntrk1 (trka)	S:FALSE	S:R-MMU-187037	S:Signaling by NTRK1 (TRKA)	S:3/179	S:33/3015	D:0.0909090909090909	D:1.53123412899949	D:0.770786580632303	D:0.311696970007218	D:0.7142064641837	D:0.700324748675434	S:Cltc/Irs1/Kidins220	D:3	N:	N:	N:	N:	N:	N:	N:	N:	N:	N:	N:	N:	N:	N:
S:Liver	S:Lysosome vesicle biogenesis	S:FALSE	S:R-MMU-432720	S:Lysosome Vesicle Biogenesis	S:2/179	S:19/3015	D:0.105263157894737	D:1.77300793884152	D:0.849053147658985	D:0.312650547599089	D:0.7142064641837	D:0.700324748675434	S:Cltc/Hspa8	D:2	N:	N:	N:	N:	N:	N:	N:	N:	N:	N:	N:	N:	N:	N:
S:Liver	S:Regulation of tp53 activity through acetylation	S:FALSE	S:R-MMU-6804758	S:Regulation of TP53 Activity through Acetylation	S:2/179	S:19/3015	D:0.105263157894737	D:1.77300793884152	D:0.849053147658985	D:0.312650547599089	D:0.7142064641837	D:0.700324748675434	S:Rbbp4/Rbbp7	D:2	N:	N:	N:	N:	N:	N:	N:	N:	N:	N:	N:	N:	N:	N:
S:Liver	S:Regulation of cdh1 posttranslational processing and trafficking to plasma membrane	S:FALSE	S:R-MMU-9768727	S:Regulation of CDH1 posttranslational processing and trafficking to plasma membrane	S:2/179	S:19/3015	D:0.105263157894737	D:1.77300793884152	D:0.849053147658985	D:0.312650547599089	D:0.7142064641837	D:0.700324748675434	S:Canx/Dad1	D:2	N:	N:	N:	N:	N:	N:	N:	N:	N:	N:	N:	N:	N:	N:
S:Liver	S:High laminar flow shear stress activates signaling by piezo1 and pecam1:cdh5:kdr in endothelial cells	S:FALSE	S:R-MMU-9856530	S:High laminar flow shear stress activates signaling by PIEZO1 and PECAM1:CDH5:KDR in endothelial cells	S:2/179	S:19/3015	D:0.105263157894737	D:1.77300793884152	D:0.849053147658985	D:0.312650547599089	D:0.7142064641837	D:0.700324748675434	S:Capn2/Pkn2	D:2	N:	N:	N:	N:	N:	N:	N:	N:	N:	N:	N:	N:	N:	N:
S:Liver	S:Regulation of pyruvate metabolism	S:FALSE	S:R-MMU-9861718	S:Regulation of pyruvate metabolism	S:2/179	S:19/3015	D:0.105263157894737	D:1.77300793884152	D:0.849053147658985	D:0.312650547599089	D:0.7142064641837	D:0.700324748675434	S:Dlat/Me1	D:2	N:	N:	N:	N:	N:	N:	N:	N:	N:	N:	N:	N:	N:	N:
S:Liver	S:Phase ii - conjugation of compounds	S:FALSE	S:R-MMU-156580	S:Phase II - Conjugation of compounds	S:4/179	S:48/3015	D:0.0833333333333333	D:1.4036312849162	D:0.70809526811796	D:0.317641402988927	D:0.720203253640198	D:0.706204981184645	S:Gclm/Nat2/Tpst1/Trmt112	D:4	N:	N:	N:	N:	N:	N:	N:	N:	N:	N:	N:	N:	N:	N:
S:Liver	S:Transport of mature transcript to cytoplasm	S:FALSE	S:R-MMU-72202	S:Transport of Mature Transcript to Cytoplasm	S:5/179	S:63/3015	D:0.0793650793650794	D:1.33679169992019	D:0.678607264312853	D:0.318264093413615	D:0.720203253640198	D:0.706204981184645	S:Eif4a3/Fip1l1/Nup50/Nup62/Ranbp2	D:5	N:	N:	N:	N:	N:	N:	N:	N:	N:	N:	N:	N:	N:	N:
S:Liver	S:Golgi associated vesicle biogenesis	S:FALSE	S:R-MMU-432722	S:Golgi Associated Vesicle Biogenesis	S:3/179	S:34/3015	D:0.0882352941176471	D:1.48619783108774	D:0.716170641785937	D:0.328355990055293	D:0.739568164517061	D:0.725193504844203	S:Cltc/Hspa8/Pum1	D:3	N:	N:	N:	N:	N:	N:	N:	N:	N:	N:	N:	N:	N:	N:
S:Liver	S:Organelle biogenesis and maintenance	S:FALSE	S:R-MMU-1852241	S:Organelle biogenesis and maintenance	S:5/179	S:64/3015	D:0.078125	D:1.31590432960894	D:0.641661506524479	D:0.330250692917774	D:0.740375972029615	D:0.725985611359024	S:Cct4/Cct5/Sirt5/Tcp1/Ywhag	D:5	N:	N:	N:	N:	N:	N:	N:	N:	N:	N:	N:	N:	N:	N:
S:Liver	S:Rna polymerase i transcription initiation	S:FALSE	S:R-MMU-73762	S:RNA Polymerase I Transcription Initiation	S:2/179	S:20/3015	D:0.1	D:1.68435754189944	D:0.771337895189919	D:0.334983279862762	D:0.744064243750466	D:0.729602195771914	S:Rbbp4/Rbbp7	D:2	N:	N:	N:	N:	N:	N:	N:	N:	N:	N:	N:	N:	N:	N:
S:Liver	S:Regulation of pten gene transcription	S:FALSE	S:R-MMU-8943724	S:Regulation of PTEN gene transcription	S:2/179	S:20/3015	D:0.1	D:1.68435754189944	D:0.771337895189919	D:0.334983279862762	D:0.744064243750466	D:0.729602195771914	S:Rbbp4/Rbbp7	D:2	N:	N:	N:	N:	N:	N:	N:	N:	N:	N:	N:	N:	N:	N:
S:Liver	S:Rhob gtpase cycle	S:FALSE	S:R-MMU-9013026	S:RHOB GTPase cycle	S:3/179	S:35/3015	D:0.0857142857142857	D:1.44373503591381	D:0.663276540480665	D:0.345011168078449	D:0.756385430567775	D:0.741683901124549	S:Akap13/Daam1/Pkn2	D:3	N:	N:	N:	N:	N:	N:	N:	N:	N:	N:	N:	N:	N:	N:
S:Liver	S:Tcr signaling	S:FALSE	S:R-MMU-202403	S:TCR signaling	S:4/179	S:50/3015	D:0.08	D:1.34748603351955	D:0.62237914727804	D:0.34523816332969	D:0.756385430567775	D:0.741683901124549	S:Psma5/Psmd1/Psmd12/Psmd7	D:4	N:	N:	N:	N:	N:	N:	N:	N:	N:	N:	N:	N:	N:	N:
S:Liver	S:Synthesis of dna	S:FALSE	S:R-MMU-69239	S:Synthesis of DNA	S:4/179	S:50/3015	D:0.08	D:1.34748603351955	D:0.62237914727804	D:0.34523816332969	D:0.756385430567775	D:0.741683901124549	S:Psma5/Psmd1/Psmd12/Psmd7	D:4	N:	N:	N:	N:	N:	N:	N:	N:	N:	N:	N:	N:	N:	N:
S:Liver	S:Fatty acid metabolism	S:FALSE	S:R-MMU-8978868	S:Fatty acid metabolism	S:7/179	S:97/3015	D:0.0721649484536082	D:1.21551575188619	D:0.541960041672238	D:0.352952254211109	D:0.768407247631396	D:0.753472055441137	S:Acbd5/Acbd6/Acot7/Hsd17b12/Scp2/Slc25a17/Slc27a2	D:7	N:	N:	N:	N:	N:	N:	N:	N:	N:	N:	N:	N:	N:	N:
S:Liver	S:Isg15 antiviral mechanism	S:FALSE	S:R-MMU-1169408	S:ISG15 antiviral mechanism	S:2/179	S:21/3015	D:0.0952380952380952	D:1.60415003990423	D:0.697868481146927	D:0.357102123380566	D:0.768407247631396	D:0.753472055441137	S:Eif4a3/Eif4g2	D:2	N:	N:	N:	N:	N:	N:	N:	N:	N:	N:	N:	N:	N:	N:
S:Liver	S:Rna polymerase i promoter clearance	S:FALSE	S:R-MMU-73854	S:RNA Polymerase I Promoter Clearance	S:2/179	S:21/3015	D:0.0952380952380952	D:1.60415003990423	D:0.697868481146927	D:0.357102123380566	D:0.768407247631396	D:0.753472055441137	S:Rbbp4/Rbbp7	D:2	N:	N:	N:	N:	N:	N:	N:	N:	N:	N:	N:	N:	N:	N:
S:Liver	S:Rna polymerase i transcription	S:FALSE	S:R-MMU-73864	S:RNA Polymerase I Transcription	S:2/179	S:21/3015	D:0.0952380952380952	D:1.60415003990423	D:0.697868481146927	D:0.357102123380566	D:0.768407247631396	D:0.753472055441137	S:Rbbp4/Rbbp7	D:2	N:	N:	N:	N:	N:	N:	N:	N:	N:	N:	N:	N:	N:	N:
S:Liver	S:Chromatin modifying enzymes	S:FALSE	S:R-MMU-3247509	S:Chromatin modifying enzymes	S:4/179	S:51/3015	D:0.0784313725490196	D:1.32106473874466	D:0.580876257923681	D:0.35906723170377	D:0.769201803027632	D:0.754251167415171	S:Arid5b/Rbbp4/Rbbp7/Setd6	D:4	N:	N:	N:	N:	N:	N:	N:	N:	N:	N:	N:	N:	N:	N:
S:Liver	S:Signaling by ntrks	S:FALSE	S:R-MMU-166520	S:Signaling by NTRKs	S:3/179	S:36/3015	D:0.0833333333333333	D:1.4036312849162	D:0.611992141468983	D:0.361632473459703	D:0.77126925755565	D:0.756278437742928	S:Cltc/Irs1/Kidins220	D:3	N:	N:	N:	N:	N:	N:	N:	N:	N:	N:	N:	N:	N:	N:
S:Liver	S:Generic transcription pathway	S:FALSE	S:R-MMU-212436	S:Generic Transcription Pathway	S:13/179	S:194/3015	D:0.0670103092783505	D:1.12869319818004	D:0.465478838391401	D:0.365155108824779	D:0.775351376447328	D:0.760281214293187	S:Cdk6/Cnot2/Gls2/Itch/Mga/Psma5/Psmd1/Psmd12/Psmd7/Rbbp4/Rbbp7/Usp9x/Ywhag	D:13	N:	N:	N:	N:	N:	N:	N:	N:	N:	N:	N:	N:	N:	N:
S:Liver	S:Cellular response to chemical stress	S:FALSE	S:R-MMU-9711123	S:Cellular response to chemical stress	S:6/179	S:83/3015	D:0.072289156626506	D:1.21760786161405	D:0.5049828984027	D:0.370559790147528	D:0.783376398469775	D:0.768150257508034	S:Cul3/P4hb/Psma5/Psmd1/Psmd12/Psmd7	D:6	N:	N:	N:	N:	N:	N:	N:	N:	N:	N:	N:	N:	N:	N:
S:Liver	S:Chromatin organization	S:FALSE	S:R-MMU-4839726	S:Chromatin organization	S:4/179	S:52/3015	D:0.0769230769230769	D:1.29565964761495	D:0.540222822012305	D:0.372893092424508	D:0.784866683618396	D:0.769611576642629	S:Arid5b/Rbbp4/Rbbp7/Setd6	D:4	N:	N:	N:	N:	N:	N:	N:	N:	N:	N:	N:	N:	N:	N:
S:Liver	S:Processing of capped intronless pre-mrna	S:FALSE	S:R-MMU-75067	S:Processing of Capped Intronless Pre-mRNA	S:2/179	S:22/3015	D:0.0909090909090909	D:1.53123412899949	D:0.628187046212162	D:0.378953900701586	D:0.78730939714726	D:0.772006812227823	S:Fip1l1/Nudt21	D:2	N:	N:	N:	N:	N:	N:	N:	N:	N:	N:	N:	N:	N:	N:
S:Liver	S:Plasma lipoprotein clearance	S:FALSE	S:R-MMU-8964043	S:Plasma lipoprotein clearance	S:2/179	S:22/3015	D:0.0909090909090909	D:1.53123412899949	D:0.628187046212162	D:0.378953900701586	D:0.78730939714726	D:0.772006812227823	S:Cltc/Lipa	D:2	N:	N:	N:	N:	N:	N:	N:	N:	N:	N:	N:	N:	N:	N:
S:Liver	S:Rhov gtpase cycle	S:FALSE	S:R-MMU-9013424	S:RHOV GTPase cycle	S:2/179	S:22/3015	D:0.0909090909090909	D:1.53123412899949	D:0.628187046212162	D:0.378953900701586	D:0.78730939714726	D:0.772006812227823	S:Cltc/Usp9x	D:2	N:	N:	N:	N:	N:	N:	N:	N:	N:	N:	N:	N:	N:	N:
S:Liver	S:Cytokine signaling in immune system	S:FALSE	S:R-MMU-1280215	S:Cytokine Signaling in Immune system	S:11/179	S:165/3015	D:0.0666666666666667	D:1.12290502793296	D:0.407881697604255	D:0.389629794556567	D:0.806015283159937	D:0.790349120198323	S:Canx/Eif4a3/Eif4g2/Hspa8/Irs1/P4hb/Psma5/Psmd1/Psmd12/Psmd7/Usp14	D:11	N:	N:	N:	N:	N:	N:	N:	N:	N:	N:	N:	N:	N:	N:
S:Liver	S:Cell cycle checkpoints	S:FALSE	S:R-MMU-69620	S:Cell Cycle Checkpoints	S:7/179	S:101/3015	D:0.0693069306930693	D:1.16737651418773	D:0.429789160654032	D:0.39284938641009	D:0.809202582263518	D:0.793474469177374	S:Ahctf1/Psma5/Psmd1/Psmd12/Psmd7/Ranbp2/Ywhag	D:7	N:	N:	N:	N:	N:	N:	N:	N:	N:	N:	N:	N:	N:	N:
S:Liver	S:Rab geranylgeranylation	S:FALSE	S:R-MMU-8873719	S:RAB geranylgeranylation	S:2/179	S:23/3015	D:0.0869565217391304	D:1.46465873208647	D:0.56190416686318	D:0.400492432014202	D:0.821435541407853	D:0.805469661699336	S:Rab14/Rab30	D:2	N:	N:	N:	N:	N:	N:	N:	N:	N:	N:	N:	N:	N:	N:
S:Liver	S:Pi metabolism	S:FALSE	S:R-MMU-1483255	S:PI Metabolism	S:3/179	S:39/3015	D:0.0769230769230769	D:1.29565964761495	D:0.466823726635699	D:0.411020824748099	D:0.831994244590835	D:0.81582314003338	S:Pik3r4/Pitpnb/Rab14	D:3	N:	N:	N:	N:	N:	N:	N:	N:	N:	N:	N:	N:	N:	N:
S:Liver	S:Complex i biogenesis	S:FALSE	S:R-MMU-6799198	S:Complex I biogenesis	S:3/179	S:39/3015	D:0.0769230769230769	D:1.29565964761495	D:0.466823726635699	D:0.411020824748099	D:0.831994244590835	D:0.81582314003338	S:Acad9/Hspa9/Ndufb9	D:3	N:	N:	N:	N:	N:	N:	N:	N:	N:	N:	N:	N:	N:	N:
S:Liver	S:Rna polymerase ii transcription	S:FALSE	S:R-MMU-73857	S:RNA Polymerase II Transcription	S:17/179	S:266/3015	D:0.0639097744360902	D:1.07646910572521	D:0.328083572957349	D:0.411422594181653	D:0.831994244590835	D:0.81582314003338	S:Cdk6/Cnot2/Eif4a3/Fip1l1/Gls2/Ints6/Itch/Mga/Nudt21/Psma5/Psmd1/Psmd12/Psmd7/Rbbp4/Rbbp7/Usp9x/Ywhag	D:17	N:	N:	N:	N:	N:	N:	N:	N:	N:	N:	N:	N:	N:	N:
S:Liver	S:C-type lectin receptors (clrs)	S:FALSE	S:R-MMU-5621481	S:C-type lectin receptors (CLRs)	S:4/179	S:55/3015	D:0.0727272727272727	D:1.22498730319959	D:0.422998206055153	D:0.414186170463342	D:0.831994244590835	D:0.81582314003338	S:Psma5/Psmd1/Psmd12/Psmd7	D:4	N:	N:	N:	N:	N:	N:	N:	N:	N:	N:	N:	N:	N:	N:
S:Liver	S:Rhobtb gtpase cycle	S:FALSE	S:R-MMU-9706574	S:RHOBTB GTPase Cycle	S:2/179	S:24/3015	D:0.0833333333333333	D:1.4036312849162	D:0.498686097499237	D:0.421677899470379	D:0.831994244590835	D:0.81582314003338	S:Cul3/Myo6	D:2	N:	N:	N:	N:	N:	N:	N:	N:	N:	N:	N:	N:	N:	N:
S:Liver	S:Transport of mature mrna derived from an intron-containing transcript	S:FALSE	S:R-MMU-159236	S:Transport of Mature mRNA derived from an Intron-Containing Transcript	S:4/179	S:56/3015	D:0.0714285714285714	D:1.20311252992817	D:0.385392512502819	D:0.427837578935481	D:0.831994244590835	D:0.81582314003338	S:Eif4a3/Nup50/Nup62/Ranbp2	D:4	N:	N:	N:	N:	N:	N:	N:	N:	N:	N:	N:	N:	N:	N:
S:Liver	S:Dna replication	S:FALSE	S:R-MMU-69306	S:DNA Replication	S:4/179	S:56/3015	D:0.0714285714285714	D:1.20311252992817	D:0.385392512502819	D:0.427837578935481	D:0.831994244590835	D:0.81582314003338	S:Psma5/Psmd1/Psmd12/Psmd7	D:4	N:	N:	N:	N:	N:	N:	N:	N:	N:	N:	N:	N:	N:	N:
S:Liver	S:Respiratory electron transport	S:FALSE	S:R-MMU-611105	S:Respiratory electron transport	S:5/179	S:73/3015	D:0.0684931506849315	D:1.15366954924619	D:0.333866573119904	D:0.43873484847651	D:0.831994244590835	D:0.81582314003338	S:Acad9/Hspa9/Iscu/Ndufb9/Slc25a13	D:5	N:	N:	N:	N:	N:	N:	N:	N:	N:	N:	N:	N:	N:	N:
S:Liver	S:Mhc class ii antigen presentation	S:FALSE	S:R-MMU-2132295	S:MHC class II antigen presentation	S:4/179	S:57/3015	D:0.0701754385964912	D:1.18200529256101	D:0.348471597511269	D:0.441408642505149	D:0.831994244590835	D:0.81582314003338	S:Canx/Cltc/Sar1b/Sec24a	D:4	N:	N:	N:	N:	N:	N:	N:	N:	N:	N:	N:	N:	N:	N:
S:Liver	S:Cilium assembly	S:FALSE	S:R-MMU-5617833	S:Cilium Assembly	S:4/179	S:57/3015	D:0.0701754385964912	D:1.18200529256101	D:0.348471597511269	D:0.441408642505149	D:0.831994244590835	D:0.81582314003338	S:Cct4/Cct5/Tcp1/Ywhag	D:4	N:	N:	N:	N:	N:	N:	N:	N:	N:	N:	N:	N:	N:	N:
S:Liver	S:Pyruvate metabolism	S:FALSE	S:R-MMU-70268	S:Pyruvate metabolism	S:2/179	S:25/3015	D:0.08	D:1.34748603351955	D:0.438244818607232	D:0.44247626166014	D:0.831994244590835	D:0.81582314003338	S:Dlat/Me1	D:2	N:	N:	N:	N:	N:	N:	N:	N:	N:	N:	N:	N:	N:	N:
S:Liver	S:Metabolism of steroids	S:FALSE	S:R-MMU-8957322	S:Metabolism of steroids	S:4/179	S:58/3015	D:0.0689655172413793	D:1.16162589096513	D:0.312208190854067	D:0.454886163509833	D:0.831994244590835	D:0.81582314003338	S:Hsd17b12/Osbpl3/Scp2/Slc27a2	D:4	N:	N:	N:	N:	N:	N:	N:	N:	N:	N:	N:	N:	N:	N:
S:Liver	S:Abc transporters in lipid homeostasis	S:FALSE	S:R-MMU-1369062	S:ABC transporters in lipid homeostasis	S:1/179	S:10/3015	D:0.1	D:1.68435754189944	D:0.544509982112214	D:0.458274740392938	D:0.831994244590835	D:0.81582314003338	S:Abcd3	D:1	N:	N:	N:	N:	N:	N:	N:	N:	N:	N:	N:	N:	N:	N:
S:Liver	S:Degradation of cysteine and homocysteine	S:FALSE	S:R-MMU-1614558	S:Degradation of cysteine and homocysteine	S:1/179	S:10/3015	D:0.1	D:1.68435754189944	D:0.544509982112214	D:0.458274740392938	D:0.831994244590835	D:0.81582314003338	S:Slc25a10	D:1	N:	N:	N:	N:	N:	N:	N:	N:	N:	N:	N:	N:	N:	N:
S:Liver	S:Metabolism of steroid hormones	S:FALSE	S:R-MMU-196071	S:Metabolism of steroid hormones	S:1/179	S:10/3015	D:0.1	D:1.68435754189944	D:0.544509982112214	D:0.458274740392938	D:0.831994244590835	D:0.81582314003338	S:Hsd17b12	D:1	N:	N:	N:	N:	N:	N:	N:	N:	N:	N:	N:	N:	N:	N:
S:Liver	S:Alpha-linolenic (omega3) and linoleic (omega6) acid metabolism	S:FALSE	S:R-MMU-2046104	S:alpha-linolenic (omega3) and linoleic (omega6) acid metabolism	S:1/179	S:10/3015	D:0.1	D:1.68435754189944	D:0.544509982112214	D:0.458274740392938	D:0.831994244590835	D:0.81582314003338	S:Scp2	D:1	N:	N:	N:	N:	N:	N:	N:	N:	N:	N:	N:	N:	N:	N:
S:Liver	S:Alpha-linolenic acid (ala) metabolism	S:FALSE	S:R-MMU-2046106	S:alpha-linolenic acid (ALA) metabolism	S:1/179	S:10/3015	D:0.1	D:1.68435754189944	D:0.544509982112214	D:0.458274740392938	D:0.831994244590835	D:0.81582314003338	S:Scp2	D:1	N:	N:	N:	N:	N:	N:	N:	N:	N:	N:	N:	N:	N:	N:
S:Liver	S:Hsf1-dependent transactivation	S:TRUE	S:R-MMU-3371571	S:HSF1-dependent transactivation	S:1/179	S:10/3015	D:0.1	D:1.68435754189944	D:0.544509982112214	D:0.458274740392938	D:0.831994244590835	D:0.81582314003338	S:Hspa8	D:1	N:	N:	N:	N:	N:	N:	N:	N:	N:	N:	N:	N:	N:	N:
S:Liver	S:Beta-oxidation of very long chain fatty acids	S:FALSE	S:R-MMU-390247	S:Beta-oxidation of very long chain fatty acids	S:1/179	S:10/3015	D:0.1	D:1.68435754189944	D:0.544509982112214	D:0.458274740392938	D:0.831994244590835	D:0.81582314003338	S:Slc27a2	D:1	N:	N:	N:	N:	N:	N:	N:	N:	N:	N:	N:	N:	N:	N:
S:Liver	S:Activation of nmda receptors and postsynaptic events	S:FALSE	S:R-MMU-442755	S:Activation of NMDA receptors and postsynaptic events	S:1/179	S:10/3015	D:0.1	D:1.68435754189944	D:0.544509982112214	D:0.458274740392938	D:0.831994244590835	D:0.81582314003338	S:Dlg3	D:1	N:	N:	N:	N:	N:	N:	N:	N:	N:	N:	N:	N:	N:	N:
S:Liver	S:Glycogen breakdown (glycogenolysis)	S:FALSE	S:R-MMU-70221	S:Glycogen breakdown (glycogenolysis)	S:1/179	S:10/3015	D:0.1	D:1.68435754189944	D:0.544509982112214	D:0.458274740392938	D:0.831994244590835	D:0.81582314003338	S:Phkb	D:1	N:	N:	N:	N:	N:	N:	N:	N:	N:	N:	N:	N:	N:	N:
S:Liver	S:Ras processing	S:FALSE	S:R-MMU-9648002	S:RAS processing	S:1/179	S:10/3015	D:0.1	D:1.68435754189944	D:0.544509982112214	D:0.458274740392938	D:0.831994244590835	D:0.81582314003338	S:Lypla1	D:1	N:	N:	N:	N:	N:	N:	N:	N:	N:	N:	N:	N:	N:	N:
S:Liver	S:Mitotic prometaphase	S:FALSE	S:R-MMU-68877	S:Mitotic Prometaphase	S:5/179	S:75/3015	D:0.0666666666666667	D:1.12290502793296	D:0.270751980789331	D:0.462503291729708	D:0.831994244590835	D:0.81582314003338	S:Ahctf1/Eml4/Ranbp2/Stag2/Ywhag	D:5	N:	N:	N:	N:	N:	N:	N:	N:	N:	N:	N:	N:	N:	N:
S:Liver	S:Synthesis of substrates in n-glycan biosythesis	S:FALSE	S:R-MMU-446219	S:Synthesis of substrates in N-glycan biosythesis	S:2/179	S:26/3015	D:0.0769230769230769	D:1.29565964761495	D:0.380330187600056	D:0.462858714572558	D:0.831994244590835	D:0.81582314003338	S:Gfpt1/Mpi	D:2	N:	N:	N:	N:	N:	N:	N:	N:	N:	N:	N:	N:	N:	N:
S:Liver	S:Signaling by the b cell receptor (bcr)	S:FALSE	S:R-MMU-983705	S:Signaling by the B Cell Receptor (BCR)	S:4/179	S:59/3015	D:0.0677966101694915	D:1.14193731654199	D:0.276576583402959	D:0.468257694110451	D:0.831994244590835	D:0.81582314003338	S:Psma5/Psmd1/Psmd12/Psmd7	D:4	N:	N:	N:	N:	N:	N:	N:	N:	N:	N:	N:	N:	N:	N:
S:Liver	S:Trans-golgi network vesicle budding	S:FALSE	S:R-MMU-199992	S:trans-Golgi Network Vesicle Budding	S:3/179	S:43/3015	D:0.0697674418604651	D:1.17513316876705	D:0.290551590479267	D:0.474897673839609	D:0.831994244590835	D:0.81582314003338	S:Cltc/Hspa8/Pum1	D:3	N:	N:	N:	N:	N:	N:	N:	N:	N:	N:	N:	N:	N:	N:
S:Liver	S:Er to golgi anterograde transport	S:FALSE	S:R-MMU-199977	S:ER to Golgi Anterograde Transport	S:6/179	S:93/3015	D:0.0645161290322581	D:1.08668228509641	D:0.213293070506114	D:0.478740506688761	D:0.831994244590835	D:0.81582314003338	S:Copa/Lman1/Sar1b/Scfd1/Sec24a/Trappc10	D:6	N:	N:	N:	N:	N:	N:	N:	N:	N:	N:	N:	N:	N:	N:
S:Liver	S:Macroautophagy	S:FALSE	S:R-MMU-1632852	S:Macroautophagy	S:4/179	S:60/3015	D:0.0666666666666667	D:1.12290502793296	D:0.241552512224327	D:0.481511532365689	D:0.831994244590835	D:0.81582314003338	S:Mfn2/Nbr1/Pik3r4/Rb1cc1	D:4	N:	N:	N:	N:	N:	N:	N:	N:	N:	N:	N:	N:	N:	N:
S:Liver	S:Fc epsilon receptor (fceri) signaling	S:FALSE	S:R-MMU-2454202	S:Fc epsilon receptor (FCERI) signaling	S:4/179	S:60/3015	D:0.0666666666666667	D:1.12290502793296	D:0.241552512224327	D:0.481511532365689	D:0.831994244590835	D:0.81582314003338	S:Psma5/Psmd1/Psmd12/Psmd7	D:4	N:	N:	N:	N:	N:	N:	N:	N:	N:	N:	N:	N:	N:	N:
S:Liver	S:Autophagy	S:FALSE	S:R-MMU-9612973	S:Autophagy	S:4/179	S:60/3015	D:0.0666666666666667	D:1.12290502793296	D:0.241552512224327	D:0.481511532365689	D:0.831994244590835	D:0.81582314003338	S:Mfn2/Nbr1/Pik3r4/Rb1cc1	D:4	N:	N:	N:	N:	N:	N:	N:	N:	N:	N:	N:	N:	N:	N:
S:Liver	S:Ribosome-associated quality control	S:FALSE	S:R-MMU-9948299	S:Ribosome-associated quality control	S:7/179	S:110/3015	D:0.0636363636363636	D:1.07186389029964	D:0.192876370127873	D:0.482262747975985	D:0.831994244590835	D:0.81582314003338	S:Ascc3/Ltn1/Nemf/Psma5/Psmd1/Psmd12/Psmd7	D:7	N:	N:	N:	N:	N:	N:	N:	N:	N:	N:	N:	N:	N:	N:
S:Liver	S:Signaling by tgf-beta receptor complex	S:FALSE	S:R-MMU-170834	S:Signaling by TGF-beta Receptor Complex	S:2/179	S:27/3015	D:0.0740740740740741	D:1.24767225325885	D:0.324723685179797	D:0.482801195634218	D:0.831994244590835	D:0.81582314003338	S:Strap/Usp9x	D:2	N:	N:	N:	N:	N:	N:	N:	N:	N:	N:	N:	N:	N:	N:
S:Liver	S:Mitotic g2-g2/m phases	S:FALSE	S:R-MMU-453274	S:Mitotic G2-G2/M phases	S:5/179	S:77/3015	D:0.0649350649350649	D:1.09373866357107	D:0.209306757867319	D:0.485979165535106	D:0.831994244590835	D:0.81582314003338	S:Psma5/Psmd1/Psmd12/Psmd7/Ywhag	D:5	N:	N:	N:	N:	N:	N:	N:	N:	N:	N:	N:	N:	N:	N:
S:Liver	S:G2/m transition	S:FALSE	S:R-MMU-69275	S:G2/M Transition	S:5/179	S:77/3015	D:0.0649350649350649	D:1.09373866357107	D:0.209306757867319	D:0.485979165535106	D:0.831994244590835	D:0.81582314003338	S:Psma5/Psmd1/Psmd12/Psmd7/Ywhag	D:5	N:	N:	N:	N:	N:	N:	N:	N:	N:	N:	N:	N:	N:	N:
S:Liver	S:Slc-mediated transmembrane transport	S:FALSE	S:R-MMU-425407	S:SLC-mediated transmembrane transport	S:3/179	S:44/3015	D:0.0681818181818182	D:1.14842559674962	D:0.249131614375899	D:0.49038583709166	D:0.831994244590835	D:0.81582314003338	S:Slc25a10/Slc33a1/Slc38a3	D:3	N:	N:	N:	N:	N:	N:	N:	N:	N:	N:	N:	N:	N:	N:
S:Liver	S:Glycolysis	S:FALSE	S:R-MMU-70171	S:Glycolysis	S:3/179	S:44/3015	D:0.0681818181818182	D:1.14842559674962	D:0.249131614375899	D:0.49038583709166	D:0.831994244590835	D:0.81582314003338	S:Nup50/Nup62/Ranbp2	D:3	N:	N:	N:	N:	N:	N:	N:	N:	N:	N:	N:	N:	N:	N:
S:Liver	S:Signaling by alk	S:FALSE	S:R-MMU-201556	S:Signaling by ALK	S:1/179	S:11/3015	D:0.0909090909090909	D:1.53123412899949	D:0.443381300633565	D:0.490543898951895	D:0.831994244590835	D:0.81582314003338	S:Irs1	D:1	N:	N:	N:	N:	N:	N:	N:	N:	N:	N:	N:	N:	N:	N:
S:Liver	S:Regulation of pyruvate dehydrogenase (pdh) complex	S:FALSE	S:R-MMU-204174	S:Regulation of pyruvate dehydrogenase (PDH) complex	S:1/179	S:11/3015	D:0.0909090909090909	D:1.53123412899949	D:0.443381300633565	D:0.490543898951895	D:0.831994244590835	D:0.81582314003338	S:Dlat	D:1	N:	N:	N:	N:	N:	N:	N:	N:	N:	N:	N:	N:	N:	N:
S:Liver	S:Downregulation of smad2/3:smad4 transcriptional activity	S:FALSE	S:R-MMU-2173795	S:Downregulation of SMAD2/3:SMAD4 transcriptional activity	S:1/179	S:11/3015	D:0.0909090909090909	D:1.53123412899949	D:0.443381300633565	D:0.490543898951895	D:0.831994244590835	D:0.81582314003338	S:Usp9x	D:1	N:	N:	N:	N:	N:	N:	N:	N:	N:	N:	N:	N:	N:	N:
S:Liver	S:Nonhomologous end-joining (nhej)	S:FALSE	S:R-MMU-5693571	S:Nonhomologous End-Joining (NHEJ)	S:1/179	S:11/3015	D:0.0909090909090909	D:1.53123412899949	D:0.443381300633565	D:0.490543898951895	D:0.831994244590835	D:0.81582314003338	S:Prkdc	D:1	N:	N:	N:	N:	N:	N:	N:	N:	N:	N:	N:	N:	N:	N:
S:Liver	S:Tp53 regulates transcription of cell cycle genes	S:FALSE	S:R-MMU-6791312	S:TP53 Regulates Transcription of Cell Cycle Genes	S:1/179	S:11/3015	D:0.0909090909090909	D:1.53123412899949	D:0.443381300633565	D:0.490543898951895	D:0.831994244590835	D:0.81582314003338	S:Cnot2	D:1	N:	N:	N:	N:	N:	N:	N:	N:	N:	N:	N:	N:	N:	N:
S:Liver	S:Cyclin d associated events in g1	S:FALSE	S:R-MMU-69231	S:Cyclin D associated events in G1	S:1/179	S:11/3015	D:0.0909090909090909	D:1.53123412899949	D:0.443381300633565	D:0.490543898951895	D:0.831994244590835	D:0.81582314003338	S:Cdk6	D:1	N:	N:	N:	N:	N:	N:	N:	N:	N:	N:	N:	N:	N:	N:
S:Liver	S:G1 phase	S:FALSE	S:R-MMU-69236	S:G1 Phase	S:1/179	S:11/3015	D:0.0909090909090909	D:1.53123412899949	D:0.443381300633565	D:0.490543898951895	D:0.831994244590835	D:0.81582314003338	S:Cdk6	D:1	N:	N:	N:	N:	N:	N:	N:	N:	N:	N:	N:	N:	N:	N:
S:Liver	S:Paracetamol adme	S:FALSE	S:R-MMU-9753281	S:Paracetamol ADME	S:1/179	S:11/3015	D:0.0909090909090909	D:1.53123412899949	D:0.443381300633565	D:0.490543898951895	D:0.831994244590835	D:0.81582314003338	S:Nat2	D:1	N:	N:	N:	N:	N:	N:	N:	N:	N:	N:	N:	N:	N:	N:
S:Liver	S:Maturation of tca enzymes and regulation of tca cycle	S:FALSE	S:R-MMU-9854311	S:Maturation of TCA enzymes and regulation of TCA cycle	S:1/179	S:11/3015	D:0.0909090909090909	D:1.53123412899949	D:0.443381300633565	D:0.490543898951895	D:0.831994244590835	D:0.81582314003338	S:Iscu	D:1	N:	N:	N:	N:	N:	N:	N:	N:	N:	N:	N:	N:	N:	N:
S:Liver	S:Mitochondrial ribosome-associated quality control	S:FALSE	S:R-MMU-9937383	S:Mitochondrial ribosome-associated quality control	S:4/179	S:61/3015	D:0.0655737704918033	D:1.10449674878652	D:0.20711305592452	D:0.494636715498491	D:0.831994244590835	D:0.81582314003338	S:Mrpl19/Mrps18b/Mrps34/Mrps6	D:4	N:	N:	N:	N:	N:	N:	N:	N:	N:	N:	N:	N:	N:	N:
S:Liver	S:Neurotransmitter receptors and postsynaptic signal transmission	S:FALSE	S:R-MMU-112314	S:Neurotransmitter receptors and postsynaptic signal transmission	S:2/179	S:28/3015	D:0.0714285714285714	D:1.20311252992817	D:0.271233386416219	D:0.502283927653795	D:0.831994244590835	D:0.81582314003338	S:Dlg3/Myo6	D:2	N:	N:	N:	N:	N:	N:	N:	N:	N:	N:	N:	N:	N:	N:
S:Liver	S:Mitochondrial translation elongation	S:FALSE	S:R-MMU-5389840	S:Mitochondrial translation elongation	S:4/179	S:62/3015	D:0.0645161290322581	D:1.08668228509641	D:0.173236539176428	D:0.507623010641777	D:0.831994244590835	D:0.81582314003338	S:Mrpl19/Mrps18b/Mrps34/Mrps6	D:4	N:	N:	N:	N:	N:	N:	N:	N:	N:	N:	N:	N:	N:	N:
S:Liver	S:Transport to the golgi and subsequent modification	S:FALSE	S:R-MMU-948021	S:Transport to the Golgi and subsequent modification	S:6/179	S:96/3015	D:0.0625	D:1.05272346368715	D:0.131876535361073	D:0.51032057268678	D:0.831994244590835	D:0.81582314003338	S:Copa/Lman1/Sar1b/Scfd1/Sec24a/Trappc10	D:6	N:	N:	N:	N:	N:	N:	N:	N:	N:	N:	N:	N:	N:	N:
S:Liver	S:Mitotic metaphase and anaphase	S:FALSE	S:R-MMU-2555396	S:Mitotic Metaphase and Anaphase	S:7/179	S:113/3015	D:0.0619469026548673	D:1.04340732684036	D:0.11814044036847	D:0.511395339068969	D:0.831994244590835	D:0.81582314003338	S:Ahctf1/Psma5/Psmd1/Psmd12/Psmd7/Ranbp2/Stag2	D:7	N:	N:	N:	N:	N:	N:	N:	N:	N:	N:	N:	N:	N:	N:
S:Liver	S:Mitotic anaphase	S:FALSE	S:R-MMU-68882	S:Mitotic Anaphase	S:7/179	S:113/3015	D:0.0619469026548673	D:1.04340732684036	D:0.11814044036847	D:0.511395339068969	D:0.831994244590835	D:0.81582314003338	S:Ahctf1/Psma5/Psmd1/Psmd12/Psmd7/Ranbp2/Stag2	D:7	N:	N:	N:	N:	N:	N:	N:	N:	N:	N:	N:	N:	N:	N:
S:Liver	S:Sumo e3 ligases sumoylate target proteins	S:FALSE	S:R-MMU-3108232	S:SUMO E3 ligases SUMOylate target proteins	S:4/179	S:63/3015	D:0.0634920634920635	D:1.06943335993615	D:0.139902445486299	D:0.520460903335212	D:0.831994244590835	D:0.81582314003338	S:Nup50/Nup62/Ranbp2/Stag2	D:4	N:	N:	N:	N:	N:	N:	N:	N:	N:	N:	N:	N:	N:	N:
S:Liver	S:Eml4 and nudc in mitotic spindle formation	S:FALSE	S:R-MMU-9648025	S:EML4 and NUDC in mitotic spindle formation	S:3/179	S:46/3015	D:0.0652173913043478	D:1.09849404906485	D:0.169094248062138	D:0.52067816987102	D:0.831994244590835	D:0.81582314003338	S:Ahctf1/Eml4/Ranbp2	D:3	N:	N:	N:	N:	N:	N:	N:	N:	N:	N:	N:	N:	N:	N:
S:Liver	S:Factors involved in megakaryocyte development and platelet production	S:FALSE	S:R-MMU-983231	S:Factors involved in megakaryocyte development and platelet production	S:3/179	S:46/3015	D:0.0652173913043478	D:1.09849404906485	D:0.169094248062138	D:0.52067816987102	D:0.831994244590835	D:0.81582314003338	S:Akap1/Kif16b/Mfn2	D:3	N:	N:	N:	N:	N:	N:	N:	N:	N:	N:	N:	N:	N:	N:
S:Liver	S:Synthesis of pips at the golgi membrane	S:FALSE	S:R-MMU-1660514	S:Synthesis of PIPs at the Golgi membrane	S:1/179	S:12/3015	D:0.0833333333333333	D:1.4036312849162	D:0.35191907187676	D:0.520900970219408	D:0.831994244590835	D:0.81582314003338	S:Pik3r4	D:1	N:	N:	N:	N:	N:	N:	N:	N:	N:	N:	N:	N:	N:	N:
S:Liver	S:Synthesis of pips at the early endosome membrane	S:FALSE	S:R-MMU-1660516	S:Synthesis of PIPs at the early endosome membrane	S:1/179	S:12/3015	D:0.0833333333333333	D:1.4036312849162	D:0.35191907187676	D:0.520900970219408	D:0.831994244590835	D:0.81582314003338	S:Pik3r4	D:1	N:	N:	N:	N:	N:	N:	N:	N:	N:	N:	N:	N:	N:	N:
S:Liver	S:Nod1/2 signaling pathway	S:FALSE	S:R-MMU-168638	S:NOD1/2 Signaling Pathway	S:1/179	S:12/3015	D:0.0833333333333333	D:1.4036312849162	D:0.35191907187676	D:0.520900970219408	D:0.831994244590835	D:0.81582314003338	S:Itch	D:1	N:	N:	N:	N:	N:	N:	N:	N:	N:	N:	N:	N:	N:	N:
S:Liver	S:Trafficking of ampa receptors	S:FALSE	S:R-MMU-399719	S:Trafficking of AMPA receptors	S:1/179	S:12/3015	D:0.0833333333333333	D:1.4036312849162	D:0.35191907187676	D:0.520900970219408	D:0.831994244590835	D:0.81582314003338	S:Myo6	D:1	N:	N:	N:	N:	N:	N:	N:	N:	N:	N:	N:	N:	N:	N:
S:Liver	S:Glutamate binding, activation of ampa receptors and synaptic plasticity	S:FALSE	S:R-MMU-399721	S:Glutamate binding, activation of AMPA receptors and synaptic plasticity	S:1/179	S:12/3015	D:0.0833333333333333	D:1.4036312849162	D:0.35191907187676	D:0.520900970219408	D:0.831994244590835	D:0.81582314003338	S:Myo6	D:1	N:	N:	N:	N:	N:	N:	N:	N:	N:	N:	N:	N:	N:	N:
S:Liver	S:Tak1-dependent ikk and nf-kappa-b activation	S:FALSE	S:R-MMU-445989	S:TAK1-dependent IKK and NF-kappa-B activation	S:1/179	S:12/3015	D:0.0833333333333333	D:1.4036312849162	D:0.35191907187676	D:0.520900970219408	D:0.831994244590835	D:0.81582314003338	S:Usp14	D:1	N:	N:	N:	N:	N:	N:	N:	N:	N:	N:	N:	N:	N:	N:
S:Liver	S:Rho gtpases activate paks	S:FALSE	S:R-MMU-5627123	S:RHO GTPases activate PAKs	S:1/179	S:12/3015	D:0.0833333333333333	D:1.4036312849162	D:0.35191907187676	D:0.520900970219408	D:0.831994244590835	D:0.81582314003338	S:Nf2	D:1	N:	N:	N:	N:	N:	N:	N:	N:	N:	N:	N:	N:	N:	N:
S:Liver	S:Termination of translesion dna synthesis	S:FALSE	S:R-MMU-5656169	S:Termination of translesion DNA synthesis	S:1/179	S:12/3015	D:0.0833333333333333	D:1.4036312849162	D:0.35191907187676	D:0.520900970219408	D:0.831994244590835	D:0.81582314003338	S:Usp10	D:1	N:	N:	N:	N:	N:	N:	N:	N:	N:	N:	N:	N:	N:	N:
S:Liver	S:Glycogen metabolism	S:FALSE	S:R-MMU-8982491	S:Glycogen metabolism	S:1/179	S:12/3015	D:0.0833333333333333	D:1.4036312849162	D:0.35191907187676	D:0.520900970219408	D:0.831994244590835	D:0.81582314003338	S:Phkb	D:1	N:	N:	N:	N:	N:	N:	N:	N:	N:	N:	N:	N:	N:	N:
S:Liver	S:Foxo-mediated transcription	S:FALSE	S:R-MMU-9614085	S:FOXO-mediated transcription	S:1/179	S:12/3015	D:0.0833333333333333	D:1.4036312849162	D:0.35191907187676	D:0.520900970219408	D:0.831994244590835	D:0.81582314003338	S:Ywhag	D:1	N:	N:	N:	N:	N:	N:	N:	N:	N:	N:	N:	N:	N:	N:
S:Liver	S:Epigenetic regulation of gene expression	S:FALSE	S:R-MMU-212165	S:Epigenetic regulation of gene expression	S:2/179	S:29/3015	D:0.0689655172413793	D:1.16162589096513	D:0.219689881919355	D:0.521290999722888	D:0.831994244590835	D:0.81582314003338	S:Rbbp4/Rbbp7	D:2	N:	N:	N:	N:	N:	N:	N:	N:	N:	N:	N:	N:	N:	N:
S:Liver	S:Biosynthesis of the n-glycan precursor (dolichol lipid-linked oligosaccharide, llo) and transfer to a nascent protein	S:FALSE	S:R-MMU-446193	S:Biosynthesis of the N-glycan precursor (dolichol lipid-linked oligosaccharide, LLO) and transfer to a nascent protein	S:2/179	S:29/3015	D:0.0689655172413793	D:1.16162589096513	D:0.219689881919355	D:0.521290999722888	D:0.831994244590835	D:0.81582314003338	S:Gfpt1/Mpi	D:2	N:	N:	N:	N:	N:	N:	N:	N:	N:	N:	N:	N:	N:	N:
S:Liver	S:Mitochondrial fatty acid beta-oxidation	S:FALSE	S:R-MMU-77289	S:Mitochondrial Fatty Acid Beta-Oxidation	S:2/179	S:29/3015	D:0.0689655172413793	D:1.16162589096513	D:0.219689881919355	D:0.521290999722888	D:0.831994244590835	D:0.81582314003338	S:Acbd6/Acot7	D:2	N:	N:	N:	N:	N:	N:	N:	N:	N:	N:	N:	N:	N:	N:
S:Liver	S:Membrane trafficking	S:FALSE	S:R-MMU-199991	S:Membrane Trafficking	S:18/179	S:301/3015	D:0.0598006644518272	D:1.00725700180033	D:0.0333334743977154	D:0.525864001012911	D:0.834529374190756	D:0.818308995439287	S:Als2/Cltc/Copa/Dennd4c/Dennd5b/Hspa8/Kif16b/Lman1/Myo6/Pum1/Rab14/Rab30/Rab3gap2/Sar1b/Scfd1/Sec24a/Tor1b/Trappc10	D:18	N:	N:	N:	N:	N:	N:	N:	N:	N:	N:	N:	N:	N:	N:
S:Liver	S:Vesicle-mediated transport	S:FALSE	S:R-MMU-5653656	S:Vesicle-mediated transport	S:19/179	S:318/3015	D:0.059748427672956	D:1.00637714767577	D:0.030202617811795	D:0.526342177912842	D:0.834529374190756	D:0.818308995439287	S:Als2/Calr/Cltc/Copa/Dennd4c/Dennd5b/Hspa8/Kif16b/Lman1/Myo6/Pum1/Rab14/Rab30/Rab3gap2/Sar1b/Scfd1/Sec24a/Tor1b/Trappc10	D:19	N:	N:	N:	N:	N:	N:	N:	N:	N:	N:	N:	N:	N:	N:
S:Liver	S:Mitochondrial translation termination	S:FALSE	S:R-MMU-5419276	S:Mitochondrial translation termination	S:4/179	S:64/3015	D:0.0625	D:1.05272346368715	D:0.107091337369656	D:0.533141584029708	D:0.842538503286292	D:0.826162454631023	S:Mrpl19/Mrps18b/Mrps34/Mrps6	D:4	N:	N:	N:	N:	N:	N:	N:	N:	N:	N:	N:	N:	N:	N:
S:Liver	S:Toll like receptor 9 (tlr9) cascade	S:FALSE	S:R-MMU-168138	S:Toll Like Receptor 9 (TLR9) Cascade	S:2/179	S:30/3015	D:0.0666666666666667	D:1.12290502793296	D:0.169942943306351	D:0.53980998233006	D:0.846932286062329	D:0.830470837392413	S:Pik3r4/Usp14	D:2	N:	N:	N:	N:	N:	N:	N:	N:	N:	N:	N:	N:	N:	N:
S:Liver	S:Sumoylation	S:FALSE	S:R-MMU-2990846	S:SUMOylation	S:4/179	S:65/3015	D:0.0615384615384615	D:1.03652771809196	D:0.0747847832006444	D:0.545656932841208	D:0.846932286062329	D:0.830470837392413	S:Nup50/Nup62/Ranbp2/Stag2	D:4	N:	N:	N:	N:	N:	N:	N:	N:	N:	N:	N:	N:	N:	N:
S:Liver	S:Mitochondrial translation	S:FALSE	S:R-MMU-5368287	S:Mitochondrial translation	S:4/179	S:65/3015	D:0.0615384615384615	D:1.03652771809196	D:0.0747847832006444	D:0.545656932841208	D:0.846932286062329	D:0.830470837392413	S:Mrpl19/Mrps18b/Mrps34/Mrps6	D:4	N:	N:	N:	N:	N:	N:	N:	N:	N:	N:	N:	N:	N:	N:
S:Liver	S:Synthesis of pa	S:FALSE	S:R-MMU-1483166	S:Synthesis of PA	S:1/179	S:13/3015	D:0.0769230769230769	D:1.29565964761495	D:0.268351120715667	D:0.549458654645224	D:0.846932286062329	D:0.830470837392413	S:Ddhd2	D:1	N:	N:	N:	N:	N:	N:	N:	N:	N:	N:	N:	N:	N:	N:
S:Liver	S:Methylation	S:FALSE	S:R-MMU-156581	S:Methylation	S:1/179	S:13/3015	D:0.0769230769230769	D:1.29565964761495	D:0.268351120715667	D:0.549458654645224	D:0.846932286062329	D:0.830470837392413	S:Trmt112	D:1	N:	N:	N:	N:	N:	N:	N:	N:	N:	N:	N:	N:	N:	N:
S:Liver	S:Collagen biosynthesis and modifying enzymes	S:FALSE	S:R-MMU-1650814	S:Collagen biosynthesis and modifying enzymes	S:1/179	S:13/3015	D:0.0769230769230769	D:1.29565964761495	D:0.268351120715667	D:0.549458654645224	D:0.846932286062329	D:0.830470837392413	S:P4hb	D:1	N:	N:	N:	N:	N:	N:	N:	N:	N:	N:	N:	N:	N:	N:
S:Liver	S:Tgf-beta receptor signaling activates smads	S:FALSE	S:R-MMU-2173789	S:TGF-beta receptor signaling activates SMADs	S:1/179	S:13/3015	D:0.0769230769230769	D:1.29565964761495	D:0.268351120715667	D:0.549458654645224	D:0.846932286062329	D:0.830470837392413	S:Strap	D:1	N:	N:	N:	N:	N:	N:	N:	N:	N:	N:	N:	N:	N:	N:
S:Liver	S:Glucose metabolism	S:FALSE	S:R-MMU-70326	S:Glucose metabolism	S:3/179	S:48/3015	D:0.0625	D:1.05272346368715	D:0.0924934130500104	D:0.549978849662882	D:0.846932286062329	D:0.830470837392413	S:Nup50/Nup62/Ranbp2	D:3	N:	N:	N:	N:	N:	N:	N:	N:	N:	N:	N:	N:	N:	N:
S:Liver	S:Signaling by insulin receptor	S:FALSE	S:R-MMU-74752	S:Signaling by Insulin receptor	S:2/179	S:31/3015	D:0.0645161290322581	D:1.08668228509641	D:0.121858777044765	D:0.557831574137697	D:0.856289231638122	D:0.839645916150943	S:Irs1/Pik3r4	D:2	N:	N:	N:	N:	N:	N:	N:	N:	N:	N:	N:	N:	N:	N:
S:Liver	S:Rho gtpase effectors	S:FALSE	S:R-MMU-195258	S:RHO GTPase Effectors	S:7/179	S:119/3015	D:0.0588235294117647	D:0.990798554058495	D:-0.0257261801879636	D:0.567848711106651	D:0.860996398470997	D:0.844261591861711	S:Ahctf1/Daam1/Nf2/Pik3r4/Pkn2/Ranbp2/Ywhag	D:7	N:	N:	N:	N:	N:	N:	N:	N:	N:	N:	N:	N:	N:	N:
S:Liver	S:Tp53 regulates metabolic genes	S:FALSE	S:R-MMU-5628897	S:TP53 Regulates Metabolic Genes	S:2/179	S:32/3015	D:0.0625	D:1.05272346368715	D:0.0753177473448729	D:0.575349278051071	D:0.860996398470997	D:0.844261591861711	S:Gls2/Ywhag	D:2	N:	N:	N:	N:	N:	N:	N:	N:	N:	N:	N:	N:	N:	N:
S:Liver	S:Intrinsic pathway for apoptosis	S:FALSE	S:R-MMU-109606	S:Intrinsic Pathway for Apoptosis	S:1/179	S:14/3015	D:0.0714285714285714	D:1.20311252992817	D:0.191343080713922	D:0.576323045324273	D:0.860996398470997	D:0.844261591861711	S:Ywhag	D:1	N:	N:	N:	N:	N:	N:	N:	N:	N:	N:	N:	N:	N:	N:
S:Liver	S:Translesion synthesis by y family dna polymerases bypasses lesions on dna template	S:FALSE	S:R-MMU-110313	S:Translesion synthesis by Y family DNA polymerases bypasses lesions on DNA template	S:1/179	S:14/3015	D:0.0714285714285714	D:1.20311252992817	D:0.191343080713922	D:0.576323045324273	D:0.860996398470997	D:0.844261591861711	S:Usp10	D:1	N:	N:	N:	N:	N:	N:	N:	N:	N:	N:	N:	N:	N:	N:
S:Liver	S:Signaling by notch	S:FALSE	S:R-MMU-157118	S:Signaling by NOTCH	S:1/179	S:14/3015	D:0.0714285714285714	D:1.20311252992817	D:0.191343080713922	D:0.576323045324273	D:0.860996398470997	D:0.844261591861711	S:Itch	D:1	N:	N:	N:	N:	N:	N:	N:	N:	N:	N:	N:	N:	N:	N:
S:Liver	S:Transcriptional activity of smad2/smad3:smad4 heterotrimer	S:FALSE	S:R-MMU-2173793	S:Transcriptional activity of SMAD2/SMAD3:SMAD4 heterotrimer	S:1/179	S:14/3015	D:0.0714285714285714	D:1.20311252992817	D:0.191343080713922	D:0.576323045324273	D:0.860996398470997	D:0.844261591861711	S:Usp9x	D:1	N:	N:	N:	N:	N:	N:	N:	N:	N:	N:	N:	N:	N:	N:
S:Liver	S:Senescence-associated secretory phenotype (sasp)	S:FALSE	S:R-MMU-2559582	S:Senescence-Associated Secretory Phenotype (SASP)	S:1/179	S:14/3015	D:0.0714285714285714	D:1.20311252992817	D:0.191343080713922	D:0.576323045324273	D:0.860996398470997	D:0.844261591861711	S:Cdk6	D:1	N:	N:	N:	N:	N:	N:	N:	N:	N:	N:	N:	N:	N:	N:
S:Liver	S:Rho gtpases activate nadph oxidases	S:FALSE	S:R-MMU-5668599	S:RHO GTPases Activate NADPH Oxidases	S:1/179	S:14/3015	D:0.0714285714285714	D:1.20311252992817	D:0.191343080713922	D:0.576323045324273	D:0.860996398470997	D:0.844261591861711	S:Pik3r4	D:1	N:	N:	N:	N:	N:	N:	N:	N:	N:	N:	N:	N:	N:	N:
S:Liver	S:Aerobic respiration and respiratory electron transport	S:FALSE	S:R-MMU-1428517	S:Aerobic respiration and respiratory electron transport	S:7/179	S:120/3015	D:0.0583333333333333	D:0.982541899441341	D:-0.0490239562356421	D:0.576974764950481	D:0.860996398470997	D:0.844261591861711	S:Acad9/Dlat/Hspa9/Iscu/Me1/Ndufb9/Slc25a13	D:7	N:	N:	N:	N:	N:	N:	N:	N:	N:	N:	N:	N:	N:	N:
S:Liver	S:Resolution of sister chromatid cohesion	S:FALSE	S:R-MMU-2500257	S:Resolution of Sister Chromatid Cohesion	S:3/179	S:51/3015	D:0.0588235294117647	D:0.990798554058495	D:-0.0166474260203308	D:0.59190729520528	D:0.873398537377358	D:0.856422675873408	S:Ahctf1/Ranbp2/Stag2	D:3	N:	N:	N:	N:	N:	N:	N:	N:	N:	N:	N:	N:	N:	N:
S:Liver	S:Signaling by tgfb family members	S:FALSE	S:R-MMU-9006936	S:Signaling by TGFB family members	S:2/179	S:33/3015	D:0.0606060606060606	D:1.02082275266633	D:0.0302124759138857	D:0.592359104376481	D:0.873398537377358	D:0.856422675873408	S:Strap/Usp9x	D:2	N:	N:	N:	N:	N:	N:	N:	N:	N:	N:	N:	N:	N:	N:
S:Liver	S:Selective autophagy	S:FALSE	S:R-MMU-9663891	S:Selective autophagy	S:2/179	S:33/3015	D:0.0606060606060606	D:1.02082275266633	D:0.0302124759138857	D:0.592359104376481	D:0.873398537377358	D:0.856422675873408	S:Mfn2/Nbr1	D:2	N:	N:	N:	N:	N:	N:	N:	N:	N:	N:	N:	N:	N:	N:
S:Liver	S:Nucleotide-binding domain, leucine rich repeat containing receptor (nlr) signaling pathways	S:FALSE	S:R-MMU-168643	S:Nucleotide-binding domain, leucine rich repeat containing receptor (NLR) signaling pathways	S:1/179	S:15/3015	D:0.0666666666666667	D:1.12290502793296	D:0.119867011641501	D:0.601594013297267	D:0.873398537377358	D:0.856422675873408	S:Itch	D:1	N:	N:	N:	N:	N:	N:	N:	N:	N:	N:	N:	N:	N:	N:
S:Liver	S:Extension of telomeres	S:FALSE	S:R-MMU-180786	S:Extension of Telomeres	S:1/179	S:15/3015	D:0.0666666666666667	D:1.12290502793296	D:0.119867011641501	D:0.601594013297267	D:0.873398537377358	D:0.856422675873408	S:Dkc1	D:1	N:	N:	N:	N:	N:	N:	N:	N:	N:	N:	N:	N:	N:	N:
S:Liver	S:Signalling to erks	S:FALSE	S:R-MMU-187687	S:Signalling to ERKs	S:1/179	S:15/3015	D:0.0666666666666667	D:1.12290502793296	D:0.119867011641501	D:0.601594013297267	D:0.873398537377358	D:0.856422675873408	S:Kidins220	D:1	N:	N:	N:	N:	N:	N:	N:	N:	N:	N:	N:	N:	N:	N:
S:Liver	S:Stimuli-sensing channels	S:FALSE	S:R-MMU-2672351	S:Stimuli-sensing channels	S:1/179	S:15/3015	D:0.0666666666666667	D:1.12290502793296	D:0.119867011641501	D:0.601594013297267	D:0.873398537377358	D:0.856422675873408	S:Wwp1	D:1	N:	N:	N:	N:	N:	N:	N:	N:	N:	N:	N:	N:	N:	N:
S:Liver	S:Pink1-prkn mediated mitophagy	S:FALSE	S:R-MMU-5205685	S:PINK1-PRKN Mediated Mitophagy	S:1/179	S:15/3015	D:0.0666666666666667	D:1.12290502793296	D:0.119867011641501	D:0.601594013297267	D:0.873398537377358	D:0.856422675873408	S:Mfn2	D:1	N:	N:	N:	N:	N:	N:	N:	N:	N:	N:	N:	N:	N:	N:
S:Liver	S:Plasma lipoprotein remodeling	S:FALSE	S:R-MMU-8963899	S:Plasma lipoprotein remodeling	S:1/179	S:15/3015	D:0.0666666666666667	D:1.12290502793296	D:0.119867011641501	D:0.601594013297267	D:0.873398537377358	D:0.856422675873408	S:P4hb	D:1	N:	N:	N:	N:	N:	N:	N:	N:	N:	N:	N:	N:	N:	N:
S:Liver	S:Rna polymerase ii transcription termination	S:FALSE	S:R-MMU-73856	S:RNA Polymerase II Transcription Termination	S:3/179	S:52/3015	D:0.0576923076923077	D:0.971744735711216	D:-0.0516273990513212	D:0.605316328028592	D:0.876163573903248	D:0.859133969605937	S:Eif4a3/Fip1l1/Nudt21	D:3	N:	N:	N:	N:	N:	N:	N:	N:	N:	N:	N:	N:	N:	N:
S:Liver	S:Antimicrobial mechanism of ifn-stimulated genes	S:FALSE	S:R-MMU-1169410	S:Antimicrobial mechanism of IFN-stimulated genes	S:3/179	S:53/3015	D:0.0566037735849057	D:0.953409929377042	D:-0.0859575053001318	D:0.61843337610747	D:0.886547661714301	D:0.869316226489891	S:Eif4a3/Eif4g2/Hspa8	D:3	N:	N:	N:	N:	N:	N:	N:	N:	N:	N:	N:	N:	N:	N:
S:Liver	S:Collagen formation	S:FALSE	S:R-MMU-1474290	S:Collagen formation	S:1/179	S:16/3015	D:0.0625	D:1.05272346368715	D:0.0531154320347863	D:0.625365570503864	D:0.886547661714301	D:0.869316226489891	S:P4hb	D:1	N:	N:	N:	N:	N:	N:	N:	N:	N:	N:	N:	N:	N:	N:
S:Liver	S:Egfr downregulation	S:FALSE	S:R-MMU-182971	S:EGFR downregulation	S:1/179	S:16/3015	D:0.0625	D:1.05272346368715	D:0.0531154320347863	D:0.625365570503864	D:0.886547661714301	D:0.869316226489891	S:Ptprk	D:1	N:	N:	N:	N:	N:	N:	N:	N:	N:	N:	N:	N:	N:	N:
S:Liver	S:Rmts methylate histone arginines	S:FALSE	S:R-MMU-3214858	S:RMTs methylate histone arginines	S:1/179	S:16/3015	D:0.0625	D:1.05272346368715	D:0.0531154320347863	D:0.625365570503864	D:0.886547661714301	D:0.869316226489891	S:Rbbp7	D:1	N:	N:	N:	N:	N:	N:	N:	N:	N:	N:	N:	N:	N:	N:
S:Liver	S:Regulated necrosis	S:FALSE	S:R-MMU-5218859	S:Regulated Necrosis	S:1/179	S:16/3015	D:0.0625	D:1.05272346368715	D:0.0531154320347863	D:0.625365570503864	D:0.886547661714301	D:0.869316226489891	S:Itch	D:1	N:	N:	N:	N:	N:	N:	N:	N:	N:	N:	N:	N:	N:	N:
S:Liver	S:Ion transport by p-type atpases	S:FALSE	S:R-MMU-936837	S:Ion transport by P-type ATPases	S:1/179	S:16/3015	D:0.0625	D:1.05272346368715	D:0.0531154320347863	D:0.625365570503864	D:0.886547661714301	D:0.869316226489891	S:Atp11c	D:1	N:	N:	N:	N:	N:	N:	N:	N:	N:	N:	N:	N:	N:	N:
S:Liver	S:Regulation of complement cascade	S:FALSE	S:R-MMU-977606	S:Regulation of Complement cascade	S:1/179	S:16/3015	D:0.0625	D:1.05272346368715	D:0.0531154320347863	D:0.625365570503864	D:0.886547661714301	D:0.869316226489891	S:C8a	D:1	N:	N:	N:	N:	N:	N:	N:	N:	N:	N:	N:	N:	N:	N:
S:Liver	S:Deadenylation-dependent mrna decay	S:FALSE	S:R-MMU-429914	S:Deadenylation-dependent mRNA decay	S:2/179	S:36/3015	D:0.0555555555555556	D:0.935754189944134	D:-0.0974105138670352	D:0.640333484329029	D:0.899723441004515	D:0.882235913979094	S:Cnot2/Eif4a3	D:2	N:	N:	N:	N:	N:	N:	N:	N:	N:	N:	N:	N:	N:	N:
S:Liver	S:Cellular responses to mechanical stimuli	S:FALSE	S:R-MMU-9855142	S:Cellular responses to mechanical stimuli	S:2/179	S:36/3015	D:0.0555555555555556	D:0.935754189944134	D:-0.0974105138670352	D:0.640333484329029	D:0.899723441004515	D:0.882235913979094	S:Capn2/Pkn2	D:2	N:	N:	N:	N:	N:	N:	N:	N:	N:	N:	N:	N:	N:	N:
S:Liver	S:Response of endothelial cells to shear stress	S:FALSE	S:R-MMU-9860931	S:Response of endothelial cells to shear stress	S:2/179	S:36/3015	D:0.0555555555555556	D:0.935754189944134	D:-0.0974105138670352	D:0.640333484329029	D:0.899723441004515	D:0.882235913979094	S:Capn2/Pkn2	D:2	N:	N:	N:	N:	N:	N:	N:	N:	N:	N:	N:	N:	N:	N:
S:Liver	S:Telomere maintenance	S:FALSE	S:R-MMU-157579	S:Telomere Maintenance	S:1/179	S:17/3015	D:0.0588235294117647	D:0.990798554058495	D:-0.00955673957874597	D:0.647726211677524	D:0.899723441004515	D:0.882235913979094	S:Dkc1	D:1	N:	N:	N:	N:	N:	N:	N:	N:	N:	N:	N:	N:	N:	N:
S:Liver	S:Glyoxylate metabolism and glycine degradation	S:FALSE	S:R-MMU-389661	S:Glyoxylate metabolism and glycine degradation	S:1/179	S:17/3015	D:0.0588235294117647	D:0.990798554058495	D:-0.00955673957874597	D:0.647726211677524	D:0.899723441004515	D:0.882235913979094	S:Gldc	D:1	N:	N:	N:	N:	N:	N:	N:	N:	N:	N:	N:	N:	N:	N:
S:Liver	S:G2/m dna damage checkpoint	S:FALSE	S:R-MMU-69473	S:G2/M DNA damage checkpoint	S:1/179	S:17/3015	D:0.0588235294117647	D:0.990798554058495	D:-0.00955673957874597	D:0.647726211677524	D:0.899723441004515	D:0.882235913979094	S:Ywhag	D:1	N:	N:	N:	N:	N:	N:	N:	N:	N:	N:	N:	N:	N:	N:
S:Liver	S:Kinesins	S:FALSE	S:R-MMU-983189	S:Kinesins	S:1/179	S:17/3015	D:0.0588235294117647	D:0.990798554058495	D:-0.00955673957874597	D:0.647726211677524	D:0.899723441004515	D:0.882235913979094	S:Kif16b	D:1	N:	N:	N:	N:	N:	N:	N:	N:	N:	N:	N:	N:	N:	N:
S:Liver	S:Extracellular matrix organization	S:FALSE	S:R-MMU-1474244	S:Extracellular matrix organization	S:4/179	S:74/3015	D:0.0540540540540541	D:0.91046353616186	D:-0.195890471764855	D:0.649833227444392	D:0.900056366747693	D:0.882562368791689	S:Capn2/P4hb/Sh3pxd2a/Utrn	D:4	N:	N:	N:	N:	N:	N:	N:	N:	N:	N:	N:	N:	N:	N:
S:Liver	S:Rho gtpases activate formins	S:FALSE	S:R-MMU-5663220	S:RHO GTPases Activate Formins	S:3/179	S:57/3015	D:0.0526315789473684	D:0.886503969420759	D:-0.217302159352746	D:0.667922887572495	D:0.90291863289488	D:0.885369002336321	S:Ahctf1/Daam1/Ranbp2	D:3	N:	N:	N:	N:	N:	N:	N:	N:	N:	N:	N:	N:	N:	N:
S:Liver	S:Complement cascade	S:FALSE	S:R-MMU-166658	S:Complement cascade	S:1/179	S:18/3015	D:0.0555555555555556	D:0.935754189944134	D:-0.0686724776483625	D:0.668759236397245	D:0.90291863289488	D:0.885369002336321	S:C8a	D:1	N:	N:	N:	N:	N:	N:	N:	N:	N:	N:	N:	N:	N:	N:
S:Liver	S:Binding and uptake of ligands by scavenger receptors	S:FALSE	S:R-MMU-2173782	S:Binding and Uptake of Ligands by Scavenger Receptors	S:1/179	S:18/3015	D:0.0555555555555556	D:0.935754189944134	D:-0.0686724776483625	D:0.668759236397245	D:0.90291863289488	D:0.885369002336321	S:Calr	D:1	N:	N:	N:	N:	N:	N:	N:	N:	N:	N:	N:	N:	N:	N:
S:Liver	S:Mitophagy	S:FALSE	S:R-MMU-5205647	S:Mitophagy	S:1/179	S:18/3015	D:0.0555555555555556	D:0.935754189944134	D:-0.0686724776483625	D:0.668759236397245	D:0.90291863289488	D:0.885369002336321	S:Mfn2	D:1	N:	N:	N:	N:	N:	N:	N:	N:	N:	N:	N:	N:	N:	N:
S:Liver	S:Dna damage recognition in gg-ner	S:FALSE	S:R-MMU-5696394	S:DNA Damage Recognition in GG-NER	S:1/179	S:18/3015	D:0.0555555555555556	D:0.935754189944134	D:-0.0686724776483625	D:0.668759236397245	D:0.90291863289488	D:0.885369002336321	S:Rad23b	D:1	N:	N:	N:	N:	N:	N:	N:	N:	N:	N:	N:	N:	N:	N:
S:Liver	S:Formation of incision complex in gg-ner	S:FALSE	S:R-MMU-5696395	S:Formation of Incision Complex in GG-NER	S:1/179	S:18/3015	D:0.0555555555555556	D:0.935754189944134	D:-0.0686724776483625	D:0.668759236397245	D:0.90291863289488	D:0.885369002336321	S:Rad23b	D:1	N:	N:	N:	N:	N:	N:	N:	N:	N:	N:	N:	N:	N:	N:
S:Liver	S:Dna damage bypass	S:FALSE	S:R-MMU-73893	S:DNA Damage Bypass	S:1/179	S:18/3015	D:0.0555555555555556	D:0.935754189944134	D:-0.0686724776483625	D:0.668759236397245	D:0.90291863289488	D:0.885369002336321	S:Usp10	D:1	N:	N:	N:	N:	N:	N:	N:	N:	N:	N:	N:	N:	N:	N:
S:Liver	S:Postmitotic nuclear pore complex (npc) reformation	S:FALSE	S:R-MMU-9615933	S:Postmitotic nuclear pore complex (NPC) reformation	S:1/179	S:18/3015	D:0.0555555555555556	D:0.935754189944134	D:-0.0686724776483625	D:0.668759236397245	D:0.90291863289488	D:0.885369002336321	S:Ahctf1	D:1	N:	N:	N:	N:	N:	N:	N:	N:	N:	N:	N:	N:	N:	N:
S:Liver	S:Rnd1 gtpase cycle	S:FALSE	S:R-MMU-9696273	S:RND1 GTPase cycle	S:1/179	S:18/3015	D:0.0555555555555556	D:0.935754189944134	D:-0.0686724776483625	D:0.668759236397245	D:0.90291863289488	D:0.885369002336321	S:Kidins220	D:1	N:	N:	N:	N:	N:	N:	N:	N:	N:	N:	N:	N:	N:	N:
S:Liver	S:Amplification of signal from the kinetochores	S:FALSE	S:R-MMU-141424	S:Amplification of signal from the kinetochores	S:2/179	S:39/3015	D:0.0512820512820513	D:0.86377309840997	D:-0.215091746138832	D:0.683781302398838	D:0.909254113087247	D:0.8915813425992	S:Ahctf1/Ranbp2	D:2	N:	N:	N:	N:	N:	N:	N:	N:	N:	N:	N:	N:	N:	N:
S:Liver	S:Amplification of signal from unattached kinetochores via a mad2 inhibitory signal	S:FALSE	S:R-MMU-141444	S:Amplification  of signal from unattached  kinetochores via a MAD2  inhibitory signal	S:2/179	S:39/3015	D:0.0512820512820513	D:0.86377309840997	D:-0.215091746138832	D:0.683781302398838	D:0.909254113087247	D:0.8915813425992	S:Ahctf1/Ranbp2	D:2	N:	N:	N:	N:	N:	N:	N:	N:	N:	N:	N:	N:	N:	N:
S:Liver	S:Sulfur amino acid metabolism	S:FALSE	S:R-MMU-1614635	S:Sulfur amino acid metabolism	S:1/179	S:19/3015	D:0.0526315789473684	D:0.886503969420759	D:-0.124661283756701	D:0.688543052441587	D:0.909254113087247	D:0.8915813425992	S:Slc25a10	D:1	N:	N:	N:	N:	N:	N:	N:	N:	N:	N:	N:	N:	N:	N:
S:Liver	S:Non-integrin membrane-ecm interactions	S:FALSE	S:R-MMU-3000171	S:Non-integrin membrane-ECM interactions	S:1/179	S:19/3015	D:0.0526315789473684	D:0.886503969420759	D:-0.124661283756701	D:0.688543052441587	D:0.909254113087247	D:0.8915813425992	S:Utrn	D:1	N:	N:	N:	N:	N:	N:	N:	N:	N:	N:	N:	N:	N:	N:
S:Liver	S:Detoxification of reactive oxygen species	S:FALSE	S:R-MMU-3299685	S:Detoxification of Reactive Oxygen Species	S:1/179	S:19/3015	D:0.0526315789473684	D:0.886503969420759	D:-0.124661283756701	D:0.688543052441587	D:0.909254113087247	D:0.8915813425992	S:P4hb	D:1	N:	N:	N:	N:	N:	N:	N:	N:	N:	N:	N:	N:	N:	N:
S:Liver	S:E3 ubiquitin ligases ubiquitinate target proteins	S:FALSE	S:R-MMU-8866654	S:E3 ubiquitin ligases ubiquitinate target proteins	S:1/179	S:19/3015	D:0.0526315789473684	D:0.886503969420759	D:-0.124661283756701	D:0.688543052441587	D:0.909254113087247	D:0.8915813425992	S:Prkdc	D:1	N:	N:	N:	N:	N:	N:	N:	N:	N:	N:	N:	N:	N:	N:
S:Liver	S:Rhoh gtpase cycle	S:FALSE	S:R-MMU-9013407	S:RHOH GTPase cycle	S:1/179	S:19/3015	D:0.0526315789473684	D:0.886503969420759	D:-0.124661283756701	D:0.688543052441587	D:0.909254113087247	D:0.8915813425992	S:Wdr11	D:1	N:	N:	N:	N:	N:	N:	N:	N:	N:	N:	N:	N:	N:	N:
S:Liver	S:Antigen processing: ub, atp-independent proteasomal degradation	S:FALSE	S:R-MMU-9912633	S:Antigen processing: Ub, ATP-independent proteasomal degradation	S:1/179	S:19/3015	D:0.0526315789473684	D:0.886503969420759	D:-0.124661283756701	D:0.688543052441587	D:0.909254113087247	D:0.8915813425992	S:Psma5	D:1	N:	N:	N:	N:	N:	N:	N:	N:	N:	N:	N:	N:	N:	N:
S:Liver	S:Ion channel transport	S:FALSE	S:R-MMU-983712	S:Ion channel transport	S:2/179	S:40/3015	D:0.05	D:0.842178770949721	D:-0.252404421284461	D:0.697283293360645	D:0.918280184152544	D:0.900431977908915	S:Atp11c/Wwp1	D:2	N:	N:	N:	N:	N:	N:	N:	N:	N:	N:	N:	N:	N:	N:
S:Liver	S:Er-phagosome pathway	S:FALSE	S:R-MMU-1236974	S:ER-Phagosome pathway	S:1/179	S:20/3015	D:0.05	D:0.842178770949721	D:-0.177879963584614	D:0.707151461524683	D:0.923704619118963	D:0.905750980529405	S:Psma5	D:1	N:	N:	N:	N:	N:	N:	N:	N:	N:	N:	N:	N:	N:	N:
S:Liver	S:Recycling pathway of l1	S:FALSE	S:R-MMU-437239	S:Recycling pathway of L1	S:1/179	S:20/3015	D:0.05	D:0.842178770949721	D:-0.177879963584614	D:0.707151461524683	D:0.923704619118963	D:0.905750980529405	S:Cltc	D:1	N:	N:	N:	N:	N:	N:	N:	N:	N:	N:	N:	N:	N:	N:
S:Liver	S:Signaling by retinoic acid	S:FALSE	S:R-MMU-5362517	S:Signaling by Retinoic Acid	S:1/179	S:20/3015	D:0.05	D:0.842178770949721	D:-0.177879963584614	D:0.707151461524683	D:0.923704619118963	D:0.905750980529405	S:Dlat	D:1	N:	N:	N:	N:	N:	N:	N:	N:	N:	N:	N:	N:	N:	N:
S:Liver	S:Peptide hormone metabolism	S:FALSE	S:R-MMU-2980736	S:Peptide hormone metabolism	S:1/179	S:21/3015	D:0.0476190476190476	D:0.802075019952115	D:-0.228627983255532	D:0.724653928431889	D:0.941464133434422	D:0.923165311011259	S:P4hb	D:1	N:	N:	N:	N:	N:	N:	N:	N:	N:	N:	N:	N:	N:	N:
S:Liver	S:Intra-golgi traffic	S:FALSE	S:R-MMU-6811438	S:Intra-Golgi traffic	S:1/179	S:21/3015	D:0.0476190476190476	D:0.802075019952115	D:-0.228627983255532	D:0.724653928431889	D:0.941464133434422	D:0.923165311011259	S:Rab30	D:1	N:	N:	N:	N:	N:	N:	N:	N:	N:	N:	N:	N:	N:	N:
S:Liver	S:Programmed cell death	S:FALSE	S:R-MMU-5357801	S:Programmed Cell Death	S:2/179	S:43/3015	D:0.0465116279069767	D:0.783422112511368	D:-0.359309719086749	D:0.734958810478578	D:0.947192905483087	D:0.928782735448583	S:Itch/Ywhag	D:2	N:	N:	N:	N:	N:	N:	N:	N:	N:	N:	N:	N:	N:	N:
S:Liver	S:Mitotic spindle checkpoint	S:FALSE	S:R-MMU-69618	S:Mitotic Spindle Checkpoint	S:2/179	S:43/3015	D:0.0465116279069767	D:0.783422112511368	D:-0.359309719086749	D:0.734958810478578	D:0.947192905483087	D:0.928782735448583	S:Ahctf1/Ranbp2	D:2	N:	N:	N:	N:	N:	N:	N:	N:	N:	N:	N:	N:	N:	N:
S:Liver	S:Formation of the ternary complex, and subsequently, the 43s complex	S:FALSE	S:R-MMU-72695	S:Formation of the ternary complex, and subsequently, the 43S complex	S:2/179	S:43/3015	D:0.0465116279069767	D:0.783422112511368	D:-0.359309719086749	D:0.734958810478578	D:0.947192905483087	D:0.928782735448583	S:Eif3a/Eif3m	D:2	N:	N:	N:	N:	N:	N:	N:	N:	N:	N:	N:	N:	N:	N:
S:Liver	S:Glutathione conjugation	S:FALSE	S:R-MMU-156590	S:Glutathione conjugation	S:1/179	S:22/3015	D:0.0454545454545455	D:0.765617064499746	D:-0.277159007482708	D:0.741115834514285	D:0.947527406461234	D:0.929110734879	S:Gclm	D:1	N:	N:	N:	N:	N:	N:	N:	N:	N:	N:	N:	N:	N:	N:
S:Liver	S:Rnd2 gtpase cycle	S:FALSE	S:R-MMU-9696270	S:RND2 GTPase cycle	S:1/179	S:22/3015	D:0.0454545454545455	D:0.765617064499746	D:-0.277159007482708	D:0.741115834514285	D:0.947527406461234	D:0.929110734879	S:Kidins220	D:1	N:	N:	N:	N:	N:	N:	N:	N:	N:	N:	N:	N:	N:	N:
S:Liver	S:Turbulent (oscillatory, disturbed) flow shear stress activates signaling by piezo1 and integrins in endothelial cells	S:FALSE	S:R-MMU-9860927	S:Turbulent (oscillatory, disturbed) flow shear stress activates signaling by PIEZO1 and integrins in endothelial cells	S:1/179	S:22/3015	D:0.0454545454545455	D:0.765617064499746	D:-0.277159007482708	D:0.741115834514285	D:0.947527406461234	D:0.929110734879	S:Capn2	D:1	N:	N:	N:	N:	N:	N:	N:	N:	N:	N:	N:	N:	N:	N:
S:Liver	S:Transcriptional regulation by tp53	S:FALSE	S:R-MMU-3700989	S:Transcriptional Regulation by TP53	S:5/179	S:104/3015	D:0.0480769230769231	D:0.809787279759347	D:-0.495884061535375	D:0.750755710923804	D:0.952168619652803	D:0.93366173886025	S:Cnot2/Gls2/Rbbp4/Rbbp7/Ywhag	D:5	N:	N:	N:	N:	N:	N:	N:	N:	N:	N:	N:	N:	N:	N:
S:Liver	S:Degradation of the extracellular matrix	S:FALSE	S:R-MMU-1474228	S:Degradation of the extracellular matrix	S:1/179	S:23/3015	D:0.0434782608695652	D:0.732329366043235	D:-0.323689697795726	D:0.756598716446107	D:0.952168619652803	D:0.93366173886025	S:Capn2	D:1	N:	N:	N:	N:	N:	N:	N:	N:	N:	N:	N:	N:	N:	N:
S:Liver	S:Synthesis of pips at the plasma membrane	S:FALSE	S:R-MMU-1660499	S:Synthesis of PIPs at the plasma membrane	S:1/179	S:23/3015	D:0.0434782608695652	D:0.732329366043235	D:-0.323689697795726	D:0.756598716446107	D:0.952168619652803	D:0.93366173886025	S:Rab14	D:1	N:	N:	N:	N:	N:	N:	N:	N:	N:	N:	N:	N:	N:	N:
S:Liver	S:Loss of nlp from mitotic centrosomes	S:FALSE	S:R-MMU-380259	S:Loss of Nlp from mitotic centrosomes	S:1/179	S:23/3015	D:0.0434782608695652	D:0.732329366043235	D:-0.323689697795726	D:0.756598716446107	D:0.952168619652803	D:0.93366173886025	S:Ywhag	D:1	N:	N:	N:	N:	N:	N:	N:	N:	N:	N:	N:	N:	N:	N:
S:Liver	S:Loss of proteins required for interphase microtubule organization from the centrosome	S:FALSE	S:R-MMU-380284	S:Loss of proteins required for interphase microtubule organization from the centrosome	S:1/179	S:23/3015	D:0.0434782608695652	D:0.732329366043235	D:-0.323689697795726	D:0.756598716446107	D:0.952168619652803	D:0.93366173886025	S:Ywhag	D:1	N:	N:	N:	N:	N:	N:	N:	N:	N:	N:	N:	N:	N:	N:
S:Liver	S:Aurka activation by tpx2	S:FALSE	S:R-MMU-8854518	S:AURKA Activation by TPX2	S:1/179	S:23/3015	D:0.0434782608695652	D:0.732329366043235	D:-0.323689697795726	D:0.756598716446107	D:0.952168619652803	D:0.93366173886025	S:Ywhag	D:1	N:	N:	N:	N:	N:	N:	N:	N:	N:	N:	N:	N:	N:	N:
S:Liver	S:Phospholipid metabolism	S:FALSE	S:R-MMU-1483257	S:Phospholipid metabolism	S:4/179	S:86/3015	D:0.0465116279069767	D:0.783422112511368	D:-0.511857038105307	D:0.762193274856063	D:0.954393474889978	D:0.93584335056912	S:Ddhd2/Pik3r4/Pitpnb/Rab14	D:4	N:	N:	N:	N:	N:	N:	N:	N:	N:	N:	N:	N:	N:	N:
S:Liver	S:Biological oxidations	S:FALSE	S:R-MMU-211859	S:Biological oxidations	S:4/179	S:87/3015	D:0.0459770114942529	D:0.774417260643421	D:-0.53632122247485	D:0.770159881170667	D:0.954393474889978	D:0.93584335056912	S:Gclm/Nat2/Tpst1/Trmt112	D:4	N:	N:	N:	N:	N:	N:	N:	N:	N:	N:	N:	N:	N:	N:
S:Liver	S:Citric acid cycle (tca cycle)	S:FALSE	S:R-MMU-71403	S:Citric acid cycle (TCA cycle)	S:1/179	S:24/3015	D:0.0416666666666667	D:0.701815642458101	D:-0.36840651147435	D:0.771160491097225	D:0.954393474889978	D:0.93584335056912	S:Iscu	D:1	N:	N:	N:	N:	N:	N:	N:	N:	N:	N:	N:	N:	N:	N:
S:Liver	S:Copi-dependent golgi-to-er retrograde traffic	S:FALSE	S:R-MMU-6811434	S:COPI-dependent Golgi-to-ER retrograde traffic	S:2/179	S:47/3015	D:0.0425531914893617	D:0.716747890169975	D:-0.491626359432059	D:0.778952653923831	D:0.954393474889978	D:0.93584335056912	S:Copa/Kif16b	D:2	N:	N:	N:	N:	N:	N:	N:	N:	N:	N:	N:	N:	N:	N:
S:Liver	S:Interferon signaling	S:FALSE	S:R-MMU-913531	S:Interferon Signaling	S:3/179	S:68/3015	D:0.0441176470588235	D:0.743098915543871	D:-0.538239234615397	D:0.779488350483534	D:0.954393474889978	D:0.93584335056912	S:Eif4a3/Eif4g2/Hspa8	D:3	N:	N:	N:	N:	N:	N:	N:	N:	N:	N:	N:	N:	N:	N:
S:Liver	S:Anchoring of the basal body to the plasma membrane	S:FALSE	S:R-MMU-5620912	S:Anchoring of the basal body to the plasma membrane	S:1/179	S:25/3015	D:0.04	D:0.673743016759777	D:-0.411471019399716	D:0.78485566732377	D:0.954393474889978	D:0.93584335056912	S:Ywhag	D:1	N:	N:	N:	N:	N:	N:	N:	N:	N:	N:	N:	N:	N:	N:
S:Liver	S:Glycerophospholipid biosynthesis	S:FALSE	S:R-MMU-1483206	S:Glycerophospholipid biosynthesis	S:2/179	S:48/3015	D:0.0416666666666667	D:0.701815642458101	D:-0.523108442017939	D:0.788908036717785	D:0.954393474889978	D:0.93584335056912	S:Ddhd2/Pitpnb	D:2	N:	N:	N:	N:	N:	N:	N:	N:	N:	N:	N:	N:	N:	N:
S:Liver	S:Rac3 gtpase cycle	S:FALSE	S:R-MMU-9013423	S:RAC3 GTPase cycle	S:2/179	S:48/3015	D:0.0416666666666667	D:0.701815642458101	D:-0.523108442017939	D:0.788908036717785	D:0.954393474889978	D:0.93584335056912	S:Lman1/Pgrmc2	D:2	N:	N:	N:	N:	N:	N:	N:	N:	N:	N:	N:	N:	N:	N:
S:Liver	S:Golgi-to-er retrograde transport	S:FALSE	S:R-MMU-8856688	S:Golgi-to-ER retrograde transport	S:3/179	S:71/3015	D:0.0422535211267606	D:0.711700369816665	D:-0.617517661169877	D:0.80399576436757	D:0.954393474889978	D:0.93584335056912	S:Copa/Kif16b/Rab3gap2	D:3	N:	N:	N:	N:	N:	N:	N:	N:	N:	N:	N:	N:	N:	N:
S:Liver	S:Regulation of tp53 activity	S:FALSE	S:R-MMU-5633007	S:Regulation of TP53 Activity	S:2/179	S:50/3015	D:0.04	D:0.673743016759777	D:-0.584355983939511	D:0.807646111104983	D:0.954393474889978	D:0.93584335056912	S:Rbbp4/Rbbp7	D:2	N:	N:	N:	N:	N:	N:	N:	N:	N:	N:	N:	N:	N:	N:
S:Liver	S:Translation initiation complex formation	S:FALSE	S:R-MMU-72649	S:Translation initiation complex formation	S:2/179	S:50/3015	D:0.04	D:0.673743016759777	D:-0.584355983939511	D:0.807646111104983	D:0.954393474889978	D:0.93584335056912	S:Eif3a/Eif3m	D:2	N:	N:	N:	N:	N:	N:	N:	N:	N:	N:	N:	N:	N:	N:
S:Liver	S:Activation of the mrna upon binding of the cap-binding complex and eifs, and subsequent binding to 43s	S:FALSE	S:R-MMU-72662	S:Activation of the mRNA upon binding of the cap-binding complex and eIFs, and subsequent binding to 43S	S:2/179	S:50/3015	D:0.04	D:0.673743016759777	D:-0.584355983939511	D:0.807646111104983	D:0.954393474889978	D:0.93584335056912	S:Eif3a/Eif3m	D:2	N:	N:	N:	N:	N:	N:	N:	N:	N:	N:	N:	N:	N:	N:
S:Liver	S:Ribosomal scanning and start codon recognition	S:FALSE	S:R-MMU-72702	S:Ribosomal scanning and start codon recognition	S:2/179	S:50/3015	D:0.04	D:0.673743016759777	D:-0.584355983939511	D:0.807646111104983	D:0.954393474889978	D:0.93584335056912	S:Eif3a/Eif3m	D:2	N:	N:	N:	N:	N:	N:	N:	N:	N:	N:	N:	N:	N:	N:
S:Liver	S:Cargo recognition for clathrin-mediated endocytosis	S:FALSE	S:R-MMU-8856825	S:Cargo recognition for clathrin-mediated endocytosis	S:2/179	S:50/3015	D:0.04	D:0.673743016759777	D:-0.584355983939511	D:0.807646111104983	D:0.954393474889978	D:0.93584335056912	S:Cltc/Tor1b	D:2	N:	N:	N:	N:	N:	N:	N:	N:	N:	N:	N:	N:	N:	N:
S:Liver	S:Rac2 gtpase cycle	S:FALSE	S:R-MMU-9013404	S:RAC2 GTPase cycle	S:2/179	S:50/3015	D:0.04	D:0.673743016759777	D:-0.584355983939511	D:0.807646111104983	D:0.954393474889978	D:0.93584335056912	S:Lman1/Pgrmc2	D:2	N:	N:	N:	N:	N:	N:	N:	N:	N:	N:	N:	N:	N:	N:
S:Liver	S:Myd88:mal(tirap) cascade initiated on plasma membrane	S:FALSE	S:R-MMU-166058	S:MyD88:MAL(TIRAP) cascade initiated on plasma membrane	S:1/179	S:27/3015	D:0.037037037037037	D:0.623836126629423	D:-0.493189356438488	D:0.809848405041496	D:0.954393474889978	D:0.93584335056912	S:Usp14	D:1	N:	N:	N:	N:	N:	N:	N:	N:	N:	N:	N:	N:	N:	N:
S:Liver	S:Toll like receptor 10 (tlr10) cascade	S:FALSE	S:R-MMU-168142	S:Toll Like Receptor 10 (TLR10) Cascade	S:1/179	S:27/3015	D:0.037037037037037	D:0.623836126629423	D:-0.493189356438488	D:0.809848405041496	D:0.954393474889978	D:0.93584335056912	S:Usp14	D:1	N:	N:	N:	N:	N:	N:	N:	N:	N:	N:	N:	N:	N:	N:
S:Liver	S:Toll like receptor 5 (tlr5) cascade	S:FALSE	S:R-MMU-168176	S:Toll Like Receptor 5 (TLR5) Cascade	S:1/179	S:27/3015	D:0.037037037037037	D:0.623836126629423	D:-0.493189356438488	D:0.809848405041496	D:0.954393474889978	D:0.93584335056912	S:Usp14	D:1	N:	N:	N:	N:	N:	N:	N:	N:	N:	N:	N:	N:	N:	N:
S:Liver	S:Toll like receptor tlr1:tlr2 cascade	S:FALSE	S:R-MMU-168179	S:Toll Like Receptor TLR1:TLR2 Cascade	S:1/179	S:27/3015	D:0.037037037037037	D:0.623836126629423	D:-0.493189356438488	D:0.809848405041496	D:0.954393474889978	D:0.93584335056912	S:Usp14	D:1	N:	N:	N:	N:	N:	N:	N:	N:	N:	N:	N:	N:	N:	N:
S:Liver	S:Toll like receptor 7/8 (tlr7/8) cascade	S:FALSE	S:R-MMU-168181	S:Toll Like Receptor 7/8 (TLR7/8) Cascade	S:1/179	S:27/3015	D:0.037037037037037	D:0.623836126629423	D:-0.493189356438488	D:0.809848405041496	D:0.954393474889978	D:0.93584335056912	S:Usp14	D:1	N:	N:	N:	N:	N:	N:	N:	N:	N:	N:	N:	N:	N:	N:
S:Liver	S:Toll like receptor tlr6:tlr2 cascade	S:FALSE	S:R-MMU-168188	S:Toll Like Receptor TLR6:TLR2 Cascade	S:1/179	S:27/3015	D:0.037037037037037	D:0.623836126629423	D:-0.493189356438488	D:0.809848405041496	D:0.954393474889978	D:0.93584335056912	S:Usp14	D:1	N:	N:	N:	N:	N:	N:	N:	N:	N:	N:	N:	N:	N:	N:
S:Liver	S:Toll like receptor 2 (tlr2) cascade	S:FALSE	S:R-MMU-181438	S:Toll Like Receptor 2 (TLR2) Cascade	S:1/179	S:27/3015	D:0.037037037037037	D:0.623836126629423	D:-0.493189356438488	D:0.809848405041496	D:0.954393474889978	D:0.93584335056912	S:Usp14	D:1	N:	N:	N:	N:	N:	N:	N:	N:	N:	N:	N:	N:	N:	N:
S:Liver	S:Iron uptake and transport	S:FALSE	S:R-MMU-917937	S:Iron uptake and transport	S:1/179	S:27/3015	D:0.037037037037037	D:0.623836126629423	D:-0.493189356438488	D:0.809848405041496	D:0.954393474889978	D:0.93584335056912	S:Aco1	D:1	N:	N:	N:	N:	N:	N:	N:	N:	N:	N:	N:	N:	N:	N:
S:Liver	S:Traf6 mediated induction of nfkb and map kinases upon tlr7/8 or 9 activation	S:FALSE	S:R-MMU-975138	S:TRAF6 mediated induction of NFkB and MAP kinases upon TLR7/8 or 9 activation	S:1/179	S:27/3015	D:0.037037037037037	D:0.623836126629423	D:-0.493189356438488	D:0.809848405041496	D:0.954393474889978	D:0.93584335056912	S:Usp14	D:1	N:	N:	N:	N:	N:	N:	N:	N:	N:	N:	N:	N:	N:	N:
S:Liver	S:Myd88 dependent cascade initiated on endosome	S:FALSE	S:R-MMU-975155	S:MyD88 dependent cascade initiated on endosome	S:1/179	S:27/3015	D:0.037037037037037	D:0.623836126629423	D:-0.493189356438488	D:0.809848405041496	D:0.954393474889978	D:0.93584335056912	S:Usp14	D:1	N:	N:	N:	N:	N:	N:	N:	N:	N:	N:	N:	N:	N:	N:
S:Liver	S:Myd88 cascade initiated on plasma membrane	S:FALSE	S:R-MMU-975871	S:MyD88 cascade initiated on plasma membrane	S:1/179	S:27/3015	D:0.037037037037037	D:0.623836126629423	D:-0.493189356438488	D:0.809848405041496	D:0.954393474889978	D:0.93584335056912	S:Usp14	D:1	N:	N:	N:	N:	N:	N:	N:	N:	N:	N:	N:	N:	N:	N:
S:Liver	S:Toll like receptor 3 (tlr3) cascade	S:FALSE	S:R-MMU-168164	S:Toll Like Receptor 3 (TLR3) Cascade	S:1/179	S:28/3015	D:0.0357142857142857	D:0.601556264964086	D:-0.532075709895078	D:0.821239681981781	D:0.960770695910724	D:0.94209662036234	S:Usp14	D:1	N:	N:	N:	N:	N:	N:	N:	N:	N:	N:	N:	N:	N:	N:
S:Liver	S:Recruitment of mitotic centrosome proteins and complexes	S:FALSE	S:R-MMU-380270	S:Recruitment of mitotic centrosome proteins and complexes	S:1/179	S:28/3015	D:0.0357142857142857	D:0.601556264964086	D:-0.532075709895078	D:0.821239681981781	D:0.960770695910724	D:0.94209662036234	S:Ywhag	D:1	N:	N:	N:	N:	N:	N:	N:	N:	N:	N:	N:	N:	N:	N:
S:Liver	S:Centrosome maturation	S:FALSE	S:R-MMU-380287	S:Centrosome maturation	S:1/179	S:28/3015	D:0.0357142857142857	D:0.601556264964086	D:-0.532075709895078	D:0.821239681981781	D:0.960770695910724	D:0.94209662036234	S:Ywhag	D:1	N:	N:	N:	N:	N:	N:	N:	N:	N:	N:	N:	N:	N:	N:
S:Liver	S:Processing of capped intron-containing pre-mrna	S:FALSE	S:R-MMU-72203	S:Processing of Capped Intron-Containing Pre-mRNA	S:9/179	S:194/3015	D:0.0463917525773196	D:0.781402983355411	D:-0.790657834466127	D:0.827756079148133	D:0.9612781993414	D:0.942594259673048	S:Cherp/Eif4a3/Fip1l1/Hspa8/Nudt21/Nup50/Nup62/Ranbp2/Snip1	D:9	N:	N:	N:	N:	N:	N:	N:	N:	N:	N:	N:	N:	N:	N:
S:Liver	S:Signaling by egfr	S:FALSE	S:R-MMU-177929	S:Signaling by EGFR	S:1/179	S:29/3015	D:0.0344827586206897	D:0.580812945482566	D:-0.569779717588221	D:0.831952134919599	D:0.9612781993414	D:0.942594259673048	S:Ptprk	D:1	N:	N:	N:	N:	N:	N:	N:	N:	N:	N:	N:	N:	N:	N:
S:Liver	S:Nrage signals death through jnk	S:FALSE	S:R-MMU-193648	S:NRAGE signals death through JNK	S:1/179	S:29/3015	D:0.0344827586206897	D:0.580812945482566	D:-0.569779717588221	D:0.831952134919599	D:0.9612781993414	D:0.942594259673048	S:Akap13	D:1	N:	N:	N:	N:	N:	N:	N:	N:	N:	N:	N:	N:	N:	N:
S:Liver	S:Pkr-mediated signaling	S:FALSE	S:R-MMU-9833482	S:PKR-mediated signaling	S:1/179	S:29/3015	D:0.0344827586206897	D:0.580812945482566	D:-0.569779717588221	D:0.831952134919599	D:0.9612781993414	D:0.942594259673048	S:Hspa8	D:1	N:	N:	N:	N:	N:	N:	N:	N:	N:	N:	N:	N:	N:	N:
S:Liver	S:Regulation of plk1 activity at g2/m transition	S:FALSE	S:R-MMU-2565942	S:Regulation of PLK1 Activity at G2/M Transition	S:1/179	S:30/3015	D:0.0333333333333333	D:0.56145251396648	D:-0.606387320434027	D:0.842026002250272	D:0.9612781993414	D:0.942594259673048	S:Ywhag	D:1	N:	N:	N:	N:	N:	N:	N:	N:	N:	N:	N:	N:	N:	N:
S:Liver	S:Hsp90 chaperone cycle for steroid hormone receptors (shr) in the presence of ligand	S:TRUE	S:R-MMU-3371497	S:HSP90 chaperone cycle for steroid hormone receptors (SHR) in the presence of ligand	S:1/179	S:30/3015	D:0.0333333333333333	D:0.56145251396648	D:-0.606387320434027	D:0.842026002250272	D:0.9612781993414	D:0.942594259673048	S:Hspa8	D:1	N:	N:	N:	N:	N:	N:	N:	N:	N:	N:	N:	N:	N:	N:
S:Liver	S:Dna double-strand break repair	S:FALSE	S:R-MMU-5693532	S:DNA Double-Strand Break Repair	S:1/179	S:30/3015	D:0.0333333333333333	D:0.56145251396648	D:-0.606387320434027	D:0.842026002250272	D:0.9612781993414	D:0.942594259673048	S:Prkdc	D:1	N:	N:	N:	N:	N:	N:	N:	N:	N:	N:	N:	N:	N:	N:
S:Liver	S:Copi-independent golgi-to-er retrograde traffic	S:FALSE	S:R-MMU-6811436	S:COPI-independent Golgi-to-ER retrograde traffic	S:1/179	S:30/3015	D:0.0333333333333333	D:0.56145251396648	D:-0.606387320434027	D:0.842026002250272	D:0.9612781993414	D:0.942594259673048	S:Rab3gap2	D:1	N:	N:	N:	N:	N:	N:	N:	N:	N:	N:	N:	N:	N:	N:
S:Liver	S:Clathrin-mediated endocytosis	S:FALSE	S:R-MMU-8856828	S:Clathrin-mediated endocytosis	S:3/179	S:77/3015	D:0.038961038961039	D:0.656243198142639	D:-0.767566113603217	D:0.846213633480585	D:0.9612781993414	D:0.942594259673048	S:Cltc/Hspa8/Tor1b	D:3	N:	N:	N:	N:	N:	N:	N:	N:	N:	N:	N:	N:	N:	N:
S:Liver	S:Toll-like receptor cascades	S:FALSE	S:R-MMU-168898	S:Toll-like Receptor Cascades	S:2/179	S:55/3015	D:0.0363636363636364	D:0.612493651599797	D:-0.728549957607408	D:0.848186024043032	D:0.9612781993414	D:0.942594259673048	S:Pik3r4/Usp14	D:2	N:	N:	N:	N:	N:	N:	N:	N:	N:	N:	N:	N:	N:	N:
S:Liver	S:Rna polymerase ii transcribes snrna genes	S:FALSE	S:R-MMU-6807505	S:RNA polymerase II transcribes snRNA genes	S:1/179	S:31/3015	D:0.032258064516129	D:0.543341142548207	D:-0.6419753451797	D:0.851499149854025	D:0.9612781993414	D:0.942594259673048	S:Ints6	D:1	N:	N:	N:	N:	N:	N:	N:	N:	N:	N:	N:	N:	N:	N:
S:Liver	S:Rhoq gtpase cycle	S:FALSE	S:R-MMU-9013406	S:RHOQ GTPase cycle	S:1/179	S:31/3015	D:0.032258064516129	D:0.543341142548207	D:-0.6419753451797	D:0.851499149854025	D:0.9612781993414	D:0.942594259673048	S:Plekhg3	D:1	N:	N:	N:	N:	N:	N:	N:	N:	N:	N:	N:	N:	N:	N:
S:Liver	S:Major pathway of rrna processing in the nucleolus and cytosol	S:FALSE	S:R-MMU-6791226	S:Major pathway of rRNA processing in the nucleolus and cytosol	S:5/179	S:120/3015	D:0.0416666666666667	D:0.701815642458101	D:-0.837329172504765	D:0.851588778254726	D:0.9612781993414	D:0.942594259673048	S:Dcaf13/Mphosph10/Nop56/Rcl1/Wdr36	D:5	N:	N:	N:	N:	N:	N:	N:	N:	N:	N:	N:	N:	N:	N:
S:Liver	S:Rrna processing	S:FALSE	S:R-MMU-72312	S:rRNA processing	S:5/179	S:120/3015	D:0.0416666666666667	D:0.701815642458101	D:-0.837329172504765	D:0.851588778254726	D:0.9612781993414	D:0.942594259673048	S:Dcaf13/Mphosph10/Nop56/Rcl1/Wdr36	D:5	N:	N:	N:	N:	N:	N:	N:	N:	N:	N:	N:	N:	N:	N:
S:Liver	S:Rrna processing in the nucleus and cytosol	S:FALSE	S:R-MMU-8868773	S:rRNA processing in the nucleus and cytosol	S:5/179	S:120/3015	D:0.0416666666666667	D:0.701815642458101	D:-0.837329172504765	D:0.851588778254726	D:0.9612781993414	D:0.942594259673048	S:Dcaf13/Mphosph10/Nop56/Rcl1/Wdr36	D:5	N:	N:	N:	N:	N:	N:	N:	N:	N:	N:	N:	N:	N:	N:
S:Liver	S:Metabolism of rna	S:FALSE	S:R-MMU-8953854	S:Metabolism of RNA	S:20/179	S:407/3015	D:0.0491400491400491	D:0.827694123783509	D:-0.93883338753777	D:0.85439224153794	D:0.96218939350768	D:0.943487743360883	S:Cherp/Cnot2/Dcaf13/Eif4a3/Fip1l1/Gemin5/Hspa8/Mphosph10/Nop56/Nudt21/Nup50/Nup62/Psma5/Psmd1/Psmd12/Psmd7/Ranbp2/Rcl1/Snip1/Wdr36	D:20	N:	N:	N:	N:	N:	N:	N:	N:	N:	N:	N:	N:	N:	N:
S:Liver	S:Gamma carboxylation, hypusinylation, hydroxylation, and arylsulfatase activation	S:FALSE	S:R-MMU-163841	S:Gamma carboxylation, hypusinylation, hydroxylation, and arylsulfatase activation	S:1/179	S:32/3015	D:0.03125	D:0.526361731843575	D:-0.676612743531921	D:0.860407210234766	D:0.964456454263156	D:0.945710740258041	S:Tpst1	D:1	N:	N:	N:	N:	N:	N:	N:	N:	N:	N:	N:	N:	N:	N:
S:Liver	S:G alpha (12/13) signalling events	S:FALSE	S:R-MMU-416482	S:G alpha (12/13) signalling events	S:1/179	S:32/3015	D:0.03125	D:0.526361731843575	D:-0.676612743531921	D:0.860407210234766	D:0.964456454263156	D:0.945710740258041	S:Akap13	D:1	N:	N:	N:	N:	N:	N:	N:	N:	N:	N:	N:	N:	N:	N:
S:Liver	S:Apoptosis	S:FALSE	S:R-MMU-109581	S:Apoptosis	S:1/179	S:33/3015	D:0.0303030303030303	D:0.510411376333164	D:-0.710361628804532	D:0.868783713542837	D:0.969151884585184	D:0.950314907575338	S:Ywhag	D:1	N:	N:	N:	N:	N:	N:	N:	N:	N:	N:	N:	N:	N:	N:
S:Liver	S:Recruitment of numa to mitotic centrosomes	S:FALSE	S:R-MMU-380320	S:Recruitment of NuMA to mitotic centrosomes	S:1/179	S:33/3015	D:0.0303030303030303	D:0.510411376333164	D:-0.710361628804532	D:0.868783713542837	D:0.969151884585184	D:0.950314907575338	S:Ywhag	D:1	N:	N:	N:	N:	N:	N:	N:	N:	N:	N:	N:	N:	N:	N:
S:Liver	S:Dna repair	S:FALSE	S:R-MMU-73894	S:DNA Repair	S:3/179	S:82/3015	D:0.0365853658536585	D:0.6162283689876	D:-0.885052001999231	D:0.875173696541374	D:0.969151884585184	D:0.950314907575338	S:Prkdc/Rad23b/Usp10	D:3	N:	N:	N:	N:	N:	N:	N:	N:	N:	N:	N:	N:	N:	N:
S:Liver	S:Regulation of actin dynamics for phagocytic cup formation	S:FALSE	S:R-MMU-2029482	S:Regulation of actin dynamics for phagocytic cup formation	S:1/179	S:34/3015	D:0.0294117647058824	D:0.495399277029247	D:-0.743278148335455	D:0.876660210952573	D:0.969151884585184	D:0.950314907575338	S:Nf2	D:1	N:	N:	N:	N:	N:	N:	N:	N:	N:	N:	N:	N:	N:	N:
S:Liver	S:Cell death signalling via nrage, nrif and nade	S:FALSE	S:R-MMU-204998	S:Cell death signalling via NRAGE, NRIF and NADE	S:1/179	S:34/3015	D:0.0294117647058824	D:0.495399277029247	D:-0.743278148335455	D:0.876660210952573	D:0.969151884585184	D:0.950314907575338	S:Akap13	D:1	N:	N:	N:	N:	N:	N:	N:	N:	N:	N:	N:	N:	N:	N:
S:Liver	S:Pi5p, pp2a and ier3 regulate pi3k/akt signaling	S:FALSE	S:R-MMU-6811558	S:PI5P, PP2A and IER3 Regulate PI3K/AKT Signaling	S:1/179	S:34/3015	D:0.0294117647058824	D:0.495399277029247	D:-0.743278148335455	D:0.876660210952573	D:0.969151884585184	D:0.950314907575338	S:Irs1	D:1	N:	N:	N:	N:	N:	N:	N:	N:	N:	N:	N:	N:	N:	N:
S:Liver	S:Myd88-independent tlr4 cascade	S:FALSE	S:R-MMU-166166	S:MyD88-independent TLR4 cascade	S:1/179	S:35/3015	D:0.0285714285714286	D:0.481245011971269	D:-0.775413221784951	D:0.884066390838346	D:0.969585186451645	D:0.950739787544854	S:Usp14	D:1	N:	N:	N:	N:	N:	N:	N:	N:	N:	N:	N:	N:	N:	N:
S:Liver	S:Global genome nucleotide excision repair (gg-ner)	S:FALSE	S:R-MMU-5696399	S:Global Genome Nucleotide Excision Repair (GG-NER)	S:1/179	S:35/3015	D:0.0285714285714286	D:0.481245011971269	D:-0.775413221784951	D:0.884066390838346	D:0.969585186451645	D:0.950739787544854	S:Rad23b	D:1	N:	N:	N:	N:	N:	N:	N:	N:	N:	N:	N:	N:	N:	N:
S:Liver	S:Trif (ticam1)-mediated tlr4 signaling	S:FALSE	S:R-MMU-937061	S:TRIF (TICAM1)-mediated TLR4 signaling	S:1/179	S:35/3015	D:0.0285714285714286	D:0.481245011971269	D:-0.775413221784951	D:0.884066390838346	D:0.969585186451645	D:0.950739787544854	S:Usp14	D:1	N:	N:	N:	N:	N:	N:	N:	N:	N:	N:	N:	N:	N:	N:
S:Liver	S:Intra-golgi and retrograde golgi-to-er traffic	S:FALSE	S:R-MMU-6811442	S:Intra-Golgi and retrograde Golgi-to-ER traffic	S:4/179	S:106/3015	D:0.0377358490566038	D:0.635606619584695	D:-0.959393070220249	D:0.885098510453784	D:0.969585186451645	D:0.950739787544854	S:Copa/Kif16b/Rab30/Rab3gap2	D:4	N:	N:	N:	N:	N:	N:	N:	N:	N:	N:	N:	N:	N:	N:
S:Liver	S:Negative regulation of the pi3k/akt network	S:FALSE	S:R-MMU-199418	S:Negative regulation of the PI3K/AKT network	S:1/179	S:36/3015	D:0.0277777777777778	D:0.467877094972067	D:-0.806813169203053	D:0.891030188167183	D:0.973869729470708	D:0.954941053794165	S:Irs1	D:1	N:	N:	N:	N:	N:	N:	N:	N:	N:	N:	N:	N:	N:	N:
S:Liver	S:Toll like receptor 4 (tlr4) cascade	S:FALSE	S:R-MMU-166016	S:Toll Like Receptor 4 (TLR4) Cascade	S:1/179	S:38/3015	D:0.0263157894736842	D:0.443251984710379	D:-0.867573113845681	D:0.903734219985821	D:0.983036124844699	D:0.963929285990981	S:Usp14	D:1	N:	N:	N:	N:	N:	N:	N:	N:	N:	N:	N:	N:	N:	N:
S:Liver	S:Signaling by receptor tyrosine kinases	S:FALSE	S:R-MMU-9006934	S:Signaling by Receptor Tyrosine Kinases	S:7/179	S:175/3015	D:0.04	D:0.673743016759777	D:-1.11702963884673	D:0.906412704414901	D:0.983036124844699	D:0.963929285990981	S:Cltc/Irs1/Itch/Kidins220/Pik3r4/Ptprk/Wwp1	D:7	N:	N:	N:	N:	N:	N:	N:	N:	N:	N:	N:	N:	N:	N:
S:Liver	S:Drug adme	S:FALSE	S:R-MMU-9748784	S:Drug ADME	S:1/179	S:40/3015	D:0.025	D:0.42108938547486	D:-0.925855155950524	D:0.914964484436047	D:0.983036124844699	D:0.963929285990981	S:Nat2	D:1	N:	N:	N:	N:	N:	N:	N:	N:	N:	N:	N:	N:	N:	N:
S:Liver	S:Rac1 gtpase cycle	S:FALSE	S:R-MMU-9013149	S:RAC1 GTPase cycle	S:3/179	S:91/3015	D:0.032967032967033	D:0.555282706120695	D:-1.08208420206282	D:0.915387384457351	D:0.983036124844699	D:0.963929285990981	S:Als2/Pkn2/Plekhg3	D:3	N:	N:	N:	N:	N:	N:	N:	N:	N:	N:	N:	N:	N:	N:
S:Liver	S:Mrna 3'-end processing	S:FALSE	S:R-MMU-72187	S:mRNA 3'-end processing	S:4/179	S:114/3015	D:0.0350877192982456	D:0.591002646280506	D:-1.1182633345505	D:0.916142389181651	D:0.983036124844699	D:0.963929285990981	S:Cherp/Eif4a3/Fip1l1/Nudt21	D:4	N:	N:	N:	N:	N:	N:	N:	N:	N:	N:	N:	N:	N:	N:
S:Liver	S:Neutrophil degranulation	S:FALSE	S:R-MMU-6798695	S:Neutrophil degranulation	S:9/179	S:220/3015	D:0.0409090909090909	D:0.689055358049771	D:-1.20322968577542	D:0.917915165846829	D:0.983036124844699	D:0.963929285990981	S:Hspa8/Kcmf1/Mlec/Psma5/Psmd1/Psmd12/Psmd7/Rab14/Slc27a2	D:9	N:	N:	N:	N:	N:	N:	N:	N:	N:	N:	N:	N:	N:	N:
S:Liver	S:P75 ntr receptor-mediated signalling	S:FALSE	S:R-MMU-193704	S:p75 NTR receptor-mediated signalling	S:1/179	S:41/3015	D:0.024390243902439	D:0.4108189126584	D:-0.954146958110666	D:0.920080907053173	D:0.983036124844699	D:0.963929285990981	S:Akap13	D:1	N:	N:	N:	N:	N:	N:	N:	N:	N:	N:	N:	N:	N:	N:
S:Liver	S:Regulation of insulin-like growth factor (igf) transport and uptake by insulin-like growth factor binding proteins (igfbps)	S:FALSE	S:R-MMU-381426	S:Regulation of Insulin-like Growth Factor (IGF) transport and uptake by Insulin-like Growth Factor Binding Proteins (IGFBPs)	S:1/179	S:41/3015	D:0.024390243902439	D:0.4108189126584	D:-0.954146958110666	D:0.920080907053173	D:0.983036124844699	D:0.963929285990981	S:P4hb	D:1	N:	N:	N:	N:	N:	N:	N:	N:	N:	N:	N:	N:	N:	N:
S:Liver	S:Post-translational protein phosphorylation	S:FALSE	S:R-MMU-8957275	S:Post-translational protein phosphorylation	S:1/179	S:41/3015	D:0.024390243902439	D:0.4108189126584	D:-0.954146958110666	D:0.920080907053173	D:0.983036124844699	D:0.963929285990981	S:P4hb	D:1	N:	N:	N:	N:	N:	N:	N:	N:	N:	N:	N:	N:	N:	N:
S:Liver	S:Metabolism of lipids	S:FALSE	S:R-MMU-556833	S:Metabolism of lipids	S:12/179	S:282/3015	D:0.0425531914893617	D:0.716747890169975	D:-1.25493987207721	D:0.922755974746798	D:0.983036124844699	D:0.963929285990981	S:Acbd5/Acbd6/Acot7/Ddhd2/Hsd17b12/Osbpl3/Pik3r4/Pitpnb/Rab14/Scp2/Slc25a17/Slc27a2	D:12	N:	N:	N:	N:	N:	N:	N:	N:	N:	N:	N:	N:	N:	N:
S:Liver	S:L1cam interactions	S:FALSE	S:R-MMU-373760	S:L1CAM interactions	S:1/179	S:42/3015	D:0.0238095238095238	D:0.401037509976057	D:-0.981910360390429	D:0.924891101282319	D:0.983036124844699	D:0.963929285990981	S:Cltc	D:1	N:	N:	N:	N:	N:	N:	N:	N:	N:	N:	N:	N:	N:	N:
S:Liver	S:Metabolism of carbohydrates and carbohydrate derivatives	S:FALSE	S:R-MMU-71387	S:Metabolism of carbohydrates and carbohydrate derivatives	S:4/179	S:117/3015	D:0.0341880341880342	D:0.575848732273313	D:-1.1754645495462	D:0.925714210511586	D:0.983036124844699	D:0.963929285990981	S:Nup50/Nup62/Phkb/Ranbp2	D:4	N:	N:	N:	N:	N:	N:	N:	N:	N:	N:	N:	N:	N:	N:
S:Liver	S:Mrna polyadenylation	S:FALSE	S:R-MMU-9770562	S:mRNA Polyadenylation	S:3/179	S:94/3015	D:0.0319148936170213	D:0.537560917627481	D:-1.14418883413003	D:0.925930291866169	D:0.983036124844699	D:0.963929285990981	S:Cherp/Fip1l1/Nudt21	D:3	N:	N:	N:	N:	N:	N:	N:	N:	N:	N:	N:	N:	N:	N:
S:Liver	S:Nuclear envelope (ne) reassembly	S:FALSE	S:R-MMU-2995410	S:Nuclear Envelope (NE) Reassembly	S:1/179	S:43/3015	D:0.0232558139534884	D:0.391711056255684	D:-1.00917102865277	D:0.929413298682408	D:0.983279121465605	D:0.964167559593921	S:Ahctf1	D:1	N:	N:	N:	N:	N:	N:	N:	N:	N:	N:	N:	N:	N:	N:
S:Liver	S:Eukaryotic translation initiation	S:FALSE	S:R-MMU-72613	S:Eukaryotic Translation Initiation	S:3/179	S:96/3015	D:0.03125	D:0.526361731843575	D:-1.18470543190262	D:0.932279167032742	D:0.983279121465605	D:0.964167559593921	S:Eif2b1/Eif3a/Eif3m	D:3	N:	N:	N:	N:	N:	N:	N:	N:	N:	N:	N:	N:	N:	N:
S:Liver	S:Cap-dependent translation initiation	S:FALSE	S:R-MMU-72737	S:Cap-dependent Translation Initiation	S:3/179	S:96/3015	D:0.03125	D:0.526361731843575	D:-1.18470543190262	D:0.932279167032742	D:0.983279121465605	D:0.964167559593921	S:Eif2b1/Eif3a/Eif3m	D:3	N:	N:	N:	N:	N:	N:	N:	N:	N:	N:	N:	N:	N:	N:
S:Liver	S:Fcgamma receptor (fcgr) dependent phagocytosis	S:FALSE	S:R-MMU-2029480	S:Fcgamma receptor (FCGR) dependent phagocytosis	S:1/179	S:45/3015	D:0.0222222222222222	D:0.374301675977654	D:-1.06227766466013	D:0.937661294517952	D:0.984646500997065	D:0.965508361973536	S:Nf2	D:1	N:	N:	N:	N:	N:	N:	N:	N:	N:	N:	N:	N:	N:	N:
S:Liver	S:Cdc42 gtpase cycle	S:FALSE	S:R-MMU-9013148	S:CDC42 GTPase cycle	S:1/179	S:45/3015	D:0.0222222222222222	D:0.374301675977654	D:-1.06227766466013	D:0.937661294517952	D:0.984646500997065	D:0.965508361973536	S:Plekhg3	D:1	N:	N:	N:	N:	N:	N:	N:	N:	N:	N:	N:	N:	N:	N:
S:Liver	S:Nucleotide excision repair	S:FALSE	S:R-MMU-5696398	S:Nucleotide Excision Repair	S:1/179	S:48/3015	D:0.0208333333333333	D:0.35090782122905	D:-1.13871029708589	D:0.948270320218426	D:0.993622379011481	D:0.974309779812524	S:Rad23b	D:1	N:	N:	N:	N:	N:	N:	N:	N:	N:	N:	N:	N:	N:	N:
S:Liver	S:Formation of a pool of free 40s subunits	S:FALSE	S:R-MMU-72689	S:Formation of a pool of free 40S subunits	S:2/179	S:80/3015	D:0.025	D:0.42108938547486	D:-1.31824908787637	D:0.956726094676831	D:0.999888422756697	D:0.9804540332338	S:Eif3a/Eif3m	D:2	N:	N:	N:	N:	N:	N:	N:	N:	N:	N:	N:	N:	N:	N:
S:Liver	S:Mrna splicing - major pathway	S:FALSE	S:R-MMU-72163	S:mRNA Splicing - Major Pathway	S:4/179	S:134/3015	D:0.0298507462686567	D:0.502793296089385	D:-1.47898160325272	D:0.963674959493134	D:0.999888422756697	D:0.9804540332338	S:Cherp/Eif4a3/Hspa8/Snip1	D:4	N:	N:	N:	N:	N:	N:	N:	N:	N:	N:	N:	N:	N:	N:
S:Liver	S:Mrna splicing	S:FALSE	S:R-MMU-72172	S:mRNA Splicing	S:4/179	S:135/3015	D:0.0296296296296296	D:0.499068901303538	D:-1.49586934040241	D:0.965220705517141	D:0.999888422756697	D:0.9804540332338	S:Cherp/Eif4a3/Hspa8/Snip1	D:4	N:	N:	N:	N:	N:	N:	N:	N:	N:	N:	N:	N:	N:	N:
S:Liver	S:Death receptor signaling	S:FALSE	S:R-MMU-73887	S:Death Receptor Signaling	S:1/179	S:56/3015	D:0.0178571428571429	D:0.300778132482043	D:-1.32672697452468	D:0.968574805276412	D:0.999888422756697	D:0.9804540332338	S:Akap13	D:1	N:	N:	N:	N:	N:	N:	N:	N:	N:	N:	N:	N:	N:	N:
S:Liver	S:L13a-mediated translational silencing of ceruloplasmin expression	S:FALSE	S:R-MMU-156827	S:L13a-mediated translational silencing of Ceruloplasmin expression	S:2/179	S:89/3015	D:0.0224719101123595	D:0.378507312786391	D:-1.49499207871952	D:0.973067202337392	D:0.999888422756697	D:0.9804540332338	S:Eif3a/Eif3m	D:2	N:	N:	N:	N:	N:	N:	N:	N:	N:	N:	N:	N:	N:	N:
S:Liver	S:Gtp hydrolysis and joining of the 60s ribosomal subunit	S:FALSE	S:R-MMU-72706	S:GTP hydrolysis and joining of the 60S ribosomal subunit	S:2/179	S:90/3015	D:0.0222222222222222	D:0.374301675977654	D:-1.51379943017726	D:0.974464588905489	D:0.999888422756697	D:0.9804540332338	S:Eif3a/Eif3m	D:2	N:	N:	N:	N:	N:	N:	N:	N:	N:	N:	N:	N:	N:	N:
S:Liver	S:Copi-mediated anterograde transport	S:FALSE	S:R-MMU-6807878	S:COPI-mediated anterograde transport	S:1/179	S:61/3015	D:0.0163934426229508	D:0.27612418719663	D:-1.43472532342455	D:0.977002399321649	D:0.999888422756697	D:0.9804540332338	S:Copa	D:1	N:	N:	N:	N:	N:	N:	N:	N:	N:	N:	N:	N:	N:	N:
S:Liver	S:Platelet degranulation	S:FALSE	S:R-MMU-114608	S:Platelet degranulation	S:1/179	S:62/3015	D:0.0161290322580645	D:0.271670571274103	D:-1.45558310411961	D:0.978395957385774	D:0.999888422756697	D:0.9804540332338	S:Cdc37l1	D:1	N:	N:	N:	N:	N:	N:	N:	N:	N:	N:	N:	N:	N:	N:
S:Liver	S:Response to elevated platelet cytosolic ca2+	S:FALSE	S:R-MMU-76005	S:Response to elevated platelet cytosolic Ca2+	S:1/179	S:64/3015	D:0.015625	D:0.263180865921788	D:-1.49661917009481	D:0.980936108769836	D:0.999888422756697	D:0.9804540332338	S:Cdc37l1	D:1	N:	N:	N:	N:	N:	N:	N:	N:	N:	N:	N:	N:	N:	N:
S:Liver	S:Innate immune system	S:FALSE	S:R-MMU-168249	S:Innate Immune System	S:14/179	S:376/3015	D:0.0372340425531915	D:0.627154403898728	D:-1.94110161679132	D:0.984723730346901	D:0.999888422756697	D:0.9804540332338	S:C8a/Hspa8/Itch/Kcmf1/Mlec/Nf2/Pik3r4/Psma5/Psmd1/Psmd12/Psmd7/Rab14/Slc27a2/Usp14	D:14	N:	N:	N:	N:	N:	N:	N:	N:	N:	N:	N:	N:	N:	N:
S:Liver	S:Srp-dependent cotranslational protein targeting to membrane	S:FALSE	S:R-MMU-1799339	S:SRP-dependent cotranslational protein targeting to membrane	S:1/179	S:72/3015	D:0.0138888888888889	D:0.233938547486034	D:-1.65264568105452	D:0.988451192990582	D:0.999888422756697	D:0.9804540332338	S:Srp72	D:1	N:	N:	N:	N:	N:	N:	N:	N:	N:	N:	N:	N:	N:	N:
S:Liver	S:Znf598 and the ribosome-associated quality trigger (rqt) complex dissociate a ribosome stalled on a no-go mrna	S:FALSE	S:R-MMU-9954716	S:ZNF598 and the Ribosome-associated Quality Trigger (RQT) complex dissociate a ribosome stalled on a no-go mRNA	S:1/179	S:72/3015	D:0.0138888888888889	D:0.233938547486034	D:-1.65264568105452	D:0.988451192990582	D:0.999888422756697	D:0.9804540332338	S:Ascc3	D:1	N:	N:	N:	N:	N:	N:	N:	N:	N:	N:	N:	N:	N:	N:
S:Liver	S:Signaling by nuclear receptors	S:FALSE	S:R-MMU-9006931	S:Signaling by Nuclear Receptors	S:1/179	S:73/3015	D:0.0136986301369863	D:0.230733909849239	D:-1.67132808416398	D:0.989153617881743	D:0.999888422756697	D:0.9804540332338	S:Dlat	D:1	N:	N:	N:	N:	N:	N:	N:	N:	N:	N:	N:	N:	N:	N:
S:Liver	S:Nonsense-mediated decay (nmd)	S:FALSE	S:R-MMU-927802	S:Nonsense-Mediated Decay (NMD)	S:1/179	S:87/3015	D:0.0114942528735632	D:0.193604315160855	D:-1.91719951945322	D:0.995504821920658	D:0.999888422756697	D:0.9804540332338	S:Eif4a3	D:1	N:	N:	N:	N:	N:	N:	N:	N:	N:	N:	N:	N:	N:	N:
S:Liver	S:Nonsense mediated decay (nmd) enhanced by the exon junction complex (ejc)	S:FALSE	S:R-MMU-975957	S:Nonsense Mediated Decay (NMD) enhanced by the Exon Junction Complex (EJC)	S:1/179	S:87/3015	D:0.0114942528735632	D:0.193604315160855	D:-1.91719951945322	D:0.995504821920658	D:0.999888422756697	D:0.9804540332338	S:Eif4a3	D:1	N:	N:	N:	N:	N:	N:	N:	N:	N:	N:	N:	N:	N:	N:
S:Liver	S:Gpcr downstream signalling	S:FALSE	S:R-MMU-388396	S:GPCR downstream signalling	S:1/179	S:89/3015	D:0.0112359550561798	D:0.189253656393196	D:-1.95023913632374	D:0.99603772536127	D:0.999888422756697	D:0.9804540332338	S:Akap13	D:1	N:	N:	N:	N:	N:	N:	N:	N:	N:	N:	N:	N:	N:	N:
S:Liver	S:Signaling by gpcr	S:FALSE	S:R-MMU-372790	S:Signaling by GPCR	S:1/179	S:92/3015	D:0.0108695652173913	D:0.183082341510809	D:-1.9989540729708	D:0.996721550070151	D:0.999888422756697	D:0.9804540332338	S:Akap13	D:1	N:	N:	N:	N:	N:	N:	N:	N:	N:	N:	N:	N:	N:	N:
S:Liver	S:Axon guidance	S:FALSE	S:R-MMU-422475	S:Axon guidance	S:1/179	S:112/3015	D:0.00892857142857143	D:0.150389066241022	D:-2.30171004164858	D:0.999077589238919	D:0.999888422756697	D:0.9804540332338	S:Cltc	D:1	N:	N:	N:	N:	N:	N:	N:	N:	N:	N:	N:	N:	N:	N:
S:Liver	S:Nervous system development	S:FALSE	S:R-MMU-9675108	S:Nervous system development	S:1/179	S:112/3015	D:0.00892857142857143	D:0.150389066241022	D:-2.30171004164858	D:0.999077589238919	D:0.999888422756697	D:0.9804540332338	S:Cltc	D:1	N:	N:	N:	N:	N:	N:	N:	N:	N:	N:	N:	N:	N:	N:
S:Liver	S:Hemostasis	S:FALSE	S:R-MMU-109582	S:Hemostasis	S:4/179	S:223/3015	D:0.0179372197309417	D:0.302126913345191	D:-2.72029623811152	D:0.999516374844887	D:0.999888422756697	D:0.9804540332338	S:Akap1/Cdc37l1/Kif16b/Mfn2	D:4	N:	N:	N:	N:	N:	N:	N:	N:	N:	N:	N:	N:	N:	N:
S:Liver	S:Platelet activation, signaling and aggregation	S:FALSE	S:R-MMU-76002	S:Platelet activation, signaling and aggregation	S:1/179	S:123/3015	D:0.00813008130081301	D:0.1369396375528	D:-2.45493280276157	D:0.999542550597074	D:0.999888422756697	D:0.9804540332338	S:Cdc37l1	D:1	N:	N:	N:	N:	N:	N:	N:	N:	N:	N:	N:	N:	N:	N:
S:Liver	S:Developmental biology	S:FALSE	S:R-MMU-1266738	S:Developmental Biology	S:1/179	S:145/3015	D:0.00689655172413793	D:0.116162589096513	D:-2.74006243857949	D:0.999888422756697	D:0.999888422756697	D:0.9804540332338	S:Cltc	D:1	N:	N:	N:	N:	N:	N:	N:	N:	N:	N:	N:	N:	N:	N:
N:	N:	N:	N:	N:	N:	N:	N:	N:	N:	N:	N:	N:	N:	N:	N:	N:	N:	N:	N:	N:	N:	N:	N:	N:	N:	N:	N:	N:
N:	N:	N:	N:	N:	N:	N:	N:	N:	N:	N:	N:	N:	N:	N:	N:	N:	N:	N:	N:	N:	N:	N:	N:	N:	N:	N:	N:	N:
S:Source	S:panel_review_SRdown_bothFDR_matched/F4_SF5_bothFDR_tissue_convergence_genes.csv	N:	N:	N:	N:	N:	N:	N:	N:	N:	N:	N:	N:	N:	N:	N:	N:	N:	N:	N:	N:	N:	N:	N:	N:	N:	N:	N:
S:Description	S:Liver convergence genes used for Fig. 4f ORA.	N:	N:	N:	N:	N:	N:	N:	N:	N:	N:	N:	N:	N:	N:	N:	N:	N:	N:	N:	N:	N:	N:	N:	N:	N:	N:	N:
N:	N:	N:	N:	N:	N:	N:	N:	N:	N:	N:	N:	N:	N:	N:	N:	N:	N:	N:	N:	N:	N:	N:	N:	N:	N:	N:	N:	N:
S:tissue	S:gene	S:feature_mouse	S:rna_slope	S:protein_layers_down	N:	N:	N:	N:	N:	N:	N:	N:	N:	N:	N:	N:	N:	N:	N:	N:	N:	N:	N:	N:	N:	N:	N:	N:
S:Liver	S:AASDHPPT	S:Aasdhppt	D:-0.0274185490529817	S:WTL	N:	N:	N:	N:	N:	N:	N:	N:	N:	N:	N:	N:	N:	N:	N:	N:	N:	N:	N:	N:	N:	N:	N:	N:
S:Liver	S:ABCB7	S:Abcb7	D:-0.00597257011927738	S:WTL	N:	N:	N:	N:	N:	N:	N:	N:	N:	N:	N:	N:	N:	N:	N:	N:	N:	N:	N:	N:	N:	N:	N:	N:
S:Liver	S:ABCD3	S:Abcd3	D:-0.0289968997379539	S:WTL	N:	N:	N:	N:	N:	N:	N:	N:	N:	N:	N:	N:	N:	N:	N:	N:	N:	N:	N:	N:	N:	N:	N:	N:
S:Liver	S:ACAD9	S:Acad9	D:-0.00812593753467479	S:WTL	N:	N:	N:	N:	N:	N:	N:	N:	N:	N:	N:	N:	N:	N:	N:	N:	N:	N:	N:	N:	N:	N:	N:	N:
S:Liver	S:ACADSB	S:Acadsb	D:-0.0276119636709101	S:WTL	N:	N:	N:	N:	N:	N:	N:	N:	N:	N:	N:	N:	N:	N:	N:	N:	N:	N:	N:	N:	N:	N:	N:	N:
S:Liver	S:ACBD5	S:Acbd5	D:-0.0167033904425377	S:WTL	N:	N:	N:	N:	N:	N:	N:	N:	N:	N:	N:	N:	N:	N:	N:	N:	N:	N:	N:	N:	N:	N:	N:	N:
S:Liver	S:ACBD6	S:Acbd6	D:-0.00203000353689713	S:WTL	N:	N:	N:	N:	N:	N:	N:	N:	N:	N:	N:	N:	N:	N:	N:	N:	N:	N:	N:	N:	N:	N:	N:	N:
S:Liver	S:ACO1	S:Aco1	D:-0.0226808043560542	S:WTL	N:	N:	N:	N:	N:	N:	N:	N:	N:	N:	N:	N:	N:	N:	N:	N:	N:	N:	N:	N:	N:	N:	N:	N:
S:Liver	S:ACOT7	S:Acot7	D:-0.00696937818365774	S:WTL	N:	N:	N:	N:	N:	N:	N:	N:	N:	N:	N:	N:	N:	N:	N:	N:	N:	N:	N:	N:	N:	N:	N:	N:
S:Liver	S:AHCTF1	S:Ahctf1	D:-0.0090661520996049	S:WTL	N:	N:	N:	N:	N:	N:	N:	N:	N:	N:	N:	N:	N:	N:	N:	N:	N:	N:	N:	N:	N:	N:	N:	N:
S:Liver	S:AIFM1	S:Aifm1	D:-0.0219868533235169	S:WTL	N:	N:	N:	N:	N:	N:	N:	N:	N:	N:	N:	N:	N:	N:	N:	N:	N:	N:	N:	N:	N:	N:	N:	N:
S:Liver	S:AKAP1	S:Akap1	D:-0.0125143748029381	S:WTL	N:	N:	N:	N:	N:	N:	N:	N:	N:	N:	N:	N:	N:	N:	N:	N:	N:	N:	N:	N:	N:	N:	N:	N:
S:Liver	S:AKAP13	S:Akap13	D:-0.00489854449462659	S:WTL	N:	N:	N:	N:	N:	N:	N:	N:	N:	N:	N:	N:	N:	N:	N:	N:	N:	N:	N:	N:	N:	N:	N:	N:
S:Liver	S:ALDH1L1	S:Aldh1l1	D:-0.0204252859439687	S:WTL	N:	N:	N:	N:	N:	N:	N:	N:	N:	N:	N:	N:	N:	N:	N:	N:	N:	N:	N:	N:	N:	N:	N:	N:
S:Liver	S:ALS2	S:Als2	D:-0.0103693692379836	S:WTL	N:	N:	N:	N:	N:	N:	N:	N:	N:	N:	N:	N:	N:	N:	N:	N:	N:	N:	N:	N:	N:	N:	N:	N:
S:Liver	S:ANKIB1	S:Ankib1	D:-0.00150687130429707	S:WTL	N:	N:	N:	N:	N:	N:	N:	N:	N:	N:	N:	N:	N:	N:	N:	N:	N:	N:	N:	N:	N:	N:	N:	N:
S:Liver	S:ANXA7	S:Anxa7	D:-0.00181923692389828	S:WTL	N:	N:	N:	N:	N:	N:	N:	N:	N:	N:	N:	N:	N:	N:	N:	N:	N:	N:	N:	N:	N:	N:	N:	N:
S:Liver	S:AOX1	S:Aox1	D:-0.0381643179363032	S:WTL	N:	N:	N:	N:	N:	N:	N:	N:	N:	N:	N:	N:	N:	N:	N:	N:	N:	N:	N:	N:	N:	N:	N:	N:
S:Liver	S:APPL1	S:Appl1	D:-0.0143034899493163	S:WTL	N:	N:	N:	N:	N:	N:	N:	N:	N:	N:	N:	N:	N:	N:	N:	N:	N:	N:	N:	N:	N:	N:	N:	N:
S:Liver	S:ARFGEF1	S:Arfgef1	D:-0.00638026679218687	S:WTL	N:	N:	N:	N:	N:	N:	N:	N:	N:	N:	N:	N:	N:	N:	N:	N:	N:	N:	N:	N:	N:	N:	N:	N:
S:Liver	S:ARID5B	S:Arid5b	D:-0.0110035454230363	S:WTL	N:	N:	N:	N:	N:	N:	N:	N:	N:	N:	N:	N:	N:	N:	N:	N:	N:	N:	N:	N:	N:	N:	N:	N:
S:Liver	S:ARMC1	S:Armc1	D:-0.00585589314369096	S:WTL	N:	N:	N:	N:	N:	N:	N:	N:	N:	N:	N:	N:	N:	N:	N:	N:	N:	N:	N:	N:	N:	N:	N:	N:
S:Liver	S:ASCC3	S:Ascc3	D:-0.00689830390703154	S:WTL	N:	N:	N:	N:	N:	N:	N:	N:	N:	N:	N:	N:	N:	N:	N:	N:	N:	N:	N:	N:	N:	N:	N:	N:
S:Liver	S:ATG2B	S:Atg2b	D:-0.00248405492397269	S:WTL	N:	N:	N:	N:	N:	N:	N:	N:	N:	N:	N:	N:	N:	N:	N:	N:	N:	N:	N:	N:	N:	N:	N:	N:
S:Liver	S:ATP11C	S:Atp11c	D:-0.00852324600974167	S:WTL	N:	N:	N:	N:	N:	N:	N:	N:	N:	N:	N:	N:	N:	N:	N:	N:	N:	N:	N:	N:	N:	N:	N:	N:
S:Liver	S:ATRN	S:Atrn	D:-0.0213532807676941	S:WTL	N:	N:	N:	N:	N:	N:	N:	N:	N:	N:	N:	N:	N:	N:	N:	N:	N:	N:	N:	N:	N:	N:	N:	N:
S:Liver	S:ATXN2	S:Atxn2	D:-0.00948498160742396	S:WTL	N:	N:	N:	N:	N:	N:	N:	N:	N:	N:	N:	N:	N:	N:	N:	N:	N:	N:	N:	N:	N:	N:	N:	N:
S:Liver	S:ATXN2L	S:Atxn2l	D:-0.000716618914835511	S:WTL	N:	N:	N:	N:	N:	N:	N:	N:	N:	N:	N:	N:	N:	N:	N:	N:	N:	N:	N:	N:	N:	N:	N:	N:
S:Liver	S:BCAR3	S:Bcar3	D:-0.0121479800614075	S:WTL	N:	N:	N:	N:	N:	N:	N:	N:	N:	N:	N:	N:	N:	N:	N:	N:	N:	N:	N:	N:	N:	N:	N:	N:
S:Liver	S:C8A	S:C8a	D:-0.031854654530589	S:WTL	N:	N:	N:	N:	N:	N:	N:	N:	N:	N:	N:	N:	N:	N:	N:	N:	N:	N:	N:	N:	N:	N:	N:	N:
S:Liver	S:CALR	S:Calr	D:-0.0249163510923459	S:WTL	N:	N:	N:	N:	N:	N:	N:	N:	N:	N:	N:	N:	N:	N:	N:	N:	N:	N:	N:	N:	N:	N:	N:	N:
S:Liver	S:CANX	S:Canx	D:-0.0165649366869204	S:WTL	N:	N:	N:	N:	N:	N:	N:	N:	N:	N:	N:	N:	N:	N:	N:	N:	N:	N:	N:	N:	N:	N:	N:	N:
S:Liver	S:CAPN2	S:Capn2	D:-0.014382145519799	S:WTL	N:	N:	N:	N:	N:	N:	N:	N:	N:	N:	N:	N:	N:	N:	N:	N:	N:	N:	N:	N:	N:	N:	N:	N:
S:Liver	S:CAPRIN1	S:Caprin1	D:-0.0082380095903787	S:WTL	N:	N:	N:	N:	N:	N:	N:	N:	N:	N:	N:	N:	N:	N:	N:	N:	N:	N:	N:	N:	N:	N:	N:	N:
S:Liver	S:CASK	S:Cask	D:-0.00295544437790593	S:WTL	N:	N:	N:	N:	N:	N:	N:	N:	N:	N:	N:	N:	N:	N:	N:	N:	N:	N:	N:	N:	N:	N:	N:	N:
S:Liver	S:CCT4	S:Cct4	D:-0.00510583217796971	S:WTL	N:	N:	N:	N:	N:	N:	N:	N:	N:	N:	N:	N:	N:	N:	N:	N:	N:	N:	N:	N:	N:	N:	N:	N:
S:Liver	S:CCT5	S:Cct5	D:-0.0102590847015108	S:WTL	N:	N:	N:	N:	N:	N:	N:	N:	N:	N:	N:	N:	N:	N:	N:	N:	N:	N:	N:	N:	N:	N:	N:	N:
S:Liver	S:CDC37L1	S:Cdc37l1	D:-0.0133287516962473	S:WTL	N:	N:	N:	N:	N:	N:	N:	N:	N:	N:	N:	N:	N:	N:	N:	N:	N:	N:	N:	N:	N:	N:	N:	N:
S:Liver	S:CDK6	S:Cdk6	D:-0.00597489790898782	S:WTL	N:	N:	N:	N:	N:	N:	N:	N:	N:	N:	N:	N:	N:	N:	N:	N:	N:	N:	N:	N:	N:	N:	N:	N:
S:Liver	S:CHERP	S:Cherp	D:-0.00284802621593708	S:WTL	N:	N:	N:	N:	N:	N:	N:	N:	N:	N:	N:	N:	N:	N:	N:	N:	N:	N:	N:	N:	N:	N:	N:	N:
S:Liver	S:CLEC16A	S:Clec16a	D:-0.0177739464265965	S:WTL	N:	N:	N:	N:	N:	N:	N:	N:	N:	N:	N:	N:	N:	N:	N:	N:	N:	N:	N:	N:	N:	N:	N:	N:
S:Liver	S:CLPX	S:Clpx	D:-0.0342113805852768	S:WTL	N:	N:	N:	N:	N:	N:	N:	N:	N:	N:	N:	N:	N:	N:	N:	N:	N:	N:	N:	N:	N:	N:	N:	N:
S:Liver	S:CLTC	S:Cltc	D:-0.00567218632362996	S:WTL	N:	N:	N:	N:	N:	N:	N:	N:	N:	N:	N:	N:	N:	N:	N:	N:	N:	N:	N:	N:	N:	N:	N:	N:
S:Liver	S:CNOT2	S:Cnot2	D:-0.00288860710992663	S:WTL	N:	N:	N:	N:	N:	N:	N:	N:	N:	N:	N:	N:	N:	N:	N:	N:	N:	N:	N:	N:	N:	N:	N:	N:
S:Liver	S:COG3	S:Cog3	D:-0.00523454689478974	S:WTL	N:	N:	N:	N:	N:	N:	N:	N:	N:	N:	N:	N:	N:	N:	N:	N:	N:	N:	N:	N:	N:	N:	N:	N:
S:Liver	S:COPA	S:Copa	D:-0.0105364055598841	S:WTL	N:	N:	N:	N:	N:	N:	N:	N:	N:	N:	N:	N:	N:	N:	N:	N:	N:	N:	N:	N:	N:	N:	N:	N:
S:Liver	S:COQ3	S:Coq3	D:-0.0229024762529739	S:WTL	N:	N:	N:	N:	N:	N:	N:	N:	N:	N:	N:	N:	N:	N:	N:	N:	N:	N:	N:	N:	N:	N:	N:	N:
S:Liver	S:CUL3	S:Cul3	D:-0.0061581202296546	S:WTL	N:	N:	N:	N:	N:	N:	N:	N:	N:	N:	N:	N:	N:	N:	N:	N:	N:	N:	N:	N:	N:	N:	N:	N:
S:Liver	S:DAAM1	S:Daam1	D:-0.0106378262575259	S:WTL	N:	N:	N:	N:	N:	N:	N:	N:	N:	N:	N:	N:	N:	N:	N:	N:	N:	N:	N:	N:	N:	N:	N:	N:
S:Liver	S:DAD1	S:Dad1	D:-0.0110444674609125	S:WTL	N:	N:	N:	N:	N:	N:	N:	N:	N:	N:	N:	N:	N:	N:	N:	N:	N:	N:	N:	N:	N:	N:	N:	N:
S:Liver	S:DAZAP1	S:Dazap1	D:-0.00901204230045002	S:WTL	N:	N:	N:	N:	N:	N:	N:	N:	N:	N:	N:	N:	N:	N:	N:	N:	N:	N:	N:	N:	N:	N:	N:	N:
S:Liver	S:DCAF13	S:Dcaf13	D:-0.00194000149042733	S:WTL	N:	N:	N:	N:	N:	N:	N:	N:	N:	N:	N:	N:	N:	N:	N:	N:	N:	N:	N:	N:	N:	N:	N:	N:
S:Liver	S:DCAF5	S:Dcaf5	D:-0.00955837988336638	S:WTL	N:	N:	N:	N:	N:	N:	N:	N:	N:	N:	N:	N:	N:	N:	N:	N:	N:	N:	N:	N:	N:	N:	N:	N:
S:Liver	S:DDAH1	S:Ddah1	D:-0.0225511342937315	S:WTL	N:	N:	N:	N:	N:	N:	N:	N:	N:	N:	N:	N:	N:	N:	N:	N:	N:	N:	N:	N:	N:	N:	N:	N:
S:Liver	S:DDHD2	S:Ddhd2	D:-0.0118737073992714	S:WTL	N:	N:	N:	N:	N:	N:	N:	N:	N:	N:	N:	N:	N:	N:	N:	N:	N:	N:	N:	N:	N:	N:	N:	N:
S:Liver	S:DDX19B	S:Ddx19b	D:-0.0169401601574034	S:WTL	N:	N:	N:	N:	N:	N:	N:	N:	N:	N:	N:	N:	N:	N:	N:	N:	N:	N:	N:	N:	N:	N:	N:	N:
S:Liver	S:DDX27	S:Ddx27	D:-0.00664318336841876	S:WTL	N:	N:	N:	N:	N:	N:	N:	N:	N:	N:	N:	N:	N:	N:	N:	N:	N:	N:	N:	N:	N:	N:	N:	N:
S:Liver	S:DDX28	S:Ddx28	D:-0.0137296442331524	S:WTL	N:	N:	N:	N:	N:	N:	N:	N:	N:	N:	N:	N:	N:	N:	N:	N:	N:	N:	N:	N:	N:	N:	N:	N:
S:Liver	S:DENND4C	S:Dennd4c	D:-0.0112534554468615	S:WTL	N:	N:	N:	N:	N:	N:	N:	N:	N:	N:	N:	N:	N:	N:	N:	N:	N:	N:	N:	N:	N:	N:	N:	N:
S:Liver	S:DENND5B	S:Dennd5b	D:-0.00508180605276191	S:WTL	N:	N:	N:	N:	N:	N:	N:	N:	N:	N:	N:	N:	N:	N:	N:	N:	N:	N:	N:	N:	N:	N:	N:	N:
S:Liver	S:DENR	S:Denr	D:-0.0120365900123848	S:WTL	N:	N:	N:	N:	N:	N:	N:	N:	N:	N:	N:	N:	N:	N:	N:	N:	N:	N:	N:	N:	N:	N:	N:	N:
S:Liver	S:DIP2C	S:Dip2c	D:-0.00725402013621906	S:WTL	N:	N:	N:	N:	N:	N:	N:	N:	N:	N:	N:	N:	N:	N:	N:	N:	N:	N:	N:	N:	N:	N:	N:	N:
S:Liver	S:DKC1	S:Dkc1	D:-0.00628685793702655	S:WTL	N:	N:	N:	N:	N:	N:	N:	N:	N:	N:	N:	N:	N:	N:	N:	N:	N:	N:	N:	N:	N:	N:	N:	N:
S:Liver	S:DLAT	S:Dlat	D:-0.00326016914332083	S:WTL	N:	N:	N:	N:	N:	N:	N:	N:	N:	N:	N:	N:	N:	N:	N:	N:	N:	N:	N:	N:	N:	N:	N:	N:
S:Liver	S:DLG3	S:Dlg3	D:-0.000242486211805009	S:WTL	N:	N:	N:	N:	N:	N:	N:	N:	N:	N:	N:	N:	N:	N:	N:	N:	N:	N:	N:	N:	N:	N:	N:	N:
S:Liver	S:DNAJA3	S:Dnaja3	D:-0.0126168462418124	S:WTL	N:	N:	N:	N:	N:	N:	N:	N:	N:	N:	N:	N:	N:	N:	N:	N:	N:	N:	N:	N:	N:	N:	N:	N:
S:Liver	S:DNAJC21	S:Dnajc21	D:-0.0145595688143022	S:WTL	N:	N:	N:	N:	N:	N:	N:	N:	N:	N:	N:	N:	N:	N:	N:	N:	N:	N:	N:	N:	N:	N:	N:	N:
S:Liver	S:DNAJC28	S:Dnajc28	D:-0.028575415878756	S:WTL	N:	N:	N:	N:	N:	N:	N:	N:	N:	N:	N:	N:	N:	N:	N:	N:	N:	N:	N:	N:	N:	N:	N:	N:
S:Liver	S:DPP8	S:Dpp8	D:-0.00753715340674511	S:WTL	N:	N:	N:	N:	N:	N:	N:	N:	N:	N:	N:	N:	N:	N:	N:	N:	N:	N:	N:	N:	N:	N:	N:	N:
S:Liver	S:EARS2	S:Ears2	D:-0.0224910319106826	S:WTL	N:	N:	N:	N:	N:	N:	N:	N:	N:	N:	N:	N:	N:	N:	N:	N:	N:	N:	N:	N:	N:	N:	N:	N:
S:Liver	S:ECD	S:Ecd	D:-0.00811842298544371	S:WTL	N:	N:	N:	N:	N:	N:	N:	N:	N:	N:	N:	N:	N:	N:	N:	N:	N:	N:	N:	N:	N:	N:	N:	N:
S:Liver	S:EIF1	S:Eif1	D:-0.00468853843245655	S:WTL	N:	N:	N:	N:	N:	N:	N:	N:	N:	N:	N:	N:	N:	N:	N:	N:	N:	N:	N:	N:	N:	N:	N:	N:
S:Liver	S:EIF2B1	S:Eif2b1	D:-0.005847799108397	S:WTL	N:	N:	N:	N:	N:	N:	N:	N:	N:	N:	N:	N:	N:	N:	N:	N:	N:	N:	N:	N:	N:	N:	N:	N:
S:Liver	S:EIF3A	S:Eif3a	D:-0.000755365113747521	S:WTL	N:	N:	N:	N:	N:	N:	N:	N:	N:	N:	N:	N:	N:	N:	N:	N:	N:	N:	N:	N:	N:	N:	N:	N:
S:Liver	S:EIF3M	S:Eif3m	D:-0.00132380071135763	S:WTL	N:	N:	N:	N:	N:	N:	N:	N:	N:	N:	N:	N:	N:	N:	N:	N:	N:	N:	N:	N:	N:	N:	N:	N:
S:Liver	S:EIF4A3	S:Eif4a3	D:-0.000442449196088878	S:WTL	N:	N:	N:	N:	N:	N:	N:	N:	N:	N:	N:	N:	N:	N:	N:	N:	N:	N:	N:	N:	N:	N:	N:	N:
S:Liver	S:EIF4G2	S:Eif4g2	D:-0.00786806805425885	S:WTL	N:	N:	N:	N:	N:	N:	N:	N:	N:	N:	N:	N:	N:	N:	N:	N:	N:	N:	N:	N:	N:	N:	N:	N:
S:Liver	S:ELP3	S:Elp3	D:-0.00794719269367756	S:WTL	N:	N:	N:	N:	N:	N:	N:	N:	N:	N:	N:	N:	N:	N:	N:	N:	N:	N:	N:	N:	N:	N:	N:	N:
S:Liver	S:EML4	S:Eml4	D:-0.015202178693583	S:WTL	N:	N:	N:	N:	N:	N:	N:	N:	N:	N:	N:	N:	N:	N:	N:	N:	N:	N:	N:	N:	N:	N:	N:	N:
S:Liver	S:EPB41L5	S:Epb41l5	D:-0.00322519994571622	S:WTL	N:	N:	N:	N:	N:	N:	N:	N:	N:	N:	N:	N:	N:	N:	N:	N:	N:	N:	N:	N:	N:	N:	N:	N:
S:Liver	S:EPM2A	S:Epm2a	D:-0.0141423738741775	S:WTL	N:	N:	N:	N:	N:	N:	N:	N:	N:	N:	N:	N:	N:	N:	N:	N:	N:	N:	N:	N:	N:	N:	N:	N:
S:Liver	S:FAM107B	S:Fam107b	D:-0.00721388977194163	S:WTL	N:	N:	N:	N:	N:	N:	N:	N:	N:	N:	N:	N:	N:	N:	N:	N:	N:	N:	N:	N:	N:	N:	N:	N:
S:Liver	S:FAM120A	S:Fam120a	D:-0.00703113244040507	S:WTL	N:	N:	N:	N:	N:	N:	N:	N:	N:	N:	N:	N:	N:	N:	N:	N:	N:	N:	N:	N:	N:	N:	N:	N:
S:Liver	S:FAM120A	S:FAM120A	D:-0.00703113244040507	S:WTL	N:	N:	N:	N:	N:	N:	N:	N:	N:	N:	N:	N:	N:	N:	N:	N:	N:	N:	N:	N:	N:	N:	N:	N:
S:Liver	S:FAM98A	S:Fam98a	D:-0.0141091066705026	S:WTL	N:	N:	N:	N:	N:	N:	N:	N:	N:	N:	N:	N:	N:	N:	N:	N:	N:	N:	N:	N:	N:	N:	N:	N:
S:Liver	S:FARS2	S:Fars2	D:-0.0110027010186021	S:WTL	N:	N:	N:	N:	N:	N:	N:	N:	N:	N:	N:	N:	N:	N:	N:	N:	N:	N:	N:	N:	N:	N:	N:	N:
S:Liver	S:FARSB	S:Farsb	D:-0.0146211769241291	S:WTL	N:	N:	N:	N:	N:	N:	N:	N:	N:	N:	N:	N:	N:	N:	N:	N:	N:	N:	N:	N:	N:	N:	N:	N:
S:Liver	S:FIP1L1	S:Fip1l1	D:-0.00318487354973998	S:WTL	N:	N:	N:	N:	N:	N:	N:	N:	N:	N:	N:	N:	N:	N:	N:	N:	N:	N:	N:	N:	N:	N:	N:	N:
S:Liver	S:FKBP11	S:Fkbp11	D:-0.0275548491444672	S:WTL	N:	N:	N:	N:	N:	N:	N:	N:	N:	N:	N:	N:	N:	N:	N:	N:	N:	N:	N:	N:	N:	N:	N:	N:
S:Liver	S:FNDC3A	S:Fndc3a	D:-0.0077463446292438	S:WTL	N:	N:	N:	N:	N:	N:	N:	N:	N:	N:	N:	N:	N:	N:	N:	N:	N:	N:	N:	N:	N:	N:	N:	N:
S:Liver	S:FRA10AC1	S:Fra10ac1	D:-0.00993122348500598	S:WTL	N:	N:	N:	N:	N:	N:	N:	N:	N:	N:	N:	N:	N:	N:	N:	N:	N:	N:	N:	N:	N:	N:	N:	N:
S:Liver	S:FYCO1	S:Fyco1	D:-0.00645561832601924	S:WTL	N:	N:	N:	N:	N:	N:	N:	N:	N:	N:	N:	N:	N:	N:	N:	N:	N:	N:	N:	N:	N:	N:	N:	N:
S:Liver	S:GAS2	S:Gas2	D:-0.0103302994462212	S:WTL	N:	N:	N:	N:	N:	N:	N:	N:	N:	N:	N:	N:	N:	N:	N:	N:	N:	N:	N:	N:	N:	N:	N:	N:
S:Liver	S:GCLM	S:Gclm	D:-0.00896320120636359	S:WTL	N:	N:	N:	N:	N:	N:	N:	N:	N:	N:	N:	N:	N:	N:	N:	N:	N:	N:	N:	N:	N:	N:	N:	N:
S:Liver	S:GEMIN5	S:Gemin5	D:-0.0107912906348537	S:WTL	N:	N:	N:	N:	N:	N:	N:	N:	N:	N:	N:	N:	N:	N:	N:	N:	N:	N:	N:	N:	N:	N:	N:	N:
S:Liver	S:GFPT1	S:Gfpt1	D:-0.00505298662584755	S:WTL	N:	N:	N:	N:	N:	N:	N:	N:	N:	N:	N:	N:	N:	N:	N:	N:	N:	N:	N:	N:	N:	N:	N:	N:
S:Liver	S:GLDC	S:Gldc	D:-0.0180127949959585	S:WTL	N:	N:	N:	N:	N:	N:	N:	N:	N:	N:	N:	N:	N:	N:	N:	N:	N:	N:	N:	N:	N:	N:	N:	N:
S:Liver	S:GLS2	S:Gls2	D:-0.00763815642377289	S:WTL	N:	N:	N:	N:	N:	N:	N:	N:	N:	N:	N:	N:	N:	N:	N:	N:	N:	N:	N:	N:	N:	N:	N:	N:
S:Liver	S:GOLGA5	S:Golga5	D:-0.00412386809708064	S:WTL	N:	N:	N:	N:	N:	N:	N:	N:	N:	N:	N:	N:	N:	N:	N:	N:	N:	N:	N:	N:	N:	N:	N:	N:
S:Liver	S:GORASP2	S:Gorasp2	D:-0.00742393141280601	S:WTL	N:	N:	N:	N:	N:	N:	N:	N:	N:	N:	N:	N:	N:	N:	N:	N:	N:	N:	N:	N:	N:	N:	N:	N:
S:Liver	S:GPHN	S:Gphn	D:-0.0130141018043958	S:WTL	N:	N:	N:	N:	N:	N:	N:	N:	N:	N:	N:	N:	N:	N:	N:	N:	N:	N:	N:	N:	N:	N:	N:	N:
S:Liver	S:GRSF1	S:Grsf1	D:-0.00579546353148547	S:WTL	N:	N:	N:	N:	N:	N:	N:	N:	N:	N:	N:	N:	N:	N:	N:	N:	N:	N:	N:	N:	N:	N:	N:	N:
S:Liver	S:GTF3C6	S:Gtf3c6	D:-0.0174774476597515	S:WTL	N:	N:	N:	N:	N:	N:	N:	N:	N:	N:	N:	N:	N:	N:	N:	N:	N:	N:	N:	N:	N:	N:	N:	N:
S:Liver	S:GTPBP4	S:Gtpbp4	D:-0.0188904017247398	S:WTL	N:	N:	N:	N:	N:	N:	N:	N:	N:	N:	N:	N:	N:	N:	N:	N:	N:	N:	N:	N:	N:	N:	N:	N:
S:Liver	S:HECTD1	S:Hectd1	D:-0.00711127556526753	S:WTL	N:	N:	N:	N:	N:	N:	N:	N:	N:	N:	N:	N:	N:	N:	N:	N:	N:	N:	N:	N:	N:	N:	N:	N:
S:Liver	S:HERPUD1	S:Herpud1	D:-0.0110726336866136	S:WTL	N:	N:	N:	N:	N:	N:	N:	N:	N:	N:	N:	N:	N:	N:	N:	N:	N:	N:	N:	N:	N:	N:	N:	N:
S:Liver	S:HNRNPH3	S:Hnrnph3	D:-0.0217303699942588	S:WTL	N:	N:	N:	N:	N:	N:	N:	N:	N:	N:	N:	N:	N:	N:	N:	N:	N:	N:	N:	N:	N:	N:	N:	N:
S:Liver	S:HOOK1	S:Hook1	D:-0.00963128000048459	S:WTL	N:	N:	N:	N:	N:	N:	N:	N:	N:	N:	N:	N:	N:	N:	N:	N:	N:	N:	N:	N:	N:	N:	N:	N:
S:Liver	S:HSD17B12	S:Hsd17b12	D:-0.0345072224930913	S:WTL	N:	N:	N:	N:	N:	N:	N:	N:	N:	N:	N:	N:	N:	N:	N:	N:	N:	N:	N:	N:	N:	N:	N:	N:
S:Liver	S:HSD17B6	S:Hsd17b6	D:-0.032138444388857	S:WTL	N:	N:	N:	N:	N:	N:	N:	N:	N:	N:	N:	N:	N:	N:	N:	N:	N:	N:	N:	N:	N:	N:	N:	N:
S:Liver	S:HSPA4	S:Hspa4	D:-0.0168194068339429	S:WTL	N:	N:	N:	N:	N:	N:	N:	N:	N:	N:	N:	N:	N:	N:	N:	N:	N:	N:	N:	N:	N:	N:	N:	N:
S:Liver	S:HSPA5	S:Hspa5	D:-0.0236414837707982	S:WTL	N:	N:	N:	N:	N:	N:	N:	N:	N:	N:	N:	N:	N:	N:	N:	N:	N:	N:	N:	N:	N:	N:	N:	N:
S:Liver	S:HSPA8	S:Hspa8	D:-0.0112591569728438	S:WTL	N:	N:	N:	N:	N:	N:	N:	N:	N:	N:	N:	N:	N:	N:	N:	N:	N:	N:	N:	N:	N:	N:	N:	N:
S:Liver	S:HSPA9	S:Hspa9	D:-0.0133240252219092	S:WTL	N:	N:	N:	N:	N:	N:	N:	N:	N:	N:	N:	N:	N:	N:	N:	N:	N:	N:	N:	N:	N:	N:	N:	N:
S:Liver	S:HSPD1	S:Hspd1	D:-0.0265827275494608	S:WTL	N:	N:	N:	N:	N:	N:	N:	N:	N:	N:	N:	N:	N:	N:	N:	N:	N:	N:	N:	N:	N:	N:	N:	N:
S:Liver	S:HSPH1	S:Hsph1	D:-0.0350577519084826	S:WTL	N:	N:	N:	N:	N:	N:	N:	N:	N:	N:	N:	N:	N:	N:	N:	N:	N:	N:	N:	N:	N:	N:	N:	N:
S:Liver	S:IARS2	S:Iars2	D:-0.00437660812704738	S:WTL	N:	N:	N:	N:	N:	N:	N:	N:	N:	N:	N:	N:	N:	N:	N:	N:	N:	N:	N:	N:	N:	N:	N:	N:
S:Liver	S:IDE	S:Ide	D:-0.0226323232763101	S:WTL	N:	N:	N:	N:	N:	N:	N:	N:	N:	N:	N:	N:	N:	N:	N:	N:	N:	N:	N:	N:	N:	N:	N:	N:
S:Liver	S:IMMT	S:Immt	D:-0.014319539235596	S:WTL	N:	N:	N:	N:	N:	N:	N:	N:	N:	N:	N:	N:	N:	N:	N:	N:	N:	N:	N:	N:	N:	N:	N:	N:
S:Liver	S:INTS6	S:Ints6	D:-0.00164734908424877	S:WTL	N:	N:	N:	N:	N:	N:	N:	N:	N:	N:	N:	N:	N:	N:	N:	N:	N:	N:	N:	N:	N:	N:	N:	N:
S:Liver	S:IRS1	S:Irs1	D:-0.0138828838907209	S:WTL	N:	N:	N:	N:	N:	N:	N:	N:	N:	N:	N:	N:	N:	N:	N:	N:	N:	N:	N:	N:	N:	N:	N:	N:
S:Liver	S:ISCU	S:Iscu	D:-0.0180069559099543	S:WTL	N:	N:	N:	N:	N:	N:	N:	N:	N:	N:	N:	N:	N:	N:	N:	N:	N:	N:	N:	N:	N:	N:	N:	N:
S:Liver	S:ITCH	S:Itch	D:-0.000300112732547507	S:WTL	N:	N:	N:	N:	N:	N:	N:	N:	N:	N:	N:	N:	N:	N:	N:	N:	N:	N:	N:	N:	N:	N:	N:	N:
S:Liver	S:KCMF1	S:Kcmf1	D:-0.00483186268011728	S:WTL	N:	N:	N:	N:	N:	N:	N:	N:	N:	N:	N:	N:	N:	N:	N:	N:	N:	N:	N:	N:	N:	N:	N:	N:
S:Liver	S:KIDINS220	S:Kidins220	D:-0.00530842663513948	S:WTL	N:	N:	N:	N:	N:	N:	N:	N:	N:	N:	N:	N:	N:	N:	N:	N:	N:	N:	N:	N:	N:	N:	N:	N:
S:Liver	S:KIF16B	S:Kif16b	D:-0.00584825909347447	S:WTL	N:	N:	N:	N:	N:	N:	N:	N:	N:	N:	N:	N:	N:	N:	N:	N:	N:	N:	N:	N:	N:	N:	N:	N:
S:Liver	S:KPNA4	S:Kpna4	D:-0.00589595886518632	S:WTL	N:	N:	N:	N:	N:	N:	N:	N:	N:	N:	N:	N:	N:	N:	N:	N:	N:	N:	N:	N:	N:	N:	N:	N:
S:Liver	S:LAP3	S:Lap3	D:-0.0272590399549832	S:WTL	N:	N:	N:	N:	N:	N:	N:	N:	N:	N:	N:	N:	N:	N:	N:	N:	N:	N:	N:	N:	N:	N:	N:	N:
S:Liver	S:LARP4	S:Larp4	D:-0.0181069062557696	S:WTL	N:	N:	N:	N:	N:	N:	N:	N:	N:	N:	N:	N:	N:	N:	N:	N:	N:	N:	N:	N:	N:	N:	N:	N:
S:Liver	S:LETM1	S:Letm1	D:-0.0272814961994575	S:WTL	N:	N:	N:	N:	N:	N:	N:	N:	N:	N:	N:	N:	N:	N:	N:	N:	N:	N:	N:	N:	N:	N:	N:	N:
S:Liver	S:LIPA	S:Lipa	D:-0.00192575861168877	S:WTL	N:	N:	N:	N:	N:	N:	N:	N:	N:	N:	N:	N:	N:	N:	N:	N:	N:	N:	N:	N:	N:	N:	N:	N:
S:Liver	S:LMAN1	S:Lman1	D:-0.014912263006311	S:WTL	N:	N:	N:	N:	N:	N:	N:	N:	N:	N:	N:	N:	N:	N:	N:	N:	N:	N:	N:	N:	N:	N:	N:	N:
S:Liver	S:LRPPRC	S:Lrpprc	D:-0.0161131223769268	S:WTL	N:	N:	N:	N:	N:	N:	N:	N:	N:	N:	N:	N:	N:	N:	N:	N:	N:	N:	N:	N:	N:	N:	N:	N:
S:Liver	S:LSG1	S:Lsg1	D:-0.00548456683408781	S:WTL	N:	N:	N:	N:	N:	N:	N:	N:	N:	N:	N:	N:	N:	N:	N:	N:	N:	N:	N:	N:	N:	N:	N:	N:
S:Liver	S:LSM14A	S:Lsm14a	D:-0.00301886426447313	S:WTL	N:	N:	N:	N:	N:	N:	N:	N:	N:	N:	N:	N:	N:	N:	N:	N:	N:	N:	N:	N:	N:	N:	N:	N:
S:Liver	S:LTN1	S:Ltn1	D:-0.00836458766328055	S:WTL	N:	N:	N:	N:	N:	N:	N:	N:	N:	N:	N:	N:	N:	N:	N:	N:	N:	N:	N:	N:	N:	N:	N:	N:
S:Liver	S:LYAR	S:Lyar	D:-0.0123377980898728	S:WTL	N:	N:	N:	N:	N:	N:	N:	N:	N:	N:	N:	N:	N:	N:	N:	N:	N:	N:	N:	N:	N:	N:	N:	N:
S:Liver	S:LYPLA1	S:Lypla1	D:-0.0167018104427373	S:WTL	N:	N:	N:	N:	N:	N:	N:	N:	N:	N:	N:	N:	N:	N:	N:	N:	N:	N:	N:	N:	N:	N:	N:	N:
S:Liver	S:MAGI3	S:Magi3	D:-0.00743392248229608	S:WTL	N:	N:	N:	N:	N:	N:	N:	N:	N:	N:	N:	N:	N:	N:	N:	N:	N:	N:	N:	N:	N:	N:	N:	N:
S:Liver	S:MCCC1	S:Mccc1	D:-0.0253242118109008	S:WTL	N:	N:	N:	N:	N:	N:	N:	N:	N:	N:	N:	N:	N:	N:	N:	N:	N:	N:	N:	N:	N:	N:	N:	N:
S:Liver	S:MCCC2	S:Mccc2	D:-0.0297523754629739	S:WTL	N:	N:	N:	N:	N:	N:	N:	N:	N:	N:	N:	N:	N:	N:	N:	N:	N:	N:	N:	N:	N:	N:	N:	N:
S:Liver	S:ME1	S:Me1	D:-0.0382577062475404	S:WTL	N:	N:	N:	N:	N:	N:	N:	N:	N:	N:	N:	N:	N:	N:	N:	N:	N:	N:	N:	N:	N:	N:	N:	N:
S:Liver	S:MET	S:Met	D:-0.00657917289327733	S:WTL	N:	N:	N:	N:	N:	N:	N:	N:	N:	N:	N:	N:	N:	N:	N:	N:	N:	N:	N:	N:	N:	N:	N:	N:
S:Liver	S:METAP1	S:Metap1	D:-0.0118875464518984	S:WTL	N:	N:	N:	N:	N:	N:	N:	N:	N:	N:	N:	N:	N:	N:	N:	N:	N:	N:	N:	N:	N:	N:	N:	N:
S:Liver	S:MFN2	S:Mfn2	D:-0.015533989872879	S:WTL	N:	N:	N:	N:	N:	N:	N:	N:	N:	N:	N:	N:	N:	N:	N:	N:	N:	N:	N:	N:	N:	N:	N:	N:
S:Liver	S:MFSD1	S:Mfsd1	D:-0.00748111204986478	S:WTL	N:	N:	N:	N:	N:	N:	N:	N:	N:	N:	N:	N:	N:	N:	N:	N:	N:	N:	N:	N:	N:	N:	N:	N:
S:Liver	S:MGA	S:Mga	D:-0.00210092683274169	S:WTL	N:	N:	N:	N:	N:	N:	N:	N:	N:	N:	N:	N:	N:	N:	N:	N:	N:	N:	N:	N:	N:	N:	N:	N:
S:Liver	S:MLEC	S:Mlec	D:-0.028170908262635	S:WTL	N:	N:	N:	N:	N:	N:	N:	N:	N:	N:	N:	N:	N:	N:	N:	N:	N:	N:	N:	N:	N:	N:	N:	N:
S:Liver	S:MPHOSPH10	S:Mphosph10	D:-0.0114628488232843	S:WTL	N:	N:	N:	N:	N:	N:	N:	N:	N:	N:	N:	N:	N:	N:	N:	N:	N:	N:	N:	N:	N:	N:	N:	N:
S:Liver	S:MPI	S:Mpi	D:-0.0149856319177319	S:WTL	N:	N:	N:	N:	N:	N:	N:	N:	N:	N:	N:	N:	N:	N:	N:	N:	N:	N:	N:	N:	N:	N:	N:	N:
S:Liver	S:MRPL19	S:Mrpl19	D:-0.00635736856466781	S:WTL	N:	N:	N:	N:	N:	N:	N:	N:	N:	N:	N:	N:	N:	N:	N:	N:	N:	N:	N:	N:	N:	N:	N:	N:
S:Liver	S:MRPS18B	S:Mrps18b	D:-0.0151784821319485	S:WTL	N:	N:	N:	N:	N:	N:	N:	N:	N:	N:	N:	N:	N:	N:	N:	N:	N:	N:	N:	N:	N:	N:	N:	N:
S:Liver	S:MRPS34	S:Mrps34	D:-0.00589430773753733	S:WTL	N:	N:	N:	N:	N:	N:	N:	N:	N:	N:	N:	N:	N:	N:	N:	N:	N:	N:	N:	N:	N:	N:	N:	N:
S:Liver	S:MRPS6	S:Mrps6	D:-0.0132164316655607	S:WTL	N:	N:	N:	N:	N:	N:	N:	N:	N:	N:	N:	N:	N:	N:	N:	N:	N:	N:	N:	N:	N:	N:	N:	N:
S:Liver	S:MTCH2	S:Mtch2	D:-0.0122797756300515	S:WTL	N:	N:	N:	N:	N:	N:	N:	N:	N:	N:	N:	N:	N:	N:	N:	N:	N:	N:	N:	N:	N:	N:	N:	N:
S:Liver	S:MYO5B	S:Myo5b	D:-0.00773328937869378	S:WTL	N:	N:	N:	N:	N:	N:	N:	N:	N:	N:	N:	N:	N:	N:	N:	N:	N:	N:	N:	N:	N:	N:	N:	N:
S:Liver	S:MYO6	S:Myo6	D:-0.0176002309949391	S:WTL	N:	N:	N:	N:	N:	N:	N:	N:	N:	N:	N:	N:	N:	N:	N:	N:	N:	N:	N:	N:	N:	N:	N:	N:
S:Liver	S:N4BP2	S:N4bp2	D:-0.0219307497468165	S:WTL	N:	N:	N:	N:	N:	N:	N:	N:	N:	N:	N:	N:	N:	N:	N:	N:	N:	N:	N:	N:	N:	N:	N:	N:
S:Liver	S:NAA15	S:Naa15	D:-0.00418419143282446	S:WTL	N:	N:	N:	N:	N:	N:	N:	N:	N:	N:	N:	N:	N:	N:	N:	N:	N:	N:	N:	N:	N:	N:	N:	N:
S:Liver	S:NAA16	S:Naa16	D:-0.0052487985816957	S:WTL	N:	N:	N:	N:	N:	N:	N:	N:	N:	N:	N:	N:	N:	N:	N:	N:	N:	N:	N:	N:	N:	N:	N:	N:
S:Liver	S:NAA30	S:Naa30	D:-0.0129434653328852	S:WTL	N:	N:	N:	N:	N:	N:	N:	N:	N:	N:	N:	N:	N:	N:	N:	N:	N:	N:	N:	N:	N:	N:	N:	N:
S:Liver	S:NAA35	S:Naa35	D:-0.0134592529140356	S:WTL	N:	N:	N:	N:	N:	N:	N:	N:	N:	N:	N:	N:	N:	N:	N:	N:	N:	N:	N:	N:	N:	N:	N:	N:
S:Liver	S:NAA50	S:Naa50	D:-0.00579145979213463	S:WTL	N:	N:	N:	N:	N:	N:	N:	N:	N:	N:	N:	N:	N:	N:	N:	N:	N:	N:	N:	N:	N:	N:	N:	N:
S:Liver	S:NAT2	S:Nat2	D:-0.00244358691518667	S:WTL	N:	N:	N:	N:	N:	N:	N:	N:	N:	N:	N:	N:	N:	N:	N:	N:	N:	N:	N:	N:	N:	N:	N:	N:
S:Liver	S:NBR1	S:Nbr1	D:-0.0171625492119497	S:WTL	N:	N:	N:	N:	N:	N:	N:	N:	N:	N:	N:	N:	N:	N:	N:	N:	N:	N:	N:	N:	N:	N:	N:	N:
S:Liver	S:NDUFB9	S:Ndufb9	D:-0.0197022648342024	S:WTL	N:	N:	N:	N:	N:	N:	N:	N:	N:	N:	N:	N:	N:	N:	N:	N:	N:	N:	N:	N:	N:	N:	N:	N:
S:Liver	S:NEMF	S:Nemf	D:-0.0000541379116751128	S:WTL	N:	N:	N:	N:	N:	N:	N:	N:	N:	N:	N:	N:	N:	N:	N:	N:	N:	N:	N:	N:	N:	N:	N:	N:
S:Liver	S:NF2	S:Nf2	D:-0.0074535497545597	S:WTL	N:	N:	N:	N:	N:	N:	N:	N:	N:	N:	N:	N:	N:	N:	N:	N:	N:	N:	N:	N:	N:	N:	N:	N:
S:Liver	S:NKTR	S:Nktr	D:-0.00639917743305059	S:WTL	N:	N:	N:	N:	N:	N:	N:	N:	N:	N:	N:	N:	N:	N:	N:	N:	N:	N:	N:	N:	N:	N:	N:	N:
S:Liver	S:NMT2	S:Nmt2	D:-0.0104298659446534	S:WTL	N:	N:	N:	N:	N:	N:	N:	N:	N:	N:	N:	N:	N:	N:	N:	N:	N:	N:	N:	N:	N:	N:	N:	N:
S:Liver	S:NOL8	S:Nol8	D:-0.0150937399815567	S:WTL	N:	N:	N:	N:	N:	N:	N:	N:	N:	N:	N:	N:	N:	N:	N:	N:	N:	N:	N:	N:	N:	N:	N:	N:
S:Liver	S:NOLC1	S:Nolc1	D:-0.0119239222111261	S:WTL	N:	N:	N:	N:	N:	N:	N:	N:	N:	N:	N:	N:	N:	N:	N:	N:	N:	N:	N:	N:	N:	N:	N:	N:
S:Liver	S:NOP56	S:Nop56	D:-0.00696770585143527	S:WTL	N:	N:	N:	N:	N:	N:	N:	N:	N:	N:	N:	N:	N:	N:	N:	N:	N:	N:	N:	N:	N:	N:	N:	N:
S:Liver	S:NSUN2	S:Nsun2	D:-0.0141692680004636	S:WTL	N:	N:	N:	N:	N:	N:	N:	N:	N:	N:	N:	N:	N:	N:	N:	N:	N:	N:	N:	N:	N:	N:	N:	N:
S:Liver	S:NT5DC1	S:Nt5dc1	D:-0.0140423203529729	S:WTL	N:	N:	N:	N:	N:	N:	N:	N:	N:	N:	N:	N:	N:	N:	N:	N:	N:	N:	N:	N:	N:	N:	N:	N:
S:Liver	S:NUDT21	S:Nudt21	D:-0.00182163809853517	S:WTL	N:	N:	N:	N:	N:	N:	N:	N:	N:	N:	N:	N:	N:	N:	N:	N:	N:	N:	N:	N:	N:	N:	N:	N:
S:Liver	S:NUP50	S:Nup50	D:-0.00799061962209431	S:WTL	N:	N:	N:	N:	N:	N:	N:	N:	N:	N:	N:	N:	N:	N:	N:	N:	N:	N:	N:	N:	N:	N:	N:	N:
S:Liver	S:NUP62	S:Nup62	D:-0.00389979573035881	S:WTL	N:	N:	N:	N:	N:	N:	N:	N:	N:	N:	N:	N:	N:	N:	N:	N:	N:	N:	N:	N:	N:	N:	N:	N:
S:Liver	S:NVL	S:Nvl	D:-0.00296189884612774	S:WTL	N:	N:	N:	N:	N:	N:	N:	N:	N:	N:	N:	N:	N:	N:	N:	N:	N:	N:	N:	N:	N:	N:	N:	N:
S:Liver	S:OCIAD1	S:Ociad1	D:-0.0114445750069172	S:WTL	N:	N:	N:	N:	N:	N:	N:	N:	N:	N:	N:	N:	N:	N:	N:	N:	N:	N:	N:	N:	N:	N:	N:	N:
S:Liver	S:OSBPL3	S:Osbpl3	D:-0.0174117778476553	S:WTL	N:	N:	N:	N:	N:	N:	N:	N:	N:	N:	N:	N:	N:	N:	N:	N:	N:	N:	N:	N:	N:	N:	N:	N:
S:Liver	S:OTUD3	S:Otud3	D:-0.0191606261408038	S:WTL	N:	N:	N:	N:	N:	N:	N:	N:	N:	N:	N:	N:	N:	N:	N:	N:	N:	N:	N:	N:	N:	N:	N:	N:
S:Liver	S:P4HB	S:P4hb	D:-0.0163584291119174	S:WTL	N:	N:	N:	N:	N:	N:	N:	N:	N:	N:	N:	N:	N:	N:	N:	N:	N:	N:	N:	N:	N:	N:	N:	N:
S:Liver	S:PCP4L1	S:Pcp4l1	D:-0.0342957013198052	S:WTL	N:	N:	N:	N:	N:	N:	N:	N:	N:	N:	N:	N:	N:	N:	N:	N:	N:	N:	N:	N:	N:	N:	N:	N:
S:Liver	S:PCYOX1	S:Pcyox1	D:-0.00317047904579051	S:WTL	N:	N:	N:	N:	N:	N:	N:	N:	N:	N:	N:	N:	N:	N:	N:	N:	N:	N:	N:	N:	N:	N:	N:	N:
S:Liver	S:PDCD6	S:Pdcd6	D:-0.00267403319224062	S:WTL	N:	N:	N:	N:	N:	N:	N:	N:	N:	N:	N:	N:	N:	N:	N:	N:	N:	N:	N:	N:	N:	N:	N:	N:
S:Liver	S:PEX1	S:Pex1	D:-0.0108760141424592	S:WTL	N:	N:	N:	N:	N:	N:	N:	N:	N:	N:	N:	N:	N:	N:	N:	N:	N:	N:	N:	N:	N:	N:	N:	N:
S:Liver	S:PGAP1	S:Pgap1	D:-0.017758831143253	S:WTL	N:	N:	N:	N:	N:	N:	N:	N:	N:	N:	N:	N:	N:	N:	N:	N:	N:	N:	N:	N:	N:	N:	N:	N:
S:Liver	S:PGRMC2	S:Pgrmc2	D:-0.0134160465987116	S:WTL	N:	N:	N:	N:	N:	N:	N:	N:	N:	N:	N:	N:	N:	N:	N:	N:	N:	N:	N:	N:	N:	N:	N:	N:
S:Liver	S:PHF3	S:Phf3	D:-0.00431379588048546	S:WTL	N:	N:	N:	N:	N:	N:	N:	N:	N:	N:	N:	N:	N:	N:	N:	N:	N:	N:	N:	N:	N:	N:	N:	N:
S:Liver	S:PHKB	S:Phkb	D:-0.0272256282186384	S:WTL	N:	N:	N:	N:	N:	N:	N:	N:	N:	N:	N:	N:	N:	N:	N:	N:	N:	N:	N:	N:	N:	N:	N:	N:
S:Liver	S:PHLDB2	S:Phldb2	D:-0.00594837248888643	S:WTL	N:	N:	N:	N:	N:	N:	N:	N:	N:	N:	N:	N:	N:	N:	N:	N:	N:	N:	N:	N:	N:	N:	N:	N:
S:Liver	S:PIK3R4	S:Pik3r4	D:-0.00524688429599504	S:WTL	N:	N:	N:	N:	N:	N:	N:	N:	N:	N:	N:	N:	N:	N:	N:	N:	N:	N:	N:	N:	N:	N:	N:	N:
S:Liver	S:PITPNB	S:Pitpnb	D:-0.00583961228045668	S:WTL	N:	N:	N:	N:	N:	N:	N:	N:	N:	N:	N:	N:	N:	N:	N:	N:	N:	N:	N:	N:	N:	N:	N:	N:
S:Liver	S:PJA1	S:Pja1	D:-0.0195794465133431	S:WTL	N:	N:	N:	N:	N:	N:	N:	N:	N:	N:	N:	N:	N:	N:	N:	N:	N:	N:	N:	N:	N:	N:	N:	N:
S:Liver	S:PKN2	S:Pkn2	D:-0.00553151372698301	S:WTL	N:	N:	N:	N:	N:	N:	N:	N:	N:	N:	N:	N:	N:	N:	N:	N:	N:	N:	N:	N:	N:	N:	N:	N:
S:Liver	S:PLAA	S:Plaa	D:-0.0100640074987851	S:WTL	N:	N:	N:	N:	N:	N:	N:	N:	N:	N:	N:	N:	N:	N:	N:	N:	N:	N:	N:	N:	N:	N:	N:	N:
S:Liver	S:PLEKHG3	S:Plekhg3	D:-0.00232230035664026	S:WTL	N:	N:	N:	N:	N:	N:	N:	N:	N:	N:	N:	N:	N:	N:	N:	N:	N:	N:	N:	N:	N:	N:	N:	N:
S:Liver	S:PNPT1	S:Pnpt1	D:-0.00952106723333929	S:WTL	N:	N:	N:	N:	N:	N:	N:	N:	N:	N:	N:	N:	N:	N:	N:	N:	N:	N:	N:	N:	N:	N:	N:	N:
S:Liver	S:PPM1K	S:Ppm1k	D:-0.0262415796384931	S:WTL	N:	N:	N:	N:	N:	N:	N:	N:	N:	N:	N:	N:	N:	N:	N:	N:	N:	N:	N:	N:	N:	N:	N:	N:
S:Liver	S:PRKD3	S:Prkd3	D:-0.0158637585666611	S:WTL	N:	N:	N:	N:	N:	N:	N:	N:	N:	N:	N:	N:	N:	N:	N:	N:	N:	N:	N:	N:	N:	N:	N:	N:
S:Liver	S:PRKDC	S:Prkdc	D:-0.0198013958137629	S:WTL	N:	N:	N:	N:	N:	N:	N:	N:	N:	N:	N:	N:	N:	N:	N:	N:	N:	N:	N:	N:	N:	N:	N:	N:
S:Liver	S:PSD3	S:Psd3	D:-0.0134153537811081	S:WTL	N:	N:	N:	N:	N:	N:	N:	N:	N:	N:	N:	N:	N:	N:	N:	N:	N:	N:	N:	N:	N:	N:	N:	N:
S:Liver	S:PSMA5	S:Psma5	D:-0.0116428581004095	S:WTL	N:	N:	N:	N:	N:	N:	N:	N:	N:	N:	N:	N:	N:	N:	N:	N:	N:	N:	N:	N:	N:	N:	N:	N:
S:Liver	S:PSMD1	S:Psmd1	D:-0.0150898828910848	S:WTL	N:	N:	N:	N:	N:	N:	N:	N:	N:	N:	N:	N:	N:	N:	N:	N:	N:	N:	N:	N:	N:	N:	N:	N:
S:Liver	S:PSMD12	S:Psmd12	D:-0.0128891331934279	S:WTL	N:	N:	N:	N:	N:	N:	N:	N:	N:	N:	N:	N:	N:	N:	N:	N:	N:	N:	N:	N:	N:	N:	N:	N:
S:Liver	S:PSMD5	S:Psmd5	D:-0.0124805679990741	S:WTL	N:	N:	N:	N:	N:	N:	N:	N:	N:	N:	N:	N:	N:	N:	N:	N:	N:	N:	N:	N:	N:	N:	N:	N:
S:Liver	S:PSMD7	S:Psmd7	D:-0.00871484787996646	S:WTL	N:	N:	N:	N:	N:	N:	N:	N:	N:	N:	N:	N:	N:	N:	N:	N:	N:	N:	N:	N:	N:	N:	N:	N:
S:Liver	S:PTCD2	S:Ptcd2	D:-0.00780902335655506	S:WTL	N:	N:	N:	N:	N:	N:	N:	N:	N:	N:	N:	N:	N:	N:	N:	N:	N:	N:	N:	N:	N:	N:	N:	N:
S:Liver	S:PTPRK	S:Ptprk	D:-0.0120547402699437	S:WTL	N:	N:	N:	N:	N:	N:	N:	N:	N:	N:	N:	N:	N:	N:	N:	N:	N:	N:	N:	N:	N:	N:	N:	N:
S:Liver	S:PUM1	S:Pum1	D:-0.0128078665402051	S:WTL	N:	N:	N:	N:	N:	N:	N:	N:	N:	N:	N:	N:	N:	N:	N:	N:	N:	N:	N:	N:	N:	N:	N:	N:
S:Liver	S:PWP1	S:Pwp1	D:-0.00317102849842843	S:WTL	N:	N:	N:	N:	N:	N:	N:	N:	N:	N:	N:	N:	N:	N:	N:	N:	N:	N:	N:	N:	N:	N:	N:	N:
S:Liver	S:RAB14	S:Rab14	D:-0.00755259377065735	S:WTL	N:	N:	N:	N:	N:	N:	N:	N:	N:	N:	N:	N:	N:	N:	N:	N:	N:	N:	N:	N:	N:	N:	N:	N:
S:Liver	S:RAB30	S:Rab30	D:-0.0117563106941891	S:WTL	N:	N:	N:	N:	N:	N:	N:	N:	N:	N:	N:	N:	N:	N:	N:	N:	N:	N:	N:	N:	N:	N:	N:	N:
S:Liver	S:RAB3GAP2	S:Rab3gap2	D:-0.00117194324649432	S:WTL	N:	N:	N:	N:	N:	N:	N:	N:	N:	N:	N:	N:	N:	N:	N:	N:	N:	N:	N:	N:	N:	N:	N:	N:
S:Liver	S:RAD23B	S:Rad23b	D:-0.018924942999185	S:WTL	N:	N:	N:	N:	N:	N:	N:	N:	N:	N:	N:	N:	N:	N:	N:	N:	N:	N:	N:	N:	N:	N:	N:	N:
S:Liver	S:RANBP2	S:Ranbp2	D:-0.0108424273518684	S:WTL	N:	N:	N:	N:	N:	N:	N:	N:	N:	N:	N:	N:	N:	N:	N:	N:	N:	N:	N:	N:	N:	N:	N:	N:
S:Liver	S:RB1CC1	S:Rb1cc1	D:-0.00923554796697266	S:WTL	N:	N:	N:	N:	N:	N:	N:	N:	N:	N:	N:	N:	N:	N:	N:	N:	N:	N:	N:	N:	N:	N:	N:	N:
S:Liver	S:RBBP4	S:Rbbp4	D:-0.0155769066079564	S:WTL	N:	N:	N:	N:	N:	N:	N:	N:	N:	N:	N:	N:	N:	N:	N:	N:	N:	N:	N:	N:	N:	N:	N:	N:
S:Liver	S:RBBP7	S:Rbbp7	D:-0.00519277650124826	S:WTL	N:	N:	N:	N:	N:	N:	N:	N:	N:	N:	N:	N:	N:	N:	N:	N:	N:	N:	N:	N:	N:	N:	N:	N:
S:Liver	S:RC3H1	S:Rc3h1	D:-0.00564945183497083	S:WTL	N:	N:	N:	N:	N:	N:	N:	N:	N:	N:	N:	N:	N:	N:	N:	N:	N:	N:	N:	N:	N:	N:	N:	N:
S:Liver	S:RCL1	S:Rcl1	D:-0.01099391278324	S:WTL	N:	N:	N:	N:	N:	N:	N:	N:	N:	N:	N:	N:	N:	N:	N:	N:	N:	N:	N:	N:	N:	N:	N:	N:
S:Liver	S:REEP3	S:Reep3	D:-0.00455985127054237	S:WTL	N:	N:	N:	N:	N:	N:	N:	N:	N:	N:	N:	N:	N:	N:	N:	N:	N:	N:	N:	N:	N:	N:	N:	N:
S:Liver	S:RGL3	S:Rgl3	D:-0.007366166215514	S:WTL	N:	N:	N:	N:	N:	N:	N:	N:	N:	N:	N:	N:	N:	N:	N:	N:	N:	N:	N:	N:	N:	N:	N:	N:
S:Liver	S:RHBDD1	S:Rhbdd1	D:-0.00662073306314941	S:WTL	N:	N:	N:	N:	N:	N:	N:	N:	N:	N:	N:	N:	N:	N:	N:	N:	N:	N:	N:	N:	N:	N:	N:	N:
S:Liver	S:RPUSD2	S:Rpusd2	D:-0.0125331219546629	S:WTL	N:	N:	N:	N:	N:	N:	N:	N:	N:	N:	N:	N:	N:	N:	N:	N:	N:	N:	N:	N:	N:	N:	N:	N:
S:Liver	S:SAR1B	S:Sar1b	D:-0.019169344592581	S:WTL	N:	N:	N:	N:	N:	N:	N:	N:	N:	N:	N:	N:	N:	N:	N:	N:	N:	N:	N:	N:	N:	N:	N:	N:
S:Liver	S:SCAF8	S:Scaf8	D:-0.00339263663624467	S:WTL	N:	N:	N:	N:	N:	N:	N:	N:	N:	N:	N:	N:	N:	N:	N:	N:	N:	N:	N:	N:	N:	N:	N:	N:
S:Liver	S:SCFD1	S:Scfd1	D:-0.0148696112880182	S:WTL	N:	N:	N:	N:	N:	N:	N:	N:	N:	N:	N:	N:	N:	N:	N:	N:	N:	N:	N:	N:	N:	N:	N:	N:
S:Liver	S:SCP2	S:Scp2	D:-0.0392698494635459	S:WTL	N:	N:	N:	N:	N:	N:	N:	N:	N:	N:	N:	N:	N:	N:	N:	N:	N:	N:	N:	N:	N:	N:	N:	N:
S:Liver	S:SEC24A	S:Sec24a	D:-0.00805228316658064	S:WTL	N:	N:	N:	N:	N:	N:	N:	N:	N:	N:	N:	N:	N:	N:	N:	N:	N:	N:	N:	N:	N:	N:	N:	N:
S:Liver	S:SEC61B	S:Sec61b	D:-0.0194339494640178	S:WTL	N:	N:	N:	N:	N:	N:	N:	N:	N:	N:	N:	N:	N:	N:	N:	N:	N:	N:	N:	N:	N:	N:	N:	N:
S:Liver	S:SEC63	S:Sec63	D:-0.0102512708094906	S:WTL	N:	N:	N:	N:	N:	N:	N:	N:	N:	N:	N:	N:	N:	N:	N:	N:	N:	N:	N:	N:	N:	N:	N:	N:
S:Liver	S:SECISBP2	S:Secisbp2	D:-0.00415042015449051	S:WTL	N:	N:	N:	N:	N:	N:	N:	N:	N:	N:	N:	N:	N:	N:	N:	N:	N:	N:	N:	N:	N:	N:	N:	N:
S:Liver	S:SEPSECS	S:Sepsecs	D:-0.0132304972967815	S:WTL	N:	N:	N:	N:	N:	N:	N:	N:	N:	N:	N:	N:	N:	N:	N:	N:	N:	N:	N:	N:	N:	N:	N:	N:
S:Liver	S:SERBP1	S:Serbp1	D:-0.00567662271159497	S:WTL	N:	N:	N:	N:	N:	N:	N:	N:	N:	N:	N:	N:	N:	N:	N:	N:	N:	N:	N:	N:	N:	N:	N:	N:
S:Liver	S:SETD6	S:Setd6	D:-0.00627713018908656	S:WTL	N:	N:	N:	N:	N:	N:	N:	N:	N:	N:	N:	N:	N:	N:	N:	N:	N:	N:	N:	N:	N:	N:	N:	N:
S:Liver	S:SH3PXD2A	S:Sh3pxd2a	D:-0.0199527808582623	S:WTL	N:	N:	N:	N:	N:	N:	N:	N:	N:	N:	N:	N:	N:	N:	N:	N:	N:	N:	N:	N:	N:	N:	N:	N:
S:Liver	S:SHMT1	S:Shmt1	D:-0.00633224085463012	S:WTL	N:	N:	N:	N:	N:	N:	N:	N:	N:	N:	N:	N:	N:	N:	N:	N:	N:	N:	N:	N:	N:	N:	N:	N:
S:Liver	S:SIRT5	S:Sirt5	D:-0.0183711643874671	S:WTL	N:	N:	N:	N:	N:	N:	N:	N:	N:	N:	N:	N:	N:	N:	N:	N:	N:	N:	N:	N:	N:	N:	N:	N:
S:Liver	S:SLC25A10	S:Slc25a10	D:-0.0297048961048044	S:WTL	N:	N:	N:	N:	N:	N:	N:	N:	N:	N:	N:	N:	N:	N:	N:	N:	N:	N:	N:	N:	N:	N:	N:	N:
S:Liver	S:SLC25A13	S:Slc25a13	D:-0.0171951798449045	S:WTL	N:	N:	N:	N:	N:	N:	N:	N:	N:	N:	N:	N:	N:	N:	N:	N:	N:	N:	N:	N:	N:	N:	N:	N:
S:Liver	S:SLC25A16	S:Slc25a16	D:-0.0108292459821849	S:WTL	N:	N:	N:	N:	N:	N:	N:	N:	N:	N:	N:	N:	N:	N:	N:	N:	N:	N:	N:	N:	N:	N:	N:	N:
S:Liver	S:SLC25A17	S:Slc25a17	D:-0.0235396790388647	S:WTL	N:	N:	N:	N:	N:	N:	N:	N:	N:	N:	N:	N:	N:	N:	N:	N:	N:	N:	N:	N:	N:	N:	N:	N:
S:Liver	S:SLC25A3	S:Slc25a3	D:-0.00620391423095921	S:WTL	N:	N:	N:	N:	N:	N:	N:	N:	N:	N:	N:	N:	N:	N:	N:	N:	N:	N:	N:	N:	N:	N:	N:	N:
S:Liver	S:SLC27A2	S:Slc27a2	D:-0.0229989459090423	S:WTL	N:	N:	N:	N:	N:	N:	N:	N:	N:	N:	N:	N:	N:	N:	N:	N:	N:	N:	N:	N:	N:	N:	N:	N:
S:Liver	S:SLC33A1	S:Slc33a1	D:-0.021356476236117	S:WTL	N:	N:	N:	N:	N:	N:	N:	N:	N:	N:	N:	N:	N:	N:	N:	N:	N:	N:	N:	N:	N:	N:	N:	N:
S:Liver	S:SLC38A3	S:Slc38a3	D:-0.0104206576579536	S:WTL	N:	N:	N:	N:	N:	N:	N:	N:	N:	N:	N:	N:	N:	N:	N:	N:	N:	N:	N:	N:	N:	N:	N:	N:
S:Liver	S:SNAP47	S:Snap47	D:-0.0126635903965471	S:WTL	N:	N:	N:	N:	N:	N:	N:	N:	N:	N:	N:	N:	N:	N:	N:	N:	N:	N:	N:	N:	N:	N:	N:	N:
S:Liver	S:SNIP1	S:Snip1	D:-0.00544290770337357	S:WTL	N:	N:	N:	N:	N:	N:	N:	N:	N:	N:	N:	N:	N:	N:	N:	N:	N:	N:	N:	N:	N:	N:	N:	N:
S:Liver	S:SNRK	S:Snrk	D:-0.00211016012921667	S:WTL	N:	N:	N:	N:	N:	N:	N:	N:	N:	N:	N:	N:	N:	N:	N:	N:	N:	N:	N:	N:	N:	N:	N:	N:
S:Liver	S:SNX29	S:Snx29	D:-0.0275170348945225	S:WTL	N:	N:	N:	N:	N:	N:	N:	N:	N:	N:	N:	N:	N:	N:	N:	N:	N:	N:	N:	N:	N:	N:	N:	N:
S:Liver	S:SON	S:Son	D:-0.0028137856968025	S:WTL	N:	N:	N:	N:	N:	N:	N:	N:	N:	N:	N:	N:	N:	N:	N:	N:	N:	N:	N:	N:	N:	N:	N:	N:
S:Liver	S:SPATA5	S:Spata5	D:-0.00895353763517113	S:WTL	N:	N:	N:	N:	N:	N:	N:	N:	N:	N:	N:	N:	N:	N:	N:	N:	N:	N:	N:	N:	N:	N:	N:	N:
S:Liver	S:SRP72	S:Srp72	D:-0.0118470210665782	S:WTL	N:	N:	N:	N:	N:	N:	N:	N:	N:	N:	N:	N:	N:	N:	N:	N:	N:	N:	N:	N:	N:	N:	N:	N:
S:Liver	S:SRPRB	S:Srprb	D:-0.00000295691689042651	S:WTL	N:	N:	N:	N:	N:	N:	N:	N:	N:	N:	N:	N:	N:	N:	N:	N:	N:	N:	N:	N:	N:	N:	N:	N:
S:Liver	S:STAG2	S:Stag2	D:-0.00504105598608907	S:WTL	N:	N:	N:	N:	N:	N:	N:	N:	N:	N:	N:	N:	N:	N:	N:	N:	N:	N:	N:	N:	N:	N:	N:	N:
S:Liver	S:STRAP	S:Strap	D:-0.00289594505830337	S:WTL	N:	N:	N:	N:	N:	N:	N:	N:	N:	N:	N:	N:	N:	N:	N:	N:	N:	N:	N:	N:	N:	N:	N:	N:
S:Liver	S:STRBP	S:Strbp	D:-0.00682730545712094	S:WTL	N:	N:	N:	N:	N:	N:	N:	N:	N:	N:	N:	N:	N:	N:	N:	N:	N:	N:	N:	N:	N:	N:	N:	N:
S:Liver	S:SYNCRIP	S:Syncrip	D:-0.0015529884127501	S:WTL	N:	N:	N:	N:	N:	N:	N:	N:	N:	N:	N:	N:	N:	N:	N:	N:	N:	N:	N:	N:	N:	N:	N:	N:
S:Liver	S:SYVN1	S:Syvn1	D:-0.0265527884624347	S:WTL	N:	N:	N:	N:	N:	N:	N:	N:	N:	N:	N:	N:	N:	N:	N:	N:	N:	N:	N:	N:	N:	N:	N:	N:
S:Liver	S:TCP1	S:Tcp1	D:-0.00714933012907252	S:WTL	N:	N:	N:	N:	N:	N:	N:	N:	N:	N:	N:	N:	N:	N:	N:	N:	N:	N:	N:	N:	N:	N:	N:	N:
S:Liver	S:TDRKH	S:Tdrkh	D:-0.0246825668881128	S:WTL	N:	N:	N:	N:	N:	N:	N:	N:	N:	N:	N:	N:	N:	N:	N:	N:	N:	N:	N:	N:	N:	N:	N:	N:
S:Liver	S:TFAM	S:Tfam	D:-0.00307162343751321	S:WTL	N:	N:	N:	N:	N:	N:	N:	N:	N:	N:	N:	N:	N:	N:	N:	N:	N:	N:	N:	N:	N:	N:	N:	N:
S:Liver	S:THUMPD3	S:Thumpd3	D:-0.0131017154670077	S:WTL	N:	N:	N:	N:	N:	N:	N:	N:	N:	N:	N:	N:	N:	N:	N:	N:	N:	N:	N:	N:	N:	N:	N:	N:
S:Liver	S:TMX4	S:Tmx4	D:-0.0289176842793358	S:WTL	N:	N:	N:	N:	N:	N:	N:	N:	N:	N:	N:	N:	N:	N:	N:	N:	N:	N:	N:	N:	N:	N:	N:	N:
S:Liver	S:TNRC6B	S:Tnrc6b	D:-0.0022565765363663	S:WTL	N:	N:	N:	N:	N:	N:	N:	N:	N:	N:	N:	N:	N:	N:	N:	N:	N:	N:	N:	N:	N:	N:	N:	N:
S:Liver	S:TOR1B	S:Tor1b	D:-0.00307833580288185	S:WTL	N:	N:	N:	N:	N:	N:	N:	N:	N:	N:	N:	N:	N:	N:	N:	N:	N:	N:	N:	N:	N:	N:	N:	N:
S:Liver	S:TPST1	S:Tpst1	D:-0.0039046166981039	S:WTL	N:	N:	N:	N:	N:	N:	N:	N:	N:	N:	N:	N:	N:	N:	N:	N:	N:	N:	N:	N:	N:	N:	N:	N:
S:Liver	S:TRAPPC10	S:Trappc10	D:-0.00301114534730671	S:WTL	N:	N:	N:	N:	N:	N:	N:	N:	N:	N:	N:	N:	N:	N:	N:	N:	N:	N:	N:	N:	N:	N:	N:	N:
S:Liver	S:TRMT112	S:Trmt112	D:-0.00802610783924792	S:WTL	N:	N:	N:	N:	N:	N:	N:	N:	N:	N:	N:	N:	N:	N:	N:	N:	N:	N:	N:	N:	N:	N:	N:	N:
S:Liver	S:TRMT1L	S:Trmt1l	D:-0.00995212855530983	S:WTL	N:	N:	N:	N:	N:	N:	N:	N:	N:	N:	N:	N:	N:	N:	N:	N:	N:	N:	N:	N:	N:	N:	N:	N:
S:Liver	S:TSFM	S:Tsfm	D:-0.0130540011009743	S:WTL	N:	N:	N:	N:	N:	N:	N:	N:	N:	N:	N:	N:	N:	N:	N:	N:	N:	N:	N:	N:	N:	N:	N:	N:
S:Liver	S:TTC17	S:Ttc17	D:-0.00798839784273339	S:WTL	N:	N:	N:	N:	N:	N:	N:	N:	N:	N:	N:	N:	N:	N:	N:	N:	N:	N:	N:	N:	N:	N:	N:	N:
S:Liver	S:TTC27	S:Ttc27	D:-0.0113038444391185	S:WTL	N:	N:	N:	N:	N:	N:	N:	N:	N:	N:	N:	N:	N:	N:	N:	N:	N:	N:	N:	N:	N:	N:	N:	N:
S:Liver	S:TTC37	S:Ttc37	D:-0.00917926088125132	S:WTL	N:	N:	N:	N:	N:	N:	N:	N:	N:	N:	N:	N:	N:	N:	N:	N:	N:	N:	N:	N:	N:	N:	N:	N:
S:Liver	S:TXLNG	S:Txlng	D:-0.00829529724467059	S:WTL	N:	N:	N:	N:	N:	N:	N:	N:	N:	N:	N:	N:	N:	N:	N:	N:	N:	N:	N:	N:	N:	N:	N:	N:
S:Liver	S:TYW5	S:Tyw5	D:-0.0194662289772331	S:WTL	N:	N:	N:	N:	N:	N:	N:	N:	N:	N:	N:	N:	N:	N:	N:	N:	N:	N:	N:	N:	N:	N:	N:	N:
S:Liver	S:UBE2K	S:Ube2k	D:-0.0145266734367575	S:WTL	N:	N:	N:	N:	N:	N:	N:	N:	N:	N:	N:	N:	N:	N:	N:	N:	N:	N:	N:	N:	N:	N:	N:	N:
S:Liver	S:UBE3A	S:Ube3a	D:-0.0109063379228634	S:WTL	N:	N:	N:	N:	N:	N:	N:	N:	N:	N:	N:	N:	N:	N:	N:	N:	N:	N:	N:	N:	N:	N:	N:	N:
S:Liver	S:UBE4B	S:Ube4b	D:-0.00926136653415293	S:WTL	N:	N:	N:	N:	N:	N:	N:	N:	N:	N:	N:	N:	N:	N:	N:	N:	N:	N:	N:	N:	N:	N:	N:	N:
S:Liver	S:UNC13B	S:Unc13b	D:-0.00142079921915952	S:WTL	N:	N:	N:	N:	N:	N:	N:	N:	N:	N:	N:	N:	N:	N:	N:	N:	N:	N:	N:	N:	N:	N:	N:	N:
S:Liver	S:USP10	S:Usp10	D:-0.0192849993978447	S:WTL	N:	N:	N:	N:	N:	N:	N:	N:	N:	N:	N:	N:	N:	N:	N:	N:	N:	N:	N:	N:	N:	N:	N:	N:
S:Liver	S:USP14	S:Usp14	D:-0.0184063335568329	S:WTL	N:	N:	N:	N:	N:	N:	N:	N:	N:	N:	N:	N:	N:	N:	N:	N:	N:	N:	N:	N:	N:	N:	N:	N:
S:Liver	S:USP34	S:Usp34	D:-0.0102723936583742	S:WTL	N:	N:	N:	N:	N:	N:	N:	N:	N:	N:	N:	N:	N:	N:	N:	N:	N:	N:	N:	N:	N:	N:	N:	N:
S:Liver	S:USP4	S:Usp4	D:-0.0133267244350428	S:WTL	N:	N:	N:	N:	N:	N:	N:	N:	N:	N:	N:	N:	N:	N:	N:	N:	N:	N:	N:	N:	N:	N:	N:	N:
S:Liver	S:USP47	S:Usp47	D:-0.0156238730998994	S:WTL	N:	N:	N:	N:	N:	N:	N:	N:	N:	N:	N:	N:	N:	N:	N:	N:	N:	N:	N:	N:	N:	N:	N:	N:
S:Liver	S:USP9X	S:Usp9x	D:-0.0136812269937296	S:WTL	N:	N:	N:	N:	N:	N:	N:	N:	N:	N:	N:	N:	N:	N:	N:	N:	N:	N:	N:	N:	N:	N:	N:	N:
S:Liver	S:UTRN	S:Utrn	D:-0.0110235613264651	S:WTL	N:	N:	N:	N:	N:	N:	N:	N:	N:	N:	N:	N:	N:	N:	N:	N:	N:	N:	N:	N:	N:	N:	N:	N:
S:Liver	S:VPS41	S:Vps41	D:-0.010326922067587	S:WTL	N:	N:	N:	N:	N:	N:	N:	N:	N:	N:	N:	N:	N:	N:	N:	N:	N:	N:	N:	N:	N:	N:	N:	N:
S:Liver	S:WDR11	S:Wdr11	D:-0.00410896542721671	S:WTL	N:	N:	N:	N:	N:	N:	N:	N:	N:	N:	N:	N:	N:	N:	N:	N:	N:	N:	N:	N:	N:	N:	N:	N:
S:Liver	S:WDR36	S:Wdr36	D:-0.00367517753604034	S:WTL	N:	N:	N:	N:	N:	N:	N:	N:	N:	N:	N:	N:	N:	N:	N:	N:	N:	N:	N:	N:	N:	N:	N:	N:
S:Liver	S:WDR7	S:Wdr7	D:-0.0107221274349701	S:WTL	N:	N:	N:	N:	N:	N:	N:	N:	N:	N:	N:	N:	N:	N:	N:	N:	N:	N:	N:	N:	N:	N:	N:	N:
S:Liver	S:WWP1	S:Wwp1	D:-0.00632070078549187	S:WTL	N:	N:	N:	N:	N:	N:	N:	N:	N:	N:	N:	N:	N:	N:	N:	N:	N:	N:	N:	N:	N:	N:	N:	N:
S:Liver	S:XPOT	S:Xpot	D:-0.0029295310708187	S:WTL	N:	N:	N:	N:	N:	N:	N:	N:	N:	N:	N:	N:	N:	N:	N:	N:	N:	N:	N:	N:	N:	N:	N:	N:
S:Liver	S:YME1L1	S:Yme1l1	D:-0.013180497299737	S:WTL	N:	N:	N:	N:	N:	N:	N:	N:	N:	N:	N:	N:	N:	N:	N:	N:	N:	N:	N:	N:	N:	N:	N:	N:
S:Liver	S:YTHDF1	S:Ythdf1	D:-0.00422490165965555	S:WTL	N:	N:	N:	N:	N:	N:	N:	N:	N:	N:	N:	N:	N:	N:	N:	N:	N:	N:	N:	N:	N:	N:	N:	N:
S:Liver	S:YTHDF2	S:Ythdf2	D:-0.00786059373787514	S:WTL	N:	N:	N:	N:	N:	N:	N:	N:	N:	N:	N:	N:	N:	N:	N:	N:	N:	N:	N:	N:	N:	N:	N:	N:
S:Liver	S:YWHAG	S:Ywhag	D:-0.00639066358296539	S:WTL	N:	N:	N:	N:	N:	N:	N:	N:	N:	N:	N:	N:	N:	N:	N:	N:	N:	N:	N:	N:	N:	N:	N:	N:
S:Liver	S:ZFAND6	S:Zfand6	D:-0.0098425787669104	S:WTL	N:	N:	N:	N:	N:	N:	N:	N:	N:	N:	N:	N:	N:	N:	N:	N:	N:	N:	N:	N:	N:	N:	N:	N:
S:Liver	S:ZFR	S:Zfr	D:-0.0106150143835942	S:WTL	N:	N:	N:	N:	N:	N:	N:	N:	N:	N:	N:	N:	N:	N:	N:	N:	N:	N:	N:	N:	N:	N:	N:	N:
S:Liver	S:ZYG11B	S:Zyg11b	D:-0.0112949744665512	S:WTL	N:	N:	N:	N:	N:	N:	N:	N:	N:	N:	N:	N:	N:	N:	N:	N:	N:	N:	N:	N:	N:	N:	N:	N:
N:	N:	N:	N:	N:	N:	N:	N:	N:	N:	N:	N:	N:	N:	N:	N:	N:	N:	N:	N:	N:	N:	N:	N:	N:	N:	N:	N:	N:
N:	N:	N:	N:	N:	N:	N:	N:	N:	N:	N:	N:	N:	N:	N:	N:	N:	N:	N:	N:	N:	N:	N:	N:	N:	N:	N:	N:	N:
S:Source	S:analysis metadata	N:	N:	N:	N:	N:	N:	N:	N:	N:	N:	N:	N:	N:	N:	N:	N:	N:	N:	N:	N:	N:	N:	N:	N:	N:	N:	N:
S:Description	S:Reactome procedure, thresholds, correction, and background for Fig. 4f.	N:	N:	N:	N:	N:	N:	N:	N:	N:	N:	N:	N:	N:	N:	N:	N:	N:	N:	N:	N:	N:	N:	N:	N:	N:	N:	N:
N:	N:	N:	N:	N:	N:	N:	N:	N:	N:	N:	N:	N:	N:	N:	N:	N:	N:	N:	N:	N:	N:	N:	N:	N:	N:	N:	N:	N:
S:item	S:value	N:	N:	N:	N:	N:	N:	N:	N:	N:	N:	N:	N:	N:	N:	N:	N:	N:	N:	N:	N:	N:	N:	N:	N:	N:	N:	N:
S:analysis_version	S:Participant-aware dual-FDR human blood SR-down analysis	N:	N:	N:	N:	N:	N:	N:	N:	N:	N:	N:	N:	N:	N:	N:	N:	N:	N:	N:	N:	N:	N:	N:	N:	N:	N:	N:
S:SR_down_definition	S:Participant-aware human blood SR-down: phase-adjusted log2FC < 0, phase-model BH FDR < 0.05, delta MESOR < 0, and MESOR BH FDR < 0.05.	N:	N:	N:	N:	N:	N:	N:	N:	N:	N:	N:	N:	N:	N:	N:	N:	N:	N:	N:	N:	N:	N:	N:	N:	N:	N:	N:
S:repeated_measures_model	S:Participant-aware cosinor model: expression ~ condition + sin(2*pi*phase/24) + cos(2*pi*phase/24) + condition:sin(2*pi*phase/24) + condition:cos(2*pi*phase/24), fitted with limma duplicateCorrelation and participant identity as the repeated-measures block.	N:	N:	N:	N:	N:	N:	N:	N:	N:	N:	N:	N:	N:	N:	N:	N:	N:	N:	N:	N:	N:	N:	N:	N:	N:	N:	N:
S:Reactome_procedure	S:Fisher/Reactome over-representation analysis.	N:	N:	N:	N:	N:	N:	N:	N:	N:	N:	N:	N:	N:	N:	N:	N:	N:	N:	N:	N:	N:	N:	N:	N:	N:	N:	N:
S:Reactome_display_threshold	S:Nominal Reactome P < 0.05 and at least two overlapping genes for displayed network terms.	N:	N:	N:	N:	N:	N:	N:	N:	N:	N:	N:	N:	N:	N:	N:	N:	N:	N:	N:	N:	N:	N:	N:	N:	N:	N:	N:
S:Reactome_background_universe	S:Reactome-mapped genes from the tissue-specific liver RNA/protein/SR shared universe; row-specific BgRatio denominator is reported in the ORA table.	N:	N:	N:	N:	N:	N:	N:	N:	N:	N:	N:	N:	N:	N:	N:	N:	N:	N:	N:	N:	N:	N:	N:	N:	N:	N:	N:
S:Reactome_multiple_testing	S:Benjamini-Hochberg FDR across all tested Reactome terms; raw P and BH FDR are both reported.	N:	N:	N:	N:	N:	N:	N:	N:	N:	N:	N:	N:	N:	N:	N:	N:	N:	N:	N:	N:	N:	N:	N:	N:	N:	N:	N:
S:network_selection	S:Representative nonredundant terms were selected from qualifying terms; no HSF1/proteostasis or contextual terms were forced.	N:	N:	N:	N:	N:	N:	N:	N:	N:	N:	N:	N:	N:	N:	N:	N:	N:	N:	N:	N:	N:	N:	N:	N:	N:	N:	N:
