#start_row=5	cols=4
S:REACTOME_SUMOYLATION	D:169	S:AAAS;AR;AURKA;AURKB;BIRC5;BLM;BMI1;BRCA1;CASP8AP2;CBX2;CBX4;CBX5;CBX8;CDCA8;CDKN2A;CETN2;CHD3;CREBBP;CTBP1;DAXX;DDX17;DDX5;DNMT1;DNMT3A;DNMT3B;EID3;EIF2AK2;EP300;ESR1;FOXL2;HDAC1;HDAC2;HDAC4;HDAC7;HERC2;HIC1;HIPK2;HNRNPC;HNRNPK;IKBKE;IKBKG;INCENP;ING2;L3MBTL2;MBD1;MDC1;MDM2;MITF;MTA1;NCOA1;NCOA2;NCOR2;NFKB2;NFKBIA;NOP58;NPM1;NR1H2;NR1H3;NR1H4;NR1I2;NR2C1;NR3C1;NR3C2;NR4A2;NR5A1;NR5A2;NRIP1;NSMCE1;NSMCE2;NSMCE4A;NUP107;NUP133;NUP153;NUP155;NUP160;NUP188;NUP205;NUP210;NUP214;NUP35;NUP37;NUP43;NUP50;NUP54;NUP62;NUP85;NUP88;NUP93;NUP98;PARK7;PARP1;PCGF2;PCNA;PGR;PHC1;PHC2;PHC3;PIAS1;PIAS2;PIAS3;PIAS4;PML;POM121;PPARA;PPARG;PPARGC1A;RAD21;RAD52;RAE1;RANBP2;RANGAP1;RARA;RELA;RING1;RNF168;RNF2;RORA;RPA1;RWDD3;RXRA;SAE1;SAFB;SATB1;SATB2;SCMH1;SEC13;SEH1L;SENP1;SENP2;SENP5;SIN3A;SMC1A;SMC3;SMC5;SMC6;SP100;SP3;STAG1;STAG2;SUMO1;SUMO2;SUMO3;SUZ12;TDG;TFAP2A;TFAP2B;TFAP2C;THRA;THRB;TOP1;TOP2A;TOP2B;TOPORS;TP53;TP53BP1;TPR;TRIM27;TRIM28;UBA2;UBE2I;UHRF2;VDR;VHL;WRN;XPC;XRCC4;ZBED1;ZNF131;ZNF350	S:AURKA;AURKB;BIRC5;BLM;BMI1;BRCA1;CASP8AP2;CBX2;CBX4;CBX5;CDCA8;CDKN2A;CETN2;CREBBP;DAXX;DDX5;DNMT1;DNMT3A;DNMT3B;EID3;EIF2AK2;EP300;ESR1;HDAC1;HDAC2;HDAC7;HERC2;HIC1;HIPK2;HNRNPC;HNRNPK;INCENP;ING2;L3MBTL2;MBD1;MDC1;MDM2;MITF;NCOA1;NCOA2;NCOR2;NFKBIA;NOP58;NPM1;NR1H3;NR1H4;NR2C1;NR3C1;NR3C2;NR5A1;NRIP1;NSMCE2;NSMCE4A;NUP107;NUP133;NUP153;NUP155;NUP160;NUP188;NUP205;NUP210;NUP35;NUP37;NUP43;NUP50;NUP54;NUP62;NUP85;NUP88;NUP93;NUP98;PARK7;PARP1;PCGF2;PCNA;PHC1;PHC2;PHC3;PIAS1;PIAS2;PIAS3;POM121;PPARA;PPARG;PPARGC1A;RAD21;RAD52;RAE1;RANBP2;RANGAP1;RELA;RING1;RNF168;RNF2;RORA;RPA1;RWDD3;SAE1;SATB1;SATB2;SCMH1;SEC13;SEH1L;SENP1;SENP2;SENP5;SIN3A;SMC1A;SMC3;SMC5;SMC6;SP3;STAG1;STAG2;SUMO2;SUZ12;TDG;TFAP2A;TFAP2C;THRA;THRB;TOP2A;TOP2B;TOPORS;TP53;TP53BP1;TPR;UBA2;UBE2I;UHRF2;VDR;VHL;WRN;XPC;XRCC4;ZBED1;ZNF131;ZNF350
S:REACTOME_SUMOYLATION_OF_DNA_DAMAGE_RESPONSE_AND_REPAIR_PROTEINS	D:72	S:AAAS;BLM;BMI1;BRCA1;CBX2;CBX4;CBX8;CDKN2A;CETN2;EID3;HDAC7;HERC2;MDC1;NSMCE1;NSMCE2;NSMCE4A;NUP107;NUP133;NUP153;NUP155;NUP160;NUP188;NUP205;NUP210;NUP214;NUP35;NUP37;NUP43;NUP50;NUP54;NUP62;NUP85;NUP88;NUP93;NUP98;PARP1;PCGF2;PHC1;PHC2;PHC3;PIAS1;PIAS2;PIAS4;PML;POM121;RAD21;RAD52;RAE1;RANBP2;RING1;RNF168;RNF2;RPA1;SCMH1;SEC13;SEH1L;SMC1A;SMC3;SMC5;SMC6;SP100;STAG1;STAG2;SUMO1;SUMO2;SUMO3;TDG;TPR;UBE2I;WRN;XPC;XRCC4	S:BLM;BMI1;BRCA1;CBX2;CBX4;CDKN2A;CETN2;EID3;HDAC7;HERC2;MDC1;NSMCE2;NSMCE4A;NUP107;NUP133;NUP153;NUP155;NUP160;NUP188;NUP205;NUP210;NUP35;NUP37;NUP43;NUP50;NUP54;NUP62;NUP85;NUP88;NUP93;NUP98;PARP1;PCGF2;PHC1;PHC2;PHC3;PIAS1;PIAS2;POM121;RAD21;RAD52;RAE1;RANBP2;RING1;RNF168;RNF2;RPA1;SCMH1;SEC13;SEH1L;SMC1A;SMC3;SMC5;SMC6;STAG1;STAG2;SUMO2;TDG;TPR;UBE2I;WRN;XPC;XRCC4
S:REACTOME_TRANSPORT_OF_MATURE_TRANSCRIPT_TO_CYTOPLASM	D:78	S:AAAS;CASC3;CDC40;CHTOP;CPSF1;CPSF2;CPSF3;CPSF4;DDX39A;DDX39B;DHX38;EIF4A3;EIF4E;FIP1L1;FYTTD1;GLE1;LUZP4;MAGOH;MAGOHB;NCBP1;NCBP2;NUP107;NUP133;NUP153;NUP155;NUP160;NUP188;NUP205;NUP210;NUP214;NUP35;NUP37;NUP43;NUP50;NUP54;NUP62;NUP85;NUP88;NUP93;NUP98;NXF1;NXF2;NXT1;POLDIP3;POM121;RAE1;RANBP2;RBM8A;RNPS1;SARNP;SEC13;SEH1L;SLBP;SLU7;SRRM1;SRSF1;SRSF11;SRSF2;SRSF3;SRSF4;SRSF5;SRSF6;SRSF7;SRSF9;SYMPK;THOC1;THOC2;THOC3;THOC5;THOC6;THOC7;TPR;U2AF1;U2AF1L4;U2AF2;UPF3B;WDR33;ZC3H11A	S:CASC3;CDC40;CHTOP;CPSF1;CPSF2;CPSF3;DDX39A;DHX38;EIF4A3;FIP1L1;FYTTD1;GLE1;MAGOH;MAGOHB;NCBP1;NCBP2;NUP107;NUP133;NUP153;NUP155;NUP160;NUP188;NUP205;NUP210;NUP35;NUP37;NUP43;NUP50;NUP54;NUP62;NUP85;NUP88;NUP93;NUP98;NXF2;NXT1;POLDIP3;POM121;RAE1;RANBP2;RBM8A;RNPS1;SARNP;SEC13;SEH1L;SLBP;SLU7;SRRM1;SRSF1;SRSF11;SRSF2;SRSF3;SRSF4;SRSF5;SRSF7;SRSF9;SYMPK;THOC1;THOC2;THOC3;THOC7;TPR;U2AF1;UPF3B;ZC3H11A
S:REACTOME_TRNA_PROCESSING	D:93	S:AAAS;ADAT1;ADAT2;ADAT3;ALKBH8;CDKAL1;CLP1;CPSF1;CPSF4;CSTF2;CTU1;CTU2;DDX1;ELAC2;FTSJ1;GTPBP3;HSD17B10;LAGE3;LCMT2;METTL1;MTO1;NSUN2;NSUN6;NUP107;NUP133;NUP153;NUP155;NUP160;NUP188;NUP205;NUP210;NUP214;NUP35;NUP37;NUP43;NUP50;NUP54;NUP62;NUP85;NUP88;NUP93;NUP98;OSGEP;OSGEPL1;POM121;POP1;POP4;POP5;POP7;PUS1;PUS3;PUS7;QTRT1;RAE1;RAN;RANBP2;RPP14;RPP21;RPP25;RPP30;RPP38;RPP40;SEC13;SEH1L;THADA;THG1L;TP53RK;TPR;TPRKB;TRDMT1;TRIT1;TRMT1;TRMT11;TRMT112;TRMT12;TRMT5;TRMT6;TRMT61A;TRMT61B;TRMU;TRNT1;TSEN15;TSEN2;TSEN34;TSEN54;TYW1;TYW3;TYW5;URM1;WDR4;XPOT;YRDC;ZBTB8OS	S:ADAT1;ADAT2;ALKBH8;CLP1;CPSF1;CSTF2;DDX1;ELAC2;FTSJ1;GTPBP3;HSD17B10;LAGE3;LCMT2;METTL1;MTO1;NSUN2;NSUN6;NUP107;NUP133;NUP153;NUP155;NUP160;NUP188;NUP205;NUP210;NUP35;NUP37;NUP43;NUP50;NUP54;NUP62;NUP85;NUP88;NUP93;NUP98;OSGEP;OSGEPL1;POM121;POP1;POP4;POP5;POP7;PUS1;PUS3;PUS7;QTRT1;RAE1;RAN;RANBP2;RPP14;RPP30;RPP38;RPP40;SEC13;SEH1L;THADA;THG1L;TP53RK;TPR;TPRKB;TRDMT1;TRIT1;TRMT11;TRMT112;TRMT5;TRMT6;TRMT61B;TRNT1;TSEN15;TSEN2;TYW1;TYW3;TYW5;WDR4;XPOT;YRDC;ZBTB8OS
S:REACTOME_MITOTIC_SPINDLE_CHECKPOINT	D:103	S:AHCTF1;ANAPC1;ANAPC10;ANAPC11;ANAPC16;ANAPC2;ANAPC4;ANAPC5;ANAPC7;AURKB;B9D2;BIRC5;BUB1;BUB1B;BUB3;CDC16;CDC20;CDC23;CDC26;CDC27;CDCA8;CENPA;CENPE;CENPF;CENPH;CENPI;CENPK;CENPL;CENPM;CENPN;CENPO;CENPP;CENPQ;CENPT;CKAP5;CLASP1;CLASP2;CLIP1;DSN1;DYNC1H1;DYNC1I1;DYNC1I2;DYNC1LI1;DYNC1LI2;DYNLL1;DYNLL2;ERCC6L;INCENP;ITGB3BP;KIF18A;KIF2A;KIF2B;KIF2C;KNTC1;MAD1L1;MAD2L1;MAPRE1;MIS12;NDC80;NDE1;NDEL1;NSL1;NUDC;NUF2;NUP107;NUP133;NUP160;NUP37;NUP43;NUP85;NUP98;PAFAH1B1;PLK1;PMF1;PPP1CC;PPP2CA;PPP2CB;PPP2R1A;PPP2R1B;PPP2R5A;PPP2R5B;PPP2R5C;PPP2R5D;PPP2R5E;RANBP2;RANGAP1;RCC2;RPS27;SEC13;SEH1L;SKA1;SKA2;SPC24;SPC25;TAOK1;UBE2C;UBE2D1;UBE2E1;UBE2S;XPO1;ZW10;ZWILCH;ZWINT	S:AHCTF1;ANAPC1;ANAPC10;ANAPC11;ANAPC16;ANAPC4;ANAPC5;ANAPC7;AURKB;B9D2;BIRC5;BUB1;BUB1B;BUB3;CDC23;CDC26;CDC27;CDCA8;CENPA;CENPE;CENPF;CENPH;CENPK;CENPL;CENPM;CENPN;CENPO;CENPP;CENPQ;CENPT;CKAP5;CLASP1;CLASP2;CLIP1;DSN1;DYNC1H1;DYNC1I1;DYNC1LI1;DYNC1LI2;DYNLL1;ERCC6L;INCENP;ITGB3BP;KIF18A;KIF2A;KIF2B;KIF2C;KNTC1;MAD2L1;MAPRE1;MIS12;NDC80;NDE1;NSL1;NUDC;NUF2;NUP107;NUP133;NUP160;NUP37;NUP43;NUP85;NUP98;PAFAH1B1;PLK1;PPP1CC;PPP2CB;PPP2R1B;PPP2R5A;PPP2R5C;PPP2R5D;PPP2R5E;RANBP2;RANGAP1;RCC2;SEC13;SEH1L;SKA1;SKA2;SPC24;SPC25;TAOK1;UBE2E1;XPO1;ZW10;ZWILCH;ZWINT
S:REACTOME_PROCESSING_OF_CAPPED_INTRON_CONTAINING_PRE_MRNA	D:277	S:AAAS;ACIN1;AQR;BCAS2;BUD13;BUD31;CASC3;CCAR1;CCDC12;CDC40;CDC5L;CHERP;CHTOP;CLP1;CPSF1;CPSF2;CPSF3;CPSF4;CPSF6;CPSF7;CRNKL1;CSTF1;CSTF2;CSTF2T;CSTF3;CTNNBL1;CWC15;CWC22;CWC25;CWC27;CWF19L2;DDX23;DDX39A;DDX39B;DDX41;DDX42;DDX46;DDX5;DHX15;DHX16;DHX35;DHX38;DHX8;DHX9;DNAJC8;EFTUD2;EIF4A3;EIF4E;FAM32A;FAM50A;FIP1L1;FUS;FYTTD1;GLE1;GPATCH1;GPKOW;GTF2F1;GTF2F2;HNRNPA1;HNRNPA2B1;HNRNPA3;HNRNPC;HNRNPD;HNRNPF;HNRNPH1;HNRNPH2;HNRNPK;HNRNPL;HNRNPM;HNRNPR;HNRNPU;HSPA8;HTATSF1;IK;ISY1;LENG1;LSM2;LSM3;LSM4;LSM5;LSM6;LSM7;LUC7L3;LUZP4;MAGOH;MAGOHB;METTL14;METTL3;MFAP1;NCBP1;NCBP2;NKAP;NSRP1;NUDT21;NUP107;NUP133;NUP153;NUP155;NUP160;NUP188;NUP205;NUP210;NUP214;NUP35;NUP37;NUP43;NUP50;NUP54;NUP62;NUP85;NUP88;NUP93;NUP98;NXF1;NXF2;NXT1;PABPN1;PAPOLA;PAPOLG;PCBP1;PCBP2;PCF11;PDCD7;PHF5A;PLRG1;PNN;POLDIP3;POLR2A;POLR2B;POLR2C;POLR2D;POLR2E;POLR2F;POLR2G;POLR2H;POLR2I;POLR2J;POLR2K;POLR2L;POM121;PPIE;PPIG;PPIH;PPIL1;PPIL2;PPIL3;PPIL4;PPP1CA;PPP1CB;PPP1R10;PPP1R8;PPWD1;PQBP1;PRCC;PRKRIP1;PRPF18;PRPF19;PRPF3;PRPF31;PRPF38A;PRPF4;PRPF40A;PRPF6;PRPF8;PTBP1;PUF60;RAE1;RANBP2;RBBP6;RBM10;RBM17;RBM22;RBM25;RBM39;RBM42;RBM5;RBM7;RBM8A;RBMX;RBMX2;RNF113A;RNPC3;RNPS1;RPS27A;SAP18;SARNP;SART1;SEC13;SEH1L;SF1;SF3A1;SF3A2;SF3A3;SF3B1;SF3B2;SF3B3;SF3B4;SF3B5;SLBP;SLU7;SMNDC1;SMU1;SNIP1;SNRNP200;SNRNP25;SNRNP27;SNRNP35;SNRNP40;SNRNP48;SNRNP70;SNRPA;SNRPA1;SNRPB;SNRPB2;SNRPC;SNRPD1;SNRPD2;SNRPD3;SNRPE;SNRPF;SNRPG;SNRPN;SNW1;SRRM1;SRRM2;SRRT;SRSF1;SRSF10;SRSF11;SRSF12;SRSF2;SRSF3;SRSF4;SRSF5;SRSF6;SRSF7;SRSF8;SRSF9;SUGP1;SYF2;SYMPK;TCERG1;TFIP11;THOC1;THOC2;THOC3;THOC5;THOC6;THOC7;TPR;TRA2B;TUT1;TXNL4A;U2AF1;U2AF1L4;U2AF2;U2SURP;UBA52;UBB;UBC;UBL5;UPF3B;USP39;WBP11;WBP4;WDR33;WDR70;WTAP;XAB2;XRN2;YBX1;ZC3H11A;ZCRB1;ZMAT2;ZMAT5;ZNF830;ZRSR2	S:ACIN1;AQR;BCAS2;BUD13;CASC3;CCAR1;CCDC12;CDC40;CHERP;CHTOP;CLP1;CPSF1;CPSF2;CPSF3;CPSF6;CRNKL1;CSTF1;CSTF2;CSTF2T;CSTF3;CWC15;CWC22;CWC25;CWC27;CWF19L2;DDX23;DDX39A;DDX42;DDX46;DDX5;DHX15;DHX16;DHX35;DHX38;DHX8;DHX9;DNAJC8;EFTUD2;EIF4A3;FIP1L1;FUS;FYTTD1;GLE1;GPATCH1;GPKOW;GTF2F1;GTF2F2;HNRNPA1;HNRNPA2B1;HNRNPA3;HNRNPC;HNRNPD;HNRNPH1;HNRNPH2;HNRNPK;HNRNPL;HNRNPM;HNRNPR;HNRNPU;HSPA8;HTATSF1;IK;ISY1;LENG1;LSM5;LSM6;LUC7L3;MAGOH;MAGOHB;METTL14;METTL3;MFAP1;NCBP1;NCBP2;NKAP;NSRP1;NUDT21;NUP107;NUP133;NUP153;NUP155;NUP160;NUP188;NUP205;NUP210;NUP35;NUP37;NUP43;NUP50;NUP54;NUP62;NUP85;NUP88;NUP93;NUP98;NXF2;NXT1;PABPN1;PAPOLA;PAPOLG;PCBP1;PCF11;PDCD7;PLRG1;PNN;POLDIP3;POLR2B;POLR2G;POLR2K;POLR2L;POM121;PPIE;PPIG;PPIL1;PPIL2;PPIL3;PPIL4;PPP1CA;PPP1R10;PPP1R8;PPWD1;PRCC;PRPF18;PRPF19;PRPF3;PRPF31;PRPF38A;PRPF4;PRPF40A;PRPF6;PRPF8;RAE1;RANBP2;RBBP6;RBM10;RBM17;RBM22;RBM25;RBM39;RBM5;RBM7;RBM8A;RBMX;RBMX2;RNF113A;RNPS1;RPS27A;SAP18;SARNP;SART1;SEC13;SEH1L;SF1;SF3A1;SF3A3;SF3B1;SF3B2;SF3B3;SF3B5;SLBP;SLU7;SMNDC1;SMU1;SNIP1;SNRNP200;SNRNP25;SNRNP27;SNRNP35;SNRNP40;SNRNP48;SNRNP70;SNRPA1;SNRPB2;SNRPD1;SNRPD2;SNRPD3;SNRPF;SNW1;SRRM1;SRRM2;SRRT;SRSF1;SRSF10;SRSF11;SRSF2;SRSF3;SRSF4;SRSF5;SRSF7;SRSF8;SRSF9;SYF2;SYMPK;TCERG1;TFIP11;THOC1;THOC2;THOC3;THOC7;TPR;TRA2B;U2AF1;U2SURP;UBC;UPF3B;USP39;WBP11;WBP4;WDR70;WTAP;ZC3H11A;ZCRB1;ZNF830;ZRSR2
S:REACTOME_RESOLUTION_OF_SISTER_CHROMATID_COHESION	D:113	S:AHCTF1;AURKB;B9D2;BIRC5;BUB1;BUB1B;BUB3;CCNB1;CCNB2;CDC20;CDCA5;CDCA8;CDK1;CENPA;CENPE;CENPF;CENPH;CENPI;CENPK;CENPL;CENPM;CENPN;CENPO;CENPP;CENPQ;CENPT;CKAP5;CLASP1;CLASP2;CLIP1;DSN1;DYNC1H1;DYNC1I1;DYNC1I2;DYNC1LI1;DYNC1LI2;DYNLL1;DYNLL2;ERCC6L;HDAC8;INCENP;ITGB3BP;KIF18A;KIF2A;KIF2B;KIF2C;KNTC1;MAD1L1;MAD2L1;MAPRE1;MIS12;NDC80;NDE1;NDEL1;NSL1;NUDC;NUF2;NUP107;NUP133;NUP160;NUP37;NUP43;NUP85;NUP98;PAFAH1B1;PDS5A;PDS5B;PLK1;PMF1;PPP1CC;PPP2CA;PPP2CB;PPP2R1A;PPP2R1B;PPP2R5A;PPP2R5B;PPP2R5C;PPP2R5D;PPP2R5E;RAD21;RANBP2;RANGAP1;RCC2;RPS27;SEC13;SEH1L;SKA1;SKA2;SMC1A;SMC3;SPC24;SPC25;STAG1;STAG2;TAOK1;TUBA1A;TUBA1B;TUBA1C;TUBA3C;TUBA3D;TUBA4A;TUBA8;TUBAL3;TUBB1;TUBB2A;TUBB2B;TUBB3;TUBB6;TUBB8;XPO1;ZW10;ZWILCH;ZWINT	S:AHCTF1;AURKB;B9D2;BIRC5;BUB1;BUB1B;BUB3;CCNB1;CCNB2;CDCA5;CDCA8;CDK1;CENPA;CENPE;CENPF;CENPH;CENPK;CENPL;CENPM;CENPN;CENPO;CENPP;CENPQ;CENPT;CKAP5;CLASP1;CLASP2;CLIP1;DSN1;DYNC1H1;DYNC1I1;DYNC1LI1;DYNC1LI2;DYNLL1;ERCC6L;HDAC8;INCENP;ITGB3BP;KIF18A;KIF2A;KIF2B;KIF2C;KNTC1;MAD2L1;MAPRE1;MIS12;NDC80;NDE1;NSL1;NUDC;NUF2;NUP107;NUP133;NUP160;NUP37;NUP43;NUP85;NUP98;PAFAH1B1;PDS5A;PDS5B;PLK1;PPP1CC;PPP2CB;PPP2R1B;PPP2R5A;PPP2R5C;PPP2R5D;PPP2R5E;RAD21;RANBP2;RANGAP1;RCC2;SEC13;SEH1L;SKA1;SKA2;SMC1A;SMC3;SPC24;SPC25;STAG1;STAG2;TAOK1;TUBA1B;TUBA3C;TUBA4A;TUBB1;XPO1;ZW10;ZWILCH;ZWINT
S:REACTOME_CELL_CYCLE_CHECKPOINTS	D:239	S:ADRM1;AHCTF1;ANAPC1;ANAPC10;ANAPC11;ANAPC16;ANAPC2;ANAPC4;ANAPC5;ANAPC7;ATM;ATR;ATRIP;AURKB;B9D2;BABAM1;BARD1;BIRC5;BLM;BRCA1;BRCC3;BRIP1;BTRC;BUB1;BUB1B;BUB3;CCNA1;CCNA2;CCNB1;CCNB2;CCNE1;CCNE2;CDC16;CDC20;CDC23;CDC25A;CDC25C;CDC26;CDC27;CDC45;CDC6;CDC7;CDCA8;CDK1;CDK2;CDKN1A;CDKN1B;CDKN2A;CENPA;CENPE;CENPF;CENPH;CENPI;CENPK;CENPL;CENPM;CENPN;CENPO;CENPP;CENPQ;CENPT;CHEK1;CHEK2;CKAP5;CLASP1;CLASP2;CLIP1;CLSPN;CSNK1A1;CSNK1E;CUL1;DBF4;DNA2;DSN1;DYNC1H1;DYNC1I1;DYNC1I2;DYNC1LI1;DYNC1LI2;DYNLL1;DYNLL2;ERCC6L;EXO1;FBXW11;GSK3B;GTSE1;HERC2;HUS1;INCENP;ITGB3BP;KAT5;KIF18A;KIF2A;KIF2B;KIF2C;KNTC1;MAD1L1;MAD2L1;MAPK11;MAPK14;MAPRE1;MCM10;MCM2;MCM3;MCM4;MCM5;MCM6;MCM7;MCM8;MDC1;MDM2;MDM4;MIS12;NBN;NDC80;NDE1;NDEL1;NEK11;NSL1;NUDC;NUF2;NUP107;NUP133;NUP160;NUP37;NUP43;NUP85;NUP98;ORC1;ORC2;ORC3;ORC4;ORC5;ORC6;PAFAH1B1;PCBP4;PHF20;PIAS4;PKMYT1;PLK1;PLK3;PMF1;PPP1CC;PPP2CA;PPP2CB;PPP2R1A;PPP2R1B;PPP2R5A;PPP2R5B;PPP2R5C;PPP2R5D;PPP2R5E;PSMA1;PSMA2;PSMA3;PSMA4;PSMA5;PSMA6;PSMA7;PSMB1;PSMB2;PSMB3;PSMB4;PSMB5;PSMB6;PSMB7;PSMC1;PSMC2;PSMC3;PSMC4;PSMC5;PSMC6;PSMD1;PSMD11;PSMD12;PSMD13;PSMD14;PSMD2;PSMD3;PSMD6;PSMD7;PSMD8;RAD1;RAD17;RAD50;RAD9A;RANBP2;RANGAP1;RBBP8;RBX1;RCC2;RFC2;RFC3;RFC4;RFC5;RMI1;RNF168;RNF8;RPA1;RPA2;RPA3;RPS27;RPS27A;SEC13;SEH1L;SFN;SKA1;SKA2;SKP1;SPC24;SPC25;TAOK1;TOP3A;TOPBP1;TP53;TP53BP1;UBA52;UBB;UBC;UBE2C;UBE2D1;UBE2E1;UBE2N;UBE2S;UBE2V2;UIMC1;WEE1;WRN;XPO1;YWHAB;YWHAE;YWHAG;YWHAH;YWHAQ;YWHAZ;ZNF385A;ZW10;ZWILCH;ZWINT	S:AHCTF1;ANAPC1;ANAPC10;ANAPC11;ANAPC16;ANAPC4;ANAPC5;ANAPC7;ATM;ATR;AURKB;B9D2;BARD1;BIRC5;BLM;BRCA1;BRCC3;BRIP1;BTRC;BUB1;BUB1B;BUB3;CCNA1;CCNA2;CCNB1;CCNB2;CCNE1;CCNE2;CDC23;CDC25C;CDC26;CDC27;CDC45;CDC6;CDC7;CDCA8;CDK1;CDKN1B;CDKN2A;CENPA;CENPE;CENPF;CENPH;CENPK;CENPL;CENPM;CENPN;CENPO;CENPP;CENPQ;CENPT;CHEK1;CHEK2;CKAP5;CLASP1;CLASP2;CLIP1;CLSPN;CSNK1A1;CSNK1E;CUL1;DNA2;DSN1;DYNC1H1;DYNC1I1;DYNC1LI1;DYNC1LI2;DYNLL1;ERCC6L;EXO1;FBXW11;GSK3B;GTSE1;HERC2;HUS1;INCENP;ITGB3BP;KAT5;KIF18A;KIF2A;KIF2B;KIF2C;KNTC1;MAD2L1;MAPRE1;MCM10;MCM2;MCM3;MCM4;MCM5;MCM6;MCM7;MCM8;MDC1;MDM2;MDM4;MIS12;NBN;NDC80;NDE1;NEK11;NSL1;NUDC;NUF2;NUP107;NUP133;NUP160;NUP37;NUP43;NUP85;NUP98;ORC1;ORC2;ORC3;ORC4;ORC5;ORC6;PAFAH1B1;PCBP4;PHF20;PLK1;PPP1CC;PPP2CB;PPP2R1B;PPP2R5A;PPP2R5C;PPP2R5D;PPP2R5E;PSMA1;PSMA3;PSMA4;PSMA5;PSMA6;PSMA7;PSMB1;PSMB2;PSMB3;PSMB4;PSMC5;PSMC6;PSMD1;PSMD11;PSMD12;PSMD14;PSMD2;PSMD3;PSMD6;PSMD7;RAD1;RAD17;RAD50;RANBP2;RANGAP1;RBBP8;RCC2;RFC3;RFC4;RFC5;RMI1;RNF168;RNF8;RPA1;RPA2;RPA3;RPS27A;SEC13;SEH1L;SKA1;SKA2;SPC24;SPC25;TAOK1;TOPBP1;TP53;TP53BP1;UBC;UBE2E1;UBE2N;UIMC1;WEE1;WRN;XPO1;YWHAB;YWHAG;YWHAH;YWHAQ;YWHAZ;ZW10;ZWILCH;ZWINT
S:REACTOME_EXTENSION_OF_TELOMERES	D:49	S:ACD;ANKRD28;BLM;CCNA1;CCNA2;CDK2;CHTF18;CHTF8;CTC1;DKC1;DNA2;DSCC1;FEN1;GAR1;LIG1;NHP2;NOP10;PCNA;PIF1;POLA1;POLA2;POLD1;POLD2;POLD3;POLD4;POT1;PPP6C;PPP6R3;PRIM1;PRIM2;RFC1;RFC2;RFC3;RFC4;RFC5;RPA1;RPA2;RPA3;RTEL1;RUVBL1;RUVBL2;SHQ1;TERF1;TERF2;TERF2IP;TERT;TINF2;WRAP53;WRN	S:ACD;ANKRD28;BLM;CCNA1;CCNA2;CHTF18;CHTF8;CTC1;DKC1;DNA2;DSCC1;FEN1;GAR1;LIG1;NHP2;NOP10;PCNA;PIF1;POLA1;POLA2;POLD1;POLD2;POLD3;POT1;PPP6C;PPP6R3;PRIM1;PRIM2;RFC1;RFC3;RFC4;RFC5;RPA1;RPA2;RPA3;RTEL1;RUVBL1;SHQ1;TERF1;TERF2;TERF2IP;TINF2;WRAP53;WRN
S:REACTOME_INTERACTIONS_OF_REV_WITH_HOST_CELLULAR_PROTEINS	D:33	S:AAAS;KPNB1;NPM1;NUP107;NUP133;NUP153;NUP155;NUP160;NUP188;NUP205;NUP210;NUP214;NUP35;NUP37;NUP43;NUP50;NUP54;NUP62;NUP85;NUP88;NUP93;NUP98;POM121;RAE1;RAN;RANBP1;RANBP2;RANGAP1;RCC1;SEC13;SEH1L;TPR;XPO1	S:KPNB1;NPM1;NUP107;NUP133;NUP153;NUP155;NUP160;NUP188;NUP205;NUP210;NUP35;NUP37;NUP43;NUP50;NUP54;NUP62;NUP85;NUP88;NUP93;NUP98;POM121;RAE1;RAN;RANBP1;RANBP2;RANGAP1;SEC13;SEH1L;TPR;XPO1
S:REACTOME_MITOTIC_PROMETAPHASE	D:184	S:ACTR1A;AHCTF1;AKAP9;ALMS1;AURKB;B9D2;BIRC5;BUB1;BUB1B;BUB3;CCNB1;CCNB2;CCP110;CDC20;CDCA5;CDCA8;CDK1;CDK5RAP2;CENPA;CENPE;CENPF;CENPH;CENPI;CENPK;CENPL;CENPM;CENPN;CENPO;CENPP;CENPQ;CENPT;CEP135;CEP152;CEP164;CEP192;CEP250;CEP290;CEP57;CEP63;CEP70;CEP72;CEP76;CETN2;CKAP5;CLASP1;CLASP2;CLIP1;CNTRL;CSNK1D;CSNK1E;CSNK2A1;CSNK2A2;CSNK2B;DCTN1;DCTN2;DCTN3;DSN1;DYNC1H1;DYNC1I1;DYNC1I2;DYNC1LI1;DYNC1LI2;DYNLL1;DYNLL2;EML4;ERCC6L;HAUS1;HAUS2;HAUS3;HAUS4;HAUS5;HAUS6;HAUS7;HAUS8;HDAC8;HSP90AA1;INCENP;ITGB3BP;KIF18A;KIF2A;KIF2B;KIF2C;KNTC1;MAD1L1;MAD2L1;MAPRE1;MIS12;MZT1;MZT2B;NCAPD2;NCAPG;NCAPH;NDC80;NDE1;NDEL1;NEDD1;NEK2;NEK6;NEK7;NEK9;NINL;NME7;NSL1;NUDC;NUF2;NUMA1;NUP107;NUP133;NUP160;NUP37;NUP43;NUP85;NUP98;ODF2;OFD1;PAFAH1B1;PCM1;PCNT;PDS5A;PDS5B;PLK1;PLK4;PMF1;PPP1CC;PPP2CA;PPP2CB;PPP2R1A;PPP2R1B;PPP2R5A;PPP2R5B;PPP2R5C;PPP2R5D;PPP2R5E;PRKACA;PRKAR2B;RAD21;RANBP2;RANGAP1;RCC2;RPS27;SDCCAG8;SEC13;SEH1L;SFI1;SKA1;SKA2;SMC1A;SMC2;SMC3;SMC4;SPC24;SPC25;SSNA1;STAG1;STAG2;TAOK1;TUBA1A;TUBA1B;TUBA1C;TUBA3C;TUBA3D;TUBA4A;TUBA8;TUBAL3;TUBB;TUBB1;TUBB2A;TUBB2B;TUBB3;TUBB6;TUBB8;TUBG1;TUBG2;TUBGCP2;TUBGCP3;TUBGCP4;TUBGCP5;TUBGCP6;XPO1;YWHAE;YWHAG;ZW10;ZWILCH;ZWINT	S:AHCTF1;AKAP9;ALMS1;AURKB;B9D2;BIRC5;BUB1;BUB1B;BUB3;CCNB1;CCNB2;CCP110;CDCA5;CDCA8;CDK1;CENPA;CENPE;CENPF;CENPH;CENPK;CENPL;CENPM;CENPN;CENPO;CENPP;CENPQ;CENPT;CEP135;CEP152;CEP192;CEP250;CEP290;CEP57;CEP63;CEP70;CEP72;CEP76;CETN2;CKAP5;CLASP1;CLASP2;CLIP1;CNTRL;CSNK1E;CSNK2A1;CSNK2B;DCTN2;DSN1;DYNC1H1;DYNC1I1;DYNC1LI1;DYNC1LI2;DYNLL1;EML4;ERCC6L;HAUS1;HAUS2;HAUS3;HAUS5;HAUS6;HAUS8;HDAC8;HSP90AA1;INCENP;ITGB3BP;KIF18A;KIF2A;KIF2B;KIF2C;KNTC1;MAD2L1;MAPRE1;MIS12;MZT1;NCAPD2;NCAPG;NCAPH;NDC80;NDE1;NEDD1;NEK6;NEK9;NINL;NME7;NSL1;NUDC;NUF2;NUMA1;NUP107;NUP133;NUP160;NUP37;NUP43;NUP85;NUP98;ODF2;OFD1;PAFAH1B1;PCM1;PCNT;PDS5A;PDS5B;PLK1;PLK4;PPP1CC;PPP2CB;PPP2R1B;PPP2R5A;PPP2R5C;PPP2R5D;PPP2R5E;PRKAR2B;RAD21;RANBP2;RANGAP1;RCC2;SEC13;SEH1L;SFI1;SKA1;SKA2;SMC1A;SMC2;SMC3;SMC4;SPC24;SPC25;STAG1;STAG2;TAOK1;TUBA1B;TUBA3C;TUBA4A;TUBB;TUBB1;TUBG1;TUBGCP3;TUBGCP5;XPO1;YWHAG;ZW10;ZWILCH;ZWINT
S:REACTOME_SNRNP_ASSEMBLY	D:49	S:AAAS;CLNS1A;DDX20;GEMIN4;GEMIN5;GEMIN6;GEMIN7;GEMIN8;NCBP1;NCBP2;NUP107;NUP133;NUP153;NUP155;NUP160;NUP188;NUP205;NUP210;NUP214;NUP35;NUP37;NUP43;NUP50;NUP54;NUP62;NUP85;NUP88;NUP93;NUP98;PHAX;POM121;PRMT5;RAE1;RANBP2;SEC13;SEH1L;SMN1;SMN2;SNRPB;SNRPD1;SNRPD2;SNRPD3;SNRPE;SNRPF;SNRPG;SNUPN;TGS1;TPR;WDR77	S:CLNS1A;DDX20;GEMIN4;GEMIN5;GEMIN8;NCBP1;NCBP2;NUP107;NUP133;NUP153;NUP155;NUP160;NUP188;NUP205;NUP210;NUP35;NUP37;NUP43;NUP50;NUP54;NUP62;NUP85;NUP88;NUP93;NUP98;PHAX;POM121;RAE1;RANBP2;SEC13;SEH1L;SMN1;SMN2;SNRPD1;SNRPD2;SNRPD3;SNRPF;SNUPN;TGS1;TPR;WDR77
S:REACTOME_SUMOYLATION_OF_CHROMATIN_ORGANIZATION_PROTEINS	D:53	S:AAAS;BMI1;CBX2;CBX4;CBX5;CBX8;CHD3;HDAC1;HDAC2;HDAC4;L3MBTL2;NUP107;NUP133;NUP153;NUP155;NUP160;NUP188;NUP205;NUP210;NUP214;NUP35;NUP37;NUP43;NUP50;NUP54;NUP62;NUP85;NUP88;NUP93;NUP98;PCGF2;PHC1;PHC2;PHC3;PIAS1;PIAS2;POM121;RAE1;RANBP2;RING1;RNF2;SATB1;SATB2;SCMH1;SEC13;SEH1L;SUMO1;SUMO2;SUMO3;SUZ12;TPR;UBE2I;ZBED1	S:BMI1;CBX2;CBX4;CBX5;HDAC1;HDAC2;L3MBTL2;NUP107;NUP133;NUP153;NUP155;NUP160;NUP188;NUP205;NUP210;NUP35;NUP37;NUP43;NUP50;NUP54;NUP62;NUP85;NUP88;NUP93;NUP98;PCGF2;PHC1;PHC2;PHC3;PIAS1;PIAS2;POM121;RAE1;RANBP2;RING1;RNF2;SATB1;SATB2;SCMH1;SEC13;SEH1L;SUMO2;SUZ12;TPR;UBE2I;ZBED1
S:REACTOME_SUMOYLATION_OF_DNA_REPLICATION_PROTEINS	D:42	S:AAAS;AURKA;AURKB;BIRC5;CDCA8;INCENP;NUP107;NUP133;NUP153;NUP155;NUP160;NUP188;NUP205;NUP210;NUP214;NUP35;NUP37;NUP43;NUP50;NUP54;NUP62;NUP85;NUP88;NUP93;NUP98;PCNA;PIAS3;PIAS4;POM121;RAE1;RANBP2;RANGAP1;SEC13;SEH1L;SUMO1;SUMO2;SUMO3;TOP1;TOP2A;TOP2B;TPR;UBE2I	S:AURKA;AURKB;BIRC5;CDCA8;INCENP;NUP107;NUP133;NUP153;NUP155;NUP160;NUP188;NUP205;NUP210;NUP35;NUP37;NUP43;NUP50;NUP54;NUP62;NUP85;NUP88;NUP93;NUP98;PCNA;PIAS3;POM121;RAE1;RANBP2;RANGAP1;SEC13;SEH1L;SUMO2;TOP2A;TOP2B;TPR;UBE2I
S:REACTOME_DNA_STRAND_ELONGATION	D:32	S:CDC45;DNA2;FEN1;GINS1;GINS2;GINS3;GINS4;LIG1;MCM2;MCM3;MCM4;MCM5;MCM6;MCM7;MCM8;PCNA;POLA1;POLA2;POLD1;POLD2;POLD3;POLD4;PRIM1;PRIM2;RFC1;RFC2;RFC3;RFC4;RFC5;RPA1;RPA2;RPA3	S:CDC45;DNA2;FEN1;GINS2;GINS3;GINS4;LIG1;MCM2;MCM3;MCM4;MCM5;MCM6;MCM7;MCM8;PCNA;POLA1;POLA2;POLD1;POLD2;POLD3;PRIM1;PRIM2;RFC1;RFC3;RFC4;RFC5;RPA1;RPA2;RPA3
S:REACTOME_EXPORT_OF_VIRAL_RIBONUCLEOPROTEINS_FROM_NUCLEUS	D:29	S:AAAS;HSPA1A;NUP107;NUP133;NUP153;NUP155;NUP160;NUP188;NUP205;NUP210;NUP214;NUP35;NUP37;NUP43;NUP50;NUP54;NUP62;NUP85;NUP88;NUP93;NUP98;POM121;RAE1;RAN;RANBP2;SEC13;SEH1L;TPR;XPO1	S:HSPA1A;NUP107;NUP133;NUP153;NUP155;NUP160;NUP188;NUP205;NUP210;NUP35;NUP37;NUP43;NUP50;NUP54;NUP62;NUP85;NUP88;NUP93;NUP98;POM121;RAE1;RAN;RANBP2;SEC13;SEH1L;TPR;XPO1
S:REACTOME_SUMOYLATION_OF_RNA_BINDING_PROTEINS	D:43	S:AAAS;BMI1;CBX2;CBX4;CBX8;HNRNPC;HNRNPK;NOP58;NUP107;NUP133;NUP153;NUP155;NUP160;NUP188;NUP205;NUP210;NUP214;NUP35;NUP37;NUP43;NUP50;NUP54;NUP62;NUP85;NUP88;NUP93;NUP98;PCGF2;PHC1;PHC2;PHC3;POM121;RAE1;RANBP2;RING1;RNF2;SCMH1;SEC13;SEH1L;SUMO1;SUMO2;TPR;UBE2I	S:BMI1;CBX2;CBX4;HNRNPC;HNRNPK;NOP58;NUP107;NUP133;NUP153;NUP155;NUP160;NUP188;NUP205;NUP210;NUP35;NUP37;NUP43;NUP50;NUP54;NUP62;NUP85;NUP88;NUP93;NUP98;PCGF2;PHC1;PHC2;PHC3;POM121;RAE1;RANBP2;RING1;RNF2;SCMH1;SEC13;SEH1L;SUMO2;TPR;UBE2I
S:REACTOME_TELOMERE_C_STRAND_LAGGING_STRAND_SYNTHESIS	D:32	S:ACD;BLM;CHTF18;CHTF8;CTC1;DNA2;DSCC1;FEN1;LIG1;PCNA;POLA1;POLA2;POLD1;POLD2;POLD3;POLD4;POT1;PRIM1;PRIM2;RFC1;RFC2;RFC3;RFC4;RFC5;RPA1;RPA2;RPA3;TERF1;TERF2;TERF2IP;TINF2;WRN	S:ACD;BLM;CHTF18;CHTF8;CTC1;DNA2;DSCC1;FEN1;LIG1;PCNA;POLA1;POLA2;POLD1;POLD2;POLD3;POT1;PRIM1;PRIM2;RFC1;RFC3;RFC4;RFC5;RPA1;RPA2;RPA3;TERF1;TERF2;TERF2IP;TINF2;WRN
S:REACTOME_TRNA_PROCESSING_IN_THE_NUCLEUS	D:50	S:AAAS;CLP1;CPSF1;CPSF4;CSTF2;DDX1;ELAC2;NUP107;NUP133;NUP153;NUP155;NUP160;NUP188;NUP205;NUP210;NUP214;NUP35;NUP37;NUP43;NUP50;NUP54;NUP62;NUP85;NUP88;NUP93;NUP98;POM121;POP1;POP4;POP5;POP7;RAE1;RAN;RANBP2;RPP14;RPP21;RPP25;RPP30;RPP38;RPP40;SEC13;SEH1L;TPR;TRNT1;TSEN15;TSEN2;TSEN34;TSEN54;XPOT;ZBTB8OS	S:CLP1;CPSF1;CSTF2;DDX1;ELAC2;NUP107;NUP133;NUP153;NUP155;NUP160;NUP188;NUP205;NUP210;NUP35;NUP37;NUP43;NUP50;NUP54;NUP62;NUP85;NUP88;NUP93;NUP98;POM121;POP1;POP4;POP5;POP7;RAE1;RAN;RANBP2;RPP14;RPP30;RPP38;RPP40;SEC13;SEH1L;TPR;TRNT1;TSEN15;TSEN2;XPOT;ZBTB8OS
S:REACTOME_CELL_CYCLE_MITOTIC	D:458	S:AAAS;ABL1;ACTR1A;ADRM1;AHCTF1;AKAP9;AKT1;AKT2;AKT3;ALMS1;ANAPC1;ANAPC10;ANAPC11;ANAPC16;ANAPC2;ANAPC4;ANAPC5;ANAPC7;ANKLE2;ARPP19;AURKA;AURKB;B9D2;BANF1;BIRC5;BLZF1;BTRC;BUB1;BUB1B;BUB3;CABLES1;CC2D1B;CCNA1;CCNA2;CCNB1;CCNB2;CCND1;CCND2;CCND3;CCNE1;CCNE2;CCNH;CCP110;CDC14A;CDC16;CDC20;CDC23;CDC25A;CDC25B;CDC25C;CDC26;CDC27;CDC45;CDC6;CDC7;CDCA5;CDCA8;CDK1;CDK11A;CDK11B;CDK2;CDK4;CDK5RAP2;CDK6;CDK7;CDKN1A;CDKN1B;CDKN1C;CDKN2A;CDKN2B;CDKN2C;CDKN2D;CDT1;CENPA;CENPE;CENPF;CENPH;CENPI;CENPK;CENPL;CENPM;CENPN;CENPO;CENPP;CENPQ;CENPT;CEP135;CEP152;CEP164;CEP192;CEP250;CEP290;CEP57;CEP63;CEP70;CEP72;CEP76;CETN2;CHMP2A;CHMP2B;CHMP4A;CHMP4B;CHMP4C;CHMP6;CHMP7;CKAP5;CKS1B;CLASP1;CLASP2;CLIP1;CNTRL;CSNK1D;CSNK1E;CSNK2A1;CSNK2A2;CSNK2B;CTDNEP1;CUL1;DBF4;DCTN1;DCTN2;DCTN3;DHFR;DNA2;DSN1;DYNC1H1;DYNC1I1;DYNC1I2;DYNC1LI1;DYNC1LI2;DYNLL1;DYNLL2;DYRK1A;E2F1;E2F2;E2F3;E2F4;E2F5;E2F6;EMD;EML4;ENSA;EP300;ERCC6L;ESCO1;ESCO2;ESPL1;FBXL18;FBXL7;FBXO5;FBXW11;FEN1;FKBPL;FOXM1;FZR1;GINS1;GINS2;GINS3;GINS4;GMNN;GOLGA2;GORASP1;GORASP2;GSK3B;GTSE1;HAUS1;HAUS2;HAUS3;HAUS4;HAUS5;HAUS6;HAUS7;HAUS8;HDAC1;HDAC8;HJURP;HMMR;HSP90AA1;HSP90AB1;INCENP;ITGB3BP;JAK2;KIF18A;KIF20A;KIF23;KIF2A;KIF2B;KIF2C;KNTC1;KPNB1;LBR;LCMT1;LEMD2;LEMD3;LIG1;LIN37;LIN52;LIN54;LIN9;LMNA;LMNB1;LPIN1;LPIN2;LPIN3;LYN;MAD1L1;MAD2L1;MAPK1;MAPK3;MAPRE1;MASTL;MAU2;MAX;MCM10;MCM2;MCM3;MCM4;MCM5;MCM6;MCM7;MCM8;MCPH1;MIS12;MIS18BP1;MNAT1;MYBL2;MYC;MZT1;MZT2B;NCAPD2;NCAPD3;NCAPG;NCAPG2;NCAPH;NCAPH2;NDC80;NDE1;NDEL1;NEDD1;NEK2;NEK6;NEK7;NEK9;NINL;NIPBL;NME7;NSL1;NUDC;NUF2;NUMA1;NUP107;NUP133;NUP153;NUP155;NUP160;NUP188;NUP205;NUP210;NUP214;NUP35;NUP37;NUP43;NUP50;NUP54;NUP62;NUP85;NUP88;NUP93;NUP98;ODF2;OFD1;OPTN;ORC1;ORC2;ORC3;ORC4;ORC5;ORC6;PAFAH1B1;PCM1;PCNA;PCNT;PDS5A;PDS5B;PHF8;PHLDA1;PKMYT1;PLK1;PLK4;PMF1;POLA1;POLA2;POLD1;POLD2;POLD3;POLD4;POLE;POLE2;POLE3;POLE4;POM121;PPME1;PPP1CB;PPP1CC;PPP1R12A;PPP1R12B;PPP2CA;PPP2CB;PPP2R1A;PPP2R1B;PPP2R2A;PPP2R2D;PPP2R3B;PPP2R5A;PPP2R5B;PPP2R5C;PPP2R5D;PPP2R5E;PRIM1;PRIM2;PRKACA;PRKAR2B;PRKCA;PRKCB;PSMA1;PSMA2;PSMA3;PSMA4;PSMA5;PSMA6;PSMA7;PSMB1;PSMB2;PSMB3;PSMB4;PSMB5;PSMB6;PSMB7;PSMC1;PSMC2;PSMC3;PSMC4;PSMC5;PSMC6;PSMD1;PSMD11;PSMD12;PSMD13;PSMD14;PSMD2;PSMD3;PSMD6;PSMD7;PSMD8;PTK6;PTTG1;RAB1A;RAB1B;RAB2A;RAB8A;RAD21;RAE1;RAN;RANBP2;RANGAP1;RB1;RBBP4;RBL1;RBL2;RBX1;RCC1;RCC2;RFC1;RFC2;RFC3;RFC4;RFC5;RPA1;RPA2;RPA3;RPA4;RPS27;RPS27A;RRM2;SDCCAG8;SEC13;SEH1L;SET;SFI1;SIRT2;SKA1;SKA2;SKP1;SKP2;SMC1A;SMC2;SMC3;SMC4;SPAST;SPC24;SPC25;SRC;SSNA1;STAG1;STAG2;SUMO1;TAOK1;TFDP1;TFDP2;TK1;TMPO;TNPO1;TOP2A;TP53;TPR;TPX2;TUBA1A;TUBA1B;TUBA1C;TUBA3C;TUBA3D;TUBA4A;TUBA8;TUBAL3;TUBB;TUBB1;TUBB2A;TUBB2B;TUBB3;TUBB6;TUBB8;TUBG1;TUBG2;TUBGCP2;TUBGCP3;TUBGCP4;TUBGCP5;TUBGCP6;TYMS;UBA52;UBB;UBC;UBE2C;UBE2D1;UBE2E1;UBE2I;UBE2S;USO1;VPS4A;VRK1;VRK2;WEE1;XPO1;YWHAE;YWHAG;ZW10;ZWILCH;ZWINT	S:ABL1;AHCTF1;AKAP9;AKT2;AKT3;ALMS1;ANAPC1;ANAPC10;ANAPC11;ANAPC16;ANAPC4;ANAPC5;ANAPC7;ANKLE2;ARPP19;AURKA;AURKB;B9D2;BIRC5;BLZF1;BTRC;BUB1;BUB1B;BUB3;CABLES1;CC2D1B;CCNA1;CCNA2;CCNB1;CCNB2;CCND1;CCND2;CCNE1;CCNE2;CCNH;CCP110;CDC14A;CDC23;CDC25B;CDC25C;CDC26;CDC27;CDC45;CDC6;CDC7;CDCA5;CDCA8;CDK1;CDK11B;CDK4;CDK6;CDK7;CDKN1B;CDKN2A;CENPA;CENPE;CENPF;CENPH;CENPK;CENPL;CENPM;CENPN;CENPO;CENPP;CENPQ;CENPT;CEP135;CEP152;CEP192;CEP250;CEP290;CEP57;CEP63;CEP70;CEP72;CEP76;CETN2;CHMP2A;CHMP2B;CHMP4A;CKAP5;CLASP1;CLASP2;CLIP1;CNTRL;CSNK1E;CSNK2A1;CSNK2B;CUL1;DCTN2;DHFR;DNA2;DSN1;DYNC1H1;DYNC1I1;DYNC1LI1;DYNC1LI2;DYNLL1;DYRK1A;E2F1;E2F3;E2F5;E2F6;EML4;ENSA;EP300;ERCC6L;ESCO1;ESCO2;FBXL18;FBXL7;FBXO5;FBXW11;FEN1;FKBPL;FOXM1;GINS2;GINS3;GINS4;GMNN;GOLGA2;GORASP1;GORASP2;GSK3B;GTSE1;HAUS1;HAUS2;HAUS3;HAUS5;HAUS6;HAUS8;HDAC1;HDAC8;HJURP;HMMR;HSP90AA1;HSP90AB1;INCENP;ITGB3BP;KIF18A;KIF20A;KIF23;KIF2A;KIF2B;KIF2C;KNTC1;KPNB1;LBR;LCMT1;LEMD3;LIG1;LIN37;LIN52;LMNA;LPIN1;LPIN2;LYN;MAD2L1;MAPK1;MAPRE1;MASTL;MCM10;MCM2;MCM3;MCM4;MCM5;MCM6;MCM7;MCM8;MCPH1;MIS12;MIS18BP1;MNAT1;MYC;MZT1;NCAPD2;NCAPD3;NCAPG;NCAPG2;NCAPH;NCAPH2;NDC80;NDE1;NEDD1;NEK6;NEK9;NINL;NIPBL;NME7;NSL1;NUDC;NUF2;NUMA1;NUP107;NUP133;NUP153;NUP155;NUP160;NUP188;NUP205;NUP210;NUP35;NUP37;NUP43;NUP50;NUP54;NUP62;NUP85;NUP88;NUP93;NUP98;ODF2;OFD1;ORC1;ORC2;ORC3;ORC4;ORC5;ORC6;PAFAH1B1;PCM1;PCNA;PCNT;PDS5A;PDS5B;PHF8;PHLDA1;PLK1;PLK4;POLA1;POLA2;POLD1;POLD2;POLD3;POLE;POLE3;POM121;PPME1;PPP1CC;PPP1R12A;PPP1R12B;PPP2CB;PPP2R1B;PPP2R2A;PPP2R2D;PPP2R5A;PPP2R5C;PPP2R5D;PPP2R5E;PRIM1;PRIM2;PRKAR2B;PRKCA;PRKCB;PSMA1;PSMA3;PSMA4;PSMA5;PSMA6;PSMA7;PSMB1;PSMB2;PSMB3;PSMB4;PSMC5;PSMC6;PSMD1;PSMD11;PSMD12;PSMD14;PSMD2;PSMD3;PSMD6;PSMD7;PTTG1;RAB1A;RAB2A;RAD21;RAE1;RAN;RANBP2;RANGAP1;RB1;RBBP4;RBL1;RBL2;RCC2;RFC1;RFC3;RFC4;RFC5;RPA1;RPA2;RPA3;RPS27A;RRM2;SEC13;SEH1L;SFI1;SKA1;SKA2;SKP2;SMC1A;SMC2;SMC3;SMC4;SPAST;SPC24;SPC25;STAG1;STAG2;TAOK1;TFDP2;TK1;TMPO;TNPO1;TOP2A;TP53;TPR;TPX2;TUBA1B;TUBA3C;TUBA4A;TUBB;TUBB1;TUBG1;TUBGCP3;TUBGCP5;TYMS;UBC;UBE2E1;UBE2I;USO1;VPS4A;VRK1;VRK2;WEE1;XPO1;YWHAG;ZW10;ZWILCH;ZWINT
S:REACTOME_RRNA_MODIFICATION_IN_THE_NUCLEUS_AND_CYTOSOL	D:53	S:BMS1;DCAF13;DDX47;DDX49;DDX52;DHX37;DKC1;EMG1;FBL;FCF1;GAR1;HEATR1;IMP3;IMP4;KRR1;MPHOSPH10;NAT10;NHP2;NOC4L;NOL11;NOL6;NOP10;NOP14;NOP2;NOP56;NOP58;PDCD11;PNO1;PWP2;RCL1;RPS14;RPS2;RPS6;RPS7;RPS9;RRP36;RRP7A;RRP9;TBL3;THUMPD1;TRMT112;UTP14A;UTP14C;UTP15;UTP18;UTP20;UTP3;UTP6;WDR3;WDR36;WDR43;WDR46;WDR75	S:BMS1;DCAF13;DDX47;DDX52;DHX37;DKC1;EMG1;FBL;FCF1;GAR1;HEATR1;IMP3;KRR1;MPHOSPH10;NHP2;NOC4L;NOL11;NOL6;NOP10;NOP14;NOP2;NOP56;NOP58;PDCD11;PWP2;RCL1;RPS6;RRP36;RRP9;THUMPD1;TRMT112;UTP14A;UTP14C;UTP15;UTP18;UTP20;UTP3;UTP6;WDR3;WDR36;WDR43;WDR46;WDR75
S:REACTOME_CHROMOSOME_MAINTENANCE	D:85	S:ACD;ANKRD28;ATRX;BLM;CCNA1;CCNA2;CDK2;CENPA;CENPH;CENPI;CENPK;CENPL;CENPM;CENPN;CENPO;CENPP;CENPQ;CENPT;CENPW;CHTF18;CHTF8;CTC1;DAXX;DKC1;DNA2;DSCC1;FEN1;GAR1;HJURP;ITGB3BP;LIG1;MIS18A;MIS18BP1;NHP2;NOP10;NPM1;OIP5;PCNA;PIF1;POLA1;POLA2;POLD1;POLD2;POLD3;POLD4;POLR2A;POLR2B;POLR2C;POLR2D;POLR2E;POLR2F;POLR2G;POLR2H;POLR2I;POLR2J;POLR2K;POLR2L;POT1;PPP6C;PPP6R3;PRIM1;PRIM2;RBBP4;RBBP7;RFC1;RFC2;RFC3;RFC4;RFC5;RPA1;RPA2;RPA3;RSF1;RTEL1;RUVBL1;RUVBL2;SHQ1;SMARCA5;TERF1;TERF2;TERF2IP;TERT;TINF2;WRAP53;WRN	S:ACD;ANKRD28;ATRX;BLM;CCNA1;CCNA2;CENPA;CENPH;CENPK;CENPL;CENPM;CENPN;CENPO;CENPP;CENPQ;CENPT;CHTF18;CHTF8;CTC1;DAXX;DKC1;DNA2;DSCC1;FEN1;GAR1;HJURP;ITGB3BP;LIG1;MIS18A;MIS18BP1;NHP2;NOP10;NPM1;OIP5;PCNA;PIF1;POLA1;POLA2;POLD1;POLD2;POLD3;POLR2B;POLR2G;POLR2K;POLR2L;POT1;PPP6C;PPP6R3;PRIM1;PRIM2;RBBP4;RBBP7;RFC1;RFC3;RFC4;RFC5;RPA1;RPA2;RPA3;RSF1;RTEL1;RUVBL1;SHQ1;SMARCA5;TERF1;TERF2;TERF2IP;TINF2;WRAP53;WRN
S:REACTOME_NUCLEAR_IMPORT_OF_REV_PROTEIN	D:30	S:AAAS;KPNB1;NPM1;NUP107;NUP133;NUP153;NUP155;NUP160;NUP188;NUP205;NUP210;NUP214;NUP35;NUP37;NUP43;NUP50;NUP54;NUP62;NUP85;NUP88;NUP93;NUP98;POM121;RAE1;RAN;RANBP2;RCC1;SEC13;SEH1L;TPR	S:KPNB1;NPM1;NUP107;NUP133;NUP153;NUP155;NUP160;NUP188;NUP205;NUP210;NUP35;NUP37;NUP43;NUP50;NUP54;NUP62;NUP85;NUP88;NUP93;NUP98;POM121;RAE1;RAN;RANBP2;SEC13;SEH1L;TPR
S:REACTOME_NUCLEAR_PORE_COMPLEX_NPC_DISASSEMBLY	D:32	S:AAAS;CCNB1;CCNB2;CDK1;NEK6;NEK7;NEK9;NUP107;NUP133;NUP153;NUP155;NUP160;NUP188;NUP205;NUP210;NUP214;NUP35;NUP37;NUP43;NUP50;NUP54;NUP62;NUP85;NUP88;NUP93;NUP98;POM121;RAE1;RANBP2;SEC13;SEH1L;TPR	S:CCNB1;CCNB2;CDK1;NEK6;NEK9;NUP107;NUP133;NUP153;NUP155;NUP160;NUP188;NUP205;NUP210;NUP35;NUP37;NUP43;NUP50;NUP54;NUP62;NUP85;NUP88;NUP93;NUP98;POM121;RAE1;RANBP2;SEC13;SEH1L;TPR
S:REACTOME_MITOTIC_PROPHASE	D:76	S:AAAS;ARPP19;BANF1;BLZF1;CCNB1;CCNB2;CDK1;CTDNEP1;EMD;ENSA;GOLGA2;GORASP1;GORASP2;LEMD2;LEMD3;LMNA;LMNB1;LPIN1;LPIN2;LPIN3;MAPK1;MAPK3;MASTL;MCPH1;NCAPD3;NCAPG2;NCAPH2;NEK6;NEK7;NEK9;NUMA1;NUP107;NUP133;NUP153;NUP155;NUP160;NUP188;NUP205;NUP210;NUP214;NUP35;NUP37;NUP43;NUP50;NUP54;NUP62;NUP85;NUP88;NUP93;NUP98;PHF8;PLK1;POM121;PPP2CA;PPP2CB;PPP2R1A;PPP2R1B;PPP2R2D;PRKCA;PRKCB;RAB1A;RAB1B;RAB2A;RAE1;RANBP2;RB1;SEC13;SEH1L;SET;SMC2;SMC4;TMPO;TPR;USO1;VRK1;VRK2	S:ARPP19;BLZF1;CCNB1;CCNB2;CDK1;ENSA;GOLGA2;GORASP1;GORASP2;LEMD3;LMNA;LPIN1;LPIN2;MAPK1;MASTL;MCPH1;NCAPD3;NCAPG2;NCAPH2;NEK6;NEK9;NUMA1;NUP107;NUP133;NUP153;NUP155;NUP160;NUP188;NUP205;NUP210;NUP35;NUP37;NUP43;NUP50;NUP54;NUP62;NUP85;NUP88;NUP93;NUP98;PHF8;PLK1;POM121;PPP2CB;PPP2R1B;PPP2R2D;PRKCA;PRKCB;RAB1A;RAB2A;RAE1;RANBP2;RB1;SEC13;SEH1L;SMC2;SMC4;TMPO;TPR;USO1;VRK1;VRK2
S:REACTOME_M_PHASE	D:314	S:AAAS;ACTR1A;ADRM1;AHCTF1;AKAP9;ALMS1;ANAPC1;ANAPC10;ANAPC11;ANAPC16;ANAPC2;ANAPC4;ANAPC5;ANAPC7;ANKLE2;ARPP19;AURKB;B9D2;BANF1;BIRC5;BLZF1;BUB1;BUB1B;BUB3;CC2D1B;CCNB1;CCNB2;CCP110;CDC16;CDC20;CDC23;CDC26;CDC27;CDCA5;CDCA8;CDK1;CDK5RAP2;CENPA;CENPE;CENPF;CENPH;CENPI;CENPK;CENPL;CENPM;CENPN;CENPO;CENPP;CENPQ;CENPT;CEP135;CEP152;CEP164;CEP192;CEP250;CEP290;CEP57;CEP63;CEP70;CEP72;CEP76;CETN2;CHMP2A;CHMP2B;CHMP4A;CHMP4B;CHMP4C;CHMP6;CHMP7;CKAP5;CLASP1;CLASP2;CLIP1;CNTRL;CSNK1D;CSNK1E;CSNK2A1;CSNK2A2;CSNK2B;CTDNEP1;DCTN1;DCTN2;DCTN3;DSN1;DYNC1H1;DYNC1I1;DYNC1I2;DYNC1LI1;DYNC1LI2;DYNLL1;DYNLL2;EMD;EML4;ENSA;ERCC6L;ESPL1;FBXO5;GOLGA2;GORASP1;GORASP2;HAUS1;HAUS2;HAUS3;HAUS4;HAUS5;HAUS6;HAUS7;HAUS8;HDAC8;HSP90AA1;INCENP;ITGB3BP;KIF18A;KIF20A;KIF23;KIF2A;KIF2B;KIF2C;KNTC1;KPNB1;LBR;LEMD2;LEMD3;LMNA;LMNB1;LPIN1;LPIN2;LPIN3;MAD1L1;MAD2L1;MAPK1;MAPK3;MAPRE1;MASTL;MAU2;MCPH1;MIS12;MZT1;MZT2B;NCAPD2;NCAPD3;NCAPG;NCAPG2;NCAPH;NCAPH2;NDC80;NDE1;NDEL1;NEDD1;NEK2;NEK6;NEK7;NEK9;NINL;NIPBL;NME7;NSL1;NUDC;NUF2;NUMA1;NUP107;NUP133;NUP153;NUP155;NUP160;NUP188;NUP205;NUP210;NUP214;NUP35;NUP37;NUP43;NUP50;NUP54;NUP62;NUP85;NUP88;NUP93;NUP98;ODF2;OFD1;PAFAH1B1;PCM1;PCNT;PDS5A;PDS5B;PHF8;PLK1;PLK4;PMF1;POM121;PPP1CC;PPP2CA;PPP2CB;PPP2R1A;PPP2R1B;PPP2R2A;PPP2R2D;PPP2R5A;PPP2R5B;PPP2R5C;PPP2R5D;PPP2R5E;PRKACA;PRKAR2B;PRKCA;PRKCB;PSMA1;PSMA2;PSMA3;PSMA4;PSMA5;PSMA6;PSMA7;PSMB1;PSMB2;PSMB3;PSMB4;PSMB5;PSMB6;PSMB7;PSMC1;PSMC2;PSMC3;PSMC4;PSMC5;PSMC6;PSMD1;PSMD11;PSMD12;PSMD13;PSMD14;PSMD2;PSMD3;PSMD6;PSMD7;PSMD8;PTTG1;RAB1A;RAB1B;RAB2A;RAD21;RAE1;RAN;RANBP2;RANGAP1;RB1;RCC1;RCC2;RPS27;RPS27A;SDCCAG8;SEC13;SEH1L;SET;SFI1;SIRT2;SKA1;SKA2;SMC1A;SMC2;SMC3;SMC4;SPAST;SPC24;SPC25;SSNA1;STAG1;STAG2;SUMO1;TAOK1;TMPO;TNPO1;TPR;TUBA1A;TUBA1B;TUBA1C;TUBA3C;TUBA3D;TUBA4A;TUBA8;TUBAL3;TUBB;TUBB1;TUBB2A;TUBB2B;TUBB3;TUBB6;TUBB8;TUBG1;TUBG2;TUBGCP2;TUBGCP3;TUBGCP4;TUBGCP5;TUBGCP6;UBA52;UBB;UBC;UBE2C;UBE2D1;UBE2E1;UBE2I;UBE2S;USO1;VPS4A;VRK1;VRK2;XPO1;YWHAE;YWHAG;ZW10;ZWILCH;ZWINT	S:AHCTF1;AKAP9;ALMS1;ANAPC1;ANAPC10;ANAPC11;ANAPC16;ANAPC4;ANAPC5;ANAPC7;ANKLE2;ARPP19;AURKB;B9D2;BIRC5;BLZF1;BUB1;BUB1B;BUB3;CC2D1B;CCNB1;CCNB2;CCP110;CDC23;CDC26;CDC27;CDCA5;CDCA8;CDK1;CENPA;CENPE;CENPF;CENPH;CENPK;CENPL;CENPM;CENPN;CENPO;CENPP;CENPQ;CENPT;CEP135;CEP152;CEP192;CEP250;CEP290;CEP57;CEP63;CEP70;CEP72;CEP76;CETN2;CHMP2A;CHMP2B;CHMP4A;CKAP5;CLASP1;CLASP2;CLIP1;CNTRL;CSNK1E;CSNK2A1;CSNK2B;DCTN2;DSN1;DYNC1H1;DYNC1I1;DYNC1LI1;DYNC1LI2;DYNLL1;EML4;ENSA;ERCC6L;FBXO5;GOLGA2;GORASP1;GORASP2;HAUS1;HAUS2;HAUS3;HAUS5;HAUS6;HAUS8;HDAC8;HSP90AA1;INCENP;ITGB3BP;KIF18A;KIF20A;KIF23;KIF2A;KIF2B;KIF2C;KNTC1;KPNB1;LBR;LEMD3;LMNA;LPIN1;LPIN2;MAD2L1;MAPK1;MAPRE1;MASTL;MCPH1;MIS12;MZT1;NCAPD2;NCAPD3;NCAPG;NCAPG2;NCAPH;NCAPH2;NDC80;NDE1;NEDD1;NEK6;NEK9;NINL;NIPBL;NME7;NSL1;NUDC;NUF2;NUMA1;NUP107;NUP133;NUP153;NUP155;NUP160;NUP188;NUP205;NUP210;NUP35;NUP37;NUP43;NUP50;NUP54;NUP62;NUP85;NUP88;NUP93;NUP98;ODF2;OFD1;PAFAH1B1;PCM1;PCNT;PDS5A;PDS5B;PHF8;PLK1;PLK4;POM121;PPP1CC;PPP2CB;PPP2R1B;PPP2R2A;PPP2R2D;PPP2R5A;PPP2R5C;PPP2R5D;PPP2R5E;PRKAR2B;PRKCA;PRKCB;PSMA1;PSMA3;PSMA4;PSMA5;PSMA6;PSMA7;PSMB1;PSMB2;PSMB3;PSMB4;PSMC5;PSMC6;PSMD1;PSMD11;PSMD12;PSMD14;PSMD2;PSMD3;PSMD6;PSMD7;PTTG1;RAB1A;RAB2A;RAD21;RAE1;RAN;RANBP2;RANGAP1;RB1;RCC2;RPS27A;SEC13;SEH1L;SFI1;SKA1;SKA2;SMC1A;SMC2;SMC3;SMC4;SPAST;SPC24;SPC25;STAG1;STAG2;TAOK1;TMPO;TNPO1;TPR;TUBA1B;TUBA3C;TUBA4A;TUBB;TUBB1;TUBG1;TUBGCP3;TUBGCP5;UBC;UBE2E1;UBE2I;USO1;VPS4A;VRK1;VRK2;XPO1;YWHAG;ZW10;ZWILCH;ZWINT
S:REACTOME_ANTIMICROBIAL_PEPTIDES	D:64	S:ART1;ATOX1;ATP7A;BPI;CAMP;CCR2;CCR6;CD4;CHGA;CLU;CTSG;DCD;DEFA1;DEFA3;DEFA4;DEFA5;DEFA6;DEFB1;DEFB103B;DEFB104B;DEFB105B;DEFB106B;DEFB114;DEFB118;DEFB119;DEFB123;DEFB125;DEFB126;DEFB127;DEFB129;DEFB4A;ELANE;GNLY;HTN1;HTN3;ITLN1;LCN2;LEAP2;LTF;LYZ;PDZD11;PGLYRP1;PGLYRP2;PGLYRP3;PGLYRP4;PI3;PLA2G2A;PRSS2;PRSS3;PRTN3;REG3A;REG3G;RNASE3;RNASE6;RNASE7;RNASE8;S100A7;S100A7A;S100A8;S100A9;SEMG1;SLC11A1;TLR1;TLR2	S:BPI;CAMP;CD4;CHGA;CTSG;DCD;DEFA1;DEFA3;DEFA4;DEFA5;DEFB1;DEFB103B;DEFB104B;DEFB105B;DEFB114;DEFB118;DEFB119;DEFB123;DEFB125;DEFB126;DEFB127;DEFB4A;ELANE;HTN1;HTN3;ITLN1;LCN2;LTF;PDZD11;PGLYRP1;PGLYRP2;PI3;PLA2G2A;PRTN3;REG3G;RNASE3;RNASE6;RNASE8;S100A7A;S100A8;S100A9;SLC11A1
S:REACTOME_DEFECTIVE_PYROPTOSIS	D:12	S:DNMT1;DNMT3A;DNMT3B;EED;EZH2;POLA1;POLA2;PRIM1;PRIM2;RBBP4;RBBP7;SUZ12	S:DNMT1;DNMT3A;DNMT3B;EED;EZH2;POLA1;POLA2;PRIM1;PRIM2;RBBP4;RBBP7;SUZ12
S:REACTOME_TRANSPORT_OF_MATURE_MRNAS_DERIVED_FROM_INTRONLESS_TRANSCRIPTS	D:38	S:AAAS;CPSF1;CPSF2;CPSF3;CPSF4;EIF4E;FIP1L1;NCBP1;NCBP2;NUP107;NUP133;NUP153;NUP155;NUP160;NUP188;NUP205;NUP210;NUP214;NUP35;NUP37;NUP43;NUP50;NUP54;NUP62;NUP85;NUP88;NUP93;NUP98;NXF1;POM121;RAE1;RANBP2;SEC13;SEH1L;SLBP;SYMPK;TPR;WDR33	S:CPSF1;CPSF2;CPSF3;FIP1L1;NCBP1;NCBP2;NUP107;NUP133;NUP153;NUP155;NUP160;NUP188;NUP205;NUP210;NUP35;NUP37;NUP43;NUP50;NUP54;NUP62;NUP85;NUP88;NUP93;NUP98;POM121;RAE1;RANBP2;SEC13;SEH1L;SLBP;SYMPK;TPR
S:REACTOME_TRANSPORT_OF_THE_SLBP_DEPENDANT_MATURE_MRNA	D:31	S:AAAS;EIF4E;NCBP1;NCBP2;NUP107;NUP133;NUP153;NUP155;NUP160;NUP188;NUP205;NUP210;NUP214;NUP35;NUP37;NUP43;NUP50;NUP54;NUP62;NUP85;NUP88;NUP93;NUP98;NXF1;POM121;RAE1;RANBP2;SEC13;SEH1L;SLBP;TPR	S:NCBP1;NCBP2;NUP107;NUP133;NUP153;NUP155;NUP160;NUP188;NUP205;NUP210;NUP35;NUP37;NUP43;NUP50;NUP54;NUP62;NUP85;NUP88;NUP93;NUP98;POM121;RAE1;RANBP2;SEC13;SEH1L;SLBP;TPR
S:REACTOME_MRNA_SPLICING	D:200	S:ACIN1;AQR;BCAS2;BUD13;BUD31;CASC3;CCAR1;CCDC12;CDC40;CDC5L;CHERP;CRNKL1;CTNNBL1;CWC15;CWC22;CWC25;CWC27;CWF19L2;DDX23;DDX39B;DDX41;DDX42;DDX46;DDX5;DHX15;DHX16;DHX35;DHX38;DHX8;DHX9;DNAJC8;EFTUD2;EIF4A3;FAM32A;FAM50A;FUS;GPATCH1;GPKOW;GTF2F1;GTF2F2;HNRNPA1;HNRNPA2B1;HNRNPA3;HNRNPC;HNRNPD;HNRNPF;HNRNPH1;HNRNPH2;HNRNPK;HNRNPL;HNRNPM;HNRNPR;HNRNPU;HSPA8;HTATSF1;IK;ISY1;LENG1;LSM2;LSM3;LSM4;LSM5;LSM6;LSM7;LUC7L3;MAGOH;MAGOHB;MFAP1;NCBP1;NCBP2;NKAP;NSRP1;PCBP1;PCBP2;PDCD7;PHF5A;PLRG1;PNN;POLR2A;POLR2B;POLR2C;POLR2D;POLR2E;POLR2F;POLR2G;POLR2H;POLR2I;POLR2J;POLR2K;POLR2L;PPIE;PPIG;PPIH;PPIL1;PPIL2;PPIL3;PPIL4;PPP1R8;PPWD1;PQBP1;PRCC;PRKRIP1;PRPF18;PRPF19;PRPF3;PRPF31;PRPF38A;PRPF4;PRPF40A;PRPF6;PRPF8;PTBP1;PUF60;RBM10;RBM17;RBM22;RBM25;RBM39;RBM42;RBM5;RBM7;RBM8A;RBMX;RBMX2;RNF113A;RNPC3;RNPS1;SAP18;SART1;SF1;SF3A1;SF3A2;SF3A3;SF3B1;SF3B2;SF3B3;SF3B4;SF3B5;SLU7;SMNDC1;SMU1;SNIP1;SNRNP200;SNRNP25;SNRNP27;SNRNP35;SNRNP40;SNRNP48;SNRNP70;SNRPA;SNRPA1;SNRPB;SNRPB2;SNRPC;SNRPD1;SNRPD2;SNRPD3;SNRPE;SNRPF;SNRPG;SNRPN;SNW1;SRRM1;SRRM2;SRRT;SRSF1;SRSF10;SRSF11;SRSF12;SRSF2;SRSF3;SRSF4;SRSF5;SRSF6;SRSF7;SRSF8;SRSF9;SUGP1;SYF2;TCERG1;TFIP11;TRA2B;TXNL4A;U2AF1;U2AF1L4;U2AF2;U2SURP;UBL5;UPF3B;USP39;WBP11;WBP4;WDR70;XAB2;YBX1;ZCRB1;ZMAT2;ZMAT5;ZNF830;ZRSR2	S:ACIN1;AQR;BCAS2;BUD13;CASC3;CCAR1;CCDC12;CDC40;CHERP;CRNKL1;CWC15;CWC22;CWC25;CWC27;CWF19L2;DDX23;DDX42;DDX46;DDX5;DHX15;DHX16;DHX35;DHX38;DHX8;DHX9;DNAJC8;EFTUD2;EIF4A3;FUS;GPATCH1;GPKOW;GTF2F1;GTF2F2;HNRNPA1;HNRNPA2B1;HNRNPA3;HNRNPC;HNRNPD;HNRNPH1;HNRNPH2;HNRNPK;HNRNPL;HNRNPM;HNRNPR;HNRNPU;HSPA8;HTATSF1;IK;ISY1;LENG1;LSM5;LSM6;LUC7L3;MAGOH;MAGOHB;MFAP1;NCBP1;NCBP2;NKAP;NSRP1;PCBP1;PDCD7;PLRG1;PNN;POLR2B;POLR2G;POLR2K;POLR2L;PPIE;PPIG;PPIL1;PPIL2;PPIL3;PPIL4;PPP1R8;PPWD1;PRCC;PRPF18;PRPF19;PRPF3;PRPF31;PRPF38A;PRPF4;PRPF40A;PRPF6;PRPF8;RBM10;RBM17;RBM22;RBM25;RBM39;RBM5;RBM7;RBM8A;RBMX;RBMX2;RNF113A;RNPS1;SAP18;SART1;SF1;SF3A1;SF3A3;SF3B1;SF3B2;SF3B3;SF3B5;SLU7;SMNDC1;SMU1;SNIP1;SNRNP200;SNRNP25;SNRNP27;SNRNP35;SNRNP40;SNRNP48;SNRNP70;SNRPA1;SNRPB2;SNRPD1;SNRPD2;SNRPD3;SNRPF;SNW1;SRRM1;SRRM2;SRRT;SRSF1;SRSF10;SRSF11;SRSF2;SRSF3;SRSF4;SRSF5;SRSF7;SRSF8;SRSF9;SYF2;TCERG1;TFIP11;TRA2B;U2AF1;U2SURP;UPF3B;USP39;WBP11;WBP4;WDR70;ZCRB1;ZNF830;ZRSR2
S:REACTOME_KERATINIZATION	D:154	S:CAPN1;CAPNS1;CASP14;CDSN;CELA2A;CSTA;DSC1;DSC2;DSC3;DSG1;DSG2;DSG3;DSG4;DSP;EVPL;FLG;FURIN;IVL;JUP;KAZN;KLK12;KLK13;KLK14;KLK5;KLK8;KRT1;KRT10;KRT12;KRT13;KRT14;KRT15;KRT16;KRT17;KRT18;KRT19;KRT2;KRT20;KRT23;KRT24;KRT25;KRT26;KRT27;KRT28;KRT3;KRT31;KRT32;KRT33A;KRT33B;KRT34;KRT35;KRT36;KRT37;KRT38;KRT4;KRT40;KRT5;KRT6A;KRT6B;KRT6C;KRT7;KRT71;KRT72;KRT73;KRT74;KRT75;KRT76;KRT77;KRT78;KRT79;KRT8;KRT80;KRT81;KRT82;KRT83;KRT85;KRT86;KRT9;KRTAP1-1;KRTAP1-3;KRTAP1-5;KRTAP10-10;KRTAP11-1;KRTAP12-1;KRTAP12-2;KRTAP13-1;KRTAP13-2;KRTAP13-3;KRTAP13-4;KRTAP15-1;KRTAP17-1;KRTAP19-1;KRTAP2-1;KRTAP2-4;KRTAP3-1;KRTAP3-2;KRTAP3-3;KRTAP4-1;KRTAP4-11;KRTAP4-2;KRTAP4-3;KRTAP4-4;KRTAP4-5;KRTAP4-6;KRTAP4-7;KRTAP4-8;KRTAP4-9;KRTAP5-8;KRTAP5-9;KRTAP6-3;KRTAP8-1;KRTAP9-2;KRTAP9-3;KRTAP9-4;KRTAP9-9;LCE1A;LCE1B;LCE1C;LCE1D;LCE1E;LCE1F;LCE2A;LCE2B;LCE2C;LCE2D;LCE3A;LCE3B;LCE3C;LCE3D;LCE3E;LCE4A;LCE5A;LELP1;PCSK6;PERP;PI3;PKP1;PKP2;PKP3;PKP4;PPL;PRSS8;RPTN;SPINK5;SPINK6;SPRR1A;SPRR1B;SPRR2D;SPRR2E;SPRR2G;SPRR3;ST14;TCHH;TGM1;TGM5	S:CAPN1;CAPNS1;CDSN;CSTA;DSC2;DSC3;DSG2;DSG3;DSG4;EVPL;FLG;FURIN;JUP;KLK12;KLK14;KRT1;KRT12;KRT13;KRT14;KRT15;KRT16;KRT17;KRT18;KRT19;KRT2;KRT24;KRT25;KRT26;KRT27;KRT3;KRT31;KRT32;KRT33A;KRT37;KRT6A;KRT6B;KRT6C;KRT71;KRT72;KRT78;KRT8;KRT80;KRT81;KRT82;KRT85;KRT9;KRTAP1-1;KRTAP1-3;KRTAP1-5;KRTAP10-10;KRTAP11-1;KRTAP12-1;KRTAP12-2;KRTAP13-1;KRTAP13-3;KRTAP15-1;KRTAP17-1;KRTAP19-1;KRTAP2-1;KRTAP2-4;KRTAP3-2;KRTAP3-3;KRTAP4-1;KRTAP4-11;KRTAP4-3;KRTAP4-4;KRTAP4-7;KRTAP4-8;KRTAP4-9;KRTAP5-8;KRTAP5-9;KRTAP6-3;KRTAP8-1;KRTAP9-3;KRTAP9-4;LCE1A;LCE1B;LCE1C;LCE1E;LCE1F;LCE2A;LCE2D;LCE3A;LCE3C;LCE3E;LCE4A;LELP1;PCSK6;PI3;PKP3;PRSS8;RPTN;SPINK6;SPRR1A;SPRR2E;SPRR3;ST14
S:REACTOME_NUCLEAR_ENVELOPE_BREAKDOWN	D:48	S:AAAS;BANF1;CCNB1;CCNB2;CDK1;CTDNEP1;EMD;LEMD2;LEMD3;LMNA;LMNB1;LPIN1;LPIN2;LPIN3;NEK6;NEK7;NEK9;NUP107;NUP133;NUP153;NUP155;NUP160;NUP188;NUP205;NUP210;NUP214;NUP35;NUP37;NUP43;NUP50;NUP54;NUP62;NUP85;NUP88;NUP93;NUP98;PLK1;POM121;PRKCA;PRKCB;RAE1;RANBP2;SEC13;SEH1L;TMPO;TPR;VRK1;VRK2	S:CCNB1;CCNB2;CDK1;LEMD3;LMNA;LPIN1;LPIN2;NEK6;NEK9;NUP107;NUP133;NUP153;NUP155;NUP160;NUP188;NUP205;NUP210;NUP35;NUP37;NUP43;NUP50;NUP54;NUP62;NUP85;NUP88;NUP93;NUP98;PLK1;POM121;PRKCA;PRKCB;RAE1;RANBP2;SEC13;SEH1L;TMPO;TPR;VRK1;VRK2
S:REACTOME_POSTMITOTIC_NUCLEAR_PORE_COMPLEX_NPC_REFORMATION	D:25	S:AHCTF1;KPNB1;NUP107;NUP133;NUP155;NUP160;NUP188;NUP205;NUP35;NUP37;NUP43;NUP54;NUP62;NUP85;NUP93;NUP98;POM121;RAN;RANGAP1;RCC1;SEC13;SEH1L;SUMO1;TNPO1;UBE2I	S:AHCTF1;KPNB1;NUP107;NUP133;NUP155;NUP160;NUP188;NUP205;NUP35;NUP37;NUP43;NUP54;NUP62;NUP85;NUP93;NUP98;POM121;RAN;RANGAP1;SEC13;SEH1L;TNPO1;UBE2I
S:REACTOME_MITOTIC_METAPHASE_AND_ANAPHASE	D:204	S:ADRM1;AHCTF1;ANAPC1;ANAPC10;ANAPC11;ANAPC16;ANAPC2;ANAPC4;ANAPC5;ANAPC7;ANKLE2;AURKB;B9D2;BANF1;BIRC5;BUB1;BUB1B;BUB3;CC2D1B;CCNB1;CCNB2;CDC16;CDC20;CDC23;CDC26;CDC27;CDCA5;CDCA8;CDK1;CENPA;CENPE;CENPF;CENPH;CENPI;CENPK;CENPL;CENPM;CENPN;CENPO;CENPP;CENPQ;CENPT;CHMP2A;CHMP2B;CHMP4A;CHMP4B;CHMP4C;CHMP6;CHMP7;CKAP5;CLASP1;CLASP2;CLIP1;DSN1;DYNC1H1;DYNC1I1;DYNC1I2;DYNC1LI1;DYNC1LI2;DYNLL1;DYNLL2;EMD;ERCC6L;ESPL1;FBXO5;HDAC8;INCENP;ITGB3BP;KIF18A;KIF2A;KIF2B;KIF2C;KNTC1;KPNB1;LBR;LEMD2;LEMD3;LMNA;LMNB1;MAD1L1;MAD2L1;MAPRE1;MIS12;NDC80;NDE1;NDEL1;NSL1;NUDC;NUF2;NUP107;NUP133;NUP155;NUP160;NUP188;NUP205;NUP35;NUP37;NUP43;NUP54;NUP62;NUP85;NUP93;NUP98;PAFAH1B1;PDS5A;PDS5B;PLK1;PMF1;POM121;PPP1CC;PPP2CA;PPP2CB;PPP2R1A;PPP2R1B;PPP2R2A;PPP2R5A;PPP2R5B;PPP2R5C;PPP2R5D;PPP2R5E;PSMA1;PSMA2;PSMA3;PSMA4;PSMA5;PSMA6;PSMA7;PSMB1;PSMB2;PSMB3;PSMB4;PSMB5;PSMB6;PSMB7;PSMC1;PSMC2;PSMC3;PSMC4;PSMC5;PSMC6;PSMD1;PSMD11;PSMD12;PSMD13;PSMD14;PSMD2;PSMD3;PSMD6;PSMD7;PSMD8;PTTG1;RAD21;RAN;RANBP2;RANGAP1;RCC1;RCC2;RPS27;RPS27A;SEC13;SEH1L;SIRT2;SKA1;SKA2;SMC1A;SMC3;SPAST;SPC24;SPC25;STAG1;STAG2;SUMO1;TAOK1;TMPO;TNPO1;TUBA1A;TUBA1B;TUBA1C;TUBA3C;TUBA3D;TUBA4A;TUBA8;TUBAL3;TUBB1;TUBB2A;TUBB2B;TUBB3;TUBB6;TUBB8;UBA52;UBB;UBC;UBE2C;UBE2D1;UBE2E1;UBE2I;UBE2S;VPS4A;VRK1;VRK2;XPO1;ZW10;ZWILCH;ZWINT	S:AHCTF1;ANAPC1;ANAPC10;ANAPC11;ANAPC16;ANAPC4;ANAPC5;ANAPC7;ANKLE2;AURKB;B9D2;BIRC5;BUB1;BUB1B;BUB3;CC2D1B;CCNB1;CCNB2;CDC23;CDC26;CDC27;CDCA5;CDCA8;CDK1;CENPA;CENPE;CENPF;CENPH;CENPK;CENPL;CENPM;CENPN;CENPO;CENPP;CENPQ;CENPT;CHMP2A;CHMP2B;CHMP4A;CKAP5;CLASP1;CLASP2;CLIP1;DSN1;DYNC1H1;DYNC1I1;DYNC1LI1;DYNC1LI2;DYNLL1;ERCC6L;FBXO5;HDAC8;INCENP;ITGB3BP;KIF18A;KIF2A;KIF2B;KIF2C;KNTC1;KPNB1;LBR;LEMD3;LMNA;MAD2L1;MAPRE1;MIS12;NDC80;NDE1;NSL1;NUDC;NUF2;NUP107;NUP133;NUP155;NUP160;NUP188;NUP205;NUP35;NUP37;NUP43;NUP54;NUP62;NUP85;NUP93;NUP98;PAFAH1B1;PDS5A;PDS5B;PLK1;POM121;PPP1CC;PPP2CB;PPP2R1B;PPP2R2A;PPP2R5A;PPP2R5C;PPP2R5D;PPP2R5E;PSMA1;PSMA3;PSMA4;PSMA5;PSMA6;PSMA7;PSMB1;PSMB2;PSMB3;PSMB4;PSMC5;PSMC6;PSMD1;PSMD11;PSMD12;PSMD14;PSMD2;PSMD3;PSMD6;PSMD7;PTTG1;RAD21;RAN;RANBP2;RANGAP1;RCC2;RPS27A;SEC13;SEH1L;SKA1;SKA2;SMC1A;SMC3;SPAST;SPC24;SPC25;STAG1;STAG2;TAOK1;TMPO;TNPO1;TUBA1B;TUBA3C;TUBA4A;TUBB1;UBC;UBE2E1;UBE2I;VPS4A;VRK1;VRK2;XPO1;ZW10;ZWILCH;ZWINT
S:REACTOME_NS1_MEDIATED_EFFECTS_ON_HOST_PATHWAYS	D:38	S:AAAS;CPSF4;EIF2AK2;GBP1;ISG15;KPNA1;KPNA2;KPNA3;KPNA4;KPNA5;KPNB1;MLKL;NUP107;NUP133;NUP153;NUP155;NUP160;NUP188;NUP205;NUP210;NUP214;NUP35;NUP37;NUP43;NUP50;NUP54;NUP62;NUP85;NUP88;NUP93;NUP98;PABPN1;POM121;RAE1;RANBP2;SEC13;SEH1L;TPR	S:EIF2AK2;GBP1;KPNA1;KPNA2;KPNA3;KPNA4;KPNA5;KPNB1;NUP107;NUP133;NUP153;NUP155;NUP160;NUP188;NUP205;NUP210;NUP35;NUP37;NUP43;NUP50;NUP54;NUP62;NUP85;NUP88;NUP93;NUP98;PABPN1;POM121;RAE1;RANBP2;SEC13;SEH1L;TPR
S:REACTOME_ANTIGEN_PRESENTATION_FOLDING_ASSEMBLY_AND_PEPTIDE_LOADING_OF_CLASS_I_MHC	D:29	S:ATG14;B2M;BCAP31;BECN1;CALR;CANX;ERAP1;ERAP2;HLA-A;HLA-B;HLA-C;HLA-E;HLA-F;HLA-G;HSPA5;PDIA3;PIK3C3;PIK3R4;SAR1B;SEC13;SEC23A;SEC24A;SEC24B;SEC24C;SEC24D;SEC31A;TAP1;TAP2;TAPBP	S:ATG14;B2M;BCAP31;CALR;CANX;ERAP1;ERAP2;HLA-A;HLA-B;HLA-C;HLA-E;HLA-G;HSPA5;PDIA3;PIK3C3;PIK3R4;SAR1B;SEC13;SEC23A;SEC24A;SEC24B;SEC24C;SEC24D;SEC31A;TAP1;TAP2
S:REACTOME_ESTABLISHMENT_OF_SISTER_CHROMATID_COHESION	D:10	S:CDCA5;ESCO1;ESCO2;PDS5A;PDS5B;RAD21;SMC1A;SMC3;STAG1;STAG2	S:CDCA5;ESCO1;ESCO2;PDS5A;PDS5B;RAD21;SMC1A;SMC3;STAG1;STAG2
S:REACTOME_MRNA_3_END_PROCESSING	D:150	S:CASC3;CCAR1;CDC40;CHERP;CHTOP;CLP1;CPSF1;CPSF2;CPSF3;CPSF4;CPSF6;CPSF7;CSTF1;CSTF2;CSTF2T;CSTF3;DDX39A;DDX39B;DDX42;DDX46;DDX5;DHX15;DHX38;DHX9;DNAJC8;EIF4A3;FIP1L1;FUS;FYTTD1;GTF2F1;GTF2F2;HNRNPA1;HNRNPA2B1;HNRNPA3;HNRNPC;HNRNPD;HNRNPF;HNRNPH1;HNRNPH2;HNRNPK;HNRNPL;HNRNPM;HNRNPR;HNRNPU;HTATSF1;LUZP4;MAGOH;MAGOHB;NCBP1;NCBP2;NUDT21;PABPN1;PAPOLA;PAPOLG;PCBP1;PCBP2;PCF11;PHF5A;POLDIP3;POLR2A;POLR2B;POLR2C;POLR2D;POLR2E;POLR2F;POLR2G;POLR2H;POLR2I;POLR2J;POLR2K;POLR2L;PPP1CA;PPP1CB;PPP1R10;PPP1R8;PRPF40A;PTBP1;PUF60;RBBP6;RBM10;RBM17;RBM25;RBM39;RBM5;RBM8A;RBMX;RNPS1;RPS27A;SARNP;SF3A1;SF3A2;SF3A3;SF3B1;SF3B2;SF3B3;SF3B4;SF3B5;SLU7;SMNDC1;SNRNP70;SNRPA;SNRPA1;SNRPB;SNRPB2;SNRPC;SNRPD1;SNRPD2;SNRPD3;SNRPE;SNRPF;SNRPG;SNRPN;SRRM1;SRRM2;SRRT;SRSF1;SRSF10;SRSF11;SRSF12;SRSF2;SRSF3;SRSF4;SRSF5;SRSF6;SRSF7;SRSF8;SRSF9;SUGP1;SYMPK;TCERG1;THOC1;THOC2;THOC3;THOC5;THOC6;THOC7;TRA2B;TUT1;U2AF1;U2AF1L4;U2AF2;U2SURP;UBA52;UBB;UBC;UPF3B;WDR33;XRN2;YBX1;ZC3H11A	S:CASC3;CCAR1;CDC40;CHERP;CHTOP;CLP1;CPSF1;CPSF2;CPSF3;CPSF6;CSTF1;CSTF2;CSTF2T;CSTF3;DDX39A;DDX42;DDX46;DDX5;DHX15;DHX38;DHX9;DNAJC8;EIF4A3;FIP1L1;FUS;FYTTD1;GTF2F1;GTF2F2;HNRNPA1;HNRNPA2B1;HNRNPA3;HNRNPC;HNRNPD;HNRNPH1;HNRNPH2;HNRNPK;HNRNPL;HNRNPM;HNRNPR;HNRNPU;HTATSF1;MAGOH;MAGOHB;NCBP1;NCBP2;NUDT21;PABPN1;PAPOLA;PAPOLG;PCBP1;PCF11;POLDIP3;POLR2B;POLR2G;POLR2K;POLR2L;PPP1CA;PPP1R10;PPP1R8;PRPF40A;RBBP6;RBM10;RBM17;RBM25;RBM39;RBM5;RBM8A;RBMX;RNPS1;RPS27A;SARNP;SF3A1;SF3A3;SF3B1;SF3B2;SF3B3;SF3B5;SLU7;SMNDC1;SNRNP70;SNRPA1;SNRPB2;SNRPD1;SNRPD2;SNRPD3;SNRPF;SRRM1;SRRM2;SRRT;SRSF1;SRSF10;SRSF11;SRSF2;SRSF3;SRSF4;SRSF5;SRSF7;SRSF8;SRSF9;SYMPK;TCERG1;THOC1;THOC2;THOC3;THOC7;TRA2B;U2AF1;U2SURP;UBC;UPF3B;ZC3H11A
S:REACTOME_RHO_GTPASES_ACTIVATE_FORMINS	D:127	S:ACTB;ACTG1;AHCTF1;AURKB;B9D2;BIRC5;BUB1;BUB1B;BUB3;CDC20;CDC42;CDCA8;CENPA;CENPE;CENPF;CENPH;CENPI;CENPK;CENPL;CENPM;CENPN;CENPO;CENPP;CENPQ;CENPT;CKAP5;CLASP1;CLASP2;CLIP1;DAAM1;DIAPH1;DIAPH2;DIAPH3;DSN1;DVL1;DVL2;DVL3;DYNC1H1;DYNC1I1;DYNC1I2;DYNC1LI1;DYNC1LI2;DYNLL1;DYNLL2;ERCC6L;EVL;FMNL1;FMNL2;FMNL3;INCENP;ITGB1;ITGB3BP;KIF18A;KIF2A;KIF2B;KIF2C;KNTC1;MAD1L1;MAD2L1;MAPRE1;MIS12;NDC80;NDE1;NDEL1;NSL1;NUDC;NUF2;NUP107;NUP133;NUP160;NUP37;NUP43;NUP85;NUP98;PAFAH1B1;PFN1;PFN2;PLK1;PMF1;PPP1CC;PPP2CA;PPP2CB;PPP2R1A;PPP2R1B;PPP2R5A;PPP2R5B;PPP2R5C;PPP2R5D;PPP2R5E;RAC1;RANBP2;RANGAP1;RCC2;RHOA;RHOB;RHOC;RHOD;RPS27;SCAI;SEC13;SEH1L;SKA1;SKA2;SPC24;SPC25;SRC;SRF;SRGAP2;TAOK1;TUBA1A;TUBA1B;TUBA1C;TUBA3C;TUBA3D;TUBA4A;TUBA8;TUBAL3;TUBB1;TUBB2A;TUBB2B;TUBB3;TUBB6;TUBB8;XPO1;ZW10;ZWILCH;ZWINT	S:ACTB;ACTG1;AHCTF1;AURKB;B9D2;BIRC5;BUB1;BUB1B;BUB3;CDC42;CDCA8;CENPA;CENPE;CENPF;CENPH;CENPK;CENPL;CENPM;CENPN;CENPO;CENPP;CENPQ;CENPT;CKAP5;CLASP1;CLASP2;CLIP1;DAAM1;DIAPH1;DIAPH2;DIAPH3;DSN1;DVL1;DYNC1H1;DYNC1I1;DYNC1LI1;DYNC1LI2;DYNLL1;ERCC6L;EVL;FMNL3;INCENP;ITGB1;ITGB3BP;KIF18A;KIF2A;KIF2B;KIF2C;KNTC1;MAD2L1;MAPRE1;MIS12;NDC80;NDE1;NSL1;NUDC;NUF2;NUP107;NUP133;NUP160;NUP37;NUP43;NUP85;NUP98;PAFAH1B1;PLK1;PPP1CC;PPP2CB;PPP2R1B;PPP2R5A;PPP2R5C;PPP2R5D;PPP2R5E;RAC1;RANBP2;RANGAP1;RCC2;RHOA;RHOB;RHOD;SCAI;SEC13;SEH1L;SKA1;SKA2;SPC24;SPC25;SRF;TAOK1;TUBA1B;TUBA3C;TUBA4A;TUBB1;XPO1;ZW10;ZWILCH;ZWINT
S:REACTOME_RNA_POLYMERASE_II_TRANSCRIPTION_TERMINATION	D:66	S:CASC3;CDC40;CHTOP;CLP1;CPSF1;CPSF2;CPSF3;CPSF4;CPSF6;CPSF7;CSTF1;CSTF2;CSTF2T;CSTF3;DDX39A;DDX39B;DHX38;EIF4A3;FIP1L1;FYTTD1;LSM10;LSM11;LUZP4;MAGOH;MAGOHB;NCBP1;NCBP2;NUDT21;PABPN1;PAPOLA;PCF11;POLDIP3;RBM8A;RNPS1;SARNP;SLBP;SLU7;SNRPB;SNRPD3;SNRPE;SNRPF;SNRPG;SRRM1;SRSF1;SRSF11;SRSF2;SRSF3;SRSF4;SRSF5;SRSF6;SRSF7;SRSF9;SYMPK;THOC1;THOC2;THOC3;THOC5;THOC6;THOC7;U2AF1;U2AF1L4;U2AF2;UPF3B;WDR33;ZC3H11A;ZNF473	S:CASC3;CDC40;CHTOP;CLP1;CPSF1;CPSF2;CPSF3;CPSF6;CSTF1;CSTF2;CSTF2T;CSTF3;DDX39A;DHX38;EIF4A3;FIP1L1;FYTTD1;LSM11;MAGOH;MAGOHB;NCBP1;NCBP2;NUDT21;PABPN1;PAPOLA;PCF11;POLDIP3;RBM8A;RNPS1;SARNP;SLBP;SLU7;SNRPD3;SNRPF;SRRM1;SRSF1;SRSF11;SRSF2;SRSF3;SRSF4;SRSF5;SRSF7;SRSF9;SYMPK;THOC1;THOC2;THOC3;THOC7;U2AF1;UPF3B;ZC3H11A;ZNF473
S:REACTOME_SEPARATION_OF_SISTER_CHROMATIDS	D:163	S:ADRM1;AHCTF1;ANAPC1;ANAPC10;ANAPC11;ANAPC16;ANAPC2;ANAPC4;ANAPC5;ANAPC7;AURKB;B9D2;BIRC5;BUB1;BUB1B;BUB3;CDC16;CDC20;CDC23;CDC26;CDC27;CDCA5;CDCA8;CENPA;CENPE;CENPF;CENPH;CENPI;CENPK;CENPL;CENPM;CENPN;CENPO;CENPP;CENPQ;CENPT;CKAP5;CLASP1;CLASP2;CLIP1;DSN1;DYNC1H1;DYNC1I1;DYNC1I2;DYNC1LI1;DYNC1LI2;DYNLL1;DYNLL2;ERCC6L;ESPL1;HDAC8;INCENP;ITGB3BP;KIF18A;KIF2A;KIF2B;KIF2C;KNTC1;MAD1L1;MAD2L1;MAPRE1;MIS12;NDC80;NDE1;NDEL1;NSL1;NUDC;NUF2;NUP107;NUP133;NUP160;NUP37;NUP43;NUP85;NUP98;PAFAH1B1;PDS5A;PDS5B;PLK1;PMF1;PPP1CC;PPP2CA;PPP2CB;PPP2R1A;PPP2R1B;PPP2R5A;PPP2R5B;PPP2R5C;PPP2R5D;PPP2R5E;PSMA1;PSMA2;PSMA3;PSMA4;PSMA5;PSMA6;PSMA7;PSMB1;PSMB2;PSMB3;PSMB4;PSMB5;PSMB6;PSMB7;PSMC1;PSMC2;PSMC3;PSMC4;PSMC5;PSMC6;PSMD1;PSMD11;PSMD12;PSMD13;PSMD14;PSMD2;PSMD3;PSMD6;PSMD7;PSMD8;PTTG1;RAD21;RANBP2;RANGAP1;RCC2;RPS27;RPS27A;SEC13;SEH1L;SKA1;SKA2;SMC1A;SMC3;SPC24;SPC25;STAG1;STAG2;TAOK1;TUBA1A;TUBA1B;TUBA1C;TUBA3C;TUBA3D;TUBA4A;TUBA8;TUBAL3;TUBB1;TUBB2A;TUBB2B;TUBB3;TUBB6;TUBB8;UBA52;UBB;UBC;UBE2C;UBE2D1;UBE2E1;UBE2S;XPO1;ZW10;ZWILCH;ZWINT	S:AHCTF1;ANAPC1;ANAPC10;ANAPC11;ANAPC16;ANAPC4;ANAPC5;ANAPC7;AURKB;B9D2;BIRC5;BUB1;BUB1B;BUB3;CDC23;CDC26;CDC27;CDCA5;CDCA8;CENPA;CENPE;CENPF;CENPH;CENPK;CENPL;CENPM;CENPN;CENPO;CENPP;CENPQ;CENPT;CKAP5;CLASP1;CLASP2;CLIP1;DSN1;DYNC1H1;DYNC1I1;DYNC1LI1;DYNC1LI2;DYNLL1;ERCC6L;HDAC8;INCENP;ITGB3BP;KIF18A;KIF2A;KIF2B;KIF2C;KNTC1;MAD2L1;MAPRE1;MIS12;NDC80;NDE1;NSL1;NUDC;NUF2;NUP107;NUP133;NUP160;NUP37;NUP43;NUP85;NUP98;PAFAH1B1;PDS5A;PDS5B;PLK1;PPP1CC;PPP2CB;PPP2R1B;PPP2R5A;PPP2R5C;PPP2R5D;PPP2R5E;PSMA1;PSMA3;PSMA4;PSMA5;PSMA6;PSMA7;PSMB1;PSMB2;PSMB3;PSMB4;PSMC5;PSMC6;PSMD1;PSMD11;PSMD12;PSMD14;PSMD2;PSMD3;PSMD6;PSMD7;PTTG1;RAD21;RANBP2;RANGAP1;RCC2;RPS27A;SEC13;SEH1L;SKA1;SKA2;SMC1A;SMC3;SPC24;SPC25;STAG1;STAG2;TAOK1;TUBA1B;TUBA3C;TUBA4A;TUBB1;UBC;UBE2E1;XPO1;ZW10;ZWILCH;ZWINT
S:REACTOME_SUMOYLATION_OF_SUMOYLATION_PROTEINS	D:31	S:AAAS;NUP107;NUP133;NUP153;NUP155;NUP160;NUP188;NUP205;NUP210;NUP214;NUP35;NUP37;NUP43;NUP50;NUP54;NUP62;NUP85;NUP88;NUP93;NUP98;PIAS4;POM121;RAE1;RANBP2;SEC13;SEH1L;SUMO1;SUMO2;TOPORS;TPR;UBE2I	S:NUP107;NUP133;NUP153;NUP155;NUP160;NUP188;NUP205;NUP210;NUP35;NUP37;NUP43;NUP50;NUP54;NUP62;NUP85;NUP88;NUP93;NUP98;POM121;RAE1;RANBP2;SEC13;SEH1L;SUMO2;TOPORS;TPR;UBE2I
S:REACTOME_GAP_JUNCTION_ASSEMBLY	D:33	S:GJA1;GJA10;GJA3;GJA4;GJA5;GJA8;GJA9;GJB1;GJB2;GJB3;GJB4;GJB5;GJB6;GJB7;GJC1;GJC2;GJD2;GJD3;GJD4;TUBA1A;TUBA1B;TUBA1C;TUBA3C;TUBA3D;TUBA4A;TUBA8;TUBAL3;TUBB1;TUBB2A;TUBB2B;TUBB3;TUBB6;TUBB8	S:GJA1;GJA10;GJA5;GJA8;GJA9;GJB1;GJB2;GJB5;GJB7;GJC2;GJD2;GJD3;GJD4;TUBA1A;TUBA1C;TUBA3D;TUBA8;TUBAL3;TUBB2A;TUBB2B;TUBB3;TUBB6;TUBB8
S:REACTOME_DEPOSITION_OF_NEW_CENPA_CONTAINING_NUCLEOSOMES_AT_THE_CENTROMERE	D:23	S:CENPA;CENPH;CENPI;CENPK;CENPL;CENPM;CENPN;CENPO;CENPP;CENPQ;CENPT;CENPW;HJURP;ITGB3BP;MIS18A;MIS18BP1;NPM1;OIP5;RBBP4;RBBP7;RSF1;RUVBL1;SMARCA5	S:CENPA;CENPH;CENPK;CENPL;CENPM;CENPN;CENPO;CENPP;CENPQ;CENPT;HJURP;ITGB3BP;MIS18A;MIS18BP1;NPM1;OIP5;RBBP4;RBBP7;RSF1;RUVBL1;SMARCA5
S:REACTOME_MISMATCH_REPAIR	D:15	S:EXO1;LIG1;MLH1;MSH2;MSH3;MSH6;PCNA;PMS2;POLD1;POLD2;POLD3;POLD4;RPA1;RPA2;RPA3	S:EXO1;LIG1;MLH1;MSH2;MSH3;MSH6;PCNA;PMS2;POLD1;POLD2;POLD3;RPA1;RPA2;RPA3
S:REACTOME_MITOTIC_TELOPHASE_CYTOKINESIS	D:12	S:KIF20A;KIF23;MAU2;NIPBL;PDS5A;PDS5B;PLK1;RAD21;SMC1A;SMC3;STAG1;STAG2	S:KIF20A;KIF23;NIPBL;PDS5A;PDS5B;PLK1;RAD21;SMC1A;SMC3;STAG1;STAG2
S:REACTOME_G2_M_CHECKPOINTS	D:114	S:ADRM1;ATM;ATR;ATRIP;BABAM1;BARD1;BLM;BRCA1;BRCC3;BRIP1;CCNA1;CCNA2;CCNB1;CCNB2;CDC25A;CDC25C;CDC45;CDC6;CDC7;CDK1;CDK2;CHEK1;CHEK2;CLSPN;DBF4;DNA2;EXO1;GTSE1;HERC2;HUS1;KAT5;MCM10;MCM2;MCM3;MCM4;MCM5;MCM6;MCM7;MCM8;MDC1;NBN;ORC1;ORC2;ORC3;ORC4;ORC5;ORC6;PIAS4;PKMYT1;PSMA1;PSMA2;PSMA3;PSMA4;PSMA5;PSMA6;PSMA7;PSMB1;PSMB2;PSMB3;PSMB4;PSMB5;PSMB6;PSMB7;PSMC1;PSMC2;PSMC3;PSMC4;PSMC5;PSMC6;PSMD1;PSMD11;PSMD12;PSMD13;PSMD14;PSMD2;PSMD3;PSMD6;PSMD7;PSMD8;RAD1;RAD17;RAD50;RAD9A;RBBP8;RFC2;RFC3;RFC4;RFC5;RMI1;RNF168;RNF8;RPA1;RPA2;RPA3;RPS27A;SFN;TOP3A;TOPBP1;TP53;TP53BP1;UBA52;UBB;UBC;UBE2N;UBE2V2;UIMC1;WEE1;WRN;YWHAB;YWHAE;YWHAG;YWHAH;YWHAQ;YWHAZ	S:ATM;ATR;BARD1;BLM;BRCA1;BRCC3;BRIP1;CCNA1;CCNA2;CCNB1;CCNB2;CDC25C;CDC45;CDC6;CDC7;CDK1;CHEK1;CHEK2;CLSPN;DNA2;EXO1;GTSE1;HERC2;HUS1;KAT5;MCM10;MCM2;MCM3;MCM4;MCM5;MCM6;MCM7;MCM8;MDC1;NBN;ORC1;ORC2;ORC3;ORC4;ORC5;ORC6;PSMA1;PSMA3;PSMA4;PSMA5;PSMA6;PSMA7;PSMB1;PSMB2;PSMB3;PSMB4;PSMC5;PSMC6;PSMD1;PSMD11;PSMD12;PSMD14;PSMD2;PSMD3;PSMD6;PSMD7;RAD1;RAD17;RAD50;RBBP8;RFC3;RFC4;RFC5;RMI1;RNF168;RNF8;RPA1;RPA2;RPA3;RPS27A;TOPBP1;TP53;TP53BP1;UBC;UBE2N;UIMC1;WEE1;WRN;YWHAB;YWHAG;YWHAH;YWHAQ;YWHAZ
S:REACTOME_REGULATION_OF_GLUCOKINASE_BY_GLUCOKINASE_REGULATORY_PROTEIN	D:28	S:AAAS;GCK;GCKR;NUP107;NUP133;NUP153;NUP155;NUP160;NUP188;NUP205;NUP210;NUP214;NUP35;NUP37;NUP43;NUP50;NUP54;NUP62;NUP85;NUP88;NUP93;NUP98;POM121;RAE1;RANBP2;SEC13;SEH1L;TPR	S:GCK;NUP107;NUP133;NUP153;NUP155;NUP160;NUP188;NUP205;NUP210;NUP35;NUP37;NUP43;NUP50;NUP54;NUP62;NUP85;NUP88;NUP93;NUP98;POM121;RAE1;RANBP2;SEC13;SEH1L;TPR
S:REACTOME_NUCLEAR_RNA_DECAY	D:31	S:C1D;DIS3;EXOSC1;EXOSC10;EXOSC2;EXOSC3;EXOSC4;EXOSC5;EXOSC6;EXOSC7;EXOSC8;EXOSC9;MPHOSPH6;NCBP1;NCBP2;PABPN1;PAPOLG;RBM26;RBM27;RBM7;SRRT;WDR82;XRN2;YTHDC1;YTHDC2;ZC3H18;ZC3H3;ZC3H4;ZCCHC7;ZCCHC8;ZFC3H1	S:C1D;DIS3;EXOSC1;EXOSC10;EXOSC2;EXOSC3;EXOSC4;EXOSC5;EXOSC7;EXOSC8;EXOSC9;MPHOSPH6;NCBP1;NCBP2;PABPN1;PAPOLG;RBM26;RBM27;RBM7;SRRT;WDR82;YTHDC1;YTHDC2;ZC3H18;ZC3H4;ZCCHC7;ZCCHC8;ZFC3H1
S:REACTOME_INTERACTIONS_OF_VPR_WITH_HOST_CELLULAR_PROTEINS	D:33	S:AAAS;BANF1;HMGA1;KPNA1;NUP107;NUP133;NUP153;NUP155;NUP160;NUP188;NUP205;NUP210;NUP214;NUP35;NUP37;NUP43;NUP50;NUP54;NUP62;NUP85;NUP88;NUP93;NUP98;POM121;PSIP1;RAE1;RANBP2;SEC13;SEH1L;SLC25A4;SLC25A5;SLC25A6;TPR	S:KPNA1;NUP107;NUP133;NUP153;NUP155;NUP160;NUP188;NUP205;NUP210;NUP35;NUP37;NUP43;NUP50;NUP54;NUP62;NUP85;NUP88;NUP93;NUP98;POM121;PSIP1;RAE1;RANBP2;SEC13;SEH1L;SLC25A4;SLC25A5;TPR
S:REACTOME_SUMOYLATION_OF_UBIQUITINYLATION_PROTEINS	D:35	S:AAAS;MDM2;NUP107;NUP133;NUP153;NUP155;NUP160;NUP188;NUP205;NUP210;NUP214;NUP35;NUP37;NUP43;NUP50;NUP54;NUP62;NUP85;NUP88;NUP93;NUP98;PIAS1;PIAS2;PIAS4;PML;POM121;RAE1;RANBP2;SEC13;SEH1L;SUMO1;TPR;TRIM27;UBE2I;VHL	S:MDM2;NUP107;NUP133;NUP153;NUP155;NUP160;NUP188;NUP205;NUP210;NUP35;NUP37;NUP43;NUP50;NUP54;NUP62;NUP85;NUP88;NUP93;NUP98;PIAS1;PIAS2;POM121;RAE1;RANBP2;SEC13;SEH1L;TPR;UBE2I;VHL
S:REACTOME_PROCESSIVE_SYNTHESIS_ON_THE_C_STRAND_OF_THE_TELOMERE	D:19	S:ACD;BLM;DNA2;FEN1;LIG1;PCNA;POLD1;POLD2;POLD3;POLD4;POT1;RPA1;RPA2;RPA3;TERF1;TERF2;TERF2IP;TINF2;WRN	S:ACD;BLM;DNA2;FEN1;LIG1;PCNA;POLD1;POLD2;POLD3;POT1;RPA1;RPA2;RPA3;TERF1;TERF2;TERF2IP;TINF2;WRN
S:REACTOME_MRNA_POLYADENYLATION	D:126	S:CCAR1;CDC40;CHERP;CLP1;CPSF1;CPSF2;CPSF3;CPSF4;CPSF6;CPSF7;CSTF1;CSTF2;CSTF2T;CSTF3;DDX42;DDX46;DDX5;DHX15;DHX9;DNAJC8;FIP1L1;FUS;GTF2F1;GTF2F2;HNRNPA1;HNRNPA2B1;HNRNPA3;HNRNPC;HNRNPD;HNRNPF;HNRNPH1;HNRNPH2;HNRNPK;HNRNPL;HNRNPM;HNRNPR;HNRNPU;HTATSF1;NCBP1;NCBP2;NUDT21;PABPN1;PAPOLA;PAPOLG;PCBP1;PCBP2;PCF11;PHF5A;POLR2A;POLR2B;POLR2C;POLR2D;POLR2E;POLR2F;POLR2G;POLR2H;POLR2I;POLR2J;POLR2K;POLR2L;PPP1CA;PPP1CB;PPP1R10;PPP1R8;PRPF40A;PTBP1;PUF60;RBBP6;RBM10;RBM17;RBM25;RBM39;RBM5;RBMX;RPS27A;SF3A1;SF3A2;SF3A3;SF3B1;SF3B2;SF3B3;SF3B4;SF3B5;SMNDC1;SNRNP70;SNRPA;SNRPA1;SNRPB;SNRPB2;SNRPC;SNRPD1;SNRPD2;SNRPD3;SNRPE;SNRPF;SNRPG;SNRPN;SRRM2;SRRT;SRSF1;SRSF10;SRSF11;SRSF12;SRSF2;SRSF3;SRSF4;SRSF5;SRSF6;SRSF7;SRSF8;SRSF9;SUGP1;SYMPK;TCERG1;TRA2B;TUT1;U2AF1;U2AF1L4;U2AF2;U2SURP;UBA52;UBB;UBC;WDR33;XRN2;YBX1	S:CCAR1;CDC40;CHERP;CLP1;CPSF1;CPSF2;CPSF3;CPSF6;CSTF1;CSTF2;CSTF2T;CSTF3;DDX42;DDX46;DDX5;DHX15;DHX9;DNAJC8;FIP1L1;FUS;GTF2F1;GTF2F2;HNRNPA1;HNRNPA2B1;HNRNPA3;HNRNPC;HNRNPD;HNRNPH1;HNRNPH2;HNRNPK;HNRNPL;HNRNPM;HNRNPR;HNRNPU;HTATSF1;NCBP1;NCBP2;NUDT21;PABPN1;PAPOLA;PAPOLG;PCBP1;PCF11;POLR2B;POLR2G;POLR2K;POLR2L;PPP1CA;PPP1R10;PPP1R8;PRPF40A;RBBP6;RBM10;RBM17;RBM25;RBM39;RBM5;RBMX;RPS27A;SF3A1;SF3A3;SF3B1;SF3B2;SF3B3;SF3B5;SMNDC1;SNRNP70;SNRPA1;SNRPB2;SNRPD1;SNRPD2;SNRPD3;SNRPF;SRRM2;SRRT;SRSF1;SRSF10;SRSF11;SRSF2;SRSF3;SRSF4;SRSF5;SRSF7;SRSF8;SRSF9;SYMPK;TCERG1;TRA2B;U2AF1;U2SURP;UBC
S:REACTOME_RRNA_PROCESSING	D:195	S:BMS1;BOP1;BYSL;C1D;CSNK1D;CSNK1E;DCAF13;DDX21;DDX47;DDX49;DDX52;DHX37;DIS3;DKC1;EBNA1BP2;ELAC2;EMG1;ERI1;EXOSC1;EXOSC10;EXOSC2;EXOSC3;EXOSC4;EXOSC5;EXOSC6;EXOSC7;EXOSC8;EXOSC9;FASTKD2;FAU;FBL;FCF1;FTSJ3;GAR1;GNL3;HEATR1;HSD17B10;IMP3;IMP4;ISG20L2;KRR1;LAS1L;LTV1;MPHOSPH10;MPHOSPH6;MRM1;NAT10;NCL;NGRN;NHP2;NIP7;NOB1;NOC4L;NOL11;NOL12;NOL6;NOL9;NOP10;NOP14;NOP2;NOP56;NOP58;NSUN4;PDCD11;PELP1;PES1;PNO1;PWP2;RBM28;RCL1;RIOK1;RIOK2;RIOK3;RPL10;RPL10A;RPL10L;RPL11;RPL12;RPL13;RPL13A;RPL14;RPL15;RPL17;RPL18;RPL18A;RPL19;RPL21;RPL22;RPL22L1;RPL23;RPL23A;RPL24;RPL26;RPL26L1;RPL27;RPL27A;RPL28;RPL29;RPL3;RPL30;RPL31;RPL32;RPL34;RPL35;RPL35A;RPL36;RPL36A;RPL36AL;RPL37;RPL37A;RPL38;RPL39;RPL39L;RPL3L;RPL4;RPL41;RPL5;RPL6;RPL7;RPL7A;RPL8;RPL9;RPLP0;RPLP1;RPLP2;RPP14;RPP21;RPP25;RPP30;RPP38;RPP40;RPS10;RPS11;RPS12;RPS13;RPS14;RPS15;RPS15A;RPS16;RPS17;RPS18;RPS19;RPS2;RPS20;RPS21;RPS23;RPS24;RPS25;RPS26;RPS27;RPS27A;RPS27L;RPS28;RPS29;RPS3;RPS3A;RPS4X;RPS4Y1;RPS4Y2;RPS5;RPS6;RPS7;RPS8;RPS9;RPSA;RPUSD3;RPUSD4;RRP1;RRP36;RRP7A;RRP9;SENP3;TBL3;TEX10;TFB1M;THUMPD1;TRMT112;TRUB2;TSR1;UBA52;UTP14A;UTP14C;UTP15;UTP18;UTP20;UTP3;UTP6;WDR12;WDR18;WDR3;WDR36;WDR43;WDR46;WDR75;XRN2	S:BMS1;BYSL;C1D;CSNK1E;DCAF13;DDX21;DDX47;DDX52;DHX37;DIS3;DKC1;EBNA1BP2;ELAC2;EMG1;EXOSC1;EXOSC10;EXOSC2;EXOSC3;EXOSC4;EXOSC5;EXOSC7;EXOSC8;EXOSC9;FASTKD2;FBL;FCF1;FTSJ3;GAR1;GNL3;HEATR1;HSD17B10;IMP3;KRR1;LAS1L;LTV1;MPHOSPH10;MPHOSPH6;MRM1;NCL;NHP2;NIP7;NOB1;NOC4L;NOL11;NOL6;NOL9;NOP10;NOP14;NOP2;NOP56;NOP58;NSUN4;PDCD11;PES1;PWP2;RBM28;RCL1;RIOK1;RPL10;RPL10A;RPL10L;RPL12;RPL13;RPL13A;RPL14;RPL15;RPL18;RPL18A;RPL19;RPL22;RPL23A;RPL26;RPL27;RPL27A;RPL28;RPL29;RPL3;RPL30;RPL32;RPL35;RPL35A;RPL36;RPL36A;RPL36AL;RPL37;RPL37A;RPL38;RPL39L;RPL4;RPL5;RPL6;RPL7A;RPL8;RPLP0;RPLP1;RPLP2;RPP14;RPP30;RPP38;RPP40;RPS11;RPS13;RPS15;RPS16;RPS18;RPS19;RPS20;RPS21;RPS23;RPS25;RPS26;RPS27A;RPS27L;RPS28;RPS4X;RPS4Y1;RPS4Y2;RPS6;RPS8;RPUSD3;RPUSD4;RRP1;RRP36;RRP9;SENP3;TEX10;TFB1M;THUMPD1;TRMT112;TSR1;UTP14A;UTP14C;UTP15;UTP18;UTP20;UTP3;UTP6;WDR12;WDR3;WDR36;WDR43;WDR46;WDR75
S:REACTOME_ACTIVATION_OF_ATR_IN_RESPONSE_TO_REPLICATION_STRESS	D:36	S:ATR;ATRIP;CDC25A;CDC25C;CDC45;CDC6;CDC7;CDK2;CHEK1;CLSPN;DBF4;HUS1;MCM10;MCM2;MCM3;MCM4;MCM5;MCM6;MCM7;MCM8;ORC1;ORC2;ORC3;ORC4;ORC5;ORC6;RAD1;RAD17;RAD9A;RFC2;RFC3;RFC4;RFC5;RPA1;RPA2;RPA3	S:ATR;CDC25C;CDC45;CDC6;CDC7;CHEK1;CLSPN;HUS1;MCM10;MCM2;MCM3;MCM4;MCM5;MCM6;MCM7;MCM8;ORC1;ORC2;ORC3;ORC4;ORC5;ORC6;RAD1;RAD17;RFC3;RFC4;RFC5;RPA1;RPA2;RPA3
S:REACTOME_CONDENSATION_OF_PROPHASE_CHROMOSOMES	D:12	S:CCNB1;CDK1;MCPH1;NCAPD3;NCAPG2;NCAPH2;PHF8;PLK1;RB1;SET;SMC2;SMC4	S:CCNB1;CDK1;MCPH1;NCAPD3;NCAPG2;NCAPH2;PHF8;PLK1;RB1;SMC2;SMC4
S:REACTOME_G2_M_DNA_DAMAGE_CHECKPOINT	D:55	S:ATM;ATR;ATRIP;BABAM1;BARD1;BLM;BRCA1;BRCC3;BRIP1;CCNA1;CCNA2;CCNB1;CDC25C;CDK1;CHEK1;CHEK2;DNA2;EXO1;HERC2;HUS1;KAT5;MDC1;NBN;PIAS4;RAD1;RAD17;RAD50;RAD9A;RBBP8;RFC2;RFC3;RFC4;RFC5;RMI1;RNF168;RNF8;RPA1;RPA2;RPA3;SFN;TOP3A;TOPBP1;TP53;TP53BP1;UBE2N;UBE2V2;UIMC1;WEE1;WRN;YWHAB;YWHAE;YWHAG;YWHAH;YWHAQ;YWHAZ	S:ATM;ATR;BARD1;BLM;BRCA1;BRCC3;BRIP1;CCNA1;CCNA2;CCNB1;CDC25C;CDK1;CHEK1;CHEK2;DNA2;EXO1;HERC2;HUS1;KAT5;MDC1;NBN;RAD1;RAD17;RAD50;RBBP8;RFC3;RFC4;RFC5;RMI1;RNF168;RNF8;RPA1;RPA2;RPA3;TOPBP1;TP53;TP53BP1;UBE2N;UIMC1;WEE1;WRN;YWHAB;YWHAG;YWHAH;YWHAQ;YWHAZ
S:REACTOME_POLYMERASE_SWITCHING_ON_THE_C_STRAND_OF_THE_TELOMERE	D:24	S:ACD;CHTF18;CHTF8;CTC1;DSCC1;PCNA;POLA1;POLA2;POLD1;POLD2;POLD3;POLD4;POT1;PRIM1;PRIM2;RFC1;RFC2;RFC3;RFC4;RFC5;TERF1;TERF2;TERF2IP;TINF2	S:ACD;CHTF18;CHTF8;CTC1;DSCC1;PCNA;POLA1;POLA2;POLD1;POLD2;POLD3;POT1;PRIM1;PRIM2;RFC1;RFC3;RFC4;RFC5;TERF1;TERF2;TERF2IP;TINF2
S:REACTOME_TRANSCRIPTIONAL_REGULATION_BY_E2F6	D:34	S:APAF1;BMI1;BRCA1;CBX3;CBX5;CDC7;CHEK1;E2F1;E2F6;EED;EHMT1;EHMT2;EPC1;EZH2;L3MBTL2;MAX;MGA;PCGF2;PCGF6;PHC1;PHC3;RAD51;RBBP4;RBBP7;RBBP8;RING1;RNF2;RRM2;RYBP;SUZ12;TFDP1;TFDP2;UXT;YAF2	S:BMI1;BRCA1;CBX3;CBX5;CDC7;CHEK1;E2F1;E2F6;EED;EHMT1;EHMT2;EPC1;EZH2;L3MBTL2;MGA;PCGF2;PCGF6;PHC1;PHC3;RAD51;RBBP4;RBBP7;RBBP8;RING1;RNF2;RRM2;RYBP;SUZ12;TFDP2;UXT;YAF2
S:REACTOME_ACTIVATION_OF_THE_PRE_REPLICATIVE_COMPLEX	D:33	S:CDC45;CDC6;CDC7;CDK2;CDT1;DBF4;GMNN;MCM10;MCM2;MCM3;MCM4;MCM5;MCM6;MCM7;MCM8;ORC1;ORC2;ORC3;ORC4;ORC5;ORC6;POLA1;POLA2;POLE;POLE2;POLE3;POLE4;PRIM1;PRIM2;RPA1;RPA2;RPA3;RPA4	S:CDC45;CDC6;CDC7;GMNN;MCM10;MCM2;MCM3;MCM4;MCM5;MCM6;MCM7;MCM8;ORC1;ORC2;ORC3;ORC4;ORC5;ORC6;POLA1;POLA2;POLE;POLE3;PRIM1;PRIM2;RPA1;RPA2;RPA3
S:REACTOME_FCERI_MEDIATED_CA_2_MOBILIZATION	D:32	S:AHCYL1;BTK;CALM1;FCER1A;FCER1G;GRAP2;GRB2;IGLV6-57;ITK;ITPR1;ITPR2;ITPR3;LAT;LCP2;LYN;MS4A2;NFATC1;NFATC2;NFATC3;PLCG1;PLCG2;PPP3CA;PPP3CB;PPP3R1;SHC1;SOS1;SYK;TEC;TXK;VAV1;VAV2;VAV3	S:AHCYL1;CALM1;FCER1A;GRAP2;GRB2;IGLV6-57;ITK;ITPR1;ITPR2;ITPR3;LAT;LCP2;LYN;MS4A2;NFATC1;NFATC2;NFATC3;PLCG1;PLCG2;PPP3CA;PPP3CB;SHC1;SOS1;SYK;TEC;TXK;VAV1;VAV2;VAV3
S:REACTOME_ANCHORING_OF_THE_BASAL_BODY_TO_THE_PLASMA_MEMBRANE	D:87	S:ACTR1A;AHI1;AKAP9;ALMS1;B9D1;B9D2;C2CD3;CC2D2A;CCP110;CDK1;CDK5RAP2;CEP135;CEP152;CEP164;CEP192;CEP250;CEP290;CEP57;CEP63;CEP70;CEP72;CEP76;CEP89;CEP97;CETN2;CKAP5;CLASP1;CNTRL;CSNK1D;CSNK1E;DCTN1;DCTN2;DCTN3;DYNC1H1;DYNC1I2;DYNLL1;FBF1;HAUS1;HAUS2;HAUS3;HAUS4;HAUS5;HAUS6;HAUS7;HAUS8;HSP90AA1;IQCB1;KIF24;MAPRE1;MARK4;MKS1;NDE1;NEDD1;NEK2;NINL;NPHP1;NPHP4;ODF2;OFD1;PAFAH1B1;PCM1;PCNT;PLK1;PLK4;PPP2R1A;PRKACA;PRKAR2B;RAB11A;RAB3IP;RAB8A;RPGRIP1L;SCLT1;SDCCAG8;SFI1;SSNA1;TCTN1;TCTN2;TCTN3;TMEM216;TMEM67;TTBK2;TUBA1A;TUBA4A;TUBB;TUBG1;YWHAE;YWHAG	S:AHI1;AKAP9;ALMS1;B9D1;B9D2;C2CD3;CC2D2A;CCP110;CDK1;CEP135;CEP152;CEP192;CEP250;CEP290;CEP57;CEP63;CEP70;CEP72;CEP76;CEP89;CEP97;CETN2;CKAP5;CLASP1;CNTRL;CSNK1E;DCTN2;DYNC1H1;DYNLL1;FBF1;HAUS1;HAUS2;HAUS3;HAUS5;HAUS6;HAUS8;HSP90AA1;IQCB1;KIF24;MAPRE1;MARK4;MKS1;NDE1;NEDD1;NINL;NPHP1;NPHP4;ODF2;OFD1;PAFAH1B1;PCM1;PCNT;PLK1;PLK4;PRKAR2B;RAB3IP;RPGRIP1L;SCLT1;SFI1;TCTN1;TCTN2;TCTN3;TMEM216;TMEM67;TTBK2;TUBA4A;TUBB;TUBG1;YWHAG
S:REACTOME_REGULATION_OF_MECP2_EXPRESSION_AND_ACTIVITY	D:27	S:AURKB;CALM1;CAMK2A;CAMK2B;CAMK2D;CAMK2G;CAMK4;CREB1;FOXG1;GPS2;HDAC1;HDAC2;HDAC3;HIPK2;HTT;LBR;MECP2;MOV10;NCOR1;NCOR2;PRKACA;SIN3A;TBL1X;TBL1XR1;TNRC6A;TNRC6B;TNRC6C	S:AURKB;CALM1;CAMK2A;CAMK2B;CAMK2D;CAMK2G;CAMK4;CREB1;FOXG1;HDAC1;HDAC2;HDAC3;HIPK2;HTT;LBR;MECP2;MOV10;NCOR1;NCOR2;SIN3A;TBL1XR1;TNRC6A;TNRC6B;TNRC6C
S:REACTOME_SUMOYLATION_OF_TRANSCRIPTION_COFACTORS	D:43	S:BMI1;CASP8AP2;CBX2;CBX4;CBX8;CREBBP;CTBP1;DAXX;DDX17;DDX5;EP300;HIPK2;ING2;MBD1;NCOA1;NCOA2;NCOR2;NPM1;NRIP1;PARK7;PCGF2;PHC1;PHC2;PHC3;PIAS1;PIAS2;PIAS3;PIAS4;PPARGC1A;RING1;RNF2;SAFB;SCMH1;SIN3A;SUMO1;SUMO2;SUMO3;TOPORS;TRIM28;UBE2I;UHRF2;ZNF131;ZNF350	S:BMI1;CASP8AP2;CBX2;CBX4;CREBBP;DAXX;DDX5;EP300;HIPK2;ING2;MBD1;NCOA1;NCOA2;NCOR2;NPM1;NRIP1;PARK7;PCGF2;PHC1;PHC2;PHC3;PIAS1;PIAS2;PIAS3;PPARGC1A;RING1;RNF2;SCMH1;SIN3A;SUMO2;TOPORS;UBE2I;UHRF2;ZNF131;ZNF350
S:REACTOME_EPIGENETIC_REGULATION_OF_GENE_EXPRESSION	D:237	S:ABL1;ACSL1;ACSS3;ACTB;ACTL6A;ADIPOQ;AEBP2;AGPAT2;AKAP8L;ANGPTL4;ARID1A;ARID1B;ARID4B;ASH2L;ATF7IP;BAZ1B;BAZ2A;BCL7A;BCL7B;BCL7C;BOD1;CBX3;CBX5;CCNC;CCNH;CD36;CDK5;CDK7;CDK8;CEBPA;CHD3;CHD4;CIDEC;CREBBP;CXXC1;DDX21;DEK;DGAT2;DNMT1;DNMT3A;DNMT3B;DNMT3L;DPF1;DPF2;DPF3;DPY30;DR1;EED;EHMT1;EHMT2;ELOVL5;EP300;ERCC2;ERCC3;ERCC6;EZH1;EZH2;FABP4;GATAD2A;GATAD2B;GPAM;GPS2;GSK3B;GTF2H1;GTF2H3;GTF2H4;GTF2H5;HCFC1;HCFC2;HDAC1;HDAC2;HDAC3;JARID2;KAT2A;KAT2B;KDM6A;LIPE;LPIN1;LPL;MBD2;MBD3;MBIP;MCRS1;MED1;MED10;MED12;MED13;MED14;MED16;MED17;MED20;MED23;MED24;MED27;MED30;MED31;MED4;MED6;MED7;MEN1;MGLL;MNAT1;MORC2;MPHOSPH8;MTA1;MTA2;MTA3;MTF2;MYBBP1A;MYO1C;NCOA1;NCOA2;NCOA3;NCOA6;NCOR1;NCOR2;NR5A2;OGT;PAXIP1;PDK4;PEX11A;PHF1;PHF19;PHF20;PHF20L1;PHLDA1;PIWIL4;PLIN1;PLIN2;PLIN4;PNPLA2;POLR1A;POLR1B;POLR1C;POLR1D;POLR1E;POLR2E;POLR2F;POLR2H;POLR2K;POLR2L;PPARG;PPARGC1A;PPARGC1B;PPHLN1;PSIP1;RB1;RBBP4;RBBP5;RBBP7;RBM7;RRP8;RXRA;SAP130;SAP18;SAP30;SAP30BP;SAP30L;SCD;SCD5;SETD1A;SETD1B;SETDB1;SF3B1;SIN3A;SIN3B;SIRT1;SMARCA2;SMARCA4;SMARCA5;SMARCB1;SMARCC1;SMARCC2;SMARCD1;SMARCD2;SMARCD3;SMARCE1;SPOCD1;SS18;SS18L1;SUDS3;SUMO2;SUV39H1;SUZ12;TADA2A;TADA3;TAF1A;TAF1B;TAF1C;TAF1D;TASP1;TBL1X;TBL1XR1;TBP;TDG;TET1;TET2;TET3;THRSP;TRIM28;TTF1;UBE2I;UBTF;UHRF1;WDR5;WDR82;YEATS2;ZCCHC8;ZNF136;ZNF141;ZNF224;ZNF257;ZNF264;ZNF273;ZNF28;ZNF30;ZNF317;ZNF320;ZNF324;ZNF331;ZNF33A;ZNF354A;ZNF382;ZNF418;ZNF425;ZNF454;ZNF519;ZNF547;ZNF610;ZNF649;ZNF669;ZNF680;ZNF708;ZNF765;ZNF778;ZNF93;ZZZ3	S:ABL1;ACTB;ACTL6A;ADIPOQ;AEBP2;AKAP8L;ANGPTL4;ARID1A;ARID4B;ASH2L;ATF7IP;BAZ1B;BAZ2A;BCL7A;BOD1;CBX3;CBX5;CCNH;CDK7;CDK8;CHD4;CREBBP;DDX21;DEK;DNMT1;DNMT3A;DNMT3B;DPF2;DPF3;DPY30;DR1;EED;EHMT1;EHMT2;EP300;ERCC3;ERCC6;EZH2;GATAD2A;GATAD2B;GPAM;GSK3B;GTF2H1;GTF2H3;GTF2H4;GTF2H5;HCFC2;HDAC1;HDAC2;HDAC3;JARID2;KAT2A;KDM6A;LIPE;LPIN1;LPL;MBD2;MBIP;MED1;MED10;MED12;MED13;MED17;MED20;MED23;MED30;MED31;MED4;MED6;MED7;MEN1;MGLL;MNAT1;MORC2;MPHOSPH8;MTA3;MTF2;MYBBP1A;MYO1C;NCOA1;NCOA2;NCOA3;NCOA6;NCOR1;NCOR2;PAXIP1;PDK4;PEX11A;PHF1;PHF19;PHF20;PHF20L1;PHLDA1;PLIN2;POLR1B;POLR1C;POLR1E;POLR2K;POLR2L;PPARG;PPARGC1A;PPARGC1B;PPHLN1;PSIP1;RB1;RBBP4;RBBP5;RBBP7;RBM7;RRP8;SAP130;SAP18;SCD;SCD5;SETD1B;SETDB1;SF3B1;SIN3A;SIRT1;SMARCA2;SMARCA4;SMARCA5;SMARCC1;SMARCC2;SMARCD1;SMARCE1;SPOCD1;SS18;SS18L1;SUMO2;SUV39H1;SUZ12;TADA2A;TAF1A;TAF1B;TAF1C;TAF1D;TASP1;TBL1XR1;TBP;TDG;TET1;THRSP;TTF1;UBE2I;UBTF;WDR5;WDR82;ZCCHC8;ZNF136;ZNF224;ZNF257;ZNF264;ZNF28;ZNF30;ZNF317;ZNF331;ZNF33A;ZNF354A;ZNF382;ZNF425;ZNF519;ZNF547;ZNF610;ZNF649;ZNF669;ZNF680;ZNF765;ZNF778;ZZZ3
S:REACTOME_PRC2_METHYLATES_HISTONES_AND_DNA	D:14	S:AEBP2;DNMT1;DNMT3A;DNMT3B;EED;EZH1;EZH2;JARID2;MTF2;PHF1;PHF19;RBBP4;RBBP7;SUZ12	S:AEBP2;DNMT1;DNMT3A;DNMT3B;EED;EZH2;JARID2;MTF2;PHF1;PHF19;RBBP4;RBBP7;SUZ12
S:REACTOME_TRNA_AMINOACYLATION	D:24	S:AARS2;AIMP1;AIMP2;CARS2;DARS2;EARS2;EEF1E1;FARS2;FARSA;FARSB;HARS2;IARS2;LARS2;MARS2;NARS2;PARS2;PPA1;PPA2;RARS2;SARS2;TARS2;VARS2;WARS2;YARS2	S:AARS2;AIMP1;AIMP2;CARS2;DARS2;EARS2;EEF1E1;FARS2;FARSB;HARS2;IARS2;LARS2;MARS2;NARS2;PARS2;PPA1;PPA2;RARS2;SARS2;TARS2;VARS2;WARS2;YARS2
S:REACTOME_LAGGING_STRAND_SYNTHESIS	D:20	S:DNA2;FEN1;LIG1;PCNA;POLA1;POLA2;POLD1;POLD2;POLD3;POLD4;PRIM1;PRIM2;RFC1;RFC2;RFC3;RFC4;RFC5;RPA1;RPA2;RPA3	S:DNA2;FEN1;LIG1;PCNA;POLA1;POLA2;POLD1;POLD2;POLD3;PRIM1;PRIM2;RFC1;RFC3;RFC4;RFC5;RPA1;RPA2;RPA3
S:REACTOME_TELOMERE_MAINTENANCE	D:63	S:ACD;ANKRD28;ATRX;BLM;CCNA1;CCNA2;CDK2;CHTF18;CHTF8;CTC1;DAXX;DKC1;DNA2;DSCC1;FEN1;GAR1;LIG1;NHP2;NOP10;PCNA;PIF1;POLA1;POLA2;POLD1;POLD2;POLD3;POLD4;POLR2A;POLR2B;POLR2C;POLR2D;POLR2E;POLR2F;POLR2G;POLR2H;POLR2I;POLR2J;POLR2K;POLR2L;POT1;PPP6C;PPP6R3;PRIM1;PRIM2;RFC1;RFC2;RFC3;RFC4;RFC5;RPA1;RPA2;RPA3;RTEL1;RUVBL1;RUVBL2;SHQ1;TERF1;TERF2;TERF2IP;TERT;TINF2;WRAP53;WRN	S:ACD;ANKRD28;ATRX;BLM;CCNA1;CCNA2;CHTF18;CHTF8;CTC1;DAXX;DKC1;DNA2;DSCC1;FEN1;GAR1;LIG1;NHP2;NOP10;PCNA;PIF1;POLA1;POLA2;POLD1;POLD2;POLD3;POLR2B;POLR2G;POLR2K;POLR2L;POT1;PPP6C;PPP6R3;PRIM1;PRIM2;RFC1;RFC3;RFC4;RFC5;RPA1;RPA2;RPA3;RTEL1;RUVBL1;SHQ1;TERF1;TERF2;TERF2IP;TINF2;WRAP53;WRN
S:REACTOME_ORGANELLE_BIOGENESIS_AND_MAINTENANCE	D:244	S:ACSS2;ACTR1A;AHI1;AKAP9;ALAS1;ALMS1;APOO;APOOL;ARF4;ARL13B;ARL3;ARL6;ASAP1;ATAT1;ATF2;B9D1;B9D2;BBIP1;BBS1;BBS10;BBS12;BBS2;BBS4;BBS5;BBS7;BBS9;C2CD3;CALM1;CAMK4;CC2D2A;CCP110;CCT2;CCT3;CCT4;CCT5;CCT8;CDK1;CDK5RAP2;CEP135;CEP152;CEP164;CEP192;CEP250;CEP290;CEP57;CEP63;CEP70;CEP72;CEP76;CEP89;CEP97;CETN2;CHCHD3;CHCHD6;CHD9;CKAP5;CLASP1;CLUAP1;CNGA4;CNGB1;CNTRL;CREB1;CREBBP;CRTC1;CRTC2;CRTC3;CSNK1D;CSNK1E;CYCS;DCTN1;DCTN2;DCTN3;DNAJC11;DYNC1H1;DYNC1I2;DYNC2H1;DYNC2LI1;DYNLL1;DYNLL2;DYNLRB1;DYNLRB2;ESRRA;EXOC1;EXOC2;EXOC3;EXOC4;EXOC5;EXOC6;EXOC7;EXOC8;FBF1;GABPA;GABPB1;GBF1;GLUD1;GLUD2;HAUS1;HAUS2;HAUS3;HAUS4;HAUS5;HAUS6;HAUS7;HAUS8;HCFC1;HDAC3;HDAC6;HSP90AA1;HSPA9;IDH2;IFT122;IFT140;IFT172;IFT20;IFT27;IFT46;IFT52;IFT57;IFT74;IFT80;IFT81;IFT88;IMMT;INPP5E;IQCB1;KIF17;KIF24;KIF3A;KIF3B;KIF3C;KIFAP3;LZTFL1;MAPK11;MAPK12;MAPK14;MAPRE1;MARK4;MCHR1;MED1;MEF2C;MEF2D;MKKS;MKS1;MTX1;MTX2;NCOA1;NCOA2;NCOA6;NCOR1;NDE1;NEDD1;NEK2;NINL;NPHP1;NPHP3;NPHP4;NR1D1;NRF1;ODF2;OFD1;PAFAH1B1;PCM1;PCNT;PDE6D;PKD1;PKD2;PLK1;PLK4;POLG2;POLRMT;PPARA;PPARGC1A;PPARGC1B;PPP2R1A;PPRC1;PRKAA2;PRKAB1;PRKAB2;PRKACA;PRKAG1;PRKAG2;PRKAG3;PRKAR2B;RAB11A;RAB11FIP3;RAB3IP;RAB8A;RHO;RP2;RPGRIP1L;RXRA;SAMM50;SCLT1;SDCCAG8;SFI1;SIRT3;SIRT4;SIRT5;SMARCD3;SMO;SOD2;SSBP1;SSNA1;SSTR3;TBL1X;TBL1XR1;TCP1;TCTN1;TCTN2;TCTN3;TFAM;TFB1M;TFB2M;TGS1;TMEM11;TMEM216;TMEM67;TNPO1;TRAF3IP1;TRIP11;TTBK2;TTC21B;TTC8;TUBA1A;TUBA1B;TUBA1C;TUBA3C;TUBA3D;TUBA4A;TUBA8;TUBAL3;TUBB;TUBB1;TUBB2A;TUBB2B;TUBB3;TUBB6;TUBB8;TUBG1;UNC119B;WDR19;WDR35;YWHAE;YWHAG	S:AHI1;AKAP9;ALMS1;APOO;APOOL;ARF4;ARL13B;ARL6;ATAT1;ATF2;B9D1;B9D2;BBIP1;BBS1;BBS10;BBS12;BBS2;BBS4;BBS5;BBS7;BBS9;C2CD3;CALM1;CAMK4;CC2D2A;CCP110;CCT2;CCT3;CCT4;CCT5;CCT8;CDK1;CEP135;CEP152;CEP192;CEP250;CEP290;CEP57;CEP63;CEP70;CEP72;CEP76;CEP89;CEP97;CETN2;CHCHD3;CHD9;CKAP5;CLASP1;CLUAP1;CNGA4;CNGB1;CNTRL;CREB1;CREBBP;CRTC1;CRTC3;CSNK1E;CYCS;DCTN2;DNAJC11;DYNC1H1;DYNC2H1;DYNC2LI1;DYNLL1;DYNLRB2;ESRRA;EXOC1;EXOC2;EXOC4;EXOC5;EXOC8;FBF1;GABPA;GABPB1;GBF1;GLUD1;GLUD2;HAUS1;HAUS2;HAUS3;HAUS5;HAUS6;HAUS8;HDAC3;HSP90AA1;HSPA9;IFT46;IFT57;IFT74;IFT80;IFT81;IFT88;IMMT;INPP5E;IQCB1;KIF24;KIF3A;KIF3B;KIF3C;KIFAP3;LZTFL1;MAPRE1;MARK4;MED1;MEF2C;MKS1;MTX2;NCOA1;NCOA2;NCOA6;NCOR1;NDE1;NEDD1;NINL;NPHP1;NPHP3;NPHP4;NR1D1;NRF1;ODF2;OFD1;PAFAH1B1;PCM1;PCNT;PDE6D;PKD2;PLK1;PLK4;POLG2;POLRMT;PPARA;PPARGC1A;PPARGC1B;PPRC1;PRKAB1;PRKAB2;PRKAG2;PRKAR2B;RAB11FIP3;RAB3IP;RP2;RPGRIP1L;SAMM50;SCLT1;SFI1;SIRT4;SIRT5;SOD2;SSBP1;TBL1XR1;TCP1;TCTN1;TCTN2;TCTN3;TFAM;TFB1M;TFB2M;TGS1;TMEM216;TMEM67;TNPO1;TRAF3IP1;TRIP11;TTBK2;TTC21B;TTC8;TUBA1B;TUBA3C;TUBA4A;TUBB;TUBB1;TUBG1;UNC119B;WDR19;WDR35;YWHAG
S:REACTOME_MITOCHONDRIAL_TRNA_AMINOACYLATION	D:18	S:AARS2;CARS2;DARS2;EARS2;FARS2;HARS2;IARS2;LARS2;MARS2;NARS2;PARS2;PPA2;RARS2;SARS2;TARS2;VARS2;WARS2;YARS2	S:AARS2;CARS2;DARS2;EARS2;FARS2;HARS2;IARS2;LARS2;MARS2;NARS2;PARS2;PPA2;RARS2;SARS2;TARS2;VARS2;WARS2;YARS2
S:REACTOME_CHROMATIN_ORGANIZATION	D:187	S:ACTB;ACTL6A;ACTL6B;AEBP2;ARID1A;ARID1B;ARID2;ARID4A;ARID4B;ARID5B;ASH1L;ASH2L;ATF2;ATF7IP;ATXN7;ATXN7L3;BCL11A;BCL11B;BCL7A;BCL7B;BCL7C;BRD1;BRD7;BRD8;BRD9;BRMS1;BRPF1;BRPF3;BRWD1;CCND1;CDK4;CHD3;CHD4;CLOCK;CREBBP;DMAP1;DNMT3A;DOT1L;DPF1;DPF2;DPF3;DPY30;DR1;EED;EHMT1;EHMT2;ELP2;ELP3;ELP4;ENY2;EP300;EP400;EPC1;EZH2;GATAD2A;GATAD2B;GPS2;HAT1;HCFC1;HDAC1;HDAC10;HDAC2;HDAC3;HDAC8;HMG20B;ING3;ING4;ING5;JAK2;JMJD6;KAT2A;KAT2B;KAT5;KDM1A;KDM1B;KDM2A;KDM2B;KDM3A;KDM3B;KDM4A;KDM4C;KDM4D;KDM5A;KDM5B;KDM5C;KDM5D;KDM6A;KDM6B;MBD3;MBIP;MCRS1;MEAF6;MECOM;MORF4L1;MORF4L2;MSL1;MSL2;MSL3;MTA1;MTA2;MTA3;NCOA1;NCOA2;NCOR1;NCOR2;NFKB1;NFKB2;NSD1;OGT;PADI1;PADI2;PADI3;PADI4;PAX3;PBRM1;PHF10;PHF2;PHF20;PHF21A;PHF8;PRDM16;PRDM9;PRMT1;PRMT3;PRMT5;PRMT6;PRMT7;RBBP4;RBBP5;RBBP7;RCOR1;RELA;REST;RPS2;RUVBL1;RUVBL2;SAP130;SAP18;SAP30;SAP30L;SETD1A;SETD1B;SETD2;SETD3;SETD6;SETD7;SETDB1;SETDB2;SMARCA2;SMARCA4;SMARCB1;SMARCC1;SMARCC2;SMARCD1;SMARCD2;SMARCD3;SMARCE1;SMYD2;SMYD3;SS18;SS18L1;SUDS3;SUPT3H;SUPT7L;SUV39H1;SUV39H2;SUZ12;TADA1;TADA2A;TADA2B;TADA3;TAF10;TAF12;TAF5L;TAF6L;TAF9;TBL1X;TBL1XR1;TRRAP;USP22;UTY;VPS72;WDR5;WDR77;YEATS2;YEATS4;ZZZ3	S:ACTB;ACTL6A;AEBP2;ARID1A;ARID2;ARID4A;ARID4B;ARID5B;ASH1L;ASH2L;ATF2;ATF7IP;ATXN7;BCL11A;BCL7A;BRD1;BRD7;BRD8;BRPF1;BRPF3;BRWD1;CCND1;CDK4;CHD4;CLOCK;CREBBP;DMAP1;DNMT3A;DPF2;DPF3;DPY30;DR1;EED;EHMT1;EHMT2;ELP2;ELP3;ELP4;ENY2;EP300;EP400;EPC1;EZH2;GATAD2A;GATAD2B;HDAC1;HDAC2;HDAC3;HDAC8;ING3;ING5;KAT2A;KAT5;KDM1B;KDM2B;KDM3A;KDM3B;KDM4A;KDM4C;KDM4D;KDM5A;KDM5B;KDM6A;MBIP;MEAF6;MORF4L1;MORF4L2;MSL2;MTA3;NCOA1;NCOA2;NCOR1;NCOR2;NFKB1;NSD1;PADI1;PADI3;PADI4;PBRM1;PHF10;PHF2;PHF20;PHF8;PRDM16;PRDM9;PRMT1;PRMT6;PRMT7;RBBP4;RBBP5;RBBP7;RCOR1;RELA;REST;RUVBL1;SAP130;SAP18;SETD1B;SETD2;SETD6;SETDB1;SETDB2;SMARCA2;SMARCA4;SMARCC1;SMARCC2;SMARCD1;SMARCE1;SMYD2;SMYD3;SS18;SS18L1;SUPT3H;SUPT7L;SUV39H1;SUZ12;TADA1;TADA2A;TADA2B;TAF12;TAF5L;TAF6L;TAF9;TBL1XR1;TRRAP;UTY;WDR5;WDR77;YEATS4;ZZZ3
S:REACTOME_CILIUM_ASSEMBLY	D:176	S:ACTR1A;AHI1;AKAP9;ALMS1;ARF4;ARL13B;ARL3;ARL6;ASAP1;ATAT1;B9D1;B9D2;BBIP1;BBS1;BBS10;BBS12;BBS2;BBS4;BBS5;BBS7;BBS9;C2CD3;CC2D2A;CCP110;CCT2;CCT3;CCT4;CCT5;CCT8;CDK1;CDK5RAP2;CEP135;CEP152;CEP164;CEP192;CEP250;CEP290;CEP57;CEP63;CEP70;CEP72;CEP76;CEP89;CEP97;CETN2;CKAP5;CLASP1;CLUAP1;CNGA4;CNGB1;CNTRL;CSNK1D;CSNK1E;DCTN1;DCTN2;DCTN3;DYNC1H1;DYNC1I2;DYNC2H1;DYNC2LI1;DYNLL1;DYNLL2;DYNLRB1;DYNLRB2;EXOC1;EXOC2;EXOC3;EXOC4;EXOC5;EXOC6;EXOC7;EXOC8;FBF1;GBF1;HAUS1;HAUS2;HAUS3;HAUS4;HAUS5;HAUS6;HAUS7;HAUS8;HDAC6;HSP90AA1;IFT122;IFT140;IFT172;IFT20;IFT27;IFT46;IFT52;IFT57;IFT74;IFT80;IFT81;IFT88;INPP5E;IQCB1;KIF17;KIF24;KIF3A;KIF3B;KIF3C;KIFAP3;LZTFL1;MAPRE1;MARK4;MCHR1;MKKS;MKS1;NDE1;NEDD1;NEK2;NINL;NPHP1;NPHP3;NPHP4;ODF2;OFD1;PAFAH1B1;PCM1;PCNT;PDE6D;PKD1;PKD2;PLK1;PLK4;PPP2R1A;PRKACA;PRKAR2B;RAB11A;RAB11FIP3;RAB3IP;RAB8A;RHO;RP2;RPGRIP1L;SCLT1;SDCCAG8;SFI1;SMO;SSNA1;SSTR3;TCP1;TCTN1;TCTN2;TCTN3;TMEM216;TMEM67;TNPO1;TRAF3IP1;TRIP11;TTBK2;TTC21B;TTC8;TUBA1A;TUBA1B;TUBA1C;TUBA3C;TUBA3D;TUBA4A;TUBA8;TUBAL3;TUBB;TUBB1;TUBB2A;TUBB2B;TUBB3;TUBB6;TUBB8;TUBG1;UNC119B;WDR19;WDR35;YWHAE;YWHAG	S:AHI1;AKAP9;ALMS1;ARF4;ARL13B;ARL6;ATAT1;B9D1;B9D2;BBIP1;BBS1;BBS10;BBS12;BBS2;BBS4;BBS5;BBS7;BBS9;C2CD3;CC2D2A;CCP110;CCT2;CCT3;CCT4;CCT5;CCT8;CDK1;CEP135;CEP152;CEP192;CEP250;CEP290;CEP57;CEP63;CEP70;CEP72;CEP76;CEP89;CEP97;CETN2;CKAP5;CLASP1;CLUAP1;CNGA4;CNGB1;CNTRL;CSNK1E;DCTN2;DYNC1H1;DYNC2H1;DYNC2LI1;DYNLL1;DYNLRB2;EXOC1;EXOC2;EXOC4;EXOC5;EXOC8;FBF1;GBF1;HAUS1;HAUS2;HAUS3;HAUS5;HAUS6;HAUS8;HSP90AA1;IFT46;IFT57;IFT74;IFT80;IFT81;IFT88;INPP5E;IQCB1;KIF24;KIF3A;KIF3B;KIF3C;KIFAP3;LZTFL1;MAPRE1;MARK4;MKS1;NDE1;NEDD1;NINL;NPHP1;NPHP3;NPHP4;ODF2;OFD1;PAFAH1B1;PCM1;PCNT;PDE6D;PKD2;PLK1;PLK4;PRKAR2B;RAB11FIP3;RAB3IP;RP2;RPGRIP1L;SCLT1;SFI1;TCP1;TCTN1;TCTN2;TCTN3;TMEM216;TMEM67;TNPO1;TRAF3IP1;TRIP11;TTBK2;TTC21B;TTC8;TUBA1B;TUBA3C;TUBA4A;TUBB;TUBB1;TUBG1;UNC119B;WDR19;WDR35;YWHAG
S:REACTOME_DEVELOPMENTAL_LINEAGE_OF_PANCREATIC_DUCTAL_CELLS	D:47	S:ANXA1;ANXA2;ANXA3;AQP1;CA2;CD74;CFTR;CLDN10;COL11A1;COL11A2;COL1A1;COL1A2;COL24A1;COL27A1;COL2A1;COL3A1;COL5A1;COL5A2;COL5A3;FN1;FOXA2;GATA4;HNF1B;KRT17;KRT19;KRT23;KRT7;LAMA1;LAMA2;LAMA3;LAMA4;LAMA5;LAMB1;LAMB2;LAMB3;LAMC1;LAMC2;LAMC3;NKX6-1;ONECUT1;PDX1;PROM1;SLC4A4;SOX9;TFPI2;VTN;YAP1	S:ANXA2;ANXA3;AQP1;CA2;CD74;CFTR;COL11A1;COL1A1;COL24A1;COL27A1;COL2A1;COL3A1;FN1;FOXA2;GATA4;HNF1B;KRT17;KRT19;LAMA1;LAMA3;LAMA4;LAMA5;LAMB2;LAMC2;LAMC3;ONECUT1;PDX1;SOX9;TFPI2;VTN
S:REACTOME_PROCESSIVE_SYNTHESIS_ON_THE_LAGGING_STRAND	D:15	S:DNA2;FEN1;LIG1;PCNA;POLA1;POLA2;POLD1;POLD2;POLD3;POLD4;PRIM1;PRIM2;RPA1;RPA2;RPA3	S:DNA2;FEN1;LIG1;PCNA;POLA1;POLA2;POLD1;POLD2;POLD3;PRIM1;PRIM2;RPA1;RPA2;RPA3
S:REACTOME_RUNX1_INTERACTS_WITH_CO_FACTORS_WHOSE_PRECISE_EFFECT_ON_RUNX1_TARGETS_IS_NOT_KNOWN	D:37	S:ACTL6A;ACTL6B;ARID1A;ARID1B;ARID2;AUTS2;BMI1;CBFB;CBX2;CBX4;CBX6;CBX8;CSNK2A1;CSNK2A2;CSNK2B;EP300;HIPK2;PBRM1;PCGF5;PHC1;PHC2;PHC3;RING1;RNF2;RUNX1;RYBP;SCMH1;SMARCA2;SMARCA4;SMARCB1;SMARCC1;SMARCC2;SMARCD1;SMARCD2;SMARCD3;SMARCE1;YAF2	S:ACTL6A;ARID1A;ARID2;AUTS2;BMI1;CBFB;CBX2;CBX4;CBX6;CSNK2A1;CSNK2B;EP300;HIPK2;PBRM1;PCGF5;PHC1;PHC2;PHC3;RING1;RNF2;RUNX1;RYBP;SCMH1;SMARCA2;SMARCA4;SMARCC1;SMARCC2;SMARCD1;SMARCE1;YAF2
S:REACTOME_G_PROTEIN_ACTIVATION	D:24	S:GNA11;GNA14;GNA15;GNAQ;GNB1;GNB2;GNB3;GNB4;GNB5;GNG10;GNG11;GNG12;GNG13;GNG2;GNG3;GNG4;GNG5;GNG7;GNG8;GNGT1;GNGT2;OPRM1;PDYN;POMC	S:GNA11;GNA14;GNA15;GNAQ;GNB2;GNB4;GNG10;GNG11;GNG12;GNG13;GNG4;GNGT1;GNGT2;OPRM1;PDYN;POMC
S:REACTOME_S_PHASE	D:147	S:ADRM1;AKT1;AKT2;AKT3;ANAPC1;ANAPC10;ANAPC11;ANAPC16;ANAPC2;ANAPC4;ANAPC5;ANAPC7;CABLES1;CCNA1;CCNA2;CCND1;CCNE1;CCNE2;CCNH;CDC16;CDC23;CDC25A;CDC25B;CDC26;CDC27;CDC45;CDC6;CDCA5;CDK2;CDK4;CDK7;CDKN1A;CDKN1B;CDT1;CKS1B;CUL1;DNA2;E2F1;E2F4;E2F5;ESCO1;ESCO2;FEN1;FZR1;GINS1;GINS2;GINS3;GINS4;GMNN;GSK3B;LIG1;LIN37;LIN52;LIN54;LIN9;MAX;MCM2;MCM3;MCM4;MCM5;MCM6;MCM7;MCM8;MNAT1;MYC;ORC1;ORC2;ORC3;ORC4;ORC5;ORC6;PCNA;PDS5A;PDS5B;POLA1;POLA2;POLD1;POLD2;POLD3;POLD4;POLE;POLE2;POLE3;POLE4;PRIM1;PRIM2;PSMA1;PSMA2;PSMA3;PSMA4;PSMA5;PSMA6;PSMA7;PSMB1;PSMB2;PSMB3;PSMB4;PSMB5;PSMB6;PSMB7;PSMC1;PSMC2;PSMC3;PSMC4;PSMC5;PSMC6;PSMD1;PSMD11;PSMD12;PSMD13;PSMD14;PSMD2;PSMD3;PSMD6;PSMD7;PSMD8;PTK6;RAD21;RB1;RBBP4;RBL2;RBX1;RFC1;RFC2;RFC3;RFC4;RFC5;RPA1;RPA2;RPA3;RPS27A;SKP1;SKP2;SMC1A;SMC3;STAG1;STAG2;TFDP1;TFDP2;UBA52;UBB;UBC;UBE2C;UBE2D1;UBE2E1;UBE2S;WEE1	S:AKT2;AKT3;ANAPC1;ANAPC10;ANAPC11;ANAPC16;ANAPC4;ANAPC5;ANAPC7;CABLES1;CCNA1;CCNA2;CCND1;CCNE1;CCNE2;CCNH;CDC23;CDC25B;CDC26;CDC27;CDC45;CDC6;CDCA5;CDK4;CDK7;CDKN1B;CUL1;DNA2;E2F1;E2F5;ESCO1;ESCO2;FEN1;GINS2;GINS3;GINS4;GMNN;GSK3B;LIG1;LIN37;LIN52;MCM2;MCM3;MCM4;MCM5;MCM6;MCM7;MCM8;MNAT1;MYC;ORC1;ORC2;ORC3;ORC4;ORC5;ORC6;PCNA;PDS5A;PDS5B;POLA1;POLA2;POLD1;POLD2;POLD3;POLE;POLE3;PRIM1;PRIM2;PSMA1;PSMA3;PSMA4;PSMA5;PSMA6;PSMA7;PSMB1;PSMB2;PSMB3;PSMB4;PSMC5;PSMC6;PSMD1;PSMD11;PSMD12;PSMD14;PSMD2;PSMD3;PSMD6;PSMD7;RAD21;RB1;RBBP4;RBL2;RFC1;RFC3;RFC4;RFC5;RPA1;RPA2;RPA3;RPS27A;SKP2;SMC1A;SMC3;STAG1;STAG2;TFDP2;UBC;UBE2E1;WEE1
S:REACTOME_REGULATION_OF_TP53_ACTIVITY	D:153	S:AKT1;AKT2;AKT3;ATM;ATR;ATRIP;AURKA;AURKB;BANP;BARD1;BLM;BRCA1;BRD1;BRD7;BRIP1;BRPF1;BRPF3;CCNA1;CCNA2;CCNG1;CDK1;CDK2;CDK5;CDK5R1;CDKN2A;CHD3;CHD4;CHEK1;CHEK2;CSNK2A1;CSNK2A2;CSNK2B;DAXX;DNA2;DYRK2;EHMT1;EHMT2;EP300;EXO1;GATAD2A;GATAD2B;HDAC1;HDAC2;HIPK1;HIPK2;HUS1;ING2;ING5;JMY;KAT5;L3MBTL1;MAP2K6;MAPK11;MAPK14;MAPKAP1;MAPKAPK5;MBD3;MDM2;MDM4;MEAF6;MLST8;MTA2;MTOR;NBN;NOC2L;NUAK1;PDPK1;PHF20;PIN1;PIP4K2A;PIP4K2B;PIP4K2C;PLK3;PML;POU4F1;POU4F2;PPP1R13B;PPP1R13L;PPP2CA;PPP2CB;PPP2R1A;PPP2R1B;PPP2R5C;PRDM1;PRKAA1;PRKAA2;PRKAB1;PRKAB2;PRKAG1;PRKAG2;PRKAG3;PRMT5;PRR5;RAD1;RAD17;RAD50;RAD9A;RBBP4;RBBP7;RBBP8;RFC2;RFC3;RFC4;RFC5;RFFL;RICTOR;RMI1;RNF34;RPA1;RPA2;RPA3;RPS27A;SGK1;SMYD2;SSRP1;STK11;SUPT16H;TAF1;TAF10;TAF11;TAF12;TAF13;TAF15;TAF1L;TAF2;TAF3;TAF4;TAF4B;TAF5;TAF6;TAF7;TAF7L;TAF8;TAF9;TAF9B;TBP;TOP3A;TOPBP1;TP53;TP53BP2;TP53INP1;TP53RK;TP63;TP73;TPX2;TTC5;UBA52;UBB;UBC;USP2;USP7;WRN;ZNF385A	S:AKT2;AKT3;ATM;ATR;AURKA;AURKB;BANP;BARD1;BLM;BRCA1;BRD1;BRD7;BRIP1;BRPF1;BRPF3;CCNA1;CCNA2;CCNG1;CDK1;CDK5R1;CDKN2A;CHD4;CHEK1;CHEK2;CSNK2A1;CSNK2B;DAXX;DNA2;DYRK2;EHMT1;EHMT2;EP300;EXO1;GATAD2A;GATAD2B;HDAC1;HDAC2;HIPK1;HIPK2;HUS1;ING2;ING5;JMY;KAT5;L3MBTL1;MAPKAP1;MAPKAPK5;MDM2;MDM4;MEAF6;MTOR;NBN;PHF20;PIP4K2B;POU4F1;POU4F2;PPP1R13B;PPP2CB;PPP2R1B;PPP2R5C;PRDM1;PRKAA1;PRKAB1;PRKAB2;PRKAG2;RAD1;RAD17;RAD50;RBBP4;RBBP7;RBBP8;RFC3;RFC4;RFC5;RMI1;RNF34;RPA1;RPA2;RPA3;RPS27A;SGK1;SMYD2;SSRP1;SUPT16H;TAF1;TAF12;TAF15;TAF1L;TAF2;TAF3;TAF4;TAF4B;TAF5;TAF6;TAF7;TAF7L;TAF8;TAF9;TAF9B;TBP;TOPBP1;TP53;TP53BP2;TP53INP1;TP53RK;TP63;TP73;TPX2;TTC5;UBC;USP7;WRN
S:REACTOME_GAP_JUNCTION_TRAFFICKING_AND_REGULATION	D:46	S:ACTB;ACTG1;AP2M1;CLTA;CLTB;CLTC;CLTCL1;DAB2;DNM1;DNM2;GJA1;GJA10;GJA3;GJA4;GJA5;GJA8;GJA9;GJB1;GJB2;GJB3;GJB4;GJB5;GJB6;GJB7;GJC1;GJC2;GJD2;GJD3;GJD4;MYO6;SRC;TJP1;TUBA1A;TUBA1B;TUBA1C;TUBA3C;TUBA3D;TUBA4A;TUBA8;TUBAL3;TUBB1;TUBB2A;TUBB2B;TUBB3;TUBB6;TUBB8	S:AP2M1;CLTCL1;DNM1;DNM2;GJA1;GJA10;GJA5;GJA8;GJA9;GJB1;GJB2;GJB5;GJB7;GJC2;GJD2;GJD3;GJD4;SRC;TJP1;TUBA1A;TUBA1C;TUBA3D;TUBA8;TUBAL3;TUBB2A;TUBB2B;TUBB3;TUBB6;TUBB8
S:REACTOME_UNWINDING_OF_DNA	D:12	S:CDC45;GINS1;GINS2;GINS3;GINS4;MCM2;MCM3;MCM4;MCM5;MCM6;MCM7;MCM8	S:CDC45;GINS2;GINS3;GINS4;MCM2;MCM3;MCM4;MCM5;MCM6;MCM7;MCM8
S:REACTOME_FORMATION_OF_THE_CORNIFIED_ENVELOPE	D:117	S:CAPN1;CAPNS1;CASP14;CDSN;CELA2A;CSTA;DSC1;DSC2;DSC3;DSG1;DSG2;DSG3;DSG4;DSP;EVPL;FLG;FURIN;IVL;JUP;KAZN;KLK12;KLK13;KLK14;KLK5;KLK8;KRT1;KRT10;KRT12;KRT13;KRT14;KRT15;KRT16;KRT17;KRT18;KRT19;KRT2;KRT20;KRT23;KRT24;KRT25;KRT26;KRT27;KRT28;KRT3;KRT31;KRT32;KRT33A;KRT33B;KRT34;KRT35;KRT36;KRT37;KRT38;KRT4;KRT40;KRT5;KRT6A;KRT6B;KRT6C;KRT7;KRT71;KRT72;KRT73;KRT74;KRT75;KRT76;KRT77;KRT78;KRT79;KRT8;KRT80;KRT81;KRT82;KRT83;KRT85;KRT86;KRT9;LCE1A;LCE1B;LCE1C;LCE1D;LCE1E;LCE1F;LCE2A;LCE2B;LCE2C;LCE2D;LCE3A;LCE3B;LCE3C;LCE3D;LCE3E;LCE4A;LCE5A;LELP1;PCSK6;PERP;PI3;PKP1;PKP2;PKP3;PKP4;PPL;PRSS8;RPTN;SPINK5;SPINK6;SPRR1A;SPRR1B;SPRR2D;SPRR2E;SPRR2G;SPRR3;ST14;TCHH;TGM1;TGM5	S:CAPN1;CAPNS1;CDSN;CSTA;DSC2;DSC3;DSG2;DSG3;DSG4;EVPL;FLG;FURIN;JUP;KLK12;KLK14;KRT1;KRT12;KRT13;KRT14;KRT15;KRT16;KRT17;KRT18;KRT19;KRT2;KRT24;KRT25;KRT26;KRT27;KRT3;KRT31;KRT32;KRT33A;KRT37;KRT6A;KRT6B;KRT6C;KRT71;KRT72;KRT78;KRT8;KRT80;KRT81;KRT82;KRT85;KRT9;LCE1A;LCE1B;LCE1C;LCE1E;LCE1F;LCE2A;LCE2D;LCE3A;LCE3C;LCE3E;LCE4A;LELP1;PCSK6;PI3;PKP3;PRSS8;RPTN;SPINK6;SPRR1A;SPRR2E;SPRR3;ST14
S:REACTOME_POSITIVE_EPIGENETIC_REGULATION_OF_RRNA_EXPRESSION	D:43	S:ACTB;BAZ1B;CBX3;CHD3;CHD4;DDX21;DEK;EHMT2;EP300;ERCC6;GATAD2A;GATAD2B;GSK3B;HDAC1;HDAC2;KAT2A;KAT2B;MBD3;MTA1;MTA2;MTA3;MYBBP1A;MYO1C;POLR1A;POLR1B;POLR1C;POLR1D;POLR1E;POLR2E;POLR2F;POLR2H;POLR2K;POLR2L;RBBP4;RBBP7;SF3B1;SMARCA5;TAF1A;TAF1B;TAF1C;TAF1D;TBP;TTF1	S:ACTB;BAZ1B;CBX3;CHD4;DDX21;DEK;EHMT2;EP300;ERCC6;GATAD2A;GATAD2B;GSK3B;HDAC1;HDAC2;KAT2A;MTA3;MYBBP1A;MYO1C;POLR1B;POLR1C;POLR1E;POLR2K;POLR2L;RBBP4;RBBP7;SF3B1;SMARCA5;TAF1A;TAF1B;TAF1C;TAF1D;TBP;TTF1
S:REACTOME_CHK1_CHK2_CDS1_MEDIATED_INACTIVATION_OF_CYCLIN_B_CDK1_COMPLEX	D:15	S:CCNA1;CCNA2;CCNB1;CDC25C;CDK1;CHEK1;CHEK2;SFN;WEE1;YWHAB;YWHAE;YWHAG;YWHAH;YWHAQ;YWHAZ	S:CCNA1;CCNA2;CCNB1;CDC25C;CDK1;CHEK1;CHEK2;WEE1;YWHAB;YWHAG;YWHAH;YWHAQ;YWHAZ
S:REACTOME_ERYTHROCYTES_TAKE_UP_CARBON_DIOXIDE_AND_RELEASE_OXYGEN	D:13	S:AQP1;CA1;CA2;CA4;CYB5R1;CYB5R2;CYB5R4;CYB5RL;HBA1;HBA2;HBB;RHAG;SLC4A1	S:AQP1;CA1;CA2;CA4;CYB5R1;CYB5R2;HBA1;HBA2;HBB;RHAG;SLC4A1
S:REACTOME_PROCESSING_OF_INTRONLESS_PRE_MRNAS	D:20	S:CLP1;CPSF1;CPSF2;CPSF3;CPSF4;CPSF6;CPSF7;CSTF1;CSTF2;CSTF2T;CSTF3;FIP1L1;NCBP1;NCBP2;NUDT21;PABPN1;PAPOLA;PCF11;SYMPK;WDR33	S:CLP1;CPSF1;CPSF2;CPSF3;CPSF6;CSTF1;CSTF2;CSTF2T;CSTF3;FIP1L1;NCBP1;NCBP2;NUDT21;PABPN1;PAPOLA;PCF11;SYMPK
S:REACTOME_HIV_LIFE_CYCLE	D:134	S:AAAS;BANF1;CCNH;CCNK;CCNT1;CCNT2;CCR5;CD4;CDK7;CDK9;CHMP2A;CHMP2B;CHMP4A;CHMP4B;CHMP4C;CHMP5;CHMP6;CHMP7;CTDP1;CXCR4;ELL;ERCC2;ERCC3;FEN1;FURIN;GTF2A1;GTF2A2;GTF2B;GTF2E1;GTF2E2;GTF2F1;GTF2F2;GTF2H1;GTF2H3;GTF2H4;GTF2H5;HMGA1;KPNA1;LIG1;LIG4;MNAT1;NCBP1;NCBP2;NEDD4L;NMT1;NMT2;NUP107;NUP133;NUP153;NUP155;NUP160;NUP188;NUP205;NUP210;NUP214;NUP35;NUP37;NUP43;NUP50;NUP54;NUP62;NUP85;NUP88;NUP93;NUP98;PDCD6IP;POLR2A;POLR2B;POLR2C;POLR2D;POLR2E;POLR2F;POLR2G;POLR2H;POLR2I;POLR2J;POLR2K;POLR2L;POM121;PPIA;PSIP1;RAE1;RAN;RANBP1;RANBP2;RANGAP1;RCC1;RNGTT;RNMT;RPS27A;SEC13;SEH1L;SSRP1;SUPT16H;SUPT4H1;SUPT5H;TAF1;TAF10;TAF11;TAF12;TAF13;TAF15;TAF1L;TAF2;TAF3;TAF4;TAF4B;TAF5;TAF6;TAF7;TAF7L;TAF8;TAF9;TAF9B;TBP;TCEA1;TPR;TSG101;UBA52;UBAP1;UBB;UBC;VPS28;VPS37A;VPS37B;VPS37C;VPS37D;VPS4A;VPS4B;VTA1;XPO1;XRCC4;XRCC5;XRCC6	S:CCNH;CCNK;CCNT1;CCNT2;CCR5;CDK7;CHMP2A;CHMP2B;CHMP4A;CXCR4;ERCC3;FEN1;GTF2A1;GTF2A2;GTF2B;GTF2E1;GTF2E2;GTF2F1;GTF2F2;GTF2H1;GTF2H3;GTF2H4;GTF2H5;KPNA1;LIG1;LIG4;MNAT1;NCBP1;NCBP2;NMT1;NMT2;NUP107;NUP133;NUP153;NUP155;NUP160;NUP188;NUP205;NUP210;NUP35;NUP37;NUP43;NUP50;NUP54;NUP62;NUP85;NUP88;NUP93;NUP98;PDCD6IP;POLR2B;POLR2G;POLR2K;POLR2L;POM121;PSIP1;RAE1;RAN;RANBP1;RANBP2;RANGAP1;RNGTT;RNMT;RPS27A;SEC13;SEH1L;SSRP1;SUPT16H;TAF1;TAF12;TAF15;TAF1L;TAF2;TAF3;TAF4;TAF4B;TAF5;TAF6;TAF7;TAF7L;TAF8;TAF9;TAF9B;TBP;TCEA1;TPR;TSG101;UBC;VPS28;VPS37A;VPS37C;VPS4A;VPS4B;VTA1;XPO1;XRCC4;XRCC6
S:REACTOME_RORA_B_C_AND_NR1D1_REV_ERBA_REGULATE_GENE_EXPRESSION	D:23	S:CHD9;CPT1A;CREBBP;ELOVL3;EP300;HDAC3;MED1;NCOA1;NCOA2;NCOA6;NCOR1;NR1D1;NRIP1;PPARA;PPARGC1A;RORA;RORC;RXRA;SMARCD3;SREBF1;TBL1X;TBL1XR1;TGS1	S:CHD9;CPT1A;CREBBP;ELOVL3;EP300;HDAC3;MED1;NCOA1;NCOA2;NCOA6;NCOR1;NR1D1;NRIP1;PPARA;PPARGC1A;RORA;RORC;SREBF1;TBL1XR1;TGS1
S:REACTOME_FANCONI_ANEMIA_PATHWAY	D:33	S:ATR;ATRIP;DCLRE1A;DCLRE1B;EME1;EME2;ERCC1;ERCC4;FAN1;FANCA;FANCB;FANCC;FANCD2;FANCE;FANCF;FANCG;FANCI;FANCL;FANCM;MUS81;POLN;RPA1;RPA2;RPA3;RPS27A;SLX1A;SLX4;UBA52;UBB;UBC;UBE2T;USP1;WDR48	S:ATR;DCLRE1A;DCLRE1B;EME1;ERCC4;FAN1;FANCA;FANCB;FANCC;FANCD2;FANCE;FANCF;FANCG;FANCI;FANCL;FANCM;MUS81;RPA1;RPA2;RPA3;RPS27A;SLX4;UBC;UBE2T;USP1;WDR48
S:REACTOME_SYNTHESIS_OF_PIPS_AT_THE_EARLY_ENDOSOME_MEMBRANE	D:16	S:FIG4;INPP4A;INPP4B;INPP5F;MTM1;MTMR10;MTMR12;MTMR2;MTMR4;PI4K2A;PI4K2B;PIK3C2A;PIK3C3;PIK3R4;PIKFYVE;VAC14	S:INPP4B;INPP5F;MTM1;MTMR12;MTMR2;MTMR4;PI4K2A;PI4K2B;PIK3C2A;PIK3C3;PIK3R4;PIKFYVE;VAC14
S:REACTOME_PKMTS_METHYLATE_HISTONE_LYSINES	D:34	S:AEBP2;ASH1L;ASH2L;ATF7IP;DOT1L;DPY30;EED;EHMT1;EHMT2;EZH2;MECOM;NFKB1;NFKB2;NSD1;PRDM16;PRDM9;RBBP4;RBBP5;RBBP7;RELA;SETD1A;SETD1B;SETD2;SETD3;SETD6;SETD7;SETDB1;SETDB2;SMYD2;SMYD3;SUV39H1;SUV39H2;SUZ12;WDR5	S:AEBP2;ASH1L;ASH2L;ATF7IP;DPY30;EED;EHMT1;EHMT2;EZH2;NFKB1;NSD1;PRDM16;PRDM9;RBBP4;RBBP5;RBBP7;RELA;SETD1B;SETD2;SETD6;SETDB1;SETDB2;SMYD2;SMYD3;SUV39H1;SUZ12;WDR5
S:REACTOME_DIFFERENTIATION_OF_NAIVE_CD_T_CELLS_TO_T_HELPER_1_CELLS_TH1_CELLS	D:13	S:CCL3;CXCR3;IFNG;IL12RB2;IL4;NFATC1;RUNX1;RUNX3;STAT1;STAT4;TBX21;TNF;TPST2	S:CCL3;CXCR3;IFNG;IL12RB2;IL4;NFATC1;RUNX1;RUNX3;STAT1;STAT4;TBX21
S:REACTOME_AURKA_ACTIVATION_BY_TPX2	D:65	S:ACTR1A;AKAP9;ALMS1;AURKA;CCP110;CDK1;CDK5RAP2;CEP135;CEP152;CEP164;CEP192;CEP250;CEP290;CEP57;CEP63;CEP70;CEP72;CEP76;CETN2;CKAP5;CLASP1;CNTRL;CSNK1D;CSNK1E;DCTN1;DCTN2;DCTN3;DYNC1H1;DYNC1I2;DYNLL1;HAUS1;HAUS2;HAUS3;HAUS4;HAUS5;HAUS6;HAUS7;HAUS8;HMMR;HSP90AA1;MAPRE1;NDE1;NEDD1;NEK2;NINL;ODF2;OFD1;PAFAH1B1;PCM1;PCNT;PLK1;PLK4;PPP2R1A;PRKACA;PRKAR2B;SDCCAG8;SFI1;SSNA1;TPX2;TUBA1A;TUBA4A;TUBB;TUBG1;YWHAE;YWHAG	S:AKAP9;ALMS1;AURKA;CCP110;CDK1;CEP135;CEP152;CEP192;CEP250;CEP290;CEP57;CEP63;CEP70;CEP72;CEP76;CETN2;CKAP5;CLASP1;CNTRL;CSNK1E;DCTN2;DYNC1H1;DYNLL1;HAUS1;HAUS2;HAUS3;HAUS5;HAUS6;HAUS8;HMMR;HSP90AA1;MAPRE1;NDE1;NEDD1;NINL;ODF2;OFD1;PAFAH1B1;PCM1;PCNT;PLK1;PLK4;PRKAR2B;SFI1;TPX2;TUBA4A;TUBB;TUBG1;YWHAG
S:REACTOME_CLEC7A_DECTIN_1_INDUCES_NFAT_ACTIVATION	D:11	S:AHCYL1;CALM1;ITPR1;ITPR2;ITPR3;NFATC1;NFATC2;NFATC3;PPP3CA;PPP3CB;PPP3R1	S:AHCYL1;CALM1;ITPR1;ITPR2;ITPR3;NFATC1;NFATC2;NFATC3;PPP3CA;PPP3CB
S:REACTOME_TRANSCRIPTIONAL_ACTIVATION_OF_MITOCHONDRIAL_BIOGENESIS	D:48	S:ACSS2;ALAS1;ATF2;CALM1;CAMK4;CHD9;CREB1;CREBBP;CRTC1;CRTC2;CRTC3;CYCS;ESRRA;GABPA;GABPB1;GLUD1;GLUD2;HCFC1;HDAC3;IDH2;MED1;MEF2C;MEF2D;NCOA1;NCOA2;NCOA6;NCOR1;NR1D1;NRF1;POLG2;POLRMT;PPARA;PPARGC1A;PPARGC1B;PPRC1;RXRA;SIRT3;SIRT4;SIRT5;SMARCD3;SOD2;SSBP1;TBL1X;TBL1XR1;TFAM;TFB1M;TFB2M;TGS1	S:ATF2;CALM1;CAMK4;CHD9;CREB1;CREBBP;CRTC1;CRTC3;CYCS;ESRRA;GABPA;GABPB1;GLUD1;GLUD2;HDAC3;MED1;MEF2C;NCOA1;NCOA2;NCOA6;NCOR1;NR1D1;NRF1;POLG2;POLRMT;PPARA;PPARGC1A;PPARGC1B;PPRC1;SIRT4;SIRT5;SOD2;SSBP1;TBL1XR1;TFAM;TFB1M;TFB2M;TGS1
S:REACTOME_TELOMERE_C_STRAND_SYNTHESIS_INITIATION	D:11	S:ACD;CTC1;POLA1;POLA2;POT1;PRIM1;PRIM2;TERF1;TERF2;TERF2IP;TINF2	S:ACD;CTC1;POLA1;POLA2;POT1;PRIM1;PRIM2;TERF1;TERF2;TERF2IP;TINF2
S:REACTOME_DENGUE_VIRUS_HOST_INTERACTIONS	D:222	S:AGRN;APOA1;AQR;ATG14;AUP1;BCAS2;BECN1;BUD31;C1QA;C1S;C4B;C4BPA;C4BPB;CAMK2A;CAMK2B;CAMK2D;CAMK2G;CCAR1;CD2BP2;CDC40;CDC5L;CDC73;CHERP;CLEC5A;CLP1;CLU;COG1;CPSF1;CPSF2;CPSF3;CPSF4;CPSF6;CPSF7;CRNKL1;CSTF1;CSTF2;CSTF2T;CSTF3;CTNNB1;CTNNBL1;CTR9;CWC15;CWC22;CWC25;CWC27;DAXX;DDX23;DDX3X;DDX42;DDX46;DDX5;DHX15;DHX16;DHX38;DHX9;DNAJC8;DYNLT1;EFTUD2;EIF4A3;ELAVL1;ELAVL2;EXOC1;F2;FASN;FIP1L1;FUS;GBF1;GPC1;GPC2;GPC3;GPC4;GPC5;GPC6;GPKOW;GRPEL1;GTF2F1;GTF2F2;HNRNPA0;HNRNPA1;HNRNPA2B1;HNRNPA3;HNRNPC;HNRNPD;HNRNPF;HNRNPH1;HNRNPH2;HNRNPK;HNRNPL;HNRNPM;HNRNPR;HNRNPU;HNRNPUL1;HSP90AA1;HSP90AB1;HSPA8;HSPG2;IFIH1;IKBKE;ISY1;LEO1;LY96;MAPKAP1;MAVS;MBL2;MLST8;MMP9;MTOR;NCBP1;NCBP2;NEK2;NFKBIA;NFKBIB;NRBP1;NUDT21;PABPN1;PAF1;PAPOLA;PCBP1;PCBP2;PCF11;PDCD6IP;PEX19;PHF5A;PIK3C3;PIK3R4;PLRG1;PML;POLR2A;POLR2B;POLR2C;POLR2D;POLR2E;POLR2F;POLR2G;POLR2H;POLR2I;POLR2J;POLR2K;POLR2L;PPIE;PPIL1;PPIL3;PPIL4;PPIL6;PQBP1;PRCC;PRPF19;PRPF6;PRPF8;PRR5;PTBP1;PUF60;RBM10;RBM17;RBM22;RBM5;RBMX;RICTOR;RIPK1;RNPS1;RPL18;RPTOR;RTF1;SDC1;SDC2;SDC3;SDC4;SF3A1;SF3A2;SF3A3;SF3B1;SF3B2;SF3B3;SF3B4;SF3B5;SMNDC1;SNRNP200;SNRNP40;SNRPA1;SNRPB;SNRPB2;SNRPD1;SNRPD2;SNRPD3;SNRPE;SNRPF;SNRPG;SNRPN;SNW1;SRRM1;SRRM2;SRRT;SRSF1;SRSF11;SRSF2;SRSF3;SRSF4;SRSF5;SRSF6;SRSF7;SRSF9;STAT2;SUGP1;SYMPK;TAL1;TAOK1;TJP1;TLR4;TRIM25;TXNL4A;U2AF1;U2AF1L4;U2AF2;U2SURP;UBE2I;UBR4;VIM;VTN;WBP11;WDR33;XAB2;YBX1	S:AQR;ATG14;BCAS2;C4BPB;CAMK2A;CAMK2B;CAMK2D;CAMK2G;CCAR1;CDC40;CDC73;CHERP;CLP1;CLU;COG1;CPSF1;CPSF2;CPSF3;CPSF6;CRNKL1;CSTF1;CSTF2;CSTF2T;CSTF3;CTR9;CWC15;CWC22;CWC25;CWC27;DAXX;DDX23;DDX3X;DDX42;DDX46;DDX5;DHX15;DHX16;DHX38;DHX9;DNAJC8;EFTUD2;EIF4A3;ELAVL1;EXOC1;F2;FASN;FIP1L1;FUS;GBF1;GPC1;GPC2;GPC3;GPKOW;GRPEL1;GTF2F1;GTF2F2;HNRNPA0;HNRNPA1;HNRNPA2B1;HNRNPA3;HNRNPC;HNRNPD;HNRNPH1;HNRNPH2;HNRNPK;HNRNPL;HNRNPM;HNRNPR;HNRNPU;HSP90AA1;HSP90AB1;HSPA8;HSPG2;IFIH1;ISY1;LEO1;MAPKAP1;MBL2;MMP9;MTOR;NCBP1;NCBP2;NFKBIA;NUDT21;PABPN1;PAF1;PAPOLA;PCBP1;PCF11;PDCD6IP;PEX19;PIK3C3;PIK3R4;PLRG1;POLR2B;POLR2G;POLR2K;POLR2L;PPIE;PPIL1;PPIL3;PPIL4;PRCC;PRPF19;PRPF6;PRPF8;RBM10;RBM17;RBM22;RBM5;RBMX;RIPK1;RNPS1;RPL18;RPTOR;RTF1;SDC2;SDC3;SDC4;SF3A1;SF3A3;SF3B1;SF3B2;SF3B3;SF3B5;SMNDC1;SNRNP200;SNRNP40;SNRPA1;SNRPB2;SNRPD1;SNRPD2;SNRPD3;SNRPF;SNW1;SRRM1;SRRM2;SRRT;SRSF1;SRSF11;SRSF2;SRSF3;SRSF4;SRSF5;SRSF7;SRSF9;SYMPK;TAOK1;U2AF1;U2SURP;UBE2I;VIM;WBP11
S:REACTOME_SYNTHESIS_OF_DNA	D:106	S:ADRM1;ANAPC1;ANAPC10;ANAPC11;ANAPC16;ANAPC2;ANAPC4;ANAPC5;ANAPC7;CCNA1;CCNA2;CCNE1;CCNE2;CDC16;CDC23;CDC26;CDC27;CDC45;CDC6;CDK2;CDT1;CUL1;DNA2;FEN1;FZR1;GINS1;GINS2;GINS3;GINS4;GMNN;LIG1;MCM2;MCM3;MCM4;MCM5;MCM6;MCM7;MCM8;ORC1;ORC2;ORC3;ORC4;ORC5;ORC6;PCNA;POLA1;POLA2;POLD1;POLD2;POLD3;POLD4;POLE;POLE2;POLE3;POLE4;PRIM1;PRIM2;PSMA1;PSMA2;PSMA3;PSMA4;PSMA5;PSMA6;PSMA7;PSMB1;PSMB2;PSMB3;PSMB4;PSMB5;PSMB6;PSMB7;PSMC1;PSMC2;PSMC3;PSMC4;PSMC5;PSMC6;PSMD1;PSMD11;PSMD12;PSMD13;PSMD14;PSMD2;PSMD3;PSMD6;PSMD7;PSMD8;RBX1;RFC1;RFC2;RFC3;RFC4;RFC5;RPA1;RPA2;RPA3;RPS27A;SKP1;SKP2;UBA52;UBB;UBC;UBE2C;UBE2D1;UBE2E1;UBE2S	S:ANAPC1;ANAPC10;ANAPC11;ANAPC16;ANAPC4;ANAPC5;ANAPC7;CCNA1;CCNA2;CCNE1;CCNE2;CDC23;CDC26;CDC27;CDC45;CDC6;CUL1;DNA2;FEN1;GINS2;GINS3;GINS4;GMNN;LIG1;MCM2;MCM3;MCM4;MCM5;MCM6;MCM7;MCM8;ORC1;ORC2;ORC3;ORC4;ORC5;ORC6;PCNA;POLA1;POLA2;POLD1;POLD2;POLD3;POLE;POLE3;PRIM1;PRIM2;PSMA1;PSMA3;PSMA4;PSMA5;PSMA6;PSMA7;PSMB1;PSMB2;PSMB3;PSMB4;PSMC5;PSMC6;PSMD1;PSMD11;PSMD12;PSMD14;PSMD2;PSMD3;PSMD6;PSMD7;RFC1;RFC3;RFC4;RFC5;RPA1;RPA2;RPA3;RPS27A;SKP2;UBC;UBE2E1
S:REACTOME_DISEASES_OF_DNA_REPAIR	D:44	S:ATM;ATR;ATRIP;BARD1;BLM;BRCA1;BRCA2;BRIP1;DNA2;EXO1;HUS1;KAT5;MLH1;MSH2;MSH3;MSH6;MUTYH;NBN;NEIL1;NEIL3;NTHL1;OGG1;PALB2;PMS2;RAD1;RAD17;RAD50;RAD51;RAD51AP1;RAD51C;RAD9A;RBBP8;RFC2;RFC3;RFC4;RFC5;RMI1;RPA1;RPA2;RPA3;TOP3A;TOPBP1;WRN;XRCC2	S:ATM;ATR;BARD1;BLM;BRCA1;BRCA2;BRIP1;DNA2;EXO1;HUS1;KAT5;MLH1;MSH2;MSH3;MSH6;NBN;NEIL1;OGG1;PALB2;PMS2;RAD1;RAD17;RAD50;RAD51;RAD51AP1;RAD51C;RBBP8;RFC3;RFC4;RFC5;RMI1;RPA1;RPA2;RPA3;TOPBP1;WRN
S:REACTOME_REGULATION_OF_GENE_EXPRESSION_IN_BETA_CELLS	D:21	S:AKT1;AKT2;AKT3;FOXA2;FOXA3;FOXO1;GCK;HNF1A;HNF4A;HNF4G;IAPP;INS;MAFA;NEUROD1;NKX2-2;NKX6-1;PAX6;PDX1;PKLR;RFX6;SLC2A2	S:AKT1;FOXA2;FOXA3;HNF1A;HNF4A;HNF4G;IAPP;INS;MAFA;NEUROD1;NKX2-2;PAX6;PDX1;PKLR;RFX6;SLC2A2
S:REACTOME_POTASSIUM_CHANNELS	D:103	S:ABCC8;ABCC9;GABBR1;GABBR2;GNB1;GNB2;GNB3;GNB4;GNB5;GNG10;GNG11;GNG12;GNG13;GNG2;GNG3;GNG4;GNG5;GNG7;GNG8;GNGT1;GNGT2;HCN1;HCN2;HCN3;HCN4;KCNA1;KCNA10;KCNA2;KCNA3;KCNA4;KCNA5;KCNA6;KCNA7;KCNAB1;KCNAB2;KCNAB3;KCNB1;KCNB2;KCNC1;KCNC2;KCNC3;KCNC4;KCND1;KCND2;KCND3;KCNF1;KCNG1;KCNG2;KCNG3;KCNG4;KCNH1;KCNH2;KCNH3;KCNH4;KCNH5;KCNH6;KCNH7;KCNH8;KCNJ1;KCNJ10;KCNJ11;KCNJ12;KCNJ14;KCNJ15;KCNJ16;KCNJ2;KCNJ3;KCNJ4;KCNJ5;KCNJ6;KCNJ8;KCNJ9;KCNK1;KCNK10;KCNK13;KCNK16;KCNK17;KCNK18;KCNK2;KCNK3;KCNK4;KCNK6;KCNK7;KCNK9;KCNMA1;KCNMB1;KCNMB2;KCNMB3;KCNMB4;KCNN1;KCNN2;KCNN3;KCNN4;KCNQ1;KCNQ2;KCNQ3;KCNQ4;KCNQ5;KCNS1;KCNS2;KCNS3;KCNV1;KCNV2	S:ABCC9;GABBR1;GABBR2;GNB2;GNB4;GNG10;GNG11;GNG12;GNG13;GNG4;GNGT1;GNGT2;HCN2;KCNA1;KCNA2;KCNA4;KCNA5;KCNA7;KCNAB2;KCNB1;KCNB2;KCNC1;KCNC2;KCNC3;KCND2;KCND3;KCNF1;KCNG2;KCNG3;KCNH1;KCNH2;KCNH3;KCNH4;KCNH5;KCNH6;KCNH7;KCNJ12;KCNJ2;KCNJ3;KCNJ5;KCNJ6;KCNJ9;KCNK1;KCNK16;KCNK18;KCNK2;KCNK3;KCNK4;KCNK7;KCNMB2;KCNMB4;KCNN1;KCNN2;KCNN4;KCNQ3;KCNQ4;KCNS1;KCNS2;KCNS3
S:REACTOME_MATURATION_OF_DENV_PROTEINS	D:50	S:ACOT2;APOA1;CALR;CANX;DAD1;DDOST;DNAJB11;DNAJC10;DNAJC3;DPM1;DPM2;DPM3;HSPA5;HYOU1;IPO7;KPNA1;KPNA2;KPNA3;KPNA4;KPNA5;KPNB1;MAGT1;NMT1;OST4;OSTC;P4HA1;P4HA2;P4HA3;P4HB;PDIA3;PRKG1;PRKG2;RPN1;RPN2;RPS27A;SCAP;SEC11A;SEC11C;SPCS1;SPCS2;SPCS3;STT3A;STT3B;SUMO1;TUSC3;UBA52;UBB;UBC;UBE2I;XPO1	S:ACOT2;CALR;CANX;DAD1;DDOST;DNAJB11;DNAJC10;DNAJC3;DPM1;HSPA5;HYOU1;IPO7;KPNA1;KPNA2;KPNA3;KPNA4;KPNA5;KPNB1;MAGT1;NMT1;OSTC;P4HB;PDIA3;PRKG1;PRKG2;RPN1;RPN2;RPS27A;SCAP;SEC11A;SEC11C;SPCS1;SPCS2;SPCS3;STT3A;STT3B;TUSC3;UBC;UBE2I;XPO1
S:REACTOME_BLOOD_GROUP_SYSTEMS_BIOSYNTHESIS	D:19	S:B3GALT1;B3GALT2;B3GALT4;B3GALT5;B4GALNT2;FUT1;FUT2;FUT3;FUT4;FUT5;FUT6;FUT7;FUT9;RHCE;RHD;ST3GAL3;ST3GAL4;ST3GAL6;ST6GALNAC6	S:B3GALT1;B3GALT5;B4GALNT2;FUT2;FUT5;FUT6;FUT7;FUT9;RHCE;RHD;ST3GAL3;ST3GAL4;ST6GALNAC6
S:REACTOME_ISG15_ANTIVIRAL_MECHANISM	D:68	S:AAAS;ARIH1;BECN1;EIF2AK2;EIF4A1;EIF4A2;EIF4A3;EIF4E;EIF4E2;EIF4E3;EIF4G1;EIF4G2;EIF4G3;FLNB;HERC5;IFIT1;IRF3;ISG15;JAK1;KPNA1;KPNA2;KPNA3;KPNA4;KPNA5;KPNB1;MAPK3;MX1;MX2;NEDD4;NUP107;NUP133;NUP153;NUP155;NUP160;NUP188;NUP205;NUP210;NUP214;NUP35;NUP37;NUP43;NUP50;NUP54;NUP62;NUP85;NUP88;NUP93;NUP98;PIN1;PLCG1;POM121;PPM1B;RAE1;RANBP2;RPS27A;SEC13;SEH1L;STAT1;TPR;TRIM25;UBA52;UBA7;UBB;UBC;UBE2E1;UBE2L6;UBE2N;USP18	S:ARIH1;EIF2AK2;EIF4A1;EIF4A2;EIF4A3;EIF4E2;EIF4G2;EIF4G3;FLNB;IFIT1;JAK1;KPNA1;KPNA2;KPNA3;KPNA4;KPNA5;KPNB1;MX1;NEDD4;NUP107;NUP133;NUP153;NUP155;NUP160;NUP188;NUP205;NUP210;NUP35;NUP37;NUP43;NUP50;NUP54;NUP62;NUP85;NUP88;NUP93;NUP98;PLCG1;POM121;PPM1B;RAE1;RANBP2;RPS27A;SEC13;SEH1L;STAT1;TPR;UBA7;UBC;UBE2E1;UBE2N;USP18
S:REACTOME_VOLTAGE_GATED_POTASSIUM_CHANNELS	D:43	S:KCNA1;KCNA10;KCNA2;KCNA3;KCNA4;KCNA5;KCNA6;KCNA7;KCNAB1;KCNAB2;KCNAB3;KCNB1;KCNB2;KCNC1;KCNC2;KCNC3;KCNC4;KCND1;KCND2;KCND3;KCNF1;KCNG1;KCNG2;KCNG3;KCNG4;KCNH1;KCNH2;KCNH3;KCNH4;KCNH5;KCNH6;KCNH7;KCNH8;KCNQ1;KCNQ2;KCNQ3;KCNQ4;KCNQ5;KCNS1;KCNS2;KCNS3;KCNV1;KCNV2	S:KCNA1;KCNA2;KCNA4;KCNA5;KCNA7;KCNAB2;KCNB1;KCNB2;KCNC1;KCNC2;KCNC3;KCND2;KCND3;KCNF1;KCNG2;KCNG3;KCNH1;KCNH2;KCNH3;KCNH4;KCNH5;KCNH6;KCNH7;KCNQ3;KCNQ4;KCNS1;KCNS2;KCNS3
S:REACTOME_BBSOME_MEDIATED_CARGO_TARGETING_TO_CILIUM	D:23	S:ARL6;BBIP1;BBS1;BBS10;BBS12;BBS2;BBS4;BBS5;BBS7;BBS9;CCT2;CCT3;CCT4;CCT5;CCT8;LZTFL1;MCHR1;MKKS;RAB3IP;SMO;SSTR3;TCP1;TTC8	S:ARL6;BBIP1;BBS1;BBS10;BBS12;BBS2;BBS4;BBS5;BBS7;BBS9;CCT2;CCT3;CCT4;CCT5;CCT8;LZTFL1;RAB3IP;TCP1;TTC8
S:REACTOME_REGULATION_OF_HSF1_MEDIATED_HEAT_SHOCK_RESPONSE	D:75	S:AAAS;ATM;ATR;BAG1;BAG2;BAG3;BAG4;BAG5;COL4A6;CRYBA4;DEDD2;DNAJB1;DNAJB6;DNAJC2;DNAJC7;FKBP4;GML;GSK3B;HSF1;HSPA12A;HSPA12B;HSPA13;HSPA14;HSPA1A;HSPA1L;HSPA2;HSPA4;HSPA4L;HSPA5;HSPA6;HSPA8;HSPA9;HSPB1;HSPB2;HSPH1;MAPK1;MAPK3;MAPKAPK2;MRPL18;NUP107;NUP133;NUP153;NUP155;NUP160;NUP188;NUP205;NUP210;NUP214;NUP35;NUP37;NUP43;NUP50;NUP54;NUP62;NUP85;NUP88;NUP93;NUP98;POM121;RAE1;RANBP2;RLN1;RPA1;RPA2;RPA3;RPS19BP1;SEC13;SEH1L;SERPINH1;SIRT1;ST13;TNFRSF21;TPR;UBB;YWHAE	S:ATM;ATR;BAG2;BAG3;BAG4;BAG5;DNAJB6;DNAJC2;GML;GSK3B;HSF1;HSPA13;HSPA14;HSPA1A;HSPA2;HSPA4;HSPA5;HSPA8;HSPA9;HSPH1;MAPK1;MRPL18;NUP107;NUP133;NUP153;NUP155;NUP160;NUP188;NUP205;NUP210;NUP35;NUP37;NUP43;NUP50;NUP54;NUP62;NUP85;NUP88;NUP93;NUP98;POM121;RAE1;RANBP2;RLN1;RPA1;RPA2;RPA3;RPS19BP1;SEC13;SEH1L;SERPINH1;SIRT1;TNFRSF21;TPR
S:REACTOME_DNA_REPAIR	D:261	S:ABL1;ACD;ACTB;ACTL6A;ACTR5;ACTR8;ALKBH2;ALKBH3;ALKBH5;APBB1;APEX1;AQR;ASCC1;ASCC2;ASCC3;ATM;ATR;ATRIP;BABAM1;BAP1;BARD1;BAZ1B;BLM;BRCA1;BRCA2;BRCC3;BRIP1;CCNA1;CCNA2;CCNH;CDK2;CDK7;CETN2;CHD1L;CHEK1;CHEK2;CLSPN;COPS2;COPS3;COPS4;COPS5;COPS6;COPS7A;COPS7B;COPS8;CUL4A;CUL4B;DCLRE1A;DCLRE1B;DCLRE1C;DDB1;DDB2;DNA2;DTL;ELL;EME1;EME2;ERCC1;ERCC2;ERCC3;ERCC4;ERCC5;ERCC6;ERCC8;EXO1;EYA1;EYA2;EYA3;EYA4;FAN1;FANCA;FANCB;FANCC;FANCD2;FANCE;FANCF;FANCG;FANCI;FANCL;FANCM;FEN1;FIGNL1;FTO;GEN1;GPS1;GTF2H1;GTF2H3;GTF2H4;GTF2H5;HERC2;HUS1;INO80;INO80B;INO80C;INO80D;INO80E;ISG15;ISY1;KAT5;KDM4A;KPNA2;LIG1;LIG3;LIG4;MAD2L2;MAPK8;MBD4;MCRS1;MDC1;MGMT;MLH1;MNAT1;MPG;MSH2;MSH3;MSH6;MUS81;MUTYH;NBN;NEIL1;NEIL2;NEIL3;NFRKB;NHEJ1;NPLOC4;NTHL1;OGG1;PALB2;PARG;PARP1;PARP2;PAXIP1;PCNA;PIAS1;PIAS3;PIAS4;PMS2;PNKP;POLB;POLD1;POLD2;POLD3;POLD4;POLE;POLE2;POLE3;POLE4;POLH;POLI;POLK;POLL;POLM;POLN;POLQ;POLR2A;POLR2B;POLR2C;POLR2D;POLR2E;POLR2F;POLR2G;POLR2H;POLR2I;POLR2J;POLR2K;POLR2L;POT1;PPIE;PPP4C;PPP4R2;PPP5C;PRKDC;PRPF19;RAD1;RAD17;RAD18;RAD23A;RAD23B;RAD50;RAD51;RAD51AP1;RAD51C;RAD52;RAD9A;RBBP8;RBX1;RCHY1;REV1;REV3L;RFC1;RFC2;RFC3;RFC4;RFC5;RIF1;RMI1;RNF111;RNF168;RNF4;RNF8;RPA1;RPA2;RPA3;RPS27A;RTEL1;RUVBL1;SIRT6;SLX1A;SLX4;SMARCA5;SMUG1;SUMO1;SUMO2;SUMO3;TCEA1;TDG;TDP1;TDP2;TERF1;TERF2;TERF2IP;TFPT;TIMELESS;TINF2;TIPIN;TOP3A;TOPBP1;TP53;TP53BP1;TRIM25;UBA52;UBA7;UBB;UBC;UBE2B;UBE2I;UBE2L6;UBE2N;UBE2T;UBE2V2;UBXN1;UIMC1;UNG;USP1;USP10;USP43;USP7;VCP;WDR48;WRN;XAB2;XPA;XPC;XRCC1;XRCC2;XRCC3;XRCC4;XRCC5;XRCC6;YY1;ZNF830	S:ABL1;ACD;ACTB;ACTL6A;ACTR8;ALKBH2;ALKBH3;ALKBH5;AQR;ASCC3;ATM;ATR;BARD1;BAZ1B;BLM;BRCA1;BRCA2;BRCC3;BRIP1;CCNA1;CCNA2;CCNH;CDK7;CETN2;CHEK1;CHEK2;CLSPN;COPS3;COPS4;COPS5;COPS6;COPS7B;COPS8;CUL4A;CUL4B;DCLRE1A;DCLRE1B;DCLRE1C;DDB2;DNA2;DTL;EME1;ERCC3;ERCC4;ERCC5;ERCC6;ERCC8;EXO1;EYA1;EYA2;EYA3;FAN1;FANCA;FANCB;FANCC;FANCD2;FANCE;FANCF;FANCG;FANCI;FANCL;FANCM;FEN1;FIGNL1;FTO;GEN1;GTF2H1;GTF2H3;GTF2H4;GTF2H5;HERC2;HUS1;INO80;INO80C;ISY1;KAT5;KDM4A;KPNA2;LIG1;LIG3;LIG4;MAPK8;MBD4;MDC1;MLH1;MNAT1;MSH2;MSH3;MSH6;MUS81;NBN;NEIL1;NFRKB;NHEJ1;OGG1;PALB2;PARG;PARP1;PARP2;PAXIP1;PCNA;PIAS1;PIAS3;PMS2;POLB;POLD1;POLD2;POLD3;POLE;POLE3;POLH;POLI;POLK;POLR2B;POLR2G;POLR2K;POLR2L;POT1;PPIE;PPP5C;PRKDC;PRPF19;RAD1;RAD17;RAD18;RAD23B;RAD50;RAD51;RAD51AP1;RAD51C;RAD52;RBBP8;RCHY1;REV1;REV3L;RFC1;RFC3;RFC4;RFC5;RIF1;RMI1;RNF111;RNF168;RNF4;RNF8;RPA1;RPA2;RPA3;RPS27A;RTEL1;RUVBL1;SLX4;SMARCA5;SUMO2;TCEA1;TDG;TDP1;TDP2;TERF1;TERF2;TERF2IP;TINF2;TIPIN;TOPBP1;TP53;TP53BP1;UBA7;UBC;UBE2I;UBE2N;UBE2T;UIMC1;USP1;USP10;USP7;VCP;WDR48;WRN;XPA;XPC;XRCC1;XRCC4;XRCC6;YY1;ZNF830
S:REACTOME_DNA_REPLICATION	D:121	S:ADRM1;ANAPC1;ANAPC10;ANAPC11;ANAPC16;ANAPC2;ANAPC4;ANAPC5;ANAPC7;CCNA1;CCNA2;CCNE1;CCNE2;CDC16;CDC23;CDC26;CDC27;CDC45;CDC6;CDC7;CDK2;CDT1;CUL1;DBF4;DNA2;EXOG;FEN1;FZR1;GINS1;GINS2;GINS3;GINS4;GMNN;KPNA1;KPNA6;KPNB1;LIG1;LIG3;MCM10;MCM2;MCM3;MCM4;MCM5;MCM6;MCM7;MCM8;ORC1;ORC2;ORC3;ORC4;ORC5;ORC6;PCNA;POLA1;POLA2;POLD1;POLD2;POLD3;POLD4;POLE;POLE2;POLE3;POLE4;POLG;POLG2;POLRMT;PRIM1;PRIM2;PSMA1;PSMA2;PSMA3;PSMA4;PSMA5;PSMA6;PSMA7;PSMB1;PSMB2;PSMB3;PSMB4;PSMB5;PSMB6;PSMB7;PSMC1;PSMC2;PSMC3;PSMC4;PSMC5;PSMC6;PSMD1;PSMD11;PSMD12;PSMD13;PSMD14;PSMD2;PSMD3;PSMD6;PSMD7;PSMD8;RBX1;RFC1;RFC2;RFC3;RFC4;RFC5;RNASEH1;RPA1;RPA2;RPA3;RPA4;RPS27A;SKP1;SKP2;SSBP1;TOP3A;UBA52;UBB;UBC;UBE2C;UBE2D1;UBE2E1;UBE2S	S:ANAPC1;ANAPC10;ANAPC11;ANAPC16;ANAPC4;ANAPC5;ANAPC7;CCNA1;CCNA2;CCNE1;CCNE2;CDC23;CDC26;CDC27;CDC45;CDC6;CDC7;CUL1;DNA2;EXOG;FEN1;GINS2;GINS3;GINS4;GMNN;KPNA1;KPNB1;LIG1;LIG3;MCM10;MCM2;MCM3;MCM4;MCM5;MCM6;MCM7;MCM8;ORC1;ORC2;ORC3;ORC4;ORC5;ORC6;PCNA;POLA1;POLA2;POLD1;POLD2;POLD3;POLE;POLE3;POLG;POLG2;POLRMT;PRIM1;PRIM2;PSMA1;PSMA3;PSMA4;PSMA5;PSMA6;PSMA7;PSMB1;PSMB2;PSMB3;PSMB4;PSMC5;PSMC6;PSMD1;PSMD11;PSMD12;PSMD14;PSMD2;PSMD3;PSMD6;PSMD7;RFC1;RFC3;RFC4;RFC5;RNASEH1;RPA1;RPA2;RPA3;RPS27A;SKP2;SSBP1;UBC;UBE2E1
S:REACTOME_E2F_MEDIATED_REGULATION_OF_DNA_REPLICATION	D:22	S:CCNB1;CDK1;E2F1;MCM8;ORC1;ORC2;ORC3;ORC4;ORC5;ORC6;POLA1;POLA2;PPP2CA;PPP2CB;PPP2R1A;PPP2R1B;PPP2R3B;PRIM1;PRIM2;RB1;TFDP1;TFDP2	S:CCNB1;CDK1;E2F1;MCM8;ORC1;ORC2;ORC3;ORC4;ORC5;ORC6;POLA1;POLA2;PPP2CB;PPP2R1B;PRIM1;PRIM2;RB1;TFDP2
S:REACTOME_HCMV_EARLY_EVENTS	D:67	S:AAAS;CBX1;CREB1;DAXX;DYNC1H1;DYNC1I1;DYNC1I2;DYNC1LI1;DYNC1LI2;DYNLL1;DYNLL2;EED;EGFR;ELK1;EZH2;GPS2;HDAC3;ITGB1;NCOR1;NCOR2;NFKB1;NUP107;NUP133;NUP153;NUP155;NUP160;NUP188;NUP205;NUP210;NUP214;NUP35;NUP37;NUP43;NUP50;NUP54;NUP62;NUP85;NUP88;NUP93;NUP98;PML;POM121;RAE1;RANBP2;RBBP4;RBBP7;SEC13;SEH1L;SUZ12;TBL1X;TBL1XR1;TPR;TRIM28;TUBA1A;TUBA1B;TUBA1C;TUBA3C;TUBA3D;TUBA4A;TUBA8;TUBAL3;TUBB1;TUBB2A;TUBB2B;TUBB3;TUBB6;TUBB8	S:CBX1;CREB1;DAXX;DYNC1H1;DYNC1I1;DYNC1LI1;DYNC1LI2;DYNLL1;EED;EGFR;ELK1;EZH2;HDAC3;ITGB1;NCOR1;NCOR2;NFKB1;NUP107;NUP133;NUP153;NUP155;NUP160;NUP188;NUP205;NUP210;NUP35;NUP37;NUP43;NUP50;NUP54;NUP62;NUP85;NUP88;NUP93;NUP98;POM121;RAE1;RANBP2;RBBP4;RBBP7;SEC13;SEH1L;SUZ12;TBL1XR1;TPR;TUBA1B;TUBA3C;TUBA4A;TUBB1
S:REACTOME_MITOTIC_G1_PHASE_AND_G1_S_TRANSITION	D:138	S:ABL1;ADRM1;AKT1;AKT2;AKT3;CABLES1;CCNA1;CCNA2;CCNB1;CCND1;CCND2;CCND3;CCNE1;CCNE2;CCNH;CDC25A;CDC45;CDC6;CDC7;CDK1;CDK2;CDK4;CDK6;CDK7;CDKN1A;CDKN1B;CDKN1C;CDKN2A;CDKN2B;CDKN2C;CDKN2D;CDT1;CKS1B;CUL1;DBF4;DHFR;DYRK1A;E2F1;E2F2;E2F3;E2F4;E2F5;E2F6;FBXO5;GMNN;HDAC1;JAK2;LIN37;LIN52;LIN54;LIN9;LYN;MAX;MCM10;MCM2;MCM3;MCM4;MCM5;MCM6;MCM7;MCM8;MNAT1;MYBL2;MYC;ORC1;ORC2;ORC3;ORC4;ORC5;ORC6;PCNA;POLA1;POLA2;POLE;POLE2;POLE3;POLE4;PPP2CA;PPP2CB;PPP2R1A;PPP2R1B;PPP2R2A;PPP2R3B;PRIM1;PRIM2;PSMA1;PSMA2;PSMA3;PSMA4;PSMA5;PSMA6;PSMA7;PSMB1;PSMB2;PSMB3;PSMB4;PSMB5;PSMB6;PSMB7;PSMC1;PSMC2;PSMC3;PSMC4;PSMC5;PSMC6;PSMD1;PSMD11;PSMD12;PSMD13;PSMD14;PSMD2;PSMD3;PSMD6;PSMD7;PSMD8;PTK6;RB1;RBBP4;RBL1;RBL2;RPA1;RPA2;RPA3;RPA4;RPS27A;RRM2;SKP1;SKP2;SRC;TFDP1;TFDP2;TK1;TOP2A;TYMS;UBA52;UBB;UBC;WEE1	S:ABL1;AKT2;AKT3;CABLES1;CCNA1;CCNA2;CCNB1;CCND1;CCND2;CCNE1;CCNE2;CCNH;CDC45;CDC6;CDC7;CDK1;CDK4;CDK6;CDK7;CDKN1B;CDKN2A;CUL1;DHFR;DYRK1A;E2F1;E2F3;E2F5;E2F6;FBXO5;GMNN;HDAC1;LIN37;LIN52;LYN;MCM10;MCM2;MCM3;MCM4;MCM5;MCM6;MCM7;MCM8;MNAT1;MYC;ORC1;ORC2;ORC3;ORC4;ORC5;ORC6;PCNA;POLA1;POLA2;POLE;POLE3;PPP2CB;PPP2R1B;PPP2R2A;PRIM1;PRIM2;PSMA1;PSMA3;PSMA4;PSMA5;PSMA6;PSMA7;PSMB1;PSMB2;PSMB3;PSMB4;PSMC5;PSMC6;PSMD1;PSMD11;PSMD12;PSMD14;PSMD2;PSMD3;PSMD6;PSMD7;RB1;RBBP4;RBL1;RBL2;RPA1;RPA2;RPA3;RPS27A;RRM2;SKP2;TFDP2;TK1;TOP2A;TYMS;UBC;WEE1
S:REACTOME_REGULATION_OF_ENDOGENOUS_RETROELEMENTS	D:78	S:ACTB;ACTL6A;ARID1A;ARID1B;ATF7IP;BCL7A;BCL7B;BCL7C;CBX5;CHD3;CHD4;DNMT3A;DNMT3L;DPF1;DPF2;DPF3;EHMT1;EHMT2;GATAD2A;GATAD2B;HDAC1;HDAC2;MBD3;MORC2;MPHOSPH8;MTA1;MTA2;MTA3;PIWIL4;PPHLN1;RBBP4;RBBP7;RBM7;SETDB1;SMARCA2;SMARCA4;SMARCB1;SMARCC1;SMARCC2;SMARCD1;SMARCD2;SMARCD3;SMARCE1;SPOCD1;SS18;SS18L1;SUMO2;TRIM28;UBE2I;ZCCHC8;ZNF136;ZNF141;ZNF224;ZNF257;ZNF264;ZNF273;ZNF28;ZNF30;ZNF317;ZNF320;ZNF324;ZNF331;ZNF33A;ZNF354A;ZNF382;ZNF418;ZNF425;ZNF454;ZNF519;ZNF547;ZNF610;ZNF649;ZNF669;ZNF680;ZNF708;ZNF765;ZNF778;ZNF93	S:ACTB;ACTL6A;ARID1A;ATF7IP;BCL7A;CBX5;CHD4;DNMT3A;DPF2;DPF3;EHMT1;EHMT2;GATAD2A;GATAD2B;HDAC1;HDAC2;MORC2;MPHOSPH8;MTA3;PPHLN1;RBBP4;RBBP7;RBM7;SETDB1;SMARCA2;SMARCA4;SMARCC1;SMARCC2;SMARCD1;SMARCE1;SPOCD1;SS18;SS18L1;SUMO2;UBE2I;ZCCHC8;ZNF136;ZNF224;ZNF257;ZNF264;ZNF28;ZNF30;ZNF317;ZNF331;ZNF33A;ZNF354A;ZNF382;ZNF425;ZNF519;ZNF547;ZNF610;ZNF649;ZNF669;ZNF680;ZNF765;ZNF778
S:REACTOME_FC_EPSILON_RECEPTOR_FCERI_SIGNALING	D:118	S:ADRM1;AHCYL1;BCL10;BTK;BTRC;CALM1;CARD11;CDC34;CHUK;CUL1;FBXW11;FCER1A;FCER1G;FOS;FYN;GAB2;GRAP2;GRB2;HRAS;IGLV6-57;IKBKB;IKBKG;ITK;ITPR1;ITPR2;ITPR3;JUN;KRAS;LAT;LAT2;LCP2;LYN;MALT1;MAP2K4;MAP2K7;MAP3K1;MAP3K7;MAPK1;MAPK10;MAPK3;MAPK8;MAPK9;MS4A2;NFATC1;NFATC2;NFATC3;NFKB1;NFKBIA;NRAS;PAK1;PAK2;PDPK1;PIK3CA;PIK3CB;PIK3R1;PIK3R2;PLCG1;PLCG2;PPP3CA;PPP3CB;PPP3R1;PRKCQ;PSMA1;PSMA2;PSMA3;PSMA4;PSMA5;PSMA6;PSMA7;PSMB1;PSMB2;PSMB3;PSMB4;PSMB5;PSMB6;PSMB7;PSMC1;PSMC2;PSMC3;PSMC4;PSMC5;PSMC6;PSMD1;PSMD11;PSMD12;PSMD13;PSMD14;PSMD2;PSMD3;PSMD6;PSMD7;PSMD8;RAC1;RASGRP1;RASGRP2;RASGRP4;RELA;RPS27A;SHC1;SKP1;SOS1;SYK;TAB1;TAB2;TAB3;TEC;TRAF6;TXK;UBA52;UBB;UBC;UBE2D1;UBE2D2;UBE2N;UBE2V1;VAV1;VAV2;VAV3	S:AHCYL1;BCL10;BTRC;CALM1;CARD11;CUL1;FBXW11;FCER1A;FOS;FYN;GRAP2;GRB2;IGLV6-57;IKBKB;ITK;ITPR1;ITPR2;ITPR3;JUN;KRAS;LAT;LAT2;LCP2;LYN;MALT1;MAP2K4;MAP3K1;MAP3K7;MAPK1;MAPK8;MAPK9;MS4A2;NFATC1;NFATC2;NFATC3;NFKB1;NFKBIA;PAK1;PAK2;PIK3CA;PIK3CB;PIK3R1;PLCG1;PLCG2;PPP3CA;PPP3CB;PRKCQ;PSMA1;PSMA3;PSMA4;PSMA5;PSMA6;PSMA7;PSMB1;PSMB2;PSMB3;PSMB4;PSMC5;PSMC6;PSMD1;PSMD11;PSMD12;PSMD14;PSMD2;PSMD3;PSMD6;PSMD7;RAC1;RASGRP1;RASGRP2;RELA;RPS27A;SHC1;SOS1;SYK;TAB2;TAB3;TEC;TRAF6;TXK;UBC;UBE2D2;UBE2N;VAV1;VAV2;VAV3
S:REACTOME_THROMBIN_SIGNALLING_THROUGH_PROTEINASE_ACTIVATED_RECEPTORS_PARS	D:32	S:ARRB1;ARRB2;F2;F2R;F2RL2;F2RL3;GNA11;GNA12;GNA13;GNA14;GNA15;GNAQ;GNB1;GNB2;GNB3;GNB4;GNB5;GNG10;GNG11;GNG12;GNG13;GNG2;GNG3;GNG4;GNG5;GNG7;GNG8;GNGT1;GNGT2;MAPK1;MAPK3;SRC	S:ARRB1;ARRB2;F2RL2;F2RL3;GNA11;GNA12;GNA14;GNA15;GNAQ;GNB2;GNB4;GNG10;GNG11;GNG12;GNG13;GNG4;GNGT1;GNGT2;MAPK3;SRC
S:REACTOME_TRNA_MODIFICATION_IN_THE_NUCLEUS_AND_CYTOSOL	D:36	S:ADAT1;ADAT2;ADAT3;ALKBH8;CDKAL1;CTU1;CTU2;FTSJ1;LAGE3;LCMT2;METTL1;NSUN2;NSUN6;OSGEP;PUS1;PUS3;PUS7;QTRT1;THADA;THG1L;TP53RK;TPRKB;TRDMT1;TRIT1;TRMT1;TRMT11;TRMT112;TRMT12;TRMT5;TRMT6;TRMT61A;TYW1;TYW3;TYW5;URM1;WDR4	S:ADAT1;ADAT2;ALKBH8;FTSJ1;LAGE3;LCMT2;METTL1;NSUN2;NSUN6;OSGEP;PUS1;PUS3;PUS7;QTRT1;THADA;THG1L;TP53RK;TPRKB;TRDMT1;TRIT1;TRMT11;TRMT112;TRMT5;TRMT6;TYW1;TYW3;TYW5;WDR4
S:REACTOME_DNA_DOUBLE_STRAND_BREAK_REPAIR	D:122	S:ABL1;APBB1;ATM;ATR;ATRIP;BABAM1;BAP1;BARD1;BAZ1B;BLM;BRCA1;BRCA2;BRCC3;BRIP1;CCNA1;CCNA2;CDK2;CHEK1;CHEK2;CLSPN;DCLRE1C;DNA2;EME1;EME2;ERCC1;ERCC4;EXO1;EYA1;EYA2;EYA3;EYA4;FEN1;FIGNL1;GEN1;HERC2;HUS1;KAT5;KDM4A;KPNA2;LIG3;LIG4;MAPK8;MDC1;MUS81;NBN;NHEJ1;PALB2;PARP1;PARP2;PAXIP1;PCNA;PIAS4;POLD1;POLD2;POLD3;POLD4;POLE;POLE2;POLE3;POLE4;POLH;POLK;POLL;POLM;POLQ;PPP4C;PPP4R2;PPP5C;PRKDC;RAD1;RAD17;RAD50;RAD51;RAD51AP1;RAD51C;RAD52;RAD9A;RBBP8;RFC1;RFC2;RFC3;RFC4;RFC5;RIF1;RMI1;RNF168;RNF4;RNF8;RPA1;RPA2;RPA3;RPS27A;RTEL1;SIRT6;SLX1A;SLX4;SMARCA5;SUMO1;SUMO2;TDP1;TDP2;TIMELESS;TIPIN;TOP3A;TOPBP1;TP53;TP53BP1;UBA52;UBB;UBC;UBE2I;UBE2N;UBE2V2;UBXN1;UIMC1;WRN;XRCC1;XRCC2;XRCC3;XRCC4;XRCC5;XRCC6	S:ABL1;ATM;ATR;BARD1;BAZ1B;BLM;BRCA1;BRCA2;BRCC3;BRIP1;CCNA1;CCNA2;CHEK1;CHEK2;CLSPN;DCLRE1C;DNA2;EME1;ERCC4;EXO1;EYA1;EYA2;EYA3;FEN1;FIGNL1;GEN1;HERC2;HUS1;KAT5;KDM4A;KPNA2;LIG3;LIG4;MAPK8;MDC1;MUS81;NBN;NHEJ1;PALB2;PARP1;PARP2;PAXIP1;PCNA;POLD1;POLD2;POLD3;POLE;POLE3;POLH;POLK;PPP5C;PRKDC;RAD1;RAD17;RAD50;RAD51;RAD51AP1;RAD51C;RAD52;RBBP8;RFC1;RFC3;RFC4;RFC5;RIF1;RMI1;RNF168;RNF4;RNF8;RPA1;RPA2;RPA3;RPS27A;RTEL1;SLX4;SMARCA5;SUMO2;TDP1;TDP2;TIPIN;TOPBP1;TP53;TP53BP1;UBC;UBE2I;UBE2N;UIMC1;WRN;XRCC1;XRCC4;XRCC6
S:REACTOME_CYCLIN_A_B1_B2_ASSOCIATED_EVENTS_DURING_G2_M_TRANSITION	D:28	S:CCNA1;CCNA2;CCNB1;CCNB2;CCNH;CDC25A;CDC25B;CDC25C;CDK1;CDK2;CDK7;FOXM1;FZR1;HJURP;LCMT1;MIS18BP1;MNAT1;PKMYT1;PLK1;PPME1;PPP2CA;PPP2CB;PPP2R1A;PPP2R1B;PPP2R2A;PPP2R3B;WEE1;XPO1	S:CCNA1;CCNA2;CCNB1;CCNB2;CCNH;CDC25B;CDC25C;CDK1;CDK7;FOXM1;HJURP;LCMT1;MIS18BP1;MNAT1;PLK1;PPME1;PPP2CB;PPP2R1B;PPP2R2A;WEE1;XPO1
S:REACTOME_DEFENSINS	D:27	S:ART1;CCR2;CCR6;CD4;DEFA1;DEFA3;DEFA4;DEFA5;DEFA6;DEFB1;DEFB103B;DEFB104B;DEFB105B;DEFB106B;DEFB114;DEFB118;DEFB119;DEFB123;DEFB125;DEFB126;DEFB127;DEFB129;DEFB4A;PRSS2;PRSS3;TLR1;TLR2	S:CD4;DEFA1;DEFA3;DEFA4;DEFA5;DEFB1;DEFB103B;DEFB104B;DEFB105B;DEFB114;DEFB118;DEFB119;DEFB123;DEFB125;DEFB126;DEFB127;DEFB4A
S:REACTOME_METABOLISM_OF_PORPHYRINS	D:25	S:ABCC1;ABCC2;ABCG2;ALAD;ALAS1;ALAS2;ALB;BLVRA;BLVRB;COX10;COX15;CPOX;FABP1;FECH;FLVCR1;GSTA1;HMBS;HMOX1;HMOX2;PPOX;SLCO1B1;SLCO1B3;SLCO2B1;UROD;UROS	S:ABCC1;ABCG2;ALAD;ALAS1;ALAS2;BLVRB;FABP1;FECH;GSTA1;HMBS;PPOX;SLCO1B1;SLCO1B3;UROD;UROS
S:REACTOME_REGULATION_OF_PLK1_ACTIVITY_AT_G2_M_TRANSITION	D:78	S:ACTR1A;AKAP9;ALMS1;AURKA;BTRC;CCNB1;CCNB2;CCP110;CDK1;CDK5RAP2;CEP135;CEP152;CEP164;CEP192;CEP250;CEP290;CEP57;CEP63;CEP70;CEP72;CEP76;CETN2;CKAP5;CLASP1;CNTRL;CSNK1D;CSNK1E;CUL1;DCTN1;DCTN2;DCTN3;DYNC1H1;DYNC1I2;DYNLL1;FBXW11;HAUS1;HAUS2;HAUS3;HAUS4;HAUS5;HAUS6;HAUS7;HAUS8;HSP90AA1;MAPRE1;NDE1;NEDD1;NEK2;NINL;ODF2;OFD1;OPTN;PAFAH1B1;PCM1;PCNT;PLK1;PLK4;PPP1CB;PPP1R12A;PPP1R12B;PPP2R1A;PRKACA;PRKAR2B;RAB8A;RPS27A;SDCCAG8;SFI1;SKP1;SSNA1;TUBA1A;TUBA4A;TUBB;TUBG1;UBA52;UBB;UBC;YWHAE;YWHAG	S:AKAP9;ALMS1;AURKA;BTRC;CCNB1;CCNB2;CCP110;CDK1;CEP135;CEP152;CEP192;CEP250;CEP290;CEP57;CEP63;CEP70;CEP72;CEP76;CETN2;CKAP5;CLASP1;CNTRL;CSNK1E;CUL1;DCTN2;DYNC1H1;DYNLL1;FBXW11;HAUS1;HAUS2;HAUS3;HAUS5;HAUS6;HAUS8;HSP90AA1;MAPRE1;NDE1;NEDD1;NINL;ODF2;OFD1;PAFAH1B1;PCM1;PCNT;PLK1;PLK4;PPP1R12A;PPP1R12B;PRKAR2B;RPS27A;SFI1;TUBA4A;TUBB;TUBG1;UBC;YWHAG
S:REACTOME_TELOMERE_EXTENSION_BY_TELOMERASE	D:23	S:ACD;ANKRD28;CCNA1;CCNA2;CDK2;DKC1;GAR1;NHP2;NOP10;PIF1;POT1;PPP6C;PPP6R3;RTEL1;RUVBL1;RUVBL2;SHQ1;TERF1;TERF2;TERF2IP;TERT;TINF2;WRAP53	S:ACD;ANKRD28;CCNA1;CCNA2;DKC1;GAR1;NHP2;NOP10;PIF1;POT1;PPP6C;PPP6R3;RTEL1;RUVBL1;SHQ1;TERF1;TERF2;TERF2IP;TINF2;WRAP53
S:REACTOME_P38MAPK_EVENTS	D:13	S:HRAS;KRAS;MAPK11;MAPK12;MAPK13;MAPK14;MAPKAPK2;MAPKAPK3;NRAS;RALA;RALB;RALGDS;SRC	S:HRAS;MAPK11;MAPK12;MAPK13;MAPK14;MAPKAPK2;MAPKAPK3;NRAS;RALB;RALGDS;SRC
S:REACTOME_ENOS_ACTIVATION	D:13	S:AKT1;CALM1;CAV1;CYB5B;CYGB;DDAH1;HSP90AA1;LYPLA1;NMT1;NMT2;NOS3;SPR;ZDHHC21	S:CALM1;CAV1;CYB5B;DDAH1;HSP90AA1;LYPLA1;NMT1;NMT2;SPR;ZDHHC21
S:REACTOME_HDR_THROUGH_HOMOLOGOUS_RECOMBINATION_HRR	D:60	S:ATM;ATR;ATRIP;BARD1;BLM;BRCA1;BRCA2;BRIP1;CHEK1;DNA2;EME1;EME2;EXO1;FIGNL1;GEN1;HUS1;KAT5;MUS81;NBN;PALB2;PCNA;POLD1;POLD2;POLD3;POLD4;POLE;POLE2;POLE3;POLE4;POLH;POLK;RAD1;RAD17;RAD50;RAD51;RAD51AP1;RAD51C;RAD9A;RBBP8;RFC1;RFC2;RFC3;RFC4;RFC5;RMI1;RPA1;RPA2;RPA3;RPS27A;RTEL1;SLX1A;SLX4;TOP3A;TOPBP1;UBA52;UBB;UBC;WRN;XRCC2;XRCC3	S:ATM;ATR;BARD1;BLM;BRCA1;BRCA2;BRIP1;CHEK1;DNA2;EME1;EXO1;FIGNL1;GEN1;HUS1;KAT5;MUS81;NBN;PALB2;PCNA;POLD1;POLD2;POLD3;POLE;POLE3;POLH;POLK;RAD1;RAD17;RAD50;RAD51;RAD51AP1;RAD51C;RBBP8;RFC1;RFC3;RFC4;RFC5;RMI1;RPA1;RPA2;RPA3;RPS27A;RTEL1;SLX4;TOPBP1;UBC;WRN
S:REACTOME_BRANCHED_CHAIN_AMINO_ACID_CATABOLISM	D:21	S:ACAD8;ACADSB;ACAT1;ALDH6A1;AUH;BCAT1;BCAT2;BCKDHA;BCKDHB;BCKDK;DBT;DLD;ECHS1;HIBADH;HIBCH;HSD17B10;IVD;MCCC1;MCCC2;PPM1K;SLC25A44	S:ACADSB;ACAT1;ALDH6A1;AUH;BCAT1;BCAT2;BCKDHB;DBT;DLD;HIBADH;HIBCH;HSD17B10;IVD;MCCC1;MCCC2;PPM1K
S:REACTOME_HDR_THROUGH_SINGLE_STRAND_ANNEALING_SSA	D:33	S:ABL1;ATM;ATR;ATRIP;BARD1;BLM;BRCA1;BRIP1;DNA2;ERCC1;ERCC4;EXO1;HUS1;KAT5;NBN;RAD1;RAD17;RAD50;RAD51;RAD52;RAD9A;RBBP8;RFC2;RFC3;RFC4;RFC5;RMI1;RPA1;RPA2;RPA3;TOP3A;TOPBP1;WRN	S:ABL1;ATM;ATR;BARD1;BLM;BRCA1;BRIP1;DNA2;ERCC4;EXO1;HUS1;KAT5;NBN;RAD1;RAD17;RAD50;RAD51;RAD52;RBBP8;RFC3;RFC4;RFC5;RMI1;RPA1;RPA2;RPA3;TOPBP1;WRN
S:REACTOME_TP53_REGULATES_TRANSCRIPTION_OF_ADDITIONAL_CELL_CYCLE_GENES_WHOSE_EXACT_ROLE_IN_THE_P53_PATHWAY_REMAIN_UNCERTAIN	D:17	S:BTG2;CDC25C;CNOT1;CNOT10;CNOT2;CNOT3;CNOT4;CNOT6;CNOT6L;CNOT7;CNOT8;NPM1;PLAGL1;PLK2;PLK3;TNKS1BP1;TP53	S:BTG2;CDC25C;CNOT1;CNOT10;CNOT2;CNOT4;CNOT6;CNOT6L;CNOT7;CNOT8;NPM1;PLAGL1;PLK2;TP53
S:REACTOME_FORMATION_OF_THE_BETA_CATENIN_TCF_TRANSACTIVATING_COMPLEX	D:32	S:ASH2L;AXIN2;BCL9;BCL9L;CDC73;CREBBP;CTNNB1;DPY30;EP300;HDAC1;KAT5;LEF1;LEO1;MEN1;MYC;PYGO1;PYGO2;RBBP5;RUNX3;RUVBL1;SMARCA4;TCF4;TCF7;TCF7L1;TCF7L2;TERT;TLE1;TLE2;TLE3;TLE4;TRRAP;WDR5	S:ASH2L;AXIN2;BCL9;BCL9L;CDC73;CREBBP;DPY30;EP300;HDAC1;KAT5;LEF1;LEO1;MEN1;MYC;RBBP5;RUNX3;RUVBL1;SMARCA4;TCF4;TCF7;TLE1;TLE2;TLE4;TRRAP;WDR5
S:REACTOME_HIV_INFECTION	D:202	S:AAAS;ADRM1;AP1B1;AP1G1;AP1M1;AP1M2;AP1S1;AP1S2;AP1S3;AP2A1;AP2A2;AP2B1;AP2M1;AP2S1;APOBEC3G;ARF1;ATP6V1H;B2M;BANF1;BTRC;CCNH;CCNK;CCNT1;CCNT2;CCR5;CD247;CD28;CD4;CD8B;CDK7;CDK9;CHMP2A;CHMP2B;CHMP4A;CHMP4B;CHMP4C;CHMP5;CHMP6;CHMP7;CTDP1;CUL5;CXCR4;DOCK2;ELL;ELMO1;ERCC2;ERCC3;FEN1;FURIN;FYN;GTF2A1;GTF2A2;GTF2B;GTF2E1;GTF2E2;GTF2F1;GTF2F2;GTF2H1;GTF2H3;GTF2H4;GTF2H5;HCK;HLA-A;HMGA1;KPNA1;KPNB1;LCK;LIG1;LIG4;MNAT1;NCBP1;NCBP2;NEDD4L;NMT1;NMT2;NPM1;NUP107;NUP133;NUP153;NUP155;NUP160;NUP188;NUP205;NUP210;NUP214;NUP35;NUP37;NUP43;NUP50;NUP54;NUP62;NUP85;NUP88;NUP93;NUP98;PACS1;PAK2;PDCD6IP;POLR2A;POLR2B;POLR2C;POLR2D;POLR2E;POLR2F;POLR2G;POLR2H;POLR2I;POLR2J;POLR2K;POLR2L;POM121;PPIA;PSIP1;PSMA1;PSMA2;PSMA3;PSMA4;PSMA5;PSMA6;PSMA7;PSMB1;PSMB2;PSMB3;PSMB4;PSMB5;PSMB6;PSMB7;PSMC1;PSMC2;PSMC3;PSMC4;PSMC5;PSMC6;PSMD1;PSMD11;PSMD12;PSMD13;PSMD14;PSMD2;PSMD3;PSMD6;PSMD7;PSMD8;RAC1;RAE1;RAN;RANBP1;RANBP2;RANGAP1;RBX1;RCC1;RNGTT;RNMT;RPS27A;SEC13;SEH1L;SKP1;SLC25A4;SLC25A5;SLC25A6;SSRP1;SUPT16H;SUPT4H1;SUPT5H;TAF1;TAF10;TAF11;TAF12;TAF13;TAF15;TAF1L;TAF2;TAF3;TAF4;TAF4B;TAF5;TAF6;TAF7;TAF7L;TAF8;TAF9;TAF9B;TBP;TCEA1;TPR;TSG101;UBA52;UBAP1;UBB;UBC;VPS28;VPS37A;VPS37B;VPS37C;VPS37D;VPS4A;VPS4B;VTA1;XPO1;XRCC4;XRCC5;XRCC6	S:AP1G1;AP1S1;AP1S3;APOBEC3G;ARF1;ATP6V1H;B2M;BTRC;CCNH;CCNK;CCNT1;CCNT2;CCR5;CD247;CD28;CDK7;CHMP2A;CHMP2B;CHMP4A;CUL5;CXCR4;DOCK2;ELMO1;ERCC3;FEN1;FYN;GTF2A1;GTF2A2;GTF2B;GTF2E1;GTF2E2;GTF2F1;GTF2F2;GTF2H1;GTF2H3;GTF2H4;GTF2H5;HLA-A;KPNA1;KPNB1;LCK;LIG1;LIG4;MNAT1;NCBP1;NCBP2;NMT1;NMT2;NPM1;NUP107;NUP133;NUP153;NUP155;NUP160;NUP188;NUP205;NUP210;NUP35;NUP37;NUP43;NUP50;NUP54;NUP62;NUP85;NUP88;NUP93;NUP98;PACS1;PAK2;PDCD6IP;POLR2B;POLR2G;POLR2K;POLR2L;POM121;PSIP1;PSMA1;PSMA3;PSMA4;PSMA5;PSMA6;PSMA7;PSMB1;PSMB2;PSMB3;PSMB4;PSMC5;PSMC6;PSMD1;PSMD11;PSMD12;PSMD14;PSMD2;PSMD3;PSMD6;PSMD7;RAC1;RAE1;RAN;RANBP1;RANBP2;RANGAP1;RNGTT;RNMT;RPS27A;SEC13;SEH1L;SLC25A4;SLC25A5;SSRP1;SUPT16H;TAF1;TAF12;TAF15;TAF1L;TAF2;TAF3;TAF4;TAF4B;TAF5;TAF6;TAF7;TAF7L;TAF8;TAF9;TAF9B;TBP;TCEA1;TPR;TSG101;UBC;VPS28;VPS37A;VPS37C;VPS4A;VPS4B;VTA1;XPO1;XRCC4;XRCC6
S:REACTOME_ERCC6_CSB_AND_EHMT2_G9A_POSITIVELY_REGULATE_RRNA_EXPRESSION	D:16	S:CBX3;CHD3;CHD4;EHMT2;ERCC6;GATAD2A;GATAD2B;HDAC1;HDAC2;MBD3;MTA1;MTA2;MTA3;RBBP4;RBBP7;TTF1	S:CBX3;CHD4;EHMT2;ERCC6;GATAD2A;GATAD2B;HDAC1;HDAC2;MTA3;RBBP4;RBBP7;TTF1
S:REACTOME_REGULATION_OF_BETA_CELL_DEVELOPMENT	D:41	S:AKT1;AKT2;AKT3;CREBBP;EP300;FGF10;FOXA2;FOXA3;FOXO1;GCK;HES1;HNF1A;HNF1B;HNF4A;HNF4G;IAPP;INS;INSM1;KAT2A;KAT2B;MAFA;MAML1;MAML2;MAML3;MAMLD1;NEUROD1;NEUROG3;NKX2-2;NKX6-1;NOTCH1;NR5A2;ONECUT1;PAX4;PAX6;PDX1;PKLR;PTF1A;RBPJ;RFX6;SLC2A2;SNW1	S:AKT1;FGF10;FOXA2;FOXA3;HES1;HNF1A;HNF1B;HNF4A;HNF4G;IAPP;INS;INSM1;KAT2B;MAFA;MAML2;NEUROD1;NEUROG3;NKX2-2;NR5A2;ONECUT1;PAX4;PAX6;PDX1;PKLR;PTF1A;RBPJ;RFX6;SLC2A2
S:REACTOME_HOMOLOGY_DIRECTED_REPAIR	D:93	S:ABL1;ATM;ATR;ATRIP;BABAM1;BARD1;BLM;BRCA1;BRCA2;BRCC3;BRIP1;CCNA1;CCNA2;CDK2;CHEK1;CLSPN;DNA2;EME1;EME2;ERCC1;ERCC4;EXO1;FEN1;FIGNL1;GEN1;HERC2;HUS1;KAT5;LIG3;MDC1;MUS81;NBN;PALB2;PARP1;PARP2;PCNA;PIAS4;POLD1;POLD2;POLD3;POLD4;POLE;POLE2;POLE3;POLE4;POLH;POLK;POLQ;PPP4C;PPP4R2;RAD1;RAD17;RAD50;RAD51;RAD51AP1;RAD51C;RAD52;RAD9A;RBBP8;RFC1;RFC2;RFC3;RFC4;RFC5;RMI1;RNF168;RNF4;RNF8;RPA1;RPA2;RPA3;RPS27A;RTEL1;SIRT6;SLX1A;SLX4;SUMO2;TIMELESS;TIPIN;TOP3A;TOPBP1;TP53BP1;UBA52;UBB;UBC;UBE2I;UBE2N;UBE2V2;UIMC1;WRN;XRCC1;XRCC2;XRCC3	S:ABL1;ATM;ATR;BARD1;BLM;BRCA1;BRCA2;BRCC3;BRIP1;CCNA1;CCNA2;CHEK1;CLSPN;DNA2;EME1;ERCC4;EXO1;FEN1;FIGNL1;GEN1;HERC2;HUS1;KAT5;LIG3;MDC1;MUS81;NBN;PALB2;PARP1;PARP2;PCNA;POLD1;POLD2;POLD3;POLE;POLE3;POLH;POLK;RAD1;RAD17;RAD50;RAD51;RAD51AP1;RAD51C;RAD52;RBBP8;RFC1;RFC3;RFC4;RFC5;RMI1;RNF168;RNF4;RNF8;RPA1;RPA2;RPA3;RPS27A;RTEL1;SLX4;SUMO2;TIPIN;TOPBP1;TP53BP1;UBC;UBE2I;UBE2N;UIMC1;WRN;XRCC1
S:REACTOME_MEIOSIS	D:56	S:ACD;ATM;ATR;BLM;BRCA1;BRCA2;CDK2;CDK4;DIDO1;DMC1;FIGNL1;FKBP6;HSPA2;LMNA;LMNB1;MLH1;MLH3;MND1;MSH4;NBN;POT1;PRDM9;PSMC3IP;RAD21;RAD50;RAD51;RAD51C;RBBP8;REC8;RPA1;RPA2;RPA3;SMC1A;SMC1B;SMC3;SPO11;STAG1;STAG2;STAG3;SUN1;SUN2;SYCE1;SYCE2;SYCP1;SYCP2;SYCP3;SYNE1;SYNE2;TERF1;TERF2;TERF2IP;TEX12;TEX15;TINF2;TOP3A;UBE2I	S:ACD;ATM;ATR;BLM;BRCA1;BRCA2;CDK4;DIDO1;FIGNL1;HSPA2;LMNA;MLH1;MLH3;MND1;MSH4;NBN;POT1;PRDM9;PSMC3IP;RAD21;RAD50;RAD51;RAD51C;RBBP8;RPA1;RPA2;RPA3;SMC1A;SMC3;STAG1;STAG2;STAG3;SUN2;SYCP2;SYCP3;SYNE1;SYNE2;TERF1;TERF2;TERF2IP;TEX12;TINF2;UBE2I
S:REACTOME_RNA_POLYMERASE_I_TRANSCRIPTION_INITIATION	D:43	S:CCNH;CDK7;CHD3;CHD4;EHMT2;ERCC2;ERCC3;ERCC6;GATAD2A;GATAD2B;GTF2H1;GTF2H3;GTF2H4;GTF2H5;HDAC1;HDAC2;KAT2A;KAT2B;MBD3;MNAT1;MTA1;MTA2;MTA3;POLR1A;POLR1B;POLR1C;POLR1D;POLR1E;POLR2E;POLR2F;POLR2H;POLR2K;POLR2L;RBBP4;RBBP7;RRN3;TAF1A;TAF1B;TAF1C;TAF1D;TBP;TTF1;UBTF	S:CCNH;CDK7;CHD4;EHMT2;ERCC3;ERCC6;GATAD2A;GATAD2B;GTF2H1;GTF2H3;GTF2H4;GTF2H5;HDAC1;HDAC2;KAT2A;MNAT1;MTA3;POLR1B;POLR1C;POLR1E;POLR2K;POLR2L;RBBP4;RBBP7;RRN3;TAF1A;TAF1B;TAF1C;TAF1D;TBP;TTF1;UBTF
S:REACTOME_HATS_ACETYLATE_HISTONES	D:63	S:ACTB;ACTL6A;ATF2;ATXN7;ATXN7L3;BRD1;BRD8;BRPF1;BRPF3;CLOCK;CREBBP;DMAP1;DR1;ELP2;ELP3;ELP4;ENY2;EP300;EP400;EPC1;HAT1;HCFC1;ING3;ING4;ING5;KAT2A;KAT2B;KAT5;MBIP;MCRS1;MEAF6;MORF4L1;MORF4L2;MSL1;MSL2;MSL3;NCOA1;NCOA2;OGT;PAX3;PHF20;RBBP7;RUVBL1;RUVBL2;SAP130;SUPT3H;SUPT7L;TADA1;TADA2A;TADA2B;TADA3;TAF10;TAF12;TAF5L;TAF6L;TAF9;TRRAP;USP22;VPS72;WDR5;YEATS2;YEATS4;ZZZ3	S:ACTB;ACTL6A;ATF2;ATXN7;BRD1;BRD8;BRPF1;BRPF3;CLOCK;CREBBP;DMAP1;DR1;ELP2;ELP3;ELP4;ENY2;EP300;EP400;EPC1;ING3;ING5;KAT2A;KAT5;MBIP;MEAF6;MORF4L1;MORF4L2;MSL2;NCOA1;NCOA2;PHF20;RBBP7;RUVBL1;SAP130;SUPT3H;SUPT7L;TADA1;TADA2A;TADA2B;TAF12;TAF5L;TAF6L;TAF9;TRRAP;WDR5;YEATS4;ZZZ3
S:REACTOME_DEFECTS_IN_VITAMIN_AND_COFACTOR_METABOLISM	D:20	S:ABCD4;ACACA;AMN;BTD;CD320;CUBN;HLCS;LMBRD1;MCCC1;MCCC2;MMAA;MMAB;MMACHC;MMADHC;MTR;MTRR;PC;PCCA;PCCB;TCN2	S:ABCD4;ACACA;BTD;CUBN;HLCS;LMBRD1;MCCC1;MCCC2;MMAA;MMAB;MMACHC;MMADHC;MTR;MTRR;PC;PCCA;TCN2
S:REACTOME_VIRAL_MESSENGER_RNA_SYNTHESIS	D:40	S:AAAS;GTF2F1;GTF2F2;NUP107;NUP133;NUP153;NUP155;NUP160;NUP188;NUP205;NUP210;NUP214;NUP35;NUP37;NUP43;NUP50;NUP54;NUP62;NUP85;NUP88;NUP93;NUP98;POLR2A;POLR2B;POLR2C;POLR2D;POLR2E;POLR2F;POLR2G;POLR2H;POLR2I;POLR2J;POLR2K;POLR2L;POM121;RAE1;RANBP2;SEC13;SEH1L;TPR	S:GTF2F1;GTF2F2;NUP107;NUP133;NUP153;NUP155;NUP160;NUP188;NUP205;NUP210;NUP35;NUP37;NUP43;NUP50;NUP54;NUP62;NUP85;NUP88;NUP93;NUP98;POLR2B;POLR2G;POLR2K;POLR2L;POM121;RAE1;RANBP2;SEC13;SEH1L;TPR
S:REACTOME_FOLDING_OF_ACTIN_BY_CCT_TRIC	D:10	S:ACTB;CCT2;CCT3;CCT4;CCT5;CCT6A;CCT6B;CCT7;CCT8;TCP1	S:ACTB;CCT2;CCT3;CCT4;CCT5;CCT6A;CCT6B;CCT7;CCT8;TCP1
S:REACTOME_TRANSLATION	D:325	S:AARS2;ABCE1;ADRM1;AIMP1;AIMP2;ANKZF1;APEH;ASCC2;ASCC3;AURKAIP1;CARS2;CHCHD1;CUL2;DAP3;DARS2;DDOST;EARS2;EEF1A1;EEF1A2;EEF1B2;EEF1D;EEF1E1;EEF1G;EEF2;EIF1AX;EIF2B1;EIF2B2;EIF2B3;EIF2B4;EIF2B5;EIF2S1;EIF2S2;EIF2S3;EIF3A;EIF3B;EIF3C;EIF3D;EIF3E;EIF3F;EIF3G;EIF3H;EIF3I;EIF3J;EIF3K;EIF3L;EIF3M;EIF4A1;EIF4A2;EIF4B;EIF4E;EIF4EBP1;EIF4G1;EIF4H;EIF5;EIF5B;ERAL1;ETF1;FARS2;FARSA;FARSB;FAU;GADD45GIP1;GFM1;GFM2;GSPT1;GSPT2;HARS2;HBS1L;IARS2;KLHDC10;LARS2;LTN1;MARS2;MRPL1;MRPL10;MRPL11;MRPL12;MRPL13;MRPL14;MRPL15;MRPL16;MRPL17;MRPL18;MRPL19;MRPL2;MRPL20;MRPL21;MRPL22;MRPL23;MRPL24;MRPL27;MRPL28;MRPL3;MRPL30;MRPL32;MRPL33;MRPL34;MRPL35;MRPL36;MRPL37;MRPL38;MRPL39;MRPL4;MRPL40;MRPL41;MRPL42;MRPL43;MRPL44;MRPL45;MRPL46;MRPL47;MRPL48;MRPL49;MRPL50;MRPL51;MRPL52;MRPL53;MRPL54;MRPL55;MRPL9;MRPS10;MRPS11;MRPS12;MRPS14;MRPS15;MRPS16;MRPS17;MRPS18A;MRPS18B;MRPS18C;MRPS2;MRPS21;MRPS22;MRPS23;MRPS24;MRPS25;MRPS26;MRPS27;MRPS28;MRPS30;MRPS31;MRPS33;MRPS34;MRPS35;MRPS5;MRPS6;MRPS7;MRPS9;MRRF;MTFMT;MTIF2;MTIF3;MTRF1;MTRF1L;NARS2;NDUFAB1;NEMF;NPLOC4;OXA1L;PABPC1;PARS2;PELO;PPA1;PPA2;PSMA1;PSMA2;PSMA3;PSMA4;PSMA5;PSMA6;PSMA7;PSMB1;PSMB2;PSMB3;PSMB4;PSMB5;PSMB6;PSMB7;PSMC1;PSMC2;PSMC3;PSMC4;PSMC5;PSMC6;PSMD1;PSMD11;PSMD12;PSMD13;PSMD14;PSMD2;PSMD3;PSMD6;PSMD7;PSMD8;PTCD3;RARS2;RBX1;RCHY1;RPL10;RPL10A;RPL10L;RPL11;RPL12;RPL13;RPL13A;RPL14;RPL15;RPL17;RPL18;RPL18A;RPL19;RPL21;RPL22;RPL22L1;RPL23;RPL23A;RPL24;RPL26;RPL26L1;RPL27;RPL27A;RPL28;RPL29;RPL3;RPL30;RPL31;RPL32;RPL34;RPL35;RPL35A;RPL36;RPL36A;RPL36AL;RPL37;RPL37A;RPL38;RPL39;RPL39L;RPL3L;RPL4;RPL41;RPL5;RPL6;RPL7;RPL7A;RPL8;RPL9;RPLP0;RPLP1;RPLP2;RPN1;RPN2;RPS10;RPS11;RPS12;RPS13;RPS14;RPS15;RPS15A;RPS16;RPS17;RPS18;RPS19;RPS2;RPS20;RPS21;RPS23;RPS24;RPS25;RPS26;RPS27;RPS27A;RPS27L;RPS28;RPS29;RPS3;RPS3A;RPS4X;RPS4Y1;RPS4Y2;RPS5;RPS6;RPS7;RPS8;RPS9;RPSA;SARS2;SEC11A;SEC11C;SEC61A1;SEC61A2;SEC61B;SEC61G;SPCS1;SPCS2;SPCS3;SRP14;SRP19;SRP54;SRP68;SRP72;SRP9;SRPRB;SSR1;SSR2;SSR3;SSR4;TARS2;TCF25;TRAM1;TRIP4;TRMT112;TSFM;TUFM;UBA52;UBB;UBC;UBE2D1;UBE2D2;UBE2D3;VARS2;VCP;WARS2;YARS2;ZNF598	S:AARS2;ABCE1;AIMP1;AIMP2;ASCC3;AURKAIP1;CARS2;CUL2;DAP3;DARS2;DDOST;EARS2;EEF1A2;EEF1B2;EEF1D;EEF1E1;EEF1G;EIF1AX;EIF2B1;EIF2B3;EIF2S1;EIF2S2;EIF3A;EIF3C;EIF3D;EIF3E;EIF3F;EIF3H;EIF3J;EIF3K;EIF3L;EIF3M;EIF4A1;EIF4A2;EIF4B;EIF4H;EIF5;EIF5B;ETF1;FARS2;FARSB;GFM1;GFM2;GSPT2;HARS2;HBS1L;IARS2;LARS2;LTN1;MARS2;MRPL1;MRPL10;MRPL13;MRPL14;MRPL16;MRPL17;MRPL18;MRPL19;MRPL20;MRPL21;MRPL24;MRPL3;MRPL32;MRPL34;MRPL35;MRPL38;MRPL39;MRPL43;MRPL44;MRPL45;MRPL46;MRPL47;MRPL48;MRPL50;MRPL51;MRPL52;MRPL54;MRPL55;MRPL9;MRPS10;MRPS12;MRPS14;MRPS16;MRPS17;MRPS18B;MRPS2;MRPS22;MRPS23;MRPS24;MRPS25;MRPS26;MRPS27;MRPS28;MRPS30;MRPS31;MRPS33;MRPS34;MRPS35;MRPS5;MRPS6;MRPS7;MRPS9;MTFMT;MTIF2;MTIF3;MTRF1;MTRF1L;NARS2;NDUFAB1;NEMF;PABPC1;PARS2;PELO;PPA1;PPA2;PSMA1;PSMA3;PSMA4;PSMA5;PSMA6;PSMA7;PSMB1;PSMB2;PSMB3;PSMB4;PSMC5;PSMC6;PSMD1;PSMD11;PSMD12;PSMD14;PSMD2;PSMD3;PSMD6;PSMD7;PTCD3;RARS2;RCHY1;RPL10;RPL10A;RPL10L;RPL12;RPL13;RPL13A;RPL14;RPL15;RPL18;RPL18A;RPL19;RPL22;RPL23A;RPL26;RPL27;RPL27A;RPL28;RPL29;RPL3;RPL30;RPL32;RPL35;RPL35A;RPL36;RPL36A;RPL36AL;RPL37;RPL37A;RPL38;RPL39L;RPL4;RPL5;RPL6;RPL7A;RPL8;RPLP0;RPLP1;RPLP2;RPN1;RPN2;RPS11;RPS13;RPS15;RPS16;RPS18;RPS19;RPS20;RPS21;RPS23;RPS25;RPS26;RPS27A;RPS27L;RPS28;RPS4X;RPS4Y1;RPS4Y2;RPS6;RPS8;SARS2;SEC11A;SEC11C;SEC61A1;SEC61A2;SEC61B;SEC61G;SPCS1;SPCS2;SPCS3;SRP14;SRP19;SRP54;SRP68;SRP72;SRP9;SRPRB;SSR1;TARS2;TCF25;TRAM1;TRIP4;TRMT112;TSFM;TUFM;UBC;UBE2D2;UBE2D3;VARS2;VCP;WARS2;YARS2;ZNF598
S:REACTOME_EXPRESSION_OF_BMAL_ARNTL_CLOCK_AND_NPAS2	D:32	S:ATF2;CHD9;CLOCK;CREB1;CREBBP;CRTC1;CRTC2;CRTC3;EP300;HDAC3;MED1;MEF2C;MEF2D;NCOA1;NCOA2;NCOA6;NCOR1;NPAS2;NR1D1;NRIP1;PPARA;PPARGC1A;RAI1;RORA;RORB;RORC;RXRA;SIRT1;SMARCD3;TBL1X;TBL1XR1;TGS1	S:ATF2;CHD9;CLOCK;CREB1;CREBBP;CRTC1;CRTC3;EP300;HDAC3;MED1;MEF2C;NCOA1;NCOA2;NCOA6;NCOR1;NR1D1;NRIP1;PPARA;PPARGC1A;RORA;RORC;SIRT1;TBL1XR1;TGS1
S:REACTOME_POLYMERASE_SWITCHING	D:14	S:PCNA;POLA1;POLA2;POLD1;POLD2;POLD3;POLD4;PRIM1;PRIM2;RFC1;RFC2;RFC3;RFC4;RFC5	S:PCNA;POLA1;POLA2;POLD1;POLD2;POLD3;PRIM1;PRIM2;RFC1;RFC3;RFC4;RFC5
S:REACTOME_DENGUE_VIRUS_INFECTION	D:327	S:ACOT2;AGRN;AP2A1;AP2A2;AP2B1;AP2M1;AP2S1;APOA1;AQR;ATG14;ATG7;ATL2;AUP1;AXL;BAG2;BCAS2;BECN1;BTF3;BUD31;C1QA;C1S;C4B;C4BPA;C4BPB;CALR;CAMK2A;CAMK2B;CAMK2D;CAMK2G;CANX;CCAR1;CD14;CD209;CD2BP2;CD300A;CD33;CDC40;CDC5L;CDC73;CHERP;CLDN1;CLEC5A;CLINT1;CLP1;CLU;COG1;CPSF1;CPSF2;CPSF3;CPSF4;CPSF6;CPSF7;CRNKL1;CSTF1;CSTF2;CSTF2T;CSTF3;CTNNB1;CTNNBL1;CTR9;CWC15;CWC22;CWC25;CWC27;DAD1;DAXX;DDOST;DDX23;DDX3X;DDX42;DDX46;DDX5;DHX15;DHX16;DHX38;DHX9;DNAJA2;DNAJB11;DNAJC10;DNAJC3;DNAJC8;DPM1;DPM2;DPM3;DYNLT1;EFTUD2;EIF4A1;EIF4A2;EIF4A3;EIF4E;EIF4E3;EIF4G1;EIF4G2;EIF4G3;ELAVL1;ELAVL2;EXOC1;F2;FASN;FIP1L1;FURIN;FUS;GAS6;GBF1;GPC1;GPC2;GPC3;GPC4;GPC5;GPC6;GPKOW;GRPEL1;GTF2F1;GTF2F2;HAVCR1;HDLBP;HNRNPA0;HNRNPA1;HNRNPA2B1;HNRNPA3;HNRNPC;HNRNPD;HNRNPF;HNRNPH1;HNRNPH2;HNRNPK;HNRNPL;HNRNPM;HNRNPR;HNRNPU;HNRNPUL1;HSP90AA1;HSP90AB1;HSPA1A;HSPA5;HSPA8;HSPG2;HYOU1;IFIH1;IKBKE;IPO7;ISY1;KDELR1;KPNA1;KPNA2;KPNA3;KPNA4;KPNA5;KPNB1;LEO1;LY6E;LY96;LYN;MAGT1;MAP1LC3B;MAPKAP1;MAPRE3;MAVS;MBL2;MERTK;MLST8;MMP9;MRC1;MTOR;NACA;NCBP1;NCBP2;NCL;NEK2;NFKBIA;NFKBIB;NMT1;NPLOC4;NRBP1;NUDT21;OST4;OSTC;P4HA1;P4HA2;P4HA3;P4HB;PABPC1;PABPN1;PAF1;PAPOLA;PCBP1;PCBP2;PCF11;PDCD6IP;PDIA3;PEX19;PHF5A;PIK3C3;PIK3R1;PIK3R4;PLRG1;PML;POLR2A;POLR2B;POLR2C;POLR2D;POLR2E;POLR2F;POLR2G;POLR2H;POLR2I;POLR2J;POLR2K;POLR2L;PPIE;PPIL1;PPIL3;PPIL4;PPIL6;PQBP1;PRCC;PRKG1;PRKG2;PROS1;PRPF19;PRPF6;PRPF8;PRR5;PTBP1;PUF60;RBM10;RBM17;RBM22;RBM5;RBMX;RICTOR;RIPK1;RNASEK;RNPS1;RPL18;RPN1;RPN2;RPS27A;RPSA;RPTOR;RRBP1;RTF1;RTN3;SCAP;SDC1;SDC2;SDC3;SDC4;SEC11A;SEC11C;SF3A1;SF3A2;SF3A3;SF3B1;SF3B2;SF3B3;SF3B4;SF3B5;SMNDC1;SNRNP200;SNRNP40;SNRPA1;SNRPB;SNRPB2;SNRPD1;SNRPD2;SNRPD3;SNRPE;SNRPF;SNRPG;SNRPN;SNW1;SPCS1;SPCS2;SPCS3;SRRM1;SRRM2;SRRT;SRSF1;SRSF11;SRSF2;SRSF3;SRSF4;SRSF5;SRSF6;SRSF7;SRSF9;STAT2;STT3A;STT3B;SUGP1;SUMO1;SUN2;SYMPK;TAL1;TAOK1;TIMD4;TJP1;TLR4;TRIM25;TSG101;TUSC3;TXNL4A;TYRO3;U2AF1;U2AF1L4;U2AF2;U2SURP;UBA1;UBA3;UBA5;UBA52;UBA6;UBA7;UBB;UBC;UBE2I;UBR4;VCP;VIM;VTN;WBP11;WDR33;XAB2;XPO1;XRN1;YBX1	S:ACOT2;AQR;ATG14;ATG7;ATL2;BAG2;BCAS2;C4BPB;CALR;CAMK2A;CAMK2B;CAMK2D;CAMK2G;CANX;CCAR1;CD14;CD209;CD33;CDC40;CDC73;CHERP;CLINT1;CLP1;CLU;COG1;CPSF1;CPSF2;CPSF3;CPSF6;CRNKL1;CSTF1;CSTF2;CSTF2T;CSTF3;CTR9;CWC15;CWC22;CWC25;CWC27;DAD1;DAXX;DDOST;DDX23;DDX3X;DDX42;DDX46;DDX5;DHX15;DHX16;DHX38;DHX9;DNAJB11;DNAJC10;DNAJC3;DNAJC8;DPM1;EFTUD2;EIF4A1;EIF4A2;EIF4A3;EIF4G2;EIF4G3;ELAVL1;EXOC1;F2;FASN;FIP1L1;FUS;GBF1;GPC1;GPC2;GPC3;GPKOW;GRPEL1;GTF2F1;GTF2F2;HAVCR1;HNRNPA0;HNRNPA1;HNRNPA2B1;HNRNPA3;HNRNPC;HNRNPD;HNRNPH1;HNRNPH2;HNRNPK;HNRNPL;HNRNPM;HNRNPR;HNRNPU;HSP90AA1;HSP90AB1;HSPA1A;HSPA5;HSPA8;HSPG2;HYOU1;IFIH1;IPO7;ISY1;KPNA1;KPNA2;KPNA3;KPNA4;KPNA5;KPNB1;LEO1;LYN;MAGT1;MAPKAP1;MAPRE3;MBL2;MERTK;MMP9;MTOR;NACA;NCBP1;NCBP2;NCL;NFKBIA;NMT1;NUDT21;OSTC;P4HB;PABPC1;PABPN1;PAF1;PAPOLA;PCBP1;PCF11;PDCD6IP;PDIA3;PEX19;PIK3C3;PIK3R1;PIK3R4;PLRG1;POLR2B;POLR2G;POLR2K;POLR2L;PPIE;PPIL1;PPIL3;PPIL4;PRCC;PRKG1;PRKG2;PROS1;PRPF19;PRPF6;PRPF8;RBM10;RBM17;RBM22;RBM5;RBMX;RIPK1;RNPS1;RPL18;RPN1;RPN2;RPS27A;RPTOR;RRBP1;RTF1;SCAP;SDC2;SDC3;SDC4;SEC11A;SEC11C;SF3A1;SF3A3;SF3B1;SF3B2;SF3B3;SF3B5;SMNDC1;SNRNP200;SNRNP40;SNRPA1;SNRPB2;SNRPD1;SNRPD2;SNRPD3;SNRPF;SNW1;SPCS1;SPCS2;SPCS3;SRRM1;SRRM2;SRRT;SRSF1;SRSF11;SRSF2;SRSF3;SRSF4;SRSF5;SRSF7;SRSF9;STT3A;STT3B;SUN2;SYMPK;TAOK1;TIMD4;TSG101;TUSC3;TYRO3;U2AF1;U2SURP;UBA5;UBA6;UBA7;UBC;UBE2I;VCP;VIM;WBP11;XPO1;XRN1
S:REACTOME_NEGATIVE_EPIGENETIC_REGULATION_OF_RRNA_EXPRESSION	D:45	S:ARID4B;BAZ2A;CCNH;CDK7;DNMT1;DNMT3B;ERCC2;ERCC3;GTF2H1;GTF2H3;GTF2H4;GTF2H5;HDAC1;HDAC2;MBD2;MNAT1;POLR1A;POLR1B;POLR1C;POLR1D;POLR1E;POLR2E;POLR2F;POLR2H;POLR2K;POLR2L;RRP8;SAP130;SAP18;SAP30;SAP30BP;SAP30L;SIN3A;SIN3B;SIRT1;SMARCA5;SUDS3;SUV39H1;TAF1A;TAF1B;TAF1C;TAF1D;TBP;TTF1;UBTF	S:ARID4B;BAZ2A;CCNH;CDK7;DNMT1;DNMT3B;ERCC3;GTF2H1;GTF2H3;GTF2H4;GTF2H5;HDAC1;HDAC2;MBD2;MNAT1;POLR1B;POLR1C;POLR1E;POLR2K;POLR2L;RRP8;SAP130;SAP18;SIN3A;SIRT1;SMARCA5;SUV39H1;TAF1A;TAF1B;TAF1C;TAF1D;TBP;TTF1;UBTF
S:REACTOME_TRANSPORT_OF_CONNEXONS_TO_THE_PLASMA_MEMBRANE	D:16	S:GJA1;GJB2;TUBA1A;TUBA1B;TUBA1C;TUBA3C;TUBA3D;TUBA4A;TUBA8;TUBAL3;TUBB1;TUBB2A;TUBB2B;TUBB3;TUBB6;TUBB8	S:GJA1;GJB2;TUBA1A;TUBA1C;TUBA3D;TUBA8;TUBAL3;TUBB2A;TUBB2B;TUBB3;TUBB6;TUBB8
S:REACTOME_ADP_SIGNALLING_THROUGH_P2Y_PURINOCEPTOR_1	D:25	S:GNA11;GNA14;GNA15;GNAQ;GNB1;GNB2;GNB3;GNB4;GNB5;GNG10;GNG11;GNG12;GNG13;GNG2;GNG3;GNG4;GNG5;GNG7;GNG8;GNGT1;GNGT2;MAPK14;P2RY1;PLA2G4A;SRC	S:GNA11;GNA14;GNA15;GNAQ;GNB2;GNB4;GNG10;GNG11;GNG12;GNG13;GNG4;GNGT1;GNGT2;MAPK14;SRC
S:REACTOME_CELLULAR_RESPONSE_TO_HEAT_STRESS	D:94	S:AAAS;AKT1S1;ATM;ATR;BAG1;BAG2;BAG3;BAG4;BAG5;CAMK2A;CAMK2B;CAMK2D;CAMK2G;COL4A6;CREBBP;CRYAB;CRYBA4;DEDD2;DNAJB1;DNAJB6;DNAJC2;DNAJC7;EEF1A1;EP300;FKBP4;GML;GSK3B;HDAC6;HSBP1;HSF1;HSP90AA1;HSP90AB1;HSPA12A;HSPA12B;HSPA13;HSPA14;HSPA1A;HSPA1L;HSPA2;HSPA4;HSPA4L;HSPA5;HSPA6;HSPA8;HSPA9;HSPB1;HSPB2;HSPB8;HSPH1;MAPK1;MAPK3;MAPKAPK2;MLST8;MRPL18;MTOR;NUP107;NUP133;NUP153;NUP155;NUP160;NUP188;NUP205;NUP210;NUP214;NUP35;NUP37;NUP43;NUP50;NUP54;NUP62;NUP85;NUP88;NUP93;NUP98;POM121;PTGES3;RAE1;RANBP2;RLN1;RPA1;RPA2;RPA3;RPS19BP1;RPTOR;SEC13;SEH1L;SERPINH1;SIRT1;ST13;TNFRSF21;TPR;UBB;VCP;YWHAE	S:ATM;ATR;BAG2;BAG3;BAG4;BAG5;CAMK2A;CAMK2B;CAMK2D;CAMK2G;CREBBP;DNAJB6;DNAJC2;EP300;GML;GSK3B;HSF1;HSP90AA1;HSP90AB1;HSPA13;HSPA14;HSPA1A;HSPA2;HSPA4;HSPA5;HSPA8;HSPA9;HSPH1;MAPK1;MRPL18;MTOR;NUP107;NUP133;NUP153;NUP155;NUP160;NUP188;NUP205;NUP210;NUP35;NUP37;NUP43;NUP50;NUP54;NUP62;NUP85;NUP88;NUP93;NUP98;POM121;RAE1;RANBP2;RLN1;RPA1;RPA2;RPA3;RPS19BP1;RPTOR;SEC13;SEH1L;SERPINH1;SIRT1;TNFRSF21;TPR;VCP
S:REACTOME_CONDENSATION_OF_PROMETAPHASE_CHROMOSOMES	D:11	S:CCNB1;CCNB2;CDK1;CSNK2A1;CSNK2A2;CSNK2B;NCAPD2;NCAPG;NCAPH;SMC2;SMC4	S:CCNB1;CCNB2;CDK1;CSNK2A1;CSNK2B;NCAPD2;NCAPG;NCAPH;SMC2;SMC4
S:REACTOME_DAP12_SIGNALING	D:29	S:B2M;BTK;FYN;GRAP2;GRB2;HLA-E;HRAS;KLRC2;KLRD1;KLRK1;KRAS;LAT;LCK;LCP2;NRAS;PIK3CA;PIK3CB;PIK3R1;PIK3R2;PLCG1;PLCG2;RAC1;SHC1;SOS1;SYK;TREM2;TYROBP;VAV2;VAV3	S:B2M;FYN;GRAP2;GRB2;HLA-E;KLRC2;KLRD1;KLRK1;KRAS;LAT;LCK;LCP2;PIK3CA;PIK3CB;PIK3R1;PLCG1;PLCG2;RAC1;SHC1;SOS1;SYK;TREM2;TYROBP;VAV2;VAV3
S:REACTOME_HCMV_LATE_EVENTS	D:47	S:AAAS;CEBPD;CHMP1A;CHMP2A;CHMP2B;CHMP4A;CHMP4B;CHMP4C;CHMP6;CHMP7;HNRNPK;NUP107;NUP133;NUP153;NUP155;NUP160;NUP188;NUP205;NUP210;NUP214;NUP35;NUP37;NUP43;NUP50;NUP54;NUP62;NUP85;NUP88;NUP93;NUP98;POM121;RAE1;RANBP2;SEC13;SEH1L;SNF8;TPR;TSG101;UBAP1;VPS25;VPS28;VPS36;VPS37A;VPS37B;VPS37C;VPS37D;VPS4A	S:CEBPD;CHMP2A;CHMP2B;CHMP4A;HNRNPK;NUP107;NUP133;NUP153;NUP155;NUP160;NUP188;NUP205;NUP210;NUP35;NUP37;NUP43;NUP50;NUP54;NUP62;NUP85;NUP88;NUP93;NUP98;POM121;RAE1;RANBP2;SEC13;SEH1L;SNF8;TPR;TSG101;VPS28;VPS37A;VPS37C;VPS4A
S:REACTOME_HOMOLOGOUS_DNA_PAIRING_AND_STRAND_EXCHANGE	D:36	S:ATM;ATR;ATRIP;BARD1;BLM;BRCA1;BRCA2;BRIP1;CHEK1;DNA2;EXO1;HUS1;KAT5;NBN;PALB2;RAD1;RAD17;RAD50;RAD51;RAD51AP1;RAD51C;RAD9A;RBBP8;RFC2;RFC3;RFC4;RFC5;RMI1;RPA1;RPA2;RPA3;TOP3A;TOPBP1;WRN;XRCC2;XRCC3	S:ATM;ATR;BARD1;BLM;BRCA1;BRCA2;BRIP1;CHEK1;DNA2;EXO1;HUS1;KAT5;NBN;PALB2;RAD1;RAD17;RAD50;RAD51;RAD51AP1;RAD51C;RBBP8;RFC3;RFC4;RFC5;RMI1;RPA1;RPA2;RPA3;TOPBP1;WRN
S:REACTOME_INFLUENZA_INFECTION	D:154	S:AAAS;CALR;CANX;CLTA;CLTC;CPSF4;DNAJC3;EIF2AK2;FAU;GBP1;GRSF1;GTF2F1;GTF2F2;HSP90AA1;HSPA1A;IPO5;ISG15;KPNA1;KPNA2;KPNA3;KPNA4;KPNA5;KPNB1;MLKL;NUP107;NUP133;NUP153;NUP155;NUP160;NUP188;NUP205;NUP210;NUP214;NUP35;NUP37;NUP43;NUP50;NUP54;NUP62;NUP85;NUP88;NUP93;NUP98;PABPN1;PARP1;POLR2A;POLR2B;POLR2C;POLR2D;POLR2E;POLR2F;POLR2G;POLR2H;POLR2I;POLR2J;POLR2K;POLR2L;POM121;RAE1;RAN;RANBP2;RPL10;RPL10A;RPL10L;RPL11;RPL12;RPL13;RPL13A;RPL14;RPL15;RPL17;RPL18;RPL18A;RPL19;RPL21;RPL22;RPL22L1;RPL23;RPL23A;RPL24;RPL26;RPL26L1;RPL27;RPL27A;RPL28;RPL29;RPL3;RPL30;RPL31;RPL32;RPL34;RPL35;RPL35A;RPL36;RPL36A;RPL36AL;RPL37;RPL37A;RPL38;RPL39;RPL39L;RPL3L;RPL4;RPL41;RPL5;RPL6;RPL7;RPL7A;RPL8;RPL9;RPLP0;RPLP1;RPLP2;RPS10;RPS11;RPS12;RPS13;RPS14;RPS15;RPS15A;RPS16;RPS17;RPS18;RPS19;RPS2;RPS20;RPS21;RPS23;RPS24;RPS25;RPS26;RPS27;RPS27A;RPS27L;RPS28;RPS29;RPS3;RPS3A;RPS4X;RPS4Y1;RPS4Y2;RPS5;RPS6;RPS7;RPS8;RPS9;RPSA;SEC13;SEH1L;SLC25A6;TGFB1;TPR;UBA52;XPO1	S:CALR;CANX;CLTA;CLTC;DNAJC3;EIF2AK2;GBP1;GRSF1;GTF2F1;GTF2F2;HSP90AA1;HSPA1A;IPO5;KPNA1;KPNA2;KPNA3;KPNA4;KPNA5;KPNB1;NUP107;NUP133;NUP153;NUP155;NUP160;NUP188;NUP205;NUP210;NUP35;NUP37;NUP43;NUP50;NUP54;NUP62;NUP85;NUP88;NUP93;NUP98;PABPN1;PARP1;POLR2B;POLR2G;POLR2K;POLR2L;POM121;RAE1;RAN;RANBP2;RPL10;RPL10A;RPL10L;RPL12;RPL13;RPL13A;RPL14;RPL15;RPL18;RPL18A;RPL19;RPL22;RPL23A;RPL26;RPL27;RPL27A;RPL28;RPL29;RPL3;RPL30;RPL32;RPL35;RPL35A;RPL36;RPL36A;RPL36AL;RPL37;RPL37A;RPL38;RPL39L;RPL4;RPL5;RPL6;RPL7A;RPL8;RPLP0;RPLP1;RPLP2;RPS11;RPS13;RPS15;RPS16;RPS18;RPS19;RPS20;RPS21;RPS23;RPS25;RPS26;RPS27A;RPS27L;RPS28;RPS4X;RPS4Y1;RPS4Y2;RPS6;RPS8;SEC13;SEH1L;TPR;XPO1
S:REACTOME_IRAK4_DEFICIENCY_TLR2_4	D:18	S:BTK;CD14;CD36;FGA;FGB;FGG;HMGB1;IRAK4;LY96;MYD88;S100A1;S100A8;S100A9;TIRAP;TLR1;TLR2;TLR4;TLR6	S:BTK;CD36;FGA;FGB;FGG;IRAK4;LY96;MYD88;S100A8;S100A9;TIRAP;TLR4;TLR6
S:REACTOME_PROCESSING_OF_CAPPED_INTRONLESS_PRE_MRNA	D:29	S:CLP1;CPSF1;CPSF2;CPSF3;CPSF4;CPSF6;CPSF7;CSTF1;CSTF2;CSTF2T;CSTF3;FIP1L1;LSM10;LSM11;NCBP1;NCBP2;NUDT21;PABPN1;PAPOLA;PCF11;SLBP;SNRPB;SNRPD3;SNRPE;SNRPF;SNRPG;SYMPK;WDR33;ZNF473	S:CLP1;CPSF1;CPSF2;CPSF3;CPSF6;CSTF1;CSTF2;CSTF2T;CSTF3;FIP1L1;LSM11;NCBP1;NCBP2;NUDT21;PABPN1;PAPOLA;PCF11;SLBP;SNRPD3;SNRPF;SYMPK;ZNF473
S:REACTOME_REGULATION_OF_ENDOGENOUS_RETROELEMENTS_BY_KRAB_ZFP_PROTEINS	D:46	S:ATF7IP;CBX5;CHD3;CHD4;GATAD2A;GATAD2B;HDAC1;HDAC2;MBD3;MTA1;MTA2;MTA3;RBBP4;RBBP7;SETDB1;SUMO2;TRIM28;UBE2I;ZNF136;ZNF141;ZNF224;ZNF257;ZNF264;ZNF273;ZNF28;ZNF30;ZNF317;ZNF320;ZNF324;ZNF331;ZNF33A;ZNF354A;ZNF382;ZNF418;ZNF425;ZNF454;ZNF519;ZNF547;ZNF610;ZNF649;ZNF669;ZNF680;ZNF708;ZNF765;ZNF778;ZNF93	S:ATF7IP;CBX5;CHD4;GATAD2A;GATAD2B;HDAC1;HDAC2;MTA3;RBBP4;RBBP7;SETDB1;SUMO2;UBE2I;ZNF136;ZNF224;ZNF257;ZNF264;ZNF28;ZNF30;ZNF317;ZNF331;ZNF33A;ZNF354A;ZNF382;ZNF425;ZNF519;ZNF547;ZNF610;ZNF649;ZNF669;ZNF680;ZNF765;ZNF778
S:REACTOME_RESOLUTION_OF_AP_SITES_VIA_THE_MULTIPLE_NUCLEOTIDE_PATCH_REPLACEMENT_PATHWAY	D:24	S:APEX1;FEN1;LIG1;PARG;PARP1;PARP2;PCNA;POLB;POLD1;POLD2;POLD3;POLD4;POLE;POLE2;POLE3;POLE4;RFC1;RFC2;RFC3;RFC4;RFC5;RPA1;RPA2;RPA3	S:FEN1;LIG1;PARG;PARP1;PARP2;PCNA;POLB;POLD1;POLD2;POLD3;POLE;POLE3;RFC1;RFC3;RFC4;RFC5;RPA1;RPA2;RPA3
S:REACTOME_THROMBOXANE_SIGNALLING_THROUGH_TP_RECEPTOR	D:24	S:AAMP;GNA11;GNA13;GNA14;GNA15;GNAQ;GNB1;GNB2;GNB3;GNB4;GNB5;GNG10;GNG11;GNG12;GNG13;GNG2;GNG3;GNG4;GNG5;GNG7;GNG8;GNGT1;GNGT2;TBXA2R	S:GNA11;GNA14;GNA15;GNAQ;GNB2;GNB4;GNG10;GNG11;GNG12;GNG13;GNG4;GNGT1;GNGT2;TBXA2R
S:REACTOME_E3_UBIQUITIN_LIGASES_UBIQUITINATE_TARGET_PROTEINS	D:42	S:BCL10;CDC73;CTR9;DERL1;HLA-A;HLTF;LEO1;PAF1;PCNA;PEX10;PEX12;PEX13;PEX14;PEX2;PEX5;PRKDC;RAD18;RNF144A;RNF152;RNF181;RNF20;RNF40;RPS27A;RRAGA;RTF1;SHPRH;TMEM129;UBA52;UBB;UBC;UBE2A;UBE2B;UBE2D1;UBE2D2;UBE2D3;UBE2E1;UBE2J2;UBE2L3;UBE2N;UBE2V2;VCP;WAC	S:BCL10;CDC73;CTR9;DERL1;HLA-A;HLTF;LEO1;PAF1;PCNA;PEX12;PEX13;PEX14;PEX2;PEX5;PRKDC;RAD18;RNF144A;RNF181;RNF20;RPS27A;RRAGA;RTF1;SHPRH;UBC;UBE2A;UBE2D2;UBE2D3;UBE2E1;UBE2N;VCP;WAC
S:REACTOME_HEME_BIOSYNTHESIS	D:14	S:ABCG2;ALAD;ALAS1;ALAS2;ALB;COX10;COX15;CPOX;FECH;FLVCR1;HMBS;PPOX;UROD;UROS	S:ABCG2;ALAD;ALAS1;ALAS2;FECH;HMBS;PPOX;UROD;UROS
S:REACTOME_G_ALPHA_S_SIGNALLING_EVENTS	D:150	S:ADCY1;ADCY2;ADCY3;ADCY4;ADCY5;ADCY6;ADCY7;ADCY8;ADCY9;ADCYAP1;ADCYAP1R1;ADM;ADM2;ADORA2A;ADORA2B;ADRB1;ADRB2;ADRB3;ARRB1;ARRB2;AVP;AVPR2;CALCA;CALCR;CALCRL;CGA;CRH;CRHR1;CRHR2;CYSLTR2;DRD1;DRD5;FN1;FSHB;FSHR;GCG;GCGR;GHRH;GHRHR;GIP;GIPR;GLP1R;GLP2R;GNAI1;GNAI2;GNAI3;GNAS;GNAZ;GNB1;GNB2;GNB3;GNB4;GNB5;GNG10;GNG11;GNG12;GNG13;GNG2;GNG3;GNG4;GNG5;GNG7;GNG8;GNGT1;GNGT2;GPBAR1;GPHA2;GPHB5;GPR15;GPR150;GPR176;GPR20;GPR25;GPR27;GPR32;GPR39;GPR45;GPR83;GPR84;GRK5;GRK6;HRH2;HTR4;HTR6;HTR7;IAPP;INSL3;ITGA5;ITGB1;LHB;LHCGR;MC1R;MC2R;MC3R;MC4R;MC5R;NPSR1;PDE10A;PDE11A;PDE1A;PDE1B;PDE2A;PDE3A;PDE3B;PDE4A;PDE4C;PDE4D;PDE7A;PDE7B;PDE8A;PDE8B;POMC;PRKACA;PRKACB;PRKACG;PRKAR1A;PRKAR1B;PRKAR2A;PRKAR2B;PTGDR;PTGER2;PTGER4;PTGIR;PTH;PTH1R;PTH2;PTH2R;PTHLH;RAMP1;RAMP2;RAMP3;RLN2;RLN3;RXFP1;RXFP2;SCT;SCTR;SHC1;SRC;TAAR1;TAAR2;TAAR5;TAAR6;TAAR8;TAAR9;TSHB;TSHR;VIP;VIPR1;VIPR2	S:ADCY2;ADCY6;ADCY8;ADCYAP1R1;ADM;ADM2;ARRB1;ARRB2;AVP;AVPR2;CALCR;CRH;CRHR1;CRHR2;DRD1;DRD5;FN1;FSHR;GCGR;GIPR;GLP1R;GLP2R;GNAI2;GNAZ;GNB2;GNB4;GNG10;GNG11;GNG12;GNG13;GNG4;GNGT1;GNGT2;GPBAR1;GPHA2;GPHB5;GPR15;GPR176;GPR20;GPR25;GPR32;GPR45;GPR83;GPR84;GRK6;HRH2;HTR4;IAPP;INSL3;ITGA5;LHB;PDE10A;PDE11A;PDE1A;PDE1B;PDE2A;PDE3A;PDE4A;PDE4C;PDE8B;POMC;PRKACA;PRKAR1A;PRKAR1B;PTGIR;PTH1R;PTH2R;PTHLH;RLN3;RXFP1;SCT;SCTR;SRC;TAAR1;TAAR2;TAAR5;TAAR6;TAAR8;TAAR9;TSHB;TSHR;VIPR1
S:REACTOME_RNA_POLYMERASE_I_TRANSCRIPTION	D:46	S:CBX3;CCNH;CDK7;CHD3;CHD4;EHMT2;ERCC2;ERCC3;ERCC6;GATAD2A;GATAD2B;GTF2H1;GTF2H3;GTF2H4;GTF2H5;HDAC1;HDAC2;KAT2A;KAT2B;MAPK3;MBD2;MBD3;MNAT1;MTA1;MTA2;MTA3;POLR1A;POLR1B;POLR1C;POLR1D;POLR1E;POLR2E;POLR2F;POLR2H;POLR2K;POLR2L;RBBP4;RBBP7;RRN3;TAF1A;TAF1B;TAF1C;TAF1D;TBP;TTF1;UBTF	S:CBX3;CCNH;CDK7;CHD4;EHMT2;ERCC3;ERCC6;GATAD2A;GATAD2B;GTF2H1;GTF2H3;GTF2H4;GTF2H5;HDAC1;HDAC2;KAT2A;MBD2;MNAT1;MTA3;POLR1B;POLR1C;POLR1E;POLR2K;POLR2L;RBBP4;RBBP7;RRN3;TAF1A;TAF1B;TAF1C;TAF1D;TBP;TTF1;UBTF
S:REACTOME_FREE_FATTY_ACIDS_REGULATE_INSULIN_SECRETION	D:11	S:ACSL3;ACSL4;CD36;FFAR1;GNA11;GNA14;GNA15;GNAQ;PLCB1;PLCB2;PLCB3	S:ACSL4;CD36;FFAR1;GNA11;GNA14;GNA15;GNAQ;PLCB2;PLCB3
S:REACTOME_SIGNAL_AMPLIFICATION	D:32	S:AAMP;GNA11;GNA13;GNA14;GNA15;GNAI1;GNAI2;GNAI3;GNAQ;GNB1;GNB2;GNB3;GNB4;GNB5;GNG10;GNG11;GNG12;GNG13;GNG2;GNG3;GNG4;GNG5;GNG7;GNG8;GNGT1;GNGT2;MAPK14;P2RY1;P2RY12;PLA2G4A;SRC;TBXA2R	S:GNA11;GNA14;GNA15;GNAI2;GNAQ;GNB2;GNB4;GNG10;GNG11;GNG12;GNG13;GNG4;GNGT1;GNGT2;MAPK14;P2RY12;SRC;TBXA2R
S:REACTOME_NEUTROPHIL_DEGRANULATION	D:449	S:A1BG;ABCA13;ACAA1;ACLY;ACTR10;ACTR1B;ACTR2;ADAM10;ADAM8;AGA;AGL;AGPAT2;AHSG;ALAD;ALDH3B1;ALDOA;ALDOC;ALOX5;AMPD3;ANO6;ANPEP;ANXA2;AP1M1;AP2A2;APAF1;APEH;APRT;ARG1;ARHGAP9;ARL8A;ARMC8;ARPC5;ARSA;ARSB;ASAH1;ATAD3B;ATG7;ATP11A;ATP11B;ATP6AP2;ATP6V0A1;ATP6V0C;ATP6V1D;ATP8A1;ATP8B4;AZU1;B2M;B4GALT1;BIN2;BPI;BRI3;BST1;BST2;C3;C3AR1;C5AR1;CAB39;CALML5;CAMP;CAND1;CANT1;CAP1;CAPN1;CAT;CCT2;CCT8;CD14;CD177;CD300A;CD33;CD36;CD44;CD47;CD53;CD55;CD58;CD59;CD63;CD68;CD93;CDA;CDK13;CEACAM1;CEACAM3;CEACAM6;CEACAM8;CEP290;CFD;CFP;CHI3L1;CHIT1;CHRNB4;CKAP4;CLEC12A;CLEC4C;CLEC4D;CLEC5A;CMTM6;CNN2;COMMD3;COMMD9;COPB1;COTL1;CPNE1;CPNE3;CPPED1;CR1;CREG1;CRISP3;CRISPLD2;CSNK2B;CST3;CSTB;CTSA;CTSB;CTSC;CTSD;CTSG;CTSH;CTSS;CTSZ;CXCL1;CXCR1;CXCR2;CYB5R3;CYBA;CYBB;CYFIP1;DBNL;DDOST;DDX3X;DEFA1;DEFA4;DEGS1;DERA;DGAT1;DIAPH1;DNAJC13;DNAJC3;DNAJC5;DNASE1L1;DOCK2;DOK3;DPP7;DSC1;DSG1;DSN1;DSP;DYNC1H1;DYNC1LI1;DYNLL1;DYNLT1;EEF1A1;EEF2;ELANE;ENPP4;EPX;ERP44;FABP5;FAF2;FCAR;FCER1G;FCGR2A;FCGR3B;FCN1;FGL2;FGR;FOLR3;FPR1;FPR2;FRK;FTH1;FTL;FUCA1;FUCA2;GAA;GALNS;GCA;GDI2;GGH;GHDC;GLA;GLB1;GLIPR1;GM2A;GMFG;GNS;GOLGA7;GPI;GPR84;GRN;GSDMD;GSN;GSTP1;GUSB;GYG1;HBB;HEBP2;HEXB;HGSNAT;HK3;HLA-B;HLA-C;HMGB1;HMOX2;HP;HPSE;HSP90AA1;HSP90AB1;HSPA1A;HSPA6;HSPA8;HUWE1;HVCN1;IDH1;IGF2R;ILF2;IMPDH1;IMPDH2;IQGAP1;IQGAP2;ITGAL;ITGAM;ITGAV;ITGAX;ITGB2;JUP;KCMF1;KCNAB2;KPNB1;KRT1;LAIR1;LAMP1;LAMP2;LAMTOR1;LAMTOR2;LAMTOR3;LCN2;LGALS3;LILRA3;LILRB2;LILRB3;LPCAT1;LRG1;LRRC7;LTA4H;LTF;LYZ;MAGT1;MAN2B1;MANBA;MAPK1;MAPK14;MGAM;MGST1;MIF;MLEC;MME;MMP25;MMP8;MMP9;MNDA;MOSPD2;MPO;MS4A3;MVP;NBEAL2;NCKAP1L;NCSTN;NDUFC2;NEU1;NFAM1;NFASC;NFKB1;NHLRC3;NIT2;NME2;NPC2;NRAS;OLFM4;OLR1;ORM1;ORM2;ORMDL3;OSCAR;OSTF1;P2RX1;PA2G4;PADI2;PAFAH1B2;PDAP1;PDXK;PECAM1;PFKL;PGAM1;PGLYRP1;PGM1;PGM2;PGRMC1;PIGR;PKP1;PLAC8;PLAU;PLAUR;PLD1;PLEKHO2;PNP;PPBP;PPIA;PPIE;PRCP;PRDX4;PRDX6;PRG2;PRG3;PRKCD;PRSS2;PRSS3;PRTN3;PSAP;PSEN1;PSMA2;PSMA5;PSMB1;PSMB7;PSMC2;PSMC3;PSMD1;PSMD11;PSMD12;PSMD13;PSMD14;PSMD2;PSMD3;PSMD6;PSMD7;PTAFR;PTGES2;PTPN6;PTPRB;PTPRC;PTPRJ;PTPRN2;PTX3;PYCARD;PYGB;PYGL;QPCT;QSOX1;RAB10;RAB14;RAB18;RAB24;RAB27A;RAB31;RAB37;RAB3A;RAB3D;RAB4B;RAB5B;RAB5C;RAB6A;RAB7A;RAB9B;RAC1;RAP1A;RAP1B;RAP2B;RAP2C;RETN;RHOA;RHOF;RHOG;RNASE2;RNASE3;RNASET2;ROCK1;S100A11;S100A12;S100A7;S100A8;S100A9;S100P;SCAMP1;SDCBP;SELL;SERPINA1;SERPINA3;SERPINB1;SERPINB10;SERPINB12;SERPINB3;SERPINB6;SIGLEC5;SIGLEC9;SIRPA;SIRPB1;SLC11A1;SLC15A4;SLC27A2;SLC2A3;SLC2A5;SLC44A2;SLCO4C1;SLPI;SNAP23;SNAP25;SNAP29;SPTAN1;SRP14;STBD1;STK10;STK11IP;STOM;SURF4;SVIP;SYNGR1;TBC1D10C;TCIRG1;TCN1;TIMP2;TLR2;TMBIM1;TMC6;TMEM179B;TMEM30A;TMEM63A;TNFAIP6;TNFRSF1B;TOLLIP;TOM1;TRAPPC1;TRPM2;TSPAN14;TTR;TUBB;TXNDC5;TYROBP;UBR4;UNC13D;VAMP8;VAPA;VAT1;VCL;VCP;VNN1;XRCC5;XRCC6;YPEL5	S:A1BG;ABCA13;ACAA1;ACTR1B;AGPAT2;AHSG;ALAD;ALDH3B1;ALDOC;AMPD3;ANPEP;ANXA2;AP1M1;AP2A2;APAF1;APEH;ARG1;ARL8A;ARSA;ASAH1;ATAD3B;ATP11B;ATP6V0C;AZU1;BPI;BST1;C3AR1;CALML5;CAMP;CANT1;CAPN1;CD177;CD300A;CD36;CD55;CD58;CD59;CD68;CD93;CDA;CEACAM3;CEACAM6;CEACAM8;CHIT1;CLEC12A;CLEC4D;CLEC5A;COMMD9;COTL1;CPNE1;CR1;CREG1;CRISP3;CRISPLD2;CST3;CTSB;CTSC;CTSD;CTSG;CTSS;CTSZ;CXCR1;CXCR2;CYB5R3;CYBA;CYBB;DBNL;DEFA1;DEFA4;DEGS1;DGAT1;DNAJC5;DNASE1L1;DOK3;DPP7;DYNLT1;EEF1A1;EEF2;ELANE;EPX;FCAR;FCER1G;FCGR2A;FCGR3B;FGR;FOLR3;FPR2;FRK;FTL;FUCA2;GALNS;GCA;GDI2;GHDC;GLB1;GM2A;GNS;GPR84;GSDMD;GSN;GYG1;HBB;HK3;HP;HPSE;HSPA6;IDH1;IMPDH1;ITGAV;ITGAX;JUP;KCNAB2;KRT1;LAIR1;LAMTOR1;LAMTOR2;LCN2;LGALS3;LRG1;LRRC7;LTA4H;LTF;MANBA;MAPK14;MGAM;MGST1;MME;MMP25;MMP8;MOSPD2;MPO;MS4A3;NBEAL2;NCKAP1L;NEU1;NFAM1;NFASC;NRAS;OLFM4;OLR1;ORM1;ORM2;ORMDL3;OSCAR;P2RX1;PA2G4;PADI2;PAFAH1B2;PDAP1;PFKL;PGLYRP1;PGRMC1;PLD1;PLEKHO2;PNP;PPBP;PPIA;PRDX6;PRG3;PRKCD;PRTN3;PSMA2;PSMB7;PSMC2;PSMC3;PSMD13;PTGES2;PTPN6;PTPRJ;PYCARD;PYGB;PYGL;QSOX1;RAB10;RAB24;RAB27A;RAB3A;RAB4B;RAB5B;RAB5C;RAB6A;RAP2B;RETN;RHOF;RHOG;RNASE2;RNASE3;S100A11;S100A12;S100A8;S100A9;S100P;SELL;SERPINA1;SERPINA3;SERPINB1;SERPINB10;SERPINB12;SERPINB3;SERPINB6;SIGLEC5;SIGLEC9;SIRPA;SIRPB1;SLC11A1;SLC15A4;SLC2A3;SLC2A5;SLC44A2;SLPI;SNAP25;SNAP29;SPTAN1;STBD1;STOM;SYNGR1;TCN1;TMBIM1;TMEM179B;TNFAIP6;TNFRSF1B;TOLLIP;TOM1;TRAPPC1;TRPM2;TSPAN14;TTR;UBR4;UNC13D;VAMP8;VAPA;VNN1;XRCC5
S:REACTOME_DENGUE_VIRUS_GENOME_TRANSLATION_AND_REPLICATION	D:78	S:ACOT2;APOA1;ATL2;BAG2;BTF3;CALR;CANX;DAD1;DDOST;DNAJA2;DNAJB11;DNAJC10;DNAJC3;DPM1;DPM2;DPM3;EIF4A1;EIF4A2;EIF4A3;EIF4E;EIF4E3;EIF4G1;EIF4G2;EIF4G3;FASN;HDLBP;HNRNPD;HSPA1A;HSPA5;HSPA8;HYOU1;IPO7;KPNA1;KPNA2;KPNA3;KPNA4;KPNA5;KPNB1;MAGT1;MAP1LC3B;NACA;NMT1;NPLOC4;OST4;OSTC;P4HA1;P4HA2;P4HA3;P4HB;PABPC1;PDIA3;PRKG1;PRKG2;RPN1;RPN2;RPS27A;RRBP1;RTN3;SCAP;SEC11A;SEC11C;SPCS1;SPCS2;SPCS3;STT3A;STT3B;SUMO1;SUN2;TUSC3;UBA52;UBB;UBC;UBE2I;VCP;VIM;XPO1;XRN1;YBX1	S:ACOT2;ATL2;BAG2;CALR;CANX;DAD1;DDOST;DNAJB11;DNAJC10;DNAJC3;DPM1;EIF4A1;EIF4A2;EIF4A3;EIF4G2;EIF4G3;FASN;HNRNPD;HSPA1A;HSPA5;HSPA8;HYOU1;IPO7;KPNA1;KPNA2;KPNA3;KPNA4;KPNA5;KPNB1;MAGT1;NACA;NMT1;OSTC;P4HB;PABPC1;PDIA3;PRKG1;PRKG2;RPN1;RPN2;RPS27A;RRBP1;SCAP;SEC11A;SEC11C;SPCS1;SPCS2;SPCS3;STT3A;STT3B;SUN2;TUSC3;UBC;UBE2I;VCP;VIM;XPO1;XRN1
S:REACTOME_FORMATION_OF_WDR5_CONTAINING_HISTONE_MODIFYING_COMPLEXES	D:30	S:AKAP8L;ASH2L;BOD1;CXXC1;DPY30;DR1;HCFC1;HCFC2;KAT2A;KAT2B;KDM6A;MBIP;MCRS1;MEN1;NCOA6;OGT;PAXIP1;PHF20;PHF20L1;PSIP1;RBBP5;SETD1A;SETD1B;TADA2A;TADA3;TASP1;WDR5;WDR82;YEATS2;ZZZ3	S:AKAP8L;ASH2L;BOD1;DPY30;DR1;HCFC2;KAT2A;KDM6A;MBIP;MEN1;NCOA6;PAXIP1;PHF20;PHF20L1;PSIP1;RBBP5;SETD1B;TADA2A;TASP1;WDR5;WDR82;ZZZ3
S:REACTOME_SLC_MEDIATED_TRANSPORT_OF_NEUROTRANSMITTERS	D:21	S:SLC17A6;SLC17A7;SLC17A8;SLC22A1;SLC22A2;SLC25A18;SLC25A22;SLC32A1;SLC6A1;SLC6A11;SLC6A13;SLC6A14;SLC6A15;SLC6A19;SLC6A2;SLC6A20;SLC6A3;SLC6A4;SLC6A5;SLC6A7;SLC6A9	S:SLC17A6;SLC17A7;SLC17A8;SLC22A1;SLC25A18;SLC32A1;SLC6A1;SLC6A14;SLC6A15;SLC6A19;SLC6A2;SLC6A3;SLC6A5;SLC6A9
S:REACTOME_PROTEIN_LIPOYLATION	D:10	S:DBT;DLAT;DLST;FDX1;GCSH;LIAS;LIPT1;LIPT2;NDUFAB1;NFU1	S:DBT;DLAT;DLST;FDX1;GCSH;LIAS;LIPT1;LIPT2;NDUFAB1
S:REACTOME_TP53_REGULATES_TRANSCRIPTION_OF_DNA_REPAIR_GENES	D:52	S:ATF2;ATM;ATR;BRCA1;CCNH;CCNK;CCNT1;CCNT2;CDK12;CDK13;CDK7;CDK9;CHEK1;CTDP1;DDB2;ELL;ERCC2;ERCC3;FANCC;FANCD2;FANCI;FOS;GTF2F1;GTF2F2;GTF2H1;GTF2H3;GTF2H4;GTF2H5;JUN;MDC1;MLH1;MNAT1;MSH2;PMS2;POLR2A;POLR2B;POLR2C;POLR2D;POLR2E;POLR2F;POLR2G;POLR2H;POLR2I;POLR2J;POLR2K;POLR2L;SSRP1;SUPT16H;SUPT4H1;SUPT5H;TCEA1;TP53	S:ATF2;ATM;ATR;BRCA1;CCNH;CCNK;CCNT1;CCNT2;CDK12;CDK13;CDK7;CHEK1;DDB2;ERCC3;FANCC;FANCD2;FANCI;FOS;GTF2F1;GTF2F2;GTF2H1;GTF2H3;GTF2H4;GTF2H5;JUN;MDC1;MLH1;MNAT1;MSH2;PMS2;POLR2B;POLR2G;POLR2K;POLR2L;SSRP1;SUPT16H;TCEA1;TP53
S:REACTOME_ASSEMBLY_OF_COLLAGEN_FIBRILS_AND_OTHER_MULTIMERIC_STRUCTURES	D:59	S:BMP1;CD151;COL10A1;COL11A1;COL11A2;COL12A1;COL14A1;COL15A1;COL17A1;COL18A1;COL1A1;COL1A2;COL24A1;COL27A1;COL2A1;COL3A1;COL4A1;COL4A2;COL4A3;COL4A4;COL4A5;COL4A6;COL5A1;COL5A2;COL5A3;COL6A1;COL6A2;COL6A3;COL6A5;COL6A6;COL7A1;COL8A1;COL8A2;COL9A1;COL9A2;COL9A3;CTSB;CTSS;DST;ITGA6;ITGB4;LAMA3;LAMB3;LAMC2;LOX;LOXL1;LOXL2;LOXL3;LOXL4;MMP13;MMP20;MMP3;MMP7;MMP9;PCOLCE;PLEC;PXDN;TLL1;TLL2	S:CD151;COL11A1;COL14A1;COL17A1;COL18A1;COL1A1;COL24A1;COL27A1;COL2A1;COL3A1;COL4A1;COL4A2;COL4A5;COL4A6;COL6A1;COL6A2;COL6A3;COL6A5;COL6A6;COL8A1;COL9A1;COL9A2;CTSB;CTSS;ITGB4;LAMA3;LAMC2;LOXL1;LOXL3;LOXL4;MMP20;MMP7;PLEC;PXDN;TLL1;TLL2
S:REACTOME_REGULATION_OF_TLR_BY_ENDOGENOUS_LIGAND	D:20	S:APOB;CD14;CD36;FGA;FGB;FGG;GSDMD;HMGB1;LBP;LY96;S100A1;S100A8;S100A9;SFTPA1;SFTPD;TLR1;TLR2;TLR4;TLR6;TLR7	S:CD36;FGA;FGB;FGG;GSDMD;LY96;S100A8;S100A9;SFTPA1;SFTPD;TLR4;TLR6
S:REACTOME_REGULATION_OF_TP53_ACTIVITY_THROUGH_PHOSPHORYLATION	D:89	S:ATM;ATR;ATRIP;AURKA;AURKB;BARD1;BLM;BRCA1;BRIP1;CCNA1;CCNA2;CDK2;CDK5;CDK5R1;CHEK1;CHEK2;CSNK2A1;CSNK2A2;CSNK2B;DNA2;DYRK2;EXO1;HIPK1;HIPK2;HUS1;KAT5;MAPK11;MAPK14;MAPKAPK5;MDM2;MDM4;NBN;NOC2L;NUAK1;PIN1;PLK3;PRKAA1;PRKAA2;PRKAB1;PRKAB2;PRKAG1;PRKAG2;PRKAG3;RAD1;RAD17;RAD50;RAD9A;RBBP8;RFC2;RFC3;RFC4;RFC5;RMI1;RPA1;RPA2;RPA3;RPS27A;SSRP1;STK11;SUPT16H;TAF1;TAF10;TAF11;TAF12;TAF13;TAF15;TAF1L;TAF2;TAF3;TAF4;TAF4B;TAF5;TAF6;TAF7;TAF7L;TAF8;TAF9;TAF9B;TBP;TOP3A;TOPBP1;TP53;TP53INP1;TP53RK;TPX2;UBA52;UBB;UBC;WRN	S:ATM;ATR;AURKA;AURKB;BARD1;BLM;BRCA1;BRIP1;CCNA1;CCNA2;CDK5R1;CHEK1;CHEK2;CSNK2A1;CSNK2B;DNA2;DYRK2;EXO1;HIPK1;HIPK2;HUS1;KAT5;MAPKAPK5;MDM2;MDM4;NBN;PRKAA1;PRKAB1;PRKAB2;PRKAG2;RAD1;RAD17;RAD50;RBBP8;RFC3;RFC4;RFC5;RMI1;RPA1;RPA2;RPA3;RPS27A;SSRP1;SUPT16H;TAF1;TAF12;TAF15;TAF1L;TAF2;TAF3;TAF4;TAF4B;TAF5;TAF6;TAF7;TAF7L;TAF8;TAF9;TAF9B;TBP;TOPBP1;TP53;TP53INP1;TP53RK;TPX2;UBC;WRN
S:REACTOME_RETROGRADE_NEUROTROPHIN_SIGNALLING	D:14	S:AP2A1;AP2A2;AP2B1;AP2M1;AP2S1;CLTA;CLTC;DNAL4;DNM1;DNM2;DNM3;NGF;NTRK1;SH3GL2	S:AP2A1;AP2A2;AP2B1;AP2M1;AP2S1;DNAL4;DNM1;DNM2;NGF;SH3GL2
S:REACTOME_REGULATION_OF_PYRUVATE_METABOLISM	D:30	S:ARMC8;DLAT;DLD;GSTZ1;LDHA;MAEA;ME1;MKLN1;NEK1;PDHA1;PDHA2;PDHB;PDHX;PDK1;PDK2;PDK3;PDK4;PDP1;PDP2;PDPR;PGAM5;RANBP9;RMND5A;RMND5B;RPS27A;SIRT4;UBA52;UBB;UBC;WDR26	S:ARMC8;DLAT;DLD;LDHA;MAEA;ME1;MKLN1;NEK1;PDHA1;PDHX;PDK1;PDK3;PDK4;PDP1;PDP2;PDPR;PGAM5;RANBP9;RMND5A;RPS27A;SIRT4;UBC
S:REACTOME_ADRENALINE_NORADRENALINE_INHIBITS_INSULIN_SECRETION	D:28	S:ADCY5;ADCY6;ADRA2A;ADRA2C;CACNA1C;CACNA1D;CACNA2D2;CACNB2;CACNB3;GNAI1;GNAI2;GNB1;GNB2;GNB3;GNB4;GNB5;GNG10;GNG11;GNG12;GNG13;GNG2;GNG3;GNG4;GNG5;GNG7;GNG8;GNGT1;GNGT2	S:ADCY6;ADRA2C;CACNA1C;CACNB2;CACNB3;GNAI2;GNB2;GNB4;GNG10;GNG11;GNG12;GNG13;GNG4;GNGT1;GNGT2
S:REACTOME_NEGATIVE_REGULATION_OF_TCF_DEPENDENT_SIGNALING_BY_WNT_LIGAND_ANTAGONISTS	D:15	S:DKK1;DKK2;DKK4;KREMEN1;KREMEN2;LRP5;LRP6;SFRP1;SFRP2;SOST;WIF1;WNT3A;WNT4;WNT5A;WNT9A	S:DKK1;KREMEN1;KREMEN2;LRP6;SFRP1;SFRP2;SOST;WIF1;WNT3A;WNT4;WNT5A
S:REACTOME_B_WICH_COMPLEX_POSITIVELY_REGULATES_RRNA_EXPRESSION	D:28	S:ACTB;BAZ1B;DDX21;DEK;EP300;ERCC6;GSK3B;KAT2A;KAT2B;MYBBP1A;MYO1C;POLR1A;POLR1B;POLR1C;POLR1D;POLR1E;POLR2E;POLR2F;POLR2H;POLR2K;POLR2L;SF3B1;SMARCA5;TAF1A;TAF1B;TAF1C;TAF1D;TBP	S:ACTB;BAZ1B;DDX21;DEK;EP300;ERCC6;GSK3B;KAT2A;MYBBP1A;MYO1C;POLR1B;POLR1C;POLR1E;POLR2K;POLR2L;SF3B1;SMARCA5;TAF1A;TAF1B;TAF1C;TAF1D;TBP
S:REACTOME_ORC1_REMOVAL_FROM_CHROMATIN	D:57	S:ADRM1;CCNA1;CCNA2;CDC6;CDK2;CDT1;CUL1;MCM2;MCM3;MCM4;MCM5;MCM6;MCM7;MCM8;ORC1;ORC2;ORC3;ORC4;ORC5;ORC6;PSMA1;PSMA2;PSMA3;PSMA4;PSMA5;PSMA6;PSMA7;PSMB1;PSMB2;PSMB3;PSMB4;PSMB5;PSMB6;PSMB7;PSMC1;PSMC2;PSMC3;PSMC4;PSMC5;PSMC6;PSMD1;PSMD11;PSMD12;PSMD13;PSMD14;PSMD2;PSMD3;PSMD6;PSMD7;PSMD8;RBX1;RPS27A;SKP1;SKP2;UBA52;UBB;UBC	S:CCNA1;CCNA2;CDC6;CUL1;MCM2;MCM3;MCM4;MCM5;MCM6;MCM7;MCM8;ORC1;ORC2;ORC3;ORC4;ORC5;ORC6;PSMA1;PSMA3;PSMA4;PSMA5;PSMA6;PSMA7;PSMB1;PSMB2;PSMB3;PSMB4;PSMC5;PSMC6;PSMD1;PSMD11;PSMD12;PSMD14;PSMD2;PSMD3;PSMD6;PSMD7;RPS27A;SKP2;UBC
S:REACTOME_TRANSCRIPTIONAL_REGULATION_BY_RUNX1	D:153	S:ABL1;ACTL6A;ACTL6B;ADRM1;ARID1A;ARID1B;ARID2;ASH2L;AUTS2;AXIN1;BLK;BMI1;CBFB;CBX2;CBX4;CBX6;CBX8;CCND1;CCND2;CCND3;CCNH;CDK6;CDK7;CLDN5;CR1;CREBBP;CSF2;CSNK2A1;CSNK2A2;CSNK2B;CTLA4;CTSK;DPY30;ELF1;ELF2;EP300;ESR1;FOXP3;GATA1;GATA2;GATA3;GP1BA;GPAM;HDAC1;HIPK2;IFNG;IL2;IL2RA;IL3;ITCH;ITGA2B;KAT2B;KCTD6;LDB1;LGALS3;LIFR;LMO1;LMO2;MNAT1;MOV10;MYB;MYL9;NFATC2;NFE2;NR4A3;OCLN;PAX5;PBRM1;PCGF5;PF4;PHC1;PHC2;PHC3;PML;PRKCB;PRKCQ;PRMT1;PRMT6;PSMA1;PSMA2;PSMA3;PSMA4;PSMA5;PSMA6;PSMA7;PSMB1;PSMB2;PSMB3;PSMB4;PSMB5;PSMB6;PSMB7;PSMC1;PSMC2;PSMC3;PSMC4;PSMC5;PSMC6;PSMD1;PSMD11;PSMD12;PSMD13;PSMD14;PSMD2;PSMD3;PSMD6;PSMD7;PSMD8;PTPN11;RBBP5;RING1;RNF2;RPS27A;RSPO3;RUNX1;RUNX2;RYBP;SCMH1;SERPINB13;SETD1A;SETD1B;SIN3A;SIN3B;SMARCA2;SMARCA4;SMARCB1;SMARCC1;SMARCC2;SMARCD1;SMARCD2;SMARCD3;SMARCE1;SOCS3;SOCS4;SPI1;SRC;TAL1;TCF12;TCF3;THBS1;TJP1;TNFRSF18;TNRC6A;TNRC6B;TNRC6C;TP73;UBA52;UBB;UBC;WDR5;YAF2;YAP1;ZFPM1	S:ABL1;ACTL6A;ARID1A;ARID2;ASH2L;AUTS2;BMI1;CBFB;CBX2;CBX4;CBX6;CCND1;CCND2;CCNH;CDK6;CDK7;CLDN5;CREBBP;CSF2;CSNK2A1;CSNK2B;CTLA4;CTSK;DPY30;ELF1;ELF2;EP300;ESR1;FOXP3;GATA2;GATA3;GP1BA;GPAM;HDAC1;HIPK2;IFNG;IL2RA;IL3;ITCH;KCTD6;LIFR;MNAT1;MOV10;MYB;NFATC2;NR4A3;OCLN;PAX5;PBRM1;PCGF5;PF4;PHC1;PHC2;PHC3;PRKCB;PRKCQ;PRMT1;PRMT6;PSMA1;PSMA3;PSMA4;PSMA5;PSMA6;PSMA7;PSMB1;PSMB2;PSMB3;PSMB4;PSMC5;PSMC6;PSMD1;PSMD11;PSMD12;PSMD14;PSMD2;PSMD3;PSMD6;PSMD7;PTPN11;RBBP5;RING1;RNF2;RPS27A;RUNX1;RUNX2;RYBP;SCMH1;SETD1B;SIN3A;SMARCA2;SMARCA4;SMARCC1;SMARCC2;SMARCD1;SMARCE1;SOCS4;TCF12;TCF3;TNRC6A;TNRC6B;TNRC6C;TP73;UBC;WDR5;YAF2;YAP1
S:REACTOME_ANTIMICROBIAL_MECHANISM_OF_IFN_STIMULATED_GENES	D:147	S:AAAS;ABCE1;ACTB;ACTG1;ADAR;ARIH1;BECN1;CASP1;CDK1;CHUK;DHX9;DNAJC3;EIF2AK2;EIF2S1;EIF2S2;EIF2S3;EIF4A1;EIF4A2;EIF4A3;EIF4E;EIF4E2;EIF4E3;EIF4G1;EIF4G2;EIF4G3;FANCA;FANCB;FANCC;FANCE;FANCF;FANCG;FANCL;FANCM;FLNA;FLNB;FNTA;FNTB;FURIN;GBP1;GBP2;GBP3;GBP4;GBP5;HERC5;HSPA1A;HSPA1L;HSPA2;HSPA8;IFIT1;IKBKB;IKBKG;ILF2;ILF3;IRF3;ISG15;JAK1;KPNA1;KPNA2;KPNA3;KPNA4;KPNA5;KPNB1;MAP2K6;MAPK3;MAPT;MAVS;MX1;MX2;NCK1;NEDD4;NPM1;NUP107;NUP133;NUP153;NUP155;NUP160;NUP188;NUP205;NUP210;NUP214;NUP35;NUP37;NUP43;NUP50;NUP54;NUP62;NUP85;NUP88;NUP93;NUP98;OAS1;OAS2;OAS3;OASL;PDE12;PGGT1B;PIM1;PIN1;PLCG1;POM121;PPM1B;PPP2CA;PPP2CB;PPP2R1A;PPP2R1B;PPP2R5A;PRKRA;PTPN2;RAE1;RANBP2;RNASEL;RPS27A;SEC13;SEH1L;SFN;SNCA;SPHK1;STAT1;STAT3;SUMO1;TARBP2;TP53;TPR;TRIM25;TUBA1A;TUBA1B;TUBA1C;TUBA3C;TUBA3D;TUBA4A;TUBA8;TUBAL3;TUBB1;TUBB2A;TUBB2B;TUBB3;TUBB6;TUBB8;UBA52;UBA7;UBB;UBC;UBE2E1;UBE2I;UBE2L6;UBE2N;USP18	S:ABCE1;ACTB;ACTG1;ARIH1;CDK1;DHX9;DNAJC3;EIF2AK2;EIF2S1;EIF2S2;EIF4A1;EIF4A2;EIF4A3;EIF4E2;EIF4G2;EIF4G3;FANCA;FANCB;FANCC;FANCE;FANCF;FANCG;FANCL;FANCM;FLNB;FNTA;FNTB;GBP1;GBP2;GBP3;GBP4;GBP5;HSPA1A;HSPA2;HSPA8;IFIT1;IKBKB;ILF2;ILF3;JAK1;KPNA1;KPNA2;KPNA3;KPNA4;KPNA5;KPNB1;MAPT;MX1;NCK1;NEDD4;NPM1;NUP107;NUP133;NUP153;NUP155;NUP160;NUP188;NUP205;NUP210;NUP35;NUP37;NUP43;NUP50;NUP54;NUP62;NUP85;NUP88;NUP93;NUP98;OAS2;PDE12;PGGT1B;PLCG1;POM121;PPM1B;PPP2CB;PPP2R1B;PPP2R5A;PRKRA;PTPN2;RAE1;RANBP2;RNASEL;RPS27A;SEC13;SEH1L;STAT1;TP53;TPR;TUBA1B;TUBA3C;TUBA4A;TUBB1;UBA7;UBC;UBE2E1;UBE2I;UBE2N;USP18
S:REACTOME_REGULATION_OF_RUNX1_EXPRESSION_AND_ACTIVITY	D:13	S:CBFB;CCND1;CCND2;CCND3;CDK6;MOV10;PML;PTPN11;RUNX1;SRC;TNRC6A;TNRC6B;TNRC6C	S:CBFB;CCND1;CCND2;CDK6;MOV10;PTPN11;RUNX1;TNRC6A;TNRC6B;TNRC6C
S:REACTOME_NEURONAL_SYSTEM	D:403	S:ABAT;ABCC8;ABCC9;ACHE;ACTN2;ADCY1;ADCY2;ADCY3;ADCY4;ADCY5;ADCY6;ADCY7;ADCY8;ADCY9;AKAP5;ALDH2;ALDH5A1;AP2A1;AP2A2;AP2B1;AP2M1;AP2S1;APBA1;APBA2;APBA3;ARHGEF7;ARHGEF9;ARL6IP5;BCHE;BEGAIN;CACNA1A;CACNA1B;CACNA1E;CACNA2D2;CACNA2D3;CACNB1;CACNB2;CACNB3;CACNB4;CACNG2;CACNG3;CACNG4;CACNG8;CALM1;CAMK1;CAMK2A;CAMK2B;CAMK2D;CAMK2G;CAMK4;CAMKK1;CAMKK2;CASK;CHAT;CHRNA1;CHRNA2;CHRNA3;CHRNA4;CHRNA5;CHRNA6;CHRNA7;CHRNA9;CHRNB2;CHRNB3;CHRNB4;CHRND;CHRNE;CHRNG;COMT;CPLX1;CREB1;DBNL;DLG1;DLG2;DLG3;DLG4;DLGAP1;DLGAP2;DLGAP3;DLGAP4;DNAJC5;EPB41;EPB41L1;EPB41L2;EPB41L3;EPB41L5;ERBB4;FLOT1;FLOT2;GABBR1;GABBR2;GABRA1;GABRA2;GABRA3;GABRA4;GABRA5;GABRA6;GABRB1;GABRB2;GABRB3;GABRG2;GABRG3;GABRQ;GABRR1;GABRR2;GABRR3;GAD1;GAD2;GIT1;GJA10;GJC1;GJD2;GLRA1;GLRA2;GLRA3;GLRB;GLS;GLS2;GLUL;GNAI1;GNAI2;GNAI3;GNAL;GNB1;GNB2;GNB3;GNB4;GNB5;GNG10;GNG11;GNG12;GNG13;GNG2;GNG3;GNG4;GNG5;GNG7;GNG8;GNGT1;GNGT2;GRIA1;GRIA2;GRIA3;GRIA4;GRIK1;GRIK2;GRIK3;GRIK4;GRIK5;GRIN1;GRIN2A;GRIN2B;GRIN2C;GRIN2D;GRIN3A;GRIN3B;GRIP1;GRIP2;GRM1;GRM5;HCN1;HCN2;HCN3;HCN4;HOMER1;HOMER2;HOMER3;HRAS;HSPA8;HTR3A;HTR3B;HTR3C;HTR3D;HTR3E;IL1RAP;IL1RAPL1;IL1RAPL2;KCNA1;KCNA10;KCNA2;KCNA3;KCNA4;KCNA5;KCNA6;KCNA7;KCNAB1;KCNAB2;KCNAB3;KCNB1;KCNB2;KCNC1;KCNC2;KCNC3;KCNC4;KCND1;KCND2;KCND3;KCNF1;KCNG1;KCNG2;KCNG3;KCNG4;KCNH1;KCNH2;KCNH3;KCNH4;KCNH5;KCNH6;KCNH7;KCNH8;KCNJ1;KCNJ10;KCNJ11;KCNJ12;KCNJ14;KCNJ15;KCNJ16;KCNJ2;KCNJ3;KCNJ4;KCNJ5;KCNJ6;KCNJ8;KCNJ9;KCNK1;KCNK10;KCNK13;KCNK16;KCNK17;KCNK18;KCNK2;KCNK3;KCNK4;KCNK6;KCNK7;KCNK9;KCNMA1;KCNMB1;KCNMB2;KCNMB3;KCNMB4;KCNN1;KCNN2;KCNN3;KCNN4;KCNQ1;KCNQ2;KCNQ3;KCNQ4;KCNQ5;KCNS1;KCNS2;KCNS3;KCNV1;KCNV2;KIF17;KPNA2;KRAS;LIN7A;LIN7B;LIN7C;LRFN1;LRFN2;LRFN3;LRFN4;LRRC4B;LRRC7;LRRTM1;LRRTM2;LRRTM3;LRRTM4;LRTOMT;MAOA;MAPK1;MAPK3;MAPT;MDM2;MYO6;NAAA;NBEA;NCALD;NEFL;NLGN1;NLGN2;NLGN3;NLGN4X;NLGN4Y;NPTN;NRAS;NRG1;NRGN;NRXN1;NRXN2;NRXN3;NSF;NTRK3;PANX1;PANX2;PDLIM5;PDPK1;PICK1;PLCB1;PLCB2;PLCB3;PPFIA1;PPFIA2;PPFIA3;PPFIA4;PPFIBP1;PPFIBP2;PPM1E;PPM1F;PRKAA1;PRKAA2;PRKAB1;PRKAB2;PRKACA;PRKACB;PRKACG;PRKAG1;PRKAG2;PRKAG3;PRKAR1A;PRKAR1B;PRKAR2A;PRKAR2B;PRKCA;PRKCB;PRKCG;PRKX;PTPRD;PTPRF;PTPRS;RAB3A;RAC1;RASGRF1;RASGRF2;RIMS1;RPS6KA1;RPS6KA2;RPS6KA3;RPS6KA6;RTN3;SHANK1;SHANK2;SHARPIN;SIPA1L1;SLC17A7;SLC18A2;SLC18A3;SLC1A1;SLC1A2;SLC1A3;SLC1A6;SLC1A7;SLC22A1;SLC22A2;SLC32A1;SLC38A1;SLC38A2;SLC5A7;SLC6A1;SLC6A11;SLC6A12;SLC6A13;SLC6A3;SLC6A4;SLITRK1;SLITRK2;SLITRK3;SLITRK4;SLITRK5;SLITRK6;SNAP25;SRC;STX1A;STXBP1;SYN1;SYN2;SYN3;SYT1;SYT10;SYT12;SYT2;SYT7;SYT9;TSPAN7;TUBA1A;TUBA1B;TUBA1C;TUBA3C;TUBA3D;TUBA4A;TUBA8;TUBAL3;TUBB1;TUBB2A;TUBB2B;TUBB3;TUBB6;TUBB8;UNC13B;VAMP2	S:ABCC9;ACHE;ACTN2;ADCY2;ADCY6;ADCY8;AKAP5;ALDH5A1;AP2A1;AP2A2;AP2B1;AP2M1;AP2S1;APBA3;CACNA1A;CACNA1B;CACNA1E;CACNA2D3;CACNB2;CACNB3;CACNG8;CAMK1;CAMKK1;CAMKK2;CHAT;CHRNA1;CHRNA2;CHRNA3;CHRNA4;CHRNA7;CHRNA9;CHRNB2;COMT;DBNL;DLG2;DLG4;DLGAP1;DNAJC5;EPB41;FLOT1;FLOT2;GABBR1;GABBR2;GABRA2;GABRA4;GABRA6;GABRB1;GABRB2;GABRG2;GABRG3;GABRQ;GABRR2;GAD1;GAD2;GIT1;GJA10;GJD2;GLRA2;GLRA3;GLUL;GNAI2;GNB2;GNB4;GNG10;GNG11;GNG12;GNG13;GNG4;GNGT1;GNGT2;GRIA2;GRIA3;GRIK1;GRIK2;GRIK4;GRIK5;GRIN1;GRIN2A;GRIN3A;GRIP2;GRM1;HCN2;HOMER2;HRAS;HTR3A;HTR3C;IL1RAP;KCNA1;KCNA2;KCNA4;KCNA5;KCNA7;KCNAB2;KCNB1;KCNB2;KCNC1;KCNC2;KCNC3;KCND2;KCND3;KCNF1;KCNG2;KCNG3;KCNH1;KCNH2;KCNH3;KCNH4;KCNH5;KCNH6;KCNH7;KCNJ12;KCNJ2;KCNJ3;KCNJ5;KCNJ6;KCNJ9;KCNK1;KCNK16;KCNK18;KCNK2;KCNK3;KCNK4;KCNK7;KCNMB2;KCNMB4;KCNN1;KCNN2;KCNN4;KCNQ3;KCNQ4;KCNS1;KCNS2;KCNS3;KIF17;LIN7A;LIN7B;LIN7C;LRFN4;LRRC7;LRRTM4;MAOA;MAPK3;NLGN1;NLGN2;NLGN4X;NLGN4Y;NPTN;NRAS;NRG1;NRGN;NRXN1;NRXN3;PDPK1;PICK1;PLCB2;PLCB3;PPFIA2;PPM1F;PRKAA2;PRKACA;PRKAG1;PRKAG3;PRKAR1A;PRKAR1B;PRKCG;PTPRD;RAB3A;RASGRF2;RIMS1;RPS6KA1;RPS6KA2;RPS6KA6;RTN3;SHANK1;SHANK2;SHARPIN;SIPA1L1;SLC17A7;SLC1A2;SLC1A6;SLC1A7;SLC22A1;SLC32A1;SLC5A7;SLC6A1;SLC6A3;SLITRK2;SLITRK3;SLITRK4;SLITRK6;SNAP25;SRC;SYN2;SYT10;SYT12;SYT2;SYT7;SYT9;TSPAN7;TUBA1A;TUBA1C;TUBA3D;TUBA8;TUBAL3;TUBB2A;TUBB2B;TUBB3;TUBB6;TUBB8;VAMP2
S:REACTOME_HOST_INTERACTIONS_OF_HIV_FACTORS	D:111	S:AAAS;ADRM1;AP1B1;AP1G1;AP1M1;AP1M2;AP1S1;AP1S2;AP1S3;AP2A1;AP2A2;AP2B1;AP2M1;AP2S1;APOBEC3G;ARF1;ATP6V1H;B2M;BANF1;BTRC;CCNT1;CD247;CD28;CD4;CD8B;CDK9;CUL5;DOCK2;ELMO1;FYN;HCK;HLA-A;HMGA1;KPNA1;KPNB1;LCK;NPM1;NUP107;NUP133;NUP153;NUP155;NUP160;NUP188;NUP205;NUP210;NUP214;NUP35;NUP37;NUP43;NUP50;NUP54;NUP62;NUP85;NUP88;NUP93;NUP98;PACS1;PAK2;POM121;PPIA;PSIP1;PSMA1;PSMA2;PSMA3;PSMA4;PSMA5;PSMA6;PSMA7;PSMB1;PSMB2;PSMB3;PSMB4;PSMB5;PSMB6;PSMB7;PSMC1;PSMC2;PSMC3;PSMC4;PSMC5;PSMC6;PSMD1;PSMD11;PSMD12;PSMD13;PSMD14;PSMD2;PSMD3;PSMD6;PSMD7;PSMD8;RAC1;RAE1;RAN;RANBP1;RANBP2;RANGAP1;RBX1;RCC1;RPS27A;SEC13;SEH1L;SKP1;SLC25A4;SLC25A5;SLC25A6;TPR;UBA52;UBB;UBC;XPO1	S:AP1G1;AP1S1;AP1S3;APOBEC3G;ARF1;ATP6V1H;B2M;BTRC;CCNT1;CD247;CD28;CUL5;DOCK2;ELMO1;FYN;HLA-A;KPNA1;KPNB1;LCK;NPM1;NUP107;NUP133;NUP153;NUP155;NUP160;NUP188;NUP205;NUP210;NUP35;NUP37;NUP43;NUP50;NUP54;NUP62;NUP85;NUP88;NUP93;NUP98;PACS1;PAK2;POM121;PSIP1;PSMA1;PSMA3;PSMA4;PSMA5;PSMA6;PSMA7;PSMB1;PSMB2;PSMB3;PSMB4;PSMC5;PSMC6;PSMD1;PSMD11;PSMD12;PSMD14;PSMD2;PSMD3;PSMD6;PSMD7;RAC1;RAE1;RAN;RANBP1;RANBP2;RANGAP1;RPS27A;SEC13;SEH1L;SLC25A4;SLC25A5;TPR;UBC;XPO1
S:REACTOME_SUMOYLATION_OF_DNA_METHYLATION_PROTEINS	D:16	S:BMI1;CBX2;CBX4;CBX8;DNMT1;DNMT3A;DNMT3B;PCGF2;PHC1;PHC2;PHC3;RING1;RNF2;SCMH1;SUMO1;UBE2I	S:BMI1;CBX2;CBX4;DNMT1;DNMT3A;DNMT3B;PCGF2;PHC1;PHC2;PHC3;RING1;RNF2;SCMH1;UBE2I
S:REACTOME_DEADENYLATION_OF_MRNA	D:21	S:CNOT1;CNOT10;CNOT2;CNOT3;CNOT4;CNOT6;CNOT6L;CNOT7;CNOT8;EIF4A1;EIF4A2;EIF4A3;EIF4B;EIF4E;EIF4G1;PABPC1;PAIP1;PAN2;PAN3;PARN;TNKS1BP1	S:CNOT1;CNOT10;CNOT2;CNOT4;CNOT6;CNOT6L;CNOT7;CNOT8;EIF4A1;EIF4A2;EIF4A3;EIF4B;PABPC1;PAIP1;PAN2;PAN3;PARN
S:REACTOME_TRANSLESION_SYNTHESIS_BY_POLH	D:17	S:NPLOC4;PCNA;POLH;RCHY1;RFC1;RFC2;RFC3;RFC4;RFC5;RPA1;RPA2;RPA3;RPS27A;UBA52;UBB;UBC;VCP	S:PCNA;POLH;RCHY1;RFC1;RFC3;RFC4;RFC5;RPA1;RPA2;RPA3;RPS27A;UBC;VCP
S:REACTOME_INFLUENZA_VIRAL_RNA_TRANSCRIPTION_AND_REPLICATION	D:133	S:AAAS;DNAJC3;FAU;GRSF1;GTF2F1;GTF2F2;HSP90AA1;IPO5;NUP107;NUP133;NUP153;NUP155;NUP160;NUP188;NUP205;NUP210;NUP214;NUP35;NUP37;NUP43;NUP50;NUP54;NUP62;NUP85;NUP88;NUP93;NUP98;PARP1;POLR2A;POLR2B;POLR2C;POLR2D;POLR2E;POLR2F;POLR2G;POLR2H;POLR2I;POLR2J;POLR2K;POLR2L;POM121;RAE1;RANBP2;RPL10;RPL10A;RPL10L;RPL11;RPL12;RPL13;RPL13A;RPL14;RPL15;RPL17;RPL18;RPL18A;RPL19;RPL21;RPL22;RPL22L1;RPL23;RPL23A;RPL24;RPL26;RPL26L1;RPL27;RPL27A;RPL28;RPL29;RPL3;RPL30;RPL31;RPL32;RPL34;RPL35;RPL35A;RPL36;RPL36A;RPL36AL;RPL37;RPL37A;RPL38;RPL39;RPL39L;RPL3L;RPL4;RPL41;RPL5;RPL6;RPL7;RPL7A;RPL8;RPL9;RPLP0;RPLP1;RPLP2;RPS10;RPS11;RPS12;RPS13;RPS14;RPS15;RPS15A;RPS16;RPS17;RPS18;RPS19;RPS2;RPS20;RPS21;RPS23;RPS24;RPS25;RPS26;RPS27;RPS27A;RPS27L;RPS28;RPS29;RPS3;RPS3A;RPS4X;RPS4Y1;RPS4Y2;RPS5;RPS6;RPS7;RPS8;RPS9;RPSA;SEC13;SEH1L;TPR;UBA52	S:DNAJC3;GRSF1;GTF2F1;GTF2F2;HSP90AA1;IPO5;NUP107;NUP133;NUP153;NUP155;NUP160;NUP188;NUP205;NUP210;NUP35;NUP37;NUP43;NUP50;NUP54;NUP62;NUP85;NUP88;NUP93;NUP98;PARP1;POLR2B;POLR2G;POLR2K;POLR2L;POM121;RAE1;RANBP2;RPL10;RPL10A;RPL10L;RPL12;RPL13;RPL13A;RPL14;RPL15;RPL18;RPL18A;RPL19;RPL22;RPL23A;RPL26;RPL27;RPL27A;RPL28;RPL29;RPL3;RPL30;RPL32;RPL35;RPL35A;RPL36;RPL36A;RPL36AL;RPL37;RPL37A;RPL38;RPL39L;RPL4;RPL5;RPL6;RPL7A;RPL8;RPLP0;RPLP1;RPLP2;RPS11;RPS13;RPS15;RPS16;RPS18;RPS19;RPS20;RPS21;RPS23;RPS25;RPS26;RPS27A;RPS27L;RPS28;RPS4X;RPS4Y1;RPS4Y2;RPS6;RPS8;SEC13;SEH1L;TPR
S:REACTOME_DEADENYLATION_DEPENDENT_MRNA_DECAY	D:48	S:CNOT1;CNOT10;CNOT2;CNOT3;CNOT4;CNOT6;CNOT6L;CNOT7;CNOT8;DCP1A;DCP1B;DCP2;DCPS;DDX6;DIS3;EDC3;EDC4;EIF4A1;EIF4A2;EIF4A3;EIF4B;EIF4E;EIF4G1;EXOSC1;EXOSC2;EXOSC3;EXOSC4;EXOSC5;EXOSC6;EXOSC7;EXOSC8;EXOSC9;HBS1L;LSM1;LSM2;LSM3;LSM4;LSM5;LSM6;LSM7;PABPC1;PAIP1;PAN2;PAN3;PARN;PATL1;TNKS1BP1;XRN1	S:CNOT1;CNOT10;CNOT2;CNOT4;CNOT6;CNOT6L;CNOT7;CNOT8;DCP1A;DCP1B;DCP2;DCPS;DDX6;DIS3;EDC4;EIF4A1;EIF4A2;EIF4A3;EIF4B;EXOSC1;EXOSC2;EXOSC3;EXOSC4;EXOSC5;EXOSC7;EXOSC8;EXOSC9;HBS1L;LSM5;LSM6;PABPC1;PAIP1;PAN2;PAN3;PARN;PATL1;XRN1
S:REACTOME_RECRUITMENT_OF_MITOTIC_CENTROSOME_PROTEINS_AND_COMPLEXES	D:73	S:ACTR1A;AKAP9;ALMS1;CCP110;CDK1;CDK11A;CDK11B;CDK5RAP2;CEP135;CEP152;CEP164;CEP192;CEP250;CEP290;CEP57;CEP63;CEP70;CEP72;CEP76;CETN2;CKAP5;CLASP1;CNTRL;CSNK1D;CSNK1E;DCTN1;DCTN2;DCTN3;DYNC1H1;DYNC1I2;DYNLL1;HAUS1;HAUS2;HAUS3;HAUS4;HAUS5;HAUS6;HAUS7;HAUS8;HSP90AA1;MAPRE1;MZT1;MZT2B;NDE1;NEDD1;NEK2;NINL;NME7;ODF2;OFD1;PAFAH1B1;PCM1;PCNT;PLK1;PLK4;PPP2R1A;PRKACA;PRKAR2B;SDCCAG8;SFI1;SSNA1;TUBA1A;TUBA4A;TUBB;TUBG1;TUBG2;TUBGCP2;TUBGCP3;TUBGCP4;TUBGCP5;TUBGCP6;YWHAE;YWHAG	S:AKAP9;ALMS1;CCP110;CDK1;CDK11B;CEP135;CEP152;CEP192;CEP250;CEP290;CEP57;CEP63;CEP70;CEP72;CEP76;CETN2;CKAP5;CLASP1;CNTRL;CSNK1E;DCTN2;DYNC1H1;DYNLL1;HAUS1;HAUS2;HAUS3;HAUS5;HAUS6;HAUS8;HSP90AA1;MAPRE1;MZT1;NDE1;NEDD1;NINL;NME7;ODF2;OFD1;PAFAH1B1;PCM1;PCNT;PLK1;PLK4;PRKAR2B;SFI1;TUBA4A;TUBB;TUBG1;TUBGCP3;TUBGCP5;YWHAG
S:REACTOME_REGULATION_OF_INSULIN_SECRETION	D:78	S:ABCC8;ACSL3;ACSL4;ADCY5;ADCY6;ADCY8;ADRA2A;ADRA2C;AHCYL1;AKAP5;CACNA1A;CACNA1C;CACNA1D;CACNA1E;CACNA2D2;CACNB2;CACNB3;CD36;CHRM3;FFAR1;GCG;GLP1R;GNA11;GNA14;GNA15;GNAI1;GNAI2;GNAQ;GNAS;GNB1;GNB2;GNB3;GNB4;GNB5;GNG10;GNG11;GNG12;GNG13;GNG2;GNG3;GNG4;GNG5;GNG7;GNG8;GNGT1;GNGT2;INS;IQGAP1;ITPR1;ITPR2;ITPR3;KCNB1;KCNC2;KCNG2;KCNJ11;KCNS3;MARCKS;PLCB1;PLCB2;PLCB3;PRKACA;PRKACB;PRKACG;PRKAR1A;PRKAR1B;PRKAR2A;PRKAR2B;PRKCA;RAP1A;RAPGEF3;RAPGEF4;SLC2A1;SLC2A2;SNAP25;STX1A;STXBP1;SYT5;VAMP2	S:ACSL4;ADCY6;ADCY8;ADRA2C;AKAP5;CACNA1A;CACNA1C;CACNA1E;CACNB2;CACNB3;CD36;FFAR1;GLP1R;GNA11;GNA14;GNA15;GNAI2;GNAQ;GNB2;GNB4;GNG10;GNG11;GNG12;GNG13;GNG4;GNGT1;GNGT2;INS;KCNB1;KCNC2;KCNG2;KCNS3;PLCB2;PLCB3;PRKACA;PRKAR1A;PRKAR1B;RAPGEF4;SLC2A2;SNAP25;SYT5;VAMP2
S:REACTOME_SARS_COV_1_TARGETS_HOST_INTRACELLULAR_SIGNALLING_AND_REGULATORY_PATHWAYS	D:16	S:CAV1;EP300;PDPK1;PSMC6;SERPINE1;SFN;SMAD3;SMAD4;SP1;UBE2I;YWHAB;YWHAE;YWHAG;YWHAH;YWHAQ;YWHAZ	S:CAV1;EP300;PSMC6;SERPINE1;SMAD3;SMAD4;UBE2I;YWHAB;YWHAG;YWHAH;YWHAQ;YWHAZ
S:REACTOME_TRANSCRIPTIONAL_REGULATION_BY_TP53	D:324	S:AIFM2;AKT1;AKT2;AKT3;APAF1;ARID3A;ATF2;ATM;ATR;ATRIP;AURKA;AURKB;BANP;BARD1;BAX;BBC3;BCL2L14;BCL6;BID;BIRC5;BLM;BNIP3L;BRCA1;BRD1;BRD7;BRIP1;BRPF1;BRPF3;BTG2;CASP1;CASP10;CASP2;CASP6;CCNA1;CCNA2;CCNB1;CCNE1;CCNE2;CCNG1;CCNH;CCNK;CCNT1;CCNT2;CDC25C;CDK1;CDK12;CDK13;CDK2;CDK5;CDK5R1;CDK7;CDK9;CDKN1A;CDKN1B;CDKN2A;CHD3;CHD4;CHEK1;CHEK2;CHM;CNOT1;CNOT10;CNOT2;CNOT3;CNOT4;CNOT6;CNOT6L;CNOT7;CNOT8;COX4I1;COX4I2;COX5A;COX5B;COX6A1;COX6A2;COX6B1;COX6B2;COX6C;COX7A1;COX7A2;COX7A2L;COX7B;COX7C;COX8A;CRADD;CREBBP;CSNK2A1;CSNK2A2;CSNK2B;CTDP1;CYCS;DAXX;DDB2;DDIT4;DNA2;DYRK2;E2F1;E2F4;E2F7;E2F8;EHMT1;EHMT2;ELL;EP300;ERCC2;ERCC3;EXO1;FANCC;FANCD2;FANCI;FAS;FOS;G6PD;GADD45A;GATAD2A;GATAD2B;GLS;GLS2;GPI;GPX2;GSR;GTF2F1;GTF2F2;GTF2H1;GTF2H3;GTF2H4;GTF2H5;HDAC1;HDAC2;HIPK1;HIPK2;HUS1;IGFBP3;ING2;ING5;JMY;JUN;KAT5;L3MBTL1;LAMTOR1;LAMTOR2;LAMTOR3;MAP2K6;MAPK11;MAPK14;MAPKAP1;MAPKAPK5;MBD3;MDC1;MDM2;MDM4;MEAF6;MLH1;MLST8;MNAT1;MOV10;MSH2;MTA2;MTOR;NBN;NDRG1;NDUFA4;NLRC4;NOC2L;NPM1;NUAK1;PCBP4;PCNA;PDPK1;PERP;PHF20;PIN1;PIP4K2A;PIP4K2B;PIP4K2C;PLAGL1;PLK2;PLK3;PMAIP1;PML;PMS2;POLR2A;POLR2B;POLR2C;POLR2D;POLR2E;POLR2F;POLR2G;POLR2H;POLR2I;POLR2J;POLR2K;POLR2L;POU4F1;POU4F2;PPP1R13B;PPP1R13L;PPP2CA;PPP2CB;PPP2R1A;PPP2R1B;PPP2R5C;PRDM1;PRDX1;PRDX2;PRDX5;PRELID1;PRKAA1;PRKAA2;PRKAB1;PRKAB2;PRKAG1;PRKAG2;PRKAG3;PRMT1;PRMT5;PRR5;PTEN;RABGGTA;RABGGTB;RAD1;RAD17;RAD50;RAD9A;RBBP4;RBBP7;RBBP8;RBL1;RBL2;RFC2;RFC3;RFC4;RFC5;RFFL;RHEB;RICTOR;RMI1;RNF34;RPA1;RPA2;RPA3;RPS27A;RPTOR;RRAGA;RRAGB;RRAGC;RRAGD;RRM2B;SCO2;SESN1;SESN2;SESN3;SFN;SGK1;SLC38A9;SMYD2;SSRP1;STEAP3;STK11;SUPT16H;SUPT4H1;SUPT5H;TAF1;TAF10;TAF11;TAF12;TAF13;TAF15;TAF1L;TAF2;TAF3;TAF4;TAF4B;TAF5;TAF6;TAF7;TAF7L;TAF8;TAF9;TAF9B;TBP;TCEA1;TFDP1;TFDP2;TMEM219;TNFRSF10A;TNFRSF10B;TNFRSF10C;TNFRSF10D;TNKS1BP1;TNRC6A;TNRC6B;TNRC6C;TOP3A;TOPBP1;TP53;TP53AIP1;TP53BP2;TP53I3;TP53INP1;TP53RK;TP63;TP73;TPX2;TRIAP1;TSC1;TSC2;TTC5;TXN;TXNRD1;UBA52;UBB;UBC;USP2;USP7;WRN;YWHAB;YWHAE;YWHAG;YWHAH;YWHAQ;YWHAZ;ZNF385A;ZNF420	S:AKT2;AKT3;ATF2;ATM;ATR;AURKA;AURKB;BANP;BARD1;BBC3;BCL2L14;BCL6;BID;BIRC5;BLM;BRCA1;BRD1;BRD7;BRIP1;BRPF1;BRPF3;BTG2;CASP10;CASP2;CASP6;CCNA1;CCNA2;CCNB1;CCNE1;CCNE2;CCNG1;CCNH;CCNK;CCNT1;CCNT2;CDC25C;CDK1;CDK12;CDK13;CDK5R1;CDK7;CDKN1B;CDKN2A;CHD4;CHEK1;CHEK2;CHM;CNOT1;CNOT10;CNOT2;CNOT4;CNOT6;CNOT6L;CNOT7;CNOT8;COX4I2;COX5A;COX6A2;COX7A1;COX8A;CREBBP;CSNK2A1;CSNK2B;CYCS;DAXX;DDB2;DDIT4;DNA2;DYRK2;E2F1;E2F8;EHMT1;EHMT2;EP300;ERCC3;EXO1;FANCC;FANCD2;FANCI;FAS;FOS;GATAD2A;GATAD2B;GLS;GLS2;GPI;GSR;GTF2F1;GTF2F2;GTF2H1;GTF2H3;GTF2H4;GTF2H5;HDAC1;HDAC2;HIPK1;HIPK2;HUS1;ING2;ING5;JMY;JUN;KAT5;L3MBTL1;LAMTOR3;MAPKAP1;MAPKAPK5;MDC1;MDM2;MDM4;MEAF6;MLH1;MNAT1;MOV10;MSH2;MTOR;NBN;NPM1;PCBP4;PCNA;PERP;PHF20;PIP4K2B;PLAGL1;PLK2;PMAIP1;PMS2;POLR2B;POLR2G;POLR2K;POLR2L;POU4F1;POU4F2;PPP1R13B;PPP2CB;PPP2R1B;PPP2R5C;PRDM1;PRDX1;PRKAA1;PRKAB1;PRKAB2;PRKAG2;PRMT1;RABGGTB;RAD1;RAD17;RAD50;RBBP4;RBBP7;RBBP8;RBL1;RBL2;RFC3;RFC4;RFC5;RHEB;RMI1;RNF34;RPA1;RPA2;RPA3;RPS27A;RPTOR;RRAGA;RRAGB;RRAGC;RRM2B;SESN1;SESN2;SGK1;SLC38A9;SMYD2;SSRP1;SUPT16H;TAF1;TAF12;TAF15;TAF1L;TAF2;TAF3;TAF4;TAF4B;TAF5;TAF6;TAF7;TAF7L;TAF8;TAF9;TAF9B;TBP;TCEA1;TFDP2;TNFRSF10C;TNRC6A;TNRC6B;TNRC6C;TOPBP1;TP53;TP53BP2;TP53INP1;TP53RK;TP63;TP73;TPX2;TRIAP1;TSC1;TTC5;UBC;USP7;WRN;YWHAB;YWHAG;YWHAH;YWHAQ;YWHAZ;ZNF420
S:REACTOME_SYNTHESIS_OF_PIPS_AT_THE_GOLGI_MEMBRANE	D:18	S:ARF1;ARF3;FIG4;INPP5E;OCRL;PI4K2A;PI4K2B;PI4KA;PI4KB;PIK3C2A;PIK3C2G;PIK3C3;PIK3R4;PIKFYVE;SACM1L;TPTE;TPTE2;VAC14	S:ARF1;ARF3;INPP5E;OCRL;PI4K2A;PI4K2B;PI4KA;PI4KB;PIK3C2A;PIK3C2G;PIK3C3;PIK3R4;PIKFYVE;SACM1L;TPTE;TPTE2;VAC14
S:REACTOME_CLASS_I_PEROXISOMAL_MEMBRANE_PROTEIN_IMPORT	D:20	S:ABCD1;ABCD2;ABCD3;ACBD5;ALDH3A2;ATAD1;FIS1;GDAP1;PEX11B;PEX12;PEX13;PEX14;PEX16;PEX19;PEX2;PEX26;PEX3;PXMP2;PXMP4;SLC25A17	S:ABCD2;ABCD3;ACBD5;ALDH3A2;ATAD1;GDAP1;PEX12;PEX13;PEX14;PEX19;PEX2;PEX26;PEX3;PXMP4;SLC25A17
S:REACTOME_PEPTIDE_HORMONE_BIOSYNTHESIS	D:11	S:CGA;FSHB;INHA;INHBA;INHBB;INHBC;INHBE;LHB;PCSK1;POMC;TSHB	S:INHBA;INHBB;INHBC;INHBE;LHB;PCSK1;POMC;TSHB
S:REACTOME_GENERATION_OF_SECOND_MESSENGER_MOLECULES	D:33	S:CD101;CD247;CD3D;CD3E;CD3G;CD4;ENAH;EVL;GRAP2;HLA-DPA1;HLA-DPB1;HLA-DQA1;HLA-DQA2;HLA-DQB1;HLA-DQB2;HLA-DRA;HLA-DRB1;HLA-DRB3;HLA-DRB4;HLA-DRB5;ITK;LAT;LCK;LCP2;NCK1;PAK1;PAK2;PAK3;PLCG1;PLCG2;VASP;WAS;ZAP70	S:CD101;CD247;CD3D;CD3G;EVL;GRAP2;HLA-DPA1;HLA-DPB1;HLA-DQA1;HLA-DQB1;HLA-DQB2;HLA-DRA;HLA-DRB1;HLA-DRB3;HLA-DRB4;HLA-DRB5;ITK;LAT;LCK;LCP2;NCK1;PAK1;PAK2;PAK3;PLCG1;PLCG2;VASP;ZAP70
S:REACTOME_HDMS_DEMETHYLATE_HISTONES	D:20	S:ARID5B;JMJD6;KDM1A;KDM1B;KDM2A;KDM2B;KDM3A;KDM3B;KDM4A;KDM4C;KDM4D;KDM5A;KDM5B;KDM5C;KDM5D;KDM6A;KDM6B;PHF2;PHF8;UTY	S:ARID5B;KDM1B;KDM2B;KDM3A;KDM3B;KDM4A;KDM4C;KDM4D;KDM5A;KDM5B;KDM6A;PHF2;PHF8;UTY
S:REACTOME_REGULATION_OF_PYRUVATE_DEHYDROGENASE_PDH_COMPLEX	D:15	S:DLAT;DLD;GSTZ1;PDHA1;PDHA2;PDHB;PDHX;PDK1;PDK2;PDK3;PDK4;PDP1;PDP2;PDPR;SIRT4	S:DLAT;DLD;PDHA1;PDHX;PDK1;PDK3;PDK4;PDP1;PDP2;PDPR;SIRT4
S:REACTOME_ATF6_ATF6_ALPHA_ACTIVATES_CHAPERONES	D:12	S:ATF4;ATF6;CALR;DDIT3;HSP90B1;HSPA5;MBTPS1;MBTPS2;NFYA;NFYB;NFYC;XBP1	S:ATF4;CALR;HSP90B1;HSPA5;MBTPS1;MBTPS2;NFYA;NFYB;NFYC;XBP1
S:REACTOME_DNA_REPLICATION_PRE_INITIATION	D:88	S:ADRM1;ANAPC1;ANAPC10;ANAPC11;ANAPC16;ANAPC2;ANAPC4;ANAPC5;ANAPC7;CDC16;CDC23;CDC26;CDC27;CDC45;CDC6;CDC7;CDK2;CDT1;DBF4;FZR1;GMNN;KPNA1;KPNA6;KPNB1;MCM10;MCM2;MCM3;MCM4;MCM5;MCM6;MCM7;MCM8;ORC1;ORC2;ORC3;ORC4;ORC5;ORC6;POLA1;POLA2;POLE;POLE2;POLE3;POLE4;PRIM1;PRIM2;PSMA1;PSMA2;PSMA3;PSMA4;PSMA5;PSMA6;PSMA7;PSMB1;PSMB2;PSMB3;PSMB4;PSMB5;PSMB6;PSMB7;PSMC1;PSMC2;PSMC3;PSMC4;PSMC5;PSMC6;PSMD1;PSMD11;PSMD12;PSMD13;PSMD14;PSMD2;PSMD3;PSMD6;PSMD7;PSMD8;RPA1;RPA2;RPA3;RPA4;RPS27A;UBA52;UBB;UBC;UBE2C;UBE2D1;UBE2E1;UBE2S	S:ANAPC1;ANAPC10;ANAPC11;ANAPC16;ANAPC4;ANAPC5;ANAPC7;CDC23;CDC26;CDC27;CDC45;CDC6;CDC7;GMNN;KPNA1;KPNB1;MCM10;MCM2;MCM3;MCM4;MCM5;MCM6;MCM7;MCM8;ORC1;ORC2;ORC3;ORC4;ORC5;ORC6;POLA1;POLA2;POLE;POLE3;PRIM1;PRIM2;PSMA1;PSMA3;PSMA4;PSMA5;PSMA6;PSMA7;PSMB1;PSMB2;PSMB3;PSMB4;PSMC5;PSMC6;PSMD1;PSMD11;PSMD12;PSMD14;PSMD2;PSMD3;PSMD6;PSMD7;RPA1;RPA2;RPA3;RPS27A;UBC;UBE2E1
S:REACTOME_AMINE_LIGAND_BINDING_RECEPTORS	D:42	S:ADRA1A;ADRA1B;ADRA1D;ADRA2A;ADRA2B;ADRA2C;ADRB1;ADRB2;ADRB3;CHRM1;CHRM2;CHRM3;CHRM4;CHRM5;DRD1;DRD2;DRD3;DRD4;DRD5;GPR143;HRH1;HRH2;HRH3;HRH4;HTR1A;HTR1B;HTR1D;HTR1E;HTR1F;HTR2A;HTR2B;HTR2C;HTR4;HTR5A;HTR6;HTR7;TAAR1;TAAR2;TAAR5;TAAR6;TAAR8;TAAR9	S:ADRA1B;ADRA1D;ADRA2B;ADRA2C;DRD1;DRD2;DRD3;DRD4;DRD5;GPR143;HRH2;HRH3;HTR1B;HTR1E;HTR1F;HTR2A;HTR2C;HTR4;HTR5A;TAAR1;TAAR2;TAAR5;TAAR6;TAAR8;TAAR9
S:REACTOME_MEIOTIC_RECOMBINATION	D:25	S:ATM;BLM;BRCA1;BRCA2;CDK2;CDK4;DMC1;FIGNL1;MLH1;MLH3;MND1;MSH4;NBN;PRDM9;PSMC3IP;RAD50;RAD51;RAD51C;RBBP8;RPA1;RPA2;RPA3;SPO11;TEX15;TOP3A	S:ATM;BLM;BRCA1;BRCA2;CDK4;FIGNL1;MLH1;MLH3;MND1;MSH4;NBN;PRDM9;PSMC3IP;RAD50;RAD51;RAD51C;RBBP8;RPA1;RPA2;RPA3
S:REACTOME_REGULATION_OF_T_CELL_ACTIVATION_BY_CD28_FAMILY	D:198	S:ADRM1;AKT1;AKT2;AKT3;ASH2L;ATF3;B3GNT3;BRD4;BTLA;BTRC;CCND1;CD247;CD274;CD28;CD3D;CD3E;CD3G;CD4;CD80;CD86;CDC42;CDK4;COPS5;CREBBP;CSK;CSNK2A1;CSNK2A2;CSNK2B;CTLA4;CTNNB1;CUL1;CUL3;DAD1;DDOST;DERL1;DERL2;DERL3;DPY30;EED;EP300;EPAS1;ERLEC1;ERLIN1;ERLIN2;EZH2;FOS;FOSB;FYN;GRAP2;GRB2;GSK3B;HIF1A;HLA-DPA1;HLA-DPB1;HLA-DQA1;HLA-DQA2;HLA-DQB1;HLA-DQB2;HLA-DRA;HLA-DRB1;HLA-DRB3;HLA-DRB4;HLA-DRB5;ICOS;ICOSLG;IRF1;JAK1;JUN;JUND;LCK;LEF1;LYN;MAGT1;MAP3K14;MAP3K8;MAPKAP1;MIB2;MLST8;MOV10;MTOR;MYC;MYCN;NEK2;NFE2L2;NFKB1;NFKB2;OS9;OST4;OSTC;PAK1;PAK2;PAK3;PDCD1;PDCD1LG2;PDPK1;PIK3CA;PIK3CB;PIK3CD;PIK3CG;PIK3R1;PIK3R2;PIK3R3;PIK3R5;PIK3R6;PPP2CA;PPP2CB;PPP2R1A;PPP2R1B;PPP2R5A;PPP2R5B;PPP2R5C;PPP2R5D;PPP2R5E;PRKAA1;PRKAA2;PRKAB1;PRKAB2;PRKAG1;PRKAG2;PRKAG3;PRR5;PSMA1;PSMA2;PSMA3;PSMA4;PSMA5;PSMA6;PSMA7;PSMB1;PSMB2;PSMB3;PSMB4;PSMB5;PSMB6;PSMB7;PSMC1;PSMC2;PSMC3;PSMC4;PSMC5;PSMC6;PSMD1;PSMD11;PSMD12;PSMD13;PSMD14;PSMD2;PSMD3;PSMD6;PSMD7;PSMD8;PTPN11;PTPN6;RAC1;RBBP4;RBBP5;RBBP7;RBX1;RELA;RICTOR;RNF185;RNF5;RPN1;RPN2;RPS27A;SEL1L;SKP1;SPOP;SRC;STAT1;STAT3;STT3A;STT3B;SUZ12;TCF7;TCF7L1;TCF7L2;TEAD1;TEAD2;TEAD3;TEAD4;THEM4;TNFRSF14;TNRC6A;TNRC6B;TNRC6C;TRIB3;TUSC3;UBA52;UBB;UBC;VAV1;VCP;WDR5;WWTR1;YAP1;YES1;YWHAG	S:AKT2;AKT3;ASH2L;ATF3;B3GNT3;BRD4;BTLA;BTRC;CCND1;CD247;CD28;CD3D;CD3G;CD80;CDC42;CDK4;COPS5;CREBBP;CSNK2A1;CSNK2B;CTLA4;CUL1;CUL3;DAD1;DDOST;DERL1;DERL3;DPY30;EED;EP300;EPAS1;ERLEC1;ERLIN1;ERLIN2;EZH2;FOS;FOSB;FYN;GRAP2;GRB2;GSK3B;HIF1A;HLA-DPA1;HLA-DPB1;HLA-DQA1;HLA-DQB1;HLA-DQB2;HLA-DRA;HLA-DRB1;HLA-DRB3;HLA-DRB4;HLA-DRB5;ICOS;ICOSLG;JAK1;JUN;JUND;LCK;LEF1;LYN;MAGT1;MAP3K14;MAPKAP1;MOV10;MTOR;MYC;MYCN;NFE2L2;NFKB1;OS9;OSTC;PAK1;PAK2;PAK3;PDCD1;PIK3CA;PIK3CB;PIK3CG;PIK3R1;PIK3R3;PIK3R5;PPP2CB;PPP2R1B;PPP2R5A;PPP2R5C;PPP2R5D;PPP2R5E;PRKAA1;PRKAB1;PRKAB2;PRKAG2;PSMA1;PSMA3;PSMA4;PSMA5;PSMA6;PSMA7;PSMB1;PSMB2;PSMB3;PSMB4;PSMC5;PSMC6;PSMD1;PSMD11;PSMD12;PSMD14;PSMD2;PSMD3;PSMD6;PSMD7;PTPN11;RAC1;RBBP4;RBBP5;RBBP7;RELA;RPN1;RPN2;RPS27A;SEL1L;SPOP;STAT1;STT3A;STT3B;SUZ12;TCF7;TEAD2;TEAD4;THEM4;TNRC6A;TNRC6B;TNRC6C;TRIB3;TUSC3;UBC;VAV1;VCP;WDR5;YAP1;YES1;YWHAG
S:REACTOME_GPCR_LIGAND_BINDING	D:432	S:ADCYAP1;ADCYAP1R1;ADM;ADM2;ADORA1;ADORA2A;ADORA2B;ADORA3;ADRA1A;ADRA1B;ADRA1D;ADRA2A;ADRA2B;ADRA2C;ADRB1;ADRB2;ADRB3;AGT;AGTR1;AGTR2;ANXA1;APLN;APLNR;APP;AVP;AVPR1A;AVPR1B;AVPR2;BDKRB1;BDKRB2;BRS3;C3;C3AR1;C5;C5AR1;CALCA;CALCR;CALCRL;CASR;CCK;CCKAR;CCKBR;CCL1;CCL11;CCL13;CCL16;CCL17;CCL19;CCL2;CCL20;CCL21;CCL22;CCL23;CCL25;CCL27;CCL28;CCL3;CCL3L3;CCL4;CCL5;CCL7;CCR1;CCR10;CCR2;CCR3;CCR4;CCR5;CCR6;CCR7;CCR8;CCR9;CCRL2;CD55;CGA;CHRM1;CHRM2;CHRM3;CHRM4;CHRM5;CMKLR1;CNR1;CNR2;CORT;CRH;CRHBP;CRHR1;CRHR2;CX3CL1;CX3CR1;CXCL1;CXCL10;CXCL11;CXCL12;CXCL13;CXCL16;CXCL2;CXCL3;CXCL5;CXCL6;CXCL9;CXCR1;CXCR2;CXCR3;CXCR4;CXCR5;CXCR6;CYSLTR1;CYSLTR2;DHH;DRD1;DRD2;DRD3;DRD4;DRD5;ECE1;ECE2;EDN1;EDN2;EDN3;EDNRA;EDNRB;F2;F2R;F2RL1;F2RL2;F2RL3;FFAR1;FFAR2;FFAR3;FPR1;FPR2;FPR3;FSHB;FSHR;FZD1;FZD10;FZD2;FZD3;FZD4;FZD5;FZD6;FZD7;FZD8;FZD9;GABBR1;GABBR2;GAL;GALR1;GALR2;GALR3;GCG;GCGR;GHRH;GHRHR;GHRL;GHSR;GIP;GIPR;GLP1R;GLP2R;GNAS;GNB1;GNB2;GNB3;GNB4;GNB5;GNG10;GNG11;GNG12;GNG13;GNG2;GNG3;GNG4;GNG5;GNG7;GNG8;GNGT1;GNGT2;GNRH1;GNRH2;GNRHR;GPBAR1;GPHA2;GPHB5;GPR132;GPR143;GPR17;GPR18;GPR183;GPR31;GPR35;GPR37;GPR37L1;GPR39;GPR4;GPR55;GPR65;GPR68;GPRC6A;GRM1;GRM2;GRM3;GRM4;GRM5;GRM7;GRM8;GRP;GRPR;HCRT;HCRTR1;HCRTR2;HEBP1;HRH1;HRH2;HRH3;HRH4;HTR1A;HTR1B;HTR1D;HTR1E;HTR1F;HTR2A;HTR2B;HTR2C;HTR4;HTR5A;HTR6;HTR7;IAPP;INSL3;INSL5;KEL;KISS1;KISS1R;KNG1;LHB;LHCGR;LPAR1;LPAR2;LPAR3;LPAR4;LPAR5;LPAR6;LTB4R;LTB4R2;MAS1;MC1R;MC2R;MC3R;MC4R;MC5R;MCHR1;MCHR2;MLN;MLNR;MRGPRD;MTNR1A;MTNR1B;NLN;NMB;NMBR;NMU;NMUR1;NMUR2;NPB;NPBWR1;NPBWR2;NPFF;NPFFR1;NPFFR2;NPSR1;NPW;NPY;NPY1R;NPY2R;NPY5R;NTS;NTSR1;NTSR2;OPN1LW;OPN1MW;OPN1SW;OPN3;OPN4;OPRD1;OPRK1;OPRL1;OPRM1;OXER1;OXGR1;OXT;OXTR;P2RY1;P2RY10;P2RY12;P2RY13;P2RY14;P2RY2;P2RY4;P2RY6;PDYN;PENK;PF4;PMCH;PNOC;POMC;PPBP;PPY;PRLH;PRLHR;PROK1;PROK2;PROKR1;PROKR2;PSAP;PTAFR;PTCH1;PTCH2;PTGDR;PTGER1;PTGER2;PTGER3;PTGER4;PTGFR;PTGIR;PTH;PTH1R;PTH2;PTH2R;PTHLH;PYY;QRFPR;RAMP1;RAMP2;RAMP3;RGR;RHO;RLN2;RLN3;RRH;RXFP1;RXFP2;RXFP3;RXFP4;S1PR1;S1PR2;S1PR3;S1PR4;S1PR5;SAA1;SCT;SCTR;SHH;SMO;SST;SSTR1;SSTR2;SSTR3;SSTR4;SSTR5;SUCNR1;TAAR1;TAAR2;TAAR5;TAAR6;TAAR8;TAAR9;TAC1;TAC3;TACR1;TACR2;TACR3;TAS1R1;TAS1R2;TAS2R1;TAS2R10;TAS2R13;TAS2R14;TAS2R16;TAS2R19;TAS2R20;TAS2R3;TAS2R31;TAS2R38;TAS2R39;TAS2R4;TAS2R40;TAS2R41;TAS2R42;TAS2R43;TAS2R46;TAS2R5;TAS2R50;TAS2R60;TAS2R7;TAS2R8;TAS2R9;TBXA2R;TRH;TRHR;TSHB;TSHR;UCN;UCN2;UCN3;UTS2;UTS2R;VIP;VIPR1;VIPR2;WNT1;WNT10A;WNT10B;WNT11;WNT16;WNT2;WNT2B;WNT3;WNT3A;WNT4;WNT5A;WNT6;WNT7A;WNT7B;WNT8A;WNT8B;WNT9A;WNT9B;XCL1;XCL2;XCR1;XK	S:ADCYAP1R1;ADM;ADM2;ADORA1;ADORA3;ADRA1B;ADRA1D;ADRA2B;ADRA2C;AGT;AGTR1;AGTR2;APLN;AVP;AVPR2;BDKRB1;BRS3;C3AR1;C5;CALCR;CASR;CCK;CCKAR;CCL13;CCL16;CCL19;CCL21;CCL22;CCL23;CCL7;CCR1;CCR10;CCR3;CCRL2;CD55;CORT;CRH;CRHR1;CRHR2;CX3CL1;CXCL12;CXCL13;CXCL16;CXCR1;CXCR2;DHH;DRD1;DRD2;DRD3;DRD4;DRD5;ECE1;EDN2;EDN3;EDNRB;F2RL1;F2RL2;F2RL3;FFAR1;FFAR2;FFAR3;FPR2;FPR3;FSHR;FZD10;FZD2;FZD4;FZD5;FZD8;FZD9;GABBR1;GABBR2;GAL;GALR1;GCGR;GHRL;GHSR;GIPR;GLP1R;GLP2R;GNB2;GNB4;GNG10;GNG11;GNG12;GNG13;GNG4;GNGT1;GNGT2;GNRH2;GNRHR;GPBAR1;GPHA2;GPHB5;GPR132;GPR143;GPR17;GPR31;GPR35;GPR37;GPR37L1;GRM1;GRM2;GRM4;GRM7;GRPR;HCRT;HCRTR1;HCRTR2;HEBP1;HRH2;HRH3;HTR1B;HTR1E;HTR1F;HTR2A;HTR2C;HTR4;HTR5A;IAPP;INSL3;INSL5;KEL;KISS1R;KNG1;LHB;LPAR2;LTB4R;LTB4R2;MAS1;MCHR1;MTNR1A;NLN;NPBWR1;NPBWR2;NPFF;NPFFR2;NPY2R;NTS;OPN1LW;OPN1MW;OPN3;OPN4;OPRD1;OPRK1;OPRL1;OPRM1;OXER1;OXT;OXTR;P2RY12;P2RY13;P2RY2;PDYN;POMC;PPBP;PPY;PRLH;PROK1;PROK2;PROKR1;PTCH1;PTCH2;PTGFR;PTGIR;PTH1R;PTH2R;PTHLH;PYY;QRFPR;RGR;RHO;RLN3;RRH;RXFP1;SAA1;SCT;SCTR;SHH;SMO;SST;SSTR1;SSTR2;SSTR3;TAAR1;TAAR2;TAAR5;TAAR6;TAAR8;TAAR9;TAC1;TAC3;TACR1;TACR2;TACR3;TAS1R1;TAS1R2;TAS2R1;TAS2R16;TAS2R31;TAS2R38;TAS2R40;TAS2R41;TAS2R42;TAS2R46;TAS2R60;TAS2R7;TAS2R9;TBXA2R;TRH;TSHB;TSHR;UCN;UCN2;UCN3;UTS2R;VIPR1;WNT10A;WNT16;WNT2;WNT2B;WNT3;WNT3A;WNT4;WNT5A;XCR1;XK
S:REACTOME_DNA_DAMAGE_TELOMERE_STRESS_INDUCED_SENESCENCE	D:27	S:ACD;ASF1A;ATM;CABIN1;CCNA1;CCNA2;CCNE1;CCNE2;CDK2;CDKN1A;CDKN1B;EP400;HIRA;HMGA1;HMGA2;KAT5;LMNB1;NBN;POT1;RAD50;RB1;TERF1;TERF2;TERF2IP;TINF2;TP53;UBN1	S:ACD;ASF1A;ATM;CABIN1;CCNA1;CCNA2;CCNE1;CCNE2;CDKN1B;EP400;HIRA;KAT5;NBN;POT1;RAD50;RB1;TERF1;TERF2;TERF2IP;TINF2;TP53;UBN1
S:REACTOME_DISEASES_OF_BRANCHED_CHAIN_AMINO_ACID_CATABOLISM	D:13	S:ACAT1;AUH;BCKDHA;BCKDHB;BCKDK;DBT;DLD;ECHS1;HIBCH;IVD;MCCC1;MCCC2;PPM1K	S:ACAT1;AUH;BCKDHB;DBT;DLD;HIBCH;IVD;MCCC1;MCCC2;PPM1K
S:REACTOME_TRANSLESION_SYNTHESIS_BY_POLK	D:17	S:MAD2L2;PCNA;POLK;REV1;REV3L;RFC1;RFC2;RFC3;RFC4;RFC5;RPA1;RPA2;RPA3;RPS27A;UBA52;UBB;UBC	S:PCNA;POLK;REV1;REV3L;RFC1;RFC3;RFC4;RFC5;RPA1;RPA2;RPA3;RPS27A;UBC
S:REACTOME_SIGNALING_BY_THE_B_CELL_RECEPTOR_BCR	D:98	S:ADRM1;AHCYL1;BCL10;BLK;BLNK;BTK;BTRC;CALM1;CARD11;CD19;CD22;CD79A;CD79B;CHUK;CUL1;DAPP1;FBXW11;FKBP1A;FYN;GRB2;HRAS;IGHD;IGLV6-57;IKBKB;IKBKG;ITPR1;ITPR2;ITPR3;KRAS;LYN;MALT1;MAP3K7;NCK1;NFATC1;NFATC2;NFATC3;NFKB1;NFKBIA;NFKBIB;NFKBIE;NRAS;ORAI1;ORAI2;PIK3AP1;PIK3CD;PIK3R1;PLCG2;PPIA;PPP3CA;PPP3CB;PPP3R1;PRKCB;PSMA1;PSMA2;PSMA3;PSMA4;PSMA5;PSMA6;PSMA7;PSMB1;PSMB2;PSMB3;PSMB4;PSMB5;PSMB6;PSMB7;PSMC1;PSMC2;PSMC3;PSMC4;PSMC5;PSMC6;PSMD1;PSMD11;PSMD12;PSMD13;PSMD14;PSMD2;PSMD3;PSMD6;PSMD7;PSMD8;PTPN6;RASGRP1;RASGRP3;REL;RELA;RPS27A;SH3KBP1;SKP1;SOS1;STIM1;SYK;TRPC1;UBA52;UBB;UBC;VAV1	S:AHCYL1;BCL10;BLNK;BTRC;CALM1;CARD11;CD19;CD79B;CUL1;FBXW11;FYN;GRB2;IGHD;IGLV6-57;IKBKB;ITPR1;ITPR2;ITPR3;KRAS;LYN;MALT1;MAP3K7;NCK1;NFATC1;NFATC2;NFATC3;NFKB1;NFKBIA;PIK3R1;PLCG2;PPP3CA;PPP3CB;PRKCB;PSMA1;PSMA3;PSMA4;PSMA5;PSMA6;PSMA7;PSMB1;PSMB2;PSMB3;PSMB4;PSMC5;PSMC6;PSMD1;PSMD11;PSMD12;PSMD14;PSMD2;PSMD3;PSMD6;PSMD7;RASGRP1;RASGRP3;REL;RELA;RPS27A;SH3KBP1;SOS1;STIM1;SYK;TRPC1;UBC;VAV1
S:REACTOME_REGULATION_OF_TP53_ACTIVITY_THROUGH_ACETYLATION	D:28	S:AKT1;AKT2;AKT3;BRD1;BRD7;BRPF1;BRPF3;CHD3;CHD4;EP300;GATAD2A;GATAD2B;HDAC1;HDAC2;ING2;ING5;MAP2K6;MBD3;MEAF6;MTA2;PIN1;PIP4K2A;PIP4K2B;PIP4K2C;PML;RBBP4;RBBP7;TP53	S:AKT2;AKT3;BRD1;BRD7;BRPF1;BRPF3;CHD4;EP300;GATAD2A;GATAD2B;HDAC1;HDAC2;ING2;ING5;MEAF6;PIP4K2B;RBBP4;RBBP7;TP53
S:REACTOME_COLLAGEN_FORMATION	D:81	S:ADAMTS14;ADAMTS2;ADAMTS3;BMP1;CD151;COL10A1;COL11A1;COL11A2;COL12A1;COL13A1;COL14A1;COL15A1;COL16A1;COL17A1;COL18A1;COL19A1;COL1A1;COL1A2;COL20A1;COL21A1;COL22A1;COL23A1;COL24A1;COL25A1;COL27A1;COL2A1;COL3A1;COL4A1;COL4A2;COL4A3;COL4A4;COL4A5;COL4A6;COL5A1;COL5A2;COL5A3;COL6A1;COL6A2;COL6A3;COL6A5;COL6A6;COL7A1;COL8A1;COL8A2;COL9A1;COL9A2;COL9A3;CRTAP;CTSB;CTSS;DST;ITGA6;ITGB4;LAMA3;LAMB3;LAMC2;LOX;LOXL1;LOXL2;LOXL3;LOXL4;MMP13;MMP20;MMP3;MMP7;MMP9;P4HA1;P4HA2;P4HA3;P4HB;PCOLCE;PCOLCE2;PLEC;PLOD1;PLOD2;PLOD3;PPIB;PXDN;SERPINH1;TLL1;TLL2	S:ADAMTS3;CD151;COL11A1;COL14A1;COL17A1;COL18A1;COL1A1;COL21A1;COL22A1;COL23A1;COL24A1;COL25A1;COL27A1;COL2A1;COL3A1;COL4A1;COL4A2;COL4A5;COL4A6;COL6A1;COL6A2;COL6A3;COL6A5;COL6A6;COL8A1;COL9A1;COL9A2;CTSB;CTSS;ITGB4;LAMA3;LAMC2;LOXL1;LOXL3;LOXL4;MMP20;MMP7;P4HA1;P4HA2;P4HA3;PCOLCE2;PLEC;PLOD1;PLOD3;PXDN;TLL1;TLL2
S:REACTOME_FCERI_MEDIATED_MAPK_ACTIVATION	D:33	S:FCER1A;FCER1G;FOS;GRAP2;GRB2;HRAS;IGLV6-57;JUN;KRAS;LAT;LCP2;LYN;MAP2K4;MAP2K7;MAP3K1;MAPK1;MAPK10;MAPK3;MAPK8;MAPK9;MS4A2;NRAS;PAK1;PAK2;PLCG1;PLCG2;RAC1;SHC1;SOS1;SYK;VAV1;VAV2;VAV3	S:FCER1A;FOS;GRAP2;GRB2;IGLV6-57;JUN;KRAS;LAT;LCP2;LYN;MAP2K4;MAP3K1;MAPK1;MAPK8;MAPK9;MS4A2;PAK1;PAK2;PLCG1;PLCG2;RAC1;SHC1;SOS1;SYK;VAV1;VAV2;VAV3
S:REACTOME_GAP_FILLING_DNA_REPAIR_SYNTHESIS_AND_LIGATION_IN_GG_NER	D:25	S:LIG1;LIG3;PCNA;POLD1;POLD2;POLD3;POLD4;POLE;POLE2;POLE3;POLE4;POLK;RFC1;RFC2;RFC3;RFC4;RFC5;RPA1;RPA2;RPA3;RPS27A;UBA52;UBB;UBC;XRCC1	S:LIG1;LIG3;PCNA;POLD1;POLD2;POLD3;POLE;POLE3;POLK;RFC1;RFC3;RFC4;RFC5;RPA1;RPA2;RPA3;RPS27A;UBC;XRCC1
S:REACTOME_PROCESSING_OF_DNA_DOUBLE_STRAND_BREAK_ENDS	D:56	S:ATM;ATR;ATRIP;BABAM1;BARD1;BLM;BRCA1;BRCC3;BRIP1;CCNA1;CCNA2;CDK2;CHEK1;CLSPN;DNA2;EXO1;HERC2;HUS1;KAT5;MDC1;NBN;PIAS4;PPP4C;PPP4R2;RAD1;RAD17;RAD50;RAD9A;RBBP8;RFC2;RFC3;RFC4;RFC5;RMI1;RNF168;RNF4;RNF8;RPA1;RPA2;RPA3;RPS27A;SIRT6;SUMO2;TIMELESS;TIPIN;TOP3A;TOPBP1;TP53BP1;UBA52;UBB;UBC;UBE2I;UBE2N;UBE2V2;UIMC1;WRN	S:ATM;ATR;BARD1;BLM;BRCA1;BRCC3;BRIP1;CCNA1;CCNA2;CHEK1;CLSPN;DNA2;EXO1;HERC2;HUS1;KAT5;MDC1;NBN;RAD1;RAD17;RAD50;RBBP8;RFC3;RFC4;RFC5;RMI1;RNF168;RNF4;RNF8;RPA1;RPA2;RPA3;RPS27A;SUMO2;TIPIN;TOPBP1;TP53BP1;UBC;UBE2I;UBE2N;UIMC1;WRN
S:REACTOME_REGULATION_OF_CHOLESTEROL_BIOSYNTHESIS_BY_SREBP_SREBF	D:52	S:ACACA;ACACB;CHD9;CREBBP;CYP51A1;DHCR7;ELOVL6;FASN;FDFT1;FDPS;GGPS1;GPAM;HMGCR;HMGCS1;IDI1;INSIG1;INSIG2;KPNB1;LSS;MBTPS1;MBTPS2;MED1;MTF1;MVD;MVK;NCOA1;NCOA2;NCOA6;NFYA;NFYB;NFYC;PMVK;PPARA;RAN;RXRA;SAR1B;SCAP;SCD;SEC23A;SEC24A;SEC24B;SEC24C;SEC24D;SMARCD3;SP1;SQLE;SREBF1;SREBF2;TBL1X;TBL1XR1;TGS1;TM7SF2	S:ACACA;ACACB;CHD9;CREBBP;CYP51A1;DHCR7;ELOVL6;FASN;GGPS1;GPAM;HMGCR;HMGCS1;INSIG2;KPNB1;MBTPS1;MBTPS2;MED1;MTF1;MVK;NCOA1;NCOA2;NCOA6;NFYA;NFYB;NFYC;PPARA;RAN;SAR1B;SCAP;SCD;SEC23A;SEC24A;SEC24B;SEC24C;SEC24D;SQLE;SREBF1;TBL1XR1;TGS1
S:REACTOME_SRP_DEPENDENT_COTRANSLATIONAL_PROTEIN_TARGETING_TO_MEMBRANE	D:112	S:DDOST;FAU;RPL10;RPL10A;RPL10L;RPL11;RPL12;RPL13;RPL13A;RPL14;RPL15;RPL17;RPL18;RPL18A;RPL19;RPL21;RPL22;RPL22L1;RPL23;RPL23A;RPL24;RPL26;RPL26L1;RPL27;RPL27A;RPL28;RPL29;RPL3;RPL30;RPL31;RPL32;RPL34;RPL35;RPL35A;RPL36;RPL36A;RPL36AL;RPL37;RPL37A;RPL38;RPL39;RPL39L;RPL3L;RPL4;RPL41;RPL5;RPL6;RPL7;RPL7A;RPL8;RPL9;RPLP0;RPLP1;RPLP2;RPN1;RPN2;RPS10;RPS11;RPS12;RPS13;RPS14;RPS15;RPS15A;RPS16;RPS17;RPS18;RPS19;RPS2;RPS20;RPS21;RPS23;RPS24;RPS25;RPS26;RPS27;RPS27A;RPS27L;RPS28;RPS29;RPS3;RPS3A;RPS4X;RPS4Y1;RPS4Y2;RPS5;RPS6;RPS7;RPS8;RPS9;RPSA;SEC11A;SEC11C;SEC61A1;SEC61A2;SEC61B;SEC61G;SPCS1;SPCS2;SPCS3;SRP14;SRP19;SRP54;SRP68;SRP72;SRP9;SRPRB;SSR1;SSR2;SSR3;SSR4;TRAM1;UBA52	S:DDOST;RPL10;RPL10A;RPL10L;RPL12;RPL13;RPL13A;RPL14;RPL15;RPL18;RPL18A;RPL19;RPL22;RPL23A;RPL26;RPL27;RPL27A;RPL28;RPL29;RPL3;RPL30;RPL32;RPL35;RPL35A;RPL36;RPL36A;RPL36AL;RPL37;RPL37A;RPL38;RPL39L;RPL4;RPL5;RPL6;RPL7A;RPL8;RPLP0;RPLP1;RPLP2;RPN1;RPN2;RPS11;RPS13;RPS15;RPS16;RPS18;RPS19;RPS20;RPS21;RPS23;RPS25;RPS26;RPS27A;RPS27L;RPS28;RPS4X;RPS4Y1;RPS4Y2;RPS6;RPS8;SEC11A;SEC11C;SEC61A1;SEC61A2;SEC61B;SEC61G;SPCS1;SPCS2;SPCS3;SRP14;SRP19;SRP54;SRP68;SRP72;SRP9;SRPRB;SSR1;TRAM1
S:REACTOME_AFLATOXIN_ACTIVATION_AND_DETOXIFICATION	D:18	S:ACY1;ACY3;AKR7A2;AKR7A3;AKR7L;CYP1A2;CYP2A13;CYP3A4;CYP3A5;DPEP1;DPEP2;GGT1;GGT5;GGT6;GGT7;MGST1;MGST2;MGST3	S:ACY1;ACY3;AKR7A3;CYP1A2;CYP2A13;CYP3A4;CYP3A5;GGT1;GGT5;MGST1;MGST3
S:REACTOME_ESTROGEN_DEPENDENT_GENE_EXPRESSION	D:84	S:ATF2;AXIN1;BCL2;CBFB;CCND1;CCNT1;CDK9;CHD1;CITED1;CREBBP;CTSD;CXCL12;CXXC5;DDX5;EBAG9;EP300;ERBB4;ESR1;FKBP4;FOS;FOSB;FOXA1;GATA3;GPAM;GREB1;GTF2A1;GTF2A2;GTF2F1;GTF2F2;HDAC1;HSP90AA1;HSP90AB1;JUN;JUND;KANK1;KAT2B;KAT5;KCTD6;KDM1A;KPNA2;MED1;MOV10;MYB;MYC;NCOA1;NCOA2;NCOA3;NR5A2;NRIP1;PGR;POLR2A;POLR2B;POLR2C;POLR2D;POLR2E;POLR2F;POLR2G;POLR2H;POLR2I;POLR2J;POLR2K;POLR2L;POU2F1;PRMT1;PTGES3;RAD21;RUNX1;SMC1A;SMC3;SP1;STAG1;STAG2;TBP;TFF1;TFF3;TGFA;TLE3;TNRC6A;TNRC6B;TNRC6C;USF1;USF2;YY1;ZNF217	S:ATF2;CBFB;CCND1;CCNT1;CHD1;CITED1;CREBBP;CXXC5;DDX5;EBAG9;EP300;ERBB4;ESR1;FOS;FOSB;GATA3;GPAM;GREB1;GTF2A1;GTF2A2;GTF2F1;GTF2F2;HDAC1;HSP90AA1;HSP90AB1;JUN;JUND;KANK1;KAT5;KCTD6;KPNA2;MED1;MOV10;MYB;MYC;NCOA1;NCOA2;NCOA3;NRIP1;POLR2B;POLR2G;POLR2K;POLR2L;POU2F1;PRMT1;RAD21;RUNX1;SMC1A;SMC3;STAG1;STAG2;TBP;TFF3;TNRC6A;TNRC6B;TNRC6C;YY1;ZNF217
S:REACTOME_SYNTHESIS_OF_PIPS_AT_THE_LATE_ENDOSOME_MEMBRANE	D:11	S:FIG4;MTM1;MTMR2;MTMR4;MTMR7;MTMR9;PIK3C2A;PIK3C3;PIK3R4;PIKFYVE;VAC14	S:MTM1;MTMR2;MTMR4;MTMR9;PIK3C2A;PIK3C3;PIK3R4;PIKFYVE;VAC14
S:REACTOME_HCMV_INFECTION	D:88	S:AAAS;CBX1;CEBPD;CHMP1A;CHMP2A;CHMP2B;CHMP4A;CHMP4B;CHMP4C;CHMP6;CHMP7;CREB1;DAXX;DYNC1H1;DYNC1I1;DYNC1I2;DYNC1LI1;DYNC1LI2;DYNLL1;DYNLL2;EED;EGFR;ELK1;EZH2;GPS2;HDAC3;HNRNPK;ITGB1;NCOR1;NCOR2;NFKB1;NUP107;NUP133;NUP153;NUP155;NUP160;NUP188;NUP205;NUP210;NUP214;NUP35;NUP37;NUP43;NUP50;NUP54;NUP62;NUP85;NUP88;NUP93;NUP98;PML;POM121;RAE1;RANBP2;RBBP4;RBBP7;SEC13;SEH1L;SNF8;SUZ12;TBL1X;TBL1XR1;TPR;TRIM28;TSG101;TUBA1A;TUBA1B;TUBA1C;TUBA3C;TUBA3D;TUBA4A;TUBA8;TUBAL3;TUBB1;TUBB2A;TUBB2B;TUBB3;TUBB6;TUBB8;UBAP1;VPS25;VPS28;VPS36;VPS37A;VPS37B;VPS37C;VPS37D;VPS4A	S:CBX1;CEBPD;CHMP2A;CHMP2B;CHMP4A;CREB1;DAXX;DYNC1H1;DYNC1I1;DYNC1LI1;DYNC1LI2;DYNLL1;EED;EGFR;ELK1;EZH2;HDAC3;HNRNPK;ITGB1;NCOR1;NCOR2;NFKB1;NUP107;NUP133;NUP153;NUP155;NUP160;NUP188;NUP205;NUP210;NUP35;NUP37;NUP43;NUP50;NUP54;NUP62;NUP85;NUP88;NUP93;NUP98;POM121;RAE1;RANBP2;RBBP4;RBBP7;SEC13;SEH1L;SNF8;SUZ12;TBL1XR1;TPR;TSG101;TUBA1B;TUBA3C;TUBA4A;TUBB1;VPS28;VPS37A;VPS37C;VPS4A
S:REACTOME_SIGNALLING_TO_RAS	D:20	S:GRB2;HRAS;KRAS;MAPK11;MAPK12;MAPK13;MAPK14;MAPKAPK2;MAPKAPK3;NGF;NRAS;NTRK1;RALA;RALB;RALGDS;SHC1;SHC2;SHC3;SOS1;SRC	S:HRAS;MAPK11;MAPK12;MAPK13;MAPK14;MAPKAPK2;MAPKAPK3;NGF;NRAS;RALB;RALGDS;SHC3;SRC
S:REACTOME_VLDLR_INTERNALISATION_AND_DEGRADATION	D:16	S:AP2A1;AP2A2;AP2B1;AP2M1;AP2S1;CLTA;CLTC;MYLIP;NR1H2;NR1H3;PCSK9;RPS27A;UBA52;UBB;UBC;VLDLR	S:AP2A1;AP2A2;AP2B1;AP2M1;AP2S1;NR1H2;PCSK9;UBA52;UBB;VLDLR
S:REACTOME_DNA_DAMAGE_BYPASS	D:45	S:CUL4A;CUL4B;DDB1;DTL;ISG15;MAD2L2;NPLOC4;PCNA;POLD1;POLD2;POLD3;POLD4;POLE;POLE2;POLE3;POLE4;POLH;POLI;POLK;RAD18;RBX1;RCHY1;REV1;REV3L;RFC1;RFC2;RFC3;RFC4;RFC5;RPA1;RPA2;RPA3;RPS27A;TRIM25;UBA52;UBA7;UBB;UBC;UBE2B;UBE2L6;USP1;USP10;USP43;VCP;WDR48	S:CUL4A;CUL4B;DTL;PCNA;POLD1;POLD2;POLD3;POLE;POLE3;POLH;POLI;POLK;RAD18;RCHY1;REV1;REV3L;RFC1;RFC3;RFC4;RFC5;RPA1;RPA2;RPA3;RPS27A;UBA7;UBC;USP1;USP10;VCP;WDR48
S:REACTOME_MITOTIC_G2_G2_M_PHASES	D:176	S:ACTR1A;ADRM1;AKAP9;ALMS1;AURKA;BTRC;CCNA1;CCNA2;CCNB1;CCNB2;CCNH;CCP110;CDC25A;CDC25B;CDC25C;CDK1;CDK11A;CDK11B;CDK2;CDK5RAP2;CDK7;CDKN1A;CENPF;CEP135;CEP152;CEP164;CEP192;CEP250;CEP290;CEP57;CEP63;CEP70;CEP72;CEP76;CETN2;CKAP5;CLASP1;CNTRL;CSNK1D;CSNK1E;CUL1;DCTN1;DCTN2;DCTN3;DYNC1H1;DYNC1I2;DYNLL1;E2F1;E2F3;EP300;FBXL18;FBXL7;FBXW11;FKBPL;FOXM1;FZR1;GTSE1;HAUS1;HAUS2;HAUS3;HAUS4;HAUS5;HAUS6;HAUS7;HAUS8;HJURP;HMMR;HSP90AA1;HSP90AB1;LCMT1;LIN37;LIN52;LIN54;LIN9;MAPRE1;MIS18BP1;MNAT1;MYBL2;MZT1;MZT2B;NDE1;NEDD1;NEK2;NINL;NME7;ODF2;OFD1;OPTN;PAFAH1B1;PCM1;PCNT;PHLDA1;PKMYT1;PLK1;PLK4;PPME1;PPP1CB;PPP1R12A;PPP1R12B;PPP2CA;PPP2CB;PPP2R1A;PPP2R1B;PPP2R2A;PPP2R3B;PRKACA;PRKAR2B;PSMA1;PSMA2;PSMA3;PSMA4;PSMA5;PSMA6;PSMA7;PSMB1;PSMB2;PSMB3;PSMB4;PSMB5;PSMB6;PSMB7;PSMC1;PSMC2;PSMC3;PSMC4;PSMC5;PSMC6;PSMD1;PSMD11;PSMD12;PSMD13;PSMD14;PSMD2;PSMD3;PSMD6;PSMD7;PSMD8;RAB8A;RBBP4;RBX1;RPS27A;SDCCAG8;SFI1;SKP1;SSNA1;TP53;TPX2;TUBA1A;TUBA1B;TUBA1C;TUBA3C;TUBA3D;TUBA4A;TUBA8;TUBAL3;TUBB;TUBB1;TUBB2A;TUBB2B;TUBB3;TUBB6;TUBB8;TUBG1;TUBG2;TUBGCP2;TUBGCP3;TUBGCP4;TUBGCP5;TUBGCP6;UBA52;UBB;UBC;WEE1;XPO1;YWHAE;YWHAG	S:AKAP9;ALMS1;AURKA;BTRC;CCNA1;CCNA2;CCNB1;CCNB2;CCNH;CCP110;CDC25B;CDC25C;CDK1;CDK11B;CDK7;CENPF;CEP135;CEP152;CEP192;CEP250;CEP290;CEP57;CEP63;CEP70;CEP72;CEP76;CETN2;CKAP5;CLASP1;CNTRL;CSNK1E;CUL1;DCTN2;DYNC1H1;DYNLL1;E2F1;E2F3;EP300;FBXL18;FBXL7;FBXW11;FKBPL;FOXM1;GTSE1;HAUS1;HAUS2;HAUS3;HAUS5;HAUS6;HAUS8;HJURP;HMMR;HSP90AA1;HSP90AB1;LCMT1;LIN37;LIN52;MAPRE1;MIS18BP1;MNAT1;MZT1;NDE1;NEDD1;NINL;NME7;ODF2;OFD1;PAFAH1B1;PCM1;PCNT;PHLDA1;PLK1;PLK4;PPME1;PPP1R12A;PPP1R12B;PPP2CB;PPP2R1B;PPP2R2A;PRKAR2B;PSMA1;PSMA3;PSMA4;PSMA5;PSMA6;PSMA7;PSMB1;PSMB2;PSMB3;PSMB4;PSMC5;PSMC6;PSMD1;PSMD11;PSMD12;PSMD14;PSMD2;PSMD3;PSMD6;PSMD7;RBBP4;RPS27A;SFI1;TP53;TPX2;TUBA1B;TUBA3C;TUBA4A;TUBB;TUBB1;TUBG1;TUBGCP3;TUBGCP5;UBC;WEE1;XPO1;YWHAG
S:REACTOME_REGULATION_OF_PD_L1_CD274_EXPRESSION	D:127	S:ADRM1;ASH2L;ATF3;B3GNT3;BRD4;BTRC;CCND1;CD274;CDK4;COPS5;CREBBP;CSNK2A1;CSNK2A2;CSNK2B;CTNNB1;CUL1;CUL3;DAD1;DDOST;DERL1;DERL2;DERL3;DPY30;EED;EP300;EPAS1;ERLEC1;ERLIN1;ERLIN2;EZH2;FOS;FOSB;GSK3B;HIF1A;IRF1;JAK1;JUN;JUND;LEF1;MAGT1;MIB2;MOV10;MYC;MYCN;NEK2;NFE2L2;NFKB1;NFKB2;OS9;OST4;OSTC;PDCD1;PDCD1LG2;PRKAA1;PRKAA2;PRKAB1;PRKAB2;PRKAG1;PRKAG2;PRKAG3;PSMA1;PSMA2;PSMA3;PSMA4;PSMA5;PSMA6;PSMA7;PSMB1;PSMB2;PSMB3;PSMB4;PSMB5;PSMB6;PSMB7;PSMC1;PSMC2;PSMC3;PSMC4;PSMC5;PSMC6;PSMD1;PSMD11;PSMD12;PSMD13;PSMD14;PSMD2;PSMD3;PSMD6;PSMD7;PSMD8;RBBP4;RBBP5;RBBP7;RBX1;RELA;RNF185;RNF5;RPN1;RPN2;RPS27A;SEL1L;SKP1;SPOP;STAT1;STAT3;STT3A;STT3B;SUZ12;TCF7;TCF7L1;TCF7L2;TEAD1;TEAD2;TEAD3;TEAD4;TNRC6A;TNRC6B;TNRC6C;TUSC3;UBA52;UBB;UBC;VCP;WDR5;WWTR1;YAP1;YWHAG	S:ASH2L;ATF3;B3GNT3;BRD4;BTRC;CCND1;CDK4;COPS5;CREBBP;CSNK2A1;CSNK2B;CUL1;CUL3;DAD1;DDOST;DERL1;DERL3;DPY30;EED;EP300;EPAS1;ERLEC1;ERLIN1;ERLIN2;EZH2;FOS;FOSB;GSK3B;HIF1A;JAK1;JUN;JUND;LEF1;MAGT1;MOV10;MYC;MYCN;NFE2L2;NFKB1;OS9;OSTC;PDCD1;PRKAA1;PRKAB1;PRKAB2;PRKAG2;PSMA1;PSMA3;PSMA4;PSMA5;PSMA6;PSMA7;PSMB1;PSMB2;PSMB3;PSMB4;PSMC5;PSMC6;PSMD1;PSMD11;PSMD12;PSMD14;PSMD2;PSMD3;PSMD6;PSMD7;RBBP4;RBBP5;RBBP7;RELA;RPN1;RPN2;RPS27A;SEL1L;SPOP;STAT1;STT3A;STT3B;SUZ12;TCF7;TEAD2;TEAD4;TNRC6A;TNRC6B;TNRC6C;TUSC3;UBC;VCP;WDR5;YAP1;YWHAG
S:REACTOME_TRANSCRIPTION_OF_THE_HIV_GENOME	D:62	S:CCNH;CCNK;CCNT1;CCNT2;CDK7;CDK9;CTDP1;ELL;ERCC2;ERCC3;GTF2A1;GTF2A2;GTF2B;GTF2E1;GTF2E2;GTF2F1;GTF2F2;GTF2H1;GTF2H3;GTF2H4;GTF2H5;MNAT1;NCBP1;NCBP2;POLR2A;POLR2B;POLR2C;POLR2D;POLR2E;POLR2F;POLR2G;POLR2H;POLR2I;POLR2J;POLR2K;POLR2L;RNGTT;RNMT;SSRP1;SUPT16H;SUPT4H1;SUPT5H;TAF1;TAF10;TAF11;TAF12;TAF13;TAF15;TAF1L;TAF2;TAF3;TAF4;TAF4B;TAF5;TAF6;TAF7;TAF7L;TAF8;TAF9;TAF9B;TBP;TCEA1	S:CCNH;CCNK;CCNT1;CCNT2;CDK7;ERCC3;GTF2A1;GTF2A2;GTF2B;GTF2E1;GTF2E2;GTF2F1;GTF2F2;GTF2H1;GTF2H3;GTF2H4;GTF2H5;MNAT1;NCBP1;NCBP2;POLR2B;POLR2G;POLR2K;POLR2L;RNGTT;RNMT;SSRP1;SUPT16H;TAF1;TAF12;TAF15;TAF1L;TAF2;TAF3;TAF4;TAF4B;TAF5;TAF6;TAF7;TAF7L;TAF8;TAF9;TAF9B;TBP;TCEA1
S:REACTOME_REGULATION_OF_CDH1_GENE_TRANSCRIPTION	D:42	S:ARID1A;CDH1;CTBP1;CTBP2;DNTTIP1;EED;EZH2;FOXA2;FOXJ2;FOXP2;FOXQ1;HDAC1;HDAC2;KDM1A;KLF4;KLF9;MAPK1;MAPK3;MPHOSPH8;RB1;RBBP4;RBBP7;SIRT1;SMARCA4;SNAI1;SNAI2;SP1;STRAP;SUZ12;TCF12;TCF3;TFAP2A;TGIF2;TLE1;TWIST1;TWIST2;WT1;ZBTB33;ZEB1;ZEB2;ZMYM2;ZNF217	S:ARID1A;CDH1;CTBP2;EED;EZH2;FOXJ2;HDAC1;HDAC2;KLF9;MAPK1;MPHOSPH8;RB1;RBBP4;RBBP7;SIRT1;SMARCA4;SNAI1;STRAP;SUZ12;TCF12;TCF3;TFAP2A;TGIF2;TLE1;TWIST2;WT1;ZBTB33;ZEB1;ZMYM2;ZNF217
S:REACTOME_WNT5A_DEPENDENT_INTERNALIZATION_OF_FZD2_FZD5_AND_ROR2	D:13	S:AP2A1;AP2A2;AP2B1;AP2M1;AP2S1;CLTA;CLTB;CLTC;FZD2;FZD5;ROR1;ROR2;WNT5A	S:AP2A1;AP2A2;AP2B1;AP2M1;AP2S1;FZD2;FZD5;ROR1;WNT5A
S:REACTOME_CLASS_B_2_SECRETIN_FAMILY_RECEPTORS	D:88	S:ADCYAP1;ADCYAP1R1;ADM;ADM2;CALCA;CALCR;CALCRL;CD55;CRH;CRHBP;CRHR1;CRHR2;DHH;FZD1;FZD10;FZD2;FZD3;FZD4;FZD5;FZD6;FZD7;FZD8;FZD9;GCG;GCGR;GHRH;GHRHR;GIP;GIPR;GLP1R;GLP2R;GNAS;GNB1;GNB2;GNB3;GNB4;GNB5;GNG10;GNG11;GNG12;GNG13;GNG2;GNG3;GNG4;GNG5;GNG7;GNG8;GNGT1;GNGT2;IAPP;PTCH1;PTCH2;PTH;PTH1R;PTH2;PTH2R;PTHLH;RAMP1;RAMP2;RAMP3;SCT;SCTR;SHH;SMO;UCN;UCN2;UCN3;VIP;VIPR1;VIPR2;WNT1;WNT10A;WNT10B;WNT11;WNT16;WNT2;WNT2B;WNT3;WNT3A;WNT4;WNT5A;WNT6;WNT7A;WNT7B;WNT8A;WNT8B;WNT9A;WNT9B	S:ADCYAP1R1;ADM;ADM2;CALCR;CD55;CRH;CRHR1;CRHR2;DHH;FZD10;FZD2;FZD4;FZD5;FZD8;FZD9;GCGR;GIPR;GLP1R;GLP2R;GNB2;GNB4;GNG10;GNG11;GNG12;GNG13;GNG4;GNGT1;GNGT2;IAPP;PTCH1;PTCH2;PTH1R;PTH2R;PTHLH;SCT;SCTR;SHH;SMO;UCN;UCN2;UCN3;VIPR1;WNT10A;WNT16;WNT2;WNT2B;WNT3;WNT3A;WNT4;WNT5A
S:REACTOME_CO_INHIBITION_BY_PD_1	D:147	S:ADRM1;ASH2L;ATF3;B3GNT3;BRD4;BTRC;CCND1;CD247;CD274;CD3D;CD3E;CD3G;CD4;CDK4;COPS5;CREBBP;CSK;CSNK2A1;CSNK2A2;CSNK2B;CTNNB1;CUL1;CUL3;DAD1;DDOST;DERL1;DERL2;DERL3;DPY30;EED;EP300;EPAS1;ERLEC1;ERLIN1;ERLIN2;EZH2;FOS;FOSB;GSK3B;HIF1A;HLA-DPA1;HLA-DPB1;HLA-DQA1;HLA-DQA2;HLA-DQB1;HLA-DQB2;HLA-DRA;HLA-DRB1;HLA-DRB3;HLA-DRB4;HLA-DRB5;IRF1;JAK1;JUN;JUND;LCK;LEF1;MAGT1;MIB2;MOV10;MYC;MYCN;NEK2;NFE2L2;NFKB1;NFKB2;OS9;OST4;OSTC;PDCD1;PDCD1LG2;PRKAA1;PRKAA2;PRKAB1;PRKAB2;PRKAG1;PRKAG2;PRKAG3;PSMA1;PSMA2;PSMA3;PSMA4;PSMA5;PSMA6;PSMA7;PSMB1;PSMB2;PSMB3;PSMB4;PSMB5;PSMB6;PSMB7;PSMC1;PSMC2;PSMC3;PSMC4;PSMC5;PSMC6;PSMD1;PSMD11;PSMD12;PSMD13;PSMD14;PSMD2;PSMD3;PSMD6;PSMD7;PSMD8;PTPN11;PTPN6;RBBP4;RBBP5;RBBP7;RBX1;RELA;RNF185;RNF5;RPN1;RPN2;RPS27A;SEL1L;SKP1;SPOP;STAT1;STAT3;STT3A;STT3B;SUZ12;TCF7;TCF7L1;TCF7L2;TEAD1;TEAD2;TEAD3;TEAD4;TNRC6A;TNRC6B;TNRC6C;TUSC3;UBA52;UBB;UBC;VCP;WDR5;WWTR1;YAP1;YWHAG	S:ASH2L;ATF3;B3GNT3;BRD4;BTRC;CCND1;CD247;CD3D;CD3G;CDK4;COPS5;CREBBP;CSNK2A1;CSNK2B;CUL1;CUL3;DAD1;DDOST;DERL1;DERL3;DPY30;EED;EP300;EPAS1;ERLEC1;ERLIN1;ERLIN2;EZH2;FOS;FOSB;GSK3B;HIF1A;HLA-DPA1;HLA-DPB1;HLA-DQA1;HLA-DQB1;HLA-DQB2;HLA-DRA;HLA-DRB1;HLA-DRB3;HLA-DRB4;HLA-DRB5;JAK1;JUN;JUND;LCK;LEF1;MAGT1;MOV10;MYC;MYCN;NFE2L2;NFKB1;OS9;OSTC;PDCD1;PRKAA1;PRKAB1;PRKAB2;PRKAG2;PSMA1;PSMA3;PSMA4;PSMA5;PSMA6;PSMA7;PSMB1;PSMB2;PSMB3;PSMB4;PSMC5;PSMC6;PSMD1;PSMD11;PSMD12;PSMD14;PSMD2;PSMD3;PSMD6;PSMD7;PTPN11;RBBP4;RBBP5;RBBP7;RELA;RPN1;RPN2;RPS27A;SEL1L;SPOP;STAT1;STT3A;STT3B;SUZ12;TCF7;TEAD2;TEAD4;TNRC6A;TNRC6B;TNRC6C;TUSC3;UBC;VCP;WDR5;YAP1;YWHAG
S:REACTOME_MITOCHONDRIAL_BIOGENESIS	D:68	S:ACSS2;ALAS1;APOO;APOOL;ATF2;CALM1;CAMK4;CHCHD3;CHCHD6;CHD9;CREB1;CREBBP;CRTC1;CRTC2;CRTC3;CYCS;DNAJC11;ESRRA;GABPA;GABPB1;GLUD1;GLUD2;HCFC1;HDAC3;HSPA9;IDH2;IMMT;MAPK11;MAPK12;MAPK14;MED1;MEF2C;MEF2D;MTX1;MTX2;NCOA1;NCOA2;NCOA6;NCOR1;NR1D1;NRF1;POLG2;POLRMT;PPARA;PPARGC1A;PPARGC1B;PPRC1;PRKAA2;PRKAB1;PRKAB2;PRKAG1;PRKAG2;PRKAG3;RXRA;SAMM50;SIRT3;SIRT4;SIRT5;SMARCD3;SOD2;SSBP1;TBL1X;TBL1XR1;TFAM;TFB1M;TFB2M;TGS1;TMEM11	S:APOO;APOOL;ATF2;CALM1;CAMK4;CHCHD3;CHD9;CREB1;CREBBP;CRTC1;CRTC3;CYCS;DNAJC11;ESRRA;GABPA;GABPB1;GLUD1;GLUD2;HDAC3;HSPA9;IMMT;MED1;MEF2C;MTX2;NCOA1;NCOA2;NCOA6;NCOR1;NR1D1;NRF1;POLG2;POLRMT;PPARA;PPARGC1A;PPARGC1B;PPRC1;PRKAB1;PRKAB2;PRKAG2;SAMM50;SIRT4;SIRT5;SOD2;SSBP1;TBL1XR1;TFAM;TFB1M;TFB2M;TGS1
S:REACTOME_DUAL_INCISION_IN_GG_NER	D:40	S:CHD1L;CUL4A;CUL4B;DDB1;DDB2;ERCC1;ERCC2;ERCC3;ERCC4;ERCC5;GTF2H1;GTF2H3;GTF2H4;GTF2H5;PARP1;PARP2;PCNA;POLD1;POLD2;POLD3;POLD4;POLE;POLE2;POLE3;POLE4;POLK;RBX1;RFC1;RFC2;RFC3;RFC4;RFC5;RPA1;RPA2;RPA3;RPS27A;UBA52;UBB;UBC;XPA	S:CUL4A;CUL4B;DDB2;ERCC3;ERCC4;ERCC5;GTF2H1;GTF2H3;GTF2H4;GTF2H5;PARP1;PARP2;PCNA;POLD1;POLD2;POLD3;POLE;POLE3;POLK;RFC1;RFC3;RFC4;RFC5;RPA1;RPA2;RPA3;RPS27A;UBC;XPA
S:REACTOME_HDR_THROUGH_MMEJ_ALT_NHEJ	D:11	S:BRCA2;FEN1;LIG3;NBN;PARP1;PARP2;POLQ;RAD50;RAD52;RBBP8;XRCC1	S:BRCA2;FEN1;LIG3;NBN;PARP1;PARP2;RAD50;RAD52;RBBP8;XRCC1
S:REACTOME_SPECIFICATION_OF_THE_NEURAL_PLATE_BORDER	D:17	S:BMP4;CTNNB1;DLX5;FGF4;GBX2;MSX1;MYB;PAX3;PAX7;POU5F1;SOX2;TCF7L1;TFAP2A;TFAP2B;TFAP2C;WNT3A;ZIC1	S:BMP4;CTNNB1;DLX5;FGF4;PAX3;PAX7;POU5F1;SOX2;TCF7L1;TFAP2B;WNT3A;ZIC1
S:REACTOME_RHO_GTPASE_EFFECTORS	D:249	S:ABI1;ABI2;ABL1;ACTB;ACTG1;ACTR2;ACTR3;AHCTF1;AR;ARPC1A;ARPC1B;ARPC2;ARPC3;ARPC4;ARPC5;AURKB;B9D2;BAIAP2;BIRC5;BTK;BUB1;BUB1B;BUB3;CALM1;CDC20;CDC25C;CDC42;CDCA8;CDH1;CDKN1B;CENPA;CENPE;CENPF;CENPH;CENPI;CENPK;CENPL;CENPM;CENPN;CENPO;CENPP;CENPQ;CENPT;CFL1;CFTR;CIT;CKAP5;CLASP1;CLASP2;CLIP1;CTNNA1;CTNNB1;CTTN;CYBA;CYBB;CYFIP1;CYFIP2;DAAM1;DIAPH1;DIAPH2;DIAPH3;DLG4;DSN1;DVL1;DVL2;DVL3;DYNC1H1;DYNC1I1;DYNC1I2;DYNC1LI1;DYNC1LI2;DYNLL1;DYNLL2;ERCC6L;EVL;FLNA;FMNL1;FMNL2;FMNL3;GOPC;GRB2;INCENP;IQGAP1;IQGAP2;IQGAP3;ITGB1;ITGB3BP;KDM1A;KDM4C;KIF14;KIF18A;KIF2A;KIF2B;KIF2C;KIF5A;KIF5B;KLC1;KLC2;KLC3;KLC4;KLK2;KLK3;KNTC1;KTN1;LIMK1;LIMK2;LIN7B;MAD1L1;MAD2L1;MAPK1;MAPK11;MAPK14;MAPK3;MAPRE1;MEN1;MIS12;MYH10;MYH11;MYH14;MYH9;MYL12B;MYL6;MYL9;MYLK;NCF1;NCF2;NCF4;NCK1;NCKAP1;NCKAP1L;NCKIPSD;NCOA2;NDC80;NDE1;NDEL1;NF2;NOX1;NOX3;NOXA1;NOXO1;NSL1;NUDC;NUF2;NUP107;NUP133;NUP160;NUP37;NUP43;NUP85;NUP98;PAFAH1B1;PAK1;PAK2;PAK3;PDPK1;PFN1;PFN2;PIK3C3;PIK3R4;PIN1;PKN1;PKN2;PKN3;PLK1;PMF1;PPP1CB;PPP1CC;PPP1R12A;PPP1R12B;PPP1R14A;PPP2CA;PPP2CB;PPP2R1A;PPP2R1B;PPP2R5A;PPP2R5B;PPP2R5C;PPP2R5D;PPP2R5E;PRC1;PRKCA;PRKCB;PRKCD;PRKCZ;PTK2;RAC1;RAC2;RANBP2;RANGAP1;RCC2;RHOA;RHOB;RHOC;RHOD;RHOG;RHOQ;RHPN1;RHPN2;ROCK1;ROCK2;ROPN1;RPS27;RTKN;S100A8;S100A9;SCAI;SEC13;SEH1L;SFN;SKA1;SKA2;SPC24;SPC25;SRC;SRF;SRGAP2;TAOK1;TAX1BP3;TUBA1A;TUBA1B;TUBA1C;TUBA3C;TUBA3D;TUBA4A;TUBA8;TUBAL3;TUBB1;TUBB2A;TUBB2B;TUBB3;TUBB6;TUBB8;WAS;WASF1;WASF2;WASF3;WASL;WIPF1;WIPF2;XPO1;YWHAB;YWHAE;YWHAG;YWHAH;YWHAQ;YWHAZ;ZW10;ZWILCH;ZWINT	S:ABI1;ABI2;ABL1;ACTB;ACTG1;ACTR2;ACTR3;AHCTF1;ARPC1A;ARPC1B;ARPC2;ARPC3;ARPC5;AURKB;B9D2;BIRC5;BUB1;BUB1B;BUB3;CALM1;CDC25C;CDC42;CDCA8;CDH1;CDKN1B;CENPA;CENPE;CENPF;CENPH;CENPK;CENPL;CENPM;CENPN;CENPO;CENPP;CENPQ;CENPT;CIT;CKAP5;CLASP1;CLASP2;CLIP1;CYFIP1;CYFIP2;DAAM1;DIAPH1;DIAPH2;DIAPH3;DSN1;DVL1;DYNC1H1;DYNC1I1;DYNC1LI1;DYNC1LI2;DYNLL1;ERCC6L;EVL;FMNL3;GOPC;GRB2;INCENP;IQGAP1;IQGAP2;ITGB1;ITGB3BP;KDM4C;KIF14;KIF18A;KIF2A;KIF2B;KIF2C;KIF5A;KIF5B;KLC1;KNTC1;KTN1;MAD2L1;MAPK1;MAPRE1;MEN1;MIS12;MYH10;MYH11;MYH9;MYL12B;MYLK;NCF1;NCF2;NCK1;NCKAP1;NCOA2;NDC80;NDE1;NF2;NSL1;NUDC;NUF2;NUP107;NUP133;NUP160;NUP37;NUP43;NUP85;NUP98;PAFAH1B1;PAK1;PAK2;PAK3;PIK3C3;PIK3R4;PKN2;PKN3;PLK1;PPP1CC;PPP1R12A;PPP1R12B;PPP2CB;PPP2R1B;PPP2R5A;PPP2R5C;PPP2R5D;PPP2R5E;PRC1;PRKCA;PRKCB;PRKCZ;PTK2;RAC1;RAC2;RANBP2;RANGAP1;RCC2;RHOA;RHOB;RHOD;RHOQ;ROCK1;ROCK2;RTKN;SCAI;SEC13;SEH1L;SKA1;SKA2;SPC24;SPC25;SRF;TAOK1;TUBA1B;TUBA3C;TUBA4A;TUBB1;WASF2;WASF3;WIPF2;XPO1;YWHAB;YWHAG;YWHAH;YWHAQ;YWHAZ;ZW10;ZWILCH;ZWINT
S:REACTOME_GLUTAMATE_AND_GLUTAMINE_METABOLISM	D:12	S:ALDH18A1;GLS;GLS2;GLUD1;GLUD2;GLUL;GOT2;OAT;PYCR1;PYCR2;RIMKLA;RIMKLB	S:ALDH18A1;GLS;GLS2;GLUD1;GLUD2;GOT2;OAT;PYCR1;PYCR2;RIMKLB
S:REACTOME_MEIOTIC_SYNAPSIS	D:32	S:ACD;ATR;BRCA1;DIDO1;FKBP6;HSPA2;LMNA;LMNB1;POT1;RAD21;REC8;SMC1A;SMC1B;SMC3;STAG1;STAG2;STAG3;SUN1;SUN2;SYCE1;SYCE2;SYCP1;SYCP2;SYCP3;SYNE1;SYNE2;TERF1;TERF2;TERF2IP;TEX12;TINF2;UBE2I	S:ACD;ATR;BRCA1;DIDO1;HSPA2;LMNA;POT1;RAD21;SMC1A;SMC3;STAG1;STAG2;STAG3;SUN2;SYCP2;SYCP3;SYNE1;SYNE2;TERF1;TERF2;TERF2IP;TEX12;TINF2;UBE2I
S:REACTOME_TERMINATION_OF_TRANSLESION_DNA_SYNTHESIS	D:31	S:ISG15;PCNA;POLD1;POLD2;POLD3;POLD4;POLE;POLE2;POLE3;POLE4;POLH;POLI;POLK;REV1;RFC1;RFC2;RFC3;RFC4;RFC5;RPA1;RPA2;RPA3;RPS27A;TRIM25;UBA52;UBA7;UBB;UBC;UBE2L6;USP10;USP43	S:PCNA;POLD1;POLD2;POLD3;POLE;POLE3;POLH;POLI;POLK;REV1;RFC1;RFC3;RFC4;RFC5;RPA1;RPA2;RPA3;RPS27A;UBA7;UBC;USP10
S:REACTOME_PASSIVE_TRANSPORT_BY_AQUAPORINS	D:13	S:AQP1;AQP10;AQP11;AQP12A;AQP2;AQP3;AQP4;AQP5;AQP6;AQP7;AQP8;AQP9;MIP	S:AQP1;AQP10;AQP12A;AQP2;AQP4;AQP5;AQP6;AQP7;MIP
S:REACTOME_SIGNALING_BY_ALK_IN_CANCER	D:86	S:ALK;ATIC;BCL11A;BCL2A1;BIRC6;CCNB1;CDKN1A;CEBPB;CLTC;CUL1;DCTN1;DNMT1;EEF1G;EIF2AK3;EML4;FN1;FOXM1;FRS2;FRS3;GCC2;GRB2;GZMB;HDAC1;HIP1;ICOS;IL10;IL10RA;IL22;IRF4;IRS1;JUN;JUNB;KIF5B;KLC1;LMO7;MAPK1;MAPK3;MAPK8;MAPK9;MCL1;MDM2;MECP2;MOV10;MSN;MYH9;NOTCH1;NPM1;PIK3CA;PIK3CB;PIK3R1;PIK3R2;PLCG1;PPFIBP1;PPM1B;PRF1;PRKAR1A;PTPN6;RANBP2;RB1;RBX1;RNF213;RPS27A;RPS6;RRBP1;SEC31A;SHC1;SKP1;SQSTM1;STAT1;STAT3;STAT5A;STRN;TFG;TNRC6C;TP53;TPM3;TPM4;TPR;TWIST1;TYK2;UBA52;UBB;UBC;VCL;ZAP70;ZC3HC1	S:ATIC;BCL11A;CCNB1;CLTC;CUL1;DNMT1;EEF1G;EIF2AK3;EML4;FOXM1;GCC2;GRB2;GZMB;HDAC1;HIP1;ICOS;IL10;IL10RA;IL22;IRF4;IRS1;JUN;KIF5B;KLC1;LMO7;MAPK1;MAPK8;MAPK9;MCL1;MDM2;MECP2;MOV10;MSN;MYH9;NOTCH1;NPM1;PIK3CA;PIK3CB;PIK3R1;PLCG1;PPFIBP1;PPM1B;PRF1;RANBP2;RB1;RPS27A;RPS6;RRBP1;SEC31A;SHC1;STAT1;STRN;TFG;TNRC6C;TP53;TPM3;TPM4;TPR;UBC;VCL;ZAP70;ZC3HC1
S:REACTOME_SWITCHING_OF_ORIGINS_TO_A_POST_REPLICATIVE_STATE	D:77	S:ADRM1;ANAPC1;ANAPC10;ANAPC11;ANAPC16;ANAPC2;ANAPC4;ANAPC5;ANAPC7;CCNA1;CCNA2;CCNE1;CCNE2;CDC16;CDC23;CDC26;CDC27;CDC6;CDK2;CDT1;CUL1;FZR1;GMNN;MCM2;MCM3;MCM4;MCM5;MCM6;MCM7;MCM8;ORC1;ORC2;ORC3;ORC4;ORC5;ORC6;PSMA1;PSMA2;PSMA3;PSMA4;PSMA5;PSMA6;PSMA7;PSMB1;PSMB2;PSMB3;PSMB4;PSMB5;PSMB6;PSMB7;PSMC1;PSMC2;PSMC3;PSMC4;PSMC5;PSMC6;PSMD1;PSMD11;PSMD12;PSMD13;PSMD14;PSMD2;PSMD3;PSMD6;PSMD7;PSMD8;RBX1;RPS27A;SKP1;SKP2;UBA52;UBB;UBC;UBE2C;UBE2D1;UBE2E1;UBE2S	S:ANAPC1;ANAPC10;ANAPC11;ANAPC16;ANAPC4;ANAPC5;ANAPC7;CCNA1;CCNA2;CCNE1;CCNE2;CDC23;CDC26;CDC27;CDC6;CUL1;GMNN;MCM2;MCM3;MCM4;MCM5;MCM6;MCM7;MCM8;ORC1;ORC2;ORC3;ORC4;ORC5;ORC6;PSMA1;PSMA3;PSMA4;PSMA5;PSMA6;PSMA7;PSMB1;PSMB2;PSMB3;PSMB4;PSMC5;PSMC6;PSMD1;PSMD11;PSMD12;PSMD14;PSMD2;PSMD3;PSMD6;PSMD7;RPS27A;SKP2;UBC;UBE2E1
S:REACTOME_RHOBTB1_GTPASE_CYCLE	D:23	S:CCT2;CCT7;COPS2;COPS4;CPSF7;CUL3;DBN1;GPS1;HNRNPC;MYO6;PDE5A;RBBP6;RBMX;RHOBTB1;RNF20;ROCK1;ROCK2;SPEN;SRRM1;STK38;TRA2B;TXNL1;VIM	S:CCT2;CCT7;COPS4;CUL3;HNRNPC;MYO6;PDE5A;RBBP6;RBMX;RHOBTB1;RNF20;ROCK1;ROCK2;SPEN;SRRM1;STK38;TRA2B;VIM
S:REACTOME_APC_C_MEDIATED_DEGRADATION_OF_CELL_CYCLE_PROTEINS	D:73	S:ADRM1;ANAPC1;ANAPC10;ANAPC11;ANAPC16;ANAPC2;ANAPC4;ANAPC5;ANAPC7;AURKA;AURKB;BTRC;BUB1B;BUB3;CCNA1;CCNA2;CCNB1;CDC14A;CDC16;CDC20;CDC23;CDC26;CDC27;CDK1;CDK2;CUL1;FBXO5;FZR1;MAD2L1;NEK2;PLK1;PSMA1;PSMA2;PSMA3;PSMA4;PSMA5;PSMA6;PSMA7;PSMB1;PSMB2;PSMB3;PSMB4;PSMB5;PSMB6;PSMB7;PSMC1;PSMC2;PSMC3;PSMC4;PSMC5;PSMC6;PSMD1;PSMD11;PSMD12;PSMD13;PSMD14;PSMD2;PSMD3;PSMD6;PSMD7;PSMD8;PTTG1;RB1;RPS27A;SKP1;SKP2;UBA52;UBB;UBC;UBE2C;UBE2D1;UBE2E1;UBE2S	S:ANAPC1;ANAPC10;ANAPC11;ANAPC16;ANAPC4;ANAPC5;ANAPC7;AURKA;AURKB;BTRC;BUB1B;BUB3;CCNA1;CCNA2;CCNB1;CDC14A;CDC23;CDC26;CDC27;CDK1;CUL1;FBXO5;MAD2L1;PLK1;PSMA1;PSMA3;PSMA4;PSMA5;PSMA6;PSMA7;PSMB1;PSMB2;PSMB3;PSMB4;PSMC5;PSMC6;PSMD1;PSMD11;PSMD12;PSMD14;PSMD2;PSMD3;PSMD6;PSMD7;PTTG1;RB1;RPS27A;SKP2;UBC;UBE2E1
S:REACTOME_GABA_RECEPTOR_ACTIVATION	D:59	S:ADCY1;ADCY2;ADCY3;ADCY4;ADCY5;ADCY6;ADCY7;ADCY8;ADCY9;ARHGEF9;GABBR1;GABBR2;GABRA1;GABRA2;GABRA3;GABRA4;GABRA5;GABRA6;GABRB1;GABRB2;GABRB3;GABRG2;GABRG3;GABRQ;GABRR1;GABRR2;GABRR3;GNAI1;GNAI2;GNAI3;GNAL;GNB1;GNB2;GNB3;GNB4;GNB5;GNG10;GNG11;GNG12;GNG13;GNG2;GNG3;GNG4;GNG5;GNG7;GNG8;GNGT1;GNGT2;KCNJ10;KCNJ12;KCNJ15;KCNJ16;KCNJ2;KCNJ3;KCNJ4;KCNJ5;KCNJ6;KCNJ9;NPTN	S:ADCY2;ADCY6;ADCY8;GABBR1;GABBR2;GABRA2;GABRA4;GABRA6;GABRB1;GABRB2;GABRG2;GABRG3;GABRQ;GABRR2;GNAI2;GNB2;GNB4;GNG10;GNG11;GNG12;GNG13;GNG4;GNGT1;GNGT2;KCNJ12;KCNJ2;KCNJ3;KCNJ5;KCNJ6;KCNJ9;NPTN
S:REACTOME_PCNA_DEPENDENT_LONG_PATCH_BASE_EXCISION_REPAIR	D:21	S:APEX1;FEN1;LIG1;PCNA;POLB;POLD1;POLD2;POLD3;POLD4;POLE;POLE2;POLE3;POLE4;RFC1;RFC2;RFC3;RFC4;RFC5;RPA1;RPA2;RPA3	S:FEN1;LIG1;PCNA;POLB;POLD1;POLD2;POLD3;POLE;POLE3;RFC1;RFC3;RFC4;RFC5;RPA1;RPA2;RPA3
S:REACTOME_PURINERGIC_SIGNALING_IN_LEISHMANIASIS_INFECTION	D:26	S:APP;C3;C3AR1;CASP1;CTSG;ENTPD1;ENTPD5;GSDMD;HMOX1;HSP90AB1;IL18;IL1A;IL1B;MEFV;NFKB1;NFKB2;NLRP3;NT5E;P2RX4;P2RX7;PSTPIP1;PYCARD;RELA;SUGT1;TXN;TXNIP	S:C3AR1;CASP1;CTSG;ENTPD1;ENTPD5;GSDMD;IL18;IL1A;IL1B;MEFV;NFKB2;NLRP3;P2RX4;P2RX7;PYCARD;TXN
S:REACTOME_RAC2_GTPASE_CYCLE	D:83	S:ABI1;ABI2;ABR;ANKLE2;ARHGAP1;ARHGAP17;ARHGAP21;ARHGAP26;ARHGAP32;ARHGAP39;ARHGDIA;ARMCX3;BAIAP2L1;BCR;CAV1;CDC42;CDC42EP1;CDC42EP4;CYBA;CYBB;CYFIP1;DEF6;DEPDC1B;DIAPH3;DOCK1;DOCK10;DOCK2;DOCK3;DOCK4;DSG2;EMD;EPHA2;ESYT1;GIT1;GIT2;IQGAP1;ITGB1;LAMTOR1;LBR;LEMD3;LMAN1;MCAM;MCF2;MPP7;MTX1;NCF1;NCF2;NCF4;NCKAP1;NCKAP1L;NHS;OPHN1;PAK1;PAK2;PAK4;PGRMC2;PIK3CA;PIK3R1;PIK3R2;PIK3R3;PLD2;PREX1;RAB7A;RAC2;RACGAP1;SAMM50;SLITRK5;STBD1;SWAP70;SYDE1;TAOK3;TFRC;TIAM1;TMPO;TRIO;VAMP3;VANGL1;VAPB;VAV1;VAV2;VAV3;VRK2;WASF2	S:ABI1;ABI2;ABR;ANKLE2;ARHGAP1;ARHGAP17;ARHGAP21;ARHGAP32;ARHGAP39;ARMCX3;BAIAP2L1;BCR;CAV1;CDC42;CYFIP1;DEF6;DEPDC1B;DIAPH3;DOCK10;DOCK2;DOCK3;ESYT1;GIT2;IQGAP1;ITGB1;LBR;LEMD3;LMAN1;MCAM;MCF2;MPP7;NCF1;NCF2;NCKAP1;NHS;OPHN1;PAK1;PAK2;PGRMC2;PIK3CA;PIK3R1;PIK3R3;PREX1;RAB7A;RAC2;RACGAP1;SAMM50;SLITRK5;SWAP70;TAOK3;TMPO;TRIO;VANGL1;VAV1;VAV2;VAV3;VRK2;WASF2
S:REACTOME_RND2_GTPASE_CYCLE	D:39	S:ALDH3A2;ANKRD26;ARHGAP1;ARHGAP5;CAV1;CKAP4;DEPDC1B;DLG5;DSG1;DST;EPHA2;FAM83B;FNBP1;FRS2;FRS3;GOLGA3;KCTD13;KIDINS220;KIF14;KTN1;LEMD3;LRRC1;MUC13;NISCH;NUDC;PIK3R1;PIK3R2;PKP4;PLXND1;PTPN13;RBMX;RND2;SCRIB;TFRC;TNFAIP1;TXNL1;UBXN11;VANGL1;WDR6	S:ALDH3A2;ANKRD26;ARHGAP1;ARHGAP5;CAV1;CKAP4;DEPDC1B;DLG5;DSG1;DST;FAM83B;FNBP1;GOLGA3;KCTD13;KIDINS220;KIF14;KTN1;LEMD3;LRRC1;NUDC;PIK3R1;PKP4;PTPN13;RBMX;SCRIB;TNFAIP1;VANGL1;WDR6
S:REACTOME_TCR_SIGNALING	D:104	S:ADRM1;BCL10;BTRC;CARD11;CD101;CD247;CD3D;CD3E;CD3G;CD4;CDC34;CHUK;CSK;CUL1;ENAH;EVL;FBXW11;GRAP2;HLA-DPA1;HLA-DPB1;HLA-DQA1;HLA-DQA2;HLA-DQB1;HLA-DQB2;HLA-DRA;HLA-DRB1;HLA-DRB3;HLA-DRB4;HLA-DRB5;IKBKB;IKBKG;INPP5D;ITK;LAT;LCK;LCP2;MALT1;MAP3K7;NCK1;NFKB1;NFKBIA;PAG1;PAK1;PAK2;PAK3;PDPK1;PIK3CA;PIK3CB;PIK3R1;PIK3R2;PLCG1;PLCG2;PRKCQ;PSMA1;PSMA2;PSMA3;PSMA4;PSMA5;PSMA6;PSMA7;PSMB1;PSMB2;PSMB3;PSMB4;PSMB5;PSMB6;PSMB7;PSMC1;PSMC2;PSMC3;PSMC4;PSMC5;PSMC6;PSMD1;PSMD11;PSMD12;PSMD13;PSMD14;PSMD2;PSMD3;PSMD6;PSMD7;PSMD8;PTEN;PTPN22;PTPRC;PTPRJ;RELA;RIPK2;RPS27A;SKP1;TAB2;TRAF6;TRAT1;UBA52;UBB;UBC;UBE2D1;UBE2D2;UBE2N;UBE2V1;VASP;WAS;ZAP70	S:BCL10;BTRC;CARD11;CD101;CD247;CD3D;CD3G;CUL1;EVL;FBXW11;GRAP2;HLA-DPA1;HLA-DPB1;HLA-DQA1;HLA-DQB1;HLA-DQB2;HLA-DRA;HLA-DRB1;HLA-DRB3;HLA-DRB4;HLA-DRB5;IKBKB;INPP5D;ITK;LAT;LCK;LCP2;MALT1;MAP3K7;NCK1;NFKB1;NFKBIA;PAG1;PAK1;PAK2;PAK3;PIK3CA;PIK3CB;PIK3R1;PLCG1;PLCG2;PRKCQ;PSMA1;PSMA3;PSMA4;PSMA5;PSMA6;PSMA7;PSMB1;PSMB2;PSMB3;PSMB4;PSMC5;PSMC6;PSMD1;PSMD11;PSMD12;PSMD14;PSMD2;PSMD3;PSMD6;PSMD7;PTPN22;PTPRC;RELA;RPS27A;TAB2;TRAF6;TRAT1;UBC;UBE2D2;UBE2N;VASP;ZAP70
S:REACTOME_FGFRL1_MODULATION_OF_FGFR1_SIGNALING	D:13	S:FGF10;FGF17;FGF18;FGF2;FGF22;FGF23;FGF3;FGF4;FGF5;FGF8;FGFRL1;SPRED1;SPRED2	S:FGF10;FGF17;FGF22;FGF23;FGF3;FGF4;FGF5;FGF8;FGFRL1;SPRED2
S:REACTOME_GLYCEROPHOSPHOLIPID_BIOSYNTHESIS	D:113	S:ABHD3;ABHD4;ACHE;ACP6;AGK;AGPAT1;AGPAT2;AGPAT3;AGPAT4;AGPAT5;ALPI;BCHE;CDIPT;CDS1;CDS2;CEPT1;CHAT;CHKA;CHKB;CHPT1;CPNE1;CPNE3;CPNE6;CPNE7;CRLS1;CSNK2A1;CSNK2A2;CSNK2B;DDHD1;DDHD2;DGAT1;DGAT2;ETNK1;ETNK2;GNPAT;GPAM;GPAT2;GPCPD1;GPD1;GPD1L;GPD2;HADHA;HADHB;LCLAT1;LIPH;LIPI;LPCAT1;LPCAT2;LPCAT3;LPCAT4;LPGAT1;LPIN1;LPIN2;LPIN3;MBOAT1;MBOAT2;MBOAT7;MFSD2A;MGLL;OSBPL10;OSBPL5;OSBPL8;PCTP;PCYT1A;PCYT1B;PCYT2;PEMT;PGP;PGS1;PHOSPHO1;PISD;PITPNB;PITPNM1;PITPNM2;PITPNM3;PLA1A;PLA2G10;PLA2G12A;PLA2G15;PLA2G1B;PLA2G2A;PLA2G2D;PLA2G2E;PLA2G2F;PLA2G3;PLA2G4A;PLA2G4C;PLA2G4D;PLA2G4F;PLA2G5;PLA2G6;PLA2R1;PLB1;PLBD1;PLD1;PLD2;PLD3;PLD4;PLD6;PNPLA2;PNPLA3;PNPLA8;PTDSS1;PTDSS2;PTPMT1;SLC44A1;SLC44A2;SLC44A3;SLC44A4;SLC44A5;STARD10;STARD7;TMEM86B	S:ABHD3;ABHD4;ACHE;AGPAT1;AGPAT2;AGPAT3;CDIPT;CDS2;CEPT1;CHAT;CHKA;CHKB;CHPT1;CPNE1;CPNE6;CPNE7;CRLS1;CSNK2A2;DGAT1;DGAT2;GPAT2;GPCPD1;GPD1;HADHA;LIPH;LPCAT2;LPCAT3;LPCAT4;LPIN3;MBOAT2;MBOAT7;MFSD2A;OSBPL8;PCTP;PCYT2;PEMT;PGP;PGS1;PHOSPHO1;PISD;PITPNM1;PITPNM3;PLA1A;PLA2G10;PLA2G15;PLA2G2A;PLA2G2D;PLA2G2F;PLA2G4D;PLA2G5;PLA2G6;PLA2R1;PLB1;PLD1;PLD2;PLD3;PLD4;PNPLA2;PNPLA3;SLC44A2;SLC44A4;STARD10;TMEM86B
S:REACTOME_TRANSLESION_SYNTHESIS_BY_Y_FAMILY_DNA_POLYMERASES_BYPASSES_LESIONS_ON_DNA_TEMPLATE	D:36	S:ISG15;MAD2L2;NPLOC4;PCNA;POLD1;POLD2;POLD3;POLD4;POLE;POLE2;POLE3;POLE4;POLH;POLI;POLK;RCHY1;REV1;REV3L;RFC1;RFC2;RFC3;RFC4;RFC5;RPA1;RPA2;RPA3;RPS27A;TRIM25;UBA52;UBA7;UBB;UBC;UBE2L6;USP10;USP43;VCP	S:PCNA;POLD1;POLD2;POLD3;POLE;POLE3;POLH;POLI;POLK;RCHY1;REV1;REV3L;RFC1;RFC3;RFC4;RFC5;RPA1;RPA2;RPA3;RPS27A;UBA7;UBC;USP10;VCP
S:REACTOME_THE_CRY_PER_KINASE_COMPLEX_REPRESSES_TRANSACTIVATION_BY_THE_BMAL_CLOCK_ARNTL_CLOCK_COMPLEX	D:12	S:CLOCK;CREBBP;CRY1;CRY2;CSNK1D;CSNK1E;NPAS2;NR1D1;PER1;PER2;PER3;RORA	S:CLOCK;CREBBP;CRY1;CRY2;CSNK1E;NR1D1;PER2;PER3;RORA
S:REACTOME_RESOLUTION_OF_D_LOOP_STRUCTURES	D:29	S:ATM;BARD1;BLM;BRCA1;BRCA2;BRIP1;DNA2;EME1;EME2;EXO1;FIGNL1;GEN1;KAT5;MUS81;NBN;PALB2;RAD50;RAD51;RAD51AP1;RAD51C;RBBP8;RMI1;RTEL1;SLX1A;SLX4;TOP3A;WRN;XRCC2;XRCC3	S:ATM;BARD1;BLM;BRCA1;BRCA2;BRIP1;DNA2;EME1;EXO1;FIGNL1;GEN1;KAT5;MUS81;NBN;PALB2;RAD50;RAD51;RAD51AP1;RAD51C;RBBP8;RMI1;RTEL1;SLX4;WRN
S:REACTOME_RHOC_GTPASE_CYCLE	D:68	S:ABCD3;ABR;ACBD5;AKAP13;ANLN;ARHGAP1;ARHGAP18;ARHGAP21;ARHGAP26;ARHGAP32;ARHGAP39;ARHGAP5;ARHGDIA;ARHGEF1;ARHGEF10;ARHGEF10L;ARHGEF11;ARHGEF12;ARHGEF17;ARHGEF25;ARHGEF40;ARHGEF5;BCR;C1QBP;CAV1;CIT;DAAM1;DEPDC1B;DIAPH1;DIAPH3;DLC1;FLOT1;FLOT2;FMNL2;FMNL3;IQGAP1;IQGAP3;JUP;LBR;LMAN1;MCAM;MCF2;MCF2L;MYO9B;OPHN1;PIK3R1;PKN1;PKN2;PKN3;PREX1;RACGAP1;RHOA;RHOC;ROCK1;ROCK2;RTKN;SLK;STARD13;STK10;STOM;STX5;TFRC;TJP2;TMPO;VAMP3;VANGL1;VAPB;VAV2	S:ABCD3;ABR;ACBD5;AKAP13;ARHGAP1;ARHGAP18;ARHGAP21;ARHGAP32;ARHGAP39;ARHGAP5;ARHGEF10;ARHGEF10L;ARHGEF12;ARHGEF17;ARHGEF5;BCR;C1QBP;CAV1;CIT;DAAM1;DEPDC1B;DIAPH1;DIAPH3;DLC1;FMNL3;IQGAP1;LBR;LMAN1;MCAM;MCF2;MCF2L;MYO9B;OPHN1;PIK3R1;PKN2;PKN3;PREX1;RACGAP1;RHOA;ROCK1;ROCK2;RTKN;STK10;TJP2;TMPO;VANGL1;VAV2
S:REACTOME_FCGR3A_MEDIATED_IL10_SYNTHESIS	D:38	S:ADCY1;ADCY2;ADCY3;ADCY4;ADCY5;ADCY6;ADCY7;ADCY8;ADCY9;AHCYL1;CALM1;CD247;CD3G;CREB1;FCGR2A;FCGR3A;FGR;FYN;HCK;IGLV6-57;IL10;ITPR1;ITPR2;ITPR3;LYN;PLCG1;PLCG2;PRKACA;PRKACB;PRKACG;PRKAR1A;PRKAR1B;PRKAR2A;PRKAR2B;PRKX;SRC;SYK;YES1	S:ADCY1;ADCY3;ADCY4;ADCY5;ADCY7;ADCY9;AHCYL1;CALM1;CD247;CD3G;CREB1;FCGR3A;FYN;IGLV6-57;IL10;ITPR1;ITPR2;ITPR3;LYN;PLCG1;PLCG2;PRKACB;PRKACG;PRKAR2A;PRKAR2B;PRKX;SYK;YES1
S:REACTOME_CLASS_A_1_RHODOPSIN_LIKE_RECEPTORS	D:308	S:ADORA1;ADORA2A;ADORA2B;ADORA3;ADRA1A;ADRA1B;ADRA1D;ADRA2A;ADRA2B;ADRA2C;ADRB1;ADRB2;ADRB3;AGT;AGTR1;AGTR2;ANXA1;APLN;APLNR;APP;AVP;AVPR1A;AVPR1B;AVPR2;BDKRB1;BDKRB2;BRS3;C3;C3AR1;C5;C5AR1;CCK;CCKAR;CCKBR;CCL1;CCL11;CCL13;CCL16;CCL17;CCL19;CCL2;CCL20;CCL21;CCL22;CCL23;CCL25;CCL27;CCL28;CCL3;CCL3L3;CCL4;CCL5;CCL7;CCR1;CCR10;CCR2;CCR3;CCR4;CCR5;CCR6;CCR7;CCR8;CCR9;CCRL2;CGA;CHRM1;CHRM2;CHRM3;CHRM4;CHRM5;CMKLR1;CNR1;CNR2;CORT;CX3CL1;CX3CR1;CXCL1;CXCL10;CXCL11;CXCL12;CXCL13;CXCL16;CXCL2;CXCL3;CXCL5;CXCL6;CXCL9;CXCR1;CXCR2;CXCR3;CXCR4;CXCR5;CXCR6;CYSLTR1;CYSLTR2;DRD1;DRD2;DRD3;DRD4;DRD5;ECE1;ECE2;EDN1;EDN2;EDN3;EDNRA;EDNRB;F2;F2R;F2RL1;F2RL2;F2RL3;FFAR1;FFAR2;FFAR3;FPR1;FPR2;FPR3;FSHB;FSHR;GAL;GALR1;GALR2;GALR3;GHRL;GHSR;GNRH1;GNRH2;GNRHR;GPBAR1;GPHA2;GPHB5;GPR132;GPR143;GPR17;GPR18;GPR183;GPR31;GPR35;GPR37;GPR37L1;GPR39;GPR4;GPR55;GPR65;GPR68;GRP;GRPR;HCRT;HCRTR1;HCRTR2;HEBP1;HRH1;HRH2;HRH3;HRH4;HTR1A;HTR1B;HTR1D;HTR1E;HTR1F;HTR2A;HTR2B;HTR2C;HTR4;HTR5A;HTR6;HTR7;INSL3;INSL5;KEL;KISS1;KISS1R;KNG1;LHB;LHCGR;LPAR1;LPAR2;LPAR3;LPAR4;LPAR5;LPAR6;LTB4R;LTB4R2;MAS1;MC1R;MC2R;MC3R;MC4R;MC5R;MCHR1;MCHR2;MLN;MLNR;MRGPRD;MTNR1A;MTNR1B;NLN;NMB;NMBR;NMU;NMUR1;NMUR2;NPB;NPBWR1;NPBWR2;NPFF;NPFFR1;NPFFR2;NPSR1;NPW;NPY;NPY1R;NPY2R;NPY5R;NTS;NTSR1;NTSR2;OPN1LW;OPN1MW;OPN1SW;OPN3;OPN4;OPRD1;OPRK1;OPRL1;OPRM1;OXER1;OXGR1;OXT;OXTR;P2RY1;P2RY10;P2RY12;P2RY13;P2RY14;P2RY2;P2RY4;P2RY6;PDYN;PENK;PF4;PMCH;PNOC;POMC;PPBP;PPY;PRLH;PRLHR;PROK1;PROK2;PROKR1;PROKR2;PSAP;PTAFR;PTGDR;PTGER1;PTGER2;PTGER3;PTGER4;PTGFR;PTGIR;PYY;QRFPR;RGR;RHO;RLN2;RLN3;RRH;RXFP1;RXFP2;RXFP3;RXFP4;S1PR1;S1PR2;S1PR3;S1PR4;S1PR5;SAA1;SST;SSTR1;SSTR2;SSTR3;SSTR4;SSTR5;SUCNR1;TAAR1;TAAR2;TAAR5;TAAR6;TAAR8;TAAR9;TAC1;TAC3;TACR1;TACR2;TACR3;TBXA2R;TRH;TRHR;TSHB;TSHR;UTS2;UTS2R;XCL1;XCL2;XCR1;XK	S:ADORA1;ADORA3;ADRA1B;ADRA1D;ADRA2B;ADRA2C;AGT;AGTR1;AGTR2;APLN;AVP;AVPR2;BDKRB1;BRS3;C3AR1;C5;CCK;CCKAR;CCL13;CCL16;CCL19;CCL21;CCL22;CCL23;CCL7;CCR1;CCR10;CCR3;CCRL2;CORT;CX3CL1;CXCL12;CXCL13;CXCL16;CXCR1;CXCR2;DRD1;DRD2;DRD3;DRD4;DRD5;ECE1;EDN2;EDN3;EDNRB;F2RL1;F2RL2;F2RL3;FFAR1;FFAR2;FFAR3;FPR2;FPR3;FSHR;GAL;GALR1;GHRL;GHSR;GNRH2;GNRHR;GPBAR1;GPHA2;GPHB5;GPR132;GPR143;GPR17;GPR31;GPR35;GPR37;GPR37L1;GRPR;HCRT;HCRTR1;HCRTR2;HEBP1;HRH2;HRH3;HTR1B;HTR1E;HTR1F;HTR2A;HTR2C;HTR4;HTR5A;INSL3;INSL5;KEL;KISS1R;KNG1;LHB;LPAR2;LTB4R;LTB4R2;MAS1;MCHR1;MTNR1A;NLN;NPBWR1;NPBWR2;NPFF;NPFFR2;NPY2R;NTS;OPN1LW;OPN1MW;OPN3;OPN4;OPRD1;OPRK1;OPRL1;OPRM1;OXER1;OXT;OXTR;P2RY12;P2RY13;P2RY2;PDYN;POMC;PPBP;PPY;PRLH;PROK1;PROK2;PROKR1;PTGFR;PTGIR;PYY;QRFPR;RGR;RHO;RLN3;RRH;RXFP1;SAA1;SST;SSTR1;SSTR2;SSTR3;TAAR1;TAAR2;TAAR5;TAAR6;TAAR8;TAAR9;TAC1;TAC3;TACR1;TACR2;TACR3;TBXA2R;TRH;TSHB;TSHR;UTS2R;XCR1;XK
S:REACTOME_MUSCLE_CONTRACTION	D:199	S:ABCC9;ACTA1;ACTA2;ACTC1;ACTG2;ACTN2;ACTN3;AHCYL1;AKAP9;ALDH2;ANXA1;ANXA2;ANXA6;ASPH;ATP1A1;ATP1A2;ATP1A3;ATP1A4;ATP1B1;ATP1B2;ATP1B3;ATP2A1;ATP2A2;ATP2A3;ATP2B1;ATP2B2;ATP2B3;ATP2B4;CACNA1C;CACNA1G;CACNA1H;CACNA1I;CACNA2D2;CACNB1;CACNB2;CACNG4;CACNG6;CACNG7;CACNG8;CALD1;CALM1;CAMK2A;CAMK2B;CAMK2D;CAMK2G;CASQ1;CASQ2;CAV3;CES1;CLIC2;CORIN;DES;DMD;DMPK;DYSF;FGF11;FGF12;FGF13;FGF14;FKBP1B;FXYD1;FXYD2;FXYD3;FXYD4;FXYD6;FXYD7;GATA4;GUCY1A2;HIPK1;HIPK2;ITGA1;ITGB5;ITPR1;ITPR2;ITPR3;KAT2B;KCNA5;KCND1;KCND2;KCND3;KCNE1;KCNE2;KCNE3;KCNE4;KCNH2;KCNIP1;KCNIP2;KCNIP3;KCNIP4;KCNJ11;KCNJ12;KCNJ14;KCNJ2;KCNJ4;KCNK1;KCNK10;KCNK12;KCNK13;KCNK15;KCNK16;KCNK17;KCNK18;KCNK2;KCNK3;KCNK4;KCNK5;KCNK6;KCNK7;KCNK9;KCNQ1;LMOD1;MME;MYBPC1;MYBPC2;MYBPC3;MYH11;MYH3;MYH6;MYH8;MYL1;MYL10;MYL12A;MYL12B;MYL2;MYL3;MYL4;MYL5;MYL6;MYL6B;MYL7;MYL9;MYLK;NEB;NKX2-5;NOS1;NPPA;NPPC;NPR1;NPR2;ORAI1;ORAI2;PAK1;PAK2;PDE5A;PLN;PRKACA;PXN;RANGRF;RYR1;RYR2;RYR3;SCN10A;SCN11A;SCN1A;SCN1B;SCN2A;SCN2B;SCN3A;SCN3B;SCN4A;SCN4B;SCN5A;SCN7A;SCN8A;SCN9A;SLC8A1;SLC8A2;SLC8A3;SLN;SORBS1;SORBS3;SRI;STIM1;TBX5;TCAP;TLN1;TMOD1;TMOD2;TMOD3;TMOD4;TNNC1;TNNC2;TNNI1;TNNI2;TNNI3;TNNT1;TNNT2;TNNT3;TPM1;TPM2;TPM3;TPM4;TRDN;TRIM72;TRPC1;TTN;VCL;VIM;WWTR1	S:ABCC9;ACTA2;ACTC1;ACTN2;ACTN3;ANXA2;ASPH;ATP1A2;ATP1A3;ATP1A4;ATP1B2;ATP2B2;ATP2B3;ATP2B4;CACNA1C;CACNA1H;CACNB2;CACNG7;CACNG8;CALD1;CASQ2;CAV3;CES1;CLIC2;DES;DMD;DMPK;DYSF;FGF12;FGF13;FGF14;FKBP1B;FXYD3;FXYD4;FXYD6;GATA4;GUCY1A2;KAT2B;KCNA5;KCND2;KCND3;KCNE4;KCNH2;KCNIP3;KCNIP4;KCNJ12;KCNJ2;KCNK1;KCNK15;KCNK16;KCNK18;KCNK2;KCNK3;KCNK4;KCNK7;LMOD1;MME;MYBPC2;MYBPC3;MYH8;MYL3;MYL4;MYL5;MYL6;MYL9;NKX2-5;NOS1;NPPA;NPR1;NPR2;ORAI1;ORAI2;PLN;PRKACA;PXN;RYR1;SCN10A;SCN11A;SCN1A;SCN1B;SCN2B;SCN3B;SCN4B;SCN5A;SCN7A;SCN8A;SLC8A1;SLN;SORBS1;TBX5;TCAP;TLN1;TMOD1;TMOD2;TNNC2;TNNI1;TNNI2;TNNT1;TNNT2;TPM1;TPM2;TRIM72;WWTR1
S:REACTOME_BETA_DEFENSINS	D:18	S:CCR2;CCR6;DEFB1;DEFB103B;DEFB104B;DEFB105B;DEFB106B;DEFB114;DEFB118;DEFB119;DEFB123;DEFB125;DEFB126;DEFB127;DEFB129;DEFB4A;TLR1;TLR2	S:DEFB1;DEFB103B;DEFB104B;DEFB105B;DEFB114;DEFB118;DEFB119;DEFB123;DEFB125;DEFB126;DEFB127;DEFB4A
S:REACTOME_NUCLEOTIDE_CATABOLISM	D:32	S:AGXT2;DPYD;DPYS;ENTPD1;ENTPD2;ENTPD3;ENTPD4;ENTPD5;ENTPD6;ENTPD7;ENTPD8;GDA;ITPA;NT5C;NT5C1A;NT5C1B;NT5C2;NT5E;NT5M;NUDT1;NUDT15;NUDT16;NUDT18;NUDT5;NUDT9;PNP;SAMHD1;TYMP;UPB1;UPP1;UPP2;XDH	S:DPYS;ENTPD1;ENTPD2;ENTPD5;ENTPD8;GDA;NT5C;NT5C1A;NT5M;NUDT1;NUDT16;NUDT18;PNP;TYMP;UPP1
S:REACTOME_VEGFR2_MEDIATED_CELL_PROLIFERATION	D:19	S:AHCYL1;CALM1;HRAS;ITPR1;ITPR2;ITPR3;KDR;KRAS;NRAS;PDPK1;PLCG1;PRKCA;PRKCB;PRKCD;PRKCZ;RASA1;SPHK1;SRC;VEGFA	S:AHCYL1;CALM1;ITPR1;ITPR2;ITPR3;KDR;KRAS;PLCG1;PRKCA;PRKCB;PRKCZ;RASA1;VEGFA
S:REACTOME_ALPHA_LINOLENIC_OMEGA3_AND_LINOLEIC_OMEGA6_ACID_METABOLISM	D:13	S:ABCD1;ACAA1;ACOT8;ACOX1;ACSL1;ELOVL1;ELOVL2;ELOVL3;ELOVL5;FADS1;FADS2;HSD17B4;SCP2	S:ABCD1;ACAA1;ACOT8;ACSL1;ELOVL1;ELOVL2;ELOVL5;FADS1;FADS2
S:REACTOME_AQUAPORIN_MEDIATED_TRANSPORT	D:52	S:ADCY1;ADCY2;ADCY3;ADCY4;ADCY5;ADCY6;ADCY7;ADCY8;ADCY9;AQP1;AQP10;AQP11;AQP12A;AQP2;AQP3;AQP4;AQP5;AQP6;AQP7;AQP8;AQP9;AVP;AVPR2;GNAS;GNB1;GNB2;GNB3;GNB4;GNB5;GNG10;GNG11;GNG12;GNG13;GNG2;GNG3;GNG4;GNG5;GNG7;GNG8;GNGT1;GNGT2;MIP;MYO5B;PRKACA;PRKACB;PRKACG;PRKAR1A;PRKAR1B;PRKAR2A;PRKAR2B;RAB11A;RAB11FIP2	S:ADCY2;ADCY6;ADCY8;AQP1;AQP10;AQP12A;AQP2;AQP4;AQP5;AQP6;AQP7;AVP;AVPR2;GNB2;GNB4;GNG10;GNG11;GNG12;GNG13;GNG4;GNGT1;GNGT2;MIP;PRKACA;PRKAR1A;PRKAR1B;RAB11A
S:REACTOME_EPIGENETIC_REGULATION_BY_WDR5_CONTAINING_HISTONE_MODIFYING_COMPLEXES	D:94	S:ABL1;ACSL1;ACSS3;ADIPOQ;AGPAT2;AKAP8L;ANGPTL4;ASH2L;BOD1;CCNC;CD36;CDK5;CDK8;CEBPA;CIDEC;CREBBP;CXXC1;DGAT2;DPY30;DR1;ELOVL5;EP300;FABP4;GPAM;GPS2;HCFC1;HCFC2;HDAC3;KAT2A;KAT2B;KDM6A;LIPE;LPIN1;LPL;MBIP;MCRS1;MED1;MED10;MED12;MED13;MED14;MED16;MED17;MED20;MED23;MED24;MED27;MED30;MED31;MED4;MED6;MED7;MEN1;MGLL;NCOA1;NCOA2;NCOA3;NCOA6;NCOR1;NCOR2;NR5A2;OGT;PAXIP1;PDK4;PEX11A;PHF20;PHF20L1;PHLDA1;PLIN1;PLIN2;PLIN4;PNPLA2;PPARG;PPARGC1A;PPARGC1B;PSIP1;RB1;RBBP5;RXRA;SCD;SCD5;SETD1A;SETD1B;SIRT1;TADA2A;TADA3;TASP1;TBL1X;TBL1XR1;THRSP;WDR5;WDR82;YEATS2;ZZZ3	S:ABL1;ADIPOQ;AKAP8L;ANGPTL4;ASH2L;BOD1;CDK8;CREBBP;DPY30;DR1;EP300;GPAM;HCFC2;HDAC3;KAT2A;KDM6A;LIPE;LPIN1;LPL;MBIP;MED1;MED10;MED12;MED13;MED17;MED20;MED23;MED30;MED31;MED4;MED6;MED7;MEN1;MGLL;NCOA1;NCOA2;NCOA3;NCOA6;NCOR1;NCOR2;PAXIP1;PDK4;PEX11A;PHF20;PHF20L1;PHLDA1;PLIN2;PPARG;PPARGC1A;PPARGC1B;PSIP1;RB1;RBBP5;SCD;SCD5;SETD1B;SIRT1;TADA2A;TASP1;TBL1XR1;THRSP;WDR5;WDR82;ZZZ3
S:REACTOME_NEUROTRANSMITTER_RECEPTORS_AND_POSTSYNAPTIC_SIGNAL_TRANSMISSION	D:199	S:ACTN2;ADCY1;ADCY2;ADCY3;ADCY4;ADCY5;ADCY6;ADCY7;ADCY8;ADCY9;AKAP5;AP2A1;AP2A2;AP2B1;AP2M1;AP2S1;APBA1;ARHGEF7;ARHGEF9;CACNG2;CACNG3;CACNG4;CACNG8;CALM1;CAMK1;CAMK2A;CAMK2B;CAMK2D;CAMK2G;CAMK4;CAMKK1;CAMKK2;CASK;CHRNA1;CHRNA2;CHRNA3;CHRNA4;CHRNA5;CHRNA6;CHRNA7;CHRNA9;CHRNB2;CHRNB3;CHRNB4;CHRND;CHRNE;CHRNG;CREB1;DLG1;DLG2;DLG3;DLG4;EPB41L1;ERBB4;GABBR1;GABBR2;GABRA1;GABRA2;GABRA3;GABRA4;GABRA5;GABRA6;GABRB1;GABRB2;GABRB3;GABRG2;GABRG3;GABRQ;GABRR1;GABRR2;GABRR3;GIT1;GLRA1;GLRA2;GLRA3;GLRB;GNAI1;GNAI2;GNAI3;GNAL;GNB1;GNB2;GNB3;GNB4;GNB5;GNG10;GNG11;GNG12;GNG13;GNG2;GNG3;GNG4;GNG5;GNG7;GNG8;GNGT1;GNGT2;GRIA1;GRIA2;GRIA3;GRIA4;GRIK1;GRIK2;GRIK3;GRIK4;GRIK5;GRIN1;GRIN2A;GRIN2B;GRIN2C;GRIN2D;GRIN3A;GRIN3B;GRIP1;GRIP2;HRAS;HTR3A;HTR3B;HTR3C;HTR3D;HTR3E;KCNJ10;KCNJ12;KCNJ15;KCNJ16;KCNJ2;KCNJ3;KCNJ4;KCNJ5;KCNJ6;KCNJ9;KIF17;KPNA2;KRAS;LIN7A;LIN7B;LIN7C;LRRC7;MAPK1;MAPK3;MAPT;MDM2;MYO6;NBEA;NCALD;NEFL;NPTN;NRAS;NRG1;NRGN;NSF;PDPK1;PICK1;PLCB1;PLCB2;PLCB3;PPM1E;PPM1F;PRKAA1;PRKAA2;PRKAB1;PRKAB2;PRKACA;PRKACB;PRKACG;PRKAG1;PRKAG2;PRKAG3;PRKAR1A;PRKAR1B;PRKAR2A;PRKAR2B;PRKCA;PRKCB;PRKCG;PRKX;RAC1;RASGRF1;RASGRF2;RPS6KA1;RPS6KA2;RPS6KA3;RPS6KA6;SRC;TSPAN7;TUBA1A;TUBA1B;TUBA1C;TUBA3C;TUBA3D;TUBA4A;TUBA8;TUBAL3;TUBB1;TUBB2A;TUBB2B;TUBB3;TUBB6;TUBB8	S:ACTN2;ADCY2;ADCY6;ADCY8;AKAP5;AP2A1;AP2A2;AP2B1;AP2M1;AP2S1;CACNG8;CAMK1;CAMKK1;CAMKK2;CHRNA1;CHRNA2;CHRNA3;CHRNA4;CHRNA7;CHRNA9;CHRNB2;DLG2;DLG4;GABBR1;GABBR2;GABRA2;GABRA4;GABRA6;GABRB1;GABRB2;GABRG2;GABRG3;GABRQ;GABRR2;GIT1;GLRA2;GLRA3;GNAI2;GNB2;GNB4;GNG10;GNG11;GNG12;GNG13;GNG4;GNGT1;GNGT2;GRIA2;GRIA3;GRIK1;GRIK2;GRIK4;GRIK5;GRIN1;GRIN2A;GRIN3A;GRIP2;HRAS;HTR3A;HTR3C;KCNJ12;KCNJ2;KCNJ3;KCNJ5;KCNJ6;KCNJ9;KIF17;LIN7A;LIN7B;LIN7C;LRRC7;MAPK3;NPTN;NRAS;NRG1;NRGN;PDPK1;PICK1;PLCB2;PLCB3;PPM1F;PRKAA2;PRKACA;PRKAG1;PRKAG3;PRKAR1A;PRKAR1B;PRKCG;RASGRF2;RPS6KA1;RPS6KA2;RPS6KA6;SRC;TSPAN7;TUBA1A;TUBA1C;TUBA3D;TUBA8;TUBAL3;TUBB2A;TUBB2B;TUBB3;TUBB6;TUBB8
S:REACTOME_DOWNSTREAM_SIGNALING_EVENTS_OF_B_CELL_RECEPTOR_BCR	D:67	S:ADRM1;BCL10;BTRC;CALM1;CARD11;CHUK;CUL1;FBXW11;FKBP1A;HRAS;IKBKB;IKBKG;KRAS;MALT1;MAP3K7;NFATC1;NFATC2;NFATC3;NFKB1;NFKBIA;NFKBIB;NFKBIE;NRAS;PPIA;PPP3CA;PPP3CB;PPP3R1;PRKCB;PSMA1;PSMA2;PSMA3;PSMA4;PSMA5;PSMA6;PSMA7;PSMB1;PSMB2;PSMB3;PSMB4;PSMB5;PSMB6;PSMB7;PSMC1;PSMC2;PSMC3;PSMC4;PSMC5;PSMC6;PSMD1;PSMD11;PSMD12;PSMD13;PSMD14;PSMD2;PSMD3;PSMD6;PSMD7;PSMD8;RASGRP1;RASGRP3;REL;RELA;RPS27A;SKP1;UBA52;UBB;UBC	S:BCL10;BTRC;CALM1;CARD11;CUL1;FBXW11;IKBKB;KRAS;MALT1;MAP3K7;NFATC1;NFATC2;NFATC3;NFKB1;NFKBIA;PPP3CA;PPP3CB;PRKCB;PSMA1;PSMA3;PSMA4;PSMA5;PSMA6;PSMA7;PSMB1;PSMB2;PSMB3;PSMB4;PSMC5;PSMC6;PSMD1;PSMD11;PSMD12;PSMD14;PSMD2;PSMD3;PSMD6;PSMD7;RASGRP1;RASGRP3;REL;RELA;RPS27A;UBC
S:REACTOME_RNA_POLYMERASE_III_TRANSCRIPTION_INITIATION_FROM_TYPE_1_PROMOTER	D:28	S:BDP1;BRF1;CRCP;GTF3A;GTF3C1;GTF3C2;GTF3C3;GTF3C4;GTF3C5;GTF3C6;POLR1C;POLR1D;POLR2E;POLR2F;POLR2H;POLR2K;POLR2L;POLR3A;POLR3B;POLR3C;POLR3D;POLR3E;POLR3F;POLR3G;POLR3GL;POLR3H;POLR3K;TBP	S:BDP1;CRCP;GTF3A;GTF3C1;GTF3C2;GTF3C3;GTF3C4;GTF3C6;POLR1C;POLR2K;POLR2L;POLR3A;POLR3B;POLR3D;POLR3E;POLR3F;POLR3G;POLR3GL;POLR3H;POLR3K;TBP
S:REACTOME_DUAL_INCISION_IN_TC_NER	D:61	S:AQR;CCNH;CDK7;CUL4A;CUL4B;DDB1;ERCC1;ERCC2;ERCC3;ERCC4;ERCC5;ERCC6;ERCC8;GTF2H1;GTF2H3;GTF2H4;GTF2H5;ISY1;MNAT1;PCNA;POLD1;POLD2;POLD3;POLD4;POLE;POLE2;POLE3;POLE4;POLK;POLR2A;POLR2B;POLR2C;POLR2D;POLR2E;POLR2F;POLR2G;POLR2H;POLR2I;POLR2J;POLR2K;POLR2L;PPIE;PRPF19;RBX1;RFC1;RFC2;RFC3;RFC4;RFC5;RPA1;RPA2;RPA3;RPS27A;TCEA1;UBA52;UBB;UBC;USP7;XAB2;XPA;ZNF830	S:AQR;CCNH;CDK7;CUL4A;CUL4B;ERCC3;ERCC4;ERCC5;ERCC6;ERCC8;GTF2H1;GTF2H3;GTF2H4;GTF2H5;ISY1;MNAT1;PCNA;POLD1;POLD2;POLD3;POLE;POLE3;POLK;POLR2B;POLR2G;POLR2K;POLR2L;PPIE;PRPF19;RFC1;RFC3;RFC4;RFC5;RPA1;RPA2;RPA3;RPS27A;TCEA1;UBC;USP7;XPA;ZNF830
S:REACTOME_RECOGNITION_OF_DNA_DAMAGE_BY_PCNA_CONTAINING_REPLICATION_COMPLEX	D:30	S:CUL4A;CUL4B;DDB1;DTL;PCNA;POLD1;POLD2;POLD3;POLD4;POLE;POLE2;POLE3;POLE4;RAD18;RBX1;RFC1;RFC2;RFC3;RFC4;RFC5;RPA1;RPA2;RPA3;RPS27A;UBA52;UBB;UBC;UBE2B;USP1;WDR48	S:CUL4A;CUL4B;DTL;PCNA;POLD1;POLD2;POLD3;POLE;POLE3;RAD18;RFC1;RFC3;RFC4;RFC5;RPA1;RPA2;RPA3;RPS27A;UBC;USP1;WDR48
S:REACTOME_ADP_SIGNALLING_THROUGH_P2Y_PURINOCEPTOR_12	D:21	S:GNAI1;GNAI2;GNAI3;GNB1;GNB2;GNB3;GNB4;GNB5;GNG10;GNG11;GNG12;GNG13;GNG2;GNG3;GNG4;GNG5;GNG7;GNG8;GNGT1;GNGT2;P2RY12	S:GNAI2;GNB2;GNB4;GNG10;GNG11;GNG12;GNG13;GNG4;GNGT1;GNGT2;P2RY12
S:REACTOME_DISEASES_OF_IMMUNE_SYSTEM	D:32	S:BTK;CD14;CD36;CHUK;FGA;FGB;FGG;HMGB1;IKBKB;IKBKG;IRAK4;LY96;MYD88;NFKB1;NFKB2;NFKBIA;RELA;S100A1;S100A8;S100A9;TICAM1;TIRAP;TLR1;TLR10;TLR2;TLR3;TLR4;TLR5;TLR6;TLR7;TRAF3;UNC93B1	S:BTK;CD36;CHUK;FGA;FGB;FGG;IKBKG;IRAK4;LY96;MYD88;NFKB2;S100A8;S100A9;TIRAP;TLR10;TLR4;TLR5;TLR6;UNC93B1
S:REACTOME_SIGNALLING_TO_ERKS	D:34	S:BRAF;CRK;CRKL;FRS2;GRB2;HRAS;KIDINS220;KRAS;MAP2K1;MAP2K2;MAPK1;MAPK11;MAPK12;MAPK13;MAPK14;MAPK3;MAPKAPK2;MAPKAPK3;NGF;NRAS;NTRK1;RALA;RALB;RALGDS;RAP1A;RAPGEF1;RIT1;RIT2;SHC1;SHC2;SHC3;SOS1;SRC;YWHAB	S:CRK;CRKL;FRS2;HRAS;MAP2K2;MAPK11;MAPK12;MAPK13;MAPK14;MAPK3;MAPKAPK2;MAPKAPK3;NGF;NRAS;RALB;RALGDS;RAPGEF1;RIT1;RIT2;SHC3;SRC
S:REACTOME_MUCOPOLYSACCHARIDOSES	D:11	S:ARSB;GALNS;GLB1;GNS;GUSB;HGSNAT;HYAL1;IDS;IDUA;NAGLU;SGSH	S:GALNS;GLB1;GNS;HYAL1;IDUA;NAGLU;SGSH
S:REACTOME_ECM_PROTEOGLYCANS	D:76	S:ACAN;AGRN;APP;ASPN;BCAN;BGN;COL1A1;COL1A2;COL2A1;COL3A1;COL4A1;COL4A2;COL4A3;COL4A4;COL4A5;COL4A6;COL5A1;COL5A2;COL5A3;COL6A1;COL6A2;COL6A3;COL6A5;COL6A6;COL9A1;COL9A2;COL9A3;COMP;DAG1;DCN;DMP1;DSPP;FMOD;FN1;HAPLN1;HSPG2;IBSP;ITGA2;ITGA2B;ITGA7;ITGA8;ITGA9;ITGAV;ITGAX;ITGB1;ITGB3;ITGB5;ITGB6;LAMA1;LAMA2;LAMA3;LAMA4;LAMA5;LAMB1;LAMB2;LAMC1;LRP4;LUM;MATN1;MATN3;MATN4;MUSK;NCAM1;NCAN;PTPRS;SERPINE1;SPARC;TGFB1;TGFB2;TGFB3;TNC;TNN;TNR;TNXB;VCAN;VTN	S:AGRN;ASPN;COL1A1;COL2A1;COL3A1;COL4A1;COL4A2;COL4A5;COL4A6;COL6A1;COL6A2;COL6A3;COL6A5;COL6A6;COL9A1;COL9A2;DMP1;DSPP;FMOD;FN1;HAPLN1;ITGA2B;ITGA7;ITGAV;ITGAX;LAMA1;LAMA3;LAMA4;LAMA5;LAMB2;LRP4;LUM;MATN3;MATN4;MUSK;NCAM1;NCAN;TGFB1;TNC;TNR;TNXB;VCAN;VTN
S:REACTOME_PROCESSING_AND_ACTIVATION_OF_SUMO	D:10	S:RWDD3;SAE1;SENP1;SENP2;SENP5;SUMO1;SUMO2;SUMO3;UBA2;UBE2I	S:RWDD3;SAE1;SENP1;SENP2;SENP5;SUMO2;UBA2;UBE2I
S:REACTOME_PROSTACYCLIN_SIGNALLING_THROUGH_PROSTACYCLIN_RECEPTOR	D:19	S:GNAS;GNB1;GNB2;GNB3;GNB4;GNB5;GNG10;GNG11;GNG12;GNG13;GNG2;GNG3;GNG4;GNG5;GNG7;GNG8;GNGT1;GNGT2;PTGIR	S:GNB2;GNB4;GNG10;GNG11;GNG12;GNG13;GNG4;GNGT1;GNGT2;PTGIR
S:REACTOME_RESOLUTION_OF_D_LOOP_STRUCTURES_THROUGH_SYNTHESIS_DEPENDENT_STRAND_ANNEALING_SDSA	D:22	S:ATM;BARD1;BLM;BRCA1;BRCA2;BRIP1;DNA2;EXO1;KAT5;NBN;PALB2;RAD50;RAD51;RAD51AP1;RAD51C;RBBP8;RMI1;RTEL1;TOP3A;WRN;XRCC2;XRCC3	S:ATM;BARD1;BLM;BRCA1;BRCA2;BRIP1;DNA2;EXO1;KAT5;NBN;PALB2;RAD50;RAD51;RAD51AP1;RAD51C;RBBP8;RMI1;RTEL1;WRN
S:REACTOME_NUCLEAR_ENVELOPE_NE_REASSEMBLY	D:67	S:AHCTF1;ANKLE2;BANF1;CC2D1B;CCNB1;CCNB2;CDK1;CHMP2A;CHMP2B;CHMP4A;CHMP4B;CHMP4C;CHMP6;CHMP7;EMD;KPNB1;LBR;LEMD2;LEMD3;LMNA;LMNB1;NUP107;NUP133;NUP155;NUP160;NUP188;NUP205;NUP35;NUP37;NUP43;NUP54;NUP62;NUP85;NUP93;NUP98;POM121;PPP2CA;PPP2R1A;PPP2R2A;RAN;RANGAP1;RCC1;SEC13;SEH1L;SIRT2;SPAST;SUMO1;TMPO;TNPO1;TUBA1A;TUBA1B;TUBA1C;TUBA3C;TUBA3D;TUBA4A;TUBA8;TUBAL3;TUBB1;TUBB2A;TUBB2B;TUBB3;TUBB6;TUBB8;UBE2I;VPS4A;VRK1;VRK2	S:AHCTF1;ANKLE2;CC2D1B;CCNB1;CCNB2;CDK1;CHMP2A;CHMP2B;CHMP4A;KPNB1;LBR;LEMD3;LMNA;NUP107;NUP133;NUP155;NUP160;NUP188;NUP205;NUP35;NUP37;NUP43;NUP54;NUP62;NUP85;NUP93;NUP98;POM121;PPP2R2A;RAN;RANGAP1;SEC13;SEH1L;SPAST;TMPO;TNPO1;TUBA1B;TUBA3C;TUBA4A;TUBB1;UBE2I;VPS4A;VRK1;VRK2
S:REACTOME_TP53_REGULATES_TRANSCRIPTION_OF_CELL_CYCLE_GENES	D:44	S:ARID3A;AURKA;BAX;BTG2;CCNA1;CCNA2;CCNB1;CCNE1;CCNE2;CDC25C;CDK1;CDK2;CDKN1A;CDKN1B;CNOT1;CNOT10;CNOT2;CNOT3;CNOT4;CNOT6;CNOT6L;CNOT7;CNOT8;E2F1;E2F4;E2F7;E2F8;EP300;GADD45A;NPM1;PCBP4;PCNA;PLAGL1;PLK2;PLK3;PRMT1;RBL1;RBL2;SFN;TFDP1;TFDP2;TNKS1BP1;TP53;ZNF385A	S:AURKA;BTG2;CCNA1;CCNA2;CCNB1;CCNE1;CCNE2;CDC25C;CDK1;CDKN1B;CNOT1;CNOT10;CNOT2;CNOT4;CNOT6;CNOT6L;CNOT7;CNOT8;E2F1;E2F8;EP300;NPM1;PCBP4;PCNA;PLAGL1;PLK2;PRMT1;RBL1;RBL2;TFDP2;TP53
S:REACTOME_ASPARTATE_AND_ASPARAGINE_METABOLISM	D:10	S:ASNS;ASPA;ASPG;FOLH1;GOT1;GOT2;NAALAD2;NAT8L;SLC25A12;SLC25A13	S:ASNS;ASPG;FOLH1;GOT1;GOT2;NAT8L;SLC25A12;SLC25A13
S:REACTOME_GLOBAL_GENOME_NUCLEOTIDE_EXCISION_REPAIR_GG_NER	D:82	S:ACTB;ACTL6A;ACTR5;ACTR8;CCNH;CDK7;CETN2;CHD1L;COPS2;COPS3;COPS4;COPS5;COPS6;COPS7A;COPS7B;COPS8;CUL4A;CUL4B;DDB1;DDB2;ERCC1;ERCC2;ERCC3;ERCC4;ERCC5;GPS1;GTF2H1;GTF2H3;GTF2H4;GTF2H5;INO80;INO80B;INO80C;INO80D;INO80E;LIG1;LIG3;MCRS1;MNAT1;NFRKB;PARP1;PARP2;PCNA;PIAS1;PIAS3;POLD1;POLD2;POLD3;POLD4;POLE;POLE2;POLE3;POLE4;POLK;RAD23A;RAD23B;RBX1;RFC1;RFC2;RFC3;RFC4;RFC5;RNF111;RPA1;RPA2;RPA3;RPS27A;RUVBL1;SUMO1;SUMO2;SUMO3;TFPT;UBA52;UBB;UBC;UBE2I;UBE2N;UBE2V2;XPA;XPC;XRCC1;YY1	S:ACTB;ACTL6A;ACTR8;CCNH;CDK7;CETN2;COPS3;COPS4;COPS5;COPS6;COPS7B;COPS8;CUL4A;CUL4B;DDB2;ERCC3;ERCC4;ERCC5;GTF2H1;GTF2H3;GTF2H4;GTF2H5;INO80;INO80C;LIG1;LIG3;MNAT1;NFRKB;PARP1;PARP2;PCNA;PIAS1;PIAS3;POLD1;POLD2;POLD3;POLE;POLE3;POLK;RAD23B;RFC1;RFC3;RFC4;RFC5;RNF111;RPA1;RPA2;RPA3;RPS27A;RUVBL1;SUMO2;UBC;UBE2I;UBE2N;XPA;XPC;XRCC1;YY1
S:REACTOME_PROTEIN_UBIQUITINATION	D:61	S:BCL10;CDC34;CDC73;CTR9;DERL1;HLA-A;HLTF;LEO1;PAF1;PCNA;PEX10;PEX12;PEX13;PEX14;PEX2;PEX5;PRKDC;RAD18;RNF144A;RNF152;RNF181;RNF20;RNF40;RPS27A;RRAGA;RTF1;SHPRH;TMEM129;UBA1;UBA52;UBA6;UBB;UBC;UBE2A;UBE2B;UBE2C;UBE2D1;UBE2D2;UBE2D3;UBE2E1;UBE2E3;UBE2G1;UBE2G2;UBE2H;UBE2J2;UBE2K;UBE2L3;UBE2N;UBE2Q2;UBE2R2;UBE2S;UBE2T;UBE2V2;UBE2W;UBE2Z;UCHL3;USP5;USP7;USP9X;VCP;WAC	S:BCL10;CDC73;CTR9;DERL1;HLA-A;HLTF;LEO1;PAF1;PCNA;PEX12;PEX13;PEX14;PEX2;PEX5;PRKDC;RAD18;RNF144A;RNF181;RNF20;RPS27A;RRAGA;RTF1;SHPRH;UBA6;UBC;UBE2A;UBE2D2;UBE2D3;UBE2E1;UBE2E3;UBE2G1;UBE2K;UBE2N;UBE2Q2;UBE2T;UBE2W;UBE2Z;UCHL3;USP7;USP9X;VCP;WAC
S:REACTOME_PERK_REGULATES_GENE_EXPRESSION	D:31	S:ASNS;ATF3;ATF4;ATF6;CCL2;CEBPB;CEBPG;DCP2;DDIT3;DIS3;EIF2AK3;EIF2S1;EIF2S2;EIF2S3;EXOSC1;EXOSC2;EXOSC3;EXOSC4;EXOSC5;EXOSC6;EXOSC7;EXOSC8;EXOSC9;HERPUD1;HSPA5;IGFBP1;KHSRP;NFYA;NFYB;NFYC;PARN	S:ASNS;ATF3;ATF4;CCL2;CEBPG;DCP2;DIS3;EIF2AK3;EIF2S1;EIF2S2;EXOSC1;EXOSC2;EXOSC3;EXOSC4;EXOSC5;EXOSC7;EXOSC8;EXOSC9;HERPUD1;HSPA5;KHSRP;NFYA;NFYB;NFYC;PARN
S:REACTOME_FORMATION_OF_THE_URETERIC_BUD	D:21	S:BMP4;EYA1;FOXC1;FOXC2;GDNF;GFRA1;GREM1;HOXA11;HOXC11;HOXD11;ITGA8;ITGB1;NPNT;PAX2;RET;ROBO2;SALL1;SIX1;SIX2;SLIT2;WNT11	S:BMP4;FOXC1;FOXC2;GDNF;GFRA1;GREM1;HOXA11;HOXC11;HOXD11;PAX2;RET;ROBO2;SALL1;SIX1;SLIT2
S:REACTOME_PARASITE_INFECTION	D:58	S:ABI1;ABI2;ABL1;ACTB;ACTG1;ACTR2;ACTR3;ARPC1A;ARPC1B;ARPC2;ARPC3;ARPC4;ARPC5;BAIAP2;BTK;CD247;CD3G;CDC42;CRK;CYFIP1;CYFIP2;DOCK1;ELMO1;ELMO2;FCGR3A;FGR;FYN;GRB2;HCK;IGLV6-57;LYN;MAPK1;MAPK3;MYH2;MYH9;MYO10;MYO1C;MYO5A;MYO9B;NCK1;NCKAP1;NCKAP1L;NCKIPSD;PTK2;RAC1;SRC;SYK;VAV1;VAV2;VAV3;WAS;WASF1;WASF2;WASF3;WASL;WIPF1;WIPF2;YES1	S:ABI1;ABI2;ABL1;ACTB;ACTG1;ACTR2;ACTR3;ARPC1A;ARPC1B;ARPC2;ARPC3;ARPC5;CD247;CD3G;CDC42;CYFIP1;CYFIP2;ELMO1;ELMO2;FCGR3A;FYN;GRB2;IGLV6-57;LYN;MAPK1;MYH2;MYH9;MYO1C;MYO5A;MYO9B;NCK1;NCKAP1;PTK2;RAC1;SYK;VAV1;VAV2;VAV3;WASF2;WASF3;WIPF2;YES1
S:REACTOME_RHOBTB_GTPASE_CYCLE	D:35	S:ACTG1;ACTN1;CCT2;CCT6A;CCT7;CDC37;COPS2;COPS4;CPSF7;CUL3;DBN1;DDX39B;GPS1;HNRNPC;HSP90AA1;HSP90AB1;MSI2;MYO6;PDE5A;PHIP;RBBP6;RBMX;RHOBTB1;RHOBTB2;RNF20;ROCK1;ROCK2;SPEN;SRRM1;STK38;TMOD3;TRA2B;TWF1;TXNL1;VIM	S:ACTG1;CCT2;CCT6A;CCT7;COPS4;CUL3;HNRNPC;HSP90AA1;HSP90AB1;MYO6;PDE5A;PHIP;RBBP6;RBMX;RHOBTB1;RHOBTB2;RNF20;ROCK1;ROCK2;SPEN;SRRM1;STK38;TMOD3;TRA2B;TWF1;VIM
S:REACTOME_GABA_B_RECEPTOR_ACTIVATION	D:42	S:ADCY1;ADCY2;ADCY3;ADCY4;ADCY5;ADCY6;ADCY7;ADCY8;ADCY9;GABBR1;GABBR2;GNAI1;GNAI2;GNAI3;GNAL;GNB1;GNB2;GNB3;GNB4;GNB5;GNG10;GNG11;GNG12;GNG13;GNG2;GNG3;GNG4;GNG5;GNG7;GNG8;GNGT1;GNGT2;KCNJ10;KCNJ12;KCNJ15;KCNJ16;KCNJ2;KCNJ3;KCNJ4;KCNJ5;KCNJ6;KCNJ9	S:ADCY2;ADCY6;ADCY8;GABBR1;GABBR2;GNAI2;GNB2;GNB4;GNG10;GNG11;GNG12;GNG13;GNG4;GNGT1;GNGT2;KCNJ12;KCNJ2;KCNJ3;KCNJ5;KCNJ6;KCNJ9
S:REACTOME_TYPE_I_HEMIDESMOSOME_ASSEMBLY	D:11	S:CD151;COL17A1;DST;ITGA6;ITGB4;KRT14;KRT5;LAMA3;LAMB3;LAMC2;PLEC	S:CD151;COL17A1;ITGB4;KRT14;LAMA3;LAMC2;PLEC
S:REACTOME_INDUCTION_OF_CELL_CELL_FUSION	D:13	S:ACE2;ANO1;ANO10;ANO2;ANO3;ANO4;ANO5;ANO6;ANO7;ANO8;ANO9;FURIN;TMPRSS2	S:ANO1;ANO10;ANO3;ANO4;ANO7;ANO8;ANO9;FURIN;TMPRSS2
S:REACTOME_ATF6_ATF6_ALPHA_ACTIVATES_CHAPERONE_GENES	D:10	S:ATF4;ATF6;CALR;DDIT3;HSP90B1;HSPA5;NFYA;NFYB;NFYC;XBP1	S:ATF4;CALR;HSP90B1;HSPA5;NFYA;NFYB;NFYC;XBP1
S:REACTOME_CD209_DC_SIGN_SIGNALING	D:21	S:CD209;CREBBP;EP300;FYN;HRAS;ICAM2;ICAM3;KRAS;LYN;NFKB1;NRAS;PAK1;PAK2;PAK3;PRKACA;PRKACB;PRKACG;RAF1;RELA;RELB;RPS6KA5	S:CD209;CREBBP;EP300;FYN;ICAM2;ICAM3;KRAS;LYN;NFKB1;PAK1;PAK2;PAK3;PRKACB;PRKACG;RELA;RELB;RPS6KA5
S:REACTOME_MASTL_FACILITATES_MITOTIC_PROGRESSION	D:10	S:ARPP19;CCNB1;CDK1;ENSA;MASTL;PPP2CA;PPP2CB;PPP2R1A;PPP2R1B;PPP2R2D	S:ARPP19;CCNB1;CDK1;ENSA;MASTL;PPP2CB;PPP2R1B;PPP2R2D
S:REACTOME_ADVANCED_GLYCOSYLATION_ENDPRODUCT_RECEPTOR_SIGNALING	D:13	S:AGER;APP;CAPZA1;CAPZA2;DDOST;HMGB1;LGALS3;MAPK1;MAPK3;PRKCSH;S100A12;S100B;SAA1	S:AGER;CAPZA1;CAPZA2;LGALS3;MAPK3;PRKCSH;S100A12;S100B;SAA1
S:REACTOME_HIGHLY_CALCIUM_PERMEABLE_POSTSYNAPTIC_NICOTINIC_ACETYLCHOLINE_RECEPTORS	D:11	S:CHRNA1;CHRNA2;CHRNA3;CHRNA4;CHRNA5;CHRNA6;CHRNA7;CHRNA9;CHRNB2;CHRNB3;CHRNB4	S:CHRNA1;CHRNA2;CHRNA3;CHRNA4;CHRNA7;CHRNA9;CHRNB2
S:REACTOME_RNA_POLYMERASE_III_TRANSCRIPTION	D:41	S:BDP1;BRF1;BRF2;CRCP;GTF3A;GTF3C1;GTF3C2;GTF3C3;GTF3C4;GTF3C5;GTF3C6;NFIA;NFIB;NFIC;NFIX;POLR1C;POLR1D;POLR2E;POLR2F;POLR2H;POLR2K;POLR2L;POLR3A;POLR3B;POLR3C;POLR3D;POLR3E;POLR3F;POLR3G;POLR3GL;POLR3H;POLR3K;POU2F1;SNAPC1;SNAPC2;SNAPC3;SNAPC4;SNAPC5;SSB;TBP;ZNF143	S:BDP1;CRCP;GTF3A;GTF3C1;GTF3C2;GTF3C3;GTF3C4;GTF3C6;NFIC;POLR1C;POLR2K;POLR2L;POLR3A;POLR3B;POLR3D;POLR3E;POLR3F;POLR3G;POLR3GL;POLR3H;POLR3K;POU2F1;SNAPC1;SNAPC2;SNAPC3;SNAPC4;SNAPC5;SSB;TBP;ZNF143
S:REACTOME_RESPIRATORY_SYNCYTIAL_VIRUS_RSV_GENOME_REPLICATION_TRANSCRIPTION_AND_TRANSLATION	D:17	S:CSNK2A1;CSNK2A2;CSNK2B;FURIN;HSP90AA1;HSP90AB1;HSPA8;KPNB1;PPP1CA;PPP1CB;PPP1CC;SEC11A;SEC11C;SPCS1;SPCS2;SPCS3;XPO1	S:CSNK2A1;CSNK2B;HSP90AA1;HSP90AB1;HSPA8;KPNB1;PPP1CA;PPP1CC;SEC11A;SEC11C;SPCS1;SPCS2;SPCS3;XPO1
S:REACTOME_COLLAGEN_DEGRADATION	D:61	S:ADAM10;ADAM17;ADAM9;COL10A1;COL11A1;COL11A2;COL12A1;COL13A1;COL14A1;COL15A1;COL16A1;COL17A1;COL18A1;COL19A1;COL1A1;COL1A2;COL23A1;COL25A1;COL2A1;COL3A1;COL4A1;COL4A2;COL4A3;COL4A4;COL4A5;COL4A6;COL5A1;COL5A2;COL5A3;COL6A1;COL6A2;COL6A3;COL6A5;COL6A6;COL7A1;COL8A1;COL8A2;COL9A1;COL9A2;COL9A3;CTSB;CTSD;CTSK;ELANE;FURIN;MMP1;MMP10;MMP11;MMP12;MMP13;MMP14;MMP15;MMP19;MMP2;MMP20;MMP3;MMP7;MMP8;MMP9;PRSS2;TMPRSS6	S:COL11A1;COL14A1;COL17A1;COL18A1;COL1A1;COL23A1;COL25A1;COL2A1;COL3A1;COL4A1;COL4A2;COL4A5;COL4A6;COL6A1;COL6A2;COL6A3;COL6A5;COL6A6;COL8A1;COL9A1;COL9A2;CTSB;CTSD;ELANE;FURIN;MMP1;MMP10;MMP12;MMP14;MMP19;MMP20;MMP7;MMP8
S:REACTOME_FORMATION_OF_INCISION_COMPLEX_IN_GG_NER	D:41	S:CCNH;CDK7;CETN2;CHD1L;CUL4A;CUL4B;DDB1;DDB2;ERCC1;ERCC2;ERCC3;ERCC4;ERCC5;GTF2H1;GTF2H3;GTF2H4;GTF2H5;MNAT1;PARP1;PARP2;PIAS1;PIAS3;RAD23A;RAD23B;RBX1;RNF111;RPA1;RPA2;RPA3;RPS27A;SUMO1;SUMO2;SUMO3;UBA52;UBB;UBC;UBE2I;UBE2N;UBE2V2;XPA;XPC	S:CCNH;CDK7;CETN2;CUL4A;CUL4B;DDB2;ERCC3;ERCC4;ERCC5;GTF2H1;GTF2H3;GTF2H4;GTF2H5;MNAT1;PARP1;PARP2;PIAS1;PIAS3;RAD23B;RNF111;RPA1;RPA2;RPA3;RPS27A;SUMO2;UBC;UBE2I;UBE2N;XPA;XPC
S:REACTOME_REGULATION_OF_HOMOTYPIC_CELL_CELL_ADHESION	D:147	S:ACTA1;ACTA2;ACTB;ACTC1;ACTG1;ACTG2;ADAM19;ADAM33;ADRM1;AMOT;ANGPTL4;ANK3;ARHGAP32;ARID1A;BANP;BHLHE22;CANX;CBLL1;CDH1;CDH11;CDH19;CDH24;CDH8;CSNK2A1;CSNK2A2;CSNK2B;CTBP1;CTBP2;CTNNA1;CTNNB1;CTNND1;CTSB;CTSS;DAD1;DDOST;DNM2;DNTTIP1;EED;EPS15;EZH2;FOXA2;FOXF1;FOXJ2;FOXP2;FOXQ1;FURIN;FYN;GANAB;HDAC1;HDAC2;HEYL;HOXC8;ILF3;JUP;KDM1A;KLF4;KLF9;MAPK1;MAPK3;MDM2;MOGS;MOV10;MPHOSPH8;MTBP;MYC;MYCN;OST4;OSTC;PCSK6;PCSK7;PIP5K1C;POMT1;POMT2;PRDM8;PRKCSH;PSMA1;PSMA2;PSMA3;PSMA4;PSMA5;PSMA6;PSMA7;PSMB1;PSMB2;PSMB3;PSMB4;PSMB5;PSMB6;PSMB7;PSMC1;PSMC2;PSMC3;PSMC4;PSMC5;PSMC6;PSMD1;PSMD11;PSMD12;PSMD13;PSMD14;PSMD2;PSMD3;PSMD6;PSMD7;PSMD8;RB1;RBBP4;RBBP7;RPN1;RPN2;RPS27A;SEC11A;SEC11C;SIRT1;SMARCA4;SNAI1;SNAI2;SOX10;SP1;SPCS1;SPCS2;SPCS3;SRC;STRAP;STT3A;SUZ12;TCF12;TCF3;TFAP2A;TGIF2;TLE1;TNRC6A;TNRC6B;TNRC6C;TWIST1;TWIST2;UBA52;UBB;UBC;VCL;WT1;ZBTB33;ZC3H12A;ZEB1;ZEB2;ZMYM2;ZNF217	S:ACTA1;ACTB;ACTG1;ACTG2;ADAM19;AMOT;ANGPTL4;ANK3;ARHGAP32;ARID1A;BANP;CANX;CBLL1;CDH1;CDH24;CSNK2A1;CSNK2B;CTBP2;DAD1;DDOST;EED;EPS15;EZH2;FOXJ2;FYN;GANAB;HDAC1;HDAC2;HEYL;ILF3;KLF9;MAPK1;MDM2;MOV10;MPHOSPH8;MTBP;MYC;MYCN;OSTC;PCSK7;POMT1;POMT2;PRDM8;PSMA1;PSMA3;PSMA4;PSMA5;PSMA6;PSMA7;PSMB1;PSMB2;PSMB3;PSMB4;PSMC5;PSMC6;PSMD1;PSMD11;PSMD12;PSMD14;PSMD2;PSMD3;PSMD6;PSMD7;RB1;RBBP4;RBBP7;RPN1;RPN2;RPS27A;SEC11A;SEC11C;SIRT1;SMARCA4;SNAI1;SOX10;SPCS1;SPCS2;SPCS3;STRAP;STT3A;SUZ12;TCF12;TCF3;TFAP2A;TGIF2;TLE1;TNRC6A;TNRC6B;TNRC6C;TWIST2;UBC;VCL;WT1;ZBTB33;ZEB1;ZMYM2;ZNF217
S:REACTOME_NONHOMOLOGOUS_END_JOINING_NHEJ	D:30	S:ATM;BABAM1;BARD1;BRCA1;BRCC3;DCLRE1C;HERC2;KAT5;LIG4;MDC1;NBN;NHEJ1;PAXIP1;PIAS4;POLL;POLM;PRKDC;RAD50;RIF1;RNF168;RNF8;TDP1;TDP2;TP53BP1;UBE2N;UBE2V2;UIMC1;XRCC4;XRCC5;XRCC6	S:ATM;BARD1;BRCA1;BRCC3;DCLRE1C;HERC2;KAT5;LIG4;MDC1;NBN;NHEJ1;PAXIP1;PRKDC;RAD50;RIF1;RNF168;RNF8;TDP1;TDP2;TP53BP1;UBE2N;UIMC1;XRCC4;XRCC6
S:REACTOME_CO_INHIBITION_BY_CTLA4	D:21	S:AKT1;AKT2;AKT3;CD80;CD86;CTLA4;FYN;LCK;LYN;PPP2CA;PPP2CB;PPP2R1A;PPP2R1B;PPP2R5A;PPP2R5B;PPP2R5C;PPP2R5D;PPP2R5E;PTPN11;SRC;YES1	S:AKT2;AKT3;CD80;CTLA4;FYN;LCK;LYN;PPP2CB;PPP2R1B;PPP2R5A;PPP2R5C;PPP2R5D;PPP2R5E;PTPN11;YES1
S:REACTOME_TICAM1_TRAF6_DEPENDENT_INDUCTION_OF_TAK1_COMPLEX	D:11	S:MAP3K7;RPS27A;TAB1;TAB2;TAB3;TICAM1;TLR3;TRAF6;UBA52;UBB;UBC	S:MAP3K7;RPS27A;TAB2;TAB3;TICAM1;TLR3;TRAF6;UBC
S:REACTOME_ACTIVATION_OF_APC_C_AND_APC_C_CDC20_MEDIATED_DEGRADATION_OF_MITOTIC_PROTEINS	D:62	S:ADRM1;ANAPC1;ANAPC10;ANAPC11;ANAPC16;ANAPC2;ANAPC4;ANAPC5;ANAPC7;BUB1B;BUB3;CCNA1;CCNA2;CCNB1;CDC16;CDC20;CDC23;CDC26;CDC27;CDK1;MAD2L1;NEK2;PLK1;PSMA1;PSMA2;PSMA3;PSMA4;PSMA5;PSMA6;PSMA7;PSMB1;PSMB2;PSMB3;PSMB4;PSMB5;PSMB6;PSMB7;PSMC1;PSMC2;PSMC3;PSMC4;PSMC5;PSMC6;PSMD1;PSMD11;PSMD12;PSMD13;PSMD14;PSMD2;PSMD3;PSMD6;PSMD7;PSMD8;PTTG1;RPS27A;UBA52;UBB;UBC;UBE2C;UBE2D1;UBE2E1;UBE2S	S:ANAPC1;ANAPC10;ANAPC11;ANAPC16;ANAPC4;ANAPC5;ANAPC7;BUB1B;BUB3;CCNA1;CCNA2;CCNB1;CDC23;CDC26;CDC27;CDK1;MAD2L1;PLK1;PSMA1;PSMA3;PSMA4;PSMA5;PSMA6;PSMA7;PSMB1;PSMB2;PSMB3;PSMB4;PSMC5;PSMC6;PSMD1;PSMD11;PSMD12;PSMD14;PSMD2;PSMD3;PSMD6;PSMD7;PTTG1;RPS27A;UBC;UBE2E1
S:REACTOME_NONSENSE_MEDIATED_DECAY_NMD	D:114	S:CASC3;DCP1A;EIF4A3;EIF4G1;ETF1;FAU;GSPT1;GSPT2;MAGOH;MAGOHB;NCBP1;NCBP2;PABPC1;PNRC2;PPP2CA;PPP2R1A;PPP2R2A;RBM8A;RNPS1;RPL10;RPL10A;RPL10L;RPL11;RPL12;RPL13;RPL13A;RPL14;RPL15;RPL17;RPL18;RPL18A;RPL19;RPL21;RPL22;RPL22L1;RPL23;RPL23A;RPL24;RPL26;RPL26L1;RPL27;RPL27A;RPL28;RPL29;RPL3;RPL30;RPL31;RPL32;RPL34;RPL35;RPL35A;RPL36;RPL36A;RPL36AL;RPL37;RPL37A;RPL38;RPL39;RPL39L;RPL3L;RPL4;RPL41;RPL5;RPL6;RPL7;RPL7A;RPL8;RPL9;RPLP0;RPLP1;RPLP2;RPS10;RPS11;RPS12;RPS13;RPS14;RPS15;RPS15A;RPS16;RPS17;RPS18;RPS19;RPS2;RPS20;RPS21;RPS23;RPS24;RPS25;RPS26;RPS27;RPS27A;RPS27L;RPS28;RPS29;RPS3;RPS3A;RPS4X;RPS4Y1;RPS4Y2;RPS5;RPS6;RPS7;RPS8;RPS9;RPSA;SMG1;SMG5;SMG6;SMG7;UBA52;UPF1;UPF2;UPF3A;UPF3B	S:CASC3;DCP1A;EIF4A3;ETF1;GSPT2;MAGOH;MAGOHB;NCBP1;NCBP2;PABPC1;PNRC2;PPP2R2A;RBM8A;RNPS1;RPL10;RPL10A;RPL10L;RPL12;RPL13;RPL13A;RPL14;RPL15;RPL18;RPL18A;RPL19;RPL22;RPL23A;RPL26;RPL27;RPL27A;RPL28;RPL29;RPL3;RPL30;RPL32;RPL35;RPL35A;RPL36;RPL36A;RPL36AL;RPL37;RPL37A;RPL38;RPL39L;RPL4;RPL5;RPL6;RPL7A;RPL8;RPLP0;RPLP1;RPLP2;RPS11;RPS13;RPS15;RPS16;RPS18;RPS19;RPS20;RPS21;RPS23;RPS25;RPS26;RPS27A;RPS27L;RPS28;RPS4X;RPS4Y1;RPS4Y2;RPS6;RPS8;SMG1;SMG6;UPF1;UPF3A;UPF3B
S:REACTOME_REGULATION_OF_COMMISSURAL_AXON_PATHFINDING_BY_SLIT_AND_ROBO	D:10	S:DCC;NELL2;NTN1;ROBO1;ROBO2;ROBO3;SLIT1;SLIT2;SLIT3;SRC	S:DCC;ROBO1;ROBO2;ROBO3;SLIT1;SLIT2;SLIT3;SRC
S:REACTOME_RHOV_GTPASE_CYCLE	D:37	S:ARHGAP12;ARHGEF7;CCP110;CDC42;CEP97;CLTC;DEPDC1B;DLG5;DST;EPHA2;GIT1;GIT2;IQGAP1;MAP3K11;MYO9A;NCK1;NCK2;PAK1;PAK2;PAK4;PAK6;PARD6A;PARD6B;PEAK1;PIK3R1;RHOV;SH3RF1;SPTAN1;SPTBN1;TPM3;TPM4;TXNL1;USP9X;VANGL1;WASL;WDR6;ZNF512B	S:ARHGAP12;ARHGEF7;CCP110;CDC42;CEP97;CLTC;DEPDC1B;DLG5;DST;GIT2;IQGAP1;MYO9A;NCK1;PAK1;PAK2;PAK6;PARD6B;PIK3R1;SPTBN1;TPM3;TPM4;USP9X;VANGL1;WDR6;ZNF512B
S:REACTOME_TRANSCRIPTION_COUPLED_NUCLEOTIDE_EXCISION_REPAIR_TC_NER	D:74	S:AQR;CCNH;CDK7;COPS2;COPS3;COPS4;COPS5;COPS6;COPS7A;COPS7B;COPS8;CUL4A;CUL4B;DDB1;ELL;ERCC1;ERCC2;ERCC3;ERCC4;ERCC5;ERCC6;ERCC8;GPS1;GTF2H1;GTF2H3;GTF2H4;GTF2H5;ISY1;LIG1;LIG3;MNAT1;PCNA;POLD1;POLD2;POLD3;POLD4;POLE;POLE2;POLE3;POLE4;POLK;POLR2A;POLR2B;POLR2C;POLR2D;POLR2E;POLR2F;POLR2G;POLR2H;POLR2I;POLR2J;POLR2K;POLR2L;PPIE;PRPF19;RBX1;RFC1;RFC2;RFC3;RFC4;RFC5;RPA1;RPA2;RPA3;RPS27A;TCEA1;UBA52;UBB;UBC;USP7;XAB2;XPA;XRCC1;ZNF830	S:AQR;CCNH;CDK7;COPS3;COPS4;COPS5;COPS6;COPS7B;COPS8;CUL4A;CUL4B;ERCC3;ERCC4;ERCC5;ERCC6;ERCC8;GTF2H1;GTF2H3;GTF2H4;GTF2H5;ISY1;LIG1;LIG3;MNAT1;PCNA;POLD1;POLD2;POLD3;POLE;POLE3;POLK;POLR2B;POLR2G;POLR2K;POLR2L;PPIE;PRPF19;RFC1;RFC3;RFC4;RFC5;RPA1;RPA2;RPA3;RPS27A;TCEA1;UBC;USP7;XPA;XRCC1;ZNF830
S:REACTOME_CIRCADIAN_CLOCK	D:103	S:ADRM1;ATF2;AVP;BHLHE40;BHLHE41;BTRC;CDK5;CHD9;CLOCK;CPT1A;CREB1;CREBBP;CREM;CRTC1;CRTC2;CRTC3;CRY1;CRY2;CSNK1D;CSNK1E;CSNK2A1;CSNK2A2;CSNK2B;CUL1;DBP;ELOVL3;EP300;F7;FBXL3;FBXW11;HDAC3;KLF15;MED1;MEF2C;MEF2D;NAMPT;NCOA1;NCOA2;NCOA6;NCOR1;NPAS2;NR1D1;NRIP1;PER1;PER2;PER3;PPARA;PPARGC1A;PPP1CA;PPP1CB;PPP1CC;PSMA1;PSMA2;PSMA3;PSMA4;PSMA5;PSMA6;PSMA7;PSMB1;PSMB2;PSMB3;PSMB4;PSMB5;PSMB6;PSMB7;PSMC1;PSMC2;PSMC3;PSMC4;PSMC5;PSMC6;PSMD1;PSMD11;PSMD12;PSMD13;PSMD14;PSMD2;PSMD3;PSMD6;PSMD7;PSMD8;RAI1;RBM4;RBX1;RORA;RORB;RORC;RPS27A;RXRA;SERPINE1;SIK1;SIRT1;SKP1;SMARCD3;SREBF1;TBL1X;TBL1XR1;TFEB;TGS1;UBA52;UBB;UBC;UBE2D1	S:ATF2;BHLHE40;BHLHE41;BTRC;CHD9;CLOCK;CPT1A;CREB1;CREBBP;CREM;CRTC1;CRTC3;CRY1;CRY2;CSNK1E;CSNK2A1;CSNK2B;CUL1;ELOVL3;EP300;FBXL3;FBXW11;HDAC3;KLF15;MED1;MEF2C;NCOA1;NCOA2;NCOA6;NCOR1;NR1D1;NRIP1;PER2;PER3;PPARA;PPARGC1A;PPP1CA;PPP1CC;PSMA1;PSMA3;PSMA4;PSMA5;PSMA6;PSMA7;PSMB1;PSMB2;PSMB3;PSMB4;PSMC5;PSMC6;PSMD1;PSMD11;PSMD12;PSMD14;PSMD2;PSMD3;PSMD6;PSMD7;RBM4;RORA;RORC;RPS27A;SERPINE1;SIRT1;SREBF1;TBL1XR1;TGS1;UBC
S:REACTOME_DOWNREGULATION_OF_SMAD2_3_SMAD4_TRANSCRIPTIONAL_ACTIVITY	D:31	S:ATP1B4;HDAC1;MAPK1;MAPK3;NCOR1;NCOR2;NEDD4L;PARP1;PPM1A;RNF111;RPS27A;SERPINE1;SKI;SKIL;SMAD2;SMAD3;SMAD4;SMAD7;SMURF2;SNW1;STAT1;TGIF1;TGIF2;TRIM33;UBA52;UBB;UBC;UBE2D1;UBE2D3;USP9X;WWTR1	S:HDAC1;MAPK1;NCOR1;NCOR2;PARP1;PPM1A;RNF111;RPS27A;SERPINE1;SKI;SMAD2;SMAD3;SMAD4;SMURF2;SNW1;STAT1;TGIF1;TGIF2;TRIM33;UBC;UBE2D3;USP9X
S:REACTOME_SCAVENGING_BY_CLASS_B_RECEPTORS	D:10	S:APOA1;APOB;CD36;CD5L;HMGB1;PRDX1;S100A9;SAA1;SCARB1;SSC5D	S:APOA1;CD36;CD5L;S100A9;SAA1;SCARB1;SSC5D
S:REACTOME_BIOTIN_TRANSPORT_AND_METABOLISM	D:11	S:ACACA;ACACB;BTD;HLCS;MCCC1;MCCC2;PC;PCCA;PCCB;PDZD11;SLC5A6	S:ACACA;ACACB;BTD;HLCS;MCCC1;MCCC2;PC;PCCA;SLC5A6
S:REACTOME_G1_S_SPECIFIC_TRANSCRIPTION	D:29	S:CCNA1;CCNE1;CDC25A;CDC45;CDC6;CDK1;CDT1;DHFR;E2F1;E2F4;E2F5;E2F6;FBXO5;HDAC1;LIN37;LIN52;LIN54;LIN9;ORC1;PCNA;POLA1;RBBP4;RBL1;RBL2;RRM2;TFDP1;TFDP2;TK1;TYMS	S:CCNA1;CCNE1;CDC45;CDC6;CDK1;DHFR;E2F1;E2F5;E2F6;FBXO5;HDAC1;LIN37;LIN52;ORC1;PCNA;POLA1;RBBP4;RBL1;RBL2;RRM2;TFDP2;TK1;TYMS
S:REACTOME_SARS_COV_2_ACTIVATES_MODULATES_INNATE_AND_ADAPTIVE_IMMUNE_RESPONSES	D:113	S:AAAS;ATG14;B2M;BECN1;CHUK;CNBP;CREBBP;G3BP1;G3BP2;HLA-A;HLA-B;HLA-C;HLA-E;HLA-F;HLA-G;HSP90AA1;HSP90AB1;IFIH1;IFNA10;IFNA16;IFNA2;IFNA21;IFNA4;IFNA5;IFNA6;IFNA8;IFNAR1;IFNAR2;IFNB1;IKBKB;IKBKE;IKBKG;IL17A;IL17F;IL17RA;IL17RC;IRAK1;IRAK2;IRF3;IRF7;ISG15;JAK1;KPNA2;LARP1;MAP3K7;MASP1;MASP2;MAVS;MBL2;NLRP12;NLRP3;NOD1;NOD2;NUP107;NUP133;NUP153;NUP155;NUP160;NUP188;NUP205;NUP210;NUP214;NUP35;NUP37;NUP43;NUP50;NUP54;NUP62;NUP85;NUP88;NUP93;NUP98;PIK3C3;PIK3R4;POM121;PTPN11;PTPN6;RAE1;RANBP2;RIPK2;RNF135;RPS27A;SAR1B;SEC13;SEC23A;SEC24A;SEC24B;SEC24C;SEC24D;SEH1L;SFTPD;SIKE1;STAT1;STAT2;TAB1;TAB2;TAB3;TBK1;TLR1;TLR2;TLR7;TLR8;TPR;TRAF3;TRAF6;TRIM25;TRIM4;TYK2;UBA52;UBB;UBC;UBE2N;UBE2V1	S:ATG14;B2M;CNBP;CREBBP;G3BP1;G3BP2;HLA-A;HLA-B;HLA-C;HLA-E;HLA-G;HSP90AA1;HSP90AB1;IFIH1;IFNA21;IFNA5;IFNAR2;IFNB1;IKBKB;IL17A;JAK1;KPNA2;LARP1;MAP3K7;MBL2;NOD1;NOD2;NUP107;NUP133;NUP153;NUP155;NUP160;NUP188;NUP205;NUP210;NUP35;NUP37;NUP43;NUP50;NUP54;NUP62;NUP85;NUP88;NUP93;NUP98;PIK3C3;PIK3R4;POM121;PTPN11;RAE1;RANBP2;RPS27A;SAR1B;SEC13;SEC23A;SEC24A;SEC24B;SEC24C;SEC24D;SEH1L;SIKE1;STAT1;TAB2;TAB3;TBK1;TLR1;TLR2;TLR7;TPR;TRAF3;TRAF6;TRIM4;UBC;UBE2N
S:REACTOME_NUCLEOTIDE_EXCISION_REPAIR	D:105	S:ACTB;ACTL6A;ACTR5;ACTR8;AQR;CCNH;CDK7;CETN2;CHD1L;COPS2;COPS3;COPS4;COPS5;COPS6;COPS7A;COPS7B;COPS8;CUL4A;CUL4B;DDB1;DDB2;ELL;ERCC1;ERCC2;ERCC3;ERCC4;ERCC5;ERCC6;ERCC8;GPS1;GTF2H1;GTF2H3;GTF2H4;GTF2H5;INO80;INO80B;INO80C;INO80D;INO80E;ISY1;LIG1;LIG3;MCRS1;MNAT1;NFRKB;PARP1;PARP2;PCNA;PIAS1;PIAS3;POLD1;POLD2;POLD3;POLD4;POLE;POLE2;POLE3;POLE4;POLK;POLR2A;POLR2B;POLR2C;POLR2D;POLR2E;POLR2F;POLR2G;POLR2H;POLR2I;POLR2J;POLR2K;POLR2L;PPIE;PRPF19;RAD23A;RAD23B;RBX1;RFC1;RFC2;RFC3;RFC4;RFC5;RNF111;RPA1;RPA2;RPA3;RPS27A;RUVBL1;SUMO1;SUMO2;SUMO3;TCEA1;TFPT;UBA52;UBB;UBC;UBE2I;UBE2N;UBE2V2;USP7;XAB2;XPA;XPC;XRCC1;YY1;ZNF830	S:ACTB;ACTL6A;ACTR8;AQR;CCNH;CDK7;CETN2;COPS3;COPS4;COPS5;COPS6;COPS7B;COPS8;CUL4A;CUL4B;DDB2;ERCC3;ERCC4;ERCC5;ERCC6;ERCC8;GTF2H1;GTF2H3;GTF2H4;GTF2H5;INO80;INO80C;ISY1;LIG1;LIG3;MNAT1;NFRKB;PARP1;PARP2;PCNA;PIAS1;PIAS3;POLD1;POLD2;POLD3;POLE;POLE3;POLK;POLR2B;POLR2G;POLR2K;POLR2L;PPIE;PRPF19;RAD23B;RFC1;RFC3;RFC4;RFC5;RNF111;RPA1;RPA2;RPA3;RPS27A;RUVBL1;SUMO2;TCEA1;UBC;UBE2I;UBE2N;USP7;XPA;XPC;XRCC1;YY1;ZNF830
S:REACTOME_PECAM1_INTERACTIONS	D:12	S:FYN;INPP5D;ITGAV;ITGB3;LCK;LYN;PECAM1;PLCG1;PTPN11;PTPN6;SRC;YES1	S:FYN;INPP5D;ITGB3;LCK;LYN;PECAM1;PLCG1;PTPN11;YES1
S:REACTOME_RIBOSOME_QUALITY_CONTROL_RQC_COMPLEX_EXTRACTS_AND_DEGRADES_NASCENT_PEPTIDE	D:99	S:ADRM1;ANKZF1;CUL2;KLHDC10;LTN1;NEMF;NPLOC4;PSMA1;PSMA2;PSMA3;PSMA4;PSMA5;PSMA6;PSMA7;PSMB1;PSMB2;PSMB3;PSMB4;PSMB5;PSMB6;PSMB7;PSMC1;PSMC2;PSMC3;PSMC4;PSMC5;PSMC6;PSMD1;PSMD11;PSMD12;PSMD13;PSMD14;PSMD2;PSMD3;PSMD6;PSMD7;PSMD8;RBX1;RCHY1;RPL10;RPL10A;RPL10L;RPL11;RPL12;RPL13;RPL13A;RPL14;RPL15;RPL17;RPL18;RPL18A;RPL19;RPL21;RPL22;RPL22L1;RPL23;RPL23A;RPL24;RPL26;RPL26L1;RPL27;RPL27A;RPL28;RPL29;RPL3;RPL30;RPL31;RPL32;RPL34;RPL35;RPL35A;RPL36;RPL36A;RPL36AL;RPL37;RPL37A;RPL38;RPL39;RPL39L;RPL3L;RPL4;RPL41;RPL5;RPL6;RPL7;RPL7A;RPL8;RPL9;RPLP0;RPLP1;RPLP2;RPS27A;TCF25;UBA52;UBB;UBC;UBE2D1;UBE2D2;VCP	S:CUL2;LTN1;NEMF;PSMA1;PSMA3;PSMA4;PSMA5;PSMA6;PSMA7;PSMB1;PSMB2;PSMB3;PSMB4;PSMC5;PSMC6;PSMD1;PSMD11;PSMD12;PSMD14;PSMD2;PSMD3;PSMD6;PSMD7;RCHY1;RPL10;RPL10A;RPL10L;RPL12;RPL13;RPL13A;RPL14;RPL15;RPL18;RPL18A;RPL19;RPL22;RPL23A;RPL26;RPL27;RPL27A;RPL28;RPL29;RPL3;RPL30;RPL32;RPL35;RPL35A;RPL36;RPL36A;RPL36AL;RPL37;RPL37A;RPL38;RPL39L;RPL4;RPL5;RPL6;RPL7A;RPL8;RPLP0;RPLP1;RPLP2;RPS27A;TCF25;UBC;UBE2D2;VCP
S:REACTOME_RNA_POLYMERASE_II_TRANSCRIBES_SNRNA_GENES	D:68	S:CCNK;CCNT1;CCNT2;CDK7;CDK9;ELL;ELL2;ELL3;GTF2A1;GTF2A2;GTF2B;GTF2E1;GTF2E2;GTF2F1;GTF2F2;INTS1;INTS10;INTS12;INTS2;INTS3;INTS4;INTS5;INTS6;INTS7;INTS8;INTS9;NCBP1;NCBP2;PCF11;PHAX;POLR2A;POLR2B;POLR2C;POLR2D;POLR2E;POLR2F;POLR2G;POLR2H;POLR2I;POLR2J;POLR2K;POLR2L;POU2F1;POU2F2;RNU12;RPAP2;RPRD1A;RPRD1B;RPRD2;SNAPC1;SNAPC2;SNAPC3;SNAPC4;SNAPC5;SP1;SRRT;SSU72;SUPT4H1;SUPT5H;TAF11;TAF13;TAF5;TAF6;TAF8;TAF9;TBP;ZC3H8;ZNF143	S:CCNK;CCNT1;CCNT2;CDK7;ELL2;ELL3;GTF2A1;GTF2A2;GTF2B;GTF2E1;GTF2E2;GTF2F1;GTF2F2;INTS1;INTS10;INTS2;INTS4;INTS5;INTS6;INTS7;INTS8;INTS9;NCBP1;NCBP2;PCF11;PHAX;POLR2B;POLR2G;POLR2K;POLR2L;POU2F1;RPAP2;RPRD1A;RPRD1B;RPRD2;SNAPC1;SNAPC2;SNAPC3;SNAPC4;SNAPC5;SRRT;TAF5;TAF6;TAF8;TAF9;TBP;ZC3H8;ZNF143
S:REACTOME_XENOBIOTICS	D:23	S:AHR;ARNT;ARNT2;CYP1A1;CYP1A2;CYP2A13;CYP2A6;CYP2A7;CYP2B6;CYP2C18;CYP2C19;CYP2C8;CYP2C9;CYP2D6;CYP2E1;CYP2F1;CYP2J2;CYP2S1;CYP2W1;CYP3A4;CYP3A43;CYP3A5;CYP3A7	S:ARNT2;CYP1A2;CYP2A13;CYP2A6;CYP2B6;CYP2C18;CYP2C19;CYP2C8;CYP2D6;CYP2F1;CYP2S1;CYP2W1;CYP3A4;CYP3A43;CYP3A5
S:REACTOME_STIMULI_SENSING_CHANNELS	D:96	S:ANO1;ANO10;ANO2;ANO3;ANO4;ANO5;ANO6;ANO7;ANO8;ANO9;ASPH;BEST1;BEST2;BEST3;BEST4;BSND;CALM1;CASQ1;CASQ2;CLCA1;CLCA2;CLCA4;CLCN1;CLCN2;CLCN3;CLCN4;CLCN5;CLCN6;CLCN7;CLCNKA;CLCNKB;CLIC2;FKBP1B;MCOLN1;MCOLN2;MCOLN3;MLKL;NALCN;NEDD4L;OSTM1;RAF1;RIPK1;RIPK3;RPS27A;RYR1;RYR2;RYR3;SCNN1A;SCNN1B;SCNN1D;SCNN1G;SGK1;SGK2;SGK3;SLC17A3;SRI;STOM;STOML3;TPCN1;TPCN2;TRDN;TRPA1;TRPC1;TRPC3;TRPC4;TRPC4AP;TRPC5;TRPC6;TRPC7;TRPM1;TRPM2;TRPM3;TRPM4;TRPM5;TRPM6;TRPM7;TRPM8;TRPV1;TRPV2;TRPV3;TRPV4;TRPV5;TRPV6;TSC22D3;TTYH1;TTYH2;TTYH3;UBA52;UBB;UBC;UNC80;WNK1;WNK2;WNK3;WNK4;WWP1	S:ANO1;ANO10;ANO3;ANO4;ANO7;ANO8;ANO9;ASPH;BEST1;BEST2;BEST3;BEST4;BSND;CASQ2;CLCA1;CLCA2;CLCN1;CLCN7;CLCNKB;CLIC2;FKBP1B;MCOLN1;MLKL;NEDD4L;RAF1;RIPK3;RYR1;SCNN1B;SCNN1D;SCNN1G;STOM;TPCN2;TRPA1;TRPC3;TRPC4;TRPC4AP;TRPC5;TRPC6;TRPM1;TRPM2;TRPM4;TRPM5;TRPM6;TRPM8;TRPV3;TRPV4;TRPV5;TSC22D3;TTYH3;UBA52;UBB;UNC80;WNK1;WNK2;WNK4
S:REACTOME_TRANSMISSION_ACROSS_CHEMICAL_SYNAPSES	D:262	S:ABAT;ACHE;ACTN2;ADCY1;ADCY2;ADCY3;ADCY4;ADCY5;ADCY6;ADCY7;ADCY8;ADCY9;AKAP5;ALDH2;ALDH5A1;AP2A1;AP2A2;AP2B1;AP2M1;AP2S1;APBA1;ARHGEF7;ARHGEF9;ARL6IP5;BCHE;CACNA1A;CACNA1B;CACNA1E;CACNA2D2;CACNA2D3;CACNB1;CACNB2;CACNB3;CACNB4;CACNG2;CACNG3;CACNG4;CACNG8;CALM1;CAMK1;CAMK2A;CAMK2B;CAMK2D;CAMK2G;CAMK4;CAMKK1;CAMKK2;CASK;CHAT;CHRNA1;CHRNA2;CHRNA3;CHRNA4;CHRNA5;CHRNA6;CHRNA7;CHRNA9;CHRNB2;CHRNB3;CHRNB4;CHRND;CHRNE;CHRNG;COMT;CPLX1;CREB1;DLG1;DLG2;DLG3;DLG4;DNAJC5;EPB41L1;ERBB4;GABBR1;GABBR2;GABRA1;GABRA2;GABRA3;GABRA4;GABRA5;GABRA6;GABRB1;GABRB2;GABRB3;GABRG2;GABRG3;GABRQ;GABRR1;GABRR2;GABRR3;GAD1;GAD2;GIT1;GLRA1;GLRA2;GLRA3;GLRB;GLS;GLS2;GLUL;GNAI1;GNAI2;GNAI3;GNAL;GNB1;GNB2;GNB3;GNB4;GNB5;GNG10;GNG11;GNG12;GNG13;GNG2;GNG3;GNG4;GNG5;GNG7;GNG8;GNGT1;GNGT2;GRIA1;GRIA2;GRIA3;GRIA4;GRIK1;GRIK2;GRIK3;GRIK4;GRIK5;GRIN1;GRIN2A;GRIN2B;GRIN2C;GRIN2D;GRIN3A;GRIN3B;GRIP1;GRIP2;HRAS;HSPA8;HTR3A;HTR3B;HTR3C;HTR3D;HTR3E;KCNJ10;KCNJ12;KCNJ15;KCNJ16;KCNJ2;KCNJ3;KCNJ4;KCNJ5;KCNJ6;KCNJ9;KIF17;KPNA2;KRAS;LIN7A;LIN7B;LIN7C;LRRC7;LRTOMT;MAOA;MAPK1;MAPK3;MAPT;MDM2;MYO6;NAAA;NBEA;NCALD;NEFL;NPTN;NRAS;NRG1;NRGN;NSF;PDPK1;PICK1;PLCB1;PLCB2;PLCB3;PPFIA1;PPFIA2;PPFIA3;PPFIA4;PPM1E;PPM1F;PRKAA1;PRKAA2;PRKAB1;PRKAB2;PRKACA;PRKACB;PRKACG;PRKAG1;PRKAG2;PRKAG3;PRKAR1A;PRKAR1B;PRKAR2A;PRKAR2B;PRKCA;PRKCB;PRKCG;PRKX;RAB3A;RAC1;RASGRF1;RASGRF2;RIMS1;RPS6KA1;RPS6KA2;RPS6KA3;RPS6KA6;SLC17A7;SLC18A2;SLC18A3;SLC1A1;SLC1A2;SLC1A3;SLC1A6;SLC1A7;SLC22A1;SLC22A2;SLC32A1;SLC38A1;SLC38A2;SLC5A7;SLC6A1;SLC6A11;SLC6A12;SLC6A13;SLC6A3;SLC6A4;SNAP25;SRC;STX1A;STXBP1;SYN1;SYN2;SYN3;SYT1;TSPAN7;TUBA1A;TUBA1B;TUBA1C;TUBA3C;TUBA3D;TUBA4A;TUBA8;TUBAL3;TUBB1;TUBB2A;TUBB2B;TUBB3;TUBB6;TUBB8;UNC13B;VAMP2	S:ACHE;ACTN2;ADCY2;ADCY6;ADCY8;AKAP5;ALDH5A1;AP2A1;AP2A2;AP2B1;AP2M1;AP2S1;CACNA1A;CACNA1B;CACNA1E;CACNA2D3;CACNB2;CACNB3;CACNG8;CAMK1;CAMKK1;CAMKK2;CHAT;CHRNA1;CHRNA2;CHRNA3;CHRNA4;CHRNA7;CHRNA9;CHRNB2;COMT;DLG2;DLG4;DNAJC5;GABBR1;GABBR2;GABRA2;GABRA4;GABRA6;GABRB1;GABRB2;GABRG2;GABRG3;GABRQ;GABRR2;GAD1;GAD2;GIT1;GLRA2;GLRA3;GLUL;GNAI2;GNB2;GNB4;GNG10;GNG11;GNG12;GNG13;GNG4;GNGT1;GNGT2;GRIA2;GRIA3;GRIK1;GRIK2;GRIK4;GRIK5;GRIN1;GRIN2A;GRIN3A;GRIP2;HRAS;HTR3A;HTR3C;KCNJ12;KCNJ2;KCNJ3;KCNJ5;KCNJ6;KCNJ9;KIF17;LIN7A;LIN7B;LIN7C;LRRC7;MAOA;MAPK3;NPTN;NRAS;NRG1;NRGN;PDPK1;PICK1;PLCB2;PLCB3;PPFIA2;PPM1F;PRKAA2;PRKACA;PRKAG1;PRKAG3;PRKAR1A;PRKAR1B;PRKCG;RAB3A;RASGRF2;RIMS1;RPS6KA1;RPS6KA2;RPS6KA6;SLC17A7;SLC1A2;SLC1A6;SLC1A7;SLC22A1;SLC32A1;SLC5A7;SLC6A1;SLC6A3;SNAP25;SRC;SYN2;TSPAN7;TUBA1A;TUBA1C;TUBA3D;TUBA8;TUBAL3;TUBB2A;TUBB2B;TUBB3;TUBB6;TUBB8;VAMP2
S:REACTOME_DETOXIFICATION_OF_REACTIVE_OXYGEN_SPECIES	D:36	S:AQP8;ATOX1;ATP7A;CAT;CCS;CYBA;CYBB;CYCS;GPX1;GPX2;GPX3;GPX5;GPX6;GPX7;GPX8;GSR;GSTP1;NCF1;NCF2;NCF4;NOX4;NOX5;NUDT2;P4HB;PRDX1;PRDX2;PRDX3;PRDX5;PRDX6;SOD1;SOD2;SOD3;TXN;TXN2;TXNRD1;TXNRD2	S:CCS;CYBA;CYBB;GPX1;GPX2;GPX3;GPX5;GPX8;NCF4;NOX5;NUDT2;PRDX2;PRDX5;PRDX6;TXN;TXN2;TXNRD1;TXNRD2
S:REACTOME_KIDNEY_DEVELOPMENT	D:46	S:BMP4;CTNNB1;DLL1;EMX2;EYA1;FGF2;FOXC1;FOXC2;GATA3;GDNF;GFRA1;GREM1;HNF1B;HNF4A;HOXA11;HOXA6;HOXB4;HOXC11;HOXD11;ID4;IRX1;IRX2;ITGA8;ITGB1;JAG1;LFNG;LHX1;MECOM;NPNT;OSR1;PAX2;PAX8;PCDH19;PLAC8;POU3F3;RET;ROBO2;SALL1;SIX1;SIX2;SLIT2;WFDC2;WNT11;WNT4;WNT9B;WT1	S:BMP4;CTNNB1;EMX2;FOXC1;FOXC2;GDNF;GFRA1;GREM1;HNF1B;HNF4A;HOXA11;HOXC11;HOXD11;IRX2;LFNG;LHX1;MECOM;OSR1;PAX2;PCDH19;POU3F3;RET;ROBO2;SALL1;SIX1;SLIT2;WFDC2;WNT4
S:REACTOME_METABOLISM_OF_STEROID_HORMONES	D:33	S:AKR1B1;CGA;CYP11A1;CYP11B1;CYP11B2;CYP17A1;CYP19A1;CYP21A2;FDX1;FDXR;HSD11B1;HSD11B2;HSD17B1;HSD17B11;HSD17B12;HSD17B14;HSD17B2;HSD17B3;HSD3B1;HSD3B2;LHB;POMC;SERPINA6;SRD5A1;SRD5A2;SRD5A3;STAR;STARD3;STARD3NL;STARD4;STARD6;STS;TSPO	S:CYP11B1;CYP11B2;CYP17A1;CYP19A1;CYP21A2;HSD11B2;HSD17B1;HSD17B14;HSD17B2;HSD17B3;HSD3B1;LHB;POMC;SERPINA6;SRD5A1;STAR;STARD3;STARD6;TSPO
S:REACTOME_REGULATION_OF_TP53_ACTIVITY_THROUGH_METHYLATION	D:17	S:ATM;CHEK2;EHMT1;EHMT2;EP300;JMY;L3MBTL1;MDM2;MDM4;PRMT5;RPS27A;SMYD2;TP53;TTC5;UBA52;UBB;UBC	S:ATM;CHEK2;EHMT1;EHMT2;EP300;JMY;L3MBTL1;MDM2;MDM4;RPS27A;SMYD2;TP53;TTC5;UBC
S:REACTOME_TOLL_LIKE_RECEPTOR_TLR1_TLR2_CASCADE	D:114	S:AGER;ALPK1;APP;ATF1;ATF2;BTK;BTRC;CASP8;CD14;CD36;CHUK;CREB1;CUL1;DUSP3;DUSP4;DUSP6;DUSP7;ECSIT;ELK1;FBXW11;FGA;FGB;FGG;FOS;HMGB1;IKBIP;IKBKB;IKBKG;IRAK1;IRAK2;IRAK3;IRAK4;JUN;LRRC14;LY96;MAP2K1;MAP2K3;MAP2K4;MAP2K6;MAP2K7;MAP3K1;MAP3K7;MAP3K8;MAPK1;MAPK10;MAPK11;MAPK14;MAPK3;MAPK7;MAPK8;MAPK9;MAPKAPK2;MAPKAPK3;MEF2A;MEF2C;MYD88;N4BP1;NFKB1;NFKB2;NFKBIA;NFKBIB;NKIRAS1;NKIRAS2;NLRC5;NLRX1;NOD1;NOD2;PELI1;PELI2;PELI3;PPP2CA;PPP2CB;PPP2R1A;PPP2R1B;PPP2R5D;RELA;RIPK2;RPS27A;RPS6KA1;RPS6KA2;RPS6KA3;RPS6KA5;S100A1;S100A12;S100A8;S100A9;S100B;SAA1;SFTPA1;SFTPD;SIGIRR;SKP1;SOCS1;TAB1;TAB2;TAB3;TIFA;TIRAP;TLR1;TLR2;TLR4;TLR6;TNIP2;TP53;TRAF2;TRAF6;UBA52;UBB;UBC;UBE2N;UBE2V1;USP14;USP18;VRK3	S:AGER;ALPK1;BTK;CASP8;CD36;CHUK;DUSP3;DUSP4;DUSP7;ECSIT;FGA;FGB;FGG;IKBKG;IRAK1;IRAK2;IRAK3;IRAK4;LY96;MAP2K3;MAP2K6;MAP2K7;MAP3K8;MAPK10;MAPK11;MAPK14;MAPK3;MAPK7;MAPKAPK2;MAPKAPK3;MEF2A;MYD88;N4BP1;NFKB2;NFKBIB;NKIRAS2;NLRC5;PPP2CA;PPP2R1A;RIPK2;RPS6KA1;RPS6KA2;S100A12;S100A8;S100A9;S100B;SAA1;SFTPA1;SFTPD;SKP1;TAB1;TIFA;TIRAP;TLR4;TLR6;TNIP2;UBA52;UBB;UBE2V1;VRK3
S:REACTOME_FCERI_MEDIATED_NF_KB_ACTIVATION	D:68	S:ADRM1;BCL10;BTRC;CARD11;CDC34;CHUK;CUL1;FBXW11;FCER1A;FCER1G;IGLV6-57;IKBKB;IKBKG;LYN;MALT1;MAP3K7;MS4A2;NFKB1;NFKBIA;PDPK1;PRKCQ;PSMA1;PSMA2;PSMA3;PSMA4;PSMA5;PSMA6;PSMA7;PSMB1;PSMB2;PSMB3;PSMB4;PSMB5;PSMB6;PSMB7;PSMC1;PSMC2;PSMC3;PSMC4;PSMC5;PSMC6;PSMD1;PSMD11;PSMD12;PSMD13;PSMD14;PSMD2;PSMD3;PSMD6;PSMD7;PSMD8;RASGRP1;RASGRP2;RASGRP4;RELA;RPS27A;SKP1;TAB1;TAB2;TAB3;TRAF6;UBA52;UBB;UBC;UBE2D1;UBE2D2;UBE2N;UBE2V1	S:BCL10;BTRC;CARD11;CUL1;FBXW11;FCER1A;IGLV6-57;IKBKB;LYN;MALT1;MAP3K7;MS4A2;NFKB1;NFKBIA;PRKCQ;PSMA1;PSMA3;PSMA4;PSMA5;PSMA6;PSMA7;PSMB1;PSMB2;PSMB3;PSMB4;PSMC5;PSMC6;PSMD1;PSMD11;PSMD12;PSMD14;PSMD2;PSMD3;PSMD6;PSMD7;RASGRP1;RASGRP2;RELA;RPS27A;TAB2;TAB3;TRAF6;UBC;UBE2D2;UBE2N
S:REACTOME_INWARDLY_RECTIFYING_K_CHANNELS	D:35	S:ABCC8;ABCC9;GABBR1;GABBR2;GNB1;GNB2;GNB3;GNB4;GNB5;GNG10;GNG11;GNG12;GNG13;GNG2;GNG3;GNG4;GNG5;GNG7;GNG8;GNGT1;GNGT2;KCNJ1;KCNJ10;KCNJ11;KCNJ12;KCNJ14;KCNJ15;KCNJ16;KCNJ2;KCNJ3;KCNJ4;KCNJ5;KCNJ6;KCNJ8;KCNJ9	S:ABCC9;GABBR1;GABBR2;GNB2;GNB4;GNG10;GNG11;GNG12;GNG13;GNG4;GNGT1;GNGT2;KCNJ12;KCNJ2;KCNJ3;KCNJ5;KCNJ6;KCNJ9
S:REACTOME_PEPTIDE_LIGAND_BINDING_RECEPTORS	D:187	S:AGT;AGTR1;AGTR2;ANXA1;APLN;APLNR;APP;AVP;AVPR1A;AVPR1B;AVPR2;BDKRB1;BDKRB2;BRS3;C3;C3AR1;C5;C5AR1;CCK;CCKAR;CCKBR;CCL1;CCL11;CCL13;CCL16;CCL17;CCL19;CCL2;CCL20;CCL21;CCL22;CCL23;CCL25;CCL27;CCL28;CCL3;CCL3L3;CCL4;CCL5;CCL7;CCR1;CCR10;CCR2;CCR3;CCR4;CCR5;CCR6;CCR7;CCR8;CCR9;CCRL2;CORT;CX3CL1;CX3CR1;CXCL1;CXCL10;CXCL11;CXCL12;CXCL13;CXCL16;CXCL2;CXCL3;CXCL5;CXCL6;CXCL9;CXCR1;CXCR2;CXCR3;CXCR4;CXCR5;CXCR6;ECE1;ECE2;EDN1;EDN2;EDN3;EDNRA;EDNRB;F2;F2R;F2RL1;F2RL2;F2RL3;FPR1;FPR2;FPR3;GAL;GALR1;GALR2;GALR3;GHRL;GHSR;GPR37;GPR37L1;GRP;GRPR;HCRT;HCRTR1;HCRTR2;HEBP1;INSL3;INSL5;KEL;KISS1;KISS1R;KNG1;MAS1;MC1R;MC2R;MC3R;MC4R;MC5R;MCHR1;MCHR2;MLN;MLNR;MRGPRD;NLN;NMB;NMBR;NMU;NMUR1;NMUR2;NPB;NPBWR1;NPBWR2;NPFF;NPFFR1;NPFFR2;NPSR1;NPW;NPY;NPY1R;NPY2R;NPY5R;NTS;NTSR1;NTSR2;OPRD1;OPRK1;OPRL1;OPRM1;OXT;OXTR;PDYN;PENK;PF4;PMCH;PNOC;POMC;PPBP;PPY;PRLH;PRLHR;PROK1;PROK2;PROKR1;PROKR2;PSAP;PYY;QRFPR;RLN2;RLN3;RXFP1;RXFP2;RXFP3;RXFP4;SAA1;SST;SSTR1;SSTR2;SSTR3;SSTR4;SSTR5;TAC1;TAC3;TACR1;TACR2;TACR3;TRH;TRHR;UTS2;UTS2R;XCL1;XCL2;XCR1;XK	S:AGT;AGTR1;AGTR2;APLN;AVP;AVPR2;BDKRB1;BRS3;C3AR1;C5;CCK;CCKAR;CCL13;CCL16;CCL19;CCL21;CCL22;CCL23;CCL7;CCR1;CCR10;CCR3;CCRL2;CORT;CX3CL1;CXCL12;CXCL13;CXCL16;CXCR1;CXCR2;ECE1;EDN2;EDN3;EDNRB;F2RL1;F2RL2;F2RL3;FPR2;FPR3;GAL;GALR1;GHRL;GHSR;GPR37;GPR37L1;GRPR;HCRT;HCRTR1;HCRTR2;HEBP1;INSL3;INSL5;KEL;KISS1R;KNG1;MAS1;MCHR1;NLN;NPBWR1;NPBWR2;NPFF;NPFFR2;NPY2R;NTS;OPRD1;OPRK1;OPRL1;OPRM1;OXT;OXTR;PDYN;POMC;PPBP;PPY;PRLH;PROK1;PROK2;PROKR1;PYY;QRFPR;RLN3;RXFP1;SAA1;SST;SSTR1;SSTR2;SSTR3;TAC1;TAC3;TACR1;TACR2;TACR3;TRH;UTS2R;XCR1;XK
S:REACTOME_WNT5A_DEPENDENT_INTERNALIZATION_OF_FZD4	D:15	S:AP2A1;AP2A2;AP2B1;AP2M1;AP2S1;ARRB2;CLTA;CLTB;CLTC;DVL2;FZD4;PRKCA;PRKCB;PRKCG;WNT5A	S:AP2A1;AP2A2;AP2B1;AP2M1;AP2S1;ARRB2;DVL2;FZD4;PRKCG;WNT5A
S:REACTOME_SLC_MEDIATED_TRANSMEMBRANE_TRANSPORT	D:234	S:AHCYL2;APOD;ARL2;ARL2BP;AVP;BSG;CALM1;CP;CTNS;EMB;FGF21;HEPH;LCN1;LCN12;LCN15;PDZD11;RSC1A1;RUNX1;SLC11A1;SLC11A2;SLC12A1;SLC12A2;SLC12A3;SLC12A4;SLC12A5;SLC12A6;SLC12A7;SLC13A1;SLC13A2;SLC13A3;SLC13A4;SLC13A5;SLC14A1;SLC14A2;SLC15A1;SLC15A3;SLC15A4;SLC16A1;SLC16A10;SLC16A2;SLC16A3;SLC16A7;SLC16A8;SLC17A1;SLC17A5;SLC17A6;SLC17A7;SLC17A8;SLC1A1;SLC1A2;SLC1A3;SLC1A4;SLC1A5;SLC1A6;SLC1A7;SLC20A1;SLC20A2;SLC22A1;SLC22A11;SLC22A12;SLC22A15;SLC22A16;SLC22A2;SLC22A3;SLC22A4;SLC22A5;SLC22A6;SLC22A7;SLC22A8;SLC24A1;SLC24A2;SLC24A3;SLC24A4;SLC25A1;SLC25A10;SLC25A11;SLC25A18;SLC25A22;SLC25A26;SLC25A29;SLC25A4;SLC25A5;SLC25A6;SLC26A1;SLC26A11;SLC26A2;SLC26A3;SLC26A4;SLC26A6;SLC26A7;SLC26A9;SLC27A1;SLC27A4;SLC27A6;SLC28A1;SLC28A2;SLC28A3;SLC29A1;SLC29A2;SLC29A3;SLC29A4;SLC2A1;SLC2A10;SLC2A11;SLC2A12;SLC2A13;SLC2A2;SLC2A3;SLC2A4;SLC2A6;SLC2A8;SLC2A9;SLC30A1;SLC30A10;SLC30A2;SLC30A3;SLC30A5;SLC30A8;SLC31A1;SLC32A1;SLC33A1;SLC34A1;SLC34A2;SLC34A3;SLC35A1;SLC35A2;SLC35A3;SLC35B2;SLC35B3;SLC35B4;SLC35C1;SLC35D1;SLC35D2;SLC36A1;SLC36A2;SLC36A4;SLC38A1;SLC38A2;SLC38A3;SLC38A4;SLC38A5;SLC39A1;SLC39A10;SLC39A14;SLC39A2;SLC39A3;SLC39A4;SLC39A5;SLC39A6;SLC39A7;SLC39A8;SLC3A1;SLC3A2;SLC40A1;SLC41A1;SLC41A2;SLC43A1;SLC43A2;SLC44A1;SLC44A2;SLC44A3;SLC44A4;SLC44A5;SLC45A3;SLC47A1;SLC47A2;SLC4A1;SLC4A10;SLC4A2;SLC4A3;SLC4A4;SLC4A5;SLC4A7;SLC4A8;SLC4A9;SLC50A1;SLC5A1;SLC5A10;SLC5A11;SLC5A12;SLC5A2;SLC5A3;SLC5A4;SLC5A5;SLC5A6;SLC5A7;SLC5A8;SLC5A9;SLC6A1;SLC6A11;SLC6A12;SLC6A13;SLC6A14;SLC6A15;SLC6A19;SLC6A2;SLC6A20;SLC6A3;SLC6A4;SLC6A5;SLC6A6;SLC6A7;SLC6A9;SLC7A1;SLC7A10;SLC7A11;SLC7A2;SLC7A3;SLC7A5;SLC7A6;SLC7A7;SLC7A8;SLC7A9;SLC8A1;SLC8A2;SLC8A3;SLC9A1;SLC9A2;SLC9A3;SLC9A5;SLC9A6;SLC9A7;SLC9A8;SLC9A9;SLCO1A2;SLCO1B1;SLCO1B3;SLCO1C1;SLCO2A1;SLCO2B1;SLCO3A1;SLCO4A1;SLCO4C1;SRI	S:APOD;ARL2;AVP;BSG;CTNS;HEPH;LCN15;PDZD11;RSC1A1;SLC11A1;SLC11A2;SLC12A3;SLC12A4;SLC12A5;SLC12A6;SLC13A1;SLC13A2;SLC13A4;SLC13A5;SLC14A1;SLC14A2;SLC15A1;SLC15A3;SLC15A4;SLC16A1;SLC16A8;SLC17A1;SLC17A6;SLC17A7;SLC17A8;SLC1A2;SLC1A5;SLC1A6;SLC1A7;SLC22A1;SLC22A12;SLC22A16;SLC22A3;SLC22A4;SLC22A7;SLC24A4;SLC25A1;SLC25A11;SLC25A18;SLC25A26;SLC25A6;SLC26A1;SLC26A3;SLC26A7;SLC27A1;SLC27A4;SLC27A6;SLC28A1;SLC28A3;SLC29A1;SLC29A3;SLC2A10;SLC2A12;SLC2A13;SLC2A2;SLC2A3;SLC2A4;SLC2A6;SLC2A8;SLC30A2;SLC30A3;SLC32A1;SLC34A1;SLC34A2;SLC34A3;SLC35A2;SLC35C1;SLC36A1;SLC36A2;SLC38A5;SLC39A1;SLC39A2;SLC39A3;SLC39A5;SLC3A2;SLC43A1;SLC43A2;SLC44A2;SLC44A4;SLC47A2;SLC4A1;SLC4A2;SLC4A3;SLC4A8;SLC50A1;SLC5A1;SLC5A10;SLC5A12;SLC5A2;SLC5A3;SLC5A5;SLC5A7;SLC5A8;SLC6A1;SLC6A14;SLC6A15;SLC6A19;SLC6A2;SLC6A3;SLC6A5;SLC6A6;SLC6A9;SLC7A10;SLC7A11;SLC7A2;SLC7A3;SLC7A5;SLC7A7;SLC8A1;SLC9A1;SLC9A2;SLC9A8;SLCO1A2;SLCO1B1;SLCO1B3;SLCO1C1;SLCO3A1
S:REACTOME_REGULATION_OF_ENDOGENOUS_RETROELEMENTS_BY_PIWI_INTERACTING_RNAS_PIRNAS	D:37	S:ACTB;ACTL6A;ARID1A;ARID1B;BCL7A;BCL7B;BCL7C;CHD3;CHD4;DNMT3A;DNMT3L;DPF1;DPF2;DPF3;GATAD2A;GATAD2B;HDAC1;HDAC2;MBD3;MTA1;MTA2;MTA3;PIWIL4;RBBP4;RBBP7;SMARCA2;SMARCA4;SMARCB1;SMARCC1;SMARCC2;SMARCD1;SMARCD2;SMARCD3;SMARCE1;SPOCD1;SS18;SS18L1	S:ACTB;ACTL6A;ARID1A;BCL7A;CHD4;DNMT3A;DPF2;DPF3;GATAD2A;GATAD2B;HDAC1;HDAC2;MTA3;RBBP4;RBBP7;SMARCA2;SMARCA4;SMARCC1;SMARCC2;SMARCD1;SMARCE1;SPOCD1;SS18;SS18L1
S:REACTOME_DISEASES_OF_PROGRAMMED_CELL_DEATH	D:44	S:APP;BCL2L11;C1QBP;CAPN1;CAPN2;CAPNS1;CAPNS2;CASP8;CAST;CDC25A;CDC25B;CDC25C;CDK5;CDK5R1;CDKN2A;DNMT1;DNMT3A;DNMT3B;EED;EZH2;FADD;FASLG;FOXO3;GOLGA2;JUN;LMNA;LMNB1;MLKL;POLA1;POLA2;PRDX1;PRDX2;PRIM1;PRIM2;RBBP4;RBBP7;RIPK1;RIPK3;SOD2;SUZ12;TP53;TRADD;TRAF2;YWHAE	S:APP;C1QBP;CAPN2;CAST;CDC25B;CDC25C;CDK5R1;CDKN2A;DNMT1;DNMT3A;DNMT3B;EED;EZH2;FADD;FASLG;GOLGA2;JUN;LMNA;POLA1;POLA2;PRDX1;PRIM1;PRIM2;RBBP4;RBBP7;RIPK1;SOD2;SUZ12;TP53;TRADD;TRAF2
S:REACTOME_GLUCOCORTICOID_BIOSYNTHESIS	D:10	S:CYP11B1;CYP11B2;CYP17A1;CYP21A2;HSD11B1;HSD11B2;HSD3B1;HSD3B2;POMC;SERPINA6	S:CYP11B1;CYP11B2;CYP17A1;CYP21A2;HSD11B2;HSD3B1;POMC;SERPINA6
S:REACTOME_TRYPTOPHAN_CATABOLISM	D:12	S:AADAT;ACMSD;AFMID;HAAO;IDO1;IDO2;KMO;KYNU;SLC36A4;SLC3A2;SLC7A5;TDO2	S:AADAT;ACMSD;AFMID;HAAO;KYNU;SLC3A2;SLC7A5;TDO2
S:REACTOME_CARDIAC_CONDUCTION	D:129	S:ABCC9;AHCYL1;AKAP9;ASPH;ATP1A1;ATP1A2;ATP1A3;ATP1A4;ATP1B1;ATP1B2;ATP1B3;ATP2A1;ATP2A2;ATP2A3;ATP2B1;ATP2B2;ATP2B3;ATP2B4;CACNA1C;CACNA2D2;CACNB1;CACNB2;CACNG4;CACNG6;CACNG7;CACNG8;CALM1;CAMK2A;CAMK2B;CAMK2D;CAMK2G;CASQ1;CASQ2;CES1;CLIC2;CORIN;DMPK;FGF11;FGF12;FGF13;FGF14;FKBP1B;FXYD1;FXYD2;FXYD3;FXYD4;FXYD6;FXYD7;GATA4;HIPK1;HIPK2;ITPR1;ITPR2;ITPR3;KAT2B;KCNA5;KCND1;KCND2;KCND3;KCNE1;KCNE2;KCNE3;KCNE4;KCNH2;KCNIP1;KCNIP2;KCNIP3;KCNIP4;KCNJ11;KCNJ12;KCNJ14;KCNJ2;KCNJ4;KCNK1;KCNK10;KCNK12;KCNK13;KCNK15;KCNK16;KCNK17;KCNK18;KCNK2;KCNK3;KCNK4;KCNK5;KCNK6;KCNK7;KCNK9;KCNQ1;MME;NKX2-5;NOS1;NPPA;NPPC;NPR1;NPR2;ORAI1;ORAI2;PLN;PRKACA;RANGRF;RYR1;RYR2;RYR3;SCN10A;SCN11A;SCN1A;SCN1B;SCN2A;SCN2B;SCN3A;SCN3B;SCN4A;SCN4B;SCN5A;SCN7A;SCN8A;SCN9A;SLC8A1;SLC8A2;SLC8A3;SLN;SRI;STIM1;TBX5;TNNI3;TRDN;TRPC1;WWTR1	S:ABCC9;ASPH;ATP1A2;ATP1A3;ATP1A4;ATP1B2;ATP2B2;ATP2B3;ATP2B4;CACNA1C;CACNB2;CACNG7;CACNG8;CASQ2;CES1;CLIC2;DMPK;FGF12;FGF13;FGF14;FKBP1B;FXYD3;FXYD4;FXYD6;GATA4;KAT2B;KCNA5;KCND2;KCND3;KCNE4;KCNH2;KCNIP3;KCNIP4;KCNJ12;KCNJ2;KCNK1;KCNK15;KCNK16;KCNK18;KCNK2;KCNK3;KCNK4;KCNK7;MME;NKX2-5;NOS1;NPPA;NPR1;NPR2;ORAI1;ORAI2;PLN;PRKACA;RYR1;SCN10A;SCN11A;SCN1A;SCN1B;SCN2B;SCN3B;SCN4B;SCN5A;SCN7A;SCN8A;SLC8A1;SLN;TBX5;WWTR1
S:REACTOME_FORMATION_OF_THE_POLYBROMO_BAF_PBAF_COMPLEX	D:18	S:ACTB;ACTL6A;ARID2;BCL7A;BCL7B;BCL7C;BRD7;PBRM1;PHF10;SMARCA2;SMARCA4;SMARCB1;SMARCC1;SMARCC2;SMARCD1;SMARCD2;SMARCD3;SMARCE1	S:ACTB;ACTL6A;ARID2;BCL7A;BRD7;PBRM1;PHF10;SMARCA2;SMARCA4;SMARCC1;SMARCC2;SMARCD1;SMARCE1
S:REACTOME_PHASE_I_FUNCTIONALIZATION_OF_COMPOUNDS	D:98	S:AADAC;ACSS1;ACSS2;ADH1A;ADH1B;ADH1C;ADH4;ADH5;ADH6;ADH7;AHR;AIP;ALDH1A1;ALDH1B1;ALDH2;ALDH3A1;AOC2;AOC3;ARNT;ARNT2;BPHL;CBR3;CES1;CES2;CES3;CMBL;CYB5B;CYB5R3;CYP11A1;CYP11B1;CYP11B2;CYP19A1;CYP1A1;CYP1A2;CYP1B1;CYP21A2;CYP24A1;CYP26A1;CYP26B1;CYP27A1;CYP27B1;CYP2A13;CYP2A6;CYP2A7;CYP2B6;CYP2C18;CYP2C19;CYP2C8;CYP2C9;CYP2D6;CYP2E1;CYP2F1;CYP2J2;CYP2R1;CYP2S1;CYP2U1;CYP2W1;CYP39A1;CYP3A4;CYP3A43;CYP3A5;CYP3A7;CYP46A1;CYP4A11;CYP4B1;CYP4F11;CYP4F12;CYP4F2;CYP4F22;CYP4F3;CYP4F8;CYP4V2;CYP51A1;CYP7A1;CYP7B1;CYP8B1;EPHX1;FDX1;FDXR;FMO1;FMO2;FMO3;HSP90AB1;MAOA;MAOB;NCOA1;NCOA2;NQO2;NR1H4;PAOX;POMC;POR;PTGES3;PTGIS;PTGS1;RXRA;SMOX;TBXAS1	S:AADAC;ACSS2;ADH1B;ADH6;ADH7;AIP;ALDH1A1;ALDH3A1;AOC2;ARNT2;BPHL;CES1;CMBL;CYB5R3;CYP11B1;CYP11B2;CYP19A1;CYP1A2;CYP21A2;CYP24A1;CYP26A1;CYP26B1;CYP2A13;CYP2A6;CYP2B6;CYP2C18;CYP2C19;CYP2C8;CYP2D6;CYP2F1;CYP2S1;CYP2W1;CYP39A1;CYP3A4;CYP3A43;CYP3A5;CYP4A11;CYP4B1;CYP4F11;CYP4F2;CYP4F22;CYP7B1;CYP8B1;FMO1;FMO2;FMO3;MAOA;NQO2;POMC;POR;PTGES3;PTGIS;PTGS1;RXRA;SMOX;TBXAS1
S:REACTOME_PYRIMIDINE_CATABOLISM	D:11	S:AGXT2;DPYD;DPYS;NT5C;NT5C1A;NT5E;NT5M;TYMP;UPB1;UPP1;UPP2	S:DPYS;NT5C;NT5C1A;NT5M;TYMP;UPP1
S:REACTOME_DEGRADATION_OF_THE_EXTRACELLULAR_MATRIX	D:135	S:A2M;ACAN;ADAM10;ADAM15;ADAM17;ADAM8;ADAM9;ADAMTS1;ADAMTS16;ADAMTS18;ADAMTS4;ADAMTS5;ADAMTS8;ADAMTS9;BCAN;BMP1;BSG;CAPN1;CAPN10;CAPN11;CAPN12;CAPN13;CAPN14;CAPN2;CAPN3;CAPN5;CAPN6;CAPN7;CAPN8;CAPN9;CAPNS1;CAPNS2;CASP3;CAST;CD44;CDH1;CMA1;COL10A1;COL11A1;COL11A2;COL12A1;COL13A1;COL14A1;COL15A1;COL16A1;COL17A1;COL18A1;COL19A1;COL1A1;COL1A2;COL23A1;COL25A1;COL2A1;COL3A1;COL4A1;COL4A2;COL4A3;COL4A4;COL4A5;COL4A6;COL5A1;COL5A2;COL5A3;COL6A1;COL6A2;COL6A3;COL6A5;COL6A6;COL7A1;COL8A1;COL8A2;COL9A1;COL9A2;COL9A3;CTRB1;CTRB2;CTSB;CTSD;CTSG;CTSK;CTSS;DCN;ELANE;ELN;FBN1;FBN2;FBN3;FN1;FURIN;HSPG2;HTRA1;KLK2;KLK7;KLKB1;LAMA3;LAMA5;LAMB1;LAMB3;LAMC1;LAMC2;MMP1;MMP10;MMP11;MMP12;MMP13;MMP14;MMP15;MMP16;MMP17;MMP19;MMP2;MMP20;MMP24;MMP25;MMP3;MMP7;MMP8;MMP9;NCSTN;NID1;OPTC;PLG;PRSS1;PRSS2;PSEN1;SCUBE1;SCUBE3;SPOCK3;SPP1;TIMP1;TIMP2;TLL1;TLL2;TMPRSS6;TPSAB1	S:ADAM15;ADAMTS18;ADAMTS9;BSG;CAPN1;CAPN10;CAPN11;CAPN13;CAPN3;CAPN5;CAPN8;CAPNS1;CAPNS2;CMA1;COL11A1;COL14A1;COL17A1;COL18A1;COL1A1;COL23A1;COL25A1;COL2A1;COL3A1;COL4A1;COL4A2;COL4A5;COL4A6;COL6A1;COL6A2;COL6A3;COL6A5;COL6A6;COL8A1;COL9A1;COL9A2;CTRB2;CTSB;CTSD;CTSG;CTSS;ELANE;ELN;FBN1;FBN2;FBN3;FN1;FURIN;KLK2;KLK7;KLKB1;LAMA3;LAMA5;LAMC2;MMP1;MMP10;MMP12;MMP14;MMP16;MMP17;MMP19;MMP20;MMP25;MMP7;MMP8;TIMP1;TLL1;TLL2
S:REACTOME_RUNX1_AND_FOXP3_CONTROL_THE_DEVELOPMENT_OF_REGULATORY_T_LYMPHOCYTES_TREGS	D:10	S:CBFB;CR1;CTLA4;FOXP3;IFNG;IL2;IL2RA;NFATC2;RUNX1;TNFRSF18	S:CBFB;CTLA4;FOXP3;IFNG;IL2RA;NFATC2;RUNX1
S:REACTOME_ACTIVATION_OF_MATRIX_METALLOPROTEINASES	D:32	S:CMA1;COL18A1;CTRB1;CTRB2;CTSG;CTSK;ELANE;FURIN;KLK2;KLKB1;MMP1;MMP10;MMP11;MMP13;MMP14;MMP15;MMP16;MMP17;MMP2;MMP24;MMP25;MMP3;MMP7;MMP8;MMP9;PLG;PRSS1;PRSS2;SPOCK3;TIMP1;TIMP2;TPSAB1	S:CMA1;COL18A1;CTRB2;CTSG;ELANE;FURIN;KLK2;KLKB1;MMP1;MMP10;MMP14;MMP16;MMP17;MMP25;MMP7;MMP8;TIMP1
S:REACTOME_RNA_POLYMERASE_III_TRANSCRIPTION_INITIATION_FROM_TYPE_3_PROMOTER	D:28	S:BDP1;BRF2;CRCP;POLR1C;POLR1D;POLR2E;POLR2F;POLR2H;POLR2K;POLR2L;POLR3A;POLR3B;POLR3C;POLR3D;POLR3E;POLR3F;POLR3G;POLR3GL;POLR3H;POLR3K;POU2F1;SNAPC1;SNAPC2;SNAPC3;SNAPC4;SNAPC5;TBP;ZNF143	S:BDP1;CRCP;POLR1C;POLR2K;POLR2L;POLR3A;POLR3B;POLR3D;POLR3E;POLR3F;POLR3G;POLR3GL;POLR3H;POLR3K;POU2F1;SNAPC1;SNAPC2;SNAPC3;SNAPC4;SNAPC5;TBP;ZNF143
S:REACTOME_SYNTHESIS_OF_PC	D:28	S:ABHD3;ACHE;BCHE;CEPT1;CHAT;CHKA;CHKB;CHPT1;CSNK2A1;CSNK2A2;CSNK2B;LPCAT1;LPIN1;LPIN2;LPIN3;MFSD2A;PCTP;PCYT1A;PCYT1B;PEMT;PHOSPHO1;SLC44A1;SLC44A2;SLC44A3;SLC44A4;SLC44A5;STARD10;STARD7	S:ABHD3;ACHE;CEPT1;CHAT;CHKA;CHKB;CHPT1;CSNK2A2;LPIN3;MFSD2A;PCTP;PEMT;PHOSPHO1;SLC44A2;SLC44A4;STARD10
S:REACTOME_BASE_EXCISION_REPAIR	D:44	S:ACD;APEX1;FEN1;LIG1;LIG3;MBD4;MPG;MUTYH;NEIL1;NEIL2;NEIL3;NTHL1;OGG1;PARG;PARP1;PARP2;PCNA;PNKP;POLB;POLD1;POLD2;POLD3;POLD4;POLE;POLE2;POLE3;POLE4;POT1;RFC1;RFC2;RFC3;RFC4;RFC5;RPA1;RPA2;RPA3;SMUG1;TDG;TERF1;TERF2;TERF2IP;TINF2;UNG;XRCC1	S:ACD;FEN1;LIG1;LIG3;MBD4;NEIL1;OGG1;PARG;PARP1;PARP2;PCNA;POLB;POLD1;POLD2;POLD3;POLE;POLE3;POT1;RFC1;RFC3;RFC4;RFC5;RPA1;RPA2;RPA3;TDG;TERF1;TERF2;TERF2IP;TINF2;XRCC1
S:REACTOME_DEVELOPMENTAL_LINEAGE_OF_MAMMARY_GLAND_ALVEOLAR_CELLS	D:18	S:ALDH1A3;ANKRD30A;CD24;CSN2;ELF5;EPCAM;ESR1;ITGA6;KIT;KRT18;KRT19;KRT8;LALBA;MFGE8;MUC1;PGR;PRL;SLPI	S:ANKRD30A;CD24;ELF5;EPCAM;KRT18;KRT19;KRT8;LALBA;MUC1;PGR;SLPI
S:REACTOME_GENE_AND_PROTEIN_EXPRESSION_BY_JAK_STAT_SIGNALING_AFTER_INTERLEUKIN_12_STIMULATION	D:36	S:AIP;ANXA2;ARF1;BOLA2B;CA1;CAPZA1;CDC42;CFL1;CNN2;GSTA2;GSTO1;HNRNPA2B1;HNRNPF;HSPA9;IFNG;IL10;LCP1;LMNB1;MIF;MSN;MTAP;PAK2;PDCD4;PITPNA;PPIA;PSME2;RALA;RAP1B;RPLP0;SERPINB2;SNRPA1;SOD1;SOD2;STAT4;TALDO1;TCP1	S:ARF1;BOLA2B;CDC42;CNN2;HNRNPA2B1;HSPA9;IFNG;IL10;LCP1;MIF;MSN;MTAP;PAK2;PDCD4;PITPNA;PSME2;RALA;RAP1B;RPLP0;SERPINB2;SNRPA1;SOD1;SOD2;STAT4;TALDO1;TCP1
S:REACTOME_GLUTATHIONE_CONJUGATION	D:35	S:AKR1A1;CHAC1;CHAC2;CNDP2;ESD;GCLC;GCLM;GGCT;GGT1;GGT5;GGT6;GGT7;GSS;GSTA1;GSTA2;GSTA3;GSTA4;GSTA5;GSTK1;GSTM1;GSTM2;GSTM3;GSTM4;GSTM5;GSTO1;GSTO2;GSTP1;GSTT1;GSTT2;GSTZ1;HPGDS;MGST1;MGST2;MGST3;OPLAH	S:AKR1A1;CHAC1;CNDP2;GCLC;GGT1;GGT5;GSS;GSTA1;GSTA2;GSTA5;GSTK1;GSTM1;GSTM2;GSTM4;GSTM5;GSTO1;GSTZ1;MGST1;MGST3;OPLAH
S:REACTOME_HORMONE_LIGAND_BINDING_RECEPTORS	D:12	S:CGA;FSHB;FSHR;GNRH1;GNRH2;GNRHR;GPHA2;GPHB5;LHB;LHCGR;TSHB;TSHR	S:FSHR;GNRH2;GNRHR;GPHA2;GPHB5;LHB;TSHB;TSHR
S:REACTOME_RHO_GTPASE_CYCLE	D:426	S:AAAS;ABCD3;ABI1;ABI2;ABL2;ABR;ACBD5;ACTB;ACTC1;ACTG1;ACTN1;ADD3;AKAP12;AKAP13;ALDH3A2;ALS2;AMIGO2;ANKFY1;ANKLE2;ANKRD26;ANLN;ARAP1;ARAP2;ARAP3;ARFGAP2;ARFGAP3;ARHGAP1;ARHGAP10;ARHGAP11A;ARHGAP12;ARHGAP15;ARHGAP17;ARHGAP18;ARHGAP19;ARHGAP20;ARHGAP21;ARHGAP22;ARHGAP23;ARHGAP24;ARHGAP25;ARHGAP26;ARHGAP27;ARHGAP28;ARHGAP29;ARHGAP30;ARHGAP31;ARHGAP32;ARHGAP33;ARHGAP39;ARHGAP4;ARHGAP44;ARHGAP5;ARHGAP6;ARHGAP9;ARHGDIA;ARHGDIB;ARHGDIG;ARHGEF1;ARHGEF10;ARHGEF10L;ARHGEF11;ARHGEF12;ARHGEF15;ARHGEF16;ARHGEF17;ARHGEF18;ARHGEF19;ARHGEF2;ARHGEF25;ARHGEF26;ARHGEF3;ARHGEF4;ARHGEF40;ARHGEF5;ARHGEF6;ARHGEF7;ARHGEF9;ARL13B;ARMCX3;ATP6AP1;BAIAP2;BAIAP2L1;BAIAP2L2;BASP1;BCAP31;BCR;C1QBP;CAPZB;CAV1;CCDC88A;CCP110;CCT2;CCT6A;CCT7;CDC37;CDC42;CDC42BPA;CDC42BPB;CDC42EP1;CDC42EP2;CDC42EP3;CDC42EP4;CDC42EP5;CDC42SE2;CEP97;CFTR;CHN1;CHN2;CIT;CKAP4;CKB;CLTC;COPS2;COPS4;CPD;CPNE8;CPSF7;CSK;CUL3;CYBA;CYBB;CYFIP1;CYFIP2;DAAM1;DBN1;DBT;DDRGK1;DDX39B;DDX4;DEF6;DEPDC1B;DIAPH1;DIAPH2;DIAPH3;DLC1;DLG5;DNMBP;DOCK1;DOCK10;DOCK11;DOCK2;DOCK3;DOCK4;DOCK5;DOCK6;DOCK7;DOCK8;DOCK9;DSG1;DSG2;DSP;DST;ECT2;EFHD2;ELMO2;EMD;EPHA2;EPSTI1;ESYT1;FAF2;FAM135A;FAM13A;FAM13B;FAM169A;FAM83B;FAM91A1;FARP1;FARP2;FERMT2;FGD1;FGD2;FGD3;FGD4;FGD5;FILIP1;FLOT1;FLOT2;FMNL1;FMNL2;FMNL3;FNBP1;FNBP1L;FRS2;FRS3;GFOD1;GIT1;GIT2;GJA1;GMIP;GNA13;GOLGA3;GOPC;GPS1;GRB2;GRB7;HGS;HINT2;HMOX2;HNRNPC;HSP90AA1;HSP90AB1;HSPE1;IL32;IQGAP1;IQGAP2;IQGAP3;ITGB1;ITSN1;ITSN2;JAG1;JUP;KALRN;KCTD13;KCTD3;KIDINS220;KIF14;KTN1;LAMTOR1;LBR;LCK;LEMD3;LETM1;LMAN1;LMNB1;LRRC1;MAP3K11;MCAM;MCF2;MCF2L;MOSPD2;MPP7;MSI2;MTMR1;MTR;MTX1;MUC13;MYO6;MYO9A;MYO9B;NCF1;NCF2;NCF4;NCK1;NCK2;NCKAP1;NCKAP1L;NDUFA5;NDUFS3;NET1;NGEF;NHS;NISCH;NOX1;NOX3;NOXA1;NOXO1;NSFL1C;NUDC;OBSCN;OCRL;OPHN1;OSBPL11;PAK1;PAK2;PAK3;PAK4;PAK6;PARD6A;PARD6B;PCDH7;PDE5A;PEAK1;PGRMC2;PHIP;PICALM;PIK3CA;PIK3R1;PIK3R2;PIK3R3;PKN1;PKN2;PKN3;PKP4;PLD1;PLD2;PLEKHG1;PLEKHG2;PLEKHG3;PLEKHG4;PLEKHG4B;PLEKHG5;PLEKHG6;PLXNA1;PLXNB1;PLXND1;POTEE;PREX1;PREX2;PTK2B;PTPN13;RAB7A;RAC1;RAC2;RAC3;RACGAP1;RALBP1;RALGAPA1;RAPGEF1;RASAL2;RASGRF2;RBBP6;RBMX;RHOA;RHOB;RHOBTB1;RHOBTB2;RHOC;RHOD;RHOF;RHOG;RHOH;RHOJ;RHOQ;RHOU;RHOV;RHPN1;RHPN2;RND1;RND2;RND3;RNF20;ROCK1;ROCK2;RRAS2;RTKN;SAMM50;SCFD1;SCRIB;SEMA4F;SENP1;SH3BP1;SH3PXD2A;SH3RF1;SHKBP1;SHMT2;SLC1A5;SLC4A7;SLITRK3;SLITRK5;SLK;SNAP23;SOS1;SOS2;SPATA13;SPEN;SPTAN1;SPTBN1;SRC;SRGAP1;SRGAP2;SRGAP3;SRRM1;STAM;STAM2;STARD13;STARD8;STBD1;STEAP3;STIP1;STK10;STK38;STMN2;STOM;STX5;SWAP70;SYDE1;SYDE2;TAGAP;TAOK3;TEX2;TFRC;TIAM1;TIAM2;TJP2;TMEM59;TMEM87A;TMOD3;TMPO;TNFAIP1;TOR1AIP1;TPM3;TPM4;TRA2B;TRIO;TRIP10;TUBA1B;TWF1;TXNL1;UACA;UBXN11;USP9X;VAMP3;VANGL1;VAPB;VAV1;VAV2;VAV3;VCP;VIM;VRK2;WAS;WASF1;WASF2;WASF3;WASL;WDR11;WDR6;WDR81;WDR91;WHAMM;WIPF1;WIPF2;WWP2;YKT6;ZAP70;ZNF512B	S:ABCD3;ABI1;ABI2;ABL2;ABR;ACBD5;ACTB;ACTG1;ADD3;AKAP12;AKAP13;ALDH3A2;ALS2;AMIGO2;ANKFY1;ANKLE2;ANKRD26;ARAP2;ARAP3;ARFGAP2;ARFGAP3;ARHGAP1;ARHGAP10;ARHGAP11A;ARHGAP12;ARHGAP17;ARHGAP18;ARHGAP19;ARHGAP21;ARHGAP23;ARHGAP24;ARHGAP25;ARHGAP29;ARHGAP31;ARHGAP32;ARHGAP33;ARHGAP39;ARHGAP4;ARHGAP5;ARHGAP6;ARHGAP9;ARHGDIB;ARHGEF10;ARHGEF10L;ARHGEF12;ARHGEF17;ARHGEF18;ARHGEF26;ARHGEF3;ARHGEF4;ARHGEF5;ARHGEF6;ARHGEF7;ARHGEF9;ARL13B;ARMCX3;BAIAP2L1;BAIAP2L2;BCAP31;BCR;C1QBP;CAV1;CCP110;CCT2;CCT6A;CCT7;CDC42;CDC42BPA;CDC42EP5;CDC42SE2;CEP97;CHN1;CHN2;CIT;CKAP4;CKB;CLTC;COPS4;CUL3;CYFIP1;CYFIP2;DAAM1;DBT;DEF6;DEPDC1B;DIAPH1;DIAPH2;DIAPH3;DLC1;DLG5;DNMBP;DOCK10;DOCK11;DOCK2;DOCK3;DOCK7;DOCK8;DOCK9;DSG1;DSP;DST;ELMO2;EPSTI1;ESYT1;FAF2;FAM135A;FAM13B;FAM169A;FAM83B;FAM91A1;FARP1;FGD3;FGD4;FMNL3;FNBP1;FNBP1L;GFOD1;GIT2;GNA13;GOLGA3;GOPC;GRB2;GRB7;HGS;HMOX2;HNRNPC;HSP90AA1;HSP90AB1;HSPE1;IQGAP1;IQGAP2;ITGB1;ITSN1;ITSN2;JAG1;KCTD13;KCTD3;KIDINS220;KIF14;KTN1;LBR;LCK;LEMD3;LETM1;LMAN1;LRRC1;MCAM;MCF2;MCF2L;MPP7;MTMR1;MTR;MYO6;MYO9A;MYO9B;NCF1;NCF2;NCK1;NCKAP1;NET1;NGEF;NHS;NUDC;OCRL;OPHN1;OSBPL11;PAK1;PAK2;PAK3;PAK6;PARD6B;PDE5A;PGRMC2;PHIP;PIK3CA;PIK3R1;PIK3R3;PKN2;PKN3;PKP4;PLEKHG1;PLEKHG2;PLEKHG3;PLEKHG4;PLEKHG6;PLXNA1;PLXNB1;PREX1;PTPN13;RAB7A;RAC1;RAC2;RACGAP1;RALBP1;RALGAPA1;RASAL2;RBBP6;RBMX;RHOA;RHOB;RHOBTB1;RHOBTB2;RHOD;RHOH;RHOJ;RHOQ;RHOU;RND1;RNF20;ROCK1;ROCK2;RRAS2;RTKN;SAMM50;SCFD1;SCRIB;SEMA4F;SENP1;SH3PXD2A;SHMT2;SLC4A7;SLITRK5;SNAP23;SOS1;SOS2;SPATA13;SPEN;SPTBN1;SRRM1;STAM;STAM2;STIP1;STK10;STK38;SWAP70;SYDE2;TAGAP;TAOK3;TEX2;TJP2;TMEM59;TMEM87A;TMOD3;TMPO;TNFAIP1;TOR1AIP1;TPM3;TPM4;TRA2B;TRIO;TRIP10;TUBA1B;TWF1;UACA;USP9X;VANGL1;VAV1;VAV2;VAV3;VCP;VIM;VRK2;WASF2;WASF3;WDR11;WDR6;WDR81;WDR91;WHAMM;WIPF2;WWP2;ZAP70;ZNF512B
S:REACTOME_RMTS_METHYLATE_HISTONE_ARGININES	D:28	S:ACTL6A;ACTL6B;ARID1A;ARID1B;ARID2;CCND1;CDK4;DNMT3A;JAK2;PBRM1;PRMT1;PRMT3;PRMT5;PRMT6;PRMT7;RBBP7;RPS2;SMARCA2;SMARCA4;SMARCB1;SMARCC1;SMARCC2;SMARCD1;SMARCD2;SMARCD3;SMARCE1;WDR5;WDR77	S:ACTL6A;ARID1A;ARID2;CCND1;CDK4;DNMT3A;PBRM1;PRMT1;PRMT6;PRMT7;RBBP7;SMARCA2;SMARCA4;SMARCC1;SMARCC2;SMARCD1;SMARCE1;WDR5;WDR77
S:REACTOME_RNA_POLYMERASE_I_TRANSCRIPTION_TERMINATION	D:26	S:CCNH;CDK7;ERCC2;ERCC3;GTF2H1;GTF2H3;GTF2H4;GTF2H5;MNAT1;POLR1A;POLR1B;POLR1C;POLR1D;POLR1E;POLR2E;POLR2F;POLR2H;POLR2K;POLR2L;TAF1A;TAF1B;TAF1C;TAF1D;TBP;TTF1;UBTF	S:CCNH;CDK7;ERCC3;GTF2H1;GTF2H3;GTF2H4;GTF2H5;MNAT1;POLR1B;POLR1C;POLR1E;POLR2K;POLR2L;TAF1A;TAF1B;TAF1C;TAF1D;TBP;TTF1;UBTF
S:REACTOME_ATTACHMENT_OF_BACTERIA_TO_EPITHELIAL_CELLS	D:23	S:COL4A1;COL4A2;COL4A3;COL4A4;COL4A5;COL4A6;COL5A1;COL5A2;COL5A3;EPCAM;FN1;LAMA1;LAMA2;LAMA3;LAMA4;LAMA5;LAMB1;LAMB2;LAMB3;LAMC1;LAMC2;LAMC3;UPK1A	S:COL4A1;COL4A2;COL4A5;COL4A6;EPCAM;FN1;LAMA1;LAMA3;LAMA4;LAMA5;LAMB2;LAMC2;LAMC3
S:REACTOME_IL_6_TYPE_CYTOKINE_RECEPTOR_LIGAND_INTERACTIONS	D:17	S:CLCF1;CNTF;CNTFR;CRLF1;CTF1;IL11;IL11RA;IL31;IL31RA;IL6ST;JAK1;JAK2;LIF;LIFR;OSM;OSMR;TYK2	S:CLCF1;CNTFR;CRLF1;CTF1;IL11;IL31;IL31RA;JAK2;LIF;OSM;TYK2
S:REACTOME_REPRODUCTION	D:91	S:ACD;ACR;ADAM2;ADAM20;ADAM21;ADAM30;ATM;ATR;B4GALT1;BLM;BMP4;BRCA1;BRCA2;CATSPER1;CATSPER2;CATSPER3;CATSPER4;CATSPERB;CATSPERG;CBFA2T2;CD9;CDK2;CDK4;CXCR4;DIDO1;DMC1;EOMES;FIGNL1;FKBP6;HSPA2;HVCN1;IZUMO1;IZUMO2;IZUMO4;LMNA;LMNB1;MLH1;MLH3;MND1;MSH4;NANOG;NANOS3;NBN;OVGP1;PDPN;POT1;POU5F1;PRDM1;PRDM9;PSMC3IP;RAD21;RAD50;RAD51;RAD51C;RBBP8;REC8;RPA1;RPA2;RPA3;SMC1A;SMC1B;SMC3;SOX17;SPAM1;SPO11;STAG1;STAG2;STAG3;SUN1;SUN2;SYCE1;SYCE2;SYCP1;SYCP2;SYCP3;SYNE1;SYNE2;TERF1;TERF2;TERF2IP;TET2;TEX12;TEX15;TFAP2C;TINF2;TOP3A;UBE2I;ZP1;ZP2;ZP3;ZP4	S:ACD;ACR;ADAM20;ADAM21;ATM;ATR;B4GALT1;BLM;BRCA1;BRCA2;CATSPER2;CATSPER3;CATSPER4;CATSPERB;CD9;CDK4;CXCR4;DIDO1;EOMES;FIGNL1;HSPA2;HVCN1;IZUMO2;LMNA;MLH1;MLH3;MND1;MSH4;NBN;OVGP1;PDPN;POT1;PRDM1;PRDM9;PSMC3IP;RAD21;RAD50;RAD51;RAD51C;RBBP8;RPA1;RPA2;RPA3;SMC1A;SMC3;STAG1;STAG2;STAG3;SUN2;SYCP2;SYCP3;SYNE1;SYNE2;TERF1;TERF2;TERF2IP;TEX12;TFAP2C;TINF2;UBE2I;ZP1;ZP3;ZP4
S:REACTOME_INSULIN_PROCESSING	D:23	S:CPE;EXOC1;EXOC2;EXOC3;EXOC4;EXOC5;EXOC6;EXOC7;EXOC8;INS;KIF5A;KIF5B;KIF5C;MYO5A;MYRIP;P4HB;PCSK1;PCSK2;RAB27A;SLC30A5;SLC30A8;STX1A;VAMP2	S:CPE;EXOC1;EXOC2;EXOC4;EXOC5;EXOC8;KIF5A;KIF5B;KIF5C;MYO5A;MYRIP;P4HB;PCSK2;SLC30A5;SLC30A8;STX1A
S:REACTOME_BINDING_AND_UPTAKE_OF_LIGANDS_BY_SCAVENGER_RECEPTORS	D:47	S:ALB;AMBP;APOA1;APOB;APOE;APOL1;CALR;CD163;CD36;CD5L;COL1A1;COL1A2;COL3A1;COL4A1;COL4A2;COLEC11;COLEC12;FTH1;FTL;HBA1;HBA2;HBB;HMGB1;HP;HPR;HPX;HSP90AA1;HSP90B1;HSPH1;HYOU1;IGHA1;IGLV6-57;LRP1;MARCO;MASP1;MSR1;PRDX1;S100A9;SAA1;SCARA5;SCARB1;SCARF1;SCGB3A2;SPARC;SSC5D;STAB1;STAB2	S:APOA1;APOE;APOL1;CD36;CD5L;COL1A1;COL3A1;COL4A1;COL4A2;COLEC12;FTL;HBA1;HBA2;HBB;HP;HPR;LRP1;MARCO;MASP1;S100A9;SAA1;SCARB1;SCARF1;SSC5D;STAB1
S:REACTOME_HEME_SIGNALING	D:45	S:APOA1;APOB;ATF2;BACH1;CHD9;CLEC1B;CLOCK;CREB1;CREBBP;CRTC1;CRTC2;CRTC3;EP300;HBA1;HBA2;HBB;HDAC3;HMOX1;LY96;MAFK;MED1;MEF2C;MEF2D;NCOA1;NCOA2;NCOA6;NCOR1;NFE2L2;NPAS2;NR1D1;NRIP1;PGRMC2;PPARA;PPARGC1A;RAI1;RORA;RXRA;SIRT1;SLC46A1;SMARCD3;TBL1X;TBL1XR1;TGS1;TLR4;XPO1	S:APOB;ATF2;BACH1;CHD9;CLEC1B;CLOCK;CREB1;CREBBP;CRTC1;CRTC3;EP300;HDAC3;HMOX1;MED1;MEF2C;NCOA1;NCOA2;NCOA6;NCOR1;NFE2L2;NR1D1;NRIP1;PGRMC2;PPARA;PPARGC1A;RORA;SIRT1;SLC46A1;TBL1XR1;TGS1;XPO1
S:REACTOME_FCGAMMA_RECEPTOR_FCGR_DEPENDENT_PHAGOCYTOSIS	D:82	S:ABI1;ABI2;ABL1;ACTB;ACTG1;ACTR2;ACTR3;AHCYL1;ARPC1A;ARPC1B;ARPC2;ARPC3;ARPC4;ARPC5;BAIAP2;BTK;CD247;CD3G;CDC42;CFL1;CRK;CYFIP1;CYFIP2;DOCK1;ELMO1;ELMO2;FCGR2A;FCGR3A;FGR;FYN;GRB2;HCK;HSP90AA1;HSP90AB1;IGLV6-57;ITPR1;ITPR2;ITPR3;LIMK1;LYN;MAPK1;MAPK3;MYH2;MYH9;MYO10;MYO1C;MYO5A;MYO9B;NCK1;NCKAP1;NCKAP1L;NCKIPSD;NF2;PAK1;PIK3CA;PIK3CB;PIK3R1;PIK3R2;PLA2G6;PLCG1;PLCG2;PLD1;PLD2;PLD3;PLD4;PRKCD;PRKCE;PTK2;RAC1;SRC;SYK;VAV1;VAV2;VAV3;WAS;WASF1;WASF2;WASF3;WASL;WIPF1;WIPF2;YES1	S:ABI1;ABI2;ABL1;ACTB;ACTG1;ACTR2;ACTR3;AHCYL1;ARPC1A;ARPC1B;ARPC2;ARPC3;ARPC5;CD247;CD3G;CDC42;CYFIP1;CYFIP2;ELMO1;ELMO2;FCGR3A;FYN;GRB2;HSP90AA1;HSP90AB1;IGLV6-57;ITPR1;ITPR2;ITPR3;LYN;MAPK1;MYH2;MYH9;MYO1C;MYO5A;MYO9B;NCK1;NCKAP1;NF2;PAK1;PIK3CA;PIK3CB;PIK3R1;PLCG1;PLCG2;PRKCE;PTK2;RAC1;SYK;VAV1;VAV2;VAV3;WASF2;WASF3;WIPF2;YES1
S:REACTOME_RHOD_GTPASE_CYCLE	D:50	S:ACTN1;ADD3;AKAP12;ANKFY1;ARHGAP1;ARHGAP12;ARHGAP17;ARHGAP21;ARHGAP26;ARHGAP32;ARHGAP39;ARHGAP5;CAPZB;CAV1;CPNE8;DBN1;DEPDC1B;DIAPH1;DIAPH2;DIAPH3;EFHD2;EMD;ESYT1;FILIP1;HINT2;LBR;LEMD3;LMAN1;LMNB1;MCAM;MOSPD2;PAK6;PGRMC2;PIK3R1;PIK3R2;PLXNA1;PLXNB1;RAB7A;RACGAP1;RHOD;SLC4A7;STBD1;STEAP3;TMPO;TOR1AIP1;VAMP3;VANGL1;VAPB;VRK2;WHAMM	S:ADD3;AKAP12;ANKFY1;ARHGAP1;ARHGAP12;ARHGAP17;ARHGAP21;ARHGAP32;ARHGAP39;ARHGAP5;CAV1;DEPDC1B;DIAPH1;DIAPH2;DIAPH3;ESYT1;LBR;LEMD3;LMAN1;MCAM;PAK6;PGRMC2;PIK3R1;PLXNA1;PLXNB1;RAB7A;RACGAP1;RHOD;SLC4A7;TMPO;TOR1AIP1;VANGL1;VRK2;WHAMM
S:REACTOME_ANTIGEN_ACTIVATES_B_CELL_RECEPTOR_BCR_LEADING_TO_GENERATION_OF_SECOND_MESSENGERS	D:32	S:AHCYL1;BLK;BLNK;BTK;CALM1;CD19;CD22;CD79A;CD79B;DAPP1;FYN;GRB2;IGHD;IGLV6-57;ITPR1;ITPR2;ITPR3;LYN;NCK1;ORAI1;ORAI2;PIK3AP1;PIK3CD;PIK3R1;PLCG2;PTPN6;SH3KBP1;SOS1;STIM1;SYK;TRPC1;VAV1	S:AHCYL1;BLNK;CALM1;CD19;CD79B;FYN;GRB2;IGHD;IGLV6-57;ITPR1;ITPR2;ITPR3;LYN;NCK1;PIK3R1;PLCG2;SH3KBP1;SOS1;STIM1;SYK;TRPC1;VAV1
S:REACTOME_BIOLOGICAL_OXIDATIONS	D:194	S:AADAC;ABHD10;ABHD14B;ACSM1;ACSM2A;ACSM2B;ACSM5;ACSS1;ACSS2;ACY1;ACY3;ADH1A;ADH1B;ADH1C;ADH4;ADH5;ADH6;ADH7;AHCY;AHR;AIP;AKR1A1;AKR7A2;AKR7A3;AKR7L;ALDH1A1;ALDH1B1;ALDH2;ALDH3A1;AOC2;AOC3;ARNT;ARNT2;AS3MT;BPHL;BPNT1;CBR3;CES1;CES2;CES3;CHAC1;CHAC2;CMBL;CNDP2;COMT;CYB5B;CYB5R3;CYP11A1;CYP11B1;CYP11B2;CYP19A1;CYP1A1;CYP1A2;CYP1B1;CYP21A2;CYP24A1;CYP26A1;CYP26B1;CYP27A1;CYP27B1;CYP2A13;CYP2A6;CYP2A7;CYP2B6;CYP2C18;CYP2C19;CYP2C8;CYP2C9;CYP2D6;CYP2E1;CYP2F1;CYP2J2;CYP2R1;CYP2S1;CYP2U1;CYP2W1;CYP39A1;CYP3A4;CYP3A43;CYP3A5;CYP3A7;CYP46A1;CYP4A11;CYP4B1;CYP4F11;CYP4F12;CYP4F2;CYP4F22;CYP4F3;CYP4F8;CYP4V2;CYP51A1;CYP7A1;CYP7B1;CYP8B1;DPEP1;DPEP2;EPHX1;ESD;FDX1;FDXR;FMO1;FMO2;FMO3;GCLC;GCLM;GGCT;GGT1;GGT5;GGT6;GGT7;GLYAT;GLYATL1;GLYATL2;GSS;GSTA1;GSTA2;GSTA3;GSTA4;GSTA5;GSTK1;GSTM1;GSTM2;GSTM3;GSTM4;GSTM5;GSTO1;GSTO2;GSTP1;GSTT1;GSTT2;GSTZ1;HPGDS;HSP90AB1;MAOA;MAOB;MAT1A;MAT2A;MAT2B;MGST1;MGST2;MGST3;MTR;MTRR;NAT1;NAT2;NCOA1;NCOA2;NNMT;NQO2;NR1H4;OPLAH;PAOX;PODXL2;POMC;POR;PTGES3;PTGIS;PTGS1;RXRA;SLC35D1;SLC35D2;SMOX;SULT1A1;SULT1A2;SULT1A4;SULT1B1;SULT1C2;SULT1C4;SULT1E1;SULT2A1;SULT2B1;SULT4A1;TBXAS1;TPMT;TPST1;TPST2;TRMT112;UGDH;UGP2;UGT1A6;UGT1A8;UGT2A1;UGT2A3;UGT2B10;UGT2B11;UGT2B15;UGT2B17;UGT2B28;UGT2B4;UGT2B7;UGT3A1;UGT3A2;UXS1	S:AADAC;ABHD14B;ACSM2A;ACSM5;ACSS2;ACY1;ACY3;ADH1B;ADH6;ADH7;AIP;AKR1A1;AKR7A3;ALDH1A1;ALDH3A1;AOC2;ARNT2;BPHL;BPNT1;CES1;CHAC1;CMBL;CNDP2;COMT;CYB5R3;CYP11B1;CYP11B2;CYP19A1;CYP1A2;CYP21A2;CYP24A1;CYP26A1;CYP26B1;CYP2A13;CYP2A6;CYP2B6;CYP2C18;CYP2C19;CYP2C8;CYP2D6;CYP2F1;CYP2S1;CYP2W1;CYP39A1;CYP3A4;CYP3A43;CYP3A5;CYP4A11;CYP4B1;CYP4F11;CYP4F2;CYP4F22;CYP7B1;CYP8B1;FMO1;FMO2;FMO3;GCLC;GGT1;GGT5;GSS;GSTA1;GSTA2;GSTA5;GSTK1;GSTM1;GSTM2;GSTM4;GSTM5;GSTO1;GSTZ1;MAOA;MGST1;MGST3;NQO2;OPLAH;PODXL2;POMC;POR;PTGES3;PTGIS;PTGS1;RXRA;SMOX;SULT1A1;SULT1B1;SULT1C2;SULT1C4;SULT2A1;SULT2B1;SULT4A1;TBXAS1;TPST2;UGT1A6;UGT1A8;UGT2A1;UGT2B11;UGT2B4;UGT2B7;UGT3A1;UGT3A2
S:REACTOME_COLLAGEN_BIOSYNTHESIS_AND_MODIFYING_ENZYMES	D:60	S:ADAMTS14;ADAMTS2;ADAMTS3;BMP1;COL10A1;COL11A1;COL11A2;COL12A1;COL13A1;COL14A1;COL15A1;COL16A1;COL17A1;COL18A1;COL19A1;COL1A1;COL1A2;COL20A1;COL21A1;COL22A1;COL23A1;COL24A1;COL25A1;COL27A1;COL2A1;COL3A1;COL4A1;COL4A2;COL4A3;COL4A4;COL4A5;COL4A6;COL5A1;COL5A2;COL5A3;COL6A1;COL6A2;COL6A3;COL6A5;COL6A6;COL7A1;COL8A1;COL8A2;COL9A1;COL9A2;COL9A3;CRTAP;P4HA1;P4HA2;P4HA3;P4HB;PCOLCE;PCOLCE2;PLOD1;PLOD2;PLOD3;PPIB;SERPINH1;TLL1;TLL2	S:ADAMTS3;COL11A1;COL14A1;COL17A1;COL18A1;COL1A1;COL21A1;COL22A1;COL23A1;COL24A1;COL25A1;COL27A1;COL2A1;COL3A1;COL4A1;COL4A2;COL4A5;COL4A6;COL6A1;COL6A2;COL6A3;COL6A5;COL6A6;COL8A1;COL9A1;COL9A2;P4HA1;P4HA2;P4HA3;PCOLCE2;PLOD1;PLOD3;TLL1;TLL2
S:REACTOME_DEPOLYMERIZATION_OF_THE_NUCLEAR_LAMINA	D:14	S:CCNB1;CDK1;CTDNEP1;EMD;LEMD2;LEMD3;LMNA;LMNB1;LPIN1;LPIN2;LPIN3;PRKCA;PRKCB;TMPO	S:CCNB1;CDK1;LEMD3;LMNA;LPIN1;LPIN2;PRKCA;PRKCB;TMPO
S:REACTOME_DOWNSTREAM_TCR_SIGNALING	D:83	S:ADRM1;BCL10;BTRC;CARD11;CD247;CD3D;CD3E;CD3G;CD4;CDC34;CHUK;CUL1;FBXW11;HLA-DPA1;HLA-DPB1;HLA-DQA1;HLA-DQA2;HLA-DQB1;HLA-DQB2;HLA-DRA;HLA-DRB1;HLA-DRB3;HLA-DRB4;HLA-DRB5;IKBKB;IKBKG;INPP5D;LCK;MALT1;MAP3K7;NFKB1;NFKBIA;PDPK1;PIK3CA;PIK3CB;PIK3R1;PIK3R2;PRKCQ;PSMA1;PSMA2;PSMA3;PSMA4;PSMA5;PSMA6;PSMA7;PSMB1;PSMB2;PSMB3;PSMB4;PSMB5;PSMB6;PSMB7;PSMC1;PSMC2;PSMC3;PSMC4;PSMC5;PSMC6;PSMD1;PSMD11;PSMD12;PSMD13;PSMD14;PSMD2;PSMD3;PSMD6;PSMD7;PSMD8;PTEN;RELA;RIPK2;RPS27A;SKP1;TAB2;TRAF6;TRAT1;UBA52;UBB;UBC;UBE2D1;UBE2D2;UBE2N;UBE2V1	S:BCL10;BTRC;CARD11;CD247;CD3D;CD3G;CUL1;FBXW11;HLA-DPA1;HLA-DPB1;HLA-DQA1;HLA-DQB1;HLA-DQB2;HLA-DRA;HLA-DRB1;HLA-DRB3;HLA-DRB4;HLA-DRB5;IKBKB;INPP5D;LCK;MALT1;MAP3K7;NFKB1;NFKBIA;PIK3CA;PIK3CB;PIK3R1;PRKCQ;PSMA1;PSMA3;PSMA4;PSMA5;PSMA6;PSMA7;PSMB1;PSMB2;PSMB3;PSMB4;PSMC5;PSMC6;PSMD1;PSMD11;PSMD12;PSMD14;PSMD2;PSMD3;PSMD6;PSMD7;RELA;RPS27A;TAB2;TRAF6;TRAT1;UBC;UBE2D2;UBE2N
S:REACTOME_GLUCAGON_TYPE_LIGAND_RECEPTORS	D:33	S:ADCYAP1;ADCYAP1R1;GCG;GCGR;GHRH;GHRHR;GIP;GIPR;GLP1R;GLP2R;GNAS;GNB1;GNB2;GNB3;GNB4;GNB5;GNG10;GNG11;GNG12;GNG13;GNG2;GNG3;GNG4;GNG5;GNG7;GNG8;GNGT1;GNGT2;SCT;SCTR;VIP;VIPR1;VIPR2	S:ADCYAP1R1;GCGR;GIPR;GLP1R;GLP2R;GNB2;GNB4;GNG10;GNG11;GNG12;GNG13;GNG4;GNGT1;GNGT2;SCT;SCTR;VIPR1
S:REACTOME_INTERLEUKIN_12_FAMILY_SIGNALING	D:55	S:AIP;ANXA2;ARF1;BOLA2B;CA1;CANX;CAPZA1;CDC42;CFL1;CNN2;CRLF1;EBI3;GSTA2;GSTO1;HNRNPA2B1;HNRNPF;HSPA9;IFNG;IL10;IL12A;IL12B;IL12RB1;IL12RB2;IL23A;IL23R;IL27;IL27RA;IL6ST;JAK1;JAK2;LCP1;LMNB1;MIF;MSN;MTAP;P4HB;PAK2;PDCD4;PITPNA;PPIA;PSME2;RALA;RAP1B;RPLP0;SERPINB2;SNRPA1;SOD1;SOD2;STAT1;STAT3;STAT4;TALDO1;TCP1;TYK2;VAMP7	S:ARF1;BOLA2B;CANX;CDC42;CNN2;EBI3;HNRNPA2B1;HSPA9;IFNG;IL10;IL12B;IL12RB2;IL23A;IL23R;IL27RA;IL6ST;JAK1;LCP1;MIF;MSN;MTAP;P4HB;PAK2;PDCD4;PITPNA;PSME2;RALA;RAP1B;RPLP0;SERPINB2;SNRPA1;SOD1;SOD2;STAT1;STAT4;TALDO1;TCP1;VAMP7
S:REACTOME_PYRIMIDINE_SALVAGE	D:10	S:CDA;DCK;TK1;TK2;TYMP;UCK1;UCK2;UCKL1;UPP1;UPP2	S:CDA;TK2;TYMP;UCK1;UCKL1;UPP1
S:REACTOME_RHOBTB3_ATPASE_CYCLE	D:10	S:CCNE1;CUL3;HGS;HTR7;LRRC41;PLIN3;RAB9A;RAB9B;RHOBTB3;VHL	S:CCNE1;CUL3;HGS;HTR7;LRRC41;RAB9A;RAB9B;RHOBTB3;VHL
S:REACTOME_RNA_POLYMERASE_I_PROMOTER_ESCAPE	D:27	S:CBX3;CCNH;CDK7;ERCC2;ERCC3;GTF2H1;GTF2H3;GTF2H4;GTF2H5;MNAT1;POLR1A;POLR1B;POLR1C;POLR1D;POLR1E;POLR2E;POLR2F;POLR2H;POLR2K;POLR2L;RRN3;TAF1A;TAF1B;TAF1C;TAF1D;TBP;UBTF	S:CBX3;CCNH;CDK7;ERCC3;GTF2H1;GTF2H3;GTF2H4;GTF2H5;MNAT1;POLR1B;POLR1C;POLR1E;POLR2K;POLR2L;RRN3;TAF1A;TAF1B;TAF1C;TAF1D;TBP;UBTF
S:REACTOME_TP53_REGULATES_TRANSCRIPTION_OF_SEVERAL_ADDITIONAL_CELL_DEATH_GENES_WHOSE_SPECIFIC_ROLES_IN_P53_DEPENDENT_APOPTOSIS_REMAIN_UNCERTAIN	D:14	S:BCL2L14;BCL6;BIRC5;CHM;NDRG1;PERP;PPP1R13B;RABGGTA;RABGGTB;TP53;TP53BP2;TP53I3;TP63;TP73	S:BCL2L14;BCL6;BIRC5;CHM;PERP;PPP1R13B;RABGGTB;TP53;TP53BP2;TP63;TP73
S:REACTOME_ATP_DEPENDENT_CHROMATIN_REMODELERS	D:29	S:ACTB;ACTL6A;ACTL6B;ARID1A;ARID1B;ARID2;BCL11A;BCL11B;BCL7A;BCL7B;BCL7C;BRD7;BRD9;DPF1;DPF2;DPF3;PBRM1;PHF10;SMARCA2;SMARCA4;SMARCB1;SMARCC1;SMARCC2;SMARCD1;SMARCD2;SMARCD3;SMARCE1;SS18;SS18L1	S:ACTB;ACTL6A;ARID1A;ARID2;BCL11A;BCL7A;BRD7;DPF2;DPF3;PBRM1;PHF10;SMARCA2;SMARCA4;SMARCC1;SMARCC2;SMARCD1;SMARCE1;SS18;SS18L1
S:REACTOME_CARBOXYTERMINAL_POST_TRANSLATIONAL_MODIFICATIONS_OF_TUBULIN	D:33	S:AGBL1;AGBL2;AGBL3;AGBL5;AGTPBP1;LRRC49;NICN1;TTL;TTLL1;TTLL10;TTLL11;TTLL12;TTLL2;TTLL4;TTLL5;TTLL6;TTLL7;TUBA1A;TUBA1B;TUBA1C;TUBA3C;TUBA3D;TUBA4A;TUBA8;TUBAL3;TUBB1;TUBB2A;TUBB2B;TUBB3;TUBB6;TUBB8;VASH1;VASH2	S:AGBL1;AGBL3;TTLL12;TTLL2;TTLL4;TTLL5;TTLL6;TTLL7;TUBA1A;TUBA1C;TUBA3D;TUBA8;TUBAL3;TUBB2A;TUBB2B;TUBB3;TUBB6;TUBB8;VASH1
S:REACTOME_CYTOCHROME_P450_ARRANGED_BY_SUBSTRATE_TYPE	D:61	S:AHR;ARNT;ARNT2;CYP11A1;CYP11B1;CYP11B2;CYP19A1;CYP1A1;CYP1A2;CYP1B1;CYP21A2;CYP24A1;CYP26A1;CYP26B1;CYP27A1;CYP27B1;CYP2A13;CYP2A6;CYP2A7;CYP2B6;CYP2C18;CYP2C19;CYP2C8;CYP2C9;CYP2D6;CYP2E1;CYP2F1;CYP2J2;CYP2R1;CYP2S1;CYP2U1;CYP2W1;CYP39A1;CYP3A4;CYP3A43;CYP3A5;CYP3A7;CYP46A1;CYP4A11;CYP4B1;CYP4F11;CYP4F12;CYP4F2;CYP4F22;CYP4F3;CYP4F8;CYP4V2;CYP51A1;CYP7A1;CYP7B1;CYP8B1;FDX1;FDXR;NCOA1;NCOA2;NR1H4;POMC;POR;PTGIS;RXRA;TBXAS1	S:ARNT2;CYP11B1;CYP11B2;CYP19A1;CYP1A2;CYP21A2;CYP24A1;CYP26A1;CYP26B1;CYP2A13;CYP2A6;CYP2B6;CYP2C18;CYP2C19;CYP2C8;CYP2D6;CYP2F1;CYP2S1;CYP2W1;CYP39A1;CYP3A4;CYP3A43;CYP3A5;CYP4A11;CYP4B1;CYP4F11;CYP4F2;CYP4F22;CYP7B1;CYP8B1;POMC;POR;PTGIS;RXRA;TBXAS1
S:REACTOME_FORMATION_OF_THE_ANTERIOR_NEURAL_PLATE	D:11	S:GBX2;NANOG;OTX2;PAX6;POU3F1;POU5F1;SOX1;SOX2;ZEB2;ZIC2;ZNF521	S:NANOG;PAX6;POU5F1;SOX1;SOX2;ZEB2;ZIC2;ZNF521
S:REACTOME_HEME_DEGRADATION	D:13	S:ABCC1;ABCC2;ABCG2;ALB;BLVRA;BLVRB;FABP1;GSTA1;HMOX1;HMOX2;SLCO1B1;SLCO1B3;SLCO2B1	S:ABCC1;ABCG2;BLVRB;FABP1;GSTA1;SLCO1B1;SLCO1B3
S:REACTOME_INTEGRATION_OF_ENERGY_METABOLISM	D:108	S:ABCC8;ACACA;ACACB;ACLY;ACSL3;ACSL4;ADCY1;ADCY2;ADCY3;ADCY4;ADCY5;ADCY6;ADCY7;ADCY8;ADCY9;ADIPOQ;ADIPOR1;ADIPOR2;ADRA2A;ADRA2C;AGPAT1;AHCYL1;AKAP5;CACNA1A;CACNA1C;CACNA1D;CACNA1E;CACNA2D2;CACNB2;CACNB3;CD36;CHRM3;FASN;FFAR1;GCG;GCGR;GLP1R;GNA11;GNA14;GNA15;GNAI1;GNAI2;GNAQ;GNAS;GNB1;GNB2;GNB3;GNB4;GNB5;GNG10;GNG11;GNG12;GNG13;GNG2;GNG3;GNG4;GNG5;GNG7;GNG8;GNGT1;GNGT2;INS;IQGAP1;ITPR1;ITPR2;ITPR3;KCNB1;KCNC2;KCNG2;KCNJ11;KCNS3;MARCKS;MLX;MLXIPL;PFKFB1;PKLR;PLCB1;PLCB2;PLCB3;PPP2CA;PPP2CB;PPP2R1A;PPP2R1B;PPP2R5D;PRKAA2;PRKAB2;PRKACA;PRKACB;PRKACG;PRKAG2;PRKAR1A;PRKAR1B;PRKAR2A;PRKAR2B;PRKCA;RAP1A;RAPGEF3;RAPGEF4;SLC2A1;SLC2A2;SNAP25;STK11;STX1A;STXBP1;SYT5;TALDO1;TKT;VAMP2	S:ACSL4;ADCY2;ADCY6;ADCY8;ADIPOR1;ADIPOR2;ADRA2C;AGPAT1;AKAP5;CACNA1A;CACNA1C;CACNA1E;CACNB2;CACNB3;CD36;FFAR1;GCGR;GLP1R;GNA11;GNA14;GNA15;GNAI2;GNAQ;GNB2;GNB4;GNG10;GNG11;GNG12;GNG13;GNG4;GNGT1;GNGT2;INS;KCNB1;KCNC2;KCNG2;KCNS3;MLX;MLXIPL;PKLR;PLCB2;PLCB3;PPP2CA;PPP2R1A;PRKAA2;PRKACA;PRKAR1A;PRKAR1B;RAPGEF4;SLC2A2;SNAP25;STK11;SYT5;VAMP2
S:REACTOME_INTERLEUKIN_20_FAMILY_SIGNALING	D:22	S:IL10RB;IL19;IL20;IL20RA;IL20RB;IL22;IL22RA1;IL22RA2;IL24;IL26;JAK1;JAK2;JAK3;PTPN11;SOCS3;STAT1;STAT2;STAT3;STAT4;STAT5A;STAT5B;TYK2	S:IL10RB;IL20;IL20RA;IL22RA1;IL22RA2;IL26;JAK2;JAK3;SOCS3;STAT2;STAT3;STAT5A;STAT5B;TYK2
S:REACTOME_MRNA_DECAY_BY_3_TO_5_EXORIBONUCLEASE	D:12	S:DCPS;DIS3;EXOSC1;EXOSC2;EXOSC3;EXOSC4;EXOSC5;EXOSC6;EXOSC7;EXOSC8;EXOSC9;HBS1L	S:DCPS;DIS3;EXOSC1;EXOSC2;EXOSC3;EXOSC4;EXOSC5;EXOSC7;EXOSC8;EXOSC9;HBS1L
S:REACTOME_NCAM1_INTERACTIONS	D:42	S:AGRN;ARTN;CACNA1C;CACNA1D;CACNA1G;CACNA1H;CACNA1I;CACNA1S;CACNB1;CACNB2;CACNB3;CACNB4;CNTN2;COL2A1;COL3A1;COL4A1;COL4A2;COL4A3;COL4A4;COL4A5;COL5A1;COL5A2;COL5A3;COL6A1;COL6A2;COL6A3;COL6A5;COL6A6;COL9A1;COL9A2;COL9A3;GDNF;GFRA1;GFRA2;GFRA4;NCAM1;NCAN;NRTN;PRNP;PSPN;ST8SIA2;ST8SIA4	S:AGRN;CACNA1C;CACNA1H;CACNB2;CACNB3;COL2A1;COL3A1;COL4A1;COL4A2;COL4A5;COL6A1;COL6A2;COL6A3;COL6A5;COL6A6;COL9A1;COL9A2;GDNF;GFRA1;GFRA4;NCAM1;NCAN;NRTN;PSPN
S:REACTOME_NUCLEOTIDE_SALVAGE	D:21	S:ADA;ADK;AMPD1;AMPD2;AMPD3;APRT;CDA;DCK;DGUOK;GMPR;GMPR2;HPRT1;PNP;TK1;TK2;TYMP;UCK1;UCK2;UCKL1;UPP1;UPP2	S:AMPD1;AMPD2;AMPD3;CDA;DGUOK;GMPR;GMPR2;PNP;TK2;TYMP;UCK1;UCKL1;UPP1
S:REACTOME_RAC1_GTPASE_CYCLE	D:175	S:ABI1;ABI2;ABL2;ABR;ALS2;AMIGO2;ARAP1;ARAP2;ARAP3;ARHGAP1;ARHGAP10;ARHGAP12;ARHGAP15;ARHGAP17;ARHGAP20;ARHGAP21;ARHGAP22;ARHGAP23;ARHGAP24;ARHGAP25;ARHGAP26;ARHGAP27;ARHGAP29;ARHGAP30;ARHGAP31;ARHGAP32;ARHGAP33;ARHGAP39;ARHGAP4;ARHGAP44;ARHGAP5;ARHGAP9;ARHGDIA;ARHGDIB;ARHGEF10;ARHGEF11;ARHGEF15;ARHGEF18;ARHGEF19;ARHGEF25;ARHGEF4;ARHGEF5;ARHGEF6;ARHGEF7;BAIAP2;BAIAP2L1;BCR;CAV1;CDC42;CDC42BPA;CDC42EP1;CDC42EP4;CHN1;CHN2;CIT;CYBA;CYBB;CYFIP1;CYFIP2;DEF6;DEPDC1B;DIAPH3;DLC1;DOCK1;DOCK10;DOCK11;DOCK2;DOCK3;DOCK4;DOCK5;DOCK6;DOCK7;DOCK8;DOCK9;ECT2;EMD;EPHA2;ESYT1;FAM13A;FAM13B;FARP1;FARP2;FERMT2;FGD5;FMNL1;GIT1;GIT2;GMIP;GNA13;IQGAP1;IQGAP2;IQGAP3;ITGB1;JAG1;KALRN;KTN1;LAMTOR1;LBR;LEMD3;MCAM;MCF2;MCF2L;MPP7;MYO9B;NCF1;NCF2;NCF4;NCKAP1;NCKAP1L;NGEF;NHS;NISCH;NOX1;NOX3;NOXA1;NOXO1;OPHN1;PAK1;PAK2;PAK3;PAK4;PAK6;PARD6A;PIK3CA;PIK3R1;PIK3R2;PIK3R3;PKN1;PKN2;PLD1;PLD2;PLEKHG1;PLEKHG2;PLEKHG3;PLEKHG4;PLEKHG6;PREX1;PREX2;RAB7A;RAC1;RACGAP1;RALBP1;RASGRF2;SH3BP1;SLC1A5;SNAP23;SOS1;SOS2;SPATA13;SRGAP1;SRGAP2;SRGAP3;SWAP70;SYDE2;TAGAP;TAOK3;TFRC;TIAM1;TIAM2;TMPO;TRIO;VAMP3;VANGL1;VAV1;VAV2;VAV3;VRK2;WAS;WASF1;WASF2;WASF3;WASL;WIPF1;WIPF2;YKT6	S:ABI1;ABI2;ABL2;ABR;ALS2;AMIGO2;ARAP2;ARAP3;ARHGAP1;ARHGAP10;ARHGAP12;ARHGAP17;ARHGAP21;ARHGAP23;ARHGAP24;ARHGAP25;ARHGAP29;ARHGAP31;ARHGAP32;ARHGAP33;ARHGAP39;ARHGAP4;ARHGAP5;ARHGAP9;ARHGDIB;ARHGEF10;ARHGEF18;ARHGEF4;ARHGEF5;ARHGEF6;ARHGEF7;BAIAP2L1;BCR;CAV1;CDC42;CDC42BPA;CHN1;CHN2;CIT;CYFIP1;CYFIP2;DEF6;DEPDC1B;DIAPH3;DLC1;DOCK10;DOCK11;DOCK2;DOCK3;DOCK7;DOCK8;DOCK9;ESYT1;FAM13B;FARP1;GIT2;GNA13;IQGAP1;IQGAP2;ITGB1;JAG1;KTN1;LBR;LEMD3;MCAM;MCF2;MCF2L;MPP7;MYO9B;NCF1;NCF2;NCKAP1;NGEF;NHS;OPHN1;PAK1;PAK2;PAK3;PAK6;PIK3CA;PIK3R1;PIK3R3;PKN2;PLEKHG1;PLEKHG2;PLEKHG3;PLEKHG4;PLEKHG6;PREX1;RAB7A;RAC1;RACGAP1;RALBP1;SNAP23;SOS1;SOS2;SPATA13;SWAP70;SYDE2;TAGAP;TAOK3;TMPO;TRIO;VANGL1;VAV1;VAV2;VAV3;VRK2;WASF2;WASF3;WIPF2
S:REACTOME_REGULATION_OF_PD_L1_CD274_POST_TRANSLATIONAL_MODIFICATION	D:84	S:ADRM1;B3GNT3;BTRC;CCND1;CD274;CDK4;COPS5;CSNK2A1;CSNK2A2;CSNK2B;CUL1;CUL3;DAD1;DDOST;DERL1;DERL2;DERL3;ERLEC1;ERLIN1;ERLIN2;GSK3B;JAK1;MAGT1;MIB2;NEK2;OS9;OST4;OSTC;PDCD1;PDCD1LG2;PRKAA1;PRKAA2;PRKAB1;PRKAB2;PRKAG1;PRKAG2;PRKAG3;PSMA1;PSMA2;PSMA3;PSMA4;PSMA5;PSMA6;PSMA7;PSMB1;PSMB2;PSMB3;PSMB4;PSMB5;PSMB6;PSMB7;PSMC1;PSMC2;PSMC3;PSMC4;PSMC5;PSMC6;PSMD1;PSMD11;PSMD12;PSMD13;PSMD14;PSMD2;PSMD3;PSMD6;PSMD7;PSMD8;RBX1;RNF185;RNF5;RPN1;RPN2;RPS27A;SEL1L;SKP1;SPOP;STT3A;STT3B;TUSC3;UBA52;UBB;UBC;VCP;YWHAG	S:B3GNT3;BTRC;CCND1;CDK4;COPS5;CSNK2A1;CSNK2B;CUL1;CUL3;DAD1;DDOST;DERL1;DERL3;ERLEC1;ERLIN1;ERLIN2;GSK3B;JAK1;MAGT1;OS9;OSTC;PDCD1;PRKAA1;PRKAB1;PRKAB2;PRKAG2;PSMA1;PSMA3;PSMA4;PSMA5;PSMA6;PSMA7;PSMB1;PSMB2;PSMB3;PSMB4;PSMC5;PSMC6;PSMD1;PSMD11;PSMD12;PSMD14;PSMD2;PSMD3;PSMD6;PSMD7;RPN1;RPN2;RPS27A;SEL1L;SPOP;STT3A;STT3B;TUSC3;UBC;VCP;YWHAG
S:REACTOME_THE_CANONICAL_RETINOID_CYCLE_IN_RODS_TWILIGHT_VISION	D:21	S:ABCA4;CYP4V2;DHRS9;HSD17B1;HSD17B6;LRAT;MYO7A;RBP1;RBP4;RDH10;RDH11;RDH12;RDH16;RDH5;RDH8;RHO;RLBP1;RPE65;SDR9C7;STRA6;TTR	S:ABCA4;HSD17B1;LRAT;MYO7A;RBP4;RDH16;RDH5;RDH8;RHO;RLBP1;RPE65;SDR9C7;TTR
S:REACTOME_TRIGLYCERIDE_BIOSYNTHESIS	D:12	S:AGMO;DGAT1;DGAT2;GK;GK2;GPAM;GPAT2;LPIN1;LPIN2;LPIN3;MOGAT1;MOGAT3	S:AGMO;DGAT1;DGAT2;GK;GK2;GPAT2;LPIN3;MOGAT1
S:REACTOME_DNA_DOUBLE_STRAND_BREAK_RESPONSE	D:39	S:ABL1;APBB1;ATM;BABAM1;BAP1;BARD1;BAZ1B;BRCA1;BRCC3;CHEK2;EYA1;EYA2;EYA3;EYA4;HERC2;KAT5;KDM4A;KPNA2;MAPK8;MDC1;NBN;PIAS4;PPP5C;RAD50;RNF168;RNF8;RPS27A;SMARCA5;SUMO1;TP53;TP53BP1;UBA52;UBB;UBC;UBE2I;UBE2N;UBE2V2;UBXN1;UIMC1	S:ABL1;ATM;BARD1;BAZ1B;BRCA1;BRCC3;CHEK2;EYA1;EYA2;EYA3;HERC2;KAT5;KDM4A;KPNA2;MAPK8;MDC1;NBN;PPP5C;RAD50;RNF168;RNF8;RPS27A;SMARCA5;TP53;TP53BP1;UBC;UBE2I;UBE2N;UIMC1
S:REACTOME_FORMATION_OF_THE_CANONICAL_BAF_CBAF_COMPLEX	D:18	S:ACTB;ACTL6A;ARID1A;ARID1B;BCL7A;BCL7B;BCL7C;DPF1;DPF2;DPF3;SMARCA2;SMARCA4;SMARCB1;SMARCC1;SMARCD1;SMARCE1;SS18;SS18L1	S:ACTB;ACTL6A;ARID1A;BCL7A;DPF2;DPF3;SMARCA2;SMARCA4;SMARCC1;SMARCD1;SMARCE1;SS18;SS18L1
S:REACTOME_RET_SIGNALING	D:40	S:ARTN;DOK1;DOK2;DOK4;DOK5;DOK6;FRS2;GAB1;GAB2;GDNF;GFRA1;GFRA2;GFRA3;GFRA4;GRB10;GRB2;GRB7;IRS2;MAPK7;NRTN;PDLIM7;PIK3CA;PIK3CB;PIK3CD;PIK3R1;PIK3R2;PIK3R3;PLCG1;PRKACA;PRKACB;PRKACG;PRKCA;PSPN;PTPN11;RAP1GAP;RET;SHC1;SHC3;SOS1;SRC	S:DOK1;DOK2;DOK4;FRS2;GAB1;GAB2;GDNF;GFRA1;GFRA3;GFRA4;GRB10;MAPK7;NRTN;PDLIM7;PIK3CD;PIK3R2;PRKACA;PSPN;RAP1GAP;RET;SHC3;SRC
S:REACTOME_TOLL_LIKE_RECEPTOR_CASCADES	D:163	S:AGER;ALPK1;APOB;APP;ATF1;ATF2;BIRC2;BIRC3;BPI;BTK;BTRC;CASP8;CD14;CD180;CD36;CHUK;CNPY3;CREB1;CTSB;CTSK;CTSS;CUL1;DNM1;DNM2;DNM3;DUSP3;DUSP4;DUSP6;DUSP7;ECSIT;EEA1;ELK1;FADD;FBXW11;FGA;FGB;FGG;FOS;GSDMD;HMGB1;HSP90B1;IKBIP;IKBKB;IKBKE;IKBKG;IRAK1;IRAK2;IRAK3;IRAK4;IRF3;IRF5;IRF7;ITGAM;ITGB2;JUN;LBP;LGMN;LRRC14;LY86;LY96;MAP2K1;MAP2K3;MAP2K4;MAP2K6;MAP2K7;MAP3K1;MAP3K7;MAP3K8;MAPK1;MAPK10;MAPK11;MAPK14;MAPK3;MAPK7;MAPK8;MAPK9;MAPKAPK2;MAPKAPK3;MEF2A;MEF2C;MYD88;N4BP1;NFKB1;NFKB2;NFKBIA;NFKBIB;NKIRAS1;NKIRAS2;NLRC5;NLRX1;NOD1;NOD2;OPTN;PELI1;PELI2;PELI3;PIK3C3;PIK3R4;PLCG2;PPP2CA;PPP2CB;PPP2R1A;PPP2R1B;PPP2R5D;PTPN11;PTPN4;RELA;RIPK1;RIPK2;RIPK3;RPS27A;RPS6KA1;RPS6KA2;RPS6KA3;RPS6KA5;S100A1;S100A12;S100A8;S100A9;S100B;SAA1;SARM1;SFTPA1;SFTPD;SIGIRR;SKP1;SLC15A4;SOCS1;TAB1;TAB2;TAB3;TANK;TBK1;TICAM1;TIFA;TIRAP;TLR1;TLR10;TLR2;TLR3;TLR4;TLR5;TLR6;TLR7;TLR8;TLR9;TNIP2;TP53;TRAF2;TRAF3;TRAF6;UBA52;UBB;UBC;UBE2D1;UBE2D2;UBE2D3;UBE2N;UBE2V1;UNC93B1;USP14;USP18;VRK3	S:AGER;ALPK1;BIRC2;BPI;BTK;CASP8;CD180;CD36;CHUK;CNPY3;CTSB;CTSS;DNM1;DNM2;DUSP3;DUSP4;DUSP7;ECSIT;FGA;FGB;FGG;GSDMD;IKBKE;IKBKG;IRAK1;IRAK2;IRAK3;IRAK4;IRF3;IRF5;IRF7;LY86;LY96;MAP2K3;MAP2K6;MAP2K7;MAP3K8;MAPK10;MAPK11;MAPK14;MAPK3;MAPK7;MAPKAPK2;MAPKAPK3;MEF2A;MYD88;N4BP1;NFKB2;NFKBIB;NKIRAS2;NLRC5;OPTN;PPP2CA;PPP2R1A;RIPK2;RIPK3;RPS6KA1;RPS6KA2;S100A12;S100A8;S100A9;S100B;SAA1;SFTPA1;SFTPD;SKP1;SLC15A4;TAB1;TIFA;TIRAP;TLR10;TLR4;TLR5;TLR6;TLR8;TLR9;TNIP2;UBA52;UBB;UBE2D1;UBE2V1;UNC93B1;VRK3
S:REACTOME_MISCELLANEOUS_SUBSTRATES	D:11	S:CYP2D6;CYP2S1;CYP2U1;CYP2W1;CYP3A43;CYP4A11;CYP4B1;CYP4F11;CYP4F2;CYP4F22;CYP4F3	S:CYP2D6;CYP2S1;CYP2W1;CYP3A43;CYP4A11;CYP4B1;CYP4F11;CYP4F2;CYP4F22
S:REACTOME_FORMATION_OF_RNA_POL_II_ELONGATION_COMPLEX	D:48	S:AFF4;CCNH;CCNK;CCNT1;CCNT2;CDC73;CDK7;CDK9;CTDP1;CTR9;EAF1;EAF2;ELL;ERCC2;ERCC3;GTF2F1;GTF2F2;GTF2H1;GTF2H3;GTF2H4;GTF2H5;IWS1;LEO1;MLLT1;MLLT3;MNAT1;NCBP1;NCBP2;PAF1;POLR2A;POLR2B;POLR2C;POLR2D;POLR2E;POLR2F;POLR2G;POLR2H;POLR2I;POLR2J;POLR2K;POLR2L;RTF1;SSRP1;SUPT16H;SUPT4H1;SUPT5H;SUPT6H;TCEA1	S:AFF4;CCNH;CCNK;CCNT1;CCNT2;CDC73;CDK7;CTR9;EAF1;ERCC3;GTF2F1;GTF2F2;GTF2H1;GTF2H3;GTF2H4;GTF2H5;IWS1;LEO1;MLLT3;MNAT1;NCBP1;NCBP2;PAF1;POLR2B;POLR2G;POLR2K;POLR2L;RTF1;SSRP1;SUPT16H;TCEA1
S:REACTOME_FOXO_MEDIATED_TRANSCRIPTION	D:64	S:ABCA6;AGRP;AKT1;AKT2;AKT3;ATXN3;BBC3;BCL2L11;BCL6;BTG1;CAT;CAV1;CCNG2;CDKN1A;CDKN1B;CITED2;CREBBP;DDIT3;EP300;FASLG;FBXO32;FOXG1;FOXO1;FOXO3;FOXO4;GADD45A;GCK;HDAC1;HDAC2;IGFBP1;INS;KAT2B;KLF4;MSTN;NFYA;NFYB;NFYC;NPY;NR3C1;PCBP4;PCK1;PINK1;PLXNA4;POMC;PPARGC1A;RBL2;RETN;SFN;SIN3A;SIRT1;SIRT3;SMAD2;SMAD3;SMAD4;SOD2;SREBF1;STK11;TRIM63;TXN;TXNIP;YWHAB;YWHAG;YWHAQ;YWHAZ	S:AKT2;AKT3;ATXN3;BBC3;BCL6;BTG1;CAT;CAV1;CCNG2;CDKN1B;CITED2;CREBBP;EP300;FASLG;FBXO32;FOXG1;FOXO1;GCK;HDAC1;HDAC2;NFYA;NFYB;NFYC;NPY;NR3C1;PCBP4;PCK1;PLXNA4;PPARGC1A;RBL2;SIN3A;SIRT1;SMAD2;SMAD3;SMAD4;SOD2;SREBF1;TRIM63;TXNIP;YWHAB;YWHAG;YWHAQ;YWHAZ
S:REACTOME_METABOLISM_OF_NITRIC_OXIDE_NOS3_ACTIVATION_AND_REGULATION	D:17	S:AKT1;CALM1;CAV1;CYB5B;CYGB;DDAH1;DNM2;HSP90AA1;LYPLA1;NMT1;NMT2;NOS3;NOSIP;NOSTRIN;SPR;WASL;ZDHHC21	S:CALM1;CAV1;CYB5B;DDAH1;HSP90AA1;LYPLA1;NMT1;NMT2;SPR;ZDHHC21
S:REACTOME_DAP12_INTERACTIONS	D:41	S:B2M;BTK;CD300E;CD300LB;CLEC5A;FYN;GRAP2;GRB2;HLA-B;HLA-C;HLA-E;HRAS;KIR2DS1;KIR2DS2;KIR2DS4;KLRC2;KLRD1;KLRK1;KRAS;LAT;LCK;LCP2;NCR2;NRAS;PIK3CA;PIK3CB;PIK3R1;PIK3R2;PLCG1;PLCG2;RAC1;SHC1;SIGLEC15;SIRPB1;SOS1;SYK;TREM1;TREM2;TYROBP;VAV2;VAV3	S:B2M;FYN;GRAP2;GRB2;HLA-B;HLA-C;HLA-E;KIR2DS1;KIR2DS4;KLRC2;KLRD1;KLRK1;KRAS;LAT;LCK;LCP2;NCR2;PIK3CA;PIK3CB;PIK3R1;PLCG1;PLCG2;RAC1;SHC1;SOS1;SYK;TREM2;TYROBP;VAV2;VAV3
S:REACTOME_METABOLISM_OF_FAT_SOLUBLE_VITAMINS	D:47	S:AGRN;AKR1B10;AKR1C1;AKR1C3;AKR1C4;APOA1;APOA2;APOA4;APOB;APOC2;APOC3;APOE;APOM;BCO2;CLPS;GPC1;GPC2;GPC3;GPC4;GPC5;GPC6;GPIHBP1;HSPG2;LDLR;LPL;LRAT;LRP1;LRP10;LRP12;LRP2;LRP8;PLB1;PNLIP;RBP1;RBP2;RBP4;RDH11;RETSAT;SDC1;SDC2;SDC3;SDC4;TTPA;TTR;UBIAD1;VKORC1;VKORC1L1	S:AGRN;AKR1B10;APOA1;APOA2;APOA4;APOE;APOM;CLPS;GPC4;GPC5;GPC6;GPIHBP1;LDLR;LRAT;LRP1;LRP10;LRP2;PLB1;PNLIP;RBP2;RBP4;SDC1;TTPA;TTR;VKORC1
S:REACTOME_TRANSCRIPTIONAL_REGULATION_OF_BROWN_AND_BEIGE_ADIPOCYTE_DIFFERENTIATION	D:30	S:BMP7;CHD3;CHD4;CIDEA;COX7A1;DIO2;EBF2;ELOVL3;GATAD2A;GATAD2B;HDAC1;HDAC2;HNRNPU;MBD3;MTA1;MTA2;MTA3;NCOA1;PPARA;PPARG;PPARGC1A;PPARGC1B;PRDM16;RBBP4;RBBP7;RXRA;SMAD1;SMAD4;UCP1;ZNF423	S:CHD4;COX7A1;EBF2;ELOVL3;GATAD2A;GATAD2B;HDAC1;HDAC2;HNRNPU;MTA3;NCOA1;PPARA;PPARG;PPARGC1A;PPARGC1B;PRDM16;RBBP4;RBBP7;SMAD1;SMAD4;ZNF423
S:REACTOME_ANTIGEN_PROCESSING_UBIQUITINATION_PROTEASOME_DEGRADATION	D:279	S:ADRM1;ANAPC1;ANAPC10;ANAPC11;ANAPC13;ANAPC2;ANAPC4;ANAPC5;ANAPC7;ARIH2;ASB1;ASB10;ASB11;ASB12;ASB13;ASB14;ASB16;ASB17;ASB2;ASB3;ASB4;ASB5;ASB6;ASB7;ASB8;ASB9;ATG7;BLMH;BTBD1;BTBD6;BTRC;CBLB;CCNF;CDC16;CDC20;CDC23;CDC26;CDC27;CDC34;CUL1;CUL2;CUL3;CUL5;CUL7;DET1;DTX3L;DZIP3;FBXL12;FBXL13;FBXL14;FBXL15;FBXL16;FBXL18;FBXL19;FBXL20;FBXL22;FBXL3;FBXL4;FBXL5;FBXL7;FBXL8;FBXO10;FBXO11;FBXO15;FBXO17;FBXO2;FBXO21;FBXO22;FBXO27;FBXO30;FBXO31;FBXO32;FBXO4;FBXO40;FBXO41;FBXO44;FBXO6;FBXO7;FBXO9;FBXW10;FBXW11;FBXW2;FBXW4;FBXW5;FBXW7;FBXW8;FBXW9;FZR1;GAN;GLMN;HACE1;HECTD1;HECTD2;HECTD3;HECW2;HERC1;HERC2;HERC3;HERC4;HERC5;HERC6;HUWE1;ITCH;KBTBD6;KBTBD7;KBTBD8;KCTD6;KCTD7;KEAP1;KLHL11;KLHL13;KLHL2;KLHL20;KLHL21;KLHL22;KLHL25;KLHL3;KLHL5;KLHL9;LMO7;LNPEP;LNX1;LONRF1;LRR1;LRRC41;LRSAM1;LTN1;MEX3C;MGRN1;MIB2;MKRN1;MYLIP;NEDD4;NEDD4L;NPEPPS;PJA1;PJA2;PSMA1;PSMA2;PSMA3;PSMA4;PSMA5;PSMA6;PSMA7;PSMB1;PSMB2;PSMB3;PSMB4;PSMB5;PSMB6;PSMB7;PSMC1;PSMC2;PSMC3;PSMC4;PSMC5;PSMC6;PSMD1;PSMD11;PSMD12;PSMD13;PSMD14;PSMD2;PSMD3;PSMD6;PSMD7;PSMD8;RBBP6;RBCK1;RBX1;RCHY1;RLIM;RNF111;RNF114;RNF115;RNF123;RNF126;RNF130;RNF138;RNF14;RNF144B;RNF182;RNF19A;RNF19B;RNF213;RNF217;RNF220;RNF25;RNF34;RNF4;RNF41;RNF6;RNF7;RPS27A;SH3RF1;SIAH1;SIAH2;SKP1;SKP2;SMURF1;SMURF2;SOCS1;SOCS3;SPSB1;SPSB2;SPSB4;STUB1;THOP1;TPP2;TRAF7;TRAIP;TRIM11;TRIM21;TRIM32;TRIM36;TRIM37;TRIM39;TRIM4;TRIM41;TRIM50;TRIM63;TRIM69;TRIM9;TRIP12;UBA1;UBA3;UBA5;UBA52;UBA6;UBA7;UBAC1;UBB;UBC;UBE2A;UBE2B;UBE2C;UBE2D1;UBE2D2;UBE2D3;UBE2D4;UBE2E1;UBE2E2;UBE2E3;UBE2F;UBE2G1;UBE2G2;UBE2H;UBE2J1;UBE2J2;UBE2K;UBE2L3;UBE2L6;UBE2M;UBE2N;UBE2O;UBE2Q1;UBE2Q2;UBE2R2;UBE2S;UBE2U;UBE2V1;UBE2V2;UBE2W;UBE2Z;UBE3A;UBE3B;UBE3C;UBE4A;UBOX5;UBR1;UBR2;UBR4;UNKL;VHL;WSB1;WWP1;ZBTB16;ZNRF1;ZNRF2	S:ANAPC1;ANAPC10;ANAPC11;ANAPC13;ANAPC4;ANAPC5;ANAPC7;ARIH2;ASB1;ASB11;ASB14;ASB2;ASB3;ASB7;ASB8;ASB9;ATG7;BLMH;BTBD1;BTBD6;BTRC;CBLB;CCNF;CDC23;CDC26;CDC27;CUL1;CUL2;CUL3;CUL5;DET1;DTX3L;DZIP3;FBXL12;FBXL13;FBXL15;FBXL16;FBXL18;FBXL20;FBXL22;FBXL3;FBXL4;FBXL5;FBXL7;FBXL8;FBXO10;FBXO11;FBXO2;FBXO21;FBXO22;FBXO27;FBXO30;FBXO31;FBXO32;FBXO4;FBXO40;FBXO41;FBXW10;FBXW11;FBXW2;FBXW7;FBXW8;GLMN;HACE1;HECTD1;HECTD2;HECTD3;HECW2;HERC1;HERC2;HERC4;HERC6;HUWE1;ITCH;KBTBD6;KBTBD7;KBTBD8;KCTD6;KEAP1;KLHL11;KLHL13;KLHL2;KLHL20;KLHL21;KLHL22;KLHL25;KLHL3;KLHL9;LMO7;LNPEP;LONRF1;LRRC41;LTN1;MEX3C;MGRN1;MYLIP;NEDD4;NPEPPS;PJA1;PJA2;PSMA1;PSMA3;PSMA4;PSMA5;PSMA6;PSMA7;PSMB1;PSMB2;PSMB3;PSMB4;PSMC5;PSMC6;PSMD1;PSMD11;PSMD12;PSMD14;PSMD2;PSMD3;PSMD6;PSMD7;RBBP6;RCHY1;RLIM;RNF111;RNF114;RNF115;RNF126;RNF130;RNF138;RNF144B;RNF19A;RNF220;RNF34;RNF4;RNF41;RNF6;RNF7;RPS27A;SIAH1;SKP2;SMURF2;SOCS1;SPSB2;THOP1;TPP2;TRAIP;TRIM11;TRIM32;TRIM36;TRIM37;TRIM4;TRIM50;TRIM63;TRIM69;UBA5;UBA6;UBA7;UBC;UBE2A;UBE2D2;UBE2D3;UBE2D4;UBE2E1;UBE2E3;UBE2G1;UBE2K;UBE2N;UBE2Q1;UBE2Q2;UBE2W;UBE2Z;UBE3A;UBE3B;UBE3C;UBE4A;UBOX5;UBR1;UBR2;UNKL;VHL;WSB1;WWP1;ZBTB16;ZNRF1;ZNRF2
S:REACTOME_INHIBITION_OF_REPLICATION_INITIATION_OF_DAMAGED_DNA_BY_RB1_E2F1	D:13	S:E2F1;POLA1;POLA2;PPP2CA;PPP2CB;PPP2R1A;PPP2R1B;PPP2R3B;PRIM1;PRIM2;RB1;TFDP1;TFDP2	S:E2F1;POLA1;POLA2;PPP2CB;PPP2R1B;PRIM1;PRIM2;RB1;TFDP2
S:REACTOME_STRIATED_MUSCLE_CONTRACTION	D:36	S:ACTA1;ACTC1;ACTN2;ACTN3;DES;DMD;MYBPC1;MYBPC2;MYBPC3;MYH3;MYH6;MYH8;MYL1;MYL2;MYL3;MYL4;NEB;TCAP;TMOD1;TMOD2;TMOD3;TMOD4;TNNC1;TNNC2;TNNI1;TNNI2;TNNI3;TNNT1;TNNT2;TNNT3;TPM1;TPM2;TPM3;TPM4;TTN;VIM	S:ACTC1;ACTN2;ACTN3;DES;DMD;MYBPC2;MYBPC3;MYH8;MYL3;MYL4;TCAP;TMOD1;TMOD2;TNNC2;TNNI1;TNNI2;TNNT1;TNNT2;TPM1;TPM2
S:REACTOME_MATERNAL_TO_ZYGOTIC_TRANSITION_MZT	D:54	S:AICDA;BTG4;CNOT1;CNOT10;CNOT2;CNOT3;CNOT4;CNOT6;CNOT6L;CNOT7;CNOT8;CREBBP;DICER1;DIS3L2;DPPA2;DPPA3;DPPA4;DUX4;EIF4A1;EIF4A2;EIF4A3;EIF4B;EIF4E;EIF4G1;EP300;FGF8;HIRA;KDM5A;KDM5B;KDM6A;KDM6B;LEUTX;METTL23;NPM2;PABPC1;PABPN1;PAIP1;PAIP2;POLR2D;PRM1;PRM2;RPS2;SRPK1;TEAD4;TET3;TNKS1BP1;TP53;TPRX1;UHRF1;UNG;YAP1;ZFP36L2;ZP2;ZSCAN4	S:AICDA;CNOT1;CNOT10;CNOT2;CNOT4;CNOT6;CNOT6L;CNOT7;CNOT8;CREBBP;DICER1;DIS3L2;DPPA2;DPPA4;EIF4A1;EIF4A2;EIF4A3;EIF4B;EP300;HIRA;KDM5A;KDM5B;KDM6A;LEUTX;METTL23;NPM2;PABPC1;PABPN1;PAIP1;PAIP2;PRM1;PRM2;SRPK1;TEAD4;TP53;TPRX1;YAP1;ZFP36L2
S:REACTOME_ACTIVATED_TAK1_MEDIATES_P38_MAPK_ACTIVATION	D:23	S:IKBKG;IRAK1;IRAK2;MAP2K3;MAP2K6;MAP3K7;MAPK11;MAPK14;MAPKAPK2;MAPKAPK3;NOD1;NOD2;RIPK2;RPS27A;TAB1;TAB2;TAB3;TRAF6;UBA52;UBB;UBC;UBE2N;UBE2V1	S:IKBKG;IRAK1;IRAK2;MAP2K3;MAP2K6;MAPK11;MAPK14;MAPKAPK2;MAPKAPK3;RIPK2;TAB1;UBA52;UBB;UBE2V1
S:REACTOME_REGULATION_OF_MRNA_STABILITY_BY_PROTEINS_THAT_BIND_AU_RICH_ELEMENTS	D:73	S:ADRM1;AKT1;ANP32A;DCP1A;DCP2;DIS3;EIF4G1;ELAVL1;EXOSC1;EXOSC2;EXOSC3;EXOSC4;EXOSC5;EXOSC6;EXOSC7;EXOSC8;EXOSC9;HNRNPD;HSPA1A;HSPA8;HSPB1;KHSRP;MAPK11;MAPK14;MAPKAPK2;NUP214;PABPC1;PARN;PRKCA;PRKCD;PSMA1;PSMA2;PSMA3;PSMA4;PSMA5;PSMA6;PSMA7;PSMB1;PSMB2;PSMB3;PSMB4;PSMB5;PSMB6;PSMB7;PSMC1;PSMC2;PSMC3;PSMC4;PSMC5;PSMC6;PSMD1;PSMD11;PSMD12;PSMD13;PSMD14;PSMD2;PSMD3;PSMD6;PSMD7;PSMD8;RPS27A;SET;TNFSF13;TNPO1;UBA52;UBB;UBC;XPO1;XRN1;YWHAB;YWHAZ;ZFP36;ZFP36L1	S:ANP32A;DCP1A;DCP2;DIS3;ELAVL1;EXOSC1;EXOSC2;EXOSC3;EXOSC4;EXOSC5;EXOSC7;EXOSC8;EXOSC9;HNRNPD;HSPA1A;HSPA8;KHSRP;PABPC1;PARN;PRKCA;PSMA1;PSMA3;PSMA4;PSMA5;PSMA6;PSMA7;PSMB1;PSMB2;PSMB3;PSMB4;PSMC5;PSMC6;PSMD1;PSMD11;PSMD12;PSMD14;PSMD2;PSMD3;PSMD6;PSMD7;RPS27A;TNPO1;UBC;XPO1;XRN1;YWHAB;YWHAZ;ZFP36;ZFP36L1
S:REACTOME_TRP_CHANNELS	D:28	S:MCOLN1;MCOLN2;MCOLN3;MLKL;RIPK1;RIPK3;TRPA1;TRPC1;TRPC3;TRPC4;TRPC4AP;TRPC5;TRPC6;TRPC7;TRPM1;TRPM2;TRPM3;TRPM4;TRPM5;TRPM6;TRPM7;TRPM8;TRPV1;TRPV2;TRPV3;TRPV4;TRPV5;TRPV6	S:MCOLN1;MLKL;RIPK3;TRPA1;TRPC3;TRPC4;TRPC4AP;TRPC5;TRPC6;TRPM1;TRPM2;TRPM4;TRPM5;TRPM6;TRPM8;TRPV3;TRPV4;TRPV5
S:REACTOME_RHOBTB2_GTPASE_CYCLE	D:23	S:ACTG1;ACTN1;CCT2;CCT6A;CCT7;CDC37;CUL3;DBN1;DDX39B;HNRNPC;HSP90AA1;HSP90AB1;MSI2;MYO6;PHIP;RBMX;RHOBTB2;SRRM1;STK38;TMOD3;TRA2B;TWF1;TXNL1	S:ACTG1;CCT2;CCT6A;CCT7;CUL3;HNRNPC;HSP90AA1;HSP90AB1;MYO6;PHIP;RBMX;RHOBTB2;SRRM1;STK38;TMOD3;TRA2B;TWF1
S:REACTOME_SEALING_OF_THE_NUCLEAR_ENVELOPE_NE_BY_ESCRT_III	D:25	S:CC2D1B;CHMP2A;CHMP2B;CHMP4A;CHMP4B;CHMP4C;CHMP6;CHMP7;LEMD2;SPAST;TUBA1A;TUBA1B;TUBA1C;TUBA3C;TUBA3D;TUBA4A;TUBA8;TUBAL3;TUBB1;TUBB2A;TUBB2B;TUBB3;TUBB6;TUBB8;VPS4A	S:CHMP4B;CHMP4C;CHMP6;CHMP7;LEMD2;TUBA1A;TUBA1C;TUBA3D;TUBA8;TUBAL3;TUBB2A;TUBB2B;TUBB3;TUBB6;TUBB8
S:REACTOME_REGULATION_OF_TP53_EXPRESSION_AND_DEGRADATION	D:37	S:AKT1;AKT2;AKT3;ATM;CCNA1;CCNA2;CCNG1;CDK1;CDK2;CDKN2A;CHEK2;DAXX;MAPKAP1;MDM2;MDM4;MLST8;MTOR;PDPK1;PHF20;PPP2CA;PPP2CB;PPP2R1A;PPP2R1B;PPP2R5C;PRDM1;PRR5;RFFL;RICTOR;RNF34;RPS27A;SGK1;TP53;UBA52;UBB;UBC;USP2;USP7	S:AKT2;AKT3;ATM;CCNA1;CCNA2;CCNG1;CDK1;CDKN2A;CHEK2;DAXX;MAPKAP1;MDM2;MDM4;MTOR;PHF20;PPP2CB;PPP2R1B;PPP2R5C;PRDM1;RNF34;RPS27A;SGK1;TP53;UBC;USP7
S:REACTOME_GPVI_MEDIATED_ACTIVATION_CASCADE	D:34	S:CDC42;CLEC1B;COL1A1;COL1A2;FCER1G;FYN;GP6;LAT;LCK;LCP2;LYN;PDPK1;PDPN;PIK3CA;PIK3CB;PIK3CG;PIK3R1;PIK3R2;PIK3R3;PIK3R5;PIK3R6;PLCG2;PRKCZ;PTPN11;PTPN6;RAC1;RAC2;RHOA;RHOB;RHOG;SYK;VAV1;VAV2;VAV3	S:CDC42;CLEC1B;COL1A2;FYN;GP6;LAT;LCK;LCP2;LYN;PDPN;PIK3CA;PIK3CB;PIK3CG;PIK3R1;PIK3R3;PIK3R5;PLCG2;PRKCZ;PTPN11;RAC1;RAC2;RHOA;RHOB;SYK;VAV1;VAV2;VAV3
S:REACTOME_PHYSIOLOGICAL_FACTORS	D:14	S:CES1;CORIN;GATA4;HIPK1;HIPK2;KAT2B;MME;NKX2-5;NPPA;NPPC;NPR1;NPR2;TBX5;WWTR1	S:CES1;GATA4;KAT2B;MME;NKX2-5;NPPA;NPR1;NPR2;TBX5;WWTR1
S:REACTOME_UB_SPECIFIC_PROCESSING_PROTEASES	D:144	S:ADRB2;ADRM1;AR;ARRB1;ARRB2;ATXN7;AXIN1;AXIN2;BECN1;BIRC2;BIRC3;CCNA1;CCNA2;CCP110;CDC20;CDC25A;CFTR;CLSPN;CYLD;DDB2;FKBP8;FOXO4;GATA3;HGS;HIF1A;IDE;IFIH1;IKBKG;IL33;KAT2A;KEAP1;MAP3K7;MAT2B;MDM2;MDM4;MUL1;MYC;NFKBIA;OTUB1;POLB;PSMA1;PSMA2;PSMA3;PSMA4;PSMA5;PSMA6;PSMA7;PSMB1;PSMB2;PSMB3;PSMB4;PSMB5;PSMB6;PSMB7;PSMC1;PSMC2;PSMC3;PSMC4;PSMC5;PSMC6;PSMD1;PSMD11;PSMD12;PSMD13;PSMD14;PSMD2;PSMD3;PSMD6;PSMD7;PSMD8;PTEN;PTRH2;RCE1;RHOT1;RIPK1;RNF123;RNF128;RNF146;RPS27A;RUVBL1;SIAH2;SKP2;SMAD1;SMAD2;SMAD3;SMAD4;SMAD7;SMURF2;SNX3;STAM2;SUDS3;TAB1;TADA2B;TADA3;TAF10;TAF9B;TGFBR1;TNKS;TNKS2;TOMM20;TP53;TRAF2;TRAF6;TRRAP;UBA52;UBB;UBC;USP10;USP11;USP12;USP13;USP14;USP15;USP16;USP18;USP19;USP2;USP20;USP21;USP22;USP24;USP25;USP26;USP28;USP3;USP30;USP33;USP34;USP37;USP4;USP42;USP44;USP47;USP48;USP49;USP5;USP7;USP8;USP9X;VDAC1;VDAC2;VDAC3;WDR20;WDR48	S:ADRB2;ATXN7;AXIN2;BIRC3;CCNA1;CCNA2;CCP110;CLSPN;CYLD;DDB2;GATA3;HGS;HIF1A;IDE;IFIH1;KAT2A;KEAP1;MAP3K7;MAT2B;MDM2;MDM4;MYC;NFKBIA;POLB;PSMA1;PSMA3;PSMA4;PSMA5;PSMA6;PSMA7;PSMB1;PSMB2;PSMB3;PSMB4;PSMC5;PSMC6;PSMD1;PSMD11;PSMD12;PSMD14;PSMD2;PSMD3;PSMD6;PSMD7;PTRH2;RIPK1;RNF146;RPS27A;RUVBL1;SKP2;SMAD1;SMAD2;SMAD3;SMAD4;SMURF2;STAM2;TADA2B;TAF9B;TNKS;TNKS2;TOMM20;TP53;TRAF2;TRAF6;TRRAP;UBC;USP10;USP11;USP13;USP14;USP15;USP16;USP18;USP24;USP25;USP26;USP28;USP3;USP30;USP33;USP34;USP37;USP4;USP42;USP47;USP48;USP49;USP7;USP8;USP9X;VDAC1;VDAC2;WDR20;WDR48
S:REACTOME_DEFECTS_IN_COBALAMIN_B12_METABOLISM	D:12	S:ABCD4;AMN;CD320;CUBN;LMBRD1;MMAA;MMAB;MMACHC;MMADHC;MTR;MTRR;TCN2	S:ABCD4;CUBN;LMBRD1;MMAA;MMAB;MMACHC;MMADHC;MTR;MTRR;TCN2
S:REACTOME_SYNTHESIS_OF_GLYCOSYLPHOSPHATIDYLINOSITOL_GPI	D:18	S:DPM2;PIGA;PIGB;PIGC;PIGF;PIGG;PIGH;PIGL;PIGM;PIGN;PIGO;PIGP;PIGQ;PIGV;PIGW;PIGX;PIGY;PIGZ	S:PIGA;PIGB;PIGC;PIGF;PIGG;PIGH;PIGL;PIGM;PIGN;PIGO;PIGP;PIGV;PIGW;PIGX;PIGY;PIGZ
S:REACTOME_TRAFFICKING_OF_GLUR2_CONTAINING_AMPA_RECEPTORS	D:17	S:AP2A1;AP2A2;AP2B1;AP2M1;AP2S1;GRIA1;GRIA2;GRIA3;GRIA4;GRIP1;GRIP2;NSF;PICK1;PRKCA;PRKCB;PRKCG;TSPAN7	S:AP2A1;AP2A2;AP2B1;AP2M1;AP2S1;GRIA2;GRIA3;GRIP2;PICK1;PRKCG;TSPAN7
S:REACTOME_SENSORY_PERCEPTION_OF_TASTE	D:44	S:CALHM1;CALHM3;GNB1;GNB3;GNG13;GRM1;GRM4;ITPR3;KCNJ2;OTOP1;PLCB2;SCN1B;SCN2A;SCN2B;SCN3A;SCN4B;SCN9A;SCNN1A;SCNN1B;SCNN1D;SCNN1G;TAS1R1;TAS1R2;TAS2R1;TAS2R10;TAS2R13;TAS2R14;TAS2R16;TAS2R20;TAS2R3;TAS2R31;TAS2R38;TAS2R39;TAS2R4;TAS2R40;TAS2R41;TAS2R43;TAS2R46;TAS2R5;TAS2R50;TAS2R7;TAS2R8;TRPM4;TRPM5	S:CALHM1;CALHM3;GNG13;GRM1;GRM4;KCNJ2;OTOP1;PLCB2;SCN1B;SCN2B;SCN4B;SCNN1B;SCNN1D;SCNN1G;TAS1R1;TAS1R2;TAS2R1;TAS2R16;TAS2R31;TAS2R38;TAS2R40;TAS2R41;TAS2R46;TAS2R7;TRPM4;TRPM5
S:REACTOME_DS_GAG_BIOSYNTHESIS	D:12	S:BCAN;BGN;CHST14;CHST15;CSPG4;CSPG5;DCN;DSE;DSEL;NCAN;UST;VCAN	S:BCAN;BGN;CHST14;CHST15;CSPG4;CSPG5;DCN;DSE;DSEL;UST
S:REACTOME_PTEN_REGULATION	D:119	S:ADRM1;AKT1;AKT2;AKT3;ATF2;ATN1;BMI1;CBX2;CBX4;CBX6;CBX8;CHD3;CHD4;CSNK2A1;CSNK2A2;CSNK2B;EED;EGR1;EZH2;FRK;GATAD2A;GATAD2B;HDAC1;HDAC2;HDAC3;HDAC5;HDAC7;JUN;KDM1A;LAMTOR1;LAMTOR2;LAMTOR3;MAF1;MAPK1;MAPK3;MBD3;MECOM;MKRN1;MLST8;MOV10;MTA1;MTA2;MTA3;MTOR;NEDD4;NR2E1;OTUD3;PHC1;PHC2;PHC3;PML;PPARG;PREX2;PSMA1;PSMA2;PSMA3;PSMA4;PSMA5;PSMA6;PSMA7;PSMB1;PSMB2;PSMB3;PSMB4;PSMB5;PSMB6;PSMB7;PSMC1;PSMC2;PSMC3;PSMC4;PSMC5;PSMC6;PSMD1;PSMD11;PSMD12;PSMD13;PSMD14;PSMD2;PSMD3;PSMD6;PSMD7;PSMD8;PTEN;RBBP4;RBBP7;RCOR1;REST;RHEB;RING1;RNF146;RNF2;RPS27A;RPTOR;RRAGA;RRAGB;RRAGC;RRAGD;SALL4;SCMH1;SLC38A9;SNAI1;SNAI2;STUB1;SUZ12;TNKS;TNKS2;TNRC6A;TNRC6B;TNRC6C;TP53;TRIM27;UBA52;UBB;UBC;USP13;USP7;WWP2;XIAP	S:AKT2;AKT3;ATF2;BMI1;CBX2;CBX4;CBX6;CHD4;CSNK2A1;CSNK2B;EED;EGR1;EZH2;GATAD2A;GATAD2B;HDAC1;HDAC2;HDAC3;HDAC7;JUN;LAMTOR3;MAPK1;MOV10;MTA3;MTOR;NEDD4;OTUD3;PHC1;PHC2;PHC3;PPARG;PSMA1;PSMA3;PSMA4;PSMA5;PSMA6;PSMA7;PSMB1;PSMB2;PSMB3;PSMB4;PSMC5;PSMC6;PSMD1;PSMD11;PSMD12;PSMD14;PSMD2;PSMD3;PSMD6;PSMD7;RBBP4;RBBP7;RCOR1;REST;RHEB;RING1;RNF146;RNF2;RPS27A;RPTOR;RRAGA;RRAGB;RRAGC;SCMH1;SLC38A9;SNAI1;SUZ12;TNKS;TNKS2;TNRC6A;TNRC6B;TNRC6C;TP53;UBC;USP13;USP7;WWP2;XIAP
S:REACTOME_ENTEROBACTERIAL_FACTORS_ANTAGONIZE_HOST_DEFENSE	D:14	S:CALM1;CALM2;CALM3;CASP4;GBP1;GBP2;GBP3;GBP4;GBP6;RPS27A;UBA52;UBB;UBC;UBE2D2	S:CALM1;CALM2;CASP4;GBP1;GBP2;GBP3;GBP4;RPS27A;UBC;UBE2D2
S:REACTOME_CLASS_I_MHC_MEDIATED_ANTIGEN_PROCESSING_PRESENTATION	D:353	S:ADRM1;ANAPC1;ANAPC10;ANAPC11;ANAPC13;ANAPC2;ANAPC4;ANAPC5;ANAPC7;ARIH2;ASB1;ASB10;ASB11;ASB12;ASB13;ASB14;ASB16;ASB17;ASB2;ASB3;ASB4;ASB5;ASB6;ASB7;ASB8;ASB9;ATG14;ATG7;B2M;BCAP31;BECN1;BLMH;BTBD1;BTBD6;BTK;BTRC;CALR;CANX;CBLB;CCNF;CD14;CD207;CD36;CDC16;CDC20;CDC23;CDC26;CDC27;CDC34;CHUK;CTSS;CUL1;CUL2;CUL3;CUL5;CUL7;CYBA;CYBB;DET1;DTX3L;DZIP3;ERAP1;ERAP2;FBXL12;FBXL13;FBXL14;FBXL15;FBXL16;FBXL18;FBXL19;FBXL20;FBXL22;FBXL3;FBXL4;FBXL5;FBXL7;FBXL8;FBXO10;FBXO11;FBXO15;FBXO17;FBXO2;FBXO21;FBXO22;FBXO27;FBXO30;FBXO31;FBXO32;FBXO4;FBXO40;FBXO41;FBXO44;FBXO6;FBXO7;FBXO9;FBXW10;FBXW11;FBXW2;FBXW4;FBXW5;FBXW7;FBXW8;FBXW9;FGA;FGB;FGG;FZR1;GAN;GLMN;HACE1;HECTD1;HECTD2;HECTD3;HECW2;HERC1;HERC2;HERC3;HERC4;HERC5;HERC6;HLA-A;HLA-B;HLA-C;HLA-E;HLA-F;HLA-G;HMGB1;HSPA5;HUWE1;IKBKB;IKBKG;ITCH;ITGAV;ITGB5;KBTBD6;KBTBD7;KBTBD8;KCTD6;KCTD7;KEAP1;KLHL11;KLHL13;KLHL2;KLHL20;KLHL21;KLHL22;KLHL25;KLHL3;KLHL5;KLHL9;LMO7;LNPEP;LNX1;LONRF1;LRR1;LRRC41;LRSAM1;LTN1;LY96;MEX3C;MGRN1;MIB2;MKRN1;MRC1;MRC2;MYD88;MYLIP;NCF1;NCF2;NCF4;NEDD4;NEDD4L;NPEPPS;PDIA3;PIK3C3;PIK3R4;PJA1;PJA2;PSMA1;PSMA2;PSMA3;PSMA4;PSMA5;PSMA6;PSMA7;PSMB1;PSMB10;PSMB2;PSMB3;PSMB4;PSMB5;PSMB6;PSMB7;PSMB8;PSMB9;PSMC1;PSMC2;PSMC3;PSMC4;PSMC5;PSMC6;PSMD1;PSMD11;PSMD12;PSMD13;PSMD14;PSMD2;PSMD3;PSMD6;PSMD7;PSMD8;PSME1;PSME2;RBBP6;RBCK1;RBX1;RCHY1;RLIM;RNF111;RNF114;RNF115;RNF123;RNF126;RNF130;RNF138;RNF14;RNF144B;RNF182;RNF19A;RNF19B;RNF213;RNF217;RNF220;RNF25;RNF34;RNF4;RNF41;RNF6;RNF7;RPS27A;S100A1;S100A8;S100A9;SAR1B;SEC13;SEC22B;SEC23A;SEC24A;SEC24B;SEC24C;SEC24D;SEC31A;SEC61A1;SEC61A2;SEC61B;SEC61G;SH3RF1;SIAH1;SIAH2;SKP1;SKP2;SMURF1;SMURF2;SNAP23;SOCS1;SOCS3;SPSB1;SPSB2;SPSB4;STUB1;STX4;TAP1;TAP2;TAPBP;THOP1;TIRAP;TLR1;TLR2;TLR4;TLR6;TPP2;TRAF7;TRAIP;TRIM11;TRIM21;TRIM32;TRIM36;TRIM37;TRIM39;TRIM4;TRIM41;TRIM50;TRIM63;TRIM69;TRIM9;TRIP12;UBA1;UBA3;UBA5;UBA52;UBA6;UBA7;UBAC1;UBB;UBC;UBE2A;UBE2B;UBE2C;UBE2D1;UBE2D2;UBE2D3;UBE2D4;UBE2E1;UBE2E2;UBE2E3;UBE2F;UBE2G1;UBE2G2;UBE2H;UBE2J1;UBE2J2;UBE2K;UBE2L3;UBE2L6;UBE2M;UBE2N;UBE2O;UBE2Q1;UBE2Q2;UBE2R2;UBE2S;UBE2U;UBE2V1;UBE2V2;UBE2W;UBE2Z;UBE3A;UBE3B;UBE3C;UBE4A;UBOX5;UBR1;UBR2;UBR4;UNKL;VAMP3;VAMP8;VHL;WSB1;WWP1;ZBTB16;ZNRF1;ZNRF2	S:ANAPC1;ANAPC10;ANAPC11;ANAPC13;ANAPC4;ANAPC5;ANAPC7;ARIH2;ASB1;ASB11;ASB14;ASB2;ASB3;ASB7;ASB8;ASB9;ATG14;ATG7;B2M;BCAP31;BLMH;BTBD1;BTBD6;BTRC;CALR;CANX;CBLB;CCNF;CD14;CDC23;CDC26;CDC27;CUL1;CUL2;CUL3;CUL5;DET1;DTX3L;DZIP3;ERAP1;ERAP2;FBXL12;FBXL13;FBXL15;FBXL16;FBXL18;FBXL20;FBXL22;FBXL3;FBXL4;FBXL5;FBXL7;FBXL8;FBXO10;FBXO11;FBXO2;FBXO21;FBXO22;FBXO27;FBXO30;FBXO31;FBXO32;FBXO4;FBXO40;FBXO41;FBXW10;FBXW11;FBXW2;FBXW7;FBXW8;GLMN;HACE1;HECTD1;HECTD2;HECTD3;HECW2;HERC1;HERC2;HERC4;HERC6;HLA-A;HLA-B;HLA-C;HLA-E;HLA-G;HMGB1;HSPA5;HUWE1;IKBKB;ITCH;ITGB5;KBTBD6;KBTBD7;KBTBD8;KCTD6;KEAP1;KLHL11;KLHL13;KLHL2;KLHL20;KLHL21;KLHL22;KLHL25;KLHL3;KLHL9;LMO7;LNPEP;LONRF1;LRRC41;LTN1;MEX3C;MGRN1;MYLIP;NCF1;NCF2;NEDD4;NPEPPS;PDIA3;PIK3C3;PIK3R4;PJA1;PJA2;PSMA1;PSMA3;PSMA4;PSMA5;PSMA6;PSMA7;PSMB1;PSMB10;PSMB2;PSMB3;PSMB4;PSMB9;PSMC5;PSMC6;PSMD1;PSMD11;PSMD12;PSMD14;PSMD2;PSMD3;PSMD6;PSMD7;PSME1;PSME2;RBBP6;RCHY1;RLIM;RNF111;RNF114;RNF115;RNF126;RNF130;RNF138;RNF144B;RNF19A;RNF220;RNF34;RNF4;RNF41;RNF6;RNF7;RPS27A;S100A1;SAR1B;SEC13;SEC22B;SEC23A;SEC24A;SEC24B;SEC24C;SEC24D;SEC31A;SEC61A1;SEC61A2;SEC61B;SEC61G;SIAH1;SKP2;SMURF2;SNAP23;SOCS1;SPSB2;TAP1;TAP2;THOP1;TLR1;TLR2;TPP2;TRAIP;TRIM11;TRIM32;TRIM36;TRIM37;TRIM4;TRIM50;TRIM63;TRIM69;UBA5;UBA6;UBA7;UBC;UBE2A;UBE2D2;UBE2D3;UBE2D4;UBE2E1;UBE2E3;UBE2G1;UBE2K;UBE2N;UBE2Q1;UBE2Q2;UBE2W;UBE2Z;UBE3A;UBE3B;UBE3C;UBE4A;UBOX5;UBR1;UBR2;UNKL;VHL;WSB1;WWP1;ZBTB16;ZNRF1;ZNRF2
S:REACTOME_NUCLEOTIDE_BIOSYNTHESIS	D:12	S:ADSL;ATIC;CAD;DHODH;GART;GMPS;IMPDH1;IMPDH2;PAICS;PFAS;PPAT;UMPS	S:ATIC;DHODH;GART;GMPS;IMPDH2;PAICS;PFAS;PPAT;UMPS
S:REACTOME_RETINOID_CYCLE_DISEASE_EVENTS	D:13	S:ABCA4;LRAT;NAPEPLD;OPN1LW;OPN1MW;OPN1SW;RBP1;RBP4;RDH12;RDH5;RLBP1;STRA6;TTR	S:ABCA4;LRAT;OPN1LW;OPN1MW;RBP4;RDH5;RLBP1;TTR
S:REACTOME_ROLE_OF_PHOSPHOLIPIDS_IN_PHAGOCYTOSIS	D:23	S:AHCYL1;CD247;CD3G;FCGR2A;FCGR3A;IGLV6-57;ITPR1;ITPR2;ITPR3;PIK3CA;PIK3CB;PIK3R1;PIK3R2;PLA2G6;PLCG1;PLCG2;PLD1;PLD2;PLD3;PLD4;PRKCD;PRKCE;SYK	S:AHCYL1;CD247;CD3G;FCGR3A;IGLV6-57;ITPR1;ITPR2;ITPR3;PIK3CA;PIK3CB;PIK3R1;PLCG1;PLCG2;PRKCE;SYK
S:REACTOME_NUCLEAR_SIGNALING_BY_ERBB4	D:32	S:ADAM17;ADAP1;APH1A;APH1B;APOE;BTC;CSN2;CXCL12;ERBB4;EREG;ESR1;GFAP;HBEGF;MXD4;NCOR1;NCSTN;NRG1;NRG2;NRG3;NRG4;PGR;PSEN1;PSEN2;PSENEN;S100B;SPARC;SRC;STAT5A;STMN1;TAB2;WWOX;YAP1	S:ADAP1;APOE;BTC;CXCL12;EREG;GFAP;MXD4;NRG1;NRG2;NRG4;PGR;PSENEN;S100B;SRC;STAT5A;STMN1
S:REACTOME_EPIGENETIC_REGULATION_OF_GENE_EXPRESSION_BY_MLL3_AND_MLL4_COMPLEXES	D:71	S:ABL1;ACSL1;ACSS3;ADIPOQ;AGPAT2;ANGPTL4;ASH2L;CCNC;CD36;CDK5;CDK8;CEBPA;CIDEC;CREBBP;DGAT2;DPY30;ELOVL5;EP300;FABP4;GPAM;GPS2;HDAC3;KDM6A;LIPE;LPIN1;LPL;MED1;MED10;MED12;MED13;MED14;MED16;MED17;MED20;MED23;MED24;MED27;MED30;MED31;MED4;MED6;MED7;MGLL;NCOA1;NCOA2;NCOA3;NCOA6;NCOR1;NCOR2;NR5A2;PAXIP1;PDK4;PEX11A;PHLDA1;PLIN1;PLIN2;PLIN4;PNPLA2;PPARG;PPARGC1A;PPARGC1B;RB1;RBBP5;RXRA;SCD;SCD5;SIRT1;TBL1X;TBL1XR1;THRSP;WDR5	S:ABL1;ADIPOQ;ANGPTL4;ASH2L;CDK8;CREBBP;DPY30;EP300;GPAM;HDAC3;KDM6A;LIPE;LPIN1;LPL;MED1;MED10;MED12;MED13;MED17;MED20;MED23;MED30;MED31;MED4;MED6;MED7;MGLL;NCOA1;NCOA2;NCOA3;NCOA6;NCOR1;NCOR2;PAXIP1;PDK4;PEX11A;PHLDA1;PLIN2;PPARG;PPARGC1A;PPARGC1B;RB1;RBBP5;SCD;SCD5;SIRT1;TBL1XR1;THRSP;WDR5
S:REACTOME_RIBOSOME_ASSOCIATED_QUALITY_CONTROL	D:141	S:ABCE1;ADRM1;ANKZF1;ASCC2;ASCC3;CUL2;FAU;HBS1L;KLHDC10;LTN1;NEMF;NPLOC4;PELO;PSMA1;PSMA2;PSMA3;PSMA4;PSMA5;PSMA6;PSMA7;PSMB1;PSMB2;PSMB3;PSMB4;PSMB5;PSMB6;PSMB7;PSMC1;PSMC2;PSMC3;PSMC4;PSMC5;PSMC6;PSMD1;PSMD11;PSMD12;PSMD13;PSMD14;PSMD2;PSMD3;PSMD6;PSMD7;PSMD8;RBX1;RCHY1;RPL10;RPL10A;RPL10L;RPL11;RPL12;RPL13;RPL13A;RPL14;RPL15;RPL17;RPL18;RPL18A;RPL19;RPL21;RPL22;RPL22L1;RPL23;RPL23A;RPL24;RPL26;RPL26L1;RPL27;RPL27A;RPL28;RPL29;RPL3;RPL30;RPL31;RPL32;RPL34;RPL35;RPL35A;RPL36;RPL36A;RPL36AL;RPL37;RPL37A;RPL38;RPL39;RPL39L;RPL3L;RPL4;RPL41;RPL5;RPL6;RPL7;RPL7A;RPL8;RPL9;RPLP0;RPLP1;RPLP2;RPS10;RPS11;RPS12;RPS13;RPS14;RPS15;RPS15A;RPS16;RPS17;RPS18;RPS19;RPS2;RPS20;RPS21;RPS23;RPS24;RPS25;RPS26;RPS27;RPS27A;RPS27L;RPS28;RPS29;RPS3;RPS3A;RPS4X;RPS4Y1;RPS4Y2;RPS5;RPS6;RPS7;RPS8;RPS9;RPSA;TCF25;TRIP4;UBA52;UBB;UBC;UBE2D1;UBE2D2;UBE2D3;VCP;ZNF598	S:ABCE1;ASCC3;CUL2;HBS1L;LTN1;NEMF;PELO;PSMA1;PSMA3;PSMA4;PSMA5;PSMA6;PSMA7;PSMB1;PSMB2;PSMB3;PSMB4;PSMC5;PSMC6;PSMD1;PSMD11;PSMD12;PSMD14;PSMD2;PSMD3;PSMD6;PSMD7;RCHY1;RPL10;RPL10A;RPL10L;RPL12;RPL13;RPL13A;RPL14;RPL15;RPL18;RPL18A;RPL19;RPL22;RPL23A;RPL26;RPL27;RPL27A;RPL28;RPL29;RPL3;RPL30;RPL32;RPL35;RPL35A;RPL36;RPL36A;RPL36AL;RPL37;RPL37A;RPL38;RPL39L;RPL4;RPL5;RPL6;RPL7A;RPL8;RPLP0;RPLP1;RPLP2;RPS11;RPS13;RPS15;RPS16;RPS18;RPS19;RPS20;RPS21;RPS23;RPS25;RPS26;RPS27A;RPS27L;RPS28;RPS4X;RPS4Y1;RPS4Y2;RPS6;RPS8;TCF25;TRIP4;UBC;UBE2D2;UBE2D3;VCP;ZNF598
S:REACTOME_RUNX3_REGULATES_P14_ARF	D:10	S:BRD2;CBFB;CCND1;CDKN2A;EP300;HDAC4;KRAS;RUNX1;RUNX3;TGFB1	S:BRD2;CBFB;CCND1;CDKN2A;EP300;KRAS;RUNX1;RUNX3
S:REACTOME_SYNTHESIS_OF_PIPS_AT_THE_PLASMA_MEMBRANE	D:53	S:ARF1;BMX;INPP4A;INPP4B;INPP5D;INPP5J;INPP5K;INPPL1;MTM1;MTMR1;MTMR14;MTMR2;MTMR3;MTMR6;MTMR8;MTMR9;OCRL;PI4K2A;PI4K2B;PIK3C2A;PIK3C2B;PIK3C2G;PIK3CA;PIK3CB;PIK3CD;PIK3CG;PIK3R1;PIK3R2;PIK3R3;PIK3R5;PIK3R6;PIP4K2A;PIP4K2B;PIP4K2C;PIP5K1A;PIP5K1B;PIP5K1C;PLEKHA1;PLEKHA2;PLEKHA3;PLEKHA4;PLEKHA5;PLEKHA6;PLEKHA8;PTEN;PTPN13;RAB14;RAB4A;RAB5A;RUFY1;SBF2;SYNJ1;SYNJ2	S:ARF1;BMX;INPP4B;INPP5D;MTM1;MTMR1;MTMR14;MTMR2;MTMR3;MTMR6;MTMR9;OCRL;PI4K2A;PI4K2B;PIK3C2A;PIK3C2B;PIK3C2G;PIK3CA;PIK3CB;PIK3CG;PIK3R1;PIK3R3;PIK3R5;PIP4K2B;PIP5K1B;PLEKHA1;PLEKHA4;PLEKHA5;PTPN13;RAB14;RUFY1;SBF2;SYNJ1;SYNJ2
S:REACTOME_GOLGI_CISTERNAE_PERICENTRIOLAR_STACK_REORGANIZATION	D:14	S:BLZF1;CCNB1;CCNB2;CDK1;GOLGA2;GORASP1;GORASP2;MAPK1;MAPK3;PLK1;RAB1A;RAB1B;RAB2A;USO1	S:BLZF1;CCNB1;CCNB2;CDK1;GOLGA2;GORASP1;GORASP2;MAPK1;PLK1;RAB1A;RAB2A;USO1
S:REACTOME_ARACHIDONATE_METABOLISM	D:57	S:ABCC1;AKR1C3;ALOX12;ALOX12B;ALOX15;ALOX15B;ALOX5;ALOX5AP;ALOXE3;AWAT1;CBR1;CYP1A1;CYP1A2;CYP1B1;CYP2C19;CYP2C8;CYP2C9;CYP2J2;CYP2U1;CYP4A11;CYP4B1;CYP4F11;CYP4F2;CYP4F22;CYP4F3;CYP4F8;CYP8B1;DPEP1;DPEP2;EPHX2;FAAH;FAAH2;GGT1;GGT5;GPX1;GPX2;GPX4;HPGD;HPGDS;LTA4H;LTC4S;MAPKAPK2;PLA2G4A;PON1;PON2;PON3;PTGDS;PTGES;PTGES2;PTGES3;PTGIS;PTGR1;PTGR2;PTGS1;PTGS2;SLC27A1;TBXAS1	S:ABCC1;ALOX12;ALOX12B;ALOX15B;ALOXE3;CYP1A2;CYP2C19;CYP2C8;CYP4A11;CYP4B1;CYP4F11;CYP4F2;CYP4F22;CYP8B1;FAAH;GGT1;GGT5;GPX1;GPX2;GPX4;LTA4H;MAPKAPK2;PON1;PON3;PTGES2;PTGES3;PTGIS;PTGS1;SLC27A1;TBXAS1
S:REACTOME_MAPK6_MAPK4_SIGNALING	D:72	S:ADRM1;CCND3;CDC14A;CDC14B;CDC42;CDC42EP2;CDC42EP3;CDC42EP5;CDK1;DNAJB1;ETV4;FOXO1;FOXO3;HSPB1;IGF2BP1;JUN;KALRN;MAPK4;MAPK6;MAPKAPK5;MMP10;MMP2;MOV10;MYC;NCOA3;PAK1;PAK2;PAK3;PRKACA;PRKACB;PRKACG;PSMA1;PSMA2;PSMA3;PSMA4;PSMA5;PSMA6;PSMA7;PSMB1;PSMB2;PSMB3;PSMB4;PSMB5;PSMB6;PSMB7;PSMC1;PSMC2;PSMC3;PSMC4;PSMC5;PSMC6;PSMD1;PSMD11;PSMD12;PSMD13;PSMD14;PSMD2;PSMD3;PSMD6;PSMD7;PSMD8;RAC1;RAG1;RAG2;RPS27A;TNRC6A;TNRC6B;TNRC6C;UBA52;UBB;UBC;XPO1	S:CDC14A;CDC14B;CDC42;CDC42EP5;CDK1;ETV4;FOXO1;JUN;MAPK4;MAPK6;MAPKAPK5;MMP2;MOV10;MYC;NCOA3;PAK1;PAK2;PAK3;PRKACB;PRKACG;PSMA1;PSMA3;PSMA4;PSMA5;PSMA6;PSMA7;PSMB1;PSMB2;PSMB3;PSMB4;PSMC5;PSMC6;PSMD1;PSMD11;PSMD12;PSMD14;PSMD2;PSMD3;PSMD6;PSMD7;RAC1;RPS27A;TNRC6A;TNRC6B;TNRC6C;UBC;XPO1
S:REACTOME_ANCHORING_FIBRIL_FORMATION	D:15	S:BMP1;COL1A1;COL1A2;COL4A1;COL4A2;COL4A3;COL4A4;COL4A5;COL4A6;COL7A1;LAMA3;LAMB3;LAMC2;TLL1;TLL2	S:COL1A1;COL4A1;COL4A2;COL4A5;COL4A6;LAMA3;LAMC2;TLL1;TLL2
S:REACTOME_EUKARYOTIC_TRANSLATION_INITIATION	D:120	S:EIF1AX;EIF2B1;EIF2B2;EIF2B3;EIF2B4;EIF2B5;EIF2S1;EIF2S2;EIF2S3;EIF3A;EIF3B;EIF3C;EIF3D;EIF3E;EIF3F;EIF3G;EIF3H;EIF3I;EIF3J;EIF3K;EIF3L;EIF3M;EIF4A1;EIF4A2;EIF4B;EIF4E;EIF4EBP1;EIF4G1;EIF4H;EIF5;EIF5B;FAU;PABPC1;RPL10;RPL10A;RPL10L;RPL11;RPL12;RPL13;RPL13A;RPL14;RPL15;RPL17;RPL18;RPL18A;RPL19;RPL21;RPL22;RPL22L1;RPL23;RPL23A;RPL24;RPL26;RPL26L1;RPL27;RPL27A;RPL28;RPL29;RPL3;RPL30;RPL31;RPL32;RPL34;RPL35;RPL35A;RPL36;RPL36A;RPL36AL;RPL37;RPL37A;RPL38;RPL39;RPL39L;RPL3L;RPL4;RPL41;RPL5;RPL6;RPL7;RPL7A;RPL8;RPL9;RPLP0;RPLP1;RPLP2;RPS10;RPS11;RPS12;RPS13;RPS14;RPS15;RPS15A;RPS16;RPS17;RPS18;RPS19;RPS2;RPS20;RPS21;RPS23;RPS24;RPS25;RPS26;RPS27;RPS27A;RPS27L;RPS28;RPS29;RPS3;RPS3A;RPS4X;RPS4Y1;RPS4Y2;RPS5;RPS6;RPS7;RPS8;RPS9;RPSA;UBA52	S:EIF1AX;EIF2B1;EIF2B3;EIF2S1;EIF2S2;EIF3A;EIF3C;EIF3D;EIF3E;EIF3F;EIF3H;EIF3J;EIF3K;EIF3L;EIF3M;EIF4A1;EIF4A2;EIF4B;EIF4H;EIF5;EIF5B;PABPC1;RPL10;RPL10A;RPL10L;RPL12;RPL13;RPL13A;RPL14;RPL15;RPL18;RPL18A;RPL19;RPL22;RPL23A;RPL26;RPL27;RPL27A;RPL28;RPL29;RPL3;RPL30;RPL32;RPL35;RPL35A;RPL36;RPL36A;RPL36AL;RPL37;RPL37A;RPL38;RPL39L;RPL4;RPL5;RPL6;RPL7A;RPL8;RPLP0;RPLP1;RPLP2;RPS11;RPS13;RPS15;RPS16;RPS18;RPS19;RPS20;RPS21;RPS23;RPS25;RPS26;RPS27A;RPS27L;RPS28;RPS4X;RPS4Y1;RPS4Y2;RPS6;RPS8
S:REACTOME_HSP90_CHAPERONE_CYCLE_FOR_STEROID_HORMONE_RECEPTORS_SHR_IN_THE_PRESENCE_OF_LIGAND	D:51	S:ACTR10;ACTR1A;AR;CAPZA1;CAPZA2;CAPZA3;CAPZB;DCTN1;DCTN2;DCTN3;DCTN4;DCTN5;DCTN6;DNAJA1;DNAJA2;DNAJA4;DNAJB1;DYNC1H1;DYNC1I1;DYNC1I2;DYNC1LI1;DYNC1LI2;DYNLL1;DYNLL2;FKBP4;FKBP5;HSP90AA1;HSP90AB1;HSPA1A;HSPA1L;HSPA2;HSPA8;NR3C1;NR3C2;PGR;PTGES3;STIP1;TUBA1A;TUBA1B;TUBA1C;TUBA3C;TUBA3D;TUBA4A;TUBA8;TUBAL3;TUBB1;TUBB2A;TUBB2B;TUBB3;TUBB6;TUBB8	S:ACTR1A;AR;CAPZA1;CAPZA2;CAPZA3;CAPZB;DCTN1;DCTN3;DNAJA2;DNAJA4;DNAJB1;DYNC1I2;DYNLL2;FKBP4;FKBP5;HSPA1L;PGR;PTGES3;TUBA1A;TUBA1C;TUBA3D;TUBA8;TUBAL3;TUBB2A;TUBB2B;TUBB3;TUBB6;TUBB8
S:REACTOME_NEUROTRANSMITTER_CLEARANCE	D:10	S:ACHE;ALDH2;BCHE;COMT;LRTOMT;MAOA;SLC22A1;SLC22A2;SLC6A3;SLC6A4	S:ACHE;COMT;MAOA;SLC22A1;SLC6A3
S:REACTOME_TRANSCRIPTIONAL_REGULATION_OF_TESTIS_DIFFERENTIATION	D:13	S:AMH;DHH;DMRT1;FGF9;FOXL2;GATA4;NR5A1;PTGDS;SOX9;SRY;WNT4;WT1;ZFPM2	S:AMH;DHH;FGF9;FOXL2;GATA4;SOX9;SRY;WNT4
S:REACTOME_CELLULAR_HEXOSE_TRANSPORT	D:18	S:FGF21;SLC2A1;SLC2A10;SLC2A11;SLC2A12;SLC2A2;SLC2A3;SLC2A4;SLC2A6;SLC2A8;SLC2A9;SLC45A3;SLC50A1;SLC5A1;SLC5A10;SLC5A2;SLC5A4;SLC5A9	S:SLC2A10;SLC2A12;SLC2A2;SLC2A3;SLC2A4;SLC2A6;SLC2A8;SLC50A1;SLC5A1;SLC5A10;SLC5A2
S:REACTOME_REGULATION_OF_CDH11_FUNCTION	D:11	S:ADAM19;ADAM33;AMOT;ANGPTL4;CDH11;CDH24;CDH8;CTNNA1;CTNNB1;CTNND1;JUP	S:ADAM33;CDH11;CDH8;CTNNA1;CTNNB1;CTNND1;JUP
S:REACTOME_VASOPRESSIN_REGULATES_RENAL_WATER_HOMEOSTASIS_VIA_AQUAPORINS	D:43	S:ADCY1;ADCY2;ADCY3;ADCY4;ADCY5;ADCY6;ADCY7;ADCY8;ADCY9;AQP1;AQP2;AQP3;AQP4;AVP;AVPR2;GNAS;GNB1;GNB2;GNB3;GNB4;GNB5;GNG10;GNG11;GNG12;GNG13;GNG2;GNG3;GNG4;GNG5;GNG7;GNG8;GNGT1;GNGT2;MYO5B;PRKACA;PRKACB;PRKACG;PRKAR1A;PRKAR1B;PRKAR2A;PRKAR2B;RAB11A;RAB11FIP2	S:ADCY2;ADCY6;ADCY8;AQP1;AQP2;AQP4;AVP;AVPR2;GNB2;GNB4;GNG10;GNG11;GNG12;GNG13;GNG4;GNGT1;GNGT2;PRKACA;PRKAR1A;PRKAR1B;RAB11A
S:REACTOME_COLLAGEN_CHAIN_TRIMERIZATION	D:42	S:COL10A1;COL11A1;COL11A2;COL12A1;COL13A1;COL14A1;COL15A1;COL16A1;COL17A1;COL18A1;COL19A1;COL1A1;COL1A2;COL20A1;COL21A1;COL22A1;COL23A1;COL24A1;COL25A1;COL27A1;COL2A1;COL3A1;COL4A1;COL4A2;COL4A3;COL4A4;COL4A5;COL4A6;COL5A1;COL5A2;COL5A3;COL6A1;COL6A2;COL6A3;COL6A5;COL6A6;COL7A1;COL8A1;COL8A2;COL9A1;COL9A2;COL9A3	S:COL11A1;COL14A1;COL17A1;COL18A1;COL1A1;COL21A1;COL22A1;COL23A1;COL24A1;COL25A1;COL27A1;COL2A1;COL3A1;COL4A1;COL4A2;COL4A5;COL4A6;COL6A1;COL6A2;COL6A3;COL6A5;COL6A6;COL8A1;COL9A1;COL9A2
S:REACTOME_CO_STIMULATION_BY_CD28	D:48	S:AKT1;AKT2;AKT3;CD28;CD80;CD86;CDC42;CTLA4;FYN;GRAP2;GRB2;LCK;LYN;MAP3K14;MAP3K8;MAPKAP1;MLST8;MTOR;PAK1;PAK2;PAK3;PDPK1;PIK3CA;PIK3CB;PIK3CD;PIK3CG;PIK3R1;PIK3R2;PIK3R3;PIK3R5;PIK3R6;PPP2CA;PPP2CB;PPP2R1A;PPP2R1B;PPP2R5A;PPP2R5B;PPP2R5C;PPP2R5D;PPP2R5E;PRR5;RAC1;RICTOR;SRC;THEM4;TRIB3;VAV1;YES1	S:AKT2;AKT3;CD28;CD80;CDC42;CTLA4;FYN;GRAP2;GRB2;LCK;LYN;MAP3K14;MAPKAP1;MTOR;PAK1;PAK2;PAK3;PIK3CA;PIK3CB;PIK3CG;PIK3R1;PIK3R3;PIK3R5;PPP2CB;PPP2R1B;PPP2R5A;PPP2R5C;PPP2R5D;PPP2R5E;RAC1;THEM4;TRIB3;VAV1;YES1
S:REACTOME_MITOCHONDRIAL_PROTEIN_DEGRADATION	D:80	S:ACAD8;ACADSB;ACAT1;ACO2;ACOT2;AFG3L2;ALAS1;ALDH18A1;ALDH1B1;ALDH2;APP;ARG2;BDH1;CHCHD2;CLPP;CLPX;COX4I1;COX5A;COX5B;CS;DBT;DLD;ECH1;ECI1;FECH;FH;GLUD1;HADH;HMGCS2;HSD17B10;HSPA9;HSPD1;HTRA2;IARS2;IDH2;IDH3A;LDHD;LONP1;MDH2;ME2;MRPL12;MRPL32;MRPS10;MRPS2;NDUFA13;NDUFA2;NDUFB6;NDUFS1;NDUFS3;NDUFV1;NDUFV3;OGDH;OMA1;OPA1;OXCT1;OXSM;PCCB;PDHA1;PDHB;PDK1;PMPCA;PRELID1;PRKACA;SHMT2;SLC25A5;SLC25A6;SPG7;SSBP1;STAR;STARD7;SUCLG2;TFAM;TIMM10;TIMM17A;TIMM22;TIMM9;TRIAP1;UQCRC2;UQCRQ;YME1L1	S:ACADSB;ACAT1;ACO2;ACOT2;AFG3L2;ALDH18A1;ALDH1B1;ALDH2;APP;ARG2;CHCHD2;CLPP;CLPX;COX5A;DBT;DLD;ECH1;FH;GLUD1;HADH;HMGCS2;HSD17B10;HSPA9;HSPD1;IARS2;IDH3A;LONP1;MDH2;ME2;MRPL32;MRPS10;MRPS2;NDUFS1;NDUFV1;OMA1;OPA1;OXCT1;OXSM;PDHA1;PDK1;PMPCA;SHMT2;SLC25A5;SPG7;SSBP1;STARD7;TFAM;TIMM17A;TIMM22;TIMM9;TRIAP1;UQCRC2;YME1L1
S:REACTOME_ELASTIC_FIBRE_FORMATION	D:44	S:BMP10;BMP2;BMP4;BMP7;EFEMP1;EFEMP2;ELN;EMILIN1;EMILIN2;EMILIN3;FBLN1;FBLN2;FBLN5;FBN1;FBN2;FBN3;FN1;FURIN;GDF5;ITGA5;ITGA8;ITGAV;ITGB1;ITGB3;ITGB5;ITGB6;ITGB8;LOX;LOXL1;LOXL2;LOXL3;LOXL4;LTBP1;LTBP2;LTBP3;LTBP4;MFAP2;MFAP3;MFAP4;MFAP5;TGFB1;TGFB2;TGFB3;VTN	S:BMP2;BMP4;BMP7;EFEMP2;ELN;EMILIN1;EMILIN2;EMILIN3;FBN1;FBN2;FBN3;FN1;FURIN;GDF5;ITGA5;ITGAV;LOXL1;LOXL3;LOXL4;LTBP3;LTBP4;MFAP2;MFAP4;MFAP5;TGFB1;VTN
S:REACTOME_RHOA_GTPASE_CYCLE	D:136	S:AAAS;ABCD3;ABR;ACBD5;ACTC1;AKAP13;ANLN;ARAP1;ARAP2;ARAP3;ARHGAP1;ARHGAP10;ARHGAP11A;ARHGAP18;ARHGAP19;ARHGAP20;ARHGAP21;ARHGAP22;ARHGAP23;ARHGAP24;ARHGAP26;ARHGAP28;ARHGAP29;ARHGAP30;ARHGAP31;ARHGAP32;ARHGAP39;ARHGAP4;ARHGAP44;ARHGAP5;ARHGAP6;ARHGAP9;ARHGDIA;ARHGDIB;ARHGEF1;ARHGEF10;ARHGEF10L;ARHGEF11;ARHGEF12;ARHGEF15;ARHGEF17;ARHGEF18;ARHGEF19;ARHGEF2;ARHGEF25;ARHGEF3;ARHGEF4;ARHGEF40;ARHGEF5;ARHGEF7;ATP6AP1;BCAP31;BCR;C1QBP;CAV1;CIT;DAAM1;DDRGK1;DEF6;DEPDC1B;DIAPH1;DIAPH3;DLC1;DOCK2;ECT2;FAF2;FAM13A;FARP1;FLOT1;FLOT2;FMNL3;GMIP;HMOX2;IQGAP1;IQGAP3;JUP;KALRN;KTN1;LBR;LMAN1;MCAM;MCF2;MCF2L;MYO9A;MYO9B;NET1;NGEF;OBSCN;OPHN1;PCDH7;PGRMC2;PIK3R1;PIK3R2;PKN1;PKN2;PKN3;PLD1;PLEKHG3;PLEKHG4;PLEKHG5;PLEKHG6;PREX1;PREX2;RACGAP1;RASGRF2;RHOA;RHPN1;RHPN2;ROCK1;ROCK2;RTKN;SCFD1;SLK;SNAP23;SRGAP1;STARD13;STARD8;STBD1;STK10;STOM;STX5;TAGAP;TEX2;TFRC;TIAM1;TJP2;TMEM87A;TMPO;TRIO;VAMP3;VANGL1;VAPB;VAV1;VAV2;VAV3;YKT6	S:ABCD3;ABR;ACBD5;AKAP13;ARAP2;ARAP3;ARHGAP1;ARHGAP10;ARHGAP11A;ARHGAP18;ARHGAP19;ARHGAP21;ARHGAP23;ARHGAP24;ARHGAP29;ARHGAP31;ARHGAP32;ARHGAP39;ARHGAP4;ARHGAP5;ARHGAP6;ARHGAP9;ARHGDIB;ARHGEF10;ARHGEF10L;ARHGEF12;ARHGEF17;ARHGEF18;ARHGEF3;ARHGEF4;ARHGEF5;ARHGEF7;BCAP31;BCR;C1QBP;CAV1;CIT;DAAM1;DEF6;DEPDC1B;DIAPH1;DIAPH3;DLC1;DOCK2;FAF2;FARP1;FMNL3;HMOX2;IQGAP1;KTN1;LBR;LMAN1;MCAM;MCF2;MCF2L;MYO9A;MYO9B;NET1;NGEF;OPHN1;PGRMC2;PIK3R1;PKN2;PKN3;PLEKHG3;PLEKHG4;PLEKHG6;PREX1;RACGAP1;RHOA;ROCK1;ROCK2;RTKN;SCFD1;SNAP23;STK10;TAGAP;TEX2;TJP2;TMEM87A;TMPO;TRIO;VANGL1;VAV1;VAV2;VAV3
S:REACTOME_SIGNALING_BY_ERBB2_ECD_MUTANTS	D:15	S:CDC37;EGF;EGFR;ERBB2;GAB1;GRB2;HRAS;HSP90AA1;KRAS;NRAS;PIK3CA;PIK3R1;PLCG1;SHC1;SOS1	S:EGF;EGFR;ERBB2;GRB2;HSP90AA1;KRAS;PIK3CA;PIK3R1;PLCG1;SHC1;SOS1
S:REACTOME_INTERLEUKIN_12_SIGNALING	D:45	S:AIP;ANXA2;ARF1;BOLA2B;CA1;CAPZA1;CDC42;CFL1;CNN2;GSTA2;GSTO1;HNRNPA2B1;HNRNPF;HSPA9;IFNG;IL10;IL12A;IL12B;IL12RB1;IL12RB2;JAK1;JAK2;LCP1;LMNB1;MIF;MSN;MTAP;P4HB;PAK2;PDCD4;PITPNA;PPIA;PSME2;RALA;RAP1B;RPLP0;SERPINB2;SNRPA1;SOD1;SOD2;STAT4;TALDO1;TCP1;TYK2;VAMP7	S:ARF1;BOLA2B;CDC42;CNN2;HNRNPA2B1;HSPA9;IFNG;IL10;IL12B;IL12RB2;JAK1;LCP1;MIF;MSN;MTAP;P4HB;PAK2;PDCD4;PITPNA;PSME2;RALA;RAP1B;RPLP0;SERPINB2;SNRPA1;SOD1;SOD2;STAT4;TALDO1;TCP1;VAMP7
S:REACTOME_METABOLIC_DISORDERS_OF_BIOLOGICAL_OXIDATION_ENZYMES	D:30	S:ACY1;AHCY;CYP11A1;CYP11B1;CYP11B2;CYP17A1;CYP19A1;CYP1B1;CYP21A2;CYP24A1;CYP26B1;CYP27A1;CYP27B1;CYP2R1;CYP2U1;CYP4F22;CYP7B1;FDX1;FDXR;FMO3;GCLC;GCLM;GGT1;GSS;MAOA;MAT1A;OPLAH;SLC35D1;TBXAS1;TPMT	S:ACY1;CYP11B1;CYP11B2;CYP17A1;CYP19A1;CYP21A2;CYP24A1;CYP26B1;CYP4F22;CYP7B1;FMO3;GCLC;GGT1;GSS;MAOA;OPLAH;TBXAS1
S:REACTOME_SARS_COV_2_HOST_INTERACTIONS	D:188	S:AAAS;AKT1;AKT2;AKT3;ATG14;B2M;BECN1;CAV1;CHUK;CNBP;CRB3;CREBBP;DDX20;FAU;G3BP1;G3BP2;GEMIN4;GEMIN5;GEMIN6;GEMIN7;GEMIN8;GJA1;HLA-A;HLA-B;HLA-C;HLA-E;HLA-F;HLA-G;HSP90AA1;HSP90AB1;IFIH1;IFNA10;IFNA16;IFNA2;IFNA21;IFNA4;IFNA5;IFNA6;IFNA8;IFNAR1;IFNAR2;IFNB1;IKBKB;IKBKE;IKBKG;IL17A;IL17F;IL17RA;IL17RC;IRAK1;IRAK2;IRF3;IRF7;ISG15;JAK1;KPNA2;LARP1;MAP1LC3B;MAP3K7;MASP1;MASP2;MAVS;MBL2;NLRP12;NLRP3;NOD1;NOD2;NUP107;NUP133;NUP153;NUP155;NUP160;NUP188;NUP205;NUP210;NUP214;NUP35;NUP37;NUP43;NUP50;NUP54;NUP62;NUP85;NUP88;NUP93;NUP98;PDPK1;PIK3C3;PIK3R4;POM121;PTPN11;PTPN6;RAE1;RANBP2;RIPK2;RNF135;RPS10;RPS11;RPS12;RPS13;RPS14;RPS15;RPS15A;RPS16;RPS17;RPS18;RPS19;RPS2;RPS20;RPS21;RPS23;RPS24;RPS25;RPS26;RPS27;RPS27A;RPS27L;RPS28;RPS29;RPS3;RPS3A;RPS4X;RPS4Y1;RPS4Y2;RPS5;RPS6;RPS7;RPS8;RPS9;RPSA;SAR1B;SEC13;SEC23A;SEC24A;SEC24B;SEC24C;SEC24D;SEH1L;SFN;SFTPD;SIKE1;SMN1;SMN2;SNRPB;SNRPD1;SNRPD2;SNRPD3;SNRPE;SNRPF;SNRPG;STAT1;STAT2;TAB1;TAB2;TAB3;TBK1;TJP1;TLR1;TLR2;TLR7;TLR8;TPR;TRAF3;TRAF6;TRIM25;TRIM4;TUFM;TYK2;UBA52;UBB;UBC;UBE2N;UBE2V1;UVRAG;VPS11;VPS16;VPS18;VPS33A;VPS33B;VPS39;VPS41;VPS45;YWHAB;YWHAE;YWHAG;YWHAH;YWHAQ;YWHAZ	S:AKT2;AKT3;ATG14;B2M;CAV1;CNBP;CRB3;CREBBP;DDX20;G3BP1;G3BP2;GEMIN4;GEMIN5;GEMIN8;HLA-A;HLA-B;HLA-C;HLA-E;HLA-G;HSP90AA1;HSP90AB1;IFIH1;IFNA21;IFNA5;IFNAR2;IFNB1;IKBKB;IL17A;JAK1;KPNA2;LARP1;MAP3K7;MBL2;NOD1;NOD2;NUP107;NUP133;NUP153;NUP155;NUP160;NUP188;NUP205;NUP210;NUP35;NUP37;NUP43;NUP50;NUP54;NUP62;NUP85;NUP88;NUP93;NUP98;PIK3C3;PIK3R4;POM121;PTPN11;RAE1;RANBP2;RPS11;RPS13;RPS15;RPS16;RPS18;RPS19;RPS20;RPS21;RPS23;RPS25;RPS26;RPS27A;RPS27L;RPS28;RPS4X;RPS4Y1;RPS4Y2;RPS6;RPS8;SAR1B;SEC13;SEC23A;SEC24A;SEC24B;SEC24C;SEC24D;SEH1L;SIKE1;SMN1;SMN2;SNRPD1;SNRPD2;SNRPD3;SNRPF;STAT1;TAB2;TAB3;TBK1;TLR1;TLR2;TLR7;TPR;TRAF3;TRAF6;TRIM4;TUFM;UBC;UBE2N;UVRAG;VPS11;VPS33A;VPS41;VPS45;YWHAB;YWHAG;YWHAH;YWHAQ;YWHAZ
S:REACTOME_EICOSANOIDS	D:11	S:CYP4A11;CYP4B1;CYP4F11;CYP4F12;CYP4F2;CYP4F22;CYP4F3;CYP4F8;CYP8B1;PTGIS;TBXAS1	S:CYP4A11;CYP4B1;CYP4F11;CYP4F2;CYP4F22;CYP8B1;PTGIS;TBXAS1
S:REACTOME_REGULATION_OF_INSULIN_LIKE_GROWTH_FACTOR_IGF_TRANSPORT_AND_UPTAKE_BY_INSULIN_LIKE_GROWTH_FACTOR_BINDING_PROTEINS_IGFBPS	D:118	S:ADAM10;AFP;AHSG;ALB;AMBN;AMELX;ANO8;APLP2;APOA1;APOA2;APOA5;APOB;APOE;APOL1;APP;BMP15;BMP4;C3;CALU;CDH2;CHGB;CHRDL1;CKAP4;CP;CSF1;CST3;CTSG;DMP1;DNAJC3;ENAM;F2;F5;FAM20A;FAM20C;FBN1;FGA;FGF23;FGG;FN1;FSTL1;FSTL3;FUCA2;GAS6;GOLM1;GPC3;GZMH;HRC;HSP90B1;IGF1;IGF2;IGFALS;IGFBP1;IGFBP2;IGFBP3;IGFBP4;IGFBP5;IGFBP6;IGFBP7;IL6;ITIH2;KLK1;KLK13;KLK2;KLK3;KNG1;KTN1;LAMB1;LAMB2;LAMC1;LGALS1;LTBP1;MATN3;MBTPS1;MEN1;MEPE;MFGE8;MGAT4A;MIA3;MMP1;MMP2;MSLN;MXRA8;NOTUM;NUCB1;P4HB;PAPPA;PAPPA2;PCSK9;PDIA6;PENK;PLG;PNPLA2;PRKCSH;PROC;PRSS23;QSOX1;RCN1;SCG2;SCG3;SDC2;SERPINA1;SERPINA10;SERPINC1;SERPIND1;SHISA5;SPARCL1;SPP1;SPP2;STC2;TF;TGOLN2;TIMP1;TMEM132A;TNC;VCAN;VGF;VWA1;WFS1	S:AFP;AHSG;AMELX;ANO8;APOA1;APOA2;APOE;APOL1;BMP4;CALU;CDH2;CHRDL1;CST3;CTSG;DMP1;ENAM;F5;FAM20A;FAM20C;FBN1;FGA;FGF23;FGG;FN1;FSTL3;FUCA2;GAS6;GOLM1;HRC;IGF2;IGFALS;IGFBP1;IGFBP2;IGFBP3;IGFBP5;ITIH2;KLK2;KLK3;KNG1;LAMB2;LGALS1;MATN3;MEPE;MMP1;NOTUM;NUCB1;PAPPA2;PCSK9;PNPLA2;PRKCSH;QSOX1;SCG2;SERPINA1;STC2;TIMP1;TNC;VCAN;VGF;VWA1
S:REACTOME_SARS_COV_2_TARGETS_HOST_INTRACELLULAR_SIGNALLING_AND_REGULATORY_PATHWAYS	D:12	S:AKT1;AKT2;AKT3;CAV1;PDPK1;SFN;YWHAB;YWHAE;YWHAG;YWHAH;YWHAQ;YWHAZ	S:AKT2;AKT3;CAV1;YWHAB;YWHAG;YWHAH;YWHAQ;YWHAZ
S:REACTOME_FORMATION_OF_PARAXIAL_MESODERM	D:55	S:ADRM1;BMP4;CREBBP;CTNNB1;DLL1;DLL3;EP300;EPHA4;FGFR1;HES7;KAT2A;KAT2B;LEF1;LFNG;MAML1;MAML2;MAML3;MAMLD1;NOG;NOTCH1;PSMA1;PSMA2;PSMA3;PSMA4;PSMA5;PSMA6;PSMA7;PSMB1;PSMB2;PSMB3;PSMB4;PSMB5;PSMB6;PSMB7;PSMC1;PSMC2;PSMC3;PSMC4;PSMC5;PSMC6;PSMD1;PSMD11;PSMD12;PSMD13;PSMD14;PSMD2;PSMD3;PSMD6;PSMD7;PSMD8;RBPJ;RIPPLY2;SNW1;TBX6;WNT3A	S:CREBBP;DLL1;DLL3;EP300;EPHA4;FGFR1;HES7;KAT2A;LEF1;MAML1;MAML3;MAMLD1;NOG;NOTCH1;PSMA1;PSMA3;PSMA4;PSMA5;PSMA6;PSMA7;PSMB1;PSMB2;PSMB3;PSMB4;PSMC5;PSMC6;PSMD1;PSMD11;PSMD12;PSMD14;PSMD2;PSMD3;PSMD6;PSMD7;RIPPLY2;SNW1;TBX6
S:REACTOME_ASSOCIATION_OF_TRIC_CCT_WITH_TARGET_PROTEINS_DURING_BIOSYNTHESIS	D:37	S:AP3M1;ARFGEF2;CCNE1;CCNE2;CCT2;CCT3;CCT4;CCT5;CCT6A;CCT6B;CCT7;CCT8;DCAF7;FBXL3;FBXL5;FBXO4;FBXO6;FBXW10;FBXW2;FBXW4;FBXW5;FBXW7;FBXW9;FKBP9;GAPDHS;HDAC3;KIF13A;KIFC3;LONP2;NOP56;SPHK1;STAT3;TCP1;TP53;USP11;WRAP53;XRN2	S:AP3M1;CCNE1;CCNE2;CCT2;CCT3;CCT4;CCT5;CCT6A;CCT6B;CCT7;CCT8;DCAF7;FBXL3;FBXL5;FBXO4;FBXW10;FBXW2;FBXW7;HDAC3;KIF13A;LONP2;NOP56;TCP1;TP53;USP11;WRAP53
S:REACTOME_DEVELOPMENTAL_LINEAGE_OF_MAMMARY_GLAND_MYOEPITHELIAL_CELLS	D:20	S:ACTA2;ALDH1A1;ALDH1A3;AREG;CD44;CDH1;CNN1;EGF;EGFR;EPCAM;ERBB2;ITGA6;ITGB1;KRT14;KRT5;MME;MYH11;TGFA;TP63;VIM	S:ALDH1A3;AREG;CD44;CDH1;CNN1;EGF;EGFR;ERBB2;ITGA6;ITGB1;KRT5;MYH11;TP63;VIM
S:REACTOME_HIV_TRANSCRIPTION_INITIATION	D:47	S:CCNH;CDK7;ERCC2;ERCC3;GTF2A1;GTF2A2;GTF2B;GTF2E1;GTF2E2;GTF2F1;GTF2F2;GTF2H1;GTF2H3;GTF2H4;GTF2H5;MNAT1;POLR2A;POLR2B;POLR2C;POLR2D;POLR2E;POLR2F;POLR2G;POLR2H;POLR2I;POLR2J;POLR2K;POLR2L;TAF1;TAF10;TAF11;TAF12;TAF13;TAF15;TAF1L;TAF2;TAF3;TAF4;TAF4B;TAF5;TAF6;TAF7;TAF7L;TAF8;TAF9;TAF9B;TBP	S:CCNH;CDK7;ERCC3;GTF2A1;GTF2A2;GTF2B;GTF2E1;GTF2E2;GTF2F1;GTF2F2;GTF2H1;GTF2H3;GTF2H4;GTF2H5;MNAT1;POLR2B;POLR2G;POLR2K;POLR2L;TAF1;TAF12;TAF15;TAF1L;TAF2;TAF3;TAF4;TAF4B;TAF5;TAF6;TAF7;TAF7L;TAF8;TAF9;TAF9B;TBP
S:REACTOME_L1CAM_INTERACTIONS	D:114	S:ACTB;ACTG1;ALCAM;ANK1;ANK2;ANK3;AP2A1;AP2A2;AP2B1;AP2M1;AP2S1;CD24;CHL1;CLTA;CLTC;CNTN1;CNTN2;CNTN6;CNTNAP1;CSNK2A1;CSNK2A2;CSNK2B;DCX;DLG1;DLG3;DLG4;DNM1;DNM2;DNM3;DPYSL2;EGFR;EPHB2;EZR;FGFR1;GAP43;HSPA8;ITGA1;ITGA10;ITGA2;ITGA2B;ITGA5;ITGA9;ITGAV;ITGB1;ITGB3;KCNQ2;KCNQ3;KIF4A;L1CAM;LAMA1;LAMB1;LAMC1;LYPLA2;MAP2K1;MAP2K2;MAPK1;MAPK3;MSN;NCAM1;NCAN;NFASC;NRCAM;NRP1;NRP2;NUMB;PAK1;RAC1;RANBP9;RDX;RPS6KA1;RPS6KA2;RPS6KA3;RPS6KA4;RPS6KA5;RPS6KA6;SCN10A;SCN11A;SCN1A;SCN1B;SCN2A;SCN2B;SCN3A;SCN3B;SCN4A;SCN4B;SCN5A;SCN7A;SCN8A;SCN9A;SDCBP;SH3GL2;SPTA1;SPTAN1;SPTB;SPTBN1;SPTBN2;SPTBN4;SPTBN5;SRC;TUBA1A;TUBA1B;TUBA1C;TUBA3C;TUBA3D;TUBA4A;TUBA8;TUBAL3;TUBB1;TUBB2A;TUBB2B;TUBB3;TUBB6;TUBB8;VAV2	S:ANK1;ANK2;AP2A1;AP2A2;AP2B1;AP2M1;AP2S1;CD24;CHL1;CNTN1;CNTN6;CNTNAP1;CSNK2A2;DCX;DLG4;DNM1;DNM2;GAP43;ITGA10;ITGA2B;ITGA5;ITGAV;KCNQ3;LAMA1;LYPLA2;MAP2K2;MAPK3;NCAM1;NCAN;NFASC;NUMB;RPS6KA1;RPS6KA2;RPS6KA4;RPS6KA6;SCN10A;SCN11A;SCN1A;SCN1B;SCN2B;SCN3B;SCN4B;SCN5A;SCN7A;SCN8A;SH3GL2;SPTA1;SPTAN1;SPTB;SPTBN2;SRC;TUBA1A;TUBA1C;TUBA3D;TUBA8;TUBAL3;TUBB2A;TUBB2B;TUBB3;TUBB6;TUBB8
S:REACTOME_METABOLISM_OF_COFACTORS	D:23	S:ACO1;AKT1;CALM1;COQ2;COQ3;COQ4;COQ5;COQ6;COQ7;COQ9;DHFR;GCH1;GCHFR;HPDL;HSP90AA1;IDH1;NOS3;PDSS1;PDSS2;PRKG2;PTS;SPR;STARD7	S:ACO1;CALM1;COQ3;COQ5;COQ6;COQ7;COQ9;DHFR;GCH1;HPDL;HSP90AA1;PDSS1;PDSS2;PRKG2;PTS;SPR;STARD7
S:REACTOME_DEVELOPMENTAL_CELL_LINEAGES_OF_THE_EXOCRINE_PANCREAS	D:82	S:ANXA1;ANXA2;ANXA3;AQP1;AQP8;BHLHA15;CA2;CD74;CEL;CELA2A;CELA3B;CER1;CFTR;CLDN10;COL11A1;COL11A2;COL1A1;COL1A2;COL24A1;COL27A1;COL2A1;COL3A1;COL5A1;COL5A2;COL5A3;CPA1;CPA2;CPB1;CTRC;CTRL;CXCR4;EGF;FGF10;FGF2;FGF4;FGF7;FN1;FOXA2;GATA4;GATA6;GNMT;GP2;HHEX;HNF1B;KLK1;KRT17;KRT19;KRT23;KRT7;LAMA1;LAMA2;LAMA3;LAMA4;LAMA5;LAMB1;LAMB2;LAMB3;LAMC1;LAMC2;LAMC3;NKX6-1;ONECUT1;PDIA2;PDX1;PLA2G1B;PNLIP;PNLIPRP2;PROM1;PRSS1;PTF1A;REG1A;RNASE1;SERPINA4;SHH;SLC4A4;SOX17;SOX9;SPINK1;SYCN;TFPI2;VTN;YAP1	S:ANXA2;ANXA3;AQP1;BHLHA15;CA2;CD74;CELA3B;CFTR;COL11A1;COL1A1;COL24A1;COL27A1;COL2A1;COL3A1;CPA1;CPB1;CTRL;FGF10;FGF4;FN1;FOXA2;GATA4;GNMT;HNF1B;KRT17;KRT19;LAMA1;LAMA3;LAMA4;LAMA5;LAMB2;LAMC2;LAMC3;ONECUT1;PDX1;PNLIP;PTF1A;SHH;SOX17;SOX9;SYCN;TFPI2;VTN
S:REACTOME_YAP1_AND_WWTR1_TAZ_STIMULATED_GENE_EXPRESSION	D:14	S:GATA4;HIPK1;HIPK2;KAT2B;NKX2-5;NPPA;RUNX2;TBX5;TEAD1;TEAD2;TEAD3;TEAD4;WWTR1;YAP1	S:GATA4;KAT2B;NKX2-5;NPPA;TBX5;TEAD1;TEAD3;WWTR1
S:REACTOME_PEROXISOMAL_PROTEIN_IMPORT	D:63	S:ACAA1;ACOT2;ACOT4;ACOT8;ACOX1;ACOX2;ACOX3;AGPS;AGXT;AMACR;BAAT;CAT;CRAT;CROT;DAO;DDO;DECR2;DHRS4;ECH1;ECI2;EHHADH;EPHX2;GNPAT;GSTK1;HACL1;HAO1;HAO2;HMGCL;HSD17B4;IDE;IDH1;LONP2;MLYCD;MPV17;NOS2;NUDT19;NUDT7;PAOX;PECR;PEX1;PEX10;PEX12;PEX13;PEX14;PEX2;PEX26;PEX5;PEX6;PEX7;PHYH;PIPOX;RPS27A;SCP2;SLC27A2;TYSND1;UBA52;UBB;UBC;UBE2D1;UBE2D2;UBE2D3;USP9X;ZFAND6	S:ACOT2;ACOT4;ACOX1;ACOX2;ACOX3;AGPS;AMACR;BAAT;CAT;CROT;DAO;DDO;ECH1;ECI2;EHHADH;EPHX2;GNPAT;HACL1;HSD17B4;IDE;LONP2;MLYCD;NOS2;NUDT19;NUDT7;PAOX;PECR;PEX1;PEX12;PEX13;PEX14;PEX2;PEX26;PEX5;PEX7;PHYH;PIPOX;RPS27A;SCP2;SLC27A2;UBC;UBE2D2;UBE2D3;USP9X;ZFAND6
S:REACTOME_ACETYLCHOLINE_BINDING_AND_DOWNSTREAM_EVENTS	D:14	S:CHRNA1;CHRNA2;CHRNA3;CHRNA4;CHRNA5;CHRNA6;CHRNA7;CHRNA9;CHRNB2;CHRNB3;CHRNB4;CHRND;CHRNE;CHRNG	S:CHRNA1;CHRNA2;CHRNA3;CHRNA4;CHRNA7;CHRNA9;CHRNB2
S:REACTOME_CARGO_TRAFFICKING_TO_THE_PERICILIARY_MEMBRANE	D:65	S:ARF4;ARL13B;ARL3;ARL6;ASAP1;ATAT1;BBIP1;BBS1;BBS10;BBS12;BBS2;BBS4;BBS5;BBS7;BBS9;CCT2;CCT3;CCT4;CCT5;CCT8;CNGA4;CNGB1;EXOC1;EXOC2;EXOC3;EXOC4;EXOC5;EXOC6;EXOC7;EXOC8;GBF1;HDAC6;INPP5E;LZTFL1;MCHR1;MKKS;NPHP3;PDE6D;PKD1;PKD2;RAB11A;RAB11FIP3;RAB3IP;RAB8A;RHO;RP2;SMO;SSTR3;TCP1;TTC8;TUBA1A;TUBA1B;TUBA1C;TUBA3C;TUBA3D;TUBA4A;TUBA8;TUBAL3;TUBB1;TUBB2A;TUBB2B;TUBB3;TUBB6;TUBB8;UNC119B	S:ARF4;ARL13B;ARL6;ATAT1;BBIP1;BBS1;BBS10;BBS12;BBS2;BBS4;BBS5;BBS7;BBS9;CCT2;CCT3;CCT4;CCT5;CCT8;CNGA4;CNGB1;EXOC1;EXOC2;EXOC4;EXOC5;EXOC8;GBF1;INPP5E;LZTFL1;NPHP3;PDE6D;PKD2;RAB11FIP3;RAB3IP;RP2;TCP1;TTC8;TUBA1B;TUBA3C;TUBA4A;TUBB1;UNC119B
S:REACTOME_REGULATION_OF_TP53_ACTIVITY_THROUGH_ASSOCIATION_WITH_CO_FACTORS	D:14	S:AKT1;AKT2;AKT3;BANP;PHF20;POU4F1;POU4F2;PPP1R13B;PPP1R13L;TP53;TP53BP2;TP63;TP73;ZNF385A	S:AKT2;AKT3;BANP;PHF20;POU4F1;POU4F2;PPP1R13B;TP53;TP53BP2;TP63;TP73
S:REACTOME_SLC_MEDIATED_TRANSPORT_OF_ORGANIC_ANIONS	D:37	S:AVP;BSG;EMB;SLC13A2;SLC13A3;SLC13A5;SLC16A1;SLC16A2;SLC16A3;SLC16A7;SLC16A8;SLC17A5;SLC22A11;SLC22A12;SLC22A6;SLC22A7;SLC22A8;SLC25A1;SLC25A10;SLC25A11;SLC44A1;SLC44A2;SLC44A3;SLC44A4;SLC44A5;SLC5A12;SLC5A7;SLC5A8;SLCO1A2;SLCO1B1;SLCO1B3;SLCO1C1;SLCO2A1;SLCO2B1;SLCO3A1;SLCO4A1;SLCO4C1	S:AVP;BSG;SLC13A2;SLC13A5;SLC16A1;SLC16A8;SLC22A12;SLC22A7;SLC25A1;SLC25A11;SLC44A2;SLC44A4;SLC5A12;SLC5A7;SLC5A8;SLCO1A2;SLCO1B1;SLCO1B3;SLCO1C1;SLCO3A1
S:REACTOME_TRANSCRIPTIONAL_REGULATION_BY_THE_AP_2_TFAP2_FAMILY_OF_TRANSCRIPTION_FACTORS	D:35	S:APOE;ATAD2;CDKN1A;CGA;CITED1;CITED2;CITED4;CREBBP;DEK;EGFR;EP300;ERBB2;ESR1;HSPD1;KCTD1;KCTD15;KDM5B;KIT;MYBL2;MYC;NOP2;NPM1;PITX2;SUMO1;TFAP2A;TFAP2B;TFAP2C;TFAP2D;TFAP2E;TGFA;UBE2I;VEGFA;WWOX;YEATS4;YY1	S:ATAD2;CGA;CITED1;CITED2;CITED4;CREBBP;DEK;EGFR;EP300;ERBB2;ESR1;HSPD1;KCTD1;KDM5B;KIT;MYC;NOP2;NPM1;TFAP2A;TFAP2C;UBE2I;VEGFA;WWOX;YEATS4;YY1
S:REACTOME_APC_C_CDH1_MEDIATED_DEGRADATION_OF_CDC20_AND_OTHER_APC_C_CDH1_TARGETED_PROTEINS_IN_LATE_MITOSIS_EARLY_G1	D:59	S:ADRM1;ANAPC1;ANAPC10;ANAPC11;ANAPC16;ANAPC2;ANAPC4;ANAPC5;ANAPC7;AURKA;AURKB;CDC16;CDC20;CDC23;CDC26;CDC27;FZR1;PLK1;PSMA1;PSMA2;PSMA3;PSMA4;PSMA5;PSMA6;PSMA7;PSMB1;PSMB2;PSMB3;PSMB4;PSMB5;PSMB6;PSMB7;PSMC1;PSMC2;PSMC3;PSMC4;PSMC5;PSMC6;PSMD1;PSMD11;PSMD12;PSMD13;PSMD14;PSMD2;PSMD3;PSMD6;PSMD7;PSMD8;PTTG1;RB1;RPS27A;SKP2;UBA52;UBB;UBC;UBE2C;UBE2D1;UBE2E1;UBE2S	S:ANAPC1;ANAPC10;ANAPC11;ANAPC16;ANAPC4;ANAPC5;ANAPC7;AURKA;AURKB;CDC23;CDC26;CDC27;PLK1;PSMA1;PSMA3;PSMA4;PSMA5;PSMA6;PSMA7;PSMB1;PSMB2;PSMB3;PSMB4;PSMC5;PSMC6;PSMD1;PSMD11;PSMD12;PSMD14;PSMD2;PSMD3;PSMD6;PSMD7;PTTG1;RB1;RPS27A;SKP2;UBC;UBE2E1
S:REACTOME_DRUG_ADME	D:97	S:ABCB1;ABCC1;ABCC2;ABCC3;ABCC4;ABCC5;ABCG2;ACSM2A;ACSM2B;ACSM5;ACY1;ADA;ADH1A;ADK;AKR1C1;ALB;BCHE;BSG;CES1;CES2;CNDP2;CYP2C19;CYP2C8;CYP2C9;CYP2D6;CYP2E1;CYP3A4;GGT1;GGT5;GGT6;GGT7;GLYAT;GLYATL1;GLYATL2;GMPS;GSTA1;GSTA2;GSTM1;GSTP1;GSTT1;GUK1;HPRT1;HSD11B1;HSD11B2;IMPDH1;IMPDH2;ITPA;NAT1;NAT2;NME1;NME2;NT5C2;NUDT15;PCK1;PNP;PON1;PON3;RAC1;SERPINA6;SLC16A1;SLC22A1;SLC22A2;SLC22A3;SLC22A7;SLC22A8;SLC28A2;SLC28A3;SLC29A1;SLC29A2;SLC29A3;SLCO1A2;SLCO1B1;SLCO1B3;SLCO2B1;SULT1A1;SULT1A4;SULT1C4;SULT1E1;SULT2A1;TPMT;UGT1A6;UGT1A8;UGT2A1;UGT2A3;UGT2B10;UGT2B11;UGT2B15;UGT2B17;UGT2B28;UGT2B4;UGT2B7;UGT3A1;UGT3A2;VAV1;VAV2;VAV3;XDH	S:ABCC1;ABCC3;ABCC4;ABCG2;ACSM2A;ACSM5;ACY1;BSG;CES1;CNDP2;CYP2C19;CYP2C8;CYP2D6;CYP3A4;GGT1;GGT5;GSTA1;GSTA2;GSTM1;GUK1;HSD11B2;IMPDH1;NME1;PNP;PON1;PON3;SERPINA6;SLC16A1;SLC22A1;SLC22A3;SLC22A7;SLC28A3;SLC29A1;SLC29A3;SLCO1A2;SLCO1B1;SLCO1B3;SULT1A1;SULT1C4;SULT2A1;UGT1A6;UGT1A8;UGT2A1;UGT2B11;UGT2B4;UGT2B7;UGT3A1;UGT3A2
S:REACTOME_POST_CHAPERONIN_TUBULIN_FOLDING_PATHWAY	D:19	S:ARL2;TBCA;TBCB;TBCC;TBCD;TBCE;TUBA1A;TUBA1B;TUBA1C;TUBA3C;TUBA3D;TUBA4A;TUBA8;TUBAL3;TUBB1;TUBB2A;TUBB2B;TUBB3;TUBB6	S:ARL2;TBCB;TUBA1A;TUBA1C;TUBA3D;TUBA8;TUBAL3;TUBB2A;TUBB2B;TUBB3;TUBB6
S:REACTOME_CYP2E1_REACTIONS	D:11	S:CYP2A13;CYP2A6;CYP2A7;CYP2B6;CYP2C19;CYP2C8;CYP2C9;CYP2D6;CYP2E1;CYP2F1;CYP2S1	S:CYP2A13;CYP2A6;CYP2B6;CYP2C19;CYP2C8;CYP2D6;CYP2F1;CYP2S1
S:REACTOME_RUNX1_REGULATES_TRANSCRIPTION_OF_GENES_INVOLVED_IN_DIFFERENTIATION_OF_HSCS	D:55	S:ABL1;ADRM1;CBFB;CCNH;CDK7;GATA1;GATA2;GATA3;ITCH;LDB1;LMO1;LMO2;MNAT1;MYB;PSMA1;PSMA2;PSMA3;PSMA4;PSMA5;PSMA6;PSMA7;PSMB1;PSMB2;PSMB3;PSMB4;PSMB5;PSMB6;PSMB7;PSMC1;PSMC2;PSMC3;PSMC4;PSMC5;PSMC6;PSMD1;PSMD11;PSMD12;PSMD13;PSMD14;PSMD2;PSMD3;PSMD6;PSMD7;PSMD8;RPS27A;RUNX1;SPI1;TAL1;TCF12;TCF3;TP73;UBA52;UBB;UBC;YAP1	S:ABL1;CBFB;CCNH;CDK7;GATA2;GATA3;ITCH;MNAT1;MYB;PSMA1;PSMA3;PSMA4;PSMA5;PSMA6;PSMA7;PSMB1;PSMB2;PSMB3;PSMB4;PSMC5;PSMC6;PSMD1;PSMD11;PSMD12;PSMD14;PSMD2;PSMD3;PSMD6;PSMD7;RPS27A;RUNX1;TCF12;TCF3;TP73;UBC;YAP1
S:REACTOME_RUNX1_REGULATES_GENES_INVOLVED_IN_MEGAKARYOCYTE_DIFFERENTIATION_AND_PLATELET_FUNCTION	D:29	S:ASH2L;CBFB;DPY30;EP300;GATA1;GP1BA;HDAC1;ITGA2B;KAT2B;MOV10;MYL9;NFE2;NR4A3;PF4;PRKCQ;PRMT1;PRMT6;RBBP5;RUNX1;SETD1A;SETD1B;SIN3A;SIN3B;THBS1;TNRC6A;TNRC6B;TNRC6C;WDR5;ZFPM1	S:ASH2L;CBFB;DPY30;EP300;GP1BA;HDAC1;MOV10;NR4A3;PF4;PRKCQ;PRMT1;PRMT6;RBBP5;RUNX1;SETD1B;SIN3A;TNRC6A;TNRC6B;TNRC6C;WDR5
S:REACTOME_ASPIRIN_ADME	D:35	S:ABCC2;ABCC3;ACSM2A;ACSM2B;ACSM5;ALB;BCHE;BSG;CES1;CES2;CYP2C19;CYP2C8;CYP2C9;CYP2D6;CYP2E1;CYP3A4;GLYAT;GLYATL1;GLYATL2;SLC16A1;SLC22A7;SLCO2B1;UGT1A6;UGT1A8;UGT2A1;UGT2A3;UGT2B10;UGT2B11;UGT2B15;UGT2B17;UGT2B28;UGT2B4;UGT2B7;UGT3A1;UGT3A2	S:ABCC3;ACSM2A;ACSM5;BSG;CES1;CYP2C19;CYP2C8;CYP2D6;CYP3A4;SLC16A1;SLC22A7;UGT1A6;UGT1A8;UGT2A1;UGT2B11;UGT2B4;UGT2B7;UGT3A1;UGT3A2
S:REACTOME_GLUCOSE_METABOLISM	D:77	S:AAAS;ADPGK;ALDOA;ALDOB;ALDOC;BPGM;ENO1;ENO2;ENO3;FBP1;FBP2;G6PC2;G6PC3;GAPDH;GAPDHS;GCK;GCKR;GNPDA1;GNPDA2;GPI;HK1;HK2;HK3;HKDC1;NUP107;NUP133;NUP153;NUP155;NUP160;NUP188;NUP205;NUP210;NUP214;NUP35;NUP37;NUP43;NUP50;NUP54;NUP62;NUP85;NUP88;NUP93;NUP98;PC;PCK1;PCK2;PFKFB1;PFKFB2;PFKFB3;PFKFB4;PFKL;PFKM;PFKP;PGAM1;PGAM2;PGK1;PGK2;PGM2L1;PKLR;POM121;PPP2CA;PPP2CB;PPP2R1A;PPP2R1B;PPP2R5D;PRKACA;PRKACB;PRKACG;RAE1;RANBP2;SEC13;SEH1L;SLC37A1;SLC37A2;SLC37A4;TPI1;TPR	S:ADPGK;ALDOA;ALDOB;ENO3;FBP1;FBP2;GCK;GNPDA1;GNPDA2;GPI;HK1;HK2;HKDC1;NUP107;NUP133;NUP153;NUP155;NUP160;NUP188;NUP205;NUP210;NUP35;NUP37;NUP43;NUP50;NUP54;NUP62;NUP85;NUP88;NUP93;NUP98;PC;PCK1;PCK2;PFKFB1;PFKFB2;PFKM;PFKP;PGAM1;PGM2L1;POM121;PPP2CB;PPP2R1B;PPP2R5D;PRKACB;PRKACG;RAE1;RANBP2;SEC13;SEH1L;SLC37A1;SLC37A2;TPR
S:REACTOME_INITIATION_OF_NUCLEAR_ENVELOPE_NE_REFORMATION	D:19	S:ANKLE2;BANF1;CCNB1;CCNB2;CDK1;EMD;KPNB1;LBR;LEMD2;LEMD3;LMNA;LMNB1;PPP2CA;PPP2R1A;PPP2R2A;SIRT2;TMPO;VRK1;VRK2	S:ANKLE2;CCNB1;CCNB2;CDK1;KPNB1;LBR;LEMD3;LMNA;PPP2R2A;TMPO;VRK1;VRK2
S:REACTOME_ATF4_ACTIVATES_GENES_IN_RESPONSE_TO_ENDOPLASMIC_RETICULUM_STRESS	D:26	S:ASNS;ATF3;ATF4;ATF6;CCL2;CEBPB;CEBPG;DCP2;DDIT3;DIS3;EXOSC1;EXOSC2;EXOSC3;EXOSC4;EXOSC5;EXOSC6;EXOSC7;EXOSC8;EXOSC9;HERPUD1;IGFBP1;KHSRP;NFYA;NFYB;NFYC;PARN	S:ASNS;ATF3;ATF4;CCL2;CEBPG;DCP2;DIS3;EXOSC1;EXOSC2;EXOSC3;EXOSC4;EXOSC5;EXOSC7;EXOSC8;EXOSC9;HERPUD1;KHSRP;NFYA;NFYB;NFYC;PARN
S:REACTOME_P53_DEPENDENT_G1_DNA_DAMAGE_RESPONSE	D:51	S:ADRM1;ATM;CCNA1;CCNA2;CCNE1;CCNE2;CDK2;CDKN1A;CDKN1B;CDKN2A;CHEK2;MDM2;MDM4;PCBP4;PHF20;PSMA1;PSMA2;PSMA3;PSMA4;PSMA5;PSMA6;PSMA7;PSMB1;PSMB2;PSMB3;PSMB4;PSMB5;PSMB6;PSMB7;PSMC1;PSMC2;PSMC3;PSMC4;PSMC5;PSMC6;PSMD1;PSMD11;PSMD12;PSMD13;PSMD14;PSMD2;PSMD3;PSMD6;PSMD7;PSMD8;RPS27A;TP53;UBA52;UBB;UBC;ZNF385A	S:ATM;CCNA1;CCNA2;CCNE1;CCNE2;CDKN1B;CDKN2A;CHEK2;MDM2;MDM4;PCBP4;PHF20;PSMA1;PSMA3;PSMA4;PSMA5;PSMA6;PSMA7;PSMB1;PSMB2;PSMB3;PSMB4;PSMC5;PSMC6;PSMD1;PSMD11;PSMD12;PSMD14;PSMD2;PSMD3;PSMD6;PSMD7;RPS27A;TP53;UBC
S:REACTOME_RAC3_GTPASE_CYCLE	D:89	S:ABI1;ABI2;ABL2;ABR;AMIGO2;ARAP2;ARAP3;ARHGAP1;ARHGAP15;ARHGAP17;ARHGAP21;ARHGAP26;ARHGAP32;ARHGAP39;ARHGAP5;ARHGAP6;ARHGDIB;BAIAP2;BAIAP2L1;BCR;CAV1;CDC42;CDC42EP1;CYBA;CYBB;CYFIP1;DEPDC1B;DIAPH3;DOCK10;DSG2;EMD;EPHA2;ESYT1;FERMT2;GIT1;GIT2;IL32;ITGB1;JAG1;LAMTOR1;LBR;LEMD3;LMAN1;MCAM;MCF2;MPP7;NCF1;NCF2;NCF4;NCKAP1;NCKAP1L;NHS;NOX1;NOX3;NOXA1;NOXO1;OCRL;OPHN1;PAK1;PAK2;PAK4;PGRMC2;PIK3R1;PIK3R2;PREX1;RAB7A;RAC3;RACGAP1;RAPGEF1;SLC1A5;SLITRK3;SLITRK5;SNAP23;SRGAP2;STBD1;SWAP70;SYDE1;TAOK3;TFRC;TIAM1;TMPO;TRIO;VAMP3;VANGL1;VAV2;VRK2;WASF1;WASF2;YKT6	S:ABI1;ABI2;ABL2;ABR;AMIGO2;ARAP2;ARAP3;ARHGAP1;ARHGAP17;ARHGAP21;ARHGAP32;ARHGAP39;ARHGAP5;ARHGAP6;ARHGDIB;BAIAP2L1;BCR;CAV1;CDC42;CYFIP1;DEPDC1B;DIAPH3;DOCK10;ESYT1;GIT2;ITGB1;JAG1;LBR;LEMD3;LMAN1;MCAM;MCF2;MPP7;NCF1;NCF2;NCKAP1;NHS;OCRL;OPHN1;PAK1;PAK2;PGRMC2;PIK3R1;PREX1;RAB7A;RACGAP1;SLITRK5;SNAP23;SWAP70;TAOK3;TMPO;TRIO;VANGL1;VAV2;VRK2;WASF2
S:REACTOME_RECYCLING_PATHWAY_OF_L1	D:42	S:ACTB;ACTG1;AP2A1;AP2A2;AP2B1;AP2M1;AP2S1;CLTA;CLTC;DNM1;DNM2;DNM3;DPYSL2;EZR;KIF4A;L1CAM;MAPK1;MSN;NUMB;RDX;RPS6KA1;RPS6KA2;RPS6KA3;RPS6KA4;RPS6KA5;RPS6KA6;SH3GL2;SRC;TUBA1A;TUBA1B;TUBA1C;TUBA3C;TUBA3D;TUBA4A;TUBA8;TUBAL3;TUBB1;TUBB2A;TUBB2B;TUBB3;TUBB6;TUBB8	S:AP2A1;AP2A2;AP2B1;AP2M1;AP2S1;DNM1;DNM2;NUMB;RPS6KA1;RPS6KA2;RPS6KA4;RPS6KA6;SH3GL2;SRC;TUBA1A;TUBA1C;TUBA3D;TUBA8;TUBAL3;TUBB2A;TUBB2B;TUBB3;TUBB6;TUBB8
S:REACTOME_G_BETA_GAMMA_SIGNALLING_THROUGH_PI3KGAMMA	D:25	S:AKT1;AKT2;AKT3;GNB1;GNB2;GNB3;GNB4;GNB5;GNG10;GNG11;GNG12;GNG13;GNG2;GNG3;GNG4;GNG5;GNG7;GNG8;GNGT1;GNGT2;PDPK1;PIK3CG;PIK3R5;PIK3R6;RHOA	S:AKT1;GNB2;GNB4;GNG10;GNG11;GNG12;GNG13;GNG4;GNGT1;GNGT2;PDPK1;PIK3R6
S:REACTOME_RAP1_SIGNALLING	D:16	S:PRKACA;PRKACB;PRKACG;PRKG1;RAF1;RAP1A;RAP1B;RAP1GAP;RAP1GAP2;RAPGEF3;RAPGEF4;RASGRP1;RASGRP2;SIPA1;YWHAB;YWHAZ	S:PRKACB;PRKACG;PRKG1;RAP1A;RAP1B;RAPGEF3;RASGRP1;RASGRP2;SIPA1;YWHAB;YWHAZ
S:REACTOME_SIGNALING_BY_NTRKS	D:133	S:ADCYAP1;ADCYAP1R1;ADORA2A;AP2A1;AP2A2;AP2B1;AP2M1;AP2S1;ARC;ASCL1;ATF1;ATF2;BAX;BDNF;BRAF;CDK5;CDK5R1;CDK5R2;CHD4;CLTA;CLTC;CREB1;CRK;CRKL;DNAL4;DNM1;DNM2;DNM3;DOCK3;DUSP3;DUSP4;DUSP6;DUSP7;EGR1;EGR2;EGR3;EGR4;ELK1;EP300;F3;FOS;FOSB;FOSL1;FRS2;FRS3;FURIN;FYN;GAB1;GRB2;GRIN2B;HRAS;ID1;ID2;ID3;ID4;IRS1;IRS2;JUNB;JUND;KIDINS220;KRAS;LYL1;MAP2K1;MAP2K2;MAP2K5;MAPK1;MAPK11;MAPK12;MAPK13;MAPK14;MAPK3;MAPK7;MAPKAPK2;MAPKAPK3;MEF2A;MEF2C;MEF2D;NAB1;NAB2;NGF;NRAS;NTF3;NTF4;NTRK1;NTRK2;NTRK3;PCSK5;PCSK6;PIK3CA;PIK3CB;PIK3R1;PIK3R2;PLCG1;PPP2CA;PPP2CB;PPP2R1A;PPP2R1B;PPP2R5D;PTPN11;PTPRO;PTPRS;RAC1;RALA;RALB;RALGDS;RAP1A;RAPGEF1;REST;RHOA;RIT1;RIT2;RPS6KA1;RPS6KA2;RPS6KA3;RPS6KA5;RRAD;SGK1;SH3GL2;SH3GL3;SHC1;SHC2;SHC3;SOS1;SRC;SRF;STAT3;TCF12;TIAM1;TPH1;TRIB1;VGF;VRK3;YWHAB	S:ADCYAP1R1;AP2A1;AP2A2;AP2B1;AP2M1;AP2S1;BAX;BDNF;CDK5;CDK5R2;CRK;CRKL;DNAL4;DNM1;DNM2;DUSP3;DUSP4;DUSP7;EGR4;FOSL1;FRS2;FRS3;FURIN;GAB1;HRAS;ID1;JUNB;LYL1;MAP2K2;MAPK11;MAPK12;MAPK13;MAPK14;MAPK3;MAPK7;MAPKAPK2;MAPKAPK3;MEF2A;MEF2D;NAB2;NGF;NRAS;NTF3;NTF4;NTRK2;PCSK6;PIK3R2;PPP2CA;PPP2R1A;RALB;RALGDS;RAPGEF1;RIT1;RIT2;RPS6KA1;RPS6KA2;SH3GL2;SHC3;SRC;STAT3;TIAM1;TPH1;TRIB1;VGF;VRK3
S:REACTOME_TGFBR3_EXPRESSION	D:21	S:EP300;HELLS;KLF16;MOV10;MYCN;MYF5;MYF6;MYOD1;MYOG;RARA;RXRA;SMAD3;SMAD4;SP1;TCF12;TCF3;TCF4;TGFBR3;TNRC6A;TNRC6B;TNRC6C	S:EP300;HELLS;KLF16;MOV10;MYCN;MYOD1;SMAD3;SMAD4;TCF12;TCF3;TCF4;TGFBR3;TNRC6A;TNRC6B;TNRC6C
S:REACTOME_SLC_MEDIATED_TRANSPORT_OF_AMINO_ACIDS	D:37	S:SLC16A10;SLC1A1;SLC1A2;SLC1A3;SLC1A4;SLC1A5;SLC1A6;SLC1A7;SLC25A29;SLC36A1;SLC36A2;SLC36A4;SLC38A1;SLC38A2;SLC38A3;SLC38A4;SLC38A5;SLC3A1;SLC3A2;SLC43A1;SLC43A2;SLC6A12;SLC6A14;SLC6A15;SLC6A19;SLC6A20;SLC6A6;SLC7A1;SLC7A10;SLC7A11;SLC7A2;SLC7A3;SLC7A5;SLC7A6;SLC7A7;SLC7A8;SLC7A9	S:SLC1A2;SLC1A5;SLC1A6;SLC1A7;SLC36A1;SLC36A2;SLC38A5;SLC3A2;SLC43A1;SLC43A2;SLC6A14;SLC6A15;SLC6A19;SLC6A6;SLC7A10;SLC7A11;SLC7A2;SLC7A3;SLC7A5;SLC7A7
S:REACTOME_COMPLEMENT_CASCADE	D:56	S:C1QA;C1QB;C1QC;C1R;C1S;C2;C3;C3AR1;C4B;C4BPA;C4BPB;C5;C5AR1;C6;C7;C8A;C8B;C8G;C9;CD19;CD46;CD55;CD59;CD81;CFB;CFD;CFH;CFHR1;CFHR2;CFHR3;CFHR4;CFHR5;CFI;CFP;CLU;COLEC10;COLEC11;CPB2;CPN1;CPN2;CR1;CR2;CRP;ELANE;F2;FCN1;FCN2;FCN3;GZMM;IGLV6-57;MASP1;MASP2;MBL2;PROS1;SERPING1;VTN	S:C1QA;C1QB;C1S;C3AR1;C4B;C4BPA;C5;C7;C9;CD55;CD59;CFHR1;CFHR2;CFHR4;CFHR5;CFI;CPN1;CR1;CR2;ELANE;FCN2;FCN3;MASP1;MASP2;SERPING1;VTN
S:REACTOME_PHOSPHORYLATED_BMAL1_CLOCK_ARNTL_CLOCK_ACTIVATES_EXPRESSION_OF_CORE_CLOCK_GENES	D:19	S:BHLHE40;CLOCK;CREB1;CREBBP;CREM;CRTC1;CRY1;CRY2;DBP;NPAS2;NR1D1;PER1;PER2;PER3;RBM4;RORA;RORC;SIK1;TFEB	S:BHLHE40;CLOCK;CREB1;CREBBP;CREM;CRTC1;CRY1;CRY2;NR1D1;PER2;PER3;RBM4;RORA;RORC
S:REACTOME_RUNX3_REGULATES_NOTCH_SIGNALING	D:14	S:CREBBP;EP300;HES1;JAG1;KAT2A;KAT2B;MAML1;MAML2;MAML3;MAMLD1;NOTCH1;RBPJ;RUNX3;SNW1	S:CREBBP;EP300;JAG1;KAT2A;MAML1;MAML3;MAMLD1;NOTCH1;RUNX3;SNW1
S:REACTOME_TFAP2_AP_2_FAMILY_REGULATES_TRANSCRIPTION_OF_GROWTH_FACTORS_AND_THEIR_RECEPTORS	D:12	S:ATAD2;CGA;EGFR;ERBB2;ESR1;KIT;TFAP2A;TFAP2B;TFAP2C;TGFA;VEGFA;YY1	S:ATAD2;CGA;EGFR;ERBB2;ESR1;KIT;TFAP2A;TFAP2C;VEGFA;YY1
S:REACTOME_FCGR_ACTIVATION	D:12	S:CD247;CD3G;FCGR2A;FCGR3A;FGR;FYN;HCK;IGLV6-57;LYN;SRC;SYK;YES1	S:CD247;CD3G;FCGR3A;FYN;IGLV6-57;LYN;SYK;YES1
S:REACTOME_PI_METABOLISM	D:83	S:ARF1;ARF3;BMX;ENPP6;FIG4;GDE1;GDPD1;GDPD3;GDPD5;INPP4A;INPP4B;INPP5D;INPP5E;INPP5F;INPP5J;INPP5K;INPPL1;MTM1;MTMR1;MTMR10;MTMR12;MTMR14;MTMR2;MTMR3;MTMR4;MTMR6;MTMR7;MTMR8;MTMR9;OCRL;PI4K2A;PI4K2B;PI4KA;PI4KB;PIK3C2A;PIK3C2B;PIK3C2G;PIK3C3;PIK3CA;PIK3CB;PIK3CD;PIK3CG;PIK3R1;PIK3R2;PIK3R3;PIK3R4;PIK3R5;PIK3R6;PIKFYVE;PIP4K2A;PIP4K2B;PIP4K2C;PIP5K1A;PIP5K1B;PIP5K1C;PITPNB;PLEKHA1;PLEKHA2;PLEKHA3;PLEKHA4;PLEKHA5;PLEKHA6;PLEKHA8;PNPLA6;PNPLA7;PTEN;PTPN13;RAB14;RAB4A;RAB5A;RUFY1;SACM1L;SBF1;SBF2;SYNJ1;SYNJ2;TNFAIP8;TNFAIP8L1;TNFAIP8L2;TNFAIP8L3;TPTE;TPTE2;VAC14	S:ARF1;ARF3;BMX;GDPD1;INPP4B;INPP5D;INPP5E;INPP5F;MTM1;MTMR1;MTMR12;MTMR14;MTMR2;MTMR3;MTMR4;MTMR6;MTMR9;OCRL;PI4K2A;PI4K2B;PI4KA;PI4KB;PIK3C2A;PIK3C2B;PIK3C2G;PIK3C3;PIK3CA;PIK3CB;PIK3CG;PIK3R1;PIK3R3;PIK3R4;PIK3R5;PIKFYVE;PIP4K2B;PIP5K1B;PITPNB;PLEKHA1;PLEKHA4;PLEKHA5;PNPLA7;PTPN13;RAB14;RUFY1;SACM1L;SBF1;SBF2;SYNJ1;SYNJ2;TNFAIP8;TPTE;TPTE2;VAC14
S:REACTOME_REGULATION_OF_MITF_M_DEPENDENT_GENES_INVOLVED_IN_APOPTOSIS	D:14	S:BCL2;BCL2A1;BIRC7;DICER1;HDAC1;HINT1;MITF;MOV10;POU3F2;SIN3A;TNRC6A;TNRC6B;TNRC6C;TRPM1	S:BIRC7;DICER1;HDAC1;MITF;MOV10;POU3F2;SIN3A;TNRC6A;TNRC6B;TNRC6C
S:REACTOME_ACTIVATION_OF_NF_KAPPAB_IN_B_CELLS	D:53	S:ADRM1;BCL10;BTRC;CARD11;CHUK;CUL1;FBXW11;IKBKB;IKBKG;MALT1;MAP3K7;NFKB1;NFKBIA;NFKBIB;NFKBIE;PRKCB;PSMA1;PSMA2;PSMA3;PSMA4;PSMA5;PSMA6;PSMA7;PSMB1;PSMB2;PSMB3;PSMB4;PSMB5;PSMB6;PSMB7;PSMC1;PSMC2;PSMC3;PSMC4;PSMC5;PSMC6;PSMD1;PSMD11;PSMD12;PSMD13;PSMD14;PSMD2;PSMD3;PSMD6;PSMD7;PSMD8;REL;RELA;RPS27A;SKP1;UBA52;UBB;UBC	S:BCL10;BTRC;CARD11;CUL1;FBXW11;IKBKB;MALT1;MAP3K7;NFKB1;NFKBIA;PRKCB;PSMA1;PSMA3;PSMA4;PSMA5;PSMA6;PSMA7;PSMB1;PSMB2;PSMB3;PSMB4;PSMC5;PSMC6;PSMD1;PSMD11;PSMD12;PSMD14;PSMD2;PSMD3;PSMD6;PSMD7;REL;RELA;RPS27A;UBC
S:REACTOME_M_DECAY_DEGRADATION_OF_MATERNAL_MRNAS_BY_MATERNALLY_STORED_FACTORS	D:26	S:BTG4;CNOT1;CNOT10;CNOT2;CNOT3;CNOT4;CNOT6;CNOT6L;CNOT7;CNOT8;DICER1;EIF4A1;EIF4A2;EIF4A3;EIF4B;EIF4E;EIF4G1;FGF8;PABPC1;PAIP1;PAIP2;POLR2D;RPS2;TNKS1BP1;ZFP36L2;ZP2	S:CNOT1;CNOT10;CNOT2;CNOT4;CNOT6;CNOT6L;CNOT7;CNOT8;DICER1;EIF4A1;EIF4A2;EIF4A3;EIF4B;PABPC1;PAIP1;PAIP2;ZFP36L2
S:REACTOME_RECRUITMENT_OF_NUMA_TO_MITOTIC_CENTROSOMES	D:84	S:ACTR1A;AKAP9;ALMS1;CCP110;CDK1;CDK5RAP2;CEP135;CEP152;CEP164;CEP192;CEP250;CEP290;CEP57;CEP63;CEP70;CEP72;CEP76;CETN2;CKAP5;CLASP1;CNTRL;CSNK1D;CSNK1E;DCTN1;DCTN2;DCTN3;DYNC1H1;DYNC1I2;DYNLL1;HAUS1;HAUS2;HAUS3;HAUS4;HAUS5;HAUS6;HAUS7;HAUS8;HSP90AA1;MAPRE1;MZT1;MZT2B;NDE1;NEDD1;NEK2;NINL;NME7;NUMA1;ODF2;OFD1;PAFAH1B1;PCM1;PCNT;PLK1;PLK4;PPP2R1A;PRKACA;PRKAR2B;SDCCAG8;SFI1;SSNA1;TUBA1A;TUBA1B;TUBA1C;TUBA3C;TUBA3D;TUBA4A;TUBA8;TUBAL3;TUBB;TUBB1;TUBB2A;TUBB2B;TUBB3;TUBB6;TUBB8;TUBG1;TUBG2;TUBGCP2;TUBGCP3;TUBGCP4;TUBGCP5;TUBGCP6;YWHAE;YWHAG	S:AKAP9;ALMS1;CCP110;CDK1;CEP135;CEP152;CEP192;CEP250;CEP290;CEP57;CEP63;CEP70;CEP72;CEP76;CETN2;CKAP5;CLASP1;CNTRL;CSNK1E;DCTN2;DYNC1H1;DYNLL1;HAUS1;HAUS2;HAUS3;HAUS5;HAUS6;HAUS8;HSP90AA1;MAPRE1;MZT1;NDE1;NEDD1;NINL;NME7;NUMA1;ODF2;OFD1;PAFAH1B1;PCM1;PCNT;PLK1;PLK4;PRKAR2B;SFI1;TUBA1B;TUBA3C;TUBA4A;TUBB;TUBB1;TUBG1;TUBGCP3;TUBGCP5;YWHAG
S:REACTOME_RESPONSE_OF_EIF2AK4_GCN2_TO_AMINO_ACID_DEFICIENCY	D:101	S:ASNS;ATF2;ATF3;ATF4;CEBPB;CEBPG;DDIT3;EIF2AK4;EIF2S1;EIF2S2;EIF2S3;FAU;IMPACT;RPL10;RPL10A;RPL10L;RPL11;RPL12;RPL13;RPL13A;RPL14;RPL15;RPL17;RPL18;RPL18A;RPL19;RPL21;RPL22;RPL22L1;RPL23;RPL23A;RPL24;RPL26;RPL26L1;RPL27;RPL27A;RPL28;RPL29;RPL3;RPL30;RPL31;RPL32;RPL34;RPL35;RPL35A;RPL36;RPL36A;RPL36AL;RPL37;RPL37A;RPL38;RPL39;RPL39L;RPL3L;RPL4;RPL41;RPL5;RPL6;RPL7;RPL7A;RPL8;RPL9;RPLP0;RPLP1;RPLP2;RPS10;RPS11;RPS12;RPS13;RPS14;RPS15;RPS15A;RPS16;RPS17;RPS18;RPS19;RPS2;RPS20;RPS21;RPS23;RPS24;RPS25;RPS26;RPS27;RPS27A;RPS27L;RPS28;RPS29;RPS3;RPS3A;RPS4X;RPS4Y1;RPS4Y2;RPS5;RPS6;RPS7;RPS8;RPS9;RPSA;TRIB3;UBA52	S:ASNS;ATF2;ATF3;ATF4;CEBPG;EIF2AK4;EIF2S1;EIF2S2;IMPACT;RPL10;RPL10A;RPL10L;RPL12;RPL13;RPL13A;RPL14;RPL15;RPL18;RPL18A;RPL19;RPL22;RPL23A;RPL26;RPL27;RPL27A;RPL28;RPL29;RPL3;RPL30;RPL32;RPL35;RPL35A;RPL36;RPL36A;RPL36AL;RPL37;RPL37A;RPL38;RPL39L;RPL4;RPL5;RPL6;RPL7A;RPL8;RPLP0;RPLP1;RPLP2;RPS11;RPS13;RPS15;RPS16;RPS18;RPS19;RPS20;RPS21;RPS23;RPS25;RPS26;RPS27A;RPS27L;RPS28;RPS4X;RPS4Y1;RPS4Y2;RPS6;RPS8;TRIB3
S:REACTOME_G_ALPHA_Q_SIGNALLING_EVENTS	D:208	S:ABHD12;ABHD6;ADRA1A;ADRA1B;ADRA1D;AGT;AGTR1;ANXA1;APP;ARHGEF25;AVP;AVPR1A;AVPR1B;BDKRB1;BDKRB2;BRS3;BTK;CASR;CCK;CCKAR;CCKBR;CCL23;CHRM1;CHRM3;CHRM5;CREB1;CYSLTR1;CYSLTR2;DAGLA;DAGLB;DGKA;DGKB;DGKD;DGKE;DGKG;DGKH;DGKI;DGKQ;DGKZ;EDN1;EDN2;EDN3;EDNRA;EDNRB;EGFR;F2;F2R;F2RL1;F2RL2;F2RL3;FFAR1;FFAR2;FFAR3;FPR2;GAST;GCG;GCGR;GHRL;GHSR;GNA11;GNA14;GNA15;GNAQ;GNB1;GNB2;GNB3;GNB4;GNB5;GNG10;GNG11;GNG12;GNG13;GNG2;GNG3;GNG4;GNG5;GNG7;GNG8;GNGT1;GNGT2;GNRH1;GNRH2;GNRHR;GPR132;GPR143;GPR17;GPR39;GPR4;GPR65;GPR68;GPRC6A;GRB2;GRK5;GRM1;GRM5;GRP;GRPR;HBEGF;HCRT;HCRTR1;HCRTR2;HRAS;HRH1;HTR2A;HTR2B;HTR2C;ITPR1;ITPR2;ITPR3;KALRN;KISS1;KISS1R;KNG1;KRAS;LPAR1;LPAR2;LPAR3;LPAR4;LPAR5;LPAR6;LTB4R;LTB4R2;MAPK1;MAPK3;MAPK7;MCHR1;MCHR2;MGLL;MLN;MLNR;MMP3;NMB;NMBR;NMU;NMUR1;NMUR2;NPFF;NPFFR1;NPFFR2;NPSR1;NRAS;NTS;NTSR1;NTSR2;OPN4;OXT;OXTR;P2RY1;P2RY10;P2RY2;P2RY6;PIK3CA;PIK3R1;PIK3R2;PIK3R3;PLCB1;PLCB2;PLCB3;PLCB4;PMCH;PRKCA;PRKCD;PRKCE;PRKCH;PRKCQ;PROK1;PROK2;PROKR1;PROKR2;PTAFR;PTGER1;PTGFR;QRFPR;RASGRP1;RASGRP2;RGS1;RGS13;RGS16;RGS17;RGS18;RGS19;RGS2;RGS3;RGS4;RGS5;RGSL1;RPS6KA1;RPS6KA2;RPS6KA3;SAA1;SOS1;TAC1;TAC3;TACR1;TACR2;TACR3;TBXA2R;TRH;TRHR;TRIO;TRPC3;TRPC6;TRPC7;UTS2;UTS2R;XCL1;XCL2;XCR1	S:ADRA1B;ADRA1D;AGT;AGTR1;ARHGEF25;AVP;BDKRB1;BRS3;BTK;CASR;CCK;CCKAR;CCL23;DAGLA;DAGLB;DGKA;DGKB;DGKI;DGKQ;DGKZ;EDN2;EDN3;EDNRB;F2RL1;F2RL2;F2RL3;FFAR1;FFAR2;FFAR3;FPR2;GAST;GCGR;GHRL;GHSR;GNA11;GNA14;GNA15;GNAQ;GNB2;GNB4;GNG10;GNG11;GNG12;GNG13;GNG4;GNGT1;GNGT2;GNRH2;GNRHR;GPR132;GPR143;GPR17;GRM1;GRPR;HCRT;HCRTR1;HCRTR2;HRAS;HTR2A;HTR2C;KALRN;KISS1R;KNG1;LPAR2;LTB4R;LTB4R2;MAPK3;MAPK7;MCHR1;NPFF;NPFFR2;NRAS;NTS;OPN4;OXT;OXTR;P2RY2;PIK3R2;PLCB2;PLCB3;PLCB4;PRKCD;PROK1;PROK2;PROKR1;PTGFR;QRFPR;RGS13;RGS16;RGS19;RGS4;RGSL1;RPS6KA1;RPS6KA2;SAA1;TAC1;TAC3;TACR1;TACR2;TACR3;TBXA2R;TRH;TRPC3;TRPC6;UTS2R;XCR1
S:REACTOME_METALLOPROTEASE_DUBS	D:17	S:BABAM1;BARD1;BRCA1;BRCC3;EP300;KAT2B;MYSM1;NLRP3;PSMD14;RPS27A;STAM;STAMBP;STAMBPL1;UBA52;UBB;UBC;UIMC1	S:BARD1;BRCA1;BRCC3;EP300;MYSM1;PSMD14;RPS27A;STAM;STAMBP;STAMBPL1;UBC;UIMC1
S:REACTOME_CYTOSOLIC_SULFONATION_OF_SMALL_MOLECULES	D:15	S:ABHD14B;BPNT1;PODXL2;SULT1A1;SULT1A2;SULT1A4;SULT1B1;SULT1C2;SULT1C4;SULT1E1;SULT2A1;SULT2B1;SULT4A1;TPST1;TPST2	S:ABHD14B;BPNT1;PODXL2;SULT1A1;SULT1B1;SULT1C2;SULT1C4;SULT2A1;SULT2B1;SULT4A1;TPST2
S:REACTOME_RETROGRADE_TRANSPORT_AT_THE_TRANS_GOLGI_NETWORK	D:47	S:ARFIP2;ARFRP1;ARL1;COG1;COG2;COG3;COG4;COG5;COG6;COG7;COG8;GCC1;GCC2;GOLGA1;GOLGA4;IGF2R;M6PR;NAA30;NAA35;NAA38;NAPA;NAPB;NAPG;NSF;PLIN3;RAB43;RAB6A;RAB6B;RAB9A;RAB9B;RABEPK;RGP1;RHOBTB3;SCOC;STX10;STX16;STX6;SYS1;TGOLN2;TMF1;USP6NL;VAMP3;VAMP4;VPS52;VPS53;VPS54;VTI1A	S:ARL1;COG1;COG2;COG3;COG5;COG6;COG7;COG8;GCC1;GCC2;GOLGA1;GOLGA4;IGF2R;NAA30;NAA35;NAA38;NAPB;NAPG;NSF;RAB6B;RAB9A;RAB9B;RABEPK;RGP1;RHOBTB3;STX16;STX6;SYS1;TGOLN2;TMF1;USP6NL;VAMP4;VPS53;VPS54;VTI1A
S:REACTOME_OTHER_INTERLEUKIN_SIGNALING	D:22	S:CASP3;CD4;CSF1;CSF1R;CSF3;CSF3R;IL10RB;IL16;IL32;IL34;JAK1;PRTN3;PTPRZ1;SDC1;SNAP25;STX1A;STX3;STX4;STXBP2;TXLNA;TYK2;VAMP2	S:CD4;CSF3;CSF3R;IL10RB;IL32;PRTN3;PTPRZ1;SDC1;SNAP25;STX3;STX4;STXBP2;TYK2;VAMP2
S:REACTOME_SEMA3A_PLEXIN_REPULSION_SIGNALING_BY_INHIBITING_INTEGRIN_ADHESION	D:14	S:FARP2;FES;FYN;NRP1;PIP5K1C;PLXNA1;PLXNA2;PLXNA3;PLXNA4;RAC1;RND1;RRAS;SEMA3A;TLN1	S:FARP2;FES;PIP5K1C;PLXNA2;PLXNA3;RRAS;SEMA3A;TLN1
S:REACTOME_ACTIVATION_OF_GENE_EXPRESSION_BY_SREBF_SREBP	D:39	S:ACACA;ACACB;CHD9;CREBBP;CYP51A1;DHCR7;ELOVL6;FASN;FDFT1;FDPS;GGPS1;GPAM;HMGCR;HMGCS1;IDI1;LSS;MED1;MTF1;MVD;MVK;NCOA1;NCOA2;NCOA6;NFYA;NFYB;NFYC;PMVK;PPARA;RXRA;SCD;SMARCD3;SP1;SQLE;SREBF1;SREBF2;TBL1X;TBL1XR1;TGS1;TM7SF2	S:ACACA;ACACB;CHD9;CREBBP;CYP51A1;DHCR7;ELOVL6;FASN;GGPS1;GPAM;HMGCR;HMGCS1;MED1;MTF1;MVK;NCOA1;NCOA2;NCOA6;NFYA;NFYB;NFYC;PPARA;SCD;SQLE;SREBF1;TBL1XR1;TGS1
S:REACTOME_AUF1_HNRNP_D0_BINDS_AND_DESTABILIZES_MRNA	D:41	S:ADRM1;EIF4G1;HNRNPD;HSPA1A;HSPA8;HSPB1;PABPC1;PSMA1;PSMA2;PSMA3;PSMA4;PSMA5;PSMA6;PSMA7;PSMB1;PSMB2;PSMB3;PSMB4;PSMB5;PSMB6;PSMB7;PSMC1;PSMC2;PSMC3;PSMC4;PSMC5;PSMC6;PSMD1;PSMD11;PSMD12;PSMD13;PSMD14;PSMD2;PSMD3;PSMD6;PSMD7;PSMD8;RPS27A;UBA52;UBB;UBC	S:HNRNPD;HSPA1A;HSPA8;PABPC1;PSMA1;PSMA3;PSMA4;PSMA5;PSMA6;PSMA7;PSMB1;PSMB2;PSMB3;PSMB4;PSMC5;PSMC6;PSMD1;PSMD11;PSMD12;PSMD14;PSMD2;PSMD3;PSMD6;PSMD7;RPS27A;UBC
S:REACTOME_BUTYRATE_RESPONSE_FACTOR_1_BRF1_BINDS_AND_DESTABILIZES_MRNA	D:17	S:AKT1;DCP1A;DCP2;DIS3;EXOSC1;EXOSC2;EXOSC3;EXOSC4;EXOSC5;EXOSC6;EXOSC7;EXOSC8;EXOSC9;MAPKAPK2;XRN1;YWHAB;ZFP36L1	S:DCP1A;DCP2;DIS3;EXOSC1;EXOSC2;EXOSC3;EXOSC4;EXOSC5;EXOSC7;EXOSC8;EXOSC9;XRN1;YWHAB;ZFP36L1
S:REACTOME_CHAPERONE_MEDIATED_AUTOPHAGY	D:22	S:ARL13B;CETN1;CFTR;EEF1A1;GFAP;HBB;HDAC6;HSP90AA1;HSP90AB1;HSPA8;IFT88;LAMP2;PARK7;PCNT;PLIN2;PLIN3;RNASE1;RPS27A;UBA52;UBB;UBC;VIM	S:ARL13B;CETN1;HSP90AA1;HSP90AB1;HSPA8;IFT88;LAMP2;PARK7;PCNT;PLIN2;RNASE1;RPS27A;UBC;VIM
S:REACTOME_DISEASES_OF_CARBOHYDRATE_METABOLISM	D:32	S:ALDOB;ARSB;DCXR;EPM2A;G6PC3;GAA;GALNS;GBE1;GLB1;GNS;GUSB;GYG1;GYG2;GYS1;GYS2;HGSNAT;HYAL1;IDS;IDUA;KHK;LCT;NAGLU;PPP1R3C;RPIA;RPS27A;SGSH;SI;SLC37A4;TALDO1;UBA52;UBB;UBC	S:DCXR;G6PC3;GALNS;GLB1;GNS;GYG1;GYS2;HYAL1;IDUA;NAGLU;RPIA;SGSH;SI;SLC37A4;UBA52;UBB
S:REACTOME_GLUCAGON_LIKE_PEPTIDE_1_GLP1_REGULATES_INSULIN_SECRETION	D:42	S:ADCY5;ADCY6;ADCY8;AKAP5;GCG;GLP1R;GNAS;GNB1;GNB2;GNB3;GNB4;GNB5;GNG10;GNG11;GNG12;GNG13;GNG2;GNG3;GNG4;GNG5;GNG7;GNG8;GNGT1;GNGT2;IQGAP1;ITPR1;ITPR2;ITPR3;KCNB1;KCNC2;KCNG2;KCNS3;PRKACA;PRKACB;PRKACG;PRKAR1A;PRKAR1B;PRKAR2A;PRKAR2B;RAP1A;RAPGEF3;RAPGEF4	S:ADCY6;ADCY8;AKAP5;GLP1R;GNB2;GNB4;GNG10;GNG11;GNG12;GNG13;GNG4;GNGT1;GNGT2;KCNB1;KCNC2;KCNG2;KCNS3;PRKACA;PRKAR1A;PRKAR1B;RAPGEF4
S:REACTOME_REGULATION_OF_APOPTOSIS	D:39	S:ADRM1;ARHGAP10;OMA1;OPA1;PAK2;PSMA1;PSMA2;PSMA3;PSMA4;PSMA5;PSMA6;PSMA7;PSMB1;PSMB2;PSMB3;PSMB4;PSMB5;PSMB6;PSMB7;PSMC1;PSMC2;PSMC3;PSMC4;PSMC5;PSMC6;PSMD1;PSMD11;PSMD12;PSMD13;PSMD14;PSMD2;PSMD3;PSMD6;PSMD7;PSMD8;RPS27A;UBA52;UBB;UBC	S:ARHGAP10;OMA1;OPA1;PAK2;PSMA1;PSMA3;PSMA4;PSMA5;PSMA6;PSMA7;PSMB1;PSMB2;PSMB3;PSMB4;PSMC5;PSMC6;PSMD1;PSMD11;PSMD12;PSMD14;PSMD2;PSMD3;PSMD6;PSMD7;RPS27A;UBC
S:REACTOME_SYNTHESIS_OF_PE	D:11	S:CEPT1;CHKA;CHKB;ETNK1;ETNK2;LPIN1;LPIN2;LPIN3;PCYT2;PHOSPHO1;PISD	S:CEPT1;CHKA;CHKB;LPIN3;PCYT2;PHOSPHO1;PISD
S:REACTOME_TRISTETRAPROLIN_TTP_ZFP36_BINDS_AND_DESTABILIZES_MRNA	D:17	S:DCP1A;DCP2;DIS3;EXOSC1;EXOSC2;EXOSC3;EXOSC4;EXOSC5;EXOSC6;EXOSC7;EXOSC8;EXOSC9;MAPKAPK2;TNPO1;XRN1;YWHAB;ZFP36	S:DCP1A;DCP2;DIS3;EXOSC1;EXOSC2;EXOSC3;EXOSC4;EXOSC5;EXOSC7;EXOSC8;EXOSC9;TNPO1;XRN1;YWHAB;ZFP36
S:REACTOME_MITOCHONDRIAL_TRANSLATION	D:93	S:AURKAIP1;CHCHD1;DAP3;ERAL1;GADD45GIP1;GFM1;GFM2;MRPL1;MRPL10;MRPL11;MRPL12;MRPL13;MRPL14;MRPL15;MRPL16;MRPL17;MRPL18;MRPL19;MRPL2;MRPL20;MRPL21;MRPL22;MRPL23;MRPL24;MRPL27;MRPL28;MRPL3;MRPL30;MRPL32;MRPL33;MRPL34;MRPL35;MRPL36;MRPL37;MRPL38;MRPL39;MRPL4;MRPL40;MRPL41;MRPL42;MRPL43;MRPL44;MRPL45;MRPL46;MRPL47;MRPL48;MRPL49;MRPL50;MRPL51;MRPL52;MRPL53;MRPL54;MRPL55;MRPL9;MRPS10;MRPS11;MRPS12;MRPS14;MRPS15;MRPS16;MRPS17;MRPS18A;MRPS18B;MRPS18C;MRPS2;MRPS21;MRPS22;MRPS23;MRPS24;MRPS25;MRPS26;MRPS27;MRPS28;MRPS30;MRPS31;MRPS33;MRPS34;MRPS35;MRPS5;MRPS6;MRPS7;MRPS9;MRRF;MTFMT;MTIF2;MTIF3;MTRF1;MTRF1L;NDUFAB1;OXA1L;PTCD3;TSFM;TUFM	S:AURKAIP1;DAP3;GFM1;GFM2;MRPL1;MRPL10;MRPL13;MRPL14;MRPL16;MRPL17;MRPL18;MRPL19;MRPL20;MRPL21;MRPL24;MRPL3;MRPL32;MRPL34;MRPL35;MRPL38;MRPL39;MRPL43;MRPL44;MRPL45;MRPL46;MRPL47;MRPL48;MRPL50;MRPL51;MRPL52;MRPL54;MRPL55;MRPL9;MRPS10;MRPS12;MRPS14;MRPS16;MRPS17;MRPS18B;MRPS2;MRPS22;MRPS23;MRPS24;MRPS25;MRPS26;MRPS27;MRPS28;MRPS30;MRPS31;MRPS33;MRPS34;MRPS35;MRPS5;MRPS6;MRPS7;MRPS9;MTFMT;MTIF2;MTIF3;MTRF1;MTRF1L;NDUFAB1;PTCD3;TSFM;TUFM
S:REACTOME_ACTIVATED_NTRK2_SIGNALS_THROUGH_FRS2_AND_FRS3	D:11	S:BDNF;FRS2;FRS3;GRB2;HRAS;KRAS;NRAS;NTF4;NTRK2;PTPN11;SOS1	S:BDNF;FRS2;FRS3;HRAS;NRAS;NTF4;NTRK2
S:REACTOME_EXTRACELLULAR_MATRIX_ORGANIZATION	D:310	S:A2M;ACAN;ACTA1;ACTA2;ACTB;ACTC1;ACTG1;ACTG2;ACTN1;ADAM10;ADAM12;ADAM15;ADAM17;ADAM19;ADAM8;ADAM9;ADAMTS1;ADAMTS14;ADAMTS16;ADAMTS18;ADAMTS2;ADAMTS3;ADAMTS4;ADAMTS5;ADAMTS8;ADAMTS9;AGRN;APP;ASPN;BCAN;BGN;BMP1;BMP10;BMP2;BMP4;BMP7;BSG;CAPN1;CAPN10;CAPN11;CAPN12;CAPN13;CAPN14;CAPN2;CAPN3;CAPN5;CAPN6;CAPN7;CAPN8;CAPN9;CAPNS1;CAPNS2;CASK;CASP3;CAST;CD151;CD44;CD47;CDH1;CEACAM1;CEACAM6;CEACAM8;CMA1;COL10A1;COL11A1;COL11A2;COL12A1;COL13A1;COL14A1;COL15A1;COL16A1;COL17A1;COL18A1;COL19A1;COL1A1;COL1A2;COL20A1;COL21A1;COL22A1;COL23A1;COL24A1;COL25A1;COL27A1;COL2A1;COL3A1;COL4A1;COL4A2;COL4A3;COL4A4;COL4A5;COL4A6;COL5A1;COL5A2;COL5A3;COL6A1;COL6A2;COL6A3;COL6A5;COL6A6;COL7A1;COL8A1;COL8A2;COL9A1;COL9A2;COL9A3;COMP;CRTAP;CTRB1;CTRB2;CTSB;CTSD;CTSG;CTSK;CTSS;DAG1;DCN;DDR1;DDR2;DMD;DMP1;DRP2;DSPP;DST;DTNA;DTNB;EFEMP1;EFEMP2;ELANE;ELN;EMILIN1;EMILIN2;EMILIN3;F11R;FBLN1;FBLN2;FBLN5;FBN1;FBN2;FBN3;FGA;FGB;FGF2;FGG;FMOD;FN1;FURIN;GDF5;HAPLN1;HSPG2;HTRA1;IBSP;ICAM1;ICAM2;ICAM3;ICAM4;ICAM5;ITGA1;ITGA10;ITGA11;ITGA2;ITGA2B;ITGA3;ITGA4;ITGA5;ITGA6;ITGA7;ITGA8;ITGA9;ITGAD;ITGAE;ITGAL;ITGAM;ITGAV;ITGAX;ITGB1;ITGB2;ITGB3;ITGB4;ITGB5;ITGB6;ITGB7;ITGB8;JAM2;JAM3;KDR;KLK2;KLK7;KLKB1;LAMA1;LAMA2;LAMA3;LAMA4;LAMA5;LAMB1;LAMB2;LAMB3;LAMC1;LAMC2;LAMC3;LOX;LOXL1;LOXL2;LOXL3;LOXL4;LRP4;LTBP1;LTBP2;LTBP3;LTBP4;LUM;MADCAM1;MATN1;MATN3;MATN4;MFAP2;MFAP3;MFAP4;MFAP5;MMP1;MMP10;MMP11;MMP12;MMP13;MMP14;MMP15;MMP16;MMP17;MMP19;MMP2;MMP20;MMP24;MMP25;MMP3;MMP7;MMP8;MMP9;MUSK;NCAM1;NCAN;NCSTN;NID1;NID2;NRXN1;NTN4;OPTC;P4HA1;P4HA2;P4HA3;P4HB;PCOLCE;PCOLCE2;PDGFA;PDGFB;PECAM1;PLEC;PLG;PLOD1;PLOD2;PLOD3;PPIB;PRKCA;PRSS1;PRSS2;PSEN1;PTPRS;PXDN;SCUBE1;SCUBE3;SDC1;SDC2;SDC3;SDC4;SERPINE1;SERPINH1;SGCA;SGCB;SGCD;SGCE;SGCG;SGCZ;SH3PXD2A;SNTA1;SNTB1;SNTB2;SNTG2;SPARC;SPOCK3;SPP1;SSPN;TGFB1;TGFB2;TGFB3;THBS1;TIMP1;TIMP2;TLL1;TLL2;TMPRSS6;TNC;TNN;TNR;TNXB;TPSAB1;TRAPPC4;TTR;UTRN;VCAM1;VCAN;VTN;VWF	S:ACTA2;ACTC1;ACTN1;ADAM12;ADAM15;ADAMTS18;ADAMTS3;ADAMTS9;AGRN;ASPN;BMP2;BMP4;BMP7;BSG;CAPN1;CAPN10;CAPN11;CAPN13;CAPN3;CAPN5;CAPN8;CAPNS1;CAPNS2;CD151;CEACAM6;CEACAM8;CMA1;COL11A1;COL14A1;COL17A1;COL18A1;COL1A1;COL21A1;COL22A1;COL23A1;COL24A1;COL25A1;COL27A1;COL2A1;COL3A1;COL4A1;COL4A2;COL4A5;COL4A6;COL6A1;COL6A2;COL6A3;COL6A5;COL6A6;COL8A1;COL9A1;COL9A2;CTRB2;CTSB;CTSD;CTSG;CTSS;DMD;DMP1;DSPP;DTNA;EFEMP2;ELANE;ELN;EMILIN1;EMILIN2;EMILIN3;FBN1;FBN2;FBN3;FGA;FGB;FGG;FMOD;FN1;FURIN;GDF5;HAPLN1;ICAM1;ICAM4;ITGA10;ITGA2B;ITGA5;ITGA7;ITGAD;ITGAV;ITGAX;ITGB4;JAM2;KLK2;KLK7;KLKB1;LAMA1;LAMA3;LAMA4;LAMA5;LAMB2;LAMC2;LAMC3;LOXL1;LOXL3;LOXL4;LRP4;LTBP3;LTBP4;LUM;MADCAM1;MATN3;MATN4;MFAP2;MFAP4;MFAP5;MMP1;MMP10;MMP12;MMP14;MMP16;MMP17;MMP19;MMP20;MMP25;MMP7;MMP8;MUSK;NCAM1;NCAN;NRXN1;P4HA1;P4HA2;P4HA3;PCOLCE2;PLEC;PLOD1;PLOD3;PXDN;SDC1;SGCA;SGCD;SGCG;SGCZ;TGFB1;THBS1;TIMP1;TLL1;TLL2;TNC;TNR;TNXB;TTR;VCAM1;VCAN;VTN;VWF
S:REACTOME_MITOCHONDRIAL_CALCIUM_ION_TRANSPORT	D:14	S:AFG3L2;AKAP1;LETM1;PARL;PHB2;PMPCA;PMPCB;SLC8A3;SPG7;STOML2;VDAC1;VDAC2;VDAC3;YME1L1	S:AFG3L2;AKAP1;LETM1;PMPCA;PMPCB;SLC8A3;SPG7;VDAC1;VDAC2;YME1L1
S:REACTOME_PRESYNAPTIC_FUNCTION_OF_KAINATE_RECEPTORS	D:21	S:GNB1;GNB2;GNB3;GNB4;GNB5;GNG10;GNG11;GNG12;GNG13;GNG2;GNG3;GNG4;GNG5;GNG7;GNG8;GNGT1;GNGT2;GRIK3;PLCB1;PLCB2;PLCB3	S:GNB2;GNB4;GNG10;GNG11;GNG12;GNG13;GNG4;GNGT1;GNGT2;PLCB2;PLCB3
S:REACTOME_SLC_MEDIATED_TRANSPORT_OF_ORGANIC_CATIONS	D:14	S:RSC1A1;RUNX1;SLC14A1;SLC14A2;SLC22A1;SLC22A15;SLC22A16;SLC22A2;SLC22A3;SLC22A4;SLC22A5;SLC25A26;SLC47A1;SLC47A2	S:RSC1A1;SLC14A1;SLC14A2;SLC22A1;SLC22A16;SLC22A3;SLC22A4;SLC25A26;SLC47A2
S:REACTOME_HH_MUTANTS_ABROGATE_LIGAND_SECRETION	D:44	S:ADRM1;DERL2;DHH;ERLEC1;HHAT;OS9;PSMA1;PSMA2;PSMA3;PSMA4;PSMA5;PSMA6;PSMA7;PSMB1;PSMB2;PSMB3;PSMB4;PSMB5;PSMB6;PSMB7;PSMC1;PSMC2;PSMC3;PSMC4;PSMC5;PSMC6;PSMD1;PSMD11;PSMD12;PSMD13;PSMD14;PSMD2;PSMD3;PSMD6;PSMD7;PSMD8;RPS27A;SEL1L;SHH;SYVN1;UBA52;UBB;UBC;VCP	S:ERLEC1;HHAT;OS9;PSMA1;PSMA3;PSMA4;PSMA5;PSMA6;PSMA7;PSMB1;PSMB2;PSMB3;PSMB4;PSMC5;PSMC6;PSMD1;PSMD11;PSMD12;PSMD14;PSMD2;PSMD3;PSMD6;PSMD7;RPS27A;SEL1L;SYVN1;UBC;VCP
S:REACTOME_DEUBIQUITINATION	D:218	S:ACTB;ACTL6A;ACTR5;ACTR8;ADRB2;ADRM1;APC;AR;ARRB1;ARRB2;ASXL1;ASXL2;ATXN3;ATXN3L;ATXN7;AXIN1;AXIN2;BABAM1;BAP1;BARD1;BECN1;BIRC2;BIRC3;BRCA1;BRCC3;CCNA1;CCNA2;CCP110;CDC20;CDC25A;CDK1;CFTR;CLSPN;CYLD;DDB2;EP300;ESR1;FKBP8;FOXK1;FOXK2;FOXO4;GATA3;HCFC1;HGS;HIF1A;IDE;IFIH1;IKBKG;IL33;INO80;INO80B;INO80C;INO80D;INO80E;JOSD1;JOSD2;KAT2A;KAT2B;KDM1B;KEAP1;MAP3K7;MAT2B;MAVS;MBD5;MBD6;MCRS1;MDM2;MDM4;MUL1;MYC;MYSM1;NEDD8;NFKBIA;NFRKB;NLRP3;NOD1;NOD2;OGT;OTUB1;OTUB2;OTUD3;OTUD5;OTUD7A;OTUD7B;POLB;PSMA1;PSMA2;PSMA3;PSMA4;PSMA5;PSMA6;PSMA7;PSMB1;PSMB2;PSMB3;PSMB4;PSMB5;PSMB6;PSMB7;PSMC1;PSMC2;PSMC3;PSMC4;PSMC5;PSMC6;PSMD1;PSMD11;PSMD12;PSMD13;PSMD14;PSMD2;PSMD3;PSMD6;PSMD7;PSMD8;PTEN;PTRH2;RAD23A;RAD23B;RCE1;RHOA;RHOT1;RIPK1;RIPK2;RNF123;RNF128;RNF135;RNF146;RPS27A;RUVBL1;SENP8;SIAH2;SKP2;SMAD1;SMAD2;SMAD3;SMAD4;SMAD7;SMURF2;SNX3;STAM;STAM2;STAMBP;STAMBPL1;SUDS3;TAB1;TADA2B;TADA3;TAF10;TAF9B;TFPT;TGFB1;TGFBR1;TGFBR2;TNFAIP3;TNIP1;TNIP2;TNIP3;TNKS;TNKS2;TOMM20;TP53;TRAF2;TRAF3;TRAF6;TRIM25;TRIM4;TRRAP;UBA52;UBB;UBC;UBE2D1;UCHL1;UCHL3;UCHL5;UIMC1;USP10;USP11;USP12;USP13;USP14;USP15;USP16;USP18;USP19;USP2;USP20;USP21;USP22;USP24;USP25;USP26;USP28;USP3;USP30;USP33;USP34;USP37;USP4;USP42;USP44;USP47;USP48;USP49;USP5;USP7;USP8;USP9X;VCP;VCPIP1;VDAC1;VDAC2;VDAC3;WDR20;WDR48;YOD1;YY1;ZRANB1	S:ACTB;ACTL6A;ACTR8;ADRB2;APC;ASXL1;ASXL2;ATXN3;ATXN7;AXIN2;BARD1;BIRC3;BRCA1;BRCC3;CCNA1;CCNA2;CCP110;CDK1;CLSPN;CYLD;DDB2;EP300;ESR1;FOXK1;GATA3;HGS;HIF1A;IDE;IFIH1;INO80;INO80C;KAT2A;KDM1B;KEAP1;MAP3K7;MAT2B;MBD5;MDM2;MDM4;MYC;MYSM1;NFKBIA;NFRKB;NOD1;NOD2;OTUB2;OTUD3;OTUD5;OTUD7A;OTUD7B;POLB;PSMA1;PSMA3;PSMA4;PSMA5;PSMA6;PSMA7;PSMB1;PSMB2;PSMB3;PSMB4;PSMC5;PSMC6;PSMD1;PSMD11;PSMD12;PSMD14;PSMD2;PSMD3;PSMD6;PSMD7;PTRH2;RAD23B;RHOA;RIPK1;RNF146;RPS27A;RUVBL1;SENP8;SKP2;SMAD1;SMAD2;SMAD3;SMAD4;SMURF2;STAM;STAM2;STAMBP;STAMBPL1;TADA2B;TAF9B;TGFBR2;TNFAIP3;TNIP3;TNKS;TNKS2;TOMM20;TP53;TRAF2;TRAF3;TRAF6;TRIM4;TRRAP;UBC;UCHL1;UCHL3;UCHL5;UIMC1;USP10;USP11;USP13;USP14;USP15;USP16;USP18;USP24;USP25;USP26;USP28;USP3;USP30;USP33;USP34;USP37;USP4;USP42;USP47;USP48;USP49;USP7;USP8;USP9X;VCP;VCPIP1;VDAC1;VDAC2;WDR20;WDR48;YY1
S:REACTOME_EFFECTS_OF_PIP2_HYDROLYSIS	D:26	S:ABHD12;ABHD6;DAGLA;DAGLB;DGKA;DGKB;DGKD;DGKE;DGKG;DGKH;DGKI;DGKQ;DGKZ;ITPR1;ITPR2;ITPR3;MGLL;PRKCD;PRKCE;PRKCH;PRKCQ;RASGRP1;RASGRP2;TRPC3;TRPC6;TRPC7	S:ABHD12;ABHD6;DGKD;DGKE;DGKG;DGKH;ITPR1;ITPR2;ITPR3;MGLL;PRKCE;PRKCH;PRKCQ;RASGRP1;RASGRP2;TRPC7
S:REACTOME_SIGNALING_BY_NOTCH4	D:71	S:ACTA2;ADAM10;ADRM1;AKT1;APH1A;APH1B;CREBBP;CUL1;DLL4;EP300;FBXW7;FLT4;HES1;HES5;HEY1;HEY2;JAG1;KAT2A;KAT2B;MAML1;MAML2;MAML3;MAMLD1;NCSTN;NOTCH1;NOTCH2;NOTCH4;PSEN1;PSEN2;PSENEN;PSMA1;PSMA2;PSMA3;PSMA4;PSMA5;PSMA6;PSMA7;PSMB1;PSMB2;PSMB3;PSMB4;PSMB5;PSMB6;PSMB7;PSMC1;PSMC2;PSMC3;PSMC4;PSMC5;PSMC6;PSMD1;PSMD11;PSMD12;PSMD13;PSMD14;PSMD2;PSMD3;PSMD6;PSMD7;PSMD8;RBPJ;RBX1;RPS27A;SKP1;SMAD3;SNW1;TACC3;UBA52;UBB;UBC;YWHAZ	S:ADAM10;APH1A;APH1B;CREBBP;CUL1;EP300;FBXW7;FLT4;HES5;HEY1;HEY2;JAG1;KAT2A;MAML1;MAML3;MAMLD1;NCSTN;NOTCH1;NOTCH2;PSEN1;PSEN2;PSMA1;PSMA3;PSMA4;PSMA5;PSMA6;PSMA7;PSMB1;PSMB2;PSMB3;PSMB4;PSMC5;PSMC6;PSMD1;PSMD11;PSMD12;PSMD14;PSMD2;PSMD3;PSMD6;PSMD7;RPS27A;SMAD3;SNW1;TACC3;UBC;YWHAZ
S:REACTOME_ADIPOGENESIS	D:106	S:ADIPOQ;ANGPTL4;BMP7;CCNC;CCND3;CD36;CDK19;CDK4;CDK8;CEBPA;CEBPB;CEBPD;CHD3;CHD4;CHD9;CIDEA;COX7A1;CREBBP;DIO2;EBF1;EBF2;EGR2;ELOVL3;EP300;FABP4;FAM120B;GATAD2A;GATAD2B;HDAC1;HDAC2;HDAC3;HNRNPU;KLF4;KLF5;LEP;LPL;MBD3;MED1;MED10;MED11;MED12;MED13;MED13L;MED14;MED15;MED16;MED17;MED18;MED19;MED20;MED21;MED22;MED23;MED24;MED25;MED26;MED27;MED28;MED29;MED30;MED31;MED4;MED6;MED7;MED8;MED9;MTA1;MTA2;MTA3;NCOA1;NCOA2;NCOA3;NCOA6;NCOR1;NCOR2;NFKB1;NR2F2;PCK1;PLIN1;PPARA;PPARG;PPARGC1A;PPARGC1B;PRDM16;RBBP4;RBBP7;RELA;RXRA;SLC2A4;SMAD1;SMAD4;SMARCD3;SREBF1;SREBF2;TBL1X;TBL1XR1;TGFB1;TGS1;THRAP3;TNF;UCP1;WNT1;WNT10B;ZNF423;ZNF467;ZNF638	S:ADIPOQ;ANGPTL4;CDK4;CDK8;CEBPD;CHD4;CHD9;COX7A1;CREBBP;EBF1;EBF2;EGR2;ELOVL3;EP300;FAM120B;GATAD2A;GATAD2B;HDAC1;HDAC2;HDAC3;HNRNPU;KLF5;LPL;MED1;MED10;MED12;MED13;MED13L;MED17;MED19;MED20;MED21;MED22;MED23;MED26;MED28;MED30;MED31;MED4;MED6;MED7;MED8;MED9;MTA3;NCOA1;NCOA2;NCOA3;NCOA6;NCOR1;NCOR2;NFKB1;PCK1;PPARA;PPARG;PPARGC1A;PPARGC1B;PRDM16;RBBP4;RBBP7;RELA;SMAD1;SMAD4;SREBF1;TBL1XR1;TGS1;THRAP3;WNT1;WNT10B;ZNF423;ZNF638
S:REACTOME_G_BETA_GAMMA_SIGNALLING_THROUGH_CDC42	D:20	S:ARHGEF6;CDC42;GNB1;GNB2;GNB3;GNB4;GNB5;GNG10;GNG11;GNG12;GNG13;GNG2;GNG3;GNG4;GNG5;GNG7;GNG8;GNGT1;GNGT2;PAK1	S:GNB2;GNB4;GNG10;GNG11;GNG12;GNG13;GNG4;GNGT1;GNGT2
S:REACTOME_RHOF_GTPASE_CYCLE	D:41	S:ACTB;ACTN1;ADD3;AKAP12;ARHGAP1;ARHGAP12;ARHGAP21;ARHGAP32;ARHGAP39;ARHGAP5;BAIAP2L1;BAIAP2L2;BASP1;CAPZB;CAV1;DEPDC1B;DIAPH1;DIAPH2;DIAPH3;ESYT1;FAM169A;FARP1;LMNB1;MCAM;MTMR1;MYO9B;PIK3R1;PIK3R2;POTEE;RAB7A;RHOF;SENP1;SLC4A7;SNAP23;SRGAP2;STEAP3;SYDE1;TMPO;TOR1AIP1;VAMP3;VANGL1	S:ACTB;ADD3;AKAP12;ARHGAP1;ARHGAP12;ARHGAP21;ARHGAP32;ARHGAP39;ARHGAP5;BAIAP2L1;BAIAP2L2;CAV1;DEPDC1B;DIAPH1;DIAPH2;DIAPH3;ESYT1;FAM169A;FARP1;MCAM;MTMR1;MYO9B;PIK3R1;RAB7A;SENP1;SLC4A7;SNAP23;TMPO;TOR1AIP1;VANGL1
S:REACTOME_BMAL1_CLOCK_NPAS2_ACTIVATES_CIRCADIAN_EXPRESSION	D:21	S:AVP;BHLHE40;BHLHE41;CHD9;CLOCK;CREBBP;F7;KLF15;MED1;NAMPT;NCOA1;NCOA2;NCOA6;NPAS2;PPARA;RXRA;SERPINE1;SMARCD3;TBL1X;TBL1XR1;TGS1	S:BHLHE40;BHLHE41;CHD9;CLOCK;CREBBP;KLF15;MED1;NCOA1;NCOA2;NCOA6;PPARA;SERPINE1;TBL1XR1;TGS1
S:REACTOME_RHOG_GTPASE_CYCLE	D:71	S:ANKLE2;ARFGAP3;ARHGAP1;ARHGAP21;ARHGAP32;ARHGAP39;ARHGAP5;ARHGDIA;ARHGDIB;ARHGDIG;ARHGEF16;ARHGEF26;ARHGEF5;CAV1;CDC42;CDC42EP1;CYFIP1;DEPDC1B;DIAPH3;DOCK1;DOCK2;DOCK3;DOCK4;DOCK5;DSG2;ELMO2;EMD;EPHA2;ESYT1;HSPE1;IQGAP2;ITGB1;ITSN1;KALRN;KTN1;LAMTOR1;LBR;LEMD3;LETM1;LMAN1;MAP3K11;MCAM;MCF2;MCF2L;MPP7;NDUFA5;NDUFS3;OPHN1;PAK2;PAK4;PGRMC2;PIK3R1;PLD1;PLEKHG3;PREX1;RAB7A;RHOG;SHMT2;STBD1;STX5;TFRC;TMPO;TRIO;VAMP3;VANGL1;VAPB;VAV1;VAV2;VAV3;VRK2;YKT6	S:ANKLE2;ARFGAP3;ARHGAP1;ARHGAP21;ARHGAP32;ARHGAP39;ARHGAP5;ARHGDIB;ARHGEF26;ARHGEF5;CAV1;CDC42;CYFIP1;DEPDC1B;DIAPH3;DOCK2;DOCK3;ELMO2;ESYT1;HSPE1;IQGAP2;ITGB1;ITSN1;KTN1;LBR;LEMD3;LETM1;LMAN1;MCAM;MCF2;MCF2L;MPP7;OPHN1;PAK2;PGRMC2;PIK3R1;PLEKHG3;PREX1;RAB7A;SHMT2;TMPO;TRIO;VANGL1;VAV1;VAV2;VAV3;VRK2
S:REACTOME_APOPTOTIC_EXECUTION_PHASE	D:45	S:ACIN1;ADD1;APC;BCAP31;BIRC2;BMX;CASP3;CASP6;CASP7;CASP8;CDH1;CLSPN;CTNNB1;DBNL;DFFA;DFFB;DNM1L;DSG1;DSG2;DSG3;DSP;FNTA;GAS2;GSN;HMGB1;HMGB2;KPNA1;KPNB1;LMNA;LMNB1;MAPT;OCLN;PAK2;PKP1;PLEC;PRKCD;PRKCQ;PTK2;ROCK1;SATB1;SPTAN1;STK24;TJP1;TJP2;VIM	S:ACIN1;APC;BCAP31;BMX;CASP3;CASP6;CASP7;CDH1;CLSPN;DFFA;DFFB;DNM1L;DSG1;DSP;FNTA;GAS2;HMGB1;HMGB2;KPNA1;KPNB1;LMNA;MAPT;OCLN;PAK2;PKP1;PRKCQ;PTK2;ROCK1;SATB1;TJP2;VIM
S:REACTOME_DISORDERS_OF_DEVELOPMENTAL_BIOLOGY	D:17	S:ASH2L;BDNF;CALM1;CAMK4;DPY30;GPS2;HDAC1;HDAC3;MECP2;NCOR1;NCOR2;PRKACA;RBBP5;SIN3A;TBL1X;TBL1XR1;WDR5	S:ASH2L;CALM1;CAMK4;DPY30;HDAC1;HDAC3;MECP2;NCOR1;NCOR2;RBBP5;SIN3A;TBL1XR1;WDR5
S:REACTOME_MAP2K_AND_MAPK_ACTIVATION	D:40	S:ACTB;ACTG1;APBB1IP;ARAF;ARRB1;ARRB2;BRAF;CNKSR1;CNKSR2;CSK;FGA;FGB;FGG;FN1;HRAS;IL17RD;IQGAP1;ITGA2B;ITGB3;KRAS;KSR1;KSR2;LAMTOR2;LAMTOR3;MAP2K1;MAP2K2;MAPK1;MAPK3;MARK3;NRAS;PEBP1;RAF1;RAP1A;RAP1B;SRC;TLN1;VCL;VWF;WDR83;YWHAB	S:ARAF;ARRB1;ARRB2;CNKSR2;CSK;FGA;FGB;FGG;FN1;HRAS;IL17RD;ITGA2B;KSR1;KSR2;LAMTOR2;MAP2K2;MAPK3;MARK3;NRAS;RAF1;SRC;TLN1;VWF;WDR83
S:REACTOME_REGULATION_OF_PTEN_GENE_TRANSCRIPTION	D:59	S:ATF2;ATN1;BMI1;CBX2;CBX4;CBX6;CBX8;CHD3;CHD4;EED;EGR1;EZH2;GATAD2A;GATAD2B;HDAC1;HDAC2;HDAC3;HDAC5;HDAC7;JUN;KDM1A;LAMTOR1;LAMTOR2;LAMTOR3;MAF1;MAPK1;MAPK3;MBD3;MECOM;MLST8;MTA1;MTA2;MTA3;MTOR;NR2E1;PHC1;PHC2;PHC3;PPARG;PTEN;RBBP4;RBBP7;RCOR1;REST;RHEB;RING1;RNF2;RPTOR;RRAGA;RRAGB;RRAGC;RRAGD;SALL4;SCMH1;SLC38A9;SNAI1;SNAI2;SUZ12;TP53	S:ATF2;BMI1;CBX2;CBX4;CBX6;CHD4;EED;EGR1;EZH2;GATAD2A;GATAD2B;HDAC1;HDAC2;HDAC3;HDAC7;JUN;LAMTOR3;MAPK1;MTA3;MTOR;PHC1;PHC2;PHC3;PPARG;RBBP4;RBBP7;RCOR1;REST;RHEB;RING1;RNF2;RPTOR;RRAGA;RRAGB;RRAGC;SCMH1;SLC38A9;SNAI1;SUZ12;TP53
S:REACTOME_RHOU_GTPASE_CYCLE	D:40	S:ARHGAP30;ARHGAP31;ARHGEF6;ARHGEF7;CDC42;CLTC;DEPDC1B;DLG5;DST;EPHA2;GIT1;GIT2;GRB2;HGS;IQGAP1;ITSN2;MYO6;NCK1;NCK2;PAK1;PAK2;PAK3;PAK4;PARD6A;PEAK1;PIK3R1;PIK3R2;PTK2B;RHOU;SPTAN1;SPTBN1;SRC;SRGAP2;STAM;STAM2;TXNL1;USP9X;VANGL1;WDR6;WWP2	S:ARHGAP31;ARHGEF6;ARHGEF7;CDC42;CLTC;DEPDC1B;DLG5;DST;GIT2;GRB2;HGS;IQGAP1;ITSN2;MYO6;NCK1;PAK1;PAK2;PAK3;PIK3R1;RHOU;SPTBN1;STAM;STAM2;USP9X;VANGL1;WDR6;WWP2
S:REACTOME_RRNA_PROCESSING_IN_THE_MITOCHONDRION	D:10	S:ELAC2;FASTKD2;HSD17B10;MRM1;NGRN;NSUN4;RPUSD3;RPUSD4;TFB1M;TRUB2	S:ELAC2;FASTKD2;HSD17B10;MRM1;NSUN4;RPUSD3;RPUSD4;TFB1M
S:REACTOME_HIGH_LAMINAR_FLOW_SHEAR_STRESS_ACTIVATES_SIGNALING_BY_PIEZO1_AND_PECAM1_CDH5_KDR_IN_ENDOTHELIAL_CELLS	D:68	S:ADCY1;ADCY2;ADCY3;ADCY4;ADCY5;ADCY6;ADCY7;ADCY8;ADCY9;ADM;AKT1;CALCRL;CALM1;CAPN2;CAPNS1;CAPNS2;CDH5;CTNNB1;FLT4;FYN;GNA11;GNAQ;GNAS;GNB1;GNB2;GNB3;GNB4;GNB5;GNG10;GNG11;GNG12;GNG13;GNG2;GNG3;GNG4;GNG5;GNG7;GNG8;GNGT1;GNGT2;KDR;MAPKAP1;MLST8;MMP14;MTOR;NOS3;P2RY2;PANX1;PDPK1;PECAM1;PIK3CA;PIK3CB;PIK3CD;PIK3R2;PKN2;PRKACA;PRKACB;PRKACG;PRKAR1A;PRKAR1B;PRKAR2A;PRKAR2B;PRR5;RAMP2;RICTOR;TLN1;TRPV4;VCL	S:ADCY2;ADCY6;ADCY8;ADM;AKT1;CAPNS1;CAPNS2;CTNNB1;GNA11;GNAQ;GNB2;GNB4;GNG10;GNG11;GNG12;GNG13;GNG4;GNGT1;GNGT2;MLST8;MMP14;NOS3;P2RY2;PDPK1;PIK3CD;PIK3R2;PRKACA;PRKAR1A;PRKAR1B;PRR5;RICTOR;TLN1;TRPV4
S:REACTOME_MECHANICAL_LOAD_ACTIVATES_SIGNALING_BY_PIEZO1_AND_INTEGRINS_IN_OSTEOCYTES	D:16	S:AKT1;CACNA1H;CACNA2D1;CACNB1;CACNB2;CACNB3;CACNG7;GJA1;HSPG2;ITGA5;ITGAV;ITGB1;ITGB3;P2RX7;PANX1;SPP1	S:AKT1;CACNA1H;CACNA2D1;CACNB2;CACNB3;CACNG7;GJA1;ITGA5;ITGAV;P2RX7
S:REACTOME_RESOLUTION_OF_ABASIC_SITES_AP_SITES	D:37	S:APEX1;FEN1;LIG1;LIG3;MBD4;MPG;MUTYH;NEIL1;NEIL2;NTHL1;OGG1;PARG;PARP1;PARP2;PCNA;PNKP;POLB;POLD1;POLD2;POLD3;POLD4;POLE;POLE2;POLE3;POLE4;RFC1;RFC2;RFC3;RFC4;RFC5;RPA1;RPA2;RPA3;SMUG1;TDG;UNG;XRCC1	S:FEN1;LIG1;LIG3;MBD4;NEIL1;OGG1;PARG;PARP1;PARP2;PCNA;POLB;POLD1;POLD2;POLD3;POLE;POLE3;RFC1;RFC3;RFC4;RFC5;RPA1;RPA2;RPA3;TDG;XRCC1
S:REACTOME_UNFOLDED_PROTEIN_RESPONSE_UPR	D:85	S:ACADVL;ADD1;ARFGAP1;ASNS;ATF3;ATF4;ATF6;ATF6B;ATP6V0D1;CALR;CCL2;CEBPB;CEBPG;CREB3;CREB3L1;CREB3L3;CREB3L4;CTDSP2;CUL7;CXXC1;DCP2;DCTN1;DDIT3;DDX11;DIS3;DNAJB11;DNAJB9;DNAJC3;EDEM1;EIF2AK3;EIF2S1;EIF2S2;EIF2S3;ERN1;EXOSC1;EXOSC2;EXOSC3;EXOSC4;EXOSC5;EXOSC6;EXOSC7;EXOSC8;EXOSC9;EXTL1;EXTL2;EXTL3;FKBP14;GFPT1;GOSR2;GSK3A;HDGF;HERPUD1;HSP90B1;HSPA5;HYOU1;IGFBP1;KDELR3;KHSRP;KLHDC3;LMNA;MBTPS1;MBTPS2;NFYA;NFYB;NFYC;PARN;PDIA5;PDIA6;PPP2R5B;PREB;SEC31A;SERP1;SHC1;SRPRB;SSR1;SYVN1;TATDN2;TLN1;TPP1;TSPYL2;WFS1;WIPI1;XBP1;YIF1A;ZBTB17	S:ASNS;ATF3;ATF4;CALR;CCL2;CEBPG;CREB3;CREB3L3;CREB3L4;CTDSP2;DCP2;DIS3;DNAJB11;DNAJB9;DNAJC3;EDEM1;EIF2AK3;EIF2S1;EIF2S2;EXOSC1;EXOSC2;EXOSC3;EXOSC4;EXOSC5;EXOSC7;EXOSC8;EXOSC9;EXTL2;FKBP14;GFPT1;GOSR2;GSK3A;HERPUD1;HSP90B1;HSPA5;HYOU1;KDELR3;KHSRP;LMNA;MBTPS1;MBTPS2;NFYA;NFYB;NFYC;PARN;PDIA5;PDIA6;PREB;SEC31A;SHC1;SRPRB;SSR1;SYVN1;TATDN2;WFS1;WIPI1;XBP1;YIF1A
S:REACTOME_REGULATION_OF_PD_L1_CD274_TRANSCRIPTION	D:40	S:ASH2L;ATF3;BRD4;CD274;CREBBP;CTNNB1;DPY30;EED;EP300;EPAS1;EZH2;FOS;FOSB;HIF1A;IRF1;JUN;JUND;LEF1;MYC;MYCN;NFE2L2;NFKB1;NFKB2;RBBP4;RBBP5;RBBP7;RELA;STAT1;STAT3;SUZ12;TCF7;TCF7L1;TCF7L2;TEAD1;TEAD2;TEAD3;TEAD4;WDR5;WWTR1;YAP1	S:ASH2L;ATF3;BRD4;CREBBP;DPY30;EED;EP300;EPAS1;EZH2;FOS;FOSB;HIF1A;JUN;JUND;LEF1;MYC;MYCN;NFE2L2;NFKB1;RBBP4;RBBP5;RBBP7;RELA;STAT1;SUZ12;TCF7;TEAD2;TEAD4;WDR5;YAP1
S:REACTOME_PLATELET_HOMEOSTASIS	D:83	S:APOB;ATP2A1;ATP2A2;ATP2A3;ATP2B1;ATP2B2;ATP2B3;ATP2B4;CALM1;FGR;GNAS;GNB1;GNB2;GNB3;GNB4;GNB5;GNG10;GNG11;GNG12;GNG13;GNG2;GNG3;GNG4;GNG5;GNG7;GNG8;GNGT1;GNGT2;GUCY1A2;ITPR1;ITPR2;ITPR3;KCNMA1;KCNMB1;KCNMB2;KCNMB3;KCNMB4;LRP8;MAPK14;NOS1;NOS2;NOS3;ORAI1;ORAI2;P2RX1;P2RX2;P2RX3;P2RX4;P2RX5;P2RX6;P2RX7;PAFAH2;PDE10A;PDE11A;PDE1A;PDE1B;PDE2A;PDE5A;PDE9A;PECAM1;PLA2G4A;PPP2CA;PPP2CB;PPP2R1A;PPP2R1B;PPP2R5A;PPP2R5B;PPP2R5C;PPP2R5D;PPP2R5E;PRKG1;PRKG2;PTGIR;PTPN11;PTPN6;SLC8A1;SLC8A2;SLC8A3;SRI;STIM1;TRPC3;TRPC6;TRPC7	S:ATP2B2;ATP2B3;ATP2B4;FGR;GNB2;GNB4;GNG10;GNG11;GNG12;GNG13;GNG4;GNGT1;GNGT2;GUCY1A2;KCNMB2;KCNMB4;MAPK14;NOS1;NOS3;ORAI1;ORAI2;P2RX1;P2RX2;P2RX3;P2RX4;P2RX7;PDE10A;PDE11A;PDE1A;PDE1B;PDE2A;PPP2CA;PPP2R1A;PPP2R5B;PTGIR;PTPN6;SLC8A1;TRPC3;TRPC6
S:REACTOME_MOLECULES_ASSOCIATED_WITH_ELASTIC_FIBRES	D:37	S:BMP10;BMP2;BMP4;BMP7;EFEMP1;EFEMP2;ELN;EMILIN1;EMILIN2;EMILIN3;FBLN1;FBLN2;FBLN5;FBN1;FBN2;FBN3;FN1;GDF5;ITGA8;ITGAV;ITGB1;ITGB3;ITGB5;ITGB6;ITGB8;LTBP1;LTBP2;LTBP3;LTBP4;MFAP2;MFAP3;MFAP4;MFAP5;TGFB1;TGFB2;TGFB3;VTN	S:BMP2;BMP4;BMP7;EFEMP2;ELN;EMILIN1;EMILIN2;EMILIN3;FBN1;FBN2;FBN3;FN1;GDF5;ITGAV;LTBP3;LTBP4;MFAP2;MFAP4;MFAP5;TGFB1;VTN
S:REACTOME_STAT5_ACTIVATION_DOWNSTREAM_OF_FLT3_ITD_MUTANTS	D:10	S:BCL2L1;CDKN1A;FLT3;GAB2;GRB2;NOX4;PIM1;PTPN11;STAT5A;STAT5B	S:BCL2L1;CDKN1A;GAB2;PIM1;STAT5A;STAT5B
S:REACTOME_CARGO_RECOGNITION_FOR_CLATHRIN_MEDIATED_ENDOCYTOSIS	D:103	S:AAK1;ADRB2;AGFG1;AGTR1;AP2A1;AP2A2;AP2B1;AP2M1;AP2S1;APOB;AREG;ARRB1;ARRB2;AVP;AVPR2;BTC;CBL;CD3D;CD3G;CD4;CFTR;CHRM2;CLTA;CLTB;CLTC;CLTCL1;COPS2;COPS3;COPS4;COPS5;COPS6;COPS7A;COPS7B;COPS8;DAB2;DVL2;EGF;EGFR;EPGN;EPN1;EPN2;EPS15;EPS15L1;EREG;FCHO1;FCHO2;FZD4;GPS1;GRB2;HBEGF;HGS;IGF2R;IL7R;ITSN1;ITSN2;KIAA0319;LDLR;LDLRAP1;LRP2;M6PR;NECAP1;NECAP2;NEDD8;PICALM;REPS1;REPS2;RPS27A;SCARB2;SGIP1;SH3GL1;SH3GL2;SH3GL3;SH3KBP1;SLC18A3;SLC2A8;SNAP91;STAM;STAM2;STON1;STON2;SYT1;SYT11;SYT2;SYT8;SYT9;TACR1;TF;TFRC;TGFA;TGOLN2;TOR1A;TOR1B;UBA52;UBB;UBC;UBQLN1;UBQLN2;VAMP2;VAMP3;VAMP4;VAMP7;VAMP8;WNT5A	S:AAK1;AGTR1;AP2A1;AP2A2;AP2B1;AP2M1;AP2S1;ARRB1;ARRB2;AVP;AVPR2;BTC;CD4;CFTR;CLTCL1;COPS2;COPS7A;DVL2;EPGN;EPN1;EPS15L1;EREG;FCHO1;FZD4;GPS1;LDLR;LRP2;M6PR;NECAP1;NEDD8;PICALM;REPS2;SGIP1;SH3GL1;SH3GL2;SLC2A8;SNAP91;SYT2;SYT8;SYT9;TACR1;TFRC;TGFA;TOR1A;UBA52;UBB;VAMP2;VAMP3;VAMP8;WNT5A
S:REACTOME_REPRESSION_OF_WNT_TARGET_GENES	D:13	S:AXIN2;CTBP1;CTBP2;HDAC1;LEF1;MYC;TCF7;TCF7L1;TCF7L2;TLE1;TLE2;TLE3;TLE4	S:AXIN2;CTBP2;HDAC1;LEF1;MYC;TCF7;TLE1;TLE2;TLE4
S:REACTOME_PI3K_EVENTS_IN_ERBB4_SIGNALING	D:10	S:BTC;ERBB4;EREG;HBEGF;NRG1;NRG2;NRG3;NRG4;PIK3CA;PIK3R1	S:BTC;EREG;NRG1;NRG2;NRG4
S:REACTOME_ELEVATION_OF_CYTOSOLIC_CA2_LEVELS	D:16	S:ITPR1;ITPR2;ITPR3;ORAI1;ORAI2;P2RX1;P2RX2;P2RX3;P2RX4;P2RX5;P2RX6;P2RX7;STIM1;TRPC3;TRPC6;TRPC7	S:ORAI1;ORAI2;P2RX1;P2RX2;P2RX3;P2RX4;P2RX7;TRPC3;TRPC6
S:REACTOME_NOTCH2_INTRACELLULAR_DOMAIN_REGULATES_TRANSCRIPTION	D:12	S:CREB1;EP300;FCER2;GZMB;HES1;HES5;MAML1;MAML2;MAML3;MAMLD1;NOTCH2;RBPJ	S:CREB1;EP300;FCER2;GZMB;HES5;MAML1;MAML3;MAMLD1;NOTCH2
S:REACTOME_SOMITOGENESIS	D:42	S:ADRM1;CTNNB1;DLL1;DLL3;EPHA4;HES7;LEF1;LFNG;NOTCH1;PSMA1;PSMA2;PSMA3;PSMA4;PSMA5;PSMA6;PSMA7;PSMB1;PSMB2;PSMB3;PSMB4;PSMB5;PSMB6;PSMB7;PSMC1;PSMC2;PSMC3;PSMC4;PSMC5;PSMC6;PSMD1;PSMD11;PSMD12;PSMD13;PSMD14;PSMD2;PSMD3;PSMD6;PSMD7;PSMD8;RBPJ;RIPPLY2;TBX6	S:DLL1;DLL3;EPHA4;HES7;LEF1;NOTCH1;PSMA1;PSMA3;PSMA4;PSMA5;PSMA6;PSMA7;PSMB1;PSMB2;PSMB3;PSMB4;PSMC5;PSMC6;PSMD1;PSMD11;PSMD12;PSMD14;PSMD2;PSMD3;PSMD6;PSMD7;RIPPLY2;TBX6
S:REACTOME_ANTIGEN_PROCESSING_UB_ATP_INDEPENDENT_PROTEASOMAL_DEGRADATION	D:19	S:PSMA1;PSMA2;PSMA3;PSMA4;PSMA5;PSMA6;PSMA7;PSMB1;PSMB10;PSMB2;PSMB3;PSMB4;PSMB5;PSMB6;PSMB7;PSMB8;PSMB9;PSME1;PSME2	S:PSMA1;PSMA3;PSMA4;PSMA5;PSMA6;PSMA7;PSMB1;PSMB10;PSMB2;PSMB3;PSMB4;PSMB9;PSME1;PSME2
S:REACTOME_COPI_MEDIATED_ANTEROGRADE_TRANSPORT	D:96	S:ACTR10;ACTR1A;ANK1;ANK2;ANK3;ARCN1;ARF1;ARF3;ARF4;ARF5;ARFGAP1;ARFGAP2;ARFGAP3;BET1;BET1L;CAPZA1;CAPZA2;CAPZA3;CAPZB;CD55;CD59;COG1;COG2;COG3;COG4;COG5;COG6;COG7;COG8;COPA;COPB1;COPB2;COPE;COPG2;COPZ1;COPZ2;DCTN1;DCTN2;DCTN3;DCTN4;DCTN5;DCTN6;DYNC1H1;DYNC1I1;DYNC1I2;DYNC1LI1;DYNC1LI2;DYNLL1;DYNLL2;FOLR1;GBF1;GOLGA2;GOLGB1;GORASP1;GOSR1;GOSR2;INS;KDELR1;KDELR2;KDELR3;NAPA;NAPB;NAPG;NSF;RAB1A;RAB1B;SPTA1;SPTAN1;SPTB;SPTBN1;SPTBN2;SPTBN4;SPTBN5;STX5;TMED10;TMED2;TMED3;TMED7;TMED9;TMEM115;TUBA1A;TUBA1B;TUBA1C;TUBA3C;TUBA3D;TUBA4A;TUBA8;TUBAL3;TUBB1;TUBB2A;TUBB2B;TUBB3;TUBB6;TUBB8;USO1;YKT6	S:ACTR1A;ANK1;ANK2;ARCN1;ARF5;ARFGAP1;BET1L;CAPZA1;CAPZA2;CAPZA3;CAPZB;CD55;CD59;COG4;COPE;COPZ1;COPZ2;DCTN1;DCTN3;DYNC1I2;DYNLL2;FOLR1;INS;KDELR1;NAPA;RAB1B;SPTA1;SPTAN1;SPTB;SPTBN2;STX5;TMED2;TMED3;TMEM115;TUBA1A;TUBA1C;TUBA3D;TUBA8;TUBAL3;TUBB2A;TUBB2B;TUBB3;TUBB6;TUBB8;YKT6
S:REACTOME_DEVELOPMENTAL_CELL_LINEAGES	D:147	S:ABCG2;ACTA2;ALDH1A1;ALDH1A3;ANKRD30A;ANXA1;ANXA2;ANXA3;AQP1;AQP3;AQP8;AREG;BHLHA15;CA2;CALML5;CASP14;CD24;CD44;CD74;CDH1;CEL;CELA2A;CELA3B;CER1;CFTR;CLDN10;CNN1;COL11A1;COL11A2;COL1A1;COL1A2;COL24A1;COL27A1;COL2A1;COL3A1;COL5A1;COL5A2;COL5A3;CPA1;CPA2;CPB1;CSN2;CSPG4;CTRC;CTRL;CXCR4;DLL1;DLX5;DMKN;EGF;EGFR;ELF5;EPCAM;ERBB2;ESR1;FABP5;FGF10;FGF2;FGF4;FGF7;FLG;FN1;FOXA2;GATA3;GATA4;GATA6;GJB3;GNMT;GP2;HHEX;HNF1B;HOPX;ITGA6;ITGB1;ITGB4;IVL;KIT;KLK1;KLK5;KLK7;KRT1;KRT10;KRT14;KRT15;KRT17;KRT18;KRT19;KRT23;KRT24;KRT5;KRT7;KRT78;KRT8;KRTDAP;LALBA;LAMA1;LAMA2;LAMA3;LAMA4;LAMA5;LAMB1;LAMB2;LAMB3;LAMC1;LAMC2;LAMC3;LGALS7;LGALS7B;LRIG1;MFGE8;MME;MUC1;MYH11;NKX6-1;NUMB;ONECUT1;PDIA2;PDX1;PGR;PLA2G1B;PNLIP;PNLIPRP2;PRL;PROM1;PRSS1;PRSS3;PTF1A;REG1A;RNASE1;SERPINA4;SHH;SLC4A4;SLPI;SOX17;SOX9;SPINK1;SPINK5;SYCN;TFAP2A;TFAP2C;TFPI2;TFRC;TGFA;TP63;VIM;VTN;YAP1	S:ABCG2;ACTA2;ALDH1A1;ANKRD30A;ANXA2;ANXA3;AQP1;BHLHA15;CA2;CALML5;CD24;CD74;CELA3B;CFTR;COL11A1;COL1A1;COL24A1;COL27A1;COL2A1;COL3A1;CPA1;CPB1;CTRL;DLX5;ELF5;EPCAM;FGF10;FGF4;FLG;FN1;FOXA2;GATA4;GNMT;HNF1B;ITGB4;KLK7;KRT1;KRT14;KRT15;KRT17;KRT18;KRT19;KRT24;KRT78;KRT8;KRTDAP;LALBA;LAMA1;LAMA3;LAMA4;LAMA5;LAMB2;LAMC2;LAMC3;LGALS7;LGALS7B;MME;MUC1;NUMB;ONECUT1;PDX1;PGR;PNLIP;PTF1A;SHH;SLPI;SOX17;SOX9;SYCN;TFPI2;TFRC;TGFA;VTN
S:REACTOME_FOXO_MEDIATED_TRANSCRIPTION_OF_OXIDATIVE_STRESS_METABOLIC_AND_NEURONAL_GENES	D:28	S:ABCA6;AGRP;ATXN3;CAT;FBXO32;FOXO1;FOXO3;FOXO4;GCK;HDAC1;HDAC2;IGFBP1;INS;NPY;NR3C1;PCK1;PLXNA4;POMC;PPARGC1A;RETN;SIN3A;SIRT3;SMAD2;SMAD3;SMAD4;SOD2;SREBF1;TRIM63	S:ATXN3;CAT;FBXO32;FOXO1;GCK;HDAC1;HDAC2;NPY;NR3C1;PCK1;PLXNA4;PPARGC1A;SIN3A;SMAD2;SMAD3;SMAD4;SOD2;SREBF1;TRIM63
S:REACTOME_STABILIZATION_OF_P53	D:42	S:ADRM1;ATM;CDKN2A;CHEK2;MDM2;MDM4;PHF20;PSMA1;PSMA2;PSMA3;PSMA4;PSMA5;PSMA6;PSMA7;PSMB1;PSMB2;PSMB3;PSMB4;PSMB5;PSMB6;PSMB7;PSMC1;PSMC2;PSMC3;PSMC4;PSMC5;PSMC6;PSMD1;PSMD11;PSMD12;PSMD13;PSMD14;PSMD2;PSMD3;PSMD6;PSMD7;PSMD8;RPS27A;TP53;UBA52;UBB;UBC	S:ATM;CDKN2A;CHEK2;MDM2;MDM4;PHF20;PSMA1;PSMA3;PSMA4;PSMA5;PSMA6;PSMA7;PSMB1;PSMB2;PSMB3;PSMB4;PSMC5;PSMC6;PSMD1;PSMD11;PSMD12;PSMD14;PSMD2;PSMD3;PSMD6;PSMD7;RPS27A;TP53;UBC
S:REACTOME_CONSTITUTIVE_SIGNALING_BY_EGFRVIII	D:15	S:CBL;CDC37;EGF;EGFR;GAB1;GRB2;HRAS;HSP90AA1;KRAS;NRAS;PIK3CA;PIK3R1;PLCG1;SHC1;SOS1	S:CBL;EGF;EGFR;GRB2;HSP90AA1;KRAS;PIK3CA;PIK3R1;PLCG1;SHC1;SOS1
S:REACTOME_G0_AND_EARLY_G1	D:27	S:CCNA1;CCNA2;CCNE1;CCNE2;CDC25A;CDC6;CDK1;CDK2;DYRK1A;E2F1;E2F4;E2F5;HDAC1;LIN37;LIN52;LIN54;LIN9;MAX;MYBL2;MYC;PCNA;RBBP4;RBL1;RBL2;TFDP1;TFDP2;TOP2A	S:CCNA1;CCNA2;CCNE1;CCNE2;CDC6;CDK1;DYRK1A;E2F1;E2F5;HDAC1;LIN37;LIN52;MYC;PCNA;RBBP4;RBL1;RBL2;TFDP2;TOP2A
S:REACTOME_ACYL_CHAIN_REMODELLING_OF_PC	D:24	S:LPCAT1;LPCAT2;LPCAT3;LPCAT4;MBOAT2;PLA2G10;PLA2G12A;PLA2G1B;PLA2G2A;PLA2G2D;PLA2G2E;PLA2G2F;PLA2G3;PLA2G4A;PLA2G4C;PLA2G4D;PLA2G4F;PLA2G5;PLA2G6;PLA2R1;PLB1;PLBD1;PNPLA8;TMEM86B	S:LPCAT2;LPCAT3;LPCAT4;MBOAT2;PLA2G10;PLA2G2A;PLA2G2D;PLA2G2F;PLA2G4D;PLA2G5;PLA2G6;PLA2R1;PLB1;TMEM86B
S:REACTOME_CD28_DEPENDENT_VAV1_PATHWAY	D:12	S:CD28;CD80;CD86;CDC42;FYN;GRB2;LCK;PAK1;PAK2;PAK3;RAC1;VAV1	S:CD28;CD80;CDC42;FYN;GRB2;LCK;PAK1;PAK2;PAK3;RAC1;VAV1
S:REACTOME_PLASMA_LIPOPROTEIN_REMODELING	D:33	S:ABCG1;ALB;ANGPTL3;ANGPTL4;APOA1;APOA2;APOA4;APOA5;APOB;APOC2;APOC3;APOE;APOF;CETP;CIDEC;CREB3L3;FGF21;FURIN;GPIHBP1;LCAT;LIPC;LIPG;LMF1;LMF2;LPA;LPL;MBTPS1;MBTPS2;MTTP;P4HB;PCSK5;PCSK6;PLTP	S:ANGPTL3;APOA1;APOA2;APOA4;APOE;APOF;CETP;CIDEC;FURIN;GPIHBP1;LCAT;LIPC;LIPG;LMF1;LMF2;PCSK6;PLTP
S:REACTOME_TERMINATION_OF_O_GLYCAN_BIOSYNTHESIS	D:22	S:MUC1;MUC12;MUC13;MUC15;MUC16;MUC17;MUC20;MUC3A;MUC4;MUC5AC;MUC5B;MUC6;MUC7;MUCL1;ST3GAL1;ST3GAL2;ST3GAL3;ST3GAL4;ST6GAL1;ST6GALNAC2;ST6GALNAC3;ST6GALNAC4	S:MUC1;MUC12;MUC13;MUC17;MUC4;MUC5AC;MUC5B;MUC6;ST3GAL1;ST3GAL2;ST3GAL3;ST3GAL4;ST6GALNAC4
S:REACTOME_ACTIVATION_OF_ANTERIOR_HOX_GENES_IN_HINDBRAIN_DEVELOPMENT_DURING_EARLY_EMBRYOGENESIS	D:58	S:ASH2L;CNOT6;CREBBP;CTCF;DPY30;EED;EGR2;EP300;EZH2;HDAC3;HOXA1;HOXA2;HOXA3;HOXA4;HOXB1;HOXB2;HOXB3;HOXB4;HOXC4;HOXD1;HOXD3;HOXD4;JUN;KDM6A;MAFB;MEIS1;NCOA3;NCOA6;NCOR1;PAX6;PAXIP1;PBX1;PCGF2;PIAS2;PKNOX1;POLR2A;POLR2B;POLR2C;POLR2D;POLR2E;POLR2F;POLR2G;POLR2H;POLR2I;POLR2J;POLR2K;POLR2L;RARA;RARB;RARG;RBBP4;RBBP5;RBBP7;RXRA;SUZ12;WDR5;YY1;ZNF335	S:ASH2L;CNOT6;CREBBP;CTCF;DPY30;EED;EGR2;EP300;EZH2;HDAC3;HOXA3;HOXB2;HOXB3;HOXB4;HOXC4;HOXD1;HOXD3;JUN;KDM6A;MAFB;MEIS1;NCOA3;NCOA6;NCOR1;PAXIP1;PCGF2;PIAS2;PKNOX1;POLR2B;POLR2G;POLR2K;POLR2L;RBBP4;RBBP5;RBBP7;SUZ12;WDR5;YY1
S:REACTOME_LYSINE_CATABOLISM	D:10	S:AADAT;AASS;ALDH7A1;CRYM;DHTKD1;DLD;DLST;GCDH;PIPOX;SLC25A21	S:AASS;CRYM;DHTKD1;DLD;DLST;GCDH;PIPOX;SLC25A21
S:REACTOME_REGULATION_OF_LOCALIZATION_OF_FOXO_TRANSCRIPTION_FACTORS	D:11	S:AKT1;AKT2;AKT3;FOXO1;FOXO3;FOXO4;SFN;YWHAB;YWHAG;YWHAQ;YWHAZ	S:AKT2;AKT3;FOXO1;YWHAB;YWHAG;YWHAQ;YWHAZ
S:REACTOME_INFLAMMASOMES	D:21	S:AIM2;APP;BCL2;BCL2L1;CASP1;HMOX1;HSP90AB1;MEFV;NFKB1;NFKB2;NLRC4;NLRP1;NLRP3;P2RX7;PANX1;PSTPIP1;PYCARD;RELA;SUGT1;TXN;TXNIP	S:AIM2;BCL2;BCL2L1;CASP1;MEFV;NFKB2;NLRC4;NLRP3;P2RX7;PYCARD;TXN
S:REACTOME_APOPTOSIS	D:155	S:ACIN1;ADD1;ADRM1;AKT1;AKT2;AKT3;APAF1;APC;APIP;APPL1;ARHGAP10;AVEN;BAD;BAK1;BAX;BBC3;BCAP31;BCL2;BCL2L1;BCL2L11;BID;BIRC2;BMF;BMX;C1QBP;CARD8;CASP3;CASP6;CASP7;CASP8;CASP9;CD14;CDH1;CDKN2A;CFLAR;CLSPN;CTNNB1;CYCS;DAPK1;DAPK2;DAPK3;DBNL;DCC;DFFA;DFFB;DIABLO;DNM1L;DSG1;DSG2;DSG3;DSP;DYNLL1;DYNLL2;E2F1;FADD;FAS;FASLG;FNTA;GAS2;GSDMD;GSN;GZMB;HMGB1;HMGB2;KPNA1;KPNB1;LMNA;LMNB1;LY96;MAGED1;MAPK1;MAPK3;MAPK8;MAPT;NMT1;OCLN;OMA1;OPA1;PAK2;PKP1;PLEC;PMAIP1;PPP1R13B;PPP3CC;PPP3R1;PRKCD;PRKCQ;PSMA1;PSMA2;PSMA3;PSMA4;PSMA5;PSMA6;PSMA7;PSMB1;PSMB2;PSMB3;PSMB4;PSMB5;PSMB6;PSMB7;PSMC1;PSMC2;PSMC3;PSMC4;PSMC5;PSMC6;PSMD1;PSMD11;PSMD12;PSMD13;PSMD14;PSMD2;PSMD3;PSMD6;PSMD7;PSMD8;PTK2;RIPK1;ROCK1;RPS27A;SATB1;SFN;SPTAN1;STAT3;STK24;TFDP1;TFDP2;TICAM1;TJP1;TJP2;TLR4;TNFRSF10A;TNFRSF10B;TNFSF10;TP53;TP53BP2;TP63;TP73;TRADD;TRAF2;UACA;UBA52;UBB;UBC;UNC5A;UNC5B;VIM;XIAP;YWHAB;YWHAE;YWHAG;YWHAH;YWHAQ;YWHAZ	S:ACIN1;AKT2;AKT3;APC;APPL1;ARHGAP10;AVEN;BBC3;BCAP31;BID;BMX;C1QBP;CARD8;CASP3;CASP6;CASP7;CASP9;CD14;CDH1;CDKN2A;CLSPN;CYCS;DAPK2;DFFA;DFFB;DIABLO;DNM1L;DSG1;DSP;DYNLL1;E2F1;FADD;FAS;FASLG;FNTA;GAS2;GZMB;HMGB1;HMGB2;KPNA1;KPNB1;LMNA;MAGED1;MAPK1;MAPK8;MAPT;NMT1;OCLN;OMA1;OPA1;PAK2;PKP1;PMAIP1;PPP1R13B;PPP3CC;PRKCQ;PSMA1;PSMA3;PSMA4;PSMA5;PSMA6;PSMA7;PSMB1;PSMB2;PSMB3;PSMB4;PSMC5;PSMC6;PSMD1;PSMD11;PSMD12;PSMD14;PSMD2;PSMD3;PSMD6;PSMD7;PTK2;RIPK1;ROCK1;RPS27A;SATB1;TFDP2;TICAM1;TJP2;TP53;TP53BP2;TP63;TP73;TRADD;TRAF2;UACA;UBC;VIM;XIAP;YWHAB;YWHAG;YWHAH;YWHAQ;YWHAZ
S:REACTOME_POLO_LIKE_KINASE_MEDIATED_EVENTS	D:16	S:CCNB1;CCNB2;CDC25A;CDC25C;CENPF;EP300;FOXM1;LIN37;LIN52;LIN54;LIN9;MYBL2;PKMYT1;PLK1;RBBP4;WEE1	S:CCNB1;CCNB2;CDC25C;CENPF;EP300;FOXM1;LIN37;LIN52;PLK1;RBBP4;WEE1
S:REACTOME_SURFACTANT_METABOLISM	D:25	S:ABCA3;ADORA2A;ADORA2B;ADRA2A;ADRA2C;CCDC59;CKAP4;CSF2RA;CSF2RB;CTSH;DMBT1;GATA6;LMCD1;NAPSA;P2RY2;PGA3;SFTA3;SFTPA1;SFTPB;SFTPC;SFTPD;SLC34A1;SLC34A2;TTF1;ZDHHC2	S:ADRA2C;CSF2RA;CSF2RB;NAPSA;P2RY2;SFTA3;SFTPA1;SFTPB;SFTPC;SFTPD;SLC34A1;SLC34A2;ZDHHC2
S:REACTOME_EGR2_AND_SOX10_MEDIATED_INITIATION_OF_SCHWANN_CELL_MYELINATION	D:27	S:CYP51A1;DAG1;DRP2;EGR2;GJB1;HDAC2;HMGCR;LAMA2;LAMB1;LAMC1;MAG;MBP;MPZ;NAB1;NAB2;PMP22;POU3F1;POU3F2;PRX;SCD5;SMARCA4;SOX10;SREBF2;TEAD1;UTRN;WWTR1;YAP1	S:CYP51A1;DAG1;DRP2;EGR2;HDAC2;HMGCR;LAMA2;LAMB1;LAMC1;MBP;NAB1;PMP22;POU3F1;POU3F2;SCD5;SMARCA4;SOX10;UTRN;YAP1
S:REACTOME_HDL_REMODELING	D:10	S:ABCG1;ALB;APOA1;APOC2;APOC3;APOE;CETP;LCAT;LIPG;PLTP	S:APOA1;APOE;CETP;LCAT;LIPG;PLTP
S:REACTOME_PLASMA_LIPOPROTEIN_CLEARANCE	D:37	S:AMN;AP2A1;AP2A2;AP2B1;AP2M1;AP2S1;APOA1;APOB;APOBR;APOC1;APOC4;APOE;CES3;CLTA;CLTC;CUBN;HDLBP;LDLR;LDLRAP1;LIPA;LIPC;LSR;MYLIP;NCEH1;NPC1;NPC2;NR1H2;NR1H3;PCSK9;RPS27A;SCARB1;SOAT1;SOAT2;UBA52;UBB;UBC;VLDLR	S:AMN;AP2A1;AP2A2;AP2B1;AP2M1;AP2S1;APOA1;APOC1;APOE;HDLBP;LDLR;LIPC;LSR;NPC1;NR1H2;PCSK9;SCARB1;UBA52;UBB;VLDLR
S:REACTOME_EVASION_BY_RSV_OF_HOST_INTERFERON_RESPONSES	D:27	S:CREBBP;CUL5;EIF2AK2;EP300;IFIH1;IFNA10;IFNA16;IFNA2;IFNA21;IFNA4;IFNA5;IFNA6;IFNA8;IFNAR1;IFNAR2;IFNB1;IRF3;JAK1;MAVS;RBX1;RPS27A;STAT2;TRIM25;TYK2;UBA52;UBB;UBC	S:IFNA10;IFNA16;IFNA2;IFNA4;IFNA6;IFNA8;IFNAR1;IRF3;MAVS;RBX1;STAT2;TRIM25;TYK2;UBA52;UBB
S:REACTOME_G_ALPHA_Z_SIGNALLING_EVENTS	D:47	S:ADCY1;ADCY2;ADCY3;ADCY4;ADCY5;ADCY6;ADCY7;ADCY8;ADCY9;ADRA2A;ADRA2B;ADRA2C;GNAI1;GNAI2;GNAI3;GNAS;GNAZ;GNB1;GNB2;GNB3;GNB4;GNB5;GNG10;GNG11;GNG12;GNG13;GNG2;GNG3;GNG4;GNG5;GNG7;GNG8;GNGT1;GNGT2;PRKCA;PRKCB;PRKCD;PRKCE;PRKCG;PRKCH;PRKCQ;RGS16;RGS17;RGS19;RGS20;RGS4;RGSL1	S:ADCY2;ADCY6;ADCY8;ADRA2B;ADRA2C;GNAI2;GNAZ;GNB2;GNB4;GNG10;GNG11;GNG12;GNG13;GNG4;GNGT1;GNGT2;PRKCD;PRKCG;RGS16;RGS19;RGS20;RGS4;RGSL1
S:REACTOME_SCAVENGING_OF_HEME_FROM_PLASMA	D:14	S:ALB;AMBP;APOA1;APOL1;CD163;HBA1;HBA2;HBB;HP;HPR;HPX;IGHA1;IGLV6-57;LRP1	S:APOA1;APOL1;HBA1;HBA2;HBB;HP;HPR;LRP1
S:REACTOME_GPER1_SIGNALING	D:43	S:ADCY1;ADCY2;ADCY3;ADCY4;ADCY5;ADCY6;ADCY7;ADCY8;ADCY9;FN1;GNAI1;GNAI2;GNAI3;GNAS;GNAZ;GNB1;GNB2;GNB3;GNB4;GNB5;GNG10;GNG11;GNG12;GNG13;GNG2;GNG3;GNG4;GNG5;GNG7;GNG8;GNGT1;GNGT2;ITGA5;ITGB1;PRKACA;PRKACB;PRKACG;PRKAR1A;PRKAR1B;PRKAR2A;PRKAR2B;SHC1;SRC	S:ADCY2;ADCY6;ADCY8;FN1;GNAI2;GNAZ;GNB2;GNB4;GNG10;GNG11;GNG12;GNG13;GNG4;GNGT1;GNGT2;ITGA5;PRKACA;PRKAR1A;PRKAR1B;SRC
S:REACTOME_UBIQUINOL_BIOSYNTHESIS	D:11	S:COQ2;COQ3;COQ4;COQ5;COQ6;COQ7;COQ9;HPDL;PDSS1;PDSS2;STARD7	S:COQ3;COQ5;COQ6;COQ7;COQ9;HPDL;PDSS1;PDSS2;STARD7
S:REACTOME_POST_TRANSLATIONAL_MODIFICATION_SYNTHESIS_OF_GPI_ANCHORED_PROTEINS	D:83	S:ALPI;ALPL;ART3;ART4;BST1;CD109;CD52;CEACAM5;CEACAM7;CNTN3;CNTN4;CNTN5;CPM;DPM1;DPM2;DPM3;FCGR3B;FOLR2;GP2;GPAA1;GPIHBP1;GPLD1;LSAMP;LY6D;LY6E;LY6G6C;LY6H;LY6K;LYPD1;LYPD2;LYPD3;LYPD4;LYPD5;LYPD6B;MDGA1;MSLN;NEGR1;NRN1;NRN1L;NTM;NTNG1;NTNG2;OPCML;OTOA;PGAP1;PIGA;PIGB;PIGC;PIGF;PIGG;PIGH;PIGK;PIGL;PIGM;PIGN;PIGO;PIGP;PIGQ;PIGS;PIGT;PIGU;PIGV;PIGW;PIGX;PIGY;PIGZ;PLAUR;PRND;PRSS21;PSCA;RECK;RTN4RL1;RTN4RL2;SPACA4;SPRN;TECTA;TECTB;TEX101;THY1;ULBP2;VNN1;VNN2;XPNPEP2	S:ALPL;BST1;CEACAM5;CEACAM7;CNTN3;CNTN5;CPM;DPM2;DPM3;FCGR3B;FOLR2;GPAA1;GPIHBP1;LSAMP;LY6D;LY6E;LY6G6C;LY6K;LYPD1;LYPD2;LYPD3;LYPD4;LYPD6B;NEGR1;NRN1;NTM;NTNG1;NTNG2;OPCML;OTOA;PIGQ;PIGS;PIGT;PRND;PRSS21;RTN4RL1;RTN4RL2;TECTA;TECTB;THY1;VNN1
S:REACTOME_SIGNALING_BY_PDGFR_IN_DISEASE	D:20	S:BIN2;ETV6;FIP1L1;GOLGA4;GRB2;HRAS;KANK1;KDR;KRAS;NRAS;PDGFRA;PIK3CA;PIK3CB;PIK3R1;PIK3R2;SOS1;STAT1;STAT3;STRN;WDR48	S:BIN2;FIP1L1;GOLGA4;GRB2;KANK1;KDR;KRAS;PDGFRA;PIK3CA;PIK3CB;PIK3R1;SOS1;STAT1;STRN;WDR48
S:REACTOME_ESR_MEDIATED_SIGNALING	D:154	S:AKT1;AKT2;AKT3;AREG;ATF2;AXIN1;BCL2;BTC;CALM1;CAV1;CAV2;CBFB;CCND1;CCNT1;CDK9;CDKN1B;CHD1;CITED1;CREB1;CREBBP;CTSD;CXCL12;CXXC5;DDX5;EBAG9;EGF;EGFR;ELK1;EP300;EPGN;ERBB4;EREG;ESR1;ESR2;FKBP4;FKBP5;FOS;FOSB;FOXA1;FOXO3;GATA3;GNAI1;GNAI2;GNAI3;GNB1;GNB2;GNB3;GNB4;GNB5;GNG10;GNG11;GNG12;GNG13;GNG2;GNG3;GNG4;GNG5;GNG7;GNG8;GNGT1;GNGT2;GPAM;GREB1;GTF2A1;GTF2A2;GTF2F1;GTF2F2;HBEGF;HDAC1;HRAS;HSP90AA1;HSP90AB1;HSPB1;IGF1R;JUN;JUND;KANK1;KAT2B;KAT5;KCTD6;KDM1A;KPNA2;KRAS;MAPK1;MAPK3;MED1;MMP2;MMP3;MMP7;MMP9;MOV10;MYB;MYC;NCOA1;NCOA2;NCOA3;NOS3;NR5A2;NRAS;NRIP1;PDPK1;PGR;PIK3CA;PIK3R1;PIK3R2;PIK3R3;POLR2A;POLR2B;POLR2C;POLR2D;POLR2E;POLR2F;POLR2G;POLR2H;POLR2I;POLR2J;POLR2K;POLR2L;POU2F1;PPID;PPP5C;PRKCZ;PRMT1;PTGES3;PTK2;RAD21;RUNX1;S1PR3;SHC1;SMC1A;SMC3;SP1;SPHK1;SRC;SRF;STAG1;STAG2;STRN;TBP;TFF1;TFF3;TGFA;TLE3;TNRC6A;TNRC6B;TNRC6C;UHMK1;USF1;USF2;XPO1;YY1;ZDHHC21;ZDHHC7;ZNF217	S:AKT2;AKT3;AREG;ATF2;CALM1;CAV1;CBFB;CCND1;CCNT1;CDKN1B;CHD1;CITED1;CREB1;CREBBP;CXXC5;DDX5;EBAG9;EGF;EGFR;ELK1;EP300;ERBB4;ESR1;ESR2;FOS;FOSB;GATA3;GNAI1;GNAI3;GNB1;GNB3;GNB5;GNG2;GNG3;GNG5;GNG7;GNG8;GPAM;GREB1;GTF2A1;GTF2A2;GTF2F1;GTF2F2;HBEGF;HDAC1;HSP90AA1;HSP90AB1;IGF1R;JUN;JUND;KANK1;KAT5;KCTD6;KPNA2;KRAS;MAPK1;MED1;MMP2;MMP3;MMP9;MOV10;MYB;MYC;NCOA1;NCOA2;NCOA3;NRIP1;PIK3CA;PIK3R1;PIK3R3;POLR2B;POLR2G;POLR2K;POLR2L;POU2F1;PPP5C;PRKCZ;PRMT1;PTK2;RAD21;RUNX1;S1PR3;SHC1;SMC1A;SMC3;SRF;STAG1;STAG2;STRN;TBP;TFF3;TNRC6A;TNRC6B;TNRC6C;UHMK1;XPO1;YY1;ZDHHC21;ZDHHC7;ZNF217
S:REACTOME_ADHERENS_JUNCTIONS_INTERACTIONS	D:165	S:ACTA1;ACTA2;ACTB;ACTC1;ACTG1;ACTG2;ADAM19;ADAM33;ADRM1;AMOT;ANG;ANGPTL4;ANK3;ARHGAP32;ARID1A;BANP;BHLHE22;CADM1;CADM2;CADM3;CANX;CBLL1;CDH1;CDH10;CDH11;CDH12;CDH13;CDH15;CDH17;CDH18;CDH19;CDH2;CDH24;CDH3;CDH4;CDH5;CDH6;CDH7;CDH8;CDH9;CSNK2A1;CSNK2A2;CSNK2B;CTBP1;CTBP2;CTNNA1;CTNNB1;CTNND1;CTSB;CTSS;DAD1;DDOST;DNM2;DNTTIP1;EED;EPS15;EZH2;FOXA2;FOXF1;FOXJ2;FOXP2;FOXQ1;FURIN;FYN;GANAB;HDAC1;HDAC2;HEYL;HOXC8;ILF3;JUP;KDM1A;KLF4;KLF9;MAPK1;MAPK3;MDM2;MOGS;MOV10;MPHOSPH8;MTBP;MYC;MYCN;OST4;OSTC;PCSK6;PCSK7;PIP5K1C;POMT1;POMT2;PRDM8;PRKCSH;PSMA1;PSMA2;PSMA3;PSMA4;PSMA5;PSMA6;PSMA7;PSMB1;PSMB2;PSMB3;PSMB4;PSMB5;PSMB6;PSMB7;PSMC1;PSMC2;PSMC3;PSMC4;PSMC5;PSMC6;PSMD1;PSMD11;PSMD12;PSMD13;PSMD14;PSMD2;PSMD3;PSMD6;PSMD7;PSMD8;PVR;RB1;RBBP4;RBBP7;RPN1;RPN2;RPS27A;SEC11A;SEC11C;SIRT1;SMARCA4;SNAI1;SNAI2;SOX10;SP1;SPCS1;SPCS2;SPCS3;SRC;STRAP;STT3A;SUZ12;TCF12;TCF3;TFAP2A;TGIF2;TLE1;TNRC6A;TNRC6B;TNRC6C;TWIST1;TWIST2;UBA52;UBB;UBC;VCL;WT1;ZBTB33;ZC3H12A;ZEB1;ZEB2;ZMYM2;ZNF217	S:ACTA1;ACTB;ACTG1;ACTG2;ADAM19;AMOT;ANGPTL4;ANK3;ARHGAP32;ARID1A;BANP;CADM1;CANX;CBLL1;CDH1;CDH12;CDH24;CDH3;CDH4;CDH5;CSNK2A1;CSNK2B;CTBP2;DAD1;DDOST;EED;EPS15;EZH2;FOXJ2;FYN;GANAB;HDAC1;HDAC2;HEYL;ILF3;KLF9;MAPK1;MDM2;MOV10;MPHOSPH8;MTBP;MYC;MYCN;OSTC;PCSK7;POMT1;POMT2;PRDM8;PSMA1;PSMA3;PSMA4;PSMA5;PSMA6;PSMA7;PSMB1;PSMB2;PSMB3;PSMB4;PSMC5;PSMC6;PSMD1;PSMD11;PSMD12;PSMD14;PSMD2;PSMD3;PSMD6;PSMD7;RB1;RBBP4;RBBP7;RPN1;RPN2;RPS27A;SEC11A;SEC11C;SIRT1;SMARCA4;SNAI1;SOX10;SPCS1;SPCS2;SPCS3;STRAP;STT3A;SUZ12;TCF12;TCF3;TFAP2A;TGIF2;TLE1;TNRC6A;TNRC6B;TNRC6C;TWIST2;UBC;VCL;WT1;ZBTB33;ZEB1;ZMYM2;ZNF217
S:REACTOME_ERK_MAPK_TARGETS	D:22	S:DUSP3;DUSP4;DUSP6;DUSP7;ELK1;MAPK1;MAPK11;MAPK14;MAPK3;MAPK7;MEF2A;MEF2C;PPP2CA;PPP2CB;PPP2R1A;PPP2R1B;PPP2R5D;RPS6KA1;RPS6KA2;RPS6KA3;RPS6KA5;VRK3	S:DUSP3;DUSP4;DUSP7;MAPK11;MAPK14;MAPK3;MAPK7;MEF2A;PPP2CA;PPP2R1A;RPS6KA1;RPS6KA2;VRK3
S:REACTOME_N_GLYCAN_TRIMMING_IN_THE_ER_AND_CALNEXIN_CALRETICULIN_CYCLE	D:34	S:AMFR;CALR;CANX;DERL1;DERL2;EDEM1;EDEM2;EDEM3;ENGASE;GANAB;MAN1B1;MLEC;MOGS;NGLY1;OS9;PDIA3;PRKCSH;PSMC1;RAD23B;RNF103;RNF139;RNF185;RNF5;RPS27A;SEL1L;SYVN1;TRIM13;UBA52;UBB;UBC;UBXN1;UGGT1;UGGT2;VCP	S:CALR;CANX;DERL1;EDEM1;EDEM3;GANAB;MLEC;NGLY1;OS9;PDIA3;RAD23B;RNF103;RNF139;RPS27A;SEL1L;SYVN1;TRIM13;UBC;UGGT1;UGGT2;VCP
S:REACTOME_CELLULAR_RESPONSE_TO_STARVATION	D:149	S:ASNS;ATF2;ATF3;ATF4;ATP6V0B;ATP6V0C;ATP6V0D1;ATP6V0D2;ATP6V0E1;ATP6V0E2;ATP6V1A;ATP6V1B1;ATP6V1B2;ATP6V1C1;ATP6V1C2;ATP6V1D;ATP6V1E1;ATP6V1E2;ATP6V1F;ATP6V1G1;ATP6V1G2;ATP6V1G3;ATP6V1H;CEBPB;CEBPG;DDIT3;DEPDC5;EIF2AK4;EIF2S1;EIF2S2;EIF2S3;FAU;FLCN;FNIP1;FNIP2;IMPACT;ITFG2;KPTN;LAMTOR1;LAMTOR2;LAMTOR3;MIOS;MLST8;MTOR;NPRL2;NPRL3;RHEB;RPL10;RPL10A;RPL10L;RPL11;RPL12;RPL13;RPL13A;RPL14;RPL15;RPL17;RPL18;RPL18A;RPL19;RPL21;RPL22;RPL22L1;RPL23;RPL23A;RPL24;RPL26;RPL26L1;RPL27;RPL27A;RPL28;RPL29;RPL3;RPL30;RPL31;RPL32;RPL34;RPL35;RPL35A;RPL36;RPL36A;RPL36AL;RPL37;RPL37A;RPL38;RPL39;RPL39L;RPL3L;RPL4;RPL41;RPL5;RPL6;RPL7;RPL7A;RPL8;RPL9;RPLP0;RPLP1;RPLP2;RPS10;RPS11;RPS12;RPS13;RPS14;RPS15;RPS15A;RPS16;RPS17;RPS18;RPS19;RPS2;RPS20;RPS21;RPS23;RPS24;RPS25;RPS26;RPS27;RPS27A;RPS27L;RPS28;RPS29;RPS3;RPS3A;RPS4X;RPS4Y1;RPS4Y2;RPS5;RPS6;RPS7;RPS8;RPS9;RPSA;RPTOR;RRAGA;RRAGB;RRAGC;RRAGD;SEC13;SEH1L;SESN1;SESN2;SH3BP4;SLC38A9;TCIRG1;TRIB3;UBA52;WDR24;WDR59	S:ASNS;ATF2;ATF3;ATF4;ATP6V1A;ATP6V1B1;ATP6V1B2;ATP6V1C1;ATP6V1D;ATP6V1E2;ATP6V1F;ATP6V1G1;ATP6V1G3;ATP6V1H;CEBPG;DEPDC5;EIF2AK4;EIF2S1;EIF2S2;FNIP2;IMPACT;ITFG2;LAMTOR3;MIOS;MTOR;NPRL2;RHEB;RPL10;RPL10A;RPL10L;RPL12;RPL13;RPL13A;RPL14;RPL15;RPL18;RPL18A;RPL19;RPL22;RPL23A;RPL26;RPL27;RPL27A;RPL28;RPL29;RPL3;RPL30;RPL32;RPL35;RPL35A;RPL36;RPL36A;RPL36AL;RPL37;RPL37A;RPL38;RPL39L;RPL4;RPL5;RPL6;RPL7A;RPL8;RPLP0;RPLP1;RPLP2;RPS11;RPS13;RPS15;RPS16;RPS18;RPS19;RPS20;RPS21;RPS23;RPS25;RPS26;RPS27A;RPS27L;RPS28;RPS4X;RPS4Y1;RPS4Y2;RPS6;RPS8;RPTOR;RRAGA;RRAGB;RRAGC;SEC13;SEH1L;SESN1;SESN2;SH3BP4;SLC38A9;TCIRG1;TRIB3;WDR59
S:REACTOME_DEGRADATION_OF_AXIN	D:41	S:ADRM1;AXIN1;AXIN2;PSMA1;PSMA2;PSMA3;PSMA4;PSMA5;PSMA6;PSMA7;PSMB1;PSMB2;PSMB3;PSMB4;PSMB5;PSMB6;PSMB7;PSMC1;PSMC2;PSMC3;PSMC4;PSMC5;PSMC6;PSMD1;PSMD11;PSMD12;PSMD13;PSMD14;PSMD2;PSMD3;PSMD6;PSMD7;PSMD8;RNF146;RPS27A;SMURF2;TNKS;TNKS2;UBA52;UBB;UBC	S:AXIN2;PSMA1;PSMA3;PSMA4;PSMA5;PSMA6;PSMA7;PSMB1;PSMB2;PSMB3;PSMB4;PSMC5;PSMC6;PSMD1;PSMD11;PSMD12;PSMD14;PSMD2;PSMD3;PSMD6;PSMD7;RNF146;RPS27A;SMURF2;TNKS;TNKS2;UBC
S:REACTOME_INTERLEUKIN_35_SIGNALLING	D:12	S:CANX;EBI3;IL12A;IL12RB2;IL27RA;IL6ST;JAK1;JAK2;STAT1;STAT3;STAT4;TYK2	S:CANX;EBI3;IL12RB2;IL27RA;IL6ST;JAK1;STAT1;STAT4
S:REACTOME_SEROTONIN_RECEPTORS	D:12	S:HTR1A;HTR1B;HTR1D;HTR1E;HTR1F;HTR2A;HTR2B;HTR2C;HTR4;HTR5A;HTR6;HTR7	S:HTR1B;HTR1E;HTR1F;HTR2A;HTR2C;HTR4;HTR5A
S:REACTOME_TRAFFICKING_AND_PROCESSING_OF_ENDOSOMAL_TLR	D:11	S:CNPY3;CTSB;CTSK;CTSS;HSP90B1;LGMN;TLR3;TLR7;TLR8;TLR9;UNC93B1	S:CNPY3;CTSB;CTSS;TLR8;TLR9;UNC93B1
S:REACTOME_CDC42_GTPASE_CYCLE	D:147	S:ABR;ARAP1;ARAP2;ARAP3;ARFGAP2;ARFGAP3;ARHGAP1;ARHGAP10;ARHGAP17;ARHGAP20;ARHGAP21;ARHGAP22;ARHGAP24;ARHGAP26;ARHGAP27;ARHGAP29;ARHGAP30;ARHGAP31;ARHGAP32;ARHGAP33;ARHGAP39;ARHGAP4;ARHGAP44;ARHGAP5;ARHGAP9;ARHGDIA;ARHGDIB;ARHGDIG;ARHGEF10;ARHGEF11;ARHGEF12;ARHGEF15;ARHGEF16;ARHGEF19;ARHGEF25;ARHGEF26;ARHGEF4;ARHGEF5;ARHGEF6;ARHGEF7;ARHGEF9;BAIAP2;BCR;CAV1;CDC42;CDC42BPA;CDC42BPB;CDC42EP1;CDC42EP2;CDC42EP3;CDC42EP4;CDC42EP5;CDC42SE2;CHN1;CPNE8;DAAM1;DEF6;DEPDC1B;DIAPH3;DLC1;DNMBP;DOCK10;DOCK11;DOCK6;DOCK7;DOCK8;DOCK9;ECT2;FAM13B;FARP1;FGD1;FGD2;FGD3;FGD4;FMNL1;FMNL2;FMNL3;FNBP1;FNBP1L;GIT1;GIT2;GMIP;GNA13;IQGAP1;IQGAP2;IQGAP3;ITSN1;JUP;KCTD3;KTN1;LAMTOR1;LBR;MAP3K11;MCF2;MCF2L;MYO9B;NGEF;OPHN1;PAK1;PAK2;PAK3;PAK4;PAK6;PARD6A;PIK3R1;PIK3R2;PLD1;PLEKHG1;PLEKHG2;PLEKHG3;PLEKHG4;PLEKHG4B;PREX1;PREX2;RAB7A;RACGAP1;RALBP1;RASGRF2;SCRIB;SH3PXD2A;SHKBP1;SNAP23;SPATA13;SRGAP1;SRGAP2;SRGAP3;STARD13;STARD8;STEAP3;STOM;SYDE1;TAGAP;TFRC;TIAM1;TMPO;TRIO;VAMP3;VANGL1;VAV2;VAV3;WAS;WASL;WDR81;WDR91;WIPF1;WIPF2;YKT6	S:ABR;ARAP2;ARAP3;ARFGAP2;ARFGAP3;ARHGAP1;ARHGAP10;ARHGAP17;ARHGAP21;ARHGAP24;ARHGAP29;ARHGAP31;ARHGAP32;ARHGAP33;ARHGAP39;ARHGAP4;ARHGAP5;ARHGAP9;ARHGDIB;ARHGEF10;ARHGEF12;ARHGEF26;ARHGEF4;ARHGEF5;ARHGEF6;ARHGEF7;ARHGEF9;BCR;CAV1;CDC42;CDC42BPA;CDC42EP5;CDC42SE2;CHN1;DAAM1;DEF6;DEPDC1B;DIAPH3;DLC1;DNMBP;DOCK10;DOCK11;DOCK7;DOCK8;DOCK9;FAM13B;FARP1;FGD3;FGD4;FMNL3;FNBP1;FNBP1L;GIT2;GNA13;IQGAP1;IQGAP2;ITSN1;KCTD3;KTN1;LBR;MCF2;MCF2L;MYO9B;NGEF;OPHN1;PAK1;PAK2;PAK3;PAK6;PIK3R1;PLEKHG1;PLEKHG2;PLEKHG3;PLEKHG4;PREX1;RAB7A;RACGAP1;RALBP1;SCRIB;SH3PXD2A;SNAP23;SPATA13;TAGAP;TMPO;TRIO;VANGL1;VAV2;VAV3;WDR81;WDR91;WIPF2
S:REACTOME_NEPHRON_DEVELOPMENT	D:13	S:DLL1;HNF1B;HNF4A;IRX1;IRX2;JAG1;LFNG;LHX1;PAX2;POU3F3;WNT4;WNT9B;WT1	S:HNF1B;HNF4A;IRX2;LFNG;LHX1;PAX2;POU3F3;WNT4
S:REACTOME_THE_PHOTOTRANSDUCTION_CASCADE	D:34	S:CALM1;CAMKMT;CNGA1;CNGB1;FNTA;FNTB;GNAT1;GNB1;GNB5;GNGT1;GRK1;GRK4;GRK7;GUCA1A;GUCA1B;GUCA1C;GUCY2D;GUCY2F;METAP1;METAP2;NMT1;NMT2;PDE6A;PDE6B;PDE6G;PPEF1;PRKCA;PRKCQ;RCVRN;RGS9;RGS9BP;RHO;SAG;SLC24A1	S:CALM1;CAMKMT;CNGB1;FNTA;FNTB;GNAT1;GNB1;GNB5;GRK1;GUCA1B;METAP1;METAP2;NMT1;NMT2;PDE6B;PPEF1;PRKCA;PRKCQ;RCVRN;RGS9;RGS9BP;SAG;SLC24A1
S:REACTOME_PROTEASOME_ASSEMBLY	D:49	S:ADRM1;PAAF1;POMP;PSMA1;PSMA2;PSMA3;PSMA4;PSMA5;PSMA6;PSMA7;PSMA8;PSMB1;PSMB10;PSMB2;PSMB3;PSMB4;PSMB5;PSMB6;PSMB7;PSMB8;PSMB9;PSMC1;PSMC2;PSMC3;PSMC4;PSMC5;PSMC6;PSMD1;PSMD10;PSMD11;PSMD12;PSMD13;PSMD14;PSMD2;PSMD3;PSMD4;PSMD5;PSMD6;PSMD7;PSMD8;PSMD9;PSME1;PSME2;PSME3;PSME4;PSMF1;PSMG1;PSMG2;PSMG3	S:PAAF1;POMP;PSMA1;PSMA3;PSMA4;PSMA5;PSMA6;PSMA7;PSMA8;PSMB1;PSMB10;PSMB2;PSMB3;PSMB4;PSMB9;PSMC5;PSMC6;PSMD1;PSMD10;PSMD11;PSMD12;PSMD14;PSMD2;PSMD3;PSMD5;PSMD6;PSMD7;PSMD9;PSME1;PSME2;PSME3;PSMG1;PSMG2
S:REACTOME_INTERACTION_BETWEEN_L1_AND_ANKYRINS	D:31	S:ACTB;ACTG1;ANK1;ANK2;ANK3;KCNQ2;KCNQ3;L1CAM;NFASC;NRCAM;SCN10A;SCN11A;SCN1A;SCN1B;SCN2A;SCN2B;SCN3A;SCN3B;SCN4A;SCN4B;SCN5A;SCN7A;SCN8A;SCN9A;SPTA1;SPTAN1;SPTB;SPTBN1;SPTBN2;SPTBN4;SPTBN5	S:ANK1;ANK2;KCNQ3;NFASC;SCN10A;SCN11A;SCN1A;SCN1B;SCN2B;SCN3B;SCN4B;SCN5A;SCN7A;SCN8A;SPTA1;SPTAN1;SPTB;SPTBN2
S:REACTOME_TRIGLYCERIDE_METABOLISM	D:35	S:ABHD5;AGMO;CAV1;DGAT1;DGAT2;FABP1;FABP12;FABP2;FABP3;FABP4;FABP5;FABP6;FABP7;GK;GK2;GPAM;GPAT2;GPD2;LIPE;LPIN1;LPIN2;LPIN3;MGLL;MOGAT1;MOGAT3;PLIN1;PLIN3;PNPLA4;PNPLA5;PPP1CA;PPP1CB;PPP1CC;PRKACA;PRKACB;PRKACG	S:AGMO;DGAT1;DGAT2;FABP1;FABP3;FABP4;FABP7;GK;GK2;GPAT2;LPIN3;MOGAT1;PLIN1;PLIN3;PNPLA5;PPP1CB;PRKACA
S:REACTOME_DEGRADATION_OF_CRY_AND_PER_PROTEINS	D:47	S:ADRM1;BTRC;CRY1;CRY2;CUL1;FBXL3;FBXW11;PER1;PER2;PER3;PSMA1;PSMA2;PSMA3;PSMA4;PSMA5;PSMA6;PSMA7;PSMB1;PSMB2;PSMB3;PSMB4;PSMB5;PSMB6;PSMB7;PSMC1;PSMC2;PSMC3;PSMC4;PSMC5;PSMC6;PSMD1;PSMD11;PSMD12;PSMD13;PSMD14;PSMD2;PSMD3;PSMD6;PSMD7;PSMD8;RBX1;RPS27A;SKP1;UBA52;UBB;UBC;UBE2D1	S:BTRC;CRY1;CRY2;CUL1;FBXL3;FBXW11;PER2;PER3;PSMA1;PSMA3;PSMA4;PSMA5;PSMA6;PSMA7;PSMB1;PSMB2;PSMB3;PSMB4;PSMC5;PSMC6;PSMD1;PSMD11;PSMD12;PSMD14;PSMD2;PSMD3;PSMD6;PSMD7;RPS27A;UBC
S:REACTOME_CELLULAR_RESPONSES_TO_MECHANICAL_STIMULI	D:102	S:ABL1;ADCY1;ADCY2;ADCY3;ADCY4;ADCY5;ADCY6;ADCY7;ADCY8;ADCY9;ADM;AKT1;ANXA2;CACNA1H;CACNA2D1;CACNB1;CACNB2;CACNB3;CACNG7;CALCRL;CALM1;CAPN2;CAPNS1;CAPNS2;CDH5;CHUK;CTNNB1;FLT4;FN1;FYN;GJA1;GNA11;GNAQ;GNAS;GNB1;GNB2;GNB3;GNB4;GNB5;GNG10;GNG11;GNG12;GNG13;GNG2;GNG3;GNG4;GNG5;GNG7;GNG8;GNGT1;GNGT2;HSPG2;IKBKB;IKBKE;IKBKG;ITGA5;ITGAV;ITGB1;ITGB3;KDR;MAPKAP1;MLST8;MMP14;MTOR;NFKB1;NFKBIA;NLRP3;NOS3;P2RX7;P2RY2;PANX1;PDE4D;PDPK1;PECAM1;PIK3CA;PIK3CB;PIK3CD;PIK3R2;PKN2;PPP2CA;PPP2R1A;PPP2R1B;PPP2R2A;PRKACA;PRKACB;PRKACG;PRKAR1A;PRKAR1B;PRKAR2A;PRKAR2B;PRR5;PTK2;PTPN1;RAMP2;RELA;RICTOR;SPP1;STAT1;TLN1;TRPV4;VCL;YAP1	S:ADCY2;ADCY6;ADCY8;ADM;AKT1;ANXA2;CACNA1H;CACNA2D1;CACNB2;CACNB3;CACNG7;CAPNS1;CAPNS2;CHUK;CTNNB1;FN1;GJA1;GNA11;GNAQ;GNB2;GNB4;GNG10;GNG11;GNG12;GNG13;GNG4;GNGT1;GNGT2;IKBKE;IKBKG;ITGA5;ITGAV;MLST8;MMP14;NLRP3;NOS3;P2RX7;P2RY2;PDPK1;PIK3CD;PIK3R2;PPP2CA;PPP2R1A;PRKACA;PRKAR1A;PRKAR1B;PRR5;RICTOR;TLN1;TRPV4
S:REACTOME_CALNEXIN_CALRETICULIN_CYCLE	D:25	S:AMFR;CALR;CANX;DERL2;EDEM1;EDEM2;EDEM3;GANAB;MAN1B1;OS9;PDIA3;PRKCSH;RNF103;RNF139;RNF185;RNF5;RPS27A;SEL1L;SYVN1;TRIM13;UBA52;UBB;UBC;UGGT1;UGGT2	S:CALR;CANX;EDEM1;EDEM3;GANAB;OS9;PDIA3;RNF103;RNF139;RPS27A;SEL1L;SYVN1;TRIM13;UBC;UGGT1;UGGT2
S:REACTOME_DEGRADATION_OF_BETA_CATENIN_BY_THE_DESTRUCTION_COMPLEX	D:69	S:ADRM1;APC;AXIN1;AXIN2;BTRC;CSNK1A1;CTBP1;CTBP2;CTNNB1;CUL1;FRAT1;FRAT2;GSK3B;HDAC1;LEF1;MYC;PPP2CA;PPP2CB;PPP2R1A;PPP2R1B;PPP2R5A;PPP2R5B;PPP2R5C;PPP2R5D;PPP2R5E;PSMA1;PSMA2;PSMA3;PSMA4;PSMA5;PSMA6;PSMA7;PSMB1;PSMB2;PSMB3;PSMB4;PSMB5;PSMB6;PSMB7;PSMC1;PSMC2;PSMC3;PSMC4;PSMC5;PSMC6;PSMD1;PSMD11;PSMD12;PSMD13;PSMD14;PSMD2;PSMD3;PSMD6;PSMD7;PSMD8;RBX1;RPS27A;SKP1;TCF7;TCF7L1;TCF7L2;TLE1;TLE2;TLE3;TLE4;UBA52;UBB;UBC;ZRANB1	S:APC;AXIN2;BTRC;CSNK1A1;CTBP2;CUL1;GSK3B;HDAC1;LEF1;MYC;PPP2CB;PPP2R1B;PPP2R5A;PPP2R5C;PPP2R5D;PPP2R5E;PSMA1;PSMA3;PSMA4;PSMA5;PSMA6;PSMA7;PSMB1;PSMB2;PSMB3;PSMB4;PSMC5;PSMC6;PSMD1;PSMD11;PSMD12;PSMD14;PSMD2;PSMD3;PSMD6;PSMD7;RPS27A;TCF7;TLE1;TLE2;TLE4;UBC
S:REACTOME_PIWI_INTERACTING_RNA_PIRNA_BIOGENESIS	D:29	S:ASZ1;DDX4;FKBP6;HENMT1;HSP90AA1;MAEL;MOV10L1;MYBL1;PIWIL1;PIWIL2;PIWIL4;PLD6;POLR2A;POLR2B;POLR2C;POLR2D;POLR2E;POLR2F;POLR2G;POLR2H;POLR2I;POLR2J;POLR2K;POLR2L;TDRD1;TDRD12;TDRD6;TDRD9;TDRKH	S:DDX4;FKBP6;HENMT1;MOV10L1;PIWIL1;PIWIL2;PIWIL4;POLR2A;POLR2C;POLR2D;POLR2E;POLR2F;POLR2H;POLR2I;POLR2J;TDRD1;TDRD6;TDRD9
S:REACTOME_SIGNALING_BY_HIPPO	D:18	S:AMOT;AMOTL1;AMOTL2;CASP3;DVL2;LATS1;LATS2;NPHP4;SAV1;STK3;STK4;TJP1;TJP2;WWC1;WWTR1;YAP1;YWHAB;YWHAE	S:AMOT;AMOTL1;AMOTL2;CASP3;LATS1;LATS2;NPHP4;SAV1;STK3;STK4;TJP2;YAP1;YWHAB
S:REACTOME_FOXO_MEDIATED_TRANSCRIPTION_OF_CELL_CYCLE_GENES	D:17	S:BTG1;CAV1;CCNG2;CDKN1A;CDKN1B;FOXG1;FOXO1;FOXO3;FOXO4;GADD45A;KLF4;MSTN;PCBP4;RBL2;SMAD2;SMAD3;SMAD4	S:BTG1;CAV1;CCNG2;CDKN1B;FOXG1;FOXO1;PCBP4;RBL2;SMAD2;SMAD3;SMAD4
S:REACTOME_SIGNALING_BY_TGF_BETA_RECEPTOR_COMPLEX	D:94	S:ARHGEF18;ATP1B4;BAMBI;CBL;CCNC;CCNK;CCNT1;CCNT2;CDK8;CDK9;CDKN2B;CGN;COL1A2;E2F4;E2F5;EP300;F11R;FBN1;FKBP1A;FURIN;HDAC1;ITGA8;ITGAV;ITGB1;ITGB3;ITGB5;ITGB6;ITGB8;JUNB;LTBP1;LTBP2;LTBP3;LTBP4;MAPK1;MAPK3;MEN1;MTMR4;MYC;NCOR1;NCOR2;NEDD4L;NEDD8;PARD3;PARD6A;PARP1;PMEPA1;PPM1A;PPP1CA;PPP1CB;PPP1CC;PPP1R15A;PRKCZ;RBL1;RHOA;RNF111;RPS27A;SERPINE1;SKI;SKIL;SMAD2;SMAD3;SMAD4;SMAD7;SMURF1;SMURF2;SNW1;SP1;STAT1;STRAP;STUB1;TFDP1;TFDP2;TGFB1;TGFB2;TGFB3;TGFBR1;TGFBR2;TGFBR3;TGIF1;TGIF2;TRIM33;UBA52;UBB;UBC;UBE2D1;UBE2D3;UBE2M;UCHL5;USP15;USP9X;WWTR1;XPO1;YBX1;ZFYVE9	S:ARHGEF18;BAMBI;CBL;CCNK;CCNT1;CCNT2;CDK8;CGN;COL1A2;E2F5;EP300;F11R;HDAC1;ITGA8;ITGB1;ITGB3;ITGB5;ITGB6;ITGB8;LTBP1;LTBP2;MAPK1;MEN1;MTMR4;MYC;NCOR1;NCOR2;PARP1;PMEPA1;PPM1A;PPP1CA;PPP1CC;PRKCZ;RBL1;RHOA;RNF111;RPS27A;SERPINE1;SKI;SMAD2;SMAD3;SMAD4;SMURF2;SNW1;STAT1;STRAP;TFDP2;TGFB2;TGFB3;TGFBR2;TGFBR3;TGIF1;TGIF2;TRIM33;UBC;UBE2D3;UCHL5;USP15;USP9X;XPO1;ZFYVE9
S:REACTOME_NOTCH1_INTRACELLULAR_DOMAIN_REGULATES_TRANSCRIPTION	D:48	S:CCNC;CDK8;CREBBP;CUL1;EP300;FBXW7;HDAC1;HDAC10;HDAC11;HDAC2;HDAC3;HDAC4;HDAC5;HDAC6;HDAC7;HDAC8;HDAC9;HES1;HES5;HEY1;HEY2;HEYL;HIF1A;KAT2A;KAT2B;MAML1;MAML2;MAML3;MAMLD1;MYC;NBEA;NCOR1;NCOR2;NOTCH1;RBPJ;RBX1;RPS27A;SKP1;SNW1;TBL1X;TBL1XR1;TLE1;TLE2;TLE3;TLE4;UBA52;UBB;UBC	S:CDK8;CREBBP;CUL1;EP300;FBXW7;HDAC1;HDAC11;HDAC2;HDAC3;HDAC7;HDAC8;HDAC9;HES5;HEY1;HEY2;HEYL;HIF1A;KAT2A;MAML1;MAML3;MAMLD1;MYC;NBEA;NCOR1;NCOR2;NOTCH1;RPS27A;SNW1;TBL1XR1;TLE1;TLE2;TLE4;UBC
S:REACTOME_RHO_GTPASES_ACTIVATE_NADPH_OXIDASES	D:24	S:CYBA;CYBB;MAPK1;MAPK11;MAPK14;MAPK3;NCF1;NCF2;NCF4;NOX1;NOX3;NOXA1;NOXO1;PIK3C3;PIK3R4;PIN1;PRKCA;PRKCB;PRKCD;PRKCZ;RAC1;RAC2;S100A8;S100A9	S:CYBA;CYBB;MAPK11;MAPK14;MAPK3;NCF4;NOX1;NOX3;NOXA1;NOXO1;PIN1;PRKCD;S100A8;S100A9
S:REACTOME_NUCLEAR_EVENTS_STIMULATED_BY_ALK_SIGNALING_IN_CANCER	D:30	S:BCL2A1;CCNB1;CEBPB;CUL1;DNMT1;FOXM1;GZMB;HDAC1;ICOS;IL10RA;IRF4;JUNB;MAPK1;MAPK3;MECP2;MOV10;NOTCH1;NPM1;PRF1;PTPN6;RB1;RBX1;RPS6;SKP1;STAT3;STAT5A;TNRC6C;TWIST1;ZAP70;ZC3HC1	S:CCNB1;CUL1;DNMT1;FOXM1;GZMB;HDAC1;ICOS;IL10RA;IRF4;MAPK1;MECP2;MOV10;NOTCH1;NPM1;PRF1;RB1;RPS6;TNRC6C;ZAP70;ZC3HC1
S:REACTOME_REGULATION_OF_IFNA_IFNB_SIGNALING	D:21	S:IFNA10;IFNA16;IFNA2;IFNA21;IFNA4;IFNA5;IFNA6;IFNA8;IFNAR1;IFNAR2;IFNB1;JAK1;PTPN1;PTPN11;PTPN6;SOCS1;SOCS3;STAT1;STAT2;TYK2;USP18	S:IFNA10;IFNA16;IFNA2;IFNA4;IFNA6;IFNA8;IFNAR1;PTPN6;SOCS3;STAT2;TYK2
S:REACTOME_SIGNALING_BY_CTNNB1_PHOSPHO_SITE_MUTANTS	D:14	S:APC;AXIN1;CSNK1A1;CTNNB1;GSK3B;PPP2CA;PPP2CB;PPP2R1A;PPP2R1B;PPP2R5A;PPP2R5B;PPP2R5C;PPP2R5D;PPP2R5E	S:APC;CSNK1A1;GSK3B;PPP2CB;PPP2R1B;PPP2R5A;PPP2R5C;PPP2R5D;PPP2R5E
S:REACTOME_ACTIVATION_OF_AMPK_DOWNSTREAM_OF_NMDARS	D:24	S:CALM1;CAMKK2;MAPT;PRKAA1;PRKAA2;PRKAB1;PRKAB2;PRKAG1;PRKAG2;PRKAG3;TUBA1A;TUBA1B;TUBA1C;TUBA3C;TUBA3D;TUBA4A;TUBA8;TUBAL3;TUBB1;TUBB2A;TUBB2B;TUBB3;TUBB6;TUBB8	S:CAMKK2;PRKAA2;PRKAG1;PRKAG3;TUBA1A;TUBA1C;TUBA3D;TUBA8;TUBAL3;TUBB2A;TUBB2B;TUBB3;TUBB6;TUBB8
S:REACTOME_DCC_MEDIATED_ATTRACTIVE_SIGNALING	D:14	S:ABLIM1;ABLIM2;ABLIM3;CDC42;DCC;DOCK1;FYN;NCK1;NTN1;PTK2;RAC1;SRC;TRIO;WASL	S:ABLIM1;ABLIM2;CDC42;FYN;NCK1;NTN1;PTK2;RAC1;TRIO
S:REACTOME_FIBRONECTIN_MATRIX_FORMATION	D:20	S:CEACAM1;CEACAM6;CEACAM8;COL1A1;COL1A2;COL2A1;COL3A1;COL4A1;COL4A2;COL4A3;COL4A4;COL4A5;COL4A6;COL5A1;COL5A2;COL5A3;COL7A1;FN1;ITGA5;ITGB1	S:CEACAM6;CEACAM8;COL1A1;COL2A1;COL3A1;COL4A1;COL4A2;COL4A5;COL4A6;FN1;ITGA5
S:REACTOME_FORMATION_OF_NEURONAL_PROGENITOR_AND_NEURONAL_BAF_NPBAF_AND_NBAF	D:25	S:ACTB;ACTL6A;ACTL6B;ARID1A;ARID1B;BCL11A;BCL11B;BCL7A;BCL7B;BCL7C;DPF1;DPF2;DPF3;PHF10;SMARCA2;SMARCA4;SMARCB1;SMARCC1;SMARCC2;SMARCD1;SMARCD2;SMARCD3;SMARCE1;SS18;SS18L1	S:ACTB;ACTL6A;ARID1A;BCL11A;BCL7A;DPF2;DPF3;PHF10;SMARCA2;SMARCA4;SMARCC1;SMARCC2;SMARCD1;SMARCE1;SS18;SS18L1
S:REACTOME_MITOCHONDRIAL_FATTY_ACID_BETA_OXIDATION_OF_SATURATED_FATTY_ACIDS	D:10	S:ACADL;ACADM;ACADS;ACADVL;ACSM3;ECHS1;HADH;HADHA;HADHB;MECR	S:ACADL;ACADM;ACSM3;HADH;HADHB;MECR
S:REACTOME_SIGNALING_BY_ROBO_RECEPTORS	D:200	S:ABL1;ABL2;ADRM1;AKAP5;ARHGAP39;CAP1;CAP2;CASC3;CDC42;CLASP1;CLASP2;COL4A5;CUL2;CXCL12;CXCR4;DAG1;DCC;EIF4A3;EIF4G1;ENAH;ETF1;EVL;FAU;FLRT3;GPC1;GSPT1;GSPT2;HOXA2;ISL1;LDB1;LHX2;LHX3;LHX4;LHX9;MAGOH;MAGOHB;MSI1;MYO9B;NCBP1;NCBP2;NCK1;NCK2;NELL2;NRP1;NTN1;PABPC1;PAK1;PAK2;PAK3;PAK4;PAK6;PFN1;PFN2;PPP3CB;PRKACA;PRKACB;PRKACG;PRKAR2A;PRKCA;PSMA1;PSMA2;PSMA3;PSMA4;PSMA5;PSMA6;PSMA7;PSMB1;PSMB2;PSMB3;PSMB4;PSMB5;PSMB6;PSMB7;PSMC1;PSMC2;PSMC3;PSMC4;PSMC5;PSMC6;PSMD1;PSMD11;PSMD12;PSMD13;PSMD14;PSMD2;PSMD3;PSMD6;PSMD7;PSMD8;RAC1;RBM8A;RBX1;RHOA;RNPS1;ROBO1;ROBO2;ROBO3;RPL10;RPL10A;RPL10L;RPL11;RPL12;RPL13;RPL13A;RPL14;RPL15;RPL17;RPL18;RPL18A;RPL19;RPL21;RPL22;RPL22L1;RPL23;RPL23A;RPL24;RPL26;RPL26L1;RPL27;RPL27A;RPL28;RPL29;RPL3;RPL30;RPL31;RPL32;RPL34;RPL35;RPL35A;RPL36;RPL36A;RPL36AL;RPL37;RPL37A;RPL38;RPL39;RPL39L;RPL3L;RPL4;RPL41;RPL5;RPL6;RPL7;RPL7A;RPL8;RPL9;RPLP0;RPLP1;RPLP2;RPS10;RPS11;RPS12;RPS13;RPS14;RPS15;RPS15A;RPS16;RPS17;RPS18;RPS19;RPS2;RPS20;RPS21;RPS23;RPS24;RPS25;RPS26;RPS27;RPS27A;RPS27L;RPS28;RPS29;RPS3;RPS3A;RPS4X;RPS4Y1;RPS4Y2;RPS5;RPS6;RPS7;RPS8;RPS9;RPSA;SLIT1;SLIT2;SLIT3;SOS1;SOS2;SRC;SRGAP1;SRGAP2;SRGAP3;UBA52;UBB;UBC;UPF2;UPF3A;UPF3B;USP33;VASP	S:ABL1;ABL2;ARHGAP39;CAP1;CAP2;CASC3;CDC42;CLASP1;CLASP2;CUL2;CXCR4;DAG1;EIF4A3;ETF1;EVL;GPC1;GSPT2;LHX3;MAGOH;MAGOHB;MYO9B;NCBP1;NCBP2;NCK1;NELL2;NRP1;NTN1;PABPC1;PAK1;PAK2;PAK3;PAK6;PPP3CB;PRKACB;PRKACG;PRKAR2A;PRKCA;PSMA1;PSMA3;PSMA4;PSMA5;PSMA6;PSMA7;PSMB1;PSMB2;PSMB3;PSMB4;PSMC5;PSMC6;PSMD1;PSMD11;PSMD12;PSMD14;PSMD2;PSMD3;PSMD6;PSMD7;RAC1;RBM8A;RHOA;RNPS1;RPL10;RPL10A;RPL10L;RPL12;RPL13;RPL13A;RPL14;RPL15;RPL18;RPL18A;RPL19;RPL22;RPL23A;RPL26;RPL27;RPL27A;RPL28;RPL29;RPL3;RPL30;RPL32;RPL35;RPL35A;RPL36;RPL36A;RPL36AL;RPL37;RPL37A;RPL38;RPL39L;RPL4;RPL5;RPL6;RPL7A;RPL8;RPLP0;RPLP1;RPLP2;RPS11;RPS13;RPS15;RPS16;RPS18;RPS19;RPS20;RPS21;RPS23;RPS25;RPS26;RPS27A;RPS27L;RPS28;RPS4X;RPS4Y1;RPS4Y2;RPS6;RPS8;SOS1;SOS2;UBC;UPF3A;UPF3B;USP33;VASP
S:REACTOME_SYNTHESIS_SECRETION_AND_DEACYLATION_OF_GHRELIN	D:19	S:ACHE;BCHE;CRHR2;GCG;GH1;GHRL;IGF1;INS;KLF4;LEP;MBOAT4;PCSK1;PLA2G7;SEC11A;SEC11C;SPCS1;SPCS2;SPCS3;UCN	S:ACHE;CRHR2;GH1;GHRL;INS;KLF4;LEP;MBOAT4;PCSK1;UCN
S:REACTOME_ACTIVATION_OF_PPARGC1A_PGC_1ALPHA_BY_PHOSPHORYLATION	D:10	S:MAPK11;MAPK12;MAPK14;PPARGC1A;PRKAA2;PRKAB1;PRKAB2;PRKAG1;PRKAG2;PRKAG3	S:MAPK11;MAPK12;MAPK14;PRKAA2;PRKAG1;PRKAG3
S:REACTOME_AMPK_INDUCED_ERAD_AND_LYSOSOME_MEDIATED_DEGRADATION_OF_PD_L1_CD274	D:54	S:ADRM1;CD274;DERL1;DERL2;DERL3;ERLEC1;ERLIN1;ERLIN2;OS9;PRKAA1;PRKAA2;PRKAB1;PRKAB2;PRKAG1;PRKAG2;PRKAG3;PSMA1;PSMA2;PSMA3;PSMA4;PSMA5;PSMA6;PSMA7;PSMB1;PSMB2;PSMB3;PSMB4;PSMB5;PSMB6;PSMB7;PSMC1;PSMC2;PSMC3;PSMC4;PSMC5;PSMC6;PSMD1;PSMD11;PSMD12;PSMD13;PSMD14;PSMD2;PSMD3;PSMD6;PSMD7;PSMD8;RNF185;RNF5;RPS27A;SEL1L;UBA52;UBB;UBC;VCP	S:DERL1;DERL3;ERLEC1;ERLIN1;ERLIN2;OS9;PRKAA1;PRKAB1;PRKAB2;PRKAG2;PSMA1;PSMA3;PSMA4;PSMA5;PSMA6;PSMA7;PSMB1;PSMB2;PSMB3;PSMB4;PSMC5;PSMC6;PSMD1;PSMD11;PSMD12;PSMD14;PSMD2;PSMD3;PSMD6;PSMD7;RPS27A;SEL1L;UBC;VCP
S:REACTOME_G_PROTEIN_BETA_GAMMA_SIGNALLING	D:32	S:AKT1;AKT2;AKT3;ARHGEF6;BTK;CDC42;GNB1;GNB2;GNB3;GNB4;GNB5;GNG10;GNG11;GNG12;GNG13;GNG2;GNG3;GNG4;GNG5;GNG7;GNG8;GNGT1;GNGT2;PAK1;PDPK1;PIK3CG;PIK3R5;PIK3R6;PLCB1;PLCB2;PLCB3;RHOA	S:AKT1;BTK;GNB2;GNB4;GNG10;GNG11;GNG12;GNG13;GNG4;GNGT1;GNGT2;PDPK1;PIK3R6;PLCB2;PLCB3
S:REACTOME_SELENOAMINO_ACID_METABOLISM	D:109	S:AHCY;AIMP1;AIMP2;CBS;CTH;EEF1E1;EEFSEC;FAU;GNMT;GSR;HNMT;INMT;MAT1A;NNMT;PAPSS1;PAPSS2;PSTK;RPL10;RPL10A;RPL10L;RPL11;RPL12;RPL13;RPL13A;RPL14;RPL15;RPL17;RPL18;RPL18A;RPL19;RPL21;RPL22;RPL22L1;RPL23;RPL23A;RPL24;RPL26;RPL26L1;RPL27;RPL27A;RPL28;RPL29;RPL3;RPL30;RPL31;RPL32;RPL34;RPL35;RPL35A;RPL36;RPL36A;RPL36AL;RPL37;RPL37A;RPL38;RPL39;RPL39L;RPL3L;RPL4;RPL41;RPL5;RPL6;RPL7;RPL7A;RPL8;RPL9;RPLP0;RPLP1;RPLP2;RPS10;RPS11;RPS12;RPS13;RPS14;RPS15;RPS15A;RPS16;RPS17;RPS18;RPS19;RPS2;RPS20;RPS21;RPS23;RPS24;RPS25;RPS26;RPS27;RPS27A;RPS27L;RPS28;RPS29;RPS3;RPS3A;RPS4X;RPS4Y1;RPS4Y2;RPS5;RPS6;RPS7;RPS8;RPS9;RPSA;SCLY;SECISBP2;SEPHS2;SEPSECS;TXNRD1;UBA52	S:AHCY;AIMP1;AIMP2;CTH;EEF1E1;GSR;INMT;MAT1A;NNMT;PAPSS2;PSTK;RPL10;RPL10A;RPL10L;RPL12;RPL13;RPL13A;RPL14;RPL15;RPL18;RPL18A;RPL19;RPL22;RPL23A;RPL26;RPL27;RPL27A;RPL28;RPL29;RPL3;RPL30;RPL32;RPL35;RPL35A;RPL36;RPL36A;RPL36AL;RPL37;RPL37A;RPL38;RPL39L;RPL4;RPL5;RPL6;RPL7A;RPL8;RPLP0;RPLP1;RPLP2;RPS11;RPS13;RPS15;RPS16;RPS18;RPS19;RPS20;RPS21;RPS23;RPS25;RPS26;RPS27A;RPS27L;RPS28;RPS4X;RPS4Y1;RPS4Y2;RPS6;RPS8;SCLY;SECISBP2;SEPSECS
S:REACTOME_METABOLISM_OF_ANGIOTENSINOGEN_TO_ANGIOTENSINS	D:17	S:ACE;ACE2;AGT;ANPEP;ATP6AP2;CES1;CMA1;CPA3;CPB1;CPB2;CTSD;CTSG;CTSZ;ENPEP;GZMH;MME;REN	S:AGT;ANPEP;CES1;CMA1;CPB1;CTSD;CTSG;CTSZ;ENPEP;MME;REN
S:REACTOME_CYTOCHROME_C_MEDIATED_APOPTOTIC_RESPONSE	D:13	S:APAF1;APIP;AVEN;CARD8;CASP3;CASP7;CASP9;CYCS;DIABLO;MAPK1;MAPK3;UACA;XIAP	S:AVEN;CARD8;CASP3;CASP7;CASP9;CYCS;DIABLO;MAPK1;UACA;XIAP
S:REACTOME_GLUCAGON_SIGNALING_IN_METABOLIC_REGULATION	D:33	S:ADCY1;ADCY2;ADCY3;ADCY4;ADCY5;ADCY6;ADCY7;ADCY8;ADCY9;GCG;GCGR;GNAS;GNB1;GNB2;GNB3;GNB4;GNG10;GNG11;GNG12;GNG13;GNG2;GNG3;GNG4;GNG5;GNG7;GNG8;PRKACA;PRKACB;PRKACG;PRKAR1A;PRKAR1B;PRKAR2A;PRKAR2B	S:ADCY2;ADCY6;ADCY8;GCGR;GNB2;GNB4;GNG10;GNG11;GNG12;GNG13;GNG4;PRKACA;PRKAR1A;PRKAR1B
S:REACTOME_ASSEMBLY_AND_CELL_SURFACE_PRESENTATION_OF_NMDA_RECEPTORS	D:39	S:ACTN2;APBA1;CAMK2A;CAMK2B;CAMK2D;CAMK2G;CASK;DLG1;DLG2;DLG3;DLG4;GRIN1;GRIN2A;GRIN2B;GRIN2C;GRIN2D;GRIN3A;GRIN3B;KIF17;LIN7A;LIN7B;LIN7C;LRRC7;NBEA;NEFL;TUBA1A;TUBA1B;TUBA1C;TUBA3C;TUBA3D;TUBA4A;TUBA8;TUBAL3;TUBB1;TUBB2A;TUBB2B;TUBB3;TUBB6;TUBB8	S:ACTN2;DLG2;DLG4;GRIN1;GRIN2A;GRIN3A;KIF17;LIN7A;LIN7B;LIN7C;LRRC7;TUBA1A;TUBA1C;TUBA3D;TUBA8;TUBAL3;TUBB2A;TUBB2B;TUBB3;TUBB6;TUBB8
S:REACTOME_REGULATION_OF_RAS_BY_GAPS	D:53	S:ADRM1;CUL3;DAB2IP;HRAS;KBTBD7;KRAS;NF1;NRAS;PSMA1;PSMA2;PSMA3;PSMA4;PSMA5;PSMA6;PSMA7;PSMB1;PSMB2;PSMB3;PSMB4;PSMB5;PSMB6;PSMB7;PSMC1;PSMC2;PSMC3;PSMC4;PSMC5;PSMC6;PSMD1;PSMD11;PSMD12;PSMD13;PSMD14;PSMD2;PSMD3;PSMD6;PSMD7;PSMD8;RASA1;RASA2;RASA3;RASA4;RASAL1;RASAL2;RASAL3;RBX1;RPS27A;SPRED1;SPRED2;SYNGAP1;UBA52;UBB;UBC	S:CUL3;DAB2IP;KBTBD7;KRAS;NF1;PSMA1;PSMA3;PSMA4;PSMA5;PSMA6;PSMA7;PSMB1;PSMB2;PSMB3;PSMB4;PSMC5;PSMC6;PSMD1;PSMD11;PSMD12;PSMD14;PSMD2;PSMD3;PSMD6;PSMD7;RASA1;RASA2;RASA3;RASAL2;RASAL3;RPS27A;SPRED1;SYNGAP1;UBC
S:REACTOME_SHC1_EVENTS_IN_ERBB4_SIGNALING	D:14	S:BTC;ERBB4;EREG;GRB2;HBEGF;HRAS;KRAS;NRAS;NRG1;NRG2;NRG3;NRG4;SHC1;SOS1	S:BTC;EREG;HRAS;NRAS;NRG1;NRG2;NRG4
S:REACTOME_KERATAN_SULFATE_KERATIN_METABOLISM	D:36	S:ACAN;B3GNT2;B3GNT3;B3GNT4;B3GNT7;B4GALT1;B4GALT2;B4GALT3;B4GALT4;B4GALT5;B4GALT6;CHST1;CHST2;CHST3;CHST5;CHST6;FMOD;GALNS;GLB1;GLB1L;GLB1L2;GLB1L3;GNS;HEXA;HEXB;KERA;LUM;OGN;OMD;PRELP;SLC35D2;ST3GAL1;ST3GAL2;ST3GAL3;ST3GAL4;ST3GAL6	S:B3GNT7;B4GALT2;B4GALT3;B4GALT5;CHST2;CHST5;FMOD;GALNS;GLB1;GLB1L;GNS;LUM;OGN;ST3GAL1;ST3GAL2;ST3GAL3;ST3GAL4
S:REACTOME_AMYLOID_FIBER_FORMATION	D:51	S:ADAM10;APCS;APH1A;APH1B;APOA1;APOA4;APOE;APP;B2M;BACE1;CALB1;CALCA;CST3;FGA;FURIN;GGA1;GGA2;GGA3;GSN;HSPG2;IAPP;INS;ITM2B;LTF;LYZ;MFGE8;NAT8;NCSTN;NPPA;ODAM;PRL;PSENEN;RPS27A;SAA1;SEMG1;SIAH1;SIAH2;SNCA;SNCAIP;SORL1;TGFBI;TSPAN14;TSPAN15;TSPAN33;TSPAN5;TTR;UBA52;UBB;UBC;UBE2L6;USP9X	S:APCS;APOA1;APOA4;APOE;CALB1;CST3;FGA;FURIN;GSN;IAPP;INS;LTF;NAT8;NPPA;ODAM;PSENEN;SAA1;SIAH2;SNCA;TSPAN14;TSPAN33;TSPAN5;TTR;UBA52;UBB;UBE2L6
S:REACTOME_ERBB2_ACTIVATES_PTK6_SIGNALING	D:13	S:BTC;EGF;EGFR;ERBB2;ERBB3;ERBB4;EREG;HBEGF;NRG1;NRG2;NRG3;NRG4;PTK6	S:BTC;ERBB3;EREG;NRG1;NRG2;NRG4;PTK6
S:REACTOME_ERKS_ARE_INACTIVATED	D:13	S:DUSP3;DUSP4;DUSP6;DUSP7;MAPK1;MAPK3;MAPK7;PPP2CA;PPP2CB;PPP2R1A;PPP2R1B;PPP2R5D;VRK3	S:DUSP3;DUSP4;DUSP7;MAPK3;MAPK7;PPP2CA;PPP2R1A;VRK3
S:REACTOME_INTERLEUKIN_6_FAMILY_SIGNALING	D:24	S:CBL;CLCF1;CNTF;CNTFR;CRLF1;CTF1;IL11;IL11RA;IL31;IL31RA;IL6;IL6R;IL6ST;JAK1;JAK2;LIF;LIFR;OSM;OSMR;PTPN11;SOCS3;STAT1;STAT3;TYK2	S:CLCF1;CNTFR;CRLF1;CTF1;IL11;IL31;IL31RA;JAK2;LIF;OSM;SOCS3;STAT3;TYK2
S:REACTOME_PD_L1_CD274_GLYCOSYLATION_AND_TRANSLOCATION_TO_PLASMA_MEMBRANE	D:20	S:B3GNT3;CD274;DAD1;DDOST;JAK1;MAGT1;MIB2;OST4;OSTC;PDCD1;PDCD1LG2;RPN1;RPN2;RPS27A;STT3A;STT3B;TUSC3;UBA52;UBB;UBC	S:B3GNT3;DAD1;DDOST;JAK1;MAGT1;OSTC;PDCD1;RPN1;RPN2;RPS27A;STT3A;STT3B;TUSC3;UBC
S:REACTOME_PROLACTIN_RECEPTOR_SIGNALING	D:15	S:BTRC;CSH1;CUL1;GH1;GH2;GHR;JAK2;PRL;PRLR;PTPN11;RBX1;SH2B1;SKP1;STAT5A;STAT5B	S:GH1;GH2;GHR;JAK2;PRLR;RBX1;SKP1;STAT5A;STAT5B
S:REACTOME_SARS_COV_2_INFECTION	D:284	S:AAAS;ACE2;AGRN;AKT1;AKT2;AKT3;ANO1;ANO10;ANO2;ANO3;ANO4;ANO5;ANO6;ANO7;ANO8;ANO9;ATG14;B2M;BECN1;CANX;CAV1;CHMP2A;CHMP2B;CHMP4A;CHMP4B;CHMP4C;CHMP6;CHMP7;CHUK;CNBP;CRB3;CREBBP;CSNK1A1;DAD1;DDOST;DDX20;DDX5;EDEM2;FAU;FURIN;FUT8;G3BP1;G3BP2;GALNT1;GANAB;GEMIN4;GEMIN5;GEMIN6;GEMIN7;GEMIN8;GJA1;GOLGA7;GPC1;GPC2;GPC3;GPC4;GPC5;GPC6;GSK3A;GSK3B;HAVCR1;HLA-A;HLA-B;HLA-C;HLA-E;HLA-F;HLA-G;HSP90AA1;HSP90AB1;HSPG2;IFIH1;IFNA10;IFNA16;IFNA2;IFNA21;IFNA4;IFNA5;IFNA6;IFNA8;IFNAR1;IFNAR2;IFNB1;IKBKB;IKBKE;IKBKG;IL17A;IL17F;IL17RA;IL17RC;IRAK1;IRAK2;IRF3;IRF7;ISCU;ISG15;JAK1;KPNA2;LARP1;MAGT1;MAN1B1;MAN2A1;MAP1LC3B;MAP3K7;MASP1;MASP2;MAVS;MBL2;MGAT1;MGAT2;MGAT4A;MGAT4B;MGAT4C;MGAT5;MOGS;NLRP12;NLRP3;NOD1;NOD2;NRP1;NUP107;NUP133;NUP153;NUP155;NUP160;NUP188;NUP205;NUP210;NUP214;NUP35;NUP37;NUP43;NUP50;NUP54;NUP62;NUP85;NUP88;NUP93;NUP98;OST4;OSTC;PARP10;PARP14;PARP16;PARP4;PARP6;PARP8;PARP9;PDPK1;PIK3C3;PIK3R4;POM121;PRKCSH;PRMT1;PTPN11;PTPN6;RAE1;RANBP2;RB1;RIPK2;RNF135;RPN1;RPN2;RPS10;RPS11;RPS12;RPS13;RPS14;RPS15;RPS15A;RPS16;RPS17;RPS18;RPS19;RPS2;RPS20;RPS21;RPS23;RPS24;RPS25;RPS26;RPS27;RPS27A;RPS27L;RPS28;RPS29;RPS3;RPS3A;RPS4X;RPS4Y1;RPS4Y2;RPS5;RPS6;RPS7;RPS8;RPS9;RPSA;SAR1B;SDC1;SDC2;SDC3;SDC4;SEC13;SEC23A;SEC24A;SEC24B;SEC24C;SEC24D;SEH1L;SFN;SFTPD;SIKE1;SMN1;SMN2;SNRPB;SNRPD1;SNRPD2;SNRPD3;SNRPE;SNRPF;SNRPG;SRPK1;SRPK2;ST3GAL1;ST3GAL2;ST3GAL3;ST3GAL4;ST6GAL1;ST6GALNAC2;ST6GALNAC3;ST6GALNAC4;STAT1;STAT2;STT3A;STT3B;SUMO1;TAB1;TAB2;TAB3;TBK1;TJP1;TLR1;TLR2;TLR7;TLR8;TMPRSS2;TPR;TRAF3;TRAF6;TRIM25;TRIM4;TUFM;TUSC3;TYK2;UBA52;UBB;UBC;UBE2I;UBE2N;UBE2V1;UVRAG;VCP;VHL;VPS11;VPS16;VPS18;VPS33A;VPS33B;VPS39;VPS41;VPS45;YWHAB;YWHAE;YWHAG;YWHAH;YWHAQ;YWHAZ;ZCRB1;ZDHHC11;ZDHHC2;ZDHHC20;ZDHHC3;ZDHHC5;ZDHHC8;ZDHHC9	S:ACE2;AKT2;AKT3;ANO2;ANO5;ANO6;ATG14;B2M;CANX;CAV1;CHMP2A;CHMP2B;CHMP4A;CNBP;CRB3;CREBBP;CSNK1A1;DAD1;DDOST;DDX20;DDX5;FUT8;G3BP1;G3BP2;GALNT1;GANAB;GEMIN4;GEMIN5;GEMIN8;GOLGA7;GPC1;GPC2;GPC3;GSK3A;GSK3B;HAVCR1;HLA-A;HLA-B;HLA-C;HLA-E;HLA-G;HSP90AA1;HSP90AB1;HSPG2;IFIH1;IFNA21;IFNA5;IFNAR2;IFNB1;IKBKB;IL17A;ISCU;JAK1;KPNA2;LARP1;MAGT1;MAN2A1;MAP3K7;MBL2;MGAT1;MGAT2;MGAT4A;MGAT5;NOD1;NOD2;NRP1;NUP107;NUP133;NUP153;NUP155;NUP160;NUP188;NUP205;NUP210;NUP35;NUP37;NUP43;NUP50;NUP54;NUP62;NUP85;NUP88;NUP93;NUP98;OSTC;PARP14;PARP16;PARP8;PIK3C3;PIK3R4;POM121;PRMT1;PTPN11;RAE1;RANBP2;RB1;RPN1;RPN2;RPS11;RPS13;RPS15;RPS16;RPS18;RPS19;RPS20;RPS21;RPS23;RPS25;RPS26;RPS27A;RPS27L;RPS28;RPS4X;RPS4Y1;RPS4Y2;RPS6;RPS8;SAR1B;SDC2;SDC3;SDC4;SEC13;SEC23A;SEC24A;SEC24B;SEC24C;SEC24D;SEH1L;SIKE1;SMN1;SMN2;SNRPD1;SNRPD2;SNRPD3;SNRPF;SRPK1;SRPK2;ST6GAL1;ST6GALNAC2;ST6GALNAC3;STAT1;STT3A;STT3B;TAB2;TAB3;TBK1;TLR1;TLR2;TLR7;TPR;TRAF3;TRAF6;TRIM4;TUFM;TUSC3;UBC;UBE2I;UBE2N;UVRAG;VCP;VHL;VPS11;VPS33A;VPS41;VPS45;YWHAB;YWHAG;YWHAH;YWHAQ;YWHAZ;ZCRB1;ZDHHC11;ZDHHC20
S:REACTOME_SIGNALING_BY_ACTIVATED_POINT_MUTANTS_OF_FGFR1	D:11	S:FGF1;FGF17;FGF2;FGF20;FGF23;FGF4;FGF5;FGF6;FGF8;FGF9;FGFR1	S:FGF1;FGF17;FGF20;FGF23;FGF4;FGF5;FGF6;FGF8;FGF9
S:REACTOME_CONSTITUTIVE_SIGNALING_BY_LIGAND_RESPONSIVE_EGFR_CANCER_VARIANTS	D:19	S:CBL;CDC37;EGF;EGFR;GAB1;GRB2;HRAS;HSP90AA1;KRAS;NRAS;PIK3CA;PIK3R1;PLCG1;RPS27A;SHC1;SOS1;UBA52;UBB;UBC	S:CBL;EGF;EGFR;GRB2;HSP90AA1;KRAS;PIK3CA;PIK3R1;PLCG1;RPS27A;SHC1;SOS1;UBC
S:REACTOME_GERM_LAYER_FORMATION_AT_GASTRULATION	D:15	S:BMP4;CTNNB1;EOMES;FOXH1;GSC;LEF1;MIXL1;NANOG;POU5F1;SMAD2;SMAD3;SMAD4;SOX2;TCF7;TRIM33	S:EOMES;GSC;LEF1;SMAD2;SMAD3;SMAD4;TCF7;TRIM33
S:REACTOME_PLASMA_LIPOPROTEIN_ASSEMBLY_REMODELING_AND_CLEARANCE	D:74	S:A2M;ABCA1;ABCG1;ALB;AMN;ANGPTL3;ANGPTL4;AP2A1;AP2A2;AP2B1;AP2M1;AP2S1;APOA1;APOA2;APOA4;APOA5;APOB;APOBR;APOC1;APOC2;APOC3;APOC4;APOE;APOF;BMP1;CES3;CETP;CIDEC;CLTA;CLTC;CREB3L3;CUBN;FGF21;FURIN;GPIHBP1;HDLBP;LCAT;LDLR;LDLRAP1;LIPA;LIPC;LIPG;LMF1;LMF2;LPA;LPL;LSR;MBTPS1;MBTPS2;MTTP;MYLIP;NCEH1;NPC1;NPC2;NR1H2;NR1H3;P4HB;PCSK5;PCSK6;PCSK9;PLTP;PRKACA;PRKACB;PRKACG;RPS27A;SAR1B;SCARB1;SOAT1;SOAT2;UBA52;UBB;UBC;VLDLR;ZDHHC8	S:AMN;ANGPTL3;AP2A1;AP2A2;AP2B1;AP2M1;AP2S1;APOA1;APOA2;APOA4;APOC1;APOE;APOF;CETP;CIDEC;FURIN;GPIHBP1;HDLBP;LCAT;LDLR;LIPC;LIPG;LMF1;LMF2;LSR;NPC1;NR1H2;PCSK6;PCSK9;PLTP;PRKACA;SCARB1;UBA52;UBB;VLDLR;ZDHHC8
S:REACTOME_REGULATION_OF_MITF_M_DEPENDENT_GENES_INVOLVED_IN_CELL_CYCLE_AND_PROLIFERATION	D:18	S:CCNB1;CCND1;CDC25B;CDK2;CDKN1A;CDKN2A;CTNNB1;HDAC1;HINT1;LEF1;MET;MITF;PLK1;SIN3A;TBX2;TCF7;TCF7L1;TCF7L2	S:CCNB1;CCND1;CDC25B;CDKN2A;HDAC1;LEF1;MET;MITF;PLK1;SIN3A;TCF7
S:REACTOME_DIGESTION_AND_ABSORPTION	D:23	S:ALPI;AMY1C;CEL;CHIA;CHIT1;CLPS;GUCA2A;GUCA2B;GUCY2C;LCT;LIPF;MGAM;NPC1L1;PIR;PNLIP;PNLIPRP1;PNLIPRP2;RSC1A1;SI;SLC2A2;SLC2A5;SLC5A1;TREH	S:CHIT1;CLPS;GUCA2B;LIPF;MGAM;NPC1L1;PNLIP;PNLIPRP1;RSC1A1;SI;SLC2A2;SLC2A5;SLC5A1
S:REACTOME_KERATAN_SULFATE_DEGRADATION	D:15	S:ACAN;FMOD;GALNS;GLB1;GLB1L;GLB1L2;GLB1L3;GNS;HEXA;HEXB;KERA;LUM;OGN;OMD;PRELP	S:FMOD;GALNS;GLB1;GLB1L;GNS;LUM;OGN
S:REACTOME_NEGATIVE_REGULATION_OF_MET_ACTIVITY	D:21	S:CBL;EPS15;GRB2;HGF;HGS;LRIG1;MET;PTPN1;PTPN2;PTPRJ;RPS27A;SH3GL1;SH3GL2;SH3GL3;SH3KBP1;STAM;STAM2;UBA52;UBB;UBC;USP8	S:CBL;EPS15;GRB2;HGF;HGS;LRIG1;MET;PTPN1;PTPN2;RPS27A;SH3GL3;SH3KBP1;STAM;STAM2;UBC;USP8
S:REACTOME_SENSORY_PROCESSING_OF_SOUND	D:70	S:ACTB;ACTG1;ATP2B1;ATP2B2;BSN;CABP1;CABP2;CACNA1D;CACNA2D2;CACNB2;CAPZA1;CAPZA2;CAPZB;CASK;CDH23;CHRNA10;CHRNA9;CIB2;CLIC5;CTBP2;DNAJC5;EPB41L1;EPB41L3;EPS8;EPS8L2;ESPN;ESPNL;EZR;FSCN2;GRXCR1;GSN;KCNMA1;KCNMB1;KCNN2;KCNQ4;LHFPL5;MPP1;MSN;MYH9;MYO15A;MYO1C;MYO3A;MYO3B;MYO7A;OTOF;OTOGL;PCDH15;PCLO;PLS1;RAB3A;RDX;SLC17A8;SNAP25;SPTAN1;SPTBN1;STRC;STX1A;SYN1;SYP;TMC1;TMC2;TMIE;TPRN;TRIOBP;TWF1;TWF2;USH1C;USH1G;VAMP2;XIRP2	S:ATP2B2;CACNB2;CAPZA1;CAPZA2;CAPZB;CDH23;CHRNA10;CHRNA9;CIB2;DNAJC5;EPS8;ESPN;FSCN2;GSN;KCNN2;KCNQ4;LHFPL5;MPP1;MYO3B;MYO7A;OTOF;OTOGL;PCDH15;PCLO;RAB3A;SLC17A8;SNAP25;SPTAN1;TMC1;TMC2;TPRN;TRIOBP;TWF2;VAMP2;XIRP2
S:REACTOME_TRANSCRIPTIONAL_ACTIVITY_OF_SMAD2_SMAD3_SMAD4_HETEROTRIMER	D:51	S:ATP1B4;CCNC;CCNK;CCNT1;CCNT2;CDK8;CDK9;CDKN2B;COL1A2;E2F4;E2F5;EP300;FURIN;HDAC1;JUNB;MAPK1;MAPK3;MEN1;MYC;NCOR1;NCOR2;NEDD4L;PARP1;PPM1A;RBL1;RNF111;RPS27A;SERPINE1;SKI;SKIL;SMAD2;SMAD3;SMAD4;SMAD7;SMURF2;SNW1;SP1;STAT1;TFDP1;TFDP2;TGIF1;TGIF2;TRIM33;UBA52;UBB;UBC;UBE2D1;UBE2D3;USP9X;WWTR1;YBX1	S:CCNK;CCNT1;CCNT2;CDK8;COL1A2;E2F5;EP300;HDAC1;MAPK1;MEN1;MYC;NCOR1;NCOR2;PARP1;PPM1A;RBL1;RNF111;RPS27A;SERPINE1;SKI;SMAD2;SMAD3;SMAD4;SMURF2;SNW1;STAT1;TFDP2;TGIF1;TGIF2;TRIM33;UBC;UBE2D3;USP9X
S:REACTOME_LOSS_OF_FUNCTION_OF_MECP2_IN_RETT_SYNDROME	D:13	S:BDNF;CALM1;CAMK4;GPS2;HDAC1;HDAC3;MECP2;NCOR1;NCOR2;PRKACA;SIN3A;TBL1X;TBL1XR1	S:CALM1;CAMK4;HDAC1;HDAC3;MECP2;NCOR1;NCOR2;SIN3A;TBL1XR1
S:REACTOME_PHASE_II_CONJUGATION_OF_COMPOUNDS	D:90	S:ABHD10;ABHD14B;ACSM1;ACSM2A;ACSM2B;ACSM5;AHCY;AKR1A1;AS3MT;BPNT1;CHAC1;CHAC2;CNDP2;COMT;CYP1A2;ESD;GCLC;GCLM;GGCT;GGT1;GGT5;GGT6;GGT7;GLYAT;GLYATL1;GLYATL2;GSS;GSTA1;GSTA2;GSTA3;GSTA4;GSTA5;GSTK1;GSTM1;GSTM2;GSTM3;GSTM4;GSTM5;GSTO1;GSTO2;GSTP1;GSTT1;GSTT2;GSTZ1;HPGDS;MAT1A;MAT2A;MAT2B;MGST1;MGST2;MGST3;MTR;MTRR;NAT1;NAT2;NNMT;OPLAH;PODXL2;SLC35D1;SLC35D2;SULT1A1;SULT1A2;SULT1A4;SULT1B1;SULT1C2;SULT1C4;SULT1E1;SULT2A1;SULT2B1;SULT4A1;TPMT;TPST1;TPST2;TRMT112;UGDH;UGP2;UGT1A6;UGT1A8;UGT2A1;UGT2A3;UGT2B10;UGT2B11;UGT2B15;UGT2B17;UGT2B28;UGT2B4;UGT2B7;UGT3A1;UGT3A2;UXS1	S:ABHD14B;ACSM2A;ACSM5;AKR1A1;BPNT1;CHAC1;CNDP2;COMT;CYP1A2;GCLC;GGT1;GGT5;GSS;GSTA1;GSTA2;GSTA5;GSTK1;GSTM1;GSTM2;GSTM4;GSTM5;GSTO1;GSTZ1;MGST1;MGST3;OPLAH;PODXL2;SULT1A1;SULT1B1;SULT1C2;SULT1C4;SULT2A1;SULT2B1;SULT4A1;TPST2;UGT1A6;UGT1A8;UGT2A1;UGT2B11;UGT2B4;UGT2B7;UGT3A1;UGT3A2
S:REACTOME_G_ALPHA_I_SIGNALLING_EVENTS	D:296	S:ADCY1;ADCY2;ADCY3;ADCY4;ADCY5;ADCY6;ADCY7;ADCY8;ADCY9;ADORA1;ADORA3;ADRA2A;ADRA2B;ADRA2C;AGT;AGTR2;AHCYL1;ANXA1;APLN;APLNR;APP;BDKRB1;BDKRB2;C3;C3AR1;C5;C5AR1;CALM1;CAMK2A;CAMK2B;CAMK2D;CAMK2G;CAMK4;CAMKK1;CAMKK2;CASR;CCL1;CCL13;CCL16;CCL19;CCL20;CCL21;CCL23;CCL25;CCL27;CCL28;CCL4;CCL5;CCR1;CCR10;CCR2;CCR3;CCR4;CCR5;CCR6;CCR7;CCR8;CCR9;CDK5;CHRM2;CHRM4;CNR1;CNR2;CORT;CREB1;CX3CL1;CX3CR1;CXCL1;CXCL10;CXCL11;CXCL12;CXCL13;CXCL16;CXCL2;CXCL3;CXCL5;CXCL6;CXCL9;CXCR1;CXCR2;CXCR3;CXCR4;CXCR5;CXCR6;DRD3;DRD4;FPR1;FPR2;FPR3;GABBR1;GABBR2;GAL;GALR1;GALR2;GALR3;GNA11;GNA14;GNA15;GNAI1;GNAI2;GNAI3;GNAL;GNAQ;GNAS;GNAT1;GNAZ;GNB1;GNB2;GNB3;GNB4;GNB5;GNG10;GNG11;GNG12;GNG13;GNG2;GNG3;GNG4;GNG5;GNG7;GNG8;GNGT1;GNGT2;GPR17;GPR18;GPR183;GPR31;GPR37;GPR37L1;GPR55;GPSM1;GPSM2;GPSM3;GRM2;GRM3;GRM4;GRM7;GRM8;HEBP1;HRH4;HTR1B;HTR1D;HTR1E;HTR1F;HTR5A;INSL5;ITPR1;ITPR2;ITPR3;KNG1;KPNA2;LPAR1;LPAR2;LPAR3;LPAR5;MAPK1;MCHR1;MCHR2;MTNR1A;MTNR1B;NBEA;NMU;NMUR1;NMUR2;NPB;NPBWR1;NPBWR2;NPW;NPY;NPY1R;NPY2R;NPY5R;OPN1LW;OPN1MW;OPN1SW;OPN3;OPRD1;OPRK1;OPRL1;OPRM1;OXER1;OXGR1;P2RY12;P2RY13;P2RY14;P2RY4;PCP2;PDE1A;PDE1B;PDE1C;PDE4A;PDE4B;PDE4C;PDE4D;PDYN;PENK;PF4;PLA2G4A;PLCB1;PLCB2;PLCB3;PLCB4;PMCH;PNOC;POMC;PPBP;PPP1CA;PPP1R1B;PPP2CA;PPP2CB;PPP2R1A;PPP2R1B;PPP2R5D;PPP3CA;PPP3CB;PPP3CC;PPP3R1;PPY;PRKACA;PRKACB;PRKACG;PRKAR1A;PRKAR1B;PRKAR2A;PRKAR2B;PRKCA;PRKCD;PRKCG;PRKX;PSAP;PTGER3;PYY;RGR;RGS1;RGS10;RGS11;RGS12;RGS13;RGS14;RGS16;RGS17;RGS18;RGS19;RGS20;RGS22;RGS3;RGS4;RGS5;RGS6;RGS7;RGS8;RGS9;RGSL1;RHO;RLN3;RRH;RXFP3;RXFP4;S1PR2;S1PR3;S1PR4;S1PR5;SAA1;SRC;SST;SSTR1;SSTR2;SSTR3;SSTR4;SSTR5;SUCNR1;TAS1R1;TAS1R2;TAS2R1;TAS2R10;TAS2R13;TAS2R14;TAS2R16;TAS2R19;TAS2R20;TAS2R3;TAS2R31;TAS2R38;TAS2R39;TAS2R4;TAS2R40;TAS2R41;TAS2R42;TAS2R43;TAS2R46;TAS2R5;TAS2R50;TAS2R60;TAS2R7;TAS2R8;TAS2R9	S:ADCY2;ADCY6;ADCY8;ADORA1;ADORA3;ADRA2B;ADRA2C;AGT;AGTR2;APLN;BDKRB1;C3AR1;C5;CAMKK1;CAMKK2;CASR;CCL13;CCL16;CCL19;CCL21;CCL23;CCR1;CCR10;CCR3;CDK5;CORT;CX3CL1;CXCL12;CXCL13;CXCL16;CXCR1;CXCR2;DRD3;DRD4;FPR2;FPR3;GABBR1;GABBR2;GAL;GALR1;GNA11;GNA14;GNA15;GNAI2;GNAQ;GNAZ;GNB2;GNB4;GNG10;GNG11;GNG12;GNG13;GNG4;GNGT1;GNGT2;GPR17;GPR31;GPR37;GPR37L1;GPSM3;GRM2;GRM4;GRM7;HEBP1;HTR1B;HTR1E;HTR1F;HTR5A;INSL5;KNG1;LPAR2;MCHR1;MTNR1A;NPBWR1;NPBWR2;NPY2R;OPN1LW;OPN1MW;OPN3;OPRD1;OPRK1;OPRL1;OPRM1;OXER1;P2RY12;P2RY13;PCP2;PDE1A;PDE1B;PDE1C;PDE4A;PDE4C;PDYN;PLCB2;PLCB3;PLCB4;POMC;PPBP;PPP2CA;PPP2R1A;PPP3R1;PPY;PRKACA;PRKAR1A;PRKAR1B;PRKCD;PRKCG;PYY;RGR;RGS10;RGS12;RGS13;RGS14;RGS16;RGS19;RGS20;RGS22;RGS4;RGS6;RGSL1;RHO;RLN3;RRH;SAA1;SRC;SST;SSTR1;SSTR2;SSTR3;TAS1R1;TAS1R2;TAS2R1;TAS2R16;TAS2R31;TAS2R38;TAS2R40;TAS2R41;TAS2R42;TAS2R46;TAS2R60;TAS2R7;TAS2R9
S:REACTOME_ACTIVATION_OF_NMDA_RECEPTORS_AND_POSTSYNAPTIC_EVENTS	D:89	S:ACTN2;ADCY1;ADCY8;APBA1;ARHGEF7;CALM1;CAMK1;CAMK2A;CAMK2B;CAMK2D;CAMK2G;CAMK4;CAMKK1;CAMKK2;CASK;CREB1;DLG1;DLG2;DLG3;DLG4;ERBB4;GIT1;GRIA1;GRIA2;GRIA3;GRIA4;GRIN1;GRIN2A;GRIN2B;GRIN2C;GRIN2D;GRIN3A;GRIN3B;HRAS;KIF17;KPNA2;KRAS;LIN7A;LIN7B;LIN7C;LRRC7;MAPK1;MAPK3;MAPT;NBEA;NEFL;NRAS;NRG1;NRGN;PDPK1;PPM1E;PPM1F;PRKAA1;PRKAA2;PRKAB1;PRKAB2;PRKACA;PRKACB;PRKACG;PRKAG1;PRKAG2;PRKAG3;PRKAR1A;PRKAR1B;PRKAR2A;PRKAR2B;PRKX;RAC1;RASGRF1;RASGRF2;RPS6KA1;RPS6KA2;RPS6KA3;RPS6KA6;SRC;TUBA1A;TUBA1B;TUBA1C;TUBA3C;TUBA3D;TUBA4A;TUBA8;TUBAL3;TUBB1;TUBB2A;TUBB2B;TUBB3;TUBB6;TUBB8	S:ACTN2;ADCY8;CAMK1;CAMKK1;CAMKK2;DLG2;DLG4;GIT1;GRIA2;GRIA3;GRIN1;GRIN2A;GRIN3A;HRAS;KIF17;LIN7A;LIN7B;LIN7C;LRRC7;MAPK3;NRAS;NRG1;NRGN;PDPK1;PPM1F;PRKAA2;PRKACA;PRKAG1;PRKAG3;PRKAR1A;PRKAR1B;RASGRF2;RPS6KA1;RPS6KA2;RPS6KA6;SRC;TUBA1A;TUBA1C;TUBA3D;TUBA8;TUBAL3;TUBB2A;TUBB2B;TUBB3;TUBB6;TUBB8
S:REACTOME_INTRA_GOLGI_TRAFFIC	D:41	S:ALPP;ARF1;BET1L;COG1;COG2;COG3;COG4;COG5;COG6;COG7;COG8;CUX1;CYTH1;CYTH2;CYTH3;CYTH4;GOLGA5;GOLIM4;GOSR1;GOSR2;MAN1A1;MAN1A2;MAN1C1;MAN2A1;MAN2A2;NAPA;NAPB;NAPG;NSF;RAB30;RAB33B;RAB36;RGP1;SNAP29;STX16;STX5;STX6;TRIP11;VPS45;VTI1A;YKT6	S:ARF1;COG1;COG2;COG3;COG5;COG6;COG7;COG8;CUX1;CYTH1;CYTH3;GOLGA5;GOLIM4;GOSR1;GOSR2;MAN1A2;MAN1C1;MAN2A1;NAPB;NAPG;NSF;RAB30;RAB33B;RGP1;STX16;STX6;TRIP11;VPS45;VTI1A
S:REACTOME_REGULATION_OF_CDH1_POSTTRANSLATIONAL_PROCESSING_AND_TRAFFICKING_TO_PLASMA_MEMBRANE	D:30	S:ANK3;ARHGAP32;CANX;CDH1;CSNK2A1;CSNK2A2;CSNK2B;CTNNB1;DAD1;DDOST;FURIN;GANAB;JUP;MOGS;OST4;OSTC;PCSK6;PCSK7;PIP5K1C;POMT1;POMT2;PRKCSH;RPN1;RPN2;SEC11A;SEC11C;SPCS1;SPCS2;SPCS3;STT3A	S:ANK3;ARHGAP32;CANX;CDH1;CSNK2A1;CSNK2B;DAD1;DDOST;GANAB;OSTC;PCSK7;POMT1;POMT2;RPN1;RPN2;SEC11A;SEC11C;SPCS1;SPCS2;SPCS3;STT3A
S:REACTOME_SENSORY_PERCEPTION	D:330	S:ABCA4;ACTB;ACTG1;ADCY3;AGRN;AKR1B10;AKR1C1;AKR1C3;AKR1C4;ANO2;APOA1;APOA2;APOA4;APOB;APOC2;APOC3;APOE;APOM;ATP2B1;ATP2B2;BCO2;BSN;CABP1;CABP2;CACNA1D;CACNA2D2;CACNB2;CALHM1;CALHM3;CALM1;CAMKMT;CAPZA1;CAPZA2;CAPZB;CASK;CDH23;CHRNA10;CHRNA9;CIB2;CLIC5;CLPS;CNGA1;CNGA4;CNGB1;CTBP2;CYP4V2;DHRS3;DHRS9;DNAJC5;EBF1;EPB41L1;EPB41L3;EPS8;EPS8L2;ESPN;ESPNL;EZR;FNTA;FNTB;FSCN2;GNAL;GNAT1;GNB1;GNB3;GNB5;GNG13;GNGT1;GPC1;GPC2;GPC3;GPC4;GPC5;GPC6;GPIHBP1;GRK1;GRK4;GRK7;GRM1;GRM4;GRXCR1;GSN;GUCA1A;GUCA1B;GUCA1C;GUCY2D;GUCY2F;HSD17B1;HSD17B6;HSPG2;ITPR3;KCNJ2;KCNMA1;KCNMB1;KCNN2;KCNQ4;LDB1;LDLR;LHFPL5;LHX2;LPL;LRAT;LRP1;LRP10;LRP12;LRP2;LRP8;METAP1;METAP2;MPP1;MSN;MYH9;MYO15A;MYO1C;MYO3A;MYO3B;MYO7A;NMT1;NMT2;OPN1LW;OPN1MW;OPN1SW;OR10A2;OR10A4;OR10A5;OR10C1;OR10G8;OR10H1;OR10H2;OR10H3;OR10H4;OR10J1;OR10J3;OR10J5;OR10P1;OR10R2;OR10T2;OR11A1;OR11G2;OR12D2;OR12D3;OR13C4;OR13D1;OR1A1;OR1A2;OR1C1;OR1D2;OR1D5;OR1E1;OR1F1;OR1G1;OR1L3;OR1L4;OR1N2;OR1Q1;OR1S2;OR2A14;OR2A25;OR2A7;OR2B2;OR2B6;OR2C1;OR2C3;OR2F1;OR2H1;OR2H2;OR2J2;OR2L13;OR2M2;OR2S2;OR2T5;OR2T8;OR2V2;OR2W1;OR2W3;OR3A1;OR3A2;OR3A3;OR4A15;OR4C15;OR4C3;OR4C46;OR4D2;OR4D5;OR4F4;OR4K1;OR4K17;OR4N4;OR4S1;OR4X2;OR51A7;OR51B2;OR51B4;OR51B5;OR51D1;OR51E1;OR51E2;OR51G1;OR51Q1;OR52A1;OR52B2;OR52K2;OR56B1;OR5A1;OR5AK2;OR5AP2;OR5F1;OR5H1;OR5I1;OR5L2;OR5P2;OR5P3;OR5T2;OR5V1;OR6A2;OR6K2;OR6M1;OR6N1;OR6Y1;OR7A10;OR7A17;OR7A5;OR7C2;OR7D2;OR7D4;OR7E24;OR7G3;OR8B8;OR8D1;OR8D2;OR8G1;OR8H1;OR8J1;OR8K3;OR8U1;OTOF;OTOGL;OTOP1;PCDH15;PCLO;PDE6A;PDE6B;PDE6G;PLB1;PLCB2;PLS1;PNLIP;PPEF1;PRKCA;PRKCQ;RAB3A;RBP1;RBP2;RBP4;RCVRN;RDH10;RDH11;RDH12;RDH16;RDH5;RDH8;RDX;REEP1;RETSAT;RGS9;RGS9BP;RHO;RLBP1;RPE65;RTP1;SAG;SCN1B;SCN2A;SCN2B;SCN3A;SCN4B;SCN9A;SCNN1A;SCNN1B;SCNN1D;SCNN1G;SDC1;SDC2;SDC3;SDC4;SDR9C7;SLC17A8;SLC24A1;SNAP25;SPTAN1;SPTBN1;STRA6;STRC;STX1A;SYN1;SYP;TAS1R1;TAS1R2;TAS2R1;TAS2R10;TAS2R13;TAS2R14;TAS2R16;TAS2R20;TAS2R3;TAS2R31;TAS2R38;TAS2R39;TAS2R4;TAS2R40;TAS2R41;TAS2R43;TAS2R46;TAS2R5;TAS2R50;TAS2R7;TAS2R8;TMC1;TMC2;TMIE;TPRN;TRIOBP;TRPM4;TRPM5;TTR;TWF1;TWF2;USH1C;USH1G;VAMP2;XIRP2	S:ABCA4;AGRN;AKR1B10;APOA1;APOA2;APOA4;APOE;APOM;ATP2B2;CACNB2;CALHM1;CALHM3;CAPZA1;CAPZA2;CAPZB;CDH23;CHRNA10;CHRNA9;CIB2;CLPS;CNGA1;DNAJC5;EPS8;ESPN;FSCN2;GNG13;GNGT1;GPC4;GPC5;GPC6;GPIHBP1;GRK4;GRK7;GRM1;GRM4;GSN;GUCA1A;GUCA1C;GUCY2D;GUCY2F;HSD17B1;KCNJ2;KCNN2;KCNQ4;LDB1;LDLR;LHFPL5;LHX2;LRAT;LRP1;LRP10;LRP2;MPP1;MYO3B;MYO7A;OPN1LW;OPN1MW;OR10A4;OR10A5;OR10G8;OR10H2;OR10J1;OR10J3;OR10P1;OR10T2;OR11A1;OR11G2;OR12D2;OR1D2;OR1F1;OR1L3;OR2A14;OR2A25;OR2C3;OR2H1;OR2J2;OR2L13;OR2S2;OR2T5;OR2W1;OR2W3;OR3A2;OR4A15;OR4C3;OR4C46;OR4D2;OR4D5;OR4K17;OR4N4;OR51A7;OR51B2;OR51B4;OR51E1;OR5A1;OR5AP2;OR5H1;OR6A2;OR6K2;OR6M1;OR6Y1;OR7A17;OR7A5;OR7D2;OR7E24;OR7G3;OR8B8;OR8J1;OR8K3;OTOF;OTOGL;OTOP1;PCDH15;PCLO;PDE6A;PDE6G;PLB1;PLCB2;PNLIP;RAB3A;RBP2;RBP4;RDH16;RDH5;RDH8;REEP1;RHO;RLBP1;RPE65;RTP1;SCN1B;SCN2B;SCN4B;SCNN1B;SCNN1D;SCNN1G;SDC1;SDR9C7;SLC17A8;SNAP25;SPTAN1;TAS1R1;TAS1R2;TAS2R1;TAS2R16;TAS2R31;TAS2R38;TAS2R40;TAS2R41;TAS2R46;TAS2R7;TMC1;TMC2;TPRN;TRIOBP;TRPM4;TRPM5;TTR;TWF2;VAMP2;XIRP2
S:REACTOME_NUCLEOTIDE_BINDING_DOMAIN_LEUCINE_RICH_REPEAT_CONTAINING_RECEPTOR_NLR_SIGNALING_PATHWAYS	D:56	S:AAMP;AIM2;APP;BCL2;BCL2L1;BIRC2;BIRC3;CARD9;CASP1;CASP2;CASP4;CASP8;CASP9;CHUK;CYLD;HMOX1;HSP90AB1;IKBKB;IKBKG;IRAK1;IRAK2;ITCH;MAP2K6;MAP3K7;MAPK11;MAPK12;MAPK13;MAPK14;MEFV;NFKB1;NFKB2;NLRC4;NLRP1;NLRP3;NOD1;NOD2;P2RX7;PANX1;PSTPIP1;PYCARD;RELA;RIPK2;RPS27A;SUGT1;TAB1;TAB2;TAB3;TNFAIP3;TRAF6;TXN;TXNIP;UBA52;UBB;UBC;UBE2N;UBE2V1	S:AIM2;BCL2;BCL2L1;BIRC2;CASP1;CASP8;CHUK;IKBKG;IRAK1;IRAK2;MAP2K6;MAPK11;MAPK12;MAPK13;MAPK14;MEFV;NFKB2;NLRC4;NLRP3;P2RX7;PYCARD;RIPK2;TAB1;TXN;UBA52;UBB;UBE2V1
S:REACTOME_PRESYNAPTIC_NICOTINIC_ACETYLCHOLINE_RECEPTORS	D:12	S:CHRNA1;CHRNA2;CHRNA3;CHRNA4;CHRNA5;CHRNA6;CHRNB2;CHRNB3;CHRNB4;CHRND;CHRNE;CHRNG	S:CHRNA1;CHRNA2;CHRNA3;CHRNA4;CHRNB2
S:REACTOME_INTERLEUKIN_RECEPTOR_SHC_SIGNALING	D:27	S:CSF2;CSF2RA;CSF2RB;GAB2;GRB2;IL2;IL2RA;IL2RB;IL2RG;IL3;IL3RA;IL5;IL5RA;INPP5D;INPPL1;JAK1;JAK2;JAK3;PIK3CA;PIK3CB;PIK3CD;PIK3R1;PIK3R2;PIK3R3;PTPN6;SHC1;SOS1	S:CSF2RA;CSF2RB;GAB2;IL2;IL2RG;IL5;IL5RA;INPPL1;JAK2;JAK3;PIK3CD;PIK3R2;PTPN6
S:REACTOME_CELLULAR_SENESCENCE	D:123	S:ACD;ANAPC1;ANAPC10;ANAPC11;ANAPC16;ANAPC2;ANAPC4;ANAPC5;ANAPC7;ASF1A;ATM;BMI1;CABIN1;CBX2;CBX4;CBX6;CBX8;CCNA1;CCNA2;CCNE1;CCNE2;CDC16;CDC23;CDC26;CDC27;CDK2;CDK4;CDK6;CDKN1A;CDKN1B;CDKN2A;CDKN2B;CDKN2C;CDKN2D;CEBPB;E2F1;E2F2;E2F3;EED;EHMT1;EHMT2;EP400;ERF;ETS1;ETS2;EZH2;FOS;FZR1;HIRA;HMGA1;HMGA2;ID1;IFNB1;IGFBP7;IL1A;IL6;JUN;KAT5;KDM6B;LMNB1;MAP2K3;MAP2K4;MAP2K6;MAP2K7;MAP3K5;MAP4K4;MAPK1;MAPK10;MAPK11;MAPK14;MAPK3;MAPK7;MAPK8;MAPK9;MAPKAPK2;MAPKAPK3;MAPKAPK5;MDM2;MDM4;MINK1;MOV10;NBN;NFKB1;PHC1;PHC2;PHC3;POT1;RAD50;RB1;RBBP4;RBBP7;RELA;RING1;RNF2;RPS27A;RPS6KA1;RPS6KA2;RPS6KA3;SCMH1;SP1;STAT3;SUZ12;TERF1;TERF2;TERF2IP;TFDP1;TFDP2;TINF2;TNIK;TNRC6A;TNRC6B;TNRC6C;TP53;TXN;UBA52;UBB;UBC;UBE2C;UBE2D1;UBE2E1;UBE2S;UBN1;VENTX	S:ACD;ANAPC1;ANAPC10;ANAPC11;ANAPC16;ANAPC4;ANAPC5;ANAPC7;ASF1A;ATM;BMI1;CABIN1;CBX2;CBX4;CBX6;CCNA1;CCNA2;CCNE1;CCNE2;CDC23;CDC26;CDC27;CDK4;CDK6;CDKN1B;CDKN2A;E2F1;E2F3;EED;EHMT1;EHMT2;EP400;ETS1;EZH2;FOS;HIRA;IFNB1;IGFBP7;IL6;JUN;KAT5;MAP2K4;MAP3K5;MAP4K4;MAPK1;MAPK8;MAPK9;MAPKAPK5;MDM2;MDM4;MOV10;NBN;NFKB1;PHC1;PHC2;PHC3;POT1;RAD50;RB1;RBBP4;RBBP7;RELA;RING1;RNF2;RPS27A;RPS6KA3;SCMH1;SUZ12;TERF1;TERF2;TERF2IP;TFDP2;TINF2;TNIK;TNRC6A;TNRC6B;TNRC6C;TP53;UBC;UBE2E1;UBN1
S:REACTOME_LYSOSOME_VESICLE_BIOGENESIS	D:34	S:AP1B1;AP1G1;AP1G2;AP1M1;AP1M2;AP1S1;AP1S2;AP1S3;AP4B1;AP4E1;AP4M1;AP4S1;APP;ARF1;ARRB1;BLOC1S1;CHMP2A;CLTA;CLTB;CLTC;CLVS1;CTSZ;DNAJC6;DNASE2;DNM2;GNS;HGS;HSPA8;M6PR;SH3GL2;TXNDC5;VAMP2;VAMP7;VAMP8	S:AP1B1;AP1G2;AP1M1;AP1M2;AP1S2;AP4M1;ARRB1;BLOC1S1;CLVS1;CTSZ;DNAJC6;DNASE2;DNM2;GNS;M6PR;SH3GL2;VAMP2;VAMP8
S:REACTOME_NEUREXINS_AND_NEUROLIGINS	D:56	S:APBA1;APBA2;APBA3;BEGAIN;CASK;DBNL;DLG2;DLG3;DLG4;DLGAP1;DLGAP2;DLGAP3;DLGAP4;EPB41;EPB41L1;EPB41L2;EPB41L3;EPB41L5;GRIN1;GRIN2A;GRIN2B;GRIN2C;GRIN2D;GRM1;GRM5;HOMER1;HOMER2;HOMER3;LIN7A;LIN7B;LIN7C;LRRTM1;LRRTM2;LRRTM3;LRRTM4;NLGN1;NLGN2;NLGN3;NLGN4X;NLGN4Y;NRXN1;NRXN2;NRXN3;PDLIM5;SHANK1;SHANK2;SHARPIN;SIPA1L1;STX1A;STXBP1;SYT1;SYT10;SYT12;SYT2;SYT7;SYT9	S:APBA3;DBNL;DLG2;DLG4;DLGAP1;EPB41;GRIN1;GRIN2A;GRM1;HOMER2;LIN7A;LIN7B;LIN7C;LRRTM4;NLGN1;NLGN2;NLGN4X;NLGN4Y;NRXN1;NRXN3;SHANK1;SHANK2;SHARPIN;SIPA1L1;SYT10;SYT12;SYT2;SYT7;SYT9
S:REACTOME_TRANSCRIPTIONAL_REGULATION_BY_RUNX3	D:84	S:ADRM1;BCL2L11;BRD2;CBFB;CCND1;CDKN1A;CDKN2A;CREBBP;CTNNB1;EP300;FOXO3;HDAC4;HES1;ITGA4;ITGAL;JAG1;KAT2A;KAT2B;KRAS;LEF1;MAML1;MAML2;MAML3;MAMLD1;MDM2;MYC;NOTCH1;PSMA1;PSMA2;PSMA3;PSMA4;PSMA5;PSMA6;PSMA7;PSMB1;PSMB2;PSMB3;PSMB4;PSMB5;PSMB6;PSMB7;PSMC1;PSMC2;PSMC3;PSMC4;PSMC5;PSMC6;PSMD1;PSMD11;PSMD12;PSMD13;PSMD14;PSMD2;PSMD3;PSMD6;PSMD7;PSMD8;RBPJ;RORC;RPS27A;RUNX1;RUNX3;SMAD3;SMAD4;SMURF1;SMURF2;SNW1;SPP1;SRC;TCF7;TCF7L1;TCF7L2;TEAD1;TEAD2;TEAD3;TEAD4;TGFB1;TP53;UBA52;UBB;UBC;WWTR1;YAP1;ZFHX3	S:BRD2;CBFB;CCND1;CDKN2A;CREBBP;EP300;ITGA4;ITGAL;JAG1;KAT2A;KRAS;LEF1;MAML1;MAML3;MAMLD1;MDM2;MYC;NOTCH1;PSMA1;PSMA3;PSMA4;PSMA5;PSMA6;PSMA7;PSMB1;PSMB2;PSMB3;PSMB4;PSMC5;PSMC6;PSMD1;PSMD11;PSMD12;PSMD14;PSMD2;PSMD3;PSMD6;PSMD7;RORC;RPS27A;RUNX1;RUNX3;SMAD3;SMAD4;SMURF2;SNW1;SPP1;TCF7;TEAD2;TEAD4;TP53;UBC;YAP1;ZFHX3
S:REACTOME_REMOVAL_OF_AMINOTERMINAL_PROPEPTIDES_FROM_GAMMA_CARBOXYLATED_PROTEINS	D:10	S:BGLAP;F10;F2;F7;F9;FURIN;GAS6;PROC;PROS1;PROZ	S:BGLAP;F7;F9;FURIN;GAS6;PROZ
S:REACTOME_FORMATION_OF_THE_NEPHRIC_DUCT	D:18	S:BMP4;CTNNB1;EMX2;FGF2;GATA3;HOXA6;HOXB4;ID4;LHX1;MECOM;NPNT;OSR1;PAX2;PAX8;PCDH19;PLAC8;RET;WFDC2	S:BMP4;CTNNB1;EMX2;LHX1;MECOM;OSR1;PAX2;PCDH19;RET;WFDC2
S:REACTOME_CLEC7A_DECTIN_1_SIGNALING	D:86	S:ADRM1;AHCYL1;BCL10;BTRC;CALM1;CARD11;CARD9;CASP8;CCL17;CCL22;CDC34;CHUK;CLEC7A;CUL1;FBXW11;IKBKB;IKBKG;IL1B;ITPR1;ITPR2;ITPR3;MALT1;MAP3K14;MAP3K7;NFATC1;NFATC2;NFATC3;NFKB1;NFKB2;NFKBIA;PDPK1;PLCG2;PPP3CA;PPP3CB;PPP3R1;PRKCD;PSMA1;PSMA2;PSMA3;PSMA4;PSMA5;PSMA6;PSMA7;PSMB1;PSMB2;PSMB3;PSMB4;PSMB5;PSMB6;PSMB7;PSMC1;PSMC2;PSMC3;PSMC4;PSMC5;PSMC6;PSMD1;PSMD11;PSMD12;PSMD13;PSMD14;PSMD2;PSMD3;PSMD6;PSMD7;PSMD8;PYCARD;RELA;RELB;RPS27A;SKP1;SRC;SYK;TAB1;TAB2;TAB3;TRAF6;UBA3;UBA52;UBB;UBC;UBE2D1;UBE2D2;UBE2M;UBE2N;UBE2V1	S:AHCYL1;BCL10;BTRC;CALM1;CARD11;CARD9;CCL17;CUL1;FBXW11;IKBKB;ITPR1;ITPR2;ITPR3;MALT1;MAP3K14;MAP3K7;NFATC1;NFATC2;NFATC3;NFKB1;NFKBIA;PLCG2;PPP3CA;PPP3CB;PSMA1;PSMA3;PSMA4;PSMA5;PSMA6;PSMA7;PSMB1;PSMB2;PSMB3;PSMB4;PSMC5;PSMC6;PSMD1;PSMD11;PSMD12;PSMD14;PSMD2;PSMD3;PSMD6;PSMD7;RELA;RELB;RPS27A;SYK;TAB2;TAB3;TRAF6;UBC;UBE2D2;UBE2N
S:REACTOME_CROSSLINKING_OF_COLLAGEN_FIBRILS	D:18	S:BMP1;COL1A1;COL1A2;COL4A1;COL4A2;COL4A3;COL4A4;COL4A5;COL4A6;LOX;LOXL1;LOXL2;LOXL3;LOXL4;PCOLCE;PXDN;TLL1;TLL2	S:COL1A1;COL4A1;COL4A2;COL4A5;COL4A6;LOXL1;LOXL3;LOXL4;PXDN;TLL1;TLL2
S:REACTOME_EUKARYOTIC_TRANSLATION_ELONGATION	D:94	S:EEF1A1;EEF1A2;EEF1B2;EEF1D;EEF1G;EEF2;FAU;RPL10;RPL10A;RPL10L;RPL11;RPL12;RPL13;RPL13A;RPL14;RPL15;RPL17;RPL18;RPL18A;RPL19;RPL21;RPL22;RPL22L1;RPL23;RPL23A;RPL24;RPL26;RPL26L1;RPL27;RPL27A;RPL28;RPL29;RPL3;RPL30;RPL31;RPL32;RPL34;RPL35;RPL35A;RPL36;RPL36A;RPL36AL;RPL37;RPL37A;RPL38;RPL39;RPL39L;RPL3L;RPL4;RPL41;RPL5;RPL6;RPL7;RPL7A;RPL8;RPL9;RPLP0;RPLP1;RPLP2;RPS10;RPS11;RPS12;RPS13;RPS14;RPS15;RPS15A;RPS16;RPS17;RPS18;RPS19;RPS2;RPS20;RPS21;RPS23;RPS24;RPS25;RPS26;RPS27;RPS27A;RPS27L;RPS28;RPS29;RPS3;RPS3A;RPS4X;RPS4Y1;RPS4Y2;RPS5;RPS6;RPS7;RPS8;RPS9;RPSA;UBA52	S:EEF1A2;EEF1B2;EEF1D;EEF1G;RPL10;RPL10A;RPL10L;RPL12;RPL13;RPL13A;RPL14;RPL15;RPL18;RPL18A;RPL19;RPL22;RPL23A;RPL26;RPL27;RPL27A;RPL28;RPL29;RPL3;RPL30;RPL32;RPL35;RPL35A;RPL36;RPL36A;RPL36AL;RPL37;RPL37A;RPL38;RPL39L;RPL4;RPL5;RPL6;RPL7A;RPL8;RPLP0;RPLP1;RPLP2;RPS11;RPS13;RPS15;RPS16;RPS18;RPS19;RPS20;RPS21;RPS23;RPS25;RPS26;RPS27A;RPS27L;RPS28;RPS4X;RPS4Y1;RPS4Y2;RPS6;RPS8
S:REACTOME_INTERLEUKIN_10_SIGNALING	D:44	S:CCL19;CCL2;CCL20;CCL22;CCL3;CCL3L3;CCL4;CCL5;CCR1;CCR2;CCR5;CD80;CD86;CSF1;CSF2;CSF3;CXCL1;CXCL10;CXCL2;FCER2;FPR1;ICAM1;IL10;IL10RA;IL10RB;IL12A;IL12B;IL18;IL1A;IL1B;IL1R1;IL1R2;IL1RN;IL6;JAK1;LIF;PTAFR;PTGS2;STAT3;TIMP1;TNF;TNFRSF1A;TNFRSF1B;TYK2	S:CCL19;CCL22;CCR1;CD86;CSF3;ICAM1;IL10RB;IL12A;IL18;IL1A;IL1B;IL1R1;IL1R2;IL1RN;LIF;STAT3;TIMP1;TNF;TNFRSF1A;TNFRSF1B;TYK2
S:REACTOME_NCAM_SIGNALING_FOR_NEURITE_OUT_GROWTH	D:63	S:AGRN;ARTN;CACNA1C;CACNA1D;CACNA1G;CACNA1H;CACNA1I;CACNA1S;CACNB1;CACNB2;CACNB3;CACNB4;CNTN2;COL2A1;COL3A1;COL4A1;COL4A2;COL4A3;COL4A4;COL4A5;COL5A1;COL5A2;COL5A3;COL6A1;COL6A2;COL6A3;COL6A5;COL6A6;COL9A1;COL9A2;COL9A3;CREB1;FGFR1;FYN;GDNF;GFRA1;GFRA2;GFRA4;GRB2;HRAS;KRAS;MAPK1;MAPK3;NCAM1;NCAN;NRAS;NRTN;PRNP;PSPN;PTK2;PTPRA;RPS6KA5;SOS1;SPTA1;SPTAN1;SPTB;SPTBN1;SPTBN2;SPTBN4;SPTBN5;SRC;ST8SIA2;ST8SIA4	S:AGRN;CACNA1C;CACNA1H;CACNB2;CACNB3;COL2A1;COL3A1;COL4A1;COL4A2;COL4A5;COL6A1;COL6A2;COL6A3;COL6A5;COL6A6;COL9A1;COL9A2;GDNF;GFRA1;GFRA4;HRAS;MAPK3;NCAM1;NCAN;NRAS;NRTN;PSPN;SPTA1;SPTAN1;SPTB;SPTBN2;SRC
S:REACTOME_VXPX_CARGO_TARGETING_TO_CILIUM	D:20	S:ARF4;ASAP1;CNGA4;CNGB1;EXOC1;EXOC2;EXOC3;EXOC4;EXOC5;EXOC6;EXOC7;EXOC8;GBF1;PKD1;PKD2;RAB11A;RAB11FIP3;RAB3IP;RAB8A;RHO	S:ARF4;CNGA4;CNGB1;EXOC1;EXOC2;EXOC4;EXOC5;EXOC8;GBF1;PKD2;RAB11FIP3;RAB3IP
S:REACTOME_Z_DECAY_DEGRADATION_OF_MATERNAL_MRNAS_BY_ZYGOTICALLY_EXPRESSED_FACTORS	D:10	S:DIS3L2;EIF4A1;EIF4A2;EIF4A3;EIF4B;EIF4E;EIF4G1;PABPC1;PABPN1;PAIP1	S:DIS3L2;EIF4A1;EIF4A2;EIF4A3;EIF4B;PABPC1;PABPN1;PAIP1
S:REACTOME_PEROXISOMAL_LIPID_METABOLISM	D:28	S:ABCD1;ACAA1;ACBD4;ACBD5;ACOT4;ACOT8;ACOX1;ACOX2;ACOX3;ACOXL;ALDH3A2;AMACR;CRAT;CROT;DECR2;ECI2;EHHADH;HACL1;HAO2;HSD17B4;MLYCD;NUDT19;NUDT7;PECR;PHYH;SCP2;SLC25A17;SLC27A2	S:ACBD5;ACOT4;ACOX1;ACOX2;ACOX3;ACOXL;ALDH3A2;AMACR;CROT;ECI2;EHHADH;HACL1;HSD17B4;MLYCD;NUDT19;NUDT7;PECR;PHYH;SCP2;SLC25A17;SLC27A2
S:REACTOME_ACETYLCHOLINE_REGULATES_INSULIN_SECRETION	D:10	S:CHRM3;GNA11;GNA14;GNA15;GNAQ;MARCKS;PLCB1;PLCB2;PLCB3;PRKCA	S:GNA11;GNA14;GNA15;GNAQ;PLCB2;PLCB3
S:REACTOME_INTRA_GOLGI_AND_RETROGRADE_GOLGI_TO_ER_TRAFFIC	D:192	S:ACTR10;ACTR1A;AGPAT3;ALPP;ARCN1;ARF1;ARF3;ARF4;ARF5;ARFGAP1;ARFGAP2;ARFGAP3;ARFIP2;ARFRP1;ARL1;BET1L;BICD1;BICD2;BNIP1;CAPZA1;CAPZA2;CAPZA3;CAPZB;CENPE;COG1;COG2;COG3;COG4;COG5;COG6;COG7;COG8;COPA;COPB1;COPB2;COPE;COPG2;COPZ1;COPZ2;CUX1;CYTH1;CYTH2;CYTH3;CYTH4;DCTN1;DCTN2;DCTN3;DCTN4;DCTN5;DCTN6;DYNC1H1;DYNC1I1;DYNC1I2;DYNC1LI1;DYNC1LI2;DYNLL1;DYNLL2;GALNT1;GALNT2;GBF1;GCC1;GCC2;GOLGA1;GOLGA4;GOLGA5;GOLIM4;GOSR1;GOSR2;IGF2R;KDELR1;KDELR2;KDELR3;KIF11;KIF12;KIF13B;KIF15;KIF16B;KIF18A;KIF18B;KIF19;KIF1A;KIF1B;KIF1C;KIF20A;KIF20B;KIF21A;KIF21B;KIF22;KIF23;KIF25;KIF26A;KIF26B;KIF27;KIF2A;KIF2B;KIF2C;KIF3A;KIF3B;KIF3C;KIF4A;KIF5A;KIF5B;KIF6;KIF9;KIFAP3;KIFC1;KIFC2;KLC1;KLC2;KLC3;KLC4;M6PR;MAN1A1;MAN1A2;MAN1C1;MAN2A1;MAN2A2;NAA30;NAA35;NAA38;NAPA;NAPB;NAPG;NBAS;NSF;PAFAH1B1;PAFAH1B2;PAFAH1B3;PLA2G4A;PLA2G6;PLIN3;RAB18;RAB1A;RAB1B;RAB30;RAB33B;RAB36;RAB3GAP1;RAB3GAP2;RAB43;RAB6A;RAB6B;RAB9A;RAB9B;RABEPK;RACGAP1;RGP1;RHOBTB3;RINT1;SCOC;SEC22B;SNAP29;STX10;STX16;STX18;STX5;STX6;SURF4;SYS1;TGOLN2;TMED10;TMED2;TMED3;TMED7;TMED9;TMF1;TRIP11;TUBA1A;TUBA1B;TUBA1C;TUBA3C;TUBA3D;TUBA4A;TUBA8;TUBAL3;TUBB1;TUBB2A;TUBB2B;TUBB3;TUBB6;TUBB8;USE1;USP6NL;VAMP3;VAMP4;VPS45;VPS52;VPS53;VPS54;VTI1A;YKT6;ZW10	S:ACTR10;ARF1;ARF3;ARF4;ARFGAP2;ARFGAP3;ARL1;BICD1;BICD2;CENPE;COG1;COG2;COG3;COG5;COG6;COG7;COG8;COPA;COPB1;COPB2;COPG2;CUX1;CYTH1;CYTH3;DCTN2;DCTN4;DCTN5;DCTN6;DYNC1H1;DYNC1I1;DYNC1LI1;DYNC1LI2;DYNLL1;GALNT1;GALNT2;GBF1;GCC1;GCC2;GOLGA1;GOLGA4;GOLGA5;GOLIM4;GOSR1;GOSR2;IGF2R;KDELR2;KDELR3;KIF11;KIF13B;KIF15;KIF16B;KIF18A;KIF18B;KIF19;KIF1B;KIF1C;KIF20A;KIF20B;KIF21A;KIF21B;KIF22;KIF23;KIF26B;KIF27;KIF2A;KIF2B;KIF2C;KIF3A;KIF3B;KIF3C;KIF4A;KIF5A;KIF5B;KIFAP3;KIFC1;KLC1;MAN1A2;MAN1C1;MAN2A1;NAA30;NAA35;NAA38;NAPB;NAPG;NBAS;NSF;PAFAH1B1;PLA2G4A;RAB18;RAB1A;RAB30;RAB33B;RAB3GAP1;RAB3GAP2;RAB6B;RAB9A;RAB9B;RABEPK;RACGAP1;RGP1;RHOBTB3;RINT1;SEC22B;STX16;STX6;SURF4;SYS1;TGOLN2;TMED10;TMED7;TMED9;TMF1;TRIP11;TUBA1B;TUBA3C;TUBA4A;TUBB1;USE1;USP6NL;VAMP4;VPS45;VPS53;VPS54;VTI1A;ZW10
S:REACTOME_PRESYNAPTIC_DEPOLARIZATION_AND_CALCIUM_CHANNEL_OPENING	D:11	S:CACNA1A;CACNA1B;CACNA1E;CACNA2D2;CACNA2D3;CACNB1;CACNB2;CACNB3;CACNB4;CACNG2;CACNG4	S:CACNA1A;CACNA1B;CACNA1E;CACNA2D3;CACNB2;CACNB3
S:REACTOME_PROTEIN_PROTEIN_INTERACTIONS_AT_SYNAPSES	D:87	S:APBA1;APBA2;APBA3;BEGAIN;CASK;DBNL;DLG1;DLG2;DLG3;DLG4;DLGAP1;DLGAP2;DLGAP3;DLGAP4;EPB41;EPB41L1;EPB41L2;EPB41L3;EPB41L5;FLOT1;FLOT2;GRIA1;GRIA3;GRIA4;GRIN1;GRIN2A;GRIN2B;GRIN2C;GRIN2D;GRM1;GRM5;HOMER1;HOMER2;HOMER3;IL1RAP;IL1RAPL1;IL1RAPL2;LIN7A;LIN7B;LIN7C;LRFN1;LRFN2;LRFN3;LRFN4;LRRC4B;LRRTM1;LRRTM2;LRRTM3;LRRTM4;NLGN1;NLGN2;NLGN3;NLGN4X;NLGN4Y;NRXN1;NRXN2;NRXN3;NTRK3;PDLIM5;PPFIA1;PPFIA2;PPFIA3;PPFIA4;PPFIBP1;PPFIBP2;PTPRD;PTPRF;PTPRS;RTN3;SHANK1;SHANK2;SHARPIN;SIPA1L1;SLITRK1;SLITRK2;SLITRK3;SLITRK4;SLITRK5;SLITRK6;STX1A;STXBP1;SYT1;SYT10;SYT12;SYT2;SYT7;SYT9	S:APBA3;DBNL;DLG2;DLG4;DLGAP1;EPB41;FLOT1;FLOT2;GRIA3;GRIN1;GRIN2A;GRM1;HOMER2;IL1RAP;LIN7A;LIN7B;LIN7C;LRFN4;LRRTM4;NLGN1;NLGN2;NLGN4X;NLGN4Y;NRXN1;NRXN3;PPFIA2;PTPRD;RTN3;SHANK1;SHANK2;SHARPIN;SIPA1L1;SLITRK2;SLITRK3;SLITRK4;SLITRK6;SYT10;SYT12;SYT2;SYT7;SYT9
S:REACTOME_RHO_GTPASES_ACTIVATE_ROCKS	D:19	S:CFL1;LIMK1;LIMK2;MYH10;MYH11;MYH14;MYH9;MYL12B;MYL6;MYL9;PAK1;PPP1CB;PPP1R12A;PPP1R12B;RHOA;RHOB;RHOC;ROCK1;ROCK2	S:CFL1;LIMK1;LIMK2;MYH14;MYL6;MYL9;PPP1CB;RHOC
S:REACTOME_GLYCOSPHINGOLIPID_BIOSYNTHESIS	D:19	S:A4GALT;B3GALNT1;B3GALT4;B3GNT5;B4GALNT1;B4GALT5;B4GALT6;CERK;FUT1;FUT2;GAL3ST1;ST3GAL2;ST3GAL3;ST3GAL5;ST6GALNAC5;ST6GALNAC6;ST8SIA5;UGCG;UGT8	S:A4GALT;B3GALNT1;B3GNT5;B4GALNT1;B4GALT5;CERK;FUT2;ST3GAL2;ST3GAL3;ST6GALNAC5;ST6GALNAC6;UGCG
S:REACTOME_AKT_PHOSPHORYLATES_TARGETS_IN_THE_CYTOSOL	D:14	S:AKT1;AKT1S1;AKT2;AKT3;BAD;CASP9;CDKN1A;CDKN1B;CHUK;GSK3A;GSK3B;MDM2;MKRN1;TSC2	S:AKT1;AKT1S1;BAD;CDKN1A;CHUK;MKRN1;TSC2
S:REACTOME_DARPP_32_EVENTS	D:24	S:CALM1;CDK5;PDE4A;PDE4B;PDE4C;PDE4D;PPP1CA;PPP1R1B;PPP2CA;PPP2CB;PPP2R1A;PPP2R1B;PPP2R5D;PPP3CA;PPP3CB;PPP3CC;PPP3R1;PRKACA;PRKACB;PRKACG;PRKAR1A;PRKAR1B;PRKAR2A;PRKAR2B	S:CALM1;PDE4B;PDE4D;PPP1CA;PPP1R1B;PPP2CB;PPP2R1B;PPP2R5D;PPP3CA;PPP3CB;PPP3CC;PRKACB;PRKACG;PRKAR2A;PRKAR2B
S:REACTOME_G1_S_DNA_DAMAGE_CHECKPOINTS	D:65	S:ADRM1;ATM;BTRC;CCNA1;CCNA2;CCNE1;CCNE2;CDC25A;CDK2;CDKN1A;CDKN1B;CDKN2A;CHEK1;CHEK2;CSNK1A1;CSNK1E;CUL1;FBXW11;GSK3B;MAPK11;MAPK14;MDM2;MDM4;NEK11;PCBP4;PHF20;PLK3;PSMA1;PSMA2;PSMA3;PSMA4;PSMA5;PSMA6;PSMA7;PSMB1;PSMB2;PSMB3;PSMB4;PSMB5;PSMB6;PSMB7;PSMC1;PSMC2;PSMC3;PSMC4;PSMC5;PSMC6;PSMD1;PSMD11;PSMD12;PSMD13;PSMD14;PSMD2;PSMD3;PSMD6;PSMD7;PSMD8;RBX1;RPS27A;SKP1;TP53;UBA52;UBB;UBC;ZNF385A	S:ATM;BTRC;CCNA1;CCNA2;CCNE1;CCNE2;CDKN1B;CDKN2A;CHEK1;CHEK2;CSNK1A1;CSNK1E;CUL1;FBXW11;GSK3B;MDM2;MDM4;NEK11;PCBP4;PHF20;PSMA1;PSMA3;PSMA4;PSMA5;PSMA6;PSMA7;PSMB1;PSMB2;PSMB3;PSMB4;PSMC5;PSMC6;PSMD1;PSMD11;PSMD12;PSMD14;PSMD2;PSMD3;PSMD6;PSMD7;RPS27A;TP53;UBC
S:REACTOME_KINESINS	D:55	S:CENPE;KIF11;KIF12;KIF13B;KIF15;KIF16B;KIF18A;KIF18B;KIF19;KIF1A;KIF1B;KIF1C;KIF20A;KIF20B;KIF21A;KIF21B;KIF22;KIF23;KIF25;KIF26A;KIF26B;KIF27;KIF2A;KIF2B;KIF2C;KIF3A;KIF3B;KIF3C;KIF4A;KIF5A;KIF5B;KIF6;KIF9;KIFAP3;KIFC1;KIFC2;KLC1;KLC2;KLC3;KLC4;RACGAP1;TUBA1A;TUBA1B;TUBA1C;TUBA3C;TUBA3D;TUBA4A;TUBA8;TUBAL3;TUBB1;TUBB2A;TUBB2B;TUBB3;TUBB6;TUBB8	S:CENPE;KIF11;KIF13B;KIF15;KIF16B;KIF18A;KIF18B;KIF19;KIF1B;KIF1C;KIF20A;KIF20B;KIF21A;KIF21B;KIF22;KIF23;KIF26B;KIF27;KIF2A;KIF2B;KIF2C;KIF3A;KIF3B;KIF3C;KIF4A;KIF5A;KIF5B;KIFAP3;KIFC1;KLC1;RACGAP1;TUBA1B;TUBA3C;TUBA4A;TUBB1
S:REACTOME_SIGNALING_BY_EGFR	D:53	S:AAMP;ADAM10;ADAM12;ADAM17;AREG;ARHGEF7;BTC;CBL;CDC42;CSK;EGF;EGFR;EPGN;EPN1;EPS15;EPS15L1;EREG;FAM83A;FAM83B;FAM83D;GAB1;GRB2;HBEGF;HGS;HRAS;KRAS;LRIG1;NRAS;PAG1;PIK3CA;PIK3R1;PLCG1;PTPN11;PTPN12;PTPN3;PTPRK;PXN;RPS27A;SH3GL1;SH3GL2;SH3GL3;SH3KBP1;SHC1;SOS1;SPRY1;SPRY2;SRC;STAM;STAM2;TGFA;UBA52;UBB;UBC	S:AAMP;ADAM10;ADAM17;AREG;ARHGEF7;CBL;CDC42;EGF;EGFR;EPS15;FAM83B;FAM83D;GRB2;HBEGF;HGS;KRAS;LRIG1;PAG1;PIK3CA;PIK3R1;PLCG1;PTPN11;PTPN12;PTPRK;RPS27A;SH3GL3;SH3KBP1;SHC1;SOS1;SPRY1;SPRY2;STAM;STAM2;UBC
S:REACTOME_SIGNALING_BY_NOTCH1_PEST_DOMAIN_MUTANTS_IN_CANCER	D:57	S:ADAM10;ADAM17;APH1A;APH1B;CCNC;CDK8;CREBBP;CUL1;DLL1;DLL4;EP300;FBXW7;HDAC1;HDAC10;HDAC11;HDAC2;HDAC3;HDAC4;HDAC5;HDAC6;HDAC7;HDAC8;HDAC9;HES1;HES5;HEY1;HEY2;HEYL;JAG1;JAG2;KAT2A;KAT2B;MAML1;MAML2;MAML3;MAMLD1;MIB1;MIB2;MYC;NCOR1;NCOR2;NCSTN;NEURL1B;NOTCH1;PSEN1;PSEN2;PSENEN;RBPJ;RBX1;RPS27A;SKP1;SNW1;TBL1X;TBL1XR1;UBA52;UBB;UBC	S:ADAM10;ADAM17;APH1A;APH1B;CDK8;CREBBP;CUL1;DLL1;EP300;FBXW7;HDAC1;HDAC11;HDAC2;HDAC3;HDAC7;HDAC8;HDAC9;HES5;HEY1;HEY2;HEYL;JAG1;KAT2A;MAML1;MAML3;MAMLD1;MYC;NCOR1;NCOR2;NCSTN;NEURL1B;NOTCH1;PSEN1;PSEN2;RPS27A;SNW1;TBL1XR1;UBC
S:REACTOME_SYNTHESIS_OF_BILE_ACIDS_AND_BILE_SALTS	D:32	S:ABCB11;ACOT8;ACOX2;AKR1C1;AKR1C3;AKR1C4;AKR1D1;AMACR;BAAT;CH25H;CYP27A1;CYP39A1;CYP46A1;CYP7A1;CYP7B1;CYP8B1;HSD17B4;HSD3B7;NCOA1;NCOA2;NR1H4;OSBP;OSBPL1A;OSBPL2;OSBPL3;OSBPL6;OSBPL7;OSBPL9;RXRA;SCP2;SLC27A2;SLC27A5	S:ACOX2;AKR1C1;AKR1C3;AKR1C4;AMACR;BAAT;CYP27A1;CYP46A1;CYP7A1;HSD17B4;NCOA1;NCOA2;NR1H4;OSBP;OSBPL1A;OSBPL2;OSBPL3;OSBPL6;OSBPL7;OSBPL9;SCP2;SLC27A2;SLC27A5
S:REACTOME_UBIQUITIN_DEPENDENT_DEGRADATION_OF_CYCLIN_D	D:38	S:ADRM1;CCND1;CDK4;GSK3B;PSMA1;PSMA2;PSMA3;PSMA4;PSMA5;PSMA6;PSMA7;PSMB1;PSMB2;PSMB3;PSMB4;PSMB5;PSMB6;PSMB7;PSMC1;PSMC2;PSMC3;PSMC4;PSMC5;PSMC6;PSMD1;PSMD11;PSMD12;PSMD13;PSMD14;PSMD2;PSMD3;PSMD6;PSMD7;PSMD8;RPS27A;UBA52;UBB;UBC	S:CCND1;CDK4;GSK3B;PSMA1;PSMA3;PSMA4;PSMA5;PSMA6;PSMA7;PSMB1;PSMB2;PSMB3;PSMB4;PSMC5;PSMC6;PSMD1;PSMD11;PSMD12;PSMD14;PSMD2;PSMD3;PSMD6;PSMD7;RPS27A;UBC
S:REACTOME_FRS_MEDIATED_FGFR3_SIGNALING	D:20	S:FGF1;FGF16;FGF17;FGF18;FGF2;FGF20;FGF23;FGF4;FGF5;FGF8;FGF9;FGFR3;FRS2;FRS3;GRB2;HRAS;KRAS;NRAS;PTPN11;SOS1	S:FGF1;FGF17;FGF20;FGF23;FGF4;FGF5;FGF8;FGF9;FGFR3;FRS2;FRS3;HRAS;NRAS
S:REACTOME_GLUTATHIONE_SYNTHESIS_AND_RECYCLING	D:12	S:CHAC1;CHAC2;CNDP2;GCLC;GCLM;GGCT;GGT1;GGT5;GGT6;GGT7;GSS;OPLAH	S:CHAC1;CNDP2;GCLC;GGT1;GGT5;GSS;OPLAH
S:REACTOME_OXIDATIVE_STRESS_INDUCED_SENESCENCE	D:61	S:BMI1;CBX2;CBX4;CBX6;CBX8;CDK4;CDK6;CDKN2A;CDKN2B;CDKN2C;CDKN2D;E2F1;E2F2;E2F3;EED;EZH2;FOS;IFNB1;JUN;KDM6B;MAP2K3;MAP2K4;MAP2K6;MAP2K7;MAP3K5;MAP4K4;MAPK1;MAPK10;MAPK11;MAPK14;MAPK3;MAPK8;MAPK9;MAPKAPK2;MAPKAPK3;MAPKAPK5;MDM2;MDM4;MINK1;MOV10;PHC1;PHC2;PHC3;RBBP4;RBBP7;RING1;RNF2;RPS27A;SCMH1;SUZ12;TFDP1;TFDP2;TNIK;TNRC6A;TNRC6B;TNRC6C;TP53;TXN;UBA52;UBB;UBC	S:BMI1;CBX2;CBX4;CBX6;CDK4;CDK6;CDKN2A;E2F1;E2F3;EED;EZH2;FOS;IFNB1;JUN;MAP2K4;MAP3K5;MAP4K4;MAPK1;MAPK8;MAPK9;MAPKAPK5;MDM2;MDM4;MOV10;PHC1;PHC2;PHC3;RBBP4;RBBP7;RING1;RNF2;RPS27A;SCMH1;SUZ12;TFDP2;TNIK;TNRC6A;TNRC6B;TNRC6C;TP53;UBC
S:REACTOME_SIGNALING_BY_NOTCH	D:161	S:ACTA2;ADAM10;ADAM17;ADRM1;AKT1;APH1A;APH1B;ARRB1;ARRB2;ATP2A1;ATP2A2;ATP2A3;B4GALT1;CCNC;CCND1;CDK8;CNTN1;CREB1;CREBBP;CUL1;DLGAP5;DLK1;DLL1;DLL4;DNER;DTX1;DTX2;DTX4;E2F1;E2F3;EGF;EGFR;ELANE;ELF3;EP300;FABP7;FBXW7;FCER2;FLT4;FURIN;GZMB;HDAC1;HDAC10;HDAC11;HDAC2;HDAC3;HDAC4;HDAC5;HDAC6;HDAC7;HDAC8;HDAC9;HES1;HES5;HEY1;HEY2;HEYL;HIF1A;IKZF1;ITCH;JAG1;JAG2;JUN;KAT2A;KAT2B;LFNG;MAML1;MAML2;MAML3;MAMLD1;MDK;MFNG;MIB1;MIB2;MOV10;MYC;NBEA;NCOR1;NCOR2;NCSTN;NEURL1B;NOTCH1;NOTCH2;NOTCH3;NOTCH4;NUMB;PBX1;PLXND1;POFUT1;POGLUT1;PRKCI;PSEN1;PSEN2;PSENEN;PSMA1;PSMA2;PSMA3;PSMA4;PSMA5;PSMA6;PSMA7;PSMB1;PSMB2;PSMB3;PSMB4;PSMB5;PSMB6;PSMB7;PSMC1;PSMC2;PSMC3;PSMC4;PSMC5;PSMC6;PSMD1;PSMD11;PSMD12;PSMD13;PSMD14;PSMD2;PSMD3;PSMD6;PSMD7;PSMD8;PTCRA;RAB6A;RBPJ;RBX1;RFNG;RPS27A;RUNX1;SEL1L;SIRT6;SKP1;SMAD3;SNW1;ST3GAL3;ST3GAL4;ST3GAL6;STAT1;TACC3;TBL1X;TBL1XR1;TFDP1;TFDP2;TLE1;TLE2;TLE3;TLE4;TMED2;TNRC6A;TNRC6B;TNRC6C;TP53;UBA52;UBB;UBC;WWC1;WWP2;YBX1;YWHAZ	S:ADAM10;ADAM17;APH1A;APH1B;ATP2A1;ATP2A2;ATP2A3;B4GALT1;CCND1;CDK8;CREB1;CREBBP;CUL1;DLGAP5;DLK1;DLL1;DTX1;DTX2;DTX4;E2F1;E2F3;EGF;EGFR;ELF3;EP300;FBXW7;FCER2;FLT4;GZMB;HDAC1;HDAC11;HDAC2;HDAC3;HDAC7;HDAC8;HDAC9;HES5;HEY1;HEY2;HEYL;HIF1A;IKZF1;ITCH;JAG1;JUN;KAT2A;MAML1;MAML3;MAMLD1;MFNG;MOV10;MYC;NBEA;NCOR1;NCOR2;NCSTN;NEURL1B;NOTCH1;NOTCH2;POFUT1;POGLUT1;PRKCI;PSEN1;PSEN2;PSMA1;PSMA3;PSMA4;PSMA5;PSMA6;PSMA7;PSMB1;PSMB2;PSMB3;PSMB4;PSMC5;PSMC6;PSMD1;PSMD11;PSMD12;PSMD14;PSMD2;PSMD3;PSMD6;PSMD7;RPS27A;RUNX1;SEL1L;SMAD3;SNW1;ST3GAL6;STAT1;TACC3;TBL1XR1;TFDP2;TLE1;TLE2;TLE4;TNRC6A;TNRC6B;TNRC6C;TP53;UBC;WWP2;YWHAZ
S:REACTOME_HEDGEHOG_LIGAND_BIOGENESIS	D:50	S:ADAM17;ADRM1;DERL2;DHH;DISP2;ERLEC1;GPC5;HHAT;NOTUM;OS9;P4HB;PSMA1;PSMA2;PSMA3;PSMA4;PSMA5;PSMA6;PSMA7;PSMB1;PSMB2;PSMB3;PSMB4;PSMB5;PSMB6;PSMB7;PSMC1;PSMC2;PSMC3;PSMC4;PSMC5;PSMC6;PSMD1;PSMD11;PSMD12;PSMD13;PSMD14;PSMD2;PSMD3;PSMD6;PSMD7;PSMD8;RPS27A;SCUBE2;SEL1L;SHH;SYVN1;UBA52;UBB;UBC;VCP	S:ADAM17;ERLEC1;HHAT;OS9;P4HB;PSMA1;PSMA3;PSMA4;PSMA5;PSMA6;PSMA7;PSMB1;PSMB2;PSMB3;PSMB4;PSMC5;PSMC6;PSMD1;PSMD11;PSMD12;PSMD14;PSMD2;PSMD3;PSMD6;PSMD7;RPS27A;SEL1L;SYVN1;UBC;VCP
S:REACTOME_COPI_INDEPENDENT_GOLGI_TO_ER_RETROGRADE_TRAFFIC	D:48	S:ACTR10;ACTR1A;AGPAT3;BICD1;BICD2;CAPZA1;CAPZA2;CAPZA3;CAPZB;DCTN1;DCTN2;DCTN3;DCTN4;DCTN5;DCTN6;DYNC1H1;DYNC1I1;DYNC1I2;DYNC1LI1;DYNC1LI2;DYNLL1;DYNLL2;GALNT1;GALNT2;PAFAH1B1;PAFAH1B2;PAFAH1B3;PLA2G4A;PLA2G6;RAB18;RAB3GAP1;RAB3GAP2;RAB6A;RAB6B;TUBA1A;TUBA1B;TUBA1C;TUBA3C;TUBA3D;TUBA4A;TUBA8;TUBAL3;TUBB1;TUBB2A;TUBB2B;TUBB3;TUBB6;TUBB8	S:ACTR1A;AGPAT3;CAPZA1;CAPZA2;CAPZA3;CAPZB;DCTN1;DCTN3;DYNC1I2;DYNLL2;PAFAH1B2;PAFAH1B3;PLA2G6;RAB6A;TUBA1A;TUBA1C;TUBA3D;TUBA8;TUBAL3;TUBB2A;TUBB2B;TUBB3;TUBB6;TUBB8
S:REACTOME_FGFR3_LIGAND_BINDING_AND_ACTIVATION	D:13	S:FGF1;FGF16;FGF17;FGF18;FGF2;FGF20;FGF23;FGF4;FGF5;FGF8;FGF9;FGFR3;GALNT3	S:FGF1;FGF17;FGF20;FGF23;FGF4;FGF5;FGF8;FGF9;FGFR3
S:REACTOME_METABOLISM_OF_AMINO_ACIDS_AND_DERIVATIVES	D:335	S:AADAT;AANAT;AASS;ACAD8;ACADSB;ACAT1;ACMSD;ADI1;ADO;ADRM1;AFMID;AGMAT;AGXT;AGXT2;AHCY;AIMP1;AIMP2;ALDH18A1;ALDH4A1;ALDH6A1;ALDH7A1;ALDH9A1;AMD1;AMDHD1;AMT;APIP;ARG1;ARG2;ASL;ASMT;ASNS;ASPA;ASPG;ASRGL1;ASS1;AUH;AZIN1;BBOX1;BCAT1;BCAT2;BCKDHA;BCKDHB;BCKDK;BHMT;BHMT2;CARNS1;CAV1;CBS;CDO1;CGA;CHDH;CKB;CKM;CKMT1A;CKMT2;CPS1;CRYM;CSAD;CTH;DAO;DBH;DBT;DCT;DDC;DDO;DHTKD1;DIO1;DIO2;DIO3;DLD;DLST;DMGDH;DUOX1;DUOX2;DUOXA1;DUOXA2;ECHS1;EEF1E1;EEFSEC;ENOPH1;ETHE1;FAH;FAU;FMO1;FOLH1;FTCD;GAMT;GATM;GCDH;GCSH;GLDC;GLS;GLS2;GLUD1;GLUD2;GLUL;GNMT;GOT1;GOT2;GPT;GPT2;GRHPR;GSR;GSTZ1;HAAO;HAL;HAO1;HDC;HGD;HIBADH;HIBCH;HNMT;HOGA1;HPD;HSD17B10;IDO1;IDO2;IL4I1;INMT;IVD;IYD;KMO;KYNU;MAT1A;MCCC1;MCCC2;MPST;MRI1;MTAP;MTR;MTRR;NAALAD2;NAGS;NAT8L;NMRAL1;NNMT;NQO1;OAT;OAZ1;OAZ2;OAZ3;OCA2;ODC1;OGDH;OTC;PAH;PAOX;PAPSS1;PAPSS2;PCBD1;PHGDH;PIPOX;PNMT;PPM1K;PRODH;PRODH2;PSAT1;PSMA1;PSMA2;PSMA3;PSMA4;PSMA5;PSMA6;PSMA7;PSMB1;PSMB2;PSMB3;PSMB4;PSMB5;PSMB6;PSMB7;PSMC1;PSMC2;PSMC3;PSMC4;PSMC5;PSMC6;PSMD1;PSMD11;PSMD12;PSMD13;PSMD14;PSMD2;PSMD3;PSMD6;PSMD7;PSMD8;PSPH;PSTK;PXMP2;PYCR1;PYCR2;QDPR;RIMKLA;RIMKLB;RPL10;RPL10A;RPL10L;RPL11;RPL12;RPL13;RPL13A;RPL14;RPL15;RPL17;RPL18;RPL18A;RPL19;RPL21;RPL22;RPL22L1;RPL23;RPL23A;RPL24;RPL26;RPL26L1;RPL27;RPL27A;RPL28;RPL29;RPL3;RPL30;RPL31;RPL32;RPL34;RPL35;RPL35A;RPL36;RPL36A;RPL36AL;RPL37;RPL37A;RPL38;RPL39;RPL39L;RPL3L;RPL4;RPL41;RPL5;RPL6;RPL7;RPL7A;RPL8;RPL9;RPLP0;RPLP1;RPLP2;RPS10;RPS11;RPS12;RPS13;RPS14;RPS15;RPS15A;RPS16;RPS17;RPS18;RPS19;RPS2;RPS20;RPS21;RPS23;RPS24;RPS25;RPS26;RPS27;RPS27A;RPS27L;RPS28;RPS29;RPS3;RPS3A;RPS4X;RPS4Y1;RPS4Y2;RPS5;RPS6;RPS7;RPS8;RPS9;RPSA;SARDH;SAT1;SCLY;SDS;SDSL;SECISBP2;SEPHS2;SEPSECS;SERINC1;SERINC2;SERINC3;SERINC5;SHMT1;SIRT5;SLC25A10;SLC25A12;SLC25A13;SLC25A15;SLC25A2;SLC25A21;SLC25A44;SLC36A4;SLC3A2;SLC44A1;SLC45A2;SLC5A5;SLC6A11;SLC6A12;SLC6A7;SLC6A8;SLC7A5;SMOX;SMS;SRM;SRR;SUOX;TAT;TDO2;TH;TMLHE;TP53;TPH1;TPH2;TPO;TSHB;TST;TSTD1;TXN2;TXNDC11;TXNRD1;TYR;TYRP1;UBA52;UROC1	S:AASS;ACADSB;ACAT1;ADI1;ADO;AGMAT;AGXT2;AHCY;AIMP1;AIMP2;ALDH18A1;ALDH4A1;ALDH6A1;ALDH9A1;AMD1;AMDHD1;ARG2;ASMT;ASNS;ASPG;ASRGL1;ASS1;AUH;AZIN1;BCAT1;BCAT2;BCKDHB;CARNS1;CAV1;CGA;CHDH;CKB;CKM;CRYM;CTH;DAO;DBH;DBT;DDO;DHTKD1;DIO3;DLD;DLST;DUOX1;DUOX2;EEF1E1;ENOPH1;FOLH1;FTCD;GAMT;GATM;GCDH;GCSH;GLDC;GLS;GLS2;GLUD1;GLUD2;GOT1;GOT2;GPT2;GSR;HAL;HDC;HGD;HIBADH;HIBCH;HPD;HSD17B10;IDO1;IDO2;IL4I1;INMT;IVD;IYD;KMO;MAT1A;MCCC1;MCCC2;MRI1;MTAP;MTR;MTRR;NAT8L;NMRAL1;NNMT;NQO1;OAT;OAZ1;OTC;PAOX;PAPSS2;PCBD1;PHGDH;PIPOX;PNMT;PPM1K;PRODH;PRODH2;PSAT1;PSMA1;PSMA3;PSMA4;PSMA5;PSMA6;PSMA7;PSMB1;PSMB2;PSMB3;PSMB4;PSMC5;PSMC6;PSMD1;PSMD11;PSMD12;PSMD14;PSMD2;PSMD3;PSMD6;PSMD7;PSTK;PYCR1;PYCR2;QDPR;RIMKLB;RPL10;RPL10A;RPL10L;RPL12;RPL13;RPL13A;RPL14;RPL15;RPL18;RPL18A;RPL19;RPL22;RPL23A;RPL26;RPL27;RPL27A;RPL28;RPL29;RPL3;RPL30;RPL32;RPL35;RPL35A;RPL36;RPL36A;RPL36AL;RPL37;RPL37A;RPL38;RPL39L;RPL4;RPL5;RPL6;RPL7A;RPL8;RPLP0;RPLP1;RPLP2;RPS11;RPS13;RPS15;RPS16;RPS18;RPS19;RPS20;RPS21;RPS23;RPS25;RPS26;RPS27A;RPS27L;RPS28;RPS4X;RPS4Y1;RPS4Y2;RPS6;RPS8;SCLY;SECISBP2;SEPSECS;SERINC1;SERINC3;SERINC5;SHMT1;SIRT5;SLC25A10;SLC25A12;SLC25A13;SLC25A15;SLC25A21;SLC36A4;SLC44A1;SLC45A2;SLC6A11;SLC6A12;SLC6A7;SMS;SRR;TAT;TP53;TPO;TST;TSTD1;TXNDC11
S:REACTOME_N_GLYCAN_ANTENNAE_ELONGATION_IN_THE_MEDIAL_TRANS_GOLGI	D:25	S:B4GALT1;B4GALT2;B4GALT3;B4GALT4;B4GALT5;B4GALT6;CGA;CHST10;CHST8;FUCA1;FUT3;FUT8;LHB;MAN2A1;MAN2A2;MGAT2;MGAT3;MGAT4A;MGAT4B;MGAT4C;MGAT5;ST3GAL4;ST6GAL1;ST8SIA2;ST8SIA3	S:B4GALT1;B4GALT4;B4GALT6;CGA;CHST8;FUCA1;FUT3;FUT8;MAN2A1;MGAT2;MGAT3;MGAT4A;MGAT5;ST6GAL1;ST8SIA2;ST8SIA3
S:REACTOME_PRE_NOTCH_PROCESSING_IN_GOLGI	D:18	S:ATP2A1;ATP2A2;ATP2A3;B4GALT1;FURIN;LFNG;MFNG;NOTCH1;NOTCH2;NOTCH3;NOTCH4;RAB6A;RFNG;SEL1L;ST3GAL3;ST3GAL4;ST3GAL6;TMED2	S:FURIN;LFNG;NOTCH3;NOTCH4;RAB6A;RFNG;ST3GAL3;ST3GAL4;TMED2
S:REACTOME_SCF_SKP2_MEDIATED_DEGRADATION_OF_P27_P21	D:49	S:ADRM1;CCNA1;CCNA2;CCND1;CCNE1;CCNE2;CDK2;CDK4;CDKN1A;CDKN1B;CKS1B;CUL1;PSMA1;PSMA2;PSMA3;PSMA4;PSMA5;PSMA6;PSMA7;PSMB1;PSMB2;PSMB3;PSMB4;PSMB5;PSMB6;PSMB7;PSMC1;PSMC2;PSMC3;PSMC4;PSMC5;PSMC6;PSMD1;PSMD11;PSMD12;PSMD13;PSMD14;PSMD2;PSMD3;PSMD6;PSMD7;PSMD8;PTK6;RPS27A;SKP1;SKP2;UBA52;UBB;UBC	S:CCNA1;CCNA2;CCND1;CCNE1;CCNE2;CDK4;CDKN1B;CUL1;PSMA1;PSMA3;PSMA4;PSMA5;PSMA6;PSMA7;PSMB1;PSMB2;PSMB3;PSMB4;PSMC5;PSMC6;PSMD1;PSMD11;PSMD12;PSMD14;PSMD2;PSMD3;PSMD6;PSMD7;RPS27A;SKP2;UBC
S:REACTOME_CDK_MEDIATED_PHOSPHORYLATION_AND_REMOVAL_OF_CDC6	D:58	S:ADRM1;ANAPC1;ANAPC10;ANAPC11;ANAPC16;ANAPC2;ANAPC4;ANAPC5;ANAPC7;CCNA1;CCNA2;CCNE1;CCNE2;CDC16;CDC23;CDC26;CDC27;CDC6;CDK2;FZR1;PSMA1;PSMA2;PSMA3;PSMA4;PSMA5;PSMA6;PSMA7;PSMB1;PSMB2;PSMB3;PSMB4;PSMB5;PSMB6;PSMB7;PSMC1;PSMC2;PSMC3;PSMC4;PSMC5;PSMC6;PSMD1;PSMD11;PSMD12;PSMD13;PSMD14;PSMD2;PSMD3;PSMD6;PSMD7;PSMD8;RPS27A;UBA52;UBB;UBC;UBE2C;UBE2D1;UBE2E1;UBE2S	S:ANAPC1;ANAPC10;ANAPC11;ANAPC16;ANAPC4;ANAPC5;ANAPC7;CCNA1;CCNA2;CCNE1;CCNE2;CDC23;CDC26;CDC27;CDC6;PSMA1;PSMA3;PSMA4;PSMA5;PSMA6;PSMA7;PSMB1;PSMB2;PSMB3;PSMB4;PSMC5;PSMC6;PSMD1;PSMD11;PSMD12;PSMD14;PSMD2;PSMD3;PSMD6;PSMD7;RPS27A;UBC;UBE2E1
S:REACTOME_ALK_MUTANTS_BIND_TKIS	D:12	S:ALK;BCL11A;BIRC6;CLTC;EIF2AK3;EML4;FN1;HIP1;NPM1;PPM1B;PRKAR1A;STRN	S:BCL11A;CLTC;EIF2AK3;EML4;HIP1;NPM1;PPM1B;STRN
S:REACTOME_RAB_GERANYLGERANYLATION	D:59	S:CHM;CHML;PTP4A2;RAB10;RAB11A;RAB11B;RAB12;RAB13;RAB14;RAB15;RAB17;RAB18;RAB1A;RAB1B;RAB20;RAB21;RAB22A;RAB23;RAB24;RAB25;RAB26;RAB27A;RAB27B;RAB2A;RAB2B;RAB30;RAB31;RAB32;RAB33A;RAB33B;RAB34;RAB35;RAB36;RAB37;RAB38;RAB39B;RAB3A;RAB3B;RAB3C;RAB3D;RAB40B;RAB40C;RAB42;RAB43;RAB4A;RAB4B;RAB5A;RAB5B;RAB5C;RAB6A;RAB6B;RAB7A;RAB7B;RAB8A;RAB8B;RAB9A;RAB9B;RABGGTA;RABGGTB	S:RAB10;RAB11A;RAB11B;RAB12;RAB13;RAB17;RAB1B;RAB20;RAB21;RAB24;RAB26;RAB27A;RAB27B;RAB2B;RAB32;RAB34;RAB36;RAB38;RAB3A;RAB3B;RAB3C;RAB40C;RAB42;RAB43;RAB4A;RAB4B;RAB5A;RAB5B;RAB5C;RAB6A;RAB8A;RAB8B;RABGGTA
S:REACTOME_GBP_MEDIATED_HOST_DEFENSE	D:14	S:ACTB;ACTG1;CASP1;FNTA;FNTB;FURIN;GBP1;GBP2;GBP3;GBP4;GBP5;PGGT1B;PIM1;SFN	S:ACTB;ACTG1;FNTA;FNTB;GBP1;GBP2;GBP3;GBP4;GBP5;PGGT1B
S:REACTOME_FGFR2C_LIGAND_BINDING_AND_ACTIVATION	D:13	S:FGF1;FGF16;FGF17;FGF18;FGF2;FGF20;FGF23;FGF4;FGF5;FGF6;FGF8;FGF9;FGFR2	S:FGF1;FGF17;FGF20;FGF23;FGF4;FGF5;FGF6;FGF8;FGF9
S:REACTOME_REGULATED_PROTEOLYSIS_OF_P75NTR	D:11	S:ADAM17;APH1A;APH1B;NCSTN;NFKB1;NGFR;PSEN1;PSEN2;PSENEN;RELA;TRAF6	S:ADAM17;APH1A;APH1B;NCSTN;NFKB1;NGFR;PSEN1;PSEN2;RELA;TRAF6
S:REACTOME_REGULATION_OF_EXPRESSION_OF_SLITS_AND_ROBOS	D:155	S:ADRM1;CASC3;COL4A5;CUL2;DAG1;EIF4A3;EIF4G1;ETF1;FAU;GSPT1;GSPT2;HOXA2;ISL1;LDB1;LHX2;LHX3;LHX4;LHX9;MAGOH;MAGOHB;MSI1;NCBP1;NCBP2;PABPC1;PSMA1;PSMA2;PSMA3;PSMA4;PSMA5;PSMA6;PSMA7;PSMB1;PSMB2;PSMB3;PSMB4;PSMB5;PSMB6;PSMB7;PSMC1;PSMC2;PSMC3;PSMC4;PSMC5;PSMC6;PSMD1;PSMD11;PSMD12;PSMD13;PSMD14;PSMD2;PSMD3;PSMD6;PSMD7;PSMD8;RBM8A;RBX1;RNPS1;ROBO1;ROBO2;ROBO3;RPL10;RPL10A;RPL10L;RPL11;RPL12;RPL13;RPL13A;RPL14;RPL15;RPL17;RPL18;RPL18A;RPL19;RPL21;RPL22;RPL22L1;RPL23;RPL23A;RPL24;RPL26;RPL26L1;RPL27;RPL27A;RPL28;RPL29;RPL3;RPL30;RPL31;RPL32;RPL34;RPL35;RPL35A;RPL36;RPL36A;RPL36AL;RPL37;RPL37A;RPL38;RPL39;RPL39L;RPL3L;RPL4;RPL41;RPL5;RPL6;RPL7;RPL7A;RPL8;RPL9;RPLP0;RPLP1;RPLP2;RPS10;RPS11;RPS12;RPS13;RPS14;RPS15;RPS15A;RPS16;RPS17;RPS18;RPS19;RPS2;RPS20;RPS21;RPS23;RPS24;RPS25;RPS26;RPS27;RPS27A;RPS27L;RPS28;RPS29;RPS3;RPS3A;RPS4X;RPS4Y1;RPS4Y2;RPS5;RPS6;RPS7;RPS8;RPS9;RPSA;SLIT1;SLIT2;UBA52;UBB;UBC;UPF2;UPF3A;UPF3B;USP33	S:CASC3;CUL2;DAG1;EIF4A3;ETF1;GSPT2;LHX3;MAGOH;MAGOHB;NCBP1;NCBP2;PABPC1;PSMA1;PSMA3;PSMA4;PSMA5;PSMA6;PSMA7;PSMB1;PSMB2;PSMB3;PSMB4;PSMC5;PSMC6;PSMD1;PSMD11;PSMD12;PSMD14;PSMD2;PSMD3;PSMD6;PSMD7;RBM8A;RNPS1;RPL10;RPL10A;RPL10L;RPL12;RPL13;RPL13A;RPL14;RPL15;RPL18;RPL18A;RPL19;RPL22;RPL23A;RPL26;RPL27;RPL27A;RPL28;RPL29;RPL3;RPL30;RPL32;RPL35;RPL35A;RPL36;RPL36A;RPL36AL;RPL37;RPL37A;RPL38;RPL39L;RPL4;RPL5;RPL6;RPL7A;RPL8;RPLP0;RPLP1;RPLP2;RPS11;RPS13;RPS15;RPS16;RPS18;RPS19;RPS20;RPS21;RPS23;RPS25;RPS26;RPS27A;RPS27L;RPS28;RPS4X;RPS4Y1;RPS4Y2;RPS6;RPS8;UBC;UPF3A;UPF3B;USP33
S:REACTOME_TRANSCRIPTION_OF_E2F_TARGETS_UNDER_NEGATIVE_CONTROL_BY_DREAM_COMPLEX	D:19	S:CDC25A;CDC6;E2F1;E2F4;E2F5;HDAC1;LIN37;LIN52;LIN54;LIN9;MAX;MYC;PCNA;RBBP4;RBL1;RBL2;TFDP1;TFDP2;TOP2A	S:CDC6;E2F1;E2F5;HDAC1;LIN37;LIN52;MYC;PCNA;RBBP4;RBL1;RBL2;TFDP2;TOP2A
S:REACTOME_ACYL_CHAIN_REMODELLING_OF_PE	D:22	S:ABHD4;LPCAT3;LPCAT4;MBOAT1;MBOAT2;PLA2G10;PLA2G12A;PLA2G1B;PLA2G2A;PLA2G2D;PLA2G2E;PLA2G2F;PLA2G3;PLA2G4A;PLA2G4C;PLA2G4D;PLA2G4F;PLA2G5;PLA2G6;PLA2R1;PLBD1;PNPLA8	S:ABHD4;LPCAT3;LPCAT4;MBOAT2;PLA2G10;PLA2G2A;PLA2G2D;PLA2G2F;PLA2G4D;PLA2G5;PLA2G6;PLA2R1
S:REACTOME_SARS_COV_INFECTIONS	D:401	S:AAAS;ACE2;AGRN;AKT1;AKT2;AKT3;ANO1;ANO10;ANO2;ANO3;ANO4;ANO5;ANO6;ANO7;ANO8;ANO9;AP2A1;AP2A2;AP2B1;AP2M1;AP2S1;ARID4A;ARID4B;ATG14;ATP1A1;ATP1A2;ATP1A3;ATP1A4;ATP1B1;ATP1B2;ATP1B3;B2M;BCL2L1;BECN1;BLNK;BRD4;BRMS1;BST2;BTK;CANX;CASP1;CAV1;CD79A;CD79B;CHD3;CHD4;CHMP2A;CHMP2B;CHMP4A;CHMP4B;CHMP4C;CHMP6;CHMP7;CHUK;CNBP;COMT;CRB3;CRBN;CREBBP;CSNK1A1;CUL3;CYSLTR1;DAD1;DDOST;DDX20;DDX5;EDEM2;EEF1A1;EP300;FAU;FKBP1A;FKBP4;FNTA;FNTB;FURIN;FUT8;FXYD1;FXYD2;FXYD3;FXYD4;FXYD6;FXYD7;G3BP1;G3BP2;GALNT1;GANAB;GATAD2A;GATAD2B;GEMIN4;GEMIN5;GEMIN6;GEMIN7;GEMIN8;GJA1;GOLGA7;GPC1;GPC2;GPC3;GPC4;GPC5;GPC6;GRB2;GSK3A;GSK3B;HAVCR1;HDAC1;HDAC2;HLA-A;HLA-B;HLA-C;HLA-E;HLA-F;HLA-G;HMG20B;HNRNPA1;HSP90AA1;HSP90AB1;HSPG2;IFIH1;IFNA10;IFNA16;IFNA2;IFNA21;IFNA4;IFNA5;IFNA6;IFNA8;IFNAR1;IFNAR2;IFNB1;IFNGR1;IFNGR2;IGHD;IGLV6-57;IKBKB;IKBKE;IKBKG;IL17A;IL17F;IL17RA;IL17RC;IL1R1;IL6R;IMPDH1;IMPDH2;IRAK1;IRAK2;IRF3;IRF7;ISCU;ISG15;ITCH;ITGA4;ITGB1;JAK1;JAK2;JAK3;KDM1A;KEAP1;KPNA2;KPNB1;LARP1;MAGT1;MAN1B1;MAN2A1;MAP1LC3B;MAP3K7;MASP1;MASP2;MAVS;MBD3;MBL2;MGAT1;MGAT2;MGAT4A;MGAT4B;MGAT4C;MGAT5;MOGS;MTA1;MTA2;MTA3;NCK1;NFE2L2;NFKB1;NFKBIA;NLRP12;NLRP3;NMI;NOD1;NOD2;NPM1;NR3C1;NRP1;NUP107;NUP133;NUP153;NUP155;NUP160;NUP188;NUP205;NUP210;NUP214;NUP35;NUP37;NUP43;NUP50;NUP54;NUP62;NUP85;NUP88;NUP93;NUP98;OST4;OSTC;PARP10;PARP14;PARP16;PARP4;PARP6;PARP8;PARP9;PCBP2;PDCD1;PDPK1;PHF21A;PIK3C3;PIK3R4;PKLR;PLCG2;POM121;PPIA;PPIB;PPIG;PPIH;PRKCSH;PRMT1;PSMC6;PTGES3;PTPN11;PTPN6;PYCARD;RAE1;RANBP2;RB1;RBBP4;RBBP7;RBX1;RCAN3;RCOR1;RELA;REST;RIPK1;RIPK2;RIPK3;RNF135;ROCK1;ROCK2;RPN1;RPN2;RPS10;RPS11;RPS12;RPS13;RPS14;RPS15;RPS15A;RPS16;RPS17;RPS18;RPS19;RPS2;RPS20;RPS21;RPS23;RPS24;RPS25;RPS26;RPS27;RPS27A;RPS27L;RPS28;RPS29;RPS3;RPS3A;RPS4X;RPS4Y1;RPS4Y2;RPS5;RPS6;RPS7;RPS8;RPS9;RPSA;RUNX1;S1PR1;SAP18;SAP30;SAP30L;SAR1B;SDC1;SDC2;SDC3;SDC4;SEC13;SEC23A;SEC24A;SEC24B;SEC24C;SEC24D;SEH1L;SERPINE1;SFN;SFTPD;SH3KBP1;SIGMAR1;SIKE1;SMAD3;SMAD4;SMN1;SMN2;SNRPB;SNRPD1;SNRPD2;SNRPD3;SNRPE;SNRPF;SNRPG;SOS1;SP1;SRPK1;SRPK2;ST3GAL1;ST3GAL2;ST3GAL3;ST3GAL4;ST6GAL1;ST6GALNAC2;ST6GALNAC3;ST6GALNAC4;STAT1;STAT2;STT3A;STT3B;SUDS3;SUMO1;SYK;TAB1;TAB2;TAB3;TBK1;TJP1;TLR1;TLR2;TLR7;TLR8;TLR9;TMPRSS2;TPR;TRAF3;TRAF6;TRIM25;TRIM4;TUBB;TUFM;TUSC3;TYK2;UBA52;UBB;UBC;UBE2I;UBE2N;UBE2V1;UVRAG;VAV1;VCP;VEGFA;VHL;VPS11;VPS16;VPS18;VPS33A;VPS33B;VPS39;VPS41;VPS45;YWHAB;YWHAE;YWHAG;YWHAH;YWHAQ;YWHAZ;ZBP1;ZCRB1;ZDHHC11;ZDHHC2;ZDHHC20;ZDHHC3;ZDHHC5;ZDHHC8;ZDHHC9	S:ACE2;AKT2;AKT3;ANO2;ANO5;ANO6;ARID4A;ARID4B;ATG14;ATP1A1;ATP1B1;ATP1B3;B2M;BLNK;BRD4;BST2;CANX;CAV1;CD79B;CHD4;CHMP2A;CHMP2B;CHMP4A;CNBP;CRB3;CRBN;CREBBP;CSNK1A1;CUL3;CYSLTR1;DAD1;DDOST;DDX20;DDX5;EP300;FNTA;FNTB;FUT8;FXYD1;FXYD2;FXYD7;G3BP1;G3BP2;GALNT1;GANAB;GATAD2A;GATAD2B;GEMIN4;GEMIN5;GEMIN8;GOLGA7;GPC1;GPC2;GPC3;GRB2;GSK3A;GSK3B;HAVCR1;HDAC1;HDAC2;HLA-A;HLA-B;HLA-C;HLA-E;HLA-G;HNRNPA1;HSP90AA1;HSP90AB1;HSPG2;IFIH1;IFNA21;IFNA5;IFNAR2;IFNB1;IFNGR1;IGHD;IGLV6-57;IKBKB;IL17A;IL6R;IMPDH2;ISCU;ITCH;ITGA4;ITGB1;JAK1;KEAP1;KPNA2;KPNB1;LARP1;MAGT1;MAN2A1;MAP3K7;MBL2;MGAT1;MGAT2;MGAT4A;MGAT5;MTA3;NCK1;NFE2L2;NFKB1;NFKBIA;NMI;NOD1;NOD2;NPM1;NR3C1;NRP1;NUP107;NUP133;NUP153;NUP155;NUP160;NUP188;NUP205;NUP210;NUP35;NUP37;NUP43;NUP50;NUP54;NUP62;NUP85;NUP88;NUP93;NUP98;OSTC;PARP14;PARP16;PARP8;PDCD1;PIK3C3;PIK3R4;PLCG2;POM121;PPIB;PPIG;PRMT1;PSMC6;PTPN11;RAE1;RANBP2;RB1;RBBP4;RBBP7;RCAN3;RCOR1;RELA;REST;RIPK1;ROCK1;ROCK2;RPN1;RPN2;RPS11;RPS13;RPS15;RPS16;RPS18;RPS19;RPS20;RPS21;RPS23;RPS25;RPS26;RPS27A;RPS27L;RPS28;RPS4X;RPS4Y1;RPS4Y2;RPS6;RPS8;RUNX1;S1PR1;SAP18;SAR1B;SDC2;SDC3;SDC4;SEC13;SEC23A;SEC24A;SEC24B;SEC24C;SEC24D;SEH1L;SERPINE1;SH3KBP1;SIGMAR1;SIKE1;SMAD3;SMAD4;SMN1;SMN2;SNRPD1;SNRPD2;SNRPD3;SNRPF;SOS1;SRPK1;SRPK2;ST6GAL1;ST6GALNAC2;ST6GALNAC3;STAT1;STT3A;STT3B;SYK;TAB2;TAB3;TBK1;TLR1;TLR2;TLR7;TPR;TRAF3;TRAF6;TRIM4;TUBB;TUFM;TUSC3;UBC;UBE2I;UBE2N;UVRAG;VAV1;VCP;VEGFA;VHL;VPS11;VPS33A;VPS41;VPS45;YWHAB;YWHAG;YWHAH;YWHAQ;YWHAZ;ZBP1;ZCRB1;ZDHHC11;ZDHHC20
S:REACTOME_MAPK3_ERK1_ACTIVATION	D:10	S:CDK1;IL6;IL6R;IL6ST;JAK1;JAK2;MAP2K1;MAPK3;PTPN11;TYK2	S:CDK1;IL6;IL6R;IL6ST;JAK1;MAP2K1;PTPN11
S:REACTOME_METABOLISM_OF_FOLATE_AND_PTERINES	D:16	S:ALDH1L1;ALDH1L2;DHFR;FOLR2;FPGS;MTHFD1;MTHFD1L;MTHFD2;MTHFD2L;MTHFR;MTHFS;SHMT1;SHMT2;SLC19A1;SLC25A32;SLC46A1	S:ALDH1L1;ALDH1L2;DHFR;MTHFD1;MTHFD1L;MTHFD2;MTHFD2L;MTHFR;MTHFS;SHMT1;SHMT2;SLC25A32;SLC46A1
S:REACTOME_PHOSPHORYLATION_OF_THE_APC_C	D:19	S:ANAPC1;ANAPC10;ANAPC11;ANAPC16;ANAPC2;ANAPC4;ANAPC5;ANAPC7;CCNB1;CDC16;CDC23;CDC26;CDC27;CDK1;PLK1;UBE2C;UBE2D1;UBE2E1;UBE2S	S:ANAPC1;ANAPC10;ANAPC11;ANAPC16;ANAPC4;ANAPC5;ANAPC7;CCNB1;CDC23;CDC26;CDC27;CDK1;PLK1;UBE2E1
S:REACTOME_MITOCHONDRIAL_TRANSLATION_ELONGATION	D:85	S:AURKAIP1;CHCHD1;DAP3;ERAL1;GADD45GIP1;GFM1;MRPL1;MRPL10;MRPL11;MRPL12;MRPL13;MRPL14;MRPL15;MRPL16;MRPL17;MRPL18;MRPL19;MRPL2;MRPL20;MRPL21;MRPL22;MRPL23;MRPL24;MRPL27;MRPL28;MRPL3;MRPL30;MRPL32;MRPL33;MRPL34;MRPL35;MRPL36;MRPL37;MRPL38;MRPL39;MRPL4;MRPL40;MRPL41;MRPL42;MRPL43;MRPL44;MRPL45;MRPL46;MRPL47;MRPL48;MRPL49;MRPL50;MRPL51;MRPL52;MRPL53;MRPL54;MRPL55;MRPL9;MRPS10;MRPS11;MRPS12;MRPS14;MRPS15;MRPS16;MRPS17;MRPS18A;MRPS18B;MRPS18C;MRPS2;MRPS21;MRPS22;MRPS23;MRPS24;MRPS25;MRPS26;MRPS27;MRPS28;MRPS30;MRPS31;MRPS33;MRPS34;MRPS35;MRPS5;MRPS6;MRPS7;MRPS9;OXA1L;PTCD3;TSFM;TUFM	S:AURKAIP1;DAP3;GFM1;MRPL1;MRPL10;MRPL13;MRPL14;MRPL16;MRPL17;MRPL18;MRPL19;MRPL20;MRPL21;MRPL24;MRPL3;MRPL32;MRPL34;MRPL35;MRPL38;MRPL39;MRPL43;MRPL44;MRPL45;MRPL46;MRPL47;MRPL48;MRPL50;MRPL51;MRPL52;MRPL54;MRPL55;MRPL9;MRPS10;MRPS12;MRPS14;MRPS16;MRPS17;MRPS18B;MRPS2;MRPS22;MRPS23;MRPS24;MRPS25;MRPS26;MRPS27;MRPS28;MRPS30;MRPS31;MRPS33;MRPS34;MRPS35;MRPS5;MRPS6;MRPS7;MRPS9;PTCD3;TSFM;TUFM
S:REACTOME_FRS_MEDIATED_FGFR2_SIGNALING	D:25	S:FGF1;FGF10;FGF16;FGF17;FGF18;FGF2;FGF20;FGF22;FGF23;FGF3;FGF4;FGF5;FGF6;FGF7;FGF8;FGF9;FGFR2;FRS2;FRS3;GRB2;HRAS;KRAS;NRAS;PTPN11;SOS1	S:FGF1;FGF10;FGF17;FGF20;FGF22;FGF23;FGF3;FGF4;FGF5;FGF6;FGF8;FGF9;FRS2;FRS3;HRAS;NRAS
S:REACTOME_VEGFR2_MEDIATED_VASCULAR_PERMEABILITY	D:27	S:AKT1;AKT2;AKT3;CALM1;CAV1;CDH5;CTNNA1;CTNNB1;CTNND1;HSP90AA1;JUP;MAPKAP1;MLST8;MTOR;NOS3;PAK1;PAK2;PAK3;PDPK1;PRR5;RAC1;RICTOR;THEM4;TRIB3;VAV1;VAV2;VAV3	S:AKT2;AKT3;CALM1;CAV1;CDH5;HSP90AA1;MAPKAP1;MTOR;PAK1;PAK2;PAK3;RAC1;THEM4;TRIB3;VAV1;VAV2;VAV3
S:REACTOME_MYOGENESIS	D:28	S:ABL1;BNIP2;BOC;CDC42;CDH15;CDH2;CDH4;CDON;CTNNA1;CTNNA2;CTNNB1;MAP2K6;MAPK11;MAPK12;MAPK14;MEF2A;MEF2C;MEF2D;MYF5;MYF6;MYOD1;MYOG;NEO1;NTN3;SPAG9;TCF12;TCF3;TCF4	S:CDH15;CDH2;CDON;CTNNA1;CTNNB1;MAP2K6;MAPK11;MAPK12;MAPK14;MEF2A;MEF2D;MYF5;MYF6;MYOG;NTN3
S:REACTOME_SIGNALING_BY_NTRK3_TRKC	D:16	S:BAX;GRB2;HRAS;IRS1;KRAS;NRAS;NTF3;NTRK3;PIK3CA;PIK3R1;PLCG1;PTPRO;PTPRS;SHC1;SOS1;SRC	S:GRB2;IRS1;KRAS;NTRK3;PIK3CA;PIK3R1;PLCG1;PTPRO;PTPRS;SHC1;SOS1
S:REACTOME_METABOLISM_OF_WATER_SOLUBLE_VITAMINS_AND_COFACTORS	D:112	S:AASDHPPT;ABCC1;ABCD4;ACACA;ACACB;ACP5;ALDH1L1;ALDH1L2;AMN;AOX1;BST1;BTD;CD320;CD38;COASY;CTRB1;CTRB2;CUBN;CYB5A;CYB5R3;DCAKD;DHFR;ENPP1;ENPP2;ENPP3;FASN;FLAD1;FOLR2;FPGS;GPHN;GSTO1;GSTO2;HLCS;LDLRAP1;LMBRD1;LRP2;MCCC1;MCCC2;MMAA;MMAB;MMACHC;MMADHC;MOCOS;MOCS1;MOCS2;MOCS3;MTHFD1;MTHFD1L;MTHFD2;MTHFD2L;MTHFR;MTHFS;MTR;MTRR;NADK;NADSYN1;NAMPT;NFS1;NMNAT1;NMNAT2;NMNAT3;NNMT;NT5E;NUDT12;NUDT8;PANK1;PANK2;PANK3;PANK4;PARP10;PARP14;PARP16;PARP4;PARP6;PARP8;PARP9;PC;PCCA;PCCB;PDXK;PDZD11;PNPO;PPCDC;PPCS;PRSS1;PRSS3;QPRT;RFK;RNLS;SHMT1;SHMT2;SLC19A1;SLC19A2;SLC19A3;SLC22A13;SLC23A1;SLC23A2;SLC25A16;SLC25A19;SLC25A32;SLC25A42;SLC2A1;SLC2A3;SLC46A1;SLC5A6;SLC5A8;TCN1;TCN2;THTPA;TPK1;VNN1;VNN2	S:AASDHPPT;ABCD4;ACACA;ACACB;ACP5;ALDH1L1;ALDH1L2;AOX1;BTD;CD38;CTRB1;CUBN;CYB5A;DCAKD;DHFR;ENPP1;ENPP2;ENPP3;FASN;GPHN;GSTO2;HLCS;LDLRAP1;LMBRD1;MCCC1;MCCC2;MMAA;MMAB;MMACHC;MMADHC;MOCS1;MOCS2;MTHFD1;MTHFD1L;MTHFD2;MTHFD2L;MTHFR;MTHFS;MTR;MTRR;NFS1;NNMT;NT5E;NUDT12;PANK1;PANK3;PARP14;PARP16;PARP8;PC;PCCA;PDXK;PNPO;PPCS;PRSS1;PRSS3;QPRT;RFK;SHMT1;SHMT2;SLC19A2;SLC22A13;SLC23A1;SLC23A2;SLC25A16;SLC25A19;SLC25A32;SLC25A42;SLC2A1;SLC46A1;SLC5A6;TCN2;TPK1;VNN2
S:REACTOME_DAG_AND_IP3_SIGNALING	D:40	S:ADCY1;ADCY2;ADCY3;ADCY4;ADCY5;ADCY6;ADCY7;ADCY8;ADCY9;AHCYL1;CALM1;CAMK2A;CAMK2B;CAMK2D;CAMK2G;CAMK4;CAMKK1;CAMKK2;CREB1;ITPR1;ITPR2;ITPR3;KPNA2;NBEA;PDE1A;PDE1B;PDE1C;PLCG1;PRKACA;PRKACB;PRKACG;PRKAR1A;PRKAR1B;PRKAR2A;PRKAR2B;PRKCA;PRKCD;PRKCE;PRKCG;PRKX	S:ADCY1;ADCY3;ADCY4;ADCY5;ADCY7;ADCY9;AHCYL1;CALM1;CAMK2A;CAMK2B;CAMK2D;CAMK2G;CAMK4;CREB1;ITPR1;ITPR2;ITPR3;KPNA2;NBEA;PLCG1;PRKACB;PRKACG;PRKAR2A;PRKAR2B;PRKCA;PRKCE;PRKX
S:REACTOME_DEFECTIVE_C1GALT1C1_CAUSES_TNPS	D:16	S:C1GALT1;C1GALT1C1;MUC1;MUC12;MUC13;MUC15;MUC16;MUC17;MUC20;MUC3A;MUC4;MUC5AC;MUC5B;MUC6;MUC7;MUCL1	S:C1GALT1C1;MUC1;MUC12;MUC13;MUC17;MUC4;MUC5AC;MUC5B;MUC6
S:REACTOME_DISSOLUTION_OF_FIBRIN_CLOT	D:13	S:ANXA2;HRG;PLAT;PLAU;PLAUR;PLG;S100A10;SERPINB2;SERPINB6;SERPINB8;SERPINE1;SERPINE2;SERPINF2	S:HRG;PLAT;PLAU;PLAUR;PLG;S100A10;SERPINB2;SERPINE1;SERPINE2;SERPINF2
S:REACTOME_GLYCOSPHINGOLIPID_METABOLISM	D:55	S:A4GALT;ARSA;ARSB;ARSD;ARSF;ARSG;ARSI;ARSJ;ARSK;ASAH1;ASAH2;B3GALNT1;B3GALT4;B3GNT5;B4GALNT1;B4GALT5;B4GALT6;CERK;CTSA;ENPP7;FUT1;FUT2;GAL3ST1;GALC;GBA2;GBA3;GLA;GLB1;GLB1L;GLB1L2;GLB1L3;GM2A;HEXA;HEXB;M6PR;NEU1;NEU2;NEU3;NEU4;PSAP;SMPD1;SMPD2;SMPD3;SMPD4;ST3GAL2;ST3GAL3;ST3GAL5;ST6GALNAC5;ST6GALNAC6;ST8SIA5;STS;SUMF1;SUMF2;UGCG;UGT8	S:A4GALT;ARSA;ARSI;ASAH1;ASAH2;B3GALNT1;B3GNT5;B4GALNT1;B4GALT5;CERK;ENPP7;FUT2;GBA2;GLB1;GLB1L;GM2A;M6PR;NEU1;SMPD1;SMPD2;SMPD3;ST3GAL2;ST3GAL3;ST6GALNAC5;ST6GALNAC6;UGCG
S:REACTOME_SIGNALING_BY_VEGF	D:104	S:AAMP;ABI1;ABI2;ACTB;ACTG1;AHCYL1;AKT1;AKT2;AKT3;AXL;BAIAP2;BCAR1;CALM1;CAV1;CDC42;CDH5;CRK;CTNNA1;CTNNB1;CTNND1;CYBA;CYBB;CYFIP1;CYFIP2;DOCK1;ELMO1;ELMO2;FLT1;FLT4;FYN;HRAS;HSP90AA1;HSPB1;ITGAV;ITGB3;ITPR1;ITPR2;ITPR3;JUP;KDR;KRAS;MAPK11;MAPK12;MAPK13;MAPK14;MAPKAP1;MAPKAPK2;MAPKAPK3;MLST8;MTOR;NCF1;NCF2;NCF4;NCK1;NCK2;NCKAP1;NCKAP1L;NOS3;NRAS;NRP1;NRP2;PAK1;PAK2;PAK3;PDPK1;PGF;PIK3CA;PIK3CB;PIK3R1;PIK3R2;PLCG1;PRKACA;PRKACB;PRKACG;PRKCA;PRKCB;PRKCD;PRKCZ;PRR5;PTK2;PTK2B;PXN;RAC1;RASA1;RHOA;RICTOR;ROCK1;ROCK2;SH2D2A;SHB;SHC2;SPHK1;SRC;THEM4;TRIB3;VAV1;VAV2;VAV3;VEGFA;VEGFB;VEGFC;WASF1;WASF2;WASF3	S:AAMP;ABI1;ABI2;ACTB;ACTG1;AHCYL1;AKT2;AKT3;BCAR1;CALM1;CAV1;CDC42;CDH5;CYFIP1;CYFIP2;ELMO1;ELMO2;FLT4;FYN;HSP90AA1;ITGB3;ITPR1;ITPR2;ITPR3;KDR;KRAS;MAPKAP1;MTOR;NCF1;NCF2;NCK1;NCKAP1;NRP1;NRP2;PAK1;PAK2;PAK3;PIK3CA;PIK3CB;PIK3R1;PLCG1;PRKACB;PRKACG;PRKCA;PRKCB;PRKCZ;PTK2;RAC1;RASA1;RHOA;ROCK1;ROCK2;SH2D2A;SHB;SHC2;THEM4;TRIB3;VAV1;VAV2;VAV3;VEGFA;VEGFB;VEGFC;WASF2;WASF3
S:REACTOME_CYCLIN_A_CDK2_ASSOCIATED_EVENTS_AT_S_PHASE_ENTRY	D:74	S:ADRM1;AKT1;AKT2;AKT3;CABLES1;CCNA1;CCNA2;CCND1;CCNE1;CCNE2;CCNH;CDC25A;CDC25B;CDK2;CDK4;CDK7;CDKN1A;CDKN1B;CKS1B;CUL1;E2F1;E2F4;E2F5;FZR1;LIN37;LIN52;LIN54;LIN9;MAX;MNAT1;MYC;PSMA1;PSMA2;PSMA3;PSMA4;PSMA5;PSMA6;PSMA7;PSMB1;PSMB2;PSMB3;PSMB4;PSMB5;PSMB6;PSMB7;PSMC1;PSMC2;PSMC3;PSMC4;PSMC5;PSMC6;PSMD1;PSMD11;PSMD12;PSMD13;PSMD14;PSMD2;PSMD3;PSMD6;PSMD7;PSMD8;PTK6;RB1;RBBP4;RBL2;RPS27A;SKP1;SKP2;TFDP1;TFDP2;UBA52;UBB;UBC;WEE1	S:AKT2;AKT3;CABLES1;CCNA1;CCNA2;CCND1;CCNE1;CCNE2;CCNH;CDC25B;CDK4;CDK7;CDKN1B;CUL1;E2F1;E2F5;LIN37;LIN52;MNAT1;MYC;PSMA1;PSMA3;PSMA4;PSMA5;PSMA6;PSMA7;PSMB1;PSMB2;PSMB3;PSMB4;PSMC5;PSMC6;PSMD1;PSMD11;PSMD12;PSMD14;PSMD2;PSMD3;PSMD6;PSMD7;RB1;RBBP4;RBL2;RPS27A;SKP2;TFDP2;UBC;WEE1
S:REACTOME_NOTCH4_INTRACELLULAR_DOMAIN_REGULATES_TRANSCRIPTION	D:20	S:ACTA2;CREBBP;EP300;FLT4;HES1;HES5;HEY1;HEY2;KAT2A;KAT2B;MAML1;MAML2;MAML3;MAMLD1;NOTCH1;NOTCH2;NOTCH4;RBPJ;SMAD3;SNW1	S:CREBBP;EP300;FLT4;HES5;HEY1;HEY2;KAT2A;MAML1;MAML3;MAMLD1;NOTCH1;NOTCH2;SMAD3;SNW1
S:REACTOME_TOLL_LIKE_RECEPTOR_9_TLR9_CASCADE	D:106	S:AGER;ALPK1;APP;ATF1;ATF2;BTRC;CASP8;CD14;CHUK;CREB1;CUL1;DUSP3;DUSP4;DUSP6;DUSP7;ECSIT;EEA1;ELK1;FBXW11;FOS;HMGB1;IKBIP;IKBKB;IKBKG;IRAK1;IRAK2;IRAK4;IRF5;IRF7;JUN;LRRC14;LY96;MAP2K1;MAP2K3;MAP2K4;MAP2K6;MAP2K7;MAP3K1;MAP3K7;MAP3K8;MAPK1;MAPK10;MAPK11;MAPK14;MAPK3;MAPK7;MAPK8;MAPK9;MAPKAPK2;MAPKAPK3;MEF2A;MEF2C;MYD88;N4BP1;NFKB1;NFKB2;NFKBIA;NFKBIB;NKIRAS1;NKIRAS2;NLRC5;NLRX1;NOD1;NOD2;PELI1;PELI2;PELI3;PIK3C3;PIK3R4;PPP2CA;PPP2CB;PPP2R1A;PPP2R1B;PPP2R5D;RELA;RIPK2;RPS27A;RPS6KA1;RPS6KA2;RPS6KA3;RPS6KA5;S100A12;S100B;SAA1;SKP1;SLC15A4;TAB1;TAB2;TAB3;TICAM1;TIFA;TLR4;TLR7;TLR9;TNIP2;TP53;TRAF2;TRAF6;UBA52;UBB;UBC;UBE2N;UBE2V1;USP14;USP18;VRK3	S:AGER;ALPK1;CASP8;CHUK;DUSP3;DUSP4;DUSP7;ECSIT;IKBKG;IRAK1;IRAK2;IRAK4;IRF5;IRF7;LY96;MAP2K3;MAP2K6;MAP2K7;MAP3K8;MAPK10;MAPK11;MAPK14;MAPK3;MAPK7;MAPKAPK2;MAPKAPK3;MEF2A;MYD88;N4BP1;NFKB2;NFKBIB;NKIRAS2;NLRC5;PPP2CA;PPP2R1A;RIPK2;RPS6KA1;RPS6KA2;S100A12;S100B;SAA1;SKP1;SLC15A4;TAB1;TIFA;TLR4;TLR9;TNIP2;UBA52;UBB;UBE2V1;VRK3
S:REACTOME_INACTIVATION_OF_CSF3_G_CSF_SIGNALING	D:23	S:CSF3;CSF3R;CUL5;HCK;JAK1;JAK2;LYN;RNF7;RPS27A;SOCS1;SOCS3;STAT1;STAT3;STAT5A;STAT5B;SYK;TYK2;UBA52;UBB;UBC;UBE2D1;UBE2D2;UBE2D3	S:CSF3;CSF3R;HCK;JAK2;SOCS3;STAT3;STAT5A;STAT5B;TYK2;UBA52;UBB;UBE2D1
S:REACTOME_TANDEM_PORE_DOMAIN_POTASSIUM_CHANNELS	D:12	S:KCNK1;KCNK10;KCNK13;KCNK16;KCNK17;KCNK18;KCNK2;KCNK3;KCNK4;KCNK6;KCNK7;KCNK9	S:KCNK1;KCNK16;KCNK18;KCNK2;KCNK3;KCNK4;KCNK7
S:REACTOME_TRANSLOCATION_OF_SLC2A4_GLUT4_TO_THE_PLASMA_MEMBRANE	D:66	S:ACTB;ACTG1;AKT1;AKT2;ASPSCR1;CALM1;EXOC1;EXOC2;EXOC3;EXOC4;EXOC5;EXOC6;EXOC7;EXOC8;KIF3A;KIF3B;KIFAP3;LNPEP;MYH9;MYO1C;MYO5A;PRKAA2;PRKAB1;PRKAB2;PRKAG1;PRKAG2;PRKAG3;RAB10;RAB11A;RAB13;RAB14;RAB4A;RAB8A;RAC1;RALA;RALGAPA2;RALGAPB;RHOQ;SFN;SLC2A4;SNAP23;STX4;STXBP3;TBC1D1;TBC1D4;TUBA1A;TUBA1B;TUBA1C;TUBA3C;TUBA3D;TUBA4A;TUBA8;TUBAL3;TUBB1;TUBB2A;TUBB2B;TUBB3;TUBB6;TUBB8;VAMP2;YWHAB;YWHAE;YWHAG;YWHAH;YWHAQ;YWHAZ	S:ACTB;ACTG1;AKT2;CALM1;EXOC1;EXOC2;EXOC4;EXOC5;EXOC8;KIF3A;KIF3B;KIFAP3;LNPEP;MYH9;MYO1C;MYO5A;PRKAB1;PRKAB2;PRKAG2;RAB14;RAC1;RALA;RALGAPA2;RALGAPB;RHOQ;SNAP23;STXBP3;TBC1D1;TBC1D4;TUBA1B;TUBA3C;TUBA4A;TUBB1;YWHAB;YWHAG;YWHAH;YWHAQ;YWHAZ
S:REACTOME_PYROPTOSIS	D:25	S:BAK1;BAX;CASP1;CASP3;CASP4;CASP5;CHMP2A;CHMP2B;CHMP4A;CHMP4B;CHMP4C;CHMP6;CHMP7;CYCS;ELANE;GSDMD;GZMB;HMGB1;IL18;IL1A;IL1B;IRF1;IRF2;TP53;TP63	S:BAK1;BAX;CASP1;CASP5;CHMP4B;CHMP4C;CHMP6;CHMP7;ELANE;GSDMD;IL18;IL1A;IL1B;IRF1;IRF2
S:REACTOME_REGULATION_OF_TBK1_IKK_MEDIATED_ACTIVATION_OF_IRF3_IRF7_UPON_TLR3_LIGATION	D:11	S:IKBKE;OPTN;RPS27A;TANK;TBK1;TICAM1;TLR3;TRAF3;UBA52;UBB;UBC	S:RPS27A;TANK;TBK1;TICAM1;TLR3;TRAF3;UBC
S:REACTOME_INTERLEUKIN_2_FAMILY_SIGNALING	D:44	S:CSF2;CSF2RA;CSF2RB;GAB2;GRB2;HAVCR2;IL15;IL15RA;IL2;IL21;IL21R;IL2RA;IL2RB;IL2RG;IL3;IL3RA;IL5;IL5RA;IL9;IL9R;INPP5D;INPPL1;JAK1;JAK2;JAK3;LCK;LGALS9;PIK3CA;PIK3CB;PIK3CD;PIK3R1;PIK3R2;PIK3R3;PTK2B;PTPN6;SHC1;SOS1;SOS2;STAT1;STAT3;STAT4;STAT5A;STAT5B;SYK	S:CSF2RA;CSF2RB;GAB2;HAVCR2;IL2;IL2RG;IL5;IL5RA;IL9;IL9R;INPPL1;JAK2;JAK3;LGALS9;PIK3CD;PIK3R2;PTK2B;PTPN6;STAT3;STAT5A;STAT5B
S:REACTOME_INTERFERON_SIGNALING	D:264	S:AAAS;ABCE1;ACTB;ACTG1;ADAR;ARIH1;ATF6;B2M;BECN1;BST2;CAMK2A;CAMK2B;CAMK2D;CAMK2G;CASP1;CD44;CDK1;CHUK;CIITA;DHX9;DNAJC3;EGR1;EIF2AK2;EIF2AK3;EIF2S1;EIF2S2;EIF2S3;EIF4A1;EIF4A2;EIF4A3;EIF4E;EIF4E2;EIF4E3;EIF4G1;EIF4G2;EIF4G3;FANCA;FANCB;FANCC;FANCE;FANCF;FANCG;FANCL;FANCM;FKBP5;FLNA;FLNB;FNTA;FNTB;FURIN;GBP1;GBP2;GBP3;GBP4;GBP5;GBP6;GBP7;HERC5;HLA-A;HLA-B;HLA-C;HLA-DPA1;HLA-DPB1;HLA-DQA1;HLA-DQA2;HLA-DQB1;HLA-DQB2;HLA-DRA;HLA-DRB1;HLA-DRB3;HLA-DRB4;HLA-DRB5;HLA-E;HLA-F;HLA-G;HLA-H;HSPA1A;HSPA1L;HSPA2;HSPA5;HSPA8;ICAM1;IFI27;IFI30;IFI35;IFI44;IFI44L;IFI6;IFIH1;IFIT1;IFIT2;IFIT3;IFIT5;IFITM1;IFITM2;IFITM3;IFNA10;IFNA16;IFNA2;IFNA21;IFNA4;IFNA5;IFNA6;IFNA8;IFNAR1;IFNAR2;IFNB1;IFNG;IFNGR1;IFNGR2;IKBKB;IKBKG;ILF2;ILF3;IP6K2;IRF1;IRF2;IRF3;IRF4;IRF5;IRF6;IRF7;IRF8;IRF9;ISG15;ISG20;JAK1;JAK2;KPNA1;KPNA2;KPNA3;KPNA4;KPNA5;KPNB1;MAP2K6;MAPK1;MAPK3;MAPT;MAVS;MID1;MT2A;MX1;MX2;NCAM1;NCK1;NEDD4;NPM1;NUP107;NUP133;NUP153;NUP155;NUP160;NUP188;NUP205;NUP210;NUP214;NUP35;NUP37;NUP43;NUP50;NUP54;NUP62;NUP85;NUP88;NUP93;NUP98;OAS1;OAS2;OAS3;OASL;PDE12;PGGT1B;PIAS1;PIM1;PIN1;PLCG1;PML;POM121;PPM1B;PPP2CA;PPP2CB;PPP2R1A;PPP2R1B;PPP2R5A;PRKCD;PRKRA;PSMB8;PTAFR;PTPN1;PTPN11;PTPN2;PTPN6;RAE1;RAF1;RANBP2;RNASEL;RPS27A;RSAD2;SAMHD1;SEC13;SEH1L;SFN;SMAD7;SNCA;SOCS1;SOCS3;SP100;SPHK1;STAT1;STAT2;STAT3;SUMO1;TARBP2;TP53;TPR;TRIM10;TRIM14;TRIM17;TRIM2;TRIM21;TRIM22;TRIM25;TRIM26;TRIM29;TRIM3;TRIM31;TRIM34;TRIM35;TRIM38;TRIM45;TRIM46;TRIM48;TRIM5;TRIM6;TRIM62;TRIM68;TRIM8;TUBA1A;TUBA1B;TUBA1C;TUBA3C;TUBA3D;TUBA4A;TUBA8;TUBAL3;TUBB1;TUBB2A;TUBB2B;TUBB3;TUBB6;TUBB8;TYK2;UBA52;UBA7;UBB;UBC;UBE2E1;UBE2I;UBE2L6;UBE2N;USP18;VCAM1;XAF1;YBX1	S:ABCE1;ACTB;ACTG1;ARIH1;B2M;BST2;CAMK2A;CAMK2B;CAMK2D;CAMK2G;CD44;CDK1;CIITA;DHX9;DNAJC3;EGR1;EIF2AK2;EIF2AK3;EIF2S1;EIF2S2;EIF4A1;EIF4A2;EIF4A3;EIF4E2;EIF4G2;EIF4G3;FANCA;FANCB;FANCC;FANCE;FANCF;FANCG;FANCL;FANCM;FLNB;FNTA;FNTB;GBP1;GBP2;GBP3;GBP4;GBP5;HLA-A;HLA-B;HLA-C;HLA-DPA1;HLA-DPB1;HLA-DQA1;HLA-DQB1;HLA-DQB2;HLA-DRA;HLA-DRB1;HLA-DRB3;HLA-DRB4;HLA-DRB5;HLA-E;HLA-G;HLA-H;HSPA1A;HSPA2;HSPA5;HSPA8;IFI30;IFI44;IFI44L;IFIH1;IFIT1;IFIT2;IFIT3;IFIT5;IFNA21;IFNA5;IFNAR2;IFNB1;IFNG;IFNGR1;IKBKB;ILF2;ILF3;IP6K2;IRF4;IRF6;ISG20;JAK1;KPNA1;KPNA2;KPNA3;KPNA4;KPNA5;KPNB1;MAPK1;MAPT;MT2A;MX1;NCK1;NEDD4;NPM1;NUP107;NUP133;NUP153;NUP155;NUP160;NUP188;NUP205;NUP210;NUP35;NUP37;NUP43;NUP50;NUP54;NUP62;NUP85;NUP88;NUP93;NUP98;OAS2;PDE12;PGGT1B;PIAS1;PLCG1;POM121;PPM1B;PPP2CB;PPP2R1B;PPP2R5A;PRKRA;PTAFR;PTPN1;PTPN11;PTPN2;RAE1;RANBP2;RNASEL;RPS27A;SAMHD1;SEC13;SEH1L;SOCS1;STAT1;TP53;TPR;TRIM14;TRIM2;TRIM22;TRIM3;TRIM34;TRIM35;TRIM38;TRIM46;TRIM48;TRIM6;TRIM68;TUBA1B;TUBA3C;TUBA4A;TUBB1;UBA7;UBC;UBE2E1;UBE2I;UBE2N;USP18;XAF1
S:REACTOME_NITRIC_OXIDE_STIMULATES_GUANYLATE_CYCLASE	D:19	S:GUCY1A2;ITPR1;KCNMA1;KCNMB1;KCNMB2;KCNMB3;KCNMB4;NOS1;NOS2;NOS3;PDE10A;PDE11A;PDE1A;PDE1B;PDE2A;PDE5A;PDE9A;PRKG1;PRKG2	S:GUCY1A2;KCNMB2;KCNMB4;NOS1;NOS3;PDE10A;PDE11A;PDE1A;PDE1B;PDE2A
S:REACTOME_P75NTR_RECRUITS_SIGNALLING_COMPLEXES	D:13	S:IKBKB;IRAK1;MYD88;NGF;NGFR;PRKCI;RIPK2;RPS27A;SQSTM1;TRAF6;UBA52;UBB;UBC	S:IRAK1;MYD88;NGF;RIPK2;SQSTM1;UBA52;UBB
S:REACTOME_SIGNALING_BY_NOTCH1	D:73	S:ADAM10;ADAM17;APH1A;APH1B;ARRB1;ARRB2;CCNC;CDK8;CNTN1;CREBBP;CUL1;DLK1;DLL1;DLL4;DNER;DTX1;DTX2;DTX4;EP300;FBXW7;HDAC1;HDAC10;HDAC11;HDAC2;HDAC3;HDAC4;HDAC5;HDAC6;HDAC7;HDAC8;HDAC9;HES1;HES5;HEY1;HEY2;HEYL;HIF1A;ITCH;JAG1;JAG2;KAT2A;KAT2B;MAML1;MAML2;MAML3;MAMLD1;MIB1;MIB2;MYC;NBEA;NCOR1;NCOR2;NCSTN;NEURL1B;NOTCH1;NUMB;PSEN1;PSEN2;PSENEN;RBPJ;RBX1;RPS27A;SKP1;SNW1;TBL1X;TBL1XR1;TLE1;TLE2;TLE3;TLE4;UBA52;UBB;UBC	S:ADAM10;ADAM17;APH1A;APH1B;CDK8;CREBBP;CUL1;DLK1;DLL1;DTX1;DTX2;DTX4;EP300;FBXW7;HDAC1;HDAC11;HDAC2;HDAC3;HDAC7;HDAC8;HDAC9;HES5;HEY1;HEY2;HEYL;HIF1A;ITCH;JAG1;KAT2A;MAML1;MAML3;MAMLD1;MYC;NBEA;NCOR1;NCOR2;NCSTN;NEURL1B;NOTCH1;PSEN1;PSEN2;RPS27A;SNW1;TBL1XR1;TLE1;TLE2;TLE4;UBC
S:REACTOME_GAMMA_CARBOXYLATION_TRANSPORT_AND_AMINO_TERMINAL_CLEAVAGE_OF_PROTEINS	D:11	S:BGLAP;F10;F2;F7;F9;FURIN;GAS6;GGCX;PROC;PROS1;PROZ	S:BGLAP;F7;F9;FURIN;GAS6;PROZ
S:REACTOME_PYRUVATE_METABOLISM	D:43	S:ARMC8;DLAT;DLD;FAHD1;GLO1;GPT;GSTZ1;HAGH;LDHA;LDHAL6A;LDHAL6B;LDHB;LDHC;MAEA;ME1;ME2;ME3;MKLN1;NEK1;PC;PDHA1;PDHA2;PDHB;PDHX;PDK1;PDK2;PDK3;PDK4;PDP1;PDP2;PDPR;PGAM5;PKLR;RANBP9;RMND5A;RMND5B;RPS27A;SIRT4;UBA52;UBB;UBC;VDAC1;WDR26	S:ARMC8;DLAT;DLD;GLO1;LDHA;LDHB;MAEA;ME1;ME2;MKLN1;NEK1;PC;PDHA1;PDHX;PDK1;PDK3;PDK4;PDP1;PDP2;PDPR;PGAM5;RANBP9;RMND5A;RPS27A;SIRT4;UBC;VDAC1
S:REACTOME_RAS_ACTIVATION_UPON_CA2_INFLUX_THROUGH_NMDA_RECEPTOR	D:20	S:ACTN2;CALM1;CAMK2A;CAMK2B;CAMK2D;CAMK2G;DLG1;DLG2;DLG3;DLG4;GRIN1;GRIN2B;GRIN2D;HRAS;KRAS;LRRC7;NEFL;NRAS;RASGRF1;RASGRF2	S:CALM1;CAMK2A;CAMK2B;CAMK2D;CAMK2G;DLG1;DLG3;GRIN2B;GRIN2D;KRAS;NEFL;RASGRF1
S:REACTOME_RHOB_GTPASE_CYCLE	D:65	S:ABR;ACTC1;AKAP13;ANLN;ARHGAP1;ARHGAP21;ARHGAP26;ARHGAP32;ARHGAP39;ARHGAP5;ARHGDIG;ARHGEF1;ARHGEF10;ARHGEF10L;ARHGEF11;ARHGEF12;ARHGEF17;ARHGEF2;ARHGEF25;ARHGEF3;ARHGEF5;BCR;CAV1;CIT;DAAM1;DEPDC1B;DIAPH1;DIAPH3;DLC1;ECT2;FLOT1;FLOT2;IQGAP3;JUP;MCAM;MCF2;MCF2L;MYO9A;MYO9B;NET1;OPHN1;PCDH7;PIK3R1;PIK3R2;PKN1;PKN2;PKN3;PREX1;RACGAP1;RHOB;RHPN2;ROCK1;ROCK2;RTKN;SLK;SNAP23;STARD13;STARD8;STK10;STOM;TFRC;TJP2;VAMP3;VANGL1;VAV2	S:ABR;AKAP13;ARHGAP1;ARHGAP21;ARHGAP32;ARHGAP39;ARHGAP5;ARHGEF10;ARHGEF10L;ARHGEF12;ARHGEF17;ARHGEF3;ARHGEF5;BCR;CAV1;CIT;DAAM1;DEPDC1B;DIAPH1;DIAPH3;DLC1;MCAM;MCF2;MCF2L;MYO9A;MYO9B;NET1;OPHN1;PIK3R1;PKN2;PKN3;PREX1;RACGAP1;RHOB;ROCK1;ROCK2;RTKN;SNAP23;STK10;TJP2;VANGL1;VAV2
S:REACTOME_VIF_MEDIATED_DEGRADATION_OF_APOBEC3G	D:38	S:ADRM1;APOBEC3G;CUL5;PSMA1;PSMA2;PSMA3;PSMA4;PSMA5;PSMA6;PSMA7;PSMB1;PSMB2;PSMB3;PSMB4;PSMB5;PSMB6;PSMB7;PSMC1;PSMC2;PSMC3;PSMC4;PSMC5;PSMC6;PSMD1;PSMD11;PSMD12;PSMD13;PSMD14;PSMD2;PSMD3;PSMD6;PSMD7;PSMD8;RBX1;RPS27A;UBA52;UBB;UBC	S:APOBEC3G;CUL5;PSMA1;PSMA3;PSMA4;PSMA5;PSMA6;PSMA7;PSMB1;PSMB2;PSMB3;PSMB4;PSMC5;PSMC6;PSMD1;PSMD11;PSMD12;PSMD14;PSMD2;PSMD3;PSMD6;PSMD7;RPS27A;UBC
S:REACTOME_CAMK_IV_MEDIATED_PHOSPHORYLATION_OF_CREB	D:10	S:CALM1;CAMK2A;CAMK2B;CAMK2D;CAMK2G;CAMK4;CAMKK1;CAMKK2;CREB1;KPNA2	S:CALM1;CAMK2A;CAMK2B;CAMK2D;CAMK2G;CAMK4;CREB1;KPNA2
S:REACTOME_PEPTIDE_HORMONE_METABOLISM	D:81	S:ACE;ACE2;ACHE;AGT;ANPEP;ATP6AP2;BCHE;CDX2;CES1;CGA;CMA1;CPA3;CPB1;CPB2;CPE;CRHR2;CTNNB1;CTSD;CTSG;CTSZ;DPP4;ENPEP;EXOC1;EXOC2;EXOC3;EXOC4;EXOC5;EXOC6;EXOC7;EXOC8;FFAR1;FSHB;GATA4;GCG;GH1;GHRL;GIP;GNB1;GNB3;GNG13;GPR119;GRP;GZMH;IGF1;INHA;INHBA;INHBB;INHBC;INHBE;INS;ISL1;KIF5A;KIF5B;KIF5C;KLF4;LEP;LHB;MBOAT4;MME;MYO5A;MYRIP;P4HB;PAX6;PCSK1;PCSK2;PLA2G7;POMC;RAB27A;REN;SEC11A;SEC11C;SLC30A5;SLC30A8;SPCS1;SPCS2;SPCS3;STX1A;TCF7L2;TSHB;UCN;VAMP2	S:ACHE;AGT;ANPEP;CDX2;CES1;CMA1;CPB1;CRHR2;CTNNB1;CTSD;CTSG;CTSZ;ENPEP;EXOC3;EXOC6;EXOC7;FFAR1;GATA4;GH1;GHRL;GNG13;GPR119;INHBA;INHBB;INHBC;INHBE;INS;ISL1;KLF4;LEP;LHB;MBOAT4;MME;PAX6;PCSK1;POMC;RAB27A;REN;TCF7L2;TSHB;UCN;VAMP2
S:REACTOME_REGULATION_OF_RUNX2_EXPRESSION_AND_ACTIVITY	D:58	S:ADRM1;BMP2;CBFB;CUL1;DLX5;DLX6;ESR1;ESRRA;GSK3B;HIVEP3;MSX2;NKX3-2;NR3C1;PPARGC1A;PPARGC1B;PSMA1;PSMA2;PSMA3;PSMA4;PSMA5;PSMA6;PSMA7;PSMB1;PSMB2;PSMB3;PSMB4;PSMB5;PSMB6;PSMB7;PSMC1;PSMC2;PSMC3;PSMC4;PSMC5;PSMC6;PSMD1;PSMD11;PSMD12;PSMD13;PSMD14;PSMD2;PSMD3;PSMD6;PSMD7;PSMD8;RBX1;RPS27A;RUNX2;SKP1;SKP2;SMURF1;STAT1;STUB1;TWIST1;UBA52;UBB;UBC;WWP1	S:CBFB;CUL1;DLX6;ESR1;ESRRA;GSK3B;HIVEP3;NR3C1;PPARGC1A;PPARGC1B;PSMA1;PSMA3;PSMA4;PSMA5;PSMA6;PSMA7;PSMB1;PSMB2;PSMB3;PSMB4;PSMC5;PSMC6;PSMD1;PSMD11;PSMD12;PSMD14;PSMD2;PSMD3;PSMD6;PSMD7;RPS27A;RUNX2;SKP2;STAT1;UBC;WWP1
S:REACTOME_RHOH_GTPASE_CYCLE	D:35	S:ARHGDIA;ARHGDIB;ARHGDIG;CAV1;CSK;DBN1;DBT;FAM91A1;JUP;LAMTOR1;LCK;MTR;NSFL1C;OSBPL11;PAK1;PAK2;PAK4;PAK6;RAB7A;RALGAPA1;RHOH;ROCK1;ROCK2;SLC1A5;SLC4A7;STOM;TFRC;TMEM59;TUBA1B;UACA;VAMP3;VANGL1;VCP;WDR11;ZAP70	S:ARHGDIB;CAV1;DBT;FAM91A1;LCK;MTR;OSBPL11;PAK1;PAK2;PAK6;RAB7A;RALGAPA1;RHOH;ROCK1;ROCK2;SLC4A7;TMEM59;TUBA1B;UACA;VANGL1;VCP;WDR11;ZAP70
S:REACTOME_TIE2_SIGNALING	D:18	S:ANGPT1;ANGPT2;ANGPT4;DOK2;GRB14;GRB2;GRB7;HRAS;KRAS;NRAS;PIK3CA;PIK3CB;PIK3R1;PIK3R2;PTPN11;SHC1;SOS1;TEK	S:ANGPT1;ANGPT4;GRB14;GRB2;GRB7;KRAS;PIK3CA;PIK3CB;PIK3R1;PTPN11;SHC1;SOS1;TEK
S:REACTOME_ROLE_OF_LAT2_NTAL_LAB_ON_CALCIUM_MOBILIZATION	D:17	S:FCER1A;FCER1G;FYN;GAB2;GRB2;IGLV6-57;LAT2;LYN;MS4A2;PDPK1;PIK3CA;PIK3CB;PIK3R1;PIK3R2;SHC1;SOS1;SYK	S:FCER1A;FYN;GRB2;IGLV6-57;LAT2;LYN;MS4A2;PIK3CA;PIK3CB;PIK3R1;SHC1;SOS1;SYK
S:REACTOME_NEDDYLATION	D:220	S:ADRM1;ANKRD9;ASB1;ASB10;ASB11;ASB12;ASB13;ASB14;ASB16;ASB17;ASB2;ASB3;ASB4;ASB5;ASB6;ASB7;ASB8;ASB9;BIRC5;BRCA1;BTBD1;BTBD6;BTRC;CAND1;CCDC22;CCDC8;CCNF;CDKN1A;CISH;COMMD1;COMMD10;COMMD2;COMMD3;COMMD4;COMMD5;COMMD6;COMMD7;COMMD8;COMMD9;COPS2;COPS3;COPS4;COPS5;COPS6;COPS7A;COPS7B;COPS8;CUL1;CUL2;CUL3;CUL4A;CUL4B;CUL5;CUL7;CUL9;DCAF10;DCAF11;DCAF13;DCAF16;DCAF17;DCAF4;DCAF5;DCAF6;DCAF7;DCAF8;DCUN1D1;DCUN1D2;DCUN1D3;DCUN1D4;DCUN1D5;DDA1;DDB1;DDB2;DPP3;DTL;EPAS1;ERCC8;FBXL12;FBXL13;FBXL14;FBXL15;FBXL16;FBXL18;FBXL19;FBXL20;FBXL22;FBXL3;FBXL4;FBXL5;FBXL7;FBXL8;FBXO10;FBXO11;FBXO15;FBXO17;FBXO2;FBXO21;FBXO22;FBXO27;FBXO30;FBXO31;FBXO32;FBXO4;FBXO40;FBXO41;FBXO44;FBXO6;FBXO7;FBXO9;FBXW10;FBXW11;FBXW2;FBXW4;FBXW5;FBXW7;FBXW8;FBXW9;FEM1A;FEM1B;FEM1C;GAN;GPS1;HIF1A;HIF3A;KBTBD6;KBTBD7;KBTBD8;KCTD6;KCTD7;KEAP1;KLHL11;KLHL13;KLHL2;KLHL20;KLHL21;KLHL22;KLHL25;KLHL3;KLHL5;KLHL9;LMO7;LRR1;LRRC41;MUL1;NAE1;NEDD8;NEURL2;NFE2L2;NPLOC4;NUB1;OBSL1;PALB2;PSMA1;PSMA2;PSMA3;PSMA4;PSMA5;PSMA6;PSMA7;PSMB1;PSMB2;PSMB3;PSMB4;PSMB5;PSMB6;PSMB7;PSMC1;PSMC2;PSMC3;PSMC4;PSMC5;PSMC6;PSMD1;PSMD11;PSMD12;PSMD13;PSMD14;PSMD2;PSMD3;PSMD6;PSMD7;PSMD8;PUM2;RBBP5;RBBP7;RBX1;RNF7;RPS27A;SENP8;SKP1;SKP2;SOCS2;SOCS3;SOCS5;SOCS6;SPSB1;SPSB2;SPSB3;SPSB4;SQSTM1;TULP4;UBA3;UBA52;UBB;UBC;UBD;UBE2D1;UBE2D2;UBE2D3;UBE2F;UBE2M;UBXN7;UCHL3;VCP;VHL;WDR5;WDTC1;WSB1;WSB2;ZBTB16	S:ASB1;ASB11;ASB14;ASB2;ASB3;ASB7;ASB8;ASB9;BIRC5;BRCA1;BTBD1;BTBD6;BTRC;CAND1;CCNF;CISH;COMMD1;COMMD10;COMMD2;COMMD3;COMMD4;COMMD5;COMMD6;COMMD8;COPS3;COPS4;COPS5;COPS6;COPS7B;COPS8;CUL1;CUL2;CUL3;CUL4A;CUL4B;CUL5;CUL9;DCAF13;DCAF16;DCAF17;DCAF4;DCAF5;DCAF7;DCUN1D2;DCUN1D3;DCUN1D4;DCUN1D5;DDB2;DPP3;DTL;EPAS1;ERCC8;FBXL12;FBXL13;FBXL15;FBXL16;FBXL18;FBXL20;FBXL22;FBXL3;FBXL4;FBXL5;FBXL7;FBXL8;FBXO10;FBXO11;FBXO2;FBXO21;FBXO22;FBXO27;FBXO30;FBXO31;FBXO32;FBXO4;FBXO40;FBXO41;FBXW10;FBXW11;FBXW2;FBXW7;FBXW8;HIF1A;KBTBD6;KBTBD7;KBTBD8;KCTD6;KEAP1;KLHL11;KLHL13;KLHL2;KLHL20;KLHL21;KLHL22;KLHL25;KLHL3;KLHL9;LMO7;LRRC41;NAE1;NFE2L2;PALB2;PSMA1;PSMA3;PSMA4;PSMA5;PSMA6;PSMA7;PSMB1;PSMB2;PSMB3;PSMB4;PSMC5;PSMC6;PSMD1;PSMD11;PSMD12;PSMD14;PSMD2;PSMD3;PSMD6;PSMD7;PUM2;RBBP5;RBBP7;RNF7;RPS27A;SENP8;SKP2;SOCS2;SOCS5;SOCS6;SPSB2;TULP4;UBC;UBD;UBE2D2;UBE2D3;UBXN7;UCHL3;VCP;VHL;WDR5;WSB1;WSB2;ZBTB16
S:REACTOME_ABC_TRANSPORTER_DISORDERS	D:64	S:ABCA1;ABCA12;ABCA3;ABCB11;ABCB4;ABCB6;ABCC2;ABCC6;ABCC8;ABCC9;ABCD1;ABCD4;ABCG5;ABCG8;ADRM1;APOA1;CFTR;DERL1;DERL2;DERL3;ERLEC1;ERLIN1;ERLIN2;KCNJ11;LMBRD1;OS9;PSMA1;PSMA2;PSMA3;PSMA4;PSMA5;PSMA6;PSMA7;PSMB1;PSMB2;PSMB3;PSMB4;PSMB5;PSMB6;PSMB7;PSMC1;PSMC2;PSMC3;PSMC4;PSMC5;PSMC6;PSMD1;PSMD11;PSMD12;PSMD13;PSMD14;PSMD2;PSMD3;PSMD6;PSMD7;PSMD8;RNF185;RNF5;RPS27A;SEL1L;UBA52;UBB;UBC;VCP	S:ABCA1;ABCA12;ABCA3;ABCB4;ABCC2;ABCC8;ABCD4;ABCG5;DERL1;DERL3;ERLEC1;ERLIN1;ERLIN2;KCNJ11;LMBRD1;OS9;PSMA1;PSMA3;PSMA4;PSMA5;PSMA6;PSMA7;PSMB1;PSMB2;PSMB3;PSMB4;PSMC5;PSMC6;PSMD1;PSMD11;PSMD12;PSMD14;PSMD2;PSMD3;PSMD6;PSMD7;RPS27A;SEL1L;UBC;VCP
S:REACTOME_FRS_MEDIATED_FGFR4_SIGNALING	D:22	S:FGF1;FGF16;FGF17;FGF18;FGF19;FGF2;FGF20;FGF23;FGF4;FGF6;FGF8;FGF9;FGFR4;FRS2;FRS3;GRB2;HRAS;KLB;KRAS;NRAS;PTPN11;SOS1	S:FGF1;FGF17;FGF20;FGF23;FGF4;FGF6;FGF8;FGF9;FGFR4;FRS2;FRS3;HRAS;KLB;NRAS
S:REACTOME_PROTEIN_LOCALIZATION	D:151	S:ABCD1;ABCD2;ABCD3;ACAA1;ACBD5;ACO2;ACOT2;ACOT4;ACOT8;ACOX1;ACOX2;ACOX3;AGPS;AGXT;ALDH3A2;AMACR;APP;ATAD1;BAAT;BAG6;BCS1L;CAMLG;CAT;CHCHD10;CHCHD2;CHCHD3;CHCHD4;CHCHD5;CHCHD7;COQ2;COX17;COX19;CRAT;CROT;CS;CYB5A;CYC1;DAO;DDO;DECR2;DHRS4;DNAJC19;ECH1;ECI2;EHHADH;EMD;EPHX2;FIS1;FXN;GDAP1;GET4;GFER;GNPAT;GRPEL1;GRPEL2;GSTK1;HACL1;HAO1;HAO2;HMGCL;HMOX1;HSCB;HSD17B4;HSPA9;HSPD1;IDE;IDH1;IDH3G;LDHD;LONP2;MLYCD;MPV17;MTX1;MTX2;NDUFB8;NOS2;NUDT19;NUDT7;OTC;OTOF;PAM16;PAOX;PECR;PEX1;PEX10;PEX11B;PEX12;PEX13;PEX14;PEX16;PEX19;PEX2;PEX26;PEX3;PEX5;PEX6;PEX7;PHYH;PIPOX;PITRM1;PMPCA;PMPCB;PRNP;PXMP2;PXMP4;RPS27A;SAMM50;SCP2;SEC61B;SEC61G;SERP1;SGTA;SLC25A12;SLC25A13;SLC25A17;SLC25A4;SLC25A6;SLC27A2;STX1A;STX5;TIMM10;TIMM13;TIMM17A;TIMM17B;TIMM22;TIMM23;TIMM44;TIMM50;TIMM8A;TIMM8B;TIMM9;TOMM20;TOMM22;TOMM40;TOMM5;TOMM6;TOMM7;TYSND1;UBA52;UBB;UBC;UBE2D1;UBE2D2;UBE2D3;UBE2J2;UBL4A;USP9X;VAMP2;VAPA;VDAC1;ZFAND6	S:ABCD2;ABCD3;ACBD5;ACO2;ACOT2;ACOT4;ACOX1;ACOX2;ACOX3;AGPS;ALDH3A2;AMACR;APP;ATAD1;BAAT;CAMLG;CAT;CHCHD10;CHCHD2;CHCHD3;CHCHD4;CHCHD7;COX17;COX19;CROT;CYB5A;DAO;DDO;DNAJC19;ECH1;ECI2;EHHADH;EPHX2;FXN;GDAP1;GFER;GNPAT;GRPEL1;GRPEL2;HACL1;HMOX1;HSD17B4;HSPA9;HSPD1;IDE;LONP2;MLYCD;MTX2;NDUFB8;NOS2;NUDT19;NUDT7;OTC;PAOX;PECR;PEX1;PEX12;PEX13;PEX14;PEX19;PEX2;PEX26;PEX3;PEX5;PEX7;PHYH;PIPOX;PITRM1;PMPCA;PMPCB;PRNP;PXMP4;RPS27A;SAMM50;SCP2;SEC61B;SEC61G;SLC25A12;SLC25A13;SLC25A17;SLC25A4;SLC27A2;STX1A;TIMM13;TIMM17A;TIMM22;TIMM44;TIMM50;TIMM8A;TIMM9;TOMM20;TOMM5;UBC;UBE2D2;UBE2D3;USP9X;VDAC1;ZFAND6
S:REACTOME_INTRAFLAGELLAR_TRANSPORT	D:41	S:CLUAP1;DYNC2H1;DYNC2LI1;DYNLL1;DYNLL2;DYNLRB1;DYNLRB2;IFT122;IFT140;IFT172;IFT20;IFT27;IFT46;IFT52;IFT57;IFT74;IFT80;IFT81;IFT88;KIF17;KIF3A;KIF3B;KIF3C;KIFAP3;TNPO1;TRAF3IP1;TRIP11;TTC21B;TUBA1A;TUBA1B;TUBA1C;TUBA3C;TUBA3D;TUBA4A;TUBB1;TUBB2A;TUBB2B;TUBB3;TUBB6;WDR19;WDR35	S:CLUAP1;DYNC2H1;DYNC2LI1;DYNLL1;DYNLRB2;IFT46;IFT57;IFT74;IFT80;IFT81;IFT88;KIF3A;KIF3B;KIF3C;KIFAP3;TNPO1;TRAF3IP1;TRIP11;TTC21B;TUBA1B;TUBA3C;TUBA4A;TUBB1;WDR19;WDR35
S:REACTOME_FORMATION_OF_THE_POSTERIOR_NEURAL_PLATE	D:10	S:FGF8;GBX2;OTX2;POU3F1;SOX1;SOX2;TBX6;WNT3A;ZEB2;ZNF521	S:FGF8;SOX1;SOX2;WNT3A;ZEB2;ZNF521
S:REACTOME_PHOSPHOLIPASE_C_MEDIATED_CASCADE_FGFR2	D:18	S:FGF1;FGF10;FGF16;FGF17;FGF18;FGF2;FGF20;FGF22;FGF23;FGF3;FGF4;FGF5;FGF6;FGF7;FGF8;FGF9;FGFR2;PLCG1	S:FGF1;FGF10;FGF17;FGF20;FGF22;FGF23;FGF3;FGF4;FGF5;FGF6;FGF8;FGF9
S:REACTOME_REGULATION_OF_CDH11_GENE_TRANSCRIPTION	D:10	S:BHLHE22;CDH11;FOXF1;HEYL;HOXC8;ILF3;PRDM8;SNAI1;SP1;ZEB2	S:BHLHE22;CDH11;FOXF1;HOXC8;SP1;ZEB2
S:REACTOME_DISEASES_ASSOCIATED_WITH_GLYCOSYLATION_PRECURSOR_BIOSYNTHESIS	D:16	S:DHDDS;DOLK;DPM1;DPM2;DPM3;GALE;GALK1;GALM;GALT;GFPT1;GNE;MPI;NUS1;PGM1;PMM2;SRD5A3	S:DOLK;DPM1;GALM;GALT;GFPT1;GNE;MPI;NUS1;PGM1;PMM2;SRD5A3
S:REACTOME_FGFR2_MUTANT_RECEPTOR_ACTIVATION	D:33	S:FGF1;FGF10;FGF16;FGF17;FGF18;FGF2;FGF20;FGF22;FGF23;FGF3;FGF4;FGF5;FGF6;FGF7;FGF8;FGF9;FGFR2;GTF2F1;GTF2F2;NCBP1;NCBP2;POLR2A;POLR2B;POLR2C;POLR2D;POLR2E;POLR2F;POLR2G;POLR2H;POLR2I;POLR2J;POLR2K;POLR2L	S:FGF1;FGF10;FGF17;FGF20;FGF22;FGF23;FGF3;FGF4;FGF5;FGF6;FGF8;FGF9;POLR2A;POLR2C;POLR2D;POLR2E;POLR2F;POLR2H;POLR2I;POLR2J
S:REACTOME_FRS_MEDIATED_FGFR1_SIGNALING	D:23	S:FGF1;FGF10;FGF17;FGF2;FGF20;FGF22;FGF23;FGF3;FGF4;FGF5;FGF6;FGF8;FGF9;FGFR1;FRS2;FRS3;GRB2;HRAS;KL;KRAS;NRAS;PTPN11;SOS1	S:FGF1;FGF10;FGF17;FGF20;FGF22;FGF23;FGF3;FGF4;FGF5;FGF6;FGF8;FGF9;FRS2;FRS3;HRAS;NRAS
S:REACTOME_SYNTHESIS_OF_LEUKOTRIENES_LT_AND_EOXINS_EX	D:19	S:ABCC1;ALOX15;ALOX5;ALOX5AP;CYP4A11;CYP4B1;CYP4F11;CYP4F2;CYP4F22;CYP4F3;CYP4F8;DPEP1;DPEP2;GGT1;GGT5;LTA4H;LTC4S;MAPKAPK2;PTGR1	S:ABCC1;CYP4A11;CYP4B1;CYP4F11;CYP4F2;CYP4F22;GGT1;GGT5;LTA4H;MAPKAPK2
S:REACTOME_C_TYPE_LECTIN_RECEPTORS_CLRS	D:124	S:ADRM1;AHCYL1;BCL10;BTRC;CALM1;CARD11;CARD9;CASP8;CCL17;CCL22;CD209;CDC34;CHUK;CLEC10A;CLEC4A;CLEC4C;CLEC4D;CLEC4E;CLEC7A;CREBBP;CUL1;EP300;FBXW11;FCER1G;FYN;HRAS;ICAM2;ICAM3;IKBKB;IKBKG;IL1B;ITPR1;ITPR2;ITPR3;KRAS;LYN;MALT1;MAP3K14;MAP3K7;MUC1;MUC12;MUC13;MUC15;MUC16;MUC17;MUC20;MUC3A;MUC4;MUC5AC;MUC5B;MUC6;MUC7;MUCL1;NFATC1;NFATC2;NFATC3;NFKB1;NFKB2;NFKBIA;NRAS;PAK1;PAK2;PAK3;PDPK1;PLCG2;PPP3CA;PPP3CB;PPP3R1;PRKACA;PRKACB;PRKACG;PRKCD;PSMA1;PSMA2;PSMA3;PSMA4;PSMA5;PSMA6;PSMA7;PSMB1;PSMB2;PSMB3;PSMB4;PSMB5;PSMB6;PSMB7;PSMC1;PSMC2;PSMC3;PSMC4;PSMC5;PSMC6;PSMD1;PSMD11;PSMD12;PSMD13;PSMD14;PSMD2;PSMD3;PSMD6;PSMD7;PSMD8;PYCARD;RAF1;RELA;RELB;RPS27A;RPS6KA5;SKP1;SRC;SYK;TAB1;TAB2;TAB3;TRAF6;UBA3;UBA52;UBB;UBC;UBE2D1;UBE2D2;UBE2M;UBE2N;UBE2V1	S:AHCYL1;BCL10;BTRC;CALM1;CARD11;CARD9;CCL17;CD209;CLEC10A;CLEC4C;CLEC4E;CREBBP;CUL1;EP300;FBXW11;FYN;ICAM2;ICAM3;IKBKB;ITPR1;ITPR2;ITPR3;KRAS;LYN;MALT1;MAP3K14;MAP3K7;MUC15;MUC16;MUC20;MUC3A;MUC7;MUCL1;NFATC1;NFATC2;NFATC3;NFKB1;NFKBIA;PAK1;PAK2;PAK3;PLCG2;PPP3CA;PPP3CB;PRKACB;PRKACG;PSMA1;PSMA3;PSMA4;PSMA5;PSMA6;PSMA7;PSMB1;PSMB2;PSMB3;PSMB4;PSMC5;PSMC6;PSMD1;PSMD11;PSMD12;PSMD14;PSMD2;PSMD3;PSMD6;PSMD7;RELA;RELB;RPS27A;RPS6KA5;SYK;TAB2;TAB3;TRAF6;UBC;UBE2D2;UBE2N
S:REACTOME_DENGUE_VIRUS_MODULATES_APOPTOSIS	D:15	S:ATG14;BECN1;DAXX;MAPKAP1;MLST8;MTOR;NFKBIA;NFKBIB;PIK3C3;PIK3R4;PRR5;RICTOR;RIPK1;RPTOR;TAOK1	S:ATG14;DAXX;MAPKAP1;MTOR;NFKBIA;PIK3C3;PIK3R4;RIPK1;RPTOR;TAOK1
S:REACTOME_HS_GAG_DEGRADATION	D:19	S:AGRN;GPC1;GPC2;GPC3;GPC4;GPC5;GPC6;HGSNAT;HPSE;HPSE2;HSPG2;IDS;IDUA;NAGLU;SDC1;SDC2;SDC3;SDC4;SGSH	S:AGRN;GPC4;GPC5;GPC6;HPSE;IDUA;NAGLU;SDC1;SGSH
S:REACTOME_REGULATION_OF_RUNX3_EXPRESSION_AND_ACTIVITY	D:44	S:ADRM1;CBFB;CDKN2A;EP300;MDM2;PSMA1;PSMA2;PSMA3;PSMA4;PSMA5;PSMA6;PSMA7;PSMB1;PSMB2;PSMB3;PSMB4;PSMB5;PSMB6;PSMB7;PSMC1;PSMC2;PSMC3;PSMC4;PSMC5;PSMC6;PSMD1;PSMD11;PSMD12;PSMD13;PSMD14;PSMD2;PSMD3;PSMD6;PSMD7;PSMD8;RPS27A;RUNX3;SMURF1;SMURF2;SRC;TGFB1;UBA52;UBB;UBC	S:CBFB;CDKN2A;EP300;MDM2;PSMA1;PSMA3;PSMA4;PSMA5;PSMA6;PSMA7;PSMB1;PSMB2;PSMB3;PSMB4;PSMC5;PSMC6;PSMD1;PSMD11;PSMD12;PSMD14;PSMD2;PSMD3;PSMD6;PSMD7;RPS27A;RUNX3;SMURF2;UBC
S:REACTOME_DISEASES_OF_SIGNAL_TRANSDUCTION_BY_GROWTH_FACTOR_RECEPTORS_AND_SECOND_MESSENGERS	D:436	S:ACTB;ACTG1;ADAM10;ADAM17;ADRM1;AGGF1;AGK;AGTRAP;AKAP9;AKT1;AKT1S1;AKT2;AKT3;ALK;AP3B1;APBB1IP;APC;APH1A;APH1B;ARAF;AREG;ARRB1;ARRB2;ATG7;ATIC;AXIN1;BAD;BAG4;BCL11A;BCL2A1;BCL2L1;BCL2L11;BCR;BDNF;BIN2;BIRC6;BRAF;BRAP;BTC;CALM1;CAMK2A;CAMK2B;CAMK2D;CAMK2G;CASP9;CBL;CCNB1;CCNC;CD19;CD28;CD80;CD86;CDC37;CDK8;CDKN1A;CDKN1B;CEBPB;CHUK;CLCN6;CLIP1;CLTC;CNKSR1;CNKSR2;CNTRL;CPSF6;CREB1;CREBBP;CSK;CSNK1A1;CTBP1;CTBP2;CTNNB1;CUL1;CUX1;DCTN1;DERL2;DHH;DKK1;DKK2;DKK4;DLL1;DLL4;DNMT1;DUSP10;DUSP16;DUSP6;DUSP7;DUSP8;DUSP9;EEF1G;EGF;EGFR;EIF2AK3;EML4;EP300;EPGN;ERBB2;ERBB3;ERBB4;EREG;ERLEC1;ERLIN2;ESR1;ESR2;ESRP1;ETV6;FAM114A2;FAM131B;FBXW7;FGA;FGB;FGF1;FGF10;FGF16;FGF17;FGF18;FGF19;FGF2;FGF20;FGF22;FGF23;FGF3;FGF4;FGF5;FGF6;FGF7;FGF8;FGF9;FGFR1;FGFR1OP2;FGFR2;FGFR3;FGFR4;FGG;FIP1L1;FKBP1A;FLT3;FLT3LG;FN1;FOXM1;FOXO1;FOXO3;FOXO4;FRS2;FRS3;FXR1;FYN;FZD4;FZD5;FZD6;FZD8;GAB1;GAB2;GCC2;GOLGA4;GOLGB1;GRB2;GSK3A;GSK3B;GTF2F1;GTF2F2;GZMB;HBEGF;HDAC1;HDAC10;HDAC11;HDAC2;HDAC3;HDAC4;HDAC5;HDAC6;HDAC7;HDAC8;HDAC9;HES1;HES5;HEY1;HEY2;HEYL;HGF;HHAT;HIP1;HRAS;HSP90AA1;ICOS;IL10;IL10RA;IL22;IQGAP1;IRF4;IRS1;IRS2;ITGA2B;ITGB3;JAG1;JAG2;JAK2;JUN;JUNB;KANK1;KAT2A;KAT2B;KDR;KIAA1549;KIF5B;KIT;KITLG;KL;KLB;KLC1;KRAS;KREMEN1;KREMEN2;KSR1;KSR2;LCK;LMNA;LMO7;LRP5;LRP6;LRRFIP1;LYN;MAML1;MAML2;MAML3;MAMLD1;MAP2K1;MAP2K2;MAP3K11;MAPK1;MAPK3;MAPK8;MAPK9;MAPKAP1;MARK3;MCL1;MDM2;MECP2;MET;MIB1;MIB2;MLST8;MOV10;MPRIP;MRAS;MSN;MTOR;MYC;MYH9;MYO18A;NCBP1;NCBP2;NCOR1;NCOR2;NCSTN;NEURL1B;NF1;NOTCH1;NOX4;NPM1;NR4A1;NRAS;NRG1;NRG2;NRG3;NRG4;NTF3;NTF4;NTRK2;NTRK3;OS9;PAPSS1;PDGFA;PDGFB;PDGFRA;PDGFRB;PDPK1;PEBP1;PIK3AP1;PIK3CA;PIK3CB;PIK3CD;PIK3CG;PIK3R1;PIK3R2;PIK3R3;PIK3R5;PIK3R6;PIM1;PLCG1;POLR2A;POLR2B;POLR2C;POLR2D;POLR2E;POLR2F;POLR2G;POLR2H;POLR2I;POLR2J;POLR2K;POLR2L;PORCN;PPFIBP1;PPM1B;PPP1CB;PPP1CC;PPP2CA;PPP2CB;PPP2R1A;PPP2R1B;PPP2R5A;PPP2R5B;PPP2R5C;PPP2R5D;PPP2R5E;PRF1;PRKAR1A;PRR5;PSEN1;PSEN2;PSENEN;PSMA1;PSMA2;PSMA3;PSMA4;PSMA5;PSMA6;PSMA7;PSMB1;PSMB2;PSMB3;PSMB4;PSMB5;PSMB6;PSMB7;PSMC1;PSMC2;PSMC3;PSMC4;PSMC5;PSMC6;PSMD1;PSMD11;PSMD12;PSMD13;PSMD14;PSMD2;PSMD3;PSMD6;PSMD7;PSMD8;PTEN;PTPN11;PTPN12;PTPN6;QKI;RAC1;RAC2;RAF1;RANBP2;RAP1A;RAP1B;RB1;RBPJ;RBX1;RHOG;RICTOR;RNF213;RNF43;RPS27A;RPS6;RPS6KB2;RRBP1;SEC31A;SEL1L;SHC1;SHH;SHOC2;SKP1;SMAD2;SMAD3;SMAD4;SND1;SNW1;SOS1;SPRED1;SPRED2;SPTBN1;SQSTM1;SRC;STAT1;STAT3;STAT5A;STAT5B;STRN;SYVN1;TBL1X;TBL1XR1;TCF7L2;TFG;TGFA;TGFB1;TGFBR1;TGFBR2;TLN1;TNKS;TNKS2;TNRC6C;TP53;TPM3;TPM4;TPR;TRAK1;TRAT1;TRIM24;TRIP11;TSC2;TWIST1;TYK2;UBA52;UBB;UBC;VAV1;VCL;VCP;VWF;WDR48;WNT3A;YES1;YWHAB;ZAP70;ZC3HAV1;ZC3HC1;ZFYVE9;ZMYM2	S:ACTB;ACTG1;ADAM10;ADAM17;AGGF1;AGK;AKAP9;AKT2;AKT3;AP3B1;APBB1IP;APC;APH1A;APH1B;AREG;ATG7;ATIC;BAG4;BCL11A;BCR;BIN2;BRAF;BRAP;CALM1;CAMK2A;CAMK2B;CAMK2D;CAMK2G;CASP9;CBL;CCNB1;CD19;CD28;CD80;CDK8;CDKN1B;CLCN6;CLIP1;CLTC;CNKSR1;CNTRL;CPSF6;CREB1;CREBBP;CSNK1A1;CTBP2;CUL1;CUX1;DKK2;DKK4;DLL1;DNMT1;DUSP10;DUSP16;DUSP6;EEF1G;EGF;EGFR;EIF2AK3;EML4;EP300;ERBB2;ERBB4;ERLEC1;ERLIN2;ESR1;ESR2;ESRP1;FAM114A2;FBXW7;FGF16;FGF18;FGF19;FGF2;FGF7;FGFR1;FGFR2;FIP1L1;FLT3;FLT3LG;FOXM1;FOXO1;FXR1;FYN;FZD6;GCC2;GOLGA4;GOLGB1;GRB2;GSK3A;GSK3B;GTF2F1;GTF2F2;GZMB;HBEGF;HDAC1;HDAC11;HDAC2;HDAC3;HDAC7;HDAC8;HDAC9;HES5;HEY1;HEY2;HEYL;HGF;HHAT;HIP1;HSP90AA1;ICOS;IL10;IL10RA;IL22;IQGAP1;IRF4;IRS1;IRS2;ITGB3;JAG1;JUN;KANK1;KAT2A;KDR;KIF5B;KIT;KL;KLC1;KRAS;LCK;LMNA;LMO7;LRP5;LRRFIP1;LYN;MAML1;MAML3;MAMLD1;MAP2K1;MAPK1;MAPK8;MAPK9;MAPKAP1;MCL1;MDM2;MECP2;MET;MOV10;MPRIP;MSN;MTOR;MYC;MYH9;NCBP1;NCBP2;NCOR1;NCOR2;NCSTN;NEURL1B;NF1;NOTCH1;NOX4;NPM1;NRG3;NTRK3;OS9;PDGFA;PDGFB;PDGFRA;PDGFRB;PEBP1;PIK3CA;PIK3CB;PIK3CG;PIK3R1;PIK3R3;PIK3R5;PLCG1;POLR2B;POLR2G;POLR2K;POLR2L;PPFIBP1;PPM1B;PPP1CC;PPP2CB;PPP2R1B;PPP2R5A;PPP2R5C;PPP2R5D;PPP2R5E;PRF1;PSEN1;PSEN2;PSMA1;PSMA3;PSMA4;PSMA5;PSMA6;PSMA7;PSMB1;PSMB2;PSMB3;PSMB4;PSMC5;PSMC6;PSMD1;PSMD11;PSMD12;PSMD14;PSMD2;PSMD3;PSMD6;PSMD7;PTPN11;PTPN12;RAC1;RAC2;RANBP2;RAP1A;RAP1B;RB1;RPS27A;RPS6;RRBP1;SEC31A;SEL1L;SHC1;SMAD2;SMAD3;SMAD4;SND1;SNW1;SOS1;SPRED1;SPTBN1;STAT1;STRN;SYVN1;TBL1XR1;TFG;TGFBR2;TNKS;TNKS2;TNRC6C;TP53;TPM3;TPM4;TPR;TRAK1;TRAT1;TRIM24;TRIP11;UBC;VAV1;VCL;VCP;WDR48;YES1;YWHAB;ZAP70;ZC3HC1;ZFYVE9;ZMYM2
S:REACTOME_FORMATION_OF_THE_EMBRYONIC_STEM_CELL_BAF_ESBAF_COMPLEX	D:19	S:ACTB;ACTL6A;ARID1A;BCL11A;BCL11B;BCL7A;BCL7B;BCL7C;DPF2;PHF10;SMARCA4;SMARCB1;SMARCC1;SMARCC2;SMARCD1;SMARCD2;SMARCD3;SMARCE1;SS18	S:ACTB;ACTL6A;ARID1A;BCL11A;BCL7A;DPF2;PHF10;SMARCA4;SMARCC1;SMARCC2;SMARCD1;SMARCE1;SS18
S:REACTOME_KERATAN_SULFATE_BIOSYNTHESIS	D:28	S:ACAN;B3GNT2;B3GNT3;B3GNT4;B3GNT7;B4GALT1;B4GALT2;B4GALT3;B4GALT4;B4GALT5;B4GALT6;CHST1;CHST2;CHST3;CHST5;CHST6;FMOD;KERA;LUM;OGN;OMD;PRELP;SLC35D2;ST3GAL1;ST3GAL2;ST3GAL3;ST3GAL4;ST3GAL6	S:B3GNT7;B4GALT2;B4GALT3;B4GALT5;CHST2;CHST5;FMOD;LUM;OGN;ST3GAL1;ST3GAL2;ST3GAL3;ST3GAL4
S:REACTOME_RND1_GTPASE_CYCLE	D:40	S:ALDH3A2;ANKRD26;ARHGAP5;CAV1;CCDC88A;CPD;DEPDC1B;DLG5;DSP;DST;EPHA2;EPSTI1;FAM135A;FAM83B;FLOT2;FRS2;FRS3;GRB7;KIDINS220;KIF14;LEMD3;MUC13;PIK3R1;PIK3R2;PKP4;PLEKHG5;PLXNA1;PTPN13;RASAL2;RBMX;RND1;RRAS2;STIP1;STMN2;TFRC;TMEM59;TXNL1;UBXN11;VANGL1;WDR6	S:ALDH3A2;ANKRD26;ARHGAP5;CAV1;DEPDC1B;DLG5;DSP;DST;EPSTI1;FAM135A;FAM83B;GRB7;KIDINS220;KIF14;LEMD3;PIK3R1;PKP4;PLXNA1;PTPN13;RASAL2;RBMX;RND1;RRAS2;STIP1;TMEM59;VANGL1;WDR6
S:REACTOME_CONSTITUTIVE_SIGNALING_BY_OVEREXPRESSED_ERBB2	D:10	S:CDC37;ERBB2;GRB2;HRAS;HSP90AA1;KRAS;NRAS;PTPN12;SHC1;SOS1	S:ERBB2;GRB2;HSP90AA1;KRAS;PTPN12;SHC1;SOS1
S:REACTOME_MITF_M_DEPENDENT_GENE_EXPRESSION	D:104	S:ACTB;ACTL6A;AKT2;ARID1A;ARID1B;ASAH1;ATP6AP2;ATP6V0A1;ATP6V0B;ATP6V0C;ATP6V0D1;ATP6V0E1;ATP6V0E2;ATP6V1A;ATP6V1B2;ATP6V1C1;ATP6V1D;ATP6V1E1;ATP6V1F;ATP6V1G1;ATP6V1H;BCL2;BCL2A1;BCL7A;BCL7B;BCL7C;BIRC7;BRCA1;CCNB1;CCND1;CDC25B;CDH1;CDH2;CDK2;CDKN1A;CDKN2A;CEACAM1;CREB1;CTNNB1;DCT;DIAPH1;DICER1;DPF1;DPF2;DPF3;EDIL3;GMPR;GPR143;GXYLT2;HDAC1;HINT1;IRF4;ITGA2;LEF1;LIG1;MAPK14;MCM2;MCM5;MET;MITF;MLANA;MLPH;MOV10;MYO5A;MYRIP;PLK1;PMEL;POU3F2;PPARGC1A;PXDN;PXN;RAB27A;SERPINE1;SIN3A;SIRT1;SMARCA2;SMARCA4;SMARCB1;SMARCC1;SMARCC2;SMARCD1;SMARCD2;SMARCD3;SMARCE1;SOX10;SOX2;SS18;SS18L1;STT3B;SYTL2;TBX2;TCF7;TCF7L1;TCF7L2;TERT;TFAP2A;TNRC6A;TNRC6B;TNRC6C;TRPM1;TYR;TYRP1;USF1;ZEB1	S:ACTB;ACTL6A;AKT2;ARID1A;ATP6AP2;ATP6V0A1;ATP6V1A;ATP6V1B2;ATP6V1C1;ATP6V1D;ATP6V1F;ATP6V1G1;ATP6V1H;BCL7A;BIRC7;BRCA1;CCNB1;CCND1;CDC25B;CDH1;CDKN2A;CEACAM1;CREB1;DIAPH1;DICER1;DPF2;DPF3;GXYLT2;HDAC1;IRF4;ITGA2;LEF1;LIG1;MCM2;MCM5;MET;MITF;MOV10;MYO5A;MYRIP;PLK1;POU3F2;PPARGC1A;SERPINE1;SIN3A;SIRT1;SMARCA2;SMARCA4;SMARCC1;SMARCC2;SMARCD1;SMARCE1;SOX10;SS18;SS18L1;STT3B;SYTL2;TCF7;TFAP2A;TNRC6A;TNRC6B;TNRC6C;ZEB1
S:REACTOME_REGULATION_OF_CDH1_FUNCTION	D:57	S:ACTA1;ACTA2;ACTB;ACTC1;ACTG1;ACTG2;ADRM1;BANP;CBLL1;CDH1;CTNNA1;CTNNB1;CTNND1;CTSB;CTSS;DNM2;EPS15;FYN;JUP;MDM2;MTBP;PSMA1;PSMA2;PSMA3;PSMA4;PSMA5;PSMA6;PSMA7;PSMB1;PSMB2;PSMB3;PSMB4;PSMB5;PSMB6;PSMB7;PSMC1;PSMC2;PSMC3;PSMC4;PSMC5;PSMC6;PSMD1;PSMD11;PSMD12;PSMD13;PSMD14;PSMD2;PSMD3;PSMD6;PSMD7;PSMD8;RPS27A;SRC;UBA52;UBB;UBC;VCL	S:ACTA1;ACTB;ACTG1;ACTG2;BANP;CBLL1;CDH1;EPS15;FYN;MDM2;MTBP;PSMA1;PSMA3;PSMA4;PSMA5;PSMA6;PSMA7;PSMB1;PSMB2;PSMB3;PSMB4;PSMC5;PSMC6;PSMD1;PSMD11;PSMD12;PSMD14;PSMD2;PSMD3;PSMD6;PSMD7;RPS27A;UBC;VCL
S:REACTOME_ANDROGEN_BIOSYNTHESIS	D:11	S:CGA;CYP17A1;HSD17B12;HSD17B3;HSD3B1;HSD3B2;LHB;POMC;SRD5A1;SRD5A2;SRD5A3	S:CYP17A1;HSD17B3;HSD3B1;LHB;POMC;SRD5A1
S:REACTOME_GLYCOGEN_SYNTHESIS	D:13	S:EPM2A;GBE1;GYG1;GYG2;GYS1;GYS2;PGM1;PPP1R3C;RPS27A;UBA52;UBB;UBC;UGP2	S:EPM2A;GBE1;GYG2;GYS1;PGM1;PPP1R3C;RPS27A;UBC;UGP2
S:REACTOME_CROSS_PRESENTATION_OF_SOLUBLE_EXOGENOUS_ANTIGENS_ENDOSOMES	D:39	S:ADRM1;CD207;MRC1;MRC2;PSMA1;PSMA2;PSMA3;PSMA4;PSMA5;PSMA6;PSMA7;PSMB1;PSMB10;PSMB2;PSMB3;PSMB4;PSMB5;PSMB6;PSMB7;PSMB8;PSMB9;PSMC1;PSMC2;PSMC3;PSMC4;PSMC5;PSMC6;PSMD1;PSMD11;PSMD12;PSMD13;PSMD14;PSMD2;PSMD3;PSMD6;PSMD7;PSMD8;PSME1;PSME2	S:PSMA1;PSMA3;PSMA4;PSMA5;PSMA6;PSMA7;PSMB1;PSMB10;PSMB2;PSMB3;PSMB4;PSMB9;PSMC5;PSMC6;PSMD1;PSMD11;PSMD12;PSMD14;PSMD2;PSMD3;PSMD6;PSMD7;PSME1;PSME2
S:REACTOME_REACTIONS_SPECIFIC_TO_THE_COMPLEX_N_GLYCAN_SYNTHESIS_PATHWAY	D:10	S:CGA;CHST10;CHST8;FUCA1;FUT3;FUT8;LHB;MAN2A1;MAN2A2;MGAT2	S:CGA;CHST8;FUCA1;FUT3;FUT8;MAN2A1;MGAT2
S:REACTOME_APOPTOTIC_CLEAVAGE_OF_CELLULAR_PROTEINS	D:37	S:ACIN1;ADD1;APC;BCAP31;BIRC2;BMX;CASP3;CASP6;CASP7;CASP8;CDH1;CLSPN;CTNNB1;DBNL;DSG1;DSG2;DSG3;DSP;FNTA;GAS2;GSN;LMNA;LMNB1;MAPT;OCLN;PKP1;PLEC;PRKCD;PRKCQ;PTK2;ROCK1;SATB1;SPTAN1;STK24;TJP1;TJP2;VIM	S:ACIN1;APC;BCAP31;BMX;CASP3;CASP6;CASP7;CDH1;CLSPN;DSG1;DSP;FNTA;GAS2;LMNA;MAPT;OCLN;PKP1;PRKCQ;PTK2;ROCK1;SATB1;TJP2;VIM
S:REACTOME_DENGUE_VIRUS_ATTACHMENT_AND_ENTRY	D:43	S:AGRN;AP2A1;AP2A2;AP2B1;AP2M1;AP2S1;ATG7;AXL;CD14;CD209;CD300A;CD33;CLDN1;FURIN;GAS6;GPC1;GPC2;GPC3;GPC4;GPC5;GPC6;HAVCR1;HSPA5;HSPG2;LY6E;MAPRE3;MERTK;MRC1;PIK3R1;PROS1;RNASEK;RPSA;SDC1;SDC2;SDC3;SDC4;TIMD4;TYRO3;UBA1;UBA3;UBA5;UBA6;UBA7	S:AGRN;AP2A1;AP2A2;AP2B1;AP2M1;AP2S1;AXL;CD300A;CLDN1;FURIN;GAS6;GPC4;GPC5;GPC6;LY6E;MRC1;RNASEK;RPSA;SDC1;UBA1;UBA3
S:REACTOME_EPHA_MEDIATED_GROWTH_CONE_COLLAPSE	D:29	S:EFNA1;EFNA2;EFNA3;EFNA4;EFNA5;EPHA1;EPHA10;EPHA2;EPHA3;EPHA4;EPHA5;EPHA6;EPHA7;EPHA8;FYN;LYN;MYH10;MYH11;MYH14;MYH9;MYL12B;MYL6;MYL9;NGEF;RHOA;ROCK1;ROCK2;SRC;YES1	S:EFNA1;EFNA3;EFNA5;EPHA10;EPHA2;EPHA3;EPHA5;EPHA6;EPHA7;MYH14;MYL6;MYL9;SRC
S:REACTOME_FBXL7_DOWN_REGULATES_AURKA_DURING_MITOTIC_ENTRY_AND_IN_EARLY_MITOSIS	D:41	S:ADRM1;AURKA;CUL1;FBXL18;FBXL7;PSMA1;PSMA2;PSMA3;PSMA4;PSMA5;PSMA6;PSMA7;PSMB1;PSMB2;PSMB3;PSMB4;PSMB5;PSMB6;PSMB7;PSMC1;PSMC2;PSMC3;PSMC4;PSMC5;PSMC6;PSMD1;PSMD11;PSMD12;PSMD13;PSMD14;PSMD2;PSMD3;PSMD6;PSMD7;PSMD8;RBX1;RPS27A;SKP1;UBA52;UBB;UBC	S:AURKA;CUL1;FBXL18;FBXL7;PSMA1;PSMA3;PSMA4;PSMA5;PSMA6;PSMA7;PSMB1;PSMB2;PSMB3;PSMB4;PSMC5;PSMC6;PSMD1;PSMD11;PSMD12;PSMD14;PSMD2;PSMD3;PSMD6;PSMD7;RPS27A;UBC
S:REACTOME_HDACS_DEACETYLATE_HISTONES	D:32	S:ARID4A;ARID4B;BRMS1;CHD3;CHD4;GATAD2A;GATAD2B;GPS2;HDAC1;HDAC10;HDAC2;HDAC3;HDAC8;HMG20B;KDM1A;MBD3;MTA1;MTA2;MTA3;NCOR1;NCOR2;PHF21A;RBBP4;RBBP7;RCOR1;REST;SAP18;SAP30;SAP30L;SUDS3;TBL1X;TBL1XR1	S:ARID4A;ARID4B;CHD4;GATAD2A;GATAD2B;HDAC1;HDAC2;HDAC3;HDAC8;MTA3;NCOR1;NCOR2;RBBP4;RBBP7;RCOR1;REST;SAP18;TBL1XR1
S:REACTOME_RNA_POLYMERASE_III_CHAIN_ELONGATION	D:18	S:CRCP;POLR1C;POLR1D;POLR2E;POLR2F;POLR2H;POLR2K;POLR2L;POLR3A;POLR3B;POLR3C;POLR3D;POLR3E;POLR3F;POLR3G;POLR3GL;POLR3H;POLR3K	S:CRCP;POLR1C;POLR2K;POLR2L;POLR3A;POLR3B;POLR3D;POLR3E;POLR3F;POLR3G;POLR3GL;POLR3H;POLR3K
S:REACTOME_CA2_PATHWAY	D:57	S:AXIN2;CALM1;CAMK2A;CTNNB1;FZD2;FZD3;FZD4;FZD5;FZD6;GNAO1;GNB1;GNB2;GNB3;GNB4;GNB5;GNG10;GNG11;GNG12;GNG13;GNG2;GNG3;GNG4;GNG5;GNG7;GNG8;GNGT1;GNGT2;ITPR1;ITPR2;ITPR3;KRAS;LEF1;MAP3K7;MOV10;MYC;NFATC1;NLK;PDE6A;PDE6B;PDE6G;PLCB1;PLCB2;PLCB3;PPP3CA;PPP3CB;PPP3R1;PRKCA;PRKG1;PRKG2;TCF7;TCF7L1;TCF7L2;TNRC6A;TNRC6B;TNRC6C;WNT11;WNT5A	S:AXIN2;CALM1;CAMK2A;FZD3;FZD6;GNAO1;GNB1;GNB3;GNB5;GNG2;GNG3;GNG5;GNG7;GNG8;ITPR1;ITPR2;ITPR3;KRAS;LEF1;MAP3K7;MOV10;MYC;NFATC1;NLK;PDE6B;PLCB1;PPP3CA;PPP3CB;PRKCA;PRKG1;PRKG2;TCF7;TNRC6A;TNRC6B;TNRC6C;WNT11
S:REACTOME_MISCELLANEOUS_TRANSPORT_AND_BINDING_EVENTS	D:25	S:ADD1;ADD2;ADD3;ANKH;AZGP1;CSN1S1;CSN3;CTNS;LRRC8A;LRRC8B;LRRC8C;LRRC8D;LRRC8E;MAGT1;MMGT1;MRS2;NIPA1;NIPA2;NIPAL2;NIPAL3;PIP;RHAG;RHBG;RHCG;TUSC3	S:ADD3;CSN3;LRRC8B;LRRC8C;LRRC8D;MAGT1;MMGT1;MRS2;NIPA1;NIPA2;NIPAL2;NIPAL3;PIP;RHBG;RHCG;TUSC3
S:REACTOME_RHOJ_GTPASE_CYCLE	D:53	S:ARHGAP1;ARHGAP21;ARHGAP26;ARHGAP32;ARHGAP5;ARHGEF7;ARL13B;CAV1;CDC42;CDC42BPA;CDC42BPB;CDC42EP1;CPNE8;DEPDC1B;DIAPH3;DOCK8;FMNL3;FNBP1;FNBP1L;GIT1;GIT2;GJA1;IQGAP3;JUP;LAMTOR1;MPP7;OCRL;OPHN1;PAK1;PAK2;PAK3;PAK4;PIK3R1;PIK3R2;PREX1;RAB7A;RHOJ;SCRIB;SLC1A5;SLC4A7;SNAP23;STEAP3;STOM;SYDE1;TFRC;TMPO;TRIO;VAMP3;VANGL1;WAS;WASL;WIPF2;WWP2	S:ARHGAP1;ARHGAP21;ARHGAP32;ARHGAP5;ARHGEF7;ARL13B;CAV1;CDC42;CDC42BPA;DEPDC1B;DIAPH3;DOCK8;FMNL3;FNBP1;FNBP1L;GIT2;MPP7;OCRL;OPHN1;PAK1;PAK2;PAK3;PIK3R1;PREX1;RAB7A;RHOJ;SCRIB;SLC4A7;SNAP23;TMPO;TRIO;VANGL1;WIPF2;WWP2
S:REACTOME_ADORA2B_MEDIATED_ANTI_INFLAMMATORY_CYTOKINES_PRODUCTION	D:42	S:ADCY1;ADCY2;ADCY3;ADCY4;ADCY5;ADCY6;ADCY7;ADCY8;ADCY9;ADORA2B;CREB1;GNAI1;GNAI2;GNAI3;GNAS;GNAZ;GNB1;GNB2;GNB3;GNB4;GNB5;GNG10;GNG11;GNG12;GNG13;GNG2;GNG3;GNG4;GNG5;GNG7;GNG8;GNGT1;GNGT2;IL6;PRKACA;PRKACB;PRKACG;PRKAR1A;PRKAR1B;PRKAR2A;PRKAR2B;PRKX	S:ADCY2;ADCY6;ADCY8;GNAI2;GNAZ;GNB2;GNB4;GNG10;GNG11;GNG12;GNG13;GNG4;GNGT1;GNGT2;PRKACA;PRKAR1A;PRKAR1B
S:REACTOME_DOWNSTREAM_SIGNALING_OF_ACTIVATED_FGFR1	D:31	S:FGF1;FGF10;FGF17;FGF2;FGF20;FGF22;FGF23;FGF3;FGF4;FGF5;FGF6;FGF8;FGF9;FGFR1;FLRT1;FLRT2;FLRT3;FRS2;FRS3;GAB1;GRB2;HRAS;KL;KRAS;NRAS;PIK3CA;PIK3R1;PLCG1;PTPN11;SHC1;SOS1	S:FGF1;FGF10;FGF17;FGF20;FGF22;FGF23;FGF3;FGF4;FGF5;FGF6;FGF8;FGF9;FLRT1;FLRT2;FLRT3;FRS2;FRS3;GAB1;HRAS;NRAS
S:REACTOME_ION_CHANNEL_TRANSPORT	D:173	S:ANO1;ANO10;ANO2;ANO3;ANO4;ANO5;ANO6;ANO7;ANO8;ANO9;ASPH;ATP10A;ATP10B;ATP10D;ATP11A;ATP11B;ATP11C;ATP12A;ATP13A1;ATP13A2;ATP13A4;ATP13A5;ATP1A1;ATP1A2;ATP1A3;ATP1A4;ATP1B1;ATP1B2;ATP1B3;ATP2A1;ATP2A2;ATP2A3;ATP2B1;ATP2B2;ATP2B3;ATP2B4;ATP2C1;ATP2C2;ATP4A;ATP4B;ATP6AP1;ATP6V0A1;ATP6V0A2;ATP6V0A4;ATP6V0B;ATP6V0C;ATP6V0D1;ATP6V0D2;ATP6V0E1;ATP6V0E2;ATP6V1A;ATP6V1B1;ATP6V1B2;ATP6V1C1;ATP6V1C2;ATP6V1D;ATP6V1E1;ATP6V1E2;ATP6V1F;ATP6V1G1;ATP6V1G2;ATP6V1G3;ATP6V1H;ATP7A;ATP7B;ATP8A1;ATP8A2;ATP8B1;ATP8B2;ATP8B3;ATP8B4;ATP9A;ATP9B;BEST1;BEST2;BEST3;BEST4;BSND;CALM1;CAMK2A;CAMK2B;CAMK2D;CAMK2G;CASQ1;CASQ2;CLCA1;CLCA2;CLCA4;CLCN1;CLCN2;CLCN3;CLCN4;CLCN5;CLCN6;CLCN7;CLCNKA;CLCNKB;CLIC2;CUTC;FKBP1B;FXYD1;FXYD2;FXYD3;FXYD4;FXYD6;FXYD7;MCOLN1;MCOLN2;MCOLN3;MLKL;NALCN;NEDD4L;OSTM1;PDZD11;PLN;RAF1;RIPK1;RIPK3;RPS27A;RYR1;RYR2;RYR3;SCNN1A;SCNN1B;SCNN1D;SCNN1G;SGK1;SGK2;SGK3;SLC17A3;SLN;SRI;STOM;STOML3;TCIRG1;TPCN1;TPCN2;TRDN;TRPA1;TRPC1;TRPC3;TRPC4;TRPC4AP;TRPC5;TRPC6;TRPC7;TRPM1;TRPM2;TRPM3;TRPM4;TRPM5;TRPM6;TRPM7;TRPM8;TRPV1;TRPV2;TRPV3;TRPV4;TRPV5;TRPV6;TSC22D3;TTYH1;TTYH2;TTYH3;UBA52;UBB;UBC;UNC80;WNK1;WNK2;WNK3;WNK4;WWP1	S:ANO1;ANO10;ANO3;ANO4;ANO7;ANO8;ANO9;ASPH;ATP10B;ATP11B;ATP13A1;ATP13A2;ATP13A4;ATP1A2;ATP1A3;ATP1A4;ATP1B2;ATP2B2;ATP2B3;ATP2B4;ATP2C2;ATP4B;ATP6AP1;ATP6V0A4;ATP6V0B;ATP6V0C;ATP6V0D1;ATP6V0D2;ATP6V0E1;ATP6V0E2;ATP6V1C2;ATP6V1E1;ATP6V1G2;BEST1;BEST2;BEST3;BEST4;BSND;CASQ2;CLCA1;CLCA2;CLCN1;CLCN7;CLCNKB;CLIC2;FKBP1B;FXYD3;FXYD4;FXYD6;MCOLN1;MLKL;NEDD4L;PDZD11;PLN;RAF1;RIPK3;RYR1;SCNN1B;SCNN1D;SCNN1G;SLN;STOM;TPCN2;TRPA1;TRPC3;TRPC4;TRPC4AP;TRPC5;TRPC6;TRPM1;TRPM2;TRPM4;TRPM5;TRPM6;TRPM8;TRPV3;TRPV4;TRPV5;TSC22D3;TTYH3;UBA52;UBB;UNC80;WNK1;WNK2;WNK4
S:REACTOME_PHOSPHORYLATION_AND_NUCLEAR_TRANSLOCATION_OF_THE_CRY_PER_KINASE_COMPLEX	D:14	S:CDK5;CRY1;CRY2;CSNK1D;CSNK1E;CSNK2A1;CSNK2A2;CSNK2B;PER1;PER2;PER3;PPP1CA;PPP1CB;PPP1CC	S:CRY1;CRY2;CSNK1E;CSNK2A1;CSNK2B;PER2;PER3;PPP1CA;PPP1CC
S:REACTOME_PHOSPHORYLATION_OF_CD3_AND_TCR_ZETA_CHAINS	D:22	S:CD247;CD3D;CD3E;CD3G;CD4;CSK;HLA-DPA1;HLA-DPB1;HLA-DQA1;HLA-DQA2;HLA-DQB1;HLA-DQB2;HLA-DRA;HLA-DRB1;HLA-DRB3;HLA-DRB4;HLA-DRB5;LCK;PAG1;PTPN22;PTPRC;PTPRJ	S:CD247;CD3D;CD3G;HLA-DPA1;HLA-DPB1;HLA-DQA1;HLA-DQB1;HLA-DQB2;HLA-DRA;HLA-DRB1;HLA-DRB3;HLA-DRB4;HLA-DRB5;LCK;PAG1;PTPN22;PTPRC
S:REACTOME_REGULATION_OF_LIPID_METABOLISM_BY_PPARALPHA	D:114	S:ABCA1;ABCB4;ACADM;ACOX1;ACSL1;AGT;AHR;ALAS1;ANGPTL4;ANKRD1;APOA1;APOA2;APOA5;ARNT;ARNT2;CCNC;CD36;CDK19;CDK8;CHD9;CLOCK;CPT1A;CPT2;CREBBP;CYP1A1;CYP4A11;CYP7A1;EP300;ESRRA;FABP1;FADS1;FAM120B;FDFT1;FHL2;G0S2;GLIPR1;GPS2;GRHL1;HDAC3;HMGCR;HMGCS1;HMGCS2;ME1;MED1;MED10;MED11;MED12;MED13;MED13L;MED14;MED15;MED16;MED17;MED18;MED19;MED20;MED21;MED22;MED23;MED24;MED25;MED26;MED27;MED28;MED29;MED30;MED31;MED4;MED6;MED7;MED8;MED9;MTF1;NCOA1;NCOA2;NCOA3;NCOA6;NCOR1;NCOR2;NFYA;NFYB;NFYC;NPAS2;NR1D1;NR1H2;NR1H3;NR1H4;NRF1;PEX11A;PLIN2;PPARA;PPARG;PPARGC1A;PPARGC1B;RGL1;RORA;RXRA;RXRB;SIN3A;SIN3B;SLC27A1;SMARCD3;SP1;SREBF1;SREBF2;SULT2A1;TBL1X;TBL1XR1;TGS1;THRAP3;TIAM2;TNFRSF21;TRIB3;TXNRD1	S:ABCA1;ABCB4;ACADM;ACOX1;AHR;ANGPTL4;APOA5;ARNT;CDK8;CHD9;CLOCK;CPT1A;CREBBP;CYP1A1;CYP7A1;EP300;ESRRA;FAM120B;FHL2;G0S2;GLIPR1;GRHL1;HDAC3;HMGCR;HMGCS1;HMGCS2;ME1;MED1;MED10;MED12;MED13;MED13L;MED17;MED19;MED20;MED21;MED22;MED23;MED26;MED28;MED30;MED31;MED4;MED6;MED7;MED8;MED9;MTF1;NCOA1;NCOA2;NCOA3;NCOA6;NCOR1;NCOR2;NFYA;NFYB;NFYC;NR1D1;NR1H3;NR1H4;NRF1;PEX11A;PLIN2;PPARA;PPARG;PPARGC1A;PPARGC1B;RGL1;RORA;SIN3A;SREBF1;TBL1XR1;TGS1;THRAP3;TNFRSF21;TRIB3
S:REACTOME_SCAVENGING_BY_CLASS_A_RECEPTORS	D:19	S:APOA1;APOB;APOE;CALR;COL1A1;COL1A2;COL3A1;COL4A1;COL4A2;COLEC11;COLEC12;FTH1;FTL;HSP90B1;MARCO;MASP1;MSR1;SCARA5;SCGB3A2	S:APOA1;APOE;COL1A1;COL3A1;COL4A1;COL4A2;COLEC12;FTL;MARCO;MASP1
S:REACTOME_SIGNALING_BY_FGFR1	D:51	S:BRAF;CBL;FGF1;FGF10;FGF17;FGF18;FGF2;FGF20;FGF22;FGF23;FGF3;FGF4;FGF5;FGF6;FGF8;FGF9;FGFR1;FGFRL1;FLRT1;FLRT2;FLRT3;FRS2;FRS3;GAB1;GIPC1;GRB2;HRAS;KL;KRAS;MAPK1;MAPK3;MKNK1;NRAS;PIK3CA;PIK3R1;PLCG1;PPP2CA;PPP2CB;PPP2R1A;PTPN11;RPS27A;SHC1;SOS1;SPRED1;SPRED2;SPRY2;SRC;TGFBR3;UBA52;UBB;UBC	S:FGF1;FGF10;FGF17;FGF20;FGF22;FGF23;FGF3;FGF4;FGF5;FGF6;FGF8;FGF9;FGFRL1;FLRT1;FLRT2;FLRT3;FRS2;FRS3;GAB1;GIPC1;HRAS;MAPK3;MKNK1;NRAS;PPP2CA;PPP2R1A;SPRED2;SRC;UBA52;UBB
S:REACTOME_SIGNALING_BY_LEPTIN	D:11	S:IRS1;IRS2;JAK2;LEP;LEPR;PTPN11;SH2B1;SOCS3;STAT3;STAT5A;STAT5B	S:JAK2;LEP;SOCS3;STAT3;STAT5A;STAT5B
S:REACTOME_CONSTITUTIVE_SIGNALING_BY_AKT1_E17K_IN_CANCER	D:25	S:AKT1;AKT1S1;AKT2;AKT3;BAD;CASP9;CDKN1A;CDKN1B;CHUK;CREB1;FOXO1;FOXO3;FOXO4;GSK3A;GSK3B;MAPKAP1;MDM2;MLST8;MTOR;NR4A1;PDPK1;PRR5;RICTOR;RPS6KB2;TSC2	S:AKT1;AKT1S1;BAD;CDKN1A;CHUK;FOXO3;FOXO4;MLST8;NR4A1;PDPK1;PRR5;RICTOR;RPS6KB2;TSC2
S:REACTOME_IRAK2_MEDIATED_ACTIVATION_OF_TAK1_COMPLEX	D:10	S:IRAK2;MAP3K7;RPS27A;TAB1;TAB2;TAB3;TRAF6;UBA52;UBB;UBC	S:MAP3K7;RPS27A;TAB2;TAB3;TRAF6;UBC
S:REACTOME_SPOP_MEDIATED_PROTEASOMAL_DEGRADATION_OF_PD_L1_CD274	D:45	S:ADRM1;CCND1;CD274;CDK4;CSNK2A1;CSNK2A2;CSNK2B;CUL3;PSMA1;PSMA2;PSMA3;PSMA4;PSMA5;PSMA6;PSMA7;PSMB1;PSMB2;PSMB3;PSMB4;PSMB5;PSMB6;PSMB7;PSMC1;PSMC2;PSMC3;PSMC4;PSMC5;PSMC6;PSMD1;PSMD11;PSMD12;PSMD13;PSMD14;PSMD2;PSMD3;PSMD6;PSMD7;PSMD8;RBX1;RPS27A;SPOP;UBA52;UBB;UBC;YWHAG	S:CCND1;CDK4;CSNK2A1;CSNK2B;CUL3;PSMA1;PSMA3;PSMA4;PSMA5;PSMA6;PSMA7;PSMB1;PSMB2;PSMB3;PSMB4;PSMC5;PSMC6;PSMD1;PSMD11;PSMD12;PSMD14;PSMD2;PSMD3;PSMD6;PSMD7;RPS27A;SPOP;UBC;YWHAG
S:REACTOME_METHYLATION	D:13	S:AHCY;AS3MT;COMT;CYP1A2;GSTO1;MAT1A;MAT2A;MAT2B;MTR;MTRR;NNMT;TPMT;TRMT112	S:AHCY;AS3MT;MAT1A;MAT2A;MAT2B;MTR;MTRR;NNMT;TPMT;TRMT112
S:REACTOME_DISEASES_ASSOCIATED_WITH_N_GLYCOSYLATION_OF_PROTEINS	D:20	S:ALG1;ALG11;ALG12;ALG13;ALG14;ALG2;ALG3;ALG6;ALG8;ALG9;B4GALT1;CTSA;DPAGT1;GLB1;MAN1B1;MGAT2;MOGS;MPDU1;NEU1;RFT1	S:ALG1;ALG11;ALG13;ALG14;ALG2;ALG6;ALG8;ALG9;B4GALT1;CTSA;DPAGT1;MGAT2;RFT1
S:REACTOME_BETA_CATENIN_INDEPENDENT_WNT_SIGNALING	D:126	S:ADRM1;AP2A1;AP2A2;AP2B1;AP2M1;AP2S1;ARRB2;AXIN2;CALM1;CAMK2A;CLTA;CLTB;CLTC;CTNNB1;DAAM1;DVL1;DVL2;DVL3;FZD1;FZD2;FZD3;FZD4;FZD5;FZD6;FZD7;FZD8;GNAO1;GNB1;GNB2;GNB3;GNB4;GNB5;GNG10;GNG11;GNG12;GNG13;GNG2;GNG3;GNG4;GNG5;GNG7;GNG8;GNGT1;GNGT2;ITPR1;ITPR2;ITPR3;KRAS;LEF1;MAP3K7;MOV10;MYC;NFATC1;NLK;PARD6A;PDE6A;PDE6B;PDE6G;PFN1;PLCB1;PLCB2;PLCB3;PPP3CA;PPP3CB;PPP3R1;PRICKLE1;PRKCA;PRKCB;PRKCG;PRKG1;PRKG2;PSMA1;PSMA2;PSMA3;PSMA4;PSMA5;PSMA6;PSMA7;PSMB1;PSMB2;PSMB3;PSMB4;PSMB5;PSMB6;PSMB7;PSMC1;PSMC2;PSMC3;PSMC4;PSMC5;PSMC6;PSMD1;PSMD11;PSMD12;PSMD13;PSMD14;PSMD2;PSMD3;PSMD6;PSMD7;PSMD8;RAC1;RAC2;RAC3;RHOA;ROR1;ROR2;RPS27A;RYK;SCRIB;SMURF1;SMURF2;TCF7;TCF7L1;TCF7L2;TNRC6A;TNRC6B;TNRC6C;UBA52;UBB;UBC;WNT1;WNT11;WNT4;WNT5A;WNT5B	S:AXIN2;CALM1;CAMK2A;CLTA;CLTB;CLTC;DAAM1;DVL1;FZD1;FZD3;FZD6;FZD7;GNAO1;GNB1;GNB3;GNB5;GNG2;GNG3;GNG5;GNG7;GNG8;ITPR1;ITPR2;ITPR3;KRAS;LEF1;MAP3K7;MOV10;MYC;NFATC1;NLK;PDE6B;PLCB1;PPP3CA;PPP3CB;PRICKLE1;PRKCA;PRKCB;PRKG1;PRKG2;PSMA1;PSMA3;PSMA4;PSMA5;PSMA6;PSMA7;PSMB1;PSMB2;PSMB3;PSMB4;PSMC5;PSMC6;PSMD1;PSMD11;PSMD12;PSMD14;PSMD2;PSMD3;PSMD6;PSMD7;RAC1;RAC2;RHOA;ROR2;RPS27A;RYK;SCRIB;SMURF2;TCF7;TNRC6A;TNRC6B;TNRC6C;UBC;WNT1;WNT11;WNT5B
S:REACTOME_ACTIVATION_OF_THE_MRNA_UPON_BINDING_OF_THE_CAP_BINDING_COMPLEX_AND_EIFS_AND_SUBSEQUENT_BINDING_TO_43S	D:60	S:EIF1AX;EIF2S1;EIF2S2;EIF2S3;EIF3A;EIF3B;EIF3C;EIF3D;EIF3E;EIF3F;EIF3G;EIF3H;EIF3I;EIF3J;EIF3K;EIF3L;EIF3M;EIF4A1;EIF4A2;EIF4B;EIF4E;EIF4EBP1;EIF4G1;EIF4H;FAU;PABPC1;RPS10;RPS11;RPS12;RPS13;RPS14;RPS15;RPS15A;RPS16;RPS17;RPS18;RPS19;RPS2;RPS20;RPS21;RPS23;RPS24;RPS25;RPS26;RPS27;RPS27A;RPS27L;RPS28;RPS29;RPS3;RPS3A;RPS4X;RPS4Y1;RPS4Y2;RPS5;RPS6;RPS7;RPS8;RPS9;RPSA	S:EIF1AX;EIF2S1;EIF2S2;EIF3A;EIF3C;EIF3D;EIF3E;EIF3F;EIF3H;EIF3J;EIF3K;EIF3L;EIF3M;EIF4A1;EIF4A2;EIF4B;EIF4H;PABPC1;RPS11;RPS13;RPS15;RPS16;RPS18;RPS19;RPS20;RPS21;RPS23;RPS25;RPS26;RPS27A;RPS27L;RPS28;RPS4X;RPS4Y1;RPS4Y2;RPS6;RPS8
S:REACTOME_DEGRADATION_OF_GLI1_BY_THE_PROTEASOME	D:46	S:ADRM1;BTRC;CUL1;GLI1;ITCH;NUMB;PRKACA;PRKACB;PRKACG;PSMA1;PSMA2;PSMA3;PSMA4;PSMA5;PSMA6;PSMA7;PSMB1;PSMB2;PSMB3;PSMB4;PSMB5;PSMB6;PSMB7;PSMC1;PSMC2;PSMC3;PSMC4;PSMC5;PSMC6;PSMD1;PSMD11;PSMD12;PSMD13;PSMD14;PSMD2;PSMD3;PSMD6;PSMD7;PSMD8;RBX1;RPS27A;SKP1;SUFU;UBA52;UBB;UBC	S:BTRC;CUL1;GLI1;ITCH;PRKACB;PRKACG;PSMA1;PSMA3;PSMA4;PSMA5;PSMA6;PSMA7;PSMB1;PSMB2;PSMB3;PSMB4;PSMC5;PSMC6;PSMD1;PSMD11;PSMD12;PSMD14;PSMD2;PSMD3;PSMD6;PSMD7;RPS27A;SUFU;UBC
S:REACTOME_EARLY_PHASE_OF_HIV_LIFE_CYCLE	D:14	S:BANF1;CCR5;CD4;CXCR4;FEN1;HMGA1;KPNA1;LIG1;LIG4;PPIA;PSIP1;XRCC4;XRCC5;XRCC6	S:CCR5;CXCR4;FEN1;KPNA1;LIG1;LIG4;PSIP1;XRCC4;XRCC6
S:REACTOME_FATTY_ACIDS	D:14	S:CYP2A13;CYP2A7;CYP2B6;CYP2D6;CYP2F1;CYP2J2;CYP4A11;CYP4B1;CYP4F11;CYP4F12;CYP4F2;CYP4F22;CYP4F3;CYP4F8	S:CYP2A13;CYP2B6;CYP2D6;CYP2F1;CYP4A11;CYP4B1;CYP4F11;CYP4F2;CYP4F22
S:REACTOME_FGFR2_LIGAND_BINDING_AND_ACTIVATION	D:20	S:FGF1;FGF10;FGF16;FGF17;FGF18;FGF2;FGF20;FGF22;FGF23;FGF3;FGF4;FGF5;FGF6;FGF7;FGF8;FGF9;FGFBP1;FGFBP2;FGFBP3;FGFR2	S:FGF1;FGF10;FGF17;FGF20;FGF22;FGF23;FGF3;FGF4;FGF5;FGF6;FGF8;FGF9;FGFBP1
S:REACTOME_SIGNALING_BY_CSF1_M_CSF_IN_MYELOID_CELLS	D:31	S:CBL;CSF1;CSF1R;FYN;GAB2;GAB3;GRAP2;GRB2;HCK;IL34;INPP5D;INPPL1;KRAS;LYN;PIK3CA;PIK3CB;PIK3CD;PIK3R1;PLCG2;PTPN11;RPS27A;SHC1;SOS1;SRC;STAT1;STAT3;THOC5;UBA52;UBB;UBC;YES1	S:CBL;CSF1;CSF1R;FYN;GAB3;GRAP2;GRB2;IL34;INPP5D;KRAS;LYN;PIK3CA;PIK3CB;PIK3R1;PLCG2;PTPN11;RPS27A;SHC1;SOS1;STAT1;UBC;YES1
S:REACTOME_MRNA_SPLICING_MINOR_PATHWAY	D:49	S:DDX23;DDX42;EFTUD2;GTF2F1;GTF2F2;NCBP1;NCBP2;PDCD7;POLR2A;POLR2B;POLR2C;POLR2D;POLR2E;POLR2F;POLR2G;POLR2H;POLR2I;POLR2J;POLR2K;POLR2L;PRPF6;PRPF8;RNPC3;SF3B1;SF3B2;SF3B3;SF3B4;SF3B5;SNRNP200;SNRNP25;SNRNP35;SNRNP40;SNRNP48;SNRPB;SNRPD1;SNRPD2;SNRPD3;SNRPE;SNRPF;SNRPG;SRSF1;SRSF2;SRSF6;SRSF7;TXNL4A;YBX1;ZCRB1;ZMAT5;ZRSR2	S:DDX23;DDX42;EFTUD2;GTF2F1;GTF2F2;NCBP1;NCBP2;PDCD7;POLR2B;POLR2G;POLR2K;POLR2L;PRPF6;PRPF8;SF3B1;SF3B2;SF3B3;SF3B5;SNRNP200;SNRNP25;SNRNP35;SNRNP40;SNRNP48;SNRPD1;SNRPD2;SNRPD3;SNRPF;SRSF1;SRSF2;SRSF7;ZCRB1;ZRSR2
S:REACTOME_PHOSPHOLIPASE_C_MEDIATED_CASCADE_FGFR4	D:15	S:FGF1;FGF16;FGF17;FGF18;FGF19;FGF2;FGF20;FGF23;FGF4;FGF6;FGF8;FGF9;FGFR4;KLB;PLCG1	S:FGF1;FGF17;FGF20;FGF23;FGF4;FGF6;FGF8;FGF9;FGFR4;KLB
S:REACTOME_NEGATIVE_REGULATION_OF_FGFR3_SIGNALING	D:29	S:BRAF;CBL;FGF1;FGF16;FGF17;FGF18;FGF2;FGF20;FGF23;FGF4;FGF5;FGF8;FGF9;FGFR3;FRS2;GRB2;MAPK1;MAPK3;MKNK1;PPP2CA;PPP2CB;PPP2R1A;PTPN11;RPS27A;SPRY2;SRC;UBA52;UBB;UBC	S:FGF1;FGF17;FGF20;FGF23;FGF4;FGF5;FGF8;FGF9;FGFR3;FRS2;MAPK3;MKNK1;PPP2CA;PPP2R1A;SRC;UBA52;UBB
S:REACTOME_ASSEMBLY_OF_ACTIVE_LPL_AND_LIPC_LIPASE_COMPLEXES	D:18	S:ANGPTL3;ANGPTL4;APOA4;APOA5;APOC2;CIDEC;CREB3L3;FGF21;FURIN;GPIHBP1;LIPC;LMF1;LMF2;LPL;MBTPS1;MBTPS2;PCSK5;PCSK6	S:ANGPTL3;APOA4;CIDEC;FURIN;GPIHBP1;LIPC;LMF1;LMF2;PCSK6
S:REACTOME_MYD88_INDEPENDENT_TLR4_CASCADE	D:108	S:AGER;ALPK1;APP;ATF1;ATF2;BIRC2;BIRC3;BTRC;CASP8;CD14;CHUK;CREB1;CUL1;DUSP3;DUSP4;DUSP6;DUSP7;ELK1;FADD;FBXW11;FOS;HMGB1;IKBIP;IKBKB;IKBKE;IKBKG;IRAK1;IRAK2;IRF3;IRF7;JUN;LRRC14;LY96;MAP2K1;MAP2K3;MAP2K4;MAP2K6;MAP2K7;MAP3K7;MAP3K8;MAPK1;MAPK10;MAPK11;MAPK14;MAPK3;MAPK7;MAPK8;MAPK9;MAPKAPK2;MAPKAPK3;MEF2A;MEF2C;N4BP1;NFKB1;NFKB2;NFKBIA;NFKBIB;NKIRAS1;NKIRAS2;NLRC5;NLRX1;NOD1;NOD2;OPTN;PPP2CA;PPP2CB;PPP2R1A;PPP2R1B;PPP2R5D;PTPN11;RELA;RIPK1;RIPK2;RIPK3;RPS27A;RPS6KA1;RPS6KA2;RPS6KA3;RPS6KA5;S100A12;S100B;SAA1;SARM1;SKP1;TAB1;TAB2;TAB3;TANK;TBK1;TICAM1;TIFA;TLR4;TNIP2;TP53;TRAF2;TRAF3;TRAF6;UBA52;UBB;UBC;UBE2D1;UBE2D2;UBE2D3;UBE2N;UBE2V1;USP14;USP18;VRK3	S:AGER;ALPK1;BIRC2;CASP8;CHUK;DUSP3;DUSP4;DUSP7;IKBKE;IKBKG;IRAK1;IRAK2;IRF3;IRF7;LY96;MAP2K3;MAP2K6;MAP2K7;MAP3K8;MAPK10;MAPK11;MAPK14;MAPK3;MAPK7;MAPKAPK2;MAPKAPK3;MEF2A;N4BP1;NFKB2;NFKBIB;NKIRAS2;NLRC5;OPTN;PPP2CA;PPP2R1A;RIPK2;RIPK3;RPS6KA1;RPS6KA2;S100A12;S100B;SAA1;SKP1;TAB1;TIFA;TLR4;TNIP2;UBA52;UBB;UBE2D1;UBE2V1;VRK3
S:REACTOME_CHEMOKINE_RECEPTORS_BIND_CHEMOKINES	D:53	S:CCL1;CCL11;CCL13;CCL16;CCL17;CCL19;CCL2;CCL20;CCL21;CCL22;CCL25;CCL27;CCL28;CCL3;CCL3L3;CCL4;CCL5;CCL7;CCR1;CCR10;CCR2;CCR3;CCR4;CCR5;CCR6;CCR7;CCR8;CCR9;CCRL2;CX3CL1;CX3CR1;CXCL1;CXCL10;CXCL11;CXCL12;CXCL13;CXCL16;CXCL2;CXCL3;CXCL5;CXCL6;CXCL9;CXCR1;CXCR2;CXCR3;CXCR4;CXCR5;CXCR6;PF4;PPBP;XCL1;XCL2;XCR1	S:CCL1;CCL11;CCL17;CCL2;CCL20;CCL25;CCL27;CCL28;CCL3;CCL3L3;CCL4;CCL5;CCR2;CCR4;CCR5;CCR6;CCR7;CCR8;CCR9;CX3CR1;CXCL1;CXCL10;CXCL11;CXCL2;CXCL3;CXCL5;CXCL6;CXCL9;CXCR3;CXCR4;CXCR5;CXCR6;PF4;XCL1;XCL2
S:REACTOME_SHC_MEDIATED_CASCADE_FGFR3	D:18	S:FGF1;FGF16;FGF17;FGF18;FGF2;FGF20;FGF23;FGF4;FGF5;FGF8;FGF9;FGFR3;GRB2;HRAS;KRAS;NRAS;SHC1;SOS1	S:FGF1;FGF17;FGF20;FGF23;FGF4;FGF5;FGF8;FGF9;FGFR3;HRAS;NRAS
S:REACTOME_NEGATIVE_REGULATION_OF_FGFR2_SIGNALING	D:34	S:BRAF;CBL;FGF1;FGF10;FGF16;FGF17;FGF18;FGF2;FGF20;FGF22;FGF23;FGF3;FGF4;FGF5;FGF6;FGF7;FGF8;FGF9;FGFR2;FRS2;GRB2;MAPK1;MAPK3;MKNK1;PPP2CA;PPP2CB;PPP2R1A;PTPN11;RPS27A;SPRY2;SRC;UBA52;UBB;UBC	S:FGF1;FGF10;FGF17;FGF20;FGF22;FGF23;FGF3;FGF4;FGF5;FGF6;FGF8;FGF9;FRS2;MAPK3;MKNK1;PPP2CA;PPP2R1A;SRC;UBA52;UBB
S:REACTOME_GLUTAMATE_NEUROTRANSMITTER_RELEASE_CYCLE	D:23	S:ARL6IP5;CPLX1;GLS;GLS2;PPFIA1;PPFIA2;PPFIA3;PPFIA4;RAB3A;RIMS1;SLC17A7;SLC1A1;SLC1A2;SLC1A3;SLC1A6;SLC1A7;SLC38A2;SNAP25;STX1A;STXBP1;SYT1;UNC13B;VAMP2	S:ARL6IP5;CPLX1;GLS;GLS2;PPFIA1;PPFIA3;PPFIA4;SLC1A1;SLC1A3;SLC38A2;STX1A;STXBP1;SYT1;UNC13B
S:REACTOME_PHASE_0_RAPID_DEPOLARISATION	D:32	S:CACNA1C;CACNA2D2;CACNB1;CACNB2;CACNG4;CACNG6;CACNG7;CACNG8;CALM1;CAMK2A;CAMK2B;CAMK2D;CAMK2G;FGF11;FGF12;FGF13;FGF14;RANGRF;SCN10A;SCN11A;SCN1A;SCN1B;SCN2A;SCN2B;SCN3A;SCN3B;SCN4A;SCN4B;SCN5A;SCN7A;SCN8A;SCN9A	S:CACNA1C;CACNB2;CACNG7;CACNG8;FGF12;FGF13;FGF14;SCN10A;SCN11A;SCN1A;SCN1B;SCN2B;SCN3B;SCN4B;SCN5A;SCN7A;SCN8A
S:REACTOME_FORMATION_OF_TC_NER_PRE_INCISION_COMPLEX	D:49	S:AQR;CCNH;CDK7;COPS2;COPS3;COPS4;COPS5;COPS6;COPS7A;COPS7B;COPS8;CUL4A;CUL4B;DDB1;ERCC2;ERCC3;ERCC6;ERCC8;GPS1;GTF2H1;GTF2H3;GTF2H4;GTF2H5;ISY1;MNAT1;POLR2A;POLR2B;POLR2C;POLR2D;POLR2E;POLR2F;POLR2G;POLR2H;POLR2I;POLR2J;POLR2K;POLR2L;PPIE;PRPF19;RBX1;RPS27A;TCEA1;UBA52;UBB;UBC;USP7;XAB2;XPA;ZNF830	S:AQR;CCNH;CDK7;COPS3;COPS4;COPS5;COPS6;COPS7B;COPS8;CUL4A;CUL4B;ERCC3;ERCC6;ERCC8;GTF2H1;GTF2H3;GTF2H4;GTF2H5;ISY1;MNAT1;POLR2B;POLR2G;POLR2K;POLR2L;PPIE;PRPF19;RPS27A;TCEA1;UBC;USP7;XPA;ZNF830
S:REACTOME_MATURATION_OF_SARS_COV_2_NUCLEOPROTEIN	D:15	S:CSNK1A1;GSK3A;GSK3B;PARP10;PARP14;PARP16;PARP4;PARP6;PARP8;PARP9;PRMT1;SRPK1;SRPK2;SUMO1;UBE2I	S:CSNK1A1;GSK3A;GSK3B;PARP14;PARP16;PARP8;PRMT1;SRPK1;SRPK2;UBE2I
S:REACTOME_PHOSPHOLIPASE_C_MEDIATED_CASCADE_FGFR1	D:16	S:FGF1;FGF10;FGF17;FGF2;FGF20;FGF22;FGF23;FGF3;FGF4;FGF5;FGF6;FGF8;FGF9;FGFR1;KL;PLCG1	S:FGF1;FGF10;FGF17;FGF20;FGF22;FGF23;FGF3;FGF4;FGF5;FGF6;FGF8;FGF9
S:REACTOME_RHO_GTPASES_ACTIVATE_WASPS_AND_WAVES	D:34	S:ABI1;ABI2;ABL1;ACTB;ACTG1;ACTR2;ACTR3;ARPC1A;ARPC1B;ARPC2;ARPC3;ARPC4;ARPC5;BAIAP2;BTK;CDC42;CYFIP1;CYFIP2;GRB2;MAPK1;MAPK3;NCK1;NCKAP1;NCKAP1L;NCKIPSD;PTK2;RAC1;WAS;WASF1;WASF2;WASF3;WASL;WIPF1;WIPF2	S:ABI1;ABI2;ABL1;ACTB;ACTG1;ACTR2;ACTR3;ARPC1A;ARPC1B;ARPC2;ARPC3;ARPC5;CDC42;CYFIP1;CYFIP2;GRB2;MAPK1;NCK1;NCKAP1;PTK2;RAC1;WASF2;WASF3;WIPF2
S:REACTOME_SIGNALING_BY_NODAL	D:21	S:ACVR1B;ACVR1C;ACVR2A;ACVR2B;CER1;CFC1;DAND5;DRAP1;FOXH1;FOXO3;FURIN;GDF1;LEFTY1;LEFTY2;MAPK1;MAPK3;NODAL;PCSK6;SMAD2;SMAD3;SMAD4	S:ACVR2A;DAND5;DRAP1;FOXH1;FOXO3;FURIN;GDF1;LEFTY1;MAPK3;NODAL;PCSK6
S:REACTOME_SLBP_DEPENDENT_PROCESSING_OF_REPLICATION_DEPENDENT_HISTONE_PRE_MRNAS	D:11	S:LSM10;LSM11;NCBP1;NCBP2;SLBP;SNRPB;SNRPD3;SNRPE;SNRPF;SNRPG;ZNF473	S:LSM11;NCBP1;NCBP2;SLBP;SNRPD3;SNRPF;ZNF473
S:REACTOME_THE_ROLE_OF_GTSE1_IN_G2_M_PROGRESSION_AFTER_G2_CHECKPOINT	D:60	S:ADRM1;CCNB1;CCNB2;CDK1;CDKN1A;FKBPL;GTSE1;HSP90AA1;HSP90AB1;MAPRE1;PLK1;PSMA1;PSMA2;PSMA3;PSMA4;PSMA5;PSMA6;PSMA7;PSMB1;PSMB2;PSMB3;PSMB4;PSMB5;PSMB6;PSMB7;PSMC1;PSMC2;PSMC3;PSMC4;PSMC5;PSMC6;PSMD1;PSMD11;PSMD12;PSMD13;PSMD14;PSMD2;PSMD3;PSMD6;PSMD7;PSMD8;RPS27A;TP53;TUBA1A;TUBA1B;TUBA1C;TUBA3C;TUBA3D;TUBA4A;TUBA8;TUBAL3;TUBB1;TUBB2A;TUBB2B;TUBB3;TUBB6;TUBB8;UBA52;UBB;UBC	S:CCNB1;CCNB2;CDK1;FKBPL;GTSE1;HSP90AA1;HSP90AB1;MAPRE1;PLK1;PSMA1;PSMA3;PSMA4;PSMA5;PSMA6;PSMA7;PSMB1;PSMB2;PSMB3;PSMB4;PSMC5;PSMC6;PSMD1;PSMD11;PSMD12;PSMD14;PSMD2;PSMD3;PSMD6;PSMD7;RPS27A;TP53;TUBA1B;TUBA3C;TUBA4A;TUBB1;UBC
S:REACTOME_TNFR1_INDUCED_PROAPOPTOTIC_SIGNALING	D:25	S:BIRC2;BIRC3;CASP8;CYLD;FADD;IKBKE;MIB2;OPTN;OTUD1;OTUD7B;RBCK1;RIPK1;RNF31;SHARPIN;SPATA2;TBK1;TNF;TNFAIP3;TNFRSF1A;TRADD;TRAF2;USP2;USP21;USP4;XIAP	S:BIRC2;CASP8;IKBKE;MIB2;OPTN;RBCK1;RNF31;SHARPIN;SPATA2;TNF;TNFRSF1A;USP2;USP21
S:REACTOME_TRANSCRIPTIONAL_REGULATION_OF_WHITE_ADIPOCYTE_DIFFERENTIATION	D:81	S:ADIPOQ;ANGPTL4;CCNC;CCND3;CD36;CDK19;CDK4;CDK8;CEBPA;CEBPB;CEBPD;CHD9;CREBBP;EBF1;EGR2;EP300;FABP4;FAM120B;HDAC3;KLF4;KLF5;LEP;LPL;MED1;MED10;MED11;MED12;MED13;MED13L;MED14;MED15;MED16;MED17;MED18;MED19;MED20;MED21;MED22;MED23;MED24;MED25;MED26;MED27;MED28;MED29;MED30;MED31;MED4;MED6;MED7;MED8;MED9;NCOA1;NCOA2;NCOA3;NCOA6;NCOR1;NCOR2;NFKB1;NR2F2;PCK1;PLIN1;PPARA;PPARG;PPARGC1A;RELA;RXRA;SLC2A4;SMARCD3;SREBF1;SREBF2;TBL1X;TBL1XR1;TGFB1;TGS1;THRAP3;TNF;WNT1;WNT10B;ZNF467;ZNF638	S:ADIPOQ;ANGPTL4;CDK4;CDK8;CEBPD;CHD9;CREBBP;EBF1;EGR2;EP300;FAM120B;HDAC3;KLF5;LPL;MED1;MED10;MED12;MED13;MED13L;MED17;MED19;MED20;MED21;MED22;MED23;MED26;MED28;MED30;MED31;MED4;MED6;MED7;MED8;MED9;NCOA1;NCOA2;NCOA3;NCOA6;NCOR1;NCOR2;NFKB1;PCK1;PPARA;PPARG;PPARGC1A;RELA;SREBF1;TBL1XR1;TGS1;THRAP3;WNT1;WNT10B;ZNF638
S:REACTOME_INHIBITION_OF_THE_PROTEOLYTIC_ACTIVITY_OF_APC_C_REQUIRED_FOR_THE_ONSET_OF_ANAPHASE_BY_MITOTIC_SPINDLE_CHECKPOINT_COMPONENTS	D:20	S:ANAPC1;ANAPC10;ANAPC11;ANAPC16;ANAPC2;ANAPC4;ANAPC5;ANAPC7;BUB1B;BUB3;CDC16;CDC20;CDC23;CDC26;CDC27;MAD2L1;UBE2C;UBE2D1;UBE2E1;UBE2S	S:ANAPC1;ANAPC10;ANAPC11;ANAPC16;ANAPC4;ANAPC5;ANAPC7;BUB1B;BUB3;CDC23;CDC26;CDC27;MAD2L1;UBE2E1
S:REACTOME_SEMA4D_INDUCED_CELL_MIGRATION_AND_GROWTH_CONE_COLLAPSE	D:20	S:ARHGEF11;ARHGEF12;ERBB2;LIMK1;LIMK2;MYH10;MYH11;MYH14;MYH9;MYL12B;MYL6;MYL9;PLXNB1;RHOA;RHOB;RHOC;RND1;ROCK1;ROCK2;SEMA4D	S:ARHGEF11;LIMK1;LIMK2;MYH14;MYL6;MYL9;RHOC
S:REACTOME_METABOLISM_OF_STEROIDS	D:143	S:ABCB11;ABCC3;ACACA;ACACB;ACAT2;ACOT8;ACOX2;AKR1B1;AKR1C1;AKR1C3;AKR1C4;AKR1D1;ALB;AMACR;ARV1;BAAT;CGA;CH25H;CHD9;CREBBP;CUBN;CYP11A1;CYP11B1;CYP11B2;CYP17A1;CYP19A1;CYP21A2;CYP24A1;CYP27A1;CYP27B1;CYP2R1;CYP39A1;CYP46A1;CYP51A1;CYP7A1;CYP7B1;CYP8B1;DHCR24;DHCR7;EBP;ELOVL6;FABP6;FASN;FDFT1;FDPS;FDX1;FDXR;GC;GGPS1;GPAM;HMGCR;HMGCS1;HSD11B1;HSD11B2;HSD17B1;HSD17B11;HSD17B12;HSD17B14;HSD17B2;HSD17B3;HSD17B4;HSD17B7;HSD3B1;HSD3B2;HSD3B7;IDI1;IDI2;INSIG1;INSIG2;KPNB1;LBR;LDLRAP1;LGMN;LHB;LRP2;LSS;MBTPS1;MBTPS2;MED1;MTF1;MVD;MVK;NCOA1;NCOA2;NCOA6;NFYA;NFYB;NFYC;NR1H4;NSDHL;OSBP;OSBPL1A;OSBPL2;OSBPL3;OSBPL6;OSBPL7;OSBPL9;PIAS4;PMVK;POMC;PPARA;RAN;RXRA;SAR1B;SCAP;SCD;SCP2;SEC23A;SEC24A;SEC24B;SEC24C;SEC24D;SERPINA6;SLC10A1;SLC10A2;SLC27A2;SLC27A5;SLCO1A2;SLCO1B1;SLCO1B3;SMARCD3;SP1;SQLE;SRD5A1;SRD5A2;SRD5A3;SREBF1;SREBF2;STAR;STARD3;STARD3NL;STARD4;STARD5;STARD6;STS;SUMO2;TBL1X;TBL1XR1;TGS1;TM7SF2;TSPO;UBE2I;VDR	S:ACACA;ACACB;ACAT2;ACOX2;AKR1B1;AKR1C1;AKR1C3;AKR1C4;ALB;AMACR;ARV1;BAAT;CGA;CHD9;CREBBP;CUBN;CYP11A1;CYP27A1;CYP27B1;CYP2R1;CYP46A1;CYP51A1;CYP7A1;DHCR24;DHCR7;EBP;ELOVL6;FABP6;FASN;FDX1;FDXR;GC;GGPS1;GPAM;HMGCR;HMGCS1;HSD11B1;HSD17B11;HSD17B12;HSD17B4;HSD17B7;HSD3B2;IDI2;INSIG2;KPNB1;LBR;LDLRAP1;LGMN;MBTPS1;MBTPS2;MED1;MTF1;MVK;NCOA1;NCOA2;NCOA6;NFYA;NFYB;NFYC;NR1H4;NSDHL;OSBP;OSBPL1A;OSBPL2;OSBPL3;OSBPL6;OSBPL7;OSBPL9;PPARA;RAN;SAR1B;SCAP;SCD;SCP2;SEC23A;SEC24A;SEC24B;SEC24C;SEC24D;SLC10A2;SLC27A2;SLC27A5;SQLE;SRD5A2;SRD5A3;SREBF1;STARD3NL;STARD4;STARD5;STS;SUMO2;TBL1XR1;TGS1;UBE2I;VDR
S:REACTOME_PRE_NOTCH_EXPRESSION_AND_PROCESSING	D:46	S:ATP2A1;ATP2A2;ATP2A3;B4GALT1;CCND1;CREBBP;E2F1;E2F3;ELANE;ELF3;EP300;FURIN;JUN;KAT2A;KAT2B;LFNG;MAML1;MAML2;MAML3;MAMLD1;MFNG;MOV10;NOTCH1;NOTCH2;NOTCH3;NOTCH4;POFUT1;POGLUT1;PRKCI;RAB6A;RBPJ;RFNG;RUNX1;SEL1L;SIRT6;SNW1;ST3GAL3;ST3GAL4;ST3GAL6;TFDP1;TFDP2;TMED2;TNRC6A;TNRC6B;TNRC6C;TP53	S:ATP2A1;ATP2A2;ATP2A3;B4GALT1;CCND1;CREBBP;E2F1;E2F3;ELF3;EP300;JUN;KAT2A;MAML1;MAML3;MAMLD1;MFNG;MOV10;NOTCH1;NOTCH2;POFUT1;POGLUT1;PRKCI;RUNX1;SEL1L;SNW1;ST3GAL6;TFDP2;TNRC6A;TNRC6B;TNRC6C;TP53
S:REACTOME_GLUCURONIDATION	D:19	S:ABHD10;SLC35D1;SLC35D2;UGDH;UGP2;UGT1A6;UGT1A8;UGT2A1;UGT2A3;UGT2B10;UGT2B11;UGT2B15;UGT2B17;UGT2B28;UGT2B4;UGT2B7;UGT3A1;UGT3A2;UXS1	S:UGT1A6;UGT1A8;UGT2A1;UGT2B11;UGT2B4;UGT2B7;UGT3A1;UGT3A2
S:REACTOME_NUCLEOTIDE_LIKE_PURINERGIC_RECEPTORS	D:15	S:ADORA1;ADORA2A;ADORA2B;ADORA3;GPR17;LPAR4;LPAR6;P2RY1;P2RY10;P2RY12;P2RY13;P2RY14;P2RY2;P2RY4;P2RY6	S:ADORA1;ADORA3;GPR17;P2RY12;P2RY13;P2RY2
S:REACTOME_ACTIVATION_OF_KAINATE_RECEPTORS_UPON_GLUTAMATE_BINDING	D:30	S:CALM1;DLG1;DLG3;DLG4;GNB1;GNB2;GNB3;GNB4;GNB5;GNG10;GNG11;GNG12;GNG13;GNG2;GNG3;GNG4;GNG5;GNG7;GNG8;GNGT1;GNGT2;GRIK1;GRIK2;GRIK3;GRIK4;GRIK5;NCALD;PLCB1;PLCB2;PLCB3	S:DLG4;GNB2;GNB4;GNG10;GNG11;GNG12;GNG13;GNG4;GNGT1;GNGT2;GRIK1;GRIK2;GRIK4;GRIK5;PLCB2;PLCB3
S:REACTOME_CYTOSOLIC_IRON_SULFUR_CLUSTER_ASSEMBLY	D:11	S:ABCB7;BRIP1;CIAO1;CIAPIN1;ERCC2;MMS19;NDOR1;NUBP1;NUBP2;POLD1;RTEL1	S:CIAO1;CIAPIN1;ERCC2;NDOR1;NUBP1;NUBP2
S:REACTOME_STAT3_NUCLEAR_EVENTS_DOWNSTREAM_OF_ALK_SIGNALING	D:11	S:CD274;DNMT1;EP300;HDAC1;HDAC2;HDAC3;HIF1A;IL2RG;PRDM1;SIN3A;STAT3	S:DNMT1;EP300;HDAC1;HDAC2;HDAC3;HIF1A;PRDM1;SIN3A
S:REACTOME_UCH_PROTEINASES	D:70	S:ACTB;ACTL6A;ACTR5;ACTR8;ADRM1;ASXL1;ASXL2;BAP1;BARD1;FOXK1;FOXK2;HCFC1;INO80;INO80B;INO80C;INO80D;INO80E;KDM1B;MBD5;MBD6;MCRS1;NEDD8;NFRKB;OGT;PSMA1;PSMA2;PSMA3;PSMA4;PSMA5;PSMA6;PSMA7;PSMB1;PSMB2;PSMB3;PSMB4;PSMB5;PSMB6;PSMB7;PSMC1;PSMC2;PSMC3;PSMC4;PSMC5;PSMC6;PSMD1;PSMD11;PSMD12;PSMD13;PSMD14;PSMD2;PSMD3;PSMD6;PSMD7;PSMD8;RPS27A;RUVBL1;SENP8;SMAD7;TFPT;TGFB1;TGFBR1;TGFBR2;UBA52;UBB;UBC;UCHL1;UCHL3;UCHL5;USP15;YY1	S:ACTB;ACTL6A;ACTR8;ASXL1;ASXL2;BARD1;FOXK1;INO80;INO80C;KDM1B;MBD5;NFRKB;PSMA1;PSMA3;PSMA4;PSMA5;PSMA6;PSMA7;PSMB1;PSMB2;PSMB3;PSMB4;PSMC5;PSMC6;PSMD1;PSMD11;PSMD12;PSMD14;PSMD2;PSMD3;PSMD6;PSMD7;RPS27A;RUVBL1;SENP8;TGFBR2;UBC;UCHL1;UCHL3;UCHL5;USP15;YY1
S:REACTOME_DISEASES_ASSOCIATED_WITH_O_GLYCOSYLATION_OF_PROTEINS	D:62	S:ADAMTS1;ADAMTS10;ADAMTS12;ADAMTS13;ADAMTS14;ADAMTS15;ADAMTS16;ADAMTS17;ADAMTS18;ADAMTS19;ADAMTS2;ADAMTS20;ADAMTS3;ADAMTS4;ADAMTS5;ADAMTS6;ADAMTS7;ADAMTS8;ADAMTS9;ADAMTSL1;ADAMTSL2;ADAMTSL3;ADAMTSL4;ADAMTSL5;C1GALT1;C1GALT1C1;CFP;DAG1;GALNT12;GALNT3;LFNG;MUC1;MUC12;MUC13;MUC15;MUC16;MUC17;MUC20;MUC3A;MUC4;MUC5AC;MUC5B;MUC6;MUC7;MUCL1;NOTCH1;NOTCH2;NOTCH3;NOTCH4;POMGNT1;POMT1;POMT2;SEMA5A;SEMA5B;SPON1;SPON2;THBS1;THBS2;THSD1;THSD4;THSD7A;THSD7B	S:ADAMTS10;ADAMTS12;ADAMTS13;ADAMTS17;ADAMTS18;ADAMTS19;ADAMTS20;ADAMTS3;ADAMTS7;ADAMTS9;ADAMTSL2;ADAMTSL3;ADAMTSL4;ADAMTSL5;C1GALT1C1;LFNG;MUC1;MUC12;MUC13;MUC17;MUC4;MUC5AC;MUC5B;MUC6;NOTCH3;NOTCH4;POMGNT1;THBS1;THSD4;THSD7A;THSD7B
S:REACTOME_CHYLOMICRON_REMODELING	D:10	S:APOA1;APOA2;APOA4;APOA5;APOB;APOC2;APOC3;APOE;GPIHBP1;LPL	S:APOA1;APOA2;APOA4;APOE;GPIHBP1
S:REACTOME_FGFR1_LIGAND_BINDING_AND_ACTIVATION	D:17	S:FGF1;FGF10;FGF17;FGF2;FGF20;FGF22;FGF23;FGF3;FGF4;FGF5;FGF6;FGF8;FGF9;FGFR1;GIPC1;KL;TGFBR3	S:FGF1;FGF10;FGF17;FGF20;FGF22;FGF23;FGF3;FGF4;FGF5;FGF6;FGF8;FGF9;GIPC1
S:REACTOME_METABOLISM_OF_POLYAMINES	D:44	S:ADRM1;AGMAT;AMD1;AZIN1;NQO1;OAZ1;OAZ2;OAZ3;ODC1;PAOX;PSMA1;PSMA2;PSMA3;PSMA4;PSMA5;PSMA6;PSMA7;PSMB1;PSMB2;PSMB3;PSMB4;PSMB5;PSMB6;PSMB7;PSMC1;PSMC2;PSMC3;PSMC4;PSMC5;PSMC6;PSMD1;PSMD11;PSMD12;PSMD13;PSMD14;PSMD2;PSMD3;PSMD6;PSMD7;PSMD8;SAT1;SMOX;SMS;SRM	S:AGMAT;AMD1;AZIN1;NQO1;OAZ1;PAOX;PSMA1;PSMA3;PSMA4;PSMA5;PSMA6;PSMA7;PSMB1;PSMB2;PSMB3;PSMB4;PSMC5;PSMC6;PSMD1;PSMD11;PSMD12;PSMD14;PSMD2;PSMD3;PSMD6;PSMD7;SMS
S:REACTOME_DOWNREGULATION_OF_TGF_BETA_RECEPTOR_SIGNALING	D:26	S:BAMBI;MTMR4;NEDD4L;PMEPA1;PPP1CA;PPP1CB;PPP1CC;PPP1R15A;RPS27A;SMAD2;SMAD3;SMAD7;SMURF1;SMURF2;STRAP;STUB1;TGFB1;TGFBR1;TGFBR2;UBA52;UBB;UBC;UCHL5;USP15;XPO1;ZFYVE9	S:BAMBI;MTMR4;PMEPA1;PPP1CA;PPP1CC;RPS27A;SMAD2;SMAD3;SMURF2;STRAP;TGFBR2;UBC;UCHL5;USP15;XPO1;ZFYVE9
S:REACTOME_KILLING_MECHANISMS	D:12	S:CYBA;DVL1;DVL2;DVL3;FZD7;JUN;MAPK8;NOX1;NOXA1;NOXO1;RAC1;WNT5A	S:CYBA;DVL2;DVL3;NOX1;NOXA1;NOXO1;WNT5A
S:REACTOME_P75NTR_REGULATES_AXONOGENESIS	D:10	S:ARHGDIA;LINGO1;MAG;MCF2;NGF;NGFR;OMG;RHOA;RTN4;RTN4R	S:ARHGDIA;LINGO1;MAG;NGF;RTN4;RTN4R
S:REACTOME_TNF_SIGNALING	D:55	S:ADAM17;BAG4;BIRC2;BIRC3;CASP8;CFLAR;CHUK;CLIP3;CYLD;FADD;IKBKB;IKBKE;IKBKG;MADD;MAP3K7;MAPKAPK2;MIB2;NSMAF;OPTN;OTUD1;OTUD7B;RBCK1;RIPK1;RNF31;RPS27A;SHARPIN;SMPD2;SMPD3;SPATA2;SPPL2A;SPPL2B;STUB1;TAB1;TAB2;TAB3;TAX1BP1;TBK1;TNF;TNFAIP3;TNFRSF1A;TRADD;TRAF1;TRAF2;UBA52;UBB;UBC;UBE2D1;UBE2D2;UBE2D3;UBE2L3;ULK1;USP2;USP21;USP4;XIAP	S:BIRC2;CASP8;CFLAR;CHUK;IKBKE;IKBKG;MAPKAPK2;MIB2;OPTN;RBCK1;RNF31;SHARPIN;SMPD2;SMPD3;SPATA2;SPPL2B;STUB1;TAB1;TNF;TNFRSF1A;UBA52;UBB;UBE2D1;UBE2L3;USP2;USP21
S:REACTOME_BICARBONATE_TRANSPORTERS	D:10	S:AHCYL2;SLC4A1;SLC4A10;SLC4A2;SLC4A3;SLC4A4;SLC4A5;SLC4A7;SLC4A8;SLC4A9	S:AHCYL2;SLC4A10;SLC4A4;SLC4A5;SLC4A7;SLC4A9
S:REACTOME_METABOLISM_OF_AMINE_DERIVED_HORMONES	D:22	S:AANAT;ASMT;CAV1;CGA;DBH;DDC;DIO1;DIO2;DIO3;DUOX1;DUOX2;DUOXA1;DUOXA2;IYD;PNMT;SLC5A5;TH;TPH1;TPH2;TPO;TSHB;TXNDC11	S:AANAT;DDC;DIO1;DIO2;DUOXA1;DUOXA2;SLC5A5;TH;TPH1;TPH2;TSHB
S:REACTOME_PI_3K_CASCADE_FGFR3	D:18	S:FGF1;FGF16;FGF17;FGF18;FGF2;FGF20;FGF23;FGF4;FGF5;FGF8;FGF9;FGFR3;FRS2;GAB1;GRB2;PIK3CA;PIK3R1;PTPN11	S:FGF1;FGF17;FGF20;FGF23;FGF4;FGF5;FGF8;FGF9;FGFR3;FRS2;GAB1
S:REACTOME_TIGHT_JUNCTION_INTERACTIONS	D:27	S:CLDN1;CLDN10;CLDN11;CLDN12;CLDN14;CLDN15;CLDN16;CLDN17;CLDN18;CLDN19;CLDN2;CLDN22;CLDN23;CLDN3;CLDN4;CLDN5;CLDN6;CLDN7;CLDN8;CLDN9;CRB3;F11R;PARD3;PARD6A;PARD6B;PARD6G;PRKCI	S:CLDN1;CLDN11;CLDN15;CLDN16;CLDN18;CLDN2;CLDN7;CLDN8;CLDN9;PARD3;PARD6A;PARD6G
S:REACTOME_MRNA_CAPPING	D:28	S:CCNH;CDK7;ERCC2;ERCC3;GTF2F1;GTF2F2;GTF2H1;GTF2H3;GTF2H4;GTF2H5;MNAT1;NCBP1;NCBP2;POLR2A;POLR2B;POLR2C;POLR2D;POLR2E;POLR2F;POLR2G;POLR2H;POLR2I;POLR2J;POLR2K;POLR2L;RNGTT;RNMT;SUPT5H	S:CCNH;CDK7;ERCC3;GTF2F1;GTF2F2;GTF2H1;GTF2H3;GTF2H4;GTF2H5;MNAT1;NCBP1;NCBP2;POLR2B;POLR2G;POLR2K;POLR2L;RNGTT;RNMT
S:REACTOME_NPAS4_REGULATES_EXPRESSION_OF_TARGET_GENES	D:21	S:ARNT;ARNT2;BDNF;CDK5;CDK5R1;CREBBP;FOS;GEM;INS;IQSEC3;MAGED1;MAPK1;MAPK3;MDM2;NAMPT;NPAS4;PLK2;RBFOX3;RET;SYT10;XPO1	S:ARNT2;BDNF;CDK5;INS;MAPK3;NAMPT;NPAS4;RET;SYT10
S:REACTOME_AEROBIC_RESPIRATION_AND_RESPIRATORY_ELECTRON_TRANSPORT	D:195	S:ACAD9;ACAT1;ACO2;ADHFE1;ARMC8;BCS1L;CMC1;COQ10A;COQ10B;COX11;COX15;COX16;COX17;COX18;COX19;COX4I1;COX4I2;COX5A;COX5B;COX6A1;COX6A2;COX6B1;COX6B2;COX6C;COX7A1;COX7A2;COX7A2L;COX7B;COX7C;COX8A;CS;CYC1;CYCS;D2HGDH;DLAT;DLD;DLST;ECSIT;ETFA;ETFB;ETFDH;FAHD1;FH;FOXRED1;FXN;GLO1;GOT1;GOT2;GPT;GSTZ1;HAGH;HCCS;HIGD1A;HIGD2A;HSCB;HSPA9;IDH2;IDH3A;IDH3B;IDH3G;ISCA1;ISCA2;ISCU;L2HGDH;LDHA;LDHAL6A;LDHAL6B;LDHB;LDHC;LETM1;LYRM2;LYRM4;LYRM7;MAEA;MDH1;MDH2;ME1;ME2;ME3;MKLN1;NDUFA1;NDUFA10;NDUFA11;NDUFA12;NDUFA13;NDUFA2;NDUFA3;NDUFA4;NDUFA5;NDUFA6;NDUFA7;NDUFA8;NDUFA9;NDUFAB1;NDUFAF1;NDUFAF2;NDUFAF3;NDUFAF4;NDUFB1;NDUFB10;NDUFB11;NDUFB2;NDUFB3;NDUFB4;NDUFB5;NDUFB6;NDUFB7;NDUFB8;NDUFB9;NDUFC1;NDUFC2;NDUFS1;NDUFS2;NDUFS3;NDUFS4;NDUFS5;NDUFS6;NDUFS7;NDUFS8;NDUFV1;NDUFV2;NDUFV3;NEK1;NFS1;NNT;NUBPL;OGDH;OXA1L;PC;PDHA1;PDHA2;PDHB;PDHX;PDK1;PDK2;PDK3;PDK4;PDP1;PDP2;PDPR;PGAM5;PKLR;PM20D1;PNKD;RANBP9;RMND5A;RMND5B;RPS27A;SCO1;SCO2;SDHA;SDHAF1;SDHAF2;SDHB;SDHC;SDHD;SFXN4;SIRT3;SIRT4;SLC25A11;SLC25A12;SLC25A13;SLC25A14;SLC25A18;SLC25A22;SLC25A27;SLC25A4;SUCLA2;SUCLG1;SUCLG2;SURF1;TACO1;TMEM126A;TMEM126B;TMEM177;TMEM186;TMEM223;TRAP1;TTC19;UBA52;UBB;UBC;UCP1;UCP2;UCP3;UQCR10;UQCR11;UQCRB;UQCRC1;UQCRC2;UQCRFS1;UQCRH;UQCRQ;VDAC1;WDR26	S:ACAD9;ACAT1;ACO2;ADHFE1;ARMC8;CMC1;COQ10A;COQ10B;COX11;COX15;COX16;COX17;COX18;COX19;COX4I2;COX5A;COX6A2;COX7A1;COX8A;CYCS;D2HGDH;DLAT;DLD;DLST;ETFA;ETFDH;FH;FOXRED1;FXN;GLO1;GOT1;GOT2;HCCS;HIGD1A;HSPA9;IDH3A;IDH3B;ISCA2;ISCU;L2HGDH;LDHA;LDHB;LETM1;LYRM2;LYRM4;LYRM7;MAEA;MDH1;MDH2;ME1;ME2;MKLN1;NDUFA10;NDUFA12;NDUFA3;NDUFA7;NDUFA8;NDUFAB1;NDUFAF1;NDUFAF2;NDUFAF3;NDUFAF4;NDUFB10;NDUFB2;NDUFB4;NDUFB5;NDUFB8;NDUFB9;NDUFC1;NDUFC2;NDUFS1;NDUFS4;NDUFS5;NDUFS6;NDUFS8;NDUFV1;NEK1;NFS1;NNT;NUBPL;PC;PDHA1;PDHX;PDK1;PDK3;PDK4;PDP1;PDP2;PDPR;PGAM5;PM20D1;PNKD;RANBP9;RMND5A;RPS27A;SCO1;SDHA;SDHB;SDHD;SIRT4;SLC25A12;SLC25A13;SLC25A14;SLC25A22;SLC25A27;SLC25A4;SUCLA2;TMEM126A;TMEM126B;TMEM177;TMEM186;TMEM223;TRAP1;TTC19;UBC;UQCRC2;UQCRFS1;UQCRH;VDAC1
S:REACTOME_CHOLESTEROL_BIOSYNTHESIS	D:24	S:ACAT2;ARV1;CYP51A1;DHCR24;DHCR7;EBP;FDFT1;FDPS;GGPS1;HMGCR;HMGCS1;HSD17B7;IDI1;IDI2;LBR;LSS;MVD;MVK;NSDHL;PMVK;SQLE;SREBF1;SREBF2;TM7SF2	S:ACAT2;ARV1;CYP51A1;DHCR24;DHCR7;EBP;GGPS1;HMGCR;HMGCS1;HSD17B7;IDI2;LBR;MVK;NSDHL;SQLE;SREBF1
S:REACTOME_CLATHRIN_MEDIATED_ENDOCYTOSIS	D:143	S:AAK1;ACTB;ACTG1;ACTR2;ACTR3;ADRB2;AGFG1;AGTR1;AMPH;AP2A1;AP2A2;AP2B1;AP2M1;AP2S1;APOB;AREG;ARF6;ARFGAP1;ARPC1A;ARPC2;ARPC3;ARPC4;ARPC5;ARRB1;ARRB2;AVP;AVPR2;BIN1;BTC;CBL;CD3D;CD3G;CD4;CFTR;CHRM2;CLTA;CLTB;CLTC;CLTCL1;COPS2;COPS3;COPS4;COPS5;COPS6;COPS7A;COPS7B;COPS8;CTTN;DAB2;DNAJC6;DNM1;DNM2;DNM3;DVL2;EGF;EGFR;EPGN;EPN1;EPN2;EPS15;EPS15L1;EREG;FCHO1;FCHO2;FNBP1;FNBP1L;FZD4;GAK;GAPVD1;GPS1;GRB2;HBEGF;HGS;HIP1;HIP1R;HSPA8;IGF2R;IL7R;ITSN1;ITSN2;KIAA0319;LDLR;LDLRAP1;LRP2;M6PR;NECAP1;NECAP2;NEDD8;OCRL;PACSIN1;PACSIN2;PACSIN3;PICALM;PIK3C2A;PIP5K1C;RAB5A;RAB5B;RAB5C;REPS1;REPS2;RPS27A;SCARB2;SGIP1;SH3GL1;SH3GL2;SH3GL3;SH3KBP1;SLC18A3;SLC2A8;SNAP91;SNX18;SNX9;STAM;STAM2;STON1;STON2;SYNJ1;SYNJ2;SYT1;SYT11;SYT2;SYT8;SYT9;TACR1;TF;TFRC;TGFA;TGOLN2;TOR1A;TOR1B;TRIP10;UBA52;UBB;UBC;UBQLN1;UBQLN2;VAMP2;VAMP3;VAMP4;VAMP7;VAMP8;WASL;WNT5A	S:AAK1;AGTR1;AP2A1;AP2A2;AP2B1;AP2M1;AP2S1;ARFGAP1;ARPC4;ARRB1;ARRB2;AVP;AVPR2;BIN1;BTC;CD4;CFTR;CLTCL1;COPS2;COPS7A;CTTN;DNAJC6;DNM1;DNM2;DVL2;EPGN;EPN1;EPS15L1;EREG;FCHO1;FZD4;GAK;GPS1;LDLR;LRP2;M6PR;NECAP1;NEDD8;PACSIN2;PICALM;PIP5K1C;RAB5A;RAB5B;RAB5C;REPS2;SGIP1;SH3GL1;SH3GL2;SLC2A8;SNAP91;SNX18;SYT2;SYT8;SYT9;TACR1;TFRC;TGFA;TOR1A;UBA52;UBB;VAMP2;VAMP3;VAMP8;WASL;WNT5A
S:REACTOME_EARLY_SARS_COV_2_INFECTION_EVENTS	D:35	S:ACE2;AGRN;BECN1;CHMP2A;CHMP2B;CHMP4A;CHMP4B;CHMP4C;CHMP6;CHMP7;DDX5;FURIN;GPC1;GPC2;GPC3;GPC4;GPC5;GPC6;HAVCR1;HSPG2;ISCU;MAP1LC3B;NRP1;PIK3C3;PIK3R4;RB1;SDC1;SDC2;SDC3;SDC4;TMPRSS2;UVRAG;VCP;VHL;ZCRB1	S:ACE2;CHMP2A;CHMP2B;CHMP4A;DDX5;GPC1;GPC2;GPC3;HAVCR1;HSPG2;ISCU;NRP1;PIK3C3;PIK3R4;RB1;SDC2;SDC3;SDC4;UVRAG;VCP;VHL;ZCRB1
S:REACTOME_INTERFERON_ALPHA_BETA_SIGNALING	D:73	S:ABCE1;ADAR;BST2;EGR1;EIF2AK2;GBP2;HLA-A;HLA-B;HLA-C;HLA-E;HLA-F;HLA-G;HLA-H;IFI27;IFI35;IFI6;IFIT1;IFIT2;IFIT3;IFIT5;IFITM1;IFITM2;IFITM3;IFNA10;IFNA16;IFNA2;IFNA21;IFNA4;IFNA5;IFNA6;IFNA8;IFNAR1;IFNAR2;IFNB1;IP6K2;IRF1;IRF2;IRF3;IRF4;IRF5;IRF6;IRF7;IRF8;IRF9;ISG15;ISG20;JAK1;KPNA1;KPNB1;MX1;MX2;OAS1;OAS2;OAS3;OASL;PSMB8;PTPN1;PTPN11;PTPN6;RNASEL;RPS27A;RSAD2;SAMHD1;SOCS1;SOCS3;STAT1;STAT2;TYK2;UBA52;UBB;UBC;USP18;XAF1	S:ADAR;HLA-F;IFI27;IFI35;IFI6;IFITM1;IFITM2;IFITM3;IFNA10;IFNA16;IFNA2;IFNA4;IFNA6;IFNA8;IFNAR1;IRF1;IRF2;IRF3;IRF5;IRF7;IRF8;IRF9;ISG15;MX2;OAS1;OAS3;OASL;PSMB8;PTPN6;RSAD2;SOCS3;STAT2;TYK2;UBA52;UBB
S:REACTOME_INTERLEUKIN_17_SIGNALING	D:71	S:ATF1;ATF2;BTRC;CHUK;CREB1;CUL1;DUSP3;DUSP4;DUSP6;DUSP7;ELK1;FBXW11;FOS;IKBKB;IKBKG;IL17A;IL17C;IL17F;IL17RA;IL17RB;IL17RC;IL17RE;IL25;IRAK1;IRAK2;JUN;MAP2K1;MAP2K3;MAP2K4;MAP2K6;MAP2K7;MAP3K7;MAP3K8;MAPK1;MAPK10;MAPK11;MAPK14;MAPK3;MAPK7;MAPK8;MAPK9;MAPKAPK2;MAPKAPK3;MEF2A;MEF2C;NFKB1;NOD1;NOD2;PPP2CA;PPP2CB;PPP2R1A;PPP2R1B;PPP2R5D;RIPK2;RPS27A;RPS6KA1;RPS6KA2;RPS6KA3;RPS6KA5;SKP1;TAB1;TAB2;TAB3;TNIP2;TRAF6;UBA52;UBB;UBC;UBE2N;UBE2V1;VRK3	S:CHUK;DUSP3;DUSP4;DUSP7;IKBKG;IL17F;IL17RA;IL17RC;IL17RE;IL25;IRAK1;IRAK2;MAP2K3;MAP2K6;MAP2K7;MAP3K8;MAPK10;MAPK11;MAPK14;MAPK3;MAPK7;MAPKAPK2;MAPKAPK3;MEF2A;PPP2CA;PPP2R1A;RIPK2;RPS6KA1;RPS6KA2;SKP1;TAB1;TNIP2;UBA52;UBB;UBE2V1;VRK3
S:REACTOME_INTERLEUKIN_1_SIGNALING	D:100	S:ADRM1;AGER;ALPK1;APP;BTRC;CASP8;CHUK;CUL1;FBXW11;HMGB1;IKBIP;IKBKB;IKBKG;IL1A;IL1B;IL1R1;IL1R2;IL1RAP;IL1RN;IRAK1;IRAK2;IRAK3;IRAK4;LRRC14;MAP2K1;MAP2K4;MAP2K6;MAP3K3;MAP3K7;MAP3K8;MYD88;N4BP1;NFKB1;NFKB2;NFKBIA;NFKBIB;NKIRAS1;NKIRAS2;NLRC5;NLRX1;NOD1;NOD2;PELI1;PELI2;PELI3;PSMA1;PSMA2;PSMA3;PSMA4;PSMA5;PSMA6;PSMA7;PSMB1;PSMB2;PSMB3;PSMB4;PSMB5;PSMB6;PSMB7;PSMC1;PSMC2;PSMC3;PSMC4;PSMC5;PSMC6;PSMD1;PSMD11;PSMD12;PSMD13;PSMD14;PSMD2;PSMD3;PSMD6;PSMD7;PSMD8;RBX1;RELA;RIPK2;RPS27A;S100A12;S100B;SAA1;SKP1;SQSTM1;TAB1;TAB2;TAB3;TIFA;TNIP2;TOLLIP;TP53;TRAF2;TRAF6;UBA52;UBB;UBC;UBE2N;UBE2V1;USP14;USP18	S:ADRM1;AGER;ALPK1;CASP8;CHUK;IKBKG;IL1A;IL1B;IL1R1;IL1R2;IL1RAP;IL1RN;IRAK1;IRAK2;IRAK3;IRAK4;MAP2K6;MAP3K8;MYD88;N4BP1;NFKB2;NFKBIB;NKIRAS2;NLRC5;PSMA2;PSMB5;PSMB6;PSMB7;PSMC1;PSMC2;PSMC3;PSMC4;PSMD13;PSMD8;RBX1;RIPK2;S100A12;S100B;SAA1;SKP1;SQSTM1;TAB1;TIFA;TNIP2;TOLLIP;UBA52;UBB;UBE2V1
S:REACTOME_IONOTROPIC_ACTIVITY_OF_KAINATE_RECEPTORS	D:10	S:CALM1;DLG1;DLG3;DLG4;GRIK1;GRIK2;GRIK3;GRIK4;GRIK5;NCALD	S:CALM1;DLG1;DLG3;GRIK3;NCALD
S:REACTOME_NEGATIVE_REGULATION_OF_FGFR1_SIGNALING	D:32	S:BRAF;CBL;FGF1;FGF10;FGF17;FGF2;FGF20;FGF22;FGF23;FGF3;FGF4;FGF5;FGF6;FGF8;FGF9;FGFR1;FRS2;GRB2;KL;MAPK1;MAPK3;MKNK1;PPP2CA;PPP2CB;PPP2R1A;PTPN11;RPS27A;SPRY2;SRC;UBA52;UBB;UBC	S:FGF1;FGF10;FGF17;FGF20;FGF22;FGF23;FGF3;FGF4;FGF5;FGF6;FGF8;FGF9;FRS2;MAPK3;MKNK1;PPP2CA;PPP2R1A;SRC;UBA52;UBB
S:REACTOME_NEGATIVE_REGULATION_OF_FGFR4_SIGNALING	D:31	S:BRAF;CBL;FGF1;FGF16;FGF17;FGF18;FGF19;FGF2;FGF20;FGF23;FGF4;FGF6;FGF8;FGF9;FGFR4;FRS2;GRB2;KLB;MAPK1;MAPK3;MKNK1;PPP2CA;PPP2CB;PPP2R1A;PTPN11;RPS27A;SPRY2;SRC;UBA52;UBB;UBC	S:FGF1;FGF17;FGF20;FGF23;FGF4;FGF6;FGF8;FGF9;FGFR4;FRS2;KLB;MAPK3;MKNK1;PPP2CA;PPP2R1A;SRC;UBA52;UBB
S:REACTOME_PI_3K_CASCADE_FGFR2	D:23	S:FGF1;FGF10;FGF16;FGF17;FGF18;FGF2;FGF20;FGF22;FGF23;FGF3;FGF4;FGF5;FGF6;FGF7;FGF8;FGF9;FGFR2;FRS2;GAB1;GRB2;PIK3CA;PIK3R1;PTPN11	S:FGF1;FGF10;FGF17;FGF20;FGF22;FGF23;FGF3;FGF4;FGF5;FGF6;FGF8;FGF9;FRS2;GAB1
S:REACTOME_PROTEIN_FOLDING	D:92	S:ACTB;AP3M1;ARFGEF2;ARL2;CCNE1;CCNE2;CCT2;CCT3;CCT4;CCT5;CCT6A;CCT6B;CCT7;CCT8;CSNK2A1;CSNK2A2;CSNK2B;DCAF7;FBXL3;FBXL5;FBXO4;FBXO6;FBXW10;FBXW2;FBXW4;FBXW5;FBXW7;FBXW9;FKBP9;GAPDHS;GNA11;GNA14;GNA15;GNAQ;GNB1;GNB2;GNB3;GNB4;GNB5;GNG10;GNG11;GNG12;GNG13;GNG2;GNG3;GNG4;GNG5;GNG7;GNG8;GNGT1;GNGT2;HDAC3;KIF13A;KIFC3;LONP2;NOP56;PDCL;PFDN1;PFDN2;PFDN4;PFDN5;PFDN6;RGS11;RGS6;RGS7;RGS9;SPHK1;STAT3;TBCA;TBCB;TBCC;TBCD;TBCE;TCP1;TP53;TUBA1A;TUBA1B;TUBA1C;TUBA3C;TUBA3D;TUBA4A;TUBA8;TUBAL3;TUBB1;TUBB2A;TUBB2B;TUBB3;TUBB6;USP11;VBP1;WRAP53;XRN2	S:ARFGEF2;ARL2;CSNK2A2;FBXO6;FBXW4;FBXW5;FBXW9;FKBP9;GAPDHS;GNA11;GNA14;GNA15;GNAQ;GNB2;GNB4;GNG10;GNG11;GNG12;GNG13;GNG4;GNGT1;GNGT2;KIFC3;PFDN4;PFDN5;PFDN6;RGS6;SPHK1;STAT3;TBCB;TUBA1A;TUBA1C;TUBA3D;TUBA8;TUBAL3;TUBB2A;TUBB2B;TUBB3;TUBB6;VBP1;XRN2
S:REACTOME_PURINE_CATABOLISM	D:15	S:GDA;ITPA;NT5C;NT5C1A;NT5C1B;NT5C2;NT5E;NUDT1;NUDT15;NUDT16;NUDT18;NUDT5;NUDT9;PNP;XDH	S:GDA;NT5C;NT5C1A;NUDT1;NUDT16;NUDT18;PNP
S:REACTOME_REGULATED_NECROSIS	D:56	S:BAK1;BAX;BIRC2;BIRC3;CASP1;CASP3;CASP4;CASP5;CASP8;CDC37;CFLAR;CHMP2A;CHMP2B;CHMP4A;CHMP4B;CHMP4C;CHMP6;CHMP7;CYCS;ELANE;FADD;FAS;FASLG;FLOT1;FLOT2;GSDMD;GZMB;HMGB1;HSP90AA1;IL18;IL1A;IL1B;IRF1;IRF2;ITCH;MLKL;OGT;PDCD6IP;PELI1;RIPK1;RIPK3;RPS27A;SDCBP;STUB1;TNFRSF10A;TNFRSF10B;TNFSF10;TP53;TP63;TRADD;TRAF2;UBA52;UBB;UBC;UBE2L3;XIAP	S:BAK1;BAX;BIRC2;CASP1;CASP5;CASP8;CDC37;CFLAR;CHMP4B;CHMP4C;CHMP6;CHMP7;ELANE;FLOT1;FLOT2;GSDMD;IL18;IL1A;IL1B;IRF1;IRF2;MLKL;OGT;RIPK3;STUB1;TNFRSF10A;TNFRSF10B;TNFSF10;UBA52;UBB;UBE2L3
S:REACTOME_REVERSIBLE_HYDRATION_OF_CARBON_DIOXIDE	D:12	S:CA1;CA12;CA13;CA14;CA2;CA3;CA4;CA5A;CA5B;CA6;CA7;CA9	S:CA1;CA12;CA2;CA3;CA4;CA9
S:REACTOME_SCF_BETA_TRCP_MEDIATED_DEGRADATION_OF_EMI1	D:41	S:ADRM1;BTRC;CDC20;CUL1;FBXO5;FZR1;PSMA1;PSMA2;PSMA3;PSMA4;PSMA5;PSMA6;PSMA7;PSMB1;PSMB2;PSMB3;PSMB4;PSMB5;PSMB6;PSMB7;PSMC1;PSMC2;PSMC3;PSMC4;PSMC5;PSMC6;PSMD1;PSMD11;PSMD12;PSMD13;PSMD14;PSMD2;PSMD3;PSMD6;PSMD7;PSMD8;RPS27A;SKP1;UBA52;UBB;UBC	S:BTRC;CUL1;FBXO5;PSMA1;PSMA3;PSMA4;PSMA5;PSMA6;PSMA7;PSMB1;PSMB2;PSMB3;PSMB4;PSMC5;PSMC6;PSMD1;PSMD11;PSMD12;PSMD14;PSMD2;PSMD3;PSMD6;PSMD7;RPS27A;UBC
S:REACTOME_SEMA4D_IN_SEMAPHORIN_SIGNALING	D:23	S:ARHGEF11;ARHGEF12;ERBB2;LIMK1;LIMK2;MET;MYH10;MYH11;MYH14;MYH9;MYL12B;MYL6;MYL9;PLXNB1;RAC1;RHOA;RHOB;RHOC;RND1;ROCK1;ROCK2;RRAS;SEMA4D	S:ARHGEF11;LIMK1;LIMK2;MYH14;MYL6;MYL9;RHOC;RRAS
S:REACTOME_TRAF6_MEDIATED_NF_KB_ACTIVATION	D:24	S:AGER;APP;CHUK;HMGB1;IFIH1;IKBKB;IKBKG;MAP3K1;MAVS;NFKB1;NFKB2;NFKBIA;NFKBIB;NKIRAS1;NKIRAS2;RELA;RNF135;S100A12;S100B;SAA1;TRAF2;TRAF6;TRIM25;TRIM4	S:AGER;CHUK;IKBKG;MAVS;NFKB2;NFKBIB;NKIRAS2;RNF135;S100A12;S100B;SAA1;TRIM25
S:REACTOME_CYTOSOLIC_SENSORS_OF_PATHOGEN_ASSOCIATED_DNA	D:61	S:AIM2;CHUK;CRCP;CREBBP;CTNNB1;DDX41;DHX36;DHX9;DTX4;EP300;IFI16;IKBKB;IKBKG;IRF3;IRF7;LRRFIP1;MYD88;NFKB1;NFKB2;NFKBIA;NFKBIB;NKIRAS1;NKIRAS2;NLRC3;NLRP4;POLR1C;POLR1D;POLR2E;POLR2F;POLR2H;POLR2K;POLR2L;POLR3A;POLR3B;POLR3C;POLR3D;POLR3E;POLR3F;POLR3G;POLR3GL;POLR3H;POLR3K;PRKDC;RELA;RIPK1;RIPK3;RPS27A;STAT6;TBK1;TICAM1;TLR3;TREX1;TRIM21;TRIM32;TRIM56;UBA52;UBB;UBC;XRCC5;XRCC6;ZBP1	S:CRCP;CREBBP;DHX36;DHX9;DTX4;EP300;IFI16;IKBKB;LRRFIP1;NFKB1;NFKBIA;NKIRAS1;NLRP4;POLR1C;POLR2K;POLR2L;POLR3A;POLR3B;POLR3D;POLR3E;POLR3F;POLR3G;POLR3GL;POLR3H;POLR3K;PRKDC;RELA;RIPK1;RPS27A;STAT6;TBK1;TICAM1;TLR3;TRIM32;TRIM56;UBC;XRCC6;ZBP1
S:REACTOME_METABOLISM_OF_NUCLEOTIDES	D:87	S:ADA;ADK;ADSL;AGXT2;AK1;AK2;AK4;AK5;AK7;AK8;AMPD1;AMPD2;AMPD3;APRT;ATIC;CAD;CDA;CMPK1;CTPS2;DCK;DCTD;DCTPP1;DGUOK;DHODH;DPYD;DPYS;DTYMK;DUT;ENTPD1;ENTPD2;ENTPD3;ENTPD4;ENTPD5;ENTPD6;ENTPD7;ENTPD8;GART;GDA;GLRX;GMPR;GMPR2;GMPS;GSR;GUK1;HPRT1;IMPDH1;IMPDH2;ITPA;NME1;NME2;NME3;NME4;NT5C;NT5C1A;NT5C1B;NT5C2;NT5E;NT5M;NUDT1;NUDT13;NUDT15;NUDT16;NUDT18;NUDT5;NUDT9;PAICS;PFAS;PNP;PPAT;RRM1;RRM2;RRM2B;SAMHD1;TK1;TK2;TXN;TXNRD1;TYMP;TYMS;UCK1;UCK2;UCKL1;UMPS;UPB1;UPP1;UPP2;XDH	S:ADSL;AK1;AK7;AK8;AMPD1;AMPD2;AMPD3;CAD;CDA;DGUOK;DPYS;ENTPD1;ENTPD2;ENTPD5;ENTPD8;GDA;GMPR;GMPR2;GUK1;IMPDH1;NME1;NME3;NME4;NT5C;NT5C1A;NT5M;NUDT1;NUDT16;NUDT18;PNP;TK2;TXN;TXNRD1;TYMP;UCK1;UCKL1;UPP1
S:REACTOME_P130CAS_LINKAGE_TO_MAPK_SIGNALING_FOR_INTEGRINS	D:15	S:APBB1IP;BCAR1;CRK;FGA;FGB;FGG;FN1;ITGA2B;ITGB3;PTK2;RAP1A;RAP1B;SRC;TLN1;VWF	S:CRK;FGA;FGB;FGG;FN1;ITGA2B;SRC;TLN1;VWF
S:REACTOME_SIGNALING_BY_TGFB_FAMILY_MEMBERS	D:154	S:ACVR1B;ACVR1C;ACVR2A;ACVR2B;ACVRL1;AMH;AMHR2;APH1A;APH1B;ARHGEF18;ARRB1;ARRB2;ATP1B4;BAMBI;BMP10;BMP2;BMPR1A;BMPR1B;BMPR2;CBL;CCNC;CCNK;CCNT1;CCNT2;CDK8;CDK9;CDKN2B;CER1;CGN;CHRDL1;COL1A2;DRAP1;E2F4;E2F5;EP300;F11R;FBN1;FGF2;FKBP1A;FOXH1;FST;FSTL1;FSTL3;FURIN;GDF2;GIPC1;GREM2;HDAC1;HELLS;INHA;INHBA;INHBB;ITGA8;ITGAV;ITGB1;ITGB3;ITGB5;ITGB6;ITGB8;JUNB;KLF16;LTBP1;LTBP2;LTBP3;LTBP4;MAPK1;MAPK3;MEN1;MMP14;MMP16;MOV10;MTMR4;MYC;MYCN;MYF5;MYF6;MYOD1;MYOG;NCOR1;NCOR2;NCSTN;NEDD4L;NEDD8;NOG;PARD3;PARD6A;PARP1;PMEPA1;PPM1A;PPP1CA;PPP1CB;PPP1CC;PPP1R15A;PRKCZ;PSEN1;PSEN2;PSENEN;RARA;RBL1;RHOA;RNF111;RPS27A;RXRA;SERPINE1;SKI;SKIL;SMAD1;SMAD2;SMAD3;SMAD4;SMAD5;SMAD6;SMAD7;SMAD9;SMURF1;SMURF2;SNW1;SP1;STAT1;STRAP;STUB1;TCF12;TCF3;TCF4;TFDP1;TFDP2;TGFB1;TGFB2;TGFB3;TGFBR1;TGFBR2;TGFBR3;TGIF1;TGIF2;TIMP1;TIMP2;TNRC6A;TNRC6B;TNRC6C;TRIM33;UBA52;UBB;UBC;UBE2D1;UBE2D3;UBE2M;UCHL5;USP15;USP9X;WWTR1;XPO1;YBX1;ZFYVE16;ZFYVE9	S:ACVR1B;ACVR1C;ACVR2B;ACVRL1;AMHR2;APH1A;APH1B;ARHGEF18;BAMBI;BMP10;BMPR1A;BMPR2;CBL;CCNK;CCNT1;CCNT2;CDK8;CER1;CGN;COL1A2;E2F5;EP300;F11R;FGF2;FSTL1;GREM2;HDAC1;HELLS;INHA;ITGA8;ITGB1;ITGB3;ITGB5;ITGB6;ITGB8;KLF16;LTBP1;LTBP2;MAPK1;MEN1;MOV10;MTMR4;MYC;MYCN;MYOD1;NCOR1;NCOR2;NCSTN;NOG;PARP1;PMEPA1;PPM1A;PPP1CA;PPP1CC;PRKCZ;PSEN1;PSEN2;RBL1;RHOA;RNF111;RPS27A;SERPINE1;SKI;SMAD1;SMAD2;SMAD3;SMAD4;SMAD5;SMAD6;SMAD9;SMURF2;SNW1;STAT1;STRAP;TCF12;TCF3;TCF4;TFDP2;TGFB2;TGFB3;TGFBR2;TGFBR3;TGIF1;TGIF2;TIMP2;TNRC6A;TNRC6B;TNRC6C;TRIM33;UBC;UBE2D3;UCHL5;USP15;USP9X;XPO1;ZFYVE9
S:REACTOME_CREATION_OF_C4_AND_C2_ACTIVATORS	D:15	S:C1QA;C1QB;C1QC;C1R;C1S;COLEC10;COLEC11;CRP;FCN1;FCN2;FCN3;IGLV6-57;MASP1;MASP2;MBL2	S:C1QA;C1QB;C1S;FCN2;FCN3;MASP1;MASP2
S:REACTOME_GLYCOSAMINOGLYCAN_PROTEIN_LINKAGE_REGION_BIOSYNTHESIS	D:28	S:AGRN;B3GALT6;B3GAT1;B3GAT2;B3GAT3;B4GALT7;BCAN;BGN;CSPG4;CSPG5;DCN;FAM20B;GPC1;GPC2;GPC3;GPC4;GPC5;GPC6;HSPG2;NCAN;SDC1;SDC2;SDC3;SDC4;UXS1;VCAN;XYLT1;XYLT2	S:B3GALT6;B3GAT1;B3GAT3;BCAN;BGN;CSPG4;CSPG5;DCN;GPC1;GPC2;GPC3;HSPG2;SDC2;SDC3;SDC4;UXS1;XYLT1;XYLT2
S:REACTOME_INFECTION_WITH_ENTEROBACTERIA	D:40	S:CALM1;CALM2;CALM3;CASP4;COL4A1;COL4A2;COL4A3;COL4A4;COL4A5;COL4A6;COL5A1;COL5A2;COL5A3;EPCAM;FN1;GBP1;GBP2;GBP3;GBP4;GBP6;HBA1;HBA2;HBB;LAMA1;LAMA2;LAMA3;LAMA4;LAMA5;LAMB1;LAMB2;LAMB3;LAMC1;LAMC2;LAMC3;RPS27A;UBA52;UBB;UBC;UBE2D2;UPK1A	S:CALM3;COL4A1;COL4A2;COL4A5;COL4A6;EPCAM;FN1;GBP6;HBA1;HBA2;HBB;LAMA1;LAMA3;LAMA4;LAMA5;LAMB2;LAMC2;LAMC3;UBA52;UBB
S:REACTOME_LATE_ENDOSOMAL_MICROAUTOPHAGY	D:31	S:ARL13B;CETN1;CFTR;CHMP2A;CHMP2B;CHMP4A;CHMP4B;CHMP4C;CHMP6;CHMP7;HBB;HDAC6;HSPA8;IFT88;PARK7;PCNT;PLIN2;PLIN3;RNASE1;RPS27A;TSG101;UBA52;UBAP1;UBB;UBC;VIM;VPS28;VPS37A;VPS37B;VPS37C;VPS37D	S:ARL13B;CETN1;CHMP2A;CHMP2B;CHMP4A;HSPA8;IFT88;PARK7;PCNT;PLIN2;RNASE1;RPS27A;TSG101;UBC;VIM;VPS28;VPS37A;VPS37C
S:REACTOME_RAS_PROCESSING	D:20	S:ARL2;BCL2L1;CALM1;FNTA;FNTB;GOLGA7;HRAS;ICMT;KRAS;LYPLA1;NRAS;PDE6D;PRKCQ;PRKG2;RCE1;RPS27A;UBA52;UBB;UBC;ZDHHC9	S:CALM1;FNTA;FNTB;GOLGA7;KRAS;LYPLA1;PDE6D;PRKCQ;PRKG2;RPS27A;UBC
S:REACTOME_SMAD2_SMAD3_SMAD4_HETEROTRIMER_REGULATES_TRANSCRIPTION	D:36	S:CCNC;CCNK;CCNT1;CCNT2;CDK8;CDK9;CDKN2B;COL1A2;E2F4;E2F5;EP300;FURIN;HDAC1;JUNB;MAPK1;MAPK3;MEN1;MYC;RBL1;RNF111;RPS27A;SERPINE1;SMAD2;SMAD3;SMAD4;SMAD7;SP1;TFDP1;TFDP2;TGIF1;TGIF2;UBA52;UBB;UBC;WWTR1;YBX1	S:CCNK;CCNT1;CCNT2;CDK8;COL1A2;E2F5;EP300;HDAC1;MAPK1;MEN1;MYC;RBL1;RNF111;RPS27A;SERPINE1;SMAD2;SMAD3;SMAD4;TFDP2;TGIF1;TGIF2;UBC
S:REACTOME_SYNDECAN_INTERACTIONS	D:27	S:ACTN1;CASK;COL1A1;COL1A2;COL3A1;COL5A1;COL5A2;COL5A3;FGF2;FN1;ITGA2;ITGA6;ITGAV;ITGB1;ITGB3;ITGB4;ITGB5;PRKCA;SDC1;SDC2;SDC3;SDC4;TGFB1;THBS1;TNC;TRAPPC4;VTN	S:CASK;COL1A2;COL5A1;COL5A2;COL5A3;FGF2;ITGA2;ITGA6;ITGB1;ITGB3;ITGB5;PRKCA;SDC2;SDC3;SDC4;TRAPPC4
S:REACTOME_TRAF6_MEDIATED_IRF7_ACTIVATION	D:24	S:CREBBP;EP300;IFIH1;IFNA10;IFNA16;IFNA2;IFNA21;IFNA4;IFNA5;IFNA6;IFNA8;IFNB1;IKBKE;IRF3;IRF7;MAVS;RNF135;SIKE1;TANK;TBK1;TRAF2;TRAF6;TRIM25;TRIM4	S:IFNA10;IFNA16;IFNA2;IFNA4;IFNA6;IFNA8;IKBKE;IRF3;IRF7;MAVS;RNF135;TRIM25
S:REACTOME_INTRACELLULAR_SIGNALING_BY_SECOND_MESSENGERS	D:294	S:ADCY1;ADCY2;ADCY3;ADCY4;ADCY5;ADCY6;ADCY7;ADCY8;ADCY9;ADRM1;AHCYL1;AKT1;AKT1S1;AKT2;AKT3;AREG;ATF2;ATN1;BAD;BDNF;BMI1;BTC;CALM1;CAMK2A;CAMK2B;CAMK2D;CAMK2G;CAMK4;CAMKK1;CAMKK2;CASP9;CBX2;CBX4;CBX6;CBX8;CD19;CD28;CD80;CD86;CDKN1A;CDKN1B;CHD3;CHD4;CHUK;CREB1;CSNK2A1;CSNK2A2;CSNK2B;EED;EGF;EGFR;EGR1;EPGN;ERBB2;ERBB3;ERBB4;EREG;ESR1;ESR2;EZH2;FGF1;FGF10;FGF16;FGF17;FGF18;FGF19;FGF2;FGF20;FGF22;FGF23;FGF3;FGF4;FGF5;FGF6;FGF7;FGF8;FGF9;FGFR1;FGFR2;FGFR3;FGFR4;FLT3;FLT3LG;FOXO1;FOXO3;FOXO4;FRK;FRS2;FYN;GAB1;GAB2;GATAD2A;GATAD2B;GRB2;GSK3A;GSK3B;HBEGF;HDAC1;HDAC2;HDAC3;HDAC5;HDAC7;HGF;ICOS;IER3;IL1RAP;IL1RL1;IL33;INS;INSR;IRAK1;IRAK4;IRS1;IRS2;ITPR1;ITPR2;ITPR3;JUN;KDM1A;KIT;KITLG;KL;KLB;KPNA2;LAMTOR1;LAMTOR2;LAMTOR3;LCK;MAF1;MAPK1;MAPK3;MAPKAP1;MBD3;MDM2;MECOM;MET;MKRN1;MLST8;MOV10;MTA1;MTA2;MTA3;MTOR;MYD88;NBEA;NEDD4;NR2E1;NR4A1;NRG1;NRG2;NRG3;NRG4;NTF3;NTF4;NTRK2;NTRK3;OTUD3;PDE1A;PDE1B;PDE1C;PDGFA;PDGFB;PDGFRA;PDGFRB;PDPK1;PHC1;PHC2;PHC3;PHLPP1;PHLPP2;PIK3AP1;PIK3CA;PIK3CB;PIK3CD;PIK3CG;PIK3R1;PIK3R2;PIK3R3;PIK3R5;PIK3R6;PIP4K2A;PIP4K2B;PIP4K2C;PIP5K1A;PIP5K1B;PIP5K1C;PLCG1;PML;PPARG;PPP2CA;PPP2CB;PPP2R1A;PPP2R1B;PPP2R5A;PPP2R5B;PPP2R5C;PPP2R5D;PPP2R5E;PREX2;PRKACA;PRKACB;PRKACG;PRKAR1A;PRKAR1B;PRKAR2A;PRKAR2B;PRKCA;PRKCD;PRKCE;PRKCG;PRKX;PRR5;PSMA1;PSMA2;PSMA3;PSMA4;PSMA5;PSMA6;PSMA7;PSMB1;PSMB2;PSMB3;PSMB4;PSMB5;PSMB6;PSMB7;PSMC1;PSMC2;PSMC3;PSMC4;PSMC5;PSMC6;PSMD1;PSMD11;PSMD12;PSMD13;PSMD14;PSMD2;PSMD3;PSMD6;PSMD7;PSMD8;PTEN;PTPN11;RAC1;RAC2;RBBP4;RBBP7;RCOR1;REST;RHEB;RHOG;RICTOR;RING1;RNF146;RNF2;RPS27A;RPS6KB2;RPTOR;RRAGA;RRAGB;RRAGC;RRAGD;SALL4;SCMH1;SGK1;SLC38A9;SNAI1;SNAI2;SRC;STRN;STUB1;SUZ12;TGFA;THEM4;TNKS;TNKS2;TNRC6A;TNRC6B;TNRC6C;TP53;TRAF6;TRAT1;TRIB3;TRIM27;TSC2;UBA52;UBB;UBC;USP13;USP7;VAV1;WWP2;XIAP	S:ADCY1;ADCY3;ADCY4;ADCY5;ADCY7;ADCY9;AHCYL1;AKT2;AKT3;AREG;ATF2;BMI1;CALM1;CAMK2A;CAMK2B;CAMK2D;CAMK2G;CAMK4;CASP9;CBX2;CBX4;CBX6;CD19;CD28;CD80;CDKN1B;CHD4;CREB1;CSNK2A1;CSNK2B;EED;EGF;EGFR;EGR1;ERBB2;ERBB4;ESR1;ESR2;EZH2;FGF16;FGF18;FGF19;FGF2;FGF7;FGFR1;FGFR2;FLT3;FLT3LG;FOXO1;FYN;GATAD2A;GATAD2B;GRB2;GSK3A;GSK3B;HBEGF;HDAC1;HDAC2;HDAC3;HDAC7;HGF;ICOS;IL1RL1;INSR;IRS1;IRS2;ITPR1;ITPR2;ITPR3;JUN;KIT;KL;KPNA2;LAMTOR3;LCK;MAPK1;MAPKAP1;MDM2;MET;MOV10;MTA3;MTOR;NBEA;NEDD4;NRG3;NTRK3;OTUD3;PDGFA;PDGFB;PDGFRA;PDGFRB;PHC1;PHC2;PHC3;PHLPP1;PHLPP2;PIK3CA;PIK3CB;PIK3CG;PIK3R1;PIK3R3;PIK3R5;PIP4K2B;PIP5K1B;PLCG1;PPARG;PPP2CB;PPP2R1B;PPP2R5A;PPP2R5C;PPP2R5D;PPP2R5E;PRKACB;PRKACG;PRKAR2A;PRKAR2B;PRKCA;PRKCE;PRKX;PSMA1;PSMA3;PSMA4;PSMA5;PSMA6;PSMA7;PSMB1;PSMB2;PSMB3;PSMB4;PSMC5;PSMC6;PSMD1;PSMD11;PSMD12;PSMD14;PSMD2;PSMD3;PSMD6;PSMD7;PTPN11;RAC1;RAC2;RBBP4;RBBP7;RCOR1;REST;RHEB;RING1;RNF146;RNF2;RPS27A;RPTOR;RRAGA;RRAGB;RRAGC;SCMH1;SGK1;SLC38A9;SNAI1;STRN;SUZ12;THEM4;TNKS;TNKS2;TNRC6A;TNRC6B;TNRC6C;TP53;TRAF6;TRAT1;TRIB3;UBC;USP13;USP7;VAV1;WWP2;XIAP
S:REACTOME_MTOR_SIGNALLING	D:39	S:AKT1;AKT1S1;AKT2;CAB39;CAB39L;EEF2K;EIF4B;EIF4E;EIF4EBP1;EIF4G1;FKBP1A;LAMTOR1;LAMTOR2;LAMTOR3;MLST8;MTOR;PPM1A;PRKAA1;PRKAA2;PRKAB1;PRKAB2;PRKAG1;PRKAG2;PRKAG3;RHEB;RPS6;RPS6KB1;RPTOR;RRAGA;RRAGB;RRAGC;RRAGD;SLC38A9;STK11;STRADA;STRADB;TSC1;TSC2;YWHAB	S:AKT1;AKT1S1;EEF2K;EIF4E;EIF4EBP1;EIF4G1;FKBP1A;LAMTOR1;LAMTOR2;MLST8;PRKAA2;PRKAG1;PRKAG3;RRAGD;STK11;STRADA;STRADB;TSC2
S:REACTOME_NOTCH_HLH_TRANSCRIPTION_PATHWAY	D:28	S:CREBBP;HDAC1;HDAC10;HDAC11;HDAC2;HDAC3;HDAC4;HDAC5;HDAC6;HDAC7;HDAC8;HDAC9;KAT2A;KAT2B;MAML1;MAML2;MAML3;MAMLD1;NCOR1;NCOR2;NOTCH1;NOTCH2;NOTCH3;NOTCH4;RBPJ;SNW1;TBL1X;TBL1XR1	S:CREBBP;HDAC1;HDAC11;HDAC2;HDAC3;HDAC7;HDAC8;HDAC9;KAT2A;MAML1;MAML3;MAMLD1;NCOR1;NCOR2;NOTCH1;NOTCH2;SNW1;TBL1XR1
S:REACTOME_TRAF6_MEDIATED_INDUCTION_OF_TAK1_COMPLEX_WITHIN_TLR4_COMPLEX	D:15	S:CD14;IRAK2;LY96;MAP3K7;RPS27A;SARM1;TAB1;TAB2;TAB3;TICAM1;TLR4;TRAF6;UBA52;UBB;UBC	S:CD14;MAP3K7;RPS27A;SARM1;TAB2;TAB3;TICAM1;TRAF6;UBC
S:REACTOME_COPI_DEPENDENT_GOLGI_TO_ER_RETROGRADE_TRAFFIC	D:93	S:ARCN1;ARF1;ARF3;ARF4;ARF5;ARFGAP1;ARFGAP2;ARFGAP3;BNIP1;CENPE;COPA;COPB1;COPB2;COPE;COPG2;COPZ1;COPZ2;GBF1;KDELR1;KDELR2;KDELR3;KIF11;KIF12;KIF13B;KIF15;KIF16B;KIF18A;KIF18B;KIF19;KIF1A;KIF1B;KIF1C;KIF20A;KIF20B;KIF21A;KIF21B;KIF22;KIF23;KIF25;KIF26A;KIF26B;KIF27;KIF2A;KIF2B;KIF2C;KIF3A;KIF3B;KIF3C;KIF4A;KIF5A;KIF5B;KIF6;KIF9;KIFAP3;KIFC1;KIFC2;KLC1;KLC2;KLC3;KLC4;NAPA;NAPB;NAPG;NBAS;NSF;RAB1A;RAB1B;RACGAP1;RINT1;SEC22B;STX18;SURF4;TMED10;TMED2;TMED3;TMED7;TMED9;TUBA1A;TUBA1B;TUBA1C;TUBA3C;TUBA3D;TUBA4A;TUBA8;TUBAL3;TUBB1;TUBB2A;TUBB2B;TUBB3;TUBB6;TUBB8;USE1;ZW10	S:ARF1;ARF3;ARF4;ARFGAP2;ARFGAP3;CENPE;COPA;COPB1;COPB2;COPG2;GBF1;KDELR2;KDELR3;KIF11;KIF13B;KIF15;KIF16B;KIF18A;KIF18B;KIF19;KIF1B;KIF1C;KIF20A;KIF20B;KIF21A;KIF21B;KIF22;KIF23;KIF26B;KIF27;KIF2A;KIF2B;KIF2C;KIF3A;KIF3B;KIF3C;KIF4A;KIF5A;KIF5B;KIFAP3;KIFC1;KLC1;NAPB;NAPG;NBAS;NSF;RAB1A;RACGAP1;RINT1;SEC22B;SURF4;TMED10;TMED7;TMED9;TUBA1B;TUBA3C;TUBA4A;TUBB1;USE1;ZW10
S:REACTOME_REGULATION_OF_PTEN_STABILITY_AND_ACTIVITY	D:55	S:ADRM1;AKT1;AKT2;AKT3;CSNK2A1;CSNK2A2;CSNK2B;FRK;MKRN1;NEDD4;OTUD3;PREX2;PSMA1;PSMA2;PSMA3;PSMA4;PSMA5;PSMA6;PSMA7;PSMB1;PSMB2;PSMB3;PSMB4;PSMB5;PSMB6;PSMB7;PSMC1;PSMC2;PSMC3;PSMC4;PSMC5;PSMC6;PSMD1;PSMD11;PSMD12;PSMD13;PSMD14;PSMD2;PSMD3;PSMD6;PSMD7;PSMD8;PTEN;RNF146;RPS27A;STUB1;TNKS;TNKS2;TRIM27;UBA52;UBB;UBC;USP13;WWP2;XIAP	S:AKT2;AKT3;CSNK2A1;CSNK2B;NEDD4;OTUD3;PSMA1;PSMA3;PSMA4;PSMA5;PSMA6;PSMA7;PSMB1;PSMB2;PSMB3;PSMB4;PSMC5;PSMC6;PSMD1;PSMD11;PSMD12;PSMD14;PSMD2;PSMD3;PSMD6;PSMD7;RNF146;RPS27A;TNKS;TNKS2;UBC;USP13;WWP2;XIAP
S:REACTOME_SHC_MEDIATED_CASCADE_FGFR4	D:20	S:FGF1;FGF16;FGF17;FGF18;FGF19;FGF2;FGF20;FGF23;FGF4;FGF6;FGF8;FGF9;FGFR4;GRB2;HRAS;KLB;KRAS;NRAS;SHC1;SOS1	S:FGF1;FGF17;FGF20;FGF23;FGF4;FGF6;FGF8;FGF9;FGFR4;HRAS;KLB;NRAS
S:REACTOME_SYNTHESIS_OF_IP2_IP_AND_INS_IN_THE_CYTOSOL	D:14	S:IMPA1;IMPA2;INPP1;INPP4A;INPP4B;INPP5A;INPP5B;INPP5J;ISYNA1;MIOX;MTMR7;MTMR9;OCRL;SYNJ1	S:IMPA1;IMPA2;INPP1;INPP4B;INPP5A;INPP5B;MTMR9;OCRL;SYNJ1
S:REACTOME_CLASS_C_3_METABOTROPIC_GLUTAMATE_PHEROMONE_RECEPTORS	D:36	S:CASR;GABBR1;GABBR2;GPRC6A;GRM1;GRM2;GRM3;GRM4;GRM5;GRM7;GRM8;TAS1R1;TAS1R2;TAS2R1;TAS2R10;TAS2R13;TAS2R14;TAS2R16;TAS2R19;TAS2R20;TAS2R3;TAS2R31;TAS2R38;TAS2R39;TAS2R4;TAS2R40;TAS2R41;TAS2R42;TAS2R43;TAS2R46;TAS2R5;TAS2R50;TAS2R60;TAS2R7;TAS2R8;TAS2R9	S:CASR;GABBR1;GABBR2;GRM1;GRM2;GRM4;GRM7;TAS1R1;TAS1R2;TAS2R1;TAS2R16;TAS2R31;TAS2R38;TAS2R40;TAS2R41;TAS2R42;TAS2R46;TAS2R60;TAS2R7;TAS2R9
S:REACTOME_SIGNALING_BY_NUCLEAR_RECEPTORS	D:226	S:ABCA1;ABCG1;ABCG5;ABCG8;ADH1A;ADH1C;ADH4;AKR1C3;AKT1;AKT2;AKT3;ALDH1A1;ALDH1A2;ALDH1A3;ALDH8A1;ANGPTL3;APOC1;APOC2;APOC4;APOD;APOE;AREG;ARL4C;ATF2;AXIN1;BCL2;BTC;CALM1;CAV1;CAV2;CBFB;CCND1;CCNT1;CDK9;CDKN1B;CETP;CHD1;CITED1;CRABP1;CRABP2;CREB1;CREBBP;CTSD;CXCL12;CXXC5;CYP26A1;CYP26B1;DDX5;DHRS3;DHRS4;DHRS9;DLAT;DLD;EBAG9;EEPD1;EGF;EGFR;ELK1;EP300;EPGN;ERBB4;EREG;ESR1;ESR2;FABP5;FABP6;FASN;FKBP4;FKBP5;FOS;FOSB;FOXA1;FOXO3;GATA3;GNAI1;GNAI2;GNAI3;GNB1;GNB2;GNB3;GNB4;GNB5;GNG10;GNG11;GNG12;GNG13;GNG2;GNG3;GNG4;GNG5;GNG7;GNG8;GNGT1;GNGT2;GPAM;GPS2;GREB1;GTF2A1;GTF2A2;GTF2F1;GTF2F2;HBEGF;HDAC1;HDAC3;HRAS;HSP90AA1;HSP90AB1;HSPB1;IGF1R;JUN;JUND;KANK1;KAT2B;KAT5;KCTD6;KDM1A;KDM1B;KDM3A;KDM4A;KPNA2;KRAS;MAPK1;MAPK3;MED1;MMP2;MMP3;MMP7;MMP9;MOV10;MYB;MYC;MYLIP;NCOA1;NCOA2;NCOA3;NCOR1;NCOR2;NOS3;NR1H2;NR1H3;NR5A2;NRAS;NRIP1;PCK1;PDHA1;PDHA2;PDHB;PDHX;PDK1;PDK2;PDK3;PDK4;PDPK1;PGR;PIK3CA;PIK3R1;PIK3R2;PIK3R3;PLIN1;PLTP;POLR2A;POLR2B;POLR2C;POLR2D;POLR2E;POLR2F;POLR2G;POLR2H;POLR2I;POLR2J;POLR2K;POLR2L;POU2F1;PPARD;PPID;PPP5C;PRKCZ;PRMT1;PTGES3;PTK2;RAD21;RARA;RARB;RARG;RDH10;RDH11;RDH13;RDH14;RDH16;RDH5;RUNX1;RXRA;RXRB;RXRG;S1PR3;SCD;SDR16C5;SHC1;SMC1A;SMC3;SP1;SPHK1;SRC;SREBF1;SRF;STAG1;STAG2;STRN;TBL1X;TBL1XR1;TBP;TFF1;TFF3;TGFA;TLE3;TNRC6A;TNRC6B;TNRC6C;UHMK1;USF1;USF2;XPO1;YY1;ZDHHC21;ZDHHC7;ZNF217	S:ABCA1;ABCG1;ABCG5;ADH1A;ADH1C;ADH4;AKR1C3;AKT2;AKT3;ALDH1A2;ALDH1A3;ALDH8A1;APOC2;APOC4;AREG;ARL4C;ATF2;CALM1;CAV1;CBFB;CCND1;CCNT1;CDKN1B;CHD1;CITED1;CRABP2;CREB1;CREBBP;CXXC5;DDX5;DHRS3;DHRS9;DLAT;DLD;EBAG9;EEPD1;EGF;EGFR;ELK1;EP300;ERBB4;ESR1;ESR2;FABP5;FABP6;FASN;FOS;FOSB;GATA3;GNAI1;GNAI3;GNB1;GNB3;GNB5;GNG2;GNG3;GNG5;GNG7;GNG8;GPAM;GREB1;GTF2A1;GTF2A2;GTF2F1;GTF2F2;HBEGF;HDAC1;HDAC3;HSP90AA1;HSP90AB1;IGF1R;JUN;JUND;KANK1;KAT5;KCTD6;KDM1B;KDM3A;KDM4A;KPNA2;KRAS;MAPK1;MED1;MMP2;MMP3;MMP9;MOV10;MYB;MYC;MYLIP;NCOA1;NCOA2;NCOA3;NCOR1;NCOR2;NR1H3;NRIP1;PCK1;PDHA1;PDHX;PDK1;PDK3;PDK4;PIK3CA;PIK3R1;PIK3R3;POLR2B;POLR2G;POLR2K;POLR2L;POU2F1;PPARD;PPP5C;PRKCZ;PRMT1;PTK2;RAD21;RDH10;RDH11;RDH14;RUNX1;S1PR3;SCD;SHC1;SMC1A;SMC3;SREBF1;SRF;STAG1;STAG2;STRN;TBL1XR1;TBP;TFF3;TNRC6A;TNRC6B;TNRC6C;UHMK1;XPO1;YY1;ZDHHC21;ZDHHC7;ZNF217
S:REACTOME_UBIQUITIN_MEDIATED_DEGRADATION_OF_PHOSPHORYLATED_CDC25A	D:50	S:ADRM1;BTRC;CDC25A;CHEK1;CHEK2;CSNK1A1;CSNK1E;CUL1;FBXW11;GSK3B;MAPK11;MAPK14;NEK11;PLK3;PSMA1;PSMA2;PSMA3;PSMA4;PSMA5;PSMA6;PSMA7;PSMB1;PSMB2;PSMB3;PSMB4;PSMB5;PSMB6;PSMB7;PSMC1;PSMC2;PSMC3;PSMC4;PSMC5;PSMC6;PSMD1;PSMD11;PSMD12;PSMD13;PSMD14;PSMD2;PSMD3;PSMD6;PSMD7;PSMD8;RBX1;RPS27A;SKP1;UBA52;UBB;UBC	S:BTRC;CHEK1;CHEK2;CSNK1A1;CSNK1E;CUL1;FBXW11;GSK3B;NEK11;PSMA1;PSMA3;PSMA4;PSMA5;PSMA6;PSMA7;PSMB1;PSMB2;PSMB3;PSMB4;PSMC5;PSMC6;PSMD1;PSMD11;PSMD12;PSMD14;PSMD2;PSMD3;PSMD6;PSMD7;RPS27A;UBC
S:REACTOME_FORMATION_OF_APOPTOSOME	D:11	S:APAF1;APIP;AVEN;CARD8;CASP9;CYCS;DIABLO;MAPK1;MAPK3;UACA;XIAP	S:AVEN;CARD8;CASP9;CYCS;DIABLO;MAPK1;UACA;XIAP
S:REACTOME_ROLE_OF_SECOND_MESSENGERS_IN_NETRIN_1_SIGNALING	D:10	S:DCC;NTN1;PITPNA;PLCG1;TRPC1;TRPC3;TRPC4;TRPC5;TRPC6;TRPC7	S:DCC;TRPC3;TRPC4;TRPC5;TRPC6
S:REACTOME_NOTCH4_ACTIVATION_AND_TRANSMISSION_OF_SIGNAL_TO_THE_NUCLEUS	D:11	S:ADAM10;APH1A;APH1B;DLL4;JAG1;NCSTN;NOTCH4;PSEN1;PSEN2;PSENEN;YWHAZ	S:ADAM10;APH1A;APH1B;JAG1;NCSTN;PSEN1;PSEN2;YWHAZ
S:REACTOME_SHC_MEDIATED_CASCADE_FGFR1	D:21	S:FGF1;FGF10;FGF17;FGF2;FGF20;FGF22;FGF23;FGF3;FGF4;FGF5;FGF6;FGF8;FGF9;FGFR1;GRB2;HRAS;KL;KRAS;NRAS;SHC1;SOS1	S:FGF1;FGF10;FGF17;FGF20;FGF22;FGF23;FGF3;FGF4;FGF5;FGF6;FGF8;FGF9;HRAS;NRAS
S:REACTOME_TRAF6_MEDIATED_IRF7_ACTIVATION_IN_TLR7_8_OR_9_SIGNALING	D:13	S:IRAK1;IRAK4;IRF7;MYD88;RPS27A;TLR7;TLR9;TRAF6;UBA52;UBB;UBC;UBE2N;UBE2V1	S:IRAK1;IRAK4;IRF7;MYD88;TLR9;UBA52;UBB;UBE2V1
S:REACTOME_ION_TRANSPORT_BY_P_TYPE_ATPASES	D:55	S:ATP10A;ATP10B;ATP10D;ATP11A;ATP11B;ATP11C;ATP12A;ATP13A1;ATP13A2;ATP13A4;ATP13A5;ATP1A1;ATP1A2;ATP1A3;ATP1A4;ATP1B1;ATP1B2;ATP1B3;ATP2A1;ATP2A2;ATP2A3;ATP2B1;ATP2B2;ATP2B3;ATP2B4;ATP2C1;ATP2C2;ATP4A;ATP4B;ATP7A;ATP7B;ATP8A1;ATP8A2;ATP8B1;ATP8B2;ATP8B3;ATP8B4;ATP9A;ATP9B;CALM1;CAMK2A;CAMK2B;CAMK2D;CAMK2G;CUTC;FXYD1;FXYD2;FXYD3;FXYD4;FXYD6;FXYD7;PDZD11;PLN;SLN;SRI	S:ATP10A;ATP10D;ATP11A;ATP11C;ATP12A;ATP13A5;ATP1A1;ATP1B1;ATP1B3;ATP2A1;ATP2A2;ATP2A3;ATP2B1;ATP2C1;ATP4A;ATP7A;ATP7B;ATP8A1;ATP8A2;ATP8B1;ATP8B2;ATP8B3;ATP8B4;ATP9A;ATP9B;CALM1;CAMK2A;CAMK2B;CAMK2D;CAMK2G;CUTC;FXYD1;FXYD2;FXYD7;SRI
S:REACTOME_INTERLEUKIN_15_SIGNALING	D:14	S:GAB2;GRB2;IL15;IL15RA;IL2RB;IL2RG;JAK1;JAK3;SHC1;SOS1;SOS2;STAT3;STAT5A;STAT5B	S:GAB2;IL2RG;JAK3;STAT3;STAT5A;STAT5B
S:REACTOME_SLC_MEDIATED_TRANSPORT_OF_INORGANIC_ANIONS	D:35	S:AHCYL2;SLC12A1;SLC12A2;SLC12A3;SLC12A4;SLC12A5;SLC12A6;SLC12A7;SLC13A1;SLC13A4;SLC17A1;SLC20A1;SLC20A2;SLC26A1;SLC26A11;SLC26A2;SLC26A3;SLC26A4;SLC26A6;SLC26A7;SLC26A9;SLC34A1;SLC34A2;SLC34A3;SLC4A1;SLC4A10;SLC4A2;SLC4A3;SLC4A4;SLC4A5;SLC4A7;SLC4A8;SLC4A9;SLC5A5;SLC5A8	S:SLC12A3;SLC12A4;SLC12A5;SLC12A6;SLC13A1;SLC13A4;SLC17A1;SLC26A1;SLC26A3;SLC26A7;SLC34A1;SLC34A2;SLC34A3;SLC4A1;SLC4A2;SLC4A3;SLC4A8;SLC5A5;SLC5A8
S:REACTOME_GROWTH_HORMONE_RECEPTOR_SIGNALING	D:24	S:ADAM17;CISH;CSH1;GH1;GH2;GHR;IRS1;IRS2;JAK2;LYN;MAPK1;MAPK3;PRL;PRLR;PTPN1;PTPN6;SH2B1;SOCS1;SOCS2;SOCS3;STAT1;STAT3;STAT5A;STAT5B	S:GH1;GH2;GHR;JAK2;MAPK3;PRLR;PTPN6;SOCS3;STAT3;STAT5A;STAT5B
S:REACTOME_FGFR1C_LIGAND_BINDING_AND_ACTIVATION	D:13	S:FGF1;FGF17;FGF2;FGF20;FGF23;FGF4;FGF5;FGF6;FGF8;FGF9;FGFR1;GIPC1;TGFBR3	S:FGF1;FGF17;FGF20;FGF23;FGF4;FGF5;FGF6;FGF8;FGF9;GIPC1
S:REACTOME_ABC_FAMILY_PROTEINS_MEDIATED_TRANSPORT	D:89	S:ABCA10;ABCA12;ABCA2;ABCA3;ABCA4;ABCA5;ABCA6;ABCA7;ABCA8;ABCA9;ABCB1;ABCB10;ABCB4;ABCB5;ABCB6;ABCB7;ABCB8;ABCB9;ABCC1;ABCC10;ABCC11;ABCC2;ABCC3;ABCC4;ABCC5;ABCC6;ABCC9;ABCD1;ABCD2;ABCD3;ABCF1;ABCG1;ABCG4;ABCG5;ABCG8;ADRM1;APOA1;CFTR;DERL1;DERL2;DERL3;EIF2S1;EIF2S2;EIF2S3;ERLEC1;ERLIN1;ERLIN2;KCNJ11;OS9;PEX19;PEX3;PSMA1;PSMA2;PSMA3;PSMA4;PSMA5;PSMA6;PSMA7;PSMB1;PSMB2;PSMB3;PSMB4;PSMB5;PSMB6;PSMB7;PSMC1;PSMC2;PSMC3;PSMC4;PSMC5;PSMC6;PSMD1;PSMD11;PSMD12;PSMD13;PSMD14;PSMD2;PSMD3;PSMD6;PSMD7;PSMD8;RNF185;RNF5;RPS27A;SEL1L;UBA52;UBB;UBC;VCP	S:ABCA10;ABCA12;ABCA3;ABCA5;ABCB1;ABCB4;ABCB5;ABCB7;ABCB9;ABCC10;ABCC2;ABCC5;ABCD2;ABCD3;ABCF1;ABCG1;ABCG4;ABCG5;DERL1;DERL3;EIF2S1;EIF2S2;ERLEC1;ERLIN1;ERLIN2;KCNJ11;OS9;PEX19;PEX3;PSMA1;PSMA3;PSMA4;PSMA5;PSMA6;PSMA7;PSMB1;PSMB2;PSMB3;PSMB4;PSMC5;PSMC6;PSMD1;PSMD11;PSMD12;PSMD14;PSMD2;PSMD3;PSMD6;PSMD7;RPS27A;SEL1L;UBC;VCP
S:REACTOME_ROS_AND_RNS_PRODUCTION_IN_PHAGOCYTES	D:36	S:ATP6V0A1;ATP6V0A2;ATP6V0A4;ATP6V0B;ATP6V0C;ATP6V0D1;ATP6V0D2;ATP6V0E1;ATP6V0E2;ATP6V1A;ATP6V1B1;ATP6V1B2;ATP6V1C1;ATP6V1C2;ATP6V1D;ATP6V1E1;ATP6V1E2;ATP6V1F;ATP6V1G1;ATP6V1G2;ATP6V1G3;ATP6V1H;CYBA;CYBB;HVCN1;LPO;MPO;NCF1;NCF2;NCF4;NOS1;NOS2;NOS3;RAC2;SLC11A1;TCIRG1	S:ATP6V0A4;ATP6V0B;ATP6V0C;ATP6V0D1;ATP6V0D2;ATP6V0E1;ATP6V0E2;ATP6V1C2;ATP6V1E1;ATP6V1G2;CYBA;CYBB;LPO;MPO;NCF4;NOS1;NOS3;SLC11A1
S:REACTOME_COBALAMIN_CBL_VITAMIN_B12_TRANSPORT_AND_METABOLISM	D:20	S:ABCC1;ABCD4;AMN;CD320;CTRB1;CTRB2;CUBN;LDLRAP1;LMBRD1;LRP2;MMAA;MMAB;MMACHC;MMADHC;MTR;MTRR;PRSS1;PRSS3;TCN1;TCN2	S:ABCD4;CTRB1;CUBN;LDLRAP1;LMBRD1;MMAA;MMAB;MMACHC;MMADHC;MTR;MTRR;PRSS1;PRSS3;TCN2
S:REACTOME_MODULATION_OF_HOST_RESPONSES_BY_IFN_STIMULATED_GENES	D:18	S:ARIH1;ATF6;CHUK;EIF2AK3;FKBP5;HERC5;HSPA5;IFI27;IFI44;IFI44L;IFI6;IFIH1;IKBKB;IKBKG;ISG15;TRIM25;UBA7;UBE2L6	S:ATF6;CHUK;FKBP5;HERC5;IFI27;IFI6;IKBKG;ISG15;TRIM25;UBE2L6
S:REACTOME_PI3K_EVENTS_IN_ERBB2_SIGNALING	D:16	S:BTC;EGF;EGFR;ERBB2;ERBB3;ERBB4;EREG;GAB1;GRB2;HBEGF;NRG1;NRG2;NRG3;NRG4;PIK3CA;PIK3R1	S:BTC;ERBB3;EREG;GAB1;NRG1;NRG2;NRG4
S:REACTOME_REGULATION_OF_EXPRESSION_AND_FUNCTION_OF_TYPE_II_CLASSICAL_CADHERINS	D:27	S:ADAM19;ADAM33;AMOT;ANGPTL4;BHLHE22;CDH11;CDH19;CDH24;CDH8;CTNNA1;CTNNB1;CTNND1;FOXF1;HEYL;HOXC8;ILF3;JUP;MOV10;PRDM8;SNAI1;SOX10;SP1;TNRC6A;TNRC6B;TNRC6C;ZC3H12A;ZEB2	S:ADAM33;BHLHE22;CDH11;CDH19;CDH8;CTNNA1;CTNNB1;CTNND1;FOXF1;HOXC8;JUP;SP1;ZC3H12A;ZEB2
S:REACTOME_RESPIRATORY_SYNCYTIAL_VIRUS_RSV_ATTACHMENT_AND_ENTRY	D:23	S:AGRN;CD14;CX3CR1;EGFR;FURIN;GPC1;GPC2;GPC3;GPC4;GPC5;GPC6;HSPG2;IGF1R;LY96;NCL;RAB5A;RAB5B;RAB5C;SDC1;SDC2;SDC3;SDC4;TLR4	S:AGRN;FURIN;GPC4;GPC5;GPC6;LY96;RAB5A;RAB5B;RAB5C;SDC1;TLR4
S:REACTOME_SIGNALING_BY_BMP	D:31	S:ACVR2A;ACVR2B;ACVRL1;AMH;AMHR2;BMP10;BMP2;BMPR1A;BMPR1B;BMPR2;CER1;CHRDL1;FSTL1;GDF2;GREM2;INHA;INHBA;NOG;SKI;SMAD1;SMAD4;SMAD5;SMAD6;SMAD7;SMAD9;SMURF1;SMURF2;TGFBR3;UBE2D1;UBE2D3;ZFYVE16	S:ACVR2B;ACVRL1;AMHR2;BMP10;BMPR1A;BMPR2;CER1;FSTL1;GREM2;INHA;NOG;SKI;SMAD1;SMAD4;SMAD5;SMAD6;SMAD9;SMURF2;TGFBR3;UBE2D3
S:REACTOME_CREB1_PHOSPHORYLATION_THROUGH_THE_ACTIVATION_OF_ADENYLATE_CYCLASE	D:12	S:ADCY1;ADCY8;CALM1;CREB1;PRKACA;PRKACB;PRKACG;PRKAR1A;PRKAR1B;PRKAR2A;PRKAR2B;PRKX	S:ADCY1;CALM1;CREB1;PRKACB;PRKACG;PRKAR2A;PRKAR2B;PRKX
S:REACTOME_ORGANIC_ANION_TRANSPORT_BY_SLCO_TRANSPORTERS	D:11	S:AVP;SLC16A2;SLCO1A2;SLCO1B1;SLCO1B3;SLCO1C1;SLCO2A1;SLCO2B1;SLCO3A1;SLCO4A1;SLCO4C1	S:AVP;SLCO1A2;SLCO1B1;SLCO1B3;SLCO1C1;SLCO3A1
S:REACTOME_SIGNALING_BY_HEDGEHOG	D:132	S:ADAM17;ADCY1;ADCY10;ADCY2;ADCY3;ADCY4;ADCY5;ADCY6;ADCY7;ADCY8;ADCY9;ADRM1;ARRB1;ARRB2;BOC;BTRC;CDC73;CDON;CSNK1A1;CUL1;CUL3;DERL2;DHH;DISP2;DYNC2H1;DZIP1;EFCAB7;ERLEC1;EVC;EVC2;FUZ;GAS1;GAS8;GLI1;GLI2;GLI3;GNAS;GPC5;GPR161;GSK3B;HHAT;HHIP;IFT122;IFT140;IFT172;IFT52;IFT57;IFT88;INTU;IQCE;ITCH;KIF3A;KIF7;MKS1;NOTUM;NUMB;OFD1;OS9;P4HB;PRKACA;PRKACB;PRKACG;PRKAR1A;PRKAR1B;PRKAR2A;PRKAR2B;PSMA1;PSMA2;PSMA3;PSMA4;PSMA5;PSMA6;PSMA7;PSMB1;PSMB2;PSMB3;PSMB4;PSMB5;PSMB6;PSMB7;PSMC1;PSMC2;PSMC3;PSMC4;PSMC5;PSMC6;PSMD1;PSMD11;PSMD12;PSMD13;PSMD14;PSMD2;PSMD3;PSMD6;PSMD7;PSMD8;PTCH1;PTCH2;RBX1;RPGRIP1L;RPS27A;SCUBE2;SEL1L;SHH;SKP1;SMO;SMURF1;SMURF2;SPOP;SPOPL;SUFU;SYVN1;TTC21B;TUBA1A;TUBA1B;TUBA1C;TUBA3C;TUBA3D;TUBA4A;TUBB1;TUBB2A;TUBB2B;TUBB3;TUBB6;TULP3;UBA52;UBB;UBC;ULK3;VCP;WDR19;WDR35	S:ADAM17;ADCY1;ADCY10;ADCY3;ADCY4;ADCY5;ADCY7;ADCY9;BOC;BTRC;CDC73;CSNK1A1;CUL1;CUL3;DYNC2H1;EFCAB7;ERLEC1;EVC;EVC2;GAS1;GAS8;GLI1;GNAS;GSK3B;HHAT;IFT57;IFT88;IQCE;ITCH;KIF3A;MKS1;OFD1;OS9;P4HB;PRKACB;PRKACG;PRKAR2A;PRKAR2B;PSMA1;PSMA3;PSMA4;PSMA5;PSMA6;PSMA7;PSMB1;PSMB2;PSMB3;PSMB4;PSMC5;PSMC6;PSMD1;PSMD11;PSMD12;PSMD14;PSMD2;PSMD3;PSMD6;PSMD7;RPGRIP1L;RPS27A;SEL1L;SMURF2;SPOP;SPOPL;SUFU;SYVN1;TTC21B;TUBA1B;TUBA3C;TUBA4A;TUBB1;TULP3;UBC;VCP;WDR19;WDR35
S:REACTOME_APC_CDC20_MEDIATED_DEGRADATION_OF_NEK2A	D:25	S:ANAPC1;ANAPC10;ANAPC11;ANAPC16;ANAPC2;ANAPC4;ANAPC5;ANAPC7;BUB1B;BUB3;CDC16;CDC20;CDC23;CDC26;CDC27;MAD2L1;NEK2;RPS27A;UBA52;UBB;UBC;UBE2C;UBE2D1;UBE2E1;UBE2S	S:ANAPC1;ANAPC10;ANAPC11;ANAPC16;ANAPC4;ANAPC5;ANAPC7;BUB1B;BUB3;CDC23;CDC26;CDC27;MAD2L1;RPS27A;UBC;UBE2E1
S:REACTOME_CRISTAE_FORMATION	D:11	S:APOO;APOOL;CHCHD3;CHCHD6;DNAJC11;HSPA9;IMMT;MTX1;MTX2;SAMM50;TMEM11	S:APOO;APOOL;CHCHD3;DNAJC11;HSPA9;IMMT;MTX2;SAMM50
S:REACTOME_NEF_MEDIATED_DOWNREGULATION_OF_MHC_CLASS_I_COMPLEX_CELL_SURFACE_EXPRESSION	D:10	S:AP1B1;AP1G1;AP1M1;AP1M2;AP1S1;AP1S2;AP1S3;B2M;HLA-A;PACS1	S:AP1G1;AP1S1;AP1S3;B2M;HLA-A;PACS1
S:REACTOME_NICOTINATE_METABOLISM	D:22	S:BST1;CD38;NADK;NADSYN1;NAMPT;NMNAT1;NMNAT2;NMNAT3;NNMT;NT5E;NUDT12;PARP10;PARP14;PARP16;PARP4;PARP6;PARP8;PARP9;QPRT;RNLS;SLC22A13;SLC5A8	S:BST1;NADK;NADSYN1;NAMPT;NMNAT1;NMNAT2;NMNAT3;PARP10;PARP4;PARP6;PARP9;RNLS;SLC5A8
S:REACTOME_SIGNALING_BY_KIT_IN_DISEASE	D:20	S:FYN;GRB2;HRAS;JAK2;KIT;KRAS;LCK;LYN;NRAS;PIK3CA;PIK3R1;PIK3R2;PIK3R3;SOS1;SRC;STAT1;STAT3;STAT5A;STAT5B;YES1	S:FYN;GRB2;KIT;KRAS;LCK;LYN;PIK3CA;PIK3R1;PIK3R3;SOS1;STAT1;YES1
S:REACTOME_SPECIFICATION_OF_PRIMORDIAL_GERM_CELLS	D:12	S:BMP4;CBFA2T2;CXCR4;EOMES;NANOG;NANOS3;PDPN;POU5F1;PRDM1;SOX17;TET2;TFAP2C	S:BMP4;CBFA2T2;NANOG;NANOS3;POU5F1;SOX17;TET2
S:REACTOME_SARS_COV_1_INFECTION	D:135	S:ACE2;BCL2L1;BECN1;BST2;CANX;CASP1;CAV1;CHMP2A;CHMP2B;CHMP4A;CHMP4B;CHMP4C;CHMP6;CHMP7;DDX5;EEF1A1;EP300;FAU;FKBP1A;GALNT1;GANAB;GSK3A;GSK3B;HNRNPA1;IFIH1;IKBKE;IRAK2;IRF3;ITCH;KPNA2;KPNB1;MAP1LC3B;MAVS;MGAT1;MOGS;NFKB1;NFKBIA;NLRP3;NMI;NPM1;PARP10;PARP14;PARP16;PARP4;PARP6;PARP8;PARP9;PCBP2;PDPK1;PIK3C3;PIK3R4;PKLR;PPIA;PPIB;PPIG;PPIH;PRKCSH;PSMC6;PYCARD;RB1;RCAN3;RELA;RIPK1;RIPK3;RPS10;RPS11;RPS12;RPS13;RPS14;RPS15;RPS15A;RPS16;RPS17;RPS18;RPS19;RPS2;RPS20;RPS21;RPS23;RPS24;RPS25;RPS26;RPS27;RPS27A;RPS27L;RPS28;RPS29;RPS3;RPS3A;RPS4X;RPS4Y1;RPS4Y2;RPS5;RPS6;RPS7;RPS8;RPS9;RPSA;RUNX1;SERPINE1;SFN;SFTPD;SIKE1;SMAD3;SMAD4;SP1;ST3GAL1;ST3GAL2;ST3GAL3;ST3GAL4;ST6GAL1;ST6GALNAC2;ST6GALNAC3;ST6GALNAC4;SUMO1;TBK1;TLR7;TMPRSS2;TRAF3;TRAF6;TRIM25;UBA52;UBB;UBC;UBE2I;UVRAG;VCP;VHL;YWHAB;YWHAE;YWHAG;YWHAH;YWHAQ;YWHAZ;ZCRB1	S:ACE2;BST2;CANX;CAV1;CHMP2A;CHMP2B;CHMP4A;DDX5;EP300;GALNT1;GANAB;GSK3A;GSK3B;HNRNPA1;IFIH1;ITCH;KPNA2;KPNB1;MGAT1;NFKB1;NFKBIA;NMI;NPM1;PARP14;PARP16;PARP8;PIK3C3;PIK3R4;PPIB;PPIG;PSMC6;RB1;RCAN3;RELA;RIPK1;RPS11;RPS13;RPS15;RPS16;RPS18;RPS19;RPS20;RPS21;RPS23;RPS25;RPS26;RPS27A;RPS27L;RPS28;RPS4X;RPS4Y1;RPS4Y2;RPS6;RPS8;RUNX1;SERPINE1;SIKE1;SMAD3;SMAD4;ST6GAL1;ST6GALNAC2;ST6GALNAC3;TBK1;TLR7;TRAF3;TRAF6;UBC;UBE2I;UVRAG;VCP;VHL;YWHAB;YWHAG;YWHAH;YWHAQ;YWHAZ;ZCRB1
S:REACTOME_SIGNALING_BY_MODERATE_KINASE_ACTIVITY_BRAF_MUTANTS	D:44	S:ACTB;ACTG1;APBB1IP;ARAF;ARRB1;ARRB2;BRAF;BRAP;CALM1;CAMK2A;CAMK2B;CAMK2D;CAMK2G;CNKSR1;CNKSR2;CSK;FGA;FGB;FGG;FN1;HRAS;IQGAP1;ITGA2B;ITGB3;JAK2;KRAS;KSR1;KSR2;MAP2K1;MAP2K2;MAP3K11;MAPK1;MAPK3;MARK3;NRAS;PEBP1;RAF1;RAP1A;RAP1B;SRC;TLN1;VCL;VWF;YWHAB	S:ARAF;ARRB1;ARRB2;CNKSR2;CSK;FGA;FGB;FGG;FN1;HRAS;ITGA2B;JAK2;KSR1;KSR2;MAP2K2;MAP3K11;MAPK3;MARK3;NRAS;RAF1;SRC;TLN1;VWF
S:REACTOME_SIGNALING_BY_ERBB4	D:58	S:ADAM17;ADAP1;APH1A;APH1B;APOE;BTC;CSN2;CXCL12;DLG4;EGF;EGFR;ERBB3;ERBB4;EREG;ESR1;GABRA1;GABRB1;GABRB2;GABRB3;GABRG2;GABRG3;GABRQ;GFAP;GRB2;HBEGF;HRAS;ITCH;KRAS;MXD4;NCOR1;NCSTN;NEDD4;NRAS;NRG1;NRG2;NRG3;NRG4;PGR;PIK3CA;PIK3R1;PSEN1;PSEN2;PSENEN;RPS27A;S100B;SHC1;SOS1;SPARC;SRC;STAT5A;STMN1;TAB2;UBA52;UBB;UBC;WWOX;WWP1;YAP1	S:ADAP1;APOE;BTC;CXCL12;DLG4;ERBB3;EREG;GABRB1;GABRB2;GABRG2;GABRG3;GABRQ;GFAP;HRAS;MXD4;NRAS;NRG1;NRG2;NRG4;PGR;PSENEN;S100B;SRC;STAT5A;STMN1;UBA52;UBB
S:REACTOME_TP53_REGULATES_TRANSCRIPTION_OF_GENES_INVOLVED_IN_G1_CELL_CYCLE_ARREST	D:14	S:ARID3A;CCNA1;CCNA2;CCNE1;CCNE2;CDK2;CDKN1A;CDKN1B;E2F1;E2F7;E2F8;PCBP4;TP53;ZNF385A	S:CCNA1;CCNA2;CCNE1;CCNE2;CDKN1B;E2F1;E2F8;PCBP4;TP53
S:REACTOME_EPH_EPHRIN_MEDIATED_REPULSION_OF_CELLS	D:51	S:ACTB;ACTG1;ADAM10;AP2A1;AP2A2;AP2B1;AP2M1;AP2S1;APH1A;APH1B;CLTA;CLTB;CLTC;CLTCL1;DNM1;EFNA1;EFNA2;EFNA3;EFNA4;EFNA5;EFNB1;EFNB2;EFNB3;EPHA1;EPHA10;EPHA2;EPHA3;EPHA4;EPHA5;EPHA6;EPHA7;EPHA8;EPHB1;EPHB2;EPHB3;EPHB4;EPHB6;FYN;LYN;MMP2;MMP9;NCSTN;PSEN1;PSEN2;PSENEN;RAC1;SRC;TIAM1;VAV2;VAV3;YES1	S:AP2A1;AP2A2;AP2B1;AP2M1;AP2S1;CLTCL1;DNM1;EFNA1;EFNA3;EFNA5;EFNB2;EFNB3;EPHA10;EPHA2;EPHA3;EPHA5;EPHA6;EPHA7;EPHB3;PSENEN;SRC;TIAM1
S:REACTOME_ERBB2_REGULATES_CELL_MOTILITY	D:15	S:BTC;DIAPH1;EGF;EGFR;ERBB2;ERBB3;ERBB4;EREG;HBEGF;MEMO1;NRG1;NRG2;NRG3;NRG4;RHOA	S:BTC;ERBB3;EREG;NRG1;NRG2;NRG4
S:REACTOME_GOLGI_ASSOCIATED_VESICLE_BIOGENESIS	D:53	S:ACBD3;AP1B1;AP1G1;AP1M1;AP1M2;AP1S1;AP1S2;AP1S3;AP3B1;AP3S1;AP4B1;AP4E1;ARF1;ARRB1;BLOC1S1;CLINT1;CLTA;CLTC;CPD;DNAJC6;DNM2;DTNBP1;FTH1;FTL;GAK;GOLGB1;HIP1R;HSPA8;IGF2R;NAPA;NECAP1;OCRL;PICALM;PIK3C2A;PUM1;RAB5C;SH3D19;SH3GL2;SNAPIN;SNX2;SNX5;SNX9;SORT1;TBC1D8B;TFRC;TGOLN2;TPD52;TPD52L1;TXNDC5;VAMP2;VAMP7;VAMP8;YIPF6	S:ACBD3;AP1G1;AP1S1;AP1S3;AP3B1;AP3S1;AP4B1;AP4E1;ARF1;CLINT1;CLTA;CLTC;DTNBP1;FTH1;GOLGB1;HIP1R;HSPA8;IGF2R;OCRL;PIK3C2A;PUM1;SNX2;SNX5;SNX9;TGOLN2;TPD52;TPD52L1;TXNDC5;VAMP7;YIPF6
S:REACTOME_PI_3K_CASCADE_FGFR4	D:20	S:FGF1;FGF16;FGF17;FGF18;FGF19;FGF2;FGF20;FGF23;FGF4;FGF6;FGF8;FGF9;FGFR4;FRS2;GAB1;GRB2;KLB;PIK3CA;PIK3R1;PTPN11	S:FGF1;FGF17;FGF20;FGF23;FGF4;FGF6;FGF8;FGF9;FGFR4;FRS2;GAB1;KLB
S:REACTOME_SARS_COV_1_HOST_INTERACTIONS	D:92	S:BCL2L1;BST2;CASP1;CAV1;EEF1A1;EP300;FAU;FKBP1A;HNRNPA1;IFIH1;IKBKE;IRAK2;IRF3;ITCH;KPNA2;KPNB1;MAVS;NFKB1;NFKBIA;NLRP3;NMI;NPM1;PCBP2;PDPK1;PKLR;PPIA;PPIB;PPIG;PPIH;PSMC6;PYCARD;RCAN3;RELA;RIPK1;RIPK3;RPS10;RPS11;RPS12;RPS13;RPS14;RPS15;RPS15A;RPS16;RPS17;RPS18;RPS19;RPS2;RPS20;RPS21;RPS23;RPS24;RPS25;RPS26;RPS27;RPS27A;RPS27L;RPS28;RPS29;RPS3;RPS3A;RPS4X;RPS4Y1;RPS4Y2;RPS5;RPS6;RPS7;RPS8;RPS9;RPSA;RUNX1;SERPINE1;SFN;SFTPD;SIKE1;SMAD3;SMAD4;SP1;TBK1;TLR7;TRAF3;TRAF6;TRIM25;UBA52;UBB;UBC;UBE2I;YWHAB;YWHAE;YWHAG;YWHAH;YWHAQ;YWHAZ	S:BST2;CAV1;EP300;HNRNPA1;IFIH1;ITCH;KPNA2;KPNB1;NFKB1;NFKBIA;NMI;NPM1;PPIB;PPIG;PSMC6;RCAN3;RELA;RIPK1;RPS11;RPS13;RPS15;RPS16;RPS18;RPS19;RPS20;RPS21;RPS23;RPS25;RPS26;RPS27A;RPS27L;RPS28;RPS4X;RPS4Y1;RPS4Y2;RPS6;RPS8;RUNX1;SERPINE1;SIKE1;SMAD3;SMAD4;TBK1;TLR7;TRAF3;TRAF6;UBC;UBE2I;YWHAB;YWHAG;YWHAH;YWHAQ;YWHAZ
S:REACTOME_SIGNALING_BY_WNT	D:248	S:ADRM1;AKT1;AKT2;AP2A1;AP2A2;AP2B1;AP2M1;AP2S1;APC;ARRB2;ASH2L;AXIN1;AXIN2;BCL9;BCL9L;BTRC;CALM1;CAMK2A;CAV1;CBY1;CCDC88C;CDC73;CHD8;CLTA;CLTB;CLTC;CREBBP;CSNK1A1;CSNK1E;CSNK1G2;CSNK2A1;CSNK2A2;CSNK2B;CTBP1;CTBP2;CTNNB1;CTNNBIP1;CUL1;CUL3;CXXC4;DAAM1;DACT1;DKK1;DKK2;DKK4;DPY30;DVL1;DVL2;DVL3;EP300;FRAT1;FRAT2;FZD1;FZD2;FZD3;FZD4;FZD5;FZD6;FZD7;FZD8;GNAO1;GNB1;GNB2;GNB3;GNB4;GNB5;GNG10;GNG11;GNG12;GNG13;GNG2;GNG3;GNG4;GNG5;GNG7;GNG8;GNGT1;GNGT2;GSK3B;HDAC1;HECW1;ITPR1;ITPR2;ITPR3;KAT5;KLHL12;KRAS;KREMEN1;KREMEN2;LEF1;LEO1;LGR4;LGR5;LGR6;LRP5;LRP6;MAP3K7;MEN1;MOV10;MYC;NFATC1;NLK;PARD6A;PDE6A;PDE6B;PDE6G;PFN1;PIP5K1B;PLCB1;PLCB2;PLCB3;PORCN;PPP2CA;PPP2CB;PPP2R1A;PPP2R1B;PPP2R5A;PPP2R5B;PPP2R5C;PPP2R5D;PPP2R5E;PPP3CA;PPP3CB;PPP3R1;PRICKLE1;PRKCA;PRKCB;PRKCG;PRKG1;PRKG2;PSMA1;PSMA2;PSMA3;PSMA4;PSMA5;PSMA6;PSMA7;PSMB1;PSMB2;PSMB3;PSMB4;PSMB5;PSMB6;PSMB7;PSMC1;PSMC2;PSMC3;PSMC4;PSMC5;PSMC6;PSMD1;PSMD11;PSMD12;PSMD13;PSMD14;PSMD2;PSMD3;PSMD6;PSMD7;PSMD8;PYGO1;PYGO2;RAC1;RAC2;RAC3;RBBP5;RBX1;RHOA;RNF146;RNF43;ROR1;ROR2;RPS27A;RSPO1;RSPO2;RSPO3;RUNX3;RUVBL1;RYK;SCRIB;SFRP1;SFRP2;SKP1;SMARCA4;SMURF1;SMURF2;SNX3;SOST;SOX13;SOX17;SOX2;SOX3;SOX4;SOX6;SOX7;SOX9;SRY;TCF4;TCF7;TCF7L1;TCF7L2;TERT;TLE1;TLE2;TLE3;TLE4;TMED5;TNKS;TNKS2;TNRC6A;TNRC6B;TNRC6C;TRRAP;UBA52;UBB;UBC;USP34;USP8;VPS26A;VPS29;VPS35;WDR5;WIF1;WLS;WNT1;WNT10A;WNT10B;WNT11;WNT16;WNT2;WNT2B;WNT3;WNT3A;WNT4;WNT5A;WNT5B;WNT6;WNT7A;WNT7B;WNT8A;WNT8B;WNT9A;WNT9B;XIAP;XPO1;YWHAZ;ZNRF3;ZRANB1	S:AKT2;APC;ASH2L;AXIN2;BCL9;BCL9L;BTRC;CALM1;CAMK2A;CAV1;CBY1;CCDC88C;CDC73;CHD8;CLTA;CLTB;CLTC;CREBBP;CSNK1A1;CSNK1E;CSNK2A1;CSNK2B;CTBP2;CTNNBIP1;CUL1;CUL3;CXXC4;DAAM1;DACT1;DKK2;DKK4;DPY30;DVL1;EP300;FZD1;FZD3;FZD6;FZD7;GNAO1;GNB1;GNB3;GNB5;GNG2;GNG3;GNG5;GNG7;GNG8;GSK3B;HDAC1;ITPR1;ITPR2;ITPR3;KAT5;KLHL12;KRAS;LEF1;LEO1;LGR4;LGR5;LGR6;LRP5;MAP3K7;MEN1;MOV10;MYC;NFATC1;NLK;PDE6B;PIP5K1B;PLCB1;PPP2CB;PPP2R1B;PPP2R5A;PPP2R5C;PPP2R5D;PPP2R5E;PPP3CA;PPP3CB;PRICKLE1;PRKCA;PRKCB;PRKG1;PRKG2;PSMA1;PSMA3;PSMA4;PSMA5;PSMA6;PSMA7;PSMB1;PSMB2;PSMB3;PSMB4;PSMC5;PSMC6;PSMD1;PSMD11;PSMD12;PSMD14;PSMD2;PSMD3;PSMD6;PSMD7;RAC1;RAC2;RBBP5;RHOA;RNF146;ROR2;RPS27A;RSPO1;RUNX3;RUVBL1;RYK;SCRIB;SMARCA4;SMURF2;SOX4;TCF4;TCF7;TLE1;TLE2;TLE4;TMED5;TNKS;TNKS2;TNRC6A;TNRC6B;TNRC6C;TRRAP;UBC;USP34;USP8;VPS26A;VPS35;WDR5;WLS;WNT1;WNT10B;WNT11;WNT5B;WNT6;WNT7A;WNT7B;WNT8A;WNT8B;WNT9A;WNT9B;XIAP;XPO1;YWHAZ;ZNRF3
S:REACTOME_BACTERIAL_INFECTION_PATHWAYS	D:105	S:ANTXR1;ANTXR2;ATP6V1H;B2M;CALM1;CALM2;CALM3;CASP4;CBL;CBLL1;CD9;CDH1;COL4A1;COL4A2;COL4A3;COL4A4;COL4A5;COL4A6;COL5A1;COL5A2;COL5A3;CORO1A;CTNNB1;CTNND1;CTSG;DUSP16;EEF2;ENO1;EPCAM;EPS15;FN1;FURIN;GBP1;GBP2;GBP3;GBP4;GBP6;GRB2;GSK3A;GUCY2C;HBA1;HBA2;HBB;HBEGF;HGS;HSP90AA1;HSP90AB1;KPNA1;KPNB1;LAMA1;LAMA2;LAMA3;LAMA4;LAMA5;LAMB1;LAMB2;LAMB3;LAMC1;LAMC2;LAMC3;LTF;MAP2K1;MAP2K2;MAP2K3;MAP2K4;MAP2K6;MAP2K7;MAPK1;MAPK3;MET;MRC1;NOS2;PDCD6IP;PGK1;RAB5A;RAB7A;RNF213;RPS27A;SFPQ;SH3GL1;SH3GL2;SH3GL3;SH3KBP1;SNAP25;SRC;STAM;STAM2;STX1A;STX1B;SV2A;SV2B;SV2C;SYT1;SYT2;TLR2;TRIM27;TXNRD1;UBA52;UBB;UBC;UBE2D2;UPK1A;VAMP1;VAMP2;VPS33B	S:ANTXR1;CALM3;COL4A1;COL4A2;COL4A5;COL4A6;CTNNB1;CTNND1;CTSG;EEF2;ENO1;EPCAM;FN1;FURIN;GBP6;HBA1;HBA2;HBB;LAMA1;LAMA3;LAMA4;LAMA5;LAMB2;LAMC2;LAMC3;LTF;MAP2K2;MAP2K3;MAP2K6;MAP2K7;MAPK3;MRC1;PGK1;RAB5A;RNF213;SH3GL1;SH3GL2;SNAP25;SRC;SV2A;SYT2;TRIM27;TXNRD1;UBA52;UBB;VAMP2;VPS33B
S:REACTOME_CYCLIN_D_ASSOCIATED_EVENTS_IN_G1	D:47	S:ABL1;CCND1;CCND2;CCND3;CCNE1;CCNE2;CCNH;CDK2;CDK4;CDK6;CDK7;CDKN1A;CDKN1B;CDKN1C;CDKN2A;CDKN2B;CDKN2C;CDKN2D;CKS1B;CUL1;E2F1;E2F2;E2F3;E2F4;E2F5;JAK2;LYN;MNAT1;PPP2CA;PPP2CB;PPP2R1A;PPP2R1B;PPP2R2A;PPP2R3B;PTK6;RB1;RBL1;RBL2;RPS27A;SKP1;SKP2;SRC;TFDP1;TFDP2;UBA52;UBB;UBC	S:ABL1;CCND1;CCND2;CCNE1;CCNE2;CCNH;CDK4;CDK6;CDK7;CDKN1B;CDKN2A;CUL1;E2F1;E2F3;E2F5;LYN;MNAT1;PPP2CB;PPP2R1B;PPP2R2A;RB1;RBL1;RBL2;RPS27A;SKP2;TFDP2;UBC
S:REACTOME_DEFECTIVE_GALNT3_CAUSES_HFTC	D:15	S:GALNT3;MUC1;MUC12;MUC13;MUC15;MUC16;MUC17;MUC20;MUC3A;MUC4;MUC5AC;MUC5B;MUC6;MUC7;MUCL1	S:MUC1;MUC12;MUC13;MUC17;MUC4;MUC5AC;MUC5B;MUC6
S:REACTOME_CELLULAR_RESPONSE_TO_HYPOXIA	D:57	S:ADRM1;ARNT;CA9;CITED2;CREBBP;CUL2;EGLN1;EGLN2;EGLN3;EP300;EPAS1;EPO;HIF1A;HIF1AN;HIF3A;HIGD1A;LIMD1;PSMA1;PSMA2;PSMA3;PSMA4;PSMA5;PSMA6;PSMA7;PSMB1;PSMB2;PSMB3;PSMB4;PSMB5;PSMB6;PSMB7;PSMC1;PSMC2;PSMC3;PSMC4;PSMC5;PSMC6;PSMD1;PSMD11;PSMD12;PSMD13;PSMD14;PSMD2;PSMD3;PSMD6;PSMD7;PSMD8;RBX1;RPS27A;UBA52;UBB;UBC;UBE2D1;UBE2D2;UBE2D3;VEGFA;VHL	S:ARNT;CITED2;CREBBP;CUL2;EGLN3;EP300;EPAS1;EPO;HIF1A;HIGD1A;PSMA1;PSMA3;PSMA4;PSMA5;PSMA6;PSMA7;PSMB1;PSMB2;PSMB3;PSMB4;PSMC5;PSMC6;PSMD1;PSMD11;PSMD12;PSMD14;PSMD2;PSMD3;PSMD6;PSMD7;RPS27A;UBC;UBE2D2;UBE2D3;VEGFA;VHL
S:REACTOME_ION_HOMEOSTASIS	D:54	S:ABCC9;AHCYL1;ASPH;ATP1A1;ATP1A2;ATP1A3;ATP1A4;ATP1B1;ATP1B2;ATP1B3;ATP2A1;ATP2A2;ATP2A3;ATP2B1;ATP2B2;ATP2B3;ATP2B4;CALM1;CAMK2A;CAMK2B;CAMK2D;CAMK2G;CASQ1;CASQ2;CLIC2;DMPK;FKBP1B;FXYD1;FXYD2;FXYD3;FXYD4;FXYD6;FXYD7;ITPR1;ITPR2;ITPR3;KCNJ11;NOS1;ORAI1;ORAI2;PLN;PRKACA;RYR1;RYR2;RYR3;SLC8A1;SLC8A2;SLC8A3;SLN;SRI;STIM1;TNNI3;TRDN;TRPC1	S:ABCC9;ASPH;ATP1A2;ATP1A3;ATP1A4;ATP1B2;ATP2B2;ATP2B3;ATP2B4;CASQ2;CLIC2;DMPK;FKBP1B;FXYD3;FXYD4;FXYD6;NOS1;ORAI1;ORAI2;PLN;PRKACA;RYR1;SLC8A1;SLN
S:REACTOME_REGULATION_OF_ORNITHINE_DECARBOXYLASE_ODC	D:37	S:ADRM1;AZIN1;NQO1;OAZ1;OAZ2;OAZ3;ODC1;PSMA1;PSMA2;PSMA3;PSMA4;PSMA5;PSMA6;PSMA7;PSMB1;PSMB2;PSMB3;PSMB4;PSMB5;PSMB6;PSMB7;PSMC1;PSMC2;PSMC3;PSMC4;PSMC5;PSMC6;PSMD1;PSMD11;PSMD12;PSMD13;PSMD14;PSMD2;PSMD3;PSMD6;PSMD7;PSMD8	S:AZIN1;NQO1;OAZ1;PSMA1;PSMA3;PSMA4;PSMA5;PSMA6;PSMA7;PSMB1;PSMB2;PSMB3;PSMB4;PSMC5;PSMC6;PSMD1;PSMD11;PSMD12;PSMD14;PSMD2;PSMD3;PSMD6;PSMD7
S:REACTOME_BIOSYNTHESIS_OF_THE_N_GLYCAN_PRECURSOR_DOLICHOL_LIPID_LINKED_OLIGOSACCHARIDE_LLO_AND_TRANSFER_TO_A_NASCENT_PROTEIN	D:76	S:ALG1;ALG10;ALG10B;ALG11;ALG12;ALG13;ALG14;ALG2;ALG3;ALG5;ALG6;ALG8;ALG9;AMDHD2;CMAS;CTSA;DHDDS;DHRSX;DOLK;DOLPP1;DPAGT1;DPM1;DPM2;DPM3;FPGT;GFPT1;GFPT2;GLB1;GMDS;GMPPA;GMPPB;GNE;GNPNAT1;HK1;MPDU1;MPI;MVD;NAGK;NANP;NANS;NEU1;NEU2;NEU3;NEU4;NPL;NUDT14;NUS1;PGM3;PMM1;PMM2;RENBP;RFT1;SLC17A5;SLC35A1;SLC35C1;SRD5A3;ST3GAL1;ST3GAL2;ST3GAL3;ST3GAL4;ST3GAL5;ST3GAL6;ST6GAL1;ST6GAL2;ST6GALNAC1;ST6GALNAC2;ST6GALNAC3;ST6GALNAC4;ST6GALNAC5;ST6GALNAC6;ST8SIA1;ST8SIA2;ST8SIA3;ST8SIA4;ST8SIA5;UAP1	S:ALG1;ALG10;ALG10B;ALG11;ALG13;ALG14;ALG2;ALG5;ALG6;ALG8;ALG9;CTSA;DOLK;DPAGT1;DPM1;FPGT;GFPT1;GFPT2;GMDS;GMPPB;GNE;GNPNAT1;HK1;MPI;NEU2;NEU3;NEU4;NUS1;PGM3;PMM2;RENBP;RFT1;SLC17A5;SLC35A1;SRD5A3;ST3GAL5;ST3GAL6;ST6GAL1;ST6GALNAC1;ST6GALNAC2;ST6GALNAC3;ST8SIA1;ST8SIA2;ST8SIA3;ST8SIA4;ST8SIA5;UAP1
S:REACTOME_INTERLEUKIN_37_SIGNALING	D:19	S:CASP1;IL18BP;IL18R1;PTPN11;PTPN12;PTPN13;PTPN14;PTPN18;PTPN2;PTPN23;PTPN4;PTPN5;PTPN6;PTPN7;PTPN9;SIGIRR;SMAD3;STAT3;TBK1	S:PTPN11;PTPN12;PTPN13;PTPN2;PTPN4;PTPN5;PTPN7;PTPN9;SIGIRR;SMAD3;TBK1
S:REACTOME_PI_3K_CASCADE_FGFR1	D:21	S:FGF1;FGF10;FGF17;FGF2;FGF20;FGF22;FGF23;FGF3;FGF4;FGF5;FGF6;FGF8;FGF9;FGFR1;FRS2;GAB1;GRB2;KL;PIK3CA;PIK3R1;PTPN11	S:FGF1;FGF10;FGF17;FGF20;FGF22;FGF23;FGF3;FGF4;FGF5;FGF6;FGF8;FGF9;FRS2;GAB1
S:REACTOME_TETRAHYDROBIOPTERIN_BH4_SYNTHESIS_RECYCLING_SALVAGE_AND_REGULATION	D:10	S:AKT1;CALM1;DHFR;GCH1;GCHFR;HSP90AA1;NOS3;PRKG2;PTS;SPR	S:CALM1;DHFR;GCH1;HSP90AA1;PRKG2;PTS;SPR
S:REACTOME_RESPONSE_OF_EIF2AK1_HRI_TO_HEME_DEFICIENCY	D:15	S:ASNS;ATF3;ATF4;ATF5;CEBPB;CEBPG;CHAC1;DDIT3;EIF2AK1;EIF2S1;EIF2S2;EIF2S3;GRB10;PPP1R15A;TRIB3	S:ATF5;CEBPB;CHAC1;DDIT3;EIF2AK1;EIF2S3;GRB10;PPP1R15A
S:REACTOME_GLUCONEOGENESIS	D:24	S:ALDOA;ALDOB;ALDOC;ENO1;ENO2;ENO3;FBP1;FBP2;G6PC2;G6PC3;GAPDH;GAPDHS;GPI;PC;PCK1;PCK2;PGAM1;PGAM2;PGK1;PGK2;SLC37A1;SLC37A2;SLC37A4;TPI1	S:ALDOC;ENO1;ENO2;G6PC2;G6PC3;GAPDH;GAPDHS;PGAM2;PGK1;PGK2;SLC37A4;TPI1
S:REACTOME_OLFACTORY_SIGNALING_PATHWAY	D:125	S:ADCY3;ANO2;CNGA4;CNGB1;EBF1;GNAL;GNB1;GNG13;LDB1;LHX2;OR10A2;OR10A4;OR10A5;OR10C1;OR10G8;OR10H1;OR10H2;OR10H3;OR10H4;OR10J1;OR10J3;OR10J5;OR10P1;OR10R2;OR10T2;OR11A1;OR11G2;OR12D2;OR12D3;OR13C4;OR13D1;OR1A1;OR1A2;OR1C1;OR1D2;OR1D5;OR1E1;OR1F1;OR1G1;OR1L3;OR1L4;OR1N2;OR1Q1;OR1S2;OR2A14;OR2A25;OR2A7;OR2B2;OR2B6;OR2C1;OR2C3;OR2F1;OR2H1;OR2H2;OR2J2;OR2L13;OR2M2;OR2S2;OR2T5;OR2T8;OR2V2;OR2W1;OR2W3;OR3A1;OR3A2;OR3A3;OR4A15;OR4C15;OR4C3;OR4C46;OR4D2;OR4D5;OR4F4;OR4K1;OR4K17;OR4N4;OR4S1;OR4X2;OR51A7;OR51B2;OR51B4;OR51B5;OR51D1;OR51E1;OR51E2;OR51G1;OR51Q1;OR52A1;OR52B2;OR52K2;OR56B1;OR5A1;OR5AK2;OR5AP2;OR5F1;OR5H1;OR5I1;OR5L2;OR5P2;OR5P3;OR5T2;OR5V1;OR6A2;OR6K2;OR6M1;OR6N1;OR6Y1;OR7A10;OR7A17;OR7A5;OR7C2;OR7D2;OR7D4;OR7E24;OR7G3;OR8B8;OR8D1;OR8D2;OR8G1;OR8H1;OR8J1;OR8K3;OR8U1;REEP1;RTP1	S:GNG13;LDB1;LHX2;OR10A4;OR10A5;OR10G8;OR10H2;OR10J1;OR10J3;OR10P1;OR10T2;OR11A1;OR11G2;OR12D2;OR1D2;OR1F1;OR1L3;OR2A14;OR2A25;OR2C3;OR2H1;OR2J2;OR2L13;OR2S2;OR2T5;OR2W1;OR2W3;OR3A2;OR4A15;OR4C3;OR4C46;OR4D2;OR4D5;OR4K17;OR4N4;OR51A7;OR51B2;OR51B4;OR51E1;OR5A1;OR5AP2;OR5H1;OR6A2;OR6K2;OR6M1;OR6Y1;OR7A17;OR7A5;OR7D2;OR7E24;OR7G3;OR8B8;OR8J1;OR8K3;REEP1;RTP1
S:REACTOME_RECYCLING_OF_BILE_ACIDS_AND_SALTS	D:16	S:ABCB11;ABCC3;ALB;BAAT;FABP6;NCOA1;NCOA2;NR1H4;RXRA;SLC10A1;SLC10A2;SLC27A5;SLCO1A2;SLCO1B1;SLCO1B3;STARD5	S:ABCB11;ABCC3;RXRA;SLC10A1;SLCO1A2;SLCO1B1;SLCO1B3
S:REACTOME_NOD1_2_SIGNALING_PATHWAY	D:36	S:AAMP;BIRC2;BIRC3;CARD9;CASP1;CASP2;CASP4;CASP8;CASP9;CHUK;CYLD;IKBKB;IKBKG;IRAK1;IRAK2;ITCH;MAP2K6;MAP3K7;MAPK11;MAPK12;MAPK13;MAPK14;NOD1;NOD2;RIPK2;RPS27A;TAB1;TAB2;TAB3;TNFAIP3;TRAF6;UBA52;UBB;UBC;UBE2N;UBE2V1	S:BIRC2;CASP1;CASP8;CHUK;IKBKG;IRAK1;IRAK2;MAP2K6;MAPK11;MAPK12;MAPK13;MAPK14;RIPK2;TAB1;UBA52;UBB;UBE2V1
S:REACTOME_PCP_CE_PATHWAY	D:77	S:ADRM1;AP2A1;AP2A2;AP2B1;AP2M1;AP2S1;ARRB2;CLTA;CLTB;CLTC;DAAM1;DVL1;DVL2;DVL3;FZD1;FZD2;FZD3;FZD4;FZD5;FZD6;FZD7;FZD8;PARD6A;PFN1;PRICKLE1;PRKCA;PRKCB;PRKCG;PSMA1;PSMA2;PSMA3;PSMA4;PSMA5;PSMA6;PSMA7;PSMB1;PSMB2;PSMB3;PSMB4;PSMB5;PSMB6;PSMB7;PSMC1;PSMC2;PSMC3;PSMC4;PSMC5;PSMC6;PSMD1;PSMD11;PSMD12;PSMD13;PSMD14;PSMD2;PSMD3;PSMD6;PSMD7;PSMD8;RAC1;RAC2;RAC3;RHOA;ROR1;ROR2;RPS27A;RYK;SCRIB;SMURF1;SMURF2;UBA52;UBB;UBC;WNT1;WNT11;WNT4;WNT5A;WNT5B	S:CLTA;CLTB;CLTC;DAAM1;DVL1;FZD1;FZD3;FZD6;FZD7;PRICKLE1;PRKCA;PRKCB;PSMA1;PSMA3;PSMA4;PSMA5;PSMA6;PSMA7;PSMB1;PSMB2;PSMB3;PSMB4;PSMC5;PSMC6;PSMD1;PSMD11;PSMD12;PSMD14;PSMD2;PSMD3;PSMD6;PSMD7;RAC1;RAC2;RHOA;ROR2;RPS27A;RYK;SCRIB;SMURF2;UBC;WNT1;WNT11;WNT5B
S:REACTOME_DEGRADATION_OF_DVL	D:43	S:ADRM1;CUL3;DACT1;DVL1;DVL2;DVL3;HECW1;KLHL12;PSMA1;PSMA2;PSMA3;PSMA4;PSMA5;PSMA6;PSMA7;PSMB1;PSMB2;PSMB3;PSMB4;PSMB5;PSMB6;PSMB7;PSMC1;PSMC2;PSMC3;PSMC4;PSMC5;PSMC6;PSMD1;PSMD11;PSMD12;PSMD13;PSMD14;PSMD2;PSMD3;PSMD6;PSMD7;PSMD8;RBX1;RPS27A;UBA52;UBB;UBC	S:CUL3;DACT1;DVL1;KLHL12;PSMA1;PSMA3;PSMA4;PSMA5;PSMA6;PSMA7;PSMB1;PSMB2;PSMB3;PSMB4;PSMC5;PSMC6;PSMD1;PSMD11;PSMD12;PSMD14;PSMD2;PSMD3;PSMD6;PSMD7;RPS27A;UBC
S:REACTOME_GRB2_SOS_PROVIDES_LINKAGE_TO_MAPK_SIGNALING_FOR_INTEGRINS	D:15	S:APBB1IP;FGA;FGB;FGG;FN1;GRB2;ITGA2B;ITGB3;PTK2;RAP1A;RAP1B;SOS1;SRC;TLN1;VWF	S:FGA;FGB;FGG;FN1;ITGA2B;SRC;TLN1;VWF
S:REACTOME_RESPIRATORY_ELECTRON_TRANSPORT	D:123	S:ACAD9;BCS1L;CMC1;COQ10A;COQ10B;COX11;COX15;COX16;COX17;COX18;COX19;COX4I1;COX4I2;COX5A;COX5B;COX6A1;COX6A2;COX6B1;COX6B2;COX6C;COX7A1;COX7A2;COX7A2L;COX7B;COX7C;COX8A;CYC1;CYCS;ECSIT;ETFA;ETFB;ETFDH;FOXRED1;FXN;GOT1;GOT2;HCCS;HIGD1A;HIGD2A;HSCB;HSPA9;ISCU;LETM1;LYRM2;LYRM4;LYRM7;MDH1;MDH2;NDUFA1;NDUFA10;NDUFA11;NDUFA12;NDUFA13;NDUFA2;NDUFA3;NDUFA4;NDUFA5;NDUFA6;NDUFA7;NDUFA8;NDUFA9;NDUFAB1;NDUFAF1;NDUFAF2;NDUFAF3;NDUFAF4;NDUFB1;NDUFB10;NDUFB11;NDUFB2;NDUFB3;NDUFB4;NDUFB5;NDUFB6;NDUFB7;NDUFB8;NDUFB9;NDUFC1;NDUFC2;NDUFS1;NDUFS2;NDUFS3;NDUFS4;NDUFS5;NDUFS6;NDUFS7;NDUFS8;NDUFV1;NDUFV2;NDUFV3;NFS1;NUBPL;OXA1L;PNKD;SCO1;SCO2;SDHA;SDHB;SDHC;SDHD;SFXN4;SLC25A11;SLC25A12;SLC25A13;SLC25A18;SLC25A22;SURF1;TACO1;TMEM126A;TMEM126B;TMEM177;TMEM186;TMEM223;TRAP1;TTC19;UQCR10;UQCR11;UQCRB;UQCRC1;UQCRC2;UQCRFS1;UQCRH;UQCRQ	S:ACAD9;CMC1;COQ10A;COQ10B;COX11;COX15;COX16;COX17;COX18;COX19;COX4I2;COX5A;COX6A2;COX7A1;COX8A;CYCS;ETFA;ETFDH;FOXRED1;FXN;GOT1;GOT2;HCCS;HIGD1A;HSPA9;ISCU;LETM1;LYRM2;LYRM4;LYRM7;MDH1;MDH2;NDUFA10;NDUFA12;NDUFA3;NDUFA7;NDUFA8;NDUFAB1;NDUFAF1;NDUFAF2;NDUFAF3;NDUFAF4;NDUFB10;NDUFB2;NDUFB4;NDUFB5;NDUFB8;NDUFB9;NDUFC1;NDUFC2;NDUFS1;NDUFS4;NDUFS5;NDUFS6;NDUFS8;NDUFV1;NFS1;NUBPL;PNKD;SCO1;SDHA;SDHB;SDHD;SLC25A12;SLC25A13;SLC25A22;TMEM126A;TMEM126B;TMEM177;TMEM186;TMEM223;TRAP1;TTC19;UQCRC2;UQCRFS1;UQCRH
S:REACTOME_RESPONSE_TO_METAL_IONS	D:14	S:CSRP1;MT1A;MT1B;MT1E;MT1F;MT1G;MT1H;MT1M;MT1X;MT2A;MT3;MT4;MTF1;SNCB	S:MT1B;MT1E;MT1G;MT1H;MT1M;MT3;MT4;SNCB
S:REACTOME_TGF_BETA_RECEPTOR_SIGNALING_ACTIVATES_SMADS	D:47	S:BAMBI;CBL;FBN1;FKBP1A;FURIN;ITGA8;ITGAV;ITGB1;ITGB3;ITGB5;ITGB6;ITGB8;LTBP1;LTBP2;LTBP3;LTBP4;MTMR4;NEDD4L;NEDD8;PMEPA1;PPP1CA;PPP1CB;PPP1CC;PPP1R15A;RPS27A;SMAD2;SMAD3;SMAD4;SMAD7;SMURF1;SMURF2;STRAP;STUB1;TGFB1;TGFB2;TGFB3;TGFBR1;TGFBR2;TGFBR3;UBA52;UBB;UBC;UBE2M;UCHL5;USP15;XPO1;ZFYVE9	S:BAMBI;CBL;ITGA8;ITGB1;ITGB3;ITGB5;ITGB6;ITGB8;LTBP1;LTBP2;MTMR4;PMEPA1;PPP1CA;PPP1CC;RPS27A;SMAD2;SMAD3;SMAD4;SMURF2;STRAP;TGFB2;TGFB3;TGFBR2;TGFBR3;UBC;UCHL5;USP15;XPO1;ZFYVE9
S:REACTOME_POU5F1_OCT4_SOX2_NANOG_ACTIVATE_GENES_RELATED_TO_PROLIFERATION	D:12	S:DPPA4;EPHA1;FGF2;FOXD3;NANOG;NR6A1;POU5F1;SALL1;SALL4;SOX2;STAT3;ZIC3	S:FOXD3;NANOG;POU5F1;SALL1;SALL4;SOX2;STAT3
S:REACTOME_HYALURONAN_METABOLISM	D:18	S:ABCC5;CD44;GUSB;HAS1;HAS2;HAS3;HEXA;HEXB;HMMR;HYAL1;HYAL2;HYAL3;HYAL4;LYVE1;SLC17A5;SLC9A1;SPAM1;STAB2	S:ABCC5;CD44;GUSB;HAS1;HAS3;HEXA;HEXB;HMMR;LYVE1;SLC17A5;STAB2
S:REACTOME_LANOSTEROL_BIOSYNTHESIS	D:13	S:ACAT2;FDFT1;FDPS;GGPS1;HMGCR;HMGCS1;IDI1;IDI2;LSS;MVD;MVK;PMVK;SQLE	S:FDFT1;FDPS;IDI1;LSS;MVD;PMVK
S:REACTOME_REGULATION_OF_SIGNALING_BY_CBL	D:22	S:BLNK;CBL;CRK;CRKL;FYN;GRB2;HCK;LYN;PIK3CA;PIK3CB;PIK3CD;PIK3R1;PIK3R2;PIK3R3;RAPGEF1;RPS27A;SYK;UBA52;UBB;UBC;VAV1;YES1	S:BLNK;CBL;FYN;GRB2;LYN;PIK3CA;PIK3CB;PIK3R1;PIK3R3;RPS27A;SYK;UBC;VAV1;YES1
S:REACTOME_NFE2L2_REGULATING_TUMORIGENIC_GENES	D:11	S:AREG;BCL2;BCL2L1;CREBBP;EGF;EP300;MAFK;NFE2L2;NOTCH1;PDGFA;SP1	S:AREG;CREBBP;EGF;EP300;NFE2L2;NOTCH1;PDGFA
S:REACTOME_PARACETAMOL_ADME	D:25	S:ABCC1;ABCC2;ABCC3;ABCC4;ABCC5;ABCG2;ACY1;CNDP2;CYP2E1;GGT1;GGT5;GGT6;GGT7;GSTM1;GSTP1;GSTT1;NAT1;NAT2;SULT1A1;SULT1A4;SULT1C4;SULT1E1;SULT2A1;UGT1A6;UGT2B15	S:ABCC1;ABCC3;ABCC4;ABCG2;ACY1;CNDP2;GGT1;GGT5;GSTM1;SULT1A1;SULT1C4;SULT2A1;UGT1A6
S:REACTOME_NRAGE_SIGNALS_DEATH_THROUGH_JNK	D:57	S:AATF;ABR;AKAP13;ARHGEF1;ARHGEF10;ARHGEF10L;ARHGEF11;ARHGEF12;ARHGEF15;ARHGEF16;ARHGEF17;ARHGEF18;ARHGEF19;ARHGEF2;ARHGEF26;ARHGEF3;ARHGEF35;ARHGEF37;ARHGEF38;ARHGEF4;ARHGEF40;ARHGEF5;ARHGEF6;ARHGEF7;ARHGEF9;BAD;BCL2L11;ECT2;FGD1;FGD2;FGD3;FGD4;GNA13;ITSN1;KALRN;MAGED1;MAPK8;MCF2;MCF2L;NET1;NGEF;NGF;NGFR;OBSCN;PLEKHG2;PLEKHG5;PREX1;RAC1;RASGRF2;SOS1;SOS2;TIAM1;TIAM2;TRIO;VAV1;VAV2;VAV3	S:AATF;ABR;AKAP13;ARHGEF10;ARHGEF10L;ARHGEF12;ARHGEF17;ARHGEF18;ARHGEF26;ARHGEF3;ARHGEF35;ARHGEF38;ARHGEF4;ARHGEF5;ARHGEF6;ARHGEF7;ARHGEF9;FGD3;FGD4;GNA13;ITSN1;MAGED1;MAPK8;MCF2;MCF2L;NET1;NGEF;NGFR;PLEKHG2;PREX1;RAC1;SOS1;SOS2;TRIO;VAV1;VAV2;VAV3
S:REACTOME_NEGATIVE_REGULATION_OF_NOTCH4_SIGNALING	D:43	S:ADRM1;AKT1;CUL1;FBXW7;NOTCH4;PSMA1;PSMA2;PSMA3;PSMA4;PSMA5;PSMA6;PSMA7;PSMB1;PSMB2;PSMB3;PSMB4;PSMB5;PSMB6;PSMB7;PSMC1;PSMC2;PSMC3;PSMC4;PSMC5;PSMC6;PSMD1;PSMD11;PSMD12;PSMD13;PSMD14;PSMD2;PSMD3;PSMD6;PSMD7;PSMD8;RBX1;RPS27A;SKP1;TACC3;UBA52;UBB;UBC;YWHAZ	S:CUL1;FBXW7;PSMA1;PSMA3;PSMA4;PSMA5;PSMA6;PSMA7;PSMB1;PSMB2;PSMB3;PSMB4;PSMC5;PSMC6;PSMD1;PSMD11;PSMD12;PSMD14;PSMD2;PSMD3;PSMD6;PSMD7;RPS27A;TACC3;UBC;YWHAZ
S:REACTOME_PENTOSE_PHOSPHATE_PATHWAY	D:14	S:DERA;G6PD;PGD;PGLS;PGM2;PRPS1;PRPS1L1;PRPS2;RBKS;RPE;RPIA;SHPK;TALDO1;TKT	S:DERA;PGM2;PRPS1;PRPS1L1;PRPS2;RBKS;RPE;SHPK;TALDO1;TKT
S:REACTOME_SIGNALING_BY_FGFR	D:88	S:BRAF;CBL;ESRP1;ESRP2;FGF1;FGF10;FGF16;FGF17;FGF18;FGF19;FGF2;FGF20;FGF22;FGF23;FGF3;FGF4;FGF5;FGF6;FGF7;FGF8;FGF9;FGFBP1;FGFBP2;FGFBP3;FGFR1;FGFR2;FGFR3;FGFR4;FGFRL1;FLRT1;FLRT2;FLRT3;FRS2;FRS3;GAB1;GALNT3;GIPC1;GRB2;GTF2F1;GTF2F2;HNRNPA1;HNRNPF;HNRNPH1;HNRNPM;HRAS;KL;KLB;KRAS;MAPK1;MAPK3;MKNK1;NCBP1;NCBP2;NRAS;PIK3CA;PIK3R1;PLCG1;POLR2A;POLR2B;POLR2C;POLR2D;POLR2E;POLR2F;POLR2G;POLR2H;POLR2I;POLR2J;POLR2K;POLR2L;PPP2CA;PPP2CB;PPP2R1A;PTBP1;PTPN11;RBFOX2;RPS27A;SHC1;SOS1;SPRED1;SPRED2;SPRY2;SRC;TGFBR3;TIA1;TIAL1;UBA52;UBB;UBC	S:FGF1;FGF10;FGF17;FGF20;FGF22;FGF23;FGF3;FGF4;FGF5;FGF6;FGF8;FGF9;FGFBP1;FGFR3;FGFR4;FGFRL1;FLRT1;FLRT2;FLRT3;FRS2;FRS3;GAB1;GIPC1;HNRNPF;HRAS;KLB;MAPK3;MKNK1;NRAS;POLR2A;POLR2C;POLR2D;POLR2E;POLR2F;POLR2H;POLR2I;POLR2J;PPP2CA;PPP2R1A;PTBP1;RBFOX2;SPRED2;SRC;TIA1;TIAL1;UBA52;UBB
S:REACTOME_BETA_CATENIN_PHOSPHORYLATION_CASCADE	D:16	S:APC;AXIN1;CSNK1A1;CTNNB1;FRAT1;FRAT2;GSK3B;PPP2CA;PPP2CB;PPP2R1A;PPP2R1B;PPP2R5A;PPP2R5B;PPP2R5C;PPP2R5D;PPP2R5E	S:APC;CSNK1A1;GSK3B;PPP2CB;PPP2R1B;PPP2R5A;PPP2R5C;PPP2R5D;PPP2R5E
S:REACTOME_CD28_DEPENDENT_PI3K_AKT_SIGNALING	D:27	S:AKT1;AKT2;AKT3;CD28;CD80;CD86;FYN;LCK;MAP3K14;MAP3K8;MAPKAP1;MLST8;MTOR;PDPK1;PIK3CA;PIK3CB;PIK3CD;PIK3CG;PIK3R1;PIK3R2;PIK3R3;PIK3R5;PIK3R6;PRR5;RICTOR;THEM4;TRIB3	S:AKT2;AKT3;CD28;CD80;FYN;LCK;MAP3K14;MAPKAP1;MTOR;PIK3CA;PIK3CB;PIK3CG;PIK3R1;PIK3R3;PIK3R5;THEM4;TRIB3
S:REACTOME_NON_CANONICAL_INFLAMMASOME_ACTIVATION	D:14	S:CALM1;CALM2;CALM3;CASP3;CASP4;CASP5;GBP1;GBP2;GBP3;GBP4;GSDMD;IL18;IL1B;SERPINB1	S:CALM1;CALM2;CASP3;CASP4;GBP1;GBP2;GBP3;GBP4
S:REACTOME_PLATELET_SENSITIZATION_BY_LDL	D:17	S:APOB;FGR;LRP8;MAPK14;PECAM1;PLA2G4A;PPP2CA;PPP2CB;PPP2R1A;PPP2R1B;PPP2R5A;PPP2R5B;PPP2R5C;PPP2R5D;PPP2R5E;PTPN11;PTPN6	S:APOB;LRP8;PECAM1;PLA2G4A;PPP2CB;PPP2R1B;PPP2R5A;PPP2R5C;PPP2R5D;PPP2R5E;PTPN11
S:REACTOME_PROTEIN_METHYLATION	D:12	S:CALM1;CAMKMT;EEF1A1;EEF2;ETFB;HSPA8;KIN;METTL21A;METTL22;PRMT3;RPS2;VCP	S:CALM1;CAMKMT;HSPA8;KIN;METTL21A;VCP
S:REACTOME_SARS_COV_2_MODULATES_HOST_TRANSLATION_MACHINERY	D:50	S:DDX20;FAU;GEMIN4;GEMIN5;GEMIN6;GEMIN7;GEMIN8;RPS10;RPS11;RPS12;RPS13;RPS14;RPS15;RPS15A;RPS16;RPS17;RPS18;RPS19;RPS2;RPS20;RPS21;RPS23;RPS24;RPS25;RPS26;RPS27;RPS27A;RPS27L;RPS28;RPS29;RPS3;RPS3A;RPS4X;RPS4Y1;RPS4Y2;RPS5;RPS6;RPS7;RPS8;RPS9;RPSA;SMN1;SMN2;SNRPB;SNRPD1;SNRPD2;SNRPD3;SNRPE;SNRPF;SNRPG	S:DDX20;GEMIN4;GEMIN5;GEMIN8;RPS11;RPS13;RPS15;RPS16;RPS18;RPS19;RPS20;RPS21;RPS23;RPS25;RPS26;RPS27A;RPS27L;RPS28;RPS4X;RPS4Y1;RPS4Y2;RPS6;RPS8;SMN1;SMN2;SNRPD1;SNRPD2;SNRPD3;SNRPF
S:REACTOME_SMOOTH_MUSCLE_CONTRACTION	D:40	S:ACTA2;ACTG2;ALDH2;ANXA1;ANXA2;ANXA6;CACNA1G;CACNA1H;CACNA1I;CALD1;CALM1;CAV3;DYSF;GUCY1A2;ITGA1;ITGB5;LMOD1;MYH11;MYL10;MYL12A;MYL12B;MYL5;MYL6;MYL6B;MYL7;MYL9;MYLK;PAK1;PAK2;PDE5A;PXN;SORBS1;SORBS3;TLN1;TPM1;TPM2;TPM3;TPM4;TRIM72;VCL	S:ACTA2;ANXA2;CACNA1H;CALD1;CAV3;DYSF;GUCY1A2;LMOD1;MYL5;MYL6;MYL9;PXN;SORBS1;TLN1;TPM1;TPM2;TRIM72
S:REACTOME_TAK1_DEPENDENT_IKK_AND_NF_KAPPA_B_ACTIVATION	D:44	S:AGER;ALPK1;APP;CASP8;CHUK;HMGB1;IKBIP;IKBKB;IKBKG;IRAK1;IRAK2;LRRC14;MAP3K7;N4BP1;NFKB1;NFKB2;NFKBIA;NFKBIB;NKIRAS1;NKIRAS2;NLRC5;NLRX1;NOD1;NOD2;RELA;RIPK2;RPS27A;S100A12;S100B;SAA1;TAB1;TAB2;TAB3;TIFA;TP53;TRAF2;TRAF6;UBA52;UBB;UBC;UBE2N;UBE2V1;USP14;USP18	S:AGER;ALPK1;CASP8;CHUK;IKBKG;IRAK1;IRAK2;N4BP1;NFKB2;NFKBIB;NKIRAS2;NLRC5;RIPK2;S100A12;S100B;SAA1;TAB1;TIFA;UBA52;UBB;UBE2V1
S:REACTOME_DEVELOPMENTAL_CELL_LINEAGES_OF_THE_INTEGUMENTARY_SYSTEM	D:69	S:ABCG2;ACTA2;ALDH1A1;ALDH1A3;ANKRD30A;AQP3;AREG;CALML5;CASP14;CD24;CD44;CDH1;CNN1;CSN2;CSPG4;DLL1;DLX5;DMKN;EGF;EGFR;ELF5;EPCAM;ERBB2;ESR1;FABP5;FGF10;FLG;GATA3;GJB3;HOPX;ITGA6;ITGB1;ITGB4;IVL;KIT;KLK5;KLK7;KRT1;KRT10;KRT14;KRT15;KRT18;KRT19;KRT24;KRT5;KRT78;KRT8;KRTDAP;LALBA;LGALS7;LGALS7B;LRIG1;MFGE8;MME;MUC1;MYH11;NUMB;PGR;PRL;PRSS3;SLPI;SPINK5;TFAP2A;TFAP2C;TFRC;TGFA;TP63;VIM;YAP1	S:ABCG2;ACTA2;ALDH1A1;ANKRD30A;CALML5;CD24;DLX5;ELF5;EPCAM;FGF10;FLG;ITGB4;KLK7;KRT1;KRT14;KRT15;KRT18;KRT19;KRT24;KRT78;KRT8;KRTDAP;LALBA;LGALS7;LGALS7B;MME;MUC1;NUMB;PGR;SLPI;TFRC;TGFA
S:REACTOME_GLYCOGEN_METABOLISM	D:24	S:AGL;CALM1;EPM2A;GAA;GBE1;GYG1;GYG2;GYS1;GYS2;PGM1;PHKA1;PHKA2;PHKB;PHKG1;PHKG2;PPP1R3C;PYGB;PYGL;PYGM;RPS27A;UBA52;UBB;UBC;UGP2	S:AGL;CALM1;EPM2A;GAA;GBE1;GYG2;GYS1;PGM1;PHKB;PHKG1;PPP1R3C;RPS27A;UBC;UGP2
S:REACTOME_INSERTION_OF_TAIL_ANCHORED_PROTEINS_INTO_THE_ENDOPLASMIC_RETICULUM_MEMBRANE	D:20	S:ALDH3A2;APP;BAG6;CAMLG;CYB5A;EMD;GET4;HMOX1;OTOF;PRNP;SEC61B;SEC61G;SERP1;SGTA;STX1A;STX5;UBE2J2;UBL4A;VAMP2;VAPA	S:BAG6;EMD;GET4;OTOF;SERP1;SGTA;STX5;UBE2J2;UBL4A;VAMP2;VAPA
S:REACTOME_KEAP1_NFE2L2_PATHWAY	D:110	S:ABCC1;ABCC3;ABCF2;ABCG2;ADRM1;AKT1;AKT2;AKT3;AREG;ATF4;BACH1;BCL2;BCL2L1;BRCA1;BTRC;CCL2;CDKN1A;CDKN2A;CHD6;CREBBP;CSNK2A1;CSNK2A2;CSNK2B;CUL1;CUL3;DPP3;EGF;EIF2AK3;EP300;FBXL17;G6PD;GCLC;GCLM;GSK3B;GSR;GSTA1;GSTA3;HMOX1;IDH1;KEAP1;MAFG;MAFK;MAP1LC3B;ME1;MUL1;MYC;NFE2L2;NFKB1;NOTCH1;NPLOC4;NQO1;PALB2;PDGFA;PGD;PRDX1;PRKAA2;PRKCD;PRKCI;PSMA1;PSMA2;PSMA3;PSMA4;PSMA5;PSMA6;PSMA7;PSMB1;PSMB2;PSMB3;PSMB4;PSMB5;PSMB6;PSMB7;PSMC1;PSMC2;PSMC3;PSMC4;PSMC5;PSMC6;PSMD1;PSMD11;PSMD12;PSMD13;PSMD14;PSMD2;PSMD3;PSMD6;PSMD7;PSMD8;RBX1;RELA;RPS27A;SESN1;SESN2;SKP1;SKP2;SLC7A11;SOD3;SP1;SQSTM1;SRXN1;TALDO1;TKT;TRIM21;TXN;TXNRD1;UBA52;UBB;UBC;UBXN7;VCP	S:ABCF2;AKT2;AKT3;AREG;ATF4;BACH1;BRCA1;BTRC;CCL2;CDKN2A;CHD6;CREBBP;CSNK2A1;CSNK2B;CUL1;CUL3;DPP3;EGF;EIF2AK3;EP300;FBXL17;GCLM;GSK3B;GSR;GSTA3;HMOX1;KEAP1;MAFG;ME1;MYC;NFE2L2;NFKB1;NOTCH1;NQO1;PALB2;PDGFA;PRDX1;PRKCI;PSMA1;PSMA3;PSMA4;PSMA5;PSMA6;PSMA7;PSMB1;PSMB2;PSMB3;PSMB4;PSMC5;PSMC6;PSMD1;PSMD11;PSMD12;PSMD14;PSMD2;PSMD3;PSMD6;PSMD7;RELA;RPS27A;SESN1;SESN2;SKP2;SOD3;TALDO1;TKT;UBC;UBXN7;VCP
S:REACTOME_APC_C_CDC20_MEDIATED_DEGRADATION_OF_CYCLIN_B	D:23	S:ANAPC1;ANAPC10;ANAPC11;ANAPC16;ANAPC2;ANAPC4;ANAPC5;ANAPC7;CCNB1;CDC16;CDC20;CDC23;CDC26;CDC27;CDK1;RPS27A;UBA52;UBB;UBC;UBE2C;UBE2D1;UBE2E1;UBE2S	S:ANAPC1;ANAPC10;ANAPC11;ANAPC16;ANAPC4;ANAPC5;ANAPC7;CCNB1;CDC23;CDC26;CDC27;CDK1;RPS27A;UBC;UBE2E1
S:REACTOME_CELL_SURFACE_INTERACTIONS_AT_THE_VASCULAR_WALL	D:137	S:ANGPT1;ANGPT2;ANGPT4;APOB;ATP1B1;ATP1B2;ATP1B3;BSG;CAV1;CD177;CD2;CD244;CD44;CD47;CD48;CD58;CD74;CD84;CD99;CD99L2;CEACAM1;CEACAM3;CEACAM5;CEACAM6;CEACAM8;COL1A1;COL1A2;CXADR;DOK2;EPCAM;ESAM;F11R;F2;FCAMR;FCER1G;FN1;FYN;GAS6;GLG1;GP6;GPC1;GRB14;GRB2;GRB7;GYPA;GYPB;GYPC;HRAS;IGHA1;IGLL1;IGLV6-57;INPP5D;ITGA3;ITGA4;ITGA5;ITGA6;ITGAL;ITGAM;ITGAV;ITGAX;ITGB1;ITGB2;ITGB3;JAM2;JAM3;KRAS;L1CAM;LCK;LYN;MAG;MERTK;MIF;MMP1;NRAS;OLR1;PECAM1;PF4;PF4V1;PICK1;PIK3CA;PIK3CB;PIK3R1;PIK3R2;PLCG1;PPIA;PPIL2;PROC;PROCR;PROS1;PSG1;PSG11;PSG2;PSG3;PSG4;PSG5;PSG6;PSG7;PSG8;PSG9;PTPN11;PTPN6;SDC1;SDC2;SDC3;SDC4;SELE;SELL;SELP;SELPLG;SHC1;SIRPA;SIRPG;SLC16A1;SLC16A3;SLC16A8;SLC3A2;SLC7A10;SLC7A11;SLC7A5;SLC7A6;SLC7A7;SLC7A8;SLC7A9;SOS1;SPN;SRC;TEK;TGFB1;THBD;TNFRSF10A;TNFRSF10B;TNFRSF10D;TREM1;TSPAN7;VPREB1;VPREB3;YES1	S:ANGPT2;ATP1B2;BSG;CD177;CD244;CD48;CD58;CD74;CD99L2;CEACAM3;CEACAM5;CEACAM6;CEACAM8;COL1A1;CXADR;DOK2;EPCAM;ESAM;FCAMR;FCER1G;FN1;GAS6;GYPA;GYPB;GYPC;HRAS;ITGA5;ITGAV;ITGAX;JAM2;MAG;MMP1;NRAS;OLR1;PICK1;PIK3R2;PPIA;PSG2;PSG3;PSG4;PSG7;PTPN6;SDC1;SELL;SELP;SIRPA;SLC16A1;SLC16A8;SLC3A2;SLC7A10;SLC7A11;SLC7A5;SLC7A7;SRC;TGFB1;TNFRSF10A;TNFRSF10B;TNFRSF10D;TREM1;TSPAN7;VPREB1
S:REACTOME_REGULATION_OF_MITF_M_DEPENDENT_GENES_INVOLVED_IN_PIGMENTATION	D:42	S:ACTB;ACTL6A;AKT2;ARID1A;ARID1B;BCL7A;BCL7B;BCL7C;CREB1;CTNNB1;DCT;DPF1;DPF2;DPF3;GPR143;IRF4;LEF1;MAPK14;MITF;MLANA;MLPH;MYO5A;MYRIP;PMEL;RAB27A;SMARCA2;SMARCA4;SMARCB1;SMARCC1;SMARCC2;SMARCD1;SMARCD2;SMARCD3;SMARCE1;SOX10;SS18;SS18L1;SYTL2;TFAP2A;TYR;TYRP1;USF1	S:ACTB;ACTL6A;AKT2;ARID1A;BCL7A;CREB1;DPF2;DPF3;IRF4;LEF1;MITF;MYO5A;MYRIP;SMARCA2;SMARCA4;SMARCC1;SMARCC2;SMARCD1;SMARCE1;SOX10;SS18;SS18L1;SYTL2;TFAP2A
S:REACTOME_TRANSCRIPTIONAL_REGULATION_BY_VENTX	D:35	S:ANAPC1;ANAPC10;ANAPC11;ANAPC16;ANAPC2;ANAPC4;ANAPC5;ANAPC7;CCND1;CDC16;CDC23;CDC26;CDC27;CDKN2A;CEBPB;CSF1R;CTNNB1;EHMT1;EHMT2;FZR1;IL6;LEF1;MOV10;NFKB1;RELA;TCF7L2;TNRC6A;TNRC6B;TNRC6C;TP53;UBE2C;UBE2D1;UBE2E1;UBE2S;VENTX	S:ANAPC1;ANAPC10;ANAPC11;ANAPC16;ANAPC4;ANAPC5;ANAPC7;CCND1;CDC23;CDC26;CDC27;CDKN2A;CSF1R;EHMT1;EHMT2;IL6;LEF1;MOV10;NFKB1;RELA;TNRC6A;TNRC6B;TNRC6C;TP53;UBE2E1
S:REACTOME_ACTIVATION_OF_BH3_ONLY_PROTEINS	D:30	S:AKT1;AKT2;AKT3;BAD;BBC3;BCL2;BCL2L11;BID;BMF;DYNLL1;DYNLL2;E2F1;MAPK8;PMAIP1;PPP1R13B;PPP3CC;PPP3R1;SFN;TFDP1;TFDP2;TP53;TP53BP2;TP63;TP73;YWHAB;YWHAE;YWHAG;YWHAH;YWHAQ;YWHAZ	S:AKT2;AKT3;BBC3;BID;DYNLL1;E2F1;MAPK8;PMAIP1;PPP1R13B;PPP3CC;TFDP2;TP53;TP53BP2;TP63;TP73;YWHAB;YWHAG;YWHAH;YWHAQ;YWHAZ
S:REACTOME_DECTIN_2_FAMILY	D:24	S:CLEC10A;CLEC4A;CLEC4C;CLEC4D;CLEC4E;FCER1G;FYN;LYN;MUC1;MUC12;MUC13;MUC15;MUC16;MUC17;MUC20;MUC3A;MUC4;MUC5AC;MUC5B;MUC6;MUC7;MUCL1;PLCG2;SYK	S:CLEC4A;CLEC4D;FCER1G;MUC1;MUC12;MUC13;MUC17;MUC4;MUC5AC;MUC5B;MUC6
S:REACTOME_KSRP_KHSRP_BINDS_AND_DESTABILIZES_MRNA	D:17	S:AKT1;DCP2;DIS3;EXOSC1;EXOSC2;EXOSC3;EXOSC4;EXOSC5;EXOSC6;EXOSC7;EXOSC8;EXOSC9;KHSRP;MAPK11;MAPK14;PARN;YWHAZ	S:DCP2;DIS3;EXOSC1;EXOSC2;EXOSC3;EXOSC4;EXOSC5;EXOSC7;EXOSC8;EXOSC9;KHSRP;PARN;YWHAZ
S:REACTOME_SPHINGOLIPID_METABOLISM	D:89	S:A4GALT;ABCC1;ABCG2;ACER1;ACER3;ALDH3A2;ALDH3B1;ALDH3B2;ARSA;ARSB;ARSD;ARSF;ARSG;ARSI;ARSJ;ARSK;ASAH1;ASAH2;B3GALNT1;B3GALT4;B3GNT5;B4GALNT1;B4GALT5;B4GALT6;CERK;CSNK1G2;CTSA;CYB5B;DEGS1;ENPP7;FA2H;FUT1;FUT2;GAL3ST1;GALC;GBA2;GBA3;GLA;GLB1;GLB1L;GLB1L2;GLB1L3;GM2A;HEXA;HEXB;KDSR;M6PR;NEU1;NEU2;NEU3;NEU4;ORMDL1;ORMDL2;ORMDL3;OSBP;PPM1L;PRKD1;PRKD2;PRKD3;PSAP;SAMD8;SGMS1;SGMS2;SGPL1;SGPP1;SGPP2;SMPD1;SMPD2;SMPD3;SMPD4;SPHK1;SPHK2;SPNS2;SPTLC1;SPTLC2;SPTLC3;ST3GAL2;ST3GAL3;ST3GAL5;ST6GALNAC5;ST6GALNAC6;ST8SIA5;STS;SUMF1;SUMF2;UGCG;UGT8;VAPA;VAPB	S:A4GALT;ABCC1;ABCG2;ACER1;ACER3;ALDH3B1;ALDH3B2;ARSA;ARSI;ASAH1;ASAH2;B3GALNT1;B3GNT5;B4GALNT1;B4GALT5;CERK;CSNK1G2;DEGS1;ENPP7;FUT2;GBA2;GLB1;GLB1L;GM2A;M6PR;NEU1;ORMDL3;PRKD2;SGMS2;SMPD1;SMPD2;SMPD3;SPHK1;ST3GAL2;ST3GAL3;ST6GALNAC5;ST6GALNAC6;UGCG;VAPA;VAPB
S:REACTOME_SYNTHESIS_OF_BILE_ACIDS_AND_BILE_SALTS_VIA_7ALPHA_HYDROXYCHOLESTEROL	D:22	S:ABCB11;ACOT8;ACOX2;AKR1C1;AKR1C3;AKR1C4;AKR1D1;AMACR;BAAT;CYP27A1;CYP7A1;CYP7B1;CYP8B1;HSD17B4;HSD3B7;NCOA1;NCOA2;NR1H4;RXRA;SCP2;SLC27A2;SLC27A5	S:ACOX2;AKR1C1;AKR1C3;AKR1C4;AMACR;BAAT;CYP27A1;CYP7A1;HSD17B4;NCOA1;NCOA2;NR1H4;SCP2;SLC27A2;SLC27A5
S:REACTOME_TCF_DEPENDENT_SIGNALING_IN_RESPONSE_TO_WNT	D:158	S:ADRM1;AKT1;AKT2;APC;ASH2L;AXIN1;AXIN2;BCL9;BCL9L;BTRC;CAV1;CBY1;CCDC88C;CDC73;CHD8;CREBBP;CSNK1A1;CSNK1E;CSNK1G2;CSNK2A1;CSNK2A2;CSNK2B;CTBP1;CTNNB1;CTNNBIP1;CUL3;CXXC4;DACT1;DKK1;DKK2;DKK4;DPY30;DVL1;DVL2;DVL3;EP300;FRAT1;FRAT2;FZD1;FZD2;FZD4;FZD5;FZD6;FZD8;GSK3B;HDAC1;HECW1;KAT5;KLHL12;KREMEN1;KREMEN2;LEF1;LEO1;LGR4;LGR5;LGR6;LRP5;LRP6;MEN1;MYC;PIP5K1B;PPP2CA;PPP2CB;PPP2R1A;PPP2R1B;PPP2R5A;PPP2R5B;PPP2R5C;PPP2R5D;PPP2R5E;PSMA1;PSMA2;PSMA3;PSMA4;PSMA5;PSMA6;PSMA7;PSMB1;PSMB2;PSMB3;PSMB4;PSMB5;PSMB6;PSMB7;PSMC1;PSMC2;PSMC3;PSMC4;PSMC5;PSMC6;PSMD1;PSMD11;PSMD12;PSMD13;PSMD14;PSMD2;PSMD3;PSMD6;PSMD7;PSMD8;PYGO1;PYGO2;RBBP5;RBX1;RNF146;RNF43;RPS27A;RSPO1;RSPO2;RSPO3;RUNX3;RUVBL1;RYK;SFRP1;SFRP2;SMARCA4;SMURF2;SOST;SOX13;SOX17;SOX2;SOX3;SOX4;SOX6;SOX7;SOX9;SRY;TCF4;TCF7;TCF7L1;TCF7L2;TERT;TLE1;TLE2;TLE3;TLE4;TNKS;TNKS2;TRRAP;UBA52;UBB;UBC;USP34;USP8;WDR5;WIF1;WNT1;WNT3;WNT3A;WNT4;WNT5A;WNT8A;WNT8B;WNT9A;XIAP;XPO1;YWHAZ;ZNRF3	S:AKT2;APC;ASH2L;AXIN2;BCL9;BCL9L;BTRC;CAV1;CBY1;CCDC88C;CDC73;CHD8;CREBBP;CSNK1A1;CSNK1E;CSNK2A1;CSNK2B;CTNNBIP1;CUL3;CXXC4;DACT1;DKK2;DKK4;DPY30;DVL1;EP300;FZD1;FZD6;GSK3B;HDAC1;KAT5;KLHL12;LEF1;LEO1;LGR4;LGR5;LGR6;LRP5;MEN1;MYC;PIP5K1B;PPP2CB;PPP2R1B;PPP2R5A;PPP2R5C;PPP2R5D;PPP2R5E;PSMA1;PSMA3;PSMA4;PSMA5;PSMA6;PSMA7;PSMB1;PSMB2;PSMB3;PSMB4;PSMC5;PSMC6;PSMD1;PSMD11;PSMD12;PSMD14;PSMD2;PSMD3;PSMD6;PSMD7;RBBP5;RNF146;RPS27A;RSPO1;RUNX3;RUVBL1;RYK;SMARCA4;SMURF2;SOX4;TCF4;TCF7;TLE1;TLE2;TLE4;TNKS;TNKS2;TRRAP;UBC;USP34;USP8;WDR5;WNT1;WNT8A;WNT8B;WNT9A;XIAP;XPO1;YWHAZ;ZNRF3
S:REACTOME_NEGATIVE_REGULATION_OF_ACTIVITY_OF_TFAP2_AP_2_FAMILY_TRANSCRIPTION_FACTORS	D:10	S:KCTD1;KCTD15;SUMO1;TFAP2A;TFAP2B;TFAP2C;TFAP2D;TFAP2E;UBE2I;WWOX	S:KCTD15;SUMO1;TFAP2B;TFAP2D;TFAP2E
S:REACTOME_METALLOTHIONEINS_BIND_METALS	D:11	S:MT1A;MT1B;MT1E;MT1F;MT1G;MT1H;MT1M;MT1X;MT2A;MT3;MT4	S:MT1B;MT1E;MT1G;MT1H;MT1M;MT3;MT4
S:REACTOME_PLATELET_CALCIUM_HOMEOSTASIS	D:28	S:ATP2A1;ATP2A2;ATP2A3;ATP2B1;ATP2B2;ATP2B3;ATP2B4;CALM1;ITPR1;ITPR2;ITPR3;ORAI1;ORAI2;P2RX1;P2RX2;P2RX3;P2RX4;P2RX5;P2RX6;P2RX7;SLC8A1;SLC8A2;SLC8A3;SRI;STIM1;TRPC3;TRPC6;TRPC7	S:ATP2B2;ATP2B3;ATP2B4;ORAI1;ORAI2;P2RX1;P2RX2;P2RX3;P2RX4;P2RX7;SLC8A1;TRPC3;TRPC6
S:REACTOME_PROGRAMMED_CELL_DEATH	D:185	S:ACIN1;ADD1;ADRM1;AKT1;AKT2;AKT3;APAF1;APC;APIP;APPL1;ARHGAP10;AVEN;BAD;BAK1;BAX;BBC3;BCAP31;BCL2;BCL2L1;BCL2L11;BID;BIRC2;BIRC3;BMF;BMX;C1QBP;CARD8;CASP1;CASP3;CASP4;CASP5;CASP6;CASP7;CASP8;CASP9;CD14;CDC37;CDH1;CDKN2A;CFLAR;CHMP2A;CHMP2B;CHMP4A;CHMP4B;CHMP4C;CHMP6;CHMP7;CLSPN;CTNNB1;CYCS;DAPK1;DAPK2;DAPK3;DBNL;DCC;DFFA;DFFB;DIABLO;DNM1L;DSG1;DSG2;DSG3;DSP;DYNLL1;DYNLL2;E2F1;ELANE;FADD;FAS;FASLG;FLOT1;FLOT2;FNTA;GAS2;GSDMD;GSN;GZMB;HMGB1;HMGB2;HSP90AA1;IL18;IL1A;IL1B;IRF1;IRF2;ITCH;KPNA1;KPNB1;LMNA;LMNB1;LY96;MAGED1;MAPK1;MAPK3;MAPK8;MAPT;MLKL;NMT1;OCLN;OGT;OMA1;OPA1;PAK2;PDCD6IP;PELI1;PKP1;PLEC;PMAIP1;PPP1R13B;PPP3CC;PPP3R1;PRKCD;PRKCQ;PSMA1;PSMA2;PSMA3;PSMA4;PSMA5;PSMA6;PSMA7;PSMB1;PSMB2;PSMB3;PSMB4;PSMB5;PSMB6;PSMB7;PSMC1;PSMC2;PSMC3;PSMC4;PSMC5;PSMC6;PSMD1;PSMD11;PSMD12;PSMD13;PSMD14;PSMD2;PSMD3;PSMD6;PSMD7;PSMD8;PTK2;RIPK1;RIPK3;ROCK1;RPS27A;SATB1;SDCBP;SFN;SPTAN1;STAT3;STK24;STUB1;TFDP1;TFDP2;TICAM1;TJP1;TJP2;TLR4;TNFRSF10A;TNFRSF10B;TNFSF10;TP53;TP53BP2;TP63;TP73;TRADD;TRAF2;UACA;UBA52;UBB;UBC;UBE2L3;UNC5A;UNC5B;VIM;XIAP;YWHAB;YWHAE;YWHAG;YWHAH;YWHAQ;YWHAZ	S:ACIN1;AKT2;AKT3;APC;APPL1;ARHGAP10;AVEN;BBC3;BCAP31;BID;BIRC3;BMX;C1QBP;CARD8;CASP3;CASP4;CASP6;CASP7;CASP9;CD14;CDH1;CDKN2A;CHMP2A;CHMP2B;CHMP4A;CLSPN;CYCS;DAPK2;DFFA;DFFB;DIABLO;DNM1L;DSG1;DSP;DYNLL1;E2F1;FADD;FAS;FASLG;FNTA;GAS2;GZMB;HMGB1;HMGB2;HSP90AA1;ITCH;KPNA1;KPNB1;LMNA;MAGED1;MAPK1;MAPK8;MAPT;NMT1;OCLN;OMA1;OPA1;PAK2;PDCD6IP;PELI1;PKP1;PMAIP1;PPP1R13B;PPP3CC;PRKCQ;PSMA1;PSMA3;PSMA4;PSMA5;PSMA6;PSMA7;PSMB1;PSMB2;PSMB3;PSMB4;PSMC5;PSMC6;PSMD1;PSMD11;PSMD12;PSMD14;PSMD2;PSMD3;PSMD6;PSMD7;PTK2;RIPK1;ROCK1;RPS27A;SATB1;SDCBP;TFDP2;TICAM1;TJP2;TP53;TP53BP2;TP63;TP73;TRADD;TRAF2;UACA;UBC;VIM;XIAP;YWHAB;YWHAG;YWHAH;YWHAQ;YWHAZ
S:REACTOME_METAL_ION_SLC_TRANSPORTERS	D:41	S:CALM1;CP;HEPH;SLC11A1;SLC11A2;SLC24A1;SLC24A2;SLC24A3;SLC24A4;SLC30A1;SLC30A10;SLC30A2;SLC30A3;SLC30A5;SLC30A8;SLC31A1;SLC39A1;SLC39A10;SLC39A14;SLC39A2;SLC39A3;SLC39A4;SLC39A5;SLC39A6;SLC39A7;SLC39A8;SLC40A1;SLC41A1;SLC41A2;SLC8A1;SLC8A2;SLC8A3;SLC9A1;SLC9A2;SLC9A3;SLC9A5;SLC9A6;SLC9A7;SLC9A8;SLC9A9;SRI	S:CALM1;CP;SLC24A1;SLC24A2;SLC24A3;SLC30A1;SLC30A10;SLC30A5;SLC30A8;SLC31A1;SLC39A10;SLC39A14;SLC39A4;SLC39A6;SLC39A7;SLC39A8;SLC40A1;SLC41A1;SLC41A2;SLC8A2;SLC8A3;SLC9A3;SLC9A5;SLC9A6;SLC9A7;SLC9A9;SRI
S:REACTOME_MET_ACTIVATES_PTK2_SIGNALING	D:30	S:COL11A1;COL11A2;COL1A1;COL1A2;COL24A1;COL27A1;COL2A1;COL3A1;COL5A1;COL5A2;COL5A3;FN1;HGF;ITGA2;ITGA3;ITGB1;LAMA1;LAMA2;LAMA3;LAMA4;LAMA5;LAMB1;LAMB2;LAMB3;LAMC1;LAMC2;LAMC3;MET;PTK2;SRC	S:COL11A1;COL1A1;COL24A1;COL27A1;COL2A1;COL3A1;FN1;LAMA1;LAMA3;LAMA4;LAMA5;LAMB2;LAMC2;LAMC3;SRC
S:REACTOME_PHOSPHOLIPID_METABOLISM	D:195	S:ABHD3;ABHD4;ACHE;ACP6;AGK;AGPAT1;AGPAT2;AGPAT3;AGPAT4;AGPAT5;ALPI;ARF1;ARF3;BCHE;BMX;CDIPT;CDS1;CDS2;CEPT1;CHAT;CHKA;CHKB;CHPT1;CPNE1;CPNE3;CPNE6;CPNE7;CRLS1;CSNK2A1;CSNK2A2;CSNK2B;DDHD1;DDHD2;DGAT1;DGAT2;ENPP6;ETNK1;ETNK2;FIG4;GDE1;GDPD1;GDPD3;GDPD5;GNPAT;GPAM;GPAT2;GPCPD1;GPD1;GPD1L;GPD2;HADHA;HADHB;INPP4A;INPP4B;INPP5D;INPP5E;INPP5F;INPP5J;INPP5K;INPPL1;LCLAT1;LIPH;LIPI;LPCAT1;LPCAT2;LPCAT3;LPCAT4;LPGAT1;LPIN1;LPIN2;LPIN3;MBOAT1;MBOAT2;MBOAT7;MFSD2A;MGLL;MTM1;MTMR1;MTMR10;MTMR12;MTMR14;MTMR2;MTMR3;MTMR4;MTMR6;MTMR7;MTMR8;MTMR9;OCRL;OSBPL10;OSBPL5;OSBPL8;PCTP;PCYT1A;PCYT1B;PCYT2;PEMT;PGP;PGS1;PHOSPHO1;PI4K2A;PI4K2B;PI4KA;PI4KB;PIK3C2A;PIK3C2B;PIK3C2G;PIK3C3;PIK3CA;PIK3CB;PIK3CD;PIK3CG;PIK3R1;PIK3R2;PIK3R3;PIK3R4;PIK3R5;PIK3R6;PIKFYVE;PIP4K2A;PIP4K2B;PIP4K2C;PIP5K1A;PIP5K1B;PIP5K1C;PISD;PITPNB;PITPNM1;PITPNM2;PITPNM3;PLA1A;PLA2G10;PLA2G12A;PLA2G15;PLA2G1B;PLA2G2A;PLA2G2D;PLA2G2E;PLA2G2F;PLA2G3;PLA2G4A;PLA2G4C;PLA2G4D;PLA2G4F;PLA2G5;PLA2G6;PLA2R1;PLB1;PLBD1;PLD1;PLD2;PLD3;PLD4;PLD6;PLEKHA1;PLEKHA2;PLEKHA3;PLEKHA4;PLEKHA5;PLEKHA6;PLEKHA8;PNPLA2;PNPLA3;PNPLA6;PNPLA7;PNPLA8;PTDSS1;PTDSS2;PTEN;PTPMT1;PTPN13;RAB14;RAB4A;RAB5A;RUFY1;SACM1L;SBF1;SBF2;SLC44A1;SLC44A2;SLC44A3;SLC44A4;SLC44A5;STARD10;STARD7;SYNJ1;SYNJ2;TMEM86B;TNFAIP8;TNFAIP8L1;TNFAIP8L2;TNFAIP8L3;TPTE;TPTE2;VAC14	S:ABHD3;ABHD4;ACHE;AGPAT1;AGPAT2;AGPAT3;CDIPT;CDS2;CEPT1;CHAT;CHKA;CHKB;CHPT1;CPNE1;CPNE6;CPNE7;CRLS1;CSNK2A2;DGAT1;DGAT2;ENPP6;FIG4;GDE1;GDPD3;GDPD5;GPAT2;GPCPD1;GPD1;HADHA;INPP4A;INPP5J;INPP5K;INPPL1;LIPH;LPCAT2;LPCAT3;LPCAT4;LPIN3;MBOAT2;MBOAT7;MFSD2A;MTMR10;MTMR7;MTMR8;OSBPL8;PCTP;PCYT2;PEMT;PGP;PGS1;PHOSPHO1;PIK3CD;PIK3R2;PIK3R6;PIP4K2A;PIP4K2C;PIP5K1A;PIP5K1C;PISD;PITPNM1;PITPNM3;PLA1A;PLA2G10;PLA2G15;PLA2G2A;PLA2G2D;PLA2G2F;PLA2G4D;PLA2G5;PLA2G6;PLA2R1;PLB1;PLD1;PLD2;PLD3;PLD4;PLEKHA2;PLEKHA3;PLEKHA6;PLEKHA8;PNPLA2;PNPLA3;PNPLA6;PTEN;RAB4A;RAB5A;SLC44A2;SLC44A4;STARD10;TMEM86B;TNFAIP8L1;TNFAIP8L2;TNFAIP8L3
S:REACTOME_INTRINSIC_PATHWAY_FOR_APOPTOSIS	D:53	S:AKT1;AKT2;AKT3;APAF1;APIP;AVEN;BAD;BAK1;BAX;BBC3;BCL2;BCL2L1;BCL2L11;BID;BMF;C1QBP;CARD8;CASP3;CASP7;CASP8;CASP9;CDKN2A;CYCS;DIABLO;DYNLL1;DYNLL2;E2F1;GSDMD;GZMB;MAPK1;MAPK3;MAPK8;NMT1;PMAIP1;PPP1R13B;PPP3CC;PPP3R1;SFN;STAT3;TFDP1;TFDP2;TP53;TP53BP2;TP63;TP73;UACA;XIAP;YWHAB;YWHAE;YWHAG;YWHAH;YWHAQ;YWHAZ	S:AKT2;AKT3;AVEN;BBC3;BID;C1QBP;CARD8;CASP3;CASP7;CASP9;CDKN2A;CYCS;DIABLO;DYNLL1;E2F1;GZMB;MAPK1;MAPK8;NMT1;PMAIP1;PPP1R13B;PPP3CC;TFDP2;TP53;TP53BP2;TP63;TP73;UACA;XIAP;YWHAB;YWHAG;YWHAH;YWHAQ;YWHAZ
S:REACTOME_RECOGNITION_AND_ASSOCIATION_OF_DNA_GLYCOSYLASE_WITH_SITE_CONTAINING_AN_AFFECTED_PURINE	D:10	S:ACD;MPG;MUTYH;NEIL3;OGG1;POT1;TERF1;TERF2;TERF2IP;TINF2	S:ACD;OGG1;POT1;TERF1;TERF2;TERF2IP;TINF2
S:REACTOME_HIV_TRANSCRIPTION_ELONGATION	D:34	S:CCNH;CCNT1;CDK7;CDK9;CTDP1;ELL;ERCC2;ERCC3;GTF2F1;GTF2F2;GTF2H1;GTF2H3;GTF2H4;GTF2H5;MNAT1;NCBP1;NCBP2;POLR2A;POLR2B;POLR2C;POLR2D;POLR2E;POLR2F;POLR2G;POLR2H;POLR2I;POLR2J;POLR2K;POLR2L;SSRP1;SUPT16H;SUPT4H1;SUPT5H;TCEA1	S:CCNH;CCNT1;CDK7;ERCC3;GTF2F1;GTF2F2;GTF2H1;GTF2H3;GTF2H4;GTF2H5;MNAT1;NCBP1;NCBP2;POLR2B;POLR2G;POLR2K;POLR2L;SSRP1;SUPT16H;TCEA1
S:REACTOME_ANTI_INFLAMMATORY_RESPONSE_FAVOURING_LEISHMANIA_PARASITE_INFECTION	D:75	S:ADAM17;ADCY1;ADCY2;ADCY3;ADCY4;ADCY5;ADCY6;ADCY7;ADCY8;ADCY9;ADORA2B;AHCYL1;CALM1;CD163;CD247;CD3G;CREB1;CYSLTR1;CYSLTR2;DPEP1;DPEP2;FCGR2A;FCGR3A;FGR;FURIN;FYN;GGT1;GGT5;GNAI1;GNAI2;GNAI3;GNAS;GNAZ;GNB1;GNB2;GNB3;GNB4;GNB5;GNG10;GNG11;GNG12;GNG13;GNG2;GNG3;GNG4;GNG5;GNG7;GNG8;GNGT1;GNGT2;HCK;IGLV6-57;IL10;IL6;ITPR1;ITPR2;ITPR3;LYN;MAPK14;MYH9;PLCG1;PLCG2;PLK2;PRKACA;PRKACB;PRKACG;PRKAR1A;PRKAR1B;PRKAR2A;PRKAR2B;PRKX;RHBDF2;SRC;SYK;YES1	S:ADAM17;ADCY1;ADCY3;ADCY4;ADCY5;ADCY7;ADCY9;ADORA2B;AHCYL1;CALM1;CD163;CD247;CD3G;CREB1;CYSLTR1;CYSLTR2;DPEP1;DPEP2;FCGR3A;FYN;GNAI1;GNAI3;GNAS;GNB1;GNB3;GNB5;GNG2;GNG3;GNG5;GNG7;GNG8;IGLV6-57;IL10;IL6;ITPR1;ITPR2;ITPR3;LYN;MYH9;PLCG1;PLCG2;PLK2;PRKACB;PRKACG;PRKAR2A;PRKAR2B;PRKX;RHBDF2;SYK;YES1
S:REACTOME_SYNAPTIC_ADHESION_LIKE_MOLECULES	D:21	S:DLG1;DLG3;DLG4;FLOT1;FLOT2;GRIA1;GRIA3;GRIA4;GRIN1;GRIN2A;GRIN2B;GRIN2C;GRIN2D;LRFN1;LRFN2;LRFN3;LRFN4;PTPRD;PTPRF;PTPRS;RTN3	S:DLG4;FLOT1;FLOT2;GRIA3;GRIN1;GRIN2A;LRFN4;PTPRD;RTN3
S:REACTOME_OPIOID_SIGNALLING	D:88	S:ADCY1;ADCY2;ADCY3;ADCY4;ADCY5;ADCY6;ADCY7;ADCY8;ADCY9;AHCYL1;CALM1;CAMK2A;CAMK2B;CAMK2D;CAMK2G;CAMK4;CAMKK1;CAMKK2;CDK5;CREB1;GNA11;GNA14;GNA15;GNAI1;GNAI2;GNAI3;GNAL;GNAQ;GNB1;GNB2;GNB3;GNB4;GNB5;GNG10;GNG11;GNG12;GNG13;GNG2;GNG3;GNG4;GNG5;GNG7;GNG8;GNGT1;GNGT2;ITPR1;ITPR2;ITPR3;KPNA2;MAPK1;NBEA;OPRM1;PDE1A;PDE1B;PDE1C;PDE4A;PDE4B;PDE4C;PDE4D;PDYN;PLA2G4A;PLCB1;PLCB2;PLCB3;PLCB4;POMC;PPP1CA;PPP1R1B;PPP2CA;PPP2CB;PPP2R1A;PPP2R1B;PPP2R5D;PPP3CA;PPP3CB;PPP3CC;PPP3R1;PRKACA;PRKACB;PRKACG;PRKAR1A;PRKAR1B;PRKAR2A;PRKAR2B;PRKCA;PRKCD;PRKCG;PRKX	S:ADCY2;ADCY6;ADCY8;CAMKK1;CAMKK2;CDK5;GNA11;GNA14;GNA15;GNAI2;GNAQ;GNB2;GNB4;GNG10;GNG11;GNG12;GNG13;GNG4;GNGT1;GNGT2;OPRM1;PDE1A;PDE1B;PDE1C;PDE4A;PDE4C;PDYN;PLCB2;PLCB3;PLCB4;POMC;PPP2CA;PPP2R1A;PPP3R1;PRKACA;PRKAR1A;PRKAR1B;PRKCD;PRKCG
S:REACTOME_SIGNALING_BY_FLT3_FUSION_PROTEINS	D:19	S:CDKN1A;ETV6;GAB2;GOLGB1;GRB2;HRAS;KRAS;MYO18A;NOX4;NRAS;PIK3CA;PIK3R1;PIM1;SOS1;SPTBN1;STAT5A;STAT5B;TRIP11;ZMYM2	S:CDKN1A;ETV6;GAB2;HRAS;MYO18A;NRAS;PIM1;STAT5A;STAT5B
S:REACTOME_CELL_DEATH_SIGNALLING_VIA_NRAGE_NRIF_AND_NADE	D:73	S:AATF;ABR;AKAP13;APH1A;APH1B;ARHGEF1;ARHGEF10;ARHGEF10L;ARHGEF11;ARHGEF12;ARHGEF15;ARHGEF16;ARHGEF17;ARHGEF18;ARHGEF19;ARHGEF2;ARHGEF26;ARHGEF3;ARHGEF35;ARHGEF37;ARHGEF38;ARHGEF4;ARHGEF40;ARHGEF5;ARHGEF6;ARHGEF7;ARHGEF9;BAD;BCL2L11;CASP2;CASP3;ECT2;FGD1;FGD2;FGD3;FGD4;GNA13;ITGB3BP;ITSN1;KALRN;MAGED1;MAPK8;MCF2;MCF2L;NCSTN;NET1;NGEF;NGF;NGFR;OBSCN;PLEKHG2;PLEKHG5;PREX1;PSEN1;PSEN2;PSENEN;RAC1;RASGRF2;RPS27A;SOS1;SOS2;SQSTM1;TIAM1;TIAM2;TRAF6;TRIO;UBA52;UBB;UBC;VAV1;VAV2;VAV3;YWHAE	S:AATF;ABR;AKAP13;APH1A;APH1B;ARHGEF10;ARHGEF10L;ARHGEF12;ARHGEF17;ARHGEF18;ARHGEF26;ARHGEF3;ARHGEF35;ARHGEF38;ARHGEF4;ARHGEF5;ARHGEF6;ARHGEF7;ARHGEF9;CASP2;CASP3;FGD3;FGD4;GNA13;ITGB3BP;ITSN1;MAGED1;MAPK8;MCF2;MCF2L;NCSTN;NET1;NGEF;NGFR;PLEKHG2;PREX1;PSEN1;PSEN2;RAC1;RPS27A;SOS1;SOS2;TRAF6;TRIO;UBC;VAV1;VAV2;VAV3
S:REACTOME_FORMATION_OF_THE_NON_CANONICAL_BAF_NCBAF_COMPLEX	D:15	S:ACTB;ACTL6A;BCL7A;BCL7B;BCL7C;BRD9;SMARCA2;SMARCA4;SMARCC1;SMARCC2;SMARCD1;SMARCD2;SMARCD3;SS18;SS18L1	S:ACTB;ACTL6A;BCL7A;SMARCA2;SMARCA4;SMARCC1;SMARCC2;SMARCD1;SS18;SS18L1
S:REACTOME_O_LINKED_GLYCOSYLATION_OF_MUCINS	D:55	S:A4GNT;B3GNT2;B3GNT3;B3GNT4;B3GNT5;B3GNT6;B3GNT7;B3GNT8;B3GNT9;B3GNTL1;B4GALT5;B4GALT6;C1GALT1;C1GALT1C1;CHST4;GALNT1;GALNT10;GALNT11;GALNT12;GALNT13;GALNT14;GALNT2;GALNT3;GALNT4;GALNT5;GALNT6;GALNT7;GALNT8;GALNT9;GALNTL5;GCNT1;GCNT3;GCNT4;MUC1;MUC12;MUC13;MUC15;MUC16;MUC17;MUC20;MUC3A;MUC4;MUC5AC;MUC5B;MUC6;MUC7;MUCL1;ST3GAL1;ST3GAL2;ST3GAL3;ST3GAL4;ST6GAL1;ST6GALNAC2;ST6GALNAC3;ST6GALNAC4	S:A4GNT;B3GNT5;B3GNT6;B3GNT7;B3GNT8;B3GNTL1;B4GALT5;C1GALT1C1;GALNT13;GALNT14;GALNT6;GALNT9;GCNT3;MUC1;MUC12;MUC13;MUC17;MUC4;MUC5AC;MUC5B;MUC6;ST3GAL1;ST3GAL2;ST3GAL3;ST3GAL4;ST6GALNAC4
S:REACTOME_SIGNALING_BY_LTK	D:10	S:GRB2;IRS1;LTK;PIK3CA;PIK3CB;PIK3R1;PIK3R2;SHC1;SOS1;TNK2	S:GRB2;IRS1;LTK;PIK3CA;PIK3CB;PIK3R1;SHC1;SOS1
S:REACTOME_SYNTHESIS_OF_BILE_ACIDS_AND_BILE_SALTS_VIA_24_HYDROXYCHOLESTEROL	D:12	S:AKR1C1;AKR1C3;AKR1C4;AKR1D1;AMACR;CYP27A1;CYP39A1;CYP46A1;CYP8B1;HSD3B7;SLC27A2;SLC27A5	S:AKR1C1;AKR1C3;AKR1C4;AMACR;CYP27A1;CYP46A1;SLC27A2;SLC27A5
S:REACTOME_TRANSCRIPTIONAL_REGULATION_BY_SMALL_RNAS	D:15	S:IPO8;POLR2A;POLR2B;POLR2C;POLR2D;POLR2E;POLR2F;POLR2G;POLR2H;POLR2I;POLR2J;POLR2K;POLR2L;RAN;TNRC6A	S:POLR2A;POLR2C;POLR2D;POLR2E;POLR2F;POLR2H;POLR2I;POLR2J
S:REACTOME_INCRETIN_SYNTHESIS_SECRETION_AND_INACTIVATION	D:22	S:CDX2;CTNNB1;DPP4;FFAR1;GATA4;GCG;GIP;GNB1;GNB3;GNG13;GPR119;GRP;ISL1;LEP;PAX6;PCSK1;SEC11A;SEC11C;SPCS1;SPCS2;SPCS3;TCF7L2	S:CDX2;CTNNB1;FFAR1;GATA4;GNG13;GPR119;ISL1;LEP;PAX6;PCSK1;TCF7L2
S:REACTOME_VISUAL_PHOTOTRANSDUCTION	D:96	S:ABCA4;AGRN;AKR1B10;AKR1C1;AKR1C3;AKR1C4;APOA1;APOA2;APOA4;APOB;APOC2;APOC3;APOE;APOM;BCO2;CALM1;CAMKMT;CLPS;CNGA1;CNGB1;CYP4V2;DHRS3;DHRS9;FNTA;FNTB;GNAT1;GNB1;GNB5;GNGT1;GPC1;GPC2;GPC3;GPC4;GPC5;GPC6;GPIHBP1;GRK1;GRK4;GRK7;GUCA1A;GUCA1B;GUCA1C;GUCY2D;GUCY2F;HSD17B1;HSD17B6;HSPG2;LDLR;LPL;LRAT;LRP1;LRP10;LRP12;LRP2;LRP8;METAP1;METAP2;MYO7A;NMT1;NMT2;OPN1LW;OPN1MW;OPN1SW;PDE6A;PDE6B;PDE6G;PLB1;PNLIP;PPEF1;PRKCA;PRKCQ;RBP1;RBP2;RBP4;RCVRN;RDH10;RDH11;RDH12;RDH16;RDH5;RDH8;RETSAT;RGS9;RGS9BP;RHO;RLBP1;RPE65;SAG;SDC1;SDC2;SDC3;SDC4;SDR9C7;SLC24A1;STRA6;TTR	S:ABCA4;AGRN;AKR1B10;APOA1;APOA2;APOA4;APOE;APOM;CLPS;CNGA1;GNGT1;GPC4;GPC5;GPC6;GPIHBP1;GRK4;GRK7;GUCA1A;GUCA1C;GUCY2D;GUCY2F;HSD17B1;LDLR;LRAT;LRP1;LRP10;LRP2;MYO7A;OPN1LW;OPN1MW;PDE6A;PDE6G;PLB1;PNLIP;RBP2;RBP4;RDH16;RDH5;RDH8;RHO;RLBP1;RPE65;SDC1;SDR9C7;TTR
S:REACTOME_SIGNALING_BY_CYTOSOLIC_FGFR1_FUSION_MUTANTS	D:17	S:BCR;CNTRL;CPSF6;CUX1;FGFR1OP2;GAB2;GRB2;LRRFIP1;MYO18A;PIK3CA;PIK3R1;STAT1;STAT3;STAT5A;STAT5B;TRIM24;ZMYM2	S:BCR;CNTRL;CPSF6;CUX1;GRB2;LRRFIP1;PIK3CA;PIK3R1;STAT1;TRIM24;ZMYM2
S:REACTOME_REGULATION_OF_IFNG_SIGNALING	D:14	S:IFNG;IFNGR1;IFNGR2;JAK1;JAK2;PIAS1;PTPN1;PTPN11;PTPN2;PTPN6;SOCS1;SOCS3;STAT1;SUMO1	S:IFNG;IFNGR1;JAK1;PIAS1;PTPN1;PTPN11;PTPN2;SOCS1;STAT1
S:REACTOME_ASYMMETRIC_LOCALIZATION_OF_PCP_PROTEINS	D:49	S:ADRM1;DVL2;FZD1;FZD2;FZD3;FZD4;FZD5;FZD7;FZD8;PARD6A;PRICKLE1;PSMA1;PSMA2;PSMA3;PSMA4;PSMA5;PSMA6;PSMA7;PSMB1;PSMB2;PSMB3;PSMB4;PSMB5;PSMB6;PSMB7;PSMC1;PSMC2;PSMC3;PSMC4;PSMC5;PSMC6;PSMD1;PSMD11;PSMD12;PSMD13;PSMD14;PSMD2;PSMD3;PSMD6;PSMD7;PSMD8;RPS27A;SCRIB;SMURF1;SMURF2;UBA52;UBB;UBC;WNT5A	S:FZD1;FZD3;FZD7;PRICKLE1;PSMA1;PSMA3;PSMA4;PSMA5;PSMA6;PSMA7;PSMB1;PSMB2;PSMB3;PSMB4;PSMC5;PSMC6;PSMD1;PSMD11;PSMD12;PSMD14;PSMD2;PSMD3;PSMD6;PSMD7;RPS27A;SCRIB;SMURF2;UBC
S:REACTOME_GLYCOSPHINGOLIPID_CATABOLISM	D:36	S:ARSA;ARSB;ARSD;ARSF;ARSG;ARSI;ARSJ;ARSK;ASAH1;ASAH2;CTSA;ENPP7;GALC;GBA2;GBA3;GLA;GLB1;GLB1L;GLB1L2;GLB1L3;GM2A;HEXA;HEXB;M6PR;NEU1;NEU2;NEU3;NEU4;PSAP;SMPD1;SMPD2;SMPD3;SMPD4;STS;SUMF1;SUMF2	S:ARSA;ARSI;ASAH1;ASAH2;ENPP7;GBA2;GLB1;GLB1L;GM2A;M6PR;NEU1;SMPD1;SMPD2;SMPD3
S:REACTOME_ACTIVATION_OF_BAD_AND_TRANSLOCATION_TO_MITOCHONDRIA	D:15	S:AKT1;AKT2;AKT3;BAD;BCL2;BID;PPP3CC;PPP3R1;SFN;YWHAB;YWHAE;YWHAG;YWHAH;YWHAQ;YWHAZ	S:AKT2;AKT3;BID;PPP3CC;YWHAB;YWHAG;YWHAH;YWHAQ;YWHAZ
S:REACTOME_CARGO_CONCENTRATION_IN_THE_ER	D:32	S:AREG;CD59;CNIH2;CNIH3;COL7A1;CTSC;CTSZ;F5;F8;FOLR1;GOSR2;GRIA1;LMAN1;LMAN1L;LMAN2;LMAN2L;MCFD2;MIA2;MIA3;PREB;SAR1B;SEC22B;SEC23A;SEC24A;SEC24B;SEC24C;SEC24D;SERPINA1;STX5;TGFA;TMED10;TMED2	S:AREG;CNIH3;COL7A1;F8;GOSR2;GRIA1;LMAN1;LMAN2;MCFD2;MIA3;PREB;SAR1B;SEC22B;SEC23A;SEC24A;SEC24B;SEC24C;SEC24D;TMED10
S:REACTOME_PKA_MEDIATED_PHOSPHORYLATION_OF_CREB	D:20	S:ADCY1;ADCY2;ADCY3;ADCY4;ADCY5;ADCY6;ADCY7;ADCY8;ADCY9;CALM1;CREB1;NBEA;PRKACA;PRKACB;PRKACG;PRKAR1A;PRKAR1B;PRKAR2A;PRKAR2B;PRKX	S:ADCY1;ADCY3;ADCY4;ADCY5;ADCY7;ADCY9;CALM1;CREB1;NBEA;PRKACB;PRKACG;PRKAR2A;PRKAR2B;PRKX
S:REACTOME_REGULATION_OF_GENE_EXPRESSION_BY_HYPOXIA_INDUCIBLE_FACTOR	D:11	S:ARNT;CA9;CITED2;CREBBP;EP300;EPAS1;EPO;HIF1A;HIF3A;HIGD1A;VEGFA	S:ARNT;CITED2;CREBBP;EP300;EPAS1;EPO;HIF1A;HIGD1A;VEGFA
S:REACTOME_TRANSFERRIN_ENDOCYTOSIS_AND_RECYCLING	D:31	S:ATP6AP1;ATP6V0A1;ATP6V0A2;ATP6V0A4;ATP6V0B;ATP6V0C;ATP6V0D1;ATP6V0D2;ATP6V0E1;ATP6V0E2;ATP6V1A;ATP6V1B1;ATP6V1B2;ATP6V1C1;ATP6V1C2;ATP6V1D;ATP6V1E1;ATP6V1E2;ATP6V1F;ATP6V1G1;ATP6V1G2;ATP6V1G3;ATP6V1H;HFE;MCOLN1;STEAP3;STEAP4;TCIRG1;TF;TFR2;TFRC	S:ATP6AP1;ATP6V0A4;ATP6V0B;ATP6V0C;ATP6V0D1;ATP6V0D2;ATP6V0E1;ATP6V0E2;ATP6V1C2;ATP6V1E1;ATP6V1G2;MCOLN1;STEAP3;TFR2;TFRC
S:REACTOME_INTERLEUKIN_3_INTERLEUKIN_5_AND_GM_CSF_SIGNALING	D:48	S:BLNK;CBL;CRK;CRKL;CSF2;CSF2RA;CSF2RB;FYN;GAB2;GRB2;HCK;IL2;IL2RA;IL2RB;IL2RG;IL3;IL3RA;IL5;IL5RA;INPP5D;INPPL1;JAK1;JAK2;JAK3;LYN;PIK3CA;PIK3CB;PIK3CD;PIK3R1;PIK3R2;PIK3R3;PRKACA;PTPN11;PTPN6;RAPGEF1;RPS27A;SHC1;SOS1;STAT5A;STAT5B;SYK;TEC;UBA52;UBB;UBC;VAV1;YES1;YWHAZ	S:CRK;CRKL;CSF2RA;CSF2RB;GAB2;HCK;IL2;IL2RG;IL5;IL5RA;INPPL1;JAK2;JAK3;PIK3CD;PIK3R2;PRKACA;PTPN6;RAPGEF1;STAT5A;STAT5B;UBA52;UBB
S:REACTOME_SIGNALING_BY_FGFR2_IN_DISEASE	D:43	S:FGF1;FGF10;FGF16;FGF17;FGF18;FGF2;FGF20;FGF22;FGF23;FGF3;FGF4;FGF5;FGF6;FGF7;FGF8;FGF9;FGFR2;FRS2;GAB1;GRB2;GTF2F1;GTF2F2;HRAS;KRAS;NCBP1;NCBP2;NRAS;PIK3CA;PIK3R1;PLCG1;POLR2A;POLR2B;POLR2C;POLR2D;POLR2E;POLR2F;POLR2G;POLR2H;POLR2I;POLR2J;POLR2K;POLR2L;SOS1	S:FGF1;FGF10;FGF17;FGF20;FGF22;FGF23;FGF3;FGF4;FGF5;FGF6;FGF8;FGF9;FRS2;GAB1;HRAS;NRAS;POLR2A;POLR2C;POLR2D;POLR2E;POLR2F;POLR2H;POLR2I;POLR2J
S:REACTOME_SYNTHESIS_OF_IP3_AND_IP4_IN_THE_CYTOSOL	D:26	S:CALM1;INPP5B;INPP5D;INPP5J;INPPL1;ITPK1;ITPKA;ITPKB;ITPKC;OCRL;PLCB1;PLCB2;PLCB3;PLCB4;PLCD1;PLCD3;PLCD4;PLCE1;PLCG1;PLCG2;PLCH1;PLCH2;PLCZ1;PLD4;PTEN;SYNJ1	S:CALM1;INPP5B;INPP5D;ITPK1;ITPKB;OCRL;PLCB1;PLCD1;PLCD4;PLCG1;PLCG2;PLCH1;PLCH2;PLCZ1;SYNJ1
S:REACTOME_ACTIVATION_OF_THE_PHOTOTRANSDUCTION_CASCADE	D:11	S:CNGA1;CNGB1;GNAT1;GNB1;GNGT1;PDE6A;PDE6B;PDE6G;RHO;SAG;SLC24A1	S:CNGA1;GNGT1;PDE6A;PDE6G;RHO
S:REACTOME_APOPTOTIC_FACTOR_MEDIATED_RESPONSE	D:18	S:APAF1;APIP;AVEN;BAK1;BAX;C1QBP;CARD8;CASP3;CASP7;CASP9;CDKN2A;CYCS;DIABLO;GSDMD;MAPK1;MAPK3;UACA;XIAP	S:AVEN;C1QBP;CARD8;CASP3;CASP7;CASP9;CDKN2A;CYCS;DIABLO;MAPK1;UACA;XIAP
S:REACTOME_DEVELOPMENTAL_LINEAGE_OF_MAMMARY_STEM_CELLS	D:15	S:ALDH1A1;ALDH1A3;CD44;CDH1;DLX5;EPCAM;ERBB2;FGF10;GATA3;ITGA6;ITGB1;KRT5;TFAP2A;TFAP2C;TP63	S:ALDH1A3;CD44;CDH1;ERBB2;GATA3;ITGA6;ITGB1;KRT5;TFAP2A;TFAP2C;TP63
S:REACTOME_MITF_M_REGULATED_MELANOCYTE_DEVELOPMENT	D:147	S:ACTB;ACTL6A;AIMP1;AIMP2;AKT2;AKT3;ALX3;ARID1A;ARID1B;ASAH1;ATP6AP2;ATP6V0A1;ATP6V0B;ATP6V0C;ATP6V0D1;ATP6V0E1;ATP6V0E2;ATP6V1A;ATP6V1B2;ATP6V1C1;ATP6V1D;ATP6V1E1;ATP6V1F;ATP6V1G1;ATP6V1H;BCL2;BCL2A1;BCL7A;BCL7B;BCL7C;BIRC7;BRCA1;CCNB1;CCND1;CDC25B;CDH1;CDH2;CDK2;CDKN1A;CDKN2A;CEACAM1;CREB1;CREBBP;CSF1;CTNNB1;DCT;DIAPH1;DICER1;DPF1;DPF2;DPF3;EDIL3;EDN1;EDN3;EDNRB;EEF1E1;EP300;FOXD3;GMPR;GPR143;GSK3B;GXYLT2;HDAC1;HINT1;ID1;IRF4;ITGA2;KIT;KITLG;LEF1;LIG1;MAPK1;MAPK14;MAPK3;MARK3;MC1R;MC3R;MC4R;MC5R;MCM2;MCM5;MET;MITF;MLANA;MLPH;MOV10;MYO5A;MYRIP;PAX3;PLK1;PMEL;POMC;POU3F2;PPARGC1A;PXDN;PXN;RAB27A;RPS6KA1;SERPINE1;SIN3A;SIRT1;SMARCA2;SMARCA4;SMARCB1;SMARCC1;SMARCC2;SMARCD1;SMARCD2;SMARCD3;SMARCE1;SNAI2;SOX10;SOX2;SOX9;SS18;SS18L1;STT3B;SUMO1;SYTL2;TBX2;TBX3;TCF7;TCF7L1;TCF7L2;TERT;TFAP2A;TFE3;TFEB;TFEC;TNFSF11;TNRC6A;TNRC6B;TNRC6C;TRPM1;TYR;TYRP1;UBE2I;USF1;WNT3A;XPO1;YWHAB;YWHAE;YWHAG;YWHAH;YWHAZ;ZEB1;ZIC1	S:ACTB;ACTL6A;AIMP1;AIMP2;AKT2;AKT3;ALX3;ARID1A;ATP6AP2;ATP6V0A1;ATP6V1A;ATP6V1B2;ATP6V1C1;ATP6V1D;ATP6V1F;ATP6V1G1;ATP6V1H;BCL7A;BIRC7;BRCA1;CCNB1;CCND1;CDC25B;CDH1;CDKN2A;CEACAM1;CREB1;CREBBP;CSF1;DIAPH1;DICER1;DPF2;DPF3;EDN1;EEF1E1;EP300;GSK3B;GXYLT2;HDAC1;IRF4;ITGA2;KIT;LEF1;LIG1;MAPK1;MC1R;MC3R;MC4R;MC5R;MCM2;MCM5;MET;MITF;MOV10;MYO5A;MYRIP;PLK1;POU3F2;PPARGC1A;SERPINE1;SIN3A;SIRT1;SMARCA2;SMARCA4;SMARCC1;SMARCC2;SMARCD1;SMARCE1;SOX10;SS18;SS18L1;STT3B;SYTL2;TBX3;TCF7;TFAP2A;TFEC;TNRC6A;TNRC6B;TNRC6C;UBE2I;XPO1;YWHAB;YWHAG;YWHAH;YWHAZ;ZEB1
S:REACTOME_TRANSCRIPTIONAL_REGULATION_BY_RUNX2	D:104	S:ABL1;ADRM1;AKT1;AKT2;AKT3;AR;BAX;BGLAP;BMP2;CBFB;CCNB1;CCND1;CDK1;CDK4;CDKN1A;COL1A1;CUL1;DLX5;DLX6;ESR1;ESRRA;GLI2;GLI3;GSK3B;HAND2;HDAC3;HDAC4;HDAC6;HES1;HEY1;HEY2;HIVEP3;ITGA5;ITGBL1;LGALS3;MAF;MAPK1;MAPK3;MMP13;MSX2;NKX3-2;NR3C1;PPARGC1A;PPARGC1B;PPM1D;PSMA1;PSMA2;PSMA3;PSMA4;PSMA5;PSMA6;PSMA7;PSMB1;PSMB2;PSMB3;PSMB4;PSMB5;PSMB6;PSMB7;PSMC1;PSMC2;PSMC3;PSMC4;PSMC5;PSMC6;PSMD1;PSMD11;PSMD12;PSMD13;PSMD14;PSMD2;PSMD3;PSMD6;PSMD7;PSMD8;RB1;RBM14;RBX1;RPS27A;RUNX1;RUNX2;SATB2;SKP1;SKP2;SMAD1;SMAD4;SMAD6;SMURF1;SOX9;SP7;SRC;STAT1;STUB1;TWIST1;TWIST2;UBA52;UBB;UBC;UCMA;WWP1;WWTR1;YAP1;YES1;ZNF521	S:ABL1;AKT2;AKT3;CBFB;CCNB1;CCND1;CDK1;CDK4;CUL1;DLX6;ESR1;ESRRA;GSK3B;HAND2;HDAC3;HEY1;HEY2;HIVEP3;MAF;MAPK1;MMP13;NR3C1;PPARGC1A;PPARGC1B;PPM1D;PSMA1;PSMA3;PSMA4;PSMA5;PSMA6;PSMA7;PSMB1;PSMB2;PSMB3;PSMB4;PSMC5;PSMC6;PSMD1;PSMD11;PSMD12;PSMD14;PSMD2;PSMD3;PSMD6;PSMD7;RB1;RBM14;RPS27A;RUNX1;RUNX2;SATB2;SKP2;SMAD1;SMAD4;SMAD6;STAT1;TWIST2;UBC;UCMA;WWP1;YAP1;YES1
S:REACTOME_PEXOPHAGY	D:11	S:ATM;EPAS1;MAP1LC3B;NBR1;PEX5;RPS27A;SQSTM1;UBA52;UBB;UBC;USP30	S:ATM;EPAS1;NBR1;PEX5;RPS27A;UBC;USP30
S:REACTOME_PI3K_AKT_SIGNALING_IN_CANCER	D:112	S:AKT1;AKT1S1;AKT2;AKT3;AREG;BAD;BDNF;BTC;CASP9;CD19;CD28;CD80;CD86;CDKN1A;CDKN1B;CHUK;CREB1;EGF;EGFR;EPGN;ERBB2;ERBB3;ERBB4;EREG;ESR1;ESR2;FGF1;FGF10;FGF16;FGF17;FGF18;FGF19;FGF2;FGF20;FGF22;FGF23;FGF3;FGF4;FGF5;FGF6;FGF7;FGF8;FGF9;FGFR1;FGFR2;FGFR3;FGFR4;FLT3;FLT3LG;FOXO1;FOXO3;FOXO4;FRS2;FYN;GAB1;GAB2;GRB2;GSK3A;GSK3B;HBEGF;HGF;ICOS;IRS1;IRS2;KIT;KITLG;KL;KLB;LCK;MAPKAP1;MDM2;MET;MLST8;MTOR;NR4A1;NRG1;NRG2;NRG3;NRG4;NTF3;NTF4;NTRK2;NTRK3;PDGFA;PDGFB;PDGFRA;PDGFRB;PDPK1;PIK3AP1;PIK3CA;PIK3CB;PIK3CD;PIK3CG;PIK3R1;PIK3R2;PIK3R3;PIK3R5;PIK3R6;PRR5;PTEN;PTPN11;RAC1;RAC2;RHOG;RICTOR;RPS6KB2;SRC;STRN;TGFA;TRAT1;TSC2;VAV1	S:AKT1;AKT1S1;BAD;BDNF;BTC;CD86;CDKN1A;CHUK;EPGN;ERBB3;EREG;FGF1;FGF10;FGF17;FGF20;FGF22;FGF23;FGF3;FGF4;FGF5;FGF6;FGF8;FGF9;FGFR3;FGFR4;FOXO3;FOXO4;FRS2;GAB1;GAB2;KITLG;KLB;MLST8;NR4A1;NRG1;NRG2;NRG4;NTF3;NTF4;NTRK2;PDPK1;PIK3AP1;PIK3CD;PIK3R2;PIK3R6;PRR5;PTEN;RHOG;RICTOR;RPS6KB2;SRC;TGFA;TSC2
S:REACTOME_RND3_GTPASE_CYCLE	D:40	S:ANKRD26;ARHGAP21;ARHGAP5;CAV1;CCDC88A;CKAP4;CKB;CPD;DDX4;DEPDC1B;DLG5;DSG1;DSP;DST;EPHA2;FAM83B;FLOT2;KCTD13;KTN1;LEMD3;MUC13;NISCH;PICALM;PIK3R1;PIK3R2;PKP4;PLEKHG5;PTPN13;RASAL2;RBMX;RND3;ROCK1;SCRIB;SEMA4F;TMOD3;TNFAIP1;TXNL1;UBXN11;VANGL1;WDR6	S:ANKRD26;ARHGAP21;ARHGAP5;CAV1;CKAP4;CKB;DEPDC1B;DLG5;DSG1;DSP;DST;FAM83B;KCTD13;KTN1;LEMD3;PIK3R1;PKP4;PTPN13;RASAL2;RBMX;ROCK1;SCRIB;SEMA4F;TMOD3;TNFAIP1;VANGL1;WDR6
S:REACTOME_TRANSLATION_OF_SARS_COV_2_STRUCTURAL_PROTEINS	D:60	S:CANX;CSNK1A1;DAD1;DDOST;EDEM2;FUT8;GALNT1;GANAB;GOLGA7;GSK3A;GSK3B;MAGT1;MAN1B1;MAN2A1;MGAT1;MGAT2;MGAT4A;MGAT4B;MGAT4C;MGAT5;MOGS;OST4;OSTC;PARP10;PARP14;PARP16;PARP4;PARP6;PARP8;PARP9;PRKCSH;PRMT1;RPN1;RPN2;RPS27A;SRPK1;SRPK2;ST3GAL1;ST3GAL2;ST3GAL3;ST3GAL4;ST6GAL1;ST6GALNAC2;ST6GALNAC3;ST6GALNAC4;STT3A;STT3B;SUMO1;TUSC3;UBA52;UBB;UBC;UBE2I;ZDHHC11;ZDHHC2;ZDHHC20;ZDHHC3;ZDHHC5;ZDHHC8;ZDHHC9	S:CANX;CSNK1A1;DAD1;DDOST;FUT8;GALNT1;GANAB;GOLGA7;GSK3A;GSK3B;MAGT1;MAN2A1;MGAT1;MGAT2;MGAT4A;MGAT5;OSTC;PARP14;PARP16;PARP8;PRMT1;RPN1;RPN2;RPS27A;SRPK1;SRPK2;ST6GAL1;ST6GALNAC2;ST6GALNAC3;STT3A;STT3B;TUSC3;UBC;UBE2I;ZDHHC11;ZDHHC20
S:REACTOME_SIGNALING_BY_CSF3_G_CSF	D:28	S:CSF3;CSF3R;CUL5;GAB2;GRB2;HCK;JAK1;JAK2;KRAS;LYN;PTPN11;RNF7;RPS27A;SHC1;SOCS1;SOCS3;STAT1;STAT3;STAT5A;STAT5B;SYK;TYK2;UBA52;UBB;UBC;UBE2D1;UBE2D2;UBE2D3	S:CSF3;CSF3R;GAB2;HCK;JAK2;SOCS3;STAT3;STAT5A;STAT5B;TYK2;UBA52;UBB;UBE2D1
S:REACTOME_IRON_UPTAKE_AND_TRANSPORT	D:58	S:ABCG2;ACO1;ATP6AP1;ATP6V0A1;ATP6V0A2;ATP6V0A4;ATP6V0B;ATP6V0C;ATP6V0D1;ATP6V0D2;ATP6V0E1;ATP6V0E2;ATP6V1A;ATP6V1B1;ATP6V1B2;ATP6V1C1;ATP6V1C2;ATP6V1D;ATP6V1E1;ATP6V1E2;ATP6V1F;ATP6V1G1;ATP6V1G2;ATP6V1G3;ATP6V1H;CAND1;CP;CUL1;CYBRD1;FBXL5;FLVCR1;FTH1;FTL;FTMT;GLRX3;HEPH;HFE;HMOX1;HMOX2;IREB2;LCN2;MCOLN1;NEDD8;RPS27A;SKP1;SLC11A2;SLC22A17;SLC40A1;SLC46A1;STEAP3;STEAP4;TCIRG1;TF;TFR2;TFRC;UBA52;UBB;UBC	S:ABCG2;ATP6AP1;ATP6V0A4;ATP6V0B;ATP6V0C;ATP6V0D1;ATP6V0D2;ATP6V0E1;ATP6V0E2;ATP6V1C2;ATP6V1E1;ATP6V1G2;CYBRD1;FTL;HEPH;LCN2;MCOLN1;NEDD8;SKP1;SLC11A2;SLC22A17;STEAP3;TFR2;TFRC;UBA52;UBB
S:REACTOME_ABC_TRANSPORTERS_IN_LIPID_HOMEOSTASIS	D:18	S:ABCA10;ABCA12;ABCA2;ABCA3;ABCA5;ABCA6;ABCA7;ABCA9;ABCD1;ABCD2;ABCD3;ABCG1;ABCG4;ABCG5;ABCG8;APOA1;PEX19;PEX3	S:ABCA10;ABCA12;ABCA3;ABCA5;ABCD2;ABCD3;ABCG1;ABCG4;ABCG5;PEX19;PEX3
S:REACTOME_EPH_EPHRIN_SIGNALING	D:91	S:ACTB;ACTG1;ACTR2;ACTR3;ADAM10;AP2A1;AP2A2;AP2B1;AP2M1;AP2S1;APH1A;APH1B;ARHGEF7;ARPC1A;ARPC1B;ARPC2;ARPC3;ARPC4;ARPC5;CDC42;CFL1;CLTA;CLTB;CLTC;CLTCL1;DNM1;EFNA1;EFNA2;EFNA3;EFNA4;EFNA5;EFNB1;EFNB2;EFNB3;EPHA1;EPHA10;EPHA2;EPHA3;EPHA4;EPHA5;EPHA6;EPHA7;EPHA8;EPHB1;EPHB2;EPHB3;EPHB4;EPHB6;FYN;GIT1;GRIN1;GRIN2B;HRAS;ITSN1;KALRN;LIMK1;LIMK2;LYN;MMP2;MMP9;MYH10;MYH11;MYH14;MYH9;MYL12A;MYL12B;MYL6;MYL9;NCK2;NCSTN;NGEF;PAK1;PAK2;PAK3;PSEN1;PSEN2;PSENEN;PTK2;RAC1;RASA1;RHOA;ROCK1;ROCK2;SDC2;SDCBP;SRC;TIAM1;VAV2;VAV3;WASL;YES1	S:AP2A1;AP2A2;AP2B1;AP2M1;AP2S1;ARPC4;CFL1;CLTCL1;DNM1;EFNA1;EFNA3;EFNA5;EFNB2;EFNB3;EPHA10;EPHA2;EPHA3;EPHA5;EPHA6;EPHA7;EPHB3;GIT1;GRIN1;HRAS;KALRN;LIMK1;LIMK2;MYH14;MYL6;MYL9;NCK2;PSENEN;SRC;TIAM1;WASL
S:REACTOME_HEDGEHOG_ON_STATE	D:70	S:ADRM1;ARRB1;ARRB2;BOC;CDC73;CDON;CSNK1A1;CUL3;DHH;DZIP1;EFCAB7;EVC;EVC2;GAS1;GAS8;GLI1;GLI2;GLI3;GPR161;HHIP;IQCE;ITCH;KIF3A;KIF7;NUMB;PSMA1;PSMA2;PSMA3;PSMA4;PSMA5;PSMA6;PSMA7;PSMB1;PSMB2;PSMB3;PSMB4;PSMB5;PSMB6;PSMB7;PSMC1;PSMC2;PSMC3;PSMC4;PSMC5;PSMC6;PSMD1;PSMD11;PSMD12;PSMD13;PSMD14;PSMD2;PSMD3;PSMD6;PSMD7;PSMD8;PTCH1;PTCH2;RBX1;RPS27A;SHH;SMO;SMURF1;SMURF2;SPOP;SPOPL;SUFU;UBA52;UBB;UBC;ULK3	S:BOC;CDC73;CSNK1A1;CUL3;EFCAB7;EVC;EVC2;GAS1;GAS8;GLI1;IQCE;ITCH;KIF3A;PSMA1;PSMA3;PSMA4;PSMA5;PSMA6;PSMA7;PSMB1;PSMB2;PSMB3;PSMB4;PSMC5;PSMC6;PSMD1;PSMD11;PSMD12;PSMD14;PSMD2;PSMD3;PSMD6;PSMD7;RPS27A;SMURF2;SPOP;SPOPL;SUFU;UBC
S:REACTOME_REGULATION_OF_KIT_SIGNALING	D:16	S:CBL;FYN;GRB2;KIT;KITLG;LCK;LYN;PRKCA;PTPN6;SH2B2;SH2B3;SOCS1;SOCS6;SOS1;SRC;YES1	S:CBL;FYN;GRB2;KIT;LCK;LYN;PRKCA;SOCS1;SOCS6;SOS1;YES1
S:REACTOME_SEMAPHORIN_INTERACTIONS	D:63	S:ARHGEF11;ARHGEF12;CD72;CDK5;CDK5R1;CFL1;CRMP1;DPYSL2;DPYSL3;DPYSL4;DPYSL5;ERBB2;FARP2;FES;FYN;GSK3B;HSP90AA1;HSP90AB1;ITGA1;ITGB1;LIMK1;LIMK2;MET;MYH10;MYH11;MYH14;MYH9;MYL12B;MYL6;MYL9;NRP1;PAK1;PAK2;PAK3;PIP5K1C;PLXNA1;PLXNA2;PLXNA3;PLXNA4;PLXNB1;PLXNB3;PLXNC1;PLXND1;PTPRC;RAC1;RHOA;RHOB;RHOC;RND1;ROCK1;ROCK2;RRAS;SEMA3A;SEMA3E;SEMA4A;SEMA4D;SEMA5A;SEMA6A;SEMA6D;SEMA7A;TLN1;TREM2;TYROBP	S:ARHGEF11;CDK5;CFL1;CRMP1;FARP2;FES;LIMK1;LIMK2;MYH14;MYL6;MYL9;PIP5K1C;PLXNA2;PLXNA3;PLXNC1;PLXND1;RHOC;RRAS;SEMA3A;SEMA3E;SEMA4A;SEMA6A;SEMA7A;TLN1
S:REACTOME_COOPERATION_OF_PDCL_PHLP1_AND_TRIC_CCT_IN_G_PROTEIN_BETA_FOLDING	D:38	S:CCT2;CCT3;CCT4;CCT5;CCT6A;CCT6B;CCT7;CCT8;CSNK2A1;CSNK2A2;CSNK2B;GNA11;GNA14;GNA15;GNAQ;GNB1;GNB2;GNB3;GNB4;GNB5;GNG10;GNG11;GNG12;GNG13;GNG2;GNG3;GNG4;GNG5;GNG7;GNG8;GNGT1;GNGT2;PDCL;RGS11;RGS6;RGS7;RGS9;TCP1	S:CSNK2A2;GNA11;GNA14;GNA15;GNAQ;GNB2;GNB4;GNG10;GNG11;GNG12;GNG13;GNG4;GNGT1;GNGT2;RGS6
S:REACTOME_INTEGRIN_CELL_SURFACE_INTERACTIONS	D:85	S:AGRN;BSG;CD44;CD47;CDH1;COL10A1;COL13A1;COL16A1;COL18A1;COL1A1;COL1A2;COL23A1;COL2A1;COL3A1;COL4A1;COL4A2;COL4A3;COL4A4;COL4A5;COL4A6;COL5A1;COL5A2;COL5A3;COL6A1;COL6A2;COL6A3;COL6A5;COL6A6;COL7A1;COL8A1;COL8A2;COL9A1;COL9A2;COL9A3;COMP;F11R;FBN1;FGA;FGB;FGG;FN1;HSPG2;IBSP;ICAM1;ICAM2;ICAM3;ICAM4;ICAM5;ITGA1;ITGA10;ITGA11;ITGA2;ITGA2B;ITGA3;ITGA4;ITGA5;ITGA6;ITGA7;ITGA8;ITGA9;ITGAD;ITGAE;ITGAL;ITGAM;ITGAV;ITGAX;ITGB1;ITGB2;ITGB3;ITGB5;ITGB6;ITGB7;ITGB8;JAM2;JAM3;KDR;LUM;MADCAM1;PECAM1;SPP1;THBS1;TNC;VCAM1;VTN;VWF	S:AGRN;BSG;COL18A1;COL1A1;COL23A1;COL2A1;COL3A1;COL4A1;COL4A2;COL4A5;COL4A6;COL6A1;COL6A2;COL6A3;COL6A5;COL6A6;COL8A1;COL9A1;COL9A2;FBN1;FGA;FGB;FGG;FN1;ICAM1;ICAM4;ITGA10;ITGA2B;ITGA5;ITGA7;ITGAD;ITGAV;ITGAX;JAM2;LUM;MADCAM1;THBS1;TNC;VCAM1;VTN;VWF
S:REACTOME_NUCLEAR_EVENTS_KINASE_AND_TRANSCRIPTION_FACTOR_ACTIVATION	D:61	S:ARC;ASCL1;ATF1;ATF2;CDK5;CDK5R1;CDK5R2;CHD4;CREB1;DNM2;DUSP3;DUSP4;DUSP6;DUSP7;EGR1;EGR2;EGR3;EGR4;ELK1;EP300;F3;FOS;FOSB;FOSL1;ID1;ID2;ID3;ID4;JUNB;JUND;LYL1;MAPK1;MAPK11;MAPK14;MAPK3;MAPK7;MAPKAPK2;MEF2A;MEF2C;MEF2D;NAB1;NAB2;PPP2CA;PPP2CB;PPP2R1A;PPP2R1B;PPP2R5D;REST;RPS6KA1;RPS6KA2;RPS6KA3;RPS6KA5;RRAD;SGK1;SH3GL3;SRF;TCF12;TPH1;TRIB1;VGF;VRK3	S:CDK5;CDK5R2;DNM2;DUSP3;DUSP4;DUSP7;EGR4;FOSL1;ID1;JUNB;LYL1;MAPK11;MAPK14;MAPK3;MAPK7;MAPKAPK2;MEF2A;MEF2D;NAB2;PPP2CA;PPP2R1A;RPS6KA1;RPS6KA2;TPH1;TRIB1;VGF;VRK3
S:REACTOME_RNA_POLYMERASE_III_TRANSCRIPTION_TERMINATION	D:23	S:CRCP;NFIA;NFIB;NFIC;NFIX;POLR1C;POLR1D;POLR2E;POLR2F;POLR2H;POLR2K;POLR2L;POLR3A;POLR3B;POLR3C;POLR3D;POLR3E;POLR3F;POLR3G;POLR3GL;POLR3H;POLR3K;SSB	S:CRCP;NFIC;POLR1C;POLR2K;POLR2L;POLR3A;POLR3B;POLR3D;POLR3E;POLR3F;POLR3G;POLR3GL;POLR3H;POLR3K;SSB
S:REACTOME_SYNTHESIS_OF_VERY_LONG_CHAIN_FATTY_ACYL_COAS	D:20	S:ACSBG1;ACSBG2;ACSF3;ACSL1;ACSL3;ACSL4;ACSL5;ACSL6;ELOVL1;ELOVL2;ELOVL3;ELOVL4;ELOVL5;ELOVL6;ELOVL7;HSD17B12;HSD17B3;SLC27A3;TECR;TECRL	S:ACSBG1;ACSF3;ACSL1;ACSL4;ELOVL1;ELOVL2;ELOVL5;HSD17B3;SLC27A3;TECR;TECRL
S:REACTOME_DEGRADATION_OF_CYSTEINE_AND_HOMOCYSTEINE	D:13	S:ADO;CDO1;CSAD;CTH;ETHE1;FMO1;GOT2;MPST;SLC25A10;SUOX;TST;TSTD1;TXN2	S:CDO1;CSAD;ETHE1;FMO1;MPST;SUOX;TXN2
S:REACTOME_GENE_SILENCING_BY_RNA	D:45	S:ANG;ASZ1;BCDIN3D;DDX4;DGCR8;DICER1;DROSHA;ELAC2;FKBP6;HENMT1;HSP90AA1;IPO8;MAEL;MOV10L1;MYBL1;PIWIL1;PIWIL2;PIWIL4;PLD6;POLR2A;POLR2B;POLR2C;POLR2D;POLR2E;POLR2F;POLR2G;POLR2H;POLR2I;POLR2J;POLR2K;POLR2L;PRKRA;RAN;TARBP2;TDRD1;TDRD12;TDRD6;TDRD9;TDRKH;TNRC6A;TNRC6B;TNRC6C;TSN;TSNAX;XPO5	S:ASZ1;BCDIN3D;DICER1;DROSHA;ELAC2;HSP90AA1;IPO8;MAEL;MYBL1;PLD6;POLR2B;POLR2G;POLR2K;POLR2L;PRKRA;RAN;TDRD12;TDRKH;TNRC6A;TNRC6B;TNRC6C;TSN;TSNAX;XPO5
S:REACTOME_DOWNREGULATION_OF_ERBB2_SIGNALING	D:28	S:AKT1;AKT2;AKT3;BTC;CDC37;CUL5;EGF;EGFR;ERBB2;ERBB3;ERBB4;EREG;HBEGF;HSP90AA1;MATK;NRG1;NRG2;NRG3;NRG4;PTPN12;PTPN18;RNF41;RPS27A;STUB1;UBA52;UBB;UBC;USP8	S:AKT1;BTC;CDC37;ERBB3;EREG;MATK;NRG1;NRG2;NRG4;PTPN18;STUB1;UBA52;UBB
S:REACTOME_MET_ACTIVATES_RAS_SIGNALING	D:11	S:GRB2;HGF;HRAS;KRAS;MET;MUC20;NRAS;RANBP10;RANBP9;SHC1;SOS1	S:GRB2;HGF;KRAS;MET;MUC20;RANBP9;SHC1;SOS1
S:REACTOME_SARS_COV_2_MODULATES_AUTOPHAGY	D:11	S:MAP1LC3B;TUFM;UVRAG;VPS11;VPS16;VPS18;VPS33A;VPS33B;VPS39;VPS41;VPS45	S:MAP1LC3B;VPS16;VPS18;VPS33B;VPS39
S:REACTOME_GOLGI_TO_ER_RETROGRADE_TRANSPORT	D:127	S:ACTR10;ACTR1A;AGPAT3;ARCN1;ARF1;ARF3;ARF4;ARF5;ARFGAP1;ARFGAP2;ARFGAP3;BICD1;BICD2;BNIP1;CAPZA1;CAPZA2;CAPZA3;CAPZB;CENPE;COPA;COPB1;COPB2;COPE;COPG2;COPZ1;COPZ2;DCTN1;DCTN2;DCTN3;DCTN4;DCTN5;DCTN6;DYNC1H1;DYNC1I1;DYNC1I2;DYNC1LI1;DYNC1LI2;DYNLL1;DYNLL2;GALNT1;GALNT2;GBF1;KDELR1;KDELR2;KDELR3;KIF11;KIF12;KIF13B;KIF15;KIF16B;KIF18A;KIF18B;KIF19;KIF1A;KIF1B;KIF1C;KIF20A;KIF20B;KIF21A;KIF21B;KIF22;KIF23;KIF25;KIF26A;KIF26B;KIF27;KIF2A;KIF2B;KIF2C;KIF3A;KIF3B;KIF3C;KIF4A;KIF5A;KIF5B;KIF6;KIF9;KIFAP3;KIFC1;KIFC2;KLC1;KLC2;KLC3;KLC4;NAPA;NAPB;NAPG;NBAS;NSF;PAFAH1B1;PAFAH1B2;PAFAH1B3;PLA2G4A;PLA2G6;RAB18;RAB1A;RAB1B;RAB3GAP1;RAB3GAP2;RAB6A;RAB6B;RACGAP1;RINT1;SEC22B;STX18;SURF4;TMED10;TMED2;TMED3;TMED7;TMED9;TUBA1A;TUBA1B;TUBA1C;TUBA3C;TUBA3D;TUBA4A;TUBA8;TUBAL3;TUBB1;TUBB2A;TUBB2B;TUBB3;TUBB6;TUBB8;USE1;ZW10	S:ACTR10;ARF1;ARF3;ARF4;ARFGAP2;ARFGAP3;BICD1;BICD2;CENPE;COPA;COPB1;COPB2;COPG2;DCTN2;DCTN4;DCTN5;DCTN6;DYNC1H1;DYNC1I1;DYNC1LI1;DYNC1LI2;DYNLL1;GALNT1;GALNT2;GBF1;KDELR2;KDELR3;KIF11;KIF13B;KIF15;KIF16B;KIF18A;KIF18B;KIF19;KIF1B;KIF1C;KIF20A;KIF20B;KIF21A;KIF21B;KIF22;KIF23;KIF26B;KIF27;KIF2A;KIF2B;KIF2C;KIF3A;KIF3B;KIF3C;KIF4A;KIF5A;KIF5B;KIFAP3;KIFC1;KLC1;NAPB;NAPG;NBAS;NSF;PAFAH1B1;PLA2G4A;RAB18;RAB1A;RAB3GAP1;RAB3GAP2;RAB6B;RACGAP1;RINT1;SEC22B;SURF4;TMED10;TMED7;TMED9;TUBA1B;TUBA3C;TUBA4A;TUBB1;USE1;ZW10
S:REACTOME_O_LINKED_GLYCOSYLATION	D:107	S:A4GNT;ADAMTS1;ADAMTS10;ADAMTS12;ADAMTS13;ADAMTS14;ADAMTS15;ADAMTS16;ADAMTS17;ADAMTS18;ADAMTS19;ADAMTS2;ADAMTS20;ADAMTS3;ADAMTS4;ADAMTS5;ADAMTS6;ADAMTS7;ADAMTS8;ADAMTS9;ADAMTSL1;ADAMTSL2;ADAMTSL3;ADAMTSL4;ADAMTSL5;B3GALNT2;B3GNT2;B3GNT3;B3GNT4;B3GNT5;B3GNT6;B3GNT7;B3GNT8;B3GNT9;B3GNTL1;B4GALT5;B4GALT6;C1GALT1;C1GALT1C1;CFP;CHST10;CHST4;DAG1;EMID1;FKRP;FKTN;FUT10;FUT11;GALNT1;GALNT10;GALNT11;GALNT12;GALNT13;GALNT14;GALNT2;GALNT3;GALNT4;GALNT5;GALNT6;GALNT7;GALNT8;GALNT9;GALNTL5;GCNT1;GCNT3;GCNT4;MGAT5B;MMRN1;MMRN2;MUC1;MUC12;MUC13;MUC15;MUC16;MUC17;MUC20;MUC3A;MUC4;MUC5AC;MUC5B;MUC6;MUC7;MUCL1;POFUT2;POMGNT1;POMT1;POMT2;SEMA5A;SEMA5B;SLC35A1;SLC35A4;SPON1;SPON2;ST3GAL1;ST3GAL2;ST3GAL3;ST3GAL4;ST6GAL1;ST6GALNAC2;ST6GALNAC3;ST6GALNAC4;THBS1;THBS2;THSD1;THSD4;THSD7A;THSD7B	S:A4GNT;ADAMTS10;ADAMTS12;ADAMTS13;ADAMTS17;ADAMTS18;ADAMTS19;ADAMTS20;ADAMTS3;ADAMTS7;ADAMTS9;ADAMTSL2;ADAMTSL3;ADAMTSL4;ADAMTSL5;B3GNT5;B3GNT6;B3GNT7;B3GNT8;B3GNTL1;B4GALT5;C1GALT1C1;CHST10;FUT11;GALNT13;GALNT14;GALNT6;GALNT9;GCNT3;MGAT5B;MMRN2;MUC1;MUC12;MUC13;MUC17;MUC4;MUC5AC;MUC5B;MUC6;POMGNT1;SLC35A4;ST3GAL1;ST3GAL2;ST3GAL3;ST3GAL4;ST6GALNAC4;THBS1;THSD4;THSD7A;THSD7B
S:REACTOME_DISORDERS_OF_TRANSMEMBRANE_TRANSPORTERS	D:156	S:AAAS;ABCA1;ABCA12;ABCA3;ABCB11;ABCB4;ABCB6;ABCC2;ABCC6;ABCC8;ABCC9;ABCD1;ABCD4;ABCG5;ABCG8;ADRM1;APOA1;AVP;AVPR1A;AVPR1B;AVPR2;BSG;CFTR;CP;DERL1;DERL2;DERL3;ERLEC1;ERLIN1;ERLIN2;GCK;GCKR;HEPH;HK1;KCNJ11;LMBRD1;NUP107;NUP133;NUP153;NUP155;NUP160;NUP188;NUP205;NUP210;NUP214;NUP35;NUP37;NUP43;NUP50;NUP54;NUP62;NUP85;NUP88;NUP93;NUP98;OS9;POM121;PSMA1;PSMA2;PSMA3;PSMA4;PSMA5;PSMA6;PSMA7;PSMB1;PSMB2;PSMB3;PSMB4;PSMB5;PSMB6;PSMB7;PSMC1;PSMC2;PSMC3;PSMC4;PSMC5;PSMC6;PSMD1;PSMD11;PSMD12;PSMD13;PSMD14;PSMD2;PSMD3;PSMD6;PSMD7;PSMD8;RAE1;RANBP2;RHAG;RNF185;RNF5;RPS27A;SEC13;SEH1L;SEL1L;SLC11A2;SLC12A1;SLC12A3;SLC12A6;SLC16A1;SLC17A5;SLC17A8;SLC1A1;SLC1A3;SLC20A2;SLC22A12;SLC22A5;SLC24A1;SLC24A4;SLC26A2;SLC26A3;SLC26A4;SLC27A4;SLC29A3;SLC2A1;SLC2A10;SLC2A2;SLC2A9;SLC33A1;SLC34A1;SLC34A2;SLC34A3;SLC35A1;SLC35A2;SLC35A3;SLC35C1;SLC36A2;SLC39A4;SLC3A1;SLC3A2;SLC40A1;SLC4A1;SLC4A4;SLC5A1;SLC5A2;SLC5A5;SLC5A7;SLC6A14;SLC6A19;SLC6A2;SLC6A20;SLC6A3;SLC6A5;SLC7A7;SLC7A9;SLC9A6;SLC9A9;SLCO1B1;SLCO1B3;SLCO2A1;TPR;UBA52;UBB;UBC;VCP	S:ABCA1;ABCA12;ABCA3;ABCB4;ABCC2;ABCC8;ABCD4;ABCG5;AVPR1A;AVPR1B;CP;DERL1;DERL3;ERLEC1;ERLIN1;ERLIN2;GCK;HK1;KCNJ11;LMBRD1;NUP107;NUP133;NUP153;NUP155;NUP160;NUP188;NUP205;NUP210;NUP35;NUP37;NUP43;NUP50;NUP54;NUP62;NUP85;NUP88;NUP93;NUP98;OS9;POM121;PSMA1;PSMA3;PSMA4;PSMA5;PSMA6;PSMA7;PSMB1;PSMB2;PSMB3;PSMB4;PSMC5;PSMC6;PSMD1;PSMD11;PSMD12;PSMD14;PSMD2;PSMD3;PSMD6;PSMD7;RAE1;RANBP2;RPS27A;SEC13;SEH1L;SEL1L;SLC12A1;SLC17A5;SLC1A1;SLC1A3;SLC20A2;SLC22A5;SLC24A1;SLC26A2;SLC26A4;SLC2A1;SLC2A9;SLC33A1;SLC35A1;SLC35A3;SLC39A4;SLC3A1;SLC40A1;SLC4A4;SLC6A20;SLC7A9;SLC9A6;SLC9A9;SLCO2A1;TPR;UBC;VCP
S:REACTOME_MAPK_TARGETS_NUCLEAR_EVENTS_MEDIATED_BY_MAP_KINASES	D:31	S:ATF1;ATF2;CREB1;DUSP3;DUSP4;DUSP6;DUSP7;ELK1;FOS;JUN;MAPK1;MAPK10;MAPK11;MAPK14;MAPK3;MAPK7;MAPK8;MAPK9;MAPKAPK2;MEF2A;MEF2C;PPP2CA;PPP2CB;PPP2R1A;PPP2R1B;PPP2R5D;RPS6KA1;RPS6KA2;RPS6KA3;RPS6KA5;VRK3	S:DUSP3;DUSP4;DUSP7;MAPK10;MAPK11;MAPK14;MAPK3;MAPK7;MAPKAPK2;MEF2A;PPP2CA;PPP2R1A;RPS6KA1;RPS6KA2;VRK3
S:REACTOME_RAF_ACTIVATION	D:33	S:ARAF;BRAF;BRAP;CALM1;CAMK2A;CAMK2B;CAMK2D;CAMK2G;HRAS;JAK2;KRAS;KSR1;MAP2K1;MAP2K2;MAP3K11;MARK3;MRAS;NRAS;PPP1CB;PPP1CC;PPP2CA;PPP2CB;PPP2R1A;PPP2R1B;PPP2R5A;PPP2R5B;PPP2R5C;PPP2R5D;PPP2R5E;RAF1;SHOC2;SRC;YWHAB	S:BRAF;BRAP;CALM1;CAMK2A;CAMK2B;CAMK2D;CAMK2G;KRAS;MAP2K1;PPP1CC;PPP2CB;PPP2R1B;PPP2R5A;PPP2R5C;PPP2R5D;PPP2R5E;YWHAB
S:REACTOME_SIGNALING_BY_FLT3_ITD_AND_TKD_MUTANTS	D:16	S:BCL2L1;CDKN1A;FLT3;GAB2;GRB2;HRAS;KRAS;NOX4;NRAS;PIK3CA;PIK3R1;PIM1;PTPN11;SOS1;STAT5A;STAT5B	S:BCL2L1;CDKN1A;GAB2;HRAS;NRAS;PIM1;STAT5A;STAT5B
S:REACTOME_CS_GAG_BIOSYNTHESIS	D:21	S:BCAN;BGN;CHPF;CHPF2;CHST11;CHST12;CHST13;CHST15;CHST3;CHST7;CHST9;CHSY1;CHSY3;CSGALNACT1;CSGALNACT2;CSPG4;CSPG5;DCN;NCAN;UST;VCAN	S:BCAN;BGN;CHPF;CHPF2;CHST11;CHST12;CHST15;CHST3;CHSY1;CHSY3;CSGALNACT2;CSPG4;CSPG5;DCN;UST
S:REACTOME_GSK3B_MEDIATED_PROTEASOMAL_DEGRADATION_OF_PD_L1_CD274	D:43	S:ADRM1;BTRC;CD274;COPS5;CUL1;GSK3B;NEK2;PSMA1;PSMA2;PSMA3;PSMA4;PSMA5;PSMA6;PSMA7;PSMB1;PSMB2;PSMB3;PSMB4;PSMB5;PSMB6;PSMB7;PSMC1;PSMC2;PSMC3;PSMC4;PSMC5;PSMC6;PSMD1;PSMD11;PSMD12;PSMD13;PSMD14;PSMD2;PSMD3;PSMD6;PSMD7;PSMD8;RBX1;RPS27A;SKP1;UBA52;UBB;UBC	S:BTRC;COPS5;CUL1;GSK3B;PSMA1;PSMA3;PSMA4;PSMA5;PSMA6;PSMA7;PSMB1;PSMB2;PSMB3;PSMB4;PSMC5;PSMC6;PSMD1;PSMD11;PSMD12;PSMD14;PSMD2;PSMD3;PSMD6;PSMD7;RPS27A;UBC
S:REACTOME_DOWNSTREAM_SIGNALING_OF_ACTIVATED_FGFR2	D:30	S:FGF1;FGF10;FGF16;FGF17;FGF18;FGF2;FGF20;FGF22;FGF23;FGF3;FGF4;FGF5;FGF6;FGF7;FGF8;FGF9;FGFR2;FRS2;FRS3;GAB1;GRB2;HRAS;KRAS;NRAS;PIK3CA;PIK3R1;PLCG1;PTPN11;SHC1;SOS1	S:FGF1;FGF10;FGF17;FGF20;FGF22;FGF23;FGF3;FGF4;FGF5;FGF6;FGF8;FGF9;FRS2;FRS3;GAB1;HRAS;NRAS
S:REACTOME_TRANSPORT_OF_VITAMINS_NUCLEOSIDES_AND_RELATED_MOLECULES	D:31	S:APOD;ARL2;ARL2BP;LCN1;LCN12;LCN15;PDZD11;SLC25A4;SLC25A5;SLC25A6;SLC27A1;SLC27A4;SLC27A6;SLC28A1;SLC28A2;SLC28A3;SLC29A1;SLC29A2;SLC29A3;SLC29A4;SLC33A1;SLC35A1;SLC35A2;SLC35A3;SLC35B2;SLC35B3;SLC35B4;SLC35C1;SLC35D1;SLC35D2;SLC5A6	S:APOD;ARL2;LCN15;PDZD11;SLC25A6;SLC27A1;SLC27A4;SLC27A6;SLC28A1;SLC28A3;SLC29A1;SLC29A3;SLC35A2;SLC35C1
S:REACTOME_ALPHA_PROTEIN_KINASE_1_SIGNALING_PATHWAY	D:11	S:ALPK1;MAP3K7;RPS27A;TAB1;TAB2;TAB3;TIFA;TRAF6;UBA52;UBB;UBC	S:MAP3K7;RPS27A;TAB2;TAB3;TRAF6;UBC
S:REACTOME_SIGNALING_BY_NTRK2_TRKB	D:25	S:BDNF;CDK5;CDK5R1;DOCK3;FRS2;FRS3;FYN;GAB1;GRB2;GRIN2B;HRAS;KRAS;NRAS;NTF3;NTF4;NTRK2;PIK3CA;PIK3R1;PLCG1;PTPN11;RAC1;SHC1;SOS1;SRC;TIAM1	S:BDNF;CDK5;FRS2;FRS3;GAB1;HRAS;NRAS;NTF3;NTF4;NTRK2;SRC;TIAM1
S:REACTOME_FORMATION_OF_SENESCENCE_ASSOCIATED_HETEROCHROMATIN_FOCI_SAHF	D:11	S:ASF1A;CABIN1;CDKN1A;EP400;HIRA;HMGA1;HMGA2;LMNB1;RB1;TP53;UBN1	S:ASF1A;CABIN1;EP400;HIRA;RB1;TP53;UBN1
S:REACTOME_IRF3_MEDIATED_INDUCTION_OF_TYPE_I_IFN	D:11	S:DDX41;DTX4;IFI16;IRF3;NLRC3;NLRP4;PRKDC;TBK1;TREX1;XRCC5;XRCC6	S:DTX4;IFI16;NLRP4;PRKDC;TBK1;XRCC6
S:REACTOME_GRB2_EVENTS_IN_ERBB2_SIGNALING	D:16	S:BTC;EGF;EGFR;ERBB2;ERBB4;EREG;GRB2;HBEGF;HRAS;KRAS;NRAS;NRG1;NRG2;NRG3;NRG4;SOS1	S:BTC;EREG;HRAS;NRAS;NRG1;NRG2;NRG4
S:REACTOME_PKR_MEDIATED_SIGNALING	D:64	S:ADAR;ARIH1;CDK1;CHUK;DHX9;DNAJC3;EIF2AK2;EIF2S1;EIF2S2;EIF2S3;FANCA;FANCB;FANCC;FANCE;FANCF;FANCG;FANCL;FANCM;HERC5;HSPA1A;HSPA1L;HSPA2;HSPA8;IKBKB;IKBKG;ILF2;ILF3;ISG15;MAP2K6;MAPT;MAVS;NCK1;NPM1;PPP2CA;PPP2CB;PPP2R1A;PPP2R1B;PPP2R5A;PRKRA;PTPN2;SNCA;SPHK1;STAT1;STAT3;SUMO1;TARBP2;TP53;TRIM25;TUBA1A;TUBA1B;TUBA1C;TUBA3C;TUBA3D;TUBA4A;TUBA8;TUBAL3;TUBB1;TUBB2A;TUBB2B;TUBB3;TUBB6;TUBB8;UBE2I;UBE2L6	S:ARIH1;CDK1;DHX9;DNAJC3;EIF2AK2;EIF2S1;EIF2S2;FANCA;FANCB;FANCC;FANCE;FANCF;FANCG;FANCL;FANCM;HSPA1A;HSPA2;HSPA8;IKBKB;ILF2;ILF3;MAPT;NCK1;NPM1;PPP2CB;PPP2R1B;PPP2R5A;PRKRA;PTPN2;STAT1;TP53;TUBA1B;TUBA3C;TUBA4A;TUBB1;UBE2I
S:REACTOME_HEDGEHOG_OFF_STATE	D:97	S:ADCY1;ADCY10;ADCY2;ADCY3;ADCY4;ADCY5;ADCY6;ADCY7;ADCY8;ADCY9;ADRM1;BTRC;CSNK1A1;CUL1;DYNC2H1;FUZ;GLI1;GLI2;GLI3;GNAS;GPR161;GSK3B;IFT122;IFT140;IFT172;IFT52;IFT57;IFT88;INTU;ITCH;KIF3A;KIF7;MKS1;NUMB;OFD1;PRKACA;PRKACB;PRKACG;PRKAR1A;PRKAR1B;PRKAR2A;PRKAR2B;PSMA1;PSMA2;PSMA3;PSMA4;PSMA5;PSMA6;PSMA7;PSMB1;PSMB2;PSMB3;PSMB4;PSMB5;PSMB6;PSMB7;PSMC1;PSMC2;PSMC3;PSMC4;PSMC5;PSMC6;PSMD1;PSMD11;PSMD12;PSMD13;PSMD14;PSMD2;PSMD3;PSMD6;PSMD7;PSMD8;PTCH1;RBX1;RPGRIP1L;RPS27A;SKP1;SMO;SUFU;TTC21B;TUBA1A;TUBA1B;TUBA1C;TUBA3C;TUBA3D;TUBA4A;TUBB1;TUBB2A;TUBB2B;TUBB3;TUBB6;TULP3;UBA52;UBB;UBC;WDR19;WDR35	S:ADCY1;ADCY10;ADCY3;ADCY4;ADCY5;ADCY7;ADCY9;BTRC;CSNK1A1;CUL1;DYNC2H1;GLI1;GNAS;GSK3B;IFT57;IFT88;ITCH;KIF3A;MKS1;OFD1;PRKACB;PRKACG;PRKAR2A;PRKAR2B;PSMA1;PSMA3;PSMA4;PSMA5;PSMA6;PSMA7;PSMB1;PSMB2;PSMB3;PSMB4;PSMC5;PSMC6;PSMD1;PSMD11;PSMD12;PSMD14;PSMD2;PSMD3;PSMD6;PSMD7;RPGRIP1L;RPS27A;SUFU;TTC21B;TUBA1B;TUBA3C;TUBA4A;TUBB1;TULP3;UBC;WDR19;WDR35
S:REACTOME_ABORTIVE_ELONGATION_OF_HIV_1_TRANSCRIPT_IN_THE_ABSENCE_OF_TAT	D:19	S:CTDP1;GTF2F1;GTF2F2;NCBP1;NCBP2;POLR2A;POLR2B;POLR2C;POLR2D;POLR2E;POLR2F;POLR2G;POLR2H;POLR2I;POLR2J;POLR2K;POLR2L;SUPT4H1;SUPT5H	S:CTDP1;POLR2A;POLR2C;POLR2D;POLR2E;POLR2F;POLR2H;POLR2I;POLR2J;SUPT4H1;SUPT5H
S:REACTOME_SELECTIVE_AUTOPHAGY	D:82	S:ARL13B;ATG12;ATG5;ATG9A;ATM;CETN1;CFTR;CSNK2A1;CSNK2A2;CSNK2B;DYNC1H1;DYNC1I1;DYNC1I2;DYNC1LI1;DYNC1LI2;DYNLL1;DYNLL2;EPAS1;FUNDC1;HDAC6;HSF1;HSP90AA1;HSPA8;IFT88;MAP1LC3A;MAP1LC3B;MFN1;MFN2;NBR1;OPTN;PARK7;PCNT;PEX5;PGAM5;PINK1;PLIN2;PLIN3;PRKAA2;PRKAB1;PRKAB2;PRKAG1;PRKAG2;PRKAG3;RPS27A;SQSTM1;SRC;TBK1;TOMM20;TOMM22;TOMM40;TOMM5;TOMM6;TOMM7;TUBA1A;TUBA1B;TUBA1C;TUBA3C;TUBA3D;TUBA4A;TUBA8;TUBAL3;TUBB1;TUBB2A;TUBB2B;TUBB3;TUBB6;TUBB8;UBA52;UBB;UBC;UBE2D2;UBE2D3;UBE2L3;UBE2N;UBE2V1;ULK1;USP30;VCP;VDAC1;VDAC2;VDAC3;VIM	S:ARL13B;ATG12;ATG5;ATM;CETN1;CSNK2A1;CSNK2B;DYNC1H1;DYNC1I1;DYNC1LI1;DYNC1LI2;DYNLL1;EPAS1;FUNDC1;HSF1;HSP90AA1;HSPA8;IFT88;MFN1;MFN2;NBR1;PARK7;PCNT;PEX5;PGAM5;PLIN2;PRKAB1;PRKAB2;PRKAG2;RPS27A;TBK1;TOMM20;TOMM5;TUBA1B;TUBA3C;TUBA4A;TUBB1;UBC;UBE2D2;UBE2D3;UBE2N;ULK1;USP30;VCP;VDAC1;VDAC2;VIM
S:REACTOME_DISEASES_OF_MITOTIC_CELL_CYCLE	D:37	S:ANAPC1;ANAPC10;ANAPC11;ANAPC16;ANAPC2;ANAPC4;ANAPC5;ANAPC7;ATRX;CCND1;CCND2;CCND3;CCNE1;CCNE2;CDC16;CDC23;CDC26;CDC27;CDK2;CDK4;CDK6;CDKN1A;CDKN1B;CDKN1C;DAXX;E2F1;E2F2;E2F3;FZR1;RB1;SKP2;TFDP1;TFDP2;UBE2C;UBE2D1;UBE2E1;UBE2S	S:ANAPC1;ANAPC10;ANAPC11;ANAPC16;ANAPC4;ANAPC5;ANAPC7;ATRX;CCND1;CCND2;CCNE1;CCNE2;CDC23;CDC26;CDC27;CDK4;CDK6;CDKN1B;DAXX;E2F1;E2F3;RB1;SKP2;TFDP2;UBE2E1
S:REACTOME_ABERRANT_REGULATION_OF_MITOTIC_G1_S_TRANSITION_IN_CANCER_DUE_TO_RB1_DEFECTS	D:17	S:CCND1;CCND2;CCND3;CCNE1;CCNE2;CDK2;CDK4;CDK6;CDKN1A;CDKN1B;CDKN1C;E2F1;E2F2;E2F3;RB1;TFDP1;TFDP2	S:CCND1;CCND2;CCNE1;CCNE2;CDK4;CDK6;CDKN1B;E2F1;E2F3;RB1;TFDP2
S:REACTOME_ASPARAGINE_N_LINKED_GLYCOSYLATION	D:299	S:ACTR10;ACTR1A;ALG1;ALG10;ALG10B;ALG11;ALG12;ALG13;ALG14;ALG2;ALG3;ALG5;ALG6;ALG8;ALG9;AMDHD2;AMFR;ANK1;ANK2;ANK3;ANKRD28;ARCN1;AREG;ARF1;ARF3;ARF4;ARF5;ARFGAP1;ARFGAP2;ARFGAP3;ASGR1;ASGR2;B4GALNT2;B4GALT1;B4GALT2;B4GALT3;B4GALT4;B4GALT5;B4GALT6;BET1;BET1L;CALR;CANX;CAPZA1;CAPZA2;CAPZA3;CAPZB;CD55;CD59;CGA;CHST10;CHST8;CMAS;CNIH2;CNIH3;COG1;COG2;COG3;COG4;COG5;COG6;COG7;COG8;COL7A1;COPA;COPB1;COPB2;COPE;COPG2;COPZ1;COPZ2;CSNK1D;CTSA;CTSC;CTSZ;DAD1;DCTN1;DCTN2;DCTN3;DCTN4;DCTN5;DCTN6;DDOST;DERL1;DERL2;DHDDS;DHRSX;DOLK;DOLPP1;DPAGT1;DPM1;DPM2;DPM3;DYNC1H1;DYNC1I1;DYNC1I2;DYNC1LI1;DYNC1LI2;DYNLL1;DYNLL2;EDEM1;EDEM2;EDEM3;ENGASE;F5;F8;FOLR1;FPGT;FUCA1;FUT3;FUT8;GANAB;GBF1;GFPT1;GFPT2;GLB1;GMDS;GMPPA;GMPPB;GNE;GNPNAT1;GOLGA2;GOLGB1;GORASP1;GOSR1;GOSR2;GRIA1;HK1;INS;KDELR1;KDELR2;KDELR3;LHB;LMAN1;LMAN1L;LMAN2;LMAN2L;MAGT1;MAN1A1;MAN1A2;MAN1B1;MAN1C1;MAN2A1;MAN2A2;MANEA;MCFD2;MGAT1;MGAT2;MGAT3;MGAT4A;MGAT4B;MGAT4C;MGAT5;MIA2;MIA3;MLEC;MOGS;MPDU1;MPI;MVD;NAGK;NANP;NANS;NAPA;NAPB;NAPG;NEU1;NEU2;NEU3;NEU4;NGLY1;NPL;NSF;NUDT14;NUS1;OS9;OST4;OSTC;PDIA3;PGM3;PMM1;PMM2;PPP6C;PPP6R1;PPP6R3;PREB;PRKCSH;PSMC1;RAB1A;RAB1B;RAD23B;RENBP;RFT1;RNF103;RNF139;RNF185;RNF5;RPN1;RPN2;RPS27A;SAR1B;SCFD1;SEC13;SEC16A;SEC16B;SEC22A;SEC22B;SEC22C;SEC23A;SEC23IP;SEC24A;SEC24B;SEC24C;SEC24D;SEC31A;SEC31B;SEL1L;SERPINA1;SLC17A5;SLC35A1;SLC35C1;SPTA1;SPTAN1;SPTB;SPTBN1;SPTBN2;SPTBN4;SPTBN5;SRD5A3;ST3GAL1;ST3GAL2;ST3GAL3;ST3GAL4;ST3GAL5;ST3GAL6;ST6GAL1;ST6GAL2;ST6GALNAC1;ST6GALNAC2;ST6GALNAC3;ST6GALNAC4;ST6GALNAC5;ST6GALNAC6;ST8SIA1;ST8SIA2;ST8SIA3;ST8SIA4;ST8SIA5;STT3A;STT3B;STX17;STX5;SYVN1;TBC1D20;TFG;TGFA;TMED10;TMED2;TMED3;TMED7;TMED9;TMEM115;TRAPPC1;TRAPPC10;TRAPPC2;TRAPPC2L;TRAPPC3;TRAPPC4;TRAPPC5;TRAPPC6A;TRAPPC6B;TRAPPC9;TRIM13;TUBA1A;TUBA1B;TUBA1C;TUBA3C;TUBA3D;TUBA4A;TUBA8;TUBAL3;TUBB1;TUBB2A;TUBB2B;TUBB3;TUBB6;TUBB8;TUSC3;UAP1;UBA52;UBB;UBC;UBXN1;UGGT1;UGGT2;UMOD;USO1;VCP;YKT6	S:ACTR10;ALG1;ALG10;ALG10B;ALG11;ALG13;ALG14;ALG2;ALG5;ALG6;ALG8;ALG9;ANK3;ANKRD28;AREG;ARF1;ARF3;ARF4;ARFGAP2;ARFGAP3;B4GALT1;B4GALT4;B4GALT6;BET1;CALR;CANX;CGA;CHST8;CNIH3;COG1;COG2;COG3;COG5;COG6;COG7;COG8;COL7A1;COPA;COPB1;COPB2;COPG2;CTSA;DAD1;DCTN2;DCTN4;DCTN5;DCTN6;DDOST;DERL1;DOLK;DPAGT1;DPM1;DYNC1H1;DYNC1I1;DYNC1LI1;DYNC1LI2;DYNLL1;EDEM1;EDEM3;F8;FPGT;FUCA1;FUT3;FUT8;GANAB;GBF1;GFPT1;GFPT2;GMDS;GMPPB;GNE;GNPNAT1;GOLGA2;GOLGB1;GORASP1;GOSR1;GOSR2;GRIA1;HK1;KDELR2;KDELR3;LMAN1;LMAN2;MAGT1;MAN1A2;MAN1C1;MAN2A1;MANEA;MCFD2;MGAT1;MGAT2;MGAT3;MGAT4A;MGAT5;MIA3;MLEC;MPI;NAPB;NAPG;NEU2;NEU3;NEU4;NGLY1;NSF;NUS1;OS9;OSTC;PDIA3;PGM3;PMM2;PPP6C;PPP6R3;PREB;RAB1A;RAD23B;RENBP;RFT1;RNF103;RNF139;RPN1;RPN2;RPS27A;SAR1B;SCFD1;SEC13;SEC16A;SEC22A;SEC22B;SEC22C;SEC23A;SEC23IP;SEC24A;SEC24B;SEC24C;SEC24D;SEC31A;SEC31B;SEL1L;SLC17A5;SLC35A1;SPTBN1;SPTBN4;SPTBN5;SRD5A3;ST3GAL5;ST3GAL6;ST6GAL1;ST6GALNAC1;ST6GALNAC2;ST6GALNAC3;ST8SIA1;ST8SIA2;ST8SIA3;ST8SIA4;ST8SIA5;STT3A;STT3B;SYVN1;TFG;TMED10;TMED7;TMED9;TRAPPC10;TRAPPC2;TRAPPC2L;TRAPPC4;TRIM13;TUBA1B;TUBA3C;TUBA4A;TUBB1;TUSC3;UAP1;UBC;UGGT1;UGGT2;USO1;VCP
S:REACTOME_CELL_JUNCTION_ORGANIZATION	D:221	S:ACTA1;ACTA2;ACTB;ACTC1;ACTG1;ACTG2;ACTN1;ADAM19;ADAM33;ADRM1;AMOT;ANG;ANGPTL4;ANK3;ARHGAP32;ARHGEF6;ARID1A;BANP;BHLHE22;CADM1;CADM2;CADM3;CANX;CBLL1;CD151;CDH1;CDH10;CDH11;CDH12;CDH13;CDH15;CDH17;CDH18;CDH19;CDH2;CDH24;CDH3;CDH4;CDH5;CDH6;CDH7;CDH8;CDH9;CLDN1;CLDN10;CLDN11;CLDN12;CLDN14;CLDN15;CLDN16;CLDN17;CLDN18;CLDN19;CLDN2;CLDN22;CLDN23;CLDN3;CLDN4;CLDN5;CLDN6;CLDN7;CLDN8;CLDN9;COL17A1;CRB3;CSNK2A1;CSNK2A2;CSNK2B;CTBP1;CTBP2;CTNNA1;CTNNB1;CTNND1;CTSB;CTSS;DAD1;DDOST;DNM2;DNTTIP1;DST;EED;EPS15;EZH2;F11R;FBLIM1;FERMT2;FLNA;FLNC;FOXA2;FOXF1;FOXJ2;FOXP2;FOXQ1;FURIN;FYN;GANAB;HDAC1;HDAC2;HEYL;HOXC8;ILF3;ILK;ITGA6;ITGB1;ITGB4;JUP;KDM1A;KLF4;KLF9;KRT14;KRT5;LAMA3;LAMB3;LAMC2;LIMS1;LIMS2;MAPK1;MAPK3;MDM2;MOGS;MOV10;MPHOSPH8;MTBP;MYC;MYCN;OST4;OSTC;PARD3;PARD6A;PARD6B;PARD6G;PARVA;PARVB;PCSK6;PCSK7;PIP5K1C;PLEC;POMT1;POMT2;PRDM8;PRKCI;PRKCSH;PSMA1;PSMA2;PSMA3;PSMA4;PSMA5;PSMA6;PSMA7;PSMB1;PSMB2;PSMB3;PSMB4;PSMB5;PSMB6;PSMB7;PSMC1;PSMC2;PSMC3;PSMC4;PSMC5;PSMC6;PSMD1;PSMD11;PSMD12;PSMD13;PSMD14;PSMD2;PSMD3;PSMD6;PSMD7;PSMD8;PVR;PXN;RB1;RBBP4;RBBP7;RPN1;RPN2;RPS27A;RSU1;SDK1;SDK2;SEC11A;SEC11C;SIRT1;SMARCA4;SNAI1;SNAI2;SOX10;SP1;SPCS1;SPCS2;SPCS3;SRC;STRAP;STT3A;SUZ12;TCF12;TCF3;TESK1;TFAP2A;TGIF2;TLE1;TNRC6A;TNRC6B;TNRC6C;TWIST1;TWIST2;UBA52;UBB;UBC;VASP;VCL;WT1;ZBTB33;ZC3H12A;ZEB1;ZEB2;ZMYM2;ZNF217	S:ACTA1;ACTB;ACTG1;ACTG2;ADAM19;AMOT;ANGPTL4;ANK3;ARHGAP32;ARHGEF6;ARID1A;BANP;CADM1;CANX;CBLL1;CDH1;CDH12;CDH24;CDH3;CDH4;CDH5;CLDN10;CLDN12;CLDN14;CLDN17;CLDN19;CLDN22;CLDN23;CLDN3;CLDN4;CLDN5;CLDN6;CRB3;CSNK2A1;CSNK2B;CTBP2;DAD1;DDOST;DST;EED;EPS15;EZH2;F11R;FOXJ2;FYN;GANAB;HDAC1;HDAC2;HEYL;ILF3;ITGA6;ITGB1;KLF9;KRT5;LAMB3;LIMS1;MAPK1;MDM2;MOV10;MPHOSPH8;MTBP;MYC;MYCN;OSTC;PARD6B;PARVA;PCSK7;POMT1;POMT2;PRDM8;PRKCI;PSMA1;PSMA3;PSMA4;PSMA5;PSMA6;PSMA7;PSMB1;PSMB2;PSMB3;PSMB4;PSMC5;PSMC6;PSMD1;PSMD11;PSMD12;PSMD14;PSMD2;PSMD3;PSMD6;PSMD7;RB1;RBBP4;RBBP7;RPN1;RPN2;RPS27A;RSU1;SDK1;SDK2;SEC11A;SEC11C;SIRT1;SMARCA4;SNAI1;SOX10;SPCS1;SPCS2;SPCS3;STRAP;STT3A;SUZ12;TCF12;TCF3;TESK1;TFAP2A;TGIF2;TLE1;TNRC6A;TNRC6B;TNRC6C;TWIST2;UBC;VASP;VCL;WT1;ZBTB33;ZEB1;ZMYM2;ZNF217
S:REACTOME_DOWNSTREAM_SIGNALING_OF_ACTIVATED_FGFR3	D:25	S:FGF1;FGF16;FGF17;FGF18;FGF2;FGF20;FGF23;FGF4;FGF5;FGF8;FGF9;FGFR3;FRS2;FRS3;GAB1;GRB2;HRAS;KRAS;NRAS;PIK3CA;PIK3R1;PLCG1;PTPN11;SHC1;SOS1	S:FGF1;FGF17;FGF20;FGF23;FGF4;FGF5;FGF8;FGF9;FGFR3;FRS2;FRS3;GAB1;HRAS;NRAS
S:REACTOME_METABOLISM_OF_VITAMINS_AND_COFACTORS	D:180	S:AASDHPPT;ABCC1;ABCD4;ACACA;ACACB;ACO1;ACP5;AGRN;AKR1B10;AKR1C1;AKR1C3;AKR1C4;AKT1;ALDH1L1;ALDH1L2;AMN;AOX1;APOA1;APOA2;APOA4;APOB;APOC2;APOC3;APOE;APOM;BCO2;BST1;BTD;CALM1;CD320;CD38;CLPS;COASY;COQ2;COQ3;COQ4;COQ5;COQ6;COQ7;COQ9;CTRB1;CTRB2;CUBN;CYB5A;CYB5R3;DCAKD;DHFR;ENPP1;ENPP2;ENPP3;FASN;FLAD1;FOLR2;FPGS;GCH1;GCHFR;GPC1;GPC2;GPC3;GPC4;GPC5;GPC6;GPHN;GPIHBP1;GSTO1;GSTO2;HLCS;HPDL;HSP90AA1;HSPG2;IDH1;LDLR;LDLRAP1;LMBRD1;LPL;LRAT;LRP1;LRP10;LRP12;LRP2;LRP8;MCCC1;MCCC2;MMAA;MMAB;MMACHC;MMADHC;MOCOS;MOCS1;MOCS2;MOCS3;MTHFD1;MTHFD1L;MTHFD2;MTHFD2L;MTHFR;MTHFS;MTR;MTRR;NADK;NADSYN1;NAMPT;NFS1;NMNAT1;NMNAT2;NMNAT3;NNMT;NOS3;NT5E;NUDT12;NUDT8;PANK1;PANK2;PANK3;PANK4;PARP10;PARP14;PARP16;PARP4;PARP6;PARP8;PARP9;PC;PCCA;PCCB;PDSS1;PDSS2;PDXK;PDZD11;PLB1;PNLIP;PNPO;PPCDC;PPCS;PRKG2;PRSS1;PRSS3;PTS;QPRT;RBP1;RBP2;RBP4;RDH11;RETSAT;RFK;RNLS;SDC1;SDC2;SDC3;SDC4;SHMT1;SHMT2;SLC19A1;SLC19A2;SLC19A3;SLC22A13;SLC23A1;SLC23A2;SLC25A16;SLC25A19;SLC25A32;SLC25A42;SLC2A1;SLC2A3;SLC46A1;SLC5A6;SLC5A8;SPR;STARD7;TCN1;TCN2;THTPA;TPK1;TTPA;TTR;UBIAD1;VKORC1;VKORC1L1;VNN1;VNN2	S:AASDHPPT;ABCD4;ACACA;ACACB;ACO1;ACP5;AKR1C1;AKR1C3;AKR1C4;ALDH1L1;ALDH1L2;AOX1;APOB;APOC2;APOC3;BCO2;BTD;CALM1;CD38;COQ3;COQ5;COQ6;COQ7;COQ9;CTRB1;CUBN;CYB5A;DCAKD;DHFR;ENPP1;ENPP2;ENPP3;FASN;GCH1;GPC1;GPC2;GPC3;GPHN;GSTO2;HLCS;HPDL;HSP90AA1;HSPG2;LDLRAP1;LMBRD1;LPL;LRP12;LRP8;MCCC1;MCCC2;MMAA;MMAB;MMACHC;MMADHC;MOCS1;MOCS2;MTHFD1;MTHFD1L;MTHFD2;MTHFD2L;MTHFR;MTHFS;MTR;MTRR;NFS1;NNMT;NT5E;NUDT12;PANK1;PANK3;PARP14;PARP16;PARP8;PC;PCCA;PDSS1;PDSS2;PDXK;PNPO;PPCS;PRKG2;PRSS1;PRSS3;PTS;QPRT;RBP1;RDH11;RETSAT;RFK;SDC2;SDC3;SDC4;SHMT1;SHMT2;SLC19A2;SLC22A13;SLC23A1;SLC23A2;SLC25A16;SLC25A19;SLC25A32;SLC25A42;SLC2A1;SLC46A1;SLC5A6;SPR;STARD7;TCN2;TPK1;UBIAD1;VKORC1L1;VNN2
S:REACTOME_MET_RECEPTOR_RECYCLING	D:10	S:ARF6;CRK;CRKL;GAB1;GGA3;GRB2;HGF;MET;RAB4A;RAB4B	S:CRK;CRKL;GAB1;RAB4A;RAB4B
S:REACTOME_SIGNALING_BY_ERBB2	D:49	S:AKT1;AKT2;AKT3;BTC;CDC37;CUL5;DIAPH1;EGF;EGFR;ERBB2;ERBB3;ERBB4;EREG;FYN;GAB1;GRB2;GRB7;HBEGF;HRAS;HSP90AA1;KRAS;MATK;MEMO1;NRAS;NRG1;NRG2;NRG3;NRG4;PIK3CA;PIK3R1;PLCG1;PRKCA;PRKCD;PRKCE;PTK6;PTPN12;PTPN18;RHOA;RNF41;RPS27A;SHC1;SOS1;SRC;STUB1;UBA52;UBB;UBC;USP8;YES1	S:AKT2;AKT3;CUL5;DIAPH1;EGF;EGFR;ERBB2;ERBB4;FYN;GRB2;GRB7;HBEGF;HSP90AA1;KRAS;MEMO1;NRG3;PIK3CA;PIK3R1;PLCG1;PRKCA;PRKCE;PTPN12;RHOA;RNF41;RPS27A;SHC1;SOS1;UBC;USP8;YES1
S:REACTOME_FORMATION_OF_DEFINITIVE_ENDODERM	D:14	S:CDH1;CTNNB1;CXCR4;EOMES;FOXA2;GATA4;GATA6;GSC;MIXL1;SMAD2;SMAD3;SMAD4;SOX17;TCF7L2	S:CDH1;CXCR4;EOMES;GATA6;GSC;SMAD2;SMAD3;SMAD4
S:REACTOME_ACTIVATION_OF_SMO	D:16	S:ARRB1;ARRB2;BOC;CDON;CSNK1A1;DHH;EFCAB7;EVC;EVC2;GAS1;GAS8;IQCE;KIF3A;PTCH1;SHH;SMO	S:BOC;CSNK1A1;EFCAB7;EVC;EVC2;GAS1;GAS8;IQCE;KIF3A
S:REACTOME_AGGREPHAGY	D:38	S:ARL13B;CETN1;CFTR;DYNC1H1;DYNC1I1;DYNC1I2;DYNC1LI1;DYNC1LI2;DYNLL1;DYNLL2;HDAC6;HSF1;HSP90AA1;IFT88;PARK7;PCNT;RPS27A;TUBA1A;TUBA1B;TUBA1C;TUBA3C;TUBA3D;TUBA4A;TUBA8;TUBAL3;TUBB1;TUBB2A;TUBB2B;TUBB3;TUBB6;TUBB8;UBA52;UBB;UBC;UBE2N;UBE2V1;VCP;VIM	S:ARL13B;CETN1;DYNC1H1;DYNC1I1;DYNC1LI1;DYNC1LI2;DYNLL1;HSF1;HSP90AA1;IFT88;PARK7;PCNT;RPS27A;TUBA1B;TUBA3C;TUBA4A;TUBB1;UBC;UBE2N;VCP;VIM
S:REACTOME_CGMP_EFFECTS	D:15	S:ITPR1;KCNMA1;KCNMB1;KCNMB2;KCNMB3;KCNMB4;PDE10A;PDE11A;PDE1A;PDE1B;PDE2A;PDE5A;PDE9A;PRKG1;PRKG2	S:KCNMB2;KCNMB4;PDE10A;PDE11A;PDE1A;PDE1B;PDE2A
S:REACTOME_INITIAL_TRIGGERING_OF_COMPLEMENT	D:22	S:C1QA;C1QB;C1QC;C1R;C1S;C2;C3;C4B;CFB;CFD;CFP;COLEC10;COLEC11;CRP;FCN1;FCN2;FCN3;GZMM;IGLV6-57;MASP1;MASP2;MBL2	S:C1QA;C1QB;C1S;C4B;FCN2;FCN3;MASP1;MASP2
S:REACTOME_INOSITOL_PHOSPHATE_METABOLISM	D:48	S:CALM1;IMPA1;IMPA2;INPP1;INPP4A;INPP4B;INPP5A;INPP5B;INPP5D;INPP5J;INPPL1;IP6K1;IP6K2;IP6K3;IPMK;IPPK;ISYNA1;ITPK1;ITPKA;ITPKB;ITPKC;MINPP1;MIOX;MTMR7;MTMR9;NUDT10;NUDT11;NUDT3;NUDT4;OCRL;PLCB1;PLCB2;PLCB3;PLCB4;PLCD1;PLCD3;PLCD4;PLCE1;PLCG1;PLCG2;PLCH1;PLCH2;PLCZ1;PLD4;PPIP5K1;PPIP5K2;PTEN;SYNJ1	S:CALM1;IMPA1;IMPA2;INPP1;INPP4B;INPP5A;INPP5B;INPP5D;IP6K1;IP6K2;IP6K3;IPPK;ITPK1;ITPKB;MINPP1;MTMR9;NUDT3;OCRL;PLCB1;PLCD1;PLCD4;PLCG1;PLCG2;PLCH1;PLCH2;PLCZ1;PPIP5K1;PPIP5K2;SYNJ1
S:REACTOME_PINK1_PRKN_MEDIATED_MITOPHAGY	D:29	S:ATG12;ATG5;ATG9A;MAP1LC3A;MAP1LC3B;MFN1;MFN2;OPTN;PINK1;RPS27A;SQSTM1;TBK1;TOMM20;TOMM22;TOMM40;TOMM5;TOMM6;TOMM7;UBA52;UBB;UBC;UBE2D2;UBE2D3;UBE2L3;UBE2N;UBE2V1;VDAC1;VDAC2;VDAC3	S:ATG9A;MAP1LC3A;MAP1LC3B;OPTN;PINK1;SQSTM1;TOMM22;TOMM40;TOMM6;TOMM7;UBA52;UBB;UBE2L3;UBE2V1;VDAC3
S:REACTOME_RHO_GTPASES_ACTIVATE_PKNS	D:34	S:AR;CDC25C;KDM1A;KDM4C;KLK2;KLK3;MYH10;MYH11;MYH14;MYH9;MYL12B;MYL6;MYL9;NCOA2;PAK1;PDPK1;PKN1;PKN2;PKN3;PPP1CB;PPP1R12A;PPP1R12B;PPP1R14A;RAC1;RHOA;RHOB;RHOC;SFN;YWHAB;YWHAE;YWHAG;YWHAH;YWHAQ;YWHAZ	S:CDC25C;KDM4C;MYH10;MYH11;MYH9;MYL12B;NCOA2;PAK1;PKN2;PKN3;PPP1R12A;PPP1R12B;RAC1;RHOA;RHOB;YWHAB;YWHAG;YWHAH;YWHAQ;YWHAZ
S:REACTOME_SIGNALING_BY_NOTCH3	D:48	S:ADAM10;APH1A;APH1B;CREBBP;DLGAP5;DLL1;DLL4;EGF;EGFR;EP300;FABP7;HES1;HES5;HEY1;HEY2;HEYL;IKZF1;JAG1;JAG2;KAT2A;KAT2B;MAML1;MAML2;MAML3;MAMLD1;MIB1;MIB2;NCSTN;NEURL1B;NOTCH1;NOTCH3;PBX1;PLXND1;PSEN1;PSEN2;PSENEN;PTCRA;RBPJ;RPS27A;SNW1;STAT1;TACC3;UBA52;UBB;UBC;WWC1;WWP2;YBX1	S:ADAM10;APH1A;APH1B;CREBBP;DLGAP5;DLL1;EGF;EGFR;EP300;HES5;HEY1;HEY2;HEYL;IKZF1;JAG1;KAT2A;MAML1;MAML3;MAMLD1;NCSTN;NEURL1B;NOTCH1;PSEN1;PSEN2;RPS27A;SNW1;STAT1;TACC3;UBC;WWP2
S:REACTOME_SUPPRESSION_OF_PHAGOSOMAL_MATURATION	D:13	S:ATP6V1H;CORO1A;HGS;KPNA1;KPNB1;NOS2;RAB5A;RAB7A;RPS27A;UBA52;UBB;UBC;VPS33B	S:ATP6V1H;CORO1A;HGS;KPNA1;KPNB1;NOS2;RAB7A;RPS27A;UBC
S:REACTOME_SYNTHESIS_SECRETION_AND_INACTIVATION_OF_GLUCAGON_LIKE_PEPTIDE_1_GLP_1	D:19	S:CDX2;CTNNB1;DPP4;FFAR1;GCG;GNB1;GNB3;GNG13;GPR119;GRP;LEP;PAX6;PCSK1;SEC11A;SEC11C;SPCS1;SPCS2;SPCS3;TCF7L2	S:CDX2;CTNNB1;FFAR1;GNG13;GPR119;LEP;PAX6;PCSK1;TCF7L2
S:REACTOME_CITRIC_ACID_CYCLE_TCA_CYCLE	D:30	S:ACAT1;ACO2;CS;DLD;DLST;FH;FXN;IDH2;IDH3A;IDH3B;IDH3G;ISCA1;ISCA2;ISCU;LYRM4;MDH2;NFS1;NNT;OGDH;SDHA;SDHAF1;SDHAF2;SDHB;SDHC;SDHD;SIRT3;SUCLA2;SUCLG1;SUCLG2;TRAP1	S:ACAT1;ACO2;DLD;DLST;FH;FXN;IDH3A;IDH3B;ISCA2;ISCU;LYRM4;MDH2;NFS1;NNT;SDHA;SDHB;SDHD;SUCLA2;TRAP1
S:REACTOME_MTORC1_MEDIATED_SIGNALLING	D:22	S:AKT1S1;EEF2K;EIF4B;EIF4E;EIF4EBP1;EIF4G1;FKBP1A;LAMTOR1;LAMTOR2;LAMTOR3;MLST8;MTOR;RHEB;RPS6;RPS6KB1;RPTOR;RRAGA;RRAGB;RRAGC;RRAGD;SLC38A9;YWHAB	S:AKT1S1;EEF2K;EIF4E;EIF4EBP1;EIF4G1;FKBP1A;LAMTOR1;LAMTOR2;MLST8;RRAGD
S:REACTOME_MITOCHONDRIAL_FATTY_ACID_BETA_OXIDATION	D:35	S:ACAA2;ACAD10;ACAD11;ACADL;ACADM;ACADS;ACADVL;ACBD6;ACBD7;ACOT1;ACOT11;ACOT12;ACOT13;ACOT2;ACOT7;ACOT9;ACSF2;ACSM3;DBI;DECR1;ECHS1;ECI1;HADH;HADHA;HADHB;MCAT;MCEE;MECR;MMAA;NDUFAB1;PCCA;PCCB;PCTP;THEM4;THEM5	S:ACAA2;ACAD11;ACADL;ACADM;ACBD6;ACOT1;ACOT13;ACOT2;ACOT7;ACSM3;DECR1;HADH;HADHB;MCEE;MECR;MMAA;NDUFAB1;PCCA;THEM4
S:REACTOME_P75_NTR_RECEPTOR_MEDIATED_SIGNALLING	D:94	S:AATF;ABR;ADAM17;AKAP13;APH1A;APH1B;ARHGDIA;ARHGEF1;ARHGEF10;ARHGEF10L;ARHGEF11;ARHGEF12;ARHGEF15;ARHGEF16;ARHGEF17;ARHGEF18;ARHGEF19;ARHGEF2;ARHGEF26;ARHGEF3;ARHGEF35;ARHGEF37;ARHGEF38;ARHGEF4;ARHGEF40;ARHGEF5;ARHGEF6;ARHGEF7;ARHGEF9;BAD;BCL2L11;CASP2;CASP3;ECT2;FGD1;FGD2;FGD3;FGD4;GNA13;HDAC1;HDAC2;HDAC3;IKBKB;IRAK1;ITGB3BP;ITSN1;KALRN;LINGO1;MAG;MAGED1;MAPK8;MCF2;MCF2L;MYD88;NCSTN;NET1;NFKB1;NFKBIA;NGEF;NGF;NGFR;OBSCN;OMG;PLEKHG2;PLEKHG5;PRDM4;PREX1;PRKCI;PSEN1;PSEN2;PSENEN;RAC1;RASGRF2;RELA;RHOA;RIPK2;RPS27A;RTN4;RTN4R;SMPD2;SOS1;SOS2;SQSTM1;TIAM1;TIAM2;TRAF6;TRIO;UBA52;UBB;UBC;VAV1;VAV2;VAV3;YWHAE	S:AATF;ABR;ADAM17;AKAP13;APH1A;APH1B;ARHGEF10;ARHGEF10L;ARHGEF12;ARHGEF17;ARHGEF18;ARHGEF26;ARHGEF3;ARHGEF35;ARHGEF38;ARHGEF4;ARHGEF5;ARHGEF6;ARHGEF7;ARHGEF9;CASP2;CASP3;FGD3;FGD4;GNA13;HDAC1;HDAC2;HDAC3;IKBKB;ITGB3BP;ITSN1;MAGED1;MAPK8;MCF2;MCF2L;NCSTN;NET1;NFKB1;NFKBIA;NGEF;NGFR;OMG;PLEKHG2;PRDM4;PREX1;PRKCI;PSEN1;PSEN2;RAC1;RELA;RHOA;RPS27A;SOS1;SOS2;TRAF6;TRIO;UBC;VAV1;VAV2;VAV3
S:REACTOME_SIGNALING_BY_FGFR2	D:73	S:BRAF;CBL;ESRP1;ESRP2;FGF1;FGF10;FGF16;FGF17;FGF18;FGF2;FGF20;FGF22;FGF23;FGF3;FGF4;FGF5;FGF6;FGF7;FGF8;FGF9;FGFBP1;FGFBP2;FGFBP3;FGFR2;FRS2;FRS3;GAB1;GRB2;GTF2F1;GTF2F2;HNRNPA1;HNRNPF;HNRNPH1;HNRNPM;HRAS;KRAS;MAPK1;MAPK3;MKNK1;NCBP1;NCBP2;NRAS;PIK3CA;PIK3R1;PLCG1;POLR2A;POLR2B;POLR2C;POLR2D;POLR2E;POLR2F;POLR2G;POLR2H;POLR2I;POLR2J;POLR2K;POLR2L;PPP2CA;PPP2CB;PPP2R1A;PTBP1;PTPN11;RBFOX2;RPS27A;SHC1;SOS1;SPRY2;SRC;TIA1;TIAL1;UBA52;UBB;UBC	S:FGF1;FGF10;FGF17;FGF20;FGF22;FGF23;FGF3;FGF4;FGF5;FGF6;FGF8;FGF9;FGFBP1;FRS2;FRS3;GAB1;HNRNPF;HRAS;MAPK3;MKNK1;NRAS;POLR2A;POLR2C;POLR2D;POLR2E;POLR2F;POLR2H;POLR2I;POLR2J;PPP2CA;PPP2R1A;PTBP1;RBFOX2;SRC;TIA1;TIAL1;UBA52;UBB
S:REACTOME_SIGNALING_BY_NOTCH2	D:32	S:ADAM10;APH1A;APH1B;CNTN1;CREB1;DLL1;DLL4;EP300;FCER2;GZMB;HES1;HES5;JAG1;JAG2;MAML1;MAML2;MAML3;MAMLD1;MDK;MIB1;MIB2;NCSTN;NEURL1B;NOTCH2;PSEN1;PSEN2;PSENEN;RBPJ;RPS27A;UBA52;UBB;UBC	S:ADAM10;APH1A;APH1B;CREB1;DLL1;EP300;FCER2;GZMB;HES5;JAG1;MAML1;MAML3;MAMLD1;NCSTN;NEURL1B;NOTCH2;PSEN1;PSEN2;RPS27A;UBC
S:REACTOME_TRANSCRIPTION_OF_E2F_TARGETS_UNDER_NEGATIVE_CONTROL_BY_P107_RBL1_AND_P130_RBL2_IN_COMPLEX_WITH_HDAC1	D:16	S:CCNA2;CDK1;E2F1;E2F4;E2F5;HDAC1;LIN37;LIN52;LIN54;LIN9;MYBL2;RBBP4;RBL1;RBL2;TFDP1;TFDP2	S:CCNA2;CDK1;E2F1;E2F5;HDAC1;LIN37;LIN52;RBBP4;RBL1;RBL2;TFDP2
S:REACTOME_CASPASE_ACTIVATION_VIA_DEPENDENCE_RECEPTORS_IN_THE_ABSENCE_OF_LIGAND	D:10	S:APPL1;CASP3;CASP9;DAPK1;DAPK2;DAPK3;DCC;MAGED1;UNC5A;UNC5B	S:APPL1;CASP3;CASP9;DAPK2;MAGED1
S:REACTOME_REDUCTION_OF_CYTOSOLIC_CA_LEVELS	D:12	S:ATP2A1;ATP2A2;ATP2A3;ATP2B1;ATP2B2;ATP2B3;ATP2B4;CALM1;SLC8A1;SLC8A2;SLC8A3;SRI	S:ATP2A1;ATP2A2;ATP2A3;ATP2B1;CALM1;SLC8A2;SLC8A3;SRI
S:REACTOME_NEF_MEDIATES_DOWN_MODULATION_OF_CELL_SURFACE_RECEPTORS_BY_RECRUITING_THEM_TO_CLATHRIN_ADAPTERS	D:21	S:AP1B1;AP1G1;AP1M1;AP1M2;AP1S1;AP1S2;AP1S3;AP2A1;AP2A2;AP2B1;AP2M1;AP2S1;ARF1;ATP6V1H;B2M;CD28;CD4;CD8B;HLA-A;LCK;PACS1	S:AP1B1;AP1M1;AP1M2;AP1S2;AP2A1;AP2A2;AP2B1;AP2M1;AP2S1;CD4;CD8B
S:REACTOME_PURINE_SALVAGE	D:12	S:ADA;ADK;AMPD1;AMPD2;AMPD3;APRT;DCK;DGUOK;GMPR;GMPR2;HPRT1;PNP	S:AMPD1;AMPD2;AMPD3;DGUOK;GMPR;GMPR2;PNP
S:REACTOME_DNA_DAMAGE_RECOGNITION_IN_GG_NER	D:38	S:ACTB;ACTL6A;ACTR5;ACTR8;CETN2;COPS2;COPS3;COPS4;COPS5;COPS6;COPS7A;COPS7B;COPS8;CUL4A;CUL4B;DDB1;DDB2;GPS1;INO80;INO80B;INO80C;INO80D;INO80E;MCRS1;NFRKB;PARP1;PARP2;RAD23A;RAD23B;RBX1;RPS27A;RUVBL1;TFPT;UBA52;UBB;UBC;XPC;YY1	S:ACTB;ACTL6A;ACTR8;CETN2;COPS3;COPS4;COPS5;COPS6;COPS7B;COPS8;CUL4A;CUL4B;DDB2;INO80;INO80C;NFRKB;PARP1;PARP2;RAD23B;RPS27A;RUVBL1;UBC;XPC;YY1
S:REACTOME_TNFS_BIND_THEIR_PHYSIOLOGICAL_RECEPTORS	D:29	S:CD27;CD70;EDA;EDA2R;EDAR;EDARADD;FASLG;LTA;TNFRSF11B;TNFRSF13B;TNFRSF14;TNFRSF17;TNFRSF18;TNFRSF1A;TNFRSF1B;TNFRSF25;TNFRSF4;TNFRSF6B;TNFRSF8;TNFRSF9;TNFSF11;TNFSF13;TNFSF13B;TNFSF14;TNFSF15;TNFSF18;TNFSF4;TNFSF8;TNFSF9	S:EDARADD;LTA;TNFRSF14;TNFRSF18;TNFRSF1A;TNFRSF1B;TNFRSF6B;TNFRSF8;TNFSF11;TNFSF13;TNFSF13B;TNFSF18;TNFSF9
S:REACTOME_NETRIN_1_SIGNALING	D:43	S:ABLIM1;ABLIM2;ABLIM3;AGAP2;CDC42;DCC;DOCK1;DSCAM;DSCAML1;EZR;FYN;MYO10;NCK1;NEO1;NTN1;NTN4;PITPNA;PLCG1;PRKCQ;PTK2;PTPN11;RAC1;RGMA;RGMB;ROBO1;SIAH1;SIAH2;SLIT1;SLIT2;SLIT3;SRC;TRIO;TRPC1;TRPC3;TRPC4;TRPC5;TRPC6;TRPC7;UNC5A;UNC5B;UNC5C;UNC5D;WASL	S:ABLIM1;ABLIM2;AGAP2;CDC42;DSCAML1;EZR;FYN;NCK1;NEO1;NTN1;NTN4;PITPNA;PLCG1;PRKCQ;PTK2;PTPN11;RAC1;RGMA;RGMB;SIAH1;TRIO;TRPC1;TRPC7
S:REACTOME_ACYL_CHAIN_REMODELLING_OF_PS	D:19	S:LPCAT3;LPCAT4;MBOAT1;OSBPL10;OSBPL5;OSBPL8;PLA1A;PLA2G10;PLA2G12A;PLA2G1B;PLA2G2A;PLA2G2D;PLA2G2E;PLA2G2F;PLA2G4A;PLA2G4D;PLA2G4F;PLA2G5;PLA2R1	S:LPCAT3;LPCAT4;OSBPL8;PLA1A;PLA2G10;PLA2G2A;PLA2G2D;PLA2G2F;PLA2G4D;PLA2G5;PLA2R1
S:REACTOME_INTERLEUKIN_1_FAMILY_SIGNALING	D:132	S:ADRM1;AGER;ALOX5;ALPK1;APP;BTRC;CASP1;CASP8;CHUK;CTSG;CUL1;FBXW11;GSDMD;HMGB1;IKBIP;IKBKB;IKBKG;IL13;IL18;IL18BP;IL18R1;IL18RAP;IL1A;IL1B;IL1F10;IL1R1;IL1R2;IL1RAP;IL1RAPL1;IL1RL1;IL1RL2;IL1RN;IL33;IL4;IRAK1;IRAK2;IRAK3;IRAK4;LRRC14;MAP2K1;MAP2K4;MAP2K6;MAP3K3;MAP3K7;MAP3K8;MAPK8;MYD88;N4BP1;NFKB1;NFKB2;NFKBIA;NFKBIB;NKIRAS1;NKIRAS2;NLRC5;NLRX1;NOD1;NOD2;PELI1;PELI2;PELI3;PSMA1;PSMA2;PSMA3;PSMA4;PSMA5;PSMA6;PSMA7;PSMB1;PSMB2;PSMB3;PSMB4;PSMB5;PSMB6;PSMB7;PSMC1;PSMC2;PSMC3;PSMC4;PSMC5;PSMC6;PSMD1;PSMD11;PSMD12;PSMD13;PSMD14;PSMD2;PSMD3;PSMD6;PSMD7;PSMD8;PTPN11;PTPN12;PTPN13;PTPN14;PTPN18;PTPN2;PTPN23;PTPN4;PTPN5;PTPN6;PTPN7;PTPN9;RBX1;RELA;RIPK2;RPS27A;S100A12;S100B;SAA1;SIGIRR;SKP1;SMAD3;SQSTM1;STAT3;TAB1;TAB2;TAB3;TBK1;TIFA;TNIP2;TOLLIP;TP53;TRAF2;TRAF6;UBA52;UBB;UBC;UBE2N;UBE2V1;USP14;USP18	S:ADRM1;AGER;ALPK1;CASP1;CASP8;CHUK;CTSG;GSDMD;IKBKG;IL18;IL18BP;IL18R1;IL1A;IL1B;IL1F10;IL1R1;IL1R2;IL1RAP;IL1RN;IL33;IRAK1;IRAK2;IRAK3;IRAK4;MAP2K6;MAP3K8;MYD88;N4BP1;NFKB2;NFKBIB;NKIRAS2;NLRC5;PSMA2;PSMB5;PSMB6;PSMB7;PSMC1;PSMC2;PSMC3;PSMC4;PSMD13;PSMD8;PTPN14;PTPN18;PTPN23;PTPN6;RBX1;RIPK2;S100A12;S100B;SAA1;SKP1;SQSTM1;STAT3;TAB1;TIFA;TNIP2;TOLLIP;UBA52;UBB;UBE2V1
S:REACTOME_SIGNALING_BY_FGFR4	D:41	S:BRAF;CBL;FGF1;FGF16;FGF17;FGF18;FGF19;FGF2;FGF20;FGF23;FGF4;FGF6;FGF8;FGF9;FGFR4;FRS2;FRS3;GAB1;GRB2;HRAS;KLB;KRAS;MAPK1;MAPK3;MKNK1;NRAS;PIK3CA;PIK3R1;PLCG1;PPP2CA;PPP2CB;PPP2R1A;PTPN11;RPS27A;SHC1;SOS1;SPRY2;SRC;UBA52;UBB;UBC	S:FGF1;FGF17;FGF20;FGF23;FGF4;FGF6;FGF8;FGF9;FGFR4;FRS2;FRS3;GAB1;HRAS;KLB;MAPK3;MKNK1;NRAS;PPP2CA;PPP2R1A;SRC;UBA52;UBB
S:REACTOME_COMPLEX_III_ASSEMBLY	D:19	S:BCS1L;CYC1;FXN;HSCB;HSPA9;ISCU;LETM1;LYRM4;LYRM7;NFS1;TTC19;UQCR10;UQCR11;UQCRB;UQCRC1;UQCRC2;UQCRFS1;UQCRH;UQCRQ	S:FXN;HSPA9;ISCU;LETM1;LYRM4;LYRM7;NFS1;TTC19;UQCRC2;UQCRFS1;UQCRH
S:REACTOME_DEVELOPMENTAL_LINEAGE_OF_MULTIPOTENT_PANCREATIC_PROGENITOR_CELLS	D:18	S:CER1;CXCR4;EGF;FGF10;FGF2;FGF4;FGF7;FOXA2;GATA4;GATA6;HHEX;HNF1B;NKX6-1;ONECUT1;PDX1;SHH;SOX17;SOX9	S:FGF10;FGF4;FOXA2;GATA4;HNF1B;ONECUT1;PDX1;SHH;SOX17;SOX9
S:REACTOME_INTRINSIC_PATHWAY_OF_FIBRIN_CLOT_FORMATION	D:23	S:A2M;C1QBP;F10;F11;F12;F2;F8;F9;GP1BA;GP1BB;GP5;GP9;KLKB1;KNG1;PRCP;PROC;PROS1;SERPINA5;SERPINC1;SERPIND1;SERPINE2;SERPING1;VWF	S:A2M;C1QBP;F10;F11;F2;F8;GP1BA;GP1BB;GP5;PRCP;PROC;PROS1;SERPINC1;SERPIND1;SERPINE2
S:REACTOME_REGULATION_OF_FZD_BY_UBIQUITINATION	D:20	S:FZD4;FZD5;FZD6;FZD8;LGR4;LGR5;LGR6;LRP5;LRP6;RNF43;RPS27A;RSPO1;RSPO2;RSPO3;UBA52;UBB;UBC;USP8;WNT3A;ZNRF3	S:FZD4;FZD5;FZD8;LRP6;RNF43;RSPO2;RSPO3;UBA52;UBB;WNT3A
S:REACTOME_AMINO_ACIDS_REGULATE_MTORC1	D:48	S:ATP6V0B;ATP6V0C;ATP6V0D1;ATP6V0D2;ATP6V0E1;ATP6V0E2;ATP6V1A;ATP6V1B1;ATP6V1B2;ATP6V1C1;ATP6V1C2;ATP6V1D;ATP6V1E1;ATP6V1E2;ATP6V1F;ATP6V1G1;ATP6V1G2;ATP6V1G3;ATP6V1H;DEPDC5;FLCN;FNIP1;FNIP2;ITFG2;KPTN;LAMTOR1;LAMTOR2;LAMTOR3;MIOS;MLST8;MTOR;NPRL2;NPRL3;RHEB;RPTOR;RRAGA;RRAGB;RRAGC;RRAGD;SEC13;SEH1L;SESN1;SESN2;SH3BP4;SLC38A9;TCIRG1;WDR24;WDR59	S:ATP6V1A;ATP6V1B1;ATP6V1B2;ATP6V1C1;ATP6V1D;ATP6V1E2;ATP6V1F;ATP6V1G1;ATP6V1G3;ATP6V1H;DEPDC5;FNIP2;ITFG2;LAMTOR3;MIOS;MTOR;NPRL2;RHEB;RPTOR;RRAGA;RRAGB;RRAGC;SEC13;SEH1L;SESN1;SESN2;SH3BP4;SLC38A9;TCIRG1;WDR59
S:REACTOME_TICAM1_DEPENDENT_ACTIVATION_OF_IRF3_IRF7	D:13	S:IKBKE;IRF3;IRF7;OPTN;RPS27A;TANK;TBK1;TICAM1;TLR3;TRAF3;UBA52;UBB;UBC	S:RPS27A;TANK;TBK1;TICAM1;TLR3;TRAF3;UBC
S:REACTOME_NF_KB_ACTIVATION_THROUGH_FADD_RIP_1_PATHWAY_MEDIATED_BY_CASPASE_8_AND_10	D:12	S:CASP10;CASP8;CHUK;FADD;IFIH1;IKBKB;IKBKG;MAVS;RIPK1;RNF135;TRIM25;TRIM4	S:CASP8;CHUK;IKBKG;MAVS;RNF135;TRIM25
S:REACTOME_TRANSCRIPTIONAL_REGULATION_BY_MECP2	D:57	S:AURKB;BDNF;CALM1;CAMK2A;CAMK2B;CAMK2D;CAMK2G;CAMK4;CREB1;CRH;DGCR8;DLL1;FKBP5;FOXG1;GAD1;GAD2;GAMT;GPRIN1;GPS2;GRIA2;GRIN2A;GRIN2B;HDAC1;HDAC2;HDAC3;HIPK2;HTT;IRAK1;LBR;MECP2;MEF2C;MET;MOBP;MOV10;NCOR1;NCOR2;NOTCH1;OPRK1;OPRM1;PPARG;PRKACA;PTEN;PTPN1;PTPN4;PVALB;RBFOX1;SGK1;SIN3A;SLC2A3;SOX2;SST;TBL1X;TBL1XR1;TNRC6A;TNRC6B;TNRC6C;TRPC3	S:AURKB;CALM1;CAMK2A;CAMK2B;CAMK2D;CAMK2G;CAMK4;CREB1;DLL1;FOXG1;GAMT;GPRIN1;GRIN2B;HDAC1;HDAC2;HDAC3;HIPK2;HTT;LBR;MECP2;MEF2C;MET;MOV10;NCOR1;NCOR2;NOTCH1;PPARG;PTPN1;PTPN4;SGK1;SIN3A;TBL1XR1;TNRC6A;TNRC6B;TNRC6C
S:REACTOME_ACTIVATION_OF_THE_AP_1_FAMILY_OF_TRANSCRIPTION_FACTORS	D:10	S:ATF2;FOS;JUN;MAPK1;MAPK10;MAPK11;MAPK14;MAPK3;MAPK8;MAPK9	S:MAPK10;MAPK11;MAPK14;MAPK3
S:REACTOME_PROTEIN_HYDROXYLATION	D:17	S:ASPH;DRG1;DRG2;ETF1;F9;JMJD4;JMJD6;JMJD7;OGFOD1;RCCD1;RPL27A;RPL8;RPS23;RPS6;RWDD1;U2AF2;ZC3H15	S:ETF1;JMJD7;OGFOD1;RCCD1;RPL27A;RPL8;RPS23;RPS6;RWDD1;ZC3H15
S:REACTOME_ER_QUALITY_CONTROL_COMPARTMENT_ERQC	D:20	S:AMFR;DERL2;EDEM1;EDEM2;EDEM3;MAN1B1;OS9;RNF103;RNF139;RNF185;RNF5;RPS27A;SEL1L;SYVN1;TRIM13;UBA52;UBB;UBC;UGGT1;UGGT2	S:EDEM1;EDEM3;OS9;RNF103;RNF139;RPS27A;SEL1L;SYVN1;TRIM13;UBC;UGGT1;UGGT2
S:REACTOME_LGI_ADAM_INTERACTIONS	D:14	S:ADAM11;ADAM22;ADAM23;CACNG2;CACNG3;CACNG4;CACNG8;DLG4;LGI1;LGI2;LGI3;LGI4;STX1A;STX1B	S:ADAM11;ADAM22;ADAM23;CACNG2;CACNG3;CACNG4;LGI4;STX1A;STX1B
S:REACTOME_MHC_CLASS_II_ANTIGEN_PRESENTATION	D:118	S:ACTR10;ACTR1A;ACTR1B;AP1B1;AP1G1;AP1M1;AP1M2;AP1S1;AP1S2;AP1S3;AP2A1;AP2A2;AP2B1;AP2M1;AP2S1;ARF1;CANX;CAPZA1;CAPZA2;CAPZA3;CAPZB;CD74;CENPE;CLTA;CLTC;CTSA;CTSB;CTSC;CTSD;CTSE;CTSF;CTSH;CTSK;CTSO;CTSS;DCTN1;DCTN2;DCTN3;DCTN4;DCTN5;DCTN6;DNM1;DNM2;DNM3;DYNC1H1;DYNC1I1;DYNC1I2;DYNC1LI1;DYNC1LI2;DYNLL1;DYNLL2;HLA-DMA;HLA-DMB;HLA-DOA;HLA-DOB;HLA-DPA1;HLA-DPB1;HLA-DQA1;HLA-DQA2;HLA-DQB1;HLA-DQB2;HLA-DRA;HLA-DRB1;HLA-DRB3;HLA-DRB4;HLA-DRB5;IFI30;KIF11;KIF15;KIF18A;KIF20A;KIF22;KIF23;KIF26A;KIF2A;KIF2B;KIF2C;KIF3A;KIF3B;KIF3C;KIF4A;KIF5A;KIF5B;KIFAP3;KLC1;KLC2;KLC3;KLC4;LAG3;LGMN;OSBPL1A;RAB7A;RACGAP1;RILP;SAR1B;SEC13;SEC23A;SEC24A;SEC24B;SEC24C;SEC24D;SEC31A;SH3GL2;SPTBN2;TUBA1A;TUBA1B;TUBA1C;TUBA3C;TUBA3D;TUBA4A;TUBA8;TUBAL3;TUBB1;TUBB2A;TUBB2B;TUBB3;TUBB6;TUBB8	S:ACTR10;AP1G1;AP1S1;AP1S3;ARF1;CANX;CENPE;CLTA;CLTC;CTSA;CTSF;CTSH;CTSK;DCTN2;DCTN4;DCTN5;DCTN6;DNM3;DYNC1H1;DYNC1I1;DYNC1LI1;DYNC1LI2;DYNLL1;HLA-DMB;HLA-DOA;HLA-DOB;HLA-DPA1;HLA-DPB1;HLA-DQA1;HLA-DQB1;HLA-DQB2;HLA-DRA;HLA-DRB1;HLA-DRB3;HLA-DRB4;HLA-DRB5;IFI30;KIF11;KIF15;KIF18A;KIF20A;KIF22;KIF23;KIF2A;KIF2B;KIF2C;KIF3A;KIF3B;KIF3C;KIF4A;KIF5A;KIF5B;KIFAP3;KLC1;LAG3;LGMN;OSBPL1A;RAB7A;RACGAP1;SAR1B;SEC13;SEC23A;SEC24A;SEC24B;SEC24C;SEC24D;SEC31A;TUBA1B;TUBA3C;TUBA4A;TUBB1
S:REACTOME_RSV_HOST_INTERACTIONS	D:89	S:AGRN;ARIH1;BCAP31;BECN1;CCNC;CD14;CD209;CDK19;CDK8;CLEC4M;CREBBP;CUL5;CX3CR1;EIF2AK2;EP300;GPC1;GPC2;GPC3;GPC4;GPC5;GPC6;HERC5;HSPG2;IFIH1;IFNA10;IFNA16;IFNA2;IFNA21;IFNA4;IFNA5;IFNA6;IFNA8;IFNAR1;IFNAR2;IFNB1;IRF3;ISG15;JAK1;LY96;MAP1B;MAVS;MED1;MED10;MED11;MED12;MED13;MED13L;MED14;MED15;MED16;MED17;MED18;MED19;MED20;MED21;MED22;MED23;MED24;MED25;MED26;MED27;MED28;MED29;MED30;MED31;MED4;MED6;MED7;MED8;MED9;OAS2;RBX1;RPS27A;SDC1;SDC2;SDC3;SDC4;STAT2;TLR2;TLR3;TLR4;TLR6;TLR7;TRIM25;TYK2;UBA52;UBB;UBC;UBE2L6	S:AGRN;BECN1;CCNC;CDK19;CLEC4M;GPC4;GPC5;GPC6;HERC5;IFNA10;IFNA16;IFNA2;IFNA4;IFNA6;IFNA8;IFNAR1;IRF3;ISG15;LY96;MAP1B;MAVS;MED11;MED14;MED15;MED16;MED18;MED24;MED25;MED27;MED29;RBX1;SDC1;STAT2;TLR4;TLR6;TRIM25;TYK2;UBA52;UBB;UBE2L6
S:REACTOME_TRIGLYCERIDE_CATABOLISM	D:23	S:ABHD5;CAV1;FABP1;FABP12;FABP2;FABP3;FABP4;FABP5;FABP6;FABP7;GPD2;LIPE;MGLL;PLIN1;PLIN3;PNPLA4;PNPLA5;PPP1CA;PPP1CB;PPP1CC;PRKACA;PRKACB;PRKACG	S:FABP1;FABP3;FABP4;FABP7;PLIN1;PLIN3;PNPLA5;PPP1CB;PRKACA
S:REACTOME_CELL_CELL_COMMUNICATION	D:254	S:ACTA1;ACTA2;ACTB;ACTC1;ACTG1;ACTG2;ACTN1;ACTN2;ACTN3;ACTN4;ADAM19;ADAM33;ADRM1;AMOT;ANG;ANGPTL4;ANK3;ARHGAP32;ARHGEF6;ARID1A;BANP;BHLHE22;CADM1;CADM2;CADM3;CANX;CASK;CBLL1;CD151;CD2AP;CD47;CDH1;CDH10;CDH11;CDH12;CDH13;CDH15;CDH17;CDH18;CDH19;CDH2;CDH24;CDH3;CDH4;CDH5;CDH6;CDH7;CDH8;CDH9;CLDN1;CLDN10;CLDN11;CLDN12;CLDN14;CLDN15;CLDN16;CLDN17;CLDN18;CLDN19;CLDN2;CLDN22;CLDN23;CLDN3;CLDN4;CLDN5;CLDN6;CLDN7;CLDN8;CLDN9;COL17A1;CRB3;CSNK2A1;CSNK2A2;CSNK2B;CTBP1;CTBP2;CTNNA1;CTNNB1;CTNND1;CTSB;CTSS;DAD1;DDOST;DNM2;DNTTIP1;DST;EED;EPS15;EZH2;F11R;FBLIM1;FERMT2;FLNA;FLNC;FOXA2;FOXF1;FOXJ2;FOXP2;FOXQ1;FURIN;FYN;GANAB;GRB2;HDAC1;HDAC2;HEYL;HOXC8;ILF3;ILK;IQGAP1;ITGA6;ITGB1;ITGB4;JUP;KDM1A;KIRREL2;KIRREL3;KLF4;KLF9;KRT14;KRT5;LAMA3;LAMB3;LAMC2;LIMS1;LIMS2;MAGI2;MAPK1;MAPK3;MDM2;MOGS;MOV10;MPHOSPH8;MTBP;MYC;MYCN;NCK1;NCK2;NPHS1;NPHS2;OST4;OSTC;PARD3;PARD6A;PARD6B;PARD6G;PARVA;PARVB;PCSK6;PCSK7;PIK3CA;PIK3CB;PIK3R1;PIK3R2;PIP5K1C;PLEC;POMT1;POMT2;PRDM8;PRKCI;PRKCSH;PSMA1;PSMA2;PSMA3;PSMA4;PSMA5;PSMA6;PSMA7;PSMB1;PSMB2;PSMB3;PSMB4;PSMB5;PSMB6;PSMB7;PSMC1;PSMC2;PSMC3;PSMC4;PSMC5;PSMC6;PSMD1;PSMD11;PSMD12;PSMD13;PSMD14;PSMD2;PSMD3;PSMD6;PSMD7;PSMD8;PTK2;PTK2B;PTPN11;PTPN6;PVR;PXN;RB1;RBBP4;RBBP7;RPN1;RPN2;RPS27A;RSU1;SDK1;SDK2;SEC11A;SEC11C;SFTPA1;SFTPD;SIRPA;SIRPB1;SIRPG;SIRT1;SKAP2;SMARCA4;SNAI1;SNAI2;SOX10;SP1;SPCS1;SPCS2;SPCS3;SPTAN1;SPTBN1;SRC;STRAP;STT3A;SUZ12;TCF12;TCF3;TESK1;TFAP2A;TGIF2;TLE1;TNRC6A;TNRC6B;TNRC6C;TWIST1;TWIST2;TYROBP;UBA52;UBB;UBC;VASP;VCL;WASL;WT1;ZBTB33;ZC3H12A;ZEB1;ZEB2;ZMYM2;ZNF217	S:ACTA1;ACTB;ACTG1;ACTG2;ADAM19;AMOT;ANGPTL4;ANK3;ARHGAP32;ARHGEF6;ARID1A;BANP;CADM1;CANX;CASK;CBLL1;CD2AP;CD47;CDH1;CDH12;CDH24;CDH3;CDH4;CDH5;CLDN10;CLDN12;CLDN14;CLDN17;CLDN19;CLDN22;CLDN23;CLDN3;CLDN4;CLDN5;CLDN6;CRB3;CSNK2A1;CSNK2B;CTBP2;DAD1;DDOST;DST;EED;EPS15;EZH2;F11R;FOXJ2;FYN;GANAB;GRB2;HDAC1;HDAC2;HEYL;ILF3;IQGAP1;ITGA6;ITGB1;KIRREL2;KIRREL3;KLF9;KRT5;LAMB3;LIMS1;MAGI2;MAPK1;MDM2;MOV10;MPHOSPH8;MTBP;MYC;MYCN;NCK1;NPHS1;OSTC;PARD6B;PARVA;PCSK7;PIK3CA;PIK3CB;PIK3R1;POMT1;POMT2;PRDM8;PRKCI;PSMA1;PSMA3;PSMA4;PSMA5;PSMA6;PSMA7;PSMB1;PSMB2;PSMB3;PSMB4;PSMC5;PSMC6;PSMD1;PSMD11;PSMD12;PSMD14;PSMD2;PSMD3;PSMD6;PSMD7;PTK2;PTPN11;RB1;RBBP4;RBBP7;RPN1;RPN2;RPS27A;RSU1;SDK1;SDK2;SEC11A;SEC11C;SIRPG;SIRT1;SKAP2;SMARCA4;SNAI1;SOX10;SPCS1;SPCS2;SPCS3;SPTBN1;STRAP;STT3A;SUZ12;TCF12;TCF3;TESK1;TFAP2A;TGIF2;TLE1;TNRC6A;TNRC6B;TNRC6C;TWIST2;TYROBP;UBC;VASP;VCL;WT1;ZBTB33;ZEB1;ZMYM2;ZNF217
S:REACTOME_NEGATIVE_REGULATION_OF_FLT3	D:15	S:ABL2;CBL;CSK;FLT3;FLT3LG;PTPRJ;RPS27A;SH2B3;SLA;SLA2;SOCS2;SOCS6;UBA52;UBB;UBC	S:ABL2;CBL;FLT3;FLT3LG;RPS27A;SLA;SOCS2;SOCS6;UBC
S:REACTOME_UNBLOCKING_OF_NMDA_RECEPTORS_GLUTAMATE_BINDING_AND_ACTIVATION	D:21	S:ACTN2;CALM1;CAMK2A;CAMK2B;CAMK2D;CAMK2G;DLG1;DLG2;DLG3;DLG4;GRIA1;GRIA2;GRIA3;GRIA4;GRIN1;GRIN2A;GRIN2B;GRIN2C;GRIN2D;LRRC7;NEFL	S:CALM1;CAMK2A;CAMK2B;CAMK2D;CAMK2G;DLG1;DLG3;GRIA1;GRIA4;GRIN2B;GRIN2C;GRIN2D;NEFL
S:REACTOME_MATURATION_OF_TCA_ENZYMES_AND_REGULATION_OF_TCA_CYCLE	D:17	S:ACAT1;ACO2;CS;FXN;IDH2;ISCA1;ISCA2;ISCU;LYRM4;NFS1;SDHA;SDHAF1;SDHAF2;SDHB;SDHC;SDHD;SIRT3	S:ACAT1;ACO2;FXN;ISCA2;ISCU;LYRM4;NFS1;SDHA;SDHB;SDHD
S:REACTOME_TRANSLATION_OF_REPLICASE_AND_ASSEMBLY_OF_THE_REPLICATION_TRANSCRIPTION_COMPLEX	D:13	S:BECN1;CHMP2A;CHMP2B;CHMP4A;CHMP4B;CHMP4C;CHMP6;CHMP7;ISCU;MAP1LC3B;PIK3C3;PIK3R4;UVRAG	S:CHMP2A;CHMP2B;CHMP4A;ISCU;PIK3C3;PIK3R4;UVRAG
S:REACTOME_DOWNSTREAM_SIGNALING_OF_ACTIVATED_FGFR4	D:27	S:FGF1;FGF16;FGF17;FGF18;FGF19;FGF2;FGF20;FGF23;FGF4;FGF6;FGF8;FGF9;FGFR4;FRS2;FRS3;GAB1;GRB2;HRAS;KLB;KRAS;NRAS;PIK3CA;PIK3R1;PLCG1;PTPN11;SHC1;SOS1	S:FGF1;FGF17;FGF20;FGF23;FGF4;FGF6;FGF8;FGF9;FGFR4;FRS2;FRS3;GAB1;HRAS;KLB;NRAS
S:REACTOME_CHROMATIN_MODIFICATIONS_DURING_THE_MATERNAL_TO_ZYGOTIC_TRANSITION_MZT	D:10	S:AICDA;DPPA3;KDM5A;KDM5B;KDM6A;KDM6B;METTL23;TET3;UHRF1;UNG	S:AICDA;KDM5A;KDM5B;KDM6A;METTL23
S:REACTOME_CS_DS_DEGRADATION	D:20	S:ARSB;BCAN;BGN;CSPG4;CSPG5;DCN;GLB1;GLB1L;GLB1L2;GLB1L3;GUSB;HEXA;HEXB;HYAL1;HYAL3;HYAL4;IDS;IDUA;NCAN;VCAN	S:GLB1;GLB1L;HYAL1;HYAL3;HYAL4;IDUA;NCAN;VCAN
S:REACTOME_GABA_SYNTHESIS_RELEASE_REUPTAKE_AND_DEGRADATION	D:19	S:ABAT;ALDH5A1;CPLX1;DNAJC5;GAD1;GAD2;HSPA8;RAB3A;RIMS1;SLC32A1;SLC6A1;SLC6A11;SLC6A12;SLC6A13;SNAP25;STX1A;STXBP1;SYT1;VAMP2	S:ALDH5A1;DNAJC5;GAD1;GAD2;RAB3A;RIMS1;SLC32A1;SLC6A1;SNAP25;VAMP2
S:REACTOME_INTERLEUKIN_6_SIGNALING	D:11	S:CBL;IL6;IL6R;IL6ST;JAK1;JAK2;PTPN11;SOCS3;STAT1;STAT3;TYK2	S:CBL;IL6;IL6R;IL6ST;JAK1;PTPN11;STAT1
S:REACTOME_P2Y_RECEPTORS	D:11	S:GPR17;LPAR4;LPAR6;P2RY1;P2RY10;P2RY12;P2RY13;P2RY14;P2RY2;P2RY4;P2RY6	S:GPR17;P2RY12;P2RY13;P2RY2
S:REACTOME_TNFR1_INDUCED_NF_KAPPA_B_SIGNALING_PATHWAY	D:32	S:BIRC2;BIRC3;CHUK;CYLD;IKBKB;IKBKG;MAP3K7;OPTN;OTUD1;OTUD7B;RBCK1;RIPK1;RNF31;RPS27A;SHARPIN;SPATA2;TAB1;TAB2;TAB3;TNF;TNFAIP3;TNFRSF1A;TRADD;TRAF1;TRAF2;UBA52;UBB;UBC;USP2;USP21;USP4;XIAP	S:BIRC2;CHUK;IKBKG;OPTN;RBCK1;RNF31;SHARPIN;SPATA2;TAB1;TNF;TNFRSF1A;UBA52;UBB;USP2;USP21
S:REACTOME_TP53_REGULATES_TRANSCRIPTION_OF_GENES_INVOLVED_IN_G2_CELL_CYCLE_ARREST	D:17	S:AURKA;BAX;CCNB1;CDC25C;CDK1;E2F4;EP300;GADD45A;PCNA;PRMT1;RBL1;RBL2;SFN;TFDP1;TFDP2;TP53;ZNF385A	S:AURKA;CCNB1;CDC25C;CDK1;EP300;PCNA;PRMT1;RBL1;RBL2;TFDP2;TP53
S:REACTOME_NOTCH3_ACTIVATION_AND_TRANSMISSION_OF_SIGNAL_TO_THE_NUCLEUS	D:24	S:ADAM10;APH1A;APH1B;DLL1;DLL4;EGF;EGFR;JAG1;JAG2;MIB1;MIB2;NCSTN;NEURL1B;NOTCH3;PSEN1;PSEN2;PSENEN;RPS27A;TACC3;UBA52;UBB;UBC;WWP2;YBX1	S:ADAM10;APH1A;APH1B;DLL1;EGF;EGFR;JAG1;NCSTN;NEURL1B;PSEN1;PSEN2;RPS27A;TACC3;UBC;WWP2
S:REACTOME_FATTY_ACYL_COA_BIOSYNTHESIS	D:32	S:ACACA;ACLY;ACSBG1;ACSBG2;ACSF3;ACSL1;ACSL3;ACSL4;ACSL5;ACSL6;CBR4;ELOVL1;ELOVL2;ELOVL3;ELOVL4;ELOVL5;ELOVL6;ELOVL7;FASN;HSD17B12;HSD17B3;HSD17B8;MORC2;OLAH;PPT1;PPT2;SCD;SCD5;SLC27A2;SLC27A3;TECR;TECRL	S:ACACA;ACLY;ACSBG2;ACSL3;ACSL5;ACSL6;ELOVL3;ELOVL4;ELOVL6;ELOVL7;FASN;HSD17B12;HSD17B8;MORC2;OLAH;SCD;SCD5;SLC27A2
S:REACTOME_INLB_MEDIATED_ENTRY_OF_LISTERIA_MONOCYTOGENES_INTO_HOST_CELL	D:15	S:CBL;EPS15;GRB2;HGS;MET;RPS27A;SH3GL1;SH3GL2;SH3GL3;SH3KBP1;STAM;STAM2;UBA52;UBB;UBC	S:CBL;EPS15;GRB2;HGS;MET;RPS27A;SH3GL3;SH3KBP1;STAM;STAM2;UBC
S:REACTOME_LDL_CLEARANCE	D:19	S:AP2A1;AP2A2;AP2B1;AP2M1;AP2S1;APOB;CES3;CLTA;CLTC;LDLR;LDLRAP1;LIPA;LSR;NCEH1;NPC1;NPC2;PCSK9;SOAT1;SOAT2	S:AP2A1;AP2A2;AP2B1;AP2M1;AP2S1;LDLR;LSR;NPC1;PCSK9
S:REACTOME_CREB1_PHOSPHORYLATION_THROUGH_NMDA_RECEPTOR_MEDIATED_ACTIVATION_OF_RAS_SIGNALING	D:28	S:ACTN2;CALM1;CAMK2A;CAMK2B;CAMK2D;CAMK2G;CREB1;DLG1;DLG2;DLG3;DLG4;GRIN1;GRIN2B;GRIN2D;HRAS;KRAS;LRRC7;MAPK1;MAPK3;NEFL;NRAS;PDPK1;RASGRF1;RASGRF2;RPS6KA1;RPS6KA2;RPS6KA3;RPS6KA6	S:CALM1;CAMK2A;CAMK2B;CAMK2D;CAMK2G;CREB1;DLG1;DLG3;GRIN2B;GRIN2D;KRAS;MAPK1;NEFL;RASGRF1;RPS6KA3
S:REACTOME_ESTROGEN_DEPENDENT_NUCLEAR_EVENTS_DOWNSTREAM_OF_ESR_MEMBRANE_SIGNALING	D:24	S:AKT1;AKT2;AKT3;AREG;BCL2;BTC;CCND1;CDKN1B;CREB1;EGF;EGFR;ELK1;EPGN;EREG;FOS;FOXO3;HBEGF;MAPK1;MAPK3;PTK2;SRF;TGFA;UHMK1;XPO1	S:AKT2;AKT3;AREG;CCND1;CDKN1B;CREB1;EGF;EGFR;ELK1;FOS;HBEGF;MAPK1;PTK2;SRF;UHMK1;XPO1
S:REACTOME_FGFR2B_LIGAND_BINDING_AND_ACTIVATION	D:10	S:FGF1;FGF10;FGF2;FGF22;FGF3;FGF7;FGFBP1;FGFBP2;FGFBP3;FGFR2	S:FGF2;FGF7;FGFBP2;FGFBP3;FGFR2
S:REACTOME_ER_TO_GOLGI_ANTEROGRADE_TRANSPORT	D:149	S:ACTR10;ACTR1A;ANK1;ANK2;ANK3;ANKRD28;ARCN1;AREG;ARF1;ARF3;ARF4;ARF5;ARFGAP1;ARFGAP2;ARFGAP3;BET1;BET1L;CAPZA1;CAPZA2;CAPZA3;CAPZB;CD55;CD59;CNIH2;CNIH3;COG1;COG2;COG3;COG4;COG5;COG6;COG7;COG8;COL7A1;COPA;COPB1;COPB2;COPE;COPG2;COPZ1;COPZ2;CSNK1D;CTSC;CTSZ;DCTN1;DCTN2;DCTN3;DCTN4;DCTN5;DCTN6;DYNC1H1;DYNC1I1;DYNC1I2;DYNC1LI1;DYNC1LI2;DYNLL1;DYNLL2;F5;F8;FOLR1;GBF1;GOLGA2;GOLGB1;GORASP1;GOSR1;GOSR2;GRIA1;INS;KDELR1;KDELR2;KDELR3;LMAN1;LMAN1L;LMAN2;LMAN2L;MCFD2;MIA2;MIA3;NAPA;NAPB;NAPG;NSF;PPP6C;PPP6R1;PPP6R3;PREB;RAB1A;RAB1B;SAR1B;SCFD1;SEC13;SEC16A;SEC16B;SEC22A;SEC22B;SEC22C;SEC23A;SEC23IP;SEC24A;SEC24B;SEC24C;SEC24D;SEC31A;SEC31B;SERPINA1;SPTA1;SPTAN1;SPTB;SPTBN1;SPTBN2;SPTBN4;SPTBN5;STX17;STX5;TBC1D20;TFG;TGFA;TMED10;TMED2;TMED3;TMED7;TMED9;TMEM115;TRAPPC1;TRAPPC10;TRAPPC2;TRAPPC2L;TRAPPC3;TRAPPC4;TRAPPC5;TRAPPC6A;TRAPPC6B;TRAPPC9;TUBA1A;TUBA1B;TUBA1C;TUBA3C;TUBA3D;TUBA4A;TUBA8;TUBAL3;TUBB1;TUBB2A;TUBB2B;TUBB3;TUBB6;TUBB8;USO1;YKT6	S:ACTR1A;ANK1;ANK2;ARCN1;ARF5;ARFGAP1;BET1L;CAPZA1;CAPZA2;CAPZA3;CAPZB;CD55;CD59;CNIH2;COG4;COPE;COPZ1;COPZ2;CSNK1D;CTSC;CTSZ;DCTN1;DCTN3;DYNC1I2;DYNLL2;F5;FOLR1;INS;KDELR1;LMAN1L;LMAN2L;MIA2;NAPA;PPP6R1;RAB1B;SEC16B;SERPINA1;SPTA1;SPTAN1;SPTB;SPTBN2;STX17;STX5;TBC1D20;TGFA;TMED2;TMED3;TMEM115;TRAPPC1;TRAPPC3;TRAPPC5;TRAPPC6A;TRAPPC6B;TRAPPC9;TUBA1A;TUBA1C;TUBA3D;TUBA8;TUBAL3;TUBB2A;TUBB2B;TUBB3;TUBB6;TUBB8;YKT6
S:REACTOME_COMPLEX_I_BIOGENESIS	D:53	S:ACAD9;ECSIT;FOXRED1;HSCB;HSPA9;LYRM2;NDUFA1;NDUFA10;NDUFA11;NDUFA12;NDUFA13;NDUFA2;NDUFA3;NDUFA5;NDUFA6;NDUFA7;NDUFA8;NDUFA9;NDUFAB1;NDUFAF1;NDUFAF2;NDUFAF3;NDUFAF4;NDUFB1;NDUFB10;NDUFB11;NDUFB2;NDUFB3;NDUFB4;NDUFB5;NDUFB6;NDUFB7;NDUFB8;NDUFB9;NDUFC1;NDUFC2;NDUFS1;NDUFS2;NDUFS3;NDUFS4;NDUFS5;NDUFS6;NDUFS7;NDUFS8;NDUFV1;NDUFV2;NDUFV3;NUBPL;OXA1L;SFXN4;TMEM126A;TMEM126B;TMEM186	S:ACAD9;FOXRED1;HSPA9;LYRM2;NDUFA10;NDUFA12;NDUFA3;NDUFA7;NDUFA8;NDUFAB1;NDUFAF1;NDUFAF2;NDUFAF3;NDUFAF4;NDUFB10;NDUFB2;NDUFB4;NDUFB5;NDUFB8;NDUFB9;NDUFC1;NDUFC2;NDUFS1;NDUFS4;NDUFS5;NDUFS6;NDUFS8;NDUFV1;NUBPL;TMEM126A;TMEM126B;TMEM186
S:REACTOME_TGF_BETA_RECEPTOR_SIGNALING_IN_EMT_EPITHELIAL_TO_MESENCHYMAL_TRANSITION	D:16	S:ARHGEF18;CGN;F11R;FKBP1A;PARD3;PARD6A;PRKCZ;RHOA;RPS27A;SMURF1;TGFB1;TGFBR1;TGFBR2;UBA52;UBB;UBC	S:FKBP1A;PARD3;PARD6A;SMURF1;TGFB1;TGFBR1;UBA52;UBB
S:REACTOME_COPII_MEDIATED_VESICLE_TRANSPORT	D:68	S:ANKRD28;AREG;BET1;CD59;CNIH2;CNIH3;COL7A1;CSNK1D;CTSC;CTSZ;F5;F8;FOLR1;GOLGA2;GORASP1;GOSR2;GRIA1;LMAN1;LMAN1L;LMAN2;LMAN2L;MCFD2;NAPA;NAPB;NAPG;NSF;PPP6C;PPP6R1;PPP6R3;PREB;RAB1A;RAB1B;SAR1B;SCFD1;SEC13;SEC16A;SEC16B;SEC22A;SEC22B;SEC22C;SEC23A;SEC23IP;SEC24A;SEC24B;SEC24C;SEC24D;SEC31A;SEC31B;SERPINA1;STX17;STX5;TBC1D20;TFG;TGFA;TMED10;TMED2;TRAPPC1;TRAPPC10;TRAPPC2;TRAPPC2L;TRAPPC3;TRAPPC4;TRAPPC5;TRAPPC6A;TRAPPC6B;TRAPPC9;USO1;YKT6	S:ANKRD28;AREG;BET1;CNIH3;COL7A1;F8;GOLGA2;GORASP1;GOSR2;GRIA1;LMAN1;LMAN2;MCFD2;NAPB;NAPG;NSF;PPP6C;PPP6R3;PREB;RAB1A;SAR1B;SCFD1;SEC13;SEC16A;SEC22A;SEC22B;SEC22C;SEC23A;SEC23IP;SEC24A;SEC24B;SEC24C;SEC24D;SEC31A;SEC31B;TFG;TMED10;TRAPPC10;TRAPPC2;TRAPPC2L;TRAPPC4;USO1
S:REACTOME_SIGNALING_BY_TGFBR3	D:42	S:ACVR2A;APH1A;APH1B;ARRB1;ARRB2;EP300;FGF2;GIPC1;HELLS;INHA;INHBA;KLF16;MMP14;MMP16;MOV10;MYCN;MYF5;MYF6;MYOD1;MYOG;NCSTN;PSEN1;PSEN2;PSENEN;RARA;RXRA;SMAD3;SMAD4;SP1;TCF12;TCF3;TCF4;TGFB1;TGFB2;TGFBR1;TGFBR2;TGFBR3;TIMP1;TIMP2;TNRC6A;TNRC6B;TNRC6C	S:APH1A;APH1B;EP300;FGF2;HELLS;INHA;KLF16;MOV10;MYCN;MYOD1;NCSTN;PSEN1;PSEN2;SMAD3;SMAD4;TCF12;TCF3;TCF4;TGFB2;TGFBR2;TGFBR3;TIMP2;TNRC6A;TNRC6B;TNRC6C
S:REACTOME_FLT3_SIGNALING	D:38	S:ABL2;AKT1;AKT2;AKT3;BCL2L11;CBL;CDKN1B;CSK;FLT3;FLT3LG;FOXO3;FYN;GAB2;GRAP2;GRB10;GRB2;HCK;HRAS;KRAS;LCK;NRAS;PIK3CA;PIK3R1;PTPN11;PTPRJ;RPS27A;SH2B3;SLA;SLA2;SOCS2;SOCS6;SOS1;STAT5A;STAT5B;SYK;UBA52;UBB;UBC	S:ABL2;AKT2;AKT3;CBL;CDKN1B;FLT3;FLT3LG;FYN;GRAP2;GRB2;KRAS;LCK;PIK3CA;PIK3R1;PTPN11;RPS27A;SLA;SOCS2;SOCS6;SOS1;SYK;UBC
S:REACTOME_DISEASES_OF_HEMOSTASIS	D:19	S:ADAMTS13;COL1A1;COL1A2;F10;F11;F12;F2;F8;F9;GGCX;GP1BA;GP1BB;GP5;GP9;KLKB1;SERPING1;TPST1;TPST2;VWF	S:ADAMTS13;COL1A1;F12;F9;GP9;KLKB1;SERPING1;TPST2;VWF
S:REACTOME_P75NTR_SIGNALS_VIA_NF_KB	D:16	S:IKBKB;IRAK1;MYD88;NFKB1;NFKBIA;NGF;NGFR;PRKCI;RELA;RIPK2;RPS27A;SQSTM1;TRAF6;UBA52;UBB;UBC	S:IRAK1;MYD88;NGF;RIPK2;SQSTM1;UBA52;UBB
S:REACTOME_PHASE_4_RESTING_MEMBRANE_POTENTIAL	D:19	S:KCNJ12;KCNJ14;KCNJ2;KCNJ4;KCNK1;KCNK10;KCNK12;KCNK13;KCNK15;KCNK16;KCNK17;KCNK18;KCNK2;KCNK3;KCNK4;KCNK5;KCNK6;KCNK7;KCNK9	S:KCNJ12;KCNJ2;KCNK1;KCNK15;KCNK16;KCNK18;KCNK2;KCNK3;KCNK4;KCNK7
S:REACTOME_REGULATION_OF_FOXO_TRANSCRIPTIONAL_ACTIVITY_BY_ACETYLATION	D:10	S:CREBBP;EP300;FOXO1;FOXO3;FOXO4;KAT2B;SIRT1;SIRT3;TXN;TXNIP	S:CREBBP;EP300;FOXO1;SIRT1;TXNIP
S:REACTOME_SIGNAL_REGULATORY_PROTEIN_FAMILY_INTERACTIONS	D:14	S:CD47;GRB2;PTK2;PTK2B;PTPN11;PTPN6;SFTPA1;SFTPD;SIRPA;SIRPB1;SIRPG;SKAP2;SRC;TYROBP	S:PTK2B;PTPN6;SFTPA1;SFTPD;SIRPA;SIRPB1;SRC
S:REACTOME_CO_STIMULATION_BY_ICOS	D:11	S:ICOS;ICOSLG;PIK3CA;PIK3CB;PIK3CD;PIK3CG;PIK3R1;PIK3R2;PIK3R3;PIK3R5;PIK3R6	S:ICOS;ICOSLG;PIK3CA;PIK3CB;PIK3CG;PIK3R1;PIK3R3;PIK3R5
S:REACTOME_RHO_GTPASES_ACTIVATE_KTN1	D:11	S:CDC42;KIF5A;KIF5B;KLC1;KLC2;KLC3;KLC4;KTN1;RAC1;RHOA;RHOG	S:KLC2;KLC3;KLC4;RHOG
S:REACTOME_THE_NLRP3_INFLAMMASOME	D:16	S:APP;CASP1;HMOX1;HSP90AB1;MEFV;NFKB1;NFKB2;NLRP3;P2RX7;PANX1;PSTPIP1;PYCARD;RELA;SUGT1;TXN;TXNIP	S:CASP1;MEFV;NFKB2;NLRP3;P2RX7;PYCARD;TXN
S:REACTOME_TRANSCRIPTIONAL_AND_POST_TRANSLATIONAL_REGULATION_OF_MITF_M_EXPRESSION_AND_ACTIVITY	D:54	S:AIMP1;AIMP2;AKT3;ALX3;CDH1;CREB1;CREBBP;CSF1;CTNNB1;EDN1;EDN3;EDNRB;EEF1E1;EP300;FOXD3;GSK3B;HDAC1;HINT1;ID1;KIT;KITLG;LEF1;MAPK1;MAPK3;MARK3;MC1R;MC3R;MC4R;MC5R;MITF;PAX3;POMC;POU3F2;RPS6KA1;SIRT1;SNAI2;SOX10;SOX2;SOX9;SUMO1;TBX3;TFE3;TFEB;TFEC;TNFSF11;UBE2I;WNT3A;XPO1;YWHAB;YWHAE;YWHAG;YWHAH;YWHAZ;ZIC1	S:AIMP1;AIMP2;AKT3;ALX3;CDH1;CREB1;CREBBP;CSF1;EDN1;EEF1E1;EP300;GSK3B;HDAC1;KIT;LEF1;MAPK1;MC1R;MC3R;MC4R;MC5R;MITF;POU3F2;SIRT1;SOX10;TBX3;TFEC;UBE2I;XPO1;YWHAB;YWHAG;YWHAH;YWHAZ
S:REACTOME_DAG1_GLYCOSYLATIONS	D:11	S:B3GALNT2;CHST10;DAG1;FKRP;FKTN;MGAT5B;POMGNT1;POMT1;POMT2;SLC35A1;SLC35A4	S:B3GALNT2;DAG1;FKRP;FKTN;POMT1;POMT2;SLC35A1
S:REACTOME_ABERRANT_REGULATION_OF_MITOTIC_EXIT_IN_CANCER_DUE_TO_RB1_DEFECTS	D:19	S:ANAPC1;ANAPC10;ANAPC11;ANAPC16;ANAPC2;ANAPC4;ANAPC5;ANAPC7;CDC16;CDC23;CDC26;CDC27;FZR1;RB1;SKP2;UBE2C;UBE2D1;UBE2E1;UBE2S	S:ANAPC1;ANAPC10;ANAPC11;ANAPC16;ANAPC4;ANAPC5;ANAPC7;CDC23;CDC26;CDC27;RB1;SKP2;UBE2E1
S:REACTOME_SIGNALING_BY_EGFR_IN_CANCER	D:25	S:AREG;BTC;CBL;CDC37;EGF;EGFR;EPGN;EREG;GAB1;GRB2;HBEGF;HRAS;HSP90AA1;KRAS;NRAS;PIK3CA;PIK3R1;PLCG1;RPS27A;SHC1;SOS1;TGFA;UBA52;UBB;UBC	S:AREG;CBL;EGF;EGFR;GRB2;HBEGF;HSP90AA1;KRAS;PIK3CA;PIK3R1;PLCG1;RPS27A;SHC1;SOS1;UBC
S:REACTOME_BIOSYNTHESIS_OF_SPECIALIZED_PRORESOLVING_MEDIATORS_SPMS	D:19	S:ALOX12;ALOX15;ALOX5;ALOX5AP;CYP1A1;CYP1A2;CYP2C8;CYP2C9;CYP2D6;CYP2E1;CYP3A4;EPHX2;GPX4;GSTM4;HPGD;LTA4H;LTC4S;PTGR1;PTGS2	S:ALOX12;CYP1A2;CYP2C8;CYP2D6;CYP3A4;GPX4;GSTM4;LTA4H
S:REACTOME_BETA_OXIDATION_OF_VERY_LONG_CHAIN_FATTY_ACIDS	D:11	S:ABCD1;ACAA1;ACOT4;ACOT8;ACOX1;DECR2;ECI2;EHHADH;HSD17B4;MLYCD;SLC27A2	S:ABCD1;ACAA1;ACOT8;DECR2
S:REACTOME_BASIGIN_INTERACTIONS	D:25	S:ATP1B1;ATP1B2;ATP1B3;BSG;CAV1;ITGA3;ITGA6;ITGB1;L1CAM;MAG;MMP1;PPIA;PPIL2;SLC16A1;SLC16A3;SLC16A8;SLC3A2;SLC7A10;SLC7A11;SLC7A5;SLC7A6;SLC7A7;SLC7A8;SLC7A9;SPN	S:ATP1B2;BSG;MAG;MMP1;PPIA;SLC16A1;SLC16A8;SLC3A2;SLC7A10;SLC7A11;SLC7A5;SLC7A7
S:REACTOME_EPHRIN_SIGNALING	D:19	S:ARHGEF7;EFNB1;EFNB2;EFNB3;EPHB1;EPHB2;EPHB3;EPHB4;EPHB6;FYN;GIT1;MYL12A;NCK2;PAK1;PAK2;PAK3;RAC1;SDCBP;SRC	S:ARHGEF7;EFNB1;EPHB1;EPHB2;EPHB4;EPHB6;FYN;MYL12A;PAK1;PAK2;PAK3;RAC1;SDCBP
S:REACTOME_MET_PROMOTES_CELL_MOTILITY	D:41	S:COL11A1;COL11A2;COL1A1;COL1A2;COL24A1;COL27A1;COL2A1;COL3A1;COL5A1;COL5A2;COL5A3;CRK;CRKL;DOCK7;FN1;GAB1;GRB2;HGF;ITGA2;ITGA3;ITGB1;LAMA1;LAMA2;LAMA3;LAMA4;LAMA5;LAMB1;LAMB2;LAMB3;LAMC1;LAMC2;LAMC3;MET;PTK2;RAC1;RAP1A;RAP1B;RAPGEF1;SRC;TNS3;TNS4	S:COL11A1;COL1A1;COL24A1;COL27A1;COL2A1;COL3A1;CRK;CRKL;FN1;GAB1;LAMA1;LAMA3;LAMA4;LAMA5;LAMB2;LAMC2;LAMC3;RAPGEF1;SRC
S:REACTOME_SIGNALING_BY_FGFR3	D:40	S:BRAF;CBL;FGF1;FGF16;FGF17;FGF18;FGF2;FGF20;FGF23;FGF4;FGF5;FGF8;FGF9;FGFR3;FRS2;FRS3;GAB1;GALNT3;GRB2;HRAS;KRAS;MAPK1;MAPK3;MKNK1;NRAS;PIK3CA;PIK3R1;PLCG1;PPP2CA;PPP2CB;PPP2R1A;PTPN11;RPS27A;SHC1;SOS1;SPRY2;SRC;UBA52;UBB;UBC	S:FGF1;FGF17;FGF20;FGF23;FGF4;FGF5;FGF8;FGF9;FGFR3;FRS2;FRS3;GAB1;HRAS;MAPK3;MKNK1;NRAS;PPP2CA;PPP2R1A;SRC;UBA52;UBB
S:REACTOME_THE_ACTIVATION_OF_ARYLSULFATASES	D:11	S:ARSA;ARSB;ARSD;ARSF;ARSG;ARSI;ARSJ;ARSK;STS;SUMF1;SUMF2	S:ARSB;ARSD;ARSF;ARSG;ARSJ;ARSK;STS;SUMF1;SUMF2
S:REACTOME_RESPONSE_TO_ELEVATED_PLATELET_CYTOSOLIC_CA2	D:128	S:A1BG;A2M;ABCC4;ACTN1;ACTN2;ACTN4;AHSG;ALB;ALDOA;ANXA5;APLP2;APOA1;APOH;APOOL;APP;BRPF3;CALM1;CALU;CAP1;CD109;CD36;CD63;CD9;CDC37L1;CFD;CFL1;CHID1;CLEC3B;CLU;CTSW;CYB5R1;ECM1;EGF;ENDOD1;F13A1;F5;F8;FAM3C;FERMT3;FGA;FGB;FGG;FLNA;FN1;GAS6;GTPBP2;HABP4;HGF;HRG;HSPA5;IGF1;IGF2;ISLR;ITGA2B;ITGB3;ITIH3;ITIH4;KNG1;LAMP2;LEFTY2;LGALS3BP;LHFPL2;LY6G6F;MAGED2;MANF;MMRN1;NHLRC2;OLA1;ORM1;ORM2;PCDH7;PCYOX1L;PDGFA;PDGFB;PECAM1;PF4;PFN1;PHACTR2;PLEK;PLG;PPBP;PPIA;PRKCA;PRKCB;PRKCG;PROS1;PSAP;QSOX1;RAB27B;RARRES2;SCCPDH;SCG3;SELP;SERPINA1;SERPINA3;SERPINA4;SERPINE1;SERPINF2;SERPING1;SOD1;SPARC;SPP2;SRGN;STX4;STXBP2;STXBP3;SYTL4;TAGLN2;TEX264;TF;TGFB1;TGFB2;TGFB3;THBS1;TIMP1;TIMP3;TLN1;TMSB4X;TMX3;TTN;TUBA4A;VCL;VEGFA;VEGFB;VEGFC;VTI1B;VWF;WDR1	S:A2M;ALB;ALDOA;ANXA5;APLP2;APOH;APOOL;APP;BRPF3;CALM1;CAP1;CD109;CD63;CD9;CDC37L1;CFD;CLU;ECM1;EGF;ENDOD1;F13A1;F8;FAM3C;HABP4;HGF;HRG;HSPA5;IGF1;ITGB3;ITIH3;ITIH4;LAMP2;LEFTY2;MAGED2;MANF;MMRN1;NHLRC2;OLA1;PCYOX1L;PDGFA;PDGFB;PECAM1;PF4;PHACTR2;PLG;PRKCA;PRKCB;PROS1;PSAP;RARRES2;SCCPDH;SCG3;SERPINA4;SERPINE1;SERPINF2;SOD1;SPARC;SPP2;STXBP3;SYTL4;TF;TGFB2;TGFB3;TMSB4X;TMX3;TTN;TUBA4A;VCL;VEGFA;VEGFB;VEGFC;WDR1
S:REACTOME_HEPARAN_SULFATE_HEPARIN_HS_GAG_METABOLISM	D:39	S:AGRN;EXT1;EXT2;EXTL2;EXTL3;GLCE;GPC1;GPC2;GPC3;GPC4;GPC5;GPC6;HGSNAT;HPSE;HPSE2;HS2ST1;HS3ST1;HS3ST2;HS3ST3A1;HS3ST3B1;HS3ST4;HS3ST5;HS6ST1;HS6ST2;HS6ST3;HSPG2;IDS;IDUA;NAGLU;NDST1;NDST2;NDST3;NDST4;SDC1;SDC2;SDC3;SDC4;SGSH;SLC35D2	S:AGRN;EXT1;EXTL3;GPC4;GPC5;GPC6;HPSE;HS3ST3A1;HS3ST5;HS6ST3;IDUA;NAGLU;NDST2;NDST3;SDC1;SGSH
S:REACTOME_NON_INTEGRIN_MEMBRANE_ECM_INTERACTIONS	D:80	S:ACTA1;ACTA2;ACTB;ACTC1;ACTG1;ACTG2;ACTN1;AGRN;CASK;COL10A1;COL11A1;COL11A2;COL1A1;COL1A2;COL2A1;COL3A1;COL4A1;COL4A2;COL4A3;COL4A4;COL4A5;COL4A6;COL5A1;COL5A2;COL5A3;DAG1;DDR1;DDR2;DMD;DRP2;DTNA;DTNB;FGF2;FN1;HSPG2;ITGA2;ITGA6;ITGAV;ITGB1;ITGB3;ITGB4;ITGB5;LAMA1;LAMA2;LAMA3;LAMA4;LAMA5;LAMB1;LAMB2;LAMB3;LAMC1;LAMC2;LAMC3;NRXN1;NTN4;PDGFA;PDGFB;PRKCA;SDC1;SDC2;SDC3;SDC4;SGCA;SGCB;SGCD;SGCE;SGCG;SGCZ;SNTA1;SNTB1;SNTB2;SNTG2;SSPN;TGFB1;THBS1;TNC;TRAPPC4;TTR;UTRN;VTN	S:ACTA1;ACTB;ACTG1;ACTG2;CASK;COL10A1;COL11A2;COL1A2;COL4A3;COL4A4;COL5A1;COL5A2;COL5A3;DAG1;DDR1;DDR2;DRP2;DTNB;FGF2;HSPG2;ITGA2;ITGA6;ITGB1;ITGB3;ITGB5;LAMA2;LAMB1;LAMB3;LAMC1;NTN4;PDGFA;PDGFB;PRKCA;SDC2;SDC3;SDC4;SGCB;SGCE;SNTA1;SNTB1;SNTB2;SNTG2;SSPN;TRAPPC4;UTRN
S:REACTOME_SUMOYLATION_OF_IMMUNE_RESPONSE_PROTEINS	D:12	S:EIF2AK2;IKBKE;IKBKG;NFKB2;NFKBIA;PIAS3;PIAS4;RELA;SUMO1;SUMO3;TOPORS;UBE2I	S:IKBKE;IKBKG;NFKB2;PIAS4;SUMO1;SUMO3
S:REACTOME_NUCLEAR_EVENTS_MEDIATED_BY_NFE2L2	D:86	S:ABCC1;ABCC3;ABCF2;ABCG2;ADRM1;AREG;ATF4;BACH1;BCL2;BCL2L1;BTRC;CCL2;CDKN2A;CHD6;CREBBP;CUL1;EGF;EP300;G6PD;GCLC;GCLM;GSK3B;GSR;GSTA1;GSTA3;HMOX1;IDH1;KEAP1;MAFG;MAFK;ME1;MYC;NFE2L2;NFKB1;NOTCH1;NQO1;PDGFA;PGD;PRDX1;PRKAA2;PSMA1;PSMA2;PSMA3;PSMA4;PSMA5;PSMA6;PSMA7;PSMB1;PSMB2;PSMB3;PSMB4;PSMB5;PSMB6;PSMB7;PSMC1;PSMC2;PSMC3;PSMC4;PSMC5;PSMC6;PSMD1;PSMD11;PSMD12;PSMD13;PSMD14;PSMD2;PSMD3;PSMD6;PSMD7;PSMD8;RBX1;RELA;RPS27A;SKP1;SLC7A11;SOD3;SP1;SQSTM1;SRXN1;TALDO1;TKT;TXN;TXNRD1;UBA52;UBB;UBC	S:ABCF2;AREG;ATF4;BACH1;BTRC;CCL2;CDKN2A;CHD6;CREBBP;CUL1;EGF;EP300;GCLM;GSK3B;GSR;GSTA3;HMOX1;KEAP1;MAFG;ME1;MYC;NFE2L2;NFKB1;NOTCH1;NQO1;PDGFA;PRDX1;PSMA1;PSMA3;PSMA4;PSMA5;PSMA6;PSMA7;PSMB1;PSMB2;PSMB3;PSMB4;PSMC5;PSMC6;PSMD1;PSMD11;PSMD12;PSMD14;PSMD2;PSMD3;PSMD6;PSMD7;RELA;RPS27A;SOD3;TALDO1;TKT;UBC
S:REACTOME_TRAFFICKING_OF_AMPA_RECEPTORS	D:31	S:AKAP5;AP2A1;AP2A2;AP2B1;AP2M1;AP2S1;CACNG2;CACNG3;CACNG4;CACNG8;CAMK2A;CAMK2B;CAMK2D;CAMK2G;DLG1;DLG4;EPB41L1;GRIA1;GRIA2;GRIA3;GRIA4;GRIP1;GRIP2;MDM2;MYO6;NSF;PICK1;PRKCA;PRKCB;PRKCG;TSPAN7	S:AKAP5;AP2A1;AP2A2;AP2B1;AP2M1;AP2S1;CACNG8;DLG4;GRIA2;GRIA3;GRIP2;PICK1;PRKCG;TSPAN7
S:REACTOME_SIGNALING_BY_PDGFRA_TRANSMEMBRANE_JUXTAMEMBRANE_AND_KINASE_DOMAIN_MUTANTS	D:12	S:GRB2;HRAS;KRAS;NRAS;PDGFRA;PIK3CA;PIK3CB;PIK3R1;PIK3R2;SOS1;STAT1;STAT3	S:GRB2;KRAS;PDGFRA;PIK3CA;PIK3CB;PIK3R1;SOS1;STAT1
S:REACTOME_CARNITINE_SHUTTLE	D:14	S:ACACA;ACACB;CPT1A;CPT1B;CPT2;MID1IP1;PPARD;PRKAA2;PRKAB2;PRKAG2;RXRA;SLC22A5;SLC25A20;THRSP	S:ACACA;ACACB;CPT1A;MID1IP1;PPARD;PRKAB2;PRKAG2;SLC22A5;SLC25A20;THRSP
S:REACTOME_DOWNSTREAM_SIGNAL_TRANSDUCTION	D:29	S:BCAR1;CRK;CRKL;GRB2;GRB7;HRAS;KRAS;NCK1;NCK2;NRAS;PDGFA;PDGFB;PDGFRA;PDGFRB;PIK3CA;PIK3CB;PIK3R1;PIK3R2;PLCG1;PTPN11;RAPGEF1;RASA1;SOS1;SRC;STAT1;STAT3;STAT5A;STAT5B;STAT6	S:BCAR1;GRB2;GRB7;KRAS;NCK1;PDGFA;PDGFB;PDGFRA;PDGFRB;PIK3CA;PIK3CB;PIK3R1;PLCG1;PTPN11;RASA1;SOS1;STAT1;STAT6
S:REACTOME_NEUROTOXICITY_OF_CLOSTRIDIUM_TOXINS	D:10	S:SNAP25;STX1A;STX1B;SV2A;SV2B;SV2C;SYT1;SYT2;VAMP1;VAMP2	S:SNAP25;SV2A;SYT2;VAMP2
S:REACTOME_RUNX2_REGULATES_BONE_DEVELOPMENT	D:30	S:ABL1;AR;BGLAP;CBFB;COL1A1;GLI2;GLI3;HDAC3;HDAC4;HDAC6;HES1;HEY1;HEY2;MAF;MAPK1;MAPK3;RB1;RBM14;RUNX2;SATB2;SMAD1;SMAD4;SMAD6;SP7;SRC;UCMA;WWTR1;YAP1;YES1;ZNF521	S:ABL1;CBFB;HDAC3;HEY1;HEY2;MAF;MAPK1;RB1;RBM14;RUNX2;SATB2;SMAD1;SMAD4;SMAD6;UCMA;YAP1;YES1
S:REACTOME_SIGNALING_BY_TYPE_1_INSULIN_LIKE_GROWTH_FACTOR_1_RECEPTOR_IGF1R	D:54	S:AKT2;CILP;FGF1;FGF10;FGF16;FGF17;FGF18;FGF19;FGF2;FGF20;FGF22;FGF23;FGF3;FGF4;FGF5;FGF6;FGF7;FGF8;FGF9;FGFR1;FGFR2;FGFR3;FGFR4;FLT3;FLT3LG;FRS2;GAB1;GAB2;GRB2;HRAS;IGF1;IGF1R;IGF2;IRS1;IRS2;IRS4;KL;KLB;KRAS;NRAS;PDE3B;PDPK1;PIK3C3;PIK3CA;PIK3CB;PIK3R1;PIK3R2;PIK3R4;PTPN11;SHC1;SOS1;THEM4;TLR9;TRIB3	S:AKT2;CILP;FGF16;FGF18;FGF19;FGF2;FGF7;FGFR1;FGFR2;FLT3;FLT3LG;GRB2;IGF1;IGF1R;IRS1;IRS2;KL;KRAS;PDE3B;PIK3C3;PIK3CA;PIK3CB;PIK3R1;PIK3R4;PTPN11;SHC1;SOS1;THEM4;TRIB3
S:REACTOME_SIGNAL_ATTENUATION	D:10	S:GRB10;GRB2;INS;INSR;IRS1;IRS2;MAPK1;MAPK3;SHC1;SOS1	S:GRB10;INS;MAPK3
S:REACTOME_ZYGOTIC_GENOME_ACTIVATION_ZGA	D:11	S:CREBBP;DPPA2;DPPA4;DUX4;EP300;LEUTX;TEAD4;TP53;TPRX1;YAP1;ZSCAN4	S:CREBBP;DPPA2;DPPA4;EP300;LEUTX;TEAD4;TP53;TPRX1;YAP1
S:REACTOME_COMPLEX_IV_ASSEMBLY	D:34	S:CMC1;COQ10A;COQ10B;COX11;COX15;COX16;COX17;COX18;COX19;COX4I1;COX4I2;COX5A;COX5B;COX6A1;COX6A2;COX6B1;COX6B2;COX6C;COX7A1;COX7A2;COX7A2L;COX7B;COX7C;COX8A;HIGD1A;HIGD2A;NDUFA4;PNKD;SCO1;SCO2;SURF1;TACO1;TMEM177;TMEM223	S:COX4I1;COX5B;COX6A1;COX6B1;COX6B2;COX6C;COX7A2;COX7A2L;COX7B;COX7C;HIGD2A;NDUFA4;SCO2;SURF1;TACO1
S:REACTOME_DEVELOPMENTAL_LINEAGE_OF_MAMMARY_GLAND_LUMINAL_EPITHELIAL_CELLS	D:24	S:ALDH1A1;ALDH1A3;ANKRD30A;AREG;CD24;CD44;CDH1;EGF;ELF5;EPCAM;ERBB2;ESR1;ITGA6;ITGB1;KIT;KRT18;KRT19;KRT5;KRT8;MUC1;PGR;SLPI;TGFA;TP63	S:ALDH1A1;ANKRD30A;CD24;ELF5;EPCAM;KRT18;KRT19;KRT8;MUC1;PGR;SLPI;TGFA
S:REACTOME_O_GLYCOSYLATION_OF_TSR_DOMAIN_CONTAINING_PROTEINS	D:36	S:ADAMTS1;ADAMTS10;ADAMTS12;ADAMTS13;ADAMTS14;ADAMTS15;ADAMTS16;ADAMTS17;ADAMTS18;ADAMTS19;ADAMTS2;ADAMTS20;ADAMTS3;ADAMTS4;ADAMTS5;ADAMTS6;ADAMTS7;ADAMTS8;ADAMTS9;ADAMTSL1;ADAMTSL2;ADAMTSL3;ADAMTSL4;ADAMTSL5;CFP;POFUT2;SEMA5A;SEMA5B;SPON1;SPON2;THBS1;THBS2;THSD1;THSD4;THSD7A;THSD7B	S:ADAMTS10;ADAMTS12;ADAMTS13;ADAMTS17;ADAMTS18;ADAMTS19;ADAMTS20;ADAMTS3;ADAMTS7;ADAMTS9;ADAMTSL2;ADAMTSL3;ADAMTSL4;ADAMTSL5;THBS1;THSD4;THSD7A;THSD7B
S:REACTOME_STING_MEDIATED_INDUCTION_OF_HOST_IMMUNE_RESPONSES	D:13	S:DDX41;DTX4;IFI16;IRF3;NLRC3;NLRP4;PRKDC;STAT6;TBK1;TREX1;TRIM21;XRCC5;XRCC6	S:DTX4;IFI16;NLRP4;PRKDC;STAT6;TBK1;XRCC6
S:REACTOME_TRANSCRIPTIONAL_REGULATION_OF_PLURIPOTENT_STEM_CELLS	D:30	S:CDX2;DKK1;DPPA4;EOMES;EPAS1;EPHA1;FGF2;FOXD3;FOXP1;GATA6;GSC;HHEX;HIF3A;KLF4;LIN28A;NANOG;NR5A1;NR6A1;PBX1;POU5F1;PRDM14;SALL1;SALL4;SMAD2;SMAD4;SOX2;STAT3;TSC22D1;ZIC3;ZSCAN10	S:DPPA4;EOMES;EPAS1;EPHA1;FGF2;FOXP1;GATA6;GSC;HHEX;NR5A1;NR6A1;PRDM14;SMAD2;SMAD4;TSC22D1;ZIC3;ZSCAN10
S:REACTOME_BILE_ACID_AND_BILE_SALT_METABOLISM	D:41	S:ABCB11;ABCC3;ACOT8;ACOX2;AKR1C1;AKR1C3;AKR1C4;AKR1D1;ALB;AMACR;BAAT;CH25H;CYP27A1;CYP39A1;CYP46A1;CYP7A1;CYP7B1;CYP8B1;FABP6;HSD17B4;HSD3B7;NCOA1;NCOA2;NR1H4;OSBP;OSBPL1A;OSBPL2;OSBPL3;OSBPL6;OSBPL7;OSBPL9;RXRA;SCP2;SLC10A1;SLC10A2;SLC27A2;SLC27A5;SLCO1A2;SLCO1B1;SLCO1B3;STARD5	S:ACOX2;AKR1C1;AKR1C3;AKR1C4;ALB;AMACR;BAAT;CYP27A1;CYP46A1;CYP7A1;FABP6;HSD17B4;NCOA1;NCOA2;NR1H4;OSBP;OSBPL1A;OSBPL2;OSBPL3;OSBPL6;OSBPL7;OSBPL9;SCP2;SLC10A2;SLC27A2;SLC27A5;STARD5
S:REACTOME_CARDIOGENESIS	D:26	S:CTNNB1;EOMES;FOXO4;GATA4;GATA6;HAND1;HAND2;HEY1;HEY2;ISL1;KAT2A;KAT5;LDB1;LEF1;MEF2C;MESP1;MYOCD;NKX2-5;SMAD1;SMAD4;SMYD1;SRF;TBX1;TBX20;TBX5;WDR5	S:CTNNB1;FOXO4;GATA4;ISL1;LDB1;MESP1;MYOCD;NKX2-5;SMYD1;TBX1;TBX20;TBX5
S:REACTOME_MAPK_FAMILY_SIGNALING_CASCADES	D:300	S:ACTB;ACTG1;ACTN2;ADRM1;ANGPT1;APBB1IP;ARAF;AREG;ARL2;ARRB1;ARRB2;ARTN;BCL2L1;BRAF;BRAP;BTC;CALM1;CAMK2A;CAMK2B;CAMK2D;CAMK2G;CCND3;CDC14A;CDC14B;CDC42;CDC42EP2;CDC42EP3;CDC42EP5;CDK1;CNKSR1;CNKSR2;CSF2;CSF2RA;CSF2RB;CSK;CUL3;DAB2IP;DLG1;DLG2;DLG3;DLG4;DNAJB1;DUSP1;DUSP10;DUSP16;DUSP2;DUSP4;DUSP5;DUSP6;DUSP7;DUSP8;DUSP9;EGF;EGFR;EPGN;ERBB2;ERBB3;ERBB4;EREG;ETV4;FGA;FGB;FGF1;FGF10;FGF16;FGF17;FGF18;FGF19;FGF2;FGF20;FGF22;FGF23;FGF3;FGF4;FGF5;FGF6;FGF7;FGF8;FGF9;FGFR1;FGFR2;FGFR3;FGFR4;FGG;FLT3;FLT3LG;FN1;FNTA;FNTB;FOXO1;FOXO3;FRS2;FRS3;FYN;GDNF;GFRA1;GFRA2;GFRA3;GFRA4;GOLGA7;GRB2;GRIN1;GRIN2B;GRIN2D;HBEGF;HGF;HRAS;HSPB1;ICMT;IGF2BP1;IL17RD;IL2;IL2RA;IL2RB;IL2RG;IL3;IL3RA;IL5;IL5RA;IL6;IL6R;IL6ST;IQGAP1;IRS1;IRS2;ITGA2B;ITGB3;JAK1;JAK2;JAK3;JUN;KALRN;KBTBD7;KIT;KITLG;KL;KLB;KRAS;KSR1;KSR2;LAMTOR2;LAMTOR3;LAT;LRRC7;LYPLA1;MAP2K1;MAP2K2;MAP3K11;MAPK1;MAPK12;MAPK3;MAPK4;MAPK6;MAPKAPK5;MARK3;MET;MMP10;MMP2;MOV10;MRAS;MYC;NCAM1;NCOA3;NEFL;NF1;NRAS;NRG1;NRG2;NRG3;NRG4;NRTN;PAK1;PAK2;PAK3;PAQR3;PDE6D;PDGFA;PDGFB;PDGFRA;PDGFRB;PEA15;PEBP1;PIK3CA;PIK3CB;PIK3R1;PIK3R2;PPP1CB;PPP1CC;PPP2CA;PPP2CB;PPP2R1A;PPP2R1B;PPP2R5A;PPP2R5B;PPP2R5C;PPP2R5D;PPP2R5E;PPP5C;PRKACA;PRKACB;PRKACG;PRKCQ;PRKG2;PSMA1;PSMA2;PSMA3;PSMA4;PSMA5;PSMA6;PSMA7;PSMB1;PSMB2;PSMB3;PSMB4;PSMB5;PSMB6;PSMB7;PSMC1;PSMC2;PSMC3;PSMC4;PSMC5;PSMC6;PSMD1;PSMD11;PSMD12;PSMD13;PSMD14;PSMD2;PSMD3;PSMD6;PSMD7;PSMD8;PSPN;PTK2;PTPN11;PTPN3;PTPN7;PTPRA;RAC1;RAF1;RAG1;RAG2;RALGDS;RANBP9;RAP1A;RAP1B;RAPGEF2;RASA1;RASA2;RASA3;RASA4;RASAL1;RASAL2;RASAL3;RASGEF1A;RASGRF1;RASGRF2;RASGRP1;RASGRP3;RASGRP4;RBX1;RCE1;RET;RGL1;RGL2;RGL3;RPS27A;SHC1;SHC2;SHC3;SHOC2;SOS1;SPRED1;SPRED2;SPTA1;SPTAN1;SPTB;SPTBN1;SPTBN2;SPTBN4;SPTBN5;SRC;SYNGAP1;TEK;TGFA;TLN1;TNRC6A;TNRC6B;TNRC6C;TYK2;UBA52;UBB;UBC;VCL;VWF;WDR83;XPO1;YWHAB;ZDHHC9	S:ACTB;ACTG1;ANGPT1;APBB1IP;AREG;ARTN;BRAF;BRAP;CALM1;CAMK2A;CAMK2B;CAMK2D;CAMK2G;CDC14A;CDC14B;CDC42;CDC42EP5;CDK1;CNKSR1;CSF2;CUL3;DAB2IP;DLG1;DLG3;DUSP1;DUSP10;DUSP16;DUSP2;DUSP5;DUSP6;EGF;EGFR;ERBB2;ERBB4;ETV4;FGF16;FGF18;FGF19;FGF2;FGF7;FGFR1;FGFR2;FLT3;FLT3LG;FNTA;FNTB;FOXO1;FYN;GFRA2;GOLGA7;GRB2;GRIN2B;GRIN2D;HBEGF;HGF;IL2RA;IL2RB;IL3;IL3RA;IL6;IL6R;IL6ST;IQGAP1;IRS1;IRS2;ITGB3;JAK1;JUN;KBTBD7;KIT;KL;KRAS;LAMTOR3;LAT;LYPLA1;MAP2K1;MAPK1;MAPK4;MAPK6;MAPKAPK5;MET;MMP2;MOV10;MYC;NCOA3;NEFL;NF1;NRG3;PAK1;PAK2;PAK3;PAQR3;PDE6D;PDGFA;PDGFB;PDGFRA;PDGFRB;PEBP1;PIK3CA;PIK3CB;PIK3R1;PPP1CC;PPP2CB;PPP2R1B;PPP2R5A;PPP2R5C;PPP2R5D;PPP2R5E;PPP5C;PRKACB;PRKACG;PRKCQ;PRKG2;PSMA1;PSMA3;PSMA4;PSMA5;PSMA6;PSMA7;PSMB1;PSMB2;PSMB3;PSMB4;PSMC5;PSMC6;PSMD1;PSMD11;PSMD12;PSMD14;PSMD2;PSMD3;PSMD6;PSMD7;PTK2;PTPN11;PTPN7;PTPRA;RAC1;RANBP9;RAP1A;RAP1B;RAPGEF2;RASA1;RASA2;RASA3;RASAL2;RASAL3;RASGEF1A;RASGRF1;RASGRP1;RASGRP3;RGL1;RGL3;RPS27A;SHC1;SHC2;SOS1;SPRED1;SPTBN1;SPTBN4;SPTBN5;SYNGAP1;TEK;TNRC6A;TNRC6B;TNRC6C;UBC;VCL;XPO1;YWHAB
S:REACTOME_PREGNENOLONE_BIOSYNTHESIS	D:10	S:AKR1B1;CYP11A1;FDX1;FDXR;STAR;STARD3;STARD3NL;STARD4;STARD6;TSPO	S:STAR;STARD3;STARD6;TSPO
S:REACTOME_SEROTONIN_NEUROTRANSMITTER_RELEASE_CYCLE	D:17	S:CPLX1;PPFIA1;PPFIA2;PPFIA3;PPFIA4;RAB3A;RIMS1;SLC18A2;SNAP25;STX1A;STXBP1;SYN1;SYN2;SYN3;SYT1;UNC13B;VAMP2	S:CPLX1;PPFIA1;PPFIA3;PPFIA4;SLC18A2;STX1A;STXBP1;SYN1;SYN3;SYT1;UNC13B
S:REACTOME_SIGNAL_TRANSDUCTION_BY_L1	D:21	S:CSNK2A1;CSNK2A2;CSNK2B;EGFR;FGFR1;ITGA2B;ITGA5;ITGA9;ITGAV;ITGB1;ITGB3;L1CAM;MAP2K1;MAP2K2;MAPK1;MAPK3;NCAM1;NRP1;PAK1;RAC1;VAV2	S:CSNK2A1;CSNK2B;EGFR;FGFR1;ITGA9;ITGB1;ITGB3;L1CAM;MAP2K1;MAPK1;NRP1;PAK1;RAC1;VAV2
S:REACTOME_INTERLEUKIN_21_SIGNALING	D:10	S:IL21;IL21R;IL2RG;JAK1;JAK3;STAT1;STAT3;STAT4;STAT5A;STAT5B	S:IL2RG;JAK3;STAT3;STAT5A;STAT5B
S:REACTOME_IRE1ALPHA_ACTIVATES_CHAPERONES	D:46	S:ACADVL;ADD1;ARFGAP1;ATP6V0D1;CTDSP2;CUL7;CXXC1;DCTN1;DDX11;DNAJB11;DNAJB9;DNAJC3;EDEM1;ERN1;EXTL1;EXTL2;EXTL3;FKBP14;GFPT1;GOSR2;GSK3A;HDGF;HSPA5;HYOU1;KDELR3;KLHDC3;LMNA;PDIA5;PDIA6;PPP2R5B;PREB;SEC31A;SERP1;SHC1;SRPRB;SSR1;SYVN1;TATDN2;TLN1;TPP1;TSPYL2;WFS1;WIPI1;XBP1;YIF1A;ZBTB17	S:CTDSP2;DNAJB11;DNAJB9;DNAJC3;EDEM1;EXTL2;FKBP14;GFPT1;GOSR2;GSK3A;HSPA5;HYOU1;KDELR3;LMNA;PDIA5;PDIA6;PREB;SEC31A;SHC1;SRPRB;SSR1;SYVN1;TATDN2;WFS1;WIPI1;XBP1;YIF1A
S:REACTOME_ZINC_INFLUX_INTO_CELLS_BY_THE_SLC39_GENE_FAMILY	D:10	S:SLC39A1;SLC39A10;SLC39A14;SLC39A2;SLC39A3;SLC39A4;SLC39A5;SLC39A6;SLC39A7;SLC39A8	S:SLC39A10;SLC39A14;SLC39A4;SLC39A6;SLC39A7;SLC39A8
S:REACTOME_GLYOXYLATE_METABOLISM_AND_GLYCINE_DEGRADATION	D:18	S:AGXT;AGXT2;ALDH4A1;AMT;DAO;DDO;DLD;DLST;GCSH;GLDC;GNMT;GOT2;GRHPR;HAO1;HOGA1;OGDH;PRODH2;PXMP2	S:AGXT2;ALDH4A1;DAO;DDO;DLD;DLST;GCSH;GLDC;GOT2;PRODH2
S:REACTOME_FORMATION_OF_TUBULIN_FOLDING_INTERMEDIATES_BY_CCT_TRIC	D:22	S:CCT2;CCT3;CCT4;CCT5;CCT6A;CCT6B;CCT7;CCT8;TCP1;TUBA1A;TUBA1B;TUBA1C;TUBA3C;TUBA3D;TUBA4A;TUBA8;TUBAL3;TUBB1;TUBB2A;TUBB2B;TUBB3;TUBB6	S:CCT2;CCT3;CCT4;CCT5;CCT6A;CCT6B;CCT7;CCT8;TCP1;TUBA1B;TUBA3C;TUBA4A;TUBB1
S:REACTOME_NGF_STIMULATED_TRANSCRIPTION	D:39	S:ARC;ASCL1;ATF1;ATF2;CDK5;CDK5R1;CDK5R2;CHD4;CREB1;DNM2;EGR1;EGR2;EGR3;EGR4;ELK1;EP300;F3;FOS;FOSB;FOSL1;ID1;ID2;ID3;ID4;JUNB;JUND;LYL1;MEF2D;NAB1;NAB2;REST;RRAD;SGK1;SH3GL3;SRF;TCF12;TPH1;TRIB1;VGF	S:ARC;ASCL1;ATF1;ATF2;CDK5R1;CHD4;CREB1;EGR1;EGR2;EGR3;ELK1;EP300;F3;FOS;FOSB;ID2;ID3;ID4;JUND;NAB1;REST;RRAD;SGK1;SH3GL3;SRF;TCF12
S:REACTOME_SENSORY_PROCESSING_OF_SOUND_BY_OUTER_HAIR_CELLS_OF_THE_COCHLEA	D:49	S:ACTB;ACTG1;ATP2B2;CASK;CDH23;CHRNA10;CHRNA9;CIB2;CLIC5;EPB41L1;EPB41L3;EPS8;EPS8L2;ESPN;ESPNL;EZR;FSCN2;GRXCR1;GSN;KCNMA1;KCNMB1;KCNN2;KCNQ4;LHFPL5;MPP1;MSN;MYH9;MYO15A;MYO1C;MYO3A;MYO3B;MYO7A;OTOGL;PCDH15;PLS1;RDX;SPTAN1;SPTBN1;STRC;TMC1;TMC2;TMIE;TPRN;TRIOBP;TWF1;TWF2;USH1C;USH1G;XIRP2	S:ATP2B2;CDH23;CHRNA10;CHRNA9;CIB2;EPS8;ESPN;FSCN2;GSN;KCNN2;KCNQ4;LHFPL5;MPP1;MYO3B;MYO7A;OTOGL;PCDH15;SPTAN1;TMC1;TMC2;TPRN;TRIOBP;TWF2;XIRP2
S:REACTOME_SIGNALING_BY_NOTCH1_HD_DOMAIN_MUTANTS_IN_CANCER	D:14	S:ADAM10;ADAM17;DLL1;DLL4;JAG1;JAG2;MIB1;MIB2;NEURL1B;NOTCH1;RPS27A;UBA52;UBB;UBC	S:ADAM10;ADAM17;DLL1;JAG1;NEURL1B;NOTCH1;RPS27A;UBC
S:REACTOME_MRNA_DECAY_BY_5_TO_3_EXORIBONUCLEASE	D:15	S:DCP1A;DCP1B;DCP2;DDX6;EDC3;EDC4;LSM1;LSM2;LSM3;LSM4;LSM5;LSM6;LSM7;PATL1;XRN1	S:DCP1A;DCP1B;DCP2;DDX6;EDC4;LSM5;LSM6;PATL1;XRN1
S:REACTOME_PLATELET_ADHESION_TO_EXPOSED_COLLAGEN	D:16	S:ADAMTS13;COL1A1;COL1A2;FCER1G;FYN;GP1BA;GP1BB;GP5;GP6;GP9;ITGA1;ITGA10;ITGA2;ITGB1;LYN;VWF	S:COL1A2;FYN;GP1BA;GP1BB;GP5;GP6;ITGA1;ITGA2;ITGB1;LYN
S:REACTOME_MITOCHONDRIAL_PROTEIN_IMPORT	D:54	S:ACO2;BCS1L;CHCHD10;CHCHD2;CHCHD3;CHCHD4;CHCHD5;CHCHD7;COQ2;COX17;COX19;CS;CYC1;DNAJC19;FXN;GFER;GRPEL1;GRPEL2;HSCB;HSPA9;HSPD1;IDH3G;LDHD;MTX1;MTX2;NDUFB8;OTC;PAM16;PITRM1;PMPCA;PMPCB;SAMM50;SLC25A12;SLC25A13;SLC25A4;SLC25A6;TIMM10;TIMM13;TIMM17A;TIMM17B;TIMM22;TIMM23;TIMM44;TIMM50;TIMM8A;TIMM8B;TIMM9;TOMM20;TOMM22;TOMM40;TOMM5;TOMM6;TOMM7;VDAC1	S:ACO2;CHCHD10;CHCHD2;CHCHD3;CHCHD4;CHCHD7;COX17;COX19;DNAJC19;FXN;GFER;GRPEL1;GRPEL2;HSPA9;HSPD1;MTX2;NDUFB8;OTC;PITRM1;PMPCA;PMPCB;SAMM50;SLC25A12;SLC25A13;SLC25A4;TIMM13;TIMM17A;TIMM22;TIMM44;TIMM50;TIMM8A;TIMM9;TOMM20;TOMM5;VDAC1
S:REACTOME_SIGNALING_BY_FGFR_IN_DISEASE	D:62	S:BAG4;BCR;CNTRL;CPSF6;CUX1;ERLIN2;FGF1;FGF10;FGF16;FGF17;FGF18;FGF2;FGF20;FGF22;FGF23;FGF3;FGF4;FGF5;FGF6;FGF7;FGF8;FGF9;FGFR1;FGFR1OP2;FGFR2;FGFR3;FGFR4;FRS2;GAB1;GAB2;GRB2;GTF2F1;GTF2F2;HRAS;KRAS;LRRFIP1;MYO18A;NCBP1;NCBP2;NRAS;PIK3CA;PIK3R1;PLCG1;POLR2A;POLR2B;POLR2C;POLR2D;POLR2E;POLR2F;POLR2G;POLR2H;POLR2I;POLR2J;POLR2K;POLR2L;SOS1;STAT1;STAT3;STAT5A;STAT5B;TRIM24;ZMYM2	S:FGF1;FGF10;FGF17;FGF20;FGF22;FGF23;FGF3;FGF4;FGF5;FGF6;FGF8;FGF9;FGFR1OP2;FGFR3;FGFR4;FRS2;GAB1;GAB2;HRAS;MYO18A;NRAS;POLR2A;POLR2C;POLR2D;POLR2E;POLR2F;POLR2H;POLR2I;POLR2J;STAT3;STAT5A;STAT5B
S:REACTOME_SIGNALING_BY_INTERLEUKINS	D:431	S:ADRM1;AGER;AIP;AKT1;ALOX15;ALOX5;ALPK1;ANXA1;ANXA2;APP;ARF1;ATF1;ATF2;BATF;BCL2;BCL2L1;BCL6;BIRC5;BLNK;BOLA2B;BRWD1;BTRC;CA1;CANX;CAPZA1;CASP1;CASP3;CASP8;CBL;CCL11;CCL19;CCL2;CCL20;CCL22;CCL3;CCL3L3;CCL4;CCL5;CCND1;CCR1;CCR2;CCR5;CD36;CD4;CD80;CD86;CDC42;CDKN1A;CEBPD;CFL1;CHUK;CISH;CLCF1;CNN2;CNTF;CNTFR;COL1A2;CREB1;CRK;CRKL;CRLF1;CRLF2;CSF1;CSF1R;CSF2;CSF2RA;CSF2RB;CSF3;CSF3R;CTF1;CTSG;CUL1;CXCL1;CXCL10;CXCL2;DUSP3;DUSP4;DUSP6;DUSP7;EBI3;ELK1;F13A1;FASLG;FBXW11;FCER2;FGF2;FN1;FOS;FOXO1;FOXO3;FPR1;FSCN1;FYN;GAB2;GATA3;GRB2;GSDMD;GSTA2;GSTO1;HAVCR2;HCK;HGF;HIF1A;HMGB1;HMOX1;HNRNPA2B1;HNRNPF;HSP90AA1;HSP90B1;HSPA8;HSPA9;ICAM1;IFNG;IKBIP;IKBKB;IKBKG;IL10;IL10RA;IL10RB;IL11;IL11RA;IL12A;IL12B;IL12RB1;IL12RB2;IL13;IL13RA1;IL13RA2;IL15;IL15RA;IL16;IL17A;IL17C;IL17F;IL17RA;IL17RB;IL17RC;IL17RE;IL18;IL18BP;IL18R1;IL18RAP;IL19;IL1A;IL1B;IL1F10;IL1R1;IL1R2;IL1RAP;IL1RAPL1;IL1RL1;IL1RL2;IL1RN;IL2;IL20;IL20RA;IL20RB;IL21;IL21R;IL22;IL22RA1;IL22RA2;IL23A;IL23R;IL24;IL25;IL26;IL27;IL27RA;IL2RA;IL2RB;IL2RG;IL3;IL31;IL31RA;IL32;IL33;IL34;IL3RA;IL4;IL4R;IL5;IL5RA;IL6;IL6R;IL6ST;IL7;IL7R;IL9;IL9R;INPP5D;INPPL1;IRAK1;IRAK2;IRAK3;IRAK4;IRF4;IRS1;IRS2;ITGAM;ITGAX;ITGB1;ITGB2;JAK1;JAK2;JAK3;JUN;JUNB;LAMA5;LBP;LCK;LCN2;LCP1;LGALS9;LIF;LIFR;LMNB1;LRRC14;LYN;MAOA;MAP2K1;MAP2K3;MAP2K4;MAP2K6;MAP2K7;MAP3K3;MAP3K7;MAP3K8;MAPK1;MAPK10;MAPK11;MAPK14;MAPK3;MAPK7;MAPK8;MAPK9;MAPKAPK2;MAPKAPK3;MCL1;MEF2A;MEF2C;MIF;MMP1;MMP2;MMP3;MMP9;MSN;MTAP;MUC1;MYC;MYD88;N4BP1;NANOG;NDN;NFKB1;NFKB2;NFKBIA;NFKBIB;NKIRAS1;NKIRAS2;NLRC5;NLRX1;NOD1;NOD2;NOS2;OPRD1;OPRM1;OSM;OSMR;P4HB;PAK2;PDCD4;PELI1;PELI2;PELI3;PIK3CA;PIK3CB;PIK3CD;PIK3R1;PIK3R2;PIK3R3;PIM1;PITPNA;POMC;POU2F1;PPIA;PPP2CA;PPP2CB;PPP2R1A;PPP2R1B;PPP2R5D;PRKACA;PRTN3;PSMA1;PSMA2;PSMA3;PSMA4;PSMA5;PSMA6;PSMA7;PSMB1;PSMB2;PSMB3;PSMB4;PSMB5;PSMB6;PSMB7;PSMC1;PSMC2;PSMC3;PSMC4;PSMC5;PSMC6;PSMD1;PSMD11;PSMD12;PSMD13;PSMD14;PSMD2;PSMD3;PSMD6;PSMD7;PSMD8;PSME2;PTAFR;PTGS2;PTK2B;PTPN11;PTPN12;PTPN13;PTPN14;PTPN18;PTPN2;PTPN23;PTPN4;PTPN5;PTPN6;PTPN7;PTPN9;PTPRZ1;RAG1;RAG2;RALA;RAP1B;RAPGEF1;RBX1;RELA;RHOU;RIPK2;RORA;RORC;RPLP0;RPS27A;RPS6KA1;RPS6KA2;RPS6KA3;RPS6KA5;S100A12;S100B;S1PR1;SAA1;SDC1;SERPINB2;SHC1;SIGIRR;SKP1;SMAD3;SMARCA4;SNAP25;SNRPA1;SOCS1;SOCS2;SOCS3;SOCS5;SOD1;SOD2;SOS1;SOS2;SOX2;SQSTM1;STAT1;STAT2;STAT3;STAT4;STAT5A;STAT5B;STAT6;STX1A;STX3;STX4;STXBP2;SYK;TAB1;TAB2;TAB3;TALDO1;TBK1;TCP1;TEC;TGFB1;TIFA;TIMP1;TNF;TNFRSF1A;TNFRSF1B;TNIP2;TOLLIP;TP53;TRAF2;TRAF6;TSLP;TWIST1;TXLNA;TYK2;UBA52;UBB;UBC;UBE2N;UBE2V1;USP14;USP18;VAMP2;VAMP7;VAV1;VCAM1;VEGFA;VIM;VRK3;YES1;YWHAZ;ZEB1	S:ADRM1;AGER;AIP;AKT1;ALPK1;ANXA2;BCL2;BCL2L1;CA1;CAPZA1;CASP1;CASP8;CCL19;CCL22;CCR1;CD36;CD4;CD86;CDKN1A;CFL1;CHUK;CLCF1;CNTFR;CRK;CRKL;CRLF1;CSF2RA;CSF2RB;CSF3;CSF3R;CTF1;CTSG;DUSP3;DUSP4;DUSP7;FN1;FOXO3;GAB2;GSDMD;GSTA2;GSTO1;HAVCR2;HCK;HNRNPF;ICAM1;IKBKG;IL10RB;IL11;IL12A;IL12RB1;IL13RA1;IL17F;IL17RA;IL17RC;IL17RE;IL18;IL18BP;IL18R1;IL1A;IL1B;IL1F10;IL1R1;IL1R2;IL1RAP;IL1RN;IL2;IL20;IL20RA;IL22RA1;IL22RA2;IL25;IL26;IL27;IL2RG;IL31;IL31RA;IL32;IL33;IL4R;IL5;IL5RA;IL9;IL9R;INPPL1;IRAK1;IRAK2;IRAK3;IRAK4;ITGAX;JAK2;JAK3;JUNB;LAMA5;LCN2;LGALS9;LIF;LMNB1;MAOA;MAP2K3;MAP2K6;MAP2K7;MAP3K8;MAPK10;MAPK11;MAPK14;MAPK3;MAPK7;MAPKAPK2;MAPKAPK3;MEF2A;MMP1;MUC1;MYD88;N4BP1;NANOG;NFKB2;NFKBIB;NKIRAS2;NLRC5;OPRD1;OPRM1;OSM;PIK3CD;PIK3R2;PIM1;POMC;PPIA;PPP2CA;PPP2R1A;PRKACA;PRTN3;PSMA2;PSMB5;PSMB6;PSMB7;PSMC1;PSMC2;PSMC3;PSMC4;PSMD13;PSMD8;PTK2B;PTPN14;PTPN18;PTPN23;PTPN6;PTPRZ1;RAG1;RAG2;RAPGEF1;RBX1;RIPK2;RPS6KA1;RPS6KA2;S100A12;S100B;SAA1;SDC1;SKP1;SNAP25;SOCS3;SOX2;SQSTM1;STAT2;STAT3;STAT5A;STAT5B;STX3;STX4;STXBP2;TAB1;TGFB1;TIFA;TIMP1;TNF;TNFRSF1A;TNFRSF1B;TNIP2;TOLLIP;TSLP;TWIST1;TYK2;UBA52;UBB;UBE2V1;VAMP2;VCAM1;VRK3
S:REACTOME_ATTENUATION_PHASE	D:27	S:COL4A6;CREBBP;CRYBA4;DEDD2;DNAJB1;DNAJB6;EP300;FKBP4;GML;HSBP1;HSF1;HSP90AA1;HSP90AB1;HSPA1A;HSPA1L;HSPA2;HSPA6;HSPA8;HSPB1;HSPB2;HSPH1;MRPL18;PTGES3;RLN1;SERPINH1;TNFRSF21;UBB	S:CREBBP;DNAJB6;EP300;GML;HSF1;HSP90AA1;HSP90AB1;HSPA1A;HSPA2;HSPA8;HSPH1;MRPL18;RLN1;SERPINH1;TNFRSF21
S:REACTOME_DEVELOPMENTAL_LINEAGES_OF_THE_MAMMARY_GLAND	D:40	S:ACTA2;ALDH1A1;ALDH1A3;ANKRD30A;AREG;CD24;CD44;CDH1;CNN1;CSN2;DLX5;EGF;EGFR;ELF5;EPCAM;ERBB2;ESR1;FGF10;GATA3;ITGA6;ITGB1;KIT;KRT14;KRT18;KRT19;KRT5;KRT8;LALBA;MFGE8;MME;MUC1;MYH11;PGR;PRL;SLPI;TFAP2A;TFAP2C;TGFA;TP63;VIM	S:ACTA2;ALDH1A1;ANKRD30A;CD24;DLX5;ELF5;EPCAM;FGF10;KRT14;KRT18;KRT19;KRT8;LALBA;MME;MUC1;PGR;SLPI;TGFA
S:REACTOME_EICOSANOID_LIGAND_BINDING_RECEPTORS	D:14	S:CYSLTR1;CYSLTR2;GPR17;LTB4R;LTB4R2;OXER1;PTGDR;PTGER1;PTGER2;PTGER3;PTGER4;PTGFR;PTGIR;TBXA2R	S:GPR17;LTB4R;LTB4R2;OXER1;PTGFR;PTGIR;TBXA2R
S:REACTOME_FLT3_SIGNALING_IN_DISEASE	D:28	S:BCL2L1;CBL;CDKN1A;ETV6;FLT3;FLT3LG;GAB2;GOLGB1;GRB2;HRAS;KRAS;MYO18A;NOX4;NRAS;PIK3CA;PIK3R1;PIM1;PTPN11;RPS27A;SOS1;SPTBN1;STAT5A;STAT5B;TRIP11;UBA52;UBB;UBC;ZMYM2	S:BCL2L1;CDKN1A;ETV6;GAB2;HRAS;MYO18A;NRAS;PIM1;STAT5A;STAT5B;UBA52;UBB
S:REACTOME_INFECTION_WITH_MYCOBACTERIUM_TUBERCULOSIS	D:27	S:ATP6V1H;B2M;CORO1A;CTSG;DUSP16;ENO1;GSK3A;HGS;KPNA1;KPNB1;LTF;MAPK1;MAPK3;MRC1;NOS2;PGK1;RAB5A;RAB7A;RNF213;RPS27A;SFPQ;TLR2;TRIM27;UBA52;UBB;UBC;VPS33B	S:CTSG;ENO1;LTF;MAPK3;MRC1;PGK1;RAB5A;RNF213;TRIM27;UBA52;UBB;VPS33B
S:REACTOME_LAMININ_INTERACTIONS	D:30	S:COL18A1;COL4A1;COL4A2;COL4A3;COL4A4;COL4A5;COL4A6;COL7A1;HSPG2;ITGA1;ITGA2;ITGA3;ITGA6;ITGA7;ITGAV;ITGB1;ITGB4;LAMA1;LAMA2;LAMA3;LAMA4;LAMA5;LAMB1;LAMB2;LAMB3;LAMC1;LAMC2;LAMC3;NID1;NID2	S:COL18A1;COL4A1;COL4A2;COL4A5;COL4A6;ITGA7;ITGAV;ITGB4;LAMA1;LAMA3;LAMA4;LAMA5;LAMB2;LAMC2;LAMC3
S:REACTOME_MICRORNA_MIRNA_BIOGENESIS	D:20	S:BCDIN3D;DGCR8;DICER1;DROSHA;POLR2A;POLR2B;POLR2C;POLR2D;POLR2E;POLR2F;POLR2G;POLR2H;POLR2I;POLR2J;POLR2K;POLR2L;PRKRA;RAN;TARBP2;XPO5	S:BCDIN3D;DICER1;DROSHA;POLR2B;POLR2G;POLR2K;POLR2L;PRKRA;RAN;XPO5
S:REACTOME_NEGATIVE_REGULATION_OF_NMDA_RECEPTOR_MEDIATED_NEURONAL_TRANSMISSION	D:21	S:ACTN2;CALM1;CAMK1;CAMK2A;CAMK2B;CAMK2D;CAMK2G;CAMK4;DLG1;DLG2;DLG3;DLG4;GRIN1;GRIN2A;GRIN2B;GRIN2C;GRIN2D;LRRC7;NEFL;PPM1E;PPM1F	S:CALM1;CAMK2A;CAMK2B;CAMK2D;CAMK2G;CAMK4;DLG1;DLG3;GRIN2B;GRIN2C;GRIN2D;NEFL;PPM1E
S:REACTOME_N_GLYCAN_ANTENNAE_ELONGATION	D:14	S:B4GALT1;B4GALT2;B4GALT3;B4GALT4;B4GALT5;B4GALT6;MGAT4A;MGAT4B;MGAT4C;MGAT5;ST3GAL4;ST6GAL1;ST8SIA2;ST8SIA3	S:B4GALT1;B4GALT4;B4GALT6;MGAT4A;MGAT5;ST6GAL1;ST8SIA2;ST8SIA3
S:REACTOME_HS_GAG_BIOSYNTHESIS	D:32	S:AGRN;EXT1;EXT2;EXTL2;EXTL3;GLCE;GPC1;GPC2;GPC3;GPC4;GPC5;GPC6;HS2ST1;HS3ST1;HS3ST2;HS3ST3A1;HS3ST3B1;HS3ST4;HS3ST5;HS6ST1;HS6ST2;HS6ST3;HSPG2;NDST1;NDST2;NDST3;NDST4;SDC1;SDC2;SDC3;SDC4;SLC35D2	S:EXT2;EXTL2;GLCE;GPC1;GPC2;GPC3;HS2ST1;HS3ST1;HS3ST2;HS3ST3B1;HS3ST4;HS6ST1;HS6ST2;HSPG2;NDST1;NDST4;SDC2;SDC3;SDC4;SLC35D2
S:REACTOME_NOREPINEPHRINE_NEUROTRANSMITTER_RELEASE_CYCLE	D:17	S:CPLX1;MAOA;PPFIA1;PPFIA2;PPFIA3;PPFIA4;RAB3A;RIMS1;SLC18A2;SLC22A1;SLC22A2;SNAP25;STX1A;STXBP1;SYT1;UNC13B;VAMP2	S:CPLX1;PPFIA1;PPFIA3;PPFIA4;SLC18A2;SLC22A2;STX1A;STXBP1;SYT1;UNC13B
S:REACTOME_DISEASES_ASSOCIATED_WITH_GLYCOSAMINOGLYCAN_METABOLISM	D:41	S:ACAN;AGRN;B3GALT6;B3GAT3;B4GALT1;B4GALT7;BCAN;BGN;CHST14;CHST3;CHST6;CHSY1;CSPG4;CSPG5;DCN;EXT1;EXT2;FMOD;GPC1;GPC2;GPC3;GPC4;GPC5;GPC6;HEXA;HEXB;HSPG2;KERA;LUM;NCAN;OGN;OMD;PAPSS2;PRELP;SDC1;SDC2;SDC3;SDC4;SLC26A2;ST3GAL3;VCAN	S:ACAN;B3GALT6;B3GAT3;B4GALT1;BCAN;BGN;CHST14;CHST3;CHST6;CHSY1;CSPG4;CSPG5;DCN;EXT2;GPC1;GPC2;GPC3;HEXA;HEXB;HSPG2;KERA;OMD;PAPSS2;PRELP;SDC2;SDC3;SDC4;SLC26A2
S:REACTOME_KETONE_BODY_METABOLISM	D:10	S:AACS;ACAT1;ACSS3;BDH1;BDH2;HMGCL;HMGCLL1;HMGCS2;OXCT1;OXCT2	S:ACSS3;BDH1;HMGCL;HMGCLL1
S:REACTOME_METABOLISM_OF_CARBOHYDRATES_AND_CARBOHYDRATE_DERIVATIVES	D:280	S:AAAS;ABCC5;ACAN;ADPGK;AGL;AGRN;AKR1A1;AKR1B1;ALDH1A1;ALDOA;ALDOB;ALDOC;ARSB;B3GALT1;B3GALT2;B3GALT4;B3GALT5;B3GALT6;B3GAT1;B3GAT2;B3GAT3;B3GNT2;B3GNT3;B3GNT4;B3GNT7;B4GALNT2;B4GALT1;B4GALT2;B4GALT3;B4GALT4;B4GALT5;B4GALT6;B4GALT7;BCAN;BGN;BPGM;CALM1;CD44;CHPF;CHPF2;CHST1;CHST11;CHST12;CHST13;CHST14;CHST15;CHST2;CHST3;CHST5;CHST6;CHST7;CHST9;CHSY1;CHSY3;CRYL1;CSGALNACT1;CSGALNACT2;CSPG4;CSPG5;DCN;DCXR;DERA;DSE;DSEL;ENO1;ENO2;ENO3;EPM2A;EXT1;EXT2;EXTL2;EXTL3;FAM20B;FBP1;FBP2;FMOD;FUT1;FUT2;FUT3;FUT4;FUT5;FUT6;FUT7;FUT9;G6PC2;G6PC3;G6PD;GAA;GALE;GALK1;GALM;GALNS;GALT;GAPDH;GAPDHS;GBE1;GCK;GCKR;GLB1;GLB1L;GLB1L2;GLB1L3;GLCE;GLYCTK;GNPDA1;GNPDA2;GNS;GPC1;GPC2;GPC3;GPC4;GPC5;GPC6;GPI;GUSB;GYG1;GYG2;GYS1;GYS2;HAS1;HAS2;HAS3;HEXA;HEXB;HGSNAT;HK1;HK2;HK3;HKDC1;HMMR;HPSE;HPSE2;HS2ST1;HS3ST1;HS3ST2;HS3ST3A1;HS3ST3B1;HS3ST4;HS3ST5;HS6ST1;HS6ST2;HS6ST3;HSPG2;HYAL1;HYAL2;HYAL3;HYAL4;IDS;IDUA;KERA;KHK;LALBA;LUM;LYVE1;MAN2B1;MAN2B2;MAN2C1;MANBA;NAGLU;NCAN;NDST1;NDST2;NDST3;NDST4;NUP107;NUP133;NUP153;NUP155;NUP160;NUP188;NUP205;NUP210;NUP214;NUP35;NUP37;NUP43;NUP50;NUP54;NUP62;NUP85;NUP88;NUP93;NUP98;OGN;OMD;PAPSS1;PAPSS2;PC;PCK1;PCK2;PFKFB1;PFKFB2;PFKFB3;PFKFB4;PFKL;PFKM;PFKP;PGAM1;PGAM2;PGD;PGK1;PGK2;PGLS;PGM1;PGM2;PGM2L1;PHKA1;PHKA2;PHKB;PHKG1;PHKG2;PKLR;POM121;PPP1R3C;PPP2CA;PPP2CB;PPP2R1A;PPP2R1B;PPP2R5D;PRELP;PRKACA;PRKACB;PRKACG;PRPS1;PRPS1L1;PRPS2;PYGB;PYGL;PYGM;RAE1;RANBP2;RBKS;RHCE;RHD;RPE;RPIA;RPS27A;SDC1;SDC2;SDC3;SDC4;SEC13;SEH1L;SGSH;SHPK;SLC17A5;SLC26A1;SLC26A11;SLC26A2;SLC2A1;SLC35B2;SLC35B3;SLC35D2;SLC37A1;SLC37A2;SLC37A4;SLC9A1;SORD;SPAM1;ST3GAL1;ST3GAL2;ST3GAL3;ST3GAL4;ST3GAL6;ST6GALNAC6;STAB2;TALDO1;TKT;TPI1;TPR;UBA52;UBB;UBC;UGP2;UST;UXS1;VCAN;XYLB;XYLT1;XYLT2	S:ABCC5;ACAN;ADPGK;AGL;AKR1B1;ALDOA;ALDOB;ARSB;B3GALT2;B3GALT4;B3GALT6;B3GAT1;B3GAT3;B3GNT2;B3GNT3;B3GNT4;B4GALT1;B4GALT4;B4GALT6;BCAN;BGN;CALM1;CD44;CHPF;CHPF2;CHST1;CHST11;CHST12;CHST14;CHST15;CHST3;CHST6;CHSY1;CHSY3;CRYL1;CSGALNACT2;CSPG4;CSPG5;DCN;DERA;DSE;DSEL;ENO3;EPM2A;EXT2;EXTL2;FBP1;FBP2;FUT1;FUT3;FUT4;GAA;GALM;GALT;GBE1;GCK;GLB1L2;GLB1L3;GLCE;GNPDA1;GNPDA2;GPC1;GPC2;GPC3;GPI;GUSB;GYG2;GYS1;HAS1;HAS3;HEXA;HEXB;HGSNAT;HK1;HK2;HKDC1;HMMR;HPSE2;HS2ST1;HS3ST1;HS3ST2;HS3ST3B1;HS3ST4;HS6ST1;HS6ST2;HSPG2;IDS;KERA;KHK;LYVE1;MAN2B1;MAN2B2;NDST1;NDST4;NUP107;NUP133;NUP153;NUP155;NUP160;NUP188;NUP205;NUP210;NUP35;NUP37;NUP43;NUP50;NUP54;NUP62;NUP85;NUP88;NUP93;NUP98;OMD;PAPSS2;PC;PCK1;PCK2;PFKFB1;PFKFB2;PFKM;PFKP;PGAM1;PGM1;PGM2;PGM2L1;PHKB;PHKG1;POM121;PPP1R3C;PPP2CB;PPP2R1B;PPP2R5D;PRELP;PRKACB;PRKACG;PRPS1;PRPS1L1;PRPS2;RAE1;RANBP2;RBKS;RPE;RPS27A;SDC2;SDC3;SDC4;SEC13;SEH1L;SHPK;SLC17A5;SLC26A11;SLC26A2;SLC2A1;SLC35B2;SLC35B3;SLC35D2;SLC37A1;SLC37A2;SORD;ST3GAL6;STAB2;TALDO1;TKT;TPR;UBC;UGP2;UST;UXS1;XYLB;XYLT1;XYLT2
S:REACTOME_POSITIVE_REGULATION_OF_CDH1_GENE_TRANSCRIPTION	D:12	S:ARID1A;CDH1;FOXA2;FOXJ2;FOXP2;KLF4;KLF9;RB1;SP1;STRAP;TFAP2A;ZEB2	S:FOXA2;FOXP2;KLF4;SP1;ZEB2
S:REACTOME_RECEPTOR_TYPE_TYROSINE_PROTEIN_PHOSPHATASES	D:20	S:IL1RAP;IL1RAPL1;IL1RAPL2;LRRC4B;NTRK3;PPFIA1;PPFIA2;PPFIA3;PPFIA4;PPFIBP1;PPFIBP2;PTPRD;PTPRF;PTPRS;SLITRK1;SLITRK2;SLITRK3;SLITRK4;SLITRK5;SLITRK6	S:IL1RAP;PPFIA2;PTPRD;SLITRK2;SLITRK3;SLITRK4;SLITRK6
S:REACTOME_ONCOGENIC_MAPK_SIGNALING	D:78	S:ACTB;ACTG1;AGGF1;AGK;AGTRAP;AKAP9;AP3B1;APBB1IP;ARAF;ARRB1;ARRB2;ATG7;BCL2L11;BRAF;BRAP;CALM1;CAMK2A;CAMK2B;CAMK2D;CAMK2G;CLCN6;CNKSR1;CNKSR2;CSK;DUSP10;DUSP16;DUSP6;DUSP7;DUSP8;DUSP9;ESRP1;FAM114A2;FAM131B;FGA;FGB;FGG;FN1;FXR1;HRAS;IQGAP1;ITGA2B;ITGB3;JAK2;KIAA1549;KRAS;KSR1;KSR2;LMNA;MAP2K1;MAP2K2;MAP3K11;MAPK1;MAPK3;MARK3;MPRIP;MRAS;NF1;NRAS;PAPSS1;PEBP1;PPP1CB;PPP1CC;QKI;RAF1;RAP1A;RAP1B;SHOC2;SND1;SPRED1;SPRED2;SRC;TLN1;TRAK1;TRIM24;VCL;VWF;YWHAB;ZC3HAV1	S:AGTRAP;ARAF;ARRB1;ARRB2;BCL2L11;CNKSR2;CSK;DUSP7;DUSP8;DUSP9;FAM131B;FGA;FGB;FGG;FN1;HRAS;ITGA2B;JAK2;KIAA1549;KSR1;KSR2;MAP2K2;MAP3K11;MAPK3;MARK3;MRAS;NRAS;PAPSS1;PPP1CB;QKI;RAF1;SHOC2;SPRED2;SRC;TLN1;VWF;ZC3HAV1
S:REACTOME_SIGNALING_BY_WNT_IN_CANCER	D:33	S:APC;AXIN1;CSNK1A1;CTBP1;CTBP2;CTNNB1;DKK1;DKK2;DKK4;FZD4;FZD5;FZD6;FZD8;GSK3B;KREMEN1;KREMEN2;LRP5;LRP6;PORCN;PPP2CA;PPP2CB;PPP2R1A;PPP2R1B;PPP2R5A;PPP2R5B;PPP2R5C;PPP2R5D;PPP2R5E;RNF43;TCF7L2;TNKS;TNKS2;WNT3A	S:AXIN1;CTBP1;CTNNB1;DKK1;FZD4;FZD5;FZD8;KREMEN1;KREMEN2;LRP6;PORCN;PPP2CA;PPP2R1A;PPP2R5B;RNF43;TCF7L2;WNT3A
S:REACTOME_EGFR_DOWNREGULATION	D:31	S:AREG;ARHGEF7;BTC;CBL;CDC42;EGF;EGFR;EPGN;EPN1;EPS15;EPS15L1;EREG;GRB2;HBEGF;HGS;PTPN12;PTPN3;PTPRK;RPS27A;SH3GL1;SH3GL2;SH3GL3;SH3KBP1;SPRY1;SPRY2;STAM;STAM2;TGFA;UBA52;UBB;UBC	S:AREG;ARHGEF7;CBL;CDC42;EGF;EGFR;EPS15;GRB2;HBEGF;HGS;PTPN12;PTPRK;RPS27A;SH3GL3;SH3KBP1;SPRY1;SPRY2;STAM;STAM2;UBC
S:REACTOME_G_ALPHA_12_13_SIGNALLING_EVENTS	D:78	S:ABR;ADRA1A;ADRA1B;ADRA1D;AKAP13;ARHGEF1;ARHGEF10;ARHGEF10L;ARHGEF11;ARHGEF12;ARHGEF15;ARHGEF16;ARHGEF17;ARHGEF18;ARHGEF19;ARHGEF2;ARHGEF26;ARHGEF3;ARHGEF35;ARHGEF37;ARHGEF38;ARHGEF4;ARHGEF40;ARHGEF5;ARHGEF6;ARHGEF7;ARHGEF9;BTK;ECT2;FGD1;FGD2;FGD3;FGD4;GNA12;GNA13;GNB1;GNB2;GNB3;GNB4;GNB5;GNG10;GNG11;GNG12;GNG13;GNG2;GNG3;GNG4;GNG5;GNG7;GNG8;GNGT1;GNGT2;ITSN1;KALRN;MCF2;MCF2L;NET1;NGEF;OBSCN;PLEKHG2;PLEKHG5;PLXNB1;PREX1;RASGRF2;RHOA;RHOB;RHOC;ROCK1;ROCK2;SOS1;SOS2;TBXA2R;TIAM1;TIAM2;TRIO;VAV1;VAV2;VAV3	S:ADRA1B;ADRA1D;ARHGEF1;ARHGEF11;ARHGEF15;ARHGEF16;ARHGEF19;ARHGEF2;ARHGEF37;ARHGEF40;BTK;ECT2;FGD1;FGD2;GNA12;GNB2;GNB4;GNG10;GNG11;GNG12;GNG13;GNG4;GNGT1;GNGT2;KALRN;OBSCN;PLEKHG5;RASGRF2;RHOC;TBXA2R;TIAM1;TIAM2
S:REACTOME_MECP2_REGULATES_NEURONAL_RECEPTORS_AND_CHANNELS	D:18	S:CREB1;FKBP5;GPRIN1;GRIA2;GRIN2A;GRIN2B;HDAC1;HDAC2;MECP2;MET;NOTCH1;OPRK1;OPRM1;PTPN1;PTPN4;SIN3A;SLC2A3;TRPC3	S:CREB1;GPRIN1;GRIN2B;HDAC1;HDAC2;MECP2;MET;NOTCH1;PTPN1;PTPN4;SIN3A
S:REACTOME_REGULATION_OF_SIGNALING_BY_NODAL	D:10	S:ACVR1B;ACVR1C;ACVR2A;ACVR2B;CER1;CFC1;DAND5;LEFTY1;LEFTY2;NODAL	S:ACVR2A;DAND5;LEFTY1;NODAL
S:REACTOME_TNFR2_NON_CANONICAL_NF_KB_PATHWAY	D:87	S:ADRM1;BIRC2;BIRC3;BTRC;CD27;CD40;CD40LG;CD70;CHUK;CUL1;EDA;EDA2R;EDAR;EDARADD;FASLG;FBXW11;LTA;LTB;LTBR;MAP3K14;NFKB2;PSMA1;PSMA2;PSMA3;PSMA4;PSMA5;PSMA6;PSMA7;PSMB1;PSMB2;PSMB3;PSMB4;PSMB5;PSMB6;PSMB7;PSMC1;PSMC2;PSMC3;PSMC4;PSMC5;PSMC6;PSMD1;PSMD11;PSMD12;PSMD13;PSMD14;PSMD2;PSMD3;PSMD6;PSMD7;PSMD8;RELB;RPS27A;SKP1;TNF;TNFRSF11A;TNFRSF11B;TNFRSF12A;TNFRSF13B;TNFRSF13C;TNFRSF14;TNFRSF17;TNFRSF18;TNFRSF1A;TNFRSF1B;TNFRSF25;TNFRSF4;TNFRSF6B;TNFRSF8;TNFRSF9;TNFSF11;TNFSF12;TNFSF13;TNFSF13B;TNFSF14;TNFSF15;TNFSF18;TNFSF4;TNFSF8;TNFSF9;TRAF2;TRAF3;UBA3;UBA52;UBB;UBC;UBE2M	S:BIRC3;BTRC;CD27;CD40LG;CD70;CUL1;EDA;EDA2R;EDAR;FASLG;FBXW11;LTB;MAP3K14;PSMA1;PSMA3;PSMA4;PSMA5;PSMA6;PSMA7;PSMB1;PSMB2;PSMB3;PSMB4;PSMC5;PSMC6;PSMD1;PSMD11;PSMD12;PSMD14;PSMD2;PSMD3;PSMD6;PSMD7;RELB;RPS27A;TNFRSF11A;TNFRSF11B;TNFRSF13B;TNFRSF13C;TNFRSF17;TNFRSF25;TNFRSF4;TNFRSF9;TNFSF12;TNFSF14;TNFSF15;TNFSF4;TNFSF8;TRAF2;TRAF3;UBC
S:REACTOME_ANTIGEN_PROCESSING_CROSS_PRESENTATION	D:93	S:ADRM1;B2M;BTK;CALR;CD14;CD207;CD36;CHUK;CTSS;CYBA;CYBB;FGA;FGB;FGG;HLA-A;HLA-B;HLA-C;HLA-E;HLA-F;HLA-G;HMGB1;IKBKB;IKBKG;ITGAV;ITGB5;LNPEP;LY96;MRC1;MRC2;MYD88;NCF1;NCF2;NCF4;PDIA3;PSMA1;PSMA2;PSMA3;PSMA4;PSMA5;PSMA6;PSMA7;PSMB1;PSMB10;PSMB2;PSMB3;PSMB4;PSMB5;PSMB6;PSMB7;PSMB8;PSMB9;PSMC1;PSMC2;PSMC3;PSMC4;PSMC5;PSMC6;PSMD1;PSMD11;PSMD12;PSMD13;PSMD14;PSMD2;PSMD3;PSMD6;PSMD7;PSMD8;PSME1;PSME2;RPS27A;S100A1;S100A8;S100A9;SEC22B;SEC61A1;SEC61A2;SEC61B;SEC61G;SNAP23;STX4;TAP1;TAP2;TAPBP;TIRAP;TLR1;TLR2;TLR4;TLR6;UBA52;UBB;UBC;VAMP3;VAMP8	S:B2M;CALR;CD14;HLA-A;HLA-B;HLA-C;HLA-E;HLA-G;HMGB1;IKBKB;ITGB5;LNPEP;NCF1;NCF2;PDIA3;PSMA1;PSMA3;PSMA4;PSMA5;PSMA6;PSMA7;PSMB1;PSMB10;PSMB2;PSMB3;PSMB4;PSMB9;PSMC5;PSMC6;PSMD1;PSMD11;PSMD12;PSMD14;PSMD2;PSMD3;PSMD6;PSMD7;PSME1;PSME2;RPS27A;S100A1;SEC22B;SEC61A1;SEC61A2;SEC61B;SEC61G;SNAP23;TAP1;TAP2;TLR1;TLR2;UBC
S:REACTOME_PHASE_2_PLATEAU_PHASE	D:14	S:AKAP9;CACNA1C;CACNA2D2;CACNB1;CACNB2;CACNG4;CACNG6;CACNG7;CACNG8;KCNE1;KCNE2;KCNE3;KCNE4;KCNQ1	S:CACNA1C;CACNB2;CACNG7;CACNG8;KCNE4
S:REACTOME_THYROXINE_BIOSYNTHESIS	D:14	S:CAV1;CGA;DIO1;DIO2;DIO3;DUOX1;DUOX2;DUOXA1;DUOXA2;IYD;SLC5A5;TPO;TSHB;TXNDC11	S:DIO1;DIO2;DUOXA1;DUOXA2;SLC5A5;TSHB
S:REACTOME_FORMATION_OF_AXIAL_MESODERM	D:12	S:CTNNB1;FOXA1;FOXA2;FOXH1;LEF1;SHH;SMAD2;SMAD3;TCF7;TEAD2;TEAD4;YAP1	S:LEF1;SMAD2;SMAD3;TCF7;TEAD2;TEAD4;YAP1
S:REACTOME_CA_DEPENDENT_EVENTS	D:36	S:ADCY1;ADCY2;ADCY3;ADCY4;ADCY5;ADCY6;ADCY7;ADCY8;ADCY9;CALM1;CAMK2A;CAMK2B;CAMK2D;CAMK2G;CAMK4;CAMKK1;CAMKK2;CREB1;KPNA2;MAPK1;NBEA;PDE1A;PDE1B;PDE1C;PLA2G4A;PRKACA;PRKACB;PRKACG;PRKAR1A;PRKAR1B;PRKAR2A;PRKAR2B;PRKCA;PRKCD;PRKCG;PRKX	S:ADCY1;ADCY3;ADCY4;ADCY5;ADCY7;ADCY9;CALM1;CAMK2A;CAMK2B;CAMK2D;CAMK2G;CAMK4;CREB1;KPNA2;MAPK1;NBEA;PLA2G4A;PRKACB;PRKACG;PRKAR2A;PRKAR2B;PRKCA;PRKX
S:REACTOME_HSF1_DEPENDENT_TRANSACTIVATION	D:37	S:AKT1S1;CAMK2A;CAMK2B;CAMK2D;CAMK2G;COL4A6;CREBBP;CRYAB;CRYBA4;DEDD2;DNAJB1;DNAJB6;EP300;FKBP4;GML;HSBP1;HSF1;HSP90AA1;HSP90AB1;HSPA1A;HSPA1L;HSPA2;HSPA6;HSPA8;HSPB1;HSPB2;HSPB8;HSPH1;MLST8;MRPL18;MTOR;PTGES3;RLN1;RPTOR;SERPINH1;TNFRSF21;UBB	S:CAMK2A;CAMK2B;CAMK2D;CAMK2G;CREBBP;DNAJB6;EP300;GML;HSF1;HSP90AA1;HSP90AB1;HSPA1A;HSPA2;HSPA8;HSPH1;MRPL18;MTOR;RLN1;RPTOR;SERPINH1;TNFRSF21
S:REACTOME_ACTIVATED_NOTCH1_TRANSMITS_SIGNAL_TO_THE_NUCLEUS	D:30	S:ADAM10;ADAM17;APH1A;APH1B;ARRB1;ARRB2;CNTN1;DLK1;DLL1;DLL4;DNER;DTX1;DTX2;DTX4;ITCH;JAG1;JAG2;MIB1;MIB2;NCSTN;NEURL1B;NOTCH1;NUMB;PSEN1;PSEN2;PSENEN;RPS27A;UBA52;UBB;UBC	S:ADAM10;ADAM17;APH1A;APH1B;DLK1;DLL1;DTX1;DTX2;DTX4;ITCH;JAG1;NCSTN;NEURL1B;NOTCH1;PSEN1;PSEN2;RPS27A;UBC
S:REACTOME_AZATHIOPRINE_ADME	D:23	S:ABCC4;ABCC5;GMPS;GSTA1;GSTA2;GSTM1;GUK1;HPRT1;IMPDH1;IMPDH2;NME1;NME2;NUDT15;RAC1;SLC28A2;SLC28A3;SLC29A1;SLC29A2;TPMT;VAV1;VAV2;VAV3;XDH	S:ABCC4;GSTA1;GSTA2;GSTM1;GUK1;IMPDH1;NME1;SLC28A3;SLC29A1
S:REACTOME_DIGESTION	D:18	S:ALPI;AMY1C;CEL;CHIA;CHIT1;CLPS;GUCA2A;GUCA2B;GUCY2C;LCT;LIPF;MGAM;PIR;PNLIP;PNLIPRP1;PNLIPRP2;SI;TREH	S:CHIT1;CLPS;GUCA2B;LIPF;MGAM;PNLIP;PNLIPRP1;SI
S:REACTOME_FGFR2_ALTERNATIVE_SPLICING	D:27	S:ESRP1;ESRP2;FGFR2;GTF2F1;GTF2F2;HNRNPA1;HNRNPF;HNRNPH1;HNRNPM;NCBP1;NCBP2;POLR2A;POLR2B;POLR2C;POLR2D;POLR2E;POLR2F;POLR2G;POLR2H;POLR2I;POLR2J;POLR2K;POLR2L;PTBP1;RBFOX2;TIA1;TIAL1	S:HNRNPF;POLR2A;POLR2C;POLR2D;POLR2E;POLR2F;POLR2H;POLR2I;POLR2J;PTBP1;RBFOX2;TIA1;TIAL1
S:REACTOME_IKK_COMPLEX_RECRUITMENT_MEDIATED_BY_RIP1	D:22	S:BIRC2;BIRC3;CD14;CHUK;IKBKB;IKBKG;LY96;RIPK1;RIPK3;RPS27A;SARM1;TICAM1;TLR4;TRAF6;UBA52;UBB;UBC;UBE2D1;UBE2D2;UBE2D3;UBE2N;UBE2V1	S:BIRC2;CHUK;IKBKG;LY96;RIPK3;TLR4;UBA52;UBB;UBE2D1;UBE2V1
S:REACTOME_INTERLEUKIN_27_SIGNALING	D:11	S:CANX;CRLF1;EBI3;IL27;IL27RA;IL6ST;JAK1;JAK2;STAT1;STAT3;TYK2	S:CANX;EBI3;IL27RA;IL6ST;JAK1;STAT1
S:REACTOME_MET_ACTIVATES_RAP1_AND_RAC1	D:11	S:CRK;CRKL;DOCK7;GAB1;GRB2;HGF;MET;RAC1;RAP1A;RAP1B;RAPGEF1	S:DOCK7;GRB2;HGF;MET;RAC1;RAP1A;RAP1B
S:REACTOME_MITOPHAGY	D:36	S:ATG12;ATG5;ATG9A;CSNK2A1;CSNK2A2;CSNK2B;FUNDC1;MAP1LC3A;MAP1LC3B;MFN1;MFN2;OPTN;PGAM5;PINK1;RPS27A;SQSTM1;SRC;TBK1;TOMM20;TOMM22;TOMM40;TOMM5;TOMM6;TOMM7;UBA52;UBB;UBC;UBE2D2;UBE2D3;UBE2L3;UBE2N;UBE2V1;ULK1;VDAC1;VDAC2;VDAC3	S:ATG9A;CSNK2A2;MAP1LC3A;MAP1LC3B;OPTN;PINK1;SQSTM1;SRC;TOMM22;TOMM40;TOMM6;TOMM7;UBA52;UBB;UBE2L3;UBE2V1;VDAC3
S:REACTOME_NEPHRIN_FAMILY_INTERACTIONS	D:22	S:ACTN1;ACTN2;ACTN3;ACTN4;CASK;CD2AP;FYN;IQGAP1;KIRREL2;KIRREL3;MAGI2;NCK1;NCK2;NPHS1;NPHS2;PIK3CA;PIK3CB;PIK3R1;PIK3R2;SPTAN1;SPTBN1;WASL	S:CASK;CD2AP;FYN;IQGAP1;KIRREL2;KIRREL3;MAGI2;NCK1;NPHS1;PIK3CA;PIK3CB;PIK3R1;SPTBN1
S:REACTOME_NR1H3_NR1H2_REGULATE_GENE_EXPRESSION_LINKED_TO_CHOLESTEROL_TRANSPORT_AND_EFFLUX	D:33	S:ABCA1;ABCG1;ABCG5;ABCG8;APOC1;APOC2;APOC4;APOD;APOE;ARL4C;CETP;EEPD1;EP300;GPS2;HDAC3;KDM1A;KDM1B;KDM3A;KDM4A;MOV10;NCOA1;NCOR1;NCOR2;NR1H2;NR1H3;PLTP;RXRA;RXRB;TBL1X;TBL1XR1;TNRC6A;TNRC6B;TNRC6C	S:ABCA1;ABCG1;ABCG5;APOC2;APOC4;ARL4C;EEPD1;EP300;HDAC3;KDM1B;KDM3A;KDM4A;MOV10;NCOA1;NCOR1;NCOR2;NR1H3;TBL1XR1;TNRC6A;TNRC6B;TNRC6C
S:REACTOME_NUCLEAR_RECEPTOR_TRANSCRIPTION_PATHWAY	D:53	S:AR;ESR1;ESR2;ESRRA;ESRRB;ESRRG;HNF4A;HNF4G;MED1;NCOR1;NCOR2;NR0B1;NR0B2;NR1D1;NR1D2;NR1H2;NR1H3;NR1H4;NR1I2;NR1I3;NR2C1;NR2C2;NR2C2AP;NR2E1;NR2E3;NR2F1;NR2F6;NR3C1;NR3C2;NR4A1;NR4A2;NR4A3;NR5A1;NR5A2;NR6A1;NRBF2;NRBP1;PGR;PPARA;PPARD;PPARG;RARA;RARB;RARG;RORA;RORB;RORC;RXRA;RXRB;RXRG;THRA;THRB;VDR	S:AR;ESRRB;ESRRG;HNF4A;HNF4G;NR0B1;NR1H2;NR1I2;NR2E1;NR2E3;NR2F1;NR2F6;NR4A1;NR4A2;NR5A2;NRBF2;NRBP1;PGR;RARA;RARB;RARG;RORB;RXRA;RXRB;RXRG
S:REACTOME_OVARIAN_TUMOR_DOMAIN_PROTEASES	D:38	S:APC;CDK1;ESR1;IFIH1;IKBKG;MAVS;NOD1;NOD2;OTUB1;OTUB2;OTUD3;OTUD5;OTUD7A;OTUD7B;PTEN;RHOA;RIPK1;RIPK2;RNF128;RNF135;RPS27A;TNFAIP3;TNIP1;TNIP2;TNIP3;TP53;TRAF3;TRAF6;TRIM25;TRIM4;UBA52;UBB;UBC;UBE2D1;VCP;VCPIP1;YOD1;ZRANB1	S:IKBKG;MAVS;OTUB1;PTEN;RIPK2;RNF128;RNF135;TNIP1;TNIP2;TRIM25;UBA52;UBB;UBE2D1;YOD1;ZRANB1
S:REACTOME_PHENYLALANINE_AND_TYROSINE_METABOLISM	D:10	S:ASRGL1;FAH;GSTZ1;HGD;HPD;IL4I1;PAH;PCBD1;QDPR;TAT	S:ASRGL1;HGD;HPD;IL4I1;PCBD1;QDPR;TAT
S:REACTOME_PLATELET_ACTIVATION_SIGNALING_AND_AGGREGATION	D:254	S:A1BG;A2M;AAMP;ABCC4;ABHD12;ABHD6;ACTN1;ACTN2;ACTN4;ADRA2A;ADRA2B;ADRA2C;AHSG;AKT1;ALB;ALDOA;ANXA5;APBB1IP;APLP2;APOA1;APOH;APOOL;APP;ARRB1;ARRB2;BCAR1;BRPF3;CALM1;CALU;CAP1;CD109;CD36;CD63;CD9;CDC37L1;CDC42;CFD;CFL1;CHID1;CLEC1B;CLEC3B;CLU;COL1A1;COL1A2;CRK;CSK;CTSW;CYB5R1;DAGLA;DAGLB;DGKA;DGKB;DGKD;DGKE;DGKG;DGKH;DGKI;DGKQ;DGKZ;ECM1;EGF;ENDOD1;F13A1;F2;F2R;F2RL2;F2RL3;F5;F8;FAM3C;FCER1G;FERMT3;FGA;FGB;FGG;FLNA;FN1;FYN;GAS6;GNA11;GNA12;GNA13;GNA14;GNA15;GNAI1;GNAI2;GNAI3;GNAQ;GNB1;GNB2;GNB3;GNB4;GNB5;GNG10;GNG11;GNG12;GNG13;GNG2;GNG3;GNG4;GNG5;GNG7;GNG8;GNGT1;GNGT2;GP1BA;GP1BB;GP5;GP6;GP9;GRB2;GTPBP2;HABP4;HGF;HRG;HSPA5;IGF1;IGF2;ISLR;ITGA2B;ITGB3;ITIH3;ITIH4;ITPR1;ITPR2;ITPR3;KNG1;LAMP2;LAT;LCK;LCP2;LEFTY2;LGALS3BP;LHFPL2;LY6G6F;LYN;MAGED2;MANF;MAPK1;MAPK14;MAPK3;MGLL;MMRN1;MPL;NHLRC2;OLA1;ORM1;ORM2;P2RY1;P2RY12;PCDH7;PCYOX1L;PDGFA;PDGFB;PDPK1;PDPN;PECAM1;PF4;PFN1;PHACTR2;PIK3CA;PIK3CB;PIK3CG;PIK3R1;PIK3R2;PIK3R3;PIK3R5;PIK3R6;PLA2G4A;PLCG2;PLEK;PLG;PPBP;PPIA;PRKCA;PRKCB;PRKCD;PRKCE;PRKCG;PRKCH;PRKCQ;PRKCZ;PROS1;PSAP;PTK2;PTPN1;PTPN11;PTPN6;QSOX1;RAB27B;RAC1;RAC2;RAF1;RAP1A;RAP1B;RAPGEF3;RAPGEF4;RARRES2;RASGRP1;RASGRP2;RHOA;RHOB;RHOG;SCCPDH;SCG3;SELP;SERPINA1;SERPINA3;SERPINA4;SERPINE1;SERPINF2;SERPING1;SHC1;SOD1;SOS1;SPARC;SPP2;SRC;SRGN;STX4;STXBP2;STXBP3;SYK;SYTL4;TAGLN2;TBXA2R;TEX264;TF;TGFB1;TGFB2;TGFB3;THBS1;THPO;TIMP1;TIMP3;TLN1;TMSB4X;TMX3;TRPC3;TRPC6;TRPC7;TTN;TUBA4A;VAV1;VAV2;VAV3;VCL;VEGFA;VEGFB;VEGFC;VTI1B;VWF;WDR1;YWHAZ	S:A2M;AAMP;ABHD12;ABHD6;ADRA2A;ALB;ALDOA;ANXA5;APBB1IP;APLP2;APOH;APOOL;APP;BCAR1;BRPF3;CALM1;CAP1;CD109;CD63;CD9;CDC37L1;CDC42;CFD;CLEC1B;CLU;COL1A2;DGKD;DGKE;DGKG;DGKH;ECM1;EGF;ENDOD1;F13A1;F2;F2R;F8;FAM3C;FYN;GNA13;GNAI1;GNAI3;GNB1;GNB3;GNB5;GNG2;GNG3;GNG5;GNG7;GNG8;GP1BA;GP1BB;GP5;GP6;GRB2;HABP4;HGF;HRG;HSPA5;IGF1;ITGB3;ITIH3;ITIH4;ITPR1;ITPR2;ITPR3;LAMP2;LAT;LCK;LCP2;LEFTY2;LYN;MAGED2;MANF;MAPK1;MGLL;MMRN1;MPL;NHLRC2;OLA1;P2RY1;PCYOX1L;PDGFA;PDGFB;PDPN;PECAM1;PF4;PHACTR2;PIK3CA;PIK3CB;PIK3CG;PIK3R1;PIK3R3;PIK3R5;PLA2G4A;PLCG2;PLG;PRKCA;PRKCB;PRKCE;PRKCH;PRKCQ;PRKCZ;PROS1;PSAP;PTK2;PTPN1;PTPN11;RAC1;RAC2;RAP1A;RAP1B;RAPGEF3;RARRES2;RASGRP1;RASGRP2;RHOA;RHOB;SCCPDH;SCG3;SERPINA4;SERPINE1;SERPINF2;SHC1;SOD1;SOS1;SPARC;SPP2;STXBP3;SYK;SYTL4;TF;TGFB2;TGFB3;THPO;TMSB4X;TMX3;TRPC7;TTN;TUBA4A;VAV1;VAV2;VAV3;VCL;VEGFA;VEGFB;VEGFC;WDR1;YWHAZ
S:REACTOME_PLATELET_AGGREGATION_PLUG_FORMATION	D:39	S:ADRA2A;ADRA2B;ADRA2C;AKT1;APBB1IP;BCAR1;COL1A1;COL1A2;CRK;CSK;F2;FGA;FGB;FGG;FN1;GP1BA;GP1BB;GP5;GP9;GRB2;ITGA2B;ITGB3;MPL;PDPK1;PTK2;PTPN1;RAP1A;RAP1B;RAPGEF3;RAPGEF4;RASGRP1;RASGRP2;SHC1;SOS1;SRC;SYK;THPO;TLN1;VWF	S:ADRA2A;APBB1IP;BCAR1;COL1A2;F2;GP1BA;GP1BB;GP5;GRB2;ITGB3;MPL;PTK2;PTPN1;RAP1A;RAP1B;RAPGEF3;RASGRP1;RASGRP2;SHC1;SOS1;SYK;THPO
S:REACTOME_RIPK1_MEDIATED_REGULATED_NECROSIS	D:31	S:BIRC2;BIRC3;CASP8;CDC37;CFLAR;FADD;FAS;FASLG;FLOT1;FLOT2;HSP90AA1;ITCH;MLKL;OGT;PDCD6IP;PELI1;RIPK1;RIPK3;RPS27A;SDCBP;STUB1;TNFRSF10A;TNFRSF10B;TNFSF10;TRADD;TRAF2;UBA52;UBB;UBC;UBE2L3;XIAP	S:BIRC2;CASP8;CDC37;CFLAR;FLOT1;FLOT2;MLKL;OGT;RIPK3;STUB1;TNFRSF10A;TNFRSF10B;TNFSF10;UBA52;UBB;UBE2L3
S:REACTOME_SIGNALING_BY_RETINOIC_ACID	D:40	S:ADH1A;ADH1C;ADH4;AKR1C3;ALDH1A1;ALDH1A2;ALDH1A3;ALDH8A1;CRABP1;CRABP2;CYP26A1;CYP26B1;DHRS3;DHRS4;DHRS9;DLAT;DLD;FABP5;PDHA1;PDHA2;PDHB;PDHX;PDK1;PDK2;PDK3;PDK4;PPARD;RARA;RARB;RARG;RDH10;RDH11;RDH13;RDH14;RDH16;RDH5;RXRA;RXRB;RXRG;SDR16C5	S:ALDH1A1;CRABP1;CYP26A1;CYP26B1;DHRS4;PDHA2;PDHB;PDK2;RARA;RARB;RARG;RDH13;RDH16;RDH5;RXRA;RXRB;RXRG;SDR16C5
S:REACTOME_TP53_REGULATES_TRANSCRIPTION_OF_DEATH_RECEPTORS_AND_LIGANDS	D:12	S:FAS;IGFBP3;PPP1R13B;TMEM219;TNFRSF10A;TNFRSF10B;TNFRSF10C;TNFRSF10D;TP53;TP53BP2;TP63;TP73	S:FAS;PPP1R13B;TNFRSF10C;TP53;TP53BP2;TP63;TP73
S:REACTOME_SIGNALING_BY_SCF_KIT	D:43	S:CBL;CHEK1;CMA1;FER;FES;FYN;GAB2;GRAP;GRAP2;GRB10;GRB2;GRB7;HRAS;JAK2;KIT;KITLG;KRAS;LCK;LYN;MMP9;NRAS;PIK3CA;PIK3R1;PIK3R2;PIK3R3;PRKCA;PTPN11;PTPN6;PTPRU;RAC1;SH2B2;SH2B3;SOCS1;SOCS6;SOS1;SRC;STAT1;STAT3;STAT5A;STAT5B;TEC;VAV1;YES1	S:CBL;CHEK1;FER;FYN;GRAP;GRAP2;GRB2;GRB7;KIT;KRAS;LCK;LYN;MMP9;PIK3CA;PIK3R1;PIK3R3;PRKCA;PTPN11;PTPRU;RAC1;SOCS1;SOCS6;SOS1;STAT1;TEC;VAV1;YES1
S:REACTOME_DECTIN_1_MEDIATED_NONCANONICAL_NF_KB_SIGNALING	D:48	S:ADRM1;BTRC;CCL17;CCL22;CHUK;CUL1;FBXW11;MAP3K14;NFKB2;PSMA1;PSMA2;PSMA3;PSMA4;PSMA5;PSMA6;PSMA7;PSMB1;PSMB2;PSMB3;PSMB4;PSMB5;PSMB6;PSMB7;PSMC1;PSMC2;PSMC3;PSMC4;PSMC5;PSMC6;PSMD1;PSMD11;PSMD12;PSMD13;PSMD14;PSMD2;PSMD3;PSMD6;PSMD7;PSMD8;RELA;RELB;RPS27A;SKP1;UBA3;UBA52;UBB;UBC;UBE2M	S:BTRC;CCL17;CUL1;FBXW11;MAP3K14;PSMA1;PSMA3;PSMA4;PSMA5;PSMA6;PSMA7;PSMB1;PSMB2;PSMB3;PSMB4;PSMC5;PSMC6;PSMD1;PSMD11;PSMD12;PSMD14;PSMD2;PSMD3;PSMD6;PSMD7;RELA;RELB;RPS27A;UBC
S:REACTOME_EPHB_MEDIATED_FORWARD_SIGNALING	D:41	S:ACTB;ACTG1;ACTR2;ACTR3;ARPC1A;ARPC1B;ARPC2;ARPC3;ARPC4;ARPC5;CDC42;CFL1;EFNB1;EFNB2;EFNB3;EPHB1;EPHB2;EPHB3;EPHB4;EPHB6;FYN;GRIN1;GRIN2B;HRAS;ITSN1;KALRN;LIMK1;LIMK2;LYN;PAK1;PTK2;RAC1;RASA1;RHOA;ROCK1;ROCK2;SDC2;SRC;TIAM1;WASL;YES1	S:ACTB;ACTG1;ACTR2;ACTR3;ARPC1A;ARPC1B;ARPC2;ARPC3;ARPC5;CDC42;EFNB1;EPHB1;EPHB2;EPHB4;EPHB6;FYN;GRIN2B;ITSN1;LYN;PAK1;PTK2;RAC1;RASA1;RHOA;ROCK1;ROCK2;SDC2;YES1
S:REACTOME_GASTRIN_CREB_SIGNALLING_PATHWAY_VIA_PKC_AND_MAPK	D:18	S:CCKBR;CREB1;EGFR;GAST;GRB2;HBEGF;HRAS;KRAS;MAPK1;MAPK3;MAPK7;MMP3;NRAS;PRKCA;RPS6KA1;RPS6KA2;RPS6KA3;SOS1	S:CCKBR;CREB1;EGFR;GRB2;HBEGF;KRAS;MAPK1;MMP3;PRKCA;RPS6KA3;SOS1
S:REACTOME_SUMOYLATION_OF_INTRACELLULAR_RECEPTORS	D:30	S:AR;ESR1;HDAC4;NR1H2;NR1H3;NR1H4;NR1I2;NR2C1;NR3C1;NR3C2;NR4A2;NR5A1;NR5A2;PGR;PIAS1;PIAS2;PIAS3;PIAS4;PPARA;PPARG;RARA;RORA;RXRA;SUMO1;SUMO2;SUMO3;THRA;THRB;UBE2I;VDR	S:ESR1;NR1H3;NR1H4;NR2C1;NR3C1;NR3C2;NR5A1;PIAS1;PIAS2;PIAS3;PPARA;PPARG;RORA;SUMO2;THRA;THRB;UBE2I;VDR
S:REACTOME_DISEASES_OF_METABOLISM	D:255	S:ABCA3;ABCD4;ACACA;ACAN;ACAT1;ACY1;ADA;ADAMTS1;ADAMTS10;ADAMTS12;ADAMTS13;ADAMTS14;ADAMTS15;ADAMTS16;ADAMTS17;ADAMTS18;ADAMTS19;ADAMTS2;ADAMTS20;ADAMTS3;ADAMTS4;ADAMTS5;ADAMTS6;ADAMTS7;ADAMTS8;ADAMTS9;ADAMTSL1;ADAMTSL2;ADAMTSL3;ADAMTSL4;ADAMTSL5;AGRN;AHCY;ALDOB;ALG1;ALG11;ALG12;ALG13;ALG14;ALG2;ALG3;ALG6;ALG8;ALG9;AMN;APRT;ARG1;ARSB;ASL;ASS1;AUH;B3GALT6;B3GAT3;B4GALT1;B4GALT7;BCAN;BCKDHA;BCKDHB;BCKDK;BGN;BTD;C1GALT1;C1GALT1C1;CD320;CFP;CHST14;CHST3;CHST6;CHSY1;CPS1;CSF2RA;CSF2RB;CSPG4;CSPG5;CTSA;CUBN;CYP11A1;CYP11B1;CYP11B2;CYP17A1;CYP19A1;CYP1B1;CYP21A2;CYP24A1;CYP26B1;CYP27A1;CYP27B1;CYP2R1;CYP2U1;CYP4F22;CYP7B1;DAG1;DBT;DCN;DCXR;DHDDS;DLD;DOLK;DPAGT1;DPM1;DPM2;DPM3;ECHS1;EPM2A;EXT1;EXT2;FDX1;FDXR;FMO3;FMOD;G6PC3;GAA;GALE;GALK1;GALM;GALNS;GALNT12;GALNT3;GALT;GBE1;GCLC;GCLM;GFPT1;GGT1;GLB1;GNE;GNS;GPC1;GPC2;GPC3;GPC4;GPC5;GPC6;GSS;GUSB;GYG1;GYG2;GYS1;GYS2;HEXA;HEXB;HGSNAT;HIBCH;HLCS;HPRT1;HSPG2;HYAL1;IDH1;IDS;IDUA;IVD;KERA;KHK;LCT;LFNG;LMBRD1;LUM;MAN1B1;MAOA;MAT1A;MC2R;MCCC1;MCCC2;MGAT2;MMAA;MMAB;MMACHC;MMADHC;MOGS;MPDU1;MPI;MTR;MTRR;MUC1;MUC12;MUC13;MUC15;MUC16;MUC17;MUC20;MUC3A;MUC4;MUC5AC;MUC5B;MUC6;MUC7;MUCL1;NAGLU;NAGS;NCAN;NEU1;NMRAL1;NOTCH1;NOTCH2;NOTCH3;NOTCH4;NUS1;OGN;OMD;OPLAH;OTC;PAH;PAPSS2;PC;PCCA;PCCB;PGM1;PMM2;PNP;POMC;POMGNT1;POMT1;POMT2;PPM1K;PPP1R3C;PRELP;RFT1;RPIA;RPS27A;SDC1;SDC2;SDC3;SDC4;SEMA5A;SEMA5B;SFTA3;SFTPA1;SFTPB;SFTPC;SFTPD;SGSH;SI;SLC25A15;SLC26A2;SLC34A2;SLC35D1;SLC37A4;SPON1;SPON2;SRD5A3;ST3GAL3;TALDO1;TBXAS1;TCN2;THBS1;THBS2;THSD1;THSD4;THSD7A;THSD7B;TPMT;UBA52;UBB;UBC;VCAN	S:ACY1;ADAMTS10;ADAMTS12;ADAMTS13;ADAMTS17;ADAMTS18;ADAMTS19;ADAMTS20;ADAMTS3;ADAMTS7;ADAMTS9;ADAMTSL2;ADAMTSL3;ADAMTSL4;ADAMTSL5;AGRN;ALG12;ALG3;AMN;ARG1;ASL;B4GALT7;BCKDHA;BCKDK;C1GALT1C1;CD320;CPS1;CSF2RA;CSF2RB;CYP11B1;CYP11B2;CYP17A1;CYP19A1;CYP21A2;CYP24A1;CYP26B1;CYP4F22;CYP7B1;DCXR;DHDDS;DPM2;DPM3;ECHS1;EXT1;FMO3;FMOD;G6PC3;GALE;GALK1;GALNS;GCLC;GGT1;GLB1;GNS;GPC4;GPC5;GPC6;GSS;GYG1;GYS2;HYAL1;IDH1;IDUA;LFNG;LUM;MAN1B1;MAOA;MOGS;MPDU1;MUC1;MUC12;MUC13;MUC17;MUC4;MUC5AC;MUC5B;MUC6;NAGLU;NAGS;NCAN;NEU1;NOTCH3;NOTCH4;OGN;OPLAH;PAH;PCCB;PNP;POMC;POMGNT1;RPIA;SDC1;SFTA3;SFTPA1;SFTPB;SFTPC;SFTPD;SGSH;SI;SLC34A2;SLC37A4;ST3GAL3;TBXAS1;THBS1;THSD4;THSD7A;THSD7B;UBA52;UBB;VCAN
S:REACTOME_FORMATION_OF_FIBRIN_CLOT_CLOTTING_CASCADE	D:39	S:A2M;C1QBP;CD177;F10;F11;F12;F13A1;F13B;F2;F2R;F3;F5;F7;F8;F9;FGA;FGB;FGG;GP1BA;GP1BB;GP5;GP9;KLKB1;KNG1;PF4;PF4V1;PRCP;PROC;PROCR;PROS1;PRTN3;SERPINA5;SERPINC1;SERPIND1;SERPINE2;SERPING1;TFPI;THBD;VWF	S:A2M;C1QBP;F10;F11;F13A1;F13B;F2;F2R;F3;F8;GP1BA;GP1BB;GP5;PF4;PF4V1;PRCP;PROC;PROCR;PROS1;SERPINC1;SERPIND1;SERPINE2;TFPI;THBD
S:REACTOME_TICAM1_RIP1_MEDIATED_IKK_COMPLEX_RECRUITMENT	D:19	S:BIRC2;BIRC3;CHUK;IKBKB;IKBKG;RIPK1;RIPK3;RPS27A;TICAM1;TLR3;TRAF6;UBA52;UBB;UBC;UBE2D1;UBE2D2;UBE2D3;UBE2N;UBE2V1	S:BIRC3;IKBKB;RIPK1;RPS27A;TICAM1;TLR3;TRAF6;UBC;UBE2D2;UBE2D3;UBE2N
S:REACTOME_UPTAKE_AND_ACTIONS_OF_BACTERIAL_TOXINS	D:28	S:ANTXR1;ANTXR2;CALM1;CD9;EEF2;FURIN;GUCY2C;HBEGF;HSP90AA1;HSP90AB1;MAP2K1;MAP2K2;MAP2K3;MAP2K4;MAP2K6;MAP2K7;PDCD6IP;SNAP25;STX1A;STX1B;SV2A;SV2B;SV2C;SYT1;SYT2;TXNRD1;VAMP1;VAMP2	S:ANTXR1;EEF2;FURIN;MAP2K2;MAP2K3;MAP2K6;MAP2K7;SNAP25;SV2A;SYT2;TXNRD1;VAMP2
S:REACTOME_JNK_C_JUN_KINASES_PHOSPHORYLATION_AND_ACTIVATION_MEDIATED_BY_ACTIVATED_HUMAN_TAK1	D:22	S:IKBKG;IRAK1;IRAK2;MAP2K4;MAP2K7;MAP3K7;MAPK10;MAPK8;MAPK9;NOD1;NOD2;RIPK2;RPS27A;TAB1;TAB2;TAB3;TRAF6;UBA52;UBB;UBC;UBE2N;UBE2V1	S:MAP2K4;MAP3K7;MAPK8;MAPK9;NOD1;NOD2;RPS27A;TAB2;TAB3;TRAF6;UBC;UBE2N
S:REACTOME_FATTY_ACID_METABOLISM	D:166	S:ABCC1;ABCD1;ACAA1;ACAA2;ACACA;ACACB;ACAD10;ACAD11;ACADL;ACADM;ACADS;ACADVL;ACBD4;ACBD5;ACBD6;ACBD7;ACLY;ACOT1;ACOT11;ACOT12;ACOT13;ACOT2;ACOT4;ACOT7;ACOT8;ACOT9;ACOX1;ACOX2;ACOX3;ACOXL;ACSBG1;ACSBG2;ACSF2;ACSF3;ACSL1;ACSL3;ACSL4;ACSL5;ACSL6;ACSM3;AKR1C3;ALDH3A2;ALOX12;ALOX12B;ALOX15;ALOX15B;ALOX5;ALOX5AP;ALOXE3;AMACR;AWAT1;CBR1;CBR4;CPT1A;CPT1B;CPT2;CRAT;CROT;CYP1A1;CYP1A2;CYP1B1;CYP2C19;CYP2C8;CYP2C9;CYP2J2;CYP2U1;CYP4A11;CYP4B1;CYP4F11;CYP4F2;CYP4F22;CYP4F3;CYP4F8;CYP8B1;DBI;DECR1;DECR2;DPEP1;DPEP2;ECHS1;ECI1;ECI2;EHHADH;ELOVL1;ELOVL2;ELOVL3;ELOVL4;ELOVL5;ELOVL6;ELOVL7;EPHX2;FAAH;FAAH2;FADS1;FADS2;FASN;GGT1;GGT5;GPX1;GPX2;GPX4;HACL1;HADH;HADHA;HADHB;HAO2;HPGD;HPGDS;HSD17B12;HSD17B3;HSD17B4;HSD17B8;LTA4H;LTC4S;MAPKAPK2;MCAT;MCEE;MECR;MID1IP1;MLYCD;MMAA;MORC2;NDUFAB1;NUDT19;NUDT7;OLAH;PCCA;PCCB;PCTP;PECR;PHYH;PLA2G4A;PON1;PON2;PON3;PPARD;PPT1;PPT2;PRKAA2;PRKAB2;PRKAG2;PTGDS;PTGES;PTGES2;PTGES3;PTGIS;PTGR1;PTGR2;PTGS1;PTGS2;RXRA;SCD;SCD5;SCP2;SLC22A5;SLC25A17;SLC25A20;SLC27A1;SLC27A2;SLC27A3;TBXAS1;TECR;TECRL;THEM4;THEM5;THRSP	S:ABCC1;ABCD1;ACAA1;ACAD10;ACADS;ACADVL;ACBD4;ACBD7;ACOT11;ACOT12;ACOT8;ACOT9;ACSBG1;ACSF2;ACSF3;ACSL1;ACSL4;ALOX12;ALOX12B;ALOX15B;ALOXE3;CBR4;CPT1B;CPT2;CRAT;CYP1A2;CYP2C19;CYP2C8;CYP4A11;CYP4B1;CYP4F11;CYP4F2;CYP4F22;CYP8B1;DBI;DECR2;ECHS1;ECI1;ELOVL1;ELOVL2;ELOVL5;FAAH;FADS1;FADS2;GGT1;GGT5;GPX1;GPX2;GPX4;HADHA;HAO2;HSD17B3;LTA4H;MAPKAPK2;MCAT;PCCB;PCTP;PON1;PON3;PPT1;PPT2;PRKAA2;PTGES2;PTGES3;PTGIS;PTGS1;RXRA;SLC27A1;SLC27A3;TBXAS1;TECR;TECRL;THEM5
S:REACTOME_NR1H2_AND_NR1H3_MEDIATED_SIGNALING	D:42	S:ABCA1;ABCG1;ABCG5;ABCG8;ANGPTL3;APOC1;APOC2;APOC4;APOD;APOE;ARL4C;CETP;EEPD1;EP300;FABP6;FASN;GPS2;HDAC3;KDM1A;KDM1B;KDM3A;KDM4A;MOV10;MYLIP;NCOA1;NCOR1;NCOR2;NR1H2;NR1H3;NRIP1;PCK1;PLIN1;PLTP;RXRA;RXRB;SCD;SREBF1;TBL1X;TBL1XR1;TNRC6A;TNRC6B;TNRC6C	S:ABCA1;ABCG1;ABCG5;APOC2;APOC4;ARL4C;EEPD1;EP300;FABP6;FASN;HDAC3;KDM1B;KDM3A;KDM4A;MOV10;MYLIP;NCOA1;NCOR1;NCOR2;NR1H3;NRIP1;PCK1;SCD;SREBF1;TBL1XR1;TNRC6A;TNRC6B;TNRC6C
S:REACTOME_ACYL_CHAIN_REMODELLING_OF_PI	D:15	S:MBOAT7;PLA2G10;PLA2G12A;PLA2G1B;PLA2G2A;PLA2G2D;PLA2G2E;PLA2G2F;PLA2G4A;PLA2G4C;PLA2G4D;PLA2G4F;PLA2G5;PLA2R1;PLBD1	S:MBOAT7;PLA2G10;PLA2G2A;PLA2G2D;PLA2G2F;PLA2G4D;PLA2G5;PLA2R1
S:REACTOME_TGFBR3_PTM_REGULATION	D:11	S:APH1A;APH1B;MMP14;MMP16;NCSTN;PSEN1;PSEN2;PSENEN;TGFBR3;TIMP1;TIMP2	S:MMP14;MMP16;PSENEN;TIMP1
S:REACTOME_FACTORS_INVOLVED_IN_MEGAKARYOCYTE_DEVELOPMENT_AND_PLATELET_PRODUCTION	D:140	S:ABL1;ACTB;AK3;AKAP1;AKAP10;CABLES1;CABLES2;CAPZA1;CAPZA2;CAPZB;CBX5;CDC42;CDK2;CDK5;CENPE;DOCK1;DOCK10;DOCK11;DOCK2;DOCK3;DOCK4;DOCK5;DOCK6;DOCK7;DOCK8;DOCK9;EHD1;EHD2;EHD3;GATA1;GATA2;GATA3;GATA4;GATA5;GATA6;HBB;HBD;HBE1;HBG1;HDAC1;HDAC2;HMG20B;IFNA10;IFNA16;IFNA2;IFNA21;IFNA4;IFNA5;IFNA6;IFNA8;IFNB1;IRF1;IRF2;ITPK1;JAK2;JMJD1C;KDM1A;KIF11;KIF12;KIF13B;KIF15;KIF16B;KIF18A;KIF18B;KIF19;KIF1A;KIF1B;KIF1C;KIF20A;KIF20B;KIF21A;KIF21B;KIF22;KIF23;KIF25;KIF26A;KIF26B;KIF27;KIF2A;KIF2B;KIF2C;KIF3A;KIF3B;KIF3C;KIF4A;KIF5A;KIF5B;KIF6;KIF9;KIFAP3;KIFC1;KIFC2;KLC1;KLC2;KLC3;KLC4;MAFF;MAFG;MAFK;MFN1;MFN2;MICAL1;MYB;NFE2;PHF21A;PRKACA;PRKACB;PRKACG;PRKAR1A;PRKAR1B;PRKAR2A;PRKAR2B;RAB5A;RAC1;RACGAP1;RAD51C;RCOR1;SH2B1;SH2B2;SH2B3;SIN3A;TP53;TUBA1A;TUBA1B;TUBA1C;TUBA3C;TUBA3D;TUBA4A;TUBA8;TUBAL3;TUBB1;TUBB2A;TUBB2B;TUBB3;TUBB6;TUBB8;VPS45;WEE1;ZFPM1;ZFPM2	S:ABL1;ACTB;AK3;AKAP1;CABLES1;CABLES2;CBX5;CDC42;CENPE;DOCK10;DOCK11;DOCK2;DOCK3;DOCK7;DOCK8;DOCK9;EHD1;EHD2;EHD3;GATA2;GATA3;GATA5;GATA6;HDAC1;HDAC2;IFNA21;IFNA5;IFNB1;ITPK1;JMJD1C;KIF11;KIF13B;KIF15;KIF16B;KIF18A;KIF18B;KIF19;KIF1B;KIF1C;KIF20A;KIF20B;KIF21A;KIF21B;KIF22;KIF23;KIF26B;KIF27;KIF2A;KIF2B;KIF2C;KIF3A;KIF3B;KIF3C;KIF4A;KIF5A;KIF5B;KIFAP3;KIFC1;KLC1;MAFG;MFN1;MFN2;MYB;PRKACB;PRKACG;PRKAR2A;PRKAR2B;RAC1;RACGAP1;RAD51C;RCOR1;SH2B1;SIN3A;TP53;TUBA1B;TUBA3C;TUBA4A;TUBB1;VPS45;WEE1;ZFPM2
S:REACTOME_HYALURONAN_DEGRADATION	D:14	S:CD44;GUSB;HEXA;HEXB;HMMR;HYAL1;HYAL2;HYAL3;HYAL4;LYVE1;SLC17A5;SLC9A1;SPAM1;STAB2	S:CD44;GUSB;HEXA;HEXB;HMMR;LYVE1;SLC17A5;STAB2
S:REACTOME_PLASMA_LIPOPROTEIN_ASSEMBLY	D:19	S:A2M;ABCA1;APOA1;APOA2;APOA4;APOB;APOC1;APOC2;APOC3;APOC4;APOE;BMP1;MTTP;P4HB;PRKACA;PRKACB;PRKACG;SAR1B;ZDHHC8	S:A2M;ABCA1;APOB;APOC2;APOC3;APOC4;BMP1;MTTP;P4HB;PRKACB;PRKACG;SAR1B
S:REACTOME_SPHINGOLIPID_DE_NOVO_BIOSYNTHESIS	D:26	S:ABCC1;ABCG2;CSNK1G2;CYB5B;DEGS1;FA2H;KDSR;ORMDL1;ORMDL2;ORMDL3;OSBP;PPM1L;PRKD1;PRKD2;PRKD3;SAMD8;SGMS1;SGMS2;SPHK1;SPHK2;SPNS2;SPTLC1;SPTLC2;SPTLC3;VAPA;VAPB	S:CYB5B;FA2H;KDSR;ORMDL1;ORMDL2;OSBP;PPM1L;PRKD1;PRKD3;SAMD8;SGMS1;SPHK2;SPNS2;SPTLC1;SPTLC2;SPTLC3
S:REACTOME_TRANSPORT_OF_NUCLEOSIDES_AND_FREE_PURINE_AND_PYRIMIDINE_BASES_ACROSS_THE_PLASMA_MEMBRANE	D:12	S:ARL2;ARL2BP;SLC25A4;SLC25A5;SLC25A6;SLC28A1;SLC28A2;SLC28A3;SLC29A1;SLC29A2;SLC29A3;SLC29A4	S:ARL2;SLC25A6;SLC28A1;SLC28A3;SLC29A1;SLC29A3
S:REACTOME_FORMATION_OF_THE_DYSTROPHIN_GLYCOPROTEIN_COMPLEX_DGC	D:36	S:ACTA1;ACTA2;ACTB;ACTC1;ACTG1;ACTG2;AGRN;DAG1;DMD;DRP2;DTNA;DTNB;HSPG2;LAMA1;LAMA2;LAMA3;LAMA4;LAMA5;LAMB1;LAMB2;LAMB3;LAMC1;LAMC2;LAMC3;SGCA;SGCB;SGCD;SGCE;SGCG;SGCZ;SNTA1;SNTB1;SNTB2;SNTG2;SSPN;UTRN	S:ACTA1;ACTB;ACTG1;ACTG2;DAG1;DRP2;DTNB;HSPG2;LAMA2;LAMB1;LAMB3;LAMC1;SGCB;SGCE;SNTA1;SNTB1;SNTB2;SNTG2;SSPN;UTRN
S:REACTOME_SIGNALING_BY_ACTIVIN	D:17	S:ACVR1B;ACVR1C;ACVR2A;ACVR2B;DRAP1;FOXH1;FST;FSTL3;INHA;INHBA;INHBB;MAPK1;MAPK3;SMAD2;SMAD3;SMAD4;TGFBR3	S:ACVR1B;ACVR1C;ACVR2B;INHA;MAPK1;SMAD2;SMAD3;SMAD4;TGFBR3
S:REACTOME_ZINC_TRANSPORTERS	D:15	S:SLC30A1;SLC30A2;SLC30A3;SLC30A5;SLC30A8;SLC39A1;SLC39A10;SLC39A14;SLC39A2;SLC39A3;SLC39A4;SLC39A5;SLC39A6;SLC39A7;SLC39A8	S:SLC30A1;SLC30A5;SLC30A8;SLC39A10;SLC39A14;SLC39A4;SLC39A6;SLC39A7;SLC39A8
S:REACTOME_CASPASE_MEDIATED_CLEAVAGE_OF_CYTOSKELETAL_PROTEINS	D:12	S:ADD1;CASP3;CASP6;CASP7;CASP8;DBNL;GAS2;GSN;MAPT;PLEC;SPTAN1;VIM	S:CASP3;CASP6;CASP7;GAS2;MAPT;VIM
S:REACTOME_NEGATIVE_REGULATORS_OF_DDX58_IFIH1_SIGNALING	D:34	S:ATG12;ATG5;CYLD;HERC5;IFIH1;IKBKE;IRF3;ISG15;ITCH;MAVS;NLRC5;NLRX1;OTUD5;PCBP2;PIN1;RNF125;RNF135;RNF216;RPS27A;TAX1BP1;TBK1;TNFAIP3;TRAF3;TRIM25;TRIM4;UBA52;UBA7;UBB;UBC;UBE2D1;UBE2D2;UBE2D3;UBE2K;UBE2L6	S:ATG12;ATG5;CYLD;IFIH1;ITCH;NLRX1;OTUD5;RNF216;RPS27A;TAX1BP1;TBK1;TNFAIP3;TRAF3;TRIM4;UBA7;UBC;UBE2D2;UBE2D3;UBE2K
S:REACTOME_REGULATION_OF_MITF_M_DEPENDENT_GENES_INVOLVED_IN_EXTRACELLULAR_MATRIX_FOCAL_ADHESION_AND_EPITHELIAL_TO_MESENCHYMAL_TRANSITION	D:12	S:CDH1;CDH2;EDIL3;GXYLT2;ITGA2;MITF;PXDN;PXN;SERPINE1;SOX2;STT3B;ZEB1	S:CDH2;EDIL3;PXDN;PXN;SOX2
S:REACTOME_CONSTITUTIVE_SIGNALING_BY_ABERRANT_PI3K_IN_CANCER	D:86	S:AREG;BDNF;BTC;CD19;CD28;CD80;CD86;EGF;EGFR;EPGN;ERBB2;ERBB3;ERBB4;EREG;ESR1;ESR2;FGF1;FGF10;FGF16;FGF17;FGF18;FGF19;FGF2;FGF20;FGF22;FGF23;FGF3;FGF4;FGF5;FGF6;FGF7;FGF8;FGF9;FGFR1;FGFR2;FGFR3;FGFR4;FLT3;FLT3LG;FRS2;FYN;GAB1;GAB2;GRB2;HBEGF;HGF;ICOS;IRS1;IRS2;KIT;KITLG;KL;KLB;LCK;MET;NRG1;NRG2;NRG3;NRG4;NTF3;NTF4;NTRK2;NTRK3;PDGFA;PDGFB;PDGFRA;PDGFRB;PIK3AP1;PIK3CA;PIK3CB;PIK3CD;PIK3CG;PIK3R1;PIK3R2;PIK3R3;PIK3R5;PIK3R6;PTPN11;RAC1;RAC2;RHOG;SRC;STRN;TGFA;TRAT1;VAV1	S:BDNF;BTC;CD86;EPGN;ERBB3;EREG;FGF1;FGF10;FGF17;FGF20;FGF22;FGF23;FGF3;FGF4;FGF5;FGF6;FGF8;FGF9;FGFR3;FGFR4;FRS2;GAB1;GAB2;KITLG;KLB;NRG1;NRG2;NRG4;NTF3;NTF4;NTRK2;PIK3AP1;PIK3CD;PIK3R2;PIK3R6;RHOG;SRC;TGFA
S:REACTOME_RHOQ_GTPASE_CYCLE	D:58	S:ARHGAP1;ARHGAP17;ARHGAP21;ARHGAP26;ARHGAP32;ARHGAP33;ARHGAP5;ARHGEF7;ARHGEF9;ARL13B;CAV1;CDC42;CDC42BPA;CDC42BPB;CDC42EP1;CDC42EP2;CDC42EP3;CDC42EP4;CFTR;CPNE8;DEPDC1B;DIAPH3;DLC1;FNBP1;GFOD1;GIT1;GIT2;GJA1;GOPC;IQGAP1;IQGAP3;ITSN1;JUP;LAMTOR1;MPP7;OBSCN;OPHN1;PAK1;PAK2;PAK4;PLEKHG3;PREX1;RAB7A;RHOQ;SCRIB;SLC1A5;SLC4A7;SNAP23;SRGAP2;STEAP3;STOM;SYDE1;TFRC;TRIP10;VAMP3;VANGL1;WASL;WWP2	S:ARHGAP1;ARHGAP17;ARHGAP21;ARHGAP32;ARHGAP33;ARHGAP5;ARHGEF7;ARHGEF9;ARL13B;CAV1;CDC42;CDC42BPA;DEPDC1B;DIAPH3;DLC1;FNBP1;GFOD1;GIT2;GOPC;IQGAP1;ITSN1;MPP7;OPHN1;PAK1;PAK2;PLEKHG3;PREX1;RAB7A;RHOQ;SCRIB;SLC4A7;SNAP23;TRIP10;VANGL1;WWP2
S:REACTOME_SIGNALING_BY_MET	D:79	S:ARF6;CBL;COL11A1;COL11A2;COL1A1;COL1A2;COL24A1;COL27A1;COL2A1;COL3A1;COL5A1;COL5A2;COL5A3;CRK;CRKL;DOCK7;EPS15;FN1;GAB1;GGA3;GRB2;HGF;HGFAC;HGS;HPN;HRAS;ITGA2;ITGA3;ITGB1;KRAS;LAMA1;LAMA2;LAMA3;LAMA4;LAMA5;LAMB1;LAMB2;LAMB3;LAMC1;LAMC2;LAMC3;LRIG1;MET;MUC20;NRAS;PIK3CA;PIK3R1;PTK2;PTPN1;PTPN11;PTPN2;PTPRJ;RAB4A;RAB4B;RAC1;RANBP10;RANBP9;RAP1A;RAP1B;RAPGEF1;RPS27A;SH3GL1;SH3GL2;SH3GL3;SH3KBP1;SHC1;SOS1;SPINT1;SPINT2;SRC;STAM;STAM2;STAT3;TNS3;TNS4;UBA52;UBB;UBC;USP8	S:ARF6;CBL;COL11A2;COL1A2;COL5A1;COL5A2;COL5A3;DOCK7;EPS15;GGA3;GRB2;HGF;HGFAC;HGS;ITGA2;ITGA3;ITGB1;KRAS;LAMA2;LAMB1;LAMB3;LAMC1;LRIG1;MET;MUC20;PIK3CA;PIK3R1;PTK2;PTPN1;PTPN11;PTPN2;RAC1;RANBP9;RAP1A;RAP1B;RPS27A;SH3GL3;SH3KBP1;SHC1;SOS1;SPINT1;STAM;STAM2;TNS3;TNS4;UBC;USP8
S:REACTOME_IRS_MEDIATED_SIGNALLING	D:48	S:AKT2;FGF1;FGF10;FGF16;FGF17;FGF18;FGF19;FGF2;FGF20;FGF22;FGF23;FGF3;FGF4;FGF5;FGF6;FGF7;FGF8;FGF9;FGFR1;FGFR2;FGFR3;FGFR4;FLT3;FLT3LG;FRS2;GAB1;GAB2;GRB2;HRAS;IRS1;IRS2;KL;KLB;KRAS;NRAS;PDE3B;PDPK1;PIK3C3;PIK3CA;PIK3CB;PIK3R1;PIK3R2;PIK3R4;PTPN11;SOS1;THEM4;TLR9;TRIB3	S:AKT2;FGF16;FGF18;FGF19;FGF2;FGF7;FGFR1;FGFR2;FLT3;FLT3LG;GRB2;IRS1;IRS2;KL;KRAS;PDE3B;PIK3C3;PIK3CA;PIK3CB;PIK3R1;PIK3R4;PTPN11;SOS1;THEM4;TRIB3
S:REACTOME_REGULATION_OF_INNATE_IMMUNE_RESPONSES_TO_CYTOSOLIC_DNA	D:14	S:DDX41;DTX4;IRF3;NLRP4;RPS27A;TBK1;TREX1;TRIM21;TRIM32;TRIM56;UBA52;UBB;UBC;ZBP1	S:DTX4;NLRP4;RPS27A;TBK1;TRIM32;TRIM56;UBC;ZBP1
S:REACTOME_DDX58_IFIH1_MEDIATED_INDUCTION_OF_INTERFERON_ALPHA_BETA	D:74	S:AGER;APP;ATG12;ATG5;CASP10;CASP8;CHUK;CREBBP;CYLD;DHX58;EP300;FADD;HERC5;HMGB1;HSP90AA1;HSP90AB1;IFIH1;IFNA10;IFNA16;IFNA2;IFNA21;IFNA4;IFNA5;IFNA6;IFNA8;IFNB1;IKBKB;IKBKE;IKBKG;IRF3;IRF7;ISG15;ITCH;MAP3K1;MAVS;NFKB1;NFKB2;NFKBIA;NFKBIB;NKIRAS1;NKIRAS2;NLRC5;NLRX1;OTUD5;PCBP2;PIN1;RELA;RIPK1;RNF125;RNF135;RNF216;RPS27A;S100A12;S100B;SAA1;SIKE1;TANK;TAX1BP1;TBK1;TNFAIP3;TRAF2;TRAF3;TRAF6;TRIM25;TRIM4;UBA52;UBA7;UBB;UBC;UBE2D1;UBE2D2;UBE2D3;UBE2K;UBE2L6	S:AGER;CASP8;CHUK;HERC5;IFNA10;IFNA16;IFNA2;IFNA4;IFNA6;IFNA8;IKBKE;IKBKG;IRF3;IRF7;ISG15;MAVS;NFKB2;NFKBIB;NKIRAS2;NLRC5;PCBP2;PIN1;RNF125;RNF135;S100A12;S100B;SAA1;TRIM25;UBA52;UBB;UBE2D1;UBE2L6
S:REACTOME_GASTRULATION	D:110	S:ADRM1;BMP4;CDH1;CLDN7;CREBBP;CTNNB1;CXCR4;DLL1;DLL3;DLX5;EOMES;EP300;EPHA4;FGF2;FGF4;FGF8;FGFR1;FOXA1;FOXA2;FOXC1;FOXC2;FOXF1;FOXH1;GATA4;GATA6;GBX2;GSC;HES7;KAT2A;KAT2B;LEF1;LFNG;LHX1;MAML1;MAML2;MAML3;MAMLD1;MIXL1;MSX1;MYB;NANOG;NOG;NOTCH1;OCLN;OSR1;OTX2;PAX2;PAX3;PAX6;PAX7;PAX8;POU3F1;POU5F1;PSMA1;PSMA2;PSMA3;PSMA4;PSMA5;PSMA6;PSMA7;PSMB1;PSMB2;PSMB3;PSMB4;PSMB5;PSMB6;PSMB7;PSMC1;PSMC2;PSMC3;PSMC4;PSMC5;PSMC6;PSMD1;PSMD11;PSMD12;PSMD13;PSMD14;PSMD2;PSMD3;PSMD6;PSMD7;PSMD8;RBPJ;RIPPLY2;SHH;SMAD2;SMAD3;SMAD4;SNAI1;SNW1;SOX1;SOX17;SOX2;TBX6;TCF7;TCF7L1;TCF7L2;TEAD2;TEAD4;TFAP2A;TFAP2B;TFAP2C;TRIM33;WNT3A;YAP1;ZEB2;ZIC1;ZIC2;ZNF521	S:ADRM1;BMP4;CLDN7;CTNNB1;DLX5;FGF4;FGF8;FOXA1;FOXA2;FOXC1;FOXC2;FOXF1;FOXH1;GATA4;KAT2B;LFNG;LHX1;MAML2;MIXL1;NANOG;OSR1;PAX2;PAX3;PAX6;PAX7;POU5F1;PSMA2;PSMB5;PSMB6;PSMB7;PSMC1;PSMC2;PSMC3;PSMC4;PSMD13;PSMD8;RBPJ;SHH;SOX1;SOX17;SOX2;TCF7L1;TCF7L2;TFAP2B;WNT3A;ZEB2;ZIC1;ZIC2;ZNF521
S:REACTOME_GP1B_IX_V_ACTIVATION_SIGNALLING	D:12	S:COL1A1;COL1A2;FLNA;GP1BA;GP1BB;GP5;GP9;PIK3R1;RAF1;SRC;VWF;YWHAZ	S:COL1A2;GP1BA;GP1BB;GP5;PIK3R1;YWHAZ
S:REACTOME_INHIBITION_OF_DNA_RECOMBINATION_AT_TELOMERE	D:20	S:ACD;ATRX;DAXX;POLR2A;POLR2B;POLR2C;POLR2D;POLR2E;POLR2F;POLR2G;POLR2H;POLR2I;POLR2J;POLR2K;POLR2L;POT1;TERF1;TERF2;TERF2IP;TINF2	S:ACD;ATRX;DAXX;POLR2B;POLR2G;POLR2K;POLR2L;POT1;TERF1;TERF2;TERF2IP;TINF2
S:REACTOME_MATURATION_OF_SARS_COV_1_NUCLEOPROTEIN	D:11	S:GSK3A;GSK3B;PARP10;PARP14;PARP16;PARP4;PARP6;PARP8;PARP9;SUMO1;UBE2I	S:GSK3A;GSK3B;PARP14;PARP16;PARP8;UBE2I
S:REACTOME_RAF_INDEPENDENT_MAPK1_3_ACTIVATION	D:23	S:CDK1;DUSP1;DUSP10;DUSP16;DUSP2;DUSP4;DUSP5;DUSP6;DUSP7;DUSP8;DUSP9;IL6;IL6R;IL6ST;JAK1;JAK2;MAP2K1;MAP2K2;MAPK1;MAPK3;PEA15;PTPN11;TYK2	S:CDK1;DUSP1;DUSP10;DUSP16;DUSP2;DUSP5;DUSP6;IL6;IL6R;IL6ST;JAK1;MAP2K1;MAPK1;PTPN11
S:REACTOME_RHO_GTPASES_ACTIVATE_CIT	D:19	S:CDKN1B;CIT;DLG4;KIF14;MYH10;MYH11;MYH14;MYH9;MYL12B;MYL6;MYL9;PPP1CB;PPP1R12A;PPP1R12B;PRC1;RAC1;RHOA;RHOB;RHOC	S:CDKN1B;CIT;KIF14;MYH10;MYH11;MYH9;MYL12B;PPP1R12A;PPP1R12B;PRC1;RAC1;RHOA;RHOB
S:REACTOME_ATTACHMENT_AND_ENTRY	D:18	S:ACE2;AGRN;FURIN;GPC1;GPC2;GPC3;GPC4;GPC5;GPC6;HAVCR1;HSPG2;NRP1;SDC1;SDC2;SDC3;SDC4;TMPRSS2;VCP	S:ACE2;GPC1;GPC2;GPC3;HAVCR1;HSPG2;NRP1;SDC2;SDC3;SDC4;VCP
S:REACTOME_RUNX2_REGULATES_OSTEOBLAST_DIFFERENTIATION	D:24	S:ABL1;AR;BGLAP;CBFB;COL1A1;GLI3;HDAC3;HDAC6;HES1;HEY1;HEY2;MAF;MAPK1;MAPK3;RB1;RUNX2;SATB2;SP7;SRC;UCMA;WWTR1;YAP1;YES1;ZNF521	S:ABL1;CBFB;HDAC3;HEY1;HEY2;MAF;MAPK1;RB1;RUNX2;SATB2;UCMA;YAP1;YES1
S:REACTOME_AUTOPHAGY	D:144	S:AMBRA1;ARL13B;ATG10;ATG12;ATG13;ATG14;ATG16L1;ATG16L2;ATG3;ATG4A;ATG4B;ATG4C;ATG4D;ATG5;ATG7;ATG9A;ATG9B;ATM;BECN1;CETN1;CFTR;CHMP2A;CHMP2B;CHMP4A;CHMP4B;CHMP4C;CHMP6;CHMP7;CSNK2A1;CSNK2A2;CSNK2B;DYNC1H1;DYNC1I1;DYNC1I2;DYNC1LI1;DYNC1LI2;DYNLL1;DYNLL2;EEF1A1;EPAS1;FUNDC1;GABARAP;GABARAPL1;GABARAPL2;GFAP;HBB;HDAC6;HSF1;HSP90AA1;HSP90AB1;HSPA8;IFT88;LAMP2;LAMTOR1;LAMTOR2;LAMTOR3;MAP1LC3A;MAP1LC3B;MAP1LC3C;MFN1;MFN2;MLST8;MTMR14;MTMR3;MTOR;NBR1;OPTN;PARK7;PCNT;PEX5;PGAM5;PIK3C3;PIK3R4;PINK1;PLIN2;PLIN3;PRKAA1;PRKAA2;PRKAB1;PRKAB2;PRKAG1;PRKAG2;PRKAG3;RB1CC1;RHEB;RNASE1;RPS27A;RPTOR;RRAGA;RRAGB;RRAGC;RRAGD;SLC38A9;SQSTM1;SRC;TBK1;TOMM20;TOMM22;TOMM40;TOMM5;TOMM6;TOMM7;TSC1;TSC2;TSG101;TUBA1A;TUBA1B;TUBA1C;TUBA3C;TUBA3D;TUBA4A;TUBA8;TUBAL3;TUBB1;TUBB2A;TUBB2B;TUBB3;TUBB6;TUBB8;UBA52;UBAP1;UBB;UBC;UBE2D2;UBE2D3;UBE2L3;UBE2N;UBE2V1;ULK1;USP30;UVRAG;VCP;VDAC1;VDAC2;VDAC3;VIM;VPS28;VPS37A;VPS37B;VPS37C;VPS37D;WDR45;WIPI1;WIPI2	S:AMBRA1;ARL13B;ATG10;ATG12;ATG14;ATG16L1;ATG4A;ATG4C;ATG5;ATG7;ATG9B;ATM;CETN1;CHMP2A;CHMP2B;CHMP4A;CSNK2A1;CSNK2B;DYNC1H1;DYNC1I1;DYNC1LI1;DYNC1LI2;DYNLL1;EPAS1;FUNDC1;HSF1;HSP90AA1;HSP90AB1;HSPA8;IFT88;LAMP2;LAMTOR3;MAP1LC3C;MFN1;MFN2;MTMR14;MTMR3;MTOR;NBR1;PARK7;PCNT;PEX5;PGAM5;PIK3C3;PIK3R4;PLIN2;PRKAA1;PRKAB1;PRKAB2;PRKAG2;RB1CC1;RHEB;RNASE1;RPS27A;RPTOR;RRAGA;RRAGB;RRAGC;SLC38A9;TBK1;TOMM20;TOMM5;TSC1;TSG101;TUBA1B;TUBA3C;TUBA4A;TUBB1;UBC;UBE2D2;UBE2D3;UBE2N;ULK1;USP30;UVRAG;VCP;VDAC1;VDAC2;VIM;VPS28;VPS37A;VPS37C;WIPI1
S:REACTOME_POU5F1_OCT4_SOX2_NANOG_REPRESS_GENES_RELATED_TO_DIFFERENTIATION	D:10	S:CDX2;DKK1;EOMES;GATA6;GSC;HHEX;NANOG;POU5F1;SOX2;TSC22D1	S:EOMES;GATA6;GSC;HHEX;TSC22D1
S:REACTOME_TP53_REGULATES_TRANSCRIPTION_OF_CASPASE_ACTIVATORS_AND_CASPASES	D:11	S:APAF1;ATM;CASP1;CASP10;CASP2;CASP6;CRADD;NLRC4;TP53;TP63;TP73	S:ATM;CASP10;CASP2;CASP6;TP53;TP63;TP73
S:REACTOME_VITAMIN_B5_PANTOTHENATE_METABOLISM	D:20	S:AASDHPPT;COASY;DCAKD;ENPP1;ENPP2;ENPP3;FASN;NUDT8;PANK1;PANK2;PANK3;PANK4;PDZD11;PPCDC;PPCS;SLC25A16;SLC25A42;SLC5A6;VNN1;VNN2	S:AASDHPPT;DCAKD;ENPP1;ENPP2;ENPP3;FASN;PANK1;PANK3;PPCS;SLC25A16;SLC25A42;SLC5A6;VNN2
S:REACTOME_RAB_REGULATION_OF_TRAFFICKING	D:111	S:AKT1;AKT2;AKT3;ALS2;ALS2CL;ANKRD27;ARF6;CCZ1;CHM;CHML;DENND1A;DENND1B;DENND1C;DENND2A;DENND2C;DENND2D;DENND3;DENND4A;DENND4B;DENND4C;DENND5A;DENND5B;GABARAP;GABARAPL2;GAPVD1;GDI1;GDI2;GGA1;GGA2;GGA3;HPS1;HPS4;MADD;MAP1LC3B;MON1A;MON1B;OPTN;RAB10;RAB11A;RAB11B;RAB12;RAB13;RAB14;RAB18;RAB1A;RAB1B;RAB21;RAB27A;RAB27B;RAB31;RAB32;RAB33A;RAB33B;RAB35;RAB38;RAB39B;RAB3A;RAB3GAP1;RAB3GAP2;RAB3IL1;RAB3IP;RAB4A;RAB5A;RAB5B;RAB5C;RAB6A;RAB6B;RAB7A;RAB7B;RAB8A;RAB8B;RAB9A;RAB9B;RABEP1;RABGAP1;RABGEF1;RGP1;RIN1;RIN2;RIN3;SBF1;SBF2;SYTL1;TBC1D10A;TBC1D10B;TBC1D10C;TBC1D13;TBC1D14;TBC1D15;TBC1D16;TBC1D17;TBC1D2;TBC1D20;TBC1D24;TBC1D25;TBC1D7;TRAPPC1;TRAPPC10;TRAPPC2;TRAPPC2L;TRAPPC3;TRAPPC4;TRAPPC5;TRAPPC6A;TRAPPC6B;TRAPPC8;TRAPPC9;TSC1;TSC2;ULK1;YWHAE	S:AKT2;AKT3;ALS2;ANKRD27;ARF6;CHM;CHML;DENND1B;DENND1C;DENND2D;DENND3;DENND4A;DENND4C;DENND5B;GAPVD1;GGA1;GGA2;GGA3;HPS4;MADD;MON1A;MON1B;RAB14;RAB18;RAB1A;RAB31;RAB33A;RAB33B;RAB35;RAB39B;RAB3GAP1;RAB3GAP2;RAB3IP;RAB6B;RAB7A;RAB7B;RAB9A;RAB9B;RABEP1;RABGAP1;RABGEF1;RGP1;RIN2;SBF1;SBF2;TBC1D10A;TBC1D10B;TBC1D10C;TBC1D13;TBC1D14;TBC1D15;TBC1D16;TBC1D24;TBC1D25;TBC1D7;TRAPPC10;TRAPPC2;TRAPPC2L;TRAPPC4;TRAPPC8;TSC1;ULK1
S:REACTOME_RECEPTOR_MEDIATED_MITOPHAGY	D:11	S:ATG12;ATG5;CSNK2A1;CSNK2A2;CSNK2B;FUNDC1;MAP1LC3A;MAP1LC3B;PGAM5;SRC;ULK1	S:ATG12;ATG5;CSNK2A1;CSNK2B;FUNDC1;PGAM5;ULK1
S:REACTOME_RESPONSE_OF_MTB_TO_PHAGOCYTOSIS	D:23	S:ATP6V1H;CORO1A;CTSG;DUSP16;ENO1;GSK3A;HGS;KPNA1;KPNB1;MAPK1;MAPK3;NOS2;PGK1;RAB5A;RAB7A;RNF213;RPS27A;SFPQ;TRIM27;UBA52;UBB;UBC;VPS33B	S:CTSG;ENO1;MAPK3;PGK1;RAB5A;RNF213;TRIM27;UBA52;UBB;VPS33B
S:REACTOME_SIGNALING_BY_ALK	D:28	S:ALK;CD274;DNMT1;EP300;FRS2;HDAC1;HDAC2;HDAC3;HIF1A;IL2RG;IRS1;JAK3;MDK;MYC;MYCN;PIK3CA;PIK3CB;PIK3R1;PIK3R2;PLCG1;PRDM1;PTN;PTPN6;PTPRZ1;SHC1;SIN3A;SRC;STAT3	S:DNMT1;EP300;HDAC1;HDAC2;HDAC3;HIF1A;IRS1;MYC;MYCN;PIK3CA;PIK3CB;PIK3R1;PLCG1;PRDM1;PTN;SHC1;SIN3A
S:REACTOME_TBC_RABGAPS	D:43	S:ARF6;GABARAP;GABARAPL2;GGA1;GGA2;GGA3;MAP1LC3B;OPTN;RAB11A;RAB11B;RAB33A;RAB33B;RAB35;RAB4A;RAB5A;RAB5B;RAB5C;RAB6A;RAB6B;RAB7A;RAB7B;RAB8A;RAB8B;RABEP1;RABGAP1;RABGEF1;SYTL1;TBC1D10A;TBC1D10B;TBC1D10C;TBC1D13;TBC1D14;TBC1D15;TBC1D16;TBC1D17;TBC1D2;TBC1D20;TBC1D24;TBC1D25;TBC1D7;TSC1;TSC2;ULK1	S:GABARAP;GABARAPL2;MAP1LC3B;OPTN;RAB11A;RAB11B;RAB4A;RAB5A;RAB5B;RAB5C;RAB6A;RAB8A;RAB8B;SYTL1;TBC1D17;TBC1D2;TBC1D20;TSC2
S:REACTOME_PTK6_REGULATES_RHO_GTPASES_RAS_GTPASE_AND_MAP_KINASES	D:13	S:BCAR1;CRK;DOCK1;ELMO1;ELMO2;HRAS;KRAS;NRAS;PTK6;PXN;RAC1;RASA1;RHOA	S:BCAR1;ELMO1;ELMO2;KRAS;RAC1;RASA1;RHOA
S:REACTOME_SIGNALING_BY_FGFR2_IIIA_TM	D:19	S:FGF1;FGF2;FGFR2;GTF2F1;GTF2F2;NCBP1;NCBP2;POLR2A;POLR2B;POLR2C;POLR2D;POLR2E;POLR2F;POLR2G;POLR2H;POLR2I;POLR2J;POLR2K;POLR2L	S:FGF2;FGFR2;GTF2F1;GTF2F2;NCBP1;NCBP2;POLR2B;POLR2G;POLR2K;POLR2L
S:REACTOME_WNT_LIGAND_BIOGENESIS_AND_TRAFFICKING	D:26	S:PORCN;SNX3;TMED5;VPS26A;VPS29;VPS35;WLS;WNT1;WNT10A;WNT10B;WNT11;WNT16;WNT2;WNT2B;WNT3;WNT3A;WNT4;WNT5A;WNT5B;WNT6;WNT7A;WNT7B;WNT8A;WNT8B;WNT9A;WNT9B	S:TMED5;VPS26A;VPS35;WLS;WNT1;WNT10B;WNT11;WNT5B;WNT6;WNT7A;WNT7B;WNT8A;WNT8B;WNT9A;WNT9B
S:REACTOME_REGULATION_BY_C_FLIP	D:11	S:CASP8;CFLAR;FADD;FAS;FASLG;RIPK1;TNFRSF10A;TNFRSF10B;TNFSF10;TRADD;TRAF2	S:FADD;FAS;FASLG;RIPK1;TRADD;TRAF2
S:REACTOME_RHO_GTPASES_ACTIVATE_PAKS	D:21	S:CALM1;CDC42;CTTN;FLNA;LIMK1;MYH10;MYH11;MYH14;MYH9;MYL12B;MYL6;MYL9;MYLK;NF2;PAK1;PAK2;PAK3;PPP1CB;PPP1R12A;PPP1R12B;RAC1	S:CALM1;CDC42;MYH10;MYH11;MYH9;MYL12B;MYLK;NF2;PAK1;PAK2;PAK3;PPP1R12A;PPP1R12B;RAC1
S:REACTOME_CASPASE_ACTIVATION_VIA_EXTRINSIC_APOPTOTIC_SIGNALLING_PATHWAY	D:25	S:APPL1;CASP3;CASP8;CASP9;CD14;CFLAR;DAPK1;DAPK2;DAPK3;DCC;FADD;FAS;FASLG;LY96;MAGED1;RIPK1;TICAM1;TLR4;TNFRSF10A;TNFRSF10B;TNFSF10;TRADD;TRAF2;UNC5A;UNC5B	S:APPL1;CASP3;CASP9;CD14;DAPK2;FADD;FAS;FASLG;MAGED1;RIPK1;TICAM1;TRADD;TRAF2
S:REACTOME_UREA_CYCLE	D:12	S:ARG1;ARG2;ASL;ASS1;CPS1;NAGS;NMRAL1;OTC;SIRT5;SLC25A15;SLC25A2;TP53	S:ARG1;ASL;CPS1;NAGS;SLC25A2
S:REACTOME_SHC1_EVENTS_IN_ERBB2_SIGNALING	D:22	S:BTC;EGF;EGFR;ERBB2;ERBB3;ERBB4;EREG;GRB2;HBEGF;HRAS;KRAS;NRAS;NRG1;NRG2;NRG3;NRG4;PRKCA;PRKCD;PRKCE;PTPN12;SHC1;SOS1	S:EGF;EGFR;ERBB2;ERBB4;GRB2;HBEGF;KRAS;NRG3;PRKCA;PRKCE;PTPN12;SHC1;SOS1
S:REACTOME_SARS_COV_1_ACTIVATES_MODULATES_INNATE_IMMUNE_RESPONSES	D:36	S:BST2;CASP1;FKBP1A;IFIH1;IKBKE;IRAK2;IRF3;ITCH;KPNA2;KPNB1;MAVS;NFKB1;NFKBIA;NLRP3;NMI;PCBP2;PPIA;PPIB;PPIG;PPIH;PYCARD;RCAN3;RELA;RIPK3;RPS27A;RUNX1;SFTPD;SIKE1;TBK1;TLR7;TRAF3;TRAF6;TRIM25;UBA52;UBB;UBC	S:BST2;IFIH1;ITCH;KPNA2;KPNB1;NFKB1;NFKBIA;NMI;PPIB;PPIG;RCAN3;RELA;RPS27A;RUNX1;SIKE1;TBK1;TLR7;TRAF3;TRAF6;UBC
S:REACTOME_ACYL_CHAIN_REMODELLING_OF_PG	D:17	S:CRLS1;LPCAT1;LPCAT4;LPGAT1;PLA2G10;PLA2G12A;PLA2G1B;PLA2G2A;PLA2G2D;PLA2G2E;PLA2G2F;PLA2G3;PLA2G4A;PLA2G4D;PLA2G4F;PLA2G5;PLA2R1	S:LPCAT1;LPGAT1;PLA2G12A;PLA2G1B;PLA2G2E;PLA2G3;PLA2G4A;PLA2G4F
S:REACTOME_TRANSCRIPTIONAL_REGULATION_OF_GRANULOPOIESIS	D:29	S:CBFB;CDK2;CDK4;CDKN1A;CEBPA;CEBPB;CEBPE;CREB1;CSF3R;DEK;E2F1;EP300;FLI1;GATA2;GFI1;IL6R;KLF5;LEF1;MYB;MYC;PML;RARA;RUNX1;RXRA;SPI1;STAT3;TAL1;TFDP1;TFDP2	S:CDK2;CDKN1A;CEBPA;CEBPB;CEBPE;CSF3R;PML;RARA;RXRA;SPI1;STAT3;TAL1;TFDP1
S:REACTOME_TRANS_GOLGI_NETWORK_VESICLE_BUDDING	D:68	S:ACBD3;AP1B1;AP1G1;AP1G2;AP1M1;AP1M2;AP1S1;AP1S2;AP1S3;AP3B1;AP3S1;AP4B1;AP4E1;AP4M1;AP4S1;APP;ARF1;ARRB1;BLOC1S1;CHMP2A;CLINT1;CLTA;CLTB;CLTC;CLVS1;CPD;CTSZ;DNAJC6;DNASE2;DNM2;DTNBP1;FTH1;FTL;GAK;GBF1;GNS;GOLGB1;HGS;HIP1R;HSPA8;IGF2R;M6PR;NAPA;NECAP1;OCRL;PICALM;PIK3C2A;PUM1;RAB5C;SH3D19;SH3GL2;SNAP23;SNAPIN;SNX2;SNX5;SNX9;SORT1;STX4;TBC1D8B;TFRC;TGOLN2;TPD52;TPD52L1;TXNDC5;VAMP2;VAMP7;VAMP8;YIPF6	S:ACBD3;AP1G1;AP1S1;AP1S3;AP3B1;AP3S1;AP4B1;AP4E1;AP4S1;APP;ARF1;CHMP2A;CLINT1;CLTA;CLTB;CLTC;DTNBP1;FTH1;GBF1;GOLGB1;HGS;HIP1R;HSPA8;IGF2R;OCRL;PIK3C2A;PUM1;SNAP23;SNX2;SNX5;SNX9;TGOLN2;TPD52;TPD52L1;TXNDC5;VAMP7;YIPF6
S:REACTOME_MAP3K8_TPL2_DEPENDENT_MAPK1_3_ACTIVATION	D:16	S:BTRC;CHUK;CUL1;FBXW11;IKBKB;IKBKG;MAP2K1;MAP2K4;MAP3K8;NFKB1;RPS27A;SKP1;TNIP2;UBA52;UBB;UBC	S:CHUK;IKBKG;MAP3K8;SKP1;TNIP2;UBA52;UBB
S:REACTOME_NEGATIVE_REGULATION_OF_THE_PI3K_AKT_NETWORK	D:121	S:AKT1;AKT2;AKT3;AREG;BDNF;BTC;CD19;CD28;CD80;CD86;EGF;EGFR;EPGN;ERBB2;ERBB3;ERBB4;EREG;ESR1;ESR2;FGF1;FGF10;FGF16;FGF17;FGF18;FGF19;FGF2;FGF20;FGF22;FGF23;FGF3;FGF4;FGF5;FGF6;FGF7;FGF8;FGF9;FGFR1;FGFR2;FGFR3;FGFR4;FLT3;FLT3LG;FRS2;FYN;GAB1;GAB2;GRB2;HBEGF;HGF;ICOS;IER3;IL1RAP;IL1RL1;IL33;INS;INSR;IRAK1;IRAK4;IRS1;IRS2;KIT;KITLG;KL;KLB;LCK;MAPK1;MAPK3;MET;MYD88;NRG1;NRG2;NRG3;NRG4;NTF3;NTF4;NTRK2;NTRK3;PDGFA;PDGFB;PDGFRA;PDGFRB;PHLPP1;PHLPP2;PIK3AP1;PIK3CA;PIK3CB;PIK3CD;PIK3CG;PIK3R1;PIK3R2;PIK3R3;PIK3R5;PIK3R6;PIP4K2A;PIP4K2B;PIP4K2C;PIP5K1A;PIP5K1B;PIP5K1C;PPP2CA;PPP2CB;PPP2R1A;PPP2R1B;PPP2R5A;PPP2R5B;PPP2R5C;PPP2R5D;PPP2R5E;PTEN;PTPN11;RAC1;RAC2;RHOG;SRC;STRN;TGFA;THEM4;TRAF6;TRAT1;TRIB3;VAV1	S:AKT1;BDNF;BTC;CD86;EPGN;ERBB3;EREG;FGF1;FGF10;FGF17;FGF20;FGF22;FGF23;FGF3;FGF4;FGF5;FGF6;FGF8;FGF9;FGFR3;FGFR4;FRS2;GAB1;GAB2;IER3;IL1RAP;IL33;INS;IRAK1;IRAK4;KITLG;KLB;MAPK3;MYD88;NRG1;NRG2;NRG4;NTF3;NTF4;NTRK2;PIK3AP1;PIK3CD;PIK3R2;PIK3R6;PIP4K2A;PIP4K2C;PIP5K1A;PIP5K1C;PPP2CA;PPP2R1A;PPP2R5B;PTEN;RHOG;SRC;TGFA
S:REACTOME_SIALIC_ACID_METABOLISM	D:32	S:CMAS;CTSA;GLB1;GNE;NANP;NANS;NEU1;NEU2;NEU3;NEU4;NPL;SLC17A5;SLC35A1;ST3GAL1;ST3GAL2;ST3GAL3;ST3GAL4;ST3GAL5;ST3GAL6;ST6GAL1;ST6GAL2;ST6GALNAC1;ST6GALNAC2;ST6GALNAC3;ST6GALNAC4;ST6GALNAC5;ST6GALNAC6;ST8SIA1;ST8SIA2;ST8SIA3;ST8SIA4;ST8SIA5	S:CMAS;GLB1;NANP;NANS;NEU1;NPL;ST3GAL1;ST3GAL2;ST3GAL3;ST3GAL4;ST6GAL2;ST6GALNAC4;ST6GALNAC5;ST6GALNAC6
S:REACTOME_NOTCH2_ACTIVATION_AND_TRANSMISSION_OF_SIGNAL_TO_THE_NUCLEUS	D:21	S:ADAM10;APH1A;APH1B;CNTN1;DLL1;DLL4;JAG1;JAG2;MDK;MIB1;MIB2;NCSTN;NEURL1B;NOTCH2;PSEN1;PSEN2;PSENEN;RPS27A;UBA52;UBB;UBC	S:CNTN1;DLL4;JAG2;MDK;MIB1;MIB2;PSENEN;UBA52;UBB
S:REACTOME_DIFFERENTIATION_OF_KERATINOCYTES_IN_INTERFOLLICULAR_EPIDERMIS_IN_MAMMALIAN_SKIN	D:36	S:ABCG2;AQP3;CALML5;CASP14;CSPG4;DLL1;DMKN;EGF;FABP5;FLG;GJB3;HOPX;ITGA6;ITGB1;ITGB4;IVL;KLK5;KLK7;KRT1;KRT10;KRT14;KRT15;KRT19;KRT24;KRT5;KRT78;KRTDAP;LGALS7;LGALS7B;LRIG1;NUMB;PRSS3;SPINK5;TFRC;TP63;YAP1	S:ABCG2;CALML5;FLG;ITGB4;KLK7;KRT1;KRT14;KRT15;KRT19;KRT24;KRT78;KRTDAP;LGALS7;LGALS7B;NUMB;TFRC
S:REACTOME_ENERGY_DEPENDENT_REGULATION_OF_MTOR_BY_LKB1_AMPK	D:27	S:CAB39;CAB39L;LAMTOR1;LAMTOR2;LAMTOR3;MLST8;MTOR;PPM1A;PRKAA1;PRKAA2;PRKAB1;PRKAB2;PRKAG1;PRKAG2;PRKAG3;RHEB;RPTOR;RRAGA;RRAGB;RRAGC;RRAGD;SLC38A9;STK11;STRADA;STRADB;TSC1;TSC2	S:LAMTOR1;LAMTOR2;MLST8;PRKAA2;PRKAG1;PRKAG3;RRAGD;STK11;STRADA;STRADB;TSC2
S:REACTOME_REGULATION_OF_BACH1_ACTIVITY	D:11	S:BACH1;CUL1;FBXL17;MAFK;RBX1;RPS27A;SKP1;SKP2;UBA52;UBB;UBC	S:MAFK;RBX1;SKP1;UBA52;UBB
S:REACTOME_ZBP1_DAI_MEDIATED_INDUCTION_OF_TYPE_I_IFNS	D:21	S:CHUK;DHX9;DTX4;IKBKB;IKBKG;IRF3;MYD88;NFKB1;NFKB2;NFKBIA;NFKBIB;NKIRAS1;NKIRAS2;NLRP4;RELA;RIPK1;RIPK3;TBK1;TICAM1;TLR3;ZBP1	S:DHX9;DTX4;IKBKB;NFKB1;NFKBIA;NKIRAS1;NLRP4;RELA;RIPK1;TBK1;TICAM1;TLR3;ZBP1
S:REACTOME_ADENYLATE_CYCLASE_INHIBITORY_PATHWAY	D:13	S:ADCY1;ADCY2;ADCY3;ADCY4;ADCY5;ADCY6;ADCY7;ADCY8;ADCY9;GNAI1;GNAI2;GNAI3;GNAL	S:ADCY2;ADCY6;ADCY8;GNAI2
S:REACTOME_POTENTIAL_THERAPEUTICS_FOR_SARS	D:100	S:ACE2;AP2A1;AP2A2;AP2B1;AP2M1;AP2S1;ARID4A;ARID4B;ATP1A1;ATP1A2;ATP1A3;ATP1A4;ATP1B1;ATP1B2;ATP1B3;BLNK;BRD4;BRMS1;BTK;CD79A;CD79B;CHD3;CHD4;COMT;CRBN;CUL3;CYSLTR1;FKBP1A;FKBP4;FNTA;FNTB;FURIN;FXYD1;FXYD2;FXYD3;FXYD4;FXYD6;FXYD7;GATAD2A;GATAD2B;GRB2;HDAC1;HDAC2;HMG20B;HSP90AA1;HSP90AB1;IFNAR1;IFNAR2;IFNGR1;IFNGR2;IGHD;IGLV6-57;IL1R1;IL6R;IMPDH1;IMPDH2;ITGA4;ITGB1;JAK1;JAK2;JAK3;KDM1A;KEAP1;MBD3;MTA1;MTA2;MTA3;NCK1;NFE2L2;NR3C1;PDCD1;PHF21A;PLCG2;PTGES3;RBBP4;RBBP7;RBX1;RCOR1;REST;RIPK1;ROCK1;ROCK2;S1PR1;SAP18;SAP30;SAP30L;SH3KBP1;SIGMAR1;SOS1;STAT2;SUDS3;SYK;TBK1;TLR7;TLR9;TUBB;TYK2;VAV1;VEGFA;ZBP1	S:ACE2;ARID4A;ARID4B;ATP1A1;ATP1B1;ATP1B3;BLNK;BRD4;CD79B;CHD4;CRBN;CUL3;CYSLTR1;FNTA;FNTB;FXYD1;FXYD2;FXYD7;GATAD2A;GATAD2B;GRB2;HDAC1;HDAC2;HSP90AA1;HSP90AB1;IFNAR2;IFNGR1;IGHD;IGLV6-57;IL6R;IMPDH2;ITGA4;ITGB1;JAK1;KEAP1;MTA3;NCK1;NFE2L2;NR3C1;PDCD1;PLCG2;RBBP4;RBBP7;RCOR1;REST;RIPK1;ROCK1;ROCK2;S1PR1;SAP18;SH3KBP1;SIGMAR1;SOS1;SYK;TBK1;TLR7;TUBB;VAV1;VEGFA;ZBP1
S:REACTOME_UPTAKE_AND_FUNCTION_OF_ANTHRAX_TOXINS	D:11	S:ANTXR1;ANTXR2;CALM1;FURIN;MAP2K1;MAP2K2;MAP2K3;MAP2K4;MAP2K6;MAP2K7;PDCD6IP	S:ANTXR1;FURIN;MAP2K2;MAP2K3;MAP2K6;MAP2K7
S:REACTOME_CHYLOMICRON_ASSEMBLY	D:10	S:APOA1;APOA2;APOA4;APOB;APOC2;APOC3;APOE;MTTP;P4HB;SAR1B	S:APOA1;APOA2;APOA4;APOE
S:REACTOME_INTEGRIN_SIGNALING	D:27	S:AKT1;APBB1IP;BCAR1;CRK;CSK;FGA;FGB;FGG;FN1;GRB2;ITGA2B;ITGB3;PDPK1;PTK2;PTPN1;RAP1A;RAP1B;RAPGEF3;RAPGEF4;RASGRP1;RASGRP2;SHC1;SOS1;SRC;SYK;TLN1;VWF	S:APBB1IP;BCAR1;GRB2;ITGB3;PTK2;PTPN1;RAP1A;RAP1B;RAPGEF3;RASGRP1;RASGRP2;SHC1;SOS1;SYK
S:REACTOME_EXTRA_NUCLEAR_ESTROGEN_SIGNALING	D:74	S:AKT1;AKT2;AKT3;AREG;BCL2;BTC;CALM1;CAV1;CAV2;CCND1;CDKN1B;CREB1;EGF;EGFR;ELK1;EPGN;EREG;ESR1;ESR2;FOS;FOXO3;GNAI1;GNAI2;GNAI3;GNB1;GNB2;GNB3;GNB4;GNB5;GNG10;GNG11;GNG12;GNG13;GNG2;GNG3;GNG4;GNG5;GNG7;GNG8;GNGT1;GNGT2;HBEGF;HRAS;HSP90AA1;HSPB1;IGF1R;KRAS;MAPK1;MAPK3;MMP2;MMP3;MMP7;MMP9;NOS3;NRAS;PDPK1;PIK3CA;PIK3R1;PIK3R2;PIK3R3;PRKCZ;PRMT1;PTK2;S1PR3;SHC1;SPHK1;SRC;SRF;STRN;TGFA;UHMK1;XPO1;ZDHHC21;ZDHHC7	S:AKT2;AKT3;AREG;CALM1;CAV1;CCND1;CDKN1B;CREB1;EGF;EGFR;ELK1;ESR1;ESR2;FOS;GNAI1;GNAI3;GNB1;GNB3;GNB5;GNG2;GNG3;GNG5;GNG7;GNG8;HBEGF;HSP90AA1;IGF1R;KRAS;MAPK1;MMP2;MMP3;MMP9;PIK3CA;PIK3R1;PIK3R3;PRKCZ;PRMT1;PTK2;S1PR3;SHC1;SRF;STRN;UHMK1;XPO1;ZDHHC21;ZDHHC7
S:REACTOME_GLYCOGEN_BREAKDOWN_GLYCOGENOLYSIS	D:14	S:AGL;CALM1;GAA;GYG1;GYG2;PGM1;PHKA1;PHKA2;PHKB;PHKG1;PHKG2;PYGB;PYGL;PYGM	S:GYG1;PHKA1;PHKA2;PHKG2;PYGB;PYGL;PYGM
S:REACTOME_RHO_GTPASES_ACTIVATE_IQGAPS	D:27	S:ACTB;ACTG1;CALM1;CDC42;CDH1;CLIP1;CTNNA1;CTNNB1;IQGAP1;IQGAP2;IQGAP3;MEN1;RAC1;TUBA1A;TUBA1B;TUBA1C;TUBA3C;TUBA3D;TUBA4A;TUBA8;TUBAL3;TUBB1;TUBB2A;TUBB2B;TUBB3;TUBB6;TUBB8	S:CTNNA1;CTNNB1;IQGAP3;TUBA1A;TUBA1C;TUBA3D;TUBA8;TUBAL3;TUBB2A;TUBB2B;TUBB3;TUBB6;TUBB8
S:REACTOME_FORMATION_OF_THE_EARLY_ELONGATION_COMPLEX	D:28	S:CCNH;CDK7;CTDP1;ERCC2;ERCC3;GTF2F1;GTF2F2;GTF2H1;GTF2H3;GTF2H4;GTF2H5;MNAT1;NCBP1;NCBP2;POLR2A;POLR2B;POLR2C;POLR2D;POLR2E;POLR2F;POLR2G;POLR2H;POLR2I;POLR2J;POLR2K;POLR2L;SUPT4H1;SUPT5H	S:CCNH;CDK7;ERCC3;GTF2F1;GTF2F2;GTF2H1;GTF2H3;GTF2H4;GTF2H5;MNAT1;NCBP1;NCBP2;POLR2B;POLR2G;POLR2K;POLR2L
S:REACTOME_ETHANOL_OXIDATION	D:12	S:ACSS1;ACSS2;ADH1A;ADH1B;ADH1C;ADH4;ADH5;ADH6;ADH7;ALDH1A1;ALDH1B1;ALDH2	S:ACSS2;ADH1B;ADH6;ADH7;ALDH1A1
S:REACTOME_GAMMA_CARBOXYLATION_HYPUSINYLATION_HYDROXYLATION_AND_ARYLSULFATASE_ACTIVATION	D:53	S:ARSA;ARSB;ARSD;ARSF;ARSG;ARSI;ARSJ;ARSK;ASPH;BGLAP;DHPS;DNAJC24;DOHH;DPH2;DPH3;DPH5;DRG1;DRG2;EEF2;EIF5A;EIF5A2;ETF1;F10;F2;F7;F8;F9;FN3K;FN3KRP;FURIN;GAS6;GGCX;ICMT;JMJD4;JMJD6;JMJD7;OGFOD1;PROC;PROS1;PROZ;RCCD1;RPL27A;RPL8;RPS23;RPS6;RWDD1;STS;SUMF1;SUMF2;TPST1;TPST2;U2AF2;ZC3H15	S:ARSB;ARSD;ARSF;ARSG;ARSJ;ARSK;DNAJC24;DPH2;DPH3;DPH5;EIF5A2;ETF1;F10;F2;F8;FN3K;FN3KRP;GGCX;JMJD7;OGFOD1;PROC;PROS1;RCCD1;RPL27A;RPL8;RPS23;RPS6;RWDD1;STS;SUMF1;SUMF2;TPST1;ZC3H15
S:REACTOME_INTERCONVERSION_OF_NUCLEOTIDE_DI_AND_TRIPHOSPHATES	D:26	S:AK1;AK2;AK4;AK5;AK7;AK8;CMPK1;CTPS2;DCTD;DCTPP1;DTYMK;DUT;GLRX;GSR;GUK1;NME1;NME2;NME3;NME4;NUDT13;RRM1;RRM2;RRM2B;TXN;TXNRD1;TYMS	S:AK2;AK4;AK5;CMPK1;CTPS2;DCTD;DCTPP1;DTYMK;DUT;GLRX;GSR;NME2;NUDT13;RRM1;RRM2;RRM2B;TYMS
S:REACTOME_RIP_MEDIATED_NFKB_ACTIVATION_VIA_ZBP1	D:17	S:CHUK;DHX9;IKBKB;IKBKG;MYD88;NFKB1;NFKB2;NFKBIA;NFKBIB;NKIRAS1;NKIRAS2;RELA;RIPK1;RIPK3;TICAM1;TLR3;ZBP1	S:CHUK;IKBKG;MYD88;NFKB2;NFKBIB;NKIRAS2;RIPK3
S:REACTOME_SYNTHESIS_OF_PROSTAGLANDINS_PG_AND_THROMBOXANES_TX	D:14	S:AKR1C3;CBR1;CYP8B1;HPGD;HPGDS;PTGDS;PTGES;PTGES2;PTGES3;PTGIS;PTGR2;PTGS1;PTGS2;TBXAS1	S:CYP8B1;PTGES2;PTGES3;PTGIS;PTGS1;TBXAS1
S:REACTOME_TP53_REGULATES_TRANSCRIPTION_OF_CELL_DEATH_GENES	D:42	S:AIFM2;APAF1;ATM;BAX;BBC3;BCL2L14;BCL6;BID;BIRC5;BNIP3L;CASP1;CASP10;CASP2;CASP6;CHM;CRADD;CREBBP;FAS;IGFBP3;NDRG1;NLRC4;PERP;PMAIP1;PPP1R13B;PRELID1;RABGGTA;RABGGTB;STEAP3;TMEM219;TNFRSF10A;TNFRSF10B;TNFRSF10C;TNFRSF10D;TP53;TP53AIP1;TP53BP2;TP53I3;TP53INP1;TP63;TP73;TRIAP1;ZNF420	S:AIFM2;APAF1;BAX;BNIP3L;CASP1;CRADD;IGFBP3;NDRG1;NLRC4;PRELID1;RABGGTA;STEAP3;TMEM219;TNFRSF10A;TNFRSF10B;TNFRSF10D;TP53AIP1;TP53I3
S:REACTOME_TRAF3_DEPENDENT_IRF_ACTIVATION_PATHWAY	D:14	S:CREBBP;EP300;IFIH1;IFNB1;IKBKE;IRF3;IRF7;MAVS;RNF135;SIKE1;TBK1;TRAF3;TRIM25;TRIM4	S:CREBBP;EP300;IFIH1;IFNB1;SIKE1;TBK1;TRAF3;TRIM4
S:REACTOME_VITAMIN_D_CALCIFEROL_METABOLISM	D:12	S:CUBN;CYP24A1;CYP27B1;CYP2R1;GC;LDLRAP1;LGMN;LRP2;PIAS4;SUMO2;UBE2I;VDR	S:CUBN;CYP27B1;CYP2R1;GC;LDLRAP1;LGMN;SUMO2;UBE2I;VDR
S:REACTOME_BUDDING_AND_MATURATION_OF_HIV_VIRION	D:25	S:CHMP2A;CHMP2B;CHMP4A;CHMP4B;CHMP4C;CHMP5;CHMP6;CHMP7;NEDD4L;PDCD6IP;PPIA;RPS27A;TSG101;UBA52;UBAP1;UBB;UBC;VPS28;VPS37A;VPS37B;VPS37C;VPS37D;VPS4A;VPS4B;VTA1	S:CHMP4B;CHMP4C;CHMP5;CHMP6;CHMP7;NEDD4L;PPIA;UBA52;UBAP1;UBB;VPS37B;VPS37D
S:REACTOME_NOTCH3_INTRACELLULAR_DOMAIN_REGULATES_TRANSCRIPTION	D:25	S:CREBBP;DLGAP5;EP300;FABP7;HES1;HES5;HEY1;HEY2;HEYL;IKZF1;KAT2A;KAT2B;MAML1;MAML2;MAML3;MAMLD1;NOTCH1;NOTCH3;PBX1;PLXND1;PTCRA;RBPJ;SNW1;STAT1;WWC1	S:CREBBP;DLGAP5;EP300;HES5;HEY1;HEY2;HEYL;IKZF1;KAT2A;MAML1;MAML3;MAMLD1;NOTCH1;SNW1;STAT1
S:REACTOME_FERTILIZATION	D:23	S:ACR;ADAM2;ADAM20;ADAM21;ADAM30;B4GALT1;CATSPER1;CATSPER2;CATSPER3;CATSPER4;CATSPERB;CATSPERG;CD9;HVCN1;IZUMO1;IZUMO2;IZUMO4;OVGP1;SPAM1;ZP1;ZP2;ZP3;ZP4	S:ACR;ADAM20;ADAM21;B4GALT1;CATSPER2;CATSPER3;CATSPER4;CATSPERB;CD9;HVCN1;IZUMO2;OVGP1;ZP1;ZP3;ZP4
S:REACTOME_COMMON_PATHWAY_OF_FIBRIN_CLOT_FORMATION	D:22	S:CD177;F10;F13A1;F13B;F2;F2R;F5;F8;FGA;FGB;FGG;PF4;PF4V1;PROC;PROCR;PROS1;PRTN3;SERPINA5;SERPINC1;SERPIND1;SERPINE2;THBD	S:F10;F13A1;F13B;F2;F2R;F8;PF4;PF4V1;PROC;PROCR;PROS1;SERPINC1;SERPIND1;SERPINE2;THBD
S:REACTOME_GLYCOGEN_STORAGE_DISEASES	D:14	S:EPM2A;G6PC3;GAA;GBE1;GYG1;GYG2;GYS1;GYS2;PPP1R3C;RPS27A;SLC37A4;UBA52;UBB;UBC	S:EPM2A;GAA;GBE1;GYG2;GYS1;PPP1R3C;RPS27A;UBC
S:REACTOME_SYNTHESIS_OF_PA	D:34	S:ACP6;AGPAT1;AGPAT2;AGPAT3;AGPAT4;AGPAT5;ALPI;DDHD1;DDHD2;GNPAT;GPAM;GPAT2;GPD1;GPD1L;GPD2;LCLAT1;LIPH;LIPI;LPCAT1;LPCAT4;PLA2G10;PLA2G12A;PLA2G1B;PLA2G2A;PLA2G2D;PLA2G2E;PLA2G2F;PLA2G4A;PLA2G4D;PLA2G5;PLA2R1;PLD1;PLD2;PLD6	S:ACP6;AGPAT4;AGPAT5;ALPI;DDHD1;DDHD2;GNPAT;GPAM;GPD1L;GPD2;LCLAT1;LIPI;LPCAT1;PLA2G12A;PLA2G1B;PLA2G2E;PLA2G4A;PLD6
S:REACTOME_SYNTHESIS_OF_PYROPHOSPHATES_IN_THE_CYTOSOL	D:10	S:IP6K1;IP6K3;IPPK;ITPK1;NUDT10;NUDT11;NUDT3;NUDT4;PPIP5K1;PPIP5K2	S:NUDT10;NUDT11;NUDT4
S:REACTOME_LISTERIA_MONOCYTOGENES_ENTRY_INTO_HOST_CELLS	D:20	S:CBL;CBLL1;CDH1;CTNNB1;CTNND1;EPS15;GRB2;HGS;MET;RPS27A;SH3GL1;SH3GL2;SH3GL3;SH3KBP1;SRC;STAM;STAM2;UBA52;UBB;UBC	S:CBL;CBLL1;CDH1;EPS15;GRB2;HGS;MET;RPS27A;SH3GL3;SH3KBP1;STAM;STAM2;UBC
S:REACTOME_THE_ROLE_OF_NEF_IN_HIV_1_REPLICATION_AND_DISEASE_PATHOGENESIS	D:28	S:AP1B1;AP1G1;AP1M1;AP1M2;AP1S1;AP1S2;AP1S3;AP2A1;AP2A2;AP2B1;AP2M1;AP2S1;ARF1;ATP6V1H;B2M;CD247;CD28;CD4;CD8B;DOCK2;ELMO1;FYN;HCK;HLA-A;LCK;PACS1;PAK2;RAC1	S:AP1G1;AP1S1;AP1S3;ARF1;ATP6V1H;B2M;CD247;CD28;DOCK2;ELMO1;FYN;HLA-A;LCK;PACS1;PAK2;RAC1
S:REACTOME_BUTYROPHILIN_BTN_FAMILY_INTERACTIONS	D:12	S:BTN1A1;BTN2A1;BTN2A2;BTN3A1;BTN3A2;BTN3A3;BTNL2;BTNL8;BTNL9;CD209;PPL;XDH	S:BTN1A1;BTN2A1;BTN3A1;BTNL2;BTNL8
S:REACTOME_DEFECTS_OF_CONTACT_ACTIVATION_SYSTEM_CAS_AND_KALLIKREIN_KININ_SYSTEM_KKS	D:16	S:F10;F11;F12;F2;F8;F9;GGCX;GP1BA;GP1BB;GP5;GP9;KLKB1;SERPING1;TPST1;TPST2;VWF	S:F12;F9;GP9;KLKB1;SERPING1;TPST2;VWF
S:REACTOME_DEVELOPMENTAL_LINEAGE_OF_PANCREATIC_ACINAR_CELLS	D:31	S:AQP8;BHLHA15;CEL;CELA2A;CELA3B;CPA1;CPA2;CPB1;CTRC;CTRL;FOXA2;GATA4;GNMT;GP2;HNF1B;KLK1;NKX6-1;ONECUT1;PDIA2;PDX1;PLA2G1B;PNLIP;PNLIPRP2;PRSS1;PTF1A;REG1A;RNASE1;SERPINA4;SOX9;SPINK1;SYCN	S:BHLHA15;CELA3B;CPA1;CPB1;CTRL;FOXA2;GATA4;GNMT;HNF1B;ONECUT1;PDX1;PNLIP;PTF1A;SOX9;SYCN
S:REACTOME_DISASSEMBLY_OF_THE_DESTRUCTION_COMPLEX_AND_RECRUITMENT_OF_AXIN_TO_THE_MEMBRANE	D:30	S:APC;AXIN1;CAV1;CSNK1A1;CSNK1G2;CTNNB1;DVL1;DVL2;DVL3;FRAT1;FRAT2;FZD1;FZD2;FZD5;GSK3B;LRP5;LRP6;PPP2CA;PPP2CB;PPP2R1A;PPP2R1B;PPP2R5A;PPP2R5B;PPP2R5C;PPP2R5D;PPP2R5E;WNT1;WNT3A;WNT8A;WNT8B	S:APC;CAV1;CSNK1A1;DVL1;FZD1;GSK3B;LRP5;PPP2CB;PPP2R1B;PPP2R5A;PPP2R5C;PPP2R5D;PPP2R5E;WNT1;WNT8A;WNT8B
S:REACTOME_LEISHMANIA_INFECTION	D:158	S:ABI1;ABI2;ABL1;ACTB;ACTG1;ACTR2;ACTR3;ADAM17;ADCY1;ADCY2;ADCY3;ADCY4;ADCY5;ADCY6;ADCY7;ADCY8;ADCY9;ADORA2B;AHCYL1;APP;ARPC1A;ARPC1B;ARPC2;ARPC3;ARPC4;ARPC5;BAIAP2;BTK;C3;C3AR1;CALM1;CASP1;CD163;CD247;CD3G;CDC42;CREB1;CRK;CTSG;CYBA;CYFIP1;CYFIP2;CYSLTR1;CYSLTR2;DOCK1;DPEP1;DPEP2;DVL1;DVL2;DVL3;ELMO1;ELMO2;ENTPD1;ENTPD5;FCGR2A;FCGR3A;FGR;FURIN;FYN;FZD7;GGT1;GGT5;GNAI1;GNAI2;GNAI3;GNAS;GNAZ;GNB1;GNB2;GNB3;GNB4;GNB5;GNG10;GNG11;GNG12;GNG13;GNG2;GNG3;GNG4;GNG5;GNG7;GNG8;GNGT1;GNGT2;GRB2;GSDMD;HCK;HMOX1;HSP90AB1;IGLV6-57;IL10;IL18;IL1A;IL1B;IL6;ITPR1;ITPR2;ITPR3;JUN;LYN;MAPK1;MAPK14;MAPK3;MAPK8;MEFV;MYH2;MYH9;MYO10;MYO1C;MYO5A;MYO9B;NCK1;NCKAP1;NCKAP1L;NCKIPSD;NFKB1;NFKB2;NLRP3;NOX1;NOXA1;NOXO1;NT5E;P2RX4;P2RX7;PLCG1;PLCG2;PLK2;PRKACA;PRKACB;PRKACG;PRKAR1A;PRKAR1B;PRKAR2A;PRKAR2B;PRKX;PSTPIP1;PTK2;PYCARD;RAC1;RELA;RHBDF2;SRC;SUGT1;SYK;TXN;TXNIP;VAV1;VAV2;VAV3;WAS;WASF1;WASF2;WASF3;WASL;WIPF1;WIPF2;WNT5A;YES1	S:ABI1;ABI2;ABL1;ACTB;ACTG1;ACTR2;ACTR3;ADAM17;ADCY1;ADCY3;ADCY4;ADCY5;ADCY7;ADCY9;ADORA2B;AHCYL1;APP;ARPC1A;ARPC1B;ARPC2;ARPC3;ARPC5;C3;CALM1;CD163;CD247;CD3G;CDC42;CREB1;CYFIP1;CYFIP2;CYSLTR1;CYSLTR2;DPEP1;DPEP2;DVL1;ELMO1;ELMO2;FCGR3A;FYN;FZD7;GNAI1;GNAI3;GNAS;GNB1;GNB3;GNB5;GNG2;GNG3;GNG5;GNG7;GNG8;GRB2;HMOX1;HSP90AB1;IGLV6-57;IL10;IL6;ITPR1;ITPR2;ITPR3;JUN;LYN;MAPK1;MAPK8;MYH2;MYH9;MYO1C;MYO5A;MYO9B;NCK1;NCKAP1;NFKB1;NT5E;PLCG1;PLCG2;PLK2;PRKACB;PRKACG;PRKAR2A;PRKAR2B;PRKX;PSTPIP1;PTK2;RAC1;RELA;RHBDF2;SUGT1;SYK;TXNIP;VAV1;VAV2;VAV3;WASF2;WASF3;WIPF2;YES1
S:REACTOME_REGULATION_OF_TBK1_IKK_IKBKE_MEDIATED_ACTIVATION_OF_IRF3_IRF7	D:13	S:CD14;IKBKE;LY96;OPTN;RPS27A;TANK;TBK1;TICAM1;TLR4;TRAF3;UBA52;UBB;UBC	S:IKBKE;LY96;OPTN;TLR4;UBA52;UBB
S:REACTOME_RIBAVIRIN_ADME	D:11	S:ADA;ADK;ITPA;NME1;NME2;NT5C2;PNP;SLC28A2;SLC28A3;SLC29A1;SLC29A3	S:NME1;PNP;SLC28A3;SLC29A1;SLC29A3
S:REACTOME_HSF1_ACTIVATION	D:30	S:COL4A6;CRYBA4;DEDD2;DNAJB1;DNAJB6;EEF1A1;FKBP4;GML;HDAC6;HSBP1;HSF1;HSP90AA1;HSP90AB1;HSPA1A;HSPA1L;HSPA6;HSPB1;HSPB2;HSPH1;MRPL18;PTGES3;RLN1;RPA1;RPA2;RPA3;SERPINH1;TNFRSF21;UBB;VCP;YWHAE	S:COL4A6;CRYBA4;DEDD2;DNAJB1;EEF1A1;FKBP4;HDAC6;HSBP1;HSPA1L;HSPA6;HSPB1;HSPB2;PTGES3;UBB;YWHAE
S:REACTOME_INTERACTION_WITH_CUMULUS_CELLS_AND_THE_ZONA_PELLUCIDA	D:11	S:ADAM2;ADAM20;ADAM21;ADAM30;B4GALT1;OVGP1;SPAM1;ZP1;ZP2;ZP3;ZP4	S:ADAM20;ADAM21;B4GALT1;OVGP1;ZP1;ZP3;ZP4
S:REACTOME_INTERLEUKIN_4_AND_INTERLEUKIN_13_SIGNALING	D:107	S:AKT1;ALOX15;ALOX5;ANXA1;BATF;BCL2;BCL2L1;BCL6;BIRC5;CCL11;CCL2;CCL22;CCND1;CD36;CDKN1A;CEBPD;COL1A2;F13A1;FASLG;FCER2;FGF2;FN1;FOS;FOXO1;FOXO3;FSCN1;GATA3;HGF;HIF1A;HMOX1;HSP90AA1;HSP90B1;HSPA8;ICAM1;IL10;IL12A;IL12B;IL13;IL13RA1;IL13RA2;IL17A;IL17F;IL18;IL1A;IL1B;IL23A;IL23R;IL2RG;IL4;IL4R;IL6;IL6R;IRF4;ITGAM;ITGAX;ITGB1;ITGB2;JAK1;JAK2;JAK3;JUNB;LAMA5;LBP;LCN2;LIF;MAOA;MCL1;MMP1;MMP2;MMP3;MMP9;MUC1;MYC;NANOG;NDN;NOS2;OPRD1;OPRM1;OSM;PIK3R1;PIM1;POMC;POU2F1;PTGS2;RHOU;RORA;RORC;S1PR1;SAA1;SOCS1;SOCS3;SOCS5;SOX2;STAT1;STAT3;STAT6;TGFB1;TIMP1;TNF;TNFRSF1B;TP53;TWIST1;TYK2;VCAM1;VEGFA;VIM;ZEB1	S:ALOX15;ALOX5;ANXA1;BATF;BCL6;BIRC5;CCL11;CCL2;CCND1;CEBPD;COL1A2;F13A1;FASLG;FCER2;FGF2;FOS;FOXO1;FSCN1;GATA3;HGF;HIF1A;HMOX1;HSP90AA1;HSP90B1;HSPA8;IL10;IL12B;IL13;IL13RA2;IL17A;IL23A;IL23R;IL4;IL6;IL6R;IRF4;ITGAM;ITGB1;ITGB2;JAK1;LBP;MCL1;MMP2;MMP3;MMP9;MYC;NDN;NOS2;PIK3R1;POU2F1;PTGS2;RHOU;RORA;RORC;S1PR1;SOCS1;SOCS5;STAT1;STAT6;TP53;VEGFA;VIM;ZEB1
S:REACTOME_ACTIVATION_OF_THE_TFAP2_AP_2_FAMILY_OF_TRANSCRIPTION_FACTORS	D:12	S:CITED1;CITED2;CITED4;CREBBP;EP300;TFAP2A;TFAP2B;TFAP2C;TFAP2D;TFAP2E;WWOX;YEATS4	S:CITED1;CITED2;CITED4;CREBBP;EP300;TFAP2A;TFAP2C;WWOX;YEATS4
S:REACTOME_CASPASE_ACTIVATION_VIA_DEATH_RECEPTORS_IN_THE_PRESENCE_OF_LIGAND	D:15	S:CASP8;CD14;CFLAR;FADD;FAS;FASLG;LY96;RIPK1;TICAM1;TLR4;TNFRSF10A;TNFRSF10B;TNFSF10;TRADD;TRAF2	S:CASP8;CFLAR;LY96;TLR4;TNFRSF10A;TNFRSF10B;TNFSF10
S:REACTOME_DEACTIVATION_OF_THE_BETA_CATENIN_TRANSACTIVATING_COMPLEX	D:43	S:AKT1;AKT2;APC;ASH2L;BCL9;BCL9L;BTRC;CBY1;CHD8;CTBP1;CTNNB1;CTNNBIP1;DPY30;HDAC1;LEF1;MEN1;PYGO1;PYGO2;RBBP5;RPS27A;SOX13;SOX17;SOX2;SOX3;SOX4;SOX6;SOX7;SOX9;SRY;TCF7;TCF7L1;TCF7L2;TLE1;TLE2;TLE3;TLE4;UBA52;UBB;UBC;WDR5;XIAP;XPO1;YWHAZ	S:AKT1;CTBP1;CTNNB1;PYGO1;PYGO2;SOX13;SOX17;SOX2;SOX3;SOX6;SOX7;SOX9;SRY;TCF7L1;TCF7L2;TLE3;UBA52;UBB
S:REACTOME_LATE_SARS_COV_2_INFECTION_EVENTS	D:73	S:ACE2;ANO1;ANO10;ANO2;ANO3;ANO4;ANO5;ANO6;ANO7;ANO8;ANO9;CANX;CSNK1A1;DAD1;DDOST;EDEM2;FURIN;FUT8;GALNT1;GANAB;GOLGA7;GSK3A;GSK3B;MAGT1;MAN1B1;MAN2A1;MGAT1;MGAT2;MGAT4A;MGAT4B;MGAT4C;MGAT5;MOGS;OST4;OSTC;PARP10;PARP14;PARP16;PARP4;PARP6;PARP8;PARP9;PRKCSH;PRMT1;RPN1;RPN2;RPS27A;SRPK1;SRPK2;ST3GAL1;ST3GAL2;ST3GAL3;ST3GAL4;ST6GAL1;ST6GALNAC2;ST6GALNAC3;ST6GALNAC4;STT3A;STT3B;SUMO1;TMPRSS2;TUSC3;UBA52;UBB;UBC;UBE2I;ZDHHC11;ZDHHC2;ZDHHC20;ZDHHC3;ZDHHC5;ZDHHC8;ZDHHC9	S:ANO1;ANO10;ANO3;ANO4;ANO7;ANO8;ANO9;EDEM2;FURIN;MAN1B1;MGAT4B;MGAT4C;MOGS;OST4;PARP10;PARP4;PARP6;PARP9;PRKCSH;ST3GAL1;ST3GAL2;ST3GAL3;ST3GAL4;ST6GALNAC4;SUMO1;TMPRSS2;UBA52;UBB;ZDHHC2;ZDHHC3;ZDHHC5;ZDHHC8;ZDHHC9
S:REACTOME_TP53_REGULATES_TRANSCRIPTION_OF_GENES_INVOLVED_IN_CYTOCHROME_C_RELEASE	D:19	S:AIFM2;ATM;BAX;BBC3;BID;BNIP3L;CREBBP;PMAIP1;PPP1R13B;PRELID1;STEAP3;TP53;TP53AIP1;TP53BP2;TP53INP1;TP63;TP73;TRIAP1;ZNF420	S:ATM;BBC3;BID;CREBBP;PMAIP1;PPP1R13B;TP53;TP53BP2;TP53INP1;TP63;TP73;TRIAP1;ZNF420
S:REACTOME_SIGNALING_BY_PDGF	D:58	S:BCAR1;COL2A1;COL3A1;COL4A1;COL4A2;COL4A3;COL4A4;COL4A5;COL5A1;COL5A2;COL5A3;COL6A1;COL6A2;COL6A3;COL6A5;COL6A6;COL9A1;COL9A2;COL9A3;CRK;CRKL;FURIN;GRB2;GRB7;HRAS;KRAS;NCK1;NCK2;NRAS;PDGFA;PDGFB;PDGFC;PDGFD;PDGFRA;PDGFRB;PIK3CA;PIK3CB;PIK3R1;PIK3R2;PLAT;PLCG1;PLG;PTPN11;PTPN12;RAPGEF1;RASA1;SOS1;SPP1;SRC;STAT1;STAT3;STAT5A;STAT5B;STAT6;THBS1;THBS2;THBS3;THBS4	S:COL2A1;COL3A1;COL4A1;COL4A2;COL4A5;COL6A1;COL6A2;COL6A3;COL6A5;COL6A6;COL9A1;COL9A2;CRK;CRKL;FURIN;HRAS;NCK2;NRAS;PIK3R2;RAPGEF1;SRC;STAT3;STAT5A;STAT5B;THBS1;THBS3
S:REACTOME_DOPAMINE_NEUROTRANSMITTER_RELEASE_CYCLE	D:22	S:APBA1;CASK;CPLX1;LIN7A;LIN7B;LIN7C;PPFIA1;PPFIA2;PPFIA3;PPFIA4;RAB3A;RIMS1;SLC18A2;SNAP25;STX1A;STXBP1;SYN1;SYN2;SYN3;SYT1;UNC13B;VAMP2	S:APBA1;CASK;CPLX1;PPFIA1;PPFIA3;PPFIA4;SLC18A2;STX1A;STXBP1;SYN1;SYN3;SYT1;UNC13B
S:REACTOME_CHONDROITIN_SULFATE_DERMATAN_SULFATE_METABOLISM	D:37	S:ARSB;BCAN;BGN;CHPF;CHPF2;CHST11;CHST12;CHST13;CHST14;CHST15;CHST3;CHST7;CHST9;CHSY1;CHSY3;CSGALNACT1;CSGALNACT2;CSPG4;CSPG5;DCN;DSE;DSEL;GLB1;GLB1L;GLB1L2;GLB1L3;GUSB;HEXA;HEXB;HYAL1;HYAL3;HYAL4;IDS;IDUA;NCAN;UST;VCAN	S:ARSB;BCAN;BGN;CHPF;CHPF2;CHST11;CHST12;CHST14;CHST15;CHST3;CHSY1;CHSY3;CSGALNACT2;CSPG4;CSPG5;DCN;DSE;DSEL;GLB1L2;GLB1L3;GUSB;HEXA;HEXB;IDS;UST
S:REACTOME_GLYCOSAMINOGLYCAN_METABOLISM	D:130	S:ABCC5;ACAN;AGRN;ARSB;B3GALT6;B3GAT1;B3GAT2;B3GAT3;B3GNT2;B3GNT3;B3GNT4;B3GNT7;B4GALT1;B4GALT2;B4GALT3;B4GALT4;B4GALT5;B4GALT6;B4GALT7;BCAN;BGN;CD44;CHPF;CHPF2;CHST1;CHST11;CHST12;CHST13;CHST14;CHST15;CHST2;CHST3;CHST5;CHST6;CHST7;CHST9;CHSY1;CHSY3;CSGALNACT1;CSGALNACT2;CSPG4;CSPG5;DCN;DSE;DSEL;EXT1;EXT2;EXTL2;EXTL3;FAM20B;FMOD;GALNS;GLB1;GLB1L;GLB1L2;GLB1L3;GLCE;GNS;GPC1;GPC2;GPC3;GPC4;GPC5;GPC6;GUSB;HAS1;HAS2;HAS3;HEXA;HEXB;HGSNAT;HMMR;HPSE;HPSE2;HS2ST1;HS3ST1;HS3ST2;HS3ST3A1;HS3ST3B1;HS3ST4;HS3ST5;HS6ST1;HS6ST2;HS6ST3;HSPG2;HYAL1;HYAL2;HYAL3;HYAL4;IDS;IDUA;KERA;LUM;LYVE1;NAGLU;NCAN;NDST1;NDST2;NDST3;NDST4;OGN;OMD;PAPSS1;PAPSS2;PRELP;SDC1;SDC2;SDC3;SDC4;SGSH;SLC17A5;SLC26A1;SLC26A11;SLC26A2;SLC35B2;SLC35B3;SLC35D2;SLC9A1;SPAM1;ST3GAL1;ST3GAL2;ST3GAL3;ST3GAL4;ST3GAL6;STAB2;UST;UXS1;VCAN;XYLT1;XYLT2	S:ABCC5;ACAN;ARSB;B3GALT6;B3GAT1;B3GAT3;B3GNT2;B3GNT3;B3GNT4;B4GALT1;B4GALT4;B4GALT6;BCAN;BGN;CD44;CHPF;CHPF2;CHST1;CHST11;CHST12;CHST14;CHST15;CHST3;CHST6;CHSY1;CHSY3;CSGALNACT2;CSPG4;CSPG5;DCN;DSE;DSEL;EXT2;EXTL2;GLB1L2;GLB1L3;GLCE;GPC1;GPC2;GPC3;GUSB;HAS1;HAS3;HEXA;HEXB;HGSNAT;HMMR;HPSE2;HS2ST1;HS3ST1;HS3ST2;HS3ST3B1;HS3ST4;HS6ST1;HS6ST2;HSPG2;IDS;KERA;LYVE1;NDST1;NDST4;OMD;PAPSS2;PRELP;SDC2;SDC3;SDC4;SLC17A5;SLC26A11;SLC26A2;SLC35B2;SLC35B3;SLC35D2;ST3GAL6;STAB2;UST;UXS1;XYLT1;XYLT2
S:REACTOME_INTERLEUKIN_7_SIGNALING	D:23	S:BRWD1;CISH;CRLF2;HGF;IL2RG;IL7;IL7R;IRS1;IRS2;JAK1;JAK3;PIK3R1;PIK3R2;PIK3R3;RAG1;RAG2;SMARCA4;SOCS1;SOCS2;STAT3;STAT5A;STAT5B;TSLP	S:BRWD1;CISH;CRLF2;HGF;IL7;IL7R;IRS1;IRS2;JAK1;PIK3R1;PIK3R3;SMARCA4;SOCS1;SOCS2
S:REACTOME_MITOCHONDRIAL_UNFOLDED_PROTEIN_RESPONSE_UPRMT	D:17	S:AKT1;ATF5;CAT;DEFA5;DNAJA1;ESR1;FOXO3;HSF1;HSPA1A;HSPA9;HSPD1;HSPE1;HTRA2;LONP1;NRF1;SIRT3;SOD2	S:CAT;DNAJA1;ESR1;HSF1;HSPA1A;HSPA9;HSPD1;HSPE1;LONP1;NRF1;SOD2
S:REACTOME_ACETYLCHOLINE_NEUROTRANSMITTER_RELEASE_CYCLE	D:16	S:CHAT;CPLX1;PPFIA1;PPFIA2;PPFIA3;PPFIA4;RAB3A;RIMS1;SLC18A3;SLC5A7;SNAP25;STX1A;STXBP1;SYT1;UNC13B;VAMP2	S:CHAT;PPFIA2;RAB3A;RIMS1;SLC5A7;SNAP25;VAMP2
S:REACTOME_ACTIVATION_OF_IRF3_IRF7_MEDIATED_BY_TBK1_IKK_IKBKE	D:17	S:CD14;IKBKE;IRF3;IRF7;LY96;OPTN;PTPN11;RPS27A;SARM1;TANK;TBK1;TICAM1;TLR4;TRAF3;UBA52;UBB;UBC	S:CD14;PTPN11;RPS27A;SARM1;TANK;TBK1;TICAM1;TRAF3;UBC
S:REACTOME_DISEASES_OF_GLYCOSYLATION	D:138	S:ACAN;ADAMTS1;ADAMTS10;ADAMTS12;ADAMTS13;ADAMTS14;ADAMTS15;ADAMTS16;ADAMTS17;ADAMTS18;ADAMTS19;ADAMTS2;ADAMTS20;ADAMTS3;ADAMTS4;ADAMTS5;ADAMTS6;ADAMTS7;ADAMTS8;ADAMTS9;ADAMTSL1;ADAMTSL2;ADAMTSL3;ADAMTSL4;ADAMTSL5;AGRN;ALG1;ALG11;ALG12;ALG13;ALG14;ALG2;ALG3;ALG6;ALG8;ALG9;B3GALT6;B3GAT3;B4GALT1;B4GALT7;BCAN;BGN;C1GALT1;C1GALT1C1;CFP;CHST14;CHST3;CHST6;CHSY1;CSPG4;CSPG5;CTSA;DAG1;DCN;DHDDS;DOLK;DPAGT1;DPM1;DPM2;DPM3;EXT1;EXT2;FMOD;GALE;GALK1;GALM;GALNT12;GALNT3;GALT;GFPT1;GLB1;GNE;GPC1;GPC2;GPC3;GPC4;GPC5;GPC6;HEXA;HEXB;HSPG2;KERA;LFNG;LUM;MAN1B1;MGAT2;MOGS;MPDU1;MPI;MUC1;MUC12;MUC13;MUC15;MUC16;MUC17;MUC20;MUC3A;MUC4;MUC5AC;MUC5B;MUC6;MUC7;MUCL1;NCAN;NEU1;NOTCH1;NOTCH2;NOTCH3;NOTCH4;NUS1;OGN;OMD;PAPSS2;PGM1;PMM2;POMGNT1;POMT1;POMT2;PRELP;RFT1;SDC1;SDC2;SDC3;SDC4;SEMA5A;SEMA5B;SLC26A2;SPON1;SPON2;SRD5A3;ST3GAL3;THBS1;THBS2;THSD1;THSD4;THSD7A;THSD7B;VCAN	S:ACAN;ADAMTS1;ADAMTS14;ADAMTS15;ADAMTS16;ADAMTS2;ADAMTS4;ADAMTS5;ADAMTS6;ADAMTS8;ADAMTSL1;ALG1;ALG11;ALG13;ALG14;ALG2;ALG6;ALG8;ALG9;B3GALT6;B3GAT3;B4GALT1;BCAN;BGN;C1GALT1;CFP;CHST14;CHST3;CHST6;CHSY1;CSPG4;CSPG5;CTSA;DAG1;DCN;DOLK;DPAGT1;DPM1;EXT2;GALM;GALNT12;GALNT3;GALT;GFPT1;GNE;GPC1;GPC2;GPC3;HEXA;HEXB;HSPG2;KERA;MGAT2;MPI;MUC15;MUC16;MUC20;MUC3A;MUC7;MUCL1;NOTCH1;NOTCH2;NUS1;OMD;PAPSS2;PGM1;PMM2;POMT1;POMT2;PRELP;RFT1;SDC2;SDC3;SDC4;SEMA5A;SEMA5B;SLC26A2;SPON1;SPON2;SRD5A3;THBS2;THSD1
S:REACTOME_ENDOSOMAL_SORTING_COMPLEX_REQUIRED_FOR_TRANSPORT_ESCRT	D:28	S:CHMP2A;CHMP2B;CHMP4A;CHMP4B;CHMP4C;CHMP5;CHMP6;CHMP7;HGS;RPS27A;SNF8;STAM;STAM2;TSG101;UBA52;UBAP1;UBB;UBC;VPS25;VPS28;VPS36;VPS37A;VPS37B;VPS37C;VPS37D;VPS4A;VPS4B;VTA1	S:CHMP4B;CHMP4C;CHMP5;CHMP6;CHMP7;UBA52;UBAP1;UBB;VPS25;VPS36;VPS37B;VPS37D
S:REACTOME_JOSEPHIN_DOMAIN_DUBS	D:11	S:ATXN3;ATXN3L;JOSD1;JOSD2;RAD23A;RAD23B;RPS27A;UBA52;UBB;UBC;VCP	S:ATXN3L;JOSD1;JOSD2;RAD23A;UBA52;UBB
S:REACTOME_MAPK1_MAPK3_SIGNALING	D:264	S:ACTB;ACTG1;ACTN2;ADRM1;ANGPT1;APBB1IP;ARAF;AREG;ARL2;ARRB1;ARRB2;ARTN;BCL2L1;BRAF;BRAP;BTC;CALM1;CAMK2A;CAMK2B;CAMK2D;CAMK2G;CDK1;CNKSR1;CNKSR2;CSF2;CSF2RA;CSF2RB;CSK;CUL3;DAB2IP;DLG1;DLG2;DLG3;DLG4;DUSP1;DUSP10;DUSP16;DUSP2;DUSP4;DUSP5;DUSP6;DUSP7;DUSP8;DUSP9;EGF;EGFR;EPGN;ERBB2;ERBB3;ERBB4;EREG;FGA;FGB;FGF1;FGF10;FGF16;FGF17;FGF18;FGF19;FGF2;FGF20;FGF22;FGF23;FGF3;FGF4;FGF5;FGF6;FGF7;FGF8;FGF9;FGFR1;FGFR2;FGFR3;FGFR4;FGG;FLT3;FLT3LG;FN1;FNTA;FNTB;FRS2;FRS3;FYN;GDNF;GFRA1;GFRA2;GFRA3;GFRA4;GOLGA7;GRB2;GRIN1;GRIN2B;GRIN2D;HBEGF;HGF;HRAS;ICMT;IL17RD;IL2;IL2RA;IL2RB;IL2RG;IL3;IL3RA;IL5;IL5RA;IL6;IL6R;IL6ST;IQGAP1;IRS1;IRS2;ITGA2B;ITGB3;JAK1;JAK2;JAK3;KBTBD7;KIT;KITLG;KL;KLB;KRAS;KSR1;KSR2;LAMTOR2;LAMTOR3;LAT;LRRC7;LYPLA1;MAP2K1;MAP2K2;MAP3K11;MAPK1;MAPK12;MAPK3;MARK3;MET;MRAS;NCAM1;NEFL;NF1;NRAS;NRG1;NRG2;NRG3;NRG4;NRTN;PAQR3;PDE6D;PDGFA;PDGFB;PDGFRA;PDGFRB;PEA15;PEBP1;PIK3CA;PIK3CB;PIK3R1;PIK3R2;PPP1CB;PPP1CC;PPP2CA;PPP2CB;PPP2R1A;PPP2R1B;PPP2R5A;PPP2R5B;PPP2R5C;PPP2R5D;PPP2R5E;PPP5C;PRKCQ;PRKG2;PSMA1;PSMA2;PSMA3;PSMA4;PSMA5;PSMA6;PSMA7;PSMB1;PSMB2;PSMB3;PSMB4;PSMB5;PSMB6;PSMB7;PSMC1;PSMC2;PSMC3;PSMC4;PSMC5;PSMC6;PSMD1;PSMD11;PSMD12;PSMD13;PSMD14;PSMD2;PSMD3;PSMD6;PSMD7;PSMD8;PSPN;PTK2;PTPN11;PTPN3;PTPN7;PTPRA;RAF1;RALGDS;RANBP9;RAP1A;RAP1B;RAPGEF2;RASA1;RASA2;RASA3;RASA4;RASAL1;RASAL2;RASAL3;RASGEF1A;RASGRF1;RASGRF2;RASGRP1;RASGRP3;RASGRP4;RBX1;RCE1;RET;RGL1;RGL2;RGL3;RPS27A;SHC1;SHC2;SHC3;SHOC2;SOS1;SPRED1;SPRED2;SPTA1;SPTAN1;SPTB;SPTBN1;SPTBN2;SPTBN4;SPTBN5;SRC;SYNGAP1;TEK;TGFA;TLN1;TYK2;UBA52;UBB;UBC;VCL;VWF;WDR83;YWHAB;ZDHHC9	S:ACTB;ACTG1;ANGPT1;APBB1IP;AREG;ARTN;BRAF;BRAP;CALM1;CAMK2A;CAMK2B;CAMK2D;CAMK2G;CDK1;CNKSR1;CSF2;CUL3;DAB2IP;DLG1;DLG3;DUSP1;DUSP10;DUSP16;DUSP2;DUSP5;DUSP6;EGF;EGFR;ERBB2;ERBB4;FGF16;FGF18;FGF19;FGF2;FGF7;FGFR1;FGFR2;FLT3;FLT3LG;FNTA;FNTB;FYN;GFRA2;GOLGA7;GRB2;GRIN2B;GRIN2D;HBEGF;HGF;IL2RA;IL2RB;IL3;IL3RA;IL6;IL6R;IL6ST;IQGAP1;IRS1;IRS2;ITGB3;JAK1;KBTBD7;KIT;KL;KRAS;LAMTOR3;LAT;LYPLA1;MAP2K1;MAPK1;MET;NEFL;NF1;NRG3;PAQR3;PDE6D;PDGFA;PDGFB;PDGFRA;PDGFRB;PEBP1;PIK3CA;PIK3CB;PIK3R1;PPP1CC;PPP2CB;PPP2R1B;PPP2R5A;PPP2R5C;PPP2R5D;PPP2R5E;PPP5C;PRKCQ;PRKG2;PSMA1;PSMA3;PSMA4;PSMA5;PSMA6;PSMA7;PSMB1;PSMB2;PSMB3;PSMB4;PSMC5;PSMC6;PSMD1;PSMD11;PSMD12;PSMD14;PSMD2;PSMD3;PSMD6;PSMD7;PTK2;PTPN11;PTPN7;PTPRA;RANBP9;RAP1A;RAP1B;RAPGEF2;RASA1;RASA2;RASA3;RASAL2;RASAL3;RASGEF1A;RASGRF1;RASGRP1;RASGRP3;RGL1;RGL3;RPS27A;SHC1;SHC2;SOS1;SPRED1;SPTBN1;SPTBN4;SPTBN5;SYNGAP1;TEK;UBC;VCL;YWHAB
S:REACTOME_MATURATION_OF_SARS_COV_2_SPIKE_PROTEIN	D:40	S:CANX;DAD1;DDOST;EDEM2;FUT8;GANAB;GOLGA7;MAGT1;MAN1B1;MAN2A1;MGAT1;MGAT2;MGAT4A;MGAT4B;MGAT4C;MGAT5;MOGS;OST4;OSTC;PRKCSH;RPN1;RPN2;ST3GAL1;ST3GAL2;ST3GAL3;ST3GAL4;ST6GAL1;ST6GALNAC2;ST6GALNAC3;ST6GALNAC4;STT3A;STT3B;TUSC3;ZDHHC11;ZDHHC2;ZDHHC20;ZDHHC3;ZDHHC5;ZDHHC8;ZDHHC9	S:CANX;DAD1;DDOST;FUT8;GANAB;GOLGA7;MAGT1;MAN2A1;MGAT1;MGAT2;MGAT4A;MGAT5;OSTC;RPN1;RPN2;ST6GAL1;ST6GALNAC2;ST6GALNAC3;STT3A;STT3B;TUSC3;ZDHHC11;ZDHHC20
S:REACTOME_RAB_GEFS_EXCHANGE_GTP_FOR_GDP_ON_RABS	D:80	S:AKT1;AKT2;AKT3;ALS2;ALS2CL;ANKRD27;CCZ1;CHM;CHML;DENND1A;DENND1B;DENND1C;DENND2A;DENND2C;DENND2D;DENND3;DENND4A;DENND4B;DENND4C;DENND5A;DENND5B;GAPVD1;GDI1;GDI2;HPS1;HPS4;MADD;MON1A;MON1B;RAB10;RAB12;RAB13;RAB14;RAB18;RAB1A;RAB1B;RAB21;RAB27A;RAB27B;RAB31;RAB32;RAB35;RAB38;RAB39B;RAB3A;RAB3GAP1;RAB3GAP2;RAB3IL1;RAB3IP;RAB5A;RAB5B;RAB5C;RAB6A;RAB6B;RAB7A;RAB7B;RAB8A;RAB8B;RAB9A;RAB9B;RABGEF1;RGP1;RIN1;RIN2;RIN3;SBF1;SBF2;TRAPPC1;TRAPPC10;TRAPPC2;TRAPPC2L;TRAPPC3;TRAPPC4;TRAPPC5;TRAPPC6A;TRAPPC6B;TRAPPC8;TRAPPC9;ULK1;YWHAE	S:AKT2;AKT3;ALS2;ANKRD27;CHM;CHML;DENND1B;DENND1C;DENND2D;DENND3;DENND4A;DENND4C;DENND5B;GAPVD1;HPS4;MADD;MON1A;MON1B;RAB14;RAB18;RAB1A;RAB31;RAB35;RAB39B;RAB3GAP1;RAB3GAP2;RAB3IP;RAB6B;RAB7A;RAB7B;RAB9A;RAB9B;RABGEF1;RGP1;RIN2;SBF1;SBF2;TRAPPC10;TRAPPC2;TRAPPC2L;TRAPPC4;TRAPPC8;ULK1
S:REACTOME_REGULATION_OF_GENE_EXPRESSION_IN_LATE_STAGE_BRANCHING_MORPHOGENESIS_PANCREATIC_BUD_PRECURSOR_CELLS	D:15	S:CREBBP;EP300;HES1;HNF1B;KAT2A;KAT2B;MAML1;MAML2;MAML3;MAMLD1;NEUROG3;NOTCH1;ONECUT1;RBPJ;SNW1	S:HES1;HNF1B;KAT2B;MAML2;NEUROG3;ONECUT1;RBPJ
S:REACTOME_SARS_COV_1_MODULATES_HOST_TRANSLATION_MACHINERY	D:37	S:EEF1A1;FAU;HNRNPA1;RPS10;RPS11;RPS12;RPS13;RPS14;RPS15;RPS15A;RPS16;RPS17;RPS18;RPS19;RPS2;RPS20;RPS21;RPS23;RPS24;RPS25;RPS26;RPS27;RPS27A;RPS27L;RPS28;RPS29;RPS3;RPS3A;RPS4X;RPS4Y1;RPS4Y2;RPS5;RPS6;RPS7;RPS8;RPS9;RPSA	S:EEF1A1;FAU;RPS10;RPS12;RPS14;RPS15A;RPS17;RPS2;RPS24;RPS27;RPS29;RPS3;RPS3A;RPS5;RPS7;RPS9;RPSA
S:REACTOME_SEMA3A_PAK_DEPENDENT_AXON_REPULSION	D:16	S:CFL1;FES;FYN;HSP90AA1;HSP90AB1;LIMK1;NRP1;PAK1;PAK2;PAK3;PLXNA1;PLXNA2;PLXNA3;PLXNA4;RAC1;SEMA3A	S:CFL1;FES;LIMK1;PLXNA2;PLXNA3;SEMA3A
S:REACTOME_SIGNALING_BY_PTK6	D:53	S:AKT1;ARAP1;BCAR1;BTC;CBL;CCND1;CCNE1;CDK2;CDK4;CDKN1B;CRK;DOCK1;DOK1;EGF;EGFR;ELMO1;ELMO2;EPAS1;ERBB2;ERBB3;ERBB4;EREG;GPNMB;HBEGF;HIF1A;HRAS;KHDRBS1;KHDRBS2;KHDRBS3;KRAS;LRRK2;NR3C1;NRAS;NRG1;NRG2;NRG3;NRG4;PELP1;PTK6;PTPN1;PXN;RAC1;RASA1;RHOA;RPS27A;SFPQ;SOCS3;SRMS;STAP2;STAT3;UBA52;UBB;UBC	S:BCAR1;CBL;CCND1;CCNE1;CDK4;CDKN1B;EGF;EGFR;ELMO1;ELMO2;EPAS1;ERBB2;ERBB4;GPNMB;HBEGF;HIF1A;KHDRBS1;KHDRBS3;KRAS;LRRK2;NR3C1;NRG3;PTPN1;RAC1;RASA1;RHOA;RPS27A;SFPQ;SRMS;STAP2;UBC
S:REACTOME_TP53_REGULATES_METABOLIC_GENES	D:72	S:AKT1;AKT2;AKT3;COX4I1;COX4I2;COX5A;COX5B;COX6A1;COX6A2;COX6B1;COX6B2;COX6C;COX7A1;COX7A2;COX7A2L;COX7B;COX7C;COX8A;CYCS;DDIT4;G6PD;GLS;GLS2;GPI;GPX2;GSR;LAMTOR1;LAMTOR2;LAMTOR3;MLST8;MOV10;MTOR;NDUFA4;PRDX1;PRDX2;PRDX5;PRKAA1;PRKAA2;PRKAB1;PRKAB2;PRKAG1;PRKAG2;PRKAG3;PTEN;RHEB;RPTOR;RRAGA;RRAGB;RRAGC;RRAGD;RRM2B;SCO2;SESN1;SESN2;SESN3;SFN;SLC38A9;TNRC6A;TNRC6B;TNRC6C;TP53;TP63;TSC1;TSC2;TXN;TXNRD1;YWHAB;YWHAE;YWHAG;YWHAH;YWHAQ;YWHAZ	S:AKT2;AKT3;COX4I2;COX5A;COX6A2;COX7A1;COX8A;CYCS;DDIT4;GLS;GLS2;GPI;GSR;LAMTOR3;MOV10;MTOR;PRDX1;PRKAA1;PRKAB1;PRKAB2;PRKAG2;RHEB;RPTOR;RRAGA;RRAGB;RRAGC;RRM2B;SESN1;SESN2;SLC38A9;TNRC6A;TNRC6B;TNRC6C;TP53;TP63;TSC1;YWHAB;YWHAG;YWHAH;YWHAQ;YWHAZ
S:REACTOME_TRANSCRIPTIONAL_REGULATION_BY_NPAS4	D:29	S:ARNT;ARNT2;BDNF;CDK5;CDK5R1;CREBBP;FOS;GEM;INS;IQSEC3;KCNIP3;MAGED1;MAPK1;MAPK3;MDM2;MOV10;NAMPT;NPAS4;NR3C1;PLK2;RBFOX3;REST;RET;SRF;SYT10;TNRC6A;TNRC6B;TNRC6C;XPO1	S:ARNT;CDK5R1;CREBBP;FOS;GEM;IQSEC3;MAGED1;MAPK1;MDM2;MOV10;NR3C1;PLK2;RBFOX3;REST;SRF;TNRC6A;TNRC6B;TNRC6C;XPO1
S:REACTOME_ENDOGENOUS_STEROLS	D:24	S:AHR;ARNT;ARNT2;CYP11A1;CYP11B1;CYP11B2;CYP19A1;CYP1B1;CYP21A2;CYP27A1;CYP39A1;CYP46A1;CYP4V2;CYP51A1;CYP7A1;CYP7B1;CYP8B1;FDX1;FDXR;NCOA1;NCOA2;NR1H4;POMC;RXRA	S:ARNT2;CYP11B1;CYP11B2;CYP19A1;CYP21A2;CYP39A1;CYP7B1;CYP8B1;POMC;RXRA
S:REACTOME_GAP_JUNCTION_DEGRADATION	D:12	S:ACTB;ACTG1;AP2M1;CLTA;CLTB;CLTC;CLTCL1;DAB2;DNM1;DNM2;GJA1;MYO6	S:AP2M1;CLTCL1;DNM1;DNM2;GJA1
S:REACTOME_NEGATIVE_REGULATION_OF_MAPK_PATHWAY	D:43	S:ARAF;BRAF;BRAP;DUSP1;DUSP10;DUSP16;DUSP2;DUSP4;DUSP5;DUSP6;DUSP7;DUSP8;DUSP9;HRAS;KRAS;KSR1;MAP2K1;MAP2K2;MAPK1;MAPK12;MAPK3;MARK3;NRAS;PAQR3;PEBP1;PPP2CA;PPP2CB;PPP2R1A;PPP2R1B;PPP2R5A;PPP2R5B;PPP2R5C;PPP2R5D;PPP2R5E;PPP5C;PTPN3;PTPN7;RAF1;RPS27A;UBA52;UBB;UBC;YWHAB	S:BRAF;BRAP;DUSP1;DUSP10;DUSP16;DUSP2;DUSP5;DUSP6;KRAS;MAP2K1;MAPK1;PAQR3;PEBP1;PPP2CB;PPP2R1B;PPP2R5A;PPP2R5C;PPP2R5D;PPP2R5E;PPP5C;PTPN7;RPS27A;UBC;YWHAB
S:REACTOME_NRIF_SIGNALS_CELL_DEATH_FROM_THE_NUCLEUS	D:16	S:APH1A;APH1B;ITGB3BP;MAPK8;NCSTN;NGF;NGFR;PSEN1;PSEN2;PSENEN;RPS27A;SQSTM1;TRAF6;UBA52;UBB;UBC	S:APH1A;APH1B;ITGB3BP;MAPK8;NCSTN;NGFR;PSEN1;PSEN2;RPS27A;TRAF6;UBC
S:REACTOME_RA_BIOSYNTHESIS_PATHWAY	D:21	S:ADH1A;ADH1C;ADH4;AKR1C3;ALDH1A1;ALDH1A2;ALDH1A3;ALDH8A1;CRABP1;CYP26A1;CYP26B1;DHRS3;DHRS4;DHRS9;RDH10;RDH11;RDH13;RDH14;RDH16;RDH5;SDR16C5	S:ALDH1A1;CRABP1;CYP26A1;CYP26B1;DHRS4;RDH13;RDH16;RDH5;SDR16C5
S:REACTOME_REGULATION_OF_GLYCOLYSIS_BY_FRUCTOSE_2_6_BISPHOSPHATE_METABOLISM	D:12	S:PFKFB1;PFKFB2;PFKFB3;PFKFB4;PPP2CA;PPP2CB;PPP2R1A;PPP2R1B;PPP2R5D;PRKACA;PRKACB;PRKACG	S:PFKFB1;PFKFB2;PPP2CB;PPP2R1B;PPP2R5D;PRKACB;PRKACG
S:REACTOME_RESPIRATORY_SYNCYTIAL_VIRUS_INFECTION_PATHWAY	D:112	S:AGRN;ARIH1;BCAP31;BECN1;CCNC;CD14;CD209;CDK19;CDK8;CLEC4M;CREBBP;CSNK2A1;CSNK2A2;CSNK2B;CUL5;CX3CR1;EGFR;EIF2AK2;EP300;FURIN;GPC1;GPC2;GPC3;GPC4;GPC5;GPC6;HERC5;HSP90AA1;HSP90AB1;HSPA8;HSPG2;IFIH1;IFNA10;IFNA16;IFNA2;IFNA21;IFNA4;IFNA5;IFNA6;IFNA8;IFNAR1;IFNAR2;IFNB1;IGF1R;IRF3;ISG15;JAK1;KPNB1;LY96;MAP1B;MAVS;MED1;MED10;MED11;MED12;MED13;MED13L;MED14;MED15;MED16;MED17;MED18;MED19;MED20;MED21;MED22;MED23;MED24;MED25;MED26;MED27;MED28;MED29;MED30;MED31;MED4;MED6;MED7;MED8;MED9;NCL;OAS2;PPP1CA;PPP1CB;PPP1CC;RAB5A;RAB5B;RAB5C;RBX1;RPS27A;SDC1;SDC2;SDC3;SDC4;SEC11A;SEC11C;SPCS1;SPCS2;SPCS3;STAT2;TLR2;TLR3;TLR4;TLR6;TLR7;TRIM25;TYK2;UBA52;UBB;UBC;UBE2L6;XPO1	S:ARIH1;BCAP31;CD14;CD209;CDK8;CREBBP;CSNK2A1;CSNK2B;CUL5;CX3CR1;EGFR;EIF2AK2;EP300;GPC1;GPC2;GPC3;HSP90AA1;HSP90AB1;HSPA8;HSPG2;IFIH1;IFNA21;IFNA5;IFNAR2;IFNB1;IGF1R;JAK1;KPNB1;MED1;MED10;MED12;MED13;MED13L;MED17;MED19;MED20;MED21;MED22;MED23;MED26;MED28;MED30;MED31;MED4;MED6;MED7;MED8;MED9;NCL;OAS2;PPP1CA;PPP1CC;RPS27A;SDC2;SDC3;SDC4;SEC11A;SEC11C;SPCS1;SPCS2;SPCS3;TLR2;TLR3;TLR7;UBC;XPO1
S:REACTOME_APOPTOTIC_CLEAVAGE_OF_CELL_ADHESION_PROTEINS	D:11	S:CASP3;CDH1;CTNNB1;DSG1;DSG2;DSG3;DSP;OCLN;PKP1;TJP1;TJP2	S:CASP3;CDH1;DSG1;DSP;OCLN;PKP1;TJP2
S:REACTOME_LONG_TERM_POTENTIATION	D:23	S:ACTN2;CALM1;CAMK2A;CAMK2B;CAMK2D;CAMK2G;DLG1;DLG2;DLG3;DLG4;ERBB4;GRIA1;GRIA2;GRIN1;GRIN2A;GRIN2B;GRIN2C;GRIN2D;LRRC7;NEFL;NRG1;NRGN;SRC	S:CALM1;CAMK2A;CAMK2B;CAMK2D;CAMK2G;DLG1;DLG3;ERBB4;GRIA1;GRIN2B;GRIN2C;GRIN2D;NEFL
S:REACTOME_DEFECTIVE_EXT2_CAUSES_EXOSTOSES_2	D:14	S:AGRN;EXT1;EXT2;GPC1;GPC2;GPC3;GPC4;GPC5;GPC6;HSPG2;SDC1;SDC2;SDC3;SDC4	S:EXT2;GPC1;GPC2;GPC3;HSPG2;SDC2;SDC3;SDC4
S:REACTOME_IMMUNOREGULATORY_INTERACTIONS_BETWEEN_A_LYMPHOID_AND_A_NON_LYMPHOID_CELL	D:125	S:B2M;C3;CD160;CD19;CD1A;CD1B;CD1C;CD1D;CD200;CD200R1;CD22;CD226;CD247;CD300A;CD300C;CD300E;CD300LB;CD300LD;CD300LF;CD300LG;CD33;CD34;CD3D;CD3E;CD3G;CD40;CD40LG;CD81;CD8A;CD8B;CD96;CD99;CDH1;CLEC2B;CLEC2D;CLEC4G;COL17A1;COL1A1;COL1A2;COL2A1;COL3A1;COLEC12;CRTAM;CXADR;FCGR2B;FCGR3A;HCST;HLA-A;HLA-B;HLA-C;HLA-E;HLA-F;HLA-G;ICAM1;ICAM2;ICAM3;ICAM4;ICAM5;IFITM1;IGLV6-57;ITGA4;ITGAL;ITGB1;ITGB2;ITGB7;KIR2DL2;KIR2DL4;KIR2DS1;KIR2DS2;KIR3DL1;KIR3DL2;KLRB1;KLRC1;KLRD1;KLRF1;KLRG1;KLRK1;LAIR1;LAIR2;LILRA1;LILRA2;LILRA3;LILRA4;LILRA5;LILRB1;LILRB2;LILRB3;LILRB4;LILRB5;MADCAM1;MICA;MICB;NCR1;NCR2;NCR3;NPDC1;OSCAR;PILRA;PILRB;PVR;RAET1E;SELL;SFTPD;SH2D1A;SH2D1B;SIGLEC1;SIGLEC10;SIGLEC11;SIGLEC12;SIGLEC5;SIGLEC6;SIGLEC7;SIGLEC8;SIGLEC9;SLAMF6;SLAMF7;TREM1;TREM2;TREML1;TREML2;TREML4;TYROBP;ULBP1;ULBP3;VCAM1	S:B2M;C3;CD160;CD19;CD1A;CD1B;CD200;CD226;CD247;CD300LG;CD33;CD3D;CD3G;CD40LG;CD81;CD8A;CD96;CD99;CDH1;CLEC2D;COL1A2;CRTAM;FCGR3A;HCST;HLA-A;HLA-B;HLA-C;HLA-E;HLA-G;ICAM2;ICAM3;ICAM5;IGLV6-57;ITGA4;ITGAL;ITGB1;ITGB2;ITGB7;KIR2DL2;KIR2DS1;KIR3DL1;KLRB1;KLRC1;KLRD1;KLRF1;KLRG1;KLRK1;LILRA1;LILRA3;LILRB2;LILRB3;MICA;MICB;NCR1;NCR2;NCR3;PILRA;PILRB;SH2D1A;SH2D1B;SIGLEC1;SIGLEC11;SIGLEC12;SIGLEC7;SLAMF6;SLAMF7;TREM2;TREML4;TYROBP;ULBP3
S:REACTOME_G_PROTEIN_MEDIATED_EVENTS	D:52	S:ADCY1;ADCY2;ADCY3;ADCY4;ADCY5;ADCY6;ADCY7;ADCY8;ADCY9;AHCYL1;CALM1;CAMK2A;CAMK2B;CAMK2D;CAMK2G;CAMK4;CAMKK1;CAMKK2;CREB1;GNA11;GNA14;GNA15;GNAI1;GNAI2;GNAI3;GNAL;GNAQ;ITPR1;ITPR2;ITPR3;KPNA2;MAPK1;NBEA;PDE1A;PDE1B;PDE1C;PLA2G4A;PLCB1;PLCB2;PLCB3;PLCB4;PRKACA;PRKACB;PRKACG;PRKAR1A;PRKAR1B;PRKAR2A;PRKAR2B;PRKCA;PRKCD;PRKCG;PRKX	S:ADCY2;ADCY6;ADCY8;CAMKK1;CAMKK2;GNA11;GNA14;GNA15;GNAI2;GNAQ;PDE1A;PDE1B;PDE1C;PLCB2;PLCB3;PLCB4;PRKACA;PRKAR1A;PRKAR1B;PRKCD;PRKCG
S:REACTOME_REGULATION_OF_MITF_M_DEPENDENT_GENES_INVOLVED_IN_LYSOSOME_BIOGENESIS_AND_AUTOPHAGY	D:17	S:ASAH1;ATP6AP2;ATP6V0A1;ATP6V0B;ATP6V0C;ATP6V0D1;ATP6V0E1;ATP6V0E2;ATP6V1A;ATP6V1B2;ATP6V1C1;ATP6V1D;ATP6V1E1;ATP6V1F;ATP6V1G1;ATP6V1H;MITF	S:ATP6AP2;ATP6V0A1;ATP6V1A;ATP6V1B2;ATP6V1C1;ATP6V1D;ATP6V1F;ATP6V1G1;ATP6V1H;MITF
S:REACTOME_SENESCENCE_ASSOCIATED_SECRETORY_PHENOTYPE_SASP	D:50	S:ANAPC1;ANAPC10;ANAPC11;ANAPC16;ANAPC2;ANAPC4;ANAPC5;ANAPC7;CCNA1;CCNA2;CDC16;CDC23;CDC26;CDC27;CDK2;CDK4;CDK6;CDKN1A;CDKN1B;CDKN2A;CDKN2B;CDKN2C;CDKN2D;CEBPB;EHMT1;EHMT2;FOS;FZR1;IGFBP7;IL1A;IL6;JUN;MAPK1;MAPK3;MAPK7;NFKB1;RELA;RPS27A;RPS6KA1;RPS6KA2;RPS6KA3;STAT3;UBA52;UBB;UBC;UBE2C;UBE2D1;UBE2E1;UBE2S;VENTX	S:ANAPC2;CDC16;CDK2;CDKN1A;CDKN2B;CDKN2C;CDKN2D;CEBPB;FZR1;IL1A;MAPK3;MAPK7;RPS6KA1;RPS6KA2;STAT3;UBA52;UBB;UBE2C;UBE2D1;UBE2S;VENTX
S:REACTOME_SIGNALING_BY_INSULIN_RECEPTOR	D:82	S:AKT2;ATP6AP1;ATP6V0A1;ATP6V0A2;ATP6V0A4;ATP6V0B;ATP6V0C;ATP6V0D1;ATP6V0D2;ATP6V0E1;ATP6V0E2;ATP6V1A;ATP6V1B1;ATP6V1B2;ATP6V1C1;ATP6V1C2;ATP6V1D;ATP6V1E1;ATP6V1E2;ATP6V1F;ATP6V1G1;ATP6V1G2;ATP6V1G3;ATP6V1H;CTSD;FGF1;FGF10;FGF16;FGF17;FGF18;FGF19;FGF2;FGF20;FGF22;FGF23;FGF3;FGF4;FGF5;FGF6;FGF7;FGF8;FGF9;FGFR1;FGFR2;FGFR3;FGFR4;FLT3;FLT3LG;FRS2;GAB1;GAB2;GRB10;GRB2;HRAS;IDE;INS;INSR;IRS1;IRS2;KL;KLB;KRAS;MAPK1;MAPK3;NRAS;PDE3B;PDPK1;PIK3C3;PIK3CA;PIK3CB;PIK3R1;PIK3R2;PIK3R4;PTPN1;PTPN11;PTPRF;SHC1;SOS1;TCIRG1;THEM4;TLR9;TRIB3	S:AKT2;ATP6V0A1;ATP6V0A2;ATP6V1A;ATP6V1B1;ATP6V1B2;ATP6V1C1;ATP6V1D;ATP6V1E2;ATP6V1F;ATP6V1G1;ATP6V1G3;ATP6V1H;FGF16;FGF18;FGF19;FGF2;FGF7;FGFR1;FGFR2;FLT3;FLT3LG;GRB2;IDE;INSR;IRS1;IRS2;KL;KRAS;MAPK1;PDE3B;PIK3C3;PIK3CA;PIK3CB;PIK3R1;PIK3R4;PTPN1;PTPN11;PTPRF;SHC1;SOS1;TCIRG1;THEM4;TRIB3
S:REACTOME_SIGNALING_BY_FGFR1_IN_DISEASE	D:37	S:BAG4;BCR;CNTRL;CPSF6;CUX1;ERLIN2;FGF1;FGF17;FGF2;FGF20;FGF23;FGF4;FGF5;FGF6;FGF8;FGF9;FGFR1;FGFR1OP2;FRS2;GAB1;GAB2;GRB2;HRAS;KRAS;LRRFIP1;MYO18A;NRAS;PIK3CA;PIK3R1;PLCG1;SOS1;STAT1;STAT3;STAT5A;STAT5B;TRIM24;ZMYM2	S:BAG4;BCR;CNTRL;CPSF6;CUX1;ERLIN2;FGF2;FGFR1;GRB2;KRAS;LRRFIP1;PIK3CA;PIK3R1;PLCG1;SOS1;STAT1;TRIM24;ZMYM2
S:REACTOME_ACTIVATION_OF_RAC1	D:12	S:NCK1;NCK2;PAK1;PAK2;PAK3;PAK4;PAK6;RAC1;ROBO1;SLIT2;SOS1;SOS2	S:NCK1;PAK1;PAK2;PAK3;PAK6;RAC1;SOS1;SOS2
S:REACTOME_GAB1_SIGNALOSOME	D:17	S:AREG;BTC;CSK;EGF;EGFR;EPGN;EREG;GAB1;GRB2;HBEGF;PAG1;PIK3CA;PIK3R1;PTPN11;PXN;SRC;TGFA	S:BTC;CSK;EPGN;EREG;GAB1;PXN;SRC;TGFA
S:REACTOME_ERYTHROPOIETIN_ACTIVATES_RAS	D:14	S:CRKL;EPO;EPOR;GRB2;HRAS;IRS2;JAK2;KRAS;LYN;NRAS;RAPGEF1;SHC1;SOS1;VAV1	S:CRKL;EPOR;HRAS;JAK2;NRAS;RAPGEF1
S:REACTOME_ASSEMBLY_OF_THE_HIV_VIRION	D:14	S:FURIN;NMT2;PPIA;RPS27A;TSG101;UBA52;UBAP1;UBB;UBC;VPS28;VPS37A;VPS37B;VPS37C;VPS37D	S:FURIN;PPIA;UBA52;UBAP1;UBB;VPS37B;VPS37D
S:REACTOME_DENGUE_VIRUS_ACTIVATES_MODULATES_INNATE_AND_ADAPTIVE_IMMUNE_RESPONSES	D:27	S:APOA1;C1QA;C1S;C4B;C4BPA;C4BPB;CDC73;CLEC5A;CLU;CTR9;DDX3X;EXOC1;HSP90AA1;HSP90AB1;IFIH1;IKBKE;LEO1;MAVS;MBL2;PAF1;PML;RBM10;RTF1;STAT2;TRIM25;UBR4;VTN	S:C4BPB;CDC73;CLU;CTR9;DDX3X;EXOC1;HSP90AA1;HSP90AB1;IFIH1;LEO1;MBL2;PAF1;RBM10;RTF1
S:REACTOME_NF_KB_IS_ACTIVATED_AND_SIGNALS_SURVIVAL	D:13	S:IKBKB;IRAK1;NFKB1;NFKBIA;NGF;NGFR;RELA;RPS27A;SQSTM1;TRAF6;UBA52;UBB;UBC	S:IRAK1;NGF;SQSTM1;UBA52;UBB
S:REACTOME_ONCOGENE_INDUCED_SENESCENCE	D:30	S:CDK4;CDK6;CDKN2A;CDKN2B;CDKN2C;CDKN2D;E2F1;E2F2;E2F3;ERF;ETS1;ETS2;ID1;MAPK1;MAPK3;MDM2;MDM4;MOV10;RB1;RPS27A;SP1;TFDP1;TFDP2;TNRC6A;TNRC6B;TNRC6C;TP53;UBA52;UBB;UBC	S:CDK4;CDK6;CDKN2A;E2F1;E2F3;ETS1;MAPK1;MDM2;MDM4;MOV10;RB1;RPS27A;TFDP2;TNRC6A;TNRC6B;TNRC6C;TP53;UBC
S:REACTOME_TNF_RECEPTOR_SUPERFAMILY_TNFSF_MEMBERS_MEDIATING_NON_CANONICAL_NF_KB_PATHWAY	D:17	S:BIRC2;BIRC3;CD40;CD40LG;LTA;LTB;LTBR;MAP3K14;TNFRSF11A;TNFRSF12A;TNFRSF13C;TNFSF11;TNFSF12;TNFSF13B;TNFSF14;TRAF2;TRAF3	S:BIRC2;CD40;LTA;LTBR;TNFRSF12A;TNFSF11;TNFSF13B
S:REACTOME_PKA_ACTIVATION_IN_GLUCAGON_SIGNALLING	D:17	S:ADCY1;ADCY2;ADCY3;ADCY4;ADCY5;ADCY6;ADCY7;ADCY8;ADCY9;GNAS;PRKACA;PRKACB;PRKACG;PRKAR1A;PRKAR1B;PRKAR2A;PRKAR2B	S:ADCY2;ADCY6;ADCY8;PRKACA;PRKAR1A;PRKAR1B
S:REACTOME_SYNTHESIS_OF_BILE_ACIDS_AND_BILE_SALTS_VIA_27_HYDROXYCHOLESTEROL	D:13	S:AKR1C1;AKR1C3;AKR1C4;AKR1D1;CYP27A1;CYP7A1;CYP7B1;CYP8B1;HSD3B7;NCOA1;NCOA2;NR1H4;RXRA	S:AKR1D1;CYP7B1;CYP8B1;HSD3B7;RXRA
S:REACTOME_SUMOYLATION_OF_TRANSCRIPTION_FACTORS	D:20	S:CDKN2A;FOXL2;HIC1;MDM2;MITF;MTA1;PIAS1;PIAS2;PIAS3;PIAS4;SP3;SUMO1;SUMO2;SUMO3;TFAP2A;TFAP2B;TFAP2C;TP53;TP53BP1;UBE2I	S:CDKN2A;HIC1;MDM2;MITF;PIAS1;PIAS2;PIAS3;SP3;SUMO2;TFAP2A;TFAP2C;TP53;TP53BP1;UBE2I
S:REACTOME_SLC_TRANSPORTER_DISORDERS	D:92	S:AAAS;AVP;AVPR1A;AVPR1B;AVPR2;BSG;CP;GCK;GCKR;HEPH;HK1;NUP107;NUP133;NUP153;NUP155;NUP160;NUP188;NUP205;NUP210;NUP214;NUP35;NUP37;NUP43;NUP50;NUP54;NUP62;NUP85;NUP88;NUP93;NUP98;POM121;RAE1;RANBP2;RHAG;SEC13;SEH1L;SLC11A2;SLC12A1;SLC12A3;SLC12A6;SLC16A1;SLC17A5;SLC17A8;SLC1A1;SLC1A3;SLC20A2;SLC22A12;SLC22A5;SLC24A1;SLC24A4;SLC26A2;SLC26A3;SLC26A4;SLC27A4;SLC29A3;SLC2A1;SLC2A10;SLC2A2;SLC2A9;SLC33A1;SLC34A1;SLC34A2;SLC34A3;SLC35A1;SLC35A2;SLC35A3;SLC35C1;SLC36A2;SLC39A4;SLC3A1;SLC3A2;SLC40A1;SLC4A1;SLC4A4;SLC5A1;SLC5A2;SLC5A5;SLC5A7;SLC6A14;SLC6A19;SLC6A2;SLC6A20;SLC6A3;SLC6A5;SLC7A7;SLC7A9;SLC9A6;SLC9A9;SLCO1B1;SLCO1B3;SLCO2A1;TPR	S:AVPR1A;AVPR1B;CP;GCK;HK1;NUP107;NUP133;NUP153;NUP155;NUP160;NUP188;NUP205;NUP210;NUP35;NUP37;NUP43;NUP50;NUP54;NUP62;NUP85;NUP88;NUP93;NUP98;POM121;RAE1;RANBP2;SEC13;SEH1L;SLC12A1;SLC17A5;SLC1A1;SLC1A3;SLC20A2;SLC22A5;SLC24A1;SLC26A2;SLC26A4;SLC2A1;SLC2A9;SLC33A1;SLC35A1;SLC35A3;SLC39A4;SLC3A1;SLC40A1;SLC4A4;SLC6A20;SLC7A9;SLC9A6;SLC9A9;SLCO2A1;TPR
S:REACTOME_TURBULENT_OSCILLATORY_DISTURBED_FLOW_SHEAR_STRESS_ACTIVATES_SIGNALING_BY_PIEZO1_AND_INTEGRINS_IN_ENDOTHELIAL_CELLS	D:30	S:ABL1;ANXA2;CAPN2;CAPNS1;CAPNS2;CHUK;FN1;GNA11;GNAQ;IKBKB;IKBKE;IKBKG;ITGA5;ITGAV;ITGB1;ITGB3;NFKB1;NFKBIA;NLRP3;PDE4D;PPP2CA;PPP2R1A;PPP2R1B;PPP2R2A;PTK2;PTPN1;RELA;STAT1;VCL;YAP1	S:ABL1;CAPN2;IKBKB;ITGB1;ITGB3;NFKB1;NFKBIA;PDE4D;PPP2R1B;PPP2R2A;PTK2;PTPN1;RELA;STAT1;VCL;YAP1
S:REACTOME_CRMPS_IN_SEMA3A_SIGNALING	D:16	S:CDK5;CDK5R1;CRMP1;DPYSL2;DPYSL3;DPYSL4;DPYSL5;FES;FYN;GSK3B;NRP1;PLXNA1;PLXNA2;PLXNA3;PLXNA4;SEMA3A	S:CDK5R1;DPYSL2;DPYSL3;DPYSL4;DPYSL5;FYN;GSK3B;NRP1;PLXNA1;PLXNA4
S:REACTOME_SIGNALING_BY_FGFR4_IN_DISEASE	D:11	S:FGFR4;FRS2;GAB1;GRB2;HRAS;KRAS;NRAS;PIK3CA;PIK3R1;PLCG1;SOS1	S:GRB2;KRAS;PIK3CA;PIK3R1;PLCG1;SOS1
S:REACTOME_SPRY_REGULATION_OF_FGF_SIGNALING	D:16	S:BRAF;CBL;GRB2;MAPK1;MAPK3;MKNK1;PPP2CA;PPP2CB;PPP2R1A;PTPN11;RPS27A;SPRY2;SRC;UBA52;UBB;UBC	S:BRAF;CBL;GRB2;MAPK1;PPP2CB;PTPN11;RPS27A;SPRY2;UBC
S:REACTOME_FOXO_MEDIATED_TRANSCRIPTION_OF_CELL_DEATH_GENES	D:16	S:BBC3;BCL2L11;BCL6;CITED2;CREBBP;DDIT3;EP300;FASLG;FOXO1;FOXO3;FOXO4;NFYA;NFYB;NFYC;PINK1;STK11	S:BCL2L11;DDIT3;FOXO3;FOXO4;PINK1;STK11
S:REACTOME_PROLONGED_ERK_ACTIVATION_EVENTS	D:14	S:BRAF;CRK;CRKL;FRS2;KIDINS220;MAP2K1;MAP2K2;MAPK1;MAPK3;NGF;NTRK1;RAP1A;RAPGEF1;YWHAB	S:CRK;CRKL;FRS2;MAP2K2;MAPK3;NGF;RAPGEF1
S:REACTOME_SIGNALING_BY_ERBB2_IN_CANCER	D:25	S:BTC;CDC37;EGF;EGFR;ERBB2;ERBB3;ERBB4;EREG;GAB1;GRB2;HBEGF;HRAS;HSP90AA1;KRAS;NRAS;NRG1;NRG2;NRG3;NRG4;PIK3CA;PIK3R1;PLCG1;PTPN12;SHC1;SOS1	S:EGF;EGFR;ERBB2;ERBB4;GRB2;HBEGF;HSP90AA1;KRAS;NRG3;PIK3CA;PIK3R1;PLCG1;PTPN12;SHC1;SOS1
S:REACTOME_TRANSPORT_TO_THE_GOLGI_AND_SUBSEQUENT_MODIFICATION	D:179	S:ACTR10;ACTR1A;ANK1;ANK2;ANK3;ANKRD28;ARCN1;AREG;ARF1;ARF3;ARF4;ARF5;ARFGAP1;ARFGAP2;ARFGAP3;B4GALT1;B4GALT2;B4GALT3;B4GALT4;B4GALT5;B4GALT6;BET1;BET1L;CAPZA1;CAPZA2;CAPZA3;CAPZB;CD55;CD59;CGA;CHST10;CHST8;CNIH2;CNIH3;COG1;COG2;COG3;COG4;COG5;COG6;COG7;COG8;COL7A1;COPA;COPB1;COPB2;COPE;COPG2;COPZ1;COPZ2;CSNK1D;CTSC;CTSZ;DCTN1;DCTN2;DCTN3;DCTN4;DCTN5;DCTN6;DYNC1H1;DYNC1I1;DYNC1I2;DYNC1LI1;DYNC1LI2;DYNLL1;DYNLL2;F5;F8;FOLR1;FUCA1;FUT3;FUT8;GBF1;GOLGA2;GOLGB1;GORASP1;GOSR1;GOSR2;GRIA1;INS;KDELR1;KDELR2;KDELR3;LHB;LMAN1;LMAN1L;LMAN2;LMAN2L;MAN1A1;MAN1A2;MAN1C1;MAN2A1;MAN2A2;MANEA;MCFD2;MGAT1;MGAT2;MGAT3;MGAT4A;MGAT4B;MGAT4C;MGAT5;MIA2;MIA3;NAPA;NAPB;NAPG;NSF;PPP6C;PPP6R1;PPP6R3;PREB;RAB1A;RAB1B;SAR1B;SCFD1;SEC13;SEC16A;SEC16B;SEC22A;SEC22B;SEC22C;SEC23A;SEC23IP;SEC24A;SEC24B;SEC24C;SEC24D;SEC31A;SEC31B;SERPINA1;SPTA1;SPTAN1;SPTB;SPTBN1;SPTBN2;SPTBN4;SPTBN5;ST3GAL4;ST6GAL1;ST8SIA2;ST8SIA3;STX17;STX5;TBC1D20;TFG;TGFA;TMED10;TMED2;TMED3;TMED7;TMED9;TMEM115;TRAPPC1;TRAPPC10;TRAPPC2;TRAPPC2L;TRAPPC3;TRAPPC4;TRAPPC5;TRAPPC6A;TRAPPC6B;TRAPPC9;TUBA1A;TUBA1B;TUBA1C;TUBA3C;TUBA3D;TUBA4A;TUBA8;TUBAL3;TUBB1;TUBB2A;TUBB2B;TUBB3;TUBB6;TUBB8;USO1;YKT6	S:ACTR10;ANK3;ANKRD28;AREG;ARF1;ARF3;ARF4;ARFGAP2;ARFGAP3;B4GALT1;B4GALT4;B4GALT6;BET1;CGA;CHST8;CNIH3;COG1;COG2;COG3;COG5;COG6;COG7;COG8;COL7A1;COPA;COPB1;COPB2;COPG2;DCTN2;DCTN4;DCTN5;DCTN6;DYNC1H1;DYNC1I1;DYNC1LI1;DYNC1LI2;DYNLL1;F8;FUCA1;FUT3;FUT8;GBF1;GOLGA2;GOLGB1;GORASP1;GOSR1;GOSR2;GRIA1;KDELR2;KDELR3;LMAN1;LMAN2;MAN1A2;MAN1C1;MAN2A1;MANEA;MCFD2;MGAT1;MGAT2;MGAT3;MGAT4A;MGAT5;MIA3;NAPB;NAPG;NSF;PPP6C;PPP6R3;PREB;RAB1A;SAR1B;SCFD1;SEC13;SEC16A;SEC22A;SEC22B;SEC22C;SEC23A;SEC23IP;SEC24A;SEC24B;SEC24C;SEC24D;SEC31A;SEC31B;SPTBN1;SPTBN4;SPTBN5;ST6GAL1;ST8SIA2;ST8SIA3;TFG;TMED10;TMED7;TMED9;TRAPPC10;TRAPPC2;TRAPPC2L;TRAPPC4;TUBA1B;TUBA3C;TUBA4A;TUBB1;USO1
S:REACTOME_NEUROTRANSMITTER_RELEASE_CYCLE	D:50	S:ABAT;ALDH5A1;APBA1;ARL6IP5;CASK;CHAT;CPLX1;DNAJC5;GAD1;GAD2;GLS;GLS2;HSPA8;LIN7A;LIN7B;LIN7C;MAOA;NAAA;PPFIA1;PPFIA2;PPFIA3;PPFIA4;RAB3A;RIMS1;SLC17A7;SLC18A2;SLC18A3;SLC1A1;SLC1A2;SLC1A3;SLC1A6;SLC1A7;SLC22A1;SLC22A2;SLC32A1;SLC38A2;SLC5A7;SLC6A1;SLC6A11;SLC6A12;SLC6A13;SNAP25;STX1A;STXBP1;SYN1;SYN2;SYN3;SYT1;UNC13B;VAMP2	S:ALDH5A1;CHAT;DNAJC5;GAD1;GAD2;LIN7A;LIN7B;LIN7C;MAOA;PPFIA2;RAB3A;RIMS1;SLC17A7;SLC1A2;SLC1A6;SLC1A7;SLC22A1;SLC32A1;SLC5A7;SLC6A1;SNAP25;SYN2;VAMP2
S:REACTOME_SERINE_METABOLISM	D:10	S:PHGDH;PSAT1;PSPH;SDS;SDSL;SERINC1;SERINC2;SERINC3;SERINC5;SRR	S:PSPH;SDS;SDSL;SERINC2
S:REACTOME_ADENYLATE_CYCLASE_ACTIVATING_PATHWAY	D:10	S:ADCY1;ADCY2;ADCY3;ADCY4;ADCY5;ADCY6;ADCY7;ADCY8;ADCY9;GNAL	S:ADCY2;ADCY6;ADCY8
S:REACTOME_CONVERSION_FROM_APC_C_CDC20_TO_APC_C_CDH1_IN_LATE_ANAPHASE	D:19	S:ANAPC1;ANAPC10;ANAPC11;ANAPC16;ANAPC2;ANAPC4;ANAPC5;ANAPC7;CDC14A;CDC16;CDC20;CDC23;CDC26;CDC27;FZR1;UBE2C;UBE2D1;UBE2E1;UBE2S	S:ANAPC1;ANAPC10;ANAPC11;ANAPC16;ANAPC4;ANAPC5;ANAPC7;CDC14A;CDC23;CDC26;CDC27;UBE2E1
S:REACTOME_IRAK1_RECRUITS_IKK_COMPLEX	D:14	S:CHUK;IKBKB;IKBKG;IRAK1;PELI1;PELI2;PELI3;RPS27A;TRAF6;UBA52;UBB;UBC;UBE2N;UBE2V1	S:IKBKB;PELI1;PELI2;PELI3;RPS27A;TRAF6;UBC;UBE2N
S:REACTOME_BASE_EXCISION_REPAIR_AP_SITE_FORMATION	D:17	S:ACD;MBD4;MPG;MUTYH;NEIL1;NEIL2;NEIL3;NTHL1;OGG1;POT1;SMUG1;TDG;TERF1;TERF2;TERF2IP;TINF2;UNG	S:MPG;MUTYH;NEIL2;NEIL3;NTHL1;SMUG1;UNG
S:REACTOME_CELL_EXTRACELLULAR_MATRIX_INTERACTIONS	D:18	S:ACTB;ACTG1;ACTN1;ARHGEF6;FBLIM1;FERMT2;FLNA;FLNC;ILK;ITGB1;LIMS1;LIMS2;PARVA;PARVB;PXN;RSU1;TESK1;VASP	S:ACTB;ACTG1;ARHGEF6;ITGB1;LIMS1;PARVA;RSU1;TESK1;VASP
S:REACTOME_CREATINE_METABOLISM	D:10	S:CKB;CKM;CKMT1A;CKMT2;GAMT;GATM;SLC6A11;SLC6A12;SLC6A7;SLC6A8	S:CKB;CKM;GAMT;GATM;SLC6A11;SLC6A12;SLC6A7
S:REACTOME_DEFECTIVE_INTRINSIC_PATHWAY_FOR_APOPTOSIS	D:25	S:APP;BCL2L11;C1QBP;CAPN1;CAPN2;CAPNS1;CAPNS2;CAST;CDC25A;CDC25B;CDC25C;CDK5;CDK5R1;CDKN2A;FASLG;FOXO3;GOLGA2;JUN;LMNA;LMNB1;PRDX1;PRDX2;SOD2;TP53;YWHAE	S:BCL2L11;CAPN1;CAPNS1;CAPNS2;CDC25A;CDK5;FOXO3;LMNB1;PRDX2;YWHAE
S:REACTOME_SIGNALING_BY_ERYTHROPOIETIN	D:25	S:CRKL;EPO;EPOR;GAB1;GRB2;HRAS;IRS2;JAK2;KRAS;LYN;NRAS;PIK3CA;PIK3CB;PIK3CD;PIK3CG;PIK3R1;PIK3R5;PLCG1;PLCG2;RAPGEF1;SHC1;SOS1;STAT5A;STAT5B;VAV1	S:EPO;GRB2;IRS2;KRAS;LYN;PIK3CA;PIK3CB;PIK3CG;PIK3R1;PIK3R5;PLCG1;PLCG2;SHC1;SOS1;VAV1
S:REACTOME_SYNTHESIS_SECRETION_AND_INACTIVATION_OF_GLUCOSE_DEPENDENT_INSULINOTROPIC_POLYPEPTIDE_GIP	D:13	S:DPP4;FFAR1;GATA4;GIP;GPR119;ISL1;PAX6;PCSK1;SEC11A;SEC11C;SPCS1;SPCS2;SPCS3	S:DPP4;GIP;SEC11A;SEC11C;SPCS1;SPCS2;SPCS3
S:REACTOME_CELLULAR_RESPONSE_TO_CHEMICAL_STRESS	D:187	S:ABCC1;ABCC3;ABCF2;ABCG2;ADRM1;AKT1;AKT2;AKT3;ALB;AQP8;AREG;ATF4;ATOX1;ATP7A;BACH1;BCL2;BCL2L1;BLVRA;BLVRB;BRCA1;BTRC;CAT;CCL2;CCS;CDKN1A;CDKN2A;CHD6;CHD9;COX4I1;COX4I2;COX5A;COX5B;COX6A1;COX6A2;COX6B1;COX6B2;COX6C;COX7A1;COX7A2;COX7A2L;COX7B;COX7C;COX8A;CREBBP;CSNK2A1;CSNK2A2;CSNK2B;CUL1;CUL3;CYBA;CYBB;CYCS;DPP3;EGF;EIF2AK3;EP300;FABP1;FBXL17;G6PD;GCLC;GCLM;GPX1;GPX2;GPX3;GPX5;GPX6;GPX7;GPX8;GSK3B;GSR;GSTA1;GSTA3;GSTP1;HBA1;HBA2;HBB;HDAC3;HM13;HMOX1;HMOX2;IDH1;KEAP1;MAFG;MAFK;MAP1LC3B;ME1;MED1;MUL1;MYC;NCF1;NCF2;NCF4;NCOA1;NCOA2;NCOA6;NCOR1;NCOR2;NDUFA4;NFE2L2;NFKB1;NLRP3;NOTCH1;NOX4;NOX5;NPLOC4;NQO1;NUDT2;P4HB;PALB2;PDGFA;PGD;PPARA;PRDX1;PRDX2;PRDX3;PRDX5;PRDX6;PRKAA2;PRKCD;PRKCI;PSMA1;PSMA2;PSMA3;PSMA4;PSMA5;PSMA6;PSMA7;PSMB1;PSMB2;PSMB3;PSMB4;PSMB5;PSMB6;PSMB7;PSMC1;PSMC2;PSMC3;PSMC4;PSMC5;PSMC6;PSMD1;PSMD11;PSMD12;PSMD13;PSMD14;PSMD2;PSMD3;PSMD6;PSMD7;PSMD8;PTK6;RBX1;RELA;RPS27A;RXRA;SESN1;SESN2;SIN3A;SIN3B;SKP1;SKP2;SLC7A11;SMARCD3;SOD1;SOD2;SOD3;SP1;SQSTM1;SRXN1;STAP2;STAT3;TALDO1;TBL1X;TBL1XR1;TGS1;TKT;TRIM21;TXN;TXN2;TXNIP;TXNRD1;TXNRD2;UBA52;UBB;UBC;UBXN7;VCP	S:ABCC1;ABCC3;ABCG2;ADRM1;AKT1;BCL2;BCL2L1;BLVRB;CCS;CDKN1A;COX4I1;COX5B;COX6A1;COX6B1;COX6B2;COX6C;COX7A2;COX7A2L;COX7B;COX7C;CSNK2A2;CYBA;CYBB;FABP1;G6PD;GCLC;GPX1;GPX2;GPX3;GPX5;GPX8;GSTA1;HBA1;HBA2;HBB;IDH1;MAFK;MAP1LC3B;MUL1;NCF4;NDUFA4;NLRP3;NOX5;NPLOC4;NUDT2;PGD;PRDX2;PRDX5;PRDX6;PRKAA2;PRKCD;PSMA2;PSMB5;PSMB6;PSMB7;PSMC1;PSMC2;PSMC3;PSMC4;PSMD13;PSMD8;PTK6;RBX1;RXRA;SIN3B;SKP1;SLC7A11;SMARCD3;SP1;SQSTM1;SRXN1;STAT3;TBL1X;TRIM21;TXN;TXN2;TXNRD1;TXNRD2;UBA52;UBB
S:REACTOME_INSULIN_RECEPTOR_SIGNALLING_CASCADE	D:54	S:AKT2;FGF1;FGF10;FGF16;FGF17;FGF18;FGF19;FGF2;FGF20;FGF22;FGF23;FGF3;FGF4;FGF5;FGF6;FGF7;FGF8;FGF9;FGFR1;FGFR2;FGFR3;FGFR4;FLT3;FLT3LG;FRS2;GAB1;GAB2;GRB10;GRB2;HRAS;INS;INSR;IRS1;IRS2;KL;KLB;KRAS;MAPK1;MAPK3;NRAS;PDE3B;PDPK1;PIK3C3;PIK3CA;PIK3CB;PIK3R1;PIK3R2;PIK3R4;PTPN11;SHC1;SOS1;THEM4;TLR9;TRIB3	S:FGF1;FGF10;FGF17;FGF20;FGF22;FGF23;FGF3;FGF4;FGF5;FGF6;FGF8;FGF9;FGFR3;FGFR4;FRS2;GAB1;GAB2;GRB10;HRAS;INS;KLB;MAPK3;NRAS;PDPK1;PIK3R2;TLR9
S:REACTOME_SIGNALING_BY_BRAF_AND_RAF1_FUSIONS	D:63	S:ACTB;ACTG1;AGGF1;AGK;AGTRAP;AKAP9;AP3B1;APBB1IP;ARAF;ARRB1;ARRB2;ATG7;BCL2L11;BRAF;CALM1;CAMK2A;CAMK2B;CAMK2D;CAMK2G;CLCN6;CNKSR1;CNKSR2;CSK;ESRP1;FAM114A2;FAM131B;FGA;FGB;FGG;FN1;FXR1;HRAS;IQGAP1;ITGA2B;ITGB3;JAK2;KIAA1549;KRAS;KSR1;KSR2;LMNA;MAP2K1;MAP2K2;MAPK1;MAPK3;MARK3;MPRIP;NRAS;PAPSS1;PEBP1;QKI;RAF1;RAP1A;RAP1B;SND1;SRC;TLN1;TRAK1;TRIM24;VCL;VWF;YWHAB;ZC3HAV1	S:AGTRAP;ARAF;ARRB1;ARRB2;BCL2L11;CNKSR2;CSK;FAM131B;FGA;FGB;FGG;FN1;HRAS;ITGA2B;JAK2;KIAA1549;KSR1;KSR2;MAP2K2;MAPK3;MARK3;NRAS;PAPSS1;QKI;RAF1;SRC;TLN1;VWF;ZC3HAV1
S:REACTOME_DEFECTIVE_B4GALT7_CAUSES_EDS_PROGEROID_TYPE	D:20	S:AGRN;B4GALT7;BCAN;BGN;CSPG4;CSPG5;DCN;GPC1;GPC2;GPC3;GPC4;GPC5;GPC6;HSPG2;NCAN;SDC1;SDC2;SDC3;SDC4;VCAN	S:BCAN;BGN;CSPG4;CSPG5;DCN;GPC1;GPC2;GPC3;HSPG2;SDC2;SDC3;SDC4
S:REACTOME_FGFR1_MUTANT_RECEPTOR_ACTIVATION	D:30	S:BAG4;BCR;CNTRL;CPSF6;CUX1;ERLIN2;FGF1;FGF17;FGF2;FGF20;FGF23;FGF4;FGF5;FGF6;FGF8;FGF9;FGFR1;FGFR1OP2;GAB2;GRB2;LRRFIP1;MYO18A;PIK3CA;PIK3R1;STAT1;STAT3;STAT5A;STAT5B;TRIM24;ZMYM2	S:BAG4;BCR;CNTRL;CPSF6;CUX1;ERLIN2;FGF2;FGFR1;GRB2;LRRFIP1;PIK3CA;PIK3R1;STAT1;TRIM24;ZMYM2
S:REACTOME_SYNTHESIS_OF_SUBSTRATES_IN_N_GLYCAN_BIOSYTHESIS	D:61	S:ALG5;AMDHD2;CMAS;CTSA;DHDDS;DHRSX;DOLK;DOLPP1;DPM1;DPM2;DPM3;FPGT;GFPT1;GFPT2;GLB1;GMDS;GMPPA;GMPPB;GNE;GNPNAT1;HK1;MPI;MVD;NAGK;NANP;NANS;NEU1;NEU2;NEU3;NEU4;NPL;NUDT14;NUS1;PGM3;PMM1;PMM2;RENBP;SLC17A5;SLC35A1;SLC35C1;SRD5A3;ST3GAL1;ST3GAL2;ST3GAL3;ST3GAL4;ST3GAL5;ST3GAL6;ST6GAL1;ST6GAL2;ST6GALNAC1;ST6GALNAC2;ST6GALNAC3;ST6GALNAC4;ST6GALNAC5;ST6GALNAC6;ST8SIA1;ST8SIA2;ST8SIA3;ST8SIA4;ST8SIA5;UAP1	S:AMDHD2;CMAS;DHDDS;DHRSX;DOLPP1;DPM2;DPM3;GLB1;GMPPA;MVD;NAGK;NANP;NANS;NEU1;NPL;NUDT14;PMM1;SLC35C1;ST3GAL1;ST3GAL2;ST3GAL3;ST3GAL4;ST6GAL2;ST6GALNAC4;ST6GALNAC5;ST6GALNAC6
S:REACTOME_ERYTHROPOIETIN_ACTIVATES_PHOSPHOINOSITIDE_3_KINASE_PI3K	D:12	S:EPO;EPOR;GAB1;IRS2;JAK2;LYN;PIK3CA;PIK3CB;PIK3CD;PIK3CG;PIK3R1;PIK3R5	S:EPO;IRS2;LYN;PIK3CA;PIK3CB;PIK3CG;PIK3R1;PIK3R5
S:REACTOME_SHC1_EVENTS_IN_EGFR_SIGNALING	D:14	S:AREG;BTC;EGF;EGFR;EPGN;EREG;GRB2;HBEGF;HRAS;KRAS;NRAS;SHC1;SOS1;TGFA	S:BTC;EPGN;EREG;HRAS;NRAS;TGFA
S:REACTOME_INTERFERON_GAMMA_SIGNALING	D:96	S:B2M;CAMK2A;CAMK2B;CAMK2D;CAMK2G;CD44;CIITA;GBP1;GBP2;GBP3;GBP4;GBP5;GBP6;GBP7;HLA-A;HLA-B;HLA-C;HLA-DPA1;HLA-DPB1;HLA-DQA1;HLA-DQA2;HLA-DQB1;HLA-DQB2;HLA-DRA;HLA-DRB1;HLA-DRB3;HLA-DRB4;HLA-DRB5;HLA-E;HLA-F;HLA-G;HLA-H;ICAM1;IFI30;IFNG;IFNGR1;IFNGR2;IRF1;IRF2;IRF3;IRF4;IRF5;IRF6;IRF7;IRF8;IRF9;JAK1;JAK2;MAPK1;MAPK3;MID1;MT2A;NCAM1;OAS1;OAS2;OAS3;OASL;PIAS1;PML;PRKCD;PTAFR;PTPN1;PTPN11;PTPN2;PTPN6;RAF1;SMAD7;SOCS1;SOCS3;SP100;STAT1;SUMO1;TRIM10;TRIM14;TRIM17;TRIM2;TRIM21;TRIM22;TRIM25;TRIM26;TRIM29;TRIM3;TRIM31;TRIM34;TRIM35;TRIM38;TRIM45;TRIM46;TRIM48;TRIM5;TRIM6;TRIM62;TRIM68;TRIM8;VCAM1;YBX1	S:B2M;CAMK2A;CAMK2B;CAMK2D;CAMK2G;CD44;CIITA;GBP1;GBP2;GBP3;GBP4;GBP5;HLA-A;HLA-B;HLA-C;HLA-DPA1;HLA-DPB1;HLA-DQA1;HLA-DQB1;HLA-DQB2;HLA-DRA;HLA-DRB1;HLA-DRB3;HLA-DRB4;HLA-DRB5;HLA-E;HLA-G;HLA-H;IFI30;IFNG;IFNGR1;IRF4;IRF6;JAK1;MAPK1;MT2A;OAS2;PIAS1;PTAFR;PTPN1;PTPN11;PTPN2;SOCS1;STAT1;TRIM14;TRIM2;TRIM22;TRIM3;TRIM34;TRIM35;TRIM38;TRIM46;TRIM48;TRIM6;TRIM68
S:REACTOME_INTERLEUKIN_2_SIGNALING	D:12	S:IL2;IL2RA;IL2RB;IL2RG;JAK1;JAK3;LCK;PTK2B;SHC1;STAT5A;STAT5B;SYK	S:IL2;IL2RG;JAK3;PTK2B;STAT5A;STAT5B
S:REACTOME_MITOCHONDRIAL_IRON_SULFUR_CLUSTER_BIOGENESIS	D:12	S:FDX1;FDXR;FXN;GLRX5;HSCB;ISCA1;ISCA2;ISCU;LYRM4;NFS1;SLC25A28;SLC25A37	S:FDX1;FDXR;FXN;ISCA2;ISCU;LYRM4;NFS1;SLC25A28
S:REACTOME_DEATH_RECEPTOR_SIGNALING	D:149	S:AATF;ABR;ADAM17;AKAP13;APH1A;APH1B;ARHGDIA;ARHGEF1;ARHGEF10;ARHGEF10L;ARHGEF11;ARHGEF12;ARHGEF15;ARHGEF16;ARHGEF17;ARHGEF18;ARHGEF19;ARHGEF2;ARHGEF26;ARHGEF3;ARHGEF35;ARHGEF37;ARHGEF38;ARHGEF4;ARHGEF40;ARHGEF5;ARHGEF6;ARHGEF7;ARHGEF9;BAD;BAG4;BCL2L11;BIRC2;BIRC3;CASP10;CASP2;CASP3;CASP8;CFLAR;CHUK;CLIP3;CYLD;ECT2;FADD;FAS;FASLG;FGD1;FGD2;FGD3;FGD4;GNA13;HDAC1;HDAC2;HDAC3;IKBKB;IKBKE;IKBKG;IRAK1;ITGB3BP;ITSN1;KALRN;LINGO1;MADD;MAG;MAGED1;MAP3K7;MAPK8;MAPKAPK2;MCF2;MCF2L;MIB2;MYD88;NCSTN;NET1;NFKB1;NFKBIA;NGEF;NGF;NGFR;NSMAF;OBSCN;OMG;OPTN;OTUD1;OTUD7B;PLEKHG2;PLEKHG5;PRDM4;PREX1;PRKCI;PSEN1;PSEN2;PSENEN;RAC1;RASGRF2;RBCK1;RELA;RHOA;RIPK1;RIPK2;RNF31;RPS27A;RTN4;RTN4R;SHARPIN;SMPD2;SMPD3;SOS1;SOS2;SPATA2;SPPL2A;SPPL2B;SQSTM1;STUB1;TAB1;TAB2;TAB3;TAX1BP1;TBK1;TIAM1;TIAM2;TNF;TNFAIP3;TNFRSF10A;TNFRSF10B;TNFRSF10D;TNFRSF1A;TNFSF10;TRADD;TRAF1;TRAF2;TRAF6;TRIO;UBA52;UBB;UBC;UBE2D1;UBE2D2;UBE2D3;UBE2L3;ULK1;USP2;USP21;USP4;VAV1;VAV2;VAV3;XIAP;YWHAE	S:AATF;ABR;ADAM17;AKAP13;APH1A;APH1B;ARHGEF10;ARHGEF10L;ARHGEF12;ARHGEF17;ARHGEF18;ARHGEF26;ARHGEF3;ARHGEF35;ARHGEF38;ARHGEF4;ARHGEF5;ARHGEF6;ARHGEF7;ARHGEF9;BAG4;BIRC3;CASP10;CASP2;CASP3;CLIP3;CYLD;FADD;FAS;FASLG;FGD3;FGD4;GNA13;HDAC1;HDAC2;HDAC3;IKBKB;ITGB3BP;ITSN1;MADD;MAGED1;MAP3K7;MAPK8;MCF2;MCF2L;NCSTN;NET1;NFKB1;NFKBIA;NGEF;NGFR;NSMAF;OMG;OTUD1;OTUD7B;PLEKHG2;PRDM4;PREX1;PRKCI;PSEN1;PSEN2;RAC1;RELA;RHOA;RIPK1;RPS27A;SOS1;SOS2;SPPL2A;TAB2;TAB3;TAX1BP1;TBK1;TNFAIP3;TRADD;TRAF1;TRAF2;TRAF6;TRIO;UBC;UBE2D2;UBE2D3;ULK1;USP4;VAV1;VAV2;VAV3;XIAP
S:REACTOME_NFE2L2_REGULATING_ANTI_OXIDANT_DETOXIFICATION_ENZYMES	D:20	S:ATF4;BACH1;CHD6;CREBBP;EP300;GCLC;GCLM;GSR;GSTA1;GSTA3;HMOX1;MAFK;NFE2L2;NQO1;PRDX1;SLC7A11;SOD3;SRXN1;TXN;TXNRD1	S:GCLC;GSTA1;MAFK;SLC7A11;SRXN1;TXN;TXNRD1
S:REACTOME_TRANSLATION_OF_SARS_COV_1_STRUCTURAL_PROTEINS	D:29	S:CANX;GALNT1;GANAB;GSK3A;GSK3B;MGAT1;MOGS;PARP10;PARP14;PARP16;PARP4;PARP6;PARP8;PARP9;PRKCSH;RPS27A;ST3GAL1;ST3GAL2;ST3GAL3;ST3GAL4;ST6GAL1;ST6GALNAC2;ST6GALNAC3;ST6GALNAC4;SUMO1;UBA52;UBB;UBC;UBE2I	S:CANX;GALNT1;GANAB;GSK3A;GSK3B;MGAT1;PARP14;PARP16;PARP8;RPS27A;ST6GAL1;ST6GALNAC2;ST6GALNAC3;UBC;UBE2I
S:REACTOME_INSULIN_RECEPTOR_RECYCLING	D:30	S:ATP6AP1;ATP6V0A1;ATP6V0A2;ATP6V0A4;ATP6V0B;ATP6V0C;ATP6V0D1;ATP6V0D2;ATP6V0E1;ATP6V0E2;ATP6V1A;ATP6V1B1;ATP6V1B2;ATP6V1C1;ATP6V1C2;ATP6V1D;ATP6V1E1;ATP6V1E2;ATP6V1F;ATP6V1G1;ATP6V1G2;ATP6V1G3;ATP6V1H;CTSD;IDE;INS;INSR;PTPN1;PTPRF;TCIRG1	S:ATP6V0A1;ATP6V0A2;ATP6V1A;ATP6V1B1;ATP6V1B2;ATP6V1C1;ATP6V1D;ATP6V1E2;ATP6V1F;ATP6V1G1;ATP6V1G3;ATP6V1H;IDE;INSR;PTPN1;PTPRF;TCIRG1
S:REACTOME_OTHER_SEMAPHORIN_INTERACTIONS	D:19	S:CD72;ITGA1;ITGB1;PLXNA1;PLXNA2;PLXNA4;PLXNB3;PLXNC1;PLXND1;PTPRC;SEMA3E;SEMA4A;SEMA4D;SEMA5A;SEMA6A;SEMA6D;SEMA7A;TREM2;TYROBP	S:CD72;ITGA1;ITGB1;PLXNA1;PLXNA4;PLXNB3;PTPRC;SEMA4D;SEMA5A;SEMA6D;TREM2;TYROBP
S:REACTOME_DOWNREGULATION_OF_ERBB2_ERBB3_SIGNALING	D:13	S:AKT1;AKT2;AKT3;ERBB2;ERBB3;NRG1;NRG2;RNF41;RPS27A;UBA52;UBB;UBC;USP8	S:AKT1;ERBB3;NRG1;NRG2;UBA52;UBB
S:REACTOME_COOPERATION_OF_PREFOLDIN_AND_TRIC_CCT_IN_ACTIN_AND_TUBULIN_FOLDING	D:29	S:ACTB;CCT2;CCT3;CCT4;CCT5;CCT6A;CCT6B;CCT7;CCT8;PFDN1;PFDN2;PFDN4;PFDN5;PFDN6;TCP1;TUBA1A;TUBA1B;TUBA1C;TUBA3C;TUBA3D;TUBA4A;TUBA8;TUBAL3;TUBB1;TUBB2A;TUBB2B;TUBB3;TUBB6;VBP1	S:PFDN4;PFDN5;PFDN6;TUBA1A;TUBA1C;TUBA3D;TUBA8;TUBAL3;TUBB2A;TUBB2B;TUBB3;TUBB6;VBP1
S:REACTOME_CYTOPROTECTION_BY_HMOX1	D:53	S:ABCC1;ALB;BACH1;BLVRA;BLVRB;CHD9;COX4I1;COX4I2;COX5A;COX5B;COX6A1;COX6A2;COX6B1;COX6B2;COX6C;COX7A1;COX7A2;COX7A2L;COX7B;COX7C;COX8A;CREBBP;CYCS;FABP1;HBA1;HBA2;HBB;HDAC3;HM13;HMOX1;HMOX2;MAFK;MED1;NCOA1;NCOA2;NCOA6;NCOR1;NCOR2;NDUFA4;NFE2L2;NLRP3;PPARA;PTK6;RXRA;SIN3A;SIN3B;SMARCD3;STAP2;STAT3;TBL1X;TBL1XR1;TGS1;TXNIP	S:ABCC1;BLVRB;COX4I1;COX5B;COX6A1;COX6B1;COX6B2;COX6C;COX7A2;COX7A2L;COX7B;COX7C;FABP1;HBA1;HBA2;HBB;MAFK;NDUFA4;NLRP3;PTK6;RXRA;SIN3B;SMARCD3;STAT3;TBL1X
S:REACTOME_HIV_ELONGATION_ARREST_AND_RECOVERY	D:25	S:CCNK;CCNT1;CCNT2;CDK9;CTDP1;ELL;GTF2F1;GTF2F2;POLR2A;POLR2B;POLR2C;POLR2D;POLR2E;POLR2F;POLR2G;POLR2H;POLR2I;POLR2J;POLR2K;POLR2L;SSRP1;SUPT16H;SUPT4H1;SUPT5H;TCEA1	S:CDK9;CTDP1;ELL;POLR2A;POLR2C;POLR2D;POLR2E;POLR2F;POLR2H;POLR2I;POLR2J;SUPT4H1;SUPT5H
S:REACTOME_REGULATION_OF_NF_KAPPA_B_SIGNALING	D:18	S:CASP8;CHUK;IKBIP;IKBKB;IKBKG;LRRC14;N4BP1;NLRC5;NLRX1;RPS27A;TP53;TRAF2;TRAF6;UBA52;UBB;UBC;USP14;USP18	S:CASP8;CHUK;IKBKG;N4BP1;NLRC5;UBA52;UBB
S:REACTOME_SULFUR_AMINO_ACID_METABOLISM	D:26	S:ADI1;ADO;AHCY;APIP;BHMT;BHMT2;CBS;CDO1;CSAD;CTH;ENOPH1;ETHE1;FMO1;GOT1;GOT2;MAT1A;MPST;MRI1;MTAP;MTR;MTRR;SLC25A10;SUOX;TST;TSTD1;TXN2	S:APIP;BHMT;BHMT2;CBS;CDO1;CSAD;ETHE1;FMO1;MPST;SUOX;TXN2
S:REACTOME_SYNTHESIS_OF_ACTIVE_UBIQUITIN_ROLES_OF_E1_AND_E2_ENZYMES	D:29	S:CDC34;RPS27A;UBA1;UBA52;UBA6;UBB;UBC;UBE2A;UBE2B;UBE2C;UBE2D1;UBE2D2;UBE2E1;UBE2E3;UBE2G1;UBE2G2;UBE2H;UBE2K;UBE2L3;UBE2Q2;UBE2R2;UBE2S;UBE2T;UBE2W;UBE2Z;UCHL3;USP5;USP7;USP9X	S:CDC34;UBA1;UBA52;UBB;UBE2B;UBE2C;UBE2D1;UBE2G2;UBE2H;UBE2L3;UBE2R2;UBE2S;USP5
