#start_row=1	cols=27
S:Source	S:panel_review_SRdown_bothFDR_matched/SF4f_bothFDR_clean_Reactome_network_nodes.csv	N:	N:	N:	N:	N:	N:	N:	N:	N:	N:	N:	N:	N:	N:	N:	N:	N:	N:	N:	N:	N:	N:	N:	N:	N:
S:Description	S:Supplementary Fig. 4f plotted Reactome network nodes.	N:	N:	N:	N:	N:	N:	N:	N:	N:	N:	N:	N:	N:	N:	N:	N:	N:	N:	N:	N:	N:	N:	N:	N:	N:
N:	N:	N:	N:	N:	N:	N:	N:	N:	N:	N:	N:	N:	N:	N:	N:	N:	N:	N:	N:	N:	N:	N:	N:	N:	N:	N:
S:ID	S:Description	S:GeneRatio	S:BgRatio	S:RichFactor	S:FoldEnrichment	S:zScore	S:pvalue	S:p.adjust	S:qvalue	S:geneID	S:Count	S:pathway	S:is_hsf	S:family	S:display_label	S:node_id	S:force_label	S:i	S:n	S:angle	S:radius	S:cx	S:cy	S:x	S:y	S:label
S:REACTOME_REGULATION_OF_HSF1_MEDIATED_HEAT_SHOCK_RESPONSE	S:REACTOME_REGULATION_OF_HSF1_MEDIATED_HEAT_SHOCK_RESPONSE	S:17/796	S:74/8971	D:0.22972972972973	D:2.5890771424691	D:4.28299847781309	D:0.000200148012022901	D:0.00957374657509541	D:0.00898910369787062	S:RPA1/SIRT1/NUP107/NUP153/TPR/NUP160/SEH1L/RANBP2/NUP50/NUP62/HSPA9/NUP133/HSPA4/HSPA8/HSPH1/NUP205/ATR	D:17	S:Regulation of hsf1 mediated heat shock response	S:TRUE	S:HSF/proteostasis	S:HSF1 heat-shock\nregulation	D:5	S:FALSE	D:1	D:2	D:0	D:0.15	D:-0.72	D:-0.42	D:-0.57	D:-0.42	S:HSF1 heat-shock\nregulation
S:REACTOME_CELLULAR_RESPONSE_TO_HEAT_STRESS	S:REACTOME_CELLULAR_RESPONSE_TO_HEAT_STRESS	S:18/796	S:90/8971	D:0.2	D:2.25402010050251	D:3.73081481101559	D:0.000796586787378766	D:0.0285775509972132	D:0.0268323970485479	S:RPA1/SIRT1/NUP107/NUP153/TPR/NUP160/SEH1L/RANBP2/NUP50/NUP62/HSPA9/NUP133/HSPA4/HSPA8/HSPH1/NUP205/ATR/CAMK2D	D:18	S:Cellular response to heat stress	S:TRUE	S:HSF/proteostasis	S:Cellular heat-stress\nresponse	D:8	S:FALSE	D:2	D:2	D:3.14159265358979	D:0.19	D:-0.72	D:-0.42	D:-0.91	D:-0.42	S:Cellular heat-stress\nresponse
S:REACTOME_SLC_TRANSPORTER_DISORDERS	S:REACTOME_SLC_TRANSPORTER_DISORDERS	S:14/796	S:81/8971	D:0.17283950617284	D:1.94791860537254	D:2.6740624847391	D:0.0111998896212659	D:0.217923276020564	D:0.204615289423306	S:NUP107/NUP153/SLC24A1/TPR/NUP160/SEH1L/RANBP2/NUP50/SLC17A5/NUP62/SLC33A1/NUP133/SLC22A5/NUP205	D:14	S:Slc transporter disorders	S:FALSE	S:ER / protein transport	S:Slc transporter\ndisorders	D:9	S:FALSE	D:1	D:2	D:0	D:0.15	D:-0.25	D:0.48	D:-0.1	D:0.48	S:NA
S:REACTOME_METABOLISM_OF_WATER_SOLUBLE_VITAMINS_AND_COFACTORS	S:REACTOME_METABOLISM_OF_WATER_SOLUBLE_VITAMINS_AND_COFACTORS	S:17/796	S:108/8971	D:0.157407407407407	D:1.77399730132142	D:2.52504908134661	D:0.0139140202466449	D:0.234901400634534	D:0.22055660576725	S:PRSS1/ENPP2/MTR/PARP8/MMACHC/AASDHPPT/MCCC1/SLC25A16/AOX1/LMBRD1/CD38/PARP16/GPHN/SLC25A32/SHMT1/ABCD4/NT5E	D:17	S:Metabolism of water soluble vitamins and cofactors	S:FALSE	S:ER / protein transport	S:Metabolism of water\nsoluble vitamins and\ncofactors	D:11	S:FALSE	D:2	D:2	D:3.14159265358979	D:0.19	D:-0.25	D:0.48	D:-0.44	D:0.48	S:NA
S:REACTOME_SUMOYLATION	S:REACTOME_SUMOYLATION	S:39/796	S:164/8971	D:0.23780487804878	D:2.6800848755975	D:6.77560411057596	D:0.00000000688796555568569	D:0.00000790738445792717	D:0.00000742450182002331	S:PARP1/WRN/RPA1/TOP2A/SENP2/NUP107/DNMT3A/CASP8AP2/SMC3/TOP2B/RAD21/SATB1/NUP153/RORA/HDAC1/TPR/HNRNPK/NUP160/SEH1L/RANBP2/NUP50/SENP5/NUP62/HDAC2/NUP133/BRCA1/NFKBIA/TOPORS/MBD1/THRA/PCNA/NR2C1/NUP205/PIAS2/BMI1/BLM/NPM1/NR3C2/TDG	D:39	S:Sumoylation	S:FALSE	S:RNA processing / nuclear transport	S:Sumoylation	D:1	S:FALSE	D:1	D:2	D:0	D:0.15	D:0.55	D:0.32	D:0.7	D:0.32	S:Sumoylation
S:REACTOME_SUMOYLATION_OF_DNA_DAMAGE_RESPONSE_AND_REPAIR_PROTEINS	S:REACTOME_SUMOYLATION_OF_DNA_DAMAGE_RESPONSE_AND_REPAIR_PROTEINS	S:20/796	S:72/8971	D:0.277777777777778	D:3.13058347292016	D:5.66373693546448	D:0.00000263600607763061	D:0.000605226995423987	D:0.000568267415472367	S:PARP1/WRN/RPA1/NUP107/SMC3/RAD21/NUP153/TPR/NUP160/SEH1L/RANBP2/NUP50/NUP62/NUP133/BRCA1/NUP205/PIAS2/BMI1/BLM/TDG	D:20	S:Sumoylation of dna damage response and repair proteins	S:FALSE	S:RNA processing / nuclear transport	S:Sumoylation of dna\ndamage response and\nrepair proteins	D:4	S:FALSE	D:2	D:2	D:3.14159265358979	D:0.19	D:0.55	D:0.32	D:0.36	D:0.32	S:Sumoylation of dna\ndamage response and\nrepair proteins
S:REACTOME_RESOLUTION_OF_SISTER_CHROMATID_COHESION	S:REACTOME_RESOLUTION_OF_SISTER_CHROMATID_COHESION	S:22/796	S:111/8971	D:0.198198198198198	D:2.2337136131106	D:4.08101188964343	D:0.00025035464711819	D:0.0112002543478368	D:0.0105162850285942	S:NUP107/CENPL/AHCTF1/KIF2A/SMC3/PDS5B/RAD21/NDC80/BUB3/NUP160/SEH1L/RANBP2/ZW10/NUP133/KNTC1/CENPE/PPP2CB/CCNB1/CENPN/CLASP2/NSL1/MAPRE1	D:22	S:Resolution of sister chromatid cohesion	S:FALSE	S:Cell cycle / chromatin	S:Resolution of sister\nchromatid cohesion	D:6	S:FALSE	D:1	D:2	D:0	D:0.15	D:0.72	D:-0.3	D:0.87	D:-0.3	S:Resolution of sister\nchromatid cohesion
S:REACTOME_REGULATION_OF_TP53_ACTIVITY	S:REACTOME_REGULATION_OF_TP53_ACTIVITY	S:26/796	S:151/8971	D:0.172185430463576	D:1.94054710639289	D:3.63700256595854	D:0.000729451052908372	D:0.0270132196367358	D:0.0253635951843183	S:WRN/RPA1/TAF2/TAF3/BRD7/JMY/SSRP1/HDAC1/DYRK2/TAF4/HDAC2/PPP1R13B/BRCA1/BRD1/PPP2CB/SUPT16H/RFC5/BRPF3/USP7/SGK1/SMYD2/RBBP4/ATR/BLM/PRKAB2/TAF6	D:26	S:Regulation of tp53 activity	S:FALSE	S:Cell cycle / chromatin	S:Regulation of tp53\nactivity	D:7	S:FALSE	D:2	D:2	D:3.14159265358979	D:0.19	D:0.72	D:-0.3	D:0.53	D:-0.3	S:NA
S:REACTOME_SIGNALING_BY_ALK_IN_CANCER	S:REACTOME_SIGNALING_BY_ALK_IN_CANCER	S:13/796	S:85/8971	D:0.152941176470588	D:1.72366242979604	D:2.09170873091936	D:0.035968189443248	D:0.38511132467134	D:0.361593614949067	S:PPFIBP1/EML4/JUN/HDAC1/TPR/RANBP2/TNRC6C/CCNB1/IRS1/RB1/GCC2/EIF2AK3/NPM1	D:13	S:Signaling by alk in cancer	S:FALSE	S:Signaling / neuronal	S:Signaling by alk in\ncancer	D:13	S:FALSE	D:1	D:2	D:0	D:0.15	D:0.2	D:-0.7	D:0.35	D:-0.7	S:NA
S:REACTOME_RHOA_GTPASE_CYCLE	S:REACTOME_RHOA_GTPASE_CYCLE	S:18/796	S:133/8971	D:0.135338345864662	D:1.52527675973854	D:1.90434610930606	D:0.0460961437740208	D:0.44459258034678	D:0.417442510796903	S:LBR/DAAM1/TAGAP/PGRMC2/ABCD3/FAF2/PKN2/MYO9A/FMNL3/ARHGEF4/KTN1/TMEM87A/ARHGEF3/SCFD1/RTKN/LMAN1/ARAP2/ACBD5	D:18	S:Rhoa gtpase cycle	S:FALSE	S:Signaling / neuronal	S:RHOA GTPase cycle	D:14	S:FALSE	D:2	D:2	D:3.14159265358979	D:0.19	D:0.2	D:-0.7	D:0.01	D:-0.7	S:NA
S:REACTOME_COBALAMIN_CBL_VITAMIN_B12_TRANSPORT_AND_METABOLISM	S:REACTOME_COBALAMIN_CBL_VITAMIN_B12_TRANSPORT_AND_METABOLISM	S:5/796	S:17/8971	D:0.294117647058824	D:3.31473544191546	D:2.98075411208772	D:0.0136204881590705	D:0.233377916516611	D:0.219126156714661	S:PRSS1/MTR/MMACHC/LMBRD1/ABCD4	D:5	S:Cobalamin cbl vitamin b12 transport and metabolism	S:FALSE	S:Metabolism / mitochondria	S:Cobalamin cbl vitamin\nb12 transport and\nmetabolism	D:10	S:FALSE	D:1	D:2	D:0	D:0.15	D:-0.42	D:-0.7	D:-0.27	D:-0.7	S:NA
S:REACTOME_DEFECTS_IN_COBALAMIN_B12_METABOLISM	S:REACTOME_DEFECTS_IN_COBALAMIN_B12_METABOLISM	S:4/796	S:12/8971	D:0.333333333333333	D:3.75670016750419	D:2.98166784688185	D:0.0170704911301597	D:0.252227096099351	D:0.236824267747786	S:MTR/MMACHC/LMBRD1/ABCD4	D:4	S:Defects in cobalamin b12 metabolism	S:FALSE	S:Metabolism / mitochondria	S:Defects in cobalamin b12\nmetabolism	D:12	S:FALSE	D:2	D:2	D:3.14159265358979	D:0.19	D:-0.42	D:-0.7	D:-0.61	D:-0.7	S:NA
S:REACTOME_NUCLEAR_ENVELOPE_BREAKDOWN	S:REACTOME_NUCLEAR_ENVELOPE_BREAKDOWN	S:16/796	S:48/8971	D:0.333333333333333	D:3.75670016750419	D:5.97535317600272	D:0.00000189683354478851	D:0.000605226995423987	D:0.000568267415472367	S:LPIN1/NUP107/NUP153/LEMD3/TPR/NUP160/SEH1L/RANBP2/NUP50/NUP62/NUP133/CCNB1/VRK1/PRKCB/NUP205/PRKCA	D:16	S:Nuclear envelope breakdown	S:FALSE	S:Other	S:Nuclear envelope\nbreakdown	D:2	S:FALSE	D:1	D:2	D:0	D:0.15	D:0	D:0	D:0.15	D:0	S:Nuclear envelope\nbreakdown
S:REACTOME_SNRNP_ASSEMBLY	S:REACTOME_SNRNP_ASSEMBLY	S:16/796	S:49/8971	D:0.326530612244898	D:3.68003281714696	D:5.86970016564516	D:0.00000258750751376289	D:0.000605226995423987	D:0.000568267415472367	S:NUP107/NUP153/TPR/TGS1/NUP160/SEH1L/RANBP2/GEMIN4/NUP50/GEMIN5/SMN1/NUP62/DDX20/NUP133/NCBP1/NUP205	D:16	S:Snrnp assembly	S:FALSE	S:Other	S:Snrnp assembly	D:3	S:FALSE	D:2	D:2	D:3.14159265358979	D:0.19	D:0	D:0	D:-0.19	D:0.0000000000000000232682891837997	S:Snrnp assembly
N:	N:	N:	N:	N:	N:	N:	N:	N:	N:	N:	N:	N:	N:	N:	N:	N:	N:	N:	N:	N:	N:	N:	N:	N:	N:	N:
N:	N:	N:	N:	N:	N:	N:	N:	N:	N:	N:	N:	N:	N:	N:	N:	N:	N:	N:	N:	N:	N:	N:	N:	N:	N:	N:
S:Source	S:panel_review_SRdown_bothFDR_matched/SF4f_bothFDR_clean_Reactome_network_edges.csv	N:	N:	N:	N:	N:	N:	N:	N:	N:	N:	N:	N:	N:	N:	N:	N:	N:	N:	N:	N:	N:	N:	N:	N:	N:
S:Description	S:Supplementary Fig. 4f plotted Reactome network edges.	N:	N:	N:	N:	N:	N:	N:	N:	N:	N:	N:	N:	N:	N:	N:	N:	N:	N:	N:	N:	N:	N:	N:	N:	N:
N:	N:	N:	N:	N:	N:	N:	N:	N:	N:	N:	N:	N:	N:	N:	N:	N:	N:	N:	N:	N:	N:	N:	N:	N:	N:	N:
S:from	S:to	S:shared_n	S:x1	S:y1	S:x2	S:y2	N:	N:	N:	N:	N:	N:	N:	N:	N:	N:	N:	N:	N:	N:	N:	N:	N:	N:	N:	N:
D:5	D:6	D:20	D:-0.57	D:-0.42	D:0.87	D:-0.3	N:	N:	N:	N:	N:	N:	N:	N:	N:	N:	N:	N:	N:	N:	N:	N:	N:	N:	N:	N:
D:1	D:2	D:17	D:0.7	D:0.32	D:0.15	D:0	N:	N:	N:	N:	N:	N:	N:	N:	N:	N:	N:	N:	N:	N:	N:	N:	N:	N:	N:	N:
D:1	D:5	D:11	D:0.7	D:0.32	D:-0.57	D:-0.42	N:	N:	N:	N:	N:	N:	N:	N:	N:	N:	N:	N:	N:	N:	N:	N:	N:	N:	N:	N:
D:1	D:6	D:11	D:0.7	D:0.32	D:0.87	D:-0.3	N:	N:	N:	N:	N:	N:	N:	N:	N:	N:	N:	N:	N:	N:	N:	N:	N:	N:	N:	N:
D:2	D:5	D:11	D:0.15	D:0	D:-0.57	D:-0.42	N:	N:	N:	N:	N:	N:	N:	N:	N:	N:	N:	N:	N:	N:	N:	N:	N:	N:	N:	N:
D:2	D:6	D:11	D:0.15	D:0	D:0.87	D:-0.3	N:	N:	N:	N:	N:	N:	N:	N:	N:	N:	N:	N:	N:	N:	N:	N:	N:	N:	N:	N:
D:1	D:3	D:10	D:0.7	D:0.32	D:-0.19	D:0.0000000000000000232682891837997	N:	N:	N:	N:	N:	N:	N:	N:	N:	N:	N:	N:	N:	N:	N:	N:	N:	N:	N:	N:
D:1	D:13	D:10	D:0.7	D:0.32	D:0.35	D:-0.7	N:	N:	N:	N:	N:	N:	N:	N:	N:	N:	N:	N:	N:	N:	N:	N:	N:	N:	N:	N:
D:1	D:14	D:10	D:0.7	D:0.32	D:0.01	D:-0.7	N:	N:	N:	N:	N:	N:	N:	N:	N:	N:	N:	N:	N:	N:	N:	N:	N:	N:	N:	N:
D:2	D:3	D:10	D:0.15	D:0	D:-0.19	D:0.0000000000000000232682891837997	N:	N:	N:	N:	N:	N:	N:	N:	N:	N:	N:	N:	N:	N:	N:	N:	N:	N:	N:	N:
D:2	D:13	D:10	D:0.15	D:0	D:0.35	D:-0.7	N:	N:	N:	N:	N:	N:	N:	N:	N:	N:	N:	N:	N:	N:	N:	N:	N:	N:	N:	N:
D:2	D:14	D:10	D:0.15	D:0	D:0.01	D:-0.7	N:	N:	N:	N:	N:	N:	N:	N:	N:	N:	N:	N:	N:	N:	N:	N:	N:	N:	N:	N:
D:3	D:5	D:10	D:-0.19	D:0.0000000000000000232682891837997	D:-0.57	D:-0.42	N:	N:	N:	N:	N:	N:	N:	N:	N:	N:	N:	N:	N:	N:	N:	N:	N:	N:	N:	N:
D:3	D:6	D:10	D:-0.19	D:0.0000000000000000232682891837997	D:0.87	D:-0.3	N:	N:	N:	N:	N:	N:	N:	N:	N:	N:	N:	N:	N:	N:	N:	N:	N:	N:	N:	N:
D:3	D:13	D:10	D:-0.19	D:0.0000000000000000232682891837997	D:0.35	D:-0.7	N:	N:	N:	N:	N:	N:	N:	N:	N:	N:	N:	N:	N:	N:	N:	N:	N:	N:	N:	N:
D:3	D:14	D:10	D:-0.19	D:0.0000000000000000232682891837997	D:0.01	D:-0.7	N:	N:	N:	N:	N:	N:	N:	N:	N:	N:	N:	N:	N:	N:	N:	N:	N:	N:	N:	N:
D:5	D:13	D:10	D:-0.57	D:-0.42	D:0.35	D:-0.7	N:	N:	N:	N:	N:	N:	N:	N:	N:	N:	N:	N:	N:	N:	N:	N:	N:	N:	N:	N:
D:5	D:14	D:10	D:-0.57	D:-0.42	D:0.01	D:-0.7	N:	N:	N:	N:	N:	N:	N:	N:	N:	N:	N:	N:	N:	N:	N:	N:	N:	N:	N:	N:
D:6	D:13	D:10	D:0.87	D:-0.3	D:0.35	D:-0.7	N:	N:	N:	N:	N:	N:	N:	N:	N:	N:	N:	N:	N:	N:	N:	N:	N:	N:	N:	N:
D:6	D:14	D:10	D:0.87	D:-0.3	D:0.01	D:-0.7	N:	N:	N:	N:	N:	N:	N:	N:	N:	N:	N:	N:	N:	N:	N:	N:	N:	N:	N:	N:
N:	N:	N:	N:	N:	N:	N:	N:	N:	N:	N:	N:	N:	N:	N:	N:	N:	N:	N:	N:	N:	N:	N:	N:	N:	N:	N:
N:	N:	N:	N:	N:	N:	N:	N:	N:	N:	N:	N:	N:	N:	N:	N:	N:	N:	N:	N:	N:	N:	N:	N:	N:	N:	N:
S:Source	S:panel_review_SRdown_bothFDR_matched/SF4f_SF4g_bothFDR_full_Reactome_ORA.csv	N:	N:	N:	N:	N:	N:	N:	N:	N:	N:	N:	N:	N:	N:	N:	N:	N:	N:	N:	N:	N:	N:	N:	N:	N:
S:Description	S:Full human blood SR-aging Reactome ORA.	N:	N:	N:	N:	N:	N:	N:	N:	N:	N:	N:	N:	N:	N:	N:	N:	N:	N:	N:	N:	N:	N:	N:	N:	N:
N:	N:	N:	N:	N:	N:	N:	N:	N:	N:	N:	N:	N:	N:	N:	N:	N:	N:	N:	N:	N:	N:	N:	N:	N:	N:	N:
S:ID	S:Description	S:GeneRatio	S:BgRatio	S:RichFactor	S:FoldEnrichment	S:zScore	S:pvalue	S:p.adjust	S:qvalue	S:geneID	S:Count	S:pathway	S:is_hsf	N:	N:	N:	N:	N:	N:	N:	N:	N:	N:	N:	N:	N:
S:REACTOME_SUMOYLATION	S:REACTOME_SUMOYLATION	S:39/796	S:164/8971	D:0.23780487804878	D:2.6800848755975	D:6.77560411057596	D:0.00000000688796555568569	D:0.00000790738445792717	D:0.00000742450182002331	S:PARP1/WRN/RPA1/TOP2A/SENP2/NUP107/DNMT3A/CASP8AP2/SMC3/TOP2B/RAD21/SATB1/NUP153/RORA/HDAC1/TPR/HNRNPK/NUP160/SEH1L/RANBP2/NUP50/SENP5/NUP62/HDAC2/NUP133/BRCA1/NFKBIA/TOPORS/MBD1/THRA/PCNA/NR2C1/NUP205/PIAS2/BMI1/BLM/NPM1/NR3C2/TDG	D:39	S:Sumoylation	S:FALSE	N:	N:	N:	N:	N:	N:	N:	N:	N:	N:	N:	N:	N:
S:REACTOME_MITOTIC_PROPHASE	S:REACTOME_MITOTIC_PROPHASE	S:21/796	S:76/8971	D:0.276315789473684	D:3.11410671779952	D:5.7752342034166	D:0.00000163352809895858	D:0.000605226995423987	D:0.000568267415472367	S:SMC4/LPIN1/NUP107/NUP153/LEMD3/TPR/NUP160/SEH1L/RANBP2/NUP50/NUP62/NUP133/PPP2CB/CCNB1/SMC2/NCAPD3/RB1/VRK1/PRKCB/NUP205/PRKCA	D:21	S:Mitotic prophase	S:FALSE	N:	N:	N:	N:	N:	N:	N:	N:	N:	N:	N:	N:	N:
S:REACTOME_NUCLEAR_ENVELOPE_BREAKDOWN	S:REACTOME_NUCLEAR_ENVELOPE_BREAKDOWN	S:16/796	S:48/8971	D:0.333333333333333	D:3.75670016750419	D:5.97535317600272	D:0.00000189683354478851	D:0.000605226995423987	D:0.000568267415472367	S:LPIN1/NUP107/NUP153/LEMD3/TPR/NUP160/SEH1L/RANBP2/NUP50/NUP62/NUP133/CCNB1/VRK1/PRKCB/NUP205/PRKCA	D:16	S:Nuclear envelope breakdown	S:FALSE	N:	N:	N:	N:	N:	N:	N:	N:	N:	N:	N:	N:	N:
S:REACTOME_SNRNP_ASSEMBLY	S:REACTOME_SNRNP_ASSEMBLY	S:16/796	S:49/8971	D:0.326530612244898	D:3.68003281714696	D:5.86970016564516	D:0.00000258750751376289	D:0.000605226995423987	D:0.000568267415472367	S:NUP107/NUP153/TPR/TGS1/NUP160/SEH1L/RANBP2/GEMIN4/NUP50/GEMIN5/SMN1/NUP62/DDX20/NUP133/NCBP1/NUP205	D:16	S:Snrnp assembly	S:FALSE	N:	N:	N:	N:	N:	N:	N:	N:	N:	N:	N:	N:	N:
S:REACTOME_SUMOYLATION_OF_DNA_DAMAGE_RESPONSE_AND_REPAIR_PROTEINS	S:REACTOME_SUMOYLATION_OF_DNA_DAMAGE_RESPONSE_AND_REPAIR_PROTEINS	S:20/796	S:72/8971	D:0.277777777777778	D:3.13058347292016	D:5.66373693546448	D:0.00000263600607763061	D:0.000605226995423987	D:0.000568267415472367	S:PARP1/WRN/RPA1/NUP107/SMC3/RAD21/NUP153/TPR/NUP160/SEH1L/RANBP2/NUP50/NUP62/NUP133/BRCA1/NUP205/PIAS2/BMI1/BLM/TDG	D:20	S:Sumoylation of dna damage response and repair proteins	S:FALSE	N:	N:	N:	N:	N:	N:	N:	N:	N:	N:	N:	N:	N:
S:REACTOME_M_PHASE	S:REACTOME_M_PHASE	S:52/796	S:311/8971	D:0.167202572347267	D:1.88438979463233	D:4.95306292773763	D:0.00000489389689060442	D:0.000936365605068979	D:0.000879184283505075	S:CEP192/SMC4/PCM1/LBR/LPIN1/NUP107/CENPL/AHCTF1/KIF2A/SMC3/PDS5B/EML4/CEP70/RAD21/NUP153/NDC80/LEMD3/PSMD7/TPR/BUB3/NUP160/SEH1L/RANBP2/NUP50/ZW10/NUP62/ALMS1/NUP133/PSMA5/CHMP2B/NCAPD2/HAUS3/KNTC1/CENPE/PPP2CB/CCNB1/SMC2/NCAPD3/CENPN/CEP152/RB1/CLASP2/CEP72/VRK1/NIPBL/FBXO5/PRKCB/NSL1/NUP205/PRKCA/MAPRE1/CEP76	D:52	S:M phase	S:FALSE	N:	N:	N:	N:	N:	N:	N:	N:	N:	N:	N:	N:	N:
S:REACTOME_TRANSPORT_OF_THE_SLBP_DEPENDANT_MATURE_MRNA	S:REACTOME_TRANSPORT_OF_THE_SLBP_DEPENDANT_MATURE_MRNA	S:12/796	S:31/8971	D:0.387096774193548	D:4.3626195493597	D:5.85192424971905	D:0.00000633031807746346	D:0.00103817216470401	D:0.000974773791176328	S:NUP107/SLBP/NUP153/TPR/NUP160/SEH1L/RANBP2/NUP50/NUP62/NUP133/NCBP1/NUP205	D:12	S:Transport of the slbp dependant mature mrna	S:FALSE	N:	N:	N:	N:	N:	N:	N:	N:	N:	N:	N:	N:	N:
S:REACTOME_CELL_CYCLE_MITOTIC	S:REACTOME_CELL_CYCLE_MITOTIC	S:68/796	S:453/8971	D:0.150110375275938	D:1.6917590158297	D:4.71459059991872	D:0.00000862060020093155	D:0.00123705612883368	D:0.00116151244812551	S:CEP192/SMC4/RPA1/TOP2A/PCM1/LBR/LPIN1/NUP107/CENPL/AHCTF1/KIF2A/SMC3/PDS5B/EML4/CEP70/RAD21/NUP153/NDC80/LEMD3/HDAC1/PSMD7/TPR/BUB3/NUP160/POLE3/E2F3/SEH1L/RANBP2/NUP50/ZW10/NUP62/ALMS1/NUP133/PSMA5/CDK7/CHMP2B/NCAPD2/HAUS3/MCM7/CCNE1/KNTC1/CENPE/PPP2CB/CCNB1/SMC2/NCAPD3/CENPN/RFC5/CEP152/RB1/CLASP2/CEP72/VRK1/PRIM1/PCNA/NIPBL/FBXO5/PRKCB/MIS18BP1/NSL1/ESCO2/NUP205/PRKCA/RBBP4/MAPRE1/RBL1/CDK6/CEP76	D:68	S:Cell cycle mitotic	S:FALSE	N:	N:	N:	N:	N:	N:	N:	N:	N:	N:	N:	N:	N:
S:REACTOME_TRNA_PROCESSING	S:REACTOME_TRNA_PROCESSING	S:22/796	S:94/8971	D:0.234042553191489	D:2.63768309633273	D:4.98046116417707	D:0.000017781872822286	D:0.00199024382891029	D:0.00186870500715582	S:NUP107/TRMT6/NUP153/NSUN2/POP1/TRMT112/TPR/TSEN2/NUP160/SEH1L/RANBP2/NUP50/MTO1/NUP62/THADA/NUP133/TYW1/ADAT2/TRMT61B/XPOT/NUP205/TYW5	D:22	S:Trna processing	S:FALSE	N:	N:	N:	N:	N:	N:	N:	N:	N:	N:	N:	N:	N:
S:REACTOME_PROCESSING_OF_CAPPED_INTRON_CONTAINING_PRE_MRNA	S:REACTOME_PROCESSING_OF_CAPPED_INTRON_CONTAINING_PRE_MRNA	S:46/796	S:276/8971	D:0.166666666666667	D:1.87835008375209	D:4.62483528307144	D:0.000018828517505208	D:0.00199024382891029	D:0.00186870500715582	S:NUDT21/NUP107/MFAP1/SRSF11/SRRM1/NSRP1/DDX46/PAPOLG/SLBP/NUP153/SNRNP48/U2SURP/SRSF3/TPR/HNRNPK/NUP160/CSTF1/SEH1L/SAP18/RANBP2/TCERG1/NUP50/RBM17/HNRNPD/USP39/NUP62/FYTTD1/NUP133/CSTF3/PPIG/NCBP1/HNRNPA2B1/RBBP6/HSPA8/HNRNPU/CRNKL1/PRPF38A/METTL14/HNRNPR/PPIL1/SNRPA1/SRSF10/NUP205/SNIP1/SF3B1/PPWD1	D:46	S:Processing of capped intron containing pre mrna	S:FALSE	N:	N:	N:	N:	N:	N:	N:	N:	N:	N:	N:	N:	N:
S:REACTOME_MITOTIC_PROMETAPHASE	S:REACTOME_MITOTIC_PROMETAPHASE	S:34/796	S:181/8971	D:0.187845303867403	D:2.11703545351065	D:4.73718867107203	D:0.0000190702805906039	D:0.00199024382891029	D:0.00186870500715582	S:CEP192/SMC4/PCM1/NUP107/CENPL/AHCTF1/KIF2A/SMC3/PDS5B/EML4/CEP70/RAD21/NDC80/BUB3/NUP160/SEH1L/RANBP2/ZW10/ALMS1/NUP133/NCAPD2/HAUS3/KNTC1/CENPE/PPP2CB/CCNB1/SMC2/CENPN/CEP152/CLASP2/CEP72/NSL1/MAPRE1/CEP76	D:34	S:Mitotic prometaphase	S:FALSE	N:	N:	N:	N:	N:	N:	N:	N:	N:	N:	N:	N:	N:
S:REACTOME_NUCLEAR_IMPORT_OF_REV_PROTEIN	S:REACTOME_NUCLEAR_IMPORT_OF_REV_PROTEIN	S:11/796	S:30/8971	D:0.366666666666667	D:4.13237018425461	D:5.36228059847548	D:0.0000282804157074959	D:0.00270549310268377	D:0.00254027593723472	S:NUP107/NUP153/TPR/NUP160/SEH1L/RANBP2/NUP50/NUP62/NUP133/NUP205/NPM1	D:11	S:Nuclear import of rev protein	S:FALSE	N:	N:	N:	N:	N:	N:	N:	N:	N:	N:	N:	N:	N:
S:REACTOME_SUMOYLATION_OF_CHROMATIN_ORGANIZATION_PROTEINS	S:REACTOME_SUMOYLATION_OF_CHROMATIN_ORGANIZATION_PROTEINS	S:15/796	S:53/8971	D:0.283018867924528	D:3.18965108561676	D:4.98870694161916	D:0.0000367087402341121	D:0.00324166413759698	D:0.0030437044534195	S:NUP107/SATB1/NUP153/HDAC1/TPR/NUP160/SEH1L/RANBP2/NUP50/NUP62/HDAC2/NUP133/NUP205/PIAS2/BMI1	D:15	S:Sumoylation of chromatin organization proteins	S:FALSE	N:	N:	N:	N:	N:	N:	N:	N:	N:	N:	N:	N:	N:
S:REACTOME_SUMOYLATION_OF_SUMOYLATION_PROTEINS	S:REACTOME_SUMOYLATION_OF_SUMOYLATION_PROTEINS	S:11/796	S:31/8971	D:0.354838709677419	D:3.99906792024639	D:5.21923995011158	D:0.0000403529694040134	D:0.00328641963555679	D:0.00308572685385123	S:NUP107/NUP153/TPR/NUP160/SEH1L/RANBP2/NUP50/NUP62/NUP133/TOPORS/NUP205	D:11	S:Sumoylation of sumoylation proteins	S:FALSE	N:	N:	N:	N:	N:	N:	N:	N:	N:	N:	N:	N:	N:
S:REACTOME_SUMOYLATION_OF_DNA_REPLICATION_PROTEINS	S:REACTOME_SUMOYLATION_OF_DNA_REPLICATION_PROTEINS	S:13/796	S:42/8971	D:0.30952380952381	D:3.48836444125389	D:5.04366339787308	D:0.0000429410231126758	D:0.00328641963555679	D:0.00308572685385123	S:TOP2A/NUP107/TOP2B/NUP153/TPR/NUP160/SEH1L/RANBP2/NUP50/NUP62/NUP133/PCNA/NUP205	D:13	S:Sumoylation of dna replication proteins	S:FALSE	N:	N:	N:	N:	N:	N:	N:	N:	N:	N:	N:	N:	N:
S:REACTOME_NUCLEAR_PORE_COMPLEX_NPC_DISASSEMBLY	S:REACTOME_NUCLEAR_PORE_COMPLEX_NPC_DISASSEMBLY	S:11/796	S:32/8971	D:0.34375	D:3.87409704773869	D:5.0820721196361	D:0.000056609504704153	D:0.00406173196252298	D:0.00381369294849031	S:NUP107/NUP153/TPR/NUP160/SEH1L/RANBP2/NUP50/NUP62/NUP133/CCNB1/NUP205	D:11	S:Nuclear pore complex npc disassembly	S:FALSE	N:	N:	N:	N:	N:	N:	N:	N:	N:	N:	N:	N:	N:
S:REACTOME_TRANSPORT_OF_MATURE_MRNAS_DERIVED_FROM_INTRONLESS_TRANSCRIPTS	S:REACTOME_TRANSPORT_OF_MATURE_MRNAS_DERIVED_FROM_INTRONLESS_TRANSCRIPTS	S:12/796	S:38/8971	D:0.31578947368421	D:3.5589791060566	D:4.93251876287994	D:0.0000677971710533215	D:0.00457830308054194	D:0.00429871846183289	S:NUP107/SLBP/NUP153/TPR/NUP160/SEH1L/RANBP2/NUP50/NUP62/NUP133/NCBP1/NUP205	D:12	S:Transport of mature mrnas derived from intronless transcripts	S:FALSE	N:	N:	N:	N:	N:	N:	N:	N:	N:	N:	N:	N:	N:
S:REACTOME_INTERACTIONS_OF_REV_WITH_HOST_CELLULAR_PROTEINS	S:REACTOME_INTERACTIONS_OF_REV_WITH_HOST_CELLULAR_PROTEINS	S:11/796	S:33/8971	D:0.333333333333333	D:3.75670016750419	D:4.95034198220247	D:0.0000781788547575186	D:0.0047236486979806	D:0.00443518821449856	S:NUP107/NUP153/TPR/NUP160/SEH1L/RANBP2/NUP50/NUP62/NUP133/NUP205/NPM1	D:11	S:Interactions of rev with host cellular proteins	S:FALSE	N:	N:	N:	N:	N:	N:	N:	N:	N:	N:	N:	N:	N:
S:REACTOME_INTERACTIONS_OF_VPR_WITH_HOST_CELLULAR_PROTEINS	S:REACTOME_INTERACTIONS_OF_VPR_WITH_HOST_CELLULAR_PROTEINS	S:11/796	S:33/8971	D:0.333333333333333	D:3.75670016750419	D:4.95034198220247	D:0.0000781788547575186	D:0.0047236486979806	D:0.00443518821449856	S:NUP107/NUP153/TPR/NUP160/SEH1L/RANBP2/NUP50/NUP62/NUP133/PSIP1/NUP205	D:11	S:Interactions of vpr with host cellular proteins	S:FALSE	N:	N:	N:	N:	N:	N:	N:	N:	N:	N:	N:	N:	N:
S:REACTOME_REGULATION_OF_GLUCOKINASE_BY_GLUCOKINASE_REGULATORY_PROTEIN	S:REACTOME_REGULATION_OF_GLUCOKINASE_BY_GLUCOKINASE_REGULATORY_PROTEIN	S:10/796	S:28/8971	D:0.357142857142857	D:4.02503589375449	D:5.00238147277457	D:0.0000852208404738687	D:0.00489167624320006	D:0.00459295477080219	S:NUP107/NUP153/TPR/NUP160/SEH1L/RANBP2/NUP50/NUP62/NUP133/NUP205	D:10	S:Regulation of glucokinase by glucokinase regulatory protein	S:FALSE	N:	N:	N:	N:	N:	N:	N:	N:	N:	N:	N:	N:	N:
S:REACTOME_EXPORT_OF_VIRAL_RIBONUCLEOPROTEINS_FROM_NUCLEUS	S:REACTOME_EXPORT_OF_VIRAL_RIBONUCLEOPROTEINS_FROM_NUCLEUS	S:10/796	S:29/8971	D:0.344827586206897	D:3.88624155259054	D:4.85761639582934	D:0.000119833174486601	D:0.00655088020526755	D:0.00615083562277092	S:NUP107/NUP153/TPR/NUP160/SEH1L/RANBP2/NUP50/NUP62/NUP133/NUP205	D:10	S:Export of viral ribonucleoproteins from nucleus	S:FALSE	N:	N:	N:	N:	N:	N:	N:	N:	N:	N:	N:	N:	N:
S:REACTOME_SUMOYLATION_OF_UBIQUITINYLATION_PROTEINS	S:REACTOME_SUMOYLATION_OF_UBIQUITINYLATION_PROTEINS	S:11/796	S:35/8971	D:0.314285714285714	D:3.54203158650395	D:4.70167125402691	D:0.000142886947382077	D:0.00745610070884657	D:0.00700077675211708	S:NUP107/NUP153/TPR/NUP160/SEH1L/RANBP2/NUP50/NUP62/NUP133/NUP205/PIAS2	D:11	S:Sumoylation of ubiquitinylation proteins	S:FALSE	N:	N:	N:	N:	N:	N:	N:	N:	N:	N:	N:	N:	N:
S:REACTOME_RRNA_MODIFICATION_IN_THE_NUCLEUS_AND_CYTOSOL	S:REACTOME_RRNA_MODIFICATION_IN_THE_NUCLEUS_AND_CYTOSOL	S:14/796	S:53/8971	D:0.264150943396226	D:2.97700767990898	D:4.50423905488041	D:0.000150905077638381	D:0.00753213170125484	D:0.00707216473692001	S:GAR1/UTP20/UTP14C/WDR3/TRMT112/FCF1/PDCD11/RCL1/NOP56/DDX47/WDR36/MPHOSPH10/WDR75/DCAF13	D:14	S:Rrna modification in the nucleus and cytosol	S:FALSE	N:	N:	N:	N:	N:	N:	N:	N:	N:	N:	N:	N:	N:
S:REACTOME_REGULATION_OF_HSF1_MEDIATED_HEAT_SHOCK_RESPONSE	S:REACTOME_REGULATION_OF_HSF1_MEDIATED_HEAT_SHOCK_RESPONSE	S:17/796	S:74/8971	D:0.22972972972973	D:2.5890771424691	D:4.28299847781309	D:0.000200148012022901	D:0.00957374657509541	D:0.00898910369787062	S:RPA1/SIRT1/NUP107/NUP153/TPR/NUP160/SEH1L/RANBP2/NUP50/NUP62/HSPA9/NUP133/HSPA4/HSPA8/HSPH1/NUP205/ATR	D:17	S:Regulation of hsf1 mediated heat shock response	S:TRUE	N:	N:	N:	N:	N:	N:	N:	N:	N:	N:	N:	N:	N:
S:REACTOME_RESOLUTION_OF_SISTER_CHROMATID_COHESION	S:REACTOME_RESOLUTION_OF_SISTER_CHROMATID_COHESION	S:22/796	S:111/8971	D:0.198198198198198	D:2.2337136131106	D:4.08101188964343	D:0.00025035464711819	D:0.0112002543478368	D:0.0105162850285942	S:NUP107/CENPL/AHCTF1/KIF2A/SMC3/PDS5B/RAD21/NDC80/BUB3/NUP160/SEH1L/RANBP2/ZW10/NUP133/KNTC1/CENPE/PPP2CB/CCNB1/CENPN/CLASP2/NSL1/MAPRE1	D:22	S:Resolution of sister chromatid cohesion	S:FALSE	N:	N:	N:	N:	N:	N:	N:	N:	N:	N:	N:	N:	N:
S:REACTOME_SUMOYLATION_OF_RNA_BINDING_PROTEINS	S:REACTOME_SUMOYLATION_OF_RNA_BINDING_PROTEINS	S:12/796	S:43/8971	D:0.27906976744186	D:3.14514432628258	D:4.39969457260929	D:0.000253664297076443	D:0.0112002543478368	D:0.0105162850285942	S:NUP107/NUP153/TPR/HNRNPK/NUP160/SEH1L/RANBP2/NUP50/NUP62/NUP133/NUP205/BMI1	D:12	S:Sumoylation of rna binding proteins	S:FALSE	N:	N:	N:	N:	N:	N:	N:	N:	N:	N:	N:	N:	N:
S:REACTOME_NS1_MEDIATED_EFFECTS_ON_HOST_PATHWAYS	S:REACTOME_NS1_MEDIATED_EFFECTS_ON_HOST_PATHWAYS	S:11/796	S:38/8971	D:0.289473684210526	D:3.26239751388522	D:4.3608477145905	D:0.000321845040713368	D:0.0136843743236647	D:0.0128487064986545	S:NUP107/NUP153/TPR/NUP160/SEH1L/RANBP2/NUP50/NUP62/NUP133/KPNA4/NUP205	D:11	S:Ns1 mediated effects on host pathways	S:FALSE	N:	N:	N:	N:	N:	N:	N:	N:	N:	N:	N:	N:	N:
S:REACTOME_TRNA_PROCESSING_IN_THE_NUCLEUS	S:REACTOME_TRNA_PROCESSING_IN_THE_NUCLEUS	S:13/796	S:51/8971	D:0.254901960784314	D:2.87277071632673	D:4.18500658286882	D:0.000378443323116956	D:0.0155161762477952	D:0.014568645220743	S:NUP107/NUP153/POP1/TPR/TSEN2/NUP160/SEH1L/RANBP2/NUP50/NUP62/NUP133/XPOT/NUP205	D:13	S:Trna processing in the nucleus	S:FALSE	N:	N:	N:	N:	N:	N:	N:	N:	N:	N:	N:	N:	N:
S:REACTOME_EPIGENETIC_REGULATION_OF_GENE_EXPRESSION	S:REACTOME_EPIGENETIC_REGULATION_OF_GENE_EXPRESSION	S:37/796	S:235/8971	D:0.157446808510638	D:1.77444135571474	D:3.75383370746294	D:0.000393180127497038	D:0.0155645098747103	D:0.0146140272434471	S:UBTF/AEBP2/TET1/ZNF425/SIRT1/MED1/LPIN1/DNMT3A/POLR1B/ERCC6/SMARCE1/HDAC1/ZNF28/SAP18/TAF1B/DPF3/MED23/ACTL6A/PAXIP1/HDAC2/CDK7/PSIP1/TASP1/ZNF264/MED31/JARID2/TTF1/WDR82/RB1/MTA3/NCOA3/RBBP4/SF3B1/PPHLN1/SS18L1/TDG/MED6	D:37	S:Epigenetic regulation of gene expression	S:FALSE	N:	N:	N:	N:	N:	N:	N:	N:	N:	N:	N:	N:	N:
S:REACTOME_HCMV_LATE_EVENTS	S:REACTOME_HCMV_LATE_EVENTS	S:12/796	S:47/8971	D:0.25531914893617	D:2.87747246872661	D:4.02672156081859	D:0.000620673419255843	D:0.0237511028435236	D:0.0223006870637889	S:NUP107/NUP153/TPR/HNRNPK/NUP160/SEH1L/RANBP2/NUP50/NUP62/NUP133/CHMP2B/NUP205	D:12	S:Hcmv late events	S:FALSE	N:	N:	N:	N:	N:	N:	N:	N:	N:	N:	N:	N:	N:
S:REACTOME_REGULATION_OF_TP53_ACTIVITY	S:REACTOME_REGULATION_OF_TP53_ACTIVITY	S:26/796	S:151/8971	D:0.172185430463576	D:1.94054710639289	D:3.63700256595854	D:0.000729451052908372	D:0.0270132196367358	D:0.0253635951843183	S:WRN/RPA1/TAF2/TAF3/BRD7/JMY/SSRP1/HDAC1/DYRK2/TAF4/HDAC2/PPP1R13B/BRCA1/BRD1/PPP2CB/SUPT16H/RFC5/BRPF3/USP7/SGK1/SMYD2/RBBP4/ATR/BLM/PRKAB2/TAF6	D:26	S:Regulation of tp53 activity	S:FALSE	N:	N:	N:	N:	N:	N:	N:	N:	N:	N:	N:	N:	N:
S:REACTOME_CELLULAR_RESPONSE_TO_HEAT_STRESS	S:REACTOME_CELLULAR_RESPONSE_TO_HEAT_STRESS	S:18/796	S:90/8971	D:0.2	D:2.25402010050251	D:3.73081481101559	D:0.000796586787378766	D:0.0285775509972132	D:0.0268323970485479	S:RPA1/SIRT1/NUP107/NUP153/TPR/NUP160/SEH1L/RANBP2/NUP50/NUP62/HSPA9/NUP133/HSPA4/HSPA8/HSPH1/NUP205/ATR/CAMK2D	D:18	S:Cellular response to heat stress	S:TRUE	N:	N:	N:	N:	N:	N:	N:	N:	N:	N:	N:	N:	N:
S:REACTOME_TRANSPORT_OF_MATURE_TRANSCRIPT_TO_CYTOPLASM	S:REACTOME_TRANSPORT_OF_MATURE_TRANSCRIPT_TO_CYTOPLASM	S:16/796	S:76/8971	D:0.210526315789474	D:2.37265273737107	D:3.74975916378056	D:0.000858102155566405	D:0.0298515537754616	D:0.0280285999138755	S:NUP107/SRSF11/SRRM1/SLBP/NUP153/SRSF3/TPR/NUP160/SEH1L/RANBP2/NUP50/NUP62/FYTTD1/NUP133/NCBP1/NUP205	D:16	S:Transport of mature transcript to cytoplasm	S:FALSE	N:	N:	N:	N:	N:	N:	N:	N:	N:	N:	N:	N:	N:
S:REACTOME_ORGANELLE_BIOGENESIS_AND_MAINTENANCE	S:REACTOME_ORGANELLE_BIOGENESIS_AND_MAINTENANCE	S:36/796	S:241/8971	D:0.149377593360996	D:1.68350049000188	D:3.35620982492787	D:0.00125859964259329	D:0.042496246755797	D:0.0399011156041959	S:CEP192/KIF3A/IFT88/CEP97/MED1/PCM1/ARL13B/CCT5/CEP70/RPGRIP1L/TGS1/TTC8/TCTN1/EXOC1/TCP1/HSPA9/CCT4/ALMS1/TFB1M/HAUS3/SIRT4/CEP152/WDR35/BBS2/TCTN3/CEP72/EXOC8/EXOC5/TFAM/C2CD3/TRAF3IP1/PPRC1/MAPRE1/SIRT5/PRKAB2/CEP76	D:36	S:Organelle biogenesis and maintenance	S:FALSE	N:	N:	N:	N:	N:	N:	N:	N:	N:	N:	N:	N:	N:
S:REACTOME_HIV_LIFE_CYCLE	S:REACTOME_HIV_LIFE_CYCLE	S:23/796	S:133/8971	D:0.172932330827068	D:1.9489647485548	D:3.4403907907109	D:0.00136011385984475	D:0.0446117346029077	D:0.0418874163152187	S:TAF2/NUP107/TAF3/RNGTT/NUP153/SSRP1/TPR/NUP160/SEH1L/RANBP2/NUP50/NUP62/TAF4/NMT2/NUP133/CDK7/CHMP2B/PSIP1/NCBP1/CXCR4/SUPT16H/NUP205/TAF6	D:23	S:Hiv life cycle	S:FALSE	N:	N:	N:	N:	N:	N:	N:	N:	N:	N:	N:	N:	N:
S:REACTOME_MITOTIC_METAPHASE_AND_ANAPHASE	S:REACTOME_MITOTIC_METAPHASE_AND_ANAPHASE	S:31/796	S:202/8971	D:0.153465346534653	D:1.72956987909846	D:3.2724756211775	D:0.00172944094682918	D:0.0546786593345921	D:0.0513395811100516	S:LBR/NUP107/CENPL/AHCTF1/KIF2A/SMC3/PDS5B/RAD21/NDC80/LEMD3/PSMD7/BUB3/NUP160/SEH1L/RANBP2/ZW10/NUP62/NUP133/PSMA5/CHMP2B/KNTC1/CENPE/PPP2CB/CCNB1/CENPN/CLASP2/VRK1/FBXO5/NSL1/NUP205/MAPRE1	D:31	S:Mitotic metaphase and anaphase	S:FALSE	N:	N:	N:	N:	N:	N:	N:	N:	N:	N:	N:	N:	N:
S:REACTOME_ERCC6_CSB_AND_EHMT2_G9A_POSITIVELY_REGULATE_RRNA_EXPRESSION	S:REACTOME_ERCC6_CSB_AND_EHMT2_G9A_POSITIVELY_REGULATE_RRNA_EXPRESSION	S:6/796	S:16/8971	D:0.375	D:4.22628768844221	D:4.0303165861549	D:0.00176229128517413	D:0.0546786593345921	D:0.0513395811100516	S:ERCC6/HDAC1/HDAC2/TTF1/MTA3/RBBP4	D:6	S:Ercc6 csb and ehmt2 g9a positively regulate rrna expression	S:FALSE	N:	N:	N:	N:	N:	N:	N:	N:	N:	N:	N:	N:	N:
S:REACTOME_VIRAL_MESSENGER_RNA_SYNTHESIS	S:REACTOME_VIRAL_MESSENGER_RNA_SYNTHESIS	S:10/796	S:40/8971	D:0.25	D:2.81752512562814	D:3.59475460726736	D:0.00206759510149345	D:0.0624631362240653	D:0.0586486809952713	S:NUP107/NUP153/TPR/NUP160/SEH1L/RANBP2/NUP50/NUP62/NUP133/NUP205	D:10	S:Viral messenger rna synthesis	S:FALSE	N:	N:	N:	N:	N:	N:	N:	N:	N:	N:	N:	N:	N:
S:REACTOME_CONDENSATION_OF_PROPHASE_CHROMOSOMES	S:REACTOME_CONDENSATION_OF_PROPHASE_CHROMOSOMES	S:5/796	S:12/8971	D:0.416666666666667	D:4.69587520938023	D:3.99748670812965	D:0.00253266613796789	D:0.0745513006765932	D:0.0699986538536874	S:SMC4/CCNB1/SMC2/NCAPD3/RB1	D:5	S:Condensation of prophase chromosomes	S:FALSE	N:	N:	N:	N:	N:	N:	N:	N:	N:	N:	N:	N:	N:
S:REACTOME_CILIUM_ASSEMBLY	S:REACTOME_CILIUM_ASSEMBLY	S:27/796	S:173/8971	D:0.15606936416185	D:1.75891741946728	D:3.14510007375075	D:0.00261649725049935	D:0.0750934710893314	D:0.0705077153818773	S:CEP192/KIF3A/IFT88/CEP97/PCM1/ARL13B/CCT5/CEP70/RPGRIP1L/TTC8/TCTN1/EXOC1/TCP1/CCT4/ALMS1/HAUS3/CEP152/WDR35/BBS2/TCTN3/CEP72/EXOC8/EXOC5/C2CD3/TRAF3IP1/MAPRE1/CEP76	D:27	S:Cilium assembly	S:FALSE	N:	N:	N:	N:	N:	N:	N:	N:	N:	N:	N:	N:	N:
S:REACTOME_RHO_GTPASES_ACTIVATE_FORMINS	S:REACTOME_RHO_GTPASES_ACTIVATE_FORMINS	S:21/796	S:125/8971	D:0.168	D:1.89337688442211	D:3.13852162155432	D:0.00310045702961791	D:0.0868127968293016	D:0.0815113735129331	S:NUP107/CENPL/DAAM1/AHCTF1/KIF2A/NDC80/BUB3/SCAI/NUP160/SEH1L/RANBP2/ZW10/FMNL3/NUP133/KNTC1/CENPE/PPP2CB/CENPN/CLASP2/NSL1/MAPRE1	D:21	S:Rho gtpases activate formins	S:FALSE	N:	N:	N:	N:	N:	N:	N:	N:	N:	N:	N:	N:	N:
S:REACTOME_MITOTIC_SPINDLE_CHECKPOINT	S:REACTOME_MITOTIC_SPINDLE_CHECKPOINT	S:18/796	S:102/8971	D:0.176470588235294	D:1.98884126514928	D:3.13399439011479	D:0.00347013385965783	D:0.0948503254973141	D:0.0890580719872085	S:NUP107/CENPL/AHCTF1/KIF2A/NDC80/BUB3/NUP160/SEH1L/RANBP2/ZW10/NUP133/KNTC1/CENPE/PPP2CB/CENPN/CLASP2/NSL1/MAPRE1	D:18	S:Mitotic spindle checkpoint	S:FALSE	N:	N:	N:	N:	N:	N:	N:	N:	N:	N:	N:	N:	N:
S:REACTOME_RNA_POLYMERASE_I_TRANSCRIPTION_INITIATION	S:REACTOME_RNA_POLYMERASE_I_TRANSCRIPTION_INITIATION	S:10/796	S:43/8971	D:0.232558139534884	D:2.62095360523548	D:3.3245785339604	D:0.00366764637198179	D:0.0979176287217463	D:0.0919380632780747	S:UBTF/POLR1B/ERCC6/HDAC1/TAF1B/HDAC2/CDK7/TTF1/MTA3/RBBP4	D:10	S:Rna polymerase i transcription initiation	S:FALSE	N:	N:	N:	N:	N:	N:	N:	N:	N:	N:	N:	N:	N:
S:REACTOME_REGULATION_OF_ENDOGENOUS_RETROELEMENTS_BY_PIWI_INTERACTING_RNAS_PIRNAS	S:REACTOME_REGULATION_OF_ENDOGENOUS_RETROELEMENTS_BY_PIWI_INTERACTING_RNAS_PIRNAS	S:9/796	S:37/8971	D:0.243243243243243	D:2.74137579790846	D:3.31191564661713	D:0.00417496005705868	D:0.108928503306895	D:0.102276533455218	S:DNMT3A/SMARCE1/HDAC1/DPF3/ACTL6A/HDAC2/MTA3/RBBP4/SS18L1	D:9	S:Regulation of endogenous retroelements by piwi interacting rnas pirnas	S:FALSE	N:	N:	N:	N:	N:	N:	N:	N:	N:	N:	N:	N:	N:
S:REACTOME_SARS_COV_2_ACTIVATES_MODULATES_INNATE_AND_ADAPTIVE_IMMUNE_RESPONSES	S:REACTOME_SARS_COV_2_ACTIVATES_MODULATES_INNATE_AND_ADAPTIVE_IMMUNE_RESPONSES	S:18/796	S:104/8971	D:0.173076923076923	D:1.95059431774256	D:3.04251273045088	D:0.00429978755079723	D:0.10969235796256	D:0.102993741567634	S:NUP107/TRIM4/NUP153/PIK3R4/TPR/NUP160/TAB2/SEH1L/RANBP2/PIK3C3/SEC24A/NUP50/NUP62/NUP133/SAR1B/TRAF6/NUP205/PTPN11	D:18	S:Sars cov 2 activates modulates innate and adaptive immune responses	S:FALSE	N:	N:	N:	N:	N:	N:	N:	N:	N:	N:	N:	N:	N:
S:REACTOME_EFFECTS_OF_PIP2_HYDROLYSIS	S:REACTOME_EFFECTS_OF_PIP2_HYDROLYSIS	S:7/796	S:25/8971	D:0.28	D:3.15562814070352	D:3.36773783939806	D:0.004884279759708	D:0.119301131152017	D:0.112015732899014	S:PRKCE/RASGRP2/ITPR1/RASGRP1/PRKCH/DGKH/PRKCQ	D:7	S:Effects of pip2 hydrolysis	S:FALSE	N:	N:	N:	N:	N:	N:	N:	N:	N:	N:	N:	N:	N:
S:REACTOME_POSTMITOTIC_NUCLEAR_PORE_COMPLEX_NPC_REFORMATION	S:REACTOME_POSTMITOTIC_NUCLEAR_PORE_COMPLEX_NPC_REFORMATION	S:7/796	S:25/8971	D:0.28	D:3.15562814070352	D:3.36773783939806	D:0.004884279759708	D:0.119301131152017	D:0.112015732899014	S:NUP107/AHCTF1/NUP160/SEH1L/NUP62/NUP133/NUP205	D:7	S:Postmitotic nuclear pore complex npc reformation	S:FALSE	N:	N:	N:	N:	N:	N:	N:	N:	N:	N:	N:	N:	N:
S:REACTOME_REGULATION_OF_CDH1_GENE_TRANSCRIPTION	S:REACTOME_REGULATION_OF_CDH1_GENE_TRANSCRIPTION	S:9/796	S:38/8971	D:0.236842105263158	D:2.66923432954245	D:3.21750561801161	D:0.00504966702154891	D:0.120771202932045	D:0.113396031361098	S:SIRT1/ZMYM2/HDAC1/ZNF217/HDAC2/STRAP/RB1/TCF12/RBBP4	D:9	S:Regulation of cdh1 gene transcription	S:FALSE	N:	N:	N:	N:	N:	N:	N:	N:	N:	N:	N:	N:	N:
S:REACTOME_DEPOLYMERIZATION_OF_THE_NUCLEAR_LAMINA	S:REACTOME_DEPOLYMERIZATION_OF_THE_NUCLEAR_LAMINA	S:5/796	S:14/8971	D:0.357142857142857	D:4.02503589375449	D:3.53445240341244	D:0.00551030559763047	D:0.129098588287342	D:0.121214885756683	S:LPIN1/LEMD3/CCNB1/PRKCB/PRKCA	D:5	S:Depolymerization of the nuclear lamina	S:FALSE	N:	N:	N:	N:	N:	N:	N:	N:	N:	N:	N:	N:	N:
S:REACTOME_SARS_COV_INFECTIONS	S:REACTOME_SARS_COV_INFECTIONS	S:49/796	S:385/8971	D:0.127272727272727	D:1.43437642759251	D:2.71837925123175	D:0.00598103831620394	D:0.137324639740042	D:0.128938594437744	S:NUP107/ITCH/TRIM4/NUP153/PIK3R4/HDAC1/TPR/PARP8/NUP160/TAB2/SMAD3/SEH1L/SAP18/RANBP2/SRPK2/PIK3C3/GEMIN4/SEC24A/ST6GAL1/NUP50/GEMIN5/RPS28/NFE2L2/SMN1/NUP62/IGLV6-57/VPS41/DDX20/REST/CANX/HDAC2/MAN2A1/NUP133/MGAT4A/S1PR1/CHMP2B/PARP16/PPIG/NFKBIA/ISCU/RB1/MTA3/SAR1B/TRAF6/NUP205/RBBP4/PTPN11/NPM1/DAD1	D:49	S:Sars cov infections	S:FALSE	N:	N:	N:	N:	N:	N:	N:	N:	N:	N:	N:	N:	N:
S:REACTOME_RNA_POLYMERASE_I_TRANSCRIPTION	S:REACTOME_RNA_POLYMERASE_I_TRANSCRIPTION	S:10/796	S:46/8971	D:0.217391304347826	D:2.4500218483723	D:3.07650924320441	D:0.00611981972097913	D:0.137755941954589	D:0.129343558189528	S:UBTF/POLR1B/ERCC6/HDAC1/TAF1B/HDAC2/CDK7/TTF1/MTA3/RBBP4	D:10	S:Rna polymerase i transcription	S:FALSE	N:	N:	N:	N:	N:	N:	N:	N:	N:	N:	N:	N:	N:
S:REACTOME_TRANSCRIPTIONAL_REGULATION_BY_TP53	S:REACTOME_TRANSCRIPTIONAL_REGULATION_BY_TP53	S:42/796	S:321/8971	D:0.130841121495327	D:1.47459258911379	D:2.70193122014778	D:0.00655716478972892	D:0.144762022665554	D:0.135921796451061	S:WRN/RPA1/TAF2/RRAGC/TAF3/BRD7/JUN/JMY/SSRP1/GLS/CNOT2/HDAC1/DYRK2/CNOT6L/TAF4/HDAC2/GLS2/TNRC6C/CDK7/PPP1R13B/CCNE1/BRCA1/BRD1/FANCD2/PPP2CB/CCNB1/MLH1/SUPT16H/RFC5/BRPF3/USP7/SGK1/PCNA/SESN1/SMYD2/RBBP4/ATR/BLM/RBL1/NPM1/PRKAB2/TAF6	D:42	S:Transcriptional regulation by tp53	S:FALSE	N:	N:	N:	N:	N:	N:	N:	N:	N:	N:	N:	N:	N:
S:REACTOME_MRNA_POLYADENYLATION	S:REACTOME_MRNA_POLYADENYLATION	S:20/796	S:126/8971	D:0.158730158730159	D:1.78890484166866	D:2.78272218291737	D:0.00735759506294103	D:0.15936828551427	D:0.149636094229426	S:NUDT21/SRSF11/DDX46/PAPOLG/U2SURP/SRSF3/HNRNPK/CSTF1/TCERG1/RBM17/HNRNPD/CSTF3/NCBP1/HNRNPA2B1/RBBP6/HNRNPU/HNRNPR/SNRPA1/SRSF10/SF3B1	D:20	S:Mrna polyadenylation	S:FALSE	N:	N:	N:	N:	N:	N:	N:	N:	N:	N:	N:	N:	N:
S:REACTOME_MISMATCH_REPAIR	S:REACTOME_MISMATCH_REPAIR	S:5/796	S:15/8971	D:0.333333333333333	D:3.75670016750419	D:3.33416427984399	D:0.00767049712748172	D:0.163069087080537	D:0.153110897827315	S:RPA1/MSH6/MLH1/MSH3/PCNA	D:5	S:Mismatch repair	S:FALSE	N:	N:	N:	N:	N:	N:	N:	N:	N:	N:	N:	N:	N:
S:REACTOME_ESTABLISHMENT_OF_SISTER_CHROMATID_COHESION	S:REACTOME_ESTABLISHMENT_OF_SISTER_CHROMATID_COHESION	S:4/796	S:10/8971	D:0.4	D:4.50804020100503	D:3.46334054895215	D:0.00835849681628604	D:0.174464624456298	D:0.163810540476113	S:SMC3/PDS5B/RAD21/ESCO2	D:4	S:Establishment of sister chromatid cohesion	S:FALSE	N:	N:	N:	N:	N:	N:	N:	N:	N:	N:	N:	N:	N:
S:REACTOME_CHROMATIN_ORGANIZATION	S:REACTOME_CHROMATIN_ORGANIZATION	S:26/796	S:182/8971	D:0.142857142857143	D:1.61001435750179	D:2.5942683261454	D:0.0100596602282229	D:0.206223034678569	D:0.193629550257523	S:AEBP2/DNMT3A/ING3/ARID2/SMYD3/BRD7/SMARCE1/HDAC1/SAP18/DPF3/ACTL6A/MSL2/REST/HDAC2/BRD1/BRWD1/SUPT3H/BRPF3/MTA3/TADA1/SMYD2/EP400/RBBP4/KDM4C/SETD6/SS18L1	D:26	S:Chromatin organization	S:FALSE	N:	N:	N:	N:	N:	N:	N:	N:	N:	N:	N:	N:	N:
S:REACTOME_FOXO_MEDIATED_TRANSCRIPTION_OF_CELL_CYCLE_GENES	S:REACTOME_FOXO_MEDIATED_TRANSCRIPTION_OF_CELL_CYCLE_GENES	S:5/796	S:16/8971	D:0.3125	D:3.52190640703518	D:3.15039519179142	D:0.0103560452376216	D:0.208574384785782	D:0.195837309756685	S:BTG1/FOXO1/SMAD3/SMAD2/CCNG2	D:5	S:Foxo mediated transcription of cell cycle genes	S:FALSE	N:	N:	N:	N:	N:	N:	N:	N:	N:	N:	N:	N:	N:
S:REACTOME_MRNA_SPLICING	S:REACTOME_MRNA_SPLICING	S:28/796	S:201/8971	D:0.139303482587065	D:1.56996424910623	D:2.55008538500508	D:0.010821468478979	D:0.214190445066687	D:0.201110412386106	S:MFAP1/SRSF11/SRRM1/NSRP1/DDX46/SNRNP48/U2SURP/SRSF3/HNRNPK/SAP18/TCERG1/RBM17/HNRNPD/USP39/PPIG/NCBP1/HNRNPA2B1/HSPA8/HNRNPU/CRNKL1/PRPF38A/HNRNPR/PPIL1/SNRPA1/SRSF10/SNIP1/SF3B1/PPWD1	D:28	S:Mrna splicing	S:FALSE	N:	N:	N:	N:	N:	N:	N:	N:	N:	N:	N:	N:	N:
S:REACTOME_SLC_TRANSPORTER_DISORDERS	S:REACTOME_SLC_TRANSPORTER_DISORDERS	S:14/796	S:81/8971	D:0.17283950617284	D:1.94791860537254	D:2.6740624847391	D:0.0111998896212659	D:0.217923276020564	D:0.204615289423306	S:NUP107/NUP153/SLC24A1/TPR/NUP160/SEH1L/RANBP2/NUP50/SLC17A5/NUP62/SLC33A1/NUP133/SLC22A5/NUP205	D:14	S:Slc transporter disorders	S:FALSE	N:	N:	N:	N:	N:	N:	N:	N:	N:	N:	N:	N:	N:
S:REACTOME_POSITIVE_EPIGENETIC_REGULATION_OF_RRNA_EXPRESSION	S:REACTOME_POSITIVE_EPIGENETIC_REGULATION_OF_RRNA_EXPRESSION	S:9/796	S:43/8971	D:0.209302325581395	D:2.35885824471193	D:2.78702051463596	D:0.0117231456206212	D:0.222802127834131	D:0.209196202917798	S:POLR1B/ERCC6/HDAC1/TAF1B/HDAC2/TTF1/MTA3/RBBP4/SF3B1	D:9	S:Positive epigenetic regulation of rrna expression	S:FALSE	N:	N:	N:	N:	N:	N:	N:	N:	N:	N:	N:	N:	N:
S:REACTOME_MRNA_3_END_PROCESSING	S:REACTOME_MRNA_3_END_PROCESSING	S:22/796	S:149/8971	D:0.147651006711409	D:1.66404168493474	D:2.55043244800808	D:0.0118387890225453	D:0.222802127834131	D:0.209196202917798	S:NUDT21/SRSF11/SRRM1/DDX46/PAPOLG/U2SURP/SRSF3/HNRNPK/CSTF1/TCERG1/RBM17/HNRNPD/FYTTD1/CSTF3/NCBP1/HNRNPA2B1/RBBP6/HNRNPU/HNRNPR/SNRPA1/SRSF10/SF3B1	D:22	S:Mrna 3 end processing	S:FALSE	N:	N:	N:	N:	N:	N:	N:	N:	N:	N:	N:	N:	N:
S:REACTOME_CONDENSATION_OF_PROMETAPHASE_CHROMOSOMES	S:REACTOME_CONDENSATION_OF_PROMETAPHASE_CHROMOSOMES	S:4/796	S:11/8971	D:0.363636363636364	D:4.09821836455002	D:3.20821331066558	D:0.0122245494660958	D:0.224378516886033	D:0.210676326142764	S:SMC4/NCAPD2/CCNB1/SMC2	D:4	S:Condensation of prometaphase chromosomes	S:FALSE	N:	N:	N:	N:	N:	N:	N:	N:	N:	N:	N:	N:	N:
S:REACTOME_NUCLEAR_ENVELOPE_NE_REASSEMBLY	S:REACTOME_NUCLEAR_ENVELOPE_NE_REASSEMBLY	S:12/796	S:66/8971	D:0.181818181818182	D:2.04910918227501	D:2.66922121999183	D:0.0123134551949652	D:0.224378516886033	D:0.210676326142764	S:LBR/NUP107/AHCTF1/LEMD3/NUP160/SEH1L/NUP62/NUP133/CHMP2B/CCNB1/VRK1/NUP205	D:12	S:Nuclear envelope ne reassembly	S:FALSE	N:	N:	N:	N:	N:	N:	N:	N:	N:	N:	N:	N:	N:
S:REACTOME_DEPOSITION_OF_NEW_CENPA_CONTAINING_NUCLEOSOMES_AT_THE_CENTROMERE	S:REACTOME_DEPOSITION_OF_NEW_CENPA_CONTAINING_NUCLEOSOMES_AT_THE_CENTROMERE	S:6/796	S:23/8971	D:0.260869565217391	D:2.94002621804676	D:2.90681507733779	D:0.01299031842857	D:0.233013836812474	D:0.218784310375916	S:CENPL/RSF1/CENPN/MIS18BP1/RBBP4/NPM1	D:6	S:Deposition of new cenpa containing nucleosomes at the centromere	S:FALSE	N:	N:	N:	N:	N:	N:	N:	N:	N:	N:	N:	N:	N:
S:REACTOME_DISEASES_OF_DNA_REPAIR	S:REACTOME_DISEASES_OF_DNA_REPAIR	S:9/796	S:44/8971	D:0.204545454545455	D:2.30524783005939	D:2.70816689842788	D:0.0136119653033163	D:0.233377916516611	D:0.219126156714661	S:WRN/RPA1/MSH6/BRCA1/MLH1/RFC5/MSH3/ATR/BLM	D:9	S:Diseases of dna repair	S:FALSE	N:	N:	N:	N:	N:	N:	N:	N:	N:	N:	N:	N:	N:
S:REACTOME_COBALAMIN_CBL_VITAMIN_B12_TRANSPORT_AND_METABOLISM	S:REACTOME_COBALAMIN_CBL_VITAMIN_B12_TRANSPORT_AND_METABOLISM	S:5/796	S:17/8971	D:0.294117647058824	D:3.31473544191546	D:2.98075411208772	D:0.0136204881590705	D:0.233377916516611	D:0.219126156714661	S:PRSS1/MTR/MMACHC/LMBRD1/ABCD4	D:5	S:Cobalamin cbl vitamin b12 transport and metabolism	S:FALSE	N:	N:	N:	N:	N:	N:	N:	N:	N:	N:	N:	N:	N:
S:REACTOME_TRANSLESION_SYNTHESIS_BY_POLK	S:REACTOME_TRANSLESION_SYNTHESIS_BY_POLK	S:5/796	S:17/8971	D:0.294117647058824	D:3.31473544191546	D:2.98075411208772	D:0.0136204881590705	D:0.233377916516611	D:0.219126156714661	S:RPA1/REV3L/REV1/RFC5/PCNA	D:5	S:Translesion synthesis by polk	S:FALSE	N:	N:	N:	N:	N:	N:	N:	N:	N:	N:	N:	N:	N:
S:REACTOME_METABOLISM_OF_WATER_SOLUBLE_VITAMINS_AND_COFACTORS	S:REACTOME_METABOLISM_OF_WATER_SOLUBLE_VITAMINS_AND_COFACTORS	S:17/796	S:108/8971	D:0.157407407407407	D:1.77399730132142	D:2.52504908134661	D:0.0139140202466449	D:0.234901400634534	D:0.22055660576725	S:PRSS1/ENPP2/MTR/PARP8/MMACHC/AASDHPPT/MCCC1/SLC25A16/AOX1/LMBRD1/CD38/PARP16/GPHN/SLC25A32/SHMT1/ABCD4/NT5E	D:17	S:Metabolism of water soluble vitamins and cofactors	S:FALSE	N:	N:	N:	N:	N:	N:	N:	N:	N:	N:	N:	N:	N:
S:REACTOME_SARS_COV_2_INFECTION	S:REACTOME_SARS_COV_2_INFECTION	S:35/796	S:270/8971	D:0.12962962962963	D:1.46093895402941	D:2.39965929357883	D:0.0141665306291272	D:0.23569821974258	D:0.221304765281865	S:NUP107/TRIM4/NUP153/PIK3R4/TPR/PARP8/NUP160/TAB2/SEH1L/RANBP2/SRPK2/PIK3C3/GEMIN4/SEC24A/ST6GAL1/NUP50/GEMIN5/RPS28/SMN1/NUP62/VPS41/DDX20/CANX/MAN2A1/NUP133/MGAT4A/CHMP2B/PARP16/ISCU/RB1/SAR1B/TRAF6/NUP205/PTPN11/DAD1	D:35	S:Sars cov 2 infection	S:FALSE	N:	N:	N:	N:	N:	N:	N:	N:	N:	N:	N:	N:	N:
S:REACTOME_SEPARATION_OF_SISTER_CHROMATIDS	S:REACTOME_SEPARATION_OF_SISTER_CHROMATIDS	S:23/796	S:161/8971	D:0.142857142857143	D:1.61001435750179	D:2.43710317439783	D:0.0148959389658014	D:0.244293399039143	D:0.229375060165123	S:NUP107/CENPL/AHCTF1/KIF2A/SMC3/PDS5B/RAD21/NDC80/PSMD7/BUB3/NUP160/SEH1L/RANBP2/ZW10/NUP133/PSMA5/KNTC1/CENPE/PPP2CB/CENPN/CLASP2/NSL1/MAPRE1	D:23	S:Separation of sister chromatids	S:FALSE	N:	N:	N:	N:	N:	N:	N:	N:	N:	N:	N:	N:	N:
S:REACTOME_ISG15_ANTIVIRAL_MECHANISM	S:REACTOME_ISG15_ANTIVIRAL_MECHANISM	S:12/796	S:68/8971	D:0.176470588235294	D:1.98884126514928	D:2.55400489898826	D:0.0154823453415107	D:0.250334259888089	D:0.235047021937835	S:NUP107/NUP153/TPR/NUP160/SEH1L/RANBP2/EIF4G2/NUP50/NUP62/NUP133/KPNA4/NUP205	D:12	S:Isg15 antiviral mechanism	S:FALSE	N:	N:	N:	N:	N:	N:	N:	N:	N:	N:	N:	N:	N:
S:REACTOME_NEGATIVE_EPIGENETIC_REGULATION_OF_RRNA_EXPRESSION	S:REACTOME_NEGATIVE_EPIGENETIC_REGULATION_OF_RRNA_EXPRESSION	S:9/796	S:45/8971	D:0.2	D:2.25402010050251	D:2.63142616176663	D:0.0157170013909471	D:0.250598855511212	D:0.235295459420027	S:UBTF/SIRT1/POLR1B/HDAC1/SAP18/TAF1B/HDAC2/CDK7/TTF1	D:9	S:Negative epigenetic regulation of rrna expression	S:FALSE	N:	N:	N:	N:	N:	N:	N:	N:	N:	N:	N:	N:	N:
S:REACTOME_RESOLUTION_OF_AP_SITES_VIA_THE_MULTIPLE_NUCLEOTIDE_PATCH_REPLACEMENT_PATHWAY	S:REACTOME_RESOLUTION_OF_AP_SITES_VIA_THE_MULTIPLE_NUCLEOTIDE_PATCH_REPLACEMENT_PATHWAY	S:6/796	S:24/8971	D:0.25	D:2.81752512562814	D:2.78199407177123	D:0.016052888757961	D:0.252227096099351	D:0.236824267747786	S:PARP1/RPA1/POLE3/RFC5/PCNA/PARG	D:6	S:Resolution of ap sites via the multiple nucleotide patch replacement pathway	S:FALSE	N:	N:	N:	N:	N:	N:	N:	N:	N:	N:	N:	N:	N:
S:REACTOME_CHROMOSOME_MAINTENANCE	S:REACTOME_CHROMOSOME_MAINTENANCE	S:14/796	S:85/8971	D:0.164705882352941	D:1.85625184747266	D:2.47495156785905	D:0.0168058101905808	D:0.252227096099351	D:0.236824267747786	S:GAR1/WRN/RPA1/CENPL/RSF1/TERF1/CENPN/RFC5/PRIM1/PCNA/MIS18BP1/RBBP4/BLM/NPM1	D:14	S:Chromosome maintenance	S:FALSE	N:	N:	N:	N:	N:	N:	N:	N:	N:	N:	N:	N:	N:
S:REACTOME_DEFECTS_IN_COBALAMIN_B12_METABOLISM	S:REACTOME_DEFECTS_IN_COBALAMIN_B12_METABOLISM	S:4/796	S:12/8971	D:0.333333333333333	D:3.75670016750419	D:2.98166784688185	D:0.0170704911301597	D:0.252227096099351	D:0.236824267747786	S:MTR/MMACHC/LMBRD1/ABCD4	D:4	S:Defects in cobalamin b12 metabolism	S:FALSE	N:	N:	N:	N:	N:	N:	N:	N:	N:	N:	N:	N:	N:
S:REACTOME_GLUTAMATE_AND_GLUTAMINE_METABOLISM	S:REACTOME_GLUTAMATE_AND_GLUTAMINE_METABOLISM	S:4/796	S:12/8971	D:0.333333333333333	D:3.75670016750419	D:2.98166784688185	D:0.0170704911301597	D:0.252227096099351	D:0.236824267747786	S:ALDH18A1/GLS/GLS2/RIMKLB	D:4	S:Glutamate and glutamine metabolism	S:FALSE	N:	N:	N:	N:	N:	N:	N:	N:	N:	N:	N:	N:	N:
S:REACTOME_MITOTIC_TELOPHASE_CYTOKINESIS	S:REACTOME_MITOTIC_TELOPHASE_CYTOKINESIS	S:4/796	S:12/8971	D:0.333333333333333	D:3.75670016750419	D:2.98166784688185	D:0.0170704911301597	D:0.252227096099351	D:0.236824267747786	S:SMC3/PDS5B/RAD21/NIPBL	D:4	S:Mitotic telophase cytokinesis	S:FALSE	N:	N:	N:	N:	N:	N:	N:	N:	N:	N:	N:	N:	N:
S:REACTOME_REGULATION_OF_ENDOGENOUS_RETROELEMENTS	S:REACTOME_REGULATION_OF_ENDOGENOUS_RETROELEMENTS	S:13/796	S:77/8971	D:0.168831168831169	D:1.90274424068394	D:2.48239221821957	D:0.0171373810938583	D:0.252227096099351	D:0.236824267747786	S:ZNF425/DNMT3A/SMARCE1/HDAC1/ZNF28/DPF3/ACTL6A/HDAC2/ZNF264/MTA3/RBBP4/PPHLN1/SS18L1	D:13	S:Regulation of endogenous retroelements	S:FALSE	N:	N:	N:	N:	N:	N:	N:	N:	N:	N:	N:	N:	N:
S:REACTOME_TRANSCRIPTION_OF_E2F_TARGETS_UNDER_NEGATIVE_CONTROL_BY_DREAM_COMPLEX	S:REACTOME_TRANSCRIPTION_OF_E2F_TARGETS_UNDER_NEGATIVE_CONTROL_BY_DREAM_COMPLEX	S:5/796	S:18/8971	D:0.277777777777778	D:3.13058347292016	D:2.82331534694632	D:0.0175122598524468	D:0.254481953298848	D:0.238941426900807	S:TOP2A/HDAC1/PCNA/RBBP4/RBL1	D:5	S:Transcription of e2f targets under negative control by dream complex	S:FALSE	N:	N:	N:	N:	N:	N:	N:	N:	N:	N:	N:	N:	N:
S:REACTOME_ANCHORING_OF_THE_BASAL_BODY_TO_THE_PLASMA_MEMBRANE	S:REACTOME_ANCHORING_OF_THE_BASAL_BODY_TO_THE_PLASMA_MEMBRANE	S:14/796	S:86/8971	D:0.162790697674419	D:1.83466752366484	D:2.42684980969894	D:0.0184943250403263	D:0.262463788258013	D:0.246435832730795	S:CEP192/CEP97/PCM1/CEP70/RPGRIP1L/TCTN1/ALMS1/HAUS3/CEP152/TCTN3/CEP72/C2CD3/MAPRE1/CEP76	D:14	S:Anchoring of the basal body to the plasma membrane	S:FALSE	N:	N:	N:	N:	N:	N:	N:	N:	N:	N:	N:	N:	N:
S:REACTOME_DENGUE_VIRUS_HOST_INTERACTIONS	S:REACTOME_DENGUE_VIRUS_HOST_INTERACTIONS	S:29/796	S:219/8971	D:0.132420091324201	D:1.49238773777564	D:2.30188968363888	D:0.0185187864537448	D:0.262463788258013	D:0.246435832730795	S:RTF1/NUDT21/SRSF11/SRRM1/DDX46/PIK3R4/U2SURP/SRSF3/HNRNPK/CSTF1/PIK3C3/RBM17/HNRNPD/EXOC1/CTR9/CSTF3/CDC73/NFKBIA/NCBP1/HNRNPA2B1/HSPA8/HNRNPU/CRNKL1/RPL18/HNRNPR/PPIL1/SNRPA1/CAMK2D/SF3B1	D:29	S:Dengue virus host interactions	S:FALSE	N:	N:	N:	N:	N:	N:	N:	N:	N:	N:	N:	N:	N:
S:REACTOME_HIV_INFECTION	S:REACTOME_HIV_INFECTION	S:27/796	S:201/8971	D:0.134328358208955	D:1.51389409735243	D:2.29922109878611	D:0.0190087442690872	D:0.266122419767221	D:0.249871041483251	S:TAF2/NUP107/TAF3/RNGTT/AP1S3/NUP153/SSRP1/PSMD7/TPR/NUP160/SEH1L/RANBP2/NUP50/NUP62/TAF4/NMT2/NUP133/PSMA5/CDK7/CHMP2B/PSIP1/NCBP1/CXCR4/SUPT16H/NUP205/NPM1/TAF6	D:27	S:Hiv infection	S:FALSE	N:	N:	N:	N:	N:	N:	N:	N:	N:	N:	N:	N:	N:
S:REACTOME_TELOMERE_C_STRAND_LAGGING_STRAND_SYNTHESIS	S:REACTOME_TELOMERE_C_STRAND_LAGGING_STRAND_SYNTHESIS	S:7/796	S:32/8971	D:0.21875	D:2.46533448492462	D:2.59105221851709	D:0.0198632011720408	D:0.274734396933769	D:0.257957108435888	S:WRN/RPA1/TERF1/RFC5/PRIM1/PCNA/BLM	D:7	S:Telomere c strand lagging strand synthesis	S:FALSE	N:	N:	N:	N:	N:	N:	N:	N:	N:	N:	N:	N:	N:
S:REACTOME_PROCESSIVE_SYNTHESIS_ON_THE_C_STRAND_OF_THE_TELOMERE	S:REACTOME_PROCESSIVE_SYNTHESIS_ON_THE_C_STRAND_OF_THE_TELOMERE	S:5/796	S:19/8971	D:0.263157894736842	D:2.96581592171383	D:2.6765076354643	D:0.0220738874800902	D:0.291963957976399	D:0.274134506664068	S:WRN/RPA1/TERF1/PCNA/BLM	D:5	S:Processive synthesis on the c strand of the telomere	S:FALSE	N:	N:	N:	N:	N:	N:	N:	N:	N:	N:	N:	N:	N:
S:REACTOME_REGULATION_OF_TP53_ACTIVITY_THROUGH_PHOSPHORYLATION	S:REACTOME_REGULATION_OF_TP53_ACTIVITY_THROUGH_PHOSPHORYLATION	S:14/796	S:88/8971	D:0.159090909090909	D:1.79297053449064	D:2.33253102859692	D:0.022253548838373	D:0.291963957976399	D:0.274134506664068	S:WRN/RPA1/TAF2/TAF3/SSRP1/DYRK2/TAF4/BRCA1/SUPT16H/RFC5/ATR/BLM/PRKAB2/TAF6	D:14	S:Regulation of tp53 activity through phosphorylation	S:FALSE	N:	N:	N:	N:	N:	N:	N:	N:	N:	N:	N:	N:	N:
S:REACTOME_DNA_REPAIR	S:REACTOME_DNA_REPAIR	S:33/796	S:260/8971	D:0.126923076923077	D:1.43043583301121	D:2.19770785404807	D:0.0223623679972142	D:0.291963957976399	D:0.274134506664068	S:PARP1/WRN/RPA1/REV3L/YY1/ERCC6/POLE3/ERCC5/DCLRE1A/FIGNL1/ACTL6A/PAXIP1/TERF1/USP1/MSH6/CDK7/TDP1/RCHY1/BRCA1/FANCD2/MLH1/ERCC4/REV1/RFC5/FANCF/USP7/MSH3/PCNA/PARG/ASCC3/ATR/BLM/TDG	D:33	S:Dna repair	S:FALSE	N:	N:	N:	N:	N:	N:	N:	N:	N:	N:	N:	N:	N:
S:REACTOME_REGULATION_OF_RUNX1_EXPRESSION_AND_ACTIVITY	S:REACTOME_REGULATION_OF_RUNX1_EXPRESSION_AND_ACTIVITY	S:4/796	S:13/8971	D:0.307692307692308	D:3.46772323154233	D:2.77825094953108	D:0.0229605540940932	D:0.291963957976399	D:0.274134506664068	S:TNRC6C/CBFB/PTPN11/CDK6	D:4	S:Regulation of runx1 expression and activity	S:FALSE	N:	N:	N:	N:	N:	N:	N:	N:	N:	N:	N:	N:	N:
S:REACTOME_TRANSLATION_OF_REPLICASE_AND_ASSEMBLY_OF_THE_REPLICATION_TRANSCRIPTION_COMPLEX	S:REACTOME_TRANSLATION_OF_REPLICASE_AND_ASSEMBLY_OF_THE_REPLICATION_TRANSCRIPTION_COMPLEX	S:4/796	S:13/8971	D:0.307692307692308	D:3.46772323154233	D:2.77825094953108	D:0.0229605540940932	D:0.291963957976399	D:0.274134506664068	S:PIK3R4/PIK3C3/CHMP2B/ISCU	D:4	S:Translation of replicase and assembly of the replication transcription complex	S:FALSE	N:	N:	N:	N:	N:	N:	N:	N:	N:	N:	N:	N:	N:
S:REACTOME_FANCONI_ANEMIA_PATHWAY	S:REACTOME_FANCONI_ANEMIA_PATHWAY	S:7/796	S:33/8971	D:0.212121212121212	D:2.39062737932085	D:2.49721793418135	D:0.023341483072944	D:0.291963957976399	D:0.274134506664068	S:RPA1/DCLRE1A/USP1/FANCD2/ERCC4/FANCF/ATR	D:7	S:Fanconi anemia pathway	S:FALSE	N:	N:	N:	N:	N:	N:	N:	N:	N:	N:	N:	N:	N:
S:REACTOME_HDR_THROUGH_SINGLE_STRAND_ANNEALING_SSA	S:REACTOME_HDR_THROUGH_SINGLE_STRAND_ANNEALING_SSA	S:7/796	S:33/8971	D:0.212121212121212	D:2.39062737932085	D:2.49721793418135	D:0.023341483072944	D:0.291963957976399	D:0.274134506664068	S:WRN/RPA1/BRCA1/ERCC4/RFC5/ATR/BLM	D:7	S:Hdr through single strand annealing ssa	S:FALSE	N:	N:	N:	N:	N:	N:	N:	N:	N:	N:	N:	N:	N:
S:REACTOME_G0_AND_EARLY_G1	S:REACTOME_G0_AND_EARLY_G1	S:6/796	S:26/8971	D:0.230769230769231	D:2.60079242365675	D:2.55058849534731	D:0.0235991609467273	D:0.291963957976399	D:0.274134506664068	S:TOP2A/HDAC1/CCNE1/PCNA/RBBP4/RBL1	D:6	S:G0 and early g1	S:FALSE	N:	N:	N:	N:	N:	N:	N:	N:	N:	N:	N:	N:	N:
S:REACTOME_GLUCOSE_METABOLISM	S:REACTOME_GLUCOSE_METABOLISM	S:12/796	S:72/8971	D:0.166666666666667	D:1.87835008375209	D:2.33492086784881	D:0.0236226121139198	D:0.291963957976399	D:0.274134506664068	S:NUP107/NUP153/TPR/NUP160/SEH1L/RANBP2/NUP50/NUP62/NUP133/PPP2CB/PFKM/NUP205	D:12	S:Glucose metabolism	S:FALSE	N:	N:	N:	N:	N:	N:	N:	N:	N:	N:	N:	N:	N:
S:REACTOME_METABOLISM_OF_VITAMINS_AND_COFACTORS	S:REACTOME_METABOLISM_OF_VITAMINS_AND_COFACTORS	S:23/796	S:168/8971	D:0.136904761904762	D:1.54293042593922	D:2.21662560164475	D:0.0236521324841508	D:0.291963957976399	D:0.274134506664068	S:PRSS1/LRP12/ENPP2/MTR/PARP8/MMACHC/AASDHPPT/HPDL/MCCC1/ACO1/VKORC1L1/SLC25A16/AOX1/LMBRD1/CD38/PARP16/PDSS2/GPHN/COQ3/SLC25A32/SHMT1/ABCD4/NT5E	D:23	S:Metabolism of vitamins and cofactors	S:FALSE	N:	N:	N:	N:	N:	N:	N:	N:	N:	N:	N:	N:	N:
S:REACTOME_RHO_GTPASE_EFFECTORS	S:REACTOME_RHO_GTPASE_EFFECTORS	S:31/796	S:244/8971	D:0.127049180327869	D:1.43185703105692	D:2.13408294295936	D:0.0259295473221169	D:0.316671492827556	D:0.297333219012853	S:NUP107/CENPL/DAAM1/AHCTF1/KIF2A/NDC80/PIK3R4/BUB3/SCAI/NUP160/SEH1L/RANBP2/PIK3C3/ABI2/ZW10/PKN2/FMNL3/NUP133/KTN1/KNTC1/CENPE/PPP2CB/CENPN/CLASP2/RTKN/PRKCB/NSL1/PTK2/PRKCA/KDM4C/MAPRE1	D:31	S:Rho gtpase effectors	S:FALSE	N:	N:	N:	N:	N:	N:	N:	N:	N:	N:	N:	N:	N:
S:REACTOME_SARS_COV_2_HOST_INTERACTIONS	S:REACTOME_SARS_COV_2_HOST_INTERACTIONS	S:24/796	S:179/8971	D:0.134078212290503	D:1.51107492771118	D:2.15514316988147	D:0.026480313786168	D:0.317049755633049	D:0.297688382329215	S:NUP107/TRIM4/NUP153/PIK3R4/TPR/NUP160/TAB2/SEH1L/RANBP2/PIK3C3/GEMIN4/SEC24A/NUP50/GEMIN5/RPS28/SMN1/NUP62/VPS41/DDX20/NUP133/SAR1B/TRAF6/NUP205/PTPN11	D:24	S:Sars cov 2 host interactions	S:FALSE	N:	N:	N:	N:	N:	N:	N:	N:	N:	N:	N:	N:	N:
S:REACTOME_HCMV_EARLY_EVENTS	S:REACTOME_HCMV_EARLY_EVENTS	S:11/796	S:65/8971	D:0.169230769230769	D:1.90724777734828	D:2.29060455788977	D:0.0266392591779528	D:0.317049755633049	D:0.297688382329215	S:NUP107/NUP153/TPR/NUP160/SEH1L/RANBP2/NUP50/NUP62/NUP133/NUP205/RBBP4	D:11	S:Hcmv early events	S:FALSE	N:	N:	N:	N:	N:	N:	N:	N:	N:	N:	N:	N:	N:
S:REACTOME_DISORDERS_OF_TRANSMEMBRANE_TRANSPORTERS	S:REACTOME_DISORDERS_OF_TRANSMEMBRANE_TRANSPORTERS	S:20/796	S:143/8971	D:0.13986013986014	D:1.57623783251924	D:2.16744207326731	D:0.0271975615519796	D:0.317049755633049	D:0.297688382329215	S:NUP107/NUP153/SLC24A1/PSMD7/TPR/NUP160/SEH1L/RANBP2/NUP50/SEL1L/SLC17A5/NUP62/SLC33A1/LMBRD1/NUP133/PSMA5/SLC22A5/NUP205/ABCD4/ERLIN2	D:20	S:Disorders of transmembrane transporters	S:FALSE	N:	N:	N:	N:	N:	N:	N:	N:	N:	N:	N:	N:	N:
S:REACTOME_CLASS_I_PEROXISOMAL_MEMBRANE_PROTEIN_IMPORT	S:REACTOME_CLASS_I_PEROXISOMAL_MEMBRANE_PROTEIN_IMPORT	S:5/796	S:20/8971	D:0.25	D:2.81752512562814	D:2.53903400453278	D:0.0273413987871706	D:0.317049755633049	D:0.297688382329215	S:PEX12/ABCD3/SLC25A17/GDAP1/ACBD5	D:5	S:Class i peroxisomal membrane protein import	S:FALSE	N:	N:	N:	N:	N:	N:	N:	N:	N:	N:	N:	N:	N:
S:REACTOME_DEFECTS_IN_VITAMIN_AND_COFACTOR_METABOLISM	S:REACTOME_DEFECTS_IN_VITAMIN_AND_COFACTOR_METABOLISM	S:5/796	S:20/8971	D:0.25	D:2.81752512562814	D:2.53903400453278	D:0.0273413987871706	D:0.317049755633049	D:0.297688382329215	S:MTR/MMACHC/MCCC1/LMBRD1/ABCD4	D:5	S:Defects in vitamin and cofactor metabolism	S:FALSE	N:	N:	N:	N:	N:	N:	N:	N:	N:	N:	N:	N:	N:
S:REACTOME_PRC2_METHYLATES_HISTONES_AND_DNA	S:REACTOME_PRC2_METHYLATES_HISTONES_AND_DNA	S:4/796	S:14/8971	D:0.285714285714286	D:3.22002871500359	D:2.59388189197662	D:0.0299406534926782	D:0.343718702095946	D:0.322728728173711	S:AEBP2/DNMT3A/JARID2/RBBP4	D:4	S:Prc2 methylates histones and dna	S:FALSE	N:	N:	N:	N:	N:	N:	N:	N:	N:	N:	N:	N:	N:
S:REACTOME_ATP_DEPENDENT_CHROMATIN_REMODELERS	S:REACTOME_ATP_DEPENDENT_CHROMATIN_REMODELERS	S:6/796	S:28/8971	D:0.214285714285714	D:2.41502153625269	D:2.33996480211748	D:0.0332121235794329	D:0.36682408691979	D:0.344423129475394	S:ARID2/BRD7/SMARCE1/DPF3/ACTL6A/SS18L1	D:6	S:Atp dependent chromatin remodelers	S:FALSE	N:	N:	N:	N:	N:	N:	N:	N:	N:	N:	N:	N:	N:
S:REACTOME_G1_S_SPECIFIC_TRANSCRIPTION	S:REACTOME_G1_S_SPECIFIC_TRANSCRIPTION	S:6/796	S:28/8971	D:0.214285714285714	D:2.41502153625269	D:2.33996480211748	D:0.0332121235794329	D:0.36682408691979	D:0.344423129475394	S:HDAC1/CCNE1/PCNA/FBXO5/RBBP4/RBL1	D:6	S:G1 s specific transcription	S:FALSE	N:	N:	N:	N:	N:	N:	N:	N:	N:	N:	N:	N:	N:
S:REACTOME_REGULATION_OF_TP53_ACTIVITY_THROUGH_ACETYLATION	S:REACTOME_REGULATION_OF_TP53_ACTIVITY_THROUGH_ACETYLATION	S:6/796	S:28/8971	D:0.214285714285714	D:2.41502153625269	D:2.33996480211748	D:0.0332121235794329	D:0.36682408691979	D:0.344423129475394	S:BRD7/HDAC1/HDAC2/BRD1/BRPF3/RBBP4	D:6	S:Regulation of tp53 activity through acetylation	S:FALSE	N:	N:	N:	N:	N:	N:	N:	N:	N:	N:	N:	N:	N:
S:REACTOME_MITOTIC_G1_PHASE_AND_G1_S_TRANSITION	S:REACTOME_MITOTIC_G1_PHASE_AND_G1_S_TRANSITION	S:19/796	S:137/8971	D:0.138686131386861	D:1.56300663903459	D:2.07206787224532	D:0.0332314503829775	D:0.36682408691979	D:0.344423129475394	S:RPA1/TOP2A/HDAC1/PSMD7/POLE3/E2F3/PSMA5/CDK7/MCM7/CCNE1/PPP2CB/CCNB1/RB1/PRIM1/PCNA/FBXO5/RBBP4/RBL1/CDK6	D:19	S:Mitotic g1 phase and g1 s transition	S:FALSE	N:	N:	N:	N:	N:	N:	N:	N:	N:	N:	N:	N:	N:
S:REACTOME_SIGNALING_BY_ALK_IN_CANCER	S:REACTOME_SIGNALING_BY_ALK_IN_CANCER	S:13/796	S:85/8971	D:0.152941176470588	D:1.72366242979604	D:2.09170873091936	D:0.035968189443248	D:0.38511132467134	D:0.361593614949067	S:PPFIBP1/EML4/JUN/HDAC1/TPR/RANBP2/TNRC6C/CCNB1/IRS1/RB1/GCC2/EIF2AK3/NPM1	D:13	S:Signaling by alk in cancer	S:FALSE	N:	N:	N:	N:	N:	N:	N:	N:	N:	N:	N:	N:	N:
S:REACTOME_RUNX1_INTERACTS_WITH_CO_FACTORS_WHOSE_PRECISE_EFFECT_ON_RUNX1_TARGETS_IS_NOT_KNOWN	S:REACTOME_RUNX1_INTERACTS_WITH_CO_FACTORS_WHOSE_PRECISE_EFFECT_ON_RUNX1_TARGETS_IS_NOT_KNOWN	S:7/796	S:36/8971	D:0.194444444444444	D:2.19140843104411	D:2.23497935474031	D:0.0362299852478264	D:0.38511132467134	D:0.361593614949067	S:ARID2/SMARCE1/AUTS2/ACTL6A/YAF2/CBFB/BMI1	D:7	S:Runx1 interacts with co factors whose precise effect on runx1 targets is not known	S:FALSE	N:	N:	N:	N:	N:	N:	N:	N:	N:	N:	N:	N:	N:
S:REACTOME_TRANSLESION_SYNTHESIS_BY_Y_FAMILY_DNA_POLYMERASES_BYPASSES_LESIONS_ON_DNA_TEMPLATE	S:REACTOME_TRANSLESION_SYNTHESIS_BY_Y_FAMILY_DNA_POLYMERASES_BYPASSES_LESIONS_ON_DNA_TEMPLATE	S:7/796	S:36/8971	D:0.194444444444444	D:2.19140843104411	D:2.23497935474031	D:0.0362299852478264	D:0.38511132467134	D:0.361593614949067	S:RPA1/REV3L/POLE3/RCHY1/REV1/RFC5/PCNA	D:7	S:Translesion synthesis by y family dna polymerases bypasses lesions on dna template	S:FALSE	N:	N:	N:	N:	N:	N:	N:	N:	N:	N:	N:	N:	N:
S:REACTOME_TRNA_MODIFICATION_IN_THE_NUCLEUS_AND_CYTOSOL	S:REACTOME_TRNA_MODIFICATION_IN_THE_NUCLEUS_AND_CYTOSOL	S:7/796	S:36/8971	D:0.194444444444444	D:2.19140843104411	D:2.23497935474031	D:0.0362299852478264	D:0.38511132467134	D:0.361593614949067	S:TRMT6/NSUN2/TRMT112/THADA/TYW1/ADAT2/TYW5	D:7	S:Trna modification in the nucleus and cytosol	S:FALSE	N:	N:	N:	N:	N:	N:	N:	N:	N:	N:	N:	N:	N:
S:REACTOME_BASE_EXCISION_REPAIR	S:REACTOME_BASE_EXCISION_REPAIR	S:8/796	S:44/8971	D:0.181818181818182	D:2.04910918227501	D:2.17672283748953	D:0.0374592459559558	D:0.391155312360916	D:0.367268512614687	S:PARP1/RPA1/POLE3/TERF1/RFC5/PCNA/PARG/TDG	D:8	S:Base excision repair	S:FALSE	N:	N:	N:	N:	N:	N:	N:	N:	N:	N:	N:	N:	N:
S:REACTOME_TRANSCRIPTIONAL_REGULATION_BY_RUNX1	S:REACTOME_TRANSCRIPTIONAL_REGULATION_BY_RUNX1	S:20/796	S:148/8971	D:0.135135135135135	D:1.52298655439359	D:2.0018065982839	D:0.0374800386408543	D:0.391155312360916	D:0.367268512614687	S:ELF1/ITCH/ARID2/SMARCE1/HDAC1/PSMD7/PAX5/AUTS2/ACTL6A/TNRC6C/PSMA5/CDK7/TCF12/YAF2/CBFB/PRKCB/PRKCQ/PTPN11/BMI1/CDK6	D:20	S:Transcriptional regulation by runx1	S:FALSE	N:	N:	N:	N:	N:	N:	N:	N:	N:	N:	N:	N:	N:
S:REACTOME_HCMV_INFECTION	S:REACTOME_HCMV_INFECTION	S:13/796	S:86/8971	D:0.151162790697674	D:1.70361984340306	D:2.04582020343325	D:0.0390799735150012	D:0.404178464821814	D:0.379496376286024	S:NUP107/NUP153/TPR/HNRNPK/NUP160/SEH1L/RANBP2/NUP50/NUP62/NUP133/CHMP2B/NUP205/RBBP4	D:13	S:Hcmv infection	S:FALSE	N:	N:	N:	N:	N:	N:	N:	N:	N:	N:	N:	N:	N:
S:REACTOME_INSULIN_PROCESSING	S:REACTOME_INSULIN_PROCESSING	S:5/796	S:22/8971	D:0.227272727272727	D:2.56138647784376	D:2.28793338247685	D:0.0401034843458476	D:0.407423009106487	D:0.382542785003707	S:EXOC1/EXOC8/EXOC5/SLC30A5/MYO5A	D:5	S:Insulin processing	S:FALSE	N:	N:	N:	N:	N:	N:	N:	N:	N:	N:	N:	N:	N:
S:REACTOME_MEIOTIC_RECOMBINATION	S:REACTOME_MEIOTIC_RECOMBINATION	S:5/796	S:22/8971	D:0.227272727272727	D:2.56138647784376	D:2.28793338247685	D:0.0401034843458476	D:0.407423009106487	D:0.382542785003707	S:RPA1/FIGNL1/BRCA1/MLH1/BLM	D:5	S:Meiotic recombination	S:FALSE	N:	N:	N:	N:	N:	N:	N:	N:	N:	N:	N:	N:	N:
S:REACTOME_PROTEIN_UBIQUITINATION	S:REACTOME_PROTEIN_UBIQUITINATION	S:10/796	S:61/8971	D:0.163934426229508	D:1.84755745942829	D:2.07254558120613	D:0.0408268205291609	D:0.409672843399304	D:0.38465522798541	S:RTF1/PEX12/UBE2Q2/UBE2K/CTR9/SHPRH/CDC73/HLTF/USP7/PCNA	D:10	S:Protein ubiquitination	S:FALSE	N:	N:	N:	N:	N:	N:	N:	N:	N:	N:	N:	N:	N:
S:REACTOME_ASSOCIATION_OF_TRIC_CCT_WITH_TARGET_PROTEINS_DURING_BIOSYNTHESIS	S:REACTOME_ASSOCIATION_OF_TRIC_CCT_WITH_TARGET_PROTEINS_DURING_BIOSYNTHESIS	S:7/796	S:37/8971	D:0.189189189189189	D:2.13218117615103	D:2.15329083854482	D:0.0413955137929611	D:0.409672843399304	D:0.38465522798541	S:CCT5/TCP1/FBXL3/CCT4/NOP56/CCNE1/AP3M1	D:7	S:Association of tric cct with target proteins during biosynthesis	S:FALSE	N:	N:	N:	N:	N:	N:	N:	N:	N:	N:	N:	N:	N:
S:REACTOME_RESOLUTION_OF_ABASIC_SITES_AP_SITES	S:REACTOME_RESOLUTION_OF_ABASIC_SITES_AP_SITES	S:7/796	S:37/8971	D:0.189189189189189	D:2.13218117615103	D:2.15329083854482	D:0.0413955137929611	D:0.409672843399304	D:0.38465522798541	S:PARP1/RPA1/POLE3/RFC5/PCNA/PARG/TDG	D:7	S:Resolution of abasic sites ap sites	S:FALSE	N:	N:	N:	N:	N:	N:	N:	N:	N:	N:	N:	N:	N:
S:REACTOME_MEIOSIS	S:REACTOME_MEIOSIS	S:9/796	S:53/8971	D:0.169811320754717	D:1.91379065137006	D:2.08189962118666	D:0.0418307315532765	D:0.410169424028909	D:0.385121483775539	S:RPA1/SMC3/RAD21/FIGNL1/TERF1/BRCA1/MLH1/ATR/BLM	D:9	S:Meiosis	S:FALSE	N:	N:	N:	N:	N:	N:	N:	N:	N:	N:	N:	N:	N:
S:REACTOME_DNA_DAMAGE_BYPASS	S:REACTOME_DNA_DAMAGE_BYPASS	S:8/796	S:45/8971	D:0.177777777777778	D:2.0035734226689	D:2.10589077368567	D:0.0421602718078496	D:0.410169424028909	D:0.385121483775539	S:RPA1/REV3L/POLE3/USP1/RCHY1/REV1/RFC5/PCNA	D:8	S:Dna damage bypass	S:FALSE	N:	N:	N:	N:	N:	N:	N:	N:	N:	N:	N:	N:	N:
S:REACTOME_RHOA_GTPASE_CYCLE	S:REACTOME_RHOA_GTPASE_CYCLE	S:18/796	S:133/8971	D:0.135338345864662	D:1.52527675973854	D:1.90434610930606	D:0.0460961437740208	D:0.44459258034678	D:0.417442510796903	S:LBR/DAAM1/TAGAP/PGRMC2/ABCD3/FAF2/PKN2/MYO9A/FMNL3/ARHGEF4/KTN1/TMEM87A/ARHGEF3/SCFD1/RTKN/LMAN1/ARAP2/ACBD5	D:18	S:Rhoa gtpase cycle	S:FALSE	N:	N:	N:	N:	N:	N:	N:	N:	N:	N:	N:	N:	N:
S:REACTOME_SYNTHESIS_OF_PIPS_AT_THE_EARLY_ENDOSOME_MEMBRANE	S:REACTOME_SYNTHESIS_OF_PIPS_AT_THE_EARLY_ENDOSOME_MEMBRANE	S:4/796	S:16/8971	D:0.25	D:2.81752512562814	D:2.27047379742793	D:0.0472665078153681	D:0.44459258034678	D:0.417442510796903	S:PIK3R4/INPP4B/PIK3C3/MTMR2	D:4	S:Synthesis of pips at the early endosome membrane	S:FALSE	N:	N:	N:	N:	N:	N:	N:	N:	N:	N:	N:	N:	N:
S:REACTOME_BBSOME_MEDIATED_CARGO_TARGETING_TO_CILIUM	S:REACTOME_BBSOME_MEDIATED_CARGO_TARGETING_TO_CILIUM	S:5/796	S:23/8971	D:0.217391304347826	D:2.4500218483723	D:2.17262289143776	D:0.0476349193228692	D:0.44459258034678	D:0.417442510796903	S:CCT5/TTC8/TCP1/CCT4/BBS2	D:5	S:Bbsome mediated cargo targeting to cilium	S:FALSE	N:	N:	N:	N:	N:	N:	N:	N:	N:	N:	N:	N:	N:
S:REACTOME_FOXO_MEDIATED_TRANSCRIPTION_OF_OXIDATIVE_STRESS_METABOLIC_AND_NEURONAL_GENES	S:REACTOME_FOXO_MEDIATED_TRANSCRIPTION_OF_OXIDATIVE_STRESS_METABOLIC_AND_NEURONAL_GENES	S:5/796	S:23/8971	D:0.217391304347826	D:2.4500218483723	D:2.17262289143776	D:0.0476349193228692	D:0.44459258034678	D:0.417442510796903	S:HDAC1/FOXO1/SMAD3/HDAC2/SMAD2	D:5	S:Foxo mediated transcription of oxidative stress metabolic and neuronal genes	S:FALSE	N:	N:	N:	N:	N:	N:	N:	N:	N:	N:	N:	N:	N:
S:REACTOME_TRNA_AMINOACYLATION	S:REACTOME_TRNA_AMINOACYLATION	S:5/796	S:23/8971	D:0.217391304347826	D:2.4500218483723	D:2.17262289143776	D:0.0476349193228692	D:0.44459258034678	D:0.417442510796903	S:IARS2/LARS2/FARSB/EARS2/FARS2	D:5	S:Trna aminoacylation	S:FALSE	N:	N:	N:	N:	N:	N:	N:	N:	N:	N:	N:	N:	N:
S:REACTOME_CELL_CYCLE_CHECKPOINTS	S:REACTOME_CELL_CYCLE_CHECKPOINTS	S:29/796	S:238/8971	D:0.121848739495798	D:1.37324754022212	D:1.82101103475253	D:0.0487000723689854	D:0.45086841193222	D:0.423335094277089	S:WRN/RPA1/NUP107/CENPL/AHCTF1/KIF2A/NDC80/PSMD7/BUB3/NUP160/SEH1L/RANBP2/ZW10/NUP133/PSMA5/MCM7/CCNE1/BRCA1/KNTC1/CENPE/PPP2CB/CCNB1/CENPN/RFC5/CLASP2/NSL1/ATR/BLM/MAPRE1	D:29	S:Cell cycle checkpoints	S:FALSE	N:	N:	N:	N:	N:	N:	N:	N:	N:	N:	N:	N:	N:
S:REACTOME_NUCLEAR_RNA_DECAY	S:REACTOME_NUCLEAR_RNA_DECAY	S:6/796	S:31/8971	D:0.193548387096774	D:2.18130977467985	D:2.05581845207422	D:0.0518411050374098	D:0.470457444214217	D:0.441727877200952	S:PAPOLG/NCBP1/ZFC3H1/ZCCHC7/WDR82/RBM27	D:6	S:Nuclear rna decay	S:FALSE	N:	N:	N:	N:	N:	N:	N:	N:	N:	N:	N:	N:	N:
S:REACTOME_FOLDING_OF_ACTIN_BY_CCT_TRIC	S:REACTOME_FOLDING_OF_ACTIN_BY_CCT_TRIC	S:3/796	S:10/8971	D:0.3	D:3.38103015075377	D:2.35069092623873	D:0.052045379281538	D:0.470457444214217	D:0.441727877200952	S:CCT5/TCP1/CCT4	D:3	S:Folding of actin by cct tric	S:FALSE	N:	N:	N:	N:	N:	N:	N:	N:	N:	N:	N:	N:	N:
S:REACTOME_REGULATION_OF_FOXO_TRANSCRIPTIONAL_ACTIVITY_BY_ACETYLATION	S:REACTOME_REGULATION_OF_FOXO_TRANSCRIPTIONAL_ACTIVITY_BY_ACETYLATION	S:3/796	S:10/8971	D:0.3	D:3.38103015075377	D:2.35069092623873	D:0.052045379281538	D:0.470457444214217	D:0.441727877200952	S:TXNIP/SIRT1/FOXO1	D:3	S:Regulation of foxo transcriptional activity by acetylation	S:FALSE	N:	N:	N:	N:	N:	N:	N:	N:	N:	N:	N:	N:	N:
S:REACTOME_ABERRANT_REGULATION_OF_MITOTIC_G1_S_TRANSITION_IN_CANCER_DUE_TO_RB1_DEFECTS	S:REACTOME_ABERRANT_REGULATION_OF_MITOTIC_G1_S_TRANSITION_IN_CANCER_DUE_TO_RB1_DEFECTS	S:4/796	S:17/8971	D:0.235294117647059	D:2.65178835353237	D:2.12705730336764	D:0.0576191292480751	D:0.504937102112902	D:0.474101955404009	S:E2F3/CCNE1/RB1/CDK6	D:4	S:Aberrant regulation of mitotic g1 s transition in cancer due to rb1 defects	S:FALSE	N:	N:	N:	N:	N:	N:	N:	N:	N:	N:	N:	N:	N:
S:REACTOME_MITOCHONDRIAL_TRNA_AMINOACYLATION	S:REACTOME_MITOCHONDRIAL_TRNA_AMINOACYLATION	S:4/796	S:17/8971	D:0.235294117647059	D:2.65178835353237	D:2.12705730336764	D:0.0576191292480751	D:0.504937102112902	D:0.474101955404009	S:IARS2/LARS2/EARS2/FARS2	D:4	S:Mitochondrial trna aminoacylation	S:FALSE	N:	N:	N:	N:	N:	N:	N:	N:	N:	N:	N:	N:	N:
S:REACTOME_REGULATION_OF_MITF_M_DEPENDENT_GENES_INVOLVED_IN_CELL_CYCLE_AND_PROLIFERATION	S:REACTOME_REGULATION_OF_MITF_M_DEPENDENT_GENES_INVOLVED_IN_CELL_CYCLE_AND_PROLIFERATION	S:4/796	S:17/8971	D:0.235294117647059	D:2.65178835353237	D:2.12705730336764	D:0.0576191292480751	D:0.504937102112902	D:0.474101955404009	S:HDAC1/MET/LEF1/CCNB1	D:4	S:Regulation of mitf m dependent genes involved in cell cycle and proliferation	S:FALSE	N:	N:	N:	N:	N:	N:	N:	N:	N:	N:	N:	N:	N:
S:REACTOME_TRANSLESION_SYNTHESIS_BY_POLH	S:REACTOME_TRANSLESION_SYNTHESIS_BY_POLH	S:4/796	S:17/8971	D:0.235294117647059	D:2.65178835353237	D:2.12705730336764	D:0.0576191292480751	D:0.504937102112902	D:0.474101955404009	S:RPA1/RCHY1/RFC5/PCNA	D:4	S:Translesion synthesis by polh	S:FALSE	N:	N:	N:	N:	N:	N:	N:	N:	N:	N:	N:	N:	N:
S:REACTOME_HDACS_DEACETYLATE_HISTONES	S:REACTOME_HDACS_DEACETYLATE_HISTONES	S:6/796	S:32/8971	D:0.1875	D:2.11314384422111	D:1.96829724323733	D:0.0592206213140335	D:0.514941428553654	D:0.483495344616671	S:HDAC1/SAP18/REST/HDAC2/MTA3/RBBP4	D:6	S:Hdacs deacetylate histones	S:FALSE	N:	N:	N:	N:	N:	N:	N:	N:	N:	N:	N:	N:	N:
S:REACTOME_DUAL_INCISION_IN_GG_NER	S:REACTOME_DUAL_INCISION_IN_GG_NER	S:7/796	S:40/8971	D:0.175	D:1.9722675879397	D:1.92297940862581	D:0.0596578484299965	D:0.514941428553654	D:0.483495344616671	S:PARP1/RPA1/POLE3/ERCC5/ERCC4/RFC5/PCNA	D:7	S:Dual incision in gg ner	S:FALSE	N:	N:	N:	N:	N:	N:	N:	N:	N:	N:	N:	N:	N:
S:REACTOME_EXTENSION_OF_TELOMERES	S:REACTOME_EXTENSION_OF_TELOMERES	S:8/796	S:49/8971	D:0.163265306122449	D:1.84001640857348	D:1.83977017781347	D:0.0647812059692414	D:0.543065345872707	D:0.509901810172063	S:GAR1/WRN/RPA1/TERF1/RFC5/PRIM1/PCNA/BLM	D:8	S:Extension of telomeres	S:FALSE	N:	N:	N:	N:	N:	N:	N:	N:	N:	N:	N:	N:	N:
S:REACTOME_SIGNALING_BY_EGFR	S:REACTOME_SIGNALING_BY_EGFR	S:8/796	S:49/8971	D:0.163265306122449	D:1.84001640857348	D:1.83977017781347	D:0.0647812059692414	D:0.543065345872707	D:0.509901810172063	S:KRAS/PTPRK/EGF/SPRY2/PAG1/FAM83D/PTPN11/SPRY1	D:8	S:Signaling by egfr	S:FALSE	N:	N:	N:	N:	N:	N:	N:	N:	N:	N:	N:	N:	N:
S:REACTOME_REGULATION_OF_MECP2_EXPRESSION_AND_ACTIVITY	S:REACTOME_REGULATION_OF_MECP2_EXPRESSION_AND_ACTIVITY	S:5/796	S:25/8971	D:0.2	D:2.25402010050251	D:1.95915560020931	D:0.0650375205184803	D:0.543065345872707	D:0.509901810172063	S:LBR/HDAC1/HDAC2/TNRC6C/CAMK2D	D:5	S:Regulation of mecp2 expression and activity	S:FALSE	N:	N:	N:	N:	N:	N:	N:	N:	N:	N:	N:	N:	N:
S:REACTOME_TRAFFICKING_OF_AMPA_RECEPTORS	S:REACTOME_TRAFFICKING_OF_AMPA_RECEPTORS	S:5/796	S:25/8971	D:0.2	D:2.25402010050251	D:1.95915560020931	D:0.0650375205184803	D:0.543065345872707	D:0.509901810172063	S:GRIP1/PRKCB/DLG1/PRKCA/CAMK2D	D:5	S:Trafficking of ampa receptors	S:FALSE	N:	N:	N:	N:	N:	N:	N:	N:	N:	N:	N:	N:	N:
S:REACTOME_HOST_INTERACTIONS_OF_HIV_FACTORS	S:REACTOME_HOST_INTERACTIONS_OF_HIV_FACTORS	S:15/796	S:111/8971	D:0.135135135135135	D:1.52298655439359	D:1.72999172897394	D:0.065281374329646	D:0.543065345872707	D:0.509901810172063	S:NUP107/AP1S3/NUP153/PSMD7/TPR/NUP160/SEH1L/RANBP2/NUP50/NUP62/NUP133/PSMA5/PSIP1/NUP205/NPM1	D:15	S:Host interactions of hiv factors	S:FALSE	N:	N:	N:	N:	N:	N:	N:	N:	N:	N:	N:	N:	N:
S:REACTOME_FORMATION_OF_DEFINITIVE_ENDODERM	S:REACTOME_FORMATION_OF_DEFINITIVE_ENDODERM	S:3/796	S:11/8971	D:0.272727272727273	D:3.07366377341252	D:2.14728432179869	D:0.0669781904623288	D:0.543163106428468	D:0.509993600754402	S:SMAD3/SMAD2/CXCR4	D:3	S:Formation of definitive endoderm	S:FALSE	N:	N:	N:	N:	N:	N:	N:	N:	N:	N:	N:	N:	N:
S:REACTOME_SYNTHESIS_OF_PIPS_AT_THE_LATE_ENDOSOME_MEMBRANE	S:REACTOME_SYNTHESIS_OF_PIPS_AT_THE_LATE_ENDOSOME_MEMBRANE	S:3/796	S:11/8971	D:0.272727272727273	D:3.07366377341252	D:2.14728432179869	D:0.0669781904623288	D:0.543163106428468	D:0.509993600754402	S:PIK3R4/PIK3C3/MTMR2	D:3	S:Synthesis of pips at the late endosome membrane	S:FALSE	N:	N:	N:	N:	N:	N:	N:	N:	N:	N:	N:	N:	N:
S:REACTOME_UBIQUINOL_BIOSYNTHESIS	S:REACTOME_UBIQUINOL_BIOSYNTHESIS	S:3/796	S:11/8971	D:0.272727272727273	D:3.07366377341252	D:2.14728432179869	D:0.0669781904623288	D:0.543163106428468	D:0.509993600754402	S:HPDL/PDSS2/COQ3	D:3	S:Ubiquinol biosynthesis	S:FALSE	N:	N:	N:	N:	N:	N:	N:	N:	N:	N:	N:	N:	N:
S:REACTOME_FOXO_MEDIATED_TRANSCRIPTION	S:REACTOME_FOXO_MEDIATED_TRANSCRIPTION	S:9/796	S:58/8971	D:0.155172413793103	D:1.74880869866574	D:1.78517912206957	D:0.0680359877812153	D:0.543163106428468	D:0.509993600754402	S:TXNIP/SIRT1/BTG1/HDAC1/FOXO1/SMAD3/HDAC2/SMAD2/CCNG2	D:9	S:Foxo mediated transcription	S:FALSE	N:	N:	N:	N:	N:	N:	N:	N:	N:	N:	N:	N:	N:
S:REACTOME_FORMATION_OF_THE_CANONICAL_BAF_CBAF_COMPLEX	S:REACTOME_FORMATION_OF_THE_CANONICAL_BAF_CBAF_COMPLEX	S:4/796	S:18/8971	D:0.222222222222222	D:2.50446677833612	D:1.99362484419612	D:0.0690782347896832	D:0.543163106428468	D:0.509993600754402	S:SMARCE1/DPF3/ACTL6A/SS18L1	D:4	S:Formation of the canonical baf cbaf complex	S:FALSE	N:	N:	N:	N:	N:	N:	N:	N:	N:	N:	N:	N:	N:
S:REACTOME_FORMATION_OF_THE_POLYBROMO_BAF_PBAF_COMPLEX	S:REACTOME_FORMATION_OF_THE_POLYBROMO_BAF_PBAF_COMPLEX	S:4/796	S:18/8971	D:0.222222222222222	D:2.50446677833612	D:1.99362484419612	D:0.0690782347896832	D:0.543163106428468	D:0.509993600754402	S:ARID2/BRD7/SMARCE1/ACTL6A	D:4	S:Formation of the polybromo baf pbaf complex	S:FALSE	N:	N:	N:	N:	N:	N:	N:	N:	N:	N:	N:	N:	N:
S:REACTOME_SHC1_EVENTS_IN_ERBB2_SIGNALING	S:REACTOME_SHC1_EVENTS_IN_ERBB2_SIGNALING	S:4/796	S:18/8971	D:0.222222222222222	D:2.50446677833612	D:1.99362484419612	D:0.0690782347896832	D:0.543163106428468	D:0.509993600754402	S:PRKCE/KRAS/EGF/PRKCA	D:4	S:Shc1 events in erbb2 signaling	S:FALSE	N:	N:	N:	N:	N:	N:	N:	N:	N:	N:	N:	N:	N:
S:REACTOME_TIE2_SIGNALING	S:REACTOME_TIE2_SIGNALING	S:4/796	S:18/8971	D:0.222222222222222	D:2.50446677833612	D:1.99362484419612	D:0.0690782347896832	D:0.543163106428468	D:0.509993600754402	S:ANGPT1/TEK/KRAS/PTPN11	D:4	S:Tie2 signaling	S:FALSE	N:	N:	N:	N:	N:	N:	N:	N:	N:	N:	N:	N:	N:
S:REACTOME_E3_UBIQUITIN_LIGASES_UBIQUITINATE_TARGET_PROTEINS	S:REACTOME_E3_UBIQUITIN_LIGASES_UBIQUITINATE_TARGET_PROTEINS	S:7/796	S:42/8971	D:0.166666666666667	D:1.87835008375209	D:1.78032690649881	D:0.074199305974131	D:0.579375423088032	D:0.543994528921827	S:RTF1/PEX12/CTR9/SHPRH/CDC73/HLTF/PCNA	D:7	S:E3 ubiquitin ligases ubiquitinate target proteins	S:FALSE	N:	N:	N:	N:	N:	N:	N:	N:	N:	N:	N:	N:	N:
S:REACTOME_RNA_POLYMERASE_I_TRANSCRIPTION_TERMINATION	S:REACTOME_RNA_POLYMERASE_I_TRANSCRIPTION_TERMINATION	S:5/796	S:26/8971	D:0.192307692307692	D:2.16732701971395	D:1.85993563112272	D:0.0749037966069929	D:0.579375423088032	D:0.543994528921827	S:UBTF/POLR1B/TAF1B/CDK7/TTF1	D:5	S:Rna polymerase i transcription termination	S:FALSE	N:	N:	N:	N:	N:	N:	N:	N:	N:	N:	N:	N:	N:
S:REACTOME_INFLUENZA_VIRAL_RNA_TRANSCRIPTION_AND_REPLICATION	S:REACTOME_INFLUENZA_VIRAL_RNA_TRANSCRIPTION_AND_REPLICATION	S:17/796	S:132/8971	D:0.128787878787879	D:1.4514523374448	D:1.63044509787655	D:0.0751976812196139	D:0.579375423088032	D:0.543994528921827	S:PARP1/NUP107/NUP153/TPR/NUP160/SEH1L/RANBP2/NUP50/RPS28/NUP62/GRSF1/NUP133/RPL19/RPL38/RPL18/NUP205/RPLP2	D:17	S:Influenza viral rna transcription and replication	S:FALSE	N:	N:	N:	N:	N:	N:	N:	N:	N:	N:	N:	N:	N:
S:REACTOME_FCERI_MEDIATED_NF_KB_ACTIVATION	S:REACTOME_FCERI_MEDIATED_NF_KB_ACTIVATION	S:10/796	S:68/8971	D:0.147058823529412	D:1.65736772095773	D:1.6978664209663	D:0.0758461931111326	D:0.580476197943868	D:0.545028082426665	S:RASGRP2/RASGRP1/PSMD7/TAB2/IGLV6-57/PSMA5/NFKBIA/TRAF6/PRKCQ/MALT1	D:10	S:Fceri mediated nf kb activation	S:FALSE	N:	N:	N:	N:	N:	N:	N:	N:	N:	N:	N:	N:	N:
S:REACTOME_HDR_THROUGH_HOMOLOGOUS_RECOMBINATION_HRR	S:REACTOME_HDR_THROUGH_HOMOLOGOUS_RECOMBINATION_HRR	S:9/796	S:60/8971	D:0.15	D:1.69051507537688	D:1.674535822625	D:0.0808714284021169	D:0.59993109746998	D:0.563294923720209	S:WRN/RPA1/POLE3/FIGNL1/BRCA1/RFC5/PCNA/ATR/BLM	D:9	S:Hdr through homologous recombination hrr	S:FALSE	N:	N:	N:	N:	N:	N:	N:	N:	N:	N:	N:	N:	N:
S:REACTOME_INITIATION_OF_NUCLEAR_ENVELOPE_NE_REFORMATION	S:REACTOME_INITIATION_OF_NUCLEAR_ENVELOPE_NE_REFORMATION	S:4/796	S:19/8971	D:0.210526315789474	D:2.37265273737107	D:1.86890109691026	D:0.0816127274055747	D:0.59993109746998	D:0.563294923720209	S:LBR/LEMD3/CCNB1/VRK1	D:4	S:Initiation of nuclear envelope ne reformation	S:FALSE	N:	N:	N:	N:	N:	N:	N:	N:	N:	N:	N:	N:	N:
S:REACTOME_VEGFR2_MEDIATED_CELL_PROLIFERATION	S:REACTOME_VEGFR2_MEDIATED_CELL_PROLIFERATION	S:4/796	S:19/8971	D:0.210526315789474	D:2.37265273737107	D:1.86890109691026	D:0.0816127274055747	D:0.59993109746998	D:0.563294923720209	S:KRAS/ITPR1/PRKCB/PRKCA	D:4	S:Vegfr2 mediated cell proliferation	S:FALSE	N:	N:	N:	N:	N:	N:	N:	N:	N:	N:	N:	N:	N:
S:REACTOME_RAC3_GTPASE_CYCLE	S:REACTOME_RAC3_GTPASE_CYCLE	S:12/796	S:87/8971	D:0.137931034482759	D:1.55449662103622	D:1.62167241790636	D:0.081904462719448	D:0.59993109746998	D:0.563294923720209	S:NHS/LBR/AMIGO2/DOCK10/SWAP70/LEMD3/PGRMC2/ABI2/ABL2/LMAN1/ARHGAP17/ARAP2	D:12	S:Rac3 gtpase cycle	S:FALSE	N:	N:	N:	N:	N:	N:	N:	N:	N:	N:	N:	N:	N:
S:REACTOME_MITOCHONDRIAL_PROTEIN_DEGRADATION	S:REACTOME_MITOCHONDRIAL_PROTEIN_DEGRADATION	S:11/796	S:78/8971	D:0.141025641025641	D:1.58937314779023	D:1.63125695053446	D:0.0822811166692257	D:0.59993109746998	D:0.563294923720209	S:ALDH18A1/IARS2/OMA1/NDUFS1/CLPX/HSPA9/ACADSB/HSPD1/TFAM/OXCT1/YME1L1	D:11	S:Mitochondrial protein degradation	S:FALSE	N:	N:	N:	N:	N:	N:	N:	N:	N:	N:	N:	N:	N:
S:REACTOME_INFLUENZA_INFECTION	S:REACTOME_INFLUENZA_INFECTION	S:19/796	S:153/8971	D:0.124183006535948	D:1.39955496436431	D:1.555414251689	D:0.0834872355813289	D:0.59993109746998	D:0.563294923720209	S:PARP1/NUP107/NUP153/TPR/NUP160/SEH1L/RANBP2/NUP50/RPS28/NUP62/GRSF1/CANX/NUP133/KPNA4/RPL19/RPL38/RPL18/NUP205/RPLP2	D:19	S:Influenza infection	S:FALSE	N:	N:	N:	N:	N:	N:	N:	N:	N:	N:	N:	N:	N:
S:REACTOME_ALK_MUTANTS_BIND_TKIS	S:REACTOME_ALK_MUTANTS_BIND_TKIS	S:3/796	S:12/8971	D:0.25	D:2.81752512562814	D:1.96584898563405	D:0.0836140902397185	D:0.59993109746998	D:0.563294923720209	S:EML4/EIF2AK3/NPM1	D:3	S:Alk mutants bind tkis	S:FALSE	N:	N:	N:	N:	N:	N:	N:	N:	N:	N:	N:	N:	N:
S:REACTOME_DEFECTIVE_PYROPTOSIS	S:REACTOME_DEFECTIVE_PYROPTOSIS	S:3/796	S:12/8971	D:0.25	D:2.81752512562814	D:1.96584898563405	D:0.0836140902397185	D:0.59993109746998	D:0.563294923720209	S:DNMT3A/PRIM1/RBBP4	D:3	S:Defective pyroptosis	S:FALSE	N:	N:	N:	N:	N:	N:	N:	N:	N:	N:	N:	N:	N:
S:REACTOME_METHYLATION	S:REACTOME_METHYLATION	S:3/796	S:12/8971	D:0.25	D:2.81752512562814	D:1.96584898563405	D:0.0836140902397185	D:0.59993109746998	D:0.563294923720209	S:MTR/TRMT112/MAT2B	D:3	S:Methylation	S:FALSE	N:	N:	N:	N:	N:	N:	N:	N:	N:	N:	N:	N:	N:
S:REACTOME_NUCLEOTIDE_BIOSYNTHESIS	S:REACTOME_NUCLEOTIDE_BIOSYNTHESIS	S:3/796	S:12/8971	D:0.25	D:2.81752512562814	D:1.96584898563405	D:0.0836140902397185	D:0.59993109746998	D:0.563294923720209	S:PAICS/PFAS/PPAT	D:3	S:Nucleotide biosynthesis	S:FALSE	N:	N:	N:	N:	N:	N:	N:	N:	N:	N:	N:	N:	N:
S:REACTOME_TP53_REGULATES_TRANSCRIPTION_OF_DNA_REPAIR_GENES	S:REACTOME_TP53_REGULATES_TRANSCRIPTION_OF_DNA_REPAIR_GENES	S:8/796	S:52/8971	D:0.153846153846154	D:1.73386161577116	D:1.65602404123111	D:0.0858906465376544	D:0.612009034029677	D:0.574635293275618	S:JUN/SSRP1/CDK7/BRCA1/FANCD2/MLH1/SUPT16H/ATR	D:8	S:Tp53 regulates transcription of dna repair genes	S:FALSE	N:	N:	N:	N:	N:	N:	N:	N:	N:	N:	N:	N:	N:
S:REACTOME_DUAL_INCISION_IN_TC_NER	S:REACTOME_DUAL_INCISION_IN_TC_NER	S:9/796	S:61/8971	D:0.147540983606557	D:1.66280171348546	D:1.62075945084213	D:0.0878022259185899	D:0.612009034029677	D:0.574635293275618	S:RPA1/ERCC6/POLE3/ERCC5/CDK7/ERCC4/RFC5/USP7/PCNA	D:9	S:Dual incision in tc ner	S:FALSE	N:	N:	N:	N:	N:	N:	N:	N:	N:	N:	N:	N:	N:
S:REACTOME_TRANSCRIPTION_OF_THE_HIV_GENOME	S:REACTOME_TRANSCRIPTION_OF_THE_HIV_GENOME	S:9/796	S:61/8971	D:0.147540983606557	D:1.66280171348546	D:1.62075945084213	D:0.0878022259185899	D:0.612009034029677	D:0.574635293275618	S:TAF2/TAF3/RNGTT/SSRP1/TAF4/CDK7/NCBP1/SUPT16H/TAF6	D:9	S:Transcription of the hiv genome	S:FALSE	N:	N:	N:	N:	N:	N:	N:	N:	N:	N:	N:	N:	N:
S:REACTOME_RAB_GEFS_EXCHANGE_GTP_FOR_GDP_ON_RABS	S:REACTOME_RAB_GEFS_EXCHANGE_GTP_FOR_GDP_ON_RABS	S:11/796	S:79/8971	D:0.139240506329114	D:1.56925450034985	D:1.58572972062128	D:0.0883438916694536	D:0.612009034029677	D:0.574635293275618	S:RAB14/CHML/RAB3GAP2/TRAPPC10/DENND4C/DENND5B/ALS2/HPS4/DENND1B/DENND2D/GAPVD1	D:11	S:Rab gefs exchange gtp for gdp on rabs	S:FALSE	N:	N:	N:	N:	N:	N:	N:	N:	N:	N:	N:	N:	N:
S:REACTOME_REPRODUCTION	S:REACTOME_REPRODUCTION	S:11/796	S:79/8971	D:0.139240506329114	D:1.56925450034985	D:1.58572972062128	D:0.0883438916694536	D:0.612009034029677	D:0.574635293275618	S:RPA1/SMC3/RAD21/FIGNL1/TERF1/BRCA1/CXCR4/MLH1/CATSPERB/ATR/BLM	D:11	S:Reproduction	S:FALSE	N:	N:	N:	N:	N:	N:	N:	N:	N:	N:	N:	N:	N:
S:REACTOME_SIGNALING_BY_INSULIN_RECEPTOR	S:REACTOME_SIGNALING_BY_INSULIN_RECEPTOR	S:10/796	S:70/8971	D:0.142857142857143	D:1.61001435750179	D:1.59874261378663	D:0.0884960798335595	D:0.612009034029677	D:0.574635293275618	S:KRAS/PIK3R4/ATP6V1E2/ATP6V0A2/PIK3C3/THEM4/ATP6V1A/IRS1/IDE/PTPN11	D:10	S:Signaling by insulin receptor	S:FALSE	N:	N:	N:	N:	N:	N:	N:	N:	N:	N:	N:	N:	N:
S:REACTOME_DENGUE_VIRUS_INFECTION	S:REACTOME_DENGUE_VIRUS_INFECTION	S:36/796	S:323/8971	D:0.111455108359133	D:1.25611027272586	D:1.46278094395065	D:0.089367848975204	D:0.614337069602001	D:0.576821161995644	S:RTF1/NUDT21/SRSF11/SRRM1/DDX46/PIK3R4/U2SURP/SRSF3/HNRNPK/CSTF1/PIK3C3/EIF4G2/RBM17/HNRNPD/EXOC1/PABPC1/SPCS2/CANX/CTR9/CSTF3/CDC73/NFKBIA/CLINT1/KPNA4/NCBP1/HNRNPA2B1/HSPA8/HNRNPU/CRNKL1/RPL18/HNRNPR/PPIL1/SNRPA1/CAMK2D/SF3B1/DAD1	D:36	S:Dengue virus infection	S:FALSE	N:	N:	N:	N:	N:	N:	N:	N:	N:	N:	N:	N:	N:
S:REACTOME_TP53_REGULATES_TRANSCRIPTION_OF_CELL_CYCLE_GENES	S:REACTOME_TP53_REGULATES_TRANSCRIPTION_OF_CELL_CYCLE_GENES	S:7/796	S:44/8971	D:0.159090909090909	D:1.79297053449064	D:1.64527877655119	D:0.0906481658290303	D:0.61942913316504	D:0.581602266973227	S:CNOT2/CNOT6L/CCNE1/CCNB1/PCNA/RBL1/NPM1	D:7	S:Tp53 regulates transcription of cell cycle genes	S:FALSE	N:	N:	N:	N:	N:	N:	N:	N:	N:	N:	N:	N:	N:
S:REACTOME_RRNA_PROCESSING	S:REACTOME_RRNA_PROCESSING	S:23/796	S:194/8971	D:0.118556701030928	D:1.33614593586489	D:1.47694579047078	D:0.0922400119260274	D:0.626577122432423	D:0.588313747818449	S:GAR1/UTP20/UTP14C/WDR3/TRMT112/FCF1/RIOK1/RPS28/PDCD11/TEX10/RCL1/TFB1M/NOP56/DDX47/RPL19/WDR36/RPL38/RPL18/MPHOSPH10/WDR75/DCAF13/WDR12/RPLP2	D:23	S:Rrna processing	S:FALSE	N:	N:	N:	N:	N:	N:	N:	N:	N:	N:	N:	N:	N:
S:REACTOME_SYNTHESIS_OF_PIPS_AT_THE_PLASMA_MEMBRANE	S:REACTOME_SYNTHESIS_OF_PIPS_AT_THE_PLASMA_MEMBRANE	S:8/796	S:53/8971	D:0.150943396226415	D:1.70114724566227	D:1.59743173444791	D:0.093723520312655	D:0.63160278829527	D:0.593032509824277	S:SYNJ2/RAB14/INPP4B/PLEKHA1/PIK3C2B/MTMR2/MTMR6/PIK3C2G	D:8	S:Synthesis of pips at the plasma membrane	S:FALSE	N:	N:	N:	N:	N:	N:	N:	N:	N:	N:	N:	N:	N:
S:REACTOME_HOMOLOGOUS_DNA_PAIRING_AND_STRAND_EXCHANGE	S:REACTOME_HOMOLOGOUS_DNA_PAIRING_AND_STRAND_EXCHANGE	S:6/796	S:36/8971	D:0.166666666666667	D:1.87835008375209	D:1.64770892354686	D:0.0946527669576725	D:0.63160278829527	D:0.593032509824277	S:WRN/RPA1/BRCA1/RFC5/ATR/BLM	D:6	S:Homologous dna pairing and strand exchange	S:FALSE	N:	N:	N:	N:	N:	N:	N:	N:	N:	N:	N:	N:	N:
S:REACTOME_LAGGING_STRAND_SYNTHESIS	S:REACTOME_LAGGING_STRAND_SYNTHESIS	S:4/796	S:20/8971	D:0.2	D:2.25402010050251	D:1.7518325511143	D:0.0951805595601757	D:0.63160278829527	D:0.593032509824277	S:RPA1/RFC5/PRIM1/PCNA	D:4	S:Lagging strand synthesis	S:FALSE	N:	N:	N:	N:	N:	N:	N:	N:	N:	N:	N:	N:	N:
S:REACTOME_PROCESSING_OF_INTRONLESS_PRE_MRNAS	S:REACTOME_PROCESSING_OF_INTRONLESS_PRE_MRNAS	S:4/796	S:20/8971	D:0.2	D:2.25402010050251	D:1.7518325511143	D:0.0951805595601757	D:0.63160278829527	D:0.593032509824277	S:NUDT21/CSTF1/CSTF3/NCBP1	D:4	S:Processing of intronless pre mrnas	S:FALSE	N:	N:	N:	N:	N:	N:	N:	N:	N:	N:	N:	N:	N:
S:REACTOME_SUMOYLATION_OF_INTRACELLULAR_RECEPTORS	S:REACTOME_SUMOYLATION_OF_INTRACELLULAR_RECEPTORS	S:5/796	S:28/8971	D:0.178571428571429	D:2.01251794687724	D:1.6743606344532	D:0.096906912168229	D:0.635709343823582	D:0.59688828908431	S:RORA/THRA/NR2C1/PIAS2/NR3C2	D:5	S:Sumoylation of intracellular receptors	S:FALSE	N:	N:	N:	N:	N:	N:	N:	N:	N:	N:	N:	N:	N:
S:REACTOME_TRANSCRIPTIONAL_REGULATION_OF_BROWN_AND_BEIGE_ADIPOCYTE_DIFFERENTIATION	S:REACTOME_TRANSCRIPTIONAL_REGULATION_OF_BROWN_AND_BEIGE_ADIPOCYTE_DIFFERENTIATION	S:5/796	S:28/8971	D:0.178571428571429	D:2.01251794687724	D:1.6743606344532	D:0.096906912168229	D:0.635709343823582	D:0.59688828908431	S:HDAC1/HDAC2/HNRNPU/MTA3/RBBP4	D:5	S:Transcriptional regulation of brown and beige adipocyte differentiation	S:FALSE	N:	N:	N:	N:	N:	N:	N:	N:	N:	N:	N:	N:	N:
S:REACTOME_REGULATION_OF_HOMOTYPIC_CELL_CELL_ADHESION	S:REACTOME_REGULATION_OF_HOMOTYPIC_CELL_CELL_ADHESION	S:17/796	S:137/8971	D:0.124087591240876	D:1.39847962439937	D:1.46654900709189	D:0.0980898527730864	D:0.639813357860814	D:0.600741682055266	S:SIRT1/ZMYM2/HDAC1/PSMD7/SPCS2/ZNF217/CANX/HDAC2/MTBP/TNRC6C/PSMA5/STRAP/ANK3/RB1/TCF12/RBBP4/DAD1	D:17	S:Regulation of homotypic cell cell adhesion	S:FALSE	N:	N:	N:	N:	N:	N:	N:	N:	N:	N:	N:	N:	N:
S:REACTOME_REGULATION_OF_ENDOGENOUS_RETROELEMENTS_BY_KRAB_ZFP_PROTEINS	S:REACTOME_REGULATION_OF_ENDOGENOUS_RETROELEMENTS_BY_KRAB_ZFP_PROTEINS	S:7/796	S:45/8971	D:0.155555555555556	D:1.75312674483529	D:1.58035538560472	D:0.0995801463066162	D:0.645864451751386	D:0.606423251965358	S:ZNF425/HDAC1/ZNF28/HDAC2/ZNF264/MTA3/RBBP4	D:7	S:Regulation of endogenous retroelements by krab zfp proteins	S:FALSE	N:	N:	N:	N:	N:	N:	N:	N:	N:	N:	N:	N:	N:
S:REACTOME_DCC_MEDIATED_ATTRACTIVE_SIGNALING	S:REACTOME_DCC_MEDIATED_ATTRACTIVE_SIGNALING	S:3/796	S:13/8971	D:0.230769230769231	D:2.60079242365675	D:1.80222928332481	D:0.101810151083406	D:0.652950019238827	D:0.613076122960352	S:ABLIM2/ABLIM1/PTK2	D:3	S:Dcc mediated attractive signaling	S:FALSE	N:	N:	N:	N:	N:	N:	N:	N:	N:	N:	N:	N:	N:
S:REACTOME_INHIBITION_OF_REPLICATION_INITIATION_OF_DAMAGED_DNA_BY_RB1_E2F1	S:REACTOME_INHIBITION_OF_REPLICATION_INITIATION_OF_DAMAGED_DNA_BY_RB1_E2F1	S:3/796	S:13/8971	D:0.230769230769231	D:2.60079242365675	D:1.80222928332481	D:0.101810151083406	D:0.652950019238827	D:0.613076122960352	S:PPP2CB/RB1/PRIM1	D:3	S:Inhibition of replication initiation of damaged dna by rb1 e2f1	S:FALSE	N:	N:	N:	N:	N:	N:	N:	N:	N:	N:	N:	N:	N:
S:REACTOME_CARGO_TRAFFICKING_TO_THE_PERICILIARY_MEMBRANE	S:REACTOME_CARGO_TRAFFICKING_TO_THE_PERICILIARY_MEMBRANE	S:9/796	S:63/8971	D:0.142857142857143	D:1.61001435750179	D:1.51610437890344	D:0.102686754768724	D:0.654913302636081	D:0.614919513936684	S:ARL13B/CCT5/TTC8/EXOC1/TCP1/CCT4/BBS2/EXOC8/EXOC5	D:9	S:Cargo trafficking to the periciliary membrane	S:FALSE	N:	N:	N:	N:	N:	N:	N:	N:	N:	N:	N:	N:	N:
S:REACTOME_MITF_M_DEPENDENT_GENE_EXPRESSION	S:REACTOME_MITF_M_DEPENDENT_GENE_EXPRESSION	S:13/796	S:100/8971	D:0.13	D:1.46511306532663	D:1.45942279197668	D:0.103778576682694	D:0.658082383349165	D:0.617895067439524	S:SIRT1/SMARCE1/HDAC1/MET/DPF3/ACTL6A/TNRC6C/ATP6V1A/BRCA1/LEF1/CCNB1/MYO5A/SS18L1	D:13	S:Mitf m dependent gene expression	S:FALSE	N:	N:	N:	N:	N:	N:	N:	N:	N:	N:	N:	N:	N:
S:REACTOME_NETRIN_1_SIGNALING	S:REACTOME_NETRIN_1_SIGNALING	S:6/796	S:37/8971	D:0.162162162162162	D:1.82758386527231	D:1.57397843450867	D:0.104960622408907	D:0.658082383349165	D:0.617895067439524	S:ABLIM2/RGMB/ABLIM1/PRKCQ/PTK2/PTPN11	D:6	S:Netrin 1 signaling	S:FALSE	N:	N:	N:	N:	N:	N:	N:	N:	N:	N:	N:	N:	N:
S:REACTOME_NUCLEAR_RECEPTOR_TRANSCRIPTION_PATHWAY	S:REACTOME_NUCLEAR_RECEPTOR_TRANSCRIPTION_PATHWAY	S:7/796	S:46/8971	D:0.152173913043478	D:1.71501529386061	D:1.5170469073028	D:0.108975283047957	D:0.658082383349165	D:0.617895067439524	S:MED1/RORA/THRA/NR1D2/NR2C1/RORC/NR3C2	D:7	S:Nuclear receptor transcription pathway	S:FALSE	N:	N:	N:	N:	N:	N:	N:	N:	N:	N:	N:	N:	N:
S:REACTOME_ANTIGEN_PRESENTATION_FOLDING_ASSEMBLY_AND_PEPTIDE_LOADING_OF_CLASS_I_MHC	S:REACTOME_ANTIGEN_PRESENTATION_FOLDING_ASSEMBLY_AND_PEPTIDE_LOADING_OF_CLASS_I_MHC	S:5/796	S:29/8971	D:0.172413793103448	D:1.94312077629527	D:1.58729574871072	D:0.109002963003516	D:0.658082383349165	D:0.617895067439524	S:PIK3R4/PIK3C3/SEC24A/CANX/SAR1B	D:5	S:Antigen presentation folding assembly and peptide loading of class i mhc	S:FALSE	N:	N:	N:	N:	N:	N:	N:	N:	N:	N:	N:	N:	N:
S:REACTOME_NUCLEAR_EVENTS_STIMULATED_BY_ALK_SIGNALING_IN_CANCER	S:REACTOME_NUCLEAR_EVENTS_STIMULATED_BY_ALK_SIGNALING_IN_CANCER	S:5/796	S:29/8971	D:0.172413793103448	D:1.94312077629527	D:1.58729574871072	D:0.109002963003516	D:0.658082383349165	D:0.617895067439524	S:HDAC1/TNRC6C/CCNB1/RB1/NPM1	D:5	S:Nuclear events stimulated by alk signaling in cancer	S:FALSE	N:	N:	N:	N:	N:	N:	N:	N:	N:	N:	N:	N:	N:
S:REACTOME_PROCESSING_OF_CAPPED_INTRONLESS_PRE_MRNA	S:REACTOME_PROCESSING_OF_CAPPED_INTRONLESS_PRE_MRNA	S:5/796	S:29/8971	D:0.172413793103448	D:1.94312077629527	D:1.58729574871072	D:0.109002963003516	D:0.658082383349165	D:0.617895067439524	S:NUDT21/SLBP/CSTF1/CSTF3/NCBP1	D:5	S:Processing of capped intronless pre mrna	S:FALSE	N:	N:	N:	N:	N:	N:	N:	N:	N:	N:	N:	N:	N:
S:REACTOME_THE_PHOTOTRANSDUCTION_CASCADE	S:REACTOME_THE_PHOTOTRANSDUCTION_CASCADE	S:5/796	S:29/8971	D:0.172413793103448	D:1.94312077629527	D:1.58729574871072	D:0.109002963003516	D:0.658082383349165	D:0.617895067439524	S:SLC24A1/METAP1/NMT2/PRKCQ/PRKCA	D:5	S:The phototransduction cascade	S:FALSE	N:	N:	N:	N:	N:	N:	N:	N:	N:	N:	N:	N:	N:
S:REACTOME_TRANSCRIPTIONAL_REGULATION_BY_THE_AP_2_TFAP2_FAMILY_OF_TRANSCRIPTION_FACTORS	S:REACTOME_TRANSCRIPTIONAL_REGULATION_BY_THE_AP_2_TFAP2_FAMILY_OF_TRANSCRIPTION_FACTORS	S:5/796	S:29/8971	D:0.172413793103448	D:1.94312077629527	D:1.58729574871072	D:0.109002963003516	D:0.658082383349165	D:0.617895067439524	S:YY1/ATAD2/KIT/HSPD1/NPM1	D:5	S:Transcriptional regulation by the ap 2 tfap2 family of transcription factors	S:FALSE	N:	N:	N:	N:	N:	N:	N:	N:	N:	N:	N:	N:	N:
S:REACTOME_DEADENYLATION_OF_MRNA	S:REACTOME_DEADENYLATION_OF_MRNA	S:4/796	S:21/8971	D:0.19047619047619	D:2.14668581000239	D:1.64153989743948	D:0.109730355843127	D:0.658082383349165	D:0.617895067439524	S:CNOT2/CNOT6L/PABPC1/PAN3	D:4	S:Deadenylation of mrna	S:FALSE	N:	N:	N:	N:	N:	N:	N:	N:	N:	N:	N:	N:	N:
S:REACTOME_NICOTINATE_METABOLISM	S:REACTOME_NICOTINATE_METABOLISM	S:4/796	S:21/8971	D:0.19047619047619	D:2.14668581000239	D:1.64153989743948	D:0.109730355843127	D:0.658082383349165	D:0.617895067439524	S:PARP8/CD38/PARP16/NT5E	D:4	S:Nicotinate metabolism	S:FALSE	N:	N:	N:	N:	N:	N:	N:	N:	N:	N:	N:	N:	N:
S:REACTOME_PCNA_DEPENDENT_LONG_PATCH_BASE_EXCISION_REPAIR	S:REACTOME_PCNA_DEPENDENT_LONG_PATCH_BASE_EXCISION_REPAIR	S:4/796	S:21/8971	D:0.19047619047619	D:2.14668581000239	D:1.64153989743948	D:0.109730355843127	D:0.658082383349165	D:0.617895067439524	S:RPA1/POLE3/RFC5/PCNA	D:4	S:Pcna dependent long patch base excision repair	S:FALSE	N:	N:	N:	N:	N:	N:	N:	N:	N:	N:	N:	N:	N:
S:REACTOME_ACTIVATION_OF_ANTERIOR_HOX_GENES_IN_HINDBRAIN_DEVELOPMENT_DURING_EARLY_EMBRYOGENESIS	S:REACTOME_ACTIVATION_OF_ANTERIOR_HOX_GENES_IN_HINDBRAIN_DEVELOPMENT_DURING_EARLY_EMBRYOGENESIS	S:8/796	S:55/8971	D:0.145454545454545	D:1.63928734582001	D:1.48388859729358	D:0.110568318285552	D:0.658082383349165	D:0.617895067439524	S:YY1/JUN/CTCF/PAXIP1/HOXB2/NCOA3/PIAS2/RBBP4	D:8	S:Activation of anterior hox genes in hindbrain development during early embryogenesis	S:FALSE	N:	N:	N:	N:	N:	N:	N:	N:	N:	N:	N:	N:	N:
S:REACTOME_AURKA_ACTIVATION_BY_TPX2	S:REACTOME_AURKA_ACTIVATION_BY_TPX2	S:9/796	S:64/8971	D:0.140625	D:1.58485788316583	D:1.46515470343308	D:0.110635801381872	D:0.658082383349165	D:0.617895067439524	S:CEP192/PCM1/CEP70/ALMS1/HAUS3/CEP152/CEP72/MAPRE1/CEP76	D:9	S:Aurka activation by tpx2	S:FALSE	N:	N:	N:	N:	N:	N:	N:	N:	N:	N:	N:	N:	N:
S:REACTOME_PI_METABOLISM	S:REACTOME_PI_METABOLISM	S:11/796	S:83/8971	D:0.132530120481928	D:1.49362777744142	D:1.40976098810014	D:0.115246652443462	D:0.681975036108734	D:0.64032866034783	S:SYNJ2/RAB14/PIK3R4/INPP4B/PIK3C3/PLEKHA1/TNFAIP8/PIK3C2B/MTMR2/MTMR6/PIK3C2G	D:11	S:Pi metabolism	S:FALSE	N:	N:	N:	N:	N:	N:	N:	N:	N:	N:	N:	N:	N:
S:REACTOME_ADIPOGENESIS	S:REACTOME_ADIPOGENESIS	S:13/796	S:102/8971	D:0.127450980392157	D:1.43638535816337	D:1.38306249204291	D:0.116432983683682	D:0.685385134861378	D:0.643530513568724	S:MED1/HDAC1/TGS1/EBF1/MED23/HDAC2/WNT1/MED31/HNRNPU/MTA3/NCOA3/RBBP4/MED6	D:13	S:Adipogenesis	S:FALSE	N:	N:	N:	N:	N:	N:	N:	N:	N:	N:	N:	N:	N:
S:REACTOME_CYCLIN_D_ASSOCIATED_EVENTS_IN_G1	S:REACTOME_CYCLIN_D_ASSOCIATED_EVENTS_IN_G1	S:7/796	S:47/8971	D:0.148936170212766	D:1.67852560675719	D:1.45527230668252	D:0.11882454438204	D:0.685385134861378	D:0.643530513568724	S:E2F3/CDK7/CCNE1/PPP2CB/RB1/RBL1/CDK6	D:7	S:Cyclin d associated events in g1	S:FALSE	N:	N:	N:	N:	N:	N:	N:	N:	N:	N:	N:	N:	N:
S:REACTOME_RNA_POLYMERASE_II_TRANSCRIPTION_TERMINATION	S:REACTOME_RNA_POLYMERASE_II_TRANSCRIPTION_TERMINATION	S:9/796	S:65/8971	D:0.138461538461538	D:1.56047545419405	D:1.4150793884716	D:0.118917731613153	D:0.685385134861378	D:0.643530513568724	S:NUDT21/SRSF11/SRRM1/SLBP/SRSF3/CSTF1/FYTTD1/CSTF3/NCBP1	D:9	S:Rna polymerase ii transcription termination	S:FALSE	N:	N:	N:	N:	N:	N:	N:	N:	N:	N:	N:	N:	N:
S:REACTOME_EPIGENETIC_REGULATION_BY_WDR5_CONTAINING_HISTONE_MODIFYING_COMPLEXES	S:REACTOME_EPIGENETIC_REGULATION_BY_WDR5_CONTAINING_HISTONE_MODIFYING_COMPLEXES	S:12/796	S:93/8971	D:0.129032258064516	D:1.45420651645323	D:1.37387157867894	D:0.11962356927067	D:0.685385134861378	D:0.643530513568724	S:SIRT1/MED1/LPIN1/MED23/PAXIP1/PSIP1/TASP1/MED31/WDR82/RB1/NCOA3/MED6	D:12	S:Epigenetic regulation by wdr5 containing histone modifying complexes	S:FALSE	N:	N:	N:	N:	N:	N:	N:	N:	N:	N:	N:	N:	N:
S:REACTOME_GERM_LAYER_FORMATION_AT_GASTRULATION	S:REACTOME_GERM_LAYER_FORMATION_AT_GASTRULATION	S:3/796	S:14/8971	D:0.214285714285714	D:2.41502153625269	D:1.6533113805408	D:0.121410923153605	D:0.685385134861378	D:0.643530513568724	S:SMAD3/SMAD2/LEF1	D:3	S:Germ layer formation at gastrulation	S:FALSE	N:	N:	N:	N:	N:	N:	N:	N:	N:	N:	N:	N:	N:
S:REACTOME_POLYMERASE_SWITCHING	S:REACTOME_POLYMERASE_SWITCHING	S:3/796	S:14/8971	D:0.214285714285714	D:2.41502153625269	D:1.6533113805408	D:0.121410923153605	D:0.685385134861378	D:0.643530513568724	S:RFC5/PRIM1/PCNA	D:3	S:Polymerase switching	S:FALSE	N:	N:	N:	N:	N:	N:	N:	N:	N:	N:	N:	N:	N:
S:REACTOME_REGULATION_OF_PYRUVATE_DEHYDROGENASE_PDH_COMPLEX	S:REACTOME_REGULATION_OF_PYRUVATE_DEHYDROGENASE_PDH_COMPLEX	S:3/796	S:14/8971	D:0.214285714285714	D:2.41502153625269	D:1.6533113805408	D:0.121410923153605	D:0.685385134861378	D:0.643530513568724	S:PDP1/SIRT4/DLAT	D:3	S:Regulation of pyruvate dehydrogenase pdh complex	S:FALSE	N:	N:	N:	N:	N:	N:	N:	N:	N:	N:	N:	N:	N:
S:REACTOME_TRAFFICKING_OF_GLUR2_CONTAINING_AMPA_RECEPTORS	S:REACTOME_TRAFFICKING_OF_GLUR2_CONTAINING_AMPA_RECEPTORS	S:3/796	S:14/8971	D:0.214285714285714	D:2.41502153625269	D:1.6533113805408	D:0.121410923153605	D:0.685385134861378	D:0.643530513568724	S:GRIP1/PRKCB/PRKCA	D:3	S:Trafficking of glur2 containing ampa receptors	S:FALSE	N:	N:	N:	N:	N:	N:	N:	N:	N:	N:	N:	N:	N:
S:REACTOME_CARGO_CONCENTRATION_IN_THE_ER	S:REACTOME_CARGO_CONCENTRATION_IN_THE_ER	S:5/796	S:30/8971	D:0.166666666666667	D:1.87835008375209	D:1.50364080096554	D:0.121793177275018	D:0.685385134861378	D:0.643530513568724	S:MIA3/SEC24A/TMED10/LMAN1/SAR1B	D:5	S:Cargo concentration in the er	S:FALSE	N:	N:	N:	N:	N:	N:	N:	N:	N:	N:	N:	N:	N:
S:REACTOME_RECOGNITION_OF_DNA_DAMAGE_BY_PCNA_CONTAINING_REPLICATION_COMPLEX	S:REACTOME_RECOGNITION_OF_DNA_DAMAGE_BY_PCNA_CONTAINING_REPLICATION_COMPLEX	S:5/796	S:30/8971	D:0.166666666666667	D:1.87835008375209	D:1.50364080096554	D:0.121793177275018	D:0.685385134861378	D:0.643530513568724	S:RPA1/POLE3/USP1/RFC5/PCNA	D:5	S:Recognition of dna damage by pcna containing replication complex	S:FALSE	N:	N:	N:	N:	N:	N:	N:	N:	N:	N:	N:	N:	N:
S:REACTOME_E2F_MEDIATED_REGULATION_OF_DNA_REPLICATION	S:REACTOME_E2F_MEDIATED_REGULATION_OF_DNA_REPLICATION	S:4/796	S:22/8971	D:0.181818181818182	D:2.04910918227501	D:1.53728237950717	D:0.125202993953633	D:0.701136766140345	D:0.658320235217048	S:PPP2CB/CCNB1/RB1/PRIM1	D:4	S:E2f mediated regulation of dna replication	S:FALSE	N:	N:	N:	N:	N:	N:	N:	N:	N:	N:	N:	N:	N:
S:REACTOME_IRS_MEDIATED_SIGNALLING	S:REACTOME_IRS_MEDIATED_SIGNALLING	S:6/796	S:39/8971	D:0.153846153846154	D:1.73386161577116	D:1.43311484205529	D:0.127229476069747	D:0.709026400621695	D:0.665728071003682	S:KRAS/PIK3R4/PIK3C3/THEM4/IRS1/PTPN11	D:6	S:Irs mediated signalling	S:FALSE	N:	N:	N:	N:	N:	N:	N:	N:	N:	N:	N:	N:	N:
S:REACTOME_FORMATION_OF_RNA_POL_II_ELONGATION_COMPLEX	S:REACTOME_FORMATION_OF_RNA_POL_II_ELONGATION_COMPLEX	S:7/796	S:48/8971	D:0.145833333333333	D:1.64355632328308	D:1.39495631973199	D:0.129116920722026	D:0.709216387506633	D:0.665906455902065	S:RTF1/SSRP1/CTR9/CDK7/CDC73/NCBP1/SUPT16H	D:7	S:Formation of rna pol ii elongation complex	S:FALSE	N:	N:	N:	N:	N:	N:	N:	N:	N:	N:	N:	N:	N:
S:REACTOME_TRANSCRIPTIONAL_ACTIVATION_OF_MITOCHONDRIAL_BIOGENESIS	S:REACTOME_TRANSCRIPTIONAL_ACTIVATION_OF_MITOCHONDRIAL_BIOGENESIS	S:7/796	S:48/8971	D:0.145833333333333	D:1.64355632328308	D:1.39495631973199	D:0.129116920722026	D:0.709216387506633	D:0.665906455902065	S:MED1/TGS1/TFB1M/SIRT4/TFAM/PPRC1/SIRT5	D:7	S:Transcriptional activation of mitochondrial biogenesis	S:FALSE	N:	N:	N:	N:	N:	N:	N:	N:	N:	N:	N:	N:	N:
S:REACTOME_TRANSCRIPTIONAL_REGULATION_BY_MECP2	S:REACTOME_TRANSCRIPTIONAL_REGULATION_BY_MECP2	S:7/796	S:48/8971	D:0.145833333333333	D:1.64355632328308	D:1.39495631973199	D:0.129116920722026	D:0.709216387506633	D:0.665906455902065	S:LBR/HDAC1/MET/HDAC2/TNRC6C/SGK1/CAMK2D	D:7	S:Transcriptional regulation by mecp2	S:FALSE	N:	N:	N:	N:	N:	N:	N:	N:	N:	N:	N:	N:	N:
S:REACTOME_INTRACELLULAR_SIGNALING_BY_SECOND_MESSENGERS	S:REACTOME_INTRACELLULAR_SIGNALING_BY_SECOND_MESSENGERS	S:30/796	S:274/8971	D:0.109489051094891	D:1.23395260976415	D:1.22723382065471	D:0.132594475798932	D:0.724849801034161	D:0.680585179038127	S:PRKCE/RRAGC/JUN/ITPR1/HDAC1/PSMD7/FOXO1/THEM4/MET/KIT/REST/HDAC2/TNRC6C/PSMA5/TNKS/EGF/PPP2CB/IRS1/OTUD3/USP7/SGK1/MTA3/TRAF6/PRKCA/CD19/RBBP4/PTPN11/BMI1/CAMK2D/PHLPP2	D:30	S:Intracellular signaling by second messengers	S:FALSE	N:	N:	N:	N:	N:	N:	N:	N:	N:	N:	N:	N:	N:
S:REACTOME_TERMINATION_OF_TRANSLESION_DNA_SYNTHESIS	S:REACTOME_TERMINATION_OF_TRANSLESION_DNA_SYNTHESIS	S:5/796	S:31/8971	D:0.161290322580645	D:1.81775814556654	D:1.42313415246675	D:0.135245498859174	D:0.725811167432735	D:0.681487837384119	S:RPA1/POLE3/REV1/RFC5/PCNA	D:5	S:Termination of translesion dna synthesis	S:FALSE	N:	N:	N:	N:	N:	N:	N:	N:	N:	N:	N:	N:	N:
S:REACTOME_REGULATION_OF_PTEN_GENE_TRANSCRIPTION	S:REACTOME_REGULATION_OF_PTEN_GENE_TRANSCRIPTION	S:8/796	S:58/8971	D:0.137931034482759	D:1.55449662103622	D:1.32193415073273	D:0.138693687533509	D:0.725811167432735	D:0.681487837384119	S:RRAGC/JUN/HDAC1/REST/HDAC2/MTA3/RBBP4/BMI1	D:8	S:Regulation of pten gene transcription	S:FALSE	N:	N:	N:	N:	N:	N:	N:	N:	N:	N:	N:	N:	N:
S:REACTOME_REGULATION_OF_MITF_M_DEPENDENT_GENES_INVOLVED_IN_PIGMENTATION	S:REACTOME_REGULATION_OF_MITF_M_DEPENDENT_GENES_INVOLVED_IN_PIGMENTATION	S:6/796	S:40/8971	D:0.15	D:1.69051507537688	D:1.36572100907863	D:0.13915388094735	D:0.725811167432735	D:0.681487837384119	S:SMARCE1/DPF3/ACTL6A/LEF1/MYO5A/SS18L1	D:6	S:Regulation of mitf m dependent genes involved in pigmentation	S:FALSE	N:	N:	N:	N:	N:	N:	N:	N:	N:	N:	N:	N:	N:
S:REACTOME_METABOLISM_OF_COFACTORS	S:REACTOME_METABOLISM_OF_COFACTORS	S:4/796	S:23/8971	D:0.173913043478261	D:1.96001747869784	D:1.43843070553773	D:0.141533114928531	D:0.725811167432735	D:0.681487837384119	S:HPDL/ACO1/PDSS2/COQ3	D:4	S:Metabolism of cofactors	S:FALSE	N:	N:	N:	N:	N:	N:	N:	N:	N:	N:	N:	N:	N:
S:REACTOME_RHO_GTPASES_ACTIVATE_NADPH_OXIDASES	S:REACTOME_RHO_GTPASES_ACTIVATE_NADPH_OXIDASES	S:4/796	S:23/8971	D:0.173913043478261	D:1.96001747869784	D:1.43843070553773	D:0.141533114928531	D:0.725811167432735	D:0.681487837384119	S:PIK3R4/PIK3C3/PRKCB/PRKCA	D:4	S:Rho gtpases activate nadph oxidases	S:FALSE	N:	N:	N:	N:	N:	N:	N:	N:	N:	N:	N:	N:	N:
S:REACTOME_RORA_B_C_AND_NR1D1_REV_ERBA_REGULATE_GENE_EXPRESSION	S:REACTOME_RORA_B_C_AND_NR1D1_REV_ERBA_REGULATE_GENE_EXPRESSION	S:4/796	S:23/8971	D:0.173913043478261	D:1.96001747869784	D:1.43843070553773	D:0.141533114928531	D:0.725811167432735	D:0.681487837384119	S:MED1/RORA/TGS1/RORC	D:4	S:Rora b c and nr1d1 rev erba regulate gene expression	S:FALSE	N:	N:	N:	N:	N:	N:	N:	N:	N:	N:	N:	N:	N:
S:REACTOME_REGULATION_OF_PLK1_ACTIVITY_AT_G2_M_TRANSITION	S:REACTOME_REGULATION_OF_PLK1_ACTIVITY_AT_G2_M_TRANSITION	S:10/796	S:77/8971	D:0.12987012987013	D:1.46364941591072	D:1.27495657149453	D:0.142082538167855	D:0.725811167432735	D:0.681487837384119	S:CEP192/PCM1/CEP70/ALMS1/HAUS3/CCNB1/CEP152/CEP72/MAPRE1/CEP76	D:10	S:Regulation of plk1 activity at g2 m transition	S:FALSE	N:	N:	N:	N:	N:	N:	N:	N:	N:	N:	N:	N:	N:
S:REACTOME_DENGUE_VIRUS_MODULATES_APOPTOSIS	S:REACTOME_DENGUE_VIRUS_MODULATES_APOPTOSIS	S:3/796	S:15/8971	D:0.2	D:2.25402010050251	D:1.51670793747848	D:0.142253930899273	D:0.725811167432735	D:0.681487837384119	S:PIK3R4/PIK3C3/NFKBIA	D:3	S:Dengue virus modulates apoptosis	S:FALSE	N:	N:	N:	N:	N:	N:	N:	N:	N:	N:	N:	N:	N:
S:REACTOME_GAB1_SIGNALOSOME	S:REACTOME_GAB1_SIGNALOSOME	S:3/796	S:15/8971	D:0.2	D:2.25402010050251	D:1.51670793747848	D:0.142253930899273	D:0.725811167432735	D:0.681487837384119	S:EGF/PAG1/PTPN11	D:3	S:Gab1 signalosome	S:FALSE	N:	N:	N:	N:	N:	N:	N:	N:	N:	N:	N:	N:	N:
S:REACTOME_MATURATION_OF_SARS_COV_2_NUCLEOPROTEIN	S:REACTOME_MATURATION_OF_SARS_COV_2_NUCLEOPROTEIN	S:3/796	S:15/8971	D:0.2	D:2.25402010050251	D:1.51670793747848	D:0.142253930899273	D:0.725811167432735	D:0.681487837384119	S:PARP8/SRPK2/PARP16	D:3	S:Maturation of sars cov 2 nucleoprotein	S:FALSE	N:	N:	N:	N:	N:	N:	N:	N:	N:	N:	N:	N:	N:
S:REACTOME_MECP2_REGULATES_NEURONAL_RECEPTORS_AND_CHANNELS	S:REACTOME_MECP2_REGULATES_NEURONAL_RECEPTORS_AND_CHANNELS	S:3/796	S:15/8971	D:0.2	D:2.25402010050251	D:1.51670793747848	D:0.142253930899273	D:0.725811167432735	D:0.681487837384119	S:HDAC1/MET/HDAC2	D:3	S:Mecp2 regulates neuronal receptors and channels	S:FALSE	N:	N:	N:	N:	N:	N:	N:	N:	N:	N:	N:	N:	N:
S:REACTOME_PROCESSIVE_SYNTHESIS_ON_THE_LAGGING_STRAND	S:REACTOME_PROCESSIVE_SYNTHESIS_ON_THE_LAGGING_STRAND	S:3/796	S:15/8971	D:0.2	D:2.25402010050251	D:1.51670793747848	D:0.142253930899273	D:0.725811167432735	D:0.681487837384119	S:RPA1/PRIM1/PCNA	D:3	S:Processive synthesis on the lagging strand	S:FALSE	N:	N:	N:	N:	N:	N:	N:	N:	N:	N:	N:	N:	N:
S:REACTOME_SIGNALING_BY_ACTIVIN	S:REACTOME_SIGNALING_BY_ACTIVIN	S:3/796	S:15/8971	D:0.2	D:2.25402010050251	D:1.51670793747848	D:0.142253930899273	D:0.725811167432735	D:0.681487837384119	S:SMAD3/ACVR1C/SMAD2	D:3	S:Signaling by activin	S:FALSE	N:	N:	N:	N:	N:	N:	N:	N:	N:	N:	N:	N:	N:
S:REACTOME_TRANSCRIPTION_OF_E2F_TARGETS_UNDER_NEGATIVE_CONTROL_BY_P107_RBL1_AND_P130_RBL2_IN_COMPLEX_WITH_HDAC1	S:REACTOME_TRANSCRIPTION_OF_E2F_TARGETS_UNDER_NEGATIVE_CONTROL_BY_P107_RBL1_AND_P130_RBL2_IN_COMPLEX_WITH_HDAC1	S:3/796	S:15/8971	D:0.2	D:2.25402010050251	D:1.51670793747848	D:0.142253930899273	D:0.725811167432735	D:0.681487837384119	S:HDAC1/RBBP4/RBL1	D:3	S:Transcription of e2f targets under negative control by p107 rbl1 and p130 rbl2 in complex with hdac1	S:FALSE	N:	N:	N:	N:	N:	N:	N:	N:	N:	N:	N:	N:	N:
S:REACTOME_ZINC_TRANSPORTERS	S:REACTOME_ZINC_TRANSPORTERS	S:3/796	S:15/8971	D:0.2	D:2.25402010050251	D:1.51670793747848	D:0.142253930899273	D:0.725811167432735	D:0.681487837384119	S:SLC39A8/SLC39A10/SLC30A5	D:3	S:Zinc transporters	S:FALSE	N:	N:	N:	N:	N:	N:	N:	N:	N:	N:	N:	N:	N:
S:REACTOME_MITOCHONDRIAL_BIOGENESIS	S:REACTOME_MITOCHONDRIAL_BIOGENESIS	S:9/796	S:68/8971	D:0.132352941176471	D:1.49163094886196	D:1.26979718195532	D:0.145704904967349	D:0.738897234953394	D:0.693774774062237	S:MED1/TGS1/HSPA9/TFB1M/SIRT4/TFAM/PPRC1/SIRT5/PRKAB2	D:9	S:Mitochondrial biogenesis	S:FALSE	N:	N:	N:	N:	N:	N:	N:	N:	N:	N:	N:	N:	N:
S:REACTOME_DEUBIQUITINATION	S:REACTOME_DEUBIQUITINATION	S:24/796	S:216/8971	D:0.111111111111111	D:1.25223338916806	D:1.17087423765812	D:0.147225769342415	D:0.738897234953394	D:0.693774774062237	S:USP42/YY1/TRIM4/USP34/PSMD7/MAT2B/SMAD3/USP25/ACTL6A/PSMA5/TNKS/SMAD2/BRCA1/NFKBIA/ASXL2/STAMBP/OTUD3/USP7/USP8/USP47/TRAF6/IDE/USP14/ASXL1	D:24	S:Deubiquitination	S:FALSE	N:	N:	N:	N:	N:	N:	N:	N:	N:	N:	N:	N:	N:
S:REACTOME_TRANSLATION_OF_SARS_COV_2_STRUCTURAL_PROTEINS	S:REACTOME_TRANSLATION_OF_SARS_COV_2_STRUCTURAL_PROTEINS	S:8/796	S:59/8971	D:0.135593220338983	D:1.52814922067967	D:1.27000062570931	D:0.14879734859677	D:0.738897234953394	D:0.693774774062237	S:PARP8/SRPK2/ST6GAL1/CANX/MAN2A1/MGAT4A/PARP16/DAD1	D:8	S:Translation of sars cov 2 structural proteins	S:FALSE	N:	N:	N:	N:	N:	N:	N:	N:	N:	N:	N:	N:	N:
S:REACTOME_ANTIMICROBIAL_MECHANISM_OF_IFN_STIMULATED_GENES	S:REACTOME_ANTIMICROBIAL_MECHANISM_OF_IFN_STIMULATED_GENES	S:17/796	S:146/8971	D:0.116438356164384	D:1.31227197631996	D:1.1870279838157	D:0.149225096514976	D:0.738897234953394	D:0.693774774062237	S:NUP107/NUP153/TPR/NUP160/SEH1L/RANBP2/EIF4G2/NUP50/NUP62/NUP133/RNASEL/KPNA4/PPP2CB/HSPA8/FANCF/NUP205/NPM1	D:17	S:Antimicrobial mechanism of ifn stimulated genes	S:FALSE	N:	N:	N:	N:	N:	N:	N:	N:	N:	N:	N:	N:	N:
S:REACTOME_DNA_STRAND_ELONGATION	S:REACTOME_DNA_STRAND_ELONGATION	S:5/796	S:32/8971	D:0.15625	D:1.76095320351759	D:1.34554226795758	D:0.149324179886052	D:0.738897234953394	D:0.693774774062237	S:RPA1/MCM7/RFC5/PRIM1/PCNA	D:5	S:Dna strand elongation	S:FALSE	N:	N:	N:	N:	N:	N:	N:	N:	N:	N:	N:	N:	N:
S:REACTOME_EXPRESSION_OF_BMAL_ARNTL_CLOCK_AND_NPAS2	S:REACTOME_EXPRESSION_OF_BMAL_ARNTL_CLOCK_AND_NPAS2	S:5/796	S:32/8971	D:0.15625	D:1.76095320351759	D:1.34554226795758	D:0.149324179886052	D:0.738897234953394	D:0.693774774062237	S:SIRT1/MED1/RORA/TGS1/RORC	D:5	S:Expression of bmal arntl clock and npas2	S:FALSE	N:	N:	N:	N:	N:	N:	N:	N:	N:	N:	N:	N:	N:
S:REACTOME_MEIOTIC_SYNAPSIS	S:REACTOME_MEIOTIC_SYNAPSIS	S:5/796	S:32/8971	D:0.15625	D:1.76095320351759	D:1.34554226795758	D:0.149324179886052	D:0.738897234953394	D:0.693774774062237	S:SMC3/RAD21/TERF1/BRCA1/ATR	D:5	S:Meiotic synapsis	S:FALSE	N:	N:	N:	N:	N:	N:	N:	N:	N:	N:	N:	N:	N:
S:REACTOME_RHOD_GTPASE_CYCLE	S:REACTOME_RHOD_GTPASE_CYCLE	S:7/796	S:50/8971	D:0.14	D:1.57781407035176	D:1.27842489854238	D:0.150977792314667	D:0.743873414494584	D:0.698447071742577	S:LBR/ADD3/LEMD3/PGRMC2/WHAMM/LMAN1/ARHGAP17	D:7	S:Rhod gtpase cycle	S:FALSE	N:	N:	N:	N:	N:	N:	N:	N:	N:	N:	N:	N:	N:
S:REACTOME_INTRA_GOLGI_AND_RETROGRADE_GOLGI_TO_ER_TRAFFIC	S:REACTOME_INTRA_GOLGI_AND_RETROGRADE_GOLGI_TO_ER_TRAFFIC	S:21/796	S:187/8971	D:0.112299465240642	D:1.26562625964045	D:1.14539299132114	D:0.154751157736166	D:0.759206534534696	D:0.712843839504428	S:COG3/KIF3A/NAA35/KIF27/KIF2A/COPB2/RAB3GAP2/GCC1/KIF16B/KIF15/TMED10/ZW10/GOLGA4/MAN2A1/RAB30/CENPE/MAN1C1/BICD1/NAA30/GCC2/GOLGA5	D:21	S:Intra golgi and retrograde golgi to er traffic	S:FALSE	N:	N:	N:	N:	N:	N:	N:	N:	N:	N:	N:	N:	N:
S:REACTOME_FORMATION_OF_NEURONAL_PROGENITOR_AND_NEURONAL_BAF_NPBAF_AND_NBAF	S:REACTOME_FORMATION_OF_NEURONAL_PROGENITOR_AND_NEURONAL_BAF_NPBAF_AND_NBAF	S:4/796	S:24/8971	D:0.166666666666667	D:1.87835008375209	D:1.34444618755605	D:0.158650541914668	D:0.768484481510712	D:0.721555207286786	S:SMARCE1/DPF3/ACTL6A/SS18L1	D:4	S:Formation of neuronal progenitor and neuronal baf npbaf and nbaf	S:FALSE	N:	N:	N:	N:	N:	N:	N:	N:	N:	N:	N:	N:	N:
S:REACTOME_M_DECAY_DEGRADATION_OF_MATERNAL_MRNAS_BY_MATERNALLY_STORED_FACTORS	S:REACTOME_M_DECAY_DEGRADATION_OF_MATERNAL_MRNAS_BY_MATERNALLY_STORED_FACTORS	S:4/796	S:24/8971	D:0.166666666666667	D:1.87835008375209	D:1.34444618755605	D:0.158650541914668	D:0.768484481510712	D:0.721555207286786	S:ZFP36L2/CNOT2/CNOT6L/PABPC1	D:4	S:M decay degradation of maternal mrnas by maternally stored factors	S:FALSE	N:	N:	N:	N:	N:	N:	N:	N:	N:	N:	N:	N:	N:
S:REACTOME_POLYMERASE_SWITCHING_ON_THE_C_STRAND_OF_THE_TELOMERE	S:REACTOME_POLYMERASE_SWITCHING_ON_THE_C_STRAND_OF_THE_TELOMERE	S:4/796	S:24/8971	D:0.166666666666667	D:1.87835008375209	D:1.34444618755605	D:0.158650541914668	D:0.768484481510712	D:0.721555207286786	S:TERF1/RFC5/PRIM1/PCNA	D:4	S:Polymerase switching on the c strand of the telomere	S:FALSE	N:	N:	N:	N:	N:	N:	N:	N:	N:	N:	N:	N:	N:
S:REACTOME_FC_EPSILON_RECEPTOR_FCERI_SIGNALING	S:REACTOME_FC_EPSILON_RECEPTOR_FCERI_SIGNALING	S:14/796	S:118/8971	D:0.11864406779661	D:1.33713056809471	D:1.15027790734871	D:0.160822727204844	D:0.770501423661929	D:0.723448980221727	S:RASGRP2/KRAS/JUN/ITPR1/RASGRP1/PSMD7/TAB2/MAP2K4/IGLV6-57/PSMA5/NFKBIA/TRAF6/PRKCQ/MALT1	D:14	S:Fc epsilon receptor fceri signaling	S:FALSE	N:	N:	N:	N:	N:	N:	N:	N:	N:	N:	N:	N:	N:
S:REACTOME_PTEN_REGULATION	S:REACTOME_PTEN_REGULATION	S:14/796	S:118/8971	D:0.11864406779661	D:1.33713056809471	D:1.15027790734871	D:0.160822727204844	D:0.770501423661929	D:0.723448980221727	S:RRAGC/JUN/HDAC1/PSMD7/REST/HDAC2/TNRC6C/PSMA5/TNKS/OTUD3/USP7/MTA3/RBBP4/BMI1	D:14	S:Pten regulation	S:FALSE	N:	N:	N:	N:	N:	N:	N:	N:	N:	N:	N:	N:	N:
S:REACTOME_FORMATION_OF_THE_DYSTROPHIN_GLYCOPROTEIN_COMPLEX_DGC	S:REACTOME_FORMATION_OF_THE_DYSTROPHIN_GLYCOPROTEIN_COMPLEX_DGC	S:5/796	S:33/8971	D:0.151515151515152	D:1.70759098522918	D:1.27065591017079	D:0.163990325732599	D:0.770501423661929	D:0.723448980221727	S:LAMA2/SNTG2/SNTB1/UTRN/SSPN	D:5	S:Formation of the dystrophin glycoprotein complex dgc	S:FALSE	N:	N:	N:	N:	N:	N:	N:	N:	N:	N:	N:	N:	N:
S:REACTOME_PKMTS_METHYLATE_HISTONE_LYSINES	S:REACTOME_PKMTS_METHYLATE_HISTONE_LYSINES	S:5/796	S:33/8971	D:0.151515151515152	D:1.70759098522918	D:1.27065591017079	D:0.163990325732599	D:0.770501423661929	D:0.723448980221727	S:AEBP2/SMYD3/SMYD2/RBBP4/SETD6	D:5	S:Pkmts methylate histone lysines	S:FALSE	N:	N:	N:	N:	N:	N:	N:	N:	N:	N:	N:	N:	N:
S:REACTOME_DISEASES_ASSOCIATED_WITH_GLYCOSYLATION_PRECURSOR_BIOSYNTHESIS	S:REACTOME_DISEASES_ASSOCIATED_WITH_GLYCOSYLATION_PRECURSOR_BIOSYNTHESIS	S:3/796	S:16/8971	D:0.1875	D:2.11314384422111	D:1.39055240306445	D:0.164174105457097	D:0.770501423661929	D:0.723448980221727	S:GNE/GFPT1/MPI	D:3	S:Diseases associated with glycosylation precursor biosynthesis	S:FALSE	N:	N:	N:	N:	N:	N:	N:	N:	N:	N:	N:	N:	N:
S:REACTOME_REGULATION_OF_KIT_SIGNALING	S:REACTOME_REGULATION_OF_KIT_SIGNALING	S:3/796	S:16/8971	D:0.1875	D:2.11314384422111	D:1.39055240306445	D:0.164174105457097	D:0.770501423661929	D:0.723448980221727	S:KIT/PRKCA/YES1	D:3	S:Regulation of kit signaling	S:FALSE	N:	N:	N:	N:	N:	N:	N:	N:	N:	N:	N:	N:	N:
S:REACTOME_SPRY_REGULATION_OF_FGF_SIGNALING	S:REACTOME_SPRY_REGULATION_OF_FGF_SIGNALING	S:3/796	S:16/8971	D:0.1875	D:2.11314384422111	D:1.39055240306445	D:0.164174105457097	D:0.770501423661929	D:0.723448980221727	S:SPRY2/PPP2CB/PTPN11	D:3	S:Spry regulation of fgf signaling	S:FALSE	N:	N:	N:	N:	N:	N:	N:	N:	N:	N:	N:	N:	N:
S:REACTOME_NEUROTRANSMITTER_RELEASE_CYCLE	S:REACTOME_NEUROTRANSMITTER_RELEASE_CYCLE	S:6/796	S:42/8971	D:0.142857142857143	D:1.61001435750179	D:1.23643749126977	D:0.164472470690087	D:0.770501423661929	D:0.723448980221727	S:SLC18A2/GLS/UNC13B/CASK/GLS2/HSPA8	D:6	S:Neurotransmitter release cycle	S:FALSE	N:	N:	N:	N:	N:	N:	N:	N:	N:	N:	N:	N:	N:
S:REACTOME_EPIGENETIC_REGULATION_OF_GENE_EXPRESSION_BY_MLL3_AND_MLL4_COMPLEXES	S:REACTOME_EPIGENETIC_REGULATION_OF_GENE_EXPRESSION_BY_MLL3_AND_MLL4_COMPLEXES	S:9/796	S:70/8971	D:0.128571428571429	D:1.44901292175162	D:1.17678556794139	D:0.165107447927556	D:0.770501423661929	D:0.723448980221727	S:SIRT1/MED1/LPIN1/MED23/PAXIP1/MED31/RB1/NCOA3/MED6	D:9	S:Epigenetic regulation of gene expression by mll3 and mll4 complexes	S:FALSE	N:	N:	N:	N:	N:	N:	N:	N:	N:	N:	N:	N:	N:
S:REACTOME_ESTROGEN_DEPENDENT_GENE_EXPRESSION	S:REACTOME_ESTROGEN_DEPENDENT_GENE_EXPRESSION	S:10/796	S:80/8971	D:0.125	D:1.40876256281407	D:1.14590780230191	D:0.169263484046423	D:0.786698298321027	D:0.738656755438045	S:MED1/SMC3/RAD21/YY1/JUN/HDAC1/ZNF217/TNRC6C/NCOA3/CBFB	D:10	S:Estrogen dependent gene expression	S:FALSE	N:	N:	N:	N:	N:	N:	N:	N:	N:	N:	N:	N:	N:
S:REACTOME_CALNEXIN_CALRETICULIN_CYCLE	S:REACTOME_CALNEXIN_CALRETICULIN_CYCLE	S:4/796	S:25/8971	D:0.16	D:1.80321608040201	D:1.25486448061493	D:0.17648159360918	D:0.810403477853354	D:0.760914323603369	S:SEL1L/CANX/SYVN1/RNF103	D:4	S:Calnexin calreticulin cycle	S:FALSE	N:	N:	N:	N:	N:	N:	N:	N:	N:	N:	N:	N:	N:
S:REACTOME_EGR2_AND_SOX10_MEDIATED_INITIATION_OF_SCHWANN_CELL_MYELINATION	S:REACTOME_EGR2_AND_SOX10_MEDIATED_INITIATION_OF_SCHWANN_CELL_MYELINATION	S:4/796	S:25/8971	D:0.16	D:1.80321608040201	D:1.25486448061493	D:0.17648159360918	D:0.810403477853354	D:0.760914323603369	S:LAMA2/HMGCR/HDAC2/UTRN	D:4	S:Egr2 and sox10 mediated initiation of schwann cell myelination	S:FALSE	N:	N:	N:	N:	N:	N:	N:	N:	N:	N:	N:	N:	N:
S:REACTOME_GAP_FILLING_DNA_REPAIR_SYNTHESIS_AND_LIGATION_IN_GG_NER	S:REACTOME_GAP_FILLING_DNA_REPAIR_SYNTHESIS_AND_LIGATION_IN_GG_NER	S:4/796	S:25/8971	D:0.16	D:1.80321608040201	D:1.25486448061493	D:0.17648159360918	D:0.810403477853354	D:0.760914323603369	S:RPA1/POLE3/RFC5/PCNA	D:4	S:Gap filling dna repair synthesis and ligation in gg ner	S:FALSE	N:	N:	N:	N:	N:	N:	N:	N:	N:	N:	N:	N:	N:
S:REACTOME_SUMOYLATION_OF_TRANSCRIPTION_COFACTORS	S:REACTOME_SUMOYLATION_OF_TRANSCRIPTION_COFACTORS	S:6/796	S:43/8971	D:0.13953488372093	D:1.57257216314129	D:1.17434645666263	D:0.177816175308016	D:0.813139882217486	D:0.763483623134702	S:CASP8AP2/TOPORS/MBD1/PIAS2/BMI1/NPM1	D:6	S:Sumoylation of transcription cofactors	S:FALSE	N:	N:	N:	N:	N:	N:	N:	N:	N:	N:	N:	N:	N:
S:REACTOME_EARLY_SARS_COV_2_INFECTION_EVENTS	S:REACTOME_EARLY_SARS_COV_2_INFECTION_EVENTS	S:5/796	S:34/8971	D:0.147058823529412	D:1.65736772095773	D:1.19828694872811	D:0.179202430488697	D:0.813139882217486	D:0.763483623134702	S:PIK3R4/PIK3C3/CHMP2B/ISCU/RB1	D:5	S:Early sars cov 2 infection events	S:FALSE	N:	N:	N:	N:	N:	N:	N:	N:	N:	N:	N:	N:	N:
S:REACTOME_TRANSCRIPTIONAL_REGULATION_BY_E2F6	S:REACTOME_TRANSCRIPTIONAL_REGULATION_BY_E2F6	S:5/796	S:34/8971	D:0.147058823529412	D:1.65736772095773	D:1.19828694872811	D:0.179202430488697	D:0.813139882217486	D:0.763483623134702	S:MGA/BRCA1/YAF2/RBBP4/BMI1	D:5	S:Transcriptional regulation by e2f6	S:FALSE	N:	N:	N:	N:	N:	N:	N:	N:	N:	N:	N:	N:	N:
S:REACTOME_HATS_ACETYLATE_HISTONES	S:REACTOME_HATS_ACETYLATE_HISTONES	S:8/796	S:62/8971	D:0.129032258064516	D:1.45420651645323	D:1.11980809000503	D:0.181136434440907	D:0.818679632827407	D:0.768685076118893	S:ING3/ACTL6A/MSL2/BRD1/SUPT3H/BRPF3/TADA1/EP400	D:8	S:Hats acetylate histones	S:FALSE	N:	N:	N:	N:	N:	N:	N:	N:	N:	N:	N:	N:	N:
S:REACTOME_RECRUITMENT_OF_MITOTIC_CENTROSOME_PROTEINS_AND_COMPLEXES	S:REACTOME_RECRUITMENT_OF_MITOTIC_CENTROSOME_PROTEINS_AND_COMPLEXES	S:9/796	S:72/8971	D:0.125	D:1.40876256281407	D:1.08661484249293	D:0.1856599325275	D:0.828897286533462	D:0.778278765276238	S:CEP192/PCM1/CEP70/ALMS1/HAUS3/CEP152/CEP72/MAPRE1/CEP76	D:9	S:Recruitment of mitotic centrosome proteins and complexes	S:FALSE	N:	N:	N:	N:	N:	N:	N:	N:	N:	N:	N:	N:	N:
S:REACTOME_RAS_ACTIVATION_UPON_CA2_INFLUX_THROUGH_NMDA_RECEPTOR	S:REACTOME_RAS_ACTIVATION_UPON_CA2_INFLUX_THROUGH_NMDA_RECEPTOR	S:3/796	S:17/8971	D:0.176470588235294	D:1.98884126514928	D:1.27336049464757	D:0.187007314644744	D:0.828897286533462	D:0.778278765276238	S:KRAS/DLG1/CAMK2D	D:3	S:Ras activation upon ca2 influx through nmda receptor	S:FALSE	N:	N:	N:	N:	N:	N:	N:	N:	N:	N:	N:	N:	N:
S:REACTOME_TGFBR3_EXPRESSION	S:REACTOME_TGFBR3_EXPRESSION	S:3/796	S:17/8971	D:0.176470588235294	D:1.98884126514928	D:1.27336049464757	D:0.187007314644744	D:0.828897286533462	D:0.778278765276238	S:SMAD3/TNRC6C/TCF12	D:3	S:Tgfbr3 expression	S:FALSE	N:	N:	N:	N:	N:	N:	N:	N:	N:	N:	N:	N:	N:
S:REACTOME_TP53_REGULATES_TRANSCRIPTION_OF_ADDITIONAL_CELL_CYCLE_GENES_WHOSE_EXACT_ROLE_IN_THE_P53_PATHWAY_REMAIN_UNCERTAIN	S:REACTOME_TP53_REGULATES_TRANSCRIPTION_OF_ADDITIONAL_CELL_CYCLE_GENES_WHOSE_EXACT_ROLE_IN_THE_P53_PATHWAY_REMAIN_UNCERTAIN	S:3/796	S:17/8971	D:0.176470588235294	D:1.98884126514928	D:1.27336049464757	D:0.187007314644744	D:0.828897286533462	D:0.778278765276238	S:CNOT2/CNOT6L/NPM1	D:3	S:Tp53 regulates transcription of additional cell cycle genes whose exact role in the p53 pathway remain uncertain	S:FALSE	N:	N:	N:	N:	N:	N:	N:	N:	N:	N:	N:	N:	N:
S:REACTOME_TP53_REGULATES_TRANSCRIPTION_OF_GENES_INVOLVED_IN_G2_CELL_CYCLE_ARREST	S:REACTOME_TP53_REGULATES_TRANSCRIPTION_OF_GENES_INVOLVED_IN_G2_CELL_CYCLE_ARREST	S:3/796	S:17/8971	D:0.176470588235294	D:1.98884126514928	D:1.27336049464757	D:0.187007314644744	D:0.828897286533462	D:0.778278765276238	S:CCNB1/PCNA/RBL1	D:3	S:Tp53 regulates transcription of genes involved in g2 cell cycle arrest	S:FALSE	N:	N:	N:	N:	N:	N:	N:	N:	N:	N:	N:	N:	N:
S:REACTOME_GLOBAL_GENOME_NUCLEOTIDE_EXCISION_REPAIR_GG_NER	S:REACTOME_GLOBAL_GENOME_NUCLEOTIDE_EXCISION_REPAIR_GG_NER	S:10/796	S:82/8971	D:0.121951219512195	D:1.37440250030641	D:1.06274259647169	D:0.188662059340387	D:0.833015554318324	D:0.782145541556908	S:PARP1/RPA1/YY1/POLE3/ERCC5/ACTL6A/CDK7/ERCC4/RFC5/PCNA	D:10	S:Global genome nucleotide excision repair gg ner	S:FALSE	N:	N:	N:	N:	N:	N:	N:	N:	N:	N:	N:	N:	N:
S:REACTOME_INSULIN_RECEPTOR_SIGNALLING_CASCADE	S:REACTOME_INSULIN_RECEPTOR_SIGNALLING_CASCADE	S:6/796	S:44/8971	D:0.136363636363636	D:1.53683188670626	D:1.11383471561284	D:0.191579545225751	D:0.839440144729626	D:0.788177799562752	S:KRAS/PIK3R4/PIK3C3/THEM4/IRS1/PTPN11	D:6	S:Insulin receptor signalling cascade	S:FALSE	N:	N:	N:	N:	N:	N:	N:	N:	N:	N:	N:	N:	N:
S:REACTOME_SIGNALING_BY_TYPE_1_INSULIN_LIKE_GROWTH_FACTOR_1_RECEPTOR_IGF1R	S:REACTOME_SIGNALING_BY_TYPE_1_INSULIN_LIKE_GROWTH_FACTOR_1_RECEPTOR_IGF1R	S:6/796	S:44/8971	D:0.136363636363636	D:1.53683188670626	D:1.11383471561284	D:0.191579545225751	D:0.839440144729626	D:0.788177799562752	S:KRAS/PIK3R4/PIK3C3/THEM4/IRS1/PTPN11	D:6	S:Signaling by type 1 insulin like growth factor 1 receptor igf1r	S:FALSE	N:	N:	N:	N:	N:	N:	N:	N:	N:	N:	N:	N:	N:
S:REACTOME_TELOMERE_MAINTENANCE	S:REACTOME_TELOMERE_MAINTENANCE	S:8/796	S:63/8971	D:0.126984126984127	D:1.43112387333493	D:1.0714973904708	D:0.192547296938679	D:0.840472611732334	D:0.789147216590785	S:GAR1/WRN/RPA1/TERF1/RFC5/PRIM1/PCNA/BLM	D:8	S:Telomere maintenance	S:FALSE	N:	N:	N:	N:	N:	N:	N:	N:	N:	N:	N:	N:	N:
S:REACTOME_NGF_STIMULATED_TRANSCRIPTION	S:REACTOME_NGF_STIMULATED_TRANSCRIPTION	S:5/796	S:35/8971	D:0.142857142857143	D:1.61001435750179	D:1.12826566925329	D:0.194916896124697	D:0.844539343400941	D:0.792965603926796	S:REST/EGR3/SGK1/TCF12/F3	D:5	S:Ngf stimulated transcription	S:FALSE	N:	N:	N:	N:	N:	N:	N:	N:	N:	N:	N:	N:	N:
S:REACTOME_DENGUE_VIRUS_ACTIVATES_MODULATES_INNATE_AND_ADAPTIVE_IMMUNE_RESPONSES	S:REACTOME_DENGUE_VIRUS_ACTIVATES_MODULATES_INNATE_AND_ADAPTIVE_IMMUNE_RESPONSES	S:4/796	S:26/8971	D:0.153846153846154	D:1.73386161577116	D:1.16928276689813	D:0.194950283973214	D:0.844539343400941	D:0.792965603926796	S:RTF1/EXOC1/CTR9/CDC73	D:4	S:Dengue virus activates modulates innate and adaptive immune responses	S:FALSE	N:	N:	N:	N:	N:	N:	N:	N:	N:	N:	N:	N:	N:
S:REACTOME_UB_SPECIFIC_PROCESSING_PROTEASES	S:REACTOME_UB_SPECIFIC_PROCESSING_PROTEASES	S:16/796	S:143/8971	D:0.111888111888112	D:1.26099026601539	D:0.981680221865857	D:0.198643615956979	D:0.857304026761697	D:0.804950782508691	S:USP42/USP34/PSMD7/MAT2B/SMAD3/USP25/PSMA5/TNKS/SMAD2/NFKBIA/USP7/USP8/USP47/TRAF6/IDE/USP14	D:16	S:Ub specific processing proteases	S:FALSE	N:	N:	N:	N:	N:	N:	N:	N:	N:	N:	N:	N:	N:
S:REACTOME_HOMOLOGY_DIRECTED_REPAIR	S:REACTOME_HOMOLOGY_DIRECTED_REPAIR	S:11/796	S:93/8971	D:0.118279569892473	D:1.33302264008213	D:1.00731786905698	D:0.200081088182646	D:0.858375191296664	D:0.805956533915078	S:PARP1/WRN/RPA1/POLE3/FIGNL1/BRCA1/ERCC4/RFC5/PCNA/ATR/BLM	D:11	S:Homology directed repair	S:FALSE	N:	N:	N:	N:	N:	N:	N:	N:	N:	N:	N:	N:	N:
S:REACTOME_RHO_GTPASE_CYCLE	S:REACTOME_RHO_GTPASE_CYCLE	S:42/796	S:415/8971	D:0.101204819277108	D:1.14058848459163	D:0.915055182036604	D:0.202156864658035	D:0.858375191296664	D:0.805956533915078	S:NHS/CEP97/ARL13B/LBR/DAAM1/AMIGO2/SRRM1/DOCK10/ADD3/MTR/WDR6/TAGAP/SWAP70/LRRC1/LEMD3/KIDINS220/SYDE2/PGRMC2/ABCD3/FAF2/ABI2/FAM169A/CDC42SE2/PKN2/MYO9A/FMNL3/ALS2/DOCK9/ARHGEF4/WHAMM/KTN1/TMEM87A/ARHGEF3/RBBP6/ABL2/SCFD1/RTKN/LMAN1/ARHGAP17/SH3PXD2A/ARAP2/ACBD5	D:42	S:Rho gtpase cycle	S:FALSE	N:	N:	N:	N:	N:	N:	N:	N:	N:	N:	N:	N:	N:
S:REACTOME_ADHERENS_JUNCTIONS_INTERACTIONS	S:REACTOME_ADHERENS_JUNCTIONS_INTERACTIONS	S:17/796	S:154/8971	D:0.11038961038961	D:1.24410200352411	D:0.95341100098782	D:0.204891787616299	D:0.858375191296664	D:0.805956533915078	S:SIRT1/ZMYM2/HDAC1/PSMD7/SPCS2/ZNF217/CANX/HDAC2/MTBP/TNRC6C/PSMA5/STRAP/ANK3/RB1/TCF12/RBBP4/DAD1	D:17	S:Adherens junctions interactions	S:FALSE	N:	N:	N:	N:	N:	N:	N:	N:	N:	N:	N:	N:	N:
S:REACTOME_HEME_SIGNALING	S:REACTOME_HEME_SIGNALING	S:6/796	S:45/8971	D:0.133333333333333	D:1.50268006700167	D:1.05481999752376	D:0.205733298905618	D:0.858375191296664	D:0.805956533915078	S:SIRT1/MED1/RORA/TGS1/PGRMC2/NFE2L2	D:6	S:Heme signaling	S:FALSE	N:	N:	N:	N:	N:	N:	N:	N:	N:	N:	N:	N:	N:
S:REACTOME_SIGNALING_BY_ERBB2	S:REACTOME_SIGNALING_BY_ERBB2	S:6/796	S:45/8971	D:0.133333333333333	D:1.50268006700167	D:1.05481999752376	D:0.205733298905618	D:0.858375191296664	D:0.805956533915078	S:PRKCE/KRAS/EGF/USP8/PRKCA/YES1	D:6	S:Signaling by erbb2	S:FALSE	N:	N:	N:	N:	N:	N:	N:	N:	N:	N:	N:	N:	N:
S:REACTOME_TRANSCRIPTION_COUPLED_NUCLEOTIDE_EXCISION_REPAIR_TC_NER	S:REACTOME_TRANSCRIPTION_COUPLED_NUCLEOTIDE_EXCISION_REPAIR_TC_NER	S:9/796	S:74/8971	D:0.121621621621622	D:1.37068789895423	D:0.999105496223933	D:0.2072743934459	D:0.858375191296664	D:0.805956533915078	S:RPA1/ERCC6/POLE3/ERCC5/CDK7/ERCC4/RFC5/USP7/PCNA	D:9	S:Transcription coupled nucleotide excision repair tc ner	S:FALSE	N:	N:	N:	N:	N:	N:	N:	N:	N:	N:	N:	N:	N:
S:REACTOME_REGULATION_OF_NF_KAPPA_B_SIGNALING	S:REACTOME_REGULATION_OF_NF_KAPPA_B_SIGNALING	S:3/796	S:18/8971	D:0.166666666666667	D:1.87835008375209	D:1.16393434144591	D:0.210593130615757	D:0.858375191296664	D:0.805956533915078	S:IKBIP/TRAF6/USP14	D:3	S:Regulation of nf kappa b signaling	S:FALSE	N:	N:	N:	N:	N:	N:	N:	N:	N:	N:	N:	N:	N:
S:REACTOME_SIGNALING_BY_NODAL	S:REACTOME_SIGNALING_BY_NODAL	S:3/796	S:18/8971	D:0.166666666666667	D:1.87835008375209	D:1.16393434144591	D:0.210593130615757	D:0.858375191296664	D:0.805956533915078	S:SMAD3/ACVR1C/SMAD2	D:3	S:Signaling by nodal	S:FALSE	N:	N:	N:	N:	N:	N:	N:	N:	N:	N:	N:	N:	N:
S:REACTOME_SYNTHESIS_OF_PIPS_AT_THE_GOLGI_MEMBRANE	S:REACTOME_SYNTHESIS_OF_PIPS_AT_THE_GOLGI_MEMBRANE	S:3/796	S:18/8971	D:0.166666666666667	D:1.87835008375209	D:1.16393434144591	D:0.210593130615757	D:0.858375191296664	D:0.805956533915078	S:PIK3R4/PIK3C3/PIK3C2G	D:3	S:Synthesis of pips at the golgi membrane	S:FALSE	N:	N:	N:	N:	N:	N:	N:	N:	N:	N:	N:	N:	N:
S:REACTOME_GENE_AND_PROTEIN_EXPRESSION_BY_JAK_STAT_SIGNALING_AFTER_INTERLEUKIN_12_STIMULATION	S:REACTOME_GENE_AND_PROTEIN_EXPRESSION_BY_JAK_STAT_SIGNALING_AFTER_INTERLEUKIN_12_STIMULATION	S:5/796	S:36/8971	D:0.138888888888889	D:1.56529173646008	D:1.06043849235342	D:0.211088529861313	D:0.858375191296664	D:0.805956533915078	S:TCP1/HSPA9/MIF/HNRNPA2B1/SNRPA1	D:5	S:Gene and protein expression by jak stat signaling after interleukin 12 stimulation	S:FALSE	N:	N:	N:	N:	N:	N:	N:	N:	N:	N:	N:	N:	N:
S:REACTOME_RND2_GTPASE_CYCLE	S:REACTOME_RND2_GTPASE_CYCLE	S:5/796	S:36/8971	D:0.138888888888889	D:1.56529173646008	D:1.06043849235342	D:0.211088529861313	D:0.858375191296664	D:0.805956533915078	S:WDR6/LRRC1/LEMD3/KIDINS220/KTN1	D:5	S:Rnd2 gtpase cycle	S:FALSE	N:	N:	N:	N:	N:	N:	N:	N:	N:	N:	N:	N:	N:
S:REACTOME_G2_M_DNA_DAMAGE_CHECKPOINT	S:REACTOME_G2_M_DNA_DAMAGE_CHECKPOINT	S:7/796	S:55/8971	D:0.127272727272727	D:1.43437642759251	D:1.00825744800386	D:0.21228791886915	D:0.858375191296664	D:0.805956533915078	S:WRN/RPA1/BRCA1/CCNB1/RFC5/ATR/BLM	D:7	S:G2 m dna damage checkpoint	S:FALSE	N:	N:	N:	N:	N:	N:	N:	N:	N:	N:	N:	N:	N:
S:REACTOME_INTERLEUKIN_12_FAMILY_SIGNALING	S:REACTOME_INTERLEUKIN_12_FAMILY_SIGNALING	S:7/796	S:55/8971	D:0.127272727272727	D:1.43437642759251	D:1.00825744800386	D:0.21228791886915	D:0.858375191296664	D:0.805956533915078	S:TCP1/HSPA9/CANX/IL23R/MIF/HNRNPA2B1/SNRPA1	D:7	S:Interleukin 12 family signaling	S:FALSE	N:	N:	N:	N:	N:	N:	N:	N:	N:	N:	N:	N:	N:
S:REACTOME_DNA_DAMAGE_TELOMERE_STRESS_INDUCED_SENESCENCE	S:REACTOME_DNA_DAMAGE_TELOMERE_STRESS_INDUCED_SENESCENCE	S:4/796	S:27/8971	D:0.148148148148148	D:1.66964451889075	D:1.08734955225046	D:0.213979404181186	D:0.858375191296664	D:0.805956533915078	S:TERF1/CCNE1/RB1/EP400	D:4	S:Dna damage telomere stress induced senescence	S:FALSE	N:	N:	N:	N:	N:	N:	N:	N:	N:	N:	N:	N:	N:
S:REACTOME_INSULIN_RECEPTOR_RECYCLING	S:REACTOME_INSULIN_RECEPTOR_RECYCLING	S:4/796	S:27/8971	D:0.148148148148148	D:1.66964451889075	D:1.08734955225046	D:0.213979404181186	D:0.858375191296664	D:0.805956533915078	S:ATP6V1E2/ATP6V0A2/ATP6V1A/IDE	D:4	S:Insulin receptor recycling	S:FALSE	N:	N:	N:	N:	N:	N:	N:	N:	N:	N:	N:	N:	N:
S:REACTOME_RMTS_METHYLATE_HISTONE_ARGININES	S:REACTOME_RMTS_METHYLATE_HISTONE_ARGININES	S:4/796	S:27/8971	D:0.148148148148148	D:1.66964451889075	D:1.08734955225046	D:0.213979404181186	D:0.858375191296664	D:0.805956533915078	S:DNMT3A/ARID2/SMARCE1/ACTL6A	D:4	S:Rmts methylate histone arginines	S:FALSE	N:	N:	N:	N:	N:	N:	N:	N:	N:	N:	N:	N:	N:
S:REACTOME_RNA_POLYMERASE_I_PROMOTER_ESCAPE	S:REACTOME_RNA_POLYMERASE_I_PROMOTER_ESCAPE	S:4/796	S:27/8971	D:0.148148148148148	D:1.66964451889075	D:1.08734955225046	D:0.213979404181186	D:0.858375191296664	D:0.805956533915078	S:UBTF/POLR1B/TAF1B/CDK7	D:4	S:Rna polymerase i promoter escape	S:FALSE	N:	N:	N:	N:	N:	N:	N:	N:	N:	N:	N:	N:	N:
S:REACTOME_SARS_COV_1_INFECTION	S:REACTOME_SARS_COV_1_INFECTION	S:15/796	S:135/8971	D:0.111111111111111	D:1.25223338916806	D:0.921404822073867	D:0.215880165246227	D:0.858375191296664	D:0.805956533915078	S:ITCH/PIK3R4/PARP8/SMAD3/PIK3C3/ST6GAL1/RPS28/CANX/CHMP2B/PARP16/PPIG/NFKBIA/RB1/TRAF6/NPM1	D:15	S:Sars cov 1 infection	S:FALSE	N:	N:	N:	N:	N:	N:	N:	N:	N:	N:	N:	N:	N:
S:REACTOME_TRANSLOCATION_OF_SLC2A4_GLUT4_TO_THE_PLASMA_MEMBRANE	S:REACTOME_TRANSLOCATION_OF_SLC2A4_GLUT4_TO_THE_PLASMA_MEMBRANE	S:8/796	S:65/8971	D:0.123076923076923	D:1.38708929261693	D:0.977316803762518	D:0.216225248992369	D:0.858375191296664	D:0.805956533915078	S:KIF3A/RAB14/RALGAPB/EXOC1/EXOC8/EXOC5/MYO5A/PRKAB2	D:8	S:Translocation of slc2a4 glut4 to the plasma membrane	S:FALSE	N:	N:	N:	N:	N:	N:	N:	N:	N:	N:	N:	N:	N:
S:REACTOME_NUCLEOTIDE_EXCISION_REPAIR	S:REACTOME_NUCLEOTIDE_EXCISION_REPAIR	S:12/796	S:105/8971	D:0.114285714285714	D:1.28801148600144	D:0.926295317585971	D:0.219328487929548	D:0.858375191296664	D:0.805956533915078	S:PARP1/RPA1/YY1/ERCC6/POLE3/ERCC5/ACTL6A/CDK7/ERCC4/RFC5/USP7/PCNA	D:12	S:Nucleotide excision repair	S:FALSE	N:	N:	N:	N:	N:	N:	N:	N:	N:	N:	N:	N:	N:
S:REACTOME_ACTIVATED_NTRK2_SIGNALS_THROUGH_FRS2_AND_FRS3	S:REACTOME_ACTIVATED_NTRK2_SIGNALS_THROUGH_FRS2_AND_FRS3	S:2/796	S:10/8971	D:0.2	D:2.25402010050251	D:1.2380413035253	D:0.220575506474317	D:0.858375191296664	D:0.805956533915078	S:KRAS/PTPN11	D:2	S:Activated ntrk2 signals through frs2 and frs3	S:FALSE	N:	N:	N:	N:	N:	N:	N:	N:	N:	N:	N:	N:	N:
S:REACTOME_IONOTROPIC_ACTIVITY_OF_KAINATE_RECEPTORS	S:REACTOME_IONOTROPIC_ACTIVITY_OF_KAINATE_RECEPTORS	S:2/796	S:10/8971	D:0.2	D:2.25402010050251	D:1.2380413035253	D:0.220575506474317	D:0.858375191296664	D:0.805956533915078	S:GRIK3/DLG1	D:2	S:Ionotropic activity of kainate receptors	S:FALSE	N:	N:	N:	N:	N:	N:	N:	N:	N:	N:	N:	N:	N:
S:REACTOME_IRAK2_MEDIATED_ACTIVATION_OF_TAK1_COMPLEX	S:REACTOME_IRAK2_MEDIATED_ACTIVATION_OF_TAK1_COMPLEX	S:2/796	S:10/8971	D:0.2	D:2.25402010050251	D:1.2380413035253	D:0.220575506474317	D:0.858375191296664	D:0.805956533915078	S:TAB2/TRAF6	D:2	S:Irak2 mediated activation of tak1 complex	S:FALSE	N:	N:	N:	N:	N:	N:	N:	N:	N:	N:	N:	N:	N:
S:REACTOME_LGI_ADAM_INTERACTIONS	S:REACTOME_LGI_ADAM_INTERACTIONS	S:2/796	S:10/8971	D:0.2	D:2.25402010050251	D:1.2380413035253	D:0.220575506474317	D:0.858375191296664	D:0.805956533915078	S:ADAM11/ADAM22	D:2	S:Lgi adam interactions	S:FALSE	N:	N:	N:	N:	N:	N:	N:	N:	N:	N:	N:	N:	N:
S:REACTOME_MASTL_FACILITATES_MITOTIC_PROGRESSION	S:REACTOME_MASTL_FACILITATES_MITOTIC_PROGRESSION	S:2/796	S:10/8971	D:0.2	D:2.25402010050251	D:1.2380413035253	D:0.220575506474317	D:0.858375191296664	D:0.805956533915078	S:PPP2CB/CCNB1	D:2	S:Mastl facilitates mitotic progression	S:FALSE	N:	N:	N:	N:	N:	N:	N:	N:	N:	N:	N:	N:	N:
S:REACTOME_PROCESSING_AND_ACTIVATION_OF_SUMO	S:REACTOME_PROCESSING_AND_ACTIVATION_OF_SUMO	S:2/796	S:10/8971	D:0.2	D:2.25402010050251	D:1.2380413035253	D:0.220575506474317	D:0.858375191296664	D:0.805956533915078	S:SENP2/SENP5	D:2	S:Processing and activation of sumo	S:FALSE	N:	N:	N:	N:	N:	N:	N:	N:	N:	N:	N:	N:	N:
S:REACTOME_PROTEIN_LIPOYLATION	S:REACTOME_PROTEIN_LIPOYLATION	S:2/796	S:10/8971	D:0.2	D:2.25402010050251	D:1.2380413035253	D:0.220575506474317	D:0.858375191296664	D:0.805956533915078	S:DLAT/LIPT1	D:2	S:Protein lipoylation	S:FALSE	N:	N:	N:	N:	N:	N:	N:	N:	N:	N:	N:	N:	N:
S:REACTOME_RUNX3_REGULATES_P14_ARF	S:REACTOME_RUNX3_REGULATES_P14_ARF	S:2/796	S:10/8971	D:0.2	D:2.25402010050251	D:1.2380413035253	D:0.220575506474317	D:0.858375191296664	D:0.805956533915078	S:KRAS/CBFB	D:2	S:Runx3 regulates p14 arf	S:FALSE	N:	N:	N:	N:	N:	N:	N:	N:	N:	N:	N:	N:	N:
S:REACTOME_ZINC_INFLUX_INTO_CELLS_BY_THE_SLC39_GENE_FAMILY	S:REACTOME_ZINC_INFLUX_INTO_CELLS_BY_THE_SLC39_GENE_FAMILY	S:2/796	S:10/8971	D:0.2	D:2.25402010050251	D:1.2380413035253	D:0.220575506474317	D:0.858375191296664	D:0.805956533915078	S:SLC39A8/SLC39A10	D:2	S:Zinc influx into cells by the slc39 gene family	S:FALSE	N:	N:	N:	N:	N:	N:	N:	N:	N:	N:	N:	N:	N:
S:REACTOME_S_PHASE	S:REACTOME_S_PHASE	S:16/796	S:146/8971	D:0.10958904109589	D:1.23507950712466	D:0.893599088419855	D:0.222251103870709	D:0.861973875822886	D:0.809335456485087	S:RPA1/SMC3/PDS5B/RAD21/PSMD7/POLE3/PSMA5/CDK7/MCM7/CCNE1/RFC5/RB1/PRIM1/PCNA/ESCO2/RBBP4	D:16	S:S phase	S:FALSE	N:	N:	N:	N:	N:	N:	N:	N:	N:	N:	N:	N:	N:
S:REACTOME_CA2_PATHWAY	S:REACTOME_CA2_PATHWAY	S:7/796	S:56/8971	D:0.125	D:1.40876256281407	D:0.957443880829404	D:0.225533371569639	D:0.871758621420692	D:0.818522674064541	S:KRAS/ITPR1/FZD6/TNRC6C/FZD3/LEF1/PRKCA	D:7	S:Ca2 pathway	S:FALSE	N:	N:	N:	N:	N:	N:	N:	N:	N:	N:	N:	N:	N:
S:REACTOME_PCP_CE_PATHWAY	S:REACTOME_PCP_CE_PATHWAY	S:9/796	S:76/8971	D:0.118421052631579	D:1.33461716477122	D:0.9140941082901	D:0.229851947367479	D:0.879096189687011	D:0.825412156830643	S:DAAM1/FZD7/PSMD7/FZD6/PSMA5/WNT1/FZD3/PRKCB/PRKCA	D:9	S:Pcp ce pathway	S:FALSE	N:	N:	N:	N:	N:	N:	N:	N:	N:	N:	N:	N:	N:
S:REACTOME_B_WICH_COMPLEX_POSITIVELY_REGULATES_RRNA_EXPRESSION	S:REACTOME_B_WICH_COMPLEX_POSITIVELY_REGULATES_RRNA_EXPRESSION	S:4/796	S:28/8971	D:0.142857142857143	D:1.61001435750179	D:1.00875646678893	D:0.233491486183346	D:0.879096189687011	D:0.825412156830643	S:POLR1B/ERCC6/TAF1B/SF3B1	D:4	S:B wich complex positively regulates rrna expression	S:FALSE	N:	N:	N:	N:	N:	N:	N:	N:	N:	N:	N:	N:	N:
S:REACTOME_CYCLIN_A_B1_B2_ASSOCIATED_EVENTS_DURING_G2_M_TRANSITION	S:REACTOME_CYCLIN_A_B1_B2_ASSOCIATED_EVENTS_DURING_G2_M_TRANSITION	S:4/796	S:28/8971	D:0.142857142857143	D:1.61001435750179	D:1.00875646678893	D:0.233491486183346	D:0.879096189687011	D:0.825412156830643	S:CDK7/PPP2CB/CCNB1/MIS18BP1	D:4	S:Cyclin a b1 b2 associated events during g2 m transition	S:FALSE	N:	N:	N:	N:	N:	N:	N:	N:	N:	N:	N:	N:	N:
S:REACTOME_EGFR_DOWNREGULATION	S:REACTOME_EGFR_DOWNREGULATION	S:4/796	S:28/8971	D:0.142857142857143	D:1.61001435750179	D:1.00875646678893	D:0.233491486183346	D:0.879096189687011	D:0.825412156830643	S:PTPRK/EGF/SPRY2/SPRY1	D:4	S:Egfr downregulation	S:FALSE	N:	N:	N:	N:	N:	N:	N:	N:	N:	N:	N:	N:	N:
S:REACTOME_RNA_POLYMERASE_III_TRANSCRIPTION_INITIATION_FROM_TYPE_1_PROMOTER	S:REACTOME_RNA_POLYMERASE_III_TRANSCRIPTION_INITIATION_FROM_TYPE_1_PROMOTER	S:4/796	S:28/8971	D:0.142857142857143	D:1.61001435750179	D:1.00875646678893	D:0.233491486183346	D:0.879096189687011	D:0.825412156830643	S:GTF3C4/GTF3C3/POLR3B/BDP1	D:4	S:Rna polymerase iii transcription initiation from type 1 promoter	S:FALSE	N:	N:	N:	N:	N:	N:	N:	N:	N:	N:	N:	N:	N:
S:REACTOME_TNFS_BIND_THEIR_PHYSIOLOGICAL_RECEPTORS	S:REACTOME_TNFS_BIND_THEIR_PHYSIOLOGICAL_RECEPTORS	S:4/796	S:28/8971	D:0.142857142857143	D:1.61001435750179	D:1.00875646678893	D:0.233491486183346	D:0.879096189687011	D:0.825412156830643	S:TNFSF4/TNFSF15/EDAR/TNFRSF25	D:4	S:Tnfs bind their physiological receptors	S:FALSE	N:	N:	N:	N:	N:	N:	N:	N:	N:	N:	N:	N:	N:
S:REACTOME_COMPLEX_III_ASSEMBLY	S:REACTOME_COMPLEX_III_ASSEMBLY	S:3/796	S:19/8971	D:0.157894736842105	D:1.7794895530283	D:1.06129455835622	D:0.234776956217666	D:0.879096189687011	D:0.825412156830643	S:HSPA9/LYRM7/ISCU	D:3	S:Complex iii assembly	S:FALSE	N:	N:	N:	N:	N:	N:	N:	N:	N:	N:	N:	N:	N:
S:REACTOME_SYNTHESIS_OF_VERY_LONG_CHAIN_FATTY_ACYL_COAS	S:REACTOME_SYNTHESIS_OF_VERY_LONG_CHAIN_FATTY_ACYL_COAS	S:3/796	S:19/8971	D:0.157894736842105	D:1.7794895530283	D:1.06129455835622	D:0.234776956217666	D:0.879096189687011	D:0.825412156830643	S:ACSBG2/ELOVL4/HSD17B12	D:3	S:Synthesis of very long chain fatty acyl coas	S:FALSE	N:	N:	N:	N:	N:	N:	N:	N:	N:	N:	N:	N:	N:
S:REACTOME_VXPX_CARGO_TARGETING_TO_CILIUM	S:REACTOME_VXPX_CARGO_TARGETING_TO_CILIUM	S:3/796	S:19/8971	D:0.157894736842105	D:1.7794895530283	D:1.06129455835622	D:0.234776956217666	D:0.879096189687011	D:0.825412156830643	S:EXOC1/EXOC8/EXOC5	D:3	S:Vxpx cargo targeting to cilium	S:FALSE	N:	N:	N:	N:	N:	N:	N:	N:	N:	N:	N:	N:	N:
S:REACTOME_RETROGRADE_TRANSPORT_AT_THE_TRANS_GOLGI_NETWORK	S:REACTOME_RETROGRADE_TRANSPORT_AT_THE_TRANS_GOLGI_NETWORK	S:6/796	S:47/8971	D:0.127659574468085	D:1.43873623436331	D:0.940982455855302	D:0.235089312050446	D:0.879096189687011	D:0.825412156830643	S:COG3/NAA35/GCC1/GOLGA4/NAA30/GCC2	D:6	S:Retrograde transport at the trans golgi network	S:FALSE	N:	N:	N:	N:	N:	N:	N:	N:	N:	N:	N:	N:	N:
S:REACTOME_NUCLEAR_EVENTS_KINASE_AND_TRANSCRIPTION_FACTOR_ACTIVATION	S:REACTOME_NUCLEAR_EVENTS_KINASE_AND_TRANSCRIPTION_FACTOR_ACTIVATION	S:7/796	S:57/8971	D:0.12280701754386	D:1.38404743013312	D:0.907600760347802	D:0.239055351881638	D:0.891024493377014	D:0.836612031192061	S:RPS6KA5/REST/PPP2CB/EGR3/SGK1/TCF12/F3	D:7	S:Nuclear events kinase and transcription factor activation	S:FALSE	N:	N:	N:	N:	N:	N:	N:	N:	N:	N:	N:	N:	N:
S:REACTOME_REGULATION_OF_PYRUVATE_METABOLISM	S:REACTOME_REGULATION_OF_PYRUVATE_METABOLISM	S:4/796	S:29/8971	D:0.137931034482759	D:1.55449662103622	D:0.933231619286999	D:0.253409649892118	D:0.891478851780544	D:0.837038643153564	S:PDP1/ME1/SIRT4/DLAT	D:4	S:Regulation of pyruvate metabolism	S:FALSE	N:	N:	N:	N:	N:	N:	N:	N:	N:	N:	N:	N:	N:
S:REACTOME_RESOLUTION_OF_D_LOOP_STRUCTURES	S:REACTOME_RESOLUTION_OF_D_LOOP_STRUCTURES	S:4/796	S:29/8971	D:0.137931034482759	D:1.55449662103622	D:0.933231619286999	D:0.253409649892118	D:0.891478851780544	D:0.837038643153564	S:WRN/FIGNL1/BRCA1/BLM	D:4	S:Resolution of d loop structures	S:FALSE	N:	N:	N:	N:	N:	N:	N:	N:	N:	N:	N:	N:	N:
S:REACTOME_RUNX1_REGULATES_GENES_INVOLVED_IN_MEGAKARYOCYTE_DIFFERENTIATION_AND_PLATELET_FUNCTION	S:REACTOME_RUNX1_REGULATES_GENES_INVOLVED_IN_MEGAKARYOCYTE_DIFFERENTIATION_AND_PLATELET_FUNCTION	S:4/796	S:29/8971	D:0.137931034482759	D:1.55449662103622	D:0.933231619286999	D:0.253409649892118	D:0.891478851780544	D:0.837038643153564	S:HDAC1/TNRC6C/CBFB/PRKCQ	D:4	S:Runx1 regulates genes involved in megakaryocyte differentiation and platelet function	S:FALSE	N:	N:	N:	N:	N:	N:	N:	N:	N:	N:	N:	N:	N:
S:REACTOME_SYNTHESIS_OF_PA	S:REACTOME_SYNTHESIS_OF_PA	S:4/796	S:29/8971	D:0.137931034482759	D:1.55449662103622	D:0.933231619286999	D:0.253409649892118	D:0.891478851780544	D:0.837038643153564	S:PLA2G12A/PLA2G1B/DDHD2/LCLAT1	D:4	S:Synthesis of pa	S:FALSE	N:	N:	N:	N:	N:	N:	N:	N:	N:	N:	N:	N:	N:
S:REACTOME_TRANSLATION_OF_SARS_COV_1_STRUCTURAL_PROTEINS	S:REACTOME_TRANSLATION_OF_SARS_COV_1_STRUCTURAL_PROTEINS	S:4/796	S:29/8971	D:0.137931034482759	D:1.55449662103622	D:0.933231619286999	D:0.253409649892118	D:0.891478851780544	D:0.837038643153564	S:PARP8/ST6GAL1/CANX/PARP16	D:4	S:Translation of sars cov 1 structural proteins	S:FALSE	N:	N:	N:	N:	N:	N:	N:	N:	N:	N:	N:	N:	N:
S:REACTOME_RHOC_GTPASE_CYCLE	S:REACTOME_RHOC_GTPASE_CYCLE	S:8/796	S:68/8971	D:0.117647058823529	D:1.32589417676618	D:0.841727942944342	D:0.253631295593945	D:0.891478851780544	D:0.837038643153564	S:LBR/DAAM1/ABCD3/PKN2/FMNL3/RTKN/LMAN1/ACBD5	D:8	S:Rhoc gtpase cycle	S:FALSE	N:	N:	N:	N:	N:	N:	N:	N:	N:	N:	N:	N:	N:
S:REACTOME_ACYL_CHAIN_REMODELLING_OF_PI	S:REACTOME_ACYL_CHAIN_REMODELLING_OF_PI	S:2/796	S:11/8971	D:0.181818181818182	D:2.04910918227501	D:1.08635533293181	D:0.25470824336587	D:0.891478851780544	D:0.837038643153564	S:PLA2G12A/PLA2G1B	D:2	S:Acyl chain remodelling of pi	S:FALSE	N:	N:	N:	N:	N:	N:	N:	N:	N:	N:	N:	N:	N:
S:REACTOME_ALPHA_PROTEIN_KINASE_1_SIGNALING_PATHWAY	S:REACTOME_ALPHA_PROTEIN_KINASE_1_SIGNALING_PATHWAY	S:2/796	S:11/8971	D:0.181818181818182	D:2.04910918227501	D:1.08635533293181	D:0.25470824336587	D:0.891478851780544	D:0.837038643153564	S:TAB2/TRAF6	D:2	S:Alpha protein kinase 1 signaling pathway	S:FALSE	N:	N:	N:	N:	N:	N:	N:	N:	N:	N:	N:	N:	N:
S:REACTOME_FORMATION_OF_SENESCENCE_ASSOCIATED_HETEROCHROMATIN_FOCI_SAHF	S:REACTOME_FORMATION_OF_SENESCENCE_ASSOCIATED_HETEROCHROMATIN_FOCI_SAHF	S:2/796	S:11/8971	D:0.181818181818182	D:2.04910918227501	D:1.08635533293181	D:0.25470824336587	D:0.891478851780544	D:0.837038643153564	S:RB1/EP400	D:2	S:Formation of senescence associated heterochromatin foci sahf	S:FALSE	N:	N:	N:	N:	N:	N:	N:	N:	N:	N:	N:	N:	N:
S:REACTOME_MATURATION_OF_SARS_COV_1_NUCLEOPROTEIN	S:REACTOME_MATURATION_OF_SARS_COV_1_NUCLEOPROTEIN	S:2/796	S:11/8971	D:0.181818181818182	D:2.04910918227501	D:1.08635533293181	D:0.25470824336587	D:0.891478851780544	D:0.837038643153564	S:PARP8/PARP16	D:2	S:Maturation of sars cov 1 nucleoprotein	S:FALSE	N:	N:	N:	N:	N:	N:	N:	N:	N:	N:	N:	N:	N:
S:REACTOME_MET_ACTIVATES_RAS_SIGNALING	S:REACTOME_MET_ACTIVATES_RAS_SIGNALING	S:2/796	S:11/8971	D:0.181818181818182	D:2.04910918227501	D:1.08635533293181	D:0.25470824336587	D:0.891478851780544	D:0.837038643153564	S:KRAS/MET	D:2	S:Met activates ras signaling	S:FALSE	N:	N:	N:	N:	N:	N:	N:	N:	N:	N:	N:	N:	N:
S:REACTOME_N_GLYCAN_ANTENNAE_ELONGATION	S:REACTOME_N_GLYCAN_ANTENNAE_ELONGATION	S:2/796	S:11/8971	D:0.181818181818182	D:2.04910918227501	D:1.08635533293181	D:0.25470824336587	D:0.891478851780544	D:0.837038643153564	S:ST6GAL1/MGAT4A	D:2	S:N glycan antennae elongation	S:FALSE	N:	N:	N:	N:	N:	N:	N:	N:	N:	N:	N:	N:	N:
S:REACTOME_NFE2L2_REGULATING_TUMORIGENIC_GENES	S:REACTOME_NFE2L2_REGULATING_TUMORIGENIC_GENES	S:2/796	S:11/8971	D:0.181818181818182	D:2.04910918227501	D:1.08635533293181	D:0.25470824336587	D:0.891478851780544	D:0.837038643153564	S:NFE2L2/EGF	D:2	S:Nfe2l2 regulating tumorigenic genes	S:FALSE	N:	N:	N:	N:	N:	N:	N:	N:	N:	N:	N:	N:	N:
S:REACTOME_PECAM1_INTERACTIONS	S:REACTOME_PECAM1_INTERACTIONS	S:2/796	S:11/8971	D:0.181818181818182	D:2.04910918227501	D:1.08635533293181	D:0.25470824336587	D:0.891478851780544	D:0.837038643153564	S:PTPN11/YES1	D:2	S:Pecam1 interactions	S:FALSE	N:	N:	N:	N:	N:	N:	N:	N:	N:	N:	N:	N:	N:
S:REACTOME_POSITIVE_REGULATION_OF_CDH1_GENE_TRANSCRIPTION	S:REACTOME_POSITIVE_REGULATION_OF_CDH1_GENE_TRANSCRIPTION	S:2/796	S:11/8971	D:0.181818181818182	D:2.04910918227501	D:1.08635533293181	D:0.25470824336587	D:0.891478851780544	D:0.837038643153564	S:STRAP/RB1	D:2	S:Positive regulation of cdh1 gene transcription	S:FALSE	N:	N:	N:	N:	N:	N:	N:	N:	N:	N:	N:	N:	N:
S:REACTOME_SIGNALING_BY_LEPTIN	S:REACTOME_SIGNALING_BY_LEPTIN	S:2/796	S:11/8971	D:0.181818181818182	D:2.04910918227501	D:1.08635533293181	D:0.25470824336587	D:0.891478851780544	D:0.837038643153564	S:IRS1/PTPN11	D:2	S:Signaling by leptin	S:FALSE	N:	N:	N:	N:	N:	N:	N:	N:	N:	N:	N:	N:	N:
S:REACTOME_SLBP_DEPENDENT_PROCESSING_OF_REPLICATION_DEPENDENT_HISTONE_PRE_MRNAS	S:REACTOME_SLBP_DEPENDENT_PROCESSING_OF_REPLICATION_DEPENDENT_HISTONE_PRE_MRNAS	S:2/796	S:11/8971	D:0.181818181818182	D:2.04910918227501	D:1.08635533293181	D:0.25470824336587	D:0.891478851780544	D:0.837038643153564	S:SLBP/NCBP1	D:2	S:Slbp dependent processing of replication dependent histone pre mrnas	S:FALSE	N:	N:	N:	N:	N:	N:	N:	N:	N:	N:	N:	N:	N:
S:REACTOME_STAT3_NUCLEAR_EVENTS_DOWNSTREAM_OF_ALK_SIGNALING	S:REACTOME_STAT3_NUCLEAR_EVENTS_DOWNSTREAM_OF_ALK_SIGNALING	S:2/796	S:11/8971	D:0.181818181818182	D:2.04910918227501	D:1.08635533293181	D:0.25470824336587	D:0.891478851780544	D:0.837038643153564	S:HDAC1/HDAC2	D:2	S:Stat3 nuclear events downstream of alk signaling	S:FALSE	N:	N:	N:	N:	N:	N:	N:	N:	N:	N:	N:	N:	N:
S:REACTOME_TELOMERE_C_STRAND_SYNTHESIS_INITIATION	S:REACTOME_TELOMERE_C_STRAND_SYNTHESIS_INITIATION	S:2/796	S:11/8971	D:0.181818181818182	D:2.04910918227501	D:1.08635533293181	D:0.25470824336587	D:0.891478851780544	D:0.837038643153564	S:TERF1/PRIM1	D:2	S:Telomere c strand synthesis initiation	S:FALSE	N:	N:	N:	N:	N:	N:	N:	N:	N:	N:	N:	N:	N:
S:REACTOME_TICAM1_TRAF6_DEPENDENT_INDUCTION_OF_TAK1_COMPLEX	S:REACTOME_TICAM1_TRAF6_DEPENDENT_INDUCTION_OF_TAK1_COMPLEX	S:2/796	S:11/8971	D:0.181818181818182	D:2.04910918227501	D:1.08635533293181	D:0.25470824336587	D:0.891478851780544	D:0.837038643153564	S:TAB2/TRAF6	D:2	S:Ticam1 traf6 dependent induction of tak1 complex	S:FALSE	N:	N:	N:	N:	N:	N:	N:	N:	N:	N:	N:	N:	N:
S:REACTOME_CD209_DC_SIGN_SIGNALING	S:REACTOME_CD209_DC_SIGN_SIGNALING	S:3/796	S:20/8971	D:0.15	D:1.69051507537688	D:0.96463109769583	D:0.259411614451341	D:0.894307908078496	D:0.839694936615056	S:RPS6KA5/KRAS/ICAM2	D:3	S:Cd209 dc sign signaling	S:FALSE	N:	N:	N:	N:	N:	N:	N:	N:	N:	N:	N:	N:	N:
S:REACTOME_ER_QUALITY_CONTROL_COMPARTMENT_ERQC	S:REACTOME_ER_QUALITY_CONTROL_COMPARTMENT_ERQC	S:3/796	S:20/8971	D:0.15	D:1.69051507537688	D:0.96463109769583	D:0.259411614451341	D:0.894307908078496	D:0.839694936615056	S:SEL1L/SYVN1/RNF103	D:3	S:Er quality control compartment erqc	S:FALSE	N:	N:	N:	N:	N:	N:	N:	N:	N:	N:	N:	N:	N:
S:REACTOME_RAS_PROCESSING	S:REACTOME_RAS_PROCESSING	S:3/796	S:20/8971	D:0.15	D:1.69051507537688	D:0.96463109769583	D:0.259411614451341	D:0.894307908078496	D:0.839694936615056	S:KRAS/LYPLA1/PRKCQ	D:3	S:Ras processing	S:FALSE	N:	N:	N:	N:	N:	N:	N:	N:	N:	N:	N:	N:	N:
S:REACTOME_SIGNALING_BY_KIT_IN_DISEASE	S:REACTOME_SIGNALING_BY_KIT_IN_DISEASE	S:3/796	S:20/8971	D:0.15	D:1.69051507537688	D:0.96463109769583	D:0.259411614451341	D:0.894307908078496	D:0.839694936615056	S:KRAS/KIT/YES1	D:3	S:Signaling by kit in disease	S:FALSE	N:	N:	N:	N:	N:	N:	N:	N:	N:	N:	N:	N:	N:
S:REACTOME_VITAMIN_B5_PANTOTHENATE_METABOLISM	S:REACTOME_VITAMIN_B5_PANTOTHENATE_METABOLISM	S:3/796	S:20/8971	D:0.15	D:1.69051507537688	D:0.96463109769583	D:0.259411614451341	D:0.894307908078496	D:0.839694936615056	S:ENPP2/AASDHPPT/SLC25A16	D:3	S:Vitamin b5 pantothenate metabolism	S:FALSE	N:	N:	N:	N:	N:	N:	N:	N:	N:	N:	N:	N:	N:
S:REACTOME_MATURATION_OF_SARS_COV_2_SPIKE_PROTEIN	S:REACTOME_MATURATION_OF_SARS_COV_2_SPIKE_PROTEIN	S:5/796	S:39/8971	D:0.128205128205128	D:1.4448846798093	D:0.86878891596987	D:0.261880278050467	D:0.900115446712384	D:0.845147824530975	S:ST6GAL1/CANX/MAN2A1/MGAT4A/DAD1	D:5	S:Maturation of sars cov 2 spike protein	S:FALSE	N:	N:	N:	N:	N:	N:	N:	N:	N:	N:	N:	N:	N:
S:REACTOME_LATE_SARS_COV_2_INFECTION_EVENTS	S:REACTOME_LATE_SARS_COV_2_INFECTION_EVENTS	S:8/796	S:69/8971	D:0.115942028985507	D:1.30667831913189	D:0.797944525326707	D:0.266532788145689	D:0.913372062063434	D:0.857594894143551	S:PARP8/SRPK2/ST6GAL1/CANX/MAN2A1/MGAT4A/PARP16/DAD1	D:8	S:Late sars cov 2 infection events	S:FALSE	N:	N:	N:	N:	N:	N:	N:	N:	N:	N:	N:	N:	N:
S:REACTOME_RAB_REGULATION_OF_TRAFFICKING	S:REACTOME_RAB_REGULATION_OF_TRAFFICKING	S:12/796	S:110/8971	D:0.109090909090909	D:1.22946550936501	D:0.755581412488546	D:0.268780690659652	D:0.918334026420477	D:0.862253844722693	S:RAB14/CHML/RAB3GAP2/TRAPPC10/DENND4C/DENND5B/ALS2/HPS4/DENND1B/DENND2D/GGA2/GAPVD1	D:12	S:Rab regulation of trafficking	S:FALSE	N:	N:	N:	N:	N:	N:	N:	N:	N:	N:	N:	N:	N:
S:REACTOME_FORMATION_OF_WDR5_CONTAINING_HISTONE_MODIFYING_COMPLEXES	S:REACTOME_FORMATION_OF_WDR5_CONTAINING_HISTONE_MODIFYING_COMPLEXES	S:4/796	S:30/8971	D:0.133333333333333	D:1.50268006700167	D:0.860534168047214	D:0.273658337987057	D:0.92399932943865	D:0.867573182968254	S:PAXIP1/PSIP1/TASP1/WDR82	D:4	S:Formation of wdr5 containing histone modifying complexes	S:FALSE	N:	N:	N:	N:	N:	N:	N:	N:	N:	N:	N:	N:	N:
S:REACTOME_LATE_ENDOSOMAL_MICROAUTOPHAGY	S:REACTOME_LATE_ENDOSOMAL_MICROAUTOPHAGY	S:4/796	S:30/8971	D:0.133333333333333	D:1.50268006700167	D:0.860534168047214	D:0.273658337987057	D:0.92399932943865	D:0.867573182968254	S:IFT88/ARL13B/CHMP2B/HSPA8	D:4	S:Late endosomal microautophagy	S:FALSE	N:	N:	N:	N:	N:	N:	N:	N:	N:	N:	N:	N:	N:
S:REACTOME_ONCOGENE_INDUCED_SENESCENCE	S:REACTOME_ONCOGENE_INDUCED_SENESCENCE	S:4/796	S:30/8971	D:0.133333333333333	D:1.50268006700167	D:0.860534168047214	D:0.273658337987057	D:0.92399932943865	D:0.867573182968254	S:E2F3/TNRC6C/RB1/CDK6	D:4	S:Oncogene induced senescence	S:FALSE	N:	N:	N:	N:	N:	N:	N:	N:	N:	N:	N:	N:	N:
S:REACTOME_REGULATION_OF_CDH1_POSTTRANSLATIONAL_PROCESSING_AND_TRAFFICKING_TO_PLASMA_MEMBRANE	S:REACTOME_REGULATION_OF_CDH1_POSTTRANSLATIONAL_PROCESSING_AND_TRAFFICKING_TO_PLASMA_MEMBRANE	S:4/796	S:30/8971	D:0.133333333333333	D:1.50268006700167	D:0.860534168047214	D:0.273658337987057	D:0.92399932943865	D:0.867573182968254	S:SPCS2/CANX/ANK3/DAD1	D:4	S:Regulation of cdh1 posttranslational processing and trafficking to plasma membrane	S:FALSE	N:	N:	N:	N:	N:	N:	N:	N:	N:	N:	N:	N:	N:
S:REACTOME_DNA_DOUBLE_STRAND_BREAK_REPAIR	S:REACTOME_DNA_DOUBLE_STRAND_BREAK_REPAIR	S:13/796	S:121/8971	D:0.107438016528926	D:1.2108372440716	D:0.72858001660231	D:0.275348990626744	D:0.926981352608512	D:0.870373102027431	S:PARP1/WRN/RPA1/POLE3/FIGNL1/PAXIP1/TDP1/BRCA1/ERCC4/RFC5/PCNA/ATR/BLM	D:13	S:Dna double strand break repair	S:FALSE	N:	N:	N:	N:	N:	N:	N:	N:	N:	N:	N:	N:	N:
S:REACTOME_MITF_M_REGULATED_MELANOCYTE_DEVELOPMENT	S:REACTOME_MITF_M_REGULATED_MELANOCYTE_DEVELOPMENT	S:14/796	S:132/8971	D:0.106060606060606	D:1.19531368966042	D:0.705386197926058	D:0.281059264251626	D:0.929098826167458	D:0.872361267188223	S:SIRT1/SMARCE1/HDAC1/MET/DPF3/ACTL6A/KIT/TNRC6C/ATP6V1A/BRCA1/LEF1/CCNB1/MYO5A/SS18L1	D:14	S:Mitf m regulated melanocyte development	S:FALSE	N:	N:	N:	N:	N:	N:	N:	N:	N:	N:	N:	N:	N:
S:REACTOME_BRANCHED_CHAIN_AMINO_ACID_CATABOLISM	S:REACTOME_BRANCHED_CHAIN_AMINO_ACID_CATABOLISM	S:3/796	S:21/8971	D:0.142857142857143	D:1.61001435750179	D:0.873267024947326	D:0.284358490886043	D:0.929098826167458	D:0.872361267188223	S:MCCC1/ACADSB/PPM1K	D:3	S:Branched chain amino acid catabolism	S:FALSE	N:	N:	N:	N:	N:	N:	N:	N:	N:	N:	N:	N:	N:
S:REACTOME_CHAPERONE_MEDIATED_AUTOPHAGY	S:REACTOME_CHAPERONE_MEDIATED_AUTOPHAGY	S:3/796	S:21/8971	D:0.142857142857143	D:1.61001435750179	D:0.873267024947326	D:0.284358490886043	D:0.929098826167458	D:0.872361267188223	S:IFT88/ARL13B/HSPA8	D:3	S:Chaperone mediated autophagy	S:TRUE	N:	N:	N:	N:	N:	N:	N:	N:	N:	N:	N:	N:	N:
S:REACTOME_CO_INHIBITION_BY_CTLA4	S:REACTOME_CO_INHIBITION_BY_CTLA4	S:3/796	S:21/8971	D:0.142857142857143	D:1.61001435750179	D:0.873267024947326	D:0.284358490886043	D:0.929098826167458	D:0.872361267188223	S:PPP2CB/PTPN11/YES1	D:3	S:Co inhibition by ctla4	S:FALSE	N:	N:	N:	N:	N:	N:	N:	N:	N:	N:	N:	N:	N:
S:REACTOME_DEVELOPMENTAL_LINEAGE_OF_MAMMARY_GLAND_LUMINAL_EPITHELIAL_CELLS	S:REACTOME_DEVELOPMENTAL_LINEAGE_OF_MAMMARY_GLAND_LUMINAL_EPITHELIAL_CELLS	S:3/796	S:21/8971	D:0.142857142857143	D:1.61001435750179	D:0.873267024947326	D:0.284358490886043	D:0.929098826167458	D:0.872361267188223	S:ITGA6/KIT/EGF	D:3	S:Developmental lineage of mammary gland luminal epithelial cells	S:FALSE	N:	N:	N:	N:	N:	N:	N:	N:	N:	N:	N:	N:	N:
S:REACTOME_DOPAMINE_NEUROTRANSMITTER_RELEASE_CYCLE	S:REACTOME_DOPAMINE_NEUROTRANSMITTER_RELEASE_CYCLE	S:3/796	S:21/8971	D:0.142857142857143	D:1.61001435750179	D:0.873267024947326	D:0.284358490886043	D:0.929098826167458	D:0.872361267188223	S:SLC18A2/UNC13B/CASK	D:3	S:Dopamine neurotransmitter release cycle	S:FALSE	N:	N:	N:	N:	N:	N:	N:	N:	N:	N:	N:	N:	N:
S:REACTOME_FORMATION_OF_TUBULIN_FOLDING_INTERMEDIATES_BY_CCT_TRIC	S:REACTOME_FORMATION_OF_TUBULIN_FOLDING_INTERMEDIATES_BY_CCT_TRIC	S:3/796	S:21/8971	D:0.142857142857143	D:1.61001435750179	D:0.873267024947326	D:0.284358490886043	D:0.929098826167458	D:0.872361267188223	S:CCT5/TCP1/CCT4	D:3	S:Formation of tubulin folding intermediates by cct tric	S:FALSE	N:	N:	N:	N:	N:	N:	N:	N:	N:	N:	N:	N:	N:
S:REACTOME_MISCELLANEOUS_TRANSPORT_AND_BINDING_EVENTS	S:REACTOME_MISCELLANEOUS_TRANSPORT_AND_BINDING_EVENTS	S:3/796	S:21/8971	D:0.142857142857143	D:1.61001435750179	D:0.873267024947326	D:0.284358490886043	D:0.929098826167458	D:0.872361267188223	S:LRRC8B/ADD3/MRS2	D:3	S:Miscellaneous transport and binding events	S:FALSE	N:	N:	N:	N:	N:	N:	N:	N:	N:	N:	N:	N:	N:
S:REACTOME_N_GLYCAN_ANTENNAE_ELONGATION_IN_THE_MEDIAL_TRANS_GOLGI	S:REACTOME_N_GLYCAN_ANTENNAE_ELONGATION_IN_THE_MEDIAL_TRANS_GOLGI	S:3/796	S:21/8971	D:0.142857142857143	D:1.61001435750179	D:0.873267024947326	D:0.284358490886043	D:0.929098826167458	D:0.872361267188223	S:ST6GAL1/MAN2A1/MGAT4A	D:3	S:N glycan antennae elongation in the medial trans golgi	S:FALSE	N:	N:	N:	N:	N:	N:	N:	N:	N:	N:	N:	N:	N:
S:REACTOME_ACYL_CHAIN_REMODELLING_OF_PG	S:REACTOME_ACYL_CHAIN_REMODELLING_OF_PG	S:2/796	S:12/8971	D:0.166666666666667	D:1.87835008375209	D:0.95003012438625	D:0.2889270739911	D:0.929098826167458	D:0.872361267188223	S:PLA2G12A/PLA2G1B	D:2	S:Acyl chain remodelling of pg	S:FALSE	N:	N:	N:	N:	N:	N:	N:	N:	N:	N:	N:	N:	N:
S:REACTOME_FCGR_ACTIVATION	S:REACTOME_FCGR_ACTIVATION	S:2/796	S:12/8971	D:0.166666666666667	D:1.87835008375209	D:0.95003012438625	D:0.2889270739911	D:0.929098826167458	D:0.872361267188223	S:IGLV6-57/YES1	D:2	S:Fcgr activation	S:FALSE	N:	N:	N:	N:	N:	N:	N:	N:	N:	N:	N:	N:	N:
S:REACTOME_GRB2_EVENTS_IN_ERBB2_SIGNALING	S:REACTOME_GRB2_EVENTS_IN_ERBB2_SIGNALING	S:2/796	S:12/8971	D:0.166666666666667	D:1.87835008375209	D:0.95003012438625	D:0.2889270739911	D:0.929098826167458	D:0.872361267188223	S:KRAS/EGF	D:2	S:Grb2 events in erbb2 signaling	S:FALSE	N:	N:	N:	N:	N:	N:	N:	N:	N:	N:	N:	N:	N:
S:REACTOME_KILLING_MECHANISMS	S:REACTOME_KILLING_MECHANISMS	S:2/796	S:12/8971	D:0.166666666666667	D:1.87835008375209	D:0.95003012438625	D:0.2889270739911	D:0.929098826167458	D:0.872361267188223	S:FZD7/JUN	D:2	S:Killing mechanisms	S:FALSE	N:	N:	N:	N:	N:	N:	N:	N:	N:	N:	N:	N:	N:
S:REACTOME_NF_KB_IS_ACTIVATED_AND_SIGNALS_SURVIVAL	S:REACTOME_NF_KB_IS_ACTIVATED_AND_SIGNALS_SURVIVAL	S:2/796	S:12/8971	D:0.166666666666667	D:1.87835008375209	D:0.95003012438625	D:0.2889270739911	D:0.929098826167458	D:0.872361267188223	S:NFKBIA/TRAF6	D:2	S:Nf kb is activated and signals survival	S:FALSE	N:	N:	N:	N:	N:	N:	N:	N:	N:	N:	N:	N:	N:
S:REACTOME_SHC1_EVENTS_IN_EGFR_SIGNALING	S:REACTOME_SHC1_EVENTS_IN_EGFR_SIGNALING	S:2/796	S:12/8971	D:0.166666666666667	D:1.87835008375209	D:0.95003012438625	D:0.2889270739911	D:0.929098826167458	D:0.872361267188223	S:KRAS/EGF	D:2	S:Shc1 events in egfr signaling	S:FALSE	N:	N:	N:	N:	N:	N:	N:	N:	N:	N:	N:	N:	N:
S:REACTOME_SUMOYLATION_OF_IMMUNE_RESPONSE_PROTEINS	S:REACTOME_SUMOYLATION_OF_IMMUNE_RESPONSE_PROTEINS	S:2/796	S:12/8971	D:0.166666666666667	D:1.87835008375209	D:0.95003012438625	D:0.2889270739911	D:0.929098826167458	D:0.872361267188223	S:NFKBIA/TOPORS	D:2	S:Sumoylation of immune response proteins	S:FALSE	N:	N:	N:	N:	N:	N:	N:	N:	N:	N:	N:	N:	N:
S:REACTOME_DOWNREGULATION_OF_SMAD2_3_SMAD4_TRANSCRIPTIONAL_ACTIVITY	S:REACTOME_DOWNREGULATION_OF_SMAD2_3_SMAD4_TRANSCRIPTIONAL_ACTIVITY	S:4/796	S:31/8971	D:0.129032258064516	D:1.45420651645323	D:0.790449852859274	D:0.29416394378378	D:0.932099668693588	D:0.875178856356349	S:PARP1/HDAC1/SMAD3/SMAD2	D:4	S:Downregulation of smad2 3 smad4 transcriptional activity	S:FALSE	N:	N:	N:	N:	N:	N:	N:	N:	N:	N:	N:	N:	N:
S:REACTOME_DISEASES_OF_SIGNAL_TRANSDUCTION_BY_GROWTH_FACTOR_RECEPTORS_AND_SECOND_MESSENGERS	S:REACTOME_DISEASES_OF_SIGNAL_TRANSDUCTION_BY_GROWTH_FACTOR_RECEPTORS_AND_SECOND_MESSENGERS	S:40/796	S:412/8971	D:0.0970873786407767	D:1.09418451480705	D:0.610696561037709	D:0.295288116922682	D:0.932099668693588	D:0.875178856356349	S:PPFIBP1/ZMYM2/EML4/KRAS/JUN/HDAC1/PSMD7/FOXO1/TPR/FZD6/SMAD3/RANBP2/SEL1L/MET/KIT/GOLGA4/HDAC2/TNRC6C/AP3B1/PSMA5/TNKS/SYVN1/SMAD2/TRIM24/EGF/NCBP1/PPP2CB/CCNB1/IRS1/RB1/GCC2/FXR1/EIF2AK3/HDAC9/CD19/PTPN11/YES1/CAMK2D/NPM1/ERLIN2	D:40	S:Diseases of signal transduction by growth factor receptors and second messengers	S:FALSE	N:	N:	N:	N:	N:	N:	N:	N:	N:	N:	N:	N:	N:
S:REACTOME_OXIDATIVE_STRESS_INDUCED_SENESCENCE	S:REACTOME_OXIDATIVE_STRESS_INDUCED_SENESCENCE	S:7/796	S:61/8971	D:0.114754098360656	D:1.2932902215998	D:0.71718719011412	D:0.295435170480727	D:0.932099668693588	D:0.875178856356349	S:JUN/E2F3/MAP2K4/TNRC6C/RBBP4/BMI1/CDK6	D:7	S:Oxidative stress induced senescence	S:FALSE	N:	N:	N:	N:	N:	N:	N:	N:	N:	N:	N:	N:	N:
S:REACTOME_KINESINS	S:REACTOME_KINESINS	S:6/796	S:51/8971	D:0.117647058823529	D:1.32589417676618	D:0.728262815728024	D:0.29709925317963	D:0.932099668693588	D:0.875178856356349	S:KIF3A/KIF27/KIF2A/KIF16B/KIF15/CENPE	D:6	S:Kinesins	S:FALSE	N:	N:	N:	N:	N:	N:	N:	N:	N:	N:	N:	N:	N:
S:REACTOME_ANTIGEN_PROCESSING_UBIQUITINATION_PROTEASOME_DEGRADATION	S:REACTOME_ANTIGEN_PROCESSING_UBIQUITINATION_PROTEASOME_DEGRADATION	S:27/796	S:272/8971	D:0.0992647058823529	D:1.11872321164647	D:0.620432154917687	D:0.297144943480256	D:0.932099668693588	D:0.875178856356349	S:UBR1/FBXO21/ITCH/TRIM37/TRIM4/LONRF1/GLMN/WWP1/ASB3/PSMD7/UBE2Q2/UBE2K/FBXL3/DZIP3/ASB7/HACE1/PSMA5/HERC4/RCHY1/ASB8/RBBP6/TRIM32/HECTD1/UBE3A/KLHL25/LTN1/FBXL16	D:27	S:Antigen processing ubiquitination proteasome degradation	S:FALSE	N:	N:	N:	N:	N:	N:	N:	N:	N:	N:	N:	N:	N:
S:REACTOME_AUF1_HNRNP_D0_BINDS_AND_DESTABILIZES_MRNA	S:REACTOME_AUF1_HNRNP_D0_BINDS_AND_DESTABILIZES_MRNA	S:5/796	S:41/8971	D:0.121951219512195	D:1.37440250030641	D:0.749745407123254	D:0.29716766440928	D:0.932099668693588	D:0.875178856356349	S:PSMD7/HNRNPD/PABPC1/PSMA5/HSPA8	D:5	S:Auf1 hnrnp d0 binds and destabilizes mrna	S:FALSE	N:	N:	N:	N:	N:	N:	N:	N:	N:	N:	N:	N:	N:
S:REACTOME_FORMATION_OF_INCISION_COMPLEX_IN_GG_NER	S:REACTOME_FORMATION_OF_INCISION_COMPLEX_IN_GG_NER	S:5/796	S:41/8971	D:0.121951219512195	D:1.37440250030641	D:0.749745407123254	D:0.29716766440928	D:0.932099668693588	D:0.875178856356349	S:PARP1/RPA1/ERCC5/CDK7/ERCC4	D:5	S:Formation of incision complex in gg ner	S:FALSE	N:	N:	N:	N:	N:	N:	N:	N:	N:	N:	N:	N:	N:
S:REACTOME_INTRA_GOLGI_TRAFFIC	S:REACTOME_INTRA_GOLGI_TRAFFIC	S:5/796	S:41/8971	D:0.121951219512195	D:1.37440250030641	D:0.749745407123254	D:0.29716766440928	D:0.932099668693588	D:0.875178856356349	S:COG3/MAN2A1/RAB30/MAN1C1/GOLGA5	D:5	S:Intra golgi traffic	S:FALSE	N:	N:	N:	N:	N:	N:	N:	N:	N:	N:	N:	N:	N:
S:REACTOME_RNA_POLYMERASE_III_TRANSCRIPTION	S:REACTOME_RNA_POLYMERASE_III_TRANSCRIPTION	S:5/796	S:41/8971	D:0.121951219512195	D:1.37440250030641	D:0.749745407123254	D:0.29716766440928	D:0.932099668693588	D:0.875178856356349	S:GTF3C4/GTF3C3/POLR3B/SNAPC1/BDP1	D:5	S:Rna polymerase iii transcription	S:FALSE	N:	N:	N:	N:	N:	N:	N:	N:	N:	N:	N:	N:	N:
S:REACTOME_RECRUITMENT_OF_NUMA_TO_MITOTIC_CENTROSOMES	S:REACTOME_RECRUITMENT_OF_NUMA_TO_MITOTIC_CENTROSOMES	S:9/796	S:82/8971	D:0.109756097560976	D:1.23696225027577	D:0.672618043196157	D:0.302252693429743	D:0.94546619089195	D:0.887729121101556	S:CEP192/PCM1/CEP70/ALMS1/HAUS3/CEP152/CEP72/MAPRE1/CEP76	D:9	S:Recruitment of numa to mitotic centrosomes	S:FALSE	N:	N:	N:	N:	N:	N:	N:	N:	N:	N:	N:	N:	N:
S:REACTOME_BETA_CATENIN_INDEPENDENT_WNT_SIGNALING	S:REACTOME_BETA_CATENIN_INDEPENDENT_WNT_SIGNALING	S:13/796	S:124/8971	D:0.104838709677419	D:1.18154279461825	D:0.635185711734922	D:0.305450379196399	D:0.952872378580071	D:0.894683032886478	S:DAAM1/FZD7/KRAS/ITPR1/PSMD7/FZD6/TNRC6C/PSMA5/WNT1/FZD3/LEF1/PRKCB/PRKCA	D:13	S:Beta catenin independent wnt signaling	S:FALSE	N:	N:	N:	N:	N:	N:	N:	N:	N:	N:	N:	N:	N:
S:REACTOME_GLUTAMATE_NEUROTRANSMITTER_RELEASE_CYCLE	S:REACTOME_GLUTAMATE_NEUROTRANSMITTER_RELEASE_CYCLE	S:3/796	S:22/8971	D:0.136363636363636	D:1.53683188670626	D:0.786631376537499	D:0.30948830619116	D:0.955087568568419	D:0.896762947197929	S:GLS/UNC13B/GLS2	D:3	S:Glutamate neurotransmitter release cycle	S:FALSE	N:	N:	N:	N:	N:	N:	N:	N:	N:	N:	N:	N:	N:
S:REACTOME_JNK_C_JUN_KINASES_PHOSPHORYLATION_AND_ACTIVATION_MEDIATED_BY_ACTIVATED_HUMAN_TAK1	S:REACTOME_JNK_C_JUN_KINASES_PHOSPHORYLATION_AND_ACTIVATION_MEDIATED_BY_ACTIVATED_HUMAN_TAK1	S:3/796	S:22/8971	D:0.136363636363636	D:1.53683188670626	D:0.786631376537499	D:0.30948830619116	D:0.955087568568419	D:0.896762947197929	S:TAB2/MAP2K4/TRAF6	D:3	S:Jnk c jun kinases phosphorylation and activation mediated by activated human tak1	S:FALSE	N:	N:	N:	N:	N:	N:	N:	N:	N:	N:	N:	N:	N:
S:REACTOME_RESOLUTION_OF_D_LOOP_STRUCTURES_THROUGH_SYNTHESIS_DEPENDENT_STRAND_ANNEALING_SDSA	S:REACTOME_RESOLUTION_OF_D_LOOP_STRUCTURES_THROUGH_SYNTHESIS_DEPENDENT_STRAND_ANNEALING_SDSA	S:3/796	S:22/8971	D:0.136363636363636	D:1.53683188670626	D:0.786631376537499	D:0.30948830619116	D:0.955087568568419	D:0.896762947197929	S:WRN/BRCA1/BLM	D:3	S:Resolution of d loop structures through synthesis dependent strand annealing sdsa	S:FALSE	N:	N:	N:	N:	N:	N:	N:	N:	N:	N:	N:	N:	N:
S:REACTOME_RUNX2_REGULATES_OSTEOBLAST_DIFFERENTIATION	S:REACTOME_RUNX2_REGULATES_OSTEOBLAST_DIFFERENTIATION	S:3/796	S:22/8971	D:0.136363636363636	D:1.53683188670626	D:0.786631376537499	D:0.30948830619116	D:0.955087568568419	D:0.896762947197929	S:RB1/CBFB/YES1	D:3	S:Runx2 regulates osteoblast differentiation	S:FALSE	N:	N:	N:	N:	N:	N:	N:	N:	N:	N:	N:	N:	N:
S:REACTOME_GOLGI_ASSOCIATED_VESICLE_BIOGENESIS	S:REACTOME_GOLGI_ASSOCIATED_VESICLE_BIOGENESIS	S:6/796	S:52/8971	D:0.115384615384615	D:1.30039621182837	D:0.677870783798644	D:0.313098953864254	D:0.96363967570017	D:0.904792800217288	S:AP1S3/AP3B1/PUM1/CLINT1/HSPA8/TPD52	D:6	S:Golgi associated vesicle biogenesis	S:FALSE	N:	N:	N:	N:	N:	N:	N:	N:	N:	N:	N:	N:	N:
S:REACTOME_RAC2_GTPASE_CYCLE	S:REACTOME_RAC2_GTPASE_CYCLE	S:9/796	S:83/8971	D:0.108433734939759	D:1.22205909063389	D:0.634182793868002	D:0.314844633447512	D:0.964624441470035	D:0.905717428998089	S:NHS/LBR/DOCK10/SWAP70/LEMD3/PGRMC2/ABI2/LMAN1/ARHGAP17	D:9	S:Rac2 gtpase cycle	S:FALSE	N:	N:	N:	N:	N:	N:	N:	N:	N:	N:	N:	N:	N:
S:REACTOME_G_ALPHA_Z_SIGNALLING_EVENTS	S:REACTOME_G_ALPHA_Z_SIGNALLING_EVENTS	S:5/796	S:42/8971	D:0.119047619047619	D:1.3416786312515	D:0.692548076040728	D:0.315099447344306	D:0.964624441470035	D:0.905717428998089	S:PRKCE/PRKCH/PRKCB/PRKCQ/PRKCA	D:5	S:G alpha z signalling events	S:FALSE	N:	N:	N:	N:	N:	N:	N:	N:	N:	N:	N:	N:	N:
S:REACTOME_CARNITINE_SHUTTLE	S:REACTOME_CARNITINE_SHUTTLE	S:2/796	S:13/8971	D:0.153846153846154	D:1.73386161577116	D:0.826207617118538	D:0.32294833270159	D:0.968001790969779	D:0.908888532874614	S:SLC22A5/PRKAB2	D:2	S:Carnitine shuttle	S:FALSE	N:	N:	N:	N:	N:	N:	N:	N:	N:	N:	N:	N:	N:
S:REACTOME_DEVELOPMENTAL_LINEAGE_OF_MAMMARY_GLAND_ALVEOLAR_CELLS	S:REACTOME_DEVELOPMENTAL_LINEAGE_OF_MAMMARY_GLAND_ALVEOLAR_CELLS	S:2/796	S:13/8971	D:0.153846153846154	D:1.73386161577116	D:0.826207617118538	D:0.32294833270159	D:0.968001790969779	D:0.908888532874614	S:ITGA6/KIT	D:2	S:Developmental lineage of mammary gland alveolar cells	S:FALSE	N:	N:	N:	N:	N:	N:	N:	N:	N:	N:	N:	N:	N:
S:REACTOME_DEVELOPMENTAL_LINEAGE_OF_PANCREATIC_ACINAR_CELLS	S:REACTOME_DEVELOPMENTAL_LINEAGE_OF_PANCREATIC_ACINAR_CELLS	S:2/796	S:13/8971	D:0.153846153846154	D:1.73386161577116	D:0.826207617118538	D:0.32294833270159	D:0.968001790969779	D:0.908888532874614	S:PRSS1/PLA2G1B	D:2	S:Developmental lineage of pancreatic acinar cells	S:FALSE	N:	N:	N:	N:	N:	N:	N:	N:	N:	N:	N:	N:	N:
S:REACTOME_DISEASES_OF_BRANCHED_CHAIN_AMINO_ACID_CATABOLISM	S:REACTOME_DISEASES_OF_BRANCHED_CHAIN_AMINO_ACID_CATABOLISM	S:2/796	S:13/8971	D:0.153846153846154	D:1.73386161577116	D:0.826207617118538	D:0.32294833270159	D:0.968001790969779	D:0.908888532874614	S:MCCC1/PPM1K	D:2	S:Diseases of branched chain amino acid catabolism	S:FALSE	N:	N:	N:	N:	N:	N:	N:	N:	N:	N:	N:	N:	N:
S:REACTOME_ENOS_ACTIVATION	S:REACTOME_ENOS_ACTIVATION	S:2/796	S:13/8971	D:0.153846153846154	D:1.73386161577116	D:0.826207617118538	D:0.32294833270159	D:0.968001790969779	D:0.908888532874614	S:NMT2/LYPLA1	D:2	S:Enos activation	S:FALSE	N:	N:	N:	N:	N:	N:	N:	N:	N:	N:	N:	N:	N:
S:REACTOME_GLYCOGEN_SYNTHESIS	S:REACTOME_GLYCOGEN_SYNTHESIS	S:2/796	S:13/8971	D:0.153846153846154	D:1.73386161577116	D:0.826207617118538	D:0.32294833270159	D:0.968001790969779	D:0.908888532874614	S:GBE1/EPM2A	D:2	S:Glycogen synthesis	S:FALSE	N:	N:	N:	N:	N:	N:	N:	N:	N:	N:	N:	N:	N:
S:REACTOME_REGULATION_OF_MITF_M_DEPENDENT_GENES_INVOLVED_IN_APOPTOSIS	S:REACTOME_REGULATION_OF_MITF_M_DEPENDENT_GENES_INVOLVED_IN_APOPTOSIS	S:2/796	S:13/8971	D:0.153846153846154	D:1.73386161577116	D:0.826207617118538	D:0.32294833270159	D:0.968001790969779	D:0.908888532874614	S:HDAC1/TNRC6C	D:2	S:Regulation of mitf m dependent genes involved in apoptosis	S:FALSE	N:	N:	N:	N:	N:	N:	N:	N:	N:	N:	N:	N:	N:
S:REACTOME_REPRESSION_OF_WNT_TARGET_GENES	S:REACTOME_REPRESSION_OF_WNT_TARGET_GENES	S:2/796	S:13/8971	D:0.153846153846154	D:1.73386161577116	D:0.826207617118538	D:0.32294833270159	D:0.968001790969779	D:0.908888532874614	S:HDAC1/LEF1	D:2	S:Repression of wnt target genes	S:FALSE	N:	N:	N:	N:	N:	N:	N:	N:	N:	N:	N:	N:	N:
S:REACTOME_CELL_CELL_COMMUNICATION	S:REACTOME_CELL_CELL_COMMUNICATION	S:23/796	S:233/8971	D:0.0987124463519313	D:1.11249919123515	D:0.542912968015935	D:0.3260411795098	D:0.974727276242841	D:0.915203310904703	S:SIRT1/ITGA6/ZMYM2/HDAC1/PSMD7/RSU1/CASK/SPCS2/ZNF217/CANX/HDAC2/MTBP/TNRC6C/PSMA5/STRAP/ANK3/RB1/TCF12/PTK2/RBBP4/PTPN11/PARVA/DAD1	D:23	S:Cell cell communication	S:FALSE	N:	N:	N:	N:	N:	N:	N:	N:	N:	N:	N:	N:	N:
S:REACTOME_CELL_JUNCTION_ORGANIZATION	S:REACTOME_CELL_JUNCTION_ORGANIZATION	S:20/796	S:201/8971	D:0.0995024875621891	D:1.12140303507588	D:0.543171095253297	D:0.328273257670892	D:0.978851168327752	D:0.91907536802459	S:SIRT1/ITGA6/ZMYM2/HDAC1/PSMD7/RSU1/SPCS2/ZNF217/CANX/HDAC2/MTBP/TNRC6C/PSMA5/STRAP/ANK3/RB1/TCF12/RBBP4/PARVA/DAD1	D:20	S:Cell junction organization	S:FALSE	N:	N:	N:	N:	N:	N:	N:	N:	N:	N:	N:	N:	N:
S:REACTOME_SIGNALING_BY_SCF_KIT	S:REACTOME_SIGNALING_BY_SCF_KIT	S:5/796	S:43/8971	D:0.116279069767442	D:1.31047680261774	D:0.636788437338185	D:0.333163035770134	D:0.98301689591442	D:0.922986705864998	S:KRAS/KIT/PRKCA/PTPN11/YES1	D:5	S:Signaling by scf kit	S:FALSE	N:	N:	N:	N:	N:	N:	N:	N:	N:	N:	N:	N:	N:
S:REACTOME_NON_INTEGRIN_MEMBRANE_ECM_INTERACTIONS	S:REACTOME_NON_INTEGRIN_MEMBRANE_ECM_INTERACTIONS	S:8/796	S:74/8971	D:0.108108108108108	D:1.21838924351487	D:0.588618873525289	D:0.333446307304553	D:0.98301689591442	D:0.922986705864998	S:ITGA6/LAMA2/CASK/SNTG2/PRKCA/SNTB1/UTRN/SSPN	D:8	S:Non integrin membrane ecm interactions	S:FALSE	N:	N:	N:	N:	N:	N:	N:	N:	N:	N:	N:	N:	N:
S:REACTOME_DARPP_32_EVENTS	S:REACTOME_DARPP_32_EVENTS	S:3/796	S:23/8971	D:0.130434782608696	D:1.47001310902338	D:0.704238519637697	D:0.334681584880555	D:0.98301689591442	D:0.922986705864998	S:PDE4B/PPP2CB/PDE4D	D:3	S:Darpp 32 events	S:FALSE	N:	N:	N:	N:	N:	N:	N:	N:	N:	N:	N:	N:	N:
S:REACTOME_ROLE_OF_PHOSPHOLIPIDS_IN_PHAGOCYTOSIS	S:REACTOME_ROLE_OF_PHOSPHOLIPIDS_IN_PHAGOCYTOSIS	S:3/796	S:23/8971	D:0.130434782608696	D:1.47001310902338	D:0.704238519637697	D:0.334681584880555	D:0.98301689591442	D:0.922986705864998	S:PRKCE/ITPR1/IGLV6-57	D:3	S:Role of phospholipids in phagocytosis	S:FALSE	N:	N:	N:	N:	N:	N:	N:	N:	N:	N:	N:	N:	N:
S:REACTOME_ACTIVATION_OF_THE_PRE_REPLICATIVE_COMPLEX	S:REACTOME_ACTIVATION_OF_THE_PRE_REPLICATIVE_COMPLEX	S:4/796	S:33/8971	D:0.121212121212121	D:1.36607278818334	D:0.657374898165509	D:0.335664305921997	D:0.98301689591442	D:0.922986705864998	S:RPA1/POLE3/MCM7/PRIM1	D:4	S:Activation of the pre replicative complex	S:FALSE	N:	N:	N:	N:	N:	N:	N:	N:	N:	N:	N:	N:	N:
S:REACTOME_FCERI_MEDIATED_MAPK_ACTIVATION	S:REACTOME_FCERI_MEDIATED_MAPK_ACTIVATION	S:4/796	S:33/8971	D:0.121212121212121	D:1.36607278818334	D:0.657374898165509	D:0.335664305921997	D:0.98301689591442	D:0.922986705864998	S:KRAS/JUN/MAP2K4/IGLV6-57	D:4	S:Fceri mediated mapk activation	S:FALSE	N:	N:	N:	N:	N:	N:	N:	N:	N:	N:	N:	N:	N:
S:REACTOME_SIGNALING_BY_FGFR1_IN_DISEASE	S:REACTOME_SIGNALING_BY_FGFR1_IN_DISEASE	S:4/796	S:33/8971	D:0.121212121212121	D:1.36607278818334	D:0.657374898165509	D:0.335664305921997	D:0.98301689591442	D:0.922986705864998	S:ZMYM2/KRAS/TRIM24/ERLIN2	D:4	S:Signaling by fgfr1 in disease	S:FALSE	N:	N:	N:	N:	N:	N:	N:	N:	N:	N:	N:	N:	N:
S:REACTOME_TOLL_LIKE_RECEPTOR_9_TLR9_CASCADE	S:REACTOME_TOLL_LIKE_RECEPTOR_9_TLR9_CASCADE	S:11/796	S:106/8971	D:0.10377358490566	D:1.16953873139281	D:0.547887467661341	D:0.338932931902991	D:0.990063628052502	D:0.929603113080655	S:RPS6KA5/IKBIP/PIK3R4/JUN/TAB2/PIK3C3/MAP2K4/NFKBIA/PPP2CB/TRAF6/USP14	D:11	S:Toll like receptor 9 tlr9 cascade	S:FALSE	N:	N:	N:	N:	N:	N:	N:	N:	N:	N:	N:	N:	N:
S:REACTOME_RUNX1_REGULATES_TRANSCRIPTION_OF_GENES_INVOLVED_IN_DIFFERENTIATION_OF_HSCS	S:REACTOME_RUNX1_REGULATES_TRANSCRIPTION_OF_GENES_INVOLVED_IN_DIFFERENTIATION_OF_HSCS	S:6/796	S:54/8971	D:0.111111111111111	D:1.25223338916806	D:0.580094765608636	D:0.345469192922091	D:0.999999999737144	D:0.938932697350849	S:ITCH/PSMD7/PSMA5/CDK7/TCF12/CBFB	D:6	S:Runx1 regulates transcription of genes involved in differentiation of hscs	S:FALSE	N:	N:	N:	N:	N:	N:	N:	N:	N:	N:	N:	N:	N:
S:REACTOME_TAK1_DEPENDENT_IKK_AND_NF_KAPPA_B_ACTIVATION	S:REACTOME_TAK1_DEPENDENT_IKK_AND_NF_KAPPA_B_ACTIVATION	S:5/796	S:44/8971	D:0.113636363636364	D:1.28069323892188	D:0.582390654674494	D:0.351314765327106	D:0.999999999737144	D:0.938932697350849	S:IKBIP/TAB2/NFKBIA/TRAF6/USP14	D:5	S:Tak1 dependent ikk and nf kappa b activation	S:FALSE	N:	N:	N:	N:	N:	N:	N:	N:	N:	N:	N:	N:	N:
S:REACTOME_PEPTIDE_HORMONE_METABOLISM	S:REACTOME_PEPTIDE_HORMONE_METABOLISM	S:7/796	S:65/8971	D:0.107692307692308	D:1.21370313103981	D:0.539554219053433	D:0.35432103607938	D:0.999999999737144	D:0.938932697350849	S:EXOC1/SPCS2/CPA3/EXOC8/EXOC5/SLC30A5/MYO5A	D:7	S:Peptide hormone metabolism	S:FALSE	N:	N:	N:	N:	N:	N:	N:	N:	N:	N:	N:	N:	N:
S:REACTOME_HIV_TRANSCRIPTION_ELONGATION	S:REACTOME_HIV_TRANSCRIPTION_ELONGATION	S:4/796	S:34/8971	D:0.117647058823529	D:1.32589417676618	D:0.594058281590799	D:0.356525889313104	D:0.999999999737144	D:0.938932697350849	S:SSRP1/CDK7/NCBP1/SUPT16H	D:4	S:Hiv transcription elongation	S:FALSE	N:	N:	N:	N:	N:	N:	N:	N:	N:	N:	N:	N:	N:
S:REACTOME_N_GLYCAN_TRIMMING_IN_THE_ER_AND_CALNEXIN_CALRETICULIN_CYCLE	S:REACTOME_N_GLYCAN_TRIMMING_IN_THE_ER_AND_CALNEXIN_CALRETICULIN_CYCLE	S:4/796	S:34/8971	D:0.117647058823529	D:1.32589417676618	D:0.594058281590799	D:0.356525889313104	D:0.999999999737144	D:0.938932697350849	S:SEL1L/CANX/SYVN1/RNF103	D:4	S:N glycan trimming in the er and calnexin calreticulin cycle	S:FALSE	N:	N:	N:	N:	N:	N:	N:	N:	N:	N:	N:	N:	N:
S:REACTOME_CGMP_EFFECTS	S:REACTOME_CGMP_EFFECTS	S:2/796	S:14/8971	D:0.142857142857143	D:1.61001435750179	D:0.712740869104974	D:0.356537900959587	D:0.999999999737144	D:0.938932697350849	S:ITPR1/KCNMB3	D:2	S:Cgmp effects	S:FALSE	N:	N:	N:	N:	N:	N:	N:	N:	N:	N:	N:	N:	N:
S:REACTOME_CONSTITUTIVE_SIGNALING_BY_EGFRVIII	S:REACTOME_CONSTITUTIVE_SIGNALING_BY_EGFRVIII	S:2/796	S:14/8971	D:0.142857142857143	D:1.61001435750179	D:0.712740869104974	D:0.356537900959587	D:0.999999999737144	D:0.938932697350849	S:KRAS/EGF	D:2	S:Constitutive signaling by egfrviii	S:FALSE	N:	N:	N:	N:	N:	N:	N:	N:	N:	N:	N:	N:	N:
S:REACTOME_EARLY_PHASE_OF_HIV_LIFE_CYCLE	S:REACTOME_EARLY_PHASE_OF_HIV_LIFE_CYCLE	S:2/796	S:14/8971	D:0.142857142857143	D:1.61001435750179	D:0.712740869104974	D:0.356537900959587	D:0.999999999737144	D:0.938932697350849	S:PSIP1/CXCR4	D:2	S:Early phase of hiv life cycle	S:FALSE	N:	N:	N:	N:	N:	N:	N:	N:	N:	N:	N:	N:	N:
S:REACTOME_GASTRIN_CREB_SIGNALLING_PATHWAY_VIA_PKC_AND_MAPK	S:REACTOME_GASTRIN_CREB_SIGNALLING_PATHWAY_VIA_PKC_AND_MAPK	S:2/796	S:14/8971	D:0.142857142857143	D:1.61001435750179	D:0.712740869104974	D:0.356537900959587	D:0.999999999737144	D:0.938932697350849	S:KRAS/PRKCA	D:2	S:Gastrin creb signalling pathway via pkc and mapk	S:FALSE	N:	N:	N:	N:	N:	N:	N:	N:	N:	N:	N:	N:	N:
S:REACTOME_GLYCOGEN_STORAGE_DISEASES	S:REACTOME_GLYCOGEN_STORAGE_DISEASES	S:2/796	S:14/8971	D:0.142857142857143	D:1.61001435750179	D:0.712740869104974	D:0.356537900959587	D:0.999999999737144	D:0.938932697350849	S:GBE1/EPM2A	D:2	S:Glycogen storage diseases	S:FALSE	N:	N:	N:	N:	N:	N:	N:	N:	N:	N:	N:	N:	N:
S:REACTOME_MITOCHONDRIAL_CALCIUM_ION_TRANSPORT	S:REACTOME_MITOCHONDRIAL_CALCIUM_ION_TRANSPORT	S:2/796	S:14/8971	D:0.142857142857143	D:1.61001435750179	D:0.712740869104974	D:0.356537900959587	D:0.999999999737144	D:0.938932697350849	S:AKAP1/YME1L1	D:2	S:Mitochondrial calcium ion transport	S:FALSE	N:	N:	N:	N:	N:	N:	N:	N:	N:	N:	N:	N:	N:
S:REACTOME_REGULATION_OF_INNATE_IMMUNE_RESPONSES_TO_CYTOSOLIC_DNA	S:REACTOME_REGULATION_OF_INNATE_IMMUNE_RESPONSES_TO_CYTOSOLIC_DNA	S:2/796	S:14/8971	D:0.142857142857143	D:1.61001435750179	D:0.712740869104974	D:0.356537900959587	D:0.999999999737144	D:0.938932697350849	S:DTX4/TRIM32	D:2	S:Regulation of innate immune responses to cytosolic dna	S:FALSE	N:	N:	N:	N:	N:	N:	N:	N:	N:	N:	N:	N:	N:
S:REACTOME_SIGNAL_REGULATORY_PROTEIN_FAMILY_INTERACTIONS	S:REACTOME_SIGNAL_REGULATORY_PROTEIN_FAMILY_INTERACTIONS	S:2/796	S:14/8971	D:0.142857142857143	D:1.61001435750179	D:0.712740869104974	D:0.356537900959587	D:0.999999999737144	D:0.938932697350849	S:PTK2/PTPN11	D:2	S:Signal regulatory protein family interactions	S:FALSE	N:	N:	N:	N:	N:	N:	N:	N:	N:	N:	N:	N:	N:
S:REACTOME_SIGNALING_BY_ERBB2_ECD_MUTANTS	S:REACTOME_SIGNALING_BY_ERBB2_ECD_MUTANTS	S:2/796	S:14/8971	D:0.142857142857143	D:1.61001435750179	D:0.712740869104974	D:0.356537900959587	D:0.999999999737144	D:0.938932697350849	S:KRAS/EGF	D:2	S:Signaling by erbb2 ecd mutants	S:FALSE	N:	N:	N:	N:	N:	N:	N:	N:	N:	N:	N:	N:	N:
S:REACTOME_MITOTIC_G2_G2_M_PHASES	S:REACTOME_MITOTIC_G2_G2_M_PHASES	S:17/796	S:172/8971	D:0.0988372093023256	D:1.11390528222508	D:0.470652428335674	D:0.356885233621152	D:0.999999999737144	D:0.938932697350849	S:CEP192/PCM1/CEP70/PSMD7/E2F3/ALMS1/PSMA5/CDK7/HAUS3/PPP2CB/CCNB1/CEP152/CEP72/MIS18BP1/RBBP4/MAPRE1/CEP76	D:17	S:Mitotic g2 g2 m phases	S:FALSE	N:	N:	N:	N:	N:	N:	N:	N:	N:	N:	N:	N:	N:
S:REACTOME_DIFFERENTIATION_OF_KERATINOCYTES_IN_INTERFOLLICULAR_EPIDERMIS_IN_MAMMALIAN_SKIN	S:REACTOME_DIFFERENTIATION_OF_KERATINOCYTES_IN_INTERFOLLICULAR_EPIDERMIS_IN_MAMMALIAN_SKIN	S:3/796	S:24/8971	D:0.125	D:1.40876256281407	D:0.625672245448462	D:0.359828876732824	D:0.999999999737144	D:0.938932697350849	S:ITGA6/EGF/AQP3	D:3	S:Differentiation of keratinocytes in interfollicular epidermis in mammalian skin	S:FALSE	N:	N:	N:	N:	N:	N:	N:	N:	N:	N:	N:	N:	N:
S:REACTOME_GLYCOGEN_METABOLISM	S:REACTOME_GLYCOGEN_METABOLISM	S:3/796	S:24/8971	D:0.125	D:1.40876256281407	D:0.625672245448462	D:0.359828876732824	D:0.999999999737144	D:0.938932697350849	S:GBE1/EPM2A/PHKB	D:3	S:Glycogen metabolism	S:FALSE	N:	N:	N:	N:	N:	N:	N:	N:	N:	N:	N:	N:	N:
S:REACTOME_INTEGRIN_SIGNALING	S:REACTOME_INTEGRIN_SIGNALING	S:3/796	S:24/8971	D:0.125	D:1.40876256281407	D:0.625672245448462	D:0.359828876732824	D:0.999999999737144	D:0.938932697350849	S:RASGRP2/RASGRP1/PTK2	D:3	S:Integrin signaling	S:FALSE	N:	N:	N:	N:	N:	N:	N:	N:	N:	N:	N:	N:	N:
S:REACTOME_TRAF6_MEDIATED_NF_KB_ACTIVATION	S:REACTOME_TRAF6_MEDIATED_NF_KB_ACTIVATION	S:3/796	S:24/8971	D:0.125	D:1.40876256281407	D:0.625672245448462	D:0.359828876732824	D:0.999999999737144	D:0.938932697350849	S:TRIM4/NFKBIA/TRAF6	D:3	S:Traf6 mediated nf kb activation	S:FALSE	N:	N:	N:	N:	N:	N:	N:	N:	N:	N:	N:	N:	N:
S:REACTOME_RAC1_GTPASE_CYCLE	S:REACTOME_RAC1_GTPASE_CYCLE	S:17/796	S:173/8971	D:0.0982658959537572	D:1.10746652336829	D:0.445361987880827	D:0.366031844411513	D:0.999999999737144	D:0.938932697350849	S:NHS/LBR/AMIGO2/DOCK10/TAGAP/SWAP70/LEMD3/SYDE2/ABI2/PKN2/ALS2/DOCK9/ARHGEF4/KTN1/ABL2/ARHGAP17/ARAP2	D:17	S:Rac1 gtpase cycle	S:FALSE	N:	N:	N:	N:	N:	N:	N:	N:	N:	N:	N:	N:	N:
S:REACTOME_COPII_MEDIATED_VESICLE_TRANSPORT	S:REACTOME_COPII_MEDIATED_VESICLE_TRANSPORT	S:7/796	S:66/8971	D:0.106060606060606	D:1.19531368966042	D:0.496931543260326	D:0.369253769537488	D:0.999999999737144	D:0.938932697350849	S:TRAPPC10/SEC24A/SEC23IP/TMED10/SCFD1/LMAN1/SAR1B	D:7	S:Copii mediated vesicle transport	S:FALSE	N:	N:	N:	N:	N:	N:	N:	N:	N:	N:	N:	N:	N:
S:REACTOME_INTERLEUKIN_12_SIGNALING	S:REACTOME_INTERLEUKIN_12_SIGNALING	S:5/796	S:45/8971	D:0.111111111111111	D:1.25223338916806	D:0.529284609442808	D:0.369512448629792	D:0.999999999737144	D:0.938932697350849	S:TCP1/HSPA9/MIF/HNRNPA2B1/SNRPA1	D:5	S:Interleukin 12 signaling	S:FALSE	N:	N:	N:	N:	N:	N:	N:	N:	N:	N:	N:	N:	N:
S:REACTOME_SIGNALING_BY_THE_B_CELL_RECEPTOR_BCR	S:REACTOME_SIGNALING_BY_THE_B_CELL_RECEPTOR_BCR	S:10/796	S:98/8971	D:0.102040816326531	D:1.15001025535842	D:0.465915997172956	D:0.370259009749842	D:0.999999999737144	D:0.938932697350849	S:KRAS/ITPR1/RASGRP1/PSMD7/IGLV6-57/PSMA5/NFKBIA/PRKCB/MALT1/CD19	D:10	S:Signaling by the b cell receptor bcr	S:FALSE	N:	N:	N:	N:	N:	N:	N:	N:	N:	N:	N:	N:	N:
S:REACTOME_VISUAL_PHOTOTRANSDUCTION	S:REACTOME_VISUAL_PHOTOTRANSDUCTION	S:8/796	S:77/8971	D:0.103896103896104	D:1.17091953272858	D:0.469999473677833	D:0.374836708911402	D:0.999999999737144	D:0.938932697350849	S:LRP12/HSD17B6/SLC24A1/METAP1/NMT2/PRKCQ/PRKCA/DHRS3	D:8	S:Visual phototransduction	S:FALSE	N:	N:	N:	N:	N:	N:	N:	N:	N:	N:	N:	N:	N:
S:REACTOME_APOPTOTIC_CLEAVAGE_OF_CELLULAR_PROTEINS	S:REACTOME_APOPTOTIC_CLEAVAGE_OF_CELLULAR_PROTEINS	S:4/796	S:35/8971	D:0.114285714285714	D:1.28801148600144	D:0.532698071791022	D:0.377378662627737	D:0.999999999737144	D:0.938932697350849	S:SATB1/PRKCQ/GAS2/PTK2	D:4	S:Apoptotic cleavage of cellular proteins	S:FALSE	N:	N:	N:	N:	N:	N:	N:	N:	N:	N:	N:	N:	N:
S:REACTOME_SIGNALING_BY_FGFR4	S:REACTOME_SIGNALING_BY_FGFR4	S:4/796	S:35/8971	D:0.114285714285714	D:1.28801148600144	D:0.532698071791022	D:0.377378662627737	D:0.999999999737144	D:0.938932697350849	S:KRAS/SPRY2/PPP2CB/PTPN11	D:4	S:Signaling by fgfr4	S:FALSE	N:	N:	N:	N:	N:	N:	N:	N:	N:	N:	N:	N:	N:
S:REACTOME_DEVELOPMENTAL_CELL_LINEAGES_OF_THE_EXOCRINE_PANCREAS	S:REACTOME_DEVELOPMENTAL_CELL_LINEAGES_OF_THE_EXOCRINE_PANCREAS	S:6/796	S:56/8971	D:0.107142857142857	D:1.20751076812635	D:0.48605213202744	D:0.378126351925932	D:0.999999999737144	D:0.938932697350849	S:PRSS1/LAMA2/PLA2G1B/EGF/CXCR4/HHEX	D:6	S:Developmental cell lineages of the exocrine pancreas	S:FALSE	N:	N:	N:	N:	N:	N:	N:	N:	N:	N:	N:	N:	N:
S:REACTOME_PROCESSING_OF_DNA_DOUBLE_STRAND_BREAK_ENDS	S:REACTOME_PROCESSING_OF_DNA_DOUBLE_STRAND_BREAK_ENDS	S:6/796	S:56/8971	D:0.107142857142857	D:1.20751076812635	D:0.48605213202744	D:0.378126351925932	D:0.999999999737144	D:0.938932697350849	S:WRN/RPA1/BRCA1/RFC5/ATR/BLM	D:6	S:Processing of dna double strand break ends	S:FALSE	N:	N:	N:	N:	N:	N:	N:	N:	N:	N:	N:	N:	N:
S:REACTOME_DOWNSTREAM_SIGNALING_EVENTS_OF_B_CELL_RECEPTOR_BCR	S:REACTOME_DOWNSTREAM_SIGNALING_EVENTS_OF_B_CELL_RECEPTOR_BCR	S:7/796	S:67/8971	D:0.104477611940299	D:1.17747318682967	D:0.454973862922177	D:0.384224400780678	D:0.999999999737144	D:0.938932697350849	S:KRAS/RASGRP1/PSMD7/PSMA5/NFKBIA/PRKCB/MALT1	D:7	S:Downstream signaling events of b cell receptor bcr	S:FALSE	N:	N:	N:	N:	N:	N:	N:	N:	N:	N:	N:	N:	N:
S:REACTOME_CREB1_PHOSPHORYLATION_THROUGH_NMDA_RECEPTOR_MEDIATED_ACTIVATION_OF_RAS_SIGNALING	S:REACTOME_CREB1_PHOSPHORYLATION_THROUGH_NMDA_RECEPTOR_MEDIATED_ACTIVATION_OF_RAS_SIGNALING	S:3/796	S:25/8971	D:0.12	D:1.35241206030151	D:0.550573361020552	D:0.384830778976957	D:0.999999999737144	D:0.938932697350849	S:KRAS/DLG1/CAMK2D	D:3	S:Creb1 phosphorylation through nmda receptor mediated activation of ras signaling	S:FALSE	N:	N:	N:	N:	N:	N:	N:	N:	N:	N:	N:	N:	N:
S:REACTOME_NEGATIVE_REGULATION_OF_FGFR1_SIGNALING	S:REACTOME_NEGATIVE_REGULATION_OF_FGFR1_SIGNALING	S:3/796	S:25/8971	D:0.12	D:1.35241206030151	D:0.550573361020552	D:0.384830778976957	D:0.999999999737144	D:0.938932697350849	S:SPRY2/PPP2CB/PTPN11	D:3	S:Negative regulation of fgfr1 signaling	S:FALSE	N:	N:	N:	N:	N:	N:	N:	N:	N:	N:	N:	N:	N:
S:REACTOME_NEGATIVE_REGULATION_OF_FGFR3_SIGNALING	S:REACTOME_NEGATIVE_REGULATION_OF_FGFR3_SIGNALING	S:3/796	S:25/8971	D:0.12	D:1.35241206030151	D:0.550573361020552	D:0.384830778976957	D:0.999999999737144	D:0.938932697350849	S:SPRY2/PPP2CB/PTPN11	D:3	S:Negative regulation of fgfr3 signaling	S:FALSE	N:	N:	N:	N:	N:	N:	N:	N:	N:	N:	N:	N:	N:
S:REACTOME_NEGATIVE_REGULATION_OF_FGFR4_SIGNALING	S:REACTOME_NEGATIVE_REGULATION_OF_FGFR4_SIGNALING	S:3/796	S:25/8971	D:0.12	D:1.35241206030151	D:0.550573361020552	D:0.384830778976957	D:0.999999999737144	D:0.938932697350849	S:SPRY2/PPP2CB/PTPN11	D:3	S:Negative regulation of fgfr4 signaling	S:FALSE	N:	N:	N:	N:	N:	N:	N:	N:	N:	N:	N:	N:	N:
S:REACTOME_SIGNALING_BY_NTRKS	S:REACTOME_SIGNALING_BY_NTRKS	S:12/796	S:121/8971	D:0.0991735537190083	D:1.11769591760455	D:0.406716061860629	D:0.387415395480145	D:0.999999999737144	D:0.938932697350849	S:RPS6KA5/PCSK5/KRAS/KIDINS220/REST/PPP2CB/IRS1/EGR3/SGK1/TCF12/PTPN11/F3	D:12	S:Signaling by ntrks	S:FALSE	N:	N:	N:	N:	N:	N:	N:	N:	N:	N:	N:	N:	N:
S:REACTOME_HIV_TRANSCRIPTION_INITIATION	S:REACTOME_HIV_TRANSCRIPTION_INITIATION	S:5/796	S:46/8971	D:0.108695652173913	D:1.22501092418615	D:0.477405350035053	D:0.387715551964612	D:0.999999999737144	D:0.938932697350849	S:TAF2/TAF3/TAF4/CDK7/TAF6	D:5	S:Hiv transcription initiation	S:FALSE	N:	N:	N:	N:	N:	N:	N:	N:	N:	N:	N:	N:	N:
S:REACTOME_IRE1ALPHA_ACTIVATES_CHAPERONES	S:REACTOME_IRE1ALPHA_ACTIVATES_CHAPERONES	S:5/796	S:46/8971	D:0.108695652173913	D:1.22501092418615	D:0.477405350035053	D:0.387715551964612	D:0.999999999737144	D:0.938932697350849	S:EXTL2/SYVN1/GFPT1/SRPRB/WFS1	D:5	S:Ire1alpha activates chaperones	S:TRUE	N:	N:	N:	N:	N:	N:	N:	N:	N:	N:	N:	N:	N:
S:REACTOME_PRE_NOTCH_EXPRESSION_AND_PROCESSING	S:REACTOME_PRE_NOTCH_EXPRESSION_AND_PROCESSING	S:5/796	S:46/8971	D:0.108695652173913	D:1.22501092418615	D:0.477405350035053	D:0.387715551964612	D:0.999999999737144	D:0.938932697350849	S:MFNG/JUN/E2F3/SEL1L/TNRC6C	D:5	S:Pre notch expression and processing	S:FALSE	N:	N:	N:	N:	N:	N:	N:	N:	N:	N:	N:	N:	N:
S:REACTOME_DENGUE_VIRUS_GENOME_TRANSLATION_AND_REPLICATION	S:REACTOME_DENGUE_VIRUS_GENOME_TRANSLATION_AND_REPLICATION	S:8/796	S:78/8971	D:0.102564102564103	D:1.15590774384744	D:0.431518795430097	D:0.388728357319894	D:0.999999999737144	D:0.938932697350849	S:EIF4G2/HNRNPD/PABPC1/SPCS2/CANX/KPNA4/HSPA8/DAD1	D:8	S:Dengue virus genome translation and replication	S:FALSE	N:	N:	N:	N:	N:	N:	N:	N:	N:	N:	N:	N:	N:
S:REACTOME_ACTIVATION_OF_SMO	S:REACTOME_ACTIVATION_OF_SMO	S:2/796	S:15/8971	D:0.133333333333333	D:1.50268006700167	D:0.60797976629572	D:0.389504665584251	D:0.999999999737144	D:0.938932697350849	S:KIF3A/EFCAB7	D:2	S:Activation of smo	S:FALSE	N:	N:	N:	N:	N:	N:	N:	N:	N:	N:	N:	N:	N:
S:REACTOME_ACYL_CHAIN_REMODELLING_OF_PS	S:REACTOME_ACYL_CHAIN_REMODELLING_OF_PS	S:2/796	S:15/8971	D:0.133333333333333	D:1.50268006700167	D:0.60797976629572	D:0.389504665584251	D:0.999999999737144	D:0.938932697350849	S:PLA2G12A/PLA2G1B	D:2	S:Acyl chain remodelling of ps	S:FALSE	N:	N:	N:	N:	N:	N:	N:	N:	N:	N:	N:	N:	N:
S:REACTOME_FORMATION_OF_THE_NON_CANONICAL_BAF_NCBAF_COMPLEX	S:REACTOME_FORMATION_OF_THE_NON_CANONICAL_BAF_NCBAF_COMPLEX	S:2/796	S:15/8971	D:0.133333333333333	D:1.50268006700167	D:0.60797976629572	D:0.389504665584251	D:0.999999999737144	D:0.938932697350849	S:ACTL6A/SS18L1	D:2	S:Formation of the non canonical baf ncbaf complex	S:FALSE	N:	N:	N:	N:	N:	N:	N:	N:	N:	N:	N:	N:	N:
S:REACTOME_NOREPINEPHRINE_NEUROTRANSMITTER_RELEASE_CYCLE	S:REACTOME_NOREPINEPHRINE_NEUROTRANSMITTER_RELEASE_CYCLE	S:2/796	S:15/8971	D:0.133333333333333	D:1.50268006700167	D:0.60797976629572	D:0.389504665584251	D:0.999999999737144	D:0.938932697350849	S:SLC18A2/UNC13B	D:2	S:Norepinephrine neurotransmitter release cycle	S:FALSE	N:	N:	N:	N:	N:	N:	N:	N:	N:	N:	N:	N:	N:
S:REACTOME_P75NTR_SIGNALS_VIA_NF_KB	S:REACTOME_P75NTR_SIGNALS_VIA_NF_KB	S:2/796	S:15/8971	D:0.133333333333333	D:1.50268006700167	D:0.60797976629572	D:0.389504665584251	D:0.999999999737144	D:0.938932697350849	S:NFKBIA/TRAF6	D:2	S:P75ntr signals via nf kb	S:FALSE	N:	N:	N:	N:	N:	N:	N:	N:	N:	N:	N:	N:	N:
S:REACTOME_POLO_LIKE_KINASE_MEDIATED_EVENTS	S:REACTOME_POLO_LIKE_KINASE_MEDIATED_EVENTS	S:2/796	S:15/8971	D:0.133333333333333	D:1.50268006700167	D:0.60797976629572	D:0.389504665584251	D:0.999999999737144	D:0.938932697350849	S:CCNB1/RBBP4	D:2	S:Polo like kinase mediated events	S:FALSE	N:	N:	N:	N:	N:	N:	N:	N:	N:	N:	N:	N:	N:
S:REACTOME_RAP1_SIGNALLING	S:REACTOME_RAP1_SIGNALLING	S:2/796	S:15/8971	D:0.133333333333333	D:1.50268006700167	D:0.60797976629572	D:0.389504665584251	D:0.999999999737144	D:0.938932697350849	S:RASGRP2/RASGRP1	D:2	S:Rap1 signalling	S:FALSE	N:	N:	N:	N:	N:	N:	N:	N:	N:	N:	N:	N:	N:
S:REACTOME_SIGNALING_BY_NTRK3_TRKC	S:REACTOME_SIGNALING_BY_NTRK3_TRKC	S:2/796	S:15/8971	D:0.133333333333333	D:1.50268006700167	D:0.60797976629572	D:0.389504665584251	D:0.999999999737144	D:0.938932697350849	S:KRAS/IRS1	D:2	S:Signaling by ntrk3 trkc	S:FALSE	N:	N:	N:	N:	N:	N:	N:	N:	N:	N:	N:	N:	N:
S:REACTOME_TRAF6_MEDIATED_INDUCTION_OF_TAK1_COMPLEX_WITHIN_TLR4_COMPLEX	S:REACTOME_TRAF6_MEDIATED_INDUCTION_OF_TAK1_COMPLEX_WITHIN_TLR4_COMPLEX	S:2/796	S:15/8971	D:0.133333333333333	D:1.50268006700167	D:0.60797976629572	D:0.389504665584251	D:0.999999999737144	D:0.938932697350849	S:TAB2/TRAF6	D:2	S:Traf6 mediated induction of tak1 complex within tlr4 complex	S:FALSE	N:	N:	N:	N:	N:	N:	N:	N:	N:	N:	N:	N:	N:
S:REACTOME_UNBLOCKING_OF_NMDA_RECEPTORS_GLUTAMATE_BINDING_AND_ACTIVATION	S:REACTOME_UNBLOCKING_OF_NMDA_RECEPTORS_GLUTAMATE_BINDING_AND_ACTIVATION	S:2/796	S:15/8971	D:0.133333333333333	D:1.50268006700167	D:0.60797976629572	D:0.389504665584251	D:0.999999999737144	D:0.938932697350849	S:DLG1/CAMK2D	D:2	S:Unblocking of nmda receptors glutamate binding and activation	S:FALSE	N:	N:	N:	N:	N:	N:	N:	N:	N:	N:	N:	N:	N:
S:REACTOME_WNT5A_DEPENDENT_INTERNALIZATION_OF_FZD4	S:REACTOME_WNT5A_DEPENDENT_INTERNALIZATION_OF_FZD4	S:2/796	S:15/8971	D:0.133333333333333	D:1.50268006700167	D:0.60797976629572	D:0.389504665584251	D:0.999999999737144	D:0.938932697350849	S:PRKCB/PRKCA	D:2	S:Wnt5a dependent internalization of fzd4	S:FALSE	N:	N:	N:	N:	N:	N:	N:	N:	N:	N:	N:	N:	N:
S:REACTOME_COPI_DEPENDENT_GOLGI_TO_ER_RETROGRADE_TRAFFIC	S:REACTOME_COPI_DEPENDENT_GOLGI_TO_ER_RETROGRADE_TRAFFIC	S:9/796	S:89/8971	D:0.101123595505618	D:1.13967308452374	D:0.413200860986864	D:0.392152700409748	D:0.999999999737144	D:0.938932697350849	S:KIF3A/KIF27/KIF2A/COPB2/KIF16B/KIF15/TMED10/ZW10/CENPE	D:9	S:Copi dependent golgi to er retrograde traffic	S:FALSE	N:	N:	N:	N:	N:	N:	N:	N:	N:	N:	N:	N:	N:
S:REACTOME_ACTIVATION_OF_ATR_IN_RESPONSE_TO_REPLICATION_STRESS	S:REACTOME_ACTIVATION_OF_ATR_IN_RESPONSE_TO_REPLICATION_STRESS	S:4/796	S:36/8971	D:0.111111111111111	D:1.25223338916806	D:0.473168061159981	D:0.398164929223539	D:0.999999999737144	D:0.938932697350849	S:RPA1/MCM7/RFC5/ATR	D:4	S:Activation of atr in response to replication stress	S:FALSE	N:	N:	N:	N:	N:	N:	N:	N:	N:	N:	N:	N:	N:
S:REACTOME_SARS_COV_1_ACTIVATES_MODULATES_INNATE_IMMUNE_RESPONSES	S:REACTOME_SARS_COV_1_ACTIVATES_MODULATES_INNATE_IMMUNE_RESPONSES	S:4/796	S:36/8971	D:0.111111111111111	D:1.25223338916806	D:0.473168061159981	D:0.398164929223539	D:0.999999999737144	D:0.938932697350849	S:ITCH/PPIG/NFKBIA/TRAF6	D:4	S:Sars cov 1 activates modulates innate immune responses	S:FALSE	N:	N:	N:	N:	N:	N:	N:	N:	N:	N:	N:	N:	N:
S:REACTOME_SIGNALING_BY_FGFR3	S:REACTOME_SIGNALING_BY_FGFR3	S:4/796	S:36/8971	D:0.111111111111111	D:1.25223338916806	D:0.473168061159981	D:0.398164929223539	D:0.999999999737144	D:0.938932697350849	S:KRAS/SPRY2/PPP2CB/PTPN11	D:4	S:Signaling by fgfr3	S:FALSE	N:	N:	N:	N:	N:	N:	N:	N:	N:	N:	N:	N:	N:
S:REACTOME_SIGNALING_BY_TGFBR3	S:REACTOME_SIGNALING_BY_TGFBR3	S:4/796	S:36/8971	D:0.111111111111111	D:1.25223338916806	D:0.473168061159981	D:0.398164929223539	D:0.999999999737144	D:0.938932697350849	S:SMAD3/TNRC6C/TGFB2/TCF12	D:4	S:Signaling by tgfbr3	S:FALSE	N:	N:	N:	N:	N:	N:	N:	N:	N:	N:	N:	N:	N:
S:REACTOME_SMAD2_SMAD3_SMAD4_HETEROTRIMER_REGULATES_TRANSCRIPTION	S:REACTOME_SMAD2_SMAD3_SMAD4_HETEROTRIMER_REGULATES_TRANSCRIPTION	S:4/796	S:36/8971	D:0.111111111111111	D:1.25223338916806	D:0.473168061159981	D:0.398164929223539	D:0.999999999737144	D:0.938932697350849	S:HDAC1/SMAD3/SMAD2/RBL1	D:4	S:Smad2 smad3 smad4 heterotrimer regulates transcription	S:FALSE	N:	N:	N:	N:	N:	N:	N:	N:	N:	N:	N:	N:	N:
S:REACTOME_TRANSCRIPTIONAL_REGULATION_OF_WHITE_ADIPOCYTE_DIFFERENTIATION	S:REACTOME_TRANSCRIPTIONAL_REGULATION_OF_WHITE_ADIPOCYTE_DIFFERENTIATION	S:8/796	S:79/8971	D:0.10126582278481	D:1.14127600025444	D:0.393541996200784	D:0.402637320703604	D:0.999999999737144	D:0.938932697350849	S:MED1/TGS1/EBF1/MED23/WNT1/MED31/NCOA3/MED6	D:8	S:Transcriptional regulation of white adipocyte differentiation	S:FALSE	N:	N:	N:	N:	N:	N:	N:	N:	N:	N:	N:	N:	N:
S:REACTOME_AMINO_ACIDS_REGULATE_MTORC1	S:REACTOME_AMINO_ACIDS_REGULATE_MTORC1	S:5/796	S:47/8971	D:0.106382978723404	D:1.19894686196942	D:0.426692605028086	D:0.405885342430584	D:0.999999999737144	D:0.938932697350849	S:RRAGC/ATP6V1E2/SEH1L/ATP6V1A/SESN1	D:5	S:Amino acids regulate mtorc1	S:FALSE	N:	N:	N:	N:	N:	N:	N:	N:	N:	N:	N:	N:	N:
S:REACTOME_CHEMOKINE_RECEPTORS_BIND_CHEMOKINES	S:REACTOME_CHEMOKINE_RECEPTORS_BIND_CHEMOKINES	S:5/796	S:47/8971	D:0.106382978723404	D:1.19894686196942	D:0.426692605028086	D:0.405885342430584	D:0.999999999737144	D:0.938932697350849	S:CCR6/CXCR4/CCR7/CXCR5/CCL28	D:5	S:Chemokine receptors bind chemokines	S:FALSE	N:	N:	N:	N:	N:	N:	N:	N:	N:	N:	N:	N:	N:
S:REACTOME_ION_TRANSPORT_BY_P_TYPE_ATPASES	S:REACTOME_ION_TRANSPORT_BY_P_TYPE_ATPASES	S:5/796	S:47/8971	D:0.106382978723404	D:1.19894686196942	D:0.426692605028086	D:0.405885342430584	D:0.999999999737144	D:0.938932697350849	S:ATP2C1/ATP10D/ATP10A/ATP11C/CAMK2D	D:5	S:Ion transport by p type atpases	S:FALSE	N:	N:	N:	N:	N:	N:	N:	N:	N:	N:	N:	N:	N:
S:REACTOME_CLASS_I_MHC_MEDIATED_ANTIGEN_PROCESSING_PRESENTATION	S:REACTOME_CLASS_I_MHC_MEDIATED_ANTIGEN_PROCESSING_PRESENTATION	S:32/796	S:343/8971	D:0.0932944606413994	D:1.05143794775627	D:0.303098997222804	D:0.409159596209027	D:0.999999999737144	D:0.938932697350849	S:UBR1/FBXO21/ITCH/TRIM37/TRIM4/LONRF1/PIK3R4/GLMN/WWP1/ASB3/PSMD7/UBE2Q2/PIK3C3/SEC24A/UBE2K/FBXL3/DZIP3/CANX/ASB7/HACE1/PSMA5/HERC4/RCHY1/ASB8/RBBP6/TRIM32/HECTD1/SAR1B/UBE3A/KLHL25/LTN1/FBXL16	D:32	S:Class i mhc mediated antigen processing presentation	S:FALSE	N:	N:	N:	N:	N:	N:	N:	N:	N:	N:	N:	N:	N:
S:REACTOME_DOWNREGULATION_OF_TGF_BETA_RECEPTOR_SIGNALING	S:REACTOME_DOWNREGULATION_OF_TGF_BETA_RECEPTOR_SIGNALING	S:3/796	S:26/8971	D:0.115384615384615	D:1.30039621182837	D:0.478629902673535	D:0.409597800064402	D:0.999999999737144	D:0.938932697350849	S:SMAD3/SMAD2/STRAP	D:3	S:Downregulation of tgf beta receptor signaling	S:FALSE	N:	N:	N:	N:	N:	N:	N:	N:	N:	N:	N:	N:	N:
S:REACTOME_FGFR1_MUTANT_RECEPTOR_ACTIVATION	S:REACTOME_FGFR1_MUTANT_RECEPTOR_ACTIVATION	S:3/796	S:26/8971	D:0.115384615384615	D:1.30039621182837	D:0.478629902673535	D:0.409597800064402	D:0.999999999737144	D:0.938932697350849	S:ZMYM2/TRIM24/ERLIN2	D:3	S:Fgfr1 mutant receptor activation	S:FALSE	N:	N:	N:	N:	N:	N:	N:	N:	N:	N:	N:	N:	N:
S:REACTOME_NEGATIVE_REGULATION_OF_FGFR2_SIGNALING	S:REACTOME_NEGATIVE_REGULATION_OF_FGFR2_SIGNALING	S:3/796	S:26/8971	D:0.115384615384615	D:1.30039621182837	D:0.478629902673535	D:0.409597800064402	D:0.999999999737144	D:0.938932697350849	S:SPRY2/PPP2CB/PTPN11	D:3	S:Negative regulation of fgfr2 signaling	S:FALSE	N:	N:	N:	N:	N:	N:	N:	N:	N:	N:	N:	N:	N:
S:REACTOME_SIGNALING_BY_ALK	S:REACTOME_SIGNALING_BY_ALK	S:3/796	S:26/8971	D:0.115384615384615	D:1.30039621182837	D:0.478629902673535	D:0.409597800064402	D:0.999999999737144	D:0.938932697350849	S:HDAC1/HDAC2/IRS1	D:3	S:Signaling by alk	S:FALSE	N:	N:	N:	N:	N:	N:	N:	N:	N:	N:	N:	N:	N:
S:REACTOME_TRANSCRIPTIONAL_REGULATION_OF_PLURIPOTENT_STEM_CELLS	S:REACTOME_TRANSCRIPTIONAL_REGULATION_OF_PLURIPOTENT_STEM_CELLS	S:3/796	S:26/8971	D:0.115384615384615	D:1.30039621182837	D:0.478629902673535	D:0.409597800064402	D:0.999999999737144	D:0.938932697350849	S:FOXP1/SMAD2/HHEX	D:3	S:Transcriptional regulation of pluripotent stem cells	S:FALSE	N:	N:	N:	N:	N:	N:	N:	N:	N:	N:	N:	N:	N:
S:REACTOME_HEDGEHOG_ON_STATE	S:REACTOME_HEDGEHOG_ON_STATE	S:7/796	S:69/8971	D:0.101449275362319	D:1.1433435292404	D:0.372964690566206	D:0.414190235894463	D:0.999999999737144	D:0.938932697350849	S:KIF3A/ITCH/PSMD7/PSMA5/SPOPL/CDC73/EFCAB7	D:7	S:Hedgehog on state	S:FALSE	N:	N:	N:	N:	N:	N:	N:	N:	N:	N:	N:	N:	N:
S:REACTOME_TRANSLATION	S:REACTOME_TRANSLATION	S:30/796	S:322/8971	D:0.093167701863354	D:1.05000936358813	D:0.285170889211583	D:0.4168878070682	D:0.999999999737144	D:0.938932697350849	S:TSFM/IARS2/TRMT112/ETF1/PSMD7/MRPS6/LARS2/RPS28/MRPS18B/TRAM1/PABPC1/SPCS2/EIF3M/PSMA5/RCHY1/FARSB/RPL19/EARS2/RPL38/RPL18/EIF3A/NEMF/SRPRB/EIF3H/MRPL19/ASCC3/LTN1/FARS2/SRP72/RPLP2	D:30	S:Translation	S:FALSE	N:	N:	N:	N:	N:	N:	N:	N:	N:	N:	N:	N:	N:
S:REACTOME_DAG_AND_IP3_SIGNALING	S:REACTOME_DAG_AND_IP3_SIGNALING	S:4/796	S:37/8971	D:0.108108108108108	D:1.21838924351487	D:0.415353626436356	D:0.418830858171756	D:0.999999999737144	D:0.938932697350849	S:PRKCE/ITPR1/PRKCA/CAMK2D	D:4	S:Dag and ip3 signaling	S:FALSE	N:	N:	N:	N:	N:	N:	N:	N:	N:	N:	N:	N:	N:
S:REACTOME_DISEASES_OF_MITOTIC_CELL_CYCLE	S:REACTOME_DISEASES_OF_MITOTIC_CELL_CYCLE	S:4/796	S:37/8971	D:0.108108108108108	D:1.21838924351487	D:0.415353626436356	D:0.418830858171756	D:0.999999999737144	D:0.938932697350849	S:E2F3/CCNE1/RB1/CDK6	D:4	S:Diseases of mitotic cell cycle	S:FALSE	N:	N:	N:	N:	N:	N:	N:	N:	N:	N:	N:	N:	N:
S:REACTOME_ABC_TRANSPORTERS_IN_LIPID_HOMEOSTASIS	S:REACTOME_ABC_TRANSPORTERS_IN_LIPID_HOMEOSTASIS	S:2/796	S:16/8971	D:0.125	D:1.40876256281407	D:0.51063100870096	D:0.421694745602416	D:0.999999999737144	D:0.938932697350849	S:ABCA5/ABCD3	D:2	S:Abc transporters in lipid homeostasis	S:FALSE	N:	N:	N:	N:	N:	N:	N:	N:	N:	N:	N:	N:	N:
S:REACTOME_FRS_MEDIATED_FGFR1_SIGNALING	S:REACTOME_FRS_MEDIATED_FGFR1_SIGNALING	S:2/796	S:16/8971	D:0.125	D:1.40876256281407	D:0.51063100870096	D:0.421694745602416	D:0.999999999737144	D:0.938932697350849	S:KRAS/PTPN11	D:2	S:Frs mediated fgfr1 signaling	S:FALSE	N:	N:	N:	N:	N:	N:	N:	N:	N:	N:	N:	N:	N:
S:REACTOME_FRS_MEDIATED_FGFR3_SIGNALING	S:REACTOME_FRS_MEDIATED_FGFR3_SIGNALING	S:2/796	S:16/8971	D:0.125	D:1.40876256281407	D:0.51063100870096	D:0.421694745602416	D:0.999999999737144	D:0.938932697350849	S:KRAS/PTPN11	D:2	S:Frs mediated fgfr3 signaling	S:FALSE	N:	N:	N:	N:	N:	N:	N:	N:	N:	N:	N:	N:	N:
S:REACTOME_FRS_MEDIATED_FGFR4_SIGNALING	S:REACTOME_FRS_MEDIATED_FGFR4_SIGNALING	S:2/796	S:16/8971	D:0.125	D:1.40876256281407	D:0.51063100870096	D:0.421694745602416	D:0.999999999737144	D:0.938932697350849	S:KRAS/PTPN11	D:2	S:Frs mediated fgfr4 signaling	S:FALSE	N:	N:	N:	N:	N:	N:	N:	N:	N:	N:	N:	N:	N:
S:REACTOME_LONG_TERM_POTENTIATION	S:REACTOME_LONG_TERM_POTENTIATION	S:2/796	S:16/8971	D:0.125	D:1.40876256281407	D:0.51063100870096	D:0.421694745602416	D:0.999999999737144	D:0.938932697350849	S:DLG1/CAMK2D	D:2	S:Long term potentiation	S:FALSE	N:	N:	N:	N:	N:	N:	N:	N:	N:	N:	N:	N:	N:
S:REACTOME_METABOLISM_OF_FOLATE_AND_PTERINES	S:REACTOME_METABOLISM_OF_FOLATE_AND_PTERINES	S:2/796	S:16/8971	D:0.125	D:1.40876256281407	D:0.51063100870096	D:0.421694745602416	D:0.999999999737144	D:0.938932697350849	S:SLC25A32/SHMT1	D:2	S:Metabolism of folate and pterines	S:FALSE	N:	N:	N:	N:	N:	N:	N:	N:	N:	N:	N:	N:	N:
S:REACTOME_PLATELET_SENSITIZATION_BY_LDL	S:REACTOME_PLATELET_SENSITIZATION_BY_LDL	S:2/796	S:16/8971	D:0.125	D:1.40876256281407	D:0.51063100870096	D:0.421694745602416	D:0.999999999737144	D:0.938932697350849	S:PPP2CB/PTPN11	D:2	S:Platelet sensitization by ldl	S:FALSE	N:	N:	N:	N:	N:	N:	N:	N:	N:	N:	N:	N:	N:
S:REACTOME_PROTEIN_HYDROXYLATION	S:REACTOME_PROTEIN_HYDROXYLATION	S:2/796	S:16/8971	D:0.125	D:1.40876256281407	D:0.51063100870096	D:0.421694745602416	D:0.999999999737144	D:0.938932697350849	S:ETF1/RCCD1	D:2	S:Protein hydroxylation	S:FALSE	N:	N:	N:	N:	N:	N:	N:	N:	N:	N:	N:	N:	N:
S:REACTOME_SEROTONIN_NEUROTRANSMITTER_RELEASE_CYCLE	S:REACTOME_SEROTONIN_NEUROTRANSMITTER_RELEASE_CYCLE	S:2/796	S:16/8971	D:0.125	D:1.40876256281407	D:0.51063100870096	D:0.421694745602416	D:0.999999999737144	D:0.938932697350849	S:SLC18A2/UNC13B	D:2	S:Serotonin neurotransmitter release cycle	S:FALSE	N:	N:	N:	N:	N:	N:	N:	N:	N:	N:	N:	N:	N:
S:REACTOME_SIGNALING_BY_FLT3_ITD_AND_TKD_MUTANTS	S:REACTOME_SIGNALING_BY_FLT3_ITD_AND_TKD_MUTANTS	S:2/796	S:16/8971	D:0.125	D:1.40876256281407	D:0.51063100870096	D:0.421694745602416	D:0.999999999737144	D:0.938932697350849	S:KRAS/PTPN11	D:2	S:Signaling by flt3 itd and tkd mutants	S:FALSE	N:	N:	N:	N:	N:	N:	N:	N:	N:	N:	N:	N:	N:
S:REACTOME_SUMOYLATION_OF_DNA_METHYLATION_PROTEINS	S:REACTOME_SUMOYLATION_OF_DNA_METHYLATION_PROTEINS	S:2/796	S:16/8971	D:0.125	D:1.40876256281407	D:0.51063100870096	D:0.421694745602416	D:0.999999999737144	D:0.938932697350849	S:DNMT3A/BMI1	D:2	S:Sumoylation of dna methylation proteins	S:FALSE	N:	N:	N:	N:	N:	N:	N:	N:	N:	N:	N:	N:	N:
S:REACTOME_DEADENYLATION_DEPENDENT_MRNA_DECAY	S:REACTOME_DEADENYLATION_DEPENDENT_MRNA_DECAY	S:5/796	S:48/8971	D:0.104166666666667	D:1.17396880234506	D:0.377090351671826	D:0.423985007236772	D:0.999999999737144	D:0.938932697350849	S:DCP1A/CNOT2/CNOT6L/PABPC1/PAN3	D:5	S:Deadenylation dependent mrna decay	S:FALSE	N:	N:	N:	N:	N:	N:	N:	N:	N:	N:	N:	N:	N:
S:REACTOME_SIGNALING_BY_ERBB4	S:REACTOME_SIGNALING_BY_ERBB4	S:5/796	S:48/8971	D:0.104166666666667	D:1.17396880234506	D:0.377090351671826	D:0.423985007236772	D:0.999999999737144	D:0.938932697350849	S:ITCH/KRAS/WWP1/TAB2/EGF	D:5	S:Signaling by erbb4	S:FALSE	N:	N:	N:	N:	N:	N:	N:	N:	N:	N:	N:	N:	N:
S:REACTOME_SIGNALING_BY_NOTCH	S:REACTOME_SIGNALING_BY_NOTCH	S:15/796	S:158/8971	D:0.0949367088607595	D:1.06994625023853	D:0.276783355727417	D:0.431569529291889	D:0.999999999737144	D:0.938932697350849	S:MFNG/ITCH/JUN/HDAC1/PSMD7/SMAD3/E2F3/DTX4/SEL1L/DTX1/HDAC2/TNRC6C/PSMA5/EGF/HDAC9	D:15	S:Signaling by notch	S:FALSE	N:	N:	N:	N:	N:	N:	N:	N:	N:	N:	N:	N:	N:
S:REACTOME_MET_ACTIVATES_PTK2_SIGNALING	S:REACTOME_MET_ACTIVATES_PTK2_SIGNALING	S:3/796	S:27/8971	D:0.111111111111111	D:1.25223338916806	D:0.409569338712463	D:0.434050099549804	D:0.999999999737144	D:0.938932697350849	S:LAMA2/MET/PTK2	D:3	S:Met activates ptk2 signaling	S:FALSE	N:	N:	N:	N:	N:	N:	N:	N:	N:	N:	N:	N:	N:
S:REACTOME_PEROXISOMAL_LIPID_METABOLISM	S:REACTOME_PEROXISOMAL_LIPID_METABOLISM	S:3/796	S:27/8971	D:0.111111111111111	D:1.25223338916806	D:0.409569338712463	D:0.434050099549804	D:0.999999999737144	D:0.938932697350849	S:SCP2/SLC25A17/ACBD5	D:3	S:Peroxisomal lipid metabolism	S:FALSE	N:	N:	N:	N:	N:	N:	N:	N:	N:	N:	N:	N:	N:
S:REACTOME_PHASE_0_RAPID_DEPOLARISATION	S:REACTOME_PHASE_0_RAPID_DEPOLARISATION	S:3/796	S:27/8971	D:0.111111111111111	D:1.25223338916806	D:0.409569338712463	D:0.434050099549804	D:0.999999999737144	D:0.938932697350849	S:SCN4A/SCN3A/CAMK2D	D:3	S:Phase 0 rapid depolarisation	S:FALSE	N:	N:	N:	N:	N:	N:	N:	N:	N:	N:	N:	N:	N:
S:REACTOME_SYNDECAN_INTERACTIONS	S:REACTOME_SYNDECAN_INTERACTIONS	S:3/796	S:27/8971	D:0.111111111111111	D:1.25223338916806	D:0.409569338712463	D:0.434050099549804	D:0.999999999737144	D:0.938932697350849	S:ITGA6/CASK/PRKCA	D:3	S:Syndecan interactions	S:FALSE	N:	N:	N:	N:	N:	N:	N:	N:	N:	N:	N:	N:	N:
S:REACTOME_METAL_ION_SLC_TRANSPORTERS	S:REACTOME_METAL_ION_SLC_TRANSPORTERS	S:4/796	S:38/8971	D:0.105263157894737	D:1.18632636868553	D:0.359150376564407	D:0.439326564460245	D:0.999999999737144	D:0.938932697350849	S:SLC24A1/SLC39A8/SLC39A10/SLC30A5	D:4	S:Metal ion slc transporters	S:FALSE	N:	N:	N:	N:	N:	N:	N:	N:	N:	N:	N:	N:	N:
S:REACTOME_TRANSPORT_TO_THE_GOLGI_AND_SUBSEQUENT_MODIFICATION	S:REACTOME_TRANSPORT_TO_THE_GOLGI_AND_SUBSEQUENT_MODIFICATION	S:16/796	S:170/8971	D:0.0941176470588235	D:1.06071534141295	D:0.249382380600712	D:0.440859951984008	D:0.999999999737144	D:0.938932697350849	S:COG3/COPB2/TRAPPC10/MIA3/SEC24A/SEC23IP/ST6GAL1/TMED10/MAN2A1/MANEA/MGAT4A/ANK3/MAN1C1/SCFD1/LMAN1/SAR1B	D:16	S:Transport to the golgi and subsequent modification	S:FALSE	N:	N:	N:	N:	N:	N:	N:	N:	N:	N:	N:	N:	N:
S:REACTOME_REGULATION_OF_PD_L1_CD274_EXPRESSION	S:REACTOME_REGULATION_OF_PD_L1_CD274_EXPRESSION	S:12/796	S:126/8971	D:0.0952380952380952	D:1.0733429050012	D:0.25870411477605	D:0.443228995375352	D:0.999999999737144	D:0.938932697350849	S:JUN/PSMD7/B3GNT3/SEL1L/NFE2L2/TNRC6C/PSMA5/LEF1/RBBP4/PRKAB2/ERLIN2/DAD1	D:12	S:Regulation of pd l1 cd274 expression	S:FALSE	N:	N:	N:	N:	N:	N:	N:	N:	N:	N:	N:	N:	N:
S:REACTOME_ACYL_CHAIN_REMODELLING_OF_PE	S:REACTOME_ACYL_CHAIN_REMODELLING_OF_PE	S:2/796	S:17/8971	D:0.117647058823529	D:1.32589417676618	D:0.419663685927492	D:0.452986403063439	D:0.999999999737144	D:0.938932697350849	S:PLA2G12A/PLA2G1B	D:2	S:Acyl chain remodelling of pe	S:FALSE	N:	N:	N:	N:	N:	N:	N:	N:	N:	N:	N:	N:	N:
S:REACTOME_BASE_EXCISION_REPAIR_AP_SITE_FORMATION	S:REACTOME_BASE_EXCISION_REPAIR_AP_SITE_FORMATION	S:2/796	S:17/8971	D:0.117647058823529	D:1.32589417676618	D:0.419663685927492	D:0.452986403063439	D:0.999999999737144	D:0.938932697350849	S:TERF1/TDG	D:2	S:Base excision repair ap site formation	S:FALSE	N:	N:	N:	N:	N:	N:	N:	N:	N:	N:	N:	N:	N:
S:REACTOME_CELL_EXTRACELLULAR_MATRIX_INTERACTIONS	S:REACTOME_CELL_EXTRACELLULAR_MATRIX_INTERACTIONS	S:2/796	S:17/8971	D:0.117647058823529	D:1.32589417676618	D:0.419663685927492	D:0.452986403063439	D:0.999999999737144	D:0.938932697350849	S:RSU1/PARVA	D:2	S:Cell extracellular matrix interactions	S:FALSE	N:	N:	N:	N:	N:	N:	N:	N:	N:	N:	N:	N:	N:
S:REACTOME_FRS_MEDIATED_FGFR2_SIGNALING	S:REACTOME_FRS_MEDIATED_FGFR2_SIGNALING	S:2/796	S:17/8971	D:0.117647058823529	D:1.32589417676618	D:0.419663685927492	D:0.452986403063439	D:0.999999999737144	D:0.938932697350849	S:KRAS/PTPN11	D:2	S:Frs mediated fgfr2 signaling	S:FALSE	N:	N:	N:	N:	N:	N:	N:	N:	N:	N:	N:	N:	N:
S:REACTOME_METABOLISM_OF_NITRIC_OXIDE_NOS3_ACTIVATION_AND_REGULATION	S:REACTOME_METABOLISM_OF_NITRIC_OXIDE_NOS3_ACTIVATION_AND_REGULATION	S:2/796	S:17/8971	D:0.117647058823529	D:1.32589417676618	D:0.419663685927492	D:0.452986403063439	D:0.999999999737144	D:0.938932697350849	S:NMT2/LYPLA1	D:2	S:Metabolism of nitric oxide nos3 activation and regulation	S:FALSE	N:	N:	N:	N:	N:	N:	N:	N:	N:	N:	N:	N:	N:
S:REACTOME_METALLOPROTEASE_DUBS	S:REACTOME_METALLOPROTEASE_DUBS	S:2/796	S:17/8971	D:0.117647058823529	D:1.32589417676618	D:0.419663685927492	D:0.452986403063439	D:0.999999999737144	D:0.938932697350849	S:BRCA1/STAMBP	D:2	S:Metalloprotease dubs	S:FALSE	N:	N:	N:	N:	N:	N:	N:	N:	N:	N:	N:	N:	N:
S:REACTOME_MITOCHONDRIAL_UNFOLDED_PROTEIN_RESPONSE_UPRMT	S:REACTOME_MITOCHONDRIAL_UNFOLDED_PROTEIN_RESPONSE_UPRMT	S:2/796	S:17/8971	D:0.117647058823529	D:1.32589417676618	D:0.419663685927492	D:0.452986403063439	D:0.999999999737144	D:0.938932697350849	S:HSPA9/HSPD1	D:2	S:Mitochondrial unfolded protein response uprmt	S:TRUE	N:	N:	N:	N:	N:	N:	N:	N:	N:	N:	N:	N:	N:
S:REACTOME_NEGATIVE_REGULATION_OF_NMDA_RECEPTOR_MEDIATED_NEURONAL_TRANSMISSION	S:REACTOME_NEGATIVE_REGULATION_OF_NMDA_RECEPTOR_MEDIATED_NEURONAL_TRANSMISSION	S:2/796	S:17/8971	D:0.117647058823529	D:1.32589417676618	D:0.419663685927492	D:0.452986403063439	D:0.999999999737144	D:0.938932697350849	S:DLG1/CAMK2D	D:2	S:Negative regulation of nmda receptor mediated neuronal transmission	S:FALSE	N:	N:	N:	N:	N:	N:	N:	N:	N:	N:	N:	N:	N:
S:REACTOME_NITRIC_OXIDE_STIMULATES_GUANYLATE_CYCLASE	S:REACTOME_NITRIC_OXIDE_STIMULATES_GUANYLATE_CYCLASE	S:2/796	S:17/8971	D:0.117647058823529	D:1.32589417676618	D:0.419663685927492	D:0.452986403063439	D:0.999999999737144	D:0.938932697350849	S:ITPR1/KCNMB3	D:2	S:Nitric oxide stimulates guanylate cyclase	S:FALSE	N:	N:	N:	N:	N:	N:	N:	N:	N:	N:	N:	N:	N:
S:REACTOME_REGULATION_OF_TP53_ACTIVITY_THROUGH_METHYLATION	S:REACTOME_REGULATION_OF_TP53_ACTIVITY_THROUGH_METHYLATION	S:2/796	S:17/8971	D:0.117647058823529	D:1.32589417676618	D:0.419663685927492	D:0.452986403063439	D:0.999999999737144	D:0.938932697350849	S:JMY/SMYD2	D:2	S:Regulation of tp53 activity through methylation	S:FALSE	N:	N:	N:	N:	N:	N:	N:	N:	N:	N:	N:	N:	N:
S:REACTOME_RESPIRATORY_SYNCYTIAL_VIRUS_RSV_GENOME_REPLICATION_TRANSCRIPTION_AND_TRANSLATION	S:REACTOME_RESPIRATORY_SYNCYTIAL_VIRUS_RSV_GENOME_REPLICATION_TRANSCRIPTION_AND_TRANSLATION	S:2/796	S:17/8971	D:0.117647058823529	D:1.32589417676618	D:0.419663685927492	D:0.452986403063439	D:0.999999999737144	D:0.938932697350849	S:SPCS2/HSPA8	D:2	S:Respiratory syncytial virus rsv genome replication transcription and translation	S:FALSE	N:	N:	N:	N:	N:	N:	N:	N:	N:	N:	N:	N:	N:
S:REACTOME_SIGNALING_BY_CYTOSOLIC_FGFR1_FUSION_MUTANTS	S:REACTOME_SIGNALING_BY_CYTOSOLIC_FGFR1_FUSION_MUTANTS	S:2/796	S:17/8971	D:0.117647058823529	D:1.32589417676618	D:0.419663685927492	D:0.452986403063439	D:0.999999999737144	D:0.938932697350849	S:ZMYM2/TRIM24	D:2	S:Signaling by cytosolic fgfr1 fusion mutants	S:FALSE	N:	N:	N:	N:	N:	N:	N:	N:	N:	N:	N:	N:	N:
S:REACTOME_SYNTHESIS_OF_GLYCOSYLPHOSPHATIDYLINOSITOL_GPI	S:REACTOME_SYNTHESIS_OF_GLYCOSYLPHOSPHATIDYLINOSITOL_GPI	S:2/796	S:17/8971	D:0.117647058823529	D:1.32589417676618	D:0.419663685927492	D:0.452986403063439	D:0.999999999737144	D:0.938932697350849	S:PIGN/PIGV	D:2	S:Synthesis of glycosylphosphatidylinositol gpi	S:FALSE	N:	N:	N:	N:	N:	N:	N:	N:	N:	N:	N:	N:	N:
S:REACTOME_FACTORS_INVOLVED_IN_MEGAKARYOCYTE_DEVELOPMENT_AND_PLATELET_PRODUCTION	S:REACTOME_FACTORS_INVOLVED_IN_MEGAKARYOCYTE_DEVELOPMENT_AND_PLATELET_PRODUCTION	S:12/796	S:127/8971	D:0.094488188976378	D:1.06489138606418	D:0.229812379201922	D:0.454377770441925	D:0.999999999737144	D:0.938932697350849	S:KIF3A/KIF27/KIF2A/DOCK10/KIF16B/HDAC1/KIF15/DOCK9/HDAC2/CENPE/JMJD1C/AKAP1	D:12	S:Factors involved in megakaryocyte development and platelet production	S:FALSE	N:	N:	N:	N:	N:	N:	N:	N:	N:	N:	N:	N:	N:
S:REACTOME_SIGNALING_BY_HEDGEHOG	S:REACTOME_SIGNALING_BY_HEDGEHOG	S:12/796	S:127/8971	D:0.094488188976378	D:1.06489138606418	D:0.229812379201922	D:0.454377770441925	D:0.999999999737144	D:0.938932697350849	S:KIF3A/IFT88/ITCH/RPGRIP1L/PSMD7/SEL1L/PSMA5/SYVN1/SPOPL/CDC73/WDR35/EFCAB7	D:12	S:Signaling by hedgehog	S:FALSE	N:	N:	N:	N:	N:	N:	N:	N:	N:	N:	N:	N:	N:
S:REACTOME_NEGATIVE_REGULATION_OF_THE_PI3K_AKT_NETWORK	S:REACTOME_NEGATIVE_REGULATION_OF_THE_PI3K_AKT_NETWORK	S:10/796	S:105/8971	D:0.0952380952380952	D:1.0733429050012	D:0.235883611532154	D:0.456306185932942	D:0.999999999737144	D:0.938932697350849	S:THEM4/MET/KIT/EGF/PPP2CB/IRS1/TRAF6/CD19/PTPN11/PHLPP2	D:10	S:Negative regulation of the pi3k akt network	S:FALSE	N:	N:	N:	N:	N:	N:	N:	N:	N:	N:	N:	N:	N:
S:REACTOME_COOPERATION_OF_PREFOLDIN_AND_TRIC_CCT_IN_ACTIN_AND_TUBULIN_FOLDING	S:REACTOME_COOPERATION_OF_PREFOLDIN_AND_TRIC_CCT_IN_ACTIN_AND_TUBULIN_FOLDING	S:3/796	S:28/8971	D:0.107142857142857	D:1.20751076812635	D:0.343152299124654	D:0.45811713315378	D:0.999999999737144	D:0.938932697350849	S:CCT5/TCP1/CCT4	D:3	S:Cooperation of prefoldin and tric cct in actin and tubulin folding	S:FALSE	N:	N:	N:	N:	N:	N:	N:	N:	N:	N:	N:	N:	N:
S:REACTOME_FLT3_SIGNALING_IN_DISEASE	S:REACTOME_FLT3_SIGNALING_IN_DISEASE	S:3/796	S:28/8971	D:0.107142857142857	D:1.20751076812635	D:0.343152299124654	D:0.45811713315378	D:0.999999999737144	D:0.938932697350849	S:ZMYM2/KRAS/PTPN11	D:3	S:Flt3 signaling in disease	S:FALSE	N:	N:	N:	N:	N:	N:	N:	N:	N:	N:	N:	N:	N:
S:REACTOME_MRNA_CAPPING	S:REACTOME_MRNA_CAPPING	S:3/796	S:28/8971	D:0.107142857142857	D:1.20751076812635	D:0.343152299124654	D:0.45811713315378	D:0.999999999737144	D:0.938932697350849	S:RNGTT/CDK7/NCBP1	D:3	S:Mrna capping	S:FALSE	N:	N:	N:	N:	N:	N:	N:	N:	N:	N:	N:	N:	N:
S:REACTOME_NOTCH_HLH_TRANSCRIPTION_PATHWAY	S:REACTOME_NOTCH_HLH_TRANSCRIPTION_PATHWAY	S:3/796	S:28/8971	D:0.107142857142857	D:1.20751076812635	D:0.343152299124654	D:0.45811713315378	D:0.999999999737144	D:0.938932697350849	S:HDAC1/HDAC2/HDAC9	D:3	S:Notch hlh transcription pathway	S:FALSE	N:	N:	N:	N:	N:	N:	N:	N:	N:	N:	N:	N:	N:
S:REACTOME_RNA_POLYMERASE_III_TRANSCRIPTION_INITIATION_FROM_TYPE_3_PROMOTER	S:REACTOME_RNA_POLYMERASE_III_TRANSCRIPTION_INITIATION_FROM_TYPE_3_PROMOTER	S:3/796	S:28/8971	D:0.107142857142857	D:1.20751076812635	D:0.343152299124654	D:0.45811713315378	D:0.999999999737144	D:0.938932697350849	S:POLR3B/SNAPC1/BDP1	D:3	S:Rna polymerase iii transcription initiation from type 3 promoter	S:FALSE	N:	N:	N:	N:	N:	N:	N:	N:	N:	N:	N:	N:	N:
S:REACTOME_RUNX2_REGULATES_BONE_DEVELOPMENT	S:REACTOME_RUNX2_REGULATES_BONE_DEVELOPMENT	S:3/796	S:28/8971	D:0.107142857142857	D:1.20751076812635	D:0.343152299124654	D:0.45811713315378	D:0.999999999737144	D:0.938932697350849	S:RB1/CBFB/YES1	D:3	S:Runx2 regulates bone development	S:FALSE	N:	N:	N:	N:	N:	N:	N:	N:	N:	N:	N:	N:	N:
S:REACTOME_REGULATION_OF_PD_L1_CD274_TRANSCRIPTION	S:REACTOME_REGULATION_OF_PD_L1_CD274_TRANSCRIPTION	S:4/796	S:39/8971	D:0.102564102564103	D:1.15590774384744	D:0.304462989884452	D:0.459606140049934	D:0.999999999737144	D:0.938932697350849	S:JUN/NFE2L2/LEF1/RBBP4	D:4	S:Regulation of pd l1 cd274 transcription	S:FALSE	N:	N:	N:	N:	N:	N:	N:	N:	N:	N:	N:	N:	N:
S:REACTOME_SARS_COV_2_MODULATES_HOST_TRANSLATION_MACHINERY	S:REACTOME_SARS_COV_2_MODULATES_HOST_TRANSLATION_MACHINERY	S:5/796	S:50/8971	D:0.1	D:1.12701005025126	D:0.28101221299003	D:0.45983684483365	D:0.999999999737144	D:0.938932697350849	S:GEMIN4/GEMIN5/RPS28/SMN1/DDX20	D:5	S:Sars cov 2 modulates host translation machinery	S:FALSE	N:	N:	N:	N:	N:	N:	N:	N:	N:	N:	N:	N:	N:
S:REACTOME_REGULATION_OF_MRNA_STABILITY_BY_PROTEINS_THAT_BIND_AU_RICH_ELEMENTS	S:REACTOME_REGULATION_OF_MRNA_STABILITY_BY_PROTEINS_THAT_BIND_AU_RICH_ELEMENTS	S:7/796	S:73/8971	D:0.0958904109589041	D:1.08069456873408	D:0.216007290307031	D:0.473634441375023	D:0.999999999737144	D:0.938932697350849	S:DCP1A/PSMD7/HNRNPD/PABPC1/PSMA5/HSPA8/PRKCA	D:7	S:Regulation of mrna stability by proteins that bind au rich elements	S:FALSE	N:	N:	N:	N:	N:	N:	N:	N:	N:	N:	N:	N:	N:
S:REACTOME_ABC_TRANSPORTER_DISORDERS	S:REACTOME_ABC_TRANSPORTER_DISORDERS	S:6/796	S:62/8971	D:0.0967741935483871	D:1.09065488733993	D:0.223502025101824	D:0.47552473248961	D:0.999999999737144	D:0.938932697350849	S:PSMD7/SEL1L/LMBRD1/PSMA5/ABCD4/ERLIN2	D:6	S:Abc transporter disorders	S:FALSE	N:	N:	N:	N:	N:	N:	N:	N:	N:	N:	N:	N:	N:
S:REACTOME_PHOSPHOLIPID_METABOLISM	S:REACTOME_PHOSPHOLIPID_METABOLISM	S:17/796	S:185/8971	D:0.0918918918918919	D:1.03563085698764	D:0.152800722417327	D:0.477380297658909	D:0.999999999737144	D:0.938932697350849	S:SYNJ2/RAB14/LPIN1/PIK3R4/PLA2G12A/PITPNM2/PLA2G1B/INPP4B/DDHD2/PIK3C3/PLEKHA1/TNFAIP8/PIK3C2B/MTMR2/LCLAT1/MTMR6/PIK3C2G	D:17	S:Phospholipid metabolism	S:FALSE	N:	N:	N:	N:	N:	N:	N:	N:	N:	N:	N:	N:	N:
S:REACTOME_TRANSCRIPTIONAL_ACTIVITY_OF_SMAD2_SMAD3_SMAD4_HETEROTRIMER	S:REACTOME_TRANSCRIPTIONAL_ACTIVITY_OF_SMAD2_SMAD3_SMAD4_HETEROTRIMER	S:5/796	S:51/8971	D:0.0980392156862745	D:1.10491181397182	D:0.234442277565053	D:0.477525713491696	D:0.999999999737144	D:0.938932697350849	S:PARP1/HDAC1/SMAD3/SMAD2/RBL1	D:5	S:Transcriptional activity of smad2 smad3 smad4 heterotrimer	S:FALSE	N:	N:	N:	N:	N:	N:	N:	N:	N:	N:	N:	N:	N:
S:REACTOME_RESPONSE_TO_ELEVATED_PLATELET_CYTOSOLIC_CA2	S:REACTOME_RESPONSE_TO_ELEVATED_PLATELET_CYTOSOLIC_CA2	S:11/796	S:118/8971	D:0.0932203389830508	D:1.05060258921727	D:0.172654294626047	D:0.478581247272177	D:0.999999999737144	D:0.938932697350849	S:PHACTR2/SERPINF2/SPP2/VEGFC/EGF/ITIH3/BRPF3/TGFB2/CDC37L1/PRKCB/PRKCA	D:11	S:Response to elevated platelet cytosolic ca2	S:FALSE	N:	N:	N:	N:	N:	N:	N:	N:	N:	N:	N:	N:	N:
S:REACTOME_INTRAFLAGELLAR_TRANSPORT	S:REACTOME_INTRAFLAGELLAR_TRANSPORT	S:4/796	S:40/8971	D:0.1	D:1.12701005025126	D:0.251204209984261	D:0.479627642222841	D:0.999999999737144	D:0.938932697350849	S:KIF3A/IFT88/WDR35/TRAF3IP1	D:4	S:Intraflagellar transport	S:FALSE	N:	N:	N:	N:	N:	N:	N:	N:	N:	N:	N:	N:	N:
S:REACTOME_LAMININ_INTERACTIONS	S:REACTOME_LAMININ_INTERACTIONS	S:3/796	S:29/8971	D:0.103448275862069	D:1.16587246577716	D:0.279167489863275	D:0.481737227376279	D:0.999999999737144	D:0.938932697350849	S:ITGA6/LAMA2/NID2	D:3	S:Laminin interactions	S:FALSE	N:	N:	N:	N:	N:	N:	N:	N:	N:	N:	N:	N:	N:
S:REACTOME_SIALIC_ACID_METABOLISM	S:REACTOME_SIALIC_ACID_METABOLISM	S:3/796	S:29/8971	D:0.103448275862069	D:1.16587246577716	D:0.279167489863275	D:0.481737227376279	D:0.999999999737144	D:0.938932697350849	S:GNE/ST6GAL1/SLC17A5	D:3	S:Sialic acid metabolism	S:FALSE	N:	N:	N:	N:	N:	N:	N:	N:	N:	N:	N:	N:	N:
S:REACTOME_SYNTHESIS_OF_ACTIVE_UBIQUITIN_ROLES_OF_E1_AND_E2_ENZYMES	S:REACTOME_SYNTHESIS_OF_ACTIVE_UBIQUITIN_ROLES_OF_E1_AND_E2_ENZYMES	S:3/796	S:29/8971	D:0.103448275862069	D:1.16587246577716	D:0.279167489863275	D:0.481737227376279	D:0.999999999737144	D:0.938932697350849	S:UBE2Q2/UBE2K/USP7	D:3	S:Synthesis of active ubiquitin roles of e1 and e2 enzymes	S:FALSE	N:	N:	N:	N:	N:	N:	N:	N:	N:	N:	N:	N:	N:
S:REACTOME_TRANSFERRIN_ENDOCYTOSIS_AND_RECYCLING	S:REACTOME_TRANSFERRIN_ENDOCYTOSIS_AND_RECYCLING	S:3/796	S:29/8971	D:0.103448275862069	D:1.16587246577716	D:0.279167489863275	D:0.481737227376279	D:0.999999999737144	D:0.938932697350849	S:ATP6V1E2/ATP6V0A2/ATP6V1A	D:3	S:Transferrin endocytosis and recycling	S:FALSE	N:	N:	N:	N:	N:	N:	N:	N:	N:	N:	N:	N:	N:
S:REACTOME_CONSTITUTIVE_SIGNALING_BY_LIGAND_RESPONSIVE_EGFR_CANCER_VARIANTS	S:REACTOME_CONSTITUTIVE_SIGNALING_BY_LIGAND_RESPONSIVE_EGFR_CANCER_VARIANTS	S:2/796	S:18/8971	D:0.111111111111111	D:1.25223338916806	D:0.334243838695712	D:0.4832855621194	D:0.999999999737144	D:0.938932697350849	S:KRAS/EGF	D:2	S:Constitutive signaling by ligand responsive egfr cancer variants	S:FALSE	N:	N:	N:	N:	N:	N:	N:	N:	N:	N:	N:	N:	N:
S:REACTOME_DEVELOPMENTAL_LINEAGE_OF_MAMMARY_GLAND_MYOEPITHELIAL_CELLS	S:REACTOME_DEVELOPMENTAL_LINEAGE_OF_MAMMARY_GLAND_MYOEPITHELIAL_CELLS	S:2/796	S:18/8971	D:0.111111111111111	D:1.25223338916806	D:0.334243838695712	D:0.4832855621194	D:0.999999999737144	D:0.938932697350849	S:ITGA6/EGF	D:2	S:Developmental lineage of mammary gland myoepithelial cells	S:FALSE	N:	N:	N:	N:	N:	N:	N:	N:	N:	N:	N:	N:	N:
S:REACTOME_INTERLEUKIN_37_SIGNALING	S:REACTOME_INTERLEUKIN_37_SIGNALING	S:2/796	S:18/8971	D:0.111111111111111	D:1.25223338916806	D:0.334243838695712	D:0.4832855621194	D:0.999999999737144	D:0.938932697350849	S:SMAD3/PTPN11	D:2	S:Interleukin 37 signaling	S:FALSE	N:	N:	N:	N:	N:	N:	N:	N:	N:	N:	N:	N:	N:
S:REACTOME_NFE2L2_REGULATING_ANTI_OXIDANT_DETOXIFICATION_ENZYMES	S:REACTOME_NFE2L2_REGULATING_ANTI_OXIDANT_DETOXIFICATION_ENZYMES	S:2/796	S:18/8971	D:0.111111111111111	D:1.25223338916806	D:0.334243838695712	D:0.4832855621194	D:0.999999999737144	D:0.938932697350849	S:CHD6/NFE2L2	D:2	S:Nfe2l2 regulating anti oxidant detoxification enzymes	S:FALSE	N:	N:	N:	N:	N:	N:	N:	N:	N:	N:	N:	N:	N:
S:REACTOME_PRE_NOTCH_PROCESSING_IN_GOLGI	S:REACTOME_PRE_NOTCH_PROCESSING_IN_GOLGI	S:2/796	S:18/8971	D:0.111111111111111	D:1.25223338916806	D:0.334243838695712	D:0.4832855621194	D:0.999999999737144	D:0.938932697350849	S:MFNG/SEL1L	D:2	S:Pre notch processing in golgi	S:FALSE	N:	N:	N:	N:	N:	N:	N:	N:	N:	N:	N:	N:	N:
S:REACTOME_REGULATION_OF_FZD_BY_UBIQUITINATION	S:REACTOME_REGULATION_OF_FZD_BY_UBIQUITINATION	S:2/796	S:18/8971	D:0.111111111111111	D:1.25223338916806	D:0.334243838695712	D:0.4832855621194	D:0.999999999737144	D:0.938932697350849	S:FZD6/USP8	D:2	S:Regulation of fzd by ubiquitination	S:FALSE	N:	N:	N:	N:	N:	N:	N:	N:	N:	N:	N:	N:	N:
S:REACTOME_TRAF6_MEDIATED_IRF7_ACTIVATION	S:REACTOME_TRAF6_MEDIATED_IRF7_ACTIVATION	S:2/796	S:18/8971	D:0.111111111111111	D:1.25223338916806	D:0.334243838695712	D:0.4832855621194	D:0.999999999737144	D:0.938932697350849	S:TRIM4/TRAF6	D:2	S:Traf6 mediated irf7 activation	S:FALSE	N:	N:	N:	N:	N:	N:	N:	N:	N:	N:	N:	N:	N:
S:REACTOME_ASPARAGINE_N_LINKED_GLYCOSYLATION	S:REACTOME_ASPARAGINE_N_LINKED_GLYCOSYLATION	S:26/796	S:287/8971	D:0.0905923344947735	D:1.02098471451333	D:0.112743881103607	D:0.486255838000644	D:0.999999999737144	D:0.938932697350849	S:COG3/GNE/COPB2/TRAPPC10/MIA3/SEC24A/SEC23IP/ST6GAL1/SEL1L/TMED10/SLC17A5/ALG9/CANX/MAN2A1/MANEA/MGAT4A/SYVN1/GFPT1/ANK3/MAN1C1/SCFD1/LMAN1/SAR1B/MPI/RNF103/DAD1	D:26	S:Asparagine n linked glycosylation	S:FALSE	N:	N:	N:	N:	N:	N:	N:	N:	N:	N:	N:	N:	N:
S:REACTOME_SIGNALING_BY_RECEPTOR_TYROSINE_KINASES	S:REACTOME_SIGNALING_BY_RECEPTOR_TYROSINE_KINASES	S:43/796	S:479/8971	D:0.0897703549060543	D:1.01172092193745	D:0.082268468421574	D:0.492028554668025	D:0.999999999737144	D:0.938932697350849	S:PRKCE/ITCH/RPS6KA5/LAMA2/PCSK5/KRAS/PIK3R4/ITPR1/WWP1/PTPRK/HDAC1/KIDINS220/ATP6V1E2/TAB2/ATP6V0A2/PIK3C3/THEM4/MET/ABI2/KIT/VEGFC/REST/HDAC2/ATP6V1A/EGF/SPRY2/NCBP1/PPP2CB/IRS1/EGR3/SGK1/USP8/TCF12/PAG1/PRKCB/FAM83D/PTK2/IDE/PRKCA/PTPN11/F3/YES1/SPRY1	D:43	S:Signaling by receptor tyrosine kinases	S:FALSE	N:	N:	N:	N:	N:	N:	N:	N:	N:	N:	N:	N:	N:
S:REACTOME_MYD88_INDEPENDENT_TLR4_CASCADE	S:REACTOME_MYD88_INDEPENDENT_TLR4_CASCADE	S:10/796	S:108/8971	D:0.0925925925925926	D:1.04352782430672	D:0.142002940567171	D:0.492824280693116	D:0.999999999737144	D:0.938932697350849	S:RPS6KA5/IKBIP/JUN/TAB2/MAP2K4/NFKBIA/PPP2CB/TRAF6/PTPN11/USP14	D:10	S:Myd88 independent tlr4 cascade	S:FALSE	N:	N:	N:	N:	N:	N:	N:	N:	N:	N:	N:	N:	N:
S:REACTOME_REGULATION_OF_CHOLESTEROL_BIOSYNTHESIS_BY_SREBP_SREBF	S:REACTOME_REGULATION_OF_CHOLESTEROL_BIOSYNTHESIS_BY_SREBP_SREBF	S:5/796	S:52/8971	D:0.0961538461538462	D:1.08366350985698	D:0.188794155082411	D:0.4950179219627	D:0.999999999737144	D:0.938932697350849	S:MED1/TGS1/HMGCR/SEC24A/SAR1B	D:5	S:Regulation of cholesterol biosynthesis by srebp srebf	S:FALSE	N:	N:	N:	N:	N:	N:	N:	N:	N:	N:	N:	N:	N:
S:REACTOME_SOMITOGENESIS	S:REACTOME_SOMITOGENESIS	S:4/796	S:41/8971	D:0.0975609756097561	D:1.09952200024513	D:0.199293975148239	D:0.499353045229712	D:0.999999999737144	D:0.938932697350849	S:PSMD7/EPHA4/PSMA5/LEF1	D:4	S:Somitogenesis	S:FALSE	N:	N:	N:	N:	N:	N:	N:	N:	N:	N:	N:	N:	N:
S:REACTOME_ACTIVATED_NOTCH1_TRANSMITS_SIGNAL_TO_THE_NUCLEUS	S:REACTOME_ACTIVATED_NOTCH1_TRANSMITS_SIGNAL_TO_THE_NUCLEUS	S:3/796	S:30/8971	D:0.1	D:1.12701005025126	D:0.21742753512889	D:0.504857103975081	D:0.999999999737144	D:0.938932697350849	S:ITCH/DTX4/DTX1	D:3	S:Activated notch1 transmits signal to the nucleus	S:FALSE	N:	N:	N:	N:	N:	N:	N:	N:	N:	N:	N:	N:	N:
S:REACTOME_DEVELOPMENTAL_LINEAGES_OF_THE_MAMMARY_GLAND	S:REACTOME_DEVELOPMENTAL_LINEAGES_OF_THE_MAMMARY_GLAND	S:3/796	S:30/8971	D:0.1	D:1.12701005025126	D:0.21742753512889	D:0.504857103975081	D:0.999999999737144	D:0.938932697350849	S:ITGA6/KIT/EGF	D:3	S:Developmental lineages of the mammary gland	S:FALSE	N:	N:	N:	N:	N:	N:	N:	N:	N:	N:	N:	N:	N:
S:REACTOME_INTERACTION_BETWEEN_L1_AND_ANKYRINS	S:REACTOME_INTERACTION_BETWEEN_L1_AND_ANKYRINS	S:3/796	S:30/8971	D:0.1	D:1.12701005025126	D:0.21742753512889	D:0.504857103975081	D:0.999999999737144	D:0.938932697350849	S:SCN4A/SCN3A/ANK3	D:3	S:Interaction between l1 and ankyrins	S:FALSE	N:	N:	N:	N:	N:	N:	N:	N:	N:	N:	N:	N:	N:
S:REACTOME_NONHOMOLOGOUS_END_JOINING_NHEJ	S:REACTOME_NONHOMOLOGOUS_END_JOINING_NHEJ	S:3/796	S:30/8971	D:0.1	D:1.12701005025126	D:0.21742753512889	D:0.504857103975081	D:0.999999999737144	D:0.938932697350849	S:PAXIP1/TDP1/BRCA1	D:3	S:Nonhomologous end joining nhej	S:FALSE	N:	N:	N:	N:	N:	N:	N:	N:	N:	N:	N:	N:	N:
S:REACTOME_O_GLYCOSYLATION_OF_TSR_DOMAIN_CONTAINING_PROTEINS	S:REACTOME_O_GLYCOSYLATION_OF_TSR_DOMAIN_CONTAINING_PROTEINS	S:3/796	S:30/8971	D:0.1	D:1.12701005025126	D:0.21742753512889	D:0.504857103975081	D:0.999999999737144	D:0.938932697350849	S:ADAMTS16/SEMA5B/ADAMTS4	D:3	S:O glycosylation of tsr domain containing proteins	S:FALSE	N:	N:	N:	N:	N:	N:	N:	N:	N:	N:	N:	N:	N:
S:REACTOME_OLFACTORY_SIGNALING_PATHWAY	S:REACTOME_OLFACTORY_SIGNALING_PATHWAY	S:3/796	S:30/8971	D:0.1	D:1.12701005025126	D:0.21742753512889	D:0.504857103975081	D:0.999999999737144	D:0.938932697350849	S:EBF1/OR2A7/OR3A1	D:3	S:Olfactory signaling pathway	S:FALSE	N:	N:	N:	N:	N:	N:	N:	N:	N:	N:	N:	N:	N:
S:REACTOME_TURBULENT_OSCILLATORY_DISTURBED_FLOW_SHEAR_STRESS_ACTIVATES_SIGNALING_BY_PIEZO1_AND_INTEGRINS_IN_ENDOTHELIAL_CELLS	S:REACTOME_TURBULENT_OSCILLATORY_DISTURBED_FLOW_SHEAR_STRESS_ACTIVATES_SIGNALING_BY_PIEZO1_AND_INTEGRINS_IN_ENDOTHELIAL_CELLS	S:3/796	S:30/8971	D:0.1	D:1.12701005025126	D:0.21742753512889	D:0.504857103975081	D:0.999999999737144	D:0.938932697350849	S:NFKBIA/PDE4D/PTK2	D:3	S:Turbulent oscillatory disturbed flow shear stress activates signaling by piezo1 and integrins in endothelial cells	S:FALSE	N:	N:	N:	N:	N:	N:	N:	N:	N:	N:	N:	N:	N:
S:REACTOME_POTENTIAL_THERAPEUTICS_FOR_SARS	S:REACTOME_POTENTIAL_THERAPEUTICS_FOR_SARS	S:9/796	S:98/8971	D:0.0918367346938776	D:1.03500922982258	D:0.108734967379879	D:0.508478401024959	D:0.999999999737144	D:0.938932697350849	S:HDAC1/SAP18/NFE2L2/IGLV6-57/REST/HDAC2/S1PR1/MTA3/RBBP4	D:9	S:Potential therapeutics for sars	S:FALSE	N:	N:	N:	N:	N:	N:	N:	N:	N:	N:	N:	N:	N:
S:REACTOME_RIBOSOME_QUALITY_CONTROL_RQC_COMPLEX_EXTRACTS_AND_DEGRADES_NASCENT_PEPTIDE	S:REACTOME_RIBOSOME_QUALITY_CONTROL_RQC_COMPLEX_EXTRACTS_AND_DEGRADES_NASCENT_PEPTIDE	S:9/796	S:98/8971	D:0.0918367346938776	D:1.03500922982258	D:0.108734967379879	D:0.508478401024959	D:0.999999999737144	D:0.938932697350849	S:PSMD7/PSMA5/RCHY1/RPL19/RPL38/RPL18/NEMF/LTN1/RPLP2	D:9	S:Ribosome quality control rqc complex extracts and degrades nascent peptide	S:FALSE	N:	N:	N:	N:	N:	N:	N:	N:	N:	N:	N:	N:	N:
S:REACTOME_ACTIVATION_OF_NF_KAPPAB_IN_B_CELLS	S:REACTOME_ACTIVATION_OF_NF_KAPPAB_IN_B_CELLS	S:5/796	S:53/8971	D:0.0943396226415094	D:1.06321702853892	D:0.144028074231662	D:0.512287203981239	D:0.999999999737144	D:0.938932697350849	S:PSMD7/PSMA5/NFKBIA/PRKCB/MALT1	D:5	S:Activation of nf kappab in b cells	S:FALSE	N:	N:	N:	N:	N:	N:	N:	N:	N:	N:	N:	N:	N:
S:REACTOME_ACYL_CHAIN_REMODELLING_OF_PC	S:REACTOME_ACYL_CHAIN_REMODELLING_OF_PC	S:2/796	S:19/8971	D:0.105263157894737	D:1.18632636868553	D:0.253688019802173	D:0.512521868696074	D:0.999999999737144	D:0.938932697350849	S:PLA2G12A/PLA2G1B	D:2	S:Acyl chain remodelling of pc	S:FALSE	N:	N:	N:	N:	N:	N:	N:	N:	N:	N:	N:	N:	N:
S:REACTOME_FORMATION_OF_THE_EMBRYONIC_STEM_CELL_BAF_ESBAF_COMPLEX	S:REACTOME_FORMATION_OF_THE_EMBRYONIC_STEM_CELL_BAF_ESBAF_COMPLEX	S:2/796	S:19/8971	D:0.105263157894737	D:1.18632636868553	D:0.253688019802173	D:0.512521868696074	D:0.999999999737144	D:0.938932697350849	S:SMARCE1/ACTL6A	D:2	S:Formation of the embryonic stem cell baf esbaf complex	S:FALSE	N:	N:	N:	N:	N:	N:	N:	N:	N:	N:	N:	N:	N:
S:REACTOME_PHOSPHORYLATED_BMAL1_CLOCK_ARNTL_CLOCK_ACTIVATES_EXPRESSION_OF_CORE_CLOCK_GENES	S:REACTOME_PHOSPHORYLATED_BMAL1_CLOCK_ARNTL_CLOCK_ACTIVATES_EXPRESSION_OF_CORE_CLOCK_GENES	S:2/796	S:19/8971	D:0.105263157894737	D:1.18632636868553	D:0.253688019802173	D:0.512521868696074	D:0.999999999737144	D:0.938932697350849	S:RORA/RORC	D:2	S:Phosphorylated bmal1 clock arntl clock activates expression of core clock genes	S:FALSE	N:	N:	N:	N:	N:	N:	N:	N:	N:	N:	N:	N:	N:
S:REACTOME_SIGNALING_BY_FLT3_FUSION_PROTEINS	S:REACTOME_SIGNALING_BY_FLT3_FUSION_PROTEINS	S:2/796	S:19/8971	D:0.105263157894737	D:1.18632636868553	D:0.253688019802173	D:0.512521868696074	D:0.999999999737144	D:0.938932697350849	S:ZMYM2/KRAS	D:2	S:Signaling by flt3 fusion proteins	S:FALSE	N:	N:	N:	N:	N:	N:	N:	N:	N:	N:	N:	N:	N:
S:REACTOME_CO_INHIBITION_BY_PD_1	S:REACTOME_CO_INHIBITION_BY_PD_1	S:13/796	S:144/8971	D:0.0902777777777778	D:1.01743962869905	D:0.0658295356648703	D:0.516897503107528	D:0.999999999737144	D:0.938932697350849	S:JUN/PSMD7/B3GNT3/SEL1L/NFE2L2/TNRC6C/PSMA5/LEF1/RBBP4/PTPN11/PRKAB2/ERLIN2/DAD1	D:13	S:Co inhibition by pd 1	S:FALSE	N:	N:	N:	N:	N:	N:	N:	N:	N:	N:	N:	N:	N:
S:REACTOME_PYRUVATE_METABOLISM	S:REACTOME_PYRUVATE_METABOLISM	S:4/796	S:42/8971	D:0.0952380952380952	D:1.0733429050012	D:0.148658660811684	D:0.518748160796597	D:0.999999999737144	D:0.938932697350849	S:PDP1/ME1/SIRT4/DLAT	D:4	S:Pyruvate metabolism	S:FALSE	N:	N:	N:	N:	N:	N:	N:	N:	N:	N:	N:	N:	N:
S:REACTOME_SIGNALING_BY_FGFR1	S:REACTOME_SIGNALING_BY_FGFR1	S:4/796	S:42/8971	D:0.0952380952380952	D:1.0733429050012	D:0.148658660811684	D:0.518748160796597	D:0.999999999737144	D:0.938932697350849	S:KRAS/SPRY2/PPP2CB/PTPN11	D:4	S:Signaling by fgfr1	S:FALSE	N:	N:	N:	N:	N:	N:	N:	N:	N:	N:	N:	N:	N:
S:REACTOME_TRANSCRIPTIONAL_AND_POST_TRANSLATIONAL_REGULATION_OF_MITF_M_EXPRESSION_AND_ACTIVITY	S:REACTOME_TRANSCRIPTIONAL_AND_POST_TRANSLATIONAL_REGULATION_OF_MITF_M_EXPRESSION_AND_ACTIVITY	S:4/796	S:42/8971	D:0.0952380952380952	D:1.0733429050012	D:0.148658660811684	D:0.518748160796597	D:0.999999999737144	D:0.938932697350849	S:SIRT1/HDAC1/KIT/LEF1	D:4	S:Transcriptional and post translational regulation of mitf m expression and activity	S:FALSE	N:	N:	N:	N:	N:	N:	N:	N:	N:	N:	N:	N:	N:
S:REACTOME_GOLGI_TO_ER_RETROGRADE_TRANSPORT	S:REACTOME_GOLGI_TO_ER_RETROGRADE_TRANSPORT	S:11/796	S:122/8971	D:0.0901639344262295	D:1.01615660268556	D:0.0560649885360273	D:0.524378042195524	D:0.999999999737144	D:0.938932697350849	S:KIF3A/KIF27/KIF2A/COPB2/RAB3GAP2/KIF16B/KIF15/TMED10/ZW10/CENPE/BICD1	D:11	S:Golgi to er retrograde transport	S:FALSE	N:	N:	N:	N:	N:	N:	N:	N:	N:	N:	N:	N:	N:
S:REACTOME_FATTY_ACYL_COA_BIOSYNTHESIS	S:REACTOME_FATTY_ACYL_COA_BIOSYNTHESIS	S:3/796	S:31/8971	D:0.0967741935483871	D:1.09065488733993	D:0.157765553251802	D:0.527431371138435	D:0.999999999737144	D:0.938932697350849	S:ACSBG2/ELOVL4/HSD17B12	D:3	S:Fatty acyl coa biosynthesis	S:FALSE	N:	N:	N:	N:	N:	N:	N:	N:	N:	N:	N:	N:	N:
S:REACTOME_MAPK_TARGETS_NUCLEAR_EVENTS_MEDIATED_BY_MAP_KINASES	S:REACTOME_MAPK_TARGETS_NUCLEAR_EVENTS_MEDIATED_BY_MAP_KINASES	S:3/796	S:31/8971	D:0.0967741935483871	D:1.09065488733993	D:0.157765553251802	D:0.527431371138435	D:0.999999999737144	D:0.938932697350849	S:RPS6KA5/JUN/PPP2CB	D:3	S:Mapk targets nuclear events mediated by map kinases	S:FALSE	N:	N:	N:	N:	N:	N:	N:	N:	N:	N:	N:	N:	N:
S:REACTOME_SIGNALING_BY_CSF1_M_CSF_IN_MYELOID_CELLS	S:REACTOME_SIGNALING_BY_CSF1_M_CSF_IN_MYELOID_CELLS	S:3/796	S:31/8971	D:0.0967741935483871	D:1.09065488733993	D:0.157765553251802	D:0.527431371138435	D:0.999999999737144	D:0.938932697350849	S:KRAS/PTPN11/YES1	D:3	S:Signaling by csf1 m csf in myeloid cells	S:FALSE	N:	N:	N:	N:	N:	N:	N:	N:	N:	N:	N:	N:	N:
S:REACTOME_AMPK_INDUCED_ERAD_AND_LYSOSOME_MEDIATED_DEGRADATION_OF_PD_L1_CD274	S:REACTOME_AMPK_INDUCED_ERAD_AND_LYSOSOME_MEDIATED_DEGRADATION_OF_PD_L1_CD274	S:5/796	S:54/8971	D:0.0925925925925926	D:1.04352782430672	D:0.100106742893724	D:0.529309450007683	D:0.999999999737144	D:0.938932697350849	S:PSMD7/SEL1L/PSMA5/PRKAB2/ERLIN2	D:5	S:Ampk induced erad and lysosome mediated degradation of pd l1 cd274	S:FALSE	N:	N:	N:	N:	N:	N:	N:	N:	N:	N:	N:	N:	N:
S:REACTOME_SIGNALING_BY_FGFR_IN_DISEASE	S:REACTOME_SIGNALING_BY_FGFR_IN_DISEASE	S:5/796	S:54/8971	D:0.0925925925925926	D:1.04352782430672	D:0.100106742893724	D:0.529309450007683	D:0.999999999737144	D:0.938932697350849	S:ZMYM2/KRAS/TRIM24/NCBP1/ERLIN2	D:5	S:Signaling by fgfr in disease	S:FALSE	N:	N:	N:	N:	N:	N:	N:	N:	N:	N:	N:	N:	N:
S:REACTOME_CELLULAR_SENESCENCE	S:REACTOME_CELLULAR_SENESCENCE	S:11/796	S:123/8971	D:0.0894308943089431	D:1.00789516689137	D:0.027510607971867	D:0.535639159980938	D:0.999999999737144	D:0.938932697350849	S:JUN/E2F3/MAP2K4/TERF1/TNRC6C/CCNE1/RB1/EP400/RBBP4/BMI1/CDK6	D:11	S:Cellular senescence	S:FALSE	N:	N:	N:	N:	N:	N:	N:	N:	N:	N:	N:	N:	N:
S:REACTOME_ESR_MEDIATED_SIGNALING	S:REACTOME_ESR_MEDIATED_SIGNALING	S:13/796	S:146/8971	D:0.089041095890411	D:1.00350209953879	D:0.0133124022323163	D:0.537644447325036	D:0.999999999737144	D:0.938932697350849	S:MED1/SMC3/RAD21/YY1/KRAS/JUN/HDAC1/ZNF217/TNRC6C/EGF/NCOA3/CBFB/PTK2	D:13	S:Esr mediated signaling	S:FALSE	N:	N:	N:	N:	N:	N:	N:	N:	N:	N:	N:	N:	N:
S:REACTOME_APOPTOTIC_EXECUTION_PHASE	S:REACTOME_APOPTOTIC_EXECUTION_PHASE	S:4/796	S:43/8971	D:0.0930232558139535	D:1.04838144209419	D:0.0992304180137419	D:0.537782532594184	D:0.999999999737144	D:0.938932697350849	S:SATB1/PRKCQ/GAS2/PTK2	D:4	S:Apoptotic execution phase	S:FALSE	N:	N:	N:	N:	N:	N:	N:	N:	N:	N:	N:	N:	N:
S:REACTOME_HH_MUTANTS_ABROGATE_LIGAND_SECRETION	S:REACTOME_HH_MUTANTS_ABROGATE_LIGAND_SECRETION	S:4/796	S:43/8971	D:0.0930232558139535	D:1.04838144209419	D:0.0992304180137419	D:0.537782532594184	D:0.999999999737144	D:0.938932697350849	S:PSMD7/SEL1L/PSMA5/SYVN1	D:4	S:Hh mutants abrogate ligand secretion	S:FALSE	N:	N:	N:	N:	N:	N:	N:	N:	N:	N:	N:	N:	N:
S:REACTOME_NEGATIVE_REGULATION_OF_MET_ACTIVITY	S:REACTOME_NEGATIVE_REGULATION_OF_MET_ACTIVITY	S:2/796	S:20/8971	D:0.1	D:1.12701005025126	D:0.177429644277355	D:0.540645230278822	D:0.999999999737144	D:0.938932697350849	S:MET/USP8	D:2	S:Negative regulation of met activity	S:FALSE	N:	N:	N:	N:	N:	N:	N:	N:	N:	N:	N:	N:	N:
S:REACTOME_PD_L1_CD274_GLYCOSYLATION_AND_TRANSLOCATION_TO_PLASMA_MEMBRANE	S:REACTOME_PD_L1_CD274_GLYCOSYLATION_AND_TRANSLOCATION_TO_PLASMA_MEMBRANE	S:2/796	S:20/8971	D:0.1	D:1.12701005025126	D:0.177429644277355	D:0.540645230278822	D:0.999999999737144	D:0.938932697350849	S:B3GNT3/DAD1	D:2	S:Pd l1 cd274 glycosylation and translocation to plasma membrane	S:FALSE	N:	N:	N:	N:	N:	N:	N:	N:	N:	N:	N:	N:	N:
S:REACTOME_SIGNALING_BY_PDGFR_IN_DISEASE	S:REACTOME_SIGNALING_BY_PDGFR_IN_DISEASE	S:2/796	S:20/8971	D:0.1	D:1.12701005025126	D:0.177429644277355	D:0.540645230278822	D:0.999999999737144	D:0.938932697350849	S:KRAS/GOLGA4	D:2	S:Signaling by pdgfr in disease	S:FALSE	N:	N:	N:	N:	N:	N:	N:	N:	N:	N:	N:	N:	N:
S:REACTOME_DEVELOPMENTAL_CELL_LINEAGES	S:REACTOME_DEVELOPMENTAL_CELL_LINEAGES	S:9/796	S:101/8971	D:0.0891089108910891	D:1.00426638141201	D:0.0134544958858225	D:0.545931599251203	D:0.999999999737144	D:0.938932697350849	S:PRSS1/ITGA6/LAMA2/PLA2G1B/KIT/EGF/CXCR4/HHEX/AQP3	D:9	S:Developmental cell lineages	S:FALSE	N:	N:	N:	N:	N:	N:	N:	N:	N:	N:	N:	N:	N:
S:REACTOME_PROTEIN_LOCALIZATION	S:REACTOME_PROTEIN_LOCALIZATION	S:13/796	S:147/8971	D:0.0884353741496599	D:0.996675554643968	D:-0.0126810142688375	D:0.547910524029502	D:0.999999999737144	D:0.938932697350849	S:SCP2/PEX12/ABCD3/HSPA9/PRNP/SLC25A17/GRPEL2/HSPD1/GDAP1/IDE/ACBD5/PEX1/ZFAND6	D:13	S:Protein localization	S:FALSE	N:	N:	N:	N:	N:	N:	N:	N:	N:	N:	N:	N:	N:
S:REACTOME_ANTIGEN_ACTIVATES_B_CELL_RECEPTOR_BCR_LEADING_TO_GENERATION_OF_SECOND_MESSENGERS	S:REACTOME_ANTIGEN_ACTIVATES_B_CELL_RECEPTOR_BCR_LEADING_TO_GENERATION_OF_SECOND_MESSENGERS	S:3/796	S:32/8971	D:0.09375	D:1.05657192211055	D:0.100032317398074	D:0.549421995191413	D:0.999999999737144	D:0.938932697350849	S:ITPR1/IGLV6-57/CD19	D:3	S:Antigen activates b cell receptor bcr leading to generation of second messengers	S:FALSE	N:	N:	N:	N:	N:	N:	N:	N:	N:	N:	N:	N:	N:
S:REACTOME_FORMATION_OF_THE_BETA_CATENIN_TCF_TRANSACTIVATING_COMPLEX	S:REACTOME_FORMATION_OF_THE_BETA_CATENIN_TCF_TRANSACTIVATING_COMPLEX	S:3/796	S:32/8971	D:0.09375	D:1.05657192211055	D:0.100032317398074	D:0.549421995191413	D:0.999999999737144	D:0.938932697350849	S:HDAC1/CDC73/LEF1	D:3	S:Formation of the beta catenin tcf transactivating complex	S:FALSE	N:	N:	N:	N:	N:	N:	N:	N:	N:	N:	N:	N:	N:
S:REACTOME_RAF_ACTIVATION	S:REACTOME_RAF_ACTIVATION	S:3/796	S:32/8971	D:0.09375	D:1.05657192211055	D:0.100032317398074	D:0.549421995191413	D:0.999999999737144	D:0.938932697350849	S:KRAS/PPP2CB/CAMK2D	D:3	S:Raf activation	S:FALSE	N:	N:	N:	N:	N:	N:	N:	N:	N:	N:	N:	N:	N:
S:REACTOME_SIGNALING_BY_WNT_IN_CANCER	S:REACTOME_SIGNALING_BY_WNT_IN_CANCER	S:3/796	S:32/8971	D:0.09375	D:1.05657192211055	D:0.100032317398074	D:0.549421995191413	D:0.999999999737144	D:0.938932697350849	S:FZD6/TNKS/PPP2CB	D:3	S:Signaling by wnt in cancer	S:FALSE	N:	N:	N:	N:	N:	N:	N:	N:	N:	N:	N:	N:	N:
S:REACTOME_MAPK6_MAPK4_SIGNALING	S:REACTOME_MAPK6_MAPK4_SIGNALING	S:6/796	S:67/8971	D:0.0895522388059701	D:1.00926273156829	D:0.0237461266015377	D:0.553130959404433	D:0.999999999737144	D:0.938932697350849	S:JUN/PSMD7/FOXO1/TNRC6C/PSMA5/NCOA3	D:6	S:Mapk6 mapk4 signaling	S:FALSE	N:	N:	N:	N:	N:	N:	N:	N:	N:	N:	N:	N:	N:
S:REACTOME_TRANS_GOLGI_NETWORK_VESICLE_BUDDING	S:REACTOME_TRANS_GOLGI_NETWORK_VESICLE_BUDDING	S:6/796	S:67/8971	D:0.0895522388059701	D:1.00926273156829	D:0.0237461266015377	D:0.553130959404433	D:0.999999999737144	D:0.938932697350849	S:AP1S3/AP3B1/PUM1/CLINT1/HSPA8/TPD52	D:6	S:Trans golgi network vesicle budding	S:FALSE	N:	N:	N:	N:	N:	N:	N:	N:	N:	N:	N:	N:	N:
S:REACTOME_DISEASES_OF_PROGRAMMED_CELL_DEATH	S:REACTOME_DISEASES_OF_PROGRAMMED_CELL_DEATH	S:4/796	S:44/8971	D:0.0909090909090909	D:1.02455459113751	D:0.0509465937361473	D:0.556429309320891	D:0.999999999737144	D:0.938932697350849	S:DNMT3A/JUN/PRIM1/RBBP4	D:4	S:Diseases of programmed cell death	S:FALSE	N:	N:	N:	N:	N:	N:	N:	N:	N:	N:	N:	N:	N:
S:REACTOME_NCAM_SIGNALING_FOR_NEURITE_OUT_GROWTH	S:REACTOME_NCAM_SIGNALING_FOR_NEURITE_OUT_GROWTH	S:5/796	S:56/8971	D:0.0892857142857143	D:1.00625897343862	D:0.0146603832254764	D:0.562527030946513	D:0.999999999737144	D:0.938932697350849	S:CACNB4/RPS6KA5/KRAS/PRNP/PTK2	D:5	S:Ncam signaling for neurite out growth	S:FALSE	N:	N:	N:	N:	N:	N:	N:	N:	N:	N:	N:	N:	N:
S:REACTOME_G2_M_CHECKPOINTS	S:REACTOME_G2_M_CHECKPOINTS	S:10/796	S:114/8971	D:0.087719298245614	D:0.988605307237944	D:-0.0382050346355395	D:0.563706986590474	D:0.999999999737144	D:0.938932697350849	S:WRN/RPA1/PSMD7/PSMA5/MCM7/BRCA1/CCNB1/RFC5/ATR/BLM	D:10	S:G2 m checkpoints	S:FALSE	N:	N:	N:	N:	N:	N:	N:	N:	N:	N:	N:	N:	N:
S:REACTOME_BMAL1_CLOCK_NPAS2_ACTIVATES_CIRCADIAN_EXPRESSION	S:REACTOME_BMAL1_CLOCK_NPAS2_ACTIVATES_CIRCADIAN_EXPRESSION	S:2/796	S:21/8971	D:0.0952380952380952	D:1.0733429050012	D:0.104994152455175	D:0.567622781793852	D:0.999999999737144	D:0.938932697350849	S:MED1/TGS1	D:2	S:Bmal1 clock npas2 activates circadian expression	S:FALSE	N:	N:	N:	N:	N:	N:	N:	N:	N:	N:	N:	N:	N:
S:REACTOME_DOWNSTREAM_SIGNALING_OF_ACTIVATED_FGFR3	S:REACTOME_DOWNSTREAM_SIGNALING_OF_ACTIVATED_FGFR3	S:2/796	S:21/8971	D:0.0952380952380952	D:1.0733429050012	D:0.104994152455175	D:0.567622781793852	D:0.999999999737144	D:0.938932697350849	S:KRAS/PTPN11	D:2	S:Downstream signaling of activated fgfr3	S:FALSE	N:	N:	N:	N:	N:	N:	N:	N:	N:	N:	N:	N:	N:
S:REACTOME_DOWNSTREAM_SIGNALING_OF_ACTIVATED_FGFR4	S:REACTOME_DOWNSTREAM_SIGNALING_OF_ACTIVATED_FGFR4	S:2/796	S:21/8971	D:0.0952380952380952	D:1.0733429050012	D:0.104994152455175	D:0.567622781793852	D:0.999999999737144	D:0.938932697350849	S:KRAS/PTPN11	D:2	S:Downstream signaling of activated fgfr4	S:FALSE	N:	N:	N:	N:	N:	N:	N:	N:	N:	N:	N:	N:	N:
S:REACTOME_SIGNALING_BY_ERBB2_IN_CANCER	S:REACTOME_SIGNALING_BY_ERBB2_IN_CANCER	S:2/796	S:21/8971	D:0.0952380952380952	D:1.0733429050012	D:0.104994152455175	D:0.567622781793852	D:0.999999999737144	D:0.938932697350849	S:KRAS/EGF	D:2	S:Signaling by erbb2 in cancer	S:FALSE	N:	N:	N:	N:	N:	N:	N:	N:	N:	N:	N:	N:	N:
S:REACTOME_ZBP1_DAI_MEDIATED_INDUCTION_OF_TYPE_I_IFNS	S:REACTOME_ZBP1_DAI_MEDIATED_INDUCTION_OF_TYPE_I_IFNS	S:2/796	S:21/8971	D:0.0952380952380952	D:1.0733429050012	D:0.104994152455175	D:0.567622781793852	D:0.999999999737144	D:0.938932697350849	S:DTX4/NFKBIA	D:2	S:Zbp1 dai mediated induction of type i ifns	S:FALSE	N:	N:	N:	N:	N:	N:	N:	N:	N:	N:	N:	N:	N:
S:REACTOME_INTERLEUKIN_17_SIGNALING	S:REACTOME_INTERLEUKIN_17_SIGNALING	S:6/796	S:68/8971	D:0.0882352941176471	D:0.994420632574638	D:-0.0144105350776187	D:0.568026488235329	D:0.999999999737144	D:0.938932697350849	S:RPS6KA5/JUN/TAB2/MAP2K4/PPP2CB/TRAF6	D:6	S:Interleukin 17 signaling	S:FALSE	N:	N:	N:	N:	N:	N:	N:	N:	N:	N:	N:	N:	N:
S:REACTOME_HSF1_DEPENDENT_TRANSACTIVATION	S:REACTOME_HSF1_DEPENDENT_TRANSACTIVATION	S:3/796	S:33/8971	D:0.0909090909090909	D:1.02455459113751	D:0.044093886160228	D:0.570797764118354	D:0.999999999737144	D:0.938932697350849	S:HSPA8/HSPH1/CAMK2D	D:3	S:Hsf1 dependent transactivation	S:TRUE	N:	N:	N:	N:	N:	N:	N:	N:	N:	N:	N:	N:	N:
S:REACTOME_PLATELET_AGGREGATION_PLUG_FORMATION	S:REACTOME_PLATELET_AGGREGATION_PLUG_FORMATION	S:3/796	S:33/8971	D:0.0909090909090909	D:1.02455459113751	D:0.044093886160228	D:0.570797764118354	D:0.999999999737144	D:0.938932697350849	S:RASGRP2/RASGRP1/PTK2	D:3	S:Platelet aggregation plug formation	S:FALSE	N:	N:	N:	N:	N:	N:	N:	N:	N:	N:	N:	N:	N:
S:REACTOME_GENE_SILENCING_BY_RNA	S:REACTOME_GENE_SILENCING_BY_RNA	S:4/796	S:45/8971	D:0.0888888888888889	D:1.00178671133445	D:0.00374922136185267	D:0.574665100607827	D:0.999999999737144	D:0.938932697350849	S:DROSHA/TDRKH/TNRC6C/TSN	D:4	S:Gene silencing by rna	S:FALSE	N:	N:	N:	N:	N:	N:	N:	N:	N:	N:	N:	N:	N:
S:REACTOME_PARASITE_INFECTION	S:REACTOME_PARASITE_INFECTION	S:5/796	S:57/8971	D:0.087719298245614	D:0.988605307237944	D:-0.0269285275810509	D:0.578684664109755	D:0.999999999737144	D:0.938932697350849	S:ABI2/IGLV6-57/MYO5A/PTK2/YES1	D:5	S:Parasite infection	S:FALSE	N:	N:	N:	N:	N:	N:	N:	N:	N:	N:	N:	N:	N:
S:REACTOME_C_TYPE_LECTIN_RECEPTORS_CLRS	S:REACTOME_C_TYPE_LECTIN_RECEPTORS_CLRS	S:10/796	S:116/8971	D:0.0862068965517241	D:0.971560388147635	D:-0.0961982676684192	D:0.586438563013228	D:0.999999999737144	D:0.938932697350849	S:RPS6KA5/KRAS/ITPR1/PSMD7/TAB2/PSMA5/NFKBIA/ICAM2/TRAF6/MALT1	D:10	S:C type lectin receptors clrs	S:FALSE	N:	N:	N:	N:	N:	N:	N:	N:	N:	N:	N:	N:	N:
S:REACTOME_DOWNSTREAM_TCR_SIGNALING	S:REACTOME_DOWNSTREAM_TCR_SIGNALING	S:7/796	S:81/8971	D:0.0864197530864197	D:0.973959302686271	D:-0.073460370298062	D:0.586579867797172	D:0.999999999737144	D:0.938932697350849	S:PSMD7/TAB2/PSMA5/NFKBIA/TRAF6/PRKCQ/MALT1	D:7	S:Downstream tcr signaling	S:FALSE	N:	N:	N:	N:	N:	N:	N:	N:	N:	N:	N:	N:	N:
S:REACTOME_FCGAMMA_RECEPTOR_FCGR_DEPENDENT_PHAGOCYTOSIS	S:REACTOME_FCGAMMA_RECEPTOR_FCGR_DEPENDENT_PHAGOCYTOSIS	S:7/796	S:81/8971	D:0.0864197530864197	D:0.973959302686271	D:-0.073460370298062	D:0.586579867797172	D:0.999999999737144	D:0.938932697350849	S:PRKCE/ITPR1/ABI2/IGLV6-57/MYO5A/PTK2/YES1	D:7	S:Fcgamma receptor fcgr dependent phagocytosis	S:FALSE	N:	N:	N:	N:	N:	N:	N:	N:	N:	N:	N:	N:	N:
S:REACTOME_ASSEMBLY_AND_CELL_SURFACE_PRESENTATION_OF_NMDA_RECEPTORS	S:REACTOME_ASSEMBLY_AND_CELL_SURFACE_PRESENTATION_OF_NMDA_RECEPTORS	S:3/796	S:34/8971	D:0.0882352941176471	D:0.994420632574638	D:-0.0101703855465093	D:0.591533752002734	D:0.999999999737144	D:0.938932697350849	S:CASK/DLG1/CAMK2D	D:3	S:Assembly and cell surface presentation of nmda receptors	S:FALSE	N:	N:	N:	N:	N:	N:	N:	N:	N:	N:	N:	N:	N:
S:REACTOME_MOLECULES_ASSOCIATED_WITH_ELASTIC_FIBRES	S:REACTOME_MOLECULES_ASSOCIATED_WITH_ELASTIC_FIBRES	S:3/796	S:34/8971	D:0.0882352941176471	D:0.994420632574638	D:-0.0101703855465093	D:0.591533752002734	D:0.999999999737144	D:0.938932697350849	S:BMP10/TGFB2/FBLN5	D:3	S:Molecules associated with elastic fibres	S:FALSE	N:	N:	N:	N:	N:	N:	N:	N:	N:	N:	N:	N:	N:
S:REACTOME_NEGATIVE_REGULATORS_OF_DDX58_IFIH1_SIGNALING	S:REACTOME_NEGATIVE_REGULATORS_OF_DDX58_IFIH1_SIGNALING	S:3/796	S:34/8971	D:0.0882352941176471	D:0.994420632574638	D:-0.0101703855465093	D:0.591533752002734	D:0.999999999737144	D:0.938932697350849	S:ITCH/TRIM4/UBE2K	D:3	S:Negative regulators of ddx58 ifih1 signaling	S:FALSE	N:	N:	N:	N:	N:	N:	N:	N:	N:	N:	N:	N:	N:
S:REACTOME_ROS_AND_RNS_PRODUCTION_IN_PHAGOCYTES	S:REACTOME_ROS_AND_RNS_PRODUCTION_IN_PHAGOCYTES	S:3/796	S:34/8971	D:0.0882352941176471	D:0.994420632574638	D:-0.0101703855465093	D:0.591533752002734	D:0.999999999737144	D:0.938932697350849	S:ATP6V1E2/ATP6V0A2/ATP6V1A	D:3	S:Ros and rns production in phagocytes	S:FALSE	N:	N:	N:	N:	N:	N:	N:	N:	N:	N:	N:	N:	N:
S:REACTOME_MATERNAL_TO_ZYGOTIC_TRANSITION_MZT	S:REACTOME_MATERNAL_TO_ZYGOTIC_TRANSITION_MZT	S:4/796	S:46/8971	D:0.0869565217391304	D:0.980008739348918	D:-0.0424154285988179	D:0.592469819526229	D:0.999999999737144	D:0.938932697350849	S:ZFP36L2/CNOT2/CNOT6L/PABPC1	D:4	S:Maternal to zygotic transition mzt	S:FALSE	N:	N:	N:	N:	N:	N:	N:	N:	N:	N:	N:	N:	N:
S:REACTOME_AMINE_LIGAND_BINDING_RECEPTORS	S:REACTOME_AMINE_LIGAND_BINDING_RECEPTORS	S:2/796	S:22/8971	D:0.0909090909090909	D:1.02455459113751	D:0.0359803735678252	D:0.59343622935412	D:0.999999999737144	D:0.938932697350849	S:HRH4/HTR2B	D:2	S:Amine ligand binding receptors	S:FALSE	N:	N:	N:	N:	N:	N:	N:	N:	N:	N:	N:	N:	N:
S:REACTOME_DOWNSTREAM_SIGNALING_OF_ACTIVATED_FGFR1	S:REACTOME_DOWNSTREAM_SIGNALING_OF_ACTIVATED_FGFR1	S:2/796	S:22/8971	D:0.0909090909090909	D:1.02455459113751	D:0.0359803735678252	D:0.59343622935412	D:0.999999999737144	D:0.938932697350849	S:KRAS/PTPN11	D:2	S:Downstream signaling of activated fgfr1	S:FALSE	N:	N:	N:	N:	N:	N:	N:	N:	N:	N:	N:	N:	N:
S:REACTOME_DOWNSTREAM_SIGNALING_OF_ACTIVATED_FGFR2	S:REACTOME_DOWNSTREAM_SIGNALING_OF_ACTIVATED_FGFR2	S:2/796	S:22/8971	D:0.0909090909090909	D:1.02455459113751	D:0.0359803735678252	D:0.59343622935412	D:0.999999999737144	D:0.938932697350849	S:KRAS/PTPN11	D:2	S:Downstream signaling of activated fgfr2	S:FALSE	N:	N:	N:	N:	N:	N:	N:	N:	N:	N:	N:	N:	N:
S:REACTOME_ERK_MAPK_TARGETS	S:REACTOME_ERK_MAPK_TARGETS	S:2/796	S:22/8971	D:0.0909090909090909	D:1.02455459113751	D:0.0359803735678252	D:0.59343622935412	D:0.999999999737144	D:0.938932697350849	S:RPS6KA5/PPP2CB	D:2	S:Erk mapk targets	S:FALSE	N:	N:	N:	N:	N:	N:	N:	N:	N:	N:	N:	N:	N:
S:REACTOME_ESTROGEN_DEPENDENT_NUCLEAR_EVENTS_DOWNSTREAM_OF_ESR_MEMBRANE_SIGNALING	S:REACTOME_ESTROGEN_DEPENDENT_NUCLEAR_EVENTS_DOWNSTREAM_OF_ESR_MEMBRANE_SIGNALING	S:2/796	S:22/8971	D:0.0909090909090909	D:1.02455459113751	D:0.0359803735678252	D:0.59343622935412	D:0.999999999737144	D:0.938932697350849	S:EGF/PTK2	D:2	S:Estrogen dependent nuclear events downstream of esr membrane signaling	S:FALSE	N:	N:	N:	N:	N:	N:	N:	N:	N:	N:	N:	N:	N:
S:REACTOME_INTERLEUKIN_7_SIGNALING	S:REACTOME_INTERLEUKIN_7_SIGNALING	S:2/796	S:22/8971	D:0.0909090909090909	D:1.02455459113751	D:0.0359803735678252	D:0.59343622935412	D:0.999999999737144	D:0.938932697350849	S:BRWD1/IRS1	D:2	S:Interleukin 7 signaling	S:FALSE	N:	N:	N:	N:	N:	N:	N:	N:	N:	N:	N:	N:	N:
S:REACTOME_SIGNALING_BY_NTRK2_TRKB	S:REACTOME_SIGNALING_BY_NTRK2_TRKB	S:2/796	S:22/8971	D:0.0909090909090909	D:1.02455459113751	D:0.0359803735678252	D:0.59343622935412	D:0.999999999737144	D:0.938932697350849	S:KRAS/PTPN11	D:2	S:Signaling by ntrk2 trkb	S:FALSE	N:	N:	N:	N:	N:	N:	N:	N:	N:	N:	N:	N:	N:
S:REACTOME_WNT_LIGAND_BIOGENESIS_AND_TRAFFICKING	S:REACTOME_WNT_LIGAND_BIOGENESIS_AND_TRAFFICKING	S:2/796	S:22/8971	D:0.0909090909090909	D:1.02455459113751	D:0.0359803735678252	D:0.59343622935412	D:0.999999999737144	D:0.938932697350849	S:WNT1/VPS35	D:2	S:Wnt ligand biogenesis and trafficking	S:FALSE	N:	N:	N:	N:	N:	N:	N:	N:	N:	N:	N:	N:	N:
S:REACTOME_RAB_GERANYLGERANYLATION	S:REACTOME_RAB_GERANYLGERANYLATION	S:5/796	S:58/8971	D:0.0862068965517241	D:0.971560388147635	D:-0.0678007632778153	D:0.594519754742143	D:0.999999999737144	D:0.938932697350849	S:RAB14/CHML/RAB23/RAB30/RAB25	D:5	S:Rab geranylgeranylation	S:FALSE	N:	N:	N:	N:	N:	N:	N:	N:	N:	N:	N:	N:	N:
S:REACTOME_SYNTHESIS_OF_SUBSTRATES_IN_N_GLYCAN_BIOSYTHESIS	S:REACTOME_SYNTHESIS_OF_SUBSTRATES_IN_N_GLYCAN_BIOSYTHESIS	S:5/796	S:58/8971	D:0.0862068965517241	D:0.971560388147635	D:-0.0678007632778153	D:0.594519754742143	D:0.999999999737144	D:0.938932697350849	S:GNE/ST6GAL1/SLC17A5/GFPT1/MPI	D:5	S:Synthesis of substrates in n glycan biosythesis	S:FALSE	N:	N:	N:	N:	N:	N:	N:	N:	N:	N:	N:	N:	N:
S:REACTOME_UCH_PROTEINASES	S:REACTOME_UCH_PROTEINASES	S:6/796	S:70/8971	D:0.0857142857142857	D:0.966008614501077	D:-0.0890855695943476	D:0.59707147247909	D:0.999999999737144	D:0.938932697350849	S:YY1/PSMD7/ACTL6A/PSMA5/ASXL2/ASXL1	D:6	S:Uch proteinases	S:FALSE	N:	N:	N:	N:	N:	N:	N:	N:	N:	N:	N:	N:	N:
S:REACTOME_ACETYLCHOLINE_REGULATES_INSULIN_SECRETION	S:REACTOME_ACETYLCHOLINE_REGULATES_INSULIN_SECRETION	S:1/796	S:10/8971	D:0.1	D:1.12701005025126	D:0.125391680811869	D:0.605309412493444	D:0.999999999737144	D:0.938932697350849	S:PRKCA	D:1	S:Acetylcholine regulates insulin secretion	S:FALSE	N:	N:	N:	N:	N:	N:	N:	N:	N:	N:	N:	N:	N:
S:REACTOME_ACTIVATION_OF_PPARGC1A_PGC_1ALPHA_BY_PHOSPHORYLATION	S:REACTOME_ACTIVATION_OF_PPARGC1A_PGC_1ALPHA_BY_PHOSPHORYLATION	S:1/796	S:10/8971	D:0.1	D:1.12701005025126	D:0.125391680811869	D:0.605309412493444	D:0.999999999737144	D:0.938932697350849	S:PRKAB2	D:1	S:Activation of ppargc1a pgc 1alpha by phosphorylation	S:FALSE	N:	N:	N:	N:	N:	N:	N:	N:	N:	N:	N:	N:	N:
S:REACTOME_ACTIVATION_OF_THE_AP_1_FAMILY_OF_TRANSCRIPTION_FACTORS	S:REACTOME_ACTIVATION_OF_THE_AP_1_FAMILY_OF_TRANSCRIPTION_FACTORS	S:1/796	S:10/8971	D:0.1	D:1.12701005025126	D:0.125391680811869	D:0.605309412493444	D:0.999999999737144	D:0.938932697350849	S:JUN	D:1	S:Activation of the ap 1 family of transcription factors	S:FALSE	N:	N:	N:	N:	N:	N:	N:	N:	N:	N:	N:	N:	N:
S:REACTOME_BICARBONATE_TRANSPORTERS	S:REACTOME_BICARBONATE_TRANSPORTERS	S:1/796	S:10/8971	D:0.1	D:1.12701005025126	D:0.125391680811869	D:0.605309412493444	D:0.999999999737144	D:0.938932697350849	S:SLC4A5	D:1	S:Bicarbonate transporters	S:FALSE	N:	N:	N:	N:	N:	N:	N:	N:	N:	N:	N:	N:	N:
S:REACTOME_CONSTITUTIVE_SIGNALING_BY_OVEREXPRESSED_ERBB2	S:REACTOME_CONSTITUTIVE_SIGNALING_BY_OVEREXPRESSED_ERBB2	S:1/796	S:10/8971	D:0.1	D:1.12701005025126	D:0.125391680811869	D:0.605309412493444	D:0.999999999737144	D:0.938932697350849	S:KRAS	D:1	S:Constitutive signaling by overexpressed erbb2	S:FALSE	N:	N:	N:	N:	N:	N:	N:	N:	N:	N:	N:	N:	N:
S:REACTOME_LYSINE_CATABOLISM	S:REACTOME_LYSINE_CATABOLISM	S:1/796	S:10/8971	D:0.1	D:1.12701005025126	D:0.125391680811869	D:0.605309412493444	D:0.999999999737144	D:0.938932697350849	S:AASS	D:1	S:Lysine catabolism	S:FALSE	N:	N:	N:	N:	N:	N:	N:	N:	N:	N:	N:	N:	N:
S:REACTOME_MAPK3_ERK1_ACTIVATION	S:REACTOME_MAPK3_ERK1_ACTIVATION	S:1/796	S:10/8971	D:0.1	D:1.12701005025126	D:0.125391680811869	D:0.605309412493444	D:0.999999999737144	D:0.938932697350849	S:PTPN11	D:1	S:Mapk3 erk1 activation	S:FALSE	N:	N:	N:	N:	N:	N:	N:	N:	N:	N:	N:	N:	N:
S:REACTOME_MET_RECEPTOR_RECYCLING	S:REACTOME_MET_RECEPTOR_RECYCLING	S:1/796	S:10/8971	D:0.1	D:1.12701005025126	D:0.125391680811869	D:0.605309412493444	D:0.999999999737144	D:0.938932697350849	S:MET	D:1	S:Met receptor recycling	S:FALSE	N:	N:	N:	N:	N:	N:	N:	N:	N:	N:	N:	N:	N:
S:REACTOME_NEF_MEDIATED_DOWNREGULATION_OF_MHC_CLASS_I_COMPLEX_CELL_SURFACE_EXPRESSION	S:REACTOME_NEF_MEDIATED_DOWNREGULATION_OF_MHC_CLASS_I_COMPLEX_CELL_SURFACE_EXPRESSION	S:1/796	S:10/8971	D:0.1	D:1.12701005025126	D:0.125391680811869	D:0.605309412493444	D:0.999999999737144	D:0.938932697350849	S:AP1S3	D:1	S:Nef mediated downregulation of mhc class i complex cell surface expression	S:FALSE	N:	N:	N:	N:	N:	N:	N:	N:	N:	N:	N:	N:	N:
S:REACTOME_P2Y_RECEPTORS	S:REACTOME_P2Y_RECEPTORS	S:1/796	S:10/8971	D:0.1	D:1.12701005025126	D:0.125391680811869	D:0.605309412493444	D:0.999999999737144	D:0.938932697350849	S:P2RY10	D:1	S:P2y receptors	S:FALSE	N:	N:	N:	N:	N:	N:	N:	N:	N:	N:	N:	N:	N:
S:REACTOME_PRESYNAPTIC_DEPOLARIZATION_AND_CALCIUM_CHANNEL_OPENING	S:REACTOME_PRESYNAPTIC_DEPOLARIZATION_AND_CALCIUM_CHANNEL_OPENING	S:1/796	S:10/8971	D:0.1	D:1.12701005025126	D:0.125391680811869	D:0.605309412493444	D:0.999999999737144	D:0.938932697350849	S:CACNB4	D:1	S:Presynaptic depolarization and calcium channel opening	S:FALSE	N:	N:	N:	N:	N:	N:	N:	N:	N:	N:	N:	N:	N:
S:REACTOME_RECOGNITION_AND_ASSOCIATION_OF_DNA_GLYCOSYLASE_WITH_SITE_CONTAINING_AN_AFFECTED_PURINE	S:REACTOME_RECOGNITION_AND_ASSOCIATION_OF_DNA_GLYCOSYLASE_WITH_SITE_CONTAINING_AN_AFFECTED_PURINE	S:1/796	S:10/8971	D:0.1	D:1.12701005025126	D:0.125391680811869	D:0.605309412493444	D:0.999999999737144	D:0.938932697350849	S:TERF1	D:1	S:Recognition and association of dna glycosylase with site containing an affected purine	S:FALSE	N:	N:	N:	N:	N:	N:	N:	N:	N:	N:	N:	N:	N:
S:REACTOME_RHOBTB3_ATPASE_CYCLE	S:REACTOME_RHOBTB3_ATPASE_CYCLE	S:1/796	S:10/8971	D:0.1	D:1.12701005025126	D:0.125391680811869	D:0.605309412493444	D:0.999999999737144	D:0.938932697350849	S:CCNE1	D:1	S:Rhobtb3 atpase cycle	S:FALSE	N:	N:	N:	N:	N:	N:	N:	N:	N:	N:	N:	N:	N:
S:REACTOME_RRNA_PROCESSING_IN_THE_MITOCHONDRION	S:REACTOME_RRNA_PROCESSING_IN_THE_MITOCHONDRION	S:1/796	S:10/8971	D:0.1	D:1.12701005025126	D:0.125391680811869	D:0.605309412493444	D:0.999999999737144	D:0.938932697350849	S:TFB1M	D:1	S:Rrna processing in the mitochondrion	S:FALSE	N:	N:	N:	N:	N:	N:	N:	N:	N:	N:	N:	N:	N:
S:REACTOME_RUNX1_AND_FOXP3_CONTROL_THE_DEVELOPMENT_OF_REGULATORY_T_LYMPHOCYTES_TREGS	S:REACTOME_RUNX1_AND_FOXP3_CONTROL_THE_DEVELOPMENT_OF_REGULATORY_T_LYMPHOCYTES_TREGS	S:1/796	S:10/8971	D:0.1	D:1.12701005025126	D:0.125391680811869	D:0.605309412493444	D:0.999999999737144	D:0.938932697350849	S:CBFB	D:1	S:Runx1 and foxp3 control the development of regulatory t lymphocytes tregs	S:FALSE	N:	N:	N:	N:	N:	N:	N:	N:	N:	N:	N:	N:	N:
S:REACTOME_SIGNALING_BY_LTK	S:REACTOME_SIGNALING_BY_LTK	S:1/796	S:10/8971	D:0.1	D:1.12701005025126	D:0.125391680811869	D:0.605309412493444	D:0.999999999737144	D:0.938932697350849	S:IRS1	D:1	S:Signaling by ltk	S:FALSE	N:	N:	N:	N:	N:	N:	N:	N:	N:	N:	N:	N:	N:
S:REACTOME_SPECIFICATION_OF_PRIMORDIAL_GERM_CELLS	S:REACTOME_SPECIFICATION_OF_PRIMORDIAL_GERM_CELLS	S:1/796	S:10/8971	D:0.1	D:1.12701005025126	D:0.125391680811869	D:0.605309412493444	D:0.999999999737144	D:0.938932697350849	S:CXCR4	D:1	S:Specification of primordial germ cells	S:FALSE	N:	N:	N:	N:	N:	N:	N:	N:	N:	N:	N:	N:	N:
S:REACTOME_STAT5_ACTIVATION_DOWNSTREAM_OF_FLT3_ITD_MUTANTS	S:REACTOME_STAT5_ACTIVATION_DOWNSTREAM_OF_FLT3_ITD_MUTANTS	S:1/796	S:10/8971	D:0.1	D:1.12701005025126	D:0.125391680811869	D:0.605309412493444	D:0.999999999737144	D:0.938932697350849	S:PTPN11	D:1	S:Stat5 activation downstream of flt3 itd mutants	S:FALSE	N:	N:	N:	N:	N:	N:	N:	N:	N:	N:	N:	N:	N:
S:REACTOME_TYPE_I_HEMIDESMOSOME_ASSEMBLY	S:REACTOME_TYPE_I_HEMIDESMOSOME_ASSEMBLY	S:1/796	S:10/8971	D:0.1	D:1.12701005025126	D:0.125391680811869	D:0.605309412493444	D:0.999999999737144	D:0.938932697350849	S:ITGA6	D:1	S:Type i hemidesmosome assembly	S:FALSE	N:	N:	N:	N:	N:	N:	N:	N:	N:	N:	N:	N:	N:
S:REACTOME_Z_DECAY_DEGRADATION_OF_MATERNAL_MRNAS_BY_ZYGOTICALLY_EXPRESSED_FACTORS	S:REACTOME_Z_DECAY_DEGRADATION_OF_MATERNAL_MRNAS_BY_ZYGOTICALLY_EXPRESSED_FACTORS	S:1/796	S:10/8971	D:0.1	D:1.12701005025126	D:0.125391680811869	D:0.605309412493444	D:0.999999999737144	D:0.938932697350849	S:PABPC1	D:1	S:Z decay degradation of maternal mrnas by zygotically expressed factors	S:FALSE	N:	N:	N:	N:	N:	N:	N:	N:	N:	N:	N:	N:	N:
S:REACTOME_SYNTHESIS_OF_DNA	S:REACTOME_SYNTHESIS_OF_DNA	S:9/796	S:106/8971	D:0.0849056603773585	D:0.956895325685029	D:-0.139298617258602	D:0.605688600620003	D:0.999999999737144	D:0.938932697350849	S:RPA1/PSMD7/POLE3/PSMA5/MCM7/CCNE1/RFC5/PRIM1/PCNA	D:9	S:Synthesis of dna	S:FALSE	N:	N:	N:	N:	N:	N:	N:	N:	N:	N:	N:	N:	N:
S:REACTOME_TGF_BETA_RECEPTOR_SIGNALING_ACTIVATES_SMADS	S:REACTOME_TGF_BETA_RECEPTOR_SIGNALING_ACTIVATES_SMADS	S:4/796	S:47/8971	D:0.0851063829787234	D:0.959157489575537	D:-0.0875972457991291	D:0.60982651507001	D:0.999999999737144	D:0.938932697350849	S:SMAD3/SMAD2/STRAP/TGFB2	D:4	S:Tgf beta receptor signaling activates smads	S:FALSE	N:	N:	N:	N:	N:	N:	N:	N:	N:	N:	N:	N:	N:
S:REACTOME_SIGNALING_BY_BRAF_AND_RAF1_FUSIONS	S:REACTOME_SIGNALING_BY_BRAF_AND_RAF1_FUSIONS	S:5/796	S:59/8971	D:0.0847457627118644	D:0.955093262924793	D:-0.107983846138564	D:0.610018404560224	D:0.999999999737144	D:0.938932697350849	S:KRAS/AP3B1/TRIM24/FXR1/CAMK2D	D:5	S:Signaling by braf and raf1 fusions	S:FALSE	N:	N:	N:	N:	N:	N:	N:	N:	N:	N:	N:	N:	N:
S:REACTOME_G_ALPHA_Q_SIGNALLING_EVENTS	S:REACTOME_G_ALPHA_Q_SIGNALLING_EVENTS	S:14/796	S:165/8971	D:0.0848484848484849	D:0.956250951728339	D:-0.176982414606914	D:0.610816324462211	D:0.999999999737144	D:0.938932697350849	S:PRKCE/RGS5/RASGRP2/KRAS/ITPR1/RASGRP1/P2RY10/PRKCH/GPR39/DGKH/PRKCQ/PRKCA/HTR2B/LPAR1	D:14	S:G alpha q signalling events	S:FALSE	N:	N:	N:	N:	N:	N:	N:	N:	N:	N:	N:	N:	N:
S:REACTOME_CONSTITUTIVE_SIGNALING_BY_ABERRANT_PI3K_IN_CANCER	S:REACTOME_CONSTITUTIVE_SIGNALING_BY_ABERRANT_PI3K_IN_CANCER	S:6/796	S:71/8971	D:0.0845070422535211	D:0.952402859367259	D:-0.125638837489655	D:0.611196820110732	D:0.999999999737144	D:0.938932697350849	S:MET/KIT/EGF/IRS1/CD19/PTPN11	D:6	S:Constitutive signaling by aberrant pi3k in cancer	S:FALSE	N:	N:	N:	N:	N:	N:	N:	N:	N:	N:	N:	N:	N:
S:REACTOME_TP53_REGULATES_METABOLIC_GENES	S:REACTOME_TP53_REGULATES_METABOLIC_GENES	S:6/796	S:71/8971	D:0.0845070422535211	D:0.952402859367259	D:-0.125638837489655	D:0.611196820110732	D:0.999999999737144	D:0.938932697350849	S:RRAGC/GLS/GLS2/TNRC6C/SESN1/PRKAB2	D:6	S:Tp53 regulates metabolic genes	S:FALSE	N:	N:	N:	N:	N:	N:	N:	N:	N:	N:	N:	N:	N:
S:REACTOME_TRANSCRIPTIONAL_REGULATION_BY_RUNX3	S:REACTOME_TRANSCRIPTIONAL_REGULATION_BY_RUNX3	S:7/796	S:83/8971	D:0.0843373493975904	D:0.950490403826361	D:-0.141395400364136	D:0.612916223584141	D:0.999999999737144	D:0.938932697350849	S:KRAS/PSMD7/SMAD3/PSMA5/LEF1/CBFB/RORC	D:7	S:Transcriptional regulation by runx3	S:FALSE	N:	N:	N:	N:	N:	N:	N:	N:	N:	N:	N:	N:	N:
S:REACTOME_ACTIVATED_TAK1_MEDIATES_P38_MAPK_ACTIVATION	S:REACTOME_ACTIVATED_TAK1_MEDIATES_P38_MAPK_ACTIVATION	S:2/796	S:23/8971	D:0.0869565217391304	D:0.980008739348918	D:-0.0299536662623356	D:0.618079528827794	D:0.999999999737144	D:0.938932697350849	S:TAB2/TRAF6	D:2	S:Activated tak1 mediates p38 mapk activation	S:FALSE	N:	N:	N:	N:	N:	N:	N:	N:	N:	N:	N:	N:	N:
S:REACTOME_CHOLESTEROL_BIOSYNTHESIS	S:REACTOME_CHOLESTEROL_BIOSYNTHESIS	S:2/796	S:23/8971	D:0.0869565217391304	D:0.980008739348918	D:-0.0299536662623356	D:0.618079528827794	D:0.999999999737144	D:0.938932697350849	S:LBR/HMGCR	D:2	S:Cholesterol biosynthesis	S:FALSE	N:	N:	N:	N:	N:	N:	N:	N:	N:	N:	N:	N:	N:
S:REACTOME_EPHA_MEDIATED_GROWTH_CONE_COLLAPSE	S:REACTOME_EPHA_MEDIATED_GROWTH_CONE_COLLAPSE	S:2/796	S:23/8971	D:0.0869565217391304	D:0.980008739348918	D:-0.0299536662623356	D:0.618079528827794	D:0.999999999737144	D:0.938932697350849	S:EPHA4/YES1	D:2	S:Epha mediated growth cone collapse	S:FALSE	N:	N:	N:	N:	N:	N:	N:	N:	N:	N:	N:	N:	N:
S:REACTOME_RHOBTB1_GTPASE_CYCLE	S:REACTOME_RHOBTB1_GTPASE_CYCLE	S:2/796	S:23/8971	D:0.0869565217391304	D:0.980008739348918	D:-0.0299536662623356	D:0.618079528827794	D:0.999999999737144	D:0.938932697350849	S:SRRM1/RBBP6	D:2	S:Rhobtb1 gtpase cycle	S:FALSE	N:	N:	N:	N:	N:	N:	N:	N:	N:	N:	N:	N:	N:
S:REACTOME_SIGNALING_BY_EGFR_IN_CANCER	S:REACTOME_SIGNALING_BY_EGFR_IN_CANCER	S:2/796	S:23/8971	D:0.0869565217391304	D:0.980008739348918	D:-0.0299536662623356	D:0.618079528827794	D:0.999999999737144	D:0.938932697350849	S:KRAS/EGF	D:2	S:Signaling by egfr in cancer	S:FALSE	N:	N:	N:	N:	N:	N:	N:	N:	N:	N:	N:	N:	N:
S:REACTOME_TELOMERE_EXTENSION_BY_TELOMERASE	S:REACTOME_TELOMERE_EXTENSION_BY_TELOMERASE	S:2/796	S:23/8971	D:0.0869565217391304	D:0.980008739348918	D:-0.0299536662623356	D:0.618079528827794	D:0.999999999737144	D:0.938932697350849	S:GAR1/TERF1	D:2	S:Telomere extension by telomerase	S:FALSE	N:	N:	N:	N:	N:	N:	N:	N:	N:	N:	N:	N:	N:
S:REACTOME_SIGNALING_BY_WNT	S:REACTOME_SIGNALING_BY_WNT	S:20/796	S:236/8971	D:0.0847457627118644	D:0.955093262924793	D:-0.218144828583393	D:0.620514311298422	D:0.999999999737144	D:0.938932697350849	S:DAAM1/FZD7/KRAS/ITPR1/USP34/HDAC1/PSMD7/FZD6/TNRC6C/PSMA5/TNKS/WNT1/CDC73/FZD3/LEF1/PPP2CB/VPS35/USP8/PRKCB/PRKCA	D:20	S:Signaling by wnt	S:FALSE	N:	N:	N:	N:	N:	N:	N:	N:	N:	N:	N:	N:	N:
S:REACTOME_MAPK_FAMILY_SIGNALING_CASCADES	S:REACTOME_MAPK_FAMILY_SIGNALING_CASCADES	S:23/796	S:271/8971	D:0.0848708487084871	D:0.956502994678188	D:-0.226878452658434	D:0.621752158071136	D:0.999999999737144	D:0.938932697350849	S:ANGPT1/RASA2/TEK/KRAS/JUN/RASGRP1/PSMD7/FOXO1/MET/KIT/TNRC6C/PSMA5/EGF/RAPGEF2/PPP2CB/LYPLA1/IRS1/NCOA3/DLG1/PRKCQ/PTK2/PTPN11/CAMK2D	D:23	S:Mapk family signaling cascades	S:FALSE	N:	N:	N:	N:	N:	N:	N:	N:	N:	N:	N:	N:	N:
S:REACTOME_SIGNALING_BY_NOTCH1	S:REACTOME_SIGNALING_BY_NOTCH1	S:6/796	S:72/8971	D:0.0833333333333333	D:0.939175041876047	D:-0.161691182862951	D:0.625043460253354	D:0.999999999737144	D:0.938932697350849	S:ITCH/HDAC1/DTX4/DTX1/HDAC2/HDAC9	D:6	S:Signaling by notch1	S:FALSE	N:	N:	N:	N:	N:	N:	N:	N:	N:	N:	N:	N:	N:
S:REACTOME_ACTIVATION_OF_THE_MRNA_UPON_BINDING_OF_THE_CAP_BINDING_COMPLEX_AND_EIFS_AND_SUBSEQUENT_BINDING_TO_43S	S:REACTOME_ACTIVATION_OF_THE_MRNA_UPON_BINDING_OF_THE_CAP_BINDING_COMPLEX_AND_EIFS_AND_SUBSEQUENT_BINDING_TO_43S	S:5/796	S:60/8971	D:0.0833333333333333	D:0.939175041876047	D:-0.147503761931097	D:0.625168575066152	D:0.999999999737144	D:0.938932697350849	S:RPS28/PABPC1/EIF3M/EIF3A/EIF3H	D:5	S:Activation of the mrna upon binding of the cap binding complex and eifs and subsequent binding to 43s	S:FALSE	N:	N:	N:	N:	N:	N:	N:	N:	N:	N:	N:	N:	N:
S:REACTOME_REGULATION_OF_PD_L1_CD274_POST_TRANSLATIONAL_MODIFICATION	S:REACTOME_REGULATION_OF_PD_L1_CD274_POST_TRANSLATIONAL_MODIFICATION	S:7/796	S:84/8971	D:0.0833333333333333	D:0.939175041876047	D:-0.174764309850874	D:0.625740739124557	D:0.999999999737144	D:0.938932697350849	S:PSMD7/B3GNT3/SEL1L/PSMA5/PRKAB2/ERLIN2/DAD1	D:7	S:Regulation of pd l1 cd274 post translational modification	S:FALSE	N:	N:	N:	N:	N:	N:	N:	N:	N:	N:	N:	N:	N:
S:REACTOME_DEVELOPMENTAL_CELL_LINEAGES_OF_THE_INTEGUMENTARY_SYSTEM	S:REACTOME_DEVELOPMENTAL_CELL_LINEAGES_OF_THE_INTEGUMENTARY_SYSTEM	S:4/796	S:48/8971	D:0.0833333333333333	D:0.939175041876047	D:-0.131842632358255	D:0.626721197600304	D:0.999999999737144	D:0.938932697350849	S:ITGA6/KIT/EGF/AQP3	D:4	S:Developmental cell lineages of the integumentary system	S:FALSE	N:	N:	N:	N:	N:	N:	N:	N:	N:	N:	N:	N:	N:
S:REACTOME_HEDGEHOG_LIGAND_BIOGENESIS	S:REACTOME_HEDGEHOG_LIGAND_BIOGENESIS	S:4/796	S:48/8971	D:0.0833333333333333	D:0.939175041876047	D:-0.131842632358255	D:0.626721197600304	D:0.999999999737144	D:0.938932697350849	S:PSMD7/SEL1L/PSMA5/SYVN1	D:4	S:Hedgehog ligand biogenesis	S:FALSE	N:	N:	N:	N:	N:	N:	N:	N:	N:	N:	N:	N:	N:
S:REACTOME_KEAP1_NFE2L2_PATHWAY	S:REACTOME_KEAP1_NFE2L2_PATHWAY	S:9/796	S:108/8971	D:0.0833333333333333	D:0.939175041876047	D:-0.19843222240132	D:0.628470166520458	D:0.999999999737144	D:0.938932697350849	S:CHD6/PSMD7/NFE2L2/PSMA5/EGF/BRCA1/ME1/EIF2AK3/SESN1	D:9	S:Keap1 nfe2l2 pathway	S:FALSE	N:	N:	N:	N:	N:	N:	N:	N:	N:	N:	N:	N:	N:
S:REACTOME_FCGR3A_MEDIATED_IL10_SYNTHESIS	S:REACTOME_FCGR3A_MEDIATED_IL10_SYNTHESIS	S:3/796	S:36/8971	D:0.0833333333333333	D:0.939175041876047	D:-0.11410237003346	D:0.631014960941467	D:0.999999999737144	D:0.938932697350849	S:ITPR1/IGLV6-57/YES1	D:3	S:Fcgr3a mediated il10 synthesis	S:FALSE	N:	N:	N:	N:	N:	N:	N:	N:	N:	N:	N:	N:	N:
S:REACTOME_NOD1_2_SIGNALING_PATHWAY	S:REACTOME_NOD1_2_SIGNALING_PATHWAY	S:3/796	S:36/8971	D:0.0833333333333333	D:0.939175041876047	D:-0.11410237003346	D:0.631014960941467	D:0.999999999737144	D:0.938932697350849	S:ITCH/TAB2/TRAF6	D:3	S:Nod1 2 signaling pathway	S:FALSE	N:	N:	N:	N:	N:	N:	N:	N:	N:	N:	N:	N:	N:
S:REACTOME_CDC42_GTPASE_CYCLE	S:REACTOME_CDC42_GTPASE_CYCLE	S:12/796	S:144/8971	D:0.0833333333333333	D:0.939175041876047	D:-0.229596559607541	D:0.63407214900336	D:0.999999999737144	D:0.938932697350849	S:LBR/DAAM1/DOCK10/TAGAP/CDC42SE2/FMNL3/DOCK9/ARHGEF4/KTN1/ARHGAP17/SH3PXD2A/ARAP2	D:12	S:Cdc42 gtpase cycle	S:FALSE	N:	N:	N:	N:	N:	N:	N:	N:	N:	N:	N:	N:	N:
S:REACTOME_CLEC7A_DECTIN_1_SIGNALING	S:REACTOME_CLEC7A_DECTIN_1_SIGNALING	S:7/796	S:85/8971	D:0.0823529411764706	D:0.928125923736329	D:-0.207748290718724	D:0.638325594928177	D:0.999999999737144	D:0.938932697350849	S:ITPR1/PSMD7/TAB2/PSMA5/NFKBIA/TRAF6/MALT1	D:7	S:Clec7a dectin 1 signaling	S:FALSE	N:	N:	N:	N:	N:	N:	N:	N:	N:	N:	N:	N:	N:
S:REACTOME_APC_C_MEDIATED_DEGRADATION_OF_CELL_CYCLE_PROTEINS	S:REACTOME_APC_C_MEDIATED_DEGRADATION_OF_CELL_CYCLE_PROTEINS	S:6/796	S:73/8971	D:0.0821917808219178	D:0.926309630343498	D:-0.197258097055813	D:0.638602476869324	D:0.999999999737144	D:0.938932697350849	S:PSMD7/BUB3/PSMA5/CCNB1/RB1/FBXO5	D:6	S:Apc c mediated degradation of cell cycle proteins	S:FALSE	N:	N:	N:	N:	N:	N:	N:	N:	N:	N:	N:	N:	N:
S:REACTOME_BIOSYNTHESIS_OF_THE_N_GLYCAN_PRECURSOR_DOLICHOL_LIPID_LINKED_OLIGOSACCHARIDE_LLO_AND_TRANSFER_TO_A_NASCENT_PROTEIN	S:REACTOME_BIOSYNTHESIS_OF_THE_N_GLYCAN_PRECURSOR_DOLICHOL_LIPID_LINKED_OLIGOSACCHARIDE_LLO_AND_TRANSFER_TO_A_NASCENT_PROTEIN	S:6/796	S:73/8971	D:0.0821917808219178	D:0.926309630343498	D:-0.197258097055813	D:0.638602476869324	D:0.999999999737144	D:0.938932697350849	S:GNE/ST6GAL1/SLC17A5/ALG9/GFPT1/MPI	D:6	S:Biosynthesis of the n glycan precursor dolichol lipid linked oligosaccharide llo and transfer to a nascent protein	S:FALSE	N:	N:	N:	N:	N:	N:	N:	N:	N:	N:	N:	N:	N:
S:REACTOME_CYCLIN_A_CDK2_ASSOCIATED_EVENTS_AT_S_PHASE_ENTRY	S:REACTOME_CYCLIN_A_CDK2_ASSOCIATED_EVENTS_AT_S_PHASE_ENTRY	S:6/796	S:73/8971	D:0.0821917808219178	D:0.926309630343498	D:-0.197258097055813	D:0.638602476869324	D:0.999999999737144	D:0.938932697350849	S:PSMD7/PSMA5/CDK7/CCNE1/RB1/RBBP4	D:6	S:Cyclin a cdk2 associated events at s phase entry	S:FALSE	N:	N:	N:	N:	N:	N:	N:	N:	N:	N:	N:	N:	N:
S:REACTOME_REGULATION_OF_LIPID_METABOLISM_BY_PPARALPHA	S:REACTOME_REGULATION_OF_LIPID_METABOLISM_BY_PPARALPHA	S:9/796	S:109/8971	D:0.0825688073394495	D:0.930558757088193	D:-0.227600774937448	D:0.639594261708853	D:0.999999999737144	D:0.938932697350849	S:MED1/RORA/TGS1/HMGCR/MED23/ME1/MED31/NCOA3/MED6	D:9	S:Regulation of lipid metabolism by pparalpha	S:FALSE	N:	N:	N:	N:	N:	N:	N:	N:	N:	N:	N:	N:	N:
S:REACTOME_CYTOSOLIC_SENSORS_OF_PATHOGEN_ASSOCIATED_DNA	S:REACTOME_CYTOSOLIC_SENSORS_OF_PATHOGEN_ASSOCIATED_DNA	S:5/796	S:61/8971	D:0.0819672131147541	D:0.923778729714144	D:-0.186385070613887	D:0.63996001075256	D:0.999999999737144	D:0.938932697350849	S:DTX4/DHX36/NFKBIA/POLR3B/TRIM32	D:5	S:Cytosolic sensors of pathogen associated dna	S:FALSE	N:	N:	N:	N:	N:	N:	N:	N:	N:	N:	N:	N:	N:
S:REACTOME_PEROXISOMAL_PROTEIN_IMPORT	S:REACTOME_PEROXISOMAL_PROTEIN_IMPORT	S:5/796	S:61/8971	D:0.0819672131147541	D:0.923778729714144	D:-0.186385070613887	D:0.63996001075256	D:0.999999999737144	D:0.938932697350849	S:SCP2/PEX12/IDE/PEX1/ZFAND6	D:5	S:Peroxisomal protein import	S:FALSE	N:	N:	N:	N:	N:	N:	N:	N:	N:	N:	N:	N:	N:
S:REACTOME_BIOTIN_TRANSPORT_AND_METABOLISM	S:REACTOME_BIOTIN_TRANSPORT_AND_METABOLISM	S:1/796	S:11/8971	D:0.0909090909090909	D:1.02455459113751	D:0.0254263440649182	D:0.640369529406201	D:0.999999999737144	D:0.938932697350849	S:MCCC1	D:1	S:Biotin transport and metabolism	S:FALSE	N:	N:	N:	N:	N:	N:	N:	N:	N:	N:	N:	N:	N:
S:REACTOME_CLEC7A_DECTIN_1_INDUCES_NFAT_ACTIVATION	S:REACTOME_CLEC7A_DECTIN_1_INDUCES_NFAT_ACTIVATION	S:1/796	S:11/8971	D:0.0909090909090909	D:1.02455459113751	D:0.0254263440649182	D:0.640369529406201	D:0.999999999737144	D:0.938932697350849	S:ITPR1	D:1	S:Clec7a dectin 1 induces nfat activation	S:FALSE	N:	N:	N:	N:	N:	N:	N:	N:	N:	N:	N:	N:	N:
S:REACTOME_CRISTAE_FORMATION	S:REACTOME_CRISTAE_FORMATION	S:1/796	S:11/8971	D:0.0909090909090909	D:1.02455459113751	D:0.0254263440649182	D:0.640369529406201	D:0.999999999737144	D:0.938932697350849	S:HSPA9	D:1	S:Cristae formation	S:FALSE	N:	N:	N:	N:	N:	N:	N:	N:	N:	N:	N:	N:	N:
S:REACTOME_DAG1_GLYCOSYLATIONS	S:REACTOME_DAG1_GLYCOSYLATIONS	S:1/796	S:11/8971	D:0.0909090909090909	D:1.02455459113751	D:0.0254263440649182	D:0.640369529406201	D:0.999999999737144	D:0.938932697350849	S:FKTN	D:1	S:Dag1 glycosylations	S:FALSE	N:	N:	N:	N:	N:	N:	N:	N:	N:	N:	N:	N:	N:
S:REACTOME_DEFENSINS	S:REACTOME_DEFENSINS	S:1/796	S:11/8971	D:0.0909090909090909	D:1.02455459113751	D:0.0254263440649182	D:0.640369529406201	D:0.999999999737144	D:0.938932697350849	S:CCR6	D:1	S:Defensins	S:FALSE	N:	N:	N:	N:	N:	N:	N:	N:	N:	N:	N:	N:	N:
S:REACTOME_ERBB2_REGULATES_CELL_MOTILITY	S:REACTOME_ERBB2_REGULATES_CELL_MOTILITY	S:1/796	S:11/8971	D:0.0909090909090909	D:1.02455459113751	D:0.0254263440649182	D:0.640369529406201	D:0.999999999737144	D:0.938932697350849	S:EGF	D:1	S:Erbb2 regulates cell motility	S:FALSE	N:	N:	N:	N:	N:	N:	N:	N:	N:	N:	N:	N:	N:
S:REACTOME_HDR_THROUGH_MMEJ_ALT_NHEJ	S:REACTOME_HDR_THROUGH_MMEJ_ALT_NHEJ	S:1/796	S:11/8971	D:0.0909090909090909	D:1.02455459113751	D:0.0254263440649182	D:0.640369529406201	D:0.999999999737144	D:0.938932697350849	S:PARP1	D:1	S:Hdr through mmej alt nhej	S:FALSE	N:	N:	N:	N:	N:	N:	N:	N:	N:	N:	N:	N:	N:
S:REACTOME_INTERLEUKIN_27_SIGNALING	S:REACTOME_INTERLEUKIN_27_SIGNALING	S:1/796	S:11/8971	D:0.0909090909090909	D:1.02455459113751	D:0.0254263440649182	D:0.640369529406201	D:0.999999999737144	D:0.938932697350849	S:CANX	D:1	S:Interleukin 27 signaling	S:FALSE	N:	N:	N:	N:	N:	N:	N:	N:	N:	N:	N:	N:	N:
S:REACTOME_INTERLEUKIN_6_SIGNALING	S:REACTOME_INTERLEUKIN_6_SIGNALING	S:1/796	S:11/8971	D:0.0909090909090909	D:1.02455459113751	D:0.0254263440649182	D:0.640369529406201	D:0.999999999737144	D:0.938932697350849	S:PTPN11	D:1	S:Interleukin 6 signaling	S:FALSE	N:	N:	N:	N:	N:	N:	N:	N:	N:	N:	N:	N:	N:
S:REACTOME_IRF3_MEDIATED_INDUCTION_OF_TYPE_I_IFN	S:REACTOME_IRF3_MEDIATED_INDUCTION_OF_TYPE_I_IFN	S:1/796	S:11/8971	D:0.0909090909090909	D:1.02455459113751	D:0.0254263440649182	D:0.640369529406201	D:0.999999999737144	D:0.938932697350849	S:DTX4	D:1	S:Irf3 mediated induction of type i ifn	S:FALSE	N:	N:	N:	N:	N:	N:	N:	N:	N:	N:	N:	N:	N:
S:REACTOME_MET_ACTIVATES_RAP1_AND_RAC1	S:REACTOME_MET_ACTIVATES_RAP1_AND_RAC1	S:1/796	S:11/8971	D:0.0909090909090909	D:1.02455459113751	D:0.0254263440649182	D:0.640369529406201	D:0.999999999737144	D:0.938932697350849	S:MET	D:1	S:Met activates rap1 and rac1	S:FALSE	N:	N:	N:	N:	N:	N:	N:	N:	N:	N:	N:	N:	N:
S:REACTOME_PEXOPHAGY	S:REACTOME_PEXOPHAGY	S:1/796	S:11/8971	D:0.0909090909090909	D:1.02455459113751	D:0.0254263440649182	D:0.640369529406201	D:0.999999999737144	D:0.938932697350849	S:NBR1	D:1	S:Pexophagy	S:FALSE	N:	N:	N:	N:	N:	N:	N:	N:	N:	N:	N:	N:	N:
S:REACTOME_REGULATED_PROTEOLYSIS_OF_P75NTR	S:REACTOME_REGULATED_PROTEOLYSIS_OF_P75NTR	S:1/796	S:11/8971	D:0.0909090909090909	D:1.02455459113751	D:0.0254263440649182	D:0.640369529406201	D:0.999999999737144	D:0.938932697350849	S:TRAF6	D:1	S:Regulated proteolysis of p75ntr	S:FALSE	N:	N:	N:	N:	N:	N:	N:	N:	N:	N:	N:	N:	N:
S:REACTOME_REGULATION_OF_GLYCOLYSIS_BY_FRUCTOSE_2_6_BISPHOSPHATE_METABOLISM	S:REACTOME_REGULATION_OF_GLYCOLYSIS_BY_FRUCTOSE_2_6_BISPHOSPHATE_METABOLISM	S:1/796	S:11/8971	D:0.0909090909090909	D:1.02455459113751	D:0.0254263440649182	D:0.640369529406201	D:0.999999999737144	D:0.938932697350849	S:PPP2CB	D:1	S:Regulation of glycolysis by fructose 2 6 bisphosphate metabolism	S:FALSE	N:	N:	N:	N:	N:	N:	N:	N:	N:	N:	N:	N:	N:
S:REACTOME_REGULATION_OF_LOCALIZATION_OF_FOXO_TRANSCRIPTION_FACTORS	S:REACTOME_REGULATION_OF_LOCALIZATION_OF_FOXO_TRANSCRIPTION_FACTORS	S:1/796	S:11/8971	D:0.0909090909090909	D:1.02455459113751	D:0.0254263440649182	D:0.640369529406201	D:0.999999999737144	D:0.938932697350849	S:FOXO1	D:1	S:Regulation of localization of foxo transcription factors	S:FALSE	N:	N:	N:	N:	N:	N:	N:	N:	N:	N:	N:	N:	N:
S:REACTOME_RHO_GTPASES_ACTIVATE_KTN1	S:REACTOME_RHO_GTPASES_ACTIVATE_KTN1	S:1/796	S:11/8971	D:0.0909090909090909	D:1.02455459113751	D:0.0254263440649182	D:0.640369529406201	D:0.999999999737144	D:0.938932697350849	S:KTN1	D:1	S:Rho gtpases activate ktn1	S:FALSE	N:	N:	N:	N:	N:	N:	N:	N:	N:	N:	N:	N:	N:
S:REACTOME_SARS_COV_2_MODULATES_AUTOPHAGY	S:REACTOME_SARS_COV_2_MODULATES_AUTOPHAGY	S:1/796	S:11/8971	D:0.0909090909090909	D:1.02455459113751	D:0.0254263440649182	D:0.640369529406201	D:0.999999999737144	D:0.938932697350849	S:VPS41	D:1	S:Sars cov 2 modulates autophagy	S:FALSE	N:	N:	N:	N:	N:	N:	N:	N:	N:	N:	N:	N:	N:
S:REACTOME_SHC1_EVENTS_IN_ERBB4_SIGNALING	S:REACTOME_SHC1_EVENTS_IN_ERBB4_SIGNALING	S:1/796	S:11/8971	D:0.0909090909090909	D:1.02455459113751	D:0.0254263440649182	D:0.640369529406201	D:0.999999999737144	D:0.938932697350849	S:KRAS	D:1	S:Shc1 events in erbb4 signaling	S:FALSE	N:	N:	N:	N:	N:	N:	N:	N:	N:	N:	N:	N:	N:
S:REACTOME_SIGNALING_BY_FGFR4_IN_DISEASE	S:REACTOME_SIGNALING_BY_FGFR4_IN_DISEASE	S:1/796	S:11/8971	D:0.0909090909090909	D:1.02455459113751	D:0.0254263440649182	D:0.640369529406201	D:0.999999999737144	D:0.938932697350849	S:KRAS	D:1	S:Signaling by fgfr4 in disease	S:FALSE	N:	N:	N:	N:	N:	N:	N:	N:	N:	N:	N:	N:	N:
S:REACTOME_SYNTHESIS_OF_PE	S:REACTOME_SYNTHESIS_OF_PE	S:1/796	S:11/8971	D:0.0909090909090909	D:1.02455459113751	D:0.0254263440649182	D:0.640369529406201	D:0.999999999737144	D:0.938932697350849	S:LPIN1	D:1	S:Synthesis of pe	S:FALSE	N:	N:	N:	N:	N:	N:	N:	N:	N:	N:	N:	N:	N:
S:REACTOME_TRIGLYCERIDE_BIOSYNTHESIS	S:REACTOME_TRIGLYCERIDE_BIOSYNTHESIS	S:1/796	S:11/8971	D:0.0909090909090909	D:1.02455459113751	D:0.0254263440649182	D:0.640369529406201	D:0.999999999737144	D:0.938932697350849	S:LPIN1	D:1	S:Triglyceride biosynthesis	S:FALSE	N:	N:	N:	N:	N:	N:	N:	N:	N:	N:	N:	N:	N:
S:REACTOME_UPTAKE_AND_FUNCTION_OF_ANTHRAX_TOXINS	S:REACTOME_UPTAKE_AND_FUNCTION_OF_ANTHRAX_TOXINS	S:1/796	S:11/8971	D:0.0909090909090909	D:1.02455459113751	D:0.0254263440649182	D:0.640369529406201	D:0.999999999737144	D:0.938932697350849	S:MAP2K4	D:1	S:Uptake and function of anthrax toxins	S:FALSE	N:	N:	N:	N:	N:	N:	N:	N:	N:	N:	N:	N:	N:
S:REACTOME_UREA_CYCLE	S:REACTOME_UREA_CYCLE	S:1/796	S:11/8971	D:0.0909090909090909	D:1.02455459113751	D:0.0254263440649182	D:0.640369529406201	D:0.999999999737144	D:0.938932697350849	S:SIRT5	D:1	S:Urea cycle	S:FALSE	N:	N:	N:	N:	N:	N:	N:	N:	N:	N:	N:	N:	N:
S:REACTOME_DOWNREGULATION_OF_ERBB2_SIGNALING	S:REACTOME_DOWNREGULATION_OF_ERBB2_SIGNALING	S:2/796	S:24/8971	D:0.0833333333333333	D:0.939175041876047	D:-0.0931016966591256	D:0.641556860836427	D:0.999999999737144	D:0.938932697350849	S:EGF/USP8	D:2	S:Downregulation of erbb2 signaling	S:FALSE	N:	N:	N:	N:	N:	N:	N:	N:	N:	N:	N:	N:	N:
S:REACTOME_ASYMMETRIC_LOCALIZATION_OF_PCP_PROTEINS	S:REACTOME_ASYMMETRIC_LOCALIZATION_OF_PCP_PROTEINS	S:4/796	S:49/8971	D:0.0816326530612245	D:0.92000820428674	D:-0.175194816102369	D:0.643142659877275	D:0.999999999737144	D:0.938932697350849	S:FZD7/PSMD7/PSMA5/FZD3	D:4	S:Asymmetric localization of pcp proteins	S:FALSE	N:	N:	N:	N:	N:	N:	N:	N:	N:	N:	N:	N:	N:
S:REACTOME_SIGNALING_BY_PTK6	S:REACTOME_SIGNALING_BY_PTK6	S:4/796	S:49/8971	D:0.0816326530612245	D:0.92000820428674	D:-0.175194816102369	D:0.643142659877275	D:0.999999999737144	D:0.938932697350849	S:KHDRBS1/KRAS/CCNE1/EGF	D:4	S:Signaling by ptk6	S:FALSE	N:	N:	N:	N:	N:	N:	N:	N:	N:	N:	N:	N:	N:
S:REACTOME_PLATELET_ACTIVATION_SIGNALING_AND_AGGREGATION	S:REACTOME_PLATELET_ACTIVATION_SIGNALING_AND_AGGREGATION	S:20/796	S:239/8971	D:0.0836820083682008	D:0.943104644561721	D:-0.278181200230953	D:0.643423291190042	D:0.999999999737144	D:0.938932697350849	S:PRKCE/RASGRP2/PHACTR2/SERPINF2/ITPR1/RASGRP1/SPP2/PRKCH/VEGFC/EGF/ITIH3/BRPF3/TGFB2/CDC37L1/PRKCB/DGKH/PRKCQ/PTK2/PRKCA/PTPN11	D:20	S:Platelet activation signaling and aggregation	S:FALSE	N:	N:	N:	N:	N:	N:	N:	N:	N:	N:	N:	N:	N:
S:REACTOME_COOPERATION_OF_PDCL_PHLP1_AND_TRIC_CCT_IN_G_PROTEIN_BETA_FOLDING	S:REACTOME_COOPERATION_OF_PDCL_PHLP1_AND_TRIC_CCT_IN_G_PROTEIN_BETA_FOLDING	S:3/796	S:37/8971	D:0.0810810810810811	D:0.913791932636154	D:-0.163958777599799	D:0.649737087656441	D:0.999999999737144	D:0.938932697350849	S:CCT5/TCP1/CCT4	D:3	S:Cooperation of pdcl phlp1 and tric cct in g protein beta folding	S:FALSE	N:	N:	N:	N:	N:	N:	N:	N:	N:	N:	N:	N:	N:
S:REACTOME_OVARIAN_TUMOR_DOMAIN_PROTEASES	S:REACTOME_OVARIAN_TUMOR_DOMAIN_PROTEASES	S:3/796	S:37/8971	D:0.0810810810810811	D:0.913791932636154	D:-0.163958777599799	D:0.649737087656441	D:0.999999999737144	D:0.938932697350849	S:TRIM4/OTUD3/TRAF6	D:3	S:Ovarian tumor domain proteases	S:FALSE	N:	N:	N:	N:	N:	N:	N:	N:	N:	N:	N:	N:	N:
S:REACTOME_REGULATION_OF_TP53_EXPRESSION_AND_DEGRADATION	S:REACTOME_REGULATION_OF_TP53_EXPRESSION_AND_DEGRADATION	S:3/796	S:37/8971	D:0.0810810810810811	D:0.913791932636154	D:-0.163958777599799	D:0.649737087656441	D:0.999999999737144	D:0.938932697350849	S:PPP2CB/USP7/SGK1	D:3	S:Regulation of tp53 expression and degradation	S:FALSE	N:	N:	N:	N:	N:	N:	N:	N:	N:	N:	N:	N:	N:
S:REACTOME_RHOV_GTPASE_CYCLE	S:REACTOME_RHOV_GTPASE_CYCLE	S:3/796	S:37/8971	D:0.0810810810810811	D:0.913791932636154	D:-0.163958777599799	D:0.649737087656441	D:0.999999999737144	D:0.938932697350849	S:CEP97/WDR6/MYO9A	D:3	S:Rhov gtpase cycle	S:FALSE	N:	N:	N:	N:	N:	N:	N:	N:	N:	N:	N:	N:	N:
S:REACTOME_RND3_GTPASE_CYCLE	S:REACTOME_RND3_GTPASE_CYCLE	S:3/796	S:37/8971	D:0.0810810810810811	D:0.913791932636154	D:-0.163958777599799	D:0.649737087656441	D:0.999999999737144	D:0.938932697350849	S:WDR6/LEMD3/KTN1	D:3	S:Rnd3 gtpase cycle	S:FALSE	N:	N:	N:	N:	N:	N:	N:	N:	N:	N:	N:	N:	N:
S:REACTOME_TNFR2_NON_CANONICAL_NF_KB_PATHWAY	S:REACTOME_TNFR2_NON_CANONICAL_NF_KB_PATHWAY	S:7/796	S:86/8971	D:0.0813953488372093	D:0.917333761832418	D:-0.240357434160914	D:0.650663968308237	D:0.999999999737144	D:0.938932697350849	S:PSMD7/TNFSF4/PSMA5/CD40LG/TNFSF15/EDAR/TNFRSF25	D:7	S:Tnfr2 non canonical nf kb pathway	S:FALSE	N:	N:	N:	N:	N:	N:	N:	N:	N:	N:	N:	N:	N:
S:REACTOME_SIGNALING_BY_MET	S:REACTOME_SIGNALING_BY_MET	S:6/796	S:74/8971	D:0.0810810810810811	D:0.913791932636154	D:-0.232354371872001	D:0.651866139871464	D:0.999999999737144	D:0.938932697350849	S:LAMA2/KRAS/MET/USP8/PTK2/PTPN11	D:6	S:Signaling by met	S:FALSE	N:	N:	N:	N:	N:	N:	N:	N:	N:	N:	N:	N:	N:
S:REACTOME_RHOB_GTPASE_CYCLE	S:REACTOME_RHOB_GTPASE_CYCLE	S:5/796	S:62/8971	D:0.0806451612903226	D:0.908879072783271	D:-0.224651007349777	D:0.654384157968608	D:0.999999999737144	D:0.938932697350849	S:DAAM1/PKN2/MYO9A/ARHGEF3/RTKN	D:5	S:Rhob gtpase cycle	S:FALSE	N:	N:	N:	N:	N:	N:	N:	N:	N:	N:	N:	N:	N:
S:REACTOME_MATURATION_OF_DENV_PROTEINS	S:REACTOME_MATURATION_OF_DENV_PROTEINS	S:4/796	S:50/8971	D:0.08	D:0.901608040201005	D:-0.217694129786144	D:0.659082295968025	D:0.999999999737144	D:0.938932697350849	S:SPCS2/CANX/KPNA4/DAD1	D:4	S:Maturation of denv proteins	S:FALSE	N:	N:	N:	N:	N:	N:	N:	N:	N:	N:	N:	N:	N:
S:REACTOME_SRP_DEPENDENT_COTRANSLATIONAL_PROTEIN_TARGETING_TO_MEMBRANE	S:REACTOME_SRP_DEPENDENT_COTRANSLATIONAL_PROTEIN_TARGETING_TO_MEMBRANE	S:9/796	S:111/8971	D:0.0810810810810811	D:0.913791932636154	D:-0.285168408742766	D:0.661282610725604	D:0.999999999737144	D:0.938932697350849	S:RPS28/TRAM1/SPCS2/RPL19/RPL38/RPL18/SRPRB/SRP72/RPLP2	D:9	S:Srp dependent cotranslational protein targeting to membrane	S:FALSE	N:	N:	N:	N:	N:	N:	N:	N:	N:	N:	N:	N:	N:
S:REACTOME_TOLL_LIKE_RECEPTOR_TLR1_TLR2_CASCADE	S:REACTOME_TOLL_LIKE_RECEPTOR_TLR1_TLR2_CASCADE	S:9/796	S:111/8971	D:0.0810810810810811	D:0.913791932636154	D:-0.285168408742766	D:0.661282610725604	D:0.999999999737144	D:0.938932697350849	S:RPS6KA5/IKBIP/JUN/TAB2/MAP2K4/NFKBIA/PPP2CB/TRAF6/USP14	D:9	S:Toll like receptor tlr1 tlr2 cascade	S:FALSE	N:	N:	N:	N:	N:	N:	N:	N:	N:	N:	N:	N:	N:
S:REACTOME_GASTRULATION	S:REACTOME_GASTRULATION	S:7/796	S:87/8971	D:0.0804597701149425	D:0.906789695604459	D:-0.272601444207958	D:0.66274988065504	D:0.999999999737144	D:0.938932697350849	S:PSMD7/SMAD3/EPHA4/PSMA5/SMAD2/LEF1/CXCR4	D:7	S:Gastrulation	S:FALSE	N:	N:	N:	N:	N:	N:	N:	N:	N:	N:	N:	N:	N:
S:REACTOME_HIV_ELONGATION_ARREST_AND_RECOVERY	S:REACTOME_HIV_ELONGATION_ARREST_AND_RECOVERY	S:2/796	S:25/8971	D:0.08	D:0.901608040201005	D:-0.153717758573826	D:0.663880867954642	D:0.999999999737144	D:0.938932697350849	S:SSRP1/SUPT16H	D:2	S:Hiv elongation arrest and recovery	S:FALSE	N:	N:	N:	N:	N:	N:	N:	N:	N:	N:	N:	N:	N:
S:REACTOME_SULFUR_AMINO_ACID_METABOLISM	S:REACTOME_SULFUR_AMINO_ACID_METABOLISM	S:2/796	S:25/8971	D:0.08	D:0.901608040201005	D:-0.153717758573826	D:0.663880867954642	D:0.999999999737144	D:0.938932697350849	S:MTR/ENOPH1	D:2	S:Sulfur amino acid metabolism	S:FALSE	N:	N:	N:	N:	N:	N:	N:	N:	N:	N:	N:	N:	N:
S:REACTOME_TRANSCRIPTIONAL_REGULATION_BY_NPAS4	S:REACTOME_TRANSCRIPTIONAL_REGULATION_BY_NPAS4	S:2/796	S:25/8971	D:0.08	D:0.901608040201005	D:-0.153717758573826	D:0.663880867954642	D:0.999999999737144	D:0.938932697350849	S:REST/TNRC6C	D:2	S:Transcriptional regulation by npas4	S:FALSE	N:	N:	N:	N:	N:	N:	N:	N:	N:	N:	N:	N:	N:
S:REACTOME_REGULATION_OF_T_CELL_ACTIVATION_BY_CD28_FAMILY	S:REACTOME_REGULATION_OF_T_CELL_ACTIVATION_BY_CD28_FAMILY	S:16/796	S:195/8971	D:0.082051282051282	D:0.924726195077954	D:-0.331605513124874	D:0.667077769435315	D:0.999999999737144	D:0.938932697350849	S:JUN/PSMD7/B3GNT3/SEL1L/THEM4/NFE2L2/TNRC6C/PSMA5/LEF1/PPP2CB/RBBP4/PTPN11/YES1/PRKAB2/ERLIN2/DAD1	D:16	S:Regulation of t cell activation by cd28 family	S:FALSE	N:	N:	N:	N:	N:	N:	N:	N:	N:	N:	N:	N:	N:
S:REACTOME_DNA_DAMAGE_RECOGNITION_IN_GG_NER	S:REACTOME_DNA_DAMAGE_RECOGNITION_IN_GG_NER	S:3/796	S:38/8971	D:0.0789473684210526	D:0.88974477651415	D:-0.212520671725035	D:0.667772275358973	D:0.999999999737144	D:0.938932697350849	S:PARP1/YY1/ACTL6A	D:3	S:Dna damage recognition in gg ner	S:FALSE	N:	N:	N:	N:	N:	N:	N:	N:	N:	N:	N:	N:	N:
S:REACTOME_FLT3_SIGNALING	S:REACTOME_FLT3_SIGNALING	S:3/796	S:38/8971	D:0.0789473684210526	D:0.88974477651415	D:-0.212520671725035	D:0.667772275358973	D:0.999999999737144	D:0.938932697350849	S:KRAS/ABL2/PTPN11	D:3	S:Flt3 signaling	S:FALSE	N:	N:	N:	N:	N:	N:	N:	N:	N:	N:	N:	N:	N:
S:REACTOME_MET_PROMOTES_CELL_MOTILITY	S:REACTOME_MET_PROMOTES_CELL_MOTILITY	S:3/796	S:38/8971	D:0.0789473684210526	D:0.88974477651415	D:-0.212520671725035	D:0.667772275358973	D:0.999999999737144	D:0.938932697350849	S:LAMA2/MET/PTK2	D:3	S:Met promotes cell motility	S:FALSE	N:	N:	N:	N:	N:	N:	N:	N:	N:	N:	N:	N:	N:
S:REACTOME_RND1_GTPASE_CYCLE	S:REACTOME_RND1_GTPASE_CYCLE	S:3/796	S:38/8971	D:0.0789473684210526	D:0.88974477651415	D:-0.212520671725035	D:0.667772275358973	D:0.999999999737144	D:0.938932697350849	S:WDR6/LEMD3/KIDINS220	D:3	S:Rnd1 gtpase cycle	S:FALSE	N:	N:	N:	N:	N:	N:	N:	N:	N:	N:	N:	N:	N:
S:REACTOME_ACETYLCHOLINE_NEUROTRANSMITTER_RELEASE_CYCLE	S:REACTOME_ACETYLCHOLINE_NEUROTRANSMITTER_RELEASE_CYCLE	S:1/796	S:12/8971	D:0.0833333333333333	D:0.939175041876047	D:-0.0657887368615507	D:0.672318843534847	D:0.999999999737144	D:0.938932697350849	S:UNC13B	D:1	S:Acetylcholine neurotransmitter release cycle	S:FALSE	N:	N:	N:	N:	N:	N:	N:	N:	N:	N:	N:	N:	N:
S:REACTOME_ASSEMBLY_OF_ACTIVE_LPL_AND_LIPC_LIPASE_COMPLEXES	S:REACTOME_ASSEMBLY_OF_ACTIVE_LPL_AND_LIPC_LIPASE_COMPLEXES	S:1/796	S:12/8971	D:0.0833333333333333	D:0.939175041876047	D:-0.0657887368615507	D:0.672318843534847	D:0.999999999737144	D:0.938932697350849	S:PCSK5	D:1	S:Assembly of active lpl and lipc lipase complexes	S:FALSE	N:	N:	N:	N:	N:	N:	N:	N:	N:	N:	N:	N:	N:
S:REACTOME_CASPASE_MEDIATED_CLEAVAGE_OF_CYTOSKELETAL_PROTEINS	S:REACTOME_CASPASE_MEDIATED_CLEAVAGE_OF_CYTOSKELETAL_PROTEINS	S:1/796	S:12/8971	D:0.0833333333333333	D:0.939175041876047	D:-0.0657887368615507	D:0.672318843534847	D:0.999999999737144	D:0.938932697350849	S:GAS2	D:1	S:Caspase mediated cleavage of cytoskeletal proteins	S:FALSE	N:	N:	N:	N:	N:	N:	N:	N:	N:	N:	N:	N:	N:
S:REACTOME_CREATION_OF_C4_AND_C2_ACTIVATORS	S:REACTOME_CREATION_OF_C4_AND_C2_ACTIVATORS	S:1/796	S:12/8971	D:0.0833333333333333	D:0.939175041876047	D:-0.0657887368615507	D:0.672318843534847	D:0.999999999737144	D:0.938932697350849	S:IGLV6-57	D:1	S:Creation of c4 and c2 activators	S:FALSE	N:	N:	N:	N:	N:	N:	N:	N:	N:	N:	N:	N:	N:
S:REACTOME_DEVELOPMENTAL_LINEAGE_OF_MAMMARY_STEM_CELLS	S:REACTOME_DEVELOPMENTAL_LINEAGE_OF_MAMMARY_STEM_CELLS	S:1/796	S:12/8971	D:0.0833333333333333	D:0.939175041876047	D:-0.0657887368615507	D:0.672318843534847	D:0.999999999737144	D:0.938932697350849	S:ITGA6	D:1	S:Developmental lineage of mammary stem cells	S:FALSE	N:	N:	N:	N:	N:	N:	N:	N:	N:	N:	N:	N:	N:
S:REACTOME_FATTY_ACIDS	S:REACTOME_FATTY_ACIDS	S:1/796	S:12/8971	D:0.0833333333333333	D:0.939175041876047	D:-0.0657887368615507	D:0.672318843534847	D:0.999999999737144	D:0.938932697350849	S:CYP2J2	D:1	S:Fatty acids	S:FALSE	N:	N:	N:	N:	N:	N:	N:	N:	N:	N:	N:	N:	N:
S:REACTOME_GRB2_SOS_PROVIDES_LINKAGE_TO_MAPK_SIGNALING_FOR_INTEGRINS	S:REACTOME_GRB2_SOS_PROVIDES_LINKAGE_TO_MAPK_SIGNALING_FOR_INTEGRINS	S:1/796	S:12/8971	D:0.0833333333333333	D:0.939175041876047	D:-0.0657887368615507	D:0.672318843534847	D:0.999999999737144	D:0.938932697350849	S:PTK2	D:1	S:Grb2 sos provides linkage to mapk signaling for integrins	S:FALSE	N:	N:	N:	N:	N:	N:	N:	N:	N:	N:	N:	N:	N:
S:REACTOME_INTERLEUKIN_35_SIGNALLING	S:REACTOME_INTERLEUKIN_35_SIGNALLING	S:1/796	S:12/8971	D:0.0833333333333333	D:0.939175041876047	D:-0.0657887368615507	D:0.672318843534847	D:0.999999999737144	D:0.938932697350849	S:CANX	D:1	S:Interleukin 35 signalling	S:FALSE	N:	N:	N:	N:	N:	N:	N:	N:	N:	N:	N:	N:	N:
S:REACTOME_LANOSTEROL_BIOSYNTHESIS	S:REACTOME_LANOSTEROL_BIOSYNTHESIS	S:1/796	S:12/8971	D:0.0833333333333333	D:0.939175041876047	D:-0.0657887368615507	D:0.672318843534847	D:0.999999999737144	D:0.938932697350849	S:HMGCR	D:1	S:Lanosterol biosynthesis	S:FALSE	N:	N:	N:	N:	N:	N:	N:	N:	N:	N:	N:	N:	N:
S:REACTOME_MITOCHONDRIAL_IRON_SULFUR_CLUSTER_BIOGENESIS	S:REACTOME_MITOCHONDRIAL_IRON_SULFUR_CLUSTER_BIOGENESIS	S:1/796	S:12/8971	D:0.0833333333333333	D:0.939175041876047	D:-0.0657887368615507	D:0.672318843534847	D:0.999999999737144	D:0.938932697350849	S:ISCU	D:1	S:Mitochondrial iron sulfur cluster biogenesis	S:FALSE	N:	N:	N:	N:	N:	N:	N:	N:	N:	N:	N:	N:	N:
S:REACTOME_NF_KB_ACTIVATION_THROUGH_FADD_RIP_1_PATHWAY_MEDIATED_BY_CASPASE_8_AND_10	S:REACTOME_NF_KB_ACTIVATION_THROUGH_FADD_RIP_1_PATHWAY_MEDIATED_BY_CASPASE_8_AND_10	S:1/796	S:12/8971	D:0.0833333333333333	D:0.939175041876047	D:-0.0657887368615507	D:0.672318843534847	D:0.999999999737144	D:0.938932697350849	S:TRIM4	D:1	S:Nf kb activation through fadd rip 1 pathway mediated by caspase 8 and 10	S:FALSE	N:	N:	N:	N:	N:	N:	N:	N:	N:	N:	N:	N:	N:
S:REACTOME_P130CAS_LINKAGE_TO_MAPK_SIGNALING_FOR_INTEGRINS	S:REACTOME_P130CAS_LINKAGE_TO_MAPK_SIGNALING_FOR_INTEGRINS	S:1/796	S:12/8971	D:0.0833333333333333	D:0.939175041876047	D:-0.0657887368615507	D:0.672318843534847	D:0.999999999737144	D:0.938932697350849	S:PTK2	D:1	S:P130cas linkage to mapk signaling for integrins	S:FALSE	N:	N:	N:	N:	N:	N:	N:	N:	N:	N:	N:	N:	N:
S:REACTOME_P75NTR_RECRUITS_SIGNALLING_COMPLEXES	S:REACTOME_P75NTR_RECRUITS_SIGNALLING_COMPLEXES	S:1/796	S:12/8971	D:0.0833333333333333	D:0.939175041876047	D:-0.0657887368615507	D:0.672318843534847	D:0.999999999737144	D:0.938932697350849	S:TRAF6	D:1	S:P75ntr recruits signalling complexes	S:FALSE	N:	N:	N:	N:	N:	N:	N:	N:	N:	N:	N:	N:	N:
S:REACTOME_PI3K_EVENTS_IN_ERBB2_SIGNALING	S:REACTOME_PI3K_EVENTS_IN_ERBB2_SIGNALING	S:1/796	S:12/8971	D:0.0833333333333333	D:0.939175041876047	D:-0.0657887368615507	D:0.672318843534847	D:0.999999999737144	D:0.938932697350849	S:EGF	D:1	S:Pi3k events in erbb2 signaling	S:FALSE	N:	N:	N:	N:	N:	N:	N:	N:	N:	N:	N:	N:	N:
S:REACTOME_PROTEIN_METHYLATION	S:REACTOME_PROTEIN_METHYLATION	S:1/796	S:12/8971	D:0.0833333333333333	D:0.939175041876047	D:-0.0657887368615507	D:0.672318843534847	D:0.999999999737144	D:0.938932697350849	S:HSPA8	D:1	S:Protein methylation	S:FALSE	N:	N:	N:	N:	N:	N:	N:	N:	N:	N:	N:	N:	N:
S:REACTOME_RECEPTOR_TYPE_TYROSINE_PROTEIN_PHOSPHATASES	S:REACTOME_RECEPTOR_TYPE_TYROSINE_PROTEIN_PHOSPHATASES	S:1/796	S:12/8971	D:0.0833333333333333	D:0.939175041876047	D:-0.0657887368615507	D:0.672318843534847	D:0.999999999737144	D:0.938932697350849	S:PPFIBP1	D:1	S:Receptor type tyrosine protein phosphatases	S:FALSE	N:	N:	N:	N:	N:	N:	N:	N:	N:	N:	N:	N:	N:
S:REACTOME_REGULATION_OF_GENE_EXPRESSION_IN_BETA_CELLS	S:REACTOME_REGULATION_OF_GENE_EXPRESSION_IN_BETA_CELLS	S:1/796	S:12/8971	D:0.0833333333333333	D:0.939175041876047	D:-0.0657887368615507	D:0.672318843534847	D:0.999999999737144	D:0.938932697350849	S:FOXO1	D:1	S:Regulation of gene expression in beta cells	S:FALSE	N:	N:	N:	N:	N:	N:	N:	N:	N:	N:	N:	N:	N:
S:REACTOME_SIGNALING_BY_PDGFRA_TRANSMEMBRANE_JUXTAMEMBRANE_AND_KINASE_DOMAIN_MUTANTS	S:REACTOME_SIGNALING_BY_PDGFRA_TRANSMEMBRANE_JUXTAMEMBRANE_AND_KINASE_DOMAIN_MUTANTS	S:1/796	S:12/8971	D:0.0833333333333333	D:0.939175041876047	D:-0.0657887368615507	D:0.672318843534847	D:0.999999999737144	D:0.938932697350849	S:KRAS	D:1	S:Signaling by pdgfra transmembrane juxtamembrane and kinase domain mutants	S:FALSE	N:	N:	N:	N:	N:	N:	N:	N:	N:	N:	N:	N:	N:
S:REACTOME_SLC_MEDIATED_TRANSPORT_OF_ORGANIC_CATIONS	S:REACTOME_SLC_MEDIATED_TRANSPORT_OF_ORGANIC_CATIONS	S:1/796	S:12/8971	D:0.0833333333333333	D:0.939175041876047	D:-0.0657887368615507	D:0.672318843534847	D:0.999999999737144	D:0.938932697350849	S:SLC22A5	D:1	S:Slc mediated transport of organic cations	S:FALSE	N:	N:	N:	N:	N:	N:	N:	N:	N:	N:	N:	N:	N:
S:REACTOME_THE_CRY_PER_KINASE_COMPLEX_REPRESSES_TRANSACTIVATION_BY_THE_BMAL_CLOCK_ARNTL_CLOCK_COMPLEX	S:REACTOME_THE_CRY_PER_KINASE_COMPLEX_REPRESSES_TRANSACTIVATION_BY_THE_BMAL_CLOCK_ARNTL_CLOCK_COMPLEX	S:1/796	S:12/8971	D:0.0833333333333333	D:0.939175041876047	D:-0.0657887368615507	D:0.672318843534847	D:0.999999999737144	D:0.938932697350849	S:RORA	D:1	S:The cry per kinase complex represses transactivation by the bmal clock arntl clock complex	S:FALSE	N:	N:	N:	N:	N:	N:	N:	N:	N:	N:	N:	N:	N:
S:REACTOME_TP53_REGULATES_TRANSCRIPTION_OF_DEATH_RECEPTORS_AND_LIGANDS	S:REACTOME_TP53_REGULATES_TRANSCRIPTION_OF_DEATH_RECEPTORS_AND_LIGANDS	S:1/796	S:12/8971	D:0.0833333333333333	D:0.939175041876047	D:-0.0657887368615507	D:0.672318843534847	D:0.999999999737144	D:0.938932697350849	S:PPP1R13B	D:1	S:Tp53 regulates transcription of death receptors and ligands	S:FALSE	N:	N:	N:	N:	N:	N:	N:	N:	N:	N:	N:	N:	N:
S:REACTOME_UNWINDING_OF_DNA	S:REACTOME_UNWINDING_OF_DNA	S:1/796	S:12/8971	D:0.0833333333333333	D:0.939175041876047	D:-0.0657887368615507	D:0.672318843534847	D:0.999999999737144	D:0.938932697350849	S:MCM7	D:1	S:Unwinding of dna	S:FALSE	N:	N:	N:	N:	N:	N:	N:	N:	N:	N:	N:	N:	N:
S:REACTOME_INTERLEUKIN_1_SIGNALING	S:REACTOME_INTERLEUKIN_1_SIGNALING	S:8/796	S:100/8971	D:0.08	D:0.901608040201005	D:-0.308732390858692	D:0.672812655217705	D:0.999999999737144	D:0.938932697350849	S:IKBIP/PSMD7/TAB2/MAP2K4/PSMA5/NFKBIA/TRAF6/USP14	D:8	S:Interleukin 1 signaling	S:FALSE	N:	N:	N:	N:	N:	N:	N:	N:	N:	N:	N:	N:	N:
S:REACTOME_CYTOPROTECTION_BY_HMOX1	S:REACTOME_CYTOPROTECTION_BY_HMOX1	S:4/796	S:51/8971	D:0.0784313725490196	D:0.883929451177456	D:-0.259378260597918	D:0.674533920008564	D:0.999999999737144	D:0.938932697350849	S:TXNIP/MED1/TGS1/NFE2L2	D:4	S:Cytoprotection by hmox1	S:FALSE	N:	N:	N:	N:	N:	N:	N:	N:	N:	N:	N:	N:	N:
S:REACTOME_NONSENSE_MEDIATED_DECAY_NMD	S:REACTOME_NONSENSE_MEDIATED_DECAY_NMD	S:9/796	S:113/8971	D:0.079646017699115	D:0.897618624093921	D:-0.341744253256599	D:0.682195118610344	D:0.999999999737144	D:0.938932697350849	S:DCP1A/ETF1/RPS28/PABPC1/NCBP1/RPL19/RPL38/RPL18/RPLP2	D:9	S:Nonsense mediated decay nmd	S:FALSE	N:	N:	N:	N:	N:	N:	N:	N:	N:	N:	N:	N:	N:
S:REACTOME_ATTENUATION_PHASE	S:REACTOME_ATTENUATION_PHASE	S:2/796	S:26/8971	D:0.0769230769230769	D:0.866930807885582	D:-0.212022961551056	D:0.685071123612162	D:0.999999999737144	D:0.938932697350849	S:HSPA8/HSPH1	D:2	S:Attenuation phase	S:FALSE	N:	N:	N:	N:	N:	N:	N:	N:	N:	N:	N:	N:	N:
S:REACTOME_ENERGY_DEPENDENT_REGULATION_OF_MTOR_BY_LKB1_AMPK	S:REACTOME_ENERGY_DEPENDENT_REGULATION_OF_MTOR_BY_LKB1_AMPK	S:2/796	S:26/8971	D:0.0769230769230769	D:0.866930807885582	D:-0.212022961551056	D:0.685071123612162	D:0.999999999737144	D:0.938932697350849	S:RRAGC/PRKAB2	D:2	S:Energy dependent regulation of mtor by lkb1 ampk	S:FALSE	N:	N:	N:	N:	N:	N:	N:	N:	N:	N:	N:	N:	N:
S:REACTOME_PURINERGIC_SIGNALING_IN_LEISHMANIASIS_INFECTION	S:REACTOME_PURINERGIC_SIGNALING_IN_LEISHMANIASIS_INFECTION	S:2/796	S:26/8971	D:0.0769230769230769	D:0.866930807885582	D:-0.212022961551056	D:0.685071123612162	D:0.999999999737144	D:0.938932697350849	S:TXNIP/NT5E	D:2	S:Purinergic signaling in leishmaniasis infection	S:FALSE	N:	N:	N:	N:	N:	N:	N:	N:	N:	N:	N:	N:	N:
S:REACTOME_SPHINGOLIPID_DE_NOVO_BIOSYNTHESIS	S:REACTOME_SPHINGOLIPID_DE_NOVO_BIOSYNTHESIS	S:2/796	S:26/8971	D:0.0769230769230769	D:0.866930807885582	D:-0.212022961551056	D:0.685071123612162	D:0.999999999737144	D:0.938932697350849	S:PRKD3/KDSR	D:2	S:Sphingolipid de novo biosynthesis	S:FALSE	N:	N:	N:	N:	N:	N:	N:	N:	N:	N:	N:	N:	N:
S:REACTOME_ACTIVATION_OF_GENE_EXPRESSION_BY_SREBF_SREBP	S:REACTOME_ACTIVATION_OF_GENE_EXPRESSION_BY_SREBF_SREBP	S:3/796	S:39/8971	D:0.0769230769230769	D:0.866930807885582	D:-0.259862936200965	D:0.685119453301393	D:0.999999999737144	D:0.938932697350849	S:MED1/TGS1/HMGCR	D:3	S:Activation of gene expression by srebf srebp	S:FALSE	N:	N:	N:	N:	N:	N:	N:	N:	N:	N:	N:	N:	N:
S:REACTOME_REGULATION_OF_APOPTOSIS	S:REACTOME_REGULATION_OF_APOPTOSIS	S:3/796	S:39/8971	D:0.0769230769230769	D:0.866930807885582	D:-0.259862936200965	D:0.685119453301393	D:0.999999999737144	D:0.938932697350849	S:OMA1/PSMD7/PSMA5	D:3	S:Regulation of apoptosis	S:FALSE	N:	N:	N:	N:	N:	N:	N:	N:	N:	N:	N:	N:	N:
S:REACTOME_ION_CHANNEL_TRANSPORT	S:REACTOME_ION_CHANNEL_TRANSPORT	S:12/796	S:150/8971	D:0.08	D:0.901608040201005	D:-0.379188540735413	D:0.689778435469198	D:0.999999999737144	D:0.938932697350849	S:ATP2C1/WWP1/ATP6V1E2/ATP10D/ATP6V0A2/ATP10A/ATP11C/OSTM1/ATP6V1A/SGK1/TRPM3/CAMK2D	D:12	S:Ion channel transport	S:FALSE	N:	N:	N:	N:	N:	N:	N:	N:	N:	N:	N:	N:	N:
S:REACTOME_TCR_SIGNALING	S:REACTOME_TCR_SIGNALING	S:8/796	S:102/8971	D:0.0784313725490196	D:0.883929451177456	D:-0.367869406028969	D:0.694412598574021	D:0.999999999737144	D:0.938932697350849	S:PSMD7/TAB2/PSMA5/NFKBIA/TRAF6/PAG1/PRKCQ/MALT1	D:8	S:Tcr signaling	S:FALSE	N:	N:	N:	N:	N:	N:	N:	N:	N:	N:	N:	N:	N:
S:REACTOME_METABOLISM_OF_AMINO_ACIDS_AND_DERIVATIVES	S:REACTOME_METABOLISM_OF_AMINO_ACIDS_AND_DERIVATIVES	S:26/796	S:317/8971	D:0.082018927444795	D:0.924361555411125	D:-0.427831394271576	D:0.694824280798246	D:0.999999999737144	D:0.938932697350849	S:ALDH18A1/MTR/SECISBP2/GLS/PSMD7/NAT8L/SLC45A2/MCCC1/AMD1/RPS28/GLS2/PSMA5/ACADSB/GLDC/AASS/RPL19/RPL38/RPL18/PPM1K/GATM/SHMT1/SEPSECS/ENOPH1/RIMKLB/SIRT5/RPLP2	D:26	S:Metabolism of amino acids and derivatives	S:FALSE	N:	N:	N:	N:	N:	N:	N:	N:	N:	N:	N:	N:	N:
S:REACTOME_METABOLISM_OF_CARBOHYDRATES_AND_CARBOHYDRATE_DERIVATIVES	S:REACTOME_METABOLISM_OF_CARBOHYDRATES_AND_CARBOHYDRATE_DERIVATIVES	S:21/796	S:258/8971	D:0.0813953488372093	D:0.917333761832418	D:-0.420400327464412	D:0.695127951822397	D:0.999999999737144	D:0.938932697350849	S:NUP107/NUP153/XYLT1/TPR/GBE1/NUP160/SEH1L/RANBP2/B3GNT3/NUP50/EPM2A/SLC17A5/NUP62/EXTL2/NUP133/PPP2CB/HS3ST3B1/PHKB/PFKM/NUP205/SLC35B3	D:21	S:Metabolism of carbohydrates and carbohydrate derivatives	S:FALSE	N:	N:	N:	N:	N:	N:	N:	N:	N:	N:	N:	N:	N:
S:REACTOME_SIGNALING_BY_FGFR2	S:REACTOME_SIGNALING_BY_FGFR2	S:5/796	S:65/8971	D:0.0769230769230769	D:0.866930807885582	D:-0.335970950364736	D:0.695391072545836	D:0.999999999737144	D:0.938932697350849	S:KRAS/SPRY2/NCBP1/PPP2CB/PTPN11	D:5	S:Signaling by fgfr2	S:FALSE	N:	N:	N:	N:	N:	N:	N:	N:	N:	N:	N:	N:	N:
S:REACTOME_PROTEIN_FOLDING	S:REACTOME_PROTEIN_FOLDING	S:7/796	S:90/8971	D:0.0777777777777778	D:0.876563372417644	D:-0.367234303677852	D:0.697445159422505	D:0.999999999737144	D:0.938932697350849	S:CCT5/TCP1/FBXL3/CCT4/NOP56/CCNE1/AP3M1	D:7	S:Protein folding	S:FALSE	N:	N:	N:	N:	N:	N:	N:	N:	N:	N:	N:	N:	N:
S:REACTOME_ALPHA_LINOLENIC_OMEGA3_AND_LINOLEIC_OMEGA6_ACID_METABOLISM	S:REACTOME_ALPHA_LINOLENIC_OMEGA3_AND_LINOLEIC_OMEGA6_ACID_METABOLISM	S:1/796	S:13/8971	D:0.0769230769230769	D:0.866930807885582	D:-0.149814049087731	D:0.701433052770951	D:0.999999999737144	D:0.938932697350849	S:SCP2	D:1	S:Alpha linolenic omega3 and linoleic omega6 acid metabolism	S:FALSE	N:	N:	N:	N:	N:	N:	N:	N:	N:	N:	N:	N:	N:
S:REACTOME_DISSOLUTION_OF_FIBRIN_CLOT	S:REACTOME_DISSOLUTION_OF_FIBRIN_CLOT	S:1/796	S:13/8971	D:0.0769230769230769	D:0.866930807885582	D:-0.149814049087731	D:0.701433052770951	D:0.999999999737144	D:0.938932697350849	S:SERPINF2	D:1	S:Dissolution of fibrin clot	S:FALSE	N:	N:	N:	N:	N:	N:	N:	N:	N:	N:	N:	N:	N:
S:REACTOME_DOWNREGULATION_OF_ERBB2_ERBB3_SIGNALING	S:REACTOME_DOWNREGULATION_OF_ERBB2_ERBB3_SIGNALING	S:1/796	S:13/8971	D:0.0769230769230769	D:0.866930807885582	D:-0.149814049087731	D:0.701433052770951	D:0.999999999737144	D:0.938932697350849	S:USP8	D:1	S:Downregulation of erbb2 erbb3 signaling	S:FALSE	N:	N:	N:	N:	N:	N:	N:	N:	N:	N:	N:	N:	N:
S:REACTOME_ERKS_ARE_INACTIVATED	S:REACTOME_ERKS_ARE_INACTIVATED	S:1/796	S:13/8971	D:0.0769230769230769	D:0.866930807885582	D:-0.149814049087731	D:0.701433052770951	D:0.999999999737144	D:0.938932697350849	S:PPP2CB	D:1	S:Erks are inactivated	S:FALSE	N:	N:	N:	N:	N:	N:	N:	N:	N:	N:	N:	N:	N:
S:REACTOME_HYALURONAN_DEGRADATION	S:REACTOME_HYALURONAN_DEGRADATION	S:1/796	S:13/8971	D:0.0769230769230769	D:0.866930807885582	D:-0.149814049087731	D:0.701433052770951	D:0.999999999737144	D:0.938932697350849	S:SLC17A5	D:1	S:Hyaluronan degradation	S:FALSE	N:	N:	N:	N:	N:	N:	N:	N:	N:	N:	N:	N:	N:
S:REACTOME_INCRETIN_SYNTHESIS_SECRETION_AND_INACTIVATION	S:REACTOME_INCRETIN_SYNTHESIS_SECRETION_AND_INACTIVATION	S:1/796	S:13/8971	D:0.0769230769230769	D:0.866930807885582	D:-0.149814049087731	D:0.701433052770951	D:0.999999999737144	D:0.938932697350849	S:SPCS2	D:1	S:Incretin synthesis secretion and inactivation	S:FALSE	N:	N:	N:	N:	N:	N:	N:	N:	N:	N:	N:	N:	N:
S:REACTOME_LOSS_OF_FUNCTION_OF_MECP2_IN_RETT_SYNDROME	S:REACTOME_LOSS_OF_FUNCTION_OF_MECP2_IN_RETT_SYNDROME	S:1/796	S:13/8971	D:0.0769230769230769	D:0.866930807885582	D:-0.149814049087731	D:0.701433052770951	D:0.999999999737144	D:0.938932697350849	S:HDAC1	D:1	S:Loss of function of mecp2 in rett syndrome	S:FALSE	N:	N:	N:	N:	N:	N:	N:	N:	N:	N:	N:	N:	N:
S:REACTOME_P38MAPK_EVENTS	S:REACTOME_P38MAPK_EVENTS	S:1/796	S:13/8971	D:0.0769230769230769	D:0.866930807885582	D:-0.149814049087731	D:0.701433052770951	D:0.999999999737144	D:0.938932697350849	S:KRAS	D:1	S:P38mapk events	S:FALSE	N:	N:	N:	N:	N:	N:	N:	N:	N:	N:	N:	N:	N:
S:REACTOME_PROLACTIN_RECEPTOR_SIGNALING	S:REACTOME_PROLACTIN_RECEPTOR_SIGNALING	S:1/796	S:13/8971	D:0.0769230769230769	D:0.866930807885582	D:-0.149814049087731	D:0.701433052770951	D:0.999999999737144	D:0.938932697350849	S:PTPN11	D:1	S:Prolactin receptor signaling	S:FALSE	N:	N:	N:	N:	N:	N:	N:	N:	N:	N:	N:	N:	N:
S:REACTOME_PROLONGED_ERK_ACTIVATION_EVENTS	S:REACTOME_PROLONGED_ERK_ACTIVATION_EVENTS	S:1/796	S:13/8971	D:0.0769230769230769	D:0.866930807885582	D:-0.149814049087731	D:0.701433052770951	D:0.999999999737144	D:0.938932697350849	S:KIDINS220	D:1	S:Prolonged erk activation events	S:FALSE	N:	N:	N:	N:	N:	N:	N:	N:	N:	N:	N:	N:	N:
S:REACTOME_PTK6_REGULATES_RHO_GTPASES_RAS_GTPASE_AND_MAP_KINASES	S:REACTOME_PTK6_REGULATES_RHO_GTPASES_RAS_GTPASE_AND_MAP_KINASES	S:1/796	S:13/8971	D:0.0769230769230769	D:0.866930807885582	D:-0.149814049087731	D:0.701433052770951	D:0.999999999737144	D:0.938932697350849	S:KRAS	D:1	S:Ptk6 regulates rho gtpases ras gtpase and map kinases	S:FALSE	N:	N:	N:	N:	N:	N:	N:	N:	N:	N:	N:	N:	N:
S:REACTOME_REGULATION_OF_TP53_ACTIVITY_THROUGH_ASSOCIATION_WITH_CO_FACTORS	S:REACTOME_REGULATION_OF_TP53_ACTIVITY_THROUGH_ASSOCIATION_WITH_CO_FACTORS	S:1/796	S:13/8971	D:0.0769230769230769	D:0.866930807885582	D:-0.149814049087731	D:0.701433052770951	D:0.999999999737144	D:0.938932697350849	S:PPP1R13B	D:1	S:Regulation of tp53 activity through association with co factors	S:FALSE	N:	N:	N:	N:	N:	N:	N:	N:	N:	N:	N:	N:	N:
S:REACTOME_SCAVENGING_OF_HEME_FROM_PLASMA	S:REACTOME_SCAVENGING_OF_HEME_FROM_PLASMA	S:1/796	S:13/8971	D:0.0769230769230769	D:0.866930807885582	D:-0.149814049087731	D:0.701433052770951	D:0.999999999737144	D:0.938932697350849	S:IGLV6-57	D:1	S:Scavenging of heme from plasma	S:FALSE	N:	N:	N:	N:	N:	N:	N:	N:	N:	N:	N:	N:	N:
S:REACTOME_STING_MEDIATED_INDUCTION_OF_HOST_IMMUNE_RESPONSES	S:REACTOME_STING_MEDIATED_INDUCTION_OF_HOST_IMMUNE_RESPONSES	S:1/796	S:13/8971	D:0.0769230769230769	D:0.866930807885582	D:-0.149814049087731	D:0.701433052770951	D:0.999999999737144	D:0.938932697350849	S:DTX4	D:1	S:Sting mediated induction of host immune responses	S:FALSE	N:	N:	N:	N:	N:	N:	N:	N:	N:	N:	N:	N:	N:
S:REACTOME_SYNTHESIS_OF_PROSTAGLANDINS_PG_AND_THROMBOXANES_TX	S:REACTOME_SYNTHESIS_OF_PROSTAGLANDINS_PG_AND_THROMBOXANES_TX	S:1/796	S:13/8971	D:0.0769230769230769	D:0.866930807885582	D:-0.149814049087731	D:0.701433052770951	D:0.999999999737144	D:0.938932697350849	S:CBR1	D:1	S:Synthesis of prostaglandins pg and thromboxanes tx	S:FALSE	N:	N:	N:	N:	N:	N:	N:	N:	N:	N:	N:	N:	N:
S:REACTOME_SYNTHESIS_SECRETION_AND_INACTIVATION_OF_GLUCAGON_LIKE_PEPTIDE_1_GLP_1	S:REACTOME_SYNTHESIS_SECRETION_AND_INACTIVATION_OF_GLUCAGON_LIKE_PEPTIDE_1_GLP_1	S:1/796	S:13/8971	D:0.0769230769230769	D:0.866930807885582	D:-0.149814049087731	D:0.701433052770951	D:0.999999999737144	D:0.938932697350849	S:SPCS2	D:1	S:Synthesis secretion and inactivation of glucagon like peptide 1 glp 1	S:FALSE	N:	N:	N:	N:	N:	N:	N:	N:	N:	N:	N:	N:	N:
S:REACTOME_TRAF6_MEDIATED_IRF7_ACTIVATION_IN_TLR7_8_OR_9_SIGNALING	S:REACTOME_TRAF6_MEDIATED_IRF7_ACTIVATION_IN_TLR7_8_OR_9_SIGNALING	S:1/796	S:13/8971	D:0.0769230769230769	D:0.866930807885582	D:-0.149814049087731	D:0.701433052770951	D:0.999999999737144	D:0.938932697350849	S:TRAF6	D:1	S:Traf6 mediated irf7 activation in tlr7 8 or 9 signaling	S:FALSE	N:	N:	N:	N:	N:	N:	N:	N:	N:	N:	N:	N:	N:
S:REACTOME_FORMATION_OF_PARAXIAL_MESODERM	S:REACTOME_FORMATION_OF_PARAXIAL_MESODERM	S:4/796	S:53/8971	D:0.0754716981132075	D:0.850573622831137	D:-0.340439812507087	D:0.703959413657786	D:0.999999999737144	D:0.938932697350849	S:PSMD7/EPHA4/PSMA5/LEF1	D:4	S:Formation of paraxial mesoderm	S:FALSE	N:	N:	N:	N:	N:	N:	N:	N:	N:	N:	N:	N:	N:
S:REACTOME_REGULATION_OF_RAS_BY_GAPS	S:REACTOME_REGULATION_OF_RAS_BY_GAPS	S:4/796	S:53/8971	D:0.0754716981132075	D:0.850573622831137	D:-0.340439812507087	D:0.703959413657786	D:0.999999999737144	D:0.938932697350849	S:RASA2/KRAS/PSMD7/PSMA5	D:4	S:Regulation of ras by gaps	S:FALSE	N:	N:	N:	N:	N:	N:	N:	N:	N:	N:	N:	N:	N:
S:REACTOME_CIRCADIAN_CLOCK	S:REACTOME_CIRCADIAN_CLOCK	S:8/796	S:103/8971	D:0.0776699029126214	D:0.875347611845636	D:-0.39702261745286	D:0.704866047161968	D:0.999999999737144	D:0.938932697350849	S:SIRT1/MED1/RORA/PSMD7/TGS1/FBXL3/PSMA5/RORC	D:8	S:Circadian clock	S:FALSE	N:	N:	N:	N:	N:	N:	N:	N:	N:	N:	N:	N:	N:
S:REACTOME_SIGNALING_BY_VEGF	S:REACTOME_SIGNALING_BY_VEGF	S:8/796	S:103/8971	D:0.0776699029126214	D:0.875347611845636	D:-0.39702261745286	D:0.704866047161968	D:0.999999999737144	D:0.938932697350849	S:KRAS/ITPR1/THEM4/ABI2/VEGFC/PRKCB/PTK2/PRKCA	D:8	S:Signaling by vegf	S:FALSE	N:	N:	N:	N:	N:	N:	N:	N:	N:	N:	N:	N:	N:
S:REACTOME_HS_GAG_BIOSYNTHESIS	S:REACTOME_HS_GAG_BIOSYNTHESIS	S:2/796	S:27/8971	D:0.0740740740740741	D:0.834822259445375	D:-0.268210874825539	D:0.70515280553715	D:0.999999999737144	D:0.938932697350849	S:EXTL2/HS3ST3B1	D:2	S:Hs gag biosynthesis	S:FALSE	N:	N:	N:	N:	N:	N:	N:	N:	N:	N:	N:	N:	N:
S:REACTOME_SIGNALING_BY_CSF3_G_CSF	S:REACTOME_SIGNALING_BY_CSF3_G_CSF	S:2/796	S:27/8971	D:0.0740740740740741	D:0.834822259445375	D:-0.268210874825539	D:0.70515280553715	D:0.999999999737144	D:0.938932697350849	S:KRAS/PTPN11	D:2	S:Signaling by csf3 g csf	S:FALSE	N:	N:	N:	N:	N:	N:	N:	N:	N:	N:	N:	N:	N:
S:REACTOME_RIBOSOME_ASSOCIATED_QUALITY_CONTROL	S:REACTOME_RIBOSOME_ASSOCIATED_QUALITY_CONTROL	S:11/796	S:140/8971	D:0.0785714285714286	D:0.885507896625987	D:-0.426033239229725	D:0.708264535456164	D:0.999999999737144	D:0.938932697350849	S:PSMD7/RPS28/PSMA5/RCHY1/RPL19/RPL38/RPL18/NEMF/ASCC3/LTN1/RPLP2	D:11	S:Ribosome associated quality control	S:FALSE	N:	N:	N:	N:	N:	N:	N:	N:	N:	N:	N:	N:	N:
S:REACTOME_DEGRADATION_OF_AXIN	S:REACTOME_DEGRADATION_OF_AXIN	S:3/796	S:41/8971	D:0.0731707317073171	D:0.824641500183846	D:-0.351157456826777	D:0.717762101991733	D:0.999999999737144	D:0.938932697350849	S:PSMD7/PSMA5/TNKS	D:3	S:Degradation of axin	S:FALSE	N:	N:	N:	N:	N:	N:	N:	N:	N:	N:	N:	N:	N:
S:REACTOME_ELASTIC_FIBRE_FORMATION	S:REACTOME_ELASTIC_FIBRE_FORMATION	S:3/796	S:41/8971	D:0.0731707317073171	D:0.824641500183846	D:-0.351157456826777	D:0.717762101991733	D:0.999999999737144	D:0.938932697350849	S:BMP10/TGFB2/FBLN5	D:3	S:Elastic fibre formation	S:FALSE	N:	N:	N:	N:	N:	N:	N:	N:	N:	N:	N:	N:	N:
S:REACTOME_SCF_BETA_TRCP_MEDIATED_DEGRADATION_OF_EMI1	S:REACTOME_SCF_BETA_TRCP_MEDIATED_DEGRADATION_OF_EMI1	S:3/796	S:41/8971	D:0.0731707317073171	D:0.824641500183846	D:-0.351157456826777	D:0.717762101991733	D:0.999999999737144	D:0.938932697350849	S:PSMD7/PSMA5/FBXO5	D:3	S:Scf beta trcp mediated degradation of emi1	S:FALSE	N:	N:	N:	N:	N:	N:	N:	N:	N:	N:	N:	N:	N:
S:REACTOME_REGULATION_OF_RUNX2_EXPRESSION_AND_ACTIVITY	S:REACTOME_REGULATION_OF_RUNX2_EXPRESSION_AND_ACTIVITY	S:4/796	S:54/8971	D:0.0740740740740741	D:0.834822259445375	D:-0.379881279821188	D:0.717931410749794	D:0.999999999737144	D:0.938932697350849	S:WWP1/PSMD7/PSMA5/CBFB	D:4	S:Regulation of runx2 expression and activity	S:FALSE	N:	N:	N:	N:	N:	N:	N:	N:	N:	N:	N:	N:	N:
S:REACTOME_INTERLEUKIN_1_FAMILY_SIGNALING	S:REACTOME_INTERLEUKIN_1_FAMILY_SIGNALING	S:10/796	S:129/8971	D:0.0775193798449612	D:0.87365120174516	D:-0.451023935475744	D:0.718983320652631	D:0.999999999737144	D:0.938932697350849	S:IKBIP/PSMD7/TAB2/SMAD3/MAP2K4/PSMA5/NFKBIA/TRAF6/PTPN11/USP14	D:10	S:Interleukin 1 family signaling	S:FALSE	N:	N:	N:	N:	N:	N:	N:	N:	N:	N:	N:	N:	N:
S:REACTOME_SARS_COV_1_HOST_INTERACTIONS	S:REACTOME_SARS_COV_1_HOST_INTERACTIONS	S:7/796	S:92/8971	D:0.0760869565217391	D:0.857507646930304	D:-0.428659367412018	D:0.719238890763128	D:0.999999999737144	D:0.938932697350849	S:ITCH/SMAD3/RPS28/PPIG/NFKBIA/TRAF6/NPM1	D:7	S:Sars cov 1 host interactions	S:FALSE	N:	N:	N:	N:	N:	N:	N:	N:	N:	N:	N:	N:	N:
S:REACTOME_NEDDYLATION	S:REACTOME_NEDDYLATION	S:17/796	S:214/8971	D:0.0794392523364486	D:0.895288357676232	D:-0.48376345552209	D:0.72067430653773	D:0.999999999737144	D:0.938932697350849	S:DCAF5/FBXO21/TULP4/ASB3/PSMD7/PUM2/NFE2L2/DCAF16/FBXL3/ASB7/PSMA5/BRCA1/ASB8/SOCS5/KLHL25/DCAF13/FBXL16	D:17	S:Neddylation	S:FALSE	N:	N:	N:	N:	N:	N:	N:	N:	N:	N:	N:	N:	N:
S:REACTOME_RNA_POLYMERASE_II_TRANSCRIBES_SNRNA_GENES	S:REACTOME_RNA_POLYMERASE_II_TRANSCRIBES_SNRNA_GENES	S:5/796	S:67/8971	D:0.0746268656716418	D:0.841052276306907	D:-0.407481609719101	D:0.720804522881429	D:0.999999999737144	D:0.938932697350849	S:INTS6/CDK7/NCBP1/SNAPC1/TAF6	D:5	S:Rna polymerase ii transcribes snrna genes	S:FALSE	N:	N:	N:	N:	N:	N:	N:	N:	N:	N:	N:	N:	N:
S:REACTOME_DISASSEMBLY_OF_THE_DESTRUCTION_COMPLEX_AND_RECRUITMENT_OF_AXIN_TO_THE_MEMBRANE	S:REACTOME_DISASSEMBLY_OF_THE_DESTRUCTION_COMPLEX_AND_RECRUITMENT_OF_AXIN_TO_THE_MEMBRANE	S:2/796	S:28/8971	D:0.0714285714285714	D:0.805007178750897	D:-0.32245186853962	D:0.72415554956664	D:0.999999999737144	D:0.938932697350849	S:WNT1/PPP2CB	D:2	S:Disassembly of the destruction complex and recruitment of axin to the membrane	S:FALSE	N:	N:	N:	N:	N:	N:	N:	N:	N:	N:	N:	N:	N:
S:REACTOME_FORMATION_OF_THE_EARLY_ELONGATION_COMPLEX	S:REACTOME_FORMATION_OF_THE_EARLY_ELONGATION_COMPLEX	S:2/796	S:28/8971	D:0.0714285714285714	D:0.805007178750897	D:-0.32245186853962	D:0.72415554956664	D:0.999999999737144	D:0.938932697350849	S:CDK7/NCBP1	D:2	S:Formation of the early elongation complex	S:FALSE	N:	N:	N:	N:	N:	N:	N:	N:	N:	N:	N:	N:	N:
S:REACTOME_ASSEMBLY_OF_THE_HIV_VIRION	S:REACTOME_ASSEMBLY_OF_THE_HIV_VIRION	S:1/796	S:14/8971	D:0.0714285714285714	D:0.805007178750897	D:-0.227829642330848	D:0.727963449064133	D:0.999999999737144	D:0.938932697350849	S:NMT2	D:1	S:Assembly of the hiv virion	S:FALSE	N:	N:	N:	N:	N:	N:	N:	N:	N:	N:	N:	N:	N:
S:REACTOME_ELEVATION_OF_CYTOSOLIC_CA2_LEVELS	S:REACTOME_ELEVATION_OF_CYTOSOLIC_CA2_LEVELS	S:1/796	S:14/8971	D:0.0714285714285714	D:0.805007178750897	D:-0.227829642330848	D:0.727963449064133	D:0.999999999737144	D:0.938932697350849	S:ITPR1	D:1	S:Elevation of cytosolic ca2 levels	S:FALSE	N:	N:	N:	N:	N:	N:	N:	N:	N:	N:	N:	N:	N:
S:REACTOME_ERYTHROPOIETIN_ACTIVATES_RAS	S:REACTOME_ERYTHROPOIETIN_ACTIVATES_RAS	S:1/796	S:14/8971	D:0.0714285714285714	D:0.805007178750897	D:-0.227829642330848	D:0.727963449064133	D:0.999999999737144	D:0.938932697350849	S:KRAS	D:1	S:Erythropoietin activates ras	S:FALSE	N:	N:	N:	N:	N:	N:	N:	N:	N:	N:	N:	N:	N:
S:REACTOME_GLYCOGEN_BREAKDOWN_GLYCOGENOLYSIS	S:REACTOME_GLYCOGEN_BREAKDOWN_GLYCOGENOLYSIS	S:1/796	S:14/8971	D:0.0714285714285714	D:0.805007178750897	D:-0.227829642330848	D:0.727963449064133	D:0.999999999737144	D:0.938932697350849	S:PHKB	D:1	S:Glycogen breakdown glycogenolysis	S:FALSE	N:	N:	N:	N:	N:	N:	N:	N:	N:	N:	N:	N:	N:
S:REACTOME_GOLGI_CISTERNAE_PERICENTRIOLAR_STACK_REORGANIZATION	S:REACTOME_GOLGI_CISTERNAE_PERICENTRIOLAR_STACK_REORGANIZATION	S:1/796	S:14/8971	D:0.0714285714285714	D:0.805007178750897	D:-0.227829642330848	D:0.727963449064133	D:0.999999999737144	D:0.938932697350849	S:CCNB1	D:1	S:Golgi cisternae pericentriolar stack reorganization	S:FALSE	N:	N:	N:	N:	N:	N:	N:	N:	N:	N:	N:	N:	N:
S:REACTOME_INLB_MEDIATED_ENTRY_OF_LISTERIA_MONOCYTOGENES_INTO_HOST_CELL	S:REACTOME_INLB_MEDIATED_ENTRY_OF_LISTERIA_MONOCYTOGENES_INTO_HOST_CELL	S:1/796	S:14/8971	D:0.0714285714285714	D:0.805007178750897	D:-0.227829642330848	D:0.727963449064133	D:0.999999999737144	D:0.938932697350849	S:MET	D:1	S:Inlb mediated entry of listeria monocytogenes into host cell	S:FALSE	N:	N:	N:	N:	N:	N:	N:	N:	N:	N:	N:	N:	N:
S:REACTOME_IRAK1_RECRUITS_IKK_COMPLEX	S:REACTOME_IRAK1_RECRUITS_IKK_COMPLEX	S:1/796	S:14/8971	D:0.0714285714285714	D:0.805007178750897	D:-0.227829642330848	D:0.727963449064133	D:0.999999999737144	D:0.938932697350849	S:TRAF6	D:1	S:Irak1 recruits ikk complex	S:FALSE	N:	N:	N:	N:	N:	N:	N:	N:	N:	N:	N:	N:	N:
S:REACTOME_NUCLEOTIDE_LIKE_PURINERGIC_RECEPTORS	S:REACTOME_NUCLEOTIDE_LIKE_PURINERGIC_RECEPTORS	S:1/796	S:14/8971	D:0.0714285714285714	D:0.805007178750897	D:-0.227829642330848	D:0.727963449064133	D:0.999999999737144	D:0.938932697350849	S:P2RY10	D:1	S:Nucleotide like purinergic receptors	S:FALSE	N:	N:	N:	N:	N:	N:	N:	N:	N:	N:	N:	N:	N:
S:REACTOME_PI_3K_CASCADE_FGFR1	S:REACTOME_PI_3K_CASCADE_FGFR1	S:1/796	S:14/8971	D:0.0714285714285714	D:0.805007178750897	D:-0.227829642330848	D:0.727963449064133	D:0.999999999737144	D:0.938932697350849	S:PTPN11	D:1	S:Pi 3k cascade fgfr1	S:FALSE	N:	N:	N:	N:	N:	N:	N:	N:	N:	N:	N:	N:	N:
S:REACTOME_PI_3K_CASCADE_FGFR3	S:REACTOME_PI_3K_CASCADE_FGFR3	S:1/796	S:14/8971	D:0.0714285714285714	D:0.805007178750897	D:-0.227829642330848	D:0.727963449064133	D:0.999999999737144	D:0.938932697350849	S:PTPN11	D:1	S:Pi 3k cascade fgfr3	S:FALSE	N:	N:	N:	N:	N:	N:	N:	N:	N:	N:	N:	N:	N:
S:REACTOME_PI_3K_CASCADE_FGFR4	S:REACTOME_PI_3K_CASCADE_FGFR4	S:1/796	S:14/8971	D:0.0714285714285714	D:0.805007178750897	D:-0.227829642330848	D:0.727963449064133	D:0.999999999737144	D:0.938932697350849	S:PTPN11	D:1	S:Pi 3k cascade fgfr4	S:FALSE	N:	N:	N:	N:	N:	N:	N:	N:	N:	N:	N:	N:	N:
S:REACTOME_PLASMA_LIPOPROTEIN_ASSEMBLY	S:REACTOME_PLASMA_LIPOPROTEIN_ASSEMBLY	S:1/796	S:14/8971	D:0.0714285714285714	D:0.805007178750897	D:-0.227829642330848	D:0.727963449064133	D:0.999999999737144	D:0.938932697350849	S:SAR1B	D:1	S:Plasma lipoprotein assembly	S:FALSE	N:	N:	N:	N:	N:	N:	N:	N:	N:	N:	N:	N:	N:
S:REACTOME_PURINE_CATABOLISM	S:REACTOME_PURINE_CATABOLISM	S:1/796	S:14/8971	D:0.0714285714285714	D:0.805007178750897	D:-0.227829642330848	D:0.727963449064133	D:0.999999999737144	D:0.938932697350849	S:NT5E	D:1	S:Purine catabolism	S:FALSE	N:	N:	N:	N:	N:	N:	N:	N:	N:	N:	N:	N:	N:
S:REACTOME_REGULATION_OF_IFNG_SIGNALING	S:REACTOME_REGULATION_OF_IFNG_SIGNALING	S:1/796	S:14/8971	D:0.0714285714285714	D:0.805007178750897	D:-0.227829642330848	D:0.727963449064133	D:0.999999999737144	D:0.938932697350849	S:PTPN11	D:1	S:Regulation of ifng signaling	S:FALSE	N:	N:	N:	N:	N:	N:	N:	N:	N:	N:	N:	N:	N:
S:REACTOME_SHC_MEDIATED_CASCADE_FGFR1	S:REACTOME_SHC_MEDIATED_CASCADE_FGFR1	S:1/796	S:14/8971	D:0.0714285714285714	D:0.805007178750897	D:-0.227829642330848	D:0.727963449064133	D:0.999999999737144	D:0.938932697350849	S:KRAS	D:1	S:Shc mediated cascade fgfr1	S:FALSE	N:	N:	N:	N:	N:	N:	N:	N:	N:	N:	N:	N:	N:
S:REACTOME_SHC_MEDIATED_CASCADE_FGFR3	S:REACTOME_SHC_MEDIATED_CASCADE_FGFR3	S:1/796	S:14/8971	D:0.0714285714285714	D:0.805007178750897	D:-0.227829642330848	D:0.727963449064133	D:0.999999999737144	D:0.938932697350849	S:KRAS	D:1	S:Shc mediated cascade fgfr3	S:FALSE	N:	N:	N:	N:	N:	N:	N:	N:	N:	N:	N:	N:	N:
S:REACTOME_SHC_MEDIATED_CASCADE_FGFR4	S:REACTOME_SHC_MEDIATED_CASCADE_FGFR4	S:1/796	S:14/8971	D:0.0714285714285714	D:0.805007178750897	D:-0.227829642330848	D:0.727963449064133	D:0.999999999737144	D:0.938932697350849	S:KRAS	D:1	S:Shc mediated cascade fgfr4	S:FALSE	N:	N:	N:	N:	N:	N:	N:	N:	N:	N:	N:	N:	N:
S:REACTOME_SIGNALING_BY_CTNNB1_PHOSPHO_SITE_MUTANTS	S:REACTOME_SIGNALING_BY_CTNNB1_PHOSPHO_SITE_MUTANTS	S:1/796	S:14/8971	D:0.0714285714285714	D:0.805007178750897	D:-0.227829642330848	D:0.727963449064133	D:0.999999999737144	D:0.938932697350849	S:PPP2CB	D:1	S:Signaling by ctnnb1 phospho site mutants	S:FALSE	N:	N:	N:	N:	N:	N:	N:	N:	N:	N:	N:	N:	N:
S:REACTOME_SYNTHESIS_OF_IP2_IP_AND_INS_IN_THE_CYTOSOL	S:REACTOME_SYNTHESIS_OF_IP2_IP_AND_INS_IN_THE_CYTOSOL	S:1/796	S:14/8971	D:0.0714285714285714	D:0.805007178750897	D:-0.227829642330848	D:0.727963449064133	D:0.999999999737144	D:0.938932697350849	S:INPP4B	D:1	S:Synthesis of ip2 ip and ins in the cytosol	S:FALSE	N:	N:	N:	N:	N:	N:	N:	N:	N:	N:	N:	N:	N:
S:REACTOME_TP53_REGULATES_TRANSCRIPTION_OF_GENES_INVOLVED_IN_G1_CELL_CYCLE_ARREST	S:REACTOME_TP53_REGULATES_TRANSCRIPTION_OF_GENES_INVOLVED_IN_G1_CELL_CYCLE_ARREST	S:1/796	S:14/8971	D:0.0714285714285714	D:0.805007178750897	D:-0.227829642330848	D:0.727963449064133	D:0.999999999737144	D:0.938932697350849	S:CCNE1	D:1	S:Tp53 regulates transcription of genes involved in g1 cell cycle arrest	S:FALSE	N:	N:	N:	N:	N:	N:	N:	N:	N:	N:	N:	N:	N:
S:REACTOME_TP53_REGULATES_TRANSCRIPTION_OF_SEVERAL_ADDITIONAL_CELL_DEATH_GENES_WHOSE_SPECIFIC_ROLES_IN_P53_DEPENDENT_APOPTOSIS_REMAIN_UNCERTAIN	S:REACTOME_TP53_REGULATES_TRANSCRIPTION_OF_SEVERAL_ADDITIONAL_CELL_DEATH_GENES_WHOSE_SPECIFIC_ROLES_IN_P53_DEPENDENT_APOPTOSIS_REMAIN_UNCERTAIN	S:1/796	S:14/8971	D:0.0714285714285714	D:0.805007178750897	D:-0.227829642330848	D:0.727963449064133	D:0.999999999737144	D:0.938932697350849	S:PPP1R13B	D:1	S:Tp53 regulates transcription of several additional cell death genes whose specific roles in p53 dependent apoptosis remain uncertain	S:FALSE	N:	N:	N:	N:	N:	N:	N:	N:	N:	N:	N:	N:	N:
S:REACTOME_TRAF3_DEPENDENT_IRF_ACTIVATION_PATHWAY	S:REACTOME_TRAF3_DEPENDENT_IRF_ACTIVATION_PATHWAY	S:1/796	S:14/8971	D:0.0714285714285714	D:0.805007178750897	D:-0.227829642330848	D:0.727963449064133	D:0.999999999737144	D:0.938932697350849	S:TRIM4	D:1	S:Traf3 dependent irf activation pathway	S:FALSE	N:	N:	N:	N:	N:	N:	N:	N:	N:	N:	N:	N:	N:
S:REACTOME_O_LINKED_GLYCOSYLATION	S:REACTOME_O_LINKED_GLYCOSYLATION	S:7/796	S:93/8971	D:0.0752688172043011	D:0.84828713459772	D:-0.458896969430859	D:0.72972822180324	D:0.999999999737144	D:0.938932697350849	S:FKTN/B3GNT3/ST6GAL1/ADAMTS16/SEMA5B/ADAMTS4/GALNT11	D:7	S:O linked glycosylation	S:FALSE	N:	N:	N:	N:	N:	N:	N:	N:	N:	N:	N:	N:	N:
S:REACTOME_IRON_UPTAKE_AND_TRANSPORT	S:REACTOME_IRON_UPTAKE_AND_TRANSPORT	S:4/796	S:55/8971	D:0.0727272727272727	D:0.819643672910005	D:-0.418635999865302	D:0.731411310839551	D:0.999999999737144	D:0.938932697350849	S:ATP6V1E2/ATP6V0A2/ACO1/ATP6V1A	D:4	S:Iron uptake and transport	S:FALSE	N:	N:	N:	N:	N:	N:	N:	N:	N:	N:	N:	N:	N:
S:REACTOME_REGULATION_OF_PTEN_STABILITY_AND_ACTIVITY	S:REACTOME_REGULATION_OF_PTEN_STABILITY_AND_ACTIVITY	S:4/796	S:55/8971	D:0.0727272727272727	D:0.819643672910005	D:-0.418635999865302	D:0.731411310839551	D:0.999999999737144	D:0.938932697350849	S:PSMD7/PSMA5/TNKS/OTUD3	D:4	S:Regulation of pten stability and activity	S:FALSE	N:	N:	N:	N:	N:	N:	N:	N:	N:	N:	N:	N:	N:
S:REACTOME_DDX58_IFIH1_MEDIATED_INDUCTION_OF_INTERFERON_ALPHA_BETA	S:REACTOME_DDX58_IFIH1_MEDIATED_INDUCTION_OF_INTERFERON_ALPHA_BETA	S:5/796	S:68/8971	D:0.0735294117647059	D:0.828683860478865	D:-0.442479774088599	D:0.732929763726357	D:0.999999999737144	D:0.938932697350849	S:ITCH/TRIM4/UBE2K/NFKBIA/TRAF6	D:5	S:Ddx58 ifih1 mediated induction of interferon alpha beta	S:FALSE	N:	N:	N:	N:	N:	N:	N:	N:	N:	N:	N:	N:	N:
S:REACTOME_PROTEIN_PROTEIN_INTERACTIONS_AT_SYNAPSES	S:REACTOME_PROTEIN_PROTEIN_INTERACTIONS_AT_SYNAPSES	S:5/796	S:68/8971	D:0.0735294117647059	D:0.828683860478865	D:-0.442479774088599	D:0.732929763726357	D:0.999999999737144	D:0.938932697350849	S:EPB41L5/PPFIBP1/CASK/EPB41L2/DLG1	D:5	S:Protein protein interactions at synapses	S:FALSE	N:	N:	N:	N:	N:	N:	N:	N:	N:	N:	N:	N:	N:
S:REACTOME_INTERFERON_SIGNALING	S:REACTOME_INTERFERON_SIGNALING	S:20/796	S:252/8971	D:0.0793650793650794	D:0.89445242083433	D:-0.530302998891471	D:0.734111935463115	D:0.999999999737144	D:0.938932697350849	S:NUP107/NUP153/TPR/NUP160/SEH1L/RANBP2/EIF4G2/NUP50/NUP62/NUP133/RNASEL/KPNA4/PPP2CB/HSPA8/FANCF/EIF2AK3/NUP205/PTPN11/CAMK2D/NPM1	D:20	S:Interferon signaling	S:FALSE	N:	N:	N:	N:	N:	N:	N:	N:	N:	N:	N:	N:	N:
S:REACTOME_MAPK1_MAPK3_SIGNALING	S:REACTOME_MAPK1_MAPK3_SIGNALING	S:19/796	S:240/8971	D:0.0791666666666667	D:0.892216289782245	D:-0.528123667607766	D:0.734130552332345	D:0.999999999737144	D:0.938932697350849	S:ANGPT1/RASA2/TEK/KRAS/RASGRP1/PSMD7/MET/KIT/PSMA5/EGF/RAPGEF2/PPP2CB/LYPLA1/IRS1/DLG1/PRKCQ/PTK2/PTPN11/CAMK2D	D:19	S:Mapk1 mapk3 signaling	S:FALSE	N:	N:	N:	N:	N:	N:	N:	N:	N:	N:	N:	N:	N:
S:REACTOME_HEDGEHOG_OFF_STATE	S:REACTOME_HEDGEHOG_OFF_STATE	S:7/796	S:94/8971	D:0.074468085106383	D:0.839262803378595	D:-0.488828007814373	D:0.739944464053698	D:0.999999999737144	D:0.938932697350849	S:KIF3A/IFT88/ITCH/RPGRIP1L/PSMD7/PSMA5/WDR35	D:7	S:Hedgehog off state	S:FALSE	N:	N:	N:	N:	N:	N:	N:	N:	N:	N:	N:	N:	N:
S:REACTOME_SIGNALING_BY_TGF_BETA_RECEPTOR_COMPLEX	S:REACTOME_SIGNALING_BY_TGF_BETA_RECEPTOR_COMPLEX	S:7/796	S:94/8971	D:0.074468085106383	D:0.839262803378595	D:-0.488828007814373	D:0.739944464053698	D:0.999999999737144	D:0.938932697350849	S:PARP1/HDAC1/SMAD3/SMAD2/STRAP/TGFB2/RBL1	D:7	S:Signaling by tgf beta receptor complex	S:FALSE	N:	N:	N:	N:	N:	N:	N:	N:	N:	N:	N:	N:	N:
S:REACTOME_EUKARYOTIC_TRANSLATION_INITIATION	S:REACTOME_EUKARYOTIC_TRANSLATION_INITIATION	S:9/796	S:119/8971	D:0.0756302521008403	D:0.852360542206832	D:-0.505899318502859	D:0.740029559259831	D:0.999999999737144	D:0.938932697350849	S:RPS28/PABPC1/EIF3M/RPL19/RPL38/RPL18/EIF3A/EIF3H/RPLP2	D:9	S:Eukaryotic translation initiation	S:FALSE	N:	N:	N:	N:	N:	N:	N:	N:	N:	N:	N:	N:	N:
S:REACTOME_FATTY_ACID_METABOLISM	S:REACTOME_FATTY_ACID_METABOLISM	S:12/796	S:156/8971	D:0.0769230769230769	D:0.866930807885582	D:-0.523163619525632	D:0.740122064369075	D:0.999999999737144	D:0.938932697350849	S:SCP2/ACSBG2/THEM4/ELOVL4/HSD17B12/SLC22A5/ACBD6/SLC25A17/ACBD5/CBR1/CYP2J2/PRKAB2	D:12	S:Fatty acid metabolism	S:FALSE	N:	N:	N:	N:	N:	N:	N:	N:	N:	N:	N:	N:	N:
S:REACTOME_ACTIVATION_OF_KAINATE_RECEPTORS_UPON_GLUTAMATE_BINDING	S:REACTOME_ACTIVATION_OF_KAINATE_RECEPTORS_UPON_GLUTAMATE_BINDING	S:2/796	S:29/8971	D:0.0689655172413793	D:0.777248310518108	D:-0.374896639560449	D:0.742112462321482	D:0.999999999737144	D:0.938932697350849	S:GRIK3/DLG1	D:2	S:Activation of kainate receptors upon glutamate binding	S:FALSE	N:	N:	N:	N:	N:	N:	N:	N:	N:	N:	N:	N:	N:
S:REACTOME_DOWNSTREAM_SIGNAL_TRANSDUCTION	S:REACTOME_DOWNSTREAM_SIGNAL_TRANSDUCTION	S:2/796	S:29/8971	D:0.0689655172413793	D:0.777248310518108	D:-0.374896639560449	D:0.742112462321482	D:0.999999999737144	D:0.938932697350849	S:KRAS/PTPN11	D:2	S:Downstream signal transduction	S:FALSE	N:	N:	N:	N:	N:	N:	N:	N:	N:	N:	N:	N:	N:
S:REACTOME_HSF1_ACTIVATION	S:REACTOME_HSF1_ACTIVATION	S:2/796	S:29/8971	D:0.0689655172413793	D:0.777248310518108	D:-0.374896639560449	D:0.742112462321482	D:0.999999999737144	D:0.938932697350849	S:RPA1/HSPH1	D:2	S:Hsf1 activation	S:TRUE	N:	N:	N:	N:	N:	N:	N:	N:	N:	N:	N:	N:	N:
S:REACTOME_SYNTHESIS_OF_BILE_ACIDS_AND_BILE_SALTS	S:REACTOME_SYNTHESIS_OF_BILE_ACIDS_AND_BILE_SALTS	S:2/796	S:29/8971	D:0.0689655172413793	D:0.777248310518108	D:-0.374896639560449	D:0.742112462321482	D:0.999999999737144	D:0.938932697350849	S:SCP2/OSBPL9	D:2	S:Synthesis of bile acids and bile salts	S:FALSE	N:	N:	N:	N:	N:	N:	N:	N:	N:	N:	N:	N:	N:
S:REACTOME_TRANSCRIPTIONAL_REGULATION_OF_GRANULOPOIESIS	S:REACTOME_TRANSCRIPTIONAL_REGULATION_OF_GRANULOPOIESIS	S:2/796	S:29/8971	D:0.0689655172413793	D:0.777248310518108	D:-0.374896639560449	D:0.742112462321482	D:0.999999999737144	D:0.938932697350849	S:LEF1/CBFB	D:2	S:Transcriptional regulation of granulopoiesis	S:FALSE	N:	N:	N:	N:	N:	N:	N:	N:	N:	N:	N:	N:	N:
S:REACTOME_ER_TO_GOLGI_ANTEROGRADE_TRANSPORT	S:REACTOME_ER_TO_GOLGI_ANTEROGRADE_TRANSPORT	S:11/796	S:144/8971	D:0.0763888888888889	D:0.860910455053043	D:-0.525022654879953	D:0.742392901106057	D:0.999999999737144	D:0.938932697350849	S:COG3/COPB2/TRAPPC10/MIA3/SEC24A/SEC23IP/TMED10/ANK3/SCFD1/LMAN1/SAR1B	D:11	S:Er to golgi anterograde transport	S:FALSE	N:	N:	N:	N:	N:	N:	N:	N:	N:	N:	N:	N:	N:
S:REACTOME_NUCLEOTIDE_BINDING_DOMAIN_LEUCINE_RICH_REPEAT_CONTAINING_RECEPTOR_NLR_SIGNALING_PATHWAYS	S:REACTOME_NUCLEOTIDE_BINDING_DOMAIN_LEUCINE_RICH_REPEAT_CONTAINING_RECEPTOR_NLR_SIGNALING_PATHWAYS	S:4/796	S:56/8971	D:0.0714285714285714	D:0.805007178750897	D:-0.456731365576488	D:0.744402409292862	D:0.999999999737144	D:0.938932697350849	S:TXNIP/ITCH/TAB2/TRAF6	D:4	S:Nucleotide binding domain leucine rich repeat containing receptor nlr signaling pathways	S:FALSE	N:	N:	N:	N:	N:	N:	N:	N:	N:	N:	N:	N:	N:
S:REACTOME_DEGRADATION_OF_BETA_CATENIN_BY_THE_DESTRUCTION_COMPLEX	S:REACTOME_DEGRADATION_OF_BETA_CATENIN_BY_THE_DESTRUCTION_COMPLEX	S:5/796	S:69/8971	D:0.072463768115942	D:0.816673949457432	D:-0.476994978954798	D:0.744668217151319	D:0.999999999737144	D:0.938932697350849	S:HDAC1/PSMD7/PSMA5/LEF1/PPP2CB	D:5	S:Degradation of beta catenin by the destruction complex	S:FALSE	N:	N:	N:	N:	N:	N:	N:	N:	N:	N:	N:	N:	N:
S:REACTOME_TRANSCRIPTIONAL_REGULATION_BY_RUNX2	S:REACTOME_TRANSCRIPTIONAL_REGULATION_BY_RUNX2	S:7/796	S:95/8971	D:0.0736842105263158	D:0.830428458079873	D:-0.518459694759295	D:0.749887323189463	D:0.999999999737144	D:0.938932697350849	S:WWP1/PSMD7/PSMA5/CCNB1/RB1/CBFB/YES1	D:7	S:Transcriptional regulation by runx2	S:FALSE	N:	N:	N:	N:	N:	N:	N:	N:	N:	N:	N:	N:	N:
S:REACTOME_SIGNALING_BY_TGFB_FAMILY_MEMBERS	S:REACTOME_SIGNALING_BY_TGFB_FAMILY_MEMBERS	S:11/796	S:145/8971	D:0.0758620689655172	D:0.854973141569919	D:-0.549362933792841	D:0.750494122403424	D:0.999999999737144	D:0.938932697350849	S:PARP1/HDAC1/SMAD3/ACVR1C/TNRC6C/SMAD2/STRAP/BMP10/TGFB2/TCF12/RBL1	D:11	S:Signaling by tgfb family members	S:FALSE	N:	N:	N:	N:	N:	N:	N:	N:	N:	N:	N:	N:	N:
S:REACTOME_CHK1_CHK2_CDS1_MEDIATED_INACTIVATION_OF_CYCLIN_B_CDK1_COMPLEX	S:REACTOME_CHK1_CHK2_CDS1_MEDIATED_INACTIVATION_OF_CYCLIN_B_CDK1_COMPLEX	S:1/796	S:15/8971	D:0.0666666666666667	D:0.751340033500837	D:-0.300748404887037	D:0.752139076455553	D:0.999999999737144	D:0.938932697350849	S:CCNB1	D:1	S:Chk1 chk2 cds1 mediated inactivation of cyclin b cdk1 complex	S:FALSE	N:	N:	N:	N:	N:	N:	N:	N:	N:	N:	N:	N:	N:
S:REACTOME_GLUCURONIDATION	S:REACTOME_GLUCURONIDATION	S:1/796	S:15/8971	D:0.0666666666666667	D:0.751340033500837	D:-0.300748404887037	D:0.752139076455553	D:0.999999999737144	D:0.938932697350849	S:UGT2B28	D:1	S:Glucuronidation	S:FALSE	N:	N:	N:	N:	N:	N:	N:	N:	N:	N:	N:	N:	N:
S:REACTOME_GLYOXYLATE_METABOLISM_AND_GLYCINE_DEGRADATION	S:REACTOME_GLYOXYLATE_METABOLISM_AND_GLYCINE_DEGRADATION	S:1/796	S:15/8971	D:0.0666666666666667	D:0.751340033500837	D:-0.300748404887037	D:0.752139076455553	D:0.999999999737144	D:0.938932697350849	S:GLDC	D:1	S:Glyoxylate metabolism and glycine degradation	S:FALSE	N:	N:	N:	N:	N:	N:	N:	N:	N:	N:	N:	N:	N:
S:REACTOME_METABOLISM_OF_ANGIOTENSINOGEN_TO_ANGIOTENSINS	S:REACTOME_METABOLISM_OF_ANGIOTENSINOGEN_TO_ANGIOTENSINS	S:1/796	S:15/8971	D:0.0666666666666667	D:0.751340033500837	D:-0.300748404887037	D:0.752139076455553	D:0.999999999737144	D:0.938932697350849	S:CPA3	D:1	S:Metabolism of angiotensinogen to angiotensins	S:FALSE	N:	N:	N:	N:	N:	N:	N:	N:	N:	N:	N:	N:	N:
S:REACTOME_MRNA_DECAY_BY_5_TO_3_EXORIBONUCLEASE	S:REACTOME_MRNA_DECAY_BY_5_TO_3_EXORIBONUCLEASE	S:1/796	S:15/8971	D:0.0666666666666667	D:0.751340033500837	D:-0.300748404887037	D:0.752139076455553	D:0.999999999737144	D:0.938932697350849	S:DCP1A	D:1	S:Mrna decay by 5 to 3 exoribonuclease	S:FALSE	N:	N:	N:	N:	N:	N:	N:	N:	N:	N:	N:	N:	N:
S:REACTOME_NEGATIVE_REGULATION_OF_FLT3	S:REACTOME_NEGATIVE_REGULATION_OF_FLT3	S:1/796	S:15/8971	D:0.0666666666666667	D:0.751340033500837	D:-0.300748404887037	D:0.752139076455553	D:0.999999999737144	D:0.938932697350849	S:ABL2	D:1	S:Negative regulation of flt3	S:FALSE	N:	N:	N:	N:	N:	N:	N:	N:	N:	N:	N:	N:	N:
S:REACTOME_NRIF_SIGNALS_CELL_DEATH_FROM_THE_NUCLEUS	S:REACTOME_NRIF_SIGNALS_CELL_DEATH_FROM_THE_NUCLEUS	S:1/796	S:15/8971	D:0.0666666666666667	D:0.751340033500837	D:-0.300748404887037	D:0.752139076455553	D:0.999999999737144	D:0.938932697350849	S:TRAF6	D:1	S:Nrif signals cell death from the nucleus	S:FALSE	N:	N:	N:	N:	N:	N:	N:	N:	N:	N:	N:	N:	N:
S:REACTOME_PI_3K_CASCADE_FGFR2	S:REACTOME_PI_3K_CASCADE_FGFR2	S:1/796	S:15/8971	D:0.0666666666666667	D:0.751340033500837	D:-0.300748404887037	D:0.752139076455553	D:0.999999999737144	D:0.938932697350849	S:PTPN11	D:1	S:Pi 3k cascade fgfr2	S:FALSE	N:	N:	N:	N:	N:	N:	N:	N:	N:	N:	N:	N:	N:
S:REACTOME_REGULATION_OF_IFNA_IFNB_SIGNALING	S:REACTOME_REGULATION_OF_IFNA_IFNB_SIGNALING	S:1/796	S:15/8971	D:0.0666666666666667	D:0.751340033500837	D:-0.300748404887037	D:0.752139076455553	D:0.999999999737144	D:0.938932697350849	S:PTPN11	D:1	S:Regulation of ifna ifnb signaling	S:FALSE	N:	N:	N:	N:	N:	N:	N:	N:	N:	N:	N:	N:	N:
S:REACTOME_RHOG_GTPASE_CYCLE	S:REACTOME_RHOG_GTPASE_CYCLE	S:5/796	S:70/8971	D:0.0714285714285714	D:0.805007178750897	D:-0.511042615439593	D:0.756021812895337	D:0.999999999737144	D:0.938932697350849	S:LBR/LEMD3/PGRMC2/KTN1/LMAN1	D:5	S:Rhog gtpase cycle	S:FALSE	N:	N:	N:	N:	N:	N:	N:	N:	N:	N:	N:	N:	N:
S:REACTOME_OPIOID_SIGNALLING	S:REACTOME_OPIOID_SIGNALLING	S:6/796	S:83/8971	D:0.072289156626506	D:0.814706060422595	D:-0.529184497480205	D:0.757200140195802	D:0.999999999737144	D:0.938932697350849	S:PDE4B/ITPR1/PPP2CB/PDE4D/PRKCA/CAMK2D	D:6	S:Opioid signalling	S:FALSE	N:	N:	N:	N:	N:	N:	N:	N:	N:	N:	N:	N:	N:
S:REACTOME_DNA_REPLICATION	S:REACTOME_DNA_REPLICATION	S:9/796	S:121/8971	D:0.0743801652892562	D:0.838271938203414	D:-0.558875802364415	D:0.757625799962319	D:0.999999999737144	D:0.938932697350849	S:RPA1/PSMD7/POLE3/PSMA5/MCM7/CCNE1/RFC5/PRIM1/PCNA	D:9	S:Dna replication	S:FALSE	N:	N:	N:	N:	N:	N:	N:	N:	N:	N:	N:	N:	N:
S:REACTOME_TRANSPORT_OF_VITAMINS_NUCLEOSIDES_AND_RELATED_MOLECULES	S:REACTOME_TRANSPORT_OF_VITAMINS_NUCLEOSIDES_AND_RELATED_MOLECULES	S:2/796	S:30/8971	D:0.0666666666666667	D:0.751340033500837	D:-0.425679097789434	D:0.75905927363194	D:0.999999999737144	D:0.938932697350849	S:SLC33A1/SLC35B3	D:2	S:Transport of vitamins nucleosides and related molecules	S:FALSE	N:	N:	N:	N:	N:	N:	N:	N:	N:	N:	N:	N:	N:
S:REACTOME_METABOLISM_OF_POLYAMINES	S:REACTOME_METABOLISM_OF_POLYAMINES	S:3/796	S:44/8971	D:0.0681818181818182	D:0.768415943353129	D:-0.480497467202199	D:0.761714188032723	D:0.999999999737144	D:0.938932697350849	S:PSMD7/AMD1/PSMA5	D:3	S:Metabolism of polyamines	S:FALSE	N:	N:	N:	N:	N:	N:	N:	N:	N:	N:	N:	N:	N:
S:REACTOME_REGULATION_OF_RUNX3_EXPRESSION_AND_ACTIVITY	S:REACTOME_REGULATION_OF_RUNX3_EXPRESSION_AND_ACTIVITY	S:3/796	S:44/8971	D:0.0681818181818182	D:0.768415943353129	D:-0.480497467202199	D:0.761714188032723	D:0.999999999737144	D:0.938932697350849	S:PSMD7/PSMA5/CBFB	D:3	S:Regulation of runx3 expression and activity	S:FALSE	N:	N:	N:	N:	N:	N:	N:	N:	N:	N:	N:	N:	N:
S:REACTOME_NUCLEAR_EVENTS_MEDIATED_BY_NFE2L2	S:REACTOME_NUCLEAR_EVENTS_MEDIATED_BY_NFE2L2	S:6/796	S:84/8971	D:0.0714285714285714	D:0.805007178750897	D:-0.560259914392846	D:0.767312401816667	D:0.999999999737144	D:0.938932697350849	S:CHD6/PSMD7/NFE2L2/PSMA5/EGF/ME1	D:6	S:Nuclear events mediated by nfe2l2	S:FALSE	N:	N:	N:	N:	N:	N:	N:	N:	N:	N:	N:	N:	N:
S:REACTOME_UNFOLDED_PROTEIN_RESPONSE_UPR	S:REACTOME_UNFOLDED_PROTEIN_RESPONSE_UPR	S:6/796	S:84/8971	D:0.0714285714285714	D:0.805007178750897	D:-0.560259914392846	D:0.767312401816667	D:0.999999999737144	D:0.938932697350849	S:EXTL2/SYVN1/GFPT1/SRPRB/EIF2AK3/WFS1	D:6	S:Unfolded protein response upr	S:TRUE	N:	N:	N:	N:	N:	N:	N:	N:	N:	N:	N:	N:	N:
S:REACTOME_PI3K_AKT_SIGNALING_IN_CANCER	S:REACTOME_PI3K_AKT_SIGNALING_IN_CANCER	S:7/796	S:97/8971	D:0.0721649484536082	D:0.813306221830803	D:-0.576852626508857	D:0.768954499228929	D:0.999999999737144	D:0.938932697350849	S:FOXO1/MET/KIT/EGF/IRS1/CD19/PTPN11	D:7	S:Pi3k akt signaling in cancer	S:FALSE	N:	N:	N:	N:	N:	N:	N:	N:	N:	N:	N:	N:	N:
S:REACTOME_TOLL_LIKE_RECEPTOR_CASCADES	S:REACTOME_TOLL_LIKE_RECEPTOR_CASCADES	S:12/796	S:160/8971	D:0.075	D:0.845257537688442	D:-0.616262538633727	D:0.770532875039498	D:0.999999999737144	D:0.938932697350849	S:RPS6KA5/IKBIP/PIK3R4/JUN/TAB2/PIK3C3/MAP2K4/NFKBIA/PPP2CB/TRAF6/PTPN11/USP14	D:12	S:Toll like receptor cascades	S:FALSE	N:	N:	N:	N:	N:	N:	N:	N:	N:	N:	N:	N:	N:
S:REACTOME_TCF_DEPENDENT_SIGNALING_IN_RESPONSE_TO_WNT	S:REACTOME_TCF_DEPENDENT_SIGNALING_IN_RESPONSE_TO_WNT	S:11/796	S:148/8971	D:0.0743243243243243	D:0.837642604916474	D:-0.621446387154712	D:0.773753947930767	D:0.999999999737144	D:0.938932697350849	S:USP34/HDAC1/PSMD7/FZD6/PSMA5/TNKS/WNT1/CDC73/LEF1/PPP2CB/USP8	D:11	S:Tcf dependent signaling in response to wnt	S:FALSE	N:	N:	N:	N:	N:	N:	N:	N:	N:	N:	N:	N:	N:
S:REACTOME_BETA_CATENIN_PHOSPHORYLATION_CASCADE	S:REACTOME_BETA_CATENIN_PHOSPHORYLATION_CASCADE	S:1/796	S:16/8971	D:0.0625	D:0.704381281407035	D:-0.369290385662527	D:0.774168698512429	D:0.999999999737144	D:0.938932697350849	S:PPP2CB	D:1	S:Beta catenin phosphorylation cascade	S:FALSE	N:	N:	N:	N:	N:	N:	N:	N:	N:	N:	N:	N:	N:
S:REACTOME_FERTILIZATION	S:REACTOME_FERTILIZATION	S:1/796	S:16/8971	D:0.0625	D:0.704381281407035	D:-0.369290385662527	D:0.774168698512429	D:0.999999999737144	D:0.938932697350849	S:CATSPERB	D:1	S:Fertilization	S:FALSE	N:	N:	N:	N:	N:	N:	N:	N:	N:	N:	N:	N:	N:
S:REACTOME_FOXO_MEDIATED_TRANSCRIPTION_OF_CELL_DEATH_GENES	S:REACTOME_FOXO_MEDIATED_TRANSCRIPTION_OF_CELL_DEATH_GENES	S:1/796	S:16/8971	D:0.0625	D:0.704381281407035	D:-0.369290385662527	D:0.774168698512429	D:0.999999999737144	D:0.938932697350849	S:FOXO1	D:1	S:Foxo mediated transcription of cell death genes	S:FALSE	N:	N:	N:	N:	N:	N:	N:	N:	N:	N:	N:	N:	N:
S:REACTOME_GABA_SYNTHESIS_RELEASE_REUPTAKE_AND_DEGRADATION	S:REACTOME_GABA_SYNTHESIS_RELEASE_REUPTAKE_AND_DEGRADATION	S:1/796	S:16/8971	D:0.0625	D:0.704381281407035	D:-0.369290385662527	D:0.774168698512429	D:0.999999999737144	D:0.938932697350849	S:HSPA8	D:1	S:Gaba synthesis release reuptake and degradation	S:FALSE	N:	N:	N:	N:	N:	N:	N:	N:	N:	N:	N:	N:	N:
S:REACTOME_HYALURONAN_METABOLISM	S:REACTOME_HYALURONAN_METABOLISM	S:1/796	S:16/8971	D:0.0625	D:0.704381281407035	D:-0.369290385662527	D:0.774168698512429	D:0.999999999737144	D:0.938932697350849	S:SLC17A5	D:1	S:Hyaluronan metabolism	S:FALSE	N:	N:	N:	N:	N:	N:	N:	N:	N:	N:	N:	N:	N:
S:REACTOME_MAP3K8_TPL2_DEPENDENT_MAPK1_3_ACTIVATION	S:REACTOME_MAP3K8_TPL2_DEPENDENT_MAPK1_3_ACTIVATION	S:1/796	S:16/8971	D:0.0625	D:0.704381281407035	D:-0.369290385662527	D:0.774168698512429	D:0.999999999737144	D:0.938932697350849	S:MAP2K4	D:1	S:Map3k8 tpl2 dependent mapk1 3 activation	S:FALSE	N:	N:	N:	N:	N:	N:	N:	N:	N:	N:	N:	N:	N:
S:REACTOME_SARS_COV_1_TARGETS_HOST_INTRACELLULAR_SIGNALLING_AND_REGULATORY_PATHWAYS	S:REACTOME_SARS_COV_1_TARGETS_HOST_INTRACELLULAR_SIGNALLING_AND_REGULATORY_PATHWAYS	S:1/796	S:16/8971	D:0.0625	D:0.704381281407035	D:-0.369290385662527	D:0.774168698512429	D:0.999999999737144	D:0.938932697350849	S:SMAD3	D:1	S:Sars cov 1 targets host intracellular signalling and regulatory pathways	S:FALSE	N:	N:	N:	N:	N:	N:	N:	N:	N:	N:	N:	N:	N:
S:REACTOME_SYNTHESIS_SECRETION_AND_DEACYLATION_OF_GHRELIN	S:REACTOME_SYNTHESIS_SECRETION_AND_DEACYLATION_OF_GHRELIN	S:1/796	S:16/8971	D:0.0625	D:0.704381281407035	D:-0.369290385662527	D:0.774168698512429	D:0.999999999737144	D:0.938932697350849	S:SPCS2	D:1	S:Synthesis secretion and deacylation of ghrelin	S:FALSE	N:	N:	N:	N:	N:	N:	N:	N:	N:	N:	N:	N:	N:
S:REACTOME_TERMINATION_OF_O_GLYCAN_BIOSYNTHESIS	S:REACTOME_TERMINATION_OF_O_GLYCAN_BIOSYNTHESIS	S:1/796	S:16/8971	D:0.0625	D:0.704381281407035	D:-0.369290385662527	D:0.774168698512429	D:0.999999999737144	D:0.938932697350849	S:ST6GAL1	D:1	S:Termination of o glycan biosynthesis	S:FALSE	N:	N:	N:	N:	N:	N:	N:	N:	N:	N:	N:	N:	N:
S:REACTOME_THE_CANONICAL_RETINOID_CYCLE_IN_RODS_TWILIGHT_VISION	S:REACTOME_THE_CANONICAL_RETINOID_CYCLE_IN_RODS_TWILIGHT_VISION	S:1/796	S:16/8971	D:0.0625	D:0.704381281407035	D:-0.369290385662527	D:0.774168698512429	D:0.999999999737144	D:0.938932697350849	S:HSD17B6	D:1	S:The canonical retinoid cycle in rods twilight vision	S:FALSE	N:	N:	N:	N:	N:	N:	N:	N:	N:	N:	N:	N:	N:
S:REACTOME_THE_NLRP3_INFLAMMASOME	S:REACTOME_THE_NLRP3_INFLAMMASOME	S:1/796	S:16/8971	D:0.0625	D:0.704381281407035	D:-0.369290385662527	D:0.774168698512429	D:0.999999999737144	D:0.938932697350849	S:TXNIP	D:1	S:The nlrp3 inflammasome	S:FALSE	N:	N:	N:	N:	N:	N:	N:	N:	N:	N:	N:	N:	N:
S:REACTOME_DISEASES_OF_CARBOHYDRATE_METABOLISM	S:REACTOME_DISEASES_OF_CARBOHYDRATE_METABOLISM	S:2/796	S:31/8971	D:0.0645161290322581	D:0.727103258226617	D:-0.47491874635567	D:0.77503361173494	D:0.999999999737144	D:0.938932697350849	S:GBE1/EPM2A	D:2	S:Diseases of carbohydrate metabolism	S:FALSE	N:	N:	N:	N:	N:	N:	N:	N:	N:	N:	N:	N:	N:
S:REACTOME_DEGRADATION_OF_GLI1_BY_THE_PROTEASOME	S:REACTOME_DEGRADATION_OF_GLI1_BY_THE_PROTEASOME	S:3/796	S:45/8971	D:0.0666666666666667	D:0.751340033500837	D:-0.521786166719103	D:0.775074837134501	D:0.999999999737144	D:0.938932697350849	S:ITCH/PSMD7/PSMA5	D:3	S:Degradation of gli1 by the proteasome	S:FALSE	N:	N:	N:	N:	N:	N:	N:	N:	N:	N:	N:	N:	N:
S:REACTOME_SENSORY_PERCEPTION	S:REACTOME_SENSORY_PERCEPTION	S:15/796	S:198/8971	D:0.0757575757575758	D:0.853795492614588	D:-0.649124748006147	D:0.777076811787061	D:0.999999999737144	D:0.938932697350849	S:LRP12/HSD17B6/SLC24A1/TAS2R50/TMIE/EBF1/METAP1/CASK/OR2A7/NMT2/SCN3A/PRKCQ/PRKCA/DHRS3/OR3A1	D:15	S:Sensory perception	S:FALSE	N:	N:	N:	N:	N:	N:	N:	N:	N:	N:	N:	N:	N:
S:REACTOME_THE_ROLE_OF_GTSE1_IN_G2_M_PROGRESSION_AFTER_G2_CHECKPOINT	S:REACTOME_THE_ROLE_OF_GTSE1_IN_G2_M_PROGRESSION_AFTER_G2_CHECKPOINT	S:4/796	S:59/8971	D:0.0677966101694915	D:0.764074610339835	D:-0.567312003421191	D:0.780496080758245	D:0.999999999737144	D:0.938932697350849	S:PSMD7/PSMA5/CCNB1/MAPRE1	D:4	S:The role of gtse1 in g2 m progression after g2 checkpoint	S:FALSE	N:	N:	N:	N:	N:	N:	N:	N:	N:	N:	N:	N:	N:
S:REACTOME_ONCOGENIC_MAPK_SIGNALING	S:REACTOME_ONCOGENIC_MAPK_SIGNALING	S:5/796	S:73/8971	D:0.0684931506849315	D:0.771924691952915	D:-0.610523484418656	D:0.787806109477466	D:0.999999999737144	D:0.938932697350849	S:KRAS/AP3B1/TRIM24/FXR1/CAMK2D	D:5	S:Oncogenic mapk signaling	S:FALSE	N:	N:	N:	N:	N:	N:	N:	N:	N:	N:	N:	N:	N:
S:REACTOME_POST_TRANSLATIONAL_MODIFICATION_SYNTHESIS_OF_GPI_ANCHORED_PROTEINS	S:REACTOME_POST_TRANSLATIONAL_MODIFICATION_SYNTHESIS_OF_GPI_ANCHORED_PROTEINS	S:5/796	S:73/8971	D:0.0684931506849315	D:0.771924691952915	D:-0.610523484418656	D:0.787806109477466	D:0.999999999737144	D:0.938932697350849	S:RECK/PIGN/PIGV/PGAP1/GPLD1	D:5	S:Post translational modification synthesis of gpi anchored proteins	S:FALSE	N:	N:	N:	N:	N:	N:	N:	N:	N:	N:	N:	N:	N:
S:REACTOME_NEUREXINS_AND_NEUROLIGINS	S:REACTOME_NEUREXINS_AND_NEUROLIGINS	S:3/796	S:46/8971	D:0.0652173913043478	D:0.735006554511689	D:-0.562236207232689	D:0.787814722083915	D:0.999999999737144	D:0.938932697350849	S:EPB41L5/CASK/EPB41L2	D:3	S:Neurexins and neuroligins	S:FALSE	N:	N:	N:	N:	N:	N:	N:	N:	N:	N:	N:	N:	N:
S:REACTOME_MHC_CLASS_II_ANTIGEN_PRESENTATION	S:REACTOME_MHC_CLASS_II_ANTIGEN_PRESENTATION	S:8/796	S:112/8971	D:0.0714285714285714	D:0.805007178750897	D:-0.647953974475881	D:0.788278749858806	D:0.999999999737144	D:0.938932697350849	S:KIF3A/KIF2A/AP1S3/SEC24A/KIF15/CANX/CENPE/SAR1B	D:8	S:Mhc class ii antigen presentation	S:FALSE	N:	N:	N:	N:	N:	N:	N:	N:	N:	N:	N:	N:	N:
S:REACTOME_FCERI_MEDIATED_CA_2_MOBILIZATION	S:REACTOME_FCERI_MEDIATED_CA_2_MOBILIZATION	S:2/796	S:32/8971	D:0.0625	D:0.704381281407035	D:-0.522722657881679	D:0.790074386171175	D:0.999999999737144	D:0.938932697350849	S:ITPR1/IGLV6-57	D:2	S:Fceri mediated ca 2 mobilization	S:FALSE	N:	N:	N:	N:	N:	N:	N:	N:	N:	N:	N:	N:	N:
S:REACTOME_RHO_GTPASES_ACTIVATE_PKNS	S:REACTOME_RHO_GTPASES_ACTIVATE_PKNS	S:2/796	S:32/8971	D:0.0625	D:0.704381281407035	D:-0.522722657881679	D:0.790074386171175	D:0.999999999737144	D:0.938932697350849	S:PKN2/KDM4C	D:2	S:Rho gtpases activate pkns	S:FALSE	N:	N:	N:	N:	N:	N:	N:	N:	N:	N:	N:	N:	N:
S:REACTOME_SENSORY_PERCEPTION_OF_TASTE	S:REACTOME_SENSORY_PERCEPTION_OF_TASTE	S:2/796	S:32/8971	D:0.0625	D:0.704381281407035	D:-0.522722657881679	D:0.790074386171175	D:0.999999999737144	D:0.938932697350849	S:TAS2R50/SCN3A	D:2	S:Sensory perception of taste	S:FALSE	N:	N:	N:	N:	N:	N:	N:	N:	N:	N:	N:	N:	N:
S:REACTOME_SIGNALLING_TO_ERKS	S:REACTOME_SIGNALLING_TO_ERKS	S:2/796	S:32/8971	D:0.0625	D:0.704381281407035	D:-0.522722657881679	D:0.790074386171175	D:0.999999999737144	D:0.938932697350849	S:KRAS/KIDINS220	D:2	S:Signalling to erks	S:FALSE	N:	N:	N:	N:	N:	N:	N:	N:	N:	N:	N:	N:	N:
S:REACTOME_ACTIVATION_OF_IRF3_IRF7_MEDIATED_BY_TBK1_IKK_IKBKE	S:REACTOME_ACTIVATION_OF_IRF3_IRF7_MEDIATED_BY_TBK1_IKK_IKBKE	S:1/796	S:17/8971	D:0.0588235294117647	D:0.662947088383092	D:-0.434033122792583	D:0.794242591977991	D:0.999999999737144	D:0.938932697350849	S:PTPN11	D:1	S:Activation of irf3 irf7 mediated by tbk1 ikk ikbke	S:FALSE	N:	N:	N:	N:	N:	N:	N:	N:	N:	N:	N:	N:	N:
S:REACTOME_BUTYRATE_RESPONSE_FACTOR_1_BRF1_BINDS_AND_DESTABILIZES_MRNA	S:REACTOME_BUTYRATE_RESPONSE_FACTOR_1_BRF1_BINDS_AND_DESTABILIZES_MRNA	S:1/796	S:17/8971	D:0.0588235294117647	D:0.662947088383092	D:-0.434033122792583	D:0.794242591977991	D:0.999999999737144	D:0.938932697350849	S:DCP1A	D:1	S:Butyrate response factor 1 brf1 binds and destabilizes mrna	S:FALSE	N:	N:	N:	N:	N:	N:	N:	N:	N:	N:	N:	N:	N:
S:REACTOME_DISORDERS_OF_DEVELOPMENTAL_BIOLOGY	S:REACTOME_DISORDERS_OF_DEVELOPMENTAL_BIOLOGY	S:1/796	S:17/8971	D:0.0588235294117647	D:0.662947088383092	D:-0.434033122792583	D:0.794242591977991	D:0.999999999737144	D:0.938932697350849	S:HDAC1	D:1	S:Disorders of developmental biology	S:FALSE	N:	N:	N:	N:	N:	N:	N:	N:	N:	N:	N:	N:	N:
S:REACTOME_MATURATION_OF_TCA_ENZYMES_AND_REGULATION_OF_TCA_CYCLE	S:REACTOME_MATURATION_OF_TCA_ENZYMES_AND_REGULATION_OF_TCA_CYCLE	S:1/796	S:17/8971	D:0.0588235294117647	D:0.662947088383092	D:-0.434033122792583	D:0.794242591977991	D:0.999999999737144	D:0.938932697350849	S:ISCU	D:1	S:Maturation of tca enzymes and regulation of tca cycle	S:FALSE	N:	N:	N:	N:	N:	N:	N:	N:	N:	N:	N:	N:	N:
S:REACTOME_REGULATION_OF_MITF_M_DEPENDENT_GENES_INVOLVED_IN_LYSOSOME_BIOGENESIS_AND_AUTOPHAGY	S:REACTOME_REGULATION_OF_MITF_M_DEPENDENT_GENES_INVOLVED_IN_LYSOSOME_BIOGENESIS_AND_AUTOPHAGY	S:1/796	S:17/8971	D:0.0588235294117647	D:0.662947088383092	D:-0.434033122792583	D:0.794242591977991	D:0.999999999737144	D:0.938932697350849	S:ATP6V1A	D:1	S:Regulation of mitf m dependent genes involved in lysosome biogenesis and autophagy	S:FALSE	N:	N:	N:	N:	N:	N:	N:	N:	N:	N:	N:	N:	N:
S:REACTOME_RIP_MEDIATED_NFKB_ACTIVATION_VIA_ZBP1	S:REACTOME_RIP_MEDIATED_NFKB_ACTIVATION_VIA_ZBP1	S:1/796	S:17/8971	D:0.0588235294117647	D:0.662947088383092	D:-0.434033122792583	D:0.794242591977991	D:0.999999999737144	D:0.938932697350849	S:NFKBIA	D:1	S:Rip mediated nfkb activation via zbp1	S:FALSE	N:	N:	N:	N:	N:	N:	N:	N:	N:	N:	N:	N:	N:
S:REACTOME_ROLE_OF_LAT2_NTAL_LAB_ON_CALCIUM_MOBILIZATION	S:REACTOME_ROLE_OF_LAT2_NTAL_LAB_ON_CALCIUM_MOBILIZATION	S:1/796	S:17/8971	D:0.0588235294117647	D:0.662947088383092	D:-0.434033122792583	D:0.794242591977991	D:0.999999999737144	D:0.938932697350849	S:IGLV6-57	D:1	S:Role of lat2 ntal lab on calcium mobilization	S:FALSE	N:	N:	N:	N:	N:	N:	N:	N:	N:	N:	N:	N:	N:
S:REACTOME_SUMOYLATION_OF_TRANSCRIPTION_FACTORS	S:REACTOME_SUMOYLATION_OF_TRANSCRIPTION_FACTORS	S:1/796	S:17/8971	D:0.0588235294117647	D:0.662947088383092	D:-0.434033122792583	D:0.794242591977991	D:0.999999999737144	D:0.938932697350849	S:PIAS2	D:1	S:Sumoylation of transcription factors	S:FALSE	N:	N:	N:	N:	N:	N:	N:	N:	N:	N:	N:	N:	N:
S:REACTOME_SYNAPTIC_ADHESION_LIKE_MOLECULES	S:REACTOME_SYNAPTIC_ADHESION_LIKE_MOLECULES	S:1/796	S:17/8971	D:0.0588235294117647	D:0.662947088383092	D:-0.434033122792583	D:0.794242591977991	D:0.999999999737144	D:0.938932697350849	S:DLG1	D:1	S:Synaptic adhesion like molecules	S:FALSE	N:	N:	N:	N:	N:	N:	N:	N:	N:	N:	N:	N:	N:
S:REACTOME_TNF_RECEPTOR_SUPERFAMILY_TNFSF_MEMBERS_MEDIATING_NON_CANONICAL_NF_KB_PATHWAY	S:REACTOME_TNF_RECEPTOR_SUPERFAMILY_TNFSF_MEMBERS_MEDIATING_NON_CANONICAL_NF_KB_PATHWAY	S:1/796	S:17/8971	D:0.0588235294117647	D:0.662947088383092	D:-0.434033122792583	D:0.794242591977991	D:0.999999999737144	D:0.938932697350849	S:CD40LG	D:1	S:Tnf receptor superfamily tnfsf members mediating non canonical nf kb pathway	S:FALSE	N:	N:	N:	N:	N:	N:	N:	N:	N:	N:	N:	N:	N:
S:REACTOME_TRISTETRAPROLIN_TTP_ZFP36_BINDS_AND_DESTABILIZES_MRNA	S:REACTOME_TRISTETRAPROLIN_TTP_ZFP36_BINDS_AND_DESTABILIZES_MRNA	S:1/796	S:17/8971	D:0.0588235294117647	D:0.662947088383092	D:-0.434033122792583	D:0.794242591977991	D:0.999999999737144	D:0.938932697350849	S:DCP1A	D:1	S:Tristetraprolin ttp zfp36 binds and destabilizes mrna	S:FALSE	N:	N:	N:	N:	N:	N:	N:	N:	N:	N:	N:	N:	N:
S:REACTOME_INTERLEUKIN_4_AND_INTERLEUKIN_13_SIGNALING	S:REACTOME_INTERLEUKIN_4_AND_INTERLEUKIN_13_SIGNALING	S:7/796	S:100/8971	D:0.07	D:0.78890703517588	D:-0.662363427425765	D:0.795528148898704	D:0.999999999737144	D:0.938932697350849	S:RORA/FOXO1/S1PR1/IL23R/HSPA8/SOCS5/RORC	D:7	S:Interleukin 4 and interleukin 13 signaling	S:FALSE	N:	N:	N:	N:	N:	N:	N:	N:	N:	N:	N:	N:	N:
S:REACTOME_ABC_FAMILY_PROTEINS_MEDIATED_TRANSPORT	S:REACTOME_ABC_FAMILY_PROTEINS_MEDIATED_TRANSPORT	S:6/796	S:87/8971	D:0.0689655172413793	D:0.777248310518108	D:-0.651456216630822	D:0.795765743429239	D:0.999999999737144	D:0.938932697350849	S:ABCA5/PSMD7/ABCD3/SEL1L/PSMA5/ERLIN2	D:6	S:Abc family proteins mediated transport	S:FALSE	N:	N:	N:	N:	N:	N:	N:	N:	N:	N:	N:	N:	N:
S:REACTOME_DEGRADATION_OF_CRY_AND_PER_PROTEINS	S:REACTOME_DEGRADATION_OF_CRY_AND_PER_PROTEINS	S:3/796	S:47/8971	D:0.0638297872340425	D:0.719368117181653	D:-0.601887096626344	D:0.799950281653045	D:0.999999999737144	D:0.938932697350849	S:PSMD7/FBXL3/PSMA5	D:3	S:Degradation of cry and per proteins	S:FALSE	N:	N:	N:	N:	N:	N:	N:	N:	N:	N:	N:	N:	N:
S:REACTOME_NOTCH1_INTRACELLULAR_DOMAIN_REGULATES_TRANSCRIPTION	S:REACTOME_NOTCH1_INTRACELLULAR_DOMAIN_REGULATES_TRANSCRIPTION	S:3/796	S:47/8971	D:0.0638297872340425	D:0.719368117181653	D:-0.601887096626344	D:0.799950281653045	D:0.999999999737144	D:0.938932697350849	S:HDAC1/HDAC2/HDAC9	D:3	S:Notch1 intracellular domain regulates transcription	S:FALSE	N:	N:	N:	N:	N:	N:	N:	N:	N:	N:	N:	N:	N:
S:REACTOME_O_LINKED_GLYCOSYLATION_OF_MUCINS	S:REACTOME_O_LINKED_GLYCOSYLATION_OF_MUCINS	S:3/796	S:47/8971	D:0.0638297872340425	D:0.719368117181653	D:-0.601887096626344	D:0.799950281653045	D:0.999999999737144	D:0.938932697350849	S:B3GNT3/ST6GAL1/GALNT11	D:3	S:O linked glycosylation of mucins	S:FALSE	N:	N:	N:	N:	N:	N:	N:	N:	N:	N:	N:	N:	N:
S:REACTOME_CA_DEPENDENT_EVENTS	S:REACTOME_CA_DEPENDENT_EVENTS	S:2/796	S:33/8971	D:0.0606060606060606	D:0.68303639409167	D:-0.569187125845052	D:0.804221265013292	D:0.999999999737144	D:0.938932697350849	S:PRKCA/CAMK2D	D:2	S:Ca dependent events	S:FALSE	N:	N:	N:	N:	N:	N:	N:	N:	N:	N:	N:	N:	N:
S:REACTOME_LYSOSOME_VESICLE_BIOGENESIS	S:REACTOME_LYSOSOME_VESICLE_BIOGENESIS	S:2/796	S:33/8971	D:0.0606060606060606	D:0.68303639409167	D:-0.569187125845052	D:0.804221265013292	D:0.999999999737144	D:0.938932697350849	S:AP1S3/HSPA8	D:2	S:Lysosome vesicle biogenesis	S:FALSE	N:	N:	N:	N:	N:	N:	N:	N:	N:	N:	N:	N:	N:
S:REACTOME_SIGNALING_BY_ROBO_RECEPTORS	S:REACTOME_SIGNALING_BY_ROBO_RECEPTORS	S:14/796	S:190/8971	D:0.0736842105263158	D:0.830428458079873	D:-0.737168307839	D:0.804622716884018	D:0.999999999737144	D:0.938932697350849	S:ETF1/PSMD7/RPS28/PABPC1/PSMA5/NCBP1/RPL19/CXCR4/RPL38/RPL18/ABL2/CLASP2/PRKCA/RPLP2	D:14	S:Signaling by robo receptors	S:FALSE	N:	N:	N:	N:	N:	N:	N:	N:	N:	N:	N:	N:	N:
S:REACTOME_DNA_REPLICATION_PRE_INITIATION	S:REACTOME_DNA_REPLICATION_PRE_INITIATION	S:6/796	S:88/8971	D:0.0681818181818182	D:0.768415943353129	D:-0.68120689781261	D:0.804633126776345	D:0.999999999737144	D:0.938932697350849	S:RPA1/PSMD7/POLE3/PSMA5/MCM7/PRIM1	D:6	S:Dna replication pre initiation	S:FALSE	N:	N:	N:	N:	N:	N:	N:	N:	N:	N:	N:	N:	N:
S:REACTOME_CO_STIMULATION_BY_CD28	S:REACTOME_CO_STIMULATION_BY_CD28	S:3/796	S:48/8971	D:0.0625	D:0.704381281407035	D:-0.640775616388336	D:0.811498887256561	D:0.999999999737144	D:0.938932697350849	S:THEM4/PPP2CB/YES1	D:3	S:Co stimulation by cd28	S:FALSE	N:	N:	N:	N:	N:	N:	N:	N:	N:	N:	N:	N:	N:
S:REACTOME_ACTIVATION_OF_APC_C_AND_APC_C_CDC20_MEDIATED_DEGRADATION_OF_MITOTIC_PROTEINS	S:REACTOME_ACTIVATION_OF_APC_C_AND_APC_C_CDC20_MEDIATED_DEGRADATION_OF_MITOTIC_PROTEINS	S:4/796	S:62/8971	D:0.0645161290322581	D:0.727103258226617	D:-0.672804039801378	D:0.812428046861688	D:0.999999999737144	D:0.938932697350849	S:PSMD7/BUB3/PSMA5/CCNB1	D:4	S:Activation of apc c and apc c cdc20 mediated degradation of mitotic proteins	S:FALSE	N:	N:	N:	N:	N:	N:	N:	N:	N:	N:	N:	N:	N:
S:REACTOME_CARDIOGENESIS	S:REACTOME_CARDIOGENESIS	S:1/796	S:18/8971	D:0.0555555555555556	D:0.626116694584031	D:-0.49544666405449	D:0.812534181969673	D:0.999999999737144	D:0.938932697350849	S:LEF1	D:1	S:Cardiogenesis	S:FALSE	N:	N:	N:	N:	N:	N:	N:	N:	N:	N:	N:	N:	N:
S:REACTOME_EPHRIN_SIGNALING	S:REACTOME_EPHRIN_SIGNALING	S:1/796	S:18/8971	D:0.0555555555555556	D:0.626116694584031	D:-0.49544666405449	D:0.812534181969673	D:0.999999999737144	D:0.938932697350849	S:MYL12A	D:1	S:Ephrin signaling	S:FALSE	N:	N:	N:	N:	N:	N:	N:	N:	N:	N:	N:	N:	N:
S:REACTOME_LDL_CLEARANCE	S:REACTOME_LDL_CLEARANCE	S:1/796	S:18/8971	D:0.0555555555555556	D:0.626116694584031	D:-0.49544666405449	D:0.812534181969673	D:0.999999999737144	D:0.938932697350849	S:SOAT1	D:1	S:Ldl clearance	S:FALSE	N:	N:	N:	N:	N:	N:	N:	N:	N:	N:	N:	N:	N:
S:REACTOME_MODULATION_OF_HOST_RESPONSES_BY_IFN_STIMULATED_GENES	S:REACTOME_MODULATION_OF_HOST_RESPONSES_BY_IFN_STIMULATED_GENES	S:1/796	S:18/8971	D:0.0555555555555556	D:0.626116694584031	D:-0.49544666405449	D:0.812534181969673	D:0.999999999737144	D:0.938932697350849	S:EIF2AK3	D:1	S:Modulation of host responses by ifn stimulated genes	S:FALSE	N:	N:	N:	N:	N:	N:	N:	N:	N:	N:	N:	N:	N:
S:REACTOME_RNA_POLYMERASE_III_CHAIN_ELONGATION	S:REACTOME_RNA_POLYMERASE_III_CHAIN_ELONGATION	S:1/796	S:18/8971	D:0.0555555555555556	D:0.626116694584031	D:-0.49544666405449	D:0.812534181969673	D:0.999999999737144	D:0.938932697350849	S:POLR3B	D:1	S:Rna polymerase iii chain elongation	S:FALSE	N:	N:	N:	N:	N:	N:	N:	N:	N:	N:	N:	N:	N:
S:REACTOME_SIGNALING_BY_FGFR2_IIIA_TM	S:REACTOME_SIGNALING_BY_FGFR2_IIIA_TM	S:1/796	S:18/8971	D:0.0555555555555556	D:0.626116694584031	D:-0.49544666405449	D:0.812534181969673	D:0.999999999737144	D:0.938932697350849	S:NCBP1	D:1	S:Signaling by fgfr2 iiia tm	S:FALSE	N:	N:	N:	N:	N:	N:	N:	N:	N:	N:	N:	N:	N:
S:REACTOME_SIGNALING_BY_HIPPO	S:REACTOME_SIGNALING_BY_HIPPO	S:1/796	S:18/8971	D:0.0555555555555556	D:0.626116694584031	D:-0.49544666405449	D:0.812534181969673	D:0.999999999737144	D:0.938932697350849	S:SAV1	D:1	S:Signaling by hippo	S:FALSE	N:	N:	N:	N:	N:	N:	N:	N:	N:	N:	N:	N:	N:
S:REACTOME_METABOLISM_OF_STEROIDS	S:REACTOME_METABOLISM_OF_STEROIDS	S:9/796	S:128/8971	D:0.0703125	D:0.792428941582915	D:-0.738041608792439	D:0.81256303113454	D:0.999999999737144	D:0.938932697350849	S:SCP2/MED1/LBR/TGS1/HMGCR/SEC24A/HSD17B12/OSBPL9/SAR1B	D:9	S:Metabolism of steroids	S:FALSE	N:	N:	N:	N:	N:	N:	N:	N:	N:	N:	N:	N:	N:
S:REACTOME_AUTOPHAGY	S:REACTOME_AUTOPHAGY	S:10/796	S:141/8971	D:0.0709219858156028	D:0.799297907979614	D:-0.749531654137433	D:0.81387297637109	D:0.999999999737144	D:0.938932697350849	S:IFT88/ARL13B/RRAGC/PIK3R4/PIK3C3/NBR1/CHMP2B/HSPA8/RB1CC1/PRKAB2	D:10	S:Autophagy	S:FALSE	N:	N:	N:	N:	N:	N:	N:	N:	N:	N:	N:	N:	N:
S:REACTOME_HEPARAN_SULFATE_HEPARIN_HS_GAG_METABOLISM	S:REACTOME_HEPARAN_SULFATE_HEPARIN_HS_GAG_METABOLISM	S:2/796	S:34/8971	D:0.0588235294117647	D:0.662947088383092	D:-0.614399052683818	D:0.817514234576452	D:0.999999999737144	D:0.938932697350849	S:EXTL2/HS3ST3B1	D:2	S:Heparan sulfate heparin hs gag metabolism	S:FALSE	N:	N:	N:	N:	N:	N:	N:	N:	N:	N:	N:	N:	N:
S:REACTOME_MITOCHONDRIAL_FATTY_ACID_BETA_OXIDATION	S:REACTOME_MITOCHONDRIAL_FATTY_ACID_BETA_OXIDATION	S:2/796	S:34/8971	D:0.0588235294117647	D:0.662947088383092	D:-0.614399052683818	D:0.817514234576452	D:0.999999999737144	D:0.938932697350849	S:THEM4/ACBD6	D:2	S:Mitochondrial fatty acid beta oxidation	S:FALSE	N:	N:	N:	N:	N:	N:	N:	N:	N:	N:	N:	N:	N:
S:REACTOME_RHO_GTPASES_ACTIVATE_WASPS_AND_WAVES	S:REACTOME_RHO_GTPASES_ACTIVATE_WASPS_AND_WAVES	S:2/796	S:34/8971	D:0.0588235294117647	D:0.662947088383092	D:-0.614399052683818	D:0.817514234576452	D:0.999999999737144	D:0.938932697350849	S:ABI2/PTK2	D:2	S:Rho gtpases activate wasps and waves	S:FALSE	N:	N:	N:	N:	N:	N:	N:	N:	N:	N:	N:	N:	N:
S:REACTOME_SLC_MEDIATED_TRANSPORT_OF_AMINO_ACIDS	S:REACTOME_SLC_MEDIATED_TRANSPORT_OF_AMINO_ACIDS	S:2/796	S:34/8971	D:0.0588235294117647	D:0.662947088383092	D:-0.614399052683818	D:0.817514234576452	D:0.999999999737144	D:0.938932697350849	S:SLC38A1/SLC16A10	D:2	S:Slc mediated transport of amino acids	S:FALSE	N:	N:	N:	N:	N:	N:	N:	N:	N:	N:	N:	N:	N:
S:REACTOME_PKR_MEDIATED_SIGNALING	S:REACTOME_PKR_MEDIATED_SIGNALING	S:4/796	S:63/8971	D:0.0634920634920635	D:0.715561936667464	D:-0.706930563259739	D:0.822190349664568	D:0.999999999737144	D:0.938932697350849	S:PPP2CB/HSPA8/FANCF/NPM1	D:4	S:Pkr mediated signaling	S:FALSE	N:	N:	N:	N:	N:	N:	N:	N:	N:	N:	N:	N:	N:
S:REACTOME_FORMATION_OF_TC_NER_PRE_INCISION_COMPLEX	S:REACTOME_FORMATION_OF_TC_NER_PRE_INCISION_COMPLEX	S:3/796	S:49/8971	D:0.0612244897959184	D:0.690006153215055	D:-0.67893606458133	D:0.82247864121608	D:0.999999999737144	D:0.938932697350849	S:ERCC6/CDK7/USP7	D:3	S:Formation of tc ner pre incision complex	S:FALSE	N:	N:	N:	N:	N:	N:	N:	N:	N:	N:	N:	N:	N:
S:REACTOME_G_PROTEIN_MEDIATED_EVENTS	S:REACTOME_G_PROTEIN_MEDIATED_EVENTS	S:3/796	S:49/8971	D:0.0612244897959184	D:0.690006153215055	D:-0.67893606458133	D:0.82247864121608	D:0.999999999737144	D:0.938932697350849	S:ITPR1/PRKCA/CAMK2D	D:3	S:G protein mediated events	S:FALSE	N:	N:	N:	N:	N:	N:	N:	N:	N:	N:	N:	N:	N:
S:REACTOME_MRNA_SPLICING_MINOR_PATHWAY	S:REACTOME_MRNA_SPLICING_MINOR_PATHWAY	S:3/796	S:49/8971	D:0.0612244897959184	D:0.690006153215055	D:-0.67893606458133	D:0.82247864121608	D:0.999999999737144	D:0.938932697350849	S:SNRNP48/NCBP1/SF3B1	D:3	S:Mrna splicing minor pathway	S:FALSE	N:	N:	N:	N:	N:	N:	N:	N:	N:	N:	N:	N:	N:
S:REACTOME_PROTEASOME_ASSEMBLY	S:REACTOME_PROTEASOME_ASSEMBLY	S:3/796	S:49/8971	D:0.0612244897959184	D:0.690006153215055	D:-0.67893606458133	D:0.82247864121608	D:0.999999999737144	D:0.938932697350849	S:PSMD7/PSMA5/PSMD5	D:3	S:Proteasome assembly	S:FALSE	N:	N:	N:	N:	N:	N:	N:	N:	N:	N:	N:	N:	N:
S:REACTOME_SCF_SKP2_MEDIATED_DEGRADATION_OF_P27_P21	S:REACTOME_SCF_SKP2_MEDIATED_DEGRADATION_OF_P27_P21	S:3/796	S:49/8971	D:0.0612244897959184	D:0.690006153215055	D:-0.67893606458133	D:0.82247864121608	D:0.999999999737144	D:0.938932697350849	S:PSMD7/PSMA5/CCNE1	D:3	S:Scf skp2 mediated degradation of p27 p21	S:FALSE	N:	N:	N:	N:	N:	N:	N:	N:	N:	N:	N:	N:	N:
S:REACTOME_SIGNALING_BY_FGFR	S:REACTOME_SIGNALING_BY_FGFR	S:5/796	S:77/8971	D:0.0649350649350649	D:0.731824707955361	D:-0.737436173047207	D:0.825057109244231	D:0.999999999737144	D:0.938932697350849	S:KRAS/SPRY2/NCBP1/PPP2CB/PTPN11	D:5	S:Signaling by fgfr	S:FALSE	N:	N:	N:	N:	N:	N:	N:	N:	N:	N:	N:	N:	N:
S:REACTOME_ABERRANT_REGULATION_OF_MITOTIC_EXIT_IN_CANCER_DUE_TO_RB1_DEFECTS	S:REACTOME_ABERRANT_REGULATION_OF_MITOTIC_EXIT_IN_CANCER_DUE_TO_RB1_DEFECTS	S:1/796	S:19/8971	D:0.0526315789473684	D:0.593163184342766	D:-0.553918518751871	D:0.829201532707095	D:0.999999999737144	D:0.938932697350849	S:RB1	D:1	S:Aberrant regulation of mitotic exit in cancer due to rb1 defects	S:FALSE	N:	N:	N:	N:	N:	N:	N:	N:	N:	N:	N:	N:	N:
S:REACTOME_ABORTIVE_ELONGATION_OF_HIV_1_TRANSCRIPT_IN_THE_ABSENCE_OF_TAT	S:REACTOME_ABORTIVE_ELONGATION_OF_HIV_1_TRANSCRIPT_IN_THE_ABSENCE_OF_TAT	S:1/796	S:19/8971	D:0.0526315789473684	D:0.593163184342766	D:-0.553918518751871	D:0.829201532707095	D:0.999999999737144	D:0.938932697350849	S:NCBP1	D:1	S:Abortive elongation of hiv 1 transcript in the absence of tat	S:FALSE	N:	N:	N:	N:	N:	N:	N:	N:	N:	N:	N:	N:	N:
S:REACTOME_ANTIGEN_PROCESSING_UB_ATP_INDEPENDENT_PROTEASOMAL_DEGRADATION	S:REACTOME_ANTIGEN_PROCESSING_UB_ATP_INDEPENDENT_PROTEASOMAL_DEGRADATION	S:1/796	S:19/8971	D:0.0526315789473684	D:0.593163184342766	D:-0.553918518751871	D:0.829201532707095	D:0.999999999737144	D:0.938932697350849	S:PSMA5	D:1	S:Antigen processing ub atp independent proteasomal degradation	S:FALSE	N:	N:	N:	N:	N:	N:	N:	N:	N:	N:	N:	N:	N:
S:REACTOME_INITIAL_TRIGGERING_OF_COMPLEMENT	S:REACTOME_INITIAL_TRIGGERING_OF_COMPLEMENT	S:1/796	S:19/8971	D:0.0526315789473684	D:0.593163184342766	D:-0.553918518751871	D:0.829201532707095	D:0.999999999737144	D:0.938932697350849	S:IGLV6-57	D:1	S:Initial triggering of complement	S:FALSE	N:	N:	N:	N:	N:	N:	N:	N:	N:	N:	N:	N:	N:
S:REACTOME_LISTERIA_MONOCYTOGENES_ENTRY_INTO_HOST_CELLS	S:REACTOME_LISTERIA_MONOCYTOGENES_ENTRY_INTO_HOST_CELLS	S:1/796	S:19/8971	D:0.0526315789473684	D:0.593163184342766	D:-0.553918518751871	D:0.829201532707095	D:0.999999999737144	D:0.938932697350849	S:MET	D:1	S:Listeria monocytogenes entry into host cells	S:FALSE	N:	N:	N:	N:	N:	N:	N:	N:	N:	N:	N:	N:	N:
S:REACTOME_NOTCH4_INTRACELLULAR_DOMAIN_REGULATES_TRANSCRIPTION	S:REACTOME_NOTCH4_INTRACELLULAR_DOMAIN_REGULATES_TRANSCRIPTION	S:1/796	S:19/8971	D:0.0526315789473684	D:0.593163184342766	D:-0.553918518751871	D:0.829201532707095	D:0.999999999737144	D:0.938932697350849	S:SMAD3	D:1	S:Notch4 intracellular domain regulates transcription	S:FALSE	N:	N:	N:	N:	N:	N:	N:	N:	N:	N:	N:	N:	N:
S:REACTOME_PHOSPHORYLATION_OF_THE_APC_C	S:REACTOME_PHOSPHORYLATION_OF_THE_APC_C	S:1/796	S:19/8971	D:0.0526315789473684	D:0.593163184342766	D:-0.553918518751871	D:0.829201532707095	D:0.999999999737144	D:0.938932697350849	S:CCNB1	D:1	S:Phosphorylation of the apc c	S:FALSE	N:	N:	N:	N:	N:	N:	N:	N:	N:	N:	N:	N:	N:
S:REACTOME_RA_BIOSYNTHESIS_PATHWAY	S:REACTOME_RA_BIOSYNTHESIS_PATHWAY	S:1/796	S:19/8971	D:0.0526315789473684	D:0.593163184342766	D:-0.553918518751871	D:0.829201532707095	D:0.999999999737144	D:0.938932697350849	S:DHRS3	D:1	S:Ra biosynthesis pathway	S:FALSE	N:	N:	N:	N:	N:	N:	N:	N:	N:	N:	N:	N:	N:
S:REACTOME_SIGNALLING_TO_RAS	S:REACTOME_SIGNALLING_TO_RAS	S:1/796	S:19/8971	D:0.0526315789473684	D:0.593163184342766	D:-0.553918518751871	D:0.829201532707095	D:0.999999999737144	D:0.938932697350849	S:KRAS	D:1	S:Signalling to ras	S:FALSE	N:	N:	N:	N:	N:	N:	N:	N:	N:	N:	N:	N:	N:
S:REACTOME_TICAM1_RIP1_MEDIATED_IKK_COMPLEX_RECRUITMENT	S:REACTOME_TICAM1_RIP1_MEDIATED_IKK_COMPLEX_RECRUITMENT	S:1/796	S:19/8971	D:0.0526315789473684	D:0.593163184342766	D:-0.553918518751871	D:0.829201532707095	D:0.999999999737144	D:0.938932697350849	S:TRAF6	D:1	S:Ticam1 rip1 mediated ikk complex recruitment	S:FALSE	N:	N:	N:	N:	N:	N:	N:	N:	N:	N:	N:	N:	N:
S:REACTOME_TP53_REGULATES_TRANSCRIPTION_OF_GENES_INVOLVED_IN_CYTOCHROME_C_RELEASE	S:REACTOME_TP53_REGULATES_TRANSCRIPTION_OF_GENES_INVOLVED_IN_CYTOCHROME_C_RELEASE	S:1/796	S:19/8971	D:0.0526315789473684	D:0.593163184342766	D:-0.553918518751871	D:0.829201532707095	D:0.999999999737144	D:0.938932697350849	S:PPP1R13B	D:1	S:Tp53 regulates transcription of genes involved in cytochrome c release	S:FALSE	N:	N:	N:	N:	N:	N:	N:	N:	N:	N:	N:	N:	N:
S:REACTOME_XENOBIOTICS	S:REACTOME_XENOBIOTICS	S:1/796	S:19/8971	D:0.0526315789473684	D:0.593163184342766	D:-0.553918518751871	D:0.829201532707095	D:0.999999999737144	D:0.938932697350849	S:CYP2J2	D:1	S:Xenobiotics	S:FALSE	N:	N:	N:	N:	N:	N:	N:	N:	N:	N:	N:	N:	N:
S:REACTOME_P75_NTR_RECEPTOR_MEDIATED_SIGNALLING	S:REACTOME_P75_NTR_RECEPTOR_MEDIATED_SIGNALLING	S:6/796	S:91/8971	D:0.0659340659340659	D:0.743083549616213	D:-0.768625876090626	D:0.829442388922775	D:0.999999999737144	D:0.938932697350849	S:HDAC1/HDAC2/ARHGEF4/NFKBIA/ARHGEF3/TRAF6	D:6	S:P75 ntr receptor mediated signalling	S:FALSE	N:	N:	N:	N:	N:	N:	N:	N:	N:	N:	N:	N:	N:
S:REACTOME_BILE_ACID_AND_BILE_SALT_METABOLISM	S:REACTOME_BILE_ACID_AND_BILE_SALT_METABOLISM	S:2/796	S:35/8971	D:0.0571428571428571	D:0.644005743000718	D:-0.658437123133518	D:0.829993231118562	D:0.999999999737144	D:0.938932697350849	S:SCP2/OSBPL9	D:2	S:Bile acid and bile salt metabolism	S:FALSE	N:	N:	N:	N:	N:	N:	N:	N:	N:	N:	N:	N:	N:
S:REACTOME_NCAM1_INTERACTIONS	S:REACTOME_NCAM1_INTERACTIONS	S:2/796	S:35/8971	D:0.0571428571428571	D:0.644005743000718	D:-0.658437123133518	D:0.829993231118562	D:0.999999999737144	D:0.938932697350849	S:CACNB4/PRNP	D:2	S:Ncam1 interactions	S:FALSE	N:	N:	N:	N:	N:	N:	N:	N:	N:	N:	N:	N:	N:
S:REACTOME_RHOBTB_GTPASE_CYCLE	S:REACTOME_RHOBTB_GTPASE_CYCLE	S:2/796	S:35/8971	D:0.0571428571428571	D:0.644005743000718	D:-0.658437123133518	D:0.829993231118562	D:0.999999999737144	D:0.938932697350849	S:SRRM1/RBBP6	D:2	S:Rhobtb gtpase cycle	S:FALSE	N:	N:	N:	N:	N:	N:	N:	N:	N:	N:	N:	N:	N:
S:REACTOME_SIGNALING_BY_FGFR2_IN_DISEASE	S:REACTOME_SIGNALING_BY_FGFR2_IN_DISEASE	S:2/796	S:35/8971	D:0.0571428571428571	D:0.644005743000718	D:-0.658437123133518	D:0.829993231118562	D:0.999999999737144	D:0.938932697350849	S:KRAS/NCBP1	D:2	S:Signaling by fgfr2 in disease	S:FALSE	N:	N:	N:	N:	N:	N:	N:	N:	N:	N:	N:	N:	N:
S:REACTOME_TRANSCRIPTIONAL_REGULATION_BY_VENTX	S:REACTOME_TRANSCRIPTIONAL_REGULATION_BY_VENTX	S:2/796	S:35/8971	D:0.0571428571428571	D:0.644005743000718	D:-0.658437123133518	D:0.829993231118562	D:0.999999999737144	D:0.938932697350849	S:TNRC6C/LEF1	D:2	S:Transcriptional regulation by ventx	S:FALSE	N:	N:	N:	N:	N:	N:	N:	N:	N:	N:	N:	N:	N:
S:REACTOME_TRANSMISSION_ACROSS_CHEMICAL_SYNAPSES	S:REACTOME_TRANSMISSION_ACROSS_CHEMICAL_SYNAPSES	S:16/796	S:220/8971	D:0.0727272727272727	D:0.819643672910005	D:-0.845128515796536	D:0.832532459479119	D:0.999999999737144	D:0.938932697350849	S:CACNB4/SLC38A1/KRAS/SLC18A2/GLS/UNC13B/GRIK3/CASK/GLS2/GRIP1/HSPA8/PRKCB/DLG1/PRKCA/CAMK2D/PRKAB2	D:16	S:Transmission across chemical synapses	S:FALSE	N:	N:	N:	N:	N:	N:	N:	N:	N:	N:	N:	N:	N:
S:REACTOME_DISEASES_ASSOCIATED_WITH_O_GLYCOSYLATION_OF_PROTEINS	S:REACTOME_DISEASES_ASSOCIATED_WITH_O_GLYCOSYLATION_OF_PROTEINS	S:3/796	S:50/8971	D:0.06	D:0.676206030150754	D:-0.716400472562318	D:0.832908195168083	D:0.999999999737144	D:0.938932697350849	S:ADAMTS16/SEMA5B/ADAMTS4	D:3	S:Diseases associated with o glycosylation of proteins	S:FALSE	N:	N:	N:	N:	N:	N:	N:	N:	N:	N:	N:	N:	N:
S:REACTOME_CLASS_B_2_SECRETIN_FAMILY_RECEPTORS	S:REACTOME_CLASS_B_2_SECRETIN_FAMILY_RECEPTORS	S:4/796	S:65/8971	D:0.0615384615384615	D:0.693544646308465	D:-0.773733535073821	D:0.840456519186084	D:0.999999999737144	D:0.938932697350849	S:FZD7/FZD6/WNT1/FZD3	D:4	S:Class b 2 secretin family receptors	S:FALSE	N:	N:	N:	N:	N:	N:	N:	N:	N:	N:	N:	N:	N:
S:REACTOME_SIGNALING_BY_NUCLEAR_RECEPTORS	S:REACTOME_SIGNALING_BY_NUCLEAR_RECEPTORS	S:15/796	S:209/8971	D:0.0717703349282297	D:0.808858887740136	D:-0.872437856822012	D:0.840557045756378	D:0.999999999737144	D:0.938932697350849	S:MED1/SMC3/RAD21/YY1/KRAS/JUN/HDAC1/ZNF217/TNRC6C/EGF/DLAT/NCOA3/CBFB/PTK2/DHRS3	D:15	S:Signaling by nuclear receptors	S:FALSE	N:	N:	N:	N:	N:	N:	N:	N:	N:	N:	N:	N:	N:
S:REACTOME_ACTIVATION_OF_NMDA_RECEPTORS_AND_POSTSYNAPTIC_EVENTS	S:REACTOME_ACTIVATION_OF_NMDA_RECEPTORS_AND_POSTSYNAPTIC_EVENTS	S:5/796	S:79/8971	D:0.0632911392405063	D:0.713297500159023	D:-0.798645728219714	D:0.841599549549053	D:0.999999999737144	D:0.938932697350849	S:KRAS/CASK/DLG1/CAMK2D/PRKAB2	D:5	S:Activation of nmda receptors and postsynaptic events	S:FALSE	N:	N:	N:	N:	N:	N:	N:	N:	N:	N:	N:	N:	N:
S:REACTOME_SELECTIVE_AUTOPHAGY	S:REACTOME_SELECTIVE_AUTOPHAGY	S:5/796	S:79/8971	D:0.0632911392405063	D:0.713297500159023	D:-0.798645728219714	D:0.841599549549053	D:0.999999999737144	D:0.938932697350849	S:IFT88/ARL13B/NBR1/HSPA8/PRKAB2	D:5	S:Selective autophagy	S:FALSE	N:	N:	N:	N:	N:	N:	N:	N:	N:	N:	N:	N:	N:
S:REACTOME_AGGREPHAGY	S:REACTOME_AGGREPHAGY	S:2/796	S:36/8971	D:0.0555555555555556	D:0.626116694584031	D:-0.701372801226901	D:0.841697835246627	D:0.999999999737144	D:0.938932697350849	S:IFT88/ARL13B	D:2	S:Aggrephagy	S:FALSE	N:	N:	N:	N:	N:	N:	N:	N:	N:	N:	N:	N:	N:
S:REACTOME_SIGNALING_BY_RETINOIC_ACID	S:REACTOME_SIGNALING_BY_RETINOIC_ACID	S:2/796	S:36/8971	D:0.0555555555555556	D:0.626116694584031	D:-0.701372801226901	D:0.841697835246627	D:0.999999999737144	D:0.938932697350849	S:DLAT/DHRS3	D:2	S:Signaling by retinoic acid	S:FALSE	N:	N:	N:	N:	N:	N:	N:	N:	N:	N:	N:	N:	N:
S:REACTOME_P53_DEPENDENT_G1_DNA_DAMAGE_RESPONSE	S:REACTOME_P53_DEPENDENT_G1_DNA_DAMAGE_RESPONSE	S:3/796	S:51/8971	D:0.0588235294117647	D:0.662947088383092	D:-0.753198798760888	D:0.842806587365553	D:0.999999999737144	D:0.938932697350849	S:PSMD7/PSMA5/CCNE1	D:3	S:P53 dependent g1 dna damage response	S:FALSE	N:	N:	N:	N:	N:	N:	N:	N:	N:	N:	N:	N:	N:
S:REACTOME_DISEASES_ASSOCIATED_WITH_N_GLYCOSYLATION_OF_PROTEINS	S:REACTOME_DISEASES_ASSOCIATED_WITH_N_GLYCOSYLATION_OF_PROTEINS	S:1/796	S:20/8971	D:0.05	D:0.563505025125628	D:-0.609771809141119	D:0.844388706519109	D:0.999999999737144	D:0.938932697350849	S:ALG9	D:1	S:Diseases associated with n glycosylation of proteins	S:FALSE	N:	N:	N:	N:	N:	N:	N:	N:	N:	N:	N:	N:	N:
S:REACTOME_HDMS_DEMETHYLATE_HISTONES	S:REACTOME_HDMS_DEMETHYLATE_HISTONES	S:1/796	S:20/8971	D:0.05	D:0.563505025125628	D:-0.609771809141119	D:0.844388706519109	D:0.999999999737144	D:0.938932697350849	S:KDM4C	D:1	S:Hdms demethylate histones	S:FALSE	N:	N:	N:	N:	N:	N:	N:	N:	N:	N:	N:	N:	N:
S:REACTOME_INHIBITION_OF_DNA_RECOMBINATION_AT_TELOMERE	S:REACTOME_INHIBITION_OF_DNA_RECOMBINATION_AT_TELOMERE	S:1/796	S:20/8971	D:0.05	D:0.563505025125628	D:-0.609771809141119	D:0.844388706519109	D:0.999999999737144	D:0.938932697350849	S:TERF1	D:1	S:Inhibition of dna recombination at telomere	S:FALSE	N:	N:	N:	N:	N:	N:	N:	N:	N:	N:	N:	N:	N:
S:REACTOME_INHIBITION_OF_THE_PROTEOLYTIC_ACTIVITY_OF_APC_C_REQUIRED_FOR_THE_ONSET_OF_ANAPHASE_BY_MITOTIC_SPINDLE_CHECKPOINT_COMPONENTS	S:REACTOME_INHIBITION_OF_THE_PROTEOLYTIC_ACTIVITY_OF_APC_C_REQUIRED_FOR_THE_ONSET_OF_ANAPHASE_BY_MITOTIC_SPINDLE_CHECKPOINT_COMPONENTS	S:1/796	S:20/8971	D:0.05	D:0.563505025125628	D:-0.609771809141119	D:0.844388706519109	D:0.999999999737144	D:0.938932697350849	S:BUB3	D:1	S:Inhibition of the proteolytic activity of apc c required for the onset of anaphase by mitotic spindle checkpoint components	S:FALSE	N:	N:	N:	N:	N:	N:	N:	N:	N:	N:	N:	N:	N:
S:REACTOME_INSERTION_OF_TAIL_ANCHORED_PROTEINS_INTO_THE_ENDOPLASMIC_RETICULUM_MEMBRANE	S:REACTOME_INSERTION_OF_TAIL_ANCHORED_PROTEINS_INTO_THE_ENDOPLASMIC_RETICULUM_MEMBRANE	S:1/796	S:20/8971	D:0.05	D:0.563505025125628	D:-0.609771809141119	D:0.844388706519109	D:0.999999999737144	D:0.938932697350849	S:PRNP	D:1	S:Insertion of tail anchored proteins into the endoplasmic reticulum membrane	S:FALSE	N:	N:	N:	N:	N:	N:	N:	N:	N:	N:	N:	N:	N:
S:REACTOME_INTERLEUKIN_20_FAMILY_SIGNALING	S:REACTOME_INTERLEUKIN_20_FAMILY_SIGNALING	S:1/796	S:20/8971	D:0.05	D:0.563505025125628	D:-0.609771809141119	D:0.844388706519109	D:0.999999999737144	D:0.938932697350849	S:PTPN11	D:1	S:Interleukin 20 family signaling	S:FALSE	N:	N:	N:	N:	N:	N:	N:	N:	N:	N:	N:	N:	N:
S:REACTOME_MICRORNA_MIRNA_BIOGENESIS	S:REACTOME_MICRORNA_MIRNA_BIOGENESIS	S:1/796	S:20/8971	D:0.05	D:0.563505025125628	D:-0.609771809141119	D:0.844388706519109	D:0.999999999737144	D:0.938932697350849	S:DROSHA	D:1	S:Microrna mirna biogenesis	S:FALSE	N:	N:	N:	N:	N:	N:	N:	N:	N:	N:	N:	N:	N:
S:REACTOME_PHOSPHORYLATION_OF_CD3_AND_TCR_ZETA_CHAINS	S:REACTOME_PHOSPHORYLATION_OF_CD3_AND_TCR_ZETA_CHAINS	S:1/796	S:20/8971	D:0.05	D:0.563505025125628	D:-0.609771809141119	D:0.844388706519109	D:0.999999999737144	D:0.938932697350849	S:PAG1	D:1	S:Phosphorylation of cd3 and tcr zeta chains	S:FALSE	N:	N:	N:	N:	N:	N:	N:	N:	N:	N:	N:	N:	N:
S:REACTOME_PRESYNAPTIC_FUNCTION_OF_KAINATE_RECEPTORS	S:REACTOME_PRESYNAPTIC_FUNCTION_OF_KAINATE_RECEPTORS	S:1/796	S:20/8971	D:0.05	D:0.563505025125628	D:-0.609771809141119	D:0.844388706519109	D:0.999999999737144	D:0.938932697350849	S:GRIK3	D:1	S:Presynaptic function of kainate receptors	S:FALSE	N:	N:	N:	N:	N:	N:	N:	N:	N:	N:	N:	N:	N:
S:REACTOME_SELENOAMINO_ACID_METABOLISM	S:REACTOME_SELENOAMINO_ACID_METABOLISM	S:7/796	S:107/8971	D:0.0654205607476635	D:0.737296294556897	D:-0.853006004825979	D:0.848440985365423	D:0.999999999737144	D:0.938932697350849	S:SECISBP2/RPS28/RPL19/RPL38/RPL18/SEPSECS/RPLP2	D:7	S:Selenoamino acid metabolism	S:FALSE	N:	N:	N:	N:	N:	N:	N:	N:	N:	N:	N:	N:	N:
S:REACTOME_CELLULAR_RESPONSE_TO_STARVATION	S:REACTOME_CELLULAR_RESPONSE_TO_STARVATION	S:10/796	S:147/8971	D:0.0680272108843537	D:0.766673503572283	D:-0.890018127423668	D:0.851261657500832	D:0.999999999737144	D:0.938932697350849	S:RRAGC/ATP6V1E2/SEH1L/RPS28/ATP6V1A/RPL19/RPL38/RPL18/SESN1/RPLP2	D:10	S:Cellular response to starvation	S:FALSE	N:	N:	N:	N:	N:	N:	N:	N:	N:	N:	N:	N:	N:
S:REACTOME_MITOCHONDRIAL_PROTEIN_IMPORT	S:REACTOME_MITOCHONDRIAL_PROTEIN_IMPORT	S:3/796	S:52/8971	D:0.0576923076923077	D:0.650198105914186	D:-0.789359102350053	D:0.85219309762187	D:0.999999999737144	D:0.938932697350849	S:HSPA9/GRPEL2/HSPD1	D:3	S:Mitochondrial protein import	S:FALSE	N:	N:	N:	N:	N:	N:	N:	N:	N:	N:	N:	N:	N:
S:REACTOME_REGULATION_OF_ORNITHINE_DECARBOXYLASE_ODC	S:REACTOME_REGULATION_OF_ORNITHINE_DECARBOXYLASE_ODC	S:2/796	S:37/8971	D:0.0540540540540541	D:0.609194621757436	D:-0.743271181635954	D:0.852667020823209	D:0.999999999737144	D:0.938932697350849	S:PSMD7/PSMA5	D:2	S:Regulation of ornithine decarboxylase odc	S:FALSE	N:	N:	N:	N:	N:	N:	N:	N:	N:	N:	N:	N:	N:
S:REACTOME_RET_SIGNALING	S:REACTOME_RET_SIGNALING	S:2/796	S:37/8971	D:0.0540540540540541	D:0.609194621757436	D:-0.743271181635954	D:0.852667020823209	D:0.999999999737144	D:0.938932697350849	S:PRKCA/PTPN11	D:2	S:Ret signaling	S:FALSE	N:	N:	N:	N:	N:	N:	N:	N:	N:	N:	N:	N:	N:
S:REACTOME_INFLAMMASOMES	S:REACTOME_INFLAMMASOMES	S:1/796	S:21/8971	D:0.0476190476190476	D:0.536671452500598	D:-0.663278720036975	D:0.858227002755372	D:0.999999999737144	D:0.938932697350849	S:TXNIP	D:1	S:Inflammasomes	S:FALSE	N:	N:	N:	N:	N:	N:	N:	N:	N:	N:	N:	N:	N:
S:REACTOME_NEF_MEDIATES_DOWN_MODULATION_OF_CELL_SURFACE_RECEPTORS_BY_RECRUITING_THEM_TO_CLATHRIN_ADAPTERS	S:REACTOME_NEF_MEDIATES_DOWN_MODULATION_OF_CELL_SURFACE_RECEPTORS_BY_RECRUITING_THEM_TO_CLATHRIN_ADAPTERS	S:1/796	S:21/8971	D:0.0476190476190476	D:0.536671452500598	D:-0.663278720036975	D:0.858227002755372	D:0.999999999737144	D:0.938932697350849	S:AP1S3	D:1	S:Nef mediates down modulation of cell surface receptors by recruiting them to clathrin adapters	S:FALSE	N:	N:	N:	N:	N:	N:	N:	N:	N:	N:	N:	N:	N:
S:REACTOME_NEPHRIN_FAMILY_INTERACTIONS	S:REACTOME_NEPHRIN_FAMILY_INTERACTIONS	S:1/796	S:21/8971	D:0.0476190476190476	D:0.536671452500598	D:-0.663278720036975	D:0.858227002755372	D:0.999999999737144	D:0.938932697350849	S:CASK	D:1	S:Nephrin family interactions	S:FALSE	N:	N:	N:	N:	N:	N:	N:	N:	N:	N:	N:	N:	N:
S:REACTOME_SYNTHESIS_OF_BILE_ACIDS_AND_BILE_SALTS_VIA_7ALPHA_HYDROXYCHOLESTEROL	S:REACTOME_SYNTHESIS_OF_BILE_ACIDS_AND_BILE_SALTS_VIA_7ALPHA_HYDROXYCHOLESTEROL	S:1/796	S:21/8971	D:0.0476190476190476	D:0.536671452500598	D:-0.663278720036975	D:0.858227002755372	D:0.999999999737144	D:0.938932697350849	S:SCP2	D:1	S:Synthesis of bile acids and bile salts via 7alpha hydroxycholesterol	S:FALSE	N:	N:	N:	N:	N:	N:	N:	N:	N:	N:	N:	N:	N:
S:REACTOME_EXTRACELLULAR_MATRIX_ORGANIZATION	S:REACTOME_EXTRACELLULAR_MATRIX_ORGANIZATION	S:20/796	S:276/8971	D:0.072463768115942	D:0.816673949457432	D:-0.965278882007489	D:0.859632066215429	D:0.999999999737144	D:0.938932697350849	S:PRSS1/ITGA6/LAMA2/NID2/COL20A1/CASK/ADAMTS16/SNTG2/ADAMTS4/ICAM2/BMP10/CAPN14/TGFB2/SCUBE3/SH3PXD2A/PRKCA/FBLN5/SNTB1/UTRN/SSPN	D:20	S:Extracellular matrix organization	S:FALSE	N:	N:	N:	N:	N:	N:	N:	N:	N:	N:	N:	N:	N:
S:REACTOME_COMPLEX_I_BIOGENESIS	S:REACTOME_COMPLEX_I_BIOGENESIS	S:3/796	S:53/8971	D:0.0566037735849057	D:0.637930217123353	D:-0.824907699245836	D:0.861087118659714	D:0.999999999737144	D:0.938932697350849	S:NDUFS4/NDUFS1/HSPA9	D:3	S:Complex i biogenesis	S:FALSE	N:	N:	N:	N:	N:	N:	N:	N:	N:	N:	N:	N:	N:
S:REACTOME_REGULATION_OF_EXPRESSION_OF_SLITS_AND_ROBOS	S:REACTOME_REGULATION_OF_EXPRESSION_OF_SLITS_AND_ROBOS	S:10/796	S:149/8971	D:0.0671140939597315	D:0.756382584061246	D:-0.935678853611638	D:0.862325572676642	D:0.999999999737144	D:0.938932697350849	S:ETF1/PSMD7/RPS28/PABPC1/PSMA5/NCBP1/RPL19/RPL38/RPL18/RPLP2	D:10	S:Regulation of expression of slits and robos	S:FALSE	N:	N:	N:	N:	N:	N:	N:	N:	N:	N:	N:	N:	N:
S:REACTOME_EPHB_MEDIATED_FORWARD_SIGNALING	S:REACTOME_EPHB_MEDIATED_FORWARD_SIGNALING	S:2/796	S:38/8971	D:0.0526315789473684	D:0.593163184342766	D:-0.784191720014476	D:0.862938951126777	D:0.999999999737144	D:0.938932697350849	S:PTK2/YES1	D:2	S:Ephb mediated forward signaling	S:FALSE	N:	N:	N:	N:	N:	N:	N:	N:	N:	N:	N:	N:	N:
S:REACTOME_METABOLISM_OF_FAT_SOLUBLE_VITAMINS	S:REACTOME_METABOLISM_OF_FAT_SOLUBLE_VITAMINS	S:2/796	S:38/8971	D:0.0526315789473684	D:0.593163184342766	D:-0.784191720014476	D:0.862938951126777	D:0.999999999737144	D:0.938932697350849	S:LRP12/VKORC1L1	D:2	S:Metabolism of fat soluble vitamins	S:FALSE	N:	N:	N:	N:	N:	N:	N:	N:	N:	N:	N:	N:	N:
S:REACTOME_MTOR_SIGNALLING	S:REACTOME_MTOR_SIGNALLING	S:2/796	S:38/8971	D:0.0526315789473684	D:0.593163184342766	D:-0.784191720014476	D:0.862938951126777	D:0.999999999737144	D:0.938932697350849	S:RRAGC/PRKAB2	D:2	S:Mtor signalling	S:FALSE	N:	N:	N:	N:	N:	N:	N:	N:	N:	N:	N:	N:	N:
S:REACTOME_UBIQUITIN_DEPENDENT_DEGRADATION_OF_CYCLIN_D	S:REACTOME_UBIQUITIN_DEPENDENT_DEGRADATION_OF_CYCLIN_D	S:2/796	S:38/8971	D:0.0526315789473684	D:0.593163184342766	D:-0.784191720014476	D:0.862938951126777	D:0.999999999737144	D:0.938932697350849	S:PSMD7/PSMA5	D:2	S:Ubiquitin dependent degradation of cyclin d	S:FALSE	N:	N:	N:	N:	N:	N:	N:	N:	N:	N:	N:	N:	N:
S:REACTOME_VASOPRESSIN_REGULATES_RENAL_WATER_HOMEOSTASIS_VIA_AQUAPORINS	S:REACTOME_VASOPRESSIN_REGULATES_RENAL_WATER_HOMEOSTASIS_VIA_AQUAPORINS	S:2/796	S:38/8971	D:0.0526315789473684	D:0.593163184342766	D:-0.784191720014476	D:0.862938951126777	D:0.999999999737144	D:0.938932697350849	S:MYO5B/AQP3	D:2	S:Vasopressin regulates renal water homeostasis via aquaporins	S:FALSE	N:	N:	N:	N:	N:	N:	N:	N:	N:	N:	N:	N:	N:
S:REACTOME_VIF_MEDIATED_DEGRADATION_OF_APOBEC3G	S:REACTOME_VIF_MEDIATED_DEGRADATION_OF_APOBEC3G	S:2/796	S:38/8971	D:0.0526315789473684	D:0.593163184342766	D:-0.784191720014476	D:0.862938951126777	D:0.999999999737144	D:0.938932697350849	S:PSMD7/PSMA5	D:2	S:Vif mediated degradation of apobec3g	S:FALSE	N:	N:	N:	N:	N:	N:	N:	N:	N:	N:	N:	N:	N:
S:REACTOME_ATTACHMENT_OF_BACTERIA_TO_EPITHELIAL_CELLS	S:REACTOME_ATTACHMENT_OF_BACTERIA_TO_EPITHELIAL_CELLS	S:1/796	S:22/8971	D:0.0454545454545455	D:0.512277295568753	D:-0.714670629401848	D:0.870836087203051	D:0.999999999737144	D:0.938932697350849	S:LAMA2	D:1	S:Attachment of bacteria to epithelial cells	S:FALSE	N:	N:	N:	N:	N:	N:	N:	N:	N:	N:	N:	N:	N:
S:REACTOME_CLASS_C_3_METABOTROPIC_GLUTAMATE_PHEROMONE_RECEPTORS	S:REACTOME_CLASS_C_3_METABOTROPIC_GLUTAMATE_PHEROMONE_RECEPTORS	S:1/796	S:22/8971	D:0.0454545454545455	D:0.512277295568753	D:-0.714670629401848	D:0.870836087203051	D:0.999999999737144	D:0.938932697350849	S:TAS2R50	D:1	S:Class c 3 metabotropic glutamate pheromone receptors	S:FALSE	N:	N:	N:	N:	N:	N:	N:	N:	N:	N:	N:	N:	N:
S:REACTOME_GROWTH_HORMONE_RECEPTOR_SIGNALING	S:REACTOME_GROWTH_HORMONE_RECEPTOR_SIGNALING	S:1/796	S:22/8971	D:0.0454545454545455	D:0.512277295568753	D:-0.714670629401848	D:0.870836087203051	D:0.999999999737144	D:0.938932697350849	S:IRS1	D:1	S:Growth hormone receptor signaling	S:FALSE	N:	N:	N:	N:	N:	N:	N:	N:	N:	N:	N:	N:	N:
S:REACTOME_IKK_COMPLEX_RECRUITMENT_MEDIATED_BY_RIP1	S:REACTOME_IKK_COMPLEX_RECRUITMENT_MEDIATED_BY_RIP1	S:1/796	S:22/8971	D:0.0454545454545455	D:0.512277295568753	D:-0.714670629401848	D:0.870836087203051	D:0.999999999737144	D:0.938932697350849	S:TRAF6	D:1	S:Ikk complex recruitment mediated by rip1	S:FALSE	N:	N:	N:	N:	N:	N:	N:	N:	N:	N:	N:	N:	N:
S:REACTOME_INTERLEUKIN_6_FAMILY_SIGNALING	S:REACTOME_INTERLEUKIN_6_FAMILY_SIGNALING	S:1/796	S:22/8971	D:0.0454545454545455	D:0.512277295568753	D:-0.714670629401848	D:0.870836087203051	D:0.999999999737144	D:0.938932697350849	S:PTPN11	D:1	S:Interleukin 6 family signaling	S:FALSE	N:	N:	N:	N:	N:	N:	N:	N:	N:	N:	N:	N:	N:
S:REACTOME_MTORC1_MEDIATED_SIGNALLING	S:REACTOME_MTORC1_MEDIATED_SIGNALLING	S:1/796	S:22/8971	D:0.0454545454545455	D:0.512277295568753	D:-0.714670629401848	D:0.870836087203051	D:0.999999999737144	D:0.938932697350849	S:RRAGC	D:1	S:Mtorc1 mediated signalling	S:FALSE	N:	N:	N:	N:	N:	N:	N:	N:	N:	N:	N:	N:	N:
S:REACTOME_RAF_INDEPENDENT_MAPK1_3_ACTIVATION	S:REACTOME_RAF_INDEPENDENT_MAPK1_3_ACTIVATION	S:1/796	S:22/8971	D:0.0454545454545455	D:0.512277295568753	D:-0.714670629401848	D:0.870836087203051	D:0.999999999737144	D:0.938932697350849	S:PTPN11	D:1	S:Raf independent mapk1 3 activation	S:FALSE	N:	N:	N:	N:	N:	N:	N:	N:	N:	N:	N:	N:	N:
S:REACTOME_REGULATION_OF_EXPRESSION_AND_FUNCTION_OF_TYPE_II_CLASSICAL_CADHERINS	S:REACTOME_REGULATION_OF_EXPRESSION_AND_FUNCTION_OF_TYPE_II_CLASSICAL_CADHERINS	S:1/796	S:22/8971	D:0.0454545454545455	D:0.512277295568753	D:-0.714670629401848	D:0.870836087203051	D:0.999999999737144	D:0.938932697350849	S:TNRC6C	D:1	S:Regulation of expression and function of type ii classical cadherins	S:FALSE	N:	N:	N:	N:	N:	N:	N:	N:	N:	N:	N:	N:	N:
S:REACTOME_REGULATION_OF_SIGNALING_BY_CBL	S:REACTOME_REGULATION_OF_SIGNALING_BY_CBL	S:1/796	S:22/8971	D:0.0454545454545455	D:0.512277295568753	D:-0.714670629401848	D:0.870836087203051	D:0.999999999737144	D:0.938932697350849	S:YES1	D:1	S:Regulation of signaling by cbl	S:FALSE	N:	N:	N:	N:	N:	N:	N:	N:	N:	N:	N:	N:	N:
S:REACTOME_SEMA4D_IN_SEMAPHORIN_SIGNALING	S:REACTOME_SEMA4D_IN_SEMAPHORIN_SIGNALING	S:1/796	S:22/8971	D:0.0454545454545455	D:0.512277295568753	D:-0.714670629401848	D:0.870836087203051	D:0.999999999737144	D:0.938932697350849	S:MET	D:1	S:Sema4d in semaphorin signaling	S:FALSE	N:	N:	N:	N:	N:	N:	N:	N:	N:	N:	N:	N:	N:
S:REACTOME_SURFACTANT_METABOLISM	S:REACTOME_SURFACTANT_METABOLISM	S:1/796	S:22/8971	D:0.0454545454545455	D:0.512277295568753	D:-0.714670629401848	D:0.870836087203051	D:0.999999999737144	D:0.938932697350849	S:TTF1	D:1	S:Surfactant metabolism	S:FALSE	N:	N:	N:	N:	N:	N:	N:	N:	N:	N:	N:	N:	N:
S:REACTOME_CROSS_PRESENTATION_OF_SOLUBLE_EXOGENOUS_ANTIGENS_ENDOSOMES	S:REACTOME_CROSS_PRESENTATION_OF_SOLUBLE_EXOGENOUS_ANTIGENS_ENDOSOMES	S:2/796	S:39/8971	D:0.0512820512820513	D:0.577953871923721	D:-0.824188862286383	D:0.872550815874095	D:0.999999999737144	D:0.938932697350849	S:PSMD7/PSMA5	D:2	S:Cross presentation of soluble exogenous antigens endosomes	S:FALSE	N:	N:	N:	N:	N:	N:	N:	N:	N:	N:	N:	N:	N:
S:REACTOME_DEACTIVATION_OF_THE_BETA_CATENIN_TRANSACTIVATING_COMPLEX	S:REACTOME_DEACTIVATION_OF_THE_BETA_CATENIN_TRANSACTIVATING_COMPLEX	S:2/796	S:39/8971	D:0.0512820512820513	D:0.577953871923721	D:-0.824188862286383	D:0.872550815874095	D:0.999999999737144	D:0.938932697350849	S:HDAC1/LEF1	D:2	S:Deactivation of the beta catenin transactivating complex	S:FALSE	N:	N:	N:	N:	N:	N:	N:	N:	N:	N:	N:	N:	N:
S:REACTOME_METABOLISM_OF_NUCLEOTIDES	S:REACTOME_METABOLISM_OF_NUCLEOTIDES	S:5/796	S:84/8971	D:0.0595238095238095	D:0.670839315625748	D:-0.945755518934816	D:0.877377125478562	D:0.999999999737144	D:0.938932697350849	S:PAICS/RRM1/PFAS/PPAT/NT5E	D:5	S:Metabolism of nucleotides	S:FALSE	N:	N:	N:	N:	N:	N:	N:	N:	N:	N:	N:	N:	N:
S:REACTOME_FBXL7_DOWN_REGULATES_AURKA_DURING_MITOTIC_ENTRY_AND_IN_EARLY_MITOSIS	S:REACTOME_FBXL7_DOWN_REGULATES_AURKA_DURING_MITOTIC_ENTRY_AND_IN_EARLY_MITOSIS	S:2/796	S:40/8971	D:0.05	D:0.563505025125628	D:-0.863312589110104	D:0.881538703472892	D:0.999999999737144	D:0.938932697350849	S:PSMD7/PSMA5	D:2	S:Fbxl7 down regulates aurka during mitotic entry and in early mitosis	S:FALSE	N:	N:	N:	N:	N:	N:	N:	N:	N:	N:	N:	N:	N:
S:REACTOME_RHOF_GTPASE_CYCLE	S:REACTOME_RHOF_GTPASE_CYCLE	S:2/796	S:40/8971	D:0.05	D:0.563505025125628	D:-0.863312589110104	D:0.881538703472892	D:0.999999999737144	D:0.938932697350849	S:ADD3/FAM169A	D:2	S:Rhof gtpase cycle	S:FALSE	N:	N:	N:	N:	N:	N:	N:	N:	N:	N:	N:	N:	N:
S:REACTOME_SIGNALING_BY_MODERATE_KINASE_ACTIVITY_BRAF_MUTANTS	S:REACTOME_SIGNALING_BY_MODERATE_KINASE_ACTIVITY_BRAF_MUTANTS	S:2/796	S:40/8971	D:0.05	D:0.563505025125628	D:-0.863312589110104	D:0.881538703472892	D:0.999999999737144	D:0.938932697350849	S:KRAS/CAMK2D	D:2	S:Signaling by moderate kinase activity braf mutants	S:FALSE	N:	N:	N:	N:	N:	N:	N:	N:	N:	N:	N:	N:	N:
S:REACTOME_ACTIVATION_OF_AMPK_DOWNSTREAM_OF_NMDARS	S:REACTOME_ACTIVATION_OF_AMPK_DOWNSTREAM_OF_NMDARS	S:1/796	S:23/8971	D:0.0434782608695652	D:0.490004369674459	D:-0.764145852162368	D:0.882325021674653	D:0.999999999737144	D:0.938932697350849	S:PRKAB2	D:1	S:Activation of ampk downstream of nmdars	S:FALSE	N:	N:	N:	N:	N:	N:	N:	N:	N:	N:	N:	N:	N:
S:REACTOME_APC_C_CDC20_MEDIATED_DEGRADATION_OF_CYCLIN_B	S:REACTOME_APC_C_CDC20_MEDIATED_DEGRADATION_OF_CYCLIN_B	S:1/796	S:23/8971	D:0.0434782608695652	D:0.490004369674459	D:-0.764145852162368	D:0.882325021674653	D:0.999999999737144	D:0.938932697350849	S:CCNB1	D:1	S:Apc c cdc20 mediated degradation of cyclin b	S:FALSE	N:	N:	N:	N:	N:	N:	N:	N:	N:	N:	N:	N:	N:
S:REACTOME_MYOGENESIS	S:REACTOME_MYOGENESIS	S:1/796	S:23/8971	D:0.0434782608695652	D:0.490004369674459	D:-0.764145852162368	D:0.882325021674653	D:0.999999999737144	D:0.938932697350849	S:TCF12	D:1	S:Myogenesis	S:FALSE	N:	N:	N:	N:	N:	N:	N:	N:	N:	N:	N:	N:	N:
S:REACTOME_NOTCH3_ACTIVATION_AND_TRANSMISSION_OF_SIGNAL_TO_THE_NUCLEUS	S:REACTOME_NOTCH3_ACTIVATION_AND_TRANSMISSION_OF_SIGNAL_TO_THE_NUCLEUS	S:1/796	S:23/8971	D:0.0434782608695652	D:0.490004369674459	D:-0.764145852162368	D:0.882325021674653	D:0.999999999737144	D:0.938932697350849	S:EGF	D:1	S:Notch3 activation and transmission of signal to the nucleus	S:FALSE	N:	N:	N:	N:	N:	N:	N:	N:	N:	N:	N:	N:	N:
S:REACTOME_RHOBTB2_GTPASE_CYCLE	S:REACTOME_RHOBTB2_GTPASE_CYCLE	S:1/796	S:23/8971	D:0.0434782608695652	D:0.490004369674459	D:-0.764145852162368	D:0.882325021674653	D:0.999999999737144	D:0.938932697350849	S:SRRM1	D:1	S:Rhobtb2 gtpase cycle	S:FALSE	N:	N:	N:	N:	N:	N:	N:	N:	N:	N:	N:	N:	N:
S:REACTOME_RNA_POLYMERASE_III_TRANSCRIPTION_TERMINATION	S:REACTOME_RNA_POLYMERASE_III_TRANSCRIPTION_TERMINATION	S:1/796	S:23/8971	D:0.0434782608695652	D:0.490004369674459	D:-0.764145852162368	D:0.882325021674653	D:0.999999999737144	D:0.938932697350849	S:POLR3B	D:1	S:Rna polymerase iii transcription termination	S:FALSE	N:	N:	N:	N:	N:	N:	N:	N:	N:	N:	N:	N:	N:
S:REACTOME_LEISHMANIA_INFECTION	S:REACTOME_LEISHMANIA_INFECTION	S:10/796	S:153/8971	D:0.065359477124183	D:0.736607875981213	D:-1.02535045242966	D:0.882480440965192	D:0.999999999737144	D:0.938932697350849	S:TXNIP/FZD7/JUN/ITPR1/ABI2/IGLV6-57/MYO5A/PTK2/YES1/NT5E	D:10	S:Leishmania infection	S:FALSE	N:	N:	N:	N:	N:	N:	N:	N:	N:	N:	N:	N:	N:
S:REACTOME_CELLULAR_RESPONSE_TO_HYPOXIA	S:REACTOME_CELLULAR_RESPONSE_TO_HYPOXIA	S:3/796	S:56/8971	D:0.0535714285714286	D:0.603755384063173	D:-0.928123114378452	D:0.885007581750678	D:0.999999999737144	D:0.938932697350849	S:PSMD7/EGLN3/PSMA5	D:3	S:Cellular response to hypoxia	S:FALSE	N:	N:	N:	N:	N:	N:	N:	N:	N:	N:	N:	N:	N:
S:REACTOME_REGULATION_OF_CDH1_FUNCTION	S:REACTOME_REGULATION_OF_CDH1_FUNCTION	S:3/796	S:56/8971	D:0.0535714285714286	D:0.603755384063173	D:-0.928123114378452	D:0.885007581750678	D:0.999999999737144	D:0.938932697350849	S:PSMD7/MTBP/PSMA5	D:3	S:Regulation of cdh1 function	S:FALSE	N:	N:	N:	N:	N:	N:	N:	N:	N:	N:	N:	N:	N:
S:REACTOME_SIGNALING_BY_NOTCH1_PEST_DOMAIN_MUTANTS_IN_CANCER	S:REACTOME_SIGNALING_BY_NOTCH1_PEST_DOMAIN_MUTANTS_IN_CANCER	S:3/796	S:56/8971	D:0.0535714285714286	D:0.603755384063173	D:-0.928123114378452	D:0.885007581750678	D:0.999999999737144	D:0.938932697350849	S:HDAC1/HDAC2/HDAC9	D:3	S:Signaling by notch1 pest domain mutants in cancer	S:FALSE	N:	N:	N:	N:	N:	N:	N:	N:	N:	N:	N:	N:	N:
S:REACTOME_CELL_SURFACE_INTERACTIONS_AT_THE_VASCULAR_WALL	S:REACTOME_CELL_SURFACE_INTERACTIONS_AT_THE_VASCULAR_WALL	S:8/796	S:127/8971	D:0.062992125984252	D:0.709927590709453	D:-1.0272893609325	D:0.886402343655594	D:0.999999999737144	D:0.938932697350849	S:ITGA6/ANGPT1/TEK/KRAS/IGLV6-57/MIF/PTPN11/YES1	D:8	S:Cell surface interactions at the vascular wall	S:FALSE	N:	N:	N:	N:	N:	N:	N:	N:	N:	N:	N:	N:	N:
S:REACTOME_CELLULAR_RESPONSE_TO_CHEMICAL_STRESS	S:REACTOME_CELLULAR_RESPONSE_TO_CHEMICAL_STRESS	S:12/796	S:181/8971	D:0.0662983425414365	D:0.747188983591993	D:-1.07213560597949	D:0.88960637049889	D:0.999999999737144	D:0.938932697350849	S:TXNIP/MED1/CHD6/PSMD7/TGS1/NFE2L2/PSMA5/EGF/BRCA1/ME1/EIF2AK3/SESN1	D:12	S:Cellular response to chemical stress	S:FALSE	N:	N:	N:	N:	N:	N:	N:	N:	N:	N:	N:	N:	N:
S:REACTOME_ORC1_REMOVAL_FROM_CHROMATIN	S:REACTOME_ORC1_REMOVAL_FROM_CHROMATIN	S:3/796	S:57/8971	D:0.0526315789473684	D:0.593163184342766	D:-0.961457815509904	D:0.89212414690742	D:0.999999999737144	D:0.938932697350849	S:PSMD7/PSMA5/MCM7	D:3	S:Orc1 removal from chromatin	S:FALSE	N:	N:	N:	N:	N:	N:	N:	N:	N:	N:	N:	N:	N:
S:REACTOME_CASPASE_ACTIVATION_VIA_EXTRINSIC_APOPTOTIC_SIGNALLING_PATHWAY	S:REACTOME_CASPASE_ACTIVATION_VIA_EXTRINSIC_APOPTOTIC_SIGNALLING_PATHWAY	S:1/796	S:24/8971	D:0.0416666666666667	D:0.469587520938023	D:-0.811875638766713	D:0.892793202580663	D:0.999999999737144	D:0.938932697350849	S:APPL1	D:1	S:Caspase activation via extrinsic apoptotic signalling pathway	S:FALSE	N:	N:	N:	N:	N:	N:	N:	N:	N:	N:	N:	N:	N:
S:REACTOME_PLATELET_CALCIUM_HOMEOSTASIS	S:REACTOME_PLATELET_CALCIUM_HOMEOSTASIS	S:1/796	S:24/8971	D:0.0416666666666667	D:0.469587520938023	D:-0.811875638766713	D:0.892793202580663	D:0.999999999737144	D:0.938932697350849	S:ITPR1	D:1	S:Platelet calcium homeostasis	S:FALSE	N:	N:	N:	N:	N:	N:	N:	N:	N:	N:	N:	N:	N:
S:REACTOME_SEALING_OF_THE_NUCLEAR_ENVELOPE_NE_BY_ESCRT_III	S:REACTOME_SEALING_OF_THE_NUCLEAR_ENVELOPE_NE_BY_ESCRT_III	S:1/796	S:24/8971	D:0.0416666666666667	D:0.469587520938023	D:-0.811875638766713	D:0.892793202580663	D:0.999999999737144	D:0.938932697350849	S:CHMP2B	D:1	S:Sealing of the nuclear envelope ne by escrt iii	S:FALSE	N:	N:	N:	N:	N:	N:	N:	N:	N:	N:	N:	N:	N:
S:REACTOME_NEGATIVE_REGULATION_OF_MAPK_PATHWAY	S:REACTOME_NEGATIVE_REGULATION_OF_MAPK_PATHWAY	S:2/796	S:42/8971	D:0.0476190476190476	D:0.536671452500598	D:-0.939120169646403	D:0.897780835391339	D:0.999999999737144	D:0.938932697350849	S:KRAS/PPP2CB	D:2	S:Negative regulation of mapk pathway	S:FALSE	N:	N:	N:	N:	N:	N:	N:	N:	N:	N:	N:	N:	N:
S:REACTOME_STABILIZATION_OF_P53	S:REACTOME_STABILIZATION_OF_P53	S:2/796	S:42/8971	D:0.0476190476190476	D:0.536671452500598	D:-0.939120169646403	D:0.897780835391339	D:0.999999999737144	D:0.938932697350849	S:PSMD7/PSMA5	D:2	S:Stabilization of p53	S:FALSE	N:	N:	N:	N:	N:	N:	N:	N:	N:	N:	N:	N:	N:
S:REACTOME_CDK_MEDIATED_PHOSPHORYLATION_AND_REMOVAL_OF_CDC6	S:REACTOME_CDK_MEDIATED_PHOSPHORYLATION_AND_REMOVAL_OF_CDC6	S:3/796	S:58/8971	D:0.0517241379310345	D:0.582936232888581	D:-0.99429070595151	D:0.898843376436782	D:0.999999999737144	D:0.938932697350849	S:PSMD7/PSMA5/CCNE1	D:3	S:Cdk mediated phosphorylation and removal of cdc6	S:FALSE	N:	N:	N:	N:	N:	N:	N:	N:	N:	N:	N:	N:	N:
S:REACTOME_APC_CDC20_MEDIATED_DEGRADATION_OF_NEK2A	S:REACTOME_APC_CDC20_MEDIATED_DEGRADATION_OF_NEK2A	S:1/796	S:25/8971	D:0.04	D:0.450804020100503	D:-0.858008878168203	D:0.902331216523414	D:0.999999999737144	D:0.938932697350849	S:BUB3	D:1	S:Apc cdc20 mediated degradation of nek2a	S:FALSE	N:	N:	N:	N:	N:	N:	N:	N:	N:	N:	N:	N:	N:
S:REACTOME_BASIGIN_INTERACTIONS	S:REACTOME_BASIGIN_INTERACTIONS	S:1/796	S:25/8971	D:0.04	D:0.450804020100503	D:-0.858008878168203	D:0.902331216523414	D:0.999999999737144	D:0.938932697350849	S:ITGA6	D:1	S:Basigin interactions	S:FALSE	N:	N:	N:	N:	N:	N:	N:	N:	N:	N:	N:	N:	N:
S:REACTOME_BUDDING_AND_MATURATION_OF_HIV_VIRION	S:REACTOME_BUDDING_AND_MATURATION_OF_HIV_VIRION	S:1/796	S:25/8971	D:0.04	D:0.450804020100503	D:-0.858008878168203	D:0.902331216523414	D:0.999999999737144	D:0.938932697350849	S:CHMP2B	D:1	S:Budding and maturation of hiv virion	S:FALSE	N:	N:	N:	N:	N:	N:	N:	N:	N:	N:	N:	N:	N:
S:REACTOME_CONSTITUTIVE_SIGNALING_BY_AKT1_E17K_IN_CANCER	S:REACTOME_CONSTITUTIVE_SIGNALING_BY_AKT1_E17K_IN_CANCER	S:1/796	S:25/8971	D:0.04	D:0.450804020100503	D:-0.858008878168203	D:0.902331216523414	D:0.999999999737144	D:0.938932697350849	S:FOXO1	D:1	S:Constitutive signaling by akt1 e17k in cancer	S:FALSE	N:	N:	N:	N:	N:	N:	N:	N:	N:	N:	N:	N:	N:
S:REACTOME_DEFECTIVE_INTRINSIC_PATHWAY_FOR_APOPTOSIS	S:REACTOME_DEFECTIVE_INTRINSIC_PATHWAY_FOR_APOPTOSIS	S:1/796	S:25/8971	D:0.04	D:0.450804020100503	D:-0.858008878168203	D:0.902331216523414	D:0.999999999737144	D:0.938932697350849	S:JUN	D:1	S:Defective intrinsic pathway for apoptosis	S:FALSE	N:	N:	N:	N:	N:	N:	N:	N:	N:	N:	N:	N:	N:
S:REACTOME_FGFR2_MUTANT_RECEPTOR_ACTIVATION	S:REACTOME_FGFR2_MUTANT_RECEPTOR_ACTIVATION	S:1/796	S:25/8971	D:0.04	D:0.450804020100503	D:-0.858008878168203	D:0.902331216523414	D:0.999999999737144	D:0.938932697350849	S:NCBP1	D:1	S:Fgfr2 mutant receptor activation	S:FALSE	N:	N:	N:	N:	N:	N:	N:	N:	N:	N:	N:	N:	N:
S:REACTOME_KERATAN_SULFATE_BIOSYNTHESIS	S:REACTOME_KERATAN_SULFATE_BIOSYNTHESIS	S:1/796	S:25/8971	D:0.04	D:0.450804020100503	D:-0.858008878168203	D:0.902331216523414	D:0.999999999737144	D:0.938932697350849	S:B3GNT3	D:1	S:Keratan sulfate biosynthesis	S:FALSE	N:	N:	N:	N:	N:	N:	N:	N:	N:	N:	N:	N:	N:
S:REACTOME_PLASMA_LIPOPROTEIN_REMODELING	S:REACTOME_PLASMA_LIPOPROTEIN_REMODELING	S:1/796	S:25/8971	D:0.04	D:0.450804020100503	D:-0.858008878168203	D:0.902331216523414	D:0.999999999737144	D:0.938932697350849	S:PCSK5	D:1	S:Plasma lipoprotein remodeling	S:FALSE	N:	N:	N:	N:	N:	N:	N:	N:	N:	N:	N:	N:	N:
S:REACTOME_PYROPTOSIS	S:REACTOME_PYROPTOSIS	S:1/796	S:25/8971	D:0.04	D:0.450804020100503	D:-0.858008878168203	D:0.902331216523414	D:0.999999999737144	D:0.938932697350849	S:CHMP2B	D:1	S:Pyroptosis	S:FALSE	N:	N:	N:	N:	N:	N:	N:	N:	N:	N:	N:	N:	N:
S:REACTOME_SIGNALING_BY_ERYTHROPOIETIN	S:REACTOME_SIGNALING_BY_ERYTHROPOIETIN	S:1/796	S:25/8971	D:0.04	D:0.450804020100503	D:-0.858008878168203	D:0.902331216523414	D:0.999999999737144	D:0.938932697350849	S:KRAS	D:1	S:Signaling by erythropoietin	S:FALSE	N:	N:	N:	N:	N:	N:	N:	N:	N:	N:	N:	N:	N:
S:REACTOME_TRP_CHANNELS	S:REACTOME_TRP_CHANNELS	S:1/796	S:25/8971	D:0.04	D:0.450804020100503	D:-0.858008878168203	D:0.902331216523414	D:0.999999999737144	D:0.938932697350849	S:TRPM3	D:1	S:Trp channels	S:FALSE	N:	N:	N:	N:	N:	N:	N:	N:	N:	N:	N:	N:	N:
S:REACTOME_GLYCEROPHOSPHOLIPID_BIOSYNTHESIS	S:REACTOME_GLYCEROPHOSPHOLIPID_BIOSYNTHESIS	S:6/796	S:103/8971	D:0.058252427184466	D:0.656510708884227	D:-1.0940265120066	D:0.90448873764046	D:0.999999999737144	D:0.938932697350849	S:LPIN1/PLA2G12A/PITPNM2/PLA2G1B/DDHD2/LCLAT1	D:6	S:Glycerophospholipid biosynthesis	S:FALSE	N:	N:	N:	N:	N:	N:	N:	N:	N:	N:	N:	N:	N:
S:REACTOME_DEGRADATION_OF_DVL	S:REACTOME_DEGRADATION_OF_DVL	S:2/796	S:43/8971	D:0.0465116279069767	D:0.524190721047096	D:-0.975885620635144	D:0.905100998495457	D:0.999999999737144	D:0.938932697350849	S:PSMD7/PSMA5	D:2	S:Degradation of dvl	S:FALSE	N:	N:	N:	N:	N:	N:	N:	N:	N:	N:	N:	N:	N:
S:REACTOME_GSK3B_MEDIATED_PROTEASOMAL_DEGRADATION_OF_PD_L1_CD274	S:REACTOME_GSK3B_MEDIATED_PROTEASOMAL_DEGRADATION_OF_PD_L1_CD274	S:2/796	S:43/8971	D:0.0465116279069767	D:0.524190721047096	D:-0.975885620635144	D:0.905100998495457	D:0.999999999737144	D:0.938932697350849	S:PSMD7/PSMA5	D:2	S:Gsk3b mediated proteasomal degradation of pd l1 cd274	S:FALSE	N:	N:	N:	N:	N:	N:	N:	N:	N:	N:	N:	N:	N:
S:REACTOME_NEGATIVE_REGULATION_OF_NOTCH4_SIGNALING	S:REACTOME_NEGATIVE_REGULATION_OF_NOTCH4_SIGNALING	S:2/796	S:43/8971	D:0.0465116279069767	D:0.524190721047096	D:-0.975885620635144	D:0.905100998495457	D:0.999999999737144	D:0.938932697350849	S:PSMD7/PSMA5	D:2	S:Negative regulation of notch4 signaling	S:FALSE	N:	N:	N:	N:	N:	N:	N:	N:	N:	N:	N:	N:	N:
S:REACTOME_APC_C_CDH1_MEDIATED_DEGRADATION_OF_CDC20_AND_OTHER_APC_C_CDH1_TARGETED_PROTEINS_IN_LATE_MITOSIS_EARLY_G1	S:REACTOME_APC_C_CDH1_MEDIATED_DEGRADATION_OF_CDC20_AND_OTHER_APC_C_CDH1_TARGETED_PROTEINS_IN_LATE_MITOSIS_EARLY_G1	S:3/796	S:59/8971	D:0.0508474576271186	D:0.573055957754876	D:-1.02664016070382	D:0.905183410133847	D:0.999999999737144	D:0.938932697350849	S:PSMD7/PSMA5/RB1	D:3	S:Apc c cdh1 mediated degradation of cdc20 and other apc c cdh1 targeted proteins in late mitosis early g1	S:FALSE	N:	N:	N:	N:	N:	N:	N:	N:	N:	N:	N:	N:	N:
S:REACTOME_RESPIRATORY_SYNCYTIAL_VIRUS_INFECTION_PATHWAY	S:REACTOME_RESPIRATORY_SYNCYTIAL_VIRUS_INFECTION_PATHWAY	S:6/796	S:104/8971	D:0.0576923076923077	D:0.650198105914186	D:-1.11959086650058	D:0.909216113123446	D:0.999999999737144	D:0.938932697350849	S:MED1/MED23/SPCS2/MED31/HSPA8/MED6	D:6	S:Respiratory syncytial virus infection pathway	S:FALSE	N:	N:	N:	N:	N:	N:	N:	N:	N:	N:	N:	N:	N:
S:REACTOME_PLATELET_HOMEOSTASIS	S:REACTOME_PLATELET_HOMEOSTASIS	S:4/796	S:75/8971	D:0.0533333333333333	D:0.60107202680067	D:-1.08252169731623	D:0.909708750810184	D:0.999999999737144	D:0.938932697350849	S:ITPR1/PPP2CB/KCNMB3/PTPN11	D:4	S:Platelet homeostasis	S:FALSE	N:	N:	N:	N:	N:	N:	N:	N:	N:	N:	N:	N:	N:
S:REACTOME_ACTIVATION_OF_MATRIX_METALLOPROTEINASES	S:REACTOME_ACTIVATION_OF_MATRIX_METALLOPROTEINASES	S:1/796	S:26/8971	D:0.0384615384615385	D:0.433465403942791	D:-0.902675825775647	D:0.911021620239864	D:0.999999999737144	D:0.938932697350849	S:PRSS1	D:1	S:Activation of matrix metalloproteinases	S:FALSE	N:	N:	N:	N:	N:	N:	N:	N:	N:	N:	N:	N:	N:
S:REACTOME_ASPIRIN_ADME	S:REACTOME_ASPIRIN_ADME	S:1/796	S:26/8971	D:0.0384615384615385	D:0.433465403942791	D:-0.902675825775647	D:0.911021620239864	D:0.999999999737144	D:0.938932697350849	S:UGT2B28	D:1	S:Aspirin adme	S:FALSE	N:	N:	N:	N:	N:	N:	N:	N:	N:	N:	N:	N:	N:
S:REACTOME_GLYCOSAMINOGLYCAN_PROTEIN_LINKAGE_REGION_BIOSYNTHESIS	S:REACTOME_GLYCOSAMINOGLYCAN_PROTEIN_LINKAGE_REGION_BIOSYNTHESIS	S:1/796	S:26/8971	D:0.0384615384615385	D:0.433465403942791	D:-0.902675825775647	D:0.911021620239864	D:0.999999999737144	D:0.938932697350849	S:XYLT1	D:1	S:Glycosaminoglycan protein linkage region biosynthesis	S:FALSE	N:	N:	N:	N:	N:	N:	N:	N:	N:	N:	N:	N:	N:
S:REACTOME_INTERCONVERSION_OF_NUCLEOTIDE_DI_AND_TRIPHOSPHATES	S:REACTOME_INTERCONVERSION_OF_NUCLEOTIDE_DI_AND_TRIPHOSPHATES	S:1/796	S:26/8971	D:0.0384615384615385	D:0.433465403942791	D:-0.902675825775647	D:0.911021620239864	D:0.999999999737144	D:0.938932697350849	S:RRM1	D:1	S:Interconversion of nucleotide di and triphosphates	S:FALSE	N:	N:	N:	N:	N:	N:	N:	N:	N:	N:	N:	N:	N:
S:REACTOME_REGULATION_OF_BETA_CELL_DEVELOPMENT	S:REACTOME_REGULATION_OF_BETA_CELL_DEVELOPMENT	S:1/796	S:26/8971	D:0.0384615384615385	D:0.433465403942791	D:-0.902675825775647	D:0.911021620239864	D:0.999999999737144	D:0.938932697350849	S:FOXO1	D:1	S:Regulation of beta cell development	S:FALSE	N:	N:	N:	N:	N:	N:	N:	N:	N:	N:	N:	N:	N:
S:REACTOME_SYNTHESIS_OF_PC	S:REACTOME_SYNTHESIS_OF_PC	S:1/796	S:26/8971	D:0.0384615384615385	D:0.433465403942791	D:-0.902675825775647	D:0.911021620239864	D:0.999999999737144	D:0.938932697350849	S:LPIN1	D:1	S:Synthesis of pc	S:FALSE	N:	N:	N:	N:	N:	N:	N:	N:	N:	N:	N:	N:	N:
S:REACTOME_SENSORY_PROCESSING_OF_SOUND_BY_OUTER_HAIR_CELLS_OF_THE_COCHLEA	S:REACTOME_SENSORY_PROCESSING_OF_SOUND_BY_OUTER_HAIR_CELLS_OF_THE_COCHLEA	S:2/796	S:44/8971	D:0.0454545454545455	D:0.512277295568753	D:-1.01194152814055	D:0.911928941850826	D:0.999999999737144	D:0.938932697350849	S:TMIE/CASK	D:2	S:Sensory processing of sound by outer hair cells of the cochlea	S:FALSE	N:	N:	N:	N:	N:	N:	N:	N:	N:	N:	N:	N:	N:
S:REACTOME_IMMUNOREGULATORY_INTERACTIONS_BETWEEN_A_LYMPHOID_AND_A_NON_LYMPHOID_CELL	S:REACTOME_IMMUNOREGULATORY_INTERACTIONS_BETWEEN_A_LYMPHOID_AND_A_NON_LYMPHOID_CELL	S:7/796	S:120/8971	D:0.0583333333333333	D:0.657422529313233	D:-1.17885971247097	D:0.917198635674699	D:0.999999999737144	D:0.938932697350849	S:CLEC2D/CD200/IGLV6-57/CD96/CD40LG/ICAM2/CD19	D:7	S:Immunoregulatory interactions between a lymphoid and a non lymphoid cell	S:FALSE	N:	N:	N:	N:	N:	N:	N:	N:	N:	N:	N:	N:	N:
S:REACTOME_L1CAM_INTERACTIONS	S:REACTOME_L1CAM_INTERACTIONS	S:6/796	S:106/8971	D:0.0566037735849057	D:0.637930217123353	D:-1.17007774463852	D:0.918066417871528	D:0.999999999737144	D:0.938932697350849	S:SCN4A/RPS6KA5/SCN3A/ANK3/HSPA8/DLG1	D:6	S:L1cam interactions	S:FALSE	N:	N:	N:	N:	N:	N:	N:	N:	N:	N:	N:	N:	N:
S:REACTOME_AQUAPORIN_MEDIATED_TRANSPORT	S:REACTOME_AQUAPORIN_MEDIATED_TRANSPORT	S:2/796	S:45/8971	D:0.0444444444444444	D:0.500893355667225	D:-1.04732155480006	D:0.918294249046934	D:0.999999999737144	D:0.938932697350849	S:MYO5B/AQP3	D:2	S:Aquaporin mediated transport	S:FALSE	N:	N:	N:	N:	N:	N:	N:	N:	N:	N:	N:	N:	N:
S:REACTOME_EPH_EPHRIN_MEDIATED_REPULSION_OF_CELLS	S:REACTOME_EPH_EPHRIN_MEDIATED_REPULSION_OF_CELLS	S:2/796	S:45/8971	D:0.0444444444444444	D:0.500893355667225	D:-1.04732155480006	D:0.918294249046934	D:0.999999999737144	D:0.938932697350849	S:EPHA4/YES1	D:2	S:Eph ephrin mediated repulsion of cells	S:FALSE	N:	N:	N:	N:	N:	N:	N:	N:	N:	N:	N:	N:	N:
S:REACTOME_SPOP_MEDIATED_PROTEASOMAL_DEGRADATION_OF_PD_L1_CD274	S:REACTOME_SPOP_MEDIATED_PROTEASOMAL_DEGRADATION_OF_PD_L1_CD274	S:2/796	S:45/8971	D:0.0444444444444444	D:0.500893355667225	D:-1.04732155480006	D:0.918294249046934	D:0.999999999737144	D:0.938932697350849	S:PSMD7/PSMA5	D:2	S:Spop mediated proteasomal degradation of pd l1 cd274	S:FALSE	N:	N:	N:	N:	N:	N:	N:	N:	N:	N:	N:	N:	N:
S:REACTOME_CD28_DEPENDENT_PI3K_AKT_SIGNALING	S:REACTOME_CD28_DEPENDENT_PI3K_AKT_SIGNALING	S:1/796	S:27/8971	D:0.037037037037037	D:0.417411129722688	D:-0.94599108836354	D:0.918939651574584	D:0.999999999737144	D:0.938932697350849	S:THEM4	D:1	S:Cd28 dependent pi3k akt signaling	S:FALSE	N:	N:	N:	N:	N:	N:	N:	N:	N:	N:	N:	N:	N:
S:REACTOME_FGFR2_ALTERNATIVE_SPLICING	S:REACTOME_FGFR2_ALTERNATIVE_SPLICING	S:1/796	S:27/8971	D:0.037037037037037	D:0.417411129722688	D:-0.94599108836354	D:0.918939651574584	D:0.999999999737144	D:0.938932697350849	S:NCBP1	D:1	S:Fgfr2 alternative splicing	S:FALSE	N:	N:	N:	N:	N:	N:	N:	N:	N:	N:	N:	N:	N:
S:REACTOME_METABOLISM_OF_STEROID_HORMONES	S:REACTOME_METABOLISM_OF_STEROID_HORMONES	S:1/796	S:27/8971	D:0.037037037037037	D:0.417411129722688	D:-0.94599108836354	D:0.918939651574584	D:0.999999999737144	D:0.938932697350849	S:HSD17B12	D:1	S:Metabolism of steroid hormones	S:FALSE	N:	N:	N:	N:	N:	N:	N:	N:	N:	N:	N:	N:	N:
S:REACTOME_NUCLEAR_SIGNALING_BY_ERBB4	S:REACTOME_NUCLEAR_SIGNALING_BY_ERBB4	S:1/796	S:27/8971	D:0.037037037037037	D:0.417411129722688	D:-0.94599108836354	D:0.918939651574584	D:0.999999999737144	D:0.938932697350849	S:TAB2	D:1	S:Nuclear signaling by erbb4	S:FALSE	N:	N:	N:	N:	N:	N:	N:	N:	N:	N:	N:	N:	N:
S:REACTOME_VEGFR2_MEDIATED_VASCULAR_PERMEABILITY	S:REACTOME_VEGFR2_MEDIATED_VASCULAR_PERMEABILITY	S:1/796	S:27/8971	D:0.037037037037037	D:0.417411129722688	D:-0.94599108836354	D:0.918939651574584	D:0.999999999737144	D:0.938932697350849	S:THEM4	D:1	S:Vegfr2 mediated vascular permeability	S:FALSE	N:	N:	N:	N:	N:	N:	N:	N:	N:	N:	N:	N:	N:
S:REACTOME_G_ALPHA_I_SIGNALLING_EVENTS	S:REACTOME_G_ALPHA_I_SIGNALLING_EVENTS	S:16/796	S:242/8971	D:0.0661157024793388	D:0.745130611736368	D:-1.25415723403629	D:0.919312687245538	D:0.999999999737144	D:0.938932697350849	S:PDE4B/RGS5/ITPR1/TAS2R50/CCR6/APLNR/PPP2CB/CXCR4/CCR7/HRH4/CXCR5/PDE4D/PRKCA/CAMK2D/CCL28/LPAR1	D:16	S:G alpha i signalling events	S:FALSE	N:	N:	N:	N:	N:	N:	N:	N:	N:	N:	N:	N:	N:
S:REACTOME_SWITCHING_OF_ORIGINS_TO_A_POST_REPLICATIVE_STATE	S:REACTOME_SWITCHING_OF_ORIGINS_TO_A_POST_REPLICATIVE_STATE	S:4/796	S:77/8971	D:0.051948051948052	D:0.585459766364289	D:-1.13991472195555	D:0.919822340861194	D:0.999999999737144	D:0.938932697350849	S:PSMD7/PSMA5/MCM7/CCNE1	D:4	S:Switching of origins to a post replicative state	S:FALSE	N:	N:	N:	N:	N:	N:	N:	N:	N:	N:	N:	N:	N:
S:REACTOME_SIGNALING_BY_INTERLEUKINS	S:REACTOME_SIGNALING_BY_INTERLEUKINS	S:29/796	S:409/8971	D:0.0709046454767726	D:0.79910248061825	D:-1.29764976143697	D:0.920797322626781	D:0.999999999737144	D:0.938932697350849	S:RPS6KA5/IKBIP/JUN/RORA/PSMD7/FOXO1/TAB2/SMAD3/TCP1/MAP2K4/HSPA9/CANX/S1PR1/PSMA5/IL23R/NFKBIA/BRWD1/MIF/HNRNPA2B1/PPP2CB/HSPA8/IRS1/TRAF6/SNRPA1/PTPN11/USP14/SOCS5/YES1/RORC	D:29	S:Signaling by interleukins	S:FALSE	N:	N:	N:	N:	N:	N:	N:	N:	N:	N:	N:	N:	N:
S:REACTOME_DISEASES_OF_GLYCOSYLATION	S:REACTOME_DISEASES_OF_GLYCOSYLATION	S:7/796	S:121/8971	D:0.0578512396694215	D:0.651989285269322	D:-1.20260371184778	D:0.92114920749851	D:0.999999999737144	D:0.938932697350849	S:GNE/ALG9/ADAMTS16/SEMA5B/ADAMTS4/GFPT1/MPI	D:7	S:Diseases of glycosylation	S:FALSE	N:	N:	N:	N:	N:	N:	N:	N:	N:	N:	N:	N:	N:
S:REACTOME_BINDING_AND_UPTAKE_OF_LIGANDS_BY_SCAVENGER_RECEPTORS	S:REACTOME_BINDING_AND_UPTAKE_OF_LIGANDS_BY_SCAVENGER_RECEPTORS	S:2/796	S:46/8971	D:0.0434782608695652	D:0.490004369674459	D:-1.08205698586656	D:0.924225136636162	D:0.999999999737144	D:0.938932697350849	S:IGLV6-57/HSPH1	D:2	S:Binding and uptake of ligands by scavenger receptors	S:FALSE	N:	N:	N:	N:	N:	N:	N:	N:	N:	N:	N:	N:	N:
S:REACTOME_COPI_INDEPENDENT_GOLGI_TO_ER_RETROGRADE_TRAFFIC	S:REACTOME_COPI_INDEPENDENT_GOLGI_TO_ER_RETROGRADE_TRAFFIC	S:2/796	S:46/8971	D:0.0434782608695652	D:0.490004369674459	D:-1.08205698586656	D:0.924225136636162	D:0.999999999737144	D:0.938932697350849	S:RAB3GAP2/BICD1	D:2	S:Copi independent golgi to er retrograde traffic	S:FALSE	N:	N:	N:	N:	N:	N:	N:	N:	N:	N:	N:	N:	N:
S:REACTOME_INTERLEUKIN_3_INTERLEUKIN_5_AND_GM_CSF_SIGNALING	S:REACTOME_INTERLEUKIN_3_INTERLEUKIN_5_AND_GM_CSF_SIGNALING	S:2/796	S:46/8971	D:0.0434782608695652	D:0.490004369674459	D:-1.08205698586656	D:0.924225136636162	D:0.999999999737144	D:0.938932697350849	S:PTPN11/YES1	D:2	S:Interleukin 3 interleukin 5 and gm csf signaling	S:FALSE	N:	N:	N:	N:	N:	N:	N:	N:	N:	N:	N:	N:	N:
S:REACTOME_EUKARYOTIC_TRANSLATION_ELONGATION	S:REACTOME_EUKARYOTIC_TRANSLATION_ELONGATION	S:5/796	S:93/8971	D:0.0537634408602151	D:0.605919381855514	D:-1.19200438867478	D:0.924579086813151	D:0.999999999737144	D:0.938932697350849	S:RPS28/RPL19/RPL38/RPL18/RPLP2	D:5	S:Eukaryotic translation elongation	S:FALSE	N:	N:	N:	N:	N:	N:	N:	N:	N:	N:	N:	N:	N:
S:REACTOME_ENDOSOMAL_SORTING_COMPLEX_REQUIRED_FOR_TRANSPORT_ESCRT	S:REACTOME_ENDOSOMAL_SORTING_COMPLEX_REQUIRED_FOR_TRANSPORT_ESCRT	S:1/796	S:28/8971	D:0.0357142857142857	D:0.402503589375449	D:-0.988056036203894	D:0.926153877574878	D:0.999999999737144	D:0.938932697350849	S:CHMP2B	D:1	S:Endosomal sorting complex required for transport escrt	S:FALSE	N:	N:	N:	N:	N:	N:	N:	N:	N:	N:	N:	N:	N:
S:REACTOME_SIGNALING_BY_BMP	S:REACTOME_SIGNALING_BY_BMP	S:1/796	S:28/8971	D:0.0357142857142857	D:0.402503589375449	D:-0.988056036203894	D:0.926153877574878	D:0.999999999737144	D:0.938932697350849	S:BMP10	D:1	S:Signaling by bmp	S:FALSE	N:	N:	N:	N:	N:	N:	N:	N:	N:	N:	N:	N:	N:
S:REACTOME_SLC_MEDIATED_TRANSPORT_OF_ORGANIC_ANIONS	S:REACTOME_SLC_MEDIATED_TRANSPORT_OF_ORGANIC_ANIONS	S:1/796	S:28/8971	D:0.0357142857142857	D:0.402503589375449	D:-0.988056036203894	D:0.926153877574878	D:0.999999999737144	D:0.938932697350849	S:SLC17A5	D:1	S:Slc mediated transport of organic anions	S:FALSE	N:	N:	N:	N:	N:	N:	N:	N:	N:	N:	N:	N:	N:
S:REACTOME_THE_ROLE_OF_NEF_IN_HIV_1_REPLICATION_AND_DISEASE_PATHOGENESIS	S:REACTOME_THE_ROLE_OF_NEF_IN_HIV_1_REPLICATION_AND_DISEASE_PATHOGENESIS	S:1/796	S:28/8971	D:0.0357142857142857	D:0.402503589375449	D:-0.988056036203894	D:0.926153877574878	D:0.999999999737144	D:0.938932697350849	S:AP1S3	D:1	S:The role of nef in hiv 1 replication and disease pathogenesis	S:FALSE	N:	N:	N:	N:	N:	N:	N:	N:	N:	N:	N:	N:	N:
S:REACTOME_UPTAKE_AND_ACTIONS_OF_BACTERIAL_TOXINS	S:REACTOME_UPTAKE_AND_ACTIONS_OF_BACTERIAL_TOXINS	S:1/796	S:28/8971	D:0.0357142857142857	D:0.402503589375449	D:-0.988056036203894	D:0.926153877574878	D:0.999999999737144	D:0.938932697350849	S:MAP2K4	D:1	S:Uptake and actions of bacterial toxins	S:FALSE	N:	N:	N:	N:	N:	N:	N:	N:	N:	N:	N:	N:	N:
S:REACTOME_PLASMA_LIPOPROTEIN_ASSEMBLY_REMODELING_AND_CLEARANCE	S:REACTOME_PLASMA_LIPOPROTEIN_ASSEMBLY_REMODELING_AND_CLEARANCE	S:3/796	S:63/8971	D:0.0476190476190476	D:0.536671452500598	D:-1.15153755169237	D:0.927098788536675	D:0.999999999737144	D:0.938932697350849	S:PCSK5/SOAT1/SAR1B	D:3	S:Plasma lipoprotein assembly remodeling and clearance	S:FALSE	N:	N:	N:	N:	N:	N:	N:	N:	N:	N:	N:	N:	N:
S:REACTOME_PHASE_II_CONJUGATION_OF_COMPOUNDS	S:REACTOME_PHASE_II_CONJUGATION_OF_COMPOUNDS	S:4/796	S:79/8971	D:0.0506329113924051	D:0.570638000127218	D:-1.19604163635988	D:0.928909389650609	D:0.999999999737144	D:0.938932697350849	S:MTR/TRMT112/MAT2B/UGT2B28	D:4	S:Phase ii conjugation of compounds	S:FALSE	N:	N:	N:	N:	N:	N:	N:	N:	N:	N:	N:	N:	N:
S:REACTOME_COMPLEMENT_CASCADE	S:REACTOME_COMPLEMENT_CASCADE	S:2/796	S:47/8971	D:0.0425531914893617	D:0.479578744787769	D:-1.11617694745356	D:0.929748463524301	D:0.999999999737144	D:0.938932697350849	S:IGLV6-57/CD19	D:2	S:Complement cascade	S:FALSE	N:	N:	N:	N:	N:	N:	N:	N:	N:	N:	N:	N:	N:
S:REACTOME_DECTIN_1_MEDIATED_NONCANONICAL_NF_KB_SIGNALING	S:REACTOME_DECTIN_1_MEDIATED_NONCANONICAL_NF_KB_SIGNALING	S:2/796	S:47/8971	D:0.0425531914893617	D:0.479578744787769	D:-1.11617694745356	D:0.929748463524301	D:0.999999999737144	D:0.938932697350849	S:PSMD7/PSMA5	D:2	S:Dectin 1 mediated noncanonical nf kb signaling	S:FALSE	N:	N:	N:	N:	N:	N:	N:	N:	N:	N:	N:	N:	N:
S:REACTOME_ION_HOMEOSTASIS	S:REACTOME_ION_HOMEOSTASIS	S:2/796	S:47/8971	D:0.0425531914893617	D:0.479578744787769	D:-1.11617694745356	D:0.929748463524301	D:0.999999999737144	D:0.938932697350849	S:ITPR1/CAMK2D	D:2	S:Ion homeostasis	S:FALSE	N:	N:	N:	N:	N:	N:	N:	N:	N:	N:	N:	N:	N:
S:REACTOME_DISEASES_OF_METABOLISM	S:REACTOME_DISEASES_OF_METABOLISM	S:15/796	S:233/8971	D:0.0643776824034335	D:0.72554295080553	D:-1.32450988789433	D:0.930734299993347	D:0.999999999737144	D:0.938932697350849	S:GNE/MTR/GBE1/MMACHC/MCCC1/EPM2A/ALG9/ADAMTS16/LMBRD1/SEMA5B/ADAMTS4/GFPT1/PPM1K/MPI/ABCD4	D:15	S:Diseases of metabolism	S:FALSE	N:	N:	N:	N:	N:	N:	N:	N:	N:	N:	N:	N:	N:
S:REACTOME_APOPTOSIS	S:REACTOME_APOPTOSIS	S:9/796	S:152/8971	D:0.0592105263157895	D:0.667308582385612	D:-1.29081081357937	D:0.931461539521872	D:0.999999999737144	D:0.938932697350849	S:SATB1/OMA1/PSMD7/APPL1/PSMA5/PPP1R13B/PRKCQ/GAS2/PTK2	D:9	S:Apoptosis	S:FALSE	N:	N:	N:	N:	N:	N:	N:	N:	N:	N:	N:	N:	N:
S:REACTOME_DAP12_SIGNALING	S:REACTOME_DAP12_SIGNALING	S:1/796	S:29/8971	D:0.0344827586206897	D:0.388624155259054	D:-1.02896076898417	D:0.932726785262499	D:0.999999999737144	D:0.938932697350849	S:KRAS	D:1	S:Dap12 signaling	S:FALSE	N:	N:	N:	N:	N:	N:	N:	N:	N:	N:	N:	N:	N:
S:REACTOME_DISEASES_OF_IMMUNE_SYSTEM	S:REACTOME_DISEASES_OF_IMMUNE_SYSTEM	S:1/796	S:29/8971	D:0.0344827586206897	D:0.388624155259054	D:-1.02896076898417	D:0.932726785262499	D:0.999999999737144	D:0.938932697350849	S:NFKBIA	D:1	S:Diseases of immune system	S:FALSE	N:	N:	N:	N:	N:	N:	N:	N:	N:	N:	N:	N:	N:
S:REACTOME_NUCLEOTIDE_CATABOLISM	S:REACTOME_NUCLEOTIDE_CATABOLISM	S:1/796	S:29/8971	D:0.0344827586206897	D:0.388624155259054	D:-1.02896076898417	D:0.932726785262499	D:0.999999999737144	D:0.938932697350849	S:NT5E	D:1	S:Nucleotide catabolism	S:FALSE	N:	N:	N:	N:	N:	N:	N:	N:	N:	N:	N:	N:	N:
S:REACTOME_PIWI_INTERACTING_RNA_PIRNA_BIOGENESIS	S:REACTOME_PIWI_INTERACTING_RNA_PIRNA_BIOGENESIS	S:1/796	S:29/8971	D:0.0344827586206897	D:0.388624155259054	D:-1.02896076898417	D:0.932726785262499	D:0.999999999737144	D:0.938932697350849	S:TDRKH	D:1	S:Piwi interacting rna pirna biogenesis	S:FALSE	N:	N:	N:	N:	N:	N:	N:	N:	N:	N:	N:	N:	N:
S:REACTOME_TRIGLYCERIDE_METABOLISM	S:REACTOME_TRIGLYCERIDE_METABOLISM	S:1/796	S:29/8971	D:0.0344827586206897	D:0.388624155259054	D:-1.02896076898417	D:0.932726785262499	D:0.999999999737144	D:0.938932697350849	S:LPIN1	D:1	S:Triglyceride metabolism	S:FALSE	N:	N:	N:	N:	N:	N:	N:	N:	N:	N:	N:	N:	N:
S:REACTOME_HSP90_CHAPERONE_CYCLE_FOR_STEROID_HORMONE_RECEPTORS_SHR_IN_THE_PRESENCE_OF_LIGAND	S:REACTOME_HSP90_CHAPERONE_CYCLE_FOR_STEROID_HORMONE_RECEPTORS_SHR_IN_THE_PRESENCE_OF_LIGAND	S:2/796	S:48/8971	D:0.0416666666666667	D:0.469587520938023	D:-1.14970860041842	D:0.934889749448985	D:0.999999999737144	D:0.938932697350849	S:HSPA8/NR3C2	D:2	S:Hsp90 chaperone cycle for steroid hormone receptors shr in the presence of ligand	S:TRUE	N:	N:	N:	N:	N:	N:	N:	N:	N:	N:	N:	N:	N:
S:REACTOME_G1_S_DNA_DAMAGE_CHECKPOINTS	S:REACTOME_G1_S_DNA_DAMAGE_CHECKPOINTS	S:3/796	S:65/8971	D:0.0461538461538462	D:0.520158484731349	D:-1.21149611978291	D:0.936218715341066	D:0.999999999737144	D:0.938932697350849	S:PSMD7/PSMA5/CCNE1	D:3	S:G1 s dna damage checkpoints	S:FALSE	N:	N:	N:	N:	N:	N:	N:	N:	N:	N:	N:	N:	N:
S:REACTOME_PROGRAMMED_CELL_DEATH	S:REACTOME_PROGRAMMED_CELL_DEATH	S:11/796	S:182/8971	D:0.0604395604395604	D:0.681159920481529	D:-1.35596270682534	D:0.938309351222717	D:0.999999999737144	D:0.938932697350849	S:ITCH/SATB1/OMA1/PSMD7/APPL1/PSMA5/PPP1R13B/CHMP2B/PRKCQ/GAS2/PTK2	D:11	S:Programmed cell death	S:FALSE	N:	N:	N:	N:	N:	N:	N:	N:	N:	N:	N:	N:	N:
S:REACTOME_ACTIVATION_OF_BH3_ONLY_PROTEINS	S:REACTOME_ACTIVATION_OF_BH3_ONLY_PROTEINS	S:1/796	S:30/8971	D:0.0333333333333333	D:0.375670016750419	D:-1.06878573070776	D:0.938715320146312	D:0.999999999737144	D:0.938932697350849	S:PPP1R13B	D:1	S:Activation of bh3 only proteins	S:FALSE	N:	N:	N:	N:	N:	N:	N:	N:	N:	N:	N:	N:	N:
S:REACTOME_CITRIC_ACID_CYCLE_TCA_CYCLE	S:REACTOME_CITRIC_ACID_CYCLE_TCA_CYCLE	S:1/796	S:30/8971	D:0.0333333333333333	D:0.375670016750419	D:-1.06878573070776	D:0.938715320146312	D:0.999999999737144	D:0.938932697350849	S:ISCU	D:1	S:Citric acid cycle tca cycle	S:FALSE	N:	N:	N:	N:	N:	N:	N:	N:	N:	N:	N:	N:	N:
S:REACTOME_NR1H3_NR1H2_REGULATE_GENE_EXPRESSION_LINKED_TO_CHOLESTEROL_TRANSPORT_AND_EFFLUX	S:REACTOME_NR1H3_NR1H2_REGULATE_GENE_EXPRESSION_LINKED_TO_CHOLESTEROL_TRANSPORT_AND_EFFLUX	S:1/796	S:30/8971	D:0.0333333333333333	D:0.375670016750419	D:-1.06878573070776	D:0.938715320146312	D:0.999999999737144	D:0.938932697350849	S:TNRC6C	D:1	S:Nr1h3 nr1h2 regulate gene expression linked to cholesterol transport and efflux	S:FALSE	N:	N:	N:	N:	N:	N:	N:	N:	N:	N:	N:	N:	N:
S:REACTOME_PERK_REGULATES_GENE_EXPRESSION	S:REACTOME_PERK_REGULATES_GENE_EXPRESSION	S:1/796	S:30/8971	D:0.0333333333333333	D:0.375670016750419	D:-1.06878573070776	D:0.938715320146312	D:0.999999999737144	D:0.938932697350849	S:EIF2AK3	D:1	S:Perk regulates gene expression	S:FALSE	N:	N:	N:	N:	N:	N:	N:	N:	N:	N:	N:	N:	N:
S:REACTOME_STRIATED_MUSCLE_CONTRACTION	S:REACTOME_STRIATED_MUSCLE_CONTRACTION	S:1/796	S:30/8971	D:0.0333333333333333	D:0.375670016750419	D:-1.06878573070776	D:0.938715320146312	D:0.999999999737144	D:0.938932697350849	S:TNNT3	D:1	S:Striated muscle contraction	S:FALSE	N:	N:	N:	N:	N:	N:	N:	N:	N:	N:	N:	N:	N:
S:REACTOME_EPH_EPHRIN_SIGNALING	S:REACTOME_EPH_EPHRIN_SIGNALING	S:4/796	S:82/8971	D:0.048780487804878	D:0.549761000122564	D:-1.27800472318153	D:0.9408044922092	D:0.999999999737144	D:0.938932697350849	S:MYL12A/EPHA4/PTK2/YES1	D:4	S:Eph ephrin signaling	S:FALSE	N:	N:	N:	N:	N:	N:	N:	N:	N:	N:	N:	N:	N:
S:REACTOME_RSV_HOST_INTERACTIONS	S:REACTOME_RSV_HOST_INTERACTIONS	S:4/796	S:82/8971	D:0.048780487804878	D:0.549761000122564	D:-1.27800472318153	D:0.9408044922092	D:0.999999999737144	D:0.938932697350849	S:MED1/MED23/MED31/MED6	D:4	S:Rsv host interactions	S:FALSE	N:	N:	N:	N:	N:	N:	N:	N:	N:	N:	N:	N:	N:
S:REACTOME_REGULATION_OF_INSULIN_LIKE_GROWTH_FACTOR_IGF_TRANSPORT_AND_UPTAKE_BY_INSULIN_LIKE_GROWTH_FACTOR_BINDING_PROTEINS_IGFBPS	S:REACTOME_REGULATION_OF_INSULIN_LIKE_GROWTH_FACTOR_IGF_TRANSPORT_AND_UPTAKE_BY_INSULIN_LIKE_GROWTH_FACTOR_BINDING_PROTEINS_IGFBPS	S:5/796	S:98/8971	D:0.0510204081632653	D:0.575005127679212	D:-1.31998915179243	D:0.943145923793604	D:0.999999999737144	D:0.938932697350849	S:MIA3/SPP2/MGAT4A/KTN1/WFS1	D:5	S:Regulation of insulin like growth factor igf transport and uptake by insulin like growth factor binding proteins igfbps	S:FALSE	N:	N:	N:	N:	N:	N:	N:	N:	N:	N:	N:	N:	N:
S:REACTOME_SENESCENCE_ASSOCIATED_SECRETORY_PHENOTYPE_SASP	S:REACTOME_SENESCENCE_ASSOCIATED_SECRETORY_PHENOTYPE_SASP	S:2/796	S:50/8971	D:0.04	D:0.450804020100503	D:-1.21510681533849	D:0.944121742767112	D:0.999999999737144	D:0.938932697350849	S:JUN/CDK6	D:2	S:Senescence associated secretory phenotype sasp	S:FALSE	N:	N:	N:	N:	N:	N:	N:	N:	N:	N:	N:	N:	N:
S:REACTOME_UBIQUITIN_MEDIATED_DEGRADATION_OF_PHOSPHORYLATED_CDC25A	S:REACTOME_UBIQUITIN_MEDIATED_DEGRADATION_OF_PHOSPHORYLATED_CDC25A	S:2/796	S:50/8971	D:0.04	D:0.450804020100503	D:-1.21510681533849	D:0.944121742767112	D:0.999999999737144	D:0.938932697350849	S:PSMD7/PSMA5	D:2	S:Ubiquitin mediated degradation of phosphorylated cdc25a	S:FALSE	N:	N:	N:	N:	N:	N:	N:	N:	N:	N:	N:	N:	N:
S:REACTOME_CARBOXYTERMINAL_POST_TRANSLATIONAL_MODIFICATIONS_OF_TUBULIN	S:REACTOME_CARBOXYTERMINAL_POST_TRANSLATIONAL_MODIFICATIONS_OF_TUBULIN	S:1/796	S:31/8971	D:0.032258064516129	D:0.363551629113308	D:-1.10760304596314	D:0.944171377093358	D:0.999999999737144	D:0.938932697350849	S:LRRC49	D:1	S:Carboxyterminal post translational modifications of tubulin	S:FALSE	N:	N:	N:	N:	N:	N:	N:	N:	N:	N:	N:	N:	N:
S:REACTOME_RIPK1_MEDIATED_REGULATED_NECROSIS	S:REACTOME_RIPK1_MEDIATED_REGULATED_NECROSIS	S:1/796	S:31/8971	D:0.032258064516129	D:0.363551629113308	D:-1.10760304596314	D:0.944171377093358	D:0.999999999737144	D:0.938932697350849	S:ITCH	D:1	S:Ripk1 mediated regulated necrosis	S:FALSE	N:	N:	N:	N:	N:	N:	N:	N:	N:	N:	N:	N:	N:
S:REACTOME_STIMULI_SENSING_CHANNELS	S:REACTOME_STIMULI_SENSING_CHANNELS	S:4/796	S:83/8971	D:0.0481927710843374	D:0.543137373615063	D:-1.30476269171234	D:0.944347724532096	D:0.999999999737144	D:0.938932697350849	S:WWP1/OSTM1/SGK1/TRPM3	D:4	S:Stimuli sensing channels	S:FALSE	N:	N:	N:	N:	N:	N:	N:	N:	N:	N:	N:	N:	N:
S:REACTOME_MITOCHONDRIAL_TRANSLATION_ELONGATION	S:REACTOME_MITOCHONDRIAL_TRANSLATION_ELONGATION	S:4/796	S:84/8971	D:0.0476190476190476	D:0.536671452500598	D:-1.33125112347679	D:0.947696254484772	D:0.999999999737144	D:0.938932697350849	S:TSFM/MRPS6/MRPS18B/MRPL19	D:4	S:Mitochondrial translation elongation	S:FALSE	N:	N:	N:	N:	N:	N:	N:	N:	N:	N:	N:	N:	N:
S:REACTOME_ARACHIDONATE_METABOLISM	S:REACTOME_ARACHIDONATE_METABOLISM	S:2/796	S:51/8971	D:0.0392156862745098	D:0.441964725588728	D:-1.24701933692386	D:0.948257055232482	D:0.999999999737144	D:0.938932697350849	S:CBR1/CYP2J2	D:2	S:Arachidonate metabolism	S:FALSE	N:	N:	N:	N:	N:	N:	N:	N:	N:	N:	N:	N:	N:
S:REACTOME_GAMMA_CARBOXYLATION_HYPUSINYLATION_HYDROXYLATION_AND_ARYLSULFATASE_ACTIVATION	S:REACTOME_GAMMA_CARBOXYLATION_HYPUSINYLATION_HYDROXYLATION_AND_ARYLSULFATASE_ACTIVATION	S:2/796	S:51/8971	D:0.0392156862745098	D:0.441964725588728	D:-1.24701933692386	D:0.948257055232482	D:0.999999999737144	D:0.938932697350849	S:ETF1/RCCD1	D:2	S:Gamma carboxylation hypusinylation hydroxylation and arylsulfatase activation	S:FALSE	N:	N:	N:	N:	N:	N:	N:	N:	N:	N:	N:	N:	N:
S:REACTOME_SLC_MEDIATED_TRANSPORT_OF_INORGANIC_ANIONS	S:REACTOME_SLC_MEDIATED_TRANSPORT_OF_INORGANIC_ANIONS	S:1/796	S:32/8971	D:0.03125	D:0.352190640703518	D:-1.14547763316143	D:0.949142247768266	D:0.999999999737144	D:0.938932697350849	S:SLC4A5	D:1	S:Slc mediated transport of inorganic anions	S:FALSE	N:	N:	N:	N:	N:	N:	N:	N:	N:	N:	N:	N:	N:
S:REACTOME_TNFR1_INDUCED_NF_KAPPA_B_SIGNALING_PATHWAY	S:REACTOME_TNFR1_INDUCED_NF_KAPPA_B_SIGNALING_PATHWAY	S:1/796	S:32/8971	D:0.03125	D:0.352190640703518	D:-1.14547763316143	D:0.949142247768266	D:0.999999999737144	D:0.938932697350849	S:TAB2	D:1	S:Tnfr1 induced nf kappa b signaling pathway	S:FALSE	N:	N:	N:	N:	N:	N:	N:	N:	N:	N:	N:	N:	N:
S:REACTOME_RESPONSE_OF_EIF2AK4_GCN2_TO_AMINO_ACID_DEFICIENCY	S:REACTOME_RESPONSE_OF_EIF2AK4_GCN2_TO_AMINO_ACID_DEFICIENCY	S:5/796	S:100/8971	D:0.05	D:0.563505025125628	D:-1.36962550055991	D:0.949339587238807	D:0.999999999737144	D:0.938932697350849	S:RPS28/RPL19/RPL38/RPL18/RPLP2	D:5	S:Response of eif2ak4 gcn2 to amino acid deficiency	S:FALSE	N:	N:	N:	N:	N:	N:	N:	N:	N:	N:	N:	N:	N:
S:REACTOME_COMPLEX_IV_ASSEMBLY	S:REACTOME_COMPLEX_IV_ASSEMBLY	S:1/796	S:33/8971	D:0.0303030303030303	D:0.341518197045835	D:-1.18246813785033	D:0.95367102847936	D:0.999999999737144	D:0.938932697350849	S:COX18	D:1	S:Complex iv assembly	S:FALSE	N:	N:	N:	N:	N:	N:	N:	N:	N:	N:	N:	N:	N:
S:REACTOME_FORMATION_OF_FIBRIN_CLOT_CLOTTING_CASCADE	S:REACTOME_FORMATION_OF_FIBRIN_CLOT_CLOTTING_CASCADE	S:1/796	S:33/8971	D:0.0303030303030303	D:0.341518197045835	D:-1.18246813785033	D:0.95367102847936	D:0.999999999737144	D:0.938932697350849	S:F3	D:1	S:Formation of fibrin clot clotting cascade	S:FALSE	N:	N:	N:	N:	N:	N:	N:	N:	N:	N:	N:	N:	N:
S:REACTOME_KERATAN_SULFATE_KERATIN_METABOLISM	S:REACTOME_KERATAN_SULFATE_KERATIN_METABOLISM	S:1/796	S:33/8971	D:0.0303030303030303	D:0.341518197045835	D:-1.18246813785033	D:0.95367102847936	D:0.999999999737144	D:0.938932697350849	S:B3GNT3	D:1	S:Keratan sulfate keratin metabolism	S:FALSE	N:	N:	N:	N:	N:	N:	N:	N:	N:	N:	N:	N:	N:
S:REACTOME_EXTRA_NUCLEAR_ESTROGEN_SIGNALING	S:REACTOME_EXTRA_NUCLEAR_ESTROGEN_SIGNALING	S:3/796	S:70/8971	D:0.0428571428571429	D:0.483004307250538	D:-1.35495670713008	D:0.954604562425973	D:0.999999999737144	D:0.938932697350849	S:KRAS/EGF/PTK2	D:3	S:Extra nuclear estrogen signaling	S:FALSE	N:	N:	N:	N:	N:	N:	N:	N:	N:	N:	N:	N:	N:
S:REACTOME_SIGNALING_BY_NOTCH4	S:REACTOME_SIGNALING_BY_NOTCH4	S:3/796	S:70/8971	D:0.0428571428571429	D:0.483004307250538	D:-1.35495670713008	D:0.954604562425973	D:0.999999999737144	D:0.938932697350849	S:PSMD7/SMAD3/PSMA5	D:3	S:Signaling by notch4	S:FALSE	N:	N:	N:	N:	N:	N:	N:	N:	N:	N:	N:	N:	N:
S:REACTOME_RHOJ_GTPASE_CYCLE	S:REACTOME_RHOJ_GTPASE_CYCLE	S:2/796	S:53/8971	D:0.0377358490566038	D:0.425286811415568	D:-1.30937558598459	D:0.955668730983071	D:0.999999999737144	D:0.938932697350849	S:ARL13B/FMNL3	D:2	S:Rhoj gtpase cycle	S:FALSE	N:	N:	N:	N:	N:	N:	N:	N:	N:	N:	N:	N:	N:
S:REACTOME_GLYCOSAMINOGLYCAN_METABOLISM	S:REACTOME_GLYCOSAMINOGLYCAN_METABOLISM	S:6/796	S:118/8971	D:0.0508474576271186	D:0.573055957754876	D:-1.45671839324505	D:0.956919139497478	D:0.999999999737144	D:0.938932697350849	S:XYLT1/B3GNT3/SLC17A5/EXTL2/HS3ST3B1/SLC35B3	D:6	S:Glycosaminoglycan metabolism	S:FALSE	N:	N:	N:	N:	N:	N:	N:	N:	N:	N:	N:	N:	N:
S:REACTOME_ANTI_INFLAMMATORY_RESPONSE_FAVOURING_LEISHMANIA_PARASITE_INFECTION	S:REACTOME_ANTI_INFLAMMATORY_RESPONSE_FAVOURING_LEISHMANIA_PARASITE_INFECTION	S:3/796	S:71/8971	D:0.0422535211267606	D:0.476201429683629	D:-1.38263438892426	D:0.957629732436882	D:0.999999999737144	D:0.938932697350849	S:ITPR1/IGLV6-57/YES1	D:3	S:Anti inflammatory response favouring leishmania parasite infection	S:FALSE	N:	N:	N:	N:	N:	N:	N:	N:	N:	N:	N:	N:	N:
S:REACTOME_CELL_DEATH_SIGNALLING_VIA_NRAGE_NRIF_AND_NADE	S:REACTOME_CELL_DEATH_SIGNALLING_VIA_NRAGE_NRIF_AND_NADE	S:3/796	S:71/8971	D:0.0422535211267606	D:0.476201429683629	D:-1.38263438892426	D:0.957629732436882	D:0.999999999737144	D:0.938932697350849	S:ARHGEF4/ARHGEF3/TRAF6	D:3	S:Cell death signalling via nrage nrif and nade	S:FALSE	N:	N:	N:	N:	N:	N:	N:	N:	N:	N:	N:	N:	N:
S:REACTOME_GPVI_MEDIATED_ACTIVATION_CASCADE	S:REACTOME_GPVI_MEDIATED_ACTIVATION_CASCADE	S:1/796	S:34/8971	D:0.0294117647058824	D:0.331473544191546	D:-1.21862771982113	D:0.957796991930963	D:0.999999999737144	D:0.938932697350849	S:PTPN11	D:1	S:Gpvi mediated activation cascade	S:FALSE	N:	N:	N:	N:	N:	N:	N:	N:	N:	N:	N:	N:	N:
S:REACTOME_RHOH_GTPASE_CYCLE	S:REACTOME_RHOH_GTPASE_CYCLE	S:1/796	S:34/8971	D:0.0294117647058824	D:0.331473544191546	D:-1.21862771982113	D:0.957796991930963	D:0.999999999737144	D:0.938932697350849	S:MTR	D:1	S:Rhoh gtpase cycle	S:FALSE	N:	N:	N:	N:	N:	N:	N:	N:	N:	N:	N:	N:	N:
S:REACTOME_VOLTAGE_GATED_POTASSIUM_CHANNELS	S:REACTOME_VOLTAGE_GATED_POTASSIUM_CHANNELS	S:1/796	S:34/8971	D:0.0294117647058824	D:0.331473544191546	D:-1.21862771982113	D:0.957796991930963	D:0.999999999737144	D:0.938932697350849	S:KCNH8	D:1	S:Voltage gated potassium channels	S:FALSE	N:	N:	N:	N:	N:	N:	N:	N:	N:	N:	N:	N:	N:
S:REACTOME_PLASMA_LIPOPROTEIN_CLEARANCE	S:REACTOME_PLASMA_LIPOPROTEIN_CLEARANCE	S:1/796	S:35/8971	D:0.0285714285714286	D:0.322002871500359	D:-1.25400472059579	D:0.961555926072504	D:0.999999999737144	D:0.938932697350849	S:SOAT1	D:1	S:Plasma lipoprotein clearance	S:FALSE	N:	N:	N:	N:	N:	N:	N:	N:	N:	N:	N:	N:	N:
S:REACTOME_NRAGE_SIGNALS_DEATH_THROUGH_JNK	S:REACTOME_NRAGE_SIGNALS_DEATH_THROUGH_JNK	S:2/796	S:55/8971	D:0.0363636363636364	D:0.409821836455002	D:-1.36989829844474	D:0.962058356132361	D:0.999999999737144	D:0.938932697350849	S:ARHGEF4/ARHGEF3	D:2	S:Nrage signals death through jnk	S:FALSE	N:	N:	N:	N:	N:	N:	N:	N:	N:	N:	N:	N:	N:
S:REACTOME_NEURONAL_SYSTEM	S:REACTOME_NEURONAL_SYSTEM	S:21/796	S:329/8971	D:0.0638297872340425	D:0.719368117181653	D:-1.61821678935149	D:0.962087391070722	D:0.999999999737144	D:0.938932697350849	S:CACNB4/EPB41L5/SLC38A1/PPFIBP1/KRAS/SLC18A2/GLS/UNC13B/GRIK3/CASK/GLS2/GRIP1/KCNH8/HSPA8/KCNMB3/EPB41L2/PRKCB/DLG1/PRKCA/CAMK2D/PRKAB2	D:21	S:Neuronal system	S:FALSE	N:	N:	N:	N:	N:	N:	N:	N:	N:	N:	N:	N:	N:
S:REACTOME_NEUROTRANSMITTER_RECEPTORS_AND_POSTSYNAPTIC_SIGNAL_TRANSMISSION	S:REACTOME_NEUROTRANSMITTER_RECEPTORS_AND_POSTSYNAPTIC_SIGNAL_TRANSMISSION	S:9/796	S:166/8971	D:0.0542168674698795	D:0.611029545316946	D:-1.57839193492215	D:0.964717893183981	D:0.999999999737144	D:0.938932697350849	S:KRAS/GRIK3/CASK/GRIP1/PRKCB/DLG1/PRKCA/CAMK2D/PRKAB2	D:9	S:Neurotransmitter receptors and postsynaptic signal transmission	S:FALSE	N:	N:	N:	N:	N:	N:	N:	N:	N:	N:	N:	N:	N:
S:REACTOME_REGULATED_NECROSIS	S:REACTOME_REGULATED_NECROSIS	S:2/796	S:56/8971	D:0.0357142857142857	D:0.402503589375449	D:-1.39951486318042	D:0.964912088516868	D:0.999999999737144	D:0.938932697350849	S:ITCH/CHMP2B	D:2	S:Regulated necrosis	S:FALSE	N:	N:	N:	N:	N:	N:	N:	N:	N:	N:	N:	N:	N:
S:REACTOME_SIGNALING_BY_PDGF	S:REACTOME_SIGNALING_BY_PDGF	S:2/796	S:56/8971	D:0.0357142857142857	D:0.402503589375449	D:-1.39951486318042	D:0.964912088516868	D:0.999999999737144	D:0.938932697350849	S:KRAS/PTPN11	D:2	S:Signaling by pdgf	S:FALSE	N:	N:	N:	N:	N:	N:	N:	N:	N:	N:	N:	N:	N:
S:REACTOME_DEVELOPMENTAL_LINEAGE_OF_PANCREATIC_DUCTAL_CELLS	S:REACTOME_DEVELOPMENTAL_LINEAGE_OF_PANCREATIC_DUCTAL_CELLS	S:1/796	S:36/8971	D:0.0277777777777778	D:0.313058347292016	D:-1.28864323242034	D:0.964980442953243	D:0.999999999737144	D:0.938932697350849	S:LAMA2	D:1	S:Developmental lineage of pancreatic ductal cells	S:FALSE	N:	N:	N:	N:	N:	N:	N:	N:	N:	N:	N:	N:	N:
S:REACTOME_SMOOTH_MUSCLE_CONTRACTION	S:REACTOME_SMOOTH_MUSCLE_CONTRACTION	S:1/796	S:36/8971	D:0.0277777777777778	D:0.313058347292016	D:-1.28864323242034	D:0.964980442953243	D:0.999999999737144	D:0.938932697350849	S:MYL12A	D:1	S:Smooth muscle contraction	S:FALSE	N:	N:	N:	N:	N:	N:	N:	N:	N:	N:	N:	N:	N:
S:REACTOME_RESPIRATORY_ELECTRON_TRANSPORT	S:REACTOME_RESPIRATORY_ELECTRON_TRANSPORT	S:6/796	S:122/8971	D:0.0491803278688525	D:0.554267237828487	D:-1.5467361974318	D:0.965561211063119	D:0.999999999737144	D:0.938932697350849	S:NDUFS4/NDUFS1/HSPA9/LYRM7/ISCU/COX18	D:6	S:Respiratory electron transport	S:FALSE	N:	N:	N:	N:	N:	N:	N:	N:	N:	N:	N:	N:	N:
S:REACTOME_MAP2K_AND_MAPK_ACTIVATION	S:REACTOME_MAP2K_AND_MAPK_ACTIVATION	S:1/796	S:37/8971	D:0.027027027027027	D:0.304597310878718	D:-1.32258358567211	D:0.968100260234633	D:0.999999999737144	D:0.938932697350849	S:KRAS	D:1	S:Map2k and mapk activation	S:FALSE	N:	N:	N:	N:	N:	N:	N:	N:	N:	N:	N:	N:	N:
S:REACTOME_NR1H2_AND_NR1H3_MEDIATED_SIGNALING	S:REACTOME_NR1H2_AND_NR1H3_MEDIATED_SIGNALING	S:1/796	S:37/8971	D:0.027027027027027	D:0.304597310878718	D:-1.32258358567211	D:0.968100260234633	D:0.999999999737144	D:0.938932697350849	S:TNRC6C	D:1	S:Nr1h2 and nr1h3 mediated signaling	S:FALSE	N:	N:	N:	N:	N:	N:	N:	N:	N:	N:	N:	N:	N:
S:REACTOME_SARS_COV_1_MODULATES_HOST_TRANSLATION_MACHINERY	S:REACTOME_SARS_COV_1_MODULATES_HOST_TRANSLATION_MACHINERY	S:1/796	S:37/8971	D:0.027027027027027	D:0.304597310878718	D:-1.32258358567211	D:0.968100260234633	D:0.999999999737144	D:0.938932697350849	S:RPS28	D:1	S:Sars cov 1 modulates host translation machinery	S:FALSE	N:	N:	N:	N:	N:	N:	N:	N:	N:	N:	N:	N:	N:
S:REACTOME_MITOCHONDRIAL_TRANSLATION	S:REACTOME_MITOCHONDRIAL_TRANSLATION	S:4/796	S:92/8971	D:0.0434782608695652	D:0.490004369674459	D:-1.53421850063287	D:0.968519262244766	D:0.999999999737144	D:0.938932697350849	S:TSFM/MRPS6/MRPS18B/MRPL19	D:4	S:Mitochondrial translation	S:FALSE	N:	N:	N:	N:	N:	N:	N:	N:	N:	N:	N:	N:	N:
S:REACTOME_RHOQ_GTPASE_CYCLE	S:REACTOME_RHOQ_GTPASE_CYCLE	S:2/796	S:58/8971	D:0.0344827586206897	D:0.388624155259054	D:-1.45753567728836	D:0.970013049411512	D:0.999999999737144	D:0.938932697350849	S:ARL13B/ARHGAP17	D:2	S:Rhoq gtpase cycle	S:FALSE	N:	N:	N:	N:	N:	N:	N:	N:	N:	N:	N:	N:	N:
S:REACTOME_COPI_MEDIATED_ANTEROGRADE_TRANSPORT	S:REACTOME_COPI_MEDIATED_ANTEROGRADE_TRANSPORT	S:4/796	S:93/8971	D:0.043010752688172	D:0.484735505484411	D:-1.55855809829674	D:0.970494101590007	D:0.999999999737144	D:0.938932697350849	S:COG3/COPB2/TMED10/ANK3	D:4	S:Copi mediated anterograde transport	S:FALSE	N:	N:	N:	N:	N:	N:	N:	N:	N:	N:	N:	N:	N:
S:REACTOME_DAP12_INTERACTIONS	S:REACTOME_DAP12_INTERACTIONS	S:1/796	S:38/8971	D:0.0263157894736842	D:0.296581592171383	D:-1.35586276830392	D:0.970942457778089	D:0.999999999737144	D:0.938932697350849	S:KRAS	D:1	S:Dap12 interactions	S:FALSE	N:	N:	N:	N:	N:	N:	N:	N:	N:	N:	N:	N:	N:
S:REACTOME_DNA_DOUBLE_STRAND_BREAK_RESPONSE	S:REACTOME_DNA_DOUBLE_STRAND_BREAK_RESPONSE	S:1/796	S:38/8971	D:0.0263157894736842	D:0.296581592171383	D:-1.35586276830392	D:0.970942457778089	D:0.999999999737144	D:0.938932697350849	S:BRCA1	D:1	S:Dna double strand break response	S:FALSE	N:	N:	N:	N:	N:	N:	N:	N:	N:	N:	N:	N:	N:
S:REACTOME_GLUCAGON_LIKE_PEPTIDE_1_GLP1_REGULATES_INSULIN_SECRETION	S:REACTOME_GLUCAGON_LIKE_PEPTIDE_1_GLP1_REGULATES_INSULIN_SECRETION	S:1/796	S:38/8971	D:0.0263157894736842	D:0.296581592171383	D:-1.35586276830392	D:0.970942457778089	D:0.999999999737144	D:0.938932697350849	S:ITPR1	D:1	S:Glucagon like peptide 1 glp1 regulates insulin secretion	S:FALSE	N:	N:	N:	N:	N:	N:	N:	N:	N:	N:	N:	N:	N:
S:REACTOME_COLLAGEN_CHAIN_TRIMERIZATION	S:REACTOME_COLLAGEN_CHAIN_TRIMERIZATION	S:1/796	S:39/8971	D:0.0256410256410256	D:0.288976935961861	D:-1.3885147883718	D:0.973531711512404	D:0.999999999737144	D:0.938932697350849	S:COL20A1	D:1	S:Collagen chain trimerization	S:FALSE	N:	N:	N:	N:	N:	N:	N:	N:	N:	N:	N:	N:	N:
S:REACTOME_INFECTION_WITH_ENTEROBACTERIA	S:REACTOME_INFECTION_WITH_ENTEROBACTERIA	S:1/796	S:39/8971	D:0.0256410256410256	D:0.288976935961861	D:-1.3885147883718	D:0.973531711512404	D:0.999999999737144	D:0.938932697350849	S:LAMA2	D:1	S:Infection with enterobacteria	S:FALSE	N:	N:	N:	N:	N:	N:	N:	N:	N:	N:	N:	N:	N:
S:REACTOME_PEPTIDE_LIGAND_BINDING_RECEPTORS	S:REACTOME_PEPTIDE_LIGAND_BINDING_RECEPTORS	S:6/796	S:128/8971	D:0.046875	D:0.528285961055276	D:-1.67723087624863	D:0.975585956558793	D:0.999999999737144	D:0.938932697350849	S:CCR6/APLNR/CXCR4/CCR7/CXCR5/CCL28	D:6	S:Peptide ligand binding receptors	S:FALSE	N:	N:	N:	N:	N:	N:	N:	N:	N:	N:	N:	N:	N:
S:REACTOME_CLASS_A_1_RHODOPSIN_LIKE_RECEPTORS	S:REACTOME_CLASS_A_1_RHODOPSIN_LIKE_RECEPTORS	S:12/796	S:217/8971	D:0.0552995391705069	D:0.623231364194243	D:-1.75311422301258	D:0.975847597308161	D:0.999999999737144	D:0.938932697350849	S:P2RY10/CCR6/APLNR/S1PR1/CXCR4/CCR7/HRH4/CXCR5/GPR39/HTR2B/CCL28/LPAR1	D:12	S:Class a 1 rhodopsin like receptors	S:FALSE	N:	N:	N:	N:	N:	N:	N:	N:	N:	N:	N:	N:	N:
S:REACTOME_ANTIMICROBIAL_PEPTIDES	S:REACTOME_ANTIMICROBIAL_PEPTIDES	S:1/796	S:40/8971	D:0.025	D:0.281752512562814	D:-1.42057098865729	D:0.97589050659034	D:0.999999999737144	D:0.938932697350849	S:CCR6	D:1	S:Antimicrobial peptides	S:FALSE	N:	N:	N:	N:	N:	N:	N:	N:	N:	N:	N:	N:	N:
S:REACTOME_RECYCLING_PATHWAY_OF_L1	S:REACTOME_RECYCLING_PATHWAY_OF_L1	S:1/796	S:40/8971	D:0.025	D:0.281752512562814	D:-1.42057098865729	D:0.97589050659034	D:0.999999999737144	D:0.938932697350849	S:RPS6KA5	D:1	S:Recycling pathway of l1	S:FALSE	N:	N:	N:	N:	N:	N:	N:	N:	N:	N:	N:	N:	N:
S:REACTOME_RHOU_GTPASE_CYCLE	S:REACTOME_RHOU_GTPASE_CYCLE	S:1/796	S:40/8971	D:0.025	D:0.281752512562814	D:-1.42057098865729	D:0.97589050659034	D:0.999999999737144	D:0.938932697350849	S:WDR6	D:1	S:Rhou gtpase cycle	S:FALSE	N:	N:	N:	N:	N:	N:	N:	N:	N:	N:	N:	N:	N:
S:REACTOME_CELLULAR_RESPONSES_TO_MECHANICAL_STIMULI	S:REACTOME_CELLULAR_RESPONSES_TO_MECHANICAL_STIMULI	S:4/796	S:97/8971	D:0.0412371134020619	D:0.464746412474745	D:-1.65384428361832	D:0.97729189955507	D:0.999999999737144	D:0.938932697350849	S:PKN2/NFKBIA/PDE4D/PTK2	D:4	S:Cellular responses to mechanical stimuli	S:FALSE	N:	N:	N:	N:	N:	N:	N:	N:	N:	N:	N:	N:	N:
S:REACTOME_INTEGRATION_OF_ENERGY_METABOLISM	S:REACTOME_INTEGRATION_OF_ENERGY_METABOLISM	S:4/796	S:97/8971	D:0.0412371134020619	D:0.464746412474745	D:-1.65384428361832	D:0.97729189955507	D:0.999999999737144	D:0.938932697350849	S:ITPR1/PPP2CB/PRKCA/PRKAB2	D:4	S:Integration of energy metabolism	S:FALSE	N:	N:	N:	N:	N:	N:	N:	N:	N:	N:	N:	N:	N:
S:REACTOME_SLC_MEDIATED_TRANSMEMBRANE_TRANSPORT	S:REACTOME_SLC_MEDIATED_TRANSMEMBRANE_TRANSPORT	S:11/796	S:204/8971	D:0.053921568627451	D:0.607701497684501	D:-1.76854088917309	D:0.977323642783242	D:0.999999999737144	D:0.938932697350849	S:SLC38A1/SLC24A1/SLC17A5/SLC16A10/SLC33A1/SLC4A5/SLC22A5/SLC39A8/SLC39A10/SLC30A5/SLC35B3	D:11	S:Slc mediated transmembrane transport	S:FALSE	N:	N:	N:	N:	N:	N:	N:	N:	N:	N:	N:	N:	N:
S:REACTOME_DEATH_RECEPTOR_SIGNALING	S:REACTOME_DEATH_RECEPTOR_SIGNALING	S:7/796	S:146/8971	D:0.047945205479452	D:0.540347284367041	D:-1.74726097014276	D:0.978872331184253	D:0.999999999737144	D:0.938932697350849	S:HDAC1/TAB2/HDAC2/ARHGEF4/NFKBIA/ARHGEF3/TRAF6	D:7	S:Death receptor signaling	S:FALSE	N:	N:	N:	N:	N:	N:	N:	N:	N:	N:	N:	N:	N:
S:REACTOME_SENSORY_PROCESSING_OF_SOUND	S:REACTOME_SENSORY_PROCESSING_OF_SOUND	S:2/796	S:63/8971	D:0.0317460317460317	D:0.357780968333732	D:-1.59614454012501	D:0.979830257016286	D:0.999999999737144	D:0.938932697350849	S:TMIE/CASK	D:2	S:Sensory processing of sound	S:FALSE	N:	N:	N:	N:	N:	N:	N:	N:	N:	N:	N:	N:	N:
S:REACTOME_TBC_RABGAPS	S:REACTOME_TBC_RABGAPS	S:1/796	S:42/8971	D:0.0238095238095238	D:0.268335726250299	D:-1.48300958487545	D:0.979996855965769	D:0.999999999737144	D:0.938932697350849	S:GGA2	D:1	S:Tbc rabgaps	S:FALSE	N:	N:	N:	N:	N:	N:	N:	N:	N:	N:	N:	N:	N:
S:REACTOME_TP53_REGULATES_TRANSCRIPTION_OF_CELL_DEATH_GENES	S:REACTOME_TP53_REGULATES_TRANSCRIPTION_OF_CELL_DEATH_GENES	S:1/796	S:42/8971	D:0.0238095238095238	D:0.268335726250299	D:-1.48300958487545	D:0.979996855965769	D:0.999999999737144	D:0.938932697350849	S:PPP1R13B	D:1	S:Tp53 regulates transcription of cell death genes	S:FALSE	N:	N:	N:	N:	N:	N:	N:	N:	N:	N:	N:	N:	N:
S:REACTOME_AEROBIC_RESPIRATION_AND_RESPIRATORY_ELECTRON_TRANSPORT	S:REACTOME_AEROBIC_RESPIRATION_AND_RESPIRATORY_ELECTRON_TRANSPORT	S:10/796	S:193/8971	D:0.0518134715025907	D:0.583943031218267	D:-1.82323454820773	D:0.980971207120833	D:0.999999999737144	D:0.938932697350849	S:NDUFS4/PDP1/NDUFS1/HSPA9/ME1/LYRM7/SIRT4/DLAT/ISCU/COX18	D:10	S:Aerobic respiration and respiratory electron transport	S:FALSE	N:	N:	N:	N:	N:	N:	N:	N:	N:	N:	N:	N:	N:
S:REACTOME_ECM_PROTEOGLYCANS	S:REACTOME_ECM_PROTEOGLYCANS	S:2/796	S:65/8971	D:0.0307692307692308	D:0.346772323154233	D:-1.64925870449199	D:0.982813335552496	D:0.999999999737144	D:0.938932697350849	S:LAMA2/TGFB2	D:2	S:Ecm proteoglycans	S:FALSE	N:	N:	N:	N:	N:	N:	N:	N:	N:	N:	N:	N:	N:
S:REACTOME_DEGRADATION_OF_THE_EXTRACELLULAR_MATRIX	S:REACTOME_DEGRADATION_OF_THE_EXTRACELLULAR_MATRIX	S:5/796	S:119/8971	D:0.0420168067226891	D:0.473533634559351	D:-1.80398234640108	D:0.984013215382085	D:0.999999999737144	D:0.938932697350849	S:PRSS1/ADAMTS16/ADAMTS4/CAPN14/SCUBE3	D:5	S:Degradation of the extracellular matrix	S:FALSE	N:	N:	N:	N:	N:	N:	N:	N:	N:	N:	N:	N:	N:
S:REACTOME_CARDIAC_CONDUCTION	S:REACTOME_CARDIAC_CONDUCTION	S:4/796	S:103/8971	D:0.0388349514563107	D:0.437673805922818	D:-1.79103040656034	D:0.984785821519801	D:0.999999999737144	D:0.938932697350849	S:SCN4A/ITPR1/SCN3A/CAMK2D	D:4	S:Cardiac conduction	S:FALSE	N:	N:	N:	N:	N:	N:	N:	N:	N:	N:	N:	N:	N:
S:REACTOME_AMYLOID_FIBER_FORMATION	S:REACTOME_AMYLOID_FIBER_FORMATION	S:1/796	S:45/8971	D:0.0222222222222222	D:0.250446677833613	D:-1.57285694288101	D:0.984884315237438	D:0.999999999737144	D:0.938932697350849	S:GGA2	D:1	S:Amyloid fiber formation	S:FALSE	N:	N:	N:	N:	N:	N:	N:	N:	N:	N:	N:	N:	N:
S:REACTOME_SIGNALING_BY_NOTCH3	S:REACTOME_SIGNALING_BY_NOTCH3	S:1/796	S:45/8971	D:0.0222222222222222	D:0.250446677833613	D:-1.57285694288101	D:0.984884315237438	D:0.999999999737144	D:0.938932697350849	S:EGF	D:1	S:Signaling by notch3	S:FALSE	N:	N:	N:	N:	N:	N:	N:	N:	N:	N:	N:	N:	N:
S:REACTOME_INTERFERON_ALPHA_BETA_SIGNALING	S:REACTOME_INTERFERON_ALPHA_BETA_SIGNALING	S:2/796	S:67/8971	D:0.0298507462686567	D:0.336420910522763	D:-1.70116481868102	D:0.985366200398955	D:0.999999999737144	D:0.938932697350849	S:RNASEL/PTPN11	D:2	S:Interferon alpha beta signaling	S:FALSE	N:	N:	N:	N:	N:	N:	N:	N:	N:	N:	N:	N:	N:
S:REACTOME_INOSITOL_PHOSPHATE_METABOLISM	S:REACTOME_INOSITOL_PHOSPHATE_METABOLISM	S:1/796	S:46/8971	D:0.0217391304347826	D:0.24500218483723	D:-1.60187776450043	D:0.986232296984133	D:0.999999999737144	D:0.938932697350849	S:INPP4B	D:1	S:Inositol phosphate metabolism	S:FALSE	N:	N:	N:	N:	N:	N:	N:	N:	N:	N:	N:	N:	N:
S:REACTOME_REGULATION_OF_INSULIN_SECRETION	S:REACTOME_REGULATION_OF_INSULIN_SECRETION	S:2/796	S:68/8971	D:0.0294117647058824	D:0.331473544191546	D:-1.72668749112154	D:0.986500345642131	D:0.999999999737144	D:0.938932697350849	S:ITPR1/PRKCA	D:2	S:Regulation of insulin secretion	S:FALSE	N:	N:	N:	N:	N:	N:	N:	N:	N:	N:	N:	N:	N:
S:REACTOME_GPCR_LIGAND_BINDING	S:REACTOME_GPCR_LIGAND_BINDING	S:17/796	S:304/8971	D:0.055921052631579	D:0.630235883364189	D:-2.04661442812564	D:0.988324306184232	D:0.999999999737144	D:0.938932697350849	S:FZD7/P2RY10/TAS2R50/FZD6/CCR6/APLNR/S1PR1/WNT1/FZD3/CXCR4/CCR7/HRH4/CXCR5/GPR39/HTR2B/CCL28/LPAR1	D:17	S:Gpcr ligand binding	S:FALSE	N:	N:	N:	N:	N:	N:	N:	N:	N:	N:	N:	N:	N:
S:REACTOME_G_ALPHA_12_13_SIGNALLING_EVENTS	S:REACTOME_G_ALPHA_12_13_SIGNALLING_EVENTS	S:2/796	S:74/8971	D:0.027027027027027	D:0.304597310878718	D:-1.87430086266658	D:0.991709378398536	D:0.999999999737144	D:0.938932697350849	S:ARHGEF4/ARHGEF3	D:2	S:G alpha 12 13 signalling events	S:FALSE	N:	N:	N:	N:	N:	N:	N:	N:	N:	N:	N:	N:	N:
S:REACTOME_COLLAGEN_FORMATION	S:REACTOME_COLLAGEN_FORMATION	S:2/796	S:75/8971	D:0.0266666666666667	D:0.300536013400335	D:-1.89804925413718	D:0.992360619386073	D:0.999999999737144	D:0.938932697350849	S:ITGA6/COL20A1	D:2	S:Collagen formation	S:FALSE	N:	N:	N:	N:	N:	N:	N:	N:	N:	N:	N:	N:	N:
S:REACTOME_ASSEMBLY_OF_COLLAGEN_FIBRILS_AND_OTHER_MULTIMERIC_STRUCTURES	S:REACTOME_ASSEMBLY_OF_COLLAGEN_FIBRILS_AND_OTHER_MULTIMERIC_STRUCTURES	S:1/796	S:53/8971	D:0.0188679245283019	D:0.212643405707784	D:-1.79384347272334	D:0.992842461922353	D:0.999999999737144	D:0.938932697350849	S:ITGA6	D:1	S:Assembly of collagen fibrils and other multimeric structures	S:FALSE	N:	N:	N:	N:	N:	N:	N:	N:	N:	N:	N:	N:	N:
S:REACTOME_CYTOCHROME_P450_ARRANGED_BY_SUBSTRATE_TYPE	S:REACTOME_CYTOCHROME_P450_ARRANGED_BY_SUBSTRATE_TYPE	S:1/796	S:53/8971	D:0.0188679245283019	D:0.212643405707784	D:-1.79384347272334	D:0.992842461922353	D:0.999999999737144	D:0.938932697350849	S:CYP2J2	D:1	S:Cytochrome p450 arranged by substrate type	S:FALSE	N:	N:	N:	N:	N:	N:	N:	N:	N:	N:	N:	N:	N:
S:REACTOME_INTRINSIC_PATHWAY_FOR_APOPTOSIS	S:REACTOME_INTRINSIC_PATHWAY_FOR_APOPTOSIS	S:1/796	S:53/8971	D:0.0188679245283019	D:0.212643405707784	D:-1.79384347272334	D:0.992842461922353	D:0.999999999737144	D:0.938932697350849	S:PPP1R13B	D:1	S:Intrinsic pathway for apoptosis	S:FALSE	N:	N:	N:	N:	N:	N:	N:	N:	N:	N:	N:	N:	N:
S:REACTOME_INTEGRIN_CELL_SURFACE_INTERACTIONS	S:REACTOME_INTEGRIN_CELL_SURFACE_INTERACTIONS	S:2/796	S:78/8971	D:0.0256410256410256	D:0.288976935961861	D:-1.96795751477862	D:0.994028413339694	D:0.999999999737144	D:0.938932697350849	S:ITGA6/ICAM2	D:2	S:Integrin cell surface interactions	S:FALSE	N:	N:	N:	N:	N:	N:	N:	N:	N:	N:	N:	N:	N:
S:REACTOME_FORMATION_OF_THE_CORNIFIED_ENVELOPE	S:REACTOME_FORMATION_OF_THE_CORNIFIED_ENVELOPE	S:1/796	S:55/8971	D:0.0181818181818182	D:0.204910918227501	D:-1.84552944773446	D:0.994063234044641	D:0.999999999737144	D:0.938932697350849	S:KRT20	D:1	S:Formation of the cornified envelope	S:FALSE	N:	N:	N:	N:	N:	N:	N:	N:	N:	N:	N:	N:	N:
S:REACTOME_TNF_SIGNALING	S:REACTOME_TNF_SIGNALING	S:1/796	S:55/8971	D:0.0181818181818182	D:0.204910918227501	D:-1.84552944773446	D:0.994063234044641	D:0.999999999737144	D:0.938932697350849	S:TAB2	D:1	S:Tnf signaling	S:FALSE	N:	N:	N:	N:	N:	N:	N:	N:	N:	N:	N:	N:	N:
S:REACTOME_COLLAGEN_BIOSYNTHESIS_AND_MODIFYING_ENZYMES	S:REACTOME_COLLAGEN_BIOSYNTHESIS_AND_MODIFYING_ENZYMES	S:1/796	S:56/8971	D:0.0178571428571429	D:0.201251794687724	D:-1.87090661198238	D:0.994593254872419	D:0.999999999737144	D:0.938932697350849	S:COL20A1	D:1	S:Collagen biosynthesis and modifying enzymes	S:FALSE	N:	N:	N:	N:	N:	N:	N:	N:	N:	N:	N:	N:	N:
S:REACTOME_KERATINIZATION	S:REACTOME_KERATINIZATION	S:1/796	S:57/8971	D:0.0175438596491228	D:0.197721061447589	D:-1.89598710343876	D:0.995076010803047	D:0.999999999737144	D:0.938932697350849	S:KRT20	D:1	S:Keratinization	S:FALSE	N:	N:	N:	N:	N:	N:	N:	N:	N:	N:	N:	N:	N:
S:REACTOME_POTASSIUM_CHANNELS	S:REACTOME_POTASSIUM_CHANNELS	S:2/796	S:82/8971	D:0.024390243902439	D:0.274880500061282	D:-2.0582538297326	D:0.995708360485067	D:0.999999999737144	D:0.938932697350849	S:KCNH8/KCNMB3	D:2	S:Potassium channels	S:FALSE	N:	N:	N:	N:	N:	N:	N:	N:	N:	N:	N:	N:	N:
S:REACTOME_BACTERIAL_INFECTION_PATHWAYS	S:REACTOME_BACTERIAL_INFECTION_PATHWAYS	S:3/796	S:103/8971	D:0.029126213592233	D:0.328255354442114	D:-2.13953235383721	D:0.995906009397518	D:0.999999999737144	D:0.938932697350849	S:LAMA2/MET/MAP2K4	D:3	S:Bacterial infection pathways	S:FALSE	N:	N:	N:	N:	N:	N:	N:	N:	N:	N:	N:	N:	N:
S:REACTOME_SPHINGOLIPID_METABOLISM	S:REACTOME_SPHINGOLIPID_METABOLISM	S:2/796	S:85/8971	D:0.0235294117647059	D:0.265178835353237	D:-2.12396247541713	D:0.996654714049948	D:0.999999999737144	D:0.938932697350849	S:PRKD3/KDSR	D:2	S:Sphingolipid metabolism	S:FALSE	N:	N:	N:	N:	N:	N:	N:	N:	N:	N:	N:	N:	N:
S:REACTOME_SEMAPHORIN_INTERACTIONS	S:REACTOME_SEMAPHORIN_INTERACTIONS	S:1/796	S:62/8971	D:0.0161290322580645	D:0.181775814556654	D:-2.01726313715618	D:0.996915737109869	D:0.999999999737144	D:0.938932697350849	S:MET	D:1	S:Semaphorin interactions	S:FALSE	N:	N:	N:	N:	N:	N:	N:	N:	N:	N:	N:	N:	N:
S:REACTOME_MUSCLE_CONTRACTION	S:REACTOME_MUSCLE_CONTRACTION	S:6/796	S:163/8971	D:0.0368098159509202	D:0.414850325245861	D:-2.35250736591437	D:0.997214616258668	D:0.999999999737144	D:0.938932697350849	S:MYL12A/SCN4A/ITPR1/TNNT3/SCN3A/CAMK2D	D:6	S:Muscle contraction	S:FALSE	N:	N:	N:	N:	N:	N:	N:	N:	N:	N:	N:	N:	N:
S:REACTOME_HIGH_LAMINAR_FLOW_SHEAR_STRESS_ACTIVATES_SIGNALING_BY_PIEZO1_AND_PECAM1_CDH5_KDR_IN_ENDOTHELIAL_CELLS	S:REACTOME_HIGH_LAMINAR_FLOW_SHEAR_STRESS_ACTIVATES_SIGNALING_BY_PIEZO1_AND_PECAM1_CDH5_KDR_IN_ENDOTHELIAL_CELLS	S:1/796	S:64/8971	D:0.015625	D:0.176095320351759	D:-2.06400195895945	D:0.997442288011329	D:0.999999999737144	D:0.938932697350849	S:PKN2	D:1	S:High laminar flow shear stress activates signaling by piezo1 and pecam1 cdh5 kdr in endothelial cells	S:FALSE	N:	N:	N:	N:	N:	N:	N:	N:	N:	N:	N:	N:	N:
S:REACTOME_ANTIGEN_PROCESSING_CROSS_PRESENTATION	S:REACTOME_ANTIGEN_PROCESSING_CROSS_PRESENTATION	S:2/796	S:90/8971	D:0.0222222222222222	D:0.250446677833613	D:-2.22998390126578	D:0.997796686611564	D:0.999999999737144	D:0.938932697350849	S:PSMD7/PSMA5	D:2	S:Antigen processing cross presentation	S:FALSE	N:	N:	N:	N:	N:	N:	N:	N:	N:	N:	N:	N:	N:
S:REACTOME_INTERFERON_GAMMA_SIGNALING	S:REACTOME_INTERFERON_GAMMA_SIGNALING	S:2/796	S:91/8971	D:0.021978021978022	D:0.247694516538738	D:-2.25069846811836	D:0.997973916569308	D:0.999999999737144	D:0.938932697350849	S:PTPN11/CAMK2D	D:2	S:Interferon gamma signaling	S:FALSE	N:	N:	N:	N:	N:	N:	N:	N:	N:	N:	N:	N:	N:
S:REACTOME_CLATHRIN_MEDIATED_ENDOCYTOSIS	S:REACTOME_CLATHRIN_MEDIATED_ENDOCYTOSIS	S:4/796	S:134/8971	D:0.0298507462686567	D:0.336420910522763	D:-2.41491327355072	D:0.998295661120088	D:0.999999999737144	D:0.938932697350849	S:SYNJ2/EGF/HSPA8/GAPVD1	D:4	S:Clathrin mediated endocytosis	S:FALSE	N:	N:	N:	N:	N:	N:	N:	N:	N:	N:	N:	N:	N:
S:REACTOME_DRUG_ADME	S:REACTOME_DRUG_ADME	S:1/796	S:79/8971	D:0.0126582278481013	D:0.142659500031805	D:-2.38822936078038	D:0.999372674608157	D:0.999999999737144	D:0.938932697350849	S:UGT2B28	D:1	S:Drug adme	S:FALSE	N:	N:	N:	N:	N:	N:	N:	N:	N:	N:	N:	N:	N:
S:REACTOME_BIOLOGICAL_OXIDATIONS	S:REACTOME_BIOLOGICAL_OXIDATIONS	S:5/796	S:172/8971	D:0.0290697674418605	D:0.327619200654435	D:-2.77825268325086	D:0.999571461832112	D:0.999999999737144	D:0.938932697350849	S:MTR/TRMT112/MAT2B/UGT2B28/CYP2J2	D:5	S:Biological oxidations	S:FALSE	N:	N:	N:	N:	N:	N:	N:	N:	N:	N:	N:	N:	N:
S:REACTOME_G_ALPHA_S_SIGNALLING_EVENTS	S:REACTOME_G_ALPHA_S_SIGNALLING_EVENTS	S:2/796	S:112/8971	D:0.0178571428571429	D:0.201251794687724	D:-2.6542109136233	D:0.999659527054052	D:0.999999999737144	D:0.938932697350849	S:GPR39/PDE4D	D:2	S:G alpha s signalling events	S:FALSE	N:	N:	N:	N:	N:	N:	N:	N:	N:	N:	N:	N:	N:
S:REACTOME_PHASE_I_FUNCTIONALIZATION_OF_COMPOUNDS	S:REACTOME_PHASE_I_FUNCTIONALIZATION_OF_COMPOUNDS	S:1/796	S:88/8971	D:0.0113636363636364	D:0.128069323892188	D:-2.56479310181857	D:0.999730375541436	D:0.999999999737144	D:0.938932697350849	S:CYP2J2	D:1	S:Phase i functionalization of compounds	S:FALSE	N:	N:	N:	N:	N:	N:	N:	N:	N:	N:	N:	N:	N:
S:REACTOME_CARGO_RECOGNITION_FOR_CLATHRIN_MEDIATED_ENDOCYTOSIS	S:REACTOME_CARGO_RECOGNITION_FOR_CLATHRIN_MEDIATED_ENDOCYTOSIS	S:1/796	S:94/8971	D:0.0106382978723404	D:0.119894686196942	D:-2.67654367661095	D:0.999846519305174	D:0.999999999737144	D:0.938932697350849	S:EGF	D:1	S:Cargo recognition for clathrin mediated endocytosis	S:FALSE	N:	N:	N:	N:	N:	N:	N:	N:	N:	N:	N:	N:	N:
S:REACTOME_NEUTROPHIL_DEGRANULATION	S:REACTOME_NEUTROPHIL_DEGRANULATION	S:9/796	S:441/8971	D:0.0204081632653061	D:0.230002051071685	D:-5.17420012599046	D:0.999999999737144	D:0.999999999737144	D:0.938932697350849	S:RAB14/PSMD7/ENPP4/FAF2/PSMA5/SCAMP1/MIF/HSPA8/FGL2	D:9	S:Neutrophil degranulation	S:FALSE	N:	N:	N:	N:	N:	N:	N:	N:	N:	N:	N:	N:	N:
N:	N:	N:	N:	N:	N:	N:	N:	N:	N:	N:	N:	N:	N:	N:	N:	N:	N:	N:	N:	N:	N:	N:	N:	N:	N:	N:
N:	N:	N:	N:	N:	N:	N:	N:	N:	N:	N:	N:	N:	N:	N:	N:	N:	N:	N:	N:	N:	N:	N:	N:	N:	N:	N:
S:Source	S:panel_review_SRdown_bothFDR_matched/SF4e_bothFDR_overlap_genes.csv	N:	N:	N:	N:	N:	N:	N:	N:	N:	N:	N:	N:	N:	N:	N:	N:	N:	N:	N:	N:	N:	N:	N:	N:	N:
S:Description	S:Full convergence gene list used for Supplementary Fig. 4f ORA.	N:	N:	N:	N:	N:	N:	N:	N:	N:	N:	N:	N:	N:	N:	N:	N:	N:	N:	N:	N:	N:	N:	N:	N:	N:
N:	N:	N:	N:	N:	N:	N:	N:	N:	N:	N:	N:	N:	N:	N:	N:	N:	N:	N:	N:	N:	N:	N:	N:	N:	N:	N:
S:gene	S:age_logFC	S:age_p	S:age_FDR	S:participant_aware_phase_logFC	S:participant_aware_phase_t	S:participant_aware_phase_p	S:participant_aware_phase_FDR	S:delta_mesor	S:mesor_t	S:mesor_p	S:mesor_FDR	S:waveform_F	S:waveform_p	S:waveform_FDR	S:sr_sin_coef	S:sr_cos_coef	S:rhythmic_SR_effect_amplitude	S:SR_effect_acrophase_h	N:	N:	N:	N:	N:	N:	N:	N:
S:MEST	D:-0.084662593725825	D:0.000000000239092046568496	D:0.00000270933517293724	D:-0.126192012934651	D:-3.81022034232448	D:0.000159692713344451	D:0.00244034927020605	D:-0.116624447581659	D:-3.49623318443944	D:0.000521658423127222	D:0.0086023014736954	D:0.00921973713220731	D:0.990822832945343	D:0.998940164677581	D:-0.00314270375993567	D:-0.00504458204785926	D:0.00594343292721452	D:14.1281550968124	N:	N:	N:	N:	N:	N:	N:	N:
S:NT5E	D:-0.178251095793188	D:0.000000000291221982042698	D:0.00000270933517293724	D:-0.086638991680391	D:-3.60853294251171	D:0.000345231692592644	D:0.00415916923856525	D:-0.0686544097470717	D:-2.6582901472976	D:0.0081508650749192	D:0.0482514855836325	D:1.13020702719399	D:0.323937311862509	D:0.956911684216668	D:-0.0266514200511584	D:-0.0433982310445524	D:0.0509284267235857	D:14.1036419137017	N:	N:	N:	N:	N:	N:	N:	N:
S:ZFP112	D:-0.0485452707905304	D:0.00000000231311889657961	D:0.0000119620204467011	D:-0.273556455265793	D:-3.29521172443437	D:0.00106731687544268	D:0.00908777301221154	D:-0.266542367218918	D:-3.22141434449274	D:0.00137390281320712	D:0.0154943660720413	D:0.190022343400904	D:0.827011036089222	D:0.990538766746216	D:-0.0321167203130924	D:-0.0584710952978996	D:0.0667109639340151	D:13.9185932669324	N:	N:	N:	N:	N:	N:	N:	N:
S:HOOK1	D:-0.09452703245637	D:0.000000193643123206817	D:0.000270228978435113	D:-0.120362052323714	D:-3.44413124329125	D:0.000630775084032835	D:0.00635756269621097	D:-0.107453955114933	D:-2.93547610867586	D:0.00351149373002597	D:0.0280721784158271	D:4.76972891135935	D:0.00894314454822283	D:0.682205037020486	D:0.0244755773680971	D:-0.145317850988543	D:0.147364621613975	D:11.362634880456	N:	N:	N:	N:	N:	N:	N:	N:
S:CHML	D:-0.0720103829599619	D:0.000000269496424875166	D:0.000358173581822185	D:-0.125372267764429	D:-4.11614092053209	D:0.0000464328417537234	D:0.00100928160256897	D:-0.125094187528816	D:-4.07057109334624	D:0.0000559533947215527	D:0.00229221234015484	D:4.33044988091275	D:0.013748601894039	D:0.709441948440271	D:-0.00357364039548637	D:-0.117080404259339	D:0.117134930602304	D:12.1165529292398	N:	N:	N:	N:	N:	N:	N:	N:
S:ZNF518B	D:-0.0700306416481459	D:0.000000611620867821392	D:0.000609654943603395	D:-0.065114329759638	D:-3.98163439797181	D:0.000080708920352207	D:0.0015150173031724	D:-0.0713268026847352	D:-4.36391478479576	D:0.000016066083393316	D:0.00111328842407371	D:1.58135363842265	D:0.206907089672494	D:0.927138374549935	D:-0.0134372881546517	D:-0.0353016965746786	D:0.0377726156626969	D:13.3892598658416	N:	N:	N:	N:	N:	N:	N:	N:
S:CYP2J2	D:-0.0427525080961399	D:0.000000997732079272789	D:0.000928223411083451	D:-0.0922266826731052	D:-2.75217585308208	D:0.00617778853865037	D:0.0309142550150492	D:-0.0926410644847463	D:-2.75201650306263	D:0.00617702688337514	D:0.0402350941093446	D:5.5532225683901	D:0.00416207347153816	D:0.620847921429978	D:-0.0182109452962902	D:-0.144025013352979	D:0.14517177067154	D:12.4804269317104	N:	N:	N:	N:	N:	N:	N:	N:
S:BACH2	D:-0.126624389478942	D:0.00000125817307116838	D:0.00103907595411937	D:-0.122871571111166	D:-5.08342503486999	D:0.000000560353135662561	D:0.0000592032232680601	D:-0.114897460419634	D:-4.44954844391032	D:0.0000110111261955488	D:0.000896729778782661	D:4.37181955527066	D:0.013202410213317	D:0.709441948440271	D:0.00774628373763046	D:-0.0988641077669881	D:0.0991671150952094	D:11.7013244014954	N:	N:	N:	N:	N:	N:	N:	N:
S:SLC16A10	D:-0.0528500696537624	D:0.00000126580374203005	D:0.00103907595411937	D:-0.255072548955894	D:-2.97415343302502	D:0.00310819299325435	D:0.019098702662992	D:-0.28848250877644	D:-3.36470748142049	D:0.000835969126966598	D:0.0114636299719679	D:2.27113642593732	D:0.104448796801326	D:0.872152608868611	D:0.0672467362020501	D:-0.230088640963183	D:0.23971421783055	D:10.9138822493913	N:	N:	N:	N:	N:	N:	N:	N:
S:RAD54B	D:-0.0647143142058497	D:0.00000142180811863422	D:0.00107250444840759	D:-0.159666179442927	D:-4.1454512587671	D:0.0000410799069811872	D:0.000935597275430512	D:-0.142396945255865	D:-3.6318107771492	D:0.000315881464243661	D:0.00632442591473911	D:0.425835779853005	D:0.653502640555482	D:0.985706471962942	D:-0.0143466030622473	D:-0.0446934110208524	D:0.0469395995733297	D:13.1864434178895	N:	N:	N:	N:	N:	N:	N:	N:
S:IL23R	D:-0.0278404888218789	D:0.00000294865623195855	D:0.00175099990285027	D:-0.174676893949353	D:-3.28170594242597	D:0.00111840559466767	D:0.00937168255806223	D:-0.167766604489653	D:-3.1619738996438	D:0.00167958388216408	D:0.0175527453312269	D:0.267547220701716	D:0.765383279739511	D:0.989044741352382	D:0.0443783639547103	D:0.028559864530632	D:0.052774094490619	D:3.81576929461222	N:	N:	N:	N:	N:	N:	N:	N:
S:SCN3A	D:-0.0521090247414392	D:0.00000412666234844608	D:0.00222402023731512	D:-0.144114625801284	D:-3.06560105728025	D:0.00231324940166015	D:0.0154752504477375	D:-0.146115343012244	D:-3.08510909287999	D:0.00216798738642143	D:0.0206153973323899	D:0.845690693581342	D:0.429983466571759	D:0.966078042387016	D:0.045704516961989	D:-0.0689150939779663	D:0.0826933676223231	D:9.76317647118419	N:	N:	N:	N:	N:	N:	N:	N:
S:FAM134B	D:-0.100563899119296	D:0.00000592922713185627	D:0.002876251109065	D:-0.123547801042759	D:-3.34983090712764	D:0.000882018882085106	D:0.00792802712733443	D:-0.120392838606867	D:-3.22402279123526	D:0.00136174889480916	D:0.015426049364328	D:1.55415646030389	D:0.212569160211051	D:0.927783481998367	D:-0.0347321224327213	D:-0.0783873903056081	D:0.0857374089158593	D:13.5931546206922	N:	N:	N:	N:	N:	N:	N:	N:
S:SSBP2	D:-0.0586353858965141	D:0.00000689095531031025	D:0.00317892621402252	D:-0.0947175375858242	D:-5.43775410440234	D:0.0000000919649514461065	D:0.0000181313960448862	D:-0.0884664173226753	D:-5.0257267401495	D:0.0000007409808499872	D:0.00018706401485193	D:1.58362166030327	D:0.206441820446805	D:0.927138374549935	D:-0.0284910893420507	D:-0.030440610513408	D:0.0416937997827701	D:14.8736858476516	N:	N:	N:	N:	N:	N:	N:	N:
S:RAB30	D:-0.0856379744336921	D:0.0000105395911937347	D:0.00422136226371884	D:-0.102813530036088	D:-4.54784020578434	D:0.00000711014735523803	D:0.000291889473673753	D:-0.0829387885134406	D:-3.27694793306558	D:0.00113565894260939	D:0.0137969740514975	D:1.46324196255351	D:0.232651010589069	D:0.931078802181888	D:-0.0291573643942641	D:-0.0486867443283865	D:0.0567498984291388	D:14.0610943926947	N:	N:	N:	N:	N:	N:	N:	N:
S:ELOVL4	D:-0.0702996154677446	D:0.0000140326508345315	D:0.00508638032197108	D:-0.157366020360693	D:-3.26907557907107	D:0.00116822731678908	D:0.00967302118532857	D:-0.165792072355009	D:-3.44806491343296	D:0.000621069768428076	D:0.00954864228548625	D:1.22583587851937	D:0.294550235168782	D:0.952385040554387	D:0.0815877274360021	D:-0.0643491840349509	D:0.10391041696642	D:8.55088353173243	N:	N:	N:	N:	N:	N:	N:	N:
S:LEF1	D:-0.182189922251937	D:0.0000202292200890435	D:0.00688533576445371	D:-0.0960211839394588	D:-4.2931663800566	D:0.0000219172815368458	D:0.00061888391834376	D:-0.0779325693315797	D:-3.14478775478712	D:0.0017790174590851	D:0.0181723890057408	D:4.33118142391722	D:0.0137387490664612	D:0.709441948440271	D:-0.0222183689617813	D:-0.0918119040494349	D:0.0944620645788799	D:12.906931242966	N:	N:	N:	N:	N:	N:	N:	N:
S:EDAR	D:-0.1067176739498	D:0.0000230373344002832	D:0.00746878024052492	D:-0.183598201081082	D:-3.10421307104142	D:0.00203757589301873	D:0.0142131533978478	D:-0.175293704443855	D:-2.96794100117211	D:0.00316786879886771	D:0.0262413413305104	D:1.93124955074939	D:0.14623991328854	D:0.893013200900893	D:-0.0982132285621935	D:-0.118309327004627	D:0.153762593373348	D:14.6464933650844	N:	N:	N:	N:	N:	N:	N:	N:
S:SATB1	D:-0.106423176152094	D:0.0000298999124673572	D:0.00854338316302755	D:-0.0973671077333213	D:-4.84991911799118	D:0.00000174560360855045	D:0.000118440417064876	D:-0.0845712734939971	D:-4.00157467340692	D:0.0000742556612769412	D:0.00266244014130772	D:3.25381747462792	D:0.0395930432465749	D:0.813813159090897	D:-0.0290971723749737	D:-0.063933264924519	D:0.0702432046829276	D:13.6314087161831	N:	N:	N:	N:	N:	N:	N:	N:
S:PTPRK	D:-0.0530843377220602	D:0.0000311931280115174	D:0.00861980398813318	D:-0.161621169643226	D:-5.29026561607013	D:0.0000001974855642217	D:0.0000298105031019948	D:-0.131127494974438	D:-3.8767132699278	D:0.000122659716464796	D:0.00349401387673261	D:4.63854147548	D:0.0101678131044849	D:0.700649954672319	D:0.029923506475921	D:-0.13130863504989	D:0.13467506776861	D:11.1441521286432	N:	N:	N:	N:	N:	N:	N:	N:
S:CCR6	D:-0.12619103275719	D:0.0000401070389262873	D:0.0106608329184065	D:-0.124690436663114	D:-4.17121547595214	D:0.0000368647448562007	D:0.000861691362721313	D:-0.107165986662894	D:-3.45676500638135	D:0.000601896487836164	D:0.00938415744064811	D:2.8146571735132	D:0.0610453840377336	D:0.83656058396868	D:0.0215930670269356	D:-0.0937108830542897	D:0.0961664710096221	D:11.1349508780973	N:	N:	N:	N:	N:	N:	N:	N:
S:SMARCA1	D:-0.0261185973179835	D:0.0000426511181171216	D:0.0111251654826997	D:-0.188038588633188	D:-4.89927562804977	D:0.00000137792619542316	D:0.000105179905409234	D:-0.189351454861574	D:-4.94837639138124	D:0.00000108133903659105	D:0.000215616797081895	D:0.788998154650493	D:0.454965495197061	D:0.967692421145506	D:0.0376908390282741	D:-0.0526326829654968	D:0.0647363782026904	D:9.62620902041152	N:	N:	N:	N:	N:	N:	N:	N:
S:SDR42E1	D:-0.0585844931992333	D:0.0000515912090352682	D:0.0125209621232551	D:-0.11480489059256	D:-2.58924555444142	D:0.009954313539148	D:0.0434411542417222	D:-0.127611139894502	D:-2.88951495193826	D:0.00405631381884444	D:0.0306750883645663	D:0.802714389414765	D:0.448790704148327	D:0.967692421145506	D:0.0667726761534628	D:-0.0402511721221012	D:0.0779663205358457	D:8.07213014667595	N:	N:	N:	N:	N:	N:	N:	N:
S:C12ORF23	D:-0.0932201144202732	D:0.0000695560368377245	D:0.0150222507839471	D:-0.116567166274054	D:-3.29449091919094	D:0.00106998781163588	D:0.00909862133471572	D:-0.121050424666037	D:-3.40351793845837	D:0.000728498595670527	D:0.0104519758135079	D:2.84231800921243	D:0.0594015852826789	D:0.83656058396868	D:-0.00178405114264674	D:-0.109841729820113	D:0.109856217158404	D:12.0620344769221	N:	N:	N:	N:	N:	N:	N:	N:
S:EFHA2	D:-0.039196218270338	D:0.0000739955355458257	D:0.0154120552021194	D:-0.148084561915052	D:-3.2988647051618	D:0.00105387571378946	D:0.00901030261515206	D:-0.136380561490815	D:-3.0063566722589	D:0.00280112502642286	D:0.0242305374684946	D:0.526146940868281	D:0.591262518032916	D:0.983809678549149	D:-0.022428820342383	D:-0.056197587655787	D:0.0605080229414311	D:13.4504840941511	N:	N:	N:	N:	N:	N:	N:	N:
S:XKRX	D:-0.0383280642087638	D:0.0000755192149483478	D:0.0154980977147675	D:-0.211992447912703	D:-4.1718296710582	D:0.0000367694737688186	D:0.000861525523880677	D:-0.199867047335816	D:-3.88427576749724	D:0.000119031851371567	D:0.00345616851062673	D:1.77129457180194	D:0.171368962258858	D:0.910856895297201	D:-0.0224971987716795	D:-0.123308876250159	D:0.125344337385657	D:12.6893104841161	N:	N:	N:	N:	N:	N:	N:	N:
S:CFL2	D:-0.0633917354753141	D:0.0000777621059694605	D:0.0157271041855626	D:-0.130058484673574	D:-3.62509261402287	D:0.000324479450391177	D:0.00400858696845177	D:-0.122038525360281	D:-3.35674609628257	D:0.000859765129735006	D:0.0116509503468459	D:2.32886529665384	D:0.0986509272754211	D:0.867938343868143	D:-0.0377382143574434	D:-0.0947832164980924	D:0.102019757658076	D:13.4473412483634	N:	N:	N:	N:	N:	N:	N:	N:
S:LEPROTL1	D:-0.062036979459683	D:0.0000798737139867239	D:0.015959353569334	D:-0.111563824067591	D:-3.84977337061612	D:0.000136728740173163	D:0.00220463180727239	D:-0.105387889016907	D:-3.59679624423425	D:0.000360117757323887	D:0.0068520555948063	D:3.01696818679891	D:0.0500014072724916	D:0.832973145363817	D:-0.035829741936623	D:-0.0865068931851463	D:0.0936333966904508	D:13.499902518633	N:	N:	N:	N:	N:	N:	N:	N:
S:SHISA2	D:-0.0218147811364488	D:0.0000926711659476394	D:0.0173042716114257	D:-0.171113201236867	D:-3.7460985758619	D:0.000204817075971595	D:0.00289813937839314	D:-0.181070412907921	D:-3.9869070997602	D:0.0000788191860810524	D:0.00276022529607499	D:1.68983009981962	D:0.185791265926272	D:0.921744746511297	D:0.0940099863710939	D:-0.0673700094536013	D:0.115657233717877	D:8.37509143240858	N:	N:	N:	N:	N:	N:	N:	N:
S:ZFP14	D:-0.0669921442957351	D:0.0000930003848697189	D:0.0173042716114257	D:-0.13489492498423	D:-5.82219252775967	D:0.000000011588209584338	D:0.00000383805429639912	D:-0.111854695927568	D:-4.36296490136219	D:0.0000161330025490172	D:0.00111397527494821	D:3.48052333526177	D:0.031673859557686	D:0.777497218447519	D:0.00676899291790221	D:-0.0875846675596623	D:0.0878458493991559	D:11.7053781868605	N:	N:	N:	N:	N:	N:	N:	N:
S:PPAT	D:-0.06434232122468	D:0.0000991805822779595	D:0.0179748704634925	D:-0.0596304045308039	D:-3.35951832578934	D:0.000852458218302236	D:0.00777504367613867	D:-0.052881623838852	D:-2.88421169938315	D:0.00412389988128113	D:0.0309347898580095	D:1.568695380449	D:0.209523261428434	D:0.927481751728524	D:-0.00946265520094715	D:-0.0409749993020526	D:0.0420534470793444	D:12.8669172366054	N:	N:	N:	N:	N:	N:	N:	N:
S:STRBP	D:-0.0774631077670287	D:0.000109876185251436	D:0.0190768633454741	D:-0.130593856825031	D:-5.1925277769747	D:0.000000324632367869805	D:0.0000414617065395023	D:-0.102228808832633	D:-3.69483729601537	D:0.000248839709423567	D:0.00541489617132062	D:2.87404271077917	D:0.0575709558907303	D:0.83656058396868	D:-0.0188826122485546	D:-0.0837892923422099	D:0.0858906197237951	D:12.8466614475142	N:	N:	N:	N:	N:	N:	N:	N:
S:EPC2	D:-0.0435168930753129	D:0.000119946855321176	D:0.0195772908304914	D:-0.0542938179890299	D:-2.52035299542121	D:0.0120951523250548	D:0.049915812372523	D:-0.059163391604899	D:-2.74554631618029	D:0.00629794629157046	D:0.0406702473508191	D:0.178098614229312	D:0.836922460421896	D:0.990538766746216	D:0.0105157585973045	D:-0.01381890280741	D:0.017365000825725	D:9.51533232538219	N:	N:	N:	N:	N:	N:	N:	N:
S:SYPL1	D:-0.0733819713570925	D:0.000125635221824168	D:0.0200370230920716	D:-0.0781127516425453	D:-4.6617380178389	D:0.00000422383421580745	D:0.000206862016067903	D:-0.0653120388085345	D:-3.72283880202731	D:0.00022357206425318	D:0.00502911263161544	D:1.3947835797377	D:0.249021584663818	D:0.934832079499915	D:0.00426267751419841	D:-0.0378631817511078	D:0.038102374622948	D:11.5717750931201	N:	N:	N:	N:	N:	N:	N:	N:
S:USP53	D:-0.0792499165812729	D:0.000131030683689249	D:0.0203817439722321	D:-0.121564570762051	D:-3.35680941013472	D:0.000860630093141483	D:0.00782576670548056	D:-0.113801005412889	D:-3.10066424801817	D:0.0020596907565561	D:0.0199348276740281	D:1.143711579951	D:0.31961511159955	D:0.956911684216668	D:-0.0100857935249618	D:-0.0711182820530025	D:0.0718298912236304	D:12.5381133039732	N:	N:	N:	N:	N:	N:	N:	N:
S:FBXL3	D:-0.0489673155049615	D:0.000175872491269382	D:0.0250438838333084	D:-0.0860264528539597	D:-3.1217750488994	D:0.00192248766268528	D:0.0136212224135363	D:-0.0924733494954141	D:-3.35749157770113	D:0.000857510476093272	D:0.0116454612441739	D:1.00217806765772	D:0.367946801098589	D:0.959270072771647	D:-0.0344214374762362	D:-0.0386971427686577	D:0.05179096655198	D:14.7768909955809	N:	N:	N:	N:	N:	N:	N:	N:
S:NPAT	D:-0.0688314056728206	D:0.000181260663310218	D:0.0255504298635767	D:-0.10597391179722	D:-5.72243643216586	D:0.0000000200533603967618	D:0.00000642397894283807	D:-0.0966196771149379	D:-4.94569645578596	D:0.00000109549849160433	D:0.000216233697216568	D:3.69674736398332	D:0.0256070220277676	D:0.748435245718982	D:-0.01778868687884	D:-0.0664899993038003	D:0.0688284635037917	D:12.998539003685	N:	N:	N:	N:	N:	N:	N:	N:
S:N4BP2	D:-0.0389358773649047	D:0.000193398627360554	D:0.0264459221947538	D:-0.0721357018255438	D:-3.73292860354445	D:0.000215465107580095	D:0.00300958089151009	D:-0.0575856695734523	D:-2.78460731793899	D:0.00559925763560971	D:0.0374837593208117	D:2.53269997576858	D:0.0806455338383321	D:0.858260180148023	D:-0.0139033942510408	D:-0.0586493743737706	D:0.0602748163508987	D:12.8890885047242	N:	N:	N:	N:	N:	N:	N:	N:
S:ABLIM1	D:-0.116268207286689	D:0.000202070330709753	D:0.0270724754635381	D:-0.110646628207519	D:-4.80888781021744	D:0.00000212171635053823	D:0.000135935931822517	D:-0.0893495571781651	D:-3.49465955482285	D:0.000524656116320051	D:0.00863715683994112	D:4.28592461469983	D:0.0143618540486704	D:0.712296928845353	D:-0.00889926489702826	D:-0.0964692111259034	D:0.0968788192070981	D:12.3513737775966	N:	N:	N:	N:	N:	N:	N:	N:
S:PAICS	D:-0.070218265415531	D:0.000208324020408434	D:0.0275560351165848	D:-0.0821179699967998	D:-5.09712951975307	D:0.000000523491104249557	D:0.0000580334787803071	D:-0.0720030400996722	D:-4.23442255665588	D:0.0000281182240779896	D:0.00154250287339541	D:1.00169472385213	D:0.368123851992513	D:0.959270072771647	D:-0.0108048623754166	D:-0.029337467211143	D:0.0312639094375061	D:13.3479022827841	N:	N:	N:	N:	N:	N:	N:	N:
S:ERBB2IP	D:-0.055694045446272	D:0.000230605465002705	D:0.0293890343754589	D:-0.0792539329877601	D:-3.405878318977	D:0.000723333343255849	D:0.00694236584507001	D:-0.086970865744638	D:-3.74331832552891	D:0.00020664422202077	D:0.00478440135368229	D:2.1549499358715	D:0.117176720460842	D:0.885569066506476	D:-0.0285348808480831	D:-0.056138405599743	D:0.0629742805301939	D:13.7962674101892	N:	N:	N:	N:	N:	N:	N:	N:
S:WDR3	D:-0.0660071191559502	D:0.000274107491234816	D:0.0322416416175057	D:-0.11329353337967	D:-4.65392956747053	D:0.00000437884803645417	D:0.000210756328769337	D:-0.102521719750077	D:-4.10193122874579	D:0.00004913474515694	D:0.00214294636607353	D:3.12797705436769	D:0.0448188139117693	D:0.821701589300434	D:0.00134292202732654	D:-0.0810327099162001	D:0.0810438370015544	D:11.936703156541	N:	N:	N:	N:	N:	N:	N:	N:
S:ZNF295	D:-0.0399722778051329	D:0.000277943688782758	D:0.0323225348080282	D:-0.125274180955098	D:-5.07090245087918	D:0.000000596222981968355	D:0.000061319964687598	D:-0.127130568868129	D:-5.12234366648167	D:0.0000004590219457513	D:0.000152029624439426	D:2.78541790062674	D:0.0628327063814023	D:0.840103863598374	D:-0.0383461737324723	D:-0.0664331799543724	D:0.0767059087604793	D:13.99961012058	N:	N:	N:	N:	N:	N:	N:	N:
S:NR3C2	D:-0.0646940104072854	D:0.000287771732593818	D:0.0329842523285438	D:-0.100054215485395	D:-3.25127357230358	D:0.00124195062320117	D:0.010143084648648	D:-0.0854737451695767	D:-2.68194009286836	D:0.0076055211932782	D:0.0460692776310755	D:1.16764182029944	D:0.312097921337761	D:0.956911684216668	D:-0.0187574294711397	D:-0.0603147319186945	D:0.063164135763808	D:13.1516868102957	N:	N:	N:	N:	N:	N:	N:	N:
S:RBM12B	D:-0.0529622968074782	D:0.000290986414942659	D:0.0330953034002714	D:-0.0547539355799727	D:-2.69362225722058	D:0.00735254163709126	D:0.0348982307822202	D:-0.0539050714924098	D:-2.66245547821391	D:0.00805233965763688	D:0.0479435616239739	D:1.52697465664309	D:0.218383592213581	D:0.927826835934733	D:-0.00615770815063395	D:-0.0453684166726356	D:0.0457843925486651	D:12.5152892486599	N:	N:	N:	N:	N:	N:	N:	N:
S:NAA25	D:-0.0542130269298942	D:0.000302153119440331	D:0.033450338075682	D:-0.217424415832128	D:-4.37577188181987	D:0.000015302510134804	D:0.000476156609146823	D:-0.196895911530383	D:-3.85950725679322	D:0.000131307312985656	D:0.00362924498310141	D:2.34023688068018	D:0.0975475448709235	D:0.867885582684249	D:-0.0488045213980707	D:-0.134777401653553	D:0.143341652374242	D:13.3270621354625	N:	N:	N:	N:	N:	N:	N:	N:
S:SPRY1	D:-0.0196016487354222	D:0.000382130548507149	D:0.0380039082646958	D:-0.14326533206468	D:-2.74823250296632	D:0.00625122583445196	D:0.031146150951307	D:-0.141035821106788	D:-2.69050533549774	D:0.0074162603551518	D:0.0453875955028135	D:1.72390045582108	D:0.179616775883556	D:0.916181523764176	D:-0.0484985670808777	D:-0.116972068679645	D:0.126627705736517	D:13.5013140079172	N:	N:	N:	N:	N:	N:	N:	N:
S:C8ORF37	D:-0.0330354604016351	D:0.000390887758261876	D:0.038035592367402	D:-0.137679430279844	D:-3.46942089314692	D:0.000575787728422043	D:0.00595630915886454	D:-0.135536748398551	D:-3.40759139255769	D:0.000717998694268799	D:0.0103710016173412	D:2.09399065276427	D:0.124466641370721	D:0.888724539846668	D:-0.00825162772410461	D:-0.105033419258614	D:0.105357052546343	D:12.2994693579849	N:	N:	N:	N:	N:	N:	N:	N:
S:LYRM7	D:-0.0493353879703977	D:0.000401781178917951	D:0.038035592367402	D:-0.0996119599726091	D:-3.34013358810522	D:0.000912562642375365	D:0.00813150323513771	D:-0.09435163612187	D:-3.1387860468872	D:0.00181500170096223	D:0.0184457228806093	D:2.02953743144057	D:0.132670713383014	D:0.892106772592489	D:-0.041955544311812	D:-0.0674810012962184	D:0.0794603878321812	D:14.1247208264868	N:	N:	N:	N:	N:	N:	N:	N:
S:RORC	D:-0.0743017242183827	D:0.000403954559473104	D:0.038035592367402	D:-0.0554233232122275	D:-2.98192644399197	D:0.00303197690391508	D:0.0187790366654214	D:-0.050293288964274	D:-2.70541529758361	D:0.0070968935010242	D:0.0442926847344343	D:0.621505429097343	D:0.537623776129645	D:0.975924385547693	D:-0.0098652325679466	D:0.0255028925212247	D:0.0273444755036335	D:22.5901423238342	N:	N:	N:	N:	N:	N:	N:	N:
S:AASDHPPT	D:-0.0520676550317869	D:0.000404749943859491	D:0.038035592367402	D:-0.0912046136601787	D:-4.08300614619629	D:0.0000532825456063329	D:0.00111836114252776	D:-0.0827446612412163	D:-3.63326062165248	D:0.000314164726944969	D:0.00630297015321523	D:2.21200211716048	D:0.110743045687048	D:0.879246613532333	D:-0.00554315948265973	D:-0.0617475805905879	D:0.0619958895882731	D:12.341984334826	N:	N:	N:	N:	N:	N:	N:	N:
S:ZNF135	D:-0.034149111190108	D:0.00044141628807405	D:0.0394570634934125	D:-0.107933459901883	D:-4.35303694897377	D:0.0000169024522711644	D:0.000514471681979477	D:-0.100744403201899	D:-3.95742481137815	D:0.0000888091298700636	D:0.00293224888359314	D:2.54641734980042	D:0.0795597582561784	D:0.858260180148023	D:-0.027660737415838	D:-0.0693887271757822	D:0.0746988075772504	D:13.4489286319334	N:	N:	N:	N:	N:	N:	N:	N:
S:IKZF5	D:-0.0505984679698213	D:0.000456152130479365	D:0.0401615330021422	D:-0.0870954509314101	D:-3.72107312849931	D:0.000225494521545664	D:0.00310309045459423	D:-0.0877279353640072	D:-3.75198176714188	D:0.00019985331156825	D:0.00472112344294576	D:0.674066139318012	D:0.51017734812788	D:0.971534152892322	D:-0.0298002798714882	D:-0.021490836083844	D:0.0367411583377781	D:15.6134854144888	N:	N:	N:	N:	N:	N:	N:	N:
S:SIRT1	D:-0.0496653361188922	D:0.000487998370131601	D:0.0419258332475195	D:-0.145083123261939	D:-5.32154902790157	D:0.000000168171975107438	D:0.0000265020045610842	D:-0.13483140627087	D:-4.86428206273202	D:0.00000162199633062257	D:0.000299013493365054	D:0.617262571315771	D:0.539903010630113	D:0.976061127830794	D:-0.0385929714518012	D:-0.0175737017312742	D:0.0424058066545058	D:16.3678247218847	N:	N:	N:	N:	N:	N:	N:	N:
S:TMEM169	D:-0.032366505421883	D:0.000491212736364704	D:0.0419258332475195	D:-0.138991697172763	D:-4.31165971965125	D:0.0000202334928657591	D:0.000585752124577478	D:-0.138320989209087	D:-4.29563316996427	D:0.0000216193653136983	D:0.00128408515986315	D:0.423488117099174	D:0.655035572653052	D:0.985706471962942	D:-0.0392007067350333	D:-0.012606969416872	D:0.0411780413133509	D:16.8114786561591	N:	N:	N:	N:	N:	N:	N:	N:
S:HSPD1	D:-0.0563209835043601	D:0.000497190200385076	D:0.0420502378568105	D:-0.0805088907826355	D:-4.34381455909267	D:0.0000175960556685534	D:0.00053014303324334	D:-0.059382285375645	D:-2.83781734214623	D:0.00476035646844716	D:0.0338906523196746	D:3.21949770617426	D:0.0409543137197289	D:0.813813159090897	D:0.00280018568432883	D:-0.068824509437926	D:0.0688814498921	D:11.8446770549991	N:	N:	N:	N:	N:	N:	N:	N:
S:IRAK1BP1	D:-0.0435274543554159	D:0.000502426604134112	D:0.0423647326930002	D:-0.179734111338201	D:-4.39268150092641	D:0.0000142075941825005	D:0.000453375479011386	D:-0.144093867292064	D:-3.39224525461482	D:0.000758306436381635	D:0.0107611227838297	D:0.365249842344428	D:0.694241367313747	D:0.986869111240858	D:-0.0501837808496177	D:0.0107596686808798	D:0.0513242859715044	D:18.8067538643694	N:	N:	N:	N:	N:	N:	N:	N:
S:ZNF585A	D:-0.0467778017037992	D:0.000504853391308511	D:0.0424411390103029	D:-0.0616414096716982	D:-2.95018397138245	D:0.00335438991431879	D:0.0201500563528139	D:-0.0681666883773434	D:-3.2583413194143	D:0.00121084378529127	D:0.0143806479593838	D:2.90412862843074	D:0.0558872766587404	D:0.83656058396868	D:0.0142626236501086	D:-0.0643265777522172	D:0.0658887777902784	D:11.1665667883018	N:	N:	N:	N:	N:	N:	N:	N:
S:ITGA6	D:-0.0964570338388839	D:0.000506644451796275	D:0.0424638037526547	D:-0.106836164186277	D:-4.58580692063038	D:0.00000598411839608228	D:0.000262776758601896	D:-0.104326136056339	D:-4.3553257231954	D:0.0000166809607159694	D:0.00113181476857901	D:4.75794298233822	D:0.0090468279626121	D:0.682205037020486	D:0.0274436384473487	D:-0.0929860775050579	D:0.0969513481133987	D:10.9037810839849	N:	N:	N:	N:	N:	N:	N:	N:
S:SLMO2	D:-0.0518790480392717	D:0.000517463665037	D:0.0429833657475675	D:-0.0595202541113583	D:-2.93300326133619	D:0.00354168525737075	D:0.0208772463391499	D:-0.0551019816002533	D:-2.685337452931	D:0.00752993795161695	D:0.0457959905112191	D:0.371248711854175	D:0.690096348507106	D:0.986695891283921	D:0.00844008384642198	D:-0.0217492592562776	D:0.0233294940693409	D:10.5860404801877	N:	N:	N:	N:	N:	N:	N:	N:
S:OMA1	D:-0.0443692453131094	D:0.000526838322534274	D:0.0436322183440106	D:-0.0869146641107579	D:-4.91671874587584	D:0.00000126683304314195	D:0.000100223419012295	D:-0.072704309065799	D:-3.86592931963423	D:0.000128014300539643	D:0.00358273936849792	D:0.953203426182465	D:0.386328561353618	D:0.960227634080898	D:-0.0235362105129273	D:-0.0252947569297496	D:0.034551091638962	D:14.8625001462949	N:	N:	N:	N:	N:	N:	N:	N:
S:ZNF594	D:-0.0501432495361836	D:0.000537979103636734	D:0.0437755008236188	D:-0.192436162543204	D:-3.18123973873344	D:0.00157582432732567	D:0.0118892599151626	D:-0.191895242218611	D:-3.17289308505947	D:0.00161910147329323	D:0.0171862526471779	D:1.20989065408835	D:0.299257294921889	D:0.953382074134607	D:0.00580396294525771	D:-0.121930443157874	D:0.122068501074379	D:11.8183162174425	N:	N:	N:	N:	N:	N:	N:	N:
S:PPP1R2	D:-0.0502954077342114	D:0.000563710196688663	D:0.0448237937025088	D:-0.0463605358496592	D:-3.40001451861375	D:0.000738593511796795	D:0.00704041747025423	D:-0.0420112801124884	D:-2.95830258948534	D:0.00326653078585821	D:0.0268126394845055	D:2.69647275966293	D:0.0685995295557518	D:0.850339905642804	D:-0.0191101524260704	D:-0.0385595352410748	D:0.0430352841718901	D:13.7575380711199	N:	N:	N:	N:	N:	N:	N:	N:
S:MFSD4	D:-0.0217895940203137	D:0.000599361364988907	D:0.0469892575753943	D:-0.140847969416406	D:-3.10278896597215	D:0.00204718113266076	D:0.0142515021422601	D:-0.149717666757731	D:-3.31824379762553	D:0.000984001407469653	D:0.0127087716479607	D:2.96904402186335	D:0.0524210482400229	D:0.83656058396868	D:-0.0960632298265048	D:-0.109859109967533	D:0.145935493172698	D:14.7444776935205	N:	N:	N:	N:	N:	N:	N:	N:
S:NARG2	D:-0.0448857823367709	D:0.00060118142534219	D:0.0469999259980406	D:-0.0789226076899524	D:-3.21591388396579	D:0.00140133422271649	D:0.0109709423261631	D:-0.0771041385100928	D:-3.09487041358145	D:0.00209943227106151	D:0.0201696194733594	D:1.39304504074786	D:0.249452062291596	D:0.935158383610406	D:0.0348763579967864	D:-0.0441207067023656	D:0.0562405290429968	D:9.44496514439505	N:	N:	N:	N:	N:	N:	N:	N:
S:PRSS35	D:-0.0545000820221982	D:0.000611936236805008	D:0.0471835530789943	D:-0.218681228386694	D:-3.39468405979726	D:0.000752725573196858	D:0.0071402963232232	D:-0.220225117095325	D:-3.4061312968616	D:0.000721745965631646	D:0.0104009129162301	D:3.60529898888467	D:0.0280157503245837	D:0.760239372616719	D:0.156975913051526	D:-0.176270464776769	D:0.236035408426318	D:9.22091033892578	N:	N:	N:	N:	N:	N:	N:	N:
S:CD200	D:-0.116874172225145	D:0.00062465095513293	D:0.0475694344204211	D:-0.126494887969552	D:-3.53455770086884	D:0.000454087497968925	D:0.00505314567073505	D:-0.126283878061243	D:-3.48085273407365	D:0.000551656920123875	D:0.00890464092124532	D:2.18301291623643	D:0.113966486849931	D:0.880592771662518	D:-0.0283961909951847	D:-0.0941028591861313	D:0.0982939050503126	D:13.1194368696664	N:	N:	N:	N:	N:	N:	N:	N:
S:C5ORF24	D:-0.0494240509300376	D:0.000625618472593782	D:0.0475694344204211	D:-0.0837697240225548	D:-4.79311057488591	D:0.0000022861994646117	D:0.000141824202342785	D:-0.0626458898686945	D:-3.09411874452787	D:0.00210463958269164	D:0.0201995406846944	D:3.06138884159269	D:0.0478589551460179	D:0.826061255087532	D:0.0217151741659445	D:-0.0622647561481205	D:0.0659427679677023	D:10.7182335385916	N:	N:	N:	N:	N:	N:	N:	N:
S:FOXO1	D:-0.0604737476430358	D:0.000628488619802846	D:0.0475694344204211	D:-0.0722716894879425	D:-4.20810247230079	D:0.0000315409236620768	D:0.00077722722481796	D:-0.0678240184860735	D:-3.8265400023117	D:0.000149511096082462	D:0.00392687678568197	D:7.08413121001526	D:0.000941202988427764	D:0.540621307029361	D:-0.00566600685980122	D:-0.0861801385052268	D:0.0863661965500124	D:12.2507706454131	N:	N:	N:	N:	N:	N:	N:	N:
S:PIGN	D:-0.0450622052379948	D:0.000648158431867057	D:0.0484989325292481	D:-0.215762554511444	D:-3.79619182986917	D:0.000168678869112676	D:0.00254136760318488	D:-0.207103562707924	D:-3.62472953938734	D:0.000324393620469142	D:0.00644860197109613	D:1.2887566800153	D:0.276690539725984	D:0.945177761851952	D:-0.0621774851664484	D:-0.102937360150736	D:0.120258637013839	D:14.0755553336244	N:	N:	N:	N:	N:	N:	N:	N:
S:NAA16	D:-0.0632526333525739	D:0.000670809205048429	D:0.0497933109385682	D:-0.0898978848080255	D:-4.51825382069424	D:0.00000812591384892812	D:0.000316311718171124	D:-0.0802203615073034	D:-3.90652167215227	D:0.000108939683639628	D:0.00328892679726133	D:2.62523584793535	D:0.0735996029708468	D:0.850339905642804	D:-0.0361746999388365	D:-0.05036543211254	D:0.0620103674198737	D:14.3791729009191	N:	N:	N:	N:	N:	N:	N:	N:
S:LTN1	D:-0.0551374675314516	D:0.000722304887906964	D:0.0518239830886462	D:-0.0740719372799885	D:-2.71475110268851	D:0.00690724078693623	D:0.0334591948977494	D:-0.0752692993412025	D:-2.74099161460037	D:0.00638434576311836	D:0.0410788609012499	D:1.9957758762943	D:0.137182793019615	D:0.892651935358644	D:-0.0601944702430432	D:-0.0434623291356631	D:0.0742451904283188	D:15.611300890552	N:	N:	N:	N:	N:	N:	N:	N:
S:SOCS5	D:-0.0483511092442994	D:0.000741078722848923	D:0.0527640488640649	D:-0.0650387600115563	D:-3.18042210774417	D:0.00158017128896401	D:0.011912857699709	D:-0.0575102583462994	D:-2.74898147542075	D:0.00623348393522151	D:0.0403874368627863	D:0.323636476127827	D:0.723691764611963	D:0.988887668865741	D:-0.021218886672744	D:-0.00937295526519891	D:0.0231968412081079	D:16.4111771829441	N:	N:	N:	N:	N:	N:	N:	N:
S:TNFAIP8	D:-0.0658207887694734	D:0.000801758043826003	D:0.054763060912999	D:-0.109648986205925	D:-3.44443112414343	D:0.000630095258894213	D:0.00635756269621097	D:-0.097005099655349	D:-2.97104000191366	D:0.00313673027122315	D:0.0261051304216234	D:1.52283629098385	D:0.219282735598295	D:0.928150491476697	D:-0.0236227391966533	D:-0.0700755594978534	D:0.0739501037598346	D:13.2419438912897	N:	N:	N:	N:	N:	N:	N:	N:
S:NUP160	D:-0.0517571384002461	D:0.000803886309934617	D:0.054763060912999	D:-0.0885051052691695	D:-4.1210518111213	D:0.0000454919169137353	D:0.000995473178512097	D:-0.0805447988462808	D:-3.6991140219651	D:0.000244813926984926	D:0.00536312662243547	D:1.98317309495715	D:0.138906342847054	D:0.893013200900893	D:-0.0307736686747311	D:-0.0479186062305543	D:0.0569492011074874	D:14.1805909615541	N:	N:	N:	N:	N:	N:	N:	N:
S:HSF2	D:-0.0760941157995679	D:0.000829749013629449	D:0.0554026195464065	D:-0.100739582267826	D:-3.78989582264373	D:0.000172865201244459	D:0.00259045927723771	D:-0.0821616901554711	D:-2.943621854285	D:0.00342221509794678	D:0.0276451034431493	D:1.2540050130993	D:0.286415688944997	D:0.948286990928089	D:-0.0470158582975757	D:-0.0366658163177212	D:0.059622755871417	D:15.4700489757292	N:	N:	N:	N:	N:	N:	N:	N:
S:TMEM194A	D:-0.0671338523886834	D:0.000837887315870366	D:0.0554348819458175	D:-0.117528654858893	D:-4.71558012220276	D:0.00000328991466065583	D:0.000179075828367342	D:-0.108921329607249	D:-4.33458554507265	D:0.0000182598711877815	D:0.00117541351248106	D:0.00880444942733516	D:0.991234377440995	D:0.998940164677581	D:0.00156147223276229	D:-0.00411086002850843	D:0.00439742716911559	D:10.6134121015732	N:	N:	N:	N:	N:	N:	N:	N:
S:MGAT4A	D:-0.0629938104478165	D:0.000878192983111997	D:0.0570380285951118	D:-0.0770949692248509	D:-3.42252347171827	D:0.000681601831044419	D:0.00667849276364596	D:-0.0742403008090338	D:-3.26704028879319	D:0.00117513674026846	D:0.0140862553597716	D:2.19058533908651	D:0.113115487956561	D:0.880003764027248	D:-0.00132143897551299	D:-0.0615989018614728	D:0.0616130741929451	D:12.0819292365063	N:	N:	N:	N:	N:	N:	N:	N:
S:ZFP82	D:-0.0735052028433802	D:0.000890864634478672	D:0.0575556295099531	D:-0.111894729667792	D:-3.353469444749	D:0.000870805982160325	D:0.00786341021136548	D:-0.111293265821843	D:-3.30243349785606	D:0.00103969191577554	D:0.0131754991739104	D:2.46029016536567	D:0.0866286449435547	D:0.860742263980279	D:-0.0168783605187003	D:-0.0952640263227875	D:0.0967476809284231	D:12.6698060467762	N:	N:	N:	N:	N:	N:	N:	N:
S:TASP1	D:-0.0504706235834178	D:0.000925021627773387	D:0.0588026069357945	D:-0.0905445838245189	D:-4.46006072642965	D:0.000010544469090297	D:0.000373955481839373	D:-0.0688032668903577	D:-3.13250030226245	D:0.00185340765665849	D:0.0186303698656192	D:0.3306609643257	D:0.718633790586503	D:0.988438761294391	D:0.00641744655158488	D:-0.0225258246471709	D:0.0234221347506486	D:10.9398750583548	N:	N:	N:	N:	N:	N:	N:	N:
S:FIGNL1	D:-0.0562008386928368	D:0.00100181670698815	D:0.061329125246778	D:-0.151203711642144	D:-3.59763386519499	D:0.000359563284981096	D:0.00428772808864329	D:-0.145063324451805	D:-3.43263132792601	D:0.000656492327611674	D:0.00985293131632851	D:0.824957802146355	D:0.438955606825011	D:0.966102458322465	D:-0.000146306886203298	D:-0.0703429222019356	D:0.0703430743542853	D:12.0079446562097	N:	N:	N:	N:	N:	N:	N:	N:
S:ARL5B	D:-0.0452729407450418	D:0.00102527042372655	D:0.0623426961355296	D:-0.077397703014981	D:-3.56958067762869	D:0.000399061372353019	D:0.00460878148767751	D:-0.0791722412010249	D:-3.64330540409632	D:0.000302509435988369	D:0.00614761250905824	D:0.911117873531245	D:0.402860170482102	D:0.963796907670492	D:-0.0266773040525784	D:-0.028505744618379	D:0.0390417216290722	D:14.8734833528352	N:	N:	N:	N:	N:	N:	N:	N:
S:GVINP1	D:-0.0546388539322668	D:0.00104423096080666	D:0.0632056986212605	D:-0.097008916843956	D:-4.7237717878501	D:0.00000316653097707433	D:0.000174794298935055	D:-0.0856532158984359	D:-3.97650645391319	D:0.0000822150343576805	D:0.00280867829787313	D:2.61776245820694	D:0.0741449339156071	D:0.850339905642804	D:-0.036212168834794	D:-0.0537597147979373	D:0.0648184241313779	D:14.2642621971249	N:	N:	N:	N:	N:	N:	N:	N:
S:G2E3	D:-0.0377531983009598	D:0.00104852162169987	D:0.0632056986212605	D:-0.107831496876873	D:-3.89237994309357	D:0.000115500714077796	D:0.00197117856226569	D:-0.100643305713905	D:-3.60546262421954	D:0.000348657255265974	D:0.00674201130265748	D:0.764142621651598	D:0.4663733092233	D:0.967692421145506	D:-0.046430759986447	D:0.0146138066410309	D:0.0486762654428263	D:19.1647391069842	N:	N:	N:	N:	N:	N:	N:	N:
S:ZNF148	D:-0.0366621708509684	D:0.0010631208512095	D:0.0633301357846632	D:-0.032077023469247	D:-2.82855758666351	D:0.00490084432428491	D:0.0263967472273571	D:-0.035909651045305	D:-3.17861920406642	D:0.0015881941628392	D:0.0169682351755281	D:0.39981164388197	D:0.670698787827164	D:0.986009065944297	D:0.00846621021841602	D:-0.010722426107872	D:0.0136618862936706	D:9.44707295040181	N:	N:	N:	N:	N:	N:	N:	N:
S:ZNF643	D:-0.0301364173895743	D:0.00111887657889121	D:0.0653302203281461	D:-0.0832573070792113	D:-3.06286350557971	D:0.00233404038982866	D:0.0155610655945554	D:-0.0843069632617053	D:-3.05246506269671	D:0.0024124869872641	D:0.0220291627187514	D:2.82171653618478	D:0.0606215736016766	D:0.83656058396868	D:-0.0218568197274227	D:-0.082153624214016	D:0.0850114024122341	D:12.9932217627557	N:	N:	N:	N:	N:	N:	N:	N:
S:EXOC5	D:-0.0395918485685291	D:0.0011260090865531	D:0.0653366187228633	D:-0.0828296115121302	D:-4.06867676482261	D:0.0000565333075745565	D:0.00116654420624541	D:-0.0636084408903923	D:-2.88441470360957	D:0.00412129398005266	D:0.0309347898580095	D:1.8445468150568	D:0.1593632236008	D:0.902380977219134	D:-0.0380685993651616	D:-0.0415138729305055	D:0.0563260144455059	D:14.8347404512698	N:	N:	N:	N:	N:	N:	N:	N:
S:ZNF284	D:-0.0360279128312464	D:0.00118907566890146	D:0.0668908209699505	D:-0.109295313887659	D:-4.9871912587429	D:0.000000899796546291696	D:0.0000799223832322092	D:-0.0906297690027347	D:-3.9522187200852	D:0.0000906934689034405	D:0.00297355885208411	D:0.278945154120907	D:0.75672012184304	D:0.989044741352382	D:-0.0218039333280455	D:-0.0091405379620941	D:0.023642354849091	D:16.4837222199177	N:	N:	N:	N:	N:	N:	N:	N:
S:ME1	D:-0.0371684014012289	D:0.00120220630982649	D:0.0673766628659789	D:-0.123268433844085	D:-3.11715081707312	D:0.00195219592420921	D:0.0137867222822451	D:-0.125442887364153	D:-3.15785619598419	D:0.00170292886295264	D:0.0177076899943354	D:0.461355107824348	D:0.630744839817641	D:0.984208797062414	D:-0.0394988802320061	D:0.0345034912749292	D:0.052446662903768	D:20.7425477456808	N:	N:	N:	N:	N:	N:	N:	N:
S:ADD3	D:-0.0581174541534223	D:0.0012307573552915	D:0.0682911287995745	D:-0.133208552946993	D:-4.20898708705818	D:0.0000314227282958583	D:0.000775639140835097	D:-0.133106184052506	D:-4.1803494846216	D:0.0000353744989700863	D:0.00178618368055415	D:1.9264588221468	D:0.146935843373815	D:0.893013200900893	D:0.0150564039082414	D:-0.0801364341372855	D:0.0815386005207815	D:11.2906038157699	N:	N:	N:	N:	N:	N:	N:	N:
S:SLC39A10	D:-0.0582174121543731	D:0.00127290174226978	D:0.0695238505415848	D:-0.109641563211206	D:-3.34642439235654	D:0.000892638373469674	D:0.00800874492927956	D:-0.0956881346581648	D:-2.86339791907821	D:0.00439918120001223	D:0.0323138622545713	D:0.117118032885005	D:0.889508961868056	D:0.991833180774689	D:-0.0221431495085055	D:-0.00466820739935144	D:0.0226298747340631	D:17.2063505586293	N:	N:	N:	N:	N:	N:	N:	N:
S:SMEK2	D:-0.0353378948189201	D:0.00127992868769928	D:0.0697700493899618	D:-0.0769487457149003	D:-3.70737660468119	D:0.000237628606692701	D:0.0032179491360929	D:-0.0792738125701372	D:-3.83904967661205	D:0.000142339392555558	D:0.00382067866748373	D:2.02941375233546	D:0.13268696739568	D:0.892106772592489	D:-0.00068480622870936	D:-0.0538934748222618	D:0.0538978254476806	D:12.0485332659458	N:	N:	N:	N:	N:	N:	N:	N:
S:YAF2	D:-0.0301694187637551	D:0.00128649499166825	D:0.0698151368161251	D:-0.100941408649908	D:-3.08135535519502	D:0.00219687239746669	D:0.0149379917143206	D:-0.0951141274126305	D:-2.89810771555435	D:0.00394894444340236	D:0.0302139089148495	D:0.314913649173362	D:0.730022439907724	D:0.988887668865741	D:-0.0365562394651534	D:-0.00298402242464901	D:0.036677827548322	D:17.6888927564781	N:	N:	N:	N:	N:	N:	N:	N:
S:KLHDC1	D:-0.0484235704800975	D:0.00128824061126135	D:0.0698151368161251	D:-0.168344569951147	D:-5.55413764343048	D:0.0000000497167502708497	D:0.0000124553207313163	D:-0.144479462006825	D:-4.46609465073863	D:0.0000102287809477603	D:0.000869046123913845	D:1.33403463696727	D:0.264515560059933	D:0.939907763028795	D:-0.0560837232218843	D:-0.0439603606907183	D:0.071259366559681	D:15.4606283259214	N:	N:	N:	N:	N:	N:	N:	N:
S:FBXO5	D:-0.043854611008641	D:0.00133376061776488	D:0.0718634340575636	D:-0.128828186322771	D:-2.86345868930622	D:0.00440139996584871	D:0.0244409652550866	D:-0.127483027458195	D:-2.83997782557417	D:0.00472884220449022	D:0.0337742344729325	D:0.619073867224962	D:0.538928809505192	D:0.975924385547693	D:0.00418456018152667	D:-0.0647068050674034	D:0.0648419707129862	D:11.7533239981592	N:	N:	N:	N:	N:	N:	N:	N:
S:LEMD3	D:-0.0510569969374693	D:0.00135299747321895	D:0.0724801525480635	D:-0.103909799333936	D:-3.6839061690786	D:0.000259862522326358	D:0.00344036148291284	D:-0.108327269250514	D:-3.86075506017715	D:0.000130661277027502	D:0.00361650426968046	D:2.98083133186592	D:0.0518152232502097	D:0.83656058396868	D:-0.00373342439116342	D:-0.0886353724205207	D:0.0887139656525901	D:12.1607959169733	N:	N:	N:	N:	N:	N:	N:	N:
S:SUPT3H	D:-0.0663546228257499	D:0.00135881999490748	D:0.0726526169690958	D:-0.142362474206902	D:-3.42654902750586	D:0.000671852203505108	D:0.00661800305413067	D:-0.131971938969778	D:-3.12626318728959	D:0.00189225583862876	D:0.0188647972557473	D:1.53418229246773	D:0.2168264226986	D:0.927783481998367	D:-0.00917964669340923	D:-0.0952564817986776	D:0.0956977702879101	D:12.3669642779999	N:	N:	N:	N:	N:	N:	N:	N:
S:FKBP7	D:-0.0230141016885719	D:0.00140638388266019	D:0.073921231949239	D:-0.144978202795465	D:-2.83285002342746	D:0.00483675948567769	D:0.0261742224064325	D:-0.142270235144492	D:-2.770549819254	D:0.00584218664825873	D:0.0385422583705685	D:1.2822065279298	D:0.278497859528475	D:0.945897998731199	D:-0.0401993911371958	D:-0.0991046996205051	D:0.106947335332264	D:13.4719152071159	N:	N:	N:	N:	N:	N:	N:	N:
S:HLTF	D:-0.0545424610742588	D:0.00150607654899448	D:0.0770379342692818	D:-0.0824143163097983	D:-4.25239409765035	D:0.0000261148483376401	D:0.000694972125392675	D:-0.0645387408602827	D:-3.00930242967513	D:0.00277467522039909	D:0.0240977459919194	D:1.73643455158856	D:0.177397489764702	D:0.914741780794853	D:0.0335849158990468	D:-0.0423612115685891	D:0.0540594008615043	D:9.43945548839515	N:	N:	N:	N:	N:	N:	N:	N:
S:DENND5B	D:-0.026925988176399	D:0.00157767438893641	D:0.0782977600889496	D:-0.121969579717074	D:-4.11240854015349	D:0.0000471603209286538	D:0.00101987224262777	D:-0.107625738396196	D:-3.46004839550881	D:0.000594805337402002	D:0.00935836642364936	D:1.56887734785014	D:0.209485418481908	D:0.927481751728524	D:0.0182794686370458	D:-0.0698044815982708	D:0.0721581916684174	D:11.0217098763632	N:	N:	N:	N:	N:	N:	N:	N:
S:CAMK2D	D:-0.0595367873330815	D:0.00159145169860694	D:0.0784990041925576	D:-0.0661434278726236	D:-4.17676935384151	D:0.0000360117383211749	D:0.000851943557547311	D:-0.0487867619178283	D:-2.74081931734772	D:0.00638763503097872	D:0.0410864964253967	D:1.50146181416899	D:0.223986332893839	D:0.929224825495277	D:-0.0163659973464594	D:-0.0366895099482502	D:0.0401741958150635	D:13.6026730888517	N:	N:	N:	N:	N:	N:	N:	N:
S:C5ORF51	D:-0.0398695705320228	D:0.00161143596073505	D:0.0786279329792226	D:-0.0865331994244103	D:-4.2676307183113	D:0.0000244635250920615	D:0.000664870297390783	D:-0.0835249099833272	D:-4.14071516245389	D:0.0000417920461325119	D:0.00192857036888857	D:0.0238250350431935	D:0.976457847527206	D:0.997583949293593	D:-0.00618735666800592	D:0.000711319066673839	D:0.00622811025526451	D:18.4372081488603	N:	N:	N:	N:	N:	N:	N:	N:
S:AKAP11	D:-0.0469197990678267	D:0.0016291462224463	D:0.0788138909203066	D:-0.0855064624231693	D:-4.55785081444766	D:0.0000067949382290522	D:0.000282210048256932	D:-0.0742540891526805	D:-3.77782060375588	D:0.000180827479271086	D:0.00442246529716682	D:0.942222367354041	D:0.390575149312263	D:0.960227634080898	D:-0.0012083129137306	D:-0.0349224533002438	D:0.034943350792464	D:12.1321091290435	N:	N:	N:	N:	N:	N:	N:	N:
S:LARP4	D:-0.0401990736006281	D:0.00164066179235751	D:0.0788138909203066	D:-0.079944476473587	D:-4.20290850640605	D:0.0000322434990115264	D:0.000787587767730296	D:-0.0698352396655904	D:-3.49891119166109	D:0.000516593739859599	D:0.00859566520942484	D:2.67629627928712	D:0.0699800154041701	D:0.850339905642804	D:-0.0331396022890869	D:-0.0508191916441208	D:0.0606697904993971	D:14.2072461984276	N:	N:	N:	N:	N:	N:	N:	N:
S:CCR7	D:-0.175846875451497	D:0.00169515824874252	D:0.0804019445098985	D:-0.101166164198263	D:-3.87212776002146	D:0.000125169305388649	D:0.002076523933008	D:-0.0854254016602136	D:-3.03673013175215	D:0.00253916810663376	D:0.0228264273913334	D:5.62491038074701	D:0.00388128710214525	D:0.619506875420677	D:-0.0593313883738449	D:-0.108194642245629	D:0.123394871275219	D:13.9159549394054	N:	N:	N:	N:	N:	N:	N:	N:
S:SLC38A1	D:-0.0841459617469205	D:0.00170271057085915	D:0.0805468678519982	D:-0.126158860697625	D:-5.42512249915616	D:0.0000000982513564569033	D:0.0000188228407502387	D:-0.118218935877005	D:-4.95332550263314	D:0.00000105565360369863	D:0.000214880490311197	D:2.67102044914245	D:0.0703455716579112	D:0.850339905642804	D:-0.00521686720764462	D:-0.0712123347665525	D:0.0714031674813222	D:12.2793256505837	N:	N:	N:	N:	N:	N:	N:	N:
S:RASA2	D:-0.0610835038394848	D:0.00174255910432453	D:0.0809608983786791	D:-0.0547733984743125	D:-3.68860456102318	D:0.000255260645719969	D:0.0033955400122627	D:-0.0605665514301878	D:-4.07812199361875	D:0.0000542338233314083	D:0.00224530326635392	D:2.50592204727177	D:0.082808184165289	D:0.860742263980279	D:-0.0258311434863136	D:-0.0354208198483467	D:0.0438392797903838	D:14.4067960197074	N:	N:	N:	N:	N:	N:	N:	N:
S:FNDC3A	D:-0.0462763290915143	D:0.00174617622576058	D:0.0809608983786791	D:-0.0775609848634482	D:-3.63956580301931	D:0.000307307197861284	D:0.00386925899059752	D:-0.0678467804196945	D:-3.1082874441188	D:0.00200845612131769	D:0.0195942291895502	D:0.33388911162846	D:0.716321293575702	D:0.988143133268022	D:-0.0232897785252418	D:-0.00830720065752275	D:0.0247269764936832	D:16.6912838220258	N:	N:	N:	N:	N:	N:	N:	N:
S:HSPH1	D:-0.0581150308428141	D:0.00177569675280513	D:0.0816009167702056	D:-0.108614394318234	D:-3.38368782837401	D:0.000782678354564427	D:0.00734790372377422	D:-0.0988668344483431	D:-3.02796527302666	D:0.00261235358816627	D:0.0232036370301624	D:2.78571694265981	D:0.0628141631630164	D:0.840103863598374	D:0.0174026082820106	D:-0.0989707576889683	D:0.10048911210945	D:11.3351528627478	N:	N:	N:	N:	N:	N:	N:	N:
S:ZNF268	D:-0.0401023475141213	D:0.0017776193979321	D:0.0816009167702056	D:-0.104957358390079	D:-3.00254051475205	D:0.00283806163997604	D:0.0179651967951966	D:-0.0947851164908088	D:-2.65164000508447	D:0.00831041126869175	D:0.0488345162679413	D:2.81177849988677	D:0.0612190591615174	D:0.83656058396868	D:-0.00950174323799425	D:-0.109299262308545	D:0.109711493772316	D:12.3312279329836	N:	N:	N:	N:	N:	N:	N:	N:
S:CCDC141	D:-0.00843923926687263	D:0.00193214058373641	D:0.0848612687123641	D:-0.235750472263038	D:-4.5582007437325	D:0.00000678416617152895	D:0.000282210048256932	D:-0.230333130009355	D:-4.43410676094306	D:0.0000117927226127839	D:0.000936754441367518	D:0.824842364051929	D:0.439006085537972	D:0.966102458322465	D:-0.0660338565161317	D:-0.0602463034272345	D:0.0893872881512772	D:15.1749393215204	N:	N:	N:	N:	N:	N:	N:	N:
S:CASP8AP2	D:-0.051378308550334	D:0.00198324302443576	D:0.0858011351064651	D:-0.144644722412892	D:-4.81509966360038	D:0.00000206013696222012	D:0.000133301776088554	D:-0.135754407543634	D:-4.41993449250242	D:0.0000125566139854581	D:0.00097632881001952	D:1.85590620420098	D:0.157578682740757	D:0.902291892370149	D:-0.0280113407516674	D:-0.0716398450490746	D:0.076921405404227	D:13.4237073534531	N:	N:	N:	N:	N:	N:	N:	N:
S:FAM107B	D:-0.0474106146496715	D:0.00210298983477121	D:0.088528576604019	D:-0.0928848749164364	D:-5.04814677081958	D:0.000000667170078620923	D:0.0000651361054666587	D:-0.0885538079840714	D:-4.69409978368021	D:0.00000362050715790984	D:0.000501761208317136	D:0.87396465351127	D:0.418044129272623	D:0.965417982825822	D:-0.0167159578324067	D:-0.0280871221233969	D:0.0326850068904599	D:14.0505901643531	N:	N:	N:	N:	N:	N:	N:	N:
S:MAK16	D:-0.0469790137612164	D:0.0021726886234808	D:0.0896703835803672	D:-0.075937632299934	D:-3.23054338355584	D:0.00133322475995203	D:0.0106336918507032	D:-0.0667107250797356	D:-2.77536641463074	D:0.00575789716507376	D:0.0381536346228235	D:1.51504641335647	D:0.220985346341689	D:0.928872897484323	D:-0.0341467607348901	D:-0.0435115111894766	D:0.0553105132382423	D:14.5415965546464	N:	N:	N:	N:	N:	N:	N:	N:
S:PRKD3	D:-0.0443368600846844	D:0.00221366368321238	D:0.090402995322835	D:-0.0641894205920778	D:-4.71344722416043	D:0.00000332279215640555	D:0.000179660360480683	D:-0.0543565119743603	D:-3.86539131592977	D:0.000128287144150094	D:0.00358273936849792	D:0.354358880560919	D:0.701830696637037	D:0.987553110889477	D:-0.0027077999199388	D:-0.015080249401484	D:0.0153214262527149	D:12.6786344877387	N:	N:	N:	N:	N:	N:	N:	N:
S:ZFR	D:-0.038446231910881	D:0.00222095033223768	D:0.090402995322835	D:-0.0578951101141476	D:-3.83918540144973	D:0.0001425494095088	D:0.00226100487923008	D:-0.0495415299914059	D:-3.21711556904131	D:0.00139415201253011	D:0.0155764005013442	D:1.34628082072007	D:0.261316107941028	D:0.939907763028795	D:-0.0184351317107057	D:-0.0276382440376376	D:0.0332223812312585	D:14.2469262934893	N:	N:	N:	N:	N:	N:	N:	N:
S:CEP44	D:-0.035104171559014	D:0.00222201557833983	D:0.090402995322835	D:-0.0892329548590128	D:-2.88844407978324	D:0.00407278713732153	D:0.0230618178645031	D:-0.0873181379725977	D:-2.8291351222793	D:0.00488893384775636	D:0.0344269031780206	D:1.69332544520119	D:0.185148117320671	D:0.921744746511297	D:-0.022466354097817	D:-0.0701717777182275	D:0.073680495754201	D:13.183540256719	N:	N:	N:	N:	N:	N:	N:	N:
S:PKIA	D:-0.0834480550378905	D:0.00227942484633091	D:0.0907759089913254	D:-0.0910031401397102	D:-3.37169386454176	D:0.000816612744189682	D:0.0075413183526515	D:-0.0840614988413608	D:-3.0522774532118	D:0.00241396259596349	D:0.0220323414702114	D:2.04984580350306	D:0.130028721511054	D:0.891540788437719	D:-0.00815786973087821	D:-0.0716986858106775	D:0.0721612942339882	D:12.4327462055818	N:	N:	N:	N:	N:	N:	N:	N:
S:TSPYL5	D:-0.0431164085953937	D:0.00232058277146286	D:0.0915208979619699	D:-0.161419322659097	D:-5.15276021382005	D:0.000000396532868361787	D:0.0000478311653127017	D:-0.143309910290962	D:-4.35870189285361	D:0.0000164366281597283	D:0.00112697596796228	D:3.21422851211217	D:0.0411674372942594	D:0.813813159090897	D:-0.0369065135310196	D:-0.10178378578272	D:0.108268323111047	D:13.3287001157474	N:	N:	N:	N:	N:	N:	N:	N:
S:DYRK2	D:-0.0683072681334871	D:0.0023320249690725	D:0.0915208979619699	D:-0.0859582364145738	D:-4.6778500951092	D:0.0000039204846986631	D:0.000197448947156123	D:-0.0738417841294831	D:-3.75191107113017	D:0.000199907865696842	D:0.00472112344294576	D:4.58214795392314	D:0.0107447846029737	D:0.709441948440271	D:0.0171996234817118	D:-0.0759555537759656	D:0.0778785798363469	D:11.1493955050357	N:	N:	N:	N:	N:	N:	N:	N:
S:TET1	D:-0.0110092405181201	D:0.00239273705764561	D:0.0924948632671595	D:-0.224649692048015	D:-5.2250279064601	D:0.000000275409229451862	D:0.0000378998010754847	D:-0.217890717536361	D:-5.03227756828667	D:0.000000717478096012882	D:0.000186936526322503	D:3.0050978334932	D:0.0505900685371644	D:0.835594823583134	D:-0.064307159471098	D:-0.122864709483128	D:0.138676413263449	D:13.8418317422799	N:	N:	N:	N:	N:	N:	N:	N:
S:AMIGO2	D:-0.0591673998079654	D:0.00244208951094971	D:0.0932562493753152	D:-0.131417044606039	D:-6.39547649016955	D:0.000000000428995285385195	D:0.00000046572204842845	D:-0.104252543928667	D:-4.37489798368731	D:0.0000153113526970085	D:0.00110405587842156	D:1.82967408273364	D:0.161730438602972	D:0.903624337754098	D:-0.0307379722000738	D:-0.0512381279368715	D:0.0597508886080176	D:14.0639815806779	N:	N:	N:	N:	N:	N:	N:	N:
S:BDP1	D:-0.0457953536793921	D:0.00245317956515521	D:0.0932562493753152	D:-0.0686305218065886	D:-4.1351408097293	D:0.0000428921420144958	D:0.000965616759337859	D:-0.0517369477934582	D:-2.83329925711933	D:0.00482687766926805	D:0.0342118304443841	D:3.26677336877964	D:0.039091058025218	D:0.813813159090897	D:-0.0018567356230152	D:-0.0604226163591292	D:0.0604511375811596	D:12.1173397811013	N:	N:	N:	N:	N:	N:	N:	N:
S:INTS6	D:-0.0371409664527084	D:0.00245921173558695	D:0.0932562493753152	D:-0.0698681907770946	D:-3.65565913504649	D:0.000289216887101869	D:0.00371814946766948	D:-0.067660446576975	D:-3.55000741996889	D:0.00042834523452479	D:0.00762954711027963	D:0.225453069368893	D:0.798250130694519	D:0.990538766746216	D:-0.0151439027050224	D:-0.00872608732246893	D:0.017478054499816	D:16.0032646182861	N:	N:	N:	N:	N:	N:	N:	N:
S:TRMT1L	D:-0.0350879656652793	D:0.00248290349751579	D:0.0937724446761377	D:-0.0690389435512659	D:-3.17333613716363	D:0.00161831081541378	D:0.0121370784542371	D:-0.0678350542830272	D:-3.10015295169231	D:0.00206316981418139	D:0.0199586145242172	D:5.53281931256998	D:0.00424565793624197	D:0.626412597800824	D:-0.0340461741904465	D:-0.0882634072729374	D:0.0946021724932078	D:13.4062206527325	N:	N:	N:	N:	N:	N:	N:	N:
S:ZNF180	D:-0.0394960284519427	D:0.00251514287013463	D:0.0939727409711613	D:-0.101610616037615	D:-2.68329152827323	D:0.00757953792030882	D:0.0356352259553936	D:-0.100371312377377	D:-2.64196402502333	D:0.00854756071738098	D:0.0496776478281433	D:1.51840186947981	D:0.220250331698243	D:0.928567795407845	D:-0.0373666740246153	D:-0.0778349183167235	D:0.0863396944460245	D:13.7096362311111	N:	N:	N:	N:	N:	N:	N:	N:
S:GMCL1	D:-0.0396970254803097	D:0.00256397100217039	D:0.0948866271643384	D:-0.0786471618283469	D:-4.93366154110278	D:0.00000116723398665979	D:0.0000953893542240564	D:-0.0703640942372234	D:-4.35418986253258	D:0.0000167639407738807	D:0.00113350922720554	D:1.09281225081069	D:0.33621464136129	D:0.95707960515839	D:-0.0324103355643746	D:0.00932311011848039	D:0.0337246235512967	D:19.0698889086773	N:	N:	N:	N:	N:	N:	N:	N:
S:MANEA	D:-0.0563606133583164	D:0.00257975383629058	D:0.0951135133036596	D:-0.0785067627241102	D:-3.4122506354128	D:0.000707083391040876	D:0.00684354459847932	D:-0.0764961485314862	D:-3.29629025555659	D:0.00106210994294643	D:0.0133012469212275	D:1.38658146320057	D:0.251059068716368	D:0.936070456360722	D:-0.0354543765198844	D:-0.0373064748095923	D:0.051466356750138	D:14.9027915854092	N:	N:	N:	N:	N:	N:	N:	N:
S:SRSF10	D:-0.0455162075496996	D:0.00259110831176729	D:0.0951298397190882	D:-0.0625558405224992	D:-3.08841889833282	D:0.0021464634701773	D:0.0146928568685311	D:-0.0575683825027372	D:-2.79757002625618	D:0.00538339245739234	D:0.0366056616384299	D:1.5806315024481	D:0.207055451960105	D:0.927138374549935	D:-0.0113345815872509	D:-0.0460132557409935	D:0.0473887375189941	D:12.9225551240346	N:	N:	N:	N:	N:	N:	N:	N:
S:PUM2	D:-0.0359401176607742	D:0.00262531228278754	D:0.0953267325317265	D:-0.0443466553560578	D:-3.2643977387023	D:0.00118719616396782	D:0.00979273965390261	D:-0.0493692548431311	D:-3.61909732707504	D:0.000331317274831573	D:0.00651991023915787	D:1.40671303679437	D:0.246087808944445	D:0.933288553535957	D:-0.0317529258435515	D:-0.00482582316029313	D:0.0321175476772511	D:17.4238862445576	N:	N:	N:	N:	N:	N:	N:	N:
S:BANK1	D:-0.108296849990214	D:0.00263694011904518	D:0.0953536444758104	D:-0.123709881091732	D:-3.67784903373551	D:0.000265910478818925	D:0.00350381434025665	D:-0.100193253097503	D:-2.86187345339733	D:0.0044199862512657	D:0.032421528279273	D:2.65890924266644	D:0.071192017426763	D:0.850339905642804	D:0.0256304167071276	D:-0.102505750648354	D:0.105661474419788	D:11.064110885712	N:	N:	N:	N:	N:	N:	N:	N:
S:ZFP62	D:-0.0637390729550042	D:0.00266425134433591	D:0.0960713889152652	D:-0.101846238026237	D:-2.7224587996982	D:0.00675094948026177	D:0.0329389023205481	D:-0.101337725765951	D:-2.6989948493256	D:0.00723286681578616	D:0.0447695440124414	D:1.66192861708147	D:0.191006313619786	D:0.921744746511297	D:0.032002180399065	D:-0.0844059075825003	D:0.0902690245051971	D:10.6157311251802	N:	N:	N:	N:	N:	N:	N:	N:
S:GRPEL2	D:-0.0584597423017066	D:0.00269993931823657	D:0.096617616904766	D:-0.0676682169351148	D:-3.07872840208091	D:0.00221589579628719	D:0.0150274832676114	D:-0.0643079485645482	D:-2.83979028005573	D:0.00473157033900886	D:0.0337813723034608	D:1.29090415355717	D:0.276100576920305	D:0.944820426470376	D:-0.00335511250212964	D:-0.0469804884630306	D:0.0471001388121829	D:12.2723229503549	N:	N:	N:	N:	N:	N:	N:	N:
S:SYNJ2BP	D:-0.0383202580866408	D:0.00270016987408518	D:0.096617616904766	D:-0.0799181738748405	D:-4.58311013479166	D:0.00000605809087359148	D:0.000264243646787614	D:-0.066598163890269	D:-3.48963079080738	D:0.00053434403898795	D:0.0087450727519795	D:2.94622710856358	D:0.0536140516049783	D:0.83656058396868	D:-0.024240647385999	D:-0.0552360227858354	D:0.0603210344646846	D:13.5796363667172	N:	N:	N:	N:	N:	N:	N:	N:
S:GCC2	D:-0.0490695536439412	D:0.00274636161899411	D:0.097809238743386	D:-0.0614308057454235	D:-2.83943340797535	D:0.00473994896975279	D:0.0258212284281963	D:-0.0633818876934732	D:-2.91357688000315	D:0.00376215851862136	D:0.0293712902965961	D:1.2682653202619	D:0.28238410796049	D:0.946954734546031	D:0.00365181753539907	D:-0.0448535016351802	D:0.04500191529534	D:11.6896960965435	N:	N:	N:	N:	N:	N:	N:	N:
S:PREPL	D:-0.0453568787916159	D:0.00279028415881543	D:0.0984536420638922	D:-0.0690798228487209	D:-3.75233064708371	D:0.000199953147649372	D:0.00284372959113274	D:-0.0589661306233679	D:-3.068465061659	D:0.00228964779697074	D:0.0213207670786135	D:2.08470107460199	D:0.125616883184778	D:0.888724539846668	D:-0.0349557683419893	D:-0.0386993032483402	D:0.0521492263824289	D:14.8060288835541	N:	N:	N:	N:	N:	N:	N:	N:
S:TGDS	D:-0.0553928261981437	D:0.00282871092162567	D:0.0989339872463316	D:-0.155851899534619	D:-3.87180361256811	D:0.000125330109776194	D:0.002076523933008	D:-0.1427512896612	D:-3.46272366702251	D:0.000589085319486923	D:0.00929081212921223	D:1.37372139483489	D:0.254287404296311	D:0.936923257986279	D:0.0150505725927295	D:-0.0877979925424471	D:0.0890786575440639	D:11.3515163956586	N:	N:	N:	N:	N:	N:	N:	N:
S:ZMYM2	D:-0.0468001298627701	D:0.00288886366274299	D:0.100466758419039	D:-0.0755768358490996	D:-4.30774227876493	D:0.0000205795100108656	D:0.000591388536944597	D:-0.0757539358496288	D:-4.2719073374033	D:0.0000239468282066781	D:0.00136826014615993	D:0.771447017013351	D:0.46299134816798	D:0.967692421145506	D:-0.000931327136589992	D:-0.0285119843295548	D:0.0285271908999839	D:12.1247245080594	N:	N:	N:	N:	N:	N:	N:	N:
S:ZNF721	D:-0.0532505943488767	D:0.00292377414990396	D:0.100868401141928	D:-0.0909761535554155	D:-3.62058644524965	D:0.000330007344538368	D:0.00404158628044446	D:-0.088881800494016	D:-3.48772456747368	D:0.000538059909035866	D:0.00877280178980027	D:1.65749185165598	D:0.191849034931781	D:0.921744746511297	D:-0.00705351316864897	D:-0.0596270493241668	D:0.0600427935653141	D:12.4497590993689	N:	N:	N:	N:	N:	N:	N:	N:
S:IFT88	D:-0.0409441135376655	D:0.00305823161216059	D:0.102798337748321	D:-0.202725279675445	D:-6.01870416773103	D:0.00000000384827340447466	D:0.00000221173854696586	D:-0.179762760255641	D:-5.15410304384596	D:0.000000391526893108666	D:0.000141681981819194	D:1.33673045284037	D:0.263807886391608	D:0.939907763028795	D:0.0184844056281014	D:-0.0723333636408	D:0.074657811024811	D:11.0443433318946	N:	N:	N:	N:	N:	N:	N:	N:
S:CEP97	D:-0.0290182926784447	D:0.00306125241542452	D:0.102798337748321	D:-0.158293636323008	D:-5.60637775931661	D:0.0000000375941599441073	D:0.0000100633901296959	D:-0.138835397856408	D:-4.85009473853808	D:0.0000017358493060868	D:0.000311194782479285	D:5.38598497530996	D:0.00489906851240097	D:0.627240251963999	D:-0.132695883000197	D:0.00316902274134592	D:0.132733718663862	D:18.0912045983736	N:	N:	N:	N:	N:	N:	N:	N:
S:WDR75	D:-0.0467867801225137	D:0.00308115318616794	D:0.10282226902965	D:-0.0787936015289768	D:-3.02957871390577	D:0.00260094123056268	D:0.016896606577934	D:-0.0748542713926119	D:-2.83547860963562	D:0.00479468570195906	D:0.0340605614461553	D:2.42634146729586	D:0.0895854087876692	D:0.865536018644097	D:0.00438904039441963	D:-0.0753513560173175	D:0.0754790734523973	D:11.7777614254095	N:	N:	N:	N:	N:	N:	N:	N:
S:DOCK10	D:-0.0593079062724742	D:0.00326959309447859	D:0.106074735120633	D:-0.111010977976582	D:-4.8067529510869	D:0.00000214328641233963	D:0.000136423321770452	D:-0.100987681882763	D:-4.21068043835436	D:0.0000311096899546663	D:0.00162490936252101	D:4.53889814446203	D:0.0112094768706379	D:0.709441948440271	D:0.00109026281008809	D:-0.0936636777390873	D:0.0936700229561553	D:11.9555397652581	N:	N:	N:	N:	N:	N:	N:	N:
S:TC2N	D:-0.0832082353766388	D:0.00334448637635113	D:0.107169477340942	D:-0.0677944404126701	D:-3.33646924326385	D:0.000924358210223365	D:0.00820667141570866	D:-0.0560068988416625	D:-2.65970899876271	D:0.00811718307083093	D:0.0481331727519808	D:1.28151884591735	D:0.278688291605463	D:0.945897998731199	D:-0.0170085425395148	D:-0.0404354704305319	D:0.0438670467236729	D:13.5208858645015	N:	N:	N:	N:	N:	N:	N:	N:
S:AKTIP	D:-0.0499003242937845	D:0.00340081707940792	D:0.108476348212886	D:-0.0464964021050314	D:-3.16785146270343	D:0.0016484133645921	D:0.012280459610177	D:-0.0402884201841589	D:-2.68713086760851	D:0.00749031188546386	D:0.045611774557136	D:0.688652721084442	D:0.502813110725675	D:0.971534152892322	D:-0.024802419028854	D:-0.000904664622428906	D:0.0248189123001379	D:17.8607380558637	N:	N:	N:	N:	N:	N:	N:	N:
S:MOXD1	D:-0.0180729766276533	D:0.00340758229363489	D:0.108568061433048	D:-0.125442557966204	D:-3.24861081696047	D:0.0012533414843047	D:0.0102048108103326	D:-0.11535580927771	D:-2.91187131596624	D:0.00378235006023223	D:0.0294857117431529	D:1.12149516521891	D:0.326756700801601	D:0.956911684216668	D:-0.0668820711103246	D:-0.044868615357968	D:0.0805382150295609	D:15.7429237138584	N:	N:	N:	N:	N:	N:	N:	N:
S:MTA3	D:-0.0327892193775304	D:0.00349856990794299	D:0.109878941691907	D:-0.0697362332963428	D:-3.71171981973987	D:0.000233715812483355	D:0.00317596710134717	D:-0.0584700741868403	D:-2.93028843258842	D:0.00356945471512141	D:0.0284291879098307	D:3.2440075233833	D:0.0399774410344732	D:0.813813159090897	D:-0.012909651192185	D:-0.0645106379260312	D:0.0657896762382016	D:12.7544238327682	N:	N:	N:	N:	N:	N:	N:	N:
S:EIF4G2	D:-0.0306059687851317	D:0.00350803834828024	D:0.109878941691907	D:-0.0669200897887982	D:-3.29185522452424	D:0.00107980726873712	D:0.00914629988660256	D:-0.0719016288924052	D:-3.53939638418721	D:0.000445419045730924	D:0.00777594271277892	D:1.58625162718631	D:0.205903616694274	D:0.927138374549935	D:-0.0439460281338232	D:-0.0229790376033594	D:0.0495912246059258	D:16.1596853737387	N:	N:	N:	N:	N:	N:	N:	N:
S:TCF12	D:-0.0418785916920996	D:0.00357097129261567	D:0.110488587818508	D:-0.0729750959407452	D:-3.97511528549374	D:0.0000828686129087001	D:0.00154369453274443	D:-0.058261099285025	D:-2.92563403346841	D:0.00362219941401221	D:0.0286046175717762	D:0.801271732946816	D:0.449436178815759	D:0.967692421145506	D:0.016016201799516	D:-0.0295266771575169	D:0.0335908229141093	D:10.1015465497176	N:	N:	N:	N:	N:	N:	N:	N:
S:BEND4	D:-0.0220090017910362	D:0.0035743732094973	D:0.110488587818508	D:-0.226240637601604	D:-3.21980325041227	D:0.00138291925305648	D:0.0108746982390249	D:-0.230629382011926	D:-3.2685765185487	D:0.00116893327788796	D:0.0140307894245754	D:1.49254843059683	D:0.225977610406836	D:0.930039697759052	D:0.104983956697606	D:-0.127508292031379	D:0.165166569561289	D:9.36891098870557	N:	N:	N:	N:	N:	N:	N:	N:
S:TWISTNB	D:-0.0547474609494419	D:0.0036052030647259	D:0.110918482697237	D:-0.0925049688478414	D:-3.61170666609184	D:0.000341160353896521	D:0.00412793465974732	D:-0.0830255887282572	D:-3.10898910950461	D:0.00200379978689496	D:0.019584575962954	D:2.05522421449701	D:0.129337920616197	D:0.891358863279636	D:-0.00926499184211086	D:-0.0694457642938681	D:0.0700610751572788	D:12.5066098455466	N:	N:	N:	N:	N:	N:	N:	N:
S:TSGA10	D:-0.0285117012460415	D:0.00360620028087136	D:0.110918482697237	D:-0.14673745957195	D:-4.29151040522971	D:0.0000220744179182583	D:0.000621550721240181	D:-0.148939992398707	D:-4.42487123161148	D:0.0000122852952760276	D:0.00096801191527764	D:4.98800109609872	D:0.00722483863990664	D:0.662881684141537	D:0.124827762566211	D:-0.0792955364949279	D:0.147884253439319	D:8.16168860110452	N:	N:	N:	N:	N:	N:	N:	N:
S:STK17A	D:-0.0378134108463225	D:0.00362995011321104	D:0.111209558353151	D:-0.0428451683244786	D:-3.08038151088646	D:0.00220390701703966	D:0.014971464556727	D:-0.0392905608536994	D:-2.80934291550048	D:0.00519390559913809	D:0.0357751530887408	D:0.00174940921543558	D:0.998252127313718	D:0.999394363384116	D:-0.000404103953865312	D:0.00101471446449211	D:0.00109222042188337	D:22.5523584419274	N:	N:	N:	N:	N:	N:	N:	N:
S:GLS	D:-0.0565976470943487	D:0.00367172773430762	D:0.111753458085634	D:-0.0706880408507627	D:-4.42331976155761	D:0.00001241193087228	D:0.000417330755290909	D:-0.0629824686157842	D:-3.86872602464158	D:0.000126604797150333	D:0.00357230581700563	D:1.46249064015429	D:0.232824673499424	D:0.931229411275448	D:-0.0122435063197019	D:-0.034022228960499	D:0.0361582011505163	D:13.3194782022274	N:	N:	N:	N:	N:	N:	N:	N:
S:BZW2	D:-0.0526555890605436	D:0.00369498841165192	D:0.112065840887158	D:-0.0711804582924584	D:-3.32912063451623	D:0.000948441911735662	D:0.00836727015676143	D:-0.0620921376486818	D:-2.82702216250374	D:0.00492069851382968	D:0.034563396714143	D:0.813562128576289	D:0.443966936900974	D:0.967390489962302	D:0.00981929130102885	D:-0.0353858561381078	D:0.036722980492892	D:10.9660728072764	N:	N:	N:	N:	N:	N:	N:	N:
S:CGGBP1	D:-0.0435768249793255	D:0.00376737126917536	D:0.113183349970597	D:-0.0592772172551021	D:-3.41640634049382	D:0.000696670081474601	D:0.00677632158391994	D:-0.0564169369534096	D:-3.229414994626	D:0.00133693910463146	D:0.0152421978084035	D:1.38869393048161	D:0.250532715749653	D:0.93586613739919	D:0.0123754689113743	D:-0.0362500568651158	D:0.0383042928860528	D:10.7433680446572	N:	N:	N:	N:	N:	N:	N:	N:
S:NUDT21	D:-0.0461328875059672	D:0.00381983208685022	D:0.113779630249722	D:-0.0995645251888417	D:-5.24356783024556	D:0.000000250655728212426	D:0.0000360151734191104	D:-0.0909648049711921	D:-4.61225506948548	D:0.00000528222811058463	D:0.000614404878029371	D:0.186357695535373	D:0.8300446027482	D:0.990538766746216	D:-0.00155094977569487	D:-0.0155049222524099	D:0.0155822995498098	D:12.3808178127472	N:	N:	N:	N:	N:	N:	N:	N:
S:CDC37L1	D:-0.0374211349125004	D:0.00396732577006167	D:0.115824332889562	D:-0.11408742240436	D:-3.07506427630167	D:0.00224268311186572	D:0.0151449085624139	D:-0.111331484162561	D:-2.96614907873991	D:0.00318600266013179	D:0.0263468802292151	D:1.03905111966991	D:0.354689218147565	D:0.959270072771647	D:-0.0401686950561562	D:-0.0587772908176462	D:0.0711919516404532	D:14.2899264581231	N:	N:	N:	N:	N:	N:	N:	N:
S:XPO4	D:-0.044232773316716	D:0.00399118095743154	D:0.116073180751409	D:-0.065574020736721	D:-3.50314957208143	D:0.000509402643781034	D:0.00547109629199309	D:-0.0594727313594647	D:-3.05935278890547	D:0.0023588830100203	D:0.0217428928767957	D:1.07171925490859	D:0.34334495461527	D:0.95707960515839	D:-0.00671436127417587	D:-0.0362183791602117	D:0.0368354942455373	D:12.7001714433109	N:	N:	N:	N:	N:	N:	N:	N:
S:RCN2	D:-0.0492420555030874	D:0.00404581607906295	D:0.117010657890813	D:-0.0953559123156076	D:-3.54970902086933	D:0.000429463338421597	D:0.00484659795611913	D:-0.0753663479979922	D:-2.66440325835293	D:0.00800663572136473	D:0.0477441771837621	D:0.220389594215652	D:0.802298033883114	D:0.990538766746216	D:-0.0232966403120647	D:-0.0111282893920008	D:0.0258180610159213	D:16.2978150998712	N:	N:	N:	N:	N:	N:	N:	N:
S:SLC30A5	D:-0.0337035335701352	D:0.0041769809413988	D:0.117876176010557	D:-0.0585834154622304	D:-2.63613687054113	D:0.00869778026284458	D:0.0393798248647465	D:-0.0636394346035562	D:-2.85974204526559	D:0.00444922454750189	D:0.0325382847615024	D:1.02968044749689	D:0.358012227769091	D:0.959270072771647	D:-0.0329446848278259	D:-0.0275495854712367	D:0.0429456856743696	D:15.3397575435267	N:	N:	N:	N:	N:	N:	N:	N:
S:GATM	D:-0.0503480962754271	D:0.00430835985964897	D:0.120126197485318	D:-0.158609035532501	D:-3.28773859173665	D:0.00109531155109282	D:0.00925756185982045	D:-0.142468779057153	D:-2.89004232250894	D:0.00404964832502038	D:0.0306602781554527	D:1.30843351077827	D:0.271331861307436	D:0.942697970924224	D:-0.0243092091795986	D:-0.100379094696981	D:0.103280686980301	D:12.9075635563522	N:	N:	N:	N:	N:	N:	N:	N:
S:ZNF507	D:-0.0427831515427374	D:0.00441153070772693	D:0.121306228623309	D:-0.0857224492950051	D:-5.17341569766491	D:0.000000357451792324505	D:0.0000444902259478545	D:-0.0795337883312101	D:-4.69255846125093	D:0.00000364653873436469	D:0.000501809953579017	D:2.99748527679329	D:0.0509712414774625	D:0.835594823583134	D:-0.0367603667066315	D:-0.0410872760310745	D:0.0551315591295923	D:14.7879115237584	N:	N:	N:	N:	N:	N:	N:	N:
S:JMJD1C	D:-0.0612385018127555	D:0.00462034736765388	D:0.123755396488533	D:-0.0654987195394105	D:-3.13561969097802	D:0.00183601615682164	D:0.013219451628759	D:-0.0584988399755743	D:-2.78770639970251	D:0.00554694819675379	D:0.0372824798874313	D:0.505191398963136	D:0.603752779677281	D:0.984208797062414	D:-0.00504886246840137	D:-0.0268298848596386	D:0.0273008009737131	D:12.7104879299405	N:	N:	N:	N:	N:	N:	N:	N:
S:KIAA1147	D:-0.0613442548383372	D:0.00464886408090152	D:0.12388603887143	D:-0.0950267278632888	D:-3.86725452973988	D:0.00012760755420299	D:0.00210251198708316	D:-0.0935397178927323	D:-3.74670427731498	D:0.000203964623890939	D:0.00474002852838963	D:2.9369835415762	D:0.0541050898357323	D:0.83656058396868	D:-0.00765896649158859	D:-0.0779313739034543	D:0.0783068247740851	D:12.3741939809534	N:	N:	N:	N:	N:	N:	N:	N:
S:DZIP3	D:-0.0551016515724388	D:0.004698002067063	D:0.124521593249505	D:-0.104406383656924	D:-4.04031916756448	D:0.0000635304015505866	D:0.00127327956584616	D:-0.0905715069543064	D:-3.31184125370313	D:0.00100621124520551	D:0.0129102914921609	D:2.19608252088505	D:0.112501709714729	D:0.880003764027248	D:0.00545661370398719	D:-0.0742246142568004	D:0.0744249151473171	D:11.7196980705698	N:	N:	N:	N:	N:	N:	N:	N:
S:C11ORF54	D:-0.0363470477525511	D:0.00471840523788867	D:0.124580693121965	D:-0.0594876737056773	D:-3.64995057173375	D:0.000295516053508014	D:0.0037663278250655	D:-0.0596184382064757	D:-3.67862502666482	D:0.00026467357318126	D:0.00568403442935986	D:2.26051485369242	D:0.10555226446969	D:0.87220229631552	D:-0.0411686131747033	D:0.02471803596845	D:0.0480191213254256	D:20.0654010052103	N:	N:	N:	N:	N:	N:	N:	N:
S:IKZF2	D:-0.0559965488097047	D:0.00478780830982528	D:0.125347851075263	D:-0.0879103944696795	D:-3.62216842979695	D:0.000328056664215085	D:0.00402926164388873	D:-0.0802007160178925	D:-3.21271351138992	D:0.00141517364199277	D:0.0157771529914947	D:3.88699591146935	D:0.021241585159945	D:0.730351563745367	D:-0.00407361284500674	D:-0.0900340778333282	D:0.0901261864993122	D:12.1727062737265	N:	N:	N:	N:	N:	N:	N:	N:
S:TUBE1	D:-0.0566371497154275	D:0.00482305366953258	D:0.125805072819303	D:-0.128670240730022	D:-4.24586600491079	D:0.0000268544441800799	D:0.000705326201240511	D:-0.110932524375463	D:-3.55246345888487	D:0.00042448168348524	D:0.00758208096616551	D:1.31184370844325	D:0.270413805340942	D:0.942192567769556	D:-0.0638554056998647	D:-0.0280027755255743	D:0.0697256643871538	D:16.4213938917891	N:	N:	N:	N:	N:	N:	N:	N:
S:AGPHD1	D:-0.0129431441563249	D:0.00483209284390204	D:0.125923166455001	D:-0.178116538454609	D:-3.44849342242514	D:0.000620953235542656	D:0.00629337225623776	D:-0.149455560900217	D:-2.83057617191713	D:0.00486737706899433	D:0.0343493735302341	D:0.150098629935497	D:0.860668795070063	D:0.991098228766629	D:-0.0180179345446434	D:-0.0332561586834817	D:0.0378235119421236	D:13.896566587674	N:	N:	N:	N:	N:	N:	N:	N:
S:ENOPH1	D:-0.0442890323424956	D:0.00490269836329546	D:0.1269306278072	D:-0.110240883487631	D:-3.03030242768979	D:0.00259485178108001	D:0.0168780061892957	D:-0.104731865775941	D:-2.85523042139368	D:0.00451169522516195	D:0.0327981838404025	D:2.49179099284802	D:0.083972834101769	D:0.860742263980279	D:0.000284054275433222	D:-0.106123613346462	D:0.10612399350072	D:11.9897760283159	N:	N:	N:	N:	N:	N:	N:	N:
S:ING3	D:-0.0368309278663587	D:0.00490495624652518	D:0.1269306278072	D:-0.107702365130126	D:-4.37457956702838	D:0.0000153826873869292	D:0.000477890451872787	D:-0.105242693490561	D:-4.29103826401693	D:0.0000220525421643291	D:0.00129408025955902	D:1.28016578889784	D:0.279063360560979	D:0.945897998731199	D:-0.0500631872394932	D:-0.020739781511001	D:0.0541891248656095	D:16.499809164732	N:	N:	N:	N:	N:	N:	N:	N:
S:PAX5	D:-0.0577520198978718	D:0.00507804821263989	D:0.128961169804167	D:-0.152208961520463	D:-3.8824319980961	D:0.000120158084933486	D:0.00202785478920554	D:-0.140711144865957	D:-3.55652073137432	D:0.000418170708708167	D:0.0075313122754528	D:1.08304410843306	D:0.339497996008015	D:0.95707960515839	D:0.0820986784679397	D:-0.00626616615716271	D:0.0823374631895549	D:6.29097515673785	N:	N:	N:	N:	N:	N:	N:	N:
S:PTK2	D:-0.0293083863730388	D:0.00517076690978463	D:0.130112457509335	D:-0.0761502308382945	D:-3.07008988057188	D:0.00227952606417199	D:0.0152826952340352	D:-0.0697438135535232	D:-2.79716893177573	D:0.00538995711024125	D:0.036622097319619	D:1.3765527958872	D:0.253573059678155	D:0.9367386625767	D:-0.0393116629631177	D:-0.0388105871309022	D:0.055241909076091	D:15.0244993256765	N:	N:	N:	N:	N:	N:	N:	N:
S:USPL1	D:-0.055024609592425	D:0.00524548795115861	D:0.130969581564374	D:-0.0852854872790417	D:-3.83978985101858	D:0.000142210909798508	D:0.00225930356778263	D:-0.0810109632494892	D:-3.63469794736979	D:0.000312471468196488	D:0.00628110030889851	D:1.39295461957697	D:0.249474471816235	D:0.935158383610406	D:-0.0389836047433413	D:-0.0314748912963564	D:0.0501037944760925	D:15.4055341891368	N:	N:	N:	N:	N:	N:	N:	N:
S:PPAPDC1B	D:-0.0696653044738935	D:0.00524629137187282	D:0.130969581564374	D:-0.122612259779632	D:-4.8000368446259	D:0.00000221253133562405	D:0.0001390195332136	D:-0.101440696937399	D:-3.7738368361646	D:0.000183644982800421	D:0.00444684833816979	D:0.555341394030515	D:0.574293120591833	D:0.982115268178959	D:-0.0089973325679358	D:-0.0355754636604633	D:0.0366955802242584	D:12.9461980678775	N:	N:	N:	N:	N:	N:	N:	N:
S:RAD21	D:-0.035903035644769	D:0.0053071095312893	D:0.131780629019826	D:-0.108315109227472	D:-3.87753837539817	D:0.000122513835460424	D:0.00205673785114446	D:-0.113048918356339	D:-4.05751043021819	D:0.0000590507136199738	D:0.00233585019199981	D:2.34978367118003	D:0.0966308014125633	D:0.867885582684249	D:-0.0233384759331105	D:-0.0747792343528648	D:0.078336570956872	D:13.15553713266	N:	N:	N:	N:	N:	N:	N:	N:
S:KCNH8	D:-0.033539085210078	D:0.00537929239606121	D:0.132629020118435	D:-0.126987817150859	D:-3.22179011205389	D:0.00137359873882784	D:0.0108319180611117	D:-0.126050935706275	D:-3.16005015371942	D:0.00169045338232026	D:0.017627080866553	D:1.07641110117483	D:0.34174588787357	D:0.95707960515839	D:0.0073954414741579	D:-0.0757034544098829	D:0.0760638255952651	D:11.6280334110482	N:	N:	N:	N:	N:	N:	N:	N:
S:ZNF440	D:-0.0368180837362152	D:0.00540905680092516	D:0.132794480284125	D:-0.051351769530425	D:-3.08918630204696	D:0.00214105147919025	D:0.0146852534064081	D:-0.0520232762010706	D:-3.12285371897965	D:0.00191380781188551	D:0.0190123373591387	D:0.99868981690849	D:0.369226484048131	D:0.959270072771647	D:0.00943913604351826	D:-0.0294615424623042	D:0.0309367059252629	D:10.8156763196478	N:	N:	N:	N:	N:	N:	N:	N:
S:WRN	D:-0.0358688594931739	D:0.00545732358075279	D:0.132794480284125	D:-0.0968386514242357	D:-5.53047278777467	D:0.0000000563880998275096	D:0.0000131176173658258	D:-0.0905586744397723	D:-5.0729462645959	D:0.000000586907827668436	D:0.000173292113415406	D:3.67325396153128	D:0.026205220789694	D:0.7497455628864	D:0.011188493702047	D:-0.0621008260931734	D:0.0631006734732309	D:11.3191187682858	N:	N:	N:	N:	N:	N:	N:	N:
S:WDHD1	D:-0.0256126310204729	D:0.00547899589667178	D:0.132857320135629	D:-0.116460442104939	D:-3.35527044069913	D:0.000865305053058195	D:0.0078427300750511	D:-0.111865496754918	D:-3.18449613479776	D:0.00155704037836923	D:0.016745253733469	D:1.9695601605114	D:0.140792492708467	D:0.893013200900893	D:0.00253500548692506	D:-0.090376604103049	D:0.0904121497477966	D:11.8928874395218	N:	N:	N:	N:	N:	N:	N:	N:
S:BBX	D:-0.0382660134281252	D:0.00551684228189412	D:0.133427268706815	D:-0.0679062920423211	D:-4.54339191683451	D:0.00000725467369236897	D:0.000295957366644222	D:-0.059577716655921	D:-3.89741777422723	D:0.000112967748240757	D:0.00333964110192532	D:2.35797978848925	D:0.0958506667170548	D:0.867885582684249	D:0.00724196161791919	D:-0.0426615730433948	D:0.0432718825868753	D:11.3577112355396	N:	N:	N:	N:	N:	N:	N:	N:
S:CCNG2	D:-0.053606179856119	D:0.00560423226166286	D:0.134261049290138	D:-0.0555820949562	D:-3.04124101551838	D:0.00250439181567759	D:0.016405739346348	D:-0.0550113685166348	D:-3.01830075544398	D:0.00269529104618292	D:0.0236182431988612	D:2.52940243087657	D:0.0809087575040997	D:0.858260180148023	D:-0.0072747649401452	D:0.0528617669417699	D:0.0533599907153324	D:23.4776167774735	N:	N:	N:	N:	N:	N:	N:	N:
S:CDC73	D:-0.0263382872531544	D:0.00581032634942388	D:0.136369381335462	D:-0.0448237016043556	D:-3.22687336144287	D:0.00135001687257888	D:0.0106974963180195	D:-0.0441636420724146	D:-3.17320858211671	D:0.00161738418733011	D:0.0171861361634681	D:0.306809929542734	D:0.735953640650462	D:0.988887668865741	D:-0.0100956643397282	D:0.0108880530364943	D:0.0148483041922629	D:21.1441719967752	N:	N:	N:	N:	N:	N:	N:	N:
S:PCSK5	D:-0.037323575954492	D:0.00587637114238868	D:0.137131704501729	D:-0.100002891669344	D:-5.08337466907647	D:0.00000056049313262326	D:0.0000592032232680601	D:-0.0852465103204218	D:-4.16347833666834	D:0.000037982210125227	D:0.00183959077915884	D:1.41007819933252	D:0.245266521816387	D:0.933288553535957	D:-0.0142066580870144	D:-0.0423004910804968	D:0.0446224235071619	D:13.2376448054262	N:	N:	N:	N:	N:	N:	N:	N:
S:BNIP3	D:-0.0521115940074336	D:0.00599109466483513	D:0.138777441703573	D:-0.102230488930859	D:-4.03548766052488	D:0.0000648017250432701	D:0.00128818973455802	D:-0.0898296517055135	D:-3.44526736328116	D:0.000627355194220902	D:0.00959244745717577	D:3.02747006130757	D:0.0494863499282646	D:0.832973145363817	D:-0.0153373987024271	D:-0.0816104738891741	D:0.083039178990238	D:12.709579068025	N:	N:	N:	N:	N:	N:	N:	N:
S:UTP14C	D:-0.0346945274531998	D:0.00611248221067751	D:0.139296797524559	D:-0.140825897134039	D:-4.48053048265061	D:0.00000962412061552822	D:0.000349532252243623	D:-0.133999366328408	D:-4.23093386249786	D:0.0000285399095746221	D:0.00154487083932878	D:0.371666695822129	D:0.689808463847407	D:0.986509726209427	D:-0.0092199046294946	D:-0.0341596846836771	D:0.0353820674786709	D:13.0069704239907	N:	N:	N:	N:	N:	N:	N:	N:
S:HMGN1	D:-0.0482582708866452	D:0.00612342229194481	D:0.139400257885954	D:-0.0613707667473824	D:-4.42299840529373	D:0.0000124295839301627	D:0.000417330755290909	D:-0.0518124086333537	D:-3.51513207797543	D:0.000486886439400546	D:0.00823413783973761	D:0.649077870559168	D:0.523045754596511	D:0.973741471852133	D:0.0107292824206201	D:-0.0196437577452855	D:0.0223829113302289	D:10.0904628735603	N:	N:	N:	N:	N:	N:	N:	N:
S:KIF2A	D:-0.04727329250917	D:0.00613246868889024	D:0.139492421440038	D:-0.107326091780819	D:-4.49713692152458	D:0.00000893455355285947	D:0.000332747397539291	D:-0.104305658584385	D:-4.36676784931837	D:0.0000158666781342525	D:0.0011084354128716	D:1.11789057760835	D:0.327930439412874	D:0.956911684216668	D:0.00864127828894888	D:-0.0457892377651547	D:0.0465974890480263	D:11.2875275572898	N:	N:	N:	N:	N:	N:	N:	N:
S:HDAC9	D:-0.0606442604764781	D:0.00620505612269336	D:0.139844943073798	D:-0.0881182657260854	D:-2.84913609884989	D:0.00460047469266805	D:0.0252451210248319	D:-0.0882769123827276	D:-2.80781465480935	D:0.00521815685022154	D:0.03587895953912	D:0.133242623346446	D:0.875289340490896	D:0.991098228766629	D:-0.0228761610788613	D:0.0018457422538119	D:0.0229505013054947	D:18.3075243590801	N:	N:	N:	N:	N:	N:	N:	N:
S:WDR12	D:-0.0398850742142533	D:0.00627624951472493	D:0.140585974282482	D:-0.0824809560457771	D:-2.93872462881933	D:0.00347827897689513	D:0.020627936111535	D:-0.0752823331452933	D:-2.65054162482217	D:0.0083370310827433	D:0.04890841320561	D:0.850822287044688	D:0.427791365875608	D:0.966078042387016	D:0.00628752305488769	D:-0.0478036007521345	D:0.0482153211234273	D:11.5004665830348	N:	N:	N:	N:	N:	N:	N:	N:
S:EBF1	D:-0.0398184668196811	D:0.00629541898595828	D:0.140789378123474	D:-0.143717602725024	D:-4.9818861971783	D:0.000000923398558347999	D:0.0000801961387941256	D:-0.113447638037561	D:-3.59474701650436	D:0.000362878880135225	D:0.00688245831325745	D:1.75190044869035	D:0.174697029860326	D:0.911587746465428	D:-0.0266634634355504	D:-0.0719605772014764	D:0.0767415464631029	D:13.3554077848853	N:	N:	N:	N:	N:	N:	N:	N:
S:LCORL	D:-0.0200394234984528	D:0.00631832420687207	D:0.140850182598882	D:-0.135309575055228	D:-3.80771003094426	D:0.000161266781457819	D:0.00246004229232414	D:-0.141131832940937	D:-3.98779102037477	D:0.0000785368017100512	D:0.00275527404347596	D:1.24531510822761	D:0.288900748602602	D:0.948286990928089	D:-0.0303893141876842	D:-0.0661333762005773	D:0.0727814115312754	D:13.6453010862636	N:	N:	N:	N:	N:	N:	N:	N:
S:NPM1	D:-0.0702021109087563	D:0.00646390545070195	D:0.142727532538838	D:-0.0671575104001726	D:-3.18673122559538	D:0.00154691379212984	D:0.011771122434583	D:-0.0583107521130859	D:-2.70255070877857	D:0.00715727310990773	D:0.0444989735414277	D:1.75488839498365	D:0.174180092308087	D:0.911587746465428	D:0.0233417689382251	D:-0.0483136970310084	D:0.053656793586363	D:10.2808963093807	N:	N:	N:	N:	N:	N:	N:	N:
S:METTL10	D:-0.0352080536727368	D:0.00649296581022005	D:0.143255870168571	D:-0.0844412610048535	D:-3.84518067916912	D:0.000139225396986193	D:0.00223000285451409	D:-0.0717490455351986	D:-3.09966559142437	D:0.00206649103692991	D:0.0199709700062549	D:0.89013085925237	D:0.411367827186936	D:0.96415212136371	D:-0.0124216791059862	D:-0.0380966563086623	D:0.0400706043592111	D:13.2039278198779	N:	N:	N:	N:	N:	N:	N:	N:
S:PPWD1	D:-0.0486711551793122	D:0.00656423182754077	D:0.143805110130819	D:-0.0846906417030459	D:-2.93766452766392	D:0.00348994857400679	D:0.0206687397574115	D:-0.0796554016325311	D:-2.69114055749576	D:0.00740239455574632	D:0.0453587020551464	D:2.28337540810786	D:0.1031916612124	D:0.870946539528028	D:0.0116627997776362	D:-0.0815238654495414	D:0.0823538799115632	D:11.4572340405466	N:	N:	N:	N:	N:	N:	N:	N:
S:C16ORF52	D:-0.042438517684351	D:0.00662384958279946	D:0.144656996757381	D:-0.0526574945162115	D:-3.6023169584344	D:0.000353338220483248	D:0.00423854031090433	D:-0.0417935815972848	D:-2.72793993737428	D:0.0066378866164671	D:0.0423476795208566	D:0.759044581044266	D:0.468748416635789	D:0.967692421145506	D:0.0264918645809173	D:0.00217811679528598	D:0.0265812543298387	D:5.68665391239038	N:	N:	N:	N:	N:	N:	N:	N:
S:FYTTD1	D:-0.0434491941092997	D:0.0066373832445493	D:0.144839223108187	D:-0.0728676283866057	D:-3.76537613205529	D:0.000190121959806629	D:0.00276818937776948	D:-0.0656479247051001	D:-3.29854252619703	D:0.00105383931903387	D:0.0132469470399025	D:0.406952706697192	D:0.665935376624841	D:0.985706471962942	D:-0.0199770285551089	D:-0.0138983520996217	D:0.0243361020086762	D:15.6782013374333	N:	N:	N:	N:	N:	N:	N:	N:
S:ARHGEF4	D:-0.0118182799162132	D:0.00674262577493537	D:0.146107674983266	D:-0.1668736598449	D:-3.99825775578533	D:0.0000754409176805366	D:0.00145527243079503	D:-0.141177460947129	D:-3.28130658291217	D:0.0011186842879919	D:0.0136968732278508	D:2.45136524494327	D:0.0873963272076114	D:0.860742263980279	D:-0.0235009811112021	D:-0.121047942297224	D:0.123308152397079	D:12.7324711077293	N:	N:	N:	N:	N:	N:	N:	N:
S:PPFIBP1	D:-0.0095652655453559	D:0.00686669553835671	D:0.14730345042385	D:-0.201133657169126	D:-5.48289300618979	D:0.0000000725377107911351	D:0.0000160925198114223	D:-0.176342431695333	D:-4.64353419268736	D:0.0000045751326808475	D:0.000560784311310322	D:1.28865394540748	D:0.27671879512589	D:0.945177761851952	D:-0.00448080923929586	D:-0.0788033387143978	D:0.0789306267805791	D:12.2169580760664	N:	N:	N:	N:	N:	N:	N:	N:
S:PDIK1L	D:-0.0404241982101062	D:0.00688595617443991	D:0.14730345042385	D:-0.143066829697082	D:-3.12713872839798	D:0.00188855100999273	D:0.013434355764932	D:-0.131022621041314	D:-2.81942948684576	D:0.00503639318516626	D:0.035085974770529	D:0.891972955604273	D:0.410613911138311	D:0.96415212136371	D:-0.00291178393189678	D:-0.080329124046753	D:0.080381880145868	D:12.1383972257887	N:	N:	N:	N:	N:	N:	N:	N:
S:RBM27	D:-0.0325746838166317	D:0.00689808705496138	D:0.14730345042385	D:-0.0817529147702899	D:-3.88305974225474	D:0.000119859014517698	D:0.00202609429298472	D:-0.0621529288113643	D:-2.74946659765561	D:0.00622442858710165	D:0.0403607176286	D:1.55222790595676	D:0.212976519832219	D:0.927783481998367	D:0.0147948246955069	D:-0.0501213458750324	D:0.0522593163952172	D:10.903629835703	N:	N:	N:	N:	N:	N:	N:	N:
S:ZNF518A	D:-0.0486759671202517	D:0.006977790673944	D:0.148664227259372	D:-0.0625724221021628	D:-2.70324077995622	D:0.00714671645886717	D:0.0342289182163538	D:-0.0618787509352762	D:-2.65864678411422	D:0.00814238711056463	D:0.0482298837610014	D:0.945072709713842	D:0.389468380531545	D:0.960227634080898	D:-0.0348195233004137	D:-0.0256782350504402	D:0.0432639683590596	D:15.572831026355	N:	N:	N:	N:	N:	N:	N:	N:
S:ZFP2	D:-0.0233603862693188	D:0.0069841854022542	D:0.148686967640667	D:-0.233879008223347	D:-3.29604413283606	D:0.00106424009713346	D:0.00907343618590096	D:-0.235705180389942	D:-3.33580067504151	D:0.000925413680609586	D:0.0122020976604534	D:0.574180295326559	D:0.563603548819501	D:0.9797224507603	D:0.0597186680022195	D:-0.0827042150571276	D:0.102011305727233	D:9.61119207214359	N:	N:	N:	N:	N:	N:	N:	N:
S:C7ORF10	D:-0.0133323926911924	D:0.00705032773945478	D:0.148932370583892	D:-0.129773534840348	D:-2.76691771584531	D:0.00591010447386049	D:0.0298808154007006	D:-0.153795825282634	D:-3.28955526506991	D:0.00108720259133709	D:0.0134462188843786	D:1.3327044372566	D:0.264865450782821	D:0.939907763028795	D:-0.0130950283862866	D:-0.097898903787986	D:0.0987708212546954	D:12.5079134698512	N:	N:	N:	N:	N:	N:	N:	N:
S:PTCD2	D:-0.0262356899160347	D:0.00709767766304106	D:0.149506553641869	D:-0.169224092095659	D:-3.09724793337122	D:0.00208495208079872	D:0.0144526600251465	D:-0.161258218971427	D:-2.90344069987402	D:0.00388361625747462	D:0.0299582167790417	D:1.24945074641807	D:0.287715386417256	D:0.948286990928089	D:-0.0241202567907762	D:-0.11108085246813	D:0.113669444322999	D:12.8167402095968	N:	N:	N:	N:	N:	N:	N:	N:
S:MPP5	D:-0.0287354600011693	D:0.00716127724601065	D:0.14988979220713	D:-0.077955888816863	D:-4.03759794196893	D:0.0000642434984368145	D:0.00128471827272358	D:-0.0618679554089094	D:-2.94196272228719	D:0.00344022948863634	D:0.0277676680865109	D:1.84475494096434	D:0.159330345463277	D:0.902380977219134	D:0.0126261696766499	D:-0.0513240584001271	D:0.05285431989311	D:11.0786123601197	N:	N:	N:	N:	N:	N:	N:	N:
S:RSBN1	D:-0.0377651932236368	D:0.00716957623061693	D:0.14988979220713	D:-0.0995311508459357	D:-3.45893374085241	D:0.000598022803490405	D:0.00612878737386507	D:-0.0922101650360001	D:-3.1630013289961	D:0.00167380519425609	D:0.0175189219608776	D:3.80909528620401	D:0.0229306118009437	D:0.736744509955438	D:-0.0562224892172926	D:-0.0893980399799243	D:0.105607659978056	D:14.1443877159047	N:	N:	N:	N:	N:	N:	N:	N:
S:SPG20	D:-0.046000289838359	D:0.00720197828892648	D:0.150121933748192	D:-0.142131366251328	D:-2.93816700499552	D:0.00348441285156832	D:0.0206580435474808	D:-0.140576646303248	D:-2.8991019556848	D:0.00393668973046952	D:0.0301705015012013	D:0.187511878045474	D:0.829087975410262	D:0.990538766746216	D:-0.0238899452131433	D:-0.0311088097296726	D:0.039223558291975	D:14.5014923372502	N:	N:	N:	N:	N:	N:	N:	N:
S:SESN1	D:-0.0668168921196618	D:0.0072659703732265	D:0.151199218638155	D:-0.0700846337981914	D:-2.93902065162466	D:0.00347502672827968	D:0.0206218459518047	D:-0.0684934550839412	D:-2.82299396150792	D:0.00498177498763013	D:0.0348171906413736	D:0.308469012461232	D:0.734735411059248	D:0.988887668865741	D:-0.0218929225678854	D:-0.0138907896489726	D:0.0259278633064013	D:15.840358420841	N:	N:	N:	N:	N:	N:	N:	N:
S:C1ORF109	D:-0.0481016641706362	D:0.00730787464843982	D:0.151307701363468	D:-0.109425995295755	D:-4.7037118740324	D:0.00000347691579006629	D:0.00018412577629725	D:-0.0854423542769623	D:-3.35742109002605	D:0.000857723425102728	D:0.0116454612441739	D:0.103534057265087	D:0.901668100575975	D:0.992612422987167	D:-0.00885595415756028	D:-0.0124243870171502	D:0.0152575658868884	D:14.3653877444382	N:	N:	N:	N:	N:	N:	N:	N:
S:MTBP	D:-0.0181880430746201	D:0.00739873803217942	D:0.152687290544308	D:-0.224255062281407	D:-4.22174743424574	D:0.0000297640813964669	D:0.000751446918046977	D:-0.181640708349867	D:-3.27390686869108	D:0.00114764347150944	D:0.0138549472005128	D:0.329331395076745	D:0.719588412617622	D:0.988438761294391	D:-0.0322254483799349	D:-0.0496046582283929	D:0.0591532048264802	D:14.2006393988729	N:	N:	N:	N:	N:	N:	N:	N:
S:RB1CC1	D:-0.0373513743534762	D:0.00750626752987017	D:0.153257610718897	D:-0.0609504733769813	D:-2.6660756519853	D:0.00797186118510363	D:0.0370547429633944	D:-0.0640506704170068	D:-2.79053748130716	D:0.00549954956324477	D:0.03704470803701	D:0.355738378825559	D:0.700864806290657	D:0.987553110889477	D:-0.0191298999002899	D:0.0183446600390416	D:0.026504332139164	D:20.9199735374748	N:	N:	N:	N:	N:	N:	N:	N:
S:HMGCR	D:-0.0375401124869957	D:0.00757926658942808	D:0.154189749813671	D:-0.0744260709892197	D:-3.28498587110335	D:0.00110579399517525	D:0.0093097410922472	D:-0.0831188210170429	D:-3.64847131488947	D:0.00029667469378513	D:0.00608702993458837	D:0.0119702062930161	D:0.988101485498366	D:0.998940164677581	D:0.00421088199724851	D:0.00234550428488605	D:0.00482005368695935	D:4.05878309627348	N:	N:	N:	N:	N:	N:	N:	N:
S:UBR1	D:-0.0356695528584783	D:0.00757966093673797	D:0.154189749813671	D:-0.0844096039072989	D:-6.23915876712608	D:0.00000000107961547745099	D:0.000000917250697603033	D:-0.074512366851807	D:-5.09013076096705	D:0.000000538932408686524	D:0.00016455122184599	D:5.87961021838417	D:0.00302888552719123	D:0.619506875420677	D:0.00698719620079757	D:-0.0648886381575635	D:0.0652637439371329	D:11.5902721480388	N:	N:	N:	N:	N:	N:	N:	N:
S:NAA30	D:-0.0359218012074716	D:0.00774247970513416	D:0.15523894293843	D:-0.0776749622917176	D:-3.54574801603246	D:0.000435777145527684	D:0.00489397770158417	D:-0.0668703912566957	D:-2.96946516178537	D:0.00315251898381784	D:0.0261807792022034	D:0.389931904283357	D:0.677345517961184	D:0.986364991209785	D:-0.00445008471704446	D:-0.0253493721612705	D:0.0257370146473803	D:12.6637882843938	N:	N:	N:	N:	N:	N:	N:	N:
S:AMD1	D:-0.0380440016156836	D:0.00790335413308646	D:0.157056017740291	D:-0.0696290412736688	D:-3.65295394718629	D:0.000292186048520939	D:0.00374638463724294	D:-0.0662044471881991	D:-3.48157099769546	D:0.00055022083314918	D:0.0089005507455034	D:0.356907464930849	D:0.700047286906372	D:0.987553110889477	D:-0.0222838652985481	D:0.00441459169388849	D:0.022716938008182	D:18.7470406799593	N:	N:	N:	N:	N:	N:	N:	N:
S:TDG	D:-0.0419814781960362	D:0.00805086282808933	D:0.158350656470735	D:-0.0466879124370091	D:-3.09334924570979	D:0.00211191117249559	D:0.0145671924538427	D:-0.0414370453141712	D:-2.64887218551648	D:0.00837763741746347	D:0.0490582597466748	D:1.48469315398085	D:0.227747243449806	D:0.93028611335474	D:0.0107265401384007	D:-0.0337519428883029	D:0.0354154247761619	D:10.8246318078546	N:	N:	N:	N:	N:	N:	N:	N:
S:HDAC2	D:-0.0257185798117191	D:0.00808280994605187	D:0.15874389062835	D:-0.105041548859556	D:-3.67553382694483	D:0.000268256966758562	D:0.00352285577112168	D:-0.0957946866824329	D:-3.30029636368318	D:0.00104744046002973	D:0.0132252676298628	D:1.93213149715458	D:0.146112157852626	D:0.893013200900893	D:-0.0205666165192211	D:-0.0710474232290459	D:0.0739643296632631	D:13.0763020089059	N:	N:	N:	N:	N:	N:	N:	N:
S:SLC35B3	D:-0.031646638955862	D:0.00821637225308758	D:0.160138931273516	D:-0.0643718686288595	D:-2.95098970992114	D:0.00334583252891227	D:0.0201172041376846	D:-0.0612153554203803	D:-2.78955372075599	D:0.00551597816324481	D:0.0371297724037089	D:0.228855263112875	D:0.795541840426207	D:0.99041042631924	D:-0.0164776132072309	D:-0.0115405815625732	D:0.0201170763235991	D:15.6662260979055	N:	N:	N:	N:	N:	N:	N:	N:
S:TFAM	D:-0.0467818912092792	D:0.00855685924310166	D:0.163801057253064	D:-0.0936143816439276	D:-2.83286726957228	D:0.00483650354770201	D:0.0261742224064325	D:-0.0927780825639498	D:-2.81529245271544	D:0.00510046551200559	D:0.0353433321170572	D:0.728225788020681	D:0.483367519975067	D:0.970580953256742	D:-0.00939181883947138	D:-0.0506105780237829	D:0.0514746235441782	D:12.7008538633159	N:	N:	N:	N:	N:	N:	N:	N:
S:FAM161A	D:-0.0117669646391536	D:0.00862593615352084	D:0.164334387743868	D:-0.169484205277218	D:-4.41689044144435	D:0.0000127697197423047	D:0.000424376009327169	D:-0.142045968572756	D:-3.56233048920501	D:0.000409286760978679	D:0.00742606554901054	D:1.8970900602669	D:0.151275451812029	D:0.897139181747759	D:-0.0319391317854436	D:-0.0955984752367236	D:0.100792740843745	D:13.231620129035	N:	N:	N:	N:	N:	N:	N:	N:
S:LRPPRC	D:-0.0368173950831239	D:0.00882838597236636	D:0.165868205829231	D:-0.0700784891379079	D:-3.47535074427811	D:0.000563559496052885	D:0.00586708370397944	D:-0.0703693398838088	D:-3.45803665259689	D:0.000599140790496077	D:0.00936616551560366	D:4.88223457046929	D:0.00801155999427993	D:0.662881684141537	D:-0.0203572089955127	D:-0.0798177031366774	D:0.0823728213193026	D:12.9538694710102	N:	N:	N:	N:	N:	N:	N:	N:
S:C12ORF76	D:-0.025389549636666	D:0.00885789901474742	D:0.165938102183541	D:-0.0873584644287035	D:-3.50329605662656	D:0.0005091306195653	D:0.00547109629199309	D:-0.0724433728561878	D:-2.8545359681328	D:0.0045213815549749	D:0.0328325220980173	D:0.62130083808333	D:0.537733458871554	D:0.975924385547693	D:-0.037576312920515	D:-0.0116465828775719	D:0.0393398295042647	D:16.8519632781785	N:	N:	N:	N:	N:	N:	N:	N:
S:NR1D2	D:-0.0568692926343505	D:0.00895145051938501	D:0.166269480903944	D:-0.068795806498848	D:-3.18414369243988	D:0.00156047452098571	D:0.0118236652247313	D:-0.0641599144714312	D:-2.88138574005466	D:0.00416033199027301	D:0.0311482940313889	D:4.06041631733066	D:0.0179166586913359	D:0.724595174151691	D:-0.0581763634042413	D:-0.0612861492630286	D:0.0845013689263823	D:14.9005895262904	N:	N:	N:	N:	N:	N:	N:	N:
S:ACADSB	D:-0.0415383068217328	D:0.00895482850907408	D:0.166269480903944	D:-0.0724401843110906	D:-4.2375788433107	D:0.0000278221558761639	D:0.000721051389888752	D:-0.0585645559871557	D:-3.22422560063057	D:0.00136080809745812	D:0.0154243335454926	D:0.787330705189059	D:0.45572194558348	D:0.967692421145506	D:0.0115650137268771	D:-0.0278181847647033	D:0.0301264160846595	D:10.4950398535326	N:	N:	N:	N:	N:	N:	N:	N:
S:ANKRA2	D:-0.0430439101360398	D:0.00901984290057221	D:0.166497232377626	D:-0.0632939937500522	D:-2.79685540471822	D:0.00539852939705121	D:0.0281999533090311	D:-0.0642420006253559	D:-2.83515151802683	D:0.00479950481614259	D:0.0340796234056114	D:0.608045009855687	D:0.544888134688889	D:0.977562832957977	D:-0.0216150861349669	D:-0.0251276291311189	D:0.0331452816306197	D:14.7135006793042	N:	N:	N:	N:	N:	N:	N:	N:
S:PAPOLG	D:-0.0313117806354111	D:0.0090492343648919	D:0.166785603785983	D:-0.0741089991441407	D:-4.10374013018663	D:0.0000488919554184145	D:0.00105002683632934	D:-0.0738938141095611	D:-4.07612300905909	D:0.0000546840978833039	D:0.00225663769295366	D:1.82974127976659	D:0.161719664143247	D:0.903624337754098	D:-0.0407406933018025	D:-0.0240616604339043	D:0.0473156168040537	D:15.9622456910955	N:	N:	N:	N:	N:	N:	N:	N:
S:KRIT1	D:-0.0414861416094621	D:0.00909702011291775	D:0.167158125199595	D:-0.120068787649145	D:-4.49176170798546	D:0.00000915239591940466	D:0.000338085006920768	D:-0.111264241565094	D:-4.09925326940834	D:0.0000496846433887009	D:0.00215752803657467	D:1.63333801761932	D:0.196502786365535	D:0.922219662881213	D:-0.0181233582063832	D:-0.0609666366380152	D:0.0636033560091655	D:13.1036977969937	N:	N:	N:	N:	N:	N:	N:	N:
S:PSIP1	D:-0.0516658447151265	D:0.009157971085012	D:0.16754964333585	D:-0.0724435673410933	D:-3.87091922594191	D:0.000125769834432901	D:0.00207924562999435	D:-0.0630109135930843	D:-3.18866449860676	D:0.00153528714134282	D:0.0165751635519227	D:2.1858563299702	D:0.113646188636282	D:0.880277680269808	D:-0.0118508848225722	D:-0.0521703944514263	D:0.0534994722244555	D:12.8531984046719	N:	N:	N:	N:	N:	N:	N:	N:
S:RPGRIP1L	D:-0.00989944158319819	D:0.00944100100895392	D:0.170201712535491	D:-0.211153237818509	D:-4.71309605131998	D:0.00000332823553011653	D:0.000179660360480683	D:-0.180390698401165	D:-3.93570684422795	D:0.0000969238001254012	D:0.00307465580884815	D:1.52976877018683	D:0.2177786104028	D:0.927826835934733	D:-0.0985587798361259	D:-0.0490076647747841	D:0.110070814885071	D:16.2374306031054	N:	N:	N:	N:	N:	N:	N:	N:
S:FAM73A	D:-0.022311973609128	D:0.00955583150873568	D:0.171399525824342	D:-0.0874484776679877	D:-4.17130233537355	D:0.0000368512573619899	D:0.000861691362721313	D:-0.0761758054588881	D:-3.47222604266534	D:0.000569180990484141	D:0.00909157361851791	D:0.0910146857782726	D:0.913022133642075	D:0.993836342604036	D:0.0107576937601197	D:-0.00728480491124672	D:0.012992165240307	D:8.2736494965774	N:	N:	N:	N:	N:	N:	N:	N:
S:USP1	D:-0.0351503805528079	D:0.00967063674181944	D:0.172297085621333	D:-0.116040927789623	D:-3.37335088973257	D:0.000811844334241609	D:0.00751566153340635	D:-0.114096763154742	D:-3.28840976860218	D:0.0010915247430877	D:0.013465583967599	D:1.85001895589718	D:0.158501038875997	D:0.902291892370149	D:-0.00850789319501733	D:-0.0859525367415533	D:0.0863725814070987	D:12.3768619747054	N:	N:	N:	N:	N:	N:	N:	N:
S:TANC1	D:-0.00329557408744731	D:0.0096969922183703	D:0.172493978849404	D:-0.172200611324129	D:-2.98788796572848	D:0.00297468629260859	D:0.0185535732026379	D:-0.183453198035511	D:-3.17246017990522	D:0.00162146056563541	D:0.0171952872690514	D:0.121338772817134	D:0.885764589104828	D:0.991393293699617	D:-0.0323360402668686	D:-0.021263627972333	D:0.0387009221425838	D:15.7781175415114	N:	N:	N:	N:	N:	N:	N:	N:
S:ERCC4	D:-0.0267204110935562	D:0.00996145345663579	D:0.17479363204269	D:-0.0905463751950922	D:-3.33400087378067	D:0.000932383672105554	D:0.00826665577886326	D:-0.0858093055377709	D:-3.07632816163074	D:0.00223141053979171	D:0.0209232213810316	D:3.58318456301919	D:0.028631646894551	D:0.761041425368193	D:-0.000654056087613332	D:-0.0967516913821651	D:0.0967539021160152	D:12.0258214831568	N:	N:	N:	N:	N:	N:	N:	N:
S:ANGEL2	D:-0.0357911554431901	D:0.010000610327472	D:0.17479363204269	D:-0.0558172319578615	D:-3.20720574712936	D:0.00144339036481475	D:0.011217360970973	D:-0.0508385129900764	D:-2.89564909513553	D:0.00397939810341177	D:0.030322207726699	D:2.31083076734739	D:0.100426585339354	D:0.870946539528028	D:-0.032117735985442	D:-0.0383400000699886	D:0.0500150434389222	D:14.6635458391432	N:	N:	N:	N:	N:	N:	N:	N:
S:SPATA5	D:-0.0201210080692309	D:0.0100649285125697	D:0.175460433969906	D:-0.117657342802331	D:-4.38878554278864	D:0.0000144530074663874	D:0.000457000354208215	D:-0.110480329373633	D:-4.07263473521938	D:0.0000554783622096479	D:0.00228045176563552	D:1.06847929264746	D:0.344453578796712	D:0.957290336661063	D:-0.00640837689020728	D:-0.0509139602947296	D:0.0513156764279713	D:12.4782607089465	N:	N:	N:	N:	N:	N:	N:	N:
S:APPBP2	D:-0.0247266674186643	D:0.0100757899416403	D:0.175486375574774	D:-0.0697545171974335	D:-4.03316425864687	D:0.0000654216557510718	D:0.0012965563641295	D:-0.0631376704673488	D:-3.62528057387251	D:0.000323723583957163	D:0.00644183990996882	D:1.48509640372434	D:0.227656061427539	D:0.93028611335474	D:-0.0325395795788921	D:-0.024223631170202	D:0.0405661009494508	D:15.555645303708	N:	N:	N:	N:	N:	N:	N:	N:
S:SAV1	D:-0.0362501416312166	D:0.0101370789321885	D:0.175839573025097	D:-0.0552064043842346	D:-3.45640804135651	D:0.000603496401697413	D:0.0061572610761363	D:-0.0480954665360349	D:-2.94403956636183	D:0.00341769329685299	D:0.0276363721583931	D:1.37223421966343	D:0.254663418743898	D:0.936923257986279	D:-0.00364240001650248	D:-0.0348337816330275	D:0.0350236979877577	D:12.3979632757561	N:	N:	N:	N:	N:	N:	N:	N:
S:TARDBP	D:-0.0421868174541875	D:0.0102459638546788	D:0.176195225621742	D:-0.0768024070979192	D:-5.50709272824202	D:0.0000000638306005192234	D:0.0000146742795852488	D:-0.0721125459642158	D:-5.014067195852	D:0.000000784666296892307	D:0.000194090684905982	D:1.8722883702894	D:0.155040367855102	D:0.900072438578892	D:-0.00638071552040355	D:-0.0354489999830281	D:0.0360186775208231	D:12.6802540104668	N:	N:	N:	N:	N:	N:	N:	N:
S:SERBP1	D:-0.0338393832988035	D:0.0102777047841371	D:0.176311716333872	D:-0.0459977039900155	D:-3.67085036058424	D:0.00027306339639373	D:0.00356918516985276	D:-0.0361840180685109	D:-2.70203214648053	D:0.00716825266802818	D:0.0445530615095225	D:1.52637654177496	D:0.218513315374963	D:0.927826835934733	D:0.0250893303064645	D:-0.0202814445873352	D:0.0322616101547338	D:8.59673405381018	N:	N:	N:	N:	N:	N:	N:	N:
S:ARL13B	D:-0.0297520686900026	D:0.0103630016143494	D:0.176808308158607	D:-0.187264634775926	D:-5.37899168791482	D:0.000000124954128029116	D:0.0000221975328710633	D:-0.16602846365312	D:-4.64275182891921	D:0.00000459165292511394	D:0.000560784311310322	D:1.91578708737817	D:0.148498069222431	D:0.893842301812827	D:-0.0546075841813281	D:-0.0744325775561717	D:0.0923157454163501	D:14.4177130974311	N:	N:	N:	N:	N:	N:	N:	N:
S:TAF2	D:-0.0384209941054751	D:0.0103715951757611	D:0.176808308158607	D:-0.0899522577726133	D:-5.19060306896042	D:0.000000327800511970104	D:0.0000415944792494013	D:-0.0833177508331616	D:-4.55744983112077	D:0.00000678159114955093	D:0.000697468803438814	D:2.04534929478278	D:0.130609095555657	D:0.892106772592489	D:-0.000715488192556243	D:-0.0478973950846918	D:0.0479027387448019	D:12.0570544666253	N:	N:	N:	N:	N:	N:	N:	N:
S:RGPD5	D:-0.0198005158816752	D:0.0103829744561791	D:0.176808308158607	D:-0.0548375481129491	D:-3.85998813824262	D:0.000131326767768979	D:0.00215248468888069	D:-0.0498899356769234	D:-3.34749505304481	D:0.000888207067673536	D:0.0119288345769131	D:2.56181256039821	D:0.0783586574562945	D:0.854945016947767	D:0.00412575075259481	D:-0.0436437481715904	D:0.0438383231173107	D:11.6399824867052	N:	N:	N:	N:	N:	N:	N:	N:
S:MALT1	D:-0.0469740424248909	D:0.0106639229272975	D:0.1794033085599	D:-0.0738332497275345	D:-3.31736637272551	D:0.000988180179177417	D:0.00858987049880156	D:-0.0629064077204353	D:-2.78343143950617	D:0.00561922190413598	D:0.0375591004218891	D:2.33791125104445	D:0.0977721870814187	D:0.867885582684249	D:-0.0361791224833946	D:-0.0531473010144749	D:0.0642928029315231	D:14.2829607575345	N:	N:	N:	N:	N:	N:	N:	N:
S:PRRC1	D:-0.033198569232601	D:0.0107039470295488	D:0.179541212899918	D:-0.0631556042517846	D:-3.80473426420149	D:0.000163151687754212	D:0.00247753442513934	D:-0.0567758405879274	D:-3.258492351641	D:0.00121021534924789	D:0.0143806479593838	D:0.63715143026618	D:0.52930208502363	D:0.975430279911244	D:-0.000256496567933631	D:-0.0254829106745964	D:0.0254842015166029	D:12.0384458293528	N:	N:	N:	N:	N:	N:	N:	N:
S:UBR3	D:-0.0273532225936411	D:0.010712710622513	D:0.179541212899918	D:-0.0695770912282496	D:-2.80784939225983	D:0.00522097398305893	D:0.0276335462088176	D:-0.0752785981499035	D:-3.04217708367114	D:0.00249463986410507	D:0.022516285258419	D:1.75423128892338	D:0.174293644694004	D:0.911587746465428	D:-0.0157250864728688	D:-0.0579643928654429	D:0.06005954699162	D:13.0118916277881	N:	N:	N:	N:	N:	N:	N:	N:
S:FCGBP	D:-0.0247807694086985	D:0.0107701454453058	D:0.180003164901448	D:-0.100809497246957	D:-3.59825210205302	D:0.000358735628509051	D:0.00428487342096293	D:-0.079992697315106	D:-2.71965149505855	D:0.00680357823262273	D:0.0431651695596367	D:2.8647458723709	D:0.058101466193562	D:0.83656058396868	D:0.00836998929841238	D:-0.091096276396009	D:0.0914799884896889	D:11.6500242242902	N:	N:	N:	N:	N:	N:	N:	N:
S:SMAD2	D:-0.0242676063148702	D:0.0108955765882774	D:0.180901572027854	D:-0.0443326817667378	D:-3.0300219144597	D:0.00259721051225292	D:0.0168780061892957	D:-0.0469183693349352	D:-3.197277630242	D:0.00149122532432186	D:0.0162897095001167	D:0.60607021478361	D:0.545962162019624	D:0.977958477099463	D:-0.0228098659215936	D:-0.000101434210815544	D:0.0228100914566382	D:17.9830140346911	N:	N:	N:	N:	N:	N:	N:	N:
S:EIF2AK3	D:-0.0397440698484663	D:0.0111396611194502	D:0.182592369465724	D:-0.153888579797916	D:-3.51081532070796	D:0.000495348357996069	D:0.00537171809452372	D:-0.128113224652484	D:-2.84658166235433	D:0.00463368561136948	D:0.0334100753440331	D:1.69878782857764	D:0.184147507176026	D:0.921744746511297	D:0.0406132678742107	D:-0.101726183096125	D:0.109533802338496	D:10.5490724805238	N:	N:	N:	N:	N:	N:	N:	N:
S:APPL1	D:-0.0358759287630965	D:0.0112058956499555	D:0.182621395949944	D:-0.0853068555181663	D:-5.4072057649618	D:0.00000010788894863419	D:0.0000200449676976625	D:-0.0647837873028614	D:-3.45658327439421	D:0.000602291272175421	D:0.00938415744064811	D:3.7932776885848	D:0.0232897134612565	D:0.736744509955438	D:-0.0180324179417509	D:-0.0644282925743455	D:0.0669042074975217	D:13.0424038776058	N:	N:	N:	N:	N:	N:	N:	N:
S:TTC8	D:-0.0243900249443207	D:0.0113107039107717	D:0.183535898924209	D:-0.100154135135701	D:-3.42060052054992	D:0.0006863055286596	D:0.00670554816776862	D:-0.105468369646167	D:-3.57901167039384	D:0.000384752112588416	D:0.00714680706472455	D:0.85630070104248	D:0.425463501766115	D:0.965712415649048	D:0.0291994859534841	D:-0.0428246440955806	D:0.0518320376008976	D:9.7141555345497	N:	N:	N:	N:	N:	N:	N:	N:
S:BTBD11	D:-0.0445372266352866	D:0.0113484602770179	D:0.183934684280819	D:-0.0876515696168995	D:-3.23827142838642	D:0.00129849579107388	D:0.0104462355921675	D:-0.0868343957556525	D:-3.20530843393767	D:0.00145119867940877	D:0.0160213973979248	D:0.281229279140872	D:0.754995926139699	D:0.988887668865741	D:0.021684520183613	D:0.0167730419393474	D:0.0274144733944066	D:3.4851960075374	N:	N:	N:	N:	N:	N:	N:	N:
S:TRAM1	D:-0.0479449490309238	D:0.011414898653043	D:0.184369109610203	D:-0.104524541795696	D:-3.42151407369105	D:0.000684067139202758	D:0.00668702149432771	D:-0.102498732351255	D:-3.34969644566907	D:0.000881360704001482	D:0.0118450271780557	D:1.13813231852793	D:0.321393713742781	D:0.956911684216668	D:-0.0393530879359568	D:-0.0468465089930291	D:0.0611821945906577	D:14.6687805345678	N:	N:	N:	N:	N:	N:	N:	N:
S:PIBF1	D:-0.0391274419591941	D:0.0114603617642263	D:0.184920297838926	D:-0.129451355434097	D:-2.97098596955556	D:0.00313975033648051	D:0.0192392164707325	D:-0.129436627152979	D:-2.96702911487036	D:0.00317708505715108	D:0.0262842587221801	D:0.769371993032902	D:0.463949578206204	D:0.967692421145506	D:-0.0239909594286872	D:-0.0660623749753059	D:0.0702837358261984	D:13.3305868787302	N:	N:	N:	N:	N:	N:	N:	N:
S:ZNF527	D:-0.0236840634714132	D:0.0114845185209075	D:0.184920297838926	D:-0.110182010477282	D:-3.77675715144163	D:0.000181919258064154	D:0.00268901983497097	D:-0.102411156421544	D:-3.4230017775273	D:0.000679539548570249	D:0.0100483982812516	D:1.54635738283706	D:0.21422135724402	D:0.927783481998367	D:-0.0520680247216169	D:-0.0475165901768445	D:0.070490464180945	D:15.1744557565448	N:	N:	N:	N:	N:	N:	N:	N:
S:PUS7L	D:-0.0332629878526653	D:0.011539542922748	D:0.185345152532808	D:-0.124565225565076	D:-2.98193722775357	D:0.003031872365606	D:0.0187790366654214	D:-0.110405664355129	D:-2.63981024230774	D:0.00860116712871854	D:0.0498542259670393	D:0.486654665039931	D:0.615022151112429	D:0.984208797062414	D:-0.0571453125098139	D:0.011735931199911	D:0.0583379706792526	D:18.773697842482	N:	N:	N:	N:	N:	N:	N:	N:
S:GPRASP1	D:-0.077170165126892	D:0.0116990110008386	D:0.186157010851428	D:-0.121118937168863	D:-3.94472201853123	D:0.0000936812593552713	D:0.00168565882970659	D:-0.113938088880875	D:-3.6541924296809	D:0.000290336377226967	D:0.00600543610777035	D:4.20277445922004	D:0.015581649582671	D:0.71710010037883	D:-0.0317313450309766	D:-0.112782892866061	D:0.117161679659828	D:13.0475926598835	N:	N:	N:	N:	N:	N:	N:	N:
S:ANKRD12	D:-0.0387192328063768	D:0.0119316099184078	D:0.187823594372681	D:-0.0716035719060701	D:-3.14931202332131	D:0.00175403652495376	D:0.0128181105961562	D:-0.0766971575311579	D:-3.36119926167022	D:0.000846378369548559	D:0.0115738836384523	D:2.74335055624251	D:0.0654968236529902	D:0.847670464859297	D:-0.0214199118394619	D:-0.0659528344392594	D:0.0693439903220364	D:13.1995042508885	N:	N:	N:	N:	N:	N:	N:	N:
S:POLR1B	D:-0.0377055664721713	D:0.0120515576851343	D:0.189295504293326	D:-0.151012598789327	D:-4.38431087489698	D:0.0000147398806596895	D:0.000462330670900471	D:-0.144641035780892	D:-4.15776125423692	D:0.0000389066907881638	D:0.00186799912700616	D:1.33392768069048	D:0.264543676259334	D:0.939907763028795	D:0.0405711442272447	D:-0.0644179401959566	D:0.076129421139253	D:9.85312095158413	N:	N:	N:	N:	N:	N:	N:	N:
S:ZNF10	D:-0.037703503892557	D:0.0120658080307355	D:0.189295504293326	D:-0.103858711499033	D:-3.11745865085343	D:0.00195020518715146	D:0.0137776426471897	D:-0.102240543355001	D:-3.04441991902166	D:0.00247651419605744	D:0.0224044277338697	D:1.69492419695602	D:0.184854690698975	D:0.921744746511297	D:-0.0141502813347311	D:-0.0787617253658312	D:0.0800227457942719	D:12.6790045328731	N:	N:	N:	N:	N:	N:	N:	N:
S:WDR36	D:-0.0400747378189066	D:0.0121408198218499	D:0.189832090323715	D:-0.0671735662909969	D:-3.11380910433777	D:0.00197392732982571	D:0.0138849942232269	D:-0.0659810064535283	D:-3.03464745402267	D:0.00255638570919502	D:0.0229253479317944	D:2.58498370278761	D:0.0765851496989226	D:0.851506938756472	D:-0.023700779897945	D:-0.0597472801687514	D:0.0642764689084124	D:13.4424951396661	N:	N:	N:	N:	N:	N:	N:	N:
S:ZFP37	D:-0.0229058050577823	D:0.0121829040924723	D:0.190164982757336	D:-0.239632190223207	D:-2.98651343726391	D:0.00298780697120657	D:0.0186042087710355	D:-0.258119390976264	D:-3.20996233569838	D:0.00142846015090875	D:0.0158453788978264	D:2.19339671425436	D:0.112801169588771	D:0.880003764027248	D:-0.0732421472383064	D:-0.206061583971996	D:0.218691080113309	D:13.3044768996064	N:	N:	N:	N:	N:	N:	N:	N:
S:TSEN2	D:-0.0293099687001588	D:0.0121955245642673	D:0.190164982757336	D:-0.11410004803097	D:-4.63336688437196	D:0.00000481367376312891	D:0.000225033490443306	D:-0.0952084541003691	D:-3.72456274706445	D:0.000222098223736175	D:0.00501188994760666	D:1.22208996995511	D:0.29564930575576	D:0.952915201387479	D:-0.0467799396956133	D:-0.0279626862560357	D:0.0545002255094298	D:15.9420765907565	N:	N:	N:	N:	N:	N:	N:	N:
S:ZNHIT6	D:-0.0445488865210978	D:0.0124964637966578	D:0.193120877389103	D:-0.0864574842621729	D:-4.90677327366513	D:0.00000132906815292115	D:0.000102249294394615	D:-0.0743952739352414	D:-4.0115612202151	D:0.0000712932717742252	D:0.00259914519354502	D:2.90488724459752	D:0.0558454682790244	D:0.83656058396868	D:-0.0132471779514254	D:-0.0563503310825385	D:0.057886505653636	D:12.8819483023547	N:	N:	N:	N:	N:	N:	N:	N:
S:PRSS1	D:-0.00517789163544796	D:0.0125103394793784	D:0.19322832034834	D:-0.311096574350331	D:-5.04954580658387	D:0.000000662582219133105	D:0.0000650629102717588	D:-0.297298883540211	D:-4.75517639969965	D:0.00000272142878566559	D:0.000425435519205531	D:0.0024367345613588	D:0.997566245835026	D:0.999316769699436	D:-0.0023551705047441	D:-0.00517585379017746	D:0.00568650073100417	D:13.6311316829151	N:	N:	N:	N:	N:	N:	N:	N:
S:ZC3H6	D:-0.0296511771388668	D:0.0127734948996895	D:0.195561296023222	D:-0.0574440090021235	D:-3.49462357522794	D:0.000525471896469	D:0.00560130123923507	D:-0.0495484148241143	D:-2.86838616902248	D:0.004331725443243	D:0.0320023617718002	D:1.94465169563922	D:0.144310577244541	D:0.893013200900893	D:0.0166554439515872	D:-0.0417811022499303	D:0.0449784872849632	D:10.5510668682359	N:	N:	N:	N:	N:	N:	N:	N:
S:MTX3	D:-0.0280353481472845	D:0.0128721100549214	D:0.196317263187354	D:-0.119195312005231	D:-3.60938695832227	D:0.0003441316751653	D:0.00415616629444075	D:-0.102240386757981	D:-2.97120517913036	D:0.00313507846955134	D:0.0261051304216234	D:0.391717874176254	D:0.67613910076545	D:0.986364991209785	D:0.00243444724769845	D:-0.0394601238328809	D:0.0395351477334804	D:11.7646451185469	N:	N:	N:	N:	N:	N:	N:	N:
S:WWP1	D:-0.0471718747334808	D:0.0129630899875287	D:0.197058737228718	D:-0.0869405301002527	D:-4.63355347484825	D:0.00000480954759095501	D:0.000225033490443306	D:-0.0758968270256793	D:-3.90249937756533	D:0.000110702306228877	D:0.00331784319941486	D:1.5257663564139	D:0.218645736246677	D:0.927826835934733	D:-0.00705998351132694	D:-0.0433941252860698	D:0.0439646844242437	D:12.6160493771995	N:	N:	N:	N:	N:	N:	N:	N:
S:RRP15	D:-0.0410983061924935	D:0.0133351008185764	D:0.198132319331532	D:-0.130653048797803	D:-3.65301916492997	D:0.000292114130929688	D:0.00374638463724294	D:-0.118566516089623	D:-3.25340361191199	D:0.00123155666449905	D:0.0145313249122055	D:1.11643317474501	D:0.328406205862855	D:0.956911684216668	D:-0.0352758931548266	D:-0.0619443601671428	D:0.071284587355104	D:13.977368072706	N:	N:	N:	N:	N:	N:	N:	N:
S:SEH1L	D:-0.0400408929257027	D:0.0134090451717975	D:0.198433961158467	D:-0.0732376282679917	D:-3.9769711710729	D:0.0000822482659874514	D:0.00153653285436021	D:-0.0684918806586245	D:-3.64414765994091	D:0.00030155083206381	D:0.00613813000974885	D:1.77396996235566	D:0.170914887477698	D:0.91041816731136	D:0.00728838102821286	D:-0.0455474117209333	D:0.046126859989475	D:11.3939165197889	N:	N:	N:	N:	N:	N:	N:	N:
S:FKTN	D:-0.0335748320432617	D:0.0136172914817138	D:0.200181576967483	D:-0.32913099464088	D:-5.35197119231357	D:0.00000014373830142439	D:0.0000241662025389444	D:-0.27336378370039	D:-4.33200047727713	D:0.00001846640132704	D:0.00117541351248106	D:0.507583038208076	D:0.602313978546928	D:0.984208797062414	D:0.0583449837833779	D:0.0613642960341901	D:0.084674163476555	D:2.90367932497703	N:	N:	N:	N:	N:	N:	N:	N:
S:CLPX	D:-0.0228884779470347	D:0.0138121095821984	D:0.201198318600812	D:-0.0429075872219056	D:-3.58603089208868	D:0.00037543296109274	D:0.00441150661017031	D:-0.0421700347962313	D:-3.47165931109788	D:0.000570350257312188	D:0.00909157361851791	D:0.502951857277639	D:0.605103210140248	D:0.984208797062414	D:-0.00395225797789153	D:-0.01527973181565	D:0.0157826026840314	D:12.9668191207942	N:	N:	N:	N:	N:	N:	N:	N:
S:HIVEP2	D:-0.0444553010164388	D:0.01388277667927	D:0.201569381154873	D:-0.071529307349391	D:-3.21962786880819	D:0.00138374478629861	D:0.0108768128998638	D:-0.0627261730253807	D:-2.66645039062919	D:0.00795885188983413	D:0.0475317618518487	D:3.23855762922346	D:0.0401926101763528	D:0.813813159090897	D:0.0405882330981844	D:-0.068948448820966	D:0.0800080824720223	D:9.96771591545142	N:	N:	N:	N:	N:	N:	N:	N:
S:DENR	D:-0.0312297420713684	D:0.0138925452818324	D:0.201569381154873	D:-0.050004629042901	D:-3.11924469391989	D:0.0019386918475601	D:0.0137137686833054	D:-0.0487351247740931	D:-3.03282334095494	D:0.00257155369540527	D:0.0230135689346841	D:0.560914213123031	D:0.571109946391409	D:0.981266229818651	D:-0.00782456034233139	D:-0.020685052981902	D:0.0221154959567919	D:13.3813458778468	N:	N:	N:	N:	N:	N:	N:	N:
S:KLF12	D:-0.0574845297158114	D:0.0140146730973422	D:0.202668148262602	D:-0.0889178936663474	D:-3.01983409469027	D:0.00268422101265506	D:0.0172953027642021	D:-0.0921111002238302	D:-3.09792011937175	D:0.00207842635815675	D:0.020033241274607	D:3.52927017482334	D:0.0301908114795109	D:0.768175321772294	D:-0.000797162850227842	D:-0.102351450089591	D:0.102354554388419	D:12.0297492241089	N:	N:	N:	N:	N:	N:	N:	N:
S:PARM1	D:-0.0410919499806219	D:0.0140378551861098	D:0.202752091319681	D:-0.144611900160097	D:-4.78038005918644	D:0.00000242781187954885	D:0.000148255849807075	D:-0.126226447675052	D:-3.97910279918706	D:0.0000813545523393999	D:0.00279885441419755	D:3.96269779595663	D:0.0197200298102495	D:0.730351563745367	D:0.0607056345215237	D:-0.102769723812628	D:0.119359918713044	D:9.96198905839166	N:	N:	N:	N:	N:	N:	N:	N:
S:KIAA0020	D:-0.0403666011780042	D:0.0140422713192742	D:0.202752091319681	D:-0.0901338785509251	D:-2.90417207205322	D:0.00387755688674312	D:0.0222595003301549	D:-0.084984648959083	D:-2.7091248605662	D:0.00701938567966872	D:0.0440339696842397	D:1.54637628074044	D:0.214217338260411	D:0.927783481998367	D:0.0239123263199874	D:-0.0685639894013954	D:0.0726141858913823	D:10.7182206190408	N:	N:	N:	N:	N:	N:	N:	N:
S:SRFBP1	D:-0.0301246693109234	D:0.0140686594464604	D:0.202923144780729	D:-0.0798997993317681	D:-3.93431958478802	D:0.0000976797640136005	D:0.00173997668478987	D:-0.0718335626212148	D:-3.47420032497005	D:0.000565125170497628	D:0.00905173029237224	D:1.16555731597455	D:0.312745601819903	D:0.956911684216668	D:-0.0207152744494063	D:-0.0357759600783627	D:0.0413405601684693	D:14.004802200329	N:	N:	N:	N:	N:	N:	N:	N:
S:PTPN11	D:-0.0309958220232697	D:0.0141819779204005	D:0.203925298175362	D:-0.048235440922049	D:-2.93970483485234	D:0.00346752058838347	D:0.0205953859627968	D:-0.0457460227110066	D:-2.76787268331354	D:0.00588951716313321	D:0.0388021088620318	D:0.59962960740024	D:0.549479803599809	D:0.977958477099463	D:-0.0122636325587953	D:-0.0203131205877885	D:0.0237280330316522	D:14.0747082725343	N:	N:	N:	N:	N:	N:	N:	N:
S:ZNF326	D:-0.0327558896472049	D:0.0143194574873332	D:0.204930592257907	D:-0.0794058337518418	D:-3.40975732810899	D:0.000713400567277714	D:0.00688082945961194	D:-0.0681803215025546	D:-2.82995284239237	D:0.00487669089339362	D:0.0344026775262833	D:2.18444913006116	D:0.11380459039659	D:0.880277680269808	D:-0.0212228470626626	D:-0.0618246723942255	D:0.0653658883065049	D:13.2630700280668	N:	N:	N:	N:	N:	N:	N:	N:
S:BRWD1	D:-0.0357327467503668	D:0.0144003982378406	D:0.205058732050067	D:-0.0567777420359832	D:-3.34244866007844	D:0.000905182720400374	D:0.00807679248371858	D:-0.0537583902077709	D:-3.13565601030153	D:0.00183403356011128	D:0.0185452508793679	D:0.537213312834091	D:0.584771645715764	D:0.982115268178959	D:-0.0183901612176563	D:-0.0152726317799108	D:0.0239050478162277	D:15.3527400515856	N:	N:	N:	N:	N:	N:	N:	N:
S:GTF3C3	D:-0.0322392281758584	D:0.0144600816114139	D:0.205314831719086	D:-0.0757504805255513	D:-4.26267792804051	D:0.0000249890456373584	D:0.000670756786812666	D:-0.0625117647593679	D:-3.33172853241592	D:0.000938706151397484	D:0.0123118597593486	D:1.69106696667931	D:0.185563424424984	D:0.921744746511297	D:-0.0100013169244017	D:-0.0435469111068485	D:0.0446806424211883	D:12.8623118603404	N:	N:	N:	N:	N:	N:	N:	N:
S:CLEC2D	D:-0.0589961861581188	D:0.0144698772479915	D:0.205314831719086	D:-0.0915667105912892	D:-4.26426653686707	D:0.000024819321799936	D:0.000668036318584779	D:-0.0833904659836798	D:-3.74870648009924	D:0.000202395553578755	D:0.00474002852838963	D:2.70485645140885	D:0.0680339900115304	D:0.850339905642804	D:-0.0171545805135606	D:-0.0648032377006043	D:0.067035358200559	D:12.9884750897718	N:	N:	N:	N:	N:	N:	N:	N:
S:JHDM1D	D:-0.0418455359206242	D:0.0145032244813302	D:0.205474616890318	D:-0.0612231792598533	D:-2.539504728423	D:0.0114623065563638	D:0.0479830617861835	D:-0.0673801412744282	D:-2.79117849734358	D:0.00548886858727498	D:0.0369982687354055	D:0.577757059765764	D:0.561596714619593	D:0.979267131992144	D:0.0041591896003335	D:0.0333209977632052	D:0.0335795734050784	D:0.474331175980833	N:	N:	N:	N:	N:	N:	N:	N:
S:GAS2	D:-0.0168276416965769	D:0.0146900078638722	D:0.206965229419826	D:-0.129987707175324	D:-3.02792239118526	D:0.00261492718518996	D:0.0169705387332438	D:-0.12094995890084	D:-2.798069476479	D:0.00537522815885436	D:0.036585626420123	D:0.22241725740445	D:0.800674585478443	D:0.990538766746216	D:-0.018771631801134	D:-0.032746042914448	D:0.0377449001460093	D:13.9882294640413	N:	N:	N:	N:	N:	N:	N:	N:
S:FOXP1	D:-0.0437446436206025	D:0.0148073571663635	D:0.207779456266066	D:-0.086371026231293	D:-4.66451982074255	D:0.00000416989540507054	D:0.000204733482689657	D:-0.0776511185481438	D:-3.96358096520757	D:0.0000866288090209156	D:0.00291864406392708	D:4.59363804714402	D:0.0106246180070376	D:0.70858587193011	D:0.00571374331394219	D:-0.0768999589359843	D:0.0771119351787626	D:11.7167116578401	N:	N:	N:	N:	N:	N:	N:	N:
S:SECISBP2L	D:-0.0352496225055369	D:0.014885326109939	D:0.208141007879959	D:-0.0544345651316816	D:-2.53959265312608	D:0.0114594705232713	D:0.0479814685012311	D:-0.0576297395778948	D:-2.69438163693887	D:0.00733201002355627	D:0.045151929083629	D:0.37211227775227	D:0.689501704083927	D:0.986509726209427	D:-0.00285402358936691	D:-0.0237062013837224	D:0.0238773833301362	D:12.4576587704214	N:	N:	N:	N:	N:	N:	N:	N:
S:DOCK9	D:-0.0549118652562402	D:0.0149099757323943	D:0.208257423415792	D:-0.106015051062178	D:-4.42074733007288	D:0.0000125539180524142	D:0.000420383391400153	D:-0.0860191231657864	D:-3.30321858294557	D:0.00103685884944711	D:0.0131566615435365	D:1.65351085127623	D:0.192608367326189	D:0.921744746511297	D:-0.00539283668057666	D:-0.0610527013864401	D:0.0612904155153577	D:12.336525558106	N:	N:	N:	N:	N:	N:	N:	N:
S:OSBPL9	D:-0.0244318074791202	D:0.0149885309063079	D:0.20885167129059	D:-0.0766788700110963	D:-3.45650880497382	D:0.000603277137463652	D:0.0061572610761363	D:-0.0679891990123396	D:-3.02955712396641	D:0.00259891966104083	D:0.023135570247664	D:0.996443472842546	D:0.370052933111332	D:0.959270072771647	D:0.0388855307293029	D:-0.0211613738573498	D:0.0442706250648224	D:7.90365882333583	N:	N:	N:	N:	N:	N:	N:	N:
S:NMT2	D:-0.0535257667704607	D:0.0150606510723342	D:0.209438351484229	D:-0.0863183983320675	D:-4.68379883034435	D:0.00000381387297550797	D:0.000195364346634799	D:-0.0677536499596074	D:-3.30746328632186	D:0.00102166513718497	D:0.0130742360482853	D:2.779761302699	D:0.0631845026805504	D:0.840103863598374	D:-0.00866883846731357	D:-0.0618982659112972	D:0.0625023526213057	D:12.5314938453428	N:	N:	N:	N:	N:	N:	N:	N:
S:ZNF461	D:-0.0330042885512489	D:0.0151837148765584	D:0.2104515948155	D:-0.1763010983248	D:-3.13849768586398	D:0.00181849707553999	D:0.0131417349678724	D:-0.172729362873168	D:-3.08138217551027	D:0.00219470093582766	D:0.0207583015425984	D:3.45632507597945	D:0.03243702403354	D:0.777497218447519	D:-0.154179997094887	D:-0.124966161640889	D:0.198464135448791	D:15.398299931954	N:	N:	N:	N:	N:	N:	N:	N:
S:TCL1A	D:-0.14181873023332	D:0.0152276150856408	D:0.21071033070909	D:-0.138127033466977	D:-5.16612394648081	D:0.000000370801829021926	D:0.0000455713115780972	D:-0.109978323425206	D:-3.6711940395941	D:0.000272243652587711	D:0.00579273072074001	D:2.59561411538918	D:0.0757850532130284	D:0.850339905642804	D:0.00603014591572914	D:-0.0884114819942312	D:0.0886168878272153	D:11.7398771917234	N:	N:	N:	N:	N:	N:	N:	N:
S:ZNF397	D:-0.0401060081478778	D:0.0153720079252829	D:0.211554606111759	D:-0.0469322771270926	D:-3.20284346895359	D:0.00146489423078948	D:0.0113267005902587	D:-0.0426883919364699	D:-2.8821322800688	D:0.00415067926356773	D:0.0310879354117965	D:0.542443653382759	D:0.581728802910832	D:0.982115268178959	D:-0.0198502219475961	D:0.00867756356813103	D:0.0216640582728117	D:19.5741758915504	N:	N:	N:	N:	N:	N:	N:	N:
S:SEC24A	D:-0.0268133371871778	D:0.0154170923594081	D:0.21175740538931	D:-0.0898855393022101	D:-3.65728273086716	D:0.00028744850634072	D:0.00370272331074753	D:-0.087347413642733	D:-3.56271958513444	D:0.00040869814395903	D:0.00742227735232659	D:0.70047128985556	D:0.496924734018612	D:0.971534152892322	D:-0.0340107341810569	D:-0.0202454630882841	D:0.039580409487442	D:15.9490708912534	N:	N:	N:	N:	N:	N:	N:	N:
S:ZNF711	D:-0.028438278033201	D:0.0154693774917297	D:0.212343180934145	D:-0.170549896678345	D:-3.44436177410786	D:0.00063025241349247	D:0.00635756269621097	D:-0.169740854200203	D:-3.42599386792509	D:0.000672298721607158	D:0.00998770399250397	D:0.696157957564595	D:0.499065697903264	D:0.971534152892322	D:-0.0419355410330554	D:-0.0643501676112593	D:0.0768084218906511	D:14.2060915283954	N:	N:	N:	N:	N:	N:	N:	N:
S:RUFY2	D:-0.0233422878492351	D:0.0155920574369926	D:0.212799179983601	D:-0.0642473667888417	D:-3.93288761826746	D:0.0000982426847952291	D:0.00174353645079712	D:-0.050172426671372	D:-2.90764729961692	D:0.00383278281560134	D:0.0297207972220896	D:1.22171616301852	D:0.295759208659488	D:0.952915201387479	D:-0.00501547713625106	D:-0.0345410244115295	D:0.0349032574167818	D:12.5507870451715	N:	N:	N:	N:	N:	N:	N:	N:
S:FAM111B	D:-0.0427908131995565	D:0.0158845538896768	D:0.214625171568797	D:-0.280807935121736	D:-3.82377800055585	D:0.000151439289892509	D:0.00235285061527517	D:-0.238304778058738	D:-3.15196884546996	D:0.0017368272483361	D:0.0178889287128284	D:0.725340065302236	D:0.484759620196337	D:0.970580953256742	D:0.0324115905811653	D:-0.11490664639267	D:0.119390320332978	D:10.9498594431994	N:	N:	N:	N:	N:	N:	N:	N:
S:CDK6	D:-0.0372863204070651	D:0.0165478858099716	D:0.218991182725681	D:-0.0712428495309774	D:-3.3592584821972	D:0.00085323893505209	D:0.00777665206616272	D:-0.0594387718608138	D:-2.66732742026406	D:0.0079384589419021	D:0.0474534800194888	D:1.57427699310178	D:0.208365598248493	D:0.927208842765068	D:-0.0397363035987809	D:-0.0351416426844801	D:0.0530462899198253	D:15.2340920797308	N:	N:	N:	N:	N:	N:	N:	N:
S:JMY	D:-0.0354653069947832	D:0.0167572894243648	D:0.220299551499775	D:-0.101852574878112	D:-4.34039928521875	D:0.0000178597541777922	D:0.000536094403054128	D:-0.0941349584570162	D:-3.93631892629137	D:0.0000966857815353998	D:0.00307234025172112	D:3.44956800979366	D:0.0326534093083688	D:0.777497218447519	D:-0.063577152696829	D:-0.0553916053495732	D:0.084322501672085	D:15.2623990469937	N:	N:	N:	N:	N:	N:	N:	N:
S:SLAIN1	D:-0.0417401162020525	D:0.0169062583603682	D:0.221423590257098	D:-0.12351672861112	D:-3.2323973640469	D:0.00132481563259642	D:0.0105839011760289	D:-0.108492202494345	D:-2.82001554908139	D:0.00502737583702266	D:0.0350356459455278	D:0.695457657932009	D:0.499414171790334	D:0.971534152892322	D:0.00124187344532189	D:-0.0588159480477023	D:0.0588290573985697	D:11.9193602662762	N:	N:	N:	N:	N:	N:	N:	N:
S:CEP70	D:-0.0313798825582733	D:0.0171902694926544	D:0.223257525146572	D:-0.234277526338286	D:-5.00432179576547	D:0.000000827497315106312	D:0.0000755613319368806	D:-0.199700149828054	D:-4.06582015195208	D:0.0000570617608470418	D:0.00230857943832721	D:1.98418558420791	D:0.138767075206472	D:0.893013200900893	D:0.0466654198043708	D:-0.12036754592714	D:0.129096891976686	D:10.587275601595	N:	N:	N:	N:	N:	N:	N:	N:
S:LRRC58	D:-0.0322876350878687	D:0.0172318014109858	D:0.223344086812958	D:-0.0816071612678686	D:-3.90336776690256	D:0.000110555259298457	D:0.00190844551409111	D:-0.0721456121732666	D:-3.35548966691534	D:0.000863577596014215	D:0.0116864056812422	D:3.08801099182819	D:0.0466193952053888	D:0.826061255087532	D:-0.0471707997897401	D:-0.0530250973069007	D:0.070970030979351	D:14.7770729632988	N:	N:	N:	N:	N:	N:	N:	N:
S:FXR1	D:-0.0350652650528776	D:0.0173214266652623	D:0.223717681407874	D:-0.0650296560783092	D:-3.15911926994741	D:0.00169740859497407	D:0.0125213519646615	D:-0.0596986736568603	D:-2.87966291674388	D:0.00418268606975341	D:0.0312677385191475	D:0.403117794635098	D:0.66848919514107	D:0.985706471962942	D:-0.0219921588408409	D:-0.01274064744742	D:0.0254161198427342	D:15.994342445151	N:	N:	N:	N:	N:	N:	N:	N:
S:SLC17A5	D:-0.0278492705067172	D:0.0175420438587363	D:0.224619567942589	D:-0.0435675508090031	D:-2.97233092117787	D:0.00312631498627789	D:0.0191739782764799	D:-0.0504846280539189	D:-3.4129132858022	D:0.00070449329615991	D:0.0102432602240343	D:0.600830554343917	D:0.548822164295394	D:0.977958477099463	D:-0.00698099201637689	D:-0.0198617679592691	D:0.0210528875929305	D:13.2910332015323	N:	N:	N:	N:	N:	N:	N:	N:
S:U2SURP	D:-0.0407589110781008	D:0.0175986961124424	D:0.224793761962287	D:-0.0922926340195734	D:-4.21890087823326	D:0.0000301266895289419	D:0.000755719692021891	D:-0.0864527885750838	D:-3.84901619636422	D:0.000136859663155994	D:0.00372765130535752	D:2.9127919560073	D:0.0554116939574558	D:0.83656058396868	D:0.0148586004970057	D:-0.0692433468283882	D:0.070819623613276	D:11.1925890378963	N:	N:	N:	N:	N:	N:	N:	N:
S:OSTM1	D:-0.0285819283370476	D:0.0176065626531551	D:0.224793761962287	D:-0.056854797945859	D:-3.1776803099265	D:0.00159482914661875	D:0.0119909797437772	D:-0.0584102933320481	D:-3.25717070245924	D:0.00121572492071186	D:0.0144240926992293	D:0.629457163103922	D:0.533378162383024	D:0.975430279911244	D:0.00331428980443951	D:0.0258250216482731	D:0.0260368250760646	D:0.487543867027263	N:	N:	N:	N:	N:	N:	N:	N:
S:LZIC	D:-0.0236317152125369	D:0.0180411884744576	D:0.228047812645884	D:-0.0538400499027962	D:-3.28694310580989	D:0.00109833127152546	D:0.00927506109631763	D:-0.0457125087137954	D:-2.68430515234926	D:0.00755283240450592	D:0.0458638589236949	D:1.72037994878519	D:0.18024511957725	D:0.916523868817091	D:-0.00629772771231014	D:-0.0403893993066876	D:0.0408774381620651	D:12.5908330413204	N:	N:	N:	N:	N:	N:	N:	N:
S:TAB2	D:-0.0246270566160997	D:0.0181728243924299	D:0.228943325660293	D:-0.0998032988072135	D:-3.43574643790459	D:0.000650062856778719	D:0.00648436870051707	D:-0.106112307271746	D:-3.66769458327115	D:0.000275878720678632	D:0.00584067831070547	D:1.63081183469497	D:0.196996014276744	D:0.922219662881213	D:-0.0252832857456279	D:-0.0630641146854941	D:0.0679435581873677	D:13.4564359869943	N:	N:	N:	N:	N:	N:	N:	N:
S:ZFP161	D:-0.0419423067725668	D:0.0182862286169482	D:0.229379164359112	D:-0.0705957574595994	D:-3.33452301196768	D:0.000930680649577364	D:0.00825723491889476	D:-0.0614204877026414	D:-2.8247309532797	D:0.00495535445866968	D:0.0346821566894213	D:2.32875336093353	D:0.0986618504679524	D:0.867938343868143	D:0.0165079094471611	D:-0.0592555173826752	D:0.0615120103280993	D:10.9621847425341	N:	N:	N:	N:	N:	N:	N:	N:
S:TTC37	D:-0.0405513660896931	D:0.0184585557670404	D:0.230887387521852	D:-0.0950661743870409	D:-4.17371790611584	D:0.0000364780466176295	D:0.000856947686963517	D:-0.0840225274898682	D:-3.54292344551676	D:0.000439674290330883	D:0.00774722750888709	D:2.22828749063094	D:0.108972549028909	D:0.876389783521771	D:-0.0235146011546267	D:-0.060676005065386	D:0.0650731439086504	D:13.412234965536	N:	N:	N:	N:	N:	N:	N:	N:
S:LCLAT1	D:-0.0378290892289836	D:0.0187479447164607	D:0.233491805906478	D:-0.0745800555390987	D:-3.06898154219283	D:0.00228781043221912	D:0.0153260554185786	D:-0.0711976258608924	D:-2.91445206093489	D:0.0037518357873558	D:0.029336591728592	D:2.48554699617021	D:0.0844926794921125	D:0.860742263980279	D:-0.0156759316303993	D:-0.0687629300718524	D:0.0705271251686003	D:12.856152380169	N:	N:	N:	N:	N:	N:	N:	N:
S:MKI67IP	D:-0.0463306029546249	D:0.0189484378225653	D:0.234602113366121	D:-0.108052390994627	D:-3.19139620792655	D:0.00152274041069634	D:0.0116143131793198	D:-0.0956912141219044	D:-2.73578758995455	D:0.00648437146593234	D:0.0415038004637353	D:0.92536182769661	D:0.397186919703306	D:0.961255126201953	D:0.00287887915041229	D:-0.0616712802212786	D:0.0617384381831461	D:11.8218209325689	N:	N:	N:	N:	N:	N:	N:	N:
S:RSF1	D:-0.0259945390615531	D:0.0191414744616619	D:0.235519217525235	D:-0.0606798948273532	D:-3.54994289586119	D:0.000429093236749594	D:0.00484659795611913	D:-0.0579804360980945	D:-3.33725303386156	D:0.000920715320933101	D:0.012173002764786	D:2.26536609049309	D:0.105046827162968	D:0.87220229631552	D:-0.00167547934056182	D:-0.0478631806007808	D:0.0478924972020003	D:12.1336569652514	N:	N:	N:	N:	N:	N:	N:	N:
S:HACE1	D:-0.0206312673081509	D:0.0191761772327498	D:0.235661940436568	D:-0.12896218649605	D:-3.53836115833636	D:0.000447784681080603	D:0.00500009168742632	D:-0.121314908530107	D:-3.28899031753123	D:0.00108933224473694	D:0.0134571151477594	D:1.67015754922181	D:0.189453139774155	D:0.921744746511297	D:-0.044725912267569	D:-0.0761501652224964	D:0.0883133902167716	D:14.0284899902106	N:	N:	N:	N:	N:	N:	N:	N:
S:ZNF529	D:-0.0382420306878302	D:0.0193279548354178	D:0.236197469441697	D:-0.0963882711963187	D:-3.38516515264784	D:0.00077859066904528	D:0.00732167481415487	D:-0.0887770272453722	D:-3.10222239316252	D:0.00204912181739143	D:0.0198423634458107	D:2.11717583481815	D:0.12164178658185	D:0.888724539846668	D:-0.0423666991648093	D:-0.0647481264268865	D:0.0773773679696688	D:14.2131975366187	N:	N:	N:	N:	N:	N:	N:	N:
S:SNRK	D:-0.0310696987290136	D:0.019502609596575	D:0.237485965898956	D:-0.0937860731710415	D:-4.59315277019737	D:0.00000578699649282668	D:0.00025526794236191	D:-0.100482112248182	D:-4.87959905589082	D:0.0000015071699259649	D:0.000280491500221716	D:0.880384311018437	D:0.415380011850202	D:0.96415212136371	D:-0.0273135408640529	D:-0.024422623488696	D:0.036640060761452	D:15.2132168032584	N:	N:	N:	N:	N:	N:	N:	N:
S:MED23	D:-0.0463153342612082	D:0.0195190406671207	D:0.237500476497771	D:-0.0657558748390675	D:-3.36149461594341	D:0.000846542050407462	D:0.00773003654533281	D:-0.0675103876002104	D:-3.44605882732655	D:0.000625570965973153	D:0.00958015850006377	D:1.26894868850606	D:0.282192348555353	D:0.946954734546031	D:-0.015837847437131	D:-0.0373993022490999	D:0.0406145936845534	D:13.5301116139028	N:	N:	N:	N:	N:	N:	N:	N:
S:ZNF330	D:-0.0346289557781442	D:0.019941311188256	D:0.239897411751821	D:-0.0623787312408022	D:-3.05029561262428	D:0.00243171223954594	D:0.016080571530615	D:-0.0566129127690112	D:-2.67151785048126	D:0.00784166864109235	D:0.0470331635713891	D:2.22310264981006	D:0.109533121597517	D:0.877133290038336	D:-0.00806803957026989	D:-0.0572562634874006	D:0.057821907362574	D:12.5347199488642	N:	N:	N:	N:	N:	N:	N:	N:
S:TMEM5	D:-0.0219765519139024	D:0.0201304691626361	D:0.241340805124215	D:-0.0960455770410707	D:-4.5836498845376	D:0.00000604321566561637	D:0.000264243646787614	D:-0.0729539026432292	D:-3.15554463332635	D:0.00171616497422663	D:0.0177654214102647	D:2.06214196070789	D:0.128454826561161	D:0.890973605600524	D:0.0217742510220609	D:-0.0579461959174897	D:0.0619021779009416	D:10.6270301002696	N:	N:	N:	N:	N:	N:	N:	N:
S:TEK	D:-0.0322372313303493	D:0.0203221767096489	D:0.242908758872077	D:-0.270873931486968	D:-3.84957832387547	D:0.000136833904264189	D:0.00220463180727239	D:-0.285198342134163	D:-4.01690805141547	D:0.000069753665094838	D:0.00256012547691448	D:0.0977555882886346	D:0.906890957950688	D:0.993153374165297	D:0.0397416893644426	D:0.0171771250524052	D:0.043294982372162	D:4.44167117757656	N:	N:	N:	N:	N:	N:	N:	N:
S:REEP3	D:-0.0261166453149321	D:0.0205187124420287	D:0.244316239017501	D:-0.0691172907182629	D:-2.96651330763986	D:0.00318481066091055	D:0.0194249943166746	D:-0.0673831812555673	D:-2.87629109907695	D:0.00422675299735497	D:0.0314909710214553	D:0.610880077075016	D:0.543349943350444	D:0.977053493311748	D:-0.0310370362315103	D:-0.0170767388277408	D:0.0354247459698295	D:16.0786786891329	N:	N:	N:	N:	N:	N:	N:	N:
S:BMI1	D:-0.0471109424361308	D:0.0205649355432489	D:0.244657864881533	D:-0.075523748460259	D:-3.00012574445453	D:0.0028601744582978	D:0.0180525416956064	D:-0.0701338433165621	D:-2.76068112692844	D:0.00601838261941892	D:0.039438368466152	D:1.21146015941268	D:0.298790640042721	D:0.953382074134607	D:-0.00562408745012034	D:-0.0508631086088417	D:0.0511731001308445	D:12.4206490330958	N:	N:	N:	N:	N:	N:	N:	N:
S:SMARCAD1	D:-0.040088444563028	D:0.0207878204735191	D:0.245503003327001	D:-0.0781694085926758	D:-2.96456136184551	D:0.00320466052376198	D:0.0195084957304776	D:-0.0746560255804773	D:-2.80920111819224	D:0.00519615140508806	D:0.0357780107846462	D:0.808750498558156	D:0.446100108131541	D:0.967692421145506	D:-0.00647126729079511	D:-0.0432557408030755	D:0.0437371285382542	D:12.5672413590212	N:	N:	N:	N:	N:	N:	N:	N:
S:PHF3	D:-0.0277025976422269	D:0.0210751956032169	D:0.246981586975299	D:-0.097761231648512	D:-4.05912220409018	D:0.0000588046885756158	D:0.00120073398062289	D:-0.1006119549198	D:-4.18831181068205	D:0.0000342039135803194	D:0.00173604850720265	D:1.21029282792077	D:0.299137648416517	D:0.953382074134607	D:-0.0126656131526398	D:-0.0467433493581993	D:0.0484289011413123	D:13.0107246363967	N:	N:	N:	N:	N:	N:	N:	N:
S:ADAM28	D:-0.0508884946168857	D:0.0212966713377485	D:0.248802886997305	D:-0.108634048560553	D:-4.68876761575455	D:0.0000037269665349012	D:0.000192668394334668	D:-0.0925052308100746	D:-3.79225216576287	D:0.000170958581592881	D:0.00429898431802383	D:0.208134217817754	D:0.812180946528381	D:0.990538766746216	D:0.0183765738106251	D:-0.0118756412620914	D:0.0218798839211555	D:8.19147215957568	N:	N:	N:	N:	N:	N:	N:	N:
S:ZCCHC7	D:-0.0338236810111423	D:0.0216880073458346	D:0.250238866515084	D:-0.0823215850169755	D:-4.4536168660657	D:0.0000108512479853334	D:0.000379327794063328	D:-0.0630397754592027	D:-3.00889036231674	D:0.00277836132869583	D:0.0241083298064145	D:1.23886333743968	D:0.290759769596726	D:0.949257747953524	D:-0.00618886052199193	D:-0.0422243322548656	D:0.0426754757317356	D:12.5559015250416	N:	N:	N:	N:	N:	N:	N:	N:
S:ZSCAN18	D:-0.0557012792982343	D:0.0216975298089038	D:0.250238866515084	D:-0.0926797369785522	D:-3.98626903198341	D:0.0000792061199810755	D:0.00150080019677343	D:-0.0692826239538524	D:-2.836681939347	D:0.00477699457095325	D:0.0339691597201592	D:0.780646307199993	D:0.45876707837669	D:0.967692421145506	D:-0.0412119546057245	D:0.0124861379291801	D:0.0430619187079582	D:19.1236951868949	N:	N:	N:	N:	N:	N:	N:	N:
S:ADNP	D:-0.0273724546630862	D:0.0220635777937278	D:0.251652822322412	D:-0.0638682569499354	D:-4.51608025809717	D:0.00000820578938922182	D:0.000318455596418947	D:-0.0645676756256193	D:-4.58849301197715	D:0.00000588840788085262	D:0.000642823343015313	D:3.34741373720118	D:0.0361071861961804	D:0.789569141341112	D:0.00102404075037156	D:-0.0471968980027399	D:0.0472080061063741	D:11.917135785108	N:	N:	N:	N:	N:	N:	N:	N:
S:NUP107	D:-0.0374211197642234	D:0.0221364480346447	D:0.251899335339301	D:-0.139642646123392	D:-5.0995841292049	D:0.000000517141377686407	D:0.0000580334787803071	D:-0.127094408927029	D:-4.48004806037257	D:0.00000961070285671351	D:0.000865890752881792	D:3.74594481000187	D:0.0243984057412298	D:0.743789776270472	D:-0.00668960455834165	D:-0.100294978996933	D:0.100517827379735	D:12.2543957412784	N:	N:	N:	N:	N:	N:	N:	N:
S:ABI2	D:-0.031999211808659	D:0.0226516031415795	D:0.25421448800309	D:-0.0738723482884031	D:-4.43035456218641	D:0.0000120314506907321	D:0.000407463739943842	D:-0.0597080966385153	D:-3.45926515205576	D:0.000596489788916843	D:0.00936556740568104	D:0.522275600772754	D:0.593550265338135	D:0.984208797062414	D:0.0133422921907518	D:-0.0195975087182521	D:0.0237082076265871	D:9.71682335342097	N:	N:	N:	N:	N:	N:	N:	N:
S:AKD1	D:-0.0167021953786159	D:0.0226743386915849	D:0.25421448800309	D:-0.106828882148728	D:-3.87407949890314	D:0.000124205196857715	D:0.00207006455561795	D:-0.0914389773880771	D:-3.27976258422712	D:0.00112467024310639	D:0.0137216841230017	D:1.23276425603447	D:0.29252821657543	D:0.951115631254585	D:-0.0537239453696001	D:-0.0269126880854297	D:0.060087894671551	D:16.2261130262792	N:	N:	N:	N:	N:	N:	N:	N:
S:SNTG2	D:-0.00551711220349873	D:0.0227539410679967	D:0.254534066215546	D:-0.211046858882929	D:-3.68744937534965	D:0.000256384937327414	D:0.00340585864059482	D:-0.187695801006971	D:-3.25085194315358	D:0.00124238873930661	D:0.0145723399488539	D:0.0124253191759237	D:0.987651915957602	D:0.998940164677581	D:-0.011627295171955	D:0.00528446008853431	D:0.0127718249065308	D:19.6294134556158	N:	N:	N:	N:	N:	N:	N:	N:
S:LYPLA1	D:-0.0279113091626985	D:0.0228267362216995	D:0.254837683179054	D:-0.0546124967539587	D:-3.43771152753846	D:0.000645493748221299	D:0.0064552678270176	D:-0.0477059430964041	D:-2.99924056056962	D:0.00286597632737334	D:0.0246063459636215	D:1.07774544398679	D:0.341292487614703	D:0.95707960515839	D:-0.032973627959496	D:-0.0000181978666601128	D:0.03297363298112	D:17.9978919297745	N:	N:	N:	N:	N:	N:	N:	N:
S:REV3L	D:-0.0300367421542751	D:0.0229461750651396	D:0.25525219054127	D:-0.0841186531706131	D:-4.15337519432357	D:0.0000397369422803547	D:0.000912455451351834	D:-0.084867058843139	D:-4.19051194383665	D:0.0000338870280887258	D:0.00172444379135883	D:1.62630262510996	D:0.19787951463954	D:0.923154707902481	D:0.0398828759427061	D:-0.0308911826415616	D:0.050447090683761	D:8.51729892188779	N:	N:	N:	N:	N:	N:	N:	N:
S:CACNB4	D:-0.0356809727568994	D:0.0233496109676726	D:0.257338554761295	D:-0.268031074781847	D:-6.40071912490556	D:0.000000000415791733252421	D:0.00000046572204842845	D:-0.261756316989878	D:-6.2556072755646	D:0.000000000968627556309618	D:0.00000270399301112089	D:0.0540251224350737	D:0.947414825138492	D:0.996760838460121	D:0.0120723974590322	D:0.0137021305876876	D:0.0182617404168083	D:2.75879885544979	N:	N:	N:	N:	N:	N:	N:	N:
S:INADL	D:-0.0324737936337907	D:0.0239077850259615	D:0.260345797922195	D:-0.12034197127994	D:-5.47108046608947	D:0.0000000771969458834147	D:0.0000167611724389756	D:-0.0991449216861961	D:-4.05467071709308	D:0.0000597453829253518	D:0.00234906343610523	D:5.06859414751098	D:0.00667786920390427	D:0.662881684141537	D:-0.00268352458323974	D:-0.100802682600795	D:0.100838396078604	D:12.1016628539116	N:	N:	N:	N:	N:	N:	N:	N:
S:PEX12	D:-0.0318058709066562	D:0.0243477786428451	D:0.2629823923846	D:-0.125196208634931	D:-4.18951522779225	D:0.0000341246801351425	D:0.000823416897736846	D:-0.119116175782822	D:-3.9643151397539	D:0.0000863722006651114	D:0.00291502447875119	D:0.995072393952013	D:0.370558277825766	D:0.959270072771647	D:-0.00563240596775296	D:-0.0545655801076982	D:0.0548555059175941	D:12.3928901708667	N:	N:	N:	N:	N:	N:	N:	N:
S:KIAA0528	D:-0.036385125730517	D:0.0250071494932697	D:0.266800283775672	D:-0.0748731358116851	D:-4.47936317958025	D:0.00000967446477156837	D:0.000349532252243623	D:-0.065093873174576	D:-3.6371131174795	D:0.000309645542503062	D:0.00625162769901861	D:1.19516462812439	D:0.303671551480308	D:0.955635606725854	D:0.0174583664299981	D:-0.0324619411075565	D:0.0368588141273502	D:10.1152118799673	N:	N:	N:	N:	N:	N:	N:	N:
S:NEMF	D:-0.0359895017437495	D:0.0250901771044696	D:0.267277420986926	D:-0.0671742840630883	D:-3.19315526856781	D:0.00151371618798756	D:0.0115660181669319	D:-0.0631415053696901	D:-2.96883692104459	D:0.00315883773244598	D:0.0262109758512641	D:2.08734076388962	D:0.125288953139035	D:0.888724539846668	D:0.026822109054178	D:-0.0512365417515492	D:0.0578325924092329	D:10.1578757424097	N:	N:	N:	N:	N:	N:	N:	N:
S:MAN1C1	D:-0.0438998890157244	D:0.0253769840933033	D:0.269375495383083	D:-0.0977463787325243	D:-3.74329977135524	D:0.000207037554220077	D:0.00291899051011149	D:-0.0825074018187114	D:-3.03819185398725	D:0.00252714761116362	D:0.0227571389261513	D:0.99366582599407	D:0.371077423425376	D:0.959270072771647	D:-0.0168659502544263	D:-0.0467701523742338	D:0.0497182806530338	D:13.321999360032	N:	N:	N:	N:	N:	N:	N:	N:
S:PGAP1	D:-0.0123760481793865	D:0.0253836457491046	D:0.269375495383083	D:-0.151372468085408	D:-4.00234011758346	D:0.000074198036309645	D:0.00143554834408591	D:-0.126025794869667	D:-3.25682309930794	D:0.00121717783395205	D:0.0144325679934813	D:0.108494624392644	D:0.897208615235624	D:0.992428805633076	D:0.0227664195886457	D:-0.0109517150246792	D:0.0252636086667771	D:7.7126490383189	N:	N:	N:	N:	N:	N:	N:	N:
S:ICK	D:-0.028248317900423	D:0.0254401670932382	D:0.269565324059332	D:-0.136443259898356	D:-4.90379492856549	D:0.00000134827281427192	D:0.000103319996328187	D:-0.126171161343114	D:-4.42522612393568	D:0.0000122660085585119	D:0.00096801191527764	D:3.17617174453653	D:0.0427401745606312	D:0.813813159090897	D:-0.0188675033406799	D:-0.0910919596470248	D:0.0930254147781442	D:12.7801312936509	N:	N:	N:	N:	N:	N:	N:	N:
S:PUS10	D:-0.0237329858695873	D:0.0255063033549583	D:0.269856302743323	D:-0.107137202337494	D:-3.16403911652214	D:0.00166964108743159	D:0.012374529536259	D:-0.0984292552411468	D:-2.90273058649212	D:0.00389225779984588	D:0.0299915653260207	D:0.735367514796307	D:0.479939528688982	D:0.970523676882302	D:-0.0446834665797606	D:-0.0330740209595651	D:0.0555922930631426	D:15.5661146171771	N:	N:	N:	N:	N:	N:	N:	N:
S:PPP2CB	D:-0.0239355148066824	D:0.0256876602884907	D:0.270568740657711	D:-0.0682374616261845	D:-3.48425496551004	D:0.00054565278820572	D:0.00575113329791152	D:-0.0610855043233521	D:-3.09798293548562	D:0.00207799573094954	D:0.020033241274607	D:1.73578992249656	D:0.177510952813864	D:0.914741780794853	D:-0.0311885803475517	D:-0.0373715086795896	D:0.0486760434411459	D:14.6564570954042	N:	N:	N:	N:	N:	N:	N:	N:
S:HSPA8	D:-0.0429167553629562	D:0.0258530547348768	D:0.271083823450746	D:-0.0698990978284057	D:-3.37813656124655	D:0.000798217822549922	D:0.00743032651801194	D:-0.0644287981719417	D:-3.07133993657259	D:0.00226819519012067	D:0.0211868079398414	D:2.28436718241181	D:0.103090458735083	D:0.870946539528028	D:-0.00688536140040817	D:-0.0576127598652215	D:0.058022739515658	D:12.4543436471938	N:	N:	N:	N:	N:	N:	N:	N:
S:SWAP70	D:-0.049262567694713	D:0.0260244043859959	D:0.27151576408589	D:-0.127478843066211	D:-5.01956883844079	D:0.000000767896323842335	D:0.0000724663282398855	D:-0.106555876360613	D:-3.94273896757251	D:0.0000942223837182232	D:0.00302828881618059	D:3.94348479906653	D:0.0200955055264254	D:0.730351563745367	D:0.0243113114534326	D:-0.0963257015176859	D:0.0993462663488674	D:11.0556755489333	N:	N:	N:	N:	N:	N:	N:	N:
S:SYNCRIP	D:-0.0340819598506641	D:0.026035991759689	D:0.27151576408589	D:-0.0678637092080733	D:-3.36666618822137	D:0.00083124093865885	D:0.00763670859536087	D:-0.0605823036723495	D:-2.86758391149795	D:0.00434251041686613	D:0.0320379526089472	D:6.67292307732796	D:0.00140170598056326	D:0.540621307029361	D:0.00533916176749243	D:-0.100015177143314	D:0.100157587368046	D:11.7962833611353	N:	N:	N:	N:	N:	N:	N:	N:
S:WDR35	D:-0.028771342009803	D:0.0262278056463446	D:0.272024546855993	D:-0.1465031343414	D:-3.81189157639401	D:0.000158652838711636	D:0.00242774872456075	D:-0.117126663165794	D:-2.97206323948655	D:0.00312651050989	D:0.0260978820477406	D:1.15452009463264	D:0.316197572175367	D:0.956911684216668	D:-0.078464258338018	D:0.0306852636191653	D:0.084250965809971	D:19.4239422016797	N:	N:	N:	N:	N:	N:	N:	N:
S:TRAF5	D:-0.0527470678756468	D:0.0262462698881936	D:0.272095935228985	D:-0.114566604662849	D:-4.08000683331745	D:0.0000539479016207633	D:0.0011274822947287	D:-0.0998615954468084	D:-3.4494325261376	D:0.000618018514042578	D:0.00952546373291961	D:1.24348534675367	D:0.289426761796451	D:0.948286990928089	D:0.00134669503415308	D:-0.0591815408655804	D:0.0591968611223549	D:11.9130960692254	N:	N:	N:	N:	N:	N:	N:	N:
S:MTDH	D:-0.0299312424222	D:0.0266207164069572	D:0.273659003653104	D:-0.079307118605502	D:-4.85401880912064	D:0.00000171177241114871	D:0.000118404796945695	D:-0.0677907438819417	D:-3.84717388748065	D:0.000137857325887427	D:0.00373112189081191	D:2.93181772355346	D:0.0543814748651292	D:0.83656058396868	D:-0.00991298412149704	D:-0.0543266719865303	D:0.0552236773795906	D:12.6893993246343	N:	N:	N:	N:	N:	N:	N:	N:
S:C5ORF44	D:-0.025347258028735	D:0.0267525389181933	D:0.274508588678962	D:-0.115444082698587	D:-3.0783053303903	D:0.00221897364816785	D:0.0150297969008139	D:-0.109896673054465	D:-2.93012088812554	D:0.0035713411359178	D:0.0284291879098307	D:1.73354645356679	D:0.177906401080957	D:0.914741780794853	D:-0.0938257650764818	D:-0.0258788903523737	D:0.0973292923947222	D:16.9720102418528	N:	N:	N:	N:	N:	N:	N:	N:
S:DDHD2	D:-0.0371319853085023	D:0.0268980353757747	D:0.27529305732962	D:-0.0920106232999576	D:-4.39698356255152	D:0.0000139412343682102	D:0.00044806852103486	D:-0.080013873172552	D:-3.67360173297111	D:0.000269768868701873	D:0.0057549710298071	D:2.03037393797638	D:0.132560831495256	D:0.892106772592489	D:-0.0148074732432312	D:-0.0549105798195172	D:0.0568720761003551	D:13.0061130079241	N:	N:	N:	N:	N:	N:	N:	N:
S:OXCT1	D:-0.0456882841624792	D:0.026974762530344	D:0.275643432087904	D:-0.108571229535772	D:-2.94166295040994	D:0.00344611996954036	D:0.020518168898473	D:-0.103867296820836	D:-2.78233276713011	D:0.00563793357021589	D:0.037626659800406	D:1.844883716815	D:0.159310005853262	D:0.902380977219134	D:-0.0108904937341652	D:-0.092152508943015	D:0.0927937915933299	D:12.4493265540933	N:	N:	N:	N:	N:	N:	N:	N:
S:PKN2	D:-0.0520964992475751	D:0.0269981414732136	D:0.275643432087904	D:-0.0464897735419081	D:-3.11492997725282	D:0.00196661349447419	D:0.0138514774398585	D:-0.0506648953678937	D:-3.36885004087075	D:0.000823831206094047	D:0.0113369616889322	D:0.877494044038643	D:0.416577336795248	D:0.96541007332969	D:-0.0143420150163013	D:0.0225264226929352	D:0.0267045523098328	D:21.8344068646222	N:	N:	N:	N:	N:	N:	N:	N:
S:KIAA1407	D:-0.0361758705285195	D:0.027393001988808	D:0.277107171260468	D:-0.108009835066652	D:-4.87506067381366	D:0.00000154784844610228	D:0.00011161072503795	D:-0.0885199919219787	D:-3.67860033615038	D:0.000264698394694103	D:0.00568403442935986	D:1.43529859240221	D:0.239198362904746	D:0.932707338252518	D:0.00871427279358742	D:-0.0524166253464777	D:0.053136062735529	D:11.3707265324623	N:	N:	N:	N:	N:	N:	N:	N:
S:EPM2A	D:-0.0274788314971373	D:0.027494526593169	D:0.277722052327873	D:-0.108498759712614	D:-3.63515289828774	D:0.000312450384015705	D:0.00391139986803793	D:-0.104028332126415	D:-3.46365578496605	D:0.000587104452037679	D:0.0092699987900949	D:1.0251352326875	D:0.35963529087228	D:0.959270072771647	D:-0.0404855505110311	D:-0.0406652680541303	D:0.0573824348219516	D:14.9915408206825	N:	N:	N:	N:	N:	N:	N:	N:
S:COG3	D:-0.0330784425475844	D:0.0284895813928754	D:0.283676138663986	D:-0.0608186988405192	D:-5.4512122916742	D:0.000000085697377984883	D:0.0000178860733874472	D:-0.0607462122027784	D:-5.41716652263821	D:0.00000010169047161676	D:0.0000602161668443367	D:0.346377452579202	D:0.707445406142784	D:0.987553110889477	D:-0.00119516077499053	D:-0.0120194506884517	D:0.0120787252692574	D:12.3785714236072	N:	N:	N:	N:	N:	N:	N:	N:
S:EML4	D:-0.046366686978617	D:0.0286998967425096	D:0.284265655482805	D:-0.114590334167388	D:-5.12249585107563	D:0.000000461357366178951	D:0.0000539843370808555	D:-0.0997616836286856	D:-4.11001225042054	D:0.0000475102511936474	D:0.00209835737393119	D:3.11822925774613	D:0.0452514310941596	D:0.821701589300434	D:0.00278936726853723	D:-0.0785732098392328	D:0.0786227058437885	D:11.8644560193148	N:	N:	N:	N:	N:	N:	N:	N:
S:BCLAF1	D:-0.0323409026576809	D:0.028702259780598	D:0.284265655482805	D:-0.0546597038600685	D:-2.77006080116637	D:0.00585440704743257	D:0.0296759969167004	D:-0.0560501861103351	D:-2.82957167818589	D:0.00488239423920967	D:0.0344180612656552	D:1.39112071594739	D:0.249929413972557	D:0.935775109490343	D:-0.00983108284628489	D:-0.0416436787366431	D:0.0427883882455422	D:12.8855315786237	N:	N:	N:	N:	N:	N:	N:	N:
S:ENPP2	D:-0.0230652248916073	D:0.0287117478611977	D:0.284265655482805	D:-0.194675120912058	D:-4.43704236503208	D:0.0000116801145849624	D:0.000398326560392235	D:-0.189814196059185	D:-4.31872946681181	D:0.0000195623107220423	D:0.00121354639307755	D:0.320007102537252	D:0.726319089240859	D:0.988887668865741	D:0.0467544048395932	D:-0.0163820568052426	D:0.0495413580463311	D:7.28731409504317	N:	N:	N:	N:	N:	N:	N:	N:
S:GPR171	D:-0.0534863341935952	D:0.0289316466915714	D:0.285834428021861	D:-0.120815045875207	D:-5.01113753428548	D:0.000000800321579560797	D:0.0000737692640858374	D:-0.103065559128934	D:-4.05756284393846	D:0.0000590379642659851	D:0.00233585019199981	D:0.948016285864736	D:0.38832871687024	D:0.960227634080898	D:-0.0308337603071331	D:-0.0347418927873221	D:0.0464512635901708	D:14.772623993616	N:	N:	N:	N:	N:	N:	N:	N:
S:SGK1	D:-0.0524583511473486	D:0.0293413117990266	D:0.287945152008028	D:-0.0698561185256254	D:-2.71075175407242	D:0.00698961565982574	D:0.033757805143019	D:-0.0775765858969593	D:-2.94110657962304	D:0.00344955908892469	D:0.0278085124408736	D:0.84125841015289	D:0.431885919554531	D:0.966078042387016	D:-0.00672449933224241	D:0.0440533755193422	D:0.0445636487051667	D:23.4214076974389	N:	N:	N:	N:	N:	N:	N:	N:
S:RIPK4	D:-0.00791727063126803	D:0.0294642730111129	D:0.288441900996198	D:-0.120894295211367	D:-3.77636568786568	D:0.000182195766382434	D:0.00269107140656019	D:-0.125721316868663	D:-3.93629884830441	D:0.0000966935804108538	D:0.00307234025172112	D:0.104163545866873	D:0.901100967095205	D:0.992612422987167	D:-0.0184376729902473	D:0.00881067492444638	D:0.0204346709765428	D:19.7027594965863	N:	N:	N:	N:	N:	N:	N:	N:
S:CEP76	D:-0.0243358702327875	D:0.0299981282926424	D:0.292029215433432	D:-0.0603998306364425	D:-3.20488809723192	D:0.00145477860019838	D:0.0112719383927346	D:-0.0502712296644827	D:-2.65316460618059	D:0.00827358824777535	D:0.0487410877147357	D:0.0771545896949366	D:0.925759724771719	D:0.994456543946364	D:0.00183570141524746	D:0.00945746044112272	D:0.00963396894749733	D:0.732304806856823	N:	N:	N:	N:	N:	N:	N:	N:
S:LRRC16A	D:-0.023611727559432	D:0.0300536517836507	D:0.292298639260039	D:-0.239316405946791	D:-3.29887287026354	D:0.00105384584709044	D:0.00901030261515206	D:-0.232943387404314	D:-3.19939768830858	D:0.00148056064295334	D:0.016208199173082	D:2.37484273373633	D:0.0942654385752072	D:0.867885582684249	D:-0.148095354370936	D:-0.151116645665158	D:0.211585619982413	D:14.9614317258053	N:	N:	N:	N:	N:	N:	N:	N:
S:UBTD2	D:-0.0211162790428838	D:0.0301506647823716	D:0.292559529854706	D:-0.105433693755561	D:-4.52099638000638	D:0.00000802619236720967	D:0.000313679650095288	D:-0.083813164384697	D:-3.45774468040146	D:0.000599772459178706	D:0.00936616551560366	D:0.0222021625902377	D:0.97804362835082	D:0.997583949293593	D:0.00670989465765392	D:-0.00257768876378056	D:0.00718798759596406	D:7.40099297198607	N:	N:	N:	N:	N:	N:	N:	N:
S:THAP6	D:-0.0220302019347303	D:0.0302623730486887	D:0.292694030556594	D:-0.0726502964421104	D:-3.85303676924592	D:0.000134980496145182	D:0.00218948902315863	D:-0.0673572740230179	D:-3.53953690498802	D:0.000445188831923306	D:0.00777594271277892	D:1.53175203755629	D:0.217350215158524	D:0.927826835934733	D:-0.0336919066686047	D:-0.0293917846330126	D:0.0447104191311082	D:15.2599703117005	N:	N:	N:	N:	N:	N:	N:	N:
S:IBTK	D:-0.0286529389822719	D:0.0303218374258828	D:0.292927528446847	D:-0.0759110113321857	D:-3.32062214496154	D:0.000977021032406859	D:0.00852700669685682	D:-0.0679308978186968	D:-2.89979439799681	D:0.00392817537509268	D:0.0301257751195786	D:3.02799957211766	D:0.0494605220488497	D:0.832973145363817	D:-0.00476794981599983	D:-0.0744769086783471	D:0.0746293727143056	D:12.2442019604288	N:	N:	N:	N:	N:	N:	N:	N:
S:TEX10	D:-0.0314613636956359	D:0.0305640579102919	D:0.293242645677637	D:-0.0752350953278897	D:-4.70984448139753	D:0.00000337904597214699	D:0.000181400926762979	D:-0.0578336200912383	D:-3.35637910019472	D:0.000860877107646034	D:0.0116579345533688	D:0.769672431084888	D:0.463810714969333	D:0.967692421145506	D:0.00960761847559744	D:-0.0264743120070379	D:0.0281637271861988	D:10.6702661402568	N:	N:	N:	N:	N:	N:	N:	N:
S:TRIM4	D:-0.0469657668916652	D:0.0306238379940604	D:0.293513502202688	D:-0.0905112141480752	D:-6.00919949129028	D:0.00000000406173676147352	D:0.00000221448449110823	D:-0.0693059482118654	D:-4.03361063720369	D:0.0000651449721001322	D:0.00246243115888424	D:1.89786389980934	D:0.151159471749454	D:0.896995820666894	D:0.0257677162516202	D:-0.0369339178300221	D:0.0450343145512268	D:9.67317623824916	N:	N:	N:	N:	N:	N:	N:	N:
S:KDELC1	D:-0.0153961507102725	D:0.0310413395487303	D:0.29508303365295	D:-0.28657854354739	D:-5.41947148116117	D:0.000000101197049064563	D:0.0000190143416901021	D:-0.287537379232696	D:-5.42291972943271	D:0.0000000986759011238637	D:0.0000602161668443367	D:2.72901874907941	D:0.06643013884761	D:0.847670464859297	D:-0.0315299306500373	D:-0.157216097234777	D:0.160346617540038	D:12.7560209884058	N:	N:	N:	N:	N:	N:	N:	N:
S:LARGE	D:-0.0199275964577559	D:0.0316980683615318	D:0.298122043369948	D:-0.102361192845733	D:-4.01063914968815	D:0.0000717310420516768	D:0.00139611184535041	D:-0.0923035945932773	D:-3.54703754181622	D:0.000433061106551682	D:0.00767220950419439	D:1.72118059771512	D:0.180102025197833	D:0.916523868817091	D:0.0363604925235735	D:-0.0537248659076431	D:0.0648725414435959	D:9.72734810082425	N:	N:	N:	N:	N:	N:	N:	N:
S:CNOT2	D:-0.0260814826513783	D:0.03211524520619	D:0.300434575873812	D:-0.0459720665123631	D:-4.47930609910545	D:0.00000967693303637481	D:0.000349532252243623	D:-0.0414392314185738	D:-3.86252334178411	D:0.000129750915662397	D:0.00360425972128184	D:6.96348781911026	D:0.00105778633406031	D:0.540621307029361	D:-0.00989792725849261	D:-0.050869275497759	D:0.0518232781062846	D:12.734052643862	N:	N:	N:	N:	N:	N:	N:	N:
S:UBE3A	D:-0.0300198683917015	D:0.0322100134655217	D:0.301049522619215	D:-0.0628677332489171	D:-3.13599877162314	D:0.00183369973075773	D:0.013208479196199	D:-0.0582176949851289	D:-2.85219697815387	D:0.00455414534653781	D:0.0330336132949872	D:1.95488241477977	D:0.142855020276448	D:0.893013200900893	D:0.0171730525614434	D:-0.0502476107353557	D:0.0531011875468895	D:10.7420790563303	N:	N:	N:	N:	N:	N:	N:	N:
S:NAA15	D:-0.0308382149796824	D:0.0322774385808153	D:0.301382826781463	D:-0.0863194696145064	D:-3.96609214943149	D:0.0000859484434753967	D:0.0015904531571522	D:-0.0776440045309544	D:-3.39037195823398	D:0.000763368683030782	D:0.0107965028156214	D:3.83638893944484	D:0.0223240042691798	D:0.732701345470532	D:-0.0488148369183095	D:-0.0678729635491283	D:0.0836039920356824	D:14.3816015353172	N:	N:	N:	N:	N:	N:	N:	N:
S:COIL	D:-0.0314016881190026	D:0.0322911553138523	D:0.301382826781463	D:-0.0812905523484259	D:-3.34081469878985	D:0.000910385627400536	D:0.00811580544937677	D:-0.0730292563408453	D:-2.89986739768032	D:0.00392727874071193	D:0.0301257751195786	D:4.44428387485376	D:0.0122976847162447	D:0.709441948440271	D:-0.0456487890016817	D:-0.0868299868169761	D:0.0980982086888252	D:13.8488050514151	N:	N:	N:	N:	N:	N:	N:	N:
S:MAN2A1	D:-0.0284321299081712	D:0.032297958971815	D:0.301382826781463	D:-0.0740037794724752	D:-3.71599638662533	D:0.000229922409412843	D:0.00313532016911121	D:-0.0669400811643853	D:-3.29945932942966	D:0.00105048985761575	D:0.0132436272952707	D:0.575614213984915	D:0.562798148649915	D:0.9797224507603	D:0.0168175151151735	D:-0.0239820576410984	D:0.0292910891458487	D:9.66398569554698	N:	N:	N:	N:	N:	N:	N:	N:
S:DENND4C	D:-0.0334642421509513	D:0.0327407896878764	D:0.302861880756764	D:-0.051168475253382	D:-3.93959793505604	D:0.0000956310732892185	D:0.00171600257405382	D:-0.0511690651756389	D:-3.90003917894727	D:0.000111793668890926	D:0.00333964110192532	D:2.44462403644522	D:0.0879807042249607	D:0.860742263980279	D:0.0264308300877871	D:-0.0293042271369356	D:0.0394629764110943	D:9.19674977264552	N:	N:	N:	N:	N:	N:	N:	N:
S:RPL38	D:-0.0486902199040108	D:0.0328390821691967	D:0.303225458837016	D:-0.093864827405214	D:-4.24706422976211	D:0.0000267172111071803	D:0.000704651786110677	D:-0.0705939935169502	D:-3.01688842617088	D:0.002707611371299	D:0.023673742551525	D:1.23276111085013	D:0.292529131313323	D:0.951115631254585	D:0.051731109687924	D:-0.00490573415539726	D:0.0519631979110934	D:6.36114928929134	N:	N:	N:	N:	N:	N:	N:	N:
S:HERC4	D:-0.0230873123584283	D:0.0330415127966172	D:0.304114573073744	D:-0.0526275304920033	D:-3.58920320200878	D:0.000371030055745895	D:0.00437555722349458	D:-0.0476063491326778	D:-3.24098265870346	D:0.00128512126413747	D:0.0149172156880652	D:0.0680643099730179	D:0.934210597674784	D:0.994953634682961	D:-0.00765380477977598	D:0.000269510246927914	D:0.00765854838596197	D:18.1344466152662	N:	N:	N:	N:	N:	N:	N:	N:
S:TMEM27	D:-0.0136580858566106	D:0.0331841429488731	D:0.304679498673673	D:-0.207395420073806	D:-3.43243040202746	D:0.00065784161558657	D:0.00653195274907376	D:-0.219649043346683	D:-3.6059544045317	D:0.000348017296215705	D:0.00674201130265748	D:3.71290851326434	D:0.0252035035954748	D:0.747595467518561	D:0.0551749412735907	D:-0.210269820155365	D:0.217388296402344	D:11.0198013765112	N:	N:	N:	N:	N:	N:	N:	N:
S:RNGTT	D:-0.0367646400329512	D:0.0334868630476316	D:0.30613113254484	D:-0.106235020816555	D:-4.087667462899	D:0.0000522639623250051	D:0.00110529230280619	D:-0.106650062321057	D:-4.09754634379323	D:0.0000500381969780668	D:0.00216535517186674	D:1.40066122971932	D:0.247571746008187	D:0.933288553535957	D:-0.0204428583571697	D:-0.0528022000763302	D:0.0566213986997151	D:13.4109580766357	N:	N:	N:	N:	N:	N:	N:	N:
S:CD96	D:-0.0569540394619842	D:0.0340182685583105	D:0.308162893691154	D:-0.0870455341734382	D:-4.2425916116449	D:0.0000272329008137425	D:0.00071055022267197	D:-0.07132358435595	D:-3.25101186103711	D:0.00124170728798834	D:0.0145723399488539	D:2.20666607471124	D:0.111329427940771	D:0.879592677076754	D:-0.00720769491748497	D:-0.059203707093928	D:0.0596408400317028	D:12.4627504810768	N:	N:	N:	N:	N:	N:	N:	N:
S:TGS1	D:-0.0313622149445013	D:0.0341489539055367	D:0.308592959114122	D:-0.0981063356002854	D:-5.10681213620485	D:0.000000498873439715763	D:0.0000566772435202658	D:-0.0779122713885697	D:-3.70336195350479	D:0.000240876003084165	D:0.00529466589006487	D:2.93012950695311	D:0.054472106143468	D:0.83656058396868	D:0.0242311703877508	D:-0.062670941989268	D:0.0671922360707128	D:10.5907628550231	N:	N:	N:	N:	N:	N:	N:	N:
S:ABCD3	D:-0.0266436775295376	D:0.0341954746145893	D:0.308666137287577	D:-0.108891773791759	D:-4.01133981328409	D:0.0000715263642592431	D:0.00139351613558312	D:-0.0986448930634615	D:-3.54747119338712	D:0.000432369491124565	D:0.00766990463290793	D:0.340858210054749	D:0.711354411003082	D:0.987553110889477	D:-0.0122964378601479	D:-0.027263576584469	D:0.0299082763165262	D:13.6184240708993	N:	N:	N:	N:	N:	N:	N:	N:
S:CDC42SE2	D:-0.0326735521117531	D:0.0342392236456252	D:0.308961116052182	D:-0.0586264956349143	D:-3.61339839917224	D:0.000339008614691986	D:0.00410875190491982	D:-0.0570899064850406	D:-3.40358562176362	D:0.000728322969051477	D:0.0104519758135079	D:1.84665955902938	D:0.159029784853249	D:0.902323178228029	D:-0.00139687399539946	D:-0.0417243494182796	D:0.0417477255828112	D:12.1278311970352	N:	N:	N:	N:	N:	N:	N:	N:
S:PTBP2	D:-0.0438165427390908	D:0.0345739719967398	D:0.310333309905116	D:-0.111448285172832	D:-3.25104191340915	D:0.00124293780109937	D:0.0101454668217556	D:-0.11661877710831	D:-3.39579967867117	D:0.000748787124539421	D:0.0106647588925837	D:1.80376793613757	D:0.165938466974619	D:0.90727576473168	D:0.00385606000298396	D:-0.0845399858205277	D:0.0846278819378202	D:11.825894665861	N:	N:	N:	N:	N:	N:	N:	N:
S:PNPT1	D:-0.0420240319840396	D:0.0345768688561669	D:0.310333309905116	D:-0.0752258428166756	D:-3.72390550244731	D:0.000223059187732982	D:0.00308696854638116	D:-0.0689102196649508	D:-3.24907892932695	D:0.00124996726500609	D:0.014643651274271	D:6.84387809014511	D:0.00118769704935515	D:0.540621307029361	D:-0.0470890503764667	D:-0.0910272117103681	D:0.102485764558409	D:13.8235240047285	N:	N:	N:	N:	N:	N:	N:	N:
S:CDR2	D:-0.0558015942410209	D:0.034965258425541	D:0.311683284144634	D:-0.0735646752072392	D:-3.43831144792561	D:0.000644104833134969	D:0.00645189977663925	D:-0.0661655899290165	D:-3.02740362494843	D:0.00261710862538043	D:0.023211965656984	D:2.64621818431296	D:0.072089971154066	D:0.850339905642804	D:-0.0277172420394298	D:-0.059386715529087	D:0.0655364592238934	D:13.6679746621758	N:	N:	N:	N:	N:	N:	N:	N:
S:MCCC1	D:-0.0324731176914439	D:0.0350101431110669	D:0.311884166686842	D:-0.100192248974257	D:-4.13414015344403	D:0.0000430720204694609	D:0.000967384582963332	D:-0.0884296664974191	D:-3.55103122746238	D:0.000426730713520668	D:0.00760834386214175	D:0.611940567013263	D:0.542775686786596	D:0.976625444525122	D:-0.00227403299399389	D:-0.0355914628294548	D:0.03566403584002	D:12.2437206739262	N:	N:	N:	N:	N:	N:	N:	N:
S:TPD52	D:-0.0459101705699362	D:0.0353197762519834	D:0.312745861419053	D:-0.0800939147242118	D:-3.98456858646241	D:0.0000797543869844029	D:0.00150432478384383	D:-0.0625565314227542	D:-2.8695983275584	D:0.00431547627817337	D:0.0319482793509614	D:1.14715012050613	D:0.318523874745466	D:0.956911684216668	D:-0.0194199739339178	D:-0.0384821817579394	D:0.0431046830454085	D:13.7851816448739	N:	N:	N:	N:	N:	N:	N:	N:
S:SCAPER	D:-0.0235598877878493	D:0.0359215087885634	D:0.315571076578157	D:-0.138952678416001	D:-4.77003137685642	D:0.00000254912080089696	D:0.000152331405413846	D:-0.13927654331935	D:-4.79971894545449	D:0.00000220572619142998	D:0.000374800830493332	D:2.09599802143003	D:0.124219481345618	D:0.888724539846668	D:-0.0581398168605034	D:-0.0542520653829636	D:0.0795205942060938	D:15.1320753580975	N:	N:	N:	N:	N:	N:	N:	N:
S:ITPR1	D:-0.0310359855799301	D:0.0362511425026448	D:0.31676522569416	D:-0.11020069019876	D:-5.00806596420345	D:0.000000812460037348885	D:0.0000745365332856083	D:-0.0912436397532604	D:-3.93690524922072	D:0.0000964582992783415	D:0.00307234025172112	D:1.7392849019759	D:0.176896664037806	D:0.914741780794853	D:-0.0146527387930947	D:-0.0540616436544095	D:0.0560121778612028	D:13.0109981293616	N:	N:	N:	N:	N:	N:	N:	N:
S:KTN1	D:-0.0281609087401089	D:0.0363385104764693	D:0.31707488347141	D:-0.114668661093731	D:-3.4730534458003	D:0.000568267777120894	D:0.00590351974094598	D:-0.10773775932391	D:-3.19777333637647	D:0.0014887253948334	D:0.0162799520524431	D:1.60129160354935	D:0.202852764505029	D:0.92658001128401	D:-0.0200465345866447	D:-0.0755034651890758	D:0.0781193753462707	D:12.9912833523244	N:	N:	N:	N:	N:	N:	N:	N:
S:PUM1	D:-0.0327457177032553	D:0.0366021384193418	D:0.318390495873817	D:-0.048676236820491	D:-3.13090930824946	D:0.00186502558192319	D:0.0133203453568571	D:-0.0490628862924082	D:-3.16180965251681	D:0.00168050938169421	D:0.0175527453312269	D:3.94160750336214	D:0.020132576172042	D:0.730351563745367	D:0.00160788736299284	D:-0.0564767444452625	D:0.056499628006807	D:11.8912823527598	N:	N:	N:	N:	N:	N:	N:	N:
S:SMC2	D:-0.027870724009048	D:0.0372146889977941	D:0.321145142867794	D:-0.126436260802033	D:-3.54762043533128	D:0.000432781764266606	D:0.00486836709395618	D:-0.112471399926293	D:-3.08196164121675	D:0.00219052769943752	D:0.0207583015425984	D:0.636378663429563	D:0.52971004447454	D:0.975430279911244	D:-0.0369938474596965	D:-0.0403590793636277	D:0.0547485162990824	D:14.8339282158321	N:	N:	N:	N:	N:	N:	N:	N:
S:ZNF217	D:-0.039971020090137	D:0.0372587386427016	D:0.321145142867794	D:-0.0601144055491265	D:-3.13820839426044	D:0.00182025107132256	D:0.0131495475729073	D:-0.063580294605914	D:-3.3171201043058	D:0.000987866141463603	D:0.0127418430827328	D:0.0343117850401706	D:0.966272871575331	D:0.996760838460121	D:-0.00472013533545415	D:0.00495915087619267	D:0.00684637531821368	D:21.0943030916997	N:	N:	N:	N:	N:	N:	N:	N:
S:SHPRH	D:-0.0224305023235616	D:0.0375040935812367	D:0.321988182655871	D:-0.0820393423169469	D:-3.8237253412602	D:0.000151470552889625	D:0.00235285061527517	D:-0.071570196831624	D:-3.22792773653116	D:0.00134373992320604	D:0.0153054427731311	D:1.9648205104429	D:0.141455220072507	D:0.893013200900893	D:0.00862743970252464	D:-0.0565944222678956	D:0.0572482431840277	D:11.4221582793581	N:	N:	N:	N:	N:	N:	N:	N:
S:HNRNPH3	D:-0.0322197623023482	D:0.0375048330083697	D:0.321988182655871	D:-0.0727227346847837	D:-3.58345703330157	D:0.000379041233174386	D:0.00443523636973692	D:-0.0749865138230861	D:-3.70774518934639	D:0.000236875215481662	D:0.00524076332532071	D:0.695473306252502	D:0.499406382409324	D:0.971534152892322	D:-0.00676409118976727	D:-0.0301338800208368	D:0.0308837118030472	D:12.8434244351253	N:	N:	N:	N:	N:	N:	N:	N:
S:HEATR5B	D:-0.0372612970042164	D:0.0375963981748385	D:0.322140114954896	D:-0.0716594531905472	D:-3.54371528319303	D:0.000439050969693568	D:0.00492508323695867	D:-0.0701246761745474	D:-3.44672126116498	D:0.000624081258859728	D:0.00957234841395442	D:2.32389316702898	D:0.099137303813492	D:0.867938343868143	D:0.00261015833746897	D:-0.0568481062658616	D:0.056907996912221	D:11.8247422156133	N:	N:	N:	N:	N:	N:	N:	N:
S:RGS5	D:-0.00624784416751143	D:0.0377072466358614	D:0.322641586940789	D:-0.221339952914502	D:-4.76675355014886	D:0.00000258874690535337	D:0.000154024390935082	D:-0.216742566433881	D:-4.72593796109155	D:0.00000312111587527764	D:0.000465531616630546	D:5.98766677251374	D:0.00272666703305648	D:0.605349561568319	D:0.185458940868893	D:-0.119564890070624	D:0.220659877834218	D:8.18731793035542	N:	N:	N:	N:	N:	N:	N:	N:
S:IGLV6-57	D:-0.117456167688956	D:0.0377205122962305	D:0.322641586940789	D:-0.26582653808342	D:-3.13169399540266	D:0.00186016384686227	D:0.0133038573262054	D:-0.284700567190052	D:-3.35255522934069	D:0.00087254311313465	D:0.0117686782097738	D:0.75653472377644	D:0.469922185351442	D:0.967692421145506	D:-0.0624542450358936	D:-0.121282675068923	D:0.13641854710734	D:13.8164068582353	N:	N:	N:	N:	N:	N:	N:	N:
S:C2ORF69	D:-0.0241584726785405	D:0.0378466253959007	D:0.323061941292115	D:-0.0920785905530212	D:-3.34529984449365	D:0.000896170078389886	D:0.00802201534668656	D:-0.0855519200489447	D:-3.08107090952603	D:0.00219694565082624	D:0.0207694799045939	D:0.684924038810292	D:0.504685364593886	D:0.971534152892322	D:-0.00599528118566846	D:-0.041624327183477	D:0.0420538703328526	D:12.5464081134797	N:	N:	N:	N:	N:	N:	N:	N:
S:SPIN1	D:-0.0311042930361033	D:0.0382342373614567	D:0.324474677873359	D:-0.0756972455699573	D:-3.55401851129614	D:0.000422691461288592	D:0.00479512050818995	D:-0.0693278464023635	D:-3.21194770476059	D:0.00141886049285474	D:0.0158026152093514	D:1.3182556939803	D:0.268696083101133	D:0.940291934075794	D:-0.0231789052760275	D:-0.0396268778527675	D:0.0459080722548139	D:14.0216398739508	N:	N:	N:	N:	N:	N:	N:	N:
S:ARMC1	D:-0.0346223278460773	D:0.038261767888091	D:0.324474677873359	D:-0.0738572080346052	D:-4.08738737283297	D:0.0000523246405134602	D:0.00110537924353894	D:-0.0565659920457343	D:-2.80292619303664	D:0.00529642055505696	D:0.0362132099602408	D:6.46310377569064	D:0.00171807543515513	D:0.540621307029361	D:-0.0154297225037993	D:-0.0926204380580296	D:0.0938968683322588	D:12.6305399063671	N:	N:	N:	N:	N:	N:	N:	N:
S:SEPT7	D:-0.0327038622845917	D:0.0389606248712664	D:0.326121875478932	D:-0.0714342854758577	D:-4.43110436598547	D:0.0000119915624610875	D:0.000406817920229358	D:-0.0604878793552237	D:-3.6057988583365	D:0.000348219590846912	D:0.00674201130265748	D:1.66567881032486	D:0.190296901204108	D:0.921744746511297	D:0.0157307984197451	D:-0.0373030145554015	D:0.0404842304341228	D:10.4756462912577	N:	N:	N:	N:	N:	N:	N:	N:
S:LCOR	D:-0.0338249632537405	D:0.0392905602815232	D:0.32730688743674	D:-0.0755553305163673	D:-4.40577077379309	D:0.0000134119552959243	D:0.000438265917119827	D:-0.0702562191310766	D:-4.05246981598618	D:0.0000602891162784221	D:0.00236094112464257	D:0.113875603764486	D:0.892396237138683	D:0.9922979041502	D:-0.00029720838748412	D:0.0107249813567815	D:0.0107290986540762	D:23.8941758583156	N:	N:	N:	N:	N:	N:	N:	N:
S:PARP11	D:-0.0246024769860745	D:0.0394208551680347	D:0.327681986740289	D:-0.115735471340552	D:-4.97432924129969	D:0.000000958054765011289	D:0.0000821111761538842	D:-0.104310640346083	D:-4.3705720247258	D:0.0000156044785670836	D:0.0011084354128716	D:2.67075992154297	D:0.0703636729465829	D:0.850339905642804	D:-0.060579433042561	D:-0.043628565264747	D:0.0746546677363072	D:15.6159352636671	N:	N:	N:	N:	N:	N:	N:	N:
S:ASB7	D:-0.0210693726923611	D:0.0398153002123881	D:0.329136570237406	D:-0.054944598429256	D:-3.35728648065713	D:0.000859185665387164	D:0.00781626959372931	D:-0.054297135643511	D:-3.3048052644374	D:0.00103115500681888	D:0.013125305560043	D:0.0796316170008925	D:0.923470275862538	D:0.994016675191149	D:-0.00758137535951741	D:-0.00471468737325692	D:0.00892779532524385	D:15.8748963708519	N:	N:	N:	N:	N:	N:	N:	N:
S:ZNF304	D:-0.0417160084902646	D:0.0403614350771768	D:0.331017644793554	D:-0.11526596161363	D:-3.58702716176927	D:0.000374044968692856	D:0.00440048930356839	D:-0.11157313331283	D:-3.4435577086028	D:0.000631225563797977	D:0.00962902321793619	D:0.410005428369796	D:0.663909458332915	D:0.985706471962942	D:0.0261795046483368	D:-0.0300445129072644	D:0.0398502097794612	D:9.26216651448672	N:	N:	N:	N:	N:	N:	N:	N:
S:TMEM209	D:-0.0301353880471096	D:0.0407007499471037	D:0.331781880755489	D:-0.138089140985658	D:-5.00176164133557	D:0.000000837933851302122	D:0.0000761584436664873	D:-0.131491157436858	D:-4.68410243872568	D:0.00000379258846709836	D:0.000516140503555847	D:3.54834002773957	D:0.0296298068352232	D:0.768175321772294	D:-0.00962725912517742	D:-0.096298874817049	D:0.0967789099406114	D:12.3806029866993	N:	N:	N:	N:	N:	N:	N:	N:
S:CHD7	D:-0.0300280008145704	D:0.0408648214479045	D:0.332252732727993	D:-0.0614728104826669	D:-2.81937643859971	D:0.00504051097026574	D:0.0269194775854788	D:-0.0611256036407119	D:-2.79541250194329	D:0.0054187898459397	D:0.0367213574306262	D:0.789211757724908	D:0.454868683831148	D:0.967692421145506	D:-0.015006293645232	D:-0.032504452333603	D:0.0358012328066283	D:13.6520866528663	N:	N:	N:	N:	N:	N:	N:	N:
S:RPS6KA5	D:-0.0358537979972838	D:0.0410245716663108	D:0.332269613482942	D:-0.0973199119186735	D:-4.53523298778318	D:0.00000752712018742194	D:0.000302649085560519	D:-0.0916416146558372	D:-4.28415231529792	D:0.0000227172571514198	D:0.00131726386348929	D:0.636868730933053	D:0.529451291164806	D:0.975430279911244	D:-0.0126855670667302	D:0.0293163719937696	D:0.0319432822152262	D:22.4400833990013	N:	N:	N:	N:	N:	N:	N:	N:
S:CAPRIN1	D:-0.0204942637125595	D:0.0411177953955707	D:0.33264416523672	D:-0.0385317791815603	D:-3.08344987701827	D:0.00218181242975418	D:0.014870874325018	D:-0.0413305950346069	D:-3.28994264250416	D:0.00108574454876033	D:0.0134366904542911	D:0.116491412696618	D:0.890066213712905	D:0.991833180774689	D:-0.00461647077619545	D:-0.00651839999036051	D:0.00798757415375898	D:14.3537963342869	N:	N:	N:	N:	N:	N:	N:	N:
S:SACS	D:-0.0276458098707025	D:0.0412378649845594	D:0.33264416523672	D:-0.145251773950666	D:-3.04854528409628	D:0.00244560893033645	D:0.0161396974359016	D:-0.139836968644455	D:-2.89988470723401	D:0.0039270661597407	D:0.0301257751195786	D:0.534022263891925	D:0.586635943830711	D:0.982974873812032	D:-0.0516957674832505	D:-0.0427044447572969	D:0.0670531280233168	D:15.3627219369916	N:	N:	N:	N:	N:	N:	N:	N:
S:REST	D:-0.0250197807499244	D:0.0413017231933885	D:0.332966809453343	D:-0.0907640670459606	D:-4.52686226983035	D:0.00000781683048134286	D:0.000307961057330486	D:-0.0715487043792664	D:-3.31902750521639	D:0.00098131431238569	D:0.0126824490597413	D:2.71459659944975	D:0.0673828275062888	D:0.850050246804642	D:-0.00472557224511768	D:-0.0648460926419632	D:0.0650180495245274	D:12.2778657046388	N:	N:	N:	N:	N:	N:	N:	N:
S:CABYR	D:-0.0111136376105733	D:0.0413759468413084	D:0.333180229757911	D:-0.18097222762078	D:-3.77445234345097	D:0.000183552962587365	D:0.00270256050316075	D:-0.149021236491561	D:-2.98424569932106	D:0.00300715468667379	D:0.0253677546089538	D:1.16154039714982	D:0.313997517733661	D:0.956911684216668	D:-0.00429354794513093	D:-0.0984614806767809	D:0.0985550492416356	D:12.1664586169092	N:	N:	N:	N:	N:	N:	N:	N:
S:BBS2	D:-0.0422667944223499	D:0.0415670153005142	D:0.334044168453024	D:-0.0644914749226935	D:-3.88240553062115	D:0.000120170710091603	D:0.00202785478920554	D:-0.0531208893870836	D:-2.97139527230553	D:0.00313317848875318	D:0.0261051304216234	D:3.45831306257632	D:0.0323736363451025	D:0.777497218447519	D:0.0262828861495962	D:-0.056527094193587	D:0.0623386114885734	D:10.3375610925894	N:	N:	N:	N:	N:	N:	N:	N:
S:DIP2C	D:-0.0142405306148354	D:0.0416574721599419	D:0.334169807591945	D:-0.104965667635699	D:-3.1655720814392	D:0.00166107514594011	D:0.0123418514930859	D:-0.102139203203447	D:-3.05385463715672	D:0.00240158330791571	D:0.0219809552318412	D:0.69991804350144	D:0.497198826425791	D:0.971534152892322	D:-0.0466127109031443	D:-0.0272810559245391	D:0.054009266150337	D:15.9773873340676	N:	N:	N:	N:	N:	N:	N:	N:
S:ATP2C1	D:-0.0279393166405706	D:0.0416778450965919	D:0.334169807591945	D:-0.0897982396192602	D:-4.85845882653544	D:0.00000167584626623311	D:0.000117521862052514	D:-0.0852123207721483	D:-4.56216962264943	D:0.0000066378689462105	D:0.000689949984456912	D:1.28135276016018	D:0.278734303484629	D:0.945897998731199	D:-0.0169567188149029	D:-0.0351190414201096	D:0.0389984279585095	D:13.7181932241139	N:	N:	N:	N:	N:	N:	N:	N:
S:SLC25A17	D:-0.0273844368126205	D:0.0419174442543646	D:0.335123422841397	D:-0.0444775591338014	D:-2.78372058795214	D:0.00561782271569985	D:0.0289498612045071	D:-0.0464780519793808	D:-2.89710680753932	D:0.00396131644926874	D:0.0302504400683108	D:0.335200559845208	D:0.715383969075372	D:0.988037262416837	D:-0.00876867127567341	D:-0.0148105295588527	D:0.0172116641192671	D:14.0418621721722	N:	N:	N:	N:	N:	N:	N:	N:
S:SPICE1	D:-0.0173162474522184	D:0.0421547275327064	D:0.336165591385354	D:-0.0661731248359904	D:-3.20888736984489	D:0.00143517906248489	D:0.0111821507416337	D:-0.0651487451672751	D:-3.15729448990642	D:0.00170613652220523	D:0.0177076899943354	D:2.87538750930098	D:0.0574946209134908	D:0.83656058396868	D:-0.00100105719251948	D:-0.0640975523216407	D:0.0641053689571175	D:12.0596504208229	N:	N:	N:	N:	N:	N:	N:	N:
S:RIMKLB	D:-0.0371339450893945	D:0.0427909114393187	D:0.337982616616268	D:-0.122554181142546	D:-3.35571402575188	D:0.000863955147034336	D:0.00783518682043286	D:-0.103179400375708	D:-2.74357763144904	D:0.00633516042145949	D:0.0408700461524397	D:1.19218321303435	D:0.304573189528052	D:0.955635606725854	D:-0.0757907566711205	D:-0.0271186338237183	D:0.0804963297128876	D:16.6874880501808	N:	N:	N:	N:	N:	N:	N:	N:
S:SEL1L	D:-0.0230226643931242	D:0.0438239615844774	D:0.340419362043631	D:-0.0787658298829153	D:-3.25123219556388	D:0.00124212689034412	D:0.010143084648648	D:-0.0845978319979661	D:-3.49669657290013	D:0.000520778746931479	D:0.0086023014736954	D:0.706323997109945	D:0.494034434304965	D:0.971534152892322	D:-0.0405768113274869	D:-0.000717696602838018	D:0.0405831579096574	D:17.9324463116735	N:	N:	N:	N:	N:	N:	N:	N:
S:ZNF484	D:-0.0235914084264174	D:0.0438539648073075	D:0.340421100863859	D:-0.125896498106137	D:-3.18543289447494	D:0.0015537044053628	D:0.0118113525662892	D:-0.112250978198312	D:-2.8163376803763	D:0.00508420811634776	D:0.0352932542811906	D:0.893650471194703	D:0.409928560946969	D:0.96415212136371	D:-0.0626646885219036	D:-0.0368778571351724	D:0.0727106562646039	D:15.9682267088062	N:	N:	N:	N:	N:	N:	N:	N:
S:PRUNE	D:-0.0219430180912979	D:0.0439383101555856	D:0.340738604179604	D:-0.0989636377875077	D:-3.2479109680208	D:0.00125635135631723	D:0.0102165467556368	D:-0.0991177407889932	D:-3.26676657232618	D:0.00117624523617032	D:0.0140862553597716	D:0.995651288005699	D:0.370344827723075	D:0.959270072771647	D:-0.0511452947147503	D:0.0307197985615133	D:0.0596619409265121	D:20.0660413364827	N:	N:	N:	N:	N:	N:	N:	N:
S:PIK3R4	D:-0.0267368186524452	D:0.0447784833467448	D:0.344192560314488	D:-0.0936510452299813	D:-4.17606575609508	D:0.0000361187523277385	D:0.000852395885419209	D:-0.0888385404771819	D:-3.95539211396952	D:0.0000895404024856477	D:0.00294068740331435	D:0.427355453428293	D:0.65251227526888	D:0.985706471962942	D:0.00842746989572804	D:-0.0259578563699284	D:0.0272916206218179	D:10.8008983427526	N:	N:	N:	N:	N:	N:	N:	N:
S:FZD3	D:-0.00979405113918878	D:0.0449183374529298	D:0.344192560314488	D:-0.12286075145942	D:-3.53492632619513	D:0.000453473021736007	D:0.00504918308703323	D:-0.110978442146387	D:-3.17288341340851	D:0.0016191541437723	D:0.0171862526471779	D:0.476226980851257	D:0.621454279934777	D:0.984208797062414	D:-0.0306042591006945	D:-0.0335156026181282	D:0.0453863007300521	D:14.8266858309545	N:	N:	N:	N:	N:	N:	N:	N:
S:CLASP2	D:-0.0242453703004467	D:0.0450627974744235	D:0.344502414207928	D:-0.058056047861323	D:-3.34651535759428	D:0.000892353258853026	D:0.00800874492927956	D:-0.0525919543811714	D:-2.93425514219468	D:0.00352505750508553	D:0.0281603147535883	D:2.3011892758145	D:0.101389011759261	D:0.870946539528028	D:-0.0285916813683121	D:-0.0417428722724735	D:0.0505959645527499	D:14.2939400657729	N:	N:	N:	N:	N:	N:	N:	N:
S:MEX3B	D:-0.00606359164876102	D:0.0454595252827152	D:0.345715354397979	D:-0.166326053766602	D:-2.95185576237379	D:0.00333665682838651	D:0.0200743876488611	D:-0.174723242460804	D:-3.10842504388499	D:0.0020075422082733	D:0.0195942291895502	D:1.64313194895616	D:0.194602258694629	D:0.921744746511297	D:-0.0138330692983137	D:-0.131138158372677	D:0.131865728631776	D:12.40143733273	N:	N:	N:	N:	N:	N:	N:	N:
S:DDX47	D:-0.0309648905730179	D:0.0462665091792605	D:0.348058833205704	D:-0.0920801545402164	D:-4.03557405124129	D:0.0000647787821916632	D:0.00128818973455802	D:-0.0743272567717536	D:-3.11345428554095	D:0.00197440054239323	D:0.0193683539151135	D:2.73125562950291	D:0.0662835935970349	D:0.847670464859297	D:-0.00712326880491595	D:-0.0718560404714739	D:0.0722082509877174	D:12.3774251235305	N:	N:	N:	N:	N:	N:	N:	N:
S:RPS28	D:-0.0494202318041257	D:0.0463125048402435	D:0.348293456656423	D:-0.0926274984547856	D:-4.92063214491522	D:0.0000012431239148157	D:0.0000987474976398924	D:-0.0713656024928419	D:-3.45051913105151	D:0.00061560419575438	D:0.00950199177664797	D:0.510519619184726	D:0.600552053437293	D:0.984208797062414	D:0.016105431690487	D:-0.0230477396174165	D:0.0281173119520549	D:9.67031327986215	N:	N:	N:	N:	N:	N:	N:	N:
S:SUV420H1	D:-0.0186241553984525	D:0.0463746474543497	D:0.348293456656423	D:-0.050364550508274	D:-3.9608988998686	D:0.0000877699269130905	D:0.00161296983437742	D:-0.0520629848927265	D:-4.09564690038623	D:0.0000504344394900984	D:0.00216535517186674	D:0.122325662746367	D:0.884891369691751	D:0.991393293699617	D:-0.000343593510022784	D:-0.00813458230140384	D:0.00814183552514065	D:12.1612437880485	N:	N:	N:	N:	N:	N:	N:	N:
S:RRS1	D:-0.0402610269102106	D:0.0465451140757541	D:0.348742489200505	D:-0.063185769762159	D:-3.12371095380305	D:0.0019101746654263	D:0.0135536394833317	D:-0.0590426894394703	D:-2.88433476244299	D:0.00412231998055905	D:0.0309347898580095	D:4.76483566433295	D:0.00898604579004752	D:0.682205037020486	D:0.0512796109272035	D:-0.0681427840851328	D:0.0852821055070663	D:9.53582508989522	N:	N:	N:	N:	N:	N:	N:	N:
S:GTPBP8	D:-0.0288208763456577	D:0.0465770672875465	D:0.348742489200505	D:-0.113085088130253	D:-5.84229710549804	D:0.0000000103661636263038	D:0.00000358132778675481	D:-0.095647963832156	D:-4.54152374228421	D:0.00000728893053600642	D:0.00072301010966549	D:3.62334224244677	D:0.0275231107917087	D:0.760239372616719	D:0.038403534011346	D:-0.0653079069071218	D:0.0757624849721146	D:9.96952346622879	N:	N:	N:	N:	N:	N:	N:	N:
S:HSD17B6	D:-0.0109424835716387	D:0.0466266581731821	D:0.348887407403086	D:-0.252437345909183	D:-4.031105696524	D:0.0000659756245588001	D:0.00130621041489717	D:-0.252247942165586	D:-4.0482333538053	D:0.0000613489993822272	D:0.00239285588209202	D:3.09822194979345	D:0.0461525645239385	D:0.826061255087532	D:-0.0733104340155623	D:-0.187822656522631	D:0.201622841064122	D:13.4214374832057	N:	N:	N:	N:	N:	N:	N:	N:
S:MSL2	D:-0.0300815529078577	D:0.047251167249314	D:0.351374989257852	D:-0.0581587829330969	D:-3.27269596941821	D:0.00115373985315902	D:0.00957741311409533	D:-0.06053189757511	D:-3.38810994223523	D:0.000769523339076566	D:0.0108572242374694	D:0.836511850126874	D:0.433932647342458	D:0.966078042387016	D:0.0299329234075094	D:0.0112877396067823	D:0.0319905137368931	D:4.62256555720388	N:	N:	N:	N:	N:	N:	N:	N:
S:MMACHC	D:-0.0199599703671803	D:0.0472612579603718	D:0.351374989257852	D:-0.123780183746821	D:-3.96824088630504	D:0.0000852053277875554	D:0.00157969384278616	D:-0.115116374246729	D:-3.67101531722302	D:0.00027242820389745	D:0.00579273072074001	D:1.08623655448801	D:0.338421394089898	D:0.95707960515839	D:-0.0380023697459696	D:-0.0478745575218636	D:0.0611240817045427	D:14.5628141922742	N:	N:	N:	N:	N:	N:	N:	N:
S:RBAK	D:-0.025156109334934	D:0.0477334867398712	D:0.35271605239228	D:-0.134230292628342	D:-3.31475786763099	D:0.000997206152500392	D:0.00863376403456365	D:-0.12838242945407	D:-3.10536278214156	D:0.00202797205465689	D:0.0197059184087769	D:3.59843325356669	D:0.0282055257698365	D:0.760239372616719	D:-0.0906844938137612	D:-0.115220994254171	D:0.14662726531985	D:14.5469637573681	N:	N:	N:	N:	N:	N:	N:	N:
S:LSM14A	D:-0.0194294934505204	D:0.0477395781476784	D:0.35271605239228	D:-0.0638396842192129	D:-3.87268568616894	D:0.000124892984104933	D:0.002076523933008	D:-0.0648412778163486	D:-3.92513996206017	D:0.000101121475371449	D:0.00314683947383693	D:0.762171272345674	D:0.467290296765439	D:0.967692421145506	D:0.00395059623854395	D:-0.0262675298334103	D:0.0265629504044467	D:11.429793837266	N:	N:	N:	N:	N:	N:	N:	N:
S:ZNF280B	D:-0.0139186662163738	D:0.0481473066201058	D:0.353357482192905	D:-0.103718571120301	D:-3.98554520063834	D:0.000079439063128816	D:0.00150080019677343	D:-0.0872770515594236	D:-3.1944739606952	D:0.00150543791230267	D:0.0163978607827796	D:4.23347916387242	D:0.0151195433798488	D:0.716835455902377	D:-0.0396336637278959	D:-0.0955308613828148	D:0.103426170658294	D:13.502166155333	N:	N:	N:	N:	N:	N:	N:	N:
S:NID2	D:-0.00708885558484266	D:0.0484743802753403	D:0.354260265379615	D:-0.267898073809995	D:-3.64180117148807	D:0.000304732362650714	D:0.00383931340977279	D:-0.27748680053822	D:-3.76576437447383	D:0.000189481670505837	D:0.00456514112717879	D:0.835222285765559	D:0.434490392078444	D:0.966078042387016	D:0.0551147002691614	D:-0.113784506419825	D:0.126429996784634	D:10.2770318576413	N:	N:	N:	N:	N:	N:	N:	N:
S:L3MBTL3	D:-0.0262579795044727	D:0.0487087544053055	D:0.354580421349003	D:-0.111758995974008	D:-3.92322152802817	D:0.000102123694510885	D:0.00179460352017734	D:-0.103760417077182	D:-3.540603096529	D:0.000443445728473328	D:0.00777594271277892	D:2.3708197785068	D:0.0946412139992191	D:0.867885582684249	D:-0.000962918308573733	D:-0.0826729312728583	D:0.0826785387928193	D:12.0444874838788	N:	N:	N:	N:	N:	N:	N:	N:
S:STXBP4	D:-0.00743444352201933	D:0.0490070107013116	D:0.355731196044731	D:-0.113772773728061	D:-4.85008476431802	D:0.00000174422425876064	D:0.000118440417064876	D:-0.0915083277521837	D:-3.65411432711092	D:0.000290422041955017	D:0.00600543610777035	D:0.657923919524218	D:0.51845336353592	D:0.972886610373122	D:-0.022828983153705	D:-0.0302782070253604	D:0.0379200776964226	D:14.4676897632094	N:	N:	N:	N:	N:	N:	N:	N:
S:CREBZF	D:-0.0626318028835511	D:0.0495401494496444	D:0.358052745587849	D:-0.103370056702572	D:-2.76528605013713	D:0.00593920719621073	D:0.029989159643709	D:-0.103109751463545	D:-2.75097365877563	D:0.00619637337008434	D:0.0402939540847981	D:0.585882061656381	D:0.557064613855536	D:0.977958477099463	D:-0.0417762596713422	D:-0.0350805572478213	D:0.0545518227829748	D:15.3319326640442	N:	N:	N:	N:	N:	N:	N:	N:
S:FBLN5	D:-0.071679061173257	D:0.0497229744325326	D:0.358943499227038	D:-0.0737357245476752	D:-3.27669007792379	D:0.00113795035093334	D:0.0094825613657946	D:-0.0639213709772925	D:-2.78569957917274	D:0.00558077059214264	D:0.0374058753911615	D:0.950090957525402	D:0.387527480315553	D:0.960227634080898	D:0.00264468346265908	D:-0.0409767505985008	D:0.0410620072601109	D:11.7538127160364	N:	N:	N:	N:	N:	N:	N:	N:
S:RAB3GAP2	D:-0.0210828026160793	D:0.0497710978863718	D:0.358943499227038	D:-0.0791210802719116	D:-4.53083383162351	D:0.00000767806557774838	D:0.000306198121336288	D:-0.0723451697540683	D:-4.04684883461157	D:0.0000616992015022173	D:0.00239453895813696	D:2.64345324693051	D:0.0722871085975494	D:0.850339905642804	D:0.000851949423648556	D:-0.0532816183787097	D:0.0532884290899526	D:11.9389295989775	N:	N:	N:	N:	N:	N:	N:	N:
S:FCF1	D:-0.0323293628558221	D:0.0504680226152309	D:0.36107729074368	D:-0.0718509573484456	D:-4.11641938571385	D:0.0000463789963048689	D:0.00100923381602833	D:-0.0676940740941365	D:-3.78494984099749	D:0.000175886883392043	D:0.00433418106981579	D:2.18147141501293	D:0.114140509245528	D:0.881373627154384	D:-0.0358019340853897	D:-0.0347832464732553	D:0.0499164574010798	D:15.05512247623	N:	N:	N:	N:	N:	N:	N:	N:
S:EFCAB7	D:-0.0180842492223088	D:0.050609678673403	D:0.361534715069024	D:-0.0861714444582942	D:-2.90653776400936	D:0.00384894137214639	D:0.0221277326722897	D:-0.0852573827394222	D:-2.86881587473863	D:0.0043259588161029	D:0.0319938240097696	D:0.902248357717424	D:0.406433887464394	D:0.96415212136371	D:0.0254893159588475	D:-0.046702528758952	D:0.0532055581732839	D:10.0916774424975	N:	N:	N:	N:	N:	N:	N:	N:
S:CD19	D:-0.081839883599549	D:0.050656602841285	D:0.361777324795359	D:-0.125112163181146	D:-4.11230309482271	D:0.0000471810300053992	D:0.00101987224262777	D:-0.0905070749212807	D:-2.77612421457204	D:0.00574473646564967	D:0.038100972535754	D:1.25478982346569	D:0.286192316194312	D:0.948286990928089	D:-0.044627630864427	D:-0.0519716740578554	D:0.068503141102781	D:14.7101602460431	N:	N:	N:	N:	N:	N:	N:	N:
S:C2ORF40	D:-0.0236069181035885	D:0.0515076303874959	D:0.364407648815059	D:-0.14481074700047	D:-4.0248614642489	D:0.0000676833584406371	D:0.00132924674099345	D:-0.114558031158232	D:-3.02929368082862	D:0.00260113852075727	D:0.023135570247664	D:1.39328291741161	D:0.249393117803594	D:0.935158383610406	D:0.0163107659033998	D:-0.080783208613522	D:0.082413396230536	D:11.2389998279167	N:	N:	N:	N:	N:	N:	N:	N:
S:PEX1	D:-0.0337522560985865	D:0.0517174354019471	D:0.364822979220743	D:-0.071573337772279	D:-3.43060087718355	D:0.000662170413845163	D:0.00655621058288246	D:-0.0593282346332987	D:-2.72295517736467	D:0.00673709340946905	D:0.0428686233521442	D:0.369619391800069	D:0.691219688525246	D:0.986869111240858	D:-0.0176441027002098	D:0.0184752957351155	D:0.0255470333423576	D:21.087885274735	N:	N:	N:	N:	N:	N:	N:	N:
S:NAA35	D:-0.024170217700776	D:0.0517290264209202	D:0.364822979220743	D:-0.100184489810981	D:-6.36017703603518	D:0.000000000529225451099698	D:0.00000051707972699696	D:-0.0814677468917043	D:-4.46412970479904	D:0.0000103188221297204	D:0.000872900879813274	D:6.90368671901769	D:0.00112084819208462	D:0.540621307029361	D:0.00706669485943026	D:-0.0877931503552077	D:0.0880770993251277	D:11.6932025377294	N:	N:	N:	N:	N:	N:	N:	N:
S:FAM63B	D:-0.0218870416942822	D:0.0523662165145411	D:0.366361960186593	D:-0.0563027046259315	D:-4.52711177428808	D:0.00000780804251470023	D:0.000307961057330486	D:-0.0427202330254002	D:-3.22083772631432	D:0.0013766030501135	D:0.0155037147694706	D:0.333066432242006	D:0.716909912596435	D:0.988229162108278	D:-0.0129404704093441	D:0.00775428518752371	D:0.0150859110823497	D:20.0620799213573	N:	N:	N:	N:	N:	N:	N:	N:
S:PVRL3	D:-0.0104551187675696	D:0.0524125045212915	D:0.366361960186593	D:-0.180729302807828	D:-4.01927160160944	D:0.0000692476633865376	D:0.0013558803509382	D:-0.173997375201527	D:-3.83434772793688	D:0.000144995982076887	D:0.0038707192428476	D:1.9376643808893	D:0.14531323951539	D:0.893013200900893	D:-0.0394460339766306	D:-0.109104989461964	D:0.116016758797946	D:13.3251367007002	N:	N:	N:	N:	N:	N:	N:	N:
S:SYNJ2	D:-0.0292310630474928	D:0.0524405600482064	D:0.366361960186593	D:-0.156800023801355	D:-6.58838295959598	D:0.000000000134035562822356	D:0.000000231980379974909	D:-0.13946120471019	D:-5.78466283977904	D:0.000000014126430761647	D:0.0000250949621375768	D:0.0615282367914601	D:0.94033478711913	D:0.996544133174305	D:0.0119354197299042	D:-0.000700356403952683	D:0.0119559501178929	D:6.22387988151878	N:	N:	N:	N:	N:	N:	N:	N:
S:KIDINS220	D:-0.0280882171597209	D:0.0529836907526693	D:0.367854430076368	D:-0.0537148719081334	D:-3.59649907240995	D:0.000361087139364811	D:0.00429720084672824	D:-0.056262422395323	D:-3.7903810155936	D:0.000172208840501567	D:0.00429898431802383	D:1.07068226516	D:0.343699392778055	D:0.95707960515839	D:0.00184674357613486	D:-0.0281380077589544	D:0.0281985450418807	D:11.7496646332566	N:	N:	N:	N:	N:	N:	N:	N:
S:ZNF134	D:-0.0323268704415531	D:0.0531787672742576	D:0.368384064190749	D:-0.0622890487768001	D:-2.82626980988443	D:0.00493531416865276	D:0.0265385179333087	D:-0.0587038137783893	D:-2.65828562983521	D:0.00815097251479303	D:0.0482514855836325	D:0.721082733166458	D:0.486820756511659	D:0.970580953256742	D:-0.030459834544286	D:-0.0193384279504876	D:0.0360801374174417	D:15.8392822985121	N:	N:	N:	N:	N:	N:	N:	N:
S:ZNF682	D:-0.0227384300115824	D:0.0533537556892708	D:0.36857901932701	D:-0.123873368669025	D:-3.02770193165627	D:0.00261679393527555	D:0.0169713807796945	D:-0.117904259956285	D:-2.84575189763258	D:0.00464554559093458	D:0.0334482705941241	D:2.86342888362272	D:0.0581770143433707	D:0.83656058396868	D:0.0447525538686299	D:-0.122727214604898	D:0.130632156387474	D:10.6643723262788	N:	N:	N:	N:	N:	N:	N:	N:
S:DPF3	D:-0.00480752930989077	D:0.0543306928129325	D:0.371659224610036	D:-0.0956646191978579	D:-4.29983925169748	D:0.0000212948500315175	D:0.000604272639394068	D:-0.0791913496035603	D:-3.48012499149613	D:0.000553115532103686	D:0.00891049514661016	D:0.320702331901741	D:0.725815067679083	D:0.988887668865741	D:0.0250824381396869	D:-0.00585074618146326	D:0.025755774768217	D:6.87533823954327	N:	N:	N:	N:	N:	N:	N:	N:
S:ELF1	D:-0.028520331999238	D:0.0544605357609912	D:0.372273708814417	D:-0.107286847427072	D:-4.9597526903887	D:0.00000102848628670303	D:0.0000866278040019995	D:-0.103202903163788	D:-4.62249932217126	D:0.00000503981386309374	D:0.000593271100594667	D:2.67874036216971	D:0.0698113151734132	D:0.850339905642804	D:-0.0239740793933624	D:-0.0627314021938623	D:0.0671564241451803	D:13.3943581214957	N:	N:	N:	N:	N:	N:	N:	N:
S:SNX25	D:-0.0356008144302719	D:0.0553693747281996	D:0.375331004520994	D:-0.0973691251191957	D:-4.68207431797733	D:0.00000384448874134436	D:0.000195638423163047	D:-0.0801495727070544	D:-3.69530224295937	D:0.000248399043843047	D:0.00541133301642918	D:1.46281221767263	D:0.232750327171162	D:0.931229411275448	D:0.0289775505484272	D:-0.0406875865918215	D:0.0499517581117385	D:9.6361112846018	N:	N:	N:	N:	N:	N:	N:	N:
S:PLEKHA1	D:-0.034631817021878	D:0.0553784692446238	D:0.375331004520994	D:-0.0924311265523415	D:-4.39852256492745	D:0.0000138471139156555	D:0.000447250335579873	D:-0.0786523842367921	D:-3.53446178602577	D:0.000453574417053983	D:0.0078645054868251	D:2.06609583905014	D:0.12795281234067	D:0.890973605600524	D:0.0264858031791813	D:-0.0539242136615123	D:0.0600776047213831	D:10.2560829894968	N:	N:	N:	N:	N:	N:	N:	N:
S:RRM1	D:-0.035035482691512	D:0.0555931864316384	D:0.376075484017531	D:-0.0904638760190151	D:-3.25290470124063	D:0.00123502036730626	D:0.01010395333018	D:-0.0888800194135096	D:-3.18602693973216	D:0.00154901876027942	D:0.0166773419254106	D:4.69371594317711	D:0.00963344438139546	D:0.6914076340228	D:0.0523260281444527	D:-0.100960244801953	D:0.113714485672865	D:10.1735358869893	N:	N:	N:	N:	N:	N:	N:	N:
S:TAS2R50	D:-0.00572757605478801	D:0.0556500089212612	D:0.376075484017531	D:-0.210114307102289	D:-3.7090692276818	D:0.000236096446871653	D:0.00320163821534973	D:-0.216368639338295	D:-3.78519078701287	D:0.000175722153032413	D:0.00433418106981579	D:0.351872566136988	D:0.703574930840377	D:0.987553110889477	D:-0.0666018849459916	D:-0.0098399019424825	D:0.0673248449578368	D:17.4397198569694	N:	N:	N:	N:	N:	N:	N:	N:
S:SCN4A	D:-0.00237603619999315	D:0.0557911268630482	D:0.376728522588121	D:-0.2193717811522	D:-4.11911250927893	D:0.0000458612975371709	D:0.00100243357401997	D:-0.231098687529676	D:-4.36653876352436	D:0.0000158826014842664	D:0.0011084354128716	D:2.09812900052753	D:0.123957641185309	D:0.888724539846668	D:-0.137235258941667	D:-0.0593383132895822	D:0.149514386334021	D:16.4411415161159	N:	N:	N:	N:	N:	N:	N:	N:
S:SIRT4	D:-0.0295926354926429	D:0.0561621414157909	D:0.377798353076578	D:-0.123341413252297	D:-4.02837564205258	D:0.0000667171700413137	D:0.00131556026213653	D:-0.0972044413603663	D:-3.0819896359536	D:0.00219032626995528	D:0.0207583015425984	D:0.340441972539629	D:0.711650089855784	D:0.987553110889477	D:0.0366091959577176	D:0.0022348948651927	D:0.0366773497369839	D:5.76710527984812	N:	N:	N:	N:	N:	N:	N:	N:
S:GLCCI1	D:-0.035198297697364	D:0.0561822356822908	D:0.377842457323551	D:-0.115567211740548	D:-5.45455593120221	D:0.0000000842057877204952	D:0.0000178860733874472	D:-0.119134792760797	D:-5.61393614860126	D:0.0000000358034795593613	D:0.0000333159901937847	D:2.46211582982762	D:0.0864724459745429	D:0.860742263980279	D:0.00714734301290674	D:-0.0608289892071996	D:0.0612474525193804	D:11.5532355260843	N:	N:	N:	N:	N:	N:	N:	N:
S:RASGRP1	D:-0.0438422993615423	D:0.056655188896389	D:0.37918201021814	D:-0.0880830134657902	D:-4.98459981186295	D:0.00000091125202599409	D:0.0000801961387941256	D:-0.0743205243443518	D:-3.90179348532379	D:0.000111014409117834	D:0.00332210194268239	D:1.63275023239967	D:0.196617438390677	D:0.922219662881213	D:-0.00493431394325655	D:-0.0442687669111929	D:0.0445429138913043	D:12.4240057917963	N:	N:	N:	N:	N:	N:	N:	N:
S:PAG1	D:-0.0420968761077929	D:0.0566944642600831	D:0.37918201021814	D:-0.058829870212597	D:-2.94230716255188	D:0.00343910567242691	D:0.020482646737243	D:-0.0575266072386342	D:-2.85595359505633	D:0.00450162835553048	D:0.0327865522532319	D:3.95533495222508	D:0.0198630801017388	D:0.730351563745367	D:0.00446380756395537	D:-0.0734010963265077	D:0.0735367018562927	D:11.7679937105877	N:	N:	N:	N:	N:	N:	N:	N:
S:MAT2B	D:-0.0248273231006052	D:0.056881485548208	D:0.37939638637109	D:-0.0707692818037231	D:-3.92886108917203	D:0.0000998420737199849	D:0.00175767023654254	D:-0.0686737619418283	D:-3.80299900463443	D:0.00016394211126889	D:0.00420303444982952	D:2.56877704697593	D:0.0778213046815669	D:0.852071420081327	D:-0.0270333165693186	D:-0.0462968422782179	D:0.0536115454885529	D:14.0187467052222	N:	N:	N:	N:	N:	N:	N:	N:
S:PPIL1	D:-0.0410353820442656	D:0.0569464575294285	D:0.37939638637109	D:-0.0949435968259487	D:-3.13172886362994	D:0.00185994808300564	D:0.0133038573262054	D:-0.0869290200031688	D:-2.82618683734256	D:0.00493330775524553	D:0.0346270714243006	D:1.5662896407734	D:0.210024218492476	D:0.927560151843468	D:0.0102885471619885	D:-0.0701392377799234	D:0.0708898221118737	D:11.443662781122	N:	N:	N:	N:	N:	N:	N:	N:
S:ZC3H7A	D:-0.0273560789919603	D:0.0572136296207694	D:0.380289229578375	D:-0.0626807282131133	D:-3.88406133344449	D:0.000119383293653422	D:0.00201979994916149	D:-0.0557770013272278	D:-3.34063829010584	D:0.000909850038506726	D:0.0120748452045432	D:0.557286229653309	D:0.573180217595881	D:0.982115268178959	D:-0.00907364662667408	D:-0.0210745990436176	D:0.0229449294606674	D:13.5529496189564	N:	N:	N:	N:	N:	N:	N:	N:
S:LRRC8B	D:-0.0266891863733973	D:0.0580946663219299	D:0.383818658520812	D:-0.12668091266138	D:-4.47978760580264	D:0.00000965613071948268	D:0.000349532252243623	D:-0.119793635967337	D:-4.20341055217723	D:0.000032084800647128	D:0.00165864838477653	D:1.08510995036237	D:0.338800931285627	D:0.95707960515839	D:-0.0511267338405916	D:-0.0264488075209284	D:0.0575628554928072	D:16.1764424194269	N:	N:	N:	N:	N:	N:	N:	N:
S:ARID2	D:-0.0223917086920499	D:0.0583810987561295	D:0.384568436696619	D:-0.109621923882693	D:-4.8361246600852	D:0.00000186423793528852	D:0.000123908413243106	D:-0.0952392091221861	D:-4.1424356707197	D:0.000041491824329093	D:0.00192857036888857	D:1.01542026103107	D:0.363129268208681	D:0.959270072771647	D:-0.0299459770192907	D:-0.031718915877133	D:0.0436216822699506	D:14.8902088014222	N:	N:	N:	N:	N:	N:	N:	N:
S:MTMR6	D:-0.0277279518005164	D:0.058698023797997	D:0.38538269682477	D:-0.0552443280899827	D:-3.13731033711135	D:0.00182570600096731	D:0.0131792098134105	D:-0.0510949410670213	D:-2.88220741885359	D:0.00414970885306121	D:0.0310879354117965	D:2.44058983332465	D:0.0883322943655035	D:0.860742263980279	D:-0.0369242268304535	D:0.0385993162554514	D:0.0534163434017637	D:21.0847063198589	N:	N:	N:	N:	N:	N:	N:	N:
S:TFB1M	D:-0.0308582210860792	D:0.0587475068338807	D:0.385433712627986	D:-0.0818066376106112	D:-4.39244525171915	D:0.0000142223616311335	D:0.000453375479011386	D:-0.0665375063195085	D:-3.29759320970193	D:0.00105731801246047	D:0.0132697824543932	D:1.23103317171356	D:0.293032115753652	D:0.951790178666455	D:-0.00752421930995638	D:-0.0402809057455203	D:0.040977618816908	D:12.7053704333468	N:	N:	N:	N:	N:	N:	N:	N:
S:EPB41L5	D:-0.0171478758348334	D:0.0588073779878157	D:0.385556476307244	D:-0.178076823362778	D:-5.32652172031226	D:0.000000163919487028935	D:0.0000262553335740363	D:-0.167705831442771	D:-4.99556078844542	D:0.00000085916136068195	D:0.000198929304342706	D:0.405707823493807	D:0.666763316877119	D:0.985706471962942	D:0.0241120190825961	D:-0.0328722925947536	D:0.0407673531722943	D:9.5826489894424	N:	N:	N:	N:	N:	N:	N:	N:
S:RAB23	D:-0.0214721401181911	D:0.0596039993274949	D:0.387855284683114	D:-0.231047929290894	D:-3.26252724111414	D:0.00119486073383851	D:0.0098462463073094	D:-0.23185989750218	D:-3.27881144690896	D:0.00112837250138683	D:0.0137293760050743	D:2.10437150360289	D:0.12319379219587	D:0.888724539846668	D:-0.170655141496343	D:-0.100339503984585	D:0.19796765740648	D:15.9697265794983	N:	N:	N:	N:	N:	N:	N:	N:
S:RECK	D:-0.0277804487824817	D:0.0596668867331703	D:0.387911206317909	D:-0.12770427294373	D:-4.12428839467477	D:0.0000448817404731123	D:0.000986169577654339	D:-0.126008588416706	D:-4.04290274796847	D:0.0000627077808440084	D:0.00241690876819086	D:3.62613994465105	D:0.0274475076792204	D:0.760239372616719	D:-0.00512325234437177	D:-0.108560445136561	D:0.108681267764194	D:12.1801289029581	N:	N:	N:	N:	N:	N:	N:	N:
S:AEBP2	D:-0.0236517259702268	D:0.0598125887752072	D:0.388496474916461	D:-0.120182334267291	D:-6.55778782251868	D:0.00000000016148216647344	D:0.000000242732539619807	D:-0.105568766602977	D:-5.43286784401111	D:0.0000000936668881228251	D:0.0000602161668443367	D:4.27880650336166	D:0.014462409740928	D:0.713645549158627	D:-0.0389639538826538	D:-0.0635599747608721	D:0.0745523983099958	D:14.1006269391998	N:	N:	N:	N:	N:	N:	N:	N:
S:AP3M1	D:-0.0236755155315895	D:0.0601920142614156	D:0.38888802661192	D:-0.0412239048817635	D:-2.82903223739641	D:0.00489372021394566	D:0.0263801894346792	D:-0.0423207030164166	D:-2.91420803857118	D:0.003754711422814	D:0.029336591728592	D:1.5379382367907	D:0.216019398135775	D:0.927783481998367	D:-0.0303937448666166	D:-0.0169938055941775	D:0.0348219636951979	D:16.0526328275066	N:	N:	N:	N:	N:	N:	N:	N:
S:CKAP2	D:-0.0293704913611806	D:0.0602212128633722	D:0.38888802661192	D:-0.110504251301172	D:-3.81713474828157	D:0.00015543178482489	D:0.00238406005279684	D:-0.0977702756308584	D:-3.30685178414762	D:0.00102384115600766	D:0.0130935078727394	D:2.55192176062742	D:0.0791282062032154	D:0.858260180148023	D:-0.0299790649615796	D:-0.0814210157738328	D:0.086764774797226	D:13.3475741383808	N:	N:	N:	N:	N:	N:	N:	N:
S:PRPF4B	D:-0.0369512569752936	D:0.0605891459481824	D:0.389910782433426	D:-0.0571537124741165	D:-3.82374768824543	D:0.000151457285090657	D:0.00235285061527517	D:-0.0440475233803497	D:-2.72657022763862	D:0.00666501443220763	D:0.0424514494849314	D:1.97064039169417	D:0.14064188510426	D:0.893013200900893	D:-0.0128924306794751	D:-0.0395629619749991	D:0.0416106083716676	D:13.2032865637095	N:	N:	N:	N:	N:	N:	N:	N:
S:SRP72	D:-0.024831483725528	D:0.0608043593165294	D:0.390575297704105	D:-0.0940964931614557	D:-3.62274060276071	D:0.000327353811785118	D:0.00402315775854904	D:-0.0756482091714006	D:-2.64902721590397	D:0.00837385909726254	D:0.0490582597466748	D:2.59457206261748	D:0.0758631104754926	D:0.850339905642804	D:-0.0102998492092748	D:-0.0835466518246278	D:0.0841791537427134	D:12.4685407024152	N:	N:	N:	N:	N:	N:	N:	N:
S:TTF1	D:-0.0246175426327608	D:0.0611554429385632	D:0.39129949849044	D:-0.0683211520640744	D:-3.00643012904829	D:0.00280277239372989	D:0.0178110488929678	D:-0.0686565273092798	D:-3.0260256304042	D:0.00262880869263869	D:0.0232460548870748	D:0.5872518954815	D:0.556304152775676	D:0.977958477099463	D:0.0346079223702548	D:-0.00341675602515726	D:0.034776177370738	D:6.37589339700867	N:	N:	N:	N:	N:	N:	N:	N:
S:PPIG	D:-0.0240904238470871	D:0.0614617656879468	D:0.391963555657255	D:-0.0931705905049276	D:-3.66608029252456	D:0.000278041885401331	D:0.00361491449276607	D:-0.0824769191183135	D:-3.189949773979	D:0.00152863661020606	D:0.0165381961946454	D:0.940002736592336	D:0.391439205090117	D:0.960227634080898	D:0.00830028325270797	D:-0.0454869103620682	D:0.0462380115961101	D:11.3105771214219	N:	N:	N:	N:	N:	N:	N:	N:
S:TOMM70A	D:-0.0314754706643295	D:0.0617264496706382	D:0.392433988680527	D:-0.0938494085753424	D:-3.03524799952662	D:0.00255358782560284	D:0.0166498697698049	D:-0.0946811163673445	D:-3.06140662759659	D:0.00234311206162386	D:0.0216438494801232	D:0.433787729592627	D:0.648337057756489	D:0.985706471962942	D:-0.0269780496295923	D:-0.0273575273935075	D:0.0384219919694862	D:14.9733236527631	N:	N:	N:	N:	N:	N:	N:	N:
S:CEP350	D:-0.0235584438596207	D:0.0620449655967215	D:0.393741471078785	D:-0.054639336125883	D:-3.07023993029424	D:0.00227840662703134	D:0.0152826952340352	D:-0.0592115707908858	D:-3.33284129667741	D:0.000935056298778285	D:0.0122863532265979	D:0.399173471799492	D:0.67112614017721	D:0.98606709221369	D:0.02240600076819	D:-0.00123230360300938	D:0.0224398628024799	D:6.20986857960205	N:	N:	N:	N:	N:	N:	N:	N:
S:PTER	D:-0.030549748564096	D:0.0629844876671797	D:0.395477401752753	D:-0.0747100539562274	D:-3.19256399439401	D:0.00151674397463368	D:0.0115821391200926	D:-0.0673747005316917	D:-2.83856777730787	D:0.00474938855971512	D:0.0338591031905849	D:1.11586136422116	D:0.3285930617146	D:0.956911684216668	D:-0.028854340008049	D:-0.0369296986501109	D:0.0468655052217311	D:14.5334423414842	N:	N:	N:	N:	N:	N:	N:	N:
S:SNAPC1	D:-0.0300757318897116	D:0.0635264925769573	D:0.396648265780923	D:-0.156796510655624	D:-3.17274066117334	D:0.00162155432983467	D:0.0121472585665452	D:-0.146561316789268	D:-2.93905974713361	D:0.00347195767993879	D:0.0279082907932663	D:0.912025970296901	D:0.402496065293163	D:0.963796907670492	D:-0.0042402978866846	D:-0.087099758629437	D:0.0872029132510721	D:12.1858095537217	N:	N:	N:	N:	N:	N:	N:	N:
S:NSL1	D:-0.0238182813289532	D:0.0639891264381283	D:0.398266864869419	D:-0.0713368206129698	D:-3.63470952078714	D:0.000312971582379219	D:0.00391139986803793	D:-0.0579119561612257	D:-2.82113966324133	D:0.00501012082775688	D:0.0349403180211268	D:0.644279694839367	D:0.525553782395438	D:0.97536435694998	D:-0.0278189541852331	D:-0.0155310967183584	D:0.0318607780387595	D:16.0550487236304	N:	N:	N:	N:	N:	N:	N:	N:
S:SPOPL	D:-0.034063309418907	D:0.0639929432605275	D:0.398266864869419	D:-0.0603983668568244	D:-3.14417608183899	D:0.00178438259369367	D:0.0129767846160655	D:-0.0615123607537823	D:-3.19197469900539	D:0.00151821283885473	D:0.016500220847642	D:1.07101238055351	D:0.34358652103885	D:0.95707960515839	D:-0.00899920701217207	D:0.035801741691939	D:0.0369154498147354	D:23.0593546118293	N:	N:	N:	N:	N:	N:	N:	N:
S:FAM102A	D:-0.0912024088178132	D:0.0641113670218899	D:0.398696134933366	D:-0.0962718885027467	D:-3.54247937146804	D:0.000441052719691352	D:0.00494186421759673	D:-0.0928368093038864	D:-3.35359597569438	D:0.00086935348111047	D:0.0117482962478421	D:3.61437667261851	D:0.02776680245947	D:0.760239372616719	D:0.036953389913342	D:-0.0911031707339063	D:0.0983124648447936	D:10.5280983751333	N:	N:	N:	N:	N:	N:	N:	N:
S:LMBR1	D:-0.0178171683936386	D:0.0648091691339905	D:0.401069603221657	D:-0.126507777335662	D:-4.116584129796	D:0.0000463471685308251	D:0.00100923381602833	D:-0.132492088966153	D:-4.30681976411013	D:0.0000205984919241841	D:0.00124617687520272	D:0.713113099302535	D:0.490702858350168	D:0.971315291229804	D:-0.0177815493010297	D:-0.0443410745100764	D:0.0477735741205648	D:13.4567767911306	N:	N:	N:	N:	N:	N:	N:	N:
S:MAP2K4	D:-0.0266408945980536	D:0.0649307801239896	D:0.401530555543359	D:-0.0847408449247023	D:-3.04644472815279	D:0.00246238251714122	D:0.0162120676440218	D:-0.0953534588206629	D:-3.41343352833537	D:0.000703185862910068	D:0.0102432602240343	D:0.213622389864283	D:0.807740171699917	D:0.990538766746216	D:-0.0144200035554702	D:-0.0193039945764499	D:0.0240952424587797	D:14.4506385394795	N:	N:	N:	N:	N:	N:	N:	N:
S:TADA1	D:-0.032073672421781	D:0.0653064439220451	D:0.402540382037164	D:-0.0616924129664712	D:-2.8823749468168	D:0.00415048695981363	D:0.0233327576759834	D:-0.0629176140242032	D:-2.92573038978823	D:0.00362110031016054	D:0.0286046175717762	D:2.32418356495469	D:0.0991088307902886	D:0.867938343868143	D:-0.0376407445858609	D:-0.0483480459211941	D:0.0612728259294111	D:14.5268052742868	N:	N:	N:	N:	N:	N:	N:	N:
S:REV1	D:-0.0323904339080016	D:0.0653595043558605	D:0.402689573194716	D:-0.0847615402962262	D:-3.45931979319396	D:0.000597190263077653	D:0.00612878737386507	D:-0.0760435785567647	D:-3.02107423763161	D:0.00267124630934144	D:0.0234812524205314	D:2.06673157101871	D:0.127872279163686	D:0.890973605600524	D:-0.0571731407999534	D:-0.0393304331564549	D:0.0693948917515235	D:15.6983477982682	N:	N:	N:	N:	N:	N:	N:	N:
S:RANBP2	D:-0.0244601214157245	D:0.0659852735947627	D:0.404340338448181	D:-0.0735456379631268	D:-3.58980585743529	D:0.000370199114528427	D:0.00437555722349458	D:-0.0747056537985374	D:-3.62243742158627	D:0.000327194749514933	D:0.00646325179775266	D:5.57382724075813	D:0.00407934146727397	D:0.619506875420677	D:0.0142844519238345	D:-0.0885759917496376	D:0.0897204095019423	D:11.3892608553889	N:	N:	N:	N:	N:	N:	N:	N:
S:MMS22L	D:-0.00827754593102844	D:0.0663063085153474	D:0.404882162615895	D:-0.0990202440093871	D:-4.04949368122172	D:0.0000611812294528134	D:0.00123506446770395	D:-0.0864824042788345	D:-3.45155425634923	D:0.000613312453415321	D:0.00948159703495948	D:0.642113062810049	D:0.526690247056723	D:0.97536435694998	D:-0.0245607412597649	D:-0.0285545010046099	D:0.0376641678369692	D:14.7133330031473	N:	N:	N:	N:	N:	N:	N:	N:
S:LRRC1	D:-0.013017671243392	D:0.066324659529913	D:0.404882162615895	D:-0.113558529820883	D:-4.06388752768274	D:0.0000576612100634528	D:0.00118481357082011	D:-0.107745492136317	D:-3.87252418585245	D:0.000124714064436225	D:0.00354220571678527	D:2.46321117974584	D:0.0863788666133085	D:0.860742263980279	D:0.0861948503837716	D:0.0103753925922816	D:0.0868170547998764	D:5.54241675932646	N:	N:	N:	N:	N:	N:	N:	N:
S:ACVR1C	D:-0.00792892872321726	D:0.0665618373277929	D:0.405620601930251	D:-0.176643610973446	D:-3.66803797084076	D:0.000275988428771221	D:0.00359539325774562	D:-0.168439536055044	D:-3.4213067362577	D:0.000683673745423699	D:0.010079388893912	D:2.132957190306	D:0.119755935806538	D:0.888724539846668	D:-0.0374512353925578	D:-0.1264016524992	D:0.13183312477127	D:13.1002600315157	N:	N:	N:	N:	N:	N:	N:	N:
S:ANKIB1	D:-0.0296413313243108	D:0.0666529648451524	D:0.405897830662649	D:-0.0859860037275697	D:-4.94719248549516	D:0.00000109316449287737	D:0.0000905149464208338	D:-0.0747351203684765	D:-4.10806292161896	D:0.0000478973735905195	D:0.00210672848045647	D:0.830041152025772	D:0.436738534949364	D:0.966102458322465	D:-0.0156324972858736	D:-0.0264360145853054	D:0.0307121773657832	D:14.0398160682368	N:	N:	N:	N:	N:	N:	N:	N:
S:KIAA1429	D:-0.0204028577307089	D:0.0672717545616674	D:0.407427134514598	D:-0.0804134076623957	D:-4.6611653180691	D:0.00000423502177737182	D:0.000206891401379057	D:-0.0753757749773865	D:-4.28133439422884	D:0.0000229947579297492	D:0.00132548839146085	D:0.174741134510551	D:0.839734788985723	D:0.990538766746216	D:0.00537951287763964	D:-0.0126694979497929	D:0.0137642775727786	D:10.4662502686299	N:	N:	N:	N:	N:	N:	N:	N:
S:ZNF28	D:-0.0218116237146569	D:0.067278333784177	D:0.407427134514598	D:-0.252771342658385	D:-4.03077940427584	D:0.0000660638393639322	D:0.00130663308199453	D:-0.236296777132837	D:-3.73557306714349	D:0.000212899007378237	D:0.00487788598803946	D:0.635658100395728	D:0.530090729090217	D:0.975430279911244	D:0.0641886796003335	D:-0.0726332457209225	D:0.0969318057852539	D:9.23545204910515	N:	N:	N:	N:	N:	N:	N:	N:
S:VPS41	D:-0.0185316150105725	D:0.067728688483505	D:0.40898046204557	D:-0.0483981443984087	D:-3.31604620369046	D:0.000992738709623747	D:0.00861416835024762	D:-0.048841395268415	D:-3.35110979559905	D:0.000876991078095207	D:0.0117944133909556	D:1.12348415697163	D:0.326110846310799	D:0.956911684216668	D:-0.0302432906861533	D:-0.00496157139970869	D:0.0306475744926344	D:17.378887799264	N:	N:	N:	N:	N:	N:	N:	N:
S:ZNF541	D:-0.00274175311265971	D:0.0680483159350253	D:0.409669650074753	D:-0.0900596119875998	D:-3.12623565162895	D:0.00189422594905778	D:0.0134600251892866	D:-0.0790608219582602	D:-2.7187308097156	D:0.00682221165499808	D:0.0432553010870596	D:1.6666904573744	D:0.190105984855765	D:0.921744746511297	D:-0.0747726692220772	D:-0.00359626950948393	D:0.074859102432363	D:17.8164281093105	N:	N:	N:	N:	N:	N:	N:	N:
S:DAAM1	D:-0.0183880504171035	D:0.0683458475950974	D:0.410575248897798	D:-0.127956561363216	D:-5.56556517690471	D:0.0000000467765930709425	D:0.0000118709273402505	D:-0.109755164218801	D:-4.47047852210856	D:0.0000100306017071193	D:0.000869046123913845	D:3.53414691520177	D:0.030046337890956	D:0.768175321772294	D:-0.0268386297131513	D:-0.0803395310261027	D:0.0847039095341754	D:13.2315115036692	N:	N:	N:	N:	N:	N:	N:	N:
S:AQP3	D:-0.0889114111555745	D:0.0687639324876171	D:0.410603073290963	D:-0.091166364841278	D:-3.32158497411784	D:0.000973743445404383	D:0.00851460055632074	D:-0.0760350850232232	D:-2.64166428946995	D:0.00855500296237702	D:0.0496776478281433	D:1.09823390041237	D:0.334406055802953	D:0.95707960515839	D:0.0328728610813546	D:-0.0470440462137441	D:0.057391351960334	D:9.67035950887603	N:	N:	N:	N:	N:	N:	N:	N:
S:SH3PXD2A	D:-0.0213361442226512	D:0.0687909555201981	D:0.410603073290963	D:-0.0981315959637708	D:-3.61144897307525	D:0.00034148924048182	D:0.00412935720807874	D:-0.0818025644313864	D:-2.87728773141951	D:0.00421368402600792	D:0.0314393278168083	D:1.68311215391817	D:0.18703368746283	D:0.921744746511297	D:0.0292610268573803	D:-0.0626751961121616	D:0.0691692699140756	D:10.331576472646	N:	N:	N:	N:	N:	N:	N:	N:
S:ACTL6A	D:-0.0303530473270456	D:0.069503141126373	D:0.411960301970821	D:-0.0918862099859713	D:-4.16855456303965	D:0.0000372802168053561	D:0.000870361668570446	D:-0.0775178344834005	D:-3.40756035840459	D:0.000718078153025057	D:0.0103710016173412	D:0.685390943230843	D:0.50445053846091	D:0.971534152892322	D:-0.0227869740215651	D:-0.0269670142507082	D:0.0353053259814632	D:14.6798413486254	N:	N:	N:	N:	N:	N:	N:	N:
S:IRS1	D:-0.00833949360199875	D:0.0702639531621886	D:0.413117112440843	D:-0.144838639296626	D:-2.76318952248375	D:0.00597679153042598	D:0.0301065764783351	D:-0.155578387293528	D:-2.99614922120123	D:0.00289457488212026	D:0.0247539990247318	D:2.45187854296417	D:0.0873519909021739	D:0.860742263980279	D:0.103950290603293	D:-0.116756944755588	D:0.156326092080524	D:9.22139294435194	N:	N:	N:	N:	N:	N:	N:	N:
S:ECD	D:-0.0197448795252265	D:0.0705178903067978	D:0.413824031647413	D:-0.0620813868642062	D:-4.05641147411936	D:0.0000594647334325458	D:0.00120664626791835	D:-0.0470884017705154	D:-2.95608117099219	D:0.00328966471679338	D:0.0269168515212981	D:0.99709948545701	D:0.369811388550511	D:0.959270072771647	D:-0.0258947614441885	D:-0.0163273439435437	D:0.0306124293466266	D:15.8511643621502	N:	N:	N:	N:	N:	N:	N:	N:
S:KIT	D:-0.0250801809125195	D:0.0705513099048516	D:0.413824031647413	D:-0.120450552203644	D:-3.21990573397404	D:0.00138243706693134	D:0.0108746982390249	D:-0.128759759697126	D:-3.39030061562185	D:0.000763562094631226	D:0.0107965028156214	D:0.408313318131356	D:0.665031649835167	D:0.985706471962942	D:0.0285582366778605	D:0.0353167344664714	D:0.045418549245038	D:2.59734050558166	N:	N:	N:	N:	N:	N:	N:	N:
S:BHLHB9	D:-0.0145247784527709	D:0.0708069946923557	D:0.414209593347198	D:-0.260778808130734	D:-4.52215331443542	D:0.00000798447842229364	D:0.000312674735170421	D:-0.254109445593216	D:-4.35976808041547	D:0.0000163601822407761	D:0.00112568422946128	D:0.844082681629235	D:0.430672692549917	D:0.966078042387016	D:-0.0258390760330547	D:-0.0946702282466781	D:0.0981331236969461	D:13.0177560636904	N:	N:	N:	N:	N:	N:	N:	N:
S:ZMYM5	D:-0.0268864604221773	D:0.070933345387412	D:0.414253515857152	D:-0.0567396033765647	D:-3.28405676301516	D:0.00110935302989341	D:0.00933184139352011	D:-0.0479731729841026	D:-2.71136515673391	D:0.0069729470971225	D:0.0438270695480446	D:0.403758968019226	D:0.668061528571535	D:0.985706471962942	D:0.00646323732695284	D:-0.019873627349178	D:0.0208981937199968	D:10.7989736341448	N:	N:	N:	N:	N:	N:	N:	N:
S:ZHX1	D:-0.0233993623038211	D:0.0709633754612729	D:0.414262248300382	D:-0.128514549231155	D:-3.62815249738801	D:0.000320775481749261	D:0.00397581492081109	D:-0.124436398286993	D:-3.44644592580103	D:0.000624700041095072	D:0.00957432431610887	D:0.900855893502812	D:0.406997826626067	D:0.96415212136371	D:0.020664679911305	D:-0.0603252790650352	D:0.0637665138619877	D:10.7393924499028	N:	N:	N:	N:	N:	N:	N:	N:
S:YIPF4	D:-0.0193379341485241	D:0.0710141976108935	D:0.414323172651627	D:-0.0566982302064698	D:-2.95039461165617	D:0.00335215087011911	D:0.02014279832503	D:-0.0557931623896124	D:-2.9154601100519	D:0.00373997790035834	D:0.0292917467538687	D:1.28756100654373	D:0.277019568832478	D:0.945709188426878	D:-0.038204806216991	D:0.0196745211538085	D:0.0429731776892225	D:19.8164891039852	N:	N:	N:	N:	N:	N:	N:	N:
S:ZNF236	D:-0.025874279979353	D:0.0711306082791968	D:0.41454484800008	D:-0.0853073169247254	D:-5.34121656983736	D:0.000000151953768273386	D:0.0000251638015748325	D:-0.0777984093327645	D:-4.67427350780384	D:0.00000396942555942888	D:0.000528742645411114	D:4.04434656184516	D:0.0182014142963626	D:0.724595174151691	D:0.0320010594884986	D:-0.0545581124555303	D:0.06325073472377	D:9.9737497696988	N:	N:	N:	N:	N:	N:	N:	N:
S:TUG1	D:-0.037545445969125	D:0.0712674774241908	D:0.414892012694309	D:-0.08386437348741	D:-5.30722804783224	D:0.000000181025582952985	D:0.0000280747691784466	D:-0.080860498977267	D:-5.11834303938597	D:0.000000468284103263561	D:0.000152512327697887	D:3.1338643911676	D:0.0445595431460359	D:0.821701589300434	D:-0.0459337766226968	D:-0.0281698530042287	D:0.0538836937589069	D:15.8986945412588	N:	N:	N:	N:	N:	N:	N:	N:
S:CNOT6L	D:-0.0277102802147118	D:0.0713129174006939	D:0.414892012694309	D:-0.0787517084732235	D:-4.32738273008561	D:0.0000188998471130856	D:0.000560427788219736	D:-0.0683584737150146	D:-3.60106766676123	D:0.000354425710930467	D:0.00679669560087562	D:0.83238881544398	D:0.435718417174137	D:0.966102458322465	D:-0.00246178416922256	D:-0.0316067779022747	D:0.031702504485601	D:12.2969102597432	N:	N:	N:	N:	N:	N:	N:	N:
S:SLC33A1	D:-0.0261337630708714	D:0.0713536961996662	D:0.414892012694309	D:-0.102568653011879	D:-3.80719895831806	D:0.000161589034971904	D:0.00246303536067549	D:-0.0917218198455247	D:-3.35473802768179	D:0.000865865858860698	D:0.0117092628013819	D:0.564562827181426	D:0.569035479465595	D:0.980643998962624	D:-0.000266868304592695	D:-0.0376433698715261	D:0.0376443158255867	D:12.0270789985709	N:	N:	N:	N:	N:	N:	N:	N:
S:NUPL2	D:-0.0221645635657151	D:0.0720035683170655	D:0.41698554619241	D:-0.0929943839787346	D:-2.70088688927427	D:0.00719660148200304	D:0.0344003888355728	D:-0.0950293946602835	D:-2.75914481618289	D:0.00604624006839782	D:0.0395545956399605	D:0.683869774282689	D:0.505216003218128	D:0.971534152892322	D:-0.0059932783967496	D:-0.0517783220198905	D:0.0521240253351218	D:12.4401690414271	N:	N:	N:	N:	N:	N:	N:	N:
S:SUSD3	D:-0.048257042187261	D:0.0720094957783047	D:0.41698554619241	D:-0.089104356965435	D:-3.87415923304008	D:0.000124165960009651	D:0.00207006455561795	D:-0.0701547064008587	D:-2.83802337326541	D:0.00475734295290381	D:0.0338906523196746	D:2.04948465693789	D:0.130075239623612	D:0.89154691598913	D:0.0140385731599645	D:-0.0638709282351293	D:0.0653955427379016	D:11.1735821248456	N:	N:	N:	N:	N:	N:	N:	N:
S:DLG1	D:-0.0268320605335735	D:0.0729926219760121	D:0.419378773406039	D:-0.0589258498130171	D:-2.94754536135498	D:0.00338255359340931	D:0.020269389686848	D:-0.0565938775341591	D:-2.80715991170298	D:0.0052285780396802	D:0.0359253317416986	D:2.23205806575929	D:0.108566694602573	D:0.876389783521771	D:-0.0374722820362724	D:-0.0423704675051783	D:0.0565634903238238	D:14.7659615736953	N:	N:	N:	N:	N:	N:	N:	N:
S:SIRT5	D:-0.0249668283614928	D:0.0731556844355247	D:0.419772852096113	D:-0.0481361056112461	D:-2.70436632713835	D:0.00712297348050143	D:0.0341570612963138	D:-0.0481439286372898	D:-2.70541865157206	D:0.00709682307568915	D:0.0442926847344343	D:0.451354405687009	D:0.637070693885177	D:0.984731703218706	D:0.0176322823617676	D:-0.0151609360154311	D:0.0232540611968984	D:8.71268335181586	N:	N:	N:	N:	N:	N:	N:	N:
S:ZNF582	D:-0.0221523223249115	D:0.073646803067087	D:0.421571535766441	D:-0.292853286820031	D:-4.62356698596112	D:0.00000503523151731001	D:0.00023315985563923	D:-0.289604592605297	D:-4.52199343997802	D:0.00000796091039315747	D:0.00077782074996345	D:1.88217847825422	D:0.153527885211419	D:0.89848811954488	D:0.0232440659354594	D:-0.160115312065062	D:0.161793695053003	D:11.4493352736638	N:	N:	N:	N:	N:	N:	N:	N:
S:XPOT	D:-0.0245752958164737	D:0.0736655098506963	D:0.421571535766441	D:-0.0555099550062256	D:-3.04795389776692	D:0.0024503206878898	D:0.0161598773412267	D:-0.0524186119245578	D:-2.82644383786781	D:0.00492942520987728	D:0.0346122522551966	D:1.19574640876373	D:0.303495922628501	D:0.955635606725854	D:-0.0146731071083784	D:-0.0343235577638952	D:0.0373283630740138	D:13.543093736264	N:	N:	N:	N:	N:	N:	N:	N:
S:USP25	D:-0.0220492321428245	D:0.0739031180831504	D:0.422150635557293	D:-0.0610559619769053	D:-3.25829167536584	D:0.00121238630768052	D:0.00995830537768817	D:-0.0644785299077372	D:-3.47163317241354	D:0.000570404240126041	D:0.00909157361851791	D:2.72768536864039	D:0.0665176477084645	D:0.847670464859297	D:-0.0494046368273185	D:-0.0321748228695136	D:0.0589579287859047	D:15.7950513428337	N:	N:	N:	N:	N:	N:	N:	N:
S:C16ORF88	D:-0.0186349144687173	D:0.0748010293323711	D:0.424541540594679	D:-0.0754835032509659	D:-3.53250178195323	D:0.000457528918203664	D:0.00507584944123139	D:-0.068684537257148	D:-3.17824875386246	D:0.00159017709592448	D:0.0169704725405725	D:3.03253015448121	D:0.0492400873833647	D:0.832973145363817	D:-0.0258685711663273	D:-0.0641952541034601	D:0.069211369178735	D:13.463187323619	N:	N:	N:	N:	N:	N:	N:	N:
S:BICD1	D:-0.0139833544090693	D:0.074849293494245	D:0.424602394598451	D:-0.0977364826540728	D:-3.83957791717262	D:0.000142329508956204	D:0.00225935088100176	D:-0.0815474553813978	D:-2.99405256088382	D:0.00291411999485111	D:0.024866733108902	D:0.587057722712537	D:0.556411884003248	D:0.977958477099463	D:-0.0379892550419044	D:-0.0149144872080269	D:0.0408120745284684	D:16.5710100930095	N:	N:	N:	N:	N:	N:	N:	N:
S:CENPN	D:-0.0163441684059835	D:0.0751053122893699	D:0.424884950394378	D:-0.111320124151941	D:-3.32624744819676	D:0.000958015879805119	D:0.00842510724899722	D:-0.102071943279567	D:-3.04174244495332	D:0.00249816649194455	D:0.0225377061029957	D:0.367518878668844	D:0.692670605587782	D:0.986869111240858	D:0.0342111931066149	D:-0.0208636833374859	D:0.0400711743799078	D:8.0917940919936	N:	N:	N:	N:	N:	N:	N:	N:
S:TOPORS	D:-0.0328869102623299	D:0.0752122033634485	D:0.425114237675389	D:-0.0702247549375126	D:-2.68940570441727	D:0.00744444184864585	D:0.0351466146809347	D:-0.0803037108139079	D:-3.06738765082443	D:0.00229773547940169	D:0.0213403274729033	D:0.269638922741851	D:0.763786020536618	D:0.989044741352382	D:0.00339278044312555	D:-0.0247931836062338	D:0.0250242464915065	D:11.480523742067	N:	N:	N:	N:	N:	N:	N:	N:
S:RCHY1	D:-0.0178249189880245	D:0.0752136906356528	D:0.425114237675389	D:-0.0923754374377198	D:-3.35627071604352	D:0.000862263815163423	D:0.00782605537023151	D:-0.0884529954274607	D:-3.19676260924052	D:0.00149382677281555	D:0.0163077480265859	D:0.931106165357591	D:0.39492177309616	D:0.960380452490487	D:-0.0124075378189216	D:-0.047319448193079	D:0.0489190880130186	D:12.9795100573893	N:	N:	N:	N:	N:	N:	N:	N:
S:C10ORF68	D:-0.0107611761578449	D:0.0754372621724693	D:0.425944630218216	D:-0.179749457801948	D:-2.79012316926102	D:0.00550993983783886	D:0.0285975390096173	D:-0.183975154430469	D:-2.8204135372868	D:0.00502126061266743	D:0.035005513247283	D:4.01362931053348	D:0.018758438625169	D:0.726283072612332	D:-0.114345902317407	D:-0.212809689433921	D:0.241584248852743	D:13.8833212366621	N:	N:	N:	N:	N:	N:	N:	N:
S:SCAI	D:-0.0101424952675548	D:0.0754826994288533	D:0.425944630218216	D:-0.111436060842113	D:-4.28533526120381	D:0.0000226699226165406	D:0.000634660398065644	D:-0.10065728931809	D:-3.76066182572072	D:0.000193260786258319	D:0.00461112212976046	D:1.81008860865609	D:0.164901739692311	D:0.905642135745634	D:-0.0214282766982095	D:-0.062533902806395	D:0.0661034041669162	D:13.2609914867785	N:	N:	N:	N:	N:	N:	N:	N:
S:LRP12	D:-0.00852559356689605	D:0.0757027775390939	D:0.426673765319742	D:-0.220310108332408	D:-5.06552044738701	D:0.000000612312803803065	D:0.0000623187734328942	D:-0.205671784182198	D:-4.64470946990328	D:0.00000455042309779292	D:0.000560784311310322	D:1.07887961028692	D:0.340907581120512	D:0.95707960515839	D:-0.0705513158071313	D:-0.0524558558012593	D:0.0879153284129684	D:15.5579132822328	N:	N:	N:	N:	N:	N:	N:	N:
S:MON2	D:-0.0305778615249071	D:0.076047426760586	D:0.427673333961722	D:-0.0563354364492379	D:-3.18484861821122	D:0.00155676930331286	D:0.0118150536614121	D:-0.0549203141784741	D:-3.09697732481553	D:0.00208489943289167	D:0.0200694678907075	D:0.27776657728286	D:0.757611329662452	D:0.989044741352382	D:-0.0170101229746994	D:-0.00668741213409381	D:0.018277466035138	D:16.5692048337066	N:	N:	N:	N:	N:	N:	N:	N:
S:NOL8	D:-0.025376405218817	D:0.0767885924607966	D:0.428971216472947	D:-0.134320882810007	D:-6.69201261535543	D:0.000000000070963657923262	D:0.000000154077871053163	D:-0.106219064623001	D:-4.54891932141996	D:0.00000704896584403027	D:0.000710019801846369	D:1.75071756297234	D:0.174902103785724	D:0.911646308369385	D:-0.00542371081869364	D:-0.0562862926204132	D:0.0565470014766088	D:12.3669327477989	N:	N:	N:	N:	N:	N:	N:	N:
S:C3ORF58	D:-0.0210747200111897	D:0.0771551013234701	D:0.429477239317521	D:-0.065570947905968	D:-3.41766539059117	D:0.000693543514477364	D:0.00675263269377288	D:-0.0558915939265405	D:-2.8374483034022	D:0.00476575855044297	D:0.0339015973186043	D:0.929614168365923	D:0.395508856836727	D:0.960380452490487	D:-0.0303599840622086	D:-0.020208731107267	D:0.0364708300594239	D:15.7567194552514	N:	N:	N:	N:	N:	N:	N:	N:
S:DTX4	D:-0.0329458139731736	D:0.0773142955804418	D:0.429849001922337	D:-0.234617644082911	D:-3.55369372624895	D:0.000423198316939967	D:0.00479512050818995	D:-0.23671256724451	D:-3.57771116309468	D:0.000386614171680058	D:0.00717168657992412	D:0.0485201069460325	D:0.952643472656605	D:0.996760838460121	D:-0.0158970292208051	D:0.0227217904948113	D:0.0277307645285381	D:21.6681266922269	N:	N:	N:	N:	N:	N:	N:	N:
S:SPRY2	D:-0.0179713467882858	D:0.0776081426232304	D:0.430267087326261	D:-0.101375532602397	D:-3.29842239143994	D:0.00105549480502142	D:0.00901530010049275	D:-0.0955291319769524	D:-3.12402497325859	D:0.00190637868664726	D:0.0189682804341336	D:0.649331870647964	D:0.522913323259205	D:0.973741471852133	D:-0.0479513919613161	D:-0.00913779053263928	D:0.0488142930589614	D:17.2807245732803	N:	N:	N:	N:	N:	N:	N:	N:
S:NCOA3	D:-0.0253531789678662	D:0.0777089654218744	D:0.430343499219668	D:-0.0688474282099773	D:-3.26244603384768	D:0.00119519452642842	D:0.0098462463073094	D:-0.0621519103201872	D:-2.92904792827933	D:0.00358344342466037	D:0.028474224417344	D:0.986523464433575	D:0.373724872557435	D:0.959577389001284	D:-0.0179355174284597	D:-0.0345541156278356	D:0.0389316027444082	D:13.8287890338778	N:	N:	N:	N:	N:	N:	N:	N:
S:ZNF566	D:-0.0240691660146772	D:0.0778349689738762	D:0.430343499219668	D:-0.117662649868718	D:-3.14357617974529	D:0.00178795857178896	D:0.0129882893871108	D:-0.106144479941938	D:-2.8127126442193	D:0.00514079368167086	D:0.0355220117869627	D:2.32661879005994	D:0.0988703842168333	D:0.867938343868143	D:-0.0841150186465394	D:-0.0700892640981086	D:0.109489000834431	D:15.3464717375058	N:	N:	N:	N:	N:	N:	N:	N:
S:NOLC1	D:-0.0322035734381189	D:0.07851402993092	D:0.431873586001572	D:-0.0904782885271171	D:-5.01263102804557	D:0.000000794483005071475	D:0.000073578163043136	D:-0.0800470159136109	D:-4.24113487568481	D:0.0000273235561368691	D:0.00151908826884038	D:2.28865285327341	D:0.102654286207251	D:0.870946539528028	D:0.0105548072831994	D:-0.0516555719581691	D:0.0527228799584304	D:11.2301128508837	N:	N:	N:	N:	N:	N:	N:	N:
S:ATAD5	D:-0.0112875975793849	D:0.0789283078986441	D:0.433042868773571	D:-0.115745164488234	D:-4.74904803758471	D:0.00000281326242377728	D:0.000162537453850594	D:-0.102912161988233	D:-4.00690251671285	D:0.0000726609813274641	D:0.00262156082944749	D:2.13053116326541	D:0.120043920558316	D:0.888724539846668	D:-0.0286531884115111	D:-0.0628534149396029	D:0.0690764574635632	D:13.6337981202887	N:	N:	N:	N:	N:	N:	N:	N:
S:KIAA1324L	D:-0.0295661603393013	D:0.0799715987578864	D:0.435829274826367	D:-0.109368508464724	D:-3.68880375797246	D:0.000255067245703172	D:0.00339527864324637	D:-0.0929008803540259	D:-2.9918400842577	D:0.00293487576696467	D:0.0249732713613322	D:3.27174608568342	D:0.038900089173841	D:0.812991061546552	D:0.0364408303300185	D:-0.0981477230134988	D:0.104694363018625	D:10.6420511133872	N:	N:	N:	N:	N:	N:	N:	N:
S:SCAMP1	D:-0.025014098897822	D:0.0801145782622751	D:0.43612207515118	D:-0.0831685521950959	D:-3.40891907283974	D:0.000715536209398399	D:0.00689802322045096	D:-0.0772222676007431	D:-3.1642161164803	D:0.00166699641057069	D:0.017502351384532	D:1.42962842830587	D:0.240549355635031	D:0.933266293860831	D:-0.0582410390867097	D:0.00336786771791577	D:0.0583383335969157	D:18.220634745603	N:	N:	N:	N:	N:	N:	N:	N:
S:UTP20	D:-0.0228813959880602	D:0.0809507900311845	D:0.438110635984169	D:-0.131949828650877	D:-5.54189309721731	D:0.000000053066560425608	D:0.0000127968431587213	D:-0.11079545820651	D:-4.35776587031428	D:0.0000165040227441121	D:0.00112764023931012	D:1.95179886103996	D:0.143292167542868	D:0.893013200900893	D:0.000154563508520356	D:-0.0651015843414855	D:0.0651017678227689	D:11.9909312805465	N:	N:	N:	N:	N:	N:	N:	N:
S:ZNF124	D:-0.0195950336871497	D:0.0814086732342086	D:0.439310918400379	D:-0.0821083834747458	D:-3.60906844270881	D:0.000344541554749144	D:0.00415854633808093	D:-0.0674295479616302	D:-2.83744978318911	D:0.00476573687783615	D:0.0339015973186043	D:1.57697324036435	D:0.207808682981216	D:0.927138374549935	D:-0.0280790893851449	D:-0.0476330154326152	D:0.055293213145039	D:14.0345891966629	N:	N:	N:	N:	N:	N:	N:	N:
S:MSH6	D:-0.0239640835435379	D:0.0815164928208973	D:0.439341689484788	D:-0.0715238055140054	D:-3.36352212936562	D:0.000840512275023982	D:0.00768754810521271	D:-0.0696914408600561	D:-3.2522712258769	D:0.00123635290209575	D:0.0145688943898537	D:5.09946210028611	D:0.00647956814405565	D:0.662881684141537	D:0.0150653983676587	D:-0.087929067998769	D:0.0892103538111379	D:11.3518389638428	N:	N:	N:	N:	N:	N:	N:	N:
S:FAM169A	D:-0.0317443093033516	D:0.0816025097737562	D:0.439341689484788	D:-0.101882720726673	D:-4.31979510751652	D:0.0000195325929136157	D:0.00057193928426373	D:-0.0857569283289048	D:-3.42289448194157	D:0.000679800548990056	D:0.0100483982812516	D:0.510359128636427	D:0.600648212574191	D:0.984208797062414	D:-0.00590483822683397	D:-0.0322234817766122	D:0.0327600349861343	D:12.6922693903506	N:	N:	N:	N:	N:	N:	N:	N:
S:KIAA1731	D:-0.026377500892542	D:0.0816162288901562	D:0.439341689484788	D:-0.0929052366496386	D:-4.54287367536978	D:0.00000727169375703653	D:0.000296026770792597	D:-0.0882324645485997	D:-4.20587731273077	D:0.000031750712489441	D:0.00164573122746993	D:0.359863738842008	D:0.697984293478134	D:0.987534244143049	D:-0.000271538244510659	D:-0.0230567810603507	D:0.0230583799492327	D:12.0449825039252	N:	N:	N:	N:	N:	N:	N:	N:
S:SEC23IP	D:-0.0214497957130988	D:0.0819435721984712	D:0.440022676058542	D:-0.0737141710829293	D:-4.23402001520212	D:0.0000282478624344708	D:0.000727683045517277	D:-0.0642363444322204	D:-3.56197724552783	D:0.000409821829481655	D:0.00742887603886922	D:2.60475569668299	D:0.0751037326136771	D:0.850339905642804	D:-0.019850080156534	D:-0.0497038677736839	D:0.0535210253441083	D:13.4513421713506	N:	N:	N:	N:	N:	N:	N:	N:
S:C6ORF211	D:-0.0303356830523142	D:0.0824004402656212	D:0.441250247086241	D:-0.0856899806815643	D:-2.58949379287828	D:0.0099472550596851	D:0.0434270132085135	D:-0.0910097758528996	D:-2.75303497424097	D:0.00615818526004182	D:0.0401657972436058	D:0.94120575558986	D:0.390970656881698	D:0.960227634080898	D:-0.0567848033122312	D:-0.0259709443984775	D:0.0624420038127989	D:16.3615111065035	N:	N:	N:	N:	N:	N:	N:	N:
S:LRCH1	D:-0.0274644198815912	D:0.0825469714436499	D:0.441780627611173	D:-0.086518708093334	D:-4.5542827671771	D:0.00000690571672395022	D:0.000285295159625182	D:-0.0762574604068779	D:-3.91994318250876	D:0.000103248512268945	D:0.00317460815246683	D:1.68907516750002	D:0.1859304690557	D:0.921744746511297	D:-0.0121045307686788	D:-0.0447220098077049	D:0.0463311755340866	D:13.0096600348759	N:	N:	N:	N:	N:	N:	N:	N:
S:TRAF3IP3	D:-0.0416242699048702	D:0.0828185477089018	D:0.44269869708174	D:-0.079569589658042	D:-4.27705370125855	D:0.0000234926859272641	D:0.000650241608646838	D:-0.0664254006340505	D:-3.43097668701695	D:0.000660399897992628	D:0.00986611193170791	D:0.946441472411856	D:0.388938019611013	D:0.960227634080898	D:-0.00706398485165155	D:-0.0337511838840438	D:0.0344824925949227	D:12.7880757570475	N:	N:	N:	N:	N:	N:	N:	N:
S:FANCF	D:-0.0317863775602632	D:0.0830093189009181	D:0.443235142629543	D:-0.0731656384416258	D:-3.2949147565447	D:0.00106841653616567	D:0.0090931740127236	D:-0.0674296774003144	D:-2.97293201245397	D:0.00311785741257148	D:0.0260486381005848	D:4.75285416399994	D:0.00909196792434231	D:0.682205037020486	D:-0.0146913213033615	D:-0.0892948071542992	D:0.0904952899678325	D:12.6228631389336	N:	N:	N:	N:	N:	N:	N:	N:
S:SMC3	D:-0.0286156686959354	D:0.0832366904091709	D:0.443887193393348	D:-0.0993524756345205	D:-4.01797259253454	D:0.0000696160712302138	D:0.0013603676479096	D:-0.103767032732275	D:-4.15058749879113	D:0.000040097063817244	D:0.00189718335121734	D:2.63880477388645	D:0.0726197619213597	D:0.850339905642804	D:0.000339005361505388	D:-0.074436728505321	D:0.0744375004632074	D:11.9826040696599	N:	N:	N:	N:	N:	N:	N:	N:
S:NUFIP1	D:-0.018838789402155	D:0.0834360622315938	D:0.444250028330256	D:-0.154660242833282	D:-3.76447885414089	D:0.000190783282086125	D:0.00276818937776948	D:-0.155547029751239	D:-3.78926957753262	D:0.000172955557787259	D:0.00429898431802383	D:2.28742163376741	D:0.10277940294061	D:0.870946539528028	D:-0.0525241959055546	D:-0.101928214260831	D:0.114665391543948	D:13.8174874704309	N:	N:	N:	N:	N:	N:	N:	N:
S:MTR	D:-0.0276773959101415	D:0.0838055195296801	D:0.445092521593149	D:-0.0957814837830822	D:-4.40617591713684	D:0.0000133880222330277	D:0.000438216654029471	D:-0.0903206752236479	D:-4.06833238401848	D:0.0000564730979254111	D:0.0023038430199592	D:6.56145348748432	D:0.00156171705840344	D:0.540621307029361	D:0.00848868157773984	D:-0.104116862528845	D:0.104462331860717	D:11.6892643910261	N:	N:	N:	N:	N:	N:	N:	N:
S:GTPBP4	D:-0.0266588013611202	D:0.0840700674005144	D:0.445828535274246	D:-0.0744172185864116	D:-4.98221110092128	D:0.000000921936039485115	D:0.0000801961387941256	D:-0.0664582919980532	D:-4.3058058495554	D:0.0000206890878207592	D:0.0012477946453872	D:2.42305308553495	D:0.0898771428417572	D:0.865619526804081	D:0.000346959653620694	D:-0.0440386408686027	D:0.0440400076130216	D:11.9699068634183	N:	N:	N:	N:	N:	N:	N:	N:
S:RAB25	D:-0.0278037230320795	D:0.0841310279926849	D:0.445912732363793	D:-0.172092090897446	D:-2.58074973966951	D:0.0101986008743763	D:0.0442593189739157	D:-0.177198295630984	D:-2.64428826967692	D:0.0084900480711819	D:0.0494645287295664	D:0.597788448474345	D:0.550489561088355	D:0.977958477099463	D:0.102992936492396	D:-0.0115432020818421	D:0.103637785009276	D:6.42632579105582	N:	N:	N:	N:	N:	N:	N:	N:
S:EPHA4	D:-0.031098399629834	D:0.0842005229480361	D:0.445912732363793	D:-0.0941658568731848	D:-4.72082503267991	D:0.0000032103933688177	D:0.000176716329070611	D:-0.0780166879961323	D:-3.51883745066305	D:0.000480328453034617	D:0.00815473353670673	D:2.18929731918363	D:0.113259785401388	D:0.880003764027248	D:0.017014260015334	D:-0.0584306917117558	D:0.0608574627944975	D:10.917674986439	N:	N:	N:	N:	N:	N:	N:	N:
S:PLA2G12A	D:-0.0223076899368192	D:0.0843853828610121	D:0.446144352273318	D:-0.0736779606136686	D:-5.0127837522103	D:0.000000793888280202873	D:0.000073578163043136	D:-0.060358813408359	D:-3.84351705245394	D:0.000139858007815521	D:0.0037696073527215	D:0.842128482261705	D:0.431511795693398	D:0.966078042387016	D:-0.00619637336308233	D:-0.0256575395178111	D:0.0263951582106029	D:12.905142144903	N:	N:	N:	N:	N:	N:	N:	N:
S:ATMIN	D:-0.0234906159118613	D:0.0852289816655883	D:0.447903892619109	D:-0.0499678035656773	D:-3.71808287936563	D:0.000228092767575741	D:0.00312103686187396	D:-0.0422962390799462	D:-3.05068917435142	D:0.00242648817651997	D:0.0221053638495929	D:0.7844186508796	D:0.457046051619174	D:0.967692421145506	D:0.00254289450021071	D:-0.0224387589749106	D:0.0225823873134205	D:11.5689655664537	N:	N:	N:	N:	N:	N:	N:	N:
S:CCL28	D:-0.0240502585548918	D:0.086456457707194	D:0.451204559472959	D:-0.106644508950831	D:-4.0408571890166	D:0.0000633903062707547	D:0.00127177615486326	D:-0.0761367043924746	D:-2.6881366078388	D:0.00746817195869505	D:0.0455621443162223	D:1.20181910598371	D:0.301668768333758	D:0.954093587559266	D:0.0588965494193546	D:-0.019116549838325	D:0.0619212888369391	D:7.19882083520017	N:	N:	N:	N:	N:	N:	N:	N:
S:DCP1A	D:-0.0230202361619687	D:0.0870761699389164	D:0.452063970051182	D:-0.097158530314009	D:-5.88334008512666	D:0.00000000824900169975053	D:0.00000319205505763348	D:-0.0856602775457154	D:-4.99410373451516	D:0.000000865308370560874	D:0.000198929304342706	D:0.95250212387845	D:0.386598376450026	D:0.960227634080898	D:0.0132284953678107	D:-0.0284646485239849	D:0.0313883625773978	D:10.3382730541311	N:	N:	N:	N:	N:	N:	N:	N:
S:ABCA5	D:-0.0342476299661006	D:0.0874805822998349	D:0.452983868643487	D:-0.102304626843892	D:-4.33307642713047	D:0.0000184379576052088	D:0.000551823037948464	D:-0.0957663753209047	D:-4.01430156086506	D:0.0000705002115808461	D:0.00257503670000245	D:0.635452756150412	D:0.530199265956517	D:0.975430279911244	D:-0.0187914465509878	D:-0.0298802193647169	D:0.0352979598951871	D:14.1443653564635	N:	N:	N:	N:	N:	N:	N:	N:
S:KLHL24	D:-0.0169389318648913	D:0.0876280467694087	D:0.453158937434537	D:-0.0637334428982307	D:-5.45194193248904	D:0.0000000853697125865606	D:0.0000178860733874472	D:-0.0626011422966941	D:-5.36798630089374	D:0.000000131383058897722	D:0.0000733530386834398	D:0.389037110679378	D:0.67795076128062	D:0.986364991209785	D:0.000450105646573894	D:0.0133147430654141	D:0.0133223488165965	D:0.129076651823299	N:	N:	N:	N:	N:	N:	N:	N:
S:COCH	D:-0.0206120892631031	D:0.0879577817812106	D:0.453687246260134	D:-0.122856603843783	D:-3.23708578692114	D:0.00130376894395268	D:0.0104671113121525	D:-0.104694811644192	D:-2.70309439592713	D:0.0071457778519723	D:0.0444504748377562	D:0.330128784299089	D:0.719015739551672	D:0.988438761294391	D:0.0288979714631215	D:-0.0316194758639032	D:0.0428355460872316	D:9.17165928693069	N:	N:	N:	N:	N:	N:	N:	N:
S:KDSR	D:-0.0297764761040635	D:0.0885206665045656	D:0.454944987092585	D:-0.048305870094562	D:-3.1662597140427	D:0.00165724597378157	D:0.0123227715272701	D:-0.043891461340907	D:-2.83779035854968	D:0.00476075127258107	D:0.0338906523196746	D:1.67532324410615	D:0.188484627559572	D:0.921744746511297	D:0.00546260632462781	D:-0.0364646617096978	D:0.0368715557233562	D:11.4320089573327	N:	N:	N:	N:	N:	N:	N:	N:
S:CEP192	D:-0.0312947056289197	D:0.0886503251482057	D:0.455072756094615	D:-0.074935366692834	D:-6.00842200336323	D:0.00000000407970122715809	D:0.00000221448449110823	D:-0.0726204831569651	D:-5.66437892800783	D:0.0000000272649566281933	D:0.0000332990323419703	D:1.96641734735448	D:0.141231591032416	D:0.893013200900893	D:-0.00894777256700079	D:-0.0317146967678806	D:0.032952763541005	D:13.0503684941225	N:	N:	N:	N:	N:	N:	N:	N:
S:NFE2L2	D:-0.0145781519055096	D:0.0899823884866337	D:0.458431271608337	D:-0.083734434672537	D:-3.20713915301814	D:0.00144371643426626	D:0.011217360970973	D:-0.0903224618689882	D:-3.4389464813146	D:0.000641776034567969	D:0.00973923290568558	D:1.42902717208621	D:0.240693061821005	D:0.933266293860831	D:-0.0256452989415515	D:-0.0519525522112433	D:0.0579374579962178	D:13.7514862415601	N:	N:	N:	N:	N:	N:	N:	N:
S:FRA10AC1	D:-0.0241153839134013	D:0.0901658326937586	D:0.458551091560277	D:-0.127368216497388	D:-3.98582581468941	D:0.0000793486789743325	D:0.00150080019677343	D:-0.131137906399104	D:-4.12403043395549	D:0.0000448127576010569	D:0.00200845434927122	D:1.05564139865662	D:0.348881818935116	D:0.959270072771647	D:-0.0215584968464773	D:-0.0560457282705349	D:0.0600490836204367	D:13.4026460439382	N:	N:	N:	N:	N:	N:	N:	N:
S:MPHOSPH10	D:-0.0264348255405768	D:0.0915070534252234	D:0.461382164057428	D:-0.105295178142457	D:-4.13448831760045	D:0.000043009352997871	D:0.000967141273799076	D:-0.0825189620615461	D:-2.99335243483884	D:0.00292067345825925	D:0.0249009742571502	D:1.9716014636118	D:0.140508026953641	D:0.893013200900893	D:-0.0134350312638877	D:-0.0695696492702852	D:0.0708550362687941	D:12.7286797530037	N:	N:	N:	N:	N:	N:	N:	N:
S:TSPYL4	D:-0.0442868508686874	D:0.0922329059202274	D:0.462490191202578	D:-0.088794973767933	D:-3.68185461028757	D:0.000261896326151071	D:0.00346025429974177	D:-0.0758653860048859	D:-3.09256400832592	D:0.00211544801675641	D:0.0202537823103563	D:1.75244856784905	D:0.174602085743765	D:0.911587746465428	D:-0.0217668806259378	D:-0.055592189388287	D:0.0597016634036859	D:13.4255074432417	N:	N:	N:	N:	N:	N:	N:	N:
S:TNFSF4	D:-0.0355752944732325	D:0.0922706600573002	D:0.462578481840432	D:-0.107032741811241	D:-3.59240216587904	D:0.000366639248527928	D:0.00434475291418085	D:-0.104578881580723	D:-3.51490115208386	D:0.000487297906998767	D:0.00823413783973761	D:1.92459021791207	D:0.147208189253926	D:0.893013200900893	D:-0.0684611419705508	D:0.0436434755082769	D:0.081189167469272	D:20.1678141061892	N:	N:	N:	N:	N:	N:	N:	N:
S:FAM98A	D:-0.026468751812955	D:0.092992688693612	D:0.464345484109348	D:-0.0829866710981516	D:-5.23863348676251	D:0.000000257024662175814	D:0.0000366607220699094	D:-0.0625427299350084	D:-3.49716122519352	D:0.00051989806479978	D:0.0086023014736954	D:1.2052547138454	D:0.300639961184443	D:0.953961869857784	D:0.00567981668456956	D:-0.0357271318883738	D:0.0361757967505841	D:11.3977896323787	N:	N:	N:	N:	N:	N:	N:	N:
S:PDS5B	D:-0.0181324501364544	D:0.0931677117630974	D:0.464487616788373	D:-0.0778714139010808	D:-4.64200054810759	D:0.00000462627282134518	D:0.000219422323305597	D:-0.0719209257189602	D:-4.14079440523272	D:0.0000417781732652594	D:0.00192857036888857	D:1.54263902725017	D:0.215013609056514	D:0.927783481998367	D:-0.000338033385422888	D:-0.0395279283645037	D:0.0395293737283934	D:12.0326645235406	N:	N:	N:	N:	N:	N:	N:	N:
S:ZCCHC14	D:-0.0214714332940096	D:0.0934825529513802	D:0.464831293937827	D:-0.087807889880065	D:-4.80729055303117	D:0.0000021378347961424	D:0.000136423321770452	D:-0.0775499552943609	D:-4.11421595027651	D:0.0000466855351646978	D:0.00207809121333339	D:1.60666190156486	D:0.201774440626548	D:0.926427242547783	D:0.0155047653859039	D:-0.0417499280579042	D:0.0445359881726239	D:10.6417599864223	N:	N:	N:	N:	N:	N:	N:	N:
S:ATP10D	D:-0.0248252658990464	D:0.0938903222491671	D:0.465634134875753	D:-0.0758859727604913	D:-4.65447604112798	D:0.00000436782373835306	D:0.000210744799188042	D:-0.0635079527945193	D:-3.7124639449115	D:0.000232638163476571	D:0.00517176604379484	D:0.947684133401704	D:0.38845714836668	D:0.960227634080898	D:0.0164506286509253	D:-0.0268852013354114	D:0.031518839348178	D:9.90254645911636	N:	N:	N:	N:	N:	N:	N:	N:
S:SALL2	D:-0.0102737427920663	D:0.093978340697535	D:0.465680142433275	D:-0.103912594529877	D:-4.19860601195417	D:0.0000328367624335198	D:0.000799082409356675	D:-0.0824692252726117	D:-3.14513042136342	D:0.00177698293974066	D:0.0181611002225274	D:2.93498185626832	D:0.0542120174585845	D:0.83656058396868	D:0.0124157601929151	D:-0.0818070058378586	D:0.0827438052383585	D:11.4246759524368	N:	N:	N:	N:	N:	N:	N:	N:
S:HNRNPR	D:-0.0222748546857855	D:0.0957809852809087	D:0.469688295166166	D:-0.0542825899455084	D:-2.84425713788532	D:0.00467013568031211	D:0.0255549844182154	D:-0.054615687070591	D:-2.86614533874036	D:0.00436191075274816	D:0.0321403084537903	D:3.41760468785099	D:0.0336968108293894	D:0.779148485338359	D:-0.00362548145503029	D:-0.0643969418482088	D:0.0644989165427014	D:12.214819451763	N:	N:	N:	N:	N:	N:	N:	N:
S:ZFP1	D:-0.0300377500497824	D:0.0979172840842652	D:0.473683457849318	D:-0.153512386466678	D:-2.77722518607099	D:0.00572922047143099	D:0.0293305468253165	D:-0.146466064671459	D:-2.65505624018083	D:0.008228104132125	D:0.0485609733753714	D:1.52893092494483	D:0.21795984378691	D:0.927826835934733	D:0.0856929217321743	D:-0.0990569781166286	D:0.130979241670559	D:9.2758225015459	N:	N:	N:	N:	N:	N:	N:	N:
S:ST6GAL1	D:-0.0508969707554438	D:0.0979216328653648	D:0.473683457849318	D:-0.083587680358867	D:-4.69600253954467	D:0.00000360382307033391	D:0.00018879974964449	D:-0.0680879781987746	D:-3.53642508882973	D:0.000450313072946869	D:0.00782879693812701	D:2.3227371183712	D:0.099250733925413	D:0.867938343868143	D:0.0187748031266279	D:-0.0513526871598506	D:0.0546771589512579	D:10.6611554121254	N:	N:	N:	N:	N:	N:	N:	N:
S:PPHLN1	D:-0.0227826809142192	D:0.0980432941622351	D:0.473683457849318	D:-0.0517726997513541	D:-3.42038832573145	D:0.000686826425661241	D:0.00670728394994817	D:-0.0425761197856341	D:-2.722730136213	D:0.00674160357244419	D:0.0428833578805768	D:0.906969435387134	D:0.404527717666666	D:0.963796907670492	D:-0.0142256982847408	D:-0.0236598533114305	D:0.027607230038649	D:14.0677843470225	N:	N:	N:	N:	N:	N:	N:	N:
S:RCBTB1	D:-0.0313082726284803	D:0.0980798943630996	D:0.473683457849318	D:-0.0614510582913078	D:-3.66141510765959	D:0.000282993379689531	D:0.0036622341937173	D:-0.0601623947246378	D:-3.56677205916275	D:0.000402614627607725	D:0.00738038690251647	D:0.539107486075461	D:0.583667834445355	D:0.982115268178959	D:-0.0020942855961377	D:-0.0225706111287303	D:0.0226675653496919	D:12.353412749573	N:	N:	N:	N:	N:	N:	N:	N:
S:KIAA1715	D:-0.0181129076799515	D:0.0991482966470796	D:0.47530555812779	D:-0.0656929862528365	D:-3.42782439953891	D:0.000668790582371441	D:0.00660568569605722	D:-0.0702273508690124	D:-3.65698562491395	D:0.000287288305006193	D:0.00598785705464948	D:1.77490103080983	D:0.170757147638864	D:0.91041816731136	D:-0.036527529040827	D:-0.0319956584035558	D:0.0485590623314072	D:15.2522547281422	N:	N:	N:	N:	N:	N:	N:	N:
S:RB1	D:-0.0212976389222233	D:0.0992026068535754	D:0.475320988374813	D:-0.054943912784017	D:-2.84058561924462	D:0.00472318750839354	D:0.0257582216165838	D:-0.0569533198631476	D:-2.94800332744173	D:0.0033750557914635	D:0.0273659606726093	D:2.63108961424471	D:0.0731752712897901	D:0.850339905642804	D:-0.0226068667334509	D:-0.0530630466671709	D:0.0576780490750715	D:13.5383893646176	N:	N:	N:	N:	N:	N:	N:	N:
S:MTMR2	D:-0.0228037773203758	D:0.0993268290601286	D:0.475671207801679	D:-0.0696899236939038	D:-3.38900722762586	D:0.000768052766474857	D:0.00726101553443888	D:-0.0606839687062361	D:-2.93539131402384	D:0.0035124341756664	D:0.0280721784158271	D:0.414677905588558	D:0.660820585880291	D:0.985706471962942	D:-0.0172767289645881	D:-0.0181707426241332	D:0.0250731180994372	D:14.9036840513029	N:	N:	N:	N:	N:	N:	N:	N:
S:ERLIN2	D:-0.0164017354044545	D:0.0994592399320103	D:0.475888090297789	D:-0.0743365323334868	D:-2.65230141441757	D:0.00829879475697266	D:0.0381562010840289	D:-0.0746446208838982	D:-2.66046533715872	D:0.00809927954849445	D:0.0481053005460471	D:0.165058051543396	D:0.847898931571169	D:0.990538766746216	D:-0.0123197085121949	D:-0.0173001416383404	D:0.0212384113937951	D:14.3636852101298	N:	N:	N:	N:	N:	N:	N:	N:
S:PARG	D:-0.018445172596687	D:0.0996633596471738	D:0.476324129784616	D:-0.133123815416872	D:-2.9789805394696	D:0.00306065852700445	D:0.0188967861852114	D:-0.128692271856799	D:-2.84034099744319	D:0.00472356337994241	D:0.0337612114145774	D:0.91623484106815	D:0.400812813646805	D:0.963711209598891	D:-0.0678469621083185	D:-0.0479438361436415	D:0.0830772031997705	D:15.6502123689168	N:	N:	N:	N:	N:	N:	N:	N:
S:EXOC8	D:-0.0204506714268462	D:0.099842658636464	D:0.476587754839013	D:-0.0664333672943719	D:-2.67541448928797	D:0.0077568353878701	D:0.0362276100177748	D:-0.0720839639193553	D:-2.90100751361481	D:0.00391329920592529	D:0.0300825254850457	D:0.757280961047189	D:0.469572889249508	D:0.967692421145506	D:-0.0216413527256035	D:-0.0338240881186214	D:0.040154913582901	D:14.1741303792378	N:	N:	N:	N:	N:	N:	N:	N:
S:EIF3M	D:-0.0276364371317598	D:0.100253397626229	D:0.477161038156217	D:-0.067522906003196	D:-4.13777341658596	D:0.0000424223129936857	D:0.000957245286616179	D:-0.0567938285874149	D:-3.31673118556186	D:0.000989207037270319	D:0.0127507221077172	D:2.78758414392554	D:0.0626985046543971	D:0.840103863598374	D:0.00285293940390801	D:-0.05239285795244	D:0.0524704757713033	D:11.7922107199584	N:	N:	N:	N:	N:	N:	N:	N:
S:C12ORF65	D:-0.0307909347345406	D:0.100505697184527	D:0.477693161933153	D:-0.103746564919408	D:-5.89889216610967	D:0.00000000756243285325356	D:0.00000319205505763348	D:-0.0765373172156282	D:-3.53594710518935	D:0.000451105047602584	D:0.00783559443129075	D:2.23777609088533	D:0.107954117852001	D:0.876389783521771	D:0.0235918788401003	D:-0.055768195445462	D:0.0605530211504697	D:10.4713302747355	N:	N:	N:	N:	N:	N:	N:	N:
S:LRIG2	D:-0.0221231648039796	D:0.100870676524046	D:0.477942771805823	D:-0.0846922919109531	D:-3.48252628148031	D:0.000549087072643278	D:0.00577798087588707	D:-0.0727423768988317	D:-2.90558753593293	D:0.00385759714453276	D:0.0298303544920122	D:0.180560472200364	D:0.834866347277343	D:0.990538766746216	D:0.020971963819539	D:-0.0035953940260714	D:0.0212779257600633	D:6.6485406640834	N:	N:	N:	N:	N:	N:	N:	N:
S:GNE	D:-0.0260710092353508	D:0.101089490210733	D:0.477961658780543	D:-0.0944664326194056	D:-4.75129044152364	D:0.00000278382345767232	D:0.000162384161750372	D:-0.0835966718815879	D:-4.11736595826103	D:0.0000460764889534513	D:0.00206036766736702	D:2.12866374169595	D:0.120266069153793	D:0.888724539846668	D:-0.0200035796974029	D:-0.0506575122268682	D:0.0544639949482743	D:13.4365343120154	N:	N:	N:	N:	N:	N:	N:	N:
S:TRAF3IP2	D:-0.0302696808837166	D:0.101108645211682	D:0.477971254718502	D:-0.118440673304694	D:-3.91887843185223	D:0.000103914370597307	D:0.00181952573104118	D:-0.109197411130253	D:-3.59682995122914	D:0.000360072505875807	D:0.0068520555948063	D:0.754483947459057	D:0.470883450557072	D:0.967850917475504	D:-0.0229079850091621	D:-0.0430206583582345	D:0.0487396432358293	D:13.8689844167513	N:	N:	N:	N:	N:	N:	N:	N:
S:FBXO33	D:-0.0208212965354237	D:0.101237788923287	D:0.478176796217456	D:-0.0545263332736604	D:-3.13101095608948	D:0.00186439513626292	D:0.0133203453568571	D:-0.0573810805520883	D:-3.27559852338661	D:0.00114096242963425	D:0.0138266550433158	D:0.397518184336552	D:0.672235880051391	D:0.986364991209785	D:-0.00866133492298406	D:0.0188052726389441	D:0.0207040334638718	D:22.3513427885093	N:	N:	N:	N:	N:	N:	N:	N:
S:CXCR4	D:-0.0292336116684731	D:0.101975503429643	D:0.479470401064914	D:-0.0744252549489114	D:-2.83729542336525	D:0.00477119390263101	D:0.0259199054910516	D:-0.0807837849898855	D:-3.09448275191218	D:0.00210211637871093	D:0.0201854821407324	D:2.0951667643599	D:0.124321771138463	D:0.888724539846668	D:-0.0752582528323675	D:0.0069219433075322	D:0.0755759083209275	D:18.3503362677681	N:	N:	N:	N:	N:	N:	N:	N:
S:TDP1	D:-0.026190120946286	D:0.102641730115943	D:0.480740172434298	D:-0.0845310960188195	D:-4.48052166260208	D:0.00000962450006853338	D:0.000349532252243623	D:-0.0648769509337315	D:-3.23037708435734	D:0.00133255672563597	D:0.0152143278532012	D:2.06589722853502	D:0.127977982344704	D:0.890973605600524	D:-0.0297522241255953	D:-0.0446686695355567	D:0.0536701488585268	D:14.2444122153892	N:	N:	N:	N:	N:	N:	N:	N:
S:HECTD1	D:-0.024132493772435	D:0.102950898689187	D:0.48145648374942	D:-0.0562777221158969	D:-2.82614464104633	D:0.00493720641682902	D:0.0265394889505147	D:-0.0582682750484941	D:-2.92740289673536	D:0.00360207102223358	D:0.0285477645018418	D:2.39112360410425	D:0.0927599250019363	D:0.867502138213932	D:0.0238737713169498	D:-0.0525017391049023	D:0.0576748607794873	D:10.3698396171949	N:	N:	N:	N:	N:	N:	N:	N:
S:PSD3	D:-0.00286443518965779	D:0.103513838550753	D:0.482799902748279	D:-0.100157155723019	D:-2.73927940350584	D:0.00642089641450502	D:0.031756703830889	D:-0.0999820350733876	D:-2.74033020977026	D:0.00639698075593971	D:0.0411195397867822	D:1.52863840664596	D:0.218023153780194	D:0.927826835934733	D:-0.0243525533853066	D:-0.0790663578505935	D:0.082731709761991	D:13.1412605707314	N:	N:	N:	N:	N:	N:	N:	N:
S:FASTKD5	D:-0.0228322925638545	D:0.103728661560681	D:0.482923151508545	D:-0.0639362092801696	D:-3.08853307590487	D:0.00214565745495024	D:0.0146928568685311	D:-0.0560280880134044	D:-2.65391368813033	D:0.00825554973020783	D:0.0486788464930571	D:2.96694735249237	D:0.0525295526147988	D:0.83656058396868	D:0.00604002049298177	D:-0.0665458628496711	D:0.0668194111764155	D:11.654251461584	N:	N:	N:	N:	N:	N:	N:	N:
S:KIAA2018	D:-0.0144464277729457	D:0.103733857292726	D:0.482923151508545	D:-0.08865334726891	D:-3.64923693723767	D:0.000296312527438062	D:0.003766600813812	D:-0.0927368094186513	D:-3.82661163613377	D:0.000149469073834103	D:0.00392687678568197	D:0.65325075265435	D:0.520874349002505	D:0.972936095379639	D:-0.00821639096533363	D:-0.0349187151742363	D:0.0358723535597353	D:12.8827244094621	N:	N:	N:	N:	N:	N:	N:	N:
S:SLC25A32	D:-0.0248763886994696	D:0.103864964039484	D:0.483114426007439	D:-0.09411582972492	D:-3.13161147305406	D:0.00186067458535998	D:0.0133038573262054	D:-0.0888387858620928	D:-2.95608535882727	D:0.00328962096397756	D:0.0269168515212981	D:2.91409083293512	D:0.0553407420665743	D:0.83656058396868	D:-0.0471945629986233	D:-0.0824296001613269	D:0.0949840289700708	D:13.9862020488083	N:	N:	N:	N:	N:	N:	N:	N:
S:PIK3C3	D:-0.0137927776572882	D:0.104545505324845	D:0.484373348873908	D:-0.0774189209356139	D:-3.87789285183872	D:0.000122341735910296	D:0.00205561467018322	D:-0.0721873097139272	D:-3.60004827366014	D:0.000355776419298583	D:0.00680816686947742	D:1.03706801262185	D:0.355389868864939	D:0.959270072771647	D:-0.0344886257080885	D:-0.0192289334107477	D:0.0394869242072308	D:16.0572267406773	N:	N:	N:	N:	N:	N:	N:	N:
S:LMAN1	D:-0.0325689999154086	D:0.104621392445493	D:0.484644491809747	D:-0.104225711398311	D:-3.7710231461104	D:0.000186009299890704	D:0.00273293814222875	D:-0.0834238363528365	D:-2.92186392719192	D:0.00366544349618058	D:0.0288467303096516	D:0.423971822685389	D:0.654719436572395	D:0.985706471962942	D:0.0152928036722745	D:-0.0313812949403952	D:0.0349092468594613	D:10.2679330066591	N:	N:	N:	N:	N:	N:	N:	N:
S:DCLRE1A	D:-0.0238365715241219	D:0.104843251453068	D:0.48470297558291	D:-0.115645503197182	D:-3.72369271922242	D:0.00022324127884903	D:0.00308730207359439	D:-0.108954354287775	D:-3.46877302393649	D:0.000576340080590635	D:0.0091563101746517	D:1.88012325279413	D:0.153840963406036	D:0.898985127367628	D:0.00140075833888483	D:-0.0789526418063514	D:0.0789650667835213	D:11.932238601263	N:	N:	N:	N:	N:	N:	N:	N:
S:TMEM204	D:-0.05959438212728	D:0.105710089707913	D:0.486698878876256	D:-0.116797718209264	D:-4.20603717405808	D:0.0000318185253156417	D:0.000780132751810483	D:-0.0904929520564597	D:-3.06176997242714	D:0.00234033212924522	D:0.0216331268389692	D:2.56257377855458	D:0.0782997438136511	D:0.854945016947767	D:0.0114061832506559	D:-0.0863256815111266	D:0.087075968583232	D:11.4982085236432	N:	N:	N:	N:	N:	N:	N:	N:
S:METTL8	D:-0.019463675986492	D:0.10590128982539	D:0.487071147681517	D:-0.0816788742179495	D:-3.58449040901909	D:0.000377588660996246	D:0.00442088677323406	D:-0.0685251397033284	D:-2.87082767553335	D:0.00429905335136075	D:0.0318694239525571	D:3.11697490910218	D:0.0453074042048213	D:0.821701589300434	D:-0.0346842448860532	D:-0.0696166241227585	D:0.0777783465854421	D:13.76555368537	N:	N:	N:	N:	N:	N:	N:	N:
S:POU2AF1	D:-0.0360079820042667	D:0.106758135994014	D:0.488622429582312	D:-0.110888319769146	D:-4.34558369952417	D:0.0000174609255521154	D:0.000527623097035608	D:-0.0878280886294185	D:-3.20966751476884	D:0.00142989078220488	D:0.0158488348128563	D:2.3218536044998	D:0.0993375111510869	D:0.867938343868143	D:0.0536215188505362	D:-0.0596389591166577	D:0.080200204041865	D:9.20274802877418	N:	N:	N:	N:	N:	N:	N:	N:
S:TYW5	D:-0.01308864971917	D:0.106916310909442	D:0.488741331498621	D:-0.0986282062678038	D:-3.19918985795526	D:0.00148313231826572	D:0.0114146863455024	D:-0.0855953162632605	D:-2.70782536735826	D:0.00704645012394595	D:0.0441187702249368	D:0.193880334134929	D:0.8238294568457	D:0.990538766746216	D:-0.0212645528776346	D:-0.0159694879041237	D:0.0265933403882565	D:15.5395853489328	N:	N:	N:	N:	N:	N:	N:	N:
S:LONRF1	D:-0.0249200685679524	D:0.107352451515085	D:0.489125588393487	D:-0.0746673361740373	D:-3.90293676456608	D:0.000110745409609444	D:0.00191004064358177	D:-0.0758387557168311	D:-3.95783317228854	D:0.000088662904682816	D:0.00293224888359314	D:0.0354149396117917	D:0.965207686035751	D:0.996760838460121	D:0.00418148547569403	D:-0.00547217645260217	D:0.00688691047653837	D:9.50768418293629	N:	N:	N:	N:	N:	N:	N:	N:
S:NUP133	D:-0.0215175879607022	D:0.107590202863804	D:0.489381121565966	D:-0.0654259505557013	D:-3.29840028235008	D:0.00105557579601491	D:0.00901530010049275	D:-0.0649778896419201	D:-3.27952994033021	D:0.00112557475614664	D:0.0137216841230017	D:6.4806241222429	D:0.00168911269186082	D:0.540621307029361	D:0.0415269721177076	D:-0.0851259347070627	D:0.0947149099826208	D:10.2663665541671	N:	N:	N:	N:	N:	N:	N:	N:
S:PDP1	D:-0.0225983127090239	D:0.107762675086774	D:0.489533482058339	D:-0.0886072353556229	D:-4.63993857670962	D:0.0000046703815180552	D:0.000220978027225948	D:-0.0761518503466366	D:-3.79191149331307	D:0.0001711855711493	D:0.00429898431802383	D:2.95040251771303	D:0.0533937153270014	D:0.83656058396868	D:-0.000800671820504555	D:-0.0631987233258392	D:0.0632037950235595	D:12.0483898613716	N:	N:	N:	N:	N:	N:	N:	N:
S:ZNF599	D:-0.0140538375958291	D:0.108319032361724	D:0.49086626441336	D:-0.279022347339652	D:-3.44410105286763	D:0.000630843563172462	D:0.00635756269621097	D:-0.271982699235967	D:-3.33031278169197	D:0.000943368941898219	D:0.0123588501026322	D:1.63171448767499	D:0.19681963194808	D:0.922219662881213	D:-0.00856575014854685	D:-0.190845239153507	D:0.191037371692469	D:12.1713263135766	N:	N:	N:	N:	N:	N:	N:	N:
S:URB2	D:-0.0227968311241942	D:0.108414086529162	D:0.49086626441336	D:-0.0949715118949474	D:-5.44650065203321	D:0.0000000878428865642314	D:0.0000178951634340389	D:-0.0933029105957365	D:-5.26956475463135	D:0.00000021812878235001	D:0.000101432510850805	D:3.2738275255467	D:0.0388204335078598	D:0.812991061546552	D:-0.00105999731789919	D:-0.0586830230269331	D:0.0586925956649859	D:12.0689884575345	N:	N:	N:	N:	N:	N:	N:	N:
S:SMN1	D:-0.0307150527205967	D:0.108991971651596	D:0.491661087837073	D:-0.0999185681669267	D:-4.23388416123969	D:0.0000282642357887321	D:0.000727683045517277	D:-0.0848083591107379	D:-3.42298384852038	D:0.000679583155026288	D:0.0100483982812516	D:2.18745914554729	D:0.113466037181977	D:0.880277680269808	D:0.0464393215011026	D:-0.0529214638425885	D:0.0704080387223304	D:9.24883984825248	N:	N:	N:	N:	N:	N:	N:	N:
S:IARS	D:-0.0294265772197366	D:0.109408106577643	D:0.492354120377624	D:-0.119234418743965	D:-4.49035168198301	D:0.00000921037815363965	D:0.000339326720286487	D:-0.101331776205407	D:-3.68073376876919	D:0.000262561704402762	D:0.0056505707772405	D:3.94019283029895	D:0.0201605568752615	D:0.730351563745367	D:-0.0214166445448603	D:-0.0977400614236583	D:0.100058943981342	D:12.8239485889877	N:	N:	N:	N:	N:	N:	N:	N:
S:TOP2B	D:-0.0248240779555704	D:0.110418510519381	D:0.494509086745174	D:-0.0895709357216135	D:-4.21485173081667	D:0.0000306497562733832	D:0.00076409900131899	D:-0.0884335910282423	D:-4.12475877119619	D:0.0000446766659593595	D:0.0020069579988778	D:3.20591942082668	D:0.0415057822667045	D:0.813813159090897	D:0.00486427090789399	D:-0.0703183516134811	D:0.0704863937586719	D:11.7361912763347	N:	N:	N:	N:	N:	N:	N:	N:
S:VRK1	D:-0.0273357435632273	D:0.111259264404101	D:0.495333557109341	D:-0.107997893543821	D:-3.01106073010214	D:0.00276128499807281	D:0.0175931757898079	D:-0.104842948688516	D:-2.89894360129214	D:0.00393863923696661	D:0.0301705015012013	D:1.01830045943053	D:0.362089866542983	D:0.959270072771647	D:0.0513598146082419	D:-0.0485843261553748	D:0.0706984250501014	D:8.89395215321706	N:	N:	N:	N:	N:	N:	N:	N:
S:DNMT3A	D:-0.0284335678016159	D:0.11147908400461	D:0.495724664522148	D:-0.0635706220879941	D:-5.33082662517215	D:0.000000160322491822142	D:0.0000260945486803081	D:-0.0548369796324773	D:-4.46041741274884	D:0.0000104910106092742	D:0.000876763200285147	D:1.5576535886971	D:0.211832473705691	D:0.927560151843468	D:-0.0237581549267107	D:-0.0172476007520458	D:0.0293586385451295	D:15.6014429951943	N:	N:	N:	N:	N:	N:	N:	N:
S:MREG	D:-0.0211542785427985	D:0.11169670901938	D:0.496044537747908	D:-0.127953301372063	D:-4.31957226827979	D:0.0000195514785265939	D:0.00057193928426373	D:-0.11497898093328	D:-3.83355230289795	D:0.000145450003270373	D:0.00387225955573072	D:1.17045940095174	D:0.311224606589054	D:0.956911684216668	D:-0.0549686702624106	D:-0.0303122042178265	D:0.0627724815102991	D:16.0750450766046	N:	N:	N:	N:	N:	N:	N:	N:
S:ZFC3H1	D:-0.0432340777041749	D:0.111698640292736	D:0.496044537747908	D:-0.0506540461145861	D:-3.40622712328444	D:0.000722434930050926	D:0.00694056094794746	D:-0.046326068795714	D:-3.05682023310541	D:0.00237846418817079	D:0.0218503462274452	D:0.0585383264715483	D:0.943149712837514	D:0.996760838460121	D:-0.00570765473372298	D:-0.0040867804211481	D:0.00701990717674171	D:15.6264450196973	N:	N:	N:	N:	N:	N:	N:	N:
S:ESYT2	D:-0.0282376910143831	D:0.11203578604046	D:0.496234521321914	D:-0.0574271310476911	D:-4.02783131406971	D:0.0000668659654273914	D:0.00131716515162969	D:-0.0529644389012898	D:-3.63018777747443	D:0.000317813684940363	D:0.00635184568175969	D:1.84242945456089	D:0.159698095672678	D:0.902968891070543	D:-0.00684478155161445	D:-0.0355983206456761	D:0.036250399546511	D:12.7255932236329	N:	N:	N:	N:	N:	N:	N:	N:
S:KIF3A	D:-0.0169900053247556	D:0.113949655128319	D:0.499927759040823	D:-0.152282232194592	D:-6.4389424942523	D:0.000000000330848242499234	D:0.000000404069094167346	D:-0.135423058287692	D:-5.24811831674854	D:0.000000243359713251918	D:0.000103380264275125	D:6.48302775093696	D:0.00168517772399813	D:0.540621307029361	D:0.0101656866198241	D:-0.120272351182327	D:0.120701199842328	D:11.6779144236655	N:	N:	N:	N:	N:	N:	N:	N:
S:TRIM37	D:-0.0244264441403774	D:0.114050709652934	D:0.50008598658139	D:-0.101852163390962	D:-4.18242092363964	D:0.0000351630539730439	D:0.00083694130582519	D:-0.0999161129759494	D:-4.08456460528137	D:0.0000528064824541163	D:0.00221435938548473	D:2.32442470333331	D:0.099085193825974	D:0.867938343868143	D:-0.0065438214665828	D:-0.067943817469901	D:0.0682582151229413	D:12.3667544506474	N:	N:	N:	N:	N:	N:	N:	N:
S:KIAA0947	D:-0.0267546470706419	D:0.11424661186347	D:0.50052399685683	D:-0.113751658649986	D:-4.7061757894855	D:0.00000343727089716404	D:0.000183518334976728	D:-0.114268641448194	D:-4.70300116814622	D:0.00000347363306283746	D:0.000488332832236739	D:3.58895995776329	D:0.028469499096269	D:0.760239372616719	D:-0.00979239198292313	D:-0.0836657851725712	D:0.0842368954157859	D:12.4450418424458	N:	N:	N:	N:	N:	N:	N:	N:
S:PRKCA	D:-0.0136740787229338	D:0.114254331206552	D:0.50052399685683	D:-0.0892450235690612	D:-3.27582776338104	D:0.00114134218622446	D:0.00949353788321676	D:-0.0779879962642185	D:-2.79136644540405	D:0.00548574045337343	D:0.036995233964718	D:3.31377383226766	D:0.0373230662514831	D:0.800274820370544	D:-0.023507698026423	D:-0.090169126489244	D:0.09318306304439	D:12.9741425521153	N:	N:	N:	N:	N:	N:	N:	N:
S:TCTN3	D:-0.0299580003453138	D:0.114718180128086	D:0.501611218451338	D:-0.0768159568681293	D:-3.64893689208456	D:0.000296648004322024	D:0.003766600813812	D:-0.0644758538248523	D:-2.96831176028269	D:0.00316412860605646	D:0.0262325995294651	D:3.06926333888491	D:0.0474888990780256	D:0.826061255087532	D:0.0159157600383161	D:-0.0685434175382345	D:0.0703669773787251	D:11.1285061719383	N:	N:	N:	N:	N:	N:	N:	N:
S:PCM1	D:-0.023286712161516	D:0.115336915375654	D:0.502350621069263	D:-0.079516923448603	D:-5.05794341790158	D:0.000000635678482354451	D:0.0000631851514431403	D:-0.0751446576325112	D:-4.6449540256099	D:0.00000454529759343666	D:0.000560784311310322	D:7.25375066926857	D:0.00079878126110635	D:0.540621307029361	D:0.0206094609737527	D:-0.078030816001161	D:0.0807066176186047	D:11.0136614159918	N:	N:	N:	N:	N:	N:	N:	N:
S:ASB3	D:-0.0180035805034339	D:0.115643314419964	D:0.502663900554615	D:-0.0880123206571255	D:-4.44876494428755	D:0.0000110878630773589	D:0.000383483066185257	D:-0.0771704759339221	D:-3.83963044477036	D:0.000142014470373885	D:0.00381720050285569	D:0.690642745198351	D:0.501816733265382	D:0.971534152892322	D:-0.0160022322193524	D:-0.0265119144716071	D:0.0309669669963316	D:14.0743074499538	N:	N:	N:	N:	N:	N:	N:	N:
S:FOXJ3	D:-0.0211758713286317	D:0.117766368432881	D:0.506918467452455	D:-0.069430759635085	D:-3.76958607446718	D:0.000187047868449187	D:0.00273662006449326	D:-0.0739027156898856	D:-4.03327256248943	D:0.0000652353187853045	D:0.00246243115888424	D:1.90097290945551	D:0.150694405262566	D:0.895719481043541	D:0.0021489473960225	D:-0.0463052612106115	D:0.0463550988640283	D:11.8228605360981	N:	N:	N:	N:	N:	N:	N:	N:
S:GTF3C4	D:-0.0175631868940762	D:0.118262840197686	D:0.508271615324518	D:-0.0889056774992135	D:-5.64547610126321	D:0.0000000304561800958279	D:0.00000890629470686188	D:-0.081950698136526	D:-5.05283771381406	D:0.000000648301328848385	D:0.000173540496808579	D:1.88938603769951	D:0.152434987888044	D:0.897370879509493	D:0.0240200147892151	D:-0.034926917311704	D:0.0423892753343664	D:9.69885564741568	N:	N:	N:	N:	N:	N:	N:	N:
S:SCML4	D:-0.0316462665895444	D:0.119217970420917	D:0.510584446205548	D:-0.0695242143262047	D:-3.93250888592131	D:0.0000983920815596963	D:0.00174353645079712	D:-0.0589956882570025	D:-3.1800098733194	D:0.00158077060353208	D:0.0169259388293811	D:0.868842727888505	D:0.420182003746121	D:0.965417982825822	D:0.0043972811592163	D:-0.0315304347179071	D:0.0318355837875388	D:11.4707102340537	N:	N:	N:	N:	N:	N:	N:	N:
S:ADAL	D:-0.0169306075948705	D:0.119306545810141	D:0.510790871845535	D:-0.112289540660882	D:-4.83913105735308	D:0.00000183773778340111	D:0.000122841412979916	D:-0.0947368151588184	D:-3.71888381160311	D:0.000226988165419119	D:0.00509250946091275	D:3.22989912250367	D:0.0405368550452478	D:0.813813159090897	D:-0.0603623444054155	D:-0.0617163050539406	D:0.0863279498866332	D:14.957637664714	N:	N:	N:	N:	N:	N:	N:	N:
S:RPL19P12	D:-0.0328391722964247	D:0.119723581940186	D:0.511234289156828	D:-0.093798145687834	D:-3.90054213437709	D:0.000111807528216268	D:0.00192157511774326	D:-0.0861081930656612	D:-3.50210442615519	D:0.000510614776353355	D:0.00852524978017102	D:0.261112877304776	D:0.770317724560251	D:0.989322445804196	D:0.00086714670130577	D:-0.023031430490526	D:0.0230477489972777	D:11.8562532782924	N:	N:	N:	N:	N:	N:	N:	N:
S:TTC27	D:-0.0261444227707015	D:0.120310023500878	D:0.512492789363476	D:-0.0912060951046405	D:-3.85349332506307	D:0.000134737605365967	D:0.00218948902315863	D:-0.0813137031943389	D:-3.33647923894164	D:0.000923215768406441	D:0.0121895671151556	D:3.28064880395041	D:0.0385605333405517	D:0.811099442419505	D:0.00283039129816872	D:-0.0809201724341441	D:0.0809696574135791	D:11.8664499551318	N:	N:	N:	N:	N:	N:	N:	N:
S:PGBD4	D:-0.019190521012236	D:0.120546968363239	D:0.512954091632564	D:-0.09427274995055	D:-4.2182210326142	D:0.0000302139128059924	D:0.000755966799157358	D:-0.0856783743047236	D:-3.6405186634319	D:0.000305701586053934	D:0.00620323436456896	D:2.174227676722	D:0.114961847596449	D:0.882699199953716	D:-0.0370200845706837	D:-0.0529633598404419	D:0.0646189147789462	D:14.3301733973529	N:	N:	N:	N:	N:	N:	N:	N:
S:ZYG11B	D:-0.0226684422446561	D:0.120719578325933	D:0.513138333014604	D:-0.0962108516140094	D:-4.93101514639488	D:0.00000118227661037299	D:0.000095862519681737	D:-0.0920279441285867	D:-4.74339030133191	D:0.00000287622769373266	D:0.000445375829567232	D:0.366076171199188	D:0.693668919483363	D:0.986869111240858	D:0.00924003999708842	D:0.0195713387193937	D:0.0216429119671321	D:1.68486532577912	N:	N:	N:	N:	N:	N:	N:	N:
S:MBNL2	D:-0.0226196337458705	D:0.120766936151019	D:0.513138333014604	D:-0.111221587952391	D:-4.74765873229777	D:0.00000283165181617202	D:0.000162745023940639	D:-0.0874819311308174	D:-3.48774408420127	D:0.000538021742253922	D:0.00877280178980027	D:1.44928251911939	D:0.235898997658274	D:0.932707338252518	D:-0.0171214222087199	D:-0.0526913414045657	D:0.05540325403315	D:13.2000634428633	N:	N:	N:	N:	N:	N:	N:	N:
S:DIEXF	D:-0.0269410787858845	D:0.121057782416645	D:0.513561743007839	D:-0.0744643881334754	D:-2.94772787594806	D:0.00338059855679411	D:0.0202679442688009	D:-0.0673709769282192	D:-2.6520887066211	D:0.00829955872710037	D:0.0488058011093194	D:0.298616277231247	D:0.741999892840544	D:0.988887668865741	D:-0.00205489058168253	D:-0.0253263991473352	D:0.0254096255201219	D:12.3092404766996	N:	N:	N:	N:	N:	N:	N:	N:
S:C10ORF137	D:-0.0243521742870278	D:0.122011811643075	D:0.51505681388878	D:-0.0458442622409265	D:-3.26218990733332	D:0.00119624786975125	D:0.00985077101677589	D:-0.0392306839404168	D:-2.73750188885767	D:0.00645126603234296	D:0.0414003906528781	D:0.786154053411846	D:0.456256502440128	D:0.967692421145506	D:-0.0229241491938355	D:0.010493830923065	D:0.0252118445121158	D:19.6397707744378	N:	N:	N:	N:	N:	N:	N:	N:
S:ERO1LB	D:-0.0230947065010282	D:0.1220545202738	D:0.51512802976588	D:-0.0627642836964213	D:-3.2528466033902	D:0.00123526659361342	D:0.01010395333018	D:-0.0603705543995012	D:-3.13834287706801	D:0.00181768523455965	D:0.0184478730895634	D:0.364972395350535	D:0.694433677994888	D:0.986869111240858	D:0.00712047960841152	D:0.0201166719036513	D:0.0213396747475906	D:1.29945879614453	N:	N:	N:	N:	N:	N:	N:	N:
S:KNTC1	D:-0.0177172741981074	D:0.123712748860259	D:0.517660603516473	D:-0.0917019433321045	D:-3.42243089254983	D:0.000681827596513674	D:0.00667849276364596	D:-0.0862044080282532	D:-3.1620546029468	D:0.00167912930770676	D:0.0175527453312269	D:0.868538678350626	D:0.420309257839371	D:0.965417982825822	D:-0.0172492229575236	D:-0.0434160462650986	D:0.0467171142723043	D:13.4445304160973	N:	N:	N:	N:	N:	N:	N:	N:
S:WDR67	D:-0.0253064961006989	D:0.124376730790991	D:0.518706264642629	D:-0.109297560815589	D:-4.97786218172503	D:0.000000941699080712544	D:0.0000814236360009019	D:-0.103408839602172	D:-4.65290848870981	D:0.00000438157816204146	D:0.000555976745873067	D:1.73199989418448	D:0.178179522863958	D:0.914741780794853	D:-0.00159339553522984	D:-0.0535499036525155	D:0.0535736044197642	D:12.1136234973299	N:	N:	N:	N:	N:	N:	N:	N:
S:TGFB2	D:-0.0029458347499586	D:0.124678409407751	D:0.519524396322831	D:-0.183195233304648	D:-3.56740234580855	D:0.000402292783022496	D:0.00464335692441972	D:-0.154142180217613	D:-2.97556694618059	D:0.0030917469473905	D:0.0259073015004108	D:0.0626603026663999	D:0.939271179849651	D:0.996241852309091	D:0.0193320301235125	D:0.0153955330511642	D:0.0247133532048139	D:3.43113887151693	N:	N:	N:	N:	N:	N:	N:	N:
S:CLINT1	D:-0.0280669958331456	D:0.12472274610708	D:0.519554006544566	D:-0.0434189684968121	D:-3.7261369785392	D:0.000221157992012037	D:0.00306499880986326	D:-0.0376501511090456	D:-3.14726381743291	D:0.0017643645005195	D:0.0180794162059002	D:0.78121680735176	D:0.458506386279505	D:0.967692421145506	D:-0.0132747089451538	D:-0.0147829103770165	D:0.0198683752932505	D:14.7948733280846	N:	N:	N:	N:	N:	N:	N:	N:
S:DTX1	D:-0.0297160448361309	D:0.124830337574868	D:0.519769464674709	D:-0.0988828992990735	D:-3.76169486114803	D:0.000192849009702285	D:0.00277664809665501	D:-0.0909822475867088	D:-3.43215001452297	D:0.000657626757663956	D:0.00986052946257378	D:0.105953494928915	D:0.899490282343478	D:0.992598803211763	D:0.0069583932646957	D:0.0143164076124862	D:0.0159178756042701	D:1.72811709180354	N:	N:	N:	N:	N:	N:	N:	N:
S:FARSB	D:-0.0309151176986715	D:0.124890041030419	D:0.519878798206928	D:-0.0882798723099913	D:-3.40117145674118	D:0.00073555909266603	D:0.00701833995595062	D:-0.0831580082030133	D:-3.13414015453351	D:0.00184331655032632	D:0.0186055003666977	D:6.06294054226588	D:0.0025342210702654	D:0.589538261119717	D:-0.0164370910717317	D:-0.118423623412272	D:0.119558908262798	D:12.5268076580847	N:	N:	N:	N:	N:	N:	N:	N:
S:PPM1K	D:-0.0287520974002466	D:0.125969158644968	D:0.521322541189362	D:-0.130040788959552	D:-5.91031103009959	D:0.00000000709416317505485	D:0.00000315061460463061	D:-0.0861035937144601	D:-2.98416978606459	D:0.0030078853400003	D:0.0253677546089538	D:3.67663473964978	D:0.026118280754086	D:0.749452752152121	D:0.01613842640901	D:-0.100659661523792	D:0.101945163029167	D:11.3927650304581	N:	N:	N:	N:	N:	N:	N:	N:
S:FAM176A	D:-0.0022870422439233	D:0.126562030206509	D:0.522381878595632	D:-0.143523333425861	D:-2.75458952119557	D:0.00613322416201291	D:0.0307463656618508	D:-0.150204180017104	D:-2.89651578415909	D:0.00396863853686454	D:0.0302815953334128	D:1.45567049846816	D:0.234407070821995	D:0.932707338252518	D:-0.0804736732782625	D:-0.0859758583332253	D:0.117761879685369	D:14.8737806679262	N:	N:	N:	N:	N:	N:	N:	N:
S:DQX1	D:-0.00333786993571847	D:0.12772860906847	D:0.523977109315676	D:-0.0811038849921484	D:-2.71286673546608	D:0.00694594356802018	D:0.0336154140702326	D:-0.0821834448683783	D:-2.73663671497421	D:0.00646795459133236	D:0.0414876675461541	D:0.625507177765836	D:0.535482923229747	D:0.975430279911244	D:0.0363135530931756	D:0.0272204810757462	D:0.0453831326402877	D:3.5429955217184	N:	N:	N:	N:	N:	N:	N:	N:
S:PHKB	D:-0.0138623507054276	D:0.128165252999932	D:0.524466220551863	D:-0.0502426370402809	D:-3.15723048944056	D:0.00170818161129826	D:0.0125770824666087	D:-0.0461129176906271	D:-2.88476369425951	D:0.00411681760172774	D:0.0309347898580095	D:0.21996618864899	D:0.802637450704744	D:0.990538766746216	D:0.00577586348211789	D:-0.0128025879174053	D:0.0140451719942105	D:10.3811715615891	N:	N:	N:	N:	N:	N:	N:	N:
S:SOX12	D:-0.0213144078594897	D:0.1282453313258	D:0.524597273531157	D:-0.110614150924497	D:-2.59049231136387	D:0.00991890808943605	D:0.0433323011347351	D:-0.113015818064269	D:-2.65574111291344	D:0.00821169189664441	D:0.0485080626820824	D:0.400964940376377	D:0.669927175473177	D:0.985951243729145	D:-0.00569690926822899	D:0.0492323731930745	D:0.0495608852365714	D:23.5599594737603	N:	N:	N:	N:	N:	N:	N:	N:
S:CPNE5	D:-0.039616581369568	D:0.128518533536325	D:0.525105436956871	D:-0.0887253279712208	D:-3.42206948818234	D:0.000682709592544853	D:0.00668043472604855	D:-0.0712239417575969	D:-2.70497022458862	D:0.00710624450398199	D:0.0443227334351459	D:0.12994989846428	D:0.878174383989201	D:0.991098228766629	D:0.013704235540959	D:-0.0123197206599066	D:0.0184277396579237	D:8.79697643918527	N:	N:	N:	N:	N:	N:	N:	N:
S:RAB14	D:-0.0162140488735281	D:0.130047260522374	D:0.528175064199571	D:-0.0518809652283759	D:-4.45186672608534	D:0.0000109360342193027	D:0.000380928778394641	D:-0.0539559815424393	D:-4.63409004683013	D:0.00000477842791044181	D:0.000576390492579897	D:0.244967912547856	D:0.782840348376079	D:0.989364001696824	D:-0.00762309262569564	D:-0.00774745809850897	D:0.0108689764084797	D:14.9690947477146	N:	N:	N:	N:	N:	N:	N:	N:
S:CCT4	D:-0.0247928702634418	D:0.13044580194075	D:0.529023878547852	D:-0.0878029174280704	D:-4.0257909479401	D:0.0000674265215666765	D:0.00132553486713724	D:-0.07575007670584	D:-3.33314036762101	D:0.000934077601902834	D:0.0122831833235419	D:2.62210255088082	D:0.073827746388452	D:0.850339905642804	D:-0.000423431540537834	D:-0.0674345176823877	D:0.0674358470646419	D:12.0239842760818	N:	N:	N:	N:	N:	N:	N:	N:
S:NBR1	D:-0.013767519382823	D:0.131188302458532	D:0.530032646441462	D:-0.0747494746972612	D:-3.30381578856328	D:0.00103590895981602	D:0.00889007333498683	D:-0.0767486087622699	D:-3.38996582036242	D:0.00076447034298235	D:0.0108015292640768	D:0.653203506146512	D:0.520898883484844	D:0.972936095379639	D:0.00660800224363674	D:-0.0331259330230857	D:0.0337785898507008	D:11.2479099913794	N:	N:	N:	N:	N:	N:	N:	N:
S:API5	D:-0.0242830360885966	D:0.131756362520855	D:0.531174357642218	D:-0.0909870721277548	D:-4.83865630227121	D:0.00000184189826534545	D:0.000122841412979916	D:-0.0824370542174824	D:-4.26382240335342	D:0.0000247932264504845	D:0.00140838499438638	D:2.10747559930542	D:0.122815729183344	D:0.888724539846668	D:-0.0440398205022065	D:-0.0308727817901557	D:0.053783217134429	D:15.6645858316881	N:	N:	N:	N:	N:	N:	N:	N:
S:DCAF16	D:-0.0323949717807893	D:0.132338150837592	D:0.531653650187686	D:-0.0724462582071526	D:-3.92278238281878	D:0.000102303418769136	D:0.00179614654642199	D:-0.0648996089982993	D:-3.36056131326762	D:0.000848284141679699	D:0.0115841948821418	D:5.57650287725096	D:0.00406872014525361	D:0.619506875420677	D:-0.0414346299758326	D:-0.0735315150905824	D:0.084402086898078	D:13.960069021452	N:	N:	N:	N:	N:	N:	N:	N:
S:SRSF3	D:-0.0201064764137396	D:0.132753442245338	D:0.53250195071391	D:-0.103711174702155	D:-4.49700631310638	D:0.00000893978730403396	D:0.000332747397539291	D:-0.0912979501183873	D:-3.79842709106767	D:0.000166893158889193	D:0.00424290102369388	D:1.64553648323195	D:0.194138485575644	D:0.921744746511297	D:-0.0164636581558922	D:-0.0540923665752505	D:0.0565423395482125	D:13.1285502455862	N:	N:	N:	N:	N:	N:	N:	N:
S:COQ3	D:-0.022679700691862	D:0.132815616364974	D:0.532665575974995	D:-0.108142701098496	D:-3.33001193355925	D:0.000945490068629552	D:0.00834764663357654	D:-0.100533989023145	D:-3.05900728657174	D:0.00236154560607322	D:0.0217571724131432	D:0.371791140404568	D:0.689722776488771	D:0.986509726209427	D:-0.0353119946268228	D:0.0180628942542182	D:0.039663649773613	D:19.8060522971833	N:	N:	N:	N:	N:	N:	N:	N:
S:PRIM1	D:-0.0290448757322988	D:0.133723706414437	D:0.533908083536495	D:-0.0676896003066369	D:-3.53886439007992	D:0.000446956926536817	D:0.00499370228785359	D:-0.0567461631195038	D:-2.87603516775685	D:0.00423011500702214	D:0.0314932049902361	D:2.28789898676734	D:0.102730876072961	D:0.870946539528028	D:0.0387906185357017	D:-0.0423767170072304	D:0.057449962843271	D:9.1686514000762	N:	N:	N:	N:	N:	N:	N:	N:
S:OR3A1	D:-0.00412001577181555	D:0.136147319579215	D:0.538683256231342	D:-0.201634984403387	D:-2.94290090763932	D:0.00343265242192798	D:0.0204664601656217	D:-0.180681554753399	D:-2.64348142563945	D:0.00850997368318591	D:0.0495068162379089	D:0.0574210896390186	D:0.94420373488054	D:0.996760838460121	D:0.00888046537192764	D:0.0286965870132791	D:0.0300392538428088	D:1.14634936106005	N:	N:	N:	N:	N:	N:	N:	N:
S:LIPT1	D:-0.0223210720285575	D:0.136948822229487	D:0.53984718472575	D:-0.100721227136714	D:-2.99315797348714	D:0.00292486843022197	D:0.0183247367729938	D:-0.0949942138158873	D:-2.80852560520717	D:0.00520686236974451	D:0.0358281266856761	D:0.963016159273834	D:0.382573049501633	D:0.960227634080898	D:-0.0159626372598636	D:-0.058694618219082	D:0.0608265073481436	D:13.0142824783175	N:	N:	N:	N:	N:	N:	N:	N:
S:DNAJC21	D:-0.0172418293741772	D:0.137350390231697	D:0.540150682170871	D:-0.0773377947982793	D:-3.28486683963639	D:0.00110624936370697	D:0.0093097410922472	D:-0.0730294702540401	D:-3.02424856805734	D:0.00264396794451662	D:0.023357042316365	D:4.97113635224631	D:0.00734487386256506	D:0.662881684141537	D:-0.0785513638569957	D:-0.0656840964516929	D:0.102394908518292	D:15.339858006057	N:	N:	N:	N:	N:	N:	N:	N:
S:RPL19	D:-0.0333758994003189	D:0.138298740388353	D:0.541438889639351	D:-0.117056386913553	D:-4.18832809327231	D:0.0000342963772028439	D:0.000826369305697623	D:-0.0903749413621281	D:-3.0978239662644	D:0.00207908568163876	D:0.020033241274607	D:0.406772512891346	D:0.66605515498974	D:0.985706471962942	D:-0.00776860823060571	D:-0.033178102137444	D:0.0340754711674439	D:12.8785544777079	N:	N:	N:	N:	N:	N:	N:	N:
S:CSTF3	D:-0.0201498987551446	D:0.139626711336697	D:0.542820768382393	D:-0.06621295886959	D:-3.78337296898931	D:0.000177305682000962	D:0.00264281489853608	D:-0.0583622056207243	D:-3.24612070082251	D:0.00126270726981689	D:0.0147310822444728	D:1.05110436167468	D:0.350460443926943	D:0.959270072771647	D:0.0136676787386313	D:-0.0316657349134268	D:0.0344894796961313	D:10.4435888006554	N:	N:	N:	N:	N:	N:	N:	N:
S:TCERG1	D:-0.0369524250506141	D:0.139630316032635	D:0.542820768382393	D:-0.102490130301664	D:-3.80588085267846	D:0.000162422966826585	D:0.0024723684557259	D:-0.0977574492808984	D:-3.57756391767615	D:0.00038682552864439	D:0.00717168657992412	D:1.44811077618762	D:0.236173694558581	D:0.932707338252518	D:-0.00615520511110142	D:-0.0598647288202848	D:0.06018033156012	D:12.3913627123153	N:	N:	N:	N:	N:	N:	N:	N:
S:SEMA5B	D:-0.00114281684847417	D:0.13973960951443	D:0.542820768382393	D:-0.196687268178874	D:-2.93213106570478	D:0.00355144342487905	D:0.020909537802218	D:-0.221968736064549	D:-3.28019912092475	D:0.00112297482017264	D:0.0137150318506211	D:0.16682932832789	D:0.846399569701522	D:0.990538766746216	D:-0.0551995544772446	D:0.000304110186901865	D:0.055200392186035	D:18.0210437132407	N:	N:	N:	N:	N:	N:	N:	N:
S:TRIM59	D:-0.0159864623893951	D:0.139975961625398	D:0.542971956712891	D:-0.0825256039432942	D:-2.79287811893202	D:0.00546409937414872	D:0.0284376233453659	D:-0.0815132417324868	D:-2.73597362027072	D:0.00648077156517171	D:0.0415038004637353	D:1.32145339960471	D:0.2678435432032	D:0.939907763028795	D:-0.0382533554323221	D:-0.0512043024177723	D:0.0639155676492218	D:14.4508278880123	N:	N:	N:	N:	N:	N:	N:	N:
S:DGKH	D:-0.00332645469057765	D:0.140405159970452	D:0.543811825530851	D:-0.243419582108882	D:-3.00293003558873	D:0.00283450938277366	D:0.0179601646721077	D:-0.229098632720588	D:-2.8236606480972	D:0.00497161926568952	D:0.0347672528421761	D:1.52528189415034	D:0.21875093042947	D:0.927826835934733	D:-0.200144230221899	D:0.00268630180016853	D:0.200162256952898	D:18.0512645353088	N:	N:	N:	N:	N:	N:	N:	N:
S:TYW1	D:-0.0260804049514684	D:0.141660192679431	D:0.545719251578043	D:-0.0673178108154151	D:-4.39878093571119	D:0.0000138313725348274	D:0.000447250335579873	D:-0.0518764804781299	D:-3.05618988786838	D:0.00238336103757981	D:0.0218653793593179	D:2.30034498028959	D:0.101473730453869	D:0.870946539528028	D:0.0211837683807285	D:-0.043454455249979	D:0.0483429594034207	D:10.2674042114187	N:	N:	N:	N:	N:	N:	N:	N:
S:SLC39A8	D:-0.0229106332742894	D:0.141999580421014	D:0.546272679469402	D:-0.101498157895527	D:-3.31777835384253	D:0.000986761599383295	D:0.00858987049880156	D:-0.0901873477270198	D:-2.89709526760538	D:0.00396145929762077	D:0.0302504400683108	D:1.54794982309217	D:0.213882961425095	D:0.927783481998367	D:-0.0119224057223154	D:-0.0698756157939922	D:0.0708854388488715	D:12.6455166104834	N:	N:	N:	N:	N:	N:	N:	N:
S:METTL14	D:-0.0254157527881798	D:0.1423053868115	D:0.547019915073069	D:-0.0819479085027513	D:-3.48585179242509	D:0.000542498310078155	D:0.00572406019289266	D:-0.073488169787457	D:-2.99537725293256	D:0.00290175717718448	D:0.0248045656165188	D:0.765198090917939	D:0.465883093318043	D:0.967692421145506	D:0.00399991532836102	D:-0.0392476377043457	D:0.0394509364655091	D:11.6120535732481	N:	N:	N:	N:	N:	N:	N:	N:
S:VPS13A	D:-0.0253183738379496	D:0.142796520698561	D:0.547252590251926	D:-0.0707342854033633	D:-3.73009109427724	D:0.000217826565664301	D:0.00303045709863556	D:-0.0607950752556205	D:-3.04339002745967	D:0.00248482228617807	D:0.0224484106769328	D:1.09767078973253	D:0.33459344575898	D:0.95707960515839	D:-0.0231029621776445	D:-0.0314640247887453	D:0.0390350063057308	D:14.4192380418111	N:	N:	N:	N:	N:	N:	N:	N:
S:CCDC85C	D:-0.00650520356292405	D:0.144401946315806	D:0.549685892132533	D:-0.0633348799038773	D:-3.48824689047182	D:0.000537798826862455	D:0.00568772610549744	D:-0.0535170867165431	D:-2.91153734414499	D:0.00378631538130604	D:0.0294952353774489	D:0.177865197311795	D:0.837117671190668	D:0.990538766746216	D:0.0139367890166893	D:-0.00649458293443485	D:0.0153757502447186	D:7.66571011630282	N:	N:	N:	N:	N:	N:	N:	N:
S:AASS	D:-0.00909459936580614	D:0.144922693714662	D:0.550437310968307	D:-0.190177660151226	D:-3.55672437996892	D:0.000418490774052067	D:0.00477113664862977	D:-0.173438476424041	D:-3.16860298773225	D:0.00164262071488885	D:0.017333907434392	D:0.403269678367318	D:0.668387862907205	D:0.985706471962942	D:0.0349077010453327	D:-0.0558276575698306	D:0.0658428047853718	D:9.86554944715736	N:	N:	N:	N:	N:	N:	N:	N:
S:RPLP2	D:-0.0335447422461807	D:0.145543116246363	D:0.5506663485241	D:-0.0800350780639267	D:-3.47993371199309	D:0.000554275489376123	D:0.00581379352544219	D:-0.0622759715766784	D:-2.64525849939567	D:0.0084661429772409	D:0.0494431858691765	D:3.17363534459405	D:0.0428471148923032	D:0.813813159090897	D:-0.0698232861052547	D:-0.0409511726837204	D:0.0809462156416725	D:15.9738993142867	N:	N:	N:	N:	N:	N:	N:	N:
S:SPTY2D1	D:-0.0145799275946814	D:0.145706592040505	D:0.5506663485241	D:-0.0560170942143891	D:-2.96780319569719	D:0.00317175522218086	D:0.019380634395446	D:-0.0593475190831764	D:-3.13893521488369	D:0.00181409926371711	D:0.0184457228806093	D:1.65036378488231	D:0.193210772386562	D:0.921744746511297	D:0.0309337764174808	D:-0.034966545449766	D:0.0466857346963421	D:9.23345648681349	N:	N:	N:	N:	N:	N:	N:	N:
S:TMEM87A	D:-0.0182293081409409	D:0.146223313948296	D:0.551201065950425	D:-0.06062823950452	D:-3.84115743997054	D:0.000141447843925712	D:0.00225084064996119	D:-0.0495942752181676	D:-3.08967967026034	D:0.00213563516411591	D:0.0203970902942273	D:0.00241776693934612	D:0.997585167257336	D:0.999316769699436	D:0.000980166421706345	D:-0.00115430037415742	D:0.00151431026147899	D:9.31093148177829	N:	N:	N:	N:	N:	N:	N:	N:
S:PRMT10	D:-0.0170074331917086	D:0.146353012623495	D:0.551540991401801	D:-0.105948759737009	D:-4.41382768004788	D:0.0000129436140768566	D:0.00042797151044984	D:-0.108205943196129	D:-4.47713767467478	D:0.00000973659014088906	D:0.000865890752881792	D:2.9455876099515	D:0.0536478785163986	D:0.83656058396868	D:-0.0211549872353775	D:-0.0730400938505527	D:0.0760420199273173	D:13.0768587158509	N:	N:	N:	N:	N:	N:	N:	N:
S:MAPRE1	D:-0.0193994536037891	D:0.146447310442039	D:0.551672888977908	D:-0.034234755118585	D:-2.75063688917816	D:0.00620635551013672	D:0.0310095609878756	D:-0.0336711173366536	D:-2.71763620528712	D:0.00684442483579928	D:0.0433398916773667	D:0.0353524994556953	D:0.965267945578822	D:0.996760838460121	D:-0.00117081547282313	D:-0.00410658158726896	D:0.00427022495944868	D:13.0608817297232	N:	N:	N:	N:	N:	N:	N:	N:
S:ARFGEF1	D:-0.0157820679300756	D:0.14724111319532	D:0.553003246554023	D:-0.0613029872575448	D:-3.24700185646131	D:0.00126027121501628	D:0.010239900129993	D:-0.0700180557348754	D:-3.71549553714222	D:0.000229953812149608	D:0.00512959753791722	D:2.15477061103508	D:0.117197523586657	D:0.885569066506476	D:0.0240977031272359	D:-0.0461471079577343	D:0.0520601082295377	D:10.1617830247616	N:	N:	N:	N:	N:	N:	N:	N:
S:HAUS3	D:-0.0167940367073144	D:0.147443566359317	D:0.553111550683944	D:-0.0974778430807014	D:-3.43932508711372	D:0.000641764427280691	D:0.00644767026914755	D:-0.0915639865877586	D:-3.20088594685236	D:0.00147311632805319	D:0.0161720034643189	D:1.03713681856261	D:0.355365535795767	D:0.959270072771647	D:0.00512854115680333	D:-0.0532948040174757	D:0.0535409942908998	D:11.6335580765686	N:	N:	N:	N:	N:	N:	N:	N:
S:USP14	D:-0.0217004904462978	D:0.147482902666377	D:0.553184761916218	D:-0.050025291664779	D:-2.92696258952401	D:0.00360977404854055	D:0.0211446626746196	D:-0.048939024934206	D:-2.7671576461382	D:0.00590221723991839	D:0.0388726751214174	D:1.7682744247899	D:0.171883006645353	D:0.911587746465428	D:0.00250822504046863	D:-0.0430944827817127	D:0.0431674140883719	D:11.7779317266727	N:	N:	N:	N:	N:	N:	N:	N:
S:NIPBL	D:-0.0172478608165851	D:0.147780830454364	D:0.553962984974736	D:-0.073740844814118	D:-3.72000142052455	D:0.000226422512906656	D:0.00310682992672637	D:-0.059525591106029	D:-2.85812350815501	D:0.00447154474056853	D:0.0326379234894036	D:1.55037768178074	D:0.213368071313933	D:0.927783481998367	D:-0.00131476067497564	D:-0.0474825743542973	D:0.0475007732878512	D:12.1057384324653	N:	N:	N:	N:	N:	N:	N:	N:
S:DNAJC27	D:-0.0186429598677869	D:0.14804246663449	D:0.554315165517657	D:-0.0562444529429987	D:-4.05672768603664	D:0.0000593873767139709	D:0.00120664626791835	D:-0.0491966129587715	D:-3.45640096268086	D:0.000602687558876894	D:0.00938415744064811	D:1.47108596180887	D:0.230845678919418	D:0.930761522477055	D:0.0198534528838063	D:-0.026301474947391	D:0.032953409168366	D:9.53019792740198	N:	N:	N:	N:	N:	N:	N:	N:
S:TNKS	D:-0.0198569472768056	D:0.148602528565436	D:0.554923276995094	D:-0.0608242728018918	D:-3.49041926476403	D:0.00053356930330364	D:0.00566656399774806	D:-0.0567252610956234	D:-3.23775663800061	D:0.00129938208564039	D:0.0149712413534782	D:0.548476036966441	D:0.578239105808752	D:0.982115268178959	D:-0.016301381663021	D:-0.0181317872339475	D:0.0243823040835073	D:14.7971415355461	N:	N:	N:	N:	N:	N:	N:	N:
S:ADSS	D:-0.0191017533128702	D:0.14892469919264	D:0.555457484226458	D:-0.0565401508309474	D:-3.72969663338836	D:0.000218156771773301	D:0.00303045709863556	D:-0.0503299151782001	D:-3.19139852769317	D:0.00152117210636214	D:0.0165140134057904	D:2.96539341595433	D:0.0526101156846653	D:0.83656058396868	D:-0.000774071044709605	D:-0.0497495884993184	D:0.0497556101543713	D:12.0594275272575	N:	N:	N:	N:	N:	N:	N:	N:
S:EPB41L2	D:-0.0199182671438496	D:0.14979454832885	D:0.556841481600718	D:-0.142668918443289	D:-3.58567348761296	D:0.00037593206976254	D:0.00441206521034821	D:-0.119423609377995	D:-2.89695777551191	D:0.00396316161992932	D:0.0302516176621246	D:2.95185082304822	D:0.0533175009807209	D:0.83656058396868	D:0.0364552616871888	D:-0.126214822392069	D:0.131374150791329	D:10.9259620086966	N:	N:	N:	N:	N:	N:	N:	N:
S:CENPL	D:-0.0148017904829302	D:0.150098858054844	D:0.557274761539746	D:-0.180746709667944	D:-4.63339907382877	D:0.00000481296169815782	D:0.000225033490443306	D:-0.176517351087902	D:-4.47615598850438	D:0.00000977940786272411	D:0.000865890752881792	D:0.958465930029597	D:0.384309922635479	D:0.960227634080898	D:-0.0513913838363974	D:-0.0516354154249631	D:0.0728511527618366	D:14.9909525456516	N:	N:	N:	N:	N:	N:	N:	N:
S:C20ORF94	D:-0.0120221957727952	D:0.150104796055416	D:0.557274761539746	D:-0.112495632411322	D:-4.61488983582438	D:0.00000523955903268793	D:0.000238662524610151	D:-0.0859725162207363	D:-3.22068219707853	D:0.0013773322163554	D:0.0155037147694706	D:2.01598423979847	D:0.134463841612924	D:0.892651935358644	D:0.024874723825266	D:-0.0661475882830274	D:0.0706700454297587	D:10.6260858484153	N:	N:	N:	N:	N:	N:	N:	N:
S:DDX20	D:-0.0216634395019439	D:0.150483550628433	D:0.558064828333718	D:-0.0848624883526031	D:-3.45743682173058	D:0.000601261244490328	D:0.00614500312687526	D:-0.0821268332809997	D:-3.3293442527074	D:0.000946571196426231	D:0.0123748487103577	D:2.54879256270212	D:0.079373249579156	D:0.858260180148023	D:-0.0145684475553945	D:-0.0706093613210099	D:0.072096612752162	D:12.777195990703	N:	N:	N:	N:	N:	N:	N:	N:
S:LRBA	D:-0.0235480937479234	D:0.151579017511405	D:0.559036297652269	D:-0.0872913936785578	D:-3.56200109916758	D:0.000410411314880484	D:0.00470924691960043	D:-0.0848213893982253	D:-3.46376472978964	D:0.000586873337232153	D:0.0092699987900949	D:0.672317662090856	D:0.511067333566243	D:0.971725809379596	D:0.0102679555899428	D:-0.0357964514398408	D:0.0372399898990577	D:10.9329893963272	N:	N:	N:	N:	N:	N:	N:	N:
S:DLAT	D:-0.0227441854218621	D:0.152950398084939	D:0.561206805593263	D:-0.0593839459583179	D:-3.39428232561288	D:0.000753800794637417	D:0.00714702636002414	D:-0.0538139761329192	D:-3.04559801050131	D:0.00246704186367176	D:0.0223394184698841	D:2.08264622723959	D:0.125872754827799	D:0.888724539846668	D:0.00139871545827743	D:-0.046745958833378	D:0.0467668800775196	D:11.8857418685561	N:	N:	N:	N:	N:	N:	N:	N:
S:ANGPT1	D:-0.0294439625435964	D:0.152981397280929	D:0.561213301539266	D:-0.11886637909791	D:-4.26565279998754	D:0.0000246721158816332	D:0.000666811475662912	D:-0.11897117336156	D:-4.23917824261544	D:0.0000275529603056829	D:0.00152093897551793	D:0.834075313451633	D:0.43498707003191	D:0.966078042387016	D:-0.00817387343421379	D:0.0465494226588058	D:0.047261622451908	D:23.3360431301374	N:	N:	N:	N:	N:	N:	N:	N:
S:TRIM52	D:-0.0304975161870361	D:0.153067760261107	D:0.56133024101278	D:-0.0762242585696175	D:-5.05650005845301	D:0.000000640226190355753	D:0.0000631851514431403	D:-0.0550969841056977	D:-3.35842937046309	D:0.000854682005508254	D:0.0116223667847159	D:0.0357815634653495	D:0.964853942118607	D:0.996760838460121	D:0.00619839030827079	D:-0.000187313556285444	D:0.00620121994304617	D:6.11539566952947	N:	N:	N:	N:	N:	N:	N:	N:
S:CHMP2B	D:-0.0172206542143481	D:0.153553328079048	D:0.561920945154916	D:-0.0619407708538943	D:-3.44222175181888	D:0.00063511995910207	D:0.00638748282079955	D:-0.0584409579704231	D:-3.23374722679788	D:0.00131731020059589	D:0.0151078977345675	D:0.707966180348367	D:0.493226497545495	D:0.971534152892322	D:-0.0263557271563899	D:0.0144258915789184	D:0.0300454772268436	D:19.9129488864153	N:	N:	N:	N:	N:	N:	N:	N:
S:WAPAL	D:-0.0185244613725662	D:0.153669846932053	D:0.561920945154916	D:-0.0512744383061797	D:-2.95588600552482	D:0.00329425878090242	D:0.0199051053919648	D:-0.0533493383423786	D:-3.0814355095273	D:0.0021943165258485	D:0.0207583015425984	D:0.41138489418101	D:0.662996017526119	D:0.985706471962942	D:-0.000898140020977015	D:-0.0203151663609134	D:0.0203350101983959	D:12.1687610924528	N:	N:	N:	N:	N:	N:	N:	N:
S:SRSF11	D:-0.0400314368082151	D:0.153986680723503	D:0.561920945154916	D:-0.107644889462632	D:-4.85952196910625	D:0.00000166735245095044	D:0.000117521862052514	D:-0.0987594928359236	D:-4.24008401805305	D:0.0000274465357258799	D:0.00151935624538079	D:3.31304913168877	D:0.0373497075982773	D:0.800274820370544	D:-0.0101451221056618	D:-0.0769179976796753	D:0.0775841599141818	D:12.5009115940566	N:	N:	N:	N:	N:	N:	N:	N:
S:DCAF13	D:-0.0234529569969929	D:0.155205522064175	D:0.564622799897176	D:-0.107884851997718	D:-3.34608886085281	D:0.000893690771184139	D:0.00801145393376815	D:-0.0898840600089861	D:-2.6890704870128	D:0.00744766670305278	D:0.0455080847543322	D:1.22176601641121	D:0.295744548901538	D:0.952915201387479	D:0.0185653817803942	D:-0.0659392199432677	D:0.068502949771367	D:10.9516852104242	N:	N:	N:	N:	N:	N:	N:	N:
S:RCL1	D:-0.0233827658126393	D:0.156128167459233	D:0.566025657373721	D:-0.0692685509102315	D:-3.58125374438734	D:0.000382155822909381	D:0.00445833249878938	D:-0.0655943537127743	D:-3.30591606493061	D:0.0010271792294981	D:0.0131028853377629	D:4.10462913923308	D:0.0171560928008198	D:0.724372592619191	D:0.032060804392472	D:-0.0682431664548071	D:0.0753991044115967	D:10.3223832456086	N:	N:	N:	N:	N:	N:	N:	N:
S:ZMYM6	D:-0.0175398373611383	D:0.157335330816944	D:0.567708995876005	D:-0.0788567364945934	D:-4.46245530346568	D:0.0000104326005345507	D:0.000372013589499369	D:-0.0628630681020748	D:-3.2201111626159	D:0.00138001245853059	D:0.0155153116936325	D:1.88480464723564	D:0.153128765013397	D:0.897370879509493	D:-0.00245985958831415	D:-0.0490138753918551	D:0.0490755630647527	D:12.1915395319545	N:	N:	N:	N:	N:	N:	N:	N:
S:MYO9A	D:-0.0153766460824113	D:0.157439988698168	D:0.567779153971966	D:-0.0696578957528236	D:-3.40269699384073	D:0.000731575674270469	D:0.00699057224983825	D:-0.0688395999646126	D:-3.353277025757	D:0.000870329829525521	D:0.0117533622659006	D:2.33258773426547	D:0.0982883662567818	D:0.867885582684249	D:0.0164740639208554	D:-0.0557973273412518	D:0.0581784884686362	D:10.9033904044514	N:	N:	N:	N:	N:	N:	N:	N:
S:CD38	D:-0.03970770542702	D:0.157775618243971	D:0.568195807121192	D:-0.100231533862436	D:-4.05746362983624	D:0.0000592077087380579	D:0.00120518524630248	D:-0.082143955784359	D:-3.28252754732197	D:0.00111397165549595	D:0.0136648588324209	D:0.295658892821032	D:0.744194439596651	D:0.988887668865741	D:-0.0187750890976766	D:0.0184403747959684	D:0.0263163712020005	D:20.9656465391069	N:	N:	N:	N:	N:	N:	N:	N:
S:NIN	D:-0.0199550904257412	D:0.15804902796174	D:0.568434944768825	D:-0.0528454064729525	D:-3.35862000539052	D:0.000855160107007026	D:0.00778551808245412	D:-0.0550761851646112	D:-3.49877127787906	D:0.00051685720388282	D:0.00859566520942484	D:0.606070976442553	D:0.545961747368142	D:0.977958477099463	D:-0.02128288158397	D:0.0115591096191323	D:0.0242192911478517	D:19.9004778650573	N:	N:	N:	N:	N:	N:	N:	N:
S:PRPF38A	D:-0.0211765693936413	D:0.15879631065483	D:0.569663527871418	D:-0.0611993037258696	D:-2.92698291140933	D:0.0036095429964282	D:0.0211446626746196	D:-0.062429522928181	D:-3.001964876395	D:0.00284098801071259	D:0.0244670545250484	D:1.5484710520292	D:0.213772316240427	D:0.927783481998367	D:0.0177906094667824	D:-0.0449174287278834	D:0.0483123295725227	D:10.5595191392198	N:	N:	N:	N:	N:	N:	N:	N:
S:ARL6IP6	D:-0.0232362126165988	D:0.158931931559374	D:0.569791193630494	D:-0.103513062685403	D:-3.61371682604419	D:0.00033860503069719	D:0.00410875190491982	D:-0.102389463335018	D:-3.56425727628321	D:0.000406379709312147	D:0.00739641780638092	D:1.21709686390957	D:0.297120720420803	D:0.953382074134607	D:-0.0406665796567202	D:-0.0436262708086005	D:0.0596407763668593	D:14.8659370879342	N:	N:	N:	N:	N:	N:	N:	N:
S:SNRNP48	D:-0.0188668757197444	D:0.15910889592918	D:0.569791193630494	D:-0.0507175112088167	D:-4.17578380399908	D:0.0000361617209463448	D:0.000852395885419209	D:-0.04776461108823	D:-3.92418741046951	D:0.000101508220842778	D:0.00314729225104792	D:2.49521082331759	D:0.0836894785438798	D:0.860742263980279	D:0.0271617037443419	D:-0.0255032675109564	D:0.0372582179395473	D:8.87975561468099	N:	N:	N:	N:	N:	N:	N:	N:
S:GPATCH4	D:-0.029920129606329	D:0.159950661102585	D:0.570177807107508	D:-0.08196817074252	D:-3.56352844925434	D:0.000408100138557224	D:0.00468823327898101	D:-0.063912466575895	D:-2.64399824675024	D:0.008497205577543	D:0.0494831274255201	D:1.5565364530622	D:0.212067524315244	D:0.927560151843468	D:0.015648038851899	D:-0.0537146058400617	D:0.055947475371671	D:10.9172133835392	N:	N:	N:	N:	N:	N:	N:	N:
S:POLR3B	D:-0.0158087898069396	D:0.160157412332131	D:0.570249959531261	D:-0.0681717669298988	D:-3.64443341015584	D:0.000301726383144365	D:0.0038138017465129	D:-0.0592517893950296	D:-3.08589265274207	D:0.00216240923353472	D:0.0205723655464956	D:1.12779452664443	D:0.324715604787809	D:0.956911684216668	D:-0.00186648097131739	D:-0.0372907003419374	D:0.0373373818472649	D:12.1910258432557	N:	N:	N:	N:	N:	N:	N:	N:
S:YIPF5	D:-0.0246277915071909	D:0.160751619856348	D:0.571211705867979	D:-0.0577387240014414	D:-3.07458372363843	D:0.00224621829043481	D:0.0151565440653959	D:-0.0536382084826822	D:-2.82514394269795	D:0.00494909142116395	D:0.0346631524949695	D:0.298114126380595	D:0.742372058412872	D:0.988887668865741	D:0.00411063922206374	D:-0.0187098943551882	D:0.0191561348292466	D:11.1739171565895	N:	N:	N:	N:	N:	N:	N:	N:
S:RBBP6	D:-0.027975685904914	D:0.162668434795475	D:0.574329666684593	D:-0.0523340623941396	D:-3.66293562189876	D:0.000281370512198351	D:0.00364364557910403	D:-0.045145130165296	D:-3.07755653159125	D:0.00222243675149926	D:0.0208691189625407	D:1.01109313011476	D:0.364696474510297	D:0.959270072771647	D:0.00939688280841597	D:-0.025825904715651	D:0.0274823354338198	D:10.6670555831231	N:	N:	N:	N:	N:	N:	N:	N:
S:HECA	D:-0.014926316973767	D:0.163203192675057	D:0.575489716684884	D:-0.118595346746035	D:-5.06935717223612	D:0.00000060080034364432	D:0.0000614672225924275	D:-0.12468938019537	D:-5.32469880399217	D:0.000000164355500386176	D:0.0000868019144066557	D:1.18570239023219	D:0.306542405674384	D:0.956128515448225	D:-0.00840978380454925	D:-0.0459076770688786	D:0.0466716110446136	D:12.6920573115009	N:	N:	N:	N:	N:	N:	N:	N:
S:RNF145	D:-0.022986327710703	D:0.164520600964053	D:0.57747340267992	D:-0.0494956683483769	D:-2.70621436833023	D:0.00708414387632417	D:0.0340376826868086	D:-0.0592321326861561	D:-3.22774490186102	D:0.00134457818254537	D:0.0153054427731311	D:0.0508954391318744	D:0.950383842478478	D:0.996760838460121	D:0.00728870127788201	D:-0.00374269590920367	D:0.00819346928882807	D:7.81201157882087	N:	N:	N:	N:	N:	N:	N:	N:
S:PRKAB2	D:-0.0346371984233904	D:0.164801403589777	D:0.577641901002544	D:-0.0848755368598201	D:-3.39257248622462	D:0.000758393124102885	D:0.00717663924362929	D:-0.0681481470985054	D:-2.66552627302018	D:0.00798039066979672	D:0.0476022020996636	D:0.0125791460503087	D:0.987500009192033	D:0.998940164677581	D:0.0042801375498512	D:0.00339891268888065	D:0.00546554525297158	D:3.43643037046335	N:	N:	N:	N:	N:	N:	N:	N:
S:AHCTF1	D:-0.0211703074299596	D:0.165807518457236	D:0.578715604701813	D:-0.0970889574335252	D:-4.5966612368893	D:0.00000569506424330396	D:0.000252925569041824	D:-0.0942111202926805	D:-4.42131495819603	D:0.0000124801723621177	D:0.00097632881001952	D:1.15006018772233	D:0.317603276375548	D:0.956911684216668	D:-0.00303699971482992	D:-0.0417209436647956	D:0.0418313340397951	D:12.2775598670203	N:	N:	N:	N:	N:	N:	N:	N:
S:NUP153	D:-0.0274341741266915	D:0.166612269969189	D:0.579746721710518	D:-0.0727754583049014	D:-3.63691651894898	D:0.000310385278430761	D:0.00390298502304729	D:-0.0799250900149531	D:-3.9939129114921	D:0.0000766072368146737	D:0.00270701991789428	D:0.746093716704318	D:0.474836842834945	D:0.967850917475504	D:-0.0084746982564575	D:-0.0305256356292869	D:0.0316801979335672	D:13.0344011149552	N:	N:	N:	N:	N:	N:	N:	N:
S:ATR	D:-0.0203255773214999	D:0.166806421588525	D:0.580132987730311	D:-0.07346725036699	D:-3.12515768783958	D:0.00190102045672618	D:0.0134984886427639	D:-0.0662700030758185	D:-2.76432197772452	D:0.00595282700388441	D:0.0391005689018169	D:2.79947948950413	D:0.0619666878271904	D:0.839730268260145	D:-0.0105058921714658	D:-0.0726490246790411	D:0.0734047311631504	D:12.5485727308133	N:	N:	N:	N:	N:	N:	N:	N:
S:SF3B1	D:-0.0332543256779964	D:0.167548835821477	D:0.581483214098163	D:-0.0457898751670933	D:-2.61812938001312	D:0.0091624420754916	D:0.0409710024249843	D:-0.048336104337334	D:-2.73627478922375	D:0.00647494742380423	D:0.0414978509703373	D:3.08904742905215	D:0.0465717952086047	D:0.826061255087532	D:-0.0261029046733754	D:-0.0510464317841703	D:0.0573332349539365	D:13.8055472614997	N:	N:	N:	N:	N:	N:	N:	N:
S:NHS	D:-0.0237513715513242	D:0.167949397469196	D:0.582335864543345	D:-0.199235230706628	D:-4.78583119693134	D:0.00000236616901046875	D:0.000144944541171065	D:-0.214984742959281	D:-5.12949201489721	D:0.000000442911905579552	D:0.000151841079770702	D:0.0454449277924214	D:0.955576880031477	D:0.996760838460121	D:-0.0142803603863868	D:0.0101318529387706	D:0.0175095156054632	D:20.3570355556834	N:	N:	N:	N:	N:	N:	N:	N:
S:ZNF426	D:-0.0164211505956085	D:0.168017055511007	D:0.582456343225959	D:-0.0514721104657881	D:-2.62368500267271	D:0.00901676784988581	D:0.0404770642211391	D:-0.0531802182565479	D:-2.70584825742056	D:0.00708780763566622	D:0.0442784044144993	D:0.997683266008928	D:0.36959657312124	D:0.959270072771647	D:-0.0270985288476752	D:-0.0254140730690818	D:0.0371511154027563	D:15.1224837745256	N:	N:	N:	N:	N:	N:	N:	N:
S:UQCC	D:-0.0249463321179883	D:0.168419190924938	D:0.583270829968361	D:-0.053340111247777	D:-3.00842987634055	D:0.00278478627116392	D:0.0177198008872726	D:-0.0478563847562465	D:-2.69067468882585	D:0.00741256138065277	D:0.0453875955028135	D:0.181551105378427	D:0.834040415461076	D:0.990538766746216	D:-0.00537091264953223	D:-0.0128684482566428	D:0.0139443057633859	D:13.5102816673782	N:	N:	N:	N:	N:	N:	N:	N:
S:LINS	D:-0.028540473859218	D:0.169251964368177	D:0.584703840266842	D:-0.0584075373282701	D:-3.89177957450801	D:0.000115776876103082	D:0.00197416748335979	D:-0.045904780867113	D:-2.87049170274326	D:0.00430353597352431	D:0.0318905561086988	D:1.10653607920951	D:0.331655492115883	D:0.95707960515839	D:-0.0222620609160234	D:-0.0226082393914061	D:0.0317290378771223	D:14.9705311056673	N:	N:	N:	N:	N:	N:	N:	N:
S:ALMS1	D:-0.016127955284858	D:0.169476268167251	D:0.584768366686568	D:-0.0842470361862194	D:-4.39333024580175	D:0.0000141671179293538	D:0.000453092719243048	D:-0.06863718555773	D:-3.31422307297591	D:0.000997895090461441	D:0.0128120026036183	D:3.39387142971803	D:0.0344931669031405	D:0.78175962736323	D:0.0110868227754606	D:-0.0694205350200137	D:0.0703002725579312	D:11.3950794088517	N:	N:	N:	N:	N:	N:	N:	N:
S:VN1R1	D:-0.0112369826352348	D:0.170121095978049	D:0.585377511599254	D:-0.223301557476133	D:-3.27656762193928	D:0.00113843144998485	D:0.0094825613657946	D:-0.221253907798786	D:-3.23539879925064	D:0.00130989761410356	D:0.0150568878101163	D:2.58948107333253	D:0.0762456251625878	D:0.851506938756472	D:-0.197560282806586	D:-0.0841135620078087	D:0.214721113671339	D:16.462504172111	N:	N:	N:	N:	N:	N:	N:	N:
S:VEGFC	D:-0.00546457792129652	D:0.170732743926009	D:0.586101569855336	D:-0.226171263569515	D:-3.42276094513412	D:0.000681023042307604	D:0.00667849276364596	D:-0.219921987886348	D:-3.32143744119674	D:0.000973094036314276	D:0.0126347046934334	D:0.231626633827839	D:0.793342536368331	D:0.989870986031418	D:0.0154842946095205	D:-0.0569853054241169	D:0.0590515741859124	D:10.9865586902258	N:	N:	N:	N:	N:	N:	N:	N:
S:PURA	D:-0.0193743442053146	D:0.171519926796188	D:0.586898701387416	D:-0.0730990473321903	D:-4.76577138368865	D:0.00000260073553607084	D:0.000154024390935082	D:-0.0560929136426483	D:-3.25414173189692	D:0.00122843963614263	D:0.0145132641655763	D:3.22447807812792	D:0.0407538912963379	D:0.813813159090897	D:-0.0183850466345796	D:-0.0537612637738878	D:0.0568179850251768	D:13.2586294832209	N:	N:	N:	N:	N:	N:	N:	N:
S:PARP8	D:-0.0226048171241571	D:0.17188617775269	D:0.587364567531026	D:-0.0790299074388231	D:-3.64561130318011	D:0.000300390291265002	D:0.00380669694008391	D:-0.0812019172646525	D:-3.74000570040889	D:0.000209297876034215	D:0.00482298324951014	D:0.914825924425668	D:0.40137549202101	D:0.963711209598891	D:-0.0382829387837488	D:0.0154857904499711	D:0.0412964055067832	D:19.4682514418938	N:	N:	N:	N:	N:	N:	N:	N:
S:DFNA5	D:-0.00821255636176982	D:0.172263622298414	D:0.588191546164514	D:-0.178622823008652	D:-3.23070942452333	D:0.00133246963529193	D:0.0106320086334176	D:-0.174838474030592	D:-3.16426120472026	D:0.00166674418758229	D:0.017502351384532	D:2.04197858137152	D:0.131045866975068	D:0.892106772592489	D:-0.107449320260726	D:-0.103585117054016	D:0.149248895806924	D:15.0699341770794	N:	N:	N:	N:	N:	N:	N:	N:
S:CCRL1	D:-0.0057193710461133	D:0.172595623823499	D:0.588605066094069	D:-0.193377935829137	D:-3.50629623175277	D:0.000503589052175339	D:0.00543381207540491	D:-0.19581463420986	D:-3.59324896260257	D:0.00036490990881483	D:0.00688245831325745	D:2.50710299724332	D:0.0827115908404919	D:0.860742263980279	D:0.172353118772411	D:-0.00405943011364525	D:0.172400917988926	D:6.08994913845499	N:	N:	N:	N:	N:	N:	N:	N:
S:TMEM170A	D:-0.0205767596214885	D:0.174428386044225	D:0.591602412746911	D:-0.0709814039992402	D:-5.65261595604877	D:0.0000000293036187510631	D:0.00000890629470686188	D:-0.064602732857184	D:-5.00084183303862	D:0.000000837233428920536	D:0.000197112993187183	D:0.550762792555751	D:0.576921736199511	D:0.982115268178959	D:0.00320734461497602	D:-0.0173921766563216	D:0.017685442271086	D:11.3034200846186	N:	N:	N:	N:	N:	N:	N:	N:
S:GOLGA4	D:-0.01887708513957	D:0.17626961046271	D:0.594308387051733	D:-0.0862156486560959	D:-3.19333098116337	D:0.00151281747954058	D:0.0115657145413547	D:-0.0912925811022394	D:-3.35852814146773	D:0.000854384608865336	D:0.0116223667847159	D:4.44980287853076	D:0.0122313874460458	D:0.709441948440271	D:0.0268738530691488	D:-0.102739129710064	D:0.10619572850338	D:11.0227573191825	N:	N:	N:	N:	N:	N:	N:	N:
S:CSPP1	D:-0.0149645325254492	D:0.176674142618648	D:0.595126909619432	D:-0.081985928539188	D:-3.84591206915382	D:0.000138824937908952	D:0.00222723982896455	D:-0.0644221914182713	D:-2.85551537146993	D:0.00450772616398832	D:0.0327981838404025	D:2.1322776879945	D:0.119836526974355	D:0.888724539846668	D:0.0310829875009137	D:-0.0538930451333592	D:0.0622142461637868	D:10.0017108523108	N:	N:	N:	N:	N:	N:	N:	N:
S:B3GNT3	D:-0.00449059827695643	D:0.178546438485227	D:0.597868158143092	D:-0.118855835272294	D:-3.55379588945652	D:0.000423038820892683	D:0.00479512050818995	D:-0.118111679914233	D:-3.55279484191927	D:0.000423962898049366	D:0.00758208096616551	D:2.0421563932901	D:0.13102278978117	D:0.892106772592489	D:0.0945262525316382	D:0.00560944015867536	D:0.0946925458342356	D:5.77359321834953	N:	N:	N:	N:	N:	N:	N:	N:
S:TMIE	D:-0.012696525286048	D:0.17876418246189	D:0.598019989150604	D:-0.215444994313551	D:-5.17774608841479	D:0.00000034974515133543	D:0.0000440057029564037	D:-0.16122501808449	D:-3.6684375557525	D:0.000275103160246248	D:0.00583057576396087	D:0.285151638093811	D:0.752044296058252	D:0.988887668865741	D:0.0240638605737208	D:0.0363878467065616	D:0.0436250475489907	D:2.23181978453855	N:	N:	N:	N:	N:	N:	N:	N:
S:BUB3	D:-0.0238951175186061	D:0.179087012485678	D:0.598166031996781	D:-0.0637030546277016	D:-4.91209888434203	D:0.00000129538431465171	D:0.000100845894851246	D:-0.0519180782430107	D:-3.78098234670782	D:0.000178620431559569	D:0.00437802232607772	D:1.02218122835275	D:0.360694106013229	D:0.959270072771647	D:0.00345657600227183	D:-0.0253200837068693	D:0.0255549321380893	D:11.4817539580368	N:	N:	N:	N:	N:	N:	N:	N:
S:TAF1B	D:-0.0182543721480948	D:0.181299190826961	D:0.601314369100472	D:-0.108560131039461	D:-4.52478623599729	D:0.00000789032078779673	D:0.000309607948823968	D:-0.0903905587717472	D:-3.59033233142655	D:0.0003688948490726	D:0.00693542851648746	D:1.95600409026762	D:0.142696335872447	D:0.893013200900893	D:-0.0157799815423827	D:-0.0625420318955014	D:0.0645020431544293	D:12.9440496425404	N:	N:	N:	N:	N:	N:	N:	N:
S:PLXDC1	D:-0.0311537733714226	D:0.182311023026274	D:0.602804104564475	D:-0.0889970881192214	D:-3.66087117401965	D:0.000283576062664777	D:0.00366667664104398	D:-0.0748014082680049	D:-3.01051906943248	D:0.00276381802889477	D:0.0240354998231566	D:0.776908577997299	D:0.460478735105757	D:0.967692421145506	D:0.0215437588224369	D:-0.0354015266570736	D:0.0414415447811833	D:9.91181386530379	N:	N:	N:	N:	N:	N:	N:	N:
S:SPIN3	D:-0.0263797621723358	D:0.182978739816619	D:0.603960472281397	D:-0.145221936305017	D:-3.42374796892028	D:0.000678622300749237	D:0.00666714850625482	D:-0.129534358928055	D:-3.04077533867762	D:0.00250602995261493	D:0.0225877911919043	D:0.470260176228833	D:0.625165153178574	D:0.984208797062414	D:0.00880154862452506	D:0.0527340131878848	D:0.0534634773007694	D:0.631705668525375	N:	N:	N:	N:	N:	N:	N:	N:
S:RPL18	D:-0.0295873735462083	D:0.183147092934809	D:0.604114333383611	D:-0.0728461674321869	D:-3.78008538782989	D:0.000179584316695692	D:0.0026686366027	D:-0.0602541237999632	D:-2.99814795316102	D:0.0028760545305461	D:0.0246509700897592	D:0.572219597808966	D:0.564706703573568	D:0.9797224507603	D:0.0279934493066245	D:-0.011406712461934	D:0.0302282366881	D:7.4779873755034	N:	N:	N:	N:	N:	N:	N:	N:
S:USP47	D:-0.0222155611658476	D:0.184332884692323	D:0.605618694733694	D:-0.0673768443022829	D:-3.41193450437557	D:0.000707881459719153	D:0.00684787703186731	D:-0.0596256460949784	D:-2.87386850568485	D:0.0042586747681818	D:0.0316280633359419	D:1.88796198017087	D:0.152650299325816	D:0.897370879509493	D:0.0019067905588081	D:-0.0522587459998235	D:0.0522935214315237	D:11.8606898491809	N:	N:	N:	N:	N:	N:	N:	N:
S:ERCC6	D:-0.0168615838814351	D:0.184377220038046	D:0.605693056881104	D:-0.111975035660903	D:-4.55153930352769	D:0.00000699207093384208	D:0.000287646438143596	D:-0.0991203352297933	D:-3.97857420787907	D:0.0000815290427909254	D:0.00279992798800961	D:0.62002787981982	D:0.538416406427006	D:0.975924385547693	D:-0.0383314741376508	D:-0.00662721390162868	D:0.0389001526174812	D:17.3460649495989	N:	N:	N:	N:	N:	N:	N:	N:
S:DNAJC28	D:-0.00668399532010994	D:0.185848320933618	D:0.607534975244999	D:-0.209897781106914	D:-3.71328381094693	D:0.000232321734856736	D:0.00316362301103517	D:-0.184328655041201	D:-3.21995539071322	D:0.00138074443658087	D:0.0155153116936325	D:2.38046832076804	D:0.0937424772351617	D:0.867885582684249	D:0.123518470723338	D:-0.118267596006891	D:0.171008879521156	D:8.91706010181404	N:	N:	N:	N:	N:	N:	N:	N:
S:ATAD2	D:-0.0185460542981526	D:0.186375135527375	D:0.608030659742301	D:-0.142876490218156	D:-4.29284139348292	D:0.0000219480351779451	D:0.00061888391834376	D:-0.131627790327713	D:-3.89583462129904	D:0.000113682456523368	D:0.00335569317662103	D:1.71017280242056	D:0.182079413564632	D:0.921036339683345	D:-0.0556322994706581	D:-0.0616515346475008	D:0.083041341925483	D:14.8041364316249	N:	N:	N:	N:	N:	N:	N:	N:
S:TNFRSF25	D:-0.0586194733473558	D:0.186408758372888	D:0.608030659742301	D:-0.0936859358476318	D:-3.75128185599769	D:0.000200763999797112	D:0.0028511114244443	D:-0.0749977003553025	D:-2.87927411008138	D:0.00418774603676926	D:0.0312935928506723	D:0.663078529932854	D:0.515796071292641	D:0.972886610373122	D:-0.00716561781245274	D:-0.038156365761868	D:0.0388233734596518	D:12.7090696759959	N:	N:	N:	N:	N:	N:	N:	N:
S:SMYD2	D:-0.0187277379245652	D:0.186468842996971	D:0.608030659742301	D:-0.0884417041048367	D:-3.24979951819924	D:0.00124824449165416	D:0.0101760307098098	D:-0.0768539085683207	D:-2.78698080791984	D:0.00555915563472498	D:0.0373303987141446	D:0.840749129139139	D:0.432105057397991	D:0.966078042387016	D:-0.0114758326028952	D:-0.0448783833235541	D:0.0463223922489494	D:12.9562479409175	N:	N:	N:	N:	N:	N:	N:	N:
S:CXCR5	D:-0.0133465581017393	D:0.186863183165485	D:0.608349486633347	D:-0.0652599961785066	D:-3.65471317084047	D:0.000290251918607897	D:0.00372655239258667	D:-0.0548268396311553	D:-2.95265426490187	D:0.00332564649998274	D:0.0270889780142404	D:3.38899795908373	D:0.0346590191660366	D:0.782175932890641	D:-0.0102935482439589	D:-0.0617083361442744	D:0.0625609773352805	D:12.6313530012291	N:	N:	N:	N:	N:	N:	N:	N:
S:PAN3	D:-0.0245027657168098	D:0.187263443208168	D:0.608457045695688	D:-0.0644148675001563	D:-2.57442699477886	D:0.0103838659912127	D:0.0448224266256433	D:-0.0739198985898606	D:-2.92050859657926	D:0.00368110424889355	D:0.0289583164765012	D:0.346117036243657	D:0.707629360016482	D:0.987553110889477	D:0.0296683806767895	D:-0.00258299577483226	D:0.0297806091132417	D:6.33171684065327	N:	N:	N:	N:	N:	N:	N:	N:
S:MGA	D:-0.0217845441795808	D:0.188289049051584	D:0.609999693445121	D:-0.0592970868959522	D:-4.03012468539271	D:0.0000662411840415822	D:0.00130881595283777	D:-0.0531036704842465	D:-3.48273626710681	D:0.000547898440379652	D:0.00888103847289872	D:4.44505939933932	D:0.0122883469373083	D:0.709441948440271	D:-0.0137826822076081	D:-0.0572431963807041	D:0.058879078293701	D:12.9025110629469	N:	N:	N:	N:	N:	N:	N:	N:
S:EHBP1	D:-0.0139608747336462	D:0.189695366959462	D:0.611202851373783	D:-0.131791703921804	D:-5.92597533615999	D:0.00000000649755976783379	D:0.00000295276314937768	D:-0.111904411771924	D:-4.6535020258252	D:0.00000436959193995083	D:0.000555976745873067	D:5.79989351254621	D:0.00327322126677882	D:0.619506875420677	D:-0.0622238093194524	D:-0.0881201591670341	D:0.107874764879684	D:14.348456968437	N:	N:	N:	N:	N:	N:	N:	N:
S:WDFY1	D:-0.0191851045935466	D:0.191398578447535	D:0.613521801363353	D:-0.0929072894295849	D:-3.79438084806836	D:0.000169873114464251	D:0.00255541996131325	D:-0.0850574585222408	D:-3.39306118090441	D:0.000756111336815175	D:0.0107421922894968	D:2.35997667110377	D:0.0956615571710326	D:0.867885582684249	D:-0.0326725793651945	D:-0.063183437923199	D:0.0711311764992656	D:13.8229191882076	N:	N:	N:	N:	N:	N:	N:	N:
S:LDB2	D:-0.00753966188645022	D:0.192699179005486	D:0.615781324254995	D:-0.179059243711119	D:-3.09360797785933	D:0.00211011217020704	D:0.0145599229936497	D:-0.184333262429309	D:-3.19369718048973	D:0.00150939772555501	D:0.0164226842734245	D:0.349898179743421	D:0.704963132122368	D:0.987553110889477	D:-0.000540338434935854	D:-0.0625575933318763	D:0.0625599268629742	D:12.0329918296703	N:	N:	N:	N:	N:	N:	N:	N:
S:SBNO1	D:-0.0141081198246642	D:0.192851234626217	D:0.615844160002028	D:-0.0596759803963737	D:-4.09114546871333	D:0.0000515160467523957	D:0.00109302396263687	D:-0.0517098270100248	D:-3.4020844269834	D:0.0007322275988278	D:0.010490072953588	D:0.194161383247055	D:0.823598164472762	D:0.990538766746216	D:0.00603012347081793	D:-0.0110881344066374	D:0.0126217714166025	D:10.097404883246	N:	N:	N:	N:	N:	N:	N:	N:
S:USP8	D:-0.0135802959362858	D:0.193428475528266	D:0.61704715806779	D:-0.0598515944172449	D:-3.02314031963518	D:0.0026556949958044	D:0.017172381175716	D:-0.0579915379207057	D:-2.93083185456143	D:0.00356334246306619	D:0.0283977467662221	D:0.359681107711427	D:0.698111562795767	D:0.987534244143049	D:-0.0151518693817411	D:0.0170548227134154	D:0.0228132883107055	D:21.2254284693253	N:	N:	N:	N:	N:	N:	N:	N:
S:TOB1	D:-0.0246545970172201	D:0.193445978826436	D:0.61704715806779	D:-0.0527952196725584	D:-3.11333647566719	D:0.00197701879465657	D:0.0138967353476202	D:-0.0474383359137009	D:-2.78563389310709	D:0.00558188079630658	D:0.0374058753911615	D:2.21809769345215	D:0.110076993633824	D:0.877767437177758	D:-0.0352437674345542	D:-0.0326232168618132	D:0.0480249666464626	D:15.1474177121741	N:	N:	N:	N:	N:	N:	N:	N:
S:ATG2B	D:-0.024366693935596	D:0.194280257445705	D:0.617870896761005	D:-0.0740263450273447	D:-3.09938790277988	D:0.00207028939262647	D:0.0143663086013188	D:-0.07096795083918	D:-2.92481754320928	D:0.00363152506972681	D:0.0286490235718739	D:1.38071583757748	D:0.252526410407015	D:0.9367386625767	D:0.0143504907220362	D:-0.0508792628067622	D:0.0528643165823868	D:10.949926664209	N:	N:	N:	N:	N:	N:	N:	N:
S:NR2C1	D:-0.0281445441025556	D:0.194462189394791	D:0.61813467761806	D:-0.0768774158009084	D:-3.51299020865709	D:0.000491427522719071	D:0.00534389828684105	D:-0.0652498170953362	D:-2.81451664627393	D:0.00511256282274274	D:0.0353821017417176	D:4.66064118305341	D:0.00995029002289907	D:0.699419486825434	D:-0.031017987847719	D:-0.0865237445906371	D:0.0919155805514334	D:13.3148201478667	N:	N:	N:	N:	N:	N:	N:	N:
S:SFMBT1	D:-0.025653497139805	D:0.19448743910628	D:0.61813467761806	D:-0.0868643779297123	D:-5.40571011425649	D:0.000000108733768791373	D:0.0000200449676976625	D:-0.0856525894950296	D:-5.31424456386933	D:0.00000017344966006996	D:0.0000891942054586074	D:0.790316211753439	D:0.454368441985806	D:0.967692421145506	D:0.0161795271367479	D:-0.0220135514969013	D:0.0273198379913844	D:9.57898970993646	N:	N:	N:	N:	N:	N:	N:	N:
S:SH3BGR	D:-0.0152762420184175	D:0.196083694528858	D:0.62055080078163	D:-0.301852071285532	D:-4.70471486303738	D:0.00000346072467876502	D:0.00018412577629725	D:-0.27339195407689	D:-4.13739617912397	D:0.0000423770486599673	D:0.00193665969456511	D:0.984568998772103	D:0.374452632996125	D:0.959577389001284	D:-0.0545825991757968	D:-0.108042249668884	D:0.121047048069332	D:13.7868506404562	N:	N:	N:	N:	N:	N:	N:	N:
S:MRPL19	D:-0.018621570967339	D:0.196192771984848	D:0.62055080078163	D:-0.0714776743677807	D:-3.32090588101379	D:0.000976054096610107	D:0.00852618377374076	D:-0.0629600404781244	D:-2.84944469077088	D:0.00459297476910594	D:0.0332451213651111	D:1.52105893106657	D:0.219670043766009	D:0.928525270437289	D:-0.000959373079525384	D:-0.0499140836434575	D:0.049923302601809	D:12.0734078200362	N:	N:	N:	N:	N:	N:	N:	N:
S:STMN4	D:-0.00116181490695498	D:0.196740819252268	D:0.621228223252722	D:-0.172122088956473	D:-3.94010880951656	D:0.0000954349630311773	D:0.00171405754833845	D:-0.181790355337112	D:-4.1424916825631	D:0.0000414820850863874	D:0.00192857036888857	D:0.213383203629692	D:0.807933200731873	D:0.990538766746216	D:0.0220314776269256	D:-0.0316512307606213	D:0.0385640559989198	D:9.67729165239449	N:	N:	N:	N:	N:	N:	N:	N:
S:SOAT1	D:-0.0125238026415618	D:0.198387435584719	D:0.624175785090929	D:-0.0546134936288231	D:-3.80532239173579	D:0.000162777515119374	D:0.00247535830579586	D:-0.0525666962313113	D:-3.66866557308191	D:0.000274865553245986	D:0.00583057576396087	D:0.0345425158185148	D:0.966049984590315	D:0.996760838460121	D:-0.000427964364830422	D:0.00487410846613571	D:0.00489286080296799	D:23.6654727948726	N:	N:	N:	N:	N:	N:	N:	N:
S:DPP8	D:-0.0128452183340152	D:0.199068867763179	D:0.624414995812041	D:-0.0470458424020569	D:-2.88817754237951	D:0.00407617146103693	D:0.0230654225854977	D:-0.0488106240380537	D:-3.0071996329661	D:0.00279353262080922	D:0.0241969950989508	D:0.0708203427571781	D:0.931640268090026	D:0.994559242263454	D:-0.00858892774222979	D:0.000939022727184904	D:0.00864010668009454	D:18.4159556825936	N:	N:	N:	N:	N:	N:	N:	N:
S:SRPRB	D:-0.0246242270002505	D:0.19911004970216	D:0.624470332305572	D:-0.0690700316769837	D:-3.76971434856061	D:0.000186954943159772	D:0.00273662006449326	D:-0.0555446564965443	D:-2.91099339985533	D:0.00379278186849135	D:0.0295196824865213	D:0.606886680607191	D:0.545517854930471	D:0.977876381964511	D:0.0141218458112658	D:-0.024271569458279	D:0.028080876287702	D:9.98720098643214	N:	N:	N:	N:	N:	N:	N:	N:
S:CXCR7	D:-0.0248895998354277	D:0.201079237711866	D:0.627122753887381	D:-0.0925570053137446	D:-2.97407204500119	D:0.0031090002134475	D:0.019098702662992	D:-0.0854121458234196	D:-2.70825481907759	D:0.00703749558092291	D:0.0440768272906457	D:0.581179552148056	D:0.55968316055675	D:0.978628007868675	D:0.0238480980908828	D:-0.0387660763123625	D:0.0455141786173087	D:9.89340132373495	N:	N:	N:	N:	N:	N:	N:	N:
S:INPP4B	D:-0.0305375532305222	D:0.201273634810292	D:0.627448581208004	D:-0.11304135887965	D:-4.91395080053615	D:0.00000128386544512179	D:0.000100363903324403	D:-0.0939886192602012	D:-3.75157911767213	D:0.000200164212660868	D:0.00472112344294576	D:2.52893948782699	D:0.0809457805673826	D:0.858260180148023	D:-0.0233624516261816	D:-0.0692910379291809	D:0.0731235398711581	D:13.2421506835027	N:	N:	N:	N:	N:	N:	N:	N:
S:KBTBD4	D:-0.0156356539031145	D:0.201691180165538	D:0.627803855548211	D:-0.0737569864497464	D:-3.00111961411166	D:0.00285105423227907	D:0.018025631547227	D:-0.0802046930246601	D:-3.25502683975884	D:0.00122471152969117	D:0.0144779721728344	D:0.746222517916312	D:0.474775901671533	D:0.967850917475504	D:-0.0311596043448862	D:-0.0258617681045128	D:0.0404938512915411	D:15.3538728528582	N:	N:	N:	N:	N:	N:	N:	N:
S:NPY6R	D:-0.00271803469153747	D:0.202999923599754	D:0.629795741554955	D:-0.118420803029449	D:-2.84353295763679	D:0.00468055670188073	D:0.025591146757541	D:-0.122575072089775	D:-2.92543835592031	D:0.00362443237847182	D:0.0286046175717762	D:0.197754955023294	D:0.820646540030694	D:0.990538766746216	D:0.0364520394842511	D:0.00609765388905457	D:0.0369585249369087	D:5.36690371485254	N:	N:	N:	N:	N:	N:	N:	N:
S:CRNKL1	D:-0.017838950359875	D:0.203429536645965	D:0.630437304884397	D:-0.0588402596538347	D:-3.20096957174942	D:0.00147422227633959	D:0.0113640147936694	D:-0.0558325784337436	D:-3.04370736795216	D:0.00248225959059383	D:0.022435631202495	D:0.0116737483285146	D:0.98839444314091	D:0.998940164677581	D:0.00172338445723644	D:0.0032325465021005	D:0.003663251407655	D:1.87090998669248	N:	N:	N:	N:	N:	N:	N:	N:
S:ESCO2	D:-0.00404052189885663	D:0.206710697755404	D:0.634082191135672	D:-0.163693907212069	D:-2.55981930689329	D:0.0108234311199583	D:0.046128826066544	D:-0.178089826813664	D:-2.79961203280798	D:0.00535008344170585	D:0.0365162349054747	D:2.0020561786299	D:0.136331940122483	D:0.892651935358644	D:-0.0556014874805628	D:-0.155660349918102	D:0.165292679652418	D:13.3104400356218	N:	N:	N:	N:	N:	N:	N:	N:
S:MIS18BP1	D:-0.0178217004474764	D:0.206921938875281	D:0.634082191135672	D:-0.0641885900858587	D:-3.03794818332389	D:0.00253131354516916	D:0.0165377458997494	D:-0.0604117408418464	D:-2.82981823819541	D:0.00487870427978664	D:0.0344044606031436	D:1.20124808307455	D:0.301840106025616	D:0.954093587559266	D:-0.0121921290919124	D:-0.0411315096266831	D:0.0429004556614936	D:13.1007188917804	N:	N:	N:	N:	N:	N:	N:	N:
S:TRMT61B	D:-0.0231354930819235	D:0.207403629941465	D:0.634510063758225	D:-0.115229845798793	D:-3.58029659665809	D:0.000383516321346694	D:0.00446620526545634	D:-0.0960179114091302	D:-2.93877717305374	D:0.00347506031562629	D:0.0279082907932663	D:0.155456978479085	D:0.856072668440223	D:0.991098228766629	D:-0.0106831542227016	D:0.0217111149196965	D:0.0241971546922834	D:22.2533388215631	N:	N:	N:	N:	N:	N:	N:	N:
S:COX18	D:-0.0162761209625629	D:0.207853490634157	D:0.635292357758068	D:-0.0632855119902532	D:-2.69665866778799	D:0.00728699671917529	D:0.0346713423154138	D:-0.0676828839815462	D:-2.89266391105622	D:0.00401666162195528	D:0.0304681837893175	D:2.73243264290319	D:0.0662066141158931	D:0.847670464859297	D:-0.0407158708426496	D:-0.0593542399808117	D:0.071977134856669	D:14.2966250414387	N:	N:	N:	N:	N:	N:	N:	N:
S:IKBKAP	D:-0.0251088735663984	D:0.208607536882865	D:0.636727510323792	D:-0.0884467964209473	D:-4.00995094448849	D:0.0000719326216823022	D:0.001398396192046	D:-0.079212319405332	D:-3.53156065355379	D:0.000458434153606841	D:0.00790585158428395	D:2.78503626366282	D:0.062856379195558	D:0.840103863598374	D:-0.0121080940994759	D:-0.0674326635825865	D:0.068511094434143	D:12.6786305495162	N:	N:	N:	N:	N:	N:	N:	N:
S:UBE2Q2	D:-0.0212547804439373	D:0.210776285925847	D:0.638771181320723	D:-0.0800437207998266	D:-3.85204315061497	D:0.000135510539668178	D:0.00219565058532605	D:-0.0782797836760894	D:-3.75848293356923	D:0.000194896106574237	D:0.00462753926921891	D:1.49993340986526	D:0.224326526517017	D:0.929224825495277	D:-0.0508648508903402	D:-0.00160284735985768	D:0.0508900989953404	D:17.8796732811195	N:	N:	N:	N:	N:	N:	N:	N:
S:EIF3A	D:-0.0244414051352326	D:0.212611399791951	D:0.640611483125699	D:-0.105619762570272	D:-3.74353113246957	D:0.00020685314312045	D:0.00291849622362217	D:-0.0879747378535432	D:-2.98323557337153	D:0.00301689030848183	D:0.0254217565838911	D:2.23383589689681	D:0.108375860888621	D:0.876389783521771	D:0.00981527375017611	D:-0.0804877087712575	D:0.0810839741381591	D:11.5364835535682	N:	N:	N:	N:	N:	N:	N:	N:
S:RNF170	D:-0.0141943717718565	D:0.214803328410095	D:0.643458306602732	D:-0.0626393384962886	D:-3.60795720441838	D:0.00034597513553035	D:0.00416423991320718	D:-0.057327267838415	D:-3.23930234230241	D:0.00129253101430078	D:0.0149570634293816	D:3.07568134104863	D:0.0471894172632059	D:0.826061255087532	D:-0.0212615344114947	D:-0.0529691619238257	D:0.0570770090355446	D:13.4580172418575	N:	N:	N:	N:	N:	N:	N:	N:
S:RGMB	D:-0.0224604066516747	D:0.215232056682779	D:0.6439296716754	D:-0.078820378080431	D:-4.00902149146786	D:0.0000722057180095385	D:0.00140116378910068	D:-0.0821495236149527	D:-4.17404417217248	D:0.0000363284640193114	D:0.00181558699591141	D:1.82232015817812	D:0.162913945485605	D:0.90401925079832	D:-0.0051764497964579	D:-0.0483467634614512	D:0.0486230929671566	D:12.4074221189846	N:	N:	N:	N:	N:	N:	N:	N:
S:SAMD12	D:-0.0119641214960817	D:0.215455789001699	D:0.644174726410007	D:-0.18144642420274	D:-3.55878635095358	D:0.00041531599880898	D:0.00474601750451829	D:-0.182137800367243	D:-3.51030878463061	D:0.000495548559504193	D:0.00833675855365368	D:1.6967551919043	D:0.184519213273347	D:0.921744746511297	D:0.0731750078231705	D:-0.105687291784741	D:0.128547210839886	D:9.6868216120112	N:	N:	N:	N:	N:	N:	N:	N:
S:CBFB	D:-0.0148660530420343	D:0.21603040545195	D:0.64467938093274	D:-0.0512609217479308	D:-3.57888880600422	D:0.00038552562465383	D:0.00448159204721029	D:-0.0419713656201691	D:-2.84703048202304	D:0.00462728202189499	D:0.0333791532416992	D:1.04168173956461	D:0.353761936010289	D:0.959270072771647	D:-0.0168416402224755	D:-0.0224722732996516	D:0.0280828045721494	D:14.4566259676621	N:	N:	N:	N:	N:	N:	N:	N:
S:LMBRD1	D:-0.0207090932513654	D:0.217137785093293	D:0.64561594355832	D:-0.0908763109272564	D:-3.18205113275882	D:0.0015715214504791	D:0.0118680785962461	D:-0.0943369660404924	D:-3.29034976948694	D:0.00108421412745403	D:0.0134366904542911	D:0.113309212920162	D:0.89290155455223	D:0.9922979041502	D:-0.0138595118552569	D:-0.0119920571176228	D:0.0183274521627621	D:15.2754487669867	N:	N:	N:	N:	N:	N:	N:	N:
S:IDE	D:-0.0124392978621358	D:0.217681303089675	D:0.645778610675259	D:-0.0412010140010797	D:-3.03011174674455	D:0.00259645493200738	D:0.0168780061892957	D:-0.0380731916928404	D:-2.79255761292364	D:0.00546595264767635	D:0.0369074570450047	D:0.800730177732993	D:0.449678722657377	D:0.967692421145506	D:0.00858220732584786	D:-0.021113547432609	D:0.0227911423095216	D:10.525287014805	N:	N:	N:	N:	N:	N:	N:	N:
S:ATP10A	D:-0.0290817981045045	D:0.217785341339346	D:0.645881533453643	D:-0.114108573660068	D:-4.28299998675941	D:0.0000228991002828338	D:0.00063902943841387	D:-0.0989416921219498	D:-3.57375830014388	D:0.000392325874393625	D:0.00724616248726449	D:2.29494214145423	D:0.102017551006387	D:0.870946539528028	D:-0.0159243775707031	D:-0.0751177994541976	D:0.0767871707764738	D:12.7979367594406	N:	N:	N:	N:	N:	N:	N:	N:
S:ZCCHC11	D:-0.0231922250388568	D:0.220673434182349	D:0.648793379124551	D:-0.11379228770365	D:-4.44983835698042	D:0.0000110350935831981	D:0.000383013789892138	D:-0.103904914010239	D:-3.98043026663455	D:0.000080917909662207	D:0.00279250590493573	D:3.26295985427797	D:0.0392381475808126	D:0.813813159090897	D:0.00587747948650826	D:-0.0863780277063074	D:0.086577759474047	D:11.7404922693249	N:	N:	N:	N:	N:	N:	N:	N:
S:PIK3C2B	D:-0.0160731361253643	D:0.221530047947946	D:0.649532896126398	D:-0.083649624603052	D:-3.97609171645997	D:0.0000825416807034172	D:0.00154054153068335	D:-0.0654945320129343	D:-2.96383040945546	D:0.0032096079844015	D:0.0264805106319456	D:1.79192935740332	D:0.16789790281095	D:0.909153832740887	D:0.0222541756984976	D:-0.0507058360917773	D:0.0553744539457121	D:10.4202608711001	N:	N:	N:	N:	N:	N:	N:	N:
S:ACVR1	D:-0.0151140399314102	D:0.221613556084989	D:0.649575942730111	D:-0.0846134439874897	D:-3.48901393699199	D:0.000536301851143586	D:0.00568233068531491	D:-0.0763892770215349	D:-3.13218910855369	D:0.00185532837980333	D:0.0186400883649033	D:1.06166948196245	D:0.346795442817311	D:0.957570140629368	D:0.00828050355557512	D:-0.0456039983858765	D:0.0463496645933163	D:11.3139128778222	N:	N:	N:	N:	N:	N:	N:	N:
S:KDM4C	D:-0.0217939375571819	D:0.221791981417035	D:0.649675680800892	D:-0.0669294955369832	D:-3.27055065662262	D:0.00116230435394517	D:0.00963879636552171	D:-0.0582202094114378	D:-2.7706760219992	D:0.00583996395936414	D:0.0385406064606331	D:2.72581142630414	D:0.0666408290879108	D:0.847670464859297	D:0.0260982687495557	D:-0.0594682790955993	D:0.0649430200276837	D:10.4203490238902	N:	N:	N:	N:	N:	N:	N:	N:
S:PWP1	D:-0.0229021267456137	D:0.221834798926281	D:0.649675680800892	D:-0.0833200754030026	D:-3.86938132194743	D:0.000126537971093552	D:0.00208841088947559	D:-0.0731085476542817	D:-3.29402403389549	D:0.00107049258592802	D:0.0133749972005239	D:2.15521793542828	D:0.11714563726839	D:0.885569066506476	D:0.0203262042139346	D:-0.0571703923815507	D:0.060676258477324	D:10.6951870121874	N:	N:	N:	N:	N:	N:	N:	N:
S:SNX10	D:-0.0264821500537301	D:0.223733094304241	D:0.652223800086835	D:-0.0929044136947351	D:-3.13611872434053	D:0.00183296730417468	D:0.013208479196199	D:-0.100326074880463	D:-3.38547609793828	D:0.00077674793820894	D:0.0109197348636985	D:2.09227012449107	D:0.124678876979102	D:0.888724539846668	D:-0.0813345240019732	D:-0.0227732310678273	D:0.084462564772189	D:16.9572025417155	N:	N:	N:	N:	N:	N:	N:	N:
S:LPAR1	D:-0.0322167214241494	D:0.22473652170236	D:0.653034494608314	D:-0.145989131543065	D:-2.64014895972663	D:0.00859717746932999	D:0.0390543009871321	D:-0.147774964525211	D:-2.68792981024446	D:0.00747271949480732	D:0.0455756590661766	D:1.22683834523736	D:0.294256802724063	D:0.952385040554387	D:-0.0534406932425547	D:-0.0990893187308422	D:0.112581529483247	D:13.8892534580648	N:	N:	N:	N:	N:	N:	N:	N:
S:CCT5	D:-0.0163266241871464	D:0.224935175885009	D:0.653207403567528	D:-0.131793084551324	D:-4.67819671068607	D:0.00000391419487771163	D:0.000197448947156123	D:-0.126693379069527	D:-4.47276495245053	D:0.00000992870591725395	D:0.000869046123913845	D:0.258395492739398	D:0.772411252321232	D:0.989364001696824	D:-0.00466459058568509	D:-0.0259375359186992	D:0.0263536368432494	D:12.6796706588269	N:	N:	N:	N:	N:	N:	N:	N:
S:NT5DC1	D:-0.0178799456238436	D:0.225037499893654	D:0.653278561763279	D:-0.0594461102468101	D:-3.40422672091564	D:0.000727601515562926	D:0.00697305601550522	D:-0.052426055233845	D:-2.95293784011142	D:0.00332265542572442	D:0.0270880044972181	D:2.35136971479445	D:0.0964793401065347	D:0.867885582684249	D:-0.0272853683720434	D:-0.0425642245825934	D:0.0505589214829149	D:14.177432917723	N:	N:	N:	N:	N:	N:	N:	N:
S:C4ORF46	D:-0.0121020793014467	D:0.22517949348098	D:0.653526588771797	D:-0.196995345041366	D:-3.37599468750994	D:0.000804289951165392	D:0.00746278724393301	D:-0.204490334697068	D:-3.51087136432151	D:0.000494530847925157	D:0.00833675855365368	D:0.26490385396306	D:0.767406600806006	D:0.989044741352382	D:0.0543476490324452	D:-0.0242477771856815	D:0.059511525386267	D:7.60296958560801	N:	N:	N:	N:	N:	N:	N:	N:
S:ADAM11	D:-0.0018819364666083	D:0.225230716310029	D:0.653526588771797	D:-0.150443721437011	D:-4.71426080653117	D:0.00000331021407964241	D:0.000179660360480683	D:-0.144589961450528	D:-4.43626595315846	D:0.000011680322010562	D:0.000935431034460621	D:1.29214138198904	D:0.275761254411584	D:0.944820426470376	D:-0.014274878476962	D:-0.0663139655307079	D:0.0678329874024426	D:12.8098819326288	N:	N:	N:	N:	N:	N:	N:	N:
S:TCTN1	D:-0.0127116506035415	D:0.22585212846305	D:0.654144244313449	D:-0.0744384010483005	D:-3.73461487838098	D:0.000214073190775685	D:0.00299441962845216	D:-0.0697324008975253	D:-3.4683679671807	D:0.000577185370407274	D:0.00916229027061619	D:0.409135880700441	D:0.664485896283542	D:0.985706471962942	D:-0.015220390120828	D:-0.0186544341648457	D:0.024075883980464	D:14.6140962055926	N:	N:	N:	N:	N:	N:	N:	N:
S:SENP2	D:-0.011694890203526	D:0.227152243868366	D:0.655686069905408	D:-0.118425708906716	D:-4.2094710152788	D:0.0000313582484081851	D:0.000775639140835097	D:-0.126573754564849	D:-4.49363377178588	D:0.0000090434161657062	D:0.000841511406162214	D:0.299798603930402	D:0.741124359834084	D:0.988887668865741	D:-0.0250533173927156	D:-0.0159021054557235	D:0.0296739897941799	D:15.8396971219247	N:	N:	N:	N:	N:	N:	N:	N:
S:DHX36	D:-0.0150606071404276	D:0.227388743391865	D:0.655757370124711	D:-0.0805573339472929	D:-3.3631905661482	D:0.000841495593728571	D:0.00768754810521271	D:-0.0777350329682496	D:-3.24670405198079	D:0.00126018550692701	D:0.0147272168000104	D:3.93961385151546	D:0.0201720197139921	D:0.730351563745367	D:-0.0480145301600722	D:-0.0740862604736975	D:0.088284591506497	D:14.1964566837099	N:	N:	N:	N:	N:	N:	N:	N:
S:STAG3L4	D:-0.0191612209779149	D:0.227646200324261	D:0.655821824464439	D:-0.0912494449440419	D:-3.36393863059885	D:0.000839278570919092	D:0.00768754810521271	D:-0.0894568187591395	D:-3.30335533098946	D:0.0010363661127433	D:0.0131566615435365	D:1.78641180887845	D:0.168819053135373	D:0.909540780354538	D:-0.0288067568086536	D:-0.0602146552496385	D:0.0667505351638901	D:13.7044335577827	N:	N:	N:	N:	N:	N:	N:	N:
S:GIMAP6	D:-0.0223923358466814	D:0.228014747241014	D:0.65594519088077	D:-0.0736791451088331	D:-3.3142445979305	D:0.000998991167574338	D:0.0086453881335563	D:-0.0643329978460619	D:-2.88850406013871	D:0.00406911853477822	D:0.0307362370653658	D:1.38157787664456	D:0.252310224279056	D:0.9367386625767	D:-0.0456285563432259	D:-0.022440999495065	D:0.0508484376584418	D:16.254077022667	N:	N:	N:	N:	N:	N:	N:	N:
S:NDFIP2	D:-0.0188689484467299	D:0.228279347280908	D:0.656259668978293	D:-0.128048529073389	D:-3.84991580081446	D:0.000136651993821395	D:0.00220463180727239	D:-0.116481205530126	D:-3.45092045939527	D:0.00061471471700294	D:0.00949576307111024	D:0.99567621574086	D:0.370335639130941	D:0.959270072771647	D:0.0172741188156503	D:-0.0600336079889389	D:0.0624694266743884	D:10.9298209092813	N:	N:	N:	N:	N:	N:	N:	N:
S:C10ORF2	D:-0.0263024360569817	D:0.228850398708962	D:0.656969701614668	D:-0.0753157167075078	D:-3.60655228222294	D:0.000347795606268361	D:0.00418232242590156	D:-0.0605767862241577	D:-2.65274663761337	D:0.00828366865466856	D:0.0487563762593008	D:2.67222680474423	D:0.0702618158221643	D:0.850339905642804	D:-0.0087121138658499	D:-0.067755137670226	D:0.0683129534475184	D:12.4884680957556	N:	N:	N:	N:	N:	N:	N:	N:
S:LIMA1	D:-0.020849210744503	D:0.229419376924825	D:0.657469433203806	D:-0.140332405426172	D:-4.37362400131908	D:0.0000154472344278125	D:0.000478374656028344	D:-0.125601209252413	D:-3.81269827485747	D:0.000157843835461546	D:0.00408533296523718	D:2.072698921348	D:0.127118825997792	D:0.890477353526427	D:0.0217562072914968	D:-0.0850714511719312	D:0.087809363738777	D:11.0436415512099	N:	N:	N:	N:	N:	N:	N:	N:
S:DDX46	D:-0.0158258661368669	D:0.229519915180237	D:0.657619378962955	D:-0.0989204283564904	D:-4.50225414264566	D:0.00000873179307385715	D:0.000328130708569697	D:-0.0921723999408048	D:-4.13167987517011	D:0.0000434029219937271	D:0.00195874480064531	D:2.48237613616149	D:0.0847579068555333	D:0.860742263980279	D:-0.0124980475486115	D:-0.063116221881342	D:0.0643417334014413	D:12.7467073779306	N:	N:	N:	N:	N:	N:	N:	N:
S:YME1L1	D:-0.0159301565965416	D:0.230327152225778	D:0.658515756875791	D:-0.0519484330013738	D:-2.89183098358529	D:0.00403000470744153	D:0.0228925354616614	D:-0.0478629804227559	D:-2.65242700299385	D:0.00829138492054719	D:0.0487870980826295	D:1.63756193035519	D:0.195680853062792	D:0.922045591575622	D:-0.00784411903042584	D:-0.0415330782177237	D:0.0422673253187736	D:12.7130103200958	N:	N:	N:	N:	N:	N:	N:	N:
S:BRMS1L	D:-0.0118052126625952	D:0.230476354461524	D:0.658605001845103	D:-0.10135719270348	D:-2.87328707021361	D:0.00426936000753534	D:0.0238705476129465	D:-0.0955896783640432	D:-2.70347042506141	D:0.00713783714469585	D:0.0444373976327763	D:0.852716390820957	D:0.426985087658478	D:0.966078042387016	D:-0.0648532094630212	D:0.00773292442208728	D:0.0653126090259164	D:18.4533128564645	N:	N:	N:	N:	N:	N:	N:	N:
S:SEPSECS	D:-0.017677552444995	D:0.230549786216268	D:0.658679960415196	D:-0.137028750076324	D:-3.10524975430842	D:0.00203060983769639	D:0.0141816107356773	D:-0.126472782144864	D:-2.86554681809626	D:0.00437000549636875	D:0.0321823958628678	D:0.19700812722246	D:0.821259080125849	D:0.990538766746216	D:0.0318005868313655	D:-0.0216126572951065	D:0.0384497630444576	D:8.28008223059314	N:	N:	N:	N:	N:	N:	N:	N:
S:SMC4	D:-0.0225149972363541	D:0.231196021778673	D:0.659715874434389	D:-0.119467534036778	D:-5.20038672144637	D:0.000000312001355460038	D:0.0000409182448794939	D:-0.117344008699214	D:-5.05987659399995	D:0.000000626135839567911	D:0.000173540496808579	D:0.695795340577923	D:0.499246108086512	D:0.971534152892322	D:-0.0223849363510346	D:-0.028410470048293	D:0.036169603036318	D:14.548998794936	N:	N:	N:	N:	N:	N:	N:	N:
S:MKRN3	D:-0.0050702371544571	D:0.231564775800158	D:0.660160663185128	D:-0.180555477066055	D:-3.6526730588754	D:0.00029249598288137	D:0.00374638463724294	D:-0.180790191010997	D:-3.65239520018702	D:0.000292313649023568	D:0.00602542301220414	D:1.97601123360772	D:0.139895473149222	D:0.893013200900893	D:-0.135351005005248	D:-0.0260223669484033	D:0.137829815851027	D:17.2744797853558	N:	N:	N:	N:	N:	N:	N:	N:
S:OCIAD1	D:-0.0157109812041696	D:0.233067322822611	D:0.662346907644749	D:-0.0919259144264706	D:-3.6638840688654	D:0.000280362657063319	D:0.00363300177829862	D:-0.0869033094702286	D:-3.35893404375893	D:0.000853163459610226	D:0.0116178865256052	D:1.96705067714056	D:0.141142994765317	D:0.893013200900893	D:0.0271035901244355	D:-0.0622679529357091	D:0.0679109899827493	D:10.4318522580798	N:	N:	N:	N:	N:	N:	N:	N:
S:IRF2BP2	D:-0.0150904766522824	D:0.233582457654176	D:0.662605790825199	D:-0.104858964040675	D:-5.88384669520929	D:0.00000000822570754463561	D:0.00000319205505763348	D:-0.0897553547582228	D:-4.72432885139863	D:0.0000031446790540521	D:0.000465531616630546	D:1.58654931124765	D:0.205842786680871	D:0.927138374549935	D:-0.00608353897145196	D:-0.043368122610234	D:0.0437927334743272	D:12.5323440785175	N:	N:	N:	N:	N:	N:	N:	N:
S:NUCKS1	D:-0.023257046755885	D:0.233697801688644	D:0.662605790825199	D:-0.0621639458593962	D:-3.49687461773446	D:0.000521183823943438	D:0.00556223544712108	D:-0.0547101121812909	D:-2.89979813146248	D:0.00392812951346748	D:0.0301257751195786	D:1.36591656089627	D:0.256267000494409	D:0.93724751200847	D:-0.00116623612608138	D:-0.0403720704552031	D:0.0403889115914463	D:12.110310304354	N:	N:	N:	N:	N:	N:	N:	N:
S:DENND1B	D:-0.0137938730165249	D:0.234705535403382	D:0.663892925216215	D:-0.058026155740082	D:-3.38028877615322	D:0.000792159405371748	D:0.00739942014357998	D:-0.0537384014532628	D:-3.11451861423617	D:0.00196745177102305	D:0.019319585456061	D:0.963143596190494	D:0.382524519112336	D:0.960227634080898	D:-0.0230707310094333	D:-0.0221913320426163	D:0.0320111519182812	D:15.0742041750147	N:	N:	N:	N:	N:	N:	N:	N:
S:TNNT3	D:-0.0208908850679769	D:0.235385123423538	D:0.664392394093547	D:-0.100821886184566	D:-3.80319942004634	D:0.000164132000103584	D:0.00248373840757916	D:-0.104668798795821	D:-3.9139813999189	D:0.000105740845962055	D:0.00322250329553427	D:0.0441345566158812	D:0.956829596370711	D:0.996760838460121	D:0.00506241770303286	D:-0.00929933706963306	D:0.0105879999496898	D:10.0957866339235	N:	N:	N:	N:	N:	N:	N:	N:
S:GEMIN5	D:-0.0199997080835245	D:0.236104953148365	D:0.66498275098636	D:-0.146116611133265	D:-5.40308919993834	D:0.000000110229715114938	D:0.0000201308304958972	D:-0.110045395098199	D:-3.49399560272924	D:0.000525925741340772	D:0.00863777471248812	D:4.19365189805094	D:0.0157216594215393	D:0.71710010037883	D:0.0304796082172276	D:-0.115514212938911	D:0.119467735845172	D:11.0145872292897	N:	N:	N:	N:	N:	N:	N:	N:
S:CCDC47	D:-0.0137716038552163	D:0.236742586057731	D:0.665642051700874	D:-0.0525428419892597	D:-3.84431367248888	D:0.000139701524981824	D:0.00223396685734027	D:-0.0497392500755292	D:-3.63637830404731	D:0.000310502776211891	D:0.00626164576878901	D:1.12206726171706	D:0.32657080121523	D:0.956911684216668	D:-0.0103594787361699	D:-0.0245691785323273	D:0.0266638956913375	D:13.5241661361247	N:	N:	N:	N:	N:	N:	N:	N:
S:SPP2	D:-0.008847447780645	D:0.236928334377534	D:0.66592848061198	D:-0.225987850731197	D:-4.19312495768936	D:0.0000336076185607444	D:0.000814797114510555	D:-0.204368744318695	D:-3.78929725703207	D:0.000172936924326346	D:0.00429898431802383	D:0.292711559952856	D:0.746388015627439	D:0.988887668865741	D:-0.0582360706246275	D:0.0034439445898573	D:0.0583378151470777	D:18.2256264185763	N:	N:	N:	N:	N:	N:	N:	N:
S:CTR9	D:-0.0139425821483933	D:0.237000966214114	D:0.665931437333728	D:-0.0849387309020474	D:-3.43522268720307	D:0.000651285735513256	D:0.00649325232533904	D:-0.0810736092210982	D:-3.24743971054137	D:0.00125701198868768	D:0.0146997434296506	D:1.9582172081654	D:0.14238376340085	D:0.893013200900893	D:0.000688359397156858	D:-0.0640389095322023	D:0.0640426090406477	D:11.9589431179331	N:	N:	N:	N:	N:	N:	N:	N:
S:ANK3	D:-0.00811566849106245	D:0.238199270599697	D:0.666473921701389	D:-0.114369114375818	D:-3.78439664431107	D:0.000176601757796104	D:0.00263634449892563	D:-0.097233867743188	D:-3.0743932488964	D:0.00224561354012473	D:0.0210261304204971	D:3.9899635173021	D:0.0191992475703213	D:0.729363963862676	D:-0.00217454083660875	D:-0.11571640834851	D:0.115736838512762	D:12.0717716419054	N:	N:	N:	N:	N:	N:	N:	N:
S:ZBTB20	D:-0.00237564870149679	D:0.239035934131438	D:0.667234615125997	D:-0.0730569441952606	D:-3.58068888756705	D:0.000382958167011619	D:0.00446297718017475	D:-0.0679351127358652	D:-3.32880337444453	D:0.000948363900564032	D:0.0123794114769016	D:2.56961927940988	D:0.0777565727346454	D:0.852071420081327	D:0.0363000716377319	D:-0.0506448983847778	D:0.0623105202458536	D:9.62457891420788	N:	N:	N:	N:	N:	N:	N:	N:
S:GEMIN4	D:-0.0323666923843759	D:0.239582848774925	D:0.667807581075417	D:-0.0752237620973024	D:-4.45298722360771	D:0.0000108816784687121	D:0.000379712283851969	D:-0.0636271994564331	D:-3.57255259914611	D:0.000394083743837881	D:0.00726961285945224	D:4.27999098823406	D:0.0144456279054223	D:0.713645549158627	D:0.00437614245307856	D:-0.0675032439317115	D:0.0676449448523227	D:11.7527189278132	N:	N:	N:	N:	N:	N:	N:	N:
S:KIF27	D:-0.0190368346430063	D:0.239637002645438	D:0.667825136678401	D:-0.139179492951064	D:-4.26774894592697	D:0.0000244511103152966	D:0.000664870297390783	D:-0.143388211625121	D:-4.38312311402204	D:0.0000147684879732543	D:0.00107700008484845	D:0.116998332305552	D:0.889615384217765	D:0.991833180774689	D:-0.0215315712880017	D:-0.00503283665936569	D:0.0221119426322102	D:17.1229175607172	N:	N:	N:	N:	N:	N:	N:	N:
S:TXLNB	D:-0.00943261968951321	D:0.240527708714278	D:0.669238196612052	D:-0.175188443352721	D:-2.8987171350286	D:0.00394428071735694	D:0.0225300173919532	D:-0.167119790482926	D:-2.75074036548314	D:0.00620070883374419	D:0.0403087329741169	D:0.603765228725877	D:0.547218460086769	D:0.977958477099463	D:-0.0668293968051757	D:-0.059581543280987	D:0.0895328351895982	D:15.2187665410494	N:	N:	N:	N:	N:	N:	N:	N:
S:MACROD2	D:-0.0168080103048791	D:0.241067057634407	D:0.66973736597415	D:-0.106088033574473	D:-3.89244466468218	D:0.00011547098021602	D:0.00197117856226569	D:-0.088728511672326	D:-3.03382282138188	D:0.00256323255116351	D:0.0229656704641386	D:1.69111011410575	D:0.185555481367665	D:0.921744746511297	D:0.0441027717935518	D:-0.0577152313311455	D:0.0726367841212822	D:9.50766320175103	N:	N:	N:	N:	N:	N:	N:	N:
S:SCAF11	D:-0.0204716780326179	D:0.241605959063514	D:0.670284902161573	D:-0.0498649865924303	D:-3.34706331774947	D:0.000890637565078187	D:0.00799813817058494	D:-0.0515308315967879	D:-3.44769361577159	D:0.000621900588020883	D:0.00954864858309746	D:3.38719246318353	D:0.0347206663750306	D:0.782175932890641	D:-0.00884968783518461	D:-0.0495632812977666	D:0.0503471531248963	D:12.6749110338949	N:	N:	N:	N:	N:	N:	N:	N:
S:PGBD3	D:-0.00116957395574818	D:0.241625054798693	D:0.670284902161573	D:-0.0882396098382194	D:-4.64861334549154	D:0.0000044875004525592	D:0.000214401580301856	D:-0.0732523664232912	D:-3.80273348943615	D:0.000164112137824058	D:0.00420303444982952	D:0.879484992689142	D:0.415752193368512	D:0.96415212136371	D:-0.0174383619222322	D:0.0293649971942723	D:0.0341525918013608	D:21.953073437733	N:	N:	N:	N:	N:	N:	N:	N:
S:WDR82	D:-0.0154603165914678	D:0.242079952938918	D:0.670948509088899	D:-0.0538953534391456	D:-3.13881890657002	D:0.00181655131772556	D:0.0131373905624261	D:-0.0512065715078418	D:-2.94989560996413	D:0.00335487272445125	D:0.0272475344590615	D:2.56744824716864	D:0.0779235431347628	D:0.852577803133483	D:-0.0325338492835605	D:-0.0406130619841125	D:0.0520372189200268	D:14.5798081591165	N:	N:	N:	N:	N:	N:	N:	N:
S:MSH3	D:-0.014698598224359	D:0.242696095538839	D:0.67130482764216	D:-0.0734394002330028	D:-3.70435999725673	D:0.000240382473363934	D:0.00325045533052675	D:-0.0611261787273356	D:-2.89903979549772	D:0.00393745488184401	D:0.0301705015012013	D:2.50053267816528	D:0.0832504371344456	D:0.860742263980279	D:0.0100121009227667	D:-0.0606295899190609	D:0.0614507065756054	D:11.3748702824777	N:	N:	N:	N:	N:	N:	N:	N:
S:HNRNPA2B1	D:-0.0217840827981737	D:0.243592699273479	D:0.672628365086516	D:-0.0727055594437705	D:-3.48893667871334	D:0.000536452452529059	D:0.00568233068531491	D:-0.0653850054871187	D:-3.10543676199146	D:0.00202747625045678	D:0.0197059184087769	D:0.374818592556696	D:0.687641490462407	D:0.986460847631032	D:0.0176752174476482	D:-0.0175635670999846	D:0.0249177085844046	D:8.98789766753056	N:	N:	N:	N:	N:	N:	N:	N:
S:CCNL1	D:-0.041393049592218	D:0.244201813181026	D:0.672854618622931	D:-0.0513881176341474	D:-3.09062715823855	D:0.00213092397963975	D:0.014656946668828	D:-0.0529058584471997	D:-3.1786920953327	D:0.00158780426205245	D:0.0169682351755281	D:0.791551261695608	D:0.453809703763077	D:0.967692421145506	D:-0.00134208544212616	D:-0.0270815402262375	D:0.0271147748351206	D:12.1891398436466	N:	N:	N:	N:	N:	N:	N:	N:
S:TMEM55A	D:-0.0214677558346517	D:0.244322321611486	D:0.672854618622931	D:-0.0911151254797545	D:-3.01270594128891	D:0.00274668096221078	D:0.0175501246400295	D:-0.0997137502038785	D:-3.24789624191008	D:0.00125504630760545	D:0.014685544848454	D:0.673825143301024	D:0.510299923969291	D:0.971534152892322	D:-0.0424583892434919	D:0.025736539000167	D:0.049649614871205	D:20.0815019910928	N:	N:	N:	N:	N:	N:	N:	N:
S:NDUFS1	D:-0.0121338384256079	D:0.245439231072953	D:0.674207870958061	D:-0.0701659659095086	D:-4.50979633315231	D:0.00000844097410572984	D:0.000322788796477626	D:-0.059510586496418	D:-3.68169400904187	D:0.0002616053029781	D:0.00563619539745872	D:1.6761026715773	D:0.188338925833961	D:0.921744746511297	D:-0.00345465455670853	D:-0.0381458496444674	D:0.0383019644823148	D:12.3449892477676	N:	N:	N:	N:	N:	N:	N:	N:
S:FBXO21	D:-0.0179059336760741	D:0.24737454308961	D:0.676388215213523	D:-0.104045265021444	D:-5.19331061846554	D:0.000000323352285219725	D:0.0000414617065395023	D:-0.094816067563699	D:-4.49698677125236	D:0.00000890842900693758	D:0.000840964305432692	D:4.69095718089896	D:0.00965948043336427	D:0.6914076340228	D:0.0101408465715126	D:-0.0833943503722413	D:0.0840086569538824	D:11.537787234967	N:	N:	N:	N:	N:	N:	N:	N:
S:PHLPP2	D:-0.00980611506654616	D:0.248052043793706	D:0.676880381529363	D:-0.0875426929732463	D:-3.01308760073331	D:0.00274330322299352	D:0.0175472629396126	D:-0.079334332507965	D:-2.69429309883542	D:0.0073339247178465	D:0.045151929083629	D:1.06640746981832	D:0.345164382962367	D:0.957432814874086	D:0.0127806311264034	D:-0.0547584632154486	D:0.0562301860721342	D:11.1241566324018	N:	N:	N:	N:	N:	N:	N:	N:
S:RTKN2	D:-0.0220607830571283	D:0.2500711549483	D:0.67867473360975	D:-0.154860489487287	D:-3.35893051996843	D:0.000854225268643654	D:0.00778201210935461	D:-0.136143767105257	D:-2.8976714209755	D:0.00395433304980359	D:0.0302432963311984	D:0.70061534090796	D:0.496853392352903	D:0.971534152892322	D:0.0461572260968327	D:-0.0593250780581227	D:0.0751661786148297	D:9.47437939757952	N:	N:	N:	N:	N:	N:	N:	N:
S:PABPC1	D:-0.017199001206702	D:0.251421232224615	D:0.679431312101957	D:-0.0958141258194998	D:-4.42624851234804	D:0.0000122521486315018	D:0.000412996082004326	D:-0.0762320640855597	D:-3.32209195115466	D:0.000970872582681429	D:0.0126226354878096	D:2.08848395135454	D:0.125147201372264	D:0.888724539846668	D:-0.0356034429941023	D:-0.050475477280194	D:0.0617687539108381	D:14.3465105557784	N:	N:	N:	N:	N:	N:	N:	N:
S:FANCD2	D:-0.0164805846151261	D:0.251623841804549	D:0.679750301546568	D:-0.0710257509962308	D:-2.87467099337594	D:0.00425105998326227	D:0.0237886492362337	D:-0.0765537531615312	D:-3.11722503547703	D:0.00194988349154932	D:0.0192180113870597	D:2.23881957177916	D:0.107842704147229	D:0.876389783521771	D:0.0375960159434881	D:-0.0586578718957298	D:0.0696721346749104	D:9.82284508738867	N:	N:	N:	N:	N:	N:	N:	N:
S:PHF17	D:-0.017035865453	D:0.252717162247015	D:0.680744434724533	D:-0.0555081173577308	D:-3.80583132163377	D:0.000162454382946219	D:0.0024723684557259	D:-0.0547947511734396	D:-3.76449589533777	D:0.000190414583543848	D:0.00457525688679658	D:0.304841281641815	D:0.737401810312131	D:0.988887668865741	D:0.0152510105251021	D:-0.0049282332403515	D:0.016027501517956	D:7.19385291499793	N:	N:	N:	N:	N:	N:	N:	N:
S:ALDH18A1	D:-0.022836782614536	D:0.255321984203814	D:0.682956809960999	D:-0.10628180062783	D:-4.89633653532497	D:0.00000139754778366122	D:0.00010586277864136	D:-0.100006010450219	D:-4.49158595147063	D:0.00000912682100003076	D:0.000845247436784839	D:2.63519667272092	D:0.07287902418267	D:0.850339905642804	D:0.00828564152684755	D:-0.065983842616434	D:0.0665020250965469	D:11.5228524442106	N:	N:	N:	N:	N:	N:	N:	N:
S:MFAP1	D:-0.0144175958143111	D:0.256596099801495	D:0.684407966566788	D:-0.0779775563839679	D:-4.4561496118481	D:0.0000107296626217123	D:0.000377780787911496	D:-0.0764467780425501	D:-4.37384676069914	D:0.0000153820948811069	D:0.00110507910320481	D:2.5930352330018	D:0.0759783775268582	D:0.850339905642804	D:0.0330619218464323	D:-0.0424385364260508	D:0.0537970264063437	D:9.47196501013023	N:	N:	N:	N:	N:	N:	N:	N:
S:KIAA0355	D:-0.0179524460772006	D:0.257214765950904	D:0.685071487516912	D:-0.0727136789619143	D:-3.64777185699196	D:0.000297954003538706	D:0.00378072674230509	D:-0.0556177676769773	D:-2.66053364547898	D:0.00809766434882692	D:0.0481053005460471	D:0.420184228192601	D:0.657199004871991	D:0.985706471962942	D:-0.00790392848585153	D:-0.023580142506304	D:0.0248695638507606	D:13.2353904171974	N:	N:	N:	N:	N:	N:	N:	N:
S:PCP4L1	D:-0.00507766605920019	D:0.258212184333659	D:0.685960600109692	D:-0.104849459729336	D:-2.72060782013843	D:0.00678818850040979	D:0.0330710524773144	D:-0.11975433522423	D:-3.11466453016308	D:0.00196650087560118	D:0.019319585456061	D:0.514172604606689	D:0.598367517022483	D:0.984208797062414	D:-0.0316071396086865	D:-0.0406882028900083	D:0.0515222391658348	D:14.5227025440311	N:	N:	N:	N:	N:	N:	N:	N:
S:CRYGN	D:-0.00272385800301178	D:0.25863886564938	D:0.686506014291413	D:-0.22081856778102	D:-3.26772856365096	D:0.00117366050475687	D:0.00971389238604581	D:-0.21214908273196	D:-3.12829312591631	D:0.00187953063871411	D:0.0188053713025326	D:1.2054962337548	D:0.300567769795572	D:0.953937760203878	D:0.0670366247670648	D:0.120353884385069	D:0.137764170039727	D:1.94117528486918	N:	N:	N:	N:	N:	N:	N:	N:
S:MDFIC	D:-0.0234394204688801	D:0.258909065978419	D:0.686712071778589	D:-0.0700260709553222	D:-3.37866588002376	D:0.000796723818105063	D:0.00742928961954931	D:-0.0622360745595257	D:-2.90963106057692	D:0.00380902177662084	D:0.0295632077436742	D:1.9914294073365	D:0.137774772938405	D:0.893013200900893	D:0.00671013767228261	D:-0.055122353067495	D:0.0555292693566065	D:11.5372957442152	N:	N:	N:	N:	N:	N:	N:	N:
S:SLBP	D:-0.0125977102901584	D:0.259533149094094	D:0.687639030632223	D:-0.0869156667761326	D:-3.83356918567929	D:0.000145731181654072	D:0.00229841244608734	D:-0.0915564578015206	D:-4.03367586446273	D:0.0000651275545269882	D:0.00246243115888424	D:1.16074233848324	D:0.31424684019421	D:0.956911684216668	D:-0.0273872632637242	D:-0.0365140699825097	D:0.0456436139647613	D:14.4581077104611	N:	N:	N:	N:	N:	N:	N:	N:
S:USP34	D:-0.0186190908005333	D:0.260450668083896	D:0.68849954027482	D:-0.060248532792211	D:-3.72074228258984	D:0.000225780617845004	D:0.00310444292417757	D:-0.0630777208519966	D:-3.89476371433217	D:0.000114168337848888	D:0.00336096754465309	D:3.80482861721063	D:0.0230269250578175	D:0.736744509955438	D:-0.0222989738597612	D:-0.05367587135863	D:0.0581235184869818	D:13.5039889636487	N:	N:	N:	N:	N:	N:	N:	N:
S:THEM4	D:-0.0283591473038928	D:0.261081092810337	D:0.688926283477026	D:-0.106351033925844	D:-4.51215098267571	D:0.00000835210041524018	D:0.00032191004775978	D:-0.0865679034578117	D:-3.48324493388924	D:0.000546887538725531	D:0.00887602109155781	D:1.07159867787478	D:0.343386148396729	D:0.95707960515839	D:-0.0211050290618336	D:-0.0425305979251526	D:0.0474791955657616	D:13.7594708539373	N:	N:	N:	N:	N:	N:	N:	N:
S:ZNF773	D:-0.0204614984317934	D:0.261151326760083	D:0.68895113056762	D:-0.0608961318723047	D:-3.62020478653095	D:0.000330479580585798	D:0.00404158628044446	D:-0.0510188023706549	D:-2.87667017901269	D:0.00422177773045592	D:0.0314756805153908	D:0.7912375839279	D:0.453951546566185	D:0.967692421145506	D:0.0227049370299731	D:-0.0205432845944894	D:0.0306192865276974	D:8.80923982210949	N:	N:	N:	N:	N:	N:	N:	N:
S:TTC9	D:-0.035268711488734	D:0.261916011104881	D:0.689890134950664	D:-0.165654170831698	D:-4.24685992121597	D:0.000026740563202646	D:0.000704651786110677	D:-0.163605495456656	D:-4.15143997101142	D:0.0000399538143250804	D:0.00189499389739416	D:1.99370958519714	D:0.137463898167819	D:0.892651935358644	D:-0.05807482598581	D:-0.0856896273435868	D:0.103515204910027	D:14.2751234784762	N:	N:	N:	N:	N:	N:	N:	N:
S:SSPN	D:-0.00541828950168782	D:0.262525056304507	D:0.690492332055453	D:-0.0818821578880462	D:-3.17130355090152	D:0.00162940691306437	D:0.0121845811108316	D:-0.0692247944059945	D:-2.64010474756722	D:0.00859381930569179	D:0.0498461926543554	D:0.145366567668416	D:0.864748335497417	D:0.991098228766629	D:0.0170120186455882	D:0.00922361677614339	D:0.0193515861063375	D:4.10228206296798	N:	N:	N:	N:	N:	N:	N:	N:
S:ARL10	D:-0.0106992214079872	D:0.263752802756685	D:0.69137931163058	D:-0.0986272465480944	D:-3.54260282636233	D:0.000440852381724762	D:0.00494186421759673	D:-0.0861941237865718	D:-3.067597365845	D:0.00229615917924152	D:0.0213358281129618	D:0.787848188439547	D:0.455487050470224	D:0.967692421145506	D:-0.00140923944878642	D:-0.0456593208330485	D:0.0456810631964633	D:12.1178552332939	N:	N:	N:	N:	N:	N:	N:	N:
S:GLMN	D:-0.017936736832706	D:0.264573932856037	D:0.69218735687436	D:-0.0959639651701495	D:-4.62215635830251	D:0.00000506791917322323	D:0.000234118696368688	D:-0.0839679302973412	D:-3.9062353897544	D:0.000109064252833803	D:0.00328892679726133	D:0.282666752813595	D:0.753912858307073	D:0.988887668865741	D:-0.0204574227382029	D:-0.00884882253071889	D:0.0222891858368515	D:16.4406125617927	N:	N:	N:	N:	N:	N:	N:	N:
S:UBASH3A	D:-0.0384033553250456	D:0.26527149021026	D:0.692909956549063	D:-0.0743443659536304	D:-3.41513991310625	D:0.000699828226341773	D:0.00679014070056831	D:-0.0630532718012229	D:-2.79303313060763	D:0.00545807137006207	D:0.0368924844837022	D:1.0188534785316	D:0.361890636174246	D:0.959270072771647	D:-0.0102454105272701	D:-0.0404671847985214	D:0.0417439993578715	D:12.9471668496649	N:	N:	N:	N:	N:	N:	N:	N:
S:SYDE2	D:-0.00286387514768016	D:0.265845628143094	D:0.69327164486286	D:-0.148212988449906	D:-4.23861856560366	D:0.0000276989444291295	D:0.000719767384427686	D:-0.132156644381613	D:-3.66390108173579	D:0.000279870767172027	D:0.00587917851607458	D:2.30161851626875	D:0.101345967965855	D:0.870946539528028	D:-0.0422922450233316	D:-0.0915573701246715	D:0.100853289551009	D:13.6528795264239	N:	N:	N:	N:	N:	N:	N:	N:
S:HSP90AB3P	D:-0.0320744868570614	D:0.266070430795499	D:0.693418001962698	D:-0.0962530104239798	D:-4.33283856120955	D:0.0000184570360673761	D:0.000551823037948464	D:-0.0778452979836614	D:-3.19725475417528	D:0.00149134078582	D:0.0162897095001167	D:5.47476363886168	D:0.0044928332802712	D:0.627240251963999	D:0.0171664064553797	D:-0.103586637304018	D:0.104999413991438	D:11.3726962912649	N:	N:	N:	N:	N:	N:	N:	N:
S:ITCH	D:-0.0120123872779081	D:0.266634813595766	D:0.693710559622689	D:-0.0651654217479086	D:-4.39760437106689	D:0.000013903194254896	D:0.000447582074027879	D:-0.0639962140260757	D:-4.32624260395775	D:0.0000189344740802398	D:0.00119780833563119	D:0.600403346229261	D:0.549056013059734	D:0.977958477099463	D:-0.0160381025560093	D:0.0153406984578564	D:0.0221936423953336	D:20.9151194803283	N:	N:	N:	N:	N:	N:	N:	N:
S:RBM17	D:-0.0181561419659634	D:0.26739469874112	D:0.694748281685409	D:-0.0553530041457645	D:-4.9154922689193	D:0.00000127435301552137	D:0.000100363903324403	D:-0.0450969990216768	D:-3.50313504766657	D:0.000508698916276841	D:0.00851068966007342	D:5.92115630378884	D:0.00290889582650468	D:0.619506875420677	D:0.0249215095671582	D:-0.0532026369979496	D:0.0587503380640619	D:10.3266917898542	N:	N:	N:	N:	N:	N:	N:	N:
S:HOXB2	D:-0.0100349953892949	D:0.26750361132982	D:0.694861470275884	D:-0.102242686894017	D:-3.15835524366224	D:0.00170175878698945	D:0.0125487050779475	D:-0.099145968281313	D:-3.02729340596643	D:0.00261804269525575	D:0.023211965656984	D:0.36528855602495	D:0.694214537418055	D:0.986869111240858	D:-0.0146744122211541	D:-0.0333664295829576	D:0.0364507475527022	D:13.5826457863827	N:	N:	N:	N:	N:	N:	N:	N:
S:TCP1	D:-0.0164051041483245	D:0.267617033492012	D:0.695052224845754	D:-0.0656067605733282	D:-3.82130798533977	D:0.000152912281570965	D:0.00236771703183694	D:-0.0592797316206967	D:-3.43420825497381	D:0.000652788374750023	D:0.00983510996992305	D:0.999384849325724	D:0.368971151560547	D:0.959270072771647	D:0.00879925305343166	D:-0.0307694779959109	D:0.0320029315913272	D:10.9360585297258	N:	N:	N:	N:	N:	N:	N:	N:
S:MET	D:-0.00183758530954843	D:0.267636197076937	D:0.695052224845754	D:-0.115350012944769	D:-3.08122455299196	D:0.00219781605231857	D:0.0149382690359503	D:-0.130431593937218	D:-3.48026187026138	D:0.000552840911486954	D:0.00891049514661016	D:1.62512687215669	D:0.198110536404092	D:0.923154707902481	D:0.0585580336772085	D:-0.0704136840442707	D:0.0915812765188795	D:9.35014139001717	N:	N:	N:	N:	N:	N:	N:	N:
S:LRMP	D:-0.0166099688732988	D:0.268302831697562	D:0.695269500164685	D:-0.0849035289535514	D:-3.5567993858337	D:0.000418374891486845	D:0.00477113664862977	D:-0.0860029085368904	D:-3.5981336743985	D:0.000358326353893265	D:0.00684017018457191	D:0.97016962603442	D:0.379858423035573	D:0.960227634080898	D:-0.0470241767879466	D:0.00067136958507021	D:0.0470289691541694	D:18.0545308577215	N:	N:	N:	N:	N:	N:	N:	N:
S:GLS2	D:-0.0123515656674208	D:0.268984359924733	D:0.695963056039613	D:-0.119784148004061	D:-3.71516489559587	D:0.000230655387311958	D:0.00314312198288909	D:-0.107895654022981	D:-3.29076314170138	D:0.00108266227864631	D:0.0134366904542911	D:1.44783079912052	D:0.236239378382419	D:0.932707338252518	D:0.064983415732627	D:-0.0423152553727217	D:0.0775462775221228	D:8.20473138056375	N:	N:	N:	N:	N:	N:	N:	N:
S:CDYL	D:-0.0187930377377417	D:0.270763439172979	D:0.697768356971976	D:-0.0714911273245219	D:-4.04827269434911	D:0.0000614890371221326	D:0.001239997187207	D:-0.066198009774509	D:-3.71550286744436	D:0.000229947356963571	D:0.00512959753791722	D:2.37455235231126	D:0.0942925121991923	D:0.867885582684249	D:-0.0396585025148245	D:-0.0338884343513776	D:0.0521653410274099	D:15.2990605019657	N:	N:	N:	N:	N:	N:	N:	N:
S:RBM26-AS1	D:-0.0171757212087907	D:0.271164851501532	D:0.698306706418755	D:-0.0997262306530727	D:-3.7171961780613	D:0.000228868632355911	D:0.00312749786354325	D:-0.0825846448089134	D:-2.8754030492558	D:0.00423842918519128	D:0.0315084658187837	D:3.12020555419182	D:0.0451633832570851	D:0.821701589300434	D:-0.0472023708146252	D:-0.0812487431155039	D:0.0939650044876843	D:14.0103285039045	N:	N:	N:	N:	N:	N:	N:	N:
S:HTR2B	D:-0.00522171559028512	D:0.272417819033368	D:0.699560337670405	D:-0.23112039636629	D:-3.34417503462972	D:0.000899715605138524	D:0.00804638107094366	D:-0.192468898765855	D:-2.7760485011568	D:0.00574605015418182	D:0.038100972535754	D:1.86273204682626	D:0.156516025484413	D:0.902291892370149	D:-0.129099173206235	D:0.129477338716576	D:0.182841400573449	D:21.0055862955458	N:	N:	N:	N:	N:	N:	N:	N:
S:ZNF554	D:-0.0151748401177393	D:0.27319996804086	D:0.700110710522076	D:-0.0854657612869335	D:-2.77356775308926	D:0.00579282252563554	D:0.029486206036323	D:-0.082434773523403	D:-2.64581695779185	D:0.00845241075588125	D:0.0493925115372834	D:0.901881246558371	D:0.406582488901446	D:0.96415212136371	D:-0.0319387942353612	D:-0.0449318360125885	D:0.0551267309448954	D:14.3604179768617	N:	N:	N:	N:	N:	N:	N:	N:
S:C15ORF44	D:-0.0158162558139312	D:0.27499972901563	D:0.701576091117573	D:-0.0907039113534528	D:-4.12905561174834	D:0.0000439971707896649	D:0.000982569959315247	D:-0.0828590881714412	D:-3.71269824483351	D:0.000232429652765319	D:0.00517176604379484	D:1.51310365783433	D:0.221412034076296	D:0.928992902805678	D:0.0335100297832459	D:-0.0405550593791647	D:0.0526083162372795	D:9.36223963071942	N:	N:	N:	N:	N:	N:	N:	N:
S:SETX	D:-0.0136714311372587	D:0.276517616910977	D:0.702942589305526	D:-0.0679061556444993	D:-4.12543360762597	D:0.000044667711273206	D:0.000985547128220567	D:-0.073222333987462	D:-4.4574434198644	D:0.000010630937449194	D:0.000880250630062289	D:0.118552877353561	D:0.888234278009011	D:0.991833180774689	D:0.00126658762272249	D:-0.0103281663137359	D:0.010405540044141	D:11.5338987092	N:	N:	N:	N:	N:	N:	N:	N:
S:RPA1	D:-0.0186077272324917	D:0.276938113183285	D:0.703375434854113	D:-0.107098763694866	D:-5.53738154685191	D:0.0000000543553352588708	D:0.0000127970795938987	D:-0.0975224294016905	D:-4.95357646489482	D:0.00000105436695461559	D:0.000214880490311197	D:2.14762316404626	D:0.118029713478513	D:0.88640224100062	D:0.00685365456697831	D:-0.0526500754299671	D:0.0530942842847014	D:11.5055534537558	N:	N:	N:	N:	N:	N:	N:	N:
S:RPGRIP1	D:-0.0262789213056269	D:0.278736548017896	D:0.704668211519879	D:-0.0997142877800252	D:-3.5561780353875	D:0.000419335773584133	D:0.00477519834009763	D:-0.0975413992092863	D:-3.48388107460764	D:0.000545625754943474	D:0.00886290347244424	D:0.768052810544501	D:0.464559802273627	D:0.967692421145506	D:-0.00997170159765545	D:0.044245849422829	D:0.0453555952876858	D:23.1532948194481	N:	N:	N:	N:	N:	N:	N:	N:
S:DOK7	D:-0.00763012448675677	D:0.281186332238894	D:0.706827932341486	D:-0.0984482898037889	D:-3.58505092813262	D:0.000376802949202586	D:0.00441433239230678	D:-0.0751670299742982	D:-2.6724505622092	D:0.00782026981119392	D:0.0469192178018239	D:0.00261007088771966	D:0.997393348409617	D:0.999316769699436	D:0.000354161733485888	D:0.00260569271289481	D:0.00262965112657532	D:0.516008218903201	N:	N:	N:	N:	N:	N:	N:	N:
S:MED31	D:-0.016193776841922	D:0.283793019872745	D:0.709001432206298	D:-0.0607946851056659	D:-3.54977435516024	D:0.000429359918346472	D:0.00484659795611913	D:-0.0526785271644971	D:-3.07282298072124	D:0.00225720096252891	D:0.0211245038356214	D:1.05251237735624	D:0.349969769867038	D:0.959270072771647	D:0.00434348603556841	D:0.03189135047223	D:0.0321857748995388	D:0.517050458097795	N:	N:	N:	N:	N:	N:	N:	N:
S:AKAP1	D:-0.0262162042122315	D:0.284061791822321	D:0.709001432206298	D:-0.0608152006154532	D:-3.75137285908203	D:0.000200693519910605	D:0.0028511114244443	D:-0.0476054188012658	D:-2.73830019611799	D:0.00643590177585589	D:0.0413289374308249	D:2.12569949607325	D:0.12061954450798	D:0.888724539846668	D:-0.0136297275224595	D:-0.0444419647747598	D:0.0464850266793242	D:13.136669494705	N:	N:	N:	N:	N:	N:	N:	N:
S:IARS2	D:-0.0166423807993271	D:0.284098537564248	D:0.709001432206298	D:-0.0741242040367214	D:-4.12771410801433	D:0.0000442443979309466	D:0.000985504881911705	D:-0.070355268306422	D:-3.89316401964889	D:0.000114897798041253	D:0.00337119800529149	D:3.19341338647035	D:0.0420203007877196	D:0.813813159090897	D:-0.00608039318441049	D:-0.0587896491771673	D:0.0591032489094418	D:12.393659513813	N:	N:	N:	N:	N:	N:	N:	N:
S:PSMD5	D:-0.0168800386303144	D:0.285466991052617	D:0.710168795817678	D:-0.0635775724083297	D:-3.3632747577517	D:0.000841245804882809	D:0.00768754810521271	D:-0.0563209234025004	D:-2.92750380764865	D:0.00360092581278839	D:0.0285477645018418	D:1.92789809855225	D:0.146726416468861	D:0.893013200900893	D:-0.0297382858980669	D:-0.0399997940663797	D:0.0498432460169675	D:14.4419575079265	N:	N:	N:	N:	N:	N:	N:	N:
S:METAP1	D:-0.017823498457468	D:0.288322309786135	D:0.712094329206004	D:-0.0696227849679673	D:-4.44216097666128	D:0.0000114178757731827	D:0.000392811110006626	D:-0.0571561772803574	D:-3.45944043647453	D:0.000596112433866288	D:0.00936556740568104	D:0.175445734973576	D:0.839143807752708	D:0.990538766746216	D:-0.00588813061090128	D:-0.0113466185980471	D:0.0127834203443594	D:13.8284181006426	N:	N:	N:	N:	N:	N:	N:	N:
S:RRAGC	D:-0.0113826866146253	D:0.289051014406437	D:0.7125545056804	D:-0.110470262987378	D:-4.88134361880029	D:0.0000015019122083633	D:0.000109920848178379	D:-0.102009976551969	D:-4.46024480384721	D:0.0000104990834075392	D:0.000876763200285147	D:0.16164092050782	D:0.850799031114612	D:0.990538766746216	D:0.0133467789214591	D:-0.0118677381813523	D:0.0178600032788192	D:8.77619824398337	N:	N:	N:	N:	N:	N:	N:	N:
S:PAXIP1	D:-0.0108823679270699	D:0.290353388732646	D:0.713083606749985	D:-0.070009896007611	D:-4.10048240097985	D:0.0000495582373301968	D:0.00106186131104098	D:-0.0591721049317069	D:-3.35727392904205	D:0.000858168169060461	D:0.0116454612441739	D:1.6402939787941	D:0.19515106290665	D:0.921744746511297	D:0.0434578034801924	D:-0.0119722220247877	D:0.0450767654511039	D:7.02682586120817	N:	N:	N:	N:	N:	N:	N:	N:
S:ZMYND8	D:-0.016505825341625	D:0.294012971514816	D:0.715797455947183	D:-0.0784264271262261	D:-3.02120652472225	D:0.00267234578067939	D:0.0172458087517358	D:-0.0728795595605494	D:-2.80176332605878	D:0.00531519388492194	D:0.0363288575394403	D:1.17550121461934	D:0.309668009299038	D:0.956911684216668	D:-0.00586065049468231	D:-0.0512787721953116	D:0.0516125924758628	D:12.4346695813612	N:	N:	N:	N:	N:	N:	N:	N:
S:FAM189A1	D:-0.000604293755974009	D:0.296423077275874	D:0.718219297401653	D:-0.153527085847555	D:-3.1398012660824	D:0.00181061269580763	D:0.0130992901476405	D:-0.144848934406769	D:-2.95026872631013	D:0.00335090611107847	D:0.0272379601982465	D:0.176138305468416	D:0.838563323851062	D:0.990538766746216	D:-0.0112194372155097	D:-0.0360892792078051	D:0.0377930131793124	D:13.151295165505	N:	N:	N:	N:	N:	N:	N:	N:
S:CEP95	D:-0.023008680991285	D:0.296791424564498	D:0.718601414884945	D:-0.0730912208826898	D:-4.06256492824704	D:0.0000579764417674031	D:0.00118879081697463	D:-0.0538003787066697	D:-2.65576035062436	D:0.00821123131048562	D:0.0485080626820824	D:1.90831049172361	D:0.149602492676175	D:0.894957054822148	D:-0.00330696662930032	D:-0.0511261164355709	D:0.0512329562886123	D:12.246725367716	N:	N:	N:	N:	N:	N:	N:	N:
S:BRD7	D:-0.0172261758908976	D:0.301502766888092	D:0.722583871531634	D:-0.0737589686277964	D:-4.03601483639363	D:0.0000646618425910005	D:0.00128802962902216	D:-0.0733165259573062	D:-4.00352609636179	D:0.0000736677629510791	D:0.00265044810011109	D:2.39830087056612	D:0.0921039286547236	D:0.866885347683666	D:0.0169999532277068	D:-0.0499509159173997	D:0.0527644995307579	D:10.7469905115517	N:	N:	N:	N:	N:	N:	N:	N:
S:SMARCE1	D:-0.0143016458366661	D:0.303386539267647	D:0.72362782354608	D:-0.0788619176197091	D:-5.50488152110307	D:0.00000006458200717675	D:0.0000146743837469869	D:-0.0634191905066756	D:-3.9569391085079	D:0.0000889833472171709	D:0.00293224888359314	D:5.35913795256243	D:0.00502903748956073	D:0.627240251963999	D:0.00990133736410696	D:-0.0676051668181897	D:0.0683263862802147	D:11.4445197504962	N:	N:	N:	N:	N:	N:	N:	N:
S:CDK18	D:-0.00517919991887952	D:0.303656257458816	D:0.723752683342873	D:-0.160263333328053	D:-2.79303646575187	D:0.00546147512196253	D:0.0284366334554409	D:-0.188896770648745	D:-3.29153699329563	D:0.00107976268815114	D:0.0134366904542911	D:0.612898900230362	D:0.542257272726765	D:0.976342888266259	D:0.050482037629738	D:-0.0691772111842116	D:0.0856383247762081	D:9.59199458218524	N:	N:	N:	N:	N:	N:	N:	N:
S:ANKS6	D:-0.0113841677205513	D:0.304931258915334	D:0.724926016722912	D:-0.147443302089987	D:-4.32534533325852	D:0.0000190677979609123	D:0.000563697186012386	D:-0.134925832953594	D:-3.90524188837363	D:0.000109497599013696	D:0.00329183474204097	D:1.58158983591994	D:0.206858586260492	D:0.927138374549935	D:-0.00685661398980196	D:-0.0792339634222982	D:0.0795300830818832	D:12.3297229061714	N:	N:	N:	N:	N:	N:	N:	N:
S:SLAMF1	D:-0.026683297151531	D:0.30632146881992	D:0.726560057343754	D:-0.101564480560034	D:-5.0805488912498	D:0.000000568402120209134	D:0.0000596428364178926	D:-0.0862367083551459	D:-4.15180675586346	D:0.0000398923298566134	D:0.00189499389739416	D:0.876374787160309	D:0.417041932155564	D:0.965417982825822	D:0.0166364213281997	D:-0.0325641272347875	D:0.0365676482313644	D:10.1958890673193	N:	N:	N:	N:	N:	N:	N:	N:
S:SRPK2	D:-0.0136015496944702	D:0.307279491020583	D:0.727700890212444	D:-0.0694083097213782	D:-3.45454775992896	D:0.000607557818482563	D:0.00619315979706195	D:-0.0733595409806781	D:-3.61783507741754	D:0.000332887873054703	D:0.00653765017825321	D:1.54808305787991	D:0.213854673202224	D:0.927783481998367	D:-0.0233491188889789	D:0.0414840383298841	D:0.0476036426027144	D:22.0418130462661	N:	N:	N:	N:	N:	N:	N:	N:
S:POLE3	D:-0.0175802697240123	D:0.310007878987293	D:0.730461789998762	D:-0.0873433861124562	D:-5.28002864057681	D:0.000000208112218540559	D:0.0000305768485902336	D:-0.066155631403245	D:-3.69225328423735	D:0.000251302212827939	D:0.00545027363026721	D:1.89649876064225	D:0.151364133757627	D:0.897276000782826	D:-0.034724677860824	D:-0.0313355586293696	D:0.0467730743820915	D:15.1957931544197	N:	N:	N:	N:	N:	N:	N:	N:
S:GRIP1	D:-0.0053326738816759	D:0.310248189689598	D:0.730536428287985	D:-0.241864976451854	D:-3.51703539627278	D:0.000484212092580774	D:0.00528602709559826	D:-0.221367287488381	D:-3.21715221358131	D:0.00139397823897648	D:0.0155764005013442	D:0.0755558258346706	D:0.92724044604534	D:0.994559242263454	D:0.0356593541191501	D:0.0106712514148415	D:0.0372218369099874	D:4.88932719065111	N:	N:	N:	N:	N:	N:	N:	N:
S:RRP1B	D:-0.024573907038317	D:0.313072670510256	D:0.732723287644165	D:-0.0753427589577847	D:-4.6670885207877	D:0.00000412067735145143	D:0.000204693599464289	D:-0.0625651656551484	D:-3.66390516901115	D:0.000279866436890568	D:0.00587917851607458	D:1.91855370036351	D:0.148091471919931	D:0.893842301812827	D:0.00581768455380738	D:-0.0431448750594184	D:0.0435353384902476	D:11.48803447028	N:	N:	N:	N:	N:	N:	N:	N:
S:EXTL2	D:-0.0133040228802542	D:0.314109657637611	D:0.733760429217727	D:-0.219429072095988	D:-3.37126100603493	D:0.000817862667212157	D:0.0075472781929998	D:-0.218893666787853	D:-3.34275398175538	D:0.000903120214851327	D:0.0120331896764254	D:3.40543674160572	D:0.0341027645619294	D:0.779148485338359	D:-0.137644960235551	D:-0.178930581067177	D:0.225748284421574	D:14.5046539639929	N:	N:	N:	N:	N:	N:	N:	N:
S:PLA2G1B	D:-0.00421172009737003	D:0.314219208881045	D:0.733760429217727	D:-0.259412286464424	D:-3.88566919921385	D:0.000118623348011871	D:0.00200868184012128	D:-0.249635363742682	D:-3.75975980158651	D:0.000193936205033947	D:0.0046159651432014	D:1.29138115225242	D:0.275969705504321	D:0.944820426470376	D:-0.103614444867349	D:-0.098162486770579	D:0.142729909248738	D:15.1031826588143	N:	N:	N:	N:	N:	N:	N:	N:
S:ZNF286A	D:-0.0112584757796642	D:0.314536938203873	D:0.733760429217727	D:-0.155446174856259	D:-3.04628532980728	D:0.0024636596648602	D:0.0162147089230865	D:-0.15643711322432	D:-3.04394495823852	D:0.00248034250974172	D:0.0224286779189556	D:4.54942801128823	D:0.0110945129196819	D:0.709441948440271	D:0.0252205859173867	D:-0.200110238881808	D:0.201693296019849	D:11.5211126080518	N:	N:	N:	N:	N:	N:	N:	N:
S:GDAP1	D:-0.0103075401201032	D:0.316157918997474	D:0.7344946692129	D:-0.158534503507312	D:-3.62548700168909	D:0.000323999801523344	D:0.00400713931744789	D:-0.128210577457068	D:-2.7987201093374	D:0.00536460937116829	D:0.0365642942874083	D:0.862516528971371	D:0.422837706673821	D:0.965417982825822	D:-0.0632170748024742	D:-0.0507323186627752	D:0.0810565648389012	D:15.4168411599613	N:	N:	N:	N:	N:	N:	N:	N:
S:MCM9	D:-0.0112402820780542	D:0.317835478435765	D:0.735920707079991	D:-0.0478582072530738	D:-2.93439273935935	D:0.00352619026503019	D:0.0208223489368269	D:-0.0476891603578541	D:-2.93320282583012	D:0.00353678610332275	D:0.0282091172428694	D:0.050403662824349	D:0.950851221994567	D:0.996760838460121	D:0.00492700100297917	D:-0.00503833418814427	D:0.00704699583331657	D:9.04267229774031	N:	N:	N:	N:	N:	N:	N:	N:
S:ANKRD55	D:-0.0269858650651411	D:0.318816914501014	D:0.736674108777141	D:-0.084679327657354	D:-3.35853806517626	D:0.000855406955786756	D:0.00778551808245412	D:-0.0802972203547091	D:-3.15375075021928	D:0.00172650219323387	D:0.0178034719567193	D:0.0538183857423147	D:0.947610660982072	D:0.996760838460121	D:-0.00657177467630106	D:-0.00884715900130457	D:0.0110209094357243	D:14.4403602036405	N:	N:	N:	N:	N:	N:	N:	N:
S:IGSF22	D:-0.00419317492102488	D:0.321414877206013	D:0.739484726965611	D:-0.119272992007449	D:-3.83986907337533	D:0.00014216660059119	D:0.00225930356778263	D:-0.100704025339211	D:-3.12850875122759	D:0.00187818358004317	D:0.0188020416688646	D:0.162678788125626	D:0.849917146575285	D:0.990538766746216	D:-0.0153780102622864	D:0.0194941182944369	D:0.0248294955185257	D:21.4487814282094	N:	N:	N:	N:	N:	N:	N:	N:
S:SNIP1	D:-0.013817955575965	D:0.321587043276139	D:0.739515067795751	D:-0.0680483741204763	D:-2.77699122858819	D:0.0057332699471062	D:0.0293389131147123	D:-0.0680980742024568	D:-2.78472140779355	D:0.00559732402015663	D:0.0374836561610284	D:0.00550298722887306	D:0.99451219749231	D:0.998986771015417	D:-0.000565075378388168	D:-0.00327167466088961	D:0.00332011524950078	D:12.6532868950341	N:	N:	N:	N:	N:	N:	N:	N:
S:KIF16B	D:-0.0180808091275869	D:0.321870510452923	D:0.739543117636413	D:-0.113847301276077	D:-4.42613670051769	D:0.0000122582123515945	D:0.000412996082004326	D:-0.103613084163649	D:-3.98073420048077	D:0.000080818250202562	D:0.00279250590493573	D:3.06983643198671	D:0.0474620794941948	D:0.826061255087532	D:0.0425161245274141	D:-0.0748441498193298	D:0.0860771026871192	D:10.0267156735078	N:	N:	N:	N:	N:	N:	N:	N:
S:DFNB59	D:-0.00990666446175315	D:0.321961858730401	D:0.739543117636413	D:-0.128825403030017	D:-2.60531371941349	D:0.00950655283331201	D:0.0420669268378057	D:-0.131843972961512	D:-2.65303390907652	D:0.00827673916656561	D:0.0487449548082757	D:2.11146242255843	D:0.122331863997968	D:0.888724539846668	D:0.00523233585488878	D:-0.132370678119124	D:0.132474049399175	D:11.849093079434	N:	N:	N:	N:	N:	N:	N:	N:
S:MED1	D:-0.0170412936216397	D:0.3252310659741	D:0.741610411407524	D:-0.0968810823702138	D:-5.53966437949149	D:0.0000000536994595473694	D:0.0000127968431587213	D:-0.0876420802665799	D:-4.77569010698175	D:0.00000247093810237198	D:0.000399046293045049	D:2.40256256610983	D:0.0917166206931917	D:0.866601166862925	D:0.0401988320398843	D:-0.0377184457700653	D:0.0551237448716992	D:8.87844571200314	N:	N:	N:	N:	N:	N:	N:	N:
S:TERF1	D:-0.0110670937688419	D:0.326001252389873	D:0.742262788592714	D:-0.0697049430603316	D:-3.72967046844485	D:0.000218178691311901	D:0.00303045709863556	D:-0.0630999818164292	D:-3.33023478652698	D:0.000943626444558992	D:0.0123588501026322	D:3.07729112065072	D:0.0471145986023307	D:0.826061255087532	D:0.0030772194115717	D:-0.0609178071694818	D:0.0609954794197498	D:11.8072135140115	N:	N:	N:	N:	N:	N:	N:	N:
S:SLC25A16	D:-0.0100474609216017	D:0.326406737710744	D:0.742704390144046	D:-0.0702496145835956	D:-3.49515799180207	D:0.000524450895002349	D:0.00559404745591751	D:-0.0708051922666663	D:-3.49737739357245	D:0.000519488823424258	D:0.0086023014736954	D:1.6865369645077	D:0.186399261096011	D:0.921744746511297	D:-0.0410348287573943	D:-0.0291773351933528	D:0.0503505120146155	D:15.6390476812232	N:	N:	N:	N:	N:	N:	N:	N:
S:HPDL	D:-0.00568740149184247	D:0.326764062601274	D:0.742851265553601	D:-0.123849271358785	D:-4.021557658505	D:0.0000686038133490425	D:0.00134462097959241	D:-0.112305790965928	D:-3.62219029895997	D:0.000327498103606694	D:0.00646325179775266	D:0.829040345431107	D:0.437174139340562	D:0.966102458322465	D:0.0227950360151146	D:-0.0478190195022839	D:0.0529742606658194	D:10.3008764003172	N:	N:	N:	N:	N:	N:	N:	N:
S:PRNP	D:-0.0144361041277694	D:0.32819000226614	D:0.744032407054502	D:-0.0540759434738528	D:-3.12841378920777	D:0.00188056520310061	D:0.013387294948557	D:-0.0544751280445035	D:-3.15598216642821	D:0.00171365237786299	D:0.017755292214115	D:2.20124182079604	D:0.111928701309412	D:0.880003764027248	D:-0.0139324034513935	D:-0.0448566510893217	D:0.0469705334532358	D:13.1503139996003	N:	N:	N:	N:	N:	N:	N:	N:
S:ZW10	D:-0.0113803701168867	D:0.329479241532778	D:0.744509064912156	D:-0.0688631197908844	D:-2.94671088502198	D:0.00339150539768003	D:0.0202966903254118	D:-0.0803735160582418	D:-3.44263826823717	D:0.000633316227972262	D:0.00965337941560528	D:1.85869746096841	D:0.157143262500002	D:0.902291892370149	D:0.00516775313369194	D:-0.0582533497260853	D:0.0584821205733888	D:11.6620310283208	N:	N:	N:	N:	N:	N:	N:	N:
S:STK17B	D:-0.0129079403812549	D:0.329805880219542	D:0.744912366830738	D:-0.0582861853437328	D:-3.13809099945833	D:0.00182096328938396	D:0.0131498313517561	D:-0.0661626999206387	D:-3.51631672640203	D:0.000484780720963789	D:0.00820892553583482	D:1.15850390064508	D:0.314947215096151	D:0.956911684216668	D:-0.0339053825593876	D:-0.0195068187940572	D:0.0391163769534272	D:16.0057897415818	N:	N:	N:	N:	N:	N:	N:	N:
S:SEMA3C	D:-0.0120670589459818	D:0.330166951953933	D:0.745391226403659	D:-0.362973196337693	D:-5.01767668619781	D:0.000000775060774890542	D:0.0000724663282398855	D:-0.364515428906813	D:-5.0104376969782	D:0.00000079876603707887	D:0.000195108589131977	D:0.463399859864211	D:0.62945924153711	D:0.984208797062414	D:-0.0869281220395322	D:0.0452128903297771	D:0.0979831814817842	D:19.8319838725933	N:	N:	N:	N:	N:	N:	N:	N:
S:TARSL2	D:-0.015106493889972	D:0.33295065402846	D:0.747361830658009	D:-0.123782947867955	D:-3.85297138453045	D:0.000135015315127484	D:0.00218948902315863	D:-0.1057570917317	D:-3.23700352696348	D:0.00130273229411678	D:0.0149927675716023	D:0.0271191584420053	D:0.973246952093352	D:0.997334804625752	D:0.0107259332460288	D:0.00038104894642478	D:0.0107326996742589	D:5.86435791965535	N:	N:	N:	N:	N:	N:	N:	N:
S:POP1	D:-0.0110963020146152	D:0.335094352457085	D:0.749483213905695	D:-0.0857183087320763	D:-6.02705891709596	D:0.0000000036697158955784	D:0.00000217302782774235	D:-0.0646617131520265	D:-3.93258975692786	D:0.0000981445705916882	D:0.00310833558173773	D:3.9762484151321	D:0.0194594590865887	D:0.730351563745367	D:0.022136560744015	D:-0.0570350633252293	D:0.0611802727199413	D:10.5858448998708	N:	N:	N:	N:	N:	N:	N:	N:
S:NETO1	D:-0.00615434843170719	D:0.336448319120542	D:0.751693410438742	D:-0.122814725835447	D:-3.97947663924201	D:0.000081417774615862	D:0.00152522344412305	D:-0.115070311663848	D:-3.59320610836949	D:0.000364968166273427	D:0.00688245831325745	D:0.842923395750075	D:0.431170274067335	D:0.966078042387016	D:-0.0481875678393759	D:-0.0297530928373096	D:0.056632925296686	D:15.8871346749169	N:	N:	N:	N:	N:	N:	N:	N:
S:LBR	D:-0.01652612600788	D:0.338927294040997	D:0.753887883886768	D:-0.124230474559207	D:-4.23994732821952	D:0.0000275422382435156	D:0.000717603836688717	D:-0.137339710315828	D:-4.64085152451025	D:0.00000463201854124694	D:0.000562200461580786	D:0.462599471494968	D:0.629962156368759	D:0.984208797062414	D:-0.0360391357219118	D:-0.0155666698491458	D:0.0392573625422631	D:16.4425768266513	N:	N:	N:	N:	N:	N:	N:	N:
S:ZNF618	D:-0.00308712337548033	D:0.339684815750896	D:0.754832390281085	D:-0.0663214499821843	D:-3.2822444565061	D:0.00111632584702345	D:0.00935826828686626	D:-0.0560166851814544	D:-2.69456967179714	D:0.00732794513982407	D:0.045151929083629	D:2.72131390969035	D:0.0669374039557137	D:0.847670464859297	D:0.0135740374694499	D:-0.0619002207702821	D:0.0633710645691841	D:11.1754295960559	N:	N:	N:	N:	N:	N:	N:	N:
S:CDK7	D:-0.0128566433264142	D:0.341334297057278	D:0.756222781513212	D:-0.0813695979061774	D:-4.7617455376266	D:0.00000265043751528051	D:0.000156000600861736	D:-0.0613405589780785	D:-3.23975708623954	D:0.001290521818057	D:0.0149570634293816	D:0.162721733355128	D:0.849880675459238	D:0.990538766746216	D:-0.00120154386860857	D:-0.0139279185843675	D:0.0139796503447318	D:12.3287084450024	N:	N:	N:	N:	N:	N:	N:	N:
S:CCDC146	D:-0.0213624249894996	D:0.341334748883908	D:0.756222781513212	D:-0.0846453137721309	D:-2.77637679301724	D:0.00574391730259835	D:0.0293650705662949	D:-0.089075504771734	D:-2.92340604469433	D:0.00364769839134805	D:0.0287524654744075	D:0.867884405676295	D:0.420583222425213	D:0.965417982825822	D:-0.044223368931918	D:-0.0315939503989049	D:0.0543496463787667	D:15.6304880805972	N:	N:	N:	N:	N:	N:	N:	N:
S:MRPS18B	D:-0.0168161791644928	D:0.3422258653195	D:0.756944643842797	D:-0.0839608795210038	D:-4.80011546266237	D:0.00000221170842826137	D:0.0001390195332136	D:-0.0644090093667263	D:-3.38369556761121	D:0.000781667651521199	D:0.0109731088925113	D:1.89371128182093	D:0.151782898335526	D:0.897370879509493	D:-0.010911969740126	D:-0.046713974517489	D:0.0479715175789764	D:12.876535273208	N:	N:	N:	N:	N:	N:	N:	N:
S:ZNF385D	D:-0.00428147496989099	D:0.343138586710409	D:0.757673888851861	D:-0.1313224817866	D:-2.64818705581711	D:0.00839875814912681	D:0.0384626512753895	D:-0.136058350827231	D:-2.75292260657222	D:0.00616026149956901	D:0.0401657972436058	D:0.00606931369539991	D:0.99394915372798	D:0.998940164677581	D:-0.00172624145947529	D:0.00691414655260127	D:0.00712638282210964	D:23.0654439130452	N:	N:	N:	N:	N:	N:	N:	N:
S:ZC3H13	D:-0.0149198532935663	D:0.344098554812677	D:0.758134384086804	D:-0.046778329927709	D:-2.80339393189781	D:0.00529228261330434	D:0.0278901010104046	D:-0.0440302158566443	D:-2.64170051158568	D:0.00855410328132457	D:0.0496776478281433	D:0.46607862164932	D:0.627779004727774	D:0.984208797062414	D:0.0178875208685694	D:-0.01325543802795	D:0.0222636484012915	D:8.43600460327346	N:	N:	N:	N:	N:	N:	N:	N:
S:CCNB1	D:-0.0174607397358598	D:0.344902499549857	D:0.758915210831413	D:-0.133799580017573	D:-3.66017986333494	D:0.000284318249819747	D:0.00366985153663364	D:-0.114560867634805	D:-3.09095514862555	D:0.00212668647618823	D:0.0203314972755354	D:0.211392542439282	D:0.809541511141078	D:0.990538766746216	D:0.0314793326827676	D:-0.0125653011562531	D:0.0338944712202402	D:7.45066161728089	N:	N:	N:	N:	N:	N:	N:	N:
S:UBXN2A	D:-0.0091475162613662	D:0.345704231367285	D:0.759732684839444	D:-0.1166485288409	D:-4.85198414662818	D:0.00000172848289906727	D:0.000118404796945695	D:-0.100076888766659	D:-4.05882441225374	D:0.000058731882673382	D:0.00233585019199981	D:0.310800105411611	D:0.73302716111365	D:0.988887668865741	D:-0.0273574089990278	D:-0.00154594862115535	D:0.0274010544373632	D:17.7843796102335	N:	N:	N:	N:	N:	N:	N:	N:
S:ADAT2	D:-0.0209522602603901	D:0.346627576622112	D:0.760422632461162	D:-0.0812245667301032	D:-3.5308965407781	D:0.000460232909329993	D:0.0050954171564971	D:-0.0702783259862026	D:-2.9972628480758	D:0.00288424252580018	D:0.0246764374766468	D:2.48772279720063	D:0.0843111666450819	D:0.860742263980279	D:-0.0596568936852999	D:-0.0386734326083627	D:0.0710955649382769	D:15.8030733366582	N:	N:	N:	N:	N:	N:	N:	N:
S:NUP205	D:-0.0177690903615122	D:0.347086610324366	D:0.760775097131171	D:-0.0646929688162818	D:-3.80266830487081	D:0.000164472519288032	D:0.00248373840757916	D:-0.0511173178740451	D:-2.79658678562459	D:0.00539949791266945	D:0.0366598048831896	D:3.82226857766556	D:0.0226357921290402	D:0.736744509955438	D:0.0257375982084678	D:-0.0616479138495704	D:0.0668048594306176	D:10.4893189924995	N:	N:	N:	N:	N:	N:	N:	N:
S:CANX	D:-0.0116181063279726	D:0.347106762950492	D:0.760775097131171	D:-0.0794300946074722	D:-3.39110571603296	D:0.000762353374080457	D:0.00721062307981907	D:-0.0775336897862256	D:-3.3078353019514	D:0.00102034342902344	D:0.0130658787329928	D:0.270137811826834	D:0.763405555257488	D:0.989044741352382	D:-0.0101344583002714	D:-0.0200780112685018	D:0.0224907487989623	D:13.785503196644	N:	N:	N:	N:	N:	N:	N:	N:
S:PARVA	D:-0.00208965110587731	D:0.347494015059954	D:0.761089065394594	D:-0.110737372775197	D:-2.92473042918628	D:0.00363523519634686	D:0.0212301646658141	D:-0.102114048747779	D:-2.68511314414648	D:0.00753490737450235	D:0.0458119555087587	D:2.88142089269944	D:0.0571533967810141	D:0.83656058396868	D:0.0936062177401329	D:-0.0834067882758948	D:0.125374703708974	D:8.78015219085121	N:	N:	N:	N:	N:	N:	N:	N:
S:RORA	D:-0.0221761658334997	D:0.347976172269122	D:0.761658696936105	D:-0.157197023918417	D:-5.27295871778466	D:0.000000215772860631364	D:0.0000312327219970184	D:-0.123432696993041	D:-3.90856414076202	D:0.000108054851552066	D:0.00327364318477353	D:0.0515477396162127	D:0.949764258424049	D:0.996760838460121	D:-0.00547037567851374	D:-0.0120250214364896	D:0.0132108345918079	D:13.6307701117138	N:	N:	N:	N:	N:	N:	N:	N:
S:KLHDC9	D:-0.00520149535936276	D:0.348097327506981	D:0.761658696936105	D:-0.165341000997112	D:-3.32896805313443	D:0.000948948095457988	D:0.00836795791215909	D:-0.142900082070097	D:-2.8391025755292	D:0.00474158628342619	D:0.0338281626741261	D:0.613766020766656	D:0.541788629240886	D:0.976164193213879	D:-0.0668431768661207	D:0.0396824566598622	D:0.0777348548600776	D:20.046408199055	N:	N:	N:	N:	N:	N:	N:	N:
S:WDR60	D:-0.0126657045792513	D:0.348138568777694	D:0.761658696936105	D:-0.0696330952699867	D:-2.68358344606681	D:0.00757303802793426	D:0.0356246355570205	D:-0.0709072772427593	D:-2.72017928966592	D:0.00679291709438961	D:0.0431395492172465	D:1.65321148817	D:0.192665589496166	D:0.921744746511297	D:-0.0221837006108519	D:-0.0574725371913221	D:0.0616052684759982	D:13.4070654680442	N:	N:	N:	N:	N:	N:	N:	N:
S:EID2B	D:-0.0138077322634942	D:0.348336616397364	D:0.761666603805648	D:-0.103176945800447	D:-3.67159964351006	D:0.000272289036538076	D:0.00356383125451476	D:-0.0856422299818943	D:-2.90959651751909	D:0.00380943437380746	D:0.0295632077436742	D:0.94296759044043	D:0.390285479472589	D:0.960227634080898	D:0.0272675458801318	D:-0.0466171230834533	D:0.0540062517020291	D:9.97836963212848	N:	N:	N:	N:	N:	N:	N:	N:
S:C5ORF34	D:-0.00972389350300023	D:0.350003496573839	D:0.762925754882809	D:-0.2495301869512	D:-4.10370822007707	D:0.0000488984402568806	D:0.00105002683632934	D:-0.21315971659452	D:-3.4454497497543	D:0.000626943612507624	D:0.00959244745717577	D:1.25152869647101	D:0.287121647227863	D:0.948286990928089	D:0.113644062822909	D:-0.0747050977235047	D:0.135999355295441	D:8.22128879575094	N:	N:	N:	N:	N:	N:	N:	N:
S:EXOC1	D:-0.0114420517324114	D:0.350128775188403	D:0.762925754882809	D:-0.0781520590110138	D:-3.36963268998763	D:0.000822580568024221	D:0.0075678186816202	D:-0.0809127340699745	D:-3.46373287894048	D:0.000586940896612602	D:0.0092699987900949	D:1.31300848595048	D:0.270100952285811	D:0.941834887333518	D:0.0129390641417169	D:-0.047880579023978	D:0.0495980768632703	D:10.9918542450172	N:	N:	N:	N:	N:	N:	N:	N:
S:ZFAND6	D:-0.0109535692880709	D:0.350258843320387	D:0.762925754882809	D:-0.0832793636855449	D:-2.65731373773045	D:0.00817845847423915	D:0.0377813846442334	D:-0.0844086774536209	D:-2.70185409772683	D:0.00717202600512824	D:0.0445623402754248	D:0.568425387487881	D:0.566847619511817	D:0.979990205806868	D:-0.0391447751588207	D:-0.0230941850541569	D:0.0454494753055552	D:15.9640488745016	N:	N:	N:	N:	N:	N:	N:	N:
S:CEP72	D:-0.00799275943306578	D:0.351816523320423	D:0.763294693521991	D:-0.0845942770043559	D:-3.93630935092046	D:0.0000969026384469087	D:0.00173404254385626	D:-0.0665669341482923	D:-2.92697394658689	D:0.00360694276723414	D:0.0285588608648794	D:1.50527466573291	D:0.223139922624548	D:0.929224825495277	D:-0.0113478603481395	D:-0.049819480849721	D:0.0510955439017592	D:12.8554584750922	N:	N:	N:	N:	N:	N:	N:	N:
S:CSTF1	D:-0.0109189564395653	D:0.35372412195805	D:0.76412076190783	D:-0.065430561242919	D:-4.22003341590417	D:0.0000299819195252781	D:0.000754024053337785	D:-0.0577488305045231	D:-3.68507119473146	D:0.000258267591248205	D:0.00557658232108417	D:1.46319226510697	D:0.232662493785075	D:0.931078802181888	D:-0.0191218409242679	D:-0.0295688611320091	D:0.0352130991106583	D:14.1926854816107	N:	N:	N:	N:	N:	N:	N:	N:
S:BCAR3	D:-0.00454286359136314	D:0.354684549795379	D:0.76451481623575	D:-0.134317650968492	D:-4.27654382439673	D:0.0000235442625532058	D:0.000650331771793488	D:-0.122084551378252	D:-3.84665356314819	D:0.000138140338986507	D:0.0037336104621512	D:0.278983489556874	D:0.756691151321034	D:0.989044741352382	D:-0.0139010213889644	D:-0.0276474717710645	D:0.0309454534784717	D:13.7795359436338	N:	N:	N:	N:	N:	N:	N:	N:
S:TARS	D:-0.0133191285232897	D:0.355276799943276	D:0.764988079495204	D:-0.0725983418693335	D:-3.52476618000168	D:0.000470697668069933	D:0.00517561909616061	D:-0.0670375352038362	D:-3.21186663659625	D:0.00141925130200152	D:0.0158026152093514	D:3.81163076018478	D:0.0228735693441445	D:0.736744509955438	D:-0.0111081697785678	D:-0.073740397589224	D:0.0745723653402943	D:12.571104068761	N:	N:	N:	N:	N:	N:	N:	N:
S:PRORSD1P	D:-0.0130990674131393	D:0.356137129559144	D:0.765310258404403	D:-0.12682798065578	D:-3.61691095469571	D:0.000334581577093801	D:0.00407355675887225	D:-0.120808892259186	D:-3.41631635147513	D:0.000695981891152966	D:0.0101797770471707	D:1.00339709361939	D:0.36750064659258	D:0.959270072771647	D:-0.029930328989852	D:-0.0581726604126934	D:0.0654208148293135	D:13.8150803964872	N:	N:	N:	N:	N:	N:	N:	N:
S:PTPRM	D:-0.0202789468539047	D:0.359322958998896	D:0.767581504613275	D:-0.21762636344767	D:-4.73869796821275	D:0.00000295307100265386	D:0.000166780232551616	D:-0.210442161146632	D:-4.57168191661221	D:0.00000635704487089176	D:0.000678814283180852	D:2.05016856220575	D:0.12998716215809	D:0.891540788437719	D:0.0545970705413848	D:-0.111106307929638	D:0.123796008713757	D:10.2553823092175	N:	N:	N:	N:	N:	N:	N:	N:
S:SLC35F2	D:-0.0142965781124298	D:0.359416034766022	D:0.767623318818463	D:-0.0947265894143285	D:-4.93820575012039	D:0.00000114183392145882	D:0.0000937503220975919	D:-0.0774808528197904	D:-3.85608848601993	D:0.000133092852906838	D:0.00365276325653443	D:0.28992727019051	D:0.748466212419677	D:0.988887668865741	D:0.00484226930790253	D:-0.0194296350937359	D:0.0200239429665086	D:11.067052175835	N:	N:	N:	N:	N:	N:	N:	N:
S:ASCC3	D:-0.011067131752615	D:0.359572275996175	D:0.767757293856769	D:-0.0741125957540306	D:-3.68572474082375	D:0.000258072124028288	D:0.00342361668407113	D:-0.0605720159553532	D:-2.83270329456902	D:0.00483571494503513	D:0.0342372122249752	D:4.13059922493322	D:0.0167245558823689	D:0.724372592619191	D:0.020056974187496	D:-0.0779291154757825	D:0.0804688091896216	D:11.0377849135104	N:	N:	N:	N:	N:	N:	N:	N:
S:EIF3H	D:-0.0159486323584024	D:0.362030146333947	D:0.768735650044161	D:-0.0743556064529448	D:-2.78754057453022	D:0.0055532284678228	D:0.0287611019055726	D:-0.076047767653056	D:-2.85365271339613	D:0.00453372862758364	D:0.0329099521216984	D:2.1064200637609	D:0.122944157046513	D:0.888724539846668	D:-0.0262413281299854	D:-0.0660988145932515	D:0.0711172313343159	D:13.4435434376378	N:	N:	N:	N:	N:	N:	N:	N:
S:GPLD1	D:-0.00183571756183654	D:0.362161081069437	D:0.768798377639388	D:-0.119134713650193	D:-3.23155636778757	D:0.00132862404687888	D:0.0106099887617737	D:-0.100775077722934	D:-2.71224892005231	D:0.00695470406682532	D:0.0437596203051809	D:0.347751813593373	D:0.706475375407071	D:0.987553110889477	D:0.0253098255839357	D:-0.0333115666655682	D:0.0418359623386846	D:9.51818403626649	N:	N:	N:	N:	N:	N:	N:	N:
S:KIAA2026	D:-0.0138616244901566	D:0.36256940176206	D:0.769061559749134	D:-0.074662478172453	D:-3.43722002751592	D:0.000646633735034818	D:0.00646336051985441	D:-0.0765171633423197	D:-3.53874191676446	D:0.000446492722896509	D:0.00777652796507417	D:0.221932743694816	D:0.801062210991238	D:0.990538766746216	D:-0.0092693135501213	D:-0.0164170891002041	D:0.0188531426614903	D:13.9633112197554	N:	N:	N:	N:	N:	N:	N:	N:
S:TRMT112	D:-0.0142834794062344	D:0.363151488871657	D:0.769397054595465	D:-0.0886428779357173	D:-5.2089970090558	D:0.000000298709462701696	D:0.0000396673408743624	D:-0.0704157649291905	D:-3.88796382721732	D:0.000117299681059222	D:0.00342112398146007	D:0.637745955153735	D:0.528988438016868	D:0.975430279911244	D:-0.0266986914900097	D:-0.00954514224136122	D:0.0283536570425498	D:16.6884896622483	N:	N:	N:	N:	N:	N:	N:	N:
S:HSD17B12	D:-0.0256969415660093	D:0.365118870155599	D:0.770905514973618	D:-0.0836758166084076	D:-3.81934207380859	D:0.000154094313898464	D:0.00237848103308837	D:-0.0741405306759687	D:-3.30861768020975	D:0.00101756895296298	D:0.0130388950228522	D:0.347428160948304	D:0.70670369066539	D:0.987553110889477	D:-0.0130215040335701	D:-0.0207692334983222	D:0.0245136824529509	D:14.1390744825981	N:	N:	N:	N:	N:	N:	N:	N:
S:ASB8	D:-0.010401361008071	D:0.365319198974476	D:0.771026833286269	D:-0.0443467882182962	D:-3.05422496545158	D:0.00240077902034437	D:0.0159180697940339	D:-0.0460431257721811	D:-3.16322813163354	D:0.00167253203807108	D:0.0175149777898966	D:0.0719569116827269	D:0.93058235223619	D:0.994559242263454	D:-0.00275391037532498	D:0.00675493363589193	D:0.00729473445579938	D:22.521322068832	N:	N:	N:	N:	N:	N:	N:	N:
S:PFAS	D:-0.0154301381927873	D:0.367056068103715	D:0.772651282365302	D:-0.0742785176560096	D:-3.09560289558878	D:0.00209628850804264	D:0.0145024359033458	D:-0.0709098301851467	D:-2.95077070681072	D:0.00334557630007236	D:0.0272240211199524	D:1.55291864295026	D:0.212830528575761	D:0.927783481998367	D:-0.0130952085622145	D:-0.0532667130341501	D:0.0548527775481825	D:12.9207877694879	N:	N:	N:	N:	N:	N:	N:	N:
S:CEP152	D:-0.00833514545691204	D:0.367544984291789	D:0.772942086900734	D:-0.111196489856841	D:-3.75398401634158	D:0.000198681145812871	D:0.00283182222489373	D:-0.0925397357776601	D:-3.00890649081349	D:0.0027782169684418	D:0.0241083298064145	D:1.80547952234918	D:0.165657084899699	D:0.906752127738102	D:-0.0632535000048026	D:-0.0472833941316957	D:0.0789729360190619	D:15.5480713628176	N:	N:	N:	N:	N:	N:	N:	N:
S:PDE4B	D:-0.0145918088656592	D:0.368155650504319	D:0.77377953110347	D:-0.145368822243679	D:-5.68610111619986	D:0.0000000244410057212309	D:0.0000077032531096544	D:-0.143715057346521	D:-5.64804740782187	D:0.0000000297855738625976	D:0.0000333159901937847	D:0.207708600884285	D:0.81252635925264	D:0.990538766746216	D:-0.00255726931692711	D:0.0211790452725275	D:0.0213328756855485	D:23.541009082503	N:	N:	N:	N:	N:	N:	N:	N:
S:LUC7L2	D:-0.0203940505504988	D:0.371627255629814	D:0.77676302738172	D:-0.079088510324265	D:-4.92526803488215	D:0.00000121559169447677	D:0.0000973924614484491	D:-0.0759613173294005	D:-4.67115238320217	D:0.00000402721947046744	D:0.000531729024813543	D:1.31971417505402	D:0.268306899990287	D:0.939907763028795	D:0.0175897587963175	D:-0.0305781414357697	D:0.0352763709610068	D:10.0060520591218	N:	N:	N:	N:	N:	N:	N:	N:
S:FZD6	D:-0.0175142183810321	D:0.371950175156782	D:0.777094185308647	D:-0.303888432941939	D:-4.39074713159306	D:0.0000143289407374816	D:0.000455388714367241	D:-0.260938111788933	D:-3.75615103676277	D:0.000196660712410319	D:0.00465811755298186	D:2.89688207230595	D:0.0562882326840904	D:0.83656058396868	D:-0.204004260602916	D:0.113630097976435	D:0.23351560442565	D:19.9411831932929	N:	N:	N:	N:	N:	N:	N:	N:
S:ANKUB1	D:-0.00411736238048218	D:0.372029584846915	D:0.777196535409984	D:-0.135928845249497	D:-3.42260658597445	D:0.000681399206315895	D:0.00667849276364596	D:-0.120395940152952	D:-3.0316467879645	D:0.00258138081485026	D:0.0230360434237164	D:0.990530471825528	D:0.372237272560586	D:0.959270072771647	D:0.0454332183533655	D:0.058250821074908	D:0.0738737807740035	D:2.53018330918303	N:	N:	N:	N:	N:	N:	N:	N:
S:ATP6V0A2	D:-0.0110539508186736	D:0.374096284575483	D:0.778840457841962	D:-0.0689034372403998	D:-4.11451284091132	D:0.0000467488481905357	D:0.00101389483073391	D:-0.0609890835939165	D:-3.60280901936187	D:0.000352129523935564	D:0.00678237543361371	D:0.637110215231106	D:0.52932383531403	D:0.975430279911244	D:-0.0200788010591268	D:-0.0161105894545217	D:0.0257431416991815	D:15.4171702837987	N:	N:	N:	N:	N:	N:	N:	N:
S:C1ORF74	D:-0.0105137987979133	D:0.374390807824245	D:0.778929323791303	D:-0.171025366449777	D:-3.46297813115254	D:0.000589354447241622	D:0.00607094109306722	D:-0.156340456992128	D:-3.15884517622797	D:0.00169729475147226	D:0.0176701314536598	D:0.185249897968162	D:0.830963827626914	D:0.990538766746216	D:-0.0183341847755304	D:-0.0348311786651486	D:0.0393618259051431	D:13.8507398734	N:	N:	N:	N:	N:	N:	N:	N:
S:ZNF251	D:-0.016756607867682	D:0.375945473762544	D:0.780252471504091	D:-0.148083941967247	D:-2.87910185791164	D:0.00419294854541615	D:0.0235240905902892	D:-0.145108961937985	D:-2.81540336886674	D:0.00509873809649842	D:0.0353433321170572	D:2.4823926498193	D:0.0847565234019845	D:0.860742263980279	D:-0.0134325472217286	D:-0.148023830944109	D:0.148632055264785	D:12.3456767988991	N:	N:	N:	N:	N:	N:	N:	N:
S:ZNF620	D:-0.00592632565269175	D:0.376436717544043	D:0.780451839850671	D:-0.165512435033746	D:-3.58655464294414	D:0.000374702675673528	D:0.00440557460008207	D:-0.129387692763395	D:-2.752830474095	D:0.00616196432142943	D:0.0401657972436058	D:0.33551366317381	D:0.715160368660317	D:0.988037262416837	D:-0.011384500067884	D:0.04903800946258	D:0.05034216139428	D:23.1286621445324	N:	N:	N:	N:	N:	N:	N:	N:
S:MGEA5	D:-0.0189284750099052	D:0.379713406441265	D:0.781340345534475	D:-0.0955443038453261	D:-3.75563778021692	D:0.000197416475851518	D:0.00281996736448429	D:-0.105906290420612	D:-4.16486415695435	D:0.0000377612879342208	D:0.00183738211612214	D:0.652121437419978	D:0.521461105283187	D:0.972936095379639	D:-0.00720073993099386	D:-0.0368926417960021	D:0.0375887971906781	D:12.7362796756879	N:	N:	N:	N:	N:	N:	N:	N:
S:HMGN1P38	D:-0.0325571964984295	D:0.380575113814614	D:0.781958880956302	D:-0.096613956288574	D:-4.96278428297812	D:0.00000101343806826558	D:0.000085729841090813	D:-0.0920492192739945	D:-4.62530510915909	D:0.00000497530723021511	D:0.000589227142943234	D:2.54974265654274	D:0.0792987684854451	D:0.858260180148023	D:-0.0117546053009842	D:-0.0569768123338139	D:0.0581766954158156	D:12.7771244752059	N:	N:	N:	N:	N:	N:	N:	N:
S:RNASEL	D:-0.010883610611403	D:0.385688741367244	D:0.784246593124955	D:-0.0666902832260177	D:-2.78513511231071	D:0.00559382485172908	D:0.0288641524396452	D:-0.0767454973032301	D:-3.14695096554609	D:0.00176620974451944	D:0.0180888388981418	D:0.387059841176946	D:0.679290124946718	D:0.986460847631032	D:-0.0248353891875234	D:-0.0153949048783465	D:0.0292198503129138	D:15.8804098310392	N:	N:	N:	N:	N:	N:	N:	N:
S:NKTR	D:-0.0298311989702739	D:0.386286982400612	D:0.784663004279554	D:-0.0679254452471186	D:-3.7254932624362	D:0.000221704859144458	D:0.00307040017898076	D:-0.0593629493877981	D:-3.15898018899204	D:0.00169652693484827	D:0.0176701314536598	D:1.42751022860754	D:0.241056009775219	D:0.933266293860831	D:-0.00562779593644371	D:-0.0407005373641124	D:0.0410877819896592	D:12.524836956139	N:	N:	N:	N:	N:	N:	N:	N:
S:GPR39	D:-0.000690226488205086	D:0.390643708713487	D:0.788880438200582	D:-0.0982322556148461	D:-2.68389377464763	D:0.00756613369788383	D:0.0356126599694992	D:-0.10765284149447	D:-2.92258522389719	D:0.00365713377184729	D:0.0288045348793502	D:1.24158385496033	D:0.289974415368888	D:0.948286990928089	D:0.076228311747888	D:0.026024414928894	D:0.0805482816969079	D:4.7433365756122	N:	N:	N:	N:	N:	N:	N:	N:
S:ICAM2	D:-0.0153155017694945	D:0.391027362347448	D:0.789144014833018	D:-0.0806696258503935	D:-4.5294568102562	D:0.00000772590833281763	D:0.000306231186068133	D:-0.0609834849561569	D:-3.13202509438331	D:0.00185634143234975	D:0.018640682389284	D:1.50054803734314	D:0.22418965981185	D:0.929224825495277	D:0.0138197113309815	D:-0.042134083028737	D:0.0443425909701289	D:10.7893892301953	N:	N:	N:	N:	N:	N:	N:	N:
S:NSRP1	D:-0.0118854425941473	D:0.391653462673308	D:0.789365921180942	D:-0.0987210277438835	D:-4.88038378006657	D:0.000001508843705703	D:0.000110016100198292	D:-0.087720826558267	D:-4.1366079753151	D:0.0000425171183137216	D:0.00193665969456511	D:4.95223090882649	D:0.00748181765903431	D:0.662881684141537	D:-0.0362612846040969	D:-0.0790422858920166	D:0.0869630020191035	D:13.6429114218511	N:	N:	N:	N:	N:	N:	N:	N:
S:BTBD7	D:-0.00779035087065527	D:0.393861805497247	D:0.791004718599045	D:-0.0594618500642618	D:-3.08836635598195	D:0.00214683447667719	D:0.0146928568685311	D:-0.0543256913281169	D:-2.81371259494426	D:0.00512512802008895	D:0.0354388275444297	D:0.480513419658769	D:0.61880212641308	D:0.984208797062414	D:0.0259818198326084	D:-0.00634117182467555	D:0.0267444465623087	D:6.91437220769125	N:	N:	N:	N:	N:	N:	N:	N:
S:EGR3	D:-0.00270315099105218	D:0.394642213078724	D:0.791553299822292	D:-0.2601476580251	D:-3.1146416094436	D:0.00196849274126572	D:0.0138517524872429	D:-0.249273415924028	D:-2.98463279989542	D:0.00300343142972514	D:0.0253677546089538	D:0.494250436174905	D:0.610378981043908	D:0.984208797062414	D:0.0834325522857738	D:-0.0774463843722137	D:0.113837310374266	D:8.8579370688007	N:	N:	N:	N:	N:	N:	N:	N:
S:STIM2	D:-0.0173536544324079	D:0.399601349002019	D:0.794636627772585	D:-0.0857181386954024	D:-2.67547593853899	D:0.00775543796659686	D:0.0362276100177748	D:-0.0926573292441804	D:-2.88715749489314	D:0.00408623232849937	D:0.0308161424287542	D:1.00538040403027	D:0.366775930845647	D:0.959270072771647	D:-0.0380847846052126	D:-0.0466784592741357	D:0.0602439156980403	D:14.6140586693239	N:	N:	N:	N:	N:	N:	N:	N:
S:YES1	D:-0.0139815354268158	D:0.399709911046196	D:0.794636627772585	D:-0.0799008001613495	D:-3.11591870226174	D:0.00196018267374504	D:0.0138281334395855	D:-0.072031512513636	D:-2.74369801417935	D:0.00633287913338203	D:0.0408688213822386	D:0.839197932656429	D:0.432773208225127	D:0.966078042387016	D:-0.0105266172382369	D:-0.0427766135548244	D:0.0440527903508862	D:12.9216565792159	N:	N:	N:	N:	N:	N:	N:	N:
S:MED6	D:-0.0131734021287227	D:0.403865976664629	D:0.79767475419848	D:-0.0444424271660837	D:-3.10485121025083	D:0.00203328527931608	D:0.0141952224519884	D:-0.0384705395731763	D:-2.64358550277205	D:0.00850740106603442	D:0.0495068162379089	D:0.482928910154594	D:0.617312599792692	D:0.984208797062414	D:-0.00410434538277929	D:-0.0180580805566785	D:0.0185186372180199	D:12.8536652386387	N:	N:	N:	N:	N:	N:	N:	N:
S:ASXL2	D:-0.0105421638025087	D:0.407166577933575	D:0.800524428565168	D:-0.0815444021602879	D:-3.61376762425656	D:0.000338540689222651	D:0.00410875190491982	D:-0.0703254724196873	D:-3.085960194825	D:0.00216192902097356	D:0.0205723655464956	D:0.37920695785134	D:0.684635812998968	D:0.986460847631032	D:-0.0042946923794859	D:-0.0253218637896201	D:0.0256834804575721	D:12.6417332418046	N:	N:	N:	N:	N:	N:	N:	N:
S:SPAG5	D:-0.0111003125626942	D:0.407733062103152	D:0.800561543323508	D:-0.0821159955041797	D:-3.4336757955449	D:0.000654910040513212	D:0.00651940759127289	D:-0.0757614906885157	D:-3.15480358133218	D:0.00172042832875107	D:0.017778365929204	D:1.18586359540353	D:0.306493268233971	D:0.956127866309072	D:0.0161252058043553	D:-0.0459382373493627	D:0.0486861778434002	D:10.7105296354202	N:	N:	N:	N:	N:	N:	N:	N:
S:ZMPSTE24	D:-0.00987439036160937	D:0.408086324074798	D:0.800661761257494	D:-0.0551030966481192	D:-2.78600070441595	D:0.00557918562063877	D:0.0288226446750115	D:-0.057191769692317	D:-2.88801843247853	D:0.00407528294241353	D:0.0307708766948372	D:0.209481231770801	D:0.81108873891322	D:0.990538766746216	D:-0.0178684450953978	D:0.00306181322019175	D:0.0181288728365165	D:18.6482251339965	N:	N:	N:	N:	N:	N:	N:	N:
S:SCP2	D:-0.0130720115846631	D:0.408625799439127	D:0.801259195338754	D:-0.169812622925498	D:-5.3620605767123	D:0.000000136424021767113	D:0.0000233847527136067	D:-0.163639747699151	D:-5.04413714692274	D:0.000000676749711347163	D:0.000178707650127499	D:1.00068217115211	D:0.3684950318875	D:0.959270072771647	D:-0.00748435975091034	D:-0.0589156172186899	D:0.0593891033198872	D:12.4826536176161	N:	N:	N:	N:	N:	N:	N:	N:
S:CAMTA1	D:-0.00901922466138432	D:0.410039867369778	D:0.802370658226916	D:-0.128216565725971	D:-4.299716250395	D:0.000021306169005809	D:0.000604272639394068	D:-0.128443004049002	D:-4.30038013710783	D:0.0000211803952168055	D:0.00126837702743374	D:1.16100287373733	D:0.314165424204419	D:0.956911684216668	D:0.0326278267701278	D:-0.0515297149620171	D:0.06099087311892	D:9.84390901707872	N:	N:	N:	N:	N:	N:	N:	N:
S:N4BP2L1	D:-0.0106757918628182	D:0.410435332915095	D:0.802806793865043	D:-0.0966509355650278	D:-3.64976916097833	D:0.00029571833162785	D:0.0037663278250655	D:-0.0937231636573446	D:-3.53400379676524	D:0.00045433838213031	D:0.00787076801880176	D:1.03458132583979	D:0.356270404577859	D:0.959270072771647	D:-0.0176271318681061	D:-0.0463332564555088	D:0.0495730413800439	D:13.3885955574103	N:	N:	N:	N:	N:	N:	N:	N:
S:ALS2	D:-0.0109862325668552	D:0.412502772895429	D:0.803808726629297	D:-0.113252641313589	D:-3.61352402754752	D:0.00033884933551615	D:0.00410875190491982	D:-0.104958484461481	D:-3.32087511416661	D:0.000975006386120664	D:0.0126427337698632	D:0.551552545889601	D:0.576467470645486	D:0.982115268178959	D:-0.0388558758113704	D:-0.0232277803387898	D:0.0452692927328858	D:15.9419535097606	N:	N:	N:	N:	N:	N:	N:	N:
S:ERCC5	D:-0.0156110704333441	D:0.412837016892716	D:0.804105150363482	D:-0.0776835201306847	D:-4.15308487403097	D:0.0000397853995922285	D:0.000912495884309551	D:-0.0698683375511216	D:-3.56855952986753	D:0.000399958373365093	D:0.00734547610331512	D:2.67967047452175	D:0.069747222542617	D:0.850339905642804	D:0.0462887156685062	D:-0.0415841238768304	D:0.0622244691166055	D:8.79569254118295	N:	N:	N:	N:	N:	N:	N:	N:
S:ADAM22	D:-0.00636494908265342	D:0.413107116520717	D:0.80420988683767	D:-0.113190316071908	D:-4.49384008418599	D:0.00000906756795768096	D:0.000336222666909001	D:-0.110111245412799	D:-4.36555059266794	D:0.0000159514628575698	D:0.00110927948647605	D:2.75733138359817	D:0.0645990601013697	D:0.846065840107819	D:-0.0146136514280897	D:-0.0752609832687711	D:0.0766666447070951	D:12.7325702969485	N:	N:	N:	N:	N:	N:	N:	N:
S:NCBP1	D:-0.0103129942912079	D:0.413404421475541	D:0.804210550073752	D:-0.0817319229733501	D:-3.63458180591059	D:0.000313121865024655	D:0.00391139986803793	D:-0.0713634948418532	D:-3.12145279714488	D:0.00192272872896121	D:0.0190527596818616	D:0.69766238511775	D:0.498317910373424	D:0.971534152892322	D:0.0118859119076252	D:-0.0335137724931412	D:0.0355590754744531	D:10.6981710218371	N:	N:	N:	N:	N:	N:	N:	N:
S:ACBD5	D:-0.0106895844012803	D:0.414896041176147	D:0.80509790479499	D:-0.0967609189327487	D:-2.67496354642686	D:0.00776709723760496	D:0.036266869084836	D:-0.100465638221126	D:-2.78337849684087	D:0.00562012228819424	D:0.0375591004218891	D:0.44059225555777	D:0.643949423742999	D:0.985241744687647	D:-0.00459109306230014	D:-0.0436069604009726	D:0.0438479775008916	D:12.4006772160146	N:	N:	N:	N:	N:	N:	N:	N:
S:ANKHD1	D:-0.00369305260977551	D:0.416149996905393	D:0.805808211757121	D:-0.0695518681667533	D:-4.03689150075729	D:0.000064429860665734	D:0.00128471827272358	D:-0.0687413338109881	D:-4.00778569323416	D:0.0000723997984731104	D:0.00262156082944749	D:0.914969613628294	D:0.40131807060819	D:0.963711209598891	D:-0.0167260917868143	D:-0.0254929125777594	D:0.0304901744527351	D:14.2179454490098	N:	N:	N:	N:	N:	N:	N:	N:
S:MMP21	D:-0.00155842042979757	D:0.418235095055279	D:0.807009211170902	D:-0.10464991899933	D:-3.20739968353147	D:0.00144244116834289	D:0.011217360970973	D:-0.0940122769337135	D:-2.90460258002822	D:0.00386951476755819	D:0.0299106756617305	D:2.30406368300863	D:0.101101119098751	D:0.870946539528028	D:0.0937008699877551	D:0.0247174678378036	D:0.0969061724183503	D:5.01483367927993	N:	N:	N:	N:	N:	N:	N:	N:
S:CHD6	D:-0.0144524592503133	D:0.419583516898729	D:0.807561578252348	D:-0.119859102100828	D:-6.16130018639466	D:0.00000000169826282623782	D:0.00000122910199583382	D:-0.0901164762986326	D:-3.90691169186448	D:0.000108770192303403	D:0.00328892679726133	D:2.74012797378353	D:0.065705529745409	D:0.847670464859297	D:0.0146316935690168	D:-0.0689950268507162	D:0.0705294278073249	D:11.2017826978123	N:	N:	N:	N:	N:	N:	N:	N:
S:TNRC6C	D:-0.00997343668816421	D:0.421071045836967	D:0.808426283917572	D:-0.0879551679415952	D:-3.91250557093426	D:0.00010659584160179	D:0.0018548435803567	D:-0.0761982656948686	D:-3.27262974558231	D:0.0011527113766367	D:0.0138872583297521	D:2.2929161008399	D:0.102222235389067	D:0.870946539528028	D:-0.0184258557578698	D:-0.0619633276525434	D:0.064644923498959	D:13.1040497682242	N:	N:	N:	N:	N:	N:	N:	N:
S:HNRNPK	D:-0.00778823025726735	D:0.423755293513873	D:0.809441697210363	D:-0.0487554621301279	D:-3.59623053694741	D:0.000361448627430264	D:0.00429888474048373	D:-0.0502886127911478	D:-3.7242454572357	D:0.000222368793028759	D:0.00501188994760666	D:0.409296363056084	D:0.664379471972607	D:0.985706471962942	D:-0.00106318241095033	D:-0.0157790947321891	D:0.0158148723487214	D:12.2569810721792	N:	N:	N:	N:	N:	N:	N:	N:
S:STAMBP	D:-0.00720429677261802	D:0.426267789841156	D:0.811062912146311	D:-0.095120157378216	D:-3.17896051069734	D:0.00158796953339688	D:0.0119485994039694	D:-0.0896064669985115	D:-3.02669259694602	D:0.00262313973529161	D:0.0232255430753663	D:1.83256065755847	D:0.161268250745284	D:0.903170836088053	D:-0.0495880940836832	D:0.0587416738773482	D:0.076873684214853	D:21.3219912896559	N:	N:	N:	N:	N:	N:	N:	N:
S:SETD6	D:-0.0139532559284276	D:0.427072386483289	D:0.811562670990619	D:-0.0657775498945922	D:-3.68992439760328	D:0.000253981786065183	D:0.00338544207469286	D:-0.0515068236485145	D:-2.76162900614501	D:0.00600125295647841	D:0.0393657213905823	D:1.6315477523642	D:0.196852200803085	D:0.922219662881213	D:-0.000349277772019746	D:-0.0436522358043991	D:0.043653633132706	D:12.0305623370563	N:	N:	N:	N:	N:	N:	N:	N:
S:HS3ST3B1	D:-0.0151193984831317	D:0.428660814997244	D:0.812366159921618	D:-0.13572191267103	D:-3.47638618015989	D:0.000561449326893646	D:0.00586242837655049	D:-0.121242535500604	D:-3.09376086363984	D:0.00210712303660362	D:0.020200516413074	D:0.305081432221075	D:0.737224998395498	D:0.988887668865741	D:0.0425658668312906	D:0.00603386319730713	D:0.042991400584105	D:5.46212487814373	N:	N:	N:	N:	N:	N:	N:	N:
S:DTWD2	D:-0.00755107263027202	D:0.43026606413137	D:0.812783118160399	D:-0.130636238409324	D:-3.09555987813091	D:0.00209658571347176	D:0.0145024359033458	D:-0.132421085863786	D:-3.10260047251201	D:0.0020465648344018	D:0.0198274285716637	D:0.768637075197854	D:0.464289435199276	D:0.967692421145506	D:-0.059446102620562	D:-0.040274571166573	D:0.0718044580748698	D:15.7254978588708	N:	N:	N:	N:	N:	N:	N:	N:
S:ZNF280C	D:-0.0088690135771651	D:0.430435399741144	D:0.812847308102072	D:-0.0893164460163055	D:-4.37659140366541	D:0.0000152476333927784	D:0.000475964862824734	D:-0.0641639964573489	D:-2.99814483065165	D:0.00287608337901806	D:0.0246509700897592	D:0.695799950297246	D:0.499243814235351	D:0.971534152892322	D:0.0323564721018898	D:0.0130445062618104	D:0.0348869664845596	D:4.53621202404476	N:	N:	N:	N:	N:	N:	N:	N:
S:SUPT16H	D:-0.0115720268376356	D:0.430699378419752	D:0.812926529418013	D:-0.0641153358467797	D:-3.3788495132442	D:0.000796206121371096	D:0.00742928961954931	D:-0.0600530732349128	D:-3.06264686698927	D:0.00233363553419747	D:0.0216018815602809	D:2.21168685099997	D:0.110777604140863	D:0.879246613532333	D:-0.0179021377136816	D:-0.0504667954003676	D:0.0535479595568513	D:13.3020783001075	N:	N:	N:	N:	N:	N:	N:	N:
S:C1QTNF3	D:-0.00726408770288762	D:0.432825238020858	D:0.814315179584508	D:-0.139037590513825	D:-3.81870382043975	D:0.000154479925256776	D:0.00238255108085451	D:-0.129689820466401	D:-3.56391432856036	D:0.000406895713722916	D:0.00739641780638092	D:1.58660826319348	D:0.205830742334319	D:0.927138374549935	D:-0.0710034318598804	D:-0.0514888750963131	D:0.0877074204076509	D:15.6034577133553	N:	N:	N:	N:	N:	N:	N:	N:
S:FGL2	D:-0.017159277903292	D:0.434809547718022	D:0.815361081394579	D:-0.0624489452843408	D:-2.70998582310855	D:0.00700549225325255	D:0.0338261240723519	D:-0.068855312116565	D:-2.96840389270685	D:0.00316319980720611	D:0.0262325995294651	D:0.420305098094611	D:0.657119731214547	D:0.985706471962942	D:-0.0277941796755962	D:0.0110575701532312	D:0.0299129784797997	D:19.4463015610696	N:	N:	N:	N:	N:	N:	N:	N:
S:SRRM1	D:-0.0185350648429484	D:0.436244982167662	D:0.815803638800296	D:-0.0763790649464411	D:-4.89338717062708	D:0.0000014175088929848	D:0.000106764023906763	D:-0.0686793597546015	D:-4.21758189107477	D:0.0000302101945042581	D:0.0015998303815927	D:2.20337025961279	D:0.111693165280847	D:0.879740245933833	D:0.0314306468305325	D:-0.0343120249376412	D:0.0465317162321247	D:9.16730403967467	N:	N:	N:	N:	N:	N:	N:	N:
S:MYO5C	D:-0.0023207078510934	D:0.437011378495455	D:0.815803638800296	D:-0.207146029522706	D:-4.17371448103245	D:0.0000364785732414377	D:0.000856947686963517	D:-0.21707158792171	D:-4.39854182207541	D:0.0000138000729764511	D:0.00101761217370879	D:0.771531155297293	D:0.462952535734639	D:0.967692421145506	D:0.0449727235714608	D:-0.0688675007421797	D:0.0822513132047698	D:9.79027690714753	N:	N:	N:	N:	N:	N:	N:	N:
S:CATSPERB	D:-0.0055890064668666	D:0.437085709807141	D:0.815803638800296	D:-0.204370354340398	D:-3.04806188499376	D:0.002449459698611	D:0.0161596529272646	D:-0.204174328007101	D:-3.03301144329007	D:0.00256998576388122	D:0.0230135689346841	D:1.17267144672393	D:0.31054069935865	D:0.956911684216668	D:-0.135901000867544	D:-0.0450085499556114	D:0.143160230531761	D:16.7783891088193	N:	N:	N:	N:	N:	N:	N:	N:
S:DENND2D	D:-0.0225992836285464	D:0.438204703561069	D:0.816381073979098	D:-0.0722315138594849	D:-3.40840908241964	D:0.000716838438790448	D:0.00690716959191525	D:-0.0655484374116644	D:-3.02709190193182	D:0.00261975116689544	D:0.0232165793887999	D:1.94926485424594	D:0.143652412885998	D:0.893013200900893	D:-0.0103043912117246	D:-0.0543702398130799	D:0.0553380832300513	D:12.715437789784	N:	N:	N:	N:	N:	N:	N:	N:
S:TRAF6	D:-0.00799371094710902	D:0.438296288499537	D:0.816381073979098	D:-0.0447071161669434	D:-2.71087503300436	D:0.00698706330576195	D:0.033753820533472	D:-0.0478096244930786	D:-2.85724067660666	D:0.00448376216540942	D:0.0326807894346384	D:0.138295036457271	D:0.870880985911881	D:0.991098228766629	D:-0.0124222271160482	D:0.00065612117442194	D:0.012439542657116	D:18.2015638234379	N:	N:	N:	N:	N:	N:	N:	N:
S:MIF	D:-0.00452695487076818	D:0.438581503072571	D:0.816434986377341	D:-0.0744847196367266	D:-4.06292264524536	D:0.0000578910213658012	D:0.00118828618540874	D:-0.0592296954380628	D:-3.12921558252187	D:0.00187377408748715	D:0.0187675138101417	D:3.05918726929658	D:0.0479629336656645	D:0.826061255087532	D:0.0658932472336329	D:0.00366904871315406	D:0.0659953176327849	D:5.78753093519166	N:	N:	N:	N:	N:	N:	N:	N:
S:GOLPH3	D:-0.00782945855588866	D:0.439253359924779	D:0.816705167910239	D:-0.0445239597709895	D:-2.77828000675119	D:0.00571099513316351	D:0.0292679139515207	D:-0.0459418041523356	D:-2.86527621493335	D:0.00437366977589867	D:0.0321896790500566	D:0.884762234992975	D:0.413572990307524	D:0.96415212136371	D:0.00715570186081079	D:0.0266937981204983	D:0.0276362610933304	D:1.00041656223902	N:	N:	N:	N:	N:	N:	N:	N:
S:FBLN7	D:-0.00813508027072323	D:0.439765611860394	D:0.817004474939998	D:-0.0912854938570463	D:-4.92294294403247	D:0.0000012293258275883	D:0.0000980500244771553	D:-0.0864949801433858	D:-4.64645618368374	D:0.00000451393625192642	D:0.000560784311310322	D:1.03379015143291	D:0.356551018800926	D:0.959270072771647	D:0.033000882406959	D:-0.017643007089487	D:0.0374210360465557	D:7.87533019341249	N:	N:	N:	N:	N:	N:	N:	N:
S:UBE2K	D:-0.00800613788948029	D:0.440806452014741	D:0.817365013300171	D:-0.0499538152004185	D:-3.81687569783227	D:0.000155589466648005	D:0.00238460687668131	D:-0.0462342689621288	D:-3.52140639064251	D:0.00047583042317587	D:0.00810997239784825	D:0.254719803551276	D:0.775252176236539	D:0.989364001696824	D:-0.00999525707753705	D:-0.00774342726009438	D:0.0126438059846878	D:15.4823128031727	N:	N:	N:	N:	N:	N:	N:	N:
S:C11ORF92	D:-0.00177633824562996	D:0.441801572419316	D:0.817481661226913	D:-0.0810826806923745	D:-2.63836373761895	D:0.00864181213646168	D:0.039235513698559	D:-0.0925955301435939	D:-2.91246293645352	D:0.00377533491573824	D:0.029450626582212	D:0.0450414935103928	D:0.955962387996934	D:0.996760838460121	D:0.0134645688325743	D:-0.0008365593559998	D:0.0134905316946087	D:6.23701607183458	N:	N:	N:	N:	N:	N:	N:	N:
S:ABL2	D:-0.00443509454133386	D:0.444012156797593	D:0.818756922070694	D:-0.0786535513848268	D:-2.93143254600766	D:0.0035592761929282	D:0.0209367297068061	D:-0.0794668329495292	D:-2.97313781682196	D:0.00311581078571448	D:0.0260486381005848	D:1.36301329889068	D:0.257007320450469	D:0.93788941593172	D:0.0622648376144614	D:-0.00396988363996774	D:0.0623912652481911	D:6.24320855279025	N:	N:	N:	N:	N:	N:	N:	N:
S:COPB2	D:-0.00878908759077205	D:0.444539491468436	D:0.819172570632134	D:-0.0677600343843453	D:-4.22253319080607	D:0.0000296647234234746	D:0.00075047889910835	D:-0.0659186147533664	D:-4.10994667726153	D:0.0000475232250133224	D:0.00209835737393119	D:1.13605296679872	D:0.322059127129049	D:0.956911684216668	D:-0.0118428683064218	D:-0.0291277880058153	D:0.0314433071389599	D:13.4750554247659	N:	N:	N:	N:	N:	N:	N:	N:
S:RSU1	D:-0.0117525267129182	D:0.444666368476045	D:0.819172570632134	D:-0.0745584383537982	D:-3.63429768475061	D:0.000313456434847111	D:0.00391139986803793	D:-0.0771340680971191	D:-3.78769560566586	D:0.000174018257173597	D:0.00430664533334904	D:2.3732191374421	D:0.094416914393001	D:0.867885582684249	D:-0.000174274168895698	D:-0.057491584121577	D:0.0574918482595082	D:12.0115786729771	N:	N:	N:	N:	N:	N:	N:	N:
S:SLTM	D:-0.0169769841946528	D:0.44702643426686	D:0.820552961551336	D:-0.0619559194285735	D:-3.17790755356264	D:0.00159360952748654	D:0.0119864217769879	D:-0.0644465205123482	D:-3.29627749052639	D:0.00106215698902416	D:0.0133012469212275	D:1.29110434038719	D:0.276045645208072	D:0.944820426470376	D:-0.000429303826654707	D:-0.040703414793314	D:0.0407056786899832	D:12.0402855395135	N:	N:	N:	N:	N:	N:	N:	N:
S:KLHL25	D:-0.00987589240996185	D:0.447676581849483	D:0.821204497595286	D:-0.0911547538395429	D:-4.1668193678984	D:0.0000375535472877131	D:0.000875696739318858	D:-0.0638147795873117	D:-2.74764121145698	D:0.00625856335536914	D:0.0404962207043935	D:0.659663075459601	D:0.517555264126796	D:0.972886610373122	D:0.0354112143457277	D:-0.0125836724927368	D:0.0375806188725457	D:7.30420645614051	N:	N:	N:	N:	N:	N:	N:	N:
S:MRPS6	D:-0.0114988541561868	D:0.448349997805146	D:0.82157760086282	D:-0.0814934671427457	D:-4.88873424897198	D:0.0000014495601330509	D:0.000107272339634807	D:-0.0669565849408893	D:-3.81372989209158	D:0.000157207978111772	D:0.00407427201628931	D:0.0944664721716713	D:0.90987738247208	D:0.993679870948802	D:0.00876230789787988	D:-0.00594994196376681	D:0.0105914989056999	D:8.27853356371082	N:	N:	N:	N:	N:	N:	N:	N:
S:C9ORF3	D:-0.00381222424830698	D:0.453930736143077	D:0.824549745899986	D:-0.2045242457635	D:-4.09322679048896	D:0.0000510733566524448	D:0.00108518152291619	D:-0.197344866244986	D:-3.95940786766391	D:0.0000881011747393883	D:0.00293224888359314	D:0.949141571323746	D:0.387893926178405	D:0.960227634080898	D:0.0969156331892243	D:-0.0056476790804569	D:0.0970800506564768	D:6.22233952036845	N:	N:	N:	N:	N:	N:	N:	N:
S:ISCU	D:-0.0111731211153892	D:0.455033355511837	D:0.825595291748479	D:-0.0559185605087483	D:-2.92431668658844	D:0.00363997252027903	D:0.0212451323234088	D:-0.0564648851078686	D:-2.95286950316607	D:0.00332337600030175	D:0.0270880044972181	D:2.14823571585932	D:0.117958160975836	D:0.886205468523186	D:-0.0227607913912353	D:-0.0464326170212287	D:0.0517111356304948	D:13.740907916988	N:	N:	N:	N:	N:	N:	N:	N:
S:BTG1	D:-0.0113475949844094	D:0.455109176347766	D:0.825615671879503	D:-0.0792210953021275	D:-3.76812671608961	D:0.00018810814007688	D:0.00274725049719156	D:-0.0822937564364942	D:-3.92898107616995	D:0.0000995760615135529	D:0.00312728951230698	D:1.56132162528761	D:0.211062540614398	D:0.927560151843468	D:-0.0512778956729137	D:0.0104486574770719	D:0.0523316063934158	D:18.7678147696888	N:	N:	N:	N:	N:	N:	N:	N:
S:BPTF	D:-0.00991148464608407	D:0.455235470578234	D:0.825791107749805	D:-0.0872449101167636	D:-4.50148428565753	D:0.0000087620126864525	D:0.000328634337631417	D:-0.0790610874444876	D:-4.00802912212539	D:0.0000723279657689607	D:0.00262156082944749	D:1.4552422969221	D:0.234506781144497	D:0.932707338252518	D:-0.0150637889181619	D:-0.0410346042518464	D:0.0437122006158074	D:13.3438779011084	N:	N:	N:	N:	N:	N:	N:	N:
S:RIOK1	D:-0.0123806320419193	D:0.458814004825137	D:0.828245189487715	D:-0.0810892452174684	D:-4.65849840784667	D:0.00000428749566777972	D:0.000207895664625517	D:-0.0671957317486007	D:-3.60981749948275	D:0.000343028423618194	D:0.00668750794424783	D:1.06824765380778	D:0.34453297672861	D:0.957290336661063	D:0.0217337700746124	D:-0.029553195613827	D:0.0366844399254677	D:9.57791974385101	N:	N:	N:	N:	N:	N:	N:	N:
S:DROSHA	D:-0.0126788135860946	D:0.460474615492759	D:0.829097898097084	D:-0.108516697724999	D:-4.57878441796835	D:0.00000617858209496394	D:0.000266663303840885	D:-0.089624141928393	D:-3.5848791633403	D:0.000376455169899429	D:0.00704304218817197	D:3.87780854352304	D:0.0214340971870842	D:0.730351563745367	D:0.00824942712405483	D:-0.0900889714333332	D:0.0904658820870665	D:11.6512019353003	N:	N:	N:	N:	N:	N:	N:	N:
S:ZFP91	D:-0.0109887953625523	D:0.461151153085146	D:0.829278588154514	D:-0.0542206483246259	D:-3.24354063579226	D:0.00127529905643	D:0.0103233715251445	D:-0.0573442682679777	D:-3.43307207699156	D:0.000655455107630131	D:0.00984492564043073	D:0.331683599019938	D:0.717900411340459	D:0.988438761294391	D:-0.0103650015751155	D:-0.0146198009200175	D:0.0179212677172429	D:14.3557000227556	N:	N:	N:	N:	N:	N:	N:	N:
S:PGRMC2	D:-0.011837166035829	D:0.462653691856469	D:0.830182881555488	D:-0.0536745723960979	D:-5.10090999109081	D:0.000000513742630889576	D:0.0000580291604058567	D:-0.0412771960242558	D:-3.64719377692022	D:0.000298107708613004	D:0.00609335445068891	D:1.02596113455407	D:0.359339818679783	D:0.959270072771647	D:0.00303193336501986	D:-0.0208903282475957	D:0.0211092025956031	D:11.4494663619027	N:	N:	N:	N:	N:	N:	N:	N:
S:RFC5	D:-0.00901754630823484	D:0.463143517276221	D:0.830230429017294	D:-0.069187098436841	D:-3.1317871804906	D:0.00185958727106665	D:0.0133038573262054	D:-0.0667800026151067	D:-3.01688034296535	D:0.00270768203278534	D:0.023673742551525	D:0.470614850895325	D:0.62494395298081	D:0.984208797062414	D:-0.00274820805911197	D:-0.0276558394583912	D:0.0277920510881165	D:12.3783299320172	N:	N:	N:	N:	N:	N:	N:	N:
S:BRCA1	D:-0.00660479053862174	D:0.464255709290893	D:0.830505039579971	D:-0.0711081622157838	D:-2.83566854275434	D:0.00479509466496334	D:0.0260208122321712	D:-0.0813506319927102	D:-3.16712212929023	D:0.0016508120748767	D:0.0174059784728344	D:1.8148112656669	D:0.164131371439623	D:0.904991853640427	D:-0.00885413982245264	D:0.0630874325153256	D:0.0637057292036697	D:23.4673922683433	N:	N:	N:	N:	N:	N:	N:	N:
S:MRS2	D:-0.00977728350840702	D:0.468054870109065	D:0.832980254088329	D:-0.0926640705354448	D:-3.51104477175389	D:0.000494933332127304	D:0.00537171809452372	D:-0.0819421225096847	D:-3.0509085853473	D:0.00242475429791901	D:0.0221053638495929	D:1.77102208465287	D:0.171415277497116	D:0.910856895297201	D:-0.033991769283227	D:-0.0568651916869642	D:0.0662502106004148	D:14.0579545149581	N:	N:	N:	N:	N:	N:	N:	N:
S:PRKCQ	D:-0.0180540177040696	D:0.470407933387949	D:0.833700109883221	D:-0.0755635360120642	D:-3.6504411812232	D:0.000294969661367761	D:0.00376484940639057	D:-0.0608245957251116	D:-2.80504437979602	D:0.00526237891804126	D:0.0360435143489115	D:0.61677118844801	D:0.540167604693096	D:0.976081273181508	D:0.0267465133173281	D:-0.0198654462974985	D:0.0333168415554777	D:8.44015946219833	N:	N:	N:	N:	N:	N:	N:	N:
S:ALG9	D:-0.00476510300999094	D:0.470694760237304	D:0.833975874603491	D:-0.0757895728678805	D:-3.75988426510905	D:0.000194203776486832	D:0.00279244738508401	D:-0.0695603515771231	D:-3.39367428587879	D:0.000754465788600244	D:0.010729997070624	D:1.43624640271788	D:0.238973279177873	D:0.932707338252518	D:-0.0189408680091914	D:-0.0411174148462423	D:0.0452702803678042	D:13.6488874099235	N:	N:	N:	N:	N:	N:	N:	N:
S:CCNE1	D:-0.0101668207229223	D:0.471351512556686	D:0.834431034211844	D:-0.103931963800595	D:-3.78059009555702	D:0.000179232715487763	D:0.00266543873161824	D:-0.0891525203737876	D:-3.17099045358382	D:0.00162949346273333	D:0.0172444765359328	D:1.74655303319611	D:0.175626024524522	D:0.912754718498854	D:-0.072228113554702	D:-0.0140873758590219	D:0.0735890925767146	D:17.2642386418687	N:	N:	N:	N:	N:	N:	N:	N:
S:FAF2	D:-0.00841173504375036	D:0.47324860768557	D:0.834859998413919	D:-0.053390925192277	D:-3.40281372462706	D:0.000731271701495133	D:0.00699057224983825	D:-0.0544564527309594	D:-3.49245314585569	D:0.000528886363965214	D:0.0086702755354398	D:0.457070654666601	D:0.63344716835803	D:0.984208797062414	D:-0.00191047329346422	D:-0.0191986110012681	D:0.0192934334057745	D:12.3788568327295	N:	N:	N:	N:	N:	N:	N:	N:
S:ZBTB2	D:-0.00945553774981474	D:0.473528773063115	D:0.835049527055492	D:-0.0681793134681288	D:-4.21848283412861	D:0.0000301802955454449	D:0.000755966799157358	D:-0.0613245728037222	D:-3.74194275544513	D:0.000207742280312837	D:0.00479278854733547	D:0.642007876250104	D:0.526745483421815	D:0.97536435694998	D:-0.0191723069980293	D:-0.0160056367144997	D:0.0249751428877439	D:15.3429215583008	N:	N:	N:	N:	N:	N:	N:	N:
S:HNRNPD	D:-0.0166443372637716	D:0.476898109016914	D:0.836302945749933	D:-0.0527481169906227	D:-3.35634646887784	D:0.000862033901846162	D:0.00782605537023151	D:-0.0542805625605366	D:-3.4672323018832	D:0.000579561506488186	D:0.00919254171938769	D:3.6434529048108	D:0.0269842730926706	D:0.760239372616719	D:0.00757506560979306	D:-0.054488343278406	D:0.0550123729011764	D:11.4723578879377	N:	N:	N:	N:	N:	N:	N:	N:
S:SYNC	D:-0.00885229565887216	D:0.477686921627241	D:0.836847823316677	D:-0.0951252000656628	D:-2.89681058947843	D:0.00396784691872996	D:0.0226249479541588	D:-0.0954924852220731	D:-2.91051494183799	D:0.00379847816958994	D:0.0295368332319766	D:1.08865164684638	D:0.337609221970887	D:0.95707960515839	D:-0.0460317544313895	D:-0.0453911566607443	D:0.064647347347219	D:15.0267642231884	N:	N:	N:	N:	N:	N:	N:	N:
S:HSPA9	D:-0.0114197260893338	D:0.483057093925228	D:0.839993479088727	D:-0.0905764302595111	D:-3.48067039202615	D:0.000552796555825932	D:0.00580451235754676	D:-0.0877460353024247	D:-3.36173697442864	D:0.000844775131704841	D:0.0115600496138966	D:5.72803819527755	D:0.00351039346507567	D:0.619506875420677	D:0.0074406293717989	D:-0.114446658643778	D:0.114688275949087	D:11.7520140066454	N:	N:	N:	N:	N:	N:	N:	N:
S:GPHN	D:-0.00588495739581126	D:0.483269237948064	D:0.839993479088727	D:-0.0844081443688987	D:-3.20175702961616	D:0.0014702957296933	D:0.0113447774569299	D:-0.0812521852463095	D:-3.07993926433749	D:0.00220512439085506	D:0.0207980861581469	D:0.0175616597274106	D:0.982592362093302	D:0.998636753195264	D:0.00395391870561372	D:-0.00536734810860959	D:0.00666647574431926	D:9.57482369498508	N:	N:	N:	N:	N:	N:	N:	N:
S:GOLGA5	D:-0.00694306579528645	D:0.483823266278297	D:0.84008382243544	D:-0.0533709542449414	D:-2.54387150500541	D:0.0113222082314106	D:0.047590292761883	D:-0.0553578883798825	D:-2.63913247413147	D:0.00861809866796384	D:0.0498981529098315	D:1.12150121690109	D:0.326754733784729	D:0.956911684216668	D:0.0364678852387886	D:-0.0239848432104426	D:0.0436483603084809	D:8.22218842637536	N:	N:	N:	N:	N:	N:	N:	N:
S:RBBP4	D:-0.0118136018679567	D:0.483963602976306	D:0.840222950924901	D:-0.0565423911085992	D:-3.41978289820555	D:0.000688314660401955	D:0.00671510573086101	D:-0.0473455814345362	D:-2.77426566589742	D:0.00577706245217152	D:0.0382417267540257	D:0.60344279095599	D:0.547394431370477	D:0.977958477099463	D:0.0140045240958419	D:-0.0209256324591253	D:0.0251795311506274	D:9.74716660180743	N:	N:	N:	N:	N:	N:	N:	N:
S:PARP16	D:-0.0136121363244613	D:0.48778140068913	D:0.841599533676717	D:-0.0694892745285651	D:-2.96312499894183	D:0.00321933948055649	D:0.0195622279494653	D:-0.0759113678466569	D:-3.23372108179727	D:0.00131742785628693	D:0.0151078977345675	D:0.0915124064181308	D:0.912568012182558	D:0.993836342604036	D:0.00558976093217898	D:0.0118399484939126	D:0.0130931206218158	D:1.68483172036372	N:	N:	N:	N:	N:	N:	N:	N:
S:NCOA7	D:-0.0122201041468922	D:0.488934571117128	D:0.842076503443053	D:-0.0494042912337367	D:-2.9198301705175	D:0.0036917058336849	D:0.0214509734451492	D:-0.0498028342043412	D:-2.95010126529183	D:0.00335268586479504	D:0.027241095419526	D:4.88293020133071	D:0.00800611421257415	D:0.662881684141537	D:-0.0345384958420677	D:-0.0598275700593598	D:0.0690814434869462	D:13.9998578847782	N:	N:	N:	N:	N:	N:	N:	N:
S:DHRS3	D:-0.0202635730210396	D:0.489811258404764	D:0.842565930482401	D:-0.0728103553993898	D:-3.64909225596101	D:0.000296474249290804	D:0.003766600813812	D:-0.055435439366375	D:-2.64464561154895	D:0.00848123663351324	D:0.049450310584874	D:0.156918980470016	D:0.854822922942964	D:0.991098228766629	D:-0.012936612375322	D:-0.00924152202405957	D:0.0158984800868043	D:15.63060943321	N:	N:	N:	N:	N:	N:	N:	N:
S:ZNF655	D:-0.00978958924086968	D:0.491370880957836	D:0.843584996465104	D:-0.0533545569051429	D:-3.09944412121031	D:0.00206990547684898	D:0.0143663086013188	D:-0.0590858983361458	D:-3.45555267365623	D:0.000604534669741783	D:0.00939047057346913	D:2.37039182638103	D:0.0946812765311638	D:0.867885582684249	D:-0.0317995179253277	D:-0.0377325553261443	D:0.0493452639239449	D:14.6748583720235	N:	N:	N:	N:	N:	N:	N:	N:
S:RNF103	D:-0.00819764355291901	D:0.491725579173901	D:0.843726848318183	D:-0.0611793538799622	D:-2.56116925044723	D:0.0107821244231768	D:0.0460512331381315	D:-0.0642005209592691	D:-2.67695945131896	D:0.00771756272988595	D:0.0464885614379474	D:0.0401619164542405	D:0.960637537829384	D:0.996760838460121	D:0.0000526303993168726	D:-0.00880944391420639	D:0.00880960112811473	D:11.9771800663907	N:	N:	N:	N:	N:	N:	N:	N:
S:NDC80	D:-0.0117995686553339	D:0.491868768688302	D:0.843920657410126	D:-0.153554251221272	D:-3.99108358684104	D:0.0000776731142775209	D:0.00147934729639087	D:-0.153940745052873	D:-3.96286789014756	D:0.0000868787345749767	D:0.00292202642397524	D:0.159286991205091	D:0.852802592692414	D:0.990866818204712	D:0.017354776078948	D:-0.0239105989508236	D:0.0295449656445486	D:9.60180852230742	N:	N:	N:	N:	N:	N:	N:	N:
S:TIGD2	D:-0.00824674179201456	D:0.492752129569323	D:0.844185236448123	D:-0.121895872745218	D:-3.83215048917947	D:0.000146545473662153	D:0.00230381745843292	D:-0.124085670086241	D:-3.89195296475968	D:0.000115452970226024	D:0.0033806887652027	D:1.56986111388519	D:0.209280947947831	D:0.927481751728524	D:0.0077630504409741	D:-0.0730332351511363	D:0.073444662085071	D:11.5955027633737	N:	N:	N:	N:	N:	N:	N:	N:
S:ULK4	D:-0.00890714405561316	D:0.493721455808981	D:0.844693308246404	D:-0.0961473546248301	D:-2.90864835678417	D:0.00382357421046309	D:0.022036011277576	D:-0.0885861307810884	D:-2.67618949088112	D:0.007735015155051	D:0.0465363088500159	D:0.85027038732386	D:0.428026585084937	D:0.966078042387016	D:-0.0496328520338872	D:-0.0314065258682195	D:0.0587349118338394	D:15.8450209016589	N:	N:	N:	N:	N:	N:	N:	N:
S:NFE2L3	D:-0.0146489122088407	D:0.495190626400666	D:0.845815672243234	D:-0.111704750291561	D:-3.11888671930976	D:0.00194099442244829	D:0.0137224934909776	D:-0.105925547945556	D:-2.93891824210485	D:0.00347351107488662	D:0.0279082907932663	D:1.82313643407756	D:0.162782149619642	D:0.90401925079832	D:-0.0516846580969956	D:-0.0744127830417278	D:0.0906011377556518	D:14.3188377083316	N:	N:	N:	N:	N:	N:	N:	N:
S:OTUD3	D:-0.0118335767118607	D:0.496038121099329	D:0.846342756034254	D:-0.0904544626930775	D:-3.79491821712733	D:0.000169517918143496	D:0.00255204132391529	D:-0.0742238485198011	D:-2.97316260929787	D:0.00311556431927112	D:0.0260486381005848	D:0.995101230907243	D:0.37054764212469	D:0.959270072771647	D:-0.00855805381123639	D:-0.0447738485442617	D:0.0455844030179238	D:12.721398072275	N:	N:	N:	N:	N:	N:	N:	N:
S:FAM178A	D:-0.0104107191536828	D:0.49682950322867	D:0.846606174712785	D:-0.0530239929451696	D:-3.65085898620663	D:0.000294505100528324	D:0.00376138834602874	D:-0.0424059582710416	D:-2.82571413012214	D:0.0049404562623534	D:0.0346274949148665	D:0.166305460145287	D:0.846842739407668	D:0.990538766746216	D:0.00875526304501074	D:-0.00801828910729961	D:0.011872135073169	D:8.83228216993867	N:	N:	N:	N:	N:	N:	N:	N:
S:RC3H1	D:-0.0109665658673728	D:0.500076745286977	D:0.849026215764921	D:-0.0405673265270181	D:-2.58670578488078	D:0.0100267877089604	D:0.0436571877497314	D:-0.043711413566915	D:-2.78152065743693	D:0.00565180097953519	D:0.0376806014810977	D:0.188001124527268	D:0.828682804966254	D:0.990538766746216	D:-0.00453092755478232	D:0.0118742220964557	D:0.0127093058387405	D:22.6076204281781	N:	N:	N:	N:	N:	N:	N:	N:
S:APPL2	D:-0.0137470996456126	D:0.500204702289484	D:0.849140152113588	D:-0.0554986819282824	D:-2.9191762444474	D:0.00369930191893606	D:0.0214823354525794	D:-0.0557575197972875	D:-2.91671777742619	D:0.00372523163867247	D:0.029223103754034	D:1.33739026733255	D:0.263634969659654	D:0.939907763028795	D:0.00445912694992986	D:0.0402123524327722	D:0.040458832179551	D:0.421843194216565	N:	N:	N:	N:	N:	N:	N:	N:
S:ZBTB39	D:-0.0109402004250189	D:0.500363168089507	D:0.849225860873748	D:-0.102131761200213	D:-2.67701355795485	D:0.00772054449440204	D:0.0361271934782352	D:-0.111441904884436	D:-2.94066023641886	D:0.00345443216183885	D:0.0278133740727207	D:2.83511340033312	D:0.0598254008536906	D:0.83656058396868	D:-0.0258331749394013	D:-0.113955645390893	D:0.116847088298787	D:12.8515191041183	N:	N:	N:	N:	N:	N:	N:	N:
S:THUMPD3	D:-0.00965270682756982	D:0.502894364362749	D:0.850495380539671	D:-0.0694258482164045	D:-3.68029981038965	D:0.000263447636561283	D:0.00347370463295819	D:-0.0573747819689302	D:-2.84051922964711	D:0.00472097467391213	D:0.0337612114145774	D:1.77425394898875	D:0.170866759493931	D:0.91041816731136	D:0.00606860260672383	D:-0.0491257226785313	D:0.0494991370256725	D:11.5305206904811	N:	N:	N:	N:	N:	N:	N:	N:
S:SENP5	D:-0.00801165958619784	D:0.5054263102164	D:0.851427348994431	D:-0.0495528690153056	D:-4.16045106706626	D:0.0000385731439157043	D:0.000893077968313718	D:-0.0426958529561586	D:-3.49504701212313	D:0.000523916536293966	D:0.00863225382438481	D:0.406615046986233	D:0.666159843394602	D:0.985706471962942	D:-0.0155596693058468	D:0.000346760050646786	D:0.0155635327429229	D:18.0851114883988	N:	N:	N:	N:	N:	N:	N:	N:
S:S1PR1	D:-0.0198133206739014	D:0.506198041813533	D:0.851603805418928	D:-0.089806064915636	D:-4.16572415129348	D:0.0000377270491308169	D:0.000877647936982492	D:-0.0754263513454166	D:-3.25360164872192	D:0.00123071965036976	D:0.0145313249122055	D:1.94020652981908	D:0.144947640003516	D:0.893013200900893	D:0.030636542212255	D:-0.0527454927432115	D:0.0609974157112205	D:9.99002587571867	N:	N:	N:	N:	N:	N:	N:	N:
S:SS18L1	D:-0.00923264505836889	D:0.50828189927904	D:0.852783028426619	D:-0.0700740223057424	D:-3.52742332993226	D:0.000466134751042835	D:0.00514037199217157	D:-0.0550558057422623	D:-2.69117149907675	D:0.00740171975087848	D:0.0453587020551464	D:0.49126258432999	D:0.612201188828426	D:0.984208797062414	D:-0.0273534280161571	D:0.00838773813002864	D:0.0286105605532822	D:19.1365195503112	N:	N:	N:	N:	N:	N:	N:	N:
S:ZNF70	D:-0.00301284494491776	D:0.510036827636294	D:0.85378143977474	D:-0.118977837109953	D:-4.46116906816825	D:0.0000104925480166839	D:0.000373469728222259	D:-0.0987356439723572	D:-3.58348233098701	D:0.000378415002832944	D:0.00706941450321086	D:0.785820680479936	D:0.456408069381859	D:0.967692421145506	D:-0.0448108323754751	D:-0.0167251217044167	D:0.0478303292295848	D:16.6354997607214	N:	N:	N:	N:	N:	N:	N:	N:
S:SON	D:-0.0120444230061776	D:0.510096936877241	D:0.85378143977474	D:-0.0569773188402809	D:-3.51067378102865	D:0.000495604534157538	D:0.00537171809452372	D:-0.0609712974363801	D:-3.77730982886317	D:0.000181186429699643	D:0.0044257050284509	D:1.61042386657899	D:0.201022492460382	D:0.926244298903048	D:-0.0206415110554828	D:-0.0319641374308212	D:0.0380496788468712	D:14.1902132790637	N:	N:	N:	N:	N:	N:	N:	N:
S:DMRTC1	D:-0.0045347785206448	D:0.510359497998622	D:0.853849667808048	D:-0.13456575403802	D:-4.2758725200925	D:0.0000236123333015261	D:0.000650331771793488	D:-0.110604503030266	D:-3.36200008099088	D:0.000843991686714325	D:0.0115574222495337	D:2.031779228858	D:0.13237644098412	D:0.892106772592489	D:-0.0180023508654848	D:-0.0839481850955276	D:0.0858567552235523	D:12.8069024153177	N:	N:	N:	N:	N:	N:	N:	N:
S:SMYD3	D:-0.00864889838969446	D:0.511095220780987	D:0.854184739704166	D:-0.0840766479536227	D:-5.33814923689141	D:0.000000154379253662251	D:0.0000253506302169248	D:-0.0688135438049503	D:-4.08854205633875	D:0.0000519432020939747	D:0.00219701755869774	D:0.821857627082205	D:0.440313276696775	D:0.966218251830967	D:0.00300043832686279	D:-0.0278934383758985	D:0.0280543496553272	D:11.5906947521896	N:	N:	N:	N:	N:	N:	N:	N:
S:HDAC1	D:-0.0108433405256077	D:0.511435940608086	D:0.854184739704166	D:-0.0726119932088571	D:-4.40169842572222	D:0.0000136548074883915	D:0.000444714321884432	D:-0.0640445171624551	D:-3.84760332737044	D:0.000137624159317229	D:0.00373112189081191	D:0.213659612912115	D:0.807710135973756	D:0.990538766746216	D:-0.0029167923373493	D:-0.0137811032732627	D:0.0140863936111253	D:12.7966920583343	N:	N:	N:	N:	N:	N:	N:	N:
S:GRIK3	D:-0.00028630424136386	D:0.512270981963396	D:0.854397221620557	D:-0.082287846560548	D:-2.8025245050857	D:0.00530630011204425	D:0.0279112814238107	D:-0.102971049337269	D:-3.45411098650188	D:0.000607686011654108	D:0.00942443837597851	D:0.70057877148446	D:0.496871502482206	D:0.971534152892322	D:-0.03145814442554	D:-0.034784982742793	D:0.0468999986685985	D:14.8083285127201	N:	N:	N:	N:	N:	N:	N:	N:
S:ZC4H2	D:-0.0108265500340339	D:0.513254084804944	D:0.854791625238795	D:-0.0659943426824449	D:-3.68305930862857	D:0.000260700245906244	D:0.00344911544025315	D:-0.0504194656177357	D:-2.63946089248378	D:0.00860989061590822	D:0.0498801875260785	D:2.13665484129982	D:0.119318335909818	D:0.888724539846668	D:-0.0146780643025199	D:-0.0490498431951972	D:0.0511989520316807	D:13.1106469215336	N:	N:	N:	N:	N:	N:	N:	N:
S:SECISBP2	D:-0.0118740502515325	D:0.516959561792574	D:0.856332207824247	D:-0.062031062932315	D:-4.34110163120882	D:0.0000178052182159722	D:0.000535279644858943	D:-0.0584589232430643	D:-4.05990343417372	D:0.000058471287616826	D:0.00233585019199981	D:1.33850547780362	D:0.263342966742649	D:0.939907763028795	D:-0.0277658431818377	D:-0.0162213318462894	D:0.0321570156336972	D:15.9803811927862	N:	N:	N:	N:	N:	N:	N:	N:
S:PAPD7	D:-0.0141558385146203	D:0.519045238383481	D:0.857336160959648	D:-0.0845807634812269	D:-3.31524984261706	D:0.000995497976716027	D:0.00862279519636874	D:-0.0758144043441862	D:-2.90996425267374	D:0.00380504407820912	D:0.0295632077436742	D:0.336063161260203	D:0.714768118426422	D:0.987963002548223	D:0.0178735137566572	D:-0.0226884073779568	D:0.0288829763590516	D:9.45130697618527	N:	N:	N:	N:	N:	N:	N:	N:
S:TPR	D:-0.011302729606571	D:0.51989460772297	D:0.857470284378334	D:-0.070955737035711	D:-4.0477409922782	D:0.0000616235372485973	D:0.00124142839316993	D:-0.067401786744276	D:-3.79673692069317	D:0.00016799676052984	D:0.00425787898510194	D:3.87914921684943	D:0.0214058958681994	D:0.730351563745367	D:-0.0146754051315223	D:-0.0623298968476812	D:0.0640342373798337	D:12.8832556818495	N:	N:	N:	N:	N:	N:	N:	N:
S:DAD1	D:-0.0117318789802535	D:0.52047560086092	D:0.857525030698245	D:-0.0464806176110437	D:-3.57029306161296	D:0.000398009889873643	D:0.00459935615495024	D:-0.0348316672120309	D:-2.6398664163181	D:0.00859976516819715	D:0.0498542259670393	D:0.592305862166494	D:0.553507462965387	D:0.977958477099463	D:-0.0164825371185442	D:0.0112053309084995	D:0.0199307167616512	D:20.2806039621532	N:	N:	N:	N:	N:	N:	N:	N:
S:GRSF1	D:-0.00719610302012309	D:0.521906089070608	D:0.858279691232592	D:-0.088199413407581	D:-3.44262105469153	D:0.000634209077659249	D:0.00638489417132374	D:-0.0856303755910388	D:-3.33673029494765	D:0.000922403812734156	D:0.0121870810714254	D:2.25542708753852	D:0.106084970405415	D:0.87220229631552	D:0.0361932462577275	D:-0.0631293708703311	D:0.072768595844336	D:10.0115698747676	N:	N:	N:	N:	N:	N:	N:	N:
S:NVL	D:-0.00941358249652305	D:0.524846416782349	D:0.859853456937977	D:-0.0834633995375875	D:-4.31659426181718	D:0.0000198055454667639	D:0.0005776420357702	D:-0.064259771074651	D:-3.11560573089842	D:0.001960377486006	D:0.0192888904602433	D:0.899310053964063	D:0.407624802706798	D:0.96415212136371	D:-0.00658837897499835	D:-0.0351895666782883	D:0.0358010103282561	D:12.7069635155303	N:	N:	N:	N:	N:	N:	N:	N:
S:SPCS2	D:-0.0105411172648733	D:0.525627413846972	D:0.859956020178448	D:-0.0897661858042519	D:-4.29342357833218	D:0.0000218929719206415	D:0.00061888391834376	D:-0.0716743856934679	D:-3.31906382514859	D:0.000981189947855637	D:0.0126824490597413	D:0.269024601455664	D:0.764254779036584	D:0.989044741352382	D:0.0186285990663625	D:-0.0117740594813548	D:0.0220375402403663	D:8.15297409839429	N:	N:	N:	N:	N:	N:	N:	N:
S:ACO1	D:-0.011043506428614	D:0.527053652907274	D:0.860590151093547	D:-0.0893439584962134	D:-3.83794544605506	D:0.000143246185711052	D:0.0022662951076102	D:-0.0828613645920008	D:-3.53923646530274	D:0.000445681174879095	D:0.00777594271277892	D:2.48765252183752	D:0.0843170231318293	D:0.860742263980279	D:-0.00216636061195178	D:-0.067599189374513	D:0.0676338932961299	D:12.1223691733	N:	N:	N:	N:	N:	N:	N:	N:
S:TSFM	D:-0.00870451505147523	D:0.527248492629214	D:0.860707848694166	D:-0.104408542537997	D:-5.88495722517429	D:0.0000000081748692231039	D:0.00000319205505763348	D:-0.087342626473739	D:-4.57010693383732	D:0.00000640274031661809	D:0.000679977981125186	D:2.91759576997513	D:0.0551497380327102	D:0.83656058396868	D:0.00760062636095808	D:-0.0595860426601215	D:0.0600688438458134	D:11.5153845968603	N:	N:	N:	N:	N:	N:	N:	N:
S:TSN	D:-0.00941832990536034	D:0.529164786679679	D:0.860713864224597	D:-0.0628256385463559	D:-3.11686048854817	D:0.00195407517163802	D:0.0137950082835905	D:-0.05767530377884	D:-2.79882444520079	D:0.00536290830592906	D:0.0365642942874083	D:0.452809752230032	D:0.636146179499807	D:0.984731703218706	D:-0.00248967860518163	D:-0.0252565312964824	D:0.0253789454605051	D:12.3753186466848	N:	N:	N:	N:	N:	N:	N:	N:
S:TMEM117	D:-0.00640732322123708	D:0.532086809728093	D:0.862420903613562	D:-0.111250321231778	D:-3.79148840610178	D:0.000171797093322064	D:0.00257951704403546	D:-0.0986805244955625	D:-3.27183636672487	D:0.00115587012289432	D:0.0139167332541454	D:1.90797624283144	D:0.14965205932819	D:0.894957054822148	D:0.0546020109639855	D:-0.0588064515163029	D:0.0802469833778846	D:9.14154524190526	N:	N:	N:	N:	N:	N:	N:	N:
S:RHBDD1	D:-0.00730456527756479	D:0.53505595154771	D:0.864636241747661	D:-0.0488405657223488	D:-3.46019346827547	D:0.000595310136794503	D:0.00611295606048417	D:-0.0413297324559248	D:-2.84859575937878	D:0.00460501211618524	D:0.0333036794087253	D:2.83911421041996	D:0.0595896769961685	D:0.83656058396868	D:0.00912354526090821	D:-0.0442138317584079	D:0.0451453430254842	D:11.2227091688246	N:	N:	N:	N:	N:	N:	N:	N:
S:CENPJ	D:-0.00860547202690697	D:0.535505571569031	D:0.864679688322755	D:-0.0883513460957653	D:-3.763211428112	D:0.000191721112979828	D:0.00277307347797099	D:-0.080841647547766	D:-3.37053396867157	D:0.000818944275096721	D:0.0112935709807093	D:2.85469683382621	D:0.0586804251332348	D:0.83656058396868	D:-0.0446018757789851	D:-0.0610064277454577	D:0.0755718965572902	D:14.4113723010621	N:	N:	N:	N:	N:	N:	N:	N:
S:DNAJC18	D:-0.00540046412468119	D:0.540202628012286	D:0.866111583284003	D:-0.109392583200158	D:-4.17586812321959	D:0.0000361488658578276	D:0.000852395885419209	D:-0.0954824098375482	D:-3.58115387125442	D:0.000381703248600091	D:0.007110451078069	D:0.201398173344266	D:0.817664986653865	D:0.990538766746216	D:-0.0197585229577103	D:-0.0119078507802397	D:0.0230693766642019	D:15.9282619788598	N:	N:	N:	N:	N:	N:	N:	N:
S:SAR1B	D:-0.0058781243700189	D:0.540747754544861	D:0.866525224168747	D:-0.0602206914211471	D:-2.78698148744968	D:0.00556264016721611	D:0.0287861118266514	D:-0.0622336296429322	D:-2.89616275263138	D:0.00397301806548129	D:0.0303031795540867	D:0.947799992199655	D:0.388412345060698	D:0.960227634080898	D:-0.0393978819337109	D:-0.011919094109843	D:0.0411613642298444	D:16.8778525861609	N:	N:	N:	N:	N:	N:	N:	N:
S:SIDT1	D:-0.0125160093544481	D:0.54080461287098	D:0.866541695084764	D:-0.0616728299247203	D:-2.81768562225238	D:0.00506662258939477	D:0.0270141533477117	D:-0.0588076877477712	D:-2.68539875306557	D:0.00752858039811281	D:0.0457959905112191	D:2.44995581453218	D:0.0875181835868424	D:0.860742263980279	D:-0.00841176895291682	D:-0.0621610391915276	D:0.0627276067635924	D:12.5137718406906	N:	N:	N:	N:	N:	N:	N:	N:
S:TRAF3IP1	D:-0.0068276028755384	D:0.541027737653908	D:0.866625582984422	D:-0.0727845541044706	D:-3.58735798295957	D:0.000373585137804805	D:0.00439857167314805	D:-0.0585114893456497	D:-2.75149544392464	D:0.00618668655896862	D:0.0402698551573351	D:1.0347937880886	D:0.356195086138737	D:0.959270072771647	D:0.00696524663436645	D:-0.0392786998631658	D:0.0398914893632491	D:11.3296225093337	N:	N:	N:	N:	N:	N:	N:	N:
S:SPRYD7	D:-0.00683127049135435	D:0.541076402736392	D:0.866653796291116	D:-0.0883259989357408	D:-3.108722905968	D:0.00200743129264315	D:0.0140599336521649	D:-0.088089296855814	D:-3.1055439104253	D:0.00202675835223663	D:0.0197059184087769	D:1.17802692797356	D:0.308891169845719	D:0.956911684216668	D:-0.038674814063778	D:-0.0430254696665798	D:0.0578526774047457	D:14.7967865230499	N:	N:	N:	N:	N:	N:	N:	N:
S:HOXB6	D:-0.000752191533403297	D:0.541556481954277	D:0.86690434763406	D:-0.162304756912668	D:-3.79738499218672	D:0.000167896378629179	D:0.00253153019659937	D:-0.153996935041784	D:-3.60231722565628	D:0.000352776595454127	D:0.00678504670449714	D:0.889480250786449	D:0.411634434381174	D:0.96415212136371	D:0.0744754652951665	D:-0.0297375566673134	D:0.0801929997410823	D:7.45109977178754	N:	N:	N:	N:	N:	N:	N:	N:
S:ACSBG2	D:-0.00133498034848642	D:0.544082996526306	D:0.867239088123884	D:-0.236970957930434	D:-4.2368855450882	D:0.0000279046050494692	D:0.000722230314267122	D:-0.223279539111307	D:-3.99993343936729	D:0.0000747535546758478	D:0.00267538317201601	D:0.0131965503183328	D:0.98689054768046	D:0.998940164677581	D:0.000633307600845803	D:-0.0117516653680213	D:0.0117687177483037	D:11.7943509272422	N:	N:	N:	N:	N:	N:	N:	N:
S:NOP56	D:-0.0126660760099251	D:0.547007018191499	D:0.869008850871071	D:-0.0729815534749595	D:-4.60978141711752	D:0.00000536355236789197	D:0.000241495799126675	D:-0.0575389166437393	D:-3.27533002378004	D:0.00114202043088438	D:0.0138266550433158	D:2.99809896663262	D:0.0509404063975155	D:0.835594823583134	D:0.0145606136784659	D:-0.0544399593803485	D:0.0563535327022852	D:11.0017369313381	N:	N:	N:	N:	N:	N:	N:	N:
S:PDSS2	D:-0.00705884853515488	D:0.547267946990269	D:0.869089524921673	D:-0.0622000986998499	D:-3.27807605006083	D:0.00113251834414493	D:0.00945230850837132	D:-0.0584844051712202	D:-3.08079957916057	D:0.00219890409001519	D:0.0207779423708834	D:1.10971187310532	D:0.330609352413001	D:0.95707960515839	D:-0.00696957897826851	D:-0.0359362112960696	D:0.0366058234909431	D:12.7317238605026	N:	N:	N:	N:	N:	N:	N:	N:
S:FMN1	D:-0.00671193329739225	D:0.548737101520206	D:0.869734836390076	D:-0.157556474809333	D:-3.41770195459033	D:0.000693452911893209	D:0.00675263269377288	D:-0.14025756031787	D:-3.00819750455749	D:0.00278456933990727	D:0.0241300529805446	D:0.244563065270891	D:0.783156977711001	D:0.989364001696824	D:0.0221295689796025	D:0.0365784784826978	D:0.0427516422062612	D:2.07823116575475	N:	N:	N:	N:	N:	N:	N:	N:
S:MAGEH1	D:-0.0253536359932755	D:0.551799511881896	D:0.871078635142764	D:-0.101956542763825	D:-3.45630485811475	D:0.0006037210082328	D:0.0061572610761363	D:-0.0866667133136308	D:-2.84722513592127	D:0.00462450727467708	D:0.0333791532416992	D:2.11075318970336	D:0.122417800551503	D:0.888724539846668	D:0.000414807743291407	D:-0.0810564164685059	D:0.08105747785479	D:11.9804526883349	N:	N:	N:	N:	N:	N:	N:	N:
S:UBTF	D:-0.0197225359469539	D:0.552699501655277	D:0.871530994137291	D:-0.089178299399347	D:-6.25188142099868	D:0.00000000100215955412473	D:0.000000890145447597787	D:-0.0861242717304601	D:-5.90518422412584	D:0.00000000722907284570202	D:0.0000156959236086515	D:5.66278911120508	D:0.00374069071175889	D:0.619506875420677	D:0.0000144416439230097	D:-0.0636068635486204	D:0.0636068651880745	D:11.9991327505811	N:	N:	N:	N:	N:	N:	N:	N:
S:GFPT1	D:-0.00730855823959429	D:0.5536116028954	D:0.871846576128187	D:-0.0545396030443817	D:-3.9324422410736	D:0.0000984183929003242	D:0.00174353645079712	D:-0.0436160303686094	D:-3.10461403676847	D:0.00203299634451658	D:0.0197155243514633	D:1.67604029650092	D:0.188350581708196	D:0.921744746511297	D:0.0345723114293779	D:-0.0109936061009855	D:0.0362781489697796	D:7.1760052420824	N:	N:	N:	N:	N:	N:	N:	N:
S:ASXL1	D:-0.01259632038333	D:0.557541191099503	D:0.873580331690237	D:-0.0425483423772023	D:-2.77238221543433	D:0.00581357549536801	D:0.0295564534779637	D:-0.0411562283925558	D:-2.68108924262441	D:0.00762455716130338	D:0.0460988463765561	D:0.691903032383402	D:0.501186751166068	D:0.971534152892322	D:0.00970607826894186	D:-0.0218519750763726	D:0.0239105995345419	D:10.4033635806161	N:	N:	N:	N:	N:	N:	N:	N:
S:TAGAP	D:-0.0132275808789058	D:0.558634725071516	D:0.873972017277235	D:-0.0847378253494617	D:-4.12721167783362	D:0.0000443373312531432	D:0.000985504881911705	D:-0.0816504200178748	D:-3.98489603819578	D:0.0000794652490985684	D:0.00277291148684843	D:1.0848900746273	D:0.338875054211944	D:0.95707960515839	D:-0.0423108488438351	D:-0.00385205670764953	D:0.0424858361194035	D:17.6532019112867	N:	N:	N:	N:	N:	N:	N:	N:
S:FAIM	D:-0.00736192766445509	D:0.559299421761119	D:0.874561424245215	D:-0.10297945528535	D:-3.50483558108823	D:0.00050627990523762	D:0.00545381236397372	D:-0.0903177697177284	D:-2.98226103660074	D:0.00302631025850548	D:0.025490141707524	D:0.590636546855127	D:0.554429638304142	D:0.977958477099463	D:-0.0153880362204696	D:-0.0399166776224516	D:0.0427800515560373	D:13.4054564879424	N:	N:	N:	N:	N:	N:	N:	N:
S:SLC45A2	D:-0.00185566458875077	D:0.559901966371626	D:0.874746553588981	D:-0.215616281153411	D:-4.12601218429823	D:0.0000445599506410262	D:0.000985547128220567	D:-0.19462078862392	D:-3.74932115043436	D:0.000201916141196104	D:0.00474002852838963	D:1.57692608049299	D:0.207818411085041	D:0.927138374549935	D:0.0288907371457633	D:0.115856660952868	D:0.119404524956022	D:0.933470753090184	N:	N:	N:	N:	N:	N:	N:	N:
S:SAP18	D:-0.00873709977896481	D:0.561239704918264	D:0.875146826824287	D:-0.0593618608755177	D:-4.02314547202058	D:0.0000681599677527187	D:0.001337262981783	D:-0.0540118535638044	D:-3.63707832941575	D:0.000309686076078502	D:0.00625162769901861	D:0.312652634093694	D:0.731672454292783	D:0.988887668865741	D:-0.00291854987287065	D:-0.0149171387140261	D:0.0151999658148935	D:12.7380083890031	N:	N:	N:	N:	N:	N:	N:	N:
S:NKRF	D:-0.012899545766053	D:0.562629016141213	D:0.875598072962041	D:-0.0765579562951287	D:-3.93048664513937	D:0.00009919343532963	D:0.00174940335719882	D:-0.0722063652806799	D:-3.67371557579102	D:0.000269652379202197	D:0.0057549710298071	D:1.14407716469963	D:0.319498913356241	D:0.956911684216668	D:0.0176571214512637	D:-0.0353423176463385	D:0.0395076366612756	D:10.2302104832137	N:	N:	N:	N:	N:	N:	N:	N:
S:SERPINF2	D:-0.00831902197028773	D:0.565212450928081	D:0.877075475670118	D:-0.20871282831232	D:-3.93879624836282	D:0.000095939588171724	D:0.00171838266953589	D:-0.209890826380022	D:-3.95728762624035	D:0.0000888583041757529	D:0.00293224888359314	D:1.0361036105294	D:0.355731103758059	D:0.959270072771647	D:-0.0560477540201879	D:-0.0833102308052628	D:0.100408890480543	D:14.2620713912087	N:	N:	N:	N:	N:	N:	N:	N:
S:ZUFSP	D:-0.00733138071262573	D:0.565638628733322	D:0.877167852116764	D:-0.108183771473653	D:-2.7933398047433	D:0.00545645113012505	D:0.0284256229095637	D:-0.105397743463056	D:-2.69617553926015	D:0.00729331253154632	D:0.0450723023968839	D:0.280816649247667	D:0.755307111756479	D:0.988887668865741	D:-0.0133461418376525	D:-0.0356457898261501	D:0.0380623414187935	D:13.3684269996274	N:	N:	N:	N:	N:	N:	N:	N:
S:ADAMTS4	D:-0.00186071476376988	D:0.566655744799127	D:0.877668368089973	D:-0.119564055897563	D:-3.58289313157785	D:0.00037983609477552	D:0.00443922077033997	D:-0.108163173936782	D:-3.13648646580924	D:0.00182896620735568	D:0.0185207874220071	D:0.898977426623842	D:0.40775983963784	D:0.96415212136371	D:-0.0358930623693551	D:-0.0492820909054592	D:0.0609675029033038	D:14.4044364441773	N:	N:	N:	N:	N:	N:	N:	N:
S:SEPT11	D:-0.00843905721082612	D:0.566978168278832	D:0.877668368089973	D:-0.110780182930374	D:-4.58340004142425	D:0.00000605009683928329	D:0.000264243646787614	D:-0.0886517268136317	D:-3.40587246478105	D:0.000722412146391211	D:0.0104028413799784	D:2.53487318590648	D:0.0804725297548355	D:0.858260180148023	D:-0.00498651782123246	D:-0.0757041151432931	D:0.0758681646648346	D:12.2512362794641	N:	N:	N:	N:	N:	N:	N:	N:
S:PDCL3	D:-0.0101935942489968	D:0.568253311179127	D:0.878317520018587	D:-0.0823271790339628	D:-4.86865562593889	D:0.00000159607146341374	D:0.000114244807569846	D:-0.0658766750833283	D:-3.54648495901491	D:0.00043394390305942	D:0.00768088569717765	D:4.21321256804997	D:0.0154229852080244	D:0.71710010037883	D:0.026358542035658	D:-0.0661324934059568	D:0.0711918494094265	D:10.5512781238785	N:	N:	N:	N:	N:	N:	N:	N:
S:COL20A1	D:-0.000260093437407818	D:0.568624551986064	D:0.878365687731407	D:-0.259145697348125	D:-3.83264576774767	D:0.000146260710377158	D:0.00230119206238328	D:-0.247096111881093	D:-3.64543894532422	D:0.000300086712108028	D:0.00611469701908548	D:0.237007610040786	D:0.78908973155272	D:0.98944356115591	D:0.0498942455061486	D:0.0384323662539948	D:0.0629800167553886	D:3.49291890485186	N:	N:	N:	N:	N:	N:	N:	N:
S:PDE4D	D:-0.00906400417019352	D:0.57334936742421	D:0.880516586057157	D:-0.0818704529240618	D:-3.35206557881818	D:0.000875116474187499	D:0.00788775416148427	D:-0.0726591522001497	D:-2.91856905889395	D:0.0037036216845705	D:0.0291003101480467	D:0.910259598240428	D:0.403204603732655	D:0.963796907670492	D:-0.0463146397530333	D:0.0104491010054322	D:0.0474787275237551	D:18.8475806906547	N:	N:	N:	N:	N:	N:	N:	N:
S:EARS2	D:-0.00753059051640674	D:0.574604957177172	D:0.881283238008074	D:-0.109076186751827	D:-3.16068423456677	D:0.0016885300725087	D:0.012465268661463	D:-0.104627915590061	D:-3.02504678765865	D:0.0026371488299557	D:0.0233073384378853	D:0.282216027127694	D:0.754252290506424	D:0.988887668865741	D:-0.0040030575688134	D:-0.0333863920977327	D:0.0336255207722168	D:12.4558116286522	N:	N:	N:	N:	N:	N:	N:	N:
S:SEC63	D:-0.0070145919828599	D:0.575012961957371	D:0.881501250589379	D:-0.0573259636452884	D:-4.05777666374532	D:0.0000591314436123441	D:0.00120518524630248	D:-0.0550294117578195	D:-3.79210925811638	D:0.000171053766135709	D:0.00429898431802383	D:5.37101550707115	D:0.00497111519807043	D:0.627240251963999	D:0.0120634003652371	D:-0.060897084618316	D:0.062080436075968	D:11.2530042136438	N:	N:	N:	N:	N:	N:	N:	N:
S:C15ORF62	D:-0.00730248533040289	D:0.575160124844835	D:0.881580727641906	D:-0.160649009945025	D:-3.40030204928471	D:0.000737838288198085	D:0.00703665104425513	D:-0.149429396985969	D:-3.15735748666528	D:0.00170577649764737	D:0.0177076899943354	D:1.36138377957779	D:0.257423782314059	D:0.938022412574511	D:-0.103768079444775	D:-0.0320517470908668	D:0.108605381097044	D:16.8556797753727	N:	N:	N:	N:	N:	N:	N:	N:
S:TDRKH	D:-0.00789243872544624	D:0.57559253427602	D:0.881665430877174	D:-0.103132973599322	D:-3.47463057519847	D:0.000565031534709851	D:0.0058761475357984	D:-0.0998044736454779	D:-3.29098930555927	D:0.00108181410525339	D:0.0134366904542911	D:0.405419438640497	D:0.666955261825028	D:0.985706471962942	D:-0.00808959788707104	D:-0.0344258569212544	D:0.035363557778272	D:12.881586433725	N:	N:	N:	N:	N:	N:	N:	N:
S:HHEX	D:-0.00968093601596367	D:0.575918620644187	D:0.881765352072708	D:-0.0497500102255559	D:-2.65276040402991	D:0.00828770953958628	D:0.0381148816458121	D:-0.053266397840751	D:-2.8045392642937	D:0.00527047863201953	D:0.0360863430092129	D:0.0110100668312597	D:0.989050604860283	D:0.998940164677581	D:0.0039162921767911	D:-0.000739812152189977	D:0.00398555723011515	D:6.71316482386932	N:	N:	N:	N:	N:	N:	N:	N:
S:LY75	D:-0.00763829998575969	D:0.578076142545374	D:0.882030676713392	D:-0.112019627668931	D:-4.50806140703125	D:0.00000850703666901844	D:0.000323874962762383	D:-0.116924067142592	D:-4.70078100159993	D:0.0000035097200553447	D:0.00048988171143922	D:2.31598292270571	D:0.0999160588269766	D:0.870672593807357	D:-0.0305181097048827	D:-0.0628071844445597	D:0.0698290586920102	D:13.7276793185523	N:	N:	N:	N:	N:	N:	N:	N:
S:ENPP4	D:-0.0137435614408493	D:0.57828210561017	D:0.882038815979784	D:-0.106264697905666	D:-3.5014302874545	D:0.00051260556361267	D:0.0054886714074275	D:-0.113556438017915	D:-3.76426220447689	D:0.000190586925226571	D:0.00457525688679658	D:2.32178529561034	D:0.0993442235075298	D:0.867938343868143	D:-0.0175962910673574	D:-0.0822989339449214	D:0.0841590398459827	D:12.8045776965556	N:	N:	N:	N:	N:	N:	N:	N:
S:UTRN	D:-0.0115392586321556	D:0.579320530819361	D:0.882416337291473	D:-0.0590600685903633	D:-3.01012466929076	D:0.00276962586138115	D:0.01764056680484	D:-0.0538477960964642	D:-2.70853753776556	D:0.00703160618268448	D:0.044068189998665	D:1.79601079019448	D:0.167219761700179	D:0.908197024350599	D:-0.0317055862892356	D:-0.0385274607456142	D:0.0498959861456711	D:14.6301434313203	N:	N:	N:	N:	N:	N:	N:	N:
S:UGT2B28	D:-0.00440973786309268	D:0.580285404062712	D:0.882914795890649	D:-0.127963438032299	D:-2.83332562873465	D:0.00482970586497328	D:0.0261650352945503	D:-0.130149266244854	D:-2.85191292124944	D:0.00455813898271877	D:0.0330503131210789	D:2.66687026284746	D:0.070634481085807	D:0.850339905642804	D:0.141254682796831	D:-0.0461792238789226	D:0.148611594870969	D:7.20691285354845	N:	N:	N:	N:	N:	N:	N:	N:
S:KRT20	D:-0.000317553340412786	D:0.58038506112477	D:0.882914795890649	D:-0.200980678700257	D:-2.9267329767256	D:0.00361238559693917	D:0.0211536191039222	D:-0.225554381511581	D:-3.25568162139091	D:0.00122196031705613	D:0.0144541928302627	D:0.0525488828454196	D:0.948814117312294	D:0.996760838460121	D:-0.020219851202679	D:-0.0219869796241696	D:0.0298708830745281	D:14.8401682082726	N:	N:	N:	N:	N:	N:	N:	N:
S:NDUFS4	D:-0.0104255420029927	D:0.586670329478263	D:0.884840253755111	D:-0.148501432998077	D:-4.56764431312032	D:0.00000649957403331174	D:0.000274909472261785	D:-0.14248191031082	D:-4.33305645149007	D:0.0000183817674759169	D:0.00117541351248106	D:2.19905817548813	D:0.112170865199807	D:0.880003764027248	D:-0.014741946580962	D:-0.0880166181365788	D:0.089242647076363	D:12.6338827997433	N:	N:	N:	N:	N:	N:	N:	N:
S:IKBIP	D:-0.0125889007040225	D:0.590452755230714	D:0.886557046791199	D:-0.103172162461523	D:-4.07258900618627	D:0.0000556275402690864	D:0.00115640187701938	D:-0.108370922285885	D:-4.21476704925187	D:0.000030574028041024	D:0.00161036949312574	D:2.18772429546615	D:0.113436262831517	D:0.880277680269808	D:-0.0211358469359218	D:0.0674076894817553	D:0.0706436170291942	D:22.839403677672	N:	N:	N:	N:	N:	N:	N:	N:
S:C12ORF5	D:-0.00863130641873308	D:0.590578022658318	D:0.886557046791199	D:-0.0764903724542698	D:-3.80442548918026	D:0.000163348458505507	D:0.00247825483513673	D:-0.0676821689353838	D:-3.33170650970625	D:0.000938778519084462	D:0.0123118597593486	D:0.893101124547247	D:0.410152870259444	D:0.96415212136371	D:-0.0325063316306083	D:-0.0179575211420052	D:0.037136695620971	D:16.0721571449771	N:	N:	N:	N:	N:	N:	N:	N:
S:HRH4	D:-0.0156737284801709	D:0.591389415657047	D:0.886689664425166	D:-0.19125074117851	D:-3.6927288169728	D:0.000251284427339637	D:0.0033592655773112	D:-0.157968493671741	D:-2.98333962990621	D:0.00301588607735017	D:0.0254217565838911	D:0.298344534926821	D:0.742201269459877	D:0.988887668865741	D:-0.0318015371389919	D:-0.043558841116316	D:0.0539324615032463	D:14.4088345775511	N:	N:	N:	N:	N:	N:	N:	N:
S:SNRPA1	D:-0.0113053390285085	D:0.591585176866404	D:0.886716745872441	D:-0.0645619010685221	D:-3.3834782049305	D:0.000783259989592227	D:0.00734790372377422	D:-0.0554815316094366	D:-2.81278532723707	D:0.00513965353608576	D:0.0355220117869627	D:0.555323465238922	D:0.574303390166578	D:0.982115268178959	D:0.00494809802102104	D:-0.0266613145058087	D:0.0271165883769193	D:11.2990698824832	N:	N:	N:	N:	N:	N:	N:	N:
S:SCUBE3	D:-0.00119153159579185	D:0.591797897444475	D:0.886823774966614	D:-0.237101599696939	D:-2.98874201109153	D:0.00296656052640792	D:0.0185147107143204	D:-0.234203446890267	D:-2.95731075601647	D:0.00327684133401357	D:0.0268706489752242	D:0.485756480752866	D:0.6155735374673	D:0.984208797062414	D:-0.0328930124611695	D:-0.0958346224448716	D:0.101322382166636	D:13.262906342018	N:	N:	N:	N:	N:	N:	N:	N:
S:GGA2	D:-0.0136671212734674	D:0.592354246932957	D:0.887023221935961	D:-0.0461663121928092	D:-4.0575415313541	D:0.0000591887206909791	D:0.00120518524630248	D:-0.0352460077151872	D:-2.88913183758052	D:0.00406116230802837	D:0.0306952657168647	D:1.58082110544451	D:0.207016487823999	D:0.927138374549935	D:0.00692197411625157	D:-0.0275350502155375	D:0.0283917719777795	D:11.059263091476	N:	N:	N:	N:	N:	N:	N:	N:
S:F3	D:-0.00158087969720022	D:0.593615980588666	D:0.887023221935961	D:-0.183642190599813	D:-2.70027057902832	D:0.00720971439497284	D:0.0344462173574974	D:-0.18810890886449	D:-2.76544740353673	D:0.00593269411491654	D:0.0390207928978742	D:0.0711406446308676	D:0.931342009588748	D:0.994559242263454	D:-0.0357425456943426	D:-0.00470772608877692	D:0.036051244883348	D:17.499776180721	N:	N:	N:	N:	N:	N:	N:	N:
S:SLC4A5	D:-0.00271883259488393	D:0.596300922430715	D:0.887528897323071	D:-0.119219947492089	D:-3.60578697788586	D:0.000348791052150915	D:0.00419158083725003	D:-0.111187266855003	D:-3.3525143963717	D:0.000872668477865119	D:0.0117686782097738	D:0.0515086936639493	D:0.949801334586833	D:0.996760838460121	D:0.0113866756909013	D:-0.00925620595683372	D:0.0146742540527649	D:8.6071728189241	N:	N:	N:	N:	N:	N:	N:	N:
S:SDAD1	D:-0.0111759787582366	D:0.596774575138828	D:0.887762435478732	D:-0.0736376866840075	D:-2.7630439820093	D:0.00597940859282629	D:0.0301065764783351	D:-0.0721306971148017	D:-2.66752148024216	D:0.00793395295319239	D:0.0474410571169928	D:1.92274870376097	D:0.147477082999112	D:0.893013200900893	D:-0.0159031168807673	D:-0.0668042027527695	D:0.068671031970959	D:12.892690023694	N:	N:	N:	N:	N:	N:	N:	N:
S:LAX1	D:-0.0125157075642518	D:0.602867218296845	D:0.890312929925654	D:-0.092288855349782	D:-5.60688202466329	D:0.0000000374924863429349	D:0.0000100633901296959	D:-0.0820425741006687	D:-4.58466671460278	D:0.00000599206244614405	D:0.000650504957000561	D:3.79703526738387	D:0.0232038979783651	D:0.736744509955438	D:-0.00285160902112366	D:-0.0637913035019065	D:0.063855008233354	D:12.1706360722468	N:	N:	N:	N:	N:	N:	N:	N:
S:YTHDF1	D:-0.0135948221475643	D:0.60565124805252	D:0.891311696975789	D:-0.060998441220628	D:-3.99313268569604	D:0.0000770292372532398	D:0.00147302399675281	D:-0.0554878812575306	D:-3.58619720998723	D:0.000374614612120738	D:0.00702528227970378	D:0.917476502283636	D:0.400317589012191	D:0.963397890321278	D:0.0261171343810823	D:-0.0133563581912732	D:0.0293342293645683	D:7.80568661660595	N:	N:	N:	N:	N:	N:	N:	N:
S:SP140	D:-0.00980361663122578	D:0.606971791653118	D:0.892314074534555	D:-0.0856268441149784	D:-5.48147770511895	D:0.0000000730811950543166	D:0.0000160925198114223	D:-0.0658825206822343	D:-3.65281056686769	D:0.000291855550344443	D:0.0060223329559459	D:1.96962799558944	D:0.140783030264062	D:0.893013200900893	D:0.00349652039050178	D:-0.0463556550206121	D:0.0464873359876773	D:11.7124303065164	N:	N:	N:	N:	N:	N:	N:	N:
S:PRRC2C	D:-0.00912202147748279	D:0.607270151562069	D:0.892450115268857	D:-0.114307279637526	D:-5.09004112915711	D:0.000000542254187935027	D:0.0000588579204724763	D:-0.101535582367244	D:-4.30293823730642	D:0.0000209473820688233	D:0.00125948551694423	D:4.01496054249928	D:0.018733946822677	D:0.726283072612332	D:-0.0019437816199513	D:-0.0865932550924936	D:0.086615068634157	D:12.0857278340209	N:	N:	N:	N:	N:	N:	N:	N:
S:SAAL1	D:-0.00710163614095367	D:0.609159642919331	D:0.893365857489282	D:-0.0872981113802379	D:-3.74879320291068	D:0.000202700476514185	D:0.00287412767959777	D:-0.0763534957317889	D:-3.15725897764701	D:0.00170633950459718	D:0.0177076899943354	D:0.549177303096952	D:0.577834794691325	D:0.982115268178959	D:-0.0192115195234525	D:-0.0272958872383814	D:0.0333788547216712	D:14.3425886118811	N:	N:	N:	N:	N:	N:	N:	N:
S:MPI	D:-0.012825405791577	D:0.611355136366647	D:0.894849208943506	D:-0.0501602750817283	D:-2.98141090770777	D:0.00303697838871513	D:0.0187968117238575	D:-0.0474708743229563	D:-2.75281354426741	D:0.00616227727016684	D:0.0401657972436058	D:3.20830322811204	D:0.0414084291931323	D:0.813813159090897	D:-0.0332500203964059	D:-0.0469603837130399	D:0.0575399121900386	D:14.353344999882	N:	N:	N:	N:	N:	N:	N:	N:
S:BLM	D:-0.00708619228045592	D:0.612465391350197	D:0.895085074735451	D:-0.0869096379112717	D:-3.35169911704496	D:0.000876244937729216	D:0.00789064623417816	D:-0.0729638405931519	D:-2.75043670350141	D:0.00620635611703528	D:0.040332026898233	D:1.44716862921088	D:0.236394799336826	D:0.932707338252518	D:-0.0337114614010965	D:-0.0489045629250281	D:0.0593979705434929	D:14.3053149129671	N:	N:	N:	N:	N:	N:	N:	N:
S:LRRC49	D:-0.000792667584151755	D:0.613621173862339	D:0.895158214640283	D:-0.172608940523596	D:-4.19986795708228	D:0.0000326616850257424	D:0.000796408152427336	D:-0.149897751810255	D:-3.66113792290638	D:0.000282812670738321	D:0.00591696188318793	D:0.941688978076333	D:0.39078261151136	D:0.960227634080898	D:0.0661742246077643	D:0.0387543134275495	D:0.0766871880543262	D:3.97633517246465	N:	N:	N:	N:	N:	N:	N:	N:
S:IL28RA	D:-0.00641084499724444	D:0.615016677728799	D:0.895633532377274	D:-0.112205187427022	D:-4.23038314639229	D:0.0000286893210092332	D:0.000735425356977582	D:-0.0949356520791697	D:-3.39464760398225	D:0.000751860296266699	D:0.0107007298247251	D:1.42735486038953	D:0.241093214620849	D:0.933266293860831	D:-0.0242463120070663	D:-0.0565222254510842	D:0.0615032163052242	D:13.5478571631343	N:	N:	N:	N:	N:	N:	N:	N:
S:HOXA10	D:-0.00353992674253705	D:0.615382028380977	D:0.895688296765755	D:-0.119569587316254	D:-3.32347916239414	D:0.000967325205147032	D:0.00848026102906153	D:-0.107791529121751	D:-2.936443628721	D:0.00350077936803818	D:0.0280478596272382	D:0.269988046208613	D:0.763519750253821	D:0.989044741352382	D:-0.0359599107545828	D:-0.0107646762500054	D:0.0375365613268583	D:16.8889877691796	N:	N:	N:	N:	N:	N:	N:	N:
S:CYP20A1	D:-0.00617200265344871	D:0.615569159072479	D:0.895705918863087	D:-0.0548183547163215	D:-4.14077013432315	D:0.0000418934665937968	D:0.000949196818629063	D:-0.0393187577772716	D:-2.79461327754682	D:0.00543195574300127	D:0.036778253839175	D:0.0452606926385762	D:0.955752909445126	D:0.996760838460121	D:0.00593306457723017	D:0.000548083222619691	D:0.00595832614888616	D:5.64814155572114	N:	N:	N:	N:	N:	N:	N:	N:
S:TXLNG	D:-0.0135836383398063	D:0.616092477241907	D:0.896000262613809	D:-0.106470559736951	D:-3.97712930981844	D:0.0000821956108016461	D:0.00153653285436021	D:-0.0906971194042671	D:-3.30502016312154	D:0.00103038472817065	D:0.013125305560043	D:0.810260832041627	D:0.445429415601968	D:0.967558273005476	D:0.0157899912274617	D:-0.0432347692958962	D:0.0460279165184857	D:10.6624694948532	N:	N:	N:	N:	N:	N:	N:	N:
S:KIAA0196	D:-0.00524176845362091	D:0.618922446638309	D:0.897357168087024	D:-0.0716471522888299	D:-3.48076591214358	D:0.000552605063313254	D:0.00580451235754676	D:-0.0724863075571894	D:-3.52867445909731	D:0.000463317215390199	D:0.0079631457114255	D:1.00581050937072	D:0.366618956847852	D:0.959270072771647	D:-0.0107882783650614	D:-0.036201389295542	D:0.0377746943999476	D:13.1062960565384	N:	N:	N:	N:	N:	N:	N:	N:
S:WFS1	D:-0.00463474572564667	D:0.622040492681695	D:0.898656770575398	D:-0.0617009197588749	D:-2.86606153595615	D:0.00436607497277504	D:0.0242736748652227	D:-0.0576413941928862	D:-2.68274085034441	D:0.00758764501023846	D:0.0460037763403878	D:1.12133662347283	D:0.326808236875598	D:0.956911684216668	D:0.0369935866120528	D:-0.0250264964953149	D:0.0446637546255738	D:8.27191383264514	N:	N:	N:	N:	N:	N:	N:	N:
S:ITIH3	D:-0.000515409152982242	D:0.624369741713192	D:0.89905590426409	D:-0.15422312355367	D:-3.09090121407217	D:0.00212900269125113	D:0.0146488878837107	D:-0.157709690591172	D:-3.15168946651257	D:0.00173845123717625	D:0.0178889287128284	D:0.013907151120449	D:0.986189556364237	D:0.998940164677581	D:-0.00927973001445715	D:-0.00646651344460926	D:0.0113105784675466	D:15.6753042555569	N:	N:	N:	N:	N:	N:	N:	N:
S:ZXDA	D:-0.00623592706684607	D:0.625957969883455	D:0.899654859302713	D:-0.0694853624655662	D:-3.25017398616591	D:0.00124664280585878	D:0.0101672149704868	D:-0.0608026276611735	D:-2.81768910970698	D:0.00506325776581228	D:0.0352002630944502	D:0.661915132765676	D:0.51639462476572	D:0.972886610373122	D:0.02810281024216	D:-0.0198575980799003	D:0.0344106399970955	D:8.34968230877056	N:	N:	N:	N:	N:	N:	N:	N:
S:DNAJA3	D:-0.0153923102044823	D:0.627710506858057	D:0.900601462314726	D:-0.0863086332494248	D:-4.15046311660065	D:0.000040225553051915	D:0.000920782525893577	D:-0.0815505398586571	D:-3.92784298377699	D:0.0001000316073739	D:0.0031275482235094	D:2.37127894996778	D:0.0945982478246756	D:0.867885582684249	D:-0.0507132932677386	D:-0.0345077460246344	D:0.0613402204899879	D:15.71778394726	N:	N:	N:	N:	N:	N:	N:	N:
S:ZNF264	D:-0.00723802101468901	D:0.630265692458088	D:0.902024366663994	D:-0.0898228860446994	D:-3.98570801583591	D:0.0000793866094119583	D:0.00150080019677343	D:-0.0730801317742295	D:-3.12255125554705	D:0.00191573063098838	D:0.0190123373591387	D:1.73201961441846	D:0.178176037628111	D:0.914741780794853	D:-0.00230942974769651	D:-0.0563594961116826	D:0.0564067927445119	D:12.1564321917427	N:	N:	N:	N:	N:	N:	N:	N:
S:VKORC1L1	D:-0.0063331383504832	D:0.630584003202511	D:0.902139318912732	D:-0.0829648998323586	D:-3.69187446620822	D:0.000252103293378706	D:0.00336499348081509	D:-0.0794480699307227	D:-3.53134873913716	D:0.000458791039178036	D:0.00790585158428395	D:2.25612373662626	D:0.106011869637983	D:0.87220229631552	D:-0.0444032683710729	D:-0.0456783701702845	D:0.0637037184428591	D:14.9459356542593	N:	N:	N:	N:	N:	N:	N:	N:
S:RALGAPB	D:-0.00722855045049474	D:0.631244146108009	D:0.902184901580911	D:-0.077770094239655	D:-3.47604016081036	D:0.000562153674907182	D:0.00586242837655049	D:-0.0784798697897348	D:-3.49371572948332	D:0.000526461782026168	D:0.00863777471248812	D:0.610393160454168	D:0.543613813721978	D:0.97725460293847	D:-0.0212985790469962	D:-0.0250828304445267	D:0.0329055899890888	D:14.6890385916646	N:	N:	N:	N:	N:	N:	N:	N:
S:LPIN1	D:-0.00853631381723392	D:0.632744753755977	D:0.902489067729421	D:-0.0966518170317912	D:-5.09103489839095	D:0.000000539584977546158	D:0.0000588579204724763	D:-0.0890554365565822	D:-4.60316320450957	D:0.00000550672405839756	D:0.00061705611882717	D:2.87067820249517	D:0.0577623822883018	D:0.83656058396868	D:-0.0281782785430251	D:-0.0536128023567842	D:0.0605668882987719	D:13.8483936366929	N:	N:	N:	N:	N:	N:	N:	N:
S:SLC16A4	D:-0.00323292297657279	D:0.632897199267943	D:0.902614247908446	D:-0.11850103788162	D:-3.2447003261192	D:0.00127024554632326	D:0.0102980094009308	D:-0.108611012061247	D:-2.96801721086958	D:0.00316709967056595	D:0.0262413413305104	D:0.261581140004022	D:0.769957541827532	D:0.989255413159452	D:-0.0315273001923043	D:-0.017746269606066	D:0.0361787332883125	D:16.0416971662809	N:	N:	N:	N:	N:	N:	N:	N:
S:ETV3	D:-0.00685899062959807	D:0.633315803198962	D:0.903095775643265	D:-0.0648620662429362	D:-4.48056688691241	D:0.00000962255459602285	D:0.000349532252243623	D:-0.0571589095073955	D:-3.89849519871579	D:0.000112483783644599	D:0.00333964110192532	D:0.538221719137097	D:0.584183745808682	D:0.982115268178959	D:-0.0100355500598281	D:-0.0172122760829623	D:0.0199242242749732	D:14.016277045874	N:	N:	N:	N:	N:	N:	N:	N:
S:PROM2	D:-0.000933309055352303	D:0.633676040280084	D:0.903107773906249	D:-0.137762603428689	D:-3.07293262430902	D:0.00225840366362826	D:0.0152125012033643	D:-0.139213103865338	D:-3.04709378701515	D:0.00245506315142531	D:0.0222412559304599	D:2.77734062690302	D:0.063335653858109	D:0.840103863598374	D:-0.0143819440329182	D:0.139229388757642	D:0.139970221861625	D:23.6068299076132	N:	N:	N:	N:	N:	N:	N:	N:
S:SAR1A	D:-0.0057995801590909	D:0.633988742472097	D:0.903297279099595	D:-0.049302346486134	D:-3.10769286645628	D:0.00201427985472874	D:0.0140877031643717	D:-0.0465519384579242	D:-2.92002057981899	D:0.00368675818190928	D:0.0289824642200259	D:0.346415750975331	D:0.707418356830049	D:0.987553110889477	D:0.00522210431716829	D:-0.0166294478070747	D:0.0174301149700055	D:10.8377517295935	N:	N:	N:	N:	N:	N:	N:	N:
S:PIK3C2G	D:-0.000230949922001824	D:0.63618252799099	D:0.903909998413754	D:-0.149635487621062	D:-2.78431983752735	D:0.00560764489528394	D:0.0289126619785603	D:-0.149275399544062	D:-2.77733519337808	D:0.00572376191780248	D:0.0379789581106208	D:1.43920309512018	D:0.238272497341978	D:0.932707338252518	D:0.123259929862741	D:-0.0369536350656248	D:0.128680151749721	D:7.11259080471313	N:	N:	N:	N:	N:	N:	N:	N:
S:PHF13	D:-0.00684333362551849	D:0.637429335880366	D:0.904456164942604	D:-0.0387855188844738	D:-2.80954848465687	D:0.00519401065743585	D:0.0275281156107822	D:-0.0447184123473341	D:-3.23213857188408	D:0.00132456749124583	D:0.0151719656192466	D:1.40004533821977	D:0.247723269198569	D:0.933288553535957	D:0.0311417878100562	D:-0.00982858988586176	D:0.0326559661800264	D:7.16774003664706	N:	N:	N:	N:	N:	N:	N:	N:
S:PITPNM2	D:-0.00645761386234273	D:0.638412451309273	D:0.905114879408808	D:-0.133519802100198	D:-3.82956535511247	D:0.000148040335209547	D:0.00232357926934117	D:-0.131978958864545	D:-3.78179181635411	D:0.000178059483707385	D:0.00437118137076132	D:2.32390569740748	D:0.0991360750615258	D:0.867938343868143	D:-0.0832261748317588	D:-0.0588120184421976	D:0.101909026540203	D:15.650196714447	N:	N:	N:	N:	N:	N:	N:	N:
S:E2F3	D:-0.00778224182838845	D:0.644836007451193	D:0.9071686999395	D:-0.111241289983639	D:-3.2934314967972	D:0.00107392475430052	D:0.0091201927960828	D:-0.122928988383952	D:-3.6512675612208	D:0.000293560707671326	D:0.00603838925116355	D:1.15754577427162	D:0.315247478127404	D:0.956911684216668	D:0.0111311075312821	D:-0.0658377601072686	D:0.0667720915563921	D:11.3602547253002	N:	N:	N:	N:	N:	N:	N:	N:
S:ADC	D:-0.00434599240780243	D:0.645271216254522	D:0.9071686999395	D:-0.106643483773072	D:-4.26927660561601	D:0.0000242912347620923	D:0.000662953936433024	D:-0.0869089872038382	D:-3.41084634198337	D:0.000709710206735999	D:0.0102958033777492	D:0.366110908698169	D:0.693644865112995	D:0.986869111240858	D:0.0278962064522291	D:-0.0125760423950107	D:0.0305999211885667	D:7.61777266629738	N:	N:	N:	N:	N:	N:	N:	N:
S:RPUSD2	D:-0.00931388837547118	D:0.646041686638095	D:0.907632310181679	D:-0.073122495238853	D:-3.66487411724419	D:0.000279314216933337	D:0.00362663063992978	D:-0.056262741139132	D:-2.65474355821754	D:0.00823560700747458	D:0.0485905786633638	D:5.49259121048745	D:0.00441543088596553	D:0.627240251963999	D:0.0264741128328606	D:-0.0883051641253809	D:0.0921882891776254	D:10.8874090402618	N:	N:	N:	N:	N:	N:	N:	N:
S:NSUN2	D:-0.0103077461239246	D:0.647751910251862	D:0.908161818880919	D:-0.0876782820518735	D:-4.30099434872242	D:0.0000211888342280798	D:0.000602694337192004	D:-0.0829210775061769	D:-3.96220260507093	D:0.0000871125265700167	D:0.00292485546684655	D:5.3077955366171	D:0.00528731817490339	D:0.641735928296815	D:-0.0119360760351031	D:-0.0874236858249986	D:0.0882347479984152	D:12.5183067382938	N:	N:	N:	N:	N:	N:	N:	N:
S:P2RY10	D:-0.0245127169617856	D:0.648460590140908	D:0.908161818880919	D:-0.0734406916860303	D:-3.59758193174843	D:0.00035963289172951	D:0.00428772808864329	D:-0.0781263818233948	D:-3.82131347979086	D:0.000152607406065654	D:0.00398144368748859	D:0.275943191975389	D:0.7589922024108	D:0.989044741352382	D:-0.011721982202484	D:-0.0162293187013251	D:0.020019881424837	D:14.3893017764598	N:	N:	N:	N:	N:	N:	N:	N:
S:FARS2	D:-0.00803861213791035	D:0.65043215270505	D:0.908814086708283	D:-0.0560096764088624	D:-3.38113811716733	D:0.000789780345230195	D:0.00739133032861266	D:-0.0456192298675501	D:-2.68109296896293	D:0.00762447369902919	D:0.0460988463765561	D:0.230215984422245	D:0.794461234956625	D:0.989879017277003	D:0.000618827339173286	D:-0.0149649997371843	D:0.0149777890360905	D:11.8421382934691	N:	N:	N:	N:	N:	N:	N:	N:
S:WDR7	D:-0.00540529547676173	D:0.651669424507731	D:0.909389373429948	D:-0.0895318185531019	D:-4.07159640806177	D:0.0000558560327931529	D:0.00115991789246652	D:-0.0829506646971678	D:-3.72741960087745	D:0.000219675967766872	D:0.00496838898857921	D:3.78541831650755	D:0.0234702379807308	D:0.736744509955438	D:0.00238838331478794	D:-0.0793746984303484	D:0.0794106235069787	D:11.8850994006937	N:	N:	N:	N:	N:	N:	N:	N:
S:SCAF8	D:-0.00825484691240534	D:0.651849917787336	D:0.9094804621187	D:-0.0668557819328569	D:-3.08887002425884	D:0.0021432804544133	D:0.0146928568685311	D:-0.0686852124913832	D:-3.17553032010808	D:0.00160479835761952	D:0.0170795829090818	D:3.02758292316763	D:0.0494808437440224	D:0.832973145363817	D:-0.00347249341356654	D:-0.0688254038714983	D:0.0689129481924995	D:12.1925555018311	N:	N:	N:	N:	N:	N:	N:	N:
S:TRIM32	D:-0.00897846268768897	D:0.652596244263207	D:0.909626221471749	D:-0.0867738830134771	D:-3.69056129791277	D:0.000253366818879843	D:0.0033795501759256	D:-0.0736255988760663	D:-3.0485475002067	D:0.00244347249926087	D:0.0221864118101069	D:1.33255418765003	D:0.264905001090292	D:0.939907763028795	D:-0.017332541237776	D:-0.0481789313750582	D:0.0512018204188266	D:13.3190916341216	N:	N:	N:	N:	N:	N:	N:	N:
S:PIGV	D:-0.00568077979302323	D:0.654067356736974	D:0.910079220302678	D:-0.0831188828349334	D:-3.62329448105794	D:0.000326674779776041	D:0.00402251669603392	D:-0.076755042879898	D:-3.3105797630573	D:0.00101064179235239	D:0.0129586294385553	D:0.207668920174528	D:0.812558569961118	D:0.990538766746216	D:0.00850400091621307	D:-0.0179070179494077	D:0.0198237060970789	D:10.3064710871641	N:	N:	N:	N:	N:	N:	N:	N:
S:TAF3	D:-0.0063067755861726	D:0.655164913764629	D:0.91060102053208	D:-0.106900782674975	D:-5.83712060983254	D:0.0000000106682282826703	D:0.00000359427325640795	D:-0.0889188829639738	D:-4.3120600823323	D:0.0000201362660928074	D:0.00123736721924386	D:3.78135755484914	D:0.0235640611392533	D:0.736744509955438	D:0.0232367765135711	D:-0.0708353370281483	D:0.0745492639442739	D:10.7892316659394	N:	N:	N:	N:	N:	N:	N:	N:
S:ARAP2	D:-0.00799141541599158	D:0.65559327314869	D:0.910872573356229	D:-0.0692743027150867	D:-2.52301286938004	D:0.0120054410292667	D:0.0496294315957055	D:-0.0768253883668266	D:-2.79467991587907	D:0.00543085688050083	D:0.036778253839175	D:0.666131754514661	D:0.514228538003737	D:0.972886610373122	D:-0.00374784996383394	D:-0.0408937863285582	D:0.0410651694217518	D:12.3490958674805	N:	N:	N:	N:	N:	N:	N:	N:
S:UNC13B	D:-0.00236148469485458	D:0.658250514214987	D:0.911614739827335	D:-0.177318969583967	D:-3.98268634152784	D:0.000080365468634143	D:0.0015100207909421	D:-0.162749559159986	D:-3.65707112115248	D:0.000287195483547487	D:0.00598785705464948	D:0.289978988176736	D:0.748427557118893	D:0.988887668865741	D:0.0151813871682749	D:0.0413221879316404	D:0.0440226956445294	D:1.34485747522393	N:	N:	N:	N:	N:	N:	N:	N:
S:PARP1	D:-0.0134116858185967	D:0.658704979644837	D:0.911882147804544	D:-0.132648998568447	D:-6.57838668407556	D:0.000000000142457630607385	D:0.000000231980379974909	D:-0.119638945199521	D:-5.70210837646774	D:0.0000000222099969701712	D:0.0000289337033862744	D:3.47281531505781	D:0.0319149765368525	D:0.777497218447519	D:0.0311422595643282	D:-0.0663942074829565	D:0.0733350606331097	D:10.32473563052	N:	N:	N:	N:	N:	N:	N:	N:
S:GLDC	D:-0.00436225813222844	D:0.659287447594181	D:0.911923561192871	D:-0.135971166390953	D:-2.70257643355325	D:0.00716076402604775	D:0.0342793948635471	D:-0.16088927143395	D:-3.19984387072653	D:0.00147832518164698	D:0.0162018801876409	D:0.352709534473823	D:0.702987283303768	D:0.987553110889477	D:0.0337495484008188	D:-0.045858652642369	D:0.0569389852336048	D:9.5765928596156	N:	N:	N:	N:	N:	N:	N:	N:
S:MTO1	D:-0.00523732359148361	D:0.660751516560142	D:0.91254267045344	D:-0.104546434120765	D:-3.75371210326918	D:0.000198889813647363	D:0.00283273021026466	D:-0.0956775991594853	D:-3.38728687571924	D:0.000771774246354515	D:0.0108703301715615	D:1.20084393192769	D:0.301961432268455	D:0.954093587559266	D:-0.0103757528091683	D:-0.0556973258509073	D:0.0566555235903713	D:12.7035043888273	N:	N:	N:	N:	N:	N:	N:	N:
S:PRKCB	D:-0.00637688221743189	D:0.672531594862215	D:0.917403172780166	D:-0.0461209888080913	D:-2.66955128727972	D:0.0078912169494911	D:0.0367148262880966	D:-0.0488362153840984	D:-2.83621443685114	D:0.00478386065226743	D:0.0340056096784132	D:0.0905674010334306	D:0.913430430976236	D:0.993836342604036	D:0.00991342329809625	D:-0.00294677987431409	D:0.0103421213063327	D:7.10364400432711	N:	N:	N:	N:	N:	N:	N:	N:
S:LSG1	D:-0.00782809720755328	D:0.675347462186026	D:0.918634381176254	D:-0.0890495638710016	D:-6.82389176322708	D:0.0000000000312464544246872	D:0.000000101764494318802	D:-0.0662466977106602	D:-4.03233186105614	D:0.0000654873374092001	D:0.00246568027035294	D:5.86231773640676	D:0.00308028238461878	D:0.619506875420677	D:-0.0215349419011055	D:-0.0697038798641004	D:0.0729546749070471	D:13.1445653345852	N:	N:	N:	N:	N:	N:	N:	N:
S:TAF4	D:-0.00570144395533919	D:0.676024785093437	D:0.918903801293422	D:-0.104682694669014	D:-3.69357864360041	D:0.000250472381648636	D:0.00335238411629862	D:-0.0966878203254044	D:-3.3439614109468	D:0.000899300272212316	D:0.0120214801822795	D:0.911114640051208	D:0.402861467550516	D:0.963796907670492	D:-0.00294740574101824	D:-0.0504449486264754	D:0.0505309810168963	D:12.2229256997266	N:	N:	N:	N:	N:	N:	N:	N:
S:HNRNPU	D:-0.00710694630248298	D:0.677812462637671	D:0.919408331659088	D:-0.0677494592408503	D:-3.87256686315677	D:0.000124951784575411	D:0.002076523933008	D:-0.0569394236245757	D:-3.04954549439129	D:0.00243554447226478	D:0.022156878273988	D:3.61927118517514	D:0.0276334980499807	D:0.760239372616719	D:0.014008388033755	D:-0.0641239590096417	D:0.0656362480217635	D:11.1784588860694	N:	N:	N:	N:	N:	N:	N:	N:
S:EP400	D:-0.00531501341010259	D:0.678151434547101	D:0.919486638606076	D:-0.0816402567572506	D:-3.25223274026664	D:0.00123787100749798	D:0.0101210198148611	D:-0.0709307399002219	D:-2.77844369014045	D:0.00570462317632006	D:0.0379165336173538	D:1.13930182797668	D:0.321020066112741	D:0.956911684216668	D:-0.00224104596678843	D:-0.0498486469626208	D:0.0498989968940185	D:12.1716075654683	N:	N:	N:	N:	N:	N:	N:	N:
S:CASK	D:-0.00650175499939125	D:0.678618794480462	D:0.919821488818994	D:-0.0926276762846809	D:-3.95221530133409	D:0.0000908976378173067	D:0.00164618233604077	D:-0.0828867631075944	D:-3.44762802082215	D:0.000622047471791775	D:0.00954864858309746	D:1.06617928580145	D:0.345242758724595	D:0.957432814874086	D:-0.0124234763595763	D:-0.0437744512477849	D:0.0455032454546008	D:13.0562859834197	N:	N:	N:	N:	N:	N:	N:	N:
S:HSPB3	D:-0.00288476168652036	D:0.680782948554089	D:0.920648938474933	D:-0.297349483728495	D:-4.09419877762309	D:0.0000508678599627061	D:0.00108279831321485	D:-0.325039932477655	D:-4.51258379988583	D:0.0000083055084949399	D:0.000787854084949614	D:1.70011915921337	D:0.183904456002101	D:0.921744746511297	D:0.0055740008064503	D:-0.172171072982416	D:0.172261277880163	D:11.8763806227161	N:	N:	N:	N:	N:	N:	N:	N:
S:FRG1B	D:-0.00756735519613878	D:0.682248584272285	D:0.92152871366923	D:-0.0807694729934483	D:-3.75517871987743	D:0.000197766766282438	D:0.00282290750907605	D:-0.0639145987967097	D:-2.78261728747554	D:0.00563308245358358	D:0.0376071281945599	D:2.49009224383013	D:0.0841139448102222	D:0.860742263980279	D:0.0181704459425418	D:-0.0646972099989138	D:0.0672004024347651	D:10.9541606806535	N:	N:	N:	N:	N:	N:	N:	N:
S:WDR85	D:-0.0110075233308829	D:0.682679549251163	D:0.92152871366923	D:-0.0586418211482595	D:-3.5340535539599	D:0.000454929143130238	D:0.00505929607628968	D:-0.0466792212679553	D:-2.66561265949874	D:0.00797837500830147	D:0.0476022020996636	D:0.273643458632062	D:0.760737426117838	D:0.989044741352382	D:-0.00129497559920759	D:-0.0167182664586699	D:0.0167683450341896	D:12.2952809285518	N:	N:	N:	N:	N:	N:	N:	N:
S:SNTB1	D:-0.00542963714374227	D:0.68715721377868	D:0.92339273525397	D:-0.0699141660897383	D:-3.11478364266095	D:0.00196756692689931	D:0.0138514774398585	D:-0.0616767793576643	D:-2.71860714980545	D:0.00682471786630924	D:0.0432564538909773	D:1.29916159328277	D:0.273843808090828	D:0.944560109951446	D:-0.0419906816481938	D:-0.0266824456522471	D:0.0497510829155013	D:15.8377733544316	N:	N:	N:	N:	N:	N:	N:	N:
S:XPNPEP3	D:-0.00333882480166653	D:0.688172242888108	D:0.923452439973416	D:-0.0734150726866989	D:-4.53020277340995	D:0.00000769995545235244	D:0.000306231186068133	D:-0.0694898508792888	D:-4.29476477718794	D:0.0000217006036298557	D:0.00128427727938884	D:3.60668302156672	D:0.027977649995676	D:0.760239372616719	D:-0.0501359061790948	D:-0.031394727483061	D:0.059154357423056	D:15.8630340773207	N:	N:	N:	N:	N:	N:	N:	N:
S:EGLN3	D:-0.00319091501905734	D:0.688223188314486	D:0.923476403166217	D:-0.115648987659308	D:-3.4498736580941	D:0.000617875371126712	D:0.00626921588159728	D:-0.113217046826059	D:-3.38078740317189	D:0.0007897655526473	D:0.0110471071326277	D:0.646315628625794	D:0.524488118348121	D:0.975168631840212	D:-0.05307096951491	D:0.00912199658072342	D:0.0538492212280849	D:18.6501912826925	N:	N:	N:	N:	N:	N:	N:	N:
S:ANKRD42	D:-0.00373122030011011	D:0.690445574907365	D:0.924813360640426	D:-0.183449056586701	D:-4.17366367130069	D:0.0000364863863442836	D:0.000856947686963517	D:-0.172452750039783	D:-3.87009314217836	D:0.000125921141307112	D:0.00356481299978328	D:2.0006819510071	D:0.136517665635266	D:0.892651935358644	D:-0.00803130773799957	D:-0.115103181520415	D:0.115383032981907	D:12.2660890500923	N:	N:	N:	N:	N:	N:	N:	N:
S:TIE1	D:-0.00166535708367599	D:0.693321531036866	D:0.925781015283122	D:-0.237978892142726	D:-3.48819999322332	D:0.000537890478632582	D:0.00568772610549744	D:-0.239425171047767	D:-3.50394232796404	D:0.000507202932397844	D:0.00849293273520674	D:1.41050882487948	D:0.245161624133335	D:0.933288553535957	D:0.100850009442625	D:0.114242495782626	D:0.152387900593259	D:2.76247625844407	N:	N:	N:	N:	N:	N:	N:	N:
S:SH3RF3	D:-0.00525193739648865	D:0.693646108564287	D:0.925945231013452	D:-0.207184165356506	D:-2.99544553398352	D:0.00290348270764313	D:0.0182141109438377	D:-0.233178988554522	D:-3.37494185743513	D:0.000806279630904118	D:0.0111346362314469	D:0.220586376524733	D:0.802140335339783	D:0.990538766746216	D:0.0355776210983389	D:-0.0504863657180645	D:0.0617627739535323	D:9.65518256999668	N:	N:	N:	N:	N:	N:	N:	N:
S:EFHA1	D:-0.00570925805244068	D:0.694806376505127	D:0.926313187294752	D:-0.0957444591716054	D:-2.82786979404036	D:0.004911184222584	D:0.0264378652599212	D:-0.0935725530196768	D:-2.75628093468521	D:0.00609848132823414	D:0.0398430035556748	D:1.08740112100767	D:0.338029516896484	D:0.95707960515839	D:-0.0212150141051955	D:-0.0614296845479961	D:0.0649898681884334	D:13.2701720046618	N:	N:	N:	N:	N:	N:	N:	N:
S:AP3B1	D:-0.00423927135150447	D:0.695718957223162	D:0.926399163236406	D:-0.0607153501669367	D:-4.13387844384712	D:0.0000431191838575847	D:0.000967384582963332	D:-0.0492088073381142	D:-3.26574761903843	D:0.00118038031822973	D:0.0141021278174895	D:0.169680049425281	D:0.843992064361997	D:0.990538766746216	D:-0.0117897406852838	D:0.00377609926605817	D:0.0123796975364248	D:19.1839720411592	N:	N:	N:	N:	N:	N:	N:	N:
S:LZTS1	D:-0.000930669724452304	D:0.695771276509155	D:0.926399163236406	D:-0.221552151698015	D:-2.69029498440427	D:0.00742497430623348	D:0.0350716516601664	D:-0.242504978624051	D:-2.96526487311723	D:0.00319498556423003	D:0.0264099885408711	D:3.75242287272144	D:0.0242435909806125	D:0.741718797230534	D:0.0159036019248545	D:-0.290319923304077	D:0.290755193283747	D:11.7909663602075	N:	N:	N:	N:	N:	N:	N:	N:
S:LARS2	D:-0.0085541487464307	D:0.695779407701136	D:0.926399163236406	D:-0.0987426788921968	D:-4.19754650858842	D:0.0000329844444376969	D:0.000801677896463974	D:-0.0867745849994604	D:-3.62400692557378	D:0.000325274264989782	D:0.006452979098645	D:1.55659806880847	D:0.212054553246158	D:0.927560151843468	D:-0.0373428360242164	D:-0.0418907921303382	D:0.0561188548318541	D:14.780991071478	N:	N:	N:	N:	N:	N:	N:	N:
S:MFNG	D:-0.00853019365033177	D:0.697867895919732	D:0.926969968357116	D:-0.0846041766229842	D:-5.95708970700082	D:0.00000000545421635615913	D:0.00000254317712688844	D:-0.0714216325375386	D:-4.9534611799256	D:0.00000105495781664588	D:0.000214880490311197	D:1.2325564605751	D:0.292588657487507	D:0.951115631254585	D:-0.0282466938365048	D:0.0143620728683553	D:0.0316882446621643	D:19.7967417854495	N:	N:	N:	N:	N:	N:	N:	N:
S:IGSF23	D:-0.00846574111988214	D:0.699081049473205	D:0.927401091134416	D:-0.244521123084632	D:-3.46161214265503	D:0.000592268961015437	D:0.00609133040379087	D:-0.231155265294973	D:-3.28659144123869	D:0.00109841836057778	D:0.0135335392081024	D:2.50019391092865	D:0.0832783155991346	D:0.860742263980279	D:-0.204547842139381	D:0.0839415486652702	D:0.221101794013981	D:19.4874716858537	N:	N:	N:	N:	N:	N:	N:	N:
S:ARHGAP17	D:-0.0145747965164449	D:0.699341546814071	D:0.927401091134416	D:-0.082040184289347	D:-3.05199291098064	D:0.00241830588202605	D:0.0160081691194685	D:-0.077985334082037	D:-2.89558716171704	D:0.00398016799646809	D:0.030322207726699	D:1.70763328277318	D:0.182538688869028	D:0.921744746511297	D:0.0163531831844545	D:-0.0630879359502068	D:0.0651729565289294	D:11.0312035980039	N:	N:	N:	N:	N:	N:	N:	N:
S:TCEA2	D:-0.00795144950465194	D:0.703385817963647	D:0.928709444479489	D:-0.0828478943997064	D:-3.3268631930626	D:0.000955956576682598	D:0.00841457093015974	D:-0.0726358703577516	D:-2.87587756890698	D:0.00423218649528479	D:0.0314932049902361	D:0.138286638134463	D:0.870888295114685	D:0.991098228766629	D:-0.0187258603940615	D:0.00145498547193284	D:0.0187823009831442	D:18.2961942043329	N:	N:	N:	N:	N:	N:	N:	N:
S:NCAPD3	D:-0.00705689572878246	D:0.703512945642427	D:0.928766203721685	D:-0.0876859328059472	D:-3.06548021277349	D:0.00231416358082988	D:0.0154760679442152	D:-0.0879240376896569	D:-3.06960842192619	D:0.00228109368616639	D:0.0212767788646193	D:1.4065346515204	D:0.246131421925043	D:0.933288553535957	D:-0.0166022889079641	D:-0.0600039751363376	D:0.0622584374132994	D:13.0310698084934	N:	N:	N:	N:	N:	N:	N:	N:
S:HN1L	D:-0.00726380760940483	D:0.703912608250288	D:0.928898996958899	D:-0.068797550789398	D:-3.80469893895068	D:0.000163174187869317	D:0.00247753442513934	D:-0.0534144152995744	D:-2.88692772475371	D:0.00408915906646331	D:0.0308161424287542	D:0.103132980375674	D:0.902029635103464	D:0.992612422987167	D:-0.00415850094640793	D:-0.0101088089215261	D:0.0109307432470624	D:13.4907327238747	N:	N:	N:	N:	N:	N:	N:	N:
S:BRD1	D:-0.0083473234590462	D:0.70423418302411	D:0.928898996958899	D:-0.0659253577208176	D:-2.74987133302234	D:0.0062206105337896	D:0.0310728400922246	D:-0.0756303118638249	D:-3.16407847981514	D:0.00166776656615905	D:0.017502351384532	D:1.53566499575579	D:0.216507478995059	D:0.927783481998367	D:0.035639316909055	D:-0.044108930110748	D:0.0567076593174054	D:9.40415585521873	N:	N:	N:	N:	N:	N:	N:	N:
S:RCCD1	D:-0.00403184879018575	D:0.705263610975853	D:0.929060671485002	D:-0.0645295105811825	D:-4.15649170043564	D:0.0000392202949317022	D:0.000902879965015536	D:-0.0562636923586628	D:-3.56632484965743	D:0.000403281780879479	D:0.00738568817260159	D:1.12636256527664	D:0.325178455789162	D:0.956911684216668	D:0.0182460490238144	D:-0.0261143874468591	D:0.0318571740225669	D:9.67054055226758	N:	N:	N:	N:	N:	N:	N:	N:
S:PHACTR2	D:-0.00428222744162752	D:0.705463093806601	D:0.929060671485002	D:-0.0675505403856786	D:-4.08379782749187	D:0.0000531082281300685	D:0.00111590095256953	D:-0.0654040401141376	D:-3.95929669418311	D:0.0000881407219115385	D:0.00293224888359314	D:0.529539047896079	D:0.589265254119641	D:0.98356384787094	D:-0.0230648870937857	D:-0.00562127104046771	D:0.0237400022063917	D:17.0868765043338	N:	N:	N:	N:	N:	N:	N:	N:
S:TRIM24	D:-0.00521826776327733	D:0.705621844988917	D:0.92913295565836	D:-0.0896532073508945	D:-2.97022461083556	D:0.00314737929929216	D:0.0192606906994168	D:-0.095107045742498	D:-3.17081957480493	D:0.00163042979447187	D:0.0172444765359328	D:1.40768881889739	D:0.245849379719434	D:0.933288553535957	D:0.0365507134431962	D:-0.0567346525137178	D:0.0674890765165663	D:9.8139173083286	N:	N:	N:	N:	N:	N:	N:	N:
S:TUSC5	D:-0.00118226419243845	D:0.707699653607533	D:0.92974608855408	D:-0.101994313413004	D:-3.04162919227756	D:0.00250123551838151	D:0.0163905577681734	D:-0.0971251991825131	D:-2.89394329473132	D:0.0040006525485863	D:0.0303953154945276	D:0.948414357108694	D:0.388174853136279	D:0.960227634080898	D:-0.0652748186879168	D:0.00250712508125733	D:0.0653229487310048	D:18.1466385897561	N:	N:	N:	N:	N:	N:	N:	N:
S:SNX14	D:-0.00397972664588169	D:0.70790241095697	D:0.92974608855408	D:-0.0947887283929922	D:-3.28777911312171	D:0.00109515793551761	D:0.00925756185982045	D:-0.0914990275991508	D:-3.14886130490826	D:0.00175496999403323	D:0.0180114856372917	D:1.72717634964099	D:0.179034067845405	D:0.915270349272716	D:0.0112938671374406	D:-0.0694629490195837	D:0.0703750859425084	D:11.3843454183683	N:	N:	N:	N:	N:	N:	N:	N:
S:ZBED4	D:-0.00724677489199819	D:0.709840638986483	D:0.92974608855408	D:-0.0620018319960414	D:-2.73182751773042	D:0.00656527630057645	D:0.0322801151794361	D:-0.0675247301503882	D:-2.97474914294374	D:0.00309982934824812	D:0.0259527700488931	D:0.837110146666397	D:0.433674124652648	D:0.966078042387016	D:0.0127727729294027	D:-0.0364916725741385	D:0.0386624610645031	D:10.7139328067127	N:	N:	N:	N:	N:	N:	N:	N:
S:FAM123B	D:-0.00323536568826798	D:0.709890224706433	D:0.92974608855408	D:-0.0881103367767285	D:-2.96027665496632	D:0.00324863023968644	D:0.0196894946464127	D:-0.080855334129872	D:-2.71996708141246	D:0.006797201762994	D:0.0431527354290662	D:0.355986773310932	D:0.700691028601466	D:0.987553110889477	D:0.0278998731859193	D:0.0194249502933046	D:0.0339960529721869	D:3.67686000538306	N:	N:	N:	N:	N:	N:	N:	N:
S:USP39	D:-0.00548831779744834	D:0.709954944103675	D:0.92974608855408	D:-0.07430750913774	D:-4.27510976169097	D:0.0000236899056417981	D:0.000651089235086325	D:-0.0616802481651287	D:-3.43512318759883	D:0.000650648292284991	D:0.00982178846098664	D:0.391120707633123	D:0.676542244501408	D:0.986364991209785	D:-0.00282984306996558	D:-0.0203543231789662	D:0.0205500969310228	D:12.5276695715574	N:	N:	N:	N:	N:	N:	N:	N:
S:MIA3	D:-0.00816090898891911	D:0.711143081404806	D:0.92974608855408	D:-0.091917787471671	D:-3.53131708461522	D:0.000459523070049557	D:0.00509044235364988	D:-0.099129753846922	D:-3.80963944591464	D:0.000159743512718676	D:0.00412903172226937	D:1.86890686542969	D:0.155560924440132	D:0.90089017663558	D:-0.0387141895201663	D:-0.0538241572273639	D:0.0663010435169715	D:14.3817595581706	N:	N:	N:	N:	N:	N:	N:	N:
S:MLH1	D:-0.00447434621854984	D:0.712404198787908	D:0.930121213835922	D:-0.0857693374401203	D:-3.51948511174862	D:0.00047989085154964	D:0.0052447131600288	D:-0.0765926057960215	D:-3.07724734665999	D:0.00222469235387424	D:0.0208702416164458	D:1.77526713091989	D:0.170695163728536	D:0.91041816731136	D:0.00382976858584684	D:-0.0607603631412053	D:0.0608809400097623	D:11.7595585153572	N:	N:	N:	N:	N:	N:	N:	N:
S:EGF	D:-0.00509628505839518	D:0.719583073472924	D:0.932124922520621	D:-0.160290622378664	D:-3.08390395135231	D:0.00217856011016792	D:0.0148541887573438	D:-0.164545698006083	D:-3.16867591286154	D:0.00164221830131595	D:0.017333907434392	D:0.24720021206551	D:0.781096784771318	D:0.989364001696824	D:0.0116214917215001	D:-0.0463541440777306	D:0.0477887616810888	D:11.061694959938	N:	N:	N:	N:	N:	N:	N:	N:
S:ACBD6	D:-0.00575835932042776	D:0.724858083355556	D:0.933666022625077	D:-0.0630760043522053	D:-4.46683812591126	D:0.0000102307857455796	D:0.000366825292209855	D:-0.0471209793592876	D:-3.08191485006098	D:0.0021908644121306	D:0.0207583015425984	D:0.238217152993718	D:0.788136937788094	D:0.989364001696824	D:0.0059550102049316	D:-0.0126673339710305	D:0.0139972674645612	D:10.3214283496785	N:	N:	N:	N:	N:	N:	N:	N:
S:SNX29	D:-0.00480826579346303	D:0.72763075208807	D:0.934028917316725	D:-0.0779157809901499	D:-3.51451267048106	D:0.000488700167955344	D:0.00532312708027613	D:-0.0737730618009857	D:-3.29026691963146	D:0.00108452540399754	D:0.0134366904542911	D:2.61332695653676	D:0.074470508948722	D:0.850339905642804	D:0.0122578240817832	D:-0.0657370077636955	D:0.0668700862938287	D:11.2958331279084	N:	N:	N:	N:	N:	N:	N:	N:
S:PDCD11	D:-0.00943213979617671	D:0.727820483212351	D:0.934028917316725	D:-0.0749095236367591	D:-4.26693092495813	D:0.0000245371319129295	D:0.000665944575986882	D:-0.0625177938018496	D:-3.4336025216765	D:0.000654208833732364	D:0.00984286974185846	D:0.316856539983403	D:0.728607568960506	D:0.988887668865741	D:0.0118179223645323	D:-0.0155951920023577	D:0.0195671485557941	D:9.52302782682702	N:	N:	N:	N:	N:	N:	N:	N:
S:SPATA7	D:-0.0021180060130902	D:0.730196765672666	D:0.934409406163056	D:-0.151812019792452	D:-3.53391661861303	D:0.000455158001234188	D:0.00505929607628968	D:-0.139259861655628	D:-3.20897000830389	D:0.0014332807416486	D:0.0158684073498897	D:0.578191122492273	D:0.561353661754225	D:0.979267131992144	D:0.0478953400137334	D:-0.0425917297171923	D:0.0640938299318545	D:8.77637524603452	N:	N:	N:	N:	N:	N:	N:	N:
S:ATP6V1A	D:-0.00477183290215112	D:0.730218520883962	D:0.934409406163056	D:-0.0701331617578899	D:-2.7084452834058	D:0.00703752378697349	D:0.033921427770526	D:-0.0844896470709969	D:-3.23065401745054	D:0.00133129774556582	D:0.0152143278532012	D:0.474193352907671	D:0.622716540564233	D:0.984208797062414	D:-0.0329039833171094	D:-0.0126215267079558	D:0.0352416664556637	D:16.6009237500929	N:	N:	N:	N:	N:	N:	N:	N:
S:FZD7	D:-0.000684939168433245	D:0.730814293919714	D:0.934532931550271	D:-0.274995199262701	D:-4.12697726766855	D:0.0000443807530874725	D:0.000985504881911705	D:-0.285845552386983	D:-4.31351096481775	D:0.0000200100524600666	D:0.00123349033161564	D:1.24828410195551	D:0.288049275955221	D:0.948286990928089	D:0.140742343007681	D:-0.0447342841673277	D:0.14768061245558	D:7.17550740129118	N:	N:	N:	N:	N:	N:	N:	N:
S:MBD1	D:-0.0102220352504136	D:0.733309223037341	D:0.935158387260149	D:-0.046481600758878	D:-3.0892072186521	D:0.00214090414414412	D:0.0146852534064081	D:-0.0462493313020018	D:-3.06548342483614	D:0.00231209397500666	D:0.021443107909637	D:0.186194021840536	D:0.830180351056808	D:0.990538766746216	D:-0.00456295979113502	D:-0.0110731568423531	D:0.0119764520836041	D:13.4930189682988	N:	N:	N:	N:	N:	N:	N:	N:
S:FAM154A	D:-0.000444097539198651	D:0.734189717605893	D:0.935501963950899	D:-0.303223368743421	D:-3.5974014546034	D:0.000359874884809263	D:0.00428799702686451	D:-0.271882056819461	D:-3.22012078813462	D:0.00137996723963867	D:0.0155153116936325	D:1.48969572357385	D:0.226618663700834	D:0.93028611335474	D:-0.196421147354035	D:-0.0522042070134238	D:0.203240119951194	D:17.007745850377	N:	N:	N:	N:	N:	N:	N:	N:
S:MYBPH	D:-0.010299676052112	D:0.734539977677377	D:0.935596419889607	D:-0.115964062224704	D:-2.75538261883245	D:0.00611864447618655	D:0.0306890225126184	D:-0.131561902395957	D:-3.06785116759607	D:0.00229425283541947	D:0.0213282562592445	D:1.72335626927653	D:0.179713758860518	D:0.91643699423105	D:0.0596551401390307	D:0.0861611436226219	D:0.104797320649745	D:2.31316359944694	N:	N:	N:	N:	N:	N:	N:	N:
S:FAM83D	D:-0.00230562991839912	D:0.734808302089981	D:0.935596419889607	D:-0.152125443618748	D:-2.60213108310179	D:0.00959378243855465	D:0.042328313983246	D:-0.166143100559608	D:-2.81889320101551	D:0.00504465751232029	D:0.0351310236807736	D:0.338024657712841	D:0.713369698320735	D:0.987553110889477	D:-0.0681234862651599	D:0.00758166552465717	D:0.0685440809483008	D:18.42336563726	N:	N:	N:	N:	N:	N:	N:	N:
S:STRAP	D:-0.00403265267064969	D:0.735382010736032	D:0.935596419889607	D:-0.0759919551274075	D:-3.75610482017792	D:0.000197060696950013	D:0.00281694446166803	D:-0.0646524343950094	D:-3.11084112099853	D:0.00199155733170797	D:0.0194975059212954	D:1.71770241291835	D:0.180724487089077	D:0.916853342361194	D:0.000070805890047555	D:-0.0499216117977015	D:0.0499216620111397	D:11.9945823384597	N:	N:	N:	N:	N:	N:	N:	N:
S:VPS35	D:-0.00423341078491994	D:0.736004753639575	D:0.935596419889607	D:-0.0745721569787379	D:-3.62095991456563	D:0.000329545854993798	D:0.00403993447455069	D:-0.0640229357865035	D:-3.07786918968875	D:0.00222015795019934	D:0.0208577435119449	D:1.29722072832826	D:0.274372577221364	D:0.944820426470376	D:-0.0343315165362306	D:-0.0291356953455681	D:0.0450282330426948	D:15.3120101562142	N:	N:	N:	N:	N:	N:	N:	N:
S:NUP50	D:-0.004259157788968	D:0.737391400418438	D:0.935854631786182	D:-0.0570932578393985	D:-3.23993822774951	D:0.00129111608456477	D:0.0104082918351816	D:-0.0623520090974512	D:-3.52652185293828	D:0.000466990802214721	D:0.00801182376301831	D:0.262694680305279	D:0.769101697839771	D:0.989171841166198	D:-0.00761362094476735	D:-0.0149018411607628	D:0.0167341594910293	D:13.8042208750066	N:	N:	N:	N:	N:	N:	N:	N:
S:CD40LG	D:-0.0167058122243067	D:0.741207829862842	D:0.937043553538612	D:-0.0989514686110626	D:-4.13715813096299	D:0.0000425316793443727	D:0.000958606166168844	D:-0.0799191731885849	D:-3.18228334800821	D:0.00156870353698957	D:0.0168336275762292	D:0.450728393057639	D:0.637468785881282	D:0.984849639686537	D:-0.00298332526657128	D:-0.0307139513135699	D:0.0308585002055918	D:12.3698588558712	N:	N:	N:	N:	N:	N:	N:	N:
S:CAPN14	D:-0.00146238495975642	D:0.742780752326486	D:0.937460791695167	D:-0.155737834126863	D:-3.37854468775689	D:0.000797065653710772	D:0.00742928961954931	D:-0.139370090708235	D:-2.9911996356498	D:0.00294090918638403	D:0.0249970884780906	D:0.378569750967507	D:0.685071427950995	D:0.986460847631032	D:-0.034100223857758	D:-0.0414656674324653	D:0.0536863748335555	D:14.6288625641257	N:	N:	N:	N:	N:	N:	N:	N:
S:ZBTB46	D:-0.00329950056821264	D:0.744185164562131	D:0.937728399943969	D:-0.121056798084378	D:-3.27810831386116	D:0.00113239218041762	D:0.00945230850837132	D:-0.105527615873789	D:-2.86547952483929	D:0.00437091646384786	D:0.0321823958628678	D:0.327030046788655	D:0.721243777892239	D:0.988590959198975	D:0.0328288436744247	D:0.0234192228114207	D:0.0403260830491976	D:3.6331300469441	N:	N:	N:	N:	N:	N:	N:	N:
S:PPP1R13B	D:-0.00293783040151195	D:0.74833215120957	D:0.93897852340144	D:-0.192178370168903	D:-6.52235715784333	D:0.000000000200194702035747	D:0.000000260800311498702	D:-0.125275001691594	D:-3.23574815189812	D:0.00130833460772014	D:0.015047773142707	D:3.05963829860369	D:0.047941613437742	D:0.826061255087532	D:-0.0208057532879768	D:-0.122183572278776	D:0.123942344276212	D:12.6442526187603	N:	N:	N:	N:	N:	N:	N:	N:
S:ATPAF1	D:-0.0041342555004234	D:0.753912478474274	D:0.940242963234147	D:-0.123154463793329	D:-4.66006011131205	D:0.00000425669235462851	D:0.000207431484543131	D:-0.117106970645215	D:-4.34516508551787	D:0.0000174374177459105	D:0.00115116412220552	D:0.866598515780982	D:0.421122187983762	D:0.965417982825822	D:-0.0277532075262682	D:-0.0376818275419447	D:0.0467991522882303	D:14.424811984082	N:	N:	N:	N:	N:	N:	N:	N:
S:TRMT6	D:-0.0045590884552716	D:0.759167056174684	D:0.942116527255537	D:-0.0997273188063869	D:-5.09748962703921	D:0.000000522554857707803	D:0.0000580334787803071	D:-0.0904458858656033	D:-4.36846540890413	D:0.0000157491587194485	D:0.0011084354128716	D:1.88188867328043	D:0.153571993208121	D:0.89848811954488	D:-0.0172554211742618	D:-0.0492117358016523	D:0.0521492521567931	D:13.2881679110035	N:	N:	N:	N:	N:	N:	N:	N:
S:CDCA2	D:-0.00207354147626974	D:0.763633122239372	D:0.94355411907654	D:-0.179368814389124	D:-3.54859413610426	D:0.000431231732483707	D:0.00485756856528858	D:-0.174244533062819	D:-3.41366632431698	D:0.00070260155118545	D:0.0102432602240343	D:1.61732219247022	D:0.199650950072067	D:0.924465346697901	D:0.0131626318335122	D:-0.118640277711098	D:0.11936821340772	D:11.5779445793641	N:	N:	N:	N:	N:	N:	N:	N:
S:TSHZ2	D:-0.00253055020580293	D:0.764271884700811	D:0.943697629512516	D:-0.0721520931656169	D:-4.00411617468157	D:0.0000736634017867358	D:0.00142661698148127	D:-0.0681188182231303	D:-3.61646611641925	D:0.000334599152288915	D:0.00655150504496762	D:4.31625216713842	D:0.0139412367944867	D:0.709441948440271	D:-0.0115406392047074	D:-0.0706810704568732	D:0.0716170375970879	D:12.6182193840507	N:	N:	N:	N:	N:	N:	N:	N:
S:MAGI3	D:-0.00147241103962336	D:0.765358314235272	D:0.944005600605673	D:-0.132190443578953	D:-4.4871311572107	D:0.00000934413448794221	D:0.00034257735840315	D:-0.115920448354684	D:-3.79553743310072	D:0.000168784144999911	D:0.0042722940122322	D:3.38910402864838	D:0.0346554009278497	D:0.782175932890641	D:-0.0344338535388017	D:-0.0973313661730659	D:0.10324284532425	D:13.2988494319782	N:	N:	N:	N:	N:	N:	N:	N:
S:CCDC125	D:-0.00520875533389462	D:0.766660765414256	D:0.944381775393864	D:-0.0955857692611268	D:-3.71288541729771	D:0.000232676101350842	D:0.00316403875887042	D:-0.0885190290365744	D:-3.43447099292324	D:0.000652173143465869	D:0.00983342237381678	D:0.136901921579757	D:0.87209428067613	D:0.991098228766629	D:-0.015437717965211	D:0.0105746242436646	D:0.0187121835676144	D:20.294040428367	N:	N:	N:	N:	N:	N:	N:	N:
S:SCFD1	D:-0.00412825354139958	D:0.76666901828445	D:0.944381775393864	D:-0.0833574729831855	D:-3.21525467121692	D:0.00140447779327907	D:0.010986749623085	D:-0.0769857768822971	D:-2.95542912744466	D:0.00329648349838993	D:0.0269525456242835	D:1.713353810631	D:0.181505761838778	D:0.919575860018555	D:-0.0134575266583004	D:-0.0609644921667373	D:0.0624321578107551	D:12.8298703385005	N:	N:	N:	N:	N:	N:	N:	N:
S:WDR6	D:-0.0137379223965803	D:0.7671278964747	D:0.94456873828071	D:-0.100989676066959	D:-4.59718180963839	D:0.00000568154378908728	D:0.000252899879686912	D:-0.0908075341896184	D:-4.06716508692967	D:0.0000567458958466568	D:0.00230724529370209	D:1.28223595929239	D:0.27848971234894	D:0.945897998731199	D:-0.016992323380912	D:-0.0432630646855339	D:0.046480445564411	D:13.4295522678909	N:	N:	N:	N:	N:	N:	N:	N:
S:LAMA2	D:-0.00159216337562676	D:0.768147569887078	D:0.945018652409177	D:-0.23577796020047	D:-4.10060380805643	D:0.000049533252536553	D:0.00106186131104098	D:-0.244101959454423	D:-4.24078916010083	D:0.0000273639563293494	D:0.00151908826884038	D:0.205442731002711	D:0.814367729506877	D:0.990538766746216	D:-0.0106170508563781	D:-0.0465809814984149	D:0.0477756172774627	D:12.8559928162517	N:	N:	N:	N:	N:	N:	N:	N:
S:RECQL5	D:-0.00676253603630734	D:0.771617477402947	D:0.945944130543666	D:-0.0815268540200453	D:-2.70376987632452	D:0.00713554651120176	D:0.0341921810631176	D:-0.0858306510641318	D:-2.82785454393715	D:0.004908162814178	D:0.0345125619114259	D:0.532409709066938	D:0.587580312608073	D:0.983324251100526	D:0.0125209647343466	D:-0.0392013915475065	D:0.0411524441210928	D:10.8190976396469	N:	N:	N:	N:	N:	N:	N:	N:
S:OR2A7	D:-0.0012606743797144	D:0.772486880449224	D:0.946158284694687	D:-0.193704744380227	D:-3.48374543388583	D:0.000546662954521089	D:0.00575557154865118	D:-0.190074752857483	D:-3.40682427381337	D:0.00071996520325523	D:0.0103829077762439	D:0.196920524382358	D:0.82133096112437	D:0.990538766746216	D:-0.0202481868087797	D:-0.040956141912512	D:0.0456880140671606	D:13.7538130674747	N:	N:	N:	N:	N:	N:	N:	N:
S:KCNMB3	D:-0.00151938975524149	D:0.773491235089336	D:0.946557652095556	D:-0.156555041732799	D:-3.25575088766907	D:0.00122301340724916	D:0.0100331255210142	D:-0.141340510563872	D:-2.91653357273892	D:0.00372738813443677	D:0.0292247468431466	D:0.96467129546834	D:0.38194322360614	D:0.960227634080898	D:-0.0950495077356416	D:0.0000583153462224782	D:0.095049525624631	D:18.0023434964787	N:	N:	N:	N:	N:	N:	N:	N:
S:ATP11C	D:-0.00647088266963512	D:0.780812692478073	D:0.94940605469375	D:-0.0748972840895159	D:-4.01723439512233	D:0.0000698262575303045	D:0.00136311178661306	D:-0.0672629062674682	D:-3.56440505581425	D:0.000406157547130911	D:0.00739641780638092	D:0.0465656940869119	D:0.954506733686866	D:0.996760838460121	D:-0.00631738566112633	D:-0.00456339409408123	D:0.00779319749841488	D:15.6104902497003	N:	N:	N:	N:	N:	N:	N:	N:
S:ZNF425	D:-0.00192835596860067	D:0.787987716981884	D:0.950657525514533	D:-0.152783715557846	D:-4.95054405552912	D:0.00000107553142644651	D:0.0000896603564675584	D:-0.153420212970604	D:-4.98469696186977	D:0.000000906028734840664	D:0.000205868691947923	D:1.73434191899632	D:0.177766086049487	D:0.914741780794853	D:-0.0450885399928098	D:-0.060718178893761	D:0.0756285242938005	D:14.4398070263527	N:	N:	N:	N:	N:	N:	N:	N:
S:HMGN2P46	D:-0.00293572466324699	D:0.788405670817938	D:0.950657525514533	D:-0.0999336866897636	D:-4.22563277251922	D:0.0000292758619045212	D:0.000745866515614405	D:-0.0945913616272177	D:-3.97321056782376	D:0.0000833197967984702	D:0.00284145226743264	D:1.04218778510279	D:0.353583836680241	D:0.959270072771647	D:-0.0338035426891237	D:-0.0312339554152742	D:0.0460243356195257	D:15.1508360311649	N:	N:	N:	N:	N:	N:	N:	N:
S:AOX1	D:-0.000216897230577632	D:0.789460132795698	D:0.950660220665636	D:-0.203807321852302	D:-3.17306153767259	D:0.00161980579358391	D:0.0121413981635686	D:-0.219715962242459	D:-3.38431698628126	D:0.000779947345982868	D:0.0109568304010433	D:0.473956146156926	D:0.622863941021391	D:0.984208797062414	D:-0.0502297830567698	D:-0.0666242822727268	D:0.083437558055627	D:14.4675728432825	N:	N:	N:	N:	N:	N:	N:	N:
S:BMP10	D:-0.000280199152192952	D:0.790334720449247	D:0.950895855409084	D:-0.149652925918426	D:-3.0999603184421	D:0.0020663834274762	D:0.0143544964650951	D:-0.14999304427665	D:-3.0798323963361	D:0.00220589820344337	D:0.0207980861581469	D:0.209233977696359	D:0.811289110819925	D:0.990538766746216	D:-0.0246277518465729	D:-0.0334679445135415	D:0.0415527312096072	D:14.4231932335549	N:	N:	N:	N:	N:	N:	N:	N:
S:XYLT1	D:-0.00358747985152608	D:0.791515392695065	D:0.950895855409084	D:-0.0871581986626538	D:-4.18474250678064	D:0.0000348199795904992	D:0.000835893392110497	D:-0.0810422467627878	D:-3.90570209657466	D:0.000109296662774616	D:0.00329085683710133	D:0.042052459822813	D:0.958823477944514	D:0.996760838460121	D:0.0045576396149708	D:-0.00668159590495759	D:0.00808800362865258	D:9.7134254391689	N:	N:	N:	N:	N:	N:	N:	N:
S:PPRC1	D:-0.0054955538739962	D:0.792617826887652	D:0.951443668257718	D:-0.0650247862941678	D:-3.22440362101117	D:0.00136142711255846	D:0.0107663485254978	D:-0.0561322296998775	D:-2.73918211412324	D:0.00641896675848185	D:0.0412337374843833	D:0.899982938640762	D:0.407351768655324	D:0.96415212136371	D:-0.000109348001224048	D:-0.03562643042898	D:0.0356265982391853	D:12.0117238039646	N:	N:	N:	N:	N:	N:	N:	N:
S:PVRIG	D:-0.00128115617818814	D:0.792660196094168	D:0.951443668257718	D:-0.0939796027547395	D:-4.93289720395006	D:0.00000117155954218175	D:0.0000953893542240564	D:-0.0781322976353149	D:-3.93837132002801	D:0.000095891708809053	D:0.00307183587186509	D:0.685632907830252	D:0.504328887340741	D:0.971534152892322	D:-0.0113978049158332	D:-0.0279831579563765	D:0.0302153452091964	D:13.4774354996066	N:	N:	N:	N:	N:	N:	N:	N:
S:METTL20	D:-0.00125282535386496	D:0.792986514600175	D:0.951606411280022	D:-0.217107217502779	D:-4.20894006239337	D:0.0000314290007231422	D:0.000775639140835097	D:-0.226973085475517	D:-4.41301783859173	D:0.0000129464149574715	D:0.000986565726234146	D:0.462359752604864	D:0.630112859525597	D:0.984208797062414	D:-0.0679167789279126	D:-0.013518833745488	D:0.0692491713003203	D:17.249494363895	N:	N:	N:	N:	N:	N:	N:	N:
S:ZNF469	D:-0.000507023739006322	D:0.79459018492025	D:0.951781836856828	D:-0.110740043992358	D:-4.50590455222178	D:0.00000858985711375245	D:0.000325299220658598	D:-0.0955198877814416	D:-3.74575951929203	D:0.00020470897980357	D:0.0047452172886614	D:3.36106423735049	D:0.035625226818708	D:0.785725233932701	D:0.0105435513623855	D:-0.0853632038173212	D:0.0860118773268481	D:11.5305886789471	N:	N:	N:	N:	N:	N:	N:	N:
S:CCDC77	D:-0.00330757792654354	D:0.796829159942694	D:0.952858659678797	D:-0.0670400422322543	D:-3.14128450374331	D:0.00180168005527297	D:0.0130487976690793	D:-0.0588401243582608	D:-2.73094112922392	D:0.00657879444189863	D:0.0420118373167128	D:0.775251486840564	D:0.461239635359466	D:0.967692421145506	D:0.0214297826391471	D:-0.0291405605307839	D:0.0361719207674872	D:9.57796489181822	N:	N:	N:	N:	N:	N:	N:	N:
S:C21ORF90	D:-0.00110664019107744	D:0.7978855539944	D:0.953010048871644	D:-0.200689711201124	D:-2.86404825664533	D:0.0043933758510868	D:0.0244102807808039	D:-0.228460724737183	D:-3.25619203449277	D:0.0012198196757151	D:0.0144376113162622	D:0.584575671264352	D:0.557790827404264	D:0.977958477099463	D:0.00859921844883655	D:-0.0981844135404591	D:0.0985602639008982	D:11.6663116563125	N:	N:	N:	N:	N:	N:	N:	N:
S:RBL1	D:-0.00350829653700854	D:0.797984215757839	D:0.953070547667048	D:-0.10188258012263	D:-3.35061270611538	D:0.000879598337409693	D:0.00791658648015421	D:-0.0835990171200244	D:-2.71643817413748	D:0.00686881162343484	D:0.0434520711989447	D:0.0122905727403347	D:0.987784999741818	D:0.998940164677581	D:-0.00284107948780883	D:-0.0056217524859013	D:0.00629887558765734	D:13.7873854627167	N:	N:	N:	N:	N:	N:	N:	N:
S:MCM7	D:-0.00721798001045052	D:0.79992696538159	D:0.953477470559213	D:-0.0676682269230901	D:-3.91286428158431	D:0.000106443184889628	D:0.00185383803558664	D:-0.0558214228710667	D:-3.1945161649368	D:0.00150522304193558	D:0.0163978607827796	D:0.401844982658703	D:0.669338983694827	D:0.985706471962942	D:-0.0218796433952024	D:0.00349697431754804	D:0.0221573379375505	D:18.6053769449466	N:	N:	N:	N:	N:	N:	N:	N:
S:PRKCE	D:-0.0020481378207103	D:0.801028577121264	D:0.953942497653636	D:-0.168313982144953	D:-5.60820057983996	D:0.0000000372278929328163	D:0.0000100633901296959	D:-0.161868146365837	D:-5.30557897279582	D:0.000000181356257085282	D:0.0000908687851206026	D:0.356193445729195	D:0.70054647281771	D:0.987553110889477	D:-0.000380628867569215	D:-0.0333606438437011	D:0.0333628151690036	D:12.0435792577012	N:	N:	N:	N:	N:	N:	N:	N:
S:KHDC1	D:-0.00151541047344118	D:0.801781591831449	D:0.953948513428925	D:-0.177210289028736	D:-4.53086402576674	D:0.00000767701971463727	D:0.000306198121336288	D:-0.173569823576135	D:-4.33201736592463	D:0.0000184650448151178	D:0.00117541351248106	D:0.539830879361675	D:0.583246836560228	D:0.982115268178959	D:0.0148489086528812	D:-0.0525267996090495	D:0.0545852980696346	D:10.9476549445483	N:	N:	N:	N:	N:	N:	N:	N:
S:PIAS2	D:-0.00383816840931701	D:0.804061807623377	D:0.95494352978045	D:-0.0716951742487874	D:-3.9548916039726	D:0.0000899225804359963	D:0.00163763014380224	D:-0.0544615782076865	D:-2.79544374296294	D:0.00541827578958997	D:0.0367213574306262	D:1.26897771289571	D:0.282184206942098	D:0.946954734546031	D:-0.017373908934712	D:-0.0365495699670203	D:0.040468800037137	D:13.6949445573599	N:	N:	N:	N:	N:	N:	N:	N:
S:RTKN	D:-0.00158278803892147	D:0.804762731411361	D:0.955013197717614	D:-0.165029131760429	D:-3.50455662435019	D:0.000506795334908814	D:0.00545399283456451	D:-0.137943521165224	D:-2.9339853944649	D:0.00352806059021765	D:0.0281624530751914	D:1.28112759739639	D:0.278796694060981	D:0.945897998731199	D:0.0468276452938684	D:0.0865351579605046	D:0.0983928957141614	D:1.89463986818519	N:	N:	N:	N:	N:	N:	N:	N:
S:THRA	D:-0.00713716692690997	D:0.804841913370173	D:0.955013197717614	D:-0.0532323210858317	D:-3.21498889655508	D:0.00140574703073746	D:0.0109922780022572	D:-0.0484978962613495	D:-2.89572645723059	D:0.0039784366074103	D:0.030322207726699	D:0.00789843499724847	D:0.992132821640604	D:0.998940164677581	D:-0.00254426949963704	D:-0.00135594476270905	D:0.00288303546393405	D:16.1296686921744	N:	N:	N:	N:	N:	N:	N:	N:
S:SLC10A4	D:-0.000694325174379793	D:0.810741833329252	D:0.957102786317291	D:-0.189962957206635	D:-2.78360632407366	D:0.00561976530258351	D:0.0289522366933257	D:-0.185327960443984	D:-2.73299681117043	D:0.00653859334398008	D:0.0418234541848494	D:1.26778926278681	D:0.282517771425163	D:0.946954734546031	D:-0.151516971360839	D:0.0192509635026751	D:0.152735039221989	D:18.4827272575025	N:	N:	N:	N:	N:	N:	N:	N:
S:ATXN2L	D:-0.010052235425439	D:0.811065033588454	D:0.95724057372521	D:-0.0820439609595306	D:-3.61081266615546	D:0.000342302617150642	D:0.00413663292624655	D:-0.0697426651550027	D:-2.99170747221681	D:0.00293612412248952	D:0.0249732713613322	D:1.66083819446512	D:0.191213083665055	D:0.921744746511297	D:0.00968072463573273	D:-0.0545498388717235	D:0.0554021782099213	D:11.3291157729876	N:	N:	N:	N:	N:	N:	N:	N:
S:GABPB2	D:-0.00353099428143349	D:0.811943451507348	D:0.957386638427126	D:-0.0636023463686107	D:-3.5030625754054	D:0.000509564262393298	D:0.00547109629199309	D:-0.0536839786945331	D:-2.84355023275775	D:0.00467714820334296	D:0.0335948511832093	D:2.11276623357335	D:0.122174041506152	D:0.888724539846668	D:-0.00923675515639083	D:-0.0493722181219098	D:0.0502288121310523	D:12.7064420978224	N:	N:	N:	N:	N:	N:	N:	N:
S:KIF15	D:-0.00130840004811342	D:0.813645666692107	D:0.958224532001079	D:-0.259042304959706	D:-3.63657445680616	D:0.000310784809704523	D:0.00390298583961188	D:-0.250143720137187	D:-3.4792431577378	D:0.000554887819361599	D:0.00892433158695063	D:0.0397312610790196	D:0.961051252677434	D:0.996760838460121	D:-0.0258015566294903	D:-0.0108122999676959	D:0.0279754562982667	D:16.4842387509207	N:	N:	N:	N:	N:	N:	N:	N:
S:FAM115A	D:-0.00325032513295905	D:0.814508018530763	D:0.958224532001079	D:-0.0984909164509563	D:-3.63670856041695	D:0.000310628118078605	D:0.00390298583961188	D:-0.0964346046906947	D:-3.52333041024193	D:0.000472487460053015	D:0.0080919171401367	D:3.03805370407599	D:0.0489726748806552	D:0.83287644894942	D:0.0310849437557478	D:-0.0833264948795623	D:0.088935810994288	D:10.6361315248441	N:	N:	N:	N:	N:	N:	N:	N:
S:PHRF1	D:-0.00658343679484958	D:0.815845382237075	D:0.958860759705179	D:-0.0692870979567301	D:-3.37532793911275	D:0.000806188919177304	D:0.0074733100899638	D:-0.0587352776364909	D:-2.81517376303514	D:0.00510231458092054	D:0.0353436119198045	D:0.403640895904127	D:0.668140262739784	D:0.985706471962942	D:0.0174297458999657	D:-0.0186664977483781	D:0.0255388758626447	D:9.1308223888101	N:	N:	N:	N:	N:	N:	N:	N:
S:HPS4	D:-0.00487193054438406	D:0.817148488067968	D:0.959071470295548	D:-0.0629867533599016	D:-3.30700821337181	D:0.00102447540927038	D:0.00881906342403197	D:-0.0607079411006057	D:-3.13291307292807	D:0.00185086281745281	D:0.0186143645475272	D:1.56896179571889	D:0.209467858569416	D:0.927481751728524	D:0.00395909616978508	D:-0.0444210452552394	D:0.0445971266344552	D:11.6604586713054	N:	N:	N:	N:	N:	N:	N:	N:
S:CA8	D:-0.0033809791205639	D:0.820982980338089	D:0.959575167853907	D:-0.117977453898988	D:-3.59973473307768	D:0.000356758055233367	D:0.00426646827253073	D:-0.0951008015959429	D:-2.80967267056468	D:0.00518868629450769	D:0.0357518049650828	D:0.833928121721455	D:0.435050850334853	D:0.966078042387016	D:-0.0129495322051692	D:-0.0551062900374562	D:0.0566073633551763	D:12.881607452354	N:	N:	N:	N:	N:	N:	N:	N:
S:TULP4	D:-0.00227350554603205	D:0.823647521466019	D:0.960851812575821	D:-0.0908000441102247	D:-4.48267884071471	D:0.00000953212067837175	D:0.000348814925423338	D:-0.0904011172091324	D:-4.46292832469381	D:0.0000103742475326344	D:0.000873806771703484	D:1.04378244506245	D:0.353023195821342	D:0.959270072771647	D:0.00408825470849131	D:-0.0378305168090628	D:0.0380507796057096	D:11.5888077816991	N:	N:	N:	N:	N:	N:	N:	N:
S:KRAS	D:-0.00217706588459181	D:0.824665241929265	D:0.960930428030154	D:-0.0800932854389172	D:-3.63474103324034	D:0.000312934511964834	D:0.00391139986803793	D:-0.0881082291005291	D:-4.01032223971225	D:0.0000716546087041984	D:0.0026074538336848	D:2.05674457687866	D:0.129143315224006	D:0.891097995336264	D:-0.0343296578157571	D:-0.0476512526476232	D:0.0587296116506366	D:14.3846880102127	N:	N:	N:	N:	N:	N:	N:	N:
S:ZNF77	D:-0.00396290318790459	D:0.826802845850436	D:0.960930428030154	D:-0.103716008827152	D:-3.42496710533028	D:0.000675667889809753	D:0.0066448043456328	D:-0.0900834888575177	D:-2.94069445068522	D:0.00345405839590611	D:0.0278133740727207	D:0.734047690390736	D:0.480571192418222	D:0.970523676882302	D:-0.0260393731589442	D:-0.0411805335725524	D:0.0487225337993711	D:14.1537389165479	N:	N:	N:	N:	N:	N:	N:	N:
S:CELSR1	D:-0.00132769847104822	D:0.82841501165883	D:0.961063159211717	D:-0.108444141402998	D:-4.30167175516904	D:0.0000211268960533771	D:0.000601808565275572	D:-0.086238851548658	D:-3.22201623812953	D:0.00137108944421616	D:0.0154887358442806	D:1.18035659886006	D:0.308176363637988	D:0.956911684216668	D:0.0505080084661311	D:-0.0274173816483658	D:0.0574697462641599	D:7.8996361364016	N:	N:	N:	N:	N:	N:	N:	N:
S:TOP2A	D:-0.00298892110361036	D:0.830253063842008	D:0.962055375183988	D:-0.386690602139109	D:-5.14438804208235	D:0.000000413525093203044	D:0.0000495748088728876	D:-0.362646607524731	D:-4.77646585753242	D:0.0000024619153525982	D:0.000399046293045049	D:1.53287392772786	D:0.217108256553851	D:0.927826835934733	D:0.0270702193994559	D:-0.171065650851474	D:0.173194265723705	D:11.4005210052492	N:	N:	N:	N:	N:	N:	N:	N:
S:ZNF174	D:-0.00477190896661697	D:0.830580480335112	D:0.962075118993736	D:-0.0780586661351285	D:-3.18375284041483	D:0.00156253242041286	D:0.0118300836990654	D:-0.0694496376236936	D:-2.80370679553341	D:0.00528385224029628	D:0.0361399218157612	D:0.225255428652426	D:0.798407745467105	D:0.990538766746216	D:-0.0221115546470456	D:-0.00677351862111846	D:0.0231257735745191	D:16.8645598800449	N:	N:	N:	N:	N:	N:	N:	N:
S:PSMA5	D:-0.00369959241200001	D:0.830722903402382	D:0.962075118993736	D:-0.0870537331759575	D:-4.2712947083124	D:0.0000240815621052805	D:0.000659996921597877	D:-0.0697209785166053	D:-3.24351246161469	D:0.00127403969031659	D:0.0148102377087903	D:0.683613428491242	D:0.505345113388721	D:0.971534152892322	D:0.00190760003672329	D:-0.0325667332437538	D:0.032622554346187	D:11.7765149166846	N:	N:	N:	N:	N:	N:	N:	N:
S:BAHD1	D:-0.00468773368040329	D:0.830734725747648	D:0.962075118993736	D:-0.0617886848565771	D:-4.15644781074476	D:0.0000392275262421672	D:0.000902879965015536	D:-0.0520019837685202	D:-3.31615074050742	D:0.000991211414226124	D:0.0127654089357837	D:1.37925714902164	D:0.252892651032073	D:0.9367386625767	D:0.00927159077683564	D:-0.0328645453232389	D:0.0341473386201081	D:10.9496952794477	N:	N:	N:	N:	N:	N:	N:	N:
S:SHF	D:-0.000816263015724829	D:0.831495206927857	D:0.962388290012295	D:-0.087703955190346	D:-2.63541603561315	D:0.00871596662303158	D:0.0394353736935176	D:-0.0932445135609121	D:-2.80851083046045	D:0.00520709686235709	D:0.0358281266856761	D:0.0400912784727549	D:0.960705384881408	D:0.996760838460121	D:0.00113901746510274	D:-0.0121632491080489	D:0.0122164638766814	D:11.6433456894928	N:	N:	N:	N:	N:	N:	N:	N:
S:TNFSF15	D:-0.000467924018690306	D:0.831560096453039	D:0.962410449819258	D:-0.117050909245457	D:-3.15321184126703	D:0.00173131303155881	D:0.0126995450261602	D:-0.111711631339663	D:-2.99514162873412	D:0.00290395264434766	D:0.0248124786284205	D:1.3166858148764	D:0.269115625658728	D:0.941085977272226	D:-0.0162777233082842	D:-0.0766466566194912	D:0.0783560734534806	D:12.7993311757743	N:	N:	N:	N:	N:	N:	N:	N:
S:FMNL3	D:-0.00502188132211879	D:0.832750450510797	D:0.962641293348361	D:-0.150136838652548	D:-3.29188291615087	D:0.00107970366832211	D:0.00914629988660256	D:-0.151641790892587	D:-3.33806746218712	D:0.00091809037353626	D:0.0121547452501843	D:7.11678235504816	D:0.000911932289424347	D:0.540621307029361	D:-0.0626213563490902	D:-0.213181697331728	D:0.22218881688383	D:13.0913307381422	N:	N:	N:	N:	N:	N:	N:	N:
S:TAF6	D:-0.00698254806734819	D:0.840771295913586	D:0.965021490077084	D:-0.0565229072877694	D:-3.08158337569328	D:0.00219522826542882	D:0.0149362658547161	D:-0.0493480387296687	D:-2.66036146930886	D:0.00810173613362308	D:0.0481053005460471	D:3.23831865077401	D:0.0402020719509903	D:0.813813159090897	D:-0.0162511790674339	D:-0.0589774435291228	D:0.0611754825588869	D:13.0270329402603	N:	N:	N:	N:	N:	N:	N:	N:
S:POGZ	D:-0.00500386456699744	D:0.843282279952383	D:0.965819533438523	D:-0.0661604619011557	D:-3.99455620859788	D:0.0000765849164602218	D:0.00146985852353804	D:-0.0561204468761956	D:-3.2976361802728	D:0.00105716032018857	D:0.0132697824543932	D:0.537705803394895	D:0.584484449964731	D:0.982115268178959	D:0.0245813203295494	D:0.0032593497726619	D:0.0247964648707123	D:5.4964632612653	N:	N:	N:	N:	N:	N:	N:	N:
S:HSPA4	D:-0.00291766594903956	D:0.843699580240677	D:0.965946351094812	D:-0.0582281936853068	D:-3.86566789778935	D:0.000128411049188089	D:0.00211218881497007	D:-0.0506213045268473	D:-3.17765027155103	D:0.00159338546448197	D:0.0169772875471332	D:4.43676957328603	D:0.0123885314173397	D:0.709441948440271	D:0.0072184091030557	D:-0.0612967037119279	D:0.0617202666546974	D:11.552245321387	N:	N:	N:	N:	N:	N:	N:	N:
S:MFSD6	D:-0.00320178859306259	D:0.844111563733557	D:0.966053788649836	D:-0.0756820349806482	D:-3.82848657214327	D:0.000148668395836826	D:0.00232782782295466	D:-0.0592982985274232	D:-2.84934997059416	D:0.00459431642658925	D:0.0332451213651111	D:0.484304510320394	D:0.616465938208935	D:0.984208797062414	D:-0.0185839970261504	D:-0.0199369623057728	D:0.0272552272316664	D:14.8658957806817	N:	N:	N:	N:	N:	N:	N:	N:
S:THADA	D:-0.00276210292589348	D:0.845975191307278	D:0.966162242666306	D:-0.0612755471994534	D:-3.79287913052668	D:0.000170869465631393	D:0.0025684309445408	D:-0.0554960366347197	D:-3.37648933039482	D:0.000801876891916065	D:0.0111082955519036	D:0.0304460104988973	D:0.970014921462071	D:0.996943519608554	D:-0.000863016421947407	D:0.0052148175542788	D:0.00528574682225371	D:23.3735408177735	N:	N:	N:	N:	N:	N:	N:	N:
S:BRPF3	D:-0.00462994594819744	D:0.84675493753475	D:0.966255491005136	D:-0.0810936214704562	D:-2.55009263229222	D:0.0111252524919957	D:0.0470254291468932	D:-0.0969774185292998	D:-3.00148551353658	D:0.00284537035961103	D:0.0244922654187734	D:0.317135724102304	D:0.728404485288823	D:0.988887668865741	D:-0.0097046913842407	D:-0.0319244301036081	D:0.033366903846529	D:13.1272480555792	N:	N:	N:	N:	N:	N:	N:	N:
S:MRE11A	D:-0.0032217579179678	D:0.847029215621624	D:0.966255491005136	D:-0.0956556331873347	D:-3.33227434476174	D:0.00093803562773555	D:0.0082995612001263	D:-0.0835307009333006	D:-2.84479921708626	D:0.00465919643958269	D:0.0335218547959814	D:0.176888706732807	D:0.837934823970823	D:0.990538766746216	D:0.0032136333064653	D:-0.022509938168998	D:0.0227381783659231	D:11.4583377715286	N:	N:	N:	N:	N:	N:	N:	N:
S:NAA50	D:-0.00202154940554883	D:0.847639078824834	D:0.966255491005136	D:-0.0663910034193166	D:-3.42712316639144	D:0.00067047232748998	D:0.00661397938367154	D:-0.0585848426513931	D:-3.02804577563068	D:0.00261167268511289	D:0.0232036370301624	D:0.973563036843993	D:0.378577453867079	D:0.960227634080898	D:-0.027469461939119	D:0.0248636489717854	D:0.0370509430300616	D:20.809962403763	N:	N:	N:	N:	N:	N:	N:	N:
S:PRDM10	D:-0.00259678693624788	D:0.847662750513374	D:0.966255491005136	D:-0.113563531274767	D:-4.06948778001144	D:0.0000563443959369577	D:0.00116654420624541	D:-0.107542843698652	D:-3.82930510308554	D:0.000147897090375401	D:0.00390021193390784	D:0.130850159697196	D:0.877384638907444	D:0.991098228766629	D:-0.018043171986737	D:-0.00812616353437925	D:0.01978864798642	D:16.3836312541711	N:	N:	N:	N:	N:	N:	N:	N:
S:APBB2	D:-0.000694199299035998	D:0.849197615913415	D:0.966813491242242	D:-0.0879173937683427	D:-2.71290689668388	D:0.00694511666714186	D:0.0336154140702326	D:-0.0932475974817544	D:-2.89478498764234	D:0.00399015207683094	D:0.0303745857940605	D:2.83392173896098	D:0.0598957933069017	D:0.83656058396868	D:0.0643126912866718	D:-0.0813685271759189	D:0.103715762906672	D:9.4451723982588	N:	N:	N:	N:	N:	N:	N:	N:
S:HPS3	D:-0.00246472498803079	D:0.850031236834984	D:0.967196861676563	D:-0.0770281238496098	D:-3.35658278099066	D:0.000861317050294165	D:0.00782605537023151	D:-0.0711165186636291	D:-3.07907504570387	D:0.0022113892080349	D:0.0208135122169341	D:0.374495759099256	D:0.687863128257196	D:0.986460847631032	D:0.0113964393163267	D:-0.0239480375819583	D:0.026521450433896	D:10.3034043624484	N:	N:	N:	N:	N:	N:	N:	N:
S:MST4	D:-0.00858770956394474	D:0.852138561099207	D:0.967579603842208	D:-0.135750760720382	D:-3.67041701494368	D:0.000273512190142078	D:0.00357266156922884	D:-0.145064574952453	D:-3.94064893159551	D:0.0000950177345253378	D:0.0030488367000979	D:2.01507215032125	D:0.134585384643377	D:0.892651935358644	D:-0.0193283149471219	D:-0.0936936552500103	D:0.0956665291144344	D:12.7770790665335	N:	N:	N:	N:	N:	N:	N:	N:
S:ZNF398	D:-0.00202738222290874	D:0.853089009743731	D:0.967992611373238	D:-0.0603517975193308	D:-3.86051937902151	D:0.000131051422316959	D:0.00215018962510133	D:-0.0556616154032493	D:-3.52217316497184	D:0.000474495516235028	D:0.00810997239784825	D:0.0928497206576827	D:0.911348967309432	D:0.993836342604036	D:0.00212575216787277	D:-0.00865337987708258	D:0.00891065685436901	D:11.0798841827547	N:	N:	N:	N:	N:	N:	N:	N:
S:SYVN1	D:-0.00639074461729117	D:0.855033886791332	D:0.968717626408611	D:-0.0509373507502108	D:-2.92159689767079	D:0.00367125442697244	D:0.021376418773321	D:-0.0565728899177924	D:-3.21164060237555	D:0.00142034148191034	D:0.0158057476640149	D:0.41728181181498	D:0.6591054700958	D:0.985706471962942	D:-0.0010279412058226	D:-0.0208103372577328	D:0.0208357097288095	D:12.1885244516787	N:	N:	N:	N:	N:	N:	N:	N:
S:CDHR3	D:-0.00109082277415387	D:0.858399147812612	D:0.969121621300624	D:-0.136832222638093	D:-3.48890825928824	D:0.00053650786113331	D:0.00568233068531491	D:-0.123494288764026	D:-3.08369411523545	D:0.00217809414425744	D:0.0207014288292484	D:1.24978710847653	D:0.287619193017593	D:0.948286990928089	D:0.0117115069856695	D:-0.0816001915449355	D:0.082436343053568	D:11.4555007662894	N:	N:	N:	N:	N:	N:	N:	N:
S:CTCF	D:-0.00346003225164699	D:0.858851751418858	D:0.969121621300624	D:-0.0739625437253737	D:-4.11499813085184	D:0.0000466544410853852	D:0.00101297159249945	D:-0.068346819399441	D:-3.74850424744788	D:0.000202553519488775	D:0.00474002852838963	D:0.677296393722644	D:0.508537222896214	D:0.971534152892322	D:0.00976852381801825	D:-0.0262119171361248	D:0.0279729987225943	D:10.6373891847562	N:	N:	N:	N:	N:	N:	N:	N:
S:YY1	D:-0.00200556557953641	D:0.860991927031344	D:0.969622599136997	D:-0.0779830453930137	D:-4.62599582018919	D:0.00000497942378512878	D:0.000231673619488575	D:-0.0688633983202804	D:-4.03371553897818	D:0.00006511696244222	D:0.00246243115888424	D:0.229115345478224	D:0.795335184093797	D:0.99041042631924	D:-0.00462989455696251	D:-0.0142603624809361	D:0.0149931271486732	D:13.1991330449943	N:	N:	N:	N:	N:	N:	N:	N:
S:ARHGEF3	D:-0.00311707784455938	D:0.861769207423919	D:0.969683431421072	D:-0.0769044677113739	D:-4.07967673457093	D:0.0000540216101621035	D:0.00112781654292485	D:-0.0619788782016031	D:-3.08915294975703	D:0.00213934070533471	D:0.0204224996203936	D:1.1326650244213	D:0.323146268874092	D:0.956911684216668	D:-0.0182830362200735	D:-0.0349575977831238	D:0.0394500070493173	D:13.8406560510567	N:	N:	N:	N:	N:	N:	N:	N:
S:PLEKHM3	D:-0.00128984191727742	D:0.862295899915778	D:0.969714677383556	D:-0.0443622357717385	D:-2.68438415242267	D:0.00755523509791287	D:0.0355751443489917	D:-0.0441227837410543	D:-2.67728386899032	D:0.00771021987763434	D:0.0464586514427545	D:0.151290198187697	D:0.859644587759071	D:0.991098228766629	D:-0.0113516954837817	D:-0.00518749371993806	D:0.0124808285562661	D:16.3627042867251	N:	N:	N:	N:	N:	N:	N:	N:
S:KPNA4	D:-0.00142095849277839	D:0.862334830441955	D:0.969714677383556	D:-0.0364331252976887	D:-3.07127694021003	D:0.00227068388153506	D:0.0152479153708167	D:-0.0371631659844881	D:-3.12322399399169	D:0.0019114563227933	D:0.0189988647017823	D:0.589673709145438	D:0.554962237920283	D:0.977958477099463	D:-0.0172119413364654	D:0.0059450351788586	D:0.0182097327780446	D:19.2703335709398	N:	N:	N:	N:	N:	N:	N:	N:
S:TOX2	D:-0.00148533586102991	D:0.86297318098724	D:0.969941264551944	D:-0.0904700096226504	D:-4.32074272708659	D:0.0000194524767519716	D:0.00057173355287062	D:-0.0834511038974666	D:-3.94415147406829	D:0.000093688440033049	D:0.00302106568760034	D:0.0108214694002784	D:0.989237145249316	D:0.998940164677581	D:0.00140399688110754	D:-0.00385316874458142	D:0.0041009897118109	D:10.6653029067686	N:	N:	N:	N:	N:	N:	N:	N:
S:C3ORF24	D:-0.000551268704257047	D:0.869580559796689	D:0.971751030684855	D:-0.199181294391523	D:-2.7256602984677	D:0.00668697474375991	D:0.0327166182943947	D:-0.215186141039858	D:-2.97837827884241	D:0.00306410923753529	D:0.0257087842896853	D:2.12345771464715	D:0.120887561717267	D:0.888724539846668	D:0.0549109176334172	D:-0.187454746825084	D:0.195331745967214	D:10.9115443906206	N:	N:	N:	N:	N:	N:	N:	N:
S:PRKCH	D:-0.00387297414510363	D:0.87072734813784	D:0.971909879765816	D:-0.133988280008806	D:-3.7473237335892	D:0.00020385215819905	D:0.00288657610388959	D:-0.131048339521963	D:-3.68895006832294	D:0.00025448350775295	D:0.00550095378871726	D:0.226576475751207	D:0.797354828804919	D:0.99052143402945	D:0.0293541151897248	D:0.0146912241021322	D:0.0328252363920003	D:4.2275221339364	N:	N:	N:	N:	N:	N:	N:	N:
S:PSMD7	D:-0.00205560051042928	D:0.872839536974369	D:0.972596173956205	D:-0.0842648377823254	D:-4.68494243171287	D:0.00000379369977806555	D:0.000195086019376786	D:-0.0712957658501555	D:-3.82967744230033	D:0.000147681015682256	D:0.00389977665871211	D:1.25747477885981	D:0.285429446947492	D:0.948286990928089	D:-0.00820918460748076	D:-0.0373325408914746	D:0.0382244597258525	D:12.8267733556436	N:	N:	N:	N:	N:	N:	N:	N:
S:USP54	D:-0.00118257517896158	D:0.874056740373677	D:0.972690238717645	D:-0.0986817215009938	D:-3.439387407834	D:0.000641620793436669	D:0.00644767026914755	D:-0.0892208621063666	D:-3.05838522498278	D:0.00236634645483136	D:0.0217779569344485	D:2.19993293453361	D:0.112073792236494	D:0.880003764027248	D:0.00202175847193567	D:-0.0793223860207129	D:0.0793481469937253	D:11.9026645909438	N:	N:	N:	N:	N:	N:	N:	N:
S:JUN	D:-0.00342597245165185	D:0.87440747448531	D:0.972884503529185	D:-0.110830904880838	D:-4.67593372112607	D:0.00000395543581916426	D:0.000198697098566295	D:-0.0956246378698503	D:-3.94281053710596	D:0.0000941952603977839	D:0.00302828881618059	D:3.01873454813691	D:0.0499144020200351	D:0.832973145363817	D:0.0841262429139992	D:-0.00429466361358111	D:0.0842357933563816	D:6.19482836341518	N:	N:	N:	N:	N:	N:	N:	N:
S:SMAD3	D:-0.00330954879764656	D:0.874677844348387	D:0.972979385623972	D:-0.0810706694600215	D:-4.2142983521467	D:0.0000307219106270441	D:0.000764760325558048	D:-0.0718276037871538	D:-3.6649911844401	D:0.000278718082975629	D:0.00587575212160462	D:0.827898237376808	D:0.437671779009264	D:0.966102458322465	D:-0.00387022274320546	D:-0.0324036799639683	D:0.0326339868739526	D:12.4540676172723	N:	N:	N:	N:	N:	N:	N:	N:
S:NFKBIA	D:-0.00296899870882226	D:0.882748493766217	D:0.975553188130304	D:-0.067863961772303	D:-2.89427127383008	D:0.00399943384927425	D:0.022751946680835	D:-0.0741706842195576	D:-3.15416789833418	D:0.00172409327014562	D:0.0177984599523913	D:2.0409189853097	D:0.131183470601101	D:0.892106772592489	D:-0.0531337482405124	D:-0.036444639604593	D:0.0644314128201052	D:15.7035750591084	N:	N:	N:	N:	N:	N:	N:	N:
S:GALNT11	D:-0.00174781183755889	D:0.887974951640809	D:0.977386192502823	D:-0.055430257789783	D:-3.14379707872523	D:0.00178664103881147	D:0.0129835450127984	D:-0.0483872330102679	D:-2.71304070776385	D:0.00693839618829413	D:0.043750629207956	D:0.0515156120501678	D:0.949794765113234	D:0.996760838460121	D:-0.00502073132442689	D:-0.00570602798977848	D:0.00760042751772668	D:14.7563021823125	N:	N:	N:	N:	N:	N:	N:	N:
S:TRAPPC10	D:-0.00253528921744782	D:0.888633900078467	D:0.977618318360759	D:-0.0976401337275914	D:-4.18295568187821	D:0.0000350837451143019	D:0.00083694130582519	D:-0.0939413176295894	D:-3.99440986083552	D:0.000076452592815847	D:0.00270644948589577	D:2.08929993979322	D:0.125046119854622	D:0.888724539846668	D:0.0208536831568432	D:-0.0597448255023919	D:0.0632796987628518	D:10.7172447439892	N:	N:	N:	N:	N:	N:	N:	N:
S:TTC17	D:-0.00164554180364467	D:0.891981081298065	D:0.978318130663625	D:-0.0513637080177376	D:-3.38550038062849	D:0.000777665882047968	D:0.00731649927833381	D:-0.0431287814333676	D:-2.80983801415707	D:0.00518607105606933	D:0.0357463895967023	D:0.31733093595541	D:0.72826251837718	D:0.988887668865741	D:-0.0116824537933073	D:0.0119257298239728	D:0.0166943930248199	D:21.0393597878305	N:	N:	N:	N:	N:	N:	N:	N:
S:ZNF609	D:-0.00316632631355915	D:0.89239473448891	D:0.978384610896236	D:-0.079432158369622	D:-3.42637736378479	D:0.00067226529156386	D:0.00661800305413067	D:-0.0715088038794066	D:-3.03592611413822	D:0.00254580230811501	D:0.0228724243231611	D:1.78165545079762	D:0.169617197575047	D:0.90999062990338	D:0.0347381563561522	D:-0.0487585026371663	D:0.0598676130010462	D:9.63546016183182	N:	N:	N:	N:	N:	N:	N:	N:
S:KIAA0494	D:-0.0019190093142079	D:0.896407687621101	D:0.979549525968475	D:-0.0837663765078788	D:-4.97549113156988	D:0.000000952645758650422	D:0.0000820072721136031	D:-0.0730320985468497	D:-4.17737421253699	D:0.0000358216306399184	D:0.0018040991864295	D:3.20651642975746	D:0.0414813792634482	D:0.813813159090897	D:-0.0131845325925188	D:-0.0557979190832455	D:0.0573344545077705	D:12.8863077053496	N:	N:	N:	N:	N:	N:	N:	N:
S:C1ORF115	D:-0.0018257122010011	D:0.897622780443615	D:0.979790560737816	D:-0.144616475265504	D:-3.16709019308517	D:0.0016526322098155	D:0.0123071974131116	D:-0.151689986336902	D:-3.34267622535486	D:0.000903366729200964	D:0.0120331896764254	D:0.333702895010428	D:0.716454487207108	D:0.988143133268022	D:-0.0514565190500324	D:-0.00777679728627499	D:0.0520408678711084	D:17.4270490951324	N:	N:	N:	N:	N:	N:	N:	N:
S:SHMT1	D:-0.00211123386407662	D:0.898506406222267	D:0.980041964892273	D:-0.0493501341932219	D:-2.74162001177497	D:0.00637614257431488	D:0.0315993411221626	D:-0.0517426460209577	D:-2.8811386436456	D:0.00416353143430952	D:0.0311483796928952	D:0.264082210567527	D:0.768036608214865	D:0.989044741352382	D:0.000388019228134813	D:-0.0169187912974736	D:0.016923240171104	D:11.9124130987263	N:	N:	N:	N:	N:	N:	N:	N:
S:VEZF1	D:-0.00132189999902664	D:0.899220578662039	D:0.980267024071836	D:-0.0569687722575726	D:-4.4263762956929	D:0.0000122452222702353	D:0.000412996082004326	D:-0.0508613436388234	D:-3.93770615099955	D:0.0000961483838719502	D:0.00307234025172112	D:0.203643154955793	D:0.815833150574055	D:0.990538766746216	D:-0.0116408889498071	D:0.0000626710206636867	D:0.0116410576494824	D:18.0205640096496	N:	N:	N:	N:	N:	N:	N:	N:
S:DEM1	D:-0.00152520226647649	D:0.899669259985687	D:0.980317786057223	D:-0.0783292883716225	D:-3.44239135187692	D:0.000634732921856249	D:0.00638687745931666	D:-0.073014719497324	D:-3.18809579892695	D:0.00153823834778839	D:0.0165978550823484	D:0.0349395784973917	D:0.965666541157177	D:0.996760838460121	D:0.000200992007263881	D:-0.00784792280994359	D:0.00785049617653667	D:11.9021951229611	N:	N:	N:	N:	N:	N:	N:	N:
S:PFKM	D:-0.00196582050955229	D:0.901323957838951	D:0.980424154281136	D:-0.0735718339600447	D:-3.43813336337047	D:0.000644516836975525	D:0.00645210220867763	D:-0.0613406742490954	D:-2.80817399219174	D:0.00521244548022061	D:0.0358523045156603	D:1.6256007645546	D:0.198017389483849	D:0.923154707902481	D:0.00375605111404214	D:-0.0510071287293633	D:0.0511452353712947	D:11.7192312050079	N:	N:	N:	N:	N:	N:	N:	N:
S:GAPVD1	D:-0.00121947607068518	D:0.904410129001115	D:0.981140476003457	D:-0.0464497407719894	D:-2.79159694938338	D:0.00548537400406255	D:0.0285160652095836	D:-0.0448613728742465	D:-2.70716093554682	D:0.00706032449395472	D:0.0441633607885181	D:1.3705518200821	D:0.255089466843704	D:0.937117387531459	D:0.0141192944685695	D:-0.0334183872405378	D:0.0362786863330071	D:10.4730603050591	N:	N:	N:	N:	N:	N:	N:	N:
S:ZFP36L2	D:-0.00152787919075544	D:0.906978859905565	D:0.981584798799265	D:-0.103970484330722	D:-4.86507888141767	D:0.00000162362778144989	D:0.000115372038099318	D:-0.0974965065222244	D:-4.59714808795869	D:0.00000566025708984336	D:0.000628449339730848	D:1.13274054829221	D:0.323121994221557	D:0.956911684216668	D:0.00193549211392708	D:0.0412873118227438	D:0.0413326535232321	D:0.178932132919816	N:	N:	N:	N:	N:	N:	N:	N:
S:SLC4A1AP	D:-0.00140034937766132	D:0.909639122704191	D:0.982676819817697	D:-0.0822728423945246	D:-4.27813440512733	D:0.0000233837237299532	D:0.00064906441108951	D:-0.0831607114935563	D:-4.32492923806515	D:0.0000190428184376837	D:0.00120037327448637	D:2.13287792847632	D:0.119765333709244	D:0.888724539846668	D:-0.02358065542067	D:-0.0461832699125244	D:0.0518550067966581	D:13.8032228419619	N:	N:	N:	N:	N:	N:	N:	N:
S:KIAA0240	D:-0.0020081808858864	D:0.912097296814932	D:0.983529154663093	D:-0.0572327778651803	D:-3.39656997672387	D:0.000747697088662014	D:0.00710639533538152	D:-0.0561019027602916	D:-3.34132440779279	D:0.000907662467082974	D:0.0120637607653781	D:1.5932701488778	D:0.204474217700399	D:0.926619775639052	D:0.0367063759166181	D:-0.0201487812903938	D:0.0418728004845652	D:7.91754432116206	N:	N:	N:	N:	N:	N:	N:	N:
S:DCAF5	D:-0.00233668664102578	D:0.917457837319433	D:0.984333729205063	D:-0.0820229738454044	D:-6.62282091346784	D:0.000000000108594255192801	D:0.000000212204034072252	D:-0.0704085827309154	D:-5.25466598235313	D:0.000000235370839370194	D:0.000102812762652319	D:3.33634659608013	D:0.036502739514132	D:0.791675952103945	D:-0.0237007391117608	D:-0.0387149155985506	D:0.0453934987002175	D:14.0982930192501	N:	N:	N:	N:	N:	N:	N:	N:
S:SEPT9	D:-0.00537175522765745	D:0.918388147413607	D:0.984333729205063	D:-0.0668718241154151	D:-3.50186555406482	D:0.000511792912816263	D:0.0054886714074275	D:-0.0561536803230294	D:-2.84456834805098	D:0.00466251001687777	D:0.0335333486344529	D:2.7750519352822	D:0.0634788978250927	D:0.840103863598374	D:-0.0172614315969484	D:-0.0577745807093849	D:0.0602980861795908	D:13.108978457118	N:	N:	N:	N:	N:	N:	N:	N:
S:NUP62	D:-0.00377367070434152	D:0.918822244718046	D:0.984333729205063	D:-0.0962068479244866	D:-4.30669289542576	D:0.0000206731551009365	D:0.000593207230289869	D:-0.0790950295466743	D:-3.38156227314443	D:0.000787600293305344	D:0.0110405289321949	D:2.66406987619147	D:0.0708300994084674	D:0.850339905642804	D:-0.0110327148079987	D:-0.068991527735759	D:0.0698681021307194	D:12.6056983574657	N:	N:	N:	N:	N:	N:	N:	N:
S:RAPGEF2	D:-0.00178397181114753	D:0.919402991685273	D:0.984333729205063	D:-0.0688599641941712	D:-2.64949618555837	D:0.00836683461108942	D:0.0383814243513577	D:-0.0843255970281979	D:-3.11518873176213	D:0.00196308828422055	D:0.0192961308661739	D:0.402004619448262	D:0.669232343241369	D:0.985706471962942	D:-0.0324678066076644	D:0.0108040436389541	D:0.0342182089663547	D:19.227031238966	N:	N:	N:	N:	N:	N:	N:	N:
S:GAR1	D:-0.00184614429111516	D:0.922125081861653	D:0.985101869724431	D:-0.108833134442048	D:-6.10307549563805	D:0.00000000237606161684476	D:0.00000160105586395736	D:-0.0954692267000994	D:-5.09075328562735	D:0.000000537267690352197	D:0.00016455122184599	D:1.15321469358779	D:0.316608369185425	D:0.956911684216668	D:0.012616576104232	D:-0.0353213315358085	D:0.037506992068898	D:10.6895710065058	N:	N:	N:	N:	N:	N:	N:	N:
S:GBE1	D:-0.000980171601282995	D:0.923309260992541	D:0.985646635508447	D:-0.119399252417767	D:-4.07750599621537	D:0.000054508710171552	D:0.00113555938748645	D:-0.109076968420926	D:-3.71829737976573	D:0.000227498858726785	D:0.00509515155426931	D:0.0515729310360927	D:0.949740338632177	D:0.996760838460121	D:0.00676148888162042	D:-0.0106630443874828	D:0.0126260939132301	D:9.84140100230551	N:	N:	N:	N:	N:	N:	N:	N:
S:TRPM3	D:-0.0000595796319908414	D:0.925434273195523	D:0.98613948830205	D:-0.117992547761618	D:-3.29569355785708	D:0.00106553490005076	D:0.00907682202064152	D:-0.105172617214445	D:-2.89877610604698	D:0.00394070223429064	D:0.0301744758465022	D:0.0345736878052135	D:0.96601987626989	D:0.996760838460121	D:0.0119757333226704	D:0.00540740620447945	D:0.0131399478871098	D:4.37995886206109	N:	N:	N:	N:	N:	N:	N:	N:
S:MCM3AP-AS1	D:-0.00149630948094089	D:0.927058346225454	D:0.986435319982936	D:-0.0757084378579519	D:-4.3051898069704	D:0.0000208079975877842	D:0.000596035493865844	D:-0.0540874138984625	D:-2.84957328848985	D:0.0045911538253906	D:0.0332451213651111	D:1.55008528414385	D:0.213430015761328	D:0.927783481998367	D:-0.0259867289273514	D:-0.0355899300339377	D:0.0440675980757316	D:14.4090552656339	N:	N:	N:	N:	N:	N:	N:	N:
S:ADAMTS16	D:-0.0000484354166717304	D:0.927666143526528	D:0.986594913531482	D:-0.191422530299902	D:-3.81791977685557	D:0.000154954865872008	D:0.00238404270928349	D:-0.165689981337733	D:-3.32285254587184	D:0.000968296990880463	D:0.0126059237167189	D:0.808793725214387	D:0.4460808984094	D:0.967692421145506	D:-0.000856265989708299	D:0.0822010367522384	D:0.0822054963769941	D:23.960212462099	N:	N:	N:	N:	N:	N:	N:	N:
S:SSRP1	D:-0.00298041940652865	D:0.929635655777587	D:0.987048846392054	D:-0.0835562412145175	D:-4.49305736859042	D:0.0000090994252529138	D:0.000336764903157554	D:-0.0759508011073943	D:-3.93191109694325	D:0.0000984122840271672	D:0.00311177094203053	D:4.11281865649721	D:0.0170188158775976	D:0.724372592619191	D:0.0198928042530731	D:-0.0698691894876145	D:0.0726459035370011	D:10.940503555627	N:	N:	N:	N:	N:	N:	N:	N:
S:TXNIP	D:-0.00148542081919217	D:0.931306689672775	D:0.987048846392054	D:-0.170496944982076	D:-5.89458696509567	D:0.00000000774670108064542	D:0.00000319205505763348	D:-0.181982695865091	D:-6.28408511499195	D:0.00000000081936197717193	D:0.00000266852539931945	D:1.07274646343045	D:0.34299422168561	D:0.95707960515839	D:-0.0079227166200589	D:-0.0543153711608338	D:0.0548901537890075	D:12.5532617810179	N:	N:	N:	N:	N:	N:	N:	N:
S:CENPE	D:-0.000291524815953194	D:0.931800839866055	D:0.987048846392054	D:-0.110707000507686	D:-2.85424943951839	D:0.00452848200221417	D:0.0249481440105067	D:-0.122252109761054	D:-3.16009366916381	D:0.0016902067963368	D:0.017627080866553	D:1.22628070581382	D:0.294419993322709	D:0.952385040554387	D:-0.0468771219116827	D:-0.0646636970522956	D:0.079867754915196	D:14.3959836479586	N:	N:	N:	N:	N:	N:	N:	N:
S:LYSMD3	D:-0.0000529799340881042	D:0.93628157108898	D:0.98747065460428	D:-0.129724647248038	D:-2.56492759884592	D:0.010667863247004	D:0.0457050461981376	D:-0.143434541999786	D:-2.84777149874285	D:0.00461672707280818	D:0.0333390479415169	D:1.20907585852471	D:0.2994998435793	D:0.953382074134607	D:-0.0704361362990584	D:-0.0767333920170477	D:0.104159794293103	D:14.8366572121631	N:	N:	N:	N:	N:	N:	N:	N:
S:MYO5B	D:-0.00017387866661231	D:0.943301285105412	D:0.989347971413778	D:-0.16502933612969	D:-2.70271437737476	D:0.00715784516714392	D:0.0342738182825679	D:-0.180474059703597	D:-2.97542844467416	D:0.00309311440868953	D:0.0259076505187322	D:2.45556820887799	D:0.0870339589801705	D:0.860742263980279	D:0.0136197806045987	D:-0.174042852652857	D:0.174574949472316	D:11.7016946027877	N:	N:	N:	N:	N:	N:	N:	N:
S:USP7	D:-0.000866121032351053	D:0.943369538440395	D:0.989362608629935	D:-0.0538792263507078	D:-3.13213214331644	D:0.00185745427298755	D:0.0133038573262054	D:-0.0507407723133622	D:-2.95483120369755	D:0.00330274767251737	D:0.0269811840588052	D:1.0262031571812	D:0.359253279602966	D:0.959270072771647	D:0.0333803569436554	D:0.00812630128672379	D:0.034355276192871	D:5.08784976258042	N:	N:	N:	N:	N:	N:	N:	N:
S:SLC22A5	D:-0.000748146114139114	D:0.943421717934312	D:0.989362746958242	D:-0.104839855785452	D:-3.53371616403173	D:0.000455493212584409	D:0.00506014375617506	D:-0.0927663523855847	D:-3.09909775287945	D:0.00207036690423318	D:0.0199985366661497	D:0.155085686928623	D:0.856390347306948	D:0.991098228766629	D:-0.0189448383346833	D:-0.012416614551932	D:0.0226512519843504	D:15.7839208024229	N:	N:	N:	N:	N:	N:	N:	N:
S:FOXN3	D:-0.00096878479799033	D:0.945868699482876	D:0.990433332630647	D:-0.104592381139649	D:-4.45039924888759	D:0.0000110076156668975	D:0.00038273988922926	D:-0.0992523763084001	D:-4.23372418575443	D:0.0000282021588174635	D:0.00154250287339541	D:0.31344772864787	D:0.731091793746403	D:0.988887668865741	D:-0.0110412130682996	D:-0.0215766760322	D:0.0242376016680303	D:13.8066484440406	N:	N:	N:	N:	N:	N:	N:	N:
S:SORCS3	D:-0.000733490753038643	D:0.946709704044984	D:0.990640977196285	D:-0.148216961832681	D:-2.96639865983556	D:0.00318597342945305	D:0.0194249943166746	D:-0.146716579703588	D:-2.85830406605299	D:0.00446904974810706	D:0.0326344174617938	D:1.26339038563752	D:0.283755862975931	D:0.94781075744273	D:-0.0380976358609711	D:-0.0989640063898353	D:0.1060438796863	D:13.403662498615	N:	N:	N:	N:	N:	N:	N:	N:
S:NAT8L	D:-0.0000845941125153261	D:0.948644782309968	D:0.9909677324003	D:-0.298942359833679	D:-4.00975015935498	D:0.0000719915341690947	D:0.001398396192046	D:-0.284949754427668	D:-3.77393628961629	D:0.000183574143467011	D:0.00444684833816979	D:0.409134614550587	D:0.66448673600236	D:0.985706471962942	D:0.00425488978039022	D:-0.0885183682689153	D:0.088620571020698	D:11.8165354582155	N:	N:	N:	N:	N:	N:	N:	N:
S:SLC41A3	D:-0.00132659425752366	D:0.95070396654524	D:0.991316847589759	D:-0.0814338227254738	D:-4.75058032388251	D:0.00000279311385163139	D:0.00016244118385336	D:-0.0648538658023085	D:-3.56408201142608	D:0.000406643338818927	D:0.00739641780638092	D:0.475706661337424	D:0.621776994195461	D:0.984208797062414	D:-0.00559659367831525	D:-0.0222988910351848	D:0.0229904850361884	D:12.9392747816788	N:	N:	N:	N:	N:	N:	N:	N:
S:MYL12A	D:-0.00108287394359678	D:0.95131062217342	D:0.991316847589759	D:-0.0933743833311718	D:-4.78622622116217	D:0.00000236176106178021	D:0.000144944541171065	D:-0.0866622413007318	D:-4.3830876162183	D:0.0000147707907854964	D:0.00107700008484845	D:1.95715536744578	D:0.142533647860353	D:0.893013200900893	D:-0.00331868325075111	D:-0.0505302374834899	D:0.0506391010846036	D:12.2505085538015	N:	N:	N:	N:	N:	N:	N:	N:
S:METTL13	D:-0.00135094555983082	D:0.955405682380625	D:0.992006094754336	D:-0.0352530663834349	D:-3.06497413893662	D:0.00231799559787378	D:0.0154910916477604	D:-0.0309395711581987	D:-2.65055121730261	D:0.00833679827305221	D:0.04890841320561	D:0.535131024413514	D:0.585987499588897	D:0.982536400108833	D:0.00198770571577293	D:-0.0155862368170136	D:0.0157124712292035	D:11.5154883825944	N:	N:	N:	N:	N:	N:	N:	N:
S:ADCK3	D:-0.00168983724332877	D:0.957804474517411	D:0.992241093845478	D:-0.0828698909485718	D:-3.62151839640725	D:0.000328856879403864	D:0.0040340190084312	D:-0.0809969747077255	D:-3.55666013112686	D:0.000417955446785009	D:0.0075313122754528	D:0.366541367522017	D:0.693346858605971	D:0.986869111240858	D:-0.0220672264853233	D:0.0155986083120743	D:0.0270236760272926	D:20.3503502760825	N:	N:	N:	N:	N:	N:	N:	N:
S:KHDRBS1	D:-0.000741548515667999	D:0.958990773085682	D:0.992551589910746	D:-0.0742162618855836	D:-4.57822648594105	D:0.00000619428963617284	D:0.000266663303840885	D:-0.0736103024577248	D:-4.51631109863019	D:0.00000816733045333777	D:0.000781994897002173	D:5.32176889025162	D:0.0052157323881981	D:0.638025339363049	D:-0.00545374150717281	D:-0.068608514009313	D:0.0688249336432165	D:12.302995143991	N:	N:	N:	N:	N:	N:	N:	N:
S:GNL1	D:-0.000358468266059439	D:0.960328436782226	D:0.993049514237212	D:-0.135432167756661	D:-4.96300412184657	D:0.00000101235514227624	D:0.000085729841090813	D:-0.123784533982062	D:-4.40752866731074	D:0.000013263986796658	D:0.000994317675449533	D:2.52783426887432	D:0.0810342373662096	D:0.858260180148023	D:0.0051479588021853	D:-0.0818108749547266	D:0.0819726828930645	D:11.7599602458507	N:	N:	N:	N:	N:	N:	N:	N:
S:NOV	D:-0.00156314302479806	D:0.964538277580038	D:0.993770642823726	D:-0.177253888447768	D:-5.19854756000588	D:0.000000314913896071304	D:0.0000410248829541957	D:-0.177409121826866	D:-5.19131754118178	D:0.000000324624646011475	D:0.000129458983830821	D:1.09859573533744	D:0.334285701320833	D:0.95707960515839	D:-0.0310295423333746	D:0.0598273086613446	D:0.067395395681593	D:22.1724270512626	N:	N:	N:	N:	N:	N:	N:	N:
S:TMED10	D:-0.000591664818858229	D:0.964557087850641	D:0.993770642823726	D:-0.0634261851687545	D:-3.2601041534375	D:0.00120485781884831	D:0.00990497544725068	D:-0.066904097176043	D:-3.45237612405868	D:0.00061149853494693	D:0.00946103948645919	D:1.37257036260245	D:0.254578380189714	D:0.936923257986279	D:-0.0298617333384754	D:-0.0306654805691934	D:0.0428029767249638	D:14.9492805361264	N:	N:	N:	N:	N:	N:	N:	N:
S:ABLIM2	D:-0.000116933217518488	D:0.966044053183877	D:0.993770642823726	D:-0.143331070492665	D:-5.39782388886563	D:0.000000113295664163377	D:0.0000204991719760792	D:-0.119822276621916	D:-4.31875362333427	D:0.0000195602605567075	D:0.00121354639307755	D:0.680142393254826	D:0.507096589029575	D:0.971534152892322	D:-0.0425736899524424	D:-0.014325421844508	D:0.0449192251401313	D:16.7601779326735	N:	N:	N:	N:	N:	N:	N:	N:
S:CPA3	D:-0.00304553950931625	D:0.968368705425761	D:0.993770642823726	D:-0.123074113929018	D:-3.22935964861269	D:0.00133861966789124	D:0.01064199943001	D:-0.114861334961377	D:-2.99757794641331	D:0.00288132514617867	D:0.0246764374766468	D:0.706074543797253	D:0.494157278972919	D:0.971534152892322	D:0.012913670706224	D:-0.0580891224231306	D:0.0595072183436451	D:11.1644343011334	N:	N:	N:	N:	N:	N:	N:	N:
S:USP42	D:-0.000427610760874814	D:0.969060423582085	D:0.994184646568633	D:-0.082849645753297	D:-4.62693613525038	D:0.00000495797803771408	D:0.000231226369534536	D:-0.0806753429216752	D:-4.43428175733615	D:0.0000117835744191723	D:0.000936754441367518	D:4.2333591119017	D:0.0151213230816216	D:0.716835455902377	D:0.00913227727558775	D:-0.068290090816366	D:0.0688980042667836	D:11.4922104336971	N:	N:	N:	N:	N:	N:	N:	N:
S:SLC24A1	D:-0.000341123778895812	D:0.969061442607434	D:0.994184646568633	D:-0.161645730781285	D:-4.56292659853487	D:0.00000664028385370559	D:0.000277853933159017	D:-0.14507950115018	D:-3.99177964343077	D:0.0000772744595662627	D:0.00272370268755903	D:1.00836421960945	D:0.365688327575644	D:0.959270072771647	D:-0.0437126282675177	D:-0.0525763269502597	D:0.0683744398560953	D:14.6493711403389	N:	N:	N:	N:	N:	N:	N:	N:
S:HLA-J	D:-0.00111329448853019	D:0.969101843653778	D:0.994184646568633	D:-0.0623841740825012	D:-2.74882380313521	D:0.00624016397919143	D:0.0311261554899413	D:-0.0735906515395227	D:-3.1707489590299	D:0.00163081687930013	D:0.0172444765359328	D:0.350359331185651	D:0.7046386480415	D:0.987553110889477	D:-0.0112751122554849	D:0.0231994626409346	D:0.025794247870444	D:22.2719934433678	N:	N:	N:	N:	N:	N:	N:	N:
S:R3HDM1	D:-0.000616270131930338	D:0.969279986071618	D:0.994252064069199	D:-0.0960112928683503	D:-3.75480185650311	D:0.000198054773510214	D:0.00282495498479057	D:-0.0874814265749066	D:-3.40716886916968	D:0.000719081212620544	D:0.0103778182982408	D:0.791968264835539	D:0.453621206923793	D:0.967692421145506	D:0.0354104551293056	D:-0.027191667762393	D:0.0446462442783817	D:8.50137582878736	N:	N:	N:	N:	N:	N:	N:	N:
S:GCC1	D:-0.00073486009027268	D:0.970013501780627	D:0.994540092223294	D:-0.0593291919458132	D:-3.92818220366761	D:0.000100114154185638	D:0.00176087370561795	D:-0.0608043380842245	D:-4.02277679408031	D:0.0000681001311767934	D:0.00253287795072261	D:0.466655802182069	D:0.62741756228194	D:0.984208797062414	D:0.00525956447686492	D:0.0181832867921563	D:0.0189286802776133	D:1.07551030849823	N:	N:	N:	N:	N:	N:	N:	N:
S:ATP6V1E2	D:-0.000479279221820319	D:0.970618251537068	D:0.994540092223294	D:-0.0797646878647207	D:-4.02984317088678	D:0.0000663175772173011	D:0.00130900179434674	D:-0.0741530102418463	D:-3.71814995384042	D:0.000227627414506786	D:0.00509515155426931	D:1.06702640604552	D:0.344951883139	D:0.957432814874086	D:0.00236723565888383	D:-0.0377448568634687	D:0.0378190167020301	D:11.7607529255084	N:	N:	N:	N:	N:	N:	N:	N:
S:RASGRP2	D:-0.00128298336842665	D:0.97326680339485	D:0.995159601507557	D:-0.114042435222039	D:-4.89082033163552	D:0.00000143510478285479	D:0.000107035811304448	D:-0.104850811209278	D:-4.41786667990664	D:0.0000126719559527194	D:0.000978745815304704	D:0.835913833132051	D:0.434191203971452	D:0.966078042387016	D:-0.0215634622716516	D:-0.0340274977919971	D:0.0402846560259028	D:14.1575146519995	N:	N:	N:	N:	N:	N:	N:	N:
S:AUTS2	D:-0.00043691541039561	D:0.973784352165129	D:0.995287701648982	D:-0.150117488415071	D:-3.83267932287948	D:0.000146241436585202	D:0.00230119206238328	D:-0.139728138435393	D:-3.49663385300438	D:0.00052089773037261	D:0.0086023014736954	D:3.44844252185086	D:0.0326895920768121	D:0.777497218447519	D:-0.0677904310994122	D:-0.119466970081822	D:0.137360472804861	D:13.9714896054861	N:	N:	N:	N:	N:	N:	N:	N:
S:MYO5A	D:-0.000469749686339394	D:0.97476439499521	D:0.99555630120589	D:-0.074831139846767	D:-3.37332750678282	D:0.000811911442455392	D:0.00751566153340635	D:-0.0634003473003188	D:-2.84513324774967	D:0.00465440600929613	D:0.0334997229567793	D:0.764399690077598	D:0.4662538652923	D:0.967692421145506	D:0.0368648937660301	D:-0.0122412400901164	D:0.0388441546609597	D:7.22460664436898	N:	N:	N:	N:	N:	N:	N:	N:
S:ETF1	D:-0.000232835274647028	D:0.974818473987998	D:0.99555630120589	D:-0.0804669287829819	D:-3.53240814684541	D:0.000457686234862582	D:0.00507584944123139	D:-0.0877828471275391	D:-3.85770720043068	D:0.000132244595334972	D:0.00364373654205711	D:0.968317596572391	D:0.380559376477163	D:0.960227634080898	D:-0.00637211077245454	D:-0.0404803928257849	D:0.0409788481905762	D:12.5963769363151	N:	N:	N:	N:	N:	N:	N:	N:
S:RTF1	D:-0.000385832827964233	D:0.975052344988306	D:0.995619773994408	D:-0.0700411595527076	D:-5.01785869948656	D:0.00000077436879993247	D:0.0000724663282398855	D:-0.0720704361357717	D:-5.15429109059281	D:0.000000391157430343879	D:0.000141681981819194	D:0.19790215826402	D:0.820525859687552	D:0.990538766746216	D:0.0100986396189038	D:-0.00686127807559744	D:0.0122089990983359	D:8.27954708449127	N:	N:	N:	N:	N:	N:	N:	N:
S:WNT1	D:-0.000259816616274471	D:0.975659011807088	D:0.995880260811276	D:-0.0781625779886005	D:-3.22146546583194	D:0.0013751176932544	D:0.0108358209742651	D:-0.0791456430828551	D:-3.23114621964504	D:0.00132906283723969	D:0.0152056305049771	D:0.313148198498134	D:0.731310487367033	D:0.988887668865741	D:-0.0110143875821372	D:-0.0227588669024748	D:0.0252840415379761	D:13.7216758804604	N:	N:	N:	N:	N:	N:	N:	N:
S:NCAPD2	D:-0.000915152423804193	D:0.976542627384807	D:0.996246243523283	D:-0.105826806036568	D:-4.27570779795775	D:0.0000236290649390193	D:0.000650331771793488	D:-0.0841184122633413	D:-3.20856495922305	D:0.00143525273622335	D:0.0158811163316384	D:2.26891254375111	D:0.104678870989406	D:0.87220229631552	D:0.0289042792714182	D:-0.0679695874107035	D:0.0738601528090851	D:10.464148338183	N:	N:	N:	N:	N:	N:	N:	N:
S:C17ORF85	D:-0.000542646529195663	D:0.979395084749352	D:0.996516219364448	D:-0.0914587837412907	D:-4.85535476249059	D:0.00000170088521433894	D:0.000118404796945695	D:-0.0806775859375321	D:-4.1919803501974	D:0.0000336770925321878	D:0.00172444379135883	D:0.046930472589245	D:0.954158690374318	D:0.996760838460121	D:-0.0082754122324928	D:-0.000676567265168707	D:0.00830302299659524	D:17.6884068606969	N:	N:	N:	N:	N:	N:	N:	N:
S:SLC18A2	D:-0.000374001634456005	D:0.982415324239858	D:0.997017032380315	D:-0.16134740136366	D:-3.99261844327168	D:0.000077190347099682	D:0.00147302399675281	D:-0.15876757509106	D:-3.91595846921236	D:0.000104908081740637	D:0.00320815152628135	D:1.08629168879526	D:0.338402831079902	D:0.95707960515839	D:-0.0621272050064523	D:-0.0510711412830295	D:0.0804241945801443	D:15.3718917383533	N:	N:	N:	N:	N:	N:	N:	N:
S:CBR1	D:-0.000440084351373513	D:0.982723826373785	D:0.997017032380315	D:-0.065757552730762	D:-3.08389778936812	D:0.00217860421567715	D:0.0148541887573438	D:-0.0591303922038083	D:-2.7739682766868	D:0.00578225023128408	D:0.0382631059158558	D:0.935660596707716	D:0.393135066597639	D:0.960380452490487	D:-0.0409510859510541	D:-0.00313429577243412	D:0.0410708564624567	D:17.7082169629087	N:	N:	N:	N:	N:	N:	N:	N:
S:APLNR	D:-0.0000109030316414599	D:0.986317149906367	D:0.997675962862355	D:-0.1934271953224	D:-3.37099039572563	D:0.000818644986759818	D:0.0075472781929998	D:-0.191024477885869	D:-3.32054618517122	D:0.00097612661920963	D:0.0126445458182777	D:0.367284722220686	D:0.69283253722428	D:0.986869111240858	D:-0.0137867023101543	D:-0.0623313555932958	D:0.0638378496715444	D:12.8314741420117	N:	N:	N:	N:	N:	N:	N:	N:
S:PCNA	D:-0.000268986352899643	D:0.988291294530592	D:0.998017585583213	D:-0.0778867332122903	D:-3.43249596582942	D:0.000657686977789064	D:0.00653195274907376	D:-0.0660934242919593	D:-2.86859267831025	D:0.00432895322756743	D:0.0319939769364202	D:0.230867835053594	D:0.793944095791541	D:0.989879017277003	D:-0.0101362841545564	D:-0.0178113633603083	D:0.0204936312354557	D:13.9762539242899	N:	N:	N:	N:	N:	N:	N:	N:
S:ZKSCAN1	D:-0.000190930416162028	D:0.989545136155469	D:0.998081044095832	D:-0.0425889626775856	D:-2.78023863504565	D:0.0056772928083231	D:0.0291640322732497	D:-0.0405290794998131	D:-2.65137683752064	D:0.00831678230986431	D:0.0488345162679413	D:0.305545046565899	D:0.736883780782402	D:0.988887668865741	D:-0.0117331562629851	D:-0.0108758482805447	D:0.0159984696678481	D:15.1447700686987	N:	N:	N:	N:	N:	N:	N:	N:
S:FBXL16	D:-0.000192028066491631	D:0.994154450394368	D:0.998878634549169	D:-0.111727697335934	D:-3.50553501176461	D:0.000504989719590926	D:0.00544591838329264	D:-0.0893508370453207	D:-2.67513767790183	D:0.00775891359112479	D:0.0466370133756289	D:5.11083101042686	D:0.00640803241958506	D:0.662881684141537	D:-0.0148127348144034	D:-0.137394585220137	D:0.138190770894786	D:12.4102256078293	N:	N:	N:	N:	N:	N:	N:	N:
S:ABCD4	D:-0.000132227940591373	D:0.994861252856796	D:0.9989477858893	D:-0.0656322020750058	D:-3.06421269009358	D:0.00232377231817065	D:0.0155121459145228	D:-0.0575020042348661	D:-2.67623433431041	D:0.00773399773212348	D:0.0465363088500159	D:2.26819310165563	D:0.104753410620109	D:0.87220229631552	D:-0.0524526045376885	D:-0.0335122830213004	D:0.0622442674957853	D:15.8283498150274	N:	N:	N:	N:	N:	N:	N:	N:
S:JARID2	D:-0.000119696864378211	D:0.995319420198733	D:0.999033133334169	D:-0.0671376123328206	D:-2.91205578389899	D:0.00378294201041513	D:0.0218682758311643	D:-0.070426784671682	D:-3.06809529536827	D:0.00229242052718372	D:0.0213282562592445	D:0.0963122538094466	D:0.908200250359387	D:0.993489636971651	D:0.0125669199603478	D:-0.00639762812905747	D:0.014101670928209	D:7.79866356276541	N:	N:	N:	N:	N:	N:	N:	N:
S:C2CD3	D:-0.000105676252714044	D:0.99550784919209	D:0.999051600839641	D:-0.103412548329025	D:-2.8518099743756	D:0.00456269942921824	D:0.0251012695794915	D:-0.10005375042557	D:-2.77375627955345	D:0.00578595096919577	D:0.0382746336794362	D:0.108550975559301	D:0.897158083772236	D:0.992428805633076	D:-0.0208165460520469	D:-0.0100160980481389	D:0.0231008833088027	D:16.2869987728344	N:	N:	N:	N:	N:	N:	N:	N:
S:WHAMM	D:-0.000108843282725122	D:0.995773943402943	D:0.99924678245339	D:-0.0528482557778966	D:-4.05061471224205	D:0.0000608999101024818	D:0.0012314464675225	D:-0.0452596180828771	D:-3.25620603158746	D:0.00121976102175207	D:0.0144376113162622	D:2.09544650307346	D:0.12428733863045	D:0.888724539846668	D:0.0090269416047116	D:-0.0361293829656206	D:0.0372400052122895	D:11.0647881892839	N:	N:	N:	N:	N:	N:	N:	N:
S:ZNF407	D:-0.0000709620132621053	D:0.995845422143347	D:0.999282581865996	D:-0.084628246726615	D:-3.35567565829847	D:0.000864071828362562	D:0.00783518682043286	D:-0.0768782357294809	D:-3.04906740627563	D:0.00243933943309671	D:0.0221810757850828	D:1.42973530274225	D:0.240523820612046	D:0.933266293860831	D:-0.0392153207310345	D:-0.0410779849397364	D:0.0567912161055485	D:14.9114051011753	N:	N:	N:	N:	N:	N:	N:	N:
S:AP1S3	D:-0.000025906023560439	D:0.996747936214965	D:0.999297035929575	D:-0.168730999035174	D:-4.14099382517403	D:0.0000418542435099831	D:0.000949196818629063	D:-0.165162150579374	D:-4.05871658253279	D:0.0000587579852538132	D:0.00233585019199981	D:1.47233286529063	D:0.230559997835241	D:0.930466473532677	D:-0.0940560869907561	D:0.0292815137889896	D:0.0985086521569932	D:19.1528263243999	N:	N:	N:	N:	N:	N:	N:	N:
N:	N:	N:	N:	N:	N:	N:	N:	N:	N:	N:	N:	N:	N:	N:	N:	N:	N:	N:	N:	N:	N:	N:	N:	N:	N:	N:
N:	N:	N:	N:	N:	N:	N:	N:	N:	N:	N:	N:	N:	N:	N:	N:	N:	N:	N:	N:	N:	N:	N:	N:	N:	N:	N:
S:Source	S:analysis metadata	N:	N:	N:	N:	N:	N:	N:	N:	N:	N:	N:	N:	N:	N:	N:	N:	N:	N:	N:	N:	N:	N:	N:	N:	N:
S:Description	S:Reactome procedure, thresholds, correction, and background for Supplementary Fig. 4f.	N:	N:	N:	N:	N:	N:	N:	N:	N:	N:	N:	N:	N:	N:	N:	N:	N:	N:	N:	N:	N:	N:	N:	N:	N:
N:	N:	N:	N:	N:	N:	N:	N:	N:	N:	N:	N:	N:	N:	N:	N:	N:	N:	N:	N:	N:	N:	N:	N:	N:	N:	N:
S:item	S:value	N:	N:	N:	N:	N:	N:	N:	N:	N:	N:	N:	N:	N:	N:	N:	N:	N:	N:	N:	N:	N:	N:	N:	N:	N:
S:analysis_version	S:Participant-aware dual-FDR human blood SR-down analysis	N:	N:	N:	N:	N:	N:	N:	N:	N:	N:	N:	N:	N:	N:	N:	N:	N:	N:	N:	N:	N:	N:	N:	N:	N:
S:SR_down_definition	S:Participant-aware human blood SR-down: phase-adjusted log2FC < 0, phase-model BH FDR < 0.05, delta MESOR < 0, and MESOR BH FDR < 0.05.	N:	N:	N:	N:	N:	N:	N:	N:	N:	N:	N:	N:	N:	N:	N:	N:	N:	N:	N:	N:	N:	N:	N:	N:	N:
S:repeated_measures_model	S:Participant-aware cosinor model: expression ~ condition + sin(2*pi*phase/24) + cos(2*pi*phase/24) + condition:sin(2*pi*phase/24) + condition:cos(2*pi*phase/24), fitted with limma duplicateCorrelation and participant identity as the repeated-measures block.	N:	N:	N:	N:	N:	N:	N:	N:	N:	N:	N:	N:	N:	N:	N:	N:	N:	N:	N:	N:	N:	N:	N:	N:	N:
S:Reactome_procedure	S:Fisher/Reactome over-representation analysis.	N:	N:	N:	N:	N:	N:	N:	N:	N:	N:	N:	N:	N:	N:	N:	N:	N:	N:	N:	N:	N:	N:	N:	N:	N:
S:Reactome_display_threshold	S:Nominal Reactome P < 0.05 and at least two overlapping genes for displayed network terms.	N:	N:	N:	N:	N:	N:	N:	N:	N:	N:	N:	N:	N:	N:	N:	N:	N:	N:	N:	N:	N:	N:	N:	N:	N:
S:Reactome_background_universe	S:Reactome-mapped genes from the 15,442-gene Supplementary Fig. 4e shared universe; row-specific BgRatio denominator = 8,971.	N:	N:	N:	N:	N:	N:	N:	N:	N:	N:	N:	N:	N:	N:	N:	N:	N:	N:	N:	N:	N:	N:	N:	N:	N:
S:Reactome_multiple_testing	S:Benjamini-Hochberg FDR across all tested Reactome terms; raw P and BH FDR are both reported.	N:	N:	N:	N:	N:	N:	N:	N:	N:	N:	N:	N:	N:	N:	N:	N:	N:	N:	N:	N:	N:	N:	N:	N:	N:
S:network_selection	S:Representative nonredundant terms were selected from qualifying terms; no HSF1/proteostasis or contextual terms were forced.	N:	N:	N:	N:	N:	N:	N:	N:	N:	N:	N:	N:	N:	N:	N:	N:	N:	N:	N:	N:	N:	N:	N:	N:	N:
