#start_row=1	cols=29
S:Source	S:panel_review_SRdown_bothFDR_matched/SF5_skin_bothFDR_clean_Reactome_network_nodes.csv	N:	N:	N:	N:	N:	N:	N:	N:	N:	N:	N:	N:	N:	N:	N:	N:	N:	N:	N:	N:	N:	N:	N:	N:	N:	N:	N:
S:Description	S:Supplementary Fig. 5 Skin plotted Reactome nodes.	N:	N:	N:	N:	N:	N:	N:	N:	N:	N:	N:	N:	N:	N:	N:	N:	N:	N:	N:	N:	N:	N:	N:	N:	N:	N:	N:
N:	N:	N:	N:	N:	N:	N:	N:	N:	N:	N:	N:	N:	N:	N:	N:	N:	N:	N:	N:	N:	N:	N:	N:	N:	N:	N:	N:	N:
S:tissue	S:pathway	S:is_hsf	S:ID	S:Description	S:GeneRatio	S:BgRatio	S:RichFactor	S:FoldEnrichment	S:zScore	S:pvalue	S:p.adjust	S:qvalue	S:geneID	S:Count	S:family	S:display_label	S:node_id	S:force_label	S:display_status	S:i	S:n	S:angle	S:radius	S:cx	S:cy	S:x	S:y	S:label
S:Skin	S:Cargo concentration in the er	S:FALSE	S:R-MMU-5694530	S:Cargo concentration in the ER	S:5/141	S:18/2996	D:0.277777777777778	D:5.90228526398739	D:4.6352952103618	D:0.00112116211854711	D:0.13951283760703	D:0.13951283760703	S:Lman1/Mia3/Sar1b/Sec24a/Tmed10	D:5	S:ER / protein transport	S:Cargo concentration in\nthe er	D:3	S:FALSE	S:nominal Reactome p < 0.05; overlap genes >= 2	D:1	D:2	D:0	D:0.15	D:-0.25	D:0.48	D:-0.1	D:0.48	S:Cargo concentration in\nthe er
S:Skin	S:N-glycan trimming in the er and calnexin/calreticulin cycle	S:FALSE	S:R-MMU-532668	S:N-glycan trimming in the ER and Calnexin/Calreticulin cycle	S:4/141	S:11/2996	D:0.363636363636364	D:7.72662798194713	D:4.96622621196479	D:0.00119803296162291	D:0.13951283760703	D:0.13951283760703	S:Calr/Canx/Pdia3/Rad23b	D:4	S:ER / protein transport	S:N-glycan trimming /\ncalnexin-calreticulin	D:4	S:FALSE	S:nominal Reactome p < 0.05; overlap genes >= 2	D:2	D:2	D:3.14159265358979	D:0.19	D:-0.25	D:0.48	D:-0.44	D:0.48	S:N-glycan trimming /\ncalnexin-calreticulin
S:Skin	S:Cd209 (dc-sign) signaling	S:FALSE	S:R-MMU-5621575	S:CD209 (DC-SIGN) signaling	S:3/141	S:13/2996	D:0.230769230769231	D:4.90343698854337	D:3.1339866056549	D:0.0206169455494471	D:0.99617810459226	D:0.99617810459226	S:Icam2/Kras/Rps6ka5	D:3	S:Signaling / neuronal	S:Cd209 (dc-sign)\nsignaling	D:5	S:FALSE	S:nominal Reactome p < 0.05; overlap genes >= 2	D:1	D:1	D:0	D:0	D:0.2	D:-0.7	D:0.2	D:-0.7	S:NA
S:Skin	S:Antigen presentation: folding, assembly and peptide loading of class i mhc	S:FALSE	S:R-MMU-983170	S:Antigen Presentation: Folding, assembly and peptide loading of class I MHC	S:6/141	S:18/2996	D:0.333333333333333	D:7.08274231678487	D:5.75146177926101	D:0.000113517551414967	D:0.0535802842678644	D:0.0535802842678644	S:Calr/Canx/Hspa5/Pdia3/Sar1b/Sec24a	D:6	S:Other	S:MHC-I antigen\npresentation / peptide\nloading	D:1	S:FALSE	S:nominal Reactome p < 0.05; overlap genes >= 2	D:1	D:2	D:0	D:0.15	D:0	D:0	D:0.15	D:0	S:MHC-I antigen\npresentation / peptide\nloading
S:Skin	S:Adaptive immune system	S:FALSE	S:R-MMU-1280218	S:Adaptive Immune System	S:26/141	S:293/2996	D:0.0887372013651877	D:1.88550819354683	D:3.54575141408716	D:0.000879628408815874	D:0.13951283760703	D:0.13951283760703	S:Calr/Canx/Dad1/Erlin2/Hspa5/Icam2/Kif2a/Kif3a/Kras/Pdia3/Ppp3ca/Prkab2/Prkcb/Psmd7/Psme2/Rbbp6/Sar1b/Sec24a/Sel1l/Sh3kbp1/Syk/Ube2k/Ubr1/Wwp1/Yes1/Ywhag	D:26	S:Other	S:Adaptive immune system	D:2	S:FALSE	S:nominal Reactome p < 0.05; overlap genes >= 2	D:2	D:2	D:3.14159265358979	D:0.19	D:0	D:0	D:-0.19	D:0.0000000000000000232682891837997	S:Adaptive immune system
N:	N:	N:	N:	N:	N:	N:	N:	N:	N:	N:	N:	N:	N:	N:	N:	N:	N:	N:	N:	N:	N:	N:	N:	N:	N:	N:	N:	N:
N:	N:	N:	N:	N:	N:	N:	N:	N:	N:	N:	N:	N:	N:	N:	N:	N:	N:	N:	N:	N:	N:	N:	N:	N:	N:	N:	N:	N:
S:Source	S:panel_review_SRdown_bothFDR_matched/SF5_skin_bothFDR_clean_Reactome_network_edges.csv	N:	N:	N:	N:	N:	N:	N:	N:	N:	N:	N:	N:	N:	N:	N:	N:	N:	N:	N:	N:	N:	N:	N:	N:	N:	N:	N:
S:Description	S:Supplementary Fig. 5 Skin plotted Reactome edges.	N:	N:	N:	N:	N:	N:	N:	N:	N:	N:	N:	N:	N:	N:	N:	N:	N:	N:	N:	N:	N:	N:	N:	N:	N:	N:	N:
N:	N:	N:	N:	N:	N:	N:	N:	N:	N:	N:	N:	N:	N:	N:	N:	N:	N:	N:	N:	N:	N:	N:	N:	N:	N:	N:	N:	N:
S:from	S:to	S:shared_n	S:x1	S:y1	S:x2	S:y2	N:	N:	N:	N:	N:	N:	N:	N:	N:	N:	N:	N:	N:	N:	N:	N:	N:	N:	N:	N:	N:	N:
D:4	D:5	D:6	D:-0.44	D:0.48	D:0.2	D:-0.7	N:	N:	N:	N:	N:	N:	N:	N:	N:	N:	N:	N:	N:	N:	N:	N:	N:	N:	N:	N:	N:	N:
D:2	D:4	D:3	D:-0.19	D:0.0000000000000000232682891837997	D:-0.44	D:0.48	N:	N:	N:	N:	N:	N:	N:	N:	N:	N:	N:	N:	N:	N:	N:	N:	N:	N:	N:	N:	N:	N:
D:2	D:5	D:3	D:-0.19	D:0.0000000000000000232682891837997	D:0.2	D:-0.7	N:	N:	N:	N:	N:	N:	N:	N:	N:	N:	N:	N:	N:	N:	N:	N:	N:	N:	N:	N:	N:	N:
N:	N:	N:	N:	N:	N:	N:	N:	N:	N:	N:	N:	N:	N:	N:	N:	N:	N:	N:	N:	N:	N:	N:	N:	N:	N:	N:	N:	N:
N:	N:	N:	N:	N:	N:	N:	N:	N:	N:	N:	N:	N:	N:	N:	N:	N:	N:	N:	N:	N:	N:	N:	N:	N:	N:	N:	N:	N:
S:Source	S:panel_review_SRdown_bothFDR_matched/F4_SF5_bothFDR_full_Reactome_ORA.csv	N:	N:	N:	N:	N:	N:	N:	N:	N:	N:	N:	N:	N:	N:	N:	N:	N:	N:	N:	N:	N:	N:	N:	N:	N:	N:	N:
S:Description	S:Full Skin Reactome ORA supporting Supplementary Fig. 5.	N:	N:	N:	N:	N:	N:	N:	N:	N:	N:	N:	N:	N:	N:	N:	N:	N:	N:	N:	N:	N:	N:	N:	N:	N:	N:	N:
N:	N:	N:	N:	N:	N:	N:	N:	N:	N:	N:	N:	N:	N:	N:	N:	N:	N:	N:	N:	N:	N:	N:	N:	N:	N:	N:	N:	N:
S:tissue	S:pathway	S:is_hsf	S:ID	S:Description	S:GeneRatio	S:BgRatio	S:RichFactor	S:FoldEnrichment	S:zScore	S:pvalue	S:p.adjust	S:qvalue	S:geneID	S:Count	N:	N:	N:	N:	N:	N:	N:	N:	N:	N:	N:	N:	N:	N:
S:Skin	S:Antigen presentation: folding, assembly and peptide loading of class i mhc	S:FALSE	S:R-MMU-983170	S:Antigen Presentation: Folding, assembly and peptide loading of class I MHC	S:6/141	S:18/2996	D:0.333333333333333	D:7.08274231678487	D:5.75146177926101	D:0.000113517551414967	D:0.0535802842678644	D:0.0535802842678644	S:Calr/Canx/Hspa5/Pdia3/Sar1b/Sec24a	D:6	N:	N:	N:	N:	N:	N:	N:	N:	N:	N:	N:	N:	N:	N:
S:Skin	S:Adaptive immune system	S:FALSE	S:R-MMU-1280218	S:Adaptive Immune System	S:26/141	S:293/2996	D:0.0887372013651877	D:1.88550819354683	D:3.54575141408716	D:0.000879628408815874	D:0.13951283760703	D:0.13951283760703	S:Calr/Canx/Dad1/Erlin2/Hspa5/Icam2/Kif2a/Kif3a/Kras/Pdia3/Ppp3ca/Prkab2/Prkcb/Psmd7/Psme2/Rbbp6/Sar1b/Sec24a/Sel1l/Sh3kbp1/Syk/Ube2k/Ubr1/Wwp1/Yes1/Ywhag	D:26	N:	N:	N:	N:	N:	N:	N:	N:	N:	N:	N:	N:	N:	N:
S:Skin	S:Cargo concentration in the er	S:FALSE	S:R-MMU-5694530	S:Cargo concentration in the ER	S:5/141	S:18/2996	D:0.277777777777778	D:5.90228526398739	D:4.6352952103618	D:0.00112116211854711	D:0.13951283760703	D:0.13951283760703	S:Lman1/Mia3/Sar1b/Sec24a/Tmed10	D:5	N:	N:	N:	N:	N:	N:	N:	N:	N:	N:	N:	N:	N:	N:
S:Skin	S:N-glycan trimming in the er and calnexin/calreticulin cycle	S:FALSE	S:R-MMU-532668	S:N-glycan trimming in the ER and Calnexin/Calreticulin cycle	S:4/141	S:11/2996	D:0.363636363636364	D:7.72662798194713	D:4.96622621196479	D:0.00119803296162291	D:0.13951283760703	D:0.13951283760703	S:Calr/Canx/Pdia3/Rad23b	D:4	N:	N:	N:	N:	N:	N:	N:	N:	N:	N:	N:	N:	N:	N:
S:Skin	S:Asparagine n-linked glycosylation	S:FALSE	S:R-MMU-446203	S:Asparagine N-linked glycosylation	S:15/141	S:136/2996	D:0.110294117647059	D:2.34355444305382	D:3.56325268020439	D:0.00147789022888803	D:0.13951283760703	D:0.13951283760703	S:Calr/Canx/Copa/Copb2/Dpagt1/Gfpt1/Lman1/Man2a1/Mia3/Mpi/Pdia3/Rad23b/Sar1b/Sec24a/Tmed10	D:15	N:	N:	N:	N:	N:	N:	N:	N:	N:	N:	N:	N:	N:	N:
S:Skin	S:Cd209 (dc-sign) signaling	S:FALSE	S:R-MMU-5621575	S:CD209 (DC-SIGN) signaling	S:3/141	S:13/2996	D:0.230769230769231	D:4.90343698854337	D:3.1339866056549	D:0.0206169455494471	D:0.99617810459226	D:0.99617810459226	S:Icam2/Kras/Rps6ka5	D:3	N:	N:	N:	N:	N:	N:	N:	N:	N:	N:	N:	N:	N:	N:
S:Skin	S:Vesicle-mediated transport	S:FALSE	S:R-MMU-5653656	S:Vesicle-mediated transport	S:23/141	S:318/2996	D:0.0723270440251572	D:1.53682144609483	D:2.24979550473652	D:0.0218002679132745	D:0.99617810459226	D:0.99617810459226	S:Als2/Ap3b1/Arpc2/Calr/Chmp2b/Copa/Copb2/Gcc1/Hspa8/Kif2a/Kif3a/Lman1/Mia3/Pum1/Rab14/Rab3gap2/Sar1b/Sec24a/Sh3kbp1/Tbc1d13/Tmed10/Tpd52/Ubqln2	D:23	N:	N:	N:	N:	N:	N:	N:	N:	N:	N:	N:	N:	N:	N:
S:Skin	S:Membrane trafficking	S:FALSE	S:R-MMU-199991	S:Membrane Trafficking	S:22/141	S:302/2996	D:0.0728476821192053	D:1.54788408247616	D:2.23099333251727	D:0.0229999000444662	D:0.99617810459226	D:0.99617810459226	S:Als2/Ap3b1/Arpc2/Chmp2b/Copa/Copb2/Gcc1/Hspa8/Kif2a/Kif3a/Lman1/Mia3/Pum1/Rab14/Rab3gap2/Sar1b/Sec24a/Sh3kbp1/Tbc1d13/Tmed10/Tpd52/Ubqln2	D:22	N:	N:	N:	N:	N:	N:	N:	N:	N:	N:	N:	N:	N:	N:
S:Skin	S:Class i mhc mediated antigen processing & presentation	S:FALSE	S:R-MMU-983169	S:Class I MHC mediated antigen processing & presentation	S:12/141	S:137/2996	D:0.0875912408759124	D:1.86115856499456	D:2.29266839780496	D:0.0256716951647747	D:0.99617810459226	D:0.99617810459226	S:Calr/Canx/Hspa5/Pdia3/Psmd7/Psme2/Rbbp6/Sar1b/Sec24a/Ube2k/Ubr1/Wwp1	D:12	N:	N:	N:	N:	N:	N:	N:	N:	N:	N:	N:	N:	N:	N:
S:Skin	S:Branched-chain amino acid catabolism	S:FALSE	S:R-MMU-70895	S:Branched-chain amino acid catabolism	S:3/141	S:17/2996	D:0.176470588235294	D:3.74968710888611	D:2.52625624482929	D:0.0427398425349069	D:0.99617810459226	D:0.99617810459226	S:Acadsb/Mccc1/Mccc2	D:3	N:	N:	N:	N:	N:	N:	N:	N:	N:	N:	N:	N:	N:	N:
S:Skin	S:Copi-dependent golgi-to-er retrograde traffic	S:FALSE	S:R-MMU-6811434	S:COPI-dependent Golgi-to-ER retrograde traffic	S:5/141	S:44/2996	D:0.113636363636364	D:2.41457124435848	D:2.1003801269385	D:0.0534137425250666	D:0.99617810459226	D:0.99617810459226	S:Copa/Copb2/Kif2a/Kif3a/Tmed10	D:5	N:	N:	N:	N:	N:	N:	N:	N:	N:	N:	N:	N:	N:	N:
S:Skin	S:Regulation of pd-l1(cd274) post-translational modification	S:FALSE	S:R-MMU-9909615	S:Regulation of PD-L1(CD274) Post-translational modification	S:6/141	S:59/2996	D:0.101694915254237	D:2.16083663901911	D:2.00101365858004	D:0.0566563085934927	D:0.99617810459226	D:0.99617810459226	S:Dad1/Erlin2/Prkab2/Psmd7/Sel1l/Ywhag	D:6	N:	N:	N:	N:	N:	N:	N:	N:	N:	N:	N:	N:	N:	N:
S:Skin	S:Signaling by the b cell receptor (bcr)	S:FALSE	S:R-MMU-983705	S:Signaling by the B Cell Receptor (BCR)	S:6/141	S:60/2996	D:0.1	D:2.12482269503546	D:1.95562951562982	D:0.0606143977401989	D:0.99617810459226	D:0.99617810459226	S:Kras/Ppp3ca/Prkcb/Psmd7/Sh3kbp1/Syk	D:6	N:	N:	N:	N:	N:	N:	N:	N:	N:	N:	N:	N:	N:	N:
S:Skin	S:Mrna polyadenylation	S:FALSE	S:R-MMU-9770562	S:mRNA Polyadenylation	S:8/141	S:91/2996	D:0.0879120879120879	D:1.86797599563557	D:1.86835868805224	D:0.0620692168106985	D:0.99617810459226	D:0.99617810459226	S:Ddx46/Hnrnpa2b1/Hnrnpk/Hnrnpu/Papolg/Rbbp6/Srsf3/U2surp	D:8	N:	N:	N:	N:	N:	N:	N:	N:	N:	N:	N:	N:	N:	N:
S:Skin	S:Non-integrin membrane-ecm interactions	S:FALSE	S:R-MMU-3000171	S:Non-integrin membrane-ECM interactions	S:4/141	S:33/2996	D:0.121212121212121	D:2.57554266064904	D:2.02220986445527	D:0.0667674287697332	D:0.99617810459226	D:0.99617810459226	S:Acta1/Itga2/Itga6/Sntb1	D:4	N:	N:	N:	N:	N:	N:	N:	N:	N:	N:	N:	N:	N:	N:
S:Skin	S:Metabolism of water-soluble vitamins and cofactors	S:FALSE	S:R-MMU-196849	S:Metabolism of water-soluble vitamins and cofactors	S:5/141	S:47/2996	D:0.106382978723404	D:2.26044967556964	D:1.93527179380742	D:0.0675271121930128	D:0.99617810459226	D:0.99617810459226	S:Aldh1l1/Hlcs/Mccc1/Mccc2/Mtr	D:5	N:	N:	N:	N:	N:	N:	N:	N:	N:	N:	N:	N:	N:	N:
S:Skin	S:Extracellular matrix organization	S:FALSE	S:R-MMU-1474244	S:Extracellular matrix organization	S:9/141	S:109/2996	D:0.0825688073394495	D:1.75444075736873	D:1.78287096700364	D:0.0683543395686248	D:0.99617810459226	D:0.99617810459226	S:Acta1/Fbln5/Icam2/Itga2/Itga6/Nid2/P4hb/Sh3pxd2a/Sntb1	D:9	N:	N:	N:	N:	N:	N:	N:	N:	N:	N:	N:	N:	N:	N:
S:Skin	S:Regulation of pd-l1(cd274) expression	S:FALSE	S:R-MMU-9909648	S:Regulation of PD-L1(CD274) expression	S:6/141	S:62/2996	D:0.0967741935483871	D:2.05628002745367	D:1.86745339190641	D:0.0690145515665441	D:0.99617810459226	D:0.99617810459226	S:Dad1/Erlin2/Prkab2/Psmd7/Sel1l/Ywhag	D:6	N:	N:	N:	N:	N:	N:	N:	N:	N:	N:	N:	N:	N:	N:
S:Skin	S:Mrna 3'-end processing	S:FALSE	S:R-MMU-72187	S:mRNA 3'-end processing	S:9/141	S:111/2996	D:0.0810810810810811	D:1.72282921219091	D:1.72436496218441	D:0.074898208892543	D:0.99617810459226	D:0.99617810459226	S:Ddx46/Fyttd1/Hnrnpa2b1/Hnrnpk/Hnrnpu/Papolg/Rbbp6/Srsf3/U2surp	D:9	N:	N:	N:	N:	N:	N:	N:	N:	N:	N:	N:	N:	N:	N:
S:Skin	S:Vegfr2 mediated cell proliferation	S:FALSE	S:R-MMU-5218921	S:VEGFR2 mediated cell proliferation	S:2/141	S:10/2996	D:0.2	D:4.24964539007092	D:2.2871570341657	D:0.0772439480591949	D:0.99617810459226	D:0.99617810459226	S:Kras/Prkcb	D:2	N:	N:	N:	N:	N:	N:	N:	N:	N:	N:	N:	N:	N:	N:
S:Skin	S:Synthesis of very long-chain fatty acyl-coas	S:FALSE	S:R-MMU-75876	S:Synthesis of very long-chain fatty acyl-CoAs	S:2/141	S:10/2996	D:0.2	D:4.24964539007092	D:2.2871570341657	D:0.0772439480591949	D:0.99617810459226	D:0.99617810459226	S:Acsbg2/Hsd17b12	D:2	N:	N:	N:	N:	N:	N:	N:	N:	N:	N:	N:	N:	N:	N:
S:Skin	S:Ras processing	S:FALSE	S:R-MMU-9648002	S:RAS processing	S:2/141	S:10/2996	D:0.2	D:4.24964539007092	D:2.2871570341657	D:0.0772439480591949	D:0.99617810459226	D:0.99617810459226	S:Kras/Lypla1	D:2	N:	N:	N:	N:	N:	N:	N:	N:	N:	N:	N:	N:	N:	N:
S:Skin	S:Transport of small molecules	S:FALSE	S:R-MMU-382551	S:Transport of small molecules	S:15/141	S:216/2996	D:0.0694444444444444	D:1.47557131599685	D:1.61222274326329	D:0.0793854667810046	D:0.99617810459226	D:0.99617810459226	S:Abcb7/Add3/Atp2c1/Camk2d/Erlin2/Esyt2/P4hb/Psmd7/Sar1b/Sel1l/Slc25a10/Slc33a1/Soat1/Wwp1/Yme1l1	D:15	N:	N:	N:	N:	N:	N:	N:	N:	N:	N:	N:	N:	N:	N:
S:Skin	S:Transport to the golgi and subsequent modification	S:FALSE	S:R-MMU-948021	S:Transport to the Golgi and subsequent modification	S:8/141	S:97/2996	D:0.0824742268041237	D:1.75243108868904	D:1.67391501166574	D:0.0836063052547644	D:0.99617810459226	D:0.99617810459226	S:Copa/Copb2/Lman1/Man2a1/Mia3/Sar1b/Sec24a/Tmed10	D:8	N:	N:	N:	N:	N:	N:	N:	N:	N:	N:	N:	N:	N:	N:
S:Skin	S:Hedgehog ligand biogenesis	S:FALSE	S:R-MMU-5358346	S:Hedgehog ligand biogenesis	S:4/141	S:36/2996	D:0.111111111111111	D:2.36091410559496	D:1.8253284536069	D:0.086385159511673	D:0.99617810459226	D:0.99617810459226	S:P4hb/Psmd7/Sel1l/Syvn1	D:4	N:	N:	N:	N:	N:	N:	N:	N:	N:	N:	N:	N:	N:	N:
S:Skin	S:Co-inhibition by pd-1	S:FALSE	S:R-MMU-389948	S:Co-inhibition by PD-1	S:6/141	S:66/2996	D:0.0909090909090909	D:1.93165699548678	D:1.70058803942788	D:0.0877448860785973	D:0.99617810459226	D:0.99617810459226	S:Dad1/Erlin2/Prkab2/Psmd7/Sel1l/Ywhag	D:6	N:	N:	N:	N:	N:	N:	N:	N:	N:	N:	N:	N:	N:	N:
S:Skin	S:Syndecan interactions	S:FALSE	S:R-MMU-3000170	S:Syndecan interactions	S:2/141	S:11/2996	D:0.181818181818182	D:3.86331399097357	D:2.11396631911585	D:0.0915771304678535	D:0.99617810459226	D:0.99617810459226	S:Itga2/Itga6	D:2	N:	N:	N:	N:	N:	N:	N:	N:	N:	N:	N:	N:	N:	N:
S:Skin	S:C-type lectin receptors (clrs)	S:FALSE	S:R-MMU-5621481	S:C-type lectin receptors (CLRs)	S:6/141	S:67/2996	D:0.0895522388059701	D:1.90282629406161	D:1.66068333665272	D:0.0928252983874876	D:0.99617810459226	D:0.99617810459226	S:Icam2/Kras/Ppp3ca/Psmd7/Rps6ka5/Syk	D:6	N:	N:	N:	N:	N:	N:	N:	N:	N:	N:	N:	N:	N:	N:
S:Skin	S:Striated muscle contraction	S:FALSE	S:R-MMU-390522	S:Striated Muscle Contraction	S:3/141	S:24/2996	D:0.125	D:2.65602836879433	D:1.80989718248027	D:0.100416024050854	D:0.99617810459226	D:0.99617810459226	S:Acta1/Tnnt3/Vim	D:3	N:	N:	N:	N:	N:	N:	N:	N:	N:	N:	N:	N:	N:	N:
S:Skin	S:Golgi associated vesicle biogenesis	S:FALSE	S:R-MMU-432722	S:Golgi Associated Vesicle Biogenesis	S:4/141	S:38/2996	D:0.105263157894737	D:2.23665546845838	D:1.7046936725526	D:0.100852162149869	D:0.99617810459226	D:0.99617810459226	S:Ap3b1/Hspa8/Pum1/Tpd52	D:4	N:	N:	N:	N:	N:	N:	N:	N:	N:	N:	N:	N:	N:	N:
S:Skin	S:Post-translational protein modification	S:FALSE	S:R-MMU-597592	S:Post-translational protein modification	S:29/141	S:489/2996	D:0.0593047034764826	D:1.26011979869179	D:1.39719037505753	D:0.102397826182504	D:0.99617810459226	D:0.99617810459226	S:Calr/Canx/Copa/Copb2/Dlat/Dpagt1/Gfpt1/Hltf/Hnrnpk/Hspa8/Lman1/Man2a1/Mia3/Mpi/P4hb/Pdia3/Prkdc/Psmd7/Psme2/Rab14/Rad23b/Sar1b/Sec24a/Stambp/Tmed10/Ube2k/Usp25/Wfs1/Yy1	D:29	N:	N:	N:	N:	N:	N:	N:	N:	N:	N:	N:	N:	N:	N:
S:Skin	S:Golgi-to-er retrograde transport	S:FALSE	S:R-MMU-8856688	S:Golgi-to-ER retrograde transport	S:6/141	S:69/2996	D:0.0869565217391304	D:1.84767190872649	D:1.58287233513845	D:0.103454469564287	D:0.99617810459226	D:0.99617810459226	S:Copa/Copb2/Kif2a/Kif3a/Rab3gap2/Tmed10	D:6	N:	N:	N:	N:	N:	N:	N:	N:	N:	N:	N:	N:	N:	N:
S:Skin	S:Regulation of pyruvate dehydrogenase (pdh) complex	S:FALSE	S:R-MMU-204174	S:Regulation of pyruvate dehydrogenase (PDH) complex	S:2/141	S:12/2996	D:0.166666666666667	D:3.54137115839243	D:1.96003679331645	D:0.106609445659996	D:0.99617810459226	D:0.99617810459226	S:Dlat/Pdp1	D:2	N:	N:	N:	N:	N:	N:	N:	N:	N:	N:	N:	N:	N:	N:
S:Skin	S:Plasma lipoprotein assembly	S:FALSE	S:R-MMU-8963898	S:Plasma lipoprotein assembly	S:2/141	S:12/2996	D:0.166666666666667	D:3.54137115839243	D:1.96003679331645	D:0.106609445659996	D:0.99617810459226	D:0.99617810459226	S:P4hb/Sar1b	D:2	N:	N:	N:	N:	N:	N:	N:	N:	N:	N:	N:	N:	N:	N:
S:Skin	S:Regulation of signaling by cbl	S:FALSE	S:R-MMU-912631	S:Regulation of signaling by CBL	S:2/141	S:12/2996	D:0.166666666666667	D:3.54137115839243	D:1.96003679331645	D:0.106609445659996	D:0.99617810459226	D:0.99617810459226	S:Syk/Yes1	D:2	N:	N:	N:	N:	N:	N:	N:	N:	N:	N:	N:	N:	N:	N:
S:Skin	S:Protein ubiquitination	S:FALSE	S:R-MMU-8852135	S:Protein ubiquitination	S:3/141	S:25/2996	D:0.12	D:2.54978723404255	D:1.72900269822728	D:0.110357231517251	D:0.99617810459226	D:0.99617810459226	S:Hltf/Prkdc/Ube2k	D:3	N:	N:	N:	N:	N:	N:	N:	N:	N:	N:	N:	N:	N:	N:
S:Skin	S:Signaling by hedgehog	S:FALSE	S:R-MMU-5358351	S:Signaling by Hedgehog	S:5/141	S:55/2996	D:0.0909090909090909	D:1.93165699548678	D:1.54951146925918	D:0.114211309391669	D:0.99617810459226	D:0.99617810459226	S:Kif3a/P4hb/Psmd7/Sel1l/Syvn1	D:5	N:	N:	N:	N:	N:	N:	N:	N:	N:	N:	N:	N:	N:	N:
S:Skin	S:Copii-mediated vesicle transport	S:FALSE	S:R-MMU-204005	S:COPII-mediated vesicle transport	S:4/141	S:40/2996	D:0.1	D:2.12482269503546	D:1.59135386964762	D:0.116362782973723	D:0.99617810459226	D:0.99617810459226	S:Lman1/Sar1b/Sec24a/Tmed10	D:4	N:	N:	N:	N:	N:	N:	N:	N:	N:	N:	N:	N:	N:	N:
S:Skin	S:Ampk-induced erad and lysosome mediated degradation of pd-l1(cd274)	S:FALSE	S:R-MMU-9931269	S:AMPK-induced ERAD and lysosome mediated degradation of PD-L1(CD274)	S:4/141	S:40/2996	D:0.1	D:2.12482269503546	D:1.59135386964762	D:0.116362782973723	D:0.99617810459226	D:0.99617810459226	S:Erlin2/Prkab2/Psmd7/Sel1l	D:4	N:	N:	N:	N:	N:	N:	N:	N:	N:	N:	N:	N:	N:	N:
S:Skin	S:Synthesis of bile acids and bile salts	S:FALSE	S:R-MMU-192105	S:Synthesis of bile acids and bile salts	S:2/141	S:13/2996	D:0.153846153846154	D:3.26895799236225	D:1.82169815414657	D:0.122244445680096	D:0.99617810459226	D:0.99617810459226	S:Osbpl9/Scp2	D:2	N:	N:	N:	N:	N:	N:	N:	N:	N:	N:	N:	N:	N:	N:
S:Skin	S:Ca2+ pathway	S:FALSE	S:R-MMU-4086398	S:Ca2+ pathway	S:2/141	S:13/2996	D:0.153846153846154	D:3.26895799236225	D:1.82169815414657	D:0.122244445680096	D:0.99617810459226	D:0.99617810459226	S:Kras/Ppp3ca	D:2	N:	N:	N:	N:	N:	N:	N:	N:	N:	N:	N:	N:	N:	N:
S:Skin	S:Glycogen metabolism	S:FALSE	S:R-MMU-8982491	S:Glycogen metabolism	S:2/141	S:13/2996	D:0.153846153846154	D:3.26895799236225	D:1.82169815414657	D:0.122244445680096	D:0.99617810459226	D:0.99617810459226	S:Gbe1/Phkb	D:2	N:	N:	N:	N:	N:	N:	N:	N:	N:	N:	N:	N:	N:	N:
S:Skin	S:Kinesins	S:FALSE	S:R-MMU-983189	S:Kinesins	S:2/141	S:13/2996	D:0.153846153846154	D:3.26895799236225	D:1.82169815414657	D:0.122244445680096	D:0.99617810459226	D:0.99617810459226	S:Kif2a/Kif3a	D:2	N:	N:	N:	N:	N:	N:	N:	N:	N:	N:	N:	N:	N:	N:
S:Skin	S:Er to golgi anterograde transport	S:FALSE	S:R-MMU-199977	S:ER to Golgi Anterograde Transport	S:7/141	S:91/2996	D:0.0769230769230769	D:1.63447899618112	D:1.3657455400407	D:0.13397289382643	D:0.99617810459226	D:0.99617810459226	S:Copa/Copb2/Lman1/Mia3/Sar1b/Sec24a/Tmed10	D:7	N:	N:	N:	N:	N:	N:	N:	N:	N:	N:	N:	N:	N:	N:
S:Skin	S:Dap12 signaling	S:FALSE	S:R-MMU-2424491	S:DAP12 signaling	S:2/141	S:14/2996	D:0.142857142857143	D:3.0354609929078	D:1.69620326858069	D:0.138393099740414	D:0.99617810459226	D:0.99617810459226	S:Kras/Syk	D:2	N:	N:	N:	N:	N:	N:	N:	N:	N:	N:	N:	N:	N:	N:
S:Skin	S:Fceri mediated ca+2 mobilization	S:FALSE	S:R-MMU-2871809	S:FCERI mediated Ca+2 mobilization	S:2/141	S:14/2996	D:0.142857142857143	D:3.0354609929078	D:1.69620326858069	D:0.138393099740414	D:0.99617810459226	D:0.99617810459226	S:Ppp3ca/Syk	D:2	N:	N:	N:	N:	N:	N:	N:	N:	N:	N:	N:	N:	N:	N:
S:Skin	S:Flt3 signaling	S:FALSE	S:R-MMU-9607240	S:FLT3 Signaling	S:2/141	S:14/2996	D:0.142857142857143	D:3.0354609929078	D:1.69620326858069	D:0.138393099740414	D:0.99617810459226	D:0.99617810459226	S:Kras/Syk	D:2	N:	N:	N:	N:	N:	N:	N:	N:	N:	N:	N:	N:	N:	N:
S:Skin	S:Antigen activates b cell receptor (bcr) leading to generation of second messengers	S:FALSE	S:R-MMU-983695	S:Antigen activates B Cell Receptor (BCR) leading to generation of second messengers	S:2/141	S:14/2996	D:0.142857142857143	D:3.0354609929078	D:1.69620326858069	D:0.138393099740414	D:0.99617810459226	D:0.99617810459226	S:Sh3kbp1/Syk	D:2	N:	N:	N:	N:	N:	N:	N:	N:	N:	N:	N:	N:	N:	N:
S:Skin	S:Beta-catenin independent wnt signaling	S:FALSE	S:R-MMU-3858494	S:Beta-catenin independent WNT signaling	S:5/141	S:59/2996	D:0.0847457627118644	D:1.80069719918259	D:1.38021662833195	D:0.142133572004345	D:0.99617810459226	D:0.99617810459226	S:Daam1/Kras/Ppp3ca/Prkcb/Psmd7	D:5	N:	N:	N:	N:	N:	N:	N:	N:	N:	N:	N:	N:	N:	N:
S:Skin	S:Biosynthesis of the n-glycan precursor (dolichol lipid-linked oligosaccharide, llo) and transfer to a nascent protein	S:FALSE	S:R-MMU-446193	S:Biosynthesis of the N-glycan precursor (dolichol lipid-linked oligosaccharide, LLO) and transfer to a nascent protein	S:3/141	S:28/2996	D:0.107142857142857	D:2.27659574468085	D:1.50801399926486	D:0.142265650789624	D:0.99617810459226	D:0.99617810459226	S:Dpagt1/Gfpt1/Mpi	D:3	N:	N:	N:	N:	N:	N:	N:	N:	N:	N:	N:	N:	N:	N:
S:Skin	S:Regulation of t cell activation by cd28 family	S:FALSE	S:R-MMU-388841	S:Regulation of T cell activation by CD28 family	S:7/141	S:93/2996	D:0.0752688172043011	D:1.59932891024174	D:1.3046322121954	D:0.145384821624146	D:0.99617810459226	D:0.99617810459226	S:Dad1/Erlin2/Prkab2/Psmd7/Sel1l/Yes1/Ywhag	D:7	N:	N:	N:	N:	N:	N:	N:	N:	N:	N:	N:	N:	N:	N:
S:Skin	S:Mhc class ii antigen presentation	S:FALSE	S:R-MMU-2132295	S:MHC class II antigen presentation	S:5/141	S:60/2996	D:0.0833333333333333	D:1.77068557919622	D:1.33992270301665	D:0.149544406028358	D:0.99617810459226	D:0.99617810459226	S:Canx/Kif2a/Kif3a/Sar1b/Sec24a	D:5	N:	N:	N:	N:	N:	N:	N:	N:	N:	N:	N:	N:	N:	N:
S:Skin	S:Sulfur amino acid metabolism	S:FALSE	S:R-MMU-1614635	S:Sulfur amino acid metabolism	S:2/141	S:15/2996	D:0.133333333333333	D:2.83309692671395	D:1.58144824714155	D:0.154973317686778	D:0.99617810459226	D:0.99617810459226	S:Mtr/Slc25a10	D:2	N:	N:	N:	N:	N:	N:	N:	N:	N:	N:	N:	N:	N:	N:
S:Skin	S:Bile acid and bile salt metabolism	S:FALSE	S:R-MMU-194068	S:Bile acid and bile salt metabolism	S:2/141	S:15/2996	D:0.133333333333333	D:2.83309692671395	D:1.58144824714155	D:0.154973317686778	D:0.99617810459226	D:0.99617810459226	S:Osbpl9/Scp2	D:2	N:	N:	N:	N:	N:	N:	N:	N:	N:	N:	N:	N:	N:	N:
S:Skin	S:Dap12 interactions	S:FALSE	S:R-MMU-2172127	S:DAP12 interactions	S:2/141	S:15/2996	D:0.133333333333333	D:2.83309692671395	D:1.58144824714155	D:0.154973317686778	D:0.99617810459226	D:0.99617810459226	S:Kras/Syk	D:2	N:	N:	N:	N:	N:	N:	N:	N:	N:	N:	N:	N:	N:	N:
S:Skin	S:Hsf1-dependent transactivation	S:TRUE	S:R-MMU-3371571	S:HSF1-dependent transactivation	S:2/141	S:15/2996	D:0.133333333333333	D:2.83309692671395	D:1.58144824714155	D:0.154973317686778	D:0.99617810459226	D:0.99617810459226	S:Camk2d/Hspa8	D:2	N:	N:	N:	N:	N:	N:	N:	N:	N:	N:	N:	N:	N:	N:
S:Skin	S:Trafficking of ampa receptors	S:FALSE	S:R-MMU-399719	S:Trafficking of AMPA receptors	S:2/141	S:15/2996	D:0.133333333333333	D:2.83309692671395	D:1.58144824714155	D:0.154973317686778	D:0.99617810459226	D:0.99617810459226	S:Camk2d/Prkcb	D:2	N:	N:	N:	N:	N:	N:	N:	N:	N:	N:	N:	N:	N:	N:
S:Skin	S:Glutamate binding, activation of ampa receptors and synaptic plasticity	S:FALSE	S:R-MMU-399721	S:Glutamate binding, activation of AMPA receptors and synaptic plasticity	S:2/141	S:15/2996	D:0.133333333333333	D:2.83309692671395	D:1.58144824714155	D:0.154973317686778	D:0.99617810459226	D:0.99617810459226	S:Camk2d/Prkcb	D:2	N:	N:	N:	N:	N:	N:	N:	N:	N:	N:	N:	N:	N:	N:
S:Skin	S:Fatty acyl-coa biosynthesis	S:FALSE	S:R-MMU-75105	S:Fatty acyl-CoA biosynthesis	S:2/141	S:15/2996	D:0.133333333333333	D:2.83309692671395	D:1.58144824714155	D:0.154973317686778	D:0.99617810459226	D:0.99617810459226	S:Acsbg2/Hsd17b12	D:2	N:	N:	N:	N:	N:	N:	N:	N:	N:	N:	N:	N:	N:	N:
S:Skin	S:Downstream signaling events of b cell receptor (bcr)	S:FALSE	S:R-MMU-1168372	S:Downstream signaling events of B Cell Receptor (BCR)	S:4/141	S:45/2996	D:0.0888888888888889	D:1.88873128447597	D:1.33474110004084	D:0.159246196277456	D:0.99617810459226	D:0.99617810459226	S:Kras/Ppp3ca/Prkcb/Psmd7	D:4	N:	N:	N:	N:	N:	N:	N:	N:	N:	N:	N:	N:	N:	N:
S:Skin	S:Rho gtpases activate pkns	S:FALSE	S:R-MMU-5625740	S:RHO GTPases activate PKNs	S:2/141	S:16/2996	D:0.125	D:2.65602836879433	D:1.4757899378493	D:0.171909501399183	D:0.99617810459226	D:0.99617810459226	S:Pkn2/Ywhag	D:2	N:	N:	N:	N:	N:	N:	N:	N:	N:	N:	N:	N:	N:	N:
S:Skin	S:E3 ubiquitin ligases ubiquitinate target proteins	S:FALSE	S:R-MMU-8866654	S:E3 ubiquitin ligases ubiquitinate target proteins	S:2/141	S:16/2996	D:0.125	D:2.65602836879433	D:1.4757899378493	D:0.171909501399183	D:0.99617810459226	D:0.99617810459226	S:Hltf/Prkdc	D:2	N:	N:	N:	N:	N:	N:	N:	N:	N:	N:	N:	N:	N:	N:
S:Skin	S:Rhobtb1 gtpase cycle	S:FALSE	S:R-MMU-9013422	S:RHOBTB1 GTPase cycle	S:2/141	S:16/2996	D:0.125	D:2.65602836879433	D:1.4757899378493	D:0.171909501399183	D:0.99617810459226	D:0.99617810459226	S:Rbbp6/Vim	D:2	N:	N:	N:	N:	N:	N:	N:	N:	N:	N:	N:	N:	N:	N:
S:Skin	S:Plasma lipoprotein assembly, remodeling, and clearance	S:FALSE	S:R-MMU-174824	S:Plasma lipoprotein assembly, remodeling, and clearance	S:3/141	S:31/2996	D:0.0967741935483871	D:2.05628002745367	D:1.31356775660345	D:0.176822982874163	D:0.99617810459226	D:0.99617810459226	S:P4hb/Sar1b/Soat1	D:3	N:	N:	N:	N:	N:	N:	N:	N:	N:	N:	N:	N:	N:	N:
S:Skin	S:Trans-golgi network vesicle budding	S:FALSE	S:R-MMU-199992	S:trans-Golgi Network Vesicle Budding	S:4/141	S:48/2996	D:0.0833333333333333	D:1.77068557919622	D:1.19602160594727	D:0.187399932556276	D:0.99617810459226	D:0.99617810459226	S:Ap3b1/Hspa8/Pum1/Tpd52	D:4	N:	N:	N:	N:	N:	N:	N:	N:	N:	N:	N:	N:	N:	N:
S:Skin	S:Intra-golgi and retrograde golgi-to-er traffic	S:FALSE	S:R-MMU-6811442	S:Intra-Golgi and retrograde Golgi-to-ER traffic	S:7/141	S:100/2996	D:0.07	D:1.48737588652482	D:1.101462390693	D:0.188761770176702	D:0.99617810459226	D:0.99617810459226	S:Copa/Copb2/Gcc1/Kif2a/Kif3a/Rab3gap2/Tmed10	D:7	N:	N:	N:	N:	N:	N:	N:	N:	N:	N:	N:	N:	N:	N:
S:Skin	S:Signaling by erbb4	S:FALSE	S:R-MMU-1236394	S:Signaling by ERBB4	S:2/141	S:17/2996	D:0.117647058823529	D:2.49979140592407	D:1.37792310729196	D:0.189132122581087	D:0.99617810459226	D:0.99617810459226	S:Kras/Wwp1	D:2	N:	N:	N:	N:	N:	N:	N:	N:	N:	N:	N:	N:	N:	N:
S:Skin	S:Fceri mediated mapk activation	S:FALSE	S:R-MMU-2871796	S:FCERI mediated MAPK activation	S:2/141	S:17/2996	D:0.117647058823529	D:2.49979140592407	D:1.37792310729196	D:0.189132122581087	D:0.99617810459226	D:0.99617810459226	S:Kras/Syk	D:2	N:	N:	N:	N:	N:	N:	N:	N:	N:	N:	N:	N:	N:	N:
S:Skin	S:Formation of the dystrophin-glycoprotein complex (dgc)	S:FALSE	S:R-MMU-9913351	S:Formation of the dystrophin-glycoprotein complex (DGC)	S:2/141	S:17/2996	D:0.117647058823529	D:2.49979140592407	D:1.37792310729196	D:0.189132122581087	D:0.99617810459226	D:0.99617810459226	S:Acta1/Sntb1	D:2	N:	N:	N:	N:	N:	N:	N:	N:	N:	N:	N:	N:	N:	N:
S:Skin	S:Signaling by ntrk1 (trka)	S:FALSE	S:R-MMU-187037	S:Signaling by NTRK1 (TRKA)	S:3/141	S:33/2996	D:0.0909090909090909	D:1.93165699548678	D:1.19578226195793	D:0.201030345812277	D:0.99617810459226	D:0.99617810459226	S:Irs1/Kras/Rps6ka5	D:3	N:	N:	N:	N:	N:	N:	N:	N:	N:	N:	N:	N:	N:	N:
S:Skin	S:Protein-protein interactions at synapses	S:FALSE	S:R-MMU-6794362	S:Protein-protein interactions at synapses	S:2/141	S:18/2996	D:0.111111111111111	D:2.36091410559496	D:1.28679550366417	D:0.206577325473465	D:0.99617810459226	D:0.99617810459226	S:Epb41l2/Ppfibp1	D:2	N:	N:	N:	N:	N:	N:	N:	N:	N:	N:	N:	N:	N:	N:
S:Skin	S:Cell surface interactions at the vascular wall	S:FALSE	S:R-MMU-202733	S:Cell surface interactions at the vascular wall	S:4/141	S:51/2996	D:0.0784313725490196	D:1.66652760394938	D:1.06675697732445	D:0.217024601047692	D:0.99617810459226	D:0.99617810459226	S:Itga6/Kras/Mif/Yes1	D:4	N:	N:	N:	N:	N:	N:	N:	N:	N:	N:	N:	N:	N:	N:
S:Skin	S:Cytokine signaling in immune system	S:FALSE	S:R-MMU-1280215	S:Cytokine Signaling in Immune system	S:11/141	S:179/2996	D:0.0614525139664804	D:1.30575696342961	D:0.937377148466204	D:0.218524504503185	D:0.99617810459226	D:0.99617810459226	S:Camk2d/Canx/Eif4g2/Hspa8/Irs1/Kras/P4hb/Psmd7/Rps6ka5/Syk/Yes1	D:11	N:	N:	N:	N:	N:	N:	N:	N:	N:	N:	N:	N:	N:	N:
S:Skin	S:Neuronal system	S:FALSE	S:R-MMU-112316	S:Neuronal System	S:5/141	S:69/2996	D:0.072463768115942	D:1.53972659060541	D:1.00784074594543	D:0.222799118632574	D:0.99617810459226	D:0.99617810459226	S:Camk2d/Epb41l2/Hspa8/Ppfibp1/Prkcb	D:5	N:	N:	N:	N:	N:	N:	N:	N:	N:	N:	N:	N:	N:	N:
S:Skin	S:Regulation of cdh1 posttranslational processing and trafficking to plasma membrane	S:FALSE	S:R-MMU-9768727	S:Regulation of CDH1 posttranslational processing and trafficking to plasma membrane	S:2/141	S:19/2996	D:0.105263157894737	D:2.23665546845838	D:1.20154770657072	D:0.224186553107611	D:0.99617810459226	D:0.99617810459226	S:Canx/Dad1	D:2	N:	N:	N:	N:	N:	N:	N:	N:	N:	N:	N:	N:	N:	N:
S:Skin	S:Auf1 (hnrnp d0) binds and destabilizes mrna	S:FALSE	S:R-MMU-450408	S:AUF1 (hnRNP D0) binds and destabilizes mRNA	S:3/141	S:36/2996	D:0.0833333333333333	D:1.77068557919622	D:1.03368339758399	D:0.238656733990734	D:0.99617810459226	D:0.99617810459226	S:Hspa8/Pabpc1/Psmd7	D:3	N:	N:	N:	N:	N:	N:	N:	N:	N:	N:	N:	N:	N:	N:
S:Skin	S:Signaling by scf-kit	S:FALSE	S:R-MMU-1433557	S:Signaling by SCF-KIT	S:2/141	S:20/2996	D:0.1	D:2.12482269503546	D:1.12146963250565	D:0.241906195784588	D:0.99617810459226	D:0.99617810459226	S:Kras/Yes1	D:2	N:	N:	N:	N:	N:	N:	N:	N:	N:	N:	N:	N:	N:	N:
S:Skin	S:Interleukin-3, interleukin-5 and gm-csf signaling	S:FALSE	S:R-MMU-512988	S:Interleukin-3, Interleukin-5 and GM-CSF signaling	S:2/141	S:20/2996	D:0.1	D:2.12482269503546	D:1.12146963250565	D:0.241906195784588	D:0.99617810459226	D:0.99617810459226	S:Syk/Yes1	D:2	N:	N:	N:	N:	N:	N:	N:	N:	N:	N:	N:	N:	N:	N:
S:Skin	S:Dna damage recognition in gg-ner	S:FALSE	S:R-MMU-5696394	S:DNA Damage Recognition in GG-NER	S:2/141	S:20/2996	D:0.1	D:2.12482269503546	D:1.12146963250565	D:0.241906195784588	D:0.99617810459226	D:0.99617810459226	S:Rad23b/Yy1	D:2	N:	N:	N:	N:	N:	N:	N:	N:	N:	N:	N:	N:	N:	N:
S:Skin	S:Signaling by ntrks	S:FALSE	S:R-MMU-166520	S:Signaling by NTRKs	S:3/141	S:37/2996	D:0.0810810810810811	D:1.72282921219091	D:0.983035017651053	D:0.251466065762791	D:0.99617810459226	D:0.99617810459226	S:Irs1/Kras/Rps6ka5	D:3	N:	N:	N:	N:	N:	N:	N:	N:	N:	N:	N:	N:	N:	N:
S:Skin	S:Rhoc gtpase cycle	S:FALSE	S:R-MMU-9013106	S:RHOC GTPase cycle	S:3/141	S:37/2996	D:0.0810810810810811	D:1.72282921219091	D:0.983035017651053	D:0.251466065762791	D:0.99617810459226	D:0.99617810459226	S:Daam1/Lman1/Pkn2	D:3	N:	N:	N:	N:	N:	N:	N:	N:	N:	N:	N:	N:	N:	N:
S:Skin	S:Rab regulation of trafficking	S:FALSE	S:R-MMU-9007101	S:Rab regulation of trafficking	S:4/141	S:55/2996	D:0.0727272727272727	D:1.54532559638943	D:0.906973564497864	D:0.258308205606034	D:0.99617810459226	D:0.99617810459226	S:Als2/Rab14/Rab3gap2/Tbc1d13	D:4	N:	N:	N:	N:	N:	N:	N:	N:	N:	N:	N:	N:	N:	N:
S:Skin	S:Er-phagosome pathway	S:FALSE	S:R-MMU-1236974	S:ER-Phagosome pathway	S:2/141	S:21/2996	D:0.0952380952380952	D:2.02364066193853	D:1.04596849767831	D:0.259687260539321	D:0.99617810459226	D:0.99617810459226	S:Pdia3/Psme2	D:2	N:	N:	N:	N:	N:	N:	N:	N:	N:	N:	N:	N:	N:	N:
S:Skin	S:Rhoh gtpase cycle	S:FALSE	S:R-MMU-9013407	S:RHOH GTPase cycle	S:2/141	S:21/2996	D:0.0952380952380952	D:2.02364066193853	D:1.04596849767831	D:0.259687260539321	D:0.99617810459226	D:0.99617810459226	S:Mtr/Wdr11	D:2	N:	N:	N:	N:	N:	N:	N:	N:	N:	N:	N:	N:	N:	N:
S:Skin	S:Regulation of pyruvate metabolism	S:FALSE	S:R-MMU-9861718	S:Regulation of pyruvate metabolism	S:2/141	S:21/2996	D:0.0952380952380952	D:2.02364066193853	D:1.04596849767831	D:0.259687260539321	D:0.99617810459226	D:0.99617810459226	S:Dlat/Pdp1	D:2	N:	N:	N:	N:	N:	N:	N:	N:	N:	N:	N:	N:	N:	N:
S:Skin	S:Abc-family proteins mediated transport	S:FALSE	S:R-MMU-382556	S:ABC-family proteins mediated transport	S:4/141	S:56/2996	D:0.0714285714285714	D:1.5177304964539	D:0.869018474360341	D:0.268876240993921	D:0.99617810459226	D:0.99617810459226	S:Abcb7/Erlin2/Psmd7/Sel1l	D:4	N:	N:	N:	N:	N:	N:	N:	N:	N:	N:	N:	N:	N:	N:
S:Skin	S:Mitochondrial protein degradation	S:FALSE	S:R-MMU-9837999	S:Mitochondrial protein degradation	S:4/141	S:56/2996	D:0.0714285714285714	D:1.5177304964539	D:0.869018474360341	D:0.268876240993921	D:0.99617810459226	D:0.99617810459226	S:Acadsb/Aldh18a1/Hspd1/Oxct1	D:4	N:	N:	N:	N:	N:	N:	N:	N:	N:	N:	N:	N:	N:	N:
S:Skin	S:Signaling by interleukins	S:FALSE	S:R-MMU-449147	S:Signaling by Interleukins	S:7/141	S:112/2996	D:0.0625	D:1.32801418439716	D:0.78615633994014	D:0.273325291249415	D:0.99617810459226	D:0.99617810459226	S:Canx/Irs1/P4hb/Psmd7/Rps6ka5/Syk/Yes1	D:7	N:	N:	N:	N:	N:	N:	N:	N:	N:	N:	N:	N:	N:	N:
S:Skin	S:Ephb-mediated forward signaling	S:FALSE	S:R-MMU-3928662	S:EPHB-mediated forward signaling	S:2/141	S:22/2996	D:0.0909090909090909	D:1.93165699548678	D:0.974544828023656	D:0.277485060413823	D:0.99617810459226	D:0.99617810459226	S:Arpc2/Yes1	D:2	N:	N:	N:	N:	N:	N:	N:	N:	N:	N:	N:	N:	N:	N:
S:Skin	S:Metabolism of vitamins and cofactors	S:FALSE	S:R-MMU-196854	S:Metabolism of vitamins and cofactors	S:5/141	S:76/2996	D:0.0657894736842105	D:1.39790966778649	D:0.78073702398891	D:0.285921345406159	D:0.99617810459226	D:0.99617810459226	S:Aldh1l1/Hlcs/Mccc1/Mccc2/Mtr	D:5	N:	N:	N:	N:	N:	N:	N:	N:	N:	N:	N:	N:	N:	N:
S:Skin	S:Integrin cell surface interactions	S:FALSE	S:R-MMU-216083	S:Integrin cell surface interactions	S:3/141	S:40/2996	D:0.075	D:1.5936170212766	D:0.839825465885911	D:0.290421460908325	D:0.99617810459226	D:0.99617810459226	S:Icam2/Itga2/Itga6	D:3	N:	N:	N:	N:	N:	N:	N:	N:	N:	N:	N:	N:	N:	N:
S:Skin	S:Rho gtpase effectors	S:FALSE	S:R-MMU-195258	S:RHO GTPase Effectors	S:8/141	S:134/2996	D:0.0597014925373134	D:1.26855086270774	D:0.706722714022119	D:0.294177996798243	D:0.99617810459226	D:0.99617810459226	S:Arpc2/Clasp2/Daam1/Iqgap2/Kif2a/Pkn2/Prkcb/Ywhag	D:8	N:	N:	N:	N:	N:	N:	N:	N:	N:	N:	N:	N:	N:	N:
S:Skin	S:Peptide hormone metabolism	S:FALSE	S:R-MMU-2980736	S:Peptide hormone metabolism	S:2/141	S:23/2996	D:0.0869565217391304	D:1.84767190872649	D:0.906774227379193	D:0.295258922427028	D:0.99617810459226	D:0.99617810459226	S:Cpa3/P4hb	D:2	N:	N:	N:	N:	N:	N:	N:	N:	N:	N:	N:	N:	N:	N:
S:Skin	S:Regulation of mrna stability by proteins that bind au-rich elements	S:FALSE	S:R-MMU-450531	S:Regulation of mRNA stability by proteins that bind AU-rich elements	S:4/141	S:59/2996	D:0.0677966101694915	D:1.44055775934608	D:0.759419598083863	D:0.301006707249068	D:0.99617810459226	D:0.99617810459226	S:Elavl1/Hspa8/Pabpc1/Psmd7	D:4	N:	N:	N:	N:	N:	N:	N:	N:	N:	N:	N:	N:	N:	N:
S:Skin	S:Signaling by met	S:FALSE	S:R-MMU-6806834	S:Signaling by MET	S:3/141	S:41/2996	D:0.0731707317073171	D:1.55474831344058	D:0.794719903111426	D:0.30352141873949	D:0.99617810459226	D:0.99617810459226	S:Itga2/Kras/Sh3kbp1	D:3	N:	N:	N:	N:	N:	N:	N:	N:	N:	N:	N:	N:	N:	N:
S:Skin	S:Cilium assembly	S:FALSE	S:R-MMU-5617833	S:Cilium Assembly	S:4/141	S:60/2996	D:0.0666666666666667	D:1.41654846335697	D:0.724215890403476	D:0.311825443050547	D:0.99617810459226	D:0.99617810459226	S:Kif3a/Pcm1/Tcp1/Ywhag	D:4	N:	N:	N:	N:	N:	N:	N:	N:	N:	N:	N:	N:	N:	N:
S:Skin	S:Signaling by erbb2	S:FALSE	S:R-MMU-1227986	S:Signaling by ERBB2	S:2/141	S:24/2996	D:0.0833333333333333	D:1.77068557919622	D:0.842293335458341	D:0.312971913188498	D:0.99617810459226	D:0.99617810459226	S:Kras/Yes1	D:2	N:	N:	N:	N:	N:	N:	N:	N:	N:	N:	N:	N:	N:	N:
S:Skin	S:Ncam signaling for neurite out-growth	S:FALSE	S:R-MMU-375165	S:NCAM signaling for neurite out-growth	S:2/141	S:24/2996	D:0.0833333333333333	D:1.77068557919622	D:0.842293335458341	D:0.312971913188498	D:0.99617810459226	D:0.99617810459226	S:Kras/Rps6ka5	D:2	N:	N:	N:	N:	N:	N:	N:	N:	N:	N:	N:	N:	N:	N:
S:Skin	S:Raf activation	S:FALSE	S:R-MMU-5673000	S:RAF activation	S:2/141	S:24/2996	D:0.0833333333333333	D:1.77068557919622	D:0.842293335458341	D:0.312971913188498	D:0.99617810459226	D:0.99617810459226	S:Camk2d/Kras	D:2	N:	N:	N:	N:	N:	N:	N:	N:	N:	N:	N:	N:	N:	N:
S:Skin	S:Signaling by ptk6	S:FALSE	S:R-MMU-8848021	S:Signaling by PTK6	S:2/141	S:24/2996	D:0.0833333333333333	D:1.77068557919622	D:0.842293335458341	D:0.312971913188498	D:0.99617810459226	D:0.99617810459226	S:Khdrbs1/Kras	D:2	N:	N:	N:	N:	N:	N:	N:	N:	N:	N:	N:	N:	N:	N:
S:Skin	S:Signaling by non-receptor tyrosine kinases	S:FALSE	S:R-MMU-9006927	S:Signaling by Non-Receptor Tyrosine Kinases	S:2/141	S:24/2996	D:0.0833333333333333	D:1.77068557919622	D:0.842293335458341	D:0.312971913188498	D:0.99617810459226	D:0.99617810459226	S:Khdrbs1/Kras	D:2	N:	N:	N:	N:	N:	N:	N:	N:	N:	N:	N:	N:	N:	N:
S:Skin	S:Rhobtb gtpase cycle	S:FALSE	S:R-MMU-9706574	S:RHOBTB GTPase Cycle	S:2/141	S:24/2996	D:0.0833333333333333	D:1.77068557919622	D:0.842293335458341	D:0.312971913188498	D:0.99617810459226	D:0.99617810459226	S:Rbbp6/Vim	D:2	N:	N:	N:	N:	N:	N:	N:	N:	N:	N:	N:	N:	N:	N:
S:Skin	S:Signaling by rho gtpases	S:FALSE	S:R-MMU-194315	S:Signaling by Rho GTPases	S:16/141	S:296/2996	D:0.0540540540540541	D:1.14855280812728	D:0.59820460597939	D:0.315141000669999	D:0.99617810459226	D:0.99617810459226	S:Add3/Als2/Arpc2/Clasp2/Daam1/Dock10/Iqgap2/Kif2a/Lman1/Mtr/Pkn2/Prkcb/Rbbp6/Vim/Wdr11/Ywhag	D:16	N:	N:	N:	N:	N:	N:	N:	N:	N:	N:	N:	N:	N:	N:
S:Skin	S:Rho gtpase cycle	S:FALSE	S:R-MMU-9012999	S:RHO GTPase cycle	S:11/141	S:198/2996	D:0.0555555555555556	D:1.18045705279748	D:0.583831487258706	D:0.327107259502146	D:0.99617810459226	D:0.99617810459226	S:Add3/Als2/Daam1/Dock10/Iqgap2/Lman1/Mtr/Pkn2/Rbbp6/Vim/Wdr11	D:11	N:	N:	N:	N:	N:	N:	N:	N:	N:	N:	N:	N:	N:	N:
S:Skin	S:Rab gefs exchange gtp for gdp on rabs	S:FALSE	S:R-MMU-8876198	S:RAB GEFs exchange GTP for GDP on RABs	S:3/141	S:43/2996	D:0.0697674418604651	D:1.48243443839683	D:0.70802031654709	D:0.32979106851172	D:0.99617810459226	D:0.99617810459226	S:Als2/Rab14/Rab3gap2	D:3	N:	N:	N:	N:	N:	N:	N:	N:	N:	N:	N:	N:	N:	N:
S:Skin	S:Factors involved in megakaryocyte development and platelet production	S:FALSE	S:R-MMU-983231	S:Factors involved in megakaryocyte development and platelet production	S:3/141	S:43/2996	D:0.0697674418604651	D:1.48243443839683	D:0.70802031654709	D:0.32979106851172	D:0.99617810459226	D:0.99617810459226	S:Dock10/Kif2a/Kif3a	D:3	N:	N:	N:	N:	N:	N:	N:	N:	N:	N:	N:	N:	N:	N:
S:Skin	S:Synthesis of substrates in n-glycan biosythesis	S:FALSE	S:R-MMU-446219	S:Synthesis of substrates in N-glycan biosythesis	S:2/141	S:25/2996	D:0.08	D:1.69985815602837	D:0.780788880931119	D:0.330590581159911	D:0.99617810459226	D:0.99617810459226	S:Gfpt1/Mpi	D:2	N:	N:	N:	N:	N:	N:	N:	N:	N:	N:	N:	N:	N:	N:
S:Skin	S:Ion transport by p-type atpases	S:FALSE	S:R-MMU-936837	S:Ion transport by P-type ATPases	S:2/141	S:25/2996	D:0.08	D:1.69985815602837	D:0.780788880931119	D:0.330590581159911	D:0.99617810459226	D:0.99617810459226	S:Atp2c1/Camk2d	D:2	N:	N:	N:	N:	N:	N:	N:	N:	N:	N:	N:	N:	N:	N:
S:Skin	S:Macroautophagy	S:FALSE	S:R-MMU-1632852	S:Macroautophagy	S:4/141	S:62/2996	D:0.0645161290322581	D:1.37085335163578	D:0.655651277513601	D:0.33356751110884	D:0.99617810459226	D:0.99617810459226	S:Chmp2b/Prkab2/Rb1cc1/Vim	D:4	N:	N:	N:	N:	N:	N:	N:	N:	N:	N:	N:	N:	N:	N:
S:Skin	S:Autophagy	S:FALSE	S:R-MMU-9612973	S:Autophagy	S:4/141	S:62/2996	D:0.0645161290322581	D:1.37085335163578	D:0.655651277513601	D:0.33356751110884	D:0.99617810459226	D:0.99617810459226	S:Chmp2b/Prkab2/Rb1cc1/Vim	D:4	N:	N:	N:	N:	N:	N:	N:	N:	N:	N:	N:	N:	N:	N:
S:Skin	S:Metabolism of steroids	S:FALSE	S:R-MMU-8957322	S:Metabolism of steroids	S:3/141	S:44/2996	D:0.0681818181818182	D:1.44874274661509	D:0.666301079466361	D:0.342929076414526	D:0.99617810459226	D:0.99617810459226	S:Hsd17b12/Osbpl9/Scp2	D:3	N:	N:	N:	N:	N:	N:	N:	N:	N:	N:	N:	N:	N:	N:
S:Skin	S:Signaling by rho gtpases, miro gtpases and rhobtb3	S:FALSE	S:R-MMU-9716542	S:Signaling by Rho GTPases, Miro GTPases and RHOBTB3	S:16/141	S:302/2996	D:0.0529801324503311	D:1.12573387816448	D:0.511990497312364	D:0.34515911415702	D:0.99617810459226	D:0.99617810459226	S:Add3/Als2/Arpc2/Clasp2/Daam1/Dock10/Iqgap2/Kif2a/Lman1/Mtr/Pkn2/Prkcb/Rbbp6/Vim/Wdr11/Ywhag	D:16	N:	N:	N:	N:	N:	N:	N:	N:	N:	N:	N:	N:	N:	N:
S:Skin	S:Loss of nlp from mitotic centrosomes	S:FALSE	S:R-MMU-380259	S:Loss of Nlp from mitotic centrosomes	S:2/141	S:26/2996	D:0.0769230769230769	D:1.63447899618112	D:0.721989052613193	D:0.348084714621933	D:0.99617810459226	D:0.99617810459226	S:Pcm1/Ywhag	D:2	N:	N:	N:	N:	N:	N:	N:	N:	N:	N:	N:	N:	N:	N:
S:Skin	S:Loss of proteins required for interphase microtubule organization from the centrosome	S:FALSE	S:R-MMU-380284	S:Loss of proteins required for interphase microtubule organization from the centrosome	S:2/141	S:26/2996	D:0.0769230769230769	D:1.63447899618112	D:0.721989052613193	D:0.348084714621933	D:0.99617810459226	D:0.99617810459226	S:Pcm1/Ywhag	D:2	N:	N:	N:	N:	N:	N:	N:	N:	N:	N:	N:	N:	N:	N:
S:Skin	S:Aurka activation by tpx2	S:FALSE	S:R-MMU-8854518	S:AURKA Activation by TPX2	S:2/141	S:26/2996	D:0.0769230769230769	D:1.63447899618112	D:0.721989052613193	D:0.348084714621933	D:0.99617810459226	D:0.99617810459226	S:Pcm1/Ywhag	D:2	N:	N:	N:	N:	N:	N:	N:	N:	N:	N:	N:	N:	N:	N:
S:Skin	S:Cellular response to heat stress	S:TRUE	S:R-MMU-3371556	S:Cellular response to heat stress	S:4/141	S:64/2996	D:0.0625	D:1.32801418439716	D:0.589393771167766	D:0.355387296994137	D:0.99617810459226	D:0.99617810459226	S:Camk2d/Hspa5/Hspa8/Hsph1	D:4	N:	N:	N:	N:	N:	N:	N:	N:	N:	N:	N:	N:	N:	N:
S:Skin	S:Signaling by egfr	S:FALSE	S:R-MMU-177929	S:Signaling by EGFR	S:2/141	S:27/2996	D:0.0740740740740741	D:1.5739427370633	D:0.665656628769072	D:0.365427114455005	D:0.99617810459226	D:0.99617810459226	S:Kras/Sh3kbp1	D:2	N:	N:	N:	N:	N:	N:	N:	N:	N:	N:	N:	N:	N:	N:
S:Skin	S:Metabolism of amino acids and derivatives	S:FALSE	S:R-MMU-71291	S:Metabolism of amino acids and derivatives	S:7/141	S:124/2996	D:0.0564516129032258	D:1.19949668268131	D:0.504149355860985	D:0.365902962953534	D:0.99617810459226	D:0.99617810459226	S:Acadsb/Aldh18a1/Mccc1/Mccc2/Mtr/Psmd7/Slc25a10	D:7	N:	N:	N:	N:	N:	N:	N:	N:	N:	N:	N:	N:	N:	N:
S:Skin	S:Pcp/ce pathway	S:FALSE	S:R-MMU-4086400	S:PCP/CE pathway	S:3/141	S:46/2996	D:0.0652173913043478	D:1.38575393154487	D:0.585845613185675	D:0.369137641950272	D:0.99617810459226	D:0.99617810459226	S:Daam1/Prkcb/Psmd7	D:3	N:	N:	N:	N:	N:	N:	N:	N:	N:	N:	N:	N:	N:	N:
S:Skin	S:Organelle biogenesis and maintenance	S:FALSE	S:R-MMU-1852241	S:Organelle biogenesis and maintenance	S:4/141	S:66/2996	D:0.0606060606060606	D:1.28777133032452	D:0.525279673539547	D:0.377214182375333	D:0.99617810459226	D:0.99617810459226	S:Kif3a/Pcm1/Tcp1/Ywhag	D:4	N:	N:	N:	N:	N:	N:	N:	N:	N:	N:	N:	N:	N:	N:
S:Skin	S:Fc epsilon receptor (fceri) signaling	S:FALSE	S:R-MMU-2454202	S:Fc epsilon receptor (FCERI) signaling	S:4/141	S:66/2996	D:0.0606060606060606	D:1.28777133032452	D:0.525279673539547	D:0.377214182375333	D:0.99617810459226	D:0.99617810459226	S:Kras/Ppp3ca/Psmd7/Syk	D:4	N:	N:	N:	N:	N:	N:	N:	N:	N:	N:	N:	N:	N:	N:
S:Skin	S:Programmed cell death	S:FALSE	S:R-MMU-5357801	S:Programmed Cell Death	S:3/141	S:47/2996	D:0.0638297872340425	D:1.35626980534178	D:0.547010260406958	D:0.382180827761976	D:0.99617810459226	D:0.99617810459226	S:Chmp2b/Vim/Ywhag	D:3	N:	N:	N:	N:	N:	N:	N:	N:	N:	N:	N:	N:	N:	N:
S:Skin	S:Anchoring of the basal body to the plasma membrane	S:FALSE	S:R-MMU-5620912	S:Anchoring of the basal body to the plasma membrane	S:2/141	S:28/2996	D:0.0714285714285714	D:1.5177304964539	D:0.611583455257417	D:0.382593380890804	D:0.99617810459226	D:0.99617810459226	S:Pcm1/Ywhag	D:2	N:	N:	N:	N:	N:	N:	N:	N:	N:	N:	N:	N:	N:	N:
S:Skin	S:Pyruvate metabolism	S:FALSE	S:R-MMU-70268	S:Pyruvate metabolism	S:2/141	S:28/2996	D:0.0714285714285714	D:1.5177304964539	D:0.611583455257417	D:0.382593380890804	D:0.99617810459226	D:0.99617810459226	S:Dlat/Pdp1	D:2	N:	N:	N:	N:	N:	N:	N:	N:	N:	N:	N:	N:	N:	N:
S:Skin	S:Pi3k cascade	S:FALSE	S:R-MMU-109704	S:PI3K Cascade	S:1/141	S:10/2996	D:0.1	D:2.12482269503546	D:0.791669807111917	D:0.382950252861012	D:0.99617810459226	D:0.99617810459226	S:Irs1	D:1	N:	N:	N:	N:	N:	N:	N:	N:	N:	N:	N:	N:	N:	N:
S:Skin	S:Irs-mediated signalling	S:FALSE	S:R-MMU-112399	S:IRS-mediated signalling	S:1/141	S:10/2996	D:0.1	D:2.12482269503546	D:0.791669807111917	D:0.382950252861012	D:0.99617810459226	D:0.99617810459226	S:Irs1	D:1	N:	N:	N:	N:	N:	N:	N:	N:	N:	N:	N:	N:	N:	N:
S:Skin	S:Activation of bh3-only proteins	S:FALSE	S:R-MMU-114452	S:Activation of BH3-only proteins	S:1/141	S:10/2996	D:0.1	D:2.12482269503546	D:0.791669807111917	D:0.382950252861012	D:0.99617810459226	D:0.99617810459226	S:Ywhag	D:1	N:	N:	N:	N:	N:	N:	N:	N:	N:	N:	N:	N:	N:	N:
S:Skin	S:Darpp-32 events	S:FALSE	S:R-MMU-180024	S:DARPP-32 events	S:1/141	S:10/2996	D:0.1	D:2.12482269503546	D:0.791669807111917	D:0.382950252861012	D:0.99617810459226	D:0.99617810459226	S:Pde4d	D:1	N:	N:	N:	N:	N:	N:	N:	N:	N:	N:	N:	N:	N:	N:
S:Skin	S:Erk/mapk targets	S:FALSE	S:R-MMU-198753	S:ERK/MAPK targets	S:1/141	S:10/2996	D:0.1	D:2.12482269503546	D:0.791669807111917	D:0.382950252861012	D:0.99617810459226	D:0.99617810459226	S:Rps6ka5	D:1	N:	N:	N:	N:	N:	N:	N:	N:	N:	N:	N:	N:	N:	N:
S:Skin	S:Carnitine shuttle	S:FALSE	S:R-MMU-200425	S:Carnitine shuttle	S:1/141	S:10/2996	D:0.1	D:2.12482269503546	D:0.791669807111917	D:0.382950252861012	D:0.99617810459226	D:0.99617810459226	S:Prkab2	D:1	N:	N:	N:	N:	N:	N:	N:	N:	N:	N:	N:	N:	N:	N:
S:Skin	S:Pecam1 interactions	S:FALSE	S:R-MMU-210990	S:PECAM1 interactions	S:1/141	S:10/2996	D:0.1	D:2.12482269503546	D:0.791669807111917	D:0.382950252861012	D:0.99617810459226	D:0.99617810459226	S:Yes1	D:1	N:	N:	N:	N:	N:	N:	N:	N:	N:	N:	N:	N:	N:	N:
S:Skin	S:Downstream signaling of activated fgfr1	S:FALSE	S:R-MMU-5654687	S:Downstream signaling of activated FGFR1	S:1/141	S:10/2996	D:0.1	D:2.12482269503546	D:0.791669807111917	D:0.382950252861012	D:0.99617810459226	D:0.99617810459226	S:Kras	D:1	N:	N:	N:	N:	N:	N:	N:	N:	N:	N:	N:	N:	N:	N:
S:Skin	S:Neurexins and neuroligins	S:FALSE	S:R-MMU-6794361	S:Neurexins and neuroligins	S:1/141	S:10/2996	D:0.1	D:2.12482269503546	D:0.791669807111917	D:0.382950252861012	D:0.99617810459226	D:0.99617810459226	S:Epb41l2	D:1	N:	N:	N:	N:	N:	N:	N:	N:	N:	N:	N:	N:	N:	N:
S:Skin	S:Glycogen breakdown (glycogenolysis)	S:FALSE	S:R-MMU-70221	S:Glycogen breakdown (glycogenolysis)	S:1/141	S:10/2996	D:0.1	D:2.12482269503546	D:0.791669807111917	D:0.382950252861012	D:0.99617810459226	D:0.99617810459226	S:Phkb	D:1	N:	N:	N:	N:	N:	N:	N:	N:	N:	N:	N:	N:	N:	N:
S:Skin	S:Ptk6 regulates rho gtpases, ras gtpase and map kinases	S:FALSE	S:R-MMU-8849471	S:PTK6 Regulates RHO GTPases, RAS GTPase and MAP kinases	S:1/141	S:10/2996	D:0.1	D:2.12482269503546	D:0.791669807111917	D:0.382950252861012	D:0.99617810459226	D:0.99617810459226	S:Kras	D:1	N:	N:	N:	N:	N:	N:	N:	N:	N:	N:	N:	N:	N:	N:
S:Skin	S:Foxo-mediated transcription	S:FALSE	S:R-MMU-9614085	S:FOXO-mediated transcription	S:1/141	S:10/2996	D:0.1	D:2.12482269503546	D:0.791669807111917	D:0.382950252861012	D:0.99617810459226	D:0.99617810459226	S:Ywhag	D:1	N:	N:	N:	N:	N:	N:	N:	N:	N:	N:	N:	N:	N:	N:
S:Skin	S:Slc-mediated transport of organic anions	S:FALSE	S:R-MMU-9955298	S:SLC-mediated transport of organic anions	S:1/141	S:10/2996	D:0.1	D:2.12482269503546	D:0.791669807111917	D:0.382950252861012	D:0.99617810459226	D:0.99617810459226	S:Slc25a10	D:1	N:	N:	N:	N:	N:	N:	N:	N:	N:	N:	N:	N:	N:	N:
S:Skin	S:Regulation of insulin-like growth factor (igf) transport and uptake by insulin-like growth factor binding proteins (igfbps)	S:FALSE	S:R-MMU-381426	S:Regulation of Insulin-like Growth Factor (IGF) transport and uptake by Insulin-like Growth Factor Binding Proteins (IGFBPs)	S:3/141	S:48/2996	D:0.0625	D:1.32801418439716	D:0.509042938114058	D:0.395166220775689	D:0.99617810459226	D:0.99617810459226	S:Mia3/P4hb/Wfs1	D:3	N:	N:	N:	N:	N:	N:	N:	N:	N:	N:	N:	N:	N:	N:
S:Skin	S:Post-translational protein phosphorylation	S:FALSE	S:R-MMU-8957275	S:Post-translational protein phosphorylation	S:3/141	S:48/2996	D:0.0625	D:1.32801418439716	D:0.509042938114058	D:0.395166220775689	D:0.99617810459226	D:0.99617810459226	S:Mia3/P4hb/Wfs1	D:3	N:	N:	N:	N:	N:	N:	N:	N:	N:	N:	N:	N:	N:	N:
S:Skin	S:Recruitment of mitotic centrosome proteins and complexes	S:FALSE	S:R-MMU-380270	S:Recruitment of mitotic centrosome proteins and complexes	S:2/141	S:29/2996	D:0.0689655172413793	D:1.46539496209342	D:0.559585969542746	D:0.399561713436881	D:0.99617810459226	D:0.99617810459226	S:Pcm1/Ywhag	D:2	N:	N:	N:	N:	N:	N:	N:	N:	N:	N:	N:	N:	N:	N:
S:Skin	S:Centrosome maturation	S:FALSE	S:R-MMU-380287	S:Centrosome maturation	S:2/141	S:29/2996	D:0.0689655172413793	D:1.46539496209342	D:0.559585969542746	D:0.399561713436881	D:0.99617810459226	D:0.99617810459226	S:Pcm1/Ywhag	D:2	N:	N:	N:	N:	N:	N:	N:	N:	N:	N:	N:	N:	N:	N:
S:Skin	S:Fcgamma receptor (fcgr) dependent phagocytosis	S:FALSE	S:R-MMU-2029480	S:Fcgamma receptor (FCGR) dependent phagocytosis	S:3/141	S:49/2996	D:0.0612244897959184	D:1.30091185410334	D:0.47190239571227	D:0.408081902812809	D:0.99617810459226	D:0.99617810459226	S:Arpc2/Syk/Yes1	D:3	N:	N:	N:	N:	N:	N:	N:	N:	N:	N:	N:	N:	N:	N:
S:Skin	S:Regulation of hsf1-mediated heat shock response	S:TRUE	S:R-MMU-3371453	S:Regulation of HSF1-mediated heat shock response	S:3/141	S:49/2996	D:0.0612244897959184	D:1.30091185410334	D:0.47190239571227	D:0.408081902812809	D:0.99617810459226	D:0.99617810459226	S:Hspa5/Hspa8/Hsph1	D:3	N:	N:	N:	N:	N:	N:	N:	N:	N:	N:	N:	N:	N:	N:
S:Skin	S:Role of phospholipids in phagocytosis	S:FALSE	S:R-MMU-2029485	S:Role of phospholipids in phagocytosis	S:1/141	S:11/2996	D:0.0909090909090909	D:1.93165699548678	D:0.687836372691375	D:0.412087565100328	D:0.99617810459226	D:0.99617810459226	S:Syk	D:1	N:	N:	N:	N:	N:	N:	N:	N:	N:	N:	N:	N:	N:	N:
S:Skin	S:Irs-related events triggered by igf1r	S:FALSE	S:R-MMU-2428928	S:IRS-related events triggered by IGF1R	S:1/141	S:11/2996	D:0.0909090909090909	D:1.93165699548678	D:0.687836372691375	D:0.412087565100328	D:0.99617810459226	D:0.99617810459226	S:Irs1	D:1	N:	N:	N:	N:	N:	N:	N:	N:	N:	N:	N:	N:	N:	N:
S:Skin	S:Eph-ephrin mediated repulsion of cells	S:FALSE	S:R-MMU-3928665	S:EPH-ephrin mediated repulsion of cells	S:1/141	S:11/2996	D:0.0909090909090909	D:1.93165699548678	D:0.687836372691375	D:0.412087565100328	D:0.99617810459226	D:0.99617810459226	S:Yes1	D:1	N:	N:	N:	N:	N:	N:	N:	N:	N:	N:	N:	N:	N:	N:
S:Skin	S:Interleukin-2 family signaling	S:FALSE	S:R-MMU-451927	S:Interleukin-2 family signaling	S:1/141	S:11/2996	D:0.0909090909090909	D:1.93165699548678	D:0.687836372691375	D:0.412087565100328	D:0.99617810459226	D:0.99617810459226	S:Syk	D:1	N:	N:	N:	N:	N:	N:	N:	N:	N:	N:	N:	N:	N:	N:
S:Skin	S:Nonhomologous end-joining (nhej)	S:FALSE	S:R-MMU-5693571	S:Nonhomologous End-Joining (NHEJ)	S:1/141	S:11/2996	D:0.0909090909090909	D:1.93165699548678	D:0.687836372691375	D:0.412087565100328	D:0.99617810459226	D:0.99617810459226	S:Prkdc	D:1	N:	N:	N:	N:	N:	N:	N:	N:	N:	N:	N:	N:	N:	N:
S:Skin	S:Purine salvage	S:FALSE	S:R-MMU-74217	S:Purine salvage	S:1/141	S:11/2996	D:0.0909090909090909	D:1.93165699548678	D:0.687836372691375	D:0.412087565100328	D:0.99617810459226	D:0.99617810459226	S:Adal	D:1	N:	N:	N:	N:	N:	N:	N:	N:	N:	N:	N:	N:	N:	N:
S:Skin	S:Interferon gamma signaling	S:FALSE	S:R-MMU-877300	S:Interferon gamma signaling	S:1/141	S:11/2996	D:0.0909090909090909	D:1.93165699548678	D:0.687836372691375	D:0.412087565100328	D:0.99617810459226	D:0.99617810459226	S:Camk2d	D:1	N:	N:	N:	N:	N:	N:	N:	N:	N:	N:	N:	N:	N:	N:
S:Skin	S:Gastrin-creb signalling pathway via pkc and mapk	S:FALSE	S:R-MMU-881907	S:Gastrin-CREB signalling pathway via PKC and MAPK	S:1/141	S:11/2996	D:0.0909090909090909	D:1.93165699548678	D:0.687836372691375	D:0.412087565100328	D:0.99617810459226	D:0.99617810459226	S:Kras	D:1	N:	N:	N:	N:	N:	N:	N:	N:	N:	N:	N:	N:	N:	N:
S:Skin	S:Met activates ptk2 signaling	S:FALSE	S:R-MMU-8874081	S:MET activates PTK2 signaling	S:1/141	S:11/2996	D:0.0909090909090909	D:1.93165699548678	D:0.687836372691375	D:0.412087565100328	D:0.99617810459226	D:0.99617810459226	S:Itga2	D:1	N:	N:	N:	N:	N:	N:	N:	N:	N:	N:	N:	N:	N:	N:
S:Skin	S:Plasma lipoprotein remodeling	S:FALSE	S:R-MMU-8963899	S:Plasma lipoprotein remodeling	S:1/141	S:11/2996	D:0.0909090909090909	D:1.93165699548678	D:0.687836372691375	D:0.412087565100328	D:0.99617810459226	D:0.99617810459226	S:P4hb	D:1	N:	N:	N:	N:	N:	N:	N:	N:	N:	N:	N:	N:	N:	N:
S:Skin	S:Sealing of the nuclear envelope (ne) by escrt-iii	S:FALSE	S:R-MMU-9668328	S:Sealing of the nuclear envelope (NE) by ESCRT-III	S:1/141	S:11/2996	D:0.0909090909090909	D:1.93165699548678	D:0.687836372691375	D:0.412087565100328	D:0.99617810459226	D:0.99617810459226	S:Chmp2b	D:1	N:	N:	N:	N:	N:	N:	N:	N:	N:	N:	N:	N:	N:	N:
S:Skin	S:Eph-ephrin signaling	S:FALSE	S:R-MMU-2682334	S:EPH-Ephrin signaling	S:2/141	S:30/2996	D:0.0666666666666667	D:1.41654846335697	D:0.509501543622312	D:0.41631272322032	D:0.99617810459226	D:0.99617810459226	S:Arpc2/Yes1	D:2	N:	N:	N:	N:	N:	N:	N:	N:	N:	N:	N:	N:	N:	N:
S:Skin	S:Muscle contraction	S:FALSE	S:R-MMU-397014	S:Muscle contraction	S:4/141	S:71/2996	D:0.0563380281690141	D:1.19708320847068	D:0.373439950180703	D:0.431387613974867	D:0.99617810459226	D:0.99617810459226	S:Acta1/Camk2d/Tnnt3/Vim	D:4	N:	N:	N:	N:	N:	N:	N:	N:	N:	N:	N:	N:	N:	N:
S:Skin	S:Rhob gtpase cycle	S:FALSE	S:R-MMU-9013026	S:RHOB GTPase cycle	S:2/141	S:31/2996	D:0.0645161290322581	D:1.37085335163578	D:0.461185473999174	D:0.432829257037296	D:0.99617810459226	D:0.99617810459226	S:Daam1/Pkn2	D:2	N:	N:	N:	N:	N:	N:	N:	N:	N:	N:	N:	N:	N:	N:
S:Skin	S:Glycerophospholipid biosynthesis	S:FALSE	S:R-MMU-1483206	S:Glycerophospholipid biosynthesis	S:3/141	S:51/2996	D:0.0588235294117647	D:1.24989570296204	D:0.399950404392247	D:0.433659898404157	D:0.99617810459226	D:0.99617810459226	S:Lpgat1/Pitpnb/Pitpnm2	D:3	N:	N:	N:	N:	N:	N:	N:	N:	N:	N:	N:	N:	N:	N:
S:Skin	S:Processing of capped intron-containing pre-mrna	S:FALSE	S:R-MMU-72203	S:Processing of Capped Intron-Containing Pre-mRNA	S:10/141	S:195/2996	D:0.0512820512820513	D:1.08965266412075	D:0.287692714673813	D:0.437029031349989	D:0.99617810459226	D:0.99617810459226	S:Ddx46/Fyttd1/Hnrnpa2b1/Hnrnpk/Hnrnpu/Hspa8/Papolg/Rbbp6/Srsf3/U2surp	D:10	N:	N:	N:	N:	N:	N:	N:	N:	N:	N:	N:	N:	N:	N:
S:Skin	S:Deubiquitination	S:FALSE	S:R-MMU-5688426	S:Deubiquitination	S:5/141	S:92/2996	D:0.0543478260869565	D:1.15479494295405	D:0.335086776408757	D:0.437691750484598	D:0.99617810459226	D:0.99617810459226	S:Psmd7/Rad23b/Stambp/Usp25/Yy1	D:5	N:	N:	N:	N:	N:	N:	N:	N:	N:	N:	N:	N:	N:	N:
S:Skin	S:Immunoregulatory interactions between a lymphoid and a non-lymphoid cell	S:FALSE	S:R-MMU-198933	S:Immunoregulatory interactions between a Lymphoid and a non-Lymphoid cell	S:1/141	S:12/2996	D:0.0833333333333333	D:1.77068557919622	D:0.594392553135966	D:0.439858303231267	D:0.99617810459226	D:0.99617810459226	S:Icam2	D:1	N:	N:	N:	N:	N:	N:	N:	N:	N:	N:	N:	N:	N:	N:
S:Skin	S:Signaling by type 1 insulin-like growth factor 1 receptor (igf1r)	S:FALSE	S:R-MMU-2404192	S:Signaling by Type 1 Insulin-like Growth Factor 1 Receptor (IGF1R)	S:1/141	S:12/2996	D:0.0833333333333333	D:1.77068557919622	D:0.594392553135966	D:0.439858303231267	D:0.99617810459226	D:0.99617810459226	S:Irs1	D:1	N:	N:	N:	N:	N:	N:	N:	N:	N:	N:	N:	N:	N:	N:
S:Skin	S:Igf1r signaling cascade	S:FALSE	S:R-MMU-2428924	S:IGF1R signaling cascade	S:1/141	S:12/2996	D:0.0833333333333333	D:1.77068557919622	D:0.594392553135966	D:0.439858303231267	D:0.99617810459226	D:0.99617810459226	S:Irs1	D:1	N:	N:	N:	N:	N:	N:	N:	N:	N:	N:	N:	N:	N:	N:
S:Skin	S:Rho gtpases activate iqgaps	S:FALSE	S:R-MMU-5626467	S:RHO GTPases activate IQGAPs	S:1/141	S:12/2996	D:0.0833333333333333	D:1.77068557919622	D:0.594392553135966	D:0.439858303231267	D:0.99617810459226	D:0.99617810459226	S:Iqgap2	D:1	N:	N:	N:	N:	N:	N:	N:	N:	N:	N:	N:	N:	N:	N:
S:Skin	S:Negative regulation of met activity	S:FALSE	S:R-MMU-6807004	S:Negative regulation of MET activity	S:1/141	S:12/2996	D:0.0833333333333333	D:1.77068557919622	D:0.594392553135966	D:0.439858303231267	D:0.99617810459226	D:0.99617810459226	S:Sh3kbp1	D:1	N:	N:	N:	N:	N:	N:	N:	N:	N:	N:	N:	N:	N:	N:
S:Skin	S:Synthesis of active ubiquitin: roles of e1 and e2 enzymes	S:FALSE	S:R-MMU-8866652	S:Synthesis of active ubiquitin: roles of E1 and E2 enzymes	S:1/141	S:12/2996	D:0.0833333333333333	D:1.77068557919622	D:0.594392553135966	D:0.439858303231267	D:0.99617810459226	D:0.99617810459226	S:Ube2k	D:1	N:	N:	N:	N:	N:	N:	N:	N:	N:	N:	N:	N:	N:	N:
S:Skin	S:Regulation of cdh1 expression and function	S:FALSE	S:R-MMU-9764265	S:Regulation of CDH1 Expression and Function	S:4/141	S:72/2996	D:0.0555555555555556	D:1.18045705279748	D:0.344394603556164	D:0.442095658546181	D:0.99617810459226	D:0.99617810459226	S:Acta1/Canx/Dad1/Psmd7	D:4	N:	N:	N:	N:	N:	N:	N:	N:	N:	N:	N:	N:	N:	N:
S:Skin	S:Regulation of expression and function of type i classical cadherins	S:FALSE	S:R-MMU-9764274	S:Regulation of Expression and Function of Type I Classical Cadherins	S:4/141	S:72/2996	D:0.0555555555555556	D:1.18045705279748	D:0.344394603556164	D:0.442095658546181	D:0.99617810459226	D:0.99617810459226	S:Acta1/Canx/Dad1/Psmd7	D:4	N:	N:	N:	N:	N:	N:	N:	N:	N:	N:	N:	N:	N:	N:
S:Skin	S:Mrna splicing - major pathway	S:FALSE	S:R-MMU-72163	S:mRNA Splicing - Major Pathway	S:7/141	S:134/2996	D:0.0522388059701493	D:1.10998200486927	D:0.289430390173032	D:0.444906419177044	D:0.99617810459226	D:0.99617810459226	S:Ddx46/Hnrnpa2b1/Hnrnpk/Hnrnpu/Hspa8/Srsf3/U2surp	D:7	N:	N:	N:	N:	N:	N:	N:	N:	N:	N:	N:	N:	N:	N:
S:Skin	S:Mrna splicing	S:FALSE	S:R-MMU-72172	S:mRNA Splicing	S:7/141	S:134/2996	D:0.0522388059701493	D:1.10998200486927	D:0.289430390173032	D:0.444906419177044	D:0.99617810459226	D:0.99617810459226	S:Ddx46/Hnrnpa2b1/Hnrnpk/Hnrnpu/Hspa8/Srsf3/U2surp	D:7	N:	N:	N:	N:	N:	N:	N:	N:	N:	N:	N:	N:	N:	N:
S:Skin	S:Antigen processing-cross presentation	S:FALSE	S:R-MMU-1236975	S:Antigen processing-Cross presentation	S:3/141	S:52/2996	D:0.0576923076923077	D:1.22585924713584	D:0.365069506329338	D:0.446301773869587	D:0.99617810459226	D:0.99617810459226	S:Pdia3/Psmd7/Psme2	D:3	N:	N:	N:	N:	N:	N:	N:	N:	N:	N:	N:	N:	N:	N:
S:Skin	S:Recruitment of numa to mitotic centrosomes	S:FALSE	S:R-MMU-380320	S:Recruitment of NuMA to mitotic centrosomes	S:2/141	S:32/2996	D:0.0625	D:1.32801418439716	D:0.41450848722215	D:0.449096232434374	D:0.99617810459226	D:0.99617810459226	S:Pcm1/Ywhag	D:2	N:	N:	N:	N:	N:	N:	N:	N:	N:	N:	N:	N:	N:	N:
S:Skin	S:Regulation of homotypic cell-cell adhesion	S:FALSE	S:R-MMU-9759476	S:Regulation of Homotypic Cell-Cell Adhesion	S:4/141	S:73/2996	D:0.0547945205479452	D:1.16428640823861	D:0.315757424178395	D:0.452745746057126	D:0.99617810459226	D:0.99617810459226	S:Acta1/Canx/Dad1/Psmd7	D:4	N:	N:	N:	N:	N:	N:	N:	N:	N:	N:	N:	N:	N:	N:
S:Skin	S:Nuclear events (kinase and transcription factor activation)	S:FALSE	S:R-MMU-198725	S:Nuclear Events (kinase and transcription factor activation)	S:1/141	S:13/2996	D:0.0769230769230769	D:1.63447899618112	D:0.509409702638246	D:0.466326124693865	D:0.99617810459226	D:0.99617810459226	S:Rps6ka5	D:1	N:	N:	N:	N:	N:	N:	N:	N:	N:	N:	N:	N:	N:	N:
S:Skin	S:Basigin interactions	S:FALSE	S:R-MMU-210991	S:Basigin interactions	S:1/141	S:13/2996	D:0.0769230769230769	D:1.63447899618112	D:0.509409702638246	D:0.466326124693865	D:0.99617810459226	D:0.99617810459226	S:Itga6	D:1	N:	N:	N:	N:	N:	N:	N:	N:	N:	N:	N:	N:	N:	N:
S:Skin	S:Molecules associated with elastic fibres	S:FALSE	S:R-MMU-2129379	S:Molecules associated with elastic fibres	S:1/141	S:13/2996	D:0.0769230769230769	D:1.63447899618112	D:0.509409702638246	D:0.466326124693865	D:0.99617810459226	D:0.99617810459226	S:Fbln5	D:1	N:	N:	N:	N:	N:	N:	N:	N:	N:	N:	N:	N:	N:	N:
S:Skin	S:Mapk targets/ nuclear events mediated by map kinases	S:FALSE	S:R-MMU-450282	S:MAPK targets/ Nuclear events mediated by MAP kinases	S:1/141	S:13/2996	D:0.0769230769230769	D:1.63447899618112	D:0.509409702638246	D:0.466326124693865	D:0.99617810459226	D:0.99617810459226	S:Rps6ka5	D:1	N:	N:	N:	N:	N:	N:	N:	N:	N:	N:	N:	N:	N:	N:
S:Skin	S:Nucleotide salvage	S:FALSE	S:R-MMU-8956321	S:Nucleotide salvage	S:1/141	S:13/2996	D:0.0769230769230769	D:1.63447899618112	D:0.509409702638246	D:0.466326124693865	D:0.99617810459226	D:0.99617810459226	S:Adal	D:1	N:	N:	N:	N:	N:	N:	N:	N:	N:	N:	N:	N:	N:	N:
S:Skin	S:Ldl clearance	S:FALSE	S:R-MMU-8964038	S:LDL clearance	S:1/141	S:13/2996	D:0.0769230769230769	D:1.63447899618112	D:0.509409702638246	D:0.466326124693865	D:0.99617810459226	D:0.99617810459226	S:Soat1	D:1	N:	N:	N:	N:	N:	N:	N:	N:	N:	N:	N:	N:	N:	N:
S:Skin	S:Regulation of plk1 activity at g2/m transition	S:FALSE	S:R-MMU-2565942	S:Regulation of PLK1 Activity at G2/M Transition	S:2/141	S:34/2996	D:0.0588235294117647	D:1.24989570296204	D:0.325619671017438	D:0.480830614553117	D:0.99617810459226	D:0.99617810459226	S:Pcm1/Ywhag	D:2	N:	N:	N:	N:	N:	N:	N:	N:	N:	N:	N:	N:	N:	N:
S:Skin	S:Tp53 regulates metabolic genes	S:FALSE	S:R-MMU-5628897	S:TP53 Regulates Metabolic Genes	S:2/141	S:34/2996	D:0.0588235294117647	D:1.24989570296204	D:0.325619671017438	D:0.480830614553117	D:0.99617810459226	D:0.99617810459226	S:Prkab2/Ywhag	D:2	N:	N:	N:	N:	N:	N:	N:	N:	N:	N:	N:	N:	N:	N:
S:Skin	S:Transmission across chemical synapses	S:FALSE	S:R-MMU-112315	S:Transmission across Chemical Synapses	S:3/141	S:55/2996	D:0.0545454545454545	D:1.15899419729207	D:0.264435659736549	D:0.483529887314552	D:0.99617810459226	D:0.99617810459226	S:Camk2d/Hspa8/Prkcb	D:3	N:	N:	N:	N:	N:	N:	N:	N:	N:	N:	N:	N:	N:	N:
S:Skin	S:Intrinsic pathway for apoptosis	S:FALSE	S:R-MMU-109606	S:Intrinsic Pathway for Apoptosis	S:1/141	S:14/2996	D:0.0714285714285714	D:1.5177304964539	D:0.431438462043171	D:0.491551741997977	D:0.99617810459226	D:0.99617810459226	S:Ywhag	D:1	N:	N:	N:	N:	N:	N:	N:	N:	N:	N:	N:	N:	N:	N:
S:Skin	S:Apoptotic cleavage of cellular proteins	S:FALSE	S:R-MMU-111465	S:Apoptotic cleavage of cellular proteins	S:1/141	S:14/2996	D:0.0714285714285714	D:1.5177304964539	D:0.431438462043171	D:0.491551741997977	D:0.99617810459226	D:0.99617810459226	S:Vim	D:1	N:	N:	N:	N:	N:	N:	N:	N:	N:	N:	N:	N:	N:	N:
S:Skin	S:Signalling to erks	S:FALSE	S:R-MMU-187687	S:Signalling to ERKs	S:1/141	S:14/2996	D:0.0714285714285714	D:1.5177304964539	D:0.431438462043171	D:0.491551741997977	D:0.99617810459226	D:0.99617810459226	S:Kras	D:1	N:	N:	N:	N:	N:	N:	N:	N:	N:	N:	N:	N:	N:	N:
S:Skin	S:Co-inhibition by ctla4	S:FALSE	S:R-MMU-389513	S:Co-inhibition by CTLA4	S:1/141	S:14/2996	D:0.0714285714285714	D:1.5177304964539	D:0.431438462043171	D:0.491551741997977	D:0.99617810459226	D:0.99617810459226	S:Yes1	D:1	N:	N:	N:	N:	N:	N:	N:	N:	N:	N:	N:	N:	N:	N:
S:Skin	S:Signaling by fgfr3	S:FALSE	S:R-MMU-5654741	S:Signaling by FGFR3	S:1/141	S:14/2996	D:0.0714285714285714	D:1.5177304964539	D:0.431438462043171	D:0.491551741997977	D:0.99617810459226	D:0.99617810459226	S:Kras	D:1	N:	N:	N:	N:	N:	N:	N:	N:	N:	N:	N:	N:	N:	N:
S:Skin	S:Signaling by fgfr4	S:FALSE	S:R-MMU-5654743	S:Signaling by FGFR4	S:1/141	S:14/2996	D:0.0714285714285714	D:1.5177304964539	D:0.431438462043171	D:0.491551741997977	D:0.99617810459226	D:0.99617810459226	S:Kras	D:1	N:	N:	N:	N:	N:	N:	N:	N:	N:	N:	N:	N:	N:	N:
S:Skin	S:Insulin receptor signalling cascade	S:FALSE	S:R-MMU-74751	S:Insulin receptor signalling cascade	S:1/141	S:14/2996	D:0.0714285714285714	D:1.5177304964539	D:0.431438462043171	D:0.491551741997977	D:0.99617810459226	D:0.99617810459226	S:Irs1	D:1	N:	N:	N:	N:	N:	N:	N:	N:	N:	N:	N:	N:	N:	N:
S:Skin	S:Signaling by wnt	S:FALSE	S:R-MMU-195721	S:Signaling by WNT	S:5/141	S:98/2996	D:0.0510204081632653	D:1.08409321175279	D:0.188074406664323	D:0.49360671864437	D:0.99617810459226	D:0.99617810459226	S:Daam1/Kras/Ppp3ca/Prkcb/Psmd7	D:5	N:	N:	N:	N:	N:	N:	N:	N:	N:	N:	N:	N:	N:	N:
S:Skin	S:Cell junction organization	S:FALSE	S:R-MMU-446728	S:Cell junction organization	S:5/141	S:98/2996	D:0.0510204081632653	D:1.08409321175279	D:0.188074406664323	D:0.49360671864437	D:0.99617810459226	D:0.99617810459226	S:Acta1/Canx/Dad1/Itga6/Psmd7	D:5	N:	N:	N:	N:	N:	N:	N:	N:	N:	N:	N:	N:	N:	N:
S:Skin	S:Fatty acid metabolism	S:FALSE	S:R-MMU-8978868	S:Fatty acid metabolism	S:5/141	S:98/2996	D:0.0510204081632653	D:1.08409321175279	D:0.188074406664323	D:0.49360671864437	D:0.99617810459226	D:0.99617810459226	S:Acadl/Acsbg2/Hsd17b12/Prkab2/Scp2	D:5	N:	N:	N:	N:	N:	N:	N:	N:	N:	N:	N:	N:	N:	N:
S:Skin	S:Neurotransmitter receptors and postsynaptic signal transmission	S:FALSE	S:R-MMU-112314	S:Neurotransmitter receptors and postsynaptic signal transmission	S:2/141	S:35/2996	D:0.0571428571428571	D:1.21418439716312	D:0.283209333654918	D:0.49627686779164	D:0.99617810459226	D:0.99617810459226	S:Camk2d/Prkcb	D:2	N:	N:	N:	N:	N:	N:	N:	N:	N:	N:	N:	N:	N:	N:
S:Skin	S:Protein localization	S:FALSE	S:R-MMU-9609507	S:Protein localization	S:3/141	S:57/2996	D:0.0526315789473684	D:1.11832773422919	D:0.20041448027096	D:0.507688869131651	D:0.99617810459226	D:0.99617810459226	S:Hspd1/Scp2/Sec61b	D:3	N:	N:	N:	N:	N:	N:	N:	N:	N:	N:	N:	N:	N:	N:
S:Skin	S:Ion channel transport	S:FALSE	S:R-MMU-983712	S:Ion channel transport	S:3/141	S:57/2996	D:0.0526315789473684	D:1.11832773422919	D:0.20041448027096	D:0.507688869131651	D:0.99617810459226	D:0.99617810459226	S:Atp2c1/Camk2d/Wwp1	D:3	N:	N:	N:	N:	N:	N:	N:	N:	N:	N:	N:	N:	N:	N:
S:Skin	S:Apoptosis	S:FALSE	S:R-MMU-109581	S:Apoptosis	S:2/141	S:36/2996	D:0.0555555555555556	D:1.18045705279748	D:0.242038341561077	D:0.511430993309341	D:0.99617810459226	D:0.99617810459226	S:Vim/Ywhag	D:2	N:	N:	N:	N:	N:	N:	N:	N:	N:	N:	N:	N:	N:	N:
S:Skin	S:Antigen processing: ubiquitination & proteasome degradation	S:FALSE	S:R-MMU-983168	S:Antigen processing: Ubiquitination & Proteasome degradation	S:5/141	S:100/2996	D:0.05	D:1.06241134751773	D:0.141048734547416	D:0.511819208824617	D:0.99617810459226	D:0.99617810459226	S:Psmd7/Rbbp6/Ube2k/Ubr1/Wwp1	D:5	N:	N:	N:	N:	N:	N:	N:	N:	N:	N:	N:	N:	N:	N:
S:Skin	S:Rac1 gtpase cycle	S:FALSE	S:R-MMU-9013149	S:RAC1 GTPase cycle	S:4/141	S:79/2996	D:0.0506329113924051	D:1.07585959242302	D:0.151831103856467	D:0.515103745054838	D:0.99617810459226	D:0.99617810459226	S:Als2/Dock10/Iqgap2/Pkn2	D:4	N:	N:	N:	N:	N:	N:	N:	N:	N:	N:	N:	N:	N:	N:
S:Skin	S:Egfr downregulation	S:FALSE	S:R-MMU-182971	S:EGFR downregulation	S:1/141	S:15/2996	D:0.0666666666666667	D:1.41654846335697	D:0.359364432739671	D:0.515593058020205	D:0.99617810459226	D:0.99617810459226	S:Sh3kbp1	D:1	N:	N:	N:	N:	N:	N:	N:	N:	N:	N:	N:	N:	N:	N:
S:Skin	S:Energy dependent regulation of mtor by lkb1-ampk	S:FALSE	S:R-MMU-380972	S:Energy dependent regulation of mTOR by LKB1-AMPK	S:1/141	S:15/2996	D:0.0666666666666667	D:1.41654846335697	D:0.359364432739671	D:0.515593058020205	D:0.99617810459226	D:0.99617810459226	S:Prkab2	D:1	N:	N:	N:	N:	N:	N:	N:	N:	N:	N:	N:	N:	N:	N:
S:Skin	S:Adherens junctions interactions	S:FALSE	S:R-MMU-418990	S:Adherens junctions interactions	S:4/141	S:80/2996	D:0.05	D:1.06241134751773	D:0.125724439044159	D:0.525191374545136	D:0.99617810459226	D:0.99617810459226	S:Acta1/Canx/Dad1/Psmd7	D:4	N:	N:	N:	N:	N:	N:	N:	N:	N:	N:	N:	N:	N:	N:
S:Skin	S:Regulation of actin dynamics for phagocytic cup formation	S:FALSE	S:R-MMU-2029482	S:Regulation of actin dynamics for phagocytic cup formation	S:2/141	S:37/2996	D:0.0540540540540541	D:1.14855280812728	D:0.202029206756713	D:0.526286132026286	D:0.99617810459226	D:0.99617810459226	S:Arpc2/Syk	D:2	N:	N:	N:	N:	N:	N:	N:	N:	N:	N:	N:	N:	N:	N:
S:Skin	S:Cellular responses to mechanical stimuli	S:FALSE	S:R-MMU-9855142	S:Cellular responses to mechanical stimuli	S:2/141	S:37/2996	D:0.0540540540540541	D:1.14855280812728	D:0.202029206756713	D:0.526286132026286	D:0.99617810459226	D:0.99617810459226	S:Pde4d/Pkn2	D:2	N:	N:	N:	N:	N:	N:	N:	N:	N:	N:	N:	N:	N:	N:
S:Skin	S:Response of endothelial cells to shear stress	S:FALSE	S:R-MMU-9860931	S:Response of endothelial cells to shear stress	S:2/141	S:37/2996	D:0.0540540540540541	D:1.14855280812728	D:0.202029206756713	D:0.526286132026286	D:0.99617810459226	D:0.99617810459226	S:Pde4d/Pkn2	D:2	N:	N:	N:	N:	N:	N:	N:	N:	N:	N:	N:	N:	N:	N:
S:Skin	S:Copi-mediated anterograde transport	S:FALSE	S:R-MMU-6807878	S:COPI-mediated anterograde transport	S:3/141	S:59/2996	D:0.0508474576271186	D:1.08041831950956	D:0.138622567835772	D:0.531257627893593	D:0.99617810459226	D:0.99617810459226	S:Copa/Copb2/Tmed10	D:3	N:	N:	N:	N:	N:	N:	N:	N:	N:	N:	N:	N:	N:	N:
S:Skin	S:Neurotransmitter release cycle	S:FALSE	S:R-MMU-112310	S:Neurotransmitter release cycle	S:1/141	S:16/2996	D:0.0625	D:1.32801418439716	D:0.292313852785996	D:0.538505295128274	D:0.99617810459226	D:0.99617810459226	S:Hspa8	D:1	N:	N:	N:	N:	N:	N:	N:	N:	N:	N:	N:	N:	N:	N:
S:Skin	S:Elastic fibre formation	S:FALSE	S:R-MMU-1566948	S:Elastic fibre formation	S:1/141	S:16/2996	D:0.0625	D:1.32801418439716	D:0.292313852785996	D:0.538505295128274	D:0.99617810459226	D:0.99617810459226	S:Fbln5	D:1	N:	N:	N:	N:	N:	N:	N:	N:	N:	N:	N:	N:	N:	N:
S:Skin	S:Deadenylation of mrna	S:FALSE	S:R-MMU-429947	S:Deadenylation of mRNA	S:1/141	S:16/2996	D:0.0625	D:1.32801418439716	D:0.292313852785996	D:0.538505295128274	D:0.99617810459226	D:0.99617810459226	S:Pabpc1	D:1	N:	N:	N:	N:	N:	N:	N:	N:	N:	N:	N:	N:	N:	N:
S:Skin	S:Tbc/rabgaps	S:FALSE	S:R-MMU-8854214	S:TBC/RABGAPs	S:1/141	S:16/2996	D:0.0625	D:1.32801418439716	D:0.292313852785996	D:0.538505295128274	D:0.99617810459226	D:0.99617810459226	S:Tbc1d13	D:1	N:	N:	N:	N:	N:	N:	N:	N:	N:	N:	N:	N:	N:	N:
S:Skin	S:Activation of nf-kappab in b cells	S:FALSE	S:R-MMU-1169091	S:Activation of NF-kappaB in B cells	S:2/141	S:38/2996	D:0.0526315789473684	D:1.11832773422919	D:0.163111347479376	D:0.540836704420546	D:0.99617810459226	D:0.99617810459226	S:Prkcb/Psmd7	D:2	N:	N:	N:	N:	N:	N:	N:	N:	N:	N:	N:	N:	N:	N:
S:Skin	S:Cross-presentation of soluble exogenous antigens (endosomes)	S:FALSE	S:R-MMU-1236978	S:Cross-presentation of soluble exogenous antigens (endosomes)	S:2/141	S:38/2996	D:0.0526315789473684	D:1.11832773422919	D:0.163111347479376	D:0.540836704420546	D:0.99617810459226	D:0.99617810459226	S:Psmd7/Psme2	D:2	N:	N:	N:	N:	N:	N:	N:	N:	N:	N:	N:	N:	N:	N:
S:Skin	S:Slc-mediated transmembrane transport	S:FALSE	S:R-MMU-425407	S:SLC-mediated transmembrane transport	S:2/141	S:38/2996	D:0.0526315789473684	D:1.11832773422919	D:0.163111347479376	D:0.540836704420546	D:0.99617810459226	D:0.99617810459226	S:Slc25a10/Slc33a1	D:2	N:	N:	N:	N:	N:	N:	N:	N:	N:	N:	N:	N:	N:	N:
S:Skin	S:Regulation of ras by gaps	S:FALSE	S:R-MMU-5658442	S:Regulation of RAS by GAPs	S:2/141	S:38/2996	D:0.0526315789473684	D:1.11832773422919	D:0.163111347479376	D:0.540836704420546	D:0.99617810459226	D:0.99617810459226	S:Kras/Psmd7	D:2	N:	N:	N:	N:	N:	N:	N:	N:	N:	N:	N:	N:	N:	N:
S:Skin	S:Spop-mediated proteasomal degradation of pd-l1(cd274)	S:FALSE	S:R-MMU-9929491	S:SPOP-mediated proteasomal degradation of PD-L1(CD274)	S:2/141	S:38/2996	D:0.0526315789473684	D:1.11832773422919	D:0.163111347479376	D:0.540836704420546	D:0.99617810459226	D:0.99617810459226	S:Psmd7/Ywhag	D:2	N:	N:	N:	N:	N:	N:	N:	N:	N:	N:	N:	N:	N:	N:
S:Skin	S:Rhoa gtpase cycle	S:FALSE	S:R-MMU-8980692	S:RHOA GTPase cycle	S:3/141	S:60/2996	D:0.05	D:1.06241134751773	D:0.108509077790305	D:0.542806690253753	D:0.99617810459226	D:0.99617810459226	S:Daam1/Lman1/Pkn2	D:3	N:	N:	N:	N:	N:	N:	N:	N:	N:	N:	N:	N:	N:	N:
S:Skin	S:Hemostasis	S:FALSE	S:R-MMU-109582	S:Hemostasis	S:11/141	S:233/2996	D:0.0472103004291846	D:1.00313517791374	D:0.0110727277658006	D:0.543385614822397	D:0.99617810459226	D:0.99617810459226	S:Dock10/F3/Itga6/Kif2a/Kif3a/Kras/Mif/Prkcb/Serpinf2/Syk/Yes1	D:11	N:	N:	N:	N:	N:	N:	N:	N:	N:	N:	N:	N:	N:	N:
S:Skin	S:Cell-cell junction organization	S:FALSE	S:R-MMU-421270	S:Cell-cell junction organization	S:4/141	S:82/2996	D:0.048780487804878	D:1.03649887562705	D:0.0744640326099673	D:0.545064552713528	D:0.99617810459226	D:0.99617810459226	S:Acta1/Canx/Dad1/Psmd7	D:4	N:	N:	N:	N:	N:	N:	N:	N:	N:	N:	N:	N:	N:	N:
S:Skin	S:Cell-cell communication	S:FALSE	S:R-MMU-1500931	S:Cell-Cell communication	S:5/141	S:104/2996	D:0.0480769230769231	D:1.0215493726132	D:0.0497000778947263	D:0.547428706200686	D:0.99617810459226	D:0.99617810459226	S:Acta1/Canx/Dad1/Itga6/Psmd7	D:5	N:	N:	N:	N:	N:	N:	N:	N:	N:	N:	N:	N:	N:	N:
S:Skin	S:Mitotic prometaphase	S:FALSE	S:R-MMU-68877	S:Mitotic Prometaphase	S:4/141	S:83/2996	D:0.0481927710843374	D:1.02401093736649	D:0.0492927255294877	D:0.5548424755005	D:0.99617810459226	D:0.99617810459226	S:Clasp2/Kif2a/Pcm1/Ywhag	D:4	N:	N:	N:	N:	N:	N:	N:	N:	N:	N:	N:	N:	N:	N:
S:Skin	S:Pi metabolism	S:FALSE	S:R-MMU-1483255	S:PI Metabolism	S:2/141	S:39/2996	D:0.0512820512820513	D:1.08965266412075	D:0.12522030412935	D:0.555078306818239	D:0.99617810459226	D:0.99617810459226	S:Pitpnb/Rab14	D:2	N:	N:	N:	N:	N:	N:	N:	N:	N:	N:	N:	N:	N:	N:
S:Skin	S:Hedgehog 'on' state	S:FALSE	S:R-MMU-5632684	S:Hedgehog 'on' state	S:2/141	S:39/2996	D:0.0512820512820513	D:1.08965266412075	D:0.12522030412935	D:0.555078306818239	D:0.99617810459226	D:0.99617810459226	S:Kif3a/Psmd7	D:2	N:	N:	N:	N:	N:	N:	N:	N:	N:	N:	N:	N:	N:	N:
S:Skin	S:Global genome nucleotide excision repair (gg-ner)	S:FALSE	S:R-MMU-5696399	S:Global Genome Nucleotide Excision Repair (GG-NER)	S:2/141	S:39/2996	D:0.0512820512820513	D:1.08965266412075	D:0.12522030412935	D:0.555078306818239	D:0.99617810459226	D:0.99617810459226	S:Rad23b/Yy1	D:2	N:	N:	N:	N:	N:	N:	N:	N:	N:	N:	N:	N:	N:	N:
S:Skin	S:Downstream signal transduction	S:FALSE	S:R-MMU-186763	S:Downstream signal transduction	S:1/141	S:17/2996	D:0.0588235294117647	D:1.24989570296204	D:0.229589969754627	D:0.560341118412473	D:0.99617810459226	D:0.99617810459226	S:Kras	D:1	N:	N:	N:	N:	N:	N:	N:	N:	N:	N:	N:	N:	N:	N:
S:Skin	S:Binding and uptake of ligands by scavenger receptors	S:FALSE	S:R-MMU-2173782	S:Binding and Uptake of Ligands by Scavenger Receptors	S:1/141	S:17/2996	D:0.0588235294117647	D:1.24989570296204	D:0.229589969754627	D:0.560341118412473	D:0.99617810459226	D:0.99617810459226	S:Calr	D:1	N:	N:	N:	N:	N:	N:	N:	N:	N:	N:	N:	N:	N:	N:
S:Skin	S:G alpha (s) signalling events	S:FALSE	S:R-MMU-418555	S:G alpha (s) signalling events	S:1/141	S:17/2996	D:0.0588235294117647	D:1.24989570296204	D:0.229589969754627	D:0.560341118412473	D:0.99617810459226	D:0.99617810459226	S:Pde4d	D:1	N:	N:	N:	N:	N:	N:	N:	N:	N:	N:	N:	N:	N:	N:
S:Skin	S:Rho gtpases activate nadph oxidases	S:FALSE	S:R-MMU-5668599	S:RHO GTPases Activate NADPH Oxidases	S:1/141	S:17/2996	D:0.0588235294117647	D:1.24989570296204	D:0.229589969754627	D:0.560341118412473	D:0.99617810459226	D:0.99617810459226	S:Prkcb	D:1	N:	N:	N:	N:	N:	N:	N:	N:	N:	N:	N:	N:	N:	N:
S:Skin	S:Cooperation of pdcl (phlp1) and tric/cct in g-protein beta folding	S:FALSE	S:R-MMU-6814122	S:Cooperation of PDCL (PhLP1) and TRiC/CCT in G-protein beta folding	S:1/141	S:17/2996	D:0.0588235294117647	D:1.24989570296204	D:0.229589969754627	D:0.560341118412473	D:0.99617810459226	D:0.99617810459226	S:Tcp1	D:1	N:	N:	N:	N:	N:	N:	N:	N:	N:	N:	N:	N:	N:	N:
S:Skin	S:Aggrephagy	S:FALSE	S:R-MMU-9646399	S:Aggrephagy	S:1/141	S:17/2996	D:0.0588235294117647	D:1.24989570296204	D:0.229589969754627	D:0.560341118412473	D:0.99617810459226	D:0.99617810459226	S:Vim	D:1	N:	N:	N:	N:	N:	N:	N:	N:	N:	N:	N:	N:	N:	N:
S:Skin	S:Clathrin-mediated endocytosis	S:FALSE	S:R-MMU-8856828	S:Clathrin-mediated endocytosis	S:4/141	S:84/2996	D:0.0476190476190476	D:1.01182033096927	D:0.0244162244194767	D:0.564509964487372	D:0.99617810459226	D:0.99617810459226	S:Arpc2/Hspa8/Sh3kbp1/Ubqln2	D:4	N:	N:	N:	N:	N:	N:	N:	N:	N:	N:	N:	N:	N:	N:
S:Skin	S:Uch proteinases	S:FALSE	S:R-MMU-5689603	S:UCH proteinases	S:2/141	S:40/2996	D:0.05	D:1.06241134751773	D:0.0882970621242057	D:0.569007614497708	D:0.99617810459226	D:0.99617810459226	S:Psmd7/Yy1	D:2	N:	N:	N:	N:	N:	N:	N:	N:	N:	N:	N:	N:	N:	N:
S:Skin	S:Proteasome assembly	S:FALSE	S:R-MMU-9907900	S:Proteasome assembly	S:2/141	S:40/2996	D:0.05	D:1.06241134751773	D:0.0882970621242057	D:0.569007614497708	D:0.99617810459226	D:0.99617810459226	S:Psmd7/Psme2	D:2	N:	N:	N:	N:	N:	N:	N:	N:	N:	N:	N:	N:	N:	N:
S:Skin	S:Raf/map kinase cascade	S:FALSE	S:R-MMU-5673001	S:RAF/MAP kinase cascade	S:5/141	S:107/2996	D:0.0467289719626168	D:0.99290780141844	D:-0.0165998406350896	D:0.573324986410312	D:0.99617810459226	D:0.99617810459226	S:Camk2d/Irs1/Kras/Lypla1/Psmd7	D:5	N:	N:	N:	N:	N:	N:	N:	N:	N:	N:	N:	N:	N:	N:
S:Skin	S:M phase	S:FALSE	S:R-MMU-68886	S:M Phase	S:8/141	S:173/2996	D:0.046242774566474	D:0.982576968802525	D:-0.0524561291788417	D:0.575030764290442	D:0.99617810459226	D:0.99617810459226	S:Chmp2b/Clasp2/Gorasp2/Kif2a/Pcm1/Prkcb/Psmd7/Ywhag	D:8	N:	N:	N:	N:	N:	N:	N:	N:	N:	N:	N:	N:	N:	N:
S:Skin	S:Rho gtpases activate formins	S:FALSE	S:R-MMU-5663220	S:RHO GTPases Activate Formins	S:3/141	S:63/2996	D:0.0476190476190476	D:1.01182033096927	D:0.0210692362828029	D:0.576457579846734	D:0.99617810459226	D:0.99617810459226	S:Clasp2/Daam1/Kif2a	D:3	N:	N:	N:	N:	N:	N:	N:	N:	N:	N:	N:	N:	N:	N:
S:Skin	S:Gpvi-mediated activation cascade	S:FALSE	S:R-MMU-114604	S:GPVI-mediated activation cascade	S:1/141	S:18/2996	D:0.0555555555555556	D:1.18045705279748	D:0.170628934764966	D:0.581150753291238	D:0.99617810459226	D:0.99617810459226	S:Syk	D:1	N:	N:	N:	N:	N:	N:	N:	N:	N:	N:	N:	N:	N:	N:
S:Skin	S:Formation of fibrin clot (clotting cascade)	S:FALSE	S:R-MMU-140877	S:Formation of Fibrin Clot (Clotting Cascade)	S:1/141	S:18/2996	D:0.0555555555555556	D:1.18045705279748	D:0.170628934764966	D:0.581150753291238	D:0.99617810459226	D:0.99617810459226	S:F3	D:1	N:	N:	N:	N:	N:	N:	N:	N:	N:	N:	N:	N:	N:	N:
S:Skin	S:Integrin signaling	S:FALSE	S:R-MMU-354192	S:Integrin signaling	S:1/141	S:18/2996	D:0.0555555555555556	D:1.18045705279748	D:0.170628934764966	D:0.581150753291238	D:0.99617810459226	D:0.99617810459226	S:Syk	D:1	N:	N:	N:	N:	N:	N:	N:	N:	N:	N:	N:	N:	N:	N:
S:Skin	S:Chaperonin-mediated protein folding	S:FALSE	S:R-MMU-390466	S:Chaperonin-mediated protein folding	S:1/141	S:18/2996	D:0.0555555555555556	D:1.18045705279748	D:0.170628934764966	D:0.581150753291238	D:0.99617810459226	D:0.99617810459226	S:Tcp1	D:1	N:	N:	N:	N:	N:	N:	N:	N:	N:	N:	N:	N:	N:	N:
S:Skin	S:Protein folding	S:FALSE	S:R-MMU-391251	S:Protein folding	S:1/141	S:18/2996	D:0.0555555555555556	D:1.18045705279748	D:0.170628934764966	D:0.581150753291238	D:0.99617810459226	D:0.99617810459226	S:Tcp1	D:1	N:	N:	N:	N:	N:	N:	N:	N:	N:	N:	N:	N:	N:	N:
S:Skin	S:Activation of nmda receptors and postsynaptic events	S:FALSE	S:R-MMU-442755	S:Activation of NMDA receptors and postsynaptic events	S:1/141	S:18/2996	D:0.0555555555555556	D:1.18045705279748	D:0.170628934764966	D:0.581150753291238	D:0.99617810459226	D:0.99617810459226	S:Camk2d	D:1	N:	N:	N:	N:	N:	N:	N:	N:	N:	N:	N:	N:	N:	N:
S:Skin	S:Regulated necrosis	S:FALSE	S:R-MMU-5218859	S:Regulated Necrosis	S:1/141	S:18/2996	D:0.0555555555555556	D:1.18045705279748	D:0.170628934764966	D:0.581150753291238	D:0.99617810459226	D:0.99617810459226	S:Chmp2b	D:1	N:	N:	N:	N:	N:	N:	N:	N:	N:	N:	N:	N:	N:	N:
S:Skin	S:Signaling by fgfr1	S:FALSE	S:R-MMU-5654736	S:Signaling by FGFR1	S:1/141	S:18/2996	D:0.0555555555555556	D:1.18045705279748	D:0.170628934764966	D:0.581150753291238	D:0.99617810459226	D:0.99617810459226	S:Kras	D:1	N:	N:	N:	N:	N:	N:	N:	N:	N:	N:	N:	N:	N:	N:
S:Skin	S:G2/m dna damage checkpoint	S:FALSE	S:R-MMU-69473	S:G2/M DNA damage checkpoint	S:1/141	S:18/2996	D:0.0555555555555556	D:1.18045705279748	D:0.170628934764966	D:0.581150753291238	D:0.99617810459226	D:0.99617810459226	S:Ywhag	D:1	N:	N:	N:	N:	N:	N:	N:	N:	N:	N:	N:	N:	N:	N:
S:Skin	S:Apoptotic execution phase	S:FALSE	S:R-MMU-75153	S:Apoptotic execution phase	S:1/141	S:18/2996	D:0.0555555555555556	D:1.18045705279748	D:0.170628934764966	D:0.581150753291238	D:0.99617810459226	D:0.99617810459226	S:Vim	D:1	N:	N:	N:	N:	N:	N:	N:	N:	N:	N:	N:	N:	N:	N:
S:Skin	S:Mapk1/mapk3 signaling	S:FALSE	S:R-MMU-5684996	S:MAPK1/MAPK3 signaling	S:5/141	S:109/2996	D:0.0458715596330275	D:0.974689309649294	D:-0.0598134373578625	D:0.590163095437028	D:0.99617810459226	D:0.99617810459226	S:Camk2d/Irs1/Kras/Lypla1/Psmd7	D:5	N:	N:	N:	N:	N:	N:	N:	N:	N:	N:	N:	N:	N:	N:
S:Skin	S:Met promotes cell motility	S:FALSE	S:R-MMU-8875878	S:MET promotes cell motility	S:1/141	S:19/2996	D:0.0526315789473684	D:1.11832773422919	D:0.114968494712622	D:0.600982097745884	D:0.99617810459226	D:0.99617810459226	S:Itga2	D:1	N:	N:	N:	N:	N:	N:	N:	N:	N:	N:	N:	N:	N:	N:
S:Skin	S:Plasma lipoprotein clearance	S:FALSE	S:R-MMU-8964043	S:Plasma lipoprotein clearance	S:1/141	S:19/2996	D:0.0526315789473684	D:1.11832773422919	D:0.114968494712622	D:0.600982097745884	D:0.99617810459226	D:0.99617810459226	S:Soat1	D:1	N:	N:	N:	N:	N:	N:	N:	N:	N:	N:	N:	N:	N:	N:
S:Skin	S:Antigen processing: ub, atp-independent proteasomal degradation	S:FALSE	S:R-MMU-9912633	S:Antigen processing: Ub, ATP-independent proteasomal degradation	S:1/141	S:19/2996	D:0.0526315789473684	D:1.11832773422919	D:0.114968494712622	D:0.600982097745884	D:0.99617810459226	D:0.99617810459226	S:Psme2	D:1	N:	N:	N:	N:	N:	N:	N:	N:	N:	N:	N:	N:	N:	N:
S:Skin	S:Interferon signaling	S:FALSE	S:R-MMU-913531	S:Interferon Signaling	S:3/141	S:66/2996	D:0.0454545454545455	D:0.965828497743391	D:-0.0623745094046215	D:0.608539470721732	D:0.99617810459226	D:0.99617810459226	S:Camk2d/Eif4g2/Hspa8	D:3	N:	N:	N:	N:	N:	N:	N:	N:	N:	N:	N:	N:	N:	N:
S:Skin	S:Rhog gtpase cycle	S:FALSE	S:R-MMU-9013408	S:RHOG GTPase cycle	S:2/141	S:43/2996	D:0.0465116279069767	D:0.988289625597889	D:-0.0171861341794338	D:0.608902847914509	D:0.99617810459226	D:0.99617810459226	S:Iqgap2/Lman1	D:2	N:	N:	N:	N:	N:	N:	N:	N:	N:	N:	N:	N:	N:	N:
S:Skin	S:Phospholipid metabolism	S:FALSE	S:R-MMU-1483257	S:Phospholipid metabolism	S:4/141	S:89/2996	D:0.0449438202247191	D:0.954976492150769	D:-0.0958112992269891	D:0.61108797548894	D:0.99617810459226	D:0.99617810459226	S:Lpgat1/Pitpnb/Pitpnm2/Rab14	D:4	N:	N:	N:	N:	N:	N:	N:	N:	N:	N:	N:	N:	N:	N:
S:Skin	S:Peroxisomal lipid metabolism	S:FALSE	S:R-MMU-390918	S:Peroxisomal lipid metabolism	S:1/141	S:20/2996	D:0.05	D:1.06241134751773	D:0.0622253011730755	D:0.619880829428057	D:0.99617810459226	D:0.99617810459226	S:Scp2	D:1	N:	N:	N:	N:	N:	N:	N:	N:	N:	N:	N:	N:	N:	N:
S:Skin	S:Signaling by retinoic acid	S:FALSE	S:R-MMU-5362517	S:Signaling by Retinoic Acid	S:1/141	S:20/2996	D:0.05	D:1.06241134751773	D:0.0622253011730755	D:0.619880829428057	D:0.99617810459226	D:0.99617810459226	S:Dlat	D:1	N:	N:	N:	N:	N:	N:	N:	N:	N:	N:	N:	N:	N:	N:
S:Skin	S:Formation of incision complex in gg-ner	S:FALSE	S:R-MMU-5696395	S:Formation of Incision Complex in GG-NER	S:1/141	S:20/2996	D:0.05	D:1.06241134751773	D:0.0622253011730755	D:0.619880829428057	D:0.99617810459226	D:0.99617810459226	S:Rad23b	D:1	N:	N:	N:	N:	N:	N:	N:	N:	N:	N:	N:	N:	N:	N:
S:Skin	S:Regulation of tp53 activity through phosphorylation	S:FALSE	S:R-MMU-6804756	S:Regulation of TP53 Activity through Phosphorylation	S:1/141	S:20/2996	D:0.05	D:1.06241134751773	D:0.0622253011730755	D:0.619880829428057	D:0.99617810459226	D:0.99617810459226	S:Prkab2	D:1	N:	N:	N:	N:	N:	N:	N:	N:	N:	N:	N:	N:	N:	N:
S:Skin	S:Platelet aggregation (plug formation)	S:FALSE	S:R-MMU-76009	S:Platelet Aggregation (Plug Formation)	S:1/141	S:20/2996	D:0.05	D:1.06241134751773	D:0.0622253011730755	D:0.619880829428057	D:0.99617810459226	D:0.99617810459226	S:Syk	D:1	N:	N:	N:	N:	N:	N:	N:	N:	N:	N:	N:	N:	N:	N:
S:Skin	S:Regulation of complement cascade	S:FALSE	S:R-MMU-977606	S:Regulation of Complement cascade	S:1/141	S:20/2996	D:0.05	D:1.06241134751773	D:0.0622253011730755	D:0.619880829428057	D:0.99617810459226	D:0.99617810459226	S:C8a	D:1	N:	N:	N:	N:	N:	N:	N:	N:	N:	N:	N:	N:	N:	N:
S:Skin	S:Regulation of cdh1 function	S:FALSE	S:R-MMU-9764561	S:Regulation of CDH1 Function	S:2/141	S:45/2996	D:0.0444444444444444	D:0.944365642237983	D:-0.0835544614850893	D:0.633917985766211	D:0.99617810459226	D:0.99617810459226	S:Acta1/Psmd7	D:2	N:	N:	N:	N:	N:	N:	N:	N:	N:	N:	N:	N:	N:	N:
S:Skin	S:Isg15 antiviral mechanism	S:FALSE	S:R-MMU-1169408	S:ISG15 antiviral mechanism	S:1/141	S:21/2996	D:0.0476190476190476	D:1.01182033096927	D:0.012078158171805	D:0.637890507872494	D:0.99617810459226	D:0.99617810459226	S:Eif4g2	D:1	N:	N:	N:	N:	N:	N:	N:	N:	N:	N:	N:	N:	N:	N:
S:Skin	S:Stimuli-sensing channels	S:FALSE	S:R-MMU-2672351	S:Stimuli-sensing channels	S:1/141	S:21/2996	D:0.0476190476190476	D:1.01182033096927	D:0.012078158171805	D:0.637890507872494	D:0.99617810459226	D:0.99617810459226	S:Wwp1	D:1	N:	N:	N:	N:	N:	N:	N:	N:	N:	N:	N:	N:	N:	N:
S:Skin	S:Lysosome vesicle biogenesis	S:FALSE	S:R-MMU-432720	S:Lysosome Vesicle Biogenesis	S:1/141	S:21/2996	D:0.0476190476190476	D:1.01182033096927	D:0.012078158171805	D:0.637890507872494	D:0.99617810459226	D:0.99617810459226	S:Hspa8	D:1	N:	N:	N:	N:	N:	N:	N:	N:	N:	N:	N:	N:	N:	N:
S:Skin	S:Negative regulation of mapk pathway	S:FALSE	S:R-MMU-5675221	S:Negative regulation of MAPK pathway	S:1/141	S:21/2996	D:0.0476190476190476	D:1.01182033096927	D:0.012078158171805	D:0.637890507872494	D:0.99617810459226	D:0.99617810459226	S:Kras	D:1	N:	N:	N:	N:	N:	N:	N:	N:	N:	N:	N:	N:	N:	N:
S:Skin	S:Endosomal sorting complex required for transport (escrt)	S:FALSE	S:R-MMU-917729	S:Endosomal Sorting Complex Required For Transport (ESCRT)	S:1/141	S:21/2996	D:0.0476190476190476	D:1.01182033096927	D:0.012078158171805	D:0.637890507872494	D:0.99617810459226	D:0.99617810459226	S:Chmp2b	D:1	N:	N:	N:	N:	N:	N:	N:	N:	N:	N:	N:	N:	N:	N:
S:Skin	S:High laminar flow shear stress activates signaling by piezo1 and pecam1:cdh5:kdr in endothelial cells	S:FALSE	S:R-MMU-9856530	S:High laminar flow shear stress activates signaling by PIEZO1 and PECAM1:CDH5:KDR in endothelial cells	S:1/141	S:21/2996	D:0.0476190476190476	D:1.01182033096927	D:0.012078158171805	D:0.637890507872494	D:0.99617810459226	D:0.99617810459226	S:Pkn2	D:1	N:	N:	N:	N:	N:	N:	N:	N:	N:	N:	N:	N:	N:	N:
S:Skin	S:Hedgehog 'off' state	S:FALSE	S:R-MMU-5610787	S:Hedgehog 'off' state	S:2/141	S:46/2996	D:0.0434782608695652	D:0.923835954363244	D:-0.115670556720113	D:0.645953455939663	D:0.99617810459226	D:0.99617810459226	S:Kif3a/Psmd7	D:2	N:	N:	N:	N:	N:	N:	N:	N:	N:	N:	N:	N:	N:	N:
S:Skin	S:Ecm proteoglycans	S:FALSE	S:R-MMU-3000178	S:ECM proteoglycans	S:1/141	S:22/2996	D:0.0454545454545455	D:0.965828497743391	D:-0.0357445507856427	D:0.655052672037193	D:0.99617810459226	D:0.99617810459226	S:Itga2	D:1	N:	N:	N:	N:	N:	N:	N:	N:	N:	N:	N:	N:	N:	N:
S:Skin	S:Rhof gtpase cycle	S:FALSE	S:R-MMU-9035034	S:RHOF GTPase cycle	S:1/141	S:22/2996	D:0.0454545454545455	D:0.965828497743391	D:-0.0357445507856427	D:0.655052672037193	D:0.99617810459226	D:0.99617810459226	S:Add3	D:1	N:	N:	N:	N:	N:	N:	N:	N:	N:	N:	N:	N:	N:	N:
S:Skin	S:Turbulent (oscillatory, disturbed) flow shear stress activates signaling by piezo1 and integrins in endothelial cells	S:FALSE	S:R-MMU-9860927	S:Turbulent (oscillatory, disturbed) flow shear stress activates signaling by PIEZO1 and integrins in endothelial cells	S:1/141	S:22/2996	D:0.0454545454545455	D:0.965828497743391	D:-0.0357445507856427	D:0.655052672037193	D:0.99617810459226	D:0.99617810459226	S:Pde4d	D:1	N:	N:	N:	N:	N:	N:	N:	N:	N:	N:	N:	N:	N:	N:
S:Skin	S:Nuclear rna decay	S:FALSE	S:R-MMU-9930044	S:Nuclear RNA decay	S:1/141	S:22/2996	D:0.0454545454545455	D:0.965828497743391	D:-0.0357445507856427	D:0.655052672037193	D:0.99617810459226	D:0.99617810459226	S:Papolg	D:1	N:	N:	N:	N:	N:	N:	N:	N:	N:	N:	N:	N:	N:	N:
S:Skin	S:Amplification of signal from the kinetochores	S:FALSE	S:R-MMU-141424	S:Amplification of signal from the kinetochores	S:2/141	S:47/2996	D:0.0425531914893617	D:0.904179870227856	D:-0.147120506293274	D:0.657676683858671	D:0.99617810459226	D:0.99617810459226	S:Clasp2/Kif2a	D:2	N:	N:	N:	N:	N:	N:	N:	N:	N:	N:	N:	N:	N:	N:
S:Skin	S:Amplification of signal from unattached kinetochores via a mad2 inhibitory signal	S:FALSE	S:R-MMU-141444	S:Amplification  of signal from unattached  kinetochores via a MAD2  inhibitory signal	S:2/141	S:47/2996	D:0.0425531914893617	D:0.904179870227856	D:-0.147120506293274	D:0.657676683858671	D:0.99617810459226	D:0.99617810459226	S:Clasp2/Kif2a	D:2	N:	N:	N:	N:	N:	N:	N:	N:	N:	N:	N:	N:	N:	N:
S:Skin	S:Mitotic prophase	S:FALSE	S:R-MMU-68875	S:Mitotic Prophase	S:2/141	S:47/2996	D:0.0425531914893617	D:0.904179870227856	D:-0.147120506293274	D:0.657676683858671	D:0.99617810459226	D:0.99617810459226	S:Gorasp2/Prkcb	D:2	N:	N:	N:	N:	N:	N:	N:	N:	N:	N:	N:	N:	N:	N:
S:Skin	S:Rna polymerase ii transcription termination	S:FALSE	S:R-MMU-73856	S:RNA Polymerase II Transcription Termination	S:2/141	S:47/2996	D:0.0425531914893617	D:0.904179870227856	D:-0.147120506293274	D:0.657676683858671	D:0.99617810459226	D:0.99617810459226	S:Fyttd1/Srsf3	D:2	N:	N:	N:	N:	N:	N:	N:	N:	N:	N:	N:	N:	N:	N:
S:Skin	S:Mapk family signaling cascades	S:FALSE	S:R-MMU-5683057	S:MAPK family signaling cascades	S:5/141	S:118/2996	D:0.0423728813559322	D:0.900348599591297	D:-0.245405294681066	D:0.661252972284009	D:0.99617810459226	D:0.99617810459226	S:Camk2d/Irs1/Kras/Lypla1/Psmd7	D:5	N:	N:	N:	N:	N:	N:	N:	N:	N:	N:	N:	N:	N:	N:
S:Skin	S:Rac3 gtpase cycle	S:FALSE	S:R-MMU-9013423	S:RAC3 GTPase cycle	S:2/141	S:48/2996	D:0.0416666666666667	D:0.885342789598109	D:-0.177935729719148	D:0.669090182253583	D:0.99617810459226	D:0.99617810459226	S:Dock10/Lman1	D:2	N:	N:	N:	N:	N:	N:	N:	N:	N:	N:	N:	N:	N:	N:
S:Skin	S:Detoxification of reactive oxygen species	S:FALSE	S:R-MMU-3299685	S:Detoxification of Reactive Oxygen Species	S:1/141	S:23/2996	D:0.0434782608695652	D:0.923835954363244	D:-0.0814744394916917	D:0.671406933383109	D:0.99617810459226	D:0.99617810459226	S:P4hb	D:1	N:	N:	N:	N:	N:	N:	N:	N:	N:	N:	N:	N:	N:	N:
S:Skin	S:Rho gtpases activate wasps and waves	S:FALSE	S:R-MMU-5663213	S:RHO GTPases Activate WASPs and WAVEs	S:1/141	S:23/2996	D:0.0434782608695652	D:0.923835954363244	D:-0.0814744394916917	D:0.671406933383109	D:0.99617810459226	D:0.99617810459226	S:Arpc2	D:1	N:	N:	N:	N:	N:	N:	N:	N:	N:	N:	N:	N:	N:	N:
S:Skin	S:Collagen biosynthesis and modifying enzymes	S:FALSE	S:R-MMU-1650814	S:Collagen biosynthesis and modifying enzymes	S:1/141	S:24/2996	D:0.0416666666666667	D:0.885342789598109	D:-0.125310511563588	D:0.686991064695918	D:0.99617810459226	D:0.99617810459226	S:P4hb	D:1	N:	N:	N:	N:	N:	N:	N:	N:	N:	N:	N:	N:	N:	N:
S:Skin	S:Axon guidance	S:FALSE	S:R-MMU-422475	S:Axon guidance	S:5/141	S:122/2996	D:0.040983606557377	D:0.870828973375189	D:-0.323673063326055	D:0.690207321410859	D:0.99617810459226	D:0.99617810459226	S:Arpc2/Kras/Rps6ka5/Sh3kbp1/Yes1	D:5	N:	N:	N:	N:	N:	N:	N:	N:	N:	N:	N:	N:	N:	N:
S:Skin	S:Metabolism of carbohydrates and carbohydrate derivatives	S:FALSE	S:R-MMU-71387	S:Metabolism of carbohydrates and carbohydrate derivatives	S:5/141	S:122/2996	D:0.040983606557377	D:0.870828973375189	D:-0.323673063326055	D:0.690207321410859	D:0.99617810459226	D:0.99617810459226	S:Chst14/Gbe1/Man2b2/Pfkm/Phkb	D:5	N:	N:	N:	N:	N:	N:	N:	N:	N:	N:	N:	N:	N:	N:
S:Skin	S:Nervous system development	S:FALSE	S:R-MMU-9675108	S:Nervous system development	S:5/141	S:122/2996	D:0.040983606557377	D:0.870828973375189	D:-0.323673063326055	D:0.690207321410859	D:0.99617810459226	D:0.99617810459226	S:Arpc2/Kras/Rps6ka5/Sh3kbp1/Yes1	D:5	N:	N:	N:	N:	N:	N:	N:	N:	N:	N:	N:	N:	N:	N:
S:Skin	S:Antimicrobial mechanism of ifn-stimulated genes	S:FALSE	S:R-MMU-1169410	S:Antimicrobial mechanism of IFN-stimulated genes	S:2/141	S:50/2996	D:0.04	D:0.849929078014184	D:-0.237777137808305	D:0.691000262212704	D:0.99617810459226	D:0.99617810459226	S:Eif4g2/Hspa8	D:2	N:	N:	N:	N:	N:	N:	N:	N:	N:	N:	N:	N:	N:	N:
S:Skin	S:Regulation of tp53 activity	S:FALSE	S:R-MMU-5633007	S:Regulation of TP53 Activity	S:2/141	S:50/2996	D:0.04	D:0.849929078014184	D:-0.237777137808305	D:0.691000262212704	D:0.99617810459226	D:0.99617810459226	S:Jmy/Prkab2	D:2	N:	N:	N:	N:	N:	N:	N:	N:	N:	N:	N:	N:	N:	N:
S:Skin	S:Rac2 gtpase cycle	S:FALSE	S:R-MMU-9013404	S:RAC2 GTPase cycle	S:2/141	S:51/2996	D:0.0392156862745098	D:0.83326380197469	D:-0.266856168539958	D:0.701503950531421	D:0.99617810459226	D:0.99617810459226	S:Dock10/Lman1	D:2	N:	N:	N:	N:	N:	N:	N:	N:	N:	N:	N:	N:	N:	N:
S:Skin	S:Mtor signalling	S:FALSE	S:R-MMU-165159	S:MTOR signalling	S:1/141	S:25/2996	D:0.04	D:0.849929078014184	D:-0.167424936365043	D:0.701841084843252	D:0.99617810459226	D:0.99617810459226	S:Prkab2	D:1	N:	N:	N:	N:	N:	N:	N:	N:	N:	N:	N:	N:	N:	N:
S:Skin	S:Synthesis of pips at the plasma membrane	S:FALSE	S:R-MMU-1660499	S:Synthesis of PIPs at the plasma membrane	S:1/141	S:25/2996	D:0.04	D:0.849929078014184	D:-0.167424936365043	D:0.701841084843252	D:0.99617810459226	D:0.99617810459226	S:Rab14	D:1	N:	N:	N:	N:	N:	N:	N:	N:	N:	N:	N:	N:	N:	N:
S:Skin	S:Complement cascade	S:FALSE	S:R-MMU-166658	S:Complement cascade	S:1/141	S:25/2996	D:0.04	D:0.849929078014184	D:-0.167424936365043	D:0.701841084843252	D:0.99617810459226	D:0.99617810459226	S:C8a	D:1	N:	N:	N:	N:	N:	N:	N:	N:	N:	N:	N:	N:	N:	N:
S:Skin	S:Map2k and mapk activation	S:FALSE	S:R-MMU-5674135	S:MAP2K and MAPK activation	S:1/141	S:25/2996	D:0.04	D:0.849929078014184	D:-0.167424936365043	D:0.701841084843252	D:0.99617810459226	D:0.99617810459226	S:Kras	D:1	N:	N:	N:	N:	N:	N:	N:	N:	N:	N:	N:	N:	N:	N:
S:Skin	S:Eml4 and nudc in mitotic spindle formation	S:FALSE	S:R-MMU-9648025	S:EML4 and NUDC in mitotic spindle formation	S:2/141	S:52/2996	D:0.0384615384615385	D:0.817239498090562	D:-0.295406484590165	D:0.711712037597894	D:0.99617810459226	D:0.99617810459226	S:Clasp2/Kif2a	D:2	N:	N:	N:	N:	N:	N:	N:	N:	N:	N:	N:	N:	N:	N:
S:Skin	S:Opioid signalling	S:FALSE	S:R-MMU-111885	S:Opioid Signalling	S:1/141	S:26/2996	D:0.0384615384615385	D:0.817239498090562	D:-0.207967611887721	D:0.715991339652105	D:0.99617810459226	D:0.99617810459226	S:Pde4d	D:1	N:	N:	N:	N:	N:	N:	N:	N:	N:	N:	N:	N:	N:	N:
S:Skin	S:Visual phototransduction	S:FALSE	S:R-MMU-2187338	S:Visual phototransduction	S:1/141	S:26/2996	D:0.0384615384615385	D:0.817239498090562	D:-0.207967611887721	D:0.715991339652105	D:0.99617810459226	D:0.99617810459226	S:Metap1	D:1	N:	N:	N:	N:	N:	N:	N:	N:	N:	N:	N:	N:	N:	N:
S:Skin	S:Signaling by receptor tyrosine kinases	S:FALSE	S:R-MMU-9006934	S:Signaling by Receptor Tyrosine Kinases	S:8/141	S:197/2996	D:0.0406091370558376	D:0.862872160420492	D:-0.442447974318678	D:0.721413477218	D:0.99617810459226	D:0.99617810459226	S:Irs1/Itga2/Kras/Prkcb/Rps6ka5/Sh3kbp1/Wwp1/Yes1	D:8	N:	N:	N:	N:	N:	N:	N:	N:	N:	N:	N:	N:	N:	N:
S:Skin	S:Cargo recognition for clathrin-mediated endocytosis	S:FALSE	S:R-MMU-8856825	S:Cargo recognition for clathrin-mediated endocytosis	S:2/141	S:53/2996	D:0.0377358490566038	D:0.801819884919042	D:-0.32345047511857	D:0.721628861310568	D:0.99617810459226	D:0.99617810459226	S:Sh3kbp1/Ubqln2	D:2	N:	N:	N:	N:	N:	N:	N:	N:	N:	N:	N:	N:	N:	N:
S:Skin	S:Mitotic g2-g2/m phases	S:FALSE	S:R-MMU-453274	S:Mitotic G2-G2/M phases	S:3/141	S:79/2996	D:0.0379746835443038	D:0.806894694317264	D:-0.386495508160072	D:0.728332840875111	D:0.99617810459226	D:0.99617810459226	S:Pcm1/Psmd7/Ywhag	D:3	N:	N:	N:	N:	N:	N:	N:	N:	N:	N:	N:	N:	N:	N:
S:Skin	S:G2/m transition	S:FALSE	S:R-MMU-69275	S:G2/M Transition	S:3/141	S:79/2996	D:0.0379746835443038	D:0.806894694317264	D:-0.386495508160072	D:0.728332840875111	D:0.99617810459226	D:0.99617810459226	S:Pcm1/Psmd7/Ywhag	D:3	N:	N:	N:	N:	N:	N:	N:	N:	N:	N:	N:	N:	N:	N:
S:Skin	S:Integration of energy metabolism	S:FALSE	S:R-MMU-163685	S:Integration of energy metabolism	S:1/141	S:27/2996	D:0.037037037037037	D:0.786971368531652	D:-0.247069805918406	D:0.729474579082762	D:0.99617810459226	D:0.99617810459226	S:Prkab2	D:1	N:	N:	N:	N:	N:	N:	N:	N:	N:	N:	N:	N:	N:	N:
S:Skin	S:Co-stimulation by cd28	S:FALSE	S:R-MMU-389356	S:Co-stimulation by CD28	S:1/141	S:27/2996	D:0.037037037037037	D:0.786971368531652	D:-0.247069805918406	D:0.729474579082762	D:0.99617810459226	D:0.99617810459226	S:Yes1	D:1	N:	N:	N:	N:	N:	N:	N:	N:	N:	N:	N:	N:	N:	N:
S:Skin	S:Signaling by fgfr2	S:FALSE	S:R-MMU-5654738	S:Signaling by FGFR2	S:1/141	S:27/2996	D:0.037037037037037	D:0.786971368531652	D:-0.247069805918406	D:0.729474579082762	D:0.99617810459226	D:0.99617810459226	S:Kras	D:1	N:	N:	N:	N:	N:	N:	N:	N:	N:	N:	N:	N:	N:	N:
S:Skin	S:Mitochondrial fatty acid beta-oxidation	S:FALSE	S:R-MMU-77289	S:Mitochondrial Fatty Acid Beta-Oxidation	S:1/141	S:27/2996	D:0.037037037037037	D:0.786971368531652	D:-0.247069805918406	D:0.729474579082762	D:0.99617810459226	D:0.99617810459226	S:Acadl	D:1	N:	N:	N:	N:	N:	N:	N:	N:	N:	N:	N:	N:	N:	N:
S:Skin	S:Sensory perception	S:FALSE	S:R-MMU-9709957	S:Sensory Perception	S:1/141	S:27/2996	D:0.037037037037037	D:0.786971368531652	D:-0.247069805918406	D:0.729474579082762	D:0.99617810459226	D:0.99617810459226	S:Metap1	D:1	N:	N:	N:	N:	N:	N:	N:	N:	N:	N:	N:	N:	N:	N:
S:Skin	S:Pkr-mediated signaling	S:FALSE	S:R-MMU-9833482	S:PKR-mediated signaling	S:1/141	S:27/2996	D:0.037037037037037	D:0.786971368531652	D:-0.247069805918406	D:0.729474579082762	D:0.99617810459226	D:0.99617810459226	S:Hspa8	D:1	N:	N:	N:	N:	N:	N:	N:	N:	N:	N:	N:	N:	N:	N:
S:Skin	S:Clec7a (dectin-1) signaling	S:FALSE	S:R-MMU-5607764	S:CLEC7A (Dectin-1) signaling	S:2/141	S:54/2996	D:0.037037037037037	D:0.786971368531652	D:-0.351009149063909	D:0.731259007195119	D:0.99617810459226	D:0.99617810459226	S:Ppp3ca/Psmd7	D:2	N:	N:	N:	N:	N:	N:	N:	N:	N:	N:	N:	N:	N:	N:
S:Skin	S:Nucleotide excision repair	S:FALSE	S:R-MMU-5696398	S:Nucleotide Excision Repair	S:2/141	S:55/2996	D:0.0363636363636364	D:0.772662798194713	D:-0.378102245024766	D:0.740607275869857	D:0.99617810459226	D:0.99617810459226	S:Rad23b/Yy1	D:2	N:	N:	N:	N:	N:	N:	N:	N:	N:	N:	N:	N:	N:	N:
S:Skin	S:G2/m checkpoints	S:FALSE	S:R-MMU-69481	S:G2/M Checkpoints	S:2/141	S:55/2996	D:0.0363636363636364	D:0.772662798194713	D:-0.378102245024766	D:0.740607275869857	D:0.99617810459226	D:0.99617810459226	S:Psmd7/Ywhag	D:2	N:	N:	N:	N:	N:	N:	N:	N:	N:	N:	N:	N:	N:	N:
S:Skin	S:Mitotic spindle checkpoint	S:FALSE	S:R-MMU-69618	S:Mitotic Spindle Checkpoint	S:2/141	S:55/2996	D:0.0363636363636364	D:0.772662798194713	D:-0.378102245024766	D:0.740607275869857	D:0.99617810459226	D:0.99617810459226	S:Clasp2/Kif2a	D:2	N:	N:	N:	N:	N:	N:	N:	N:	N:	N:	N:	N:	N:	N:
S:Skin	S:Retrograde transport at the trans-golgi-network	S:FALSE	S:R-MMU-6811440	S:Retrograde transport at the Trans-Golgi-Network	S:1/141	S:28/2996	D:0.0357142857142857	D:0.75886524822695	D:-0.28484708875003	D:0.74232203086765	D:0.99617810459226	D:0.99617810459226	S:Gcc1	D:1	N:	N:	N:	N:	N:	N:	N:	N:	N:	N:	N:	N:	N:	N:
S:Skin	S:Transport of mature mrna derived from an intron-containing transcript	S:FALSE	S:R-MMU-159236	S:Transport of Mature mRNA derived from an Intron-Containing Transcript	S:2/141	S:56/2996	D:0.0357142857142857	D:0.75886524822695	D:-0.404748330523995	D:0.749678652986886	D:0.99617810459226	D:0.99617810459226	S:Fyttd1/Srsf3	D:2	N:	N:	N:	N:	N:	N:	N:	N:	N:	N:	N:	N:	N:	N:
S:Skin	S:Dna repair	S:FALSE	S:R-MMU-73894	S:DNA Repair	S:3/141	S:82/2996	D:0.0365853658536585	D:0.777374156720291	D:-0.454195307910084	D:0.751534603447128	D:0.99617810459226	D:0.99617810459226	S:Prkdc/Rad23b/Yy1	D:3	N:	N:	N:	N:	N:	N:	N:	N:	N:	N:	N:	N:	N:	N:
S:Skin	S:Interleukin-17 signaling	S:FALSE	S:R-MMU-448424	S:Interleukin-17 signaling	S:1/141	S:29/2996	D:0.0344827586206897	D:0.732697481046711	D:-0.321401715559759	D:0.754563470775891	D:0.99617810459226	D:0.99617810459226	S:Rps6ka5	D:1	N:	N:	N:	N:	N:	N:	N:	N:	N:	N:	N:	N:	N:	N:
S:Skin	S:Map kinase activation	S:FALSE	S:R-MMU-450294	S:MAP kinase activation	S:1/141	S:29/2996	D:0.0344827586206897	D:0.732697481046711	D:-0.321401715559759	D:0.754563470775891	D:0.99617810459226	D:0.99617810459226	S:Rps6ka5	D:1	N:	N:	N:	N:	N:	N:	N:	N:	N:	N:	N:	N:	N:	N:
S:Skin	S:Ion homeostasis	S:FALSE	S:R-MMU-5578775	S:Ion homeostasis	S:1/141	S:29/2996	D:0.0344827586206897	D:0.732697481046711	D:-0.321401715559759	D:0.754563470775891	D:0.99617810459226	D:0.99617810459226	S:Camk2d	D:1	N:	N:	N:	N:	N:	N:	N:	N:	N:	N:	N:	N:	N:	N:
S:Skin	S:Copi-independent golgi-to-er retrograde traffic	S:FALSE	S:R-MMU-6811436	S:COPI-independent Golgi-to-ER retrograde traffic	S:1/141	S:29/2996	D:0.0344827586206897	D:0.732697481046711	D:-0.321401715559759	D:0.754563470775891	D:0.99617810459226	D:0.99617810459226	S:Rab3gap2	D:1	N:	N:	N:	N:	N:	N:	N:	N:	N:	N:	N:	N:	N:	N:
S:Skin	S:Extra-nuclear estrogen signaling	S:FALSE	S:R-MMU-9009391	S:Extra-nuclear estrogen signaling	S:1/141	S:29/2996	D:0.0344827586206897	D:0.732697481046711	D:-0.321401715559759	D:0.754563470775891	D:0.99617810459226	D:0.99617810459226	S:Kras	D:1	N:	N:	N:	N:	N:	N:	N:	N:	N:	N:	N:	N:	N:	N:
S:Skin	S:Resolution of sister chromatid cohesion	S:FALSE	S:R-MMU-2500257	S:Resolution of Sister Chromatid Cohesion	S:2/141	S:57/2996	D:0.0350877192982456	D:0.74555182281946	D:-0.430964891855009	D:0.758478281490713	D:0.99617810459226	D:0.99617810459226	S:Clasp2/Kif2a	D:2	N:	N:	N:	N:	N:	N:	N:	N:	N:	N:	N:	N:	N:	N:
S:Skin	S:Metabolism of lipids	S:FALSE	S:R-MMU-556833	S:Metabolism of lipids	S:11/141	S:275/2996	D:0.04	D:0.849929078014184	D:-0.580234489718619	D:0.761811312789638	D:0.99617810459226	D:0.99617810459226	S:Acadl/Acsbg2/Hsd17b12/Lpgat1/Osbpl9/Oxct1/Pitpnb/Pitpnm2/Prkab2/Rab14/Scp2	D:11	N:	N:	N:	N:	N:	N:	N:	N:	N:	N:	N:	N:	N:	N:
S:Skin	S:Collagen formation	S:FALSE	S:R-MMU-1474290	S:Collagen formation	S:1/141	S:30/2996	D:0.0333333333333333	D:0.708274231678487	D:-0.356824577088498	D:0.766227289657118	D:0.99617810459226	D:0.99617810459226	S:P4hb	D:1	N:	N:	N:	N:	N:	N:	N:	N:	N:	N:	N:	N:	N:	N:
S:Skin	S:Hsp90 chaperone cycle for steroid hormone receptors (shr) in the presence of ligand	S:TRUE	S:R-MMU-3371497	S:HSP90 chaperone cycle for steroid hormone receptors (SHR) in the presence of ligand	S:1/141	S:30/2996	D:0.0333333333333333	D:0.708274231678487	D:-0.356824577088498	D:0.766227289657118	D:0.99617810459226	D:0.99617810459226	S:Hspa8	D:1	N:	N:	N:	N:	N:	N:	N:	N:	N:	N:	N:	N:	N:	N:
S:Skin	S:Cargo trafficking to the periciliary membrane	S:FALSE	S:R-MMU-5620920	S:Cargo trafficking to the periciliary membrane	S:1/141	S:30/2996	D:0.0333333333333333	D:0.708274231678487	D:-0.356824577088498	D:0.766227289657118	D:0.99617810459226	D:0.99617810459226	S:Tcp1	D:1	N:	N:	N:	N:	N:	N:	N:	N:	N:	N:	N:	N:	N:	N:
S:Skin	S:Signaling by insulin receptor	S:FALSE	S:R-MMU-74752	S:Signaling by Insulin receptor	S:1/141	S:30/2996	D:0.0333333333333333	D:0.708274231678487	D:-0.356824577088498	D:0.766227289657118	D:0.99617810459226	D:0.99617810459226	S:Irs1	D:1	N:	N:	N:	N:	N:	N:	N:	N:	N:	N:	N:	N:	N:	N:
S:Skin	S:Rab geranylgeranylation	S:FALSE	S:R-MMU-8873719	S:RAB geranylgeranylation	S:1/141	S:30/2996	D:0.0333333333333333	D:0.708274231678487	D:-0.356824577088498	D:0.766227289657118	D:0.99617810459226	D:0.99617810459226	S:Rab14	D:1	N:	N:	N:	N:	N:	N:	N:	N:	N:	N:	N:	N:	N:	N:
S:Skin	S:Signaling by pdgf	S:FALSE	S:R-MMU-186797	S:Signaling by PDGF	S:1/141	S:31/2996	D:0.032258064516129	D:0.685426675817891	D:-0.391196808605098	D:0.777340557411112	D:0.99617810459226	D:0.99617810459226	S:Kras	D:1	N:	N:	N:	N:	N:	N:	N:	N:	N:	N:	N:	N:	N:	N:
S:Skin	S:Signaling by fgfr	S:FALSE	S:R-MMU-190236	S:Signaling by FGFR	S:1/141	S:31/2996	D:0.032258064516129	D:0.685426675817891	D:-0.391196808605098	D:0.777340557411112	D:0.99617810459226	D:0.99617810459226	S:Kras	D:1	N:	N:	N:	N:	N:	N:	N:	N:	N:	N:	N:	N:	N:	N:
S:Skin	S:Autodegradation of the e3 ubiquitin ligase cop1	S:FALSE	S:R-MMU-349425	S:Autodegradation of the E3 ubiquitin ligase COP1	S:1/141	S:31/2996	D:0.032258064516129	D:0.685426675817891	D:-0.391196808605098	D:0.777340557411112	D:0.99617810459226	D:0.99617810459226	S:Psmd7	D:1	N:	N:	N:	N:	N:	N:	N:	N:	N:	N:	N:	N:	N:	N:
S:Skin	S:Regulation of ornithine decarboxylase (odc)	S:FALSE	S:R-MMU-350562	S:Regulation of ornithine decarboxylase (ODC)	S:1/141	S:31/2996	D:0.032258064516129	D:0.685426675817891	D:-0.391196808605098	D:0.777340557411112	D:0.99617810459226	D:0.99617810459226	S:Psmd7	D:1	N:	N:	N:	N:	N:	N:	N:	N:	N:	N:	N:	N:	N:	N:
S:Skin	S:Asymmetric localization of pcp proteins	S:FALSE	S:R-MMU-4608870	S:Asymmetric localization of PCP proteins	S:1/141	S:31/2996	D:0.032258064516129	D:0.685426675817891	D:-0.391196808605098	D:0.777340557411112	D:0.99617810459226	D:0.99617810459226	S:Psmd7	D:1	N:	N:	N:	N:	N:	N:	N:	N:	N:	N:	N:	N:	N:	N:
S:Skin	S:Degradation of axin	S:FALSE	S:R-MMU-4641257	S:Degradation of AXIN	S:1/141	S:31/2996	D:0.032258064516129	D:0.685426675817891	D:-0.391196808605098	D:0.777340557411112	D:0.99617810459226	D:0.99617810459226	S:Psmd7	D:1	N:	N:	N:	N:	N:	N:	N:	N:	N:	N:	N:	N:	N:	N:
S:Skin	S:Dna double-strand break repair	S:FALSE	S:R-MMU-5693532	S:DNA Double-Strand Break Repair	S:1/141	S:31/2996	D:0.032258064516129	D:0.685426675817891	D:-0.391196808605098	D:0.777340557411112	D:0.99617810459226	D:0.99617810459226	S:Prkdc	D:1	N:	N:	N:	N:	N:	N:	N:	N:	N:	N:	N:	N:	N:	N:
S:Skin	S:Stabilization of p53	S:FALSE	S:R-MMU-69541	S:Stabilization of p53	S:1/141	S:31/2996	D:0.032258064516129	D:0.685426675817891	D:-0.391196808605098	D:0.777340557411112	D:0.99617810459226	D:0.99617810459226	S:Psmd7	D:1	N:	N:	N:	N:	N:	N:	N:	N:	N:	N:	N:	N:	N:	N:
S:Skin	S:Circadian clock	S:FALSE	S:R-MMU-9909396	S:Circadian clock	S:1/141	S:31/2996	D:0.032258064516129	D:0.685426675817891	D:-0.391196808605098	D:0.777340557411112	D:0.99617810459226	D:0.99617810459226	S:Psmd7	D:1	N:	N:	N:	N:	N:	N:	N:	N:	N:	N:	N:	N:	N:	N:
S:Skin	S:Degradation of cry and per proteins	S:FALSE	S:R-MMU-9932298	S:Degradation of CRY and PER proteins	S:1/141	S:31/2996	D:0.032258064516129	D:0.685426675817891	D:-0.391196808605098	D:0.777340557411112	D:0.99617810459226	D:0.99617810459226	S:Psmd7	D:1	N:	N:	N:	N:	N:	N:	N:	N:	N:	N:	N:	N:	N:	N:
S:Skin	S:P53-dependent g1 dna damage response	S:FALSE	S:R-MMU-69563	S:p53-Dependent G1 DNA Damage Response	S:1/141	S:32/2996	D:0.03125	D:0.664007092198582	D:-0.424591126100527	D:0.787929084023265	D:0.99617810459226	D:0.99617810459226	S:Psmd7	D:1	N:	N:	N:	N:	N:	N:	N:	N:	N:	N:	N:	N:	N:	N:
S:Skin	S:P53-dependent g1/s dna damage checkpoint	S:FALSE	S:R-MMU-69580	S:p53-Dependent G1/S DNA damage checkpoint	S:1/141	S:32/2996	D:0.03125	D:0.664007092198582	D:-0.424591126100527	D:0.787929084023265	D:0.99617810459226	D:0.99617810459226	S:Psmd7	D:1	N:	N:	N:	N:	N:	N:	N:	N:	N:	N:	N:	N:	N:	N:
S:Skin	S:Ubiquitin-dependent degradation of cyclin d	S:FALSE	S:R-MMU-75815	S:Ubiquitin-dependent degradation of Cyclin D	S:1/141	S:32/2996	D:0.03125	D:0.664007092198582	D:-0.424591126100527	D:0.787929084023265	D:0.99617810459226	D:0.99617810459226	S:Psmd7	D:1	N:	N:	N:	N:	N:	N:	N:	N:	N:	N:	N:	N:	N:	N:
S:Skin	S:Vegfa-vegfr2 pathway	S:FALSE	S:R-MMU-4420097	S:VEGFA-VEGFR2 Pathway	S:2/141	S:61/2996	D:0.0327868852459016	D:0.696663178700151	D:-0.531852138171108	D:0.791066297152212	D:0.99617810459226	D:0.99617810459226	S:Kras/Prkcb	D:2	N:	N:	N:	N:	N:	N:	N:	N:	N:	N:	N:	N:	N:	N:
S:Skin	S:G alpha (i) signalling events	S:FALSE	S:R-MMU-418594	S:G alpha (i) signalling events	S:1/141	S:33/2996	D:0.0303030303030303	D:0.643885665162261	D:-0.457072943036745	D:0.798017477799486	D:0.99617810459226	D:0.99617810459226	S:Pde4d	D:1	N:	N:	N:	N:	N:	N:	N:	N:	N:	N:	N:	N:	N:	N:
S:Skin	S:Degradation of dvl	S:FALSE	S:R-MMU-4641258	S:Degradation of DVL	S:1/141	S:33/2996	D:0.0303030303030303	D:0.643885665162261	D:-0.457072943036745	D:0.798017477799486	D:0.99617810459226	D:0.99617810459226	S:Psmd7	D:1	N:	N:	N:	N:	N:	N:	N:	N:	N:	N:	N:	N:	N:	N:
S:Skin	S:Cardiac conduction	S:FALSE	S:R-MMU-5576891	S:Cardiac conduction	S:1/141	S:33/2996	D:0.0303030303030303	D:0.643885665162261	D:-0.457072943036745	D:0.798017477799486	D:0.99617810459226	D:0.99617810459226	S:Camk2d	D:1	N:	N:	N:	N:	N:	N:	N:	N:	N:	N:	N:	N:	N:	N:
S:Skin	S:Regulation of runx3 expression and activity	S:FALSE	S:R-MMU-8941858	S:Regulation of RUNX3 expression and activity	S:1/141	S:33/2996	D:0.0303030303030303	D:0.643885665162261	D:-0.457072943036745	D:0.798017477799486	D:0.99617810459226	D:0.99617810459226	S:Psmd7	D:1	N:	N:	N:	N:	N:	N:	N:	N:	N:	N:	N:	N:	N:	N:
S:Skin	S:Selective autophagy	S:FALSE	S:R-MMU-9663891	S:Selective autophagy	S:1/141	S:33/2996	D:0.0303030303030303	D:0.643885665162261	D:-0.457072943036745	D:0.798017477799486	D:0.99617810459226	D:0.99617810459226	S:Vim	D:1	N:	N:	N:	N:	N:	N:	N:	N:	N:	N:	N:	N:	N:	N:
S:Skin	S:Cell cycle, mitotic	S:FALSE	S:R-MMU-69278	S:Cell Cycle, Mitotic	S:8/141	S:213/2996	D:0.0375586854460094	D:0.798055472313788	D:-0.679469866332695	D:0.798343207189974	D:0.99617810459226	D:0.99617810459226	S:Chmp2b/Clasp2/Gorasp2/Kif2a/Pcm1/Prkcb/Psmd7/Ywhag	D:8	N:	N:	N:	N:	N:	N:	N:	N:	N:	N:	N:	N:	N:	N:
S:Skin	S:Signaling by vegf	S:FALSE	S:R-MMU-194138	S:Signaling by VEGF	S:2/141	S:63/2996	D:0.0317460317460317	D:0.674546887312845	D:-0.580106305653172	D:0.805871121398805	D:0.99617810459226	D:0.99617810459226	S:Kras/Prkcb	D:2	N:	N:	N:	N:	N:	N:	N:	N:	N:	N:	N:	N:	N:	N:
S:Skin	S:Transport of mature transcript to cytoplasm	S:FALSE	S:R-MMU-72202	S:Transport of Mature Transcript to Cytoplasm	S:2/141	S:63/2996	D:0.0317460317460317	D:0.674546887312845	D:-0.580106305653172	D:0.805871121398805	D:0.99617810459226	D:0.99617810459226	S:Fyttd1/Srsf3	D:2	N:	N:	N:	N:	N:	N:	N:	N:	N:	N:	N:	N:	N:	N:
S:Skin	S:Glycosaminoglycan metabolism	S:FALSE	S:R-MMU-1630316	S:Glycosaminoglycan metabolism	S:1/141	S:34/2996	D:0.0294117647058824	D:0.624947851481018	D:-0.488701309256556	D:0.807629200928164	D:0.99617810459226	D:0.99617810459226	S:Chst14	D:1	N:	N:	N:	N:	N:	N:	N:	N:	N:	N:	N:	N:	N:	N:
S:Skin	S:Metabolism of polyamines	S:FALSE	S:R-MMU-351202	S:Metabolism of polyamines	S:1/141	S:34/2996	D:0.0294117647058824	D:0.624947851481018	D:-0.488701309256556	D:0.807629200928164	D:0.99617810459226	D:0.99617810459226	S:Psmd7	D:1	N:	N:	N:	N:	N:	N:	N:	N:	N:	N:	N:	N:	N:	N:
S:Skin	S:Deadenylation-dependent mrna decay	S:FALSE	S:R-MMU-429914	S:Deadenylation-dependent mRNA decay	S:1/141	S:34/2996	D:0.0294117647058824	D:0.624947851481018	D:-0.488701309256556	D:0.807629200928164	D:0.99617810459226	D:0.99617810459226	S:Pabpc1	D:1	N:	N:	N:	N:	N:	N:	N:	N:	N:	N:	N:	N:	N:	N:
S:Skin	S:Pi5p, pp2a and ier3 regulate pi3k/akt signaling	S:FALSE	S:R-MMU-6811558	S:PI5P, PP2A and IER3 Regulate PI3K/AKT Signaling	S:1/141	S:34/2996	D:0.0294117647058824	D:0.624947851481018	D:-0.488701309256556	D:0.807629200928164	D:0.99617810459226	D:0.99617810459226	S:Irs1	D:1	N:	N:	N:	N:	N:	N:	N:	N:	N:	N:	N:	N:	N:	N:
S:Skin	S:Fbxl7 down-regulates aurka during mitotic entry and in early mitosis	S:FALSE	S:R-MMU-8854050	S:FBXL7 down-regulates AURKA during mitotic entry and in early mitosis	S:1/141	S:34/2996	D:0.0294117647058824	D:0.624947851481018	D:-0.488701309256556	D:0.807629200928164	D:0.99617810459226	D:0.99617810459226	S:Psmd7	D:1	N:	N:	N:	N:	N:	N:	N:	N:	N:	N:	N:	N:	N:	N:
S:Skin	S:Cdc42 gtpase cycle	S:FALSE	S:R-MMU-9013148	S:CDC42 GTPase cycle	S:1/141	S:34/2996	D:0.0294117647058824	D:0.624947851481018	D:-0.488701309256556	D:0.807629200928164	D:0.99617810459226	D:0.99617810459226	S:Dock10	D:1	N:	N:	N:	N:	N:	N:	N:	N:	N:	N:	N:	N:	N:	N:
S:Skin	S:Peroxisomal protein import	S:FALSE	S:R-MMU-9033241	S:Peroxisomal protein import	S:1/141	S:34/2996	D:0.0294117647058824	D:0.624947851481018	D:-0.488701309256556	D:0.807629200928164	D:0.99617810459226	D:0.99617810459226	S:Scp2	D:1	N:	N:	N:	N:	N:	N:	N:	N:	N:	N:	N:	N:	N:	N:
S:Skin	S:Cell cycle checkpoints	S:FALSE	S:R-MMU-69620	S:Cell Cycle Checkpoints	S:4/141	S:117/2996	D:0.0341880341880342	D:0.726435109413833	D:-0.670713999022729	D:0.811357880124406	D:0.99617810459226	D:0.99617810459226	S:Clasp2/Kif2a/Psmd7/Ywhag	D:4	N:	N:	N:	N:	N:	N:	N:	N:	N:	N:	N:	N:	N:	N:
S:Skin	S:Oxygen-dependent proline hydroxylation of hypoxia-inducible factor alpha	S:FALSE	S:R-MMU-1234176	S:Oxygen-dependent proline hydroxylation of Hypoxia-inducible Factor Alpha	S:1/141	S:35/2996	D:0.0285714285714286	D:0.60709219858156	D:-0.519529704784188	D:0.816786622491003	D:0.99617810459226	D:0.99617810459226	S:Psmd7	D:1	N:	N:	N:	N:	N:	N:	N:	N:	N:	N:	N:	N:	N:	N:
S:Skin	S:Scf(skp2)-mediated degradation of p27/p21	S:FALSE	S:R-MMU-187577	S:SCF(Skp2)-mediated degradation of p27/p21	S:1/141	S:35/2996	D:0.0285714285714286	D:0.60709219858156	D:-0.519529704784188	D:0.816786622491003	D:0.99617810459226	D:0.99617810459226	S:Psmd7	D:1	N:	N:	N:	N:	N:	N:	N:	N:	N:	N:	N:	N:	N:	N:
S:Skin	S:Phase i - functionalization of compounds	S:FALSE	S:R-MMU-211945	S:Phase I - Functionalization of compounds	S:1/141	S:35/2996	D:0.0285714285714286	D:0.60709219858156	D:-0.519529704784188	D:0.816786622491003	D:0.99617810459226	D:0.99617810459226	S:Aoc3	D:1	N:	N:	N:	N:	N:	N:	N:	N:	N:	N:	N:	N:	N:	N:
S:Skin	S:Nuclear envelope breakdown	S:FALSE	S:R-MMU-2980766	S:Nuclear Envelope Breakdown	S:1/141	S:35/2996	D:0.0285714285714286	D:0.60709219858156	D:-0.519529704784188	D:0.816786622491003	D:0.99617810459226	D:0.99617810459226	S:Prkcb	D:1	N:	N:	N:	N:	N:	N:	N:	N:	N:	N:	N:	N:	N:	N:
S:Skin	S:G alpha (q) signalling events	S:FALSE	S:R-MMU-416476	S:G alpha (q) signalling events	S:1/141	S:35/2996	D:0.0285714285714286	D:0.60709219858156	D:-0.519529704784188	D:0.816786622491003	D:0.99617810459226	D:0.99617810459226	S:Kras	D:1	N:	N:	N:	N:	N:	N:	N:	N:	N:	N:	N:	N:	N:	N:
S:Skin	S:Sumoylation of rna binding proteins	S:FALSE	S:R-MMU-4570464	S:SUMOylation of RNA binding proteins	S:1/141	S:35/2996	D:0.0285714285714286	D:0.60709219858156	D:-0.519529704784188	D:0.816786622491003	D:0.99617810459226	D:0.99617810459226	S:Hnrnpk	D:1	N:	N:	N:	N:	N:	N:	N:	N:	N:	N:	N:	N:	N:	N:
S:Skin	S:Degradation of gli1 by the proteasome	S:FALSE	S:R-MMU-5610780	S:Degradation of GLI1 by the proteasome	S:1/141	S:35/2996	D:0.0285714285714286	D:0.60709219858156	D:-0.519529704784188	D:0.816786622491003	D:0.99617810459226	D:0.99617810459226	S:Psmd7	D:1	N:	N:	N:	N:	N:	N:	N:	N:	N:	N:	N:	N:	N:	N:
S:Skin	S:Regulation of runx2 expression and activity	S:FALSE	S:R-MMU-8939902	S:Regulation of RUNX2 expression and activity	S:1/141	S:35/2996	D:0.0285714285714286	D:0.60709219858156	D:-0.519529704784188	D:0.816786622491003	D:0.99617810459226	D:0.99617810459226	S:Psmd7	D:1	N:	N:	N:	N:	N:	N:	N:	N:	N:	N:	N:	N:	N:	N:
S:Skin	S:Drug adme	S:FALSE	S:R-MMU-9748784	S:Drug ADME	S:1/141	S:35/2996	D:0.0285714285714286	D:0.60709219858156	D:-0.519529704784188	D:0.816786622491003	D:0.99617810459226	D:0.99617810459226	S:Adal	D:1	N:	N:	N:	N:	N:	N:	N:	N:	N:	N:	N:	N:	N:	N:
S:Skin	S:Gsk3b and btrc:cul1-mediated-degradation of nfe2l2	S:FALSE	S:R-MMU-9762114	S:GSK3B and BTRC:CUL1-mediated-degradation of NFE2L2	S:1/141	S:35/2996	D:0.0285714285714286	D:0.60709219858156	D:-0.519529704784188	D:0.816786622491003	D:0.99617810459226	D:0.99617810459226	S:Psmd7	D:1	N:	N:	N:	N:	N:	N:	N:	N:	N:	N:	N:	N:	N:	N:
S:Skin	S:Cellular response to hypoxia	S:FALSE	S:R-MMU-1234174	S:Cellular response to hypoxia	S:1/141	S:36/2996	D:0.0277777777777778	D:0.590228526398739	D:-0.549606714461835	D:0.82551106903905	D:0.99617810459226	D:0.99617810459226	S:Psmd7	D:1	N:	N:	N:	N:	N:	N:	N:	N:	N:	N:	N:	N:	N:	N:
S:Skin	S:Phase ii - conjugation of compounds	S:FALSE	S:R-MMU-156580	S:Phase II - Conjugation of compounds	S:1/141	S:36/2996	D:0.0277777777777778	D:0.590228526398739	D:-0.549606714461835	D:0.82551106903905	D:0.99617810459226	D:0.99617810459226	S:Mtr	D:1	N:	N:	N:	N:	N:	N:	N:	N:	N:	N:	N:	N:	N:	N:
S:Skin	S:Negative regulation of the pi3k/akt network	S:FALSE	S:R-MMU-199418	S:Negative regulation of the PI3K/AKT network	S:1/141	S:36/2996	D:0.0277777777777778	D:0.590228526398739	D:-0.549606714461835	D:0.82551106903905	D:0.99617810459226	D:0.99617810459226	S:Irs1	D:1	N:	N:	N:	N:	N:	N:	N:	N:	N:	N:	N:	N:	N:	N:
S:Skin	S:Dectin-1 mediated noncanonical nf-kb signaling	S:FALSE	S:R-MMU-5607761	S:Dectin-1 mediated noncanonical NF-kB signaling	S:1/141	S:36/2996	D:0.0277777777777778	D:0.590228526398739	D:-0.549606714461835	D:0.82551106903905	D:0.99617810459226	D:0.99617810459226	S:Psmd7	D:1	N:	N:	N:	N:	N:	N:	N:	N:	N:	N:	N:	N:	N:	N:
S:Skin	S:Nik-->noncanonical nf-kb signaling	S:FALSE	S:R-MMU-5676590	S:NIK-->noncanonical NF-kB signaling	S:1/141	S:36/2996	D:0.0277777777777778	D:0.590228526398739	D:-0.549606714461835	D:0.82551106903905	D:0.99617810459226	D:0.99617810459226	S:Psmd7	D:1	N:	N:	N:	N:	N:	N:	N:	N:	N:	N:	N:	N:	N:	N:
S:Skin	S:Nuclear events mediated by nfe2l2	S:FALSE	S:R-MMU-9759194	S:Nuclear events mediated by NFE2L2	S:1/141	S:36/2996	D:0.0277777777777778	D:0.590228526398739	D:-0.549606714461835	D:0.82551106903905	D:0.99617810459226	D:0.99617810459226	S:Psmd7	D:1	N:	N:	N:	N:	N:	N:	N:	N:	N:	N:	N:	N:	N:	N:
S:Skin	S:Gsk3b-mediated proteasomal degradation of pd-l1(cd274)	S:FALSE	S:R-MMU-9929356	S:GSK3B-mediated proteasomal degradation of PD-L1(CD274)	S:1/141	S:36/2996	D:0.0277777777777778	D:0.590228526398739	D:-0.549606714461835	D:0.82551106903905	D:0.99617810459226	D:0.99617810459226	S:Psmd7	D:1	N:	N:	N:	N:	N:	N:	N:	N:	N:	N:	N:	N:	N:	N:
S:Skin	S:Response to elevated platelet cytosolic ca2+	S:FALSE	S:R-MMU-76005	S:Response to elevated platelet cytosolic Ca2+	S:2/141	S:67/2996	D:0.0298507462686567	D:0.634275431353869	D:-0.672723757548969	D:0.832726767537688	D:0.99617810459226	D:0.99617810459226	S:Prkcb/Serpinf2	D:2	N:	N:	N:	N:	N:	N:	N:	N:	N:	N:	N:	N:	N:	N:
S:Skin	S:Ubiquitin-mediated degradation of phosphorylated cdc25a	S:FALSE	S:R-MMU-69601	S:Ubiquitin-Mediated Degradation of Phosphorylated Cdc25A	S:1/141	S:37/2996	D:0.027027027027027	D:0.574276404063638	D:-0.578976604137626	D:0.83382287284496	D:0.99617810459226	D:0.99617810459226	S:Psmd7	D:1	N:	N:	N:	N:	N:	N:	N:	N:	N:	N:	N:	N:	N:	N:
S:Skin	S:P53-independent g1/s dna damage checkpoint	S:FALSE	S:R-MMU-69613	S:p53-Independent G1/S DNA Damage Checkpoint	S:1/141	S:37/2996	D:0.027027027027027	D:0.574276404063638	D:-0.578976604137626	D:0.83382287284496	D:0.99617810459226	D:0.99617810459226	S:Psmd7	D:1	N:	N:	N:	N:	N:	N:	N:	N:	N:	N:	N:	N:	N:	N:
S:Skin	S:The role of gtse1 in g2/m progression after g2 checkpoint	S:FALSE	S:R-MMU-8852276	S:The role of GTSE1 in G2/M progression after G2 checkpoint	S:1/141	S:37/2996	D:0.027027027027027	D:0.574276404063638	D:-0.578976604137626	D:0.83382287284496	D:0.99617810459226	D:0.99617810459226	S:Psmd7	D:1	N:	N:	N:	N:	N:	N:	N:	N:	N:	N:	N:	N:	N:	N:
S:Skin	S:Runx1 regulates transcription of genes involved in differentiation of hscs	S:FALSE	S:R-MMU-8939236	S:RUNX1 regulates transcription of genes involved in differentiation of HSCs	S:1/141	S:37/2996	D:0.027027027027027	D:0.574276404063638	D:-0.578976604137626	D:0.83382287284496	D:0.99617810459226	D:0.99617810459226	S:Psmd7	D:1	N:	N:	N:	N:	N:	N:	N:	N:	N:	N:	N:	N:	N:	N:
S:Skin	S:Separation of sister chromatids	S:FALSE	S:R-MMU-2467813	S:Separation of Sister Chromatids	S:3/141	S:96/2996	D:0.03125	D:0.664007092198582	D:-0.743484024789203	D:0.839608249352936	D:0.99617810459226	D:0.99617810459226	S:Clasp2/Kif2a/Psmd7	D:3	N:	N:	N:	N:	N:	N:	N:	N:	N:	N:	N:	N:	N:	N:
S:Skin	S:Myd88:mal(tirap) cascade initiated on plasma membrane	S:FALSE	S:R-MMU-166058	S:MyD88:MAL(TIRAP) cascade initiated on plasma membrane	S:1/141	S:38/2996	D:0.0263157894736842	D:0.559163867114595	D:-0.607679815057235	D:0.841741417937512	D:0.99617810459226	D:0.99617810459226	S:Rps6ka5	D:1	N:	N:	N:	N:	N:	N:	N:	N:	N:	N:	N:	N:	N:	N:
S:Skin	S:Toll like receptor 10 (tlr10) cascade	S:FALSE	S:R-MMU-168142	S:Toll Like Receptor 10 (TLR10) Cascade	S:1/141	S:38/2996	D:0.0263157894736842	D:0.559163867114595	D:-0.607679815057235	D:0.841741417937512	D:0.99617810459226	D:0.99617810459226	S:Rps6ka5	D:1	N:	N:	N:	N:	N:	N:	N:	N:	N:	N:	N:	N:	N:	N:
S:Skin	S:Toll like receptor 5 (tlr5) cascade	S:FALSE	S:R-MMU-168176	S:Toll Like Receptor 5 (TLR5) Cascade	S:1/141	S:38/2996	D:0.0263157894736842	D:0.559163867114595	D:-0.607679815057235	D:0.841741417937512	D:0.99617810459226	D:0.99617810459226	S:Rps6ka5	D:1	N:	N:	N:	N:	N:	N:	N:	N:	N:	N:	N:	N:	N:	N:
S:Skin	S:Toll like receptor tlr1:tlr2 cascade	S:FALSE	S:R-MMU-168179	S:Toll Like Receptor TLR1:TLR2 Cascade	S:1/141	S:38/2996	D:0.0263157894736842	D:0.559163867114595	D:-0.607679815057235	D:0.841741417937512	D:0.99617810459226	D:0.99617810459226	S:Rps6ka5	D:1	N:	N:	N:	N:	N:	N:	N:	N:	N:	N:	N:	N:	N:	N:
S:Skin	S:Toll like receptor tlr6:tlr2 cascade	S:FALSE	S:R-MMU-168188	S:Toll Like Receptor TLR6:TLR2 Cascade	S:1/141	S:38/2996	D:0.0263157894736842	D:0.559163867114595	D:-0.607679815057235	D:0.841741417937512	D:0.99617810459226	D:0.99617810459226	S:Rps6ka5	D:1	N:	N:	N:	N:	N:	N:	N:	N:	N:	N:	N:	N:	N:	N:
S:Skin	S:Toll like receptor 2 (tlr2) cascade	S:FALSE	S:R-MMU-181438	S:Toll Like Receptor 2 (TLR2) Cascade	S:1/141	S:38/2996	D:0.0263157894736842	D:0.559163867114595	D:-0.607679815057235	D:0.841741417937512	D:0.99617810459226	D:0.99617810459226	S:Rps6ka5	D:1	N:	N:	N:	N:	N:	N:	N:	N:	N:	N:	N:	N:	N:	N:
S:Skin	S:Gli3 is processed to gli3r by the proteasome	S:FALSE	S:R-MMU-5610785	S:GLI3 is processed to GLI3R by the proteasome	S:1/141	S:38/2996	D:0.0263157894736842	D:0.559163867114595	D:-0.607679815057235	D:0.841741417937512	D:0.99617810459226	D:0.99617810459226	S:Psmd7	D:1	N:	N:	N:	N:	N:	N:	N:	N:	N:	N:	N:	N:	N:	N:
S:Skin	S:Tnfr2 non-canonical nf-kb pathway	S:FALSE	S:R-MMU-5668541	S:TNFR2 non-canonical NF-kB pathway	S:1/141	S:38/2996	D:0.0263157894736842	D:0.559163867114595	D:-0.607679815057235	D:0.841741417937512	D:0.99617810459226	D:0.99617810459226	S:Psmd7	D:1	N:	N:	N:	N:	N:	N:	N:	N:	N:	N:	N:	N:	N:	N:
S:Skin	S:G1/s dna damage checkpoints	S:FALSE	S:R-MMU-69615	S:G1/S DNA Damage Checkpoints	S:1/141	S:38/2996	D:0.0263157894736842	D:0.559163867114595	D:-0.607679815057235	D:0.841741417937512	D:0.99617810459226	D:0.99617810459226	S:Psmd7	D:1	N:	N:	N:	N:	N:	N:	N:	N:	N:	N:	N:	N:	N:	N:
S:Skin	S:Transcriptional regulation by runx3	S:FALSE	S:R-MMU-8878159	S:Transcriptional regulation by RUNX3	S:1/141	S:38/2996	D:0.0263157894736842	D:0.559163867114595	D:-0.607679815057235	D:0.841741417937512	D:0.99617810459226	D:0.99617810459226	S:Psmd7	D:1	N:	N:	N:	N:	N:	N:	N:	N:	N:	N:	N:	N:	N:	N:
S:Skin	S:Myd88 cascade initiated on plasma membrane	S:FALSE	S:R-MMU-975871	S:MyD88 cascade initiated on plasma membrane	S:1/141	S:38/2996	D:0.0263157894736842	D:0.559163867114595	D:-0.607679815057235	D:0.841741417937512	D:0.99617810459226	D:0.99617810459226	S:Rps6ka5	D:1	N:	N:	N:	N:	N:	N:	N:	N:	N:	N:	N:	N:	N:	N:
S:Skin	S:Mitotic metaphase and anaphase	S:FALSE	S:R-MMU-2555396	S:Mitotic Metaphase and Anaphase	S:4/141	S:124/2996	D:0.032258064516129	D:0.685426675817891	D:-0.794960280170705	D:0.845763790926479	D:0.99617810459226	D:0.99617810459226	S:Chmp2b/Clasp2/Kif2a/Psmd7	D:4	N:	N:	N:	N:	N:	N:	N:	N:	N:	N:	N:	N:	N:	N:
S:Skin	S:Mitotic anaphase	S:FALSE	S:R-MMU-68882	S:Mitotic Anaphase	S:4/141	S:124/2996	D:0.032258064516129	D:0.685426675817891	D:-0.794960280170705	D:0.845763790926479	D:0.99617810459226	D:0.99617810459226	S:Chmp2b/Clasp2/Kif2a/Psmd7	D:4	N:	N:	N:	N:	N:	N:	N:	N:	N:	N:	N:	N:	N:	N:
S:Skin	S:Toll like receptor 3 (tlr3) cascade	S:FALSE	S:R-MMU-168164	S:Toll Like Receptor 3 (TLR3) Cascade	S:1/141	S:39/2996	D:0.0256410256410256	D:0.544826332060375	D:-0.635753389930556	D:0.849285184019598	D:0.99617810459226	D:0.99617810459226	S:Rps6ka5	D:1	N:	N:	N:	N:	N:	N:	N:	N:	N:	N:	N:	N:	N:	N:
S:Skin	S:Autodegradation of cdh1 by cdh1:apc/c	S:FALSE	S:R-MMU-174084	S:Autodegradation of Cdh1 by Cdh1:APC/C	S:1/141	S:39/2996	D:0.0256410256410256	D:0.544826332060375	D:-0.635753389930556	D:0.849285184019598	D:0.99617810459226	D:0.99617810459226	S:Psmd7	D:1	N:	N:	N:	N:	N:	N:	N:	N:	N:	N:	N:	N:	N:	N:
S:Skin	S:Apc/c:cdc20 mediated degradation of securin	S:FALSE	S:R-MMU-174154	S:APC/C:Cdc20 mediated degradation of Securin	S:1/141	S:39/2996	D:0.0256410256410256	D:0.544826332060375	D:-0.635753389930556	D:0.849285184019598	D:0.99617810459226	D:0.99617810459226	S:Psmd7	D:1	N:	N:	N:	N:	N:	N:	N:	N:	N:	N:	N:	N:	N:	N:
S:Skin	S:Apc/c:cdh1 mediated degradation of cdc20 and other apc/c:cdh1 targeted proteins in late mitosis/early g1	S:FALSE	S:R-MMU-174178	S:APC/C:Cdh1 mediated degradation of Cdc20 and other APC/C:Cdh1 targeted proteins in late mitosis/early G1	S:1/141	S:39/2996	D:0.0256410256410256	D:0.544826332060375	D:-0.635753389930556	D:0.849285184019598	D:0.99617810459226	D:0.99617810459226	S:Psmd7	D:1	N:	N:	N:	N:	N:	N:	N:	N:	N:	N:	N:	N:	N:	N:
S:Skin	S:Cdk-mediated phosphorylation and removal of cdc6	S:FALSE	S:R-MMU-69017	S:CDK-mediated phosphorylation and removal of Cdc6	S:1/141	S:39/2996	D:0.0256410256410256	D:0.544826332060375	D:-0.635753389930556	D:0.849285184019598	D:0.99617810459226	D:0.99617810459226	S:Psmd7	D:1	N:	N:	N:	N:	N:	N:	N:	N:	N:	N:	N:	N:	N:	N:
S:Skin	S:Cyclin e associated events during g1/s transition	S:FALSE	S:R-MMU-69202	S:Cyclin E associated events during G1/S transition	S:1/141	S:39/2996	D:0.0256410256410256	D:0.544826332060375	D:-0.635753389930556	D:0.849285184019598	D:0.99617810459226	D:0.99617810459226	S:Psmd7	D:1	N:	N:	N:	N:	N:	N:	N:	N:	N:	N:	N:	N:	N:	N:
S:Skin	S:Cyclin a:cdk2-associated events at s phase entry	S:FALSE	S:R-MMU-69656	S:Cyclin A:Cdk2-associated events at S phase entry	S:1/141	S:39/2996	D:0.0256410256410256	D:0.544826332060375	D:-0.635753389930556	D:0.849285184019598	D:0.99617810459226	D:0.99617810459226	S:Psmd7	D:1	N:	N:	N:	N:	N:	N:	N:	N:	N:	N:	N:	N:	N:	N:
S:Skin	S:Regulation of pten stability and activity	S:FALSE	S:R-MMU-8948751	S:Regulation of PTEN stability and activity	S:1/141	S:39/2996	D:0.0256410256410256	D:0.544826332060375	D:-0.635753389930556	D:0.849285184019598	D:0.99617810459226	D:0.99617810459226	S:Psmd7	D:1	N:	N:	N:	N:	N:	N:	N:	N:	N:	N:	N:	N:	N:	N:
S:Skin	S:Traf6 mediated induction of nfkb and map kinases upon tlr7/8 or 9 activation	S:FALSE	S:R-MMU-975138	S:TRAF6 mediated induction of NFkB and MAP kinases upon TLR7/8 or 9 activation	S:1/141	S:39/2996	D:0.0256410256410256	D:0.544826332060375	D:-0.635753389930556	D:0.849285184019598	D:0.99617810459226	D:0.99617810459226	S:Rps6ka5	D:1	N:	N:	N:	N:	N:	N:	N:	N:	N:	N:	N:	N:	N:	N:
S:Skin	S:Myd88 dependent cascade initiated on endosome	S:FALSE	S:R-MMU-975155	S:MyD88 dependent cascade initiated on endosome	S:1/141	S:39/2996	D:0.0256410256410256	D:0.544826332060375	D:-0.635753389930556	D:0.849285184019598	D:0.99617810459226	D:0.99617810459226	S:Rps6ka5	D:1	N:	N:	N:	N:	N:	N:	N:	N:	N:	N:	N:	N:	N:	N:
S:Skin	S:Toll like receptor 7/8 (tlr7/8) cascade	S:FALSE	S:R-MMU-168181	S:Toll Like Receptor 7/8 (TLR7/8) Cascade	S:1/141	S:40/2996	D:0.025	D:0.531205673758865	D:-0.663231341637499	D:0.856471788366313	D:0.99617810459226	D:0.99617810459226	S:Rps6ka5	D:1	N:	N:	N:	N:	N:	N:	N:	N:	N:	N:	N:	N:	N:	N:
S:Skin	S:Mapk6/mapk4 signaling	S:FALSE	S:R-MMU-5687128	S:MAPK6/MAPK4 signaling	S:1/141	S:40/2996	D:0.025	D:0.531205673758865	D:-0.663231341637499	D:0.856471788366313	D:0.99617810459226	D:0.99617810459226	S:Psmd7	D:1	N:	N:	N:	N:	N:	N:	N:	N:	N:	N:	N:	N:	N:	N:
S:Skin	S:Orc1 removal from chromatin	S:FALSE	S:R-MMU-68949	S:Orc1 removal from chromatin	S:1/141	S:40/2996	D:0.025	D:0.531205673758865	D:-0.663231341637499	D:0.856471788366313	D:0.99617810459226	D:0.99617810459226	S:Psmd7	D:1	N:	N:	N:	N:	N:	N:	N:	N:	N:	N:	N:	N:	N:	N:
S:Skin	S:Transcriptional regulation by runx2	S:FALSE	S:R-MMU-8878166	S:Transcriptional regulation by RUNX2	S:1/141	S:40/2996	D:0.025	D:0.531205673758865	D:-0.663231341637499	D:0.856471788366313	D:0.99617810459226	D:0.99617810459226	S:Psmd7	D:1	N:	N:	N:	N:	N:	N:	N:	N:	N:	N:	N:	N:	N:	N:
S:Skin	S:Cdc20:phospho-apc/c mediated degradation of cyclin a	S:FALSE	S:R-MMU-174184	S:Cdc20:Phospho-APC/C mediated degradation of Cyclin A	S:1/141	S:41/2996	D:0.024390243902439	D:0.518249437813527	D:-0.690144973547029	D:0.86331802579539	D:0.99617810459226	D:0.99617810459226	S:Psmd7	D:1	N:	N:	N:	N:	N:	N:	N:	N:	N:	N:	N:	N:	N:	N:
S:Skin	S:Apc/c:cdc20 mediated degradation of mitotic proteins	S:FALSE	S:R-MMU-176409	S:APC/C:Cdc20 mediated degradation of mitotic proteins	S:1/141	S:41/2996	D:0.024390243902439	D:0.518249437813527	D:-0.690144973547029	D:0.86331802579539	D:0.99617810459226	D:0.99617810459226	S:Psmd7	D:1	N:	N:	N:	N:	N:	N:	N:	N:	N:	N:	N:	N:	N:	N:
S:Skin	S:Activation of apc/c and apc/c:cdc20 mediated degradation of mitotic proteins	S:FALSE	S:R-MMU-176814	S:Activation of APC/C and APC/C:Cdc20 mediated degradation of mitotic proteins	S:1/141	S:41/2996	D:0.024390243902439	D:0.518249437813527	D:-0.690144973547029	D:0.86331802579539	D:0.99617810459226	D:0.99617810459226	S:Psmd7	D:1	N:	N:	N:	N:	N:	N:	N:	N:	N:	N:	N:	N:	N:	N:
S:Skin	S:Apc:cdc20 mediated degradation of cell cycle proteins prior to satisfation of the cell cycle checkpoint	S:FALSE	S:R-MMU-179419	S:APC:Cdc20 mediated degradation of cell cycle proteins prior to satisfation of the cell cycle checkpoint	S:1/141	S:41/2996	D:0.024390243902439	D:0.518249437813527	D:-0.690144973547029	D:0.86331802579539	D:0.99617810459226	D:0.99617810459226	S:Psmd7	D:1	N:	N:	N:	N:	N:	N:	N:	N:	N:	N:	N:	N:	N:	N:
S:Skin	S:Degradation of cdh1	S:FALSE	S:R-MMU-9766229	S:Degradation of CDH1	S:1/141	S:41/2996	D:0.024390243902439	D:0.518249437813527	D:-0.690144973547029	D:0.86331802579539	D:0.99617810459226	D:0.99617810459226	S:Psmd7	D:1	N:	N:	N:	N:	N:	N:	N:	N:	N:	N:	N:	N:	N:	N:
S:Skin	S:Ub-specific processing proteases	S:FALSE	S:R-MMU-5689880	S:Ub-specific processing proteases	S:2/141	S:73/2996	D:0.0273972602739726	D:0.582143204119304	D:-0.803118084796734	D:0.866793639967609	D:0.99617810459226	D:0.99617810459226	S:Psmd7/Usp25	D:2	N:	N:	N:	N:	N:	N:	N:	N:	N:	N:	N:	N:	N:	N:
S:Skin	S:Biological oxidations	S:FALSE	S:R-MMU-211859	S:Biological oxidations	S:2/141	S:74/2996	D:0.027027027027027	D:0.574276404063638	D:-0.823964288457537	D:0.871815808033672	D:0.99617810459226	D:0.99617810459226	S:Aoc3/Mtr	D:2	N:	N:	N:	N:	N:	N:	N:	N:	N:	N:	N:	N:	N:	N:
S:Skin	S:Toll like receptor 9 (tlr9) cascade	S:FALSE	S:R-MMU-168138	S:Toll Like Receptor 9 (TLR9) Cascade	S:1/141	S:43/2996	D:0.0232558139534884	D:0.494144812798944	D:-0.742392584905957	D:0.876052693914321	D:0.99617810459226	D:0.99617810459226	S:Rps6ka5	D:1	N:	N:	N:	N:	N:	N:	N:	N:	N:	N:	N:	N:	N:	N:
S:Skin	S:Apc/c-mediated degradation of cell cycle proteins	S:FALSE	S:R-MMU-174143	S:APC/C-mediated degradation of cell cycle proteins	S:1/141	S:43/2996	D:0.0232558139534884	D:0.494144812798944	D:-0.742392584905957	D:0.876052693914321	D:0.99617810459226	D:0.99617810459226	S:Psmd7	D:1	N:	N:	N:	N:	N:	N:	N:	N:	N:	N:	N:	N:	N:	N:
S:Skin	S:Regulation of mitotic cell cycle	S:FALSE	S:R-MMU-453276	S:Regulation of mitotic cell cycle	S:1/141	S:43/2996	D:0.0232558139534884	D:0.494144812798944	D:-0.742392584905957	D:0.876052693914321	D:0.99617810459226	D:0.99617810459226	S:Psmd7	D:1	N:	N:	N:	N:	N:	N:	N:	N:	N:	N:	N:	N:	N:	N:
S:Skin	S:Signaling by nuclear receptors	S:FALSE	S:R-MMU-9006931	S:Signaling by Nuclear Receptors	S:2/141	S:75/2996	D:0.0266666666666667	D:0.56661938534279	D:-0.844576995157649	D:0.876664594921341	D:0.99617810459226	D:0.99617810459226	S:Dlat/Kras	D:2	N:	N:	N:	N:	N:	N:	N:	N:	N:	N:	N:	N:	N:	N:
S:Skin	S:Transcriptional regulation by tp53	S:FALSE	S:R-MMU-3700989	S:Transcriptional Regulation by TP53	S:3/141	S:105/2996	D:0.0285714285714286	D:0.60709219858156	D:-0.910680776485056	D:0.880888146844881	D:0.99617810459226	D:0.99617810459226	S:Jmy/Prkab2/Ywhag	D:3	N:	N:	N:	N:	N:	N:	N:	N:	N:	N:	N:	N:	N:	N:
S:Skin	S:Fceri mediated nf-kb activation	S:FALSE	S:R-MMU-2871837	S:FCERI mediated NF-kB activation	S:1/141	S:44/2996	D:0.0227272727272727	D:0.482914248871696	D:-0.767777968005778	D:0.881970936433143	D:0.99617810459226	D:0.99617810459226	S:Psmd7	D:1	N:	N:	N:	N:	N:	N:	N:	N:	N:	N:	N:	N:	N:	N:
S:Skin	S:Nuclear envelope (ne) reassembly	S:FALSE	S:R-MMU-2995410	S:Nuclear Envelope (NE) Reassembly	S:1/141	S:44/2996	D:0.0227272727272727	D:0.482914248871696	D:-0.767777968005778	D:0.881970936433143	D:0.99617810459226	D:0.99617810459226	S:Chmp2b	D:1	N:	N:	N:	N:	N:	N:	N:	N:	N:	N:	N:	N:	N:	N:
S:Skin	S:Keap1-nfe2l2 pathway	S:FALSE	S:R-MMU-9755511	S:KEAP1-NFE2L2 pathway	S:1/141	S:44/2996	D:0.0227272727272727	D:0.482914248871696	D:-0.767777968005778	D:0.881970936433143	D:0.99617810459226	D:0.99617810459226	S:Psmd7	D:1	N:	N:	N:	N:	N:	N:	N:	N:	N:	N:	N:	N:	N:	N:
S:Skin	S:Cellular responses to stimuli	S:FALSE	S:R-MMU-8953897	S:Cellular responses to stimuli	S:9/141	S:263/2996	D:0.0342205323193916	D:0.727125637084378	D:-1.02949847246174	D:0.885374405612688	D:0.99617810459226	D:0.99617810459226	S:Camk2d/Hspa5/Hspa8/Hsph1/P4hb/Pde4d/Pkn2/Psmd7/Yme1l1	D:9	N:	N:	N:	N:	N:	N:	N:	N:	N:	N:	N:	N:	N:	N:
S:Skin	S:Cell cycle	S:FALSE	S:R-MMU-1640170	S:Cell Cycle	S:8/141	S:239/2996	D:0.0334728033472803	D:0.711237722187602	D:-1.03401285921285	D:0.888120165757752	D:0.99617810459226	D:0.99617810459226	S:Chmp2b/Clasp2/Gorasp2/Kif2a/Pcm1/Prkcb/Psmd7/Ywhag	D:8	N:	N:	N:	N:	N:	N:	N:	N:	N:	N:	N:	N:	N:	N:
S:Skin	S:Myd88-independent tlr4 cascade	S:FALSE	S:R-MMU-166166	S:MyD88-independent TLR4 cascade	S:1/141	S:46/2996	D:0.0217391304347826	D:0.461917977181622	D:-0.817186726625902	D:0.892978615661624	D:0.99617810459226	D:0.99617810459226	S:Rps6ka5	D:1	N:	N:	N:	N:	N:	N:	N:	N:	N:	N:	N:	N:	N:	N:
S:Skin	S:Downstream tcr signaling	S:FALSE	S:R-MMU-202424	S:Downstream TCR signaling	S:1/141	S:46/2996	D:0.0217391304347826	D:0.461917977181622	D:-0.817186726625902	D:0.892978615661624	D:0.99617810459226	D:0.99617810459226	S:Psmd7	D:1	N:	N:	N:	N:	N:	N:	N:	N:	N:	N:	N:	N:	N:	N:
S:Skin	S:Glycolysis	S:FALSE	S:R-MMU-70171	S:Glycolysis	S:1/141	S:46/2996	D:0.0217391304347826	D:0.461917977181622	D:-0.817186726625902	D:0.892978615661624	D:0.99617810459226	D:0.99617810459226	S:Pfkm	D:1	N:	N:	N:	N:	N:	N:	N:	N:	N:	N:	N:	N:	N:	N:
S:Skin	S:Trif (ticam1)-mediated tlr4 signaling	S:FALSE	S:R-MMU-937061	S:TRIF (TICAM1)-mediated TLR4 signaling	S:1/141	S:46/2996	D:0.0217391304347826	D:0.461917977181622	D:-0.817186726625902	D:0.892978615661624	D:0.99617810459226	D:0.99617810459226	S:Rps6ka5	D:1	N:	N:	N:	N:	N:	N:	N:	N:	N:	N:	N:	N:	N:	N:
S:Skin	S:Degradation of beta-catenin by the destruction complex	S:FALSE	S:R-MMU-195253	S:Degradation of beta-catenin by the destruction complex	S:1/141	S:47/2996	D:0.0212765957446809	D:0.452089935113928	D:-0.841251272993505	D:0.898093875048644	D:0.99617810459226	D:0.99617810459226	S:Psmd7	D:1	N:	N:	N:	N:	N:	N:	N:	N:	N:	N:	N:	N:	N:	N:
S:Skin	S:Developmental biology	S:FALSE	S:R-MMU-1266738	S:Developmental Biology	S:5/141	S:165/2996	D:0.0303030303030303	D:0.643885665162261	D:-1.04560200344177	D:0.898480379606803	D:0.99617810459226	D:0.99617810459226	S:Arpc2/Kras/Rps6ka5/Sh3kbp1/Yes1	D:5	N:	N:	N:	N:	N:	N:	N:	N:	N:	N:	N:	N:	N:	N:
S:Skin	S:Assembly of the pre-replicative complex	S:FALSE	S:R-MMU-68867	S:Assembly of the pre-replicative complex	S:1/141	S:48/2996	D:0.0208333333333333	D:0.442671394799054	D:-0.864914397552355	D:0.902966294044284	D:0.99617810459226	D:0.99617810459226	S:Psmd7	D:1	N:	N:	N:	N:	N:	N:	N:	N:	N:	N:	N:	N:	N:	N:
S:Skin	S:Switching of origins to a post-replicative state	S:FALSE	S:R-MMU-69052	S:Switching of origins to a post-replicative state	S:1/141	S:48/2996	D:0.0208333333333333	D:0.442671394799054	D:-0.864914397552355	D:0.902966294044284	D:0.99617810459226	D:0.99617810459226	S:Psmd7	D:1	N:	N:	N:	N:	N:	N:	N:	N:	N:	N:	N:	N:	N:	N:
S:Skin	S:G1/s transition	S:FALSE	S:R-MMU-69206	S:G1/S Transition	S:1/141	S:49/2996	D:0.0204081632653061	D:0.433637284701114	D:-0.888193397990435	D:0.90760732272127	D:0.99617810459226	D:0.99617810459226	S:Psmd7	D:1	N:	N:	N:	N:	N:	N:	N:	N:	N:	N:	N:	N:	N:	N:
S:Skin	S:Dna replication pre-initiation	S:FALSE	S:R-MMU-69002	S:DNA Replication Pre-Initiation	S:1/141	S:50/2996	D:0.02	D:0.424964539007092	D:-0.911104458104791	D:0.912027874976547	D:0.99617810459226	D:0.99617810459226	S:Psmd7	D:1	N:	N:	N:	N:	N:	N:	N:	N:	N:	N:	N:	N:	N:	N:
S:Skin	S:Translation initiation complex formation	S:FALSE	S:R-MMU-72649	S:Translation initiation complex formation	S:1/141	S:50/2996	D:0.02	D:0.424964539007092	D:-0.911104458104791	D:0.912027874976547	D:0.99617810459226	D:0.99617810459226	S:Pabpc1	D:1	N:	N:	N:	N:	N:	N:	N:	N:	N:	N:	N:	N:	N:	N:
S:Skin	S:Activation of the mrna upon binding of the cap-binding complex and eifs, and subsequent binding to 43s	S:FALSE	S:R-MMU-72662	S:Activation of the mRNA upon binding of the cap-binding complex and eIFs, and subsequent binding to 43S	S:1/141	S:50/2996	D:0.02	D:0.424964539007092	D:-0.911104458104791	D:0.912027874976547	D:0.99617810459226	D:0.99617810459226	S:Pabpc1	D:1	N:	N:	N:	N:	N:	N:	N:	N:	N:	N:	N:	N:	N:	N:
S:Skin	S:Glucose metabolism	S:FALSE	S:R-MMU-70326	S:Glucose metabolism	S:1/141	S:51/2996	D:0.0196078431372549	D:0.416631900987345	D:-0.933662741472162	D:0.91623835346545	D:0.99617810459226	D:0.99617810459226	S:Pfkm	D:1	N:	N:	N:	N:	N:	N:	N:	N:	N:	N:	N:	N:	N:	N:
S:Skin	S:Cellular response to chemical stress	S:FALSE	S:R-MMU-9711123	S:Cellular response to chemical stress	S:2/141	S:86/2996	D:0.0232558139534884	D:0.494144812798944	D:-1.05763022176429	D:0.919936957321027	D:0.99617810459226	D:0.99617810459226	S:P4hb/Psmd7	D:2	N:	N:	N:	N:	N:	N:	N:	N:	N:	N:	N:	N:	N:	N:
S:Skin	S:Metabolism of nucleotides	S:FALSE	S:R-MMU-15869	S:Metabolism of nucleotides	S:1/141	S:52/2996	D:0.0192307692307692	D:0.408619749045281	D:-0.955882475509668	D:0.920248673384421	D:0.99617810459226	D:0.99617810459226	S:Adal	D:1	N:	N:	N:	N:	N:	N:	N:	N:	N:	N:	N:	N:	N:	N:
S:Skin	S:Esr-mediated signaling	S:FALSE	S:R-MMU-8939211	S:ESR-mediated signaling	S:1/141	S:52/2996	D:0.0192307692307692	D:0.408619749045281	D:-0.955882475509668	D:0.920248673384421	D:0.99617810459226	D:0.99617810459226	S:Kras	D:1	N:	N:	N:	N:	N:	N:	N:	N:	N:	N:	N:	N:	N:	N:
S:Skin	S:Cellular responses to stress	S:FALSE	S:R-MMU-2262752	S:Cellular responses to stress	S:7/141	S:229/2996	D:0.0305676855895196	D:0.649509120753198	D:-1.22629454365179	D:0.925067421674262	D:0.99617810459226	D:0.99617810459226	S:Camk2d/Hspa5/Hspa8/Hsph1/P4hb/Psmd7/Yme1l1	D:7	N:	N:	N:	N:	N:	N:	N:	N:	N:	N:	N:	N:	N:	N:
S:Skin	S:Toll like receptor 4 (tlr4) cascade	S:FALSE	S:R-MMU-166016	S:Toll Like Receptor 4 (TLR4) Cascade	S:1/141	S:54/2996	D:0.0185185185185185	D:0.393485684265826	D:-0.999358970639414	D:0.927706196059977	D:0.99617810459226	D:0.99617810459226	S:Rps6ka5	D:1	N:	N:	N:	N:	N:	N:	N:	N:	N:	N:	N:	N:	N:	N:
S:Skin	S:Gpcr downstream signalling	S:FALSE	S:R-MMU-388396	S:GPCR downstream signalling	S:2/141	S:89/2996	D:0.0224719101123595	D:0.477488246075384	D:-1.11191980359534	D:0.929002103298372	D:0.99617810459226	D:0.99617810459226	S:Kras/Pde4d	D:2	N:	N:	N:	N:	N:	N:	N:	N:	N:	N:	N:	N:	N:	N:
S:Skin	S:Tcr signaling	S:FALSE	S:R-MMU-202403	S:TCR signaling	S:1/141	S:55/2996	D:0.0181818181818182	D:0.386331399097357	D:-1.02064014978608	D:0.931170990878313	D:0.99617810459226	D:0.99617810459226	S:Psmd7	D:1	N:	N:	N:	N:	N:	N:	N:	N:	N:	N:	N:	N:	N:	N:
S:Skin	S:Mitotic g1 phase and g1/s transition	S:FALSE	S:R-MMU-453279	S:Mitotic G1 phase and G1/S transition	S:1/141	S:56/2996	D:0.0178571428571429	D:0.379432624113475	D:-1.04163173296616	D:0.934470851567248	D:0.99617810459226	D:0.99617810459226	S:Psmd7	D:1	N:	N:	N:	N:	N:	N:	N:	N:	N:	N:	N:	N:	N:	N:
S:Skin	S:Signaling by gpcr	S:FALSE	S:R-MMU-372790	S:Signaling by GPCR	S:2/141	S:91/2996	D:0.021978021978022	D:0.466993998908893	D:-1.147320200017	D:0.934501094176981	D:0.99617810459226	D:0.99617810459226	S:Kras/Pde4d	D:2	N:	N:	N:	N:	N:	N:	N:	N:	N:	N:	N:	N:	N:	N:
S:Skin	S:Platelet activation, signaling and aggregation	S:FALSE	S:R-MMU-76002	S:Platelet activation, signaling and aggregation	S:3/141	S:124/2996	D:0.0241935483870968	D:0.514070006863418	D:-1.2279968255146	D:0.938611117925028	D:0.99617810459226	D:0.99617810459226	S:Prkcb/Serpinf2/Syk	D:3	N:	N:	N:	N:	N:	N:	N:	N:	N:	N:	N:	N:	N:	N:
S:Skin	S:Synthesis of dna	S:FALSE	S:R-MMU-69239	S:Synthesis of DNA	S:1/141	S:58/2996	D:0.0172413793103448	D:0.366348740523355	D:-1.08278770786924	D:0.940606596032683	D:0.99617810459226	D:0.99617810459226	S:Psmd7	D:1	N:	N:	N:	N:	N:	N:	N:	N:	N:	N:	N:	N:	N:	N:
S:Skin	S:Interleukin-1 signaling	S:FALSE	S:R-MMU-9020702	S:Interleukin-1 signaling	S:1/141	S:58/2996	D:0.0172413793103448	D:0.366348740523355	D:-1.08278770786924	D:0.940606596032683	D:0.99617810459226	D:0.99617810459226	S:Psmd7	D:1	N:	N:	N:	N:	N:	N:	N:	N:	N:	N:	N:	N:	N:	N:
S:Skin	S:Metabolism of rna	S:FALSE	S:R-MMU-8953854	S:Metabolism of RNA	S:13/141	S:399/2996	D:0.0325814536340852	D:0.692298121189499	D:-1.46684942337669	D:0.950278375608995	D:0.99617810459226	D:0.99617810459226	S:Ddx46/Elavl1/Fyttd1/Hnrnpa2b1/Hnrnpk/Hnrnpu/Hspa8/Pabpc1/Papolg/Psmd7/Rbbp6/Srsf3/U2surp	D:13	N:	N:	N:	N:	N:	N:	N:	N:	N:	N:	N:	N:	N:	N:
S:Skin	S:Innate immune system	S:FALSE	S:R-MMU-168249	S:Innate Immune System	S:15/141	S:449/2996	D:0.0334075723830735	D:0.709851679855945	D:-1.48160921990113	D:0.950683255411481	D:0.99617810459226	D:0.99617810459226	S:Arpc2/C8a/Erp44/Hspa8/Icam2/Iqgap2/Kras/Mif/Mlec/Ppp3ca/Psmd7/Rab14/Rps6ka5/Syk/Yes1	D:15	N:	N:	N:	N:	N:	N:	N:	N:	N:	N:	N:	N:	N:	N:
S:Skin	S:Interleukin-1 family signaling	S:FALSE	S:R-MMU-446652	S:Interleukin-1 family signaling	S:1/141	S:62/2996	D:0.0161290322580645	D:0.342713337908945	D:-1.16205189407562	D:0.951218385593019	D:0.99617810459226	D:0.99617810459226	S:Psmd7	D:1	N:	N:	N:	N:	N:	N:	N:	N:	N:	N:	N:	N:	N:	N:
S:Skin	S:Dna replication	S:FALSE	S:R-MMU-69306	S:DNA Replication	S:1/141	S:62/2996	D:0.0161290322580645	D:0.342713337908945	D:-1.16205189407562	D:0.951218385593019	D:0.99617810459226	D:0.99617810459226	S:Psmd7	D:1	N:	N:	N:	N:	N:	N:	N:	N:	N:	N:	N:	N:	N:	N:
S:Skin	S:Tcf dependent signaling in response to wnt	S:FALSE	S:R-MMU-201681	S:TCF dependent signaling in response to WNT	S:1/141	S:63/2996	D:0.0158730158730159	D:0.337273443656422	D:-1.18128184758915	D:0.953562696305829	D:0.99617810459226	D:0.99617810459226	S:Psmd7	D:1	N:	N:	N:	N:	N:	N:	N:	N:	N:	N:	N:	N:	N:	N:
S:Skin	S:Platelet degranulation	S:FALSE	S:R-MMU-114608	S:Platelet degranulation	S:1/141	S:64/2996	D:0.015625	D:0.332003546099291	D:-1.20029245020246	D:0.955795106745951	D:0.99617810459226	D:0.99617810459226	S:Serpinf2	D:1	N:	N:	N:	N:	N:	N:	N:	N:	N:	N:	N:	N:	N:	N:
S:Skin	S:Pten regulation	S:FALSE	S:R-MMU-6807070	S:PTEN Regulation	S:1/141	S:64/2996	D:0.015625	D:0.332003546099291	D:-1.20029245020246	D:0.955795106745951	D:0.99617810459226	D:0.99617810459226	S:Psmd7	D:1	N:	N:	N:	N:	N:	N:	N:	N:	N:	N:	N:	N:	N:	N:
S:Skin	S:Transcriptional regulation by runx1	S:FALSE	S:R-MMU-8878171	S:Transcriptional regulation by RUNX1	S:1/141	S:65/2996	D:0.0153846153846154	D:0.326895799236225	D:-1.21909060243081	D:0.957920921871743	D:0.99617810459226	D:0.99617810459226	S:Psmd7	D:1	N:	N:	N:	N:	N:	N:	N:	N:	N:	N:	N:	N:	N:	N:
S:Skin	S:Pip3 activates akt signaling	S:FALSE	S:R-MMU-1257604	S:PIP3 activates AKT signaling	S:2/141	S:102/2996	D:0.0196078431372549	D:0.416631900987345	D:-1.33198217282556	D:0.958240825740154	D:0.99617810459226	D:0.99617810459226	S:Irs1/Psmd7	D:2	N:	N:	N:	N:	N:	N:	N:	N:	N:	N:	N:	N:	N:	N:
S:Skin	S:Sumo e3 ligases sumoylate target proteins	S:FALSE	S:R-MMU-3108232	S:SUMO E3 ligases SUMOylate target proteins	S:1/141	S:67/2996	D:0.0149253731343284	D:0.317137715676934	D:-1.25607553109939	D:0.961872748828262	D:0.99617810459226	D:0.99617810459226	S:Hnrnpk	D:1	N:	N:	N:	N:	N:	N:	N:	N:	N:	N:	N:	N:	N:	N:
S:Skin	S:Sumoylation	S:FALSE	S:R-MMU-2990846	S:SUMOylation	S:1/141	S:69/2996	D:0.0144927536231884	D:0.307945318121081	D:-1.29228561082662	D:0.96545582783252	D:0.99617810459226	D:0.99617810459226	S:Hnrnpk	D:1	N:	N:	N:	N:	N:	N:	N:	N:	N:	N:	N:	N:	N:	N:
S:Skin	S:S phase	S:FALSE	S:R-MMU-69242	S:S Phase	S:1/141	S:70/2996	D:0.0142857142857143	D:0.30354609929078	D:-1.31011418119946	D:0.967119896256031	D:0.99617810459226	D:0.99617810459226	S:Psmd7	D:1	N:	N:	N:	N:	N:	N:	N:	N:	N:	N:	N:	N:	N:	N:
S:Skin	S:Toll-like receptor cascades	S:FALSE	S:R-MMU-168898	S:Toll-like Receptor Cascades	S:1/141	S:71/2996	D:0.0140845070422535	D:0.299270802117671	D:-1.3277654589547	D:0.968704344180808	D:0.99617810459226	D:0.99617810459226	S:Rps6ka5	D:1	N:	N:	N:	N:	N:	N:	N:	N:	N:	N:	N:	N:	N:	N:
S:Skin	S:Neutrophil degranulation	S:FALSE	S:R-MMU-6798695	S:Neutrophil degranulation	S:7/141	S:260/2996	D:0.0269230769230769	D:0.572067648663393	D:-1.60438525101765	D:0.968911068677093	D:0.99617810459226	D:0.99617810459226	S:Erp44/Hspa8/Iqgap2/Mif/Mlec/Psmd7/Rab14	D:7	N:	N:	N:	N:	N:	N:	N:	N:	N:	N:	N:	N:	N:	N:
S:Skin	S:Intracellular signaling by second messengers	S:FALSE	S:R-MMU-9006925	S:Intracellular signaling by second messengers	S:2/141	S:110/2996	D:0.0181818181818182	D:0.386331399097357	D:-1.45709207211664	D:0.970094066267977	D:0.99617810459226	D:0.99617810459226	S:Irs1/Psmd7	D:2	N:	N:	N:	N:	N:	N:	N:	N:	N:	N:	N:	N:	N:	N:
S:Skin	S:Srp-dependent cotranslational protein targeting to membrane	S:FALSE	S:R-MMU-1799339	S:SRP-dependent cotranslational protein targeting to membrane	S:1/141	S:73/2996	D:0.0136986301369863	D:0.291071602059652	D:-1.3625558392843	D:0.9716493346612	D:0.99617810459226	D:0.99617810459226	S:Srp72	D:1	N:	N:	N:	N:	N:	N:	N:	N:	N:	N:	N:	N:	N:	N:
S:Skin	S:Nonsense mediated decay (nmd) independent of the exon junction complex (ejc)	S:FALSE	S:R-MMU-975956	S:Nonsense Mediated Decay (NMD) independent of the Exon Junction Complex (EJC)	S:1/141	S:76/2996	D:0.0131578947368421	D:0.279581933557297	D:-1.41352950872288	D:0.975558627950525	D:0.99617810459226	D:0.99617810459226	S:Pabpc1	D:1	N:	N:	N:	N:	N:	N:	N:	N:	N:	N:	N:	N:	N:	N:
S:Skin	S:Ribosome quality control (rqc) complex extracts and degrades nascent peptide	S:FALSE	S:R-MMU-9954709	S:Ribosome Quality Control (RQC) complex extracts and degrades nascent peptide	S:1/141	S:76/2996	D:0.0131578947368421	D:0.279581933557297	D:-1.41352950872288	D:0.975558627950525	D:0.99617810459226	D:0.99617810459226	S:Psmd7	D:1	N:	N:	N:	N:	N:	N:	N:	N:	N:	N:	N:	N:	N:	N:
S:Skin	S:Neddylation	S:FALSE	S:R-MMU-8951664	S:Neddylation	S:1/141	S:77/2996	D:0.012987012987013	D:0.275950999355255	D:-1.43021453354933	D:0.976738844888531	D:0.99617810459226	D:0.99617810459226	S:Psmd7	D:1	N:	N:	N:	N:	N:	N:	N:	N:	N:	N:	N:	N:	N:	N:
S:Skin	S:Aerobic respiration and respiratory electron transport	S:FALSE	S:R-MMU-1428517	S:Aerobic respiration and respiratory electron transport	S:2/141	S:118/2996	D:0.0169491525423729	D:0.360139439836519	D:-1.57574473291594	D:0.97868750410584	D:0.99617810459226	D:0.99617810459226	S:Dlat/Pdp1	D:2	N:	N:	N:	N:	N:	N:	N:	N:	N:	N:	N:	N:	N:	N:
S:Skin	S:Nonsense-mediated decay (nmd)	S:FALSE	S:R-MMU-927802	S:Nonsense-Mediated Decay (NMD)	S:1/141	S:85/2996	D:0.0117647058823529	D:0.249979140592407	D:-1.5587146440291	D:0.984353952924376	D:0.99617810459226	D:0.99617810459226	S:Pabpc1	D:1	N:	N:	N:	N:	N:	N:	N:	N:	N:	N:	N:	N:	N:	N:
S:Skin	S:Nonsense mediated decay (nmd) enhanced by the exon junction complex (ejc)	S:FALSE	S:R-MMU-975957	S:Nonsense Mediated Decay (NMD) enhanced by the Exon Junction Complex (EJC)	S:1/141	S:85/2996	D:0.0117647058823529	D:0.249979140592407	D:-1.5587146440291	D:0.984353952924376	D:0.99617810459226	D:0.99617810459226	S:Pabpc1	D:1	N:	N:	N:	N:	N:	N:	N:	N:	N:	N:	N:	N:	N:	N:
S:Skin	S:Generic transcription pathway	S:FALSE	S:R-MMU-212436	S:Generic Transcription Pathway	S:4/141	S:196/2996	D:0.0204081632653061	D:0.433637284701114	D:-1.82242048564657	D:0.986135599403823	D:0.99617810459226	D:0.99617810459226	S:Jmy/Prkab2/Psmd7/Ywhag	D:4	N:	N:	N:	N:	N:	N:	N:	N:	N:	N:	N:	N:	N:	N:
S:Skin	S:L13a-mediated translational silencing of ceruloplasmin expression	S:FALSE	S:R-MMU-156827	S:L13a-mediated translational silencing of Ceruloplasmin expression	S:1/141	S:90/2996	D:0.0111111111111111	D:0.236091410559496	D:-1.63500752733904	D:0.987795600133259	D:0.99617810459226	D:0.99617810459226	S:Pabpc1	D:1	N:	N:	N:	N:	N:	N:	N:	N:	N:	N:	N:	N:	N:	N:
S:Skin	S:Rna polymerase ii transcription	S:FALSE	S:R-MMU-73857	S:RNA Polymerase II Transcription	S:6/141	S:265/2996	D:0.0226415094339623	D:0.481091930951425	D:-1.96588190104512	D:0.989387111547637	D:0.99617810459226	D:0.99617810459226	S:Fyttd1/Jmy/Prkab2/Psmd7/Srsf3/Ywhag	D:6	N:	N:	N:	N:	N:	N:	N:	N:	N:	N:	N:	N:	N:	N:
S:Skin	S:Eukaryotic translation initiation	S:FALSE	S:R-MMU-72613	S:Eukaryotic Translation Initiation	S:1/141	S:97/2996	D:0.0103092783505155	D:0.21905388608613	D:-1.73735168978736	D:0.991387032234954	D:0.99617810459226	D:0.99617810459226	S:Pabpc1	D:1	N:	N:	N:	N:	N:	N:	N:	N:	N:	N:	N:	N:	N:	N:
S:Skin	S:Cap-dependent translation initiation	S:FALSE	S:R-MMU-72737	S:Cap-dependent Translation Initiation	S:1/141	S:97/2996	D:0.0103092783505155	D:0.21905388608613	D:-1.73735168978736	D:0.991387032234954	D:0.99617810459226	D:0.99617810459226	S:Pabpc1	D:1	N:	N:	N:	N:	N:	N:	N:	N:	N:	N:	N:	N:	N:	N:
S:Skin	S:Ribosome-associated quality control	S:FALSE	S:R-MMU-9948299	S:Ribosome-associated quality control	S:1/141	S:111/2996	D:0.00900900900900901	D:0.191425468021213	D:-1.92891705086571	D:0.995721433420702	D:0.99617810459226	D:0.99617810459226	S:Psmd7	D:1	N:	N:	N:	N:	N:	N:	N:	N:	N:	N:	N:	N:	N:	N:
S:Skin	S:Gene expression (transcription)	S:FALSE	S:R-MMU-74160	S:Gene expression (Transcription)	S:6/141	S:292/2996	D:0.0205479452054795	D:0.436607403089478	D:-2.25166683684166	D:0.995862390603447	D:0.99617810459226	D:0.99617810459226	S:Fyttd1/Jmy/Prkab2/Psmd7/Srsf3/Ywhag	D:6	N:	N:	N:	N:	N:	N:	N:	N:	N:	N:	N:	N:	N:	N:
S:Skin	S:Translation	S:FALSE	S:R-MMU-72766	S:Translation	S:3/141	S:195/2996	D:0.0153846153846154	D:0.326895799236225	D:-2.15997122534209	D:0.99617810459226	D:0.99617810459226	D:0.99617810459226	S:Pabpc1/Psmd7/Srp72	D:3	N:	N:	N:	N:	N:	N:	N:	N:	N:	N:	N:	N:	N:	N:
N:	N:	N:	N:	N:	N:	N:	N:	N:	N:	N:	N:	N:	N:	N:	N:	N:	N:	N:	N:	N:	N:	N:	N:	N:	N:	N:	N:	N:
N:	N:	N:	N:	N:	N:	N:	N:	N:	N:	N:	N:	N:	N:	N:	N:	N:	N:	N:	N:	N:	N:	N:	N:	N:	N:	N:	N:	N:
S:Source	S:panel_review_SRdown_bothFDR_matched/F4_SF5_bothFDR_tissue_convergence_genes.csv	N:	N:	N:	N:	N:	N:	N:	N:	N:	N:	N:	N:	N:	N:	N:	N:	N:	N:	N:	N:	N:	N:	N:	N:	N:	N:	N:
S:Description	S:Skin convergence genes used for the ORA.	N:	N:	N:	N:	N:	N:	N:	N:	N:	N:	N:	N:	N:	N:	N:	N:	N:	N:	N:	N:	N:	N:	N:	N:	N:	N:	N:
N:	N:	N:	N:	N:	N:	N:	N:	N:	N:	N:	N:	N:	N:	N:	N:	N:	N:	N:	N:	N:	N:	N:	N:	N:	N:	N:	N:	N:
S:tissue	S:gene	S:feature_mouse	S:rna_slope	S:protein_layers_down	N:	N:	N:	N:	N:	N:	N:	N:	N:	N:	N:	N:	N:	N:	N:	N:	N:	N:	N:	N:	N:	N:	N:	N:
S:Skin	S:ABCB7	S:Abcb7	D:-0.0256565217234828	S:WTL	N:	N:	N:	N:	N:	N:	N:	N:	N:	N:	N:	N:	N:	N:	N:	N:	N:	N:	N:	N:	N:	N:	N:	N:
S:Skin	S:ABLIM2	S:Ablim2	D:-0.00307556892025128	S:WTL	N:	N:	N:	N:	N:	N:	N:	N:	N:	N:	N:	N:	N:	N:	N:	N:	N:	N:	N:	N:	N:	N:	N:	N:
S:Skin	S:ACADL	S:Acadl	D:-0.0092048800178554	S:WTL	N:	N:	N:	N:	N:	N:	N:	N:	N:	N:	N:	N:	N:	N:	N:	N:	N:	N:	N:	N:	N:	N:	N:	N:
S:Skin	S:ACADSB	S:Acadsb	D:-0.0112474967887603	S:WTL	N:	N:	N:	N:	N:	N:	N:	N:	N:	N:	N:	N:	N:	N:	N:	N:	N:	N:	N:	N:	N:	N:	N:	N:
S:Skin	S:ACSBG2	S:Acsbg2	D:-0.00163451446157399	S:WTL	N:	N:	N:	N:	N:	N:	N:	N:	N:	N:	N:	N:	N:	N:	N:	N:	N:	N:	N:	N:	N:	N:	N:	N:
S:Skin	S:ACTA1	S:Acta1	D:-0.0206481057148882	S:LSF;WTL	N:	N:	N:	N:	N:	N:	N:	N:	N:	N:	N:	N:	N:	N:	N:	N:	N:	N:	N:	N:	N:	N:	N:	N:
S:Skin	S:ADAL	S:Adal	D:-0.00201112673568605	S:WTL	N:	N:	N:	N:	N:	N:	N:	N:	N:	N:	N:	N:	N:	N:	N:	N:	N:	N:	N:	N:	N:	N:	N:	N:
S:Skin	S:ADD3	S:Add3	D:-0.00478022321020299	S:LSF	N:	N:	N:	N:	N:	N:	N:	N:	N:	N:	N:	N:	N:	N:	N:	N:	N:	N:	N:	N:	N:	N:	N:	N:
S:Skin	S:AIFM1	S:Aifm1	D:-0.00251885687034759	S:LSF;WTL	N:	N:	N:	N:	N:	N:	N:	N:	N:	N:	N:	N:	N:	N:	N:	N:	N:	N:	N:	N:	N:	N:	N:	N:
S:Skin	S:ALDH18A1	S:Aldh18a1	D:-0.0139993844209028	S:LSF;WTL	N:	N:	N:	N:	N:	N:	N:	N:	N:	N:	N:	N:	N:	N:	N:	N:	N:	N:	N:	N:	N:	N:	N:	N:
S:Skin	S:ALDH1L1	S:Aldh1l1	D:-0.0109728483078152	S:WTL	N:	N:	N:	N:	N:	N:	N:	N:	N:	N:	N:	N:	N:	N:	N:	N:	N:	N:	N:	N:	N:	N:	N:	N:
S:Skin	S:ALS2	S:Als2	D:-0.00192814603831639	S:WTL	N:	N:	N:	N:	N:	N:	N:	N:	N:	N:	N:	N:	N:	N:	N:	N:	N:	N:	N:	N:	N:	N:	N:	N:
S:Skin	S:AOC3	S:Aoc3	D:-0.0209381879847185	S:WTL	N:	N:	N:	N:	N:	N:	N:	N:	N:	N:	N:	N:	N:	N:	N:	N:	N:	N:	N:	N:	N:	N:	N:	N:
S:Skin	S:AP3B1	S:Ap3b1	D:-0.00665081219529135	S:LSF;WTL	N:	N:	N:	N:	N:	N:	N:	N:	N:	N:	N:	N:	N:	N:	N:	N:	N:	N:	N:	N:	N:	N:	N:	N:
S:Skin	S:AP3M1	S:Ap3m1	D:-0.0031324342523887	S:WTL	N:	N:	N:	N:	N:	N:	N:	N:	N:	N:	N:	N:	N:	N:	N:	N:	N:	N:	N:	N:	N:	N:	N:	N:
S:Skin	S:APPL1	S:Appl1	D:-0.00793718056917683	S:LSF	N:	N:	N:	N:	N:	N:	N:	N:	N:	N:	N:	N:	N:	N:	N:	N:	N:	N:	N:	N:	N:	N:	N:	N:
S:Skin	S:ARMC1	S:Armc1	D:-0.00675408837217801	S:LSF;WTL	N:	N:	N:	N:	N:	N:	N:	N:	N:	N:	N:	N:	N:	N:	N:	N:	N:	N:	N:	N:	N:	N:	N:	N:
S:Skin	S:ARPC2	S:Arpc2	D:-0.00118548614549181	S:LSF	N:	N:	N:	N:	N:	N:	N:	N:	N:	N:	N:	N:	N:	N:	N:	N:	N:	N:	N:	N:	N:	N:	N:	N:
S:Skin	S:ATP2C1	S:Atp2c1	D:-0.0135375939509288	S:WTL	N:	N:	N:	N:	N:	N:	N:	N:	N:	N:	N:	N:	N:	N:	N:	N:	N:	N:	N:	N:	N:	N:	N:	N:
S:Skin	S:ATXN2	S:Atxn2	D:-0.0141249522219718	S:LSF;WTL	N:	N:	N:	N:	N:	N:	N:	N:	N:	N:	N:	N:	N:	N:	N:	N:	N:	N:	N:	N:	N:	N:	N:	N:
S:Skin	S:BNIP3	S:Bnip3	D:-0.00280240589493509	S:WTL	N:	N:	N:	N:	N:	N:	N:	N:	N:	N:	N:	N:	N:	N:	N:	N:	N:	N:	N:	N:	N:	N:	N:	N:
S:Skin	S:BZW2	S:Bzw2	D:-0.000913614222015487	S:WTL	N:	N:	N:	N:	N:	N:	N:	N:	N:	N:	N:	N:	N:	N:	N:	N:	N:	N:	N:	N:	N:	N:	N:	N:
S:Skin	S:C1QTNF3	S:C1qtnf3	D:-0.0404894087998207	S:WTL	N:	N:	N:	N:	N:	N:	N:	N:	N:	N:	N:	N:	N:	N:	N:	N:	N:	N:	N:	N:	N:	N:	N:	N:
S:Skin	S:C8A	S:C8a	D:-0.102380823736105	S:LSF;WTL	N:	N:	N:	N:	N:	N:	N:	N:	N:	N:	N:	N:	N:	N:	N:	N:	N:	N:	N:	N:	N:	N:	N:	N:
S:Skin	S:CALR	S:Calr	D:-0.0219308620665957	S:LSF;WTL	N:	N:	N:	N:	N:	N:	N:	N:	N:	N:	N:	N:	N:	N:	N:	N:	N:	N:	N:	N:	N:	N:	N:	N:
S:Skin	S:CAMK2D	S:Camk2d	D:-0.00757385371726657	S:LSF	N:	N:	N:	N:	N:	N:	N:	N:	N:	N:	N:	N:	N:	N:	N:	N:	N:	N:	N:	N:	N:	N:	N:	N:
S:Skin	S:CANX	S:Canx	D:-0.024406966284995	S:LSF	N:	N:	N:	N:	N:	N:	N:	N:	N:	N:	N:	N:	N:	N:	N:	N:	N:	N:	N:	N:	N:	N:	N:	N:
S:Skin	S:CAPRIN1	S:Caprin1	D:-0.0103974375474683	S:LSF;WTL	N:	N:	N:	N:	N:	N:	N:	N:	N:	N:	N:	N:	N:	N:	N:	N:	N:	N:	N:	N:	N:	N:	N:	N:
S:Skin	S:CCDC47	S:Ccdc47	D:-0.00478386458148504	S:WTL	N:	N:	N:	N:	N:	N:	N:	N:	N:	N:	N:	N:	N:	N:	N:	N:	N:	N:	N:	N:	N:	N:	N:	N:
S:Skin	S:CFL2	S:Cfl2	D:-0.0197870317153422	S:WTL	N:	N:	N:	N:	N:	N:	N:	N:	N:	N:	N:	N:	N:	N:	N:	N:	N:	N:	N:	N:	N:	N:	N:	N:
S:Skin	S:CHMP2B	S:Chmp2b	D:-0.02410595185015	S:WTL	N:	N:	N:	N:	N:	N:	N:	N:	N:	N:	N:	N:	N:	N:	N:	N:	N:	N:	N:	N:	N:	N:	N:	N:
S:Skin	S:CHST14	S:Chst14	D:-0.00646961088676902	S:WTL	N:	N:	N:	N:	N:	N:	N:	N:	N:	N:	N:	N:	N:	N:	N:	N:	N:	N:	N:	N:	N:	N:	N:	N:
S:Skin	S:CLASP2	S:Clasp2	D:-0.00768221816255336	S:WTL	N:	N:	N:	N:	N:	N:	N:	N:	N:	N:	N:	N:	N:	N:	N:	N:	N:	N:	N:	N:	N:	N:	N:	N:
S:Skin	S:CLIC5	S:Clic5	D:-0.015120128782697	S:WTL	N:	N:	N:	N:	N:	N:	N:	N:	N:	N:	N:	N:	N:	N:	N:	N:	N:	N:	N:	N:	N:	N:	N:	N:
S:Skin	S:CLINT1	S:Clint1	D:-0.00634567287928054	S:LSF	N:	N:	N:	N:	N:	N:	N:	N:	N:	N:	N:	N:	N:	N:	N:	N:	N:	N:	N:	N:	N:	N:	N:	N:
S:Skin	S:COPA	S:Copa	D:-0.00562753044185644	S:LSF;WTL	N:	N:	N:	N:	N:	N:	N:	N:	N:	N:	N:	N:	N:	N:	N:	N:	N:	N:	N:	N:	N:	N:	N:	N:
S:Skin	S:COPB2	S:Copb2	D:-0.0057182350854355	S:LSF;WTL	N:	N:	N:	N:	N:	N:	N:	N:	N:	N:	N:	N:	N:	N:	N:	N:	N:	N:	N:	N:	N:	N:	N:	N:
S:Skin	S:CPA3	S:Cpa3	D:-0.042565194094676	S:LSF	N:	N:	N:	N:	N:	N:	N:	N:	N:	N:	N:	N:	N:	N:	N:	N:	N:	N:	N:	N:	N:	N:	N:	N:
S:Skin	S:CYP20A1	S:Cyp20a1	D:-0.00340768005023284	S:LSF;WTL	N:	N:	N:	N:	N:	N:	N:	N:	N:	N:	N:	N:	N:	N:	N:	N:	N:	N:	N:	N:	N:	N:	N:	N:
S:Skin	S:DAAM1	S:Daam1	D:-0.000704231825450868	S:LSF	N:	N:	N:	N:	N:	N:	N:	N:	N:	N:	N:	N:	N:	N:	N:	N:	N:	N:	N:	N:	N:	N:	N:	N:
S:Skin	S:DAD1	S:Dad1	D:-0.0120765668737781	S:WTL	N:	N:	N:	N:	N:	N:	N:	N:	N:	N:	N:	N:	N:	N:	N:	N:	N:	N:	N:	N:	N:	N:	N:	N:
S:Skin	S:DDAH1	S:Ddah1	D:-0.0246097349077855	S:WTL	N:	N:	N:	N:	N:	N:	N:	N:	N:	N:	N:	N:	N:	N:	N:	N:	N:	N:	N:	N:	N:	N:	N:	N:
S:Skin	S:DDX46	S:Ddx46	D:-0.00013157302035378	S:LSF	N:	N:	N:	N:	N:	N:	N:	N:	N:	N:	N:	N:	N:	N:	N:	N:	N:	N:	N:	N:	N:	N:	N:	N:
S:Skin	S:DLAT	S:Dlat	D:-0.0105909083934784	S:LSF;WTL	N:	N:	N:	N:	N:	N:	N:	N:	N:	N:	N:	N:	N:	N:	N:	N:	N:	N:	N:	N:	N:	N:	N:	N:
S:Skin	S:DNAJA3	S:Dnaja3	D:-0.00522839390645416	S:WTL	N:	N:	N:	N:	N:	N:	N:	N:	N:	N:	N:	N:	N:	N:	N:	N:	N:	N:	N:	N:	N:	N:	N:	N:
S:Skin	S:DOCK10	S:Dock10	D:-0.00968262185906897	S:WTL	N:	N:	N:	N:	N:	N:	N:	N:	N:	N:	N:	N:	N:	N:	N:	N:	N:	N:	N:	N:	N:	N:	N:	N:
S:Skin	S:DPAGT1	S:Dpagt1	D:-0.00543075604320059	S:WTL	N:	N:	N:	N:	N:	N:	N:	N:	N:	N:	N:	N:	N:	N:	N:	N:	N:	N:	N:	N:	N:	N:	N:	N:
S:Skin	S:EIF4G2	S:Eif4g2	D:-0.00697928747341419	S:WTL	N:	N:	N:	N:	N:	N:	N:	N:	N:	N:	N:	N:	N:	N:	N:	N:	N:	N:	N:	N:	N:	N:	N:	N:
S:Skin	S:ELAVL1	S:Elavl1	D:-0.0105803534500405	S:LSF;WTL	N:	N:	N:	N:	N:	N:	N:	N:	N:	N:	N:	N:	N:	N:	N:	N:	N:	N:	N:	N:	N:	N:	N:	N:
S:Skin	S:EPB41L2	S:Epb41l2	D:-0.00588705068444701	S:LSF;WTL	N:	N:	N:	N:	N:	N:	N:	N:	N:	N:	N:	N:	N:	N:	N:	N:	N:	N:	N:	N:	N:	N:	N:	N:
S:Skin	S:ERLIN2	S:Erlin2	D:-0.0115495615229862	S:LSF;WTL	N:	N:	N:	N:	N:	N:	N:	N:	N:	N:	N:	N:	N:	N:	N:	N:	N:	N:	N:	N:	N:	N:	N:	N:
S:Skin	S:ERP44	S:Erp44	D:-0.00455266537817018	S:LSF;WTL	N:	N:	N:	N:	N:	N:	N:	N:	N:	N:	N:	N:	N:	N:	N:	N:	N:	N:	N:	N:	N:	N:	N:	N:
S:Skin	S:ESYT2	S:Esyt2	D:-0.00389247915787948	S:LSF;WTL	N:	N:	N:	N:	N:	N:	N:	N:	N:	N:	N:	N:	N:	N:	N:	N:	N:	N:	N:	N:	N:	N:	N:	N:
S:Skin	S:F3	S:F3	D:-0.00561650704974345	S:WTL	N:	N:	N:	N:	N:	N:	N:	N:	N:	N:	N:	N:	N:	N:	N:	N:	N:	N:	N:	N:	N:	N:	N:	N:
S:Skin	S:FAM120A	S:FAM120A	D:-0.0178843446816761	S:LSF	N:	N:	N:	N:	N:	N:	N:	N:	N:	N:	N:	N:	N:	N:	N:	N:	N:	N:	N:	N:	N:	N:	N:	N:
S:Skin	S:FAM120A	S:Fam120a	D:-0.0178843446816761	S:LSF	N:	N:	N:	N:	N:	N:	N:	N:	N:	N:	N:	N:	N:	N:	N:	N:	N:	N:	N:	N:	N:	N:	N:	N:
S:Skin	S:FAM98A	S:Fam98a	D:-0.00686549764260591	S:WTL	N:	N:	N:	N:	N:	N:	N:	N:	N:	N:	N:	N:	N:	N:	N:	N:	N:	N:	N:	N:	N:	N:	N:	N:
S:Skin	S:FARSB	S:Farsb	D:-0.00133015691951687	S:LSF;WTL	N:	N:	N:	N:	N:	N:	N:	N:	N:	N:	N:	N:	N:	N:	N:	N:	N:	N:	N:	N:	N:	N:	N:	N:
S:Skin	S:FBLN5	S:Fbln5	D:-0.0076941407751627	S:WTL	N:	N:	N:	N:	N:	N:	N:	N:	N:	N:	N:	N:	N:	N:	N:	N:	N:	N:	N:	N:	N:	N:	N:	N:
S:Skin	S:FKBP11	S:Fkbp11	D:-0.0339370240886003	S:LSF;WTL	N:	N:	N:	N:	N:	N:	N:	N:	N:	N:	N:	N:	N:	N:	N:	N:	N:	N:	N:	N:	N:	N:	N:	N:
S:Skin	S:FKBP7	S:Fkbp7	D:-0.0138604240176959	S:WTL	N:	N:	N:	N:	N:	N:	N:	N:	N:	N:	N:	N:	N:	N:	N:	N:	N:	N:	N:	N:	N:	N:	N:	N:
S:Skin	S:FMR1	S:Fmr1	D:-0.0410608331993984	S:LSF	N:	N:	N:	N:	N:	N:	N:	N:	N:	N:	N:	N:	N:	N:	N:	N:	N:	N:	N:	N:	N:	N:	N:	N:
S:Skin	S:FXR1	S:Fxr1	D:-0.00951055761601374	S:LSF;WTL	N:	N:	N:	N:	N:	N:	N:	N:	N:	N:	N:	N:	N:	N:	N:	N:	N:	N:	N:	N:	N:	N:	N:	N:
S:Skin	S:FYTTD1	S:Fyttd1	D:-0.00822067360098202	S:WTL	N:	N:	N:	N:	N:	N:	N:	N:	N:	N:	N:	N:	N:	N:	N:	N:	N:	N:	N:	N:	N:	N:	N:	N:
S:Skin	S:GBE1	S:Gbe1	D:-0.00307433476023744	S:WTL	N:	N:	N:	N:	N:	N:	N:	N:	N:	N:	N:	N:	N:	N:	N:	N:	N:	N:	N:	N:	N:	N:	N:	N:
S:Skin	S:GCC1	S:Gcc1	D:-0.00263449332871771	S:WTL	N:	N:	N:	N:	N:	N:	N:	N:	N:	N:	N:	N:	N:	N:	N:	N:	N:	N:	N:	N:	N:	N:	N:	N:
S:Skin	S:GFPT1	S:Gfpt1	D:-0.0237918320842136	S:LSF;WTL	N:	N:	N:	N:	N:	N:	N:	N:	N:	N:	N:	N:	N:	N:	N:	N:	N:	N:	N:	N:	N:	N:	N:	N:
S:Skin	S:GOLPH3	S:Golph3	D:-0.0252080941773372	S:WTL	N:	N:	N:	N:	N:	N:	N:	N:	N:	N:	N:	N:	N:	N:	N:	N:	N:	N:	N:	N:	N:	N:	N:	N:
S:Skin	S:GORASP2	S:Gorasp2	D:-0.00761985492781337	S:WTL	N:	N:	N:	N:	N:	N:	N:	N:	N:	N:	N:	N:	N:	N:	N:	N:	N:	N:	N:	N:	N:	N:	N:	N:
S:Skin	S:HLCS	S:Hlcs	D:-0.00395669282666994	S:WTL	N:	N:	N:	N:	N:	N:	N:	N:	N:	N:	N:	N:	N:	N:	N:	N:	N:	N:	N:	N:	N:	N:	N:	N:
S:Skin	S:HLTF	S:Hltf	D:-0.0060752607996833	S:WTL	N:	N:	N:	N:	N:	N:	N:	N:	N:	N:	N:	N:	N:	N:	N:	N:	N:	N:	N:	N:	N:	N:	N:	N:
S:Skin	S:HNRNPA2B1	S:Hnrnpa2b1	D:-0.0101514072672871	S:LSF	N:	N:	N:	N:	N:	N:	N:	N:	N:	N:	N:	N:	N:	N:	N:	N:	N:	N:	N:	N:	N:	N:	N:	N:
S:Skin	S:HNRNPH3	S:Hnrnph3	D:-0.00387633051658934	S:WTL	N:	N:	N:	N:	N:	N:	N:	N:	N:	N:	N:	N:	N:	N:	N:	N:	N:	N:	N:	N:	N:	N:	N:	N:
S:Skin	S:HNRNPK	S:Hnrnpk	D:-0.000203635292558469	S:LSF	N:	N:	N:	N:	N:	N:	N:	N:	N:	N:	N:	N:	N:	N:	N:	N:	N:	N:	N:	N:	N:	N:	N:	N:
S:Skin	S:HNRNPU	S:Hnrnpu	D:-0.00342374770600591	S:LSF	N:	N:	N:	N:	N:	N:	N:	N:	N:	N:	N:	N:	N:	N:	N:	N:	N:	N:	N:	N:	N:	N:	N:	N:
S:Skin	S:HSD17B12	S:Hsd17b12	D:-0.012726850816077	S:LSF	N:	N:	N:	N:	N:	N:	N:	N:	N:	N:	N:	N:	N:	N:	N:	N:	N:	N:	N:	N:	N:	N:	N:	N:
S:Skin	S:HSPA5	S:Hspa5	D:-0.00828662213436523	S:LSF;WTL	N:	N:	N:	N:	N:	N:	N:	N:	N:	N:	N:	N:	N:	N:	N:	N:	N:	N:	N:	N:	N:	N:	N:	N:
S:Skin	S:HSPA8	S:Hspa8	D:-0.0131384934749867	S:LSF;WTL	N:	N:	N:	N:	N:	N:	N:	N:	N:	N:	N:	N:	N:	N:	N:	N:	N:	N:	N:	N:	N:	N:	N:	N:
S:Skin	S:HSPD1	S:Hspd1	D:-0.00845511964832346	S:LSF;WTL	N:	N:	N:	N:	N:	N:	N:	N:	N:	N:	N:	N:	N:	N:	N:	N:	N:	N:	N:	N:	N:	N:	N:	N:
S:Skin	S:HSPH1	S:Hsph1	D:-0.0280719099703379	S:LSF;WTL	N:	N:	N:	N:	N:	N:	N:	N:	N:	N:	N:	N:	N:	N:	N:	N:	N:	N:	N:	N:	N:	N:	N:	N:
S:Skin	S:ICAM2	S:Icam2	D:-0.00106934822891578	S:WTL	N:	N:	N:	N:	N:	N:	N:	N:	N:	N:	N:	N:	N:	N:	N:	N:	N:	N:	N:	N:	N:	N:	N:	N:
S:Skin	S:IKBIP	S:Ikbip	D:-0.00723362700459507	S:WTL	N:	N:	N:	N:	N:	N:	N:	N:	N:	N:	N:	N:	N:	N:	N:	N:	N:	N:	N:	N:	N:	N:	N:	N:
S:Skin	S:IQGAP2	S:Iqgap2	D:-0.00235849561109267	S:LSF;WTL	N:	N:	N:	N:	N:	N:	N:	N:	N:	N:	N:	N:	N:	N:	N:	N:	N:	N:	N:	N:	N:	N:	N:	N:
S:Skin	S:IRS1	S:Irs1	D:-0.0150014360630844	S:WTL	N:	N:	N:	N:	N:	N:	N:	N:	N:	N:	N:	N:	N:	N:	N:	N:	N:	N:	N:	N:	N:	N:	N:	N:
S:Skin	S:ITGA2	S:Itga2	D:-0.0111162675517134	S:WTL	N:	N:	N:	N:	N:	N:	N:	N:	N:	N:	N:	N:	N:	N:	N:	N:	N:	N:	N:	N:	N:	N:	N:	N:
S:Skin	S:ITGA6	S:Itga6	D:-0.00856005101318487	S:LSF	N:	N:	N:	N:	N:	N:	N:	N:	N:	N:	N:	N:	N:	N:	N:	N:	N:	N:	N:	N:	N:	N:	N:	N:
S:Skin	S:JMY	S:Jmy	D:-0.0136490188663053	S:WTL	N:	N:	N:	N:	N:	N:	N:	N:	N:	N:	N:	N:	N:	N:	N:	N:	N:	N:	N:	N:	N:	N:	N:	N:
S:Skin	S:KHDRBS1	S:Khdrbs1	D:-0.00618125816502826	S:LSF;WTL	N:	N:	N:	N:	N:	N:	N:	N:	N:	N:	N:	N:	N:	N:	N:	N:	N:	N:	N:	N:	N:	N:	N:	N:
S:Skin	S:KIF2A	S:Kif2a	D:-0.00273883131991596	S:LSF;WTL	N:	N:	N:	N:	N:	N:	N:	N:	N:	N:	N:	N:	N:	N:	N:	N:	N:	N:	N:	N:	N:	N:	N:	N:
S:Skin	S:KIF3A	S:Kif3a	D:-0.000703100550298426	S:WTL	N:	N:	N:	N:	N:	N:	N:	N:	N:	N:	N:	N:	N:	N:	N:	N:	N:	N:	N:	N:	N:	N:	N:	N:
S:Skin	S:KPNA4	S:Kpna4	D:-0.0183577080350087	S:WTL	N:	N:	N:	N:	N:	N:	N:	N:	N:	N:	N:	N:	N:	N:	N:	N:	N:	N:	N:	N:	N:	N:	N:	N:
S:Skin	S:KRAS	S:Kras	D:-0.0123404325460766	S:LSF;WTL	N:	N:	N:	N:	N:	N:	N:	N:	N:	N:	N:	N:	N:	N:	N:	N:	N:	N:	N:	N:	N:	N:	N:	N:
S:Skin	S:LAMA2	S:Lama2	D:-0.00603378724180699	S:LSF;WTL	N:	N:	N:	N:	N:	N:	N:	N:	N:	N:	N:	N:	N:	N:	N:	N:	N:	N:	N:	N:	N:	N:	N:	N:
S:Skin	S:LMAN1	S:Lman1	D:-0.0127412502438897	S:LSF;WTL	N:	N:	N:	N:	N:	N:	N:	N:	N:	N:	N:	N:	N:	N:	N:	N:	N:	N:	N:	N:	N:	N:	N:	N:
S:Skin	S:LPGAT1	S:Lpgat1	D:-0.0162651583881612	S:LSF	N:	N:	N:	N:	N:	N:	N:	N:	N:	N:	N:	N:	N:	N:	N:	N:	N:	N:	N:	N:	N:	N:	N:	N:
S:Skin	S:LYPLA1	S:Lypla1	D:-0.0217353392054661	S:LSF;WTL	N:	N:	N:	N:	N:	N:	N:	N:	N:	N:	N:	N:	N:	N:	N:	N:	N:	N:	N:	N:	N:	N:	N:	N:
S:Skin	S:MAN2A1	S:Man2a1	D:-0.00736233528800879	S:LSF	N:	N:	N:	N:	N:	N:	N:	N:	N:	N:	N:	N:	N:	N:	N:	N:	N:	N:	N:	N:	N:	N:	N:	N:
S:Skin	S:MAN2B2	S:Man2b2	D:-0.00602126720036992	S:WTL	N:	N:	N:	N:	N:	N:	N:	N:	N:	N:	N:	N:	N:	N:	N:	N:	N:	N:	N:	N:	N:	N:	N:	N:
S:Skin	S:MANF	S:Manf	D:-0.00918120673914094	S:LSF;WTL	N:	N:	N:	N:	N:	N:	N:	N:	N:	N:	N:	N:	N:	N:	N:	N:	N:	N:	N:	N:	N:	N:	N:	N:
S:Skin	S:MBNL2	S:Mbnl2	D:-0.0223883121271307	S:WTL	N:	N:	N:	N:	N:	N:	N:	N:	N:	N:	N:	N:	N:	N:	N:	N:	N:	N:	N:	N:	N:	N:	N:	N:
S:Skin	S:MCCC1	S:Mccc1	D:-0.00694488328450435	S:WTL	N:	N:	N:	N:	N:	N:	N:	N:	N:	N:	N:	N:	N:	N:	N:	N:	N:	N:	N:	N:	N:	N:	N:	N:
S:Skin	S:MCCC2	S:Mccc2	D:-0.0142963035433041	S:LSF;WTL	N:	N:	N:	N:	N:	N:	N:	N:	N:	N:	N:	N:	N:	N:	N:	N:	N:	N:	N:	N:	N:	N:	N:	N:
S:Skin	S:MED23	S:Med23	D:-0.00338425590124666	S:WTL	N:	N:	N:	N:	N:	N:	N:	N:	N:	N:	N:	N:	N:	N:	N:	N:	N:	N:	N:	N:	N:	N:	N:	N:
S:Skin	S:METAP1	S:Metap1	D:-0.00946845943942604	S:WTL	N:	N:	N:	N:	N:	N:	N:	N:	N:	N:	N:	N:	N:	N:	N:	N:	N:	N:	N:	N:	N:	N:	N:	N:
S:Skin	S:MIA3	S:Mia3	D:-0.00827341162321457	S:WTL	N:	N:	N:	N:	N:	N:	N:	N:	N:	N:	N:	N:	N:	N:	N:	N:	N:	N:	N:	N:	N:	N:	N:	N:
S:Skin	S:MIF	S:Mif	D:-0.000344487668023253	S:LSF;WTL	N:	N:	N:	N:	N:	N:	N:	N:	N:	N:	N:	N:	N:	N:	N:	N:	N:	N:	N:	N:	N:	N:	N:	N:
S:Skin	S:MLEC	S:Mlec	D:-0.011086654460203	S:LSF;WTL	N:	N:	N:	N:	N:	N:	N:	N:	N:	N:	N:	N:	N:	N:	N:	N:	N:	N:	N:	N:	N:	N:	N:	N:
S:Skin	S:MPI	S:Mpi	D:-0.00125284883519493	S:WTL	N:	N:	N:	N:	N:	N:	N:	N:	N:	N:	N:	N:	N:	N:	N:	N:	N:	N:	N:	N:	N:	N:	N:	N:
S:Skin	S:MTDH	S:Mtdh	D:-0.00525970987200582	S:LSF;WTL	N:	N:	N:	N:	N:	N:	N:	N:	N:	N:	N:	N:	N:	N:	N:	N:	N:	N:	N:	N:	N:	N:	N:	N:
S:Skin	S:MTR	S:Mtr	D:-0.00110465312360686	S:WTL	N:	N:	N:	N:	N:	N:	N:	N:	N:	N:	N:	N:	N:	N:	N:	N:	N:	N:	N:	N:	N:	N:	N:	N:
S:Skin	S:MTX3	S:Mtx3	D:-0.00158448243687111	S:WTL	N:	N:	N:	N:	N:	N:	N:	N:	N:	N:	N:	N:	N:	N:	N:	N:	N:	N:	N:	N:	N:	N:	N:	N:
S:Skin	S:MYBPH	S:Mybph	D:-0.0178134350322606	S:WTL	N:	N:	N:	N:	N:	N:	N:	N:	N:	N:	N:	N:	N:	N:	N:	N:	N:	N:	N:	N:	N:	N:	N:	N:
S:Skin	S:MYL12A	S:Myl12a	D:-0.00266069319931432	S:LSF	N:	N:	N:	N:	N:	N:	N:	N:	N:	N:	N:	N:	N:	N:	N:	N:	N:	N:	N:	N:	N:	N:	N:	N:
S:Skin	S:NAA50	S:Naa50	D:-0.0200070867669675	S:LSF	N:	N:	N:	N:	N:	N:	N:	N:	N:	N:	N:	N:	N:	N:	N:	N:	N:	N:	N:	N:	N:	N:	N:	N:
S:Skin	S:NCOA6	S:Ncoa6	D:-0.00811868848199415	S:WTL	N:	N:	N:	N:	N:	N:	N:	N:	N:	N:	N:	N:	N:	N:	N:	N:	N:	N:	N:	N:	N:	N:	N:	N:
S:Skin	S:NFATC1	S:Nfatc1	D:-0.0133905335228174	S:WTL	N:	N:	N:	N:	N:	N:	N:	N:	N:	N:	N:	N:	N:	N:	N:	N:	N:	N:	N:	N:	N:	N:	N:	N:
S:Skin	S:NID2	S:Nid2	D:-0.0173766253321648	S:WTL	N:	N:	N:	N:	N:	N:	N:	N:	N:	N:	N:	N:	N:	N:	N:	N:	N:	N:	N:	N:	N:	N:	N:	N:
S:Skin	S:OCIAD1	S:Ociad1	D:-0.00323792186346823	S:WTL	N:	N:	N:	N:	N:	N:	N:	N:	N:	N:	N:	N:	N:	N:	N:	N:	N:	N:	N:	N:	N:	N:	N:	N:
S:Skin	S:OSBPL9	S:Osbpl9	D:-0.00476619582838697	S:WTL	N:	N:	N:	N:	N:	N:	N:	N:	N:	N:	N:	N:	N:	N:	N:	N:	N:	N:	N:	N:	N:	N:	N:	N:
S:Skin	S:OXCT1	S:Oxct1	D:-0.0162605121672457	S:LSF	N:	N:	N:	N:	N:	N:	N:	N:	N:	N:	N:	N:	N:	N:	N:	N:	N:	N:	N:	N:	N:	N:	N:	N:
S:Skin	S:P4HB	S:P4hb	D:-0.00340417947005623	S:LSF;WTL	N:	N:	N:	N:	N:	N:	N:	N:	N:	N:	N:	N:	N:	N:	N:	N:	N:	N:	N:	N:	N:	N:	N:	N:
S:Skin	S:PABPC1	S:Pabpc1	D:-0.00775417023210126	S:LSF	N:	N:	N:	N:	N:	N:	N:	N:	N:	N:	N:	N:	N:	N:	N:	N:	N:	N:	N:	N:	N:	N:	N:	N:
S:Skin	S:PAPOLG	S:Papolg	D:-0.0137982491987848	S:WTL	N:	N:	N:	N:	N:	N:	N:	N:	N:	N:	N:	N:	N:	N:	N:	N:	N:	N:	N:	N:	N:	N:	N:	N:
S:Skin	S:PCM1	S:Pcm1	D:-0.00101550826443526	S:WTL	N:	N:	N:	N:	N:	N:	N:	N:	N:	N:	N:	N:	N:	N:	N:	N:	N:	N:	N:	N:	N:	N:	N:	N:
S:Skin	S:PCP4L1	S:Pcp4l1	D:-0.00863880002816876	S:WTL	N:	N:	N:	N:	N:	N:	N:	N:	N:	N:	N:	N:	N:	N:	N:	N:	N:	N:	N:	N:	N:	N:	N:	N:
S:Skin	S:PDE4D	S:Pde4d	D:-0.0224487789686625	S:WTL	N:	N:	N:	N:	N:	N:	N:	N:	N:	N:	N:	N:	N:	N:	N:	N:	N:	N:	N:	N:	N:	N:	N:	N:
S:Skin	S:PDIA3	S:Pdia3	D:-0.00823055255183464	S:LSF;WTL	N:	N:	N:	N:	N:	N:	N:	N:	N:	N:	N:	N:	N:	N:	N:	N:	N:	N:	N:	N:	N:	N:	N:	N:
S:Skin	S:PDP1	S:Pdp1	D:-0.00258372771280326	S:LSF;WTL	N:	N:	N:	N:	N:	N:	N:	N:	N:	N:	N:	N:	N:	N:	N:	N:	N:	N:	N:	N:	N:	N:	N:	N:
S:Skin	S:PFKM	S:Pfkm	D:-0.017454235612123	S:LSF;WTL	N:	N:	N:	N:	N:	N:	N:	N:	N:	N:	N:	N:	N:	N:	N:	N:	N:	N:	N:	N:	N:	N:	N:	N:
S:Skin	S:PHKB	S:Phkb	D:-0.013173294883	S:LSF;WTL	N:	N:	N:	N:	N:	N:	N:	N:	N:	N:	N:	N:	N:	N:	N:	N:	N:	N:	N:	N:	N:	N:	N:	N:
S:Skin	S:PHLDB2	S:Phldb2	D:-0.0115675513308733	S:WTL	N:	N:	N:	N:	N:	N:	N:	N:	N:	N:	N:	N:	N:	N:	N:	N:	N:	N:	N:	N:	N:	N:	N:	N:
S:Skin	S:PITPNB	S:Pitpnb	D:-0.00600674243930327	S:LSF	N:	N:	N:	N:	N:	N:	N:	N:	N:	N:	N:	N:	N:	N:	N:	N:	N:	N:	N:	N:	N:	N:	N:	N:
S:Skin	S:PITPNM2	S:Pitpnm2	D:-0.00303501071104855	S:WTL	N:	N:	N:	N:	N:	N:	N:	N:	N:	N:	N:	N:	N:	N:	N:	N:	N:	N:	N:	N:	N:	N:	N:	N:
S:Skin	S:PKN2	S:Pkn2	D:-0.0145383653010839	S:WTL	N:	N:	N:	N:	N:	N:	N:	N:	N:	N:	N:	N:	N:	N:	N:	N:	N:	N:	N:	N:	N:	N:	N:	N:
S:Skin	S:PPFIBP1	S:Ppfibp1	D:-0.00178078509066948	S:LSF;WTL	N:	N:	N:	N:	N:	N:	N:	N:	N:	N:	N:	N:	N:	N:	N:	N:	N:	N:	N:	N:	N:	N:	N:	N:
S:Skin	S:PPP1R7	S:Ppp1r7	D:-0.00225315047925825	S:LSF;WTL	N:	N:	N:	N:	N:	N:	N:	N:	N:	N:	N:	N:	N:	N:	N:	N:	N:	N:	N:	N:	N:	N:	N:	N:
S:Skin	S:PPP3CA	S:Ppp3ca	D:-0.0274391450890733	S:LSF;WTL	N:	N:	N:	N:	N:	N:	N:	N:	N:	N:	N:	N:	N:	N:	N:	N:	N:	N:	N:	N:	N:	N:	N:	N:
S:Skin	S:PRKAB2	S:Prkab2	D:-0.00265504842269181	S:WTL	N:	N:	N:	N:	N:	N:	N:	N:	N:	N:	N:	N:	N:	N:	N:	N:	N:	N:	N:	N:	N:	N:	N:	N:
S:Skin	S:PRKCB	S:Prkcb	D:-0.014064938166445	S:WTL	N:	N:	N:	N:	N:	N:	N:	N:	N:	N:	N:	N:	N:	N:	N:	N:	N:	N:	N:	N:	N:	N:	N:	N:
S:Skin	S:PRKCQ	S:Prkcq	D:-0.000326171960083588	S:WTL	N:	N:	N:	N:	N:	N:	N:	N:	N:	N:	N:	N:	N:	N:	N:	N:	N:	N:	N:	N:	N:	N:	N:	N:
S:Skin	S:PRKDC	S:Prkdc	D:-0.00374420010350506	S:WTL	N:	N:	N:	N:	N:	N:	N:	N:	N:	N:	N:	N:	N:	N:	N:	N:	N:	N:	N:	N:	N:	N:	N:	N:
S:Skin	S:PRRC2C	S:Prrc2c	D:-0.00342614708858406	S:WTL	N:	N:	N:	N:	N:	N:	N:	N:	N:	N:	N:	N:	N:	N:	N:	N:	N:	N:	N:	N:	N:	N:	N:	N:
S:Skin	S:PSMD7	S:Psmd7	D:-0.000844457939823248	S:WTL	N:	N:	N:	N:	N:	N:	N:	N:	N:	N:	N:	N:	N:	N:	N:	N:	N:	N:	N:	N:	N:	N:	N:	N:
S:Skin	S:PSME2	S:Psme2	D:-0.00176125181969153	S:LSF	N:	N:	N:	N:	N:	N:	N:	N:	N:	N:	N:	N:	N:	N:	N:	N:	N:	N:	N:	N:	N:	N:	N:	N:
S:Skin	S:PTER	S:Pter	D:-0.00250599734394967	S:WTL	N:	N:	N:	N:	N:	N:	N:	N:	N:	N:	N:	N:	N:	N:	N:	N:	N:	N:	N:	N:	N:	N:	N:	N:
S:Skin	S:PUM1	S:Pum1	D:-0.0116174277732853	S:WTL	N:	N:	N:	N:	N:	N:	N:	N:	N:	N:	N:	N:	N:	N:	N:	N:	N:	N:	N:	N:	N:	N:	N:	N:
S:Skin	S:PURA	S:Pura	D:-0.0185125298347182	S:LSF;WTL	N:	N:	N:	N:	N:	N:	N:	N:	N:	N:	N:	N:	N:	N:	N:	N:	N:	N:	N:	N:	N:	N:	N:	N:
S:Skin	S:QRICH1	S:Qrich1	D:-0.00395525650941559	S:WTL	N:	N:	N:	N:	N:	N:	N:	N:	N:	N:	N:	N:	N:	N:	N:	N:	N:	N:	N:	N:	N:	N:	N:	N:
S:Skin	S:RAB14	S:Rab14	D:-0.00589350471232501	S:LSF	N:	N:	N:	N:	N:	N:	N:	N:	N:	N:	N:	N:	N:	N:	N:	N:	N:	N:	N:	N:	N:	N:	N:	N:
S:Skin	S:RAB23	S:Rab23	D:-0.00176819119677639	S:WTL	N:	N:	N:	N:	N:	N:	N:	N:	N:	N:	N:	N:	N:	N:	N:	N:	N:	N:	N:	N:	N:	N:	N:	N:
S:Skin	S:RAB3GAP2	S:Rab3gap2	D:-0.00256462561790098	S:LSF	N:	N:	N:	N:	N:	N:	N:	N:	N:	N:	N:	N:	N:	N:	N:	N:	N:	N:	N:	N:	N:	N:	N:	N:
S:Skin	S:RAD23B	S:Rad23b	D:-0.0138812211595174	S:WTL	N:	N:	N:	N:	N:	N:	N:	N:	N:	N:	N:	N:	N:	N:	N:	N:	N:	N:	N:	N:	N:	N:	N:	N:
S:Skin	S:RB1CC1	S:Rb1cc1	D:-0.0100880973308654	S:WTL	N:	N:	N:	N:	N:	N:	N:	N:	N:	N:	N:	N:	N:	N:	N:	N:	N:	N:	N:	N:	N:	N:	N:	N:
S:Skin	S:RBBP6	S:Rbbp6	D:-0.00985260581615139	S:WTL	N:	N:	N:	N:	N:	N:	N:	N:	N:	N:	N:	N:	N:	N:	N:	N:	N:	N:	N:	N:	N:	N:	N:	N:
S:Skin	S:REEP3	S:Reep3	D:-0.00935897771283767	S:LSF;WTL	N:	N:	N:	N:	N:	N:	N:	N:	N:	N:	N:	N:	N:	N:	N:	N:	N:	N:	N:	N:	N:	N:	N:	N:
S:Skin	S:RPS6KA5	S:Rps6ka5	D:-0.00517315257975537	S:WTL	N:	N:	N:	N:	N:	N:	N:	N:	N:	N:	N:	N:	N:	N:	N:	N:	N:	N:	N:	N:	N:	N:	N:	N:
S:Skin	S:RSU1	S:Rsu1	D:-0.00939958558651765	S:LSF;WTL	N:	N:	N:	N:	N:	N:	N:	N:	N:	N:	N:	N:	N:	N:	N:	N:	N:	N:	N:	N:	N:	N:	N:	N:
S:Skin	S:SACS	S:Sacs	D:-0.0027156681767986	S:WTL	N:	N:	N:	N:	N:	N:	N:	N:	N:	N:	N:	N:	N:	N:	N:	N:	N:	N:	N:	N:	N:	N:	N:	N:
S:Skin	S:SAR1A	S:Sar1a	D:-0.00362261034303054	S:LSF;WTL	N:	N:	N:	N:	N:	N:	N:	N:	N:	N:	N:	N:	N:	N:	N:	N:	N:	N:	N:	N:	N:	N:	N:	N:
S:Skin	S:SAR1B	S:Sar1b	D:-0.0136217697849668	S:LSF;WTL	N:	N:	N:	N:	N:	N:	N:	N:	N:	N:	N:	N:	N:	N:	N:	N:	N:	N:	N:	N:	N:	N:	N:	N:
S:Skin	S:SBNO1	S:Sbno1	D:-0.00168374154248611	S:WTL	N:	N:	N:	N:	N:	N:	N:	N:	N:	N:	N:	N:	N:	N:	N:	N:	N:	N:	N:	N:	N:	N:	N:	N:
S:Skin	S:SCAF8	S:Scaf8	D:-0.000609465646463591	S:WTL	N:	N:	N:	N:	N:	N:	N:	N:	N:	N:	N:	N:	N:	N:	N:	N:	N:	N:	N:	N:	N:	N:	N:	N:
S:Skin	S:SCP2	S:Scp2	D:-0.0157901257528331	S:LSF;WTL	N:	N:	N:	N:	N:	N:	N:	N:	N:	N:	N:	N:	N:	N:	N:	N:	N:	N:	N:	N:	N:	N:	N:	N:
S:Skin	S:SEC24A	S:Sec24a	D:-0.0233359050706572	S:LSF;WTL	N:	N:	N:	N:	N:	N:	N:	N:	N:	N:	N:	N:	N:	N:	N:	N:	N:	N:	N:	N:	N:	N:	N:	N:
S:Skin	S:SEC61B	S:Sec61b	D:-0.00854559526476276	S:WTL	N:	N:	N:	N:	N:	N:	N:	N:	N:	N:	N:	N:	N:	N:	N:	N:	N:	N:	N:	N:	N:	N:	N:	N:
S:Skin	S:SEL1L	S:Sel1l	D:-0.00506012003473171	S:WTL	N:	N:	N:	N:	N:	N:	N:	N:	N:	N:	N:	N:	N:	N:	N:	N:	N:	N:	N:	N:	N:	N:	N:	N:
S:Skin	S:SERPINF2	S:Serpinf2	D:-0.0457590365269446	S:WTL	N:	N:	N:	N:	N:	N:	N:	N:	N:	N:	N:	N:	N:	N:	N:	N:	N:	N:	N:	N:	N:	N:	N:	N:
S:Skin	S:SH3BGR	S:Sh3bgr	D:-0.0176443996228409	S:WTL	N:	N:	N:	N:	N:	N:	N:	N:	N:	N:	N:	N:	N:	N:	N:	N:	N:	N:	N:	N:	N:	N:	N:	N:
S:Skin	S:SH3KBP1	S:Sh3kbp1	D:-0.0136075242112682	S:LSF;WTL	N:	N:	N:	N:	N:	N:	N:	N:	N:	N:	N:	N:	N:	N:	N:	N:	N:	N:	N:	N:	N:	N:	N:	N:
S:Skin	S:SH3PXD2A	S:Sh3pxd2a	D:-0.0144778162119886	S:WTL	N:	N:	N:	N:	N:	N:	N:	N:	N:	N:	N:	N:	N:	N:	N:	N:	N:	N:	N:	N:	N:	N:	N:	N:
S:Skin	S:SLC25A10	S:Slc25a10	D:-0.0163919302849396	S:LSF;WTL	N:	N:	N:	N:	N:	N:	N:	N:	N:	N:	N:	N:	N:	N:	N:	N:	N:	N:	N:	N:	N:	N:	N:	N:
S:Skin	S:SLC25A4	S:Slc25a4	D:-0.0179505869722086	S:LSF;WTL	N:	N:	N:	N:	N:	N:	N:	N:	N:	N:	N:	N:	N:	N:	N:	N:	N:	N:	N:	N:	N:	N:	N:	N:
S:Skin	S:SLC33A1	S:Slc33a1	D:-0.0187782736871395	S:LSF	N:	N:	N:	N:	N:	N:	N:	N:	N:	N:	N:	N:	N:	N:	N:	N:	N:	N:	N:	N:	N:	N:	N:	N:
S:Skin	S:SMAP1	S:Smap1	D:-0.0172562302893585	S:WTL	N:	N:	N:	N:	N:	N:	N:	N:	N:	N:	N:	N:	N:	N:	N:	N:	N:	N:	N:	N:	N:	N:	N:	N:
S:Skin	S:SNTB1	S:Sntb1	D:-0.0156700248964623	S:WTL	N:	N:	N:	N:	N:	N:	N:	N:	N:	N:	N:	N:	N:	N:	N:	N:	N:	N:	N:	N:	N:	N:	N:	N:
S:Skin	S:SNX29	S:Snx29	D:-0.00737681250102343	S:WTL	N:	N:	N:	N:	N:	N:	N:	N:	N:	N:	N:	N:	N:	N:	N:	N:	N:	N:	N:	N:	N:	N:	N:	N:
S:Skin	S:SOAT1	S:Soat1	D:-0.0181040984723304	S:LSF	N:	N:	N:	N:	N:	N:	N:	N:	N:	N:	N:	N:	N:	N:	N:	N:	N:	N:	N:	N:	N:	N:	N:	N:
S:Skin	S:SRP72	S:Srp72	D:-0.00341620932476481	S:LSF;WTL	N:	N:	N:	N:	N:	N:	N:	N:	N:	N:	N:	N:	N:	N:	N:	N:	N:	N:	N:	N:	N:	N:	N:	N:
S:Skin	S:SRPRB	S:Srprb	D:-0.00896302988220526	S:LSF;WTL	N:	N:	N:	N:	N:	N:	N:	N:	N:	N:	N:	N:	N:	N:	N:	N:	N:	N:	N:	N:	N:	N:	N:	N:
S:Skin	S:SRPX2	S:Srpx2	D:-0.00305060515147156	S:WTL	N:	N:	N:	N:	N:	N:	N:	N:	N:	N:	N:	N:	N:	N:	N:	N:	N:	N:	N:	N:	N:	N:	N:	N:
S:Skin	S:SRSF3	S:Srsf3	D:-0.00462678536767335	S:WTL	N:	N:	N:	N:	N:	N:	N:	N:	N:	N:	N:	N:	N:	N:	N:	N:	N:	N:	N:	N:	N:	N:	N:	N:
S:Skin	S:STAMBP	S:Stambp	D:-0.00364512058034141	S:WTL	N:	N:	N:	N:	N:	N:	N:	N:	N:	N:	N:	N:	N:	N:	N:	N:	N:	N:	N:	N:	N:	N:	N:	N:
S:Skin	S:SYK	S:Syk	D:-0.00345122285259312	S:LSF;WTL	N:	N:	N:	N:	N:	N:	N:	N:	N:	N:	N:	N:	N:	N:	N:	N:	N:	N:	N:	N:	N:	N:	N:	N:
S:Skin	S:SYNC	S:Sync	D:-0.013103246677649	S:WTL	N:	N:	N:	N:	N:	N:	N:	N:	N:	N:	N:	N:	N:	N:	N:	N:	N:	N:	N:	N:	N:	N:	N:	N:
S:Skin	S:SYNCRIP	S:Syncrip	D:-0.0149253248511031	S:WTL	N:	N:	N:	N:	N:	N:	N:	N:	N:	N:	N:	N:	N:	N:	N:	N:	N:	N:	N:	N:	N:	N:	N:	N:
S:Skin	S:SYVN1	S:Syvn1	D:-0.00804365975314178	S:LSF	N:	N:	N:	N:	N:	N:	N:	N:	N:	N:	N:	N:	N:	N:	N:	N:	N:	N:	N:	N:	N:	N:	N:	N:
S:Skin	S:TARDBP	S:Tardbp	D:-0.00233029125124433	S:LSF	N:	N:	N:	N:	N:	N:	N:	N:	N:	N:	N:	N:	N:	N:	N:	N:	N:	N:	N:	N:	N:	N:	N:	N:
S:Skin	S:TBC1D13	S:Tbc1d13	D:-0.00396883268505135	S:LSF	N:	N:	N:	N:	N:	N:	N:	N:	N:	N:	N:	N:	N:	N:	N:	N:	N:	N:	N:	N:	N:	N:	N:	N:
S:Skin	S:TCP1	S:Tcp1	D:-0.000739796905126466	S:WTL	N:	N:	N:	N:	N:	N:	N:	N:	N:	N:	N:	N:	N:	N:	N:	N:	N:	N:	N:	N:	N:	N:	N:	N:
S:Skin	S:TMED10	S:Tmed10	D:-0.00698584906693271	S:LSF;WTL	N:	N:	N:	N:	N:	N:	N:	N:	N:	N:	N:	N:	N:	N:	N:	N:	N:	N:	N:	N:	N:	N:	N:	N:
S:Skin	S:TNNT3	S:Tnnt3	D:-0.0265311376594352	S:LSF;WTL	N:	N:	N:	N:	N:	N:	N:	N:	N:	N:	N:	N:	N:	N:	N:	N:	N:	N:	N:	N:	N:	N:	N:	N:
S:Skin	S:TOR1AIP2	S:Tor1aip2	D:-0.00558315259540442	S:WTL	N:	N:	N:	N:	N:	N:	N:	N:	N:	N:	N:	N:	N:	N:	N:	N:	N:	N:	N:	N:	N:	N:	N:	N:
S:Skin	S:TPD52	S:Tpd52	D:-0.00405363683004493	S:WTL	N:	N:	N:	N:	N:	N:	N:	N:	N:	N:	N:	N:	N:	N:	N:	N:	N:	N:	N:	N:	N:	N:	N:	N:
S:Skin	S:TRAM1	S:Tram1	D:-0.0284178991330481	S:LSF;WTL	N:	N:	N:	N:	N:	N:	N:	N:	N:	N:	N:	N:	N:	N:	N:	N:	N:	N:	N:	N:	N:	N:	N:	N:
S:Skin	S:TRMT1L	S:Trmt1l	D:-0.0101904741666877	S:WTL	N:	N:	N:	N:	N:	N:	N:	N:	N:	N:	N:	N:	N:	N:	N:	N:	N:	N:	N:	N:	N:	N:	N:	N:
S:Skin	S:TTC37	S:Ttc37	D:-0.00125613522802223	S:WTL	N:	N:	N:	N:	N:	N:	N:	N:	N:	N:	N:	N:	N:	N:	N:	N:	N:	N:	N:	N:	N:	N:	N:	N:
S:Skin	S:TXLNB	S:Txlnb	D:-0.0303561297018169	S:WTL	N:	N:	N:	N:	N:	N:	N:	N:	N:	N:	N:	N:	N:	N:	N:	N:	N:	N:	N:	N:	N:	N:	N:	N:
S:Skin	S:U2SURP	S:U2surp	D:-0.00870778225205676	S:WTL	N:	N:	N:	N:	N:	N:	N:	N:	N:	N:	N:	N:	N:	N:	N:	N:	N:	N:	N:	N:	N:	N:	N:	N:
S:Skin	S:UBE2K	S:Ube2k	D:-0.00424127753198183	S:LSF	N:	N:	N:	N:	N:	N:	N:	N:	N:	N:	N:	N:	N:	N:	N:	N:	N:	N:	N:	N:	N:	N:	N:	N:
S:Skin	S:UBQLN2	S:Ubqln2	D:-0.0288146594102822	S:LSF	N:	N:	N:	N:	N:	N:	N:	N:	N:	N:	N:	N:	N:	N:	N:	N:	N:	N:	N:	N:	N:	N:	N:	N:
S:Skin	S:UBR1	S:Ubr1	D:-0.00249162693931378	S:WTL	N:	N:	N:	N:	N:	N:	N:	N:	N:	N:	N:	N:	N:	N:	N:	N:	N:	N:	N:	N:	N:	N:	N:	N:
S:Skin	S:UBR3	S:Ubr3	D:-0.0049988436547976	S:WTL	N:	N:	N:	N:	N:	N:	N:	N:	N:	N:	N:	N:	N:	N:	N:	N:	N:	N:	N:	N:	N:	N:	N:	N:
S:Skin	S:USP25	S:Usp25	D:-0.0107605268794699	S:WTL	N:	N:	N:	N:	N:	N:	N:	N:	N:	N:	N:	N:	N:	N:	N:	N:	N:	N:	N:	N:	N:	N:	N:	N:
S:Skin	S:VAT1L	S:Vat1l	D:-0.00320969186538441	S:WTL	N:	N:	N:	N:	N:	N:	N:	N:	N:	N:	N:	N:	N:	N:	N:	N:	N:	N:	N:	N:	N:	N:	N:	N:
S:Skin	S:VIM	S:Vim	D:-0.00292843394537159	S:LSF;WTL	N:	N:	N:	N:	N:	N:	N:	N:	N:	N:	N:	N:	N:	N:	N:	N:	N:	N:	N:	N:	N:	N:	N:	N:
S:Skin	S:WDR11	S:Wdr11	D:-0.00142493180854556	S:LSF	N:	N:	N:	N:	N:	N:	N:	N:	N:	N:	N:	N:	N:	N:	N:	N:	N:	N:	N:	N:	N:	N:	N:	N:
S:Skin	S:WFS1	S:Wfs1	D:-0.00689971038804632	S:WTL	N:	N:	N:	N:	N:	N:	N:	N:	N:	N:	N:	N:	N:	N:	N:	N:	N:	N:	N:	N:	N:	N:	N:	N:
S:Skin	S:WWP1	S:Wwp1	D:-0.00493837192158114	S:WTL	N:	N:	N:	N:	N:	N:	N:	N:	N:	N:	N:	N:	N:	N:	N:	N:	N:	N:	N:	N:	N:	N:	N:	N:
S:Skin	S:XPNPEP3	S:Xpnpep3	D:-0.002810003232963	S:WTL	N:	N:	N:	N:	N:	N:	N:	N:	N:	N:	N:	N:	N:	N:	N:	N:	N:	N:	N:	N:	N:	N:	N:	N:
S:Skin	S:YES1	S:Yes1	D:-0.0206249919694561	S:LSF	N:	N:	N:	N:	N:	N:	N:	N:	N:	N:	N:	N:	N:	N:	N:	N:	N:	N:	N:	N:	N:	N:	N:	N:
S:Skin	S:YME1L1	S:Yme1l1	D:-0.0135257087734956	S:WTL	N:	N:	N:	N:	N:	N:	N:	N:	N:	N:	N:	N:	N:	N:	N:	N:	N:	N:	N:	N:	N:	N:	N:	N:
S:Skin	S:YTHDF1	S:Ythdf1	D:-0.00704750493211071	S:LSF	N:	N:	N:	N:	N:	N:	N:	N:	N:	N:	N:	N:	N:	N:	N:	N:	N:	N:	N:	N:	N:	N:	N:	N:
S:Skin	S:YTHDF2	S:Ythdf2	D:-0.00519941246471549	S:WTL	N:	N:	N:	N:	N:	N:	N:	N:	N:	N:	N:	N:	N:	N:	N:	N:	N:	N:	N:	N:	N:	N:	N:	N:
S:Skin	S:YWHAG	S:Ywhag	D:-0.0109510145777169	S:WTL	N:	N:	N:	N:	N:	N:	N:	N:	N:	N:	N:	N:	N:	N:	N:	N:	N:	N:	N:	N:	N:	N:	N:	N:
S:Skin	S:YY1	S:Yy1	D:-0.0109275269535964	S:LSF	N:	N:	N:	N:	N:	N:	N:	N:	N:	N:	N:	N:	N:	N:	N:	N:	N:	N:	N:	N:	N:	N:	N:	N:
S:Skin	S:ZFR	S:Zfr	D:-0.0124194048295147	S:LSF;WTL	N:	N:	N:	N:	N:	N:	N:	N:	N:	N:	N:	N:	N:	N:	N:	N:	N:	N:	N:	N:	N:	N:	N:	N:
S:Skin	S:ZMPSTE24	S:Zmpste24	D:-0.0148023698533854	S:WTL	N:	N:	N:	N:	N:	N:	N:	N:	N:	N:	N:	N:	N:	N:	N:	N:	N:	N:	N:	N:	N:	N:	N:	N:
S:Skin	S:ZYG11B	S:Zyg11b	D:-0.000592270218917707	S:WTL	N:	N:	N:	N:	N:	N:	N:	N:	N:	N:	N:	N:	N:	N:	N:	N:	N:	N:	N:	N:	N:	N:	N:	N:
N:	N:	N:	N:	N:	N:	N:	N:	N:	N:	N:	N:	N:	N:	N:	N:	N:	N:	N:	N:	N:	N:	N:	N:	N:	N:	N:	N:	N:
N:	N:	N:	N:	N:	N:	N:	N:	N:	N:	N:	N:	N:	N:	N:	N:	N:	N:	N:	N:	N:	N:	N:	N:	N:	N:	N:	N:	N:
S:Source	S:analysis metadata	N:	N:	N:	N:	N:	N:	N:	N:	N:	N:	N:	N:	N:	N:	N:	N:	N:	N:	N:	N:	N:	N:	N:	N:	N:	N:	N:
S:Description	S:Reactome procedure, thresholds, correction, and background for Supplementary Fig. 5 Skin.	N:	N:	N:	N:	N:	N:	N:	N:	N:	N:	N:	N:	N:	N:	N:	N:	N:	N:	N:	N:	N:	N:	N:	N:	N:	N:	N:
N:	N:	N:	N:	N:	N:	N:	N:	N:	N:	N:	N:	N:	N:	N:	N:	N:	N:	N:	N:	N:	N:	N:	N:	N:	N:	N:	N:	N:
S:item	S:value	N:	N:	N:	N:	N:	N:	N:	N:	N:	N:	N:	N:	N:	N:	N:	N:	N:	N:	N:	N:	N:	N:	N:	N:	N:	N:	N:
S:analysis_version	S:Participant-aware dual-FDR human blood SR-down analysis	N:	N:	N:	N:	N:	N:	N:	N:	N:	N:	N:	N:	N:	N:	N:	N:	N:	N:	N:	N:	N:	N:	N:	N:	N:	N:	N:
S:SR_down_definition	S:Participant-aware human blood SR-down: phase-adjusted log2FC < 0, phase-model BH FDR < 0.05, delta MESOR < 0, and MESOR BH FDR < 0.05.	N:	N:	N:	N:	N:	N:	N:	N:	N:	N:	N:	N:	N:	N:	N:	N:	N:	N:	N:	N:	N:	N:	N:	N:	N:	N:	N:
S:repeated_measures_model	S:Participant-aware cosinor model: expression ~ condition + sin(2*pi*phase/24) + cos(2*pi*phase/24) + condition:sin(2*pi*phase/24) + condition:cos(2*pi*phase/24), fitted with limma duplicateCorrelation and participant identity as the repeated-measures block.	N:	N:	N:	N:	N:	N:	N:	N:	N:	N:	N:	N:	N:	N:	N:	N:	N:	N:	N:	N:	N:	N:	N:	N:	N:	N:	N:
S:Reactome_procedure	S:Fisher/Reactome over-representation analysis.	N:	N:	N:	N:	N:	N:	N:	N:	N:	N:	N:	N:	N:	N:	N:	N:	N:	N:	N:	N:	N:	N:	N:	N:	N:	N:	N:
S:Reactome_display_threshold	S:Nominal Reactome P < 0.05 and at least two overlapping genes for displayed network terms.	N:	N:	N:	N:	N:	N:	N:	N:	N:	N:	N:	N:	N:	N:	N:	N:	N:	N:	N:	N:	N:	N:	N:	N:	N:	N:	N:
S:Reactome_background_universe	S:Reactome-mapped genes from the tissue-specific Skin RNA/protein/SR shared universe; row-specific BgRatio denominator is reported in the ORA table.	N:	N:	N:	N:	N:	N:	N:	N:	N:	N:	N:	N:	N:	N:	N:	N:	N:	N:	N:	N:	N:	N:	N:	N:	N:	N:	N:
S:Reactome_multiple_testing	S:Benjamini-Hochberg FDR across all tested Reactome terms; raw P and BH FDR are both reported.	N:	N:	N:	N:	N:	N:	N:	N:	N:	N:	N:	N:	N:	N:	N:	N:	N:	N:	N:	N:	N:	N:	N:	N:	N:	N:	N:
S:network_selection	S:Representative nonredundant terms were selected from qualifying terms; no HSF1/proteostasis or contextual terms were forced.	N:	N:	N:	N:	N:	N:	N:	N:	N:	N:	N:	N:	N:	N:	N:	N:	N:	N:	N:	N:	N:	N:	N:	N:	N:	N:	N:
