#start_row=1	cols=22
S:Source	S:source_materials/SACS_final_round2/GSE237419_SD6_triple_convergence_cutoff_summary.csv	N:	N:	N:	N:	N:	N:	N:	N:	N:	N:	N:	N:	N:	N:	N:	N:	N:	N:	N:	N:
S:Description	S:Supplementary Fig. 6a SACS definition overlap/Fisher summary. Plotted SACS row uses acute SD induction, positive chronic-SF attenuation, and brain RNA aging decline at nominal p < 0.05.	N:	N:	N:	N:	N:	N:	N:	N:	N:	N:	N:	N:	N:	N:	N:	N:	N:	N:	N:	N:
N:	N:	N:	N:	N:	N:	N:	N:	N:	N:	N:	N:	N:	N:	N:	N:	N:	N:	N:	N:	N:	N:
S:cutoff	S:A	S:B	S:C	S:AB	S:ABC	S:OR	S:p	N:	N:	N:	N:	N:	N:	N:	N:	N:	N:	N:	N:	N:	N:
S:nominal_p05	D:2371	D:7292	D:1835	D:2264	D:553	D:2.7439550882826	D:8.220171596961681e-64	N:	N:	N:	N:	N:	N:	N:	N:	N:	N:	N:	N:	N:	N:
N:	N:	N:	N:	N:	N:	N:	N:	N:	N:	N:	N:	N:	N:	N:	N:	N:	N:	N:	N:	N:	N:
N:	N:	N:	N:	N:	N:	N:	N:	N:	N:	N:	N:	N:	N:	N:	N:	N:	N:	N:	N:	N:	N:
S:Source	S:source_materials/SACS_final_round2/GSE237419_SD6_triple_convergence_genes_by_cutoff.csv	N:	N:	N:	N:	N:	N:	N:	N:	N:	N:	N:	N:	N:	N:	N:	N:	N:	N:	N:	N:
S:Description	S:Full plotted SACS gene list for Supplementary Fig. 6a: acute SD induction + chronic SF attenuation + brain RNA aging decline at nominal p < 0.05.	N:	N:	N:	N:	N:	N:	N:	N:	N:	N:	N:	N:	N:	N:	N:	N:	N:	N:	N:	N:
N:	N:	N:	N:	N:	N:	N:	N:	N:	N:	N:	N:	N:	N:	N:	N:	N:	N:	N:	N:	N:	N:
S:gene	S:gene_upper	S:acute_logFC	S:acute_P	S:acute_FDR	S:chronic_logFC	S:chronic_P	S:chronic_FDR	S:attenuation_score	S:acute_SD_induced	S:positive_attenuation	S:chronic_sf_down	S:chronic_sf_up_fdr05	S:brain_rna_aging_slope	S:brain_rna_aging_p	S:brain_rna_aging_fdr	S:aging_down_direction	S:aging_down_nominal_p05	S:aging_down_fdr10	S:aging_down_fdr05	S:cutoff	S:hsf_proteostasis
S:Acadvl	S:ACADVL	D:0.164391689756203	D:0.00441176350436107	D:0.0207782789170042	D:0.06794309136462599	D:0.517565774329388	D:0.90682185854874	D:0.096448598391577	S:TRUE	S:TRUE	S:FALSE	S:FALSE	D:-0.009211698710191941	D:0.0024226088251436	D:0.0506987955836238	S:TRUE	S:TRUE	S:TRUE	S:FALSE	S:nominal_p05	S:TRUE
S:Akt1s1	S:AKT1S1	D:0.250369626894927	D:0.0009857168375006699	D:0.00724458461979521	D:-0.584815884078872	D:0.00029481118815342	D:0.0552253066240917	D:0.835185510973799	S:TRUE	S:TRUE	S:TRUE	S:FALSE	D:-0.00899010052849249	D:0.0225297932307097	D:0.165887299438736	S:TRUE	S:TRUE	S:FALSE	S:FALSE	S:nominal_p05	S:TRUE
S:Atf4	S:ATF4	D:0.239477090699245	D:0.00165834190097944	D:0.0103994043339506	D:-0.189444438147023	D:0.0863201029486831	D:0.571700557608526	D:0.428921528846268	S:TRUE	S:TRUE	S:TRUE	S:FALSE	D:-0.0130775902598546	D:6.35732264608497e-05	D:0.00780662190744826	S:TRUE	S:TRUE	S:TRUE	S:TRUE	S:nominal_p05	S:TRUE
S:Atf5	S:ATF5	D:0.274101501960518	D:0.00050959407590317	D:0.00467511278084088	D:-0.166467527875787	D:0.128239512142006	D:0.6414295896322511	D:0.440569029836305	S:TRUE	S:TRUE	S:TRUE	S:FALSE	D:-0.008080266081181	D:0.045696475876755	D:0.235863920979768	S:TRUE	S:TRUE	S:FALSE	S:FALSE	S:nominal_p05	S:TRUE
S:Atf6b	S:ATF6B	D:0.213173158394033	D:0.00280698571202336	D:0.0150800851128207	D:-0.0234070893488908	D:0.799919184653807	D:0.9671361181337	D:0.236580247742924	S:TRUE	S:TRUE	S:TRUE	S:FALSE	D:-0.009086485997692869	D:0.0102201972217829	D:0.109171365108929	S:TRUE	S:TRUE	S:FALSE	S:FALSE	S:nominal_p05	S:TRUE
S:Calr	S:CALR	D:0.68135749790685	D:5.17246423628822e-09	D:1.29637040711972e-05	D:-0.06818700567136481	D:0.503367827606653	D:0.9059525171159289	D:0.749544503578215	S:TRUE	S:TRUE	S:TRUE	S:FALSE	D:-0.0142447907999595	D:0.0315623655136246	D:0.196402264955568	S:TRUE	S:TRUE	S:FALSE	S:FALSE	S:nominal_p05	S:TRUE
S:Cct4	S:CCT4	D:0.15806039725717	D:0.00189312143616942	D:0.0113809837419772	D:-0.053499525193729	D:0.589227523363043	D:0.927774890100631	D:0.211559922450899	S:TRUE	S:TRUE	S:TRUE	S:FALSE	D:-0.00519008392896582	D:0.0309353471168834	D:0.194328788686194	S:TRUE	S:TRUE	S:FALSE	S:FALSE	S:nominal_p05	S:TRUE
S:Dnaja1	S:DNAJA1	D:0.172155026703445	D:0.00249367718345919	D:0.0138515292184227	D:-0.0483387245399492	D:0.577264825883089	D:0.924649121876131	D:0.220493751243394	S:TRUE	S:TRUE	S:TRUE	S:FALSE	D:-0.00857799097973036	D:0.0101419921136053	D:0.108903848921689	S:TRUE	S:TRUE	S:FALSE	S:FALSE	S:nominal_p05	S:TRUE
S:Dnajb1	S:DNAJB1	D:0.380415516240656	D:6.5844556491434e-05	D:0.00125505037947893	D:-0.250270137286982	D:0.0858932573579423	D:0.571056275057936	D:0.6306856535276379	S:TRUE	S:TRUE	S:TRUE	S:FALSE	D:-0.0153953126867931	D:0.036562194453647	D:0.210823031768879	S:TRUE	S:TRUE	S:FALSE	S:FALSE	S:nominal_p05	S:TRUE
S:Dnajb11	S:DNAJB11	D:0.497560866909534	D:1.91900902547403e-07	D:3.99700544863785e-05	D:-0.120140367813412	D:0.214816794231161	D:0.740316980803579	D:0.617701234722946	S:TRUE	S:TRUE	S:TRUE	S:FALSE	D:-0.0115956539781925	D:0.00573832713999408	D:0.0803102511045119	S:TRUE	S:TRUE	S:TRUE	S:FALSE	S:nominal_p05	S:TRUE
S:Dnajb5	S:DNAJB5	D:1.02504637613964	D:3.36070207335686e-07	D:5.2232558793065e-05	D:-0.223090437773784	D:0.0313270652220171	D:0.425331834272988	D:1.24813681391342	S:TRUE	S:TRUE	S:TRUE	S:FALSE	D:-0.0224369629446014	D:0.00512240277563438	D:0.0752523824496981	S:TRUE	S:TRUE	S:TRUE	S:FALSE	S:nominal_p05	S:TRUE
S:Dynll1	S:DYNLL1	D:0.252434136359229	D:3.16006978788627e-05	D:0.00078644562554726	D:-0.131515542328904	D:0.142111624483592	D:0.659067025289912	D:0.383949678688133	S:TRUE	S:TRUE	S:TRUE	S:FALSE	D:-0.0130579386807208	D:0.00197105220792525	D:0.0449114043151648	S:TRUE	S:TRUE	S:TRUE	S:TRUE	S:nominal_p05	S:TRUE
S:Fkbp4	S:FKBP4	D:0.275380265882255	D:0.00017703803587411	D:0.00232140941498127	D:-0.325599767542191	D:0.00319131305997786	D:0.165685324484693	D:0.6009800334244459	S:TRUE	S:TRUE	S:TRUE	S:FALSE	D:-0.015006452837971	D:0.00080638925998505	D:0.0277225202960096	S:TRUE	S:TRUE	S:TRUE	S:TRUE	S:nominal_p05	S:TRUE
S:Gnb5	S:GNB5	D:0.227893052215715	D:0.00030400796983511	D:0.00330378053579091	D:-0.0172148920388189	D:0.829825359690989	D:0.97463157957253	D:0.245107944254534	S:TRUE	S:TRUE	S:TRUE	S:FALSE	D:-0.00682772512690909	D:0.00383984490261262	D:0.064712267339551	S:TRUE	S:TRUE	S:TRUE	S:FALSE	S:nominal_p05	S:TRUE
S:Hsf1	S:HSF1	D:0.311632910181276	D:0.0001560536808127	D:0.00216062794927849	D:-0.06797216256685081	D:0.571203336365362	D:0.924104661227249	D:0.379605072748127	S:TRUE	S:TRUE	S:TRUE	S:FALSE	D:-0.00674945531444794	D:0.0406869913661892	D:0.222529237561089	S:TRUE	S:TRUE	S:FALSE	S:FALSE	S:nominal_p05	S:TRUE
S:Hspa4	S:HSPA4	D:0.179727155173614	D:0.00131702925631174	D:0.008854480407256161	D:-0.0203345503216359	D:0.781517196557694	D:0.962458144671694	D:0.20006170549525	S:TRUE	S:TRUE	S:TRUE	S:FALSE	D:-0.009204888860199359	D:0.00013984054263849	D:0.0114588448205599	S:TRUE	S:TRUE	S:TRUE	S:TRUE	S:nominal_p05	S:TRUE
S:Hspa5	S:HSPA5	D:1.05517224979863	D:1.53288006440311e-08	D:1.39968969433384e-05	D:0.184012540177819	D:0.143494007487299	D:0.661054812824506	D:0.871159709620811	S:TRUE	S:TRUE	S:FALSE	S:FALSE	D:-0.0176683943088738	D:0.0291900020228005	D:0.188767473621316	S:TRUE	S:TRUE	S:FALSE	S:FALSE	S:nominal_p05	S:TRUE
S:Hspa8	S:HSPA8	D:0.451249410774782	D:1.32953919117959e-07	D:3.42213796406459e-05	D:-0.111793554487934	D:0.219676988838324	D:0.744605636731393	D:0.563042965262716	S:TRUE	S:TRUE	S:TRUE	S:FALSE	D:-0.0097676991719335	D:0.0112073003577787	D:0.114793887053536	S:TRUE	S:TRUE	S:FALSE	S:FALSE	S:nominal_p05	S:TRUE
S:Hsph1	S:HSPH1	D:0.572643216893981	D:1.19806501333149e-09	D:7.03739498066868e-06	D:-0.0864379960226541	D:0.387988580409879	D:0.858848546242495	D:0.659081212916635	S:TRUE	S:TRUE	S:TRUE	S:FALSE	D:-0.0185369946277896	D:0.0066089073266245	D:0.08703458884355419	S:TRUE	S:TRUE	S:TRUE	S:FALSE	S:nominal_p05	S:TRUE
S:Hyou1	S:HYOU1	D:0.628163344905887	D:6.24435480820823e-09	D:1.29637040711972e-05	D:0.0878730520990971	D:0.398302438894921	D:0.8632151320803511	D:0.54029029280679	S:TRUE	S:TRUE	S:FALSE	S:FALSE	D:-0.00951862770888764	D:0.0264753066632125	D:0.179854542722789	S:TRUE	S:TRUE	S:FALSE	S:FALSE	S:nominal_p05	S:TRUE
S:Kifc3	S:KIFC3	D:0.207501558988717	D:0.00540982937915117	D:0.0240095255172686	D:-0.0129297499502327	D:0.89039953237856	D:0.985289240666688	D:0.22043130893895	S:TRUE	S:TRUE	S:TRUE	S:FALSE	D:-0.00658947276082886	D:0.014394998337653	D:0.130228872113212	S:TRUE	S:TRUE	S:FALSE	S:FALSE	S:nominal_p05	S:TRUE
S:Nrf1	S:NRF1	D:0.333527644083811	D:0.00015917726668128	D:0.00218231108350806	D:-0.088193288545444	D:0.567635544794896	D:0.923879981764373	D:0.421720932629255	S:TRUE	S:TRUE	S:TRUE	S:FALSE	D:-0.00725287299209484	D:0.0123492521789257	D:0.121237040693745	S:TRUE	S:TRUE	S:FALSE	S:FALSE	S:nominal_p05	S:TRUE
S:Nup62	S:NUP62	D:0.195428187953733	D:0.00965827952443684	D:0.0364177956897524	D:-0.0817609903396963	D:0.487474949149653	D:0.898876299043335	D:0.277189178293429	S:TRUE	S:TRUE	S:TRUE	S:FALSE	D:-0.008232721610193561	D:0.0278413938050421	D:0.184807759075435	S:TRUE	S:TRUE	S:FALSE	S:FALSE	S:nominal_p05	S:TRUE
S:Pdia6	S:PDIA6	D:0.738767695826504	D:2.32211854727519e-07	D:4.43524642529561e-05	D:0.00573047336545652	D:0.954159751529298	D:0.994029947068926	D:0.733037222461048	S:TRUE	S:TRUE	S:FALSE	S:FALSE	D:-0.016213996317941	D:0.0198125779421365	D:0.154847180805075	S:TRUE	S:TRUE	S:FALSE	S:FALSE	S:nominal_p05	S:TRUE
S:Serpinh1	S:SERPINH1	D:0.754436343885697	D:5.08878745659685e-06	D:0.00024881570010132	D:0.157462811929447	D:0.373690336173838	D:0.851803284969866	D:0.59697353195625	S:TRUE	S:TRUE	S:FALSE	S:FALSE	D:-0.0279452922040908	D:0.00206772977935256	D:0.0464911389535647	S:TRUE	S:TRUE	S:TRUE	S:TRUE	S:nominal_p05	S:TRUE
S:Stip1	S:STIP1	D:0.309088775436711	D:7.46709612548334e-05	D:0.00136220799628639	D:-0.09296124863396101	D:0.283616096574156	D:0.796166363350105	D:0.402050024070672	S:TRUE	S:TRUE	S:TRUE	S:FALSE	D:-0.0123481842698821	D:0.0162117016203708	D:0.138057802667333	S:TRUE	S:TRUE	S:FALSE	S:FALSE	S:nominal_p05	S:TRUE
S:Syvn1	S:SYVN1	D:0.340674645010271	D:0.0001382114167294	D:0.00198646018985601	D:0.054380192121488	D:0.647594578418097	D:0.942366692053208	D:0.286294452888783	S:TRUE	S:TRUE	S:FALSE	S:FALSE	D:-0.00784547474261217	D:0.0276409435510618	D:0.184509803132124	S:TRUE	S:TRUE	S:FALSE	S:FALSE	S:nominal_p05	S:TRUE
S:Tubb2a	S:TUBB2A	D:0.138261511234736	D:0.00652427627954621	D:0.0273047372377055	D:-0.00346615286810355	D:0.971146580432797	D:0.997105939930269	D:0.14172766410284	S:TRUE	S:TRUE	S:TRUE	S:FALSE	D:-0.0103202203056899	D:0.00011879046150968	D:0.0106365296692278	S:TRUE	S:TRUE	S:TRUE	S:TRUE	S:nominal_p05	S:TRUE
S:Tubb2b	S:TUBB2B	D:0.300778064139156	D:0.00013837722978889	D:0.00198678500276352	D:-0.0547922394088423	D:0.528317485787838	D:0.908950839923476	D:0.355570303547998	S:TRUE	S:TRUE	S:TRUE	S:FALSE	D:-0.0116125514947454	D:0.0107534972616647	D:0.112072082882346	S:TRUE	S:TRUE	S:FALSE	S:FALSE	S:nominal_p05	S:TRUE
S:Tubb4b	S:TUBB4B	D:0.165593448994684	D:0.00188706957235234	D:0.0113650499736929	D:0.00288215964904308	D:0.967471706943674	D:0.996994767736064	D:0.162711289345641	S:TRUE	S:TRUE	S:FALSE	S:FALSE	D:-0.00767159611104116	D:0.00136301364161108	D:0.0370647234666423	S:TRUE	S:TRUE	S:TRUE	S:TRUE	S:nominal_p05	S:TRUE
S:Zbtb17	S:ZBTB17	D:0.286083697953893	D:0.00058298230300495	D:0.00507524351979	D:-0.0738959551404527	D:0.59869300267379	D:0.930334084359026	D:0.359979653094346	S:TRUE	S:TRUE	S:TRUE	S:FALSE	D:-0.00858803523792618	D:0.0041951257761714	D:0.06787711048036051	S:TRUE	S:TRUE	S:TRUE	S:FALSE	S:nominal_p05	S:TRUE
S:1700003E16Rik	S:1700003E16RIK	D:0.200289788041041	D:0.0100371609352613	D:0.0374221806930145	D:0.060279557791874	D:0.657226464767396	D:0.942803399485736	D:0.140010230249167	S:TRUE	S:TRUE	S:FALSE	S:FALSE	D:-0.0125681644982149	D:0.0158191938607291	D:0.136367186306867	S:TRUE	S:TRUE	S:FALSE	S:FALSE	S:nominal_p05	S:FALSE
S:1700123O20Rik	S:1700123O20RIK	D:0.36915724054176	D:0.00094475568174688	D:0.00703485759639897	D:-0.197180888508548	D:0.109481416936857	D:0.614793776864592	D:0.566338129050308	S:TRUE	S:TRUE	S:TRUE	S:FALSE	D:-0.0101183317262917	D:0.015333218008981	D:0.134234824516421	S:TRUE	S:TRUE	S:FALSE	S:FALSE	S:nominal_p05	S:FALSE
S:2310011J03Rik	S:2310011J03RIK	D:0.22997686058316	D:0.00046285231698021	D:0.00440032246953653	D:-0.197799242694059	D:0.0622573481735589	D:0.520199735010171	D:0.427776103277219	S:TRUE	S:TRUE	S:TRUE	S:FALSE	D:-0.0185453379407857	D:3.30891688805675e-05	D:0.00564875006158355	S:TRUE	S:TRUE	S:TRUE	S:TRUE	S:nominal_p05	S:FALSE
S:2310033P09Rik	S:2310033P09RIK	D:0.351049491004888	D:0.0010816442111507	D:0.00774494384795482	D:-0.225608365277259	D:0.181556685336333	D:0.708949347760682	D:0.5766578562821471	S:TRUE	S:TRUE	S:TRUE	S:FALSE	D:-0.0121359919643607	D:0.0476496507071108	D:0.240623557953164	S:TRUE	S:TRUE	S:FALSE	S:FALSE	S:nominal_p05	S:FALSE
S:2410004B18Rik	S:2410004B18RIK	D:0.20387937023093	D:0.00516778481484608	D:0.0232476993955037	D:-0.572019082413039	D:0.00160935278450877	D:0.126492414989764	D:0.7758984526439689	S:TRUE	S:TRUE	S:TRUE	S:FALSE	D:-0.00642444170251239	D:0.0396437737838711	D:0.219120594358473	S:TRUE	S:TRUE	S:FALSE	S:FALSE	S:nominal_p05	S:FALSE
S:Abcf1	S:ABCF1	D:0.177655953866726	D:0.0039974952060246	D:0.019469213978835	D:0.0289213201017304	D:0.70237816715393	D:0.9479716196503341	D:0.148734633764996	S:TRUE	S:TRUE	S:FALSE	S:FALSE	D:-0.00803990536968336	D:0.00413377575703786	D:0.0675061325354359	S:TRUE	S:TRUE	S:TRUE	S:FALSE	S:nominal_p05	S:FALSE
S:Acaa1a	S:ACAA1A	D:0.17284438889665	D:0.00116724391704872	D:0.008123054353368469	D:-0.343278844232687	D:0.00141730317584649	D:0.12053163572751	D:0.5161232331293369	S:TRUE	S:TRUE	S:TRUE	S:FALSE	D:-0.0129791180125634	D:0.00073829160419178	D:0.0268399529622818	S:TRUE	S:TRUE	S:TRUE	S:TRUE	S:nominal_p05	S:FALSE
S:Adam19	S:ADAM19	D:0.678435327347271	D:1.66995739236398e-06	D:0.0001423324437696	D:0.0449372635911065	D:0.785500540578535	D:0.963230601404778	D:0.633498063756164	S:TRUE	S:TRUE	S:FALSE	S:FALSE	D:-0.0129980523582083	D:0.007828122083351209	D:0.09457869387335931	S:TRUE	S:TRUE	S:TRUE	S:FALSE	S:nominal_p05	S:FALSE
S:Adam1a	S:ADAM1A	D:0.7127866413352	D:7.74311699196077e-07	D:8.767973833825289e-05	D:0.130137140498717	D:0.649856610622334	D:0.942785173882448	D:0.582649500836483	S:TRUE	S:TRUE	S:FALSE	S:FALSE	D:-0.0162414538499826	D:0.00989764754671137	D:0.107479415479844	S:TRUE	S:TRUE	S:FALSE	S:FALSE	S:nominal_p05	S:FALSE
S:Adcy3	S:ADCY3	D:0.336714499927809	D:9.39790576753102e-05	D:0.00156991570213561	D:0.024581351351389	D:0.7811194907257411	D:0.962458144671694	D:0.31213314857642	S:TRUE	S:TRUE	S:FALSE	S:FALSE	D:-0.008235100345167079	D:0.00071950145901228	D:0.026637446585963	S:TRUE	S:TRUE	S:TRUE	S:TRUE	S:nominal_p05	S:FALSE
S:Adcyap1	S:ADCYAP1	D:0.329912352675133	D:0.00088991823521918	D:0.00676312261885414	D:0.137196342892359	D:0.589984444337131	D:0.928122608706203	D:0.192716009782774	S:TRUE	S:TRUE	S:FALSE	S:FALSE	D:-0.00890770198273445	D:0.0422014730554551	D:0.227505426527317	S:TRUE	S:TRUE	S:FALSE	S:FALSE	S:nominal_p05	S:FALSE
S:Adgrb1	S:ADGRB1	D:0.326334040161781	D:0.00108237701539238	D:0.007746692020323	D:-0.272108173672643	D:0.00302286486766658	D:0.162414545719357	D:0.598442213834424	S:TRUE	S:TRUE	S:TRUE	S:FALSE	D:-0.00778067108498104	D:0.0112650113114722	D:0.115193019162292	S:TRUE	S:TRUE	S:FALSE	S:FALSE	S:nominal_p05	S:FALSE
S:Adra1d	S:ADRA1D	D:0.6318095545367109	D:0.00012674161000879	D:0.00188311685747442	D:-0.437725280119179	D:0.164270372531507	D:0.688672690154738	D:1.06953483465589	S:TRUE	S:TRUE	S:TRUE	S:FALSE	D:-0.0107540171142145	D:0.0399885106537515	D:0.220403466471169	S:TRUE	S:TRUE	S:FALSE	S:FALSE	S:nominal_p05	S:FALSE
S:Afg3l1	S:AFG3L1	D:0.139817674208865	D:0.0107742594026141	D:0.0393286516945987	D:-0.0216974410775341	D:0.866923733366294	D:0.98279986176519	D:0.161515115286399	S:TRUE	S:TRUE	S:TRUE	S:FALSE	D:-0.00646917995352561	D:0.0262195272295974	D:0.178841814107321	S:TRUE	S:TRUE	S:FALSE	S:FALSE	S:nominal_p05	S:FALSE
S:Aggf1	S:AGGF1	D:0.164552979375954	D:0.009771558593797381	D:0.0367168803952287	D:-0.0275533919189139	D:0.783295637341227	D:0.962458144671694	D:0.192106371294868	S:TRUE	S:TRUE	S:TRUE	S:FALSE	D:-0.00669544298743108	D:0.00014941836420316	D:0.0120298095232041	S:TRUE	S:TRUE	S:TRUE	S:TRUE	S:nominal_p05	S:FALSE
S:Agpat1	S:AGPAT1	D:0.127687437922112	D:0.00681575931626927	D:0.0281918516826037	D:-0.13236994218019	D:0.164442836849818	D:0.688672690154738	D:0.260057380102302	S:TRUE	S:TRUE	S:TRUE	S:FALSE	D:-0.0117785114518287	D:0.00408373735686267	D:0.0668666657624129	S:TRUE	S:TRUE	S:TRUE	S:FALSE	S:nominal_p05	S:FALSE
S:Agpat4	S:AGPAT4	D:0.277997100236284	D:0.00042569089275537	D:0.00415546657811018	D:0.0318800174277028	D:0.713849314400779	D:0.950916873736932	D:0.246117082808581	S:TRUE	S:TRUE	S:FALSE	S:FALSE	D:-0.0124413342502489	D:0.0064749494545247	D:0.0860076679344899	S:TRUE	S:TRUE	S:TRUE	S:FALSE	S:nominal_p05	S:FALSE
S:Ahsa1	S:AHSA1	D:0.254346035649776	D:0.00010239475924856	D:0.0016614781150128	D:-0.131107050623504	D:0.128318357545237	D:0.6414295896322511	D:0.38545308627328	S:TRUE	S:TRUE	S:TRUE	S:FALSE	D:-0.0100309528881875	D:0.0153060688278301	D:0.134060803315299	S:TRUE	S:TRUE	S:FALSE	S:FALSE	S:nominal_p05	S:FALSE
S:Ahsa2	S:AHSA2	D:0.188589251807471	D:0.00664777154052804	D:0.0276970097850174	D:-0.166993918310248	D:0.277576872787988	D:0.791396670215362	D:0.355583170117719	S:TRUE	S:TRUE	S:TRUE	S:FALSE	D:-0.0130090414078056	D:0.0146652352403128	D:0.131070371346709	S:TRUE	S:TRUE	S:FALSE	S:FALSE	S:nominal_p05	S:FALSE
S:Akt2	S:AKT2	D:0.205796151534311	D:0.00140825704036189	D:0.009277072614174301	D:-0.09605254630923001	D:0.318409273099154	D:0.819518352355017	D:0.301848697843541	S:TRUE	S:TRUE	S:TRUE	S:FALSE	D:-0.0121911395666547	D:0.0037003780380734	D:0.063287448875658	S:TRUE	S:TRUE	S:TRUE	S:FALSE	S:nominal_p05	S:FALSE
S:Aldh18a1	S:ALDH18A1	D:0.268520326809869	D:0.00092577501553359	D:0.00693915428900904	D:-0.013158960994797	D:0.907784010913787	D:0.989362525299703	D:0.281679287804666	S:TRUE	S:TRUE	S:TRUE	S:FALSE	D:-0.0122217438664316	D:0.0159326584763661	D:0.13673038433991	S:TRUE	S:TRUE	S:FALSE	S:FALSE	S:nominal_p05	S:FALSE
S:Alkbh5	S:ALKBH5	D:0.280126196278654	D:0.00011565749602517	D:0.00178661627795554	D:-0.0537290595167237	D:0.596683509400652	D:0.930186130033657	D:0.333855255795378	S:TRUE	S:TRUE	S:TRUE	S:FALSE	D:-0.00603091473467504	D:0.0452737539219714	D:0.234690208811712	S:TRUE	S:TRUE	S:FALSE	S:FALSE	S:nominal_p05	S:FALSE
S:Alkbh6	S:ALKBH6	D:0.195156681962903	D:0.0030684236942244	D:0.0160593333854537	D:-0.11117907649921	D:0.356131991564361	D:0.843427886042959	D:0.306335758462113	S:TRUE	S:TRUE	S:TRUE	S:FALSE	D:-0.00693038074136433	D:0.0465221812370124	D:0.237269558911977	S:TRUE	S:TRUE	S:FALSE	S:FALSE	S:nominal_p05	S:FALSE
S:Amigo3	S:AMIGO3	D:0.857906693261387	D:0.0008663257964615	D:0.00662831218692288	D:-0.138626467073542	D:0.648878158720316	D:0.942366692053208	D:0.996533160334929	S:TRUE	S:TRUE	S:TRUE	S:FALSE	D:-0.0364357012355333	D:0.00052510715574771	D:0.0228823591729693	S:TRUE	S:TRUE	S:TRUE	S:TRUE	S:nominal_p05	S:FALSE
S:Amt	S:AMT	D:0.266243169486444	D:0.000768492149678	D:0.00610732923753719	D:-0.0591798008421718	D:0.629116244276426	D:0.936236294562655	D:0.325422970328616	S:TRUE	S:TRUE	S:TRUE	S:FALSE	D:-0.00807764140380869	D:0.0463768955615596	D:0.236790590824834	S:TRUE	S:TRUE	S:FALSE	S:FALSE	S:nominal_p05	S:FALSE
S:Ankrd13b	S:ANKRD13B	D:0.211285153220935	D:0.00085768872553732	D:0.00660045600288502	D:-0.220556341898519	D:0.0535112116648689	D:0.498823654915431	D:0.431841495119454	S:TRUE	S:TRUE	S:TRUE	S:FALSE	D:-0.00726058801490626	D:0.0116382836632809	D:0.117768954939577	S:TRUE	S:TRUE	S:FALSE	S:FALSE	S:nominal_p05	S:FALSE
S:Ankrd13c	S:ANKRD13C	D:0.142940461787096	D:0.00250894013495783	D:0.0139039357962906	D:-0.0806371930618963	D:0.397349038804794	D:0.863023968347195	D:0.223577654848992	S:TRUE	S:TRUE	S:TRUE	S:FALSE	D:-0.00562803175781811	D:0.0421885281153777	D:0.22750216228816	S:TRUE	S:TRUE	S:FALSE	S:FALSE	S:nominal_p05	S:FALSE
S:Ap1s1	S:AP1S1	D:0.158655301866665	D:0.0059513510186591	D:0.0256795774901477	D:-0.0244991583611441	D:0.784290586977573	D:0.962595454587014	D:0.183154460227809	S:TRUE	S:TRUE	S:TRUE	S:FALSE	D:-0.00994416122163028	D:0.0002461259835336	D:0.0154831971335814	S:TRUE	S:TRUE	S:TRUE	S:TRUE	S:nominal_p05	S:FALSE
S:Apba3	S:APBA3	D:0.360962029997485	D:0.00075382182089282	D:0.00602639300383964	D:-0.150567010123916	D:0.382990784482895	D:0.856347799673203	D:0.511529040121401	S:TRUE	S:TRUE	S:TRUE	S:FALSE	D:-0.0129507705903281	D:0.0251203927229866	D:0.174582015210427	S:TRUE	S:TRUE	S:FALSE	S:FALSE	S:nominal_p05	S:FALSE
S:Apln	S:APLN	D:0.442009235955593	D:0.00014871075727899	D:0.00208260745154053	D:-0.569132547892094	D:0.00428609891964655	D:0.187373841602832	D:1.01114178384769	S:TRUE	S:TRUE	S:TRUE	S:FALSE	D:-0.0186444737852746	D:0.00218149909055762	D:0.0479152504127578	S:TRUE	S:TRUE	S:TRUE	S:TRUE	S:nominal_p05	S:FALSE
S:Arc	S:ARC	D:3.34432198525572	D:1.64257538847539e-06	D:0.0001422937029153	D:-0.708475200835215	D:0.110490132313854	D:0.616840199007105	D:4.05279718609093	S:TRUE	S:TRUE	S:TRUE	S:FALSE	D:-0.0478542066240382	D:0.0054423533752288	D:0.0779647779169335	S:TRUE	S:TRUE	S:TRUE	S:FALSE	S:nominal_p05	S:FALSE
S:Arhgap33	S:ARHGAP33	D:0.255668743165045	D:0.00052452692154296	D:0.00472730260785706	D:0.0269667165826682	D:0.769158887538911	D:0.960531166714359	D:0.228702026582377	S:TRUE	S:TRUE	S:FALSE	S:FALSE	D:-0.0165074311391971	D:0.00401274631341567	D:0.0663492893200137	S:TRUE	S:TRUE	S:TRUE	S:FALSE	S:nominal_p05	S:FALSE
S:Arhgdia	S:ARHGDIA	D:0.187805987191835	D:0.00034729339182499	D:0.00360255967044934	D:-0.109390489997091	D:0.177058968675657	D:0.703825084439938	D:0.297196477188926	S:TRUE	S:TRUE	S:TRUE	S:FALSE	D:-0.00717918144253181	D:0.0308493647232447	D:0.194053134562423	S:TRUE	S:TRUE	S:FALSE	S:FALSE	S:nominal_p05	S:FALSE
S:Arhgef7	S:ARHGEF7	D:0.389550552424996	D:9.025414176412729e-06	D:0.00035210623716119	D:0.010241934451225	D:0.91022438571762	D:0.989954157728279	D:0.379308617973771	S:TRUE	S:TRUE	S:FALSE	S:FALSE	D:-0.00585401173665882	D:0.0387733039524092	D:0.216393329039754	S:TRUE	S:TRUE	S:FALSE	S:FALSE	S:nominal_p05	S:FALSE
S:Arpc5l	S:ARPC5L	D:0.137680200649731	D:0.00348000667247671	D:0.017608855977904	D:-0.209698199057393	D:0.0511369711159621	D:0.491532630741707	D:0.347378399707124	S:TRUE	S:TRUE	S:TRUE	S:FALSE	D:-0.00584716336351623	D:0.0128891224782135	D:0.123384802354961	S:TRUE	S:TRUE	S:FALSE	S:FALSE	S:nominal_p05	S:FALSE
S:Asic1	S:ASIC1	D:0.158055325282635	D:0.0024908221453338	D:0.013849528130726	D:-0.164352264479405	D:0.214839809486197	D:0.740316980803579	D:0.32240758976204	S:TRUE	S:TRUE	S:TRUE	S:FALSE	D:-0.005557795684412	D:0.0171270069057966	D:0.142110992944272	S:TRUE	S:TRUE	S:FALSE	S:FALSE	S:nominal_p05	S:FALSE
S:Atcay	S:ATCAY	D:0.214333392363115	D:0.00120730069124716	D:0.00835049644779288	D:-0.107789666322	D:0.258484178648057	D:0.775427938089609	D:0.322123058685115	S:TRUE	S:TRUE	S:TRUE	S:FALSE	D:-0.0066904718093342	D:0.00177780043430492	D:0.0424856193907612	S:TRUE	S:TRUE	S:TRUE	S:TRUE	S:nominal_p05	S:FALSE
S:Atg101	S:ATG101	D:0.279980124254954	D:0.00239316726198697	D:0.0134487347055227	D:-0.0128580091893083	D:0.911873628567722	D:0.990003530299347	D:0.292838133444262	S:TRUE	S:TRUE	S:TRUE	S:FALSE	D:-0.0109068993232488	D:0.00568819546831487	D:0.0801363897953601	S:TRUE	S:TRUE	S:TRUE	S:FALSE	S:nominal_p05	S:FALSE
S:Atg12	S:ATG12	D:0.163407217566657	D:0.00414833552608656	D:0.0199525373467992	D:-0.00443773799563124	D:0.959048570821097	D:0.994712404693007	D:0.167844955562288	S:TRUE	S:TRUE	S:TRUE	S:FALSE	D:-0.00625542995593757	D:0.0243591011237348	D:0.172072317018505	S:TRUE	S:TRUE	S:FALSE	S:FALSE	S:nominal_p05	S:FALSE
S:Atg4d	S:ATG4D	D:0.371871193183191	D:3.63708968955568e-05	D:0.00085420419034853	D:-0.161104630827841	D:0.225733651615685	D:0.747825128049466	D:0.5329758240110321	S:TRUE	S:TRUE	S:TRUE	S:FALSE	D:-0.00909911314683272	D:0.0281640373801792	D:0.18543930074058	S:TRUE	S:TRUE	S:FALSE	S:FALSE	S:nominal_p05	S:FALSE
S:Atp6v0b	S:ATP6V0B	D:0.145864621483772	D:0.0023590220469534	D:0.0133135636698828	D:-0.126149532707075	D:0.120796710755694	D:0.631193652304071	D:0.272014154190847	S:TRUE	S:TRUE	S:TRUE	S:FALSE	D:-0.008441507175104871	D:0.00340711426726192	D:0.0599398528105993	S:TRUE	S:TRUE	S:TRUE	S:FALSE	S:nominal_p05	S:FALSE
S:Atrip	S:ATRIP	D:0.218593880561304	D:0.0037212624632046	D:0.0185163759664729	D:-0.0174961214684687	D:0.896872057002255	D:0.986600762943039	D:0.236090002029773	S:TRUE	S:TRUE	S:TRUE	S:FALSE	D:-0.00683695470533344	D:0.0356491472815323	D:0.20855738787081	S:TRUE	S:TRUE	S:FALSE	S:FALSE	S:nominal_p05	S:FALSE
S:B4galt5	S:B4GALT5	D:0.217241553885052	D:0.00151759359902284	D:0.00977984200215814	D:-0.106807451876652	D:0.319868632128554	D:0.821114625660374	D:0.324049005761704	S:TRUE	S:TRUE	S:TRUE	S:FALSE	D:-0.00759768843356597	D:0.0489574214492788	D:0.24314458218962	S:TRUE	S:TRUE	S:FALSE	S:FALSE	S:nominal_p05	S:FALSE
S:Bbln	S:BBLN	D:0.42249120402969	D:1.10502753848427e-06	D:0.00011157962781905	D:-0.520334265142859	D:0.0016333965000121	D:0.126492414989764	D:0.9428254691725489	S:TRUE	S:TRUE	S:TRUE	S:FALSE	D:-0.0208706976437464	D:0.00013029963927908	D:0.0111219187471687	S:TRUE	S:TRUE	S:TRUE	S:TRUE	S:nominal_p05	S:FALSE
S:Bcl2	S:BCL2	D:0.5760597528115941	D:4.11245027693197e-05	D:0.0009234373121841701	D:0.132328677008259	D:0.352507586155754	D:0.840461464334719	D:0.443731075803335	S:TRUE	S:TRUE	S:FALSE	S:FALSE	D:-0.0112751014580647	D:0.0294035205261443	D:0.189653162593373	S:TRUE	S:TRUE	S:FALSE	S:FALSE	S:nominal_p05	S:FALSE
S:Bcl2l2	S:BCL2L2	D:0.125942711828762	D:0.00692752615360597	D:0.0285273676165956	D:0.00340877304114115	D:0.961903291633787	D:0.995810562257472	D:0.122533938787621	S:TRUE	S:TRUE	S:FALSE	S:FALSE	D:-0.00650089426762612	D:0.0160610503816261	D:0.137091474947241	S:TRUE	S:TRUE	S:FALSE	S:FALSE	S:nominal_p05	S:FALSE
S:Bcl9l	S:BCL9L	D:0.287005508974864	D:0.0010098759349193	D:0.00736071871093132	D:0.0336996432240364	D:0.748298548433518	D:0.956697951837305	D:0.253305865750828	S:TRUE	S:TRUE	S:FALSE	S:FALSE	D:-0.00812762504338491	D:0.0150963087969329	D:0.133361180020836	S:TRUE	S:TRUE	S:FALSE	S:FALSE	S:nominal_p05	S:FALSE
S:Bdnf	S:BDNF	D:1.28893592142877	D:4.62780491832825e-07	D:6.60942264596916e-05	D:0.0476708505932508	D:0.655398955823038	D:0.942803399485736	D:1.24126507083552	S:TRUE	S:TRUE	S:FALSE	S:FALSE	D:-0.0140713302424603	D:0.0332932749812856	D:0.201255118304906	S:TRUE	S:TRUE	S:FALSE	S:FALSE	S:nominal_p05	S:FALSE
S:Bhlhb9	S:BHLHB9	D:0.205904053306982	D:0.00016518513143428	D:0.00222742931379937	D:0.0969487245350318	D:0.34242832652915	D:0.834779775758356	D:0.10895532877195	S:TRUE	S:TRUE	S:FALSE	S:FALSE	D:-0.00603909127647801	D:0.00268081009118345	D:0.0523229661408619	S:TRUE	S:TRUE	S:TRUE	S:FALSE	S:nominal_p05	S:FALSE
S:Bicdl1	S:BICDL1	D:0.271863420094355	D:0.00051799748677176	D:0.00470052327292092	D:-0.0540818367874682	D:0.663475450765234	D:0.942803399485736	D:0.325945256881823	S:TRUE	S:TRUE	S:TRUE	S:FALSE	D:-0.009565205369260549	D:0.0236121229407964	D:0.169423803551477	S:TRUE	S:TRUE	S:FALSE	S:FALSE	S:nominal_p05	S:FALSE
S:Bloc1s4	S:BLOC1S4	D:0.284883830685707	D:0.00765176797912336	D:0.0308268050249155	D:-0.554100310806371	D:0.317361575816255	D:0.818772783168608	D:0.838984141492078	S:TRUE	S:TRUE	S:TRUE	S:FALSE	D:-0.0102099397871954	D:0.0210688940943697	D:0.16008787140723	S:TRUE	S:TRUE	S:FALSE	S:FALSE	S:nominal_p05	S:FALSE
S:Bpnt1	S:BPNT1	D:0.152492087051718	D:0.00186897292670294	D:0.0112911086441549	D:0.0442102199797776	D:0.588268970559678	D:0.927593802985652	D:0.10828186707194	S:TRUE	S:TRUE	S:FALSE	S:FALSE	D:-0.00598963323532336	D:0.00516271022215621	D:0.07566366324792841	S:TRUE	S:TRUE	S:TRUE	S:FALSE	S:nominal_p05	S:FALSE
S:Btbd17	S:BTBD17	D:0.434532430499613	D:0.00021055449524663	D:0.002588822760455	D:-0.757018933815325	D:8.19506542945855e-05	D:0.0252444437740343	D:1.19155136431494	S:TRUE	S:TRUE	S:TRUE	S:FALSE	D:-0.0256098618056146	D:0.00023464111618731	D:0.0152647868058852	S:TRUE	S:TRUE	S:TRUE	S:TRUE	S:nominal_p05	S:FALSE
S:Bud23	S:BUD23	D:0.227957184656037	D:0.00102226494775367	D:0.00743052096136583	D:-0.086508145994753	D:0.434346117349235	D:0.880489199442438	D:0.31446533065079	S:TRUE	S:TRUE	S:TRUE	S:FALSE	D:-0.00820716892826258	D:0.0162975494723352	D:0.138267853834575	S:TRUE	S:TRUE	S:FALSE	S:FALSE	S:nominal_p05	S:FALSE
S:Bysl	S:BYSL	D:0.298202818046964	D:0.00020065615443505	D:0.00251860808888277	D:-0.114930718848384	D:0.225319280850224	D:0.747596734596528	D:0.413133536895348	S:TRUE	S:TRUE	S:TRUE	S:FALSE	D:-0.0106239311344512	D:0.0143021246299307	D:0.129831743871015	S:TRUE	S:TRUE	S:FALSE	S:FALSE	S:nominal_p05	S:FALSE
S:Cacfd1	S:CACFD1	D:0.159450308668575	D:0.00861617999047878	D:0.0335314951655387	D:-0.0593684910355146	D:0.591960852510334	D:0.928403374519328	D:0.21881879970409	S:TRUE	S:TRUE	S:TRUE	S:FALSE	D:-0.00794403803571795	D:4.16649079101016e-06	D:0.00160206056017063	S:TRUE	S:TRUE	S:TRUE	S:TRUE	S:nominal_p05	S:FALSE
S:Cacna1g	S:CACNA1G	D:0.309807117236365	D:0.00014941344494081	D:0.00208691748250807	D:0.00730072332445497	D:0.93255032344925	D:0.992737179593831	D:0.30250639391191	S:TRUE	S:TRUE	S:FALSE	S:FALSE	D:-0.0102025180066238	D:0.00702551370421568	D:0.0897017978979394	S:TRUE	S:TRUE	S:TRUE	S:FALSE	S:nominal_p05	S:FALSE
S:Cacnb1	S:CACNB1	D:0.380469263801718	D:0.00012565823355663	D:0.00187930186469188	D:-0.235849240287229	D:0.0347772009175864	D:0.436395104690647	D:0.616318504088947	S:TRUE	S:TRUE	S:TRUE	S:FALSE	D:-0.0102101395638408	D:0.00359004738884362	D:0.0619174029074928	S:TRUE	S:TRUE	S:TRUE	S:FALSE	S:nominal_p05	S:FALSE
S:Cacng2	S:CACNG2	D:0.433664726133063	D:4.90841570530487e-06	D:0.0002446953275981	D:-0.116114786265175	D:0.299943513256405	D:0.809331321712192	D:0.549779512398238	S:TRUE	S:TRUE	S:TRUE	S:FALSE	D:-0.00558773789952066	D:0.0051668628733899	D:0.0756643771220728	S:TRUE	S:TRUE	S:TRUE	S:FALSE	S:nominal_p05	S:FALSE
S:Cacng8	S:CACNG8	D:0.328993900985147	D:0.00748375477667637	D:0.0302575782898879	D:-0.381614620207591	D:0.170098563527442	D:0.694561307046928	D:0.710608521192738	S:TRUE	S:TRUE	S:TRUE	S:FALSE	D:-0.00833241481708216	D:0.02348687673365	D:0.169091496356272	S:TRUE	S:TRUE	S:FALSE	S:FALSE	S:nominal_p05	S:FALSE
S:Camk1	S:CAMK1	D:0.181458556387628	D:0.00521051964843098	D:0.0233868539033342	D:-0.464660033610803	D:0.00220863538593868	D:0.142039651331895	D:0.646118589998431	S:TRUE	S:TRUE	S:TRUE	S:FALSE	D:-0.00900050763416918	D:0.00076833793606968	D:0.0270373776541393	S:TRUE	S:TRUE	S:TRUE	S:TRUE	S:nominal_p05	S:FALSE
S:Capn10	S:CAPN10	D:0.162878270021307	D:0.008646616154497661	D:0.0336050026715497	D:-0.156778466055664	D:0.174161418731037	D:0.6995338806824229	D:0.319656736076971	S:TRUE	S:TRUE	S:TRUE	S:FALSE	D:-0.00976943636764737	D:0.0226170112432099	D:0.16632382103504	S:TRUE	S:TRUE	S:FALSE	S:FALSE	S:nominal_p05	S:FALSE
S:Capn15	S:CAPN15	D:0.426659544426256	D:4.73065227851052e-06	D:0.00023960073664928	D:-0.0520298925537321	D:0.656789891770527	D:0.942803399485736	D:0.478689436979988	S:TRUE	S:TRUE	S:TRUE	S:FALSE	D:-0.00684455683030618	D:0.0389780996005833	D:0.216718703961385	S:TRUE	S:TRUE	S:FALSE	S:FALSE	S:nominal_p05	S:FALSE
S:Caprin1	S:CAPRIN1	D:0.146478214885971	D:0.00173329068421003	D:0.0107275630296641	D:-0.0347685484249705	D:0.6465346477298211	D:0.942366692053208	D:0.181246763310941	S:TRUE	S:TRUE	S:TRUE	S:FALSE	D:-0.0048052299834013	D:0.0327851201916057	D:0.19988732175021	S:TRUE	S:TRUE	S:FALSE	S:FALSE	S:nominal_p05	S:FALSE
S:Car15	S:CAR15	D:0.46980110747279	D:0.00036815154208424	D:0.00375325170203314	D:-0.24964182082593	D:0.384256028516937	D:0.856347799673203	D:0.71944292829872	S:TRUE	S:TRUE	S:TRUE	S:FALSE	D:-0.0209345349497131	D:0.0142147278820015	D:0.12922925934934	S:TRUE	S:TRUE	S:FALSE	S:FALSE	S:nominal_p05	S:FALSE
S:Cbarp	S:CBARP	D:0.335519904168647	D:0.00035619198946119	D:0.00366194008361108	D:-0.184479378307493	D:0.0823128386607926	D:0.567333826752781	D:0.51999928247614	S:TRUE	S:TRUE	S:TRUE	S:FALSE	D:-0.00864891011578974	D:0.00058290972247588	D:0.0240860296158372	S:TRUE	S:TRUE	S:TRUE	S:TRUE	S:nominal_p05	S:FALSE
S:Cbln2	S:CBLN2	D:0.67604687994228	D:2.54104307078445e-08	D:1.45287544811293e-05	D:-0.416178059618507	D:0.0576423310709284	D:0.506581993086625	D:1.09222493956079	S:TRUE	S:TRUE	S:TRUE	S:FALSE	D:-0.016318983382603	D:0.00125888172688466	D:0.0357076959978039	S:TRUE	S:TRUE	S:TRUE	S:TRUE	S:nominal_p05	S:FALSE
S:Cbln4	S:CBLN4	D:1.32821432336049	D:2.54044040495941e-06	D:0.00017065085482975	D:-0.591473915741185	D:0.0198040124848382	D:0.349266184560848	D:1.91968823910168	S:TRUE	S:TRUE	S:TRUE	S:FALSE	D:-0.0137660224531727	D:0.00924369585358014	D:0.104172384139644	S:TRUE	S:TRUE	S:FALSE	S:FALSE	S:nominal_p05	S:FALSE
S:Ccdc124	S:CCDC124	D:0.193242980371316	D:0.0107024989662013	D:0.0391478348203022	D:-0.171863510839086	D:0.0844576517457922	D:0.569523139447819	D:0.365106491210402	S:TRUE	S:TRUE	S:TRUE	S:FALSE	D:-0.009403213754853271	D:0.00702189345745384	D:0.0897017978979394	S:TRUE	S:TRUE	S:TRUE	S:FALSE	S:nominal_p05	S:FALSE
S:Ccdc137	S:CCDC137	D:0.206399180901379	D:0.00624478590165783	D:0.0265725396092829	D:-0.126122568112565	D:0.260936203654769	D:0.777724418689227	D:0.332521749013944	S:TRUE	S:TRUE	S:TRUE	S:FALSE	D:-0.00780246575491814	D:0.0478122509333189	D:0.241114461284902	S:TRUE	S:TRUE	S:FALSE	S:FALSE	S:nominal_p05	S:FALSE
S:Ccdc28b	S:CCDC28B	D:0.354178961506321	D:0.00133294348561886	D:0.008927398849816571	D:-0.169133005890664	D:0.186654472133129	D:0.711607341229218	D:0.523311967396985	S:TRUE	S:TRUE	S:TRUE	S:FALSE	D:-0.0161392925010541	D:0.00075236163154047	D:0.0269676372819159	S:TRUE	S:TRUE	S:TRUE	S:TRUE	S:nominal_p05	S:FALSE
S:Ccdc9	S:CCDC9	D:0.179586897080873	D:0.00318988804307439	D:0.016558380860137	D:-0.285413086122935	D:0.0159057632347196	D:0.314440230512828	D:0.464999983203808	S:TRUE	S:TRUE	S:TRUE	S:FALSE	D:-0.00910756829352561	D:0.00441269161425249	D:0.0693578817493376	S:TRUE	S:TRUE	S:TRUE	S:FALSE	S:nominal_p05	S:FALSE
S:Ccnb1	S:CCNB1	D:0.760505765345148	D:0.0138905603872467	D:0.0475301216963137	D:-0.736707720045926	D:0.534251979468632	D:1	D:1.49721348539107	S:TRUE	S:TRUE	S:TRUE	S:FALSE	D:-0.06343281547811599	D:0.00318667056773212	D:0.0574879112106429	S:TRUE	S:TRUE	S:TRUE	S:FALSE	S:nominal_p05	S:FALSE
S:Ccnd2	S:CCND2	D:0.494211890941912	D:2.19017120209403e-06	D:0.00015893265888491	D:0.0630221890036136	D:0.507255789462551	D:0.9059525171159289	D:0.431189701938298	S:TRUE	S:TRUE	S:FALSE	S:FALSE	D:-0.0160309759661243	D:0.028130155010478	D:0.18543930074058	S:TRUE	S:TRUE	S:FALSE	S:FALSE	S:nominal_p05	S:FALSE
S:Cdc42se1	S:CDC42SE1	D:0.15537706901755	D:0.00154373703136455	D:0.00987899080735526	D:-0.0122479588247671	D:0.905054458298797	D:0.988674128745303	D:0.167625027842317	S:TRUE	S:TRUE	S:TRUE	S:FALSE	D:-0.00540403060462725	D:0.027757353822582	D:0.184578647862627	S:TRUE	S:TRUE	S:FALSE	S:FALSE	S:nominal_p05	S:FALSE
S:Cdk5r2	S:CDK5R2	D:0.26815050455933	D:0.0034737894537891	D:0.0175886247879012	D:-0.595842397832106	D:0.0239139650025399	D:0.373570053717357	D:0.863992902391436	S:TRUE	S:TRUE	S:TRUE	S:FALSE	D:-0.014631823558464	D:6.293114683468469e-05	D:0.00780662190744826	S:TRUE	S:TRUE	S:TRUE	S:TRUE	S:nominal_p05	S:FALSE
S:Cep41	S:CEP41	D:0.350556851403067	D:0.00442407741140195	D:0.0208053690901676	D:0.283042258490617	D:0.120999514407729	D:0.631193652304071	D:0.0675145929124501	S:TRUE	S:TRUE	S:FALSE	S:FALSE	D:-0.011172236506411	D:0.0093867157901531	D:0.104759611999427	S:TRUE	S:TRUE	S:FALSE	S:FALSE	S:nominal_p05	S:FALSE
S:Chga	S:CHGA	D:0.196690640238294	D:0.00179900336494464	D:0.0109929361028861	D:-0.116066848286097	D:0.119148293407679	D:0.630895580834354	D:0.312757488524391	S:TRUE	S:TRUE	S:TRUE	S:FALSE	D:-0.0115719371459936	D:8.83198744753836e-05	D:0.009199737433348291	S:TRUE	S:TRUE	S:TRUE	S:TRUE	S:nominal_p05	S:FALSE
S:Chordc1	S:CHORDC1	D:0.40433152428745	D:7.863689546063769e-06	D:0.00032660328641933	D:0.00409725036197247	D:0.973215189633707	D:0.997105939930269	D:0.400234273925478	S:TRUE	S:TRUE	S:FALSE	S:FALSE	D:-0.0139119202030205	D:0.0242615603491517	D:0.171910218354078	S:TRUE	S:TRUE	S:FALSE	S:FALSE	S:nominal_p05	S:FALSE
S:Chst10	S:CHST10	D:0.185554284584822	D:0.00299543898377524	D:0.0158078209752959	D:-0.109254124768515	D:0.247689729926609	D:0.767943421212851	D:0.294808409353337	S:TRUE	S:TRUE	S:TRUE	S:FALSE	D:-0.00534030363349337	D:0.00568956632001553	D:0.0801363897953601	S:TRUE	S:TRUE	S:TRUE	S:FALSE	S:nominal_p05	S:FALSE
S:Chtf8	S:CHTF8	D:0.443752245110058	D:0.00018672945702004	D:0.00240668461962495	D:-0.124255275556776	D:0.604721210170698	D:0.93117331839986	D:0.568007520666834	S:TRUE	S:TRUE	S:TRUE	S:FALSE	D:-0.00951197844018758	D:0.00992190925494236	D:0.107542763629261	S:TRUE	S:TRUE	S:FALSE	S:FALSE	S:nominal_p05	S:FALSE
S:Ciapin1	S:CIAPIN1	D:0.218089681890873	D:0.00034522054736589	D:0.00358400873437557	D:0.0491274205249034	D:0.561716370207734	D:0.922353982921063	D:0.16896226136597	S:TRUE	S:TRUE	S:FALSE	S:FALSE	D:-0.00657354265439914	D:0.00732741514519105	D:0.0917768702662278	S:TRUE	S:TRUE	S:TRUE	S:FALSE	S:nominal_p05	S:FALSE
S:Cinp	S:CINP	D:0.177397307703066	D:0.00166353094343116	D:0.0104154644732283	D:-0.0189429306665121	D:0.8558375044218129	D:0.980573014249348	D:0.196340238369578	S:TRUE	S:TRUE	S:TRUE	S:FALSE	D:-0.00627268174339056	D:0.0416008010437026	D:0.225520131973757	S:TRUE	S:TRUE	S:FALSE	S:FALSE	S:nominal_p05	S:FALSE
S:Clstn3	S:CLSTN3	D:0.273843566875241	D:5.54146326105057e-05	D:0.00110501656701176	D:-0.110549706846121	D:0.209377143546271	D:0.73397147874066	D:0.384393273721362	S:TRUE	S:TRUE	S:TRUE	S:FALSE	D:-0.008722368999195851	D:0.00031476124339108	D:0.0174271863195236	S:TRUE	S:TRUE	S:TRUE	S:TRUE	S:nominal_p05	S:FALSE
S:Cltb	S:CLTB	D:0.141504787690345	D:0.00251384996928685	D:0.0139196868889642	D:-0.314419083611902	D:0.0041146526235851	D:0.186619566001622	D:0.455923871302247	S:TRUE	S:TRUE	S:TRUE	S:FALSE	D:-0.00649098788064229	D:0.00046486606526947	D:0.0213202379238141	S:TRUE	S:TRUE	S:TRUE	S:TRUE	S:nominal_p05	S:FALSE
S:Cnih2	S:CNIH2	D:0.18650547920023	D:0.0100055111576615	D:0.0373480970996956	D:-0.145690089917117	D:0.239009793506366	D:0.759810126451398	D:0.332195569117347	S:TRUE	S:TRUE	S:TRUE	S:FALSE	D:-0.0111082397270996	D:0.00620529286786291	D:0.083974058372191	S:TRUE	S:TRUE	S:TRUE	S:FALSE	S:nominal_p05	S:FALSE
S:Cnppd1	S:CNPPD1	D:0.187437446632331	D:0.011344185283442	D:0.0409004706159667	D:-0.0753286635016215	D:0.509219134637436	D:0.9059525171159289	D:0.262766110133953	S:TRUE	S:TRUE	S:TRUE	S:FALSE	D:-0.00687921773399406	D:0.0286533486606445	D:0.187112370928362	S:TRUE	S:TRUE	S:FALSE	S:FALSE	S:nominal_p05	S:FALSE
S:Col4a2	S:COL4A2	D:0.555130135914495	D:1.38658653816906e-05	D:0.0004636794001364	D:-0.116572972649326	D:0.2941714533752	D:0.806772775352454	D:0.671703108563821	S:TRUE	S:TRUE	S:TRUE	S:FALSE	D:-0.0137189951822514	D:0.0107766767209777	D:0.112190620386599	S:TRUE	S:TRUE	S:FALSE	S:FALSE	S:nominal_p05	S:FALSE
S:Crh	S:CRH	D:1.02485276725191	D:6.02459400875984e-07	D:7.5203062063677e-05	D:-0.8771177405110669	D:0.0293450985654374	D:0.414335388502308	D:1.90197050776298	S:TRUE	S:TRUE	S:TRUE	S:FALSE	D:-0.0203416305331175	D:0.0300772781075524	D:0.191416905926456	S:TRUE	S:TRUE	S:FALSE	S:FALSE	S:nominal_p05	S:FALSE
S:Crip3	S:CRIP3	D:1.07874857040089	D:1.2943742595831e-05	D:0.00044213150906277	D:0.344921134529617	D:0.53690888021883	D:1	D:0.733827435871273	S:TRUE	S:TRUE	S:FALSE	S:FALSE	D:-0.0315649819806029	D:0.008677962433150129	D:0.100185092911702	S:TRUE	S:TRUE	S:FALSE	S:FALSE	S:nominal_p05	S:FALSE
S:Csdc2	S:CSDC2	D:0.390414857460251	D:4.82547475076309e-06	D:0.00024208307349318	D:-0.0908637290879877	D:0.399484418296622	D:0.863799788512253	D:0.481278586548239	S:TRUE	S:TRUE	S:TRUE	S:FALSE	D:-0.0112814219558589	D:0.00047104639771555	D:0.021493603092444	S:TRUE	S:TRUE	S:TRUE	S:TRUE	S:nominal_p05	S:FALSE
S:Csnk1g2	S:CSNK1G2	D:0.305646603719463	D:4.24454531678612e-05	D:0.00093916469291361	D:-0.0792862576966602	D:0.479388954208343	D:0.894829422294349	D:0.384932861416123	S:TRUE	S:TRUE	S:TRUE	S:FALSE	D:-0.00771079787037098	D:0.00082392977508461	D:0.0279756782011694	S:TRUE	S:TRUE	S:TRUE	S:TRUE	S:nominal_p05	S:FALSE
S:Csrnp1	S:CSRNP1	D:1.42457958982149	D:1.82639272270082e-08	D:1.39968969433384e-05	D:0.0147713360971554	D:0.925624312464606	D:0.991777692594336	D:1.40980825372433	S:TRUE	S:TRUE	S:FALSE	S:FALSE	D:-0.0143398203509778	D:0.0211746639929475	D:0.160379579480559	S:TRUE	S:TRUE	S:FALSE	S:FALSE	S:nominal_p05	S:FALSE
S:Ctdnep1	S:CTDNEP1	D:0.174862199806472	D:0.00681327944556445	D:0.0281918516826037	D:-0.0766628241422701	D:0.418001996010173	D:0.872578370998866	D:0.251525023948742	S:TRUE	S:TRUE	S:TRUE	S:FALSE	D:-0.00717138265685051	D:0.0104191023745018	D:0.110400569240626	S:TRUE	S:TRUE	S:FALSE	S:FALSE	S:nominal_p05	S:FALSE
S:Cuta	S:CUTA	D:0.248609698857967	D:0.00027684065251619	D:0.00309067243967552	D:-0.07336366501437359	D:0.548300379442587	D:0.916390144662785	D:0.321973363872341	S:TRUE	S:TRUE	S:TRUE	S:FALSE	D:-0.0166078763401141	D:0.0008996682967426901	D:0.0293420264733583	S:TRUE	S:TRUE	S:TRUE	S:TRUE	S:nominal_p05	S:FALSE
S:Cx3cl1	S:CX3CL1	D:0.540342374643515	D:2.59348739130792e-06	D:0.00017131064839335	D:-0.158211500798938	D:0.146823773780392	D:0.6659382245258	D:0.698553875442453	S:TRUE	S:TRUE	S:TRUE	S:FALSE	D:-0.0172833167567804	D:0.00024552866764645	D:0.0154831971335814	S:TRUE	S:TRUE	S:TRUE	S:TRUE	S:nominal_p05	S:FALSE
S:D8Ertd738e	S:D8ERTD738E	D:0.294758542623493	D:0.00065865036573043	D:0.00551880774203201	D:-0.147852941766987	D:0.16013807911204	D:0.6853755977706461	D:0.44261148439048	S:TRUE	S:TRUE	S:TRUE	S:FALSE	D:-0.0174790614232854	D:0.00184115678188477	D:0.0433530109675727	S:TRUE	S:TRUE	S:TRUE	S:TRUE	S:nominal_p05	S:FALSE
S:Dact3	S:DACT3	D:0.376345513037211	D:0.0020418201035735	D:0.0120196710367437	D:-0.611457129443799	D:0.06550213198168391	D:0.530084961747744	D:0.98780264248101	S:TRUE	S:TRUE	S:TRUE	S:FALSE	D:-0.0130003625189054	D:0.00102619773040061	D:0.031859367518547	S:TRUE	S:TRUE	S:TRUE	S:TRUE	S:nominal_p05	S:FALSE
S:Dalrd3	S:DALRD3	D:0.299355524249339	D:0.00026416160323659	D:0.002999823707815	D:-0.0448439054417583	D:0.630141442836799	D:0.936282216699354	D:0.344199429691097	S:TRUE	S:TRUE	S:TRUE	S:FALSE	D:-0.0121054620113558	D:0.00306711098219807	D:0.0566616484757372	S:TRUE	S:TRUE	S:TRUE	S:FALSE	S:nominal_p05	S:FALSE
S:Dazap1	S:DAZAP1	D:0.171818738557721	D:0.00651962465008772	D:0.0273047372377055	D:-0.428401304599339	D:3.24505859104814e-05	D:0.0173011546881189	D:0.60022004315706	S:TRUE	S:TRUE	S:TRUE	S:FALSE	D:-0.0108570988424568	D:0.00036993155396186	D:0.0186463616469423	S:TRUE	S:TRUE	S:TRUE	S:TRUE	S:nominal_p05	S:FALSE
S:Dbn1	S:DBN1	D:0.186825678476862	D:0.00945385798500506	D:0.0358888914358921	D:-0.08509088782006501	D:0.329529305372028	D:0.829599839552243	D:0.271916566296927	S:TRUE	S:TRUE	S:TRUE	S:FALSE	D:-0.00890679892847899	D:0.00425546890594796	D:0.0681813432710363	S:TRUE	S:TRUE	S:TRUE	S:FALSE	S:nominal_p05	S:FALSE
S:Dda1	S:DDA1	D:0.325508494635906	D:3.24604068944971e-05	D:0.00079184464235558	D:-0.174444682752378	D:0.09521269962234739	D:0.588911593363931	D:0.499953177388284	S:TRUE	S:TRUE	S:TRUE	S:FALSE	D:-0.008162160853891549	D:0.00833708677618546	D:0.0979376535121778	S:TRUE	S:TRUE	S:TRUE	S:FALSE	S:nominal_p05	S:FALSE
S:Desi1	S:DESI1	D:0.163673248575809	D:0.0011009873527999	D:0.007823376290424381	D:-0.176755676309302	D:0.0495104741354252	D:0.486758357286205	D:0.340428924885111	S:TRUE	S:TRUE	S:TRUE	S:FALSE	D:-0.0074370735587934	D:0.00475299772892983	D:0.07218370603647389	S:TRUE	S:TRUE	S:TRUE	S:FALSE	S:nominal_p05	S:FALSE
S:Dffa	S:DFFA	D:0.177004858741904	D:0.00161187292558317	D:0.0102091291487446	D:0.0220191060948678	D:0.827786373985213	D:0.974345134273606	D:0.154985752647036	S:TRUE	S:TRUE	S:FALSE	S:FALSE	D:-0.00422769538880177	D:0.04129148770374	D:0.224768573603146	S:TRUE	S:TRUE	S:FALSE	S:FALSE	S:nominal_p05	S:FALSE
S:Disp3	S:DISP3	D:0.614015895830104	D:6.68301862123843e-06	D:0.00029902636385282	D:-0.0612524601357414	D:0.574324447520205	D:0.924576691725601	D:0.675268355965845	S:TRUE	S:TRUE	S:TRUE	S:FALSE	D:-0.009154016538849711	D:0.0298566888563674	D:0.190935751801889	S:TRUE	S:TRUE	S:FALSE	S:FALSE	S:nominal_p05	S:FALSE
S:Dlg4	S:DLG4	D:0.21280048857116	D:0.00039247158382012	D:0.0039131144769185	D:0.0178262849563149	D:0.856451437987952	D:0.980602293140963	D:0.194974203614845	S:TRUE	S:TRUE	S:FALSE	S:FALSE	D:-0.00899043866321309	D:7.718767542500001e-05	D:0.00878462451735015	S:TRUE	S:TRUE	S:TRUE	S:TRUE	S:nominal_p05	S:FALSE
S:Dlgap3	S:DLGAP3	D:0.360154707725783	D:0.00280545363847077	D:0.0150800851128207	D:-0.413251603457799	D:0.00451535251404011	D:0.193184618980321	D:0.7734063111835821	S:TRUE	S:TRUE	S:TRUE	S:FALSE	D:-0.0135211596775768	D:0.00026699272507019	D:0.0160343481176518	S:TRUE	S:TRUE	S:TRUE	S:TRUE	S:nominal_p05	S:FALSE
S:Dlgap4	S:DLGAP4	D:0.364334544047417	D:0.00011953792510817	D:0.00182039839264161	D:0.0173934078390978	D:0.876790964470532	D:0.9834952575452151	D:0.346941136208319	S:TRUE	S:TRUE	S:FALSE	S:FALSE	D:-0.00478743213432724	D:0.0430856702801035	D:0.229057238452788	S:TRUE	S:TRUE	S:FALSE	S:FALSE	S:nominal_p05	S:FALSE
S:Dmtf1	S:DMTF1	D:0.229003427380884	D:0.00041259174385515	D:0.0040600974024431	D:0.08159655874509381	D:0.43441001449437	D:0.880489199442438	D:0.14740686863579	S:TRUE	S:TRUE	S:FALSE	S:FALSE	D:-0.00703437546519694	D:0.0146019631577089	D:0.131005544885002	S:TRUE	S:TRUE	S:FALSE	S:FALSE	S:nominal_p05	S:FALSE
S:Dmtn	S:DMTN	D:0.275334593798206	D:0.00088022260112578	D:0.00670829472727867	D:-0.139114831745141	D:0.186346082494899	D:0.711607341229218	D:0.414449425543347	S:TRUE	S:TRUE	S:TRUE	S:FALSE	D:-0.00919175284213925	D:0.00605507216214674	D:0.0828785192676313	S:TRUE	S:TRUE	S:TRUE	S:FALSE	S:nominal_p05	S:FALSE
S:Dnase1l2	S:DNASE1L2	D:1.26910929434702	D:4.42219532432592e-07	D:6.373187497867161e-05	D:-0.341002542540186	D:0.420002375789024	D:0.873075478275653	D:1.61011183688721	S:TRUE	S:TRUE	S:TRUE	S:FALSE	D:-0.039432140936332	D:0.00180476953861785	D:0.0428243706351316	S:TRUE	S:TRUE	S:TRUE	S:TRUE	S:nominal_p05	S:FALSE
S:Dnlz	S:DNLZ	D:0.265929845063822	D:0.00050661507362878	D:0.00466397721384273	D:-0.494784560164187	D:0.00447132356287814	D:0.19234259367514	D:0.760714405228009	S:TRUE	S:TRUE	S:TRUE	S:FALSE	D:-0.0140791188781193	D:0.0015388403883419	D:0.0395698748115196	S:TRUE	S:TRUE	S:TRUE	S:TRUE	S:nominal_p05	S:FALSE
S:Dok3	S:DOK3	D:1.46415557482249	D:9.85842197176236e-09	D:1.35396307750704e-05	D:-0.263599511196542	D:0.265960255870971	D:0.781254729155204	D:1.72775508601903	S:TRUE	S:TRUE	S:TRUE	S:FALSE	D:-0.0276331194819006	D:0.0326081929465152	D:0.19924471021582	S:TRUE	S:TRUE	S:FALSE	S:FALSE	S:nominal_p05	S:FALSE
S:Dok4	S:DOK4	D:0.37200667472167	D:0.00113421425759847	D:0.007956061338809099	D:-0.117007112648146	D:0.326406743759806	D:0.827175554295875	D:0.489013787369816	S:TRUE	S:TRUE	S:TRUE	S:FALSE	D:-0.00943400993663302	D:6.39366441408411e-05	D:0.00780662190744826	S:TRUE	S:TRUE	S:TRUE	S:TRUE	S:nominal_p05	S:FALSE
S:Dpp9	S:DPP9	D:0.25292931218552	D:9.62448725143557e-05	D:0.0015993395848743	D:-0.09943664556251371	D:0.301032851008677	D:0.809803489361979	D:0.352365957748034	S:TRUE	S:TRUE	S:TRUE	S:FALSE	D:-0.0108524653415413	D:0.00746187268894077	D:0.0923319105812086	S:TRUE	S:TRUE	S:TRUE	S:FALSE	S:nominal_p05	S:FALSE
S:Dusp14	S:DUSP14	D:0.300298210430934	D:0.00653449177888858	D:0.0273400100740883	D:-0.237840974649737	D:0.165531563021788	D:0.689935521257854	D:0.538139185080671	S:TRUE	S:TRUE	S:TRUE	S:FALSE	D:-0.0183578784586989	D:0.0049727835635384	D:0.0741502139474688	S:TRUE	S:TRUE	S:TRUE	S:FALSE	S:nominal_p05	S:FALSE
S:Dusp6	S:DUSP6	D:1.2601711945982	D:4.80282102930188e-06	D:0.00024208307349318	D:-0.14937074899824	D:0.250005883693433	D:0.768933117319362	D:1.40954194359644	S:TRUE	S:TRUE	S:TRUE	S:FALSE	D:-0.010818790386222	D:0.0300469073772975	D:0.191416905926456	S:TRUE	S:TRUE	S:FALSE	S:FALSE	S:nominal_p05	S:FALSE
S:Dusp7	S:DUSP7	D:0.173500747554691	D:0.00178786079877129	D:0.0109559169860538	D:-0.268914113227599	D:0.0262551409551602	D:0.394317558339534	D:0.44241486078229	S:TRUE	S:TRUE	S:TRUE	S:FALSE	D:-0.00647203480166201	D:0.0428371590617062	D:0.228791628511205	S:TRUE	S:TRUE	S:FALSE	S:FALSE	S:nominal_p05	S:FALSE
S:Dvl1	S:DVL1	D:0.197893834211101	D:0.00554787454708035	D:0.0244257509779471	D:-0.120895211887906	D:0.257982098399488	D:0.775427938089609	D:0.318789046099007	S:TRUE	S:TRUE	S:TRUE	S:FALSE	D:-0.00627943986377272	D:0.0006524793487634	D:0.0256967974646803	S:TRUE	S:TRUE	S:TRUE	S:TRUE	S:nominal_p05	S:FALSE
S:Eef1akmt1	S:EEF1AKMT1	D:0.21876083848705	D:0.008936984636353019	D:0.0344463937369571	D:-0.129937722050294	D:0.333697114837	D:0.831661559791613	D:0.348698560537344	S:TRUE	S:TRUE	S:TRUE	S:FALSE	D:-0.0156472251643575	D:0.00121824432003152	D:0.0350949539506582	S:TRUE	S:TRUE	S:TRUE	S:TRUE	S:nominal_p05	S:FALSE
S:Eef1d	S:EEF1D	D:0.231664165934975	D:0.00062600009164778	D:0.00534121606721873	D:-0.0631655221725517	D:0.540342863244259	D:0.913136027978753	D:0.294829688107527	S:TRUE	S:TRUE	S:TRUE	S:FALSE	D:-0.00611241187673469	D:0.0122934316273565	D:0.120817696649025	S:TRUE	S:TRUE	S:FALSE	S:FALSE	S:nominal_p05	S:FALSE
S:Efhd2	S:EFHD2	D:0.307602399729651	D:4.45438870858064e-05	D:0.00096075407070923	D:-0.383869653952349	D:0.00638354755389461	D:0.224832925063315	D:0.691472053682	S:TRUE	S:TRUE	S:TRUE	S:FALSE	D:-0.00716681732275333	D:0.00424452105182899	D:0.0681813432710363	S:TRUE	S:TRUE	S:TRUE	S:FALSE	S:nominal_p05	S:FALSE
S:Efnb1	S:EFNB1	D:0.601564117517649	D:1.70014512980821e-05	D:0.00052436577320719	D:-0.228743109639954	D:0.0988966338733419	D:0.5949780589282641	D:0.830307227157603	S:TRUE	S:TRUE	S:TRUE	S:FALSE	D:-0.0159807373804767	D:0.0230602450607372	D:0.167716662005843	S:TRUE	S:TRUE	S:FALSE	S:FALSE	S:nominal_p05	S:FALSE
S:Egr1	S:EGR1	D:1.423881843824	D:0.00022080798691773	D:0.00267619955398072	D:-0.538480709214238	D:0.116141900292909	D:0.626178183436126	D:1.96236255303824	S:TRUE	S:TRUE	S:TRUE	S:FALSE	D:-0.0289776040050773	D:0.00062660725927647	D:0.0250474265501424	S:TRUE	S:TRUE	S:TRUE	S:TRUE	S:nominal_p05	S:FALSE
S:Egr2	S:EGR2	D:3.35130997325714	D:8.59064273961475e-06	D:0.00034155932866188	D:-0.77855872346625	D:0.0492642105596627	D:0.486050168525298	D:4.12986869672339	S:TRUE	S:TRUE	S:TRUE	S:FALSE	D:-0.0581568267853664	D:0.00375646389938355	D:0.06368158987410499	S:TRUE	S:TRUE	S:TRUE	S:FALSE	S:nominal_p05	S:FALSE
S:Egr3	S:EGR3	D:1.10111751378176	D:5.61193753847602e-05	D:0.00111486272929148	D:-0.221044773740717	D:0.406986700971068	D:0.867800192486378	D:1.32216228752248	S:TRUE	S:TRUE	S:TRUE	S:FALSE	D:-0.0255110618341653	D:0.00252136252491146	D:0.0509916766738207	S:TRUE	S:TRUE	S:TRUE	S:FALSE	S:nominal_p05	S:FALSE
S:Egr4	S:EGR4	D:1.44824929336036	D:7.08436439331562e-05	D:0.00131817404609428	D:-1.28331705197411	D:0.118829980612067	D:0.630895580834354	D:2.73156634533447	S:TRUE	S:TRUE	S:TRUE	S:FALSE	D:-0.039995768951573	D:5.54976726253995e-05	D:0.00741456949416298	S:TRUE	S:TRUE	S:TRUE	S:TRUE	S:nominal_p05	S:FALSE
S:Ehbp1l1	S:EHBP1L1	D:0.208375846260549	D:0.00371241630293683	D:0.0184839622017769	D:0.06825872886793501	D:0.61411673425035	D:0.934293965176619	D:0.140117117392614	S:TRUE	S:TRUE	S:FALSE	S:FALSE	D:-0.0112348440538782	D:0.00689988242874789	D:0.0892097702235798	S:TRUE	S:TRUE	S:TRUE	S:FALSE	S:nominal_p05	S:FALSE
S:Eif1	S:EIF1	D:0.125746909624908	D:0.00488357878884538	D:0.0223046310975413	D:-0.138049583292232	D:0.219637936636249	D:0.744605636731393	D:0.26379649291714	S:TRUE	S:TRUE	S:TRUE	S:FALSE	D:-0.00574591082923499	D:0.00672227111158591	D:0.0877751504846384	S:TRUE	S:TRUE	S:TRUE	S:FALSE	S:nominal_p05	S:FALSE
S:Eif4a1	S:EIF4A1	D:0.177893259620347	D:0.00347559015177968	D:0.0175921234598222	D:-0.0794390410922082	D:0.474352223803953	D:0.894473292386039	D:0.257332300712555	S:TRUE	S:TRUE	S:TRUE	S:FALSE	D:-0.00290086979796748	D:0.0177662114551704	D:0.145000283576351	S:TRUE	S:TRUE	S:FALSE	S:FALSE	S:nominal_p05	S:FALSE
S:Eif4e2	S:EIF4E2	D:0.218766698859855	D:9.54252057877913e-05	D:0.00158905019680027	D:-0.0531663416452564	D:0.528997966543829	D:0.908950839923476	D:0.271933040505111	S:TRUE	S:TRUE	S:TRUE	S:FALSE	D:-0.00480928549719808	D:0.0160693995791953	D:0.137099268876272	S:TRUE	S:TRUE	S:FALSE	S:FALSE	S:nominal_p05	S:FALSE
S:Eif4g2	S:EIF4G2	D:0.118940265471842	D:0.00880704885525819	D:0.0340781414455475	D:0.0834257064916792	D:0.221268391961087	D:0.746385292869314	D:0.0355145589801628	S:TRUE	S:TRUE	S:FALSE	S:FALSE	D:-0.00471163441571049	D:0.00657695465568632	D:0.0867561956272878	S:TRUE	S:TRUE	S:TRUE	S:FALSE	S:nominal_p05	S:FALSE
S:Elavl3	S:ELAVL3	D:0.176223652008488	D:0.0002309806399594	D:0.00273225068789487	D:-0.0575677540349358	D:0.462547207823851	D:0.889992342193345	D:0.233791406043424	S:TRUE	S:TRUE	S:TRUE	S:FALSE	D:-0.00562381212496001	D:0.00981912800636265	D:0.106994836319922	S:TRUE	S:TRUE	S:FALSE	S:FALSE	S:nominal_p05	S:FALSE
S:Elk1	S:ELK1	D:0.146455316948198	D:0.00385287617865422	D:0.0189335542654077	D:-0.168067627643979	D:0.0537822324044323	D:0.498823654915431	D:0.314522944592177	S:TRUE	S:TRUE	S:TRUE	S:FALSE	D:-0.00738384903788976	D:0.0393378349077016	D:0.218061233371406	S:TRUE	S:TRUE	S:FALSE	S:FALSE	S:nominal_p05	S:FALSE
S:Elmo2	S:ELMO2	D:0.297363131096907	D:3.90818492910842e-05	D:0.00089274431817227	D:0.033139878262022	D:0.715922947470381	D:0.9511841612975001	D:0.264223252834885	S:TRUE	S:TRUE	S:FALSE	S:FALSE	D:-0.00636840480600168	D:0.00068218127196555	D:0.0260401161723166	S:TRUE	S:TRUE	S:TRUE	S:TRUE	S:nominal_p05	S:FALSE
S:Elof1	S:ELOF1	D:0.345634393060353	D:0.00013504907924847	D:0.00195340607055294	D:-0.206162664109239	D:0.0576621228084251	D:0.506581993086625	D:0.551797057169592	S:TRUE	S:TRUE	S:TRUE	S:FALSE	D:-0.00714113300544465	D:0.0452456639123045	D:0.234653813094559	S:TRUE	S:TRUE	S:FALSE	S:FALSE	S:nominal_p05	S:FALSE
S:Emc6	S:EMC6	D:0.217868787662441	D:0.00195160493320783	D:0.0116136610383422	D:-0.743420573078725	D:0.0411120788143882	D:0.458853169504871	D:0.961289360741166	S:TRUE	S:TRUE	S:TRUE	S:FALSE	D:-0.0100793847896572	D:7.24784302093046e-05	D:0.008404307029993389	S:TRUE	S:TRUE	S:TRUE	S:TRUE	S:nominal_p05	S:FALSE
S:Ensa	S:ENSA	D:0.188596490910781	D:0.00012216781934778	D:0.00184274637499566	D:-0.0410396706164959	D:0.600562119726965	D:0.930480491091948	D:0.229636161527277	S:TRUE	S:TRUE	S:TRUE	S:FALSE	D:-0.00553048793092133	D:0.00085260782850958	D:0.0281852086246189	S:TRUE	S:TRUE	S:TRUE	S:TRUE	S:nominal_p05	S:FALSE
S:Ephb2	S:EPHB2	D:0.323135528977269	D:0.00541690974777831	D:0.0240274958678035	D:-0.143106514513566	D:0.195454849086945	D:0.720200722499532	D:0.466242043490835	S:TRUE	S:TRUE	S:TRUE	S:FALSE	D:-0.0123059262564302	D:0.0176274875966269	D:0.144700796446576	S:TRUE	S:TRUE	S:FALSE	S:FALSE	S:nominal_p05	S:FALSE
S:Ephb3	S:EPHB3	D:0.416190984745547	D:0.00045007022513424	D:0.00431637221963289	D:-0.0473585086322767	D:0.777931117484299	D:0.96206148888964	D:0.463549493377824	S:TRUE	S:TRUE	S:TRUE	S:FALSE	D:-0.0109760062960611	D:0.019148274884062	D:0.151452914644981	S:TRUE	S:TRUE	S:FALSE	S:FALSE	S:nominal_p05	S:FALSE
S:Epop	S:EPOP	D:0.382904398291478	D:0.0139206127730825	D:0.0475918641991972	D:-1.14240174224959	D:0.0245138433990678	D:0.379253233479775	D:1.52530614054107	S:TRUE	S:TRUE	S:TRUE	S:FALSE	D:-0.0165278552769405	D:0.00330749608045322	D:0.0587478855831561	S:TRUE	S:TRUE	S:TRUE	S:FALSE	S:nominal_p05	S:FALSE
S:Erp29	S:ERP29	D:0.214793166159825	D:0.00058815942014967	D:0.00510349824172566	D:-0.0745393660616101	D:0.348031974330778	D:0.837863707567427	D:0.289332532221435	S:TRUE	S:TRUE	S:TRUE	S:FALSE	D:-0.00759930947291215	D:0.015235780773338	D:0.133826627021454	S:TRUE	S:TRUE	S:FALSE	S:FALSE	S:nominal_p05	S:FALSE
S:Esrra	S:ESRRA	D:0.288940335377559	D:0.00069544332333925	D:0.00572786047320404	D:-0.180755670059491	D:0.0798717214767744	D:0.562487835516815	D:0.46969600543705	S:TRUE	S:TRUE	S:TRUE	S:FALSE	D:-0.0128113252313901	D:0.00197311045697692	D:0.0449114043151648	S:TRUE	S:TRUE	S:TRUE	S:TRUE	S:nominal_p05	S:FALSE
S:Etv4	S:ETV4	D:0.332778768439657	D:0.00287961865338109	D:0.0153705705427779	D:-0.214398591665853	D:0.236233941197051	D:0.75708598231075	D:0.54717736010551	S:TRUE	S:TRUE	S:TRUE	S:FALSE	D:-0.0165291346066462	D:0.008384647126651421	D:0.0981178664216318	S:TRUE	S:TRUE	S:TRUE	S:FALSE	S:nominal_p05	S:FALSE
S:F8a	S:F8A	D:0.40907499308417	D:0.00053824923513036	D:0.00480754353490886	D:-0.691837326386249	D:0.001449598690565	D:0.121808592732057	D:1.10091231947042	S:TRUE	S:TRUE	S:TRUE	S:FALSE	D:-0.0162954515944848	D:0.00060413570631145	D:0.0244732535843687	S:TRUE	S:TRUE	S:TRUE	S:TRUE	S:nominal_p05	S:FALSE
S:Faap100	S:FAAP100	D:0.641979375019701	D:9.08671470816111e-06	D:0.00035306786340313	D:-0.0354160070758585	D:0.787481555956336	D:0.963800758106709	D:0.6773953820955601	S:TRUE	S:TRUE	S:TRUE	S:FALSE	D:-0.0119217135360167	D:0.00645256965220324	D:0.0857721893854875	S:TRUE	S:TRUE	S:TRUE	S:FALSE	S:nominal_p05	S:FALSE
S:Fam163a	S:FAM163A	D:0.329658098712534	D:0.00109628132610737	D:0.00781094285967648	D:0.007995851928458669	D:0.949443764476453	D:0.99321895867201	D:0.321662246784075	S:TRUE	S:TRUE	S:FALSE	S:FALSE	D:-0.0155407494220945	D:0.00253621109743954	D:0.0512159079994446	S:TRUE	S:TRUE	S:TRUE	S:FALSE	S:nominal_p05	S:FALSE
S:Fam181b	S:FAM181B	D:0.252738910283478	D:0.0040439198262953	D:0.0195810204661757	D:-0.555653941360439	D:0.00313601136704989	D:0.164590328076038	D:0.8083928516439171	S:TRUE	S:TRUE	S:TRUE	S:FALSE	D:-0.0290864279836727	D:2.91205281410577e-05	D:0.00535265555654061	S:TRUE	S:TRUE	S:TRUE	S:TRUE	S:nominal_p05	S:FALSE
S:Fam193b	S:FAM193B	D:0.155124329961456	D:0.00349943281007122	D:0.0176789382849137	D:-0.0636420244098959	D:0.660696954384961	D:0.942803399485736	D:0.218766354371352	S:TRUE	S:TRUE	S:TRUE	S:FALSE	D:-0.0109867097815666	D:0.0058403124451782	D:0.0810217009418739	S:TRUE	S:TRUE	S:TRUE	S:FALSE	S:nominal_p05	S:FALSE
S:Fam43a	S:FAM43A	D:0.269547108669763	D:0.00233609876627397	D:0.0132312160563563	D:-0.612515262670931	D:0.00065739560523254	D:0.0867887417117474	D:0.882062371340694	S:TRUE	S:TRUE	S:TRUE	S:FALSE	D:-0.0135191286483109	D:0.00472196808192587	D:0.07200903682917061	S:TRUE	S:TRUE	S:TRUE	S:FALSE	S:nominal_p05	S:FALSE
S:Fam43b	S:FAM43B	D:0.713743695430008	D:1.21806660863324e-06	D:0.0001177439630894	D:-0.668764341680397	D:0.0037762965086346	D:0.180410412648924	D:1.38250803711041	S:TRUE	S:TRUE	S:TRUE	S:FALSE	D:-0.0201666518642319	D:0.00280769786072193	D:0.0538103175240439	S:TRUE	S:TRUE	S:TRUE	S:FALSE	S:nominal_p05	S:FALSE
S:Fam98c	S:FAM98C	D:0.261562020778632	D:0.00176689735638766	D:0.010849376975679	D:-0.473250302729148	D:0.00722530593325691	D:0.238973636959674	D:0.73481232350778	S:TRUE	S:TRUE	S:TRUE	S:FALSE	D:-0.0144632253625596	D:8.02124683178034e-05	D:0.008962892596214189	S:TRUE	S:TRUE	S:TRUE	S:TRUE	S:nominal_p05	S:FALSE
S:Fbxl19	S:FBXL19	D:0.260240642556998	D:0.00141150539188616	D:0.00928489418156485	D:-0.115957209099334	D:0.350625543091581	D:0.839152499712619	D:0.376197851656332	S:TRUE	S:TRUE	S:TRUE	S:FALSE	D:-0.0150917208884999	D:0.00301775993081958	D:0.0560306544254992	S:TRUE	S:TRUE	S:TRUE	S:FALSE	S:nominal_p05	S:FALSE
S:Fbxo33	S:FBXO33	D:0.189785316578417	D:0.00081749278893893	D:0.00637467446288687	D:0.15349699097783	D:0.0838841253339651	D:0.569523139447819	D:0.036288325600587	S:TRUE	S:TRUE	S:FALSE	S:FALSE	D:-0.00522939432029912	D:0.0492272619537235	D:0.243602475418197	S:TRUE	S:TRUE	S:FALSE	S:FALSE	S:nominal_p05	S:FALSE
S:Fkbp2	S:FKBP2	D:0.251571466288572	D:8.16514073290229e-05	D:0.00145358795263418	D:-0.220453825463537	D:0.0210420019840799	D:0.353442821845678	D:0.472025291752109	S:TRUE	S:TRUE	S:TRUE	S:FALSE	D:-0.0166545409928179	D:0.00053013240262834	D:0.022943781941922	S:TRUE	S:TRUE	S:TRUE	S:TRUE	S:nominal_p05	S:FALSE
S:Fmnl1	S:FMNL1	D:0.9998609914447369	D:2.4799745257505e-05	D:0.00067667876345478	D:-0.245433942481399	D:0.114321931673357	D:0.624509768519763	D:1.24529493392614	S:TRUE	S:TRUE	S:TRUE	S:FALSE	D:-0.0131236697525886	D:0.0350231781974109	D:0.20685004835119	S:TRUE	S:TRUE	S:FALSE	S:FALSE	S:nominal_p05	S:FALSE
S:Fosb	S:FOSB	D:1.77902867217705	D:7.03431745044437e-07	D:8.20861770460633e-05	D:-0.361817110805181	D:0.0853779716551111	D:0.570140049889148	D:2.14084578298223	S:TRUE	S:TRUE	S:TRUE	S:FALSE	D:-0.0254100207307483	D:0.00446638245377603	D:0.0695043702427469	S:TRUE	S:TRUE	S:TRUE	S:FALSE	S:nominal_p05	S:FALSE
S:Fosl2	S:FOSL2	D:1.3012859320072	D:3.20186038641163e-05	D:0.00078876184777197	D:-0.00245726966899199	D:0.983547300853014	D:0.997726508490639	D:1.30374320167619	S:TRUE	S:TRUE	S:TRUE	S:FALSE	D:-0.0302972047718887	D:0.0177539212990842	D:0.144997060898897	S:TRUE	S:TRUE	S:FALSE	S:FALSE	S:nominal_p05	S:FALSE
S:Fscn1	S:FSCN1	D:0.545039470320112	D:3.25169281633434e-05	D:0.00079184464235558	D:-0.441828964153125	D:0.00047581519778069	D:0.0741095536138876	D:0.986868434473237	S:TRUE	S:TRUE	S:TRUE	S:FALSE	D:-0.0105548476082539	D:2.05692466428738e-05	D:0.00426106966690634	S:TRUE	S:TRUE	S:TRUE	S:TRUE	S:nominal_p05	S:FALSE
S:Fsd1	S:FSD1	D:0.152220409162685	D:0.0136494525744509	D:0.0469483123590303	D:-0.113201002638953	D:0.394207377776998	D:0.860525634464599	D:0.265421411801638	S:TRUE	S:TRUE	S:TRUE	S:FALSE	D:-0.00894159749132741	D:0.00562573322384107	D:0.0797245529961243	S:TRUE	S:TRUE	S:TRUE	S:FALSE	S:nominal_p05	S:FALSE
S:Fv1	S:FV1	D:0.328464813439137	D:0.008520312427203179	D:0.0332482430192291	D:0.110763453070136	D:0.615150902095993	D:0.934293965176619	D:0.217701360369001	S:TRUE	S:TRUE	S:FALSE	S:FALSE	D:-0.0237386617440045	D:0.0100391383439123	D:0.10817743638031	S:TRUE	S:TRUE	S:FALSE	S:FALSE	S:nominal_p05	S:FALSE
S:Gabra2	S:GABRA2	D:0.315527757357764	D:0.00051478252451922	D:0.00468244143333241	D:0.136773490286228	D:0.143407350246809	D:0.660881800946542	D:0.178754267071536	S:TRUE	S:TRUE	S:FALSE	S:FALSE	D:-0.0106851188583799	D:0.0245897407736377	D:0.172941380375461	S:TRUE	S:TRUE	S:FALSE	S:FALSE	S:nominal_p05	S:FALSE
S:Gadd45a	S:GADD45A	D:0.757523189588277	D:0.0009438044340957001	D:0.00703107692374026	D:-0.435172164695034	D:0.176395591426087	D:0.703451003552478	D:1.19269535428331	S:TRUE	S:TRUE	S:TRUE	S:FALSE	D:-0.0135318915158685	D:0.0459419691486869	D:0.236007893897853	S:TRUE	S:TRUE	S:FALSE	S:FALSE	S:nominal_p05	S:FALSE
S:Galnt18	S:GALNT18	D:0.268854372556079	D:0.00033906765785699	D:0.00354547815728852	D:-0.009720014894536571	D:0.929460569301255	D:0.991972245055622	D:0.278574387450616	S:TRUE	S:TRUE	S:TRUE	S:FALSE	D:-0.0139110297525542	D:0.00084531232785378	D:0.0280367001400953	S:TRUE	S:TRUE	S:TRUE	S:TRUE	S:nominal_p05	S:FALSE
S:Galnt9	S:GALNT9	D:0.9346944792784661	D:2.34356976406638e-06	D:0.00016375912329164	D:-0.139978454967797	D:0.125345788403681	D:0.639380846461996	D:1.07467293424626	S:TRUE	S:TRUE	S:TRUE	S:FALSE	D:-0.0110756946420453	D:0.040146068833924	D:0.220735870298103	S:TRUE	S:TRUE	S:FALSE	S:FALSE	S:nominal_p05	S:FALSE
S:Gas2l1	S:GAS2L1	D:0.249448331076989	D:0.00483289561260125	D:0.02213692405275	D:-0.25474151768116	D:0.0243799575153363	D:0.378359040842005	D:0.504189848758149	S:TRUE	S:TRUE	S:TRUE	S:FALSE	D:-0.00823250662971476	D:0.00374989457358549	D:0.06368158987410499	S:TRUE	S:TRUE	S:TRUE	S:FALSE	S:nominal_p05	S:FALSE
S:Gfod2	S:GFOD2	D:0.236473258309148	D:0.00344082514654078	D:0.0174775395860657	D:0.00484134329435098	D:0.964824720792005	D:0.99686718351952	D:0.231631915014797	S:TRUE	S:TRUE	S:FALSE	S:FALSE	D:-0.013771548811133	D:0.00039167110280517	D:0.0191052308672879	S:TRUE	S:TRUE	S:TRUE	S:TRUE	S:nominal_p05	S:FALSE
S:Gfra2	S:GFRA2	D:0.327461791605845	D:0.0006455504382492	D:0.00544028050833511	D:-0.253535833810686	D:0.093929373127977	D:0.588097999232166	D:0.580997625416531	S:TRUE	S:TRUE	S:TRUE	S:FALSE	D:-0.00836976233696876	D:0.0133234451662763	D:0.125328754352365	S:TRUE	S:TRUE	S:FALSE	S:FALSE	S:nominal_p05	S:FALSE
S:Gga1	S:GGA1	D:0.146182406785427	D:0.008393269892801279	D:0.0329189776374514	D:0.014917422729927	D:0.874186602771531	D:0.983059174193336	D:0.1312649840555	S:TRUE	S:TRUE	S:FALSE	S:FALSE	D:-0.0104749207087365	D:0.00047648601954825	D:0.0215846996128039	S:TRUE	S:TRUE	S:TRUE	S:TRUE	S:nominal_p05	S:FALSE
S:Gipc1	S:GIPC1	D:0.209564535194833	D:0.00548255875471805	D:0.0242459086411585	D:-0.182439714104204	D:0.06893080951067911	D:0.539799818308112	D:0.392004249299037	S:TRUE	S:TRUE	S:TRUE	S:FALSE	D:-0.0104011145461877	D:0.00623255144715821	D:0.08413608401554359	S:TRUE	S:TRUE	S:TRUE	S:FALSE	S:nominal_p05	S:FALSE
S:Gm13889	S:GM13889	D:0.357054706262091	D:0.00833510731799611	D:0.0327719385694922	D:-0.552604008516653	D:0.00900382404624462	D:0.258944001927475	D:0.909658714778744	S:TRUE	S:TRUE	S:TRUE	S:FALSE	D:-0.0227087076832191	D:5.32442832470145e-05	D:0.00732795411484062	S:TRUE	S:TRUE	S:TRUE	S:TRUE	S:nominal_p05	S:FALSE
S:Gmppb	S:GMPPB	D:0.5424476280741291	D:4.21872915739345e-05	D:0.00093541543849144	D:-0.135518014541325	D:0.349411213116323	D:0.839004892091712	D:0.677965642615454	S:TRUE	S:TRUE	S:TRUE	S:FALSE	D:-0.0165563198464826	D:0.008882063760958601	D:0.101633319337334	S:TRUE	S:TRUE	S:FALSE	S:FALSE	S:nominal_p05	S:FALSE
S:Gon7	S:GON7	D:0.234519108942279	D:0.0142101812465274	D:0.0483006010508575	D:-0.0703578305604744	D:0.74853884232645	D:0.956697951837305	D:0.304876939502753	S:TRUE	S:TRUE	S:TRUE	S:FALSE	D:-0.0141684380284229	D:0.020416330300654	D:0.157174790399017	S:TRUE	S:TRUE	S:FALSE	S:FALSE	S:nominal_p05	S:FALSE
S:Gorasp1	S:GORASP1	D:0.175411564766724	D:0.00440454062259023	D:0.0207565940814278	D:-0.0460241710489191	D:0.639570999349146	D:0.939954192743824	D:0.221435735815643	S:TRUE	S:TRUE	S:TRUE	S:FALSE	D:-0.00870055509162489	D:0.008221958857421521	D:0.09737373862111549	S:TRUE	S:TRUE	S:TRUE	S:FALSE	S:nominal_p05	S:FALSE
S:Gpc1	S:GPC1	D:0.34234271024062	D:0.00019888578408816	D:0.00250830257370702	D:-0.12362180419836	D:0.195705852225584	D:0.720212436368642	D:0.46596451443898	S:TRUE	S:TRUE	S:TRUE	S:FALSE	D:-0.00567805006495665	D:0.00217351104260997	D:0.0479152504127578	S:TRUE	S:TRUE	S:TRUE	S:TRUE	S:nominal_p05	S:FALSE
S:Gpd1	S:GPD1	D:0.431322826058688	D:5.12062925498517e-05	D:0.00104107624455809	D:0.0873581368083063	D:0.469760042688072	D:0.89221962316085	D:0.343964689250382	S:TRUE	S:TRUE	S:FALSE	S:FALSE	D:-0.00666404725908096	D:0.0480365172429628	D:0.241782492058014	S:TRUE	S:TRUE	S:FALSE	S:FALSE	S:nominal_p05	S:FALSE
S:Gpr162	S:GPR162	D:0.349141373312254	D:6.07793196074796e-05	D:0.00118080214918796	D:-0.0937143581169477	D:0.231675452396364	D:0.7547556101335841	D:0.442855731429202	S:TRUE	S:TRUE	S:TRUE	S:FALSE	D:-0.0161107344618458	D:0.00020643383305305	D:0.014254758726589	S:TRUE	S:TRUE	S:TRUE	S:TRUE	S:nominal_p05	S:FALSE
S:Gpr17	S:GPR17	D:0.469613035402912	D:3.05290469593238e-06	D:0.00019515200864764	D:-0.3053088627116	D:0.0139362008388298	D:0.303789463936097	D:0.774921898114512	S:TRUE	S:TRUE	S:TRUE	S:FALSE	D:-0.0335465504899624	D:1.96509980476633e-05	D:0.00422679394653058	S:TRUE	S:TRUE	S:TRUE	S:TRUE	S:nominal_p05	S:FALSE
S:Gpr19	S:GPR19	D:0.301414840813544	D:0.00232095098573028	D:0.0131831013890298	D:-0.167338007543324	D:0.247576527494959	D:0.767764166473183	D:0.468752848356868	S:TRUE	S:TRUE	S:TRUE	S:FALSE	D:-0.009684274730393461	D:0.0369840799662151	D:0.212422268640844	S:TRUE	S:TRUE	S:FALSE	S:FALSE	S:nominal_p05	S:FALSE
S:Gpr27	S:GPR27	D:0.23249927472324	D:0.00083784348278338	D:0.00647918669881218	D:-0.0407227599698906	D:0.77108776938448	D:0.9608456412577649	D:0.273222034693131	S:TRUE	S:TRUE	S:TRUE	S:FALSE	D:-0.0167761221982693	D:6.479541018725391e-05	D:0.007859427484357889	S:TRUE	S:TRUE	S:TRUE	S:TRUE	S:nominal_p05	S:FALSE
S:Gpr3	S:GPR3	D:1.66855434030818	D:1.60388808220966e-08	D:1.39968969433384e-05	D:-0.544256230487421	D:0.00737980916171332	D:0.240138297182324	D:2.2128105707956	S:TRUE	S:TRUE	S:TRUE	S:FALSE	D:-0.0322359312914775	D:0.0177566608173689	D:0.144997060898897	S:TRUE	S:TRUE	S:FALSE	S:FALSE	S:nominal_p05	S:FALSE
S:Gpr4	S:GPR4	D:0.423727252139403	D:0.0126370380830656	D:0.0443513315764533	D:0.201941661615284	D:0.457606113836992	D:0.887894288705662	D:0.221785590524119	S:TRUE	S:TRUE	S:FALSE	S:FALSE	D:-0.0140246901868658	D:0.0385481299202836	D:0.215974162188895	S:TRUE	S:TRUE	S:FALSE	S:FALSE	S:nominal_p05	S:FALSE
S:Gramd4	S:GRAMD4	D:0.296040713877878	D:0.00134726921001139	D:0.008981997420766739	D:-0.0738858288662282	D:0.526390635342589	D:0.908950839923476	D:0.369926542744106	S:TRUE	S:TRUE	S:TRUE	S:FALSE	D:-0.00605165168420655	D:0.0378831906118381	D:0.214117837311606	S:TRUE	S:TRUE	S:FALSE	S:FALSE	S:nominal_p05	S:FALSE
S:Grin2c	S:GRIN2C	D:0.299624939132025	D:0.00485742455007926	D:0.022223593475442	D:-0.292745923087776	D:0.0352992968964483	D:0.440621127467977	D:0.592370862219801	S:TRUE	S:TRUE	S:TRUE	S:FALSE	D:-0.0119109264820937	D:0.0175247635692534	D:0.144242886574252	S:TRUE	S:TRUE	S:FALSE	S:FALSE	S:nominal_p05	S:FALSE
S:Grk2	S:GRK2	D:0.258548478189026	D:0.00024774370634557	D:0.00286259473006916	D:-0.031356988945162	D:0.781904847783514	D:0.962458144671694	D:0.289905467134188	S:TRUE	S:TRUE	S:TRUE	S:FALSE	D:-0.00637196609623988	D:0.00458587450744426	D:0.0706797732611078	S:TRUE	S:TRUE	S:TRUE	S:FALSE	S:nominal_p05	S:FALSE
S:Grwd1	S:GRWD1	D:0.232020242134924	D:0.00697178192236829	D:0.0286553432240873	D:-0.148539121751721	D:0.25546610545939	D:0.774829966008322	D:0.380559363886645	S:TRUE	S:TRUE	S:TRUE	S:FALSE	D:-0.009545235526597281	D:0.0288035610025384	D:0.187266550466541	S:TRUE	S:TRUE	S:FALSE	S:FALSE	S:nominal_p05	S:FALSE
S:H13	S:H13	D:0.286276276871672	D:0.00011801268927002	D:0.0018061064915069	D:-0.134193258400035	D:0.266719689520108	D:0.781794842334141	D:0.420469535271707	S:TRUE	S:TRUE	S:TRUE	S:FALSE	D:-0.00581530678617798	D:0.011992668384674	D:0.119465291847989	S:TRUE	S:TRUE	S:FALSE	S:FALSE	S:nominal_p05	S:FALSE
S:Hax1	S:HAX1	D:0.36100953619035	D:0.00011259248079418	D:0.00175509203346129	D:-0.0367155324988407	D:0.852509766355097	D:0.979569192686214	D:0.397725068689191	S:TRUE	S:TRUE	S:TRUE	S:FALSE	D:-0.0109299986836562	D:0.00052623096432928	D:0.0228823591729693	S:TRUE	S:TRUE	S:TRUE	S:TRUE	S:nominal_p05	S:FALSE
S:Hdac5	S:HDAC5	D:0.361787274593308	D:8.551380286492741e-05	D:0.00148989345744557	D:-0.183821182635079	D:0.151916268398871	D:0.673445255051215	D:0.545608457228387	S:TRUE	S:TRUE	S:TRUE	S:FALSE	D:-0.008424443386754681	D:0.00795672075347882	D:0.09533593271841059	S:TRUE	S:TRUE	S:TRUE	S:FALSE	S:nominal_p05	S:FALSE
S:Hexim1	S:HEXIM1	D:0.572526243309608	D:2.74939144355656e-06	D:0.0001800488901844	D:-0.07194700628592809	D:0.419277706616232	D:0.872905887456415	D:0.644473249595536	S:TRUE	S:TRUE	S:TRUE	S:FALSE	D:-0.0119902780704585	D:0.00257593717449218	D:0.0514545543728195	S:TRUE	S:TRUE	S:TRUE	S:FALSE	S:nominal_p05	S:FALSE
S:Hif1an	S:HIF1AN	D:0.299709203959176	D:7.18993196539916e-06	D:0.00031434027725423	D:-0.0926424460244733	D:0.399558811422635	D:0.863799788512253	D:0.392351649983649	S:TRUE	S:TRUE	S:TRUE	S:FALSE	D:-0.007817597907452321	D:0.013980759363395	D:0.127919515939689	S:TRUE	S:TRUE	S:FALSE	S:FALSE	S:nominal_p05	S:FALSE
S:Hmga1	S:HMGA1	D:0.198510446380337	D:0.0119823964376884	D:0.0425244975882414	D:-0.10369930769702	D:0.378387191491304	D:0.854413252333261	D:0.302209754077357	S:TRUE	S:TRUE	S:TRUE	S:FALSE	D:-0.00770852594282852	D:0.00181233636420151	D:0.0429486446616752	S:TRUE	S:TRUE	S:TRUE	S:TRUE	S:nominal_p05	S:FALSE
S:Hnrnpa2b1	S:HNRNPA2B1	D:0.154519128712064	D:0.00288628556006958	D:0.0153906104889953	D:-0.0447436821647617	D:0.5235500497201649	D:0.907966305049733	D:0.199262810876826	S:TRUE	S:TRUE	S:TRUE	S:FALSE	D:-0.00562659460962517	D:0.00121823990881843	D:0.0350949539506582	S:TRUE	S:TRUE	S:TRUE	S:TRUE	S:nominal_p05	S:FALSE
S:Hnrnph3	S:HNRNPH3	D:0.15369572945721	D:0.0119629159957716	D:0.0424841465461508	D:-0.245386031750838	D:0.048896768769249	D:0.485535106503818	D:0.399081761208048	S:TRUE	S:TRUE	S:TRUE	S:FALSE	D:-0.00975397491400194	D:0.0142827680358589	D:0.129719898658685	S:TRUE	S:TRUE	S:FALSE	S:FALSE	S:nominal_p05	S:FALSE
S:Hnrnpul2	S:HNRNPUL2	D:0.132623975641623	D:0.00327228977765569	D:0.0168536744136373	D:-0.121679448715451	D:0.1162873046495	D:0.626178183436126	D:0.254303424357074	S:TRUE	S:TRUE	S:TRUE	S:FALSE	D:-0.00319415637377517	D:0.0232196091889728	D:0.168430133793745	S:TRUE	S:TRUE	S:FALSE	S:FALSE	S:nominal_p05	S:FALSE
S:Hpcal4	S:HPCAL4	D:0.239454665823049	D:0.0009810563212222199	D:0.0072203741227186	D:0.130496040014722	D:0.118146425156881	D:0.629511012134346	D:0.108958625808327	S:TRUE	S:TRUE	S:FALSE	S:FALSE	D:-0.0100040401407	D:0.0125985527347636	D:0.122252377247808	S:TRUE	S:TRUE	S:FALSE	S:FALSE	S:nominal_p05	S:FALSE
S:Hrk	S:HRK	D:0.214987376213243	D:0.00631848192750367	D:0.0267825919777315	D:-0.0947714515390862	D:0.341121790308005	D:0.834779775758356	D:0.309758827752329	S:TRUE	S:TRUE	S:TRUE	S:FALSE	D:-0.00715002827634127	D:0.040780924969898	D:0.222869477165788	S:TRUE	S:TRUE	S:FALSE	S:FALSE	S:nominal_p05	S:FALSE
S:Hs3st2	S:HS3ST2	D:0.29401689678599	D:0.00043481312830874	D:0.00422370865384717	D:-0.565244342763438	D:0.00260881606201779	D:0.152141529283162	D:0.859261239549428	S:TRUE	S:TRUE	S:TRUE	S:FALSE	D:-0.0198789413190278	D:0.00177897153385408	D:0.0424856193907612	S:TRUE	S:TRUE	S:TRUE	S:TRUE	S:nominal_p05	S:FALSE
S:Icam5	S:ICAM5	D:0.241300643080677	D:0.00188503504013434	D:0.0113582137937095	D:-0.260756962731697	D:0.06706731283104959	D:0.534302925554029	D:0.502057605812374	S:TRUE	S:TRUE	S:TRUE	S:FALSE	D:-0.0116519825570949	D:0.00141744221793757	D:0.0379845671106323	S:TRUE	S:TRUE	S:TRUE	S:TRUE	S:nominal_p05	S:FALSE
S:Idnk	S:IDNK	D:0.264821131863457	D:0.00167802528751019	D:0.010485508428419	D:-0.146270790905205	D:0.334560972998502	D:0.832152123427135	D:0.411091922768662	S:TRUE	S:TRUE	S:TRUE	S:FALSE	D:-0.0117180628392414	D:0.00127944145634207	D:0.0358496384963204	S:TRUE	S:TRUE	S:TRUE	S:TRUE	S:nominal_p05	S:FALSE
S:Ier5	S:IER5	D:0.889664218508786	D:1.78651023416793e-06	D:0.00014724743421244	D:-0.943396804753498	D:0.0154435310669483	D:0.313438107833143	D:1.83306102326228	S:TRUE	S:TRUE	S:TRUE	S:FALSE	D:-0.0232067313199168	D:0.00089464257037158	D:0.0292456118261364	S:TRUE	S:TRUE	S:TRUE	S:TRUE	S:nominal_p05	S:FALSE
S:Ier5l	S:IER5L	D:0.517010575854553	D:0.00105301109242097	D:0.00760518671897477	D:-1.16470408165055	D:0.114945912944965	D:0.625032617738542	D:1.6817146575051	S:TRUE	S:TRUE	S:TRUE	S:FALSE	D:-0.0223095636672659	D:0.00042426678154418	D:0.0198533163739344	S:TRUE	S:TRUE	S:TRUE	S:TRUE	S:nominal_p05	S:FALSE
S:Igfbp6	S:IGFBP6	D:0.346741404947051	D:0.00044547932670987	D:0.00428530568345364	D:-0.652066373238459	D:0.00566174319873569	D:0.216564246446462	D:0.99880777818551	S:TRUE	S:TRUE	S:TRUE	S:FALSE	D:-0.0126798639835313	D:0.0332776143629173	D:0.201255118304906	S:TRUE	S:TRUE	S:FALSE	S:FALSE	S:nominal_p05	S:FALSE
S:Il11ra1	S:IL11RA1	D:0.253866232465452	D:0.00078000309409201	D:0.006170353817685	D:-0.0312591305802745	D:0.7820258883540741	D:0.962458144671694	D:0.285125363045727	S:TRUE	S:TRUE	S:TRUE	S:FALSE	D:-0.0120572351177711	D:0.00788153931132925	D:0.0947274708493986	S:TRUE	S:TRUE	S:TRUE	S:FALSE	S:nominal_p05	S:FALSE
S:Il17ra	S:IL17RA	D:0.616898353312744	D:9.247174538131071e-06	D:0.00035754989744632	D:-0.20860365066878	D:0.316415984188048	D:0.817818128999715	D:0.825502003981524	S:TRUE	S:TRUE	S:TRUE	S:FALSE	D:-0.0138146822571518	D:0.0111213927482855	D:0.114294937625496	S:TRUE	S:TRUE	S:FALSE	S:FALSE	S:nominal_p05	S:FALSE
S:Il34	S:IL34	D:0.270031255884319	D:0.00014108331898113	D:0.002005913772025	D:-0.146617887061627	D:0.132222992721164	D:0.646961202798076	D:0.416649142945946	S:TRUE	S:TRUE	S:TRUE	S:FALSE	D:-0.009172501915791191	D:0.033200028874489	D:0.201020995848589	S:TRUE	S:TRUE	S:FALSE	S:FALSE	S:nominal_p05	S:FALSE
S:Ilrun	S:ILRUN	D:0.203350658250619	D:0.00030925364706261	D:0.00334766933453892	D:-0.0361394772381928	D:0.680389374021231	D:0.9439674338842881	D:0.239490135488812	S:TRUE	S:TRUE	S:TRUE	S:FALSE	D:-0.00633405422437379	D:0.00257543526673384	D:0.0514545543728195	S:TRUE	S:TRUE	S:TRUE	S:FALSE	S:nominal_p05	S:FALSE
S:Ina	S:INA	D:0.269935224691357	D:0.00055567058021236	D:0.00489935801340747	D:-0.178085584077312	D:0.057183685655422	D:0.505893414541018	D:0.448020808768669	S:TRUE	S:TRUE	S:TRUE	S:FALSE	D:-0.00764516299815639	D:0.0144629951875978	D:0.13032954167827	S:TRUE	S:TRUE	S:FALSE	S:FALSE	S:nominal_p05	S:FALSE
S:Inhba	S:INHBA	D:0.951918839316764	D:5.757397461701e-05	D:0.00113643824628583	D:-0.0705506928498616	D:0.832201552826514	D:0.975066228137515	D:1.02246953216663	S:TRUE	S:TRUE	S:TRUE	S:FALSE	D:-0.0201118245836657	D:0.0258709238970532	D:0.177599432288125	S:TRUE	S:TRUE	S:FALSE	S:FALSE	S:nominal_p05	S:FALSE
S:Inhbb	S:INHBB	D:0.433266959994981	D:0.00147311904644822	D:0.009583888877299379	D:-0.237130674478684	D:0.308725207911313	D:0.813138672252826	D:0.670397634473665	S:TRUE	S:TRUE	S:TRUE	S:FALSE	D:-0.020642516767462	D:0.00208925719887069	D:0.0467471298247317	S:TRUE	S:TRUE	S:TRUE	S:TRUE	S:nominal_p05	S:FALSE
S:Insyn1	S:INSYN1	D:0.332690218669755	D:0.00030405701139966	D:0.00330378053579091	D:-0.09492533938899921	D:0.419356241027117	D:0.872905887456415	D:0.427615558058754	S:TRUE	S:TRUE	S:TRUE	S:FALSE	D:-0.009713299820842861	D:0.00133168999844421	D:0.0366090670048298	S:TRUE	S:TRUE	S:TRUE	S:TRUE	S:nominal_p05	S:FALSE
S:Irf2bp2	S:IRF2BP2	D:0.627167704170003	D:1.30781477246165e-05	D:0.00044395690766241	D:-0.443510153844843	D:0.0145787264537208	D:0.306549204793394	D:1.07067785801485	S:TRUE	S:TRUE	S:TRUE	S:FALSE	D:-0.0110616848084879	D:0.00255475357012552	D:0.0512628098895376	S:TRUE	S:TRUE	S:TRUE	S:FALSE	S:nominal_p05	S:FALSE
S:Irf2bpl	S:IRF2BPL	D:0.450432924275338	D:2.56562624460202e-05	D:0.000690614675359	D:-0.417498756807933	D:0.00711493244062208	D:0.238174945475422	D:0.867931681083271	S:TRUE	S:TRUE	S:TRUE	S:FALSE	D:-0.0153016796895525	D:0.00013975052616871	D:0.0114588448205599	S:TRUE	S:TRUE	S:TRUE	S:TRUE	S:nominal_p05	S:FALSE
S:Irf3	S:IRF3	D:0.379163863136396	D:0.00028839578666021	D:0.00317937302220056	D:-0.117254620828155	D:0.516180394037292	D:0.90682185854874	D:0.496418483964551	S:TRUE	S:TRUE	S:TRUE	S:FALSE	D:-0.0147010291763586	D:0.0118083886041714	D:0.11890292774173	S:TRUE	S:TRUE	S:FALSE	S:FALSE	S:nominal_p05	S:FALSE
S:Jdp2	S:JDP2	D:0.402313738873101	D:0.00063265180012477	D:0.005380529878042	D:-0.251161643559987	D:0.0508090253199269	D:0.491496656653752	D:0.653475382433088	S:TRUE	S:TRUE	S:TRUE	S:FALSE	D:-0.008974103917897019	D:0.03454801022023	D:0.205339027862792	S:TRUE	S:TRUE	S:FALSE	S:FALSE	S:nominal_p05	S:FALSE
S:Josd1	S:JOSD1	D:0.215045268251064	D:0.00017337420946124	D:0.0022885106932466	D:-0.112683042925031	D:0.32957789319709	D:0.829599839552243	D:0.327728311176095	S:TRUE	S:TRUE	S:TRUE	S:FALSE	D:-0.00541106951807088	D:0.0328555789449313	D:0.199986236054044	S:TRUE	S:TRUE	S:FALSE	S:FALSE	S:nominal_p05	S:FALSE
S:Junb	S:JUNB	D:1.87518647873729	D:1.45046863447444e-06	D:0.00012998665665633	D:-0.701918217678966	D:0.171756506468159	D:0.696583418440014	D:2.57710469641626	S:TRUE	S:TRUE	S:TRUE	S:FALSE	D:-0.0314475610767519	D:0.0451069254472815	D:0.234197799062667	S:TRUE	S:TRUE	S:FALSE	S:FALSE	S:nominal_p05	S:FALSE
S:Kcnf1	S:KCNF1	D:0.425024737021835	D:1.00014059932413e-05	D:0.00037931169667668	D:-0.112139337233267	D:0.258649904667896	D:0.775427938089609	D:0.537164074255102	S:TRUE	S:TRUE	S:TRUE	S:FALSE	D:-0.01331293670807	D:0.00224149004496222	D:0.0485462318680475	S:TRUE	S:TRUE	S:TRUE	S:TRUE	S:nominal_p05	S:FALSE
S:Kcnj12	S:KCNJ12	D:0.618966033814933	D:7.04039484484859e-05	D:0.00131307505265158	D:-0.174232214026988	D:0.476472080349851	D:0.894473292386039	D:0.7931982478419209	S:TRUE	S:TRUE	S:TRUE	S:FALSE	D:-0.009046002902834119	D:0.0461495644704847	D:0.236415537688893	S:TRUE	S:TRUE	S:FALSE	S:FALSE	S:nominal_p05	S:FALSE
S:Kcnk1	S:KCNK1	D:0.295659334678261	D:8.34724881576445e-06	D:0.00033826583044095	D:-0.108727485763036	D:0.316201563163044	D:0.817818128999715	D:0.404386820441297	S:TRUE	S:TRUE	S:TRUE	S:FALSE	D:-0.008009375978832891	D:0.00388159048352319	D:0.0650074747622429	S:TRUE	S:TRUE	S:TRUE	S:FALSE	S:nominal_p05	S:FALSE
S:Kcnk3	S:KCNK3	D:0.23905666549502	D:0.00289185278489292	D:0.0154034407818047	D:-0.550661260998312	D:0.00244999659597309	D:0.148830547636457	D:0.7897179264933319	S:TRUE	S:TRUE	S:TRUE	S:FALSE	D:-0.00622079613056098	D:0.0331866182760055	D:0.201005808526515	S:TRUE	S:TRUE	S:FALSE	S:FALSE	S:nominal_p05	S:FALSE
S:Kctd20	S:KCTD20	D:0.156648535792089	D:0.0053123029162958	D:0.0237354871469835	D:0.0200699463151546	D:0.806973602324393	D:0.9688798771618931	D:0.136578589476934	S:TRUE	S:TRUE	S:FALSE	S:FALSE	D:-0.00883549047301971	D:2.83248291845485e-05	D:0.00532800247970339	S:TRUE	S:TRUE	S:TRUE	S:TRUE	S:nominal_p05	S:FALSE
S:Kdm6b	S:KDM6B	D:1.06642180183956	D:5.45113011784592e-07	D:7.26191308892532e-05	D:-0.131795298182103	D:0.279666784147846	D:0.793276235289019	D:1.19821710002166	S:TRUE	S:TRUE	S:TRUE	S:FALSE	D:-0.015374561873768	D:0.0232850091833509	D:0.168685938826499	S:TRUE	S:TRUE	S:FALSE	S:FALSE	S:nominal_p05	S:FALSE
S:Khdrbs3	S:KHDRBS3	D:0.230598709434379	D:6.97908278295988e-05	D:0.00130556203203026	D:-0.0987849489292662	D:0.309148598166799	D:0.813898297794092	D:0.329383658363645	S:TRUE	S:TRUE	S:TRUE	S:FALSE	D:-0.009924820807076729	D:0.0108651285097568	D:0.112483175727013	S:TRUE	S:TRUE	S:FALSE	S:FALSE	S:nominal_p05	S:FALSE
S:Klf10	S:KLF10	D:1.01196980523842	D:1.38154815933977e-07	D:3.42213796406459e-05	D:-0.264648553353579	D:0.0147365027797888	D:0.306742226475359	D:1.276618358592	S:TRUE	S:TRUE	S:TRUE	S:FALSE	D:-0.0256792835157834	D:0.0144220927664571	D:0.130228872113212	S:TRUE	S:TRUE	S:FALSE	S:FALSE	S:nominal_p05	S:FALSE
S:Klhdc8b	S:KLHDC8B	D:0.285098602777877	D:0.00120646398245356	D:0.00835049644779288	D:0.00753907192527271	D:0.955522278770163	D:0.994195219997947	D:0.277559530852604	S:TRUE	S:TRUE	S:FALSE	S:FALSE	D:-0.0131227258694979	D:0.0279112517150257	D:0.185164342192458	S:TRUE	S:TRUE	S:FALSE	S:FALSE	S:nominal_p05	S:FALSE
S:Klhl21	S:KLHL21	D:0.249800354768444	D:0.00160297098845741	D:0.0101728979503664	D:0.0245798988559185	D:0.834848632560232	D:0.975773334279084	D:0.225220455912526	S:TRUE	S:TRUE	S:FALSE	S:FALSE	D:-0.00950718418812559	D:0.0274316816282837	D:0.184159869568014	S:TRUE	S:TRUE	S:FALSE	S:FALSE	S:nominal_p05	S:FALSE
S:Lasp1	S:LASP1	D:0.125632330919692	D:0.0148310820479254	D:0.0499187141625819	D:-0.0412238088558104	D:0.704262581485245	D:0.948684702206759	D:0.166856139775502	S:TRUE	S:TRUE	S:TRUE	S:FALSE	D:-0.0116785390486255	D:0.00428321530049639	D:0.0682847813499233	S:TRUE	S:TRUE	S:TRUE	S:FALSE	S:nominal_p05	S:FALSE
S:Ldah	S:LDAH	D:0.168140223833561	D:0.0049783103603855	D:0.0225963164023874	D:-0.045878671327412	D:0.625186639292944	D:0.935561426379925	D:0.214018895160973	S:TRUE	S:TRUE	S:TRUE	S:FALSE	D:-0.00734253060569759	D:0.00959725723518867	D:0.105742322144057	S:TRUE	S:TRUE	S:FALSE	S:FALSE	S:nominal_p05	S:FALSE
S:Ldha	S:LDHA	D:0.22760783214818	D:8.869309623103949e-05	D:0.0015250017945235	D:0.0107090753207329	D:0.892306847435383	D:0.98537202472222	D:0.216898756827447	S:TRUE	S:TRUE	S:FALSE	S:FALSE	D:-0.0119163054029816	D:0.00042011467892198	D:0.0197867851141515	S:TRUE	S:TRUE	S:TRUE	S:TRUE	S:nominal_p05	S:FALSE
S:Limk2	S:LIMK2	D:0.152447987646171	D:0.00482998262328414	D:0.0221299752967987	D:-0.0816152096588194	D:0.316996393266239	D:0.8182959446692309	D:0.23406319730499	S:TRUE	S:TRUE	S:TRUE	S:FALSE	D:-0.00500435398855166	D:0.0372888164306156	D:0.212714699421801	S:TRUE	S:TRUE	S:FALSE	S:FALSE	S:nominal_p05	S:FALSE
S:Lingo1	S:LINGO1	D:0.398735963344919	D:0.00090717925767534	D:0.00685160208286195	D:-0.102247856188348	D:0.300798026016185	D:0.809734907282429	D:0.500983819533267	S:TRUE	S:TRUE	S:TRUE	S:FALSE	D:-0.00993239222683809	D:0.00402200482161609	D:0.0663492893200137	S:TRUE	S:TRUE	S:TRUE	S:FALSE	S:nominal_p05	S:FALSE
S:Llph	S:LLPH	D:0.169439289688984	D:0.00723402431472887	D:0.0294809736404619	D:-0.277245676446825	D:0.133434002973481	D:0.647622969896882	D:0.446684966135809	S:TRUE	S:TRUE	S:TRUE	S:FALSE	D:-0.00618776165187732	D:0.0178701844032213	D:0.145655433175151	S:TRUE	S:TRUE	S:FALSE	S:FALSE	S:nominal_p05	S:FALSE
S:Lman2	S:LMAN2	D:0.397974270766868	D:9.54488302040992e-07	D:0.0001015537117601	D:-0.00476619190644834	D:0.954049097827972	D:0.994029947068926	D:0.402740462673316	S:TRUE	S:TRUE	S:TRUE	S:FALSE	D:-0.00731296535780671	D:0.0300547258478553	D:0.191416905926456	S:TRUE	S:TRUE	S:FALSE	S:FALSE	S:nominal_p05	S:FALSE
S:Lman2l	S:LMAN2L	D:0.390530534444139	D:5.00924854854705e-07	D:6.89157705171286e-05	D:0.0141599952925248	D:0.871175395038374	D:0.983059174193336	D:0.376370539151614	S:TRUE	S:TRUE	S:FALSE	S:FALSE	D:-0.0117141776688891	D:0.0079257153257142	D:0.0950843123433925	S:TRUE	S:TRUE	S:TRUE	S:FALSE	S:nominal_p05	S:FALSE
S:Lrfn1	S:LRFN1	D:0.186410475037115	D:0.0136671025090644	D:0.0469784423408928	D:-0.299684882317152	D:0.0144191515326259	D:0.306549204793394	D:0.486095357354267	S:TRUE	S:TRUE	S:TRUE	S:FALSE	D:-0.0102367746476942	D:0.0004850763841239	D:0.0218130568148594	S:TRUE	S:TRUE	S:TRUE	S:TRUE	S:nominal_p05	S:FALSE
S:Lrrc59	S:LRRC59	D:0.210213362515	D:0.00042668592770994	D:0.00415931881012555	D:-0.157508436002763	D:0.148796778051898	D:0.6680596537414299	D:0.367721798517763	S:TRUE	S:TRUE	S:TRUE	S:FALSE	D:-0.00607270302924694	D:0.013433964075166	D:0.125854672588331	S:TRUE	S:TRUE	S:FALSE	S:FALSE	S:nominal_p05	S:FALSE
S:Lrrc73	S:LRRC73	D:0.218452555646893	D:0.009841198871148029	D:0.0369260415868189	D:-0.521303928746028	D:0.00120789223199001	D:0.118493973583088	D:0.739756484392921	S:TRUE	S:TRUE	S:TRUE	S:FALSE	D:-0.0121731527430279	D:0.0120541195883258	D:0.119465291847989	S:TRUE	S:TRUE	S:FALSE	S:FALSE	S:nominal_p05	S:FALSE
S:Lrrtm1	S:LRRTM1	D:0.308548236108477	D:4.79499995748187e-05	D:0.00100682297120477	D:0.0513944541085763	D:0.615555603608122	D:0.934293965176619	D:0.257153781999901	S:TRUE	S:TRUE	S:FALSE	S:FALSE	D:-0.00612988734599303	D:0.0268701354879593	D:0.181533414434411	S:TRUE	S:TRUE	S:FALSE	S:FALSE	S:nominal_p05	S:FALSE
S:Lypla2	S:LYPLA2	D:0.348609444884943	D:2.21176098219444e-05	D:0.00062169258625729	D:-0.03364117742634	D:0.7544244338918	D:0.957523199678687	D:0.382250622311283	S:TRUE	S:TRUE	S:TRUE	S:FALSE	D:-0.0128758182293586	D:0.00155094877858458	D:0.0397672324324725	S:TRUE	S:TRUE	S:TRUE	S:TRUE	S:nominal_p05	S:FALSE
S:Lysmd1	S:LYSMD1	D:0.210939918880942	D:0.009560173230240941	D:0.0361644224738855	D:0.0587322893036876	D:0.716481032700226	D:0.9511841612975001	D:0.152207629577254	S:TRUE	S:TRUE	S:FALSE	S:FALSE	D:-0.0124714313588567	D:0.00129711852417321	D:0.0360628464484612	S:TRUE	S:TRUE	S:TRUE	S:TRUE	S:nominal_p05	S:FALSE
S:Mafg	S:MAFG	D:0.5091562967029279	D:8.19476283421736e-07	D:9.16651053092177e-05	D:-0.0348359920878425	D:0.756819073150501	D:0.957523199678687	D:0.54399228879077	S:TRUE	S:TRUE	S:TRUE	S:FALSE	D:-0.00787764159239923	D:0.0300663857212968	D:0.191416905926456	S:TRUE	S:TRUE	S:FALSE	S:FALSE	S:nominal_p05	S:FALSE
S:Map2k2	S:MAP2K2	D:0.163851670525179	D:0.0142353458278957	D:0.0483550326568739	D:-0.188472259768404	D:0.0630260979179862	D:0.521592698112911	D:0.352323930293583	S:TRUE	S:TRUE	S:TRUE	S:FALSE	D:-0.00711153735742164	D:0.00522193754387634	D:0.0760480746417441	S:TRUE	S:TRUE	S:TRUE	S:FALSE	S:nominal_p05	S:FALSE
S:Map3k10	S:MAP3K10	D:0.185116819805732	D:0.011310788203919	D:0.0408079029123186	D:-0.290462962930814	D:0.0151906279765914	D:0.310578886447655	D:0.475579782736546	S:TRUE	S:TRUE	S:TRUE	S:FALSE	D:-0.0132778779547327	D:3.95102945149536e-05	D:0.00611253810177463	S:TRUE	S:TRUE	S:TRUE	S:TRUE	S:nominal_p05	S:FALSE
S:Mapk11	S:MAPK11	D:0.508626338931615	D:3.92352930460706e-05	D:0.00089367399520022	D:-0.451049459453736	D:0.00432197417114265	D:0.187373841602832	D:0.959675798385351	S:TRUE	S:TRUE	S:TRUE	S:FALSE	D:-0.011994177338152	D:0.012384892481971	D:0.121353641327841	S:TRUE	S:TRUE	S:FALSE	S:FALSE	S:nominal_p05	S:FALSE
S:Mapk8ip1	S:MAPK8IP1	D:0.27788068152236	D:0.00010855796516575	D:0.00171866676644065	D:-0.153739213036343	D:0.0953229367457132	D:0.588911593363931	D:0.431619894558703	S:TRUE	S:TRUE	S:TRUE	S:FALSE	D:-0.00536449777549716	D:0.00104260735815534	D:0.0320910715564442	S:TRUE	S:TRUE	S:TRUE	S:TRUE	S:nominal_p05	S:FALSE
S:Marchf4	S:MARCHF4	D:0.342105381996662	D:0.00167972094788471	D:0.0104894715927557	D:-0.119123697053455	D:0.282636127289282	D:0.794867518053159	D:0.461229079050117	S:TRUE	S:TRUE	S:TRUE	S:FALSE	D:-0.0127621361089302	D:0.00013590874337367	D:0.0113897704617296	S:TRUE	S:TRUE	S:TRUE	S:TRUE	S:nominal_p05	S:FALSE
S:Maz	S:MAZ	D:0.174764105295036	D:0.00852126483234264	D:0.0332482430192291	D:-0.421593531074861	D:0.0073715959313492	D:0.240138297182324	D:0.596357636369897	S:TRUE	S:TRUE	S:TRUE	S:FALSE	D:-0.0132725963146867	D:3.37824226938198e-05	D:0.00566224115641777	S:TRUE	S:TRUE	S:TRUE	S:TRUE	S:nominal_p05	S:FALSE
S:Mcrip2	S:MCRIP2	D:0.360172275135497	D:0.00185149113254967	D:0.011220064573513	D:-0.660571547243017	D:0.00610034703774852	D:0.222614214500992	D:1.02074382237851	S:TRUE	S:TRUE	S:TRUE	S:FALSE	D:-0.0138317073676188	D:0.0499703575452804	D:0.245092706055423	S:TRUE	S:TRUE	S:FALSE	S:FALSE	S:nominal_p05	S:FALSE
S:Med10	S:MED10	D:0.220548069335924	D:0.00183877971295797	D:0.0111558265555005	D:-0.151560211199447	D:0.241724174979992	D:0.763226460618777	D:0.372108280535371	S:TRUE	S:TRUE	S:TRUE	S:FALSE	D:-0.00524111135041979	D:0.0282360307825952	D:0.185784212903313	S:TRUE	S:TRUE	S:FALSE	S:FALSE	S:nominal_p05	S:FALSE
S:Megf11	S:MEGF11	D:0.5738575142487869	D:4.99523765644395e-05	D:0.00102686763667696	D:0.0368215220395386	D:0.782621418339055	D:0.962458144671694	D:0.537035992209248	S:TRUE	S:TRUE	S:FALSE	S:FALSE	D:-0.0113452271154384	D:0.0136189375474064	D:0.126862230007307	S:TRUE	S:TRUE	S:FALSE	S:FALSE	S:nominal_p05	S:FALSE
S:Mex3d	S:MEX3D	D:0.24513896948354	D:0.00249314695788282	D:0.0138515292184227	D:-0.508059628361638	D:0.0135100079633742	D:0.300121362801752	D:0.753198597845178	S:TRUE	S:TRUE	S:TRUE	S:FALSE	D:-0.0128923109102802	D:0.0314991623455761	D:0.196265649261706	S:TRUE	S:TRUE	S:FALSE	S:FALSE	S:nominal_p05	S:FALSE
S:Mfsd12	S:MFSD12	D:0.154702339724133	D:0.0130189220498963	D:0.0454021314983621	D:-0.207262629424069	D:0.068520726356365	D:0.538760243194516	D:0.361964969148202	S:TRUE	S:TRUE	S:TRUE	S:FALSE	D:-0.011740605897522	D:0.00780335307608509	D:0.09457869387335931	S:TRUE	S:TRUE	S:TRUE	S:FALSE	S:nominal_p05	S:FALSE
S:Mgl2	S:MGL2	D:0.7596550224436029	D:0.00844102119358672	D:0.0330571909540342	D:-0.807094013353761	D:0.355303915222812	D:1	D:1.56674903579736	S:TRUE	S:TRUE	S:TRUE	S:FALSE	D:-0.0492623908558009	D:0.0129965990731248	D:0.123961871242215	S:TRUE	S:TRUE	S:FALSE	S:FALSE	S:nominal_p05	S:FALSE
S:Mical2	S:MICAL2	D:0.700303673233723	D:4.69813018616343e-06	D:0.00023875138244181	D:-0.031030941883117	D:0.772610578361989	D:0.961221310110742	D:0.7313346151168399	S:TRUE	S:TRUE	S:TRUE	S:FALSE	D:-0.0118558047435008	D:0.010025265895634	D:0.108091127086435	S:TRUE	S:TRUE	S:FALSE	S:FALSE	S:nominal_p05	S:FALSE
S:Midn	S:MIDN	D:1.12487110403828	D:5.07542704667934e-06	D:0.00024881570010132	D:-0.204529974166041	D:0.100059880484271	D:0.596298095986498	D:1.32940107820432	S:TRUE	S:TRUE	S:TRUE	S:FALSE	D:-0.0187545345105515	D:0.0101297610708516	D:0.108835900269983	S:TRUE	S:TRUE	S:FALSE	S:FALSE	S:nominal_p05	S:FALSE
S:Mier2	S:MIER2	D:0.19815802708699	D:0.00588423899566753	D:0.0254369045391093	D:-0.116038901687981	D:0.356291306174961	D:0.843427886042959	D:0.314196928774971	S:TRUE	S:TRUE	S:TRUE	S:FALSE	D:-0.00674633065942762	D:0.0119815873122425	D:0.119465291847989	S:TRUE	S:TRUE	S:FALSE	S:FALSE	S:nominal_p05	S:FALSE
S:Mknk2	S:MKNK2	D:0.279048938005397	D:0.00078280520987583	D:0.00617866140471671	D:0.071847682832231	D:0.442201508084197	D:0.884006806726289	D:0.207201255173166	S:TRUE	S:TRUE	S:FALSE	S:FALSE	D:-0.009926480677908059	D:0.0497124423927785	D:0.244761462221295	S:TRUE	S:TRUE	S:FALSE	S:FALSE	S:nominal_p05	S:FALSE
S:Mlec	S:MLEC	D:0.451099515404501	D:3.28768986409576e-07	D:5.2232558793065e-05	D:-0.00011940635981916	D:0.998831062492596	D:0.999624300647777	D:0.45121892176432	S:TRUE	S:TRUE	S:TRUE	S:FALSE	D:-0.00685484512028606	D:0.0484620842097672	D:0.242349880450808	S:TRUE	S:TRUE	S:FALSE	S:FALSE	S:nominal_p05	S:FALSE
S:Mmp17	S:MMP17	D:0.363040723598118	D:6.14556148461541e-06	D:0.00028570553142407	D:-0.040454219154352	D:0.589419554620644	D:0.927942517450467	D:0.40349494275247	S:TRUE	S:TRUE	S:TRUE	S:FALSE	D:-0.0135242501492563	D:0.00150879667532767	D:0.0394018191260854	S:TRUE	S:TRUE	S:TRUE	S:TRUE	S:nominal_p05	S:FALSE
S:Mmp24	S:MMP24	D:0.188932058276433	D:0.00515237852388927	D:0.0232179240304766	D:-0.0243043534207208	D:0.822092523378425	D:0.972715974070379	D:0.213236411697154	S:TRUE	S:TRUE	S:TRUE	S:FALSE	D:-0.00941431479695526	D:0.00657835664625201	D:0.0867561956272878	S:TRUE	S:TRUE	S:TRUE	S:FALSE	S:nominal_p05	S:FALSE
S:Mogs	S:MOGS	D:0.202105021784607	D:0.00220416658958409	D:0.0127110414495004	D:-0.0344361075897666	D:0.770212824857354	D:0.960623024731632	D:0.236541129374374	S:TRUE	S:TRUE	S:TRUE	S:FALSE	D:-0.0110363826200637	D:0.0002615192491476	D:0.0158606263043895	S:TRUE	S:TRUE	S:TRUE	S:TRUE	S:nominal_p05	S:FALSE
S:Mon1a	S:MON1A	D:0.275446951336473	D:0.00061530095846471	D:0.00525841837980651	D:-0.252863998344283	D:0.0323440224529733	D:0.426332207381474	D:0.528310949680756	S:TRUE	S:TRUE	S:TRUE	S:FALSE	D:-0.00828616443879605	D:0.0438784407087058	D:0.230415208109087	S:TRUE	S:TRUE	S:FALSE	S:FALSE	S:nominal_p05	S:FALSE
S:Mpp2	S:MPP2	D:0.242294432494857	D:0.00481994837611728	D:0.0221168152512026	D:0.11135302524702	D:0.207780302193295	D:0.732701742305635	D:0.130941407247837	S:TRUE	S:TRUE	S:FALSE	S:FALSE	D:-0.00621836815956951	D:0.0125764316115536	D:0.12216631697693	S:TRUE	S:TRUE	S:FALSE	S:FALSE	S:nominal_p05	S:FALSE
S:Mrm1	S:MRM1	D:0.332091848620606	D:0.00083205644431298	D:0.00644701408196175	D:-0.269487289382335	D:0.0897085002354881	D:0.577316262889664	D:0.601579138002941	S:TRUE	S:TRUE	S:TRUE	S:FALSE	D:-0.0114518492314154	D:0.0188900699041375	D:0.150108170500712	S:TRUE	S:TRUE	S:FALSE	S:FALSE	S:nominal_p05	S:FALSE
S:Mrpl12	S:MRPL12	D:0.193949130928771	D:0.00130838592949388	D:0.008830073282361191	D:-0.238547735384042	D:0.0220031497258963	D:0.358944846674815	D:0.432496866312813	S:TRUE	S:TRUE	S:TRUE	S:FALSE	D:-0.009919708180749061	D:0.012388482131507	D:0.121353641327841	S:TRUE	S:TRUE	S:FALSE	S:FALSE	S:nominal_p05	S:FALSE
S:Mrpl34	S:MRPL34	D:0.230710854265847	D:0.0134183646259887	D:0.0463243324076216	D:-0.252501176470736	D:0.0946915208703266	D:0.588616081750882	D:0.483212030736583	S:TRUE	S:TRUE	S:TRUE	S:FALSE	D:-0.0118233849889953	D:0.0209364978639563	D:0.159520521651663	S:TRUE	S:TRUE	S:FALSE	S:FALSE	S:nominal_p05	S:FALSE
S:Mrps11	S:MRPS11	D:0.302988254918232	D:0.00070090289373574	D:0.00574530174477395	D:-0.175094597402281	D:0.126455555773961	D:0.639380846461996	D:0.478082852320513	S:TRUE	S:TRUE	S:TRUE	S:FALSE	D:-0.00970083230883252	D:0.0196185895576497	D:0.153660733617696	S:TRUE	S:TRUE	S:FALSE	S:FALSE	S:nominal_p05	S:FALSE
S:Mrps12	S:MRPS12	D:0.292747293925304	D:0.0031381864023899	D:0.0163488889375902	D:-0.103438178458789	D:0.3164605716314	D:0.817818128999715	D:0.396185472384093	S:TRUE	S:TRUE	S:TRUE	S:FALSE	D:-0.0183011115133392	D:0.00042218518292801	D:0.0198061786708494	S:TRUE	S:TRUE	S:TRUE	S:TRUE	S:nominal_p05	S:FALSE
S:Mrps35	S:MRPS35	D:0.246534629909299	D:0.00027382192368841	D:0.00306777311394523	D:-0.101827371666448	D:0.415398932494536	D:0.870441788716531	D:0.348362001575747	S:TRUE	S:TRUE	S:TRUE	S:FALSE	D:-0.00748582998494701	D:0.0446548878548364	D:0.233032031525508	S:TRUE	S:TRUE	S:FALSE	S:FALSE	S:nominal_p05	S:FALSE
S:Msantd1	S:MSANTD1	D:0.939150782063103	D:1.22182276675349e-05	D:0.00043043458491873	D:-0.138717215594812	D:0.614591877293383	D:0.934293965176619	D:1.07786799765792	S:TRUE	S:TRUE	S:TRUE	S:FALSE	D:-0.0255751053986865	D:0.00172981597057885	D:0.0418538281490318	S:TRUE	S:TRUE	S:TRUE	S:TRUE	S:nominal_p05	S:FALSE
S:Msl1	S:MSL1	D:0.301390087688021	D:1.42612271083662e-05	D:0.00046904054321062	D:-0.2619009127696	D:0.047905222069212	D:0.482252860075103	D:0.563291000457621	S:TRUE	S:TRUE	S:TRUE	S:FALSE	D:-0.0110262472996493	D:4.15874378667017e-06	D:0.00160206056017063	S:TRUE	S:TRUE	S:TRUE	S:TRUE	S:nominal_p05	S:FALSE
S:Mtg2	S:MTG2	D:0.179691892575107	D:0.010651954559803	D:0.0390181327011107	D:-0.0126404962248225	D:0.938638286146507	D:0.992992670185295	D:0.19233238879993	S:TRUE	S:TRUE	S:TRUE	S:FALSE	D:-0.007990638019323249	D:0.0272463516314962	D:0.183135612478999	S:TRUE	S:TRUE	S:FALSE	S:FALSE	S:nominal_p05	S:FALSE
S:Mul1	S:MUL1	D:0.204208923676813	D:0.00416645414432525	D:0.019997213911592	D:-0.0437233893442622	D:0.6233600862173569	D:0.935561426379925	D:0.247932313021075	S:TRUE	S:TRUE	S:TRUE	S:FALSE	D:-0.00607756185985221	D:0.0169597995929513	D:0.141335977038362	S:TRUE	S:TRUE	S:FALSE	S:FALSE	S:nominal_p05	S:FALSE
S:Myadm	S:MYADM	D:0.282586250004892	D:0.00014886150969669	D:0.00208287865244632	D:-0.0276140670738305	D:0.729376211876169	D:0.953086118337774	D:0.310200317078723	S:TRUE	S:TRUE	S:TRUE	S:FALSE	D:-0.00633831862418648	D:0.0401727787435388	D:0.220764686049069	S:TRUE	S:TRUE	S:FALSE	S:FALSE	S:nominal_p05	S:FALSE
S:Mycn	S:MYCN	D:0.372658996862314	D:0.00111426840756663	D:0.0078789014563576	D:-0.374749617555483	D:0.0388071682567993	D:0.449035865088273	D:0.747408614417797	S:TRUE	S:TRUE	S:TRUE	S:FALSE	D:-0.0232389296771326	D:0.0009879787837785701	D:0.0309313630889788	S:TRUE	S:TRUE	S:TRUE	S:TRUE	S:nominal_p05	S:FALSE
S:Myh7	S:MYH7	D:0.364843547816534	D:0.00120701395839423	D:0.00835049644779288	D:-0.07266919731057001	D:0.731523752459277	D:0.953086118337774	D:0.437512745127104	S:TRUE	S:TRUE	S:TRUE	S:FALSE	D:-0.0140721365810139	D:0.0295779690301437	D:0.19011444695323	S:TRUE	S:TRUE	S:FALSE	S:FALSE	S:nominal_p05	S:FALSE
S:Myorg	S:MYORG	D:0.209735231679909	D:0.00089115195796437	D:0.00676601148927646	D:-0.0594330754499215	D:0.652053709649058	D:0.942803399485736	D:0.269168307129831	S:TRUE	S:TRUE	S:TRUE	S:FALSE	D:-0.008100552403983991	D:0.0279859577862536	D:0.185204413997996	S:TRUE	S:TRUE	S:FALSE	S:FALSE	S:nominal_p05	S:FALSE
S:Nalf2	S:NALF2	D:0.588857432467722	D:2.47803825069749e-06	D:0.00016892047833182	D:0.0274964847556037	D:0.811306742658893	D:0.969587624254013	D:0.561360947712118	S:TRUE	S:TRUE	S:FALSE	S:FALSE	D:-0.0107942603183668	D:0.024857012143367	D:0.173773950606016	S:TRUE	S:TRUE	S:FALSE	S:FALSE	S:nominal_p05	S:FALSE
S:Nasp	S:NASP	D:0.295429235007004	D:0.00021597524012046	D:0.00263779312914458	D:0.194165465301223	D:0.182347871066828	D:0.7099739027312429	D:0.101263769705781	S:TRUE	S:TRUE	S:FALSE	S:FALSE	D:-0.0119775307614583	D:0.00620798619956047	D:0.083974058372191	S:TRUE	S:TRUE	S:TRUE	S:FALSE	S:nominal_p05	S:FALSE
S:Nat14	S:NAT14	D:0.278024969876288	D:0.00031592127371412	D:0.00338806309335507	D:-0.210724950303691	D:0.097434917289071	D:0.591868020798029	D:0.488749920179979	S:TRUE	S:TRUE	S:TRUE	S:FALSE	D:-0.0212080339724132	D:0.00051213668221345	D:0.0226433189687516	S:TRUE	S:TRUE	S:TRUE	S:TRUE	S:nominal_p05	S:FALSE
S:Nat8f6	S:NAT8F6	D:2.01666253040132	D:0.00188760339246411	D:0.0113650499736929	D:-0.29926260406249	D:0.546510695431848	D:0.915496224782632	D:2.31592513446381	S:TRUE	S:TRUE	S:TRUE	S:FALSE	D:-0.0801560943413894	D:0.0249797550155711	D:0.174179756959975	S:TRUE	S:TRUE	S:FALSE	S:FALSE	S:nominal_p05	S:FALSE
S:Nbl1	S:NBL1	D:0.214234814905343	D:0.0141960255908364	D:0.0482835429503388	D:-0.110566071020884	D:0.218161765956483	D:0.7437709563080001	D:0.324800885926227	S:TRUE	S:TRUE	S:TRUE	S:FALSE	D:-0.00691388829579919	D:0.0286975430308119	D:0.187158022974385	S:TRUE	S:TRUE	S:FALSE	S:FALSE	S:nominal_p05	S:FALSE
S:Ncan	S:NCAN	D:0.219811584802571	D:0.00308378288695479	D:0.0161131213272559	D:-0.20922692304234	D:0.0233253021368012	D:0.368533141682027	D:0.429038507844911	S:TRUE	S:TRUE	S:TRUE	S:FALSE	D:-0.011312524039788	D:0.00942466936216356	D:0.104929123810513	S:TRUE	S:TRUE	S:FALSE	S:FALSE	S:nominal_p05	S:FALSE
S:Ncoa5	S:NCOA5	D:0.355907677077546	D:0.00015766280741987	D:0.00216850776385061	D:-0.231108994739136	D:0.0144006010490565	D:0.306549204793394	D:0.587016671816682	S:TRUE	S:TRUE	S:TRUE	S:FALSE	D:-0.00690380859772395	D:0.0451975408056967	D:0.234600245475389	S:TRUE	S:TRUE	S:FALSE	S:FALSE	S:nominal_p05	S:FALSE
S:Ncs1	S:NCS1	D:0.185369988592834	D:0.00353169585577218	D:0.0177909038454263	D:0.0467101269025503	D:0.668832767641377	D:0.942803399485736	D:0.138659861690284	S:TRUE	S:TRUE	S:FALSE	S:FALSE	D:-0.00499830112918393	D:0.0085269442310725	D:0.0989995407986673	S:TRUE	S:TRUE	S:TRUE	S:FALSE	S:nominal_p05	S:FALSE
S:Ndfip2	S:NDFIP2	D:0.118887948849829	D:0.009757376484030449	D:0.0366722829306152	D:-0.195113710050801	D:0.0624242384223129	D:0.520926248514166	D:0.31400165890063	S:TRUE	S:TRUE	S:TRUE	S:FALSE	D:-0.00611757280441042	D:0.0120093492340033	D:0.119465291847989	S:TRUE	S:TRUE	S:FALSE	S:FALSE	S:nominal_p05	S:FALSE
S:Ndufa8	S:NDUFA8	D:0.188449721884849	D:0.0014541161986426	D:0.00950602230807468	D:-0.159313784577654	D:0.106072556143116	D:0.611432836739033	D:0.347763506462503	S:TRUE	S:TRUE	S:TRUE	S:FALSE	D:-0.0144457966859658	D:0.00063582091856323	D:0.0251558589604083	S:TRUE	S:TRUE	S:TRUE	S:TRUE	S:nominal_p05	S:FALSE
S:Ndufab1	S:NDUFAB1	D:0.22920923119344	D:0.00388379303582755	D:0.0190441605310777	D:-0.60847914741076	D:0.0105493146133762	D:0.276050138287465	D:0.8376883786042	S:TRUE	S:TRUE	S:TRUE	S:FALSE	D:-0.00595377398192143	D:0.00874109590185097	D:0.100724740714016	S:TRUE	S:TRUE	S:FALSE	S:FALSE	S:nominal_p05	S:FALSE
S:Ndufb2	S:NDUFB2	D:0.357979477224348	D:6.89737724861412e-07	D:8.16000906882684e-05	D:-0.453222935450112	D:0.0289195781325898	D:0.412431267565803	D:0.81120241267446	S:TRUE	S:TRUE	S:TRUE	S:FALSE	D:-0.0172745956980312	D:6.86114193278905e-05	D:0.00800625783638175	S:TRUE	S:TRUE	S:TRUE	S:TRUE	S:nominal_p05	S:FALSE
S:Nectin1	S:NECTIN1	D:0.992214017325863	D:6.5605501791963e-05	D:0.00125505037947893	D:-0.132951362397051	D:0.254817714547537	D:0.773610718351744	D:1.12516537972291	S:TRUE	S:TRUE	S:TRUE	S:FALSE	D:-0.0131003847875003	D:0.00067663742150121	D:0.0260401161723166	S:TRUE	S:TRUE	S:TRUE	S:TRUE	S:nominal_p05	S:FALSE
S:Nefl	S:NEFL	D:0.191428079009215	D:0.00071672456611119	D:0.00583876389854099	D:-0.00461921223658512	D:0.95325919851909	D:0.99394538527278	D:0.1960472912458	S:TRUE	S:TRUE	S:TRUE	S:FALSE	D:-0.00558090543953174	D:0.00577850808514413	D:0.0805278560588075	S:TRUE	S:TRUE	S:TRUE	S:FALSE	S:nominal_p05	S:FALSE
S:Nefm	S:NEFM	D:0.360124026863721	D:0.00058431385410778	D:0.00508125481578203	D:-0.198811506386786	D:0.0210648786570629	D:0.353442821845678	D:0.558935533250507	S:TRUE	S:TRUE	S:TRUE	S:FALSE	D:-0.00977294662281843	D:0.00269688072873178	D:0.0524497784764006	S:TRUE	S:TRUE	S:TRUE	S:FALSE	S:nominal_p05	S:FALSE
S:Nfil3	S:NFIL3	D:0.992065627944671	D:8.54837893497958e-07	D:9.41093411501606e-05	D:-0.463344941773512	D:0.0235618707152042	D:0.370567022928533	D:1.45541056971818	S:TRUE	S:TRUE	S:TRUE	S:FALSE	D:-0.0257188629131549	D:0.00091123065049078	D:0.0295009866321194	S:TRUE	S:TRUE	S:TRUE	S:TRUE	S:nominal_p05	S:FALSE
S:Nlk	S:NLK	D:0.171742595040214	D:0.00171356062654123	D:0.0106404530405633	D:-0.0809352520727344	D:0.565684116560162	D:0.92363590174323	D:0.252677847112948	S:TRUE	S:TRUE	S:TRUE	S:FALSE	D:-0.00653918305681155	D:0.0484449027262586	D:0.242349880450808	S:TRUE	S:TRUE	S:FALSE	S:FALSE	S:nominal_p05	S:FALSE
S:Nmnat1	S:NMNAT1	D:0.265748268247351	D:0.00349191233224206	D:0.0176578265400425	D:-0.0344947702733946	D:0.881395105537355	D:0.983743329403303	D:0.300243038520746	S:TRUE	S:TRUE	S:TRUE	S:FALSE	D:-0.0121866755231611	D:0.0347601856985966	D:0.205924508864203	S:TRUE	S:TRUE	S:FALSE	S:FALSE	S:nominal_p05	S:FALSE
S:Nol4	S:NOL4	D:0.155408151191232	D:0.00076037832816485	D:0.00606351993782571	D:0.00362543660171786	D:0.962934646583729	D:0.996238946721653	D:0.151782714589514	S:TRUE	S:TRUE	S:FALSE	S:FALSE	D:-0.00538390838229089	D:0.027683610443152	D:0.184578647862627	S:TRUE	S:TRUE	S:FALSE	S:FALSE	S:nominal_p05	S:FALSE
S:Nop2	S:NOP2	D:0.258803844939973	D:0.00025926989981279	D:0.00296178795861399	D:-0.0246833345606724	D:0.816045474397168	D:0.970794038461817	D:0.283487179500645	S:TRUE	S:TRUE	S:TRUE	S:FALSE	D:-0.00648281109345594	D:0.0275775854774452	D:0.184353859118077	S:TRUE	S:TRUE	S:FALSE	S:FALSE	S:nominal_p05	S:FALSE
S:Nop9	S:NOP9	D:0.223595496052328	D:0.0112218530516604	D:0.0405701337349995	D:-0.166606509257097	D:0.257864050121364	D:0.775427938089609	D:0.390202005309425	S:TRUE	S:TRUE	S:TRUE	S:FALSE	D:-0.0122471959706904	D:0.00127495546005955	D:0.0358496384963204	S:TRUE	S:TRUE	S:TRUE	S:TRUE	S:nominal_p05	S:FALSE
S:Nptx2	S:NPTX2	D:1.02987806190956	D:1.2326951897116e-05	D:0.00043330192555427	D:-0.58144184045654	D:0.00125717322178935	D:0.119111755346244	D:1.6113199023661	S:TRUE	S:TRUE	S:TRUE	S:FALSE	D:-0.0320788718143404	D:0.00034560060954818	D:0.0181604267764134	S:TRUE	S:TRUE	S:TRUE	S:TRUE	S:nominal_p05	S:FALSE
S:Nptxr	S:NPTXR	D:0.192403698176765	D:0.0113869604634166	D:0.0409907195318463	D:0.060585732445489	D:0.5764209190195529	D:0.924649121876131	D:0.131817965731276	S:TRUE	S:TRUE	S:FALSE	S:FALSE	D:-0.00723072086858652	D:0.0287111706802269	D:0.187158022974385	S:TRUE	S:TRUE	S:FALSE	S:FALSE	S:nominal_p05	S:FALSE
S:Nr4a1	S:NR4A1	D:1.93967876277221	D:5.14060834972731e-06	D:0.00024921732161537	D:-0.641022633062487	D:0.102439282535157	D:0.603490579898997	D:2.5807013958347	S:TRUE	S:TRUE	S:TRUE	S:FALSE	D:-0.0292082993430595	D:0.0371206520622743	D:0.212544553438556	S:TRUE	S:TRUE	S:FALSE	S:FALSE	S:nominal_p05	S:FALSE
S:Nrxn2	S:NRXN2	D:0.326507168999564	D:0.0016763148102938	D:0.0104830842949064	D:-0.265375905115303	D:0.00827379697145368	D:0.251848189147347	D:0.591883074114867	S:TRUE	S:TRUE	S:TRUE	S:FALSE	D:-0.008757368694038	D:0.00039951001527798	D:0.0192821103447128	S:TRUE	S:TRUE	S:TRUE	S:TRUE	S:nominal_p05	S:FALSE
S:Nubp1	S:NUBP1	D:0.383429260124248	D:0.00019018668333048	D:0.00243540346594362	D:-0.17556841504775	D:0.243633806150415	D:0.7652961298112529	D:0.5589976751719981	S:TRUE	S:TRUE	S:TRUE	S:FALSE	D:-0.00914852836853537	D:0.0224038612914253	D:0.16574004428653	S:TRUE	S:TRUE	S:FALSE	S:FALSE	S:nominal_p05	S:FALSE
S:Nudt21	S:NUDT21	D:0.138453600668355	D:0.00640999871580938	D:0.027025986606842	D:0.0254383755291133	D:0.765049225200698	D:0.959388955937035	D:0.113015225139242	S:TRUE	S:TRUE	S:FALSE	S:FALSE	D:-0.00501296454928885	D:0.009950272178049561	D:0.107723527978097	S:TRUE	S:TRUE	S:FALSE	S:FALSE	S:nominal_p05	S:FALSE
S:Numbl	S:NUMBL	D:0.343040751416003	D:0.00086375021670862	D:0.00662459225228923	D:-0.229904022633755	D:0.104472082527567	D:0.607968248280204	D:0.572944774049758	S:TRUE	S:TRUE	S:TRUE	S:FALSE	D:-0.009476357819592961	D:0.00417470324285557	D:0.0678739009599014	S:TRUE	S:TRUE	S:TRUE	S:FALSE	S:nominal_p05	S:FALSE
S:Ocel1	S:OCEL1	D:0.258433593430303	D:0.00098100640874502	D:0.0072203741227186	D:-0.219020997045885	D:0.144150460304135	D:0.662063647878114	D:0.477454590476188	S:TRUE	S:TRUE	S:TRUE	S:FALSE	D:-0.0110762540031917	D:0.0251514335248293	D:0.174582015210427	S:TRUE	S:TRUE	S:FALSE	S:FALSE	S:nominal_p05	S:FALSE
S:Ogfr	S:OGFR	D:0.16906955697051	D:0.00416929101407872	D:0.0200047731374667	D:-0.0449982901489503	D:0.618865416723538	D:0.9348057542357719	D:0.21406784711946	S:TRUE	S:TRUE	S:TRUE	S:FALSE	D:-0.008711203081381231	D:0.00757737030946338	D:0.09295008409552651	S:TRUE	S:TRUE	S:TRUE	S:FALSE	S:nominal_p05	S:FALSE
S:Ostc	S:OSTC	D:0.319437429775225	D:3.27392192427456e-05	D:0.00079481599181507	D:0.00059975028642488	D:0.995347661757927	D:0.998844257320279	D:0.3188376794888	S:TRUE	S:TRUE	S:FALSE	S:FALSE	D:-0.008877202574558171	D:0.022458986643298	D:0.165829530133154	S:TRUE	S:TRUE	S:FALSE	S:FALSE	S:nominal_p05	S:FALSE
S:Otub2	S:OTUB2	D:0.933557497268678	D:8.32054878633471e-08	D:2.536647305957e-05	D:-0.0905613904441076	D:0.393041682374106	D:0.85995445642504	D:1.02411888771279	S:TRUE	S:TRUE	S:TRUE	S:FALSE	D:-0.011726820722756	D:0.0295008017243744	D:0.19004412347739	S:TRUE	S:TRUE	S:FALSE	S:FALSE	S:nominal_p05	S:FALSE
S:Otud1	S:OTUD1	D:0.609212729707048	D:9.786186078478331e-06	D:0.00037293367284162	D:-0.329495345242648	D:0.072424998508825	D:0.54711462088792	D:0.938708074949696	S:TRUE	S:TRUE	S:TRUE	S:FALSE	D:-0.0131245428096018	D:0.0162588530256086	D:0.138140310245689	S:TRUE	S:TRUE	S:FALSE	S:FALSE	S:nominal_p05	S:FALSE
S:P3h3	S:P3H3	D:0.492931182081414	D:4.12182192471818e-05	D:0.00092368598572237	D:-0.0402652745560222	D:0.79982069361842	D:0.9671361181337	D:0.533196456637436	S:TRUE	S:TRUE	S:TRUE	S:FALSE	D:-0.0156022524167972	D:0.00013916310536485	D:0.0114588448205599	S:TRUE	S:TRUE	S:TRUE	S:TRUE	S:nominal_p05	S:FALSE
S:P4ha3	S:P4HA3	D:0.706465897415572	D:0.00017380301899426	D:0.00229035682470158	D:-0.230288601607203	D:0.475763196168395	D:0.894473292386039	D:0.936754499022775	S:TRUE	S:TRUE	S:TRUE	S:FALSE	D:-0.014371117500111	D:0.0218343613839559	D:0.16324416903325	S:TRUE	S:TRUE	S:FALSE	S:FALSE	S:nominal_p05	S:FALSE
S:Pabpc4	S:PABPC4	D:0.293247343833484	D:0.00013893376734265	D:0.0019878312397862	D:-0.32028735109114	D:0.0618233883851178	D:0.519871599143453	D:0.613534694924624	S:TRUE	S:TRUE	S:TRUE	S:FALSE	D:-0.0081554143307502	D:0.0187764012323761	D:0.149667319291534	S:TRUE	S:TRUE	S:FALSE	S:FALSE	S:nominal_p05	S:FALSE
S:Pacsin1	S:PACSIN1	D:0.215308593211269	D:0.00054460059125165	D:0.00483647822574387	D:-0.0622078856319029	D:0.456238119237024	D:0.887631271419456	D:0.277516478843172	S:TRUE	S:TRUE	S:TRUE	S:FALSE	D:-0.00826700500262185	D:0.0004513471695285	D:0.0209082607150681	S:TRUE	S:TRUE	S:TRUE	S:TRUE	S:nominal_p05	S:FALSE
S:Pard6a	S:PARD6A	D:0.23239449091439	D:0.0114485721909083	D:0.0411464702952105	D:-0.142741507577746	D:0.237766193395223	D:0.759077607748637	D:0.375135998492136	S:TRUE	S:TRUE	S:TRUE	S:FALSE	D:-0.00871366272381063	D:0.022074569690816	D:0.16438224056251	S:TRUE	S:TRUE	S:FALSE	S:FALSE	S:nominal_p05	S:FALSE
S:Pcdh8	S:PCDH8	D:0.305511849638878	D:0.009576338538207741	D:0.0361929470887089	D:-0.124859552497584	D:0.350066597477598	D:0.839004892091712	D:0.430371402136462	S:TRUE	S:TRUE	S:TRUE	S:FALSE	D:-0.009316408776081159	D:0.0127746150981337	D:0.122925667309129	S:TRUE	S:TRUE	S:FALSE	S:FALSE	S:nominal_p05	S:FALSE
S:Pcdhgc5	S:PCDHGC5	D:0.284783332473493	D:0.00032573634609463	D:0.00345642456133748	D:0.120756759349784	D:0.170244005614513	D:0.6949123692074149	D:0.164026573123709	S:TRUE	S:TRUE	S:FALSE	S:FALSE	D:-0.008895619487007031	D:0.00668875063016133	D:0.087701352653575	S:TRUE	S:TRUE	S:TRUE	S:FALSE	S:nominal_p05	S:FALSE
S:Pdgfa	S:PDGFA	D:0.169389359471571	D:0.00568042999359546	D:0.0248418915002672	D:-0.20831860992116	D:0.0796381657553029	D:0.56208974220978	D:0.377707969392731	S:TRUE	S:TRUE	S:TRUE	S:FALSE	D:-0.008241200076924551	D:0.00283554343886349	D:0.0540463403525958	S:TRUE	S:TRUE	S:TRUE	S:FALSE	S:nominal_p05	S:FALSE
S:Pex5	S:PEX5	D:0.315522447160197	D:0.00011203214483574	D:0.00174958314583844	D:-0.0804759021393318	D:0.451554416040657	D:0.886986331830496	D:0.395998349299529	S:TRUE	S:TRUE	S:TRUE	S:FALSE	D:-0.0107040998125026	D:0.00272694002490342	D:0.0528670801673441	S:TRUE	S:TRUE	S:TRUE	S:FALSE	S:nominal_p05	S:FALSE
S:Pex6	S:PEX6	D:0.292212155784648	D:9.7371415355395e-05	D:0.0016129875105842	D:-0.12746685196052	D:0.12629579928307	D:0.639380846461996	D:0.419679007745168	S:TRUE	S:TRUE	S:TRUE	S:FALSE	D:-0.0129664925331963	D:0.0114699591697235	D:0.116706201551983	S:TRUE	S:TRUE	S:FALSE	S:FALSE	S:nominal_p05	S:FALSE
S:Pfn1	S:PFN1	D:0.216527042575922	D:0.00072877326553258	D:0.00591362297142191	D:-0.457528763720025	D:0.00078124153006887	D:0.0965374200463229	D:0.674055806295947	S:TRUE	S:TRUE	S:TRUE	S:FALSE	D:-0.007864576012286019	D:0.0479473093918385	D:0.241531295971947	S:TRUE	S:TRUE	S:FALSE	S:FALSE	S:nominal_p05	S:FALSE
S:Phc2	S:PHC2	D:0.149980915508294	D:0.0103090320792399	D:0.0381106821047805	D:-0.12572153754251	D:0.138275707365	D:0.654637245728697	D:0.275702453050804	S:TRUE	S:TRUE	S:TRUE	S:FALSE	D:-0.00514074371212416	D:0.00529110415582516	D:0.0765714971122044	S:TRUE	S:TRUE	S:TRUE	S:FALSE	S:nominal_p05	S:FALSE
S:Phf21b	S:PHF21B	D:0.646556803986569	D:0.00140204064532031	D:0.0092495007699804	D:-0.256424404097072	D:0.321942090740886	D:0.824058245294361	D:0.902981208083641	S:TRUE	S:TRUE	S:TRUE	S:FALSE	D:-0.0172694089103499	D:0.0268980248115085	D:0.181588752636317	S:TRUE	S:TRUE	S:FALSE	S:FALSE	S:nominal_p05	S:FALSE
S:Phf23	S:PHF23	D:0.238785516822479	D:0.00095965950932755	D:0.00711575406986423	D:-0.0729266155866372	D:0.510045487981725	D:0.9059525171159289	D:0.311712132409116	S:TRUE	S:TRUE	S:TRUE	S:FALSE	D:-0.008309974935252949	D:0.0281466188340011	D:0.18543930074058	S:TRUE	S:TRUE	S:FALSE	S:FALSE	S:nominal_p05	S:FALSE
S:Phlda1	S:PHLDA1	D:0.606195446993785	D:1.32852124564907e-06	D:0.00012316401934078	D:-0.247576663009087	D:0.163515152295668	D:0.688113855835624	D:0.853772110002872	S:TRUE	S:TRUE	S:TRUE	S:FALSE	D:-0.0120645537345521	D:0.00614102106162023	D:0.0836203879712645	S:TRUE	S:TRUE	S:TRUE	S:FALSE	S:nominal_p05	S:FALSE
S:Pim1	S:PIM1	D:0.67950344092468	D:0.00054101249963425	D:0.00482037705078992	D:-0.277958412635992	D:0.359877067706204	D:0.845302451867352	D:0.957461853560672	S:TRUE	S:TRUE	S:TRUE	S:FALSE	D:-0.0286451430931354	D:0.0056647465663157	D:0.079970086097368	S:TRUE	S:TRUE	S:TRUE	S:FALSE	S:nominal_p05	S:FALSE
S:Pim3	S:PIM3	D:0.33894183172101	D:0.0001962330590127	D:0.00248473057869686	D:-0.478561724802946	D:0.00069881131182382	D:0.0872695712117279	D:0.817503556523956	S:TRUE	S:TRUE	S:TRUE	S:FALSE	D:-0.00768792275965796	D:0.0227507443512505	D:0.1669533715818	S:TRUE	S:TRUE	S:FALSE	S:FALSE	S:nominal_p05	S:FALSE
S:Pin1	S:PIN1	D:0.210250975857125	D:0.00170823485504905	D:0.0106156986111692	D:-0.12882320708967	D:0.159773103431293	D:0.6853755977706461	D:0.339074182946795	S:TRUE	S:TRUE	S:TRUE	S:FALSE	D:-0.0145033390612237	D:0.00071383593385489	D:0.0265277033605366	S:TRUE	S:TRUE	S:TRUE	S:TRUE	S:nominal_p05	S:FALSE
S:Pip5k1c	S:PIP5K1C	D:0.176361721581243	D:0.00543855281732401	D:0.0241100049812745	D:-0.0709072027030547	D:0.521320576269465	D:0.907966305049733	D:0.247268924284298	S:TRUE	S:TRUE	S:TRUE	S:FALSE	D:-0.00412568859043221	D:0.0230580358778456	D:0.167716662005843	S:TRUE	S:TRUE	S:FALSE	S:FALSE	S:nominal_p05	S:FALSE
S:Pitpnc1	S:PITPNC1	D:0.226408267821253	D:0.00016624243252026	D:0.00223531915415077	D:0.0560316886018611	D:0.5208952670929931	D:0.907758166634466	D:0.170376579219392	S:TRUE	S:TRUE	S:FALSE	S:FALSE	D:-0.00511830216000361	D:0.0306521804751049	D:0.193769551011484	S:TRUE	S:TRUE	S:FALSE	S:FALSE	S:nominal_p05	S:FALSE
S:Pja1	S:PJA1	D:0.244802989498837	D:0.00017370491391477	D:0.00229035682470158	D:-0.0263733857740045	D:0.705516842240394	D:0.949090897669626	D:0.271176375272842	S:TRUE	S:TRUE	S:TRUE	S:FALSE	D:-0.00387310177184357	D:0.00133569395111248	D:0.0366461151438404	S:TRUE	S:TRUE	S:TRUE	S:TRUE	S:nominal_p05	S:FALSE
S:Plcxd2	S:PLCXD2	D:0.260686478061147	D:0.00752629506069114	D:0.0303959240701349	D:-0.331568070643605	D:0.335609983550487	D:0.832152123427135	D:0.592254548704752	S:TRUE	S:TRUE	S:TRUE	S:FALSE	D:-0.008200353340894631	D:0.00761520602661537	D:0.0933520967504705	S:TRUE	S:TRUE	S:TRUE	S:FALSE	S:nominal_p05	S:FALSE
S:Plod1	S:PLOD1	D:0.255959284974839	D:0.00253864856536789	D:0.0140358527295626	D:-0.222955955568459	D:0.0839913686167254	D:0.569523139447819	D:0.478915240543298	S:TRUE	S:TRUE	S:TRUE	S:FALSE	D:-0.012592327980165	D:0.0230837172783446	D:0.167820251691805	S:TRUE	S:TRUE	S:FALSE	S:FALSE	S:nominal_p05	S:FALSE
S:Plppr2	S:PLPPR2	D:0.193228724382969	D:0.0060441659420541	D:0.0259951607920194	D:-0.10722794338621	D:0.429971078827849	D:0.877470320388271	D:0.300456667769179	S:TRUE	S:TRUE	S:TRUE	S:FALSE	D:-0.007931857944906719	D:0.0121023973044854	D:0.119577652252303	S:TRUE	S:TRUE	S:FALSE	S:FALSE	S:nominal_p05	S:FALSE
S:Pnma8b	S:PNMA8B	D:0.195307683440991	D:0.00646278897457127	D:0.0271618752953018	D:-0.140032073291886	D:0.08840862847061789	D:0.5749915852312421	D:0.335339756732877	S:TRUE	S:TRUE	S:TRUE	S:FALSE	D:-0.00341063998869683	D:0.03520409745257	D:0.207300525305983	S:TRUE	S:TRUE	S:FALSE	S:FALSE	S:nominal_p05	S:FALSE
S:Pofut2	S:POFUT2	D:0.360324860858187	D:4.26542975397593e-05	D:0.00093916469291361	D:-0.0104528968159676	D:0.93051483471693	D:0.991986206171352	D:0.370777757674155	S:TRUE	S:TRUE	S:TRUE	S:FALSE	D:-0.00789102427553264	D:0.0043791865258891	D:0.0690667767132741	S:TRUE	S:TRUE	S:TRUE	S:FALSE	S:nominal_p05	S:FALSE
S:Polr2c	S:POLR2C	D:0.152803383082228	D:0.0108703817781315	D:0.039633891979926	D:-0.0506688481519619	D:0.707015976768725	D:0.949252218377992	D:0.20347223123419	S:TRUE	S:TRUE	S:TRUE	S:FALSE	D:-0.00593674671787067	D:0.0377637488818962	D:0.213770413919411	S:TRUE	S:TRUE	S:FALSE	S:FALSE	S:nominal_p05	S:FALSE
S:Pou3f3	S:POU3F3	D:0.208765751689619	D:0.00036618759408984	D:0.00374044583060978	D:-0.256091432822458	D:0.0862259802285847	D:0.5713501615337671	D:0.464857184512077	S:TRUE	S:TRUE	S:TRUE	S:FALSE	D:-0.00942100225722292	D:0.00030832965134797	D:0.0173313225058007	S:TRUE	S:TRUE	S:TRUE	S:TRUE	S:nominal_p05	S:FALSE
S:Ppm1f	S:PPM1F	D:0.130568840318264	D:0.00552765445348379	D:0.0243925743443206	D:0.113336778807174	D:0.201847433301485	D:0.726886941349035	D:0.01723206151109	S:TRUE	S:TRUE	S:FALSE	S:FALSE	D:-0.00766767252285993	D:0.00576716473122774	D:0.0804914580996561	S:TRUE	S:TRUE	S:TRUE	S:FALSE	S:nominal_p05	S:FALSE
S:Ppp1ca	S:PPP1CA	D:0.139038530222509	D:0.00537320642801392	D:0.0239273712087934	D:-0.0951637582004112	D:0.278479393581816	D:0.792808768590306	D:0.23420228842292	S:TRUE	S:TRUE	S:TRUE	S:FALSE	D:-0.00567656416427184	D:0.0162569314313002	D:0.138140310245689	S:TRUE	S:TRUE	S:FALSE	S:FALSE	S:nominal_p05	S:FALSE
S:Ppp1r37	S:PPP1R37	D:0.297897001665601	D:0.00052382706540427	D:0.00472564529133709	D:-0.141928836192148	D:0.182924754600862	D:0.710551200697034	D:0.439825837857749	S:TRUE	S:TRUE	S:TRUE	S:FALSE	D:-0.0083857325615601	D:0.00456351118633874	D:0.070407912755253	S:TRUE	S:TRUE	S:TRUE	S:FALSE	S:nominal_p05	S:FALSE
S:Ppp1r3c	S:PPP1R3C	D:0.366960379843284	D:0.00037396185584161	D:0.00378570708854219	D:-0.397203761800069	D:0.00896718419274972	D:0.258426418461323	D:0.764164141643353	S:TRUE	S:TRUE	S:TRUE	S:FALSE	D:-0.0141222329961578	D:0.0323702093374269	D:0.198803980531026	S:TRUE	S:TRUE	S:FALSE	S:FALSE	S:nominal_p05	S:FALSE
S:Ppp1r3g	S:PPP1R3G	D:0.819827010973241	D:2.32840272248268e-06	D:0.00016375912329164	D:-0.436478402478104	D:0.0619131198028858	D:0.519871599143453	D:1.25630541345135	S:TRUE	S:TRUE	S:TRUE	S:FALSE	D:-0.0204777317953194	D:0.0199689915956417	D:0.155607902810163	S:TRUE	S:TRUE	S:FALSE	S:FALSE	S:nominal_p05	S:FALSE
S:Ppp2r2c	S:PPP2R2C	D:0.108454644551605	D:0.0119714023008549	D:0.042504510789575	D:-0.0132427359101795	D:0.865030912939165	D:0.9821322909858829	D:0.121697380461785	S:TRUE	S:TRUE	S:TRUE	S:FALSE	D:-0.00521084310714774	D:0.00129329157511302	D:0.036018756450693	S:TRUE	S:TRUE	S:TRUE	S:TRUE	S:nominal_p05	S:FALSE
S:Ppp6r1	S:PPP6R1	D:0.415994022734752	D:1.84154419077763e-06	D:0.00015001453263497	D:-0.0045140248836416	D:0.963343504574393	D:0.9963892741134041	D:0.420508047618394	S:TRUE	S:TRUE	S:TRUE	S:FALSE	D:-0.00548529155800235	D:0.00243738814963799	D:0.0508349306040086	S:TRUE	S:TRUE	S:TRUE	S:FALSE	S:nominal_p05	S:FALSE
S:Ppt2	S:PPT2	D:0.293479165256773	D:0.0002309636734921	D:0.00273225068789487	D:-0.0530150983189706	D:0.729141194501453	D:0.953086118337774	D:0.346494263575744	S:TRUE	S:TRUE	S:TRUE	S:FALSE	D:-0.008850404739919569	D:0.0179106756119545	D:0.145792108723005	S:TRUE	S:TRUE	S:FALSE	S:FALSE	S:nominal_p05	S:FALSE
S:Prkcsh	S:PRKCSH	D:0.251373507951127	D:0.00026504223196321	D:0.00300447413370725	D:-0.00918734048466216	D:0.905814289077231	D:0.98898043149824	D:0.260560848435789	S:TRUE	S:TRUE	S:TRUE	S:FALSE	D:-0.008826016226648111	D:0.0102058072988266	D:0.10912828823748	S:TRUE	S:TRUE	S:FALSE	S:FALSE	S:nominal_p05	S:FALSE
S:Prkg2	S:PRKG2	D:0.373090942448675	D:0.00299450133094968	D:0.0158078209752959	D:-0.0836093164439938	D:0.763875891773603	D:0.959291483328933	D:0.456700258892669	S:TRUE	S:TRUE	S:TRUE	S:FALSE	D:-0.0139343298220985	D:0.0146543069402549	D:0.131070371346709	S:TRUE	S:TRUE	S:FALSE	S:FALSE	S:nominal_p05	S:FALSE
S:Prmt2	S:PRMT2	D:0.254921843849828	D:0.00108117009154127	D:0.00774494384795482	D:-0.0150305616022579	D:0.861566582753759	D:0.981673185116934	D:0.269952405452086	S:TRUE	S:TRUE	S:TRUE	S:FALSE	D:-0.00533202188137492	D:0.0219322135422756	D:0.163776517245418	S:TRUE	S:TRUE	S:FALSE	S:FALSE	S:nominal_p05	S:FALSE
S:Prrt3	S:PRRT3	D:0.325844336239742	D:0.00017940395881029	D:0.00234467515170613	D:-0.170675568996062	D:0.15564977426269	D:0.678927526105218	D:0.496519905235804	S:TRUE	S:TRUE	S:TRUE	S:FALSE	D:-0.0117195831103413	D:0.0017725571074778	D:0.0424856193907612	S:TRUE	S:TRUE	S:TRUE	S:TRUE	S:nominal_p05	S:FALSE
S:Psmb5	S:PSMB5	D:0.179735021390618	D:0.00626085886137857	D:0.026602357418771	D:-0.111195667561395	D:0.242481151966153	D:0.76392584739882	D:0.290930688952013	S:TRUE	S:TRUE	S:TRUE	S:FALSE	D:-0.00981297429293135	D:0.00010858498938701	D:0.0100813255802138	S:TRUE	S:TRUE	S:TRUE	S:TRUE	S:nominal_p05	S:FALSE
S:Psmc5	S:PSMC5	D:0.177494410882954	D:0.00329952756411162	D:0.0169663997644701	D:-0.0687034569123865	D:0.438947947001414	D:0.882444432188486	D:0.246197867795341	S:TRUE	S:TRUE	S:TRUE	S:FALSE	D:-0.00322171755750582	D:0.0311165033606299	D:0.194935430669362	S:TRUE	S:TRUE	S:FALSE	S:FALSE	S:nominal_p05	S:FALSE
S:Ptges2	S:PTGES2	D:0.170476338412326	D:0.008618029175952811	D:0.0335314951655387	D:-0.0643589728755804	D:0.629647784185459	D:0.936263107784531	D:0.234835311287906	S:TRUE	S:TRUE	S:TRUE	S:FALSE	D:-0.00535539384969356	D:0.0372028743865612	D:0.212553267761087	S:TRUE	S:TRUE	S:FALSE	S:FALSE	S:nominal_p05	S:FALSE
S:Ptp4a3	S:PTP4A3	D:0.371786435532015	D:4.43594481148622e-06	D:0.00023208921814023	D:-0.161124396168006	D:0.115005938360223	D:0.625032617738542	D:0.532910831700021	S:TRUE	S:TRUE	S:TRUE	S:FALSE	D:-0.0100924542348283	D:0.009529691161427749	D:0.10554163162939	S:TRUE	S:TRUE	S:FALSE	S:FALSE	S:nominal_p05	S:FALSE
S:Ptpn5	S:PTPN5	D:0.357253341656744	D:0.00024983773913385	D:0.00287665132064831	D:-0.166061424869214	D:0.0337760413477954	D:0.433521745521426	D:0.523314766525958	S:TRUE	S:TRUE	S:TRUE	S:FALSE	D:-0.00591912230115121	D:0.0376684916292265	D:0.213573235009426	S:TRUE	S:TRUE	S:FALSE	S:FALSE	S:nominal_p05	S:FALSE
S:Ptprn	S:PTPRN	D:0.377369032607088	D:3.53695525910991e-05	D:0.00084191218802807	D:-0.0518614322383602	D:0.496085895434474	D:0.90247619597009	D:0.429230464845448	S:TRUE	S:TRUE	S:TRUE	S:FALSE	D:-0.00453864065224293	D:0.0383589639469195	D:0.215437747160557	S:TRUE	S:TRUE	S:FALSE	S:FALSE	S:nominal_p05	S:FALSE
S:Pygo2	S:PYGO2	D:0.278368910128428	D:5.26560168179795e-05	D:0.0010674627041118	D:-0.232742103926217	D:0.0487741635184711	D:0.48509884638331	D:0.511111014054645	S:TRUE	S:TRUE	S:TRUE	S:FALSE	D:-0.0120707695060116	D:0.0044602207589773	D:0.0695043702427469	S:TRUE	S:TRUE	S:TRUE	S:FALSE	S:nominal_p05	S:FALSE
S:Rab15	S:RAB15	D:0.463179676972082	D:6.65899332670625e-07	D:7.99735009153592e-05	D:-0.113910272830318	D:0.208653322490721	D:0.733727132513034	D:0.5770899498024	S:TRUE	S:TRUE	S:TRUE	S:FALSE	D:-0.00958277891197601	D:0.0010634823308023	D:0.0324626220745068	S:TRUE	S:TRUE	S:TRUE	S:TRUE	S:nominal_p05	S:FALSE
S:Rab40c	S:RAB40C	D:0.231111144280282	D:0.00072935689875091	D:0.00591362297142191	D:-0.178620649713931	D:0.0824472083107561	D:0.567333826752781	D:0.409731793994213	S:TRUE	S:TRUE	S:TRUE	S:FALSE	D:-0.0115585141443518	D:0.0199285235273654	D:0.155423937510167	S:TRUE	S:TRUE	S:FALSE	S:FALSE	S:nominal_p05	S:FALSE
S:Rabl6	S:RABL6	D:0.170084025390906	D:0.00096471166279701	D:0.00713985713833851	D:-0.15694276539772	D:0.0509435439736828	D:0.491532630741707	D:0.327026790788626	S:TRUE	S:TRUE	S:TRUE	S:FALSE	D:-0.00592036480348559	D:0.00298549012021902	D:0.0558250317915599	S:TRUE	S:TRUE	S:TRUE	S:FALSE	S:nominal_p05	S:FALSE
S:Rangap1	S:RANGAP1	D:0.155093263342129	D:0.00161377264567221	D:0.01021690804786	D:-0.111559096627736	D:0.152734557714948	D:0.6738041908242161	D:0.266652359969865	S:TRUE	S:TRUE	S:TRUE	S:FALSE	D:-0.008980864795119409	D:0.00017677778346584	D:0.0132190571818554	S:TRUE	S:TRUE	S:TRUE	S:TRUE	S:nominal_p05	S:FALSE
S:Rasl10b	S:RASL10B	D:0.183501177866117	D:0.00314461298843795	D:0.016376987419746	D:-0.17383247147676	D:0.0485428872095984	D:0.48509884638331	D:0.357333649342877	S:TRUE	S:TRUE	S:TRUE	S:FALSE	D:-0.0106950411487624	D:0.00040260124635346	D:0.0193786444382897	S:TRUE	S:TRUE	S:TRUE	S:TRUE	S:nominal_p05	S:FALSE
S:Rasl11a	S:RASL11A	D:1.69203168080014	D:4.1896868184582e-06	D:0.00022490233064225	D:-0.0729100059166571	D:0.726918811002323	D:0.952872853889503	D:1.7649416867168	S:TRUE	S:TRUE	S:TRUE	S:FALSE	D:-0.0200884068898164	D:0.00741239584175666	D:0.0920681011693326	S:TRUE	S:TRUE	S:TRUE	S:FALSE	S:nominal_p05	S:FALSE
S:Rbm10	S:RBM10	D:0.253363970645562	D:0.00027923912442001	D:0.00310788901551372	D:0.0789975454658389	D:0.457700593406369	D:0.887894288705662	D:0.174366425179723	S:TRUE	S:TRUE	S:FALSE	S:FALSE	D:-0.00624621542008438	D:0.0214671740224244	D:0.161844214811237	S:TRUE	S:TRUE	S:FALSE	S:FALSE	S:nominal_p05	S:FALSE
S:Rbm15b	S:RBM15B	D:0.263730151986423	D:3.68993742819143e-05	D:0.0008627813871551401	D:-0.0440376305242945	D:0.64630043082017	D:0.942366692053208	D:0.307767782510718	S:TRUE	S:TRUE	S:TRUE	S:FALSE	D:-0.00661025020233272	D:0.0459776596286489	D:0.236007893897853	S:TRUE	S:TRUE	S:FALSE	S:FALSE	S:nominal_p05	S:FALSE
S:Rbm24	S:RBM24	D:0.659841442268315	D:0.00019463071064191	D:0.00247234026907551	D:-0.112819781811549	D:0.366691940135096	D:0.849161990336234	D:0.772661224079864	S:TRUE	S:TRUE	S:TRUE	S:FALSE	D:-0.00900929439875673	D:0.047767386299752	D:0.240960845142025	S:TRUE	S:TRUE	S:FALSE	S:FALSE	S:nominal_p05	S:FALSE
S:Rbm28	S:RBM28	D:0.687977805771256	D:1.94241930709295e-08	D:1.39968969433384e-05	D:-0.0257075072296474	D:0.8246571921647849	D:0.9734648725017671	D:0.713685313000903	S:TRUE	S:TRUE	S:TRUE	S:FALSE	D:-0.0137258558013048	D:0.00256291013933124	D:0.0513612763465762	S:TRUE	S:TRUE	S:TRUE	S:FALSE	S:nominal_p05	S:FALSE
S:Rcc2	S:RCC2	D:0.295735350080726	D:0.00043788384646394	D:0.00424401410610499	D:-0.0899878211181275	D:0.367112724339474	D:0.84953695240476	D:0.385723171198853	S:TRUE	S:TRUE	S:TRUE	S:FALSE	D:-0.0051834272441546	D:0.009909514761833559	D:0.107488252287293	S:TRUE	S:TRUE	S:FALSE	S:FALSE	S:nominal_p05	S:FALSE
S:Rex1bd	S:REX1BD	D:0.167901102263472	D:0.00877707344132044	D:0.0339870408561927	D:-0.385223390611451	D:0.00173190563386741	D:0.129771221063081	D:0.553124492874923	S:TRUE	S:TRUE	S:TRUE	S:FALSE	D:-0.0125457780565714	D:0.00083861885099296	D:0.0280267993397946	S:TRUE	S:TRUE	S:TRUE	S:TRUE	S:nominal_p05	S:FALSE
S:Rexo4	S:REXO4	D:0.308150628920485	D:3.61865498132393e-05	D:0.00085113557001377	D:0.0330957464437621	D:0.746639526568427	D:0.956697951837305	D:0.275054882476723	S:TRUE	S:TRUE	S:FALSE	S:FALSE	D:-0.00997933810299609	D:0.0347198367823405	D:0.205868222455225	S:TRUE	S:TRUE	S:FALSE	S:FALSE	S:nominal_p05	S:FALSE
S:Rgs2	S:RGS2	D:0.152445341021269	D:0.009968528656798391	D:0.0372426696526123	D:0.0453468965577835	D:0.74424486568821	D:0.956697951837305	D:0.107098444463485	S:TRUE	S:TRUE	S:FALSE	S:FALSE	D:-0.00803684224103093	D:0.0128563261666425	D:0.123325746896143	S:TRUE	S:TRUE	S:FALSE	S:FALSE	S:nominal_p05	S:FALSE
S:Rheb	S:RHEB	D:0.218399763815888	D:0.0002018259658983	D:0.00252567942780696	D:-0.344236802733949	D:0.00205862370624147	D:0.138654546369359	D:0.562636566549837	S:TRUE	S:TRUE	S:TRUE	S:FALSE	D:-0.008176611724219291	D:0.00090395785848389	D:0.0293420264733583	S:TRUE	S:TRUE	S:TRUE	S:TRUE	S:nominal_p05	S:FALSE
S:Rhot2	S:RHOT2	D:0.4338862063903	D:2.40948756896038e-05	D:0.00066200357765561	D:-0.0128295421777438	D:0.9112678995285181	D:0.990003530299347	D:0.446715748568044	S:TRUE	S:TRUE	S:TRUE	S:FALSE	D:-0.00608561422110538	D:0.0429601595758497	D:0.228801969872843	S:TRUE	S:TRUE	S:FALSE	S:FALSE	S:nominal_p05	S:FALSE
S:Rims4	S:RIMS4	D:0.459940414495022	D:1.79801948191291e-05	D:0.00054130167022371	D:-0.32280249436334	D:0.0567389038960941	D:0.505893414541018	D:0.782742908858362	S:TRUE	S:TRUE	S:TRUE	S:FALSE	D:-0.0155505828535264	D:0.00189434290973958	D:0.0437977223306882	S:TRUE	S:TRUE	S:TRUE	S:TRUE	S:nominal_p05	S:FALSE
S:Riox1	S:RIOX1	D:0.276695979444561	D:0.00446715984861869	D:0.0209458400118758	D:-0.210957014715974	D:0.186130339244935	D:0.711607341229218	D:0.487652994160535	S:TRUE	S:TRUE	S:TRUE	S:FALSE	D:-0.0209591867815829	D:3.89743508892379e-06	D:0.0015968224607664	S:TRUE	S:TRUE	S:TRUE	S:TRUE	S:nominal_p05	S:FALSE
S:Rmdn3	S:RMDN3	D:0.26224965429008	D:0.00012046405323792	D:0.00182923049423449	D:-0.0254994801090675	D:0.816615994597499	D:0.971167717665625	D:0.287749134399148	S:TRUE	S:TRUE	S:TRUE	S:FALSE	D:-0.00769886917568638	D:0.0227560786887814	D:0.1669533715818	S:TRUE	S:TRUE	S:FALSE	S:FALSE	S:nominal_p05	S:FALSE
S:Rnf112	S:RNF112	D:0.157110128244407	D:0.00094662108544893	D:0.00704213236397088	D:-0.124551224771942	D:0.232475924395943	D:0.755764836767488	D:0.281661353016349	S:TRUE	S:TRUE	S:TRUE	S:FALSE	D:-0.009920570633476421	D:0.00263938469049124	D:0.0519896747207126	S:TRUE	S:TRUE	S:TRUE	S:FALSE	S:nominal_p05	S:FALSE
S:Rnf166	S:RNF166	D:0.341698135554044	D:0.0008785330749132699	D:0.00670143579718425	D:-0.293879007299565	D:0.00348269568070296	D:0.17329706416757	D:0.635577142853609	S:TRUE	S:TRUE	S:TRUE	S:FALSE	D:-0.00731987252019395	D:0.0425164717002088	D:0.228269128927417	S:TRUE	S:TRUE	S:FALSE	S:FALSE	S:nominal_p05	S:FALSE
S:Rnf44	S:RNF44	D:0.163541128847291	D:0.00230362910127128	D:0.0131176121201342	D:-0.0255868911749661	D:0.7491146291131699	D:0.956697951837305	D:0.189128020022257	S:TRUE	S:TRUE	S:TRUE	S:FALSE	D:-0.00638474850101071	D:0.00520392057818749	D:0.0759604530911315	S:TRUE	S:TRUE	S:TRUE	S:FALSE	S:nominal_p05	S:FALSE
S:Romo1	S:ROMO1	D:0.240321692318679	D:0.0126664339563312	D:0.0444446608033905	D:-0.396197895273651	D:0.030609405323016	D:0.422577253246629	D:0.63651958759233	S:TRUE	S:TRUE	S:TRUE	S:FALSE	D:-0.0181242714552846	D:0.0119983955893746	D:0.119465291847989	S:TRUE	S:TRUE	S:FALSE	S:FALSE	S:nominal_p05	S:FALSE
S:Rprml	S:RPRML	D:0.381294496657257	D:0.00400907385413138	D:0.0195006494388822	D:-0.910962026892042	D:0.0568936758226965	D:0.505893414541018	D:1.2922565235493	S:TRUE	S:TRUE	S:TRUE	S:FALSE	D:-0.0188971065121476	D:0.0012337376031656	D:0.0353971930619928	S:TRUE	S:TRUE	S:TRUE	S:TRUE	S:nominal_p05	S:FALSE
S:Rrad	S:RRAD	D:1.03245435888276	D:0.00472007178436266	D:0.0217647754501167	D:-0.603926434837477	D:0.170107894778843	D:0.694561307046928	D:1.63638079372024	S:TRUE	S:TRUE	S:TRUE	S:FALSE	D:-0.0411978242703778	D:0.0107977587370629	D:0.112283292631263	S:TRUE	S:TRUE	S:FALSE	S:FALSE	S:nominal_p05	S:FALSE
S:Rtl5	S:RTL5	D:0.402093468084923	D:4.88187945876667e-05	D:0.00101431762856917	D:-0.07970246252337219	D:0.604460632557248	D:0.93117331839986	D:0.481795930608295	S:TRUE	S:TRUE	S:TRUE	S:FALSE	D:-0.00492178727225414	D:0.0382659049472986	D:0.215225286611758	S:TRUE	S:TRUE	S:FALSE	S:FALSE	S:nominal_p05	S:FALSE
S:Rtn4rl1	S:RTN4RL1	D:0.233577246561436	D:0.0116343904512458	D:0.0416719366976049	D:0.0368832187235774	D:0.696003793223434	D:0.946127630159257	D:0.196694027837859	S:TRUE	S:TRUE	S:FALSE	S:FALSE	D:-0.00665889855820438	D:0.0138021558592475	D:0.127367785580382	S:TRUE	S:TRUE	S:FALSE	S:FALSE	S:nominal_p05	S:FALSE
S:Rubcn	S:RUBCN	D:0.17062369897642	D:0.00256723291842506	D:0.0141556125281012	D:0.0298562593989323	D:0.738076186366297	D:0.955599469501766	D:0.140767439577488	S:TRUE	S:TRUE	S:FALSE	S:FALSE	D:-0.00588650116119724	D:0.0329919825354943	D:0.200485557681908	S:TRUE	S:TRUE	S:FALSE	S:FALSE	S:nominal_p05	S:FALSE
S:Rundc1	S:RUNDC1	D:0.512222180238089	D:6.36257463208446e-06	D:0.00029067981453151	D:-0.136225244864292	D:0.140545038169617	D:0.657261009044829	D:0.648447425102381	S:TRUE	S:TRUE	S:TRUE	S:FALSE	D:-0.00700078962553374	D:0.0421778550983746	D:0.22750216228816	S:TRUE	S:TRUE	S:FALSE	S:FALSE	S:nominal_p05	S:FALSE
S:Samd10	S:SAMD10	D:0.199693555180843	D:0.00193386010632533	D:0.0115470750529474	D:-0.20714916415473	D:0.177741741265825	D:0.704730459481506	D:0.406842719335573	S:TRUE	S:TRUE	S:TRUE	S:FALSE	D:-0.00645453498786592	D:0.0370263974500237	D:0.212491600389158	S:TRUE	S:TRUE	S:FALSE	S:FALSE	S:nominal_p05	S:FALSE
S:Samm50	S:SAMM50	D:0.178162179138988	D:0.0007298690538796899	D:0.00591362297142191	D:-0.0423410464039893	D:0.628107446830617	D:0.936236294562655	D:0.220503225542977	S:TRUE	S:TRUE	S:TRUE	S:FALSE	D:-0.00636774916559943	D:0.00152489080055706	D:0.0395062249813166	S:TRUE	S:TRUE	S:TRUE	S:TRUE	S:nominal_p05	S:FALSE
S:Saysd1	S:SAYSD1	D:0.236529347758885	D:0.0145900912922848	D:0.0493024946236632	D:-0.193487532217262	D:0.223106263852581	D:0.746385292869314	D:0.430016879976147	S:TRUE	S:TRUE	S:TRUE	S:FALSE	D:-0.0171356055131236	D:0.00764933909070861	D:0.09364599257330319	S:TRUE	S:TRUE	S:TRUE	S:FALSE	S:nominal_p05	S:FALSE
S:Sbk1	S:SBK1	D:0.893351788022298	D:1.6865242743038e-07	D:3.76569990430115e-05	D:-0.260529419994986	D:0.0799369995764548	D:0.562487835516815	D:1.15388120801728	S:TRUE	S:TRUE	S:TRUE	S:FALSE	D:-0.0156315116158121	D:0.00767359831475314	D:0.093740646823721	S:TRUE	S:TRUE	S:TRUE	S:FALSE	S:nominal_p05	S:FALSE
S:Scd4	S:SCD4	D:1.49327164794868	D:0.00011334823746698	D:0.0017651371400433	D:0.379671486030862	D:0.526738920925067	D:1	D:1.11360016191782	S:TRUE	S:TRUE	S:FALSE	S:FALSE	D:-0.0306073050180493	D:0.032909880710628	D:0.200151745878956	S:TRUE	S:TRUE	S:FALSE	S:FALSE	S:nominal_p05	S:FALSE
S:Scube1	S:SCUBE1	D:0.320199808901576	D:0.00049400078181623	D:0.00458781159585987	D:0.266553288366456	D:0.0639486493035958	D:0.523910269885606	D:0.05364652053512	S:TRUE	S:TRUE	S:FALSE	S:FALSE	D:-0.0112855253955823	D:0.0290957387364227	D:0.188436891094766	S:TRUE	S:TRUE	S:FALSE	S:FALSE	S:nominal_p05	S:FALSE
S:Sdf2	S:SDF2	D:0.206664906705583	D:0.00059252582553642	D:0.00512132426151196	D:0.0115646729712577	D:0.915065734231456	D:0.990512807688016	D:0.195100233734325	S:TRUE	S:TRUE	S:FALSE	S:FALSE	D:-0.00658948082954578	D:0.0380125084024835	D:0.214388686881795	S:TRUE	S:TRUE	S:FALSE	S:FALSE	S:nominal_p05	S:FALSE
S:Sec61a1	S:SEC61A1	D:0.181544664223122	D:0.00060512091184511	D:0.00519381798347622	D:0.0489836122974928	D:0.621235074803668	D:0.935530755777127	D:0.132561051925629	S:TRUE	S:TRUE	S:FALSE	S:FALSE	D:-0.011788378240973	D:0.0025468943392324	D:0.0512628098895376	S:TRUE	S:TRUE	S:TRUE	S:FALSE	S:nominal_p05	S:FALSE
S:Sema3a	S:SEMA3A	D:0.458926873794818	D:2.27807842781689e-06	D:0.00016267737529811	D:-0.415907792720304	D:0.249355653460596	D:0.768816193545493	D:0.874834666515122	S:TRUE	S:TRUE	S:TRUE	S:FALSE	D:-0.00875941535329793	D:0.0388182076862785	D:0.216417083493171	S:TRUE	S:TRUE	S:FALSE	S:FALSE	S:nominal_p05	S:FALSE
S:Sema7a	S:SEMA7A	D:0.220976035464206	D:0.00301297728162464	D:0.0158676690794404	D:-0.245573606702069	D:0.052960546577157	D:0.498000832727219	D:0.466549642166275	S:TRUE	S:TRUE	S:TRUE	S:FALSE	D:-0.00990375792964395	D:0.00056086860517867	D:0.0236089828166191	S:TRUE	S:TRUE	S:TRUE	S:TRUE	S:nominal_p05	S:FALSE
S:Senp3	S:SENP3	D:0.216006073789012	D:0.00021749479776635	D:0.00265022677093772	D:0.00316176439677201	D:0.9743501645161849	D:0.997294658681108	D:0.21284430939224	S:TRUE	S:TRUE	S:FALSE	S:FALSE	D:-0.00754961489459831	D:0.00371464686568287	D:0.0634138372801807	S:TRUE	S:TRUE	S:TRUE	S:FALSE	S:nominal_p05	S:FALSE
S:Sertad1	S:SERTAD1	D:0.839870436188818	D:7.33682348025685e-06	D:0.00031778869571724	D:-0.0893048160797582	D:0.704696542992969	D:0.948684702206759	D:0.929175252268576	S:TRUE	S:TRUE	S:TRUE	S:FALSE	D:-0.0247225945022362	D:0.00288886119321603	D:0.0546276244300758	S:TRUE	S:TRUE	S:TRUE	S:FALSE	S:nominal_p05	S:FALSE
S:Setd7	S:SETD7	D:0.232447663591278	D:0.00013002005699548	D:0.00191384212028727	D:0.040016097231247	D:0.673172960037924	D:0.942960698709142	D:0.192431566360031	S:TRUE	S:TRUE	S:FALSE	S:FALSE	D:-0.008882407451075229	D:0.00741320226292506	D:0.0920681011693326	S:TRUE	S:TRUE	S:TRUE	S:FALSE	S:nominal_p05	S:FALSE
S:Sfxn3	S:SFXN3	D:0.232687291962368	D:0.00039274106932057	D:0.00391334014578196	D:-0.09323950836229369	D:0.287817710898354	D:0.800958286028673	D:0.325926800324662	S:TRUE	S:TRUE	S:TRUE	S:FALSE	D:-0.00429670706388165	D:0.0437898786911919	D:0.230346090864327	S:TRUE	S:TRUE	S:FALSE	S:FALSE	S:nominal_p05	S:FALSE
S:Sh2b1	S:SH2B1	D:0.293309824728675	D:0.00011212871230504	D:0.00174958314583844	D:-0.0064570574135856	D:0.946362034305167	D:0.992992670185295	D:0.299766882142261	S:TRUE	S:TRUE	S:TRUE	S:FALSE	D:-0.0106525858821493	D:0.00030796007148644	D:0.0173313225058007	S:TRUE	S:TRUE	S:TRUE	S:TRUE	S:nominal_p05	S:FALSE
S:Sh3bp5l	S:SH3BP5L	D:0.290375156053015	D:3.89094771774415e-05	D:0.00089137563828609	D:-0.123597914648899	D:0.238785274530614	D:0.759810126451398	D:0.413973070701914	S:TRUE	S:TRUE	S:TRUE	S:FALSE	D:-0.0142890134005313	D:0.00020158194418597	D:0.0141314308173263	S:TRUE	S:TRUE	S:TRUE	S:TRUE	S:nominal_p05	S:FALSE
S:Shank2	S:SHANK2	D:0.513865991015091	D:2.0579482997203e-05	D:0.00059317553446301	D:0.122361998446324	D:0.27637147947237	D:0.789521303755461	D:0.391503992568767	S:TRUE	S:TRUE	S:FALSE	S:FALSE	D:-0.00754916344336659	D:0.034191190282434	D:0.204145888885008	S:TRUE	S:TRUE	S:FALSE	S:FALSE	S:nominal_p05	S:FALSE
S:Shank3	S:SHANK3	D:0.371986294348067	D:0.00012684455818724	D:0.00188311685747442	D:-0.109825667629493	D:0.311666643518984	D:0.815000078398473	D:0.48181196197756	S:TRUE	S:TRUE	S:TRUE	S:FALSE	D:-0.00709427401108792	D:0.0429492760005792	D:0.228801969872843	S:TRUE	S:TRUE	S:FALSE	S:FALSE	S:nominal_p05	S:FALSE
S:Sin3b	S:SIN3B	D:0.288812306309259	D:5.54832223050224e-06	D:0.00026493238650648	D:0.0532661859905425	D:0.548727630096025	D:0.916556053724258	D:0.235546120318717	S:TRUE	S:TRUE	S:FALSE	S:FALSE	D:-0.0064671878585307	D:0.0371133080012327	D:0.212544553438556	S:TRUE	S:TRUE	S:FALSE	S:FALSE	S:nominal_p05	S:FALSE
S:Slc22a13b	S:SLC22A13B	D:0.813392284801706	D:0.0101882287984956	D:0.0378444563644144	D:-0.740857117756168	D:0.48069092052995	D:1	D:1.55424940255787	S:TRUE	S:TRUE	S:TRUE	S:FALSE	D:-0.0595758596705399	D:0.008434637040473061	D:0.09823714662994421	S:TRUE	S:TRUE	S:TRUE	S:FALSE	S:nominal_p05	S:FALSE
S:Slc25a25	S:SLC25A25	D:0.305099891136826	D:0.00038147126054295	D:0.00383988838654054	D:-0.14298586064706	D:0.141348736539946	D:0.657545146409066	D:0.448085751783886	S:TRUE	S:TRUE	S:TRUE	S:FALSE	D:-0.0101704554763603	D:0.0150374261443628	D:0.133186263012291	S:TRUE	S:TRUE	S:FALSE	S:FALSE	S:nominal_p05	S:FALSE
S:Slc25a3	S:SLC25A3	D:0.137783012158117	D:0.00162695742333699	D:0.0102675780382808	D:-0.28326222045168	D:0.0105929548052242	D:0.276050138287465	D:0.421045232609797	S:TRUE	S:TRUE	S:TRUE	S:FALSE	D:-0.00556939504797043	D:0.00319200510242312	D:0.0575278573542279	S:TRUE	S:TRUE	S:TRUE	S:FALSE	S:nominal_p05	S:FALSE
S:Slc27a3	S:SLC27A3	D:0.458417543638303	D:0.00226753182276819	D:0.0129600258363038	D:-0.265721850480292	D:0.3064622579075	D:0.812149206982888	D:0.724139394118595	S:TRUE	S:TRUE	S:TRUE	S:FALSE	D:-0.0218114654514266	D:0.00954125134858467	D:0.10554163162939	S:TRUE	S:TRUE	S:FALSE	S:FALSE	S:nominal_p05	S:FALSE
S:Slc29a4	S:SLC29A4	D:0.597548736171314	D:4.84561942524222e-05	D:0.00101122561135402	D:0.425271972852235	D:0.0201865653151829	D:0.351539882270947	D:0.172276763319079	S:TRUE	S:TRUE	S:FALSE	S:FALSE	D:-0.0105397127183165	D:0.0440496367426346	D:0.230919292756313	S:TRUE	S:TRUE	S:FALSE	S:FALSE	S:nominal_p05	S:FALSE
S:Slc2a3	S:SLC2A3	D:0.159619211751007	D:0.00442987877698352	D:0.0208202989183278	D:0.0268087855473144	D:0.75535122286519	D:0.957523199678687	D:0.132810426203693	S:TRUE	S:TRUE	S:FALSE	S:FALSE	D:-0.00565160503670457	D:0.028133203107624	D:0.18543930074058	S:TRUE	S:TRUE	S:FALSE	S:FALSE	S:nominal_p05	S:FALSE
S:Slc35a2	S:SLC35A2	D:0.210025281985442	D:0.00183217895492562	D:0.011132822143517	D:-0.0592326871283677	D:0.558871467894738	D:0.919861824739593	D:0.26925796911381	S:TRUE	S:TRUE	S:TRUE	S:FALSE	D:-0.00855800552497024	D:0.0459479079409265	D:0.236007893897853	S:TRUE	S:TRUE	S:FALSE	S:FALSE	S:nominal_p05	S:FALSE
S:Slc39a2	S:SLC39A2	D:0.757305394564579	D:4.96289339318724e-07	D:6.89157705171286e-05	D:-0.179979216003558	D:0.680276501495135	D:0.9439674338842881	D:0.9372846105681371	S:TRUE	S:TRUE	S:TRUE	S:FALSE	D:-0.0197137550640607	D:0.0181181867097368	D:0.146713253736417	S:TRUE	S:TRUE	S:FALSE	S:FALSE	S:nominal_p05	S:FALSE
S:Slc39a3	S:SLC39A3	D:0.175766180366933	D:0.00260083131427476	D:0.0142618397873393	D:-0.154868854665675	D:0.08427644205200011	D:0.569523139447819	D:0.330635035032608	S:TRUE	S:TRUE	S:TRUE	S:FALSE	D:-0.0136313069296196	D:0.00093892630967817	D:0.029949799950755	S:TRUE	S:TRUE	S:TRUE	S:TRUE	S:nominal_p05	S:FALSE
S:Slc66a2	S:SLC66A2	D:0.312016636674872	D:0.00152666761753168	D:0.009814380267935831	D:-0.008135518504206881	D:0.945297180192598	D:0.992992670185295	D:0.320152155179079	S:TRUE	S:TRUE	S:TRUE	S:FALSE	D:-0.009840973700136341	D:0.00700393910467504	D:0.08967473977284279	S:TRUE	S:TRUE	S:TRUE	S:FALSE	S:nominal_p05	S:FALSE
S:Slc9a5	S:SLC9A5	D:0.716634303004919	D:3.34285531917688e-07	D:5.2232558793065e-05	D:-0.00800775088647962	D:0.955488219140381	D:0.994195219997947	D:0.724642053891399	S:TRUE	S:TRUE	S:TRUE	S:FALSE	D:-0.0118248285198322	D:0.00023100245711673	D:0.0151028095810681	S:TRUE	S:TRUE	S:TRUE	S:TRUE	S:nominal_p05	S:FALSE
S:Smad7	S:SMAD7	D:0.580209398171049	D:3.30580331389641e-06	D:0.00020323821832376	D:-0.390469419779754	D:0.00748165231708987	D:0.240769746094246	D:0.970678817950803	S:TRUE	S:TRUE	S:TRUE	S:FALSE	D:-0.00872783002134413	D:0.0265876883530317	D:0.180322877697077	S:TRUE	S:TRUE	S:FALSE	S:FALSE	S:nominal_p05	S:FALSE
S:Snta1	S:SNTA1	D:0.210650787638516	D:0.00466751683764797	D:0.0216041297597761	D:-0.0710862269742548	D:0.507782697553294	D:0.9059525171159289	D:0.281737014612771	S:TRUE	S:TRUE	S:TRUE	S:FALSE	D:-0.012110850793378	D:0.00755648876826709	D:0.09295008409552651	S:TRUE	S:TRUE	S:TRUE	S:FALSE	S:nominal_p05	S:FALSE
S:Sorcs3	S:SORCS3	D:0.476265114456004	D:7.09380322671461e-07	D:8.20861770460633e-05	D:0.0292240954845619	D:0.779318201439008	D:0.962103191053944	D:0.447041018971442	S:TRUE	S:TRUE	S:FALSE	S:FALSE	D:-0.00719088025528228	D:0.0114347506903989	D:0.11654090573736	S:TRUE	S:TRUE	S:FALSE	S:FALSE	S:nominal_p05	S:FALSE
S:Sowahb	S:SOWAHB	D:0.384390366644508	D:0.00023501115391291	D:0.00276382182713755	D:-1.23278387005152	D:0.0382859710866963	D:0.44711047279173	D:1.61717423669603	S:TRUE	S:TRUE	S:TRUE	S:FALSE	D:-0.0148643637427564	D:0.0047041275958351	D:0.0718422835511261	S:TRUE	S:TRUE	S:TRUE	S:FALSE	S:nominal_p05	S:FALSE
S:Sox11	S:SOX11	D:0.582917752044527	D:5.11662891774634e-06	D:0.00024881570010132	D:-0.457039797374884	D:0.0406759998775331	D:0.455821107762623	D:1.03995754941941	S:TRUE	S:TRUE	S:TRUE	S:FALSE	D:-0.0196335215522627	D:0.00351347269366809	D:0.0610536249322889	S:TRUE	S:TRUE	S:TRUE	S:FALSE	S:nominal_p05	S:FALSE
S:Spag4	S:SPAG4	D:0.38471002995001	D:0.0118129205627667	D:0.0421021199823606	D:-0.111506697369099	D:0.720717192357928	D:0.951330084189247	D:0.496216727319109	S:TRUE	S:TRUE	S:TRUE	S:FALSE	D:-0.0234588669805575	D:0.0376476500730931	D:0.213573235009426	S:TRUE	S:TRUE	S:FALSE	S:FALSE	S:nominal_p05	S:FALSE
S:Spata2l	S:SPATA2L	D:0.614710923950083	D:9.109619542913871e-06	D:0.00035309241714868	D:-0.120383351351935	D:0.388586778522336	D:0.858848546242495	D:0.735094275302018	S:TRUE	S:TRUE	S:TRUE	S:FALSE	D:-0.0175996371676362	D:0.0212528147478176	D:0.160523615528682	S:TRUE	S:TRUE	S:FALSE	S:FALSE	S:nominal_p05	S:FALSE
S:Spef1	S:SPEF1	D:0.424267162436223	D:0.00016275133671953	D:0.00221087998373163	D:-0.197028705264644	D:0.268626979694688	D:0.783417882025884	D:0.621295867700867	S:TRUE	S:TRUE	S:TRUE	S:FALSE	D:-0.0182960384502252	D:0.0132322315198486	D:0.124916872775959	S:TRUE	S:TRUE	S:FALSE	S:FALSE	S:nominal_p05	S:FALSE
S:Speg	S:SPEG	D:0.255996249986557	D:0.00275415293682553	D:0.0148817899405375	D:-0.243616466478631	D:0.0552022724916895	D:0.503981958949503	D:0.499612716465188	S:TRUE	S:TRUE	S:TRUE	S:FALSE	D:-0.00799773041685789	D:0.0370899605831241	D:0.212544553438556	S:TRUE	S:TRUE	S:FALSE	S:FALSE	S:nominal_p05	S:FALSE
S:Spindoc	S:SPINDOC	D:0.176897572417137	D:0.00986199533344608	D:0.0369690735448382	D:-0.0537965791795254	D:0.640264792011748	D:0.940185439286743	D:0.230694151596662	S:TRUE	S:TRUE	S:TRUE	S:FALSE	D:-0.0106507634153362	D:0.00748516975210525	D:0.09243407549870369	S:TRUE	S:TRUE	S:TRUE	S:FALSE	S:nominal_p05	S:FALSE
S:Spock2	S:SPOCK2	D:0.10830151269691	D:0.0122652636307362	D:0.0433536732080403	D:0.024567605211208	D:0.737552579135802	D:0.955509705792569	D:0.083733907485702	S:TRUE	S:TRUE	S:FALSE	S:FALSE	D:-0.00411536764860494	D:0.0101034794275844	D:0.108680192652494	S:TRUE	S:TRUE	S:FALSE	S:FALSE	S:nominal_p05	S:FALSE
S:Sppl2b	S:SPPL2B	D:0.178244356946179	D:0.00283632957982077	D:0.0152009238772477	D:-0.027854508457684	D:0.824297452317577	D:0.9734648725017671	D:0.206098865403863	S:TRUE	S:TRUE	S:TRUE	S:FALSE	D:-0.00584080622212873	D:0.0181443915349613	D:0.146713253736417	S:TRUE	S:TRUE	S:FALSE	S:FALSE	S:nominal_p05	S:FALSE
S:Spry2	S:SPRY2	D:0.724979360501812	D:6.7800893172183e-08	D:2.28690970097578e-05	D:-0.0617889329368044	D:0.721513993073527	D:0.951330084189247	D:0.786768293438616	S:TRUE	S:TRUE	S:TRUE	S:FALSE	D:-0.0102221450410903	D:0.003482374999065	D:0.060627523945006	S:TRUE	S:TRUE	S:TRUE	S:FALSE	S:nominal_p05	S:FALSE
S:Src	S:SRC	D:0.182449837244396	D:0.00689543302619359	D:0.0284299869347847	D:-0.113620897684538	D:0.160905435012992	D:0.6853755977706461	D:0.296070734928934	S:TRUE	S:TRUE	S:TRUE	S:FALSE	D:-0.00622331377074697	D:0.0184997875460262	D:0.148446184049448	S:TRUE	S:TRUE	S:FALSE	S:FALSE	S:nominal_p05	S:FALSE
S:Srf	S:SRF	D:0.430101892402172	D:0.000275487482378	D:0.00308207696410624	D:-0.0240477826824565	D:0.8281004809103441	D:0.97454188525165	D:0.454149675084629	S:TRUE	S:TRUE	S:TRUE	S:FALSE	D:-0.0100100567911874	D:0.0126132976278454	D:0.122284870038991	S:TRUE	S:TRUE	S:FALSE	S:FALSE	S:nominal_p05	S:FALSE
S:Srp68	S:SRP68	D:0.210124837966806	D:0.00323006521469336	D:0.0167204622688024	D:-0.0603965622033239	D:0.482650513526802	D:0.895857390925426	D:0.27052140017013	S:TRUE	S:TRUE	S:TRUE	S:FALSE	D:-0.00491586161803451	D:0.0326050552280174	D:0.19924471021582	S:TRUE	S:TRUE	S:FALSE	S:FALSE	S:nominal_p05	S:FALSE
S:Srrm3	S:SRRM3	D:0.413437864565005	D:1.88587704634548e-06	D:0.00015052141363474	D:-0.340584582281963	D:0.0252639218729848	D:0.386970701661122	D:0.754022446846968	S:TRUE	S:TRUE	S:TRUE	S:FALSE	D:-0.0101599302314106	D:0.00946711029732413	D:0.105274494904563	S:TRUE	S:TRUE	S:FALSE	S:FALSE	S:nominal_p05	S:FALSE
S:Srrt	S:SRRT	D:0.232852400458034	D:0.00023043170019111	D:0.00273225068789487	D:-0.0727049578282158	D:0.453108395948266	D:0.887018416871312	D:0.30555735828625	S:TRUE	S:TRUE	S:TRUE	S:FALSE	D:-0.00403992070285328	D:0.027613230165056	D:0.184458378461282	S:TRUE	S:TRUE	S:FALSE	S:FALSE	S:nominal_p05	S:FALSE
S:Srsf7	S:SRSF7	D:0.227556499570992	D:0.00032886344510856	D:0.00347102010339951	D:-0.0832421460912125	D:0.349614621482097	D:0.839004892091712	D:0.310798645662205	S:TRUE	S:TRUE	S:TRUE	S:FALSE	D:-0.00586017830402431	D:0.0399320178008213	D:0.220229318634084	S:TRUE	S:TRUE	S:FALSE	S:FALSE	S:nominal_p05	S:FALSE
S:St6galnac4	S:ST6GALNAC4	D:0.322661694726022	D:0.00010467515286968	D:0.001679642226599	D:0.0349190334661297	D:0.764301019261085	D:0.959334175990743	D:0.287742661259892	S:TRUE	S:TRUE	S:FALSE	S:FALSE	D:-0.0106685560736701	D:0.00704019306885801	D:0.0898270170315123	S:TRUE	S:TRUE	S:TRUE	S:FALSE	S:nominal_p05	S:FALSE
S:St8sia5	S:ST8SIA5	D:0.602393343042182	D:2.4700215525344e-05	D:0.00067512502883323	D:-0.103956305982624	D:0.325352384037604	D:0.826013690023675	D:0.706349649024806	S:TRUE	S:TRUE	S:TRUE	S:FALSE	D:-0.0102848381078655	D:0.0124109546799917	D:0.121353641327841	S:TRUE	S:TRUE	S:FALSE	S:FALSE	S:nominal_p05	S:FALSE
S:Stac3	S:STAC3	D:1.51004446600951	D:5.58797778103483e-07	D:7.3821843135621e-05	D:-1.0944668685006	D:0.240642458971799	D:1	D:2.60451133451011	S:TRUE	S:TRUE	S:TRUE	S:FALSE	D:-0.0212353900022974	D:0.0463708499636335	D:0.236790590824834	S:TRUE	S:TRUE	S:FALSE	S:FALSE	S:nominal_p05	S:FALSE
S:Stard3	S:STARD3	D:0.277826543050019	D:0.00017159005256935	D:0.00228190479514648	D:-0.0558361739221265	D:0.612904458314772	D:0.934148609253367	D:0.333662716972146	S:TRUE	S:TRUE	S:TRUE	S:FALSE	D:-0.0105992270072921	D:0.00225295716658269	D:0.0485462318680475	S:TRUE	S:TRUE	S:TRUE	S:TRUE	S:nominal_p05	S:FALSE
S:Stk16	S:STK16	D:0.201423457020439	D:0.0008907125611839	D:0.00676591577980278	D:-0.196071540133156	D:0.107403477519798	D:0.613949280568839	D:0.397494997153595	S:TRUE	S:TRUE	S:TRUE	S:FALSE	D:-0.0103298904599737	D:0.00136604292998924	D:0.037092391016512	S:TRUE	S:TRUE	S:TRUE	S:TRUE	S:nominal_p05	S:FALSE
S:Strip1	S:STRIP1	D:0.208311955211697	D:0.00065639439606014	D:0.00550863968276416	D:-0.0209443186617617	D:0.806998862460671	D:0.9688798771618931	D:0.229256273873459	S:TRUE	S:TRUE	S:TRUE	S:FALSE	D:-0.00621371502806406	D:0.00271057291431956	D:0.0526605193059112	S:TRUE	S:TRUE	S:TRUE	S:FALSE	S:nominal_p05	S:FALSE
S:Stx1b	S:STX1B	D:0.182317219109631	D:0.0007088321754406799	D:0.00579531535701969	D:-0.0104619754153901	D:0.901441144121053	D:0.987418185682025	D:0.192779194525021	S:TRUE	S:TRUE	S:TRUE	S:FALSE	D:-0.00296380973902211	D:0.0365684252100056	D:0.210823031768879	S:TRUE	S:TRUE	S:FALSE	S:FALSE	S:nominal_p05	S:FALSE
S:Stx5a	S:STX5A	D:0.139996428005162	D:0.009932759042102741	D:0.0371377427109563	D:0.0844762051064198	D:0.5372022009788689	D:0.911721254918239	D:0.0555202228987422	S:TRUE	S:TRUE	S:FALSE	S:FALSE	D:-0.00559074719090706	D:0.008264547781819511	D:0.0975502352454586	S:TRUE	S:TRUE	S:TRUE	S:FALSE	S:nominal_p05	S:FALSE
S:Syngap1	S:SYNGAP1	D:0.324874655370325	D:0.0003480986126291	D:0.00360680216079029	D:0.07396181154045089	D:0.398614672151186	D:0.8632151320803511	D:0.250912843829874	S:TRUE	S:TRUE	S:FALSE	S:FALSE	D:-0.00645904657517238	D:0.0428286961860532	D:0.228791628511205	S:TRUE	S:TRUE	S:FALSE	S:FALSE	S:nominal_p05	S:FALSE
S:Syngr3	S:SYNGR3	D:0.163459218253585	D:0.00531461041403068	D:0.0237354871469835	D:-0.0913420324165674	D:0.247964830476169	D:0.768078491026179	D:0.254801250670152	S:TRUE	S:TRUE	S:TRUE	S:FALSE	D:-0.0125687097670674	D:0.00113707548880363	D:0.0337147999390827	S:TRUE	S:TRUE	S:TRUE	S:TRUE	S:nominal_p05	S:FALSE
S:Syt13	S:SYT13	D:0.52035082336095	D:1.38909895144565e-06	D:0.0001272912466894	D:-0.180805369926362	D:0.066799720261499	D:0.533324865851304	D:0.701156193287312	S:TRUE	S:TRUE	S:TRUE	S:FALSE	D:-0.00727672703342474	D:0.00027549465956571	D:0.016405135853502	S:TRUE	S:TRUE	S:TRUE	S:TRUE	S:nominal_p05	S:FALSE
S:Syt4	S:SYT4	D:0.135548099985339	D:0.00884317535334719	D:0.0341748063786117	D:0.0649365919306127	D:0.374089641118057	D:0.851803284969866	D:0.0706115080547263	S:TRUE	S:TRUE	S:FALSE	S:FALSE	D:-0.00360489785363287	D:0.029124282614868	D:0.188474692372875	S:TRUE	S:TRUE	S:FALSE	S:FALSE	S:nominal_p05	S:FALSE
S:Taf5	S:TAF5	D:0.451501461425734	D:7.731856799456551e-05	D:0.00139446104484397	D:-0.173397226976435	D:0.401529735343609	D:0.865026239875997	D:0.624898688402169	S:TRUE	S:TRUE	S:TRUE	S:FALSE	D:-0.0137850395090225	D:0.0401396420941689	D:0.220735870298103	S:TRUE	S:TRUE	S:FALSE	S:FALSE	S:nominal_p05	S:FALSE
S:Tafa1	S:TAFA1	D:0.381217153207427	D:7.13816721940502e-05	D:0.00132507453078721	D:0.0319440024246622	D:0.756247403668258	D:0.957523199678687	D:0.349273150782765	S:TRUE	S:TRUE	S:FALSE	S:FALSE	D:-0.00783291094407595	D:0.0430288065302752	D:0.228952988744209	S:TRUE	S:TRUE	S:FALSE	S:FALSE	S:nominal_p05	S:FALSE
S:Tamalin	S:TAMALIN	D:0.677647906610751	D:0.00011913364801528	D:0.00181863664579615	D:-0.428080515403797	D:0.169584651214227	D:0.693938708929744	D:1.10572842201455	S:TRUE	S:TRUE	S:TRUE	S:FALSE	D:-0.0160883989044189	D:0.0152837457220866	D:0.133928906786175	S:TRUE	S:TRUE	S:FALSE	S:FALSE	S:nominal_p05	S:FALSE
S:Tbc1d10a	S:TBC1D10A	D:0.46716172824874	D:0.00010621054268289	D:0.00169297494622903	D:-0.220257505323927	D:0.0461847085868763	D:0.479104937756586	D:0.687419233572667	S:TRUE	S:TRUE	S:TRUE	S:FALSE	D:-0.0114204664123513	D:2.98734251835481e-05	D:0.00536611298411123	S:TRUE	S:TRUE	S:TRUE	S:TRUE	S:nominal_p05	S:FALSE
S:Tbc1d10b	S:TBC1D10B	D:0.138972738939111	D:0.0107113577341287	D:0.0391531367671528	D:-0.107865742707033	D:0.218633169582688	D:0.7438686213297639	D:0.246838481646144	S:TRUE	S:TRUE	S:TRUE	S:FALSE	D:-0.00424209401337162	D:0.0168098588852146	D:0.140782800185962	S:TRUE	S:TRUE	S:FALSE	S:FALSE	S:nominal_p05	S:FALSE
S:Tcaf1	S:TCAF1	D:0.125904545796494	D:0.00345728187602892	D:0.0175372010638179	D:0.0773462779019264	D:0.309194838397976	D:0.813898297794092	D:0.0485582678945676	S:TRUE	S:TRUE	S:FALSE	S:FALSE	D:-0.00343402485779526	D:0.0146599976938709	D:0.131070371346709	S:TRUE	S:TRUE	S:FALSE	S:FALSE	S:nominal_p05	S:FALSE
S:Tdg	S:TDG	D:0.188561553046226	D:0.00438898354625759	D:0.020689430912525	D:-0.197063733604312	D:0.0787171178315493	D:0.561822361567308	D:0.385625286650538	S:TRUE	S:TRUE	S:TRUE	S:FALSE	D:-0.00560025790090003	D:0.0413359066709428	D:0.224811242269078	S:TRUE	S:TRUE	S:FALSE	S:FALSE	S:nominal_p05	S:FALSE
S:Tepsin	S:TEPSIN	D:0.195862903694606	D:0.00637678199433106	D:0.0269360844540715	D:-0.23348147713511	D:0.111653413994036	D:0.620087990699248	D:0.429344380829716	S:TRUE	S:TRUE	S:TRUE	S:FALSE	D:-0.009550504117006319	D:0.0106803585909572	D:0.111546064903721	S:TRUE	S:TRUE	S:FALSE	S:FALSE	S:nominal_p05	S:FALSE
S:Tesc	S:TESC	D:0.491469286460884	D:5.69257282900716e-05	D:0.00112524135982856	D:-0.495489691878477	D:0.00151603045511653	D:0.124350379697191	D:0.986958978339361	S:TRUE	S:TRUE	S:TRUE	S:FALSE	D:-0.0108407972234372	D:0.00449707814220747	D:0.0696249985828002	S:TRUE	S:TRUE	S:TRUE	S:FALSE	S:nominal_p05	S:FALSE
S:Thap1	S:THAP1	D:0.429884482318842	D:0.00085222805934324	D:0.00656480632884768	D:-0.192429615256453	D:0.292263704616296	D:0.805578480213163	D:0.622314097575295	S:TRUE	S:TRUE	S:TRUE	S:FALSE	D:-0.0140101439897362	D:0.00245652510482621	D:0.0508887116378437	S:TRUE	S:TRUE	S:TRUE	S:FALSE	S:nominal_p05	S:FALSE
S:Thbd	S:THBD	D:0.547833286015178	D:0.0007337727197156599	D:0.00591646674814615	D:-0.126117310607297	D:0.590769208736494	D:0.928182363050032	D:0.673950596622475	S:TRUE	S:TRUE	S:TRUE	S:FALSE	D:-0.0213184755011842	D:0.0120651067647099	D:0.119465291847989	S:TRUE	S:TRUE	S:FALSE	S:FALSE	S:nominal_p05	S:FALSE
S:Thop1	S:THOP1	D:0.263729136379083	D:0.00387317594897654	D:0.0190097394176858	D:-0.166735963413407	D:0.178117201508948	D:0.704730459481506	D:0.43046509979249	S:TRUE	S:TRUE	S:TRUE	S:FALSE	D:-0.00662490235257894	D:0.0224126309407236	D:0.16574004428653	S:TRUE	S:TRUE	S:FALSE	S:FALSE	S:nominal_p05	S:FALSE
S:Timm50	S:TIMM50	D:0.220491298393812	D:0.00111797265545803	D:0.00789453029263973	D:-0.267892608817408	D:0.0318181296433037	D:0.425331834272988	D:0.48838390721122	S:TRUE	S:TRUE	S:TRUE	S:FALSE	D:-0.009295451321085229	D:0.0139475806048711	D:0.127872473203385	S:TRUE	S:TRUE	S:FALSE	S:FALSE	S:nominal_p05	S:FALSE
S:Tlnrd1	S:TLNRD1	D:0.286968026183044	D:0.0035719278420533	D:0.0179195481266047	D:-0.534696373820298	D:0.156506137363568	D:0.680303567304413	D:0.821664400003342	S:TRUE	S:TRUE	S:TRUE	S:FALSE	D:-0.0162210302483313	D:0.00013541638408051	D:0.0113897704617296	S:TRUE	S:TRUE	S:TRUE	S:TRUE	S:nominal_p05	S:FALSE
S:Tmed9	S:TMED9	D:0.124171565411716	D:0.008724237891336639	D:0.0338403090999168	D:-0.0514972542043166	D:0.584838057343201	D:0.927005866094768	D:0.175668819616033	S:TRUE	S:TRUE	S:TRUE	S:FALSE	D:-0.00779509447444381	D:0.00727208066580182	D:0.0913319831303734	S:TRUE	S:TRUE	S:TRUE	S:FALSE	S:nominal_p05	S:FALSE
S:Tmem109	S:TMEM109	D:0.253909592405716	D:0.00209457001611193	D:0.0122379472351135	D:-0.0303987162587891	D:0.735420525269027	D:0.9551578114194	D:0.284308308664505	S:TRUE	S:TRUE	S:TRUE	S:FALSE	D:-0.0102644051257937	D:0.008796065155722109	D:0.101042400795046	S:TRUE	S:TRUE	S:FALSE	S:FALSE	S:nominal_p05	S:FALSE
S:Tmem121b	S:TMEM121B	D:0.492682336754807	D:1.46809267784206e-06	D:0.00013002052079234	D:-0.281289644150651	D:0.0370045647053256	D:0.443943513453004	D:0.773971980905458	S:TRUE	S:TRUE	S:TRUE	S:FALSE	D:-0.0154246534006636	D:0.0009881527829586399	D:0.0309313630889788	S:TRUE	S:TRUE	S:TRUE	S:TRUE	S:nominal_p05	S:FALSE
S:Tmem127	S:TMEM127	D:0.115175767790791	D:0.00769645308032444	D:0.0309617835596013	D:-0.0517074007565004	D:0.5522416802730969	D:0.91789535759727	D:0.166883168547291	S:TRUE	S:TRUE	S:TRUE	S:FALSE	D:-0.00564026060793105	D:0.00035703786740868	D:0.0184389556342128	S:TRUE	S:TRUE	S:TRUE	S:TRUE	S:nominal_p05	S:FALSE
S:Tmem132a	S:TMEM132A	D:0.180457433093416	D:0.009914451830454481	D:0.0371042976553812	D:-0.0630580835739555	D:0.468834513425576	D:0.89221962316085	D:0.243515516667372	S:TRUE	S:TRUE	S:TRUE	S:FALSE	D:-0.0214033487780214	D:5.49249331030997e-07	D:0.00038936276930174	S:TRUE	S:TRUE	S:TRUE	S:TRUE	S:nominal_p05	S:FALSE
S:Tmem151b	S:TMEM151B	D:0.770202109553371	D:1.90847689593727e-07	D:3.99700544863785e-05	D:-0.558427458759685	D:0.0444761703592423	D:0.470674901330047	D:1.32862956831306	S:TRUE	S:TRUE	S:TRUE	S:FALSE	D:-0.015975427630846	D:0.00017117010736759	D:0.0130687643721679	S:TRUE	S:TRUE	S:TRUE	S:TRUE	S:nominal_p05	S:FALSE
S:Tmem178	S:TMEM178	D:0.39073219561628	D:4.86061891031199e-05	D:0.00101122561135402	D:-0.396622559607882	D:0.0062463926688532	D:0.224832925063315	D:0.787354755224162	S:TRUE	S:TRUE	S:TRUE	S:FALSE	D:-0.009993443409052659	D:0.0156284383642597	D:0.135532228655624	S:TRUE	S:TRUE	S:FALSE	S:FALSE	S:nominal_p05	S:FALSE
S:Tmem198	S:TMEM198	D:0.611519467719196	D:4.49186996427968e-05	D:0.0009635942428109	D:-0.385715461650992	D:0.00976855516110722	D:0.266626814127343	D:0.997234929370188	S:TRUE	S:TRUE	S:TRUE	S:FALSE	D:-0.0220034548230152	D:0.00010109160498935	D:0.009657129125330189	S:TRUE	S:TRUE	S:TRUE	S:TRUE	S:nominal_p05	S:FALSE
S:Tmem33	S:TMEM33	D:0.15109557106544	D:0.00284127549887379	D:0.0152222847190423	D:0.0138336327666559	D:0.878144642477951	D:0.983743329403303	D:0.137261938298784	S:TRUE	S:TRUE	S:FALSE	S:FALSE	D:-0.00464579521305766	D:0.0351110951519055	D:0.207077421946042	S:TRUE	S:TRUE	S:FALSE	S:FALSE	S:nominal_p05	S:FALSE
S:Tmem86b	S:TMEM86B	D:0.845994351648732	D:2.58940236543899e-05	D:0.00069365485980745	D:0.0520928507363979	D:0.842138774014404	D:0.977829756168987	D:0.793901500912334	S:TRUE	S:TRUE	S:FALSE	S:FALSE	D:-0.0190535851906924	D:0.00461310353842221	D:0.0708764916149086	S:TRUE	S:TRUE	S:TRUE	S:FALSE	S:nominal_p05	S:FALSE
S:Tnfaip8l1	S:TNFAIP8L1	D:0.27645494542835	D:0.00848020449921515	D:0.033153312435526	D:0.06150953302644	D:0.75195869817647	D:0.956925331705386	D:0.21494541240191	S:TRUE	S:TRUE	S:FALSE	S:FALSE	D:-0.0201058019569509	D:0.0136591394405029	D:0.126965639365837	S:TRUE	S:TRUE	S:FALSE	S:FALSE	S:nominal_p05	S:FALSE
S:Tnfrsf12a	S:TNFRSF12A	D:0.934222731588193	D:0.00017288741851096	D:0.00228779987116389	D:-0.0287367684913074	D:0.907359278964648	D:0.989219962616533	D:0.9629595000795	S:TRUE	S:TRUE	S:TRUE	S:FALSE	D:-0.0272661112305074	D:0.0137033797474382	D:0.12715108827555	S:TRUE	S:TRUE	S:FALSE	S:FALSE	S:nominal_p05	S:FALSE
S:Tomm40	S:TOMM40	D:0.259313974560972	D:0.00023936159836544	D:0.00280044237556263	D:-0.14289135418285	D:0.127328078572607	D:0.640499137210348	D:0.402205328743822	S:TRUE	S:TRUE	S:TRUE	S:FALSE	D:-0.00658072360103173	D:0.0250189988660673	D:0.174306429929514	S:TRUE	S:TRUE	S:FALSE	S:FALSE	S:nominal_p05	S:FALSE
S:Tomm40l	S:TOMM40L	D:0.244516209010808	D:0.00108987571262215	D:0.00778981049242513	D:-0.029869446043528	D:0.788198009836534	D:0.963800758106709	D:0.274385655054336	S:TRUE	S:TRUE	S:TRUE	S:FALSE	D:-0.0163317744224234	D:0.00056225689199915	D:0.0236135086965566	S:TRUE	S:TRUE	S:TRUE	S:TRUE	S:nominal_p05	S:FALSE
S:Top1	S:TOP1	D:0.237055743336198	D:0.00013124740238403	D:0.00192298065618674	D:0.0391733756533715	D:0.669160555396597	D:0.942803399485736	D:0.197882367682827	S:TRUE	S:TRUE	S:FALSE	S:FALSE	D:-0.0074620722368698	D:0.0212073122673296	D:0.160458605663933	S:TRUE	S:TRUE	S:FALSE	S:FALSE	S:nominal_p05	S:FALSE
S:Tor1b	S:TOR1B	D:0.186170162686103	D:0.00189721585751662	D:0.0113969545241421	D:-0.0261673593575026	D:0.775740816778089	D:0.961399665610793	D:0.212337522043606	S:TRUE	S:TRUE	S:TRUE	S:FALSE	D:-0.0081356197288357	D:0.00601066024397628	D:0.0825156685913557	S:TRUE	S:TRUE	S:TRUE	S:FALSE	S:nominal_p05	S:FALSE
S:Tpbg	S:TPBG	D:0.318880617324575	D:0.00261212059315713	D:0.014305324469818	D:-0.0248116156370555	D:0.924146813573924	D:0.991728492850637	D:0.343692232961631	S:TRUE	S:TRUE	S:TRUE	S:FALSE	D:-0.014740279081488	D:0.00718700177207841	D:0.090944922218126	S:TRUE	S:TRUE	S:TRUE	S:FALSE	S:nominal_p05	S:FALSE
S:Trib1	S:TRIB1	D:1.73402201806714	D:9.990389797545761e-09	D:1.35396307750704e-05	D:-0.44446151327575	D:0.0185889293390088	D:0.338190896075551	D:2.17848353134289	S:TRUE	S:TRUE	S:TRUE	S:FALSE	D:-0.0268016602656032	D:0.008007459456372769	D:0.0957890420622963	S:TRUE	S:TRUE	S:TRUE	S:FALSE	S:nominal_p05	S:FALSE
S:Trib2	S:TRIB2	D:1.06165231993809	D:5.74108453281553e-08	D:2.23522587280676e-05	D:-0.327091550212597	D:0.00862862716476384	D:0.253138995916646	D:1.38874387015069	S:TRUE	S:TRUE	S:TRUE	S:FALSE	D:-0.0150981785681629	D:0.013189394589592	D:0.124720726084187	S:TRUE	S:TRUE	S:FALSE	S:FALSE	S:nominal_p05	S:FALSE
S:Trim46	S:TRIM46	D:0.146201982785904	D:0.008376552947900301	D:0.0328778147766931	D:-0.0941003697144901	D:0.326752022303242	D:0.82783817909617	D:0.240302352500394	S:TRUE	S:TRUE	S:TRUE	S:FALSE	D:-0.00681369646388455	D:0.0310602524060903	D:0.194715359949366	S:TRUE	S:TRUE	S:FALSE	S:FALSE	S:nominal_p05	S:FALSE
S:Trim8	S:TRIM8	D:0.270467711097855	D:0.00554764765218748	D:0.0244257509779471	D:-0.287326484194492	D:0.0178121149092755	D:0.332317007903602	D:0.557794195292347	S:TRUE	S:TRUE	S:TRUE	S:FALSE	D:-0.0130272577497315	D:0.00017153772186714	D:0.0130687643721679	S:TRUE	S:TRUE	S:TRUE	S:TRUE	S:nominal_p05	S:FALSE
S:Trir	S:TRIR	D:0.267520977983446	D:0.00364491384884838	D:0.0182165256134279	D:-1.00008960729527	D:0.0466069133804845	D:0.479104937756586	D:1.26761058527872	S:TRUE	S:TRUE	S:TRUE	S:FALSE	D:-0.00872892209098702	D:0.00567842532789626	D:0.08010185751371331	S:TRUE	S:TRUE	S:TRUE	S:FALSE	S:nominal_p05	S:FALSE
S:Tspan13	S:TSPAN13	D:0.220028489784657	D:9.11804486007694e-05	D:0.00155094812410729	D:-0.126259722953443	D:0.2469776103414	D:0.767250042277947	D:0.3462882127381	S:TRUE	S:TRUE	S:TRUE	S:FALSE	D:-0.0055853580855692	D:0.0355135974172513	D:0.208258331928073	S:TRUE	S:TRUE	S:FALSE	S:FALSE	S:nominal_p05	S:FALSE
S:Ttll12	S:TTLL12	D:0.434188751464389	D:1.44080835529325e-05	D:0.00047192427389388	D:0.0587760088634115	D:0.636929556889134	D:0.939032610728872	D:0.375412742600978	S:TRUE	S:TRUE	S:FALSE	S:FALSE	D:-0.0106473929108421	D:0.0147921225885632	D:0.131760570569499	S:TRUE	S:TRUE	S:FALSE	S:FALSE	S:nominal_p05	S:FALSE
S:Ttyh3	S:TTYH3	D:0.428265786870607	D:8.97502974188869e-05	D:0.00153817455673688	D:-0.0831653981726638	D:0.376544225219971	D:0.853280309388754	D:0.511431185043271	S:TRUE	S:TRUE	S:TRUE	S:FALSE	D:-0.0107541279944975	D:0.00109180256938842	D:0.0330534712180859	S:TRUE	S:TRUE	S:TRUE	S:TRUE	S:nominal_p05	S:FALSE
S:Tufm	S:TUFM	D:0.226200335529399	D:0.00318003441523486	D:0.0165227508597393	D:0.198499046030579	D:0.279110333432714	D:0.7930076654179919	D:0.02770128949882	S:TRUE	S:TRUE	S:FALSE	S:FALSE	D:-0.0121533806704836	D:0.00031202083559594	D:0.0174067480178865	S:TRUE	S:TRUE	S:TRUE	S:TRUE	S:nominal_p05	S:FALSE
S:Twnk	S:TWNK	D:0.218923416635766	D:0.00250693159939144	D:0.0139039357962906	D:-0.00865696007296585	D:0.946411800127543	D:0.992992670185295	D:0.227580376708732	S:TRUE	S:TRUE	S:TRUE	S:FALSE	D:-0.0102496269748944	D:0.00308446555978269	D:0.0567547819617898	S:TRUE	S:TRUE	S:TRUE	S:FALSE	S:nominal_p05	S:FALSE
S:Txn2	S:TXN2	D:0.141269487254566	D:0.00485430340338399	D:0.022215725131018	D:-0.06660942379000311	D:0.457519664436453	D:0.887894288705662	D:0.207878911044569	S:TRUE	S:TRUE	S:TRUE	S:FALSE	D:-0.00909547950905056	D:0.0023887594579118	D:0.0502184243164423	S:TRUE	S:TRUE	S:TRUE	S:FALSE	S:nominal_p05	S:FALSE
S:Tyro3	S:TYRO3	D:0.187247407599547	D:0.00287289845569967	D:0.0153420878011723	D:-0.312962774960814	D:0.00703460993459081	D:0.236110806085467	D:0.500210182560361	S:TRUE	S:TRUE	S:TRUE	S:FALSE	D:-0.00655684549777178	D:0.0206353245545316	D:0.158324377366583	S:TRUE	S:TRUE	S:FALSE	S:FALSE	S:nominal_p05	S:FALSE
S:U2af2	S:U2AF2	D:0.119670765365896	D:0.0130299307163499	D:0.0454021314983621	D:-0.0991195943355634	D:0.26988365230114	D:0.784467852421558	D:0.218790359701459	S:TRUE	S:TRUE	S:TRUE	S:FALSE	D:-0.008295474461238579	D:0.00025458974738058	D:0.0155942563868964	S:TRUE	S:TRUE	S:TRUE	S:TRUE	S:nominal_p05	S:FALSE
S:Ubfd1	S:UBFD1	D:0.274829146804109	D:0.00020465222490525	D:0.00254658690849524	D:-0.131980938336829	D:0.15344307877719	D:0.673922106241893	D:0.406810085140938	S:TRUE	S:TRUE	S:TRUE	S:FALSE	D:-0.0106298370687593	D:0.00729961869572914	D:0.0915531087708559	S:TRUE	S:TRUE	S:TRUE	S:FALSE	S:nominal_p05	S:FALSE
S:Ubxn2b	S:UBXN2B	D:0.395885457974171	D:3.42635788466333e-06	D:0.00020732080742583	D:0.0282049532147352	D:0.742367476685744	D:0.956473460527724	D:0.367680504759436	S:TRUE	S:TRUE	S:FALSE	S:FALSE	D:-0.00720513585673556	D:0.0277502469129939	D:0.184578647862627	S:TRUE	S:TRUE	S:FALSE	S:FALSE	S:nominal_p05	S:FALSE
S:Uhrf2	S:UHRF2	D:0.249116923741753	D:6.73787115015183e-05	D:0.0012731283831151	D:0.0193473576874813	D:0.8591177044321761	D:0.981117667947295	D:0.229769566054272	S:TRUE	S:TRUE	S:FALSE	S:FALSE	D:-0.00955284895871256	D:0.0364930816297183	D:0.210823031768879	S:TRUE	S:TRUE	S:FALSE	S:FALSE	S:nominal_p05	S:FALSE
S:Umps	S:UMPS	D:0.440648593483665	D:8.139430689892649e-06	D:0.00033342220859655	D:0.109317241055463	D:0.36202520188656	D:0.84698621916481	D:0.331331352428202	S:TRUE	S:TRUE	S:FALSE	S:FALSE	D:-0.00872758292905958	D:4.13199460863482e-05	D:0.0062443921802787	S:TRUE	S:TRUE	S:TRUE	S:TRUE	S:nominal_p05	S:FALSE
S:Unc119b	S:UNC119B	D:0.326199122439689	D:0.00035352914644016	D:0.00364367695915551	D:-0.00591853396354459	D:0.956720022304183	D:0.994195219997947	D:0.332117656403234	S:TRUE	S:TRUE	S:TRUE	S:FALSE	D:-0.0118290669775884	D:0.00275268886922071	D:0.053142748357929	S:TRUE	S:TRUE	S:TRUE	S:FALSE	S:nominal_p05	S:FALSE
S:Unc13a	S:UNC13A	D:0.285658394531133	D:6.633672807122481e-05	D:0.0012609546164426	D:-0.118876163529814	D:0.167369474530981	D:0.692187393872904	D:0.404534558060947	S:TRUE	S:TRUE	S:TRUE	S:FALSE	D:-0.00778866889140502	D:0.0472057960859541	D:0.239761229321415	S:TRUE	S:TRUE	S:FALSE	S:FALSE	S:nominal_p05	S:FALSE
S:Uqcr10	S:UQCR10	D:0.15016171932005	D:0.00572226812506983	D:0.024956015567189	D:-0.214862984015082	D:0.0273440868668992	D:0.404097795467971	D:0.365024703335132	S:TRUE	S:TRUE	S:TRUE	S:FALSE	D:-0.00678720749389723	D:0.0209497127410654	D:0.159520521651663	S:TRUE	S:TRUE	S:FALSE	S:FALSE	S:nominal_p05	S:FALSE
S:Usp10	S:USP10	D:0.213456162588511	D:0.00051662492843813	D:0.00469075314463332	D:0.06500999782368939	D:0.552724838438144	D:0.91789535759727	D:0.148446164764822	S:TRUE	S:TRUE	S:FALSE	S:FALSE	D:-0.00517033101360054	D:0.00881706128817383	D:0.101199924241309	S:TRUE	S:TRUE	S:FALSE	S:FALSE	S:nominal_p05	S:FALSE
S:Vgf	S:VGF	D:1.05018634902992	D:1.7854333873744e-06	D:0.00014724743421244	D:-0.676590537131621	D:0.0357848943055144	D:0.441846792746881	D:1.72677688616154	S:TRUE	S:TRUE	S:TRUE	S:FALSE	D:-0.0142297289972704	D:0.009881029323390781	D:0.107478783265697	S:TRUE	S:TRUE	S:FALSE	S:FALSE	S:nominal_p05	S:FALSE
S:Vopp1	S:VOPP1	D:0.184237947955404	D:0.0003636190261678	D:0.00371787440295249	D:-0.264740007501118	D:0.0287505495146988	D:0.410866100384283	D:0.448977955456522	S:TRUE	S:TRUE	S:TRUE	S:FALSE	D:-0.0111718310849592	D:0.00054355470459612	D:0.0231979585385158	S:TRUE	S:TRUE	S:TRUE	S:TRUE	S:nominal_p05	S:FALSE
S:Vps37b	S:VPS37B	D:0.257450072292248	D:0.00027428909053293	D:0.00307083683066286	D:-0.246265017747034	D:0.0220100360462843	D:0.358944846674815	D:0.5037150900392821	S:TRUE	S:TRUE	S:TRUE	S:FALSE	D:-0.0102400925380467	D:0.009216750968470831	D:0.103932255416328	S:TRUE	S:TRUE	S:FALSE	S:FALSE	S:nominal_p05	S:FALSE
S:Vti1b	S:VTI1B	D:0.148349880077241	D:0.00134255790964248	D:0.008966199654076121	D:-0.362594795790336	D:0.00430647896393531	D:0.187373841602832	D:0.510944675867577	S:TRUE	S:TRUE	S:TRUE	S:FALSE	D:-0.007998962673458969	D:0.00879360259153618	D:0.101042400795046	S:TRUE	S:TRUE	S:FALSE	S:FALSE	S:nominal_p05	S:FALSE
S:Wdtc1	S:WDTC1	D:0.315265776811047	D:0.00011985153397191	D:0.00182342261809673	D:-0.0343090973616318	D:0.728316301878329	D:0.9529847627560319	D:0.349574874172679	S:TRUE	S:TRUE	S:TRUE	S:FALSE	D:-0.007818129980107809	D:0.0180957195533029	D:0.146713253736417	S:TRUE	S:TRUE	S:FALSE	S:FALSE	S:nominal_p05	S:FALSE
S:Whrn	S:WHRN	D:0.310480856009118	D:0.00585811013675494	D:0.0253449001190668	D:-0.299979080951663	D:0.124358829801233	D:0.639177641343974	D:0.610459936960781	S:TRUE	S:TRUE	S:TRUE	S:FALSE	D:-0.00581723284597533	D:0.020216211954283	D:0.156657390521699	S:TRUE	S:TRUE	S:FALSE	S:FALSE	S:nominal_p05	S:FALSE
S:Wwc1	S:WWC1	D:0.363770003876618	D:1.61934883206625e-05	D:0.00050843171618053	D:0.126515034359456	D:0.131917245926262	D:0.646389842004186	D:0.237254969517162	S:TRUE	S:TRUE	S:FALSE	S:FALSE	D:-0.00580304766715399	D:0.0396766445687544	D:0.219148680621368	S:TRUE	S:TRUE	S:FALSE	S:FALSE	S:nominal_p05	S:FALSE
S:Xpo1	S:XPO1	D:0.224556112968214	D:0.00119575303319019	D:0.008292332823781339	D:0.0459249722512012	D:0.6103737712963579	D:0.9329585640875639	D:0.178631140717013	S:TRUE	S:TRUE	S:FALSE	S:FALSE	D:-0.00742103469526451	D:0.039541117288564	D:0.21892479863341	S:TRUE	S:TRUE	S:FALSE	S:FALSE	S:nominal_p05	S:FALSE
S:Zbtb21	S:ZBTB21	D:0.306722116862428	D:0.00020945045457611	D:0.00258151892741446	D:-0.0861564223513334	D:0.449636613943157	D:0.886986331830496	D:0.392878539213761	S:TRUE	S:TRUE	S:TRUE	S:FALSE	D:-0.00936334583645201	D:0.0497492548659997	D:0.244781217627132	S:TRUE	S:TRUE	S:FALSE	S:FALSE	S:nominal_p05	S:FALSE
S:Zbtb7a	S:ZBTB7A	D:0.323449173988413	D:0.00010734428483497	D:0.00170856320029008	D:-0.205436828236896	D:0.0621053551195089	D:0.519948842056728	D:0.528886002225309	S:TRUE	S:TRUE	S:TRUE	S:FALSE	D:-0.00737558024344861	D:0.0192967600387418	D:0.152105329129664	S:TRUE	S:TRUE	S:FALSE	S:FALSE	S:nominal_p05	S:FALSE
S:Zdbf2	S:ZDBF2	D:0.773930193914101	D:1.13046728398577e-05	D:0.00040730222393241	D:0.195570687427855	D:0.181251238185903	D:0.708730286928247	D:0.578359506486246	S:TRUE	S:TRUE	S:FALSE	S:FALSE	D:-0.009979786985194691	D:0.0487554513682848	D:0.243012775581797	S:TRUE	S:TRUE	S:FALSE	S:FALSE	S:nominal_p05	S:FALSE
S:Zdhhc14	S:ZDHHC14	D:0.479364536108024	D:0.00034037794938075	D:0.00354547815728852	D:-0.177536978613698	D:0.130700413386293	D:0.64567681053485	D:0.656901514721722	S:TRUE	S:TRUE	S:TRUE	S:FALSE	D:-0.0105299069060755	D:0.0234028312097633	D:0.169091496356272	S:TRUE	S:TRUE	S:FALSE	S:FALSE	S:nominal_p05	S:FALSE
S:Zfp109	S:ZFP109	D:0.247605358464902	D:0.00332274697344985	D:0.0170526085367758	D:-0.126043651077338	D:0.530106494059581	D:0.908950839923476	D:0.37364900954224	S:TRUE	S:TRUE	S:TRUE	S:FALSE	D:-0.00687703982405834	D:0.0303231998465327	D:0.192384320567971	S:TRUE	S:TRUE	S:FALSE	S:FALSE	S:nominal_p05	S:FALSE
S:Zfp180	S:ZFP180	D:0.5661652515218391	D:1.09700913429445e-07	D:3.10551532249463e-05	D:-0.126215649056203	D:0.280861205740235	D:0.794095592879561	D:0.692380900578042	S:TRUE	S:TRUE	S:TRUE	S:FALSE	D:-0.00770661656148734	D:0.0247800259861397	D:0.173648551541793	S:TRUE	S:TRUE	S:FALSE	S:FALSE	S:nominal_p05	S:FALSE
S:Zfp219	S:ZFP219	D:0.189114462539821	D:0.0139556272871114	D:0.0476807240048656	D:-0.0679840719764835	D:0.534124738569561	D:0.910451668296793	D:0.257098534516305	S:TRUE	S:TRUE	S:TRUE	S:FALSE	D:-0.00726870372720501	D:0.0221382972991359	D:0.164488448540051	S:TRUE	S:TRUE	S:FALSE	S:FALSE	S:nominal_p05	S:FALSE
S:Zfp334	S:ZFP334	D:0.304028279989768	D:5.66116750530286e-05	D:0.00112183110576958	D:0.00456459131955979	D:0.970062773826868	D:0.997105939930269	D:0.299463688670208	S:TRUE	S:TRUE	S:FALSE	S:FALSE	D:-0.00763162420818037	D:0.0259160812402078	D:0.177650804456111	S:TRUE	S:TRUE	S:FALSE	S:FALSE	S:nominal_p05	S:FALSE
S:Zfp428	S:ZFP428	D:0.325960622343521	D:0.009243325581598639	D:0.0352611258432487	D:-1.08275513321125	D:0.112369511831098	D:0.622046245747266	D:1.40871575555477	S:TRUE	S:TRUE	S:TRUE	S:FALSE	D:-0.0258851923500632	D:0.00074452091115304	D:0.0268469877960805	S:TRUE	S:TRUE	S:TRUE	S:TRUE	S:nominal_p05	S:FALSE
S:Zfp444	S:ZFP444	D:0.227548217062363	D:0.00176593902228939	D:0.010849376975679	D:-0.456259005756134	D:0.00659576624156741	D:0.226874718711185	D:0.683807222818497	S:TRUE	S:TRUE	S:TRUE	S:FALSE	D:-0.012662388623529	D:0.00067286713847708	D:0.0260076549939245	S:TRUE	S:TRUE	S:TRUE	S:TRUE	S:nominal_p05	S:FALSE
S:Zfp513	S:ZFP513	D:0.200342054442228	D:0.00965929724389244	D:0.0364177956897524	D:-0.193864287552778	D:0.11634542034882	D:0.626178183436126	D:0.394206341995006	S:TRUE	S:TRUE	S:TRUE	S:FALSE	D:-0.0107166344758099	D:0.0103556225394934	D:0.109917451215106	S:TRUE	S:TRUE	S:FALSE	S:FALSE	S:nominal_p05	S:FALSE
S:Zfp598	S:ZFP598	D:0.528552911916422	D:4.99035680980303e-05	D:0.00102686763667696	D:-0.0786865652094097	D:0.544605843722207	D:0.914211658195315	D:0.607239477125832	S:TRUE	S:TRUE	S:TRUE	S:FALSE	D:-0.009639640213256881	D:0.00535095608816078	D:0.0771461064777661	S:TRUE	S:TRUE	S:TRUE	S:FALSE	S:nominal_p05	S:FALSE
S:Zfp703	S:ZFP703	D:0.176022288967024	D:0.0102649456106335	D:0.0380084936686037	D:-0.488129125394375	D:0.00862835804034311	D:0.253138995916646	D:0.664151414361399	S:TRUE	S:TRUE	S:TRUE	S:FALSE	D:-0.00911883535896614	D:0.0171183540804963	D:0.142103149113962	S:TRUE	S:TRUE	S:FALSE	S:FALSE	S:nominal_p05	S:FALSE
S:Znrf1	S:ZNRF1	D:0.547092142846958	D:1.67299240694965e-07	D:3.76569990430115e-05	D:-0.284476448136477	D:0.0839872898584467	D:0.569523139447819	D:0.8315685909834351	S:TRUE	S:TRUE	S:TRUE	S:FALSE	D:-0.0118721396175933	D:0.00077624586527532	D:0.027069668777862	S:TRUE	S:TRUE	S:TRUE	S:TRUE	S:nominal_p05	S:FALSE
