#start_row=1	cols=19
S:Source	S:source_materials/Aging_revision_upload_ready/mouse_cortex_sd_aging/mouse_19_GSE128770_aging_attenuated_SD_responding_by_duration.csv	N:	N:	N:	N:	N:	N:	N:	N:	N:	N:	N:	N:	N:	N:	N:	N:	N:
S:Description	S:Supplementary Fig. 6d young-induced, old-induced, and aging-attenuated acute SD response gene counts by SD duration.	N:	N:	N:	N:	N:	N:	N:	N:	N:	N:	N:	N:	N:	N:	N:	N:	N:
N:	N:	N:	N:	N:	N:	N:	N:	N:	N:	N:	N:	N:	N:	N:	N:	N:	N:	N:
S:gene	S:young_logFC	S:young_P.Value	S:young_adj.P.Val	S:old_logFC	S:old_P.Value	S:old_adj.P.Val	S:attenuation_logFC	S:attenuation_P.Value	S:attenuation_adj.P.Val	S:time_hr	S:young_induced	S:old_induced	S:attenuated_nominal	S:attenuated_fdr10	S:gene_key	S:young_induced_strict	S:old_attenuated_nominal	S:aging_attenuated_SD_responding
S:Txnrd1	D:0.328141662948241	D:0.000000000568775178218981	D:0.000000103535358622263	D:0.0923156136748178	D:0.0540707143819514	D:0.147847539640114	D:0.235826049273423	D:0.000677377282422446	D:0.278509017383376	D:3	S:TRUE	S:FALSE	S:TRUE	S:FALSE	S:TXNRD1	S:TRUE	S:TRUE	S:TRUE
S:Dhrs13	D:0.510232767273709	D:0.00181747670496671	D:0.0161870148146679	D:-0.263551437901568	D:0.117531209171052	D:0.247681091460551	D:0.773784205175277	D:0.00113148091808657	D:0.368297038837182	D:3	S:TRUE	S:FALSE	S:TRUE	S:FALSE	S:DHRS13	S:TRUE	S:TRUE	S:TRUE
S:Mmd2	D:0.178068220078123	D:0.000195248470221028	D:0.00300547990022988	D:-0.0388914781743281	D:0.399760808491851	D:0.559564851449263	D:0.216959698252452	D:0.00120444037656983	D:0.368983851833866	D:3	S:TRUE	S:FALSE	S:TRUE	S:FALSE	S:MMD2	S:TRUE	S:TRUE	S:TRUE
S:Derl1	D:0.171325162902162	D:0.000633956315014929	D:0.00740832719954618	D:-0.0493134135922073	D:0.308676412451985	D:0.46841105945511	D:0.22063857649437	D:0.00170869931414634	D:0.42975126009705	D:3	S:TRUE	S:FALSE	S:TRUE	S:FALSE	S:DERL1	S:TRUE	S:TRUE	S:TRUE
S:Sostdc1	D:0.927947449664466	D:0.00554601455695782	D:0.0359846060788659	D:-0.57394787354683	D:0.0870509180361653	D:0.203331371415316	D:1.5018953232113	D:0.00173286798426229	D:0.42975126009705	D:3	S:TRUE	S:FALSE	S:TRUE	S:FALSE	S:SOSTDC1	S:TRUE	S:TRUE	S:TRUE
S:5430417l22rik	D:0.242628667342028	D:0.000772042420891198	D:0.00862831958798575	D:-0.0630695207645111	D:0.367008074260276	D:0.527276703654488	D:0.305698188106539	D:0.00253498456325966	D:0.465959986074929	D:3	S:TRUE	S:FALSE	S:TRUE	S:FALSE	S:5430417L22RIK	S:TRUE	S:TRUE	S:TRUE
S:Cklf	D:0.640903211640716	D:0.00774026047218907	D:0.0448567617275527	D:-0.352536561940793	D:0.117844914101785	D:0.248074499855333	D:0.993439773581509	D:0.0028699653333893	D:0.488869730388228	D:3	S:TRUE	S:FALSE	S:TRUE	S:FALSE	S:CKLF	S:TRUE	S:TRUE	S:TRUE
S:Ltv1	D:0.290353002800817	D:0.000201715287015257	D:0.00307578949988569	D:-0.0266913151371284	D:0.72563170622364	D:0.823253054661473	D:0.317044317937945	D:0.00375853425381957	D:0.547652279192895	D:3	S:TRUE	S:FALSE	S:TRUE	S:FALSE	S:LTV1	S:TRUE	S:TRUE	S:TRUE
S:Prkag2	D:0.174200775251068	D:0.0012949082444008	D:0.0127644456848695	D:-0.0427166387945874	D:0.417807860280018	D:0.576256180174347	D:0.216917414045655	D:0.00435729789937639	D:0.552028311167691	D:3	S:TRUE	S:FALSE	S:TRUE	S:FALSE	S:PRKAG2	S:TRUE	S:TRUE	S:TRUE
S:Gramd3	D:0.32695664966717	D:0.0000213687124811107	D:0.000541109827884723	D:0.0224519501084117	D:0.763265374459718	D:0.847325437726207	D:0.304504699558758	D:0.00436040316656142	D:0.552028311167691	D:3	S:TRUE	S:FALSE	S:TRUE	S:FALSE	S:GRAMD3	S:TRUE	S:TRUE	S:TRUE
S:Fam65b	D:0.240597745819856	D:0.000757552163595809	D:0.00852091168770742	D:-0.0437328936354069	D:0.528951226021751	D:0.671897069541776	D:0.284330639455263	D:0.00454120154496404	D:0.552028311167691	D:3	S:TRUE	S:FALSE	S:TRUE	S:FALSE	S:FAM65B	S:TRUE	S:TRUE	S:TRUE
S:Pard3	D:0.285832151406306	D:0.00127185128112315	D:0.0125768382381444	D:-0.0572303645932681	D:0.491332267348725	D:0.640515256158238	D:0.343062515999574	D:0.00502585955404116	D:0.564921076779418	D:3	S:TRUE	S:FALSE	S:TRUE	S:FALSE	S:PARD3	S:TRUE	S:TRUE	S:TRUE
S:Lsm12	D:0.161600038790866	D:0.00506229633630016	D:0.0335141177789635	D:-0.0640325651756974	D:0.250152182658862	D:0.407972620236123	D:0.225632603966563	D:0.00523654447172192	D:0.574218648485024	D:3	S:TRUE	S:FALSE	S:TRUE	S:FALSE	S:LSM12	S:TRUE	S:TRUE	S:TRUE
S:Psmd11	D:0.158195500881644	D:0.000609559712183715	D:0.00718232348654476	D:-0.0219246315128743	D:0.62393444880479	D:0.748873111048698	D:0.180120132394518	D:0.0052647231917661	D:0.574218648485024	D:3	S:TRUE	S:FALSE	S:TRUE	S:FALSE	S:PSMD11	S:TRUE	S:TRUE	S:TRUE
S:Zcchc24	D:0.398653267506648	D:0.000013768696407647	D:0.000377407215215923	D:0.0520806535267404	D:0.548467076361977	D:0.68729945469037	D:0.346572613979908	D:0.00574282625705949	D:0.582564134783229	D:3	S:TRUE	S:FALSE	S:TRUE	S:FALSE	S:ZCCHC24	S:TRUE	S:TRUE	S:TRUE
S:Med26	D:0.39599885265927	D:0.00485418425923124	D:0.0325553261953774	D:-0.121540570533517	D:0.360823263902955	D:0.521036018624943	D:0.517539423192788	D:0.00789525191901065	D:0.671540469863208	D:3	S:TRUE	S:FALSE	S:TRUE	S:FALSE	S:MED26	S:TRUE	S:TRUE	S:TRUE
S:Cenpf	D:0.844720594624635	D:0.00621022862119806	D:0.038687644329186	D:-0.402015252088884	D:0.290778935815909	D:0.449741561965054	D:1.24673584671352	D:0.011537784098918	D:0.750181833126628	D:3	S:TRUE	S:FALSE	S:TRUE	S:FALSE	S:CENPF	S:TRUE	S:TRUE	S:TRUE
S:Pcbp1	D:0.211380612340021	D:0.00102476809305505	D:0.0107456219368404	D:-0.015180572539534	D:0.80811344088304	D:0.8782198204151	D:0.226561184879555	D:0.0117516465253912	D:0.750181833126628	D:3	S:TRUE	S:FALSE	S:TRUE	S:FALSE	S:PCBP1	S:TRUE	S:TRUE	S:TRUE
S:Enoph1	D:0.280112724618055	D:0.000765758345267751	D:0.0085813345305879	D:-0.00872583837710472	D:0.912346726917093	D:0.944507372207306	D:0.28883856299516	D:0.0120729047412904	D:0.750181833126628	D:3	S:TRUE	S:FALSE	S:TRUE	S:FALSE	S:ENOPH1	S:TRUE	S:TRUE	S:TRUE
S:Ccrl1	D:1.22609547219302	D:0.00706225960154734	D:0.0422582922318992	D:-0.351854797922193	D:0.411882230626196	D:0.570849015897974	D:1.57795027011521	D:0.0120997069859133	D:0.750181833126628	D:3	S:TRUE	S:FALSE	S:TRUE	S:FALSE	S:CCRL1	S:TRUE	S:TRUE	S:TRUE
S:Errfi1	D:0.442185477034625	D:0.0000000921245469318298	D:0.00000688686086728664	D:0.166875019345592	D:0.0311467662286444	D:0.102354336666581	D:0.275310457689034	D:0.0124138661184586	D:0.764711077522003	D:3	S:TRUE	S:FALSE	S:TRUE	S:FALSE	S:ERRFI1	S:TRUE	S:TRUE	S:TRUE
S:Sec31a	D:0.308297648433867	D:0.0000627429076970254	D:0.00126489701917203	D:0.0454175529681438	D:0.537620710992168	D:0.67899005646606	D:0.262880095465723	D:0.0130994641349017	D:0.764711077522003	D:3	S:TRUE	S:FALSE	S:TRUE	S:FALSE	S:SEC31A	S:TRUE	S:TRUE	S:TRUE
S:Lace1	D:0.196445959653277	D:0.00615775937792366	D:0.0385041969793584	D:-0.0526170374240102	D:0.448893756082104	D:0.602432232007112	D:0.249062997077288	D:0.0131022978129644	D:0.764711077522003	D:3	S:TRUE	S:FALSE	S:TRUE	S:FALSE	S:LACE1	S:TRUE	S:TRUE	S:TRUE
S:2310046k01rik	D:1.11917719352537	D:0.000015137599993871	D:0.00041060739983375	D:0.265367082094517	D:0.261276758342806	D:0.419546564475643	D:0.853810111430855	D:0.0136274439119704	D:0.764711077522003	D:3	S:TRUE	S:FALSE	S:TRUE	S:FALSE	S:2310046K01RIK	S:TRUE	S:TRUE	S:TRUE
S:Ryk	D:0.251618037495344	D:0.0000356681796738138	D:0.000820735845690231	D:0.0466527762042785	D:0.419380582974385	D:0.577762298597283	D:0.204965261291066	D:0.0137958213239281	D:0.764711077522003	D:3	S:TRUE	S:FALSE	S:TRUE	S:FALSE	S:RYK	S:TRUE	S:TRUE	S:TRUE
S:Ppfibp2	D:0.367404924762088	D:0.00700798138153786	D:0.0420548674724234	D:-0.0815549607488393	D:0.522556875755663	D:0.666333021410992	D:0.448959885510927	D:0.01662711641546	D:0.791227759866533	D:3	S:TRUE	S:FALSE	S:TRUE	S:FALSE	S:PPFIBP2	S:TRUE	S:TRUE	S:TRUE
S:Rab8a	D:0.325285780343131	D:0.00000826644541645066	D:0.000250300277493459	D:0.0864119973990185	D:0.219943541657932	D:0.375562611460495	D:0.238873782944113	D:0.0169566123034107	D:0.793203924037392	D:3	S:TRUE	S:FALSE	S:TRUE	S:FALSE	S:RAB8A	S:TRUE	S:TRUE	S:TRUE
S:Plcg2	D:0.577416277746193	D:0.00390952055717131	D:0.0280451557324356	D:-0.0741888992522337	D:0.691183438539736	D:0.797920056431568	D:0.651605176998427	D:0.0176257092588135	D:0.796350927593739	D:3	S:TRUE	S:FALSE	S:TRUE	S:FALSE	S:PLCG2	S:TRUE	S:TRUE	S:TRUE
S:S100a7a	D:1.78693385858086	D:0.000575966443298941	D:0.00686414928306838	D:0.234528374579918	D:0.562896723144436	D:0.698823869877527	D:1.55240548400094	D:0.0178598183005063	D:0.796350927593739	D:3	S:TRUE	S:FALSE	S:TRUE	S:FALSE	S:S100A7A	S:TRUE	S:TRUE	S:TRUE
S:Ankrd6	D:0.7078380724315	D:0.0000000000126647952376237	D:0.00000000403826042433943	D:0.393075554876046	D:0.000053451577207134	D:0.00100881665023154	D:0.314762517555454	D:0.0180319185041093	D:0.796350927593739	D:3	S:TRUE	S:TRUE	S:TRUE	S:FALSE	S:ANKRD6	S:TRUE	S:TRUE	S:TRUE
S:Ybx1	D:0.225655280397798	D:0.0000321190101919182	D:0.0007557641795761	D:0.0493705670079558	D:0.344327087180216	D:0.504763221064336	D:0.176284713389842	D:0.0180844367967377	D:0.796350927593739	D:3	S:TRUE	S:FALSE	S:TRUE	S:FALSE	S:YBX1	S:TRUE	S:TRUE	S:TRUE
S:Adat2	D:0.599005164996034	D:0.00000566437706539107	D:0.000187500481503538	D:0.173583752863272	D:0.171054621084152	D:0.319225680819253	D:0.425421412132762	D:0.0182384234485311	D:0.796350927593739	D:3	S:TRUE	S:FALSE	S:TRUE	S:FALSE	S:ADAT2	S:TRUE	S:TRUE	S:TRUE
S:Layn	D:0.728187505499954	D:0.00000330071956728632	D:0.000121417259684002	D:0.220181390307595	D:0.162305446037338	D:0.308049111866784	D:0.508006115192359	D:0.0200956344074367	D:0.832822790402629	D:3	S:TRUE	S:FALSE	S:TRUE	S:FALSE	S:LAYN	S:TRUE	S:TRUE	S:TRUE
S:Acsf2	D:0.373461586293508	D:0.0047745978139904	D:0.0322238947066031	D:-0.0495448685683266	D:0.69054204298235	D:0.79759214013131	D:0.423006454861835	D:0.0202513040623491	D:0.836917670181476	D:3	S:TRUE	S:FALSE	S:TRUE	S:FALSE	S:ACSF2	S:TRUE	S:TRUE	S:TRUE
S:Rnf4	D:0.210610426236636	D:0.0000134980224697148	D:0.000371945508054362	D:0.0573836140888906	D:0.214461299946685	D:0.369461129568066	D:0.153226812147746	D:0.0203015743086776	D:0.836917670181476	D:3	S:TRUE	S:FALSE	S:TRUE	S:FALSE	S:RNF4	S:TRUE	S:TRUE	S:TRUE
S:Drd2	D:0.922079274839096	D:0.00838767577678567	D:0.0474815385277172	D:-0.222740296129329	D:0.526036169162329	D:0.669446046020381	D:1.14481957096843	D:0.0214851172040511	D:0.841511832765437	D:3	S:TRUE	S:FALSE	S:TRUE	S:FALSE	S:DRD2	S:TRUE	S:TRUE	S:TRUE
S:2010321m09rik	D:0.164961447688023	D:0.0067686985867905	D:0.040989979348843	D:-0.0278441761608637	D:0.646891831812459	D:0.76608579370964	D:0.192805623848887	D:0.0255315907886085	D:0.873671624222852	D:3	S:TRUE	S:FALSE	S:TRUE	S:FALSE	S:2010321M09RIK	S:TRUE	S:TRUE	S:TRUE
S:Zfp143	D:0.204267491053349	D:0.00595804698224829	D:0.0376252227221247	D:-0.0288093493112216	D:0.69427169248765	D:0.800361611704202	D:0.23307684036457	D:0.0259287244499366	D:0.873671624222852	D:3	S:TRUE	S:FALSE	S:TRUE	S:FALSE	S:ZFP143	S:TRUE	S:TRUE	S:TRUE
S:Mycn	D:0.615211787445985	D:0.00000446900126020575	D:0.000155202709514636	D:0.201572382493958	D:0.130920860047082	D:0.266510842940089	D:0.413639404952027	D:0.0260771756333817	D:0.873671624222852	D:3	S:TRUE	S:FALSE	S:TRUE	S:FALSE	S:MYCN	S:TRUE	S:TRUE	S:TRUE
S:Jam3	D:0.288566554829224	D:0.00165473424520526	D:0.0152798864344486	D:0.00341782215797081	D:0.96955948995136	D:0.980669221920117	D:0.285148732671253	D:0.0260997666716299	D:0.873671624222852	D:3	S:TRUE	S:FALSE	S:TRUE	S:FALSE	S:JAM3	S:TRUE	S:TRUE	S:TRUE
S:Dbx2	D:0.443879141131065	D:0.00000456656944336277	D:0.000157154363398899	D:0.152686694953009	D:0.0989673129760334	D:0.22155972172769	D:0.291192446178056	D:0.0267007063360355	D:0.883838635157243	D:3	S:TRUE	S:FALSE	S:TRUE	S:FALSE	S:DBX2	S:TRUE	S:TRUE	S:TRUE
S:Ctnna1	D:0.240360924166821	D:0.0000748244538456717	D:0.00143795481781645	D:0.0568368457658517	D:0.328442850881852	D:0.488536852834925	D:0.18352407840097	D:0.0274858961253387	D:0.89095361216243	D:3	S:TRUE	S:FALSE	S:TRUE	S:FALSE	S:CTNNA1	S:TRUE	S:TRUE	S:TRUE
S:Sdc4	D:0.370844743306762	D:0.000077755492850729	D:0.00147792192250582	D:0.0908592629346376	D:0.306372842075365	D:0.465865623803942	D:0.279985480372124	D:0.0286175468833156	D:0.90145272682444	D:3	S:TRUE	S:FALSE	S:TRUE	S:FALSE	S:SDC4	S:TRUE	S:TRUE	S:TRUE
S:Pppde2	D:0.412626965363645	D:0.0000209057198865941	D:0.000530245077123613	D:0.123652245042658	D:0.182916315510145	D:0.334021097888091	D:0.288974720320987	D:0.0290053921566688	D:0.906187163333586	D:3	S:TRUE	S:FALSE	S:TRUE	S:FALSE	S:PPPDE2	S:TRUE	S:TRUE	S:TRUE
S:Adamtsl4	D:0.88199733399009	D:0.0018133386558354	D:0.0161870148146679	D:0.094870080610648	D:0.676191490256731	D:0.787889913026413	D:0.787127253379442	D:0.0294736373647047	D:0.911400637053146	D:3	S:TRUE	S:FALSE	S:TRUE	S:FALSE	S:ADAMTSL4	S:TRUE	S:TRUE	S:TRUE
S:Anxa5	D:0.262350878294867	D:0.00067973007161978	D:0.00782039958688323	D:0.0313197324174688	D:0.669550908881829	D:0.782703837768165	D:0.231031145877398	D:0.0295180881586018	D:0.911400637053146	D:3	S:TRUE	S:FALSE	S:TRUE	S:FALSE	S:ANXA5	S:TRUE	S:TRUE	S:TRUE
S:Mthfd2	D:0.581455123579635	D:0.00000194640129969492	D:0.000079194202881337	D:0.225968431621154	D:0.0519526271546353	D:0.143792355476355	D:0.355486691958481	D:0.0309467618903147	D:0.911781368410752	D:3	S:TRUE	S:FALSE	S:TRUE	S:FALSE	S:MTHFD2	S:TRUE	S:TRUE	S:TRUE
S:Ube2q1	D:0.174558761992598	D:0.0000463429404074469	D:0.00101409257832766	D:0.04796901790316	D:0.243836864525558	D:0.40161061966879	D:0.126589744089438	D:0.0310758201705412	D:0.911781368410752	D:3	S:TRUE	S:FALSE	S:TRUE	S:FALSE	S:UBE2Q1	S:TRUE	S:TRUE	S:TRUE
S:Lsg1	D:0.347086140280809	D:0.000000772535078389994	D:0.0000376015204509821	D:0.148013930347401	D:0.0235456924048266	D:0.0847186694694491	D:0.199072209933409	D:0.0327678849201366	D:0.924613043482547	D:3	S:TRUE	S:FALSE	S:TRUE	S:FALSE	S:LSG1	S:TRUE	S:TRUE	S:TRUE
S:Fgfr2	D:0.48242991224967	D:0.000157869228132206	D:0.0025560091402462	D:0.112449220224647	D:0.355402044963411	D:0.515772018438448	D:0.369980692025023	D:0.0343294138540256	D:0.924763382853958	D:3	S:TRUE	S:FALSE	S:TRUE	S:FALSE	S:FGFR2	S:TRUE	S:TRUE	S:TRUE
S:Bag5	D:0.257403079205671	D:0.0000297687775436116	D:0.000707925997475475	D:0.0799668172415915	D:0.173265375078887	D:0.321737368698899	D:0.17743626196408	D:0.0344988252025197	D:0.927727444000288	D:3	S:TRUE	S:FALSE	S:TRUE	S:FALSE	S:BAG5	S:TRUE	S:TRUE	S:TRUE
S:Fcgr3	D:0.489253678051853	D:0.0000128982377193657	D:0.000359219369210999	D:0.175735373138808	D:0.087636583869583	D:0.204273470778611	D:0.313518304913045	D:0.0358131191725614	D:0.931427895564902	D:3	S:TRUE	S:FALSE	S:TRUE	S:FALSE	S:FCGR3	S:TRUE	S:TRUE	S:TRUE
S:Rem2	D:0.659383405864282	D:0.000842759561309655	D:0.00924019325326459	D:0.0506557344334199	D:0.812764828996986	D:0.88172737732599	D:0.608727671430862	D:0.0361764807674211	D:0.931427895564902	D:3	S:TRUE	S:FALSE	S:TRUE	S:FALSE	S:REM2	S:TRUE	S:TRUE	S:TRUE
S:C1ql2	D:1.15132891393757	D:0.00374449313293539	D:0.0273096413095465	D:0.0034518220898667	D:0.992734081672156	D:0.995218305553145	D:1.1478770918477	D:0.0365465919289669	D:0.931427895564902	D:3	S:TRUE	S:FALSE	S:TRUE	S:FALSE	S:C1QL2	S:TRUE	S:TRUE	S:TRUE
S:Clic4	D:0.391808665085267	D:0.00284233668651058	D:0.0223608602165365	D:0.00855102069078928	D:0.946778324558074	D:0.966259360042808	D:0.383257644394478	D:0.0365930853138409	D:0.931427895564902	D:3	S:TRUE	S:FALSE	S:TRUE	S:FALSE	S:CLIC4	S:TRUE	S:TRUE	S:TRUE
S:Zfp830	D:0.272853520419164	D:0.00230668180481149	D:0.0192931458877809	D:0.0119860615867364	D:0.892420711865171	D:0.932716650089065	D:0.260867458832427	D:0.0381970720337316	D:0.933426670596245	D:3	S:TRUE	S:FALSE	S:TRUE	S:FALSE	S:ZFP830	S:TRUE	S:TRUE	S:TRUE
S:Nr2e1	D:0.26317327865019	D:0.000891113708725181	D:0.0096284651349393	D:0.0389094614419223	D:0.608166803980309	D:0.735619582363424	D:0.224263817208267	D:0.0400562342915427	D:0.937429295871996	D:3	S:TRUE	S:FALSE	S:TRUE	S:FALSE	S:NR2E1	S:TRUE	S:TRUE	S:TRUE
S:Tmem150c	D:0.296522513149324	D:0.00152584294898211	D:0.0143873085304143	D:0.030412811981539	D:0.737266647823008	D:0.830261936398059	D:0.266109701167785	D:0.0405457118246397	D:0.937866574563051	D:3	S:TRUE	S:FALSE	S:TRUE	S:FALSE	S:TMEM150C	S:TRUE	S:TRUE	S:TRUE
S:Il16	D:1.02774240255942	D:0.00499719646259362	D:0.0331758110949968	D:-0.0816200943196153	D:0.838043071632318	D:0.89639111050752	D:1.10936249687904	D:0.0408946068419797	D:0.937866574563051	D:3	S:TRUE	S:FALSE	S:TRUE	S:FALSE	S:IL16	S:TRUE	S:TRUE	S:TRUE
S:Bpnt1	D:0.238934898061846	D:0.00000499556541600682	D:0.00016894093952314	D:0.0946378426785204	D:0.0581294071297233	D:0.155117652774517	D:0.144297055383325	D:0.0414631374640502	D:0.944344110405715	D:3	S:TRUE	S:FALSE	S:TRUE	S:FALSE	S:BPNT1	S:TRUE	S:TRUE	S:TRUE
S:Mustn1	D:0.992731929814876	D:0.00220478881789245	D:0.0187012054781497	D:0.0974146026061175	D:0.743831960317852	D:0.834647410801934	D:0.895317327208758	D:0.0415945895408722	D:0.944584108992133	D:3	S:TRUE	S:FALSE	S:TRUE	S:FALSE	S:MUSTN1	S:TRUE	S:TRUE	S:TRUE
S:Prdm8	D:0.379922729792475	D:0.00124789071969135	D:0.0124502200539322	D:0.0433426913827732	D:0.712397665383476	D:0.814049668979114	D:0.336580038409702	D:0.0424537203100753	D:0.94954374518022	D:3	S:TRUE	S:FALSE	S:TRUE	S:FALSE	S:PRDM8	S:TRUE	S:TRUE	S:TRUE
S:Nrp1	D:0.552607818092785	D:0.000000360511181325095	D:0.0000207846003580195	D:0.259612404077985	D:0.0118222908787571	D:0.053292404122822	D:0.2929954140148	D:0.0432108040721413	D:0.94954374518022	D:3	S:TRUE	S:FALSE	S:TRUE	S:FALSE	S:NRP1	S:TRUE	S:TRUE	S:TRUE
S:Ttyh1	D:0.15180021370365	D:0.0015581421160721	D:0.014621268721628	D:0.0169568454429534	D:0.716851413607404	D:0.81698785368751	D:0.134843368260697	D:0.0435456902662417	D:0.95096619517475	D:3	S:TRUE	S:FALSE	S:TRUE	S:FALSE	S:TTYH1	S:TRUE	S:TRUE	S:TRUE
S:Tanc1	D:0.483854336901385	D:0.000132402071258525	D:0.00223396324119135	D:0.141079697425203	D:0.231791442421076	D:0.387866498488475	D:0.342774639476182	D:0.0450918654810399	D:0.956544666311926	D:3	S:TRUE	S:FALSE	S:TRUE	S:FALSE	S:TANC1	S:TRUE	S:TRUE	S:TRUE
S:F8a	D:0.359818800087593	D:0.000241965509613703	D:0.00356648030396649	D:0.0901366476452674	D:0.341920011552393	D:0.501988184598251	D:0.269682152442326	D:0.0460788297014631	D:0.962020946465695	D:3	S:TRUE	S:FALSE	S:TRUE	S:FALSE	S:F8A	S:TRUE	S:TRUE	S:TRUE
S:Epas1	D:0.273706451896857	D:0.0000864728365047204	D:0.00160729889083934	D:0.0835242057290237	D:0.213428832648437	D:0.368251284670456	D:0.190182246167833	D:0.0466519289483426	D:0.96262339863896	D:3	S:TRUE	S:FALSE	S:TRUE	S:FALSE	S:EPAS1	S:TRUE	S:TRUE	S:TRUE
S:Zfp689	D:1.32001045903113	D:0.000630316740723699	D:0.00737683052963825	D:0.339343159924153	D:0.280603613361968	D:0.439822517572973	D:0.980667299106979	D:0.0468942083718754	D:0.96262339863896	D:3	S:TRUE	S:FALSE	S:TRUE	S:FALSE	S:ZFP689	S:TRUE	S:TRUE	S:TRUE
S:Cdr2	D:0.615484506523824	D:0.00000074296356834219	D:0.000036388911572973	D:0.295796624787708	D:0.00751095307030034	D:0.0389224314329594	D:0.319687881736117	D:0.0469508718743238	D:0.96262339863896	D:3	S:TRUE	S:TRUE	S:TRUE	S:FALSE	S:CDR2	S:TRUE	S:TRUE	S:TRUE
S:Ncbp1	D:0.178865816890811	D:0.000102904395761083	D:0.00183118255053662	D:0.0538268125639707	D:0.225755000828244	D:0.381403312518008	D:0.12503900432684	D:0.0480110245107737	D:0.96642946750193	D:3	S:TRUE	S:FALSE	S:TRUE	S:FALSE	S:NCBP1	S:TRUE	S:TRUE	S:TRUE
S:Cflar	D:0.33761018507592	D:0.00133482129765067	D:0.0130426816475886	D:0.0511559850766998	D:0.611050819214446	D:0.738193613191565	D:0.28645419999922	D:0.0481698590642615	D:0.96642946750193	D:3	S:TRUE	S:FALSE	S:TRUE	S:FALSE	S:CFLAR	S:TRUE	S:TRUE	S:TRUE
S:Tpm3	D:0.18493894260863	D:0.000388245190036255	D:0.00510601249926468	D:0.0428231549874152	D:0.396416397872644	D:0.556399619245685	D:0.142115787621215	D:0.0484788924618571	D:0.96642946750193	D:3	S:TRUE	S:FALSE	S:TRUE	S:FALSE	S:TPM3	S:TRUE	S:TRUE	S:TRUE
S:Lhfpl2	D:0.248550572955084	D:0.00437464546026634	D:0.0303370886245901	D:0.00604966664856654	D:0.944406132730737	D:0.964498275849542	D:0.242500906306518	D:0.0485932608842035	D:0.96642946750193	D:3	S:TRUE	S:FALSE	S:TRUE	S:FALSE	S:LHFPL2	S:TRUE	S:TRUE	S:TRUE
S:Rrp8	D:0.512040694458943	D:0.0000000335760445858697	D:0.00000285104413374798	D:0.272412544029558	D:0.00181005390409834	D:0.013965571455621	D:0.239628150429385	D:0.0492203071665358	D:0.96642946750193	D:3	S:TRUE	S:TRUE	S:TRUE	S:FALSE	S:RRP8	S:TRUE	S:TRUE	S:TRUE
S:Jam3	D:0.519485809971889	D:0.000000131898483602999	D:0.00000409698192408202	D:-0.0508214903978512	D:0.57647646664012	D:0.821195141756495	D:0.57030730036974	D:0.0000244345329764423	D:0.108078307072132	D:6	S:TRUE	S:FALSE	S:TRUE	S:FALSE	S:JAM3	S:TRUE	S:TRUE	S:TRUE
S:Pola2	D:0.541629664449318	D:0.00224134901767091	D:0.00978453116850808	D:-0.499955711297367	D:0.00688218872818447	D:0.0526423392725912	D:1.04158537574669	D:0.0000676758840409854	D:0.10992891440386	D:6	S:TRUE	S:FALSE	S:TRUE	S:FALSE	S:POLA2	S:TRUE	S:TRUE	S:TRUE
S:Nop56	D:0.272606209270849	D:0.0000954933562853989	D:0.000848684982140542	D:-0.108542726068055	D:0.108921211598703	D:0.333503920020179	D:0.381148935338905	D:0.000114806865351153	D:0.10992891440386	D:6	S:TRUE	S:FALSE	S:TRUE	S:FALSE	S:NOP56	S:TRUE	S:TRUE	S:TRUE
S:Gm14462	D:1.60421177153304	D:0.0000000000000692535372988962	D:0.0000000000257623158751894	D:0.577139328927482	D:0.0017940957625597	D:0.0196544137479698	D:1.02707244260556	D:0.000123628794698405	D:0.10992891440386	D:6	S:TRUE	S:TRUE	S:TRUE	S:FALSE	S:GM14462	S:TRUE	S:TRUE	S:TRUE
S:Ppap2c	D:0.927229052183385	D:0.00797394709074529	D:0.0259943248862492	D:-0.981155094409595	D:0.00410743251785398	D:0.0367341303142248	D:1.90838414659298	D:0.0001276650192449	D:0.10992891440386	D:6	S:TRUE	S:FALSE	S:TRUE	S:FALSE	S:PPAP2C	S:TRUE	S:TRUE	S:TRUE
S:Tbc1d16	D:0.519959298684271	D:0.000192135899592904	D:0.00146221689977571	D:-0.255706086080047	D:0.072221331140713	D:0.261019217613347	D:0.775665384764318	D:0.000128144422863068	D:0.10992891440386	D:6	S:TRUE	S:FALSE	S:TRUE	S:FALSE	S:TBC1D16	S:TRUE	S:TRUE	S:TRUE
S:Gltp	D:0.541043887700549	D:0.000758859760917731	D:0.00424505009114881	D:-0.321714877497592	D:0.0397678053003816	D:0.178749191603326	D:0.862758765198141	D:0.000155798124799684	D:0.110644995539557	D:6	S:TRUE	S:FALSE	S:TRUE	S:FALSE	S:GLTP	S:TRUE	S:TRUE	S:TRUE
S:Ccdc163	D:0.744965407293956	D:0.00000299665976026406	D:0.0000524298007775651	D:-0.0818865959535044	D:0.587844403516625	D:0.827153968225551	D:0.82685200324746	D:0.00018531977960183	D:0.114274346682039	D:6	S:TRUE	S:FALSE	S:TRUE	S:FALSE	S:CCDC163	S:TRUE	S:TRUE	S:TRUE
S:Nxt1	D:0.70522139740493	D:0.00000610604132144697	D:0.0000943627988192754	D:-0.109215425771469	D:0.471881029644573	D:0.75351193291246	D:0.814436823176399	D:0.000206695985400099	D:0.114274346682039	D:6	S:TRUE	S:FALSE	S:TRUE	S:FALSE	S:NXT1	S:TRUE	S:TRUE	S:TRUE
S:Trmt2a	D:0.65535901106247	D:0.000000320925203959759	D:0.00000852744113378789	D:0.00312752895269596	D:0.979542487312139	D:0.993531057582844	D:0.652231482109774	D:0.000229738645659511	D:0.114274346682039	D:6	S:TRUE	S:FALSE	S:TRUE	S:FALSE	S:TRMT2A	S:TRUE	S:TRUE	S:TRUE
S:Gal3st1	D:0.898143054982013	D:0.00414999329141427	D:0.0156654977494701	D:-0.794169383113824	D:0.0166481734988169	D:0.0992755426334394	D:1.69231243809584	D:0.000265721278139931	D:0.114274346682039	D:6	S:TRUE	S:FALSE	S:TRUE	S:FALSE	S:GAL3ST1	S:TRUE	S:TRUE	S:TRUE
S:Npc2	D:0.297423885130099	D:0.00256340760337442	D:0.010877425419642	D:-0.21324519419511	D:0.0302017638611124	D:0.148184488928907	D:0.51066907932521	D:0.000310000978991183	D:0.114274346682039	D:6	S:TRUE	S:FALSE	S:TRUE	S:FALSE	S:NPC2	S:TRUE	S:TRUE	S:TRUE
S:Hnrnpa1	D:0.162305840458861	D:0.000796492436305778	D:0.00441290703008562	D:-0.08533164978809	D:0.0717076934195846	D:0.25958317932984	D:0.247637490246951	D:0.000315908575147917	D:0.114274346682039	D:6	S:TRUE	S:FALSE	S:TRUE	S:FALSE	S:HNRNPA1	S:TRUE	S:TRUE	S:TRUE
S:Cyth4	D:0.651257889562961	D:0.00154449686834361	D:0.00735259569500323	D:-0.421758847050248	D:0.0456493856046176	D:0.19506230280624	D:1.07301673661321	D:0.000337889400931327	D:0.114274346682039	D:6	S:TRUE	S:FALSE	S:TRUE	S:FALSE	S:CYTH4	S:TRUE	S:TRUE	S:TRUE
S:Tm9sf1	D:0.40612186226288	D:0.000673881433927887	D:0.00388657199102595	D:-0.208969380699209	D:0.0838850657027675	D:0.286774578275385	D:0.615091242962089	D:0.000361682234693597	D:0.114274346682039	D:6	S:TRUE	S:FALSE	S:TRUE	S:FALSE	S:TM9SF1	S:TRUE	S:TRUE	S:TRUE
S:Amigo3	D:0.857218919703451	D:0.000126531575472046	D:0.00105492493872745	D:-0.250673642087272	D:0.235495187895845	D:0.52770083385894	D:1.10789256179072	D:0.000371157534751832	D:0.114274346682039	D:6	S:TRUE	S:FALSE	S:TRUE	S:FALSE	S:AMIGO3	S:TRUE	S:TRUE	S:TRUE
S:Mrps16	D:0.508697119552297	D:0.000369322966641145	D:0.00242240971935641	D:-0.224065639674784	D:0.124825447380968	D:0.363314603181864	D:0.732762759227081	D:0.000401996274443266	D:0.114274346682039	D:6	S:TRUE	S:FALSE	S:TRUE	S:FALSE	S:MRPS16	S:TRUE	S:TRUE	S:TRUE
S:Csrp1	D:0.339894085474342	D:0.012777507430349	D:0.0368604044140741	D:-0.349133896092408	D:0.0106025745330568	D:0.0722121292521704	D:0.689027981566751	D:0.000445219935458994	D:0.114274346682039	D:6	S:TRUE	S:FALSE	S:TRUE	S:FALSE	S:CSRP1	S:TRUE	S:TRUE	S:TRUE
S:Insc	D:0.721650357020296	D:0.013515425050998	D:0.0384285716099715	D:-0.689371265986507	D:0.00999126010590834	D:0.0691090911074356	D:1.4110216230068	D:0.00045543417182158	D:0.114274346682039	D:6	S:TRUE	S:FALSE	S:TRUE	S:FALSE	S:INSC	S:TRUE	S:TRUE	S:TRUE
S:Mirg	D:1.585930147951	D:0.000000000000000435589583865394	D:0.000000000000309347802650587	D:0.749888413475236	D:0.0000138438238715458	D:0.000470208487323983	D:0.836041734475758	D:0.000459367373352495	D:0.114274346682039	D:6	S:TRUE	S:TRUE	S:TRUE	S:FALSE	S:MIRG	S:TRUE	S:TRUE	S:TRUE
S:Tcea2	D:0.380909882347298	D:0.00278691051085725	D:0.0115990116733175	D:-0.259959201215503	D:0.0436463083587831	D:0.188920886591388	D:0.640869083562801	D:0.00049349749712725	D:0.114274346682039	D:6	S:TRUE	S:FALSE	S:TRUE	S:FALSE	S:TCEA2	S:TRUE	S:TRUE	S:TRUE
S:Polr1e	D:0.512258207880445	D:0.0000317268009801114	D:0.000349823245245773	D:-0.0781335027976358	D:0.499668632013749	D:0.771196553055697	D:0.590391710678081	D:0.000523827171240185	D:0.114274346682039	D:6	S:TRUE	S:FALSE	S:TRUE	S:FALSE	S:POLR1E	S:TRUE	S:TRUE	S:TRUE
S:Qars	D:0.27636989066856	D:0.00230496712163325	D:0.0100119005583536	D:-0.172534927941148	D:0.0556264070995902	D:0.222050839173224	D:0.448904818609708	D:0.00053992617838113	D:0.114274346682039	D:6	S:TRUE	S:FALSE	S:TRUE	S:FALSE	S:QARS	S:TRUE	S:TRUE	S:TRUE
S:Flna	D:0.410427887209347	D:0.00729544127234056	D:0.0243243650104671	D:-0.343871330766348	D:0.0236761869289744	D:0.126742244748423	D:0.754299217975695	D:0.000570262974829046	D:0.114279166033869	D:6	S:TRUE	S:FALSE	S:TRUE	S:FALSE	S:FLNA	S:TRUE	S:TRUE	S:TRUE
S:Nrbp2	D:0.254740371931329	D:0.0128555796354258	D:0.037030895321514	D:-0.249341811701178	D:0.0148090482641616	D:0.0917796787303693	D:0.504082183632507	D:0.000603218903741744	D:0.115849907925609	D:6	S:TRUE	S:FALSE	S:TRUE	S:FALSE	S:NRBP2	S:TRUE	S:TRUE	S:TRUE
S:Pcgf1	D:0.487827619431063	D:0.000083751153060475	D:0.00076033004963211	D:-0.11243846390844	D:0.362649623999765	D:0.663393581200889	D:0.600266083339503	D:0.000678646298857612	D:0.119928411587048	D:6	S:TRUE	S:FALSE	S:TRUE	S:FALSE	S:PCGF1	S:TRUE	S:TRUE	S:TRUE
S:Acta2	D:0.851687654424186	D:0.000162772311460344	D:0.00129168919658649	D:-0.207632677519227	D:0.326803115670217	D:0.628349972831832	D:1.05932033194341	D:0.00070017622846891	D:0.119928411587048	D:6	S:TRUE	S:FALSE	S:TRUE	S:FALSE	S:ACTA2	S:TRUE	S:TRUE	S:TRUE
S:Pkp4	D:0.24669927635526	D:0.00384383951451894	D:0.0147739602890145	D:-0.16522903581016	D:0.0498879932457636	D:0.206696151376619	D:0.41192831216542	D:0.000708019866185739	D:0.119928411587048	D:6	S:TRUE	S:FALSE	S:TRUE	S:FALSE	S:PKP4	S:TRUE	S:TRUE	S:TRUE
S:Dmpk	D:1.57196303786793	D:0.0000000548671757631498	D:0.00000199985637539636	D:0.271289641633975	D:0.300293656091576	D:0.601280031113005	D:1.30067339623396	D:0.000731366403636127	D:0.119928411587048	D:6	S:TRUE	S:FALSE	S:TRUE	S:FALSE	S:DMPK	S:TRUE	S:TRUE	S:TRUE
S:Gstm7	D:0.578640217943589	D:0.0033448175166584	D:0.0132941818571027	D:-0.359504404678267	D:0.0596644283615069	D:0.231371811546335	D:0.938144622621856	D:0.000748462089960154	D:0.119928411587048	D:6	S:TRUE	S:FALSE	S:TRUE	S:FALSE	S:GSTM7	S:TRUE	S:TRUE	S:TRUE
S:Thbs3	D:0.830942649239852	D:0.000282905520353821	D:0.00197238547523788	D:-0.271844091625046	D:0.235054796217145	D:0.527278698649916	D:1.1027867408649	D:0.000752851586448984	D:0.119928411587048	D:6	S:TRUE	S:FALSE	S:TRUE	S:FALSE	S:THBS3	S:TRUE	S:TRUE	S:TRUE
S:Csf1	D:0.408451802652173	D:0.000977917869846935	D:0.00520047270200425	D:-0.171970191569057	D:0.141005368809226	D:0.390961469791543	D:0.58042199422123	D:0.000759193240561165	D:0.119928411587048	D:6	S:TRUE	S:FALSE	S:TRUE	S:FALSE	S:CSF1	S:TRUE	S:TRUE	S:TRUE
S:Gstk1	D:0.38921310247463	D:0.00136889833333421	D:0.00670249688499336	D:-0.188439449631936	D:0.112278943486958	D:0.339066796610648	D:0.577652552106565	D:0.000787966622394801	D:0.119928411587048	D:6	S:TRUE	S:FALSE	S:TRUE	S:FALSE	S:GSTK1	S:TRUE	S:TRUE	S:TRUE
S:Ufsp1	D:0.469177062472873	D:0.00643442647984884	D:0.0220463770441137	D:-0.358748333259609	D:0.0375465721421089	D:0.171572167570597	D:0.827925395732482	D:0.000810509221083969	D:0.119928411587048	D:6	S:TRUE	S:FALSE	S:TRUE	S:FALSE	S:UFSP1	S:TRUE	S:TRUE	S:TRUE
S:Acadvl	D:0.655798639670222	D:0.0000000799787106000398	D:0.00000269307623796341	D:0.100771341471344	D:0.380233402061715	D:0.681280581859201	D:0.555027298198877	D:0.00081896195300467	D:0.119928411587048	D:6	S:TRUE	S:FALSE	S:TRUE	S:FALSE	S:ACADVL	S:TRUE	S:TRUE	S:TRUE
S:A230009b12rik	D:1.12340394763592	D:0.000662844076910508	D:0.0038456278713887	D:-0.29696036911896	D:0.256603953562836	D:0.555211213192875	D:1.42036431675488	D:0.000836923084105793	D:0.120577519638585	D:6	S:TRUE	S:FALSE	S:TRUE	S:FALSE	S:A230009B12RIK	S:TRUE	S:TRUE	S:TRUE
S:Ankrd13a	D:0.655947934655529	D:0.000000139141168488033	D:0.00000425705551153222	D:0.0956025978725563	D:0.408559890900679	D:0.705419354120037	D:0.560345336782973	D:0.000869005327920077	D:0.121226243244851	D:6	S:TRUE	S:FALSE	S:TRUE	S:FALSE	S:ANKRD13A	S:TRUE	S:TRUE	S:TRUE
S:Cry1	D:0.359102648807914	D:0.00000412833555941548	D:0.0000676112314258989	D:0.00654885089509349	D:0.927691605964049	D:0.97774076337634	D:0.352553797912821	D:0.000900416914041671	D:0.122410690531909	D:6	S:TRUE	S:FALSE	S:TRUE	S:FALSE	S:CRY1	S:TRUE	S:TRUE	S:TRUE
S:Tmem208	D:0.709280213515788	D:0.0000098883657650873	D:0.000139310934818507	D:-0.0422782219439153	D:0.789790060161319	D:0.928897515088985	D:0.751558435459704	D:0.000901000346337014	D:0.122410690531909	D:6	S:TRUE	S:FALSE	S:TRUE	S:FALSE	S:TMEM208	S:TRUE	S:TRUE	S:TRUE
S:Amigo2	D:0.941253845443595	D:0.00000567853014360735	D:0.0000888991532702618	D:-0.0127830404372506	D:0.949119148312592	D:0.984891054355687	D:0.954036885880846	D:0.000951298085781535	D:0.124835868087897	D:6	S:TRUE	S:FALSE	S:TRUE	S:FALSE	S:AMIGO2	S:TRUE	S:TRUE	S:TRUE
S:Nipal4	D:0.596753678785904	D:0.00824971378123065	D:0.0266419032901918	D:-0.451396615820594	D:0.03701855358702	D:0.169868725288426	D:1.0481502946065	D:0.000951419497699774	D:0.124835868087897	D:6	S:TRUE	S:FALSE	S:TRUE	S:FALSE	S:NIPAL4	S:TRUE	S:TRUE	S:TRUE
S:Per2	D:1.36315984308607	D:0.0000000000000000000000204836260301315	D:0.000000000000000000320036173094774	D:0.877497591552522	D:0.0000000000000407188814720326	D:0.0000000000254476721647615	D:0.48566225153355	D:0.000981157352928253	D:0.124835868087897	D:6	S:TRUE	S:TRUE	S:TRUE	S:FALSE	S:PER2	S:TRUE	S:TRUE	S:TRUE
S:Hsd17b4	D:0.216018174139793	D:0.000116183704470406	D:0.000992484526323468	D:-0.0430030385201787	D:0.428614193448412	D:0.722948090082909	D:0.259021212659972	D:0.000993543558676648	D:0.124835868087897	D:6	S:TRUE	S:FALSE	S:TRUE	S:FALSE	S:HSD17B4	S:TRUE	S:TRUE	S:TRUE
S:Lman2l	D:0.6599061749553	D:0.00000000000138199989144179	D:0.000000000291788733836305	D:0.271155495826755	D:0.0012501121747731	D:0.0148756684072011	D:0.388750679128544	D:0.0010419379167442	D:0.124835868087897	D:6	S:TRUE	S:TRUE	S:TRUE	S:FALSE	S:LMAN2L	S:TRUE	S:TRUE	S:TRUE
S:Ssh3	D:1.12208228313651	D:0.00000200772680448734	D:0.000037657531324502	D:0.0626596495666498	D:0.77815633060959	D:0.923502811199714	D:1.05942263356986	D:0.00105553390681173	D:0.124835868087897	D:6	S:TRUE	S:FALSE	S:TRUE	S:FALSE	S:SSH3	S:TRUE	S:TRUE	S:TRUE
S:Accn4	D:0.662666430005373	D:0.0192656531702906	D:0.0497449289592829	D:-0.721057290939826	D:0.01850175010383	D:0.106817302841028	D:1.3837237209452	D:0.00106407481942836	D:0.124835868087897	D:6	S:TRUE	S:FALSE	S:TRUE	S:FALSE	S:ACCN4	S:TRUE	S:TRUE	S:TRUE
S:Srpk3	D:0.599920208369526	D:0.00136509376593671	D:0.00668596394952831	D:-0.270690576848015	D:0.143610806384494	D:0.39523960524068	D:0.87061078521754	D:0.00108723904541499	D:0.124835868087897	D:6	S:TRUE	S:FALSE	S:TRUE	S:FALSE	S:SRPK3	S:TRUE	S:TRUE	S:TRUE
S:Tuft1	D:0.551272997770604	D:0.00068144795668027	D:0.00392438955577151	D:-0.170228847381764	D:0.245599570083147	D:0.54099079134063	D:0.721501845152368	D:0.00108935505763636	D:0.124835868087897	D:6	S:TRUE	S:FALSE	S:TRUE	S:FALSE	S:TUFT1	S:TRUE	S:TRUE	S:TRUE
S:Zmym3	D:0.207586162573802	D:0.00465657563638812	D:0.0171469096730917	D:-0.133157038430906	D:0.0661276667541768	D:0.246994660618517	D:0.340743201004708	D:0.00110702873351562	D:0.124835868087897	D:6	S:TRUE	S:FALSE	S:TRUE	S:FALSE	S:ZMYM3	S:TRUE	S:TRUE	S:TRUE
S:Sptlc1	D:0.29797590638857	D:0.0000000148537740008033	D:0.000000686613505883284	D:0.0688639498844621	D:0.156667258682783	D:0.415449012104735	D:0.229111956504108	D:0.00111396851019548	D:0.124835868087897	D:6	S:TRUE	S:FALSE	S:TRUE	S:FALSE	S:SPTLC1	S:TRUE	S:TRUE	S:TRUE
S:Crtc2	D:0.597502468251981	D:0.0000119448592953925	D:0.000162425136319593	D:-0.0213098826856077	D:0.871624972753878	D:0.957812317018639	D:0.618812350937589	D:0.00113886422096741	D:0.124835868087897	D:6	S:TRUE	S:FALSE	S:TRUE	S:FALSE	S:CRTC2	S:TRUE	S:TRUE	S:TRUE
S:Prpsap1	D:0.504629046257402	D:0.000000117031152365008	D:0.00000373162188683854	D:0.085053123678045	D:0.340677393860837	D:0.641859175697255	D:0.419575922579357	D:0.0011436196851655	D:0.124835868087897	D:6	S:TRUE	S:FALSE	S:TRUE	S:FALSE	S:PRPSAP1	S:TRUE	S:TRUE	S:TRUE
S:Gfap	D:0.612064430706775	D:0.00341887063778538	D:0.0134889986981714	D:-0.352393261493654	D:0.0858442327395381	D:0.290159151144346	D:0.96445769220043	D:0.00114897364584536	D:0.124835868087897	D:6	S:TRUE	S:FALSE	S:TRUE	S:FALSE	S:GFAP	S:TRUE	S:TRUE	S:TRUE
S:Rftn1	D:0.513170824482036	D:0.0181906016888436	D:0.0477262738516361	D:-0.447258648019932	D:0.022364200031032	D:0.121945848215433	D:0.960429472501968	D:0.00119645254383966	D:0.124835868087897	D:6	S:TRUE	S:FALSE	S:TRUE	S:FALSE	S:RFTN1	S:TRUE	S:TRUE	S:TRUE
S:Scgn	D:1.59575395244256	D:0.00510138283575186	D:0.0183698130383579	D:-0.911326249664937	D:0.0752318823755012	D:0.26823878169264	D:2.50708020210749	D:0.00123081730700512	D:0.124835868087897	D:6	S:TRUE	S:FALSE	S:TRUE	S:FALSE	S:SCGN	S:TRUE	S:TRUE	S:TRUE
S:Gcat	D:0.705809313770554	D:0.00560411964014596	D:0.0197426753681264	D:-0.458059793937781	D:0.0657090024024317	D:0.246224190874735	D:1.16386910770834	D:0.00125494734370335	D:0.124835868087897	D:6	S:TRUE	S:FALSE	S:TRUE	S:FALSE	S:GCAT	S:TRUE	S:TRUE	S:TRUE
S:Dpf2	D:0.763659902472545	D:0.00000000014214208600249	D:0.0000000149048855818987	D:0.263336701197483	D:0.0152613701756683	D:0.0936654941591043	D:0.500323201275062	D:0.00125691660969618	D:0.124835868087897	D:6	S:TRUE	S:FALSE	S:TRUE	S:FALSE	S:DPF2	S:TRUE	S:TRUE	S:TRUE
S:Mettl3	D:0.680383457937631	D:0.000000000000193844298537912	D:0.0000000000618086391909455	D:0.304613537435006	D:0.000257588960048405	D:0.00472367360539469	D:0.375769920502626	D:0.00125725103252987	D:0.124835868087897	D:6	S:TRUE	S:TRUE	S:TRUE	S:FALSE	S:METTL3	S:TRUE	S:TRUE	S:TRUE
S:Gna12	D:0.593930145158141	D:0.000944376887337687	D:0.00504442546590222	D:-0.23021770307554	D:0.195578401358004	D:0.475672002306578	D:0.824147848233681	D:0.00125926959316005	D:0.124835868087897	D:6	S:TRUE	S:FALSE	S:TRUE	S:FALSE	S:GNA12	S:TRUE	S:TRUE	S:TRUE
S:Fxyd5	D:1.04830078173795	D:0.0000000151520783511796	D:0.00000069713829774123	D:0.256727857531561	D:0.128732735626937	D:0.370408887925463	D:0.791572924206386	D:0.00126856311912141	D:0.124835868087897	D:6	S:TRUE	S:FALSE	S:TRUE	S:FALSE	S:FXYD5	S:TRUE	S:TRUE	S:TRUE
S:Mbp	D:0.762136560070104	D:0.00250635215620129	D:0.0106992475651609	D:-0.390438621149167	D:0.114998853427497	D:0.344711929026851	D:1.15257518121927	D:0.00127361768959096	D:0.124835868087897	D:6	S:TRUE	S:FALSE	S:TRUE	S:FALSE	S:MBP	S:TRUE	S:TRUE	S:TRUE
S:Baat1	D:0.338615474976156	D:0.0154296586306822	D:0.0424865057267755	D:-0.320831911763368	D:0.028102119930704	D:0.141589010576368	D:0.659447386739524	D:0.00129095731810679	D:0.124835868087897	D:6	S:TRUE	S:FALSE	S:TRUE	S:FALSE	S:BAAT1	S:TRUE	S:TRUE	S:TRUE
S:P4hb	D:0.363282604092994	D:0.00000000831179556856767	D:0.000000431440179280071	D:0.0936361638990864	D:0.106758056131779	D:0.330022789433587	D:0.269646440193908	D:0.00129312887201804	D:0.124835868087897	D:6	S:TRUE	S:FALSE	S:TRUE	S:FALSE	S:P4HB	S:TRUE	S:TRUE	S:TRUE
S:Slc25a1	D:0.414156105280401	D:0.00134746815326441	D:0.00661207362644573	D:-0.181670726878446	D:0.163103437671864	D:0.426355715272747	D:0.595826832158848	D:0.00132156765928137	D:0.124835868087897	D:6	S:TRUE	S:FALSE	S:TRUE	S:FALSE	S:SLC25A1	S:TRUE	S:TRUE	S:TRUE
S:Ppfibp2	D:0.370486423052475	D:0.00707875745527345	D:0.023723799326342	D:-0.246210970004568	D:0.0593906019579355	D:0.231121918962346	D:0.616697393057043	D:0.00132692830994061	D:0.124835868087897	D:6	S:TRUE	S:FALSE	S:TRUE	S:FALSE	S:PPFIBP2	S:TRUE	S:TRUE	S:TRUE
S:5930434b04rik	D:0.351236267533131	D:0.000000000453820943249349	D:0.0000000383270184720423	D:0.114316525310745	D:0.027002916118917	D:0.138116095087762	D:0.236919742222386	D:0.00135301646125671	D:0.124835868087897	D:6	S:TRUE	S:FALSE	S:TRUE	S:FALSE	S:5930434B04RIK	S:TRUE	S:TRUE	S:TRUE
S:Impdh2	D:0.397549835764558	D:0.000000383485022656222	D:0.00000974239023411515	D:0.0570093229234603	D:0.438781673964129	D:0.730824894551424	D:0.340540512841097	D:0.00138643069936703	D:0.124835868087897	D:6	S:TRUE	S:FALSE	S:TRUE	S:FALSE	S:IMPDH2	S:TRUE	S:TRUE	S:TRUE
S:Zgpat	D:0.9056352500439	D:0.000000000660587869095937	D:0.0000000540367794070938	D:0.290351579109916	D:0.031041782136485	D:0.150948273918594	D:0.615283670933984	D:0.00141051810457466	D:0.124835868087897	D:6	S:TRUE	S:FALSE	S:TRUE	S:FALSE	S:ZGPAT	S:TRUE	S:TRUE	S:TRUE
S:Zfp692	D:0.901501997479761	D:0.000000124530621705791	D:0.00000393063925965915	D:0.161742161979376	D:0.316773323358626	D:0.618446147364457	D:0.739759835500385	D:0.00142822946899605	D:0.125000625406315	D:6	S:TRUE	S:FALSE	S:TRUE	S:FALSE	S:ZFP692	S:TRUE	S:TRUE	S:TRUE
S:Olfml2b	D:0.895122352710107	D:0.000322901685273146	D:0.00219230432566342	D:-0.25202851636889	D:0.323598553614941	D:0.624346762646335	D:1.147150869079	D:0.00143209881897915	D:0.125000625406315	D:6	S:TRUE	S:FALSE	S:TRUE	S:FALSE	S:OLFML2B	S:TRUE	S:TRUE	S:TRUE
S:Atg4b	D:0.376153858321939	D:0.00000204180844048163	D:0.0000380682757447315	D:0.0303406116293488	D:0.68535311128188	D:0.881203591831255	D:0.34581324669259	D:0.00144141269856897	D:0.125114622235787	D:6	S:TRUE	S:FALSE	S:TRUE	S:FALSE	S:ATG4B	S:TRUE	S:TRUE	S:TRUE
S:St5	D:0.53530383394145	D:0.0000342043350371546	D:0.000370859493837962	D:-0.0305666943438187	D:0.801839023929199	D:0.932565741776924	D:0.565870528285269	D:0.00148436407425556	D:0.126730624569229	D:6	S:TRUE	S:FALSE	S:TRUE	S:FALSE	S:ST5	S:TRUE	S:TRUE	S:TRUE
S:Necab2	D:0.815605208729303	D:0.00232603743931022	D:0.0100837982663105	D:-0.422586675605239	D:0.129917049373697	D:0.372513117895879	D:1.23819188433454	D:0.00155468459435356	D:0.127673278343369	D:6	S:TRUE	S:FALSE	S:TRUE	S:FALSE	S:NECAB2	S:TRUE	S:TRUE	S:TRUE
S:Hnrnpl	D:0.181917453981423	D:0.00276312282340254	D:0.0115245678037484	D:-0.0899998048921358	D:0.13187812993785	D:0.376271713321579	D:0.271917258873559	D:0.00160645940414967	D:0.127673278343369	D:6	S:TRUE	S:FALSE	S:TRUE	S:FALSE	S:HNRNPL	S:TRUE	S:TRUE	S:TRUE
S:Irf3	D:1.02412547146602	D:0.0000000000109113687324767	D:0.00000000181360877740655	D:0.415369857810157	D:0.00227867598262664	D:0.0236852279300627	D:0.608755613655864	D:0.00160650792163144	D:0.127673278343369	D:6	S:TRUE	S:TRUE	S:TRUE	S:FALSE	S:IRF3	S:TRUE	S:TRUE	S:TRUE
S:Agpat4	D:0.703901653898515	D:0.000116820652420014	D:0.000993957519643113	D:-0.101159725001267	D:0.567590001866706	D:0.816501812831729	D:0.805061378899782	D:0.00165073211259232	D:0.127673278343369	D:6	S:TRUE	S:FALSE	S:TRUE	S:FALSE	S:AGPAT4	S:TRUE	S:TRUE	S:TRUE
S:Adipor1	D:0.395399260276488	D:0.00000000989441567898245	D:0.000000500292396661559	D:0.106441408933609	D:0.0960518623954887	D:0.311326144323338	D:0.288957851342879	D:0.0016677720587624	D:0.127673278343369	D:6	S:TRUE	S:FALSE	S:TRUE	S:FALSE	S:ADIPOR1	S:TRUE	S:TRUE	S:TRUE
S:2010111i01rik	D:0.449579840705657	D:0.000164628932644042	D:0.00130038546189611	D:-0.0770743949062425	D:0.507366487062394	D:0.77681042959544	D:0.5266542356119	D:0.00168456333010833	D:0.127673278343369	D:6	S:TRUE	S:FALSE	S:TRUE	S:FALSE	S:2010111I01RIK	S:TRUE	S:TRUE	S:TRUE
S:Fa2h	D:0.568071983755618	D:0.00766943499617686	D:0.0252640211638767	D:-0.393333068389261	D:0.0668040300769732	D:0.248629386832451	D:0.961405052144879	D:0.00168635368901451	D:0.127673278343369	D:6	S:TRUE	S:FALSE	S:TRUE	S:FALSE	S:FA2H	S:TRUE	S:TRUE	S:TRUE
S:Xpnpep1	D:0.455938128802233	D:0.0027653848881275	D:0.0115278477833789	D:-0.231670882159754	D:0.135302621898713	D:0.382065455366977	D:0.687609010961987	D:0.00176537063794988	D:0.127673278343369	D:6	S:TRUE	S:FALSE	S:TRUE	S:FALSE	S:XPNPEP1	S:TRUE	S:TRUE	S:TRUE
S:Zbtb48	D:1.13084918109548	D:0.000137530099510027	D:0.00112580571199527	D:-0.211142389379033	D:0.491661327738965	D:0.766584046736669	D:1.34199157047451	D:0.00179529619113551	D:0.127673278343369	D:6	S:TRUE	S:FALSE	S:TRUE	S:FALSE	S:ZBTB48	S:TRUE	S:TRUE	S:TRUE
S:Cenpo	D:0.292384468306329	D:0.0189134202123672	D:0.0491195607377036	D:-0.248876163655201	D:0.0343053492854053	D:0.16129605092843	D:0.54126063196153	D:0.00180481429953208	D:0.127673278343369	D:6	S:TRUE	S:FALSE	S:TRUE	S:FALSE	S:CENPO	S:TRUE	S:TRUE	S:TRUE
S:Sap25	D:1.70584857900224	D:0.00000155712003543643	D:0.0000306789955027222	D:0.172531315175136	D:0.616475938392544	D:0.84497061684754	D:1.5333172638271	D:0.00183143897100757	D:0.127673278343369	D:6	S:TRUE	S:FALSE	S:TRUE	S:FALSE	S:SAP25	S:TRUE	S:TRUE	S:TRUE
S:Chrd	D:1.16043589086143	D:0.00000003688487122653	D:0.00000144433390487044	D:0.293306913120452	D:0.123697173841423	D:0.361624073066305	D:0.867128977740977	D:0.00183922890887079	D:0.127673278343369	D:6	S:TRUE	S:FALSE	S:TRUE	S:FALSE	S:CHRD	S:TRUE	S:TRUE	S:TRUE
S:Phldb1	D:0.733272740607362	D:0.0100225015842998	D:0.0307826940737369	D:-0.540944750174437	D:0.0594755234006847	D:0.231121918962346	D:1.2742174907818	D:0.00184986630043605	D:0.127673278343369	D:6	S:TRUE	S:FALSE	S:TRUE	S:FALSE	S:PHLDB1	S:TRUE	S:TRUE	S:TRUE
S:Itprip	D:1.3795923189157	D:0.000158050862902607	D:0.00126078740073776	D:-0.240607051234994	D:0.511119540504628	D:0.778880435031821	D:1.6201993701507	D:0.00185255304579894	D:0.127673278343369	D:6	S:TRUE	S:FALSE	S:TRUE	S:FALSE	S:ITPRIP	S:TRUE	S:TRUE	S:TRUE
S:Gm15440	D:0.680110104957231	D:0.000893246099463612	D:0.00483746171855094	D:-0.241413063421739	D:0.250460001223948	D:0.546892311580618	D:0.92152316837897	D:0.00186221748857138	D:0.127673278343369	D:6	S:TRUE	S:FALSE	S:TRUE	S:FALSE	S:GM15440	S:TRUE	S:TRUE	S:TRUE
S:Plrg1	D:0.369590226676523	D:0.0000000696571047009438	D:0.00000241849467521677	D:0.0830169645630274	D:0.193709316404452	D:0.47240268792994	D:0.286573262113496	D:0.00186649029400317	D:0.127673278343369	D:6	S:TRUE	S:FALSE	S:TRUE	S:FALSE	S:PLRG1	S:TRUE	S:TRUE	S:TRUE
S:Rab8a	D:0.345755703829362	D:0.00000385971512830353	D:0.0000638983956049954	D:0.0248438442718699	D:0.728432454313686	D:0.898845860633588	D:0.320911859557492	D:0.00187129933055756	D:0.127673278343369	D:6	S:TRUE	S:FALSE	S:TRUE	S:FALSE	S:RAB8A	S:TRUE	S:TRUE	S:TRUE
S:Cryab	D:1.20158153939526	D:0.0000341435563351976	D:0.000370474104835236	D:-0.0488579795875799	D:0.860573002571653	D:0.954001943410552	D:1.25043951898284	D:0.00190108736313323	D:0.128582636197375	D:6	S:TRUE	S:FALSE	S:TRUE	S:FALSE	S:CRYAB	S:TRUE	S:TRUE	S:TRUE
S:Snapc4	D:0.380964472844656	D:0.00693668318255299	D:0.0233482213893889	D:-0.24409237736651	D:0.0821915387487459	D:0.283233310815235	D:0.625056850211165	D:0.00191648101179443	D:0.128872703871982	D:6	S:TRUE	S:FALSE	S:TRUE	S:FALSE	S:SNAPC4	S:TRUE	S:TRUE	S:TRUE
S:Sh3bp2	D:0.797711068882152	D:0.00123942866553474	D:0.00622863733364905	D:-0.283400954641316	D:0.240493152776012	D:0.533872228394739	D:1.08111202352347	D:0.00193504772824896	D:0.128872703871982	D:6	S:TRUE	S:FALSE	S:TRUE	S:FALSE	S:SH3BP2	S:TRUE	S:TRUE	S:TRUE
S:U2af1l4	D:0.718025246147754	D:0.000000000134875558044084	D:0.0000000144314039687625	D:0.265367137783654	D:0.010085313304461	D:0.0695993529456263	D:0.452658108364101	D:0.00194004629830419	D:0.128872703871982	D:6	S:TRUE	S:FALSE	S:TRUE	S:FALSE	S:U2AF1L4	S:TRUE	S:TRUE	S:TRUE
S:Akap8l	D:0.452724027266417	D:0.0000107503745080127	D:0.000149567098230801	D:0.0138148550325399	D:0.88751034967791	D:0.964824777579158	D:0.438909172233878	D:0.00194813550228748	D:0.128872703871982	D:6	S:TRUE	S:FALSE	S:TRUE	S:FALSE	S:AKAP8L	S:TRUE	S:TRUE	S:TRUE
S:Tmed4	D:0.478743242603823	D:0.000000158238107273397	D:0.00000473623024528649	D:0.0946231536127291	D:0.27369288977363	D:0.572293590715096	D:0.384120088991094	D:0.00195486628377237	D:0.128872703871982	D:6	S:TRUE	S:FALSE	S:TRUE	S:FALSE	S:TMED4	S:TRUE	S:TRUE	S:TRUE
S:Ramp2	D:0.711788618646704	D:0.0000000292718981787929	D:0.00000119821944312015	D:0.177845570674462	D:0.140173500320412	D:0.38986743487757	D:0.533943047972242	D:0.00198290923297482	D:0.129835802167201	D:6	S:TRUE	S:FALSE	S:TRUE	S:FALSE	S:RAMP2	S:TRUE	S:TRUE	S:TRUE
S:Srrt	D:0.798669117256406	D:0.0000000488626069154237	D:0.00000181337142623891	D:0.193807149380347	D:0.1525135130163	D:0.409217092111742	D:0.604861967876059	D:0.0019994173663657	D:0.129835802167201	D:6	S:TRUE	S:FALSE	S:TRUE	S:FALSE	S:SRRT	S:TRUE	S:TRUE	S:TRUE
S:Pisd-Ps1	D:0.992182682116306	D:0.00149392971892017	D:0.00717968561316788	D:-0.337141556778722	D:0.245711868165047	D:0.541085585371487	D:1.32932423889503	D:0.00201888741026978	D:0.129835802167201	D:6	S:TRUE	S:FALSE	S:TRUE	S:FALSE	S:PISD-PS1	S:TRUE	S:TRUE	S:TRUE
S:Btbd16	D:1.06268279697114	D:0.00543551212994147	D:0.0192878586232582	D:-0.798878038917207	D:0.0808801906147136	D:0.280648422379236	D:1.86156083588835	D:0.00203838329149395	D:0.129835802167201	D:6	S:TRUE	S:FALSE	S:TRUE	S:FALSE	S:BTBD16	S:TRUE	S:TRUE	S:TRUE
S:Ctsd	D:0.429642799332472	D:0.00255988511566538	D:0.0108654292439978	D:-0.191965516052251	D:0.169861029487885	D:0.438083315404212	D:0.621608315384723	D:0.00205957814431163	D:0.129835802167201	D:6	S:TRUE	S:FALSE	S:TRUE	S:FALSE	S:CTSD	S:TRUE	S:TRUE	S:TRUE
S:Oat	D:0.151702900568519	D:0.0123426348429293	D:0.0359390041553042	D:-0.114863320547138	D:0.0566227362033965	D:0.224878909619183	D:0.266566221115657	D:0.00206088574868573	D:0.129835802167201	D:6	S:TRUE	S:FALSE	S:TRUE	S:FALSE	S:OAT	S:TRUE	S:TRUE	S:TRUE
S:Lemd2	D:0.840146017209836	D:0.000687416794695732	D:0.00394570169005367	D:-0.262984610918081	D:0.303399673557209	D:0.605095289718896	D:1.10313062812792	D:0.00211605883811757	D:0.130677088089917	D:6	S:TRUE	S:FALSE	S:TRUE	S:FALSE	S:LEMD2	S:TRUE	S:TRUE	S:TRUE
S:Mms19	D:0.226331732984258	D:0.0149629510859895	D:0.0415789194695245	D:-0.181387867161536	D:0.050691667528988	D:0.209084644562923	D:0.407719600145795	D:0.00217090998713723	D:0.131820017290628	D:6	S:TRUE	S:FALSE	S:TRUE	S:FALSE	S:MMS19	S:TRUE	S:TRUE	S:TRUE
S:Sufu	D:0.482895085093186	D:0.000684890359734098	D:0.00393698564403441	D:-0.143529409474312	D:0.320203489810404	D:0.621241689407395	D:0.626424494567498	D:0.0021810175194539	D:0.131820017290628	D:6	S:TRUE	S:FALSE	S:TRUE	S:FALSE	S:SUFU	S:TRUE	S:TRUE	S:TRUE
S:Slc15a4	D:0.667425993068919	D:0.00000000422836703197728	D:0.00000024377862179931	D:0.204389804960833	D:0.0538150387386028	D:0.217143282277975	D:0.463036188108085	D:0.00218518845867081	D:0.131820017290628	D:6	S:TRUE	S:FALSE	S:TRUE	S:FALSE	S:SLC15A4	S:TRUE	S:TRUE	S:TRUE
S:Cnn3	D:0.282549796142648	D:0.000346560232596051	D:0.00230803796849134	D:-0.055317783746692	D:0.468119070654191	D:0.750604716738617	D:0.33786757988934	D:0.00223315910609832	D:0.132768651136715	D:6	S:TRUE	S:FALSE	S:TRUE	S:FALSE	S:CNN3	S:TRUE	S:TRUE	S:TRUE
S:Tnfaip6	D:0.826014016371263	D:0.000369470197211107	D:0.00242240971935641	D:-0.13408028488501	D:0.522096096027283	D:0.785935967273366	D:0.960094301256273	D:0.00225886823264055	D:0.132768651136715	D:6	S:TRUE	S:FALSE	S:TRUE	S:FALSE	S:TNFAIP6	S:TRUE	S:TRUE	S:TRUE
S:Il16	D:1.09603566535043	D:0.00276949458088765	D:0.0115419000618268	D:-0.587948380097859	D:0.14590109211374	D:0.398942713193047	D:1.68398404544829	D:0.00226522165043482	D:0.132768651136715	D:6	S:TRUE	S:FALSE	S:TRUE	S:FALSE	S:IL16	S:TRUE	S:TRUE	S:TRUE
S:Pppde2	D:0.390196252339703	D:0.0000528706346590224	D:0.000528841738740439	D:-0.018615910385475	D:0.840415109868276	D:0.94519476508652	D:0.408812162725178	D:0.00227667531713845	D:0.132768651136715	D:6	S:TRUE	S:FALSE	S:TRUE	S:FALSE	S:PPPDE2	S:TRUE	S:TRUE	S:TRUE
S:Vash1	D:0.463111070347752	D:0.000170354800483179	D:0.00133615632668132	D:-0.0712231127219107	D:0.563132049515871	D:0.813609685744033	D:0.534334183069663	D:0.00229018418471934	D:0.132768651136715	D:6	S:TRUE	S:FALSE	S:TRUE	S:FALSE	S:VASH1	S:TRUE	S:TRUE	S:TRUE
S:Ing4	D:0.392862506776623	D:0.0000178738361713479	D:0.000226305361702707	D:0.00508484437391221	D:0.954071178314656	D:0.985743161618053	D:0.387777662402711	D:0.00229459546016106	D:0.132768651136715	D:6	S:TRUE	S:FALSE	S:TRUE	S:FALSE	S:ING4	S:TRUE	S:TRUE	S:TRUE
S:Nadk	D:0.561880768674976	D:0.00000000245712865075028	D:0.000000156057634306189	D:0.182140655930028	D:0.036968844639613	D:0.169782842048593	D:0.379740112744948	D:0.0023036242249818	D:0.132768651136715	D:6	S:TRUE	S:FALSE	S:TRUE	S:FALSE	S:NADK	S:TRUE	S:TRUE	S:TRUE
S:Dbi	D:0.275544879087349	D:0.0141160750592535	D:0.0396886011743344	D:-0.212369220195106	D:0.057095274047838	D:0.226008756453869	D:0.487914099282455	D:0.00231988234513076	D:0.132768651136715	D:6	S:TRUE	S:FALSE	S:TRUE	S:FALSE	S:DBI	S:TRUE	S:TRUE	S:TRUE
S:Copz1	D:0.297000063763702	D:0.00000114935384391486	D:0.0000240717217926618	D:0.0438844348981364	D:0.445609812495205	D:0.735769590134233	D:0.253115628865566	D:0.00233735180158639	D:0.133280235576591	D:6	S:TRUE	S:FALSE	S:TRUE	S:FALSE	S:COPZ1	S:TRUE	S:TRUE	S:TRUE
S:5031439g07rik	D:0.590689556356366	D:0.000000125496057199472	D:0.00000395312580178338	D:0.133942351666449	D:0.198039233321513	D:0.479121242089705	D:0.456747204689917	D:0.0023611022991583	D:0.133658921456701	D:6	S:TRUE	S:FALSE	S:TRUE	S:FALSE	S:5031439G07RIK	S:TRUE	S:TRUE	S:TRUE
S:Eif3l	D:0.239238584422944	D:0.000548317622017287	D:0.00330513677715975	D:-0.0565341668722841	D:0.404189580827725	D:0.70182907433345	D:0.295772751295228	D:0.00244127637329076	D:0.134633854299254	D:6	S:TRUE	S:FALSE	S:TRUE	S:FALSE	S:EIF3L	S:TRUE	S:TRUE	S:TRUE
S:Slc26a10	D:0.87927140638565	D:0.0000305965007245423	D:0.000341670551487924	D:-0.00118860395357667	D:0.995254630888363	D:0.998257581883532	D:0.880460010339226	D:0.00245329532833987	D:0.134633854299254	D:6	S:TRUE	S:FALSE	S:TRUE	S:FALSE	S:SLC26A10	S:TRUE	S:TRUE	S:TRUE
S:Dcaf11	D:0.325529246381144	D:0.000317519835298652	D:0.00216445458407771	D:-0.0575099713915463	D:0.511654522711528	D:0.779454978826532	D:0.383039217772691	D:0.00249821449045408	D:0.134680329062252	D:6	S:TRUE	S:FALSE	S:TRUE	S:FALSE	S:DCAF11	S:TRUE	S:TRUE	S:TRUE
S:Atxn7l2	D:0.746820490439989	D:0.000161870177843444	D:0.00128705326138726	D:-0.0980501333671166	D:0.615992578535191	D:0.844757811434398	D:0.844870623807106	D:0.00251642908372715	D:0.134680329062252	D:6	S:TRUE	S:FALSE	S:TRUE	S:FALSE	S:ATXN7L2	S:TRUE	S:TRUE	S:TRUE
S:Ccdc114	D:1.00567014637688	D:0.00752165379857669	D:0.0249085033804498	D:-0.558867292155412	D:0.108384898057006	D:0.332716452992175	D:1.56453743853229	D:0.00253193445517095	D:0.134680329062252	D:6	S:TRUE	S:FALSE	S:TRUE	S:FALSE	S:CCDC114	S:TRUE	S:TRUE	S:TRUE
S:Tmem189	D:0.489283578304522	D:0.00158413957947761	D:0.00748204256038639	D:-0.177128149827305	D:0.2520443717215	D:0.548612602922362	D:0.666411728131826	D:0.00255443100621985	D:0.134680329062252	D:6	S:TRUE	S:FALSE	S:TRUE	S:FALSE	S:TMEM189	S:TRUE	S:TRUE	S:TRUE
S:Gps2	D:0.753209259202216	D:0.00000130175516918498	D:0.0000264137957965534	D:0.111495736872912	D:0.450445660071048	D:0.738872755165359	D:0.641713522329304	D:0.00255858316168522	D:0.134680329062252	D:6	S:TRUE	S:FALSE	S:TRUE	S:FALSE	S:GPS2	S:TRUE	S:TRUE	S:TRUE
S:Itga7	D:1.16316394988406	D:0.0000519486726923963	D:0.000520619667829378	D:-0.0622383533057618	D:0.82799992740568	D:0.93915434380642	D:1.22540230318982	D:0.00259474241755699	D:0.134907318662056	D:6	S:TRUE	S:FALSE	S:TRUE	S:FALSE	S:ITGA7	S:TRUE	S:TRUE	S:TRUE
S:Tagln	D:0.634794216894449	D:0.00240622153726729	D:0.0103624049884962	D:-0.242929400623007	D:0.222693768241326	D:0.511972842113373	D:0.877723617517457	D:0.00261046069210782	D:0.134907318662056	D:6	S:TRUE	S:FALSE	S:TRUE	S:FALSE	S:TAGLN	S:TRUE	S:TRUE	S:TRUE
S:Aph1a	D:0.224182752472371	D:0.015873886299707	D:0.043330536359886	D:-0.175889870237706	D:0.0592474935329315	D:0.230901182079951	D:0.400072622710077	D:0.00266411090356216	D:0.134907318662056	D:6	S:TRUE	S:FALSE	S:TRUE	S:FALSE	S:APH1A	S:TRUE	S:TRUE	S:TRUE
S:Alg1	D:0.6376209576902	D:0.00200091460648595	D:0.00896538279659779	D:-0.258502510446157	D:0.221651980180062	D:0.510629687162088	D:0.896123468136357	D:0.00266705502372405	D:0.134907318662056	D:6	S:TRUE	S:FALSE	S:TRUE	S:FALSE	S:ALG1	S:TRUE	S:TRUE	S:TRUE
S:Tor1b	D:0.437160347386484	D:0.000000000694737307178485	D:0.0000000557598315397625	D:0.157278555055463	D:0.01665031905557	D:0.0992755426334394	D:0.279881792331022	D:0.00266806993346596	D:0.134907318662056	D:6	S:TRUE	S:FALSE	S:TRUE	S:FALSE	S:TOR1B	S:TRUE	S:TRUE	S:TRUE
S:Slc6a13	D:0.575716702420881	D:0.00629215972943517	D:0.0216398122310967	D:-0.312498317663274	D:0.124391468398662	D:0.362607939054723	D:0.888215020084155	D:0.00269071230253137	D:0.134907318662056	D:6	S:TRUE	S:FALSE	S:TRUE	S:FALSE	S:SLC6A13	S:TRUE	S:TRUE	S:TRUE
S:Prr24	D:0.327104803583797	D:0.0026643872197204	D:0.0112175655944251	D:-0.137220314719548	D:0.204656505728273	D:0.488027052121266	D:0.464325118303345	D:0.00273600346865332	D:0.135293121414829	D:6	S:TRUE	S:FALSE	S:TRUE	S:FALSE	S:PRR24	S:TRUE	S:TRUE	S:TRUE
S:Lrch4	D:1.35910193672579	D:0.0000064097273376815	D:0.0000978940175209538	D:0.102955537877248	D:0.72608888560936	D:0.89792493728038	D:1.25614639884854	D:0.00273882852535726	D:0.135293121414829	D:6	S:TRUE	S:FALSE	S:TRUE	S:FALSE	S:LRCH4	S:TRUE	S:TRUE	S:TRUE
S:Gm98	D:0.687106255438256	D:0.00350264761890692	D:0.0137500920597492	D:-0.289489027907508	D:0.190875478620319	D:0.468095821372448	D:0.976595283345764	D:0.00275366184139245	D:0.135293121414829	D:6	S:TRUE	S:FALSE	S:TRUE	S:FALSE	S:GM98	S:TRUE	S:TRUE	S:TRUE
S:Ccdc101	D:0.837556997021978	D:0.000227912039259539	D:0.00166474880850445	D:-0.127619200519181	D:0.574198810202836	D:0.819957751057435	D:0.965176197541159	D:0.00280924213290625	D:0.135514296318722	D:6	S:TRUE	S:FALSE	S:TRUE	S:FALSE	S:CCDC101	S:TRUE	S:TRUE	S:TRUE
S:Tcirg1	D:0.913159280676231	D:0.000521451013540269	D:0.00317627705089792	D:-0.207211635024319	D:0.432895764116681	D:0.726327686700926	D:1.12037091570055	D:0.00285270116165125	D:0.135968002576326	D:6	S:TRUE	S:FALSE	S:TRUE	S:FALSE	S:TCIRG1	S:TRUE	S:TRUE	S:TRUE
S:Ctdsp2	D:0.493110205144524	D:0.00000656346825656417	D:0.0000997545019849792	D:0.0450591401584539	D:0.665207086936616	D:0.871108501072641	D:0.44805106498607	D:0.00288358106840772	D:0.135968002576326	D:6	S:TRUE	S:FALSE	S:TRUE	S:FALSE	S:CTDSP2	S:TRUE	S:TRUE	S:TRUE
S:Zmynd15	D:1.16760127191684	D:0.000384975376623626	D:0.0025061897018198	D:-0.142565632142055	D:0.62352270762196	D:0.849728371823934	D:1.31016690405889	D:0.00295407200139929	D:0.135968002576326	D:6	S:TRUE	S:FALSE	S:TRUE	S:FALSE	S:ZMYND15	S:TRUE	S:TRUE	S:TRUE
S:Map2k7	D:0.370882845462952	D:0.00238385270901695	D:0.0102829529452403	D:-0.140209536690549	D:0.239705655412518	D:0.532900766497699	D:0.511092382153501	D:0.00300150809783863	D:0.13600658696644	D:6	S:TRUE	S:FALSE	S:TRUE	S:FALSE	S:MAP2K7	S:TRUE	S:TRUE	S:TRUE
S:Ddx41	D:1.0248318428372	D:0.00000723277824631658	D:0.000107829129122567	D:0.0721411311768967	D:0.75079780408102	D:0.910163706371479	D:0.952690711660304	D:0.00300969317855486	D:0.13600658696644	D:6	S:TRUE	S:FALSE	S:TRUE	S:FALSE	S:DDX41	S:TRUE	S:TRUE	S:TRUE
S:Cd82	D:0.666509008529334	D:0.00341876411731612	D:0.0134889986981714	D:-0.279240634972263	D:0.202444212046201	D:0.48498761533706	D:0.945749643501597	D:0.00302657126032287	D:0.13600658696644	D:6	S:TRUE	S:FALSE	S:TRUE	S:FALSE	S:CD82	S:TRUE	S:TRUE	S:TRUE
S:Psat1	D:0.297679379363903	D:0.000617095266883572	D:0.00362874594233562	D:-0.0637425888839296	D:0.450056873957944	D:0.738700346540489	D:0.361421968247832	D:0.00304519757047017	D:0.13600658696644	D:6	S:TRUE	S:FALSE	S:TRUE	S:FALSE	S:PSAT1	S:TRUE	S:TRUE	S:TRUE
S:Ints4	D:0.256671358882849	D:0.0000212097001610044	D:0.000260110169007482	D:0.0105443028509917	D:0.85405586912654	D:0.951055236212154	D:0.246127056031857	D:0.0030633591486836	D:0.136037352605696	D:6	S:TRUE	S:FALSE	S:TRUE	S:FALSE	S:INTS4	S:TRUE	S:TRUE	S:TRUE
S:Ncf2	D:0.654290959728191	D:0.0000825853557097303	D:0.000751931000937544	D:-0.0191886197356876	D:0.901323284765642	D:0.968818019423991	D:0.673479579463879	D:0.0030648456296214	D:0.136037352605696	D:6	S:TRUE	S:FALSE	S:TRUE	S:FALSE	S:NCF2	S:TRUE	S:TRUE	S:TRUE
S:Rpusd4	D:0.500848050073508	D:0.00024894123607801	D:0.00178907905817977	D:-0.0583717066843734	D:0.653314360321382	D:0.864153705186359	D:0.559219756757881	D:0.00315930336277452	D:0.13704879423837	D:6	S:TRUE	S:FALSE	S:TRUE	S:FALSE	S:RPUSD4	S:TRUE	S:TRUE	S:TRUE
S:Nrip2	D:0.305393848423493	D:0.00832781025832848	D:0.0268165101970578	D:-0.182571629282137	D:0.115196225728126	D:0.34512479976534	D:0.487965477705631	D:0.00319889781366264	D:0.13704879423837	D:6	S:TRUE	S:FALSE	S:TRUE	S:FALSE	S:NRIP2	S:TRUE	S:TRUE	S:TRUE
S:Gdpd2	D:0.560079065526619	D:0.00169536673423419	D:0.00789285156605336	D:-0.219020508673889	D:0.254426542854291	D:0.55175862488704	D:0.779099574200508	D:0.0032390122685037	D:0.137203045026739	D:6	S:TRUE	S:FALSE	S:TRUE	S:FALSE	S:GDPD2	S:TRUE	S:TRUE	S:TRUE
S:Thsd4	D:0.806745282759423	D:0.0014515343590436	D:0.00701410377955234	D:-0.254991203844373	D:0.313452139934248	D:0.616254716790322	D:1.0617364866038	D:0.00326803159675667	D:0.137494929253023	D:6	S:TRUE	S:FALSE	S:TRUE	S:FALSE	S:THSD4	S:TRUE	S:TRUE	S:TRUE
S:Ptk2b	D:0.284371191769543	D:0.000534894065338166	D:0.00324173191498972	D:-0.0542096697252017	D:0.496193228542924	D:0.769023212256189	D:0.338580861494744	D:0.00326882718571323	D:0.137494929253023	D:6	S:TRUE	S:FALSE	S:TRUE	S:FALSE	S:PTK2B	S:TRUE	S:TRUE	S:TRUE
S:Gstp1	D:0.38135293134397	D:0.0154189584505852	D:0.0424653281917757	D:-0.275769237246421	D:0.0765520561934542	D:0.271240581264827	D:0.657122168590392	D:0.00332752834895571	D:0.13845052888576	D:6	S:TRUE	S:FALSE	S:TRUE	S:FALSE	S:GSTP1	S:TRUE	S:TRUE	S:TRUE
S:Txlna	D:0.620685827327301	D:0.0000000251108788728067	D:0.00000105182941423252	D:0.182081443857371	D:0.0826227170830175	D:0.284401262768245	D:0.43860438346993	D:0.00333188676786007	D:0.13845052888576	D:6	S:TRUE	S:FALSE	S:TRUE	S:FALSE	S:TXLNA	S:TRUE	S:TRUE	S:TRUE
S:Fuz	D:0.752467872619099	D:0.000000170001720358705	D:0.00000501152241298945	D:0.180176660768568	D:0.188506777039775	D:0.464181226866737	D:0.572291211850531	D:0.00340155754425351	D:0.139773994526689	D:6	S:TRUE	S:FALSE	S:TRUE	S:FALSE	S:FUZ	S:TRUE	S:TRUE	S:TRUE
S:Rnf112	D:0.814441755424578	D:0.00000229329921946152	D:0.0000421535376527844	D:0.126773377315997	D:0.436386802893345	D:0.728274664431278	D:0.687668378108581	D:0.00343921337324094	D:0.139773994526689	D:6	S:TRUE	S:FALSE	S:TRUE	S:FALSE	S:RNF112	S:TRUE	S:TRUE	S:TRUE
S:Kctd3	D:0.288040752376999	D:0.000000706450491479915	D:0.0000160897703773793	D:0.0578048338257799	D:0.29064131234339	D:0.591059945691555	D:0.23023591855122	D:0.00347170156649928	D:0.139773994526689	D:6	S:TRUE	S:FALSE	S:TRUE	S:FALSE	S:KCTD3	S:TRUE	S:TRUE	S:TRUE
S:Tle2	D:0.736563461544048	D:0.000505474398191497	D:0.00311048916791805	D:-0.126425752579904	D:0.534424355317972	D:0.794769286834952	D:0.862989214123953	D:0.00348003609004621	D:0.139773994526689	D:6	S:TRUE	S:FALSE	S:TRUE	S:FALSE	S:TLE2	S:TRUE	S:TRUE	S:TRUE
S:Camk1	D:0.425809365297629	D:0.00000030619330761743	D:0.00000820577056297552	D:0.0977933276604341	D:0.211318108216928	D:0.496389729742193	D:0.328016037637195	D:0.00352689601354303	D:0.139810575147308	D:6	S:TRUE	S:FALSE	S:TRUE	S:FALSE	S:CAMK1	S:TRUE	S:TRUE	S:TRUE
S:Tigd3	D:0.579915987923524	D:0.00313225585458531	D:0.0126553828476961	D:-0.221790611691308	D:0.24155455034223	D:0.535250077229756	D:0.801706599614832	D:0.00357306517563431	D:0.139994985008851	D:6	S:TRUE	S:FALSE	S:TRUE	S:FALSE	S:TIGD3	S:TRUE	S:TRUE	S:TRUE
S:Ccdc28b	D:1.01023043361615	D:0.000000425477202072988	D:0.0000105686101831293	D:0.202468048667947	D:0.305261592971517	D:0.607057490086847	D:0.807762384948201	D:0.00359424248816164	D:0.139994985008851	D:6	S:TRUE	S:FALSE	S:TRUE	S:FALSE	S:CCDC28B	S:TRUE	S:TRUE	S:TRUE
S:Sepn1	D:0.513440450799262	D:0.000103093554636637	D:0.000901866572028454	D:-0.0231418266502237	D:0.856404423718954	D:0.952075047401803	D:0.536582277449485	D:0.00360202150368396	D:0.139994985008851	D:6	S:TRUE	S:FALSE	S:TRUE	S:FALSE	S:SEPN1	S:TRUE	S:TRUE	S:TRUE
S:Eif4a3	D:0.372515476564049	D:0.000822533698203423	D:0.00452987892165325	D:-0.088935941095146	D:0.425841041714415	D:0.719980568742129	D:0.461451417659195	D:0.00366260580181456	D:0.140138615957978	D:6	S:TRUE	S:FALSE	S:TRUE	S:FALSE	S:EIF4A3	S:TRUE	S:TRUE	S:TRUE
S:C030017k20rik	D:1.54147536416071	D:0.00000000429932944729506	D:0.000000246958541487272	D:0.566170038187104	D:0.0134871196168994	D:0.0854985516954774	D:0.975305325973605	D:0.00371631772724534	D:0.140262967487174	D:6	S:TRUE	S:FALSE	S:TRUE	S:FALSE	S:C030017K20RIK	S:TRUE	S:TRUE	S:TRUE
S:Lrrc16b	D:1.03746524961987	D:0.000147669456584098	D:0.00119357868063628	D:-0.0760462408177975	D:0.776408855211627	D:0.922477938958518	D:1.11351149043767	D:0.00371664545184909	D:0.140262967487174	D:6	S:TRUE	S:FALSE	S:TRUE	S:FALSE	S:LRRC16B	S:TRUE	S:TRUE	S:TRUE
S:Svil	D:0.407131039091567	D:0.000170996576480516	D:0.00134051706519397	D:-0.0261423778836751	D:0.798718114739591	D:0.931490021996818	D:0.433273416975242	D:0.00376282205206017	D:0.140769449168807	D:6	S:TRUE	S:FALSE	S:TRUE	S:FALSE	S:SVIL	S:TRUE	S:TRUE	S:TRUE
S:Nmral1	D:0.618253146326938	D:0.00766107704063826	D:0.025241810983326	D:-0.339918900451923	D:0.141560276478535	D:0.391943604412658	D:0.958172046778862	D:0.00376413675059373	D:0.140769449168807	D:6	S:TRUE	S:FALSE	S:TRUE	S:FALSE	S:NMRAL1	S:TRUE	S:TRUE	S:TRUE
S:Iffo1	D:0.354731510929963	D:0.00477908640374501	D:0.0174816237053853	D:-0.165567160138056	D:0.188491572559848	D:0.464181226866737	D:0.520298671068019	D:0.00376900400025283	D:0.140769449168807	D:6	S:TRUE	S:FALSE	S:TRUE	S:FALSE	S:IFFO1	S:TRUE	S:TRUE	S:TRUE
S:Rgs14	D:0.796184136644816	D:0.00342836234415859	D:0.0135162082425268	D:-0.381586313361914	D:0.199650749879853	D:0.481231613101329	D:1.17777045000673	D:0.00380669846543982	D:0.140769449168807	D:6	S:TRUE	S:FALSE	S:TRUE	S:FALSE	S:RGS14	S:TRUE	S:TRUE	S:TRUE
S:Mlc1	D:0.359768891874347	D:0.00167516995203596	D:0.00781279263600297	D:-0.107159621152569	D:0.338702599817469	D:0.639905463381162	D:0.466928513026915	D:0.00381560315592399	D:0.140769449168807	D:6	S:TRUE	S:FALSE	S:TRUE	S:FALSE	S:MLC1	S:TRUE	S:TRUE	S:TRUE
S:2810468n07rik	D:0.437360569134899	D:0.00935396088315602	D:0.0292402625626358	D:-0.265508229994502	D:0.122399888668509	D:0.359395214041311	D:0.702868799129401	D:0.00382251671998052	D:0.140769449168807	D:6	S:TRUE	S:FALSE	S:TRUE	S:FALSE	S:2810468N07RIK	S:TRUE	S:TRUE	S:TRUE
S:Farsa	D:0.449600726813318	D:0.0000511707250472247	D:0.000515136216583659	D:0.00155597764638137	D:0.988530710924931	D:0.995796507252813	D:0.448044749166937	D:0.00386054133398355	D:0.140769449168807	D:6	S:TRUE	S:FALSE	S:TRUE	S:FALSE	S:FARSA	S:TRUE	S:TRUE	S:TRUE
S:Cap1	D:0.373316734903103	D:0.0000000000235975299185369	D:0.00000000347818686270962	D:0.16666500024668	D:0.0010751593885948	D:0.013354604963668	D:0.206651734656423	D:0.00389689423676876	D:0.140769449168807	D:6	S:TRUE	S:TRUE	S:TRUE	S:FALSE	S:CAP1	S:TRUE	S:TRUE	S:TRUE
S:Slc25a45	D:0.652914456762175	D:0.00666893715752472	D:0.0226906520359683	D:-0.341777720433667	D:0.158038747901035	D:0.417838430508032	D:0.994692177195843	D:0.00390577410595515	D:0.140769449168807	D:6	S:TRUE	S:FALSE	S:TRUE	S:FALSE	S:SLC25A45	S:TRUE	S:TRUE	S:TRUE
S:Kcnip2	D:0.588678165050929	D:0.000000127428221224773	D:0.00000399786853095552	D:0.15561195088755	D:0.137802343347532	D:0.385984907217969	D:0.433066214163379	D:0.00391374086172865	D:0.140769449168807	D:6	S:TRUE	S:FALSE	S:TRUE	S:FALSE	S:KCNIP2	S:TRUE	S:TRUE	S:TRUE
S:Iqcd	D:1.44684119769554	D:0.000532048698445471	D:0.00322824421922797	D:-0.231327078025618	D:0.564052688054578	D:0.814269109277601	D:1.67816827572116	D:0.00393640660744905	D:0.140769449168807	D:6	S:TRUE	S:FALSE	S:TRUE	S:FALSE	S:IQCD	S:TRUE	S:TRUE	S:TRUE
S:Arfgap2	D:0.28327044379085	D:0.0116553787942651	D:0.0344762662403632	D:-0.179321915458106	D:0.111914684470079	D:0.338867253907077	D:0.462592359248956	D:0.0040166202980149	D:0.140769449168807	D:6	S:TRUE	S:FALSE	S:TRUE	S:FALSE	S:ARFGAP2	S:TRUE	S:TRUE	S:TRUE
S:Dpp7	D:0.673559861385053	D:0.0000289549756837546	D:0.000329012756423987	D:0.0281154164848321	D:0.857783839474476	D:0.952727284278753	D:0.645444444900221	D:0.00404223821698302	D:0.140769449168807	D:6	S:TRUE	S:FALSE	S:TRUE	S:FALSE	S:DPP7	S:TRUE	S:TRUE	S:TRUE
S:Phc1	D:0.347785718697041	D:0.000221494584650614	D:0.0016300665994259	D:-0.0310140160452459	D:0.734912153634492	D:0.902055737951552	D:0.378799734742287	D:0.00405591342470093	D:0.140769449168807	D:6	S:TRUE	S:FALSE	S:TRUE	S:FALSE	S:PHC1	S:TRUE	S:TRUE	S:TRUE
S:Cpne6	D:0.871790341358103	D:0.00000368873428398067	D:0.0000617053366733555	D:0.130281421540445	D:0.46858271268624	D:0.75110041496976	D:0.741508919817658	D:0.00409390868712631	D:0.140769449168807	D:6	S:TRUE	S:FALSE	S:TRUE	S:FALSE	S:CPNE6	S:TRUE	S:TRUE	S:TRUE
S:Sult2b1	D:0.591903527958398	D:0.0036076324046897	D:0.0140595645583971	D:-0.22309218850773	D:0.252774443413937	D:0.549409561538085	D:0.814995716466129	D:0.00413384574955589	D:0.140769449168807	D:6	S:TRUE	S:FALSE	S:TRUE	S:FALSE	S:SULT2B1	S:TRUE	S:TRUE	S:TRUE
S:Rin1	D:1.18131405762291	D:0.000000000000000314079674394199	D:0.000000000000233675277749284	D:0.679903419449733	D:0.000000201408673960792	D:0.0000153502883998215	D:0.501410638173181	D:0.0041410191396733	D:0.140769449168807	D:6	S:TRUE	S:TRUE	S:TRUE	S:FALSE	S:RIN1	S:TRUE	S:TRUE	S:TRUE
S:Arrb2	D:0.784341268107745	D:0.0000784271750994574	D:0.000722918102509689	D:-0.0204731351372343	D:0.917629553286668	D:0.974896459825089	D:0.80481440324498	D:0.00415308944940106	D:0.140769449168807	D:6	S:TRUE	S:FALSE	S:TRUE	S:FALSE	S:ARRB2	S:TRUE	S:TRUE	S:TRUE
S:Cpne7	D:0.984201950796322	D:0.0000446715643904574	D:0.000464236568196004	D:0.0284833160759939	D:0.902013110883499	D:0.96888354768523	D:0.955718634720328	D:0.00419828782454718	D:0.140769449168807	D:6	S:TRUE	S:FALSE	S:TRUE	S:FALSE	S:CPNE7	S:TRUE	S:TRUE	S:TRUE
S:Dtx3	D:0.677090676121543	D:0.0000306457272442047	D:0.000341670551487924	D:0.0352581745575637	D:0.820322326877814	D:0.937579812373004	D:0.641832501563979	D:0.00420203642453763	D:0.140769449168807	D:6	S:TRUE	S:FALSE	S:TRUE	S:FALSE	S:DTX3	S:TRUE	S:TRUE	S:TRUE
S:Clk2	D:0.580406513609335	D:0.000000904690365862941	D:0.0000197967538882949	D:0.118292420114467	D:0.295574515860159	D:0.596512588158672	D:0.462114093494868	D:0.0042293281312881	D:0.140769449168807	D:6	S:TRUE	S:FALSE	S:TRUE	S:FALSE	S:CLK2	S:TRUE	S:TRUE	S:TRUE
S:Pxn	D:0.652668029457376	D:0.000059931970985246	D:0.000585235696670927	D:0.011938248589618	D:0.938312842729984	D:0.981663579259363	D:0.640729780867758	D:0.00423897429989066	D:0.140769449168807	D:6	S:TRUE	S:FALSE	S:TRUE	S:FALSE	S:PXN	S:TRUE	S:TRUE	S:TRUE
S:Adra2c	D:0.887328435284625	D:0.0000215128119424149	D:0.000262590760772102	D:0.0359566297189551	D:0.865820940974408	D:0.95573355554437	D:0.85137180556567	D:0.00424307438695897	D:0.140769449168807	D:6	S:TRUE	S:FALSE	S:TRUE	S:FALSE	S:ADRA2C	S:TRUE	S:TRUE	S:TRUE
S:Plekhn1	D:1.08919891598823	D:0.0000849791159396972	D:0.000767908448491515	D:0.0145591194955776	D:0.954291619463379	D:0.985768182129562	D:1.07463979649265	D:0.0042448762556333	D:0.140769449168807	D:6	S:TRUE	S:FALSE	S:TRUE	S:FALSE	S:PLEKHN1	S:TRUE	S:TRUE	S:TRUE
S:Sox10	D:0.799122592041386	D:0.00586019926374373	D:0.0204374449323063	D:-0.36857224936377	D:0.192283508751891	D:0.470521566691114	D:1.16769484140516	D:0.00427476402567662	D:0.14106356633976	D:6	S:TRUE	S:FALSE	S:TRUE	S:FALSE	S:SOX10	S:TRUE	S:TRUE	S:TRUE
S:Cdk4	D:0.43511049297371	D:0.0007358491495621	D:0.00414302959018315	D:-0.0866624752250642	D:0.50121087260745	D:0.772279948088639	D:0.521772968198774	D:0.00442459302014795	D:0.14106356633976	D:6	S:TRUE	S:FALSE	S:TRUE	S:FALSE	S:CDK4	S:TRUE	S:TRUE	S:TRUE
S:Fam116b	D:0.559281210367807	D:0.0026832150304154	D:0.0112725333786529	D:-0.186566655072677	D:0.304179300987905	D:0.60618589268304	D:0.745847865440484	D:0.00444830281150471	D:0.14106356633976	D:6	S:TRUE	S:FALSE	S:TRUE	S:FALSE	S:FAM116B	S:TRUE	S:TRUE	S:TRUE
S:Dgkq	D:0.357740599513149	D:0.000186007423157729	D:0.00142637415621978	D:-0.020441350109599	D:0.824213818846867	D:0.937947774956898	D:0.378181949622748	D:0.0044897998101565	D:0.14106356633976	D:6	S:TRUE	S:FALSE	S:TRUE	S:FALSE	S:DGKQ	S:TRUE	S:TRUE	S:TRUE
S:Nup85	D:0.455270957931749	D:0.0000690224983305514	D:0.000657966756507953	D:0.00209415200379847	D:0.984998083382755	D:0.994932121461868	D:0.45317680592795	D:0.00453791286472419	D:0.14106356633976	D:6	S:TRUE	S:FALSE	S:TRUE	S:FALSE	S:NUP85	S:TRUE	S:TRUE	S:TRUE
S:Orai2	D:0.429436859114528	D:0.00150290363645186	D:0.00720066434097636	D:-0.122987221815662	D:0.372890491395107	D:0.673726916622297	D:0.55242408093019	D:0.0045451120719946	D:0.14106356633976	D:6	S:TRUE	S:FALSE	S:TRUE	S:FALSE	S:ORAI2	S:TRUE	S:TRUE	S:TRUE
S:Josd2	D:0.704843054842412	D:0.00109941752269699	D:0.00571053835592348	D:-0.164286721053992	D:0.443614828504388	D:0.734998736007694	D:0.869129775896404	D:0.00454803366851779	D:0.14106356633976	D:6	S:TRUE	S:FALSE	S:TRUE	S:FALSE	S:JOSD2	S:TRUE	S:TRUE	S:TRUE
S:Bcl2l2	D:0.283058227749513	D:0.0000140808324225906	D:0.000186281901583875	D:0.0290209894631541	D:0.639936143482823	D:0.857418943982131	D:0.254037238286359	D:0.00456052970773274	D:0.14106356633976	D:6	S:TRUE	S:FALSE	S:TRUE	S:FALSE	S:BCL2L2	S:TRUE	S:TRUE	S:TRUE
S:Map4k2	D:0.472242494699709	D:0.00255518815401282	D:0.0108506398148406	D:-0.153250076121667	D:0.31636104011353	D:0.618325049745805	D:0.625492570821376	D:0.00456801229560855	D:0.14106356633976	D:6	S:TRUE	S:FALSE	S:TRUE	S:FALSE	S:MAP4K2	S:TRUE	S:TRUE	S:TRUE
S:C1qb	D:0.710039718262	D:0.00286529036665883	D:0.0118526070131527	D:-0.252307286981158	D:0.289443044276898	D:0.58998801353976	D:0.962347005243158	D:0.00459017922063638	D:0.14106356633976	D:6	S:TRUE	S:FALSE	S:TRUE	S:FALSE	S:C1QB	S:TRUE	S:TRUE	S:TRUE
S:Frmd8	D:0.588243009912523	D:0.00364534944803475	D:0.0141714206957191	D:-0.204303138433167	D:0.282453777018221	D:0.58219760054521	D:0.79254614834569	D:0.00462192995452463	D:0.14106356633976	D:6	S:TRUE	S:FALSE	S:TRUE	S:FALSE	S:FRMD8	S:TRUE	S:TRUE	S:TRUE
S:Fhod1	D:1.04780024850649	D:0.0000777735601603785	D:0.000719439966812169	D:0.0134521671501575	D:0.957301953450997	D:0.987353550769742	D:1.03434808135634	D:0.00462390876603735	D:0.14106356633976	D:6	S:TRUE	S:FALSE	S:TRUE	S:FALSE	S:FHOD1	S:TRUE	S:TRUE	S:TRUE
S:Olfml3	D:0.30342079502515	D:0.0124600297029583	D:0.0361771646088229	D:-0.199473867840109	D:0.116781007240018	D:0.348137083975968	D:0.502894662865259	D:0.00462883916605076	D:0.14106356633976	D:6	S:TRUE	S:FALSE	S:TRUE	S:FALSE	S:OLFML3	S:TRUE	S:TRUE	S:TRUE
S:Usp21	D:0.651292124293522	D:0.00000283815603182707	D:0.0000500489275860792	D:0.107615773792097	D:0.424810652094832	D:0.71925028482116	D:0.543676350501425	D:0.00462990156616298	D:0.14106356633976	D:6	S:TRUE	S:FALSE	S:TRUE	S:FALSE	S:USP21	S:TRUE	S:TRUE	S:TRUE
S:Ndor1	D:0.498173273855707	D:0.00395099795274469	D:0.0150966965061588	D:-0.202130170406503	D:0.24557123934613	D:0.54099079134063	D:0.700303444262209	D:0.00464778131499792	D:0.14106356633976	D:6	S:TRUE	S:FALSE	S:TRUE	S:FALSE	S:NDOR1	S:TRUE	S:TRUE	S:TRUE
S:Maf1	D:0.323222738778275	D:0.00565025211742094	D:0.0198783019776143	D:-0.146506202668034	D:0.207002103999767	D:0.49092302260054	D:0.469728941446309	D:0.00469744612224295	D:0.14106356633976	D:6	S:TRUE	S:FALSE	S:TRUE	S:FALSE	S:MAF1	S:TRUE	S:TRUE	S:TRUE
S:Gpt	D:1.17168558756728	D:0.0000265209712507002	D:0.000307848183373655	D:0.0968975388926123	D:0.709975087952334	D:0.891583259457114	D:1.07478804867466	D:0.00470878572504401	D:0.14106356633976	D:6	S:TRUE	S:FALSE	S:TRUE	S:FALSE	S:GPT	S:TRUE	S:TRUE	S:TRUE
S:Nde1	D:0.849351450977794	D:0.0000000843811039708128	D:0.00000282912096231755	D:0.252807894045644	D:0.0851883393078352	D:0.288810008597345	D:0.59654355693215	D:0.00474495868228234	D:0.14106356633976	D:6	S:TRUE	S:FALSE	S:TRUE	S:FALSE	S:NDE1	S:TRUE	S:TRUE	S:TRUE
S:Rpl7l1	D:0.477235028406422	D:0.0000000408332249049416	D:0.00000156943539610152	D:0.146236212725543	D:0.0776797367521241	D:0.273785517279949	D:0.330998815680879	D:0.00477809492894657	D:0.14106356633976	D:6	S:TRUE	S:FALSE	S:TRUE	S:FALSE	S:RPL7L1	S:TRUE	S:TRUE	S:TRUE
S:Mlec	D:0.549640186347739	D:0.000000000000000164223992565978	D:0.00000000000013225672885373	D:0.325123535090319	D:0.0000000538481314922919	D:0.00000506821208696126	D:0.22451665125742	D:0.00488489875721465	D:0.14106356633976	D:6	S:TRUE	S:TRUE	S:TRUE	S:FALSE	S:MLEC	S:TRUE	S:TRUE	S:TRUE
S:Ddx49	D:0.570260678449882	D:0.00170146638589386	D:0.00791417410336579	D:-0.164829881658625	D:0.373064475345145	D:0.673726916622297	D:0.735090560108507	D:0.00489303303992671	D:0.14106356633976	D:6	S:TRUE	S:FALSE	S:TRUE	S:FALSE	S:DDX49	S:TRUE	S:TRUE	S:TRUE
S:Zfp384	D:0.431578665149048	D:0.00000000226776237943762	D:0.000000145808721877915	D:0.164569134053952	D:0.014021209279411	D:0.0880049903133105	D:0.267009531095096	D:0.00492367606679387	D:0.14106356633976	D:6	S:TRUE	S:FALSE	S:TRUE	S:FALSE	S:ZFP384	S:TRUE	S:TRUE	S:TRUE
S:Erbb3	D:0.598495428303838	D:0.000748833919798078	D:0.00420157235422574	D:-0.100857677850613	D:0.559526178121035	D:0.810836050900562	D:0.699353106154452	D:0.00498318560597484	D:0.14106356633976	D:6	S:TRUE	S:FALSE	S:TRUE	S:FALSE	S:ERBB3	S:TRUE	S:TRUE	S:TRUE
S:C1ql2	D:0.917177796871646	D:0.0085709548211149	D:0.0273570169816342	D:-0.520120020629693	D:0.158378331271194	D:0.418534379002161	D:1.43729781750134	D:0.00503414496858745	D:0.14106356633976	D:6	S:TRUE	S:FALSE	S:TRUE	S:FALSE	S:C1QL2	S:TRUE	S:TRUE	S:TRUE
S:Wdr5	D:0.27688768415316	D:0.0000513937256349371	D:0.0005163830027783	D:0.0115251845788338	D:0.860817929604135	D:0.954074061012583	D:0.265362499574326	D:0.00508093594789028	D:0.14106356633976	D:6	S:TRUE	S:FALSE	S:TRUE	S:FALSE	S:WDR5	S:TRUE	S:TRUE	S:TRUE
S:Klhdc7a	D:0.470388729024903	D:0.000285112147501703	D:0.00198246203496511	D:-0.032317164928191	D:0.793798534796221	D:0.930339586874773	D:0.502705893953094	D:0.00512828677118469	D:0.14106356633976	D:6	S:TRUE	S:FALSE	S:TRUE	S:FALSE	S:KLHDC7A	S:TRUE	S:TRUE	S:TRUE
S:Clk3	D:0.645562057507688	D:0.0000000412263563481576	D:0.00000157872694015592	D:0.204550458545853	D:0.0650165210848349	D:0.244446244340595	D:0.441011598961835	D:0.00516009871903087	D:0.14106356633976	D:6	S:TRUE	S:FALSE	S:TRUE	S:FALSE	S:CLK3	S:TRUE	S:TRUE	S:TRUE
S:Rps6kb2	D:0.943823453050396	D:0.0000399889434655376	D:0.000424386687142947	D:0.0417354180808709	D:0.854265917033419	D:0.951161897351767	D:0.902088034969524	D:0.00517422868241143	D:0.14106356633976	D:6	S:TRUE	S:FALSE	S:TRUE	S:FALSE	S:RPS6KB2	S:TRUE	S:TRUE	S:TRUE
S:Ddx47	D:0.158911372111711	D:0.00656723530499575	D:0.0224080551223528	D:-0.0729160962379307	D:0.20775394924553	D:0.492006062873824	D:0.231827468349642	D:0.00521475213191452	D:0.14106356633976	D:6	S:TRUE	S:FALSE	S:TRUE	S:FALSE	S:DDX47	S:TRUE	S:TRUE	S:TRUE
S:Lct	D:1.26875594975745	D:0.0118764789897849	D:0.0349039934775734	D:-1.37785811756794	D:0.0814712962203785	D:0.281554419851182	D:2.64661406732539	D:0.00521627255069198	D:0.14106356633976	D:6	S:TRUE	S:FALSE	S:TRUE	S:FALSE	S:LCT	S:TRUE	S:TRUE	S:TRUE
S:Flcn	D:0.646722461476537	D:0.00000529679628960229	D:0.0000842740786443444	D:0.10263222137226	D:0.449241663203399	D:0.738112283537538	D:0.544090240104278	D:0.0052176613470619	D:0.14106356633976	D:6	S:TRUE	S:FALSE	S:TRUE	S:FALSE	S:FLCN	S:TRUE	S:TRUE	S:TRUE
S:Snx11	D:0.381486736100654	D:0.000390542196988867	D:0.00253293121035867	D:-0.0408124268192207	D:0.698803261878272	D:0.886935519253275	D:0.422299162919875	D:0.00522387392352431	D:0.14106356633976	D:6	S:TRUE	S:FALSE	S:TRUE	S:FALSE	S:SNX11	S:TRUE	S:TRUE	S:TRUE
S:Dok3	D:3.03017030164746	D:0.00000206351397680577	D:0.0000383909918327802	D:0.559966501072958	D:0.371351642280775	D:0.672220727878475	D:2.4702038005745	D:0.00526167388552091	D:0.14106356633976	D:6	S:TRUE	S:FALSE	S:TRUE	S:FALSE	S:DOK3	S:TRUE	S:TRUE	S:TRUE
S:Fth1	D:0.290308142358485	D:0.0089921516953458	D:0.0283981054628715	D:-0.149649639991761	D:0.173078507247236	D:0.442915713294013	D:0.439957782350247	D:0.00526540025014562	D:0.14106356633976	D:6	S:TRUE	S:FALSE	S:TRUE	S:FALSE	S:FTH1	S:TRUE	S:TRUE	S:TRUE
S:Pisd-Ps2	D:0.818653472902003	D:0.00477013295762208	D:0.0174600129806174	D:-0.23949070264847	D:0.320717617641039	D:0.621930254191832	D:1.05814417555047	D:0.00534854539844662	D:0.14106356633976	D:6	S:TRUE	S:FALSE	S:TRUE	S:FALSE	S:PISD-PS2	S:TRUE	S:TRUE	S:TRUE
S:Cyp26b1	D:1.52832099525063	D:0.000371220722121555	D:0.00243082672356545	D:-0.375970868620581	D:0.475164048322921	D:0.755773500050628	D:1.90429186387121	D:0.005352513503423	D:0.14106356633976	D:6	S:TRUE	S:FALSE	S:TRUE	S:FALSE	S:CYP26B1	S:TRUE	S:TRUE	S:TRUE
S:Cst3	D:0.452351289970465	D:0.00466939635820004	D:0.0171819709610262	D:-0.177155453663196	D:0.259798122205375	D:0.558561332016795	D:0.629506743633661	D:0.00535907557284809	D:0.14106356633976	D:6	S:TRUE	S:FALSE	S:TRUE	S:FALSE	S:CST3	S:TRUE	S:TRUE	S:TRUE
S:Ndrg1	D:0.396996194764841	D:0.0171386321858443	D:0.0457655083356061	D:-0.261340930541208	D:0.112608354785564	D:0.339782335876719	D:0.65833712530605	D:0.00537440039437822	D:0.14106356633976	D:6	S:TRUE	S:FALSE	S:TRUE	S:FALSE	S:NDRG1	S:TRUE	S:TRUE	S:TRUE
S:Sec24c	D:0.368276802968916	D:0.000000000449558606585259	D:0.0000000381733895070005	D:0.154785777895404	D:0.00434940214277629	D:0.0383532052939901	D:0.213491025073512	D:0.00539027729871767	D:0.14106356633976	D:6	S:TRUE	S:TRUE	S:TRUE	S:FALSE	S:SEC24C	S:TRUE	S:TRUE	S:TRUE
S:Dhx58	D:1.03661587786962	D:0.000891806570971786	D:0.00483301625558903	D:-0.14061439476716	D:0.619597460691843	D:0.847168174135762	D:1.17723027263678	D:0.0054073960445219	D:0.14106356633976	D:6	S:TRUE	S:FALSE	S:TRUE	S:FALSE	S:DHX58	S:TRUE	S:TRUE	S:TRUE
S:Tnxb	D:0.84814363107796	D:0.0162435720301947	D:0.0440530410345013	D:-0.551268037563945	D:0.117295843060853	D:0.349218151513269	D:1.39941166864191	D:0.00541804267388274	D:0.14106356633976	D:6	S:TRUE	S:FALSE	S:TRUE	S:FALSE	S:TNXB	S:TRUE	S:TRUE	S:TRUE
S:Dom3z	D:1.1835924009542	D:0.00000522858251218132	D:0.000083358544051348	D:0.193796078853228	D:0.434207144341049	D:0.727066621998148	D:0.989796322100975	D:0.00542810316505229	D:0.14106356633976	D:6	S:TRUE	S:FALSE	S:TRUE	S:FALSE	S:DOM3Z	S:TRUE	S:TRUE	S:TRUE
S:4933426m11rik	D:0.391383523905817	D:0.0000000109703943824825	D:0.000000534332214577631	D:0.139953024453715	D:0.0273468214648938	D:0.13912951434956	D:0.251430499452102	D:0.00544587764437521	D:0.14106356633976	D:6	S:TRUE	S:FALSE	S:TRUE	S:FALSE	S:4933426M11RIK	S:TRUE	S:TRUE	S:TRUE
S:Fam158a	D:0.312764256690021	D:0.00480429353560585	D:0.0175379164019406	D:-0.128058563215882	D:0.251233234096518	D:0.54745718961283	D:0.440822819905903	D:0.0054602650881861	D:0.14106356633976	D:6	S:TRUE	S:FALSE	S:TRUE	S:FALSE	S:FAM158A	S:TRUE	S:TRUE	S:TRUE
S:Abcb6	D:0.35863354426085	D:0.00168904712818017	D:0.00787046595010054	D:-0.0932455331237021	D:0.414661716199299	D:0.711238846623982	D:0.451879077384552	D:0.00546771112598242	D:0.14106356633976	D:6	S:TRUE	S:FALSE	S:TRUE	S:FALSE	S:ABCB6	S:TRUE	S:TRUE	S:TRUE
S:Cabp7	D:0.827487435121159	D:0.00110691341613861	D:0.00573993203244264	D:-0.159850547506474	D:0.516207242930606	D:0.782651330766404	D:0.987337982627633	D:0.0054775164658106	D:0.14106356633976	D:6	S:TRUE	S:FALSE	S:TRUE	S:FALSE	S:CABP7	S:TRUE	S:TRUE	S:TRUE
S:Vat1	D:0.605191197559111	D:0.0000995841206843418	D:0.000879317926473044	D:0.00972117321106846	D:0.947555612325284	D:0.984381320148971	D:0.595470024348043	D:0.0054915719775499	D:0.14106356633976	D:6	S:TRUE	S:FALSE	S:TRUE	S:FALSE	S:VAT1	S:TRUE	S:TRUE	S:TRUE
S:1300018i17rik	D:0.661114403909191	D:0.000210545799450621	D:0.00156571516926058	D:-0.0372382311663673	D:0.832947960401019	D:0.941336631703835	D:0.698352635075558	D:0.00549702620424358	D:0.14106356633976	D:6	S:TRUE	S:FALSE	S:TRUE	S:FALSE	S:1300018I17RIK	S:TRUE	S:TRUE	S:TRUE
S:Tmem214	D:0.777928322362182	D:0.0000088236407824021	D:0.000127295072561635	D:0.109567076050626	D:0.513554382378677	D:0.780541974705782	D:0.668361246311556	D:0.00549844546216806	D:0.14106356633976	D:6	S:TRUE	S:FALSE	S:TRUE	S:FALSE	S:TMEM214	S:TRUE	S:TRUE	S:TRUE
S:Lamb1	D:0.338388172092195	D:0.0115993741726655	D:0.0343431157994554	D:-0.207738819915977	D:0.142595633978517	D:0.394111831820334	D:0.546126992008172	D:0.00554228111251149	D:0.141722749757577	D:6	S:TRUE	S:FALSE	S:TRUE	S:FALSE	S:LAMB1	S:TRUE	S:TRUE	S:TRUE
S:Clasrp	D:0.675639063328866	D:0.00335200463167589	D:0.0133159726329276	D:-0.230697723308305	D:0.313319219678491	D:0.616208544084065	D:0.906336786637171	D:0.00559341580504835	D:0.142331479703706	D:6	S:TRUE	S:FALSE	S:TRUE	S:FALSE	S:CLASRP	S:TRUE	S:TRUE	S:TRUE
S:Bin1	D:0.535807824521644	D:0.000732222822524934	D:0.00412707409059508	D:-0.0782944897178091	D:0.611307851694616	D:0.841944813557998	D:0.614102314239453	D:0.00570150262061108	D:0.143677866039399	D:6	S:TRUE	S:FALSE	S:TRUE	S:FALSE	S:BIN1	S:TRUE	S:TRUE	S:TRUE
S:Porcn	D:0.399792012079362	D:0.00439203143203826	D:0.0163695369976541	D:-0.158326125322325	D:0.267972480677308	D:0.566243175291081	D:0.558118137401687	D:0.00571179857329831	D:0.143705540916607	D:6	S:TRUE	S:FALSE	S:TRUE	S:FALSE	S:PORCN	S:TRUE	S:TRUE	S:TRUE
S:Gdi1	D:0.118157909989575	D:0.00673047787570119	D:0.0228403532428227	D:-0.0522666805956273	D:0.223327216641784	D:0.51226504674656	D:0.170424590585203	D:0.00574162004104229	D:0.14390416909023	D:6	S:TRUE	S:FALSE	S:TRUE	S:FALSE	S:GDI1	S:TRUE	S:TRUE	S:TRUE
S:Adamts10	D:0.804484045350205	D:0.0000914717678893319	D:0.000817319386983355	D:0.00381427613741003	D:0.98510631506615	D:0.994977119826331	D:0.800669769212795	D:0.00574899247769234	D:0.14390416909023	D:6	S:TRUE	S:FALSE	S:TRUE	S:FALSE	S:ADAMTS10	S:TRUE	S:TRUE	S:TRUE
S:Prkcd	D:0.870535686852428	D:0.0068016068048624	D:0.0230067773802057	D:-0.404501874181046	D:0.214569003545608	D:0.501036719702857	D:1.27503756103347	D:0.00576706186972294	D:0.14390416909023	D:6	S:TRUE	S:FALSE	S:TRUE	S:FALSE	S:PRKCD	S:TRUE	S:TRUE	S:TRUE
S:Slc50a1	D:0.631010289912067	D:0.000336939336671282	D:0.00226228628970868	D:-0.0547345444144835	D:0.753393969819709	D:0.911003353983557	D:0.685744834326551	D:0.0057701353208162	D:0.14390416909023	D:6	S:TRUE	S:FALSE	S:TRUE	S:FALSE	S:SLC50A1	S:TRUE	S:TRUE	S:TRUE
S:Hpca	D:0.337796748043452	D:0.0156516451748091	D:0.0428835358502257	D:-0.210447649212631	D:0.129371285851576	D:0.371357150495136	D:0.548244397256083	D:0.0058167748012878	D:0.143938570203712	D:6	S:TRUE	S:FALSE	S:TRUE	S:FALSE	S:HPCA	S:TRUE	S:TRUE	S:TRUE
S:Pabpn1	D:0.801848982659868	D:0.0000000762555454974685	D:0.00000261849811615923	D:0.253271451842205	D:0.0684753797835643	D:0.251976493755978	D:0.548577530817663	D:0.0058423411246829	D:0.143938570203712	D:6	S:TRUE	S:FALSE	S:TRUE	S:FALSE	S:PABPN1	S:TRUE	S:TRUE	S:TRUE
S:Hps4	D:0.647857211523674	D:0.00000201201720064605	D:0.0000376927538883619	D:0.135819815776732	D:0.295187030809443	D:0.596138461198088	D:0.512037395746943	D:0.0058882542910085	D:0.144197625458804	D:6	S:TRUE	S:FALSE	S:TRUE	S:FALSE	S:HPS4	S:TRUE	S:TRUE	S:TRUE
S:Gsn	D:0.613155152579344	D:0.0130504395497146	D:0.0374418715896872	D:-0.378948779508624	D:0.141672650960672	D:0.392185240717495	D:0.992103932087967	D:0.00590778839497738	D:0.144410042444989	D:6	S:TRUE	S:FALSE	S:TRUE	S:FALSE	S:GSN	S:TRUE	S:TRUE	S:TRUE
S:Tagln2	D:0.542815516580324	D:0.000535999492163895	D:0.00324591320370879	D:-0.072505199317134	D:0.646401243051943	D:0.860274706193009	D:0.615320715897458	D:0.00591541392503793	D:0.144410042444989	D:6	S:TRUE	S:FALSE	S:TRUE	S:FALSE	S:TAGLN2	S:TRUE	S:TRUE	S:TRUE
S:Brd9	D:0.307277127474852	D:0.0000307251706919715	D:0.000342159705553359	D:0.0274402179924342	D:0.697909562010567	D:0.88664817382439	D:0.279836909482418	D:0.00595861796624897	D:0.144845072087959	D:6	S:TRUE	S:FALSE	S:TRUE	S:FALSE	S:BRD9	S:TRUE	S:TRUE	S:TRUE
S:Tprn	D:0.584359703485766	D:0.0142000094451649	D:0.0398671963290668	D:-0.357060814897162	D:0.13925697675131	D:0.388457597707994	D:0.941420518382928	D:0.00597031659143917	D:0.144845072087959	D:6	S:TRUE	S:FALSE	S:TRUE	S:FALSE	S:TPRN	S:TRUE	S:TRUE	S:TRUE
S:Cotl1	D:0.947130966713169	D:0.000132276598005257	D:0.001092330638073	D:-0.0117798820629478	D:0.961739450969951	D:0.988957297746118	D:0.958910848776117	D:0.00601926324173759	D:0.144951213515946	D:6	S:TRUE	S:FALSE	S:TRUE	S:FALSE	S:COTL1	S:TRUE	S:TRUE	S:TRUE
S:Toe1	D:0.382447515679181	D:0.00303661191266915	D:0.0123774896225754	D:-0.120820506182332	D:0.346691849895789	D:0.648242396214912	D:0.503268021861513	D:0.00604838251825246	D:0.144951213515946	D:6	S:TRUE	S:FALSE	S:TRUE	S:FALSE	S:TOE1	S:TRUE	S:TRUE	S:TRUE
S:Fbln1	D:0.647965500317543	D:0.00304695301335096	D:0.0124037503597174	D:-0.209006543636298	D:0.341277141306616	D:0.642345989130776	D:0.85697204395384	D:0.00604894162481722	D:0.144951213515946	D:6	S:TRUE	S:FALSE	S:TRUE	S:FALSE	S:FBLN1	S:TRUE	S:TRUE	S:TRUE
S:Rab40c	D:0.706828215649326	D:0.0000819490413473413	D:0.0007470080641837	D:0.0081266508805764	D:0.964108022659698	D:0.989251824245506	D:0.698701564768749	D:0.00605474632881026	D:0.144951213515946	D:6	S:TRUE	S:FALSE	S:TRUE	S:FALSE	S:RAB40C	S:TRUE	S:TRUE	S:TRUE
S:Tlr5	D:0.766428252637659	D:0.0124642650466778	D:0.0361771646088229	D:-0.438318499430937	D:0.155483601152363	D:0.413423380599815	D:1.2047467520686	D:0.00606746631076734	D:0.144951213515946	D:6	S:TRUE	S:FALSE	S:TRUE	S:FALSE	S:TLR5	S:TRUE	S:TRUE	S:TRUE
S:Plxnb3	D:0.788739433392115	D:0.00115784937458229	D:0.00592928175302319	D:-0.124445664422434	D:0.581226043298751	D:0.82284710432492	D:0.913185097814549	D:0.00609412043699889	D:0.145144112359254	D:6	S:TRUE	S:FALSE	S:TRUE	S:FALSE	S:PLXNB3	S:TRUE	S:TRUE	S:TRUE
S:Map4k4	D:0.199995784996864	D:0.00890809456112345	D:0.0282026483126632	D:-0.0970172266344349	D:0.198943655288101	D:0.480444600098877	D:0.297013011631299	D:0.006142721604586	D:0.145389906332526	D:6	S:TRUE	S:FALSE	S:TRUE	S:FALSE	S:MAP4K4	S:TRUE	S:TRUE	S:TRUE
S:Gba	D:0.55841665264696	D:0.00000148375728227458	D:0.0000294939233820076	D:0.123914302584093	D:0.265079876041926	D:0.563762430327302	D:0.434502350062867	D:0.00614984763591167	D:0.145389906332526	D:6	S:TRUE	S:FALSE	S:TRUE	S:FALSE	S:GBA	S:TRUE	S:TRUE	S:TRUE
S:Gng7	D:0.336960372009443	D:0.00318289587031622	D:0.012806995899516	D:-0.105455945011382	D:0.349000436018878	D:0.650417506053491	D:0.442416317020825	D:0.00616957935858068	D:0.145389906332526	D:6	S:TRUE	S:FALSE	S:TRUE	S:FALSE	S:GNG7	S:TRUE	S:TRUE	S:TRUE
S:Phkg1	D:0.424191841598512	D:0.00588059174767535	D:0.0204948394971402	D:-0.177218680539615	D:0.251144345365087	D:0.54745718961283	D:0.601410522138127	D:0.00623017705259048	D:0.145576212207728	D:6	S:TRUE	S:FALSE	S:TRUE	S:FALSE	S:PHKG1	S:TRUE	S:TRUE	S:TRUE
S:Spns2	D:0.888322669159352	D:0.000000250014169854944	D:0.00000696366246476815	D:0.259448131745193	D:0.104448571597735	D:0.325794466488923	D:0.628874537414159	D:0.00628140614212317	D:0.145982959663709	D:6	S:TRUE	S:FALSE	S:TRUE	S:FALSE	S:SPNS2	S:TRUE	S:TRUE	S:TRUE
S:Slc46a1	D:0.843823006498707	D:0.00000665297745082701	D:0.000100820678653464	D:0.139246019796724	D:0.440062693829682	D:0.7315604160286	D:0.704576986701984	D:0.00628685088710627	D:0.145982959663709	D:6	S:TRUE	S:FALSE	S:TRUE	S:FALSE	S:SLC46A1	S:TRUE	S:TRUE	S:TRUE
S:Tarbp2	D:0.614829903350775	D:0.00188473006178721	D:0.00856516069964031	D:-0.144977336786239	D:0.454219591366727	D:0.741947401517381	D:0.759807240137014	D:0.00637664090975314	D:0.147120575050599	D:6	S:TRUE	S:FALSE	S:TRUE	S:FALSE	S:TARBP2	S:TRUE	S:TRUE	S:TRUE
S:Nudt8	D:0.6776313378538	D:0.00385674970153453	D:0.0148090089301488	D:-0.218435199306947	D:0.335346099464143	D:0.636860028932512	D:0.896066537160747	D:0.00637977938980848	D:0.147120575050599	D:6	S:TRUE	S:FALSE	S:TRUE	S:FALSE	S:NUDT8	S:TRUE	S:TRUE	S:TRUE
S:Klhl17	D:0.661665989136937	D:0.000271414359136672	D:0.00190901188749258	D:-0.0367522378022818	D:0.837949429506488	D:0.943984561728269	D:0.698418226939219	D:0.00638909896592129	D:0.147120575050599	D:6	S:TRUE	S:FALSE	S:TRUE	S:FALSE	S:KLHL17	S:TRUE	S:TRUE	S:TRUE
S:Miip	D:0.670991007864403	D:0.00406779642462955	D:0.0154222886043223	D:-0.241371157020127	D:0.307319159023029	D:0.609204389552318	D:0.91236216488453	D:0.00643559013678485	D:0.14739690259963	D:6	S:TRUE	S:FALSE	S:TRUE	S:FALSE	S:MIIP	S:TRUE	S:TRUE	S:TRUE
S:Sirt7	D:0.868554785946418	D:0.000000609416626506191	D:0.0000143829688406839	D:0.223703822148106	D:0.178344719563702	D:0.449573717080232	D:0.644850963798311	D:0.00645980612479823	D:0.14739690259963	D:6	S:TRUE	S:FALSE	S:TRUE	S:FALSE	S:SIRT7	S:TRUE	S:TRUE	S:TRUE
S:Ssr4	D:0.353496589880671	D:0.000916799957734533	D:0.00494616109794348	D:-0.060476377070926	D:0.573037249205331	D:0.81980174571589	D:0.413972966951597	D:0.00646686330986802	D:0.14739690259963	D:6	S:TRUE	S:FALSE	S:TRUE	S:FALSE	S:SSR4	S:TRUE	S:TRUE	S:TRUE
S:Spns1	D:0.766200058197742	D:0.000482630856412136	D:0.00300064643875177	D:-0.083835480816929	D:0.703674588668872	D:0.889016559762423	D:0.850035539014671	D:0.0064717278023135	D:0.14739690259963	D:6	S:TRUE	S:FALSE	S:TRUE	S:FALSE	S:SPNS1	S:TRUE	S:TRUE	S:TRUE
S:Limk2	D:0.511877508486556	D:0.00000969260066097454	D:0.000136923320729716	D:0.0802862481184832	D:0.4662381528399	D:0.749533939903483	D:0.431591260368073	D:0.00648365319358173	D:0.147453562585911	D:6	S:TRUE	S:FALSE	S:TRUE	S:FALSE	S:LIMK2	S:TRUE	S:TRUE	S:TRUE
S:Dlec1	D:0.767141340250018	D:0.00199996925524589	D:0.00896371762592137	D:-0.225356532859119	D:0.393292190110442	D:0.693621986486685	D:0.992497873109137	D:0.00652024817130098	D:0.147982715694523	D:6	S:TRUE	S:FALSE	S:TRUE	S:FALSE	S:DLEC1	S:TRUE	S:TRUE	S:TRUE
S:Carhsp1	D:0.584856846768669	D:0.000918178858321219	D:0.00495189039779452	D:-0.0801838713285603	D:0.63329286195242	D:0.854379386507608	D:0.665040718097229	D:0.00657142427540832	D:0.148584562777105	D:6	S:TRUE	S:FALSE	S:TRUE	S:FALSE	S:CARHSP1	S:TRUE	S:TRUE	S:TRUE
S:Spry1	D:0.444424887868708	D:0.00115324442711004	D:0.00591151277203652	D:-0.086053787178004	D:0.532918695518206	D:0.794000184279459	D:0.530478675046713	D:0.00660272872597658	D:0.148647022499507	D:6	S:TRUE	S:FALSE	S:TRUE	S:FALSE	S:SPRY1	S:TRUE	S:TRUE	S:TRUE
S:Plin3	D:0.487069296803653	D:0.0102926388275062	D:0.0313596312482365	D:-0.232099089558265	D:0.201363063401842	D:0.483642813618813	D:0.719168386361918	D:0.00663860703028251	D:0.149025281955652	D:6	S:TRUE	S:FALSE	S:TRUE	S:FALSE	S:PLIN3	S:TRUE	S:TRUE	S:TRUE
S:Arhgef1	D:1.00637830125559	D:0.000185699099097628	D:0.00142573106845274	D:-0.0140508591539907	D:0.957254247131259	D:0.987353550769742	D:1.02042916040958	D:0.00665829703976073	D:0.149074103024511	D:6	S:TRUE	S:FALSE	S:TRUE	S:FALSE	S:ARHGEF1	S:TRUE	S:TRUE	S:TRUE
S:Elp2	D:0.101311463589844	D:0.0048158115401285	D:0.0175635479698804	D:-0.0363887513825514	D:0.302663623287439	D:0.603935689686201	D:0.137700214972395	D:0.00666394458579379	D:0.149074103024511	D:6	S:TRUE	S:FALSE	S:TRUE	S:FALSE	S:ELP2	S:TRUE	S:TRUE	S:TRUE
S:Ifi30	D:0.801379593562517	D:0.00575729594190372	D:0.0201460227987243	D:-0.304994124147349	D:0.280118592226158	D:0.579755316590474	D:1.10637371770987	D:0.00669707111901216	D:0.149478627376351	D:6	S:TRUE	S:FALSE	S:TRUE	S:FALSE	S:IFI30	S:TRUE	S:TRUE	S:TRUE
S:Zfp358	D:0.365928562418289	D:0.0184503892580524	D:0.0481732756964924	D:-0.242430743039508	D:0.128036431544492	D:0.369017009122145	D:0.608359305457797	D:0.00673036747747022	D:0.149580741775241	D:6	S:TRUE	S:FALSE	S:TRUE	S:FALSE	S:ZFP358	S:TRUE	S:TRUE	S:TRUE
S:Taf6	D:0.503382500441175	D:0.000245338733329202	D:0.00177215551064977	D:-0.0180634731750118	D:0.893207021572089	D:0.965909918676794	D:0.521445973616187	D:0.00675203100005631	D:0.149636499779971	D:6	S:TRUE	S:FALSE	S:TRUE	S:FALSE	S:TAF6	S:TRUE	S:TRUE	S:TRUE
S:Phkg2	D:0.441790612049409	D:0.0000570927052805139	D:0.000563254468818743	D:0.0264088403991423	D:0.806229534361405	D:0.934404644390811	D:0.415381771650266	D:0.00677903788986518	D:0.150022220950784	D:6	S:TRUE	S:FALSE	S:TRUE	S:FALSE	S:PHKG2	S:TRUE	S:TRUE	S:TRUE
S:Gm15265	D:0.692185304188618	D:0.00311449869078201	D:0.0126031928372904	D:-0.17187422982999	D:0.42268271972752	D:0.717854633319913	D:0.864059534018607	D:0.00682266270398587	D:0.150575149674956	D:6	S:TRUE	S:FALSE	S:TRUE	S:FALSE	S:GM15265	S:TRUE	S:TRUE	S:TRUE
S:Plch2	D:0.789750415534397	D:0.0000653591655585627	D:0.000627509634925092	D:0.0494256900055765	D:0.79493746049812	D:0.93037166595925	D:0.74032472552882	D:0.00684257272588445	D:0.150575149674956	D:6	S:TRUE	S:FALSE	S:TRUE	S:FALSE	S:PLCH2	S:TRUE	S:TRUE	S:TRUE
S:Naa10	D:0.389151078236741	D:0.00236181334640692	D:0.01020773768306	D:-0.0999096907998611	D:0.428996383102295	D:0.723073655193457	D:0.489060769036602	D:0.00687540333913508	D:0.150661012301047	D:6	S:TRUE	S:FALSE	S:TRUE	S:FALSE	S:NAA10	S:TRUE	S:TRUE	S:TRUE
S:Cbr3	D:0.547841982025447	D:0.00316116400276518	D:0.0127491033503364	D:-0.147167967770836	D:0.404139086634787	D:0.70182907433345	D:0.695009949796283	D:0.00699442342742449	D:0.151568476602053	D:6	S:TRUE	S:FALSE	S:TRUE	S:FALSE	S:CBR3	S:TRUE	S:TRUE	S:TRUE
S:Pdcl3	D:0.326726956176835	D:0.00000469651141218439	D:0.0000757257939153446	D:0.0627740427216028	D:0.359173405676262	D:0.660591558597518	D:0.263952913455232	D:0.00700850318930666	D:0.151663232451146	D:6	S:TRUE	S:FALSE	S:TRUE	S:FALSE	S:PDCL3	S:TRUE	S:TRUE	S:TRUE
S:Rpp21	D:0.668478049220594	D:0.0027967801938968	D:0.0116246059455822	D:-0.203954957523612	D:0.377705249752633	D:0.679008954336111	D:0.872433006744206	D:0.0070601567033691	D:0.151939240128704	D:6	S:TRUE	S:FALSE	S:TRUE	S:FALSE	S:RPP21	S:TRUE	S:TRUE	S:TRUE
S:Rasgrp4	D:0.518666296915489	D:0.0109073513940708	D:0.0327850054215011	D:-0.268809240491896	D:0.192906440577951	D:0.471385613787934	D:0.787475537407385	D:0.00710101325388203	D:0.1522806970832	D:6	S:TRUE	S:FALSE	S:TRUE	S:FALSE	S:RASGRP4	S:TRUE	S:TRUE	S:TRUE
S:Dvl2	D:0.634028401319937	D:0.000592213126546139	D:0.00351948949758724	D:-0.0683580120358012	D:0.709112567221817	D:0.891583259457114	D:0.702386413355738	D:0.0071148136863682	D:0.1522806970832	D:6	S:TRUE	S:FALSE	S:TRUE	S:FALSE	S:DVL2	S:TRUE	S:TRUE	S:TRUE
S:Arhgef25	D:0.319149628051576	D:0.000560606699950832	D:0.00336364019970499	D:-0.0286767457875969	D:0.749192960361075	D:0.909721832026225	D:0.347826373839172	D:0.00711500952833689	D:0.1522806970832	D:6	S:TRUE	S:FALSE	S:TRUE	S:FALSE	S:ARHGEF25	S:TRUE	S:TRUE	S:TRUE
S:Sdccag3	D:0.463283000402638	D:0.00000119849799935018	D:0.0000247689586532371	D:0.116206297669617	D:0.198320981396891	D:0.47943169013539	D:0.347076702733021	D:0.00730642236910947	D:0.153412649358263	D:6	S:TRUE	S:FALSE	S:TRUE	S:FALSE	S:SDCCAG3	S:TRUE	S:TRUE	S:TRUE
S:Hdac10	D:0.888201875159153	D:0.00100854972278306	D:0.00531273798677093	D:-0.133723492751843	D:0.616272564322019	D:0.844840093442768	D:1.021925367911	D:0.00736554227629644	D:0.153975050529577	D:6	S:TRUE	S:FALSE	S:TRUE	S:FALSE	S:HDAC10	S:TRUE	S:TRUE	S:TRUE
S:Vps37c	D:0.680226504745708	D:0.000050193563918558	D:0.000507997438931108	D:0.0519833150382647	D:0.752438843820359	D:0.910755725685545	D:0.628243189707443	D:0.00737639938236444	D:0.153975050529577	D:6	S:TRUE	S:FALSE	S:TRUE	S:FALSE	S:VPS37C	S:TRUE	S:TRUE	S:TRUE
S:Wipf3	D:0.782337883311413	D:0.000000221817072508933	D:0.00000625572191494506	D:0.239415252158678	D:0.091278444926155	D:0.302019149412589	D:0.542922631152735	D:0.00739646016395181	D:0.153975050529577	D:6	S:TRUE	S:FALSE	S:TRUE	S:FALSE	S:WIPF3	S:TRUE	S:TRUE	S:TRUE
S:Taf6l	D:0.686016828166066	D:0.0080012308361113	D:0.0260548625642774	D:-0.308185204637052	D:0.239725506307782	D:0.532900766497699	D:0.994202032803118	D:0.00740113050100567	D:0.153975050529577	D:6	S:TRUE	S:FALSE	S:TRUE	S:FALSE	S:TAF6L	S:TRUE	S:TRUE	S:TRUE
S:Fam193b	D:0.912669585829066	D:0.0000711391744357295	D:0.000672400763087621	D:0.0502617018544926	D:0.824630861409824	D:0.937947774956898	D:0.862407883974574	D:0.00744029474627131	D:0.154267017060736	D:6	S:TRUE	S:FALSE	S:TRUE	S:FALSE	S:FAM193B	S:TRUE	S:TRUE	S:TRUE
S:Llgl1	D:0.790795411536102	D:0.00155009567362872	D:0.00736904818961094	D:-0.160926398122882	D:0.520519093645744	D:0.785103168550504	D:0.951721809658984	D:0.00744751083520152	D:0.154267017060736	D:6	S:TRUE	S:FALSE	S:TRUE	S:FALSE	S:LLGL1	S:TRUE	S:TRUE	S:TRUE
S:Abhd4	D:0.331368997763824	D:0.00636214770049065	D:0.021846636411531	D:-0.12921231383146	D:0.282947273133675	D:0.582984069028161	D:0.460581311595284	D:0.00749881022366769	D:0.154267017060736	D:6	S:TRUE	S:FALSE	S:TRUE	S:FALSE	S:ABHD4	S:TRUE	S:TRUE	S:TRUE
S:Wbp1	D:0.883427225160892	D:0.000028330739113261	D:0.000323803561013599	D:0.0870797514470558	D:0.681094658174874	D:0.880311550066361	D:0.796347473713836	D:0.00750018116881339	D:0.154267017060736	D:6	S:TRUE	S:FALSE	S:TRUE	S:FALSE	S:WBP1	S:TRUE	S:TRUE	S:TRUE
S:Kif1c	D:0.388219290452016	D:0.00613825899351612	D:0.0211989740306578	D:-0.146408455328387	D:0.292490407943891	D:0.593620849602415	D:0.534627745780402	D:0.00751390168863416	D:0.154267017060736	D:6	S:TRUE	S:FALSE	S:TRUE	S:FALSE	S:KIF1C	S:TRUE	S:TRUE	S:TRUE
S:Relb	D:0.875522220988713	D:0.000521878371633583	D:0.00317764133998562	D:-0.0709762517197033	D:0.774128147872221	D:0.921522147227092	D:0.946498472708416	D:0.00755258477608588	D:0.154296384046446	D:6	S:TRUE	S:FALSE	S:TRUE	S:FALSE	S:RELB	S:TRUE	S:TRUE	S:TRUE
S:Pisd	D:0.313939949101572	D:0.00601958632745941	D:0.0208768072764097	D:-0.107766583314953	D:0.315078443872693	D:0.617389522248716	D:0.421706532416525	D:0.00755264090405367	D:0.154296384046446	D:6	S:TRUE	S:FALSE	S:TRUE	S:FALSE	S:PISD	S:TRUE	S:TRUE	S:TRUE
S:Scnm1	D:0.35966766677874	D:0.00061861883585732	D:0.00363524883434606	D:-0.0358880384637419	D:0.73053683236333	D:0.900072764644747	D:0.395555705242482	D:0.00770479894991458	D:0.154579227878501	D:6	S:TRUE	S:FALSE	S:TRUE	S:FALSE	S:SCNM1	S:TRUE	S:TRUE	S:TRUE
S:Recql5	D:0.530853418756438	D:0.000135169033945734	D:0.00111307751792486	D:0.0110785022919448	D:0.935564830302002	D:0.980450357734346	D:0.519774916464494	D:0.00773148792030678	D:0.154579227878501	D:6	S:TRUE	S:FALSE	S:TRUE	S:FALSE	S:RECQL5	S:TRUE	S:TRUE	S:TRUE
S:Lrrc10b	D:1.71507720797454	D:0.00420643365295881	D:0.0158174053896098	D:-0.902875113605238	D:0.240583753685774	D:0.533872228394739	D:2.61795232157978	D:0.007759327734254	D:0.154579227878501	D:6	S:TRUE	S:FALSE	S:TRUE	S:FALSE	S:LRRC10B	S:TRUE	S:TRUE	S:TRUE
S:Ring1	D:0.772057904336909	D:0.000285716637961264	D:0.00198489851111906	D:-0.0312602132929456	D:0.8835061054171	D:0.962816446330249	D:0.803318117629854	D:0.0077738623676978	D:0.154579227878501	D:6	S:TRUE	S:FALSE	S:TRUE	S:FALSE	S:RING1	S:TRUE	S:TRUE	S:TRUE
S:Pick1	D:0.539972784341922	D:0.0000169481149897307	D:0.000216869245372279	D:0.0780418472796569	D:0.521032242145096	D:0.785108956491703	D:0.461930937062265	D:0.00779698621562034	D:0.154579227878501	D:6	S:TRUE	S:FALSE	S:TRUE	S:FALSE	S:PICK1	S:TRUE	S:TRUE	S:TRUE
S:Shisa6	D:0.558543858704264	D:0.0169921767096967	D:0.0454910047178961	D:-0.335561236645074	D:0.157396518200418	D:0.416948660624505	D:0.894105095349339	D:0.00782077084021411	D:0.154579227878501	D:6	S:TRUE	S:FALSE	S:TRUE	S:FALSE	S:SHISA6	S:TRUE	S:TRUE	S:TRUE
S:2010300c02rik	D:0.420800347835877	D:0.00482235519928697	D:0.0175792061674428	D:-0.139511592851051	D:0.341240591246171	D:0.642345989130776	D:0.560311940686928	D:0.00782137933443714	D:0.154579227878501	D:6	S:TRUE	S:FALSE	S:TRUE	S:FALSE	S:2010300C02RIK	S:TRUE	S:TRUE	S:TRUE
S:Bst2	D:0.734363050963692	D:0.0157343985094131	D:0.0430532823662121	D:-0.448432566044437	D:0.16014987319396	D:0.42124269676472	D:1.18279561700813	D:0.00782218798698618	D:0.154579227878501	D:6	S:TRUE	S:FALSE	S:TRUE	S:FALSE	S:BST2	S:TRUE	S:TRUE	S:TRUE
S:Cgn	D:0.464827955277966	D:0.00364511405386643	D:0.0141714206957191	D:-0.126989439147845	D:0.407258562864176	D:0.704652025048714	D:0.591817394425811	D:0.00790891535329934	D:0.154848237443545	D:6	S:TRUE	S:FALSE	S:TRUE	S:FALSE	S:CGN	S:TRUE	S:TRUE	S:TRUE
S:2610002j02rik	D:0.411980883478069	D:0.0167274559956914	D:0.0449228683911226	D:-0.243820832004063	D:0.162012880796176	D:0.424296087358219	D:0.655801715482133	D:0.00796640483385836	D:0.155335138787221	D:6	S:TRUE	S:FALSE	S:TRUE	S:FALSE	S:2610002J02RIK	S:TRUE	S:TRUE	S:TRUE
S:Nod1	D:0.894128303691177	D:0.000181876451418045	D:0.00140196128333338	D:0.0120086097397916	D:0.958683448771755	D:0.987699980455648	D:0.882119693951385	D:0.00802951465546857	D:0.155335138787221	D:6	S:TRUE	S:FALSE	S:TRUE	S:FALSE	S:NOD1	S:TRUE	S:TRUE	S:TRUE
S:Rpl10a	D:0.592706346758189	D:0.000171579768071058	D:0.00134374049941965	D:0.000772331612746147	D:0.996100036212452	D:0.998556235290974	D:0.591934015145443	D:0.00803081587145975	D:0.155335138787221	D:6	S:TRUE	S:FALSE	S:TRUE	S:FALSE	S:RPL10A	S:TRUE	S:TRUE	S:TRUE
S:Ubl5	D:0.405782938401759	D:0.00146061948777814	D:0.00704778223503574	D:-0.0729886921023963	D:0.565117610742597	D:0.815196893199366	D:0.478771630504156	D:0.00807375204038407	D:0.155335138787221	D:6	S:TRUE	S:FALSE	S:TRUE	S:FALSE	S:UBL5	S:TRUE	S:TRUE	S:TRUE
S:Fez1	D:0.186547931153119	D:0.00173150852737247	D:0.00801810587779119	D:-0.034828164500059	D:0.548821065717525	D:0.803483914052719	D:0.221376095653178	D:0.00809317796169507	D:0.155335138787221	D:6	S:TRUE	S:FALSE	S:TRUE	S:FALSE	S:FEZ1	S:TRUE	S:TRUE	S:TRUE
S:Mesdc2	D:0.138908306001778	D:0.0114754481085574	D:0.0340766507354444	D:-0.0677111087820181	D:0.21493455910571	D:0.501663811094653	D:0.206619414783796	D:0.00814365479175431	D:0.155373741417554	D:6	S:TRUE	S:FALSE	S:TRUE	S:FALSE	S:MESDC2	S:TRUE	S:TRUE	S:TRUE
S:Piwil2	D:1.26845626991624	D:0.000000367126568805112	D:0.00000943070590601494	D:0.384074628730909	D:0.099264482689155	D:0.317126927997777	D:0.884381641185327	D:0.0081573329999984	D:0.155373741417554	D:6	S:TRUE	S:FALSE	S:TRUE	S:FALSE	S:PIWIL2	S:TRUE	S:TRUE	S:TRUE
S:Ubxn11	D:0.78073302625366	D:0.00270104322444213	D:0.0113200373762564	D:-0.209076392610686	D:0.432382776021885	D:0.725856719949063	D:0.989809418864346	D:0.00823739858115721	D:0.155373741417554	D:6	S:TRUE	S:FALSE	S:TRUE	S:FALSE	S:UBXN11	S:TRUE	S:TRUE	S:TRUE
S:Mapk7	D:0.533774919910988	D:0.00955636136782985	D:0.0296895187931942	D:-0.247766203874618	D:0.236101052685544	D:0.528505223680992	D:0.781541123785605	D:0.00824548100386941	D:0.155373741417554	D:6	S:TRUE	S:FALSE	S:TRUE	S:FALSE	S:MAPK7	S:TRUE	S:TRUE	S:TRUE
S:Resp18	D:0.362868934987485	D:0.000593096170414806	D:0.00352205798805052	D:-0.0278689787285273	D:0.786895694708382	D:0.927953682098555	D:0.390737913716012	D:0.00827883856135619	D:0.155373741417554	D:6	S:TRUE	S:FALSE	S:TRUE	S:FALSE	S:RESP18	S:TRUE	S:TRUE	S:TRUE
S:Cpt2	D:0.421397199299706	D:0.00733267278033132	D:0.0244016356804891	D:-0.170910871099444	D:0.278792912094056	D:0.578303701346838	D:0.592308070399149	D:0.00829444070553218	D:0.155373741417554	D:6	S:TRUE	S:FALSE	S:TRUE	S:FALSE	S:CPT2	S:TRUE	S:TRUE	S:TRUE
S:Ubiad1	D:0.480579594566228	D:0.0000756847537954288	D:0.000705548086694379	D:0.0282280747009502	D:0.816224663509618	D:0.936302494144988	D:0.452351519865278	D:0.00830967041105637	D:0.155373741417554	D:6	S:TRUE	S:FALSE	S:TRUE	S:FALSE	S:UBIAD1	S:TRUE	S:TRUE	S:TRUE
S:Rfxank	D:0.433917199893487	D:0.00785551885802075	D:0.0256820729520226	D:-0.179327202732952	D:0.271269631216496	D:0.569820610430958	D:0.613244402626438	D:0.00832537571199601	D:0.155373741417554	D:6	S:TRUE	S:FALSE	S:TRUE	S:FALSE	S:RFXANK	S:TRUE	S:TRUE	S:TRUE
S:Exosc10	D:0.408142660570243	D:0.000402754579393628	D:0.00259548694726579	D:-0.0178773337225371	D:0.873873138337476	D:0.958832856719541	D:0.42601999429278	D:0.00833022302361492	D:0.155373741417554	D:6	S:TRUE	S:FALSE	S:TRUE	S:FALSE	S:EXOSC10	S:TRUE	S:TRUE	S:TRUE
S:Nle1	D:0.662948356198189	D:0.00195914065383654	D:0.00883394331184479	D:-0.14182335288044	D:0.511062839106645	D:0.778880435031821	D:0.804771709078629	D:0.00845306487490068	D:0.155373741417554	D:6	S:TRUE	S:FALSE	S:TRUE	S:FALSE	S:NLE1	S:TRUE	S:TRUE	S:TRUE
S:Prkd2	D:1.20141909070446	D:0.00000151903995190308	D:0.0000301186297062611	D:0.294241093639214	D:0.22876579476342	D:0.519209293635048	D:0.907177997065243	D:0.00847640025784212	D:0.155373741417554	D:6	S:TRUE	S:FALSE	S:TRUE	S:FALSE	S:PRKD2	S:TRUE	S:TRUE	S:TRUE
S:Ppil2	D:0.295706022917935	D:0.000025812256403297	D:0.000301187971654303	D:0.0412434907668873	D:0.539803630232262	D:0.798512773977358	D:0.254462532151048	D:0.00848855137560815	D:0.155373741417554	D:6	S:TRUE	S:FALSE	S:TRUE	S:FALSE	S:PPIL2	S:TRUE	S:TRUE	S:TRUE
S:4933428g20rik	D:0.556804114381225	D:0.00675894005572935	D:0.022902120891502	D:-0.195513439161212	D:0.31814167806782	D:0.619626723776068	D:0.752317553542437	D:0.00850379237466873	D:0.155373741417554	D:6	S:TRUE	S:FALSE	S:TRUE	S:FALSE	S:4933428G20RIK	S:TRUE	S:TRUE	S:TRUE
S:Tcn2	D:0.871421465473676	D:0.0000235574427918245	D:0.000279859446899952	D:0.113923847929413	D:0.575435976053053	D:0.820993452497713	D:0.757497617544264	D:0.00851776439991073	D:0.155373741417554	D:6	S:TRUE	S:FALSE	S:TRUE	S:FALSE	S:TCN2	S:TRUE	S:TRUE	S:TRUE
S:Traf7	D:0.498441993144962	D:0.00179985741058859	D:0.0082587289818021	D:-0.0979958766671745	D:0.539077283412834	D:0.797890695571684	D:0.596437869812137	D:0.00856014909621787	D:0.155373741417554	D:6	S:TRUE	S:FALSE	S:TRUE	S:FALSE	S:TRAF7	S:TRUE	S:TRUE	S:TRUE
S:Med8	D:0.229118434238581	D:0.000670463274408109	D:0.00387400820981963	D:-0.0215797562494737	D:0.747880232952199	D:0.908971179093716	D:0.250698190488055	D:0.0085798637656784	D:0.155373741417554	D:6	S:TRUE	S:FALSE	S:TRUE	S:FALSE	S:MED8	S:TRUE	S:TRUE	S:TRUE
S:Htra1	D:0.892992175775965	D:0.00000000000624451815981178	D:0.00000000110868581510113	D:0.461080882100193	D:0.000104395317816449	D:0.00232346502217122	D:0.431911293675772	D:0.00865013280636898	D:0.155373741417554	D:6	S:TRUE	S:TRUE	S:TRUE	S:FALSE	S:HTRA1	S:TRUE	S:TRUE	S:TRUE
S:Cmtm5	D:0.644562187796184	D:0.0143848579764827	D:0.0402644824572775	D:-0.34081888161273	D:0.195531406901773	D:0.475672002306578	D:0.985381069408914	D:0.00867144723069024	D:0.155373741417554	D:6	S:TRUE	S:FALSE	S:TRUE	S:FALSE	S:CMTM5	S:TRUE	S:TRUE	S:TRUE
S:Osbpl7	D:0.827473439206613	D:0.00312160452747388	D:0.0126254074908755	D:-0.21116269609046	D:0.44494360506934	D:0.735769590134233	D:1.03863613529707	D:0.00867749587231497	D:0.155373741417554	D:6	S:TRUE	S:FALSE	S:TRUE	S:FALSE	S:OSBPL7	S:TRUE	S:TRUE	S:TRUE
S:C4a	D:1.94837383230644	D:0.0000000162302914143535	D:0.000000735020501616983	D:0.787608136667866	D:0.00928904660788554	D:0.0651985912855363	D:1.16076569563858	D:0.00869674500709486	D:0.155373741417554	D:6	S:TRUE	S:FALSE	S:TRUE	S:FALSE	S:C4A	S:TRUE	S:TRUE	S:TRUE
S:D10wsu52e	D:0.219151961175061	D:0.00179624123764318	D:0.00824698004611729	D:-0.039324152665241	D:0.565925690321665	D:0.815534930009594	D:0.258476113840302	D:0.00871364987384271	D:0.155373741417554	D:6	S:TRUE	S:FALSE	S:TRUE	S:FALSE	S:D10WSU52E	S:TRUE	S:TRUE	S:TRUE
S:4933439c10rik	D:0.686019465188172	D:0.0000000240204708704318	D:0.00000101157907514724	D:0.258963679546635	D:0.0238830617116674	D:0.127703270425425	D:0.427055785641538	D:0.00873982763985517	D:0.155373741417554	D:6	S:TRUE	S:FALSE	S:TRUE	S:FALSE	S:4933439C10RIK	S:TRUE	S:TRUE	S:TRUE
S:Gm694	D:1.30049630604812	D:0.00312573371293767	D:0.0126388363175306	D:-0.388665788248625	D:0.403493691421549	D:0.70132221990992	D:1.68916209429674	D:0.00876841760769528	D:0.155373741417554	D:6	S:TRUE	S:FALSE	S:TRUE	S:FALSE	S:GM694	S:TRUE	S:TRUE	S:TRUE
S:Mthfr	D:0.646696280611375	D:0.000339904960266052	D:0.00227535351293778	D:-0.0221334985467547	D:0.90210007719054	D:0.96888354768523	D:0.66882977915813	D:0.00877188751373147	D:0.155373741417554	D:6	S:TRUE	S:FALSE	S:TRUE	S:FALSE	S:MTHFR	S:TRUE	S:TRUE	S:TRUE
S:Zfp579	D:0.71998214862726	D:0.0000328693796234854	D:0.000359378017660836	D:0.085600669970286	D:0.616424882446757	D:0.84497061684754	D:0.634381478656975	D:0.00882110539196938	D:0.155373741417554	D:6	S:TRUE	S:FALSE	S:TRUE	S:FALSE	S:ZFP579	S:TRUE	S:TRUE	S:TRUE
S:Mier2	D:0.90487654182508	D:0.000511066478856006	D:0.0031325628346984	D:-0.0615356162410561	D:0.813137396713453	D:0.935487136276885	D:0.966412158066136	D:0.00882634766079824	D:0.155373741417554	D:6	S:TRUE	S:FALSE	S:TRUE	S:FALSE	S:MIER2	S:TRUE	S:TRUE	S:TRUE
S:Col5a1	D:0.578368473436319	D:0.00389338546930982	D:0.0149240075006125	D:-0.139610024688478	D:0.450403024167764	D:0.738872755165359	D:0.717978498124797	D:0.00883745786516027	D:0.155373741417554	D:6	S:TRUE	S:FALSE	S:TRUE	S:FALSE	S:COL5A1	S:TRUE	S:TRUE	S:TRUE
S:Zhx2	D:0.673832103689473	D:0.0000000575574420572052	D:0.00000207206791405939	D:0.237524513768652	D:0.0440083412583678	D:0.189993457811754	D:0.43630758992082	D:0.00884128522611675	D:0.155373741417554	D:6	S:TRUE	S:FALSE	S:TRUE	S:FALSE	S:ZHX2	S:TRUE	S:TRUE	S:TRUE
S:Atxn2l	D:0.490110993308181	D:0.00000791298234104217	D:0.000116195898586882	D:0.098367666928846	D:0.345175925592313	D:0.646646122476534	D:0.391743326379335	D:0.00889698881414719	D:0.155373741417554	D:6	S:TRUE	S:FALSE	S:TRUE	S:FALSE	S:ATXN2L	S:TRUE	S:TRUE	S:TRUE
S:Ngdn	D:0.666853491418575	D:0.0000705191590175533	D:0.000668562706608163	D:0.0548412908624853	D:0.738293181575985	D:0.903395439790056	D:0.61201220055609	D:0.00890851934431242	D:0.155373741417554	D:6	S:TRUE	S:FALSE	S:TRUE	S:FALSE	S:NGDN	S:TRUE	S:TRUE	S:TRUE
S:Rnf25	D:0.600697522213061	D:0.0000763962812257812	D:0.000710485415399765	D:0.048523395686467	D:0.742307201342197	D:0.905512782149476	D:0.552174126526594	D:0.00891030033215677	D:0.155373741417554	D:6	S:TRUE	S:FALSE	S:TRUE	S:FALSE	S:RNF25	S:TRUE	S:TRUE	S:TRUE
S:Trf	D:0.690141156053413	D:0.00719083246573345	D:0.0240319928223785	D:-0.231681537956084	D:0.333029334614247	D:0.634259868458749	D:0.921822694009497	D:0.00908501054037975	D:0.156714870331503	D:6	S:TRUE	S:FALSE	S:TRUE	S:FALSE	S:TRF	S:TRUE	S:TRUE	S:TRUE
S:Serpina3n	D:0.866946363023131	D:0.000557130871204293	D:0.00334921613378063	D:-0.0367446264367364	D:0.87722240747321	D:0.959569513349506	D:0.903690989459867	D:0.0090928561317205	D:0.156714870331503	D:6	S:TRUE	S:FALSE	S:TRUE	S:FALSE	S:SERPINA3N	S:TRUE	S:TRUE	S:TRUE
S:Ift172	D:0.548334028684071	D:0.000004170792949105	D:0.0000681636705406031	D:0.126403168235393	D:0.261269145185743	D:0.560031434268355	D:0.421930860448677	D:0.009111870810778	D:0.156714870331503	D:6	S:TRUE	S:FALSE	S:TRUE	S:FALSE	S:IFT172	S:TRUE	S:TRUE	S:TRUE
S:Slc2a4	D:1.20591692391423	D:0.00443499719126759	D:0.0165021186273791	D:-0.268790757355947	D:0.468743503502958	D:0.751128083022789	D:1.47470768127018	D:0.00920078237052943	D:0.157262258716801	D:6	S:TRUE	S:FALSE	S:TRUE	S:FALSE	S:SLC2A4	S:TRUE	S:TRUE	S:TRUE
S:Ai854703	D:0.369498280944338	D:0.00320627477407419	D:0.0128811614991348	D:-0.0913594734712353	D:0.459999985257744	D:0.745311601126931	D:0.460857754415573	D:0.00925373466136396	D:0.157262258716801	D:6	S:TRUE	S:FALSE	S:TRUE	S:FALSE	S:AI854703	S:TRUE	S:TRUE	S:TRUE
S:Gjb1	D:0.72328322896057	D:0.00888127870260691	D:0.0281348537002292	D:-0.2689517240899	D:0.298963664762826	D:0.600064600110569	D:0.992234953050469	D:0.00927902892557753	D:0.157262258716801	D:6	S:TRUE	S:FALSE	S:TRUE	S:FALSE	S:GJB1	S:TRUE	S:TRUE	S:TRUE
S:Lpcat3	D:0.228804254087843	D:0.0148770595585494	D:0.0413887426180156	D:-0.123267039205405	D:0.200088458289056	D:0.481766385006658	D:0.352071293293248	D:0.00939057778493115	D:0.157262258716801	D:6	S:TRUE	S:FALSE	S:TRUE	S:FALSE	S:LPCAT3	S:TRUE	S:TRUE	S:TRUE
S:Trip6	D:1.63921806574895	D:0.0000201499924650937	D:0.000249859906567162	D:0.29669788174032	D:0.399855667567177	D:0.69898544806467	D:1.34252018400863	D:0.00941309612295767	D:0.157294346336995	D:6	S:TRUE	S:FALSE	S:TRUE	S:FALSE	S:TRIP6	S:TRUE	S:TRUE	S:TRUE
S:Ksr1	D:0.658920860950147	D:0.000434495645468041	D:0.0027618226056927	D:-0.0168420743543276	D:0.925858946141617	D:0.977086368676198	D:0.675762935304475	D:0.00954228978139569	D:0.159112844764703	D:6	S:TRUE	S:FALSE	S:TRUE	S:FALSE	S:KSR1	S:TRUE	S:TRUE	S:TRUE
S:Nxf1	D:0.544765040656076	D:0.000000000000000169299448097453	D:0.00000000000013225672885373	D:0.34046083190169	D:0.0000000121776613528301	D:0.00000141987896251207	D:0.204304208754386	D:0.00957411092785184	D:0.159133945890167	D:6	S:TRUE	S:TRUE	S:TRUE	S:FALSE	S:NXF1	S:TRUE	S:TRUE	S:TRUE
S:Jmjd8	D:0.598959007318972	D:0.000123228188477942	D:0.0010340049499352	D:0.0281822646902552	D:0.856839988134658	D:0.952288232651579	D:0.570776742628718	D:0.00961681283198784	D:0.159335189487782	D:6	S:TRUE	S:FALSE	S:TRUE	S:FALSE	S:JMJD8	S:TRUE	S:TRUE	S:TRUE
S:Rgl2	D:0.973451627143068	D:0.000116271454434408	D:0.000992691368351472	D:0.0635257569463095	D:0.796005188325607	D:0.93085461267577	D:0.909925870196758	D:0.00965309869002635	D:0.15951347991144	D:6	S:TRUE	S:FALSE	S:TRUE	S:FALSE	S:RGL2	S:TRUE	S:TRUE	S:TRUE
S:Top3b	D:0.307219571553031	D:0.00030820913455986	D:0.00211309868890545	D:0.000665308417976185	D:0.993553302477019	D:0.997806407471515	D:0.306554263135054	D:0.00965820225270237	D:0.15951347991144	D:6	S:TRUE	S:FALSE	S:TRUE	S:FALSE	S:TOP3B	S:TRUE	S:TRUE	S:TRUE
S:Pqlc2	D:0.828634313074796	D:0.000000801127666712326	D:0.0000179500571830914	D:0.239244254651775	D:0.135087342079252	D:0.381934768204832	D:0.589390058423021	D:0.00966984298492319	D:0.159537092710074	D:6	S:TRUE	S:FALSE	S:TRUE	S:FALSE	S:PQLC2	S:TRUE	S:TRUE	S:TRUE
S:Polr1c	D:0.654359456371959	D:0.000279228485380393	D:0.00195184873253646	D:0.00225422807081621	D:0.989835080833381	D:0.996455848475821	D:0.652105228301143	D:0.00979892522013831	D:0.160480511152454	D:6	S:TRUE	S:FALSE	S:TRUE	S:FALSE	S:POLR1C	S:TRUE	S:TRUE	S:TRUE
S:Snx8	D:1.01721855203736	D:0.00170336069423492	D:0.00792062722819241	D:-0.155544840084836	D:0.622065616158487	D:0.848791061747432	D:1.1727633921222	D:0.00982963581488984	D:0.160646684070961	D:6	S:TRUE	S:FALSE	S:TRUE	S:FALSE	S:SNX8	S:TRUE	S:TRUE	S:TRUE
S:Fam53b	D:0.812235181905858	D:0.000000106007356034091	D:0.00000346103293502866	D:0.292539065879999	D:0.036381455794928	D:0.167874738730052	D:0.519696116025859	D:0.00987009622250659	D:0.160885532304694	D:6	S:TRUE	S:FALSE	S:TRUE	S:FALSE	S:FAM53B	S:TRUE	S:TRUE	S:TRUE
S:Nit1	D:0.276180247122358	D:0.00104451687961722	D:0.00547084536612117	D:-0.0306698144642912	D:0.71378369932746	D:0.892674982007914	D:0.306850061586649	D:0.0099699589813576	D:0.161163774272423	D:6	S:TRUE	S:FALSE	S:TRUE	S:FALSE	S:NIT1	S:TRUE	S:TRUE	S:TRUE
S:Elmo1	D:0.26693614634279	D:0.00000694006105126059	D:0.000104562694180227	D:0.0582709667979468	D:0.301752520064216	D:0.602733491879739	D:0.208665179544843	D:0.00997474204566262	D:0.161163774272423	D:6	S:TRUE	S:FALSE	S:TRUE	S:FALSE	S:ELMO1	S:TRUE	S:TRUE	S:TRUE
S:Ift122	D:0.387802701974636	D:0.000298981199779822	D:0.00206146613652247	D:0.000127656788004415	D:0.999036700303985	D:0.999669762179131	D:0.387675045186631	D:0.0100613581684237	D:0.161179994258639	D:6	S:TRUE	S:FALSE	S:TRUE	S:FALSE	S:IFT122	S:TRUE	S:TRUE	S:TRUE
S:Mars	D:0.32389227177508	D:0.00153179970228393	D:0.00731667335630821	D:-0.0452716724155495	D:0.650579419954547	D:0.862487834441873	D:0.369163944190629	D:0.0100951867831363	D:0.161179994258639	D:6	S:TRUE	S:FALSE	S:TRUE	S:FALSE	S:MARS	S:TRUE	S:TRUE	S:TRUE
S:Ehd1	D:0.491122504173669	D:0.00402559657626292	D:0.0153105941839172	D:-0.145147631137563	D:0.41208894817886	D:0.708724783465627	D:0.636270135311232	D:0.0101187352574899	D:0.161179994258639	D:6	S:TRUE	S:FALSE	S:TRUE	S:FALSE	S:EHD1	S:TRUE	S:TRUE	S:TRUE
S:Acp6	D:0.321368928335285	D:0.00119095437908862	D:0.00603400197583006	D:-0.036983189584503	D:0.703908630829887	D:0.889147744206172	D:0.358352117919788	D:0.0101408048103073	D:0.161179994258639	D:6	S:TRUE	S:FALSE	S:TRUE	S:FALSE	S:ACP6	S:TRUE	S:TRUE	S:TRUE
S:Rasd1	D:2.21837032978295	D:0.00000000955917362136268	D:0.000000487681127362384	D:0.921742284188381	D:0.0092264909080073	D:0.0648177580695621	D:1.29662804559456	D:0.0102195440781647	D:0.161547041045095	D:6	S:TRUE	S:FALSE	S:TRUE	S:FALSE	S:RASD1	S:TRUE	S:TRUE	S:TRUE
S:Cdk9	D:0.514309185960919	D:0.000156450405505812	D:0.00125224443423299	D:0.028839629167118	D:0.826753071586991	D:0.938769528129656	D:0.485469556793801	D:0.0102249446367035	D:0.161547041045095	D:6	S:TRUE	S:FALSE	S:TRUE	S:FALSE	S:CDK9	S:TRUE	S:TRUE	S:TRUE
S:Cyth1	D:0.31550525202355	D:0.00492840900532292	D:0.0178657685148875	D:-0.0912737625737217	D:0.410017041673987	D:0.706997710971679	D:0.406779014597271	D:0.0103372255153993	D:0.162400896569412	D:6	S:TRUE	S:FALSE	S:TRUE	S:FALSE	S:CYTH1	S:TRUE	S:TRUE	S:TRUE
S:Hexa	D:0.521789180563132	D:0.0000000239771107300111	D:0.00000101157907514724	D:0.201859057678486	D:0.0227993428918524	D:0.123501190743809	D:0.319930122884646	D:0.010366161476409	D:0.162568060263881	D:6	S:TRUE	S:FALSE	S:TRUE	S:FALSE	S:HEXA	S:TRUE	S:TRUE	S:TRUE
S:Homer3	D:0.879726351597941	D:0.00460902845520426	D:0.0170159405917087	D:-0.281504564722749	D:0.388060296449938	D:0.687732993617721	D:1.16123091632069	D:0.0103896972386224	D:0.162568060263881	D:6	S:TRUE	S:FALSE	S:TRUE	S:FALSE	S:HOMER3	S:TRUE	S:TRUE	S:TRUE
S:Prpf40b	D:0.561097187539374	D:0.000752177032722506	D:0.00421499242653135	D:-0.0369837254246734	D:0.820675642470644	D:0.937628274584546	D:0.598080912964047	D:0.0104611403184292	D:0.162955988370028	D:6	S:TRUE	S:FALSE	S:TRUE	S:FALSE	S:PRPF40B	S:TRUE	S:TRUE	S:TRUE
S:Pcsk7	D:0.528475212332923	D:0.00326350527481557	D:0.0130473404333978	D:-0.124476170017445	D:0.487912737230139	D:0.764268291684193	D:0.652951382350368	D:0.0105292757930244	D:0.16296536918746	D:6	S:TRUE	S:FALSE	S:TRUE	S:FALSE	S:PCSK7	S:TRUE	S:TRUE	S:TRUE
S:Anxa2	D:0.789627375489868	D:0.0000260950783683123	D:0.000303807380347624	D:0.132263308127738	D:0.459180696692566	D:0.744679178443496	D:0.657364067362129	D:0.0106063577931377	D:0.16296536918746	D:6	S:TRUE	S:FALSE	S:TRUE	S:FALSE	S:ANXA2	S:TRUE	S:TRUE	S:TRUE
S:Ctsz	D:0.455217228036834	D:0.0164443176215706	D:0.0444354926529606	D:-0.230056284247859	D:0.21785975686163	D:0.505189333282143	D:0.685273512284692	D:0.0106216374240368	D:0.16296536918746	D:6	S:TRUE	S:FALSE	S:TRUE	S:FALSE	S:CTSZ	S:TRUE	S:TRUE	S:TRUE
S:Prelp	D:0.63391574704203	D:0.000279335238476161	D:0.00195184873253646	D:0.0226877359769122	D:0.890076455836596	D:0.965618325806112	D:0.611228011065118	D:0.0106372296895075	D:0.16296536918746	D:6	S:TRUE	S:FALSE	S:TRUE	S:FALSE	S:PRELP	S:TRUE	S:TRUE	S:TRUE
S:0610031j06rik	D:0.751630781469695	D:0.000379451130418801	D:0.00247538390883646	D:-0.0166450689922306	D:0.937878967415369	D:0.98134348961276	D:0.768275850461925	D:0.0106552337454399	D:0.16296536918746	D:6	S:TRUE	S:FALSE	S:TRUE	S:FALSE	S:0610031J06RIK	S:TRUE	S:TRUE	S:TRUE
S:1300014i06rik	D:0.463436713946929	D:0.0117987720690789	D:0.0347556589003185	D:-0.197080860736153	D:0.271631930504611	D:0.570197135859739	D:0.660517574683082	D:0.010688114564893	D:0.16296536918746	D:6	S:TRUE	S:FALSE	S:TRUE	S:FALSE	S:1300014I06RIK	S:TRUE	S:TRUE	S:TRUE
S:2310022a10rik	D:0.717180092682713	D:0.000880407430393829	D:0.00478119071688327	D:-0.0586716297310668	D:0.783251827962626	D:0.927010924549076	D:0.775851722413779	D:0.0107148229017689	D:0.16296536918746	D:6	S:TRUE	S:FALSE	S:TRUE	S:FALSE	S:2310022A10RIK	S:TRUE	S:TRUE	S:TRUE
S:Raf1	D:0.13373328201272	D:0.0131649870308122	D:0.0377135602070792	D:-0.0612037433112933	D:0.250989508125033	D:0.54745718961283	D:0.194937025324013	D:0.0107207042714095	D:0.16296536918746	D:6	S:TRUE	S:FALSE	S:TRUE	S:FALSE	S:RAF1	S:TRUE	S:TRUE	S:TRUE
S:Zfp598	D:1.12761497370339	D:0.0000010941620004727	D:0.0000231642101563488	D:0.321647623308377	D:0.149554866348009	D:0.405034708237353	D:0.805967350395018	D:0.01073266011862	D:0.16296536918746	D:6	S:TRUE	S:FALSE	S:TRUE	S:FALSE	S:ZFP598	S:TRUE	S:TRUE	S:TRUE
S:Olig1	D:0.31215142829124	D:0.0182919225688589	D:0.0478994934857589	D:-0.169086770814018	D:0.201725210096004	D:0.484066146911376	D:0.481238199105258	D:0.0107372115279067	D:0.16296536918746	D:6	S:TRUE	S:FALSE	S:TRUE	S:FALSE	S:OLIG1	S:TRUE	S:TRUE	S:TRUE
S:Hapln2	D:0.803435486756297	D:0.000640377168175422	D:0.0037374870659592	D:0.0172030900163578	D:0.931223929946263	D:0.979405927137364	D:0.786232396739939	D:0.0107475109987693	D:0.16296536918746	D:6	S:TRUE	S:FALSE	S:TRUE	S:FALSE	S:HAPLN2	S:TRUE	S:TRUE	S:TRUE
S:Tulp3	D:0.349829640429028	D:0.00118316601066485	D:0.00602152984107283	D:-0.0349164878979646	D:0.739035038170142	D:0.903496356523497	D:0.384746128326993	D:0.01075180560109	D:0.16296536918746	D:6	S:TRUE	S:FALSE	S:TRUE	S:FALSE	S:TULP3	S:TRUE	S:TRUE	S:TRUE
S:Ikbkb	D:0.418999695805325	D:0.000000000496851465783078	D:0.0000000415123385101327	D:0.196173441395221	D:0.00166331814838076	D:0.0185891865166674	D:0.222826254410104	D:0.010764299907588	D:0.16296536918746	D:6	S:TRUE	S:TRUE	S:TRUE	S:FALSE	S:IKBKB	S:TRUE	S:TRUE	S:TRUE
S:Aifm3	D:0.452435492147178	D:0.00145971367687326	D:0.00704558742275806	D:-0.0538669005215722	D:0.696296948661466	D:0.88601710589643	D:0.506302392668751	D:0.0108633223762163	D:0.16296536918746	D:6	S:TRUE	S:FALSE	S:TRUE	S:FALSE	S:AIFM3	S:TRUE	S:TRUE	S:TRUE
S:Clptm1l	D:0.197894815877365	D:0.0000305011983778383	D:0.000341368713076895	D:0.0317306759182809	D:0.485330954936979	D:0.761966368309248	D:0.166164139959084	D:0.0108971263585101	D:0.16296536918746	D:6	S:TRUE	S:FALSE	S:TRUE	S:FALSE	S:CLPTM1L	S:TRUE	S:TRUE	S:TRUE
S:Tmem129	D:0.313754210143327	D:0.0000108671163127694	D:0.000150788477149831	D:0.0645327809792251	D:0.347225476233568	D:0.648735957207858	D:0.249221429164102	D:0.0109817298945432	D:0.16296536918746	D:6	S:TRUE	S:FALSE	S:TRUE	S:FALSE	S:TMEM129	S:TRUE	S:TRUE	S:TRUE
S:Scarf1	D:0.857429024577106	D:0.0123627215334648	D:0.0359750123961783	D:-0.453539596336312	D:0.232557547485025	D:0.524235914284523	D:1.31096862091342	D:0.0109980757086682	D:0.16296536918746	D:6	S:TRUE	S:FALSE	S:TRUE	S:FALSE	S:SCARF1	S:TRUE	S:TRUE	S:TRUE
S:Arhgef10	D:0.636272217296634	D:0.00174300600537686	D:0.00805701947574205	D:-0.0769613439271293	D:0.688565507602322	D:0.882711562536741	D:0.713233561223763	D:0.0110036942580395	D:0.16296536918746	D:6	S:TRUE	S:FALSE	S:TRUE	S:FALSE	S:ARHGEF10	S:TRUE	S:TRUE	S:TRUE
S:Amz2	D:0.337775770573668	D:0.00000000682503834166312	D:0.000000366441233849294	D:0.14269030097057	D:0.00871558422193569	D:0.0622644206143225	D:0.195085469603097	D:0.0110068553367127	D:0.16296536918746	D:6	S:TRUE	S:FALSE	S:TRUE	S:FALSE	S:AMZ2	S:TRUE	S:TRUE	S:TRUE
S:Tub	D:0.401658116071272	D:0.0000000000891651031006826	D:0.0000000103963848570527	D:0.199545396631488	D:0.000473731500841016	D:0.00737944264121639	D:0.202112719439785	D:0.0110354173451314	D:0.16296536918746	D:6	S:TRUE	S:TRUE	S:TRUE	S:FALSE	S:TUB	S:TRUE	S:TRUE	S:TRUE
S:Ai428936	D:2.71408693978451	D:0.0000914933184737512	D:0.000817319386983355	D:0.329613754643296	D:0.605948840156651	D:0.839040838107395	D:2.38447318514121	D:0.0110690150587246	D:0.163013468346583	D:6	S:TRUE	S:FALSE	S:TRUE	S:FALSE	S:AI428936	S:TRUE	S:TRUE	S:TRUE
S:Nop2	D:0.692287615408654	D:0.000227251110566279	D:0.00166147466143544	D:0.0155062939576385	D:0.934675713780713	D:0.980292333088579	D:0.676781321451015	D:0.0110732769839595	D:0.163013468346583	D:6	S:TRUE	S:FALSE	S:TRUE	S:FALSE	S:NOP2	S:TRUE	S:TRUE	S:TRUE
S:Pqbp1	D:0.382168509479154	D:0.000354162899927655	D:0.00234567238171669	D:0.00219641480627785	D:0.983288004565415	D:0.994522809031158	D:0.379972094672876	D:0.011197383903928	D:0.163112101222772	D:6	S:TRUE	S:FALSE	S:TRUE	S:FALSE	S:PQBP1	S:TRUE	S:TRUE	S:TRUE
S:Dusp10	D:0.385020396268598	D:0.00298737900284139	D:0.0122634812244861	D:-0.0796810237418986	D:0.534279767631327	D:0.794633033209775	D:0.464701420010497	D:0.0112080408005746	D:0.163112101222772	D:6	S:TRUE	S:FALSE	S:TRUE	S:FALSE	S:DUSP10	S:TRUE	S:TRUE	S:TRUE
S:Taldo1	D:0.551545783790775	D:0.00957489443806466	D:0.0297293622218447	D:-0.225544100373049	D:0.300240945497724	D:0.601251542227178	D:0.777089884163824	D:0.0112602299403323	D:0.163112101222772	D:6	S:TRUE	S:FALSE	S:TRUE	S:FALSE	S:TALDO1	S:TRUE	S:TRUE	S:TRUE
S:Wdr90	D:1.15913808399243	D:0.00000944287955998003	D:0.000134367532099388	D:0.249749913653273	D:0.320254771337692	D:0.62126403617831	D:0.909388170339153	D:0.0112761020895097	D:0.163112101222772	D:6	S:TRUE	S:FALSE	S:TRUE	S:FALSE	S:WDR90	S:TRUE	S:TRUE	S:TRUE
S:3110002h16rik	D:0.166171448398522	D:0.0132815064431781	D:0.0379429981108455	D:-0.0751922680039119	D:0.259180515764582	D:0.558226138791696	D:0.241363716402434	D:0.011279340229099	D:0.163112101222772	D:6	S:TRUE	S:FALSE	S:TRUE	S:FALSE	S:3110002H16RIK	S:TRUE	S:TRUE	S:TRUE
S:Rltpr	D:0.786438750043662	D:0.0000728419270365969	D:0.000684354941683578	D:0.0787673653752843	D:0.691085527253119	D:0.883811105656277	D:0.707671384668378	D:0.0112849353439636	D:0.163112101222772	D:6	S:TRUE	S:FALSE	S:TRUE	S:FALSE	S:RLTPR	S:TRUE	S:TRUE	S:TRUE
S:Ampd2	D:0.788532928099485	D:0.00000555419219123727	D:0.000087478527011987	D:0.18151145996247	D:0.28370290986012	D:0.583222239085173	D:0.607021468137015	D:0.0112884190730529	D:0.163112101222772	D:6	S:TRUE	S:FALSE	S:TRUE	S:FALSE	S:AMPD2	S:TRUE	S:TRUE	S:TRUE
S:Snx32	D:0.511592910006955	D:0.00542392849844626	D:0.0192555007634002	D:-0.149740387272718	D:0.413267662525982	D:0.709982973387285	D:0.661333297279674	D:0.0112916064290798	D:0.163112101222772	D:6	S:TRUE	S:FALSE	S:TRUE	S:FALSE	S:SNX32	S:TRUE	S:TRUE	S:TRUE
S:S100a6	D:0.575943072858958	D:0.00163741928159849	D:0.00768721119461983	D:-0.0719998908403476	D:0.686102155767119	D:0.88147850355279	D:0.647942963699306	D:0.01142800636253	D:0.163112101222772	D:6	S:TRUE	S:FALSE	S:TRUE	S:FALSE	S:S100A6	S:TRUE	S:TRUE	S:TRUE
S:Gm9821	D:0.918279042330191	D:0.0139115794341909	D:0.039269108776838	D:-0.369767919540336	D:0.278569368046483	D:0.578114608753777	D:1.28804696187053	D:0.0114303992091432	D:0.163112101222772	D:6	S:TRUE	S:FALSE	S:TRUE	S:FALSE	S:GM9821	S:TRUE	S:TRUE	S:TRUE
S:Cct7	D:0.370741828449495	D:0.0000269081706025416	D:0.000311186719092605	D:0.0642033182558732	D:0.446906531676431	D:0.736716816927835	D:0.306538510193622	D:0.0114413139825454	D:0.163112101222772	D:6	S:TRUE	S:FALSE	S:TRUE	S:FALSE	S:CCT7	S:TRUE	S:TRUE	S:TRUE
S:Sfswap	D:0.525966182776987	D:0.0000748872724174493	D:0.000699783937948701	D:0.0613254839804167	D:0.632433657974618	D:0.854009813634687	D:0.46464069879657	D:0.0114555960976663	D:0.163112101222772	D:6	S:TRUE	S:FALSE	S:TRUE	S:FALSE	S:SFSWAP	S:TRUE	S:TRUE	S:TRUE
S:Cd163	D:0.76366010822611	D:0.00993437805562168	D:0.0305841818208932	D:-0.326359520897278	D:0.291423043591648	D:0.592323875774151	D:1.09001962912339	D:0.0114905359444373	D:0.163112101222772	D:6	S:TRUE	S:FALSE	S:TRUE	S:FALSE	S:CD163	S:TRUE	S:TRUE	S:TRUE
S:S100a11	D:0.70861389444704	D:0.0021191241417362	D:0.00937406443671758	D:-0.0789136973562952	D:0.70475409821718	D:0.8894965692338	D:0.787527591803335	D:0.0115104651358198	D:0.163112101222772	D:6	S:TRUE	S:FALSE	S:TRUE	S:FALSE	S:S100A11	S:TRUE	S:TRUE	S:TRUE
S:Edem2	D:0.51589607802799	D:0.000114934603812035	D:0.00098504566646146	D:0.0476841294486565	D:0.712689021948222	D:0.892494855197687	D:0.468211948579333	D:0.0116221807105468	D:0.163737557638939	D:6	S:TRUE	S:FALSE	S:TRUE	S:FALSE	S:EDEM2	S:TRUE	S:TRUE	S:TRUE
S:Tmem86b	D:1.76831931746384	D:0.0000000110055757499538	D:0.000000534332214577631	D:0.751020427074258	D:0.00804550157495688	D:0.0588772443124713	D:1.01729889038959	D:0.0117740423908093	D:0.16424789135179	D:6	S:TRUE	S:FALSE	S:TRUE	S:FALSE	S:TMEM86B	S:TRUE	S:TRUE	S:TRUE
S:Trmt1	D:0.40754869864295	D:0.000487830949846958	D:0.00302815683766741	D:-0.00567012300744629	D:0.960694539279694	D:0.98852548050212	D:0.413218821650396	D:0.0117973020029193	D:0.164372353509832	D:6	S:TRUE	S:FALSE	S:TRUE	S:FALSE	S:TRMT1	S:TRUE	S:TRUE	S:TRUE
S:Cpsf1	D:0.611290895781251	D:0.00381238162816982	D:0.014660263489669	D:-0.143325380291268	D:0.495757007677654	D:0.768499601940239	D:0.754616276072519	D:0.0118053329830411	D:0.164372353509832	D:6	S:TRUE	S:FALSE	S:TRUE	S:FALSE	S:CPSF1	S:TRUE	S:TRUE	S:TRUE
S:Rad9	D:0.592642044165989	D:0.000771092052027322	D:0.00430165986202829	D:-0.028918123478006	D:0.866804037365775	D:0.955894716032851	D:0.621560167643995	D:0.0118323806079316	D:0.164372353509832	D:6	S:TRUE	S:FALSE	S:TRUE	S:FALSE	S:RAD9	S:TRUE	S:TRUE	S:TRUE
S:Bc029214	D:0.4387773213211	D:0.0107366560851113	D:0.0323903291511449	D:-0.182121661540079	D:0.297569840930397	D:0.598157154113247	D:0.620898982861179	D:0.0119197309604864	D:0.164372353509832	D:6	S:TRUE	S:FALSE	S:TRUE	S:FALSE	S:BC029214	S:TRUE	S:TRUE	S:TRUE
S:Ralgds	D:0.654479051355855	D:0.00113807317373968	D:0.00585487496427687	D:-0.0574850208574347	D:0.772425430474292	D:0.920757986246306	D:0.71196407221329	D:0.012025498379984	D:0.164753342064461	D:6	S:TRUE	S:FALSE	S:TRUE	S:FALSE	S:RALGDS	S:TRUE	S:TRUE	S:TRUE
S:Bzrap1	D:0.463623015246267	D:0.00933480384166276	D:0.0292110075565261	D:-0.168868916287932	D:0.336560880280571	D:0.638001884987952	D:0.632491931534199	D:0.0120705123060807	D:0.164753342064461	D:6	S:TRUE	S:FALSE	S:TRUE	S:FALSE	S:BZRAP1	S:TRUE	S:TRUE	S:TRUE
S:Pde4c	D:0.979660258566194	D:0.0012566489190522	D:0.00628887979220744	D:-0.0537174450362628	D:0.846345176392543	D:0.948278808917802	D:1.03337770360246	D:0.0121126791462752	D:0.164992797020287	D:6	S:TRUE	S:FALSE	S:TRUE	S:FALSE	S:PDE4C	S:TRUE	S:TRUE	S:TRUE
S:Gba2	D:0.540107948601052	D:0.00142691459959047	D:0.00692427079261316	D:-0.0563277315847177	D:0.734201035190162	D:0.901945835322118	D:0.59643568018577	D:0.0121198741789606	D:0.164992797020287	D:6	S:TRUE	S:FALSE	S:TRUE	S:FALSE	S:GBA2	S:TRUE	S:TRUE	S:TRUE
S:Xab2	D:0.653283498586661	D:0.00678275468035408	D:0.0229628947184945	D:-0.221931707148582	D:0.373055838057964	D:0.673726916622297	D:0.875215205735244	D:0.0121483548069549	D:0.165048604785968	D:6	S:TRUE	S:FALSE	S:TRUE	S:FALSE	S:XAB2	S:TRUE	S:TRUE	S:TRUE
S:Pfn1	D:0.563347865602815	D:0.0000299162698046133	D:0.000337237950524732	D:0.0940429701618273	D:0.475316130842935	D:0.755861499062597	D:0.469304895440988	D:0.0121911262356035	D:0.165347965047521	D:6	S:TRUE	S:FALSE	S:TRUE	S:FALSE	S:PFN1	S:TRUE	S:TRUE	S:TRUE
S:Klhdc4	D:0.688242003365336	D:0.000711401674418978	D:0.00403885892482634	D:-0.0353094985720066	D:0.862750823003103	D:0.954241742786386	D:0.723551501937342	D:0.0121915550265453	D:0.165347965047521	D:6	S:TRUE	S:FALSE	S:TRUE	S:FALSE	S:KLHDC4	S:TRUE	S:TRUE	S:TRUE
S:C1qa	D:0.565241664430888	D:0.00603084456783142	D:0.020901933346894	D:-0.160689063758197	D:0.426144432039287	D:0.720337618325416	D:0.725930728189085	D:0.0122962968983842	D:0.165994248512611	D:6	S:TRUE	S:FALSE	S:TRUE	S:FALSE	S:C1QA	S:TRUE	S:TRUE	S:TRUE
S:Hmgcl	D:0.532631357689571	D:0.0041943275771322	D:0.0157906833873397	D:-0.12601267350783	D:0.494656897906527	D:0.767863929475612	D:0.6586440311974	D:0.0123822160782196	D:0.165994248512611	D:6	S:TRUE	S:FALSE	S:TRUE	S:FALSE	S:HMGCL	S:TRUE	S:TRUE	S:TRUE
S:Psmb2	D:0.301166868924748	D:0.0150463976119736	D:0.0417261122274538	D:-0.141666190666809	D:0.256715560555903	D:0.55530116277485	D:0.442833059591557	D:0.0124313775307014	D:0.165994248512611	D:6	S:TRUE	S:FALSE	S:TRUE	S:FALSE	S:PSMB2	S:TRUE	S:TRUE	S:TRUE
S:Rpn1	D:0.416683985176565	D:0.000000000254372808467767	D:0.0000000235166908846177	D:0.204220461403406	D:0.000801452933655218	D:0.0108508671017583	D:0.212463523773159	D:0.012459616420641	D:0.165994248512611	D:6	S:TRUE	S:TRUE	S:TRUE	S:FALSE	S:RPN1	S:TRUE	S:TRUE	S:TRUE
S:Col20a1	D:1.17050261763447	D:0.0000177996069057958	D:0.00022591475084984	D:0.198328739846876	D:0.481251006945809	D:0.759118196115226	D:0.97217387778759	D:0.0124913269022194	D:0.165994248512611	D:6	S:TRUE	S:FALSE	S:TRUE	S:FALSE	S:COL20A1	S:TRUE	S:TRUE	S:TRUE
S:Gripap1	D:0.32458426673267	D:0.000227584010253924	D:0.00166313029757123	D:0.0193973292224614	D:0.819623694485125	D:0.937546562352211	D:0.305186937510208	D:0.0125052361026879	D:0.165994248512611	D:6	S:TRUE	S:FALSE	S:TRUE	S:FALSE	S:GRIPAP1	S:TRUE	S:TRUE	S:TRUE
S:Ddx39b	D:0.717397462090019	D:0.000172765686578564	D:0.00134964554355173	D:0.0566825323309219	D:0.758724782662418	D:0.913768288315549	D:0.660714929759097	D:0.0126141496786996	D:0.166035807705444	D:6	S:TRUE	S:FALSE	S:TRUE	S:FALSE	S:DDX39B	S:TRUE	S:TRUE	S:TRUE
S:Rfx2	D:1.19844174028391	D:0.00171880210440709	D:0.00796871337663394	D:-0.133388233073027	D:0.718786089412998	D:0.893967982181087	D:1.33182997335694	D:0.0126142155495623	D:0.166035807705444	D:6	S:TRUE	S:FALSE	S:TRUE	S:FALSE	S:RFX2	S:TRUE	S:TRUE	S:TRUE
S:Tns3	D:0.425241631880359	D:0.0000330516103558786	D:0.000360613380028106	D:0.074788316180487	D:0.445270776524768	D:0.735769590134233	D:0.350453315699872	D:0.0127135524725332	D:0.166737708440073	D:6	S:TRUE	S:FALSE	S:TRUE	S:FALSE	S:TNS3	S:TRUE	S:TRUE	S:TRUE
S:Cct5	D:0.392871210060728	D:0.00000178979928125792	D:0.0000341856038757625	D:0.115734385900513	D:0.137246698197318	D:0.385161580535622	D:0.277136824160215	D:0.0127666099063667	D:0.166737708440073	D:6	S:TRUE	S:FALSE	S:TRUE	S:FALSE	S:CCT5	S:TRUE	S:TRUE	S:TRUE
S:Pan2	D:0.314653832087859	D:0.00197641872140515	D:0.00889132338129404	D:-0.0391227123442048	D:0.691330980545825	D:0.88384558884397	D:0.353776544432064	D:0.0127666760108294	D:0.166737708440073	D:6	S:TRUE	S:FALSE	S:TRUE	S:FALSE	S:PAN2	S:TRUE	S:TRUE	S:TRUE
S:Dgkd	D:0.35424598201062	D:0.0000135542404938316	D:0.000181196370161047	D:0.0775701963053566	D:0.318059121101682	D:0.619620412480384	D:0.276675785705264	D:0.0129519418655034	D:0.167207124537308	D:6	S:TRUE	S:FALSE	S:TRUE	S:FALSE	S:DGKD	S:TRUE	S:TRUE	S:TRUE
S:Ppfia1	D:0.214305516074015	D:0.00336816293269503	D:0.0133488476678409	D:-0.0412630820255746	D:0.565317148277146	D:0.815258918652586	D:0.25556859809959	D:0.0129900316427496	D:0.167207124537308	D:6	S:TRUE	S:FALSE	S:TRUE	S:FALSE	S:PPFIA1	S:TRUE	S:TRUE	S:TRUE
S:Kcnk13	D:0.544951599550195	D:0.0128635605509304	D:0.0370470543866794	D:-0.203146998477207	D:0.319041163151049	D:0.620261058080348	D:0.748098598027402	D:0.0129901873954422	D:0.167207124537308	D:6	S:TRUE	S:FALSE	S:TRUE	S:FALSE	S:KCNK13	S:TRUE	S:TRUE	S:TRUE
S:Arhgap4	D:1.12175458970658	D:0.000000267260421514011	D:0.00000731291913438689	D:0.378778056566501	D:0.0777880884497774	D:0.273915053851549	D:0.742976533140082	D:0.0130105651721403	D:0.167207124537308	D:6	S:TRUE	S:FALSE	S:TRUE	S:FALSE	S:ARHGAP4	S:TRUE	S:TRUE	S:TRUE
S:Bak1	D:0.472062685239608	D:0.0116786992091656	D:0.0345125773489699	D:-0.199153519280421	D:0.30076449127012	D:0.601451991757885	D:0.671216204520029	D:0.0130135601278396	D:0.167207124537308	D:6	S:TRUE	S:FALSE	S:TRUE	S:FALSE	S:BAK1	S:TRUE	S:TRUE	S:TRUE
S:Man2c1	D:0.531270600857282	D:0.000638704933049753	D:0.00372912028175237	D:-0.00618430683936033	D:0.967259225998034	D:0.989972094181076	D:0.537454907696643	D:0.013128877935626	D:0.167362632540388	D:6	S:TRUE	S:FALSE	S:TRUE	S:FALSE	S:MAN2C1	S:TRUE	S:TRUE	S:TRUE
S:Ap1g2	D:0.836851508461153	D:0.00243863373994936	D:0.010478881615228	D:-0.117383246224537	D:0.659075604508412	D:0.868001354658161	D:0.954234754685689	D:0.0131407447134106	D:0.167362632540388	D:6	S:TRUE	S:FALSE	S:TRUE	S:FALSE	S:AP1G2	S:TRUE	S:TRUE	S:TRUE
S:Fcgr3	D:0.523337078039594	D:0.0000074863331387222	D:0.000110868690956773	D:0.134129359170013	D:0.214464700202248	D:0.501033273139	D:0.389207718869581	D:0.013145854921453	D:0.167362632540388	D:6	S:TRUE	S:FALSE	S:TRUE	S:FALSE	S:FCGR3	S:TRUE	S:TRUE	S:TRUE
S:Gnb2l1	D:0.536862979676919	D:0.000817922493032094	D:0.00451084399263446	D:-0.0191483504036247	D:0.902485803541327	D:0.96888354768523	D:0.556011330080544	D:0.0131504213643848	D:0.167362632540388	D:6	S:TRUE	S:FALSE	S:TRUE	S:FALSE	S:GNB2L1	S:TRUE	S:TRUE	S:TRUE
S:Abcf3	D:0.380475467798024	D:0.00045844835195234	D:0.00287547051421251	D:0.00459960036052908	D:0.965346901779433	D:0.989346014654107	D:0.375875867437495	D:0.0131748351338717	D:0.167362632540388	D:6	S:TRUE	S:FALSE	S:TRUE	S:FALSE	S:ABCF3	S:TRUE	S:TRUE	S:TRUE
S:2810428i15rik	D:0.735827427290764	D:0.00489829989797667	D:0.0177648648110463	D:-0.181830898533586	D:0.483657870510349	D:0.760457941919462	D:0.91765832582435	D:0.0132233924932042	D:0.167362632540388	D:6	S:TRUE	S:FALSE	S:TRUE	S:FALSE	S:2810428I15RIK	S:TRUE	S:TRUE	S:TRUE
S:Nmt1	D:0.314700907290684	D:0.0000501255933586034	D:0.000507997438931108	D:0.0501600702327911	D:0.50027410105171	D:0.771521326111136	D:0.264540837057893	D:0.0132521382092106	D:0.167362632540388	D:6	S:TRUE	S:FALSE	S:TRUE	S:FALSE	S:NMT1	S:TRUE	S:TRUE	S:TRUE
S:Rassf2	D:0.214321456346483	D:0.0107176290390946	D:0.0323516684904972	D:-0.0789616398711654	D:0.338117033666614	D:0.639789334383818	D:0.293283096217649	D:0.0132645197153974	D:0.167362632540388	D:6	S:TRUE	S:FALSE	S:TRUE	S:FALSE	S:RASSF2	S:TRUE	S:TRUE	S:TRUE
S:Hax1	D:0.760593970754447	D:0.0000000000410086771655093	D:0.00000000551143074855728	D:0.39578930956535	D:0.000200415985273946	D:0.00389248756578059	D:0.364804661189097	D:0.0132873503939136	D:0.167362632540388	D:6	S:TRUE	S:TRUE	S:TRUE	S:FALSE	S:HAX1	S:TRUE	S:TRUE	S:TRUE
S:Tm7sf2	D:0.427434595215026	D:0.0126636083929073	D:0.0366264749223962	D:-0.185459325400941	D:0.293576003567376	D:0.59453389750969	D:0.612893920615967	D:0.0133744237644177	D:0.167362632540388	D:6	S:TRUE	S:FALSE	S:TRUE	S:FALSE	S:TM7SF2	S:TRUE	S:TRUE	S:TRUE
S:Tppp3	D:1.1945794691261	D:0.00196164540749424	D:0.00883758588428202	D:-0.140820226701975	D:0.708587262513386	D:0.891583259457114	D:1.33539969582808	D:0.0135619341466286	D:0.167362632540388	D:6	S:TRUE	S:FALSE	S:TRUE	S:FALSE	S:TPPP3	S:TRUE	S:TRUE	S:TRUE
S:Tbc1d14	D:0.209279426387728	D:0.000103196784266803	D:0.000902264441737284	D:0.0255888650892668	D:0.62148293564556	D:0.848706353161981	D:0.183690561298461	D:0.0135818454699618	D:0.167362632540388	D:6	S:TRUE	S:FALSE	S:TRUE	S:FALSE	S:TBC1D14	S:TRUE	S:TRUE	S:TRUE
S:Exosc4	D:0.327841100375863	D:0.0108087153635384	D:0.0325415555652388	D:-0.132406082592472	D:0.321229057158703	D:0.622458488037651	D:0.460247182968335	D:0.0136307544207063	D:0.167362632540388	D:6	S:TRUE	S:FALSE	S:TRUE	S:FALSE	S:EXOSC4	S:TRUE	S:TRUE	S:TRUE
S:Matk	D:0.977741853494046	D:0.00051745677695933	D:0.003159337508094	D:0.00137399984704167	D:0.996064854098486	D:0.998556235290974	D:0.976367853647004	D:0.0137265668476407	D:0.167362632540388	D:6	S:TRUE	S:FALSE	S:TRUE	S:FALSE	S:MATK	S:TRUE	S:TRUE	S:TRUE
S:Tubgcp3	D:0.152304473227506	D:0.00349609784872628	D:0.0137347329113652	D:-0.0286001019277782	D:0.576667907068543	D:0.821210808381633	D:0.180904575155284	D:0.013735645886662	D:0.167362632540388	D:6	S:TRUE	S:FALSE	S:TRUE	S:FALSE	S:TUBGCP3	S:TRUE	S:TRUE	S:TRUE
S:Taf8	D:0.534151211341721	D:0.00107994678252589	D:0.00562999283623106	D:-0.0297187328366064	D:0.852412571653719	D:0.950477734764324	D:0.563869944178327	D:0.0137633601721614	D:0.167362632540388	D:6	S:TRUE	S:FALSE	S:TRUE	S:FALSE	S:TAF8	S:TRUE	S:TRUE	S:TRUE
S:Stard13	D:0.372569733478688	D:0.00113517834210611	D:0.00584190593447493	D:-0.0154547947157786	D:0.886156206874624	D:0.964426342728415	D:0.388024528194467	D:0.0137822929072193	D:0.167362632540388	D:6	S:TRUE	S:FALSE	S:TRUE	S:FALSE	S:STARD13	S:TRUE	S:TRUE	S:TRUE
S:Tada2b	D:0.177091710214738	D:0.000339620077715121	D:0.00227442095766011	D:0.00881451399500576	D:0.852291598232612	D:0.950477734764324	D:0.168277196219733	D:0.0137965802639227	D:0.167362632540388	D:6	S:TRUE	S:FALSE	S:TRUE	S:FALSE	S:TADA2B	S:TRUE	S:TRUE	S:TRUE
S:Pnoc	D:0.599601033170014	D:0.00514212342663346	D:0.0184903420984399	D:-0.172457618172101	D:0.447100799287662	D:0.736770576071184	D:0.772058651342115	D:0.0138709345477048	D:0.167480279268423	D:6	S:TRUE	S:FALSE	S:TRUE	S:FALSE	S:PNOC	S:TRUE	S:TRUE	S:TRUE
S:Elovl1	D:0.761807698202313	D:0.000000348250416712918	D:0.00000909877008482046	D:0.272833191007708	D:0.0489605041406557	D:0.204392513043035	D:0.488974507194605	D:0.0138985469434456	D:0.167669989721841	D:6	S:TRUE	S:FALSE	S:TRUE	S:FALSE	S:ELOVL1	S:TRUE	S:TRUE	S:TRUE
S:Smtn	D:1.13593862867272	D:0.00228772577316183	D:0.00994530536446311	D:-0.112609680778675	D:0.742943945186011	D:0.90567269171622	D:1.2485483094514	D:0.0139611070589816	D:0.167965870715312	D:6	S:TRUE	S:FALSE	S:TRUE	S:FALSE	S:SMTN	S:TRUE	S:TRUE	S:TRUE
S:Gm17470	D:0.812418125787498	D:0.000169576704485751	D:0.00133340031750647	D:0.0508140196598712	D:0.819693167033487	D:0.937546562352211	D:0.761604106127627	D:0.0139649043816686	D:0.167965870715312	D:6	S:TRUE	S:FALSE	S:TRUE	S:FALSE	S:GM17470	S:TRUE	S:TRUE	S:TRUE
S:Arhgap23	D:0.450127406293992	D:0.00122967034304838	D:0.00619154670956748	D:-0.0273580843937031	D:0.839367929844085	D:0.944765113167927	D:0.477485490687696	D:0.013987815193058	D:0.168112018904875	D:6	S:TRUE	S:FALSE	S:TRUE	S:FALSE	S:ARHGAP23	S:TRUE	S:TRUE	S:TRUE
S:Dcdc2b	D:1.30711970189829	D:0.000453504592463235	D:0.00284903729499219	D:0.0217632063676903	D:0.952757332368183	D:0.985693543649001	D:1.2853564955306	D:0.0140107671201759	D:0.168258436191874	D:6	S:TRUE	S:FALSE	S:TRUE	S:FALSE	S:DCDC2B	S:TRUE	S:TRUE	S:TRUE
S:Fgfr1	D:0.67153394595608	D:0.00000100151886284561	D:0.0000214059243681256	D:0.216913159949831	D:0.0947668129273461	D:0.309239249438527	D:0.454620786006249	D:0.0140606277109091	D:0.168339653145781	D:6	S:TRUE	S:FALSE	S:TRUE	S:FALSE	S:FGFR1	S:TRUE	S:TRUE	S:TRUE
S:Ddx23	D:0.584288792542437	D:0.000471791114170115	D:0.00294908919833517	D:0.0114424216885984	D:0.94404915103714	D:0.983454023697047	D:0.572846370853838	D:0.0141004538473291	D:0.168401734483382	D:6	S:TRUE	S:FALSE	S:TRUE	S:FALSE	S:DDX23	S:TRUE	S:TRUE	S:TRUE
S:Thbs4	D:1.46815237382197	D:0.00165358349979682	D:0.00773961957845255	D:-0.101890002975885	D:0.815358688619326	D:0.935877472156065	D:1.57004237679785	D:0.0141763301047526	D:0.169077085157752	D:6	S:TRUE	S:FALSE	S:TRUE	S:FALSE	S:THBS4	S:TRUE	S:TRUE	S:TRUE
S:Stx5a	D:0.37978937997499	D:0.000248068986917629	D:0.00178363085669629	D:0.0247075455393935	D:0.80786826160753	D:0.934583713813908	D:0.355081834435596	D:0.0142248158021734	D:0.169458026120628	D:6	S:TRUE	S:FALSE	S:TRUE	S:FALSE	S:STX5A	S:TRUE	S:TRUE	S:TRUE
S:Ccdc13	D:1.07510343837995	D:0.00224778287905205	D:0.00979644431981855	D:-0.163722008590233	D:0.649734882443109	D:0.86216765518727	D:1.23882544697019	D:0.014278535338157	D:0.169777653061922	D:6	S:TRUE	S:FALSE	S:TRUE	S:FALSE	S:CCDC13	S:TRUE	S:TRUE	S:TRUE
S:Ddx39	D:0.651412624200438	D:0.0000438570304836606	D:0.000457119575901743	D:0.103982666278584	D:0.513074644952025	D:0.780324954028078	D:0.547429957921854	D:0.0143881425969682	D:0.169950619285	D:6	S:TRUE	S:FALSE	S:TRUE	S:FALSE	S:DDX39	S:TRUE	S:TRUE	S:TRUE
S:Snx22	D:0.723886687356416	D:0.000449842039062002	D:0.00283629217849262	D:0.0265751866263613	D:0.892829580297996	D:0.965813627529227	D:0.697311500730054	D:0.0144615729546071	D:0.169950619285	D:6	S:TRUE	S:FALSE	S:TRUE	S:FALSE	S:SNX22	S:TRUE	S:TRUE	S:TRUE
S:Chdh	D:0.512201670595873	D:0.0188406458201277	D:0.0490104692214755	D:-0.224544237274047	D:0.273733154461385	D:0.572301191663948	D:0.73674590786992	D:0.0145036587347384	D:0.169950619285	D:6	S:TRUE	S:FALSE	S:TRUE	S:FALSE	S:CHDH	S:TRUE	S:TRUE	S:TRUE
S:Bmp1	D:0.695760307760412	D:0.0017490716598232	D:0.00808027664490768	D:-0.0721757984420153	D:0.744065841183324	D:0.906334383027707	D:0.767936106202427	D:0.0145739508457253	D:0.169950619285	D:6	S:TRUE	S:FALSE	S:TRUE	S:FALSE	S:BMP1	S:TRUE	S:TRUE	S:TRUE
S:Evc	D:0.49519481089585	D:0.00381060292123039	D:0.0146590806005251	D:-0.0754000156763355	D:0.632707566544049	D:0.85403222632261	D:0.570594826572185	D:0.0145835366671757	D:0.169950619285	D:6	S:TRUE	S:FALSE	S:TRUE	S:FALSE	S:EVC	S:TRUE	S:TRUE	S:TRUE
S:Vsig2	D:0.539396984000131	D:0.00667721689697068	D:0.0227058159464573	D:-0.135719173480803	D:0.475704823035957	D:0.755930437071031	D:0.675116157480935	D:0.0146584318981636	D:0.170404270816152	D:6	S:TRUE	S:FALSE	S:TRUE	S:FALSE	S:VSIG2	S:TRUE	S:TRUE	S:TRUE
S:Wdr54	D:0.494297690724862	D:0.0034264855564324	D:0.0135122186607016	D:-0.0921626784338581	D:0.586938851449708	D:0.826553003368528	D:0.58646036915872	D:0.0146963308557754	D:0.170717824007906	D:6	S:TRUE	S:FALSE	S:TRUE	S:FALSE	S:WDR54	S:TRUE	S:TRUE	S:TRUE
S:Epn2	D:0.214445453275756	D:0.000325762253188421	D:0.00220429166037933	D:0.0126237688237731	D:0.826719014203133	D:0.938769528129656	D:0.201821684451983	D:0.0148266329176083	D:0.171485743975168	D:6	S:TRUE	S:FALSE	S:TRUE	S:FALSE	S:EPN2	S:TRUE	S:TRUE	S:TRUE
S:Coasy	D:0.457026214488278	D:0.00483375092843585	D:0.0176084225940503	D:-0.106287556348145	D:0.515020156323936	D:0.781562521806169	D:0.563313770836424	D:0.0148392681678461	D:0.171485743975168	D:6	S:TRUE	S:FALSE	S:TRUE	S:FALSE	S:COASY	S:TRUE	S:TRUE	S:TRUE
S:A4galt	D:1.08005196774661	D:0.0000473941488539316	D:0.000486202351735933	D:0.207836110354816	D:0.396198607899993	D:0.695607040097707	D:0.872215857391795	D:0.0148840662923553	D:0.171641083938242	D:6	S:TRUE	S:FALSE	S:TRUE	S:FALSE	S:A4GALT	S:TRUE	S:TRUE	S:TRUE
S:Col11a1	D:0.463872617972931	D:0.00331052921785678	D:0.013184733239815	D:-0.0978124597729835	D:0.557783009669025	D:0.809694576129123	D:0.561685077745915	D:0.0149401289666746	D:0.171641083938242	D:6	S:TRUE	S:FALSE	S:TRUE	S:FALSE	S:COL11A1	S:TRUE	S:TRUE	S:TRUE
S:Chkb	D:0.226395253442986	D:0.0060190379597835	D:0.0208768072764097	D:-0.0548537036101528	D:0.494429193143083	D:0.767863929475612	D:0.281248957053139	D:0.0149910098405398	D:0.171641083938242	D:6	S:TRUE	S:FALSE	S:TRUE	S:FALSE	S:CHKB	S:TRUE	S:TRUE	S:TRUE
S:Lrp10	D:0.685703487184459	D:0.003664498388325	D:0.0142352369018373	D:-0.156284811539086	D:0.533634322642187	D:0.794341690012843	D:0.841988298723545	D:0.0150074251411597	D:0.171641083938242	D:6	S:TRUE	S:FALSE	S:TRUE	S:FALSE	S:LRP10	S:TRUE	S:TRUE	S:TRUE
S:Eef1d	D:0.698560713551311	D:0.0000285532159281204	D:0.00032563171216128	D:0.137819380032131	D:0.394885680446614	D:0.6944693062898	D:0.56074133351918	D:0.0150174962713503	D:0.171641083938242	D:6	S:TRUE	S:FALSE	S:TRUE	S:FALSE	S:EEF1D	S:TRUE	S:TRUE	S:TRUE
S:Pofut2	D:1.05986159125433	D:0.0000431901400534453	D:0.00045107135574534	D:0.175268041804047	D:0.498450641861153	D:0.770534095610857	D:0.884593549450279	D:0.0150495231418892	D:0.171797130503815	D:6	S:TRUE	S:FALSE	S:TRUE	S:FALSE	S:POFUT2	S:TRUE	S:TRUE	S:TRUE
S:Plod3	D:0.775759055399855	D:0.000116741075106371	D:0.000993957519643113	D:0.0840746433539987	D:0.67840753959028	D:0.87887362673573	D:0.691684412045856	D:0.0151035304107557	D:0.171798680482807	D:6	S:TRUE	S:FALSE	S:TRUE	S:FALSE	S:PLOD3	S:TRUE	S:TRUE	S:TRUE
S:Preb	D:0.336103124384386	D:0.00327132231250842	D:0.0130719027648674	D:-0.0561476424565193	D:0.619824304389197	D:0.847289068074768	D:0.392250766840905	D:0.015119251514584	D:0.171798680482807	D:6	S:TRUE	S:FALSE	S:TRUE	S:FALSE	S:PREB	S:TRUE	S:TRUE	S:TRUE
S:Chst10	D:0.385924042869524	D:0.000000000111657205619615	D:0.000000012460944147149	D:0.199572740553076	D:0.000307250042444037	D:0.00533979384109636	D:0.186351302316448	D:0.0152025330339602	D:0.172337425280543	D:6	S:TRUE	S:TRUE	S:TRUE	S:FALSE	S:CHST10	S:TRUE	S:TRUE	S:TRUE
S:Dcps	D:0.533310845097504	D:0.0000202004204627817	D:0.000250088248265056	D:0.116151714647968	D:0.334604777559012	D:0.636404144229944	D:0.417159130449536	D:0.0152107852958186	D:0.172337425280543	D:6	S:TRUE	S:FALSE	S:TRUE	S:FALSE	S:DCPS	S:TRUE	S:TRUE	S:TRUE
S:Clcn2	D:0.742310726929962	D:0.0012840495810556	D:0.00638307052319847	D:-0.0440609922498663	D:0.84618378540637	D:0.948252789756374	D:0.786371719179829	D:0.0152855819952126	D:0.172548579914001	D:6	S:TRUE	S:FALSE	S:TRUE	S:FALSE	S:CLCN2	S:TRUE	S:TRUE	S:TRUE
S:Oaf	D:0.819718683185386	D:0.000572013956939089	D:0.00342157199969997	D:0.0214270734077942	D:0.925052268118039	D:0.977086368676198	D:0.798291609777591	D:0.0153088265660541	D:0.172548579914001	D:6	S:TRUE	S:FALSE	S:TRUE	S:FALSE	S:OAF	S:TRUE	S:TRUE	S:TRUE
S:Dusp15	D:0.64167459855566	D:0.00000124065226600298	D:0.0000254716833167287	D:0.206792570166243	D:0.101978365471217	D:0.322141120526141	D:0.434882028389417	D:0.0153657337436675	D:0.172548579914001	D:6	S:TRUE	S:FALSE	S:TRUE	S:FALSE	S:DUSP15	S:TRUE	S:TRUE	S:TRUE
S:Il18bp	D:0.623333318985716	D:0.000108371358337432	D:0.000938782067579293	D:0.0794179666058334	D:0.614972473815052	D:0.844411251613431	D:0.543915352379882	D:0.0153810393444735	D:0.172548579914001	D:6	S:TRUE	S:FALSE	S:TRUE	S:FALSE	S:IL18BP	S:TRUE	S:TRUE	S:TRUE
S:Atg16l2	D:0.885150625758927	D:0.0000031890544930271	D:0.0000552392321497289	D:0.262034565186381	D:0.144887810608745	D:0.397644505889056	D:0.623116060572546	D:0.0153890128206628	D:0.172548579914001	D:6	S:TRUE	S:FALSE	S:TRUE	S:FALSE	S:ATG16L2	S:TRUE	S:TRUE	S:TRUE
S:H2-Ke6	D:1.069307882737	D:0.000103674409620186	D:0.000905933431714641	D:0.151997124991343	D:0.563537465881422	D:0.813894376680656	D:0.91731075774566	D:0.0154723861021195	D:0.172548579914001	D:6	S:TRUE	S:FALSE	S:TRUE	S:FALSE	S:H2-KE6	S:TRUE	S:TRUE	S:TRUE
S:2900092e17rik	D:1.13828182999307	D:0.00000240791598735272	D:0.000043593602996986	D:0.34099672576176	D:0.1428709890541	D:0.394309320280133	D:0.797285104231305	D:0.015552575305437	D:0.172816364513942	D:6	S:TRUE	S:FALSE	S:TRUE	S:FALSE	S:2900092E17RIK	S:TRUE	S:TRUE	S:TRUE
S:Ech1	D:0.533973086110111	D:0.00461013639652251	D:0.0170160101722816	D:-0.110610987071363	D:0.553742333647337	D:0.806172826896856	D:0.644584073181474	D:0.015581553844327	D:0.172816364513942	D:6	S:TRUE	S:FALSE	S:TRUE	S:FALSE	S:ECH1	S:TRUE	S:TRUE	S:TRUE
S:Ivd	D:0.292018759753117	D:0.000937174327228714	D:0.00502276065043863	D:-0.00590371761581653	D:0.945150469220596	D:0.983616334317304	D:0.297922477368934	D:0.0155856311587764	D:0.172816364513942	D:6	S:TRUE	S:FALSE	S:TRUE	S:FALSE	S:IVD	S:TRUE	S:TRUE	S:TRUE
S:Rasd2	D:0.487981162536999	D:0.00145456975912423	D:0.00702509981964668	D:-0.0303383624871181	D:0.839012845463331	D:0.944637652051531	D:0.518319525024117	D:0.0156151494097801	D:0.172816364513942	D:6	S:TRUE	S:FALSE	S:TRUE	S:FALSE	S:RASD2	S:TRUE	S:TRUE	S:TRUE
S:Wtip	D:0.689623715926522	D:0.0168242221162515	D:0.0451264628917276	D:-0.308310299551932	D:0.290402865741269	D:0.590878838568796	D:0.997934015478454	D:0.0156437784992229	D:0.172816364513942	D:6	S:TRUE	S:FALSE	S:TRUE	S:FALSE	S:WTIP	S:TRUE	S:TRUE	S:TRUE
S:Sssca1	D:0.684209912789636	D:0.0000000481154269983924	D:0.00000179278662628097	D:0.27215854007847	D:0.0272610898616879	D:0.138964850896904	D:0.412051372711166	D:0.0156942698689077	D:0.173168977706084	D:6	S:TRUE	S:FALSE	S:TRUE	S:FALSE	S:SSSCA1	S:TRUE	S:TRUE	S:TRUE
S:Lgals4	D:0.818050549745934	D:0.0012757251042583	D:0.00634774809838588	D:-0.0321691611935848	D:0.894739525050946	D:0.966548418454462	D:0.850219710939519	D:0.0157170861371529	D:0.173298344253265	D:6	S:TRUE	S:FALSE	S:TRUE	S:FALSE	S:LGALS4	S:TRUE	S:TRUE	S:TRUE
S:Slc35a4	D:0.460829328027637	D:0.000398371981890175	D:0.00257409588298267	D:0.0214756653826491	D:0.866240583721443	D:0.95573355554437	D:0.439353662644987	D:0.0157429175606157	D:0.173460750329379	D:6	S:TRUE	S:FALSE	S:TRUE	S:FALSE	S:SLC35A4	S:TRUE	S:TRUE	S:TRUE
S:Fndc8	D:1.77577902776724	D:0.000000109900685361607	D:0.00000355504825691459	D:0.734241645466653	D:0.0131140045836128	D:0.0837666425242708	D:1.04153738230059	D:0.0159160061213847	D:0.174091168200089	D:6	S:TRUE	S:FALSE	S:TRUE	S:FALSE	S:FNDC8	S:TRUE	S:TRUE	S:TRUE
S:Mettl17	D:0.648566677680444	D:0.000000037214569911662	D:0.00000145360110074952	D:0.272132716443463	D:0.0139026814631804	D:0.0873755008772047	D:0.376433961236981	D:0.0159542581857517	D:0.174091168200089	D:6	S:TRUE	S:FALSE	S:TRUE	S:FALSE	S:METTL17	S:TRUE	S:TRUE	S:TRUE
S:Coq6	D:0.497920068620852	D:0.00171213582634621	D:0.00794711668084324	D:-0.0423922847477685	D:0.787949910230154	D:0.928293455773158	D:0.540312353368621	D:0.0159644155281546	D:0.174091168200089	D:6	S:TRUE	S:FALSE	S:TRUE	S:FALSE	S:COQ6	S:TRUE	S:TRUE	S:TRUE
S:Ctns	D:0.315617114522378	D:0.0000544505946778444	D:0.000541180719622545	D:0.0542664784156717	D:0.477256150154764	D:0.757064461236193	D:0.261350636106706	D:0.0160360745780164	D:0.174091168200089	D:6	S:TRUE	S:FALSE	S:TRUE	S:FALSE	S:CTNS	S:TRUE	S:TRUE	S:TRUE
S:Grwd1	D:0.610031121737199	D:0.00124666242137748	D:0.00625493053037953	D:-0.0449921911088169	D:0.817562443395274	D:0.936516239179565	D:0.655023312846016	D:0.0160825829148589	D:0.174091168200089	D:6	S:TRUE	S:FALSE	S:TRUE	S:FALSE	S:GRWD1	S:TRUE	S:TRUE	S:TRUE
S:Psmc4	D:0.457222489714957	D:0.0000557247446915076	D:0.000552789467339755	D:0.0794497842845381	D:0.470699309797677	D:0.75250240624976	D:0.377772705430419	D:0.0161135989343026	D:0.174091168200089	D:6	S:TRUE	S:FALSE	S:TRUE	S:FALSE	S:PSMC4	S:TRUE	S:TRUE	S:TRUE
S:Anapc2	D:0.451055593529817	D:0.00341812610800212	D:0.0134889986981714	D:-0.0710112911381895	D:0.639642719544288	D:0.857393432580641	D:0.522066884668006	D:0.0161253177205687	D:0.174091168200089	D:6	S:TRUE	S:FALSE	S:TRUE	S:FALSE	S:ANAPC2	S:TRUE	S:TRUE	S:TRUE
S:Polr3c	D:0.274388915887434	D:0.00411196990629174	D:0.0155520256150816	D:-0.0507762361190185	D:0.592159481143958	D:0.830150239706484	D:0.325165152006452	D:0.0161527695519993	D:0.174091168200089	D:6	S:TRUE	S:FALSE	S:TRUE	S:FALSE	S:POLR3C	S:TRUE	S:TRUE	S:TRUE
S:Zfp276	D:0.949948440827356	D:0.0000033255618251286	D:0.000056987010851479	D:0.280732266033639	D:0.151629731796603	D:0.407772330689617	D:0.669216174793717	D:0.0161875454196266	D:0.174091168200089	D:6	S:TRUE	S:FALSE	S:TRUE	S:FALSE	S:ZFP276	S:TRUE	S:TRUE	S:TRUE
S:Mamdc4	D:1.8103337236118	D:0.000049060765667878	D:0.000499365083254023	D:0.383708565664508	D:0.337810457047662	D:0.63944062599862	D:1.42662515794729	D:0.0162235497247395	D:0.174091168200089	D:6	S:TRUE	S:FALSE	S:TRUE	S:FALSE	S:MAMDC4	S:TRUE	S:TRUE	S:TRUE
S:Pttg1	D:0.254742327139865	D:0.00217472664565395	D:0.00956855227026118	D:-0.0237720283053884	D:0.767954324821287	D:0.918371096135308	D:0.278514355445253	D:0.0163773276743767	D:0.174542542690629	D:6	S:TRUE	S:FALSE	S:TRUE	S:FALSE	S:PTTG1	S:TRUE	S:TRUE	S:TRUE
S:Hcls1	D:0.503725774614245	D:0.0120079762916814	D:0.0351734776572643	D:-0.184266514464114	D:0.363146821676517	D:0.66387745679463	D:0.687992289078359	D:0.0164307297019568	D:0.174598166411481	D:6	S:TRUE	S:FALSE	S:TRUE	S:FALSE	S:HCLS1	S:TRUE	S:TRUE	S:TRUE
S:Fastk	D:0.656309966359869	D:0.00550772367647206	D:0.0194845601532561	D:-0.166107130094323	D:0.499751088934554	D:0.771247630730292	D:0.822417096454192	D:0.0164831218290408	D:0.174598166411481	D:6	S:TRUE	S:FALSE	S:TRUE	S:FALSE	S:FASTK	S:TRUE	S:TRUE	S:TRUE
S:Pttg1ip	D:0.174784428221402	D:0.00172760028621344	D:0.00800475292757975	D:-0.011913249813067	D:0.825899639612833	D:0.938667052397679	D:0.186697678034469	D:0.0165371446311305	D:0.174696651600259	D:6	S:TRUE	S:FALSE	S:TRUE	S:FALSE	S:PTTG1IP	S:TRUE	S:TRUE	S:TRUE
S:Lrrc45	D:1.10198219892914	D:0.000932242541523068	D:0.00500933345946151	D:-0.0140753305121848	D:0.965492836998687	D:0.98936578246655	D:1.11605752944133	D:0.0165567701817872	D:0.174785795486651	D:6	S:TRUE	S:FALSE	S:TRUE	S:FALSE	S:LRRC45	S:TRUE	S:TRUE	S:TRUE
S:Cfp	D:1.72901550489172	D:0.00000000927411443926896	D:0.000000478213742571413	D:0.77451923797119	D:0.00663664426312385	D:0.051459518594068	D:0.954496266920525	D:0.016661141452193	D:0.175177438794794	D:6	S:TRUE	S:FALSE	S:TRUE	S:FALSE	S:CFP	S:TRUE	S:TRUE	S:TRUE
S:Men1	D:0.568117035575414	D:0.00194883751322332	D:0.00880527394638556	D:-0.055037321352386	D:0.764799835521706	D:0.916703692381368	D:0.6231543569278	D:0.0167059823976177	D:0.175530779408459	D:6	S:TRUE	S:FALSE	S:TRUE	S:FALSE	S:MEN1	S:TRUE	S:TRUE	S:TRUE
S:Ankrd13b	D:0.909875625703867	D:0.000256744831777583	D:0.00183168093684609	D:0.0672801521938666	D:0.788055442432667	D:0.928293455773158	D:0.84259547351	D:0.0167257917986697	D:0.175552793734086	D:6	S:TRUE	S:FALSE	S:TRUE	S:FALSE	S:ANKRD13B	S:TRUE	S:TRUE	S:TRUE
S:Gm10629	D:1.33280697324158	D:0.0053529476738006	D:0.0190598118631405	D:-0.184581476415117	D:0.654993987159115	D:0.864984029699435	D:1.5173884496567	D:0.016733356069105	D:0.175552793734086	D:6	S:TRUE	S:FALSE	S:TRUE	S:FALSE	S:GM10629	S:TRUE	S:TRUE	S:TRUE
S:Sart1	D:0.635569819609212	D:0.000200469269665036	D:0.00150946114180555	D:0.0657689268060082	D:0.694659019074321	D:0.885168033668371	D:0.569800892803204	D:0.0168922849802296	D:0.176202629993475	D:6	S:TRUE	S:FALSE	S:TRUE	S:FALSE	S:SART1	S:TRUE	S:TRUE	S:TRUE
S:Spsb1	D:0.633852522347427	D:0.00248945815063332	D:0.0106329398976203	D:-0.0683154589683133	D:0.73892917621768	D:0.903437628079273	D:0.70216798131574	D:0.0168993856200416	D:0.176202629993475	D:6	S:TRUE	S:FALSE	S:TRUE	S:FALSE	S:SPSB1	S:TRUE	S:TRUE	S:TRUE
S:Eme2	D:0.398074322238019	D:0.00329370534105945	D:0.0131277684307941	D:-0.0633519748106681	D:0.643217969517713	D:0.858726085616894	D:0.461426297048687	D:0.0169110581003562	D:0.176202629993475	D:6	S:TRUE	S:FALSE	S:TRUE	S:FALSE	S:EME2	S:TRUE	S:TRUE	S:TRUE
S:Fcho1	D:0.824902662908543	D:0.00255570625439154	D:0.0108506398148406	D:-0.113887740038369	D:0.68500100521096	D:0.881203591831255	D:0.938790402946912	D:0.0169538702562656	D:0.176202629993475	D:6	S:TRUE	S:FALSE	S:TRUE	S:FALSE	S:FCHO1	S:TRUE	S:TRUE	S:TRUE
S:5830416p10rik	D:0.808744847408087	D:0.000387502812747376	D:0.00252017818569742	D:0.0540034177537306	D:0.806095430952668	D:0.934404644390811	D:0.754741429654357	D:0.0169651953264549	D:0.176202629993475	D:6	S:TRUE	S:FALSE	S:TRUE	S:FALSE	S:5830416P10RIK	S:TRUE	S:TRUE	S:TRUE
S:Capns1	D:0.461820842122007	D:0.00272001552772785	D:0.0113781854364712	D:-0.0554068536856347	D:0.714719739209238	D:0.893199584498891	D:0.517227695807642	D:0.0170200324594566	D:0.176202629993475	D:6	S:TRUE	S:FALSE	S:TRUE	S:FALSE	S:CAPNS1	S:TRUE	S:TRUE	S:TRUE
S:Rem2	D:0.678874745089479	D:0.000867260682471846	D:0.00472457493129014	D:-0.0341469363241844	D:0.875938280933336	D:0.959042317001146	D:0.713021681413664	D:0.0172502154776625	D:0.176361921985446	D:6	S:TRUE	S:FALSE	S:TRUE	S:FALSE	S:REM2	S:TRUE	S:TRUE	S:TRUE
S:Ppie	D:0.407118501516966	D:0.00284618056461458	D:0.0117891636112243	D:-0.0516444466344987	D:0.70246004014789	D:0.888561044738214	D:0.458762948151465	D:0.0172518462889329	D:0.176361921985446	D:6	S:TRUE	S:FALSE	S:TRUE	S:FALSE	S:PPIE	S:TRUE	S:TRUE	S:TRUE
S:Nkd1	D:0.485967763697483	D:0.0054348722810788	D:0.0192878586232582	D:-0.107670148880048	D:0.541183596654697	D:0.799154759434881	D:0.593637912577531	D:0.0172566354237793	D:0.176361921985446	D:6	S:TRUE	S:FALSE	S:TRUE	S:FALSE	S:NKD1	S:TRUE	S:TRUE	S:TRUE
S:Apitd1	D:0.808011691867994	D:0.0030612100253462	D:0.0124488145330581	D:-0.1250378644371	D:0.655667948125492	D:0.865654556490847	D:0.933049556305094	D:0.0174731075156243	D:0.177074883628323	D:6	S:TRUE	S:FALSE	S:TRUE	S:FALSE	S:APITD1	S:TRUE	S:TRUE	S:TRUE
S:Gnai2	D:0.442437599305237	D:0.0144594514020393	D:0.0404647087059758	D:-0.166089101851087	D:0.354049181008578	D:0.655310672244901	D:0.608526701156324	D:0.017509708387678	D:0.177074883628323	D:6	S:TRUE	S:FALSE	S:TRUE	S:FALSE	S:GNAI2	S:TRUE	S:TRUE	S:TRUE
S:Clu	D:0.395518316580061	D:0.00495012094138039	D:0.0179319747916251	D:-0.0747861895191155	D:0.588330816475749	D:0.827593470479617	D:0.470304506099177	D:0.0175412449468023	D:0.177074883628323	D:6	S:TRUE	S:FALSE	S:TRUE	S:FALSE	S:CLU	S:TRUE	S:TRUE	S:TRUE
S:Tmem200a	D:0.572869104278768	D:0.0000160963580688669	D:0.000208531922444425	D:0.139961140524928	D:0.274279659800809	D:0.573137007453236	D:0.43290796375384	D:0.0175753299860077	D:0.177074883628323	D:6	S:TRUE	S:FALSE	S:TRUE	S:FALSE	S:TMEM200A	S:TRUE	S:TRUE	S:TRUE
S:Nr1h2	D:0.884504837701626	D:0.00248913156577927	D:0.0106329398976203	D:-0.120863933479095	D:0.691338769922053	D:0.88384558884397	D:1.00536877118072	D:0.0175860821598533	D:0.177074883628323	D:6	S:TRUE	S:FALSE	S:TRUE	S:FALSE	S:NR1H2	S:TRUE	S:TRUE	S:TRUE
S:Txnl4a	D:0.618556676930142	D:0.000000000514928304857841	D:0.0000000427938289101006	D:0.30969530946208	D:0.00102696887629626	D:0.0128878407415686	D:0.308861367468062	D:0.0176615338441499	D:0.177074883628323	D:6	S:TRUE	S:TRUE	S:TRUE	S:FALSE	S:TXNL4A	S:TRUE	S:TRUE	S:TRUE
S:Ccdc37	D:0.910958218707552	D:0.0000266013034279893	D:0.000308551421498815	D:0.191221611079055	D:0.376394252423104	D:0.677509654361588	D:0.719736607628496	D:0.0176788837211869	D:0.177074883628323	D:6	S:TRUE	S:FALSE	S:TRUE	S:FALSE	S:CCDC37	S:TRUE	S:TRUE	S:TRUE
S:Tm2d2	D:0.411096363201406	D:0.0010496556729569	D:0.00549223718495601	D:-0.0085796523150945	D:0.945115555231938	D:0.983616334317304	D:0.4196760155165	D:0.0177126575546113	D:0.177074883628323	D:6	S:TRUE	S:FALSE	S:TRUE	S:FALSE	S:TM2D2	S:TRUE	S:TRUE	S:TRUE
S:Casc3	D:0.318698977659361	D:0.0000023330885872469	D:0.000042534627872982	D:0.102460461145522	D:0.108926683554978	D:0.333503920020179	D:0.216238516513839	D:0.0177418496788736	D:0.177135389414334	D:6	S:TRUE	S:FALSE	S:TRUE	S:FALSE	S:CASC3	S:TRUE	S:TRUE	S:TRUE
S:Scly	D:0.416901728668202	D:0.0123574257994294	D:0.0359686477859912	D:-0.145858071606544	D:0.382884333723817	D:0.683642747182002	D:0.562759800274745	D:0.0177430161567737	D:0.177135389414334	D:6	S:TRUE	S:FALSE	S:TRUE	S:FALSE	S:SCLY	S:TRUE	S:TRUE	S:TRUE
S:Uckl1	D:0.327742378225426	D:0.015791809963256	D:0.0431725702302559	D:-0.128365284964469	D:0.340689845369773	D:0.641859175697255	D:0.456107663189894	D:0.0177647357971526	D:0.177238973240557	D:6	S:TRUE	S:FALSE	S:TRUE	S:FALSE	S:UCKL1	S:TRUE	S:TRUE	S:TRUE
S:Kri1	D:0.713744972796749	D:0.0000711933109542195	D:0.000672505616897657	D:0.123759211676599	D:0.480018437620659	D:0.758092395571129	D:0.58998576112015	D:0.0179300226215409	D:0.17731735776638	D:6	S:TRUE	S:FALSE	S:TRUE	S:FALSE	S:KRI1	S:TRUE	S:TRUE	S:TRUE
S:Fam122a	D:0.523415538550042	D:0.00864007200978257	D:0.0275494867511924	D:-0.157672716513197	D:0.443014749201927	D:0.734393893000627	D:0.681088255063239	D:0.0179569270730275	D:0.17731735776638	D:6	S:TRUE	S:FALSE	S:TRUE	S:FALSE	S:FAM122A	S:TRUE	S:TRUE	S:TRUE
S:Htr5b	D:1.71852108635805	D:0.000000000415264124908073	D:0.0000000358457828042195	D:0.930409466744408	D:0.0000367220379822921	D:0.00102637767698628	D:0.788111619613643	D:0.0179726955170962	D:0.17731735776638	D:6	S:TRUE	S:TRUE	S:TRUE	S:FALSE	S:HTR5B	S:TRUE	S:TRUE	S:TRUE
S:B3galt5	D:0.310359267076845	D:0.0125600594623088	D:0.0363876078322109	D:-0.0989653668120072	D:0.406278502627974	D:0.703612784806468	D:0.409324633888852	D:0.0180770615929773	D:0.17731735776638	D:6	S:TRUE	S:FALSE	S:TRUE	S:FALSE	S:B3GALT5	S:TRUE	S:TRUE	S:TRUE
S:Tmem120a	D:0.685068769179887	D:0.0000788595332972907	D:0.000726046757947478	D:0.116699085614397	D:0.489510402691886	D:0.765346795922948	D:0.56836968356549	D:0.0181170797399554	D:0.17731735776638	D:6	S:TRUE	S:FALSE	S:TRUE	S:FALSE	S:TMEM120A	S:TRUE	S:TRUE	S:TRUE
S:Itpkc	D:0.678044097222341	D:0.000118941261839466	D:0.00100777563719079	D:0.0926057974665366	D:0.598941264870722	D:0.834596313112768	D:0.585438299755805	D:0.0181817433906289	D:0.17731735776638	D:6	S:TRUE	S:FALSE	S:TRUE	S:FALSE	S:ITPKC	S:TRUE	S:TRUE	S:TRUE
S:Plod1	D:0.810153523524189	D:0.000435974739814113	D:0.00276672190692758	D:0.0320079554779542	D:0.892153092086328	D:0.965662382844273	D:0.778145568046235	D:0.0181915033345106	D:0.17731735776638	D:6	S:TRUE	S:FALSE	S:TRUE	S:FALSE	S:PLOD1	S:TRUE	S:TRUE	S:TRUE
S:Aimp2	D:0.500678123898253	D:0.000329874446309812	D:0.00222729401432346	D:0.035234838966721	D:0.801173797029226	D:0.932407598676745	D:0.465443284931532	D:0.018212207174812	D:0.17731735776638	D:6	S:TRUE	S:FALSE	S:TRUE	S:FALSE	S:AIMP2	S:TRUE	S:TRUE	S:TRUE
S:Pecam1	D:0.322037030728949	D:0.000606383734170287	D:0.00358597254454071	D:0.0103254734663398	D:0.911517066172246	D:0.972802973549873	D:0.311711557262609	D:0.0182122552821974	D:0.17731735776638	D:6	S:TRUE	S:FALSE	S:TRUE	S:FALSE	S:PECAM1	S:TRUE	S:TRUE	S:TRUE
S:Tcte1	D:0.869394726636726	D:0.00000000000000247354937248268	D:0.00000000000133264604812653	D:0.554951887027796	D:0.0000000387832429406801	D:0.00000383512270699485	D:0.31444283960893	D:0.0182130744647308	D:0.17731735776638	D:6	S:TRUE	S:TRUE	S:TRUE	S:FALSE	S:TCTE1	S:TRUE	S:TRUE	S:TRUE
S:Mthfsd	D:0.65733887243394	D:0.00115155616645613	D:0.00590479604355454	D:-0.0251979049027593	D:0.902698164495191	D:0.96888354768523	D:0.682536777336699	D:0.0182213405405821	D:0.17731735776638	D:6	S:TRUE	S:FALSE	S:TRUE	S:FALSE	S:MTHFSD	S:TRUE	S:TRUE	S:TRUE
S:Mapkapk2	D:0.488078436806059	D:0.0000490580204181518	D:0.000499365083254023	D:0.0970725070538796	D:0.40244004661046	D:0.700269883978374	D:0.391005929752179	D:0.0182264788689182	D:0.17731735776638	D:6	S:TRUE	S:FALSE	S:TRUE	S:FALSE	S:MAPKAPK2	S:TRUE	S:TRUE	S:TRUE
S:Lman2	D:0.707100114449211	D:0.000000000672866736034945	D:0.0000000544708284135233	D:0.355970721375791	D:0.000890546548707826	D:0.0116923523336228	D:0.351129393073419	D:0.0183175527282273	D:0.177488995514026	D:6	S:TRUE	S:TRUE	S:TRUE	S:FALSE	S:LMAN2	S:TRUE	S:TRUE	S:TRUE
S:Gm12264	D:0.823833160532461	D:0.00882584840089234	D:0.0279989960234603	D:-0.238212273743242	D:0.455302207441604	D:0.741994430282208	D:1.0620454342757	D:0.0183564550444864	D:0.177669493301464	D:6	S:TRUE	S:FALSE	S:TRUE	S:FALSE	S:GM12264	S:TRUE	S:TRUE	S:TRUE
S:Ttc4	D:0.387562312259957	D:0.0000000102693822092522	D:0.000000510983527507504	D:0.177990109607173	D:0.00495333576296273	D:0.0421519161005064	D:0.209572202652784	D:0.0185135749324291	D:0.177793105942135	D:6	S:TRUE	S:TRUE	S:TRUE	S:FALSE	S:TTC4	S:TRUE	S:TRUE	S:TRUE
S:Glo1	D:0.143477575549282	D:0.0084866047091979	D:0.027169257396256	D:-0.03707979875891	D:0.48744954340222	D:0.763730575000375	D:0.180557374308192	D:0.0185226291992187	D:0.177793105942135	D:6	S:TRUE	S:FALSE	S:TRUE	S:FALSE	S:GLO1	S:TRUE	S:TRUE	S:TRUE
S:Sdf2	D:0.396738938824543	D:0.000261325273110868	D:0.00185841878337924	D:0.0375212276055281	D:0.727577414652598	D:0.898260296467751	D:0.359217711219014	D:0.0185259599819403	D:0.177793105942135	D:6	S:TRUE	S:FALSE	S:TRUE	S:FALSE	S:SDF2	S:TRUE	S:TRUE	S:TRUE
S:Fndc5	D:0.237882203508785	D:0.0175537003798299	D:0.0465318993441571	D:-0.0969153606674782	D:0.331091078193532	D:0.632392054486032	D:0.334797564176263	D:0.01853223921266	D:0.177793105942135	D:6	S:TRUE	S:FALSE	S:TRUE	S:FALSE	S:FNDC5	S:TRUE	S:TRUE	S:TRUE
S:Cacna1h	D:0.73214951098115	D:0.00139120443996591	D:0.00679255567813358	D:-0.0248612615414352	D:0.91209580602375	D:0.972802973549873	D:0.757010772522585	D:0.018557537465555	D:0.177793105942135	D:6	S:TRUE	S:FALSE	S:TRUE	S:FALSE	S:CACNA1H	S:TRUE	S:TRUE	S:TRUE
S:2310061i04rik	D:0.434090252546738	D:0.0000513139218475929	D:0.000516245148066189	D:0.084556946553203	D:0.418621659154854	D:0.714813639632288	D:0.349533305993535	D:0.0186032493059228	D:0.178098754384643	D:6	S:TRUE	S:FALSE	S:TRUE	S:FALSE	S:2310061I04RIK	S:TRUE	S:TRUE	S:TRUE
S:Gfer	D:0.395796552816776	D:0.0113657853993489	D:0.0338503681051137	D:-0.139153164919671	D:0.394694732246509	D:0.694342367533392	D:0.534949717736447	D:0.0186927890613805	D:0.178475333686943	D:6	S:TRUE	S:FALSE	S:TRUE	S:FALSE	S:GFER	S:TRUE	S:TRUE	S:TRUE
S:Rrp9	D:1.04322708507975	D:0.000204837492847755	D:0.00153507165389071	D:0.107511375014279	D:0.704691050088847	D:0.8894965692338	D:0.935715710065468	D:0.0186956176759824	D:0.178475333686943	D:6	S:TRUE	S:FALSE	S:TRUE	S:FALSE	S:RRP9	S:TRUE	S:TRUE	S:TRUE
S:Dgka	D:0.223669297755461	D:0.018203576040542	D:0.0477301622468294	D:-0.0875327637530816	D:0.338168271927035	D:0.639808801233712	D:0.311202061508543	D:0.0187351412257912	D:0.178475333686943	D:6	S:TRUE	S:FALSE	S:TRUE	S:FALSE	S:DGKA	S:TRUE	S:TRUE	S:TRUE
S:Mthfd1	D:0.285243383537714	D:0.00310495190263794	D:0.0125808528337176	D:-0.0342445298299285	D:0.719141633756683	D:0.894207504386159	D:0.319487913367642	D:0.0187504870465206	D:0.178475333686943	D:6	S:TRUE	S:FALSE	S:TRUE	S:FALSE	S:MTHFD1	S:TRUE	S:TRUE	S:TRUE
S:Idh2	D:0.521917992751153	D:0.0072158841480297	D:0.0240848053682581	D:-0.126885747659804	D:0.513874839913885	D:0.780933809825361	D:0.648803740410957	D:0.0187568163027369	D:0.178475333686943	D:6	S:TRUE	S:FALSE	S:TRUE	S:FALSE	S:IDH2	S:TRUE	S:TRUE	S:TRUE
S:Pdcd2l	D:0.467445003623381	D:0.00730055808154543	D:0.0243347261623505	D:-0.11295629857892	D:0.515464037377153	D:0.781676222457599	D:0.580401302202301	D:0.0188455788869403	D:0.178660885588999	D:6	S:TRUE	S:FALSE	S:TRUE	S:FALSE	S:PDCD2L	S:TRUE	S:TRUE	S:TRUE
S:Gldc	D:0.326052994965585	D:0.00260830707693783	D:0.0110290094100343	D:-0.036748034237748	D:0.737405071015796	D:0.90298744647314	D:0.362801029203333	D:0.0188611324883529	D:0.178660885588999	D:6	S:TRUE	S:FALSE	S:TRUE	S:FALSE	S:GLDC	S:TRUE	S:TRUE	S:TRUE
S:Mrpl24	D:0.381408341273366	D:0.00000200477037556379	D:0.0000376472744565007	D:0.125043801618971	D:0.105471227448436	D:0.327545708140403	D:0.256364539654395	D:0.0189438622184618	D:0.178715871066906	D:6	S:TRUE	S:FALSE	S:TRUE	S:FALSE	S:MRPL24	S:TRUE	S:TRUE	S:TRUE
S:1700024p16rik	D:0.867520745056155	D:0.00778081819261907	D:0.0255259670252922	D:-0.21737185172818	D:0.503653091852516	D:0.774439120864453	D:1.08489259678433	D:0.0189771633302416	D:0.178715871066906	D:6	S:TRUE	S:FALSE	S:TRUE	S:FALSE	S:1700024P16RIK	S:TRUE	S:TRUE	S:TRUE
S:Ctbp2	D:0.397121342519743	D:0.0000572482659592981	D:0.000563964002111017	D:0.0771541104151812	D:0.420523499083766	D:0.715948474412636	D:0.319967232104561	D:0.0190113328045875	D:0.178715871066906	D:6	S:TRUE	S:FALSE	S:TRUE	S:FALSE	S:CTBP2	S:TRUE	S:TRUE	S:TRUE
S:Pdrg1	D:0.231395443072802	D:0.0066278630874192	D:0.022580404029184	D:-0.0514908477601894	D:0.543053349558645	D:0.80066674846695	D:0.282886290832992	D:0.0190384986757881	D:0.178715871066906	D:6	S:TRUE	S:FALSE	S:TRUE	S:FALSE	S:PDRG1	S:TRUE	S:TRUE	S:TRUE
S:Caly	D:0.638191813278737	D:0.0101543482452936	D:0.0310971445499715	D:-0.199224882033923	D:0.433779194331995	D:0.726873244556315	D:0.83741669531266	D:0.0191261939698236	D:0.178715871066906	D:6	S:TRUE	S:FALSE	S:TRUE	S:FALSE	S:CALY	S:TRUE	S:TRUE	S:TRUE
S:Polg	D:0.344854187707732	D:0.00305184476740006	D:0.012417193397359	D:-0.0384445072757478	D:0.736718673191754	D:0.902571359675995	D:0.38329869498348	D:0.019139049665307	D:0.178715871066906	D:6	S:TRUE	S:FALSE	S:TRUE	S:FALSE	S:POLG	S:TRUE	S:TRUE	S:TRUE
S:Bc017643	D:0.351154003153658	D:0.000494078295273719	D:0.00305238405905756	D:0.0182182657389536	D:0.856274503244954	D:0.95200221066167	D:0.332935737414704	D:0.0192078654694478	D:0.178715871066906	D:6	S:TRUE	S:FALSE	S:TRUE	S:FALSE	S:BC017643	S:TRUE	S:TRUE	S:TRUE
S:Ccdc130	D:0.499761832107495	D:0.00637012787509745	D:0.0218596261630843	D:-0.121045130538403	D:0.524149225275662	D:0.787509135080964	D:0.620806962645898	D:0.0192113998172634	D:0.178715871066906	D:6	S:TRUE	S:FALSE	S:TRUE	S:FALSE	S:CCDC130	S:TRUE	S:TRUE	S:TRUE
S:Tuba1b	D:0.411234532892699	D:0.00548807306263342	D:0.0194390509024223	D:-0.0777740028400382	D:0.59478886471379	D:0.831821355729603	D:0.489008535732737	D:0.0192452332783288	D:0.178715871066906	D:6	S:TRUE	S:FALSE	S:TRUE	S:FALSE	S:TUBA1B	S:TRUE	S:TRUE	S:TRUE
S:Nt5c1a	D:0.921741017743381	D:0.00902354671342729	D:0.0284700916499572	D:-0.233816861474412	D:0.494105922016627	D:0.767863929475612	D:1.15555787921779	D:0.0192592650273756	D:0.178715871066906	D:6	S:TRUE	S:FALSE	S:TRUE	S:FALSE	S:NT5C1A	S:TRUE	S:TRUE	S:TRUE
S:Lrpap1	D:0.316577140531123	D:0.00233672830937034	D:0.0101189143862534	D:-0.0244519950687829	D:0.809933704402686	D:0.934777977697526	D:0.341029135599906	D:0.0192772573349387	D:0.178715871066906	D:6	S:TRUE	S:FALSE	S:TRUE	S:FALSE	S:LRPAP1	S:TRUE	S:TRUE	S:TRUE
S:Akr7a5	D:1.09563688276748	D:0.000463365467945354	D:0.00290165213273675	D:0.0333655910255559	D:0.919319564291117	D:0.975531224065481	D:1.06227129174192	D:0.0192996028710843	D:0.178715871066906	D:6	S:TRUE	S:FALSE	S:TRUE	S:FALSE	S:AKR7A5	S:TRUE	S:TRUE	S:TRUE
S:Tsc2	D:0.379675577681579	D:0.00360474860058931	D:0.0140520439460098	D:-0.0488692748053925	D:0.702290409162935	D:0.888561044738214	D:0.428544852486971	D:0.0193116732355211	D:0.178715871066906	D:6	S:TRUE	S:FALSE	S:TRUE	S:FALSE	S:TSC2	S:TRUE	S:TRUE	S:TRUE
S:Rapgef3	D:0.907497112326657	D:0.000302461876653094	D:0.00208087378283925	D:0.0960079607548963	D:0.6904055549588	D:0.883592430428923	D:0.811489151571761	D:0.019322130708749	D:0.178715871066906	D:6	S:TRUE	S:FALSE	S:TRUE	S:FALSE	S:RAPGEF3	S:TRUE	S:TRUE	S:TRUE
S:Mrps35	D:0.379890879510152	D:0.0000136783485458687	D:0.000182036216082328	D:0.10139397641419	D:0.223202218118335	D:0.51226504674656	D:0.278496903095962	D:0.0193443735310627	D:0.178715871066906	D:6	S:TRUE	S:FALSE	S:TRUE	S:FALSE	S:MRPS35	S:TRUE	S:TRUE	S:TRUE
S:Mmp15	D:0.653287079025374	D:0.00611654416526175	D:0.0211333228744028	D:-0.157420934529	D:0.528410794739824	D:0.790339867606262	D:0.810708013554374	D:0.0193717400992392	D:0.178747327925007	D:6	S:TRUE	S:FALSE	S:TRUE	S:FALSE	S:MMP15	S:TRUE	S:TRUE	S:TRUE
S:Sgce	D:0.206068253588324	D:0.00132870597324042	D:0.00654467280135828	D:-0.00412747455045003	D:0.94767314360705	D:0.984381320148971	D:0.210195728138774	D:0.0194249619920677	D:0.178880134041808	D:6	S:TRUE	S:FALSE	S:TRUE	S:FALSE	S:SGCE	S:TRUE	S:TRUE	S:TRUE
S:Myg1	D:0.621962872881315	D:0.00000588916511237432	D:0.0000915545430007327	D:0.1794399814135	D:0.182701493246754	D:0.455994909023527	D:0.442522891467815	D:0.0194840325685189	D:0.178880134041808	D:6	S:TRUE	S:FALSE	S:TRUE	S:FALSE	S:MYG1	S:TRUE	S:TRUE	S:TRUE
S:Tjap1	D:1.26916023723677	D:0.00000642017112758737	D:0.0000979577672826417	D:0.368997983249161	D:0.175168446462372	D:0.445230487640818	D:0.900162253987614	D:0.019523722153212	D:0.178880134041808	D:6	S:TRUE	S:FALSE	S:TRUE	S:FALSE	S:TJAP1	S:TRUE	S:TRUE	S:TRUE
S:Ankrd40	D:0.186363867602028	D:0.0000106260855295856	D:0.000148233893137719	D:0.0517445060877666	D:0.199899538541156	D:0.481554708344757	D:0.134619361514261	D:0.0195627954468061	D:0.178880134041808	D:6	S:TRUE	S:FALSE	S:TRUE	S:FALSE	S:ANKRD40	S:TRUE	S:TRUE	S:TRUE
S:Dpysl4	D:0.649709256496737	D:0.000186230179681379	D:0.00142700359359581	D:0.0852538055585601	D:0.615384505021535	D:0.844643383007374	D:0.564455450938177	D:0.0195910450993608	D:0.178880134041808	D:6	S:TRUE	S:FALSE	S:TRUE	S:FALSE	S:DPYSL4	S:TRUE	S:TRUE	S:TRUE
S:Smcr7	D:0.688403755129201	D:0.00195730593718179	D:0.00883113861412604	D:-0.0544660598055469	D:0.810418336705139	D:0.934984194403621	D:0.742869814934748	D:0.019640132479098	D:0.178880134041808	D:6	S:TRUE	S:FALSE	S:TRUE	S:FALSE	S:SMCR7	S:TRUE	S:TRUE	S:TRUE
S:Phf1	D:0.493943852160466	D:0.0130323015522512	D:0.0374210917404431	D:-0.151941717996321	D:0.425225931307798	D:0.719410471421753	D:0.645885570156787	D:0.0196620079026414	D:0.178880134041808	D:6	S:TRUE	S:FALSE	S:TRUE	S:FALSE	S:PHF1	S:TRUE	S:TRUE	S:TRUE
S:Nudt22	D:0.824454333655814	D:0.0127316511155741	D:0.0367952087325421	D:-0.369364665737569	D:0.339194597515628	D:0.64027744250141	D:1.19381899939338	D:0.019689907828534	D:0.178880134041808	D:6	S:TRUE	S:FALSE	S:TRUE	S:FALSE	S:NUDT22	S:TRUE	S:TRUE	S:TRUE
S:Nudt1	D:0.641873244365078	D:0.0136653431670698	D:0.038749060189165	D:-0.226969558708766	D:0.389915171248722	D:0.689456160659805	D:0.868842803073844	D:0.0197614840267914	D:0.17918097260148	D:6	S:TRUE	S:FALSE	S:TRUE	S:FALSE	S:NUDT1	S:TRUE	S:TRUE	S:TRUE
S:Mapk8ip1	D:0.605522708022017	D:0.000612497479109982	D:0.00361119268438277	D:0.0323667471615314	D:0.850315384549705	D:0.949931784168257	D:0.573155960860485	D:0.0197666544547383	D:0.17918097260148	D:6	S:TRUE	S:FALSE	S:TRUE	S:FALSE	S:MAPK8IP1	S:TRUE	S:TRUE	S:TRUE
S:Ptgds	D:0.754591481317302	D:0.00296701045782361	D:0.0121894744656945	D:-0.0763563062563968	D:0.759284728043297	D:0.913969593831636	D:0.830947787573699	D:0.0198184055886828	D:0.179261866827676	D:6	S:TRUE	S:FALSE	S:TRUE	S:FALSE	S:PTGDS	S:TRUE	S:TRUE	S:TRUE
S:Celsr3	D:0.580133439848199	D:0.0030910195385375	D:0.0125439192909376	D:-0.058948181153279	D:0.757647682252769	D:0.913668368903771	D:0.639081621001478	D:0.0198690556781362	D:0.179261866827676	D:6	S:TRUE	S:FALSE	S:TRUE	S:FALSE	S:CELSR3	S:TRUE	S:TRUE	S:TRUE
S:Idh3g	D:0.384371207501553	D:0.000689963390154087	D:0.0039545077064444	D:0.017141424933059	D:0.876156466685433	D:0.959155593854625	D:0.367229782568494	D:0.0198720912279529	D:0.179261866827676	D:6	S:TRUE	S:FALSE	S:TRUE	S:FALSE	S:IDH3G	S:TRUE	S:TRUE	S:TRUE
S:Atg16l1	D:0.260355316688647	D:0.000436649887994682	D:0.00276879693509845	D:0.0210348049453799	D:0.769427674880166	D:0.919358977694074	D:0.239320511743267	D:0.0199690759856381	D:0.17992897531696	D:6	S:TRUE	S:FALSE	S:TRUE	S:FALSE	S:ATG16L1	S:TRUE	S:TRUE	S:TRUE
S:Coq4	D:0.391869066615103	D:0.00232441791868734	D:0.0100795741220014	D:-0.0358738581758695	D:0.783983865077601	D:0.927010924549076	D:0.427742924790973	D:0.0200488333176579	D:0.180306774828475	D:6	S:TRUE	S:FALSE	S:TRUE	S:FALSE	S:COQ4	S:TRUE	S:TRUE	S:TRUE
S:Tars2	D:0.531583830186343	D:0.0000953595533767338	D:0.000847978179828167	D:0.0934271619203004	D:0.479402700280559	D:0.757707319542754	D:0.438156668266043	D:0.0200801765806309	D:0.180409821101655	D:6	S:TRUE	S:FALSE	S:TRUE	S:FALSE	S:TARS2	S:TRUE	S:TRUE	S:TRUE
S:Mbd6	D:0.825681173677706	D:0.000481177787063201	D:0.00299280324246634	D:0.0646908215657338	D:0.776322231115239	D:0.922477938958518	D:0.760990352111972	D:0.0201550302907517	D:0.180513800990284	D:6	S:TRUE	S:FALSE	S:TRUE	S:FALSE	S:MBD6	S:TRUE	S:TRUE	S:TRUE
S:Csnk1d	D:0.376070611372279	D:0.000012176990963153	D:0.000165293924247004	D:0.103816592506948	D:0.205663265538188	D:0.489454927655133	D:0.272254018865332	D:0.020171035040825	D:0.180513800990284	D:6	S:TRUE	S:FALSE	S:TRUE	S:FALSE	S:CSNK1D	S:TRUE	S:TRUE	S:TRUE
S:Zfp532	D:0.338097677412781	D:0.00000145735179911774	D:0.0000290800313019355	D:0.118959401400216	D:0.0724699712659907	D:0.261615256714381	D:0.219138276012566	D:0.0202950901011749	D:0.180513800990284	D:6	S:TRUE	S:FALSE	S:TRUE	S:FALSE	S:ZFP532	S:TRUE	S:TRUE	S:TRUE
S:Pold2	D:0.731211743354023	D:0.0137116324847284	D:0.0388521120677179	D:-0.261255394221724	D:0.391590506199355	D:0.69194866193833	D:0.992467137575747	D:0.0203323953128511	D:0.180513800990284	D:6	S:TRUE	S:FALSE	S:TRUE	S:FALSE	S:POLD2	S:TRUE	S:TRUE	S:TRUE
S:Ntsr2	D:0.425084869235758	D:0.00165190220645922	D:0.00773660673672631	D:-0.0194254245997092	D:0.886071138957244	D:0.964400938702053	D:0.444510293835467	D:0.0203657938346308	D:0.180513800990284	D:6	S:TRUE	S:FALSE	S:TRUE	S:FALSE	S:NTSR2	S:TRUE	S:TRUE	S:TRUE
S:Arid5a	D:1.17491024604731	D:0.000000310981187319073	D:0.00000831981176485135	D:0.449650029944065	D:0.0449568995513211	D:0.19296884576644	D:0.725260216103243	D:0.0203996380812753	D:0.180513800990284	D:6	S:TRUE	S:FALSE	S:TRUE	S:FALSE	S:ARID5A	S:TRUE	S:TRUE	S:TRUE
S:Zfp511	D:0.503103481310164	D:0.0000278326342053751	D:0.000318343394454451	D:0.11484577826824	D:0.335113574731554	D:0.636728017950358	D:0.388257703041924	D:0.0204181771128142	D:0.180513800990284	D:6	S:TRUE	S:FALSE	S:TRUE	S:FALSE	S:ZFP511	S:TRUE	S:TRUE	S:TRUE
S:Ccdc85b	D:0.295239790422546	D:0.00534230342601642	D:0.0190392675018432	D:-0.0488791621943583	D:0.635667205175849	D:0.855219531014162	D:0.344118952616904	D:0.0204193448649607	D:0.180513800990284	D:6	S:TRUE	S:FALSE	S:TRUE	S:FALSE	S:CCDC85B	S:TRUE	S:TRUE	S:TRUE
S:Cdk18	D:0.505745029059407	D:0.0171223060467454	D:0.0457375465334843	D:-0.201157738763912	D:0.353034543244297	D:0.654130837446016	D:0.706902767823319	D:0.0204247713800132	D:0.180513800990284	D:6	S:TRUE	S:FALSE	S:TRUE	S:FALSE	S:CDK18	S:TRUE	S:TRUE	S:TRUE
S:Cbara1	D:0.285161776570869	D:0.016239162498888	D:0.0440530410345013	D:-0.104684606522557	D:0.374504542807225	D:0.675018019941249	D:0.389846383093427	D:0.020438358547863	D:0.180513800990284	D:6	S:TRUE	S:FALSE	S:TRUE	S:FALSE	S:CBARA1	S:TRUE	S:TRUE	S:TRUE
S:Pik3r5	D:0.490616729204947	D:0.0137635154255279	D:0.0389496766905357	D:-0.170603105404821	D:0.399254784978124	D:0.69814849026281	D:0.661219834609768	D:0.0205440039409873	D:0.180618541285431	D:6	S:TRUE	S:FALSE	S:TRUE	S:FALSE	S:PIK3R5	S:TRUE	S:TRUE	S:TRUE
S:Rpn2	D:0.284598864099927	D:0.0000348992630561396	D:0.000377346772310814	D:0.0662001731581379	D:0.315554650841425	D:0.617667986061942	D:0.218398690941789	D:0.0205605477859638	D:0.180618541285431	D:6	S:TRUE	S:FALSE	S:TRUE	S:FALSE	S:RPN2	S:TRUE	S:TRUE	S:TRUE
S:Pycr2	D:0.667194666204471	D:0.00336748151753055	D:0.0133488476678409	D:-0.0852044273790882	D:0.711945599149409	D:0.892149252604471	D:0.752399093583559	D:0.0206106117829487	D:0.180618541285431	D:6	S:TRUE	S:FALSE	S:TRUE	S:FALSE	S:PYCR2	S:TRUE	S:TRUE	S:TRUE
S:Slc25a19	D:0.575111095571745	D:0.00142819071499991	D:0.00692767827729234	D:-0.0115464384840629	D:0.948218766418244	D:0.984710535494759	D:0.586657534055808	D:0.0206116781688915	D:0.180618541285431	D:6	S:TRUE	S:FALSE	S:TRUE	S:FALSE	S:SLC25A19	S:TRUE	S:TRUE	S:TRUE
S:Chst8	D:1.46234285717484	D:0.0000126307025828259	D:0.0001704163187859	D:0.420036935100581	D:0.176837925548506	D:0.446929108503696	D:1.04230592207426	D:0.020640325863486	D:0.180618541285431	D:6	S:TRUE	S:FALSE	S:TRUE	S:FALSE	S:CHST8	S:TRUE	S:TRUE	S:TRUE
S:Evi5l	D:0.375514649081921	D:0.00875482842673803	D:0.0278132247538339	D:-0.0932746628318117	D:0.511085908050125	D:0.778880435031821	D:0.468789311913733	D:0.0206479704870781	D:0.180618541285431	D:6	S:TRUE	S:FALSE	S:TRUE	S:FALSE	S:EVI5L	S:TRUE	S:TRUE	S:TRUE
S:Gtpbp2	D:0.741517246044891	D:0.00000860644409094159	D:0.000124803194405641	D:0.212993498192668	D:0.186413502484062	D:0.461702572296011	D:0.528523747852223	D:0.0207045447671664	D:0.180618541285431	D:6	S:TRUE	S:FALSE	S:TRUE	S:FALSE	S:GTPBP2	S:TRUE	S:TRUE	S:TRUE
S:9930005f22rik	D:2.10201554050868	D:0.000225847018834906	D:0.00165198212653397	D:0.177387037986225	D:0.771070005923041	D:0.920054816904047	D:1.92462850252245	D:0.0207747406115504	D:0.180689170389322	D:6	S:TRUE	S:FALSE	S:TRUE	S:FALSE	S:9930005F22RIK	S:TRUE	S:TRUE	S:TRUE
S:D2wsu81e	D:0.536971116829632	D:0.0063199911405008	D:0.0217257517225929	D:-0.12028951085478	D:0.554794777475651	D:0.807032228715544	D:0.657260627684412	D:0.0207842155796475	D:0.180689170389322	D:6	S:TRUE	S:FALSE	S:TRUE	S:FALSE	S:D2WSU81E	S:TRUE	S:TRUE	S:TRUE
S:1110021j02rik	D:0.492077299603291	D:0.00000254099322979298	D:0.0000457653231728889	D:0.168333337283122	D:0.0842053462158266	D:0.28696335748777	D:0.323743962320169	D:0.0208254087019996	D:0.180689170389322	D:6	S:TRUE	S:FALSE	S:TRUE	S:FALSE	S:1110021J02RIK	S:TRUE	S:TRUE	S:TRUE
S:Thoc5	D:0.412834202804687	D:0.0000580229699233223	D:0.000570157787472949	D:0.0835603867831543	D:0.406058217715468	D:0.703588066273314	D:0.329273816021533	D:0.0208845091505214	D:0.180689170389322	D:6	S:TRUE	S:FALSE	S:TRUE	S:FALSE	S:THOC5	S:TRUE	S:TRUE	S:TRUE
S:Amt	D:0.68393100173936	D:0.00000202572752554687	D:0.0000378135804768749	D:0.230532408668999	D:0.09772987245966	D:0.314636622153251	D:0.453398593070362	D:0.0209264640268392	D:0.180783909409841	D:6	S:TRUE	S:FALSE	S:TRUE	S:FALSE	S:AMT	S:TRUE	S:TRUE	S:TRUE
S:Aup1	D:0.779647137338434	D:0.000108792758029133	D:0.00094099564708643	D:0.128148415757164	D:0.522418837112634	D:0.786346041526762	D:0.651498721581271	D:0.0210499360704635	D:0.181403310074419	D:6	S:TRUE	S:FALSE	S:TRUE	S:FALSE	S:AUP1	S:TRUE	S:TRUE	S:TRUE
S:Adam8	D:2.07850361895018	D:0.000000000327351559617293	D:0.0000000292259472426319	D:1.09624222078968	D:0.000357568258895385	D:0.00601669749549827	D:0.9822613981605	D:0.0211479534937137	D:0.181846794378526	D:6	S:TRUE	S:TRUE	S:TRUE	S:FALSE	S:ADAM8	S:TRUE	S:TRUE	S:TRUE
S:Psmc1	D:0.279243446791435	D:0.000000220520302783775	D:0.00000624624745009485	D:0.113633286305665	D:0.0253583847500195	D:0.132730118369951	D:0.16561016048577	D:0.0213265962660253	D:0.182564758763046	D:6	S:TRUE	S:FALSE	S:TRUE	S:FALSE	S:PSMC1	S:TRUE	S:TRUE	S:TRUE
S:Clcn7	D:0.366163720753712	D:0.0053305080330792	D:0.0190059008463782	D:-0.0615884538800922	D:0.636997857307014	D:0.856211811227061	D:0.427752174633804	D:0.0213547690856947	D:0.182564758763046	D:6	S:TRUE	S:FALSE	S:TRUE	S:FALSE	S:CLCN7	S:TRUE	S:TRUE	S:TRUE
S:Slc48a1	D:0.309753518880774	D:0.0156633236335994	D:0.0428888483090355	D:-0.10714011348289	D:0.39755248827104	D:0.696932616038796	D:0.416893632363664	D:0.0213599832961372	D:0.182564758763046	D:6	S:TRUE	S:FALSE	S:TRUE	S:FALSE	S:SLC48A1	S:TRUE	S:TRUE	S:TRUE
S:Pnpla6	D:0.61410046270862	D:0.00406066337804202	D:0.0153989817035264	D:-0.084451103178643	D:0.693535266289962	D:0.884691878957712	D:0.698551565887263	D:0.0213811959005545	D:0.182646148031856	D:6	S:TRUE	S:FALSE	S:TRUE	S:FALSE	S:PNPLA6	S:TRUE	S:TRUE	S:TRUE
S:Abhd14a	D:0.884994528494952	D:0.000785800088526073	D:0.00436760604166893	D:0.0200592372429451	D:0.940487676552714	D:0.982603593102646	D:0.864935291252007	D:0.0214937413167304	D:0.182707090761208	D:6	S:TRUE	S:FALSE	S:TRUE	S:FALSE	S:ABHD14A	S:TRUE	S:TRUE	S:TRUE
S:Tmcc2	D:0.425372498382502	D:0.00125595451058306	D:0.0062882218102893	D:0.00208895537808651	D:0.987034581666336	D:0.995533599313471	D:0.423283543004415	D:0.0215295732784315	D:0.182707090761208	D:6	S:TRUE	S:FALSE	S:TRUE	S:FALSE	S:TMCC2	S:TRUE	S:TRUE	S:TRUE
S:Puf60	D:0.475499452555353	D:0.00358538213746678	D:0.013987018855376	D:-0.0539883770221818	D:0.738665547988504	D:0.903395439790056	D:0.529487829577535	D:0.0215907736648279	D:0.182707090761208	D:6	S:TRUE	S:FALSE	S:TRUE	S:FALSE	S:PUF60	S:TRUE	S:TRUE	S:TRUE
S:Tysnd1	D:0.681978090319145	D:0.0000237674420045381	D:0.00028174697562891	D:0.158876109220024	D:0.332413899385534	D:0.633833874054136	D:0.523101981099121	D:0.0215910934037632	D:0.182707090761208	D:6	S:TRUE	S:FALSE	S:TRUE	S:FALSE	S:TYSND1	S:TRUE	S:TRUE	S:TRUE
S:Hmg20b	D:0.558167888550055	D:0.00652343595202009	D:0.0222780684840135	D:-0.113721142449353	D:0.582803594000438	D:0.823972794558216	D:0.671889030999409	D:0.0216694650151708	D:0.182707090761208	D:6	S:TRUE	S:FALSE	S:TRUE	S:FALSE	S:HMG20B	S:TRUE	S:TRUE	S:TRUE
S:Skiv2l	D:0.622317059520856	D:0.00279281833994377	D:0.0116112277124219	D:-0.053631356883681	D:0.796185015198567	D:0.93085461267577	D:0.675948416404538	D:0.0217736328529132	D:0.183145384488912	D:6	S:TRUE	S:FALSE	S:TRUE	S:FALSE	S:SKIV2L	S:TRUE	S:TRUE	S:TRUE
S:Leng8	D:0.404602509587817	D:0.00504456389674928	D:0.018219201646512	D:-0.0600813772174735	D:0.670904345850482	D:0.874173088113412	D:0.46468388680529	D:0.0218457988960397	D:0.183343269420173	D:6	S:TRUE	S:FALSE	S:TRUE	S:FALSE	S:LENG8	S:TRUE	S:TRUE	S:TRUE
S:Ppan	D:0.852576419589729	D:0.00250127823592643	D:0.0106805059191349	D:-0.0671272162575511	D:0.813405037122618	D:0.935487136276885	D:0.91970363584728	D:0.021911018695977	D:0.183343269420173	D:6	S:TRUE	S:FALSE	S:TRUE	S:FALSE	S:PPAN	S:TRUE	S:TRUE	S:TRUE
S:Tpra1	D:0.612590147881136	D:0.00303661039409795	D:0.0123774896225754	D:-0.0622186461165755	D:0.765779076365007	D:0.917244119068297	D:0.674808793997711	D:0.0219510716530688	D:0.183343269420173	D:6	S:TRUE	S:FALSE	S:TRUE	S:FALSE	S:TPRA1	S:TRUE	S:TRUE	S:TRUE
S:Fcgrt	D:0.656070435032998	D:0.00287184247745211	D:0.0118765661375627	D:-0.0696250255656565	D:0.759017082149781	D:0.913908977459015	D:0.725695460598655	D:0.0220250787987054	D:0.183343269420173	D:6	S:TRUE	S:FALSE	S:TRUE	S:FALSE	S:FCGRT	S:TRUE	S:TRUE	S:TRUE
S:Fchsd1	D:0.713848971560227	D:0.00100598266118674	D:0.00530458086344304	D:0.0241783019549506	D:0.90799981552928	D:0.97141804422278	D:0.689670669605276	D:0.022044904429871	D:0.183343269420173	D:6	S:TRUE	S:FALSE	S:TRUE	S:FALSE	S:FCHSD1	S:TRUE	S:TRUE	S:TRUE
S:Sart3	D:0.66352347448791	D:0.00118109042734039	D:0.00601478384509983	D:0.00520384171397259	D:0.979471307272003	D:0.993531057582844	D:0.658319632773936	D:0.0220961824038134	D:0.183452047637609	D:6	S:TRUE	S:FALSE	S:TRUE	S:FALSE	S:SART3	S:TRUE	S:TRUE	S:TRUE
S:Sorbs3	D:0.704453458374014	D:0.00241902427423459	D:0.0104032026591361	D:-0.0366976866633326	D:0.870679626367253	D:0.957588236122904	D:0.741151145037346	D:0.0222045531980535	D:0.183567069658651	D:6	S:TRUE	S:FALSE	S:TRUE	S:FALSE	S:SORBS3	S:TRUE	S:TRUE	S:TRUE
S:Slc25a42	D:0.657144694402697	D:0.0000313818384405747	D:0.000346753779204766	D:0.156307201642627	D:0.313724949730954	D:0.61635315687124	D:0.50083749276007	D:0.022216375452842	D:0.183567069658651	D:6	S:TRUE	S:FALSE	S:TRUE	S:FALSE	S:SLC25A42	S:TRUE	S:TRUE	S:TRUE
S:Lmnb2	D:0.978625124568836	D:0.000228104776932327	D:0.0016653780536405	D:0.125665612270785	D:0.634528275054249	D:0.855092210978826	D:0.852959512298051	D:0.0222381928542154	D:0.183567069658651	D:6	S:TRUE	S:FALSE	S:TRUE	S:FALSE	S:LMNB2	S:TRUE	S:TRUE	S:TRUE
S:5930416i19rik	D:0.533280607988087	D:0.00317929053633803	D:0.0127990815098545	D:-0.0581379963290782	D:0.752402768064426	D:0.910755725685545	D:0.591418604317165	D:0.0222954425251538	D:0.183567069658651	D:6	S:TRUE	S:FALSE	S:TRUE	S:FALSE	S:5930416I19RIK	S:TRUE	S:TRUE	S:TRUE
S:Sspo	D:1.74579460618363	D:0.00343136602420032	D:0.0135212264217165	D:-0.256268200888738	D:0.688061560036474	D:0.882613380296091	D:2.00206280707236	D:0.0223473224922121	D:0.183609992097771	D:6	S:TRUE	S:FALSE	S:TRUE	S:FALSE	S:SSPO	S:TRUE	S:TRUE	S:TRUE
S:1700017b05rik	D:0.643260414037568	D:0.00148661967610886	D:0.00714895223746533	D:-0.00714270921268633	D:0.971540633154691	D:0.991332809896757	D:0.650403123250254	D:0.0224106665982111	D:0.183609992097771	D:6	S:TRUE	S:FALSE	S:TRUE	S:FALSE	S:1700017B05RIK	S:TRUE	S:TRUE	S:TRUE
S:Atg4d	D:1.09682178710235	D:0.0003699489737429	D:0.00242453136147611	D:0.110358599531405	D:0.717761812616704	D:0.893967982181087	D:0.986463187570947	D:0.0225157841656731	D:0.184039290344519	D:6	S:TRUE	S:FALSE	S:TRUE	S:FALSE	S:ATG4D	S:TRUE	S:TRUE	S:TRUE
S:Pex5	D:0.605882357589163	D:0.000000130132433077813	D:0.00000405826174532486	D:0.254674749691003	D:0.020338537007214	D:0.114146352311542	D:0.35120760789816	D:0.022541982285981	D:0.184039290344519	D:6	S:TRUE	S:FALSE	S:TRUE	S:FALSE	S:PEX5	S:TRUE	S:TRUE	S:TRUE
S:Ggt5	D:0.832026011901226	D:0.00102729760339873	D:0.00539150075764251	D:0.013458457137732	D:0.957777693599803	D:0.987353550769742	D:0.818567554763494	D:0.0225430998004415	D:0.184039290344519	D:6	S:TRUE	S:FALSE	S:TRUE	S:FALSE	S:GGT5	S:TRUE	S:TRUE	S:TRUE
S:Nr1h3	D:1.33101968133617	D:0.000138698761318587	D:0.00113175075637426	D:0.148782847319466	D:0.699488873924383	D:0.887367178158052	D:1.18223683401671	D:0.0225598910502393	D:0.184039290344519	D:6	S:TRUE	S:FALSE	S:TRUE	S:FALSE	S:NR1H3	S:TRUE	S:TRUE	S:TRUE
S:Dot1l	D:1.06696820221479	D:0.0000010192881989368	D:0.0000216671548573993	D:0.397427800089314	D:0.0545232008286376	D:0.219271683332467	D:0.66954040212548	D:0.0225690783602213	D:0.184039290344519	D:6	S:TRUE	S:FALSE	S:TRUE	S:FALSE	S:DOT1L	S:TRUE	S:TRUE	S:TRUE
S:Ccdc22	D:0.819567410241535	D:0.00545784564819805	D:0.0193583156430071	D:-0.125659833481843	D:0.664388184295396	D:0.871058542412817	D:0.945227243723378	D:0.0226422539855827	D:0.184069864620236	D:6	S:TRUE	S:FALSE	S:TRUE	S:FALSE	S:CCDC22	S:TRUE	S:TRUE	S:TRUE
S:Prdm8	D:0.435132715885335	D:0.000271230156819491	D:0.0019088738604269	D:0.0503776436164944	D:0.674896810229025	D:0.876888795261396	D:0.384755072268841	D:0.0226446105671097	D:0.184069864620236	D:6	S:TRUE	S:FALSE	S:TRUE	S:FALSE	S:PRDM8	S:TRUE	S:TRUE	S:TRUE
S:Neu1	D:0.481299542332246	D:0.000527262706553139	D:0.00320641283995877	D:0.0373891745285295	D:0.785299836824052	D:0.927331618965988	D:0.443910367803716	D:0.0226713323139268	D:0.184069864620236	D:6	S:TRUE	S:FALSE	S:TRUE	S:FALSE	S:NEU1	S:TRUE	S:TRUE	S:TRUE
S:Nek6	D:0.21234716363655	D:0.00173976850268009	D:0.00804443417753	D:-0.00557205367865876	D:0.934044819309483	D:0.980022581216262	D:0.217919217315209	D:0.0226871576321129	D:0.184069864620236	D:6	S:TRUE	S:FALSE	S:TRUE	S:FALSE	S:NEK6	S:TRUE	S:TRUE	S:TRUE
S:H2afy	D:0.450700304199691	D:0.000105658675434356	D:0.00091915988028195	D:0.084697046678321	D:0.451773261449329	D:0.740167087758538	D:0.36600325752137	D:0.0227031317838553	D:0.184069864620236	D:6	S:TRUE	S:FALSE	S:TRUE	S:FALSE	S:H2AFY	S:TRUE	S:TRUE	S:TRUE
S:Nxn	D:0.860438137717897	D:0.0000500215112421239	D:0.000507490968601912	D:0.183471246058082	D:0.38632859958878	D:0.686348420047539	D:0.676966891659816	D:0.0227242985892794	D:0.184069864620236	D:6	S:TRUE	S:FALSE	S:TRUE	S:FALSE	S:NXN	S:TRUE	S:TRUE	S:TRUE
S:Ubac1	D:0.387176487722602	D:0.000119010638918437	D:0.00100781692274344	D:0.0677215085731859	D:0.494295529354671	D:0.767863929475612	D:0.319454979149416	D:0.0227828251745754	D:0.184185785482461	D:6	S:TRUE	S:FALSE	S:TRUE	S:FALSE	S:UBAC1	S:TRUE	S:TRUE	S:TRUE
S:Hsd3b7	D:0.774892868586349	D:0.000000713218862911225	D:0.0000162143950301415	D:0.29999462740703	D:0.0402129605766531	D:0.179973444872423	D:0.474898241179319	D:0.0228107160795016	D:0.184185785482461	D:6	S:TRUE	S:FALSE	S:TRUE	S:FALSE	S:HSD3B7	S:TRUE	S:TRUE	S:TRUE
S:Ptpn5	D:0.65761277407621	D:0.0000168004746427589	D:0.000215509536796769	D:0.182982895725089	D:0.210018661480663	D:0.494847167391628	D:0.474629878351121	D:0.0228110275799131	D:0.184185785482461	D:6	S:TRUE	S:FALSE	S:TRUE	S:FALSE	S:PTPN5	S:TRUE	S:TRUE	S:TRUE
S:1110057k04rik	D:0.309849247706661	D:0.0000000970027951995862	D:0.00000318397410125701	D:0.133588140924183	D:0.0152622024060655	D:0.0936654941591043	D:0.176261106782478	D:0.0228864129807101	D:0.184253284072014	D:6	S:TRUE	S:FALSE	S:TRUE	S:FALSE	S:1110057K04RIK	S:TRUE	S:TRUE	S:TRUE
S:Ctdnep1	D:0.40541004488181	D:0.000984365831246892	D:0.00521877561839207	D:0.00889606678524934	D:0.9425951361268	D:0.983017107223003	D:0.396513978096561	D:0.0228943960418769	D:0.184253284072014	D:6	S:TRUE	S:FALSE	S:TRUE	S:FALSE	S:CTDNEP1	S:TRUE	S:TRUE	S:TRUE
S:Phf5a	D:0.281343639377738	D:0.0147409993193034	D:0.0411053673683376	D:-0.095402186650853	D:0.417379528536664	D:0.713784780413402	D:0.37674582602859	D:0.0229105956061684	D:0.184253284072014	D:6	S:TRUE	S:FALSE	S:TRUE	S:FALSE	S:PHF5A	S:TRUE	S:TRUE	S:TRUE
S:Serpind1	D:0.767717675969767	D:0.00403568950702887	D:0.0153377798243296	D:-0.0540405293898618	D:0.823612719736302	D:0.937773293481998	D:0.821758205359629	D:0.0229255238246285	D:0.184253284072014	D:6	S:TRUE	S:FALSE	S:TRUE	S:FALSE	S:SERPIND1	S:TRUE	S:TRUE	S:TRUE
S:Dsp	D:2.53596656177801	D:0.00425053051815946	D:0.0159371943402264	D:-0.625778482781993	D:0.555950146009045	D:0.80812367216668	D:3.16174504456	D:0.0229480118189603	D:0.184267638766301	D:6	S:TRUE	S:FALSE	S:TRUE	S:FALSE	S:DSP	S:TRUE	S:TRUE	S:TRUE
S:Dnm2	D:0.557941338451946	D:0.000323008484234332	D:0.00219230432566342	D:0.0668769477834692	D:0.658641033887692	D:0.867746649250468	D:0.491064390668477	D:0.0229508976599604	D:0.184267638766301	D:6	S:TRUE	S:FALSE	S:TRUE	S:FALSE	S:DNM2	S:TRUE	S:TRUE	S:TRUE
S:Tsc22d4	D:0.901516079201579	D:0.00100757297394809	D:0.00531017653763594	D:0.0165668077413894	D:0.95226369429913	D:0.985693543649001	D:0.884949271460189	D:0.0230494795916656	D:0.184490301813619	D:6	S:TRUE	S:FALSE	S:TRUE	S:FALSE	S:TSC22D4	S:TRUE	S:TRUE	S:TRUE
S:1700007k13rik	D:0.803849548721306	D:0.00137225003737335	D:0.00671469921200167	D:-0.0368852135615597	D:0.89180146117579	D:0.965662382844273	D:0.840734762282866	D:0.0230974870698186	D:0.184549929675282	D:6	S:TRUE	S:FALSE	S:TRUE	S:FALSE	S:1700007K13RIK	S:TRUE	S:TRUE	S:TRUE
S:Rangrf	D:0.737284029463692	D:0.00752930793226662	D:0.0249285668857245	D:-0.152144054355446	D:0.581138241523415	D:0.82284710432492	D:0.889428083819138	D:0.0231183543437715	D:0.184549929675282	D:6	S:TRUE	S:FALSE	S:TRUE	S:FALSE	S:RANGRF	S:TRUE	S:TRUE	S:TRUE
S:0610007p22rik	D:0.463129450035198	D:0.000261909974170927	D:0.00186172949792837	D:0.0560048641879471	D:0.661020089344492	D:0.869329270971182	D:0.407124585847251	D:0.0231859796926377	D:0.184684796105026	D:6	S:TRUE	S:FALSE	S:TRUE	S:FALSE	S:0610007P22RIK	S:TRUE	S:TRUE	S:TRUE
S:Usp19	D:0.774979973158575	D:0.00000332643074094655	D:0.000056987010851479	D:0.262138930427555	D:0.0990776822036475	D:0.31699601275672	D:0.51284104273102	D:0.0231939571195292	D:0.184684796105026	D:6	S:TRUE	S:FALSE	S:TRUE	S:FALSE	S:USP19	S:TRUE	S:TRUE	S:TRUE
S:Alkbh6	D:0.649601458387658	D:0.000870128812424985	D:0.00473359768987742	D:0.0257492629903928	D:0.89438744315191	D:0.966450612892001	D:0.623852195397265	D:0.0232156259312769	D:0.184684796105026	D:6	S:TRUE	S:FALSE	S:TRUE	S:FALSE	S:ALKBH6	S:TRUE	S:TRUE	S:TRUE
S:Arhgap39	D:0.772878693528464	D:0.0017040877791431	D:0.00792165053892646	D:-0.0155866226977332	D:0.949212077348178	D:0.984891054355687	D:0.788465316226197	D:0.0232448530736279	D:0.184823198179319	D:6	S:TRUE	S:FALSE	S:TRUE	S:FALSE	S:ARHGAP39	S:TRUE	S:TRUE	S:TRUE
S:Cln3	D:0.44669230400354	D:0.0102341377326144	D:0.0312362117472881	D:-0.107676195963174	D:0.527351059373932	D:0.789889075990635	D:0.554368499966714	D:0.0233715788468916	D:0.184916973863452	D:6	S:TRUE	S:FALSE	S:TRUE	S:FALSE	S:CLN3	S:TRUE	S:TRUE	S:TRUE
S:Npdc1	D:0.679235243162829	D:0.000138089112799372	D:0.00112958340229182	D:0.119269926215534	D:0.491357514983691	D:0.766547160669515	D:0.559965316947295	D:0.0233730455991192	D:0.184916973863452	D:6	S:TRUE	S:FALSE	S:TRUE	S:FALSE	S:NPDC1	S:TRUE	S:TRUE	S:TRUE
S:Limd2	D:0.387566880385421	D:0.016995180901629	D:0.0454910047178961	D:-0.14647895449925	D:0.386178347891277	D:0.686348420047539	D:0.534045834884671	D:0.0234286197943788	D:0.184966526360472	D:6	S:TRUE	S:FALSE	S:TRUE	S:FALSE	S:LIMD2	S:TRUE	S:TRUE	S:TRUE
S:Dip2a	D:0.224992180693834	D:0.01403883808579	D:0.0395299136470637	D:-0.067105253773942	D:0.45506716089573	D:0.741950210739169	D:0.292097434467776	D:0.0234533034613443	D:0.185065349391165	D:6	S:TRUE	S:FALSE	S:TRUE	S:FALSE	S:DIP2A	S:TRUE	S:TRUE	S:TRUE
S:Ndufs2	D:0.282443406908897	D:0.0166222721118778	D:0.0446998931972424	D:-0.0948686741091054	D:0.41504251449697	D:0.711556228625927	D:0.377312081018003	D:0.0234701295487455	D:0.185065349391165	D:6	S:TRUE	S:FALSE	S:TRUE	S:FALSE	S:NDUFS2	S:TRUE	S:TRUE	S:TRUE
S:Med11	D:0.43532279128914	D:0.0143730113982258	D:0.0402480450722945	D:-0.145376196568121	D:0.426515601114668	D:0.72049732423133	D:0.580698987857261	D:0.0234885168870123	D:0.185065349391165	D:6	S:TRUE	S:FALSE	S:TRUE	S:FALSE	S:MED11	S:TRUE	S:TRUE	S:TRUE
S:Hadha	D:0.21031658631059	D:0.000240496615471974	D:0.00174362836201119	D:0.0305557645323624	D:0.58262099455171	D:0.823883067080119	D:0.179760821778228	D:0.0236203354459899	D:0.185470026525731	D:6	S:TRUE	S:FALSE	S:TRUE	S:FALSE	S:HADHA	S:TRUE	S:TRUE	S:TRUE
S:Stc2	D:0.719043991500261	D:0.000217427595341101	D:0.00160240035358932	D:0.077087039842609	D:0.710728534211396	D:0.891583259457114	D:0.641956951657652	D:0.0236420410002118	D:0.18552649351447	D:6	S:TRUE	S:FALSE	S:TRUE	S:FALSE	S:STC2	S:TRUE	S:TRUE	S:TRUE
S:Spsb3	D:0.829822860066266	D:0.00182273890851959	D:0.00833434963614577	D:-0.0155559660947047	D:0.952726556863584	D:0.985693543649001	D:0.845378826160971	D:0.0237906110209267	D:0.185771723578219	D:6	S:TRUE	S:FALSE	S:TRUE	S:FALSE	S:SPSB3	S:TRUE	S:TRUE	S:TRUE
S:Rgl1	D:0.247155366543025	D:0.00000172006999990732	D:0.0000331373288268211	D:0.0896618478245204	D:0.0674818177103837	D:0.249901853497757	D:0.157493518718504	D:0.0237952535736428	D:0.185771723578219	D:6	S:TRUE	S:FALSE	S:TRUE	S:FALSE	S:RGL1	S:TRUE	S:TRUE	S:TRUE
S:Sec16b	D:0.626115139673918	D:0.00239664430146013	D:0.0103325525844407	D:-0.0197232135469794	D:0.920459643339183	D:0.975836450109336	D:0.645838353220897	D:0.0238386967681599	D:0.185771723578219	D:6	S:TRUE	S:FALSE	S:TRUE	S:FALSE	S:SEC16B	S:TRUE	S:TRUE	S:TRUE
S:Ccnl2	D:0.519883240603628	D:0.0000000000496976798707304	D:0.0000000064706379191691	D:0.292029632561895	D:0.0000682385888815076	D:0.00165687161961839	D:0.227853608041733	D:0.0238397533137692	D:0.185771723578219	D:6	S:TRUE	S:TRUE	S:TRUE	S:FALSE	S:CCNL2	S:TRUE	S:TRUE	S:TRUE
S:Rnpep	D:0.600534676056005	D:0.000000358280162843154	D:0.00000925251118059742	D:0.240657429870113	D:0.0341942351089283	D:0.160967378530249	D:0.359877246185891	D:0.0239625135464759	D:0.186318592697916	D:6	S:TRUE	S:FALSE	S:TRUE	S:FALSE	S:RNPEP	S:TRUE	S:TRUE	S:TRUE
S:9030624j02rik	D:0.25830416383308	D:0.00444432931997719	D:0.0165211042815426	D:-0.0295652205960968	D:0.740534037492089	D:0.904408958162777	D:0.287869384429177	D:0.0241326897052968	D:0.186671296056066	D:6	S:TRUE	S:FALSE	S:TRUE	S:FALSE	S:9030624J02RIK	S:TRUE	S:TRUE	S:TRUE
S:Tas1r1	D:0.526705596315431	D:0.0108195493485709	D:0.0325649468353056	D:-0.14118522912225	D:0.502123380334916	D:0.773152231630307	D:0.667890825437681	D:0.0241450027662249	D:0.186671296056066	D:6	S:TRUE	S:FALSE	S:TRUE	S:FALSE	S:TAS1R1	S:TRUE	S:TRUE	S:TRUE
S:Pdzd7	D:1.06007598572384	D:0.00000085919960375916	D:0.0000189606421032954	D:0.40258665036761	D:0.0519575805854876	D:0.212453608758874	D:0.657489335356231	D:0.0241961207557356	D:0.186671296056066	D:6	S:TRUE	S:FALSE	S:TRUE	S:FALSE	S:PDZD7	S:TRUE	S:TRUE	S:TRUE
S:Degs2	D:0.71890893661779	D:0.000124015289181267	D:0.00103909405945641	D:0.124847016132397	D:0.506420099826516	D:0.776020757129217	D:0.594061920485394	D:0.0242435187110785	D:0.186782556932792	D:6	S:TRUE	S:FALSE	S:TRUE	S:FALSE	S:DEGS2	S:TRUE	S:TRUE	S:TRUE
S:Abca7	D:0.836475173769323	D:0.00149472104056285	D:0.00718020383679967	D:-0.000870548898872947	D:0.997353389999575	D:0.998884609123392	D:0.837345722668196	D:0.0243450347926864	D:0.186946120804159	D:6	S:TRUE	S:FALSE	S:TRUE	S:FALSE	S:ABCA7	S:TRUE	S:TRUE	S:TRUE
S:A430110n23rik	D:1.29485731378142	D:0.000250180970939739	D:0.00179551101973471	D:0.196934870755728	D:0.562123837172459	D:0.813130527912462	D:1.09792244302569	D:0.0243932574177891	D:0.186946120804159	D:6	S:TRUE	S:FALSE	S:TRUE	S:FALSE	S:A430110N23RIK	S:TRUE	S:TRUE	S:TRUE
S:Ltk	D:0.7007485316913	D:0.00129354955296221	D:0.00641007660188527	D:0.00932621099622643	D:0.965677581590289	D:0.989425308857412	D:0.691422320695073	D:0.0243997399101024	D:0.186946120804159	D:6	S:TRUE	S:FALSE	S:TRUE	S:FALSE	S:LTK	S:TRUE	S:TRUE	S:TRUE
S:Tspan17	D:0.480708556244214	D:0.0097869702024697	D:0.03025464319155	D:-0.118153401893162	D:0.532098812841916	D:0.79319834479936	D:0.598861958137376	D:0.0245868895553506	D:0.186971324427625	D:6	S:TRUE	S:FALSE	S:TRUE	S:FALSE	S:TSPAN17	S:TRUE	S:TRUE	S:TRUE
S:Cdk10	D:0.40503005396629	D:0.0191599356381068	D:0.0495852902277512	D:-0.150121306727987	D:0.389768243220795	D:0.689402260124548	D:0.555151360694277	D:0.0245872249511297	D:0.186971324427625	D:6	S:TRUE	S:FALSE	S:TRUE	S:FALSE	S:CDK10	S:TRUE	S:TRUE	S:TRUE
S:Sympk	D:0.454685183242674	D:0.0103414751061883	D:0.0314654736239699	D:-0.108785541819945	D:0.536416125734611	D:0.796116992453229	D:0.563470725062619	D:0.0246796523529639	D:0.187181984642091	D:6	S:TRUE	S:FALSE	S:TRUE	S:FALSE	S:SYMPK	S:TRUE	S:TRUE	S:TRUE
S:Oxa1l	D:0.464763100397979	D:0.00184398529990497	D:0.00841671817870735	D:-0.010517427058323	D:0.944113344945725	D:0.983454023697047	D:0.475280527456302	D:0.0248026475946815	D:0.187656845234567	D:6	S:TRUE	S:FALSE	S:TRUE	S:FALSE	S:OXA1L	S:TRUE	S:TRUE	S:TRUE
S:Ndst2	D:0.322351787137073	D:0.0140959827157703	D:0.0396606580139015	D:-0.0972558915515265	D:0.460757368084424	D:0.745765370242519	D:0.4196076786886	D:0.0248079576582537	D:0.187656845234567	D:6	S:TRUE	S:FALSE	S:TRUE	S:FALSE	S:NDST2	S:TRUE	S:TRUE	S:TRUE
S:Rreb1	D:0.326898568456625	D:0.0115966975872347	D:0.0343416988443812	D:-0.079660010336184	D:0.525985162623411	D:0.789101289214335	D:0.406558578792809	D:0.0248265512447998	D:0.187656845234567	D:6	S:TRUE	S:FALSE	S:TRUE	S:FALSE	S:RREB1	S:TRUE	S:TRUE	S:TRUE
S:Itga10	D:1.98989603729276	D:0.00000000000000361788687698547	D:0.00000000000180925373757654	D:1.30761609036122	D:0.0000000133351161421655	D:0.00000153196951915583	D:0.682279946931534	D:0.0248653509620175	D:0.187656845234567	D:6	S:TRUE	S:TRUE	S:TRUE	S:FALSE	S:ITGA10	S:TRUE	S:TRUE	S:TRUE
S:Wdr83	D:0.393092537913022	D:0.0110700513435542	D:0.033130144860336	D:-0.109981299239	D:0.494451438579741	D:0.767863929475612	D:0.503073837152022	D:0.024892573253544	D:0.187656845234567	D:6	S:TRUE	S:FALSE	S:TRUE	S:FALSE	S:WDR83	S:TRUE	S:TRUE	S:TRUE
S:Gpr108	D:0.775966741805372	D:0.000134668781812354	D:0.00110973894885876	D:0.132072865512752	D:0.520574363949496	D:0.785103168550504	D:0.64389387629262	D:0.0250334380315444	D:0.187656845234567	D:6	S:TRUE	S:FALSE	S:TRUE	S:FALSE	S:GPR108	S:TRUE	S:TRUE	S:TRUE
S:Pik3c2b	D:0.638174886866295	D:0.0000297223356732465	D:0.000335551062303561	D:0.175612814265048	D:0.218666185241834	D:0.506364380942406	D:0.462562072601247	D:0.0250634389778475	D:0.187656845234567	D:6	S:TRUE	S:FALSE	S:TRUE	S:FALSE	S:PIK3C2B	S:TRUE	S:TRUE	S:TRUE
S:Sin3b	D:0.644460655363027	D:0.000829232755760745	D:0.00455187842916276	D:0.0372333427401692	D:0.84556746209545	D:0.947986942291856	D:0.607227312622858	D:0.0250885069129756	D:0.187656845234567	D:6	S:TRUE	S:FALSE	S:TRUE	S:FALSE	S:SIN3B	S:TRUE	S:TRUE	S:TRUE
S:Ppif	D:0.379053190997256	D:0.00237516299754311	D:0.01025520384971	D:-0.0157615953349737	D:0.899127606834495	D:0.967957662088732	D:0.394814786332229	D:0.0251386990582452	D:0.187656845234567	D:6	S:TRUE	S:FALSE	S:TRUE	S:FALSE	S:PPIF	S:TRUE	S:TRUE	S:TRUE
S:Itfg3	D:0.55579311650323	D:0.0154663280732794	D:0.0425657759057456	D:-0.176948673479902	D:0.444168295766015	D:0.735563966536362	D:0.732741789983132	D:0.0252146250849876	D:0.187656845234567	D:6	S:TRUE	S:FALSE	S:TRUE	S:FALSE	S:ITFG3	S:TRUE	S:TRUE	S:TRUE
S:Pgls	D:0.784314351895084	D:0.00372857899329724	D:0.0144196332156624	D:-0.0753335920102078	D:0.781532348201764	D:0.925962039000861	D:0.859647943905292	D:0.0252257063814708	D:0.187656845234567	D:6	S:TRUE	S:FALSE	S:TRUE	S:FALSE	S:PGLS	S:TRUE	S:TRUE	S:TRUE
S:Supt4h1	D:0.366224786494728	D:0.00502318747447435	D:0.01815070430863	D:-0.0515642536898833	D:0.697694338470823	D:0.886602386683053	D:0.417789040184612	D:0.0252446653007688	D:0.187656845234567	D:6	S:TRUE	S:FALSE	S:TRUE	S:FALSE	S:SUPT4H1	S:TRUE	S:TRUE	S:TRUE
S:Matn4	D:0.470934600285272	D:0.00291537935314013	D:0.012028080366133	D:-0.0288685836973816	D:0.854304589448115	D:0.951161897351767	D:0.499803183982653	D:0.0252529096099375	D:0.187656845234567	D:6	S:TRUE	S:FALSE	S:TRUE	S:FALSE	S:MATN4	S:TRUE	S:TRUE	S:TRUE
S:Tmub2	D:0.37283178295075	D:0.0176618512023388	D:0.0467392891574087	D:-0.130555556717121	D:0.412868875625845	D:0.709565868746915	D:0.503387339667872	D:0.0252551688422388	D:0.187656845234567	D:6	S:TRUE	S:FALSE	S:TRUE	S:FALSE	S:TMUB2	S:TRUE	S:TRUE	S:TRUE
S:Gramd1a	D:0.600552872983605	D:0.00397101189860173	D:0.0151472387460336	D:-0.0603217783526793	D:0.772134097962888	D:0.920757986246306	D:0.660874651336284	D:0.0252584876471968	D:0.187656845234567	D:6	S:TRUE	S:FALSE	S:TRUE	S:FALSE	S:GRAMD1A	S:TRUE	S:TRUE	S:TRUE
S:Tpst1	D:0.274964472550714	D:0.000397446975732104	D:0.00256918144345817	D:0.0350436325462038	D:0.638589896414176	D:0.857085176666531	D:0.23992084000451	D:0.0252668914143089	D:0.187656845234567	D:6	S:TRUE	S:FALSE	S:TRUE	S:FALSE	S:TPST1	S:TRUE	S:TRUE	S:TRUE
S:Pcyt2	D:0.798319505743907	D:0.000253252705920532	D:0.00181090172874251	D:0.114851317043699	D:0.595024986415364	D:0.831842375425344	D:0.683468188700209	D:0.0253162460408702	D:0.187727113499077	D:6	S:TRUE	S:FALSE	S:TRUE	S:FALSE	S:PCYT2	S:TRUE	S:TRUE	S:TRUE
S:Tssc4	D:0.857879798599595	D:0.00268473950415424	D:0.0112728755745514	D:-0.0695963434110634	D:0.816818933935557	D:0.936332987531622	D:0.927476142010658	D:0.0255833835013872	D:0.188501893659749	D:6	S:TRUE	S:FALSE	S:TRUE	S:FALSE	S:TSSC4	S:TRUE	S:TRUE	S:TRUE
S:Ubc	D:0.546333612795234	D:0.0148923657258922	D:0.041423949101182	D:-0.161188698873459	D:0.467730388553694	D:0.750137113080261	D:0.707522311668693	D:0.0256447758425998	D:0.188501893659749	D:6	S:TRUE	S:FALSE	S:TRUE	S:FALSE	S:UBC	S:TRUE	S:TRUE	S:TRUE
S:Col16a1	D:0.972234006764076	D:0.00309346172824437	D:0.0125505702524254	D:-0.0742703010046974	D:0.824270732436846	D:0.937947774956898	D:1.04650430776877	D:0.0258914992963795	D:0.189086577271697	D:6	S:TRUE	S:FALSE	S:TRUE	S:FALSE	S:COL16A1	S:TRUE	S:TRUE	S:TRUE
S:Gm15708	D:1.60757899844898	D:0.000383073877617296	D:0.00249485046431539	D:0.32009781230431	D:0.382471908582356	D:0.683210809764518	D:1.28748118614467	D:0.0259149812161002	D:0.189086577271697	D:6	S:TRUE	S:FALSE	S:TRUE	S:FALSE	S:GM15708	S:TRUE	S:TRUE	S:TRUE
S:Cntn2	D:0.405605340570073	D:0.0114011887663897	D:0.0339428683853036	D:-0.096686271064061	D:0.539354726718966	D:0.798075409627533	D:0.502291611634134	D:0.0260184760572951	D:0.189086577271697	D:6	S:TRUE	S:FALSE	S:TRUE	S:FALSE	S:CNTN2	S:TRUE	S:TRUE	S:TRUE
S:Tmem25	D:0.425799201991826	D:0.00918603029020393	D:0.0288603533589677	D:-0.0868288961872379	D:0.590403974316755	D:0.829165995031459	D:0.512628098179063	D:0.0261414579501727	D:0.189178526727514	D:6	S:TRUE	S:FALSE	S:TRUE	S:FALSE	S:TMEM25	S:TRUE	S:TRUE	S:TRUE
S:Eml1	D:0.200718003192148	D:0.0109988602288663	D:0.0329902461539273	D:-0.0479295357845757	D:0.541853890359713	D:0.799729286398178	D:0.248647538976724	D:0.0261779297737381	D:0.189178526727514	D:6	S:TRUE	S:FALSE	S:TRUE	S:FALSE	S:EML1	S:TRUE	S:TRUE	S:TRUE
S:Arfip2	D:0.243858572165594	D:0.00316448136418351	D:0.0127558970159967	D:-0.014024439471755	D:0.862954616650567	D:0.954383582556715	D:0.257883011637349	D:0.026261982965481	D:0.189380515198736	D:6	S:TRUE	S:FALSE	S:TRUE	S:FALSE	S:ARFIP2	S:TRUE	S:TRUE	S:TRUE
S:Gpatch4	D:0.44739758790148	D:0.0000304077526104016	D:0.000340566829236498	D:0.121070405426345	D:0.239838807816273	D:0.532959967760127	D:0.326327182475135	D:0.0263265274749488	D:0.189380515198736	D:6	S:TRUE	S:FALSE	S:TRUE	S:FALSE	S:GPATCH4	S:TRUE	S:TRUE	S:TRUE
S:Hdac3	D:0.17702139164211	D:0.00457456369440626	D:0.0169086782969963	D:-0.017496636769879	D:0.774815555734339	D:0.921668709107227	D:0.194518028411989	D:0.0263539733160118	D:0.189380515198736	D:6	S:TRUE	S:FALSE	S:TRUE	S:FALSE	S:HDAC3	S:TRUE	S:TRUE	S:TRUE
S:Vps52	D:0.342805545537671	D:0.0151954940273799	D:0.0420309367152411	D:-0.104175996493701	D:0.46376793915122	D:0.747708648000873	D:0.446981542031372	D:0.0263965435683046	D:0.189380515198736	D:6	S:TRUE	S:FALSE	S:TRUE	S:FALSE	S:VPS52	S:TRUE	S:TRUE	S:TRUE
S:Arhgef19	D:1.07116518440991	D:0.00125045362628972	D:0.00626590361037545	D:0.0250437458668738	D:0.940392930288555	D:0.982603593102646	D:1.04612143854303	D:0.0264426821644074	D:0.189380515198736	D:6	S:TRUE	S:FALSE	S:TRUE	S:FALSE	S:ARHGEF19	S:TRUE	S:TRUE	S:TRUE
S:Tmco3	D:0.398513889467388	D:0.000156608122464984	D:0.00125286497971986	D:0.0718900369271642	D:0.489716469567222	D:0.765441496293814	D:0.326623852540224	D:0.026469496472983	D:0.189380515198736	D:6	S:TRUE	S:FALSE	S:TRUE	S:FALSE	S:TMCO3	S:TRUE	S:TRUE	S:TRUE
S:Ino80e	D:0.653736413645426	D:0.0000138442650222013	D:0.000183930949580674	D:0.190440978467155	D:0.201127594513289	D:0.483597651073504	D:0.46329543517827	D:0.0264715127079743	D:0.189380515198736	D:6	S:TRUE	S:FALSE	S:TRUE	S:FALSE	S:INO80E	S:TRUE	S:TRUE	S:TRUE
S:Pkp2	D:1.00005506648612	D:0.000000142561077870342	D:0.00000435034039188715	D:0.434113815674692	D:0.0172305105767029	D:0.101665217994867	D:0.565941250811431	D:0.0265019948103246	D:0.189380515198736	D:6	S:TRUE	S:FALSE	S:TRUE	S:FALSE	S:PKP2	S:TRUE	S:TRUE	S:TRUE
S:Pfas	D:0.301004334393098	D:0.000388164363040519	D:0.00252274542768097	D:0.041750964989669	D:0.606767058274818	D:0.839864295815793	D:0.259253369403429	D:0.0265077209406462	D:0.189380515198736	D:6	S:TRUE	S:FALSE	S:TRUE	S:FALSE	S:PFAS	S:TRUE	S:TRUE	S:TRUE
S:Urod	D:0.509950481321823	D:0.00316676442637079	D:0.0127618074278095	D:-0.0368288717242446	D:0.833537184893061	D:0.941389690383778	D:0.546779353046067	D:0.0265543842206224	D:0.18949183426718	D:6	S:TRUE	S:FALSE	S:TRUE	S:FALSE	S:UROD	S:TRUE	S:TRUE	S:TRUE
S:Ankrd54	D:0.827515509434992	D:0.000111626576215027	D:0.000960911089136957	D:0.158704396675637	D:0.46110249247261	D:0.746014843366684	D:0.668811112759355	D:0.0265659392137	D:0.18949183426718	D:6	S:TRUE	S:FALSE	S:TRUE	S:FALSE	S:ANKRD54	S:TRUE	S:TRUE	S:TRUE
S:Cyhr1	D:0.564554832792208	D:0.00150250720554965	D:0.00720066434097636	D:0.00909930833798	D:0.958912698912119	D:0.987805894890416	D:0.555455524454228	D:0.026645773162122	D:0.18949183426718	D:6	S:TRUE	S:FALSE	S:TRUE	S:FALSE	S:CYHR1	S:TRUE	S:TRUE	S:TRUE
S:Mylk	D:0.336134702452394	D:0.00146964494659601	D:0.00707821598200251	D:0.0108692913326607	D:0.915162442319286	D:0.97410306184537	D:0.325265411119734	D:0.0266991297893243	D:0.189533094862343	D:6	S:TRUE	S:FALSE	S:TRUE	S:FALSE	S:MYLK	S:TRUE	S:TRUE	S:TRUE
S:Snta1	D:0.786697739926984	D:0.000620755588473611	D:0.00364338291296457	D:0.0609965404601622	D:0.794686971884401	D:0.930339586874773	D:0.725701199466822	D:0.026746607436786	D:0.189604806983822	D:6	S:TRUE	S:FALSE	S:TRUE	S:FALSE	S:SNTA1	S:TRUE	S:TRUE	S:TRUE
S:Psen1	D:0.233854417519986	D:0.000689672992153859	D:0.00395429388235298	D:0.0211641142129304	D:0.752922623204696	D:0.910852734413486	D:0.212690303307055	D:0.0267640543129827	D:0.189642441989134	D:6	S:TRUE	S:FALSE	S:TRUE	S:FALSE	S:PSEN1	S:TRUE	S:TRUE	S:TRUE
S:1700019e19rik	D:0.557779778871968	D:0.00193097964679254	D:0.00873906847962609	D:0.00988187025308007	D:0.953646942714777	D:0.985693543649001	D:0.547897908618888	D:0.0268001112964507	D:0.189740164412601	D:6	S:TRUE	S:FALSE	S:TRUE	S:FALSE	S:1700019E19RIK	S:TRUE	S:TRUE	S:TRUE
S:Scamp2	D:0.429991761072115	D:0.000166644610622594	D:0.00131232630865292	D:0.0770967713938409	D:0.494348840831332	D:0.767863929475612	D:0.352894989678274	D:0.0269412196110425	D:0.1898192667561	D:6	S:TRUE	S:FALSE	S:TRUE	S:FALSE	S:SCAMP2	S:TRUE	S:TRUE	S:TRUE
S:Capzb	D:0.274015341611461	D:0.0048431787619667	D:0.0176263277374721	D:-0.0278789004358879	D:0.769924970701693	D:0.919491458557542	D:0.301894242047349	D:0.0269678392072252	D:0.1898192667561	D:6	S:TRUE	S:FALSE	S:TRUE	S:FALSE	S:CAPZB	S:TRUE	S:TRUE	S:TRUE
S:Arhgef18	D:0.38351223763584	D:0.00000532235798090111	D:0.0000845946298002024	D:0.130761895601227	D:0.104113897640325	D:0.325154792982057	D:0.252750342034614	D:0.0270768395526102	D:0.190035861582931	D:6	S:TRUE	S:FALSE	S:TRUE	S:FALSE	S:ARHGEF18	S:TRUE	S:TRUE	S:TRUE
S:Atad3a	D:0.654233834792814	D:0.00172131962999849	D:0.00797801776893991	D:-0.00410533033475202	D:0.984577254163732	D:0.994737842175212	D:0.658339165127565	D:0.0270824118277226	D:0.190035861582931	D:6	S:TRUE	S:FALSE	S:TRUE	S:FALSE	S:ATAD3A	S:TRUE	S:TRUE	S:TRUE
S:Ttc5	D:0.32806538597859	D:0.000598190103163639	D:0.00354422532113337	D:0.0298981900361266	D:0.754994724283713	D:0.911735783908543	D:0.298167195942463	D:0.0271773545796229	D:0.190278385845248	D:6	S:TRUE	S:FALSE	S:TRUE	S:FALSE	S:TTC5	S:TRUE	S:TRUE	S:TRUE
S:Col24a1	D:0.415823369246084	D:0.0168633009576062	D:0.0451847391805246	D:-0.124262325000171	D:0.465910421721263	D:0.749425993254601	D:0.540085694246254	D:0.0272779664790351	D:0.190689462312503	D:6	S:TRUE	S:FALSE	S:TRUE	S:FALSE	S:COL24A1	S:TRUE	S:TRUE	S:TRUE
S:Ap4m1	D:0.313902597011885	D:0.00539647079346411	D:0.0191710913317606	D:-0.038378855397593	D:0.733108957096253	D:0.901463531614062	D:0.352281452409478	D:0.027447870340006	D:0.191619984893769	D:6	S:TRUE	S:FALSE	S:TRUE	S:FALSE	S:AP4M1	S:TRUE	S:TRUE	S:TRUE
S:Pard3	D:0.229632283323558	D:0.0102010072101032	D:0.0311899288944526	D:-0.0465990394783269	D:0.593005805101423	D:0.830580250910322	D:0.276231322801885	D:0.0274984840432494	D:0.191801926201664	D:6	S:TRUE	S:FALSE	S:TRUE	S:FALSE	S:PARD3	S:TRUE	S:TRUE	S:TRUE
S:Med27	D:0.511310956113156	D:0.00404573164215145	D:0.0153609990709537	D:-0.0365843682904354	D:0.832668057525734	D:0.941156458857127	D:0.547895324403591	D:0.0275564048103765	D:0.191857222954235	D:6	S:TRUE	S:FALSE	S:TRUE	S:FALSE	S:MED27	S:TRUE	S:TRUE	S:TRUE
S:Pdia6	D:0.829911115353539	D:0.00000000000000000237654154000527	D:0.00000000000000412567611344914	D:0.587439611423657	D:0.000000000014299168787143	D:0.00000000465437944021505	D:0.242471503929882	D:0.0275758702469958	D:0.191857222954235	D:6	S:TRUE	S:TRUE	S:TRUE	S:FALSE	S:PDIA6	S:TRUE	S:TRUE	S:TRUE
S:Trpv2	D:0.599595662993851	D:0.00415132391531451	D:0.0156667354717087	D:-0.0583747676561255	D:0.783314652482356	D:0.927010924549076	D:0.657970430649977	D:0.0275802518228853	D:0.191857222954235	D:6	S:TRUE	S:FALSE	S:TRUE	S:FALSE	S:TRPV2	S:TRUE	S:TRUE	S:TRUE
S:Fbxo2	D:0.812567422986661	D:0.00975209618016207	D:0.0301955510738906	D:-0.185767847781647	D:0.566806315303547	D:0.815975478697376	D:0.998335270768308	D:0.0276890714406732	D:0.19199642498301	D:6	S:TRUE	S:FALSE	S:TRUE	S:FALSE	S:FBXO2	S:TRUE	S:TRUE	S:TRUE
S:Flii	D:0.494968603527107	D:0.000960083277094491	D:0.00511957034857485	D:0.0354621968872966	D:0.807985718670349	D:0.934624185126641	D:0.459506406639811	D:0.0277523806710268	D:0.192224795172478	D:6	S:TRUE	S:FALSE	S:TRUE	S:FALSE	S:FLII	S:TRUE	S:TRUE	S:TRUE
S:Tyk2	D:0.686602116478858	D:0.000144466248337403	D:0.00117234290269981	D:0.143051945008354	D:0.404134241589779	D:0.70182907433345	D:0.543550171470504	D:0.0278381649651083	D:0.192273599730947	D:6	S:TRUE	S:FALSE	S:TRUE	S:FALSE	S:TYK2	S:TRUE	S:TRUE	S:TRUE
S:Hcfc1r1	D:0.476801445172791	D:0.0154056531941694	D:0.0424361645814003	D:-0.143508385842878	D:0.473557077504597	D:0.755091286026562	D:0.62030983101567	D:0.0278405933588724	D:0.192273599730947	D:6	S:TRUE	S:FALSE	S:TRUE	S:FALSE	S:HCFC1R1	S:TRUE	S:TRUE	S:TRUE
S:Drg2	D:0.471799612995807	D:0.000590955090490496	D:0.00351468684195794	D:0.0476389803978137	D:0.726508806702964	D:0.897954674112203	D:0.424160632597993	D:0.0278427229061552	D:0.192273599730947	D:6	S:TRUE	S:FALSE	S:TRUE	S:FALSE	S:DRG2	S:TRUE	S:TRUE	S:TRUE
S:Eif4a1	D:0.252926783120492	D:0.000000360942031391768	D:0.00000930587177964518	D:0.107027397760922	D:0.0229487480249654	D:0.124065407751427	D:0.145899385359569	D:0.0281534471547222	D:0.192776869778704	D:6	S:TRUE	S:FALSE	S:TRUE	S:FALSE	S:EIF4A1	S:TRUE	S:TRUE	S:TRUE
S:Crocc	D:1.3446313564109	D:0.000372614389981579	D:0.0024379092249046	D:0.167258764131119	D:0.662981424952992	D:0.870453061563519	D:1.17737259227979	D:0.0282045975814064	D:0.192776869778704	D:6	S:TRUE	S:FALSE	S:TRUE	S:FALSE	S:CROCC	S:TRUE	S:TRUE	S:TRUE
S:Krtcap2	D:0.370605275332027	D:0.00167376987949348	D:0.00780859378835658	D:0.00289143728644791	D:0.980655039145356	D:0.993923780696498	D:0.367713838045579	D:0.0283233716892714	D:0.192776869778704	D:6	S:TRUE	S:FALSE	S:TRUE	S:FALSE	S:KRTCAP2	S:TRUE	S:TRUE	S:TRUE
S:Mt1	D:0.880587636309782	D:0.00132319116102461	D:0.0065195643960418	D:0.0168248836632814	D:0.952625910065253	D:0.985693543649001	D:0.8637627526465	D:0.0283918057527001	D:0.192776869778704	D:6	S:TRUE	S:FALSE	S:TRUE	S:FALSE	S:MT1	S:TRUE	S:TRUE	S:TRUE
S:Sharpin	D:0.325868663613459	D:0.00828391701100583	D:0.0267322041564162	D:-0.0584276366920626	D:0.637015345909707	D:0.856211811227061	D:0.384296300305521	D:0.0284491727329109	D:0.192776869778704	D:6	S:TRUE	S:FALSE	S:TRUE	S:FALSE	S:SHARPIN	S:TRUE	S:TRUE	S:TRUE
S:Hck	D:0.667251674463109	D:0.0106455594790172	D:0.03220255978706	D:-0.141616014952462	D:0.584809465981114	D:0.824799627640851	D:0.80886768941557	D:0.0285224612968829	D:0.192776869778704	D:6	S:TRUE	S:FALSE	S:TRUE	S:FALSE	S:HCK	S:TRUE	S:TRUE	S:TRUE
S:Nfyc	D:0.400808952971095	D:0.000957000294420733	D:0.00510836098395269	D:0.026628291312921	D:0.825553747753393	D:0.938478736532232	D:0.374180661658174	D:0.0286004236649647	D:0.192776869778704	D:6	S:TRUE	S:FALSE	S:TRUE	S:FALSE	S:NFYC	S:TRUE	S:TRUE	S:TRUE
S:Ncaph2	D:0.483459918444024	D:0.00475828713151717	D:0.0174310616982003	D:-0.0449479135711384	D:0.790845642420439	D:0.92938490539127	D:0.528407832015162	D:0.0286162744473161	D:0.192776869778704	D:6	S:TRUE	S:FALSE	S:TRUE	S:FALSE	S:NCAPH2	S:TRUE	S:TRUE	S:TRUE
S:Tyw1	D:0.466421571803992	D:0.000864163254586384	D:0.00471098628390009	D:0.0297857661396508	D:0.834567876109092	D:0.941940944616662	D:0.436635805664341	D:0.0286449832051064	D:0.192776869778704	D:6	S:TRUE	S:FALSE	S:TRUE	S:FALSE	S:TYW1	S:TRUE	S:TRUE	S:TRUE
S:Wipi2	D:0.169317696945079	D:0.00745541129418716	D:0.0247205742912522	D:-0.0253847136990988	D:0.683328079033692	D:0.881014840878349	D:0.194702410644178	D:0.0286992252086416	D:0.192776869778704	D:6	S:TRUE	S:FALSE	S:TRUE	S:FALSE	S:WIPI2	S:TRUE	S:TRUE	S:TRUE
S:Col4a2	D:1.17971963755385	D:0.00000612428992052828	D:0.0000945512902355077	D:0.40094209995411	D:0.111393064403541	D:0.33797075017308	D:0.778777537599736	D:0.0287353064201477	D:0.192776869778704	D:6	S:TRUE	S:FALSE	S:TRUE	S:FALSE	S:COL4A2	S:TRUE	S:TRUE	S:TRUE
S:Asphd1	D:0.903562509455099	D:0.00105151823593892	D:0.00550014091674248	D:0.0370799460853819	D:0.896540642494768	D:0.967171925591263	D:0.866482563369718	D:0.0287917404676736	D:0.192776869778704	D:6	S:TRUE	S:FALSE	S:TRUE	S:FALSE	S:ASPHD1	S:TRUE	S:TRUE	S:TRUE
S:Itga11	D:1.52586095982099	D:0.000090972928604922	D:0.000814101508611841	D:0.345938155999325	D:0.362850628237325	D:0.663605082006317	D:1.17992280382167	D:0.0288064476667162	D:0.192776869778704	D:6	S:TRUE	S:FALSE	S:TRUE	S:FALSE	S:ITGA11	S:TRUE	S:TRUE	S:TRUE
S:Gpr162	D:0.964834509192428	D:0.000278281598570464	D:0.00194709883388487	D:0.157946914489419	D:0.5426894004861	D:0.800432284829117	D:0.806887594703009	D:0.0288334922566263	D:0.192776869778704	D:6	S:TRUE	S:FALSE	S:TRUE	S:FALSE	S:GPR162	S:TRUE	S:TRUE	S:TRUE
S:Doc2b	D:1.01665554762968	D:0.00000234319598807606	D:0.0000425941086090445	D:0.354683949751623	D:0.108871717818224	D:0.333503920020179	D:0.66197159787806	D:0.0288486136015222	D:0.192776869778704	D:6	S:TRUE	S:FALSE	S:TRUE	S:FALSE	S:DOC2B	S:TRUE	S:TRUE	S:TRUE
S:Timp4	D:0.459963794756931	D:0.000017273956669487	D:0.000220496976310511	D:0.13492046650483	D:0.204015006200592	D:0.486868864652214	D:0.325043328252101	D:0.0288607373956863	D:0.192776869778704	D:6	S:TRUE	S:FALSE	S:TRUE	S:FALSE	S:TIMP4	S:TRUE	S:TRUE	S:TRUE
S:Kif21b	D:0.396971608428697	D:0.0128663290582987	D:0.0370481985268815	D:-0.0946014643380098	D:0.547989631113494	D:0.803415696834094	D:0.491573072766707	D:0.0289524714185505	D:0.192776869778704	D:6	S:TRUE	S:FALSE	S:TRUE	S:FALSE	S:KIF21B	S:TRUE	S:TRUE	S:TRUE
S:Sipa1l3	D:0.607085224078916	D:0.000766266457474049	D:0.00427882313494443	D:0.0564867484761793	D:0.749683366756747	D:0.909893025884208	D:0.550598475602736	D:0.0289725960281245	D:0.192776869778704	D:6	S:TRUE	S:FALSE	S:TRUE	S:FALSE	S:SIPA1L3	S:TRUE	S:TRUE	S:TRUE
S:Lonp1	D:0.510486078314151	D:0.00320292741477628	D:0.0128710231297491	D:-0.0241964887771919	D:0.888556739339882	D:0.965224274584092	D:0.534682567091343	D:0.0289769076454614	D:0.192776869778704	D:6	S:TRUE	S:FALSE	S:TRUE	S:FALSE	S:LONP1	S:TRUE	S:TRUE	S:TRUE
S:Zfand2b	D:0.735998362486879	D:0.00430996839259012	D:0.0161136506738043	D:-0.0732074211054474	D:0.782498662620481	D:0.926615060238169	D:0.809205783592326	D:0.0290163200026687	D:0.192776869778704	D:6	S:TRUE	S:FALSE	S:TRUE	S:FALSE	S:ZFAND2B	S:TRUE	S:TRUE	S:TRUE
S:Pes1	D:0.303996123129938	D:0.00721553765552075	D:0.0240848053682581	D:-0.045777525313965	D:0.684966460761303	D:0.881203591831255	D:0.349773648443903	D:0.0290610138508664	D:0.192966120019522	D:6	S:TRUE	S:FALSE	S:TRUE	S:FALSE	S:PES1	S:TRUE	S:TRUE	S:TRUE
S:Hcn3	D:0.767804042490806	D:0.00118676060521379	D:0.00602794138356967	D:0.0238901063141341	D:0.922492822612646	D:0.976360104355777	D:0.743913936176672	D:0.029099736389911	D:0.193141156056062	D:6	S:TRUE	S:FALSE	S:TRUE	S:FALSE	S:HCN3	S:TRUE	S:TRUE	S:TRUE
S:Rpain	D:0.312549319065913	D:0.00754749301471103	D:0.0249623266007293	D:-0.0468751814562101	D:0.684562146236321	D:0.881203591831255	D:0.359424500522123	D:0.029168647291791	D:0.193264683703428	D:6	S:TRUE	S:FALSE	S:TRUE	S:FALSE	S:RPAIN	S:TRUE	S:TRUE	S:TRUE
S:Stab1	D:0.686105655850129	D:0.00451323450705907	D:0.0167200854912598	D:-0.0637920887638885	D:0.793788913460503	D:0.930339586874773	D:0.749897744614018	D:0.0293023538386568	D:0.193521123990743	D:6	S:TRUE	S:FALSE	S:TRUE	S:FALSE	S:STAB1	S:TRUE	S:TRUE	S:TRUE
S:Anln	D:0.762549838303007	D:0.00361611259378185	D:0.0140857998417471	D:-0.0213991421069055	D:0.930741485002698	D:0.979261674811264	D:0.783948980409913	D:0.0293616286348465	D:0.193563749278836	D:6	S:TRUE	S:FALSE	S:TRUE	S:FALSE	S:ANLN	S:TRUE	S:TRUE	S:TRUE
S:Cachd1	D:0.41763653923526	D:0.0170521320585387	D:0.0456046749884643	D:-0.140725873101583	D:0.449231521036847	D:0.738112283537538	D:0.558362412336843	D:0.0295549284532886	D:0.193937926146233	D:6	S:TRUE	S:FALSE	S:TRUE	S:FALSE	S:CACHD1	S:TRUE	S:TRUE	S:TRUE
S:Kank3	D:0.540269268538016	D:0.000435472081474415	D:0.00276577878087652	D:0.070123557997761	D:0.647592244929158	D:0.861178077689435	D:0.470145710540255	D:0.0296772113877103	D:0.194242398061295	D:6	S:TRUE	S:FALSE	S:TRUE	S:FALSE	S:KANK3	S:TRUE	S:TRUE	S:TRUE
S:Wdr45	D:0.399995692248011	D:0.00706032803187728	D:0.0236819590317842	D:-0.0615183089435227	D:0.683711665636538	D:0.881014840878349	D:0.461514001191533	D:0.0297752741353915	D:0.194242398061295	D:6	S:TRUE	S:FALSE	S:TRUE	S:FALSE	S:WDR45	S:TRUE	S:TRUE	S:TRUE
S:Lgals1	D:0.830122209260769	D:0.00301970133805998	D:0.0123398142833834	D:-0.0297394771014314	D:0.915185537943432	D:0.97410306184537	D:0.8598616863622	D:0.029792978647952	D:0.194242398061295	D:6	S:TRUE	S:FALSE	S:TRUE	S:FALSE	S:LGALS1	S:TRUE	S:TRUE	S:TRUE
S:Trp53	D:0.464422724585828	D:0.000572636795694274	D:0.00342398671868631	D:0.0529795101018999	D:0.692246297128054	D:0.884282245632305	D:0.411443214483928	D:0.0297948716371192	D:0.194242398061295	D:6	S:TRUE	S:FALSE	S:TRUE	S:FALSE	S:TRP53	S:TRUE	S:TRUE	S:TRUE
S:Plekhg5	D:0.911798912180721	D:0.00118578155397982	D:0.00602627830634269	D:0.0503827776528594	D:0.857423137301844	D:0.952620677809791	D:0.861416134527862	D:0.029860569481839	D:0.194242398061295	D:6	S:TRUE	S:FALSE	S:TRUE	S:FALSE	S:PLEKHG5	S:TRUE	S:TRUE	S:TRUE
S:Golm1	D:0.501968145041839	D:0.00000197234868679834	D:0.0000372623650332977	D:0.189454731476953	D:0.0647140806820226	D:0.243924610999879	D:0.312513413564885	D:0.0299023018726355	D:0.194242398061295	D:6	S:TRUE	S:FALSE	S:TRUE	S:FALSE	S:GOLM1	S:TRUE	S:TRUE	S:TRUE
S:Rnf5	D:0.473185659083221	D:0.0191625692777241	D:0.0495852902277512	D:-0.161437091122217	D:0.440726953325256	D:0.732136529530051	D:0.634622750205438	D:0.0299280696176307	D:0.194242398061295	D:6	S:TRUE	S:FALSE	S:TRUE	S:FALSE	S:RNF5	S:TRUE	S:TRUE	S:TRUE
S:Prr3	D:0.409683047906039	D:0.00378999421649206	D:0.0146029271611522	D:-0.026762569623096	D:0.850911210059749	D:0.949956180491141	D:0.436445617529135	D:0.0299367643999864	D:0.194242398061295	D:6	S:TRUE	S:FALSE	S:TRUE	S:FALSE	S:PRR3	S:TRUE	S:TRUE	S:TRUE
S:Glul	D:0.360659018124334	D:0.000000011761920582805	D:0.000000561982407295858	D:0.180538749216351	D:0.00236584319290983	D:0.0242386452760809	D:0.180120268907983	D:0.0299685192848367	D:0.194242398061295	D:6	S:TRUE	S:TRUE	S:TRUE	S:FALSE	S:GLUL	S:TRUE	S:TRUE	S:TRUE
S:Dbnl	D:0.484732746094312	D:0.00747059219043516	D:0.0247604014389815	D:-0.077545905931264	D:0.6736103964116	D:0.875727145409788	D:0.562278652025576	D:0.0299862021717676	D:0.194242398061295	D:6	S:TRUE	S:FALSE	S:TRUE	S:FALSE	S:DBNL	S:TRUE	S:TRUE	S:TRUE
S:Mrpl37	D:0.258958707971337	D:0.00269825876978613	D:0.0113144377399728	D:-0.00519259082728229	D:0.951701295792361	D:0.985421572427538	D:0.26415129879862	D:0.0299966245835331	D:0.194242398061295	D:6	S:TRUE	S:FALSE	S:TRUE	S:FALSE	S:MRPL37	S:TRUE	S:TRUE	S:TRUE
S:Dpp3	D:0.498274653476645	D:0.0135347280484138	D:0.0384504076905197	D:-0.136930921816846	D:0.515117231057438	D:0.781562521806169	D:0.635205575293491	D:0.0300026288761144	D:0.194242398061295	D:6	S:TRUE	S:FALSE	S:TRUE	S:FALSE	S:DPP3	S:TRUE	S:TRUE	S:TRUE
S:Cecr5	D:0.610694228141333	D:0.000144058081205254	D:0.00116983547856075	D:0.127273205970736	D:0.417233814208116	D:0.71365022639087	D:0.483421022170597	D:0.0300507367462701	D:0.194242398061295	D:6	S:TRUE	S:FALSE	S:TRUE	S:FALSE	S:CECR5	S:TRUE	S:TRUE	S:TRUE
S:Fam98c	D:0.641328077270818	D:0.0000065438208921393	D:0.0000995527338060219	D:0.216462466368526	D:0.122083562106786	D:0.359005805693732	D:0.424865610902291	D:0.0302819659064403	D:0.194481785531022	D:6	S:TRUE	S:FALSE	S:TRUE	S:FALSE	S:FAM98C	S:TRUE	S:TRUE	S:TRUE
S:Tex261	D:0.46026124892347	D:0.0000162511894618783	D:0.00020984180508461	D:0.143505964750773	D:0.164608964514228	D:0.429429030150325	D:0.316755284172697	D:0.0303820098673894	D:0.194481785531022	D:6	S:TRUE	S:FALSE	S:TRUE	S:FALSE	S:TEX261	S:TRUE	S:TRUE	S:TRUE
S:Slc27a1	D:0.766214984688226	D:0.00318269877141939	D:0.012806995899516	D:-0.0290764410179602	D:0.91069486454184	D:0.972503353400431	D:0.795291425706186	D:0.0303876921571463	D:0.194481785531022	D:6	S:TRUE	S:FALSE	S:TRUE	S:FALSE	S:SLC27A1	S:TRUE	S:TRUE	S:TRUE
S:Sh3gl1	D:0.997712043024328	D:0.00024924143707763	D:0.00179041297144868	D:0.158319444598099	D:0.570073699287196	D:0.818116237500059	D:0.83939259842623	D:0.0303977817563855	D:0.194481785531022	D:6	S:TRUE	S:FALSE	S:TRUE	S:FALSE	S:SH3GL1	S:TRUE	S:TRUE	S:TRUE
S:Smox	D:1.1768475162827	D:0.0000042274001121635	D:0.0000688726791996273	D:0.418079231476477	D:0.0940113218201177	D:0.30767341686584	D:0.758768284806221	D:0.030434457605181	D:0.194481785531022	D:6	S:TRUE	S:FALSE	S:TRUE	S:FALSE	S:SMOX	S:TRUE	S:TRUE	S:TRUE
S:Ethe1	D:0.667232331270639	D:0.00265502234153507	D:0.0111841652909528	D:-0.00451603636177644	D:0.983390243150725	D:0.994522809031158	D:0.671748367632416	D:0.0305009281108617	D:0.194487391819222	D:6	S:TRUE	S:FALSE	S:TRUE	S:FALSE	S:ETHE1	S:TRUE	S:TRUE	S:TRUE
S:Smarcd2	D:0.565337755127472	D:0.000128108230133468	D:0.00106579498807524	D:0.119846876789923	D:0.411502491082813	D:0.708386394962304	D:0.445490878337549	D:0.0305244720918357	D:0.194487391819222	D:6	S:TRUE	S:FALSE	S:TRUE	S:FALSE	S:SMARCD2	S:TRUE	S:TRUE	S:TRUE
S:Syvn1	D:0.777615477569728	D:0.000195323351062065	D:0.00147786631215711	D:0.143463460100626	D:0.491746986237082	D:0.766584046736669	D:0.634152017469102	D:0.0305992657356881	D:0.194655014628496	D:6	S:TRUE	S:FALSE	S:TRUE	S:FALSE	S:SYVN1	S:TRUE	S:TRUE	S:TRUE
S:Gga3	D:0.54946383522467	D:0.00000323179668946071	D:0.0000559175985339248	D:0.204646340745981	D:0.0687536350149879	D:0.25239821275239	D:0.344817494478689	D:0.0306782674940534	D:0.194655014628496	D:6	S:TRUE	S:FALSE	S:TRUE	S:FALSE	S:GGA3	S:TRUE	S:TRUE	S:TRUE
S:Pank4	D:0.553989657326067	D:0.0000276417284201546	D:0.000316946312114295	D:0.159596868894294	D:0.217128235664222	D:0.504073039229987	D:0.394392788431773	D:0.030690713402097	D:0.194655014628496	D:6	S:TRUE	S:FALSE	S:TRUE	S:FALSE	S:PANK4	S:TRUE	S:TRUE	S:TRUE
S:Aldh7a1	D:0.280339883110315	D:0.00024769691251924	D:0.00178177558066329	D:0.0514655786825262	D:0.488114032058811	D:0.764269222136094	D:0.228874304427789	D:0.0307107405951897	D:0.194655014628496	D:6	S:TRUE	S:FALSE	S:TRUE	S:FALSE	S:ALDH7A1	S:TRUE	S:TRUE	S:TRUE
S:Tsfm	D:0.362071464516445	D:0.00734226368727066	D:0.024423148360638	D:-0.0550360059624633	D:0.688415376532335	D:0.882711562536741	D:0.417107470478908	D:0.0307625303877698	D:0.194697045050361	D:6	S:TRUE	S:FALSE	S:TRUE	S:FALSE	S:TSFM	S:TRUE	S:TRUE	S:TRUE
S:Cep152	D:0.351058138528897	D:0.0102741953064176	D:0.031321761457067	D:-0.0538711067000328	D:0.672475403019571	D:0.874833946442779	D:0.40492924522893	D:0.0307787842036757	D:0.194697045050361	D:6	S:TRUE	S:FALSE	S:TRUE	S:FALSE	S:CEP152	S:TRUE	S:TRUE	S:TRUE
S:Zcchc24	D:0.383538960762531	D:0.0000273115090158548	D:0.000314223134656638	D:0.114447979695161	D:0.189265368629977	D:0.465669072621385	D:0.269090981067371	D:0.0307901286280779	D:0.194697045050361	D:6	S:TRUE	S:FALSE	S:TRUE	S:FALSE	S:ZCCHC24	S:TRUE	S:TRUE	S:TRUE
S:Chtf8	D:0.618880263041775	D:0.000000382399605784365	D:0.00000973063752569205	D:0.265681354540805	D:0.022401082612273	D:0.122034349628366	D:0.35319890850097	D:0.0308592524479224	D:0.194697045050361	D:6	S:TRUE	S:FALSE	S:TRUE	S:FALSE	S:CHTF8	S:TRUE	S:TRUE	S:TRUE
S:Nubp2	D:0.509938034915468	D:0.0184237921439832	D:0.0481279599494388	D:-0.1626151739964	D:0.464338904704436	D:0.748265285216155	D:0.672553208911868	D:0.030864610340314	D:0.194697045050361	D:6	S:TRUE	S:FALSE	S:TRUE	S:FALSE	S:NUBP2	S:TRUE	S:TRUE	S:TRUE
S:C330006a16rik	D:0.376859764423119	D:0.00112693083327104	D:0.0058117681645459	D:0.0283566847740904	D:0.801894466861456	D:0.932565741776924	D:0.348503079649029	D:0.0308669086398966	D:0.194697045050361	D:6	S:TRUE	S:FALSE	S:TRUE	S:FALSE	S:C330006A16RIK	S:TRUE	S:TRUE	S:TRUE
S:Sfi1	D:0.642928506120815	D:0.0000203128806858844	D:0.000251281431382628	D:0.214675838618585	D:0.10957479016861	D:0.334832098884092	D:0.42825266750223	D:0.0309319772549572	D:0.194855946021084	D:6	S:TRUE	S:FALSE	S:TRUE	S:FALSE	S:SFI1	S:TRUE	S:TRUE	S:TRUE
S:Mtx1	D:0.337697155603467	D:0.0020652852291678	D:0.00918531637361737	D:0.00211011297058894	D:0.98474207660804	D:0.994737842175212	D:0.335587042632878	D:0.0309459943347137	D:0.194855946021084	D:6	S:TRUE	S:FALSE	S:TRUE	S:FALSE	S:MTX1	S:TRUE	S:TRUE	S:TRUE
S:Suv420h2	D:1.10231377218791	D:0.0000743714954005439	D:0.00069621344765614	D:0.243326921230614	D:0.400402125485119	D:0.69915636131792	D:0.858986850957295	D:0.0309527907356917	D:0.194855946021084	D:6	S:TRUE	S:FALSE	S:TRUE	S:FALSE	S:SUV420H2	S:TRUE	S:TRUE	S:TRUE
S:E130203b14rik	D:0.422518002647062	D:0.0155929183418998	D:0.0427935633539157	D:-0.10864369471234	D:0.527915234493374	D:0.790169827164377	D:0.531161697359402	D:0.0309918192780361	D:0.194868113594092	D:6	S:TRUE	S:FALSE	S:TRUE	S:FALSE	S:E130203B14RIK	S:TRUE	S:TRUE	S:TRUE
S:Dhx16	D:0.662864211450545	D:0.0000178506632692691	D:0.000226305361702707	D:0.20577532344186	D:0.169508733047264	D:0.437391320417912	D:0.457088888008685	D:0.0310905198028427	D:0.195196927828084	D:6	S:TRUE	S:FALSE	S:TRUE	S:FALSE	S:DHX16	S:TRUE	S:TRUE	S:TRUE
S:Ccdc151	D:0.795266158876193	D:0.0000748594459824238	D:0.000699783937948701	D:0.179208228425251	D:0.387659765791376	D:0.687535967490868	D:0.616057930450941	D:0.0313926698310141	D:0.195565818755887	D:6	S:TRUE	S:FALSE	S:TRUE	S:FALSE	S:CCDC151	S:TRUE	S:TRUE	S:TRUE
S:Pdgfb	D:0.94090951376253	D:0.0000193937904280614	D:0.000242246501703309	D:0.270062434030323	D:0.233013523909968	D:0.524662018247072	D:0.670847079732207	D:0.031478716197445	D:0.19560267182014	D:6	S:TRUE	S:FALSE	S:TRUE	S:FALSE	S:PDGFB	S:TRUE	S:TRUE	S:TRUE
S:Ifi27l1	D:0.452368440242527	D:0.00843300994310961	D:0.0270592871330265	D:-0.0438905984937876	D:0.775134956668134	D:0.921668709107227	D:0.496259038736315	D:0.0316021036967504	D:0.195673510132559	D:6	S:TRUE	S:FALSE	S:TRUE	S:FALSE	S:IFI27L1	S:TRUE	S:TRUE	S:TRUE
S:Leprel2	D:0.929891275533177	D:0.0000662227580403993	D:0.000634374231528632	D:0.231662387599611	D:0.315936210893221	D:0.61795034539255	D:0.698228887933566	D:0.0316224998151635	D:0.195673510132559	D:6	S:TRUE	S:FALSE	S:TRUE	S:FALSE	S:LEPREL2	S:TRUE	S:TRUE	S:TRUE
S:Prpf19	D:0.289319062042473	D:0.0184127582810868	D:0.0481071798300503	D:-0.0823737539329308	D:0.496431810781898	D:0.769093071053393	D:0.371692815975404	D:0.0318214070624045	D:0.195759656993071	D:6	S:TRUE	S:FALSE	S:TRUE	S:FALSE	S:PRPF19	S:TRUE	S:TRUE	S:TRUE
S:Ercc1	D:0.797882662668875	D:0.00309874089942555	D:0.0125654627076628	D:-0.0338855428320621	D:0.902993005350291	D:0.969047511202208	D:0.831768205500937	D:0.0319543419466318	D:0.195919986580313	D:6	S:TRUE	S:FALSE	S:TRUE	S:FALSE	S:ERCC1	S:TRUE	S:TRUE	S:TRUE
S:Creld1	D:0.585735031142465	D:0.00121769642052749	D:0.00614445546405665	D:0.0350478766224285	D:0.847744462905761	D:0.949065598197163	D:0.550687154520037	D:0.0319617471497547	D:0.195919986580313	D:6	S:TRUE	S:FALSE	S:TRUE	S:FALSE	S:CRELD1	S:TRUE	S:TRUE	S:TRUE
S:Pacsin2	D:0.390462328064848	D:0.0000330338253545865	D:0.000360613380028106	D:0.113915350552478	D:0.209048263021647	D:0.493379163361059	D:0.276546977512369	D:0.0319761035214753	D:0.195919986580313	D:6	S:TRUE	S:FALSE	S:TRUE	S:FALSE	S:PACSIN2	S:TRUE	S:TRUE	S:TRUE
S:March4	D:0.372767839922054	D:0.000379682329185115	D:0.00247585839365118	D:0.0507995173030453	D:0.638913121573154	D:0.857224440657703	D:0.321968322619009	D:0.0319795432272878	D:0.195919986580313	D:6	S:TRUE	S:FALSE	S:TRUE	S:FALSE	S:MARCH4	S:TRUE	S:TRUE	S:TRUE
S:Ints3	D:0.339641612623751	D:0.00301808918887002	D:0.0123398142833834	D:-0.00548212740099085	D:0.961326725770964	D:0.988850614716502	D:0.345123740024742	D:0.0320598239838518	D:0.19615845853167	D:6	S:TRUE	S:FALSE	S:TRUE	S:FALSE	S:INTS3	S:TRUE	S:TRUE	S:TRUE
S:Nudc	D:0.410854691614097	D:0.0000132324190790556	D:0.000177767253388791	D:0.13500233510897	D:0.136645717635571	D:0.384260743761368	D:0.275852356505127	D:0.0321155489582702	D:0.19615845853167	D:6	S:TRUE	S:FALSE	S:TRUE	S:FALSE	S:NUDC	S:TRUE	S:TRUE	S:TRUE
S:Prr5	D:1.05715315934356	D:0.000180456610518426	D:0.00139576934789103	D:0.230527140848836	D:0.389130988798864	D:0.688615083134381	D:0.826626018494723	D:0.0321850014049394	D:0.196330614753029	D:6	S:TRUE	S:FALSE	S:TRUE	S:FALSE	S:PRR5	S:TRUE	S:TRUE	S:TRUE
S:Kctd5	D:0.206867379158144	D:0.013476225325228	D:0.0383380452442392	D:-0.0484460750936315	D:0.566624371725889	D:0.815906063351842	D:0.255313454251775	D:0.0325200955789633	D:0.197318047893484	D:6	S:TRUE	S:FALSE	S:TRUE	S:FALSE	S:KCTD5	S:TRUE	S:TRUE	S:TRUE
S:Emg1	D:0.472659316711924	D:0.00000349581196929637	D:0.0000592297490310025	D:0.175484329374636	D:0.0758576006750909	D:0.269691084902311	D:0.297174987337288	D:0.0325477945367455	D:0.197381800256478	D:6	S:TRUE	S:FALSE	S:TRUE	S:FALSE	S:EMG1	S:TRUE	S:TRUE	S:TRUE
S:Trafd1	D:0.331379302760331	D:0.0150269168638237	D:0.0417036436710616	D:-0.0813909452033217	D:0.548924276768809	D:0.803484438845406	D:0.412770247963652	D:0.0325558691283246	D:0.197381800256478	D:6	S:TRUE	S:FALSE	S:TRUE	S:FALSE	S:TRAFD1	S:TRUE	S:TRUE	S:TRUE
S:Fbln2	D:0.738762104558297	D:0.00153596288685952	D:0.00732536146040697	D:0.0639249493016314	D:0.765349269821812	D:0.917080833782958	D:0.674837155256665	D:0.0326647426934425	D:0.197433540741692	D:6	S:TRUE	S:FALSE	S:TRUE	S:FALSE	S:FBLN2	S:TRUE	S:TRUE	S:TRUE
S:Zbtb40	D:1.30123723511475	D:0.00000000000192202650253305	D:0.000000000389996650332161	D:0.814827677433736	D:0.00000109532088532179	D:0.0000588085687706794	D:0.486409557681009	D:0.0328338557817646	D:0.19747788132761	D:6	S:TRUE	S:TRUE	S:TRUE	S:FALSE	S:ZBTB40	S:TRUE	S:TRUE	S:TRUE
S:U2af2	D:0.538308610463297	D:0.00126723188234984	D:0.00632159352804404	D:0.0397653837706278	D:0.808731341613999	D:0.934777977697526	D:0.498543226692669	D:0.0329927690457258	D:0.197692238532474	D:6	S:TRUE	S:FALSE	S:TRUE	S:FALSE	S:U2AF2	S:TRUE	S:TRUE	S:TRUE
S:Polr2c	D:0.69088971870439	D:0.000284977569023524	D:0.00198240852111466	D:0.124616941567841	D:0.506272896404193	D:0.775882763282157	D:0.56627277713655	D:0.0330133104602728	D:0.197700253979035	D:6	S:TRUE	S:FALSE	S:TRUE	S:FALSE	S:POLR2C	S:TRUE	S:TRUE	S:TRUE
S:Snrnp70	D:0.351917723179842	D:0.000538014536230448	D:0.00325685358933147	D:0.0515161227967447	D:0.600953443994766	D:0.83609052617758	D:0.300401600383097	D:0.0330394516987377	D:0.197714427401007	D:6	S:TRUE	S:FALSE	S:TRUE	S:FALSE	S:SNRNP70	S:TRUE	S:TRUE	S:TRUE
S:Atp6v0b	D:0.351053084947456	D:0.00081234443491006	D:0.00448641550054251	D:0.0403222610938005	D:0.69267374025836	D:0.884538987968665	D:0.310730823853655	D:0.033082783881596	D:0.197714427401007	D:6	S:TRUE	S:FALSE	S:TRUE	S:FALSE	S:ATP6V0B	S:TRUE	S:TRUE	S:TRUE
S:Acot11	D:0.429558026748972	D:0.0000162460590143981	D:0.00020984180508461	D:0.139117237157031	D:0.148046999388726	D:0.402653313768494	D:0.290440789591941	D:0.0331231095670279	D:0.197714427401007	D:6	S:TRUE	S:FALSE	S:TRUE	S:FALSE	S:ACOT11	S:TRUE	S:TRUE	S:TRUE
S:Rps5	D:0.585463608536392	D:0.0190913732204016	D:0.049450201458149	D:-0.171499350533458	D:0.493754220626077	D:0.767756363760134	D:0.75696295906985	D:0.0331336298956182	D:0.197714427401007	D:6	S:TRUE	S:FALSE	S:TRUE	S:FALSE	S:RPS5	S:TRUE	S:TRUE	S:TRUE
S:Bcl2l1	D:0.596269174694558	D:0.0000421165454137703	D:0.000442223726844588	D:0.170016437963819	D:0.227766369474993	D:0.517523660871824	D:0.426252736730738	D:0.0331895204255584	D:0.197803995112872	D:6	S:TRUE	S:FALSE	S:TRUE	S:FALSE	S:BCL2L1	S:TRUE	S:TRUE	S:TRUE
S:Vkorc1	D:0.430868459251864	D:0.00435133681854263	D:0.0162333539763395	D:-0.0202497579657379	D:0.891459673771983	D:0.965662382844273	D:0.451118217217602	D:0.0333551963973073	D:0.197908738962234	D:6	S:TRUE	S:FALSE	S:TRUE	S:FALSE	S:VKORC1	S:TRUE	S:TRUE	S:TRUE
S:Fam73b	D:0.650365120229902	D:0.00293627434580334	D:0.0120981936653036	D:-0.00716515594098954	D:0.973807025439514	D:0.992244581760234	D:0.657530276170892	D:0.0333590505992425	D:0.197908738962234	D:6	S:TRUE	S:FALSE	S:TRUE	S:FALSE	S:FAM73B	S:TRUE	S:TRUE	S:TRUE
S:H2-T22	D:0.500129839191118	D:0.0000896945425546434	D:0.000804008911574153	D:0.134166704691243	D:0.256087909200479	D:0.554401758812288	D:0.365963134499875	D:0.0333789766100799	D:0.19791769660565	D:6	S:TRUE	S:FALSE	S:TRUE	S:FALSE	S:H2-T22	S:TRUE	S:TRUE	S:TRUE
S:Gpc2	D:0.499868994171984	D:0.00849428787181308	D:0.0271789378884308	D:-0.0752718656077906	D:0.694297320092329	D:0.885093124112479	D:0.575140859779774	D:0.0334601471997696	D:0.198074008401975	D:6	S:TRUE	S:FALSE	S:TRUE	S:FALSE	S:GPC2	S:TRUE	S:TRUE	S:TRUE
S:Aldh4a1	D:0.560812904434045	D:0.00152649510862272	D:0.00730249833959628	D:0.0348044529212501	D:0.84116569812526	D:0.945902754247089	D:0.526008451512795	D:0.0335998415329192	D:0.198199031053188	D:6	S:TRUE	S:FALSE	S:TRUE	S:FALSE	S:ALDH4A1	S:TRUE	S:TRUE	S:TRUE
S:Eif3b	D:0.443410757990047	D:0.00000156147706353525	D:0.0000306874435731758	D:0.178616931036501	D:0.0430991370705083	D:0.187629434759625	D:0.264793826953546	D:0.0336195782288726	D:0.198199031053188	D:6	S:TRUE	S:FALSE	S:TRUE	S:FALSE	S:EIF3B	S:TRUE	S:TRUE	S:TRUE
S:Celf3	D:0.488872593097502	D:0.00735754437599703	D:0.0244531532292231	D:-0.0644377342540654	D:0.727623035848429	D:0.898260296467751	D:0.553310327351568	D:0.0336293926857399	D:0.198199031053188	D:6	S:TRUE	S:FALSE	S:TRUE	S:FALSE	S:CELF3	S:TRUE	S:TRUE	S:TRUE
S:Lats2	D:0.613343747213666	D:0.00000614151047021852	D:0.000094698831745358	D:0.224705119463719	D:0.0797869073499507	D:0.278318964151737	D:0.388638627749947	D:0.0336705573008519	D:0.198233572942257	D:6	S:TRUE	S:FALSE	S:TRUE	S:FALSE	S:LATS2	S:TRUE	S:TRUE	S:TRUE
S:Map3k12	D:0.260720394447219	D:0.0119282459114302	D:0.0349984815249173	D:-0.0497693486803552	D:0.627284724778094	D:0.851790069523113	D:0.310489743127574	D:0.0337765882624794	D:0.198233572942257	D:6	S:TRUE	S:FALSE	S:TRUE	S:FALSE	S:MAP3K12	S:TRUE	S:TRUE	S:TRUE
S:Cbs	D:0.779906850171139	D:0.000823565104721475	D:0.00453032434229995	D:0.083528123256198	D:0.719122742836607	D:0.894207504386159	D:0.696378726914941	D:0.033822004009253	D:0.198233572942257	D:6	S:TRUE	S:FALSE	S:TRUE	S:FALSE	S:CBS	S:TRUE	S:TRUE	S:TRUE
S:Dennd2a	D:0.510803603910534	D:0.000277374060164113	D:0.00194161842114878	D:0.0925802191387977	D:0.508125806228401	D:0.777094861355451	D:0.418223384771736	D:0.0338368622183572	D:0.198233572942257	D:6	S:TRUE	S:FALSE	S:TRUE	S:FALSE	S:DENND2A	S:TRUE	S:TRUE	S:TRUE
S:Il11ra1	D:0.737754473479869	D:0.00000345138939671152	D:0.0000586135955806747	D:0.272515437940268	D:0.0837855778422272	D:0.286573088486637	D:0.465239035539601	D:0.0338967935479661	D:0.198233572942257	D:6	S:TRUE	S:FALSE	S:TRUE	S:FALSE	S:IL11RA1	S:TRUE	S:TRUE	S:TRUE
S:Dnajb2	D:0.491155211751154	D:0.00977218973344871	D:0.0302313304781705	D:-0.0755944513650206	D:0.685718975261418	D:0.881203591831255	D:0.566749663116174	D:0.0339453746799534	D:0.198233572942257	D:6	S:TRUE	S:FALSE	S:TRUE	S:FALSE	S:DNAJB2	S:TRUE	S:TRUE	S:TRUE
S:Gtf3a	D:0.33849266717167	D:0.0123380822381304	D:0.0359377697405947	D:-0.0658258675901968	D:0.622097355313894	D:0.848791061747432	D:0.404318534761866	D:0.0339923535424692	D:0.198233572942257	D:6	S:TRUE	S:FALSE	S:TRUE	S:FALSE	S:GTF3A	S:TRUE	S:TRUE	S:TRUE
S:Oraov1	D:0.415301326310207	D:0.0006361897964429	D:0.00371721367973966	D:0.050857619260638	D:0.677685638941275	D:0.878398640122298	D:0.364443707049569	D:0.0339960189025086	D:0.198233572942257	D:6	S:TRUE	S:FALSE	S:TRUE	S:FALSE	S:ORAOV1	S:TRUE	S:TRUE	S:TRUE
S:Ptma	D:0.238731472994693	D:0.000589112973994667	D:0.00350506515829881	D:0.0347091433040774	D:0.605693116908563	D:0.839040838107395	D:0.204022329690615	D:0.0340335290915004	D:0.198239657754745	D:6	S:TRUE	S:FALSE	S:TRUE	S:FALSE	S:PTMA	S:TRUE	S:TRUE	S:TRUE
S:Adck5	D:0.840807391093155	D:0.00275361918540862	D:0.0114910646775706	D:-0.0223563167514929	D:0.939582134266784	D:0.982265805285643	D:0.863163707844647	D:0.0341769277533992	D:0.19865860773069	D:6	S:TRUE	S:FALSE	S:TRUE	S:FALSE	S:ADCK5	S:TRUE	S:TRUE	S:TRUE
S:Dlg5	D:0.422621398123869	D:0.000748230888656823	D:0.00420157235422574	D:0.053609210861346	D:0.66016150822674	D:0.869075085512701	D:0.369012187262523	D:0.0341821331423183	D:0.19865860773069	D:6	S:TRUE	S:FALSE	S:TRUE	S:FALSE	S:DLG5	S:TRUE	S:TRUE	S:TRUE
S:Stat2	D:0.188671950279728	D:0.0134027863161665	D:0.0381847435090784	D:-0.0388968107697112	D:0.604788954988806	D:0.83866358682392	D:0.227568761049439	D:0.0341905399505777	D:0.19865860773069	D:6	S:TRUE	S:FALSE	S:TRUE	S:FALSE	S:STAT2	S:TRUE	S:TRUE	S:TRUE
S:Fam129c	D:1.18174903254379	D:0.000282583690141661	D:0.00197102123873808	D:0.227360361619663	D:0.472251168652238	D:0.753902876565977	D:0.954388670924124	D:0.034290743265316	D:0.198736141533292	D:6	S:TRUE	S:FALSE	S:TRUE	S:FALSE	S:FAM129C	S:TRUE	S:TRUE	S:TRUE
S:Rgag4	D:0.627557482642843	D:0.0000000284904614924589	D:0.00000117703847419689	D:0.313760260134683	D:0.00295885409419499	D:0.0286958737433172	D:0.31379722250816	D:0.034332529715062	D:0.198736141533292	D:6	S:TRUE	S:TRUE	S:TRUE	S:FALSE	S:RGAG4	S:TRUE	S:TRUE	S:TRUE
S:Id1	D:0.58121808568505	D:0.000429780631905386	D:0.00274169952205885	D:0.100821046706856	D:0.522882585180711	D:0.786589400237187	D:0.480397038978193	D:0.0343855983457449	D:0.198904327491269	D:6	S:TRUE	S:FALSE	S:TRUE	S:FALSE	S:ID1	S:TRUE	S:TRUE	S:TRUE
S:Stk25	D:0.373223248435351	D:0.000849797035420911	D:0.00464726247161928	D:0.0443537462544983	D:0.683372834598539	D:0.881014840878349	D:0.328869502180853	D:0.0344323509429817	D:0.198920760536091	D:6	S:TRUE	S:FALSE	S:TRUE	S:FALSE	S:STK25	S:TRUE	S:TRUE	S:TRUE
S:Orf61	D:0.791865904563577	D:0.00520195407648585	D:0.0186368563382286	D:-0.0680762693579724	D:0.814838582182633	D:0.935670433015896	D:0.85994217392155	D:0.0344684527767435	D:0.198920760536091	D:6	S:TRUE	S:FALSE	S:TRUE	S:FALSE	S:ORF61	S:TRUE	S:TRUE	S:TRUE
S:Pfdn2	D:0.30387011878395	D:0.000124041091494295	D:0.00103909405945641	D:0.0725100689029938	D:0.346596598548377	D:0.648216520358179	D:0.231360049880956	D:0.0345638047699292	D:0.199022383377758	D:6	S:TRUE	S:FALSE	S:TRUE	S:FALSE	S:PFDN2	S:TRUE	S:TRUE	S:TRUE
S:Dnajc4	D:0.621912028316334	D:0.0165624048422706	D:0.0446298561715208	D:-0.147192615577377	D:0.561741400453644	D:0.812906685831575	D:0.76910464389371	D:0.0347161541517989	D:0.199147856021757	D:6	S:TRUE	S:FALSE	S:TRUE	S:FALSE	S:DNAJC4	S:TRUE	S:TRUE	S:TRUE
S:Ptbp1	D:0.540494220472407	D:0.000517342788006971	D:0.003159337508094	D:0.0831621621103591	D:0.584718869283352	D:0.824799627640851	D:0.457332058362048	D:0.034803290452921	D:0.199292159665389	D:6	S:TRUE	S:FALSE	S:TRUE	S:FALSE	S:PTBP1	S:TRUE	S:TRUE	S:TRUE
S:Dhx8	D:0.308859040917422	D:0.000066772742048277	D:0.00063846837317153	D:0.0834983171200108	D:0.267098459509437	D:0.565237211347074	D:0.225360723797412	D:0.0348247276659029	D:0.199292159665389	D:6	S:TRUE	S:FALSE	S:TRUE	S:FALSE	S:DHX8	S:TRUE	S:TRUE	S:TRUE
S:Atoh8	D:2.08115991452743	D:0.000158846965532996	D:0.00126559152957038	D:0.494915476021996	D:0.342884792308676	D:0.644130334860015	D:1.58624443850543	D:0.0349333594428699	D:0.199493476073626	D:6	S:TRUE	S:FALSE	S:TRUE	S:FALSE	S:ATOH8	S:TRUE	S:TRUE	S:TRUE
S:Fuca1	D:0.336149820025019	D:0.00862657949111267	D:0.027517696604562	D:-0.0420479182581399	D:0.736641617479985	D:0.902547728317698	D:0.378197738283159	D:0.0349536633451354	D:0.199493476073626	D:6	S:TRUE	S:FALSE	S:TRUE	S:FALSE	S:FUCA1	S:TRUE	S:TRUE	S:TRUE
S:Wnt5b	D:0.81149113866638	D:0.00646204644542943	D:0.0221215836042634	D:-0.0759485159287266	D:0.79766794737353	D:0.931128193154631	D:0.887439654595106	D:0.0350196880895382	D:0.19953160150668	D:6	S:TRUE	S:FALSE	S:TRUE	S:FALSE	S:WNT5B	S:TRUE	S:TRUE	S:TRUE
S:Arhgef2	D:0.22371996645721	D:0.0084800135066256	D:0.0271666456894645	D:-0.028019990134772	D:0.73731302769617	D:0.902945504367844	D:0.251739956591982	D:0.035071933307409	D:0.19953160150668	D:6	S:TRUE	S:FALSE	S:TRUE	S:FALSE	S:ARHGEF2	S:TRUE	S:TRUE	S:TRUE
S:D4ertd22e	D:0.438780898868631	D:0.000181039055151176	D:0.001397507014665	D:0.0970961662556258	D:0.395829220036382	D:0.695271021230852	D:0.341684732613006	D:0.035424065379603	D:0.200057880165324	D:6	S:TRUE	S:FALSE	S:TRUE	S:FALSE	S:D4ERTD22E	S:TRUE	S:TRUE	S:TRUE
S:Ankzf1	D:0.311684218924927	D:0.00131464814326156	D:0.00648421933023473	D:0.0265373024349937	D:0.780265427409413	D:0.925013654530633	D:0.285146916489933	D:0.0354423365355588	D:0.200057880165324	D:6	S:TRUE	S:FALSE	S:TRUE	S:FALSE	S:ANKZF1	S:TRUE	S:TRUE	S:TRUE
S:Arpc1a	D:0.322817105203836	D:0.00803325255375255	D:0.0261210276586535	D:-0.0373682614029969	D:0.755266063782797	D:0.91192248690436	D:0.360185366606832	D:0.0354575834928505	D:0.200057880165324	D:6	S:TRUE	S:FALSE	S:TRUE	S:FALSE	S:ARPC1A	S:TRUE	S:TRUE	S:TRUE
S:Pde2a	D:0.510549498824513	D:0.000546933376489873	D:0.00330071938870392	D:0.0799112751245046	D:0.577362463252239	D:0.821708063932682	D:0.43063822370001	D:0.0355616023365601	D:0.200221432398708	D:6	S:TRUE	S:FALSE	S:TRUE	S:FALSE	S:PDE2A	S:TRUE	S:TRUE	S:TRUE
S:Cobra1	D:0.352519380632556	D:0.0167138040337767	D:0.0449228409123906	D:-0.0872779573657674	D:0.554338070339464	D:0.806722989100576	D:0.439797337998323	D:0.0356252039892525	D:0.200362918332643	D:6	S:TRUE	S:FALSE	S:TRUE	S:FALSE	S:COBRA1	S:TRUE	S:TRUE	S:TRUE
S:Dynlrb1	D:0.330682389764213	D:0.000244076783190488	D:0.00176548873174453	D:0.0684257423223515	D:0.434945724944615	D:0.72761459236255	D:0.262256647441862	D:0.0356415716037901	D:0.200382840855565	D:6	S:TRUE	S:FALSE	S:TRUE	S:FALSE	S:DYNLRB1	S:TRUE	S:TRUE	S:TRUE
S:Atp13a1	D:0.571653272699539	D:0.00906495416593967	D:0.0285661242211863	D:-0.0905641113429403	D:0.688143482215104	D:0.882613380296091	D:0.66221738404248	D:0.0357285225918193	D:0.200524264808232	D:6	S:TRUE	S:FALSE	S:TRUE	S:FALSE	S:ATP13A1	S:TRUE	S:TRUE	S:TRUE
S:Psmd4	D:0.484146385678446	D:0.00581287407743075	D:0.020304123538068	D:-0.0381196021540653	D:0.82816429392425	D:0.93915434380642	D:0.522265987832512	D:0.0357308981839554	D:0.200524264808232	D:6	S:TRUE	S:FALSE	S:TRUE	S:FALSE	S:PSMD4	S:TRUE	S:TRUE	S:TRUE
S:Mafg	D:0.741796522072991	D:0.000000000335160576567836	D:0.0000000297531184562265	D:0.423014533035585	D:0.000126065386262544	D:0.00270041451376237	D:0.318781989037406	D:0.0358026371511983	D:0.200618417053486	D:6	S:TRUE	S:TRUE	S:TRUE	S:FALSE	S:MAFG	S:TRUE	S:TRUE	S:TRUE
S:1600027n09rik	D:0.401847722998653	D:0.00000725187531263537	D:0.000108010772053971	D:0.143011442302469	D:0.104372914007591	D:0.325688517766048	D:0.258836280696184	D:0.0358158807527916	D:0.200618417053486	D:6	S:TRUE	S:FALSE	S:TRUE	S:FALSE	S:1600027N09RIK	S:TRUE	S:TRUE	S:TRUE
S:Phb	D:0.690271684447026	D:0.0000622851282596241	D:0.000604436549023831	D:0.185763310142935	D:0.278090623195984	D:0.577393740440406	D:0.504508374304091	D:0.0358247173309796	D:0.200618417053486	D:6	S:TRUE	S:FALSE	S:TRUE	S:FALSE	S:PHB	S:TRUE	S:TRUE	S:TRUE
S:Cbx7	D:0.417300127813293	D:0.012044627606224	D:0.0352538894191916	D:-0.0684072398869713	D:0.669802761590223	D:0.873612016619555	D:0.485707367700265	D:0.0360078559818515	D:0.201085359907587	D:6	S:TRUE	S:FALSE	S:TRUE	S:FALSE	S:CBX7	S:TRUE	S:TRUE	S:TRUE
S:5133401n09rik	D:0.626997919622707	D:0.0000000325224263545118	D:0.00000129295264468929	D:0.314375444793275	D:0.00311662341521706	D:0.029747704660714	D:0.312622474829432	D:0.036036802850822	D:0.201085359907587	D:6	S:TRUE	S:TRUE	S:TRUE	S:FALSE	S:5133401N09RIK	S:TRUE	S:TRUE	S:TRUE
S:Cuta	D:0.729713273255225	D:0.0000377362222393324	D:0.000403829271415979	D:0.207275462167319	D:0.248763902822956	D:0.545232048718325	D:0.522437811087906	D:0.0361110527917495	D:0.201191812019917	D:6	S:TRUE	S:FALSE	S:TRUE	S:FALSE	S:CUTA	S:TRUE	S:TRUE	S:TRUE
S:Ppp6r1	D:0.744978323625251	D:0.000000729914159063308	D:0.0000165277953930509	D:0.322389843346206	D:0.0240995162195663	D:0.128508819595394	D:0.422588480279044	D:0.036121942130581	D:0.201191812019917	D:6	S:TRUE	S:FALSE	S:TRUE	S:FALSE	S:PPP6R1	S:TRUE	S:TRUE	S:TRUE
S:Adamtsl5	D:0.552926478337876	D:0.0151359260236863	D:0.0419148720655928	D:-0.0965375109253084	D:0.64595596332501	D:0.860155536918195	D:0.649463989263184	D:0.0365843584896047	D:0.202405813399995	D:6	S:TRUE	S:FALSE	S:TRUE	S:FALSE	S:ADAMTSL5	S:TRUE	S:TRUE	S:TRUE
S:9930104l06rik	D:0.204088789169878	D:0.00423051042226439	D:0.0158815765803805	D:-0.00516486656771419	D:0.941309403329111	D:0.982826658487973	D:0.209253655737593	D:0.0366174885054754	D:0.202517394835238	D:6	S:TRUE	S:FALSE	S:TRUE	S:FALSE	S:9930104L06RIK	S:TRUE	S:TRUE	S:TRUE
S:Palld	D:0.713172535083558	D:0.00362919053921321	D:0.0141261766279689	D:-0.0014609312533424	D:0.99510888797445	D:0.998175479308732	D:0.714633466336901	D:0.0366382093742058	D:0.202560291317265	D:6	S:TRUE	S:FALSE	S:TRUE	S:FALSE	S:PALLD	S:TRUE	S:TRUE	S:TRUE
S:Cd81	D:0.294509231945989	D:0.0165648064476862	D:0.0446298561715208	D:-0.0671391373206696	D:0.579892261256618	D:0.822352427854869	D:0.361648369266659	D:0.0368708287970453	D:0.203270934765362	D:6	S:TRUE	S:FALSE	S:TRUE	S:FALSE	S:CD81	S:TRUE	S:TRUE	S:TRUE
S:Thrsp	D:0.548688370550851	D:0.00602443417644495	D:0.02088898348264	D:-0.0297406596793466	D:0.876871179834125	D:0.959451765056267	D:0.578429030230198	D:0.0370350993096378	D:0.203325188956515	D:6	S:TRUE	S:FALSE	S:TRUE	S:FALSE	S:THRSP	S:TRUE	S:TRUE	S:TRUE
S:Atp9a	D:0.47404665246178	D:0.016382113658079	D:0.0442980518853973	D:-0.105822239459903	D:0.586848014976524	D:0.826553003368528	D:0.579868891921683	D:0.0371933219028358	D:0.203524064551314	D:6	S:TRUE	S:FALSE	S:TRUE	S:FALSE	S:ATP9A	S:TRUE	S:TRUE	S:TRUE
S:Acd	D:0.629006327577104	D:0.00448780282575617	D:0.0166470634733178	D:-0.0307582494254586	D:0.891808676177114	D:0.965662382844273	D:0.659764577002562	D:0.0372750348442801	D:0.203524064551314	D:6	S:TRUE	S:FALSE	S:TRUE	S:FALSE	S:ACD	S:TRUE	S:TRUE	S:TRUE
S:Hdac5	D:0.956249518179027	D:0.000262702385009826	D:0.00186566457426978	D:0.196636480546577	D:0.44487299487073	D:0.735769590134233	D:0.75961303763245	D:0.0372792718484795	D:0.203524064551314	D:6	S:TRUE	S:FALSE	S:TRUE	S:FALSE	S:HDAC5	S:TRUE	S:TRUE	S:TRUE
S:Nfkb1	D:0.314693167706071	D:0.00109137366757927	D:0.00567630565321524	D:0.0344429520344054	D:0.715624462495361	D:0.893686883704541	D:0.280250215671666	D:0.0373312540218056	D:0.203724594074988	D:6	S:TRUE	S:FALSE	S:TRUE	S:FALSE	S:NFKB1	S:TRUE	S:TRUE	S:TRUE
S:Epha10	D:0.981228757984152	D:0.0000001224139577709	D:0.00000387165116642214	D:0.470413967729696	D:0.0070320857539426	D:0.0531797230491768	D:0.510814790254456	D:0.0375108061731704	D:0.204410873318531	D:6	S:TRUE	S:FALSE	S:TRUE	S:FALSE	S:EPHA10	S:TRUE	S:TRUE	S:TRUE
S:Nfkbid	D:1.06140289868403	D:0.00000861097309071182	D:0.000124803194405641	D:0.366925891524116	D:0.129121847526395	D:0.370851798163203	D:0.694477007159918	D:0.0375355091878433	D:0.204410873318531	D:6	S:TRUE	S:FALSE	S:TRUE	S:FALSE	S:NFKBID	S:TRUE	S:TRUE	S:TRUE
S:Thop1	D:0.943780882418448	D:0.0035081639643528	D:0.0137613742854753	D:-0.0337553028150337	D:0.921115702749439	D:0.975904596933929	D:0.977536185233482	D:0.0376109595287467	D:0.204451775023396	D:6	S:TRUE	S:FALSE	S:TRUE	S:FALSE	S:THOP1	S:TRUE	S:TRUE	S:TRUE
S:Map2k2	D:0.704760308058959	D:0.0038954489674872	D:0.0149282547628207	D:-0.0250470759959884	D:0.920873823631084	D:0.975836450109336	D:0.729807384054947	D:0.0377467205510867	D:0.204451775023396	D:6	S:TRUE	S:FALSE	S:TRUE	S:FALSE	S:MAP2K2	S:TRUE	S:TRUE	S:TRUE
S:Fgd1	D:0.518306160044145	D:0.00449547176392202	D:0.0166715525372698	D:-0.0135860386644384	D:0.939640599449515	D:0.982265805285643	D:0.531892198708583	D:0.0377638165886829	D:0.204451775023396	D:6	S:TRUE	S:FALSE	S:TRUE	S:FALSE	S:FGD1	S:TRUE	S:TRUE	S:TRUE
S:Myl6	D:0.495900541323012	D:0.00865782172591423	D:0.0275891916470904	D:-0.0582741395304263	D:0.756246218652779	D:0.912471304365666	D:0.554174680853438	D:0.0378532869999749	D:0.204451775023396	D:6	S:TRUE	S:FALSE	S:TRUE	S:FALSE	S:MYL6	S:TRUE	S:TRUE	S:TRUE
S:Lztr1	D:0.360103629091912	D:0.00554456547141243	D:0.0196035960455641	D:-0.0180498070438153	D:0.887364171072492	D:0.964824777579158	D:0.378153436135727	D:0.0378570779021176	D:0.204451775023396	D:6	S:TRUE	S:FALSE	S:TRUE	S:FALSE	S:LZTR1	S:TRUE	S:TRUE	S:TRUE
S:Acrbp	D:1.29817014804595	D:0.00000000306587017706534	D:0.000000188587226954602	D:0.703171365769153	D:0.000717746140213667	D:0.00999471095784165	D:0.594998782276797	D:0.037981753214559	D:0.204697641617698	D:6	S:TRUE	S:TRUE	S:TRUE	S:FALSE	S:ACRBP	S:TRUE	S:TRUE	S:TRUE
S:2310003h01rik	D:1.66207283915095	D:0.0000122790122260193	D:0.000166245482685724	D:0.59464659086425	D:0.0991169232411706	D:0.31699601275672	D:1.0674262482867	D:0.0379888442348099	D:0.204697641617698	D:6	S:TRUE	S:FALSE	S:TRUE	S:FALSE	S:2310003H01RIK	S:TRUE	S:TRUE	S:TRUE
S:Arpc3	D:0.46797575535903	D:0.00108048242602586	D:0.00563090641235096	D:0.0540952128861845	D:0.69883096274584	D:0.886935519253275	D:0.413880542472845	D:0.0380164731412497	D:0.204697641617698	D:6	S:TRUE	S:FALSE	S:TRUE	S:FALSE	S:ARPC3	S:TRUE	S:TRUE	S:TRUE
S:E4f1	D:1.16221969545225	D:0.000246353711561091	D:0.00177456449489648	D:0.235413831142643	D:0.460689845582014	D:0.745733334787959	D:0.926805864309606	D:0.0380427888834397	D:0.204697641617698	D:6	S:TRUE	S:FALSE	S:TRUE	S:FALSE	S:E4F1	S:TRUE	S:TRUE	S:TRUE
S:Prrt1	D:0.592557090088649	D:0.00000000131013001099011	D:0.0000000930769953368676	D:0.329049356280351	D:0.000359053417245212	D:0.00601918294049429	D:0.263507733808297	D:0.0380504967100614	D:0.204697641617698	D:6	S:TRUE	S:TRUE	S:TRUE	S:FALSE	S:PRRT1	S:TRUE	S:TRUE	S:TRUE
S:Eral1	D:0.341776813677572	D:0.00209274540148116	D:0.00928468679180286	D:0.0144824455049339	D:0.897450414626402	D:0.967418606190348	D:0.327294368172638	D:0.0381459813305834	D:0.204750759401758	D:6	S:TRUE	S:FALSE	S:TRUE	S:FALSE	S:ERAL1	S:TRUE	S:TRUE	S:TRUE
S:Ciapin1	D:0.338276023671361	D:0.00000573275069256449	D:0.0000895684968206275	D:0.128678129637654	D:0.0714056484253529	D:0.258849617400862	D:0.209597894033707	D:0.0381614318598259	D:0.204750759401758	D:6	S:TRUE	S:FALSE	S:TRUE	S:FALSE	S:CIAPIN1	S:TRUE	S:TRUE	S:TRUE
S:Zfpl1	D:0.67852725476996	D:0.0107290137512113	D:0.0323767129228239	D:-0.114820268395689	D:0.675072363656402	D:0.876898121862955	D:0.793347523165649	D:0.0382394407209218	D:0.20488033075695	D:6	S:TRUE	S:FALSE	S:TRUE	S:FALSE	S:ZFPL1	S:TRUE	S:TRUE	S:TRUE
S:Dpysl5	D:0.345857444126978	D:0.00797710883781837	D:0.025997986750537	D:-0.0361377995093184	D:0.781516152656431	D:0.925962039000861	D:0.381995243636297	D:0.0385954549211001	D:0.204914583567527	D:6	S:TRUE	S:FALSE	S:TRUE	S:FALSE	S:DPYSL5	S:TRUE	S:TRUE	S:TRUE
S:Eftud2	D:0.27061897707416	D:0.0124140898645275	D:0.036071738895923	D:-0.0453861370710129	D:0.672167474135763	D:0.874798793394773	D:0.316005114145173	D:0.038629143845897	D:0.204914583567527	D:6	S:TRUE	S:FALSE	S:TRUE	S:FALSE	S:EFTUD2	S:TRUE	S:TRUE	S:TRUE
S:Ahsa1	D:0.416220723397556	D:0.00000000148609904850002	D:0.000000104120231093114	D:0.231613885319777	D:0.000340160838247143	D:0.00579298908836904	D:0.184606838077779	D:0.0387245086629435	D:0.204914583567527	D:6	S:TRUE	S:TRUE	S:TRUE	S:FALSE	S:AHSA1	S:TRUE	S:TRUE	S:TRUE
S:Rnpepl1	D:0.752439422129841	D:0.00745806280341869	D:0.0247241190835166	D:-0.0960504451758082	D:0.747191321902048	D:0.908600612587374	D:0.848489867305649	D:0.0388085233394863	D:0.204914583567527	D:6	S:TRUE	S:FALSE	S:TRUE	S:FALSE	S:RNPEPL1	S:TRUE	S:TRUE	S:TRUE
S:Aip	D:0.670399936890341	D:0.00897007029763632	D:0.0283414314115814	D:-0.0944105037236067	D:0.722425384496626	D:0.895594240051995	D:0.764810440613948	D:0.0388854819856808	D:0.205113697010222	D:6	S:TRUE	S:FALSE	S:TRUE	S:FALSE	S:AIP	S:TRUE	S:TRUE	S:TRUE
S:Exosc7	D:0.302854584767052	D:0.00114910906438582	D:0.00589472068596445	D:0.0351347671312263	D:0.698830309023897	D:0.886935519253275	D:0.267719817635825	D:0.038984676537015	D:0.205172446172092	D:6	S:TRUE	S:FALSE	S:TRUE	S:FALSE	S:EXOSC7	S:TRUE	S:TRUE	S:TRUE
S:Narfl	D:0.514396114276092	D:0.00805100657190831	D:0.0261733097543686	D:-0.0598499302848943	D:0.763029750111152	D:0.915635700133383	D:0.574246044560986	D:0.039023224234264	D:0.205172446172092	D:6	S:TRUE	S:FALSE	S:TRUE	S:FALSE	S:NARFL	S:TRUE	S:TRUE	S:TRUE
S:Ccdc97	D:0.691982101589007	D:0.0000768689594308317	D:0.000714031285462137	D:0.189853939950298	D:0.272207092745891	D:0.570773731928371	D:0.502128161638709	D:0.0390670237781509	D:0.205172446172092	D:6	S:TRUE	S:FALSE	S:TRUE	S:FALSE	S:CCDC97	S:TRUE	S:TRUE	S:TRUE
S:Clec18a	D:0.68341206428939	D:0.00829774819258978	D:0.0267527894678132	D:-0.0883474873598946	D:0.742477151354663	D:0.905578689521097	D:0.771759551649284	D:0.039121891097345	D:0.205172446172092	D:6	S:TRUE	S:FALSE	S:TRUE	S:FALSE	S:CLEC18A	S:TRUE	S:TRUE	S:TRUE
S:Hsf1	D:1.07331017390454	D:0.00000564978047684927	D:0.0000886266768778042	D:0.403823329782121	D:0.0815753701932201	D:0.281851743453974	D:0.669486844122417	D:0.0391526383028424	D:0.205172446172092	D:6	S:TRUE	S:FALSE	S:TRUE	S:FALSE	S:HSF1	S:TRUE	S:TRUE	S:TRUE
S:Pdlim7	D:1.09676462792257	D:0.0000532219923026954	D:0.000531068613457215	D:0.316660307702366	D:0.240764433331795	D:0.53418112842601	D:0.780104320220202	D:0.0391627582135539	D:0.205172446172092	D:6	S:TRUE	S:FALSE	S:TRUE	S:FALSE	S:PDLIM7	S:TRUE	S:TRUE	S:TRUE
S:Tie1	D:0.571419855726693	D:0.00446414839217716	D:0.0165711224707474	D:-0.0273266873639595	D:0.896132432697246	D:0.966984135170274	D:0.598746543090653	D:0.0392783435547764	D:0.205451904820832	D:6	S:TRUE	S:FALSE	S:TRUE	S:FALSE	S:TIE1	S:TRUE	S:TRUE	S:TRUE
S:Cnot3	D:0.600047196248187	D:0.00000232929119583887	D:0.000042534627872982	D:0.244780772713397	D:0.0458733841864982	D:0.195452891881606	D:0.35526642353479	D:0.0393037255864307	D:0.20545873996248	D:6	S:TRUE	S:FALSE	S:TRUE	S:FALSE	S:CNOT3	S:TRUE	S:TRUE	S:TRUE
S:Anks6	D:0.981820351635696	D:0.000218744876918575	D:0.00161134840027148	D:0.200976363183717	D:0.463276753292361	D:0.747442791557192	D:0.780843988451979	D:0.0393951525757567	D:0.205549105035517	D:6	S:TRUE	S:FALSE	S:TRUE	S:FALSE	S:ANKS6	S:TRUE	S:TRUE	S:TRUE
S:Car11	D:0.538976782607521	D:0.00308098139061144	D:0.0125064310851944	D:0.00687924172117693	D:0.970062795452888	D:0.990887170400462	D:0.532097540886344	D:0.0394284861617668	D:0.205549105035517	D:6	S:TRUE	S:FALSE	S:TRUE	S:FALSE	S:CAR11	S:TRUE	S:TRUE	S:TRUE
S:Tns1	D:0.521964063095645	D:0.000339028924201577	D:0.00227143563967643	D:0.109143378441765	D:0.434882281281992	D:0.72761459236255	D:0.412820684653879	D:0.0394576426659672	D:0.205618841939239	D:6	S:TRUE	S:FALSE	S:TRUE	S:FALSE	S:TNS1	S:TRUE	S:TRUE	S:TRUE
S:Slc35a2	D:0.351464591524255	D:0.00223418712152854	D:0.00976139767091735	D:0.0177650235000257	D:0.876762283098075	D:0.959430968481155	D:0.33369956802423	D:0.039549705698434	D:0.205703931468786	D:6	S:TRUE	S:FALSE	S:TRUE	S:FALSE	S:SLC35A2	S:TRUE	S:TRUE	S:TRUE
S:Depdc7	D:0.872898722917198	D:0.000512152291956656	D:0.00313675711859301	D:0.201556766883724	D:0.34275260427886	D:0.64403688385483	D:0.671341956033474	D:0.0396593332892884	D:0.205988163030622	D:6	S:TRUE	S:FALSE	S:TRUE	S:FALSE	S:DEPDC7	S:TRUE	S:TRUE	S:TRUE
S:Znrd1	D:0.518501768140588	D:0.000726809333771007	D:0.00410396423232316	D:0.0751040508452077	D:0.623131990496888	D:0.849661310359389	D:0.44339771729538	D:0.0397932941884554	D:0.206144041246826	D:6	S:TRUE	S:FALSE	S:TRUE	S:FALSE	S:ZNRD1	S:TRUE	S:TRUE	S:TRUE
S:Gys1	D:0.482063796254243	D:0.000167649753984687	D:0.00131891226397621	D:0.118020725664837	D:0.343743641968221	D:0.645045719686703	D:0.364043070589406	D:0.039865947218305	D:0.206315190241404	D:6	S:TRUE	S:FALSE	S:TRUE	S:FALSE	S:GYS1	S:TRUE	S:TRUE	S:TRUE
S:Ift27	D:0.469521073576709	D:0.00375656340046831	D:0.0145027295697843	D:-0.00655669660049307	D:0.968410923495605	D:0.990490509124104	D:0.476077770177202	D:0.0399406945928645	D:0.206384988130433	D:6	S:TRUE	S:FALSE	S:TRUE	S:FALSE	S:IFT27	S:TRUE	S:TRUE	S:TRUE
S:Furin	D:1.02595613929484	D:0.0000252598183106992	D:0.00029629084180658	D:0.333231134808662	D:0.165922177907735	D:0.431055554976795	D:0.692725004486177	D:0.0399893351106999	D:0.206384988130433	D:6	S:TRUE	S:FALSE	S:TRUE	S:FALSE	S:FURIN	S:TRUE	S:TRUE	S:TRUE
S:Paxip1	D:0.244898122370791	D:0.000452917380963749	D:0.00284763829383405	D:0.0451125004748407	D:0.510392649656912	D:0.778795851073829	D:0.19978562189595	D:0.0400003497691708	D:0.206384988130433	D:6	S:TRUE	S:FALSE	S:TRUE	S:FALSE	S:PAXIP1	S:TRUE	S:TRUE	S:TRUE
S:Lsm7	D:0.548091378846082	D:0.0175070527186647	D:0.0464477523345027	D:-0.136098222924545	D:0.568707924089954	D:0.816999379766212	D:0.684189601770627	D:0.0400262589397288	D:0.206384988130433	D:6	S:TRUE	S:FALSE	S:TRUE	S:FALSE	S:LSM7	S:TRUE	S:TRUE	S:TRUE
S:Abcf1	D:0.49747952488282	D:0.000072061031696897	D:0.000679060047787889	D:0.14280007032281	D:0.241103636570661	D:0.534478322613509	D:0.35467945456001	D:0.0400411691467759	D:0.206384988130433	D:6	S:TRUE	S:FALSE	S:TRUE	S:FALSE	S:ABCF1	S:TRUE	S:TRUE	S:TRUE
S:1810006k21rik	D:0.396019881427148	D:0.01080895678937	D:0.0325415555652388	D:-0.0551325502071838	D:0.721440745022879	D:0.895083792602037	D:0.451152431634331	D:0.0400539320124363	D:0.206384988130433	D:6	S:TRUE	S:FALSE	S:TRUE	S:FALSE	S:1810006K21RIK	S:TRUE	S:TRUE	S:TRUE
S:Iqce	D:0.538438857971452	D:0.0013167270937959	D:0.0064918094394027	D:0.0565714809445739	D:0.732046937992172	D:0.900789453625176	D:0.481867377026878	D:0.0400775764201059	D:0.206384988130433	D:6	S:TRUE	S:FALSE	S:TRUE	S:FALSE	S:IQCE	S:TRUE	S:TRUE	S:TRUE
S:Ndufa8	D:0.734697225777781	D:0.00329182563841787	D:0.0131236243364738	D:0.000092841467841609	D:0.999710818887044	D:0.999902812514638	D:0.73460438430994	D:0.040143701800926	D:0.206394420400174	D:6	S:TRUE	S:FALSE	S:TRUE	S:FALSE	S:NDUFA8	S:TRUE	S:TRUE	S:TRUE
S:Daam2	D:0.611319987873111	D:0.00000912864285594218	D:0.000130729528855399	D:0.228639748693769	D:0.0812157247093037	D:0.281372801780217	D:0.382680239179342	D:0.0401797409952158	D:0.206394420400174	D:6	S:TRUE	S:FALSE	S:TRUE	S:FALSE	S:DAAM2	S:TRUE	S:TRUE	S:TRUE
S:Pfkfb4	D:0.602451937349787	D:0.00270483136429083	D:0.0113298351838284	D:0.0245817551400758	D:0.901193319247944	D:0.968818019423991	D:0.577870182209711	D:0.040296633460823	D:0.206574370331659	D:6	S:TRUE	S:FALSE	S:TRUE	S:FALSE	S:PFKFB4	S:TRUE	S:TRUE	S:TRUE
S:Smpd4	D:0.628872757456466	D:0.000000421604737246705	D:0.0000105058252228748	D:0.28788459055931	D:0.014991134827778	D:0.0924680183771039	D:0.340988166897156	D:0.0403432680913553	D:0.206587035262118	D:6	S:TRUE	S:FALSE	S:TRUE	S:FALSE	S:SMPD4	S:TRUE	S:TRUE	S:TRUE
S:Dtymk	D:0.37329758745192	D:0.000000615708349415203	D:0.0000144876916434686	D:0.167710286073727	D:0.0185589735808511	D:0.107037801117467	D:0.205587301378193	D:0.0403680375483389	D:0.206587035262118	D:6	S:TRUE	S:FALSE	S:TRUE	S:FALSE	S:DTYMK	S:TRUE	S:TRUE	S:TRUE
S:Atf6b	D:0.621290993823493	D:0.000684164605612976	D:0.00393570979311382	D:0.0909054763246244	D:0.622217285001257	D:0.848818899926626	D:0.530385517498869	D:0.0403878129165976	D:0.206619202969716	D:6	S:TRUE	S:FALSE	S:TRUE	S:FALSE	S:ATF6B	S:TRUE	S:TRUE	S:TRUE
S:Edc4	D:0.582484603754974	D:0.00500011958571803	D:0.0180921418266	D:-0.0194468277888467	D:0.92533355388105	D:0.977086368676198	D:0.601931431543821	D:0.0404007722140606	D:0.206619202969716	D:6	S:TRUE	S:FALSE	S:TRUE	S:FALSE	S:EDC4	S:TRUE	S:TRUE	S:TRUE
S:Mfap4	D:0.741249179856361	D:0.0160402668806268	D:0.0436397149594594	D:-0.169129520833001	D:0.595246792455638	D:0.831929118077146	D:0.910378700689363	D:0.0404681412302396	D:0.206721695969525	D:6	S:TRUE	S:FALSE	S:TRUE	S:FALSE	S:MFAP4	S:TRUE	S:TRUE	S:TRUE
S:Fkbp8	D:0.624709816646186	D:0.0121181920424319	D:0.0354492852407706	D:-0.0984408101566423	D:0.692407239082297	D:0.884415525132588	D:0.723150626802828	D:0.0404779567805547	D:0.206721695969525	D:6	S:TRUE	S:FALSE	S:TRUE	S:FALSE	S:FKBP8	S:TRUE	S:TRUE	S:TRUE
S:Rnf215	D:0.517073369636108	D:0.00208139292562782	D:0.00924642680409697	D:0.0240321230011453	D:0.889416377465731	D:0.965532038356506	D:0.493041246634963	D:0.0405852728473754	D:0.206784202598428	D:6	S:TRUE	S:FALSE	S:TRUE	S:FALSE	S:RNF215	S:TRUE	S:TRUE	S:TRUE
S:Ergic3	D:0.503260141657992	D:0.0139613147602263	D:0.0393810402263542	D:-0.0946910014794851	D:0.647415210827328	D:0.861162545033728	D:0.597951143137477	D:0.0405937532026151	D:0.206784202598428	D:6	S:TRUE	S:FALSE	S:TRUE	S:FALSE	S:ERGIC3	S:TRUE	S:TRUE	S:TRUE
S:Fxr2	D:0.358918294273701	D:0.000940938801484548	D:0.00503405136238768	D:0.0500993111576937	D:0.635264166418076	D:0.855092210978826	D:0.308818983116007	D:0.0406246572452514	D:0.206784202598428	D:6	S:TRUE	S:FALSE	S:TRUE	S:FALSE	S:FXR2	S:TRUE	S:TRUE	S:TRUE
S:Dalrd3	D:0.756455078589691	D:0.00161292546641628	D:0.00758818051408855	D:0.0506350201195405	D:0.838506629229198	D:0.944271844823194	D:0.705820058470151	D:0.0406646066315275	D:0.206784202598428	D:6	S:TRUE	S:FALSE	S:TRUE	S:FALSE	S:DALRD3	S:TRUE	S:TRUE	S:TRUE
S:Hist1h2be	D:1.29025578810473	D:0.0000000108866974923508	D:0.000000533209284076766	D:0.692044599401698	D:0.00088993362565486	D:0.0116923523336228	D:0.598211188703037	D:0.0408049860247999	D:0.207152455893409	D:6	S:TRUE	S:TRUE	S:TRUE	S:FALSE	S:HIST1H2BE	S:TRUE	S:TRUE	S:TRUE
S:Fkbp4	D:0.64095987219521	D:0.0000231869108644579	D:0.000276959347461571	D:0.21759839075508	D:0.135968057800748	D:0.383005164691898	D:0.423361481440129	D:0.0408281989523654	D:0.207152455893409	D:6	S:TRUE	S:FALSE	S:TRUE	S:FALSE	S:FKBP4	S:TRUE	S:TRUE	S:TRUE
S:Mepce	D:0.506516468128392	D:0.00662686024313512	D:0.022580404029184	D:-0.0374475107259142	D:0.84308713285145	D:0.946980754318916	D:0.543963978854307	D:0.0409162174616057	D:0.207254516135234	D:6	S:TRUE	S:FALSE	S:TRUE	S:FALSE	S:MEPCE	S:TRUE	S:TRUE	S:TRUE
S:0610011l14rik	D:0.33321868133157	D:0.00295360213619962	D:0.012153838850278	D:0.0102253332959767	D:0.926916993943854	D:0.977687210095031	D:0.322993348035594	D:0.0409246381295149	D:0.207254516135234	D:6	S:TRUE	S:FALSE	S:TRUE	S:FALSE	S:0610011L14RIK	S:TRUE	S:TRUE	S:TRUE
S:Timp1	D:2.33809934691697	D:0.000189994432480368	D:0.00144874231970389	D:0.568449317963797	D:0.35087724529534	D:0.652321047179248	D:1.76965002895317	D:0.0410815472906279	D:0.207490996841359	D:6	S:TRUE	S:FALSE	S:TRUE	S:FALSE	S:TIMP1	S:TRUE	S:TRUE	S:TRUE
S:Sidt2	D:0.404379461495228	D:0.00919603372933113	D:0.0288627623517617	D:-0.0428997300996468	D:0.780376662849992	D:0.925013654530633	D:0.447279191594875	D:0.0411093024784317	D:0.207490996841359	D:6	S:TRUE	S:FALSE	S:TRUE	S:FALSE	S:SIDT2	S:TRUE	S:TRUE	S:TRUE
S:Safb2	D:0.668118875198135	D:0.00000161092199057871	D:0.0000313828493526206	D:0.287705547209214	D:0.0285783242050753	D:0.142977195397814	D:0.380413327988921	D:0.0412974166180793	D:0.207707309896506	D:6	S:TRUE	S:FALSE	S:TRUE	S:FALSE	S:SAFB2	S:TRUE	S:TRUE	S:TRUE
S:Gnb2	D:0.919782213154472	D:0.00848397191197579	D:0.0271681855201291	D:-0.10189201617041	D:0.775610144674171	D:0.922108932197474	D:1.02167422932488	D:0.041372430825531	D:0.207707309896506	D:6	S:TRUE	S:FALSE	S:TRUE	S:FALSE	S:GNB2	S:TRUE	S:TRUE	S:TRUE
S:Gm15539	D:1.58137053890791	D:0.000164435512792656	D:0.00129993694679732	D:0.441416789505099	D:0.243489246996001	D:0.537934954053383	D:1.13995374940281	D:0.041381310789793	D:0.207707309896506	D:6	S:TRUE	S:FALSE	S:TRUE	S:FALSE	S:GM15539	S:TRUE	S:TRUE	S:TRUE
S:Sh3glb2	D:0.686315361189999	D:0.0110887339022813	D:0.0331731432494842	D:-0.0970383909731849	D:0.721050360433096	D:0.894883694606935	D:0.783353752163184	D:0.0414347690056298	D:0.207749044505152	D:6	S:TRUE	S:FALSE	S:TRUE	S:FALSE	S:SH3GLB2	S:TRUE	S:TRUE	S:TRUE
S:Rasgef1a	D:0.192823285314486	D:0.00356527897793131	D:0.0139365037250407	D:0.00424599966146477	D:0.947707598894019	D:0.984381320148971	D:0.188577285653022	D:0.0415517438901752	D:0.208036048871423	D:6	S:TRUE	S:FALSE	S:TRUE	S:FALSE	S:RASGEF1A	S:TRUE	S:TRUE	S:TRUE
S:Ppp1r12c	D:0.634184553461036	D:0.000489546206952679	D:0.00303639140032896	D:0.115962058197631	D:0.518823824695138	D:0.783999307960023	D:0.518222495263404	D:0.0415566627431821	D:0.208036048871423	D:6	S:TRUE	S:FALSE	S:TRUE	S:FALSE	S:PPP1R12C	S:TRUE	S:TRUE	S:TRUE
S:Mib2	D:0.914669433380878	D:0.00194425656404192	D:0.00878965988327286	D:0.0673553458085734	D:0.818819160004799	D:0.937164351030326	D:0.847314087572305	D:0.0416365031247401	D:0.208036048871423	D:6	S:TRUE	S:FALSE	S:TRUE	S:FALSE	S:MIB2	S:TRUE	S:TRUE	S:TRUE
S:Trim28	D:0.454613037973375	D:0.0118526060715386	D:0.0348506091686321	D:-0.0655816068415627	D:0.715044026457224	D:0.893376748386746	D:0.520194644814937	D:0.0416502390861131	D:0.208038150729358	D:6	S:TRUE	S:FALSE	S:TRUE	S:FALSE	S:TRIM28	S:TRUE	S:TRUE	S:TRUE
S:Cmklr1	D:0.640763107780897	D:0.00314797585441163	D:0.012709037402927	D:0.0380793483717354	D:0.85035287553413	D:0.949931784168257	D:0.602683759409162	D:0.0417071671685882	D:0.208051345342315	D:6	S:TRUE	S:FALSE	S:TRUE	S:FALSE	S:CMKLR1	S:TRUE	S:TRUE	S:TRUE
S:Csnk1e	D:0.420636651802965	D:0.000995003802527697	D:0.00525200655766646	D:0.0581004568983126	D:0.642004055880894	D:0.858305443128614	D:0.362536194904652	D:0.0417404995744698	D:0.208071169158746	D:6	S:TRUE	S:FALSE	S:TRUE	S:FALSE	S:CSNK1E	S:TRUE	S:TRUE	S:TRUE
S:Urm1	D:0.525809278644995	D:0.000492911934265254	D:0.00305114198817144	D:0.0949498311284955	D:0.526841921457964	D:0.789704111333547	D:0.430859447516499	D:0.0417522832205751	D:0.208071169158746	D:6	S:TRUE	S:FALSE	S:TRUE	S:FALSE	S:URM1	S:TRUE	S:TRUE	S:TRUE
S:Pnpla2	D:0.666660448456615	D:0.0132692278182584	D:0.0379217880798372	D:-0.114960452384152	D:0.672909511389886	D:0.875287313234872	D:0.781620900840767	D:0.0417821530549302	D:0.208071169158746	D:6	S:TRUE	S:FALSE	S:TRUE	S:FALSE	S:PNPLA2	S:TRUE	S:TRUE	S:TRUE
S:Gpr124	D:0.590372936388992	D:0.000727985373749092	D:0.00410911975413866	D:0.092964343843775	D:0.589952474836122	D:0.828862855693868	D:0.497408592545217	D:0.0418474553885118	D:0.208088524145427	D:6	S:TRUE	S:FALSE	S:TRUE	S:FALSE	S:GPR124	S:TRUE	S:TRUE	S:TRUE
S:Fbxl6	D:0.912419697958714	D:0.00967455972187632	D:0.0299911351378166	D:-0.139980289132474	D:0.710042946461186	D:0.891583259457114	D:1.05239998709119	D:0.0418566018123437	D:0.208088524145427	D:6	S:TRUE	S:FALSE	S:TRUE	S:FALSE	S:FBXL6	S:TRUE	S:TRUE	S:TRUE
S:Ptov1	D:0.889335805561075	D:0.00590400996890399	D:0.0205581127154348	D:-0.059287283458815	D:0.859675842190384	D:0.953743901042573	D:0.94862308901989	D:0.0418928841757196	D:0.208088524145427	D:6	S:TRUE	S:FALSE	S:TRUE	S:FALSE	S:PTOV1	S:TRUE	S:TRUE	S:TRUE
S:Btbd9	D:0.448506632961714	D:0.0000430262095267131	D:0.000449960841797433	D:0.143501974570961	D:0.173095452212829	D:0.442915713294013	D:0.305004658390753	D:0.0418944880984306	D:0.208088524145427	D:6	S:TRUE	S:FALSE	S:TRUE	S:FALSE	S:BTBD9	S:TRUE	S:TRUE	S:TRUE
S:Oaz1	D:0.451924043314865	D:0.010776455066229	D:0.0324815689491255	D:-0.0603814228190789	D:0.734639285537328	D:0.901945835322118	D:0.512305466133944	D:0.0419397713071273	D:0.208153426589122	D:6	S:TRUE	S:FALSE	S:TRUE	S:FALSE	S:OAZ1	S:TRUE	S:TRUE	S:TRUE
S:Sema4g	D:0.550238672338276	D:0.0044308784621008	D:0.0164907206031117	D:-0.00320698508398198	D:0.986638649942232	D:0.995366582727283	D:0.553445657422258	D:0.0420214924218642	D:0.208294767240722	D:6	S:TRUE	S:FALSE	S:TRUE	S:FALSE	S:SEMA4G	S:TRUE	S:TRUE	S:TRUE
S:Imp4	D:0.454251448692083	D:0.00000631217223294864	D:0.0000968775824828974	D:0.175784622791419	D:0.0704355953077945	D:0.256702995355489	D:0.278466825900664	D:0.0420652898755063	D:0.208423168138776	D:6	S:TRUE	S:FALSE	S:TRUE	S:FALSE	S:IMP4	S:TRUE	S:TRUE	S:TRUE
S:Ssr2	D:0.453007671738506	D:0.00475002684389203	D:0.0174089653785994	D:-0.0109094476077907	D:0.946370379701834	D:0.984032300404762	D:0.463917119346297	D:0.0421145156098998	D:0.208423168138776	D:6	S:TRUE	S:FALSE	S:TRUE	S:FALSE	S:SSR2	S:TRUE	S:TRUE	S:TRUE
S:Nploc4	D:0.236099545830389	D:0.00178887930807699	D:0.00822526495273542	D:0.0216996257146205	D:0.769106377573087	D:0.919174820092961	D:0.214399920115769	D:0.0421190259947045	D:0.208423168138776	D:6	S:TRUE	S:FALSE	S:TRUE	S:FALSE	S:NPLOC4	S:TRUE	S:TRUE	S:TRUE
S:Zfp523	D:0.878285194912899	D:0.00180171087883241	D:0.00826480645063934	D:0.0642271281825821	D:0.822347546493894	D:0.937754029976538	D:0.814058066730317	D:0.0421370225855747	D:0.208423168138776	D:6	S:TRUE	S:FALSE	S:TRUE	S:FALSE	S:ZFP523	S:TRUE	S:TRUE	S:TRUE
S:Cln8	D:0.256594661816179	D:0.00294743926929557	D:0.0121345958217323	D:0.011062013122074	D:0.896140947049715	D:0.966984135170274	D:0.245532648694105	D:0.0421696745042368	D:0.208433721750774	D:6	S:TRUE	S:FALSE	S:TRUE	S:FALSE	S:CLN8	S:TRUE	S:TRUE	S:TRUE
S:Gmppb	D:0.998227536973304	D:0.00000762707504077739	D:0.000112462997898918	D:0.373750108181905	D:0.0896184245216707	D:0.29842247756321	D:0.624477428791399	D:0.0422246807322757	D:0.208573636345582	D:6	S:TRUE	S:FALSE	S:TRUE	S:FALSE	S:GMPPB	S:TRUE	S:TRUE	S:TRUE
S:Sbf1	D:0.578085661486996	D:0.0133650663278553	D:0.0380981201069899	D:-0.0922385518681974	D:0.69089956239834	D:0.883645609275677	D:0.670324213355193	D:0.0422932144638586	D:0.208795250009266	D:6	S:TRUE	S:FALSE	S:TRUE	S:FALSE	S:SBF1	S:TRUE	S:TRUE	S:TRUE
S:Col7a1	D:1.2055290786782	D:0.00201035753960618	D:0.00899995020023125	D:0.0859482960717282	D:0.825966288356998	D:0.93867451915113	D:1.11958078260647	D:0.0423426615070883	D:0.208892246096226	D:6	S:TRUE	S:FALSE	S:TRUE	S:FALSE	S:COL7A1	S:TRUE	S:TRUE	S:TRUE
S:Rnf123	D:0.492539257902978	D:0.013488205098368	D:0.0383581573456319	D:-0.0819433297538952	D:0.681832617719529	D:0.880773279805698	D:0.574482587656873	D:0.0423965716697168	D:0.208961712220621	D:6	S:TRUE	S:FALSE	S:TRUE	S:FALSE	S:RNF123	S:TRUE	S:TRUE	S:TRUE
S:A2m	D:0.910788452171461	D:0.00043167246363593	D:0.00274723037549807	D:0.206945276662328	D:0.378658508202419	D:0.679784043680868	D:0.703843175509133	D:0.0424446517017295	D:0.209065333602718	D:6	S:TRUE	S:FALSE	S:TRUE	S:FALSE	S:A2M	S:TRUE	S:TRUE	S:TRUE
S:Triap1	D:0.426226444927103	D:0.00191841541991154	D:0.00869548085892021	D:0.0297133423978524	D:0.83127036744808	D:0.940547203454266	D:0.396513102529251	D:0.0424780634574544	D:0.209155402641881	D:6	S:TRUE	S:FALSE	S:TRUE	S:FALSE	S:TRIAP1	S:TRUE	S:TRUE	S:TRUE
S:Caskin2	D:0.750491818635968	D:0.0183970211382176	D:0.0480741024023268	D:-0.174534491330268	D:0.590622314260181	D:0.829283641130091	D:0.925026309966237	D:0.0425203264636821	D:0.209174301218063	D:6	S:TRUE	S:FALSE	S:TRUE	S:FALSE	S:CASKIN2	S:TRUE	S:TRUE	S:TRUE
S:Mnt	D:0.548618042958538	D:0.000592533128514975	D:0.00352005231936044	D:0.102776803358668	D:0.501613647859095	D:0.77259578412367	D:0.44584123959987	D:0.0425790021094254	D:0.209206556642506	D:6	S:TRUE	S:FALSE	S:TRUE	S:FALSE	S:MNT	S:TRUE	S:TRUE	S:TRUE
S:Ttc7	D:0.897236404573965	D:0.000138716250541264	D:0.00113175075637426	D:0.22470629364393	D:0.3452492396416	D:0.646705924968273	D:0.672530110930035	D:0.0426903983832597	D:0.209417514706452	D:6	S:TRUE	S:FALSE	S:TRUE	S:FALSE	S:TTC7	S:TRUE	S:TRUE	S:TRUE
S:Cmtm7	D:0.878725157254222	D:0.00780477241923694	D:0.0255668231412918	D:-0.0752750842874741	D:0.82198351345702	D:0.937754029976538	D:0.954000241541696	D:0.0427689017015024	D:0.209543218284625	D:6	S:TRUE	S:FALSE	S:TRUE	S:FALSE	S:CMTM7	S:TRUE	S:TRUE	S:TRUE
S:Cope	D:0.810087242995056	D:0.00267876656206834	D:0.0112599001253042	D:0.0357445415551352	D:0.895158449503076	D:0.966548418454462	D:0.774342701439921	D:0.0427818825245341	D:0.209543218284625	D:6	S:TRUE	S:FALSE	S:TRUE	S:FALSE	S:COPE	S:TRUE	S:TRUE	S:TRUE
S:Grcc10	D:0.454080797244198	D:0.00938140944827553	D:0.0292857425014699	D:-0.0548022294060537	D:0.760449276938807	D:0.914408593420928	D:0.508883026650252	D:0.0428193713622948	D:0.209543218284625	D:6	S:TRUE	S:FALSE	S:TRUE	S:FALSE	S:GRCC10	S:TRUE	S:TRUE	S:TRUE
S:Xrcc1	D:0.729480195490826	D:0.0108702174783832	D:0.0326861911037477	D:-0.0936600389440461	D:0.744264502014147	D:0.906437682007745	D:0.823140234434872	D:0.0428419992172508	D:0.209543218284625	D:6	S:TRUE	S:FALSE	S:TRUE	S:FALSE	S:XRCC1	S:TRUE	S:TRUE	S:TRUE
S:Fezf2	D:0.573650688353045	D:0.000279554126088849	D:0.00195250499151192	D:0.132022304116464	D:0.387971989053007	D:0.687671246732925	D:0.441628384236582	D:0.0428490447232812	D:0.209543218284625	D:6	S:TRUE	S:FALSE	S:TRUE	S:FALSE	S:FEZF2	S:TRUE	S:TRUE	S:TRUE
S:Stk10	D:0.496044225087959	D:0.00469170654006717	D:0.0172437598169865	D:-0.00625951203091457	D:0.971508744742137	D:0.991332809896757	D:0.502303737118873	D:0.0428756385807766	D:0.209543218284625	D:6	S:TRUE	S:FALSE	S:TRUE	S:FALSE	S:STK10	S:TRUE	S:TRUE	S:TRUE
S:Plekhm1	D:0.736155413149406	D:0.000177832466612222	D:0.0013809415796965	D:0.182214765140962	D:0.347488452621402	D:0.649032825314619	D:0.553940648008444	D:0.0428853255277155	D:0.209543218284625	D:6	S:TRUE	S:FALSE	S:TRUE	S:FALSE	S:PLEKHM1	S:TRUE	S:TRUE	S:TRUE
S:Cep250	D:0.421372013417437	D:0.0152639301663991	D:0.0421274765800775	D:-0.0718701306543785	D:0.672372205609021	D:0.874833946442779	D:0.493242144071815	D:0.042930609429665	D:0.209543218284625	D:6	S:TRUE	S:FALSE	S:TRUE	S:FALSE	S:CEP250	S:TRUE	S:TRUE	S:TRUE
S:Rhot2	D:0.943188169183937	D:0.00000736618428352676	D:0.00010940044034774	D:0.361574023747117	D:0.0766738612892553	D:0.271309322552555	D:0.58161414543682	D:0.0429756299439467	D:0.209604462103334	D:6	S:TRUE	S:FALSE	S:TRUE	S:FALSE	S:RHOT2	S:TRUE	S:TRUE	S:TRUE
S:E2f4	D:0.801204448446756	D:0.0000354290029166025	D:0.000382017074926845	D:0.258535554876063	D:0.175716765618151	D:0.445789649695482	D:0.542668893570692	D:0.0430190881399915	D:0.209604462103334	D:6	S:TRUE	S:FALSE	S:TRUE	S:FALSE	S:E2F4	S:TRUE	S:TRUE	S:TRUE
S:Stk11ip	D:0.492345153194262	D:0.0030386595236998	D:0.0123796652929037	D:0.0135812231646701	D:0.935828478577685	D:0.98051127610634	D:0.478763930029592	D:0.0430398505739674	D:0.209604462103334	D:6	S:TRUE	S:FALSE	S:TRUE	S:FALSE	S:STK11IP	S:TRUE	S:TRUE	S:TRUE
S:Inpp5e	D:0.270484457744859	D:0.011287991399336	D:0.0336459240127967	D:-0.0332182637182576	D:0.752341634720581	D:0.910755725685545	D:0.303702721463116	D:0.043238901119471	D:0.209840668329249	D:6	S:TRUE	S:FALSE	S:TRUE	S:FALSE	S:INPP5E	S:TRUE	S:TRUE	S:TRUE
S:Psd2	D:0.396260219378445	D:0.000525474534982212	D:0.00319705883944648	D:0.0746638016519441	D:0.505102219238228	D:0.775403895873317	D:0.321596417726501	D:0.0432519449518983	D:0.209840668329249	D:6	S:TRUE	S:FALSE	S:TRUE	S:FALSE	S:PSD2	S:TRUE	S:TRUE	S:TRUE
S:Crybb1	D:1.77127453655632	D:0.00167954688923996	D:0.00782853239781779	D:0.0947625240090844	D:0.876514485705316	D:0.959278672223302	D:1.67651201254724	D:0.0432864254486798	D:0.209840668329249	D:6	S:TRUE	S:FALSE	S:TRUE	S:FALSE	S:CRYBB1	S:TRUE	S:TRUE	S:TRUE
S:Zfp335	D:0.926661649745171	D:0.000270765224179256	D:0.00190732004624738	D:0.197922540713268	D:0.444887390867539	D:0.735769590134233	D:0.728739109031904	D:0.0432921831218091	D:0.209840668329249	D:6	S:TRUE	S:FALSE	S:TRUE	S:FALSE	S:ZFP335	S:TRUE	S:TRUE	S:TRUE
S:Ppp4c	D:0.577164138671737	D:0.00000158327448098963	D:0.0000310377421467779	D:0.245078063936029	D:0.0380442941910005	D:0.17314913857901	D:0.332086074735707	D:0.0433037703065541	D:0.209840668329249	D:6	S:TRUE	S:FALSE	S:TRUE	S:FALSE	S:PPP4C	S:TRUE	S:TRUE	S:TRUE
S:Mapk8ip3	D:0.483350533549078	D:0.00584403354729143	D:0.0203901697505318	D:-0.0129970991517956	D:0.939782599919589	D:0.982348520849913	D:0.496347632700875	D:0.0434634327203544	D:0.210108489969451	D:6	S:TRUE	S:FALSE	S:TRUE	S:FALSE	S:MAPK8IP3	S:TRUE	S:TRUE	S:TRUE
S:Nob1	D:0.361021625544797	D:0.0125043548868264	D:0.036273308717374	D:-0.0562166891823699	D:0.702084368310955	D:0.888561044738214	D:0.417238314727167	D:0.0434871600568973	D:0.210108489969451	D:6	S:TRUE	S:FALSE	S:TRUE	S:FALSE	S:NOB1	S:TRUE	S:TRUE	S:TRUE
S:Raver1	D:0.570022570752034	D:0.00084460578114233	D:0.0046252296646389	D:0.0864111238898375	D:0.609993549291485	D:0.841565229610621	D:0.483611446862196	D:0.0434875821792828	D:0.210108489969451	D:6	S:TRUE	S:FALSE	S:TRUE	S:FALSE	S:RAVER1	S:TRUE	S:TRUE	S:TRUE
S:Grina	D:0.555814663300239	D:0.012392945701661	D:0.036030402613091	D:-0.0752000615005626	D:0.731065873678008	D:0.900447237709515	D:0.631014724800802	D:0.0435161603633139	D:0.210108489969451	D:6	S:TRUE	S:FALSE	S:TRUE	S:FALSE	S:GRINA	S:TRUE	S:TRUE	S:TRUE
S:Nphp4	D:0.822522851790037	D:0.0080240203177072	D:0.0260964391015523	D:-0.0835475566515742	D:0.796133028283386	D:0.93085461267577	D:0.906070408441611	D:0.0435771341740813	D:0.210108489969451	D:6	S:TRUE	S:FALSE	S:TRUE	S:FALSE	S:NPHP4	S:TRUE	S:TRUE	S:TRUE
S:Nbl1	D:0.740981856427532	D:0.00325380214498495	D:0.0130118773261441	D:-0.00745123276569748	D:0.978174169518365	D:0.993372573566914	D:0.74843308919323	D:0.0436788894852219	D:0.210108489969451	D:6	S:TRUE	S:FALSE	S:TRUE	S:FALSE	S:NBL1	S:TRUE	S:TRUE	S:TRUE
S:Tubb2b	D:0.54884696008545	D:0.00196252296182806	D:0.00883899070498752	D:0.0415785574833523	D:0.816455272685708	D:0.936320087688778	D:0.507268402602097	D:0.0437749872758953	D:0.210108489969451	D:6	S:TRUE	S:FALSE	S:TRUE	S:FALSE	S:TUBB2B	S:TRUE	S:TRUE	S:TRUE
S:Srm	D:0.595150810783062	D:0.015756970161368	D:0.0430924036060236	D:-0.129516969492339	D:0.618709018612813	D:0.846694377402697	D:0.724667780275401	D:0.0438621841306263	D:0.210108489969451	D:6	S:TRUE	S:FALSE	S:TRUE	S:FALSE	S:SRM	S:TRUE	S:TRUE	S:TRUE
S:Ccdc64	D:0.720842503742189	D:0.00108744130302831	D:0.00565962122535458	D:0.0961848621928105	D:0.660869382710605	D:0.869216536364213	D:0.624657641549379	D:0.0438667367050915	D:0.210108489969451	D:6	S:TRUE	S:FALSE	S:TRUE	S:FALSE	S:CCDC64	S:TRUE	S:TRUE	S:TRUE
S:Rtl1	D:0.692557830029129	D:0.0000350965208630236	D:0.000379217179781383	D:0.223064395385993	D:0.181543053500378	D:0.454337444800561	D:0.469493434643137	D:0.0440216486678461	D:0.210206063198786	D:6	S:TRUE	S:FALSE	S:TRUE	S:FALSE	S:RTL1	S:TRUE	S:TRUE	S:TRUE
S:Surf4	D:0.266942937773346	D:0.000061077908298243	D:0.000594567750312616	D:0.0829107294097211	D:0.197971356717579	D:0.479031202935643	D:0.184032208363625	D:0.0441510329358357	D:0.210435985105657	D:6	S:TRUE	S:FALSE	S:TRUE	S:FALSE	S:SURF4	S:TRUE	S:TRUE	S:TRUE
S:Rrp7a	D:0.800461672656181	D:0.000325488496146559	D:0.00220339352850686	D:0.171468194146607	D:0.440786118420872	D:0.732136529530051	D:0.628993478509574	D:0.0441943765473112	D:0.210435985105657	D:6	S:TRUE	S:FALSE	S:TRUE	S:FALSE	S:RRP7A	S:TRUE	S:TRUE	S:TRUE
S:2310035k24rik	D:0.620151936428955	D:0.0081460861185973	D:0.0263835923542629	D:-0.0626669097451134	D:0.797838709001299	D:0.931128193154631	D:0.682818846174068	D:0.0442446198811589	D:0.210498764014381	D:6	S:TRUE	S:FALSE	S:TRUE	S:FALSE	S:2310035K24RIK	S:TRUE	S:TRUE	S:TRUE
S:Acaa1a	D:0.590568246738661	D:0.017265012682267	D:0.046016471877813	D:-0.133976619419526	D:0.605932011545994	D:0.839040838107395	D:0.724544866158187	D:0.044308146336073	D:0.210551743220756	D:6	S:TRUE	S:FALSE	S:TRUE	S:FALSE	S:ACAA1A	S:TRUE	S:TRUE	S:TRUE
S:Ly6c1	D:0.87932737210859	D:0.000000000118865927848847	D:0.0000000129871416553174	D:0.526001092511141	D:0.0000475570602396329	D:0.00124879245241012	D:0.353326279597449	D:0.0443159286104897	D:0.210551743220756	D:6	S:TRUE	S:TRUE	S:TRUE	S:FALSE	S:LY6C1	S:TRUE	S:TRUE	S:TRUE
S:Supt5h	D:0.490710390188128	D:0.00335393898103637	D:0.0133185642626939	D:0.0202437132091662	D:0.901693764018443	D:0.96888354768523	D:0.470466676978962	D:0.0443666128384802	D:0.210554235633024	D:6	S:TRUE	S:FALSE	S:TRUE	S:FALSE	S:SUPT5H	S:TRUE	S:TRUE	S:TRUE
S:Nrbp1	D:0.193079350009778	D:0.00765258699533665	D:0.0252326814869299	D:-0.011471912306102	D:0.87222318594108	D:0.957912585269539	D:0.20455126231588	D:0.0443910427659485	D:0.210554235633024	D:6	S:TRUE	S:FALSE	S:TRUE	S:FALSE	S:NRBP1	S:TRUE	S:TRUE	S:TRUE
S:Cpm	D:0.642072875981927	D:0.00130185685440934	D:0.00644085227779976	D:0.0982669096371573	D:0.594212393540294	D:0.831450334647461	D:0.54380596634477	D:0.0445280061492107	D:0.210628388760299	D:6	S:TRUE	S:FALSE	S:TRUE	S:FALSE	S:CPM	S:TRUE	S:TRUE	S:TRUE
S:N4bp3	D:1.39210906975496	D:0.0012473751494685	D:0.00625649737890717	D:0.183845535134597	D:0.664055706174298	D:0.870984804176157	D:1.20826353462037	D:0.0448120292070352	D:0.210670238995016	D:6	S:TRUE	S:FALSE	S:TRUE	S:FALSE	S:N4BP3	S:TRUE	S:TRUE	S:TRUE
S:Pea15a	D:0.18393243028275	D:0.00787939744417043	D:0.0257547501396902	D:-0.0109216917912871	D:0.872319228506059	D:0.957912585269539	D:0.194854122074037	D:0.0448122491166216	D:0.210670238995016	D:6	S:TRUE	S:FALSE	S:TRUE	S:FALSE	S:PEA15A	S:TRUE	S:TRUE	S:TRUE
S:Ip6k1	D:0.332968855910353	D:0.00229120711233702	D:0.0099576689633251	D:0.0274891643258464	D:0.796474450733407	D:0.930881533770189	D:0.305479691584507	D:0.0448624722767544	D:0.210670238995016	D:6	S:TRUE	S:FALSE	S:TRUE	S:FALSE	S:IP6K1	S:TRUE	S:TRUE	S:TRUE
S:Ldoc1l	D:0.4258602262642	D:0.00546210805919012	D:0.0193690368399425	D:-0.0127618255083073	D:0.934697358359997	D:0.980292333088579	D:0.438622051772507	D:0.044865275576094	D:0.210670238995016	D:6	S:TRUE	S:FALSE	S:TRUE	S:FALSE	S:LDOC1L	S:TRUE	S:TRUE	S:TRUE
S:Rilpl2	D:0.789099445236178	D:0.000919657600251453	D:0.00495519110441669	D:0.0959188717817087	D:0.703685729331916	D:0.889016559762423	D:0.693180573454469	D:0.0449832653661944	D:0.210670238995016	D:6	S:TRUE	S:FALSE	S:TRUE	S:FALSE	S:RILPL2	S:TRUE	S:TRUE	S:TRUE
S:Telo2	D:0.598802446083846	D:0.00101644804697739	D:0.00534533298080606	D:0.0847893208650294	D:0.641122112850194	D:0.85789630317542	D:0.514013125218816	D:0.0450753826227241	D:0.210723478876425	D:6	S:TRUE	S:FALSE	S:TRUE	S:FALSE	S:TELO2	S:TRUE	S:TRUE	S:TRUE
S:Cyc1	D:0.577885120695204	D:0.00872773895055809	D:0.0277553823251617	D:-0.0461459025737145	D:0.833438829980202	D:0.941389690383778	D:0.624031023268919	D:0.0451001006129657	D:0.210723478876425	D:6	S:TRUE	S:FALSE	S:TRUE	S:FALSE	S:CYC1	S:TRUE	S:TRUE	S:TRUE
S:Acin1	D:0.67351021663884	D:0.00000000170162884946673	D:0.000000116097157834359	D:0.383356846907201	D:0.000257582379751969	D:0.00472367360539469	D:0.290153369731639	D:0.0451267713175335	D:0.210723478876425	D:6	S:TRUE	S:TRUE	S:TRUE	S:FALSE	S:ACIN1	S:TRUE	S:TRUE	S:TRUE
S:Tmem63c	D:0.334058562795729	D:0.00478627532588104	D:0.0174966695581576	D:0.00125316322212043	D:0.991424193559743	D:0.99722365613668	D:0.332805399573608	D:0.0452095503437404	D:0.210850399585573	D:6	S:TRUE	S:FALSE	S:TRUE	S:FALSE	S:TMEM63C	S:TRUE	S:TRUE	S:TRUE
S:Ncln	D:0.941516434652933	D:0.00797432150408297	D:0.0259943248862492	D:-0.0902734355935944	D:0.808435300526753	D:0.934777977697526	D:1.03178987024653	D:0.0452280803284279	D:0.210850399585573	D:6	S:TRUE	S:FALSE	S:TRUE	S:FALSE	S:NCLN	S:TRUE	S:TRUE	S:TRUE
S:Lbh	D:0.254243590960269	D:0.000335914814171552	D:0.00225637706647305	D:0.0579794044310828	D:0.399062090915017	D:0.69814849026281	D:0.196264186529186	D:0.0452362096397108	D:0.210850399585573	D:6	S:TRUE	S:FALSE	S:TRUE	S:FALSE	S:LBH	S:TRUE	S:TRUE	S:TRUE
S:Tmc4	D:1.41861358014981	D:0.000000000000937465411086406	D:0.000000000206295205391747	D:0.930922605130184	D:0.000000242677400888882	D:0.0000177177182779808	D:0.487690975019626	D:0.0452862248378478	D:0.210894777009399	D:6	S:TRUE	S:TRUE	S:TRUE	S:FALSE	S:TMC4	S:TRUE	S:TRUE	S:TRUE
S:Gm16758	D:1.84290849254043	D:0.00000000782460769315708	D:0.000000408868463538081	D:0.937292639501164	D:0.00676837047440149	D:0.0520674644470945	D:0.905615853039269	D:0.0453600189521177	D:0.210954689753298	D:6	S:TRUE	S:FALSE	S:TRUE	S:FALSE	S:GM16758	S:TRUE	S:TRUE	S:TRUE
S:Nprl2	D:0.573726467073578	D:0.00284509858210641	D:0.0117891636112243	D:0.0248395955442624	D:0.899176761443414	D:0.967957662088732	D:0.548886871529316	D:0.0454281327620201	D:0.210954689753298	D:6	S:TRUE	S:FALSE	S:TRUE	S:FALSE	S:NPRL2	S:TRUE	S:TRUE	S:TRUE
S:Kat2a	D:0.473597883193424	D:0.0043401261145112	D:0.0162031374941752	D:0.00485845421996256	D:0.976582105229939	D:0.993140366185029	D:0.468739428973461	D:0.0455367667698735	D:0.21118030395147	D:6	S:TRUE	S:FALSE	S:TRUE	S:FALSE	S:KAT2A	S:TRUE	S:TRUE	S:TRUE
S:Cnih2	D:0.659115174303158	D:0.000575801902516487	D:0.00343764957008696	D:0.115234959298501	D:0.555131130125485	D:0.807125328222648	D:0.543880215004657	D:0.0456188073004923	D:0.211289563343261	D:6	S:TRUE	S:FALSE	S:TRUE	S:FALSE	S:CNIH2	S:TRUE	S:TRUE	S:TRUE
S:Tubb2a	D:0.498236469025604	D:0.00711645526899419	D:0.0238241905126988	D:-0.0210051859452962	D:0.908120695500607	D:0.971419494020925	D:0.5192416549709	D:0.0456771210982998	D:0.211360247111924	D:6	S:TRUE	S:FALSE	S:TRUE	S:FALSE	S:TUBB2A	S:TRUE	S:TRUE	S:TRUE
S:Klhl25	D:0.54734103072456	D:0.0102066127643329	D:0.0311922821119746	D:-0.0708453920002039	D:0.75112803158996	D:0.910163706371479	D:0.618186422724764	D:0.0456926900460661	D:0.211360247111924	D:6	S:TRUE	S:FALSE	S:TRUE	S:FALSE	S:KLHL25	S:TRUE	S:TRUE	S:TRUE
S:Stard3	D:0.838222457257233	D:0.00002994082618055	D:0.000337271426276073	D:0.277307442214507	D:0.170438817938597	D:0.438955547273115	D:0.560915015042726	D:0.0458771774827715	D:0.211618765478056	D:6	S:TRUE	S:FALSE	S:TRUE	S:FALSE	S:STARD3	S:TRUE	S:TRUE	S:TRUE
S:Pgbd5	D:0.506011766025192	D:0.00131437310896845	D:0.00648421933023473	D:0.0668366997793699	D:0.665765881120594	D:0.871305676432315	D:0.439175066245822	D:0.0459292904336974	D:0.211618765478056	D:6	S:TRUE	S:FALSE	S:TRUE	S:FALSE	S:PGBD5	S:TRUE	S:TRUE	S:TRUE
S:Galnt9	D:1.33566581343101	D:0.000000011172369121035	D:0.000000540424443179725	D:0.724954703696018	D:0.00101253644947815	D:0.0127529885200389	D:0.610711109734988	D:0.0461347186719578	D:0.212051610699004	D:6	S:TRUE	S:TRUE	S:TRUE	S:FALSE	S:GALNT9	S:TRUE	S:TRUE	S:TRUE
S:Panx1	D:0.328427967232646	D:0.000210229725574651	D:0.00156518595978568	D:0.0800279272742688	D:0.368956410002945	D:0.669754263957942	D:0.248400039958378	D:0.0461861003077772	D:0.212051610699004	D:6	S:TRUE	S:FALSE	S:TRUE	S:FALSE	S:PANX1	S:TRUE	S:TRUE	S:TRUE
S:Tmed3	D:0.274778072413949	D:0.00992462248425878	D:0.0305718138887739	D:-0.027326299941901	D:0.799167435854924	D:0.931805374462488	D:0.30210437235585	D:0.0462355337177379	D:0.21210151595832	D:6	S:TRUE	S:FALSE	S:TRUE	S:FALSE	S:TMED3	S:TRUE	S:TRUE	S:TRUE
S:Frmpd1	D:0.428557704577509	D:0.00790753982595154	D:0.0258305252437104	D:-0.030291299804746	D:0.853273147435107	D:0.9506909830654	D:0.458849004382255	D:0.0462512714330516	D:0.21210151595832	D:6	S:TRUE	S:FALSE	S:TRUE	S:FALSE	S:FRMPD1	S:TRUE	S:TRUE	S:TRUE
S:U2af1	D:0.404973305544986	D:0.000203316203640719	D:0.00152735777397685	D:0.103925603598908	D:0.329748880862117	D:0.631647304437614	D:0.301047701946078	D:0.0463380895311577	D:0.212338815313847	D:6	S:TRUE	S:FALSE	S:TRUE	S:FALSE	S:U2AF1	S:TRUE	S:TRUE	S:TRUE
S:Sh2b3	D:0.248351198924164	D:0.0127557695594112	D:0.0368248602358169	D:-0.0336823838654339	D:0.736399153031065	D:0.902514587588718	D:0.282033582789598	D:0.0463584888544628	D:0.212338815313847	D:6	S:TRUE	S:FALSE	S:TRUE	S:FALSE	S:SH2B3	S:TRUE	S:TRUE	S:TRUE
S:Zyx	D:0.797109379562899	D:0.0108433935325733	D:0.0326178630252072	D:-0.107685624192768	D:0.742584339652286	D:0.905580067553508	D:0.904795003755667	D:0.0463635128923279	D:0.212338815313847	D:6	S:TRUE	S:FALSE	S:TRUE	S:FALSE	S:ZYX	S:TRUE	S:TRUE	S:TRUE
S:Taok2	D:0.45254510252177	D:0.0000563833992549158	D:0.000558259968288216	D:0.145879110294037	D:0.178134866018397	D:0.449334702400942	D:0.306665992227733	D:0.046376900411506	D:0.212338815313847	D:6	S:TRUE	S:FALSE	S:TRUE	S:FALSE	S:TAOK2	S:TRUE	S:TRUE	S:TRUE
S:Sema6c	D:0.521662213293211	D:0.0149773765429068	D:0.0416085581625847	D:-0.0924313827999792	D:0.674954032030563	D:0.876890220891861	D:0.61409359609319	D:0.0463981512724957	D:0.212338815313847	D:6	S:TRUE	S:FALSE	S:TRUE	S:FALSE	S:SEMA6C	S:TRUE	S:TRUE	S:TRUE
S:Trp53i11	D:0.833298842914968	D:0.000548028945294551	D:0.00330467164850716	D:0.149116210255581	D:0.546580118301337	D:0.802383516709583	D:0.684182632659387	D:0.0464655286389355	D:0.212379917401884	D:6	S:TRUE	S:FALSE	S:TRUE	S:FALSE	S:TRP53I11	S:TRUE	S:TRUE	S:TRUE
S:Itgb5	D:0.350038933251566	D:0.0145774637753611	D:0.0407293086599144	D:-0.0472663651084222	D:0.732571160514451	D:0.901093671223255	D:0.397305298359988	D:0.0465396558394624	D:0.212379917401884	D:6	S:TRUE	S:FALSE	S:TRUE	S:FALSE	S:ITGB5	S:TRUE	S:TRUE	S:TRUE
S:Psmc3	D:0.380900871064375	D:0.0114722231055858	D:0.0340766507354444	D:-0.0420549699904207	D:0.778535453469439	D:0.923812404116846	D:0.422955841054796	D:0.046738104152977	D:0.212411422888142	D:6	S:TRUE	S:FALSE	S:TRUE	S:FALSE	S:PSMC3	S:TRUE	S:TRUE	S:TRUE
S:Tmem90a	D:1.04216865831516	D:0.00915921804526578	D:0.0287934854606102	D:-0.148029219206304	D:0.738600891982159	D:0.903395439790056	D:1.19019787752146	D:0.0467778041698824	D:0.212411422888142	D:6	S:TRUE	S:FALSE	S:TRUE	S:FALSE	S:TMEM90A	S:TRUE	S:TRUE	S:TRUE
S:Tmem119	D:0.634164030430702	D:0.00639555567073196	D:0.0219372473764031	D:-0.0223301163958474	D:0.923990382940967	D:0.976688028081298	D:0.656494146826549	D:0.0467865280177299	D:0.212411422888142	D:6	S:TRUE	S:FALSE	S:TRUE	S:FALSE	S:TMEM119	S:TRUE	S:TRUE	S:TRUE
S:Pard6a	D:0.914270090903182	D:0.00934994890318038	D:0.0292401124225961	D:-0.0967425370837245	D:0.791791289955968	D:0.930000001533402	D:1.01101262798691	D:0.0469626451175221	D:0.212494748715947	D:6	S:TRUE	S:FALSE	S:TRUE	S:FALSE	S:PARD6A	S:TRUE	S:TRUE	S:TRUE
S:Rfc5	D:0.243619909601151	D:0.00646262579017908	D:0.0221215836042634	D:-0.00896813578579047	D:0.920871572786937	D:0.975836450109336	D:0.252588045386942	D:0.0470452252898744	D:0.212703599595283	D:6	S:TRUE	S:FALSE	S:TRUE	S:FALSE	S:RFC5	S:TRUE	S:TRUE	S:TRUE
S:Galntl4	D:0.724875946083964	D:0.000959462620664953	D:0.00511800750606665	D:0.0988912515824953	D:0.664250656060728	D:0.871058542412817	D:0.625984694501468	D:0.0470723799065043	D:0.212703599595283	D:6	S:TRUE	S:FALSE	S:TRUE	S:FALSE	S:GALNTL4	S:TRUE	S:TRUE	S:TRUE
S:Zfr2	D:0.546400705057527	D:0.00157682572496558	D:0.00745840860568453	D:0.0651400129725399	D:0.703064442690364	D:0.888943825572084	D:0.481260692084987	D:0.0470768719534364	D:0.212703599595283	D:6	S:TRUE	S:FALSE	S:TRUE	S:FALSE	S:ZFR2	S:TRUE	S:TRUE	S:TRUE
S:Prkcsh	D:0.827502322023678	D:0.000195327312762701	D:0.00147786631215711	D:0.210263035804544	D:0.342567656550753	D:0.64376678685939	D:0.617239286219135	D:0.0471406537165628	D:0.212783458845147	D:6	S:TRUE	S:FALSE	S:TRUE	S:FALSE	S:PRKCSH	S:TRUE	S:TRUE	S:TRUE
S:Wdtc1	D:0.866110174597286	D:0.000365477524841747	D:0.00240244517923042	D:0.193076661038724	D:0.421166841904523	D:0.716497249337573	D:0.673033513558562	D:0.0471826472264307	D:0.212783458845147	D:6	S:TRUE	S:FALSE	S:TRUE	S:FALSE	S:WDTC1	S:TRUE	S:TRUE	S:TRUE
S:Adam15	D:0.738554670445493	D:0.00159087432344212	D:0.00750477669971608	D:0.082408675104432	D:0.725978537338684	D:0.89792493728038	D:0.656145995341061	D:0.0472757832868401	D:0.212842600481429	D:6	S:TRUE	S:FALSE	S:TRUE	S:FALSE	S:ADAM15	S:TRUE	S:TRUE	S:TRUE
S:Gm14569	D:1.09640589682902	D:0.00162991078935206	D:0.00765886501438696	D:0.119779130199317	D:0.73231829796549	D:0.900924495071875	D:0.9766267666297	D:0.0473174586738361	D:0.212867254339192	D:6	S:TRUE	S:FALSE	S:TRUE	S:FALSE	S:GM14569	S:TRUE	S:TRUE	S:TRUE
S:Cdkn2d	D:0.976060883732458	D:0.019343785989139	D:0.0499219214229117	D:-0.207132855073906	D:0.625292003055481	D:0.850760450324628	D:1.18319373880636	D:0.0474129584342457	D:0.213019239486223	D:6	S:TRUE	S:FALSE	S:TRUE	S:FALSE	S:CDKN2D	S:TRUE	S:TRUE	S:TRUE
S:Vwa1	D:0.769803785776384	D:0.000163669494731036	D:0.00129674045926861	D:0.19831472367791	D:0.338555506249067	D:0.639905463381162	D:0.571489062098473	D:0.0474551180889707	D:0.213019239486223	D:6	S:TRUE	S:FALSE	S:TRUE	S:FALSE	S:VWA1	S:TRUE	S:TRUE	S:TRUE
S:Cog8	D:0.47650358789499	D:0.000088853236610099	D:0.000798543747917938	D:0.139487665370396	D:0.251413513527552	D:0.547773634828402	D:0.337015922524593	D:0.0474603157099042	D:0.213019239486223	D:6	S:TRUE	S:FALSE	S:TRUE	S:FALSE	S:COG8	S:TRUE	S:TRUE	S:TRUE
S:Pex6	D:0.933588545895449	D:0.000553557492793524	D:0.0033315802262735	D:0.166762161047031	D:0.550922723548422	D:0.804525341874993	D:0.766826384848418	D:0.0475049413274079	D:0.213129476248681	D:6	S:TRUE	S:FALSE	S:TRUE	S:FALSE	S:PEX6	S:TRUE	S:TRUE	S:TRUE
S:Ehd3	D:0.341116496869939	D:0.00000000994476662683088	D:0.000000501216237992276	D:0.186933031817895	D:0.000859628104995792	D:0.0114113300737644	D:0.154183465052045	D:0.0476344181699864	D:0.213552756544304	D:6	S:TRUE	S:TRUE	S:TRUE	S:FALSE	S:EHD3	S:TRUE	S:TRUE	S:TRUE
S:Ptger1	D:0.538467104939445	D:0.000113217569392211	D:0.000972998517152862	D:0.153364678264555	D:0.26813599545018	D:0.566320558358573	D:0.38510242667489	D:0.0476485691395966	D:0.213552756544304	D:6	S:TRUE	S:FALSE	S:TRUE	S:FALSE	S:PTGER1	S:TRUE	S:TRUE	S:TRUE
S:Phf23	D:0.492612622455837	D:0.0000226177511420537	D:0.000272459324474516	D:0.17499524031786	D:0.126263887123205	D:0.365315374340587	D:0.317617382137978	D:0.0477870925208454	D:0.213993845436155	D:6	S:TRUE	S:FALSE	S:TRUE	S:FALSE	S:PHF23	S:TRUE	S:TRUE	S:TRUE
S:Dus3l	D:0.663907580365756	D:0.00365156947478017	D:0.0141920700183994	D:0.0214670721737962	D:0.925950029777298	D:0.977106798949109	D:0.64244050819196	D:0.0478176803389802	D:0.213993845436155	D:6	S:TRUE	S:FALSE	S:TRUE	S:FALSE	S:DUS3L	S:TRUE	S:TRUE	S:TRUE
S:Necap2	D:0.541058416678463	D:0.0020357472929419	D:0.00909017310800921	D:0.0505587542786037	D:0.773867632478945	D:0.921522147227092	D:0.490499662399859	D:0.0478615288956712	D:0.213993845436155	D:6	S:TRUE	S:FALSE	S:TRUE	S:FALSE	S:NECAP2	S:TRUE	S:TRUE	S:TRUE
S:3110056o03rik	D:1.21091337958954	D:0.000591960630860287	D:0.00351932758621047	D:0.207158601075417	D:0.57374077223499	D:0.819957751057435	D:1.00375477851413	D:0.0478633177558026	D:0.213993845436155	D:6	S:TRUE	S:FALSE	S:TRUE	S:FALSE	S:3110056O03RIK	S:TRUE	S:TRUE	S:TRUE
S:Tmem120b	D:0.409625531187545	D:0.0173686834260963	D:0.0462296950339572	D:-0.0805676355303315	D:0.650438175279646	D:0.862421161518023	D:0.490193166717876	D:0.048275576330424	D:0.21438964195038	D:6	S:TRUE	S:FALSE	S:TRUE	S:FALSE	S:TMEM120B	S:TRUE	S:TRUE	S:TRUE
S:Ssna1	D:0.605001075778259	D:0.0013061864953952	D:0.00645818284938439	D:0.0804859388866976	D:0.669791243555033	D:0.873612016619555	D:0.524515136891562	D:0.0483145953996636	D:0.214450920035325	D:6	S:TRUE	S:FALSE	S:TRUE	S:FALSE	S:SSNA1	S:TRUE	S:TRUE	S:TRUE
S:Tmem66	D:0.266966874034636	D:0.00000879986127671811	D:0.000127069346199116	D:0.106188503308287	D:0.0649258749317344	D:0.244375299911688	D:0.160778370726349	D:0.0483844593284027	D:0.214456395048784	D:6	S:TRUE	S:FALSE	S:TRUE	S:FALSE	S:TMEM66	S:TRUE	S:TRUE	S:TRUE
S:Zkscan6	D:0.247402655720073	D:0.00945803770004437	D:0.0294837152884065	D:-0.0179397601227982	D:0.849724126944726	D:0.949915571923832	D:0.265342415842871	D:0.0485885735424516	D:0.214806592647147	D:6	S:TRUE	S:FALSE	S:TRUE	S:FALSE	S:ZKSCAN6	S:TRUE	S:TRUE	S:TRUE
S:Atp5d	D:0.8416553763645	D:0.00683631148904892	D:0.0230941688010595	D:-0.052112877605675	D:0.874045940898424	D:0.958832856719541	D:0.893768253970175	D:0.0485905844133289	D:0.214806592647147	D:6	S:TRUE	S:FALSE	S:TRUE	S:FALSE	S:ATP5D	S:TRUE	S:TRUE	S:TRUE
S:Psmb6	D:0.461870090043177	D:0.00981457033117002	D:0.0303109007420835	D:-0.0367834858960663	D:0.836543027546939	D:0.943397731973556	D:0.498653575939243	D:0.0486387660956528	D:0.214891792069481	D:6	S:TRUE	S:FALSE	S:TRUE	S:FALSE	S:PSMB6	S:TRUE	S:TRUE	S:TRUE
S:Myo9b	D:0.74762434230689	D:0.0000614727303618255	D:0.000598038567355642	D:0.243718940488059	D:0.175338314724072	D:0.445461677707208	D:0.50390540181883	D:0.0486574888180198	D:0.214891792069481	D:6	S:TRUE	S:FALSE	S:TRUE	S:FALSE	S:MYO9B	S:TRUE	S:TRUE	S:TRUE
S:Rps28	D:0.445514789992147	D:0.01606606703991	D:0.0436993030115678	D:-0.0780249092348924	D:0.68058044161346	D:0.880101706651937	D:0.523539699227039	D:0.048689000507294	D:0.214891792069481	D:6	S:TRUE	S:FALSE	S:TRUE	S:FALSE	S:RPS28	S:TRUE	S:TRUE	S:TRUE
S:Trabd	D:0.672099377520815	D:0.00245924755596641	D:0.0105326984140404	D:0.0569656154347977	D:0.795899340552268	D:0.93085461267577	D:0.615133762086017	D:0.0487051474595162	D:0.214902350722248	D:6	S:TRUE	S:FALSE	S:TRUE	S:FALSE	S:TRABD	S:TRUE	S:TRUE	S:TRUE
S:C630004h02rik	D:0.475577775843992	D:0.0190847214231069	D:0.0494424518666638	D:-0.0917864444179077	D:0.651412798492969	D:0.863039491173547	D:0.5673642202619	D:0.0487734623319637	D:0.214948668103046	D:6	S:TRUE	S:FALSE	S:TRUE	S:FALSE	S:C630004H02RIK	S:TRUE	S:TRUE	S:TRUE
S:Prmt1	D:0.455019566385139	D:0.0131033831542814	D:0.0375577432402299	D:-0.0616348749671482	D:0.741183832837951	D:0.904990325434522	D:0.516654441352287	D:0.0487972000830469	D:0.214948668103046	D:6	S:TRUE	S:FALSE	S:TRUE	S:FALSE	S:PRMT1	S:TRUE	S:TRUE	S:TRUE
S:Btd	D:0.45819780297904	D:0.0174536072905384	D:0.046384616483649	D:-0.077711292763236	D:0.684023694993557	D:0.881014840878349	D:0.535909095742276	D:0.0488184953225448	D:0.214977500259143	D:6	S:TRUE	S:FALSE	S:TRUE	S:FALSE	S:BTD	S:TRUE	S:TRUE	S:TRUE
S:Pxdn	D:0.636865117035695	D:0.00000085620523262805	D:0.0000189212879131268	D:0.296024134245783	D:0.0160068127156963	D:0.0969008522437087	D:0.340840982789912	D:0.0489643037674669	D:0.215242458199545	D:6	S:TRUE	S:FALSE	S:TRUE	S:FALSE	S:PXDN	S:TRUE	S:TRUE	S:TRUE
S:Ankrd13d	D:0.61386533703024	D:0.00947905900007725	D:0.0295256813830158	D:-0.0513932892480602	D:0.830784313639166	D:0.940524173342391	D:0.6652586262783	D:0.0489654028636388	D:0.215242458199545	D:6	S:TRUE	S:FALSE	S:TRUE	S:FALSE	S:ANKRD13D	S:TRUE	S:TRUE	S:TRUE
S:Tbc1d10b	D:0.438191007622087	D:0.00194281709270076	D:0.00878761706046353	D:0.048776315248575	D:0.725921594448637	D:0.89792493728038	D:0.389414692373512	D:0.0490388613221667	D:0.215340969448435	D:6	S:TRUE	S:FALSE	S:TRUE	S:FALSE	S:TBC1D10B	S:TRUE	S:TRUE	S:TRUE
S:Ppp1r13b	D:0.295049048921695	D:0.00109876109263462	D:0.00570902670812216	D:0.0466921295240974	D:0.599223842249766	D:0.834596313112768	D:0.248356919397597	D:0.0490864420991697	D:0.21542311953838	D:6	S:TRUE	S:FALSE	S:TRUE	S:FALSE	S:PPP1R13B	S:TRUE	S:TRUE	S:TRUE
S:Ndufa13	D:0.856007702466301	D:0.0110374900097404	D:0.0330819471788383	D:-0.10036755725613	D:0.774115374098668	D:0.921522147227092	D:0.956375259722432	D:0.0493034550930083	D:0.21568527449494	D:6	S:TRUE	S:FALSE	S:TRUE	S:FALSE	S:NDUFA13	S:TRUE	S:TRUE	S:TRUE
S:Wrap53	D:0.565641463492349	D:0.0102053528217848	D:0.0311922821119746	D:-0.0494528085244634	D:0.823431205655878	D:0.937754029976538	D:0.615094272016813	D:0.0493202097251922	D:0.21568527449494	D:6	S:TRUE	S:FALSE	S:TRUE	S:FALSE	S:WRAP53	S:TRUE	S:TRUE	S:TRUE
S:Epha2	D:1.41837431891371	D:0.00118055300631993	D:0.00601400722880426	D:0.239766555913813	D:0.563040848501587	D:0.813609685744033	D:1.1786077629999	D:0.0493953584451197	D:0.215816703061501	D:6	S:TRUE	S:FALSE	S:TRUE	S:FALSE	S:EPHA2	S:TRUE	S:TRUE	S:TRUE
S:Gramd4	D:0.617743134066409	D:0.0000351349856223974	D:0.000379370432179915	D:0.211260054834499	D:0.152569461217897	D:0.409226654432347	D:0.40648307923191	D:0.0494256588608285	D:0.215816703061501	D:6	S:TRUE	S:FALSE	S:TRUE	S:FALSE	S:GRAMD4	S:TRUE	S:TRUE	S:TRUE
S:Ai413582	D:0.722374391725621	D:0.00428562629283268	D:0.0160456806132801	D:0.00998485577757968	D:0.969353487097038	D:0.990887170400462	D:0.712389535948041	D:0.0494270700326087	D:0.215816703061501	D:6	S:TRUE	S:FALSE	S:TRUE	S:FALSE	S:AI413582	S:TRUE	S:TRUE	S:TRUE
S:Gga1	D:0.6985586282	D:0.00707354038747849	D:0.0237160933506361	D:-0.0253933965985524	D:0.922681276631882	D:0.976427273509653	D:0.723952024798553	D:0.0495690457415867	D:0.21609005877973	D:6	S:TRUE	S:FALSE	S:TRUE	S:FALSE	S:GGA1	S:TRUE	S:TRUE	S:TRUE
S:Tro	D:0.178921618365031	D:0.00685747143924351	D:0.0231429179058726	D:-0.00313401377274846	D:0.961509123065354	D:0.988850614716502	D:0.18205563213778	D:0.0496736549237471	D:0.216364980353673	D:6	S:TRUE	S:FALSE	S:TRUE	S:FALSE	S:TRO	S:TRUE	S:TRUE	S:TRUE
S:Pmm1	D:0.577343048850413	D:0.0145233567837054	D:0.0406144489687871	D:-0.0863656961782358	D:0.720558279850185	D:0.894628302954489	D:0.663708745028648	D:0.0499447863730348	D:0.217069484886698	D:6	S:TRUE	S:FALSE	S:TRUE	S:FALSE	S:PMM1	S:TRUE	S:TRUE	S:TRUE
S:Scgb3a2	D:4.43892175190815	D:0.00000000000000000236899444741724	D:0.00000000000000308443077053724	D:-0.615250863362992	D:0.24975108260694	D:0.544987557912126	D:5.05417261527114	D:0.0000000000270090384252751	D:0.000000421989216356498	D:9	S:TRUE	S:FALSE	S:TRUE	S:TRUE	S:SCGB3A2	S:TRUE	S:TRUE	S:TRUE
S:Cxcl15	D:4.96787186481899	D:0.0000000000000000175240217597816	D:0.0000000000000130378721892775	D:-0.396513385099429	D:0.531839432517894	D:0.789647371819784	D:5.36438524991842	D:0.000000000975159811842314	D:0.00000761794845011216	D:9	S:TRUE	S:FALSE	S:TRUE	S:TRUE	S:CXCL15	S:TRUE	S:TRUE	S:TRUE
S:Sftpa1	D:5.18576018948672	D:0.00000000000000000548470584549858	D:0.00000000000000571286960867132	D:-0.416178715297558	D:0.556169848668629	D:0.80288253863057	D:5.60193890478428	D:0.00000000291998780860183	D:0.0000152072965071983	D:9	S:TRUE	S:FALSE	S:TRUE	S:TRUE	S:SFTPA1	S:TRUE	S:TRUE	S:TRUE
S:Scgb1a1	D:7.94764078503338	D:0.00000000000341607626620957	D:0.000000000627915006861862	D:-1.54846563175819	D:0.178316387374756	D:0.454562773102169	D:9.49610641679157	D:0.0000000107116795803525	D:0.0000418398204408569	D:9	S:TRUE	S:FALSE	S:TRUE	S:TRUE	S:SCGB1A1	S:TRUE	S:TRUE	S:TRUE
S:Sftpc	D:3.62230734302981	D:0.00000000000253947606674548	D:0.000000000495959675835392	D:-0.583327859229839	D:0.358007203544633	D:0.657517873302146	D:4.20563520225965	D:0.000000447375644550717	D:0.00139795941409208	D:9	S:TRUE	S:FALSE	S:TRUE	S:TRUE	S:SFTPC	S:TRUE	S:TRUE	S:TRUE
S:Cyp2f2	D:4.14903729705911	D:0.0000000000150806425721683	D:0.00000000228757242279183	D:0.00193720323116419	D:0.997912912563903	D:0.999255998583505	D:4.14710009382794	D:0.0000171836302085977	D:0.0447461730631884	D:9	S:TRUE	S:FALSE	S:TRUE	S:TRUE	S:CYP2F2	S:TRUE	S:TRUE	S:TRUE
S:Cbr2	D:2.02428331159722	D:0.0000245775084607031	D:0.000510430149099525	D:-1.04540721308609	D:0.0638829550178364	D:0.244867378619133	D:3.06969052468331	D:0.0000477681824793582	D:0.0951053234526613	D:9	S:TRUE	S:FALSE	S:TRUE	S:TRUE	S:CBR2	S:TRUE	S:TRUE	S:TRUE
S:Slc34a2	D:3.70135809078358	D:0.00000000532849057319266	D:0.000000405799296157567	D:-0.230639757605831	D:0.750046099835348	D:0.90418359067554	D:3.93199784838941	D:0.0000486970422184646	D:0.0951053234526613	D:9	S:TRUE	S:FALSE	S:TRUE	S:TRUE	S:SLC34A2	S:TRUE	S:TRUE	S:TRUE
S:Cd36	D:0.97452351408776	D:0.000902127128032901	D:0.00902936210658939	D:-0.835016465171031	D:0.0717759740279745	D:0.264459184702857	D:1.80953997925879	D:0.00114446974624423	D:0.999974669141977	D:9	S:TRUE	S:FALSE	S:TRUE	S:FALSE	S:CD36	S:TRUE	S:TRUE	S:TRUE
S:Svil	D:0.388083627454522	D:0.000217052368506771	D:0.00287879983493191	D:-0.0433842444430672	D:0.667727224456083	D:0.865055568399821	D:0.431467871897589	D:0.00318715912171428	D:0.999974669141977	D:9	S:TRUE	S:FALSE	S:TRUE	S:FALSE	S:SVIL	S:TRUE	S:TRUE	S:TRUE
S:Eml6	D:0.203640972174779	D:0.00198248981088934	D:0.0167701249622822	D:-0.0697026533620484	D:0.286703588648283	D:0.588000752171277	D:0.273343625536827	D:0.00349775567191564	D:0.999974669141977	D:9	S:TRUE	S:FALSE	S:TRUE	S:FALSE	S:EML6	S:TRUE	S:TRUE	S:TRUE
S:Ptar1	D:0.471344574867978	D:0.00131997560360874	D:0.012210360468196	D:-0.135993113806505	D:0.351641020348086	D:0.6515701259391	D:0.607337688674483	D:0.00359891312458339	D:0.999974669141977	D:9	S:TRUE	S:FALSE	S:TRUE	S:FALSE	S:PTAR1	S:TRUE	S:TRUE	S:TRUE
S:Slc8a1	D:0.403296537850901	D:0.00531770448262084	D:0.0356736001874058	D:-0.186009490034772	D:0.19247695258304	D:0.475230705935116	D:0.589306027885673	D:0.00406712891565046	D:0.999974669141977	D:9	S:TRUE	S:FALSE	S:TRUE	S:FALSE	S:SLC8A1	S:TRUE	S:TRUE	S:TRUE
S:Relb	D:1.0231226735158	D:0.000202059120373887	D:0.00271684311249707	D:-0.061029760317037	D:0.81281105999294	D:0.932747704835086	D:1.08415243383283	D:0.00413195974602996	D:0.999974669141977	D:9	S:TRUE	S:FALSE	S:TRUE	S:FALSE	S:RELB	S:TRUE	S:TRUE	S:TRUE
S:Zbtb37	D:0.436419460764952	D:0.00808950267820683	D:0.0491217993953765	D:-0.223253506575671	D:0.172508535719338	D:0.445868215397674	D:0.659672967340624	D:0.0048856421715564	D:0.999974669141977	D:9	S:TRUE	S:FALSE	S:TRUE	S:FALSE	S:ZBTB37	S:TRUE	S:TRUE	S:TRUE
S:Gm16516	D:0.883692585846526	D:0.00731714001694572	D:0.0456197109436393	D:-0.416662337719988	D:0.192198301599174	D:0.474842862774431	D:1.30035492356651	D:0.00498113181122065	D:0.999974669141977	D:9	S:TRUE	S:FALSE	S:TRUE	S:FALSE	S:GM16516	S:TRUE	S:TRUE	S:TRUE
S:Gm10557	D:0.40250075125323	D:0.00666977789002273	D:0.042344010464736	D:-0.190179508997562	D:0.201058326761319	D:0.486350100219671	D:0.592680260250791	D:0.00516887106783076	D:0.999974669141977	D:9	S:TRUE	S:FALSE	S:TRUE	S:FALSE	S:GM10557	S:TRUE	S:TRUE	S:TRUE
S:Pappa	D:1.41271451829293	D:0.0000409554281628779	D:0.000762873474567604	D:0.0873347188743542	D:0.790171027076988	D:0.92207275577346	D:1.32537979941858	D:0.00522644700891568	D:0.999974669141977	D:9	S:TRUE	S:FALSE	S:TRUE	S:FALSE	S:PAPPA	S:TRUE	S:TRUE	S:TRUE
S:Gm15552	D:0.546712121956757	D:0.0055118237510183	D:0.0366310162781937	D:-0.234552678204599	D:0.235147718970306	D:0.527790254445059	D:0.781264800161356	D:0.00548660821207769	D:0.999974669141977	D:9	S:TRUE	S:FALSE	S:TRUE	S:FALSE	S:GM15552	S:TRUE	S:TRUE	S:TRUE
S:Snx30	D:0.308674406503054	D:0.000000399880705091588	D:0.0000163126269878615	D:0.0808726989226933	D:0.157018473337818	D:0.422610960797601	D:0.227801707580361	D:0.00549686271112505	D:0.999974669141977	D:9	S:TRUE	S:FALSE	S:TRUE	S:FALSE	S:SNX30	S:TRUE	S:TRUE	S:TRUE
S:Fam123a	D:0.390063610810645	D:0.000711460880841015	D:0.00748543084327273	D:-0.051853633375289	D:0.646081164990335	D:0.854803295944534	D:0.441917244185934	D:0.00637204234471618	D:0.999974669141977	D:9	S:TRUE	S:FALSE	S:TRUE	S:FALSE	S:FAM123A	S:TRUE	S:TRUE	S:TRUE
S:Clic5	D:0.493075674179669	D:0.000187115160254115	D:0.00254881191265065	D:0.00603896275483251	D:0.960451829897514	D:0.986724052493343	D:0.487036711424836	D:0.00667525111506241	D:0.999974669141977	D:9	S:TRUE	S:FALSE	S:TRUE	S:FALSE	S:CLIC5	S:TRUE	S:TRUE	S:TRUE
S:Trim67	D:0.975520352319656	D:0.000000112296813255822	D:0.00000567807576151767	D:0.30762277300427	D:0.0810718160563906	D:0.284772044529012	D:0.667897579315386	D:0.00730528412311309	D:0.999974669141977	D:9	S:TRUE	S:FALSE	S:TRUE	S:FALSE	S:TRIM67	S:TRUE	S:TRUE	S:TRUE
S:Myo1e	D:0.480248843810121	D:0.00000093684842501813	D:0.0000343599056161579	D:0.130773597858941	D:0.152592627911087	D:0.414555245780357	D:0.34947524595118	D:0.00794537465425368	D:0.999974669141977	D:9	S:TRUE	S:FALSE	S:TRUE	S:FALSE	S:MYO1E	S:TRUE	S:TRUE	S:TRUE
S:Ccdc163	D:0.459070116964313	D:0.00399169501460848	D:0.0286609572188616	D:-0.129980626235606	D:0.395639595413883	D:0.687794634565191	D:0.589050743199919	D:0.00808154709379059	D:0.999974669141977	D:9	S:TRUE	S:FALSE	S:TRUE	S:FALSE	S:CCDC163	S:TRUE	S:TRUE	S:TRUE
S:Tmem2	D:0.388201162486133	D:0.00000132197350757915	D:0.0000452949870228437	D:0.0973625672770115	D:0.20833950041092	D:0.494695494592738	D:0.290838595209121	D:0.00809791188969956	D:0.999974669141977	D:9	S:TRUE	S:FALSE	S:TRUE	S:FALSE	S:TMEM2	S:TRUE	S:TRUE	S:TRUE
S:Hhip	D:0.618637281045653	D:0.00388593341022653	D:0.028030389474321	D:-0.149300906594456	D:0.459695149974043	D:0.742092672685007	D:0.767938187640108	D:0.0094871247471173	D:0.999974669141977	D:9	S:TRUE	S:FALSE	S:TRUE	S:FALSE	S:HHIP	S:TRUE	S:TRUE	S:TRUE
S:Dock5	D:0.695517182902206	D:0.000862723154387657	D:0.00869064253007914	D:-0.0225783481200192	D:0.905389603576794	D:0.967896487600672	D:0.718095531022226	D:0.0110434614629736	D:0.999974669141977	D:9	S:TRUE	S:FALSE	S:TRUE	S:FALSE	S:DOCK5	S:TRUE	S:TRUE	S:TRUE
S:Gm410	D:1.05391095743209	D:0.00112839386925034	D:0.0107697164405421	D:-0.00319516185979384	D:0.990447960896734	D:0.997012935367401	D:1.05710611929188	D:0.0117552040718191	D:0.999974669141977	D:9	S:TRUE	S:FALSE	S:TRUE	S:FALSE	S:GM410	S:TRUE	S:TRUE	S:TRUE
S:Fam135b	D:0.435081528526841	D:0.000561218707952335	D:0.00624091180999806	D:-0.00838670812530306	D:0.945571532081124	D:0.982483847658142	D:0.443468236652144	D:0.0118398194118045	D:0.999974669141977	D:9	S:TRUE	S:FALSE	S:TRUE	S:FALSE	S:FAM135B	S:TRUE	S:TRUE	S:TRUE
S:Ryr3	D:0.505233189283122	D:0.000189569625930063	D:0.00257775094476179	D:0.0368316949400285	D:0.777572917379644	D:0.916528180227967	D:0.468401494343094	D:0.012474719001385	D:0.999974669141977	D:9	S:TRUE	S:FALSE	S:TRUE	S:FALSE	S:RYR3	S:TRUE	S:TRUE	S:TRUE
S:Chst3	D:0.571600619842738	D:0.00415566350562641	D:0.029512766641776	D:-0.159640988203078	D:0.452961617652756	D:0.736619493516923	D:0.731241608045816	D:0.01263250205537	D:0.999974669141977	D:9	S:TRUE	S:FALSE	S:TRUE	S:FALSE	S:CHST3	S:TRUE	S:TRUE	S:TRUE
S:Sec14l3	D:1.1685290135971	D:0.000668813240218457	D:0.00714254139793107	D:-0.271033008947112	D:0.572944312632601	D:0.812956023506652	D:1.43956202254421	D:0.0153191657449887	D:0.999974669141977	D:9	S:TRUE	S:FALSE	S:TRUE	S:FALSE	S:SEC14L3	S:TRUE	S:TRUE	S:TRUE
S:Folh1	D:0.505125248063598	D:0.00546783401568099	D:0.0364460062546928	D:-0.0923203707770783	D:0.590302468425611	D:0.822077347952736	D:0.597445618840676	D:0.0172540653598392	D:0.999974669141977	D:9	S:TRUE	S:FALSE	S:TRUE	S:FALSE	S:FOLH1	S:TRUE	S:TRUE	S:TRUE
S:Sox11	D:1.25449708491872	D:0.000420651951419086	D:0.00496769923580635	D:0.0367805931921081	D:0.921106953737624	D:0.974373061612203	D:1.21771649172662	D:0.0178034107454525	D:0.999974669141977	D:9	S:TRUE	S:FALSE	S:TRUE	S:FALSE	S:SOX11	S:TRUE	S:TRUE	S:TRUE
S:Sik2	D:0.685720269521881	D:0.0000000178742329626601	D:0.00000113728440440399	D:0.300790332725441	D:0.0106493333501013	D:0.0719970507407975	D:0.38492993679644	D:0.0184404950529271	D:0.999974669141977	D:9	S:TRUE	S:FALSE	S:TRUE	S:FALSE	S:SIK2	S:TRUE	S:TRUE	S:TRUE
S:Slc7a7	D:0.905544245374919	D:0.000805538410956601	D:0.00822596871423917	D:0.032197797830494	D:0.902624944510758	D:0.967420034061318	D:0.873346447544425	D:0.0204834762595527	D:0.999974669141977	D:9	S:TRUE	S:FALSE	S:TRUE	S:FALSE	S:SLC7A7	S:TRUE	S:TRUE	S:TRUE
S:Dapk2	D:1.93034887734022	D:0.0000000000000702963369638499	D:0.0000000000215354895828077	D:1.18908873359334	D:0.00000100263579506205	D:0.0000489536926939045	D:0.74126014374688	D:0.0214029125355289	D:0.999974669141977	D:9	S:TRUE	S:TRUE	S:TRUE	S:FALSE	S:DAPK2	S:TRUE	S:TRUE	S:TRUE
S:Nrp1	D:0.676399848476954	D:0.00000000143651012624178	D:0.000000128988702370124	D:0.343247299321609	D:0.0010253025189052	D:0.0130346517713791	D:0.333152549155345	D:0.0220012172357517	D:0.999974669141977	D:9	S:TRUE	S:TRUE	S:TRUE	S:FALSE	S:NRP1	S:TRUE	S:TRUE	S:TRUE
S:Kcnj6	D:0.3769632099091	D:0.000984623369735061	D:0.00961049974808727	D:0.0103570056221844	D:0.928006509667536	D:0.976967435283712	D:0.366606204286915	D:0.0235079579205806	D:0.999974669141977	D:9	S:TRUE	S:FALSE	S:TRUE	S:FALSE	S:KCNJ6	S:TRUE	S:TRUE	S:TRUE
S:Samd15	D:0.908220545799042	D:0.000000848845564570838	D:0.0000319575014478428	D:0.35278796849758	D:0.0401518319412703	D:0.181117926176108	D:0.555432577301462	D:0.0238270451447231	D:0.999974669141977	D:9	S:TRUE	S:FALSE	S:TRUE	S:FALSE	S:SAMD15	S:TRUE	S:TRUE	S:TRUE
S:Wdr20a	D:0.238019201737965	D:0.000735452927894356	D:0.00766731223350557	D:0.0169011149036002	D:0.805413462342451	D:0.92978028636783	D:0.221118086834365	D:0.0243110009674502	D:0.999974669141977	D:9	S:TRUE	S:FALSE	S:TRUE	S:FALSE	S:WDR20A	S:TRUE	S:TRUE	S:TRUE
S:Kcnk13	D:0.61952998040963	D:0.00742352374729985	D:0.0461908144276435	D:-0.0979694688385395	D:0.653961475537952	D:0.858829460687985	D:0.717499449248169	D:0.0246311575906491	D:0.999974669141977	D:9	S:TRUE	S:FALSE	S:TRUE	S:FALSE	S:KCNK13	S:TRUE	S:TRUE	S:TRUE
S:Kctd7	D:0.235281137469872	D:0.00408796598202365	D:0.0292022798243693	D:-0.0223397026193526	D:0.780314800091556	D:0.917970393405788	D:0.257620840089225	D:0.0248652281404909	D:0.999974669141977	D:9	S:TRUE	S:FALSE	S:TRUE	S:FALSE	S:KCTD7	S:TRUE	S:TRUE	S:TRUE
S:Eps8l1	D:0.47032283500604	D:0.00371804753534002	D:0.0272215439044764	D:-0.0404071154321568	D:0.79977429846129	D:0.926673866399765	D:0.510729950438197	D:0.0249210741213313	D:0.999974669141977	D:9	S:TRUE	S:FALSE	S:TRUE	S:FALSE	S:EPS8L1	S:TRUE	S:TRUE	S:TRUE
S:Heatr3	D:0.198757485416705	D:0.000440233558794588	D:0.00514066451614846	D:0.0225092507131102	D:0.683633300036578	D:0.872698082157809	D:0.176248234703595	D:0.0252602451433662	D:0.999974669141977	D:9	S:TRUE	S:FALSE	S:TRUE	S:FALSE	S:HEATR3	S:TRUE	S:TRUE	S:TRUE
S:Lsg1	D:0.276973857133015	D:0.0000537567852214249	D:0.000933260642053134	D:0.0664698945995292	D:0.314160949285442	D:0.616367968779907	D:0.210503962533485	D:0.0255076257314409	D:0.999974669141977	D:9	S:TRUE	S:FALSE	S:TRUE	S:FALSE	S:LSG1	S:TRUE	S:TRUE	S:TRUE
S:1700003d09rik	D:1.29725857029465	D:0.00310113114637059	D:0.0236006200832412	D:-0.0890342953965024	D:0.83893310971676	D:0.943201633083614	D:1.38629286569115	D:0.0255686159294592	D:0.999974669141977	D:9	S:TRUE	S:FALSE	S:TRUE	S:FALSE	S:1700003D09RIK	S:TRUE	S:TRUE	S:TRUE
S:Inpp5a	D:0.314177902083684	D:0.00000175719611919505	D:0.0000568414744643963	D:0.11671874632659	D:0.0618284977018454	D:0.239733070984776	D:0.197459155757095	D:0.0259673956980827	D:0.999974669141977	D:9	S:TRUE	S:FALSE	S:TRUE	S:FALSE	S:INPP5A	S:TRUE	S:TRUE	S:TRUE
S:Dimt1	D:0.301082547270685	D:0.00541993649712032	D:0.0362349541424938	D:-0.0423285560211637	D:0.699283793428879	D:0.879730071062759	D:0.343411103291849	D:0.0262109878575587	D:0.999974669141977	D:9	S:TRUE	S:FALSE	S:TRUE	S:FALSE	S:DIMT1	S:TRUE	S:TRUE	S:TRUE
S:Cbl	D:0.357549587628916	D:0.00399557009511227	D:0.0286624367153509	D:-0.0281485662265917	D:0.818708534867385	D:0.934777999763813	D:0.385698153855508	D:0.0275099223372997	D:0.999974669141977	D:9	S:TRUE	S:FALSE	S:TRUE	S:FALSE	S:CBL	S:TRUE	S:TRUE	S:TRUE
S:Plin4	D:2.75744930901492	D:0.00000000564896202272879	D:0.00000042637382919379	D:1.52788761432177	D:0.0000295479079395151	D:0.000815647550613045	D:1.22956169469316	D:0.0288354249914357	D:0.999974669141977	D:9	S:TRUE	S:TRUE	S:TRUE	S:FALSE	S:PLIN4	S:TRUE	S:TRUE	S:TRUE
S:Wisp1	D:1.63364704296904	D:0.00000000000000000208109214670194	D:0.00000000000000295590760909737	D:1.1546030299796	D:0.0000000000396270570790956	D:0.00000000793760435645883	D:0.479044012989443	D:0.0288895763619689	D:0.999974669141977	D:9	S:TRUE	S:TRUE	S:TRUE	S:FALSE	S:WISP1	S:TRUE	S:TRUE	S:TRUE
S:Gdpd2	D:0.590791025139093	D:0.00156673594321808	D:0.0138532441295073	D:0.0118697914290099	D:0.950453780381963	D:0.984239885073981	D:0.578921233710083	D:0.0302039364975932	D:0.999974669141977	D:9	S:TRUE	S:FALSE	S:TRUE	S:FALSE	S:GDPD2	S:TRUE	S:TRUE	S:TRUE
S:4831426i19rik	D:0.857811477811665	D:0.00368369949664826	D:0.0270614111204748	D:0.00565398226017455	D:0.98265967468354	D:0.994498947872498	D:0.85215749555149	D:0.0303730199986097	D:0.999974669141977	D:9	S:TRUE	S:FALSE	S:TRUE	S:FALSE	S:4831426I19RIK	S:TRUE	S:TRUE	S:TRUE
S:Gm6907	D:1.12081307635209	D:0.000475258500774853	D:0.00545586981345062	D:0.187924965050469	D:0.525346815985162	D:0.785407222249927	D:0.932888111301617	D:0.0315851279365544	D:0.999974669141977	D:9	S:TRUE	S:FALSE	S:TRUE	S:FALSE	S:GM6907	S:TRUE	S:TRUE	S:TRUE
S:Gm16291	D:1.06325266773949	D:0.0033600379393104	D:0.0252511942105751	D:0.019490280379546	D:0.953438198212471	D:0.984893779098952	D:1.04376238735995	D:0.0341128089257097	D:0.999974669141977	D:9	S:TRUE	S:FALSE	S:TRUE	S:FALSE	S:GM16291	S:TRUE	S:TRUE	S:TRUE
S:Hjurp	D:0.272884390894498	D:0.000735618346007735	D:0.00766731223350557	D:0.0353044964704798	D:0.652632679474866	D:0.858744566625847	D:0.237579894424019	D:0.0342346434714586	D:0.999974669141977	D:9	S:TRUE	S:FALSE	S:TRUE	S:FALSE	S:HJURP	S:TRUE	S:TRUE	S:TRUE
S:Sv2c	D:0.626282795874967	D:0.00184446282881197	D:0.0157834007104501	D:0.0279315454726623	D:0.888784508438354	D:0.96279339664708	D:0.598351250402305	D:0.0345858159383332	D:0.999974669141977	D:9	S:TRUE	S:FALSE	S:TRUE	S:FALSE	S:SV2C	S:TRUE	S:TRUE	S:TRUE
S:Kidins220	D:0.148714093007952	D:0.00249594711027796	D:0.0200394026983468	D:0.00417617678422388	D:0.930676603106941	D:0.977618302533685	D:0.144537916223728	D:0.0353502547294289	D:0.999974669141977	D:9	S:TRUE	S:FALSE	S:TRUE	S:FALSE	S:KIDINS220	S:TRUE	S:TRUE	S:TRUE
S:Gm16576	D:0.760145445363318	D:0.00725372395617729	D:0.0452966359277834	D:-0.0841228863684194	D:0.768552439859303	D:0.912798428001653	D:0.844268331731737	D:0.0362560255041371	D:0.999974669141977	D:9	S:TRUE	S:FALSE	S:TRUE	S:FALSE	S:GM16576	S:TRUE	S:TRUE	S:TRUE
S:Htr1b	D:0.940796648667979	D:0.0000112497611402998	D:0.000264708235024163	D:0.313542469337369	D:0.148731191856033	D:0.409281182038397	D:0.62725417933061	D:0.0366481127421992	D:0.999974669141977	D:9	S:TRUE	S:FALSE	S:TRUE	S:FALSE	S:HTR1B	S:TRUE	S:TRUE	S:TRUE
S:9930013l23rik	D:0.307554520362769	D:0.000211639407024893	D:0.00282137721446837	D:0.0694350263073593	D:0.405815891274625	D:0.697188162218056	D:0.238119494055409	D:0.0415811895340817	D:0.999974669141977	D:9	S:TRUE	S:FALSE	S:TRUE	S:FALSE	S:9930013L23RIK	S:TRUE	S:TRUE	S:TRUE
S:Anln	D:0.907667613695648	D:0.000885234480981086	D:0.00887165075743969	D:0.163918962231675	D:0.508079827560954	D:0.774537928169807	D:0.743748651463973	D:0.0424751368440122	D:0.999974669141977	D:9	S:TRUE	S:FALSE	S:TRUE	S:FALSE	S:ANLN	S:TRUE	S:TRUE	S:TRUE
S:Il6st	D:0.221152508763415	D:0.000121877938135624	D:0.00181378740243279	D:0.0620114895318657	D:0.26495840225141	D:0.562155089187402	D:0.159141019231549	D:0.0444535546995024	D:0.999974669141977	D:9	S:TRUE	S:FALSE	S:TRUE	S:FALSE	S:IL6ST	S:TRUE	S:TRUE	S:TRUE
S:Igf1r	D:0.431976090018413	D:0.00778539268714345	D:0.0479082218763014	D:-0.0313206172836233	D:0.847899344110388	D:0.947545846862789	D:0.463296707302036	D:0.0444946249388997	D:0.999974669141977	D:9	S:TRUE	S:FALSE	S:TRUE	S:FALSE	S:IGF1R	S:TRUE	S:TRUE	S:TRUE
S:Lrrc2	D:0.840115081108338	D:0.000303956073211395	D:0.00380195457824777	D:0.192608220752461	D:0.396093015325356	D:0.688076192066196	D:0.647506860355877	D:0.0446562882302792	D:0.999974669141977	D:9	S:TRUE	S:FALSE	S:TRUE	S:FALSE	S:LRRC2	S:TRUE	S:TRUE	S:TRUE
S:Atp10a	D:0.491247002597572	D:0.000000131391093208833	D:0.00000650709599688132	D:0.240650872185904	D:0.00776671705619364	D:0.0567573373648127	D:0.250596130411668	D:0.0452833138214311	D:0.999974669141977	D:9	S:TRUE	S:FALSE	S:TRUE	S:FALSE	S:ATP10A	S:TRUE	S:TRUE	S:TRUE
S:Gm12394	D:0.621545690939498	D:0.00384160176842069	D:0.0277875861249097	D:-0.0609923163249265	D:0.817788847381746	D:0.934479115884766	D:0.682538007264424	D:0.0457358204830479	D:0.999974669141977	D:9	S:TRUE	S:FALSE	S:TRUE	S:FALSE	S:GM12394	S:TRUE	S:TRUE	S:TRUE
S:Tmem178	D:0.582393497542214	D:0.000000000000165448370132331	D:0.0000000000438129717787718	D:0.388410462913182	D:0.000000124693803763429	D:0.00000862042473451243	D:0.193983034629032	D:0.0463323123153854	D:0.999974669141977	D:9	S:TRUE	S:TRUE	S:TRUE	S:FALSE	S:TMEM178	S:TRUE	S:TRUE	S:TRUE
S:Hmbox1	D:0.181926796042545	D:0.00784278662265609	D:0.0482044446075448	D:-0.00899206021843035	D:0.894014618587736	D:0.964509608661272	D:0.190918856260975	D:0.0472006980091507	D:0.999974669141977	D:9	S:TRUE	S:FALSE	S:TRUE	S:FALSE	S:HMBOX1	S:TRUE	S:TRUE	S:TRUE
S:Hes1	D:0.540774234442941	D:0.000013826197261647	D:0.000313073197124598	D:0.201340051859988	D:0.102071458631765	D:0.331070058057441	D:0.339434182582953	D:0.0483388151476698	D:0.999974669141977	D:9	S:TRUE	S:FALSE	S:TRUE	S:FALSE	S:HES1	S:TRUE	S:TRUE	S:TRUE
S:Ddx19a	D:0.293020162662437	D:0.00000192925717768305	D:0.0000612656791547155	D:0.129178330514148	D:0.0289441069274634	D:0.1449896526562	D:0.163841832148289	D:0.0487021517921879	D:0.999974669141977	D:9	S:TRUE	S:FALSE	S:TRUE	S:FALSE	S:DDX19A	S:TRUE	S:TRUE	S:TRUE
S:Drd1a	D:0.346026682234594	D:0.00751794587226781	D:0.0466351779438467	D:-0.0146912994657855	D:0.90960009721849	D:0.969809739248102	D:0.36071798170038	D:0.0489340720561992	D:0.999974669141977	D:9	S:TRUE	S:FALSE	S:TRUE	S:FALSE	S:DRD1A	S:TRUE	S:TRUE	S:TRUE
S:Scgb3a2	D:4.1619050213621	D:0.0000000000000000976015683677991	D:0.0000000000000847181613432497	D:-0.0912813025591062	D:0.864312958898745	D:0.941243860725865	D:4.25318632392121	D:0.00000000850553422304626	D:0.000132890466700875	D:12	S:TRUE	S:FALSE	S:TRUE	S:TRUE	S:SCGB3A2	S:TRUE	S:TRUE	S:TRUE
S:Cxcl15	D:4.86572957343149	D:0.0000000000000000328375794089115	D:0.0000000000000322846200427583	D:0.172329280137806	D:0.785665002609796	D:0.90093431198352	D:4.69340029329369	D:0.0000000435718777987983	D:0.000340383509364212	D:12	S:TRUE	S:FALSE	S:TRUE	S:TRUE	S:CXCL15	S:TRUE	S:TRUE	S:TRUE
S:Scgb1a1	D:6.98212055246527	D:0.000000000000709686364557605	D:0.000000000181772782948328	D:-1.29185616279004	D:0.261687193873319	D:0.527394444888116	D:8.27397671525531	D:0.0000000767211863822921	D:0.000374369691083625	D:12	S:TRUE	S:FALSE	S:TRUE	S:TRUE	S:SCGB1A1	S:TRUE	S:TRUE	S:TRUE
S:Sftpa1	D:5.55624788740783	D:0.00000000000000000871606115546294	D:0.0000000000000123799763175412	D:0.434803743573751	D:0.544520438474966	D:0.75933375770481	D:5.12144414383408	D:0.0000000958447749830069	D:0.000374369691083625	D:12	S:TRUE	S:FALSE	S:TRUE	S:TRUE	S:SFTPA1	S:TRUE	S:TRUE	S:TRUE
S:Sftpc	D:3.41400519534334	D:0.000000000017000359039643	D:0.00000000312486599571038	D:0.231080393150585	D:0.69872311957481	D:0.852483129220827	D:3.18292480219276	D:0.0000451833163277408	D:0.141188826860925	D:12	S:TRUE	S:FALSE	S:TRUE	S:FALSE	S:SFTPC	S:TRUE	S:TRUE	S:TRUE
S:Rreb1	D:0.505602704870462	D:0.000134145837603202	D:0.00208962568964349	D:-0.225979206994784	D:0.0729034341237883	D:0.262633907020998	D:0.731581911865246	D:0.0000830747768229589	D:0.216326718846985	D:12	S:TRUE	S:FALSE	S:TRUE	S:FALSE	S:RREB1	S:TRUE	S:TRUE	S:TRUE
S:Cyp2f2	D:3.82440323922432	D:0.0000000000539158979039006	D:0.00000000825864694951513	D:0.176146950157711	D:0.813240707233369	D:0.914991667520002	D:3.64825628906661	D:0.000112788206658156	D:0.251743277261005	D:12	S:TRUE	S:FALSE	S:TRUE	S:FALSE	S:CYP2F2	S:TRUE	S:TRUE	S:TRUE
S:Trp53bp1	D:0.158449439182327	D:0.00266819112114433	D:0.0217715554511717	D:-0.117086200496106	D:0.0249062788058824	D:0.138433191057669	D:0.275535639678433	D:0.000261124458914253	D:0.453312060675144	D:12	S:TRUE	S:FALSE	S:TRUE	S:FALSE	S:TRP53BP1	S:TRUE	S:TRUE	S:TRUE
S:Slc34a2	D:3.71065461573157	D:0.000000000512477549912746	D:0.0000000591987772534378	D:0.0623951346483764	D:0.938918303562006	D:0.97626502513083	D:3.6482594810832	D:0.000304012703732188	D:0.474989448311171	D:12	S:TRUE	S:FALSE	S:TRUE	S:FALSE	S:SLC34A2	S:TRUE	S:TRUE	S:TRUE
S:Abcc5	D:0.457551468938999	D:0.00000000142216368500498	D:0.000000137159786509369	D:0.116453727844332	D:0.0915540155051788	D:0.298755208490584	D:0.341097741094667	D:0.000639043552145724	D:0.545776053548361	D:12	S:TRUE	S:FALSE	S:TRUE	S:FALSE	S:ABCC5	S:TRUE	S:TRUE	S:TRUE
S:Eml6	D:0.189589550404628	D:0.00380657317673118	D:0.0284567288268913	D:-0.130649269902638	D:0.0461426476174449	D:0.200370407552796	D:0.320238820307266	D:0.000657300374095095	D:0.545776053548361	D:12	S:TRUE	S:FALSE	S:TRUE	S:FALSE	S:EML6	S:TRUE	S:TRUE	S:TRUE
S:Plekhh2	D:0.72780209980312	D:0.0000000000284548236113612	D:0.00000000483237134895552	D:0.262880488095734	D:0.00442314655383318	D:0.0444206285370772	D:0.464921611707386	D:0.000672327196332259	D:0.545776053548361	D:12	S:TRUE	S:TRUE	S:TRUE	S:FALSE	S:PLEKHH2	S:TRUE	S:TRUE	S:TRUE
S:Tm6sf1	D:0.420377361131148	D:0.00000154566913814354	D:0.0000579125530320257	D:0.0147556812312253	D:0.858690386578893	D:0.93839117296696	D:0.405621679899923	D:0.000748586256125867	D:0.545776053548361	D:12	S:TRUE	S:FALSE	S:TRUE	S:FALSE	S:TM6SF1	S:TRUE	S:TRUE	S:TRUE
S:4933423p22rik	D:2.33910504827259	D:0.00000964645425214383	D:0.000253304539891588	D:0.182024699930961	D:0.62359322829033	D:0.808874296448446	D:2.15708034834163	D:0.000789935549562104	D:0.545776053548361	D:12	S:TRUE	S:FALSE	S:TRUE	S:FALSE	S:4933423P22RIK	S:TRUE	S:TRUE	S:TRUE
S:Klf3	D:0.313346761722467	D:0.000647097726874428	D:0.00730509746003328	D:-0.122352162341025	D:0.176186391594954	D:0.429377036699354	D:0.435698924063492	D:0.000836478355833367	D:0.545776053548361	D:12	S:TRUE	S:FALSE	S:TRUE	S:FALSE	S:KLF3	S:TRUE	S:TRUE	S:TRUE
S:Mettl17	D:0.395317092957346	D:0.000336303110516477	D:0.00431750188883273	D:-0.119828501949995	D:0.257165801449651	D:0.52268697332236	D:0.515145594907341	D:0.000845403889628492	D:0.545776053548361	D:12	S:TRUE	S:FALSE	S:TRUE	S:FALSE	S:METTL17	S:TRUE	S:TRUE	S:TRUE
S:Cd36	D:1.05354534436905	D:0.000891776535230865	D:0.00929494101831023	D:-0.730901061859166	D:0.0841062605347929	D:0.284178484184491	D:1.78444640622822	D:0.000873297576722288	D:0.545776053548361	D:12	S:TRUE	S:FALSE	S:TRUE	S:FALSE	S:CD36	S:TRUE	S:TRUE	S:TRUE
S:Srgap2	D:0.308421385959024	D:0.000000024966864092372	D:0.00000161859869120009	D:0.0678959446269802	D:0.18447355531493	D:0.440099989042673	D:0.240525441332044	D:0.00116052207333502	D:0.648351260154409	D:12	S:TRUE	S:FALSE	S:TRUE	S:FALSE	S:SRGAP2	S:TRUE	S:TRUE	S:TRUE
S:1110035h17rik	D:1.62762645499649	D:0.000016350132300281	D:0.00038472058292107	D:-0.0624464366943413	D:0.860833835723236	D:0.939407442276888	D:1.69007289169083	D:0.00116191982106524	D:0.648351260154409	D:12	S:TRUE	S:FALSE	S:TRUE	S:FALSE	S:1110035H17RIK	S:TRUE	S:TRUE	S:TRUE
S:Gm16364	D:0.843439111491457	D:0.00371393737019471	D:0.0278839776414812	D:-0.428013109388811	D:0.101610883961009	D:0.31669274590251	D:1.27145222088027	D:0.00131045425136191	D:0.669843797864467	D:12	S:TRUE	S:FALSE	S:TRUE	S:FALSE	S:GM16364	S:TRUE	S:TRUE	S:TRUE
S:Ccdc37	D:1.37810903987163	D:0.000000000131735755934064	D:0.0000000183771379528019	D:0.496805811085661	D:0.0119571427037555	D:0.0849174534561251	D:0.881303228785969	D:0.00166797450554697	D:0.695156791757372	D:12	S:TRUE	S:FALSE	S:TRUE	S:FALSE	S:CCDC37	S:TRUE	S:TRUE	S:TRUE
S:Lhx6	D:0.474872165171213	D:0.00000019261612499162	D:0.00000961480618808011	D:0.0856189585058607	D:0.323769979326252	D:0.587598885872554	D:0.389253206665352	D:0.0017482628955826	D:0.695156791757372	D:12	S:TRUE	S:FALSE	S:TRUE	S:FALSE	S:LHX6	S:TRUE	S:TRUE	S:TRUE
S:Hjurp	D:0.215788817866778	D:0.00699861626823883	D:0.0452742449737971	D:-0.138056848920713	D:0.0805783594474033	D:0.277242080600359	D:0.353845666787491	D:0.00187306271176659	D:0.695156791757372	D:12	S:TRUE	S:FALSE	S:TRUE	S:FALSE	S:HJURP	S:TRUE	S:TRUE	S:TRUE
S:9930013l23rik	D:0.254322775015297	D:0.00215970040826995	D:0.0185503898729025	D:-0.106466164176918	D:0.200263106212027	D:0.460133936978929	D:0.360788939192215	D:0.00234580259606608	D:0.695156791757372	D:12	S:TRUE	S:FALSE	S:TRUE	S:FALSE	S:9930013L23RIK	S:TRUE	S:TRUE	S:TRUE
S:Gm8152	D:1.42940615419955	D:0.00126684264421173	D:0.0122330960897183	D:-0.374844448841168	D:0.33386617831393	D:0.597722604557905	D:1.80425060304072	D:0.00237842779686249	D:0.695156791757372	D:12	S:TRUE	S:FALSE	S:TRUE	S:FALSE	S:GM8152	S:TRUE	S:TRUE	S:TRUE
S:Gm9821	D:1.02819492211362	D:0.00570286846743636	D:0.0387566841823514	D:-0.537625179144709	D:0.124174589427269	D:0.354551130338386	D:1.56582010125833	D:0.00240908810481457	D:0.695156791757372	D:12	S:TRUE	S:FALSE	S:TRUE	S:FALSE	S:GM9821	S:TRUE	S:TRUE	S:TRUE
S:Celf6	D:0.60549926556558	D:0.00000000401457548738784	D:0.000000333636847951849	D:0.19418404911448	D:0.0445114587388487	D:0.196121554240206	D:0.411315216451101	D:0.00270673688854715	D:0.695156791757372	D:12	S:TRUE	S:FALSE	S:TRUE	S:FALSE	S:CELF6	S:TRUE	S:TRUE	S:TRUE
S:Oprm1	D:1.00695977089451	D:0.000104215321620273	D:0.00171215582018416	D:-0.0779245405907826	D:0.758453753096595	D:0.887351070256966	D:1.08488431148529	D:0.00286909502440345	D:0.695156791757372	D:12	S:TRUE	S:FALSE	S:TRUE	S:FALSE	S:OPRM1	S:TRUE	S:TRUE	S:TRUE
S:Fam173b	D:0.418159546077878	D:0.000663934711844547	D:0.00745745214799367	D:-0.0894673894338478	D:0.443139256707489	D:0.689602365218905	D:0.507626935511726	D:0.0029166315392945	D:0.695156791757372	D:12	S:TRUE	S:FALSE	S:TRUE	S:FALSE	S:FAM173B	S:TRUE	S:TRUE	S:TRUE
S:Ttll3	D:1.06772897131217	D:0.000000160830354955514	D:0.00000818506014926692	D:0.255423903247314	D:0.175652329995565	D:0.428677288948878	D:0.812305068064858	D:0.00291690748950909	D:0.695156791757372	D:12	S:TRUE	S:FALSE	S:TRUE	S:FALSE	S:TTLL3	S:TRUE	S:TRUE	S:TRUE
S:Caaa01083517.1.42631.2	D:0.288264807406043	D:0.00309880181652064	D:0.0244030643051	D:-0.124444547168602	D:0.199985464320617	D:0.459563596785603	D:0.412709354574645	D:0.00296673316016553	D:0.695156791757372	D:12	S:TRUE	S:FALSE	S:TRUE	S:FALSE	S:CAAA01083517.1.42631.2	S:TRUE	S:TRUE	S:TRUE
S:Ggcx	D:0.527658735860631	D:0.0000000632743087239219	D:0.00000360802116606772	D:0.141419154580184	D:0.118451724251288	D:0.345535799048194	D:0.386239581280447	D:0.00305650008712529	D:0.695156791757372	D:12	S:TRUE	S:FALSE	S:TRUE	S:FALSE	S:GGCX	S:TRUE	S:TRUE	S:TRUE
S:Gramd1b	D:0.512750391387556	D:0.0000000000000207150977350623	D:0.00000000000789396797591742	D:0.268527659050061	D:0.00000830105337410305	D:0.000432318859723287	D:0.244222732337494	D:0.00314153240104333	D:0.695156791757372	D:12	S:TRUE	S:TRUE	S:TRUE	S:FALSE	S:GRAMD1B	S:TRUE	S:TRUE	S:TRUE
S:Mllt4	D:0.227683921331042	D:0.0000694181257238647	D:0.00124511106434455	D:-0.00680023867696366	D:0.901408701097733	D:0.957038550066195	D:0.234484160008006	D:0.00315356877354231	D:0.695156791757372	D:12	S:TRUE	S:FALSE	S:TRUE	S:FALSE	S:MLLT4	S:TRUE	S:TRUE	S:TRUE
S:4933408b17rik	D:0.846059140826353	D:0.000472781016062738	D:0.00568210045766477	D:-0.122698723374684	D:0.577883572505205	D:0.782445343130739	D:0.968757864201037	D:0.00324003340419079	D:0.695156791757372	D:12	S:TRUE	S:FALSE	S:TRUE	S:FALSE	S:4933408B17RIK	S:TRUE	S:TRUE	S:TRUE
S:Sstr4	D:0.489569112709768	D:0.00000782006216424447	D:0.000213229757860655	D:0.0339319818687809	D:0.758525414602317	D:0.887351070256966	D:0.455637130840987	D:0.00329106299698839	D:0.695156791757372	D:12	S:TRUE	S:FALSE	S:TRUE	S:FALSE	S:SSTR4	S:TRUE	S:TRUE	S:TRUE
S:Atp10a	D:0.465369418188351	D:0.000000105993741148653	D:0.00000563281024389983	D:0.117142821803231	D:0.167781854286243	D:0.418958557035042	D:0.34822659638512	D:0.00365357952466351	D:0.722576284725857	D:12	S:TRUE	S:FALSE	S:TRUE	S:FALSE	S:ATP10A	S:TRUE	S:TRUE	S:TRUE
S:Atxn2	D:0.216342035691998	D:0.000180491792418511	D:0.00263551753714655	D:-0.0145437993832234	D:0.794036922721169	D:0.905858247033168	D:0.230885835075221	D:0.00411537547837539	D:0.738571220666185	D:12	S:TRUE	S:FALSE	S:TRUE	S:FALSE	S:ATXN2	S:TRUE	S:TRUE	S:TRUE
S:Mdn1	D:0.524216476570514	D:0.000000828792093147738	D:0.0000340259779261432	D:0.111463486802788	D:0.265131195841057	D:0.531010101758836	D:0.412752989767726	D:0.00417177884422774	D:0.738571220666185	D:12	S:TRUE	S:FALSE	S:TRUE	S:FALSE	S:MDN1	S:TRUE	S:TRUE	S:TRUE
S:Mll1	D:0.432192653022533	D:0.00000631508333071982	D:0.000178474282859423	D:0.0583899507047842	D:0.519784436426391	D:0.743079150400397	D:0.373802702317748	D:0.00431294214850082	D:0.738571220666185	D:12	S:TRUE	S:FALSE	S:TRUE	S:FALSE	S:MLL1	S:TRUE	S:TRUE	S:TRUE
S:Htr1b	D:1.29119681550232	D:0.0000000093533879775154	D:0.00000068609076882958	D:0.42888800247242	D:0.046688084744356	D:0.201586527578727	D:0.862308813029896	D:0.00441144377710085	D:0.738571220666185	D:12	S:TRUE	S:FALSE	S:TRUE	S:FALSE	S:HTR1B	S:TRUE	S:TRUE	S:TRUE
S:Mlxip	D:0.254189405042793	D:0.0019288971529707	D:0.0169499938796481	D:-0.0748410012767815	D:0.35171486829318	D:0.613892822440939	D:0.329030406319575	D:0.00443884740512178	D:0.738571220666185	D:12	S:TRUE	S:FALSE	S:TRUE	S:FALSE	S:MLXIP	S:TRUE	S:TRUE	S:TRUE
S:Asap2	D:0.486085898941402	D:0.00000000000460290142917612	D:0.00000000098514701273216	D:0.234510469392884	D:0.00024223338905851	D:0.00541438407818334	D:0.251575429548518	D:0.00474189680905837	D:0.754734808159695	D:12	S:TRUE	S:TRUE	S:TRUE	S:FALSE	S:ASAP2	S:TRUE	S:TRUE	S:TRUE
S:Cbr2	D:1.60377722178891	D:0.000228074500056634	D:0.00317031671608972	D:-0.224924887914854	D:0.636231541471613	D:0.816839118562626	D:1.82870210970376	D:0.00474290947292225	D:0.754734808159695	D:12	S:TRUE	S:FALSE	S:TRUE	S:FALSE	S:CBR2	S:TRUE	S:TRUE	S:TRUE
S:Ikbkb	D:0.284425561064083	D:0.0000071452592724303	D:0.000196891588840301	D:0.0399467150294956	D:0.507740395596828	D:0.735174228156503	D:0.244478846034587	D:0.00487930860210528	D:0.754795223755377	D:12	S:TRUE	S:FALSE	S:TRUE	S:FALSE	S:IKBKB	S:TRUE	S:TRUE	S:TRUE
S:Hmbox1	D:0.354021081632531	D:0.000000816685354895279	D:0.000033667261173836	D:0.084457630366316	D:0.210018886354584	D:0.471185393510056	D:0.269563451266215	D:0.00544071818164669	D:0.76551962412871	D:12	S:TRUE	S:FALSE	S:TRUE	S:FALSE	S:HMBOX1	S:TRUE	S:TRUE	S:TRUE
S:Gm14824	D:1.34616240852368	D:0.0000119825166502121	D:0.000299543744228663	D:0.237638431927805	D:0.367932619635045	D:0.629432316085009	D:1.10852397659587	D:0.00574897638192588	D:0.76551962412871	D:12	S:TRUE	S:FALSE	S:TRUE	S:FALSE	S:GM14824	S:TRUE	S:TRUE	S:TRUE
S:Nvl	D:0.281884213184042	D:0.00106558455021954	D:0.0106585742718503	D:-0.0498866205094259	D:0.551866328813947	D:0.76513972148275	D:0.331770833693468	D:0.00603106316261483	D:0.76551962412871	D:12	S:TRUE	S:FALSE	S:TRUE	S:FALSE	S:NVL	S:TRUE	S:TRUE	S:TRUE
S:Rbm28	D:1.02901854715331	D:0.000000000000000000000000327668486791411	D:0.00000000000000000000511949243762901	D:0.739834093506505	D:0.0000000000000000671808334224132	D:0.000000000000262408335347946	D:0.289184453646801	D:0.00604842696092163	D:0.76551962412871	D:12	S:TRUE	S:TRUE	S:TRUE	S:FALSE	S:RBM28	S:TRUE	S:TRUE	S:TRUE
S:Pfas	D:0.262288302959651	D:0.00139623146324747	D:0.0131970480228545	D:-0.0493408320667639	D:0.530312645501736	D:0.751629385447309	D:0.311629135026415	D:0.00638258163499494	D:0.76551962412871	D:12	S:TRUE	S:FALSE	S:TRUE	S:FALSE	S:PFAS	S:TRUE	S:TRUE	S:TRUE
S:Gm17501	D:1.17981700348004	D:0.000422567252436528	D:0.00516603345232262	D:-0.0347357769051653	D:0.905820578057272	D:0.959430865346413	D:1.21455278038521	D:0.00643223531331463	D:0.76551962412871	D:12	S:TRUE	S:FALSE	S:TRUE	S:FALSE	S:GM17501	S:TRUE	S:TRUE	S:TRUE
S:Sf1	D:0.235133772917763	D:0.000026984687731249	D:0.000579132913616805	D:0.0252995780508396	D:0.636260373329952	D:0.816839118562626	D:0.209834194866923	D:0.00649274949413737	D:0.76551962412871	D:12	S:TRUE	S:FALSE	S:TRUE	S:FALSE	S:SF1	S:TRUE	S:TRUE	S:TRUE
S:2500002b13rik	D:0.871107798326971	D:0.0000994986244930508	D:0.00165203667277303	D:0.0196994463581276	D:0.928430605680882	D:0.970917675236713	D:0.851408351968844	D:0.00655540362728649	D:0.76551962412871	D:12	S:TRUE	S:FALSE	S:TRUE	S:FALSE	S:2500002B13RIK	S:TRUE	S:TRUE	S:TRUE
S:Hpn	D:1.11635039455202	D:0.00269231021949653	D:0.0219200911252808	D:-0.247566756718047	D:0.45771019721266	D:0.700127999034899	D:1.36391715127007	D:0.00662956745381758	D:0.76551962412871	D:12	S:TRUE	S:FALSE	S:TRUE	S:FALSE	S:HPN	S:TRUE	S:TRUE	S:TRUE
S:4933427d14rik	D:0.444609254180335	D:0.0000000361988837867141	D:0.00000220926312610789	D:0.153128880256329	D:0.0425800123283185	D:0.190451756273126	D:0.291480373924006	D:0.00669993081804539	D:0.76551962412871	D:12	S:TRUE	S:FALSE	S:TRUE	S:FALSE	S:4933427D14RIK	S:TRUE	S:TRUE	S:TRUE
S:Unc79	D:0.376039574131292	D:0.000000630359321523005	D:0.000027260914441552	D:0.100939929118099	D:0.155456618151768	D:0.401620725429585	D:0.275099645013193	D:0.00692580189375062	D:0.76551962412871	D:12	S:TRUE	S:FALSE	S:TRUE	S:FALSE	S:UNC79	S:TRUE	S:TRUE	S:TRUE
S:Gm8355	D:1.18510987951593	D:0.00170029527431802	D:0.0153203075928171	D:-0.229354533929704	D:0.524942810010039	D:0.746763599743541	D:1.41446441344564	D:0.00705269947370857	D:0.76551962412871	D:12	S:TRUE	S:FALSE	S:TRUE	S:FALSE	S:GM8355	S:TRUE	S:TRUE	S:TRUE
S:A930011o12rik	D:0.566261680847068	D:0.0000091966636938203	D:0.000243953605351865	D:0.0967577468397058	D:0.42530831514421	D:0.674073556077616	D:0.469503934007362	D:0.00718129298434774	D:0.76551962412871	D:12	S:TRUE	S:FALSE	S:TRUE	S:FALSE	S:A930011O12RIK	S:TRUE	S:TRUE	S:TRUE
S:Itsn1	D:0.404502414403418	D:0.00000000055314898342152	D:0.0000000630832096129768	D:0.177452705594854	D:0.00318944537590986	D:0.0351920159274123	D:0.227049708808564	D:0.0073757730528705	D:0.772232075432679	D:12	S:TRUE	S:TRUE	S:TRUE	S:FALSE	S:ITSN1	S:TRUE	S:TRUE	S:TRUE
S:Slc39a14	D:0.229235685915262	D:0.0000789711424876745	D:0.00136967471809109	D:0.0152675600255385	D:0.784377182643397	D:0.900396314503049	D:0.213968125889724	D:0.00773440267656593	D:0.783084673715501	D:12	S:TRUE	S:FALSE	S:TRUE	S:FALSE	S:SLC39A14	S:TRUE	S:TRUE	S:TRUE
S:Hcrtr2	D:0.822957364744382	D:0.000000891236119797904	D:0.0000358883328240269	D:0.222726026627107	D:0.159471236239169	D:0.407047192576643	D:0.600231338117275	D:0.00806075332521038	D:0.790986239931389	D:12	S:TRUE	S:FALSE	S:TRUE	S:FALSE	S:HCRTR2	S:TRUE	S:TRUE	S:TRUE
S:A330076h08rik	D:0.622129991327905	D:0.00239547917792124	D:0.0200426700585484	D:-0.119209583807885	D:0.529660343493274	D:0.751278852210283	D:0.74133957513579	D:0.00823923373155792	D:0.790986239931389	D:12	S:TRUE	S:FALSE	S:TRUE	S:FALSE	S:A330076H08RIK	S:TRUE	S:TRUE	S:TRUE
S:Serac1	D:0.284999806986764	D:0.000650395044016981	D:0.00733172595073687	D:-0.0218233135953119	D:0.786716191023835	D:0.901213708377182	D:0.306823120582076	D:0.00841523536294927	D:0.790986239931389	D:12	S:TRUE	S:FALSE	S:TRUE	S:FALSE	S:SERAC1	S:TRUE	S:TRUE	S:TRUE
S:Ankrd52	D:0.471562613588764	D:0.0000634012141395008	D:0.00115586997633087	D:0.0424988525148517	D:0.707628085922568	D:0.857433450433201	D:0.429063761073913	D:0.00846026030936561	D:0.790986239931389	D:12	S:TRUE	S:FALSE	S:TRUE	S:FALSE	S:ANKRD52	S:TRUE	S:TRUE	S:TRUE
S:Spred3	D:0.871616882212431	D:0.000000000000000000260739164127665	D:0.000000000000000678964783388439	D:0.578186075228092	D:0.0000000000318006871701557	D:0.000000013428484766122	D:0.29343080698434	D:0.00846619838198112	D:0.790986239931389	D:12	S:TRUE	S:TRUE	S:TRUE	S:FALSE	S:SPRED3	S:TRUE	S:TRUE	S:TRUE
S:Zmynd8	D:0.429444817196159	D:0.00000000224818095292274	D:0.000000199577154593551	D:0.182478871030077	D:0.00610447980599272	D:0.0554836489172951	D:0.246965946166082	D:0.00857856123193152	D:0.790986239931389	D:12	S:TRUE	S:FALSE	S:TRUE	S:FALSE	S:ZMYND8	S:TRUE	S:TRUE	S:TRUE
S:Sel1l3	D:0.296175980776018	D:0.0000193546223681433	D:0.000440811399241794	D:0.0463211965203163	D:0.483995619828111	D:0.717885186100978	D:0.249854784255702	D:0.00864332394654396	D:0.790986239931389	D:12	S:TRUE	S:FALSE	S:TRUE	S:FALSE	S:SEL1L3	S:TRUE	S:TRUE	S:TRUE
S:Prdm10	D:0.526561912756267	D:0.000000318350810713207	D:0.0000149816658632022	D:0.163057094517995	D:0.0965311578604799	D:0.307122386498424	D:0.363504818238272	D:0.0090557977468942	D:0.803907863622017	D:12	S:TRUE	S:FALSE	S:TRUE	S:FALSE	S:PRDM10	S:TRUE	S:TRUE	S:TRUE
S:Il15ra	D:0.389153133386854	D:0.000942725402435117	D:0.00968385383803173	D:-0.0353310128453219	D:0.756820491818786	D:0.88639905278686	D:0.424484146232176	D:0.00980206668227586	D:0.805716206236282	D:12	S:TRUE	S:FALSE	S:TRUE	S:FALSE	S:IL15RA	S:TRUE	S:TRUE	S:TRUE
S:Gm15674	D:1.26819231601114	D:0.000742492793757416	D:0.00809539944847582	D:-0.0317223447292764	D:0.92500223749625	D:0.96916531599191	D:1.29991466074041	D:0.0101021392740665	D:0.805716206236282	D:12	S:TRUE	S:FALSE	S:TRUE	S:FALSE	S:GM15674	S:TRUE	S:TRUE	S:TRUE
S:A130066n16rik	D:2.36319670009526	D:0.0000688061060735898	D:0.00123566276010777	D:0.329965338187316	D:0.533014334606883	D:0.753171381378126	D:2.03323136190794	D:0.0101192799204226	D:0.805716206236282	D:12	S:TRUE	S:FALSE	S:TRUE	S:FALSE	S:A130066N16RIK	S:TRUE	S:TRUE	S:TRUE
S:Eml5	D:0.750063577599138	D:0.000000075278836764153	D:0.0000041856104825734	D:0.273604922497717	D:0.0362222222509892	D:0.174241240203243	D:0.476458655101421	D:0.0103267043788897	D:0.805716206236282	D:12	S:TRUE	S:FALSE	S:TRUE	S:FALSE	S:EML5	S:TRUE	S:TRUE	S:TRUE
S:Pogz	D:0.122999478383312	D:0.00602613885961032	D:0.0403914172211719	D:-0.0390066450487918	D:0.376098351999588	D:0.636320227285486	D:0.162006123432104	D:0.0103969593346209	D:0.805716206236282	D:12	S:TRUE	S:FALSE	S:TRUE	S:FALSE	S:POGZ	S:TRUE	S:TRUE	S:TRUE
S:Rbm14	D:0.504817173066685	D:0.00000000141850561060493	D:0.000000137159786509369	D:0.226966985077689	D:0.00335340209513225	D:0.0364857620712719	D:0.277850187988997	D:0.0106333287807765	D:0.805716206236282	D:12	S:TRUE	S:TRUE	S:TRUE	S:FALSE	S:RBM14	S:TRUE	S:TRUE	S:TRUE
S:Znrf1	D:0.632677590994635	D:0.00000000000000246990135226473	D:0.00000000000137820495456372	D:0.385366485007357	D:0.000000115282830864838	D:0.0000126028292744872	D:0.247311105987277	D:0.0107119257146989	D:0.805716206236282	D:12	S:TRUE	S:TRUE	S:TRUE	S:FALSE	S:ZNRF1	S:TRUE	S:TRUE	S:TRUE
S:Apex2	D:0.547585287100199	D:0.0000098619194861209	D:0.000256377088271469	D:0.114517801830157	D:0.334330614170671	D:0.59813642848728	D:0.433067485270043	D:0.0107220176160492	D:0.805716206236282	D:12	S:TRUE	S:FALSE	S:TRUE	S:FALSE	S:APEX2	S:TRUE	S:TRUE	S:TRUE
S:Ascc2	D:0.409917306115221	D:0.00000427831737818591	D:0.000129441492790786	D:0.101478545334706	D:0.230367535668855	D:0.494853679688186	D:0.308438760780515	D:0.0109638235167143	D:0.805716206236282	D:12	S:TRUE	S:FALSE	S:TRUE	S:FALSE	S:ASCC2	S:TRUE	S:TRUE	S:TRUE
S:Safb2	D:0.398625363353491	D:0.00245383371676843	D:0.0203820829297129	D:-0.0697589566006886	D:0.58495447526973	D:0.786845310473705	D:0.46838431995418	D:0.0109899309784779	D:0.805716206236282	D:12	S:TRUE	S:FALSE	S:TRUE	S:FALSE	S:SAFB2	S:TRUE	S:TRUE	S:TRUE
S:2610005l07rik	D:0.510997060814698	D:0.000154696316458062	D:0.00233750024017481	D:0.0397762427832733	D:0.755534195114285	D:0.885822172029536	D:0.471220818031425	D:0.0110317613170135	D:0.805716206236282	D:12	S:TRUE	S:FALSE	S:TRUE	S:FALSE	S:2610005L07RIK	S:TRUE	S:TRUE	S:TRUE
S:Lrch3	D:0.459470951366525	D:0.00000000467535051156295	D:0.000000371486914231279	D:0.199295735180191	D:0.0058851525625422	D:0.0542155799747402	D:0.260175216186334	D:0.0111038529649887	D:0.805716206236282	D:12	S:TRUE	S:FALSE	S:TRUE	S:FALSE	S:LRCH3	S:TRUE	S:TRUE	S:TRUE
S:Arhgef18	D:0.221364749977608	D:0.00536506222587217	D:0.0368294078282192	D:-0.0636400170637286	D:0.418315802104673	D:0.669752707229261	D:0.285004767041337	D:0.011276036270118	D:0.805716206236282	D:12	S:TRUE	S:FALSE	S:TRUE	S:FALSE	S:ARHGEF18	S:TRUE	S:TRUE	S:TRUE
S:Kcnj6	D:0.422469361283823	D:0.00025993585751817	D:0.00353458471528623	D:0.0114179507321319	D:0.920178304611412	D:0.966835160552955	D:0.411051410551691	D:0.0112936411396407	D:0.805716206236282	D:12	S:TRUE	S:FALSE	S:TRUE	S:FALSE	S:KCNJ6	S:TRUE	S:TRUE	S:TRUE
S:Synj2	D:0.750534655983731	D:0.00000000000000137417620581573	D:0.000000000000795189964432033	D:0.463740452763455	D:0.0000000542664656674324	D:0.00000672904174276162	D:0.286794203220277	D:0.0114086694877123	D:0.809609958625004	D:12	S:TRUE	S:TRUE	S:TRUE	S:FALSE	S:SYNJ2	S:TRUE	S:TRUE	S:TRUE
S:Zfp369	D:0.430764286077808	D:0.000454082184247439	D:0.00547844019048801	D:-0.00737786768040038	D:0.951908301242528	D:0.982077593066493	D:0.438142153758209	D:0.0115554928810404	D:0.809609958625004	D:12	S:TRUE	S:FALSE	S:TRUE	S:FALSE	S:ZFP369	S:TRUE	S:TRUE	S:TRUE
S:Trank1	D:0.255446041219349	D:0.00229128822995335	D:0.0193630712632225	D:-0.0402830971846466	D:0.622433706102193	D:0.808186173368293	D:0.295729138403996	D:0.0118734779162233	D:0.81669708792146	D:12	S:TRUE	S:FALSE	S:TRUE	S:FALSE	S:TRANK1	S:TRUE	S:TRUE	S:TRUE
S:Lyz2	D:0.827039767747369	D:0.00042412982936062	D:0.00518108245029736	D:0.0571101284131927	D:0.772916681959163	D:0.894721066824477	D:0.769929639334176	D:0.0119309194848894	D:0.81669708792146	D:12	S:TRUE	S:FALSE	S:TRUE	S:FALSE	S:LYZ2	S:TRUE	S:TRUE	S:TRUE
S:Cml5	D:2.06482044285109	D:0.0000000000032853970712999	D:0.000000000722972448478727	D:1.16796467577325	D:0.00000452718880295923	D:0.00026736146933172	D:0.896855767077832	D:0.0127605536522663	D:0.819905630896846	D:12	S:TRUE	S:TRUE	S:TRUE	S:FALSE	S:CML5	S:TRUE	S:TRUE	S:TRUE
S:Has3	D:0.622555227466426	D:0.0000228287135313382	D:0.00050449196635591	D:0.130045044963016	D:0.339415317394685	D:0.603008605392428	D:0.49251018250341	D:0.0130269007028963	D:0.819905630896846	D:12	S:TRUE	S:FALSE	S:TRUE	S:FALSE	S:HAS3	S:TRUE	S:TRUE	S:TRUE
S:Myo9b	D:0.61848446521627	D:0.00067702812907731	D:0.00755563392050278	D:-0.00685553968556185	D:0.968968298178023	D:0.988453949512499	D:0.625340004901831	D:0.0136103993445301	D:0.819947068378114	D:12	S:TRUE	S:FALSE	S:TRUE	S:FALSE	S:MYO9B	S:TRUE	S:TRUE	S:TRUE
S:Sorbs1	D:0.558152099828456	D:0.000000200621438356211	D:0.00000995082334246808	D:0.204430100333077	D:0.0426029754336006	D:0.190451756273126	D:0.353721999495379	D:0.013659109083142	D:0.819947068378114	D:12	S:TRUE	S:FALSE	S:TRUE	S:FALSE	S:SORBS1	S:TRUE	S:TRUE	S:TRUE
S:Rab3gap2	D:0.21750019378025	D:0.00011586540783172	D:0.0018566985968849	D:0.0254377252202689	D:0.639513769088062	D:0.819069332076831	D:0.192062468559981	D:0.0137719172636294	D:0.819947068378114	D:12	S:TRUE	S:FALSE	S:TRUE	S:FALSE	S:RAB3GAP2	S:TRUE	S:TRUE	S:TRUE
S:Nav2	D:0.442216742993071	D:0.000136153471837409	D:0.00211247452233135	D:0.0486294420213191	D:0.663573370720518	D:0.833120709018719	D:0.393587300971752	D:0.0141345143564186	D:0.819947068378114	D:12	S:TRUE	S:FALSE	S:TRUE	S:FALSE	S:NAV2	S:TRUE	S:TRUE	S:TRUE
S:Gm1078	D:0.652975586085056	D:0.000726296018070097	D:0.00795767811102888	D:0.0122300428526529	D:0.945126182570126	D:0.979350807565702	D:0.640745543232403	D:0.014605759734723	D:0.819947068378114	D:12	S:TRUE	S:FALSE	S:TRUE	S:FALSE	S:GM1078	S:TRUE	S:TRUE	S:TRUE
S:Ocel1	D:0.446575579492178	D:0.0000762243644438337	D:0.00133962820030422	D:0.065862461931006	D:0.547413579919185	D:0.761534126316209	D:0.380713117561172	D:0.0148829213360228	D:0.819947068378114	D:12	S:TRUE	S:FALSE	S:TRUE	S:FALSE	S:OCEL1	S:TRUE	S:TRUE	S:TRUE
S:Pxk	D:0.253802443187636	D:0.000000832338279463536	D:0.0000340259779261432	D:0.0856227798176032	D:0.0773663858465673	D:0.271072978863221	D:0.168179663370033	D:0.0150916539644032	D:0.819947068378114	D:12	S:TRUE	S:FALSE	S:TRUE	S:FALSE	S:PXK	S:TRUE	S:TRUE	S:TRUE
S:Gm17116	D:0.950607915507865	D:0.000267418212519363	D:0.00360806748912135	D:0.103596481138415	D:0.657232461428885	D:0.829316748293079	D:0.84701143436945	D:0.0151271084849676	D:0.819947068378114	D:12	S:TRUE	S:FALSE	S:TRUE	S:FALSE	S:GM17116	S:TRUE	S:TRUE	S:TRUE
S:Ntrk3	D:0.30696903797189	D:0.00730940620917218	D:0.0466893551153337	D:-0.0853543723880579	D:0.450969257735962	D:0.69520904616346	D:0.392323410359948	D:0.0153379143701463	D:0.819947068378114	D:12	S:TRUE	S:FALSE	S:TRUE	S:FALSE	S:NTRK3	S:TRUE	S:TRUE	S:TRUE
S:Chka	D:0.387447513287285	D:0.000220317773710011	D:0.00307617953212262	D:0.035336688504243	D:0.72685343632898	D:0.870019006297708	D:0.352110824783042	D:0.0153506737122521	D:0.819947068378114	D:12	S:TRUE	S:FALSE	S:TRUE	S:FALSE	S:CHKA	S:TRUE	S:TRUE	S:TRUE
S:Nat8	D:1.20599699137523	D:0.000161510773758988	D:0.00241709226935865	D:0.166744948537547	D:0.564384567129113	D:0.773321796898187	D:1.03925204283768	D:0.0153814389575733	D:0.819947068378114	D:12	S:TRUE	S:FALSE	S:TRUE	S:FALSE	S:NAT8	S:TRUE	S:TRUE	S:TRUE
S:Stk38	D:0.310633199509093	D:0.000457395143935989	D:0.00550565618555924	D:0.0135372777355034	D:0.873735950082456	D:0.945214235511916	D:0.29709592177359	D:0.0155331065521004	D:0.819947068378114	D:12	S:TRUE	S:FALSE	S:TRUE	S:FALSE	S:STK38	S:TRUE	S:TRUE	S:TRUE
S:Tubgcp4	D:0.274287126965631	D:0.0000842276288567769	D:0.00144157651809805	D:0.041663151713629	D:0.534719169856242	D:0.754241907900574	D:0.232623975252002	D:0.0156220963903208	D:0.819947068378114	D:12	S:TRUE	S:FALSE	S:TRUE	S:FALSE	S:TUBGCP4	S:TRUE	S:TRUE	S:TRUE
S:Gm17108	D:1.36196903203082	D:0.000136433135170366	D:0.00211471359514067	D:0.23518239861992	D:0.441379793219324	D:0.687617697602824	D:1.1267866334109	D:0.0157219753593392	D:0.819947068378114	D:12	S:TRUE	S:FALSE	S:TRUE	S:FALSE	S:GM17108	S:TRUE	S:TRUE	S:TRUE
S:Oas2	D:1.37302404168059	D:0.000370559913837673	D:0.00466529258162756	D:0.245811183856851	D:0.362555847204726	D:0.62426411248916	D:1.12721285782374	D:0.0158279991794888	D:0.819947068378114	D:12	S:TRUE	S:FALSE	S:TRUE	S:FALSE	S:OAS2	S:TRUE	S:TRUE	S:TRUE
S:Ptar1	D:0.477017440185171	D:0.00125582713806051	D:0.0121491069692577	D:-0.0232384865353254	D:0.872907946101539	D:0.945000656305678	D:0.500255926720496	D:0.0159603072342588	D:0.819947068378114	D:12	S:TRUE	S:FALSE	S:TRUE	S:FALSE	S:PTAR1	S:TRUE	S:TRUE	S:TRUE
S:Zw10	D:0.379057046385127	D:0.0000000205216237967305	D:0.00000137596871213831	D:0.163532242363649	D:0.010061873692353	D:0.0766488125642725	D:0.215524804021478	D:0.015970199509522	D:0.819947068378114	D:12	S:TRUE	S:FALSE	S:TRUE	S:FALSE	S:ZW10	S:TRUE	S:TRUE	S:TRUE
S:Nxf1	D:0.417151396380701	D:0.0000000000153773322160156	D:0.00000000288005653512245	D:0.229233705347537	D:0.0000592158804701991	D:0.00196430767827259	D:0.187917691033165	D:0.0166880551628844	D:0.819947068378114	D:12	S:TRUE	S:TRUE	S:TRUE	S:FALSE	S:NXF1	S:TRUE	S:TRUE	S:TRUE
S:Prpf3	D:0.265372510480955	D:0.0000697817424923246	D:0.00124887737079046	D:0.0452008893290516	D:0.484731522011122	D:0.718543197334134	D:0.220171621151903	D:0.0170649977249826	D:0.819947068378114	D:12	S:TRUE	S:FALSE	S:TRUE	S:FALSE	S:PRPF3	S:TRUE	S:TRUE	S:TRUE
S:Adat1	D:0.413130470811845	D:0.000255560763234363	D:0.00348418967257738	D:0.046666449023403	D:0.657604779492639	D:0.829478322308929	D:0.366464021788442	D:0.0172055422979567	D:0.819947068378114	D:12	S:TRUE	S:FALSE	S:TRUE	S:FALSE	S:ADAT1	S:TRUE	S:TRUE	S:TRUE
S:Sik2	D:0.57366150886361	D:0.00000186296201321078	D:0.0000672215207722985	D:0.186308484204642	D:0.1052551883935	D:0.323467164331244	D:0.387353024658968	D:0.0176574635185691	D:0.819947068378114	D:12	S:TRUE	S:FALSE	S:TRUE	S:FALSE	S:SIK2	S:TRUE	S:TRUE	S:TRUE
S:Slx4	D:0.34108100149831	D:0.00106822843079557	D:0.0106781836230006	D:-0.00807236569078639	D:0.938142325072431	D:0.975608072878838	D:0.349153367189096	D:0.017832670743169	D:0.819947068378114	D:12	S:TRUE	S:FALSE	S:TRUE	S:FALSE	S:SLX4	S:TRUE	S:TRUE	S:TRUE
S:Zbtb16	D:0.542078509371352	D:0.00000239611015564379	D:0.0000830084813121475	D:0.174295153133192	D:0.109490631466625	D:0.329357263387475	D:0.36778335623816	D:0.0179144949279275	D:0.819947068378114	D:12	S:TRUE	S:FALSE	S:TRUE	S:FALSE	S:ZBTB16	S:TRUE	S:TRUE	S:TRUE
S:Galnt14	D:0.393773831495451	D:0.0000400767588881919	D:0.000798672552128968	D:0.0791136559744698	D:0.400825160270028	D:0.655689697838857	D:0.314660175520981	D:0.0181985695807565	D:0.819947068378114	D:12	S:TRUE	S:FALSE	S:TRUE	S:FALSE	S:GALNT14	S:TRUE	S:TRUE	S:TRUE
S:D630045j12rik	D:0.521761203469699	D:0.00000000874118556249319	D:0.00000064726200582177	D:0.240961809500416	D:0.00450097155458813	D:0.0448605261225189	D:0.280799393969283	D:0.018409142337464	D:0.819947068378114	D:12	S:TRUE	S:TRUE	S:TRUE	S:FALSE	S:D630045J12RIK	S:TRUE	S:TRUE	S:TRUE
S:Nav1	D:0.296330710403093	D:0.000632085917113172	D:0.00716669838096966	D:0.0122406946903597	D:0.884296216893416	D:0.950353837717894	D:0.284090015712733	D:0.0185593575514542	D:0.819947068378114	D:12	S:TRUE	S:FALSE	S:TRUE	S:FALSE	S:NAV1	S:TRUE	S:TRUE	S:TRUE
S:Mirg	D:0.648734409210206	D:0.0000505597750298038	D:0.00095983708999472	D:0.133177014293058	D:0.384748288792781	D:0.643305251884541	D:0.515557394917148	D:0.0189148387049284	D:0.819947068378114	D:12	S:TRUE	S:FALSE	S:TRUE	S:FALSE	S:MIRG	S:TRUE	S:TRUE	S:TRUE
S:5830403l16rik	D:0.626944191392323	D:0.00216682851956436	D:0.0186013894448756	D:-0.063840100079526	D:0.762987834430012	D:0.889421914879841	D:0.690784291471849	D:0.0192147114095116	D:0.819947068378114	D:12	S:TRUE	S:FALSE	S:TRUE	S:FALSE	S:5830403L16RIK	S:TRUE	S:TRUE	S:TRUE
S:Stk35	D:0.296509581194439	D:0.0000499336547215637	D:0.000950259952947273	D:0.0611875492910299	D:0.383971963198576	D:0.643205527287933	D:0.235322031903409	D:0.0192344756554774	D:0.819947068378114	D:12	S:TRUE	S:FALSE	S:TRUE	S:FALSE	S:STK35	S:TRUE	S:TRUE	S:TRUE
S:Lman2l	D:0.561387810688807	D:0.000000000407975716829251	D:0.0000000487602064989479	D:0.288539435443119	D:0.000614467691993173	D:0.0108357146949225	D:0.272848375245688	D:0.0192539140540884	D:0.819947068378114	D:12	S:TRUE	S:TRUE	S:TRUE	S:FALSE	S:LMAN2L	S:TRUE	S:TRUE	S:TRUE
S:Tmc4	D:1.00804556898287	D:0.0000000378751241356456	D:0.00000228479127218273	D:0.449642727906727	D:0.00759380988384883	D:0.0636937141274558	D:0.558402841076146	D:0.0198784141863	D:0.819947068378114	D:12	S:TRUE	S:FALSE	S:TRUE	S:FALSE	S:TMC4	S:TRUE	S:TRUE	S:TRUE
S:Tmem130	D:0.275352127562696	D:0.000787486478237646	D:0.00845033567031935	D:0.00956711429172596	D:0.90437665057549	D:0.958674915102365	D:0.26578501327097	D:0.0199666105986272	D:0.819947068378114	D:12	S:TRUE	S:FALSE	S:TRUE	S:FALSE	S:TMEM130	S:TRUE	S:TRUE	S:TRUE
S:Slc39a2	D:0.774981494023744	D:0.00000496861713441058	D:0.000146195243141301	D:0.242557421172477	D:0.129462829667905	D:0.3628636895301	D:0.532424072851267	D:0.0201880253488828	D:0.819947068378114	D:12	S:TRUE	S:FALSE	S:TRUE	S:FALSE	S:SLC39A2	S:TRUE	S:TRUE	S:TRUE
S:4930469g21rik	D:1.15138826458904	D:0.000404980015022929	D:0.0050020762474321	D:0.140229354478352	D:0.631677505197309	D:0.814073449758041	D:1.01115891011069	D:0.0203437784238401	D:0.819947068378114	D:12	S:TRUE	S:FALSE	S:TRUE	S:FALSE	S:4930469G21RIK	S:TRUE	S:TRUE	S:TRUE
S:Tmem86b	D:1.40516466626434	D:0.00000231135269073985	D:0.0000809698978478014	D:0.498264128010229	D:0.0628878055511722	D:0.241118791148838	D:0.906900538254108	D:0.0205444083705887	D:0.819947068378114	D:12	S:TRUE	S:FALSE	S:TRUE	S:FALSE	S:TMEM86B	S:TRUE	S:TRUE	S:TRUE
S:Pqlc3	D:0.591003783480391	D:0.00000980733557871994	D:0.000256237142277459	D:0.178181012611612	D:0.145353688269416	D:0.386291210328517	D:0.412822770868779	D:0.0206065879913677	D:0.819947068378114	D:12	S:TRUE	S:FALSE	S:TRUE	S:FALSE	S:PQLC3	S:TRUE	S:TRUE	S:TRUE
S:Hars2	D:0.195136173170181	D:0.00481759340972619	D:0.0339666423436652	D:-0.0295649877996187	D:0.662967958591882	D:0.832872235480321	D:0.2247011609698	D:0.0208345485244567	D:0.819947068378114	D:12	S:TRUE	S:FALSE	S:TRUE	S:FALSE	S:HARS2	S:TRUE	S:TRUE	S:TRUE
S:Il17ra	D:0.762809409857093	D:0.0000000101717645699051	D:0.000000735757637223137	D:0.359986833509019	D:0.00386571619380914	D:0.0403729611043276	D:0.402822576348074	D:0.0212361773599995	D:0.823428367603723	D:12	S:TRUE	S:TRUE	S:TRUE	S:FALSE	S:IL17RA	S:TRUE	S:TRUE	S:TRUE
S:Gtf3c2	D:0.193394065811634	D:0.000344172613828609	D:0.0043896758518026	D:0.0211375842943067	D:0.685697758168342	D:0.8448372275375	D:0.172256481517327	D:0.0214261854719069	D:0.823428367603723	D:12	S:TRUE	S:FALSE	S:TRUE	S:FALSE	S:GTF3C2	S:TRUE	S:TRUE	S:TRUE
S:Gm10658	D:1.41254190928812	D:0.000408511866618588	D:0.00502566094806993	D:0.20293085107446	D:0.561737155501676	D:0.771480045167015	D:1.20961105821366	D:0.0220630125751659	D:0.823428367603723	D:12	S:TRUE	S:FALSE	S:TRUE	S:FALSE	S:GM10658	S:TRUE	S:TRUE	S:TRUE
S:Ddx27	D:0.264549917209432	D:0.00732080035514904	D:0.0467430260518384	D:-0.0531078298098784	D:0.586214370873692	D:0.787465680554601	D:0.31765774701931	D:0.0225547705569469	D:0.823428367603723	D:12	S:TRUE	S:FALSE	S:TRUE	S:FALSE	S:DDX27	S:TRUE	S:TRUE	S:TRUE
S:Zfp382	D:0.365961451759915	D:0.00588500028437194	D:0.0396715601724858	D:-0.0590245938196046	D:0.650495168341431	D:0.825817543687862	D:0.42498604557952	D:0.0228227462204908	D:0.823428367603723	D:12	S:TRUE	S:FALSE	S:TRUE	S:FALSE	S:ZFP382	S:TRUE	S:TRUE	S:TRUE
S:Diexf	D:0.209684927345287	D:0.00221736400594912	D:0.0189002156186302	D:-0.0103109470904146	D:0.879407775204947	D:0.948118770649459	D:0.219995874435702	D:0.0228235867593171	D:0.823428367603723	D:12	S:TRUE	S:FALSE	S:TRUE	S:FALSE	S:DIEXF	S:TRUE	S:TRUE	S:TRUE
S:Nktr	D:0.487201684070781	D:0.0000121374481930199	D:0.000301487266403406	D:0.142698835793243	D:0.179395823019453	D:0.433488468422241	D:0.344502848277539	D:0.023134548250337	D:0.823428367603723	D:12	S:TRUE	S:FALSE	S:TRUE	S:FALSE	S:NKTR	S:TRUE	S:TRUE	S:TRUE
S:Rgs9	D:0.575580699162694	D:0.0000183525549119434	D:0.000422920822926554	D:0.15522266318733	D:0.23551338547838	D:0.500068017909575	D:0.420358035975364	D:0.0232001248567241	D:0.823428367603723	D:12	S:TRUE	S:FALSE	S:TRUE	S:FALSE	S:RGS9	S:TRUE	S:TRUE	S:TRUE
S:Fam135b	D:0.410138873521622	D:0.00112291054802698	D:0.0111231013222447	D:0.010843050847769	D:0.929787552081806	D:0.971796865553267	D:0.399295822673853	D:0.0232398498830251	D:0.823428367603723	D:12	S:TRUE	S:FALSE	S:TRUE	S:FALSE	S:FAM135B	S:TRUE	S:TRUE	S:TRUE
S:Dnase1	D:0.482439759129775	D:0.000133414352996063	D:0.00208030524072903	D:0.0822099942654555	D:0.510524802278142	D:0.736717420411351	D:0.40022976486432	D:0.0233888942426921	D:0.823428367603723	D:12	S:TRUE	S:FALSE	S:TRUE	S:FALSE	S:DNASE1	S:TRUE	S:TRUE	S:TRUE
S:Dnhd1	D:0.527397191787121	D:0.000015168600750745	D:0.000361271673978109	D:0.151363715927335	D:0.192188338322904	D:0.449648187774341	D:0.376033475859787	D:0.0234579587206812	D:0.823428367603723	D:12	S:TRUE	S:FALSE	S:TRUE	S:FALSE	S:DNHD1	S:TRUE	S:TRUE	S:TRUE
S:Sf3b3	D:0.170014077849346	D:0.000208433426084241	D:0.00294711660555672	D:0.026522324390359	D:0.549435591162671	D:0.762988327822022	D:0.143491753458987	D:0.0236322683223676	D:0.823428367603723	D:12	S:TRUE	S:FALSE	S:TRUE	S:FALSE	S:SF3B3	S:TRUE	S:TRUE	S:TRUE
S:Ccnl2	D:0.3507907336676	D:0.00000252747552667414	D:0.0000862211301937922	D:0.122905337977175	D:0.0826453203606694	D:0.281256912506011	D:0.227885395690426	D:0.0236635520387911	D:0.823428367603723	D:12	S:TRUE	S:FALSE	S:TRUE	S:FALSE	S:CCNL2	S:TRUE	S:TRUE	S:TRUE
S:Rp23-242c19.5	D:1.30200129302802	D:0.00364127004088727	D:0.0275494096262572	D:-0.0374553905183355	D:0.923238606034502	D:0.968563312614972	D:1.33945668354636	D:0.024001066085291	D:0.82435337451894	D:12	S:TRUE	S:FALSE	S:TRUE	S:FALSE	S:RP23-242C19.5	S:TRUE	S:TRUE	S:TRUE
S:Arap3	D:0.389248158568581	D:0.00780023973382425	D:0.0490821367705478	D:-0.0748231457631037	D:0.602223216438411	D:0.797519540060496	D:0.464071304331685	D:0.0240734950436571	D:0.82435337451894	D:12	S:TRUE	S:FALSE	S:TRUE	S:FALSE	S:ARAP3	S:TRUE	S:TRUE	S:TRUE
S:Wdr60	D:0.238766369661382	D:0.000328390966152873	D:0.00423331720723803	D:0.0313444661638025	D:0.626104955445198	D:0.810796835795754	D:0.20742190349758	D:0.0243304708427865	D:0.82435337451894	D:12	S:TRUE	S:FALSE	S:TRUE	S:FALSE	S:WDR60	S:TRUE	S:TRUE	S:TRUE
S:Gm16884	D:1.0359445135506	D:0.000073318742837025	D:0.00129731827642772	D:0.223322951170925	D:0.379265015067711	D:0.639158299581265	D:0.812621562379672	D:0.0244688490419301	D:0.82435337451894	D:12	S:TRUE	S:FALSE	S:TRUE	S:FALSE	S:GM16884	S:TRUE	S:TRUE	S:TRUE
S:Kcnq2	D:0.40104502311053	D:0.00000000209561335850338	D:0.000000188171627087683	D:0.20538974969919	D:0.00101606469316495	D:0.0156375345858156	D:0.19565527341134	D:0.0246648791406463	D:0.82435337451894	D:12	S:TRUE	S:TRUE	S:TRUE	S:FALSE	S:KCNQ2	S:TRUE	S:TRUE	S:TRUE
S:Adamts5	D:0.497123523602492	D:0.00316680092674676	D:0.0248134893076688	D:-0.0491400796151431	D:0.781021844204415	D:0.898589418537032	D:0.546263603217635	D:0.0255995848653921	D:0.831384873545866	D:12	S:TRUE	S:FALSE	S:TRUE	S:FALSE	S:ADAMTS5	S:TRUE	S:TRUE	S:TRUE
S:Ift172	D:0.346296103069892	D:0.00241920935579862	D:0.0201265851837049	D:-0.0106507674197198	D:0.924175960363791	D:0.969017193793965	D:0.356946870489612	D:0.0256862109875188	D:0.831384873545866	D:12	S:TRUE	S:FALSE	S:TRUE	S:FALSE	S:IFT172	S:TRUE	S:TRUE	S:TRUE
S:Mical2	D:0.887350903997764	D:0.00000000160413641390308	D:0.000000151063875746236	D:0.467481870223563	D:0.00067612826755475	D:0.0117245594364877	D:0.419869033774202	D:0.0279548900999108	D:0.840544628779884	D:12	S:TRUE	S:TRUE	S:TRUE	S:FALSE	S:MICAL2	S:TRUE	S:TRUE	S:TRUE
S:Slc8a1	D:0.389695312818057	D:0.0070966681353846	D:0.0456703424442925	D:-0.056858751325036	D:0.68980421406932	D:0.847631417546413	D:0.446554064143093	D:0.0283352964493722	D:0.840544628779884	D:12	S:TRUE	S:FALSE	S:TRUE	S:FALSE	S:SLC8A1	S:TRUE	S:TRUE	S:TRUE
S:Fbxo42	D:0.236920219283425	D:0.000991204398069669	D:0.0100627534213389	D:0.0166906877621988	D:0.813520683181497	D:0.915078988770893	D:0.220229531521226	D:0.0287793765004762	D:0.840544628779884	D:12	S:TRUE	S:FALSE	S:TRUE	S:FALSE	S:FBXO42	S:TRUE	S:TRUE	S:TRUE
S:4921514a10rik	D:1.19774569636119	D:0.000876559716110662	D:0.00919063476484313	D:0.166396972729663	D:0.59123194201621	D:0.790873960792916	D:1.03134872363153	D:0.0291746297300605	D:0.840544628779884	D:12	S:TRUE	S:FALSE	S:TRUE	S:FALSE	S:4921514A10RIK	S:TRUE	S:TRUE	S:TRUE
S:Leprel2	D:0.690115744266303	D:0.00271295544783308	D:0.0220193329438671	D:-0.0163377272729415	D:0.942901082638845	D:0.97827787470279	D:0.706453471539244	D:0.0293503832070996	D:0.840544628779884	D:12	S:TRUE	S:FALSE	S:TRUE	S:FALSE	S:LEPREL2	S:TRUE	S:TRUE	S:TRUE
S:Pex1	D:0.30343123576087	D:0.0000260956600195805	D:0.000563147226720892	D:0.087567987213947	D:0.20994879900378	D:0.471095797161434	D:0.215863248546923	D:0.0293909328441869	D:0.840544628779884	D:12	S:TRUE	S:FALSE	S:TRUE	S:FALSE	S:PEX1	S:TRUE	S:TRUE	S:TRUE
S:5430416o09rik	D:0.886621619774034	D:0.000363635262872484	D:0.00459291620624065	D:0.167295049196578	D:0.448594769342575	D:0.693258622770365	D:0.719326570577457	D:0.0294302565126673	D:0.840544628779884	D:12	S:TRUE	S:FALSE	S:TRUE	S:FALSE	S:5430416O09RIK	S:TRUE	S:TRUE	S:TRUE
S:Zfp143	D:0.395226238491514	D:0.000000789643417065425	D:0.0000328997033286139	D:0.160194331013956	D:0.0365829575438534	D:0.175018603420384	D:0.235031907477558	D:0.0294536876533373	D:0.840544628779884	D:12	S:TRUE	S:FALSE	S:TRUE	S:FALSE	S:ZFP143	S:TRUE	S:TRUE	S:TRUE
S:Irs4	D:1.62732109134551	D:0.000397022634045905	D:0.00492733571482464	D:0.148122764546878	D:0.769270552018142	D:0.892815562675044	D:1.47919832679863	D:0.029848859373575	D:0.840544628779884	D:12	S:TRUE	S:FALSE	S:TRUE	S:FALSE	S:IRS4	S:TRUE	S:TRUE	S:TRUE
S:Igsf9b	D:1.09616182820899	D:0.00113588108897467	D:0.0112203294047328	D:0.0721951666342644	D:0.828080487314449	D:0.92326954512521	D:1.02396666157473	D:0.0302075818363398	D:0.840544628779884	D:12	S:TRUE	S:FALSE	S:TRUE	S:FALSE	S:IGSF9B	S:TRUE	S:TRUE	S:TRUE
S:C230004f18rik	D:0.466882185432842	D:0.00531433025143944	D:0.0365614688896917	D:-0.0436486351548337	D:0.791336460224373	D:0.903921688444627	D:0.510530820587675	D:0.0302145411624691	D:0.840544628779884	D:12	S:TRUE	S:FALSE	S:TRUE	S:FALSE	S:C230004F18RIK	S:TRUE	S:TRUE	S:TRUE
S:Phf21a	D:0.158786437927489	D:0.00365076513926655	D:0.0275819896208417	D:-0.00659012969785166	D:0.901399904878524	D:0.957038550066195	D:0.165376567625341	D:0.0302465116676495	D:0.840544628779884	D:12	S:TRUE	S:FALSE	S:TRUE	S:FALSE	S:PHF21A	S:TRUE	S:TRUE	S:TRUE
S:Clstn2	D:0.233286695219993	D:0.0022197616721034	D:0.0189031239245272	D:0.00281478438158533	D:0.969841129403903	D:0.988892371324583	D:0.230471910838408	D:0.0305447343324025	D:0.840544628779884	D:12	S:TRUE	S:FALSE	S:TRUE	S:FALSE	S:CLSTN2	S:TRUE	S:TRUE	S:TRUE
S:Map3k13	D:0.294731213190913	D:0.000754884705824946	D:0.00817913914272465	D:0.0314641387206445	D:0.712033228339715	D:0.859988184877837	D:0.263267074470269	D:0.0306247565231898	D:0.840544628779884	D:12	S:TRUE	S:FALSE	S:TRUE	S:FALSE	S:MAP3K13	S:TRUE	S:TRUE	S:TRUE
S:Katnal1	D:0.246866174950553	D:0.00000268772939142618	D:0.0000899304196580924	D:0.0933980831248968	D:0.0624982750645976	D:0.240419397411648	D:0.153468091825656	D:0.0308314944217885	D:0.840544628779884	D:12	S:TRUE	S:FALSE	S:TRUE	S:FALSE	S:KATNAL1	S:TRUE	S:TRUE	S:TRUE
S:Gm17408	D:0.83930835171487	D:0.0000038484723155262	D:0.000120017028857847	D:0.322129292762009	D:0.0531041883963419	D:0.217597650014279	D:0.517179058952861	D:0.0318460231720809	D:0.841017899407473	D:12	S:TRUE	S:FALSE	S:TRUE	S:FALSE	S:GM17408	S:TRUE	S:TRUE	S:TRUE
S:4930579g18rik	D:0.577670164958433	D:0.00632275649926817	D:0.0420369138487515	D:-0.045669726970301	D:0.818903263571099	D:0.91780295725242	D:0.623339891928734	D:0.0323365994175819	D:0.847696357886408	D:12	S:TRUE	S:FALSE	S:TRUE	S:FALSE	S:4930579G18RIK	S:TRUE	S:TRUE	S:TRUE
S:Rtl1	D:0.438217445012377	D:0.00588573198155543	D:0.0396715601724858	D:-0.0415620194814657	D:0.792019920670261	D:0.904504001209864	D:0.479779464493843	D:0.0325114119302235	D:0.847849066920424	D:12	S:TRUE	S:FALSE	S:TRUE	S:FALSE	S:RTL1	S:TRUE	S:TRUE	S:TRUE
S:Fam98c	D:0.403202315543449	D:0.00308225359152608	D:0.0243217828858604	D:-0.00751576541415799	D:0.95605338073785	D:0.983563443777453	D:0.410718080957607	D:0.0332174490071187	D:0.847849066920424	D:12	S:TRUE	S:FALSE	S:TRUE	S:FALSE	S:FAM98C	S:TRUE	S:TRUE	S:TRUE
S:Sykb	D:0.579508010921181	D:0.000646600459727736	D:0.00730509746003328	D:0.07057379918188	D:0.676892520391654	D:0.840345426677821	D:0.508934211739301	D:0.0332486553854033	D:0.847849066920424	D:12	S:TRUE	S:FALSE	S:TRUE	S:FALSE	S:SYKB	S:TRUE	S:TRUE	S:TRUE
S:Cyp2r1	D:0.92272030020301	D:0.00363743835968953	D:0.0275345624669521	D:-0.0230105267150745	D:0.94126356548757	D:0.977682618480109	D:0.945730826918085	D:0.0337618628183157	D:0.848538432894476	D:12	S:TRUE	S:FALSE	S:TRUE	S:FALSE	S:CYP2R1	S:TRUE	S:TRUE	S:TRUE
S:Rhbdl3	D:0.715664448327001	D:0.00000000532522730810888	D:0.000000420208845767137	D:0.373609902224437	D:0.00134128825817473	D:0.0190165950505645	D:0.342054546102564	D:0.0338381056891321	D:0.848538432894476	D:12	S:TRUE	S:TRUE	S:TRUE	S:FALSE	S:RHBDL3	S:TRUE	S:TRUE	S:TRUE
S:Eif2c2	D:0.456243916435769	D:0.0000305517325172618	D:0.000642449890780212	D:0.138670408422641	D:0.187805665608679	D:0.444489045253524	D:0.317573508013128	D:0.0339622696147307	D:0.848538432894476	D:12	S:TRUE	S:FALSE	S:TRUE	S:FALSE	S:EIF2C2	S:TRUE	S:TRUE	S:TRUE
S:Lins	D:0.283689478701161	D:0.000524559014448914	D:0.0061732166159889	D:0.0411495478169561	D:0.60996049846591	D:0.801246244159356	D:0.242539930884205	D:0.0339704568010812	D:0.848538432894476	D:12	S:TRUE	S:FALSE	S:TRUE	S:FALSE	S:LINS	S:TRUE	S:TRUE	S:TRUE
S:Mlec	D:0.381201375710401	D:0.000000000501806773407398	D:0.0000000585091718486358	D:0.213779849313169	D:0.00019101076795845	D:0.00457021782325087	D:0.167421526397233	D:0.0341552465582189	D:0.848575861287437	D:12	S:TRUE	S:TRUE	S:TRUE	S:FALSE	S:MLEC	S:TRUE	S:TRUE	S:TRUE
S:Rnf121	D:0.203869363958836	D:0.0000800331238987731	D:0.0013832273537549	D:0.0533825407373643	D:0.28739981178014	D:0.553474011987293	D:0.150486823221471	D:0.0347564679385112	D:0.848575861287437	D:12	S:TRUE	S:FALSE	S:TRUE	S:FALSE	S:RNF121	S:TRUE	S:TRUE	S:TRUE
S:Acin1	D:0.347921601866846	D:0.000825160963298349	D:0.00876432011595744	D:0.043003643002077	D:0.670459722701054	D:0.836871305837446	D:0.304917958864769	D:0.034885751949592	D:0.848575861287437	D:12	S:TRUE	S:FALSE	S:TRUE	S:FALSE	S:ACIN1	S:TRUE	S:TRUE	S:TRUE
S:Iqsec3	D:0.293146123117782	D:0.000949597888229753	D:0.00972248847031563	D:0.0330529584875343	D:0.701351062521811	D:0.854072993384328	D:0.260093164630248	D:0.0348910629818051	D:0.848575861287437	D:12	S:TRUE	S:FALSE	S:TRUE	S:FALSE	S:IQSEC3	S:TRUE	S:TRUE	S:TRUE
S:Gm14290	D:0.413499183872197	D:0.00000154418359185485	D:0.0000579125530320257	D:0.169176964917448	D:0.0388122985592572	D:0.180853967399294	D:0.244322218954749	D:0.0348955809611486	D:0.848575861287437	D:12	S:TRUE	S:FALSE	S:TRUE	S:FALSE	S:GM14290	S:TRUE	S:TRUE	S:TRUE
S:2310079f23rik	D:0.328913230495743	D:0.00496969291865803	D:0.0347100948418029	D:-0.0203772851758517	D:0.861855370413919	D:0.939657763583648	D:0.349290515671594	D:0.0351663637510522	D:0.848575861287437	D:12	S:TRUE	S:FALSE	S:TRUE	S:FALSE	S:2310079F23RIK	S:TRUE	S:TRUE	S:TRUE
S:Fras1	D:0.479737552521979	D:0.0000219114123497618	D:0.000487983780905974	D:0.155054349293474	D:0.15247242203725	D:0.397298969902226	D:0.324683203228505	D:0.0352326936906849	D:0.848575861287437	D:12	S:TRUE	S:FALSE	S:TRUE	S:FALSE	S:FRAS1	S:TRUE	S:TRUE	S:TRUE
S:Zim1	D:1.02492908951571	D:0.00000145733893695337	D:0.000055265688230484	D:0.42109917340184	D:0.0387056733534158	D:0.180645129181194	D:0.603829916113867	D:0.0355029025872421	D:0.848575861287437	D:12	S:TRUE	S:FALSE	S:TRUE	S:FALSE	S:ZIM1	S:TRUE	S:TRUE	S:TRUE
S:Gm12404	D:0.623780683173817	D:0.00422115281234095	D:0.0306892934108958	D:-0.00111923039476158	D:0.995581594300822	D:0.998308600521244	D:0.624899913568579	D:0.0355754084521676	D:0.848575861287437	D:12	S:TRUE	S:FALSE	S:TRUE	S:FALSE	S:GM12404	S:TRUE	S:TRUE	S:TRUE
S:Atxn7l1	D:0.167406927022851	D:0.0017300001138482	D:0.0155163730073274	D:0.0109504987344131	D:0.833392060821344	D:0.925767334395498	D:0.156456428288438	D:0.0356744844466149	D:0.848575861287437	D:12	S:TRUE	S:FALSE	S:TRUE	S:FALSE	S:ATXN7L1	S:TRUE	S:TRUE	S:TRUE
S:Garnl3	D:0.30504290685799	D:0.000303311202017002	D:0.00400586155563283	D:0.0602266316430189	D:0.46113524889361	D:0.702699417605946	D:0.244816275214971	D:0.0359674833084083	D:0.848575861287437	D:12	S:TRUE	S:FALSE	S:TRUE	S:FALSE	S:GARNL3	S:TRUE	S:TRUE	S:TRUE
S:Tbc1d8	D:0.355645863547439	D:0.00012931542181543	D:0.00202853830365891	D:0.0846590652547339	D:0.354791298896223	D:0.616740014903714	D:0.270986798292705	D:0.0360140610730552	D:0.848575861287437	D:12	S:TRUE	S:FALSE	S:TRUE	S:FALSE	S:TBC1D8	S:TRUE	S:TRUE	S:TRUE
S:Vav3	D:0.543489739407271	D:0.0000451188676664344	D:0.000875698370708536	D:0.157629785101124	D:0.230615093999888	D:0.494924584297656	D:0.385859954306147	D:0.0368895549194716	D:0.848575861287437	D:12	S:TRUE	S:FALSE	S:TRUE	S:FALSE	S:VAV3	S:TRUE	S:TRUE	S:TRUE
S:Sft2d1	D:0.41424543479244	D:0.0000646903290959276	D:0.00117389280115536	D:0.119793982834566	D:0.223103359166991	D:0.486937701802087	D:0.294451451957874	D:0.0369739354155282	D:0.848575861287437	D:12	S:TRUE	S:FALSE	S:TRUE	S:FALSE	S:SFT2D1	S:TRUE	S:TRUE	S:TRUE
S:Shisa7	D:0.483140078915732	D:0.0000000186171732576188	D:0.00000127019526190846	D:0.248429807891898	D:0.00215023692034745	D:0.0267691646561821	D:0.234710271023834	D:0.0376599990169925	D:0.848575861287437	D:12	S:TRUE	S:TRUE	S:TRUE	S:FALSE	S:SHISA7	S:TRUE	S:TRUE	S:TRUE
S:Pde4a	D:0.48979951024419	D:0.0000404935114955151	D:0.000804924457513903	D:0.151302708179053	D:0.186885966300033	D:0.443619923651127	D:0.338496802065137	D:0.038089847384829	D:0.848575861287437	D:12	S:TRUE	S:FALSE	S:TRUE	S:FALSE	S:PDE4A	S:TRUE	S:TRUE	S:TRUE
S:Hivep3	D:0.536045594881044	D:0.00000244976012159081	D:0.0000841709147181892	D:0.217764916216685	D:0.0449234412598602	D:0.196830839904351	D:0.318280678664358	D:0.038159794828078	D:0.848575861287437	D:12	S:TRUE	S:FALSE	S:TRUE	S:FALSE	S:HIVEP3	S:TRUE	S:TRUE	S:TRUE
S:Htr1f	D:0.51912175765724	D:0.00297718384086092	D:0.0236961387313352	D:0.0101984079029172	D:0.95303815132926	D:0.982433691205622	D:0.508923349754323	D:0.0385299920740835	D:0.848575861287437	D:12	S:TRUE	S:FALSE	S:TRUE	S:FALSE	S:HTR1F	S:TRUE	S:TRUE	S:TRUE
S:Uggt1	D:0.263239455890646	D:0.000105260036667762	D:0.00172560110251958	D:0.0706297417446207	D:0.28129401576163	D:0.547110382454837	D:0.192609714146025	D:0.039136795558185	D:0.848575861287437	D:12	S:TRUE	S:FALSE	S:TRUE	S:FALSE	S:UGGT1	S:TRUE	S:TRUE	S:TRUE
S:Snx30	D:0.178421756510237	D:0.00218493331426939	D:0.0187259452013961	D:0.0109030521863858	D:0.847918028984816	D:0.932357751063323	D:0.167518704323851	D:0.0392784612196636	D:0.848575861287437	D:12	S:TRUE	S:FALSE	S:TRUE	S:FALSE	S:SNX30	S:TRUE	S:TRUE	S:TRUE
S:Mmaa	D:0.291503891888973	D:0.000207391459603106	D:0.0029435683503008	D:0.0700244108897259	D:0.355066768873316	D:0.617150205459638	D:0.221479480999247	D:0.0406292157963345	D:0.857199005456215	D:12	S:TRUE	S:FALSE	S:TRUE	S:FALSE	S:MMAA	S:TRUE	S:TRUE	S:TRUE
S:Ralgapa2	D:0.342244223747124	D:0.0000328597718532568	D:0.000684534767247046	D:0.111887358005692	D:0.157723412397824	D:0.405107774996482	D:0.230356865741432	D:0.0407986074238084	D:0.857199005456215	D:12	S:TRUE	S:FALSE	S:TRUE	S:FALSE	S:RALGAPA2	S:TRUE	S:TRUE	S:TRUE
S:Utp20	D:0.198015336070523	D:0.00730098775528012	D:0.04667374496256	D:-0.0144984995630768	D:0.842773451169356	D:0.929822800123372	D:0.2125138356336	D:0.0410661668622608	D:0.857199005456215	D:12	S:TRUE	S:FALSE	S:TRUE	S:FALSE	S:UTP20	S:TRUE	S:TRUE	S:TRUE
S:Trio	D:0.440316115107007	D:0.0000000358561114813721	D:0.00000220526028240578	D:0.225112216168309	D:0.00285730847310014	D:0.0324731270359343	D:0.215203898938698	D:0.0411226601030122	D:0.857199005456215	D:12	S:TRUE	S:TRUE	S:TRUE	S:FALSE	S:TRIO	S:TRUE	S:TRUE	S:TRUE
S:Ccpg1	D:0.409424601880744	D:0.000030499640442514	D:0.000642218844034824	D:0.134881795196785	D:0.154685496655303	D:0.400664157782237	D:0.274542806683959	D:0.0411254554164426	D:0.857199005456215	D:12	S:TRUE	S:FALSE	S:TRUE	S:FALSE	S:CCPG1	S:TRUE	S:TRUE	S:TRUE
S:Syne1	D:0.385268930436988	D:0.00000770687466359646	D:0.000210510856195859	D:0.147129478251877	D:0.0739410135390609	D:0.265209916330185	D:0.238139452185111	D:0.0413817924080559	D:0.857199005456215	D:12	S:TRUE	S:FALSE	S:TRUE	S:FALSE	S:SYNE1	S:TRUE	S:TRUE	S:TRUE
S:Ercc6	D:0.275462914505225	D:0.000122656116911538	D:0.00193769380245285	D:0.0749395903785421	D:0.279404280369622	D:0.54514609350858	D:0.200523324126682	D:0.0421433597789927	D:0.860938046415762	D:12	S:TRUE	S:FALSE	S:TRUE	S:FALSE	S:ERCC6	S:TRUE	S:TRUE	S:TRUE
S:Calr	D:0.724446571891551	D:0.0000000000000000000144304685721591	D:0.0000000000000000450923281942828	D:0.546750493901697	D:0.0000000000000255417319220701	D:0.0000000000234743540912014	D:0.177696077989854	D:0.0422116029619526	D:0.860938046415762	D:12	S:TRUE	S:TRUE	S:TRUE	S:FALSE	S:CALR	S:TRUE	S:TRUE	S:TRUE
S:Odz4	D:0.403395665061421	D:0.0000192652314075056	D:0.000439416022643601	D:0.142180624618177	D:0.116367036169982	D:0.3418801378563	D:0.261215040443243	D:0.0422276484718086	D:0.860938046415762	D:12	S:TRUE	S:FALSE	S:TRUE	S:FALSE	S:ODZ4	S:TRUE	S:TRUE	S:TRUE
S:Lig3	D:0.254141118615689	D:0.000379709300971967	D:0.00475748044778348	D:0.0528395751210082	D:0.448023191849488	D:0.692895101724797	D:0.201301543494681	D:0.0423222361746176	D:0.860938046415762	D:12	S:TRUE	S:FALSE	S:TRUE	S:FALSE	S:LIG3	S:TRUE	S:TRUE	S:TRUE
S:Sorl1	D:0.543619418857368	D:0.00000000167029591343227	D:0.000000155337519949201	D:0.306466201532913	D:0.000288602280280193	D:0.00621761719676977	D:0.237153217324455	D:0.0423746388692858	D:0.860938046415762	D:12	S:TRUE	S:TRUE	S:TRUE	S:FALSE	S:SORL1	S:TRUE	S:TRUE	S:TRUE
S:Zfhx2	D:0.624104986715892	D:0.00174400882028892	D:0.0156240790184599	D:0.0657468040432532	D:0.731923711476296	D:0.873134812831857	D:0.558358182672639	D:0.0430619480756053	D:0.86225424647009	D:12	S:TRUE	S:FALSE	S:TRUE	S:FALSE	S:ZFHX2	S:TRUE	S:TRUE	S:TRUE
S:Chd2	D:0.298056855318712	D:0.0000646509912448923	D:0.00117389280115536	D:0.0915341925117961	D:0.202497358896658	D:0.462952697600438	D:0.206522662806916	D:0.0433652872418303	D:0.86225424647009	D:12	S:TRUE	S:FALSE	S:TRUE	S:FALSE	S:CHD2	S:TRUE	S:TRUE	S:TRUE
S:Zdhhc5	D:0.3736596646699	D:0.000000000891225470117742	D:0.0000000916085970073658	D:0.214359513031247	D:0.000184846454811589	D:0.0044775829612035	D:0.159300151638653	D:0.0434363334823427	D:0.86225424647009	D:12	S:TRUE	S:TRUE	S:TRUE	S:FALSE	S:ZDHHC5	S:TRUE	S:TRUE	S:TRUE
S:Kidins220	D:0.167691337946483	D:0.000702867770541395	D:0.00778285332880138	D:0.0291274935824255	D:0.544460636269895	D:0.75933375770481	D:0.138563844364057	D:0.043487354247891	D:0.86225424647009	D:12	S:TRUE	S:FALSE	S:TRUE	S:FALSE	S:KIDINS220	S:TRUE	S:TRUE	S:TRUE
S:Arhgef7	D:0.429987389648034	D:0.0000000000441096778698913	D:0.00000000707333193776351	D:0.262541971468471	D:0.0000165566335277051	D:0.00074979954271555	D:0.167445418179564	D:0.0435083454872003	D:0.86225424647009	D:12	S:TRUE	S:TRUE	S:TRUE	S:FALSE	S:ARHGEF7	S:TRUE	S:TRUE	S:TRUE
S:Nfil3	D:1.20578725453608	D:0.000000000139915695232065	D:0.0000000193455117018212	D:0.715447427433013	D:0.0000729028233749478	D:0.00228651916630273	D:0.490339827103064	D:0.0443384211182825	D:0.867013130853625	D:12	S:TRUE	S:TRUE	S:TRUE	S:FALSE	S:NFIL3	S:TRUE	S:TRUE	S:TRUE
S:Tmem91	D:0.631695996603152	D:0.0006237145151985	D:0.0071040712208469	D:0.103329544897094	D:0.585621644019577	D:0.787039677316206	D:0.528366451706058	D:0.0448430745684483	D:0.868323096003909	D:12	S:TRUE	S:FALSE	S:TRUE	S:FALSE	S:TMEM91	S:TRUE	S:TRUE	S:TRUE
S:Gm16310	D:1.77224462309818	D:0.000035693600967035	D:0.000728989309162031	D:0.705725468956228	D:0.0345118157200959	D:0.169472844454153	D:1.06651915414196	D:0.0448569904618769	D:0.868323096003909	D:12	S:TRUE	S:FALSE	S:TRUE	S:FALSE	S:GM16310	S:TRUE	S:TRUE	S:TRUE
S:Dnajc1	D:0.562312236564706	D:0.0000000638138216578166	D:0.00000362555327120628	D:0.287858439897926	D:0.00325055359562258	D:0.0356147611346475	D:0.27445379666678	D:0.0451988923670008	D:0.868323096003909	D:12	S:TRUE	S:TRUE	S:TRUE	S:FALSE	S:DNAJC1	S:TRUE	S:TRUE	S:TRUE
S:Tbc1d1	D:0.196138088592216	D:0.00326584392982503	D:0.0254111282667262	D:0.0106310341856757	D:0.869262917526618	D:0.943103905461189	D:0.18550705440654	D:0.0454326175210793	D:0.868323096003909	D:12	S:TRUE	S:FALSE	S:TRUE	S:FALSE	S:TBC1D1	S:TRUE	S:TRUE	S:TRUE
S:Mpdz	D:0.382203225007247	D:0.0000000456650921941592	D:0.00000269234490732658	D:0.19800108063222	D:0.00272737273426169	D:0.031471544756355	D:0.184202144375027	D:0.0457735022889993	D:0.868323096003909	D:12	S:TRUE	S:TRUE	S:TRUE	S:FALSE	S:MPDZ	S:TRUE	S:TRUE	S:TRUE
S:A330023f24rik	D:0.684771812546687	D:0.00000429374992024316	D:0.000129508781378145	D:0.283142565149798	D:0.0464960421839428	D:0.201190293563503	D:0.401629247396889	D:0.045922950586467	D:0.868861907652507	D:12	S:TRUE	S:FALSE	S:TRUE	S:FALSE	S:A330023F24RIK	S:TRUE	S:TRUE	S:TRUE
S:Wdfy3	D:0.290931459078001	D:0.000206914836936194	D:0.00294161729962792	D:0.0752269117205397	D:0.321241664858994	D:0.585549929218581	D:0.215704547357461	D:0.0459495300389921	D:0.868861907652507	D:12	S:TRUE	S:FALSE	S:TRUE	S:FALSE	S:WDFY3	S:TRUE	S:TRUE	S:TRUE
S:Gcdh	D:0.186355332681128	D:0.00395870121005105	D:0.0292162247075284	D:0.00578464138011014	D:0.92749711658706	D:0.970740551283242	D:0.180570691301018	D:0.0463348030713082	D:0.868861907652507	D:12	S:TRUE	S:FALSE	S:TRUE	S:FALSE	S:GCDH	S:TRUE	S:TRUE	S:TRUE
S:Smpd4	D:0.458387170059447	D:0.000145045054546995	D:0.00221523356035411	D:0.128583078028549	D:0.26962483587219	D:0.534325017207902	D:0.329804092030898	D:0.0468512439501125	D:0.868861907652507	D:12	S:TRUE	S:FALSE	S:TRUE	S:FALSE	S:SMPD4	S:TRUE	S:TRUE	S:TRUE
S:Peg10	D:0.953582379994495	D:0.0000000206078263338686	D:0.00000137596871213831	D:0.505773131895359	D:0.00194722051579634	D:0.0251017931838301	D:0.447809248099136	D:0.0469832945683346	D:0.868861907652507	D:12	S:TRUE	S:TRUE	S:TRUE	S:FALSE	S:PEG10	S:TRUE	S:TRUE	S:TRUE
S:Cramp1l	D:0.168850530260524	D:0.00529029528793737	D:0.0364636489204885	D:0.000371090764472726	D:0.995015351426332	D:0.998075864698364	D:0.168479439496052	D:0.046998261658985	D:0.868861907652507	D:12	S:TRUE	S:FALSE	S:TRUE	S:FALSE	S:CRAMP1L	S:TRUE	S:TRUE	S:TRUE
S:Notch4	D:0.71580771461247	D:0.00003206132242786	D:0.000670583804033313	D:0.251275021014977	D:0.125934238923331	D:0.358200718903718	D:0.464532693597492	D:0.0471932207230143	D:0.868861907652507	D:12	S:TRUE	S:FALSE	S:TRUE	S:FALSE	S:NOTCH4	S:TRUE	S:TRUE	S:TRUE
S:Dpf2	D:0.331678678587489	D:0.00180188619679798	D:0.0160780525064373	D:0.0376587727327706	D:0.717046984042123	D:0.863302962514603	D:0.294019905854719	D:0.047284439207022	D:0.868861907652507	D:12	S:TRUE	S:FALSE	S:TRUE	S:FALSE	S:DPF2	S:TRUE	S:TRUE	S:TRUE
S:Kdm5c	D:0.350931321785433	D:0.0000535733435154249	D:0.00101090569937801	D:0.11394365514168	D:0.177436063030988	D:0.431010735198408	D:0.236987666643753	D:0.0473816886507864	D:0.868861907652507	D:12	S:TRUE	S:FALSE	S:TRUE	S:FALSE	S:KDM5C	S:TRUE	S:TRUE	S:TRUE
S:Zfp27	D:0.151279543216782	D:0.00604696625275905	D:0.0405136366780049	D:-0.00293689038850519	D:0.957466809975257	D:0.984240487425677	D:0.154216433605288	D:0.047851891349291	D:0.869270544261632	D:12	S:TRUE	S:FALSE	S:TRUE	S:FALSE	S:ZFP27	S:TRUE	S:TRUE	S:TRUE
S:Sema5b	D:0.781082489009431	D:0.000649718911143152	D:0.00732939225104736	D:0.146379240069017	D:0.519645000090316	D:0.742970062541972	D:0.634703248940415	D:0.0479741386120307	D:0.869270544261632	D:12	S:TRUE	S:FALSE	S:TRUE	S:FALSE	S:SEMA5B	S:TRUE	S:TRUE	S:TRUE
S:Pop1	D:0.399790945531555	D:0.00011488196720454	D:0.00184612210609254	D:0.115664255874556	D:0.255972727023764	D:0.521355479992085	D:0.284126689656999	D:0.0480135264431376	D:0.869270544261632	D:12	S:TRUE	S:FALSE	S:TRUE	S:FALSE	S:POP1	S:TRUE	S:TRUE	S:TRUE
S:Bc068281	D:0.445858433838566	D:0.000093350310684608	D:0.00157505966969364	D:0.130990647382386	D:0.249530763736558	D:0.515560520050248	D:0.31486778645618	D:0.0480924096428715	D:0.869270544261632	D:12	S:TRUE	S:FALSE	S:TRUE	S:FALSE	S:BC068281	S:TRUE	S:TRUE	S:TRUE
S:Gatsl2	D:0.32257395753098	D:0.000416796664186376	D:0.00511148436518676	D:0.0731514698557465	D:0.409094072073237	D:0.662900412992352	D:0.249422487675234	D:0.0484177211602268	D:0.869270544261632	D:12	S:TRUE	S:FALSE	S:TRUE	S:FALSE	S:GATSL2	S:TRUE	S:TRUE	S:TRUE
S:2310058d17rik	D:0.688152076401231	D:0.00000298936701973082	D:0.000098121576294694	D:0.29770141027772	D:0.0348217492970822	D:0.170229978416024	D:0.390450666123511	D:0.0496169406616007	D:0.869270544261632	D:12	S:TRUE	S:FALSE	S:TRUE	S:FALSE	S:2310058D17RIK	S:TRUE	S:TRUE	S:TRUE
S:Tm6sf2	D:1.45398369246741	D:0.000162835966900436	D:0.00242934404717984	D:0.356731753667674	D:0.386292970476247	D:0.643914066489399	D:1.09725193879973	D:0.0498713425029729	D:0.869270544261632	D:12	S:TRUE	S:FALSE	S:TRUE	S:FALSE	S:TM6SF2	S:TRUE	S:TRUE	S:TRUE
S:Hist2h4	D:1.03509455283256	D:0.00000439864837985138	D:0.00013216246593615	D:0.432325531515107	D:0.0488765631799596	D:0.206950521171732	D:0.602769021317453	D:0.0499347544552262	D:0.869270544261632	D:12	S:TRUE	S:FALSE	S:TRUE	S:FALSE	S:HIST2H4	S:TRUE	S:TRUE	S:TRUE
