#start_row=1	cols=23
S:Source	S:derived by code/R/scripts/08_export_round2_supplementary_data.R	N:	N:	N:	N:	N:	N:	N:	N:	N:	N:	N:	N:	N:	N:	N:	N:	N:	N:	N:	N:	N:
S:Description	S:Supplementary Fig. 6e SACS x aging-attenuated SD-response overlap. The final figure reports OR = 2.22 and p < 0.0001; exact recomputation from the displayed set counts and 15,624-gene tested universe is also supplied.	N:	N:	N:	N:	N:	N:	N:	N:	N:	N:	N:	N:	N:	N:	N:	N:	N:	N:	N:	N:	N:
N:	N:	N:	N:	N:	N:	N:	N:	N:	N:	N:	N:	N:	N:	N:	N:	N:	N:	N:	N:	N:	N:	N:
S:universe_n	S:SACS_n	S:aging_attenuated_SD_response_n	S:overlap_n	S:SACS_only_n	S:aging_attenuated_only_n	S:background_only_n	S:recomputed_fisher_OR	S:recomputed_fisher_p	S:alternative	S:figure_reported_OR	S:figure_reported_p_label	S:SACS_definition	S:response_definition	S:background_universe	N:	N:	N:	N:	N:	N:	N:	N:
D:15624	D:553	D:1404	D:98	D:455	D:1306	D:13765	D:2.269942	D:3.373008e-11	S:greater	D:2.22	S:p < 0.0001	S:acute SD logFC > 0 and FDR < 0.05; acute SD logFC - chronic SF logFC > 0; brain RNA aging slope < 0 and nominal p < 0.05	S:young SD logFC > 0 and young FDR < 0.05 with attenuation logFC > 0 and nominal p < 0.05 at one or more durations	S:15,624 unique genes tested across the GSE128770 young-versus-old SD time-course models	N:	N:	N:	N:	N:	N:	N:	N:
N:	N:	N:	N:	N:	N:	N:	N:	N:	N:	N:	N:	N:	N:	N:	N:	N:	N:	N:	N:	N:	N:	N:
N:	N:	N:	N:	N:	N:	N:	N:	N:	N:	N:	N:	N:	N:	N:	N:	N:	N:	N:	N:	N:	N:	N:
S:Source	S:source_data/GSE128770 plus the finalized 553-gene SACS table in SF6a	N:	N:	N:	N:	N:	N:	N:	N:	N:	N:	N:	N:	N:	N:	N:	N:	N:	N:	N:	N:	N:
S:Description	S:Full duration-resolved aging-attenuated SD-response list with SACS and overlap membership flags (1,404 unique response genes; 98 unique overlap genes).	N:	N:	N:	N:	N:	N:	N:	N:	N:	N:	N:	N:	N:	N:	N:	N:	N:	N:	N:	N:	N:
N:	N:	N:	N:	N:	N:	N:	N:	N:	N:	N:	N:	N:	N:	N:	N:	N:	N:	N:	N:	N:	N:	N:
S:gene	S:gene_upper	S:time_hr	S:young_logFC	S:young_P.Value	S:young_adj.P.Val	S:old_logFC	S:old_P.Value	S:old_adj.P.Val	S:attenuation_logFC	S:attenuation_P.Value	S:attenuation_adj.P.Val	S:young_induced	S:old_induced	S:attenuated_nominal	S:attenuated_fdr10	S:aging_attenuated_SD_responding	S:in_SACS	S:in_SACS_and_aging_attenuated	N:	N:	N:	N:
S:Txnrd1	S:TXNRD1	S: 3	D:0.3281417	D:5.687752e-10	D:1.035354e-07	S: 9.231561e-02	D:5.407071e-02	D:1.478475e-01	D:0.2358260	D:6.773773e-04	D:2.785090e-01	S:TRUE	S:FALSE	S:TRUE	S:FALSE	S:TRUE	S:FALSE	S:FALSE	N:	N:	N:	N:
S:Dhrs13	S:DHRS13	S: 3	D:0.5102328	D:1.817477e-03	D:1.618701e-02	D:-2.635514e-01	D:1.175312e-01	D:2.476811e-01	D:0.7737842	D:1.131481e-03	D:3.682970e-01	S:TRUE	S:FALSE	S:TRUE	S:FALSE	S:TRUE	S:FALSE	S:FALSE	N:	N:	N:	N:
S:Mmd2	S:MMD2	S: 3	D:0.1780682	D:1.952485e-04	D:3.005480e-03	D:-3.889148e-02	D:3.997608e-01	D:5.595649e-01	D:0.2169597	D:1.204440e-03	D:3.689839e-01	S:TRUE	S:FALSE	S:TRUE	S:FALSE	S:TRUE	S:FALSE	S:FALSE	N:	N:	N:	N:
S:Derl1	S:DERL1	S: 3	D:0.1713252	D:6.339563e-04	D:7.408327e-03	D:-4.931341e-02	D:3.086764e-01	D:4.684111e-01	D:0.2206386	D:1.708699e-03	D:4.297513e-01	S:TRUE	S:FALSE	S:TRUE	S:FALSE	S:TRUE	S:FALSE	S:FALSE	N:	N:	N:	N:
S:Sostdc1	S:SOSTDC1	S: 3	D:0.9279474	D:5.546015e-03	D:3.598461e-02	D:-5.739479e-01	D:8.705092e-02	D:2.033314e-01	D:1.5018953	D:1.732868e-03	D:4.297513e-01	S:TRUE	S:FALSE	S:TRUE	S:FALSE	S:TRUE	S:FALSE	S:FALSE	N:	N:	N:	N:
S:5430417l22rik	S:5430417L22RIK	S: 3	D:0.2426287	D:7.720424e-04	D:8.628320e-03	D:-6.306952e-02	D:3.670081e-01	D:5.272767e-01	D:0.3056982	D:2.534985e-03	D:4.659600e-01	S:TRUE	S:FALSE	S:TRUE	S:FALSE	S:TRUE	S:FALSE	S:FALSE	N:	N:	N:	N:
S:Cklf	S:CKLF	S: 3	D:0.6409032	D:7.740260e-03	D:4.485676e-02	D:-3.525366e-01	D:1.178449e-01	D:2.480745e-01	D:0.9934398	D:2.869965e-03	D:4.888697e-01	S:TRUE	S:FALSE	S:TRUE	S:FALSE	S:TRUE	S:FALSE	S:FALSE	N:	N:	N:	N:
S:Ltv1	S:LTV1	S: 3	D:0.2903530	D:2.017153e-04	D:3.075789e-03	D:-2.669132e-02	D:7.256317e-01	D:8.232531e-01	D:0.3170443	D:3.758534e-03	D:5.476523e-01	S:TRUE	S:FALSE	S:TRUE	S:FALSE	S:TRUE	S:FALSE	S:FALSE	N:	N:	N:	N:
S:Prkag2	S:PRKAG2	S: 3	D:0.1742008	D:1.294908e-03	D:1.276445e-02	D:-4.271664e-02	D:4.178079e-01	D:5.762562e-01	D:0.2169174	D:4.357298e-03	D:5.520283e-01	S:TRUE	S:FALSE	S:TRUE	S:FALSE	S:TRUE	S:FALSE	S:FALSE	N:	N:	N:	N:
S:Gramd3	S:GRAMD3	S: 3	D:0.3269566	D:2.136871e-05	D:5.411098e-04	S: 2.245195e-02	D:7.632654e-01	D:8.473254e-01	D:0.3045047	D:4.360403e-03	D:5.520283e-01	S:TRUE	S:FALSE	S:TRUE	S:FALSE	S:TRUE	S:FALSE	S:FALSE	N:	N:	N:	N:
S:Fam65b	S:FAM65B	S: 3	D:0.2405977	D:7.575522e-04	D:8.520912e-03	D:-4.373289e-02	D:5.289512e-01	D:6.718971e-01	D:0.2843306	D:4.541202e-03	D:5.520283e-01	S:TRUE	S:FALSE	S:TRUE	S:FALSE	S:TRUE	S:FALSE	S:FALSE	N:	N:	N:	N:
S:Pard3	S:PARD3	S: 3	D:0.2858322	D:1.271851e-03	D:1.257684e-02	D:-5.723036e-02	D:4.913323e-01	D:6.405153e-01	D:0.3430625	D:5.025860e-03	D:5.649211e-01	S:TRUE	S:FALSE	S:TRUE	S:FALSE	S:TRUE	S:FALSE	S:FALSE	N:	N:	N:	N:
S:Lsm12	S:LSM12	S: 3	D:0.1616000	D:5.062296e-03	D:3.351412e-02	D:-6.403257e-02	D:2.501522e-01	D:4.079726e-01	D:0.2256326	D:5.236544e-03	D:5.742186e-01	S:TRUE	S:FALSE	S:TRUE	S:FALSE	S:TRUE	S:FALSE	S:FALSE	N:	N:	N:	N:
S:Psmd11	S:PSMD11	S: 3	D:0.1581955	D:6.095597e-04	D:7.182323e-03	D:-2.192463e-02	D:6.239344e-01	D:7.488731e-01	D:0.1801201	D:5.264723e-03	D:5.742186e-01	S:TRUE	S:FALSE	S:TRUE	S:FALSE	S:TRUE	S:FALSE	S:FALSE	N:	N:	N:	N:
S:Zcchc24	S:ZCCHC24	S: 3	D:0.3986533	D:1.376870e-05	D:3.774072e-04	S: 5.208065e-02	D:5.484671e-01	D:6.872995e-01	D:0.3465726	D:5.742826e-03	D:5.825641e-01	S:TRUE	S:FALSE	S:TRUE	S:FALSE	S:TRUE	S:FALSE	S:FALSE	N:	N:	N:	N:
S:Med26	S:MED26	S: 3	D:0.3959989	D:4.854184e-03	D:3.255533e-02	D:-1.215406e-01	D:3.608233e-01	D:5.210360e-01	D:0.5175394	D:7.895252e-03	D:6.715405e-01	S:TRUE	S:FALSE	S:TRUE	S:FALSE	S:TRUE	S:FALSE	S:FALSE	N:	N:	N:	N:
S:Cenpf	S:CENPF	S: 3	D:0.8447206	D:6.210229e-03	D:3.868764e-02	D:-4.020153e-01	D:2.907789e-01	D:4.497416e-01	D:1.2467358	D:1.153778e-02	D:7.501818e-01	S:TRUE	S:FALSE	S:TRUE	S:FALSE	S:TRUE	S:FALSE	S:FALSE	N:	N:	N:	N:
S:Pcbp1	S:PCBP1	S: 3	D:0.2113806	D:1.024768e-03	D:1.074562e-02	D:-1.518057e-02	D:8.081134e-01	D:8.782198e-01	D:0.2265612	D:1.175165e-02	D:7.501818e-01	S:TRUE	S:FALSE	S:TRUE	S:FALSE	S:TRUE	S:FALSE	S:FALSE	N:	N:	N:	N:
S:Enoph1	S:ENOPH1	S: 3	D:0.2801127	D:7.657583e-04	D:8.581335e-03	D:-8.725838e-03	D:9.123467e-01	D:9.445074e-01	D:0.2888386	D:1.207290e-02	D:7.501818e-01	S:TRUE	S:FALSE	S:TRUE	S:FALSE	S:TRUE	S:FALSE	S:FALSE	N:	N:	N:	N:
S:Ccrl1	S:CCRL1	S: 3	D:1.2260955	D:7.062260e-03	D:4.225829e-02	D:-3.518548e-01	D:4.118822e-01	D:5.708490e-01	D:1.5779503	D:1.209971e-02	D:7.501818e-01	S:TRUE	S:FALSE	S:TRUE	S:FALSE	S:TRUE	S:FALSE	S:FALSE	N:	N:	N:	N:
S:Errfi1	S:ERRFI1	S: 3	D:0.4421855	D:9.212455e-08	D:6.886861e-06	S: 1.668750e-01	D:3.114677e-02	D:1.023543e-01	D:0.2753105	D:1.241387e-02	D:7.647111e-01	S:TRUE	S:FALSE	S:TRUE	S:FALSE	S:TRUE	S:FALSE	S:FALSE	N:	N:	N:	N:
S:Sec31a	S:SEC31A	S: 3	D:0.3082976	D:6.274291e-05	D:1.264897e-03	S: 4.541755e-02	D:5.376207e-01	D:6.789901e-01	D:0.2628801	D:1.309946e-02	D:7.647111e-01	S:TRUE	S:FALSE	S:TRUE	S:FALSE	S:TRUE	S:FALSE	S:FALSE	N:	N:	N:	N:
S:Lace1	S:LACE1	S: 3	D:0.1964460	D:6.157759e-03	D:3.850420e-02	D:-5.261704e-02	D:4.488938e-01	D:6.024322e-01	D:0.2490630	D:1.310230e-02	D:7.647111e-01	S:TRUE	S:FALSE	S:TRUE	S:FALSE	S:TRUE	S:FALSE	S:FALSE	N:	N:	N:	N:
S:2310046k01rik	S:2310046K01RIK	S: 3	D:1.1191772	D:1.513760e-05	D:4.106074e-04	S: 2.653671e-01	D:2.612768e-01	D:4.195466e-01	D:0.8538101	D:1.362744e-02	D:7.647111e-01	S:TRUE	S:FALSE	S:TRUE	S:FALSE	S:TRUE	S:FALSE	S:FALSE	N:	N:	N:	N:
S:Ryk	S:RYK	S: 3	D:0.2516180	D:3.566818e-05	D:8.207358e-04	S: 4.665278e-02	D:4.193806e-01	D:5.777623e-01	D:0.2049653	D:1.379582e-02	D:7.647111e-01	S:TRUE	S:FALSE	S:TRUE	S:FALSE	S:TRUE	S:FALSE	S:FALSE	N:	N:	N:	N:
S:Ppfibp2	S:PPFIBP2	S: 3	D:0.3674049	D:7.007981e-03	D:4.205487e-02	D:-8.155496e-02	D:5.225569e-01	D:6.663330e-01	D:0.4489599	D:1.662712e-02	D:7.912278e-01	S:TRUE	S:FALSE	S:TRUE	S:FALSE	S:TRUE	S:FALSE	S:FALSE	N:	N:	N:	N:
S:Rab8a	S:RAB8A	S: 3	D:0.3252858	D:8.266445e-06	D:2.503003e-04	S: 8.641200e-02	D:2.199435e-01	D:3.755626e-01	D:0.2388738	D:1.695661e-02	D:7.932039e-01	S:TRUE	S:FALSE	S:TRUE	S:FALSE	S:TRUE	S:FALSE	S:FALSE	N:	N:	N:	N:
S:Plcg2	S:PLCG2	S: 3	D:0.5774163	D:3.909521e-03	D:2.804516e-02	D:-7.418890e-02	D:6.911834e-01	D:7.979201e-01	D:0.6516052	D:1.762571e-02	D:7.963509e-01	S:TRUE	S:FALSE	S:TRUE	S:FALSE	S:TRUE	S:FALSE	S:FALSE	N:	N:	N:	N:
S:S100a7a	S:S100A7A	S: 3	D:1.7869339	D:5.759664e-04	D:6.864149e-03	S: 2.345284e-01	D:5.628967e-01	D:6.988239e-01	D:1.5524055	D:1.785982e-02	D:7.963509e-01	S:TRUE	S:FALSE	S:TRUE	S:FALSE	S:TRUE	S:FALSE	S:FALSE	N:	N:	N:	N:
S:Ankrd6	S:ANKRD6	S: 3	D:0.7078381	D:1.266480e-11	D:4.038260e-09	S: 3.930756e-01	D:5.345158e-05	D:1.008817e-03	D:0.3147625	D:1.803192e-02	D:7.963509e-01	S:TRUE	S:TRUE	S:TRUE	S:FALSE	S:TRUE	S:FALSE	S:FALSE	N:	N:	N:	N:
S:Ybx1	S:YBX1	S: 3	D:0.2256553	D:3.211901e-05	D:7.557642e-04	S: 4.937057e-02	D:3.443271e-01	D:5.047632e-01	D:0.1762847	D:1.808444e-02	D:7.963509e-01	S:TRUE	S:FALSE	S:TRUE	S:FALSE	S:TRUE	S:FALSE	S:FALSE	N:	N:	N:	N:
S:Adat2	S:ADAT2	S: 3	D:0.5990052	D:5.664377e-06	D:1.875005e-04	S: 1.735838e-01	D:1.710546e-01	D:3.192257e-01	D:0.4254214	D:1.823842e-02	D:7.963509e-01	S:TRUE	S:FALSE	S:TRUE	S:FALSE	S:TRUE	S:FALSE	S:FALSE	N:	N:	N:	N:
S:Layn	S:LAYN	S: 3	D:0.7281875	D:3.300720e-06	D:1.214173e-04	S: 2.201814e-01	D:1.623054e-01	D:3.080491e-01	D:0.5080061	D:2.009563e-02	D:8.328228e-01	S:TRUE	S:FALSE	S:TRUE	S:FALSE	S:TRUE	S:FALSE	S:FALSE	N:	N:	N:	N:
S:Acsf2	S:ACSF2	S: 3	D:0.3734616	D:4.774598e-03	D:3.222389e-02	D:-4.954487e-02	D:6.905420e-01	D:7.975921e-01	D:0.4230065	D:2.025130e-02	D:8.369177e-01	S:TRUE	S:FALSE	S:TRUE	S:FALSE	S:TRUE	S:FALSE	S:FALSE	N:	N:	N:	N:
S:Rnf4	S:RNF4	S: 3	D:0.2106104	D:1.349802e-05	D:3.719455e-04	S: 5.738361e-02	D:2.144613e-01	D:3.694611e-01	D:0.1532268	D:2.030157e-02	D:8.369177e-01	S:TRUE	S:FALSE	S:TRUE	S:FALSE	S:TRUE	S:FALSE	S:FALSE	N:	N:	N:	N:
S:Drd2	S:DRD2	S: 3	D:0.9220793	D:8.387676e-03	D:4.748154e-02	D:-2.227403e-01	D:5.260362e-01	D:6.694460e-01	D:1.1448196	D:2.148512e-02	D:8.415118e-01	S:TRUE	S:FALSE	S:TRUE	S:FALSE	S:TRUE	S:FALSE	S:FALSE	N:	N:	N:	N:
S:2010321m09rik	S:2010321M09RIK	S: 3	D:0.1649614	D:6.768699e-03	D:4.098998e-02	D:-2.784418e-02	D:6.468918e-01	D:7.660858e-01	D:0.1928056	D:2.553159e-02	D:8.736716e-01	S:TRUE	S:FALSE	S:TRUE	S:FALSE	S:TRUE	S:FALSE	S:FALSE	N:	N:	N:	N:
S:Zfp143	S:ZFP143	S: 3	D:0.2042675	D:5.958047e-03	D:3.762522e-02	D:-2.880935e-02	D:6.942717e-01	D:8.003616e-01	D:0.2330768	D:2.592872e-02	D:8.736716e-01	S:TRUE	S:FALSE	S:TRUE	S:FALSE	S:TRUE	S:FALSE	S:FALSE	N:	N:	N:	N:
S:Mycn	S:MYCN	S: 3	D:0.6152118	D:4.469001e-06	D:1.552027e-04	S: 2.015724e-01	D:1.309209e-01	D:2.665108e-01	D:0.4136394	D:2.607718e-02	D:8.736716e-01	S:TRUE	S:FALSE	S:TRUE	S:FALSE	S:TRUE	S:TRUE	S:TRUE	N:	N:	N:	N:
S:Jam3	S:JAM3	S: 3	D:0.2885666	D:1.654734e-03	D:1.527989e-02	S: 3.417822e-03	D:9.695595e-01	D:9.806692e-01	D:0.2851487	D:2.609977e-02	D:8.736716e-01	S:TRUE	S:FALSE	S:TRUE	S:FALSE	S:TRUE	S:FALSE	S:FALSE	N:	N:	N:	N:
S:Dbx2	S:DBX2	S: 3	D:0.4438791	D:4.566569e-06	D:1.571544e-04	S: 1.526867e-01	D:9.896731e-02	D:2.215597e-01	D:0.2911924	D:2.670071e-02	D:8.838386e-01	S:TRUE	S:FALSE	S:TRUE	S:FALSE	S:TRUE	S:FALSE	S:FALSE	N:	N:	N:	N:
S:Ctnna1	S:CTNNA1	S: 3	D:0.2403609	D:7.482445e-05	D:1.437955e-03	S: 5.683685e-02	D:3.284429e-01	D:4.885369e-01	D:0.1835241	D:2.748590e-02	D:8.909536e-01	S:TRUE	S:FALSE	S:TRUE	S:FALSE	S:TRUE	S:FALSE	S:FALSE	N:	N:	N:	N:
S:Sdc4	S:SDC4	S: 3	D:0.3708447	D:7.775549e-05	D:1.477922e-03	S: 9.085926e-02	D:3.063728e-01	D:4.658656e-01	D:0.2799855	D:2.861755e-02	D:9.014527e-01	S:TRUE	S:FALSE	S:TRUE	S:FALSE	S:TRUE	S:FALSE	S:FALSE	N:	N:	N:	N:
S:Pppde2	S:PPPDE2	S: 3	D:0.4126270	D:2.090572e-05	D:5.302451e-04	S: 1.236522e-01	D:1.829163e-01	D:3.340211e-01	D:0.2889747	D:2.900539e-02	D:9.061872e-01	S:TRUE	S:FALSE	S:TRUE	S:FALSE	S:TRUE	S:FALSE	S:FALSE	N:	N:	N:	N:
S:Adamtsl4	S:ADAMTSL4	S: 3	D:0.8819973	D:1.813339e-03	D:1.618701e-02	S: 9.487008e-02	D:6.761915e-01	D:7.878899e-01	D:0.7871273	D:2.947364e-02	D:9.114006e-01	S:TRUE	S:FALSE	S:TRUE	S:FALSE	S:TRUE	S:FALSE	S:FALSE	N:	N:	N:	N:
S:Anxa5	S:ANXA5	S: 3	D:0.2623509	D:6.797301e-04	D:7.820400e-03	S: 3.131973e-02	D:6.695509e-01	D:7.827038e-01	D:0.2310311	D:2.951809e-02	D:9.114006e-01	S:TRUE	S:FALSE	S:TRUE	S:FALSE	S:TRUE	S:FALSE	S:FALSE	N:	N:	N:	N:
S:Mthfd2	S:MTHFD2	S: 3	D:0.5814551	D:1.946401e-06	D:7.919420e-05	S: 2.259684e-01	D:5.195263e-02	D:1.437924e-01	D:0.3554867	D:3.094676e-02	D:9.117814e-01	S:TRUE	S:FALSE	S:TRUE	S:FALSE	S:TRUE	S:FALSE	S:FALSE	N:	N:	N:	N:
S:Ube2q1	S:UBE2Q1	S: 3	D:0.1745588	D:4.634294e-05	D:1.014093e-03	S: 4.796902e-02	D:2.438369e-01	D:4.016106e-01	D:0.1265897	D:3.107582e-02	D:9.117814e-01	S:TRUE	S:FALSE	S:TRUE	S:FALSE	S:TRUE	S:FALSE	S:FALSE	N:	N:	N:	N:
S:Lsg1	S:LSG1	S: 3	D:0.3470861	D:7.725351e-07	D:3.760152e-05	S: 1.480139e-01	D:2.354569e-02	D:8.471867e-02	D:0.1990722	D:3.276788e-02	D:9.246130e-01	S:TRUE	S:FALSE	S:TRUE	S:FALSE	S:TRUE	S:FALSE	S:FALSE	N:	N:	N:	N:
S:Fgfr2	S:FGFR2	S: 3	D:0.4824299	D:1.578692e-04	D:2.556009e-03	S: 1.124492e-01	D:3.554020e-01	D:5.157720e-01	D:0.3699807	D:3.432941e-02	D:9.247634e-01	S:TRUE	S:FALSE	S:TRUE	S:FALSE	S:TRUE	S:FALSE	S:FALSE	N:	N:	N:	N:
S:Bag5	S:BAG5	S: 3	D:0.2574031	D:2.976878e-05	D:7.079260e-04	S: 7.996682e-02	D:1.732654e-01	D:3.217374e-01	D:0.1774363	D:3.449883e-02	D:9.277274e-01	S:TRUE	S:FALSE	S:TRUE	S:FALSE	S:TRUE	S:FALSE	S:FALSE	N:	N:	N:	N:
S:Fcgr3	S:FCGR3	S: 3	D:0.4892537	D:1.289824e-05	D:3.592194e-04	S: 1.757354e-01	D:8.763658e-02	D:2.042735e-01	D:0.3135183	D:3.581312e-02	D:9.314279e-01	S:TRUE	S:FALSE	S:TRUE	S:FALSE	S:TRUE	S:FALSE	S:FALSE	N:	N:	N:	N:
S:Rem2	S:REM2	S: 3	D:0.6593834	D:8.427596e-04	D:9.240193e-03	S: 5.065573e-02	D:8.127648e-01	D:8.817274e-01	D:0.6087277	D:3.617648e-02	D:9.314279e-01	S:TRUE	S:FALSE	S:TRUE	S:FALSE	S:TRUE	S:FALSE	S:FALSE	N:	N:	N:	N:
S:C1ql2	S:C1QL2	S: 3	D:1.1513289	D:3.744493e-03	D:2.730964e-02	S: 3.451822e-03	D:9.927341e-01	D:9.952183e-01	D:1.1478771	D:3.654659e-02	D:9.314279e-01	S:TRUE	S:FALSE	S:TRUE	S:FALSE	S:TRUE	S:FALSE	S:FALSE	N:	N:	N:	N:
S:Clic4	S:CLIC4	S: 3	D:0.3918087	D:2.842337e-03	D:2.236086e-02	S: 8.551021e-03	D:9.467783e-01	D:9.662594e-01	D:0.3832576	D:3.659309e-02	D:9.314279e-01	S:TRUE	S:FALSE	S:TRUE	S:FALSE	S:TRUE	S:FALSE	S:FALSE	N:	N:	N:	N:
S:Zfp830	S:ZFP830	S: 3	D:0.2728535	D:2.306682e-03	D:1.929315e-02	S: 1.198606e-02	D:8.924207e-01	D:9.327167e-01	D:0.2608675	D:3.819707e-02	D:9.334267e-01	S:TRUE	S:FALSE	S:TRUE	S:FALSE	S:TRUE	S:FALSE	S:FALSE	N:	N:	N:	N:
S:Nr2e1	S:NR2E1	S: 3	D:0.2631733	D:8.911137e-04	D:9.628465e-03	S: 3.890946e-02	D:6.081668e-01	D:7.356196e-01	D:0.2242638	D:4.005623e-02	D:9.374293e-01	S:TRUE	S:FALSE	S:TRUE	S:FALSE	S:TRUE	S:FALSE	S:FALSE	N:	N:	N:	N:
S:Tmem150c	S:TMEM150C	S: 3	D:0.2965225	D:1.525843e-03	D:1.438731e-02	S: 3.041281e-02	D:7.372666e-01	D:8.302619e-01	D:0.2661097	D:4.054571e-02	D:9.378666e-01	S:TRUE	S:FALSE	S:TRUE	S:FALSE	S:TRUE	S:FALSE	S:FALSE	N:	N:	N:	N:
S:Il16	S:IL16	S: 3	D:1.0277424	D:4.997196e-03	D:3.317581e-02	D:-8.162009e-02	D:8.380431e-01	D:8.963911e-01	D:1.1093625	D:4.089461e-02	D:9.378666e-01	S:TRUE	S:FALSE	S:TRUE	S:FALSE	S:TRUE	S:FALSE	S:FALSE	N:	N:	N:	N:
S:Bpnt1	S:BPNT1	S: 3	D:0.2389349	D:4.995565e-06	D:1.689409e-04	S: 9.463784e-02	D:5.812941e-02	D:1.551177e-01	D:0.1442971	D:4.146314e-02	D:9.443441e-01	S:TRUE	S:FALSE	S:TRUE	S:FALSE	S:TRUE	S:TRUE	S:TRUE	N:	N:	N:	N:
S:Mustn1	S:MUSTN1	S: 3	D:0.9927319	D:2.204789e-03	D:1.870121e-02	S: 9.741460e-02	D:7.438320e-01	D:8.346474e-01	D:0.8953173	D:4.159459e-02	D:9.445841e-01	S:TRUE	S:FALSE	S:TRUE	S:FALSE	S:TRUE	S:FALSE	S:FALSE	N:	N:	N:	N:
S:Prdm8	S:PRDM8	S: 3	D:0.3799227	D:1.247891e-03	D:1.245022e-02	S: 4.334269e-02	D:7.123977e-01	D:8.140497e-01	D:0.3365800	D:4.245372e-02	D:9.495437e-01	S:TRUE	S:FALSE	S:TRUE	S:FALSE	S:TRUE	S:FALSE	S:FALSE	N:	N:	N:	N:
S:Nrp1	S:NRP1	S: 3	D:0.5526078	D:3.605112e-07	D:2.078460e-05	S: 2.596124e-01	D:1.182229e-02	D:5.329240e-02	D:0.2929954	D:4.321080e-02	D:9.495437e-01	S:TRUE	S:FALSE	S:TRUE	S:FALSE	S:TRUE	S:FALSE	S:FALSE	N:	N:	N:	N:
S:Ttyh1	S:TTYH1	S: 3	D:0.1518002	D:1.558142e-03	D:1.462127e-02	S: 1.695685e-02	D:7.168514e-01	D:8.169879e-01	D:0.1348434	D:4.354569e-02	D:9.509662e-01	S:TRUE	S:FALSE	S:TRUE	S:FALSE	S:TRUE	S:FALSE	S:FALSE	N:	N:	N:	N:
S:Tanc1	S:TANC1	S: 3	D:0.4838543	D:1.324021e-04	D:2.233963e-03	S: 1.410797e-01	D:2.317914e-01	D:3.878665e-01	D:0.3427746	D:4.509187e-02	D:9.565447e-01	S:TRUE	S:FALSE	S:TRUE	S:FALSE	S:TRUE	S:FALSE	S:FALSE	N:	N:	N:	N:
S:F8a	S:F8A	S: 3	D:0.3598188	D:2.419655e-04	D:3.566480e-03	S: 9.013665e-02	D:3.419200e-01	D:5.019882e-01	D:0.2696822	D:4.607883e-02	D:9.620209e-01	S:TRUE	S:FALSE	S:TRUE	S:FALSE	S:TRUE	S:TRUE	S:TRUE	N:	N:	N:	N:
S:Epas1	S:EPAS1	S: 3	D:0.2737065	D:8.647284e-05	D:1.607299e-03	S: 8.352421e-02	D:2.134288e-01	D:3.682513e-01	D:0.1901822	D:4.665193e-02	D:9.626234e-01	S:TRUE	S:FALSE	S:TRUE	S:FALSE	S:TRUE	S:FALSE	S:FALSE	N:	N:	N:	N:
S:Zfp689	S:ZFP689	S: 3	D:1.3200105	D:6.303167e-04	D:7.376831e-03	S: 3.393432e-01	D:2.806036e-01	D:4.398225e-01	D:0.9806673	D:4.689421e-02	D:9.626234e-01	S:TRUE	S:FALSE	S:TRUE	S:FALSE	S:TRUE	S:FALSE	S:FALSE	N:	N:	N:	N:
S:Cdr2	S:CDR2	S: 3	D:0.6154845	D:7.429636e-07	D:3.638891e-05	S: 2.957966e-01	D:7.510953e-03	D:3.892243e-02	D:0.3196879	D:4.695087e-02	D:9.626234e-01	S:TRUE	S:TRUE	S:TRUE	S:FALSE	S:TRUE	S:FALSE	S:FALSE	N:	N:	N:	N:
S:Ncbp1	S:NCBP1	S: 3	D:0.1788658	D:1.029044e-04	D:1.831183e-03	S: 5.382681e-02	D:2.257550e-01	D:3.814033e-01	D:0.1250390	D:4.801102e-02	D:9.664295e-01	S:TRUE	S:FALSE	S:TRUE	S:FALSE	S:TRUE	S:FALSE	S:FALSE	N:	N:	N:	N:
S:Cflar	S:CFLAR	S: 3	D:0.3376102	D:1.334821e-03	D:1.304268e-02	S: 5.115599e-02	D:6.110508e-01	D:7.381936e-01	D:0.2864542	D:4.816986e-02	D:9.664295e-01	S:TRUE	S:FALSE	S:TRUE	S:FALSE	S:TRUE	S:FALSE	S:FALSE	N:	N:	N:	N:
S:Tpm3	S:TPM3	S: 3	D:0.1849389	D:3.882452e-04	D:5.106012e-03	S: 4.282315e-02	D:3.964164e-01	D:5.563996e-01	D:0.1421158	D:4.847889e-02	D:9.664295e-01	S:TRUE	S:FALSE	S:TRUE	S:FALSE	S:TRUE	S:FALSE	S:FALSE	N:	N:	N:	N:
S:Lhfpl2	S:LHFPL2	S: 3	D:0.2485506	D:4.374645e-03	D:3.033709e-02	S: 6.049667e-03	D:9.444061e-01	D:9.644983e-01	D:0.2425009	D:4.859326e-02	D:9.664295e-01	S:TRUE	S:FALSE	S:TRUE	S:FALSE	S:TRUE	S:FALSE	S:FALSE	N:	N:	N:	N:
S:Rrp8	S:RRP8	S: 3	D:0.5120407	D:3.357604e-08	D:2.851044e-06	S: 2.724125e-01	D:1.810054e-03	D:1.396557e-02	D:0.2396282	D:4.922031e-02	D:9.664295e-01	S:TRUE	S:TRUE	S:TRUE	S:FALSE	S:TRUE	S:FALSE	S:FALSE	N:	N:	N:	N:
S:Jam3	S:JAM3	S: 6	D:0.5194858	D:1.318985e-07	D:4.096982e-06	D:-5.082149e-02	D:5.764765e-01	D:8.211951e-01	D:0.5703073	D:2.443453e-05	D:1.080783e-01	S:TRUE	S:FALSE	S:TRUE	S:FALSE	S:TRUE	S:FALSE	S:FALSE	N:	N:	N:	N:
S:Pola2	S:POLA2	S: 6	D:0.5416297	D:2.241349e-03	D:9.784531e-03	D:-4.999557e-01	D:6.882189e-03	D:5.264234e-02	D:1.0415854	D:6.767588e-05	D:1.099289e-01	S:TRUE	S:FALSE	S:TRUE	S:FALSE	S:TRUE	S:FALSE	S:FALSE	N:	N:	N:	N:
S:Nop56	S:NOP56	S: 6	D:0.2726062	D:9.549336e-05	D:8.486850e-04	D:-1.085427e-01	D:1.089212e-01	D:3.335039e-01	D:0.3811489	D:1.148069e-04	D:1.099289e-01	S:TRUE	S:FALSE	S:TRUE	S:FALSE	S:TRUE	S:FALSE	S:FALSE	N:	N:	N:	N:
S:Gm14462	S:GM14462	S: 6	D:1.6042118	D:6.925354e-14	D:2.576232e-11	S: 5.771393e-01	D:1.794096e-03	D:1.965441e-02	D:1.0270724	D:1.236288e-04	D:1.099289e-01	S:TRUE	S:TRUE	S:TRUE	S:FALSE	S:TRUE	S:FALSE	S:FALSE	N:	N:	N:	N:
S:Ppap2c	S:PPAP2C	S: 6	D:0.9272291	D:7.973947e-03	D:2.599432e-02	D:-9.811551e-01	D:4.107433e-03	D:3.673413e-02	D:1.9083841	D:1.276650e-04	D:1.099289e-01	S:TRUE	S:FALSE	S:TRUE	S:FALSE	S:TRUE	S:FALSE	S:FALSE	N:	N:	N:	N:
S:Tbc1d16	S:TBC1D16	S: 6	D:0.5199593	D:1.921359e-04	D:1.462217e-03	D:-2.557061e-01	D:7.222133e-02	D:2.610192e-01	D:0.7756654	D:1.281444e-04	D:1.099289e-01	S:TRUE	S:FALSE	S:TRUE	S:FALSE	S:TRUE	S:FALSE	S:FALSE	N:	N:	N:	N:
S:Gltp	S:GLTP	S: 6	D:0.5410439	D:7.588598e-04	D:4.245050e-03	D:-3.217149e-01	D:3.976781e-02	D:1.787492e-01	D:0.8627588	D:1.557981e-04	D:1.106450e-01	S:TRUE	S:FALSE	S:TRUE	S:FALSE	S:TRUE	S:FALSE	S:FALSE	N:	N:	N:	N:
S:Ccdc163	S:CCDC163	S: 6	D:0.7449654	D:2.996660e-06	D:5.242980e-05	D:-8.188660e-02	D:5.878444e-01	D:8.271540e-01	D:0.8268520	D:1.853198e-04	D:1.142743e-01	S:TRUE	S:FALSE	S:TRUE	S:FALSE	S:TRUE	S:FALSE	S:FALSE	N:	N:	N:	N:
S:Nxt1	S:NXT1	S: 6	D:0.7052214	D:6.106041e-06	D:9.436280e-05	D:-1.092154e-01	D:4.718810e-01	D:7.535119e-01	D:0.8144368	D:2.066960e-04	D:1.142743e-01	S:TRUE	S:FALSE	S:TRUE	S:FALSE	S:TRUE	S:FALSE	S:FALSE	N:	N:	N:	N:
S:Trmt2a	S:TRMT2A	S: 6	D:0.6553590	D:3.209252e-07	D:8.527441e-06	S: 3.127529e-03	D:9.795425e-01	D:9.935311e-01	D:0.6522315	D:2.297386e-04	D:1.142743e-01	S:TRUE	S:FALSE	S:TRUE	S:FALSE	S:TRUE	S:FALSE	S:FALSE	N:	N:	N:	N:
S:Gal3st1	S:GAL3ST1	S: 6	D:0.8981431	D:4.149993e-03	D:1.566550e-02	D:-7.941694e-01	D:1.664817e-02	D:9.927554e-02	D:1.6923124	D:2.657213e-04	D:1.142743e-01	S:TRUE	S:FALSE	S:TRUE	S:FALSE	S:TRUE	S:FALSE	S:FALSE	N:	N:	N:	N:
S:Npc2	S:NPC2	S: 6	D:0.2974239	D:2.563408e-03	D:1.087743e-02	D:-2.132452e-01	D:3.020176e-02	D:1.481845e-01	D:0.5106691	D:3.100010e-04	D:1.142743e-01	S:TRUE	S:FALSE	S:TRUE	S:FALSE	S:TRUE	S:FALSE	S:FALSE	N:	N:	N:	N:
S:Hnrnpa1	S:HNRNPA1	S: 6	D:0.1623058	D:7.964924e-04	D:4.412907e-03	D:-8.533165e-02	D:7.170769e-02	D:2.595832e-01	D:0.2476375	D:3.159086e-04	D:1.142743e-01	S:TRUE	S:FALSE	S:TRUE	S:FALSE	S:TRUE	S:FALSE	S:FALSE	N:	N:	N:	N:
S:Cyth4	S:CYTH4	S: 6	D:0.6512579	D:1.544497e-03	D:7.352596e-03	D:-4.217588e-01	D:4.564939e-02	D:1.950623e-01	D:1.0730167	D:3.378894e-04	D:1.142743e-01	S:TRUE	S:FALSE	S:TRUE	S:FALSE	S:TRUE	S:FALSE	S:FALSE	N:	N:	N:	N:
S:Tm9sf1	S:TM9SF1	S: 6	D:0.4061219	D:6.738814e-04	D:3.886572e-03	D:-2.089694e-01	D:8.388507e-02	D:2.867746e-01	D:0.6150912	D:3.616822e-04	D:1.142743e-01	S:TRUE	S:FALSE	S:TRUE	S:FALSE	S:TRUE	S:FALSE	S:FALSE	N:	N:	N:	N:
S:Amigo3	S:AMIGO3	S: 6	D:0.8572189	D:1.265316e-04	D:1.054925e-03	D:-2.506736e-01	D:2.354952e-01	D:5.277008e-01	D:1.1078926	D:3.711575e-04	D:1.142743e-01	S:TRUE	S:FALSE	S:TRUE	S:FALSE	S:TRUE	S:TRUE	S:TRUE	N:	N:	N:	N:
S:Mrps16	S:MRPS16	S: 6	D:0.5086971	D:3.693230e-04	D:2.422410e-03	D:-2.240656e-01	D:1.248254e-01	D:3.633146e-01	D:0.7327628	D:4.019963e-04	D:1.142743e-01	S:TRUE	S:FALSE	S:TRUE	S:FALSE	S:TRUE	S:FALSE	S:FALSE	N:	N:	N:	N:
S:Csrp1	S:CSRP1	S: 6	D:0.3398941	D:1.277751e-02	D:3.686040e-02	D:-3.491339e-01	D:1.060257e-02	D:7.221213e-02	D:0.6890280	D:4.452199e-04	D:1.142743e-01	S:TRUE	S:FALSE	S:TRUE	S:FALSE	S:TRUE	S:FALSE	S:FALSE	N:	N:	N:	N:
S:Insc	S:INSC	S: 6	D:0.7216504	D:1.351543e-02	D:3.842857e-02	D:-6.893713e-01	D:9.991260e-03	D:6.910909e-02	D:1.4110216	D:4.554342e-04	D:1.142743e-01	S:TRUE	S:FALSE	S:TRUE	S:FALSE	S:TRUE	S:FALSE	S:FALSE	N:	N:	N:	N:
S:Mirg	S:MIRG	S: 6	D:1.5859301	D:4.355896e-16	D:3.093478e-13	S: 7.498884e-01	D:1.384382e-05	D:4.702085e-04	D:0.8360417	D:4.593674e-04	D:1.142743e-01	S:TRUE	S:TRUE	S:TRUE	S:FALSE	S:TRUE	S:FALSE	S:FALSE	N:	N:	N:	N:
S:Tcea2	S:TCEA2	S: 6	D:0.3809099	D:2.786911e-03	D:1.159901e-02	D:-2.599592e-01	D:4.364631e-02	D:1.889209e-01	D:0.6408691	D:4.934975e-04	D:1.142743e-01	S:TRUE	S:FALSE	S:TRUE	S:FALSE	S:TRUE	S:FALSE	S:FALSE	N:	N:	N:	N:
S:Polr1e	S:POLR1E	S: 6	D:0.5122582	D:3.172680e-05	D:3.498232e-04	D:-7.813350e-02	D:4.996686e-01	D:7.711966e-01	D:0.5903917	D:5.238272e-04	D:1.142743e-01	S:TRUE	S:FALSE	S:TRUE	S:FALSE	S:TRUE	S:FALSE	S:FALSE	N:	N:	N:	N:
S:Qars	S:QARS	S: 6	D:0.2763699	D:2.304967e-03	D:1.001190e-02	D:-1.725349e-01	D:5.562641e-02	D:2.220508e-01	D:0.4489048	D:5.399262e-04	D:1.142743e-01	S:TRUE	S:FALSE	S:TRUE	S:FALSE	S:TRUE	S:FALSE	S:FALSE	N:	N:	N:	N:
S:Flna	S:FLNA	S: 6	D:0.4104279	D:7.295441e-03	D:2.432437e-02	D:-3.438713e-01	D:2.367619e-02	D:1.267422e-01	D:0.7542992	D:5.702630e-04	D:1.142792e-01	S:TRUE	S:FALSE	S:TRUE	S:FALSE	S:TRUE	S:FALSE	S:FALSE	N:	N:	N:	N:
S:Nrbp2	S:NRBP2	S: 6	D:0.2547404	D:1.285558e-02	D:3.703090e-02	D:-2.493418e-01	D:1.480905e-02	D:9.177968e-02	D:0.5040822	D:6.032189e-04	D:1.158499e-01	S:TRUE	S:FALSE	S:TRUE	S:FALSE	S:TRUE	S:FALSE	S:FALSE	N:	N:	N:	N:
S:Pcgf1	S:PCGF1	S: 6	D:0.4878276	D:8.375115e-05	D:7.603300e-04	D:-1.124385e-01	D:3.626496e-01	D:6.633936e-01	D:0.6002661	D:6.786463e-04	D:1.199284e-01	S:TRUE	S:FALSE	S:TRUE	S:FALSE	S:TRUE	S:FALSE	S:FALSE	N:	N:	N:	N:
S:Acta2	S:ACTA2	S: 6	D:0.8516877	D:1.627723e-04	D:1.291689e-03	D:-2.076327e-01	D:3.268031e-01	D:6.283500e-01	D:1.0593203	D:7.001762e-04	D:1.199284e-01	S:TRUE	S:FALSE	S:TRUE	S:FALSE	S:TRUE	S:FALSE	S:FALSE	N:	N:	N:	N:
S:Pkp4	S:PKP4	S: 6	D:0.2466993	D:3.843840e-03	D:1.477396e-02	D:-1.652290e-01	D:4.988799e-02	D:2.066962e-01	D:0.4119283	D:7.080199e-04	D:1.199284e-01	S:TRUE	S:FALSE	S:TRUE	S:FALSE	S:TRUE	S:FALSE	S:FALSE	N:	N:	N:	N:
S:Dmpk	S:DMPK	S: 6	D:1.5719630	D:5.486718e-08	D:1.999856e-06	S: 2.712896e-01	D:3.002937e-01	D:6.012800e-01	D:1.3006734	D:7.313664e-04	D:1.199284e-01	S:TRUE	S:FALSE	S:TRUE	S:FALSE	S:TRUE	S:FALSE	S:FALSE	N:	N:	N:	N:
S:Gstm7	S:GSTM7	S: 6	D:0.5786402	D:3.344818e-03	D:1.329418e-02	D:-3.595044e-01	D:5.966443e-02	D:2.313718e-01	D:0.9381446	D:7.484621e-04	D:1.199284e-01	S:TRUE	S:FALSE	S:TRUE	S:FALSE	S:TRUE	S:FALSE	S:FALSE	N:	N:	N:	N:
S:Thbs3	S:THBS3	S: 6	D:0.8309426	D:2.829055e-04	D:1.972385e-03	D:-2.718441e-01	D:2.350548e-01	D:5.272787e-01	D:1.1027867	D:7.528516e-04	D:1.199284e-01	S:TRUE	S:FALSE	S:TRUE	S:FALSE	S:TRUE	S:FALSE	S:FALSE	N:	N:	N:	N:
S:Csf1	S:CSF1	S: 6	D:0.4084518	D:9.779179e-04	D:5.200473e-03	D:-1.719702e-01	D:1.410054e-01	D:3.909615e-01	D:0.5804220	D:7.591932e-04	D:1.199284e-01	S:TRUE	S:FALSE	S:TRUE	S:FALSE	S:TRUE	S:FALSE	S:FALSE	N:	N:	N:	N:
S:Gstk1	S:GSTK1	S: 6	D:0.3892131	D:1.368898e-03	D:6.702497e-03	D:-1.884394e-01	D:1.122789e-01	D:3.390668e-01	D:0.5776526	D:7.879666e-04	D:1.199284e-01	S:TRUE	S:FALSE	S:TRUE	S:FALSE	S:TRUE	S:FALSE	S:FALSE	N:	N:	N:	N:
S:Ufsp1	S:UFSP1	S: 6	D:0.4691771	D:6.434426e-03	D:2.204638e-02	D:-3.587483e-01	D:3.754657e-02	D:1.715722e-01	D:0.8279254	D:8.105092e-04	D:1.199284e-01	S:TRUE	S:FALSE	S:TRUE	S:FALSE	S:TRUE	S:FALSE	S:FALSE	N:	N:	N:	N:
S:Acadvl	S:ACADVL	S: 6	D:0.6557986	D:7.997871e-08	D:2.693076e-06	S: 1.007713e-01	D:3.802334e-01	D:6.812806e-01	D:0.5550273	D:8.189620e-04	D:1.199284e-01	S:TRUE	S:FALSE	S:TRUE	S:FALSE	S:TRUE	S:TRUE	S:TRUE	N:	N:	N:	N:
S:A230009b12rik	S:A230009B12RIK	S: 6	D:1.1234039	D:6.628441e-04	D:3.845628e-03	D:-2.969604e-01	D:2.566040e-01	D:5.552112e-01	D:1.4203643	D:8.369231e-04	D:1.205775e-01	S:TRUE	S:FALSE	S:TRUE	S:FALSE	S:TRUE	S:FALSE	S:FALSE	N:	N:	N:	N:
S:Ankrd13a	S:ANKRD13A	S: 6	D:0.6559479	D:1.391412e-07	D:4.257056e-06	S: 9.560260e-02	D:4.085599e-01	D:7.054194e-01	D:0.5603453	D:8.690053e-04	D:1.212262e-01	S:TRUE	S:FALSE	S:TRUE	S:FALSE	S:TRUE	S:FALSE	S:FALSE	N:	N:	N:	N:
S:Cry1	S:CRY1	S: 6	D:0.3591026	D:4.128336e-06	D:6.761123e-05	S: 6.548851e-03	D:9.276916e-01	D:9.777408e-01	D:0.3525538	D:9.004169e-04	D:1.224107e-01	S:TRUE	S:FALSE	S:TRUE	S:FALSE	S:TRUE	S:FALSE	S:FALSE	N:	N:	N:	N:
S:Tmem208	S:TMEM208	S: 6	D:0.7092802	D:9.888366e-06	D:1.393109e-04	D:-4.227822e-02	D:7.897901e-01	D:9.288975e-01	D:0.7515584	D:9.010003e-04	D:1.224107e-01	S:TRUE	S:FALSE	S:TRUE	S:FALSE	S:TRUE	S:FALSE	S:FALSE	N:	N:	N:	N:
S:Amigo2	S:AMIGO2	S: 6	D:0.9412538	D:5.678530e-06	D:8.889915e-05	D:-1.278304e-02	D:9.491191e-01	D:9.848911e-01	D:0.9540369	D:9.512981e-04	D:1.248359e-01	S:TRUE	S:FALSE	S:TRUE	S:FALSE	S:TRUE	S:FALSE	S:FALSE	N:	N:	N:	N:
S:Nipal4	S:NIPAL4	S: 6	D:0.5967537	D:8.249714e-03	D:2.664190e-02	D:-4.513966e-01	D:3.701855e-02	D:1.698687e-01	D:1.0481503	D:9.514195e-04	D:1.248359e-01	S:TRUE	S:FALSE	S:TRUE	S:FALSE	S:TRUE	S:FALSE	S:FALSE	N:	N:	N:	N:
S:Per2	S:PER2	S: 6	D:1.3631598	D:2.048363e-23	D:3.200362e-19	S: 8.774976e-01	D:4.071888e-14	D:2.544767e-11	D:0.4856623	D:9.811574e-04	D:1.248359e-01	S:TRUE	S:TRUE	S:TRUE	S:FALSE	S:TRUE	S:FALSE	S:FALSE	N:	N:	N:	N:
S:Hsd17b4	S:HSD17B4	S: 6	D:0.2160182	D:1.161837e-04	D:9.924845e-04	D:-4.300304e-02	D:4.286142e-01	D:7.229481e-01	D:0.2590212	D:9.935436e-04	D:1.248359e-01	S:TRUE	S:FALSE	S:TRUE	S:FALSE	S:TRUE	S:FALSE	S:FALSE	N:	N:	N:	N:
S:Lman2l	S:LMAN2L	S: 6	D:0.6599062	D:1.382000e-12	D:2.917887e-10	S: 2.711555e-01	D:1.250112e-03	D:1.487567e-02	D:0.3887507	D:1.041938e-03	D:1.248359e-01	S:TRUE	S:TRUE	S:TRUE	S:FALSE	S:TRUE	S:TRUE	S:TRUE	N:	N:	N:	N:
S:Ssh3	S:SSH3	S: 6	D:1.1220823	D:2.007727e-06	D:3.765753e-05	S: 6.265965e-02	D:7.781563e-01	D:9.235028e-01	D:1.0594226	D:1.055534e-03	D:1.248359e-01	S:TRUE	S:FALSE	S:TRUE	S:FALSE	S:TRUE	S:FALSE	S:FALSE	N:	N:	N:	N:
S:Accn4	S:ACCN4	S: 6	D:0.6626664	D:1.926565e-02	D:4.974493e-02	D:-7.210573e-01	D:1.850175e-02	D:1.068173e-01	D:1.3837237	D:1.064075e-03	D:1.248359e-01	S:TRUE	S:FALSE	S:TRUE	S:FALSE	S:TRUE	S:FALSE	S:FALSE	N:	N:	N:	N:
S:Srpk3	S:SRPK3	S: 6	D:0.5999202	D:1.365094e-03	D:6.685964e-03	D:-2.706906e-01	D:1.436108e-01	D:3.952396e-01	D:0.8706108	D:1.087239e-03	D:1.248359e-01	S:TRUE	S:FALSE	S:TRUE	S:FALSE	S:TRUE	S:FALSE	S:FALSE	N:	N:	N:	N:
S:Tuft1	S:TUFT1	S: 6	D:0.5512730	D:6.814480e-04	D:3.924390e-03	D:-1.702288e-01	D:2.455996e-01	D:5.409908e-01	D:0.7215018	D:1.089355e-03	D:1.248359e-01	S:TRUE	S:FALSE	S:TRUE	S:FALSE	S:TRUE	S:FALSE	S:FALSE	N:	N:	N:	N:
S:Zmym3	S:ZMYM3	S: 6	D:0.2075862	D:4.656576e-03	D:1.714691e-02	D:-1.331570e-01	D:6.612767e-02	D:2.469947e-01	D:0.3407432	D:1.107029e-03	D:1.248359e-01	S:TRUE	S:FALSE	S:TRUE	S:FALSE	S:TRUE	S:FALSE	S:FALSE	N:	N:	N:	N:
S:Sptlc1	S:SPTLC1	S: 6	D:0.2979759	D:1.485377e-08	D:6.866135e-07	S: 6.886395e-02	D:1.566673e-01	D:4.154490e-01	D:0.2291120	D:1.113969e-03	D:1.248359e-01	S:TRUE	S:FALSE	S:TRUE	S:FALSE	S:TRUE	S:FALSE	S:FALSE	N:	N:	N:	N:
S:Crtc2	S:CRTC2	S: 6	D:0.5975025	D:1.194486e-05	D:1.624251e-04	D:-2.130988e-02	D:8.716250e-01	D:9.578123e-01	D:0.6188124	D:1.138864e-03	D:1.248359e-01	S:TRUE	S:FALSE	S:TRUE	S:FALSE	S:TRUE	S:FALSE	S:FALSE	N:	N:	N:	N:
S:Prpsap1	S:PRPSAP1	S: 6	D:0.5046290	D:1.170312e-07	D:3.731622e-06	S: 8.505312e-02	D:3.406774e-01	D:6.418592e-01	D:0.4195759	D:1.143620e-03	D:1.248359e-01	S:TRUE	S:FALSE	S:TRUE	S:FALSE	S:TRUE	S:FALSE	S:FALSE	N:	N:	N:	N:
S:Gfap	S:GFAP	S: 6	D:0.6120644	D:3.418871e-03	D:1.348900e-02	D:-3.523933e-01	D:8.584423e-02	D:2.901592e-01	D:0.9644577	D:1.148974e-03	D:1.248359e-01	S:TRUE	S:FALSE	S:TRUE	S:FALSE	S:TRUE	S:FALSE	S:FALSE	N:	N:	N:	N:
S:Rftn1	S:RFTN1	S: 6	D:0.5131708	D:1.819060e-02	D:4.772627e-02	D:-4.472586e-01	D:2.236420e-02	D:1.219458e-01	D:0.9604295	D:1.196453e-03	D:1.248359e-01	S:TRUE	S:FALSE	S:TRUE	S:FALSE	S:TRUE	S:FALSE	S:FALSE	N:	N:	N:	N:
S:Scgn	S:SCGN	S: 6	D:1.5957540	D:5.101383e-03	D:1.836981e-02	D:-9.113262e-01	D:7.523188e-02	D:2.682388e-01	D:2.5070802	D:1.230817e-03	D:1.248359e-01	S:TRUE	S:FALSE	S:TRUE	S:FALSE	S:TRUE	S:FALSE	S:FALSE	N:	N:	N:	N:
S:Gcat	S:GCAT	S: 6	D:0.7058093	D:5.604120e-03	D:1.974268e-02	D:-4.580598e-01	D:6.570900e-02	D:2.462242e-01	D:1.1638691	D:1.254947e-03	D:1.248359e-01	S:TRUE	S:FALSE	S:TRUE	S:FALSE	S:TRUE	S:FALSE	S:FALSE	N:	N:	N:	N:
S:Dpf2	S:DPF2	S: 6	D:0.7636599	D:1.421421e-10	D:1.490489e-08	S: 2.633367e-01	D:1.526137e-02	D:9.366549e-02	D:0.5003232	D:1.256917e-03	D:1.248359e-01	S:TRUE	S:FALSE	S:TRUE	S:FALSE	S:TRUE	S:FALSE	S:FALSE	N:	N:	N:	N:
S:Mettl3	S:METTL3	S: 6	D:0.6803835	D:1.938443e-13	D:6.180864e-11	S: 3.046135e-01	D:2.575890e-04	D:4.723674e-03	D:0.3757699	D:1.257251e-03	D:1.248359e-01	S:TRUE	S:TRUE	S:TRUE	S:FALSE	S:TRUE	S:FALSE	S:FALSE	N:	N:	N:	N:
S:Gna12	S:GNA12	S: 6	D:0.5939301	D:9.443769e-04	D:5.044425e-03	D:-2.302177e-01	D:1.955784e-01	D:4.756720e-01	D:0.8241478	D:1.259270e-03	D:1.248359e-01	S:TRUE	S:FALSE	S:TRUE	S:FALSE	S:TRUE	S:FALSE	S:FALSE	N:	N:	N:	N:
S:Fxyd5	S:FXYD5	S: 6	D:1.0483008	D:1.515208e-08	D:6.971383e-07	S: 2.567279e-01	D:1.287327e-01	D:3.704089e-01	D:0.7915729	D:1.268563e-03	D:1.248359e-01	S:TRUE	S:FALSE	S:TRUE	S:FALSE	S:TRUE	S:FALSE	S:FALSE	N:	N:	N:	N:
S:Mbp	S:MBP	S: 6	D:0.7621366	D:2.506352e-03	D:1.069925e-02	D:-3.904386e-01	D:1.149989e-01	D:3.447119e-01	D:1.1525752	D:1.273618e-03	D:1.248359e-01	S:TRUE	S:FALSE	S:TRUE	S:FALSE	S:TRUE	S:FALSE	S:FALSE	N:	N:	N:	N:
S:Baat1	S:BAAT1	S: 6	D:0.3386155	D:1.542966e-02	D:4.248651e-02	D:-3.208319e-01	D:2.810212e-02	D:1.415890e-01	D:0.6594474	D:1.290957e-03	D:1.248359e-01	S:TRUE	S:FALSE	S:TRUE	S:FALSE	S:TRUE	S:FALSE	S:FALSE	N:	N:	N:	N:
S:P4hb	S:P4HB	S: 6	D:0.3632826	D:8.311796e-09	D:4.314402e-07	S: 9.363616e-02	D:1.067581e-01	D:3.300228e-01	D:0.2696464	D:1.293129e-03	D:1.248359e-01	S:TRUE	S:FALSE	S:TRUE	S:FALSE	S:TRUE	S:FALSE	S:FALSE	N:	N:	N:	N:
S:Slc25a1	S:SLC25A1	S: 6	D:0.4141561	D:1.347468e-03	D:6.612074e-03	D:-1.816707e-01	D:1.631034e-01	D:4.263557e-01	D:0.5958268	D:1.321568e-03	D:1.248359e-01	S:TRUE	S:FALSE	S:TRUE	S:FALSE	S:TRUE	S:FALSE	S:FALSE	N:	N:	N:	N:
S:Ppfibp2	S:PPFIBP2	S: 6	D:0.3704864	D:7.078757e-03	D:2.372380e-02	D:-2.462110e-01	D:5.939060e-02	D:2.311219e-01	D:0.6166974	D:1.326928e-03	D:1.248359e-01	S:TRUE	S:FALSE	S:TRUE	S:FALSE	S:TRUE	S:FALSE	S:FALSE	N:	N:	N:	N:
S:5930434b04rik	S:5930434B04RIK	S: 6	D:0.3512363	D:4.538209e-10	D:3.832702e-08	S: 1.143165e-01	D:2.700292e-02	D:1.381161e-01	D:0.2369197	D:1.353016e-03	D:1.248359e-01	S:TRUE	S:FALSE	S:TRUE	S:FALSE	S:TRUE	S:FALSE	S:FALSE	N:	N:	N:	N:
S:Impdh2	S:IMPDH2	S: 6	D:0.3975498	D:3.834850e-07	D:9.742390e-06	S: 5.700932e-02	D:4.387817e-01	D:7.308249e-01	D:0.3405405	D:1.386431e-03	D:1.248359e-01	S:TRUE	S:FALSE	S:TRUE	S:FALSE	S:TRUE	S:FALSE	S:FALSE	N:	N:	N:	N:
S:Zgpat	S:ZGPAT	S: 6	D:0.9056353	D:6.605879e-10	D:5.403678e-08	S: 2.903516e-01	D:3.104178e-02	D:1.509483e-01	D:0.6152837	D:1.410518e-03	D:1.248359e-01	S:TRUE	S:FALSE	S:TRUE	S:FALSE	S:TRUE	S:FALSE	S:FALSE	N:	N:	N:	N:
S:Zfp692	S:ZFP692	S: 6	D:0.9015020	D:1.245306e-07	D:3.930639e-06	S: 1.617422e-01	D:3.167733e-01	D:6.184461e-01	D:0.7397598	D:1.428229e-03	D:1.250006e-01	S:TRUE	S:FALSE	S:TRUE	S:FALSE	S:TRUE	S:FALSE	S:FALSE	N:	N:	N:	N:
S:Olfml2b	S:OLFML2B	S: 6	D:0.8951224	D:3.229017e-04	D:2.192304e-03	D:-2.520285e-01	D:3.235986e-01	D:6.243468e-01	D:1.1471509	D:1.432099e-03	D:1.250006e-01	S:TRUE	S:FALSE	S:TRUE	S:FALSE	S:TRUE	S:FALSE	S:FALSE	N:	N:	N:	N:
S:Atg4b	S:ATG4B	S: 6	D:0.3761539	D:2.041808e-06	D:3.806828e-05	S: 3.034061e-02	D:6.853531e-01	D:8.812036e-01	D:0.3458132	D:1.441413e-03	D:1.251146e-01	S:TRUE	S:FALSE	S:TRUE	S:FALSE	S:TRUE	S:FALSE	S:FALSE	N:	N:	N:	N:
S:St5	S:ST5	S: 6	D:0.5353038	D:3.420434e-05	D:3.708595e-04	D:-3.056669e-02	D:8.018390e-01	D:9.325657e-01	D:0.5658705	D:1.484364e-03	D:1.267306e-01	S:TRUE	S:FALSE	S:TRUE	S:FALSE	S:TRUE	S:FALSE	S:FALSE	N:	N:	N:	N:
S:Necab2	S:NECAB2	S: 6	D:0.8156052	D:2.326037e-03	D:1.008380e-02	D:-4.225867e-01	D:1.299170e-01	D:3.725131e-01	D:1.2381919	D:1.554685e-03	D:1.276733e-01	S:TRUE	S:FALSE	S:TRUE	S:FALSE	S:TRUE	S:FALSE	S:FALSE	N:	N:	N:	N:
S:Hnrnpl	S:HNRNPL	S: 6	D:0.1819175	D:2.763123e-03	D:1.152457e-02	D:-8.999980e-02	D:1.318781e-01	D:3.762717e-01	D:0.2719173	D:1.606459e-03	D:1.276733e-01	S:TRUE	S:FALSE	S:TRUE	S:FALSE	S:TRUE	S:FALSE	S:FALSE	N:	N:	N:	N:
S:Irf3	S:IRF3	S: 6	D:1.0241255	D:1.091137e-11	D:1.813609e-09	S: 4.153699e-01	D:2.278676e-03	D:2.368523e-02	D:0.6087556	D:1.606508e-03	D:1.276733e-01	S:TRUE	S:TRUE	S:TRUE	S:FALSE	S:TRUE	S:TRUE	S:TRUE	N:	N:	N:	N:
S:Agpat4	S:AGPAT4	S: 6	D:0.7039017	D:1.168207e-04	D:9.939575e-04	D:-1.011597e-01	D:5.675900e-01	D:8.165018e-01	D:0.8050614	D:1.650732e-03	D:1.276733e-01	S:TRUE	S:FALSE	S:TRUE	S:FALSE	S:TRUE	S:TRUE	S:TRUE	N:	N:	N:	N:
S:Adipor1	S:ADIPOR1	S: 6	D:0.3953993	D:9.894416e-09	D:5.002924e-07	S: 1.064414e-01	D:9.605186e-02	D:3.113261e-01	D:0.2889579	D:1.667772e-03	D:1.276733e-01	S:TRUE	S:FALSE	S:TRUE	S:FALSE	S:TRUE	S:FALSE	S:FALSE	N:	N:	N:	N:
S:2010111i01rik	S:2010111I01RIK	S: 6	D:0.4495798	D:1.646289e-04	D:1.300385e-03	D:-7.707439e-02	D:5.073665e-01	D:7.768104e-01	D:0.5266542	D:1.684563e-03	D:1.276733e-01	S:TRUE	S:FALSE	S:TRUE	S:FALSE	S:TRUE	S:FALSE	S:FALSE	N:	N:	N:	N:
S:Fa2h	S:FA2H	S: 6	D:0.5680720	D:7.669435e-03	D:2.526402e-02	D:-3.933331e-01	D:6.680403e-02	D:2.486294e-01	D:0.9614051	D:1.686354e-03	D:1.276733e-01	S:TRUE	S:FALSE	S:TRUE	S:FALSE	S:TRUE	S:FALSE	S:FALSE	N:	N:	N:	N:
S:Xpnpep1	S:XPNPEP1	S: 6	D:0.4559381	D:2.765385e-03	D:1.152785e-02	D:-2.316709e-01	D:1.353026e-01	D:3.820655e-01	D:0.6876090	D:1.765371e-03	D:1.276733e-01	S:TRUE	S:FALSE	S:TRUE	S:FALSE	S:TRUE	S:FALSE	S:FALSE	N:	N:	N:	N:
S:Zbtb48	S:ZBTB48	S: 6	D:1.1308492	D:1.375301e-04	D:1.125806e-03	D:-2.111424e-01	D:4.916613e-01	D:7.665840e-01	D:1.3419916	D:1.795296e-03	D:1.276733e-01	S:TRUE	S:FALSE	S:TRUE	S:FALSE	S:TRUE	S:FALSE	S:FALSE	N:	N:	N:	N:
S:Cenpo	S:CENPO	S: 6	D:0.2923845	D:1.891342e-02	D:4.911956e-02	D:-2.488762e-01	D:3.430535e-02	D:1.612961e-01	D:0.5412606	D:1.804814e-03	D:1.276733e-01	S:TRUE	S:FALSE	S:TRUE	S:FALSE	S:TRUE	S:FALSE	S:FALSE	N:	N:	N:	N:
S:Sap25	S:SAP25	S: 6	D:1.7058486	D:1.557120e-06	D:3.067900e-05	S: 1.725313e-01	D:6.164759e-01	D:8.449706e-01	D:1.5333173	D:1.831439e-03	D:1.276733e-01	S:TRUE	S:FALSE	S:TRUE	S:FALSE	S:TRUE	S:FALSE	S:FALSE	N:	N:	N:	N:
S:Chrd	S:CHRD	S: 6	D:1.1604359	D:3.688487e-08	D:1.444334e-06	S: 2.933069e-01	D:1.236972e-01	D:3.616241e-01	D:0.8671290	D:1.839229e-03	D:1.276733e-01	S:TRUE	S:FALSE	S:TRUE	S:FALSE	S:TRUE	S:FALSE	S:FALSE	N:	N:	N:	N:
S:Phldb1	S:PHLDB1	S: 6	D:0.7332727	D:1.002250e-02	D:3.078269e-02	D:-5.409448e-01	D:5.947552e-02	D:2.311219e-01	D:1.2742175	D:1.849866e-03	D:1.276733e-01	S:TRUE	S:FALSE	S:TRUE	S:FALSE	S:TRUE	S:FALSE	S:FALSE	N:	N:	N:	N:
S:Itprip	S:ITPRIP	S: 6	D:1.3795923	D:1.580509e-04	D:1.260787e-03	D:-2.406071e-01	D:5.111195e-01	D:7.788804e-01	D:1.6201994	D:1.852553e-03	D:1.276733e-01	S:TRUE	S:FALSE	S:TRUE	S:FALSE	S:TRUE	S:FALSE	S:FALSE	N:	N:	N:	N:
S:Gm15440	S:GM15440	S: 6	D:0.6801101	D:8.932461e-04	D:4.837462e-03	D:-2.414131e-01	D:2.504600e-01	D:5.468923e-01	D:0.9215232	D:1.862217e-03	D:1.276733e-01	S:TRUE	S:FALSE	S:TRUE	S:FALSE	S:TRUE	S:FALSE	S:FALSE	N:	N:	N:	N:
S:Plrg1	S:PLRG1	S: 6	D:0.3695902	D:6.965710e-08	D:2.418495e-06	S: 8.301696e-02	D:1.937093e-01	D:4.724027e-01	D:0.2865733	D:1.866490e-03	D:1.276733e-01	S:TRUE	S:FALSE	S:TRUE	S:FALSE	S:TRUE	S:FALSE	S:FALSE	N:	N:	N:	N:
S:Rab8a	S:RAB8A	S: 6	D:0.3457557	D:3.859715e-06	D:6.389840e-05	S: 2.484384e-02	D:7.284325e-01	D:8.988459e-01	D:0.3209119	D:1.871299e-03	D:1.276733e-01	S:TRUE	S:FALSE	S:TRUE	S:FALSE	S:TRUE	S:FALSE	S:FALSE	N:	N:	N:	N:
S:Cryab	S:CRYAB	S: 6	D:1.2015815	D:3.414356e-05	D:3.704741e-04	D:-4.885798e-02	D:8.605730e-01	D:9.540019e-01	D:1.2504395	D:1.901087e-03	D:1.285826e-01	S:TRUE	S:FALSE	S:TRUE	S:FALSE	S:TRUE	S:FALSE	S:FALSE	N:	N:	N:	N:
S:Snapc4	S:SNAPC4	S: 6	D:0.3809645	D:6.936683e-03	D:2.334822e-02	D:-2.440924e-01	D:8.219154e-02	D:2.832333e-01	D:0.6250569	D:1.916481e-03	D:1.288727e-01	S:TRUE	S:FALSE	S:TRUE	S:FALSE	S:TRUE	S:FALSE	S:FALSE	N:	N:	N:	N:
S:Sh3bp2	S:SH3BP2	S: 6	D:0.7977111	D:1.239429e-03	D:6.228637e-03	D:-2.834010e-01	D:2.404932e-01	D:5.338722e-01	D:1.0811120	D:1.935048e-03	D:1.288727e-01	S:TRUE	S:FALSE	S:TRUE	S:FALSE	S:TRUE	S:FALSE	S:FALSE	N:	N:	N:	N:
S:U2af1l4	S:U2AF1L4	S: 6	D:0.7180252	D:1.348756e-10	D:1.443140e-08	S: 2.653671e-01	D:1.008531e-02	D:6.959935e-02	D:0.4526581	D:1.940046e-03	D:1.288727e-01	S:TRUE	S:FALSE	S:TRUE	S:FALSE	S:TRUE	S:FALSE	S:FALSE	N:	N:	N:	N:
S:Akap8l	S:AKAP8L	S: 6	D:0.4527240	D:1.075037e-05	D:1.495671e-04	S: 1.381486e-02	D:8.875103e-01	D:9.648248e-01	D:0.4389092	D:1.948136e-03	D:1.288727e-01	S:TRUE	S:FALSE	S:TRUE	S:FALSE	S:TRUE	S:FALSE	S:FALSE	N:	N:	N:	N:
S:Tmed4	S:TMED4	S: 6	D:0.4787432	D:1.582381e-07	D:4.736230e-06	S: 9.462315e-02	D:2.736929e-01	D:5.722936e-01	D:0.3841201	D:1.954866e-03	D:1.288727e-01	S:TRUE	S:FALSE	S:TRUE	S:FALSE	S:TRUE	S:FALSE	S:FALSE	N:	N:	N:	N:
S:Ramp2	S:RAMP2	S: 6	D:0.7117886	D:2.927190e-08	D:1.198219e-06	S: 1.778456e-01	D:1.401735e-01	D:3.898674e-01	D:0.5339430	D:1.982909e-03	D:1.298358e-01	S:TRUE	S:FALSE	S:TRUE	S:FALSE	S:TRUE	S:FALSE	S:FALSE	N:	N:	N:	N:
S:Srrt	S:SRRT	S: 6	D:0.7986691	D:4.886261e-08	D:1.813371e-06	S: 1.938071e-01	D:1.525135e-01	D:4.092171e-01	D:0.6048620	D:1.999417e-03	D:1.298358e-01	S:TRUE	S:FALSE	S:TRUE	S:FALSE	S:TRUE	S:TRUE	S:TRUE	N:	N:	N:	N:
S:Pisd-Ps1	S:PISD-PS1	S: 6	D:0.9921827	D:1.493930e-03	D:7.179686e-03	D:-3.371416e-01	D:2.457119e-01	D:5.410856e-01	D:1.3293242	D:2.018887e-03	D:1.298358e-01	S:TRUE	S:FALSE	S:TRUE	S:FALSE	S:TRUE	S:FALSE	S:FALSE	N:	N:	N:	N:
S:Btbd16	S:BTBD16	S: 6	D:1.0626828	D:5.435512e-03	D:1.928786e-02	D:-7.988780e-01	D:8.088019e-02	D:2.806484e-01	D:1.8615608	D:2.038383e-03	D:1.298358e-01	S:TRUE	S:FALSE	S:TRUE	S:FALSE	S:TRUE	S:FALSE	S:FALSE	N:	N:	N:	N:
S:Ctsd	S:CTSD	S: 6	D:0.4296428	D:2.559885e-03	D:1.086543e-02	D:-1.919655e-01	D:1.698610e-01	D:4.380833e-01	D:0.6216083	D:2.059578e-03	D:1.298358e-01	S:TRUE	S:FALSE	S:TRUE	S:FALSE	S:TRUE	S:FALSE	S:FALSE	N:	N:	N:	N:
S:Oat	S:OAT	S: 6	D:0.1517029	D:1.234263e-02	D:3.593900e-02	D:-1.148633e-01	D:5.662274e-02	D:2.248789e-01	D:0.2665662	D:2.060886e-03	D:1.298358e-01	S:TRUE	S:FALSE	S:TRUE	S:FALSE	S:TRUE	S:FALSE	S:FALSE	N:	N:	N:	N:
S:Lemd2	S:LEMD2	S: 6	D:0.8401460	D:6.874168e-04	D:3.945702e-03	D:-2.629846e-01	D:3.033997e-01	D:6.050953e-01	D:1.1031306	D:2.116059e-03	D:1.306771e-01	S:TRUE	S:FALSE	S:TRUE	S:FALSE	S:TRUE	S:FALSE	S:FALSE	N:	N:	N:	N:
S:Mms19	S:MMS19	S: 6	D:0.2263317	D:1.496295e-02	D:4.157892e-02	D:-1.813879e-01	D:5.069167e-02	D:2.090846e-01	D:0.4077196	D:2.170910e-03	D:1.318200e-01	S:TRUE	S:FALSE	S:TRUE	S:FALSE	S:TRUE	S:FALSE	S:FALSE	N:	N:	N:	N:
S:Sufu	S:SUFU	S: 6	D:0.4828951	D:6.848904e-04	D:3.936986e-03	D:-1.435294e-01	D:3.202035e-01	D:6.212417e-01	D:0.6264245	D:2.181018e-03	D:1.318200e-01	S:TRUE	S:FALSE	S:TRUE	S:FALSE	S:TRUE	S:FALSE	S:FALSE	N:	N:	N:	N:
S:Slc15a4	S:SLC15A4	S: 6	D:0.6674260	D:4.228367e-09	D:2.437786e-07	S: 2.043898e-01	D:5.381504e-02	D:2.171433e-01	D:0.4630362	D:2.185188e-03	D:1.318200e-01	S:TRUE	S:FALSE	S:TRUE	S:FALSE	S:TRUE	S:FALSE	S:FALSE	N:	N:	N:	N:
S:Cnn3	S:CNN3	S: 6	D:0.2825498	D:3.465602e-04	D:2.308038e-03	D:-5.531778e-02	D:4.681191e-01	D:7.506047e-01	D:0.3378676	D:2.233159e-03	D:1.327687e-01	S:TRUE	S:FALSE	S:TRUE	S:FALSE	S:TRUE	S:FALSE	S:FALSE	N:	N:	N:	N:
S:Tnfaip6	S:TNFAIP6	S: 6	D:0.8260140	D:3.694702e-04	D:2.422410e-03	D:-1.340803e-01	D:5.220961e-01	D:7.859360e-01	D:0.9600943	D:2.258868e-03	D:1.327687e-01	S:TRUE	S:FALSE	S:TRUE	S:FALSE	S:TRUE	S:FALSE	S:FALSE	N:	N:	N:	N:
S:Il16	S:IL16	S: 6	D:1.0960357	D:2.769495e-03	D:1.154190e-02	D:-5.879484e-01	D:1.459011e-01	D:3.989427e-01	D:1.6839840	D:2.265222e-03	D:1.327687e-01	S:TRUE	S:FALSE	S:TRUE	S:FALSE	S:TRUE	S:FALSE	S:FALSE	N:	N:	N:	N:
S:Pppde2	S:PPPDE2	S: 6	D:0.3901963	D:5.287063e-05	D:5.288417e-04	D:-1.861591e-02	D:8.404151e-01	D:9.451948e-01	D:0.4088122	D:2.276675e-03	D:1.327687e-01	S:TRUE	S:FALSE	S:TRUE	S:FALSE	S:TRUE	S:FALSE	S:FALSE	N:	N:	N:	N:
S:Vash1	S:VASH1	S: 6	D:0.4631111	D:1.703548e-04	D:1.336156e-03	D:-7.122311e-02	D:5.631320e-01	D:8.136097e-01	D:0.5343342	D:2.290184e-03	D:1.327687e-01	S:TRUE	S:FALSE	S:TRUE	S:FALSE	S:TRUE	S:FALSE	S:FALSE	N:	N:	N:	N:
S:Ing4	S:ING4	S: 6	D:0.3928625	D:1.787384e-05	D:2.263054e-04	S: 5.084844e-03	D:9.540712e-01	D:9.857432e-01	D:0.3877777	D:2.294595e-03	D:1.327687e-01	S:TRUE	S:FALSE	S:TRUE	S:FALSE	S:TRUE	S:FALSE	S:FALSE	N:	N:	N:	N:
S:Nadk	S:NADK	S: 6	D:0.5618808	D:2.457129e-09	D:1.560576e-07	S: 1.821407e-01	D:3.696884e-02	D:1.697828e-01	D:0.3797401	D:2.303624e-03	D:1.327687e-01	S:TRUE	S:FALSE	S:TRUE	S:FALSE	S:TRUE	S:FALSE	S:FALSE	N:	N:	N:	N:
S:Dbi	S:DBI	S: 6	D:0.2755449	D:1.411608e-02	D:3.968860e-02	D:-2.123692e-01	D:5.709527e-02	D:2.260088e-01	D:0.4879141	D:2.319882e-03	D:1.327687e-01	S:TRUE	S:FALSE	S:TRUE	S:FALSE	S:TRUE	S:FALSE	S:FALSE	N:	N:	N:	N:
S:Copz1	S:COPZ1	S: 6	D:0.2970001	D:1.149354e-06	D:2.407172e-05	S: 4.388443e-02	D:4.456098e-01	D:7.357696e-01	D:0.2531156	D:2.337352e-03	D:1.332802e-01	S:TRUE	S:FALSE	S:TRUE	S:FALSE	S:TRUE	S:FALSE	S:FALSE	N:	N:	N:	N:
S:5031439g07rik	S:5031439G07RIK	S: 6	D:0.5906896	D:1.254961e-07	D:3.953126e-06	S: 1.339424e-01	D:1.980392e-01	D:4.791212e-01	D:0.4567472	D:2.361102e-03	D:1.336589e-01	S:TRUE	S:FALSE	S:TRUE	S:FALSE	S:TRUE	S:FALSE	S:FALSE	N:	N:	N:	N:
S:Eif3l	S:EIF3L	S: 6	D:0.2392386	D:5.483176e-04	D:3.305137e-03	D:-5.653417e-02	D:4.041896e-01	D:7.018291e-01	D:0.2957728	D:2.441276e-03	D:1.346339e-01	S:TRUE	S:FALSE	S:TRUE	S:FALSE	S:TRUE	S:FALSE	S:FALSE	N:	N:	N:	N:
S:Slc26a10	S:SLC26A10	S: 6	D:0.8792714	D:3.059650e-05	D:3.416706e-04	D:-1.188604e-03	D:9.952546e-01	D:9.982576e-01	D:0.8804600	D:2.453295e-03	D:1.346339e-01	S:TRUE	S:FALSE	S:TRUE	S:FALSE	S:TRUE	S:FALSE	S:FALSE	N:	N:	N:	N:
S:Dcaf11	S:DCAF11	S: 6	D:0.3255292	D:3.175198e-04	D:2.164455e-03	D:-5.750997e-02	D:5.116545e-01	D:7.794550e-01	D:0.3830392	D:2.498214e-03	D:1.346803e-01	S:TRUE	S:FALSE	S:TRUE	S:FALSE	S:TRUE	S:FALSE	S:FALSE	N:	N:	N:	N:
S:Atxn7l2	S:ATXN7L2	S: 6	D:0.7468205	D:1.618702e-04	D:1.287053e-03	D:-9.805013e-02	D:6.159926e-01	D:8.447578e-01	D:0.8448706	D:2.516429e-03	D:1.346803e-01	S:TRUE	S:FALSE	S:TRUE	S:FALSE	S:TRUE	S:FALSE	S:FALSE	N:	N:	N:	N:
S:Ccdc114	S:CCDC114	S: 6	D:1.0056701	D:7.521654e-03	D:2.490850e-02	D:-5.588673e-01	D:1.083849e-01	D:3.327165e-01	D:1.5645374	D:2.531934e-03	D:1.346803e-01	S:TRUE	S:FALSE	S:TRUE	S:FALSE	S:TRUE	S:FALSE	S:FALSE	N:	N:	N:	N:
S:Tmem189	S:TMEM189	S: 6	D:0.4892836	D:1.584140e-03	D:7.482043e-03	D:-1.771281e-01	D:2.520444e-01	D:5.486126e-01	D:0.6664117	D:2.554431e-03	D:1.346803e-01	S:TRUE	S:FALSE	S:TRUE	S:FALSE	S:TRUE	S:FALSE	S:FALSE	N:	N:	N:	N:
S:Gps2	S:GPS2	S: 6	D:0.7532093	D:1.301755e-06	D:2.641380e-05	S: 1.114957e-01	D:4.504457e-01	D:7.388728e-01	D:0.6417135	D:2.558583e-03	D:1.346803e-01	S:TRUE	S:FALSE	S:TRUE	S:FALSE	S:TRUE	S:FALSE	S:FALSE	N:	N:	N:	N:
S:Itga7	S:ITGA7	S: 6	D:1.1631639	D:5.194867e-05	D:5.206197e-04	D:-6.223835e-02	D:8.279999e-01	D:9.391543e-01	D:1.2254023	D:2.594742e-03	D:1.349073e-01	S:TRUE	S:FALSE	S:TRUE	S:FALSE	S:TRUE	S:FALSE	S:FALSE	N:	N:	N:	N:
S:Tagln	S:TAGLN	S: 6	D:0.6347942	D:2.406222e-03	D:1.036240e-02	D:-2.429294e-01	D:2.226938e-01	D:5.119728e-01	D:0.8777236	D:2.610461e-03	D:1.349073e-01	S:TRUE	S:FALSE	S:TRUE	S:FALSE	S:TRUE	S:FALSE	S:FALSE	N:	N:	N:	N:
S:Aph1a	S:APH1A	S: 6	D:0.2241828	D:1.587389e-02	D:4.333054e-02	D:-1.758899e-01	D:5.924749e-02	D:2.309012e-01	D:0.4000726	D:2.664111e-03	D:1.349073e-01	S:TRUE	S:FALSE	S:TRUE	S:FALSE	S:TRUE	S:FALSE	S:FALSE	N:	N:	N:	N:
S:Alg1	S:ALG1	S: 6	D:0.6376210	D:2.000915e-03	D:8.965383e-03	D:-2.585025e-01	D:2.216520e-01	D:5.106297e-01	D:0.8961235	D:2.667055e-03	D:1.349073e-01	S:TRUE	S:FALSE	S:TRUE	S:FALSE	S:TRUE	S:FALSE	S:FALSE	N:	N:	N:	N:
S:Tor1b	S:TOR1B	S: 6	D:0.4371603	D:6.947373e-10	D:5.575983e-08	S: 1.572786e-01	D:1.665032e-02	D:9.927554e-02	D:0.2798818	D:2.668070e-03	D:1.349073e-01	S:TRUE	S:FALSE	S:TRUE	S:FALSE	S:TRUE	S:TRUE	S:TRUE	N:	N:	N:	N:
S:Slc6a13	S:SLC6A13	S: 6	D:0.5757167	D:6.292160e-03	D:2.163981e-02	D:-3.124983e-01	D:1.243915e-01	D:3.626079e-01	D:0.8882150	D:2.690712e-03	D:1.349073e-01	S:TRUE	S:FALSE	S:TRUE	S:FALSE	S:TRUE	S:FALSE	S:FALSE	N:	N:	N:	N:
S:Prr24	S:PRR24	S: 6	D:0.3271048	D:2.664387e-03	D:1.121757e-02	D:-1.372203e-01	D:2.046565e-01	D:4.880271e-01	D:0.4643251	D:2.736003e-03	D:1.352931e-01	S:TRUE	S:FALSE	S:TRUE	S:FALSE	S:TRUE	S:FALSE	S:FALSE	N:	N:	N:	N:
S:Lrch4	S:LRCH4	S: 6	D:1.3591019	D:6.409727e-06	D:9.789402e-05	S: 1.029555e-01	D:7.260889e-01	D:8.979249e-01	D:1.2561464	D:2.738829e-03	D:1.352931e-01	S:TRUE	S:FALSE	S:TRUE	S:FALSE	S:TRUE	S:FALSE	S:FALSE	N:	N:	N:	N:
S:Gm98	S:GM98	S: 6	D:0.6871063	D:3.502648e-03	D:1.375009e-02	D:-2.894890e-01	D:1.908755e-01	D:4.680958e-01	D:0.9765953	D:2.753662e-03	D:1.352931e-01	S:TRUE	S:FALSE	S:TRUE	S:FALSE	S:TRUE	S:FALSE	S:FALSE	N:	N:	N:	N:
S:Ccdc101	S:CCDC101	S: 6	D:0.8375570	D:2.279120e-04	D:1.664749e-03	D:-1.276192e-01	D:5.741988e-01	D:8.199578e-01	D:0.9651762	D:2.809242e-03	D:1.355143e-01	S:TRUE	S:FALSE	S:TRUE	S:FALSE	S:TRUE	S:FALSE	S:FALSE	N:	N:	N:	N:
S:Tcirg1	S:TCIRG1	S: 6	D:0.9131593	D:5.214510e-04	D:3.176277e-03	D:-2.072116e-01	D:4.328958e-01	D:7.263277e-01	D:1.1203709	D:2.852701e-03	D:1.359680e-01	S:TRUE	S:FALSE	S:TRUE	S:FALSE	S:TRUE	S:FALSE	S:FALSE	N:	N:	N:	N:
S:Ctdsp2	S:CTDSP2	S: 6	D:0.4931102	D:6.563468e-06	D:9.975450e-05	S: 4.505914e-02	D:6.652071e-01	D:8.711085e-01	D:0.4480511	D:2.883581e-03	D:1.359680e-01	S:TRUE	S:FALSE	S:TRUE	S:FALSE	S:TRUE	S:FALSE	S:FALSE	N:	N:	N:	N:
S:Zmynd15	S:ZMYND15	S: 6	D:1.1676013	D:3.849754e-04	D:2.506190e-03	D:-1.425656e-01	D:6.235227e-01	D:8.497284e-01	D:1.3101669	D:2.954072e-03	D:1.359680e-01	S:TRUE	S:FALSE	S:TRUE	S:FALSE	S:TRUE	S:FALSE	S:FALSE	N:	N:	N:	N:
S:Map2k7	S:MAP2K7	S: 6	D:0.3708828	D:2.383853e-03	D:1.028295e-02	D:-1.402095e-01	D:2.397057e-01	D:5.329008e-01	D:0.5110924	D:3.001508e-03	D:1.360066e-01	S:TRUE	S:FALSE	S:TRUE	S:FALSE	S:TRUE	S:FALSE	S:FALSE	N:	N:	N:	N:
S:Ddx41	S:DDX41	S: 6	D:1.0248318	D:7.232778e-06	D:1.078291e-04	S: 7.214113e-02	D:7.507978e-01	D:9.101637e-01	D:0.9526907	D:3.009693e-03	D:1.360066e-01	S:TRUE	S:FALSE	S:TRUE	S:FALSE	S:TRUE	S:FALSE	S:FALSE	N:	N:	N:	N:
S:Cd82	S:CD82	S: 6	D:0.6665090	D:3.418764e-03	D:1.348900e-02	D:-2.792406e-01	D:2.024442e-01	D:4.849876e-01	D:0.9457496	D:3.026571e-03	D:1.360066e-01	S:TRUE	S:FALSE	S:TRUE	S:FALSE	S:TRUE	S:FALSE	S:FALSE	N:	N:	N:	N:
S:Psat1	S:PSAT1	S: 6	D:0.2976794	D:6.170953e-04	D:3.628746e-03	D:-6.374259e-02	D:4.500569e-01	D:7.387003e-01	D:0.3614220	D:3.045198e-03	D:1.360066e-01	S:TRUE	S:FALSE	S:TRUE	S:FALSE	S:TRUE	S:FALSE	S:FALSE	N:	N:	N:	N:
S:Ints4	S:INTS4	S: 6	D:0.2566714	D:2.120970e-05	D:2.601102e-04	S: 1.054430e-02	D:8.540559e-01	D:9.510552e-01	D:0.2461271	D:3.063359e-03	D:1.360374e-01	S:TRUE	S:FALSE	S:TRUE	S:FALSE	S:TRUE	S:FALSE	S:FALSE	N:	N:	N:	N:
S:Ncf2	S:NCF2	S: 6	D:0.6542910	D:8.258536e-05	D:7.519310e-04	D:-1.918862e-02	D:9.013233e-01	D:9.688180e-01	D:0.6734796	D:3.064846e-03	D:1.360374e-01	S:TRUE	S:FALSE	S:TRUE	S:FALSE	S:TRUE	S:FALSE	S:FALSE	N:	N:	N:	N:
S:Rpusd4	S:RPUSD4	S: 6	D:0.5008481	D:2.489412e-04	D:1.789079e-03	D:-5.837171e-02	D:6.533144e-01	D:8.641537e-01	D:0.5592198	D:3.159303e-03	D:1.370488e-01	S:TRUE	S:FALSE	S:TRUE	S:FALSE	S:TRUE	S:FALSE	S:FALSE	N:	N:	N:	N:
S:Nrip2	S:NRIP2	S: 6	D:0.3053938	D:8.327810e-03	D:2.681651e-02	D:-1.825716e-01	D:1.151962e-01	D:3.451248e-01	D:0.4879655	D:3.198898e-03	D:1.370488e-01	S:TRUE	S:FALSE	S:TRUE	S:FALSE	S:TRUE	S:FALSE	S:FALSE	N:	N:	N:	N:
S:Gdpd2	S:GDPD2	S: 6	D:0.5600791	D:1.695367e-03	D:7.892852e-03	D:-2.190205e-01	D:2.544265e-01	D:5.517586e-01	D:0.7790996	D:3.239012e-03	D:1.372030e-01	S:TRUE	S:FALSE	S:TRUE	S:FALSE	S:TRUE	S:FALSE	S:FALSE	N:	N:	N:	N:
S:Thsd4	S:THSD4	S: 6	D:0.8067453	D:1.451534e-03	D:7.014104e-03	D:-2.549912e-01	D:3.134521e-01	D:6.162547e-01	D:1.0617365	D:3.268032e-03	D:1.374949e-01	S:TRUE	S:FALSE	S:TRUE	S:FALSE	S:TRUE	S:FALSE	S:FALSE	N:	N:	N:	N:
S:Ptk2b	S:PTK2B	S: 6	D:0.2843712	D:5.348941e-04	D:3.241732e-03	D:-5.420967e-02	D:4.961932e-01	D:7.690232e-01	D:0.3385809	D:3.268827e-03	D:1.374949e-01	S:TRUE	S:FALSE	S:TRUE	S:FALSE	S:TRUE	S:FALSE	S:FALSE	N:	N:	N:	N:
S:Gstp1	S:GSTP1	S: 6	D:0.3813529	D:1.541896e-02	D:4.246533e-02	D:-2.757692e-01	D:7.655206e-02	D:2.712406e-01	D:0.6571222	D:3.327528e-03	D:1.384505e-01	S:TRUE	S:FALSE	S:TRUE	S:FALSE	S:TRUE	S:FALSE	S:FALSE	N:	N:	N:	N:
S:Txlna	S:TXLNA	S: 6	D:0.6206858	D:2.511088e-08	D:1.051829e-06	S: 1.820814e-01	D:8.262272e-02	D:2.844013e-01	D:0.4386044	D:3.331887e-03	D:1.384505e-01	S:TRUE	S:FALSE	S:TRUE	S:FALSE	S:TRUE	S:FALSE	S:FALSE	N:	N:	N:	N:
S:Fuz	S:FUZ	S: 6	D:0.7524679	D:1.700017e-07	D:5.011522e-06	S: 1.801767e-01	D:1.885068e-01	D:4.641812e-01	D:0.5722912	D:3.401558e-03	D:1.397740e-01	S:TRUE	S:FALSE	S:TRUE	S:FALSE	S:TRUE	S:FALSE	S:FALSE	N:	N:	N:	N:
S:Rnf112	S:RNF112	S: 6	D:0.8144418	D:2.293299e-06	D:4.215354e-05	S: 1.267734e-01	D:4.363868e-01	D:7.282747e-01	D:0.6876684	D:3.439213e-03	D:1.397740e-01	S:TRUE	S:FALSE	S:TRUE	S:FALSE	S:TRUE	S:TRUE	S:TRUE	N:	N:	N:	N:
S:Kctd3	S:KCTD3	S: 6	D:0.2880408	D:7.064505e-07	D:1.608977e-05	S: 5.780483e-02	D:2.906413e-01	D:5.910599e-01	D:0.2302359	D:3.471702e-03	D:1.397740e-01	S:TRUE	S:FALSE	S:TRUE	S:FALSE	S:TRUE	S:FALSE	S:FALSE	N:	N:	N:	N:
S:Tle2	S:TLE2	S: 6	D:0.7365635	D:5.054744e-04	D:3.110489e-03	D:-1.264258e-01	D:5.344244e-01	D:7.947693e-01	D:0.8629892	D:3.480036e-03	D:1.397740e-01	S:TRUE	S:FALSE	S:TRUE	S:FALSE	S:TRUE	S:FALSE	S:FALSE	N:	N:	N:	N:
S:Camk1	S:CAMK1	S: 6	D:0.4258094	D:3.061933e-07	D:8.205771e-06	S: 9.779333e-02	D:2.113181e-01	D:4.963897e-01	D:0.3280160	D:3.526896e-03	D:1.398106e-01	S:TRUE	S:FALSE	S:TRUE	S:FALSE	S:TRUE	S:TRUE	S:TRUE	N:	N:	N:	N:
S:Tigd3	S:TIGD3	S: 6	D:0.5799160	D:3.132256e-03	D:1.265538e-02	D:-2.217906e-01	D:2.415546e-01	D:5.352501e-01	D:0.8017066	D:3.573065e-03	D:1.399950e-01	S:TRUE	S:FALSE	S:TRUE	S:FALSE	S:TRUE	S:FALSE	S:FALSE	N:	N:	N:	N:
S:Ccdc28b	S:CCDC28B	S: 6	D:1.0102304	D:4.254772e-07	D:1.056861e-05	S: 2.024680e-01	D:3.052616e-01	D:6.070575e-01	D:0.8077624	D:3.594242e-03	D:1.399950e-01	S:TRUE	S:FALSE	S:TRUE	S:FALSE	S:TRUE	S:TRUE	S:TRUE	N:	N:	N:	N:
S:Sepn1	S:SEPN1	S: 6	D:0.5134405	D:1.030936e-04	D:9.018666e-04	D:-2.314183e-02	D:8.564044e-01	D:9.520750e-01	D:0.5365823	D:3.602022e-03	D:1.399950e-01	S:TRUE	S:FALSE	S:TRUE	S:FALSE	S:TRUE	S:FALSE	S:FALSE	N:	N:	N:	N:
S:Eif4a3	S:EIF4A3	S: 6	D:0.3725155	D:8.225337e-04	D:4.529879e-03	D:-8.893594e-02	D:4.258410e-01	D:7.199806e-01	D:0.4614514	D:3.662606e-03	D:1.401386e-01	S:TRUE	S:FALSE	S:TRUE	S:FALSE	S:TRUE	S:FALSE	S:FALSE	N:	N:	N:	N:
S:C030017k20rik	S:C030017K20RIK	S: 6	D:1.5414754	D:4.299329e-09	D:2.469585e-07	S: 5.661700e-01	D:1.348712e-02	D:8.549855e-02	D:0.9753053	D:3.716318e-03	D:1.402630e-01	S:TRUE	S:FALSE	S:TRUE	S:FALSE	S:TRUE	S:FALSE	S:FALSE	N:	N:	N:	N:
S:Lrrc16b	S:LRRC16B	S: 6	D:1.0374652	D:1.476695e-04	D:1.193579e-03	D:-7.604624e-02	D:7.764089e-01	D:9.224779e-01	D:1.1135115	D:3.716645e-03	D:1.402630e-01	S:TRUE	S:FALSE	S:TRUE	S:FALSE	S:TRUE	S:FALSE	S:FALSE	N:	N:	N:	N:
S:Svil	S:SVIL	S: 6	D:0.4071310	D:1.709966e-04	D:1.340517e-03	D:-2.614238e-02	D:7.987181e-01	D:9.314900e-01	D:0.4332734	D:3.762822e-03	D:1.407694e-01	S:TRUE	S:FALSE	S:TRUE	S:FALSE	S:TRUE	S:FALSE	S:FALSE	N:	N:	N:	N:
S:Nmral1	S:NMRAL1	S: 6	D:0.6182531	D:7.661077e-03	D:2.524181e-02	D:-3.399189e-01	D:1.415603e-01	D:3.919436e-01	D:0.9581720	D:3.764137e-03	D:1.407694e-01	S:TRUE	S:FALSE	S:TRUE	S:FALSE	S:TRUE	S:FALSE	S:FALSE	N:	N:	N:	N:
S:Iffo1	S:IFFO1	S: 6	D:0.3547315	D:4.779086e-03	D:1.748162e-02	D:-1.655672e-01	D:1.884916e-01	D:4.641812e-01	D:0.5202987	D:3.769004e-03	D:1.407694e-01	S:TRUE	S:FALSE	S:TRUE	S:FALSE	S:TRUE	S:FALSE	S:FALSE	N:	N:	N:	N:
S:Rgs14	S:RGS14	S: 6	D:0.7961841	D:3.428362e-03	D:1.351621e-02	D:-3.815863e-01	D:1.996507e-01	D:4.812316e-01	D:1.1777705	D:3.806698e-03	D:1.407694e-01	S:TRUE	S:FALSE	S:TRUE	S:FALSE	S:TRUE	S:FALSE	S:FALSE	N:	N:	N:	N:
S:Mlc1	S:MLC1	S: 6	D:0.3597689	D:1.675170e-03	D:7.812793e-03	D:-1.071596e-01	D:3.387026e-01	D:6.399055e-01	D:0.4669285	D:3.815603e-03	D:1.407694e-01	S:TRUE	S:FALSE	S:TRUE	S:FALSE	S:TRUE	S:FALSE	S:FALSE	N:	N:	N:	N:
S:2810468n07rik	S:2810468N07RIK	S: 6	D:0.4373606	D:9.353961e-03	D:2.924026e-02	D:-2.655082e-01	D:1.223999e-01	D:3.593952e-01	D:0.7028688	D:3.822517e-03	D:1.407694e-01	S:TRUE	S:FALSE	S:TRUE	S:FALSE	S:TRUE	S:FALSE	S:FALSE	N:	N:	N:	N:
S:Farsa	S:FARSA	S: 6	D:0.4496007	D:5.117073e-05	D:5.151362e-04	S: 1.555978e-03	D:9.885307e-01	D:9.957965e-01	D:0.4480447	D:3.860541e-03	D:1.407694e-01	S:TRUE	S:FALSE	S:TRUE	S:FALSE	S:TRUE	S:FALSE	S:FALSE	N:	N:	N:	N:
S:Cap1	S:CAP1	S: 6	D:0.3733167	D:2.359753e-11	D:3.478187e-09	S: 1.666650e-01	D:1.075159e-03	D:1.335460e-02	D:0.2066517	D:3.896894e-03	D:1.407694e-01	S:TRUE	S:TRUE	S:TRUE	S:FALSE	S:TRUE	S:FALSE	S:FALSE	N:	N:	N:	N:
S:Slc25a45	S:SLC25A45	S: 6	D:0.6529145	D:6.668937e-03	D:2.269065e-02	D:-3.417777e-01	D:1.580387e-01	D:4.178384e-01	D:0.9946922	D:3.905774e-03	D:1.407694e-01	S:TRUE	S:FALSE	S:TRUE	S:FALSE	S:TRUE	S:FALSE	S:FALSE	N:	N:	N:	N:
S:Kcnip2	S:KCNIP2	S: 6	D:0.5886782	D:1.274282e-07	D:3.997869e-06	S: 1.556120e-01	D:1.378023e-01	D:3.859849e-01	D:0.4330662	D:3.913741e-03	D:1.407694e-01	S:TRUE	S:FALSE	S:TRUE	S:FALSE	S:TRUE	S:FALSE	S:FALSE	N:	N:	N:	N:
S:Iqcd	S:IQCD	S: 6	D:1.4468412	D:5.320487e-04	D:3.228244e-03	D:-2.313271e-01	D:5.640527e-01	D:8.142691e-01	D:1.6781683	D:3.936407e-03	D:1.407694e-01	S:TRUE	S:FALSE	S:TRUE	S:FALSE	S:TRUE	S:FALSE	S:FALSE	N:	N:	N:	N:
S:Arfgap2	S:ARFGAP2	S: 6	D:0.2832704	D:1.165538e-02	D:3.447627e-02	D:-1.793219e-01	D:1.119147e-01	D:3.388673e-01	D:0.4625924	D:4.016620e-03	D:1.407694e-01	S:TRUE	S:FALSE	S:TRUE	S:FALSE	S:TRUE	S:FALSE	S:FALSE	N:	N:	N:	N:
S:Dpp7	S:DPP7	S: 6	D:0.6735599	D:2.895498e-05	D:3.290128e-04	S: 2.811542e-02	D:8.577838e-01	D:9.527273e-01	D:0.6454444	D:4.042238e-03	D:1.407694e-01	S:TRUE	S:FALSE	S:TRUE	S:FALSE	S:TRUE	S:FALSE	S:FALSE	N:	N:	N:	N:
S:Phc1	S:PHC1	S: 6	D:0.3477857	D:2.214946e-04	D:1.630067e-03	D:-3.101402e-02	D:7.349122e-01	D:9.020557e-01	D:0.3787997	D:4.055913e-03	D:1.407694e-01	S:TRUE	S:FALSE	S:TRUE	S:FALSE	S:TRUE	S:FALSE	S:FALSE	N:	N:	N:	N:
S:Cpne6	S:CPNE6	S: 6	D:0.8717903	D:3.688734e-06	D:6.170534e-05	S: 1.302814e-01	D:4.685827e-01	D:7.511004e-01	D:0.7415089	D:4.093909e-03	D:1.407694e-01	S:TRUE	S:FALSE	S:TRUE	S:FALSE	S:TRUE	S:FALSE	S:FALSE	N:	N:	N:	N:
S:Sult2b1	S:SULT2B1	S: 6	D:0.5919035	D:3.607632e-03	D:1.405956e-02	D:-2.230922e-01	D:2.527744e-01	D:5.494096e-01	D:0.8149957	D:4.133846e-03	D:1.407694e-01	S:TRUE	S:FALSE	S:TRUE	S:FALSE	S:TRUE	S:FALSE	S:FALSE	N:	N:	N:	N:
S:Rin1	S:RIN1	S: 6	D:1.1813141	D:3.140797e-16	D:2.336753e-13	S: 6.799034e-01	D:2.014087e-07	D:1.535029e-05	D:0.5014106	D:4.141019e-03	D:1.407694e-01	S:TRUE	S:TRUE	S:TRUE	S:FALSE	S:TRUE	S:FALSE	S:FALSE	N:	N:	N:	N:
S:Arrb2	S:ARRB2	S: 6	D:0.7843413	D:7.842718e-05	D:7.229181e-04	D:-2.047314e-02	D:9.176296e-01	D:9.748965e-01	D:0.8048144	D:4.153089e-03	D:1.407694e-01	S:TRUE	S:FALSE	S:TRUE	S:FALSE	S:TRUE	S:FALSE	S:FALSE	N:	N:	N:	N:
S:Cpne7	S:CPNE7	S: 6	D:0.9842020	D:4.467156e-05	D:4.642366e-04	S: 2.848332e-02	D:9.020131e-01	D:9.688835e-01	D:0.9557186	D:4.198288e-03	D:1.407694e-01	S:TRUE	S:FALSE	S:TRUE	S:FALSE	S:TRUE	S:FALSE	S:FALSE	N:	N:	N:	N:
S:Dtx3	S:DTX3	S: 6	D:0.6770907	D:3.064573e-05	D:3.416706e-04	S: 3.525817e-02	D:8.203223e-01	D:9.375798e-01	D:0.6418325	D:4.202036e-03	D:1.407694e-01	S:TRUE	S:FALSE	S:TRUE	S:FALSE	S:TRUE	S:FALSE	S:FALSE	N:	N:	N:	N:
S:Clk2	S:CLK2	S: 6	D:0.5804065	D:9.046904e-07	D:1.979675e-05	S: 1.182924e-01	D:2.955745e-01	D:5.965126e-01	D:0.4621141	D:4.229328e-03	D:1.407694e-01	S:TRUE	S:FALSE	S:TRUE	S:FALSE	S:TRUE	S:FALSE	S:FALSE	N:	N:	N:	N:
S:Pxn	S:PXN	S: 6	D:0.6526680	D:5.993197e-05	D:5.852357e-04	S: 1.193825e-02	D:9.383128e-01	D:9.816636e-01	D:0.6407298	D:4.238974e-03	D:1.407694e-01	S:TRUE	S:FALSE	S:TRUE	S:FALSE	S:TRUE	S:FALSE	S:FALSE	N:	N:	N:	N:
S:Adra2c	S:ADRA2C	S: 6	D:0.8873284	D:2.151281e-05	D:2.625908e-04	S: 3.595663e-02	D:8.658209e-01	D:9.557336e-01	D:0.8513718	D:4.243074e-03	D:1.407694e-01	S:TRUE	S:FALSE	S:TRUE	S:FALSE	S:TRUE	S:FALSE	S:FALSE	N:	N:	N:	N:
S:Plekhn1	S:PLEKHN1	S: 6	D:1.0891989	D:8.497912e-05	D:7.679084e-04	S: 1.455912e-02	D:9.542916e-01	D:9.857682e-01	D:1.0746398	D:4.244876e-03	D:1.407694e-01	S:TRUE	S:FALSE	S:TRUE	S:FALSE	S:TRUE	S:FALSE	S:FALSE	N:	N:	N:	N:
S:Sox10	S:SOX10	S: 6	D:0.7991226	D:5.860199e-03	D:2.043744e-02	D:-3.685722e-01	D:1.922835e-01	D:4.705216e-01	D:1.1676948	D:4.274764e-03	D:1.410636e-01	S:TRUE	S:FALSE	S:TRUE	S:FALSE	S:TRUE	S:FALSE	S:FALSE	N:	N:	N:	N:
S:Cdk4	S:CDK4	S: 6	D:0.4351105	D:7.358491e-04	D:4.143030e-03	D:-8.666248e-02	D:5.012109e-01	D:7.722799e-01	D:0.5217730	D:4.424593e-03	D:1.410636e-01	S:TRUE	S:FALSE	S:TRUE	S:FALSE	S:TRUE	S:FALSE	S:FALSE	N:	N:	N:	N:
S:Fam116b	S:FAM116B	S: 6	D:0.5592812	D:2.683215e-03	D:1.127253e-02	D:-1.865667e-01	D:3.041793e-01	D:6.061859e-01	D:0.7458479	D:4.448303e-03	D:1.410636e-01	S:TRUE	S:FALSE	S:TRUE	S:FALSE	S:TRUE	S:FALSE	S:FALSE	N:	N:	N:	N:
S:Dgkq	S:DGKQ	S: 6	D:0.3577406	D:1.860074e-04	D:1.426374e-03	D:-2.044135e-02	D:8.242138e-01	D:9.379478e-01	D:0.3781819	D:4.489800e-03	D:1.410636e-01	S:TRUE	S:FALSE	S:TRUE	S:FALSE	S:TRUE	S:FALSE	S:FALSE	N:	N:	N:	N:
S:Nup85	S:NUP85	S: 6	D:0.4552710	D:6.902250e-05	D:6.579668e-04	S: 2.094152e-03	D:9.849981e-01	D:9.949321e-01	D:0.4531768	D:4.537913e-03	D:1.410636e-01	S:TRUE	S:FALSE	S:TRUE	S:FALSE	S:TRUE	S:FALSE	S:FALSE	N:	N:	N:	N:
S:Orai2	S:ORAI2	S: 6	D:0.4294369	D:1.502904e-03	D:7.200664e-03	D:-1.229872e-01	D:3.728905e-01	D:6.737269e-01	D:0.5524241	D:4.545112e-03	D:1.410636e-01	S:TRUE	S:FALSE	S:TRUE	S:FALSE	S:TRUE	S:FALSE	S:FALSE	N:	N:	N:	N:
S:Josd2	S:JOSD2	S: 6	D:0.7048431	D:1.099418e-03	D:5.710538e-03	D:-1.642867e-01	D:4.436148e-01	D:7.349987e-01	D:0.8691298	D:4.548034e-03	D:1.410636e-01	S:TRUE	S:FALSE	S:TRUE	S:FALSE	S:TRUE	S:FALSE	S:FALSE	N:	N:	N:	N:
S:Bcl2l2	S:BCL2L2	S: 6	D:0.2830582	D:1.408083e-05	D:1.862819e-04	S: 2.902099e-02	D:6.399361e-01	D:8.574189e-01	D:0.2540372	D:4.560530e-03	D:1.410636e-01	S:TRUE	S:FALSE	S:TRUE	S:FALSE	S:TRUE	S:TRUE	S:TRUE	N:	N:	N:	N:
S:Map4k2	S:MAP4K2	S: 6	D:0.4722425	D:2.555188e-03	D:1.085064e-02	D:-1.532501e-01	D:3.163610e-01	D:6.183250e-01	D:0.6254926	D:4.568012e-03	D:1.410636e-01	S:TRUE	S:FALSE	S:TRUE	S:FALSE	S:TRUE	S:FALSE	S:FALSE	N:	N:	N:	N:
S:C1qb	S:C1QB	S: 6	D:0.7100397	D:2.865290e-03	D:1.185261e-02	D:-2.523073e-01	D:2.894430e-01	D:5.899880e-01	D:0.9623470	D:4.590179e-03	D:1.410636e-01	S:TRUE	S:FALSE	S:TRUE	S:FALSE	S:TRUE	S:FALSE	S:FALSE	N:	N:	N:	N:
S:Frmd8	S:FRMD8	S: 6	D:0.5882430	D:3.645349e-03	D:1.417142e-02	D:-2.043031e-01	D:2.824538e-01	D:5.821976e-01	D:0.7925461	D:4.621930e-03	D:1.410636e-01	S:TRUE	S:FALSE	S:TRUE	S:FALSE	S:TRUE	S:FALSE	S:FALSE	N:	N:	N:	N:
S:Fhod1	S:FHOD1	S: 6	D:1.0478002	D:7.777356e-05	D:7.194400e-04	S: 1.345217e-02	D:9.573020e-01	D:9.873536e-01	D:1.0343481	D:4.623909e-03	D:1.410636e-01	S:TRUE	S:FALSE	S:TRUE	S:FALSE	S:TRUE	S:FALSE	S:FALSE	N:	N:	N:	N:
S:Olfml3	S:OLFML3	S: 6	D:0.3034208	D:1.246003e-02	D:3.617716e-02	D:-1.994739e-01	D:1.167810e-01	D:3.481371e-01	D:0.5028947	D:4.628839e-03	D:1.410636e-01	S:TRUE	S:FALSE	S:TRUE	S:FALSE	S:TRUE	S:FALSE	S:FALSE	N:	N:	N:	N:
S:Usp21	S:USP21	S: 6	D:0.6512921	D:2.838156e-06	D:5.004893e-05	S: 1.076158e-01	D:4.248107e-01	D:7.192503e-01	D:0.5436764	D:4.629902e-03	D:1.410636e-01	S:TRUE	S:FALSE	S:TRUE	S:FALSE	S:TRUE	S:FALSE	S:FALSE	N:	N:	N:	N:
S:Ndor1	S:NDOR1	S: 6	D:0.4981733	D:3.950998e-03	D:1.509670e-02	D:-2.021302e-01	D:2.455712e-01	D:5.409908e-01	D:0.7003034	D:4.647781e-03	D:1.410636e-01	S:TRUE	S:FALSE	S:TRUE	S:FALSE	S:TRUE	S:FALSE	S:FALSE	N:	N:	N:	N:
S:Maf1	S:MAF1	S: 6	D:0.3232227	D:5.650252e-03	D:1.987830e-02	D:-1.465062e-01	D:2.070021e-01	D:4.909230e-01	D:0.4697289	D:4.697446e-03	D:1.410636e-01	S:TRUE	S:FALSE	S:TRUE	S:FALSE	S:TRUE	S:FALSE	S:FALSE	N:	N:	N:	N:
S:Gpt	S:GPT	S: 6	D:1.1716856	D:2.652097e-05	D:3.078482e-04	S: 9.689754e-02	D:7.099751e-01	D:8.915833e-01	D:1.0747880	D:4.708786e-03	D:1.410636e-01	S:TRUE	S:FALSE	S:TRUE	S:FALSE	S:TRUE	S:FALSE	S:FALSE	N:	N:	N:	N:
S:Nde1	S:NDE1	S: 6	D:0.8493515	D:8.438110e-08	D:2.829121e-06	S: 2.528079e-01	D:8.518834e-02	D:2.888100e-01	D:0.5965436	D:4.744959e-03	D:1.410636e-01	S:TRUE	S:FALSE	S:TRUE	S:FALSE	S:TRUE	S:FALSE	S:FALSE	N:	N:	N:	N:
S:Rpl7l1	S:RPL7L1	S: 6	D:0.4772350	D:4.083322e-08	D:1.569435e-06	S: 1.462362e-01	D:7.767974e-02	D:2.737855e-01	D:0.3309988	D:4.778095e-03	D:1.410636e-01	S:TRUE	S:FALSE	S:TRUE	S:FALSE	S:TRUE	S:FALSE	S:FALSE	N:	N:	N:	N:
S:Mlec	S:MLEC	S: 6	D:0.5496402	D:1.642240e-16	D:1.322567e-13	S: 3.251235e-01	D:5.384813e-08	D:5.068212e-06	D:0.2245167	D:4.884899e-03	D:1.410636e-01	S:TRUE	S:TRUE	S:TRUE	S:FALSE	S:TRUE	S:TRUE	S:TRUE	N:	N:	N:	N:
S:Ddx49	S:DDX49	S: 6	D:0.5702607	D:1.701466e-03	D:7.914174e-03	D:-1.648299e-01	D:3.730645e-01	D:6.737269e-01	D:0.7350906	D:4.893033e-03	D:1.410636e-01	S:TRUE	S:FALSE	S:TRUE	S:FALSE	S:TRUE	S:FALSE	S:FALSE	N:	N:	N:	N:
S:Zfp384	S:ZFP384	S: 6	D:0.4315787	D:2.267762e-09	D:1.458087e-07	S: 1.645691e-01	D:1.402121e-02	D:8.800499e-02	D:0.2670095	D:4.923676e-03	D:1.410636e-01	S:TRUE	S:FALSE	S:TRUE	S:FALSE	S:TRUE	S:FALSE	S:FALSE	N:	N:	N:	N:
S:Erbb3	S:ERBB3	S: 6	D:0.5984954	D:7.488339e-04	D:4.201572e-03	D:-1.008577e-01	D:5.595262e-01	D:8.108361e-01	D:0.6993531	D:4.983186e-03	D:1.410636e-01	S:TRUE	S:FALSE	S:TRUE	S:FALSE	S:TRUE	S:FALSE	S:FALSE	N:	N:	N:	N:
S:C1ql2	S:C1QL2	S: 6	D:0.9171778	D:8.570955e-03	D:2.735702e-02	D:-5.201200e-01	D:1.583783e-01	D:4.185344e-01	D:1.4372978	D:5.034145e-03	D:1.410636e-01	S:TRUE	S:FALSE	S:TRUE	S:FALSE	S:TRUE	S:FALSE	S:FALSE	N:	N:	N:	N:
S:Wdr5	S:WDR5	S: 6	D:0.2768877	D:5.139373e-05	D:5.163830e-04	S: 1.152518e-02	D:8.608179e-01	D:9.540741e-01	D:0.2653625	D:5.080936e-03	D:1.410636e-01	S:TRUE	S:FALSE	S:TRUE	S:FALSE	S:TRUE	S:FALSE	S:FALSE	N:	N:	N:	N:
S:Klhdc7a	S:KLHDC7A	S: 6	D:0.4703887	D:2.851121e-04	D:1.982462e-03	D:-3.231716e-02	D:7.937985e-01	D:9.303396e-01	D:0.5027059	D:5.128287e-03	D:1.410636e-01	S:TRUE	S:FALSE	S:TRUE	S:FALSE	S:TRUE	S:FALSE	S:FALSE	N:	N:	N:	N:
S:Clk3	S:CLK3	S: 6	D:0.6455621	D:4.122636e-08	D:1.578727e-06	S: 2.045505e-01	D:6.501652e-02	D:2.444462e-01	D:0.4410116	D:5.160099e-03	D:1.410636e-01	S:TRUE	S:FALSE	S:TRUE	S:FALSE	S:TRUE	S:FALSE	S:FALSE	N:	N:	N:	N:
S:Rps6kb2	S:RPS6KB2	S: 6	D:0.9438235	D:3.998894e-05	D:4.243867e-04	S: 4.173542e-02	D:8.542659e-01	D:9.511619e-01	D:0.9020880	D:5.174229e-03	D:1.410636e-01	S:TRUE	S:FALSE	S:TRUE	S:FALSE	S:TRUE	S:FALSE	S:FALSE	N:	N:	N:	N:
S:Ddx47	S:DDX47	S: 6	D:0.1589114	D:6.567235e-03	D:2.240806e-02	D:-7.291610e-02	D:2.077539e-01	D:4.920061e-01	D:0.2318275	D:5.214752e-03	D:1.410636e-01	S:TRUE	S:FALSE	S:TRUE	S:FALSE	S:TRUE	S:FALSE	S:FALSE	N:	N:	N:	N:
S:Lct	S:LCT	S: 6	D:1.2687559	D:1.187648e-02	D:3.490399e-02	D:-1.377858e+00	D:8.147130e-02	D:2.815544e-01	D:2.6466141	D:5.216273e-03	D:1.410636e-01	S:TRUE	S:FALSE	S:TRUE	S:FALSE	S:TRUE	S:FALSE	S:FALSE	N:	N:	N:	N:
S:Flcn	S:FLCN	S: 6	D:0.6467225	D:5.296796e-06	D:8.427408e-05	S: 1.026322e-01	D:4.492417e-01	D:7.381123e-01	D:0.5440902	D:5.217661e-03	D:1.410636e-01	S:TRUE	S:FALSE	S:TRUE	S:FALSE	S:TRUE	S:FALSE	S:FALSE	N:	N:	N:	N:
S:Snx11	S:SNX11	S: 6	D:0.3814867	D:3.905422e-04	D:2.532931e-03	D:-4.081243e-02	D:6.988033e-01	D:8.869355e-01	D:0.4222992	D:5.223874e-03	D:1.410636e-01	S:TRUE	S:FALSE	S:TRUE	S:FALSE	S:TRUE	S:FALSE	S:FALSE	N:	N:	N:	N:
S:Dok3	S:DOK3	S: 6	D:3.0301703	D:2.063514e-06	D:3.839099e-05	S: 5.599665e-01	D:3.713516e-01	D:6.722207e-01	D:2.4702038	D:5.261674e-03	D:1.410636e-01	S:TRUE	S:FALSE	S:TRUE	S:FALSE	S:TRUE	S:TRUE	S:TRUE	N:	N:	N:	N:
S:Fth1	S:FTH1	S: 6	D:0.2903081	D:8.992152e-03	D:2.839811e-02	D:-1.496496e-01	D:1.730785e-01	D:4.429157e-01	D:0.4399578	D:5.265400e-03	D:1.410636e-01	S:TRUE	S:FALSE	S:TRUE	S:FALSE	S:TRUE	S:FALSE	S:FALSE	N:	N:	N:	N:
S:Pisd-Ps2	S:PISD-PS2	S: 6	D:0.8186535	D:4.770133e-03	D:1.746001e-02	D:-2.394907e-01	D:3.207176e-01	D:6.219303e-01	D:1.0581442	D:5.348545e-03	D:1.410636e-01	S:TRUE	S:FALSE	S:TRUE	S:FALSE	S:TRUE	S:FALSE	S:FALSE	N:	N:	N:	N:
S:Cyp26b1	S:CYP26B1	S: 6	D:1.5283210	D:3.712207e-04	D:2.430827e-03	D:-3.759709e-01	D:4.751640e-01	D:7.557735e-01	D:1.9042919	D:5.352514e-03	D:1.410636e-01	S:TRUE	S:FALSE	S:TRUE	S:FALSE	S:TRUE	S:FALSE	S:FALSE	N:	N:	N:	N:
S:Cst3	S:CST3	S: 6	D:0.4523513	D:4.669396e-03	D:1.718197e-02	D:-1.771555e-01	D:2.597981e-01	D:5.585613e-01	D:0.6295067	D:5.359076e-03	D:1.410636e-01	S:TRUE	S:FALSE	S:TRUE	S:FALSE	S:TRUE	S:FALSE	S:FALSE	N:	N:	N:	N:
S:Ndrg1	S:NDRG1	S: 6	D:0.3969962	D:1.713863e-02	D:4.576551e-02	D:-2.613409e-01	D:1.126084e-01	D:3.397823e-01	D:0.6583371	D:5.374400e-03	D:1.410636e-01	S:TRUE	S:FALSE	S:TRUE	S:FALSE	S:TRUE	S:FALSE	S:FALSE	N:	N:	N:	N:
S:Sec24c	S:SEC24C	S: 6	D:0.3682768	D:4.495586e-10	D:3.817339e-08	S: 1.547858e-01	D:4.349402e-03	D:3.835321e-02	D:0.2134910	D:5.390277e-03	D:1.410636e-01	S:TRUE	S:TRUE	S:TRUE	S:FALSE	S:TRUE	S:FALSE	S:FALSE	N:	N:	N:	N:
S:Dhx58	S:DHX58	S: 6	D:1.0366159	D:8.918066e-04	D:4.833016e-03	D:-1.406144e-01	D:6.195975e-01	D:8.471682e-01	D:1.1772303	D:5.407396e-03	D:1.410636e-01	S:TRUE	S:FALSE	S:TRUE	S:FALSE	S:TRUE	S:FALSE	S:FALSE	N:	N:	N:	N:
S:Tnxb	S:TNXB	S: 6	D:0.8481436	D:1.624357e-02	D:4.405304e-02	D:-5.512680e-01	D:1.172958e-01	D:3.492182e-01	D:1.3994117	D:5.418043e-03	D:1.410636e-01	S:TRUE	S:FALSE	S:TRUE	S:FALSE	S:TRUE	S:FALSE	S:FALSE	N:	N:	N:	N:
S:Dom3z	S:DOM3Z	S: 6	D:1.1835924	D:5.228583e-06	D:8.335854e-05	S: 1.937961e-01	D:4.342071e-01	D:7.270666e-01	D:0.9897963	D:5.428103e-03	D:1.410636e-01	S:TRUE	S:FALSE	S:TRUE	S:FALSE	S:TRUE	S:FALSE	S:FALSE	N:	N:	N:	N:
S:4933426m11rik	S:4933426M11RIK	S: 6	D:0.3913835	D:1.097039e-08	D:5.343322e-07	S: 1.399530e-01	D:2.734682e-02	D:1.391295e-01	D:0.2514305	D:5.445878e-03	D:1.410636e-01	S:TRUE	S:FALSE	S:TRUE	S:FALSE	S:TRUE	S:FALSE	S:FALSE	N:	N:	N:	N:
S:Fam158a	S:FAM158A	S: 6	D:0.3127643	D:4.804294e-03	D:1.753792e-02	D:-1.280586e-01	D:2.512332e-01	D:5.474572e-01	D:0.4408228	D:5.460265e-03	D:1.410636e-01	S:TRUE	S:FALSE	S:TRUE	S:FALSE	S:TRUE	S:FALSE	S:FALSE	N:	N:	N:	N:
S:Abcb6	S:ABCB6	S: 6	D:0.3586335	D:1.689047e-03	D:7.870466e-03	D:-9.324553e-02	D:4.146617e-01	D:7.112388e-01	D:0.4518791	D:5.467711e-03	D:1.410636e-01	S:TRUE	S:FALSE	S:TRUE	S:FALSE	S:TRUE	S:FALSE	S:FALSE	N:	N:	N:	N:
S:Cabp7	S:CABP7	S: 6	D:0.8274874	D:1.106913e-03	D:5.739932e-03	D:-1.598505e-01	D:5.162072e-01	D:7.826513e-01	D:0.9873380	D:5.477516e-03	D:1.410636e-01	S:TRUE	S:FALSE	S:TRUE	S:FALSE	S:TRUE	S:FALSE	S:FALSE	N:	N:	N:	N:
S:Vat1	S:VAT1	S: 6	D:0.6051912	D:9.958412e-05	D:8.793179e-04	S: 9.721173e-03	D:9.475556e-01	D:9.843813e-01	D:0.5954700	D:5.491572e-03	D:1.410636e-01	S:TRUE	S:FALSE	S:TRUE	S:FALSE	S:TRUE	S:FALSE	S:FALSE	N:	N:	N:	N:
S:1300018i17rik	S:1300018I17RIK	S: 6	D:0.6611144	D:2.105458e-04	D:1.565715e-03	D:-3.723823e-02	D:8.329480e-01	D:9.413366e-01	D:0.6983526	D:5.497026e-03	D:1.410636e-01	S:TRUE	S:FALSE	S:TRUE	S:FALSE	S:TRUE	S:FALSE	S:FALSE	N:	N:	N:	N:
S:Tmem214	S:TMEM214	S: 6	D:0.7779283	D:8.823641e-06	D:1.272951e-04	S: 1.095671e-01	D:5.135544e-01	D:7.805420e-01	D:0.6683612	D:5.498445e-03	D:1.410636e-01	S:TRUE	S:FALSE	S:TRUE	S:FALSE	S:TRUE	S:FALSE	S:FALSE	N:	N:	N:	N:
S:Lamb1	S:LAMB1	S: 6	D:0.3383882	D:1.159937e-02	D:3.434312e-02	D:-2.077388e-01	D:1.425956e-01	D:3.941118e-01	D:0.5461270	D:5.542281e-03	D:1.417227e-01	S:TRUE	S:FALSE	S:TRUE	S:FALSE	S:TRUE	S:FALSE	S:FALSE	N:	N:	N:	N:
S:Clasrp	S:CLASRP	S: 6	D:0.6756391	D:3.352005e-03	D:1.331597e-02	D:-2.306977e-01	D:3.133192e-01	D:6.162085e-01	D:0.9063368	D:5.593416e-03	D:1.423315e-01	S:TRUE	S:FALSE	S:TRUE	S:FALSE	S:TRUE	S:FALSE	S:FALSE	N:	N:	N:	N:
S:Bin1	S:BIN1	S: 6	D:0.5358078	D:7.322228e-04	D:4.127074e-03	D:-7.829449e-02	D:6.113079e-01	D:8.419448e-01	D:0.6141023	D:5.701503e-03	D:1.436779e-01	S:TRUE	S:FALSE	S:TRUE	S:FALSE	S:TRUE	S:FALSE	S:FALSE	N:	N:	N:	N:
S:Porcn	S:PORCN	S: 6	D:0.3997920	D:4.392031e-03	D:1.636954e-02	D:-1.583261e-01	D:2.679725e-01	D:5.662432e-01	D:0.5581181	D:5.711799e-03	D:1.437055e-01	S:TRUE	S:FALSE	S:TRUE	S:FALSE	S:TRUE	S:FALSE	S:FALSE	N:	N:	N:	N:
S:Gdi1	S:GDI1	S: 6	D:0.1181579	D:6.730478e-03	D:2.284035e-02	D:-5.226668e-02	D:2.233272e-01	D:5.122650e-01	D:0.1704246	D:5.741620e-03	D:1.439042e-01	S:TRUE	S:FALSE	S:TRUE	S:FALSE	S:TRUE	S:FALSE	S:FALSE	N:	N:	N:	N:
S:Adamts10	S:ADAMTS10	S: 6	D:0.8044840	D:9.147177e-05	D:8.173194e-04	S: 3.814276e-03	D:9.851063e-01	D:9.949771e-01	D:0.8006698	D:5.748992e-03	D:1.439042e-01	S:TRUE	S:FALSE	S:TRUE	S:FALSE	S:TRUE	S:FALSE	S:FALSE	N:	N:	N:	N:
S:Prkcd	S:PRKCD	S: 6	D:0.8705357	D:6.801607e-03	D:2.300678e-02	D:-4.045019e-01	D:2.145690e-01	D:5.010367e-01	D:1.2750376	D:5.767062e-03	D:1.439042e-01	S:TRUE	S:FALSE	S:TRUE	S:FALSE	S:TRUE	S:FALSE	S:FALSE	N:	N:	N:	N:
S:Slc50a1	S:SLC50A1	S: 6	D:0.6310103	D:3.369393e-04	D:2.262286e-03	D:-5.473454e-02	D:7.533940e-01	D:9.110034e-01	D:0.6857448	D:5.770135e-03	D:1.439042e-01	S:TRUE	S:FALSE	S:TRUE	S:FALSE	S:TRUE	S:FALSE	S:FALSE	N:	N:	N:	N:
S:Hpca	S:HPCA	S: 6	D:0.3377967	D:1.565165e-02	D:4.288354e-02	D:-2.104476e-01	D:1.293713e-01	D:3.713572e-01	D:0.5482444	D:5.816775e-03	D:1.439386e-01	S:TRUE	S:FALSE	S:TRUE	S:FALSE	S:TRUE	S:FALSE	S:FALSE	N:	N:	N:	N:
S:Pabpn1	S:PABPN1	S: 6	D:0.8018490	D:7.625555e-08	D:2.618498e-06	S: 2.532715e-01	D:6.847538e-02	D:2.519765e-01	D:0.5485775	D:5.842341e-03	D:1.439386e-01	S:TRUE	S:FALSE	S:TRUE	S:FALSE	S:TRUE	S:FALSE	S:FALSE	N:	N:	N:	N:
S:Hps4	S:HPS4	S: 6	D:0.6478572	D:2.012017e-06	D:3.769275e-05	S: 1.358198e-01	D:2.951870e-01	D:5.961385e-01	D:0.5120374	D:5.888254e-03	D:1.441976e-01	S:TRUE	S:FALSE	S:TRUE	S:FALSE	S:TRUE	S:FALSE	S:FALSE	N:	N:	N:	N:
S:Gsn	S:GSN	S: 6	D:0.6131552	D:1.305044e-02	D:3.744187e-02	D:-3.789488e-01	D:1.416727e-01	D:3.921852e-01	D:0.9921039	D:5.907788e-03	D:1.444100e-01	S:TRUE	S:FALSE	S:TRUE	S:FALSE	S:TRUE	S:FALSE	S:FALSE	N:	N:	N:	N:
S:Tagln2	S:TAGLN2	S: 6	D:0.5428155	D:5.359995e-04	D:3.245913e-03	D:-7.250520e-02	D:6.464012e-01	D:8.602747e-01	D:0.6153207	D:5.915414e-03	D:1.444100e-01	S:TRUE	S:FALSE	S:TRUE	S:FALSE	S:TRUE	S:FALSE	S:FALSE	N:	N:	N:	N:
S:Brd9	S:BRD9	S: 6	D:0.3072771	D:3.072517e-05	D:3.421597e-04	S: 2.744022e-02	D:6.979096e-01	D:8.866482e-01	D:0.2798369	D:5.958618e-03	D:1.448451e-01	S:TRUE	S:FALSE	S:TRUE	S:FALSE	S:TRUE	S:FALSE	S:FALSE	N:	N:	N:	N:
S:Tprn	S:TPRN	S: 6	D:0.5843597	D:1.420001e-02	D:3.986720e-02	D:-3.570608e-01	D:1.392570e-01	D:3.884576e-01	D:0.9414205	D:5.970317e-03	D:1.448451e-01	S:TRUE	S:FALSE	S:TRUE	S:FALSE	S:TRUE	S:FALSE	S:FALSE	N:	N:	N:	N:
S:Cotl1	S:COTL1	S: 6	D:0.9471310	D:1.322766e-04	D:1.092331e-03	D:-1.177988e-02	D:9.617395e-01	D:9.889573e-01	D:0.9589108	D:6.019263e-03	D:1.449512e-01	S:TRUE	S:FALSE	S:TRUE	S:FALSE	S:TRUE	S:FALSE	S:FALSE	N:	N:	N:	N:
S:Toe1	S:TOE1	S: 6	D:0.3824475	D:3.036612e-03	D:1.237749e-02	D:-1.208205e-01	D:3.466918e-01	D:6.482424e-01	D:0.5032680	D:6.048383e-03	D:1.449512e-01	S:TRUE	S:FALSE	S:TRUE	S:FALSE	S:TRUE	S:FALSE	S:FALSE	N:	N:	N:	N:
S:Fbln1	S:FBLN1	S: 6	D:0.6479655	D:3.046953e-03	D:1.240375e-02	D:-2.090065e-01	D:3.412771e-01	D:6.423460e-01	D:0.8569720	D:6.048942e-03	D:1.449512e-01	S:TRUE	S:FALSE	S:TRUE	S:FALSE	S:TRUE	S:FALSE	S:FALSE	N:	N:	N:	N:
S:Rab40c	S:RAB40C	S: 6	D:0.7068282	D:8.194904e-05	D:7.470081e-04	S: 8.126651e-03	D:9.641080e-01	D:9.892518e-01	D:0.6987016	D:6.054746e-03	D:1.449512e-01	S:TRUE	S:FALSE	S:TRUE	S:FALSE	S:TRUE	S:TRUE	S:TRUE	N:	N:	N:	N:
S:Tlr5	S:TLR5	S: 6	D:0.7664283	D:1.246427e-02	D:3.617716e-02	D:-4.383185e-01	D:1.554836e-01	D:4.134234e-01	D:1.2047468	D:6.067466e-03	D:1.449512e-01	S:TRUE	S:FALSE	S:TRUE	S:FALSE	S:TRUE	S:FALSE	S:FALSE	N:	N:	N:	N:
S:Plxnb3	S:PLXNB3	S: 6	D:0.7887394	D:1.157849e-03	D:5.929282e-03	D:-1.244457e-01	D:5.812260e-01	D:8.228471e-01	D:0.9131851	D:6.094120e-03	D:1.451441e-01	S:TRUE	S:FALSE	S:TRUE	S:FALSE	S:TRUE	S:FALSE	S:FALSE	N:	N:	N:	N:
S:Map4k4	S:MAP4K4	S: 6	D:0.1999958	D:8.908095e-03	D:2.820265e-02	D:-9.701723e-02	D:1.989437e-01	D:4.804446e-01	D:0.2970130	D:6.142722e-03	D:1.453899e-01	S:TRUE	S:FALSE	S:TRUE	S:FALSE	S:TRUE	S:FALSE	S:FALSE	N:	N:	N:	N:
S:Gba	S:GBA	S: 6	D:0.5584167	D:1.483757e-06	D:2.949392e-05	S: 1.239143e-01	D:2.650799e-01	D:5.637624e-01	D:0.4345024	D:6.149848e-03	D:1.453899e-01	S:TRUE	S:FALSE	S:TRUE	S:FALSE	S:TRUE	S:FALSE	S:FALSE	N:	N:	N:	N:
S:Gng7	S:GNG7	S: 6	D:0.3369604	D:3.182896e-03	D:1.280700e-02	D:-1.054559e-01	D:3.490004e-01	D:6.504175e-01	D:0.4424163	D:6.169579e-03	D:1.453899e-01	S:TRUE	S:FALSE	S:TRUE	S:FALSE	S:TRUE	S:FALSE	S:FALSE	N:	N:	N:	N:
S:Phkg1	S:PHKG1	S: 6	D:0.4241918	D:5.880592e-03	D:2.049484e-02	D:-1.772187e-01	D:2.511443e-01	D:5.474572e-01	D:0.6014105	D:6.230177e-03	D:1.455762e-01	S:TRUE	S:FALSE	S:TRUE	S:FALSE	S:TRUE	S:FALSE	S:FALSE	N:	N:	N:	N:
S:Spns2	S:SPNS2	S: 6	D:0.8883227	D:2.500142e-07	D:6.963662e-06	S: 2.594481e-01	D:1.044486e-01	D:3.257945e-01	D:0.6288745	D:6.281406e-03	D:1.459830e-01	S:TRUE	S:FALSE	S:TRUE	S:FALSE	S:TRUE	S:FALSE	S:FALSE	N:	N:	N:	N:
S:Slc46a1	S:SLC46A1	S: 6	D:0.8438230	D:6.652977e-06	D:1.008207e-04	S: 1.392460e-01	D:4.400627e-01	D:7.315604e-01	D:0.7045770	D:6.286851e-03	D:1.459830e-01	S:TRUE	S:FALSE	S:TRUE	S:FALSE	S:TRUE	S:FALSE	S:FALSE	N:	N:	N:	N:
S:Tarbp2	S:TARBP2	S: 6	D:0.6148299	D:1.884730e-03	D:8.565161e-03	D:-1.449773e-01	D:4.542196e-01	D:7.419474e-01	D:0.7598072	D:6.376641e-03	D:1.471206e-01	S:TRUE	S:FALSE	S:TRUE	S:FALSE	S:TRUE	S:FALSE	S:FALSE	N:	N:	N:	N:
S:Nudt8	S:NUDT8	S: 6	D:0.6776313	D:3.856750e-03	D:1.480901e-02	D:-2.184352e-01	D:3.353461e-01	D:6.368600e-01	D:0.8960665	D:6.379779e-03	D:1.471206e-01	S:TRUE	S:FALSE	S:TRUE	S:FALSE	S:TRUE	S:FALSE	S:FALSE	N:	N:	N:	N:
S:Klhl17	S:KLHL17	S: 6	D:0.6616660	D:2.714144e-04	D:1.909012e-03	D:-3.675224e-02	D:8.379494e-01	D:9.439846e-01	D:0.6984182	D:6.389099e-03	D:1.471206e-01	S:TRUE	S:FALSE	S:TRUE	S:FALSE	S:TRUE	S:FALSE	S:FALSE	N:	N:	N:	N:
S:Miip	S:MIIP	S: 6	D:0.6709910	D:4.067796e-03	D:1.542229e-02	D:-2.413712e-01	D:3.073192e-01	D:6.092044e-01	D:0.9123622	D:6.435590e-03	D:1.473969e-01	S:TRUE	S:FALSE	S:TRUE	S:FALSE	S:TRUE	S:FALSE	S:FALSE	N:	N:	N:	N:
S:Sirt7	S:SIRT7	S: 6	D:0.8685548	D:6.094166e-07	D:1.438297e-05	S: 2.237038e-01	D:1.783447e-01	D:4.495737e-01	D:0.6448510	D:6.459806e-03	D:1.473969e-01	S:TRUE	S:FALSE	S:TRUE	S:FALSE	S:TRUE	S:FALSE	S:FALSE	N:	N:	N:	N:
S:Ssr4	S:SSR4	S: 6	D:0.3534966	D:9.168000e-04	D:4.946161e-03	D:-6.047638e-02	D:5.730372e-01	D:8.198017e-01	D:0.4139730	D:6.466863e-03	D:1.473969e-01	S:TRUE	S:FALSE	S:TRUE	S:FALSE	S:TRUE	S:FALSE	S:FALSE	N:	N:	N:	N:
S:Spns1	S:SPNS1	S: 6	D:0.7662001	D:4.826309e-04	D:3.000646e-03	D:-8.383548e-02	D:7.036746e-01	D:8.890166e-01	D:0.8500355	D:6.471728e-03	D:1.473969e-01	S:TRUE	S:FALSE	S:TRUE	S:FALSE	S:TRUE	S:FALSE	S:FALSE	N:	N:	N:	N:
S:Limk2	S:LIMK2	S: 6	D:0.5118775	D:9.692601e-06	D:1.369233e-04	S: 8.028625e-02	D:4.662382e-01	D:7.495339e-01	D:0.4315913	D:6.483653e-03	D:1.474536e-01	S:TRUE	S:FALSE	S:TRUE	S:FALSE	S:TRUE	S:TRUE	S:TRUE	N:	N:	N:	N:
S:Dlec1	S:DLEC1	S: 6	D:0.7671413	D:1.999969e-03	D:8.963718e-03	D:-2.253565e-01	D:3.932922e-01	D:6.936220e-01	D:0.9924979	D:6.520248e-03	D:1.479827e-01	S:TRUE	S:FALSE	S:TRUE	S:FALSE	S:TRUE	S:FALSE	S:FALSE	N:	N:	N:	N:
S:Carhsp1	S:CARHSP1	S: 6	D:0.5848568	D:9.181789e-04	D:4.951890e-03	D:-8.018387e-02	D:6.332929e-01	D:8.543794e-01	D:0.6650407	D:6.571424e-03	D:1.485846e-01	S:TRUE	S:FALSE	S:TRUE	S:FALSE	S:TRUE	S:FALSE	S:FALSE	N:	N:	N:	N:
S:Spry1	S:SPRY1	S: 6	D:0.4444249	D:1.153244e-03	D:5.911513e-03	D:-8.605379e-02	D:5.329187e-01	D:7.940002e-01	D:0.5304787	D:6.602729e-03	D:1.486470e-01	S:TRUE	S:FALSE	S:TRUE	S:FALSE	S:TRUE	S:FALSE	S:FALSE	N:	N:	N:	N:
S:Plin3	S:PLIN3	S: 6	D:0.4870693	D:1.029264e-02	D:3.135963e-02	D:-2.320991e-01	D:2.013631e-01	D:4.836428e-01	D:0.7191684	D:6.638607e-03	D:1.490253e-01	S:TRUE	S:FALSE	S:TRUE	S:FALSE	S:TRUE	S:FALSE	S:FALSE	N:	N:	N:	N:
S:Arhgef1	S:ARHGEF1	S: 6	D:1.0063783	D:1.856991e-04	D:1.425731e-03	D:-1.405086e-02	D:9.572542e-01	D:9.873536e-01	D:1.0204292	D:6.658297e-03	D:1.490741e-01	S:TRUE	S:FALSE	S:TRUE	S:FALSE	S:TRUE	S:FALSE	S:FALSE	N:	N:	N:	N:
S:Elp2	S:ELP2	S: 6	D:0.1013115	D:4.815812e-03	D:1.756355e-02	D:-3.638875e-02	D:3.026636e-01	D:6.039357e-01	D:0.1377002	D:6.663945e-03	D:1.490741e-01	S:TRUE	S:FALSE	S:TRUE	S:FALSE	S:TRUE	S:FALSE	S:FALSE	N:	N:	N:	N:
S:Ifi30	S:IFI30	S: 6	D:0.8013796	D:5.757296e-03	D:2.014602e-02	D:-3.049941e-01	D:2.801186e-01	D:5.797553e-01	D:1.1063737	D:6.697071e-03	D:1.494786e-01	S:TRUE	S:FALSE	S:TRUE	S:FALSE	S:TRUE	S:FALSE	S:FALSE	N:	N:	N:	N:
S:Zfp358	S:ZFP358	S: 6	D:0.3659286	D:1.845039e-02	D:4.817328e-02	D:-2.424307e-01	D:1.280364e-01	D:3.690170e-01	D:0.6083593	D:6.730367e-03	D:1.495807e-01	S:TRUE	S:FALSE	S:TRUE	S:FALSE	S:TRUE	S:FALSE	S:FALSE	N:	N:	N:	N:
S:Taf6	S:TAF6	S: 6	D:0.5033825	D:2.453387e-04	D:1.772156e-03	D:-1.806347e-02	D:8.932070e-01	D:9.659099e-01	D:0.5214460	D:6.752031e-03	D:1.496365e-01	S:TRUE	S:FALSE	S:TRUE	S:FALSE	S:TRUE	S:FALSE	S:FALSE	N:	N:	N:	N:
S:Phkg2	S:PHKG2	S: 6	D:0.4417906	D:5.709271e-05	D:5.632545e-04	S: 2.640884e-02	D:8.062295e-01	D:9.344046e-01	D:0.4153818	D:6.779038e-03	D:1.500222e-01	S:TRUE	S:FALSE	S:TRUE	S:FALSE	S:TRUE	S:FALSE	S:FALSE	N:	N:	N:	N:
S:Gm15265	S:GM15265	S: 6	D:0.6921853	D:3.114499e-03	D:1.260319e-02	D:-1.718742e-01	D:4.226827e-01	D:7.178546e-01	D:0.8640595	D:6.822663e-03	D:1.505751e-01	S:TRUE	S:FALSE	S:TRUE	S:FALSE	S:TRUE	S:FALSE	S:FALSE	N:	N:	N:	N:
S:Plch2	S:PLCH2	S: 6	D:0.7897504	D:6.535917e-05	D:6.275096e-04	S: 4.942569e-02	D:7.949375e-01	D:9.303717e-01	D:0.7403247	D:6.842573e-03	D:1.505751e-01	S:TRUE	S:FALSE	S:TRUE	S:FALSE	S:TRUE	S:FALSE	S:FALSE	N:	N:	N:	N:
S:Naa10	S:NAA10	S: 6	D:0.3891511	D:2.361813e-03	D:1.020774e-02	D:-9.990969e-02	D:4.289964e-01	D:7.230737e-01	D:0.4890608	D:6.875403e-03	D:1.506610e-01	S:TRUE	S:FALSE	S:TRUE	S:FALSE	S:TRUE	S:FALSE	S:FALSE	N:	N:	N:	N:
S:Cbr3	S:CBR3	S: 6	D:0.5478420	D:3.161164e-03	D:1.274910e-02	D:-1.471680e-01	D:4.041391e-01	D:7.018291e-01	D:0.6950099	D:6.994423e-03	D:1.515685e-01	S:TRUE	S:FALSE	S:TRUE	S:FALSE	S:TRUE	S:FALSE	S:FALSE	N:	N:	N:	N:
S:Pdcl3	S:PDCL3	S: 6	D:0.3267270	D:4.696511e-06	D:7.572579e-05	S: 6.277404e-02	D:3.591734e-01	D:6.605916e-01	D:0.2639529	D:7.008503e-03	D:1.516632e-01	S:TRUE	S:FALSE	S:TRUE	S:FALSE	S:TRUE	S:FALSE	S:FALSE	N:	N:	N:	N:
S:Rpp21	S:RPP21	S: 6	D:0.6684780	D:2.796780e-03	D:1.162461e-02	D:-2.039550e-01	D:3.777052e-01	D:6.790090e-01	D:0.8724330	D:7.060157e-03	D:1.519392e-01	S:TRUE	S:FALSE	S:TRUE	S:FALSE	S:TRUE	S:FALSE	S:FALSE	N:	N:	N:	N:
S:Rasgrp4	S:RASGRP4	S: 6	D:0.5186663	D:1.090735e-02	D:3.278501e-02	D:-2.688092e-01	D:1.929064e-01	D:4.713856e-01	D:0.7874755	D:7.101013e-03	D:1.522807e-01	S:TRUE	S:FALSE	S:TRUE	S:FALSE	S:TRUE	S:FALSE	S:FALSE	N:	N:	N:	N:
S:Dvl2	S:DVL2	S: 6	D:0.6340284	D:5.922131e-04	D:3.519489e-03	D:-6.835801e-02	D:7.091126e-01	D:8.915833e-01	D:0.7023864	D:7.114814e-03	D:1.522807e-01	S:TRUE	S:FALSE	S:TRUE	S:FALSE	S:TRUE	S:FALSE	S:FALSE	N:	N:	N:	N:
S:Arhgef25	S:ARHGEF25	S: 6	D:0.3191496	D:5.606067e-04	D:3.363640e-03	D:-2.867675e-02	D:7.491930e-01	D:9.097218e-01	D:0.3478264	D:7.115010e-03	D:1.522807e-01	S:TRUE	S:FALSE	S:TRUE	S:FALSE	S:TRUE	S:FALSE	S:FALSE	N:	N:	N:	N:
S:Sdccag3	S:SDCCAG3	S: 6	D:0.4632830	D:1.198498e-06	D:2.476896e-05	S: 1.162063e-01	D:1.983210e-01	D:4.794317e-01	D:0.3470767	D:7.306422e-03	D:1.534126e-01	S:TRUE	S:FALSE	S:TRUE	S:FALSE	S:TRUE	S:FALSE	S:FALSE	N:	N:	N:	N:
S:Hdac10	S:HDAC10	S: 6	D:0.8882019	D:1.008550e-03	D:5.312738e-03	D:-1.337235e-01	D:6.162726e-01	D:8.448401e-01	D:1.0219254	D:7.365542e-03	D:1.539751e-01	S:TRUE	S:FALSE	S:TRUE	S:FALSE	S:TRUE	S:FALSE	S:FALSE	N:	N:	N:	N:
S:Vps37c	S:VPS37C	S: 6	D:0.6802265	D:5.019356e-05	D:5.079974e-04	S: 5.198332e-02	D:7.524388e-01	D:9.107557e-01	D:0.6282432	D:7.376399e-03	D:1.539751e-01	S:TRUE	S:FALSE	S:TRUE	S:FALSE	S:TRUE	S:FALSE	S:FALSE	N:	N:	N:	N:
S:Wipf3	S:WIPF3	S: 6	D:0.7823379	D:2.218171e-07	D:6.255722e-06	S: 2.394153e-01	D:9.127844e-02	D:3.020191e-01	D:0.5429226	D:7.396460e-03	D:1.539751e-01	S:TRUE	S:FALSE	S:TRUE	S:FALSE	S:TRUE	S:FALSE	S:FALSE	N:	N:	N:	N:
S:Taf6l	S:TAF6L	S: 6	D:0.6860168	D:8.001231e-03	D:2.605486e-02	D:-3.081852e-01	D:2.397255e-01	D:5.329008e-01	D:0.9942020	D:7.401131e-03	D:1.539751e-01	S:TRUE	S:FALSE	S:TRUE	S:FALSE	S:TRUE	S:FALSE	S:FALSE	N:	N:	N:	N:
S:Fam193b	S:FAM193B	S: 6	D:0.9126696	D:7.113917e-05	D:6.724008e-04	S: 5.026170e-02	D:8.246309e-01	D:9.379478e-01	D:0.8624079	D:7.440295e-03	D:1.542670e-01	S:TRUE	S:FALSE	S:TRUE	S:FALSE	S:TRUE	S:TRUE	S:TRUE	N:	N:	N:	N:
S:Llgl1	S:LLGL1	S: 6	D:0.7907954	D:1.550096e-03	D:7.369048e-03	D:-1.609264e-01	D:5.205191e-01	D:7.851032e-01	D:0.9517218	D:7.447511e-03	D:1.542670e-01	S:TRUE	S:FALSE	S:TRUE	S:FALSE	S:TRUE	S:FALSE	S:FALSE	N:	N:	N:	N:
S:Abhd4	S:ABHD4	S: 6	D:0.3313690	D:6.362148e-03	D:2.184664e-02	D:-1.292123e-01	D:2.829473e-01	D:5.829841e-01	D:0.4605813	D:7.498810e-03	D:1.542670e-01	S:TRUE	S:FALSE	S:TRUE	S:FALSE	S:TRUE	S:FALSE	S:FALSE	N:	N:	N:	N:
S:Wbp1	S:WBP1	S: 6	D:0.8834272	D:2.833074e-05	D:3.238036e-04	S: 8.707975e-02	D:6.810947e-01	D:8.803116e-01	D:0.7963475	D:7.500181e-03	D:1.542670e-01	S:TRUE	S:FALSE	S:TRUE	S:FALSE	S:TRUE	S:FALSE	S:FALSE	N:	N:	N:	N:
S:Kif1c	S:KIF1C	S: 6	D:0.3882193	D:6.138259e-03	D:2.119897e-02	D:-1.464085e-01	D:2.924904e-01	D:5.936208e-01	D:0.5346277	D:7.513902e-03	D:1.542670e-01	S:TRUE	S:FALSE	S:TRUE	S:FALSE	S:TRUE	S:FALSE	S:FALSE	N:	N:	N:	N:
S:Relb	S:RELB	S: 6	D:0.8755222	D:5.218784e-04	D:3.177641e-03	D:-7.097625e-02	D:7.741281e-01	D:9.215221e-01	D:0.9464985	D:7.552585e-03	D:1.542964e-01	S:TRUE	S:FALSE	S:TRUE	S:FALSE	S:TRUE	S:FALSE	S:FALSE	N:	N:	N:	N:
S:Pisd	S:PISD	S: 6	D:0.3139399	D:6.019586e-03	D:2.087681e-02	D:-1.077666e-01	D:3.150784e-01	D:6.173895e-01	D:0.4217065	D:7.552641e-03	D:1.542964e-01	S:TRUE	S:FALSE	S:TRUE	S:FALSE	S:TRUE	S:FALSE	S:FALSE	N:	N:	N:	N:
S:Scnm1	S:SCNM1	S: 6	D:0.3596677	D:6.186188e-04	D:3.635249e-03	D:-3.588804e-02	D:7.305368e-01	D:9.000728e-01	D:0.3955557	D:7.704799e-03	D:1.545792e-01	S:TRUE	S:FALSE	S:TRUE	S:FALSE	S:TRUE	S:FALSE	S:FALSE	N:	N:	N:	N:
S:Recql5	S:RECQL5	S: 6	D:0.5308534	D:1.351690e-04	D:1.113078e-03	S: 1.107850e-02	D:9.355648e-01	D:9.804504e-01	D:0.5197749	D:7.731488e-03	D:1.545792e-01	S:TRUE	S:FALSE	S:TRUE	S:FALSE	S:TRUE	S:FALSE	S:FALSE	N:	N:	N:	N:
S:Lrrc10b	S:LRRC10B	S: 6	D:1.7150772	D:4.206434e-03	D:1.581741e-02	D:-9.028751e-01	D:2.405838e-01	D:5.338722e-01	D:2.6179523	D:7.759328e-03	D:1.545792e-01	S:TRUE	S:FALSE	S:TRUE	S:FALSE	S:TRUE	S:FALSE	S:FALSE	N:	N:	N:	N:
S:Ring1	S:RING1	S: 6	D:0.7720579	D:2.857166e-04	D:1.984899e-03	D:-3.126021e-02	D:8.835061e-01	D:9.628164e-01	D:0.8033181	D:7.773862e-03	D:1.545792e-01	S:TRUE	S:FALSE	S:TRUE	S:FALSE	S:TRUE	S:FALSE	S:FALSE	N:	N:	N:	N:
S:Pick1	S:PICK1	S: 6	D:0.5399728	D:1.694811e-05	D:2.168692e-04	S: 7.804185e-02	D:5.210322e-01	D:7.851090e-01	D:0.4619309	D:7.796986e-03	D:1.545792e-01	S:TRUE	S:FALSE	S:TRUE	S:FALSE	S:TRUE	S:FALSE	S:FALSE	N:	N:	N:	N:
S:Shisa6	S:SHISA6	S: 6	D:0.5585439	D:1.699218e-02	D:4.549100e-02	D:-3.355612e-01	D:1.573965e-01	D:4.169487e-01	D:0.8941051	D:7.820771e-03	D:1.545792e-01	S:TRUE	S:FALSE	S:TRUE	S:FALSE	S:TRUE	S:FALSE	S:FALSE	N:	N:	N:	N:
S:2010300c02rik	S:2010300C02RIK	S: 6	D:0.4208003	D:4.822355e-03	D:1.757921e-02	D:-1.395116e-01	D:3.412406e-01	D:6.423460e-01	D:0.5603119	D:7.821379e-03	D:1.545792e-01	S:TRUE	S:FALSE	S:TRUE	S:FALSE	S:TRUE	S:FALSE	S:FALSE	N:	N:	N:	N:
S:Bst2	S:BST2	S: 6	D:0.7343631	D:1.573440e-02	D:4.305328e-02	D:-4.484326e-01	D:1.601499e-01	D:4.212427e-01	D:1.1827956	D:7.822188e-03	D:1.545792e-01	S:TRUE	S:FALSE	S:TRUE	S:FALSE	S:TRUE	S:FALSE	S:FALSE	N:	N:	N:	N:
S:Cgn	S:CGN	S: 6	D:0.4648280	D:3.645114e-03	D:1.417142e-02	D:-1.269894e-01	D:4.072586e-01	D:7.046520e-01	D:0.5918174	D:7.908915e-03	D:1.548482e-01	S:TRUE	S:FALSE	S:TRUE	S:FALSE	S:TRUE	S:FALSE	S:FALSE	N:	N:	N:	N:
S:2610002j02rik	S:2610002J02RIK	S: 6	D:0.4119809	D:1.672746e-02	D:4.492287e-02	D:-2.438208e-01	D:1.620129e-01	D:4.242961e-01	D:0.6558017	D:7.966405e-03	D:1.553351e-01	S:TRUE	S:FALSE	S:TRUE	S:FALSE	S:TRUE	S:FALSE	S:FALSE	N:	N:	N:	N:
S:Nod1	S:NOD1	S: 6	D:0.8941283	D:1.818765e-04	D:1.401961e-03	S: 1.200861e-02	D:9.586834e-01	D:9.877000e-01	D:0.8821197	D:8.029515e-03	D:1.553351e-01	S:TRUE	S:FALSE	S:TRUE	S:FALSE	S:TRUE	S:FALSE	S:FALSE	N:	N:	N:	N:
S:Rpl10a	S:RPL10A	S: 6	D:0.5927063	D:1.715798e-04	D:1.343740e-03	S: 7.723316e-04	D:9.961000e-01	D:9.985562e-01	D:0.5919340	D:8.030816e-03	D:1.553351e-01	S:TRUE	S:FALSE	S:TRUE	S:FALSE	S:TRUE	S:FALSE	S:FALSE	N:	N:	N:	N:
S:Ubl5	S:UBL5	S: 6	D:0.4057829	D:1.460619e-03	D:7.047782e-03	D:-7.298869e-02	D:5.651176e-01	D:8.151969e-01	D:0.4787716	D:8.073752e-03	D:1.553351e-01	S:TRUE	S:FALSE	S:TRUE	S:FALSE	S:TRUE	S:FALSE	S:FALSE	N:	N:	N:	N:
S:Fez1	S:FEZ1	S: 6	D:0.1865479	D:1.731509e-03	D:8.018106e-03	D:-3.482816e-02	D:5.488211e-01	D:8.034839e-01	D:0.2213761	D:8.093178e-03	D:1.553351e-01	S:TRUE	S:FALSE	S:TRUE	S:FALSE	S:TRUE	S:FALSE	S:FALSE	N:	N:	N:	N:
S:Mesdc2	S:MESDC2	S: 6	D:0.1389083	D:1.147545e-02	D:3.407665e-02	D:-6.771111e-02	D:2.149346e-01	D:5.016638e-01	D:0.2066194	D:8.143655e-03	D:1.553737e-01	S:TRUE	S:FALSE	S:TRUE	S:FALSE	S:TRUE	S:FALSE	S:FALSE	N:	N:	N:	N:
S:Piwil2	S:PIWIL2	S: 6	D:1.2684563	D:3.671266e-07	D:9.430706e-06	S: 3.840746e-01	D:9.926448e-02	D:3.171269e-01	D:0.8843816	D:8.157333e-03	D:1.553737e-01	S:TRUE	S:FALSE	S:TRUE	S:FALSE	S:TRUE	S:FALSE	S:FALSE	N:	N:	N:	N:
S:Ubxn11	S:UBXN11	S: 6	D:0.7807330	D:2.701043e-03	D:1.132004e-02	D:-2.090764e-01	D:4.323828e-01	D:7.258567e-01	D:0.9898094	D:8.237399e-03	D:1.553737e-01	S:TRUE	S:FALSE	S:TRUE	S:FALSE	S:TRUE	S:FALSE	S:FALSE	N:	N:	N:	N:
S:Mapk7	S:MAPK7	S: 6	D:0.5337749	D:9.556361e-03	D:2.968952e-02	D:-2.477662e-01	D:2.361011e-01	D:5.285052e-01	D:0.7815411	D:8.245481e-03	D:1.553737e-01	S:TRUE	S:FALSE	S:TRUE	S:FALSE	S:TRUE	S:FALSE	S:FALSE	N:	N:	N:	N:
S:Resp18	S:RESP18	S: 6	D:0.3628689	D:5.930962e-04	D:3.522058e-03	D:-2.786898e-02	D:7.868957e-01	D:9.279537e-01	D:0.3907379	D:8.278839e-03	D:1.553737e-01	S:TRUE	S:FALSE	S:TRUE	S:FALSE	S:TRUE	S:FALSE	S:FALSE	N:	N:	N:	N:
S:Cpt2	S:CPT2	S: 6	D:0.4213972	D:7.332673e-03	D:2.440164e-02	D:-1.709109e-01	D:2.787929e-01	D:5.783037e-01	D:0.5923081	D:8.294441e-03	D:1.553737e-01	S:TRUE	S:FALSE	S:TRUE	S:FALSE	S:TRUE	S:FALSE	S:FALSE	N:	N:	N:	N:
S:Ubiad1	S:UBIAD1	S: 6	D:0.4805796	D:7.568475e-05	D:7.055481e-04	S: 2.822807e-02	D:8.162247e-01	D:9.363025e-01	D:0.4523515	D:8.309670e-03	D:1.553737e-01	S:TRUE	S:FALSE	S:TRUE	S:FALSE	S:TRUE	S:FALSE	S:FALSE	N:	N:	N:	N:
S:Rfxank	S:RFXANK	S: 6	D:0.4339172	D:7.855519e-03	D:2.568207e-02	D:-1.793272e-01	D:2.712696e-01	D:5.698206e-01	D:0.6132444	D:8.325376e-03	D:1.553737e-01	S:TRUE	S:FALSE	S:TRUE	S:FALSE	S:TRUE	S:FALSE	S:FALSE	N:	N:	N:	N:
S:Exosc10	S:EXOSC10	S: 6	D:0.4081427	D:4.027546e-04	D:2.595487e-03	D:-1.787733e-02	D:8.738731e-01	D:9.588329e-01	D:0.4260200	D:8.330223e-03	D:1.553737e-01	S:TRUE	S:FALSE	S:TRUE	S:FALSE	S:TRUE	S:FALSE	S:FALSE	N:	N:	N:	N:
S:Nle1	S:NLE1	S: 6	D:0.6629484	D:1.959141e-03	D:8.833943e-03	D:-1.418234e-01	D:5.110628e-01	D:7.788804e-01	D:0.8047717	D:8.453065e-03	D:1.553737e-01	S:TRUE	S:FALSE	S:TRUE	S:FALSE	S:TRUE	S:FALSE	S:FALSE	N:	N:	N:	N:
S:Prkd2	S:PRKD2	S: 6	D:1.2014191	D:1.519040e-06	D:3.011863e-05	S: 2.942411e-01	D:2.287658e-01	D:5.192093e-01	D:0.9071780	D:8.476400e-03	D:1.553737e-01	S:TRUE	S:FALSE	S:TRUE	S:FALSE	S:TRUE	S:FALSE	S:FALSE	N:	N:	N:	N:
S:Ppil2	S:PPIL2	S: 6	D:0.2957060	D:2.581226e-05	D:3.011880e-04	S: 4.124349e-02	D:5.398036e-01	D:7.985128e-01	D:0.2544625	D:8.488551e-03	D:1.553737e-01	S:TRUE	S:FALSE	S:TRUE	S:FALSE	S:TRUE	S:FALSE	S:FALSE	N:	N:	N:	N:
S:4933428g20rik	S:4933428G20RIK	S: 6	D:0.5568041	D:6.758940e-03	D:2.290212e-02	D:-1.955134e-01	D:3.181417e-01	D:6.196267e-01	D:0.7523176	D:8.503792e-03	D:1.553737e-01	S:TRUE	S:FALSE	S:TRUE	S:FALSE	S:TRUE	S:FALSE	S:FALSE	N:	N:	N:	N:
S:Tcn2	S:TCN2	S: 6	D:0.8714215	D:2.355744e-05	D:2.798594e-04	S: 1.139238e-01	D:5.754360e-01	D:8.209935e-01	D:0.7574976	D:8.517764e-03	D:1.553737e-01	S:TRUE	S:FALSE	S:TRUE	S:FALSE	S:TRUE	S:FALSE	S:FALSE	N:	N:	N:	N:
S:Traf7	S:TRAF7	S: 6	D:0.4984420	D:1.799857e-03	D:8.258729e-03	D:-9.799588e-02	D:5.390773e-01	D:7.978907e-01	D:0.5964379	D:8.560149e-03	D:1.553737e-01	S:TRUE	S:FALSE	S:TRUE	S:FALSE	S:TRUE	S:FALSE	S:FALSE	N:	N:	N:	N:
S:Med8	S:MED8	S: 6	D:0.2291184	D:6.704633e-04	D:3.874008e-03	D:-2.157976e-02	D:7.478802e-01	D:9.089712e-01	D:0.2506982	D:8.579864e-03	D:1.553737e-01	S:TRUE	S:FALSE	S:TRUE	S:FALSE	S:TRUE	S:FALSE	S:FALSE	N:	N:	N:	N:
S:Htra1	S:HTRA1	S: 6	D:0.8929922	D:6.244518e-12	D:1.108686e-09	S: 4.610809e-01	D:1.043953e-04	D:2.323465e-03	D:0.4319113	D:8.650133e-03	D:1.553737e-01	S:TRUE	S:TRUE	S:TRUE	S:FALSE	S:TRUE	S:FALSE	S:FALSE	N:	N:	N:	N:
S:Cmtm5	S:CMTM5	S: 6	D:0.6445622	D:1.438486e-02	D:4.026448e-02	D:-3.408189e-01	D:1.955314e-01	D:4.756720e-01	D:0.9853811	D:8.671447e-03	D:1.553737e-01	S:TRUE	S:FALSE	S:TRUE	S:FALSE	S:TRUE	S:FALSE	S:FALSE	N:	N:	N:	N:
S:Osbpl7	S:OSBPL7	S: 6	D:0.8274734	D:3.121605e-03	D:1.262541e-02	D:-2.111627e-01	D:4.449436e-01	D:7.357696e-01	D:1.0386361	D:8.677496e-03	D:1.553737e-01	S:TRUE	S:FALSE	S:TRUE	S:FALSE	S:TRUE	S:FALSE	S:FALSE	N:	N:	N:	N:
S:C4a	S:C4A	S: 6	D:1.9483738	D:1.623029e-08	D:7.350205e-07	S: 7.876081e-01	D:9.289047e-03	D:6.519859e-02	D:1.1607657	D:8.696745e-03	D:1.553737e-01	S:TRUE	S:FALSE	S:TRUE	S:FALSE	S:TRUE	S:FALSE	S:FALSE	N:	N:	N:	N:
S:D10wsu52e	S:D10WSU52E	S: 6	D:0.2191520	D:1.796241e-03	D:8.246980e-03	D:-3.932415e-02	D:5.659257e-01	D:8.155349e-01	D:0.2584761	D:8.713650e-03	D:1.553737e-01	S:TRUE	S:FALSE	S:TRUE	S:FALSE	S:TRUE	S:FALSE	S:FALSE	N:	N:	N:	N:
S:4933439c10rik	S:4933439C10RIK	S: 6	D:0.6860195	D:2.402047e-08	D:1.011579e-06	S: 2.589637e-01	D:2.388306e-02	D:1.277033e-01	D:0.4270558	D:8.739828e-03	D:1.553737e-01	S:TRUE	S:FALSE	S:TRUE	S:FALSE	S:TRUE	S:FALSE	S:FALSE	N:	N:	N:	N:
S:Gm694	S:GM694	S: 6	D:1.3004963	D:3.125734e-03	D:1.263884e-02	D:-3.886658e-01	D:4.034937e-01	D:7.013222e-01	D:1.6891621	D:8.768418e-03	D:1.553737e-01	S:TRUE	S:FALSE	S:TRUE	S:FALSE	S:TRUE	S:FALSE	S:FALSE	N:	N:	N:	N:
S:Mthfr	S:MTHFR	S: 6	D:0.6466963	D:3.399050e-04	D:2.275354e-03	D:-2.213350e-02	D:9.021001e-01	D:9.688835e-01	D:0.6688298	D:8.771888e-03	D:1.553737e-01	S:TRUE	S:FALSE	S:TRUE	S:FALSE	S:TRUE	S:FALSE	S:FALSE	N:	N:	N:	N:
S:Zfp579	S:ZFP579	S: 6	D:0.7199821	D:3.286938e-05	D:3.593780e-04	S: 8.560067e-02	D:6.164249e-01	D:8.449706e-01	D:0.6343815	D:8.821105e-03	D:1.553737e-01	S:TRUE	S:FALSE	S:TRUE	S:FALSE	S:TRUE	S:FALSE	S:FALSE	N:	N:	N:	N:
S:Mier2	S:MIER2	S: 6	D:0.9048765	D:5.110665e-04	D:3.132563e-03	D:-6.153562e-02	D:8.131374e-01	D:9.354871e-01	D:0.9664122	D:8.826348e-03	D:1.553737e-01	S:TRUE	S:FALSE	S:TRUE	S:FALSE	S:TRUE	S:TRUE	S:TRUE	N:	N:	N:	N:
S:Col5a1	S:COL5A1	S: 6	D:0.5783685	D:3.893385e-03	D:1.492401e-02	D:-1.396100e-01	D:4.504030e-01	D:7.388728e-01	D:0.7179785	D:8.837458e-03	D:1.553737e-01	S:TRUE	S:FALSE	S:TRUE	S:FALSE	S:TRUE	S:FALSE	S:FALSE	N:	N:	N:	N:
S:Zhx2	S:ZHX2	S: 6	D:0.6738321	D:5.755744e-08	D:2.072068e-06	S: 2.375245e-01	D:4.400834e-02	D:1.899935e-01	D:0.4363076	D:8.841285e-03	D:1.553737e-01	S:TRUE	S:FALSE	S:TRUE	S:FALSE	S:TRUE	S:FALSE	S:FALSE	N:	N:	N:	N:
S:Atxn2l	S:ATXN2L	S: 6	D:0.4901110	D:7.912982e-06	D:1.161959e-04	S: 9.836767e-02	D:3.451759e-01	D:6.466461e-01	D:0.3917433	D:8.896989e-03	D:1.553737e-01	S:TRUE	S:FALSE	S:TRUE	S:FALSE	S:TRUE	S:FALSE	S:FALSE	N:	N:	N:	N:
S:Ngdn	S:NGDN	S: 6	D:0.6668535	D:7.051916e-05	D:6.685627e-04	S: 5.484129e-02	D:7.382932e-01	D:9.033954e-01	D:0.6120122	D:8.908519e-03	D:1.553737e-01	S:TRUE	S:FALSE	S:TRUE	S:FALSE	S:TRUE	S:FALSE	S:FALSE	N:	N:	N:	N:
S:Rnf25	S:RNF25	S: 6	D:0.6006975	D:7.639628e-05	D:7.104854e-04	S: 4.852340e-02	D:7.423072e-01	D:9.055128e-01	D:0.5521741	D:8.910300e-03	D:1.553737e-01	S:TRUE	S:FALSE	S:TRUE	S:FALSE	S:TRUE	S:FALSE	S:FALSE	N:	N:	N:	N:
S:Trf	S:TRF	S: 6	D:0.6901412	D:7.190832e-03	D:2.403199e-02	D:-2.316815e-01	D:3.330293e-01	D:6.342599e-01	D:0.9218227	D:9.085011e-03	D:1.567149e-01	S:TRUE	S:FALSE	S:TRUE	S:FALSE	S:TRUE	S:FALSE	S:FALSE	N:	N:	N:	N:
S:Serpina3n	S:SERPINA3N	S: 6	D:0.8669464	D:5.571309e-04	D:3.349216e-03	D:-3.674463e-02	D:8.772224e-01	D:9.595695e-01	D:0.9036910	D:9.092856e-03	D:1.567149e-01	S:TRUE	S:FALSE	S:TRUE	S:FALSE	S:TRUE	S:FALSE	S:FALSE	N:	N:	N:	N:
S:Ift172	S:IFT172	S: 6	D:0.5483340	D:4.170793e-06	D:6.816367e-05	S: 1.264032e-01	D:2.612691e-01	D:5.600314e-01	D:0.4219309	D:9.111871e-03	D:1.567149e-01	S:TRUE	S:FALSE	S:TRUE	S:FALSE	S:TRUE	S:FALSE	S:FALSE	N:	N:	N:	N:
S:Slc2a4	S:SLC2A4	S: 6	D:1.2059169	D:4.434997e-03	D:1.650212e-02	D:-2.687908e-01	D:4.687435e-01	D:7.511281e-01	D:1.4747077	D:9.200782e-03	D:1.572623e-01	S:TRUE	S:FALSE	S:TRUE	S:FALSE	S:TRUE	S:FALSE	S:FALSE	N:	N:	N:	N:
S:Ai854703	S:AI854703	S: 6	D:0.3694983	D:3.206275e-03	D:1.288116e-02	D:-9.135947e-02	D:4.600000e-01	D:7.453116e-01	D:0.4608578	D:9.253735e-03	D:1.572623e-01	S:TRUE	S:FALSE	S:TRUE	S:FALSE	S:TRUE	S:FALSE	S:FALSE	N:	N:	N:	N:
S:Gjb1	S:GJB1	S: 6	D:0.7232832	D:8.881279e-03	D:2.813485e-02	D:-2.689517e-01	D:2.989637e-01	D:6.000646e-01	D:0.9922350	D:9.279029e-03	D:1.572623e-01	S:TRUE	S:FALSE	S:TRUE	S:FALSE	S:TRUE	S:FALSE	S:FALSE	N:	N:	N:	N:
S:Lpcat3	S:LPCAT3	S: 6	D:0.2288043	D:1.487706e-02	D:4.138874e-02	D:-1.232670e-01	D:2.000885e-01	D:4.817664e-01	D:0.3520713	D:9.390578e-03	D:1.572623e-01	S:TRUE	S:FALSE	S:TRUE	S:FALSE	S:TRUE	S:FALSE	S:FALSE	N:	N:	N:	N:
S:Trip6	S:TRIP6	S: 6	D:1.6392181	D:2.014999e-05	D:2.498599e-04	S: 2.966979e-01	D:3.998557e-01	D:6.989854e-01	D:1.3425202	D:9.413096e-03	D:1.572943e-01	S:TRUE	S:FALSE	S:TRUE	S:FALSE	S:TRUE	S:FALSE	S:FALSE	N:	N:	N:	N:
S:Ksr1	S:KSR1	S: 6	D:0.6589209	D:4.344956e-04	D:2.761823e-03	D:-1.684207e-02	D:9.258589e-01	D:9.770864e-01	D:0.6757629	D:9.542290e-03	D:1.591128e-01	S:TRUE	S:FALSE	S:TRUE	S:FALSE	S:TRUE	S:FALSE	S:FALSE	N:	N:	N:	N:
S:Nxf1	S:NXF1	S: 6	D:0.5447650	D:1.692994e-16	D:1.322567e-13	S: 3.404608e-01	D:1.217766e-08	D:1.419879e-06	D:0.2043042	D:9.574111e-03	D:1.591339e-01	S:TRUE	S:TRUE	S:TRUE	S:FALSE	S:TRUE	S:FALSE	S:FALSE	N:	N:	N:	N:
S:Jmjd8	S:JMJD8	S: 6	D:0.5989590	D:1.232282e-04	D:1.034005e-03	S: 2.818226e-02	D:8.568400e-01	D:9.522882e-01	D:0.5707767	D:9.616813e-03	D:1.593352e-01	S:TRUE	S:FALSE	S:TRUE	S:FALSE	S:TRUE	S:FALSE	S:FALSE	N:	N:	N:	N:
S:Rgl2	S:RGL2	S: 6	D:0.9734516	D:1.162715e-04	D:9.926914e-04	S: 6.352576e-02	D:7.960052e-01	D:9.308546e-01	D:0.9099259	D:9.653099e-03	D:1.595135e-01	S:TRUE	S:FALSE	S:TRUE	S:FALSE	S:TRUE	S:FALSE	S:FALSE	N:	N:	N:	N:
S:Top3b	S:TOP3B	S: 6	D:0.3072196	D:3.082091e-04	D:2.113099e-03	S: 6.653084e-04	D:9.935533e-01	D:9.978064e-01	D:0.3065543	D:9.658202e-03	D:1.595135e-01	S:TRUE	S:FALSE	S:TRUE	S:FALSE	S:TRUE	S:FALSE	S:FALSE	N:	N:	N:	N:
S:Pqlc2	S:PQLC2	S: 6	D:0.8286343	D:8.011277e-07	D:1.795006e-05	S: 2.392443e-01	D:1.350873e-01	D:3.819348e-01	D:0.5893901	D:9.669843e-03	D:1.595371e-01	S:TRUE	S:FALSE	S:TRUE	S:FALSE	S:TRUE	S:FALSE	S:FALSE	N:	N:	N:	N:
S:Polr1c	S:POLR1C	S: 6	D:0.6543595	D:2.792285e-04	D:1.951849e-03	S: 2.254228e-03	D:9.898351e-01	D:9.964558e-01	D:0.6521052	D:9.798925e-03	D:1.604805e-01	S:TRUE	S:FALSE	S:TRUE	S:FALSE	S:TRUE	S:FALSE	S:FALSE	N:	N:	N:	N:
S:Snx8	S:SNX8	S: 6	D:1.0172186	D:1.703361e-03	D:7.920627e-03	D:-1.555448e-01	D:6.220656e-01	D:8.487911e-01	D:1.1727634	D:9.829636e-03	D:1.606467e-01	S:TRUE	S:FALSE	S:TRUE	S:FALSE	S:TRUE	S:FALSE	S:FALSE	N:	N:	N:	N:
S:Fam53b	S:FAM53B	S: 6	D:0.8122352	D:1.060074e-07	D:3.461033e-06	S: 2.925391e-01	D:3.638146e-02	D:1.678747e-01	D:0.5196961	D:9.870096e-03	D:1.608855e-01	S:TRUE	S:FALSE	S:TRUE	S:FALSE	S:TRUE	S:FALSE	S:FALSE	N:	N:	N:	N:
S:Nit1	S:NIT1	S: 6	D:0.2761802	D:1.044517e-03	D:5.470845e-03	D:-3.066981e-02	D:7.137837e-01	D:8.926750e-01	D:0.3068501	D:9.969959e-03	D:1.611638e-01	S:TRUE	S:FALSE	S:TRUE	S:FALSE	S:TRUE	S:FALSE	S:FALSE	N:	N:	N:	N:
S:Elmo1	S:ELMO1	S: 6	D:0.2669361	D:6.940061e-06	D:1.045627e-04	S: 5.827097e-02	D:3.017525e-01	D:6.027335e-01	D:0.2086652	D:9.974742e-03	D:1.611638e-01	S:TRUE	S:FALSE	S:TRUE	S:FALSE	S:TRUE	S:FALSE	S:FALSE	N:	N:	N:	N:
S:Ift122	S:IFT122	S: 6	D:0.3878027	D:2.989812e-04	D:2.061466e-03	S: 1.276568e-04	D:9.990367e-01	D:9.996698e-01	D:0.3876750	D:1.006136e-02	D:1.611800e-01	S:TRUE	S:FALSE	S:TRUE	S:FALSE	S:TRUE	S:FALSE	S:FALSE	N:	N:	N:	N:
S:Mars	S:MARS	S: 6	D:0.3238923	D:1.531800e-03	D:7.316673e-03	D:-4.527167e-02	D:6.505794e-01	D:8.624878e-01	D:0.3691639	D:1.009519e-02	D:1.611800e-01	S:TRUE	S:FALSE	S:TRUE	S:FALSE	S:TRUE	S:FALSE	S:FALSE	N:	N:	N:	N:
S:Ehd1	S:EHD1	S: 6	D:0.4911225	D:4.025597e-03	D:1.531059e-02	D:-1.451476e-01	D:4.120889e-01	D:7.087248e-01	D:0.6362701	D:1.011874e-02	D:1.611800e-01	S:TRUE	S:FALSE	S:TRUE	S:FALSE	S:TRUE	S:FALSE	S:FALSE	N:	N:	N:	N:
S:Acp6	S:ACP6	S: 6	D:0.3213689	D:1.190954e-03	D:6.034002e-03	D:-3.698319e-02	D:7.039086e-01	D:8.891477e-01	D:0.3583521	D:1.014080e-02	D:1.611800e-01	S:TRUE	S:FALSE	S:TRUE	S:FALSE	S:TRUE	S:FALSE	S:FALSE	N:	N:	N:	N:
S:Rasd1	S:RASD1	S: 6	D:2.2183703	D:9.559174e-09	D:4.876811e-07	S: 9.217423e-01	D:9.226491e-03	D:6.481776e-02	D:1.2966280	D:1.021954e-02	D:1.615470e-01	S:TRUE	S:FALSE	S:TRUE	S:FALSE	S:TRUE	S:FALSE	S:FALSE	N:	N:	N:	N:
S:Cdk9	S:CDK9	S: 6	D:0.5143092	D:1.564504e-04	D:1.252244e-03	S: 2.883963e-02	D:8.267531e-01	D:9.387695e-01	D:0.4854696	D:1.022494e-02	D:1.615470e-01	S:TRUE	S:FALSE	S:TRUE	S:FALSE	S:TRUE	S:FALSE	S:FALSE	N:	N:	N:	N:
S:Cyth1	S:CYTH1	S: 6	D:0.3155053	D:4.928409e-03	D:1.786577e-02	D:-9.127376e-02	D:4.100170e-01	D:7.069977e-01	D:0.4067790	D:1.033723e-02	D:1.624009e-01	S:TRUE	S:FALSE	S:TRUE	S:FALSE	S:TRUE	S:FALSE	S:FALSE	N:	N:	N:	N:
S:Hexa	S:HEXA	S: 6	D:0.5217892	D:2.397711e-08	D:1.011579e-06	S: 2.018591e-01	D:2.279934e-02	D:1.235012e-01	D:0.3199301	D:1.036616e-02	D:1.625681e-01	S:TRUE	S:FALSE	S:TRUE	S:FALSE	S:TRUE	S:FALSE	S:FALSE	N:	N:	N:	N:
S:Homer3	S:HOMER3	S: 6	D:0.8797264	D:4.609028e-03	D:1.701594e-02	D:-2.815046e-01	D:3.880603e-01	D:6.877330e-01	D:1.1612309	D:1.038970e-02	D:1.625681e-01	S:TRUE	S:FALSE	S:TRUE	S:FALSE	S:TRUE	S:FALSE	S:FALSE	N:	N:	N:	N:
S:Prpf40b	S:PRPF40B	S: 6	D:0.5610972	D:7.521770e-04	D:4.214992e-03	D:-3.698373e-02	D:8.206756e-01	D:9.376283e-01	D:0.5980809	D:1.046114e-02	D:1.629560e-01	S:TRUE	S:FALSE	S:TRUE	S:FALSE	S:TRUE	S:FALSE	S:FALSE	N:	N:	N:	N:
S:Pcsk7	S:PCSK7	S: 6	D:0.5284752	D:3.263505e-03	D:1.304734e-02	D:-1.244762e-01	D:4.879127e-01	D:7.642683e-01	D:0.6529514	D:1.052928e-02	D:1.629654e-01	S:TRUE	S:FALSE	S:TRUE	S:FALSE	S:TRUE	S:FALSE	S:FALSE	N:	N:	N:	N:
S:Anxa2	S:ANXA2	S: 6	D:0.7896274	D:2.609508e-05	D:3.038074e-04	S: 1.322633e-01	D:4.591807e-01	D:7.446792e-01	D:0.6573641	D:1.060636e-02	D:1.629654e-01	S:TRUE	S:FALSE	S:TRUE	S:FALSE	S:TRUE	S:FALSE	S:FALSE	N:	N:	N:	N:
S:Ctsz	S:CTSZ	S: 6	D:0.4552172	D:1.644432e-02	D:4.443549e-02	D:-2.300563e-01	D:2.178598e-01	D:5.051893e-01	D:0.6852735	D:1.062164e-02	D:1.629654e-01	S:TRUE	S:FALSE	S:TRUE	S:FALSE	S:TRUE	S:FALSE	S:FALSE	N:	N:	N:	N:
S:Prelp	S:PRELP	S: 6	D:0.6339157	D:2.793352e-04	D:1.951849e-03	S: 2.268774e-02	D:8.900765e-01	D:9.656183e-01	D:0.6112280	D:1.063723e-02	D:1.629654e-01	S:TRUE	S:FALSE	S:TRUE	S:FALSE	S:TRUE	S:FALSE	S:FALSE	N:	N:	N:	N:
S:0610031j06rik	S:0610031J06RIK	S: 6	D:0.7516308	D:3.794511e-04	D:2.475384e-03	D:-1.664507e-02	D:9.378790e-01	D:9.813435e-01	D:0.7682759	D:1.065523e-02	D:1.629654e-01	S:TRUE	S:FALSE	S:TRUE	S:FALSE	S:TRUE	S:FALSE	S:FALSE	N:	N:	N:	N:
S:1300014i06rik	S:1300014I06RIK	S: 6	D:0.4634367	D:1.179877e-02	D:3.475566e-02	D:-1.970809e-01	D:2.716319e-01	D:5.701971e-01	D:0.6605176	D:1.068811e-02	D:1.629654e-01	S:TRUE	S:FALSE	S:TRUE	S:FALSE	S:TRUE	S:FALSE	S:FALSE	N:	N:	N:	N:
S:2310022a10rik	S:2310022A10RIK	S: 6	D:0.7171801	D:8.804074e-04	D:4.781191e-03	D:-5.867163e-02	D:7.832518e-01	D:9.270109e-01	D:0.7758517	D:1.071482e-02	D:1.629654e-01	S:TRUE	S:FALSE	S:TRUE	S:FALSE	S:TRUE	S:FALSE	S:FALSE	N:	N:	N:	N:
S:Raf1	S:RAF1	S: 6	D:0.1337333	D:1.316499e-02	D:3.771356e-02	D:-6.120374e-02	D:2.509895e-01	D:5.474572e-01	D:0.1949370	D:1.072070e-02	D:1.629654e-01	S:TRUE	S:FALSE	S:TRUE	S:FALSE	S:TRUE	S:FALSE	S:FALSE	N:	N:	N:	N:
S:Zfp598	S:ZFP598	S: 6	D:1.1276150	D:1.094162e-06	D:2.316421e-05	S: 3.216476e-01	D:1.495549e-01	D:4.050347e-01	D:0.8059674	D:1.073266e-02	D:1.629654e-01	S:TRUE	S:FALSE	S:TRUE	S:FALSE	S:TRUE	S:TRUE	S:TRUE	N:	N:	N:	N:
S:Olig1	S:OLIG1	S: 6	D:0.3121514	D:1.829192e-02	D:4.789949e-02	D:-1.690868e-01	D:2.017252e-01	D:4.840661e-01	D:0.4812382	D:1.073721e-02	D:1.629654e-01	S:TRUE	S:FALSE	S:TRUE	S:FALSE	S:TRUE	S:FALSE	S:FALSE	N:	N:	N:	N:
S:Hapln2	S:HAPLN2	S: 6	D:0.8034355	D:6.403772e-04	D:3.737487e-03	S: 1.720309e-02	D:9.312239e-01	D:9.794059e-01	D:0.7862324	D:1.074751e-02	D:1.629654e-01	S:TRUE	S:FALSE	S:TRUE	S:FALSE	S:TRUE	S:FALSE	S:FALSE	N:	N:	N:	N:
S:Tulp3	S:TULP3	S: 6	D:0.3498296	D:1.183166e-03	D:6.021530e-03	D:-3.491649e-02	D:7.390350e-01	D:9.034964e-01	D:0.3847461	D:1.075181e-02	D:1.629654e-01	S:TRUE	S:FALSE	S:TRUE	S:FALSE	S:TRUE	S:FALSE	S:FALSE	N:	N:	N:	N:
S:Ikbkb	S:IKBKB	S: 6	D:0.4189997	D:4.968515e-10	D:4.151234e-08	S: 1.961734e-01	D:1.663318e-03	D:1.858919e-02	D:0.2228263	D:1.076430e-02	D:1.629654e-01	S:TRUE	S:TRUE	S:TRUE	S:FALSE	S:TRUE	S:FALSE	S:FALSE	N:	N:	N:	N:
S:Aifm3	S:AIFM3	S: 6	D:0.4524355	D:1.459714e-03	D:7.045587e-03	D:-5.386690e-02	D:6.962969e-01	D:8.860171e-01	D:0.5063024	D:1.086332e-02	D:1.629654e-01	S:TRUE	S:FALSE	S:TRUE	S:FALSE	S:TRUE	S:FALSE	S:FALSE	N:	N:	N:	N:
S:Clptm1l	S:CLPTM1L	S: 6	D:0.1978948	D:3.050120e-05	D:3.413687e-04	S: 3.173068e-02	D:4.853310e-01	D:7.619664e-01	D:0.1661641	D:1.089713e-02	D:1.629654e-01	S:TRUE	S:FALSE	S:TRUE	S:FALSE	S:TRUE	S:FALSE	S:FALSE	N:	N:	N:	N:
S:Tmem129	S:TMEM129	S: 6	D:0.3137542	D:1.086712e-05	D:1.507885e-04	S: 6.453278e-02	D:3.472255e-01	D:6.487360e-01	D:0.2492214	D:1.098173e-02	D:1.629654e-01	S:TRUE	S:FALSE	S:TRUE	S:FALSE	S:TRUE	S:FALSE	S:FALSE	N:	N:	N:	N:
S:Scarf1	S:SCARF1	S: 6	D:0.8574290	D:1.236272e-02	D:3.597501e-02	D:-4.535396e-01	D:2.325575e-01	D:5.242359e-01	D:1.3109686	D:1.099808e-02	D:1.629654e-01	S:TRUE	S:FALSE	S:TRUE	S:FALSE	S:TRUE	S:FALSE	S:FALSE	N:	N:	N:	N:
S:Arhgef10	S:ARHGEF10	S: 6	D:0.6362722	D:1.743006e-03	D:8.057019e-03	D:-7.696134e-02	D:6.885655e-01	D:8.827116e-01	D:0.7132336	D:1.100369e-02	D:1.629654e-01	S:TRUE	S:FALSE	S:TRUE	S:FALSE	S:TRUE	S:FALSE	S:FALSE	N:	N:	N:	N:
S:Amz2	S:AMZ2	S: 6	D:0.3377758	D:6.825038e-09	D:3.664412e-07	S: 1.426903e-01	D:8.715584e-03	D:6.226442e-02	D:0.1950855	D:1.100686e-02	D:1.629654e-01	S:TRUE	S:FALSE	S:TRUE	S:FALSE	S:TRUE	S:FALSE	S:FALSE	N:	N:	N:	N:
S:Tub	S:TUB	S: 6	D:0.4016581	D:8.916510e-11	D:1.039638e-08	S: 1.995454e-01	D:4.737315e-04	D:7.379443e-03	D:0.2021127	D:1.103542e-02	D:1.629654e-01	S:TRUE	S:TRUE	S:TRUE	S:FALSE	S:TRUE	S:FALSE	S:FALSE	N:	N:	N:	N:
S:Ai428936	S:AI428936	S: 6	D:2.7140869	D:9.149332e-05	D:8.173194e-04	S: 3.296138e-01	D:6.059488e-01	D:8.390408e-01	D:2.3844732	D:1.106902e-02	D:1.630135e-01	S:TRUE	S:FALSE	S:TRUE	S:FALSE	S:TRUE	S:FALSE	S:FALSE	N:	N:	N:	N:
S:Nop2	S:NOP2	S: 6	D:0.6922876	D:2.272511e-04	D:1.661475e-03	S: 1.550629e-02	D:9.346757e-01	D:9.802923e-01	D:0.6767813	D:1.107328e-02	D:1.630135e-01	S:TRUE	S:FALSE	S:TRUE	S:FALSE	S:TRUE	S:TRUE	S:TRUE	N:	N:	N:	N:
S:Pqbp1	S:PQBP1	S: 6	D:0.3821685	D:3.541629e-04	D:2.345672e-03	S: 2.196415e-03	D:9.832880e-01	D:9.945228e-01	D:0.3799721	D:1.119738e-02	D:1.631121e-01	S:TRUE	S:FALSE	S:TRUE	S:FALSE	S:TRUE	S:FALSE	S:FALSE	N:	N:	N:	N:
S:Dusp10	S:DUSP10	S: 6	D:0.3850204	D:2.987379e-03	D:1.226348e-02	D:-7.968102e-02	D:5.342798e-01	D:7.946330e-01	D:0.4647014	D:1.120804e-02	D:1.631121e-01	S:TRUE	S:FALSE	S:TRUE	S:FALSE	S:TRUE	S:FALSE	S:FALSE	N:	N:	N:	N:
S:Taldo1	S:TALDO1	S: 6	D:0.5515458	D:9.574894e-03	D:2.972936e-02	D:-2.255441e-01	D:3.002409e-01	D:6.012515e-01	D:0.7770899	D:1.126023e-02	D:1.631121e-01	S:TRUE	S:FALSE	S:TRUE	S:FALSE	S:TRUE	S:FALSE	S:FALSE	N:	N:	N:	N:
S:Wdr90	S:WDR90	S: 6	D:1.1591381	D:9.442880e-06	D:1.343675e-04	S: 2.497499e-01	D:3.202548e-01	D:6.212640e-01	D:0.9093882	D:1.127610e-02	D:1.631121e-01	S:TRUE	S:FALSE	S:TRUE	S:FALSE	S:TRUE	S:FALSE	S:FALSE	N:	N:	N:	N:
S:3110002h16rik	S:3110002H16RIK	S: 6	D:0.1661714	D:1.328151e-02	D:3.794300e-02	D:-7.519227e-02	D:2.591805e-01	D:5.582261e-01	D:0.2413637	D:1.127934e-02	D:1.631121e-01	S:TRUE	S:FALSE	S:TRUE	S:FALSE	S:TRUE	S:FALSE	S:FALSE	N:	N:	N:	N:
S:Rltpr	S:RLTPR	S: 6	D:0.7864388	D:7.284193e-05	D:6.843549e-04	S: 7.876737e-02	D:6.910855e-01	D:8.838111e-01	D:0.7076714	D:1.128494e-02	D:1.631121e-01	S:TRUE	S:FALSE	S:TRUE	S:FALSE	S:TRUE	S:FALSE	S:FALSE	N:	N:	N:	N:
S:Ampd2	S:AMPD2	S: 6	D:0.7885329	D:5.554192e-06	D:8.747853e-05	S: 1.815115e-01	D:2.837029e-01	D:5.832222e-01	D:0.6070215	D:1.128842e-02	D:1.631121e-01	S:TRUE	S:FALSE	S:TRUE	S:FALSE	S:TRUE	S:FALSE	S:FALSE	N:	N:	N:	N:
S:Snx32	S:SNX32	S: 6	D:0.5115929	D:5.423928e-03	D:1.925550e-02	D:-1.497404e-01	D:4.132677e-01	D:7.099830e-01	D:0.6613333	D:1.129161e-02	D:1.631121e-01	S:TRUE	S:FALSE	S:TRUE	S:FALSE	S:TRUE	S:FALSE	S:FALSE	N:	N:	N:	N:
S:S100a6	S:S100A6	S: 6	D:0.5759431	D:1.637419e-03	D:7.687211e-03	D:-7.199989e-02	D:6.861022e-01	D:8.814785e-01	D:0.6479430	D:1.142801e-02	D:1.631121e-01	S:TRUE	S:FALSE	S:TRUE	S:FALSE	S:TRUE	S:FALSE	S:FALSE	N:	N:	N:	N:
S:Gm9821	S:GM9821	S: 6	D:0.9182790	D:1.391158e-02	D:3.926911e-02	D:-3.697679e-01	D:2.785694e-01	D:5.781146e-01	D:1.2880470	D:1.143040e-02	D:1.631121e-01	S:TRUE	S:FALSE	S:TRUE	S:FALSE	S:TRUE	S:FALSE	S:FALSE	N:	N:	N:	N:
S:Cct7	S:CCT7	S: 6	D:0.3707418	D:2.690817e-05	D:3.111867e-04	S: 6.420332e-02	D:4.469065e-01	D:7.367168e-01	D:0.3065385	D:1.144131e-02	D:1.631121e-01	S:TRUE	S:FALSE	S:TRUE	S:FALSE	S:TRUE	S:FALSE	S:FALSE	N:	N:	N:	N:
S:Sfswap	S:SFSWAP	S: 6	D:0.5259662	D:7.488727e-05	D:6.997839e-04	S: 6.132548e-02	D:6.324337e-01	D:8.540098e-01	D:0.4646407	D:1.145560e-02	D:1.631121e-01	S:TRUE	S:FALSE	S:TRUE	S:FALSE	S:TRUE	S:FALSE	S:FALSE	N:	N:	N:	N:
S:Cd163	S:CD163	S: 6	D:0.7636601	D:9.934378e-03	D:3.058418e-02	D:-3.263595e-01	D:2.914230e-01	D:5.923239e-01	D:1.0900196	D:1.149054e-02	D:1.631121e-01	S:TRUE	S:FALSE	S:TRUE	S:FALSE	S:TRUE	S:FALSE	S:FALSE	N:	N:	N:	N:
S:S100a11	S:S100A11	S: 6	D:0.7086139	D:2.119124e-03	D:9.374064e-03	D:-7.891370e-02	D:7.047541e-01	D:8.894966e-01	D:0.7875276	D:1.151047e-02	D:1.631121e-01	S:TRUE	S:FALSE	S:TRUE	S:FALSE	S:TRUE	S:FALSE	S:FALSE	N:	N:	N:	N:
S:Edem2	S:EDEM2	S: 6	D:0.5158961	D:1.149346e-04	D:9.850457e-04	S: 4.768413e-02	D:7.126890e-01	D:8.924949e-01	D:0.4682119	D:1.162218e-02	D:1.637376e-01	S:TRUE	S:FALSE	S:TRUE	S:FALSE	S:TRUE	S:FALSE	S:FALSE	N:	N:	N:	N:
S:Tmem86b	S:TMEM86B	S: 6	D:1.7683193	D:1.100558e-08	D:5.343322e-07	S: 7.510204e-01	D:8.045502e-03	D:5.887724e-02	D:1.0172989	D:1.177404e-02	D:1.642479e-01	S:TRUE	S:FALSE	S:TRUE	S:FALSE	S:TRUE	S:TRUE	S:TRUE	N:	N:	N:	N:
S:Trmt1	S:TRMT1	S: 6	D:0.4075487	D:4.878309e-04	D:3.028157e-03	D:-5.670123e-03	D:9.606945e-01	D:9.885255e-01	D:0.4132188	D:1.179730e-02	D:1.643724e-01	S:TRUE	S:FALSE	S:TRUE	S:FALSE	S:TRUE	S:FALSE	S:FALSE	N:	N:	N:	N:
S:Cpsf1	S:CPSF1	S: 6	D:0.6112909	D:3.812382e-03	D:1.466026e-02	D:-1.433254e-01	D:4.957570e-01	D:7.684996e-01	D:0.7546163	D:1.180533e-02	D:1.643724e-01	S:TRUE	S:FALSE	S:TRUE	S:FALSE	S:TRUE	S:FALSE	S:FALSE	N:	N:	N:	N:
S:Rad9	S:RAD9	S: 6	D:0.5926420	D:7.710921e-04	D:4.301660e-03	D:-2.891812e-02	D:8.668040e-01	D:9.558947e-01	D:0.6215602	D:1.183238e-02	D:1.643724e-01	S:TRUE	S:FALSE	S:TRUE	S:FALSE	S:TRUE	S:FALSE	S:FALSE	N:	N:	N:	N:
S:Bc029214	S:BC029214	S: 6	D:0.4387773	D:1.073666e-02	D:3.239033e-02	D:-1.821217e-01	D:2.975698e-01	D:5.981572e-01	D:0.6208990	D:1.191973e-02	D:1.643724e-01	S:TRUE	S:FALSE	S:TRUE	S:FALSE	S:TRUE	S:FALSE	S:FALSE	N:	N:	N:	N:
S:Ralgds	S:RALGDS	S: 6	D:0.6544791	D:1.138073e-03	D:5.854875e-03	D:-5.748502e-02	D:7.724254e-01	D:9.207580e-01	D:0.7119641	D:1.202550e-02	D:1.647533e-01	S:TRUE	S:FALSE	S:TRUE	S:FALSE	S:TRUE	S:FALSE	S:FALSE	N:	N:	N:	N:
S:Bzrap1	S:BZRAP1	S: 6	D:0.4636230	D:9.334804e-03	D:2.921101e-02	D:-1.688689e-01	D:3.365609e-01	D:6.380019e-01	D:0.6324919	D:1.207051e-02	D:1.647533e-01	S:TRUE	S:FALSE	S:TRUE	S:FALSE	S:TRUE	S:FALSE	S:FALSE	N:	N:	N:	N:
S:Pde4c	S:PDE4C	S: 6	D:0.9796603	D:1.256649e-03	D:6.288880e-03	D:-5.371745e-02	D:8.463452e-01	D:9.482788e-01	D:1.0333777	D:1.211268e-02	D:1.649928e-01	S:TRUE	S:FALSE	S:TRUE	S:FALSE	S:TRUE	S:FALSE	S:FALSE	N:	N:	N:	N:
S:Gba2	S:GBA2	S: 6	D:0.5401079	D:1.426915e-03	D:6.924271e-03	D:-5.632773e-02	D:7.342010e-01	D:9.019458e-01	D:0.5964357	D:1.211987e-02	D:1.649928e-01	S:TRUE	S:FALSE	S:TRUE	S:FALSE	S:TRUE	S:FALSE	S:FALSE	N:	N:	N:	N:
S:Xab2	S:XAB2	S: 6	D:0.6532835	D:6.782755e-03	D:2.296289e-02	D:-2.219317e-01	D:3.730558e-01	D:6.737269e-01	D:0.8752152	D:1.214835e-02	D:1.650486e-01	S:TRUE	S:FALSE	S:TRUE	S:FALSE	S:TRUE	S:FALSE	S:FALSE	N:	N:	N:	N:
S:Pfn1	S:PFN1	S: 6	D:0.5633479	D:2.991627e-05	D:3.372380e-04	S: 9.404297e-02	D:4.753161e-01	D:7.558615e-01	D:0.4693049	D:1.219113e-02	D:1.653480e-01	S:TRUE	S:FALSE	S:TRUE	S:FALSE	S:TRUE	S:TRUE	S:TRUE	N:	N:	N:	N:
S:Klhdc4	S:KLHDC4	S: 6	D:0.6882420	D:7.114017e-04	D:4.038859e-03	D:-3.530950e-02	D:8.627508e-01	D:9.542417e-01	D:0.7235515	D:1.219156e-02	D:1.653480e-01	S:TRUE	S:FALSE	S:TRUE	S:FALSE	S:TRUE	S:FALSE	S:FALSE	N:	N:	N:	N:
S:C1qa	S:C1QA	S: 6	D:0.5652417	D:6.030845e-03	D:2.090193e-02	D:-1.606891e-01	D:4.261444e-01	D:7.203376e-01	D:0.7259307	D:1.229630e-02	D:1.659942e-01	S:TRUE	S:FALSE	S:TRUE	S:FALSE	S:TRUE	S:FALSE	S:FALSE	N:	N:	N:	N:
S:Hmgcl	S:HMGCL	S: 6	D:0.5326314	D:4.194328e-03	D:1.579068e-02	D:-1.260127e-01	D:4.946569e-01	D:7.678639e-01	D:0.6586440	D:1.238222e-02	D:1.659942e-01	S:TRUE	S:FALSE	S:TRUE	S:FALSE	S:TRUE	S:FALSE	S:FALSE	N:	N:	N:	N:
S:Psmb2	S:PSMB2	S: 6	D:0.3011669	D:1.504640e-02	D:4.172611e-02	D:-1.416662e-01	D:2.567156e-01	D:5.553012e-01	D:0.4428331	D:1.243138e-02	D:1.659942e-01	S:TRUE	S:FALSE	S:TRUE	S:FALSE	S:TRUE	S:FALSE	S:FALSE	N:	N:	N:	N:
S:Rpn1	S:RPN1	S: 6	D:0.4166840	D:2.543728e-10	D:2.351669e-08	S: 2.042205e-01	D:8.014529e-04	D:1.085087e-02	D:0.2124635	D:1.245962e-02	D:1.659942e-01	S:TRUE	S:TRUE	S:TRUE	S:FALSE	S:TRUE	S:FALSE	S:FALSE	N:	N:	N:	N:
S:Col20a1	S:COL20A1	S: 6	D:1.1705026	D:1.779961e-05	D:2.259148e-04	S: 1.983287e-01	D:4.812510e-01	D:7.591182e-01	D:0.9721739	D:1.249133e-02	D:1.659942e-01	S:TRUE	S:FALSE	S:TRUE	S:FALSE	S:TRUE	S:FALSE	S:FALSE	N:	N:	N:	N:
S:Gripap1	S:GRIPAP1	S: 6	D:0.3245843	D:2.275840e-04	D:1.663130e-03	S: 1.939733e-02	D:8.196237e-01	D:9.375466e-01	D:0.3051869	D:1.250524e-02	D:1.659942e-01	S:TRUE	S:FALSE	S:TRUE	S:FALSE	S:TRUE	S:FALSE	S:FALSE	N:	N:	N:	N:
S:Ddx39b	S:DDX39B	S: 6	D:0.7173975	D:1.727657e-04	D:1.349646e-03	S: 5.668253e-02	D:7.587248e-01	D:9.137683e-01	D:0.6607149	D:1.261415e-02	D:1.660358e-01	S:TRUE	S:FALSE	S:TRUE	S:FALSE	S:TRUE	S:FALSE	S:FALSE	N:	N:	N:	N:
S:Rfx2	S:RFX2	S: 6	D:1.1984417	D:1.718802e-03	D:7.968713e-03	D:-1.333882e-01	D:7.187861e-01	D:8.939680e-01	D:1.3318300	D:1.261422e-02	D:1.660358e-01	S:TRUE	S:FALSE	S:TRUE	S:FALSE	S:TRUE	S:FALSE	S:FALSE	N:	N:	N:	N:
S:Tns3	S:TNS3	S: 6	D:0.4252416	D:3.305161e-05	D:3.606134e-04	S: 7.478832e-02	D:4.452708e-01	D:7.357696e-01	D:0.3504533	D:1.271355e-02	D:1.667377e-01	S:TRUE	S:FALSE	S:TRUE	S:FALSE	S:TRUE	S:FALSE	S:FALSE	N:	N:	N:	N:
S:Cct5	S:CCT5	S: 6	D:0.3928712	D:1.789799e-06	D:3.418560e-05	S: 1.157344e-01	D:1.372467e-01	D:3.851616e-01	D:0.2771368	D:1.276661e-02	D:1.667377e-01	S:TRUE	S:FALSE	S:TRUE	S:FALSE	S:TRUE	S:FALSE	S:FALSE	N:	N:	N:	N:
S:Pan2	S:PAN2	S: 6	D:0.3146538	D:1.976419e-03	D:8.891323e-03	D:-3.912271e-02	D:6.913310e-01	D:8.838456e-01	D:0.3537765	D:1.276668e-02	D:1.667377e-01	S:TRUE	S:FALSE	S:TRUE	S:FALSE	S:TRUE	S:FALSE	S:FALSE	N:	N:	N:	N:
S:Dgkd	S:DGKD	S: 6	D:0.3542460	D:1.355424e-05	D:1.811964e-04	S: 7.757020e-02	D:3.180591e-01	D:6.196204e-01	D:0.2766758	D:1.295194e-02	D:1.672071e-01	S:TRUE	S:FALSE	S:TRUE	S:FALSE	S:TRUE	S:FALSE	S:FALSE	N:	N:	N:	N:
S:Ppfia1	S:PPFIA1	S: 6	D:0.2143055	D:3.368163e-03	D:1.334885e-02	D:-4.126308e-02	D:5.653171e-01	D:8.152589e-01	D:0.2555686	D:1.299003e-02	D:1.672071e-01	S:TRUE	S:FALSE	S:TRUE	S:FALSE	S:TRUE	S:FALSE	S:FALSE	N:	N:	N:	N:
S:Kcnk13	S:KCNK13	S: 6	D:0.5449516	D:1.286356e-02	D:3.704705e-02	D:-2.031470e-01	D:3.190412e-01	D:6.202611e-01	D:0.7480986	D:1.299019e-02	D:1.672071e-01	S:TRUE	S:FALSE	S:TRUE	S:FALSE	S:TRUE	S:FALSE	S:FALSE	N:	N:	N:	N:
S:Arhgap4	S:ARHGAP4	S: 6	D:1.1217546	D:2.672604e-07	D:7.312919e-06	S: 3.787781e-01	D:7.778809e-02	D:2.739151e-01	D:0.7429765	D:1.301057e-02	D:1.672071e-01	S:TRUE	S:FALSE	S:TRUE	S:FALSE	S:TRUE	S:FALSE	S:FALSE	N:	N:	N:	N:
S:Bak1	S:BAK1	S: 6	D:0.4720627	D:1.167870e-02	D:3.451258e-02	D:-1.991535e-01	D:3.007645e-01	D:6.014520e-01	D:0.6712162	D:1.301356e-02	D:1.672071e-01	S:TRUE	S:FALSE	S:TRUE	S:FALSE	S:TRUE	S:FALSE	S:FALSE	N:	N:	N:	N:
S:Man2c1	S:MAN2C1	S: 6	D:0.5312706	D:6.387049e-04	D:3.729120e-03	D:-6.184307e-03	D:9.672592e-01	D:9.899721e-01	D:0.5374549	D:1.312888e-02	D:1.673626e-01	S:TRUE	S:FALSE	S:TRUE	S:FALSE	S:TRUE	S:FALSE	S:FALSE	N:	N:	N:	N:
S:Ap1g2	S:AP1G2	S: 6	D:0.8368515	D:2.438634e-03	D:1.047888e-02	D:-1.173832e-01	D:6.590756e-01	D:8.680014e-01	D:0.9542348	D:1.314074e-02	D:1.673626e-01	S:TRUE	S:FALSE	S:TRUE	S:FALSE	S:TRUE	S:FALSE	S:FALSE	N:	N:	N:	N:
S:Fcgr3	S:FCGR3	S: 6	D:0.5233371	D:7.486333e-06	D:1.108687e-04	S: 1.341294e-01	D:2.144647e-01	D:5.010333e-01	D:0.3892077	D:1.314585e-02	D:1.673626e-01	S:TRUE	S:FALSE	S:TRUE	S:FALSE	S:TRUE	S:FALSE	S:FALSE	N:	N:	N:	N:
S:Gnb2l1	S:GNB2L1	S: 6	D:0.5368630	D:8.179225e-04	D:4.510844e-03	D:-1.914835e-02	D:9.024858e-01	D:9.688835e-01	D:0.5560113	D:1.315042e-02	D:1.673626e-01	S:TRUE	S:FALSE	S:TRUE	S:FALSE	S:TRUE	S:FALSE	S:FALSE	N:	N:	N:	N:
S:Abcf3	S:ABCF3	S: 6	D:0.3804755	D:4.584484e-04	D:2.875471e-03	S: 4.599600e-03	D:9.653469e-01	D:9.893460e-01	D:0.3758759	D:1.317484e-02	D:1.673626e-01	S:TRUE	S:FALSE	S:TRUE	S:FALSE	S:TRUE	S:FALSE	S:FALSE	N:	N:	N:	N:
S:2810428i15rik	S:2810428I15RIK	S: 6	D:0.7358274	D:4.898300e-03	D:1.776486e-02	D:-1.818309e-01	D:4.836579e-01	D:7.604579e-01	D:0.9176583	D:1.322339e-02	D:1.673626e-01	S:TRUE	S:FALSE	S:TRUE	S:FALSE	S:TRUE	S:FALSE	S:FALSE	N:	N:	N:	N:
S:Nmt1	S:NMT1	S: 6	D:0.3147009	D:5.012559e-05	D:5.079974e-04	S: 5.016007e-02	D:5.002741e-01	D:7.715213e-01	D:0.2645408	D:1.325214e-02	D:1.673626e-01	S:TRUE	S:FALSE	S:TRUE	S:FALSE	S:TRUE	S:FALSE	S:FALSE	N:	N:	N:	N:
S:Rassf2	S:RASSF2	S: 6	D:0.2143215	D:1.071763e-02	D:3.235167e-02	D:-7.896164e-02	D:3.381170e-01	D:6.397893e-01	D:0.2932831	D:1.326452e-02	D:1.673626e-01	S:TRUE	S:FALSE	S:TRUE	S:FALSE	S:TRUE	S:FALSE	S:FALSE	N:	N:	N:	N:
S:Hax1	S:HAX1	S: 6	D:0.7605940	D:4.100868e-11	D:5.511431e-09	S: 3.957893e-01	D:2.004160e-04	D:3.892488e-03	D:0.3648047	D:1.328735e-02	D:1.673626e-01	S:TRUE	S:TRUE	S:TRUE	S:FALSE	S:TRUE	S:TRUE	S:TRUE	N:	N:	N:	N:
S:Tm7sf2	S:TM7SF2	S: 6	D:0.4274346	D:1.266361e-02	D:3.662647e-02	D:-1.854593e-01	D:2.935760e-01	D:5.945339e-01	D:0.6128939	D:1.337442e-02	D:1.673626e-01	S:TRUE	S:FALSE	S:TRUE	S:FALSE	S:TRUE	S:FALSE	S:FALSE	N:	N:	N:	N:
S:Tppp3	S:TPPP3	S: 6	D:1.1945795	D:1.961645e-03	D:8.837586e-03	D:-1.408202e-01	D:7.085873e-01	D:8.915833e-01	D:1.3353997	D:1.356193e-02	D:1.673626e-01	S:TRUE	S:FALSE	S:TRUE	S:FALSE	S:TRUE	S:FALSE	S:FALSE	N:	N:	N:	N:
S:Tbc1d14	S:TBC1D14	S: 6	D:0.2092794	D:1.031968e-04	D:9.022644e-04	S: 2.558887e-02	D:6.214829e-01	D:8.487064e-01	D:0.1836906	D:1.358185e-02	D:1.673626e-01	S:TRUE	S:FALSE	S:TRUE	S:FALSE	S:TRUE	S:FALSE	S:FALSE	N:	N:	N:	N:
S:Exosc4	S:EXOSC4	S: 6	D:0.3278411	D:1.080872e-02	D:3.254156e-02	D:-1.324061e-01	D:3.212291e-01	D:6.224585e-01	D:0.4602472	D:1.363075e-02	D:1.673626e-01	S:TRUE	S:FALSE	S:TRUE	S:FALSE	S:TRUE	S:FALSE	S:FALSE	N:	N:	N:	N:
S:Matk	S:MATK	S: 6	D:0.9777419	D:5.174568e-04	D:3.159338e-03	S: 1.374000e-03	D:9.960649e-01	D:9.985562e-01	D:0.9763679	D:1.372657e-02	D:1.673626e-01	S:TRUE	S:FALSE	S:TRUE	S:FALSE	S:TRUE	S:FALSE	S:FALSE	N:	N:	N:	N:
S:Tubgcp3	S:TUBGCP3	S: 6	D:0.1523045	D:3.496098e-03	D:1.373473e-02	D:-2.860010e-02	D:5.766679e-01	D:8.212108e-01	D:0.1809046	D:1.373565e-02	D:1.673626e-01	S:TRUE	S:FALSE	S:TRUE	S:FALSE	S:TRUE	S:FALSE	S:FALSE	N:	N:	N:	N:
S:Taf8	S:TAF8	S: 6	D:0.5341512	D:1.079947e-03	D:5.629993e-03	D:-2.971873e-02	D:8.524126e-01	D:9.504777e-01	D:0.5638699	D:1.376336e-02	D:1.673626e-01	S:TRUE	S:FALSE	S:TRUE	S:FALSE	S:TRUE	S:FALSE	S:FALSE	N:	N:	N:	N:
S:Stard13	S:STARD13	S: 6	D:0.3725697	D:1.135178e-03	D:5.841906e-03	D:-1.545479e-02	D:8.861562e-01	D:9.644263e-01	D:0.3880245	D:1.378229e-02	D:1.673626e-01	S:TRUE	S:FALSE	S:TRUE	S:FALSE	S:TRUE	S:FALSE	S:FALSE	N:	N:	N:	N:
S:Tada2b	S:TADA2B	S: 6	D:0.1770917	D:3.396201e-04	D:2.274421e-03	S: 8.814514e-03	D:8.522916e-01	D:9.504777e-01	D:0.1682772	D:1.379658e-02	D:1.673626e-01	S:TRUE	S:FALSE	S:TRUE	S:FALSE	S:TRUE	S:FALSE	S:FALSE	N:	N:	N:	N:
S:Pnoc	S:PNOC	S: 6	D:0.5996010	D:5.142123e-03	D:1.849034e-02	D:-1.724576e-01	D:4.471008e-01	D:7.367706e-01	D:0.7720587	D:1.387093e-02	D:1.674803e-01	S:TRUE	S:FALSE	S:TRUE	S:FALSE	S:TRUE	S:FALSE	S:FALSE	N:	N:	N:	N:
S:Elovl1	S:ELOVL1	S: 6	D:0.7618077	D:3.482504e-07	D:9.098770e-06	S: 2.728332e-01	D:4.896050e-02	D:2.043925e-01	D:0.4889745	D:1.389855e-02	D:1.676700e-01	S:TRUE	S:FALSE	S:TRUE	S:FALSE	S:TRUE	S:FALSE	S:FALSE	N:	N:	N:	N:
S:Smtn	S:SMTN	S: 6	D:1.1359386	D:2.287726e-03	D:9.945305e-03	D:-1.126097e-01	D:7.429439e-01	D:9.056727e-01	D:1.2485483	D:1.396111e-02	D:1.679659e-01	S:TRUE	S:FALSE	S:TRUE	S:FALSE	S:TRUE	S:FALSE	S:FALSE	N:	N:	N:	N:
S:Gm17470	S:GM17470	S: 6	D:0.8124181	D:1.695767e-04	D:1.333400e-03	S: 5.081402e-02	D:8.196932e-01	D:9.375466e-01	D:0.7616041	D:1.396490e-02	D:1.679659e-01	S:TRUE	S:FALSE	S:TRUE	S:FALSE	S:TRUE	S:FALSE	S:FALSE	N:	N:	N:	N:
S:Arhgap23	S:ARHGAP23	S: 6	D:0.4501274	D:1.229670e-03	D:6.191547e-03	D:-2.735808e-02	D:8.393679e-01	D:9.447651e-01	D:0.4774855	D:1.398782e-02	D:1.681120e-01	S:TRUE	S:FALSE	S:TRUE	S:FALSE	S:TRUE	S:FALSE	S:FALSE	N:	N:	N:	N:
S:Dcdc2b	S:DCDC2B	S: 6	D:1.3071197	D:4.535046e-04	D:2.849037e-03	S: 2.176321e-02	D:9.527573e-01	D:9.856935e-01	D:1.2853565	D:1.401077e-02	D:1.682584e-01	S:TRUE	S:FALSE	S:TRUE	S:FALSE	S:TRUE	S:FALSE	S:FALSE	N:	N:	N:	N:
S:Fgfr1	S:FGFR1	S: 6	D:0.6715339	D:1.001519e-06	D:2.140592e-05	S: 2.169132e-01	D:9.476681e-02	D:3.092392e-01	D:0.4546208	D:1.406063e-02	D:1.683397e-01	S:TRUE	S:FALSE	S:TRUE	S:FALSE	S:TRUE	S:FALSE	S:FALSE	N:	N:	N:	N:
S:Ddx23	S:DDX23	S: 6	D:0.5842888	D:4.717911e-04	D:2.949089e-03	S: 1.144242e-02	D:9.440492e-01	D:9.834540e-01	D:0.5728464	D:1.410045e-02	D:1.684017e-01	S:TRUE	S:FALSE	S:TRUE	S:FALSE	S:TRUE	S:FALSE	S:FALSE	N:	N:	N:	N:
S:Thbs4	S:THBS4	S: 6	D:1.4681524	D:1.653583e-03	D:7.739620e-03	D:-1.018900e-01	D:8.153587e-01	D:9.358775e-01	D:1.5700424	D:1.417633e-02	D:1.690771e-01	S:TRUE	S:FALSE	S:TRUE	S:FALSE	S:TRUE	S:FALSE	S:FALSE	N:	N:	N:	N:
S:Stx5a	S:STX5A	S: 6	D:0.3797894	D:2.480690e-04	D:1.783631e-03	S: 2.470755e-02	D:8.078683e-01	D:9.345837e-01	D:0.3550818	D:1.422482e-02	D:1.694580e-01	S:TRUE	S:FALSE	S:TRUE	S:FALSE	S:TRUE	S:TRUE	S:TRUE	N:	N:	N:	N:
S:Ccdc13	S:CCDC13	S: 6	D:1.0751034	D:2.247783e-03	D:9.796444e-03	D:-1.637220e-01	D:6.497349e-01	D:8.621677e-01	D:1.2388254	D:1.427854e-02	D:1.697777e-01	S:TRUE	S:FALSE	S:TRUE	S:FALSE	S:TRUE	S:FALSE	S:FALSE	N:	N:	N:	N:
S:Ddx39	S:DDX39	S: 6	D:0.6514126	D:4.385703e-05	D:4.571196e-04	S: 1.039827e-01	D:5.130746e-01	D:7.803250e-01	D:0.5474300	D:1.438814e-02	D:1.699506e-01	S:TRUE	S:FALSE	S:TRUE	S:FALSE	S:TRUE	S:FALSE	S:FALSE	N:	N:	N:	N:
S:Snx22	S:SNX22	S: 6	D:0.7238867	D:4.498420e-04	D:2.836292e-03	S: 2.657519e-02	D:8.928296e-01	D:9.658136e-01	D:0.6973115	D:1.446157e-02	D:1.699506e-01	S:TRUE	S:FALSE	S:TRUE	S:FALSE	S:TRUE	S:FALSE	S:FALSE	N:	N:	N:	N:
S:Chdh	S:CHDH	S: 6	D:0.5122017	D:1.884065e-02	D:4.901047e-02	D:-2.245442e-01	D:2.737332e-01	D:5.723012e-01	D:0.7367459	D:1.450366e-02	D:1.699506e-01	S:TRUE	S:FALSE	S:TRUE	S:FALSE	S:TRUE	S:FALSE	S:FALSE	N:	N:	N:	N:
S:Bmp1	S:BMP1	S: 6	D:0.6957603	D:1.749072e-03	D:8.080277e-03	D:-7.217580e-02	D:7.440658e-01	D:9.063344e-01	D:0.7679361	D:1.457395e-02	D:1.699506e-01	S:TRUE	S:FALSE	S:TRUE	S:FALSE	S:TRUE	S:FALSE	S:FALSE	N:	N:	N:	N:
S:Evc	S:EVC	S: 6	D:0.4951948	D:3.810603e-03	D:1.465908e-02	D:-7.540002e-02	D:6.327076e-01	D:8.540322e-01	D:0.5705948	D:1.458354e-02	D:1.699506e-01	S:TRUE	S:FALSE	S:TRUE	S:FALSE	S:TRUE	S:FALSE	S:FALSE	N:	N:	N:	N:
S:Vsig2	S:VSIG2	S: 6	D:0.5393970	D:6.677217e-03	D:2.270582e-02	D:-1.357192e-01	D:4.757048e-01	D:7.559304e-01	D:0.6751162	D:1.465843e-02	D:1.704043e-01	S:TRUE	S:FALSE	S:TRUE	S:FALSE	S:TRUE	S:FALSE	S:FALSE	N:	N:	N:	N:
S:Wdr54	S:WDR54	S: 6	D:0.4942977	D:3.426486e-03	D:1.351222e-02	D:-9.216268e-02	D:5.869389e-01	D:8.265530e-01	D:0.5864604	D:1.469633e-02	D:1.707178e-01	S:TRUE	S:FALSE	S:TRUE	S:FALSE	S:TRUE	S:FALSE	S:FALSE	N:	N:	N:	N:
S:Epn2	S:EPN2	S: 6	D:0.2144455	D:3.257623e-04	D:2.204292e-03	S: 1.262377e-02	D:8.267190e-01	D:9.387695e-01	D:0.2018217	D:1.482663e-02	D:1.714857e-01	S:TRUE	S:FALSE	S:TRUE	S:FALSE	S:TRUE	S:FALSE	S:FALSE	N:	N:	N:	N:
S:Coasy	S:COASY	S: 6	D:0.4570262	D:4.833751e-03	D:1.760842e-02	D:-1.062876e-01	D:5.150202e-01	D:7.815625e-01	D:0.5633138	D:1.483927e-02	D:1.714857e-01	S:TRUE	S:FALSE	S:TRUE	S:FALSE	S:TRUE	S:FALSE	S:FALSE	N:	N:	N:	N:
S:A4galt	S:A4GALT	S: 6	D:1.0800520	D:4.739415e-05	D:4.862024e-04	S: 2.078361e-01	D:3.961986e-01	D:6.956070e-01	D:0.8722159	D:1.488407e-02	D:1.716411e-01	S:TRUE	S:FALSE	S:TRUE	S:FALSE	S:TRUE	S:FALSE	S:FALSE	N:	N:	N:	N:
S:Col11a1	S:COL11A1	S: 6	D:0.4638726	D:3.310529e-03	D:1.318473e-02	D:-9.781246e-02	D:5.577830e-01	D:8.096946e-01	D:0.5616851	D:1.494013e-02	D:1.716411e-01	S:TRUE	S:FALSE	S:TRUE	S:FALSE	S:TRUE	S:FALSE	S:FALSE	N:	N:	N:	N:
S:Chkb	S:CHKB	S: 6	D:0.2263953	D:6.019038e-03	D:2.087681e-02	D:-5.485370e-02	D:4.944292e-01	D:7.678639e-01	D:0.2812490	D:1.499101e-02	D:1.716411e-01	S:TRUE	S:FALSE	S:TRUE	S:FALSE	S:TRUE	S:FALSE	S:FALSE	N:	N:	N:	N:
S:Lrp10	S:LRP10	S: 6	D:0.6857035	D:3.664498e-03	D:1.423524e-02	D:-1.562848e-01	D:5.336343e-01	D:7.943417e-01	D:0.8419883	D:1.500743e-02	D:1.716411e-01	S:TRUE	S:FALSE	S:TRUE	S:FALSE	S:TRUE	S:FALSE	S:FALSE	N:	N:	N:	N:
S:Eef1d	S:EEF1D	S: 6	D:0.6985607	D:2.855322e-05	D:3.256317e-04	S: 1.378194e-01	D:3.948857e-01	D:6.944693e-01	D:0.5607413	D:1.501750e-02	D:1.716411e-01	S:TRUE	S:FALSE	S:TRUE	S:FALSE	S:TRUE	S:TRUE	S:TRUE	N:	N:	N:	N:
S:Pofut2	S:POFUT2	S: 6	D:1.0598616	D:4.319014e-05	D:4.510714e-04	S: 1.752680e-01	D:4.984506e-01	D:7.705341e-01	D:0.8845935	D:1.504952e-02	D:1.717971e-01	S:TRUE	S:FALSE	S:TRUE	S:FALSE	S:TRUE	S:TRUE	S:TRUE	N:	N:	N:	N:
S:Plod3	S:PLOD3	S: 6	D:0.7757591	D:1.167411e-04	D:9.939575e-04	S: 8.407464e-02	D:6.784075e-01	D:8.788736e-01	D:0.6916844	D:1.510353e-02	D:1.717987e-01	S:TRUE	S:FALSE	S:TRUE	S:FALSE	S:TRUE	S:FALSE	S:FALSE	N:	N:	N:	N:
S:Preb	S:PREB	S: 6	D:0.3361031	D:3.271322e-03	D:1.307190e-02	D:-5.614764e-02	D:6.198243e-01	D:8.472891e-01	D:0.3922508	D:1.511925e-02	D:1.717987e-01	S:TRUE	S:FALSE	S:TRUE	S:FALSE	S:TRUE	S:FALSE	S:FALSE	N:	N:	N:	N:
S:Chst10	S:CHST10	S: 6	D:0.3859240	D:1.116572e-10	D:1.246094e-08	S: 1.995727e-01	D:3.072500e-04	D:5.339794e-03	D:0.1863513	D:1.520253e-02	D:1.723374e-01	S:TRUE	S:TRUE	S:TRUE	S:FALSE	S:TRUE	S:TRUE	S:TRUE	N:	N:	N:	N:
S:Dcps	S:DCPS	S: 6	D:0.5333108	D:2.020042e-05	D:2.500882e-04	S: 1.161517e-01	D:3.346048e-01	D:6.364041e-01	D:0.4171591	D:1.521079e-02	D:1.723374e-01	S:TRUE	S:FALSE	S:TRUE	S:FALSE	S:TRUE	S:FALSE	S:FALSE	N:	N:	N:	N:
S:Clcn2	S:CLCN2	S: 6	D:0.7423107	D:1.284050e-03	D:6.383071e-03	D:-4.406099e-02	D:8.461838e-01	D:9.482528e-01	D:0.7863717	D:1.528558e-02	D:1.725486e-01	S:TRUE	S:FALSE	S:TRUE	S:FALSE	S:TRUE	S:FALSE	S:FALSE	N:	N:	N:	N:
S:Oaf	S:OAF	S: 6	D:0.8197187	D:5.720140e-04	D:3.421572e-03	S: 2.142707e-02	D:9.250523e-01	D:9.770864e-01	D:0.7982916	D:1.530883e-02	D:1.725486e-01	S:TRUE	S:FALSE	S:TRUE	S:FALSE	S:TRUE	S:FALSE	S:FALSE	N:	N:	N:	N:
S:Dusp15	S:DUSP15	S: 6	D:0.6416746	D:1.240652e-06	D:2.547168e-05	S: 2.067926e-01	D:1.019784e-01	D:3.221411e-01	D:0.4348820	D:1.536573e-02	D:1.725486e-01	S:TRUE	S:FALSE	S:TRUE	S:FALSE	S:TRUE	S:FALSE	S:FALSE	N:	N:	N:	N:
S:Il18bp	S:IL18BP	S: 6	D:0.6233333	D:1.083714e-04	D:9.387821e-04	S: 7.941797e-02	D:6.149725e-01	D:8.444113e-01	D:0.5439154	D:1.538104e-02	D:1.725486e-01	S:TRUE	S:FALSE	S:TRUE	S:FALSE	S:TRUE	S:FALSE	S:FALSE	N:	N:	N:	N:
S:Atg16l2	S:ATG16L2	S: 6	D:0.8851506	D:3.189054e-06	D:5.523923e-05	S: 2.620346e-01	D:1.448878e-01	D:3.976445e-01	D:0.6231161	D:1.538901e-02	D:1.725486e-01	S:TRUE	S:FALSE	S:TRUE	S:FALSE	S:TRUE	S:FALSE	S:FALSE	N:	N:	N:	N:
S:H2-Ke6	S:H2-KE6	S: 6	D:1.0693079	D:1.036744e-04	D:9.059334e-04	S: 1.519971e-01	D:5.635375e-01	D:8.138944e-01	D:0.9173108	D:1.547239e-02	D:1.725486e-01	S:TRUE	S:FALSE	S:TRUE	S:FALSE	S:TRUE	S:FALSE	S:FALSE	N:	N:	N:	N:
S:2900092e17rik	S:2900092E17RIK	S: 6	D:1.1382818	D:2.407916e-06	D:4.359360e-05	S: 3.409967e-01	D:1.428710e-01	D:3.943093e-01	D:0.7972851	D:1.555258e-02	D:1.728164e-01	S:TRUE	S:FALSE	S:TRUE	S:FALSE	S:TRUE	S:FALSE	S:FALSE	N:	N:	N:	N:
S:Ech1	S:ECH1	S: 6	D:0.5339731	D:4.610136e-03	D:1.701601e-02	D:-1.106110e-01	D:5.537423e-01	D:8.061728e-01	D:0.6445841	D:1.558155e-02	D:1.728164e-01	S:TRUE	S:FALSE	S:TRUE	S:FALSE	S:TRUE	S:FALSE	S:FALSE	N:	N:	N:	N:
S:Ivd	S:IVD	S: 6	D:0.2920188	D:9.371743e-04	D:5.022761e-03	D:-5.903718e-03	D:9.451505e-01	D:9.836163e-01	D:0.2979225	D:1.558563e-02	D:1.728164e-01	S:TRUE	S:FALSE	S:TRUE	S:FALSE	S:TRUE	S:FALSE	S:FALSE	N:	N:	N:	N:
S:Rasd2	S:RASD2	S: 6	D:0.4879812	D:1.454570e-03	D:7.025100e-03	D:-3.033836e-02	D:8.390128e-01	D:9.446377e-01	D:0.5183195	D:1.561515e-02	D:1.728164e-01	S:TRUE	S:FALSE	S:TRUE	S:FALSE	S:TRUE	S:FALSE	S:FALSE	N:	N:	N:	N:
S:Wtip	S:WTIP	S: 6	D:0.6896237	D:1.682422e-02	D:4.512646e-02	D:-3.083103e-01	D:2.904029e-01	D:5.908788e-01	D:0.9979340	D:1.564378e-02	D:1.728164e-01	S:TRUE	S:FALSE	S:TRUE	S:FALSE	S:TRUE	S:FALSE	S:FALSE	N:	N:	N:	N:
S:Sssca1	S:SSSCA1	S: 6	D:0.6842099	D:4.811543e-08	D:1.792787e-06	S: 2.721585e-01	D:2.726109e-02	D:1.389649e-01	D:0.4120514	D:1.569427e-02	D:1.731690e-01	S:TRUE	S:FALSE	S:TRUE	S:FALSE	S:TRUE	S:FALSE	S:FALSE	N:	N:	N:	N:
S:Lgals4	S:LGALS4	S: 6	D:0.8180505	D:1.275725e-03	D:6.347748e-03	D:-3.216916e-02	D:8.947395e-01	D:9.665484e-01	D:0.8502197	D:1.571709e-02	D:1.732983e-01	S:TRUE	S:FALSE	S:TRUE	S:FALSE	S:TRUE	S:FALSE	S:FALSE	N:	N:	N:	N:
S:Slc35a4	S:SLC35A4	S: 6	D:0.4608293	D:3.983720e-04	D:2.574096e-03	S: 2.147567e-02	D:8.662406e-01	D:9.557336e-01	D:0.4393537	D:1.574292e-02	D:1.734608e-01	S:TRUE	S:FALSE	S:TRUE	S:FALSE	S:TRUE	S:FALSE	S:FALSE	N:	N:	N:	N:
S:Fndc8	S:FNDC8	S: 6	D:1.7757790	D:1.099007e-07	D:3.555048e-06	S: 7.342416e-01	D:1.311400e-02	D:8.376664e-02	D:1.0415374	D:1.591601e-02	D:1.740912e-01	S:TRUE	S:FALSE	S:TRUE	S:FALSE	S:TRUE	S:FALSE	S:FALSE	N:	N:	N:	N:
S:Mettl17	S:METTL17	S: 6	D:0.6485667	D:3.721457e-08	D:1.453601e-06	S: 2.721327e-01	D:1.390268e-02	D:8.737550e-02	D:0.3764340	D:1.595426e-02	D:1.740912e-01	S:TRUE	S:FALSE	S:TRUE	S:FALSE	S:TRUE	S:FALSE	S:FALSE	N:	N:	N:	N:
S:Coq6	S:COQ6	S: 6	D:0.4979201	D:1.712136e-03	D:7.947117e-03	D:-4.239228e-02	D:7.879499e-01	D:9.282935e-01	D:0.5403124	D:1.596442e-02	D:1.740912e-01	S:TRUE	S:FALSE	S:TRUE	S:FALSE	S:TRUE	S:FALSE	S:FALSE	N:	N:	N:	N:
S:Ctns	S:CTNS	S: 6	D:0.3156171	D:5.445059e-05	D:5.411807e-04	S: 5.426648e-02	D:4.772562e-01	D:7.570645e-01	D:0.2613506	D:1.603607e-02	D:1.740912e-01	S:TRUE	S:FALSE	S:TRUE	S:FALSE	S:TRUE	S:FALSE	S:FALSE	N:	N:	N:	N:
S:Grwd1	S:GRWD1	S: 6	D:0.6100311	D:1.246662e-03	D:6.254931e-03	D:-4.499219e-02	D:8.175624e-01	D:9.365162e-01	D:0.6550233	D:1.608258e-02	D:1.740912e-01	S:TRUE	S:FALSE	S:TRUE	S:FALSE	S:TRUE	S:TRUE	S:TRUE	N:	N:	N:	N:
S:Psmc4	S:PSMC4	S: 6	D:0.4572225	D:5.572474e-05	D:5.527895e-04	S: 7.944978e-02	D:4.706993e-01	D:7.525024e-01	D:0.3777727	D:1.611360e-02	D:1.740912e-01	S:TRUE	S:FALSE	S:TRUE	S:FALSE	S:TRUE	S:FALSE	S:FALSE	N:	N:	N:	N:
S:Anapc2	S:ANAPC2	S: 6	D:0.4510556	D:3.418126e-03	D:1.348900e-02	D:-7.101129e-02	D:6.396427e-01	D:8.573934e-01	D:0.5220669	D:1.612532e-02	D:1.740912e-01	S:TRUE	S:FALSE	S:TRUE	S:FALSE	S:TRUE	S:FALSE	S:FALSE	N:	N:	N:	N:
S:Polr3c	S:POLR3C	S: 6	D:0.2743889	D:4.111970e-03	D:1.555203e-02	D:-5.077624e-02	D:5.921595e-01	D:8.301502e-01	D:0.3251652	D:1.615277e-02	D:1.740912e-01	S:TRUE	S:FALSE	S:TRUE	S:FALSE	S:TRUE	S:FALSE	S:FALSE	N:	N:	N:	N:
S:Zfp276	S:ZFP276	S: 6	D:0.9499484	D:3.325562e-06	D:5.698701e-05	S: 2.807323e-01	D:1.516297e-01	D:4.077723e-01	D:0.6692162	D:1.618755e-02	D:1.740912e-01	S:TRUE	S:FALSE	S:TRUE	S:FALSE	S:TRUE	S:FALSE	S:FALSE	N:	N:	N:	N:
S:Mamdc4	S:MAMDC4	S: 6	D:1.8103337	D:4.906077e-05	D:4.993651e-04	S: 3.837086e-01	D:3.378105e-01	D:6.394406e-01	D:1.4266252	D:1.622355e-02	D:1.740912e-01	S:TRUE	S:FALSE	S:TRUE	S:FALSE	S:TRUE	S:FALSE	S:FALSE	N:	N:	N:	N:
S:Pttg1	S:PTTG1	S: 6	D:0.2547423	D:2.174727e-03	D:9.568552e-03	D:-2.377203e-02	D:7.679543e-01	D:9.183711e-01	D:0.2785144	D:1.637733e-02	D:1.745425e-01	S:TRUE	S:FALSE	S:TRUE	S:FALSE	S:TRUE	S:FALSE	S:FALSE	N:	N:	N:	N:
S:Hcls1	S:HCLS1	S: 6	D:0.5037258	D:1.200798e-02	D:3.517348e-02	D:-1.842665e-01	D:3.631468e-01	D:6.638775e-01	D:0.6879923	D:1.643073e-02	D:1.745982e-01	S:TRUE	S:FALSE	S:TRUE	S:FALSE	S:TRUE	S:FALSE	S:FALSE	N:	N:	N:	N:
S:Fastk	S:FASTK	S: 6	D:0.6563100	D:5.507724e-03	D:1.948456e-02	D:-1.661071e-01	D:4.997511e-01	D:7.712476e-01	D:0.8224171	D:1.648312e-02	D:1.745982e-01	S:TRUE	S:FALSE	S:TRUE	S:FALSE	S:TRUE	S:FALSE	S:FALSE	N:	N:	N:	N:
S:Pttg1ip	S:PTTG1IP	S: 6	D:0.1747844	D:1.727600e-03	D:8.004753e-03	D:-1.191325e-02	D:8.258996e-01	D:9.386671e-01	D:0.1866977	D:1.653714e-02	D:1.746967e-01	S:TRUE	S:FALSE	S:TRUE	S:FALSE	S:TRUE	S:FALSE	S:FALSE	N:	N:	N:	N:
S:Lrrc45	S:LRRC45	S: 6	D:1.1019822	D:9.322425e-04	D:5.009333e-03	D:-1.407533e-02	D:9.654928e-01	D:9.893658e-01	D:1.1160575	D:1.655677e-02	D:1.747858e-01	S:TRUE	S:FALSE	S:TRUE	S:FALSE	S:TRUE	S:FALSE	S:FALSE	N:	N:	N:	N:
S:Cfp	S:CFP	S: 6	D:1.7290155	D:9.274114e-09	D:4.782137e-07	S: 7.745192e-01	D:6.636644e-03	D:5.145952e-02	D:0.9544963	D:1.666114e-02	D:1.751774e-01	S:TRUE	S:FALSE	S:TRUE	S:FALSE	S:TRUE	S:FALSE	S:FALSE	N:	N:	N:	N:
S:Men1	S:MEN1	S: 6	D:0.5681170	D:1.948838e-03	D:8.805274e-03	D:-5.503732e-02	D:7.647998e-01	D:9.167037e-01	D:0.6231544	D:1.670598e-02	D:1.755308e-01	S:TRUE	S:FALSE	S:TRUE	S:FALSE	S:TRUE	S:FALSE	S:FALSE	N:	N:	N:	N:
S:Ankrd13b	S:ANKRD13B	S: 6	D:0.9098756	D:2.567448e-04	D:1.831681e-03	S: 6.728015e-02	D:7.880554e-01	D:9.282935e-01	D:0.8425955	D:1.672579e-02	D:1.755528e-01	S:TRUE	S:FALSE	S:TRUE	S:FALSE	S:TRUE	S:TRUE	S:TRUE	N:	N:	N:	N:
S:Gm10629	S:GM10629	S: 6	D:1.3328070	D:5.352948e-03	D:1.905981e-02	D:-1.845815e-01	D:6.549940e-01	D:8.649840e-01	D:1.5173884	D:1.673336e-02	D:1.755528e-01	S:TRUE	S:FALSE	S:TRUE	S:FALSE	S:TRUE	S:FALSE	S:FALSE	N:	N:	N:	N:
S:Sart1	S:SART1	S: 6	D:0.6355698	D:2.004693e-04	D:1.509461e-03	S: 6.576893e-02	D:6.946590e-01	D:8.851680e-01	D:0.5698009	D:1.689228e-02	D:1.762026e-01	S:TRUE	S:FALSE	S:TRUE	S:FALSE	S:TRUE	S:FALSE	S:FALSE	N:	N:	N:	N:
S:Spsb1	S:SPSB1	S: 6	D:0.6338525	D:2.489458e-03	D:1.063294e-02	D:-6.831546e-02	D:7.389292e-01	D:9.034376e-01	D:0.7021680	D:1.689939e-02	D:1.762026e-01	S:TRUE	S:FALSE	S:TRUE	S:FALSE	S:TRUE	S:FALSE	S:FALSE	N:	N:	N:	N:
S:Eme2	S:EME2	S: 6	D:0.3980743	D:3.293705e-03	D:1.312777e-02	D:-6.335197e-02	D:6.432180e-01	D:8.587261e-01	D:0.4614263	D:1.691106e-02	D:1.762026e-01	S:TRUE	S:FALSE	S:TRUE	S:FALSE	S:TRUE	S:FALSE	S:FALSE	N:	N:	N:	N:
S:Fcho1	S:FCHO1	S: 6	D:0.8249027	D:2.555706e-03	D:1.085064e-02	D:-1.138877e-01	D:6.850010e-01	D:8.812036e-01	D:0.9387904	D:1.695387e-02	D:1.762026e-01	S:TRUE	S:FALSE	S:TRUE	S:FALSE	S:TRUE	S:FALSE	S:FALSE	N:	N:	N:	N:
S:5830416p10rik	S:5830416P10RIK	S: 6	D:0.8087448	D:3.875028e-04	D:2.520178e-03	S: 5.400342e-02	D:8.060954e-01	D:9.344046e-01	D:0.7547414	D:1.696520e-02	D:1.762026e-01	S:TRUE	S:FALSE	S:TRUE	S:FALSE	S:TRUE	S:FALSE	S:FALSE	N:	N:	N:	N:
S:Capns1	S:CAPNS1	S: 6	D:0.4618208	D:2.720016e-03	D:1.137819e-02	D:-5.540685e-02	D:7.147197e-01	D:8.931996e-01	D:0.5172277	D:1.702003e-02	D:1.762026e-01	S:TRUE	S:FALSE	S:TRUE	S:FALSE	S:TRUE	S:FALSE	S:FALSE	N:	N:	N:	N:
S:Rem2	S:REM2	S: 6	D:0.6788747	D:8.672607e-04	D:4.724575e-03	D:-3.414694e-02	D:8.759383e-01	D:9.590423e-01	D:0.7130217	D:1.725022e-02	D:1.763619e-01	S:TRUE	S:FALSE	S:TRUE	S:FALSE	S:TRUE	S:FALSE	S:FALSE	N:	N:	N:	N:
S:Ppie	S:PPIE	S: 6	D:0.4071185	D:2.846181e-03	D:1.178916e-02	D:-5.164445e-02	D:7.024600e-01	D:8.885610e-01	D:0.4587629	D:1.725185e-02	D:1.763619e-01	S:TRUE	S:FALSE	S:TRUE	S:FALSE	S:TRUE	S:FALSE	S:FALSE	N:	N:	N:	N:
S:Nkd1	S:NKD1	S: 6	D:0.4859678	D:5.434872e-03	D:1.928786e-02	D:-1.076701e-01	D:5.411836e-01	D:7.991548e-01	D:0.5936379	D:1.725664e-02	D:1.763619e-01	S:TRUE	S:FALSE	S:TRUE	S:FALSE	S:TRUE	S:FALSE	S:FALSE	N:	N:	N:	N:
S:Apitd1	S:APITD1	S: 6	D:0.8080117	D:3.061210e-03	D:1.244881e-02	D:-1.250379e-01	D:6.556679e-01	D:8.656546e-01	D:0.9330496	D:1.747311e-02	D:1.770749e-01	S:TRUE	S:FALSE	S:TRUE	S:FALSE	S:TRUE	S:FALSE	S:FALSE	N:	N:	N:	N:
S:Gnai2	S:GNAI2	S: 6	D:0.4424376	D:1.445945e-02	D:4.046471e-02	D:-1.660891e-01	D:3.540492e-01	D:6.553107e-01	D:0.6085267	D:1.750971e-02	D:1.770749e-01	S:TRUE	S:FALSE	S:TRUE	S:FALSE	S:TRUE	S:FALSE	S:FALSE	N:	N:	N:	N:
S:Clu	S:CLU	S: 6	D:0.3955183	D:4.950121e-03	D:1.793197e-02	D:-7.478619e-02	D:5.883308e-01	D:8.275935e-01	D:0.4703045	D:1.754124e-02	D:1.770749e-01	S:TRUE	S:FALSE	S:TRUE	S:FALSE	S:TRUE	S:FALSE	S:FALSE	N:	N:	N:	N:
S:Tmem200a	S:TMEM200A	S: 6	D:0.5728691	D:1.609636e-05	D:2.085319e-04	S: 1.399611e-01	D:2.742797e-01	D:5.731370e-01	D:0.4329080	D:1.757533e-02	D:1.770749e-01	S:TRUE	S:FALSE	S:TRUE	S:FALSE	S:TRUE	S:FALSE	S:FALSE	N:	N:	N:	N:
S:Nr1h2	S:NR1H2	S: 6	D:0.8845048	D:2.489132e-03	D:1.063294e-02	D:-1.208639e-01	D:6.913388e-01	D:8.838456e-01	D:1.0053688	D:1.758608e-02	D:1.770749e-01	S:TRUE	S:FALSE	S:TRUE	S:FALSE	S:TRUE	S:FALSE	S:FALSE	N:	N:	N:	N:
S:Txnl4a	S:TXNL4A	S: 6	D:0.6185567	D:5.149283e-10	D:4.279383e-08	S: 3.096953e-01	D:1.026969e-03	D:1.288784e-02	D:0.3088614	D:1.766153e-02	D:1.770749e-01	S:TRUE	S:TRUE	S:TRUE	S:FALSE	S:TRUE	S:FALSE	S:FALSE	N:	N:	N:	N:
S:Ccdc37	S:CCDC37	S: 6	D:0.9109582	D:2.660130e-05	D:3.085514e-04	S: 1.912216e-01	D:3.763943e-01	D:6.775097e-01	D:0.7197366	D:1.767888e-02	D:1.770749e-01	S:TRUE	S:FALSE	S:TRUE	S:FALSE	S:TRUE	S:FALSE	S:FALSE	N:	N:	N:	N:
S:Tm2d2	S:TM2D2	S: 6	D:0.4110964	D:1.049656e-03	D:5.492237e-03	D:-8.579652e-03	D:9.451156e-01	D:9.836163e-01	D:0.4196760	D:1.771266e-02	D:1.770749e-01	S:TRUE	S:FALSE	S:TRUE	S:FALSE	S:TRUE	S:FALSE	S:FALSE	N:	N:	N:	N:
S:Casc3	S:CASC3	S: 6	D:0.3186990	D:2.333089e-06	D:4.253463e-05	S: 1.024605e-01	D:1.089267e-01	D:3.335039e-01	D:0.2162385	D:1.774185e-02	D:1.771354e-01	S:TRUE	S:FALSE	S:TRUE	S:FALSE	S:TRUE	S:FALSE	S:FALSE	N:	N:	N:	N:
S:Scly	S:SCLY	S: 6	D:0.4169017	D:1.235743e-02	D:3.596865e-02	D:-1.458581e-01	D:3.828843e-01	D:6.836427e-01	D:0.5627598	D:1.774302e-02	D:1.771354e-01	S:TRUE	S:FALSE	S:TRUE	S:FALSE	S:TRUE	S:FALSE	S:FALSE	N:	N:	N:	N:
S:Uckl1	S:UCKL1	S: 6	D:0.3277424	D:1.579181e-02	D:4.317257e-02	D:-1.283653e-01	D:3.406898e-01	D:6.418592e-01	D:0.4561077	D:1.776474e-02	D:1.772390e-01	S:TRUE	S:FALSE	S:TRUE	S:FALSE	S:TRUE	S:FALSE	S:FALSE	N:	N:	N:	N:
S:Kri1	S:KRI1	S: 6	D:0.7137450	D:7.119331e-05	D:6.725056e-04	S: 1.237592e-01	D:4.800184e-01	D:7.580924e-01	D:0.5899858	D:1.793002e-02	D:1.773174e-01	S:TRUE	S:FALSE	S:TRUE	S:FALSE	S:TRUE	S:FALSE	S:FALSE	N:	N:	N:	N:
S:Fam122a	S:FAM122A	S: 6	D:0.5234155	D:8.640072e-03	D:2.754949e-02	D:-1.576727e-01	D:4.430147e-01	D:7.343939e-01	D:0.6810883	D:1.795693e-02	D:1.773174e-01	S:TRUE	S:FALSE	S:TRUE	S:FALSE	S:TRUE	S:FALSE	S:FALSE	N:	N:	N:	N:
S:Htr5b	S:HTR5B	S: 6	D:1.7185211	D:4.152641e-10	D:3.584578e-08	S: 9.304095e-01	D:3.672204e-05	D:1.026378e-03	D:0.7881116	D:1.797270e-02	D:1.773174e-01	S:TRUE	S:TRUE	S:TRUE	S:FALSE	S:TRUE	S:FALSE	S:FALSE	N:	N:	N:	N:
S:B3galt5	S:B3GALT5	S: 6	D:0.3103593	D:1.256006e-02	D:3.638761e-02	D:-9.896537e-02	D:4.062785e-01	D:7.036128e-01	D:0.4093246	D:1.807706e-02	D:1.773174e-01	S:TRUE	S:FALSE	S:TRUE	S:FALSE	S:TRUE	S:FALSE	S:FALSE	N:	N:	N:	N:
S:Tmem120a	S:TMEM120A	S: 6	D:0.6850688	D:7.885953e-05	D:7.260468e-04	S: 1.166991e-01	D:4.895104e-01	D:7.653468e-01	D:0.5683697	D:1.811708e-02	D:1.773174e-01	S:TRUE	S:FALSE	S:TRUE	S:FALSE	S:TRUE	S:FALSE	S:FALSE	N:	N:	N:	N:
S:Itpkc	S:ITPKC	S: 6	D:0.6780441	D:1.189413e-04	D:1.007776e-03	S: 9.260580e-02	D:5.989413e-01	D:8.345963e-01	D:0.5854383	D:1.818174e-02	D:1.773174e-01	S:TRUE	S:FALSE	S:TRUE	S:FALSE	S:TRUE	S:FALSE	S:FALSE	N:	N:	N:	N:
S:Plod1	S:PLOD1	S: 6	D:0.8101535	D:4.359747e-04	D:2.766722e-03	S: 3.200796e-02	D:8.921531e-01	D:9.656624e-01	D:0.7781456	D:1.819150e-02	D:1.773174e-01	S:TRUE	S:FALSE	S:TRUE	S:FALSE	S:TRUE	S:TRUE	S:TRUE	N:	N:	N:	N:
S:Aimp2	S:AIMP2	S: 6	D:0.5006781	D:3.298744e-04	D:2.227294e-03	S: 3.523484e-02	D:8.011738e-01	D:9.324076e-01	D:0.4654433	D:1.821221e-02	D:1.773174e-01	S:TRUE	S:FALSE	S:TRUE	S:FALSE	S:TRUE	S:FALSE	S:FALSE	N:	N:	N:	N:
S:Pecam1	S:PECAM1	S: 6	D:0.3220370	D:6.063837e-04	D:3.585973e-03	S: 1.032547e-02	D:9.115171e-01	D:9.728030e-01	D:0.3117116	D:1.821226e-02	D:1.773174e-01	S:TRUE	S:FALSE	S:TRUE	S:FALSE	S:TRUE	S:FALSE	S:FALSE	N:	N:	N:	N:
S:Tcte1	S:TCTE1	S: 6	D:0.8693947	D:2.473549e-15	D:1.332646e-12	S: 5.549519e-01	D:3.878324e-08	D:3.835123e-06	D:0.3144428	D:1.821307e-02	D:1.773174e-01	S:TRUE	S:TRUE	S:TRUE	S:FALSE	S:TRUE	S:FALSE	S:FALSE	N:	N:	N:	N:
S:Mthfsd	S:MTHFSD	S: 6	D:0.6573389	D:1.151556e-03	D:5.904796e-03	D:-2.519790e-02	D:9.026982e-01	D:9.688835e-01	D:0.6825368	D:1.822134e-02	D:1.773174e-01	S:TRUE	S:FALSE	S:TRUE	S:FALSE	S:TRUE	S:FALSE	S:FALSE	N:	N:	N:	N:
S:Mapkapk2	S:MAPKAPK2	S: 6	D:0.4880784	D:4.905802e-05	D:4.993651e-04	S: 9.707251e-02	D:4.024400e-01	D:7.002699e-01	D:0.3910059	D:1.822648e-02	D:1.773174e-01	S:TRUE	S:FALSE	S:TRUE	S:FALSE	S:TRUE	S:FALSE	S:FALSE	N:	N:	N:	N:
S:Lman2	S:LMAN2	S: 6	D:0.7071001	D:6.728667e-10	D:5.447083e-08	S: 3.559707e-01	D:8.905465e-04	D:1.169235e-02	D:0.3511294	D:1.831755e-02	D:1.774890e-01	S:TRUE	S:TRUE	S:TRUE	S:FALSE	S:TRUE	S:TRUE	S:TRUE	N:	N:	N:	N:
S:Gm12264	S:GM12264	S: 6	D:0.8238332	D:8.825848e-03	D:2.799900e-02	D:-2.382123e-01	D:4.553022e-01	D:7.419944e-01	D:1.0620454	D:1.835646e-02	D:1.776695e-01	S:TRUE	S:FALSE	S:TRUE	S:FALSE	S:TRUE	S:FALSE	S:FALSE	N:	N:	N:	N:
S:Ttc4	S:TTC4	S: 6	D:0.3875623	D:1.026938e-08	D:5.109835e-07	S: 1.779901e-01	D:4.953336e-03	D:4.215192e-02	D:0.2095722	D:1.851357e-02	D:1.777931e-01	S:TRUE	S:TRUE	S:TRUE	S:FALSE	S:TRUE	S:FALSE	S:FALSE	N:	N:	N:	N:
S:Glo1	S:GLO1	S: 6	D:0.1434776	D:8.486605e-03	D:2.716926e-02	D:-3.707980e-02	D:4.874495e-01	D:7.637306e-01	D:0.1805574	D:1.852263e-02	D:1.777931e-01	S:TRUE	S:FALSE	S:TRUE	S:FALSE	S:TRUE	S:FALSE	S:FALSE	N:	N:	N:	N:
S:Sdf2	S:SDF2	S: 6	D:0.3967389	D:2.613253e-04	D:1.858419e-03	S: 3.752123e-02	D:7.275774e-01	D:8.982603e-01	D:0.3592177	D:1.852596e-02	D:1.777931e-01	S:TRUE	S:FALSE	S:TRUE	S:FALSE	S:TRUE	S:TRUE	S:TRUE	N:	N:	N:	N:
S:Fndc5	S:FNDC5	S: 6	D:0.2378822	D:1.755370e-02	D:4.653190e-02	D:-9.691536e-02	D:3.310911e-01	D:6.323921e-01	D:0.3347976	D:1.853224e-02	D:1.777931e-01	S:TRUE	S:FALSE	S:TRUE	S:FALSE	S:TRUE	S:FALSE	S:FALSE	N:	N:	N:	N:
S:Cacna1h	S:CACNA1H	S: 6	D:0.7321495	D:1.391204e-03	D:6.792556e-03	D:-2.486126e-02	D:9.120958e-01	D:9.728030e-01	D:0.7570108	D:1.855754e-02	D:1.777931e-01	S:TRUE	S:FALSE	S:TRUE	S:FALSE	S:TRUE	S:FALSE	S:FALSE	N:	N:	N:	N:
S:2310061i04rik	S:2310061I04RIK	S: 6	D:0.4340903	D:5.131392e-05	D:5.162451e-04	S: 8.455695e-02	D:4.186217e-01	D:7.148136e-01	D:0.3495333	D:1.860325e-02	D:1.780988e-01	S:TRUE	S:FALSE	S:TRUE	S:FALSE	S:TRUE	S:FALSE	S:FALSE	N:	N:	N:	N:
S:Gfer	S:GFER	S: 6	D:0.3957966	D:1.136579e-02	D:3.385037e-02	D:-1.391532e-01	D:3.946947e-01	D:6.943424e-01	D:0.5349497	D:1.869279e-02	D:1.784753e-01	S:TRUE	S:FALSE	S:TRUE	S:FALSE	S:TRUE	S:FALSE	S:FALSE	N:	N:	N:	N:
S:Rrp9	S:RRP9	S: 6	D:1.0432271	D:2.048375e-04	D:1.535072e-03	S: 1.075114e-01	D:7.046911e-01	D:8.894966e-01	D:0.9357157	D:1.869562e-02	D:1.784753e-01	S:TRUE	S:FALSE	S:TRUE	S:FALSE	S:TRUE	S:FALSE	S:FALSE	N:	N:	N:	N:
S:Dgka	S:DGKA	S: 6	D:0.2236693	D:1.820358e-02	D:4.773016e-02	D:-8.753276e-02	D:3.381683e-01	D:6.398088e-01	D:0.3112021	D:1.873514e-02	D:1.784753e-01	S:TRUE	S:FALSE	S:TRUE	S:FALSE	S:TRUE	S:FALSE	S:FALSE	N:	N:	N:	N:
S:Mthfd1	S:MTHFD1	S: 6	D:0.2852434	D:3.104952e-03	D:1.258085e-02	D:-3.424453e-02	D:7.191416e-01	D:8.942075e-01	D:0.3194879	D:1.875049e-02	D:1.784753e-01	S:TRUE	S:FALSE	S:TRUE	S:FALSE	S:TRUE	S:FALSE	S:FALSE	N:	N:	N:	N:
S:Idh2	S:IDH2	S: 6	D:0.5219180	D:7.215884e-03	D:2.408481e-02	D:-1.268857e-01	D:5.138748e-01	D:7.809338e-01	D:0.6488037	D:1.875682e-02	D:1.784753e-01	S:TRUE	S:FALSE	S:TRUE	S:FALSE	S:TRUE	S:FALSE	S:FALSE	N:	N:	N:	N:
S:Pdcd2l	S:PDCD2L	S: 6	D:0.4674450	D:7.300558e-03	D:2.433473e-02	D:-1.129563e-01	D:5.154640e-01	D:7.816762e-01	D:0.5804013	D:1.884558e-02	D:1.786609e-01	S:TRUE	S:FALSE	S:TRUE	S:FALSE	S:TRUE	S:FALSE	S:FALSE	N:	N:	N:	N:
S:Gldc	S:GLDC	S: 6	D:0.3260530	D:2.608307e-03	D:1.102901e-02	D:-3.674803e-02	D:7.374051e-01	D:9.029874e-01	D:0.3628010	D:1.886113e-02	D:1.786609e-01	S:TRUE	S:FALSE	S:TRUE	S:FALSE	S:TRUE	S:FALSE	S:FALSE	N:	N:	N:	N:
S:Mrpl24	S:MRPL24	S: 6	D:0.3814083	D:2.004770e-06	D:3.764727e-05	S: 1.250438e-01	D:1.054712e-01	D:3.275457e-01	D:0.2563645	D:1.894386e-02	D:1.787159e-01	S:TRUE	S:FALSE	S:TRUE	S:FALSE	S:TRUE	S:FALSE	S:FALSE	N:	N:	N:	N:
S:1700024p16rik	S:1700024P16RIK	S: 6	D:0.8675207	D:7.780818e-03	D:2.552597e-02	D:-2.173719e-01	D:5.036531e-01	D:7.744391e-01	D:1.0848926	D:1.897716e-02	D:1.787159e-01	S:TRUE	S:FALSE	S:TRUE	S:FALSE	S:TRUE	S:FALSE	S:FALSE	N:	N:	N:	N:
S:Ctbp2	S:CTBP2	S: 6	D:0.3971213	D:5.724827e-05	D:5.639640e-04	S: 7.715411e-02	D:4.205235e-01	D:7.159485e-01	D:0.3199672	D:1.901133e-02	D:1.787159e-01	S:TRUE	S:FALSE	S:TRUE	S:FALSE	S:TRUE	S:FALSE	S:FALSE	N:	N:	N:	N:
S:Pdrg1	S:PDRG1	S: 6	D:0.2313954	D:6.627863e-03	D:2.258040e-02	D:-5.149085e-02	D:5.430533e-01	D:8.006667e-01	D:0.2828863	D:1.903850e-02	D:1.787159e-01	S:TRUE	S:FALSE	S:TRUE	S:FALSE	S:TRUE	S:FALSE	S:FALSE	N:	N:	N:	N:
S:Caly	S:CALY	S: 6	D:0.6381918	D:1.015435e-02	D:3.109714e-02	D:-1.992249e-01	D:4.337792e-01	D:7.268732e-01	D:0.8374167	D:1.912619e-02	D:1.787159e-01	S:TRUE	S:FALSE	S:TRUE	S:FALSE	S:TRUE	S:FALSE	S:FALSE	N:	N:	N:	N:
S:Polg	S:POLG	S: 6	D:0.3448542	D:3.051845e-03	D:1.241719e-02	D:-3.844451e-02	D:7.367187e-01	D:9.025714e-01	D:0.3832987	D:1.913905e-02	D:1.787159e-01	S:TRUE	S:FALSE	S:TRUE	S:FALSE	S:TRUE	S:FALSE	S:FALSE	N:	N:	N:	N:
S:Bc017643	S:BC017643	S: 6	D:0.3511540	D:4.940783e-04	D:3.052384e-03	S: 1.821827e-02	D:8.562745e-01	D:9.520022e-01	D:0.3329357	D:1.920787e-02	D:1.787159e-01	S:TRUE	S:FALSE	S:TRUE	S:FALSE	S:TRUE	S:FALSE	S:FALSE	N:	N:	N:	N:
S:Ccdc130	S:CCDC130	S: 6	D:0.4997618	D:6.370128e-03	D:2.185963e-02	D:-1.210451e-01	D:5.241492e-01	D:7.875091e-01	D:0.6208070	D:1.921140e-02	D:1.787159e-01	S:TRUE	S:FALSE	S:TRUE	S:FALSE	S:TRUE	S:FALSE	S:FALSE	N:	N:	N:	N:
S:Tuba1b	S:TUBA1B	S: 6	D:0.4112345	D:5.488073e-03	D:1.943905e-02	D:-7.777400e-02	D:5.947889e-01	D:8.318214e-01	D:0.4890085	D:1.924523e-02	D:1.787159e-01	S:TRUE	S:FALSE	S:TRUE	S:FALSE	S:TRUE	S:FALSE	S:FALSE	N:	N:	N:	N:
S:Nt5c1a	S:NT5C1A	S: 6	D:0.9217410	D:9.023547e-03	D:2.847009e-02	D:-2.338169e-01	D:4.941059e-01	D:7.678639e-01	D:1.1555579	D:1.925927e-02	D:1.787159e-01	S:TRUE	S:FALSE	S:TRUE	S:FALSE	S:TRUE	S:FALSE	S:FALSE	N:	N:	N:	N:
S:Lrpap1	S:LRPAP1	S: 6	D:0.3165771	D:2.336728e-03	D:1.011891e-02	D:-2.445200e-02	D:8.099337e-01	D:9.347780e-01	D:0.3410291	D:1.927726e-02	D:1.787159e-01	S:TRUE	S:FALSE	S:TRUE	S:FALSE	S:TRUE	S:FALSE	S:FALSE	N:	N:	N:	N:
S:Akr7a5	S:AKR7A5	S: 6	D:1.0956369	D:4.633655e-04	D:2.901652e-03	S: 3.336559e-02	D:9.193196e-01	D:9.755312e-01	D:1.0622713	D:1.929960e-02	D:1.787159e-01	S:TRUE	S:FALSE	S:TRUE	S:FALSE	S:TRUE	S:FALSE	S:FALSE	N:	N:	N:	N:
S:Tsc2	S:TSC2	S: 6	D:0.3796756	D:3.604749e-03	D:1.405204e-02	D:-4.886927e-02	D:7.022904e-01	D:8.885610e-01	D:0.4285449	D:1.931167e-02	D:1.787159e-01	S:TRUE	S:FALSE	S:TRUE	S:FALSE	S:TRUE	S:FALSE	S:FALSE	N:	N:	N:	N:
S:Rapgef3	S:RAPGEF3	S: 6	D:0.9074971	D:3.024619e-04	D:2.080874e-03	S: 9.600796e-02	D:6.904056e-01	D:8.835924e-01	D:0.8114892	D:1.932213e-02	D:1.787159e-01	S:TRUE	S:FALSE	S:TRUE	S:FALSE	S:TRUE	S:FALSE	S:FALSE	N:	N:	N:	N:
S:Mrps35	S:MRPS35	S: 6	D:0.3798909	D:1.367835e-05	D:1.820362e-04	S: 1.013940e-01	D:2.232022e-01	D:5.122650e-01	D:0.2784969	D:1.934437e-02	D:1.787159e-01	S:TRUE	S:FALSE	S:TRUE	S:FALSE	S:TRUE	S:TRUE	S:TRUE	N:	N:	N:	N:
S:Mmp15	S:MMP15	S: 6	D:0.6532871	D:6.116544e-03	D:2.113332e-02	D:-1.574209e-01	D:5.284108e-01	D:7.903399e-01	D:0.8107080	D:1.937174e-02	D:1.787473e-01	S:TRUE	S:FALSE	S:TRUE	S:FALSE	S:TRUE	S:FALSE	S:FALSE	N:	N:	N:	N:
S:Sgce	S:SGCE	S: 6	D:0.2060683	D:1.328706e-03	D:6.544673e-03	D:-4.127475e-03	D:9.476731e-01	D:9.843813e-01	D:0.2101957	D:1.942496e-02	D:1.788801e-01	S:TRUE	S:FALSE	S:TRUE	S:FALSE	S:TRUE	S:FALSE	S:FALSE	N:	N:	N:	N:
S:Myg1	S:MYG1	S: 6	D:0.6219629	D:5.889165e-06	D:9.155454e-05	S: 1.794400e-01	D:1.827015e-01	D:4.559949e-01	D:0.4425229	D:1.948403e-02	D:1.788801e-01	S:TRUE	S:FALSE	S:TRUE	S:FALSE	S:TRUE	S:FALSE	S:FALSE	N:	N:	N:	N:
S:Tjap1	S:TJAP1	S: 6	D:1.2691602	D:6.420171e-06	D:9.795777e-05	S: 3.689980e-01	D:1.751684e-01	D:4.452305e-01	D:0.9001623	D:1.952372e-02	D:1.788801e-01	S:TRUE	S:FALSE	S:TRUE	S:FALSE	S:TRUE	S:FALSE	S:FALSE	N:	N:	N:	N:
S:Ankrd40	S:ANKRD40	S: 6	D:0.1863639	D:1.062609e-05	D:1.482339e-04	S: 5.174451e-02	D:1.998995e-01	D:4.815547e-01	D:0.1346194	D:1.956280e-02	D:1.788801e-01	S:TRUE	S:FALSE	S:TRUE	S:FALSE	S:TRUE	S:FALSE	S:FALSE	N:	N:	N:	N:
S:Dpysl4	S:DPYSL4	S: 6	D:0.6497093	D:1.862302e-04	D:1.427004e-03	S: 8.525381e-02	D:6.153845e-01	D:8.446434e-01	D:0.5644555	D:1.959105e-02	D:1.788801e-01	S:TRUE	S:FALSE	S:TRUE	S:FALSE	S:TRUE	S:FALSE	S:FALSE	N:	N:	N:	N:
S:Smcr7	S:SMCR7	S: 6	D:0.6884038	D:1.957306e-03	D:8.831139e-03	D:-5.446606e-02	D:8.104183e-01	D:9.349842e-01	D:0.7428698	D:1.964013e-02	D:1.788801e-01	S:TRUE	S:FALSE	S:TRUE	S:FALSE	S:TRUE	S:FALSE	S:FALSE	N:	N:	N:	N:
S:Phf1	S:PHF1	S: 6	D:0.4939439	D:1.303230e-02	D:3.742109e-02	D:-1.519417e-01	D:4.252259e-01	D:7.194105e-01	D:0.6458856	D:1.966201e-02	D:1.788801e-01	S:TRUE	S:FALSE	S:TRUE	S:FALSE	S:TRUE	S:FALSE	S:FALSE	N:	N:	N:	N:
S:Nudt22	S:NUDT22	S: 6	D:0.8244543	D:1.273165e-02	D:3.679521e-02	D:-3.693647e-01	D:3.391946e-01	D:6.402774e-01	D:1.1938190	D:1.968991e-02	D:1.788801e-01	S:TRUE	S:FALSE	S:TRUE	S:FALSE	S:TRUE	S:FALSE	S:FALSE	N:	N:	N:	N:
S:Nudt1	S:NUDT1	S: 6	D:0.6418732	D:1.366534e-02	D:3.874906e-02	D:-2.269696e-01	D:3.899152e-01	D:6.894562e-01	D:0.8688428	D:1.976148e-02	D:1.791810e-01	S:TRUE	S:FALSE	S:TRUE	S:FALSE	S:TRUE	S:FALSE	S:FALSE	N:	N:	N:	N:
S:Mapk8ip1	S:MAPK8IP1	S: 6	D:0.6055227	D:6.124975e-04	D:3.611193e-03	S: 3.236675e-02	D:8.503154e-01	D:9.499318e-01	D:0.5731560	D:1.976665e-02	D:1.791810e-01	S:TRUE	S:FALSE	S:TRUE	S:FALSE	S:TRUE	S:TRUE	S:TRUE	N:	N:	N:	N:
S:Ptgds	S:PTGDS	S: 6	D:0.7545915	D:2.967010e-03	D:1.218947e-02	D:-7.635631e-02	D:7.592847e-01	D:9.139696e-01	D:0.8309478	D:1.981841e-02	D:1.792619e-01	S:TRUE	S:FALSE	S:TRUE	S:FALSE	S:TRUE	S:FALSE	S:FALSE	N:	N:	N:	N:
S:Celsr3	S:CELSR3	S: 6	D:0.5801334	D:3.091020e-03	D:1.254392e-02	D:-5.894818e-02	D:7.576477e-01	D:9.136684e-01	D:0.6390816	D:1.986906e-02	D:1.792619e-01	S:TRUE	S:FALSE	S:TRUE	S:FALSE	S:TRUE	S:FALSE	S:FALSE	N:	N:	N:	N:
S:Idh3g	S:IDH3G	S: 6	D:0.3843712	D:6.899634e-04	D:3.954508e-03	S: 1.714142e-02	D:8.761565e-01	D:9.591556e-01	D:0.3672298	D:1.987209e-02	D:1.792619e-01	S:TRUE	S:FALSE	S:TRUE	S:FALSE	S:TRUE	S:FALSE	S:FALSE	N:	N:	N:	N:
S:Atg16l1	S:ATG16L1	S: 6	D:0.2603553	D:4.366499e-04	D:2.768797e-03	S: 2.103480e-02	D:7.694277e-01	D:9.193590e-01	D:0.2393205	D:1.996908e-02	D:1.799290e-01	S:TRUE	S:FALSE	S:TRUE	S:FALSE	S:TRUE	S:FALSE	S:FALSE	N:	N:	N:	N:
S:Coq4	S:COQ4	S: 6	D:0.3918691	D:2.324418e-03	D:1.007957e-02	D:-3.587386e-02	D:7.839839e-01	D:9.270109e-01	D:0.4277429	D:2.004883e-02	D:1.803068e-01	S:TRUE	S:FALSE	S:TRUE	S:FALSE	S:TRUE	S:FALSE	S:FALSE	N:	N:	N:	N:
S:Tars2	S:TARS2	S: 6	D:0.5315838	D:9.535955e-05	D:8.479782e-04	S: 9.342716e-02	D:4.794027e-01	D:7.577073e-01	D:0.4381567	D:2.008018e-02	D:1.804098e-01	S:TRUE	S:FALSE	S:TRUE	S:FALSE	S:TRUE	S:FALSE	S:FALSE	N:	N:	N:	N:
S:Mbd6	S:MBD6	S: 6	D:0.8256812	D:4.811778e-04	D:2.992803e-03	S: 6.469082e-02	D:7.763222e-01	D:9.224779e-01	D:0.7609904	D:2.015503e-02	D:1.805138e-01	S:TRUE	S:FALSE	S:TRUE	S:FALSE	S:TRUE	S:FALSE	S:FALSE	N:	N:	N:	N:
S:Csnk1d	S:CSNK1D	S: 6	D:0.3760706	D:1.217699e-05	D:1.652939e-04	S: 1.038166e-01	D:2.056633e-01	D:4.894549e-01	D:0.2722540	D:2.017104e-02	D:1.805138e-01	S:TRUE	S:FALSE	S:TRUE	S:FALSE	S:TRUE	S:FALSE	S:FALSE	N:	N:	N:	N:
S:Zfp532	S:ZFP532	S: 6	D:0.3380977	D:1.457352e-06	D:2.908003e-05	S: 1.189594e-01	D:7.246997e-02	D:2.616153e-01	D:0.2191383	D:2.029509e-02	D:1.805138e-01	S:TRUE	S:FALSE	S:TRUE	S:FALSE	S:TRUE	S:FALSE	S:FALSE	N:	N:	N:	N:
S:Pold2	S:POLD2	S: 6	D:0.7312117	D:1.371163e-02	D:3.885211e-02	D:-2.612554e-01	D:3.915905e-01	D:6.919487e-01	D:0.9924671	D:2.033240e-02	D:1.805138e-01	S:TRUE	S:FALSE	S:TRUE	S:FALSE	S:TRUE	S:FALSE	S:FALSE	N:	N:	N:	N:
S:Ntsr2	S:NTSR2	S: 6	D:0.4250849	D:1.651902e-03	D:7.736607e-03	D:-1.942542e-02	D:8.860711e-01	D:9.644009e-01	D:0.4445103	D:2.036579e-02	D:1.805138e-01	S:TRUE	S:FALSE	S:TRUE	S:FALSE	S:TRUE	S:FALSE	S:FALSE	N:	N:	N:	N:
S:Arid5a	S:ARID5A	S: 6	D:1.1749102	D:3.109812e-07	D:8.319812e-06	S: 4.496500e-01	D:4.495690e-02	D:1.929688e-01	D:0.7252602	D:2.039964e-02	D:1.805138e-01	S:TRUE	S:FALSE	S:TRUE	S:FALSE	S:TRUE	S:FALSE	S:FALSE	N:	N:	N:	N:
S:Zfp511	S:ZFP511	S: 6	D:0.5031035	D:2.783263e-05	D:3.183434e-04	S: 1.148458e-01	D:3.351136e-01	D:6.367280e-01	D:0.3882577	D:2.041818e-02	D:1.805138e-01	S:TRUE	S:FALSE	S:TRUE	S:FALSE	S:TRUE	S:FALSE	S:FALSE	N:	N:	N:	N:
S:Ccdc85b	S:CCDC85B	S: 6	D:0.2952398	D:5.342303e-03	D:1.903927e-02	D:-4.887916e-02	D:6.356672e-01	D:8.552195e-01	D:0.3441190	D:2.041934e-02	D:1.805138e-01	S:TRUE	S:FALSE	S:TRUE	S:FALSE	S:TRUE	S:FALSE	S:FALSE	N:	N:	N:	N:
S:Cdk18	S:CDK18	S: 6	D:0.5057450	D:1.712231e-02	D:4.573755e-02	D:-2.011577e-01	D:3.530345e-01	D:6.541308e-01	D:0.7069028	D:2.042477e-02	D:1.805138e-01	S:TRUE	S:FALSE	S:TRUE	S:FALSE	S:TRUE	S:FALSE	S:FALSE	N:	N:	N:	N:
S:Cbara1	S:CBARA1	S: 6	D:0.2851618	D:1.623916e-02	D:4.405304e-02	D:-1.046846e-01	D:3.745045e-01	D:6.750180e-01	D:0.3898464	D:2.043836e-02	D:1.805138e-01	S:TRUE	S:FALSE	S:TRUE	S:FALSE	S:TRUE	S:FALSE	S:FALSE	N:	N:	N:	N:
S:Pik3r5	S:PIK3R5	S: 6	D:0.4906167	D:1.376352e-02	D:3.894968e-02	D:-1.706031e-01	D:3.992548e-01	D:6.981485e-01	D:0.6612198	D:2.054400e-02	D:1.806185e-01	S:TRUE	S:FALSE	S:TRUE	S:FALSE	S:TRUE	S:FALSE	S:FALSE	N:	N:	N:	N:
S:Rpn2	S:RPN2	S: 6	D:0.2845989	D:3.489926e-05	D:3.773468e-04	S: 6.620017e-02	D:3.155547e-01	D:6.176680e-01	D:0.2183987	D:2.056055e-02	D:1.806185e-01	S:TRUE	S:FALSE	S:TRUE	S:FALSE	S:TRUE	S:FALSE	S:FALSE	N:	N:	N:	N:
S:Pycr2	S:PYCR2	S: 6	D:0.6671947	D:3.367482e-03	D:1.334885e-02	D:-8.520443e-02	D:7.119456e-01	D:8.921493e-01	D:0.7523991	D:2.061061e-02	D:1.806185e-01	S:TRUE	S:FALSE	S:TRUE	S:FALSE	S:TRUE	S:FALSE	S:FALSE	N:	N:	N:	N:
S:Slc25a19	S:SLC25A19	S: 6	D:0.5751111	D:1.428191e-03	D:6.927678e-03	D:-1.154644e-02	D:9.482188e-01	D:9.847105e-01	D:0.5866575	D:2.061168e-02	D:1.806185e-01	S:TRUE	S:FALSE	S:TRUE	S:FALSE	S:TRUE	S:FALSE	S:FALSE	N:	N:	N:	N:
S:Chst8	S:CHST8	S: 6	D:1.4623429	D:1.263070e-05	D:1.704163e-04	S: 4.200369e-01	D:1.768379e-01	D:4.469291e-01	D:1.0423059	D:2.064033e-02	D:1.806185e-01	S:TRUE	S:FALSE	S:TRUE	S:FALSE	S:TRUE	S:FALSE	S:FALSE	N:	N:	N:	N:
S:Evi5l	S:EVI5L	S: 6	D:0.3755146	D:8.754828e-03	D:2.781322e-02	D:-9.327466e-02	D:5.110859e-01	D:7.788804e-01	D:0.4687893	D:2.064797e-02	D:1.806185e-01	S:TRUE	S:FALSE	S:TRUE	S:FALSE	S:TRUE	S:FALSE	S:FALSE	N:	N:	N:	N:
S:Gtpbp2	S:GTPBP2	S: 6	D:0.7415172	D:8.606444e-06	D:1.248032e-04	S: 2.129935e-01	D:1.864135e-01	D:4.617026e-01	D:0.5285237	D:2.070454e-02	D:1.806185e-01	S:TRUE	S:FALSE	S:TRUE	S:FALSE	S:TRUE	S:FALSE	S:FALSE	N:	N:	N:	N:
S:9930005f22rik	S:9930005F22RIK	S: 6	D:2.1020155	D:2.258470e-04	D:1.651982e-03	S: 1.773870e-01	D:7.710700e-01	D:9.200548e-01	D:1.9246285	D:2.077474e-02	D:1.806892e-01	S:TRUE	S:FALSE	S:TRUE	S:FALSE	S:TRUE	S:FALSE	S:FALSE	N:	N:	N:	N:
S:D2wsu81e	S:D2WSU81E	S: 6	D:0.5369711	D:6.319991e-03	D:2.172575e-02	D:-1.202895e-01	D:5.547948e-01	D:8.070322e-01	D:0.6572606	D:2.078422e-02	D:1.806892e-01	S:TRUE	S:FALSE	S:TRUE	S:FALSE	S:TRUE	S:FALSE	S:FALSE	N:	N:	N:	N:
S:1110021j02rik	S:1110021J02RIK	S: 6	D:0.4920773	D:2.540993e-06	D:4.576532e-05	S: 1.683333e-01	D:8.420535e-02	D:2.869634e-01	D:0.3237440	D:2.082541e-02	D:1.806892e-01	S:TRUE	S:FALSE	S:TRUE	S:FALSE	S:TRUE	S:FALSE	S:FALSE	N:	N:	N:	N:
S:Thoc5	S:THOC5	S: 6	D:0.4128342	D:5.802297e-05	D:5.701578e-04	S: 8.356039e-02	D:4.060582e-01	D:7.035881e-01	D:0.3292738	D:2.088451e-02	D:1.806892e-01	S:TRUE	S:FALSE	S:TRUE	S:FALSE	S:TRUE	S:FALSE	S:FALSE	N:	N:	N:	N:
S:Amt	S:AMT	S: 6	D:0.6839310	D:2.025728e-06	D:3.781358e-05	S: 2.305324e-01	D:9.772987e-02	D:3.146366e-01	D:0.4533986	D:2.092646e-02	D:1.807839e-01	S:TRUE	S:FALSE	S:TRUE	S:FALSE	S:TRUE	S:TRUE	S:TRUE	N:	N:	N:	N:
S:Aup1	S:AUP1	S: 6	D:0.7796471	D:1.087928e-04	D:9.409956e-04	S: 1.281484e-01	D:5.224188e-01	D:7.863460e-01	D:0.6514987	D:2.104994e-02	D:1.814033e-01	S:TRUE	S:FALSE	S:TRUE	S:FALSE	S:TRUE	S:FALSE	S:FALSE	N:	N:	N:	N:
S:Adam8	S:ADAM8	S: 6	D:2.0785036	D:3.273516e-10	D:2.922595e-08	S: 1.096242e+00	D:3.575683e-04	D:6.016697e-03	D:0.9822614	D:2.114795e-02	D:1.818468e-01	S:TRUE	S:TRUE	S:TRUE	S:FALSE	S:TRUE	S:FALSE	S:FALSE	N:	N:	N:	N:
S:Psmc1	S:PSMC1	S: 6	D:0.2792434	D:2.205203e-07	D:6.246247e-06	S: 1.136333e-01	D:2.535838e-02	D:1.327301e-01	D:0.1656102	D:2.132660e-02	D:1.825648e-01	S:TRUE	S:FALSE	S:TRUE	S:FALSE	S:TRUE	S:FALSE	S:FALSE	N:	N:	N:	N:
S:Clcn7	S:CLCN7	S: 6	D:0.3661637	D:5.330508e-03	D:1.900590e-02	D:-6.158845e-02	D:6.369979e-01	D:8.562118e-01	D:0.4277522	D:2.135477e-02	D:1.825648e-01	S:TRUE	S:FALSE	S:TRUE	S:FALSE	S:TRUE	S:FALSE	S:FALSE	N:	N:	N:	N:
S:Slc48a1	S:SLC48A1	S: 6	D:0.3097535	D:1.566332e-02	D:4.288885e-02	D:-1.071401e-01	D:3.975525e-01	D:6.969326e-01	D:0.4168936	D:2.135998e-02	D:1.825648e-01	S:TRUE	S:FALSE	S:TRUE	S:FALSE	S:TRUE	S:FALSE	S:FALSE	N:	N:	N:	N:
S:Pnpla6	S:PNPLA6	S: 6	D:0.6141005	D:4.060663e-03	D:1.539898e-02	D:-8.445110e-02	D:6.935353e-01	D:8.846919e-01	D:0.6985516	D:2.138120e-02	D:1.826461e-01	S:TRUE	S:FALSE	S:TRUE	S:FALSE	S:TRUE	S:FALSE	S:FALSE	N:	N:	N:	N:
S:Abhd14a	S:ABHD14A	S: 6	D:0.8849945	D:7.858001e-04	D:4.367606e-03	S: 2.005924e-02	D:9.404877e-01	D:9.826036e-01	D:0.8649353	D:2.149374e-02	D:1.827071e-01	S:TRUE	S:FALSE	S:TRUE	S:FALSE	S:TRUE	S:FALSE	S:FALSE	N:	N:	N:	N:
S:Tmcc2	S:TMCC2	S: 6	D:0.4253725	D:1.255955e-03	D:6.288222e-03	S: 2.088955e-03	D:9.870346e-01	D:9.955336e-01	D:0.4232835	D:2.152957e-02	D:1.827071e-01	S:TRUE	S:FALSE	S:TRUE	S:FALSE	S:TRUE	S:FALSE	S:FALSE	N:	N:	N:	N:
S:Puf60	S:PUF60	S: 6	D:0.4754995	D:3.585382e-03	D:1.398702e-02	D:-5.398838e-02	D:7.386655e-01	D:9.033954e-01	D:0.5294878	D:2.159077e-02	D:1.827071e-01	S:TRUE	S:FALSE	S:TRUE	S:FALSE	S:TRUE	S:FALSE	S:FALSE	N:	N:	N:	N:
S:Tysnd1	S:TYSND1	S: 6	D:0.6819781	D:2.376744e-05	D:2.817470e-04	S: 1.588761e-01	D:3.324139e-01	D:6.338339e-01	D:0.5231020	D:2.159109e-02	D:1.827071e-01	S:TRUE	S:FALSE	S:TRUE	S:FALSE	S:TRUE	S:FALSE	S:FALSE	N:	N:	N:	N:
S:Hmg20b	S:HMG20B	S: 6	D:0.5581679	D:6.523436e-03	D:2.227807e-02	D:-1.137211e-01	D:5.828036e-01	D:8.239728e-01	D:0.6718890	D:2.166947e-02	D:1.827071e-01	S:TRUE	S:FALSE	S:TRUE	S:FALSE	S:TRUE	S:FALSE	S:FALSE	N:	N:	N:	N:
S:Skiv2l	S:SKIV2L	S: 6	D:0.6223171	D:2.792818e-03	D:1.161123e-02	D:-5.363136e-02	D:7.961850e-01	D:9.308546e-01	D:0.6759484	D:2.177363e-02	D:1.831454e-01	S:TRUE	S:FALSE	S:TRUE	S:FALSE	S:TRUE	S:FALSE	S:FALSE	N:	N:	N:	N:
S:Leng8	S:LENG8	S: 6	D:0.4046025	D:5.044564e-03	D:1.821920e-02	D:-6.008138e-02	D:6.709043e-01	D:8.741731e-01	D:0.4646839	D:2.184580e-02	D:1.833433e-01	S:TRUE	S:FALSE	S:TRUE	S:FALSE	S:TRUE	S:FALSE	S:FALSE	N:	N:	N:	N:
S:Ppan	S:PPAN	S: 6	D:0.8525764	D:2.501278e-03	D:1.068051e-02	D:-6.712722e-02	D:8.134050e-01	D:9.354871e-01	D:0.9197036	D:2.191102e-02	D:1.833433e-01	S:TRUE	S:FALSE	S:TRUE	S:FALSE	S:TRUE	S:FALSE	S:FALSE	N:	N:	N:	N:
S:Tpra1	S:TPRA1	S: 6	D:0.6125901	D:3.036610e-03	D:1.237749e-02	D:-6.221865e-02	D:7.657791e-01	D:9.172441e-01	D:0.6748088	D:2.195107e-02	D:1.833433e-01	S:TRUE	S:FALSE	S:TRUE	S:FALSE	S:TRUE	S:FALSE	S:FALSE	N:	N:	N:	N:
S:Fcgrt	S:FCGRT	S: 6	D:0.6560704	D:2.871842e-03	D:1.187657e-02	D:-6.962503e-02	D:7.590171e-01	D:9.139090e-01	D:0.7256955	D:2.202508e-02	D:1.833433e-01	S:TRUE	S:FALSE	S:TRUE	S:FALSE	S:TRUE	S:FALSE	S:FALSE	N:	N:	N:	N:
S:Fchsd1	S:FCHSD1	S: 6	D:0.7138490	D:1.005983e-03	D:5.304581e-03	S: 2.417830e-02	D:9.079998e-01	D:9.714180e-01	D:0.6896707	D:2.204490e-02	D:1.833433e-01	S:TRUE	S:FALSE	S:TRUE	S:FALSE	S:TRUE	S:FALSE	S:FALSE	N:	N:	N:	N:
S:Sart3	S:SART3	S: 6	D:0.6635235	D:1.181090e-03	D:6.014784e-03	S: 5.203842e-03	D:9.794713e-01	D:9.935311e-01	D:0.6583196	D:2.209618e-02	D:1.834520e-01	S:TRUE	S:FALSE	S:TRUE	S:FALSE	S:TRUE	S:FALSE	S:FALSE	N:	N:	N:	N:
S:Sorbs3	S:SORBS3	S: 6	D:0.7044535	D:2.419024e-03	D:1.040320e-02	D:-3.669769e-02	D:8.706796e-01	D:9.575882e-01	D:0.7411511	D:2.220455e-02	D:1.835671e-01	S:TRUE	S:FALSE	S:TRUE	S:FALSE	S:TRUE	S:FALSE	S:FALSE	N:	N:	N:	N:
S:Slc25a42	S:SLC25A42	S: 6	D:0.6571447	D:3.138184e-05	D:3.467538e-04	S: 1.563072e-01	D:3.137249e-01	D:6.163532e-01	D:0.5008375	D:2.221638e-02	D:1.835671e-01	S:TRUE	S:FALSE	S:TRUE	S:FALSE	S:TRUE	S:FALSE	S:FALSE	N:	N:	N:	N:
S:Lmnb2	S:LMNB2	S: 6	D:0.9786251	D:2.281048e-04	D:1.665378e-03	S: 1.256656e-01	D:6.345283e-01	D:8.550922e-01	D:0.8529595	D:2.223819e-02	D:1.835671e-01	S:TRUE	S:FALSE	S:TRUE	S:FALSE	S:TRUE	S:FALSE	S:FALSE	N:	N:	N:	N:
S:5930416i19rik	S:5930416I19RIK	S: 6	D:0.5332806	D:3.179291e-03	D:1.279908e-02	D:-5.813800e-02	D:7.524028e-01	D:9.107557e-01	D:0.5914186	D:2.229544e-02	D:1.835671e-01	S:TRUE	S:FALSE	S:TRUE	S:FALSE	S:TRUE	S:FALSE	S:FALSE	N:	N:	N:	N:
S:Sspo	S:SSPO	S: 6	D:1.7457946	D:3.431366e-03	D:1.352123e-02	D:-2.562682e-01	D:6.880616e-01	D:8.826134e-01	D:2.0020628	D:2.234732e-02	D:1.836100e-01	S:TRUE	S:FALSE	S:TRUE	S:FALSE	S:TRUE	S:FALSE	S:FALSE	N:	N:	N:	N:
S:1700017b05rik	S:1700017B05RIK	S: 6	D:0.6432604	D:1.486620e-03	D:7.148952e-03	D:-7.142709e-03	D:9.715406e-01	D:9.913328e-01	D:0.6504031	D:2.241067e-02	D:1.836100e-01	S:TRUE	S:FALSE	S:TRUE	S:FALSE	S:TRUE	S:FALSE	S:FALSE	N:	N:	N:	N:
S:Atg4d	S:ATG4D	S: 6	D:1.0968218	D:3.699490e-04	D:2.424531e-03	S: 1.103586e-01	D:7.177618e-01	D:8.939680e-01	D:0.9864632	D:2.251578e-02	D:1.840393e-01	S:TRUE	S:FALSE	S:TRUE	S:FALSE	S:TRUE	S:TRUE	S:TRUE	N:	N:	N:	N:
S:Pex5	S:PEX5	S: 6	D:0.6058824	D:1.301324e-07	D:4.058262e-06	S: 2.546747e-01	D:2.033854e-02	D:1.141464e-01	D:0.3512076	D:2.254198e-02	D:1.840393e-01	S:TRUE	S:FALSE	S:TRUE	S:FALSE	S:TRUE	S:TRUE	S:TRUE	N:	N:	N:	N:
S:Ggt5	S:GGT5	S: 6	D:0.8320260	D:1.027298e-03	D:5.391501e-03	S: 1.345846e-02	D:9.577777e-01	D:9.873536e-01	D:0.8185676	D:2.254310e-02	D:1.840393e-01	S:TRUE	S:FALSE	S:TRUE	S:FALSE	S:TRUE	S:FALSE	S:FALSE	N:	N:	N:	N:
S:Nr1h3	S:NR1H3	S: 6	D:1.3310197	D:1.386988e-04	D:1.131751e-03	S: 1.487828e-01	D:6.994889e-01	D:8.873672e-01	D:1.1822368	D:2.255989e-02	D:1.840393e-01	S:TRUE	S:FALSE	S:TRUE	S:FALSE	S:TRUE	S:FALSE	S:FALSE	N:	N:	N:	N:
S:Dot1l	S:DOT1L	S: 6	D:1.0669682	D:1.019288e-06	D:2.166715e-05	S: 3.974278e-01	D:5.452320e-02	D:2.192717e-01	D:0.6695404	D:2.256908e-02	D:1.840393e-01	S:TRUE	S:FALSE	S:TRUE	S:FALSE	S:TRUE	S:FALSE	S:FALSE	N:	N:	N:	N:
S:Ccdc22	S:CCDC22	S: 6	D:0.8195674	D:5.457846e-03	D:1.935832e-02	D:-1.256598e-01	D:6.643882e-01	D:8.710585e-01	D:0.9452272	D:2.264225e-02	D:1.840699e-01	S:TRUE	S:FALSE	S:TRUE	S:FALSE	S:TRUE	S:FALSE	S:FALSE	N:	N:	N:	N:
S:Prdm8	S:PRDM8	S: 6	D:0.4351327	D:2.712302e-04	D:1.908874e-03	S: 5.037764e-02	D:6.748968e-01	D:8.768888e-01	D:0.3847551	D:2.264461e-02	D:1.840699e-01	S:TRUE	S:FALSE	S:TRUE	S:FALSE	S:TRUE	S:FALSE	S:FALSE	N:	N:	N:	N:
S:Neu1	S:NEU1	S: 6	D:0.4812995	D:5.272627e-04	D:3.206413e-03	S: 3.738917e-02	D:7.852998e-01	D:9.273316e-01	D:0.4439104	D:2.267133e-02	D:1.840699e-01	S:TRUE	S:FALSE	S:TRUE	S:FALSE	S:TRUE	S:FALSE	S:FALSE	N:	N:	N:	N:
S:Nek6	S:NEK6	S: 6	D:0.2123472	D:1.739769e-03	D:8.044434e-03	D:-5.572054e-03	D:9.340448e-01	D:9.800226e-01	D:0.2179192	D:2.268716e-02	D:1.840699e-01	S:TRUE	S:FALSE	S:TRUE	S:FALSE	S:TRUE	S:FALSE	S:FALSE	N:	N:	N:	N:
S:H2afy	S:H2AFY	S: 6	D:0.4507003	D:1.056587e-04	D:9.191599e-04	S: 8.469705e-02	D:4.517733e-01	D:7.401671e-01	D:0.3660033	D:2.270313e-02	D:1.840699e-01	S:TRUE	S:FALSE	S:TRUE	S:FALSE	S:TRUE	S:FALSE	S:FALSE	N:	N:	N:	N:
S:Nxn	S:NXN	S: 6	D:0.8604381	D:5.002151e-05	D:5.074910e-04	S: 1.834712e-01	D:3.863286e-01	D:6.863484e-01	D:0.6769669	D:2.272430e-02	D:1.840699e-01	S:TRUE	S:FALSE	S:TRUE	S:FALSE	S:TRUE	S:FALSE	S:FALSE	N:	N:	N:	N:
S:Ubac1	S:UBAC1	S: 6	D:0.3871765	D:1.190106e-04	D:1.007817e-03	S: 6.772151e-02	D:4.942955e-01	D:7.678639e-01	D:0.3194550	D:2.278283e-02	D:1.841858e-01	S:TRUE	S:FALSE	S:TRUE	S:FALSE	S:TRUE	S:FALSE	S:FALSE	N:	N:	N:	N:
S:Hsd3b7	S:HSD3B7	S: 6	D:0.7748929	D:7.132189e-07	D:1.621440e-05	S: 2.999946e-01	D:4.021296e-02	D:1.799734e-01	D:0.4748982	D:2.281072e-02	D:1.841858e-01	S:TRUE	S:FALSE	S:TRUE	S:FALSE	S:TRUE	S:FALSE	S:FALSE	N:	N:	N:	N:
S:Ptpn5	S:PTPN5	S: 6	D:0.6576128	D:1.680047e-05	D:2.155095e-04	S: 1.829829e-01	D:2.100187e-01	D:4.948472e-01	D:0.4746299	D:2.281103e-02	D:1.841858e-01	S:TRUE	S:FALSE	S:TRUE	S:FALSE	S:TRUE	S:TRUE	S:TRUE	N:	N:	N:	N:
S:1110057k04rik	S:1110057K04RIK	S: 6	D:0.3098492	D:9.700280e-08	D:3.183974e-06	S: 1.335881e-01	D:1.526220e-02	D:9.366549e-02	D:0.1762611	D:2.288641e-02	D:1.842533e-01	S:TRUE	S:FALSE	S:TRUE	S:FALSE	S:TRUE	S:FALSE	S:FALSE	N:	N:	N:	N:
S:Ctdnep1	S:CTDNEP1	S: 6	D:0.4054100	D:9.843658e-04	D:5.218776e-03	S: 8.896067e-03	D:9.425951e-01	D:9.830171e-01	D:0.3965140	D:2.289440e-02	D:1.842533e-01	S:TRUE	S:FALSE	S:TRUE	S:FALSE	S:TRUE	S:TRUE	S:TRUE	N:	N:	N:	N:
S:Phf5a	S:PHF5A	S: 6	D:0.2813436	D:1.474100e-02	D:4.110537e-02	D:-9.540219e-02	D:4.173795e-01	D:7.137848e-01	D:0.3767458	D:2.291060e-02	D:1.842533e-01	S:TRUE	S:FALSE	S:TRUE	S:FALSE	S:TRUE	S:FALSE	S:FALSE	N:	N:	N:	N:
S:Serpind1	S:SERPIND1	S: 6	D:0.7677177	D:4.035690e-03	D:1.533778e-02	D:-5.404053e-02	D:8.236127e-01	D:9.377733e-01	D:0.8217582	D:2.292552e-02	D:1.842533e-01	S:TRUE	S:FALSE	S:TRUE	S:FALSE	S:TRUE	S:FALSE	S:FALSE	N:	N:	N:	N:
S:Dsp	S:DSP	S: 6	D:2.5359666	D:4.250531e-03	D:1.593719e-02	D:-6.257785e-01	D:5.559501e-01	D:8.081237e-01	D:3.1617450	D:2.294801e-02	D:1.842676e-01	S:TRUE	S:FALSE	S:TRUE	S:FALSE	S:TRUE	S:FALSE	S:FALSE	N:	N:	N:	N:
S:Dnm2	S:DNM2	S: 6	D:0.5579413	D:3.230085e-04	D:2.192304e-03	S: 6.687695e-02	D:6.586410e-01	D:8.677466e-01	D:0.4910644	D:2.295090e-02	D:1.842676e-01	S:TRUE	S:FALSE	S:TRUE	S:FALSE	S:TRUE	S:FALSE	S:FALSE	N:	N:	N:	N:
S:Tsc22d4	S:TSC22D4	S: 6	D:0.9015161	D:1.007573e-03	D:5.310177e-03	S: 1.656681e-02	D:9.522637e-01	D:9.856935e-01	D:0.8849493	D:2.304948e-02	D:1.844903e-01	S:TRUE	S:FALSE	S:TRUE	S:FALSE	S:TRUE	S:FALSE	S:FALSE	N:	N:	N:	N:
S:1700007k13rik	S:1700007K13RIK	S: 6	D:0.8038495	D:1.372250e-03	D:6.714699e-03	D:-3.688521e-02	D:8.918015e-01	D:9.656624e-01	D:0.8407348	D:2.309749e-02	D:1.845499e-01	S:TRUE	S:FALSE	S:TRUE	S:FALSE	S:TRUE	S:FALSE	S:FALSE	N:	N:	N:	N:
S:Rangrf	S:RANGRF	S: 6	D:0.7372840	D:7.529308e-03	D:2.492857e-02	D:-1.521441e-01	D:5.811382e-01	D:8.228471e-01	D:0.8894281	D:2.311835e-02	D:1.845499e-01	S:TRUE	S:FALSE	S:TRUE	S:FALSE	S:TRUE	S:FALSE	S:FALSE	N:	N:	N:	N:
S:0610007p22rik	S:0610007P22RIK	S: 6	D:0.4631295	D:2.619100e-04	D:1.861729e-03	S: 5.600486e-02	D:6.610201e-01	D:8.693293e-01	D:0.4071246	D:2.318598e-02	D:1.846848e-01	S:TRUE	S:FALSE	S:TRUE	S:FALSE	S:TRUE	S:FALSE	S:FALSE	N:	N:	N:	N:
S:Usp19	S:USP19	S: 6	D:0.7749800	D:3.326431e-06	D:5.698701e-05	S: 2.621389e-01	D:9.907768e-02	D:3.169960e-01	D:0.5128410	D:2.319396e-02	D:1.846848e-01	S:TRUE	S:FALSE	S:TRUE	S:FALSE	S:TRUE	S:FALSE	S:FALSE	N:	N:	N:	N:
S:Alkbh6	S:ALKBH6	S: 6	D:0.6496015	D:8.701288e-04	D:4.733598e-03	S: 2.574926e-02	D:8.943874e-01	D:9.664506e-01	D:0.6238522	D:2.321563e-02	D:1.846848e-01	S:TRUE	S:FALSE	S:TRUE	S:FALSE	S:TRUE	S:TRUE	S:TRUE	N:	N:	N:	N:
S:Arhgap39	S:ARHGAP39	S: 6	D:0.7728787	D:1.704088e-03	D:7.921651e-03	D:-1.558662e-02	D:9.492121e-01	D:9.848911e-01	D:0.7884653	D:2.324485e-02	D:1.848232e-01	S:TRUE	S:FALSE	S:TRUE	S:FALSE	S:TRUE	S:FALSE	S:FALSE	N:	N:	N:	N:
S:Cln3	S:CLN3	S: 6	D:0.4466923	D:1.023414e-02	D:3.123621e-02	D:-1.076762e-01	D:5.273511e-01	D:7.898891e-01	D:0.5543685	D:2.337158e-02	D:1.849170e-01	S:TRUE	S:FALSE	S:TRUE	S:FALSE	S:TRUE	S:FALSE	S:FALSE	N:	N:	N:	N:
S:Npdc1	S:NPDC1	S: 6	D:0.6792352	D:1.380891e-04	D:1.129583e-03	S: 1.192699e-01	D:4.913575e-01	D:7.665472e-01	D:0.5599653	D:2.337305e-02	D:1.849170e-01	S:TRUE	S:FALSE	S:TRUE	S:FALSE	S:TRUE	S:FALSE	S:FALSE	N:	N:	N:	N:
S:Limd2	S:LIMD2	S: 6	D:0.3875669	D:1.699518e-02	D:4.549100e-02	D:-1.464790e-01	D:3.861783e-01	D:6.863484e-01	D:0.5340458	D:2.342862e-02	D:1.849665e-01	S:TRUE	S:FALSE	S:TRUE	S:FALSE	S:TRUE	S:FALSE	S:FALSE	N:	N:	N:	N:
S:Dip2a	S:DIP2A	S: 6	D:0.2249922	D:1.403884e-02	D:3.952991e-02	D:-6.710525e-02	D:4.550672e-01	D:7.419502e-01	D:0.2920974	D:2.345330e-02	D:1.850653e-01	S:TRUE	S:FALSE	S:TRUE	S:FALSE	S:TRUE	S:FALSE	S:FALSE	N:	N:	N:	N:
S:Ndufs2	S:NDUFS2	S: 6	D:0.2824434	D:1.662227e-02	D:4.469989e-02	D:-9.486867e-02	D:4.150425e-01	D:7.115562e-01	D:0.3773121	D:2.347013e-02	D:1.850653e-01	S:TRUE	S:FALSE	S:TRUE	S:FALSE	S:TRUE	S:FALSE	S:FALSE	N:	N:	N:	N:
S:Med11	S:MED11	S: 6	D:0.4353228	D:1.437301e-02	D:4.024805e-02	D:-1.453762e-01	D:4.265156e-01	D:7.204973e-01	D:0.5806990	D:2.348852e-02	D:1.850653e-01	S:TRUE	S:FALSE	S:TRUE	S:FALSE	S:TRUE	S:FALSE	S:FALSE	N:	N:	N:	N:
S:Hadha	S:HADHA	S: 6	D:0.2103166	D:2.404966e-04	D:1.743628e-03	S: 3.055576e-02	D:5.826210e-01	D:8.238831e-01	D:0.1797608	D:2.362034e-02	D:1.854700e-01	S:TRUE	S:FALSE	S:TRUE	S:FALSE	S:TRUE	S:FALSE	S:FALSE	N:	N:	N:	N:
S:Stc2	S:STC2	S: 6	D:0.7190440	D:2.174276e-04	D:1.602400e-03	S: 7.708704e-02	D:7.107285e-01	D:8.915833e-01	D:0.6419570	D:2.364204e-02	D:1.855265e-01	S:TRUE	S:FALSE	S:TRUE	S:FALSE	S:TRUE	S:FALSE	S:FALSE	N:	N:	N:	N:
S:Spsb3	S:SPSB3	S: 6	D:0.8298229	D:1.822739e-03	D:8.334350e-03	D:-1.555597e-02	D:9.527266e-01	D:9.856935e-01	D:0.8453788	D:2.379061e-02	D:1.857717e-01	S:TRUE	S:FALSE	S:TRUE	S:FALSE	S:TRUE	S:FALSE	S:FALSE	N:	N:	N:	N:
S:Rgl1	S:RGL1	S: 6	D:0.2471554	D:1.720070e-06	D:3.313733e-05	S: 8.966185e-02	D:6.748182e-02	D:2.499019e-01	D:0.1574935	D:2.379525e-02	D:1.857717e-01	S:TRUE	S:FALSE	S:TRUE	S:FALSE	S:TRUE	S:FALSE	S:FALSE	N:	N:	N:	N:
S:Sec16b	S:SEC16B	S: 6	D:0.6261151	D:2.396644e-03	D:1.033255e-02	D:-1.972321e-02	D:9.204596e-01	D:9.758365e-01	D:0.6458384	D:2.383870e-02	D:1.857717e-01	S:TRUE	S:FALSE	S:TRUE	S:FALSE	S:TRUE	S:FALSE	S:FALSE	N:	N:	N:	N:
S:Ccnl2	S:CCNL2	S: 6	D:0.5198832	D:4.969768e-11	D:6.470638e-09	S: 2.920296e-01	D:6.823859e-05	D:1.656872e-03	D:0.2278536	D:2.383975e-02	D:1.857717e-01	S:TRUE	S:TRUE	S:TRUE	S:FALSE	S:TRUE	S:FALSE	S:FALSE	N:	N:	N:	N:
S:Rnpep	S:RNPEP	S: 6	D:0.6005347	D:3.582802e-07	D:9.252511e-06	S: 2.406574e-01	D:3.419424e-02	D:1.609674e-01	D:0.3598772	D:2.396251e-02	D:1.863186e-01	S:TRUE	S:FALSE	S:TRUE	S:FALSE	S:TRUE	S:FALSE	S:FALSE	N:	N:	N:	N:
S:9030624j02rik	S:9030624J02RIK	S: 6	D:0.2583042	D:4.444329e-03	D:1.652110e-02	D:-2.956522e-02	D:7.405340e-01	D:9.044090e-01	D:0.2878694	D:2.413269e-02	D:1.866713e-01	S:TRUE	S:FALSE	S:TRUE	S:FALSE	S:TRUE	S:FALSE	S:FALSE	N:	N:	N:	N:
S:Tas1r1	S:TAS1R1	S: 6	D:0.5267056	D:1.081955e-02	D:3.256495e-02	D:-1.411852e-01	D:5.021234e-01	D:7.731522e-01	D:0.6678908	D:2.414500e-02	D:1.866713e-01	S:TRUE	S:FALSE	S:TRUE	S:FALSE	S:TRUE	S:FALSE	S:FALSE	N:	N:	N:	N:
S:Pdzd7	S:PDZD7	S: 6	D:1.0600760	D:8.591996e-07	D:1.896064e-05	S: 4.025867e-01	D:5.195758e-02	D:2.124536e-01	D:0.6574893	D:2.419612e-02	D:1.866713e-01	S:TRUE	S:FALSE	S:TRUE	S:FALSE	S:TRUE	S:FALSE	S:FALSE	N:	N:	N:	N:
S:Degs2	S:DEGS2	S: 6	D:0.7189089	D:1.240153e-04	D:1.039094e-03	S: 1.248470e-01	D:5.064201e-01	D:7.760208e-01	D:0.5940619	D:2.424352e-02	D:1.867826e-01	S:TRUE	S:FALSE	S:TRUE	S:FALSE	S:TRUE	S:FALSE	S:FALSE	N:	N:	N:	N:
S:Abca7	S:ABCA7	S: 6	D:0.8364752	D:1.494721e-03	D:7.180204e-03	D:-8.705489e-04	D:9.973534e-01	D:9.988846e-01	D:0.8373457	D:2.434503e-02	D:1.869461e-01	S:TRUE	S:FALSE	S:TRUE	S:FALSE	S:TRUE	S:FALSE	S:FALSE	N:	N:	N:	N:
S:A430110n23rik	S:A430110N23RIK	S: 6	D:1.2948573	D:2.501810e-04	D:1.795511e-03	S: 1.969349e-01	D:5.621238e-01	D:8.131305e-01	D:1.0979224	D:2.439326e-02	D:1.869461e-01	S:TRUE	S:FALSE	S:TRUE	S:FALSE	S:TRUE	S:FALSE	S:FALSE	N:	N:	N:	N:
S:Ltk	S:LTK	S: 6	D:0.7007485	D:1.293550e-03	D:6.410077e-03	S: 9.326211e-03	D:9.656776e-01	D:9.894253e-01	D:0.6914223	D:2.439974e-02	D:1.869461e-01	S:TRUE	S:FALSE	S:TRUE	S:FALSE	S:TRUE	S:FALSE	S:FALSE	N:	N:	N:	N:
S:Tspan17	S:TSPAN17	S: 6	D:0.4807086	D:9.786970e-03	D:3.025464e-02	D:-1.181534e-01	D:5.320988e-01	D:7.931983e-01	D:0.5988620	D:2.458689e-02	D:1.869713e-01	S:TRUE	S:FALSE	S:TRUE	S:FALSE	S:TRUE	S:FALSE	S:FALSE	N:	N:	N:	N:
S:Cdk10	S:CDK10	S: 6	D:0.4050301	D:1.915994e-02	D:4.958529e-02	D:-1.501213e-01	D:3.897682e-01	D:6.894023e-01	D:0.5551514	D:2.458722e-02	D:1.869713e-01	S:TRUE	S:FALSE	S:TRUE	S:FALSE	S:TRUE	S:FALSE	S:FALSE	N:	N:	N:	N:
S:Sympk	S:SYMPK	S: 6	D:0.4546852	D:1.034148e-02	D:3.146547e-02	D:-1.087855e-01	D:5.364161e-01	D:7.961170e-01	D:0.5634707	D:2.467965e-02	D:1.871820e-01	S:TRUE	S:FALSE	S:TRUE	S:FALSE	S:TRUE	S:FALSE	S:FALSE	N:	N:	N:	N:
S:Oxa1l	S:OXA1L	S: 6	D:0.4647631	D:1.843985e-03	D:8.416718e-03	D:-1.051743e-02	D:9.441133e-01	D:9.834540e-01	D:0.4752805	D:2.480265e-02	D:1.876568e-01	S:TRUE	S:FALSE	S:TRUE	S:FALSE	S:TRUE	S:FALSE	S:FALSE	N:	N:	N:	N:
S:Ndst2	S:NDST2	S: 6	D:0.3223518	D:1.409598e-02	D:3.966066e-02	D:-9.725589e-02	D:4.607574e-01	D:7.457654e-01	D:0.4196077	D:2.480796e-02	D:1.876568e-01	S:TRUE	S:FALSE	S:TRUE	S:FALSE	S:TRUE	S:FALSE	S:FALSE	N:	N:	N:	N:
S:Rreb1	S:RREB1	S: 6	D:0.3268986	D:1.159670e-02	D:3.434170e-02	D:-7.966001e-02	D:5.259852e-01	D:7.891013e-01	D:0.4065586	D:2.482655e-02	D:1.876568e-01	S:TRUE	S:FALSE	S:TRUE	S:FALSE	S:TRUE	S:FALSE	S:FALSE	N:	N:	N:	N:
S:Itga10	S:ITGA10	S: 6	D:1.9898960	D:3.617887e-15	D:1.809254e-12	S: 1.307616e+00	D:1.333512e-08	D:1.531970e-06	D:0.6822799	D:2.486535e-02	D:1.876568e-01	S:TRUE	S:TRUE	S:TRUE	S:FALSE	S:TRUE	S:FALSE	S:FALSE	N:	N:	N:	N:
S:Wdr83	S:WDR83	S: 6	D:0.3930925	D:1.107005e-02	D:3.313014e-02	D:-1.099813e-01	D:4.944514e-01	D:7.678639e-01	D:0.5030738	D:2.489257e-02	D:1.876568e-01	S:TRUE	S:FALSE	S:TRUE	S:FALSE	S:TRUE	S:FALSE	S:FALSE	N:	N:	N:	N:
S:Gpr108	S:GPR108	S: 6	D:0.7759667	D:1.346688e-04	D:1.109739e-03	S: 1.320729e-01	D:5.205744e-01	D:7.851032e-01	D:0.6438939	D:2.503344e-02	D:1.876568e-01	S:TRUE	S:FALSE	S:TRUE	S:FALSE	S:TRUE	S:FALSE	S:FALSE	N:	N:	N:	N:
S:Pik3c2b	S:PIK3C2B	S: 6	D:0.6381749	D:2.972234e-05	D:3.355511e-04	S: 1.756128e-01	D:2.186662e-01	D:5.063644e-01	D:0.4625621	D:2.506344e-02	D:1.876568e-01	S:TRUE	S:FALSE	S:TRUE	S:FALSE	S:TRUE	S:FALSE	S:FALSE	N:	N:	N:	N:
S:Sin3b	S:SIN3B	S: 6	D:0.6444607	D:8.292328e-04	D:4.551878e-03	S: 3.723334e-02	D:8.455675e-01	D:9.479869e-01	D:0.6072273	D:2.508851e-02	D:1.876568e-01	S:TRUE	S:FALSE	S:TRUE	S:FALSE	S:TRUE	S:TRUE	S:TRUE	N:	N:	N:	N:
S:Ppif	S:PPIF	S: 6	D:0.3790532	D:2.375163e-03	D:1.025520e-02	D:-1.576160e-02	D:8.991276e-01	D:9.679577e-01	D:0.3948148	D:2.513870e-02	D:1.876568e-01	S:TRUE	S:FALSE	S:TRUE	S:FALSE	S:TRUE	S:FALSE	S:FALSE	N:	N:	N:	N:
S:Itfg3	S:ITFG3	S: 6	D:0.5557931	D:1.546633e-02	D:4.256578e-02	D:-1.769487e-01	D:4.441683e-01	D:7.355640e-01	D:0.7327418	D:2.521463e-02	D:1.876568e-01	S:TRUE	S:FALSE	S:TRUE	S:FALSE	S:TRUE	S:FALSE	S:FALSE	N:	N:	N:	N:
S:Pgls	S:PGLS	S: 6	D:0.7843144	D:3.728579e-03	D:1.441963e-02	D:-7.533359e-02	D:7.815323e-01	D:9.259620e-01	D:0.8596479	D:2.522571e-02	D:1.876568e-01	S:TRUE	S:FALSE	S:TRUE	S:FALSE	S:TRUE	S:FALSE	S:FALSE	N:	N:	N:	N:
S:Supt4h1	S:SUPT4H1	S: 6	D:0.3662248	D:5.023187e-03	D:1.815070e-02	D:-5.156425e-02	D:6.976943e-01	D:8.866024e-01	D:0.4177890	D:2.524467e-02	D:1.876568e-01	S:TRUE	S:FALSE	S:TRUE	S:FALSE	S:TRUE	S:FALSE	S:FALSE	N:	N:	N:	N:
S:Matn4	S:MATN4	S: 6	D:0.4709346	D:2.915379e-03	D:1.202808e-02	D:-2.886858e-02	D:8.543046e-01	D:9.511619e-01	D:0.4998032	D:2.525291e-02	D:1.876568e-01	S:TRUE	S:FALSE	S:TRUE	S:FALSE	S:TRUE	S:FALSE	S:FALSE	N:	N:	N:	N:
S:Tmub2	S:TMUB2	S: 6	D:0.3728318	D:1.766185e-02	D:4.673929e-02	D:-1.305556e-01	D:4.128689e-01	D:7.095659e-01	D:0.5033873	D:2.525517e-02	D:1.876568e-01	S:TRUE	S:FALSE	S:TRUE	S:FALSE	S:TRUE	S:FALSE	S:FALSE	N:	N:	N:	N:
S:Gramd1a	S:GRAMD1A	S: 6	D:0.6005529	D:3.971012e-03	D:1.514724e-02	D:-6.032178e-02	D:7.721341e-01	D:9.207580e-01	D:0.6608747	D:2.525849e-02	D:1.876568e-01	S:TRUE	S:FALSE	S:TRUE	S:FALSE	S:TRUE	S:FALSE	S:FALSE	N:	N:	N:	N:
S:Tpst1	S:TPST1	S: 6	D:0.2749645	D:3.974470e-04	D:2.569181e-03	S: 3.504363e-02	D:6.385899e-01	D:8.570852e-01	D:0.2399208	D:2.526689e-02	D:1.876568e-01	S:TRUE	S:FALSE	S:TRUE	S:FALSE	S:TRUE	S:FALSE	S:FALSE	N:	N:	N:	N:
S:Pcyt2	S:PCYT2	S: 6	D:0.7983195	D:2.532527e-04	D:1.810902e-03	S: 1.148513e-01	D:5.950250e-01	D:8.318424e-01	D:0.6834682	D:2.531625e-02	D:1.877271e-01	S:TRUE	S:FALSE	S:TRUE	S:FALSE	S:TRUE	S:FALSE	S:FALSE	N:	N:	N:	N:
S:Tssc4	S:TSSC4	S: 6	D:0.8578798	D:2.684740e-03	D:1.127288e-02	D:-6.959634e-02	D:8.168189e-01	D:9.363330e-01	D:0.9274761	D:2.558338e-02	D:1.885019e-01	S:TRUE	S:FALSE	S:TRUE	S:FALSE	S:TRUE	S:FALSE	S:FALSE	N:	N:	N:	N:
S:Ubc	S:UBC	S: 6	D:0.5463336	D:1.489237e-02	D:4.142395e-02	D:-1.611887e-01	D:4.677304e-01	D:7.501371e-01	D:0.7075223	D:2.564478e-02	D:1.885019e-01	S:TRUE	S:FALSE	S:TRUE	S:FALSE	S:TRUE	S:FALSE	S:FALSE	N:	N:	N:	N:
S:Col16a1	S:COL16A1	S: 6	D:0.9722340	D:3.093462e-03	D:1.255057e-02	D:-7.427030e-02	D:8.242707e-01	D:9.379478e-01	D:1.0465043	D:2.589150e-02	D:1.890866e-01	S:TRUE	S:FALSE	S:TRUE	S:FALSE	S:TRUE	S:FALSE	S:FALSE	N:	N:	N:	N:
S:Gm15708	S:GM15708	S: 6	D:1.6075790	D:3.830739e-04	D:2.494850e-03	S: 3.200978e-01	D:3.824719e-01	D:6.832108e-01	D:1.2874812	D:2.591498e-02	D:1.890866e-01	S:TRUE	S:FALSE	S:TRUE	S:FALSE	S:TRUE	S:FALSE	S:FALSE	N:	N:	N:	N:
S:Cntn2	S:CNTN2	S: 6	D:0.4056053	D:1.140119e-02	D:3.394287e-02	D:-9.668627e-02	D:5.393547e-01	D:7.980754e-01	D:0.5022916	D:2.601848e-02	D:1.890866e-01	S:TRUE	S:FALSE	S:TRUE	S:FALSE	S:TRUE	S:FALSE	S:FALSE	N:	N:	N:	N:
S:Tmem25	S:TMEM25	S: 6	D:0.4257992	D:9.186030e-03	D:2.886035e-02	D:-8.682890e-02	D:5.904040e-01	D:8.291660e-01	D:0.5126281	D:2.614146e-02	D:1.891785e-01	S:TRUE	S:FALSE	S:TRUE	S:FALSE	S:TRUE	S:FALSE	S:FALSE	N:	N:	N:	N:
S:Eml1	S:EML1	S: 6	D:0.2007180	D:1.099886e-02	D:3.299025e-02	D:-4.792954e-02	D:5.418539e-01	D:7.997293e-01	D:0.2486475	D:2.617793e-02	D:1.891785e-01	S:TRUE	S:FALSE	S:TRUE	S:FALSE	S:TRUE	S:FALSE	S:FALSE	N:	N:	N:	N:
S:Arfip2	S:ARFIP2	S: 6	D:0.2438586	D:3.164481e-03	D:1.275590e-02	D:-1.402444e-02	D:8.629546e-01	D:9.543836e-01	D:0.2578830	D:2.626198e-02	D:1.893805e-01	S:TRUE	S:FALSE	S:TRUE	S:FALSE	S:TRUE	S:FALSE	S:FALSE	N:	N:	N:	N:
S:Gpatch4	S:GPATCH4	S: 6	D:0.4473976	D:3.040775e-05	D:3.405668e-04	S: 1.210704e-01	D:2.398388e-01	D:5.329600e-01	D:0.3263272	D:2.632653e-02	D:1.893805e-01	S:TRUE	S:FALSE	S:TRUE	S:FALSE	S:TRUE	S:FALSE	S:FALSE	N:	N:	N:	N:
S:Hdac3	S:HDAC3	S: 6	D:0.1770214	D:4.574564e-03	D:1.690868e-02	D:-1.749664e-02	D:7.748156e-01	D:9.216687e-01	D:0.1945180	D:2.635397e-02	D:1.893805e-01	S:TRUE	S:FALSE	S:TRUE	S:FALSE	S:TRUE	S:FALSE	S:FALSE	N:	N:	N:	N:
S:Vps52	S:VPS52	S: 6	D:0.3428055	D:1.519549e-02	D:4.203094e-02	D:-1.041760e-01	D:4.637679e-01	D:7.477086e-01	D:0.4469815	D:2.639654e-02	D:1.893805e-01	S:TRUE	S:FALSE	S:TRUE	S:FALSE	S:TRUE	S:FALSE	S:FALSE	N:	N:	N:	N:
S:Arhgef19	S:ARHGEF19	S: 6	D:1.0711652	D:1.250454e-03	D:6.265904e-03	S: 2.504375e-02	D:9.403929e-01	D:9.826036e-01	D:1.0461214	D:2.644268e-02	D:1.893805e-01	S:TRUE	S:FALSE	S:TRUE	S:FALSE	S:TRUE	S:FALSE	S:FALSE	N:	N:	N:	N:
S:Tmco3	S:TMCO3	S: 6	D:0.3985139	D:1.566081e-04	D:1.252865e-03	S: 7.189004e-02	D:4.897165e-01	D:7.654415e-01	D:0.3266239	D:2.646950e-02	D:1.893805e-01	S:TRUE	S:FALSE	S:TRUE	S:FALSE	S:TRUE	S:FALSE	S:FALSE	N:	N:	N:	N:
S:Ino80e	S:INO80E	S: 6	D:0.6537364	D:1.384427e-05	D:1.839309e-04	S: 1.904410e-01	D:2.011276e-01	D:4.835977e-01	D:0.4632954	D:2.647151e-02	D:1.893805e-01	S:TRUE	S:FALSE	S:TRUE	S:FALSE	S:TRUE	S:FALSE	S:FALSE	N:	N:	N:	N:
S:Pkp2	S:PKP2	S: 6	D:1.0000551	D:1.425611e-07	D:4.350340e-06	S: 4.341138e-01	D:1.723051e-02	D:1.016652e-01	D:0.5659413	D:2.650199e-02	D:1.893805e-01	S:TRUE	S:FALSE	S:TRUE	S:FALSE	S:TRUE	S:FALSE	S:FALSE	N:	N:	N:	N:
S:Pfas	S:PFAS	S: 6	D:0.3010043	D:3.881644e-04	D:2.522745e-03	S: 4.175096e-02	D:6.067671e-01	D:8.398643e-01	D:0.2592534	D:2.650772e-02	D:1.893805e-01	S:TRUE	S:FALSE	S:TRUE	S:FALSE	S:TRUE	S:FALSE	S:FALSE	N:	N:	N:	N:
S:Urod	S:UROD	S: 6	D:0.5099505	D:3.166764e-03	D:1.276181e-02	D:-3.682887e-02	D:8.335372e-01	D:9.413897e-01	D:0.5467794	D:2.655438e-02	D:1.894918e-01	S:TRUE	S:FALSE	S:TRUE	S:FALSE	S:TRUE	S:FALSE	S:FALSE	N:	N:	N:	N:
S:Ankrd54	S:ANKRD54	S: 6	D:0.8275155	D:1.116266e-04	D:9.609111e-04	S: 1.587044e-01	D:4.611025e-01	D:7.460148e-01	D:0.6688111	D:2.656594e-02	D:1.894918e-01	S:TRUE	S:FALSE	S:TRUE	S:FALSE	S:TRUE	S:FALSE	S:FALSE	N:	N:	N:	N:
S:Cyhr1	S:CYHR1	S: 6	D:0.5645548	D:1.502507e-03	D:7.200664e-03	S: 9.099308e-03	D:9.589127e-01	D:9.878059e-01	D:0.5554555	D:2.664577e-02	D:1.894918e-01	S:TRUE	S:FALSE	S:TRUE	S:FALSE	S:TRUE	S:FALSE	S:FALSE	N:	N:	N:	N:
S:Mylk	S:MYLK	S: 6	D:0.3361347	D:1.469645e-03	D:7.078216e-03	S: 1.086929e-02	D:9.151624e-01	D:9.741031e-01	D:0.3252654	D:2.669913e-02	D:1.895331e-01	S:TRUE	S:FALSE	S:TRUE	S:FALSE	S:TRUE	S:FALSE	S:FALSE	N:	N:	N:	N:
S:Snta1	S:SNTA1	S: 6	D:0.7866977	D:6.207556e-04	D:3.643383e-03	S: 6.099654e-02	D:7.946870e-01	D:9.303396e-01	D:0.7257012	D:2.674661e-02	D:1.896048e-01	S:TRUE	S:FALSE	S:TRUE	S:FALSE	S:TRUE	S:TRUE	S:TRUE	N:	N:	N:	N:
S:Psen1	S:PSEN1	S: 6	D:0.2338544	D:6.896730e-04	D:3.954294e-03	S: 2.116411e-02	D:7.529226e-01	D:9.108527e-01	D:0.2126903	D:2.676405e-02	D:1.896424e-01	S:TRUE	S:FALSE	S:TRUE	S:FALSE	S:TRUE	S:FALSE	S:FALSE	N:	N:	N:	N:
S:1700019e19rik	S:1700019E19RIK	S: 6	D:0.5577798	D:1.930980e-03	D:8.739068e-03	S: 9.881870e-03	D:9.536469e-01	D:9.856935e-01	D:0.5478979	D:2.680011e-02	D:1.897402e-01	S:TRUE	S:FALSE	S:TRUE	S:FALSE	S:TRUE	S:FALSE	S:FALSE	N:	N:	N:	N:
S:Scamp2	S:SCAMP2	S: 6	D:0.4299918	D:1.666446e-04	D:1.312326e-03	S: 7.709677e-02	D:4.943488e-01	D:7.678639e-01	D:0.3528950	D:2.694122e-02	D:1.898193e-01	S:TRUE	S:FALSE	S:TRUE	S:FALSE	S:TRUE	S:FALSE	S:FALSE	N:	N:	N:	N:
S:Capzb	S:CAPZB	S: 6	D:0.2740153	D:4.843179e-03	D:1.762633e-02	D:-2.787890e-02	D:7.699250e-01	D:9.194915e-01	D:0.3018942	D:2.696784e-02	D:1.898193e-01	S:TRUE	S:FALSE	S:TRUE	S:FALSE	S:TRUE	S:FALSE	S:FALSE	N:	N:	N:	N:
S:Arhgef18	S:ARHGEF18	S: 6	D:0.3835122	D:5.322358e-06	D:8.459463e-05	S: 1.307619e-01	D:1.041139e-01	D:3.251548e-01	D:0.2527503	D:2.707684e-02	D:1.900359e-01	S:TRUE	S:FALSE	S:TRUE	S:FALSE	S:TRUE	S:FALSE	S:FALSE	N:	N:	N:	N:
S:Atad3a	S:ATAD3A	S: 6	D:0.6542338	D:1.721320e-03	D:7.978018e-03	D:-4.105330e-03	D:9.845773e-01	D:9.947378e-01	D:0.6583392	D:2.708241e-02	D:1.900359e-01	S:TRUE	S:FALSE	S:TRUE	S:FALSE	S:TRUE	S:FALSE	S:FALSE	N:	N:	N:	N:
S:Ttc5	S:TTC5	S: 6	D:0.3280654	D:5.981901e-04	D:3.544225e-03	S: 2.989819e-02	D:7.549947e-01	D:9.117358e-01	D:0.2981672	D:2.717735e-02	D:1.902784e-01	S:TRUE	S:FALSE	S:TRUE	S:FALSE	S:TRUE	S:FALSE	S:FALSE	N:	N:	N:	N:
S:Col24a1	S:COL24A1	S: 6	D:0.4158234	D:1.686330e-02	D:4.518474e-02	D:-1.242623e-01	D:4.659104e-01	D:7.494260e-01	D:0.5400857	D:2.727797e-02	D:1.906895e-01	S:TRUE	S:FALSE	S:TRUE	S:FALSE	S:TRUE	S:FALSE	S:FALSE	N:	N:	N:	N:
S:Ap4m1	S:AP4M1	S: 6	D:0.3139026	D:5.396471e-03	D:1.917109e-02	D:-3.837886e-02	D:7.331090e-01	D:9.014635e-01	D:0.3522815	D:2.744787e-02	D:1.916200e-01	S:TRUE	S:FALSE	S:TRUE	S:FALSE	S:TRUE	S:FALSE	S:FALSE	N:	N:	N:	N:
S:Pard3	S:PARD3	S: 6	D:0.2296323	D:1.020101e-02	D:3.118993e-02	D:-4.659904e-02	D:5.930058e-01	D:8.305803e-01	D:0.2762313	D:2.749848e-02	D:1.918019e-01	S:TRUE	S:FALSE	S:TRUE	S:FALSE	S:TRUE	S:FALSE	S:FALSE	N:	N:	N:	N:
S:Med27	S:MED27	S: 6	D:0.5113110	D:4.045732e-03	D:1.536100e-02	D:-3.658437e-02	D:8.326681e-01	D:9.411565e-01	D:0.5478953	D:2.755640e-02	D:1.918572e-01	S:TRUE	S:FALSE	S:TRUE	S:FALSE	S:TRUE	S:FALSE	S:FALSE	N:	N:	N:	N:
S:Pdia6	S:PDIA6	S: 6	D:0.8299111	D:2.376542e-18	D:4.125676e-15	S: 5.874396e-01	D:1.429917e-11	D:4.654379e-09	D:0.2424715	D:2.757587e-02	D:1.918572e-01	S:TRUE	S:TRUE	S:TRUE	S:FALSE	S:TRUE	S:TRUE	S:TRUE	N:	N:	N:	N:
S:Trpv2	S:TRPV2	S: 6	D:0.5995957	D:4.151324e-03	D:1.566674e-02	D:-5.837477e-02	D:7.833147e-01	D:9.270109e-01	D:0.6579704	D:2.758025e-02	D:1.918572e-01	S:TRUE	S:FALSE	S:TRUE	S:FALSE	S:TRUE	S:FALSE	S:FALSE	N:	N:	N:	N:
S:Fbxo2	S:FBXO2	S: 6	D:0.8125674	D:9.752096e-03	D:3.019555e-02	D:-1.857678e-01	D:5.668063e-01	D:8.159755e-01	D:0.9983353	D:2.768907e-02	D:1.919964e-01	S:TRUE	S:FALSE	S:TRUE	S:FALSE	S:TRUE	S:FALSE	S:FALSE	N:	N:	N:	N:
S:Flii	S:FLII	S: 6	D:0.4949686	D:9.600833e-04	D:5.119570e-03	S: 3.546220e-02	D:8.079857e-01	D:9.346242e-01	D:0.4595064	D:2.775238e-02	D:1.922248e-01	S:TRUE	S:FALSE	S:TRUE	S:FALSE	S:TRUE	S:FALSE	S:FALSE	N:	N:	N:	N:
S:Tyk2	S:TYK2	S: 6	D:0.6866021	D:1.444662e-04	D:1.172343e-03	S: 1.430519e-01	D:4.041342e-01	D:7.018291e-01	D:0.5435502	D:2.783816e-02	D:1.922736e-01	S:TRUE	S:FALSE	S:TRUE	S:FALSE	S:TRUE	S:FALSE	S:FALSE	N:	N:	N:	N:
S:Hcfc1r1	S:HCFC1R1	S: 6	D:0.4768014	D:1.540565e-02	D:4.243616e-02	D:-1.435084e-01	D:4.735571e-01	D:7.550913e-01	D:0.6203098	D:2.784059e-02	D:1.922736e-01	S:TRUE	S:FALSE	S:TRUE	S:FALSE	S:TRUE	S:FALSE	S:FALSE	N:	N:	N:	N:
S:Drg2	S:DRG2	S: 6	D:0.4717996	D:5.909551e-04	D:3.514687e-03	S: 4.763898e-02	D:7.265088e-01	D:8.979547e-01	D:0.4241606	D:2.784272e-02	D:1.922736e-01	S:TRUE	S:FALSE	S:TRUE	S:FALSE	S:TRUE	S:FALSE	S:FALSE	N:	N:	N:	N:
S:Eif4a1	S:EIF4A1	S: 6	D:0.2529268	D:3.609420e-07	D:9.305872e-06	S: 1.070274e-01	D:2.294875e-02	D:1.240654e-01	D:0.1458994	D:2.815345e-02	D:1.927769e-01	S:TRUE	S:FALSE	S:TRUE	S:FALSE	S:TRUE	S:TRUE	S:TRUE	N:	N:	N:	N:
S:Crocc	S:CROCC	S: 6	D:1.3446314	D:3.726144e-04	D:2.437909e-03	S: 1.672588e-01	D:6.629814e-01	D:8.704531e-01	D:1.1773726	D:2.820460e-02	D:1.927769e-01	S:TRUE	S:FALSE	S:TRUE	S:FALSE	S:TRUE	S:FALSE	S:FALSE	N:	N:	N:	N:
S:Krtcap2	S:KRTCAP2	S: 6	D:0.3706053	D:1.673770e-03	D:7.808594e-03	S: 2.891437e-03	D:9.806550e-01	D:9.939238e-01	D:0.3677138	D:2.832337e-02	D:1.927769e-01	S:TRUE	S:FALSE	S:TRUE	S:FALSE	S:TRUE	S:FALSE	S:FALSE	N:	N:	N:	N:
S:Mt1	S:MT1	S: 6	D:0.8805876	D:1.323191e-03	D:6.519564e-03	S: 1.682488e-02	D:9.526259e-01	D:9.856935e-01	D:0.8637628	D:2.839181e-02	D:1.927769e-01	S:TRUE	S:FALSE	S:TRUE	S:FALSE	S:TRUE	S:FALSE	S:FALSE	N:	N:	N:	N:
S:Sharpin	S:SHARPIN	S: 6	D:0.3258687	D:8.283917e-03	D:2.673220e-02	D:-5.842764e-02	D:6.370153e-01	D:8.562118e-01	D:0.3842963	D:2.844917e-02	D:1.927769e-01	S:TRUE	S:FALSE	S:TRUE	S:FALSE	S:TRUE	S:FALSE	S:FALSE	N:	N:	N:	N:
S:Hck	S:HCK	S: 6	D:0.6672517	D:1.064556e-02	D:3.220256e-02	D:-1.416160e-01	D:5.848095e-01	D:8.247996e-01	D:0.8088677	D:2.852246e-02	D:1.927769e-01	S:TRUE	S:FALSE	S:TRUE	S:FALSE	S:TRUE	S:FALSE	S:FALSE	N:	N:	N:	N:
S:Nfyc	S:NFYC	S: 6	D:0.4008090	D:9.570003e-04	D:5.108361e-03	S: 2.662829e-02	D:8.255537e-01	D:9.384787e-01	D:0.3741807	D:2.860042e-02	D:1.927769e-01	S:TRUE	S:FALSE	S:TRUE	S:FALSE	S:TRUE	S:FALSE	S:FALSE	N:	N:	N:	N:
S:Ncaph2	S:NCAPH2	S: 6	D:0.4834599	D:4.758287e-03	D:1.743106e-02	D:-4.494791e-02	D:7.908456e-01	D:9.293849e-01	D:0.5284078	D:2.861627e-02	D:1.927769e-01	S:TRUE	S:FALSE	S:TRUE	S:FALSE	S:TRUE	S:FALSE	S:FALSE	N:	N:	N:	N:
S:Tyw1	S:TYW1	S: 6	D:0.4664216	D:8.641633e-04	D:4.710986e-03	S: 2.978577e-02	D:8.345679e-01	D:9.419409e-01	D:0.4366358	D:2.864498e-02	D:1.927769e-01	S:TRUE	S:FALSE	S:TRUE	S:FALSE	S:TRUE	S:FALSE	S:FALSE	N:	N:	N:	N:
S:Wipi2	S:WIPI2	S: 6	D:0.1693177	D:7.455411e-03	D:2.472057e-02	D:-2.538471e-02	D:6.833281e-01	D:8.810148e-01	D:0.1947024	D:2.869923e-02	D:1.927769e-01	S:TRUE	S:FALSE	S:TRUE	S:FALSE	S:TRUE	S:FALSE	S:FALSE	N:	N:	N:	N:
S:Col4a2	S:COL4A2	S: 6	D:1.1797196	D:6.124290e-06	D:9.455129e-05	S: 4.009421e-01	D:1.113931e-01	D:3.379708e-01	D:0.7787775	D:2.873531e-02	D:1.927769e-01	S:TRUE	S:FALSE	S:TRUE	S:FALSE	S:TRUE	S:TRUE	S:TRUE	N:	N:	N:	N:
S:Asphd1	S:ASPHD1	S: 6	D:0.9035625	D:1.051518e-03	D:5.500141e-03	S: 3.707995e-02	D:8.965406e-01	D:9.671719e-01	D:0.8664826	D:2.879174e-02	D:1.927769e-01	S:TRUE	S:FALSE	S:TRUE	S:FALSE	S:TRUE	S:FALSE	S:FALSE	N:	N:	N:	N:
S:Itga11	S:ITGA11	S: 6	D:1.5258610	D:9.097293e-05	D:8.141015e-04	S: 3.459382e-01	D:3.628506e-01	D:6.636051e-01	D:1.1799228	D:2.880645e-02	D:1.927769e-01	S:TRUE	S:FALSE	S:TRUE	S:FALSE	S:TRUE	S:FALSE	S:FALSE	N:	N:	N:	N:
S:Gpr162	S:GPR162	S: 6	D:0.9648345	D:2.782816e-04	D:1.947099e-03	S: 1.579469e-01	D:5.426894e-01	D:8.004323e-01	D:0.8068876	D:2.883349e-02	D:1.927769e-01	S:TRUE	S:FALSE	S:TRUE	S:FALSE	S:TRUE	S:TRUE	S:TRUE	N:	N:	N:	N:
S:Doc2b	S:DOC2B	S: 6	D:1.0166555	D:2.343196e-06	D:4.259411e-05	S: 3.546839e-01	D:1.088717e-01	D:3.335039e-01	D:0.6619716	D:2.884861e-02	D:1.927769e-01	S:TRUE	S:FALSE	S:TRUE	S:FALSE	S:TRUE	S:FALSE	S:FALSE	N:	N:	N:	N:
S:Timp4	S:TIMP4	S: 6	D:0.4599638	D:1.727396e-05	D:2.204970e-04	S: 1.349205e-01	D:2.040150e-01	D:4.868689e-01	D:0.3250433	D:2.886074e-02	D:1.927769e-01	S:TRUE	S:FALSE	S:TRUE	S:FALSE	S:TRUE	S:FALSE	S:FALSE	N:	N:	N:	N:
S:Kif21b	S:KIF21B	S: 6	D:0.3969716	D:1.286633e-02	D:3.704820e-02	D:-9.460146e-02	D:5.479896e-01	D:8.034157e-01	D:0.4915731	D:2.895247e-02	D:1.927769e-01	S:TRUE	S:FALSE	S:TRUE	S:FALSE	S:TRUE	S:FALSE	S:FALSE	N:	N:	N:	N:
S:Sipa1l3	S:SIPA1L3	S: 6	D:0.6070852	D:7.662665e-04	D:4.278823e-03	S: 5.648675e-02	D:7.496834e-01	D:9.098930e-01	D:0.5505985	D:2.897260e-02	D:1.927769e-01	S:TRUE	S:FALSE	S:TRUE	S:FALSE	S:TRUE	S:FALSE	S:FALSE	N:	N:	N:	N:
S:Lonp1	S:LONP1	S: 6	D:0.5104861	D:3.202927e-03	D:1.287102e-02	D:-2.419649e-02	D:8.885567e-01	D:9.652243e-01	D:0.5346826	D:2.897691e-02	D:1.927769e-01	S:TRUE	S:FALSE	S:TRUE	S:FALSE	S:TRUE	S:FALSE	S:FALSE	N:	N:	N:	N:
S:Zfand2b	S:ZFAND2B	S: 6	D:0.7359984	D:4.309968e-03	D:1.611365e-02	D:-7.320742e-02	D:7.824987e-01	D:9.266151e-01	D:0.8092058	D:2.901632e-02	D:1.927769e-01	S:TRUE	S:FALSE	S:TRUE	S:FALSE	S:TRUE	S:FALSE	S:FALSE	N:	N:	N:	N:
S:Pes1	S:PES1	S: 6	D:0.3039961	D:7.215538e-03	D:2.408481e-02	D:-4.577753e-02	D:6.849665e-01	D:8.812036e-01	D:0.3497736	D:2.906101e-02	D:1.929661e-01	S:TRUE	S:FALSE	S:TRUE	S:FALSE	S:TRUE	S:FALSE	S:FALSE	N:	N:	N:	N:
S:Hcn3	S:HCN3	S: 6	D:0.7678040	D:1.186761e-03	D:6.027941e-03	S: 2.389011e-02	D:9.224928e-01	D:9.763601e-01	D:0.7439139	D:2.909974e-02	D:1.931412e-01	S:TRUE	S:FALSE	S:TRUE	S:FALSE	S:TRUE	S:FALSE	S:FALSE	N:	N:	N:	N:
S:Rpain	S:RPAIN	S: 6	D:0.3125493	D:7.547493e-03	D:2.496233e-02	D:-4.687518e-02	D:6.845621e-01	D:8.812036e-01	D:0.3594245	D:2.916865e-02	D:1.932647e-01	S:TRUE	S:FALSE	S:TRUE	S:FALSE	S:TRUE	S:FALSE	S:FALSE	N:	N:	N:	N:
S:Stab1	S:STAB1	S: 6	D:0.6861057	D:4.513235e-03	D:1.672009e-02	D:-6.379209e-02	D:7.937889e-01	D:9.303396e-01	D:0.7498977	D:2.930235e-02	D:1.935211e-01	S:TRUE	S:FALSE	S:TRUE	S:FALSE	S:TRUE	S:FALSE	S:FALSE	N:	N:	N:	N:
S:Anln	S:ANLN	S: 6	D:0.7625498	D:3.616113e-03	D:1.408580e-02	D:-2.139914e-02	D:9.307415e-01	D:9.792617e-01	D:0.7839490	D:2.936163e-02	D:1.935637e-01	S:TRUE	S:FALSE	S:TRUE	S:FALSE	S:TRUE	S:FALSE	S:FALSE	N:	N:	N:	N:
S:Cachd1	S:CACHD1	S: 6	D:0.4176365	D:1.705213e-02	D:4.560467e-02	D:-1.407259e-01	D:4.492315e-01	D:7.381123e-01	D:0.5583624	D:2.955493e-02	D:1.939379e-01	S:TRUE	S:FALSE	S:TRUE	S:FALSE	S:TRUE	S:FALSE	S:FALSE	N:	N:	N:	N:
S:Kank3	S:KANK3	S: 6	D:0.5402693	D:4.354721e-04	D:2.765779e-03	S: 7.012356e-02	D:6.475922e-01	D:8.611781e-01	D:0.4701457	D:2.967721e-02	D:1.942424e-01	S:TRUE	S:FALSE	S:TRUE	S:FALSE	S:TRUE	S:FALSE	S:FALSE	N:	N:	N:	N:
S:Wdr45	S:WDR45	S: 6	D:0.3999957	D:7.060328e-03	D:2.368196e-02	D:-6.151831e-02	D:6.837117e-01	D:8.810148e-01	D:0.4615140	D:2.977527e-02	D:1.942424e-01	S:TRUE	S:FALSE	S:TRUE	S:FALSE	S:TRUE	S:FALSE	S:FALSE	N:	N:	N:	N:
S:Lgals1	S:LGALS1	S: 6	D:0.8301222	D:3.019701e-03	D:1.233981e-02	D:-2.973948e-02	D:9.151855e-01	D:9.741031e-01	D:0.8598617	D:2.979298e-02	D:1.942424e-01	S:TRUE	S:FALSE	S:TRUE	S:FALSE	S:TRUE	S:FALSE	S:FALSE	N:	N:	N:	N:
S:Trp53	S:TRP53	S: 6	D:0.4644227	D:5.726368e-04	D:3.423987e-03	S: 5.297951e-02	D:6.922463e-01	D:8.842822e-01	D:0.4114432	D:2.979487e-02	D:1.942424e-01	S:TRUE	S:FALSE	S:TRUE	S:FALSE	S:TRUE	S:FALSE	S:FALSE	N:	N:	N:	N:
S:Plekhg5	S:PLEKHG5	S: 6	D:0.9117989	D:1.185782e-03	D:6.026278e-03	S: 5.038278e-02	D:8.574231e-01	D:9.526207e-01	D:0.8614161	D:2.986057e-02	D:1.942424e-01	S:TRUE	S:FALSE	S:TRUE	S:FALSE	S:TRUE	S:FALSE	S:FALSE	N:	N:	N:	N:
S:Golm1	S:GOLM1	S: 6	D:0.5019681	D:1.972349e-06	D:3.726237e-05	S: 1.894547e-01	D:6.471408e-02	D:2.439246e-01	D:0.3125134	D:2.990230e-02	D:1.942424e-01	S:TRUE	S:FALSE	S:TRUE	S:FALSE	S:TRUE	S:FALSE	S:FALSE	N:	N:	N:	N:
S:Rnf5	S:RNF5	S: 6	D:0.4731857	D:1.916257e-02	D:4.958529e-02	D:-1.614371e-01	D:4.407270e-01	D:7.321365e-01	D:0.6346228	D:2.992807e-02	D:1.942424e-01	S:TRUE	S:FALSE	S:TRUE	S:FALSE	S:TRUE	S:FALSE	S:FALSE	N:	N:	N:	N:
S:Prr3	S:PRR3	S: 6	D:0.4096830	D:3.789994e-03	D:1.460293e-02	D:-2.676257e-02	D:8.509112e-01	D:9.499562e-01	D:0.4364456	D:2.993676e-02	D:1.942424e-01	S:TRUE	S:FALSE	S:TRUE	S:FALSE	S:TRUE	S:FALSE	S:FALSE	N:	N:	N:	N:
S:Glul	S:GLUL	S: 6	D:0.3606590	D:1.176192e-08	D:5.619824e-07	S: 1.805387e-01	D:2.365843e-03	D:2.423865e-02	D:0.1801203	D:2.996852e-02	D:1.942424e-01	S:TRUE	S:TRUE	S:TRUE	S:FALSE	S:TRUE	S:FALSE	S:FALSE	N:	N:	N:	N:
S:Dbnl	S:DBNL	S: 6	D:0.4847327	D:7.470592e-03	D:2.476040e-02	D:-7.754591e-02	D:6.736104e-01	D:8.757271e-01	D:0.5622787	D:2.998620e-02	D:1.942424e-01	S:TRUE	S:FALSE	S:TRUE	S:FALSE	S:TRUE	S:FALSE	S:FALSE	N:	N:	N:	N:
S:Mrpl37	S:MRPL37	S: 6	D:0.2589587	D:2.698259e-03	D:1.131444e-02	D:-5.192591e-03	D:9.517013e-01	D:9.854216e-01	D:0.2641513	D:2.999662e-02	D:1.942424e-01	S:TRUE	S:FALSE	S:TRUE	S:FALSE	S:TRUE	S:FALSE	S:FALSE	N:	N:	N:	N:
S:Dpp3	S:DPP3	S: 6	D:0.4982747	D:1.353473e-02	D:3.845041e-02	D:-1.369309e-01	D:5.151172e-01	D:7.815625e-01	D:0.6352056	D:3.000263e-02	D:1.942424e-01	S:TRUE	S:FALSE	S:TRUE	S:FALSE	S:TRUE	S:FALSE	S:FALSE	N:	N:	N:	N:
S:Cecr5	S:CECR5	S: 6	D:0.6106942	D:1.440581e-04	D:1.169835e-03	S: 1.272732e-01	D:4.172338e-01	D:7.136502e-01	D:0.4834210	D:3.005074e-02	D:1.942424e-01	S:TRUE	S:FALSE	S:TRUE	S:FALSE	S:TRUE	S:FALSE	S:FALSE	N:	N:	N:	N:
S:Fam98c	S:FAM98C	S: 6	D:0.6413281	D:6.543821e-06	D:9.955273e-05	S: 2.164625e-01	D:1.220836e-01	D:3.590058e-01	D:0.4248656	D:3.028197e-02	D:1.944818e-01	S:TRUE	S:FALSE	S:TRUE	S:FALSE	S:TRUE	S:TRUE	S:TRUE	N:	N:	N:	N:
S:Tex261	S:TEX261	S: 6	D:0.4602612	D:1.625119e-05	D:2.098418e-04	S: 1.435060e-01	D:1.646090e-01	D:4.294290e-01	D:0.3167553	D:3.038201e-02	D:1.944818e-01	S:TRUE	S:FALSE	S:TRUE	S:FALSE	S:TRUE	S:FALSE	S:FALSE	N:	N:	N:	N:
S:Slc27a1	S:SLC27A1	S: 6	D:0.7662150	D:3.182699e-03	D:1.280700e-02	D:-2.907644e-02	D:9.106949e-01	D:9.725034e-01	D:0.7952914	D:3.038769e-02	D:1.944818e-01	S:TRUE	S:FALSE	S:TRUE	S:FALSE	S:TRUE	S:FALSE	S:FALSE	N:	N:	N:	N:
S:Sh3gl1	S:SH3GL1	S: 6	D:0.9977120	D:2.492414e-04	D:1.790413e-03	S: 1.583194e-01	D:5.700737e-01	D:8.181162e-01	D:0.8393926	D:3.039778e-02	D:1.944818e-01	S:TRUE	S:FALSE	S:TRUE	S:FALSE	S:TRUE	S:FALSE	S:FALSE	N:	N:	N:	N:
S:Smox	S:SMOX	S: 6	D:1.1768475	D:4.227400e-06	D:6.887268e-05	S: 4.180792e-01	D:9.401132e-02	D:3.076734e-01	D:0.7587683	D:3.043446e-02	D:1.944818e-01	S:TRUE	S:FALSE	S:TRUE	S:FALSE	S:TRUE	S:FALSE	S:FALSE	N:	N:	N:	N:
S:Ethe1	S:ETHE1	S: 6	D:0.6672323	D:2.655022e-03	D:1.118417e-02	D:-4.516036e-03	D:9.833902e-01	D:9.945228e-01	D:0.6717484	D:3.050093e-02	D:1.944874e-01	S:TRUE	S:FALSE	S:TRUE	S:FALSE	S:TRUE	S:FALSE	S:FALSE	N:	N:	N:	N:
S:Smarcd2	S:SMARCD2	S: 6	D:0.5653378	D:1.281082e-04	D:1.065795e-03	S: 1.198469e-01	D:4.115025e-01	D:7.083864e-01	D:0.4454909	D:3.052447e-02	D:1.944874e-01	S:TRUE	S:FALSE	S:TRUE	S:FALSE	S:TRUE	S:FALSE	S:FALSE	N:	N:	N:	N:
S:Syvn1	S:SYVN1	S: 6	D:0.7776155	D:1.953234e-04	D:1.477866e-03	S: 1.434635e-01	D:4.917470e-01	D:7.665840e-01	D:0.6341520	D:3.059927e-02	D:1.946550e-01	S:TRUE	S:FALSE	S:TRUE	S:FALSE	S:TRUE	S:TRUE	S:TRUE	N:	N:	N:	N:
S:Gga3	S:GGA3	S: 6	D:0.5494638	D:3.231797e-06	D:5.591760e-05	S: 2.046463e-01	D:6.875364e-02	D:2.523982e-01	D:0.3448175	D:3.067827e-02	D:1.946550e-01	S:TRUE	S:FALSE	S:TRUE	S:FALSE	S:TRUE	S:FALSE	S:FALSE	N:	N:	N:	N:
S:Pank4	S:PANK4	S: 6	D:0.5539897	D:2.764173e-05	D:3.169463e-04	S: 1.595969e-01	D:2.171282e-01	D:5.040730e-01	D:0.3943928	D:3.069071e-02	D:1.946550e-01	S:TRUE	S:FALSE	S:TRUE	S:FALSE	S:TRUE	S:FALSE	S:FALSE	N:	N:	N:	N:
S:Aldh7a1	S:ALDH7A1	S: 6	D:0.2803399	D:2.476969e-04	D:1.781776e-03	S: 5.146558e-02	D:4.881140e-01	D:7.642692e-01	D:0.2288743	D:3.071074e-02	D:1.946550e-01	S:TRUE	S:FALSE	S:TRUE	S:FALSE	S:TRUE	S:FALSE	S:FALSE	N:	N:	N:	N:
S:Tsfm	S:TSFM	S: 6	D:0.3620715	D:7.342264e-03	D:2.442315e-02	D:-5.503601e-02	D:6.884154e-01	D:8.827116e-01	D:0.4171075	D:3.076253e-02	D:1.946970e-01	S:TRUE	S:FALSE	S:TRUE	S:FALSE	S:TRUE	S:FALSE	S:FALSE	N:	N:	N:	N:
S:Cep152	S:CEP152	S: 6	D:0.3510581	D:1.027420e-02	D:3.132176e-02	D:-5.387111e-02	D:6.724754e-01	D:8.748339e-01	D:0.4049292	D:3.077878e-02	D:1.946970e-01	S:TRUE	S:FALSE	S:TRUE	S:FALSE	S:TRUE	S:FALSE	S:FALSE	N:	N:	N:	N:
S:Zcchc24	S:ZCCHC24	S: 6	D:0.3835390	D:2.731151e-05	D:3.142231e-04	S: 1.144480e-01	D:1.892654e-01	D:4.656691e-01	D:0.2690910	D:3.079013e-02	D:1.946970e-01	S:TRUE	S:FALSE	S:TRUE	S:FALSE	S:TRUE	S:FALSE	S:FALSE	N:	N:	N:	N:
S:Chtf8	S:CHTF8	S: 6	D:0.6188803	D:3.823996e-07	D:9.730638e-06	S: 2.656814e-01	D:2.240108e-02	D:1.220343e-01	D:0.3531989	D:3.085925e-02	D:1.946970e-01	S:TRUE	S:FALSE	S:TRUE	S:FALSE	S:TRUE	S:TRUE	S:TRUE	N:	N:	N:	N:
S:Nubp2	S:NUBP2	S: 6	D:0.5099380	D:1.842379e-02	D:4.812796e-02	D:-1.626152e-01	D:4.643389e-01	D:7.482653e-01	D:0.6725532	D:3.086461e-02	D:1.946970e-01	S:TRUE	S:FALSE	S:TRUE	S:FALSE	S:TRUE	S:FALSE	S:FALSE	N:	N:	N:	N:
S:C330006a16rik	S:C330006A16RIK	S: 6	D:0.3768598	D:1.126931e-03	D:5.811768e-03	S: 2.835668e-02	D:8.018945e-01	D:9.325657e-01	D:0.3485031	D:3.086691e-02	D:1.946970e-01	S:TRUE	S:FALSE	S:TRUE	S:FALSE	S:TRUE	S:FALSE	S:FALSE	N:	N:	N:	N:
S:Sfi1	S:SFI1	S: 6	D:0.6429285	D:2.031288e-05	D:2.512814e-04	S: 2.146758e-01	D:1.095748e-01	D:3.348321e-01	D:0.4282527	D:3.093198e-02	D:1.948559e-01	S:TRUE	S:FALSE	S:TRUE	S:FALSE	S:TRUE	S:FALSE	S:FALSE	N:	N:	N:	N:
S:Mtx1	S:MTX1	S: 6	D:0.3376972	D:2.065285e-03	D:9.185316e-03	S: 2.110113e-03	D:9.847421e-01	D:9.947378e-01	D:0.3355870	D:3.094599e-02	D:1.948559e-01	S:TRUE	S:FALSE	S:TRUE	S:FALSE	S:TRUE	S:FALSE	S:FALSE	N:	N:	N:	N:
S:Suv420h2	S:SUV420H2	S: 6	D:1.1023138	D:7.437150e-05	D:6.962134e-04	S: 2.433269e-01	D:4.004021e-01	D:6.991564e-01	D:0.8589869	D:3.095279e-02	D:1.948559e-01	S:TRUE	S:FALSE	S:TRUE	S:FALSE	S:TRUE	S:FALSE	S:FALSE	N:	N:	N:	N:
S:E130203b14rik	S:E130203B14RIK	S: 6	D:0.4225180	D:1.559292e-02	D:4.279356e-02	D:-1.086437e-01	D:5.279152e-01	D:7.901698e-01	D:0.5311617	D:3.099182e-02	D:1.948681e-01	S:TRUE	S:FALSE	S:TRUE	S:FALSE	S:TRUE	S:FALSE	S:FALSE	N:	N:	N:	N:
S:Dhx16	S:DHX16	S: 6	D:0.6628642	D:1.785066e-05	D:2.263054e-04	S: 2.057753e-01	D:1.695087e-01	D:4.373913e-01	D:0.4570889	D:3.109052e-02	D:1.951969e-01	S:TRUE	S:FALSE	S:TRUE	S:FALSE	S:TRUE	S:FALSE	S:FALSE	N:	N:	N:	N:
S:Ccdc151	S:CCDC151	S: 6	D:0.7952662	D:7.485945e-05	D:6.997839e-04	S: 1.792082e-01	D:3.876598e-01	D:6.875360e-01	D:0.6160579	D:3.139267e-02	D:1.955658e-01	S:TRUE	S:FALSE	S:TRUE	S:FALSE	S:TRUE	S:FALSE	S:FALSE	N:	N:	N:	N:
S:Pdgfb	S:PDGFB	S: 6	D:0.9409095	D:1.939379e-05	D:2.422465e-04	S: 2.700624e-01	D:2.330135e-01	D:5.246620e-01	D:0.6708471	D:3.147872e-02	D:1.956027e-01	S:TRUE	S:FALSE	S:TRUE	S:FALSE	S:TRUE	S:FALSE	S:FALSE	N:	N:	N:	N:
S:Ifi27l1	S:IFI27L1	S: 6	D:0.4523684	D:8.433010e-03	D:2.705929e-02	D:-4.389060e-02	D:7.751350e-01	D:9.216687e-01	D:0.4962590	D:3.160210e-02	D:1.956735e-01	S:TRUE	S:FALSE	S:TRUE	S:FALSE	S:TRUE	S:FALSE	S:FALSE	N:	N:	N:	N:
S:Leprel2	S:LEPREL2	S: 6	D:0.9298913	D:6.622276e-05	D:6.343742e-04	S: 2.316624e-01	D:3.159362e-01	D:6.179503e-01	D:0.6982289	D:3.162250e-02	D:1.956735e-01	S:TRUE	S:FALSE	S:TRUE	S:FALSE	S:TRUE	S:FALSE	S:FALSE	N:	N:	N:	N:
S:Prpf19	S:PRPF19	S: 6	D:0.2893191	D:1.841276e-02	D:4.810718e-02	D:-8.237375e-02	D:4.964318e-01	D:7.690931e-01	D:0.3716928	D:3.182141e-02	D:1.957597e-01	S:TRUE	S:FALSE	S:TRUE	S:FALSE	S:TRUE	S:FALSE	S:FALSE	N:	N:	N:	N:
S:Ercc1	S:ERCC1	S: 6	D:0.7978827	D:3.098741e-03	D:1.256546e-02	D:-3.388554e-02	D:9.029930e-01	D:9.690475e-01	D:0.8317682	D:3.195434e-02	D:1.959200e-01	S:TRUE	S:FALSE	S:TRUE	S:FALSE	S:TRUE	S:FALSE	S:FALSE	N:	N:	N:	N:
S:Creld1	S:CRELD1	S: 6	D:0.5857350	D:1.217696e-03	D:6.144455e-03	S: 3.504788e-02	D:8.477445e-01	D:9.490656e-01	D:0.5506872	D:3.196175e-02	D:1.959200e-01	S:TRUE	S:FALSE	S:TRUE	S:FALSE	S:TRUE	S:FALSE	S:FALSE	N:	N:	N:	N:
S:Pacsin2	S:PACSIN2	S: 6	D:0.3904623	D:3.303383e-05	D:3.606134e-04	S: 1.139154e-01	D:2.090483e-01	D:4.933792e-01	D:0.2765470	D:3.197610e-02	D:1.959200e-01	S:TRUE	S:FALSE	S:TRUE	S:FALSE	S:TRUE	S:FALSE	S:FALSE	N:	N:	N:	N:
S:March4	S:MARCH4	S: 6	D:0.3727678	D:3.796823e-04	D:2.475858e-03	S: 5.079952e-02	D:6.389131e-01	D:8.572244e-01	D:0.3219683	D:3.197954e-02	D:1.959200e-01	S:TRUE	S:FALSE	S:TRUE	S:FALSE	S:TRUE	S:FALSE	S:FALSE	N:	N:	N:	N:
S:Ints3	S:INTS3	S: 6	D:0.3396416	D:3.018089e-03	D:1.233981e-02	D:-5.482127e-03	D:9.613267e-01	D:9.888506e-01	D:0.3451237	D:3.205982e-02	D:1.961585e-01	S:TRUE	S:FALSE	S:TRUE	S:FALSE	S:TRUE	S:FALSE	S:FALSE	N:	N:	N:	N:
S:Nudc	S:NUDC	S: 6	D:0.4108547	D:1.323242e-05	D:1.777673e-04	S: 1.350023e-01	D:1.366457e-01	D:3.842607e-01	D:0.2758524	D:3.211555e-02	D:1.961585e-01	S:TRUE	S:FALSE	S:TRUE	S:FALSE	S:TRUE	S:FALSE	S:FALSE	N:	N:	N:	N:
S:Prr5	S:PRR5	S: 6	D:1.0571532	D:1.804566e-04	D:1.395769e-03	S: 2.305271e-01	D:3.891310e-01	D:6.886151e-01	D:0.8266260	D:3.218500e-02	D:1.963306e-01	S:TRUE	S:FALSE	S:TRUE	S:FALSE	S:TRUE	S:FALSE	S:FALSE	N:	N:	N:	N:
S:Kctd5	S:KCTD5	S: 6	D:0.2068674	D:1.347623e-02	D:3.833805e-02	D:-4.844608e-02	D:5.666244e-01	D:8.159061e-01	D:0.2553135	D:3.252010e-02	D:1.973180e-01	S:TRUE	S:FALSE	S:TRUE	S:FALSE	S:TRUE	S:FALSE	S:FALSE	N:	N:	N:	N:
S:Emg1	S:EMG1	S: 6	D:0.4726593	D:3.495812e-06	D:5.922975e-05	S: 1.754843e-01	D:7.585760e-02	D:2.696911e-01	D:0.2971750	D:3.254779e-02	D:1.973818e-01	S:TRUE	S:FALSE	S:TRUE	S:FALSE	S:TRUE	S:FALSE	S:FALSE	N:	N:	N:	N:
S:Trafd1	S:TRAFD1	S: 6	D:0.3313793	D:1.502692e-02	D:4.170364e-02	D:-8.139095e-02	D:5.489243e-01	D:8.034844e-01	D:0.4127702	D:3.255587e-02	D:1.973818e-01	S:TRUE	S:FALSE	S:TRUE	S:FALSE	S:TRUE	S:FALSE	S:FALSE	N:	N:	N:	N:
S:Fbln2	S:FBLN2	S: 6	D:0.7387621	D:1.535963e-03	D:7.325361e-03	S: 6.392495e-02	D:7.653493e-01	D:9.170808e-01	D:0.6748372	D:3.266474e-02	D:1.974335e-01	S:TRUE	S:FALSE	S:TRUE	S:FALSE	S:TRUE	S:FALSE	S:FALSE	N:	N:	N:	N:
S:Zbtb40	S:ZBTB40	S: 6	D:1.3012372	D:1.922027e-12	D:3.899967e-10	S: 8.148277e-01	D:1.095321e-06	D:5.880857e-05	D:0.4864096	D:3.283386e-02	D:1.974779e-01	S:TRUE	S:TRUE	S:TRUE	S:FALSE	S:TRUE	S:FALSE	S:FALSE	N:	N:	N:	N:
S:U2af2	S:U2AF2	S: 6	D:0.5383086	D:1.267232e-03	D:6.321594e-03	S: 3.976538e-02	D:8.087313e-01	D:9.347780e-01	D:0.4985432	D:3.299277e-02	D:1.976922e-01	S:TRUE	S:FALSE	S:TRUE	S:FALSE	S:TRUE	S:TRUE	S:TRUE	N:	N:	N:	N:
S:Polr2c	S:POLR2C	S: 6	D:0.6908897	D:2.849776e-04	D:1.982409e-03	S: 1.246169e-01	D:5.062729e-01	D:7.758828e-01	D:0.5662728	D:3.301331e-02	D:1.977003e-01	S:TRUE	S:FALSE	S:TRUE	S:FALSE	S:TRUE	S:TRUE	S:TRUE	N:	N:	N:	N:
S:Snrnp70	S:SNRNP70	S: 6	D:0.3519177	D:5.380145e-04	D:3.256854e-03	S: 5.151612e-02	D:6.009534e-01	D:8.360905e-01	D:0.3004016	D:3.303945e-02	D:1.977144e-01	S:TRUE	S:FALSE	S:TRUE	S:FALSE	S:TRUE	S:FALSE	S:FALSE	N:	N:	N:	N:
S:Atp6v0b	S:ATP6V0B	S: 6	D:0.3510531	D:8.123444e-04	D:4.486416e-03	S: 4.032226e-02	D:6.926737e-01	D:8.845390e-01	D:0.3107308	D:3.308278e-02	D:1.977144e-01	S:TRUE	S:FALSE	S:TRUE	S:FALSE	S:TRUE	S:TRUE	S:TRUE	N:	N:	N:	N:
S:Acot11	S:ACOT11	S: 6	D:0.4295580	D:1.624606e-05	D:2.098418e-04	S: 1.391172e-01	D:1.480470e-01	D:4.026533e-01	D:0.2904408	D:3.312311e-02	D:1.977144e-01	S:TRUE	S:FALSE	S:TRUE	S:FALSE	S:TRUE	S:FALSE	S:FALSE	N:	N:	N:	N:
S:Rps5	S:RPS5	S: 6	D:0.5854636	D:1.909137e-02	D:4.945020e-02	D:-1.714994e-01	D:4.937542e-01	D:7.677564e-01	D:0.7569630	D:3.313363e-02	D:1.977144e-01	S:TRUE	S:FALSE	S:TRUE	S:FALSE	S:TRUE	S:FALSE	S:FALSE	N:	N:	N:	N:
S:Bcl2l1	S:BCL2L1	S: 6	D:0.5962692	D:4.211655e-05	D:4.422237e-04	S: 1.700164e-01	D:2.277664e-01	D:5.175237e-01	D:0.4262527	D:3.318952e-02	D:1.978040e-01	S:TRUE	S:FALSE	S:TRUE	S:FALSE	S:TRUE	S:FALSE	S:FALSE	N:	N:	N:	N:
S:Vkorc1	S:VKORC1	S: 6	D:0.4308685	D:4.351337e-03	D:1.623335e-02	D:-2.024976e-02	D:8.914597e-01	D:9.656624e-01	D:0.4511182	D:3.335520e-02	D:1.979087e-01	S:TRUE	S:FALSE	S:TRUE	S:FALSE	S:TRUE	S:FALSE	S:FALSE	N:	N:	N:	N:
S:Fam73b	S:FAM73B	S: 6	D:0.6503651	D:2.936274e-03	D:1.209819e-02	D:-7.165156e-03	D:9.738070e-01	D:9.922446e-01	D:0.6575303	D:3.335905e-02	D:1.979087e-01	S:TRUE	S:FALSE	S:TRUE	S:FALSE	S:TRUE	S:FALSE	S:FALSE	N:	N:	N:	N:
S:H2-T22	S:H2-T22	S: 6	D:0.5001298	D:8.969454e-05	D:8.040089e-04	S: 1.341667e-01	D:2.560879e-01	D:5.544018e-01	D:0.3659631	D:3.337898e-02	D:1.979177e-01	S:TRUE	S:FALSE	S:TRUE	S:FALSE	S:TRUE	S:FALSE	S:FALSE	N:	N:	N:	N:
S:Gpc2	S:GPC2	S: 6	D:0.4998690	D:8.494288e-03	D:2.717894e-02	D:-7.527187e-02	D:6.942973e-01	D:8.850931e-01	D:0.5751409	D:3.346015e-02	D:1.980740e-01	S:TRUE	S:FALSE	S:TRUE	S:FALSE	S:TRUE	S:FALSE	S:FALSE	N:	N:	N:	N:
S:Aldh4a1	S:ALDH4A1	S: 6	D:0.5608129	D:1.526495e-03	D:7.302498e-03	S: 3.480445e-02	D:8.411657e-01	D:9.459028e-01	D:0.5260085	D:3.359984e-02	D:1.981990e-01	S:TRUE	S:FALSE	S:TRUE	S:FALSE	S:TRUE	S:FALSE	S:FALSE	N:	N:	N:	N:
S:Eif3b	S:EIF3B	S: 6	D:0.4434108	D:1.561477e-06	D:3.068744e-05	S: 1.786169e-01	D:4.309914e-02	D:1.876294e-01	D:0.2647938	D:3.361958e-02	D:1.981990e-01	S:TRUE	S:FALSE	S:TRUE	S:FALSE	S:TRUE	S:FALSE	S:FALSE	N:	N:	N:	N:
S:Celf3	S:CELF3	S: 6	D:0.4888726	D:7.357544e-03	D:2.445315e-02	D:-6.443773e-02	D:7.276230e-01	D:8.982603e-01	D:0.5533103	D:3.362939e-02	D:1.981990e-01	S:TRUE	S:FALSE	S:TRUE	S:FALSE	S:TRUE	S:FALSE	S:FALSE	N:	N:	N:	N:
S:Lats2	S:LATS2	S: 6	D:0.6133437	D:6.141510e-06	D:9.469883e-05	S: 2.247051e-01	D:7.978691e-02	D:2.783190e-01	D:0.3886386	D:3.367056e-02	D:1.982336e-01	S:TRUE	S:FALSE	S:TRUE	S:FALSE	S:TRUE	S:FALSE	S:FALSE	N:	N:	N:	N:
S:Map3k12	S:MAP3K12	S: 6	D:0.2607204	D:1.192825e-02	D:3.499848e-02	D:-4.976935e-02	D:6.272847e-01	D:8.517901e-01	D:0.3104897	D:3.377659e-02	D:1.982336e-01	S:TRUE	S:FALSE	S:TRUE	S:FALSE	S:TRUE	S:FALSE	S:FALSE	N:	N:	N:	N:
S:Cbs	S:CBS	S: 6	D:0.7799069	D:8.235651e-04	D:4.530324e-03	S: 8.352812e-02	D:7.191227e-01	D:8.942075e-01	D:0.6963787	D:3.382200e-02	D:1.982336e-01	S:TRUE	S:FALSE	S:TRUE	S:FALSE	S:TRUE	S:FALSE	S:FALSE	N:	N:	N:	N:
S:Dennd2a	S:DENND2A	S: 6	D:0.5108036	D:2.773741e-04	D:1.941618e-03	S: 9.258022e-02	D:5.081258e-01	D:7.770949e-01	D:0.4182234	D:3.383686e-02	D:1.982336e-01	S:TRUE	S:FALSE	S:TRUE	S:FALSE	S:TRUE	S:FALSE	S:FALSE	N:	N:	N:	N:
S:Il11ra1	S:IL11RA1	S: 6	D:0.7377545	D:3.451389e-06	D:5.861360e-05	S: 2.725154e-01	D:8.378558e-02	D:2.865731e-01	D:0.4652390	D:3.389679e-02	D:1.982336e-01	S:TRUE	S:FALSE	S:TRUE	S:FALSE	S:TRUE	S:TRUE	S:TRUE	N:	N:	N:	N:
S:Dnajb2	S:DNAJB2	S: 6	D:0.4911552	D:9.772190e-03	D:3.023133e-02	D:-7.559445e-02	D:6.857190e-01	D:8.812036e-01	D:0.5667497	D:3.394537e-02	D:1.982336e-01	S:TRUE	S:FALSE	S:TRUE	S:FALSE	S:TRUE	S:FALSE	S:FALSE	N:	N:	N:	N:
S:Gtf3a	S:GTF3A	S: 6	D:0.3384927	D:1.233808e-02	D:3.593777e-02	D:-6.582587e-02	D:6.220974e-01	D:8.487911e-01	D:0.4043185	D:3.399235e-02	D:1.982336e-01	S:TRUE	S:FALSE	S:TRUE	S:FALSE	S:TRUE	S:FALSE	S:FALSE	N:	N:	N:	N:
S:Oraov1	S:ORAOV1	S: 6	D:0.4153013	D:6.361898e-04	D:3.717214e-03	S: 5.085762e-02	D:6.776856e-01	D:8.783986e-01	D:0.3644437	D:3.399602e-02	D:1.982336e-01	S:TRUE	S:FALSE	S:TRUE	S:FALSE	S:TRUE	S:FALSE	S:FALSE	N:	N:	N:	N:
S:Ptma	S:PTMA	S: 6	D:0.2387315	D:5.891130e-04	D:3.505065e-03	S: 3.470914e-02	D:6.056931e-01	D:8.390408e-01	D:0.2040223	D:3.403353e-02	D:1.982397e-01	S:TRUE	S:FALSE	S:TRUE	S:FALSE	S:TRUE	S:FALSE	S:FALSE	N:	N:	N:	N:
S:Adck5	S:ADCK5	S: 6	D:0.8408074	D:2.753619e-03	D:1.149106e-02	D:-2.235632e-02	D:9.395821e-01	D:9.822658e-01	D:0.8631637	D:3.417693e-02	D:1.986586e-01	S:TRUE	S:FALSE	S:TRUE	S:FALSE	S:TRUE	S:FALSE	S:FALSE	N:	N:	N:	N:
S:Dlg5	S:DLG5	S: 6	D:0.4226214	D:7.482309e-04	D:4.201572e-03	S: 5.360921e-02	D:6.601615e-01	D:8.690751e-01	D:0.3690122	D:3.418213e-02	D:1.986586e-01	S:TRUE	S:FALSE	S:TRUE	S:FALSE	S:TRUE	S:FALSE	S:FALSE	N:	N:	N:	N:
S:Stat2	S:STAT2	S: 6	D:0.1886720	D:1.340279e-02	D:3.818474e-02	D:-3.889681e-02	D:6.047890e-01	D:8.386636e-01	D:0.2275688	D:3.419054e-02	D:1.986586e-01	S:TRUE	S:FALSE	S:TRUE	S:FALSE	S:TRUE	S:FALSE	S:FALSE	N:	N:	N:	N:
S:Fam129c	S:FAM129C	S: 6	D:1.1817490	D:2.825837e-04	D:1.971021e-03	S: 2.273604e-01	D:4.722512e-01	D:7.539029e-01	D:0.9543887	D:3.429074e-02	D:1.987361e-01	S:TRUE	S:FALSE	S:TRUE	S:FALSE	S:TRUE	S:FALSE	S:FALSE	N:	N:	N:	N:
S:Rgag4	S:RGAG4	S: 6	D:0.6275575	D:2.849046e-08	D:1.177038e-06	S: 3.137603e-01	D:2.958854e-03	D:2.869587e-02	D:0.3137972	D:3.433253e-02	D:1.987361e-01	S:TRUE	S:TRUE	S:TRUE	S:FALSE	S:TRUE	S:FALSE	S:FALSE	N:	N:	N:	N:
S:Id1	S:ID1	S: 6	D:0.5812181	D:4.297806e-04	D:2.741700e-03	S: 1.008210e-01	D:5.228826e-01	D:7.865894e-01	D:0.4803970	D:3.438560e-02	D:1.989043e-01	S:TRUE	S:FALSE	S:TRUE	S:FALSE	S:TRUE	S:FALSE	S:FALSE	N:	N:	N:	N:
S:Stk25	S:STK25	S: 6	D:0.3732232	D:8.497970e-04	D:4.647262e-03	S: 4.435375e-02	D:6.833728e-01	D:8.810148e-01	D:0.3288695	D:3.443235e-02	D:1.989208e-01	S:TRUE	S:FALSE	S:TRUE	S:FALSE	S:TRUE	S:FALSE	S:FALSE	N:	N:	N:	N:
S:Orf61	S:ORF61	S: 6	D:0.7918659	D:5.201954e-03	D:1.863686e-02	D:-6.807627e-02	D:8.148386e-01	D:9.356704e-01	D:0.8599422	D:3.446845e-02	D:1.989208e-01	S:TRUE	S:FALSE	S:TRUE	S:FALSE	S:TRUE	S:FALSE	S:FALSE	N:	N:	N:	N:
S:Pfdn2	S:PFDN2	S: 6	D:0.3038701	D:1.240411e-04	D:1.039094e-03	S: 7.251007e-02	D:3.465966e-01	D:6.482165e-01	D:0.2313600	D:3.456380e-02	D:1.990224e-01	S:TRUE	S:FALSE	S:TRUE	S:FALSE	S:TRUE	S:FALSE	S:FALSE	N:	N:	N:	N:
S:Dnajc4	S:DNAJC4	S: 6	D:0.6219120	D:1.656240e-02	D:4.462986e-02	D:-1.471926e-01	D:5.617414e-01	D:8.129067e-01	D:0.7691046	D:3.471615e-02	D:1.991479e-01	S:TRUE	S:FALSE	S:TRUE	S:FALSE	S:TRUE	S:FALSE	S:FALSE	N:	N:	N:	N:
S:Ptbp1	S:PTBP1	S: 6	D:0.5404942	D:5.173428e-04	D:3.159338e-03	S: 8.316216e-02	D:5.847189e-01	D:8.247996e-01	D:0.4573321	D:3.480329e-02	D:1.992922e-01	S:TRUE	S:FALSE	S:TRUE	S:FALSE	S:TRUE	S:FALSE	S:FALSE	N:	N:	N:	N:
S:Dhx8	S:DHX8	S: 6	D:0.3088590	D:6.677274e-05	D:6.384684e-04	S: 8.349832e-02	D:2.670985e-01	D:5.652372e-01	D:0.2253607	D:3.482473e-02	D:1.992922e-01	S:TRUE	S:FALSE	S:TRUE	S:FALSE	S:TRUE	S:FALSE	S:FALSE	N:	N:	N:	N:
S:Atoh8	S:ATOH8	S: 6	D:2.0811599	D:1.588470e-04	D:1.265592e-03	S: 4.949155e-01	D:3.428848e-01	D:6.441303e-01	D:1.5862444	D:3.493336e-02	D:1.994935e-01	S:TRUE	S:FALSE	S:TRUE	S:FALSE	S:TRUE	S:FALSE	S:FALSE	N:	N:	N:	N:
S:Fuca1	S:FUCA1	S: 6	D:0.3361498	D:8.626579e-03	D:2.751770e-02	D:-4.204792e-02	D:7.366416e-01	D:9.025477e-01	D:0.3781977	D:3.495366e-02	D:1.994935e-01	S:TRUE	S:FALSE	S:TRUE	S:FALSE	S:TRUE	S:FALSE	S:FALSE	N:	N:	N:	N:
S:Wnt5b	S:WNT5B	S: 6	D:0.8114911	D:6.462046e-03	D:2.212158e-02	D:-7.594852e-02	D:7.976679e-01	D:9.311282e-01	D:0.8874397	D:3.501969e-02	D:1.995316e-01	S:TRUE	S:FALSE	S:TRUE	S:FALSE	S:TRUE	S:FALSE	S:FALSE	N:	N:	N:	N:
S:Arhgef2	S:ARHGEF2	S: 6	D:0.2237200	D:8.480014e-03	D:2.716665e-02	D:-2.801999e-02	D:7.373130e-01	D:9.029455e-01	D:0.2517400	D:3.507193e-02	D:1.995316e-01	S:TRUE	S:FALSE	S:TRUE	S:FALSE	S:TRUE	S:FALSE	S:FALSE	N:	N:	N:	N:
S:D4ertd22e	S:D4ERTD22E	S: 6	D:0.4387809	D:1.810391e-04	D:1.397507e-03	S: 9.709617e-02	D:3.958292e-01	D:6.952710e-01	D:0.3416847	D:3.542407e-02	D:2.000579e-01	S:TRUE	S:FALSE	S:TRUE	S:FALSE	S:TRUE	S:FALSE	S:FALSE	N:	N:	N:	N:
S:Ankzf1	S:ANKZF1	S: 6	D:0.3116842	D:1.314648e-03	D:6.484219e-03	S: 2.653730e-02	D:7.802654e-01	D:9.250137e-01	D:0.2851469	D:3.544234e-02	D:2.000579e-01	S:TRUE	S:FALSE	S:TRUE	S:FALSE	S:TRUE	S:FALSE	S:FALSE	N:	N:	N:	N:
S:Arpc1a	S:ARPC1A	S: 6	D:0.3228171	D:8.033253e-03	D:2.612103e-02	D:-3.736826e-02	D:7.552661e-01	D:9.119225e-01	D:0.3601854	D:3.545758e-02	D:2.000579e-01	S:TRUE	S:FALSE	S:TRUE	S:FALSE	S:TRUE	S:FALSE	S:FALSE	N:	N:	N:	N:
S:Pde2a	S:PDE2A	S: 6	D:0.5105495	D:5.469334e-04	D:3.300719e-03	S: 7.991128e-02	D:5.773625e-01	D:8.217081e-01	D:0.4306382	D:3.556160e-02	D:2.002214e-01	S:TRUE	S:FALSE	S:TRUE	S:FALSE	S:TRUE	S:FALSE	S:FALSE	N:	N:	N:	N:
S:Cobra1	S:COBRA1	S: 6	D:0.3525194	D:1.671380e-02	D:4.492284e-02	D:-8.727796e-02	D:5.543381e-01	D:8.067230e-01	D:0.4397973	D:3.562520e-02	D:2.003629e-01	S:TRUE	S:FALSE	S:TRUE	S:FALSE	S:TRUE	S:FALSE	S:FALSE	N:	N:	N:	N:
S:Dynlrb1	S:DYNLRB1	S: 6	D:0.3306824	D:2.440768e-04	D:1.765489e-03	S: 6.842574e-02	D:4.349457e-01	D:7.276146e-01	D:0.2622566	D:3.564157e-02	D:2.003828e-01	S:TRUE	S:FALSE	S:TRUE	S:FALSE	S:TRUE	S:FALSE	S:FALSE	N:	N:	N:	N:
S:Atp13a1	S:ATP13A1	S: 6	D:0.5716533	D:9.064954e-03	D:2.856612e-02	D:-9.056411e-02	D:6.881435e-01	D:8.826134e-01	D:0.6622174	D:3.572852e-02	D:2.005243e-01	S:TRUE	S:FALSE	S:TRUE	S:FALSE	S:TRUE	S:FALSE	S:FALSE	N:	N:	N:	N:
S:Psmd4	S:PSMD4	S: 6	D:0.4841464	D:5.812874e-03	D:2.030412e-02	D:-3.811960e-02	D:8.281643e-01	D:9.391543e-01	D:0.5222660	D:3.573090e-02	D:2.005243e-01	S:TRUE	S:FALSE	S:TRUE	S:FALSE	S:TRUE	S:FALSE	S:FALSE	N:	N:	N:	N:
S:Mafg	S:MAFG	S: 6	D:0.7417965	D:3.351606e-10	D:2.975312e-08	S: 4.230145e-01	D:1.260654e-04	D:2.700415e-03	D:0.3187820	D:3.580264e-02	D:2.006184e-01	S:TRUE	S:TRUE	S:TRUE	S:FALSE	S:TRUE	S:TRUE	S:TRUE	N:	N:	N:	N:
S:1600027n09rik	S:1600027N09RIK	S: 6	D:0.4018477	D:7.251875e-06	D:1.080108e-04	S: 1.430114e-01	D:1.043729e-01	D:3.256885e-01	D:0.2588363	D:3.581588e-02	D:2.006184e-01	S:TRUE	S:FALSE	S:TRUE	S:FALSE	S:TRUE	S:FALSE	S:FALSE	N:	N:	N:	N:
S:Phb	S:PHB	S: 6	D:0.6902717	D:6.228513e-05	D:6.044365e-04	S: 1.857633e-01	D:2.780906e-01	D:5.773937e-01	D:0.5045084	D:3.582472e-02	D:2.006184e-01	S:TRUE	S:FALSE	S:TRUE	S:FALSE	S:TRUE	S:FALSE	S:FALSE	N:	N:	N:	N:
S:Cbx7	S:CBX7	S: 6	D:0.4173001	D:1.204463e-02	D:3.525389e-02	D:-6.840724e-02	D:6.698028e-01	D:8.736120e-01	D:0.4857074	D:3.600786e-02	D:2.010854e-01	S:TRUE	S:FALSE	S:TRUE	S:FALSE	S:TRUE	S:FALSE	S:FALSE	N:	N:	N:	N:
S:5133401n09rik	S:5133401N09RIK	S: 6	D:0.6269979	D:3.252243e-08	D:1.292953e-06	S: 3.143754e-01	D:3.116623e-03	D:2.974770e-02	D:0.3126225	D:3.603680e-02	D:2.010854e-01	S:TRUE	S:TRUE	S:TRUE	S:FALSE	S:TRUE	S:FALSE	S:FALSE	N:	N:	N:	N:
S:Cuta	S:CUTA	S: 6	D:0.7297133	D:3.773622e-05	D:4.038293e-04	S: 2.072755e-01	D:2.487639e-01	D:5.452320e-01	D:0.5224378	D:3.611105e-02	D:2.011918e-01	S:TRUE	S:FALSE	S:TRUE	S:FALSE	S:TRUE	S:TRUE	S:TRUE	N:	N:	N:	N:
S:Ppp6r1	S:PPP6R1	S: 6	D:0.7449783	D:7.299142e-07	D:1.652780e-05	S: 3.223898e-01	D:2.409952e-02	D:1.285088e-01	D:0.4225885	D:3.612194e-02	D:2.011918e-01	S:TRUE	S:FALSE	S:TRUE	S:FALSE	S:TRUE	S:TRUE	S:TRUE	N:	N:	N:	N:
S:Adamtsl5	S:ADAMTSL5	S: 6	D:0.5529265	D:1.513593e-02	D:4.191487e-02	D:-9.653751e-02	D:6.459560e-01	D:8.601555e-01	D:0.6494640	D:3.658436e-02	D:2.024058e-01	S:TRUE	S:FALSE	S:TRUE	S:FALSE	S:TRUE	S:FALSE	S:FALSE	N:	N:	N:	N:
S:9930104l06rik	S:9930104L06RIK	S: 6	D:0.2040888	D:4.230510e-03	D:1.588158e-02	D:-5.164867e-03	D:9.413094e-01	D:9.828267e-01	D:0.2092537	D:3.661749e-02	D:2.025174e-01	S:TRUE	S:FALSE	S:TRUE	S:FALSE	S:TRUE	S:FALSE	S:FALSE	N:	N:	N:	N:
S:Palld	S:PALLD	S: 6	D:0.7131725	D:3.629191e-03	D:1.412618e-02	D:-1.460931e-03	D:9.951089e-01	D:9.981755e-01	D:0.7146335	D:3.663821e-02	D:2.025603e-01	S:TRUE	S:FALSE	S:TRUE	S:FALSE	S:TRUE	S:FALSE	S:FALSE	N:	N:	N:	N:
S:Cd81	S:CD81	S: 6	D:0.2945092	D:1.656481e-02	D:4.462986e-02	D:-6.713914e-02	D:5.798923e-01	D:8.223524e-01	D:0.3616484	D:3.687083e-02	D:2.032709e-01	S:TRUE	S:FALSE	S:TRUE	S:FALSE	S:TRUE	S:FALSE	S:FALSE	N:	N:	N:	N:
S:Thrsp	S:THRSP	S: 6	D:0.5486884	D:6.024434e-03	D:2.088898e-02	D:-2.974066e-02	D:8.768712e-01	D:9.594518e-01	D:0.5784290	D:3.703510e-02	D:2.033252e-01	S:TRUE	S:FALSE	S:TRUE	S:FALSE	S:TRUE	S:FALSE	S:FALSE	N:	N:	N:	N:
S:Atp9a	S:ATP9A	S: 6	D:0.4740467	D:1.638211e-02	D:4.429805e-02	D:-1.058222e-01	D:5.868480e-01	D:8.265530e-01	D:0.5798689	D:3.719332e-02	D:2.035241e-01	S:TRUE	S:FALSE	S:TRUE	S:FALSE	S:TRUE	S:FALSE	S:FALSE	N:	N:	N:	N:
S:Acd	S:ACD	S: 6	D:0.6290063	D:4.487803e-03	D:1.664706e-02	D:-3.075825e-02	D:8.918087e-01	D:9.656624e-01	D:0.6597646	D:3.727503e-02	D:2.035241e-01	S:TRUE	S:FALSE	S:TRUE	S:FALSE	S:TRUE	S:FALSE	S:FALSE	N:	N:	N:	N:
S:Hdac5	S:HDAC5	S: 6	D:0.9562495	D:2.627024e-04	D:1.865665e-03	S: 1.966365e-01	D:4.448730e-01	D:7.357696e-01	D:0.7596130	D:3.727927e-02	D:2.035241e-01	S:TRUE	S:FALSE	S:TRUE	S:FALSE	S:TRUE	S:TRUE	S:TRUE	N:	N:	N:	N:
S:Nfkb1	S:NFKB1	S: 6	D:0.3146932	D:1.091374e-03	D:5.676306e-03	S: 3.444295e-02	D:7.156245e-01	D:8.936869e-01	D:0.2802502	D:3.733125e-02	D:2.037246e-01	S:TRUE	S:FALSE	S:TRUE	S:FALSE	S:TRUE	S:FALSE	S:FALSE	N:	N:	N:	N:
S:Epha10	S:EPHA10	S: 6	D:0.9812288	D:1.224140e-07	D:3.871651e-06	S: 4.704140e-01	D:7.032086e-03	D:5.317972e-02	D:0.5108148	D:3.751081e-02	D:2.044109e-01	S:TRUE	S:FALSE	S:TRUE	S:FALSE	S:TRUE	S:FALSE	S:FALSE	N:	N:	N:	N:
S:Nfkbid	S:NFKBID	S: 6	D:1.0614029	D:8.610973e-06	D:1.248032e-04	S: 3.669259e-01	D:1.291218e-01	D:3.708518e-01	D:0.6944770	D:3.753551e-02	D:2.044109e-01	S:TRUE	S:FALSE	S:TRUE	S:FALSE	S:TRUE	S:FALSE	S:FALSE	N:	N:	N:	N:
S:Thop1	S:THOP1	S: 6	D:0.9437809	D:3.508164e-03	D:1.376137e-02	D:-3.375530e-02	D:9.211157e-01	D:9.759046e-01	D:0.9775362	D:3.761096e-02	D:2.044518e-01	S:TRUE	S:FALSE	S:TRUE	S:FALSE	S:TRUE	S:TRUE	S:TRUE	N:	N:	N:	N:
S:Map2k2	S:MAP2K2	S: 6	D:0.7047603	D:3.895449e-03	D:1.492825e-02	D:-2.504708e-02	D:9.208738e-01	D:9.758365e-01	D:0.7298074	D:3.774672e-02	D:2.044518e-01	S:TRUE	S:FALSE	S:TRUE	S:FALSE	S:TRUE	S:TRUE	S:TRUE	N:	N:	N:	N:
S:Fgd1	S:FGD1	S: 6	D:0.5183062	D:4.495472e-03	D:1.667155e-02	D:-1.358604e-02	D:9.396406e-01	D:9.822658e-01	D:0.5318922	D:3.776382e-02	D:2.044518e-01	S:TRUE	S:FALSE	S:TRUE	S:FALSE	S:TRUE	S:FALSE	S:FALSE	N:	N:	N:	N:
S:Myl6	S:MYL6	S: 6	D:0.4959005	D:8.657822e-03	D:2.758919e-02	D:-5.827414e-02	D:7.562462e-01	D:9.124713e-01	D:0.5541747	D:3.785329e-02	D:2.044518e-01	S:TRUE	S:FALSE	S:TRUE	S:FALSE	S:TRUE	S:FALSE	S:FALSE	N:	N:	N:	N:
S:Lztr1	S:LZTR1	S: 6	D:0.3601036	D:5.544565e-03	D:1.960360e-02	D:-1.804981e-02	D:8.873642e-01	D:9.648248e-01	D:0.3781534	D:3.785708e-02	D:2.044518e-01	S:TRUE	S:FALSE	S:TRUE	S:FALSE	S:TRUE	S:FALSE	S:FALSE	N:	N:	N:	N:
S:Acrbp	S:ACRBP	S: 6	D:1.2981701	D:3.065870e-09	D:1.885872e-07	S: 7.031714e-01	D:7.177461e-04	D:9.994711e-03	D:0.5949988	D:3.798175e-02	D:2.046976e-01	S:TRUE	S:TRUE	S:TRUE	S:FALSE	S:TRUE	S:FALSE	S:FALSE	N:	N:	N:	N:
S:2310003h01rik	S:2310003H01RIK	S: 6	D:1.6620728	D:1.227901e-05	D:1.662455e-04	S: 5.946466e-01	D:9.911692e-02	D:3.169960e-01	D:1.0674262	D:3.798884e-02	D:2.046976e-01	S:TRUE	S:FALSE	S:TRUE	S:FALSE	S:TRUE	S:FALSE	S:FALSE	N:	N:	N:	N:
S:Arpc3	S:ARPC3	S: 6	D:0.4679758	D:1.080482e-03	D:5.630906e-03	S: 5.409521e-02	D:6.988310e-01	D:8.869355e-01	D:0.4138805	D:3.801647e-02	D:2.046976e-01	S:TRUE	S:FALSE	S:TRUE	S:FALSE	S:TRUE	S:FALSE	S:FALSE	N:	N:	N:	N:
S:E4f1	S:E4F1	S: 6	D:1.1622197	D:2.463537e-04	D:1.774564e-03	S: 2.354138e-01	D:4.606898e-01	D:7.457333e-01	D:0.9268059	D:3.804279e-02	D:2.046976e-01	S:TRUE	S:FALSE	S:TRUE	S:FALSE	S:TRUE	S:FALSE	S:FALSE	N:	N:	N:	N:
S:Prrt1	S:PRRT1	S: 6	D:0.5925571	D:1.310130e-09	D:9.307700e-08	S: 3.290494e-01	D:3.590534e-04	D:6.019183e-03	D:0.2635077	D:3.805050e-02	D:2.046976e-01	S:TRUE	S:TRUE	S:TRUE	S:FALSE	S:TRUE	S:FALSE	S:FALSE	N:	N:	N:	N:
S:Eral1	S:ERAL1	S: 6	D:0.3417768	D:2.092745e-03	D:9.284687e-03	S: 1.448245e-02	D:8.974504e-01	D:9.674186e-01	D:0.3272944	D:3.814598e-02	D:2.047508e-01	S:TRUE	S:FALSE	S:TRUE	S:FALSE	S:TRUE	S:FALSE	S:FALSE	N:	N:	N:	N:
S:Ciapin1	S:CIAPIN1	S: 6	D:0.3382760	D:5.732751e-06	D:8.956850e-05	S: 1.286781e-01	D:7.140565e-02	D:2.588496e-01	D:0.2095979	D:3.816143e-02	D:2.047508e-01	S:TRUE	S:FALSE	S:TRUE	S:FALSE	S:TRUE	S:TRUE	S:TRUE	N:	N:	N:	N:
S:Zfpl1	S:ZFPL1	S: 6	D:0.6785273	D:1.072901e-02	D:3.237671e-02	D:-1.148203e-01	D:6.750724e-01	D:8.768981e-01	D:0.7933475	D:3.823944e-02	D:2.048803e-01	S:TRUE	S:FALSE	S:TRUE	S:FALSE	S:TRUE	S:FALSE	S:FALSE	N:	N:	N:	N:
S:Dpysl5	S:DPYSL5	S: 6	D:0.3458574	D:7.977109e-03	D:2.599799e-02	D:-3.613780e-02	D:7.815162e-01	D:9.259620e-01	D:0.3819952	D:3.859545e-02	D:2.049146e-01	S:TRUE	S:FALSE	S:TRUE	S:FALSE	S:TRUE	S:FALSE	S:FALSE	N:	N:	N:	N:
S:Eftud2	S:EFTUD2	S: 6	D:0.2706190	D:1.241409e-02	D:3.607174e-02	D:-4.538614e-02	D:6.721675e-01	D:8.747988e-01	D:0.3160051	D:3.862914e-02	D:2.049146e-01	S:TRUE	S:FALSE	S:TRUE	S:FALSE	S:TRUE	S:FALSE	S:FALSE	N:	N:	N:	N:
S:Ahsa1	S:AHSA1	S: 6	D:0.4162207	D:1.486099e-09	D:1.041202e-07	S: 2.316139e-01	D:3.401608e-04	D:5.792989e-03	D:0.1846068	D:3.872451e-02	D:2.049146e-01	S:TRUE	S:TRUE	S:TRUE	S:FALSE	S:TRUE	S:TRUE	S:TRUE	N:	N:	N:	N:
S:Rnpepl1	S:RNPEPL1	S: 6	D:0.7524394	D:7.458063e-03	D:2.472412e-02	D:-9.605045e-02	D:7.471913e-01	D:9.086006e-01	D:0.8484899	D:3.880852e-02	D:2.049146e-01	S:TRUE	S:FALSE	S:TRUE	S:FALSE	S:TRUE	S:FALSE	S:FALSE	N:	N:	N:	N:
S:Aip	S:AIP	S: 6	D:0.6703999	D:8.970070e-03	D:2.834143e-02	D:-9.441050e-02	D:7.224254e-01	D:8.955942e-01	D:0.7648104	D:3.888548e-02	D:2.051137e-01	S:TRUE	S:FALSE	S:TRUE	S:FALSE	S:TRUE	S:FALSE	S:FALSE	N:	N:	N:	N:
S:Exosc7	S:EXOSC7	S: 6	D:0.3028546	D:1.149109e-03	D:5.894721e-03	S: 3.513477e-02	D:6.988303e-01	D:8.869355e-01	D:0.2677198	D:3.898468e-02	D:2.051724e-01	S:TRUE	S:FALSE	S:TRUE	S:FALSE	S:TRUE	S:FALSE	S:FALSE	N:	N:	N:	N:
S:Narfl	S:NARFL	S: 6	D:0.5143961	D:8.051007e-03	D:2.617331e-02	D:-5.984993e-02	D:7.630298e-01	D:9.156357e-01	D:0.5742460	D:3.902322e-02	D:2.051724e-01	S:TRUE	S:FALSE	S:TRUE	S:FALSE	S:TRUE	S:FALSE	S:FALSE	N:	N:	N:	N:
S:Ccdc97	S:CCDC97	S: 6	D:0.6919821	D:7.686896e-05	D:7.140313e-04	S: 1.898539e-01	D:2.722071e-01	D:5.707737e-01	D:0.5021282	D:3.906702e-02	D:2.051724e-01	S:TRUE	S:FALSE	S:TRUE	S:FALSE	S:TRUE	S:FALSE	S:FALSE	N:	N:	N:	N:
S:Clec18a	S:CLEC18A	S: 6	D:0.6834121	D:8.297748e-03	D:2.675279e-02	D:-8.834749e-02	D:7.424772e-01	D:9.055787e-01	D:0.7717596	D:3.912189e-02	D:2.051724e-01	S:TRUE	S:FALSE	S:TRUE	S:FALSE	S:TRUE	S:FALSE	S:FALSE	N:	N:	N:	N:
S:Hsf1	S:HSF1	S: 6	D:1.0733102	D:5.649780e-06	D:8.862668e-05	S: 4.038233e-01	D:8.157537e-02	D:2.818517e-01	D:0.6694868	D:3.915264e-02	D:2.051724e-01	S:TRUE	S:FALSE	S:TRUE	S:FALSE	S:TRUE	S:TRUE	S:TRUE	N:	N:	N:	N:
S:Pdlim7	S:PDLIM7	S: 6	D:1.0967646	D:5.322199e-05	D:5.310686e-04	S: 3.166603e-01	D:2.407644e-01	D:5.341811e-01	D:0.7801043	D:3.916276e-02	D:2.051724e-01	S:TRUE	S:FALSE	S:TRUE	S:FALSE	S:TRUE	S:FALSE	S:FALSE	N:	N:	N:	N:
S:Tie1	S:TIE1	S: 6	D:0.5714199	D:4.464148e-03	D:1.657112e-02	D:-2.732669e-02	D:8.961324e-01	D:9.669841e-01	D:0.5987465	D:3.927834e-02	D:2.054519e-01	S:TRUE	S:FALSE	S:TRUE	S:FALSE	S:TRUE	S:FALSE	S:FALSE	N:	N:	N:	N:
S:Cnot3	S:CNOT3	S: 6	D:0.6000472	D:2.329291e-06	D:4.253463e-05	S: 2.447808e-01	D:4.587338e-02	D:1.954529e-01	D:0.3552664	D:3.930373e-02	D:2.054587e-01	S:TRUE	S:FALSE	S:TRUE	S:FALSE	S:TRUE	S:FALSE	S:FALSE	N:	N:	N:	N:
S:Anks6	S:ANKS6	S: 6	D:0.9818204	D:2.187449e-04	D:1.611348e-03	S: 2.009764e-01	D:4.632768e-01	D:7.474428e-01	D:0.7808440	D:3.939515e-02	D:2.055491e-01	S:TRUE	S:FALSE	S:TRUE	S:FALSE	S:TRUE	S:FALSE	S:FALSE	N:	N:	N:	N:
S:Car11	S:CAR11	S: 6	D:0.5389768	D:3.080981e-03	D:1.250643e-02	S: 6.879242e-03	D:9.700628e-01	D:9.908872e-01	D:0.5320975	D:3.942849e-02	D:2.055491e-01	S:TRUE	S:FALSE	S:TRUE	S:FALSE	S:TRUE	S:FALSE	S:FALSE	N:	N:	N:	N:
S:Tns1	S:TNS1	S: 6	D:0.5219641	D:3.390289e-04	D:2.271436e-03	S: 1.091434e-01	D:4.348823e-01	D:7.276146e-01	D:0.4128207	D:3.945764e-02	D:2.056188e-01	S:TRUE	S:FALSE	S:TRUE	S:FALSE	S:TRUE	S:FALSE	S:FALSE	N:	N:	N:	N:
S:Slc35a2	S:SLC35A2	S: 6	D:0.3514646	D:2.234187e-03	D:9.761398e-03	S: 1.776502e-02	D:8.767623e-01	D:9.594310e-01	D:0.3336996	D:3.954971e-02	D:2.057039e-01	S:TRUE	S:FALSE	S:TRUE	S:FALSE	S:TRUE	S:TRUE	S:TRUE	N:	N:	N:	N:
S:Depdc7	S:DEPDC7	S: 6	D:0.8728987	D:5.121523e-04	D:3.136757e-03	S: 2.015568e-01	D:3.427526e-01	D:6.440369e-01	D:0.6713420	D:3.965933e-02	D:2.059882e-01	S:TRUE	S:FALSE	S:TRUE	S:FALSE	S:TRUE	S:FALSE	S:FALSE	N:	N:	N:	N:
S:Znrd1	S:ZNRD1	S: 6	D:0.5185018	D:7.268093e-04	D:4.103964e-03	S: 7.510405e-02	D:6.231320e-01	D:8.496613e-01	D:0.4433977	D:3.979329e-02	D:2.061440e-01	S:TRUE	S:FALSE	S:TRUE	S:FALSE	S:TRUE	S:FALSE	S:FALSE	N:	N:	N:	N:
S:Gys1	S:GYS1	S: 6	D:0.4820638	D:1.676498e-04	D:1.318912e-03	S: 1.180207e-01	D:3.437436e-01	D:6.450457e-01	D:0.3640431	D:3.986595e-02	D:2.063152e-01	S:TRUE	S:FALSE	S:TRUE	S:FALSE	S:TRUE	S:FALSE	S:FALSE	N:	N:	N:	N:
S:Ift27	S:IFT27	S: 6	D:0.4695211	D:3.756563e-03	D:1.450273e-02	D:-6.556697e-03	D:9.684109e-01	D:9.904905e-01	D:0.4760778	D:3.994069e-02	D:2.063850e-01	S:TRUE	S:FALSE	S:TRUE	S:FALSE	S:TRUE	S:FALSE	S:FALSE	N:	N:	N:	N:
S:Furin	S:FURIN	S: 6	D:1.0259561	D:2.525982e-05	D:2.962908e-04	S: 3.332311e-01	D:1.659222e-01	D:4.310556e-01	D:0.6927250	D:3.998934e-02	D:2.063850e-01	S:TRUE	S:FALSE	S:TRUE	S:FALSE	S:TRUE	S:FALSE	S:FALSE	N:	N:	N:	N:
S:Paxip1	S:PAXIP1	S: 6	D:0.2448981	D:4.529174e-04	D:2.847638e-03	S: 4.511250e-02	D:5.103926e-01	D:7.787959e-01	D:0.1997856	D:4.000035e-02	D:2.063850e-01	S:TRUE	S:FALSE	S:TRUE	S:FALSE	S:TRUE	S:FALSE	S:FALSE	N:	N:	N:	N:
S:Lsm7	S:LSM7	S: 6	D:0.5480914	D:1.750705e-02	D:4.644775e-02	D:-1.360982e-01	D:5.687079e-01	D:8.169994e-01	D:0.6841896	D:4.002626e-02	D:2.063850e-01	S:TRUE	S:FALSE	S:TRUE	S:FALSE	S:TRUE	S:FALSE	S:FALSE	N:	N:	N:	N:
S:Abcf1	S:ABCF1	S: 6	D:0.4974795	D:7.206103e-05	D:6.790600e-04	S: 1.428001e-01	D:2.411036e-01	D:5.344783e-01	D:0.3546795	D:4.004117e-02	D:2.063850e-01	S:TRUE	S:FALSE	S:TRUE	S:FALSE	S:TRUE	S:TRUE	S:TRUE	N:	N:	N:	N:
S:1810006k21rik	S:1810006K21RIK	S: 6	D:0.3960199	D:1.080896e-02	D:3.254156e-02	D:-5.513255e-02	D:7.214407e-01	D:8.950838e-01	D:0.4511524	D:4.005393e-02	D:2.063850e-01	S:TRUE	S:FALSE	S:TRUE	S:FALSE	S:TRUE	S:FALSE	S:FALSE	N:	N:	N:	N:
S:Iqce	S:IQCE	S: 6	D:0.5384389	D:1.316727e-03	D:6.491809e-03	S: 5.657148e-02	D:7.320469e-01	D:9.007895e-01	D:0.4818674	D:4.007758e-02	D:2.063850e-01	S:TRUE	S:FALSE	S:TRUE	S:FALSE	S:TRUE	S:FALSE	S:FALSE	N:	N:	N:	N:
S:Ndufa8	S:NDUFA8	S: 6	D:0.7346972	D:3.291826e-03	D:1.312362e-02	S: 9.284147e-05	D:9.997108e-01	D:9.999028e-01	D:0.7346044	D:4.014370e-02	D:2.063944e-01	S:TRUE	S:FALSE	S:TRUE	S:FALSE	S:TRUE	S:TRUE	S:TRUE	N:	N:	N:	N:
S:Daam2	S:DAAM2	S: 6	D:0.6113200	D:9.128643e-06	D:1.307295e-04	S: 2.286397e-01	D:8.121572e-02	D:2.813728e-01	D:0.3826802	D:4.017974e-02	D:2.063944e-01	S:TRUE	S:FALSE	S:TRUE	S:FALSE	S:TRUE	S:FALSE	S:FALSE	N:	N:	N:	N:
S:Pfkfb4	S:PFKFB4	S: 6	D:0.6024519	D:2.704831e-03	D:1.132984e-02	S: 2.458176e-02	D:9.011933e-01	D:9.688180e-01	D:0.5778702	D:4.029663e-02	D:2.065744e-01	S:TRUE	S:FALSE	S:TRUE	S:FALSE	S:TRUE	S:FALSE	S:FALSE	N:	N:	N:	N:
S:Smpd4	S:SMPD4	S: 6	D:0.6288728	D:4.216047e-07	D:1.050583e-05	S: 2.878846e-01	D:1.499113e-02	D:9.246802e-02	D:0.3409882	D:4.034327e-02	D:2.065870e-01	S:TRUE	S:FALSE	S:TRUE	S:FALSE	S:TRUE	S:FALSE	S:FALSE	N:	N:	N:	N:
S:Dtymk	S:DTYMK	S: 6	D:0.3732976	D:6.157083e-07	D:1.448769e-05	S: 1.677103e-01	D:1.855897e-02	D:1.070378e-01	D:0.2055873	D:4.036804e-02	D:2.065870e-01	S:TRUE	S:FALSE	S:TRUE	S:FALSE	S:TRUE	S:FALSE	S:FALSE	N:	N:	N:	N:
S:Atf6b	S:ATF6B	S: 6	D:0.6212910	D:6.841646e-04	D:3.935710e-03	S: 9.090548e-02	D:6.222173e-01	D:8.488189e-01	D:0.5303855	D:4.038781e-02	D:2.066192e-01	S:TRUE	S:FALSE	S:TRUE	S:FALSE	S:TRUE	S:TRUE	S:TRUE	N:	N:	N:	N:
S:Edc4	S:EDC4	S: 6	D:0.5824846	D:5.000120e-03	D:1.809214e-02	D:-1.944683e-02	D:9.253336e-01	D:9.770864e-01	D:0.6019314	D:4.040077e-02	D:2.066192e-01	S:TRUE	S:FALSE	S:TRUE	S:FALSE	S:TRUE	S:FALSE	S:FALSE	N:	N:	N:	N:
S:Mfap4	S:MFAP4	S: 6	D:0.7412492	D:1.604027e-02	D:4.363971e-02	D:-1.691295e-01	D:5.952468e-01	D:8.319291e-01	D:0.9103787	D:4.046814e-02	D:2.067217e-01	S:TRUE	S:FALSE	S:TRUE	S:FALSE	S:TRUE	S:FALSE	S:FALSE	N:	N:	N:	N:
S:Fkbp8	S:FKBP8	S: 6	D:0.6247098	D:1.211819e-02	D:3.544929e-02	D:-9.844081e-02	D:6.924072e-01	D:8.844155e-01	D:0.7231506	D:4.047796e-02	D:2.067217e-01	S:TRUE	S:FALSE	S:TRUE	S:FALSE	S:TRUE	S:FALSE	S:FALSE	N:	N:	N:	N:
S:Rnf215	S:RNF215	S: 6	D:0.5170734	D:2.081393e-03	D:9.246427e-03	S: 2.403212e-02	D:8.894164e-01	D:9.655320e-01	D:0.4930412	D:4.058527e-02	D:2.067842e-01	S:TRUE	S:FALSE	S:TRUE	S:FALSE	S:TRUE	S:FALSE	S:FALSE	N:	N:	N:	N:
S:Ergic3	S:ERGIC3	S: 6	D:0.5032601	D:1.396131e-02	D:3.938104e-02	D:-9.469100e-02	D:6.474152e-01	D:8.611625e-01	D:0.5979511	D:4.059375e-02	D:2.067842e-01	S:TRUE	S:FALSE	S:TRUE	S:FALSE	S:TRUE	S:FALSE	S:FALSE	N:	N:	N:	N:
S:Fxr2	S:FXR2	S: 6	D:0.3589183	D:9.409388e-04	D:5.034051e-03	S: 5.009931e-02	D:6.352642e-01	D:8.550922e-01	D:0.3088190	D:4.062466e-02	D:2.067842e-01	S:TRUE	S:FALSE	S:TRUE	S:FALSE	S:TRUE	S:FALSE	S:FALSE	N:	N:	N:	N:
S:Dalrd3	S:DALRD3	S: 6	D:0.7564551	D:1.612925e-03	D:7.588181e-03	S: 5.063502e-02	D:8.385066e-01	D:9.442718e-01	D:0.7058201	D:4.066461e-02	D:2.067842e-01	S:TRUE	S:FALSE	S:TRUE	S:FALSE	S:TRUE	S:TRUE	S:TRUE	N:	N:	N:	N:
S:Hist1h2be	S:HIST1H2BE	S: 6	D:1.2902558	D:1.088670e-08	D:5.332093e-07	S: 6.920446e-01	D:8.899336e-04	D:1.169235e-02	D:0.5982112	D:4.080499e-02	D:2.071525e-01	S:TRUE	S:TRUE	S:TRUE	S:FALSE	S:TRUE	S:FALSE	S:FALSE	N:	N:	N:	N:
S:Fkbp4	S:FKBP4	S: 6	D:0.6409599	D:2.318691e-05	D:2.769593e-04	S: 2.175984e-01	D:1.359681e-01	D:3.830052e-01	D:0.4233615	D:4.082820e-02	D:2.071525e-01	S:TRUE	S:FALSE	S:TRUE	S:FALSE	S:TRUE	S:TRUE	S:TRUE	N:	N:	N:	N:
S:Mepce	S:MEPCE	S: 6	D:0.5065165	D:6.626860e-03	D:2.258040e-02	D:-3.744751e-02	D:8.430871e-01	D:9.469808e-01	D:0.5439640	D:4.091622e-02	D:2.072545e-01	S:TRUE	S:FALSE	S:TRUE	S:FALSE	S:TRUE	S:FALSE	S:FALSE	N:	N:	N:	N:
S:0610011l14rik	S:0610011L14RIK	S: 6	D:0.3332187	D:2.953602e-03	D:1.215384e-02	S: 1.022533e-02	D:9.269170e-01	D:9.776872e-01	D:0.3229933	D:4.092464e-02	D:2.072545e-01	S:TRUE	S:FALSE	S:TRUE	S:FALSE	S:TRUE	S:FALSE	S:FALSE	N:	N:	N:	N:
S:Timp1	S:TIMP1	S: 6	D:2.3380993	D:1.899944e-04	D:1.448742e-03	S: 5.684493e-01	D:3.508772e-01	D:6.523210e-01	D:1.7696500	D:4.108155e-02	D:2.074910e-01	S:TRUE	S:FALSE	S:TRUE	S:FALSE	S:TRUE	S:FALSE	S:FALSE	N:	N:	N:	N:
S:Sidt2	S:SIDT2	S: 6	D:0.4043795	D:9.196034e-03	D:2.886276e-02	D:-4.289973e-02	D:7.803767e-01	D:9.250137e-01	D:0.4472792	D:4.110930e-02	D:2.074910e-01	S:TRUE	S:FALSE	S:TRUE	S:FALSE	S:TRUE	S:FALSE	S:FALSE	N:	N:	N:	N:
S:Safb2	S:SAFB2	S: 6	D:0.6681189	D:1.610922e-06	D:3.138285e-05	S: 2.877055e-01	D:2.857832e-02	D:1.429772e-01	D:0.3804133	D:4.129742e-02	D:2.077073e-01	S:TRUE	S:FALSE	S:TRUE	S:FALSE	S:TRUE	S:FALSE	S:FALSE	N:	N:	N:	N:
S:Gnb2	S:GNB2	S: 6	D:0.9197822	D:8.483972e-03	D:2.716819e-02	D:-1.018920e-01	D:7.756101e-01	D:9.221089e-01	D:1.0216742	D:4.137243e-02	D:2.077073e-01	S:TRUE	S:FALSE	S:TRUE	S:FALSE	S:TRUE	S:FALSE	S:FALSE	N:	N:	N:	N:
S:Gm15539	S:GM15539	S: 6	D:1.5813705	D:1.644355e-04	D:1.299937e-03	S: 4.414168e-01	D:2.434892e-01	D:5.379350e-01	D:1.1399537	D:4.138131e-02	D:2.077073e-01	S:TRUE	S:FALSE	S:TRUE	S:FALSE	S:TRUE	S:FALSE	S:FALSE	N:	N:	N:	N:
S:Sh3glb2	S:SH3GLB2	S: 6	D:0.6863154	D:1.108873e-02	D:3.317314e-02	D:-9.703839e-02	D:7.210504e-01	D:8.948837e-01	D:0.7833538	D:4.143477e-02	D:2.077490e-01	S:TRUE	S:FALSE	S:TRUE	S:FALSE	S:TRUE	S:FALSE	S:FALSE	N:	N:	N:	N:
S:Rasgef1a	S:RASGEF1A	S: 6	D:0.1928233	D:3.565279e-03	D:1.393650e-02	S: 4.246000e-03	D:9.477076e-01	D:9.843813e-01	D:0.1885773	D:4.155174e-02	D:2.080360e-01	S:TRUE	S:FALSE	S:TRUE	S:FALSE	S:TRUE	S:FALSE	S:FALSE	N:	N:	N:	N:
S:Ppp1r12c	S:PPP1R12C	S: 6	D:0.6341846	D:4.895462e-04	D:3.036391e-03	S: 1.159621e-01	D:5.188238e-01	D:7.839993e-01	D:0.5182225	D:4.155666e-02	D:2.080360e-01	S:TRUE	S:FALSE	S:TRUE	S:FALSE	S:TRUE	S:FALSE	S:FALSE	N:	N:	N:	N:
S:Mib2	S:MIB2	S: 6	D:0.9146694	D:1.944257e-03	D:8.789660e-03	S: 6.735535e-02	D:8.188192e-01	D:9.371644e-01	D:0.8473141	D:4.163650e-02	D:2.080360e-01	S:TRUE	S:FALSE	S:TRUE	S:FALSE	S:TRUE	S:FALSE	S:FALSE	N:	N:	N:	N:
S:Trim28	S:TRIM28	S: 6	D:0.4546130	D:1.185261e-02	D:3.485061e-02	D:-6.558161e-02	D:7.150440e-01	D:8.933767e-01	D:0.5201946	D:4.165024e-02	D:2.080382e-01	S:TRUE	S:FALSE	S:TRUE	S:FALSE	S:TRUE	S:FALSE	S:FALSE	N:	N:	N:	N:
S:Cmklr1	S:CMKLR1	S: 6	D:0.6407631	D:3.147976e-03	D:1.270904e-02	S: 3.807935e-02	D:8.503529e-01	D:9.499318e-01	D:0.6026838	D:4.170717e-02	D:2.080513e-01	S:TRUE	S:FALSE	S:TRUE	S:FALSE	S:TRUE	S:FALSE	S:FALSE	N:	N:	N:	N:
S:Csnk1e	S:CSNK1E	S: 6	D:0.4206367	D:9.950038e-04	D:5.252007e-03	S: 5.810046e-02	D:6.420041e-01	D:8.583054e-01	D:0.3625362	D:4.174050e-02	D:2.080712e-01	S:TRUE	S:FALSE	S:TRUE	S:FALSE	S:TRUE	S:FALSE	S:FALSE	N:	N:	N:	N:
S:Urm1	S:URM1	S: 6	D:0.5258093	D:4.929119e-04	D:3.051142e-03	S: 9.494983e-02	D:5.268419e-01	D:7.897041e-01	D:0.4308594	D:4.175228e-02	D:2.080712e-01	S:TRUE	S:FALSE	S:TRUE	S:FALSE	S:TRUE	S:FALSE	S:FALSE	N:	N:	N:	N:
S:Pnpla2	S:PNPLA2	S: 6	D:0.6666604	D:1.326923e-02	D:3.792179e-02	D:-1.149605e-01	D:6.729095e-01	D:8.752873e-01	D:0.7816209	D:4.178215e-02	D:2.080712e-01	S:TRUE	S:FALSE	S:TRUE	S:FALSE	S:TRUE	S:FALSE	S:FALSE	N:	N:	N:	N:
S:Gpr124	S:GPR124	S: 6	D:0.5903729	D:7.279854e-04	D:4.109120e-03	S: 9.296434e-02	D:5.899525e-01	D:8.288629e-01	D:0.4974086	D:4.184746e-02	D:2.080885e-01	S:TRUE	S:FALSE	S:TRUE	S:FALSE	S:TRUE	S:FALSE	S:FALSE	N:	N:	N:	N:
S:Fbxl6	S:FBXL6	S: 6	D:0.9124197	D:9.674560e-03	D:2.999114e-02	D:-1.399803e-01	D:7.100429e-01	D:8.915833e-01	D:1.0524000	D:4.185660e-02	D:2.080885e-01	S:TRUE	S:FALSE	S:TRUE	S:FALSE	S:TRUE	S:FALSE	S:FALSE	N:	N:	N:	N:
S:Ptov1	S:PTOV1	S: 6	D:0.8893358	D:5.904010e-03	D:2.055811e-02	D:-5.928728e-02	D:8.596758e-01	D:9.537439e-01	D:0.9486231	D:4.189288e-02	D:2.080885e-01	S:TRUE	S:FALSE	S:TRUE	S:FALSE	S:TRUE	S:FALSE	S:FALSE	N:	N:	N:	N:
S:Btbd9	S:BTBD9	S: 6	D:0.4485066	D:4.302621e-05	D:4.499608e-04	S: 1.435020e-01	D:1.730955e-01	D:4.429157e-01	D:0.3050047	D:4.189449e-02	D:2.080885e-01	S:TRUE	S:FALSE	S:TRUE	S:FALSE	S:TRUE	S:FALSE	S:FALSE	N:	N:	N:	N:
S:Oaz1	S:OAZ1	S: 6	D:0.4519240	D:1.077646e-02	D:3.248157e-02	D:-6.038142e-02	D:7.346393e-01	D:9.019458e-01	D:0.5123055	D:4.193977e-02	D:2.081534e-01	S:TRUE	S:FALSE	S:TRUE	S:FALSE	S:TRUE	S:FALSE	S:FALSE	N:	N:	N:	N:
S:Sema4g	S:SEMA4G	S: 6	D:0.5502387	D:4.430878e-03	D:1.649072e-02	D:-3.206985e-03	D:9.866386e-01	D:9.953666e-01	D:0.5534457	D:4.202149e-02	D:2.082948e-01	S:TRUE	S:FALSE	S:TRUE	S:FALSE	S:TRUE	S:FALSE	S:FALSE	N:	N:	N:	N:
S:Imp4	S:IMP4	S: 6	D:0.4542514	D:6.312172e-06	D:9.687758e-05	S: 1.757846e-01	D:7.043560e-02	D:2.567030e-01	D:0.2784668	D:4.206529e-02	D:2.084232e-01	S:TRUE	S:FALSE	S:TRUE	S:FALSE	S:TRUE	S:FALSE	S:FALSE	N:	N:	N:	N:
S:Ssr2	S:SSR2	S: 6	D:0.4530077	D:4.750027e-03	D:1.740897e-02	D:-1.090945e-02	D:9.463704e-01	D:9.840323e-01	D:0.4639171	D:4.211452e-02	D:2.084232e-01	S:TRUE	S:FALSE	S:TRUE	S:FALSE	S:TRUE	S:FALSE	S:FALSE	N:	N:	N:	N:
S:Nploc4	S:NPLOC4	S: 6	D:0.2360995	D:1.788879e-03	D:8.225265e-03	S: 2.169963e-02	D:7.691064e-01	D:9.191748e-01	D:0.2143999	D:4.211903e-02	D:2.084232e-01	S:TRUE	S:FALSE	S:TRUE	S:FALSE	S:TRUE	S:FALSE	S:FALSE	N:	N:	N:	N:
S:Zfp523	S:ZFP523	S: 6	D:0.8782852	D:1.801711e-03	D:8.264806e-03	S: 6.422713e-02	D:8.223475e-01	D:9.377540e-01	D:0.8140581	D:4.213702e-02	D:2.084232e-01	S:TRUE	S:FALSE	S:TRUE	S:FALSE	S:TRUE	S:FALSE	S:FALSE	N:	N:	N:	N:
S:Cln8	S:CLN8	S: 6	D:0.2565947	D:2.947439e-03	D:1.213460e-02	S: 1.106201e-02	D:8.961409e-01	D:9.669841e-01	D:0.2455326	D:4.216967e-02	D:2.084337e-01	S:TRUE	S:FALSE	S:TRUE	S:FALSE	S:TRUE	S:FALSE	S:FALSE	N:	N:	N:	N:
S:Gmppb	S:GMPPB	S: 6	D:0.9982275	D:7.627075e-06	D:1.124630e-04	S: 3.737501e-01	D:8.961842e-02	D:2.984225e-01	D:0.6244774	D:4.222468e-02	D:2.085736e-01	S:TRUE	S:FALSE	S:TRUE	S:FALSE	S:TRUE	S:TRUE	S:TRUE	N:	N:	N:	N:
S:Sbf1	S:SBF1	S: 6	D:0.5780857	D:1.336507e-02	D:3.809812e-02	D:-9.223855e-02	D:6.908996e-01	D:8.836456e-01	D:0.6703242	D:4.229321e-02	D:2.087953e-01	S:TRUE	S:FALSE	S:TRUE	S:FALSE	S:TRUE	S:FALSE	S:FALSE	N:	N:	N:	N:
S:Col7a1	S:COL7A1	S: 6	D:1.2055291	D:2.010358e-03	D:8.999950e-03	S: 8.594830e-02	D:8.259663e-01	D:9.386745e-01	D:1.1195808	D:4.234266e-02	D:2.088922e-01	S:TRUE	S:FALSE	S:TRUE	S:FALSE	S:TRUE	S:FALSE	S:FALSE	N:	N:	N:	N:
S:Rnf123	S:RNF123	S: 6	D:0.4925393	D:1.348821e-02	D:3.835816e-02	D:-8.194333e-02	D:6.818326e-01	D:8.807733e-01	D:0.5744826	D:4.239657e-02	D:2.089617e-01	S:TRUE	S:FALSE	S:TRUE	S:FALSE	S:TRUE	S:FALSE	S:FALSE	N:	N:	N:	N:
S:A2m	S:A2M	S: 6	D:0.9107885	D:4.316725e-04	D:2.747230e-03	S: 2.069453e-01	D:3.786585e-01	D:6.797840e-01	D:0.7038432	D:4.244465e-02	D:2.090653e-01	S:TRUE	S:FALSE	S:TRUE	S:FALSE	S:TRUE	S:FALSE	S:FALSE	N:	N:	N:	N:
S:Triap1	S:TRIAP1	S: 6	D:0.4262264	D:1.918415e-03	D:8.695481e-03	S: 2.971334e-02	D:8.312704e-01	D:9.405472e-01	D:0.3965131	D:4.247806e-02	D:2.091554e-01	S:TRUE	S:FALSE	S:TRUE	S:FALSE	S:TRUE	S:FALSE	S:FALSE	N:	N:	N:	N:
S:Caskin2	S:CASKIN2	S: 6	D:0.7504918	D:1.839702e-02	D:4.807410e-02	D:-1.745345e-01	D:5.906223e-01	D:8.292836e-01	D:0.9250263	D:4.252033e-02	D:2.091743e-01	S:TRUE	S:FALSE	S:TRUE	S:FALSE	S:TRUE	S:FALSE	S:FALSE	N:	N:	N:	N:
S:Mnt	S:MNT	S: 6	D:0.5486180	D:5.925331e-04	D:3.520052e-03	S: 1.027768e-01	D:5.016136e-01	D:7.725958e-01	D:0.4458412	D:4.257900e-02	D:2.092066e-01	S:TRUE	S:FALSE	S:TRUE	S:FALSE	S:TRUE	S:FALSE	S:FALSE	N:	N:	N:	N:
S:Ttc7	S:TTC7	S: 6	D:0.8972364	D:1.387163e-04	D:1.131751e-03	S: 2.247063e-01	D:3.452492e-01	D:6.467059e-01	D:0.6725301	D:4.269040e-02	D:2.094175e-01	S:TRUE	S:FALSE	S:TRUE	S:FALSE	S:TRUE	S:FALSE	S:FALSE	N:	N:	N:	N:
S:Cmtm7	S:CMTM7	S: 6	D:0.8787252	D:7.804772e-03	D:2.556682e-02	D:-7.527508e-02	D:8.219835e-01	D:9.377540e-01	D:0.9540002	D:4.276890e-02	D:2.095432e-01	S:TRUE	S:FALSE	S:TRUE	S:FALSE	S:TRUE	S:FALSE	S:FALSE	N:	N:	N:	N:
S:Cope	S:COPE	S: 6	D:0.8100872	D:2.678767e-03	D:1.125990e-02	S: 3.574454e-02	D:8.951584e-01	D:9.665484e-01	D:0.7743427	D:4.278188e-02	D:2.095432e-01	S:TRUE	S:FALSE	S:TRUE	S:FALSE	S:TRUE	S:FALSE	S:FALSE	N:	N:	N:	N:
S:Grcc10	S:GRCC10	S: 6	D:0.4540808	D:9.381409e-03	D:2.928574e-02	D:-5.480223e-02	D:7.604493e-01	D:9.144086e-01	D:0.5088830	D:4.281937e-02	D:2.095432e-01	S:TRUE	S:FALSE	S:TRUE	S:FALSE	S:TRUE	S:FALSE	S:FALSE	N:	N:	N:	N:
S:Xrcc1	S:XRCC1	S: 6	D:0.7294802	D:1.087022e-02	D:3.268619e-02	D:-9.366004e-02	D:7.442645e-01	D:9.064377e-01	D:0.8231402	D:4.284200e-02	D:2.095432e-01	S:TRUE	S:FALSE	S:TRUE	S:FALSE	S:TRUE	S:FALSE	S:FALSE	N:	N:	N:	N:
S:Fezf2	S:FEZF2	S: 6	D:0.5736507	D:2.795541e-04	D:1.952505e-03	S: 1.320223e-01	D:3.879720e-01	D:6.876712e-01	D:0.4416284	D:4.284904e-02	D:2.095432e-01	S:TRUE	S:FALSE	S:TRUE	S:FALSE	S:TRUE	S:FALSE	S:FALSE	N:	N:	N:	N:
S:Stk10	S:STK10	S: 6	D:0.4960442	D:4.691707e-03	D:1.724376e-02	D:-6.259512e-03	D:9.715087e-01	D:9.913328e-01	D:0.5023037	D:4.287564e-02	D:2.095432e-01	S:TRUE	S:FALSE	S:TRUE	S:FALSE	S:TRUE	S:FALSE	S:FALSE	N:	N:	N:	N:
S:Plekhm1	S:PLEKHM1	S: 6	D:0.7361554	D:1.778325e-04	D:1.380942e-03	S: 1.822148e-01	D:3.474885e-01	D:6.490328e-01	D:0.5539406	D:4.288533e-02	D:2.095432e-01	S:TRUE	S:FALSE	S:TRUE	S:FALSE	S:TRUE	S:FALSE	S:FALSE	N:	N:	N:	N:
S:Cep250	S:CEP250	S: 6	D:0.4213720	D:1.526393e-02	D:4.212748e-02	D:-7.187013e-02	D:6.723722e-01	D:8.748339e-01	D:0.4932421	D:4.293061e-02	D:2.095432e-01	S:TRUE	S:FALSE	S:TRUE	S:FALSE	S:TRUE	S:FALSE	S:FALSE	N:	N:	N:	N:
S:Rhot2	S:RHOT2	S: 6	D:0.9431882	D:7.366184e-06	D:1.094004e-04	S: 3.615740e-01	D:7.667386e-02	D:2.713093e-01	D:0.5816141	D:4.297563e-02	D:2.096045e-01	S:TRUE	S:FALSE	S:TRUE	S:FALSE	S:TRUE	S:TRUE	S:TRUE	N:	N:	N:	N:
S:E2f4	S:E2F4	S: 6	D:0.8012044	D:3.542900e-05	D:3.820171e-04	S: 2.585356e-01	D:1.757168e-01	D:4.457896e-01	D:0.5426689	D:4.301909e-02	D:2.096045e-01	S:TRUE	S:FALSE	S:TRUE	S:FALSE	S:TRUE	S:FALSE	S:FALSE	N:	N:	N:	N:
S:Stk11ip	S:STK11IP	S: 6	D:0.4923452	D:3.038660e-03	D:1.237967e-02	S: 1.358122e-02	D:9.358285e-01	D:9.805113e-01	D:0.4787639	D:4.303985e-02	D:2.096045e-01	S:TRUE	S:FALSE	S:TRUE	S:FALSE	S:TRUE	S:FALSE	S:FALSE	N:	N:	N:	N:
S:Inpp5e	S:INPP5E	S: 6	D:0.2704845	D:1.128799e-02	D:3.364592e-02	D:-3.321826e-02	D:7.523416e-01	D:9.107557e-01	D:0.3037027	D:4.323890e-02	D:2.098407e-01	S:TRUE	S:FALSE	S:TRUE	S:FALSE	S:TRUE	S:FALSE	S:FALSE	N:	N:	N:	N:
S:Psd2	S:PSD2	S: 6	D:0.3962602	D:5.254745e-04	D:3.197059e-03	S: 7.466380e-02	D:5.051022e-01	D:7.754039e-01	D:0.3215964	D:4.325194e-02	D:2.098407e-01	S:TRUE	S:FALSE	S:TRUE	S:FALSE	S:TRUE	S:FALSE	S:FALSE	N:	N:	N:	N:
S:Crybb1	S:CRYBB1	S: 6	D:1.7712745	D:1.679547e-03	D:7.828532e-03	S: 9.476252e-02	D:8.765145e-01	D:9.592787e-01	D:1.6765120	D:4.328643e-02	D:2.098407e-01	S:TRUE	S:FALSE	S:TRUE	S:FALSE	S:TRUE	S:FALSE	S:FALSE	N:	N:	N:	N:
S:Zfp335	S:ZFP335	S: 6	D:0.9266616	D:2.707652e-04	D:1.907320e-03	S: 1.979225e-01	D:4.448874e-01	D:7.357696e-01	D:0.7287391	D:4.329218e-02	D:2.098407e-01	S:TRUE	S:FALSE	S:TRUE	S:FALSE	S:TRUE	S:FALSE	S:FALSE	N:	N:	N:	N:
S:Ppp4c	S:PPP4C	S: 6	D:0.5771641	D:1.583274e-06	D:3.103774e-05	S: 2.450781e-01	D:3.804429e-02	D:1.731491e-01	D:0.3320861	D:4.330377e-02	D:2.098407e-01	S:TRUE	S:FALSE	S:TRUE	S:FALSE	S:TRUE	S:FALSE	S:FALSE	N:	N:	N:	N:
S:Mapk8ip3	S:MAPK8IP3	S: 6	D:0.4833505	D:5.844034e-03	D:2.039017e-02	D:-1.299710e-02	D:9.397826e-01	D:9.823485e-01	D:0.4963476	D:4.346343e-02	D:2.101085e-01	S:TRUE	S:FALSE	S:TRUE	S:FALSE	S:TRUE	S:FALSE	S:FALSE	N:	N:	N:	N:
S:Nob1	S:NOB1	S: 6	D:0.3610216	D:1.250435e-02	D:3.627331e-02	D:-5.621669e-02	D:7.020844e-01	D:8.885610e-01	D:0.4172383	D:4.348716e-02	D:2.101085e-01	S:TRUE	S:FALSE	S:TRUE	S:FALSE	S:TRUE	S:FALSE	S:FALSE	N:	N:	N:	N:
S:Raver1	S:RAVER1	S: 6	D:0.5700226	D:8.446058e-04	D:4.625230e-03	S: 8.641112e-02	D:6.099935e-01	D:8.415652e-01	D:0.4836114	D:4.348758e-02	D:2.101085e-01	S:TRUE	S:FALSE	S:TRUE	S:FALSE	S:TRUE	S:FALSE	S:FALSE	N:	N:	N:	N:
S:Grina	S:GRINA	S: 6	D:0.5558147	D:1.239295e-02	D:3.603040e-02	D:-7.520006e-02	D:7.310659e-01	D:9.004472e-01	D:0.6310147	D:4.351616e-02	D:2.101085e-01	S:TRUE	S:FALSE	S:TRUE	S:FALSE	S:TRUE	S:FALSE	S:FALSE	N:	N:	N:	N:
S:Nphp4	S:NPHP4	S: 6	D:0.8225229	D:8.024020e-03	D:2.609644e-02	D:-8.354756e-02	D:7.961330e-01	D:9.308546e-01	D:0.9060704	D:4.357713e-02	D:2.101085e-01	S:TRUE	S:FALSE	S:TRUE	S:FALSE	S:TRUE	S:FALSE	S:FALSE	N:	N:	N:	N:
S:Nbl1	S:NBL1	S: 6	D:0.7409819	D:3.253802e-03	D:1.301188e-02	D:-7.451233e-03	D:9.781742e-01	D:9.933726e-01	D:0.7484331	D:4.367889e-02	D:2.101085e-01	S:TRUE	S:FALSE	S:TRUE	S:FALSE	S:TRUE	S:TRUE	S:TRUE	N:	N:	N:	N:
S:Tubb2b	S:TUBB2B	S: 6	D:0.5488470	D:1.962523e-03	D:8.838991e-03	S: 4.157856e-02	D:8.164553e-01	D:9.363201e-01	D:0.5072684	D:4.377499e-02	D:2.101085e-01	S:TRUE	S:FALSE	S:TRUE	S:FALSE	S:TRUE	S:TRUE	S:TRUE	N:	N:	N:	N:
S:Srm	S:SRM	S: 6	D:0.5951508	D:1.575697e-02	D:4.309240e-02	D:-1.295170e-01	D:6.187090e-01	D:8.466944e-01	D:0.7246678	D:4.386218e-02	D:2.101085e-01	S:TRUE	S:FALSE	S:TRUE	S:FALSE	S:TRUE	S:FALSE	S:FALSE	N:	N:	N:	N:
S:Ccdc64	S:CCDC64	S: 6	D:0.7208425	D:1.087441e-03	D:5.659621e-03	S: 9.618486e-02	D:6.608694e-01	D:8.692165e-01	D:0.6246576	D:4.386674e-02	D:2.101085e-01	S:TRUE	S:FALSE	S:TRUE	S:FALSE	S:TRUE	S:FALSE	S:FALSE	N:	N:	N:	N:
S:Rtl1	S:RTL1	S: 6	D:0.6925578	D:3.509652e-05	D:3.792172e-04	S: 2.230644e-01	D:1.815431e-01	D:4.543374e-01	D:0.4694934	D:4.402165e-02	D:2.102061e-01	S:TRUE	S:FALSE	S:TRUE	S:FALSE	S:TRUE	S:FALSE	S:FALSE	N:	N:	N:	N:
S:Surf4	S:SURF4	S: 6	D:0.2669429	D:6.107791e-05	D:5.945678e-04	S: 8.291073e-02	D:1.979714e-01	D:4.790312e-01	D:0.1840322	D:4.415103e-02	D:2.104360e-01	S:TRUE	S:FALSE	S:TRUE	S:FALSE	S:TRUE	S:FALSE	S:FALSE	N:	N:	N:	N:
S:Rrp7a	S:RRP7A	S: 6	D:0.8004617	D:3.254885e-04	D:2.203394e-03	S: 1.714682e-01	D:4.407861e-01	D:7.321365e-01	D:0.6289935	D:4.419438e-02	D:2.104360e-01	S:TRUE	S:FALSE	S:TRUE	S:FALSE	S:TRUE	S:FALSE	S:FALSE	N:	N:	N:	N:
S:2310035k24rik	S:2310035K24RIK	S: 6	D:0.6201519	D:8.146086e-03	D:2.638359e-02	D:-6.266691e-02	D:7.978387e-01	D:9.311282e-01	D:0.6828188	D:4.424462e-02	D:2.104988e-01	S:TRUE	S:FALSE	S:TRUE	S:FALSE	S:TRUE	S:FALSE	S:FALSE	N:	N:	N:	N:
S:Acaa1a	S:ACAA1A	S: 6	D:0.5905682	D:1.726501e-02	D:4.601647e-02	D:-1.339766e-01	D:6.059320e-01	D:8.390408e-01	D:0.7245449	D:4.430815e-02	D:2.105517e-01	S:TRUE	S:FALSE	S:TRUE	S:FALSE	S:TRUE	S:TRUE	S:TRUE	N:	N:	N:	N:
S:Ly6c1	S:LY6C1	S: 6	D:0.8793274	D:1.188659e-10	D:1.298714e-08	S: 5.260011e-01	D:4.755706e-05	D:1.248792e-03	D:0.3533263	D:4.431593e-02	D:2.105517e-01	S:TRUE	S:TRUE	S:TRUE	S:FALSE	S:TRUE	S:FALSE	S:FALSE	N:	N:	N:	N:
S:Supt5h	S:SUPT5H	S: 6	D:0.4907104	D:3.353939e-03	D:1.331856e-02	S: 2.024371e-02	D:9.016938e-01	D:9.688835e-01	D:0.4704667	D:4.436661e-02	D:2.105542e-01	S:TRUE	S:FALSE	S:TRUE	S:FALSE	S:TRUE	S:FALSE	S:FALSE	N:	N:	N:	N:
S:Nrbp1	S:NRBP1	S: 6	D:0.1930794	D:7.652587e-03	D:2.523268e-02	D:-1.147191e-02	D:8.722232e-01	D:9.579126e-01	D:0.2045513	D:4.439104e-02	D:2.105542e-01	S:TRUE	S:FALSE	S:TRUE	S:FALSE	S:TRUE	S:FALSE	S:FALSE	N:	N:	N:	N:
S:Cpm	S:CPM	S: 6	D:0.6420729	D:1.301857e-03	D:6.440852e-03	S: 9.826691e-02	D:5.942124e-01	D:8.314503e-01	D:0.5438060	D:4.452801e-02	D:2.106284e-01	S:TRUE	S:FALSE	S:TRUE	S:FALSE	S:TRUE	S:FALSE	S:FALSE	N:	N:	N:	N:
S:N4bp3	S:N4BP3	S: 6	D:1.3921091	D:1.247375e-03	D:6.256497e-03	S: 1.838455e-01	D:6.640557e-01	D:8.709848e-01	D:1.2082635	D:4.481203e-02	D:2.106702e-01	S:TRUE	S:FALSE	S:TRUE	S:FALSE	S:TRUE	S:FALSE	S:FALSE	N:	N:	N:	N:
S:Pea15a	S:PEA15A	S: 6	D:0.1839324	D:7.879397e-03	D:2.575475e-02	D:-1.092169e-02	D:8.723192e-01	D:9.579126e-01	D:0.1948541	D:4.481225e-02	D:2.106702e-01	S:TRUE	S:FALSE	S:TRUE	S:FALSE	S:TRUE	S:FALSE	S:FALSE	N:	N:	N:	N:
S:Ip6k1	S:IP6K1	S: 6	D:0.3329689	D:2.291207e-03	D:9.957669e-03	S: 2.748916e-02	D:7.964745e-01	D:9.308815e-01	D:0.3054797	D:4.486247e-02	D:2.106702e-01	S:TRUE	S:FALSE	S:TRUE	S:FALSE	S:TRUE	S:FALSE	S:FALSE	N:	N:	N:	N:
S:Ldoc1l	S:LDOC1L	S: 6	D:0.4258602	D:5.462108e-03	D:1.936904e-02	D:-1.276183e-02	D:9.346974e-01	D:9.802923e-01	D:0.4386221	D:4.486528e-02	D:2.106702e-01	S:TRUE	S:FALSE	S:TRUE	S:FALSE	S:TRUE	S:FALSE	S:FALSE	N:	N:	N:	N:
S:Rilpl2	S:RILPL2	S: 6	D:0.7890994	D:9.196576e-04	D:4.955191e-03	S: 9.591887e-02	D:7.036857e-01	D:8.890166e-01	D:0.6931806	D:4.498327e-02	D:2.106702e-01	S:TRUE	S:FALSE	S:TRUE	S:FALSE	S:TRUE	S:FALSE	S:FALSE	N:	N:	N:	N:
S:Telo2	S:TELO2	S: 6	D:0.5988024	D:1.016448e-03	D:5.345333e-03	S: 8.478932e-02	D:6.411221e-01	D:8.578963e-01	D:0.5140131	D:4.507538e-02	D:2.107235e-01	S:TRUE	S:FALSE	S:TRUE	S:FALSE	S:TRUE	S:FALSE	S:FALSE	N:	N:	N:	N:
S:Cyc1	S:CYC1	S: 6	D:0.5778851	D:8.727739e-03	D:2.775538e-02	D:-4.614590e-02	D:8.334388e-01	D:9.413897e-01	D:0.6240310	D:4.510010e-02	D:2.107235e-01	S:TRUE	S:FALSE	S:TRUE	S:FALSE	S:TRUE	S:FALSE	S:FALSE	N:	N:	N:	N:
S:Acin1	S:ACIN1	S: 6	D:0.6735102	D:1.701629e-09	D:1.160972e-07	S: 3.833568e-01	D:2.575824e-04	D:4.723674e-03	D:0.2901534	D:4.512677e-02	D:2.107235e-01	S:TRUE	S:TRUE	S:TRUE	S:FALSE	S:TRUE	S:FALSE	S:FALSE	N:	N:	N:	N:
S:Tmem63c	S:TMEM63C	S: 6	D:0.3340586	D:4.786275e-03	D:1.749667e-02	S: 1.253163e-03	D:9.914242e-01	D:9.972237e-01	D:0.3328054	D:4.520955e-02	D:2.108504e-01	S:TRUE	S:FALSE	S:TRUE	S:FALSE	S:TRUE	S:FALSE	S:FALSE	N:	N:	N:	N:
S:Ncln	S:NCLN	S: 6	D:0.9415164	D:7.974322e-03	D:2.599432e-02	D:-9.027344e-02	D:8.084353e-01	D:9.347780e-01	D:1.0317899	D:4.522808e-02	D:2.108504e-01	S:TRUE	S:FALSE	S:TRUE	S:FALSE	S:TRUE	S:FALSE	S:FALSE	N:	N:	N:	N:
S:Lbh	S:LBH	S: 6	D:0.2542436	D:3.359148e-04	D:2.256377e-03	S: 5.797940e-02	D:3.990621e-01	D:6.981485e-01	D:0.1962642	D:4.523621e-02	D:2.108504e-01	S:TRUE	S:FALSE	S:TRUE	S:FALSE	S:TRUE	S:FALSE	S:FALSE	N:	N:	N:	N:
S:Tmc4	S:TMC4	S: 6	D:1.4186136	D:9.374654e-13	D:2.062952e-10	S: 9.309226e-01	D:2.426774e-07	D:1.771772e-05	D:0.4876910	D:4.528622e-02	D:2.108948e-01	S:TRUE	S:TRUE	S:TRUE	S:FALSE	S:TRUE	S:FALSE	S:FALSE	N:	N:	N:	N:
S:Gm16758	S:GM16758	S: 6	D:1.8429085	D:7.824608e-09	D:4.088685e-07	S: 9.372926e-01	D:6.768370e-03	D:5.206746e-02	D:0.9056159	D:4.536002e-02	D:2.109547e-01	S:TRUE	S:FALSE	S:TRUE	S:FALSE	S:TRUE	S:FALSE	S:FALSE	N:	N:	N:	N:
S:Nprl2	S:NPRL2	S: 6	D:0.5737265	D:2.845099e-03	D:1.178916e-02	S: 2.483960e-02	D:8.991768e-01	D:9.679577e-01	D:0.5488869	D:4.542813e-02	D:2.109547e-01	S:TRUE	S:FALSE	S:TRUE	S:FALSE	S:TRUE	S:FALSE	S:FALSE	N:	N:	N:	N:
S:Kat2a	S:KAT2A	S: 6	D:0.4735979	D:4.340126e-03	D:1.620314e-02	S: 4.858454e-03	D:9.765821e-01	D:9.931404e-01	D:0.4687394	D:4.553677e-02	D:2.111803e-01	S:TRUE	S:FALSE	S:TRUE	S:FALSE	S:TRUE	S:FALSE	S:FALSE	N:	N:	N:	N:
S:Cnih2	S:CNIH2	S: 6	D:0.6591152	D:5.758019e-04	D:3.437650e-03	S: 1.152350e-01	D:5.551311e-01	D:8.071253e-01	D:0.5438802	D:4.561881e-02	D:2.112896e-01	S:TRUE	S:FALSE	S:TRUE	S:FALSE	S:TRUE	S:TRUE	S:TRUE	N:	N:	N:	N:
S:Tubb2a	S:TUBB2A	S: 6	D:0.4982365	D:7.116455e-03	D:2.382419e-02	D:-2.100519e-02	D:9.081207e-01	D:9.714195e-01	D:0.5192417	D:4.567712e-02	D:2.113602e-01	S:TRUE	S:FALSE	S:TRUE	S:FALSE	S:TRUE	S:TRUE	S:TRUE	N:	N:	N:	N:
S:Klhl25	S:KLHL25	S: 6	D:0.5473410	D:1.020661e-02	D:3.119228e-02	D:-7.084539e-02	D:7.511280e-01	D:9.101637e-01	D:0.6181864	D:4.569269e-02	D:2.113602e-01	S:TRUE	S:FALSE	S:TRUE	S:FALSE	S:TRUE	S:FALSE	S:FALSE	N:	N:	N:	N:
S:Stard3	S:STARD3	S: 6	D:0.8382225	D:2.994083e-05	D:3.372714e-04	S: 2.773074e-01	D:1.704388e-01	D:4.389555e-01	D:0.5609150	D:4.587718e-02	D:2.116188e-01	S:TRUE	S:FALSE	S:TRUE	S:FALSE	S:TRUE	S:TRUE	S:TRUE	N:	N:	N:	N:
S:Pgbd5	S:PGBD5	S: 6	D:0.5060118	D:1.314373e-03	D:6.484219e-03	S: 6.683670e-02	D:6.657659e-01	D:8.713057e-01	D:0.4391751	D:4.592929e-02	D:2.116188e-01	S:TRUE	S:FALSE	S:TRUE	S:FALSE	S:TRUE	S:FALSE	S:FALSE	N:	N:	N:	N:
S:Galnt9	S:GALNT9	S: 6	D:1.3356658	D:1.117237e-08	D:5.404244e-07	S: 7.249547e-01	D:1.012536e-03	D:1.275299e-02	D:0.6107111	D:4.613472e-02	D:2.120516e-01	S:TRUE	S:TRUE	S:TRUE	S:FALSE	S:TRUE	S:TRUE	S:TRUE	N:	N:	N:	N:
S:Panx1	S:PANX1	S: 6	D:0.3284280	D:2.102297e-04	D:1.565186e-03	S: 8.002793e-02	D:3.689564e-01	D:6.697543e-01	D:0.2484000	D:4.618610e-02	D:2.120516e-01	S:TRUE	S:FALSE	S:TRUE	S:FALSE	S:TRUE	S:FALSE	S:FALSE	N:	N:	N:	N:
S:Tmed3	S:TMED3	S: 6	D:0.2747781	D:9.924622e-03	D:3.057181e-02	D:-2.732630e-02	D:7.991674e-01	D:9.318054e-01	D:0.3021044	D:4.623553e-02	D:2.121015e-01	S:TRUE	S:FALSE	S:TRUE	S:FALSE	S:TRUE	S:FALSE	S:FALSE	N:	N:	N:	N:
S:Frmpd1	S:FRMPD1	S: 6	D:0.4285577	D:7.907540e-03	D:2.583053e-02	D:-3.029130e-02	D:8.532731e-01	D:9.506910e-01	D:0.4588490	D:4.625127e-02	D:2.121015e-01	S:TRUE	S:FALSE	S:TRUE	S:FALSE	S:TRUE	S:FALSE	S:FALSE	N:	N:	N:	N:
S:U2af1	S:U2AF1	S: 6	D:0.4049733	D:2.033162e-04	D:1.527358e-03	S: 1.039256e-01	D:3.297489e-01	D:6.316473e-01	D:0.3010477	D:4.633809e-02	D:2.123388e-01	S:TRUE	S:FALSE	S:TRUE	S:FALSE	S:TRUE	S:FALSE	S:FALSE	N:	N:	N:	N:
S:Sh2b3	S:SH2B3	S: 6	D:0.2483512	D:1.275577e-02	D:3.682486e-02	D:-3.368238e-02	D:7.363992e-01	D:9.025146e-01	D:0.2820336	D:4.635849e-02	D:2.123388e-01	S:TRUE	S:FALSE	S:TRUE	S:FALSE	S:TRUE	S:FALSE	S:FALSE	N:	N:	N:	N:
S:Zyx	S:ZYX	S: 6	D:0.7971094	D:1.084339e-02	D:3.261786e-02	D:-1.076856e-01	D:7.425843e-01	D:9.055801e-01	D:0.9047950	D:4.636351e-02	D:2.123388e-01	S:TRUE	S:FALSE	S:TRUE	S:FALSE	S:TRUE	S:FALSE	S:FALSE	N:	N:	N:	N:
S:Taok2	S:TAOK2	S: 6	D:0.4525451	D:5.638340e-05	D:5.582600e-04	S: 1.458791e-01	D:1.781349e-01	D:4.493347e-01	D:0.3066660	D:4.637690e-02	D:2.123388e-01	S:TRUE	S:FALSE	S:TRUE	S:FALSE	S:TRUE	S:FALSE	S:FALSE	N:	N:	N:	N:
S:Sema6c	S:SEMA6C	S: 6	D:0.5216622	D:1.497738e-02	D:4.160856e-02	D:-9.243138e-02	D:6.749540e-01	D:8.768902e-01	D:0.6140936	D:4.639815e-02	D:2.123388e-01	S:TRUE	S:FALSE	S:TRUE	S:FALSE	S:TRUE	S:FALSE	S:FALSE	N:	N:	N:	N:
S:Trp53i11	S:TRP53I11	S: 6	D:0.8332988	D:5.480289e-04	D:3.304672e-03	S: 1.491162e-01	D:5.465801e-01	D:8.023835e-01	D:0.6841826	D:4.646553e-02	D:2.123799e-01	S:TRUE	S:FALSE	S:TRUE	S:FALSE	S:TRUE	S:FALSE	S:FALSE	N:	N:	N:	N:
S:Itgb5	S:ITGB5	S: 6	D:0.3500389	D:1.457746e-02	D:4.072931e-02	D:-4.726637e-02	D:7.325712e-01	D:9.010937e-01	D:0.3973053	D:4.653966e-02	D:2.123799e-01	S:TRUE	S:FALSE	S:TRUE	S:FALSE	S:TRUE	S:FALSE	S:FALSE	N:	N:	N:	N:
S:Psmc3	S:PSMC3	S: 6	D:0.3809009	D:1.147222e-02	D:3.407665e-02	D:-4.205497e-02	D:7.785355e-01	D:9.238124e-01	D:0.4229558	D:4.673810e-02	D:2.124114e-01	S:TRUE	S:FALSE	S:TRUE	S:FALSE	S:TRUE	S:FALSE	S:FALSE	N:	N:	N:	N:
S:Tmem90a	S:TMEM90A	S: 6	D:1.0421687	D:9.159218e-03	D:2.879349e-02	D:-1.480292e-01	D:7.386009e-01	D:9.033954e-01	D:1.1901979	D:4.677780e-02	D:2.124114e-01	S:TRUE	S:FALSE	S:TRUE	S:FALSE	S:TRUE	S:FALSE	S:FALSE	N:	N:	N:	N:
S:Tmem119	S:TMEM119	S: 6	D:0.6341640	D:6.395556e-03	D:2.193725e-02	D:-2.233012e-02	D:9.239904e-01	D:9.766880e-01	D:0.6564941	D:4.678653e-02	D:2.124114e-01	S:TRUE	S:FALSE	S:TRUE	S:FALSE	S:TRUE	S:FALSE	S:FALSE	N:	N:	N:	N:
S:Pard6a	S:PARD6A	S: 6	D:0.9142701	D:9.349949e-03	D:2.924011e-02	D:-9.674254e-02	D:7.917913e-01	D:9.300000e-01	D:1.0110126	D:4.696265e-02	D:2.124947e-01	S:TRUE	S:FALSE	S:TRUE	S:FALSE	S:TRUE	S:TRUE	S:TRUE	N:	N:	N:	N:
S:Rfc5	S:RFC5	S: 6	D:0.2436199	D:6.462626e-03	D:2.212158e-02	D:-8.968136e-03	D:9.208716e-01	D:9.758365e-01	D:0.2525880	D:4.704523e-02	D:2.127036e-01	S:TRUE	S:FALSE	S:TRUE	S:FALSE	S:TRUE	S:FALSE	S:FALSE	N:	N:	N:	N:
S:Galntl4	S:GALNTL4	S: 6	D:0.7248759	D:9.594626e-04	D:5.118008e-03	S: 9.889125e-02	D:6.642507e-01	D:8.710585e-01	D:0.6259847	D:4.707238e-02	D:2.127036e-01	S:TRUE	S:FALSE	S:TRUE	S:FALSE	S:TRUE	S:FALSE	S:FALSE	N:	N:	N:	N:
S:Zfr2	S:ZFR2	S: 6	D:0.5464007	D:1.576826e-03	D:7.458409e-03	S: 6.514001e-02	D:7.030644e-01	D:8.889438e-01	D:0.4812607	D:4.707687e-02	D:2.127036e-01	S:TRUE	S:FALSE	S:TRUE	S:FALSE	S:TRUE	S:FALSE	S:FALSE	N:	N:	N:	N:
S:Prkcsh	S:PRKCSH	S: 6	D:0.8275023	D:1.953273e-04	D:1.477866e-03	S: 2.102630e-01	D:3.425677e-01	D:6.437668e-01	D:0.6172393	D:4.714065e-02	D:2.127835e-01	S:TRUE	S:FALSE	S:TRUE	S:FALSE	S:TRUE	S:TRUE	S:TRUE	N:	N:	N:	N:
S:Wdtc1	S:WDTC1	S: 6	D:0.8661102	D:3.654775e-04	D:2.402445e-03	S: 1.930767e-01	D:4.211668e-01	D:7.164972e-01	D:0.6730335	D:4.718265e-02	D:2.127835e-01	S:TRUE	S:FALSE	S:TRUE	S:FALSE	S:TRUE	S:TRUE	S:TRUE	N:	N:	N:	N:
S:Adam15	S:ADAM15	S: 6	D:0.7385547	D:1.590874e-03	D:7.504777e-03	S: 8.240868e-02	D:7.259785e-01	D:8.979249e-01	D:0.6561460	D:4.727578e-02	D:2.128426e-01	S:TRUE	S:FALSE	S:TRUE	S:FALSE	S:TRUE	S:FALSE	S:FALSE	N:	N:	N:	N:
S:Gm14569	S:GM14569	S: 6	D:1.0964059	D:1.629911e-03	D:7.658865e-03	S: 1.197791e-01	D:7.323183e-01	D:9.009245e-01	D:0.9766268	D:4.731746e-02	D:2.128673e-01	S:TRUE	S:FALSE	S:TRUE	S:FALSE	S:TRUE	S:FALSE	S:FALSE	N:	N:	N:	N:
S:Cdkn2d	S:CDKN2D	S: 6	D:0.9760609	D:1.934379e-02	D:4.992192e-02	D:-2.071329e-01	D:6.252920e-01	D:8.507605e-01	D:1.1831937	D:4.741296e-02	D:2.130192e-01	S:TRUE	S:FALSE	S:TRUE	S:FALSE	S:TRUE	S:FALSE	S:FALSE	N:	N:	N:	N:
S:Vwa1	S:VWA1	S: 6	D:0.7698038	D:1.636695e-04	D:1.296740e-03	S: 1.983147e-01	D:3.385555e-01	D:6.399055e-01	D:0.5714891	D:4.745512e-02	D:2.130192e-01	S:TRUE	S:FALSE	S:TRUE	S:FALSE	S:TRUE	S:FALSE	S:FALSE	N:	N:	N:	N:
S:Cog8	S:COG8	S: 6	D:0.4765036	D:8.885324e-05	D:7.985437e-04	S: 1.394877e-01	D:2.514135e-01	D:5.477736e-01	D:0.3370159	D:4.746032e-02	D:2.130192e-01	S:TRUE	S:FALSE	S:TRUE	S:FALSE	S:TRUE	S:FALSE	S:FALSE	N:	N:	N:	N:
S:Pex6	S:PEX6	S: 6	D:0.9335885	D:5.535575e-04	D:3.331580e-03	S: 1.667622e-01	D:5.509227e-01	D:8.045253e-01	D:0.7668264	D:4.750494e-02	D:2.131295e-01	S:TRUE	S:FALSE	S:TRUE	S:FALSE	S:TRUE	S:TRUE	S:TRUE	N:	N:	N:	N:
S:Ehd3	S:EHD3	S: 6	D:0.3411165	D:9.944767e-09	D:5.012162e-07	S: 1.869330e-01	D:8.596281e-04	D:1.141133e-02	D:0.1541835	D:4.763442e-02	D:2.135528e-01	S:TRUE	S:TRUE	S:TRUE	S:FALSE	S:TRUE	S:FALSE	S:FALSE	N:	N:	N:	N:
S:Ptger1	S:PTGER1	S: 6	D:0.5384671	D:1.132176e-04	D:9.729985e-04	S: 1.533647e-01	D:2.681360e-01	D:5.663206e-01	D:0.3851024	D:4.764857e-02	D:2.135528e-01	S:TRUE	S:FALSE	S:TRUE	S:FALSE	S:TRUE	S:FALSE	S:FALSE	N:	N:	N:	N:
S:Phf23	S:PHF23	S: 6	D:0.4926126	D:2.261775e-05	D:2.724593e-04	S: 1.749952e-01	D:1.262639e-01	D:3.653154e-01	D:0.3176174	D:4.778709e-02	D:2.139938e-01	S:TRUE	S:FALSE	S:TRUE	S:FALSE	S:TRUE	S:TRUE	S:TRUE	N:	N:	N:	N:
S:Dus3l	S:DUS3L	S: 6	D:0.6639076	D:3.651569e-03	D:1.419207e-02	S: 2.146707e-02	D:9.259500e-01	D:9.771068e-01	D:0.6424405	D:4.781768e-02	D:2.139938e-01	S:TRUE	S:FALSE	S:TRUE	S:FALSE	S:TRUE	S:FALSE	S:FALSE	N:	N:	N:	N:
S:Necap2	S:NECAP2	S: 6	D:0.5410584	D:2.035747e-03	D:9.090173e-03	S: 5.055875e-02	D:7.738676e-01	D:9.215221e-01	D:0.4904997	D:4.786153e-02	D:2.139938e-01	S:TRUE	S:FALSE	S:TRUE	S:FALSE	S:TRUE	S:FALSE	S:FALSE	N:	N:	N:	N:
S:3110056o03rik	S:3110056O03RIK	S: 6	D:1.2109134	D:5.919606e-04	D:3.519328e-03	S: 2.071586e-01	D:5.737408e-01	D:8.199578e-01	D:1.0037548	D:4.786332e-02	D:2.139938e-01	S:TRUE	S:FALSE	S:TRUE	S:FALSE	S:TRUE	S:FALSE	S:FALSE	N:	N:	N:	N:
S:Tmem120b	S:TMEM120B	S: 6	D:0.4096255	D:1.736868e-02	D:4.622970e-02	D:-8.056764e-02	D:6.504382e-01	D:8.624212e-01	D:0.4901932	D:4.827558e-02	D:2.143896e-01	S:TRUE	S:FALSE	S:TRUE	S:FALSE	S:TRUE	S:FALSE	S:FALSE	N:	N:	N:	N:
S:Ssna1	S:SSNA1	S: 6	D:0.6050011	D:1.306186e-03	D:6.458183e-03	S: 8.048594e-02	D:6.697912e-01	D:8.736120e-01	D:0.5245151	D:4.831460e-02	D:2.144509e-01	S:TRUE	S:FALSE	S:TRUE	S:FALSE	S:TRUE	S:FALSE	S:FALSE	N:	N:	N:	N:
S:Tmem66	S:TMEM66	S: 6	D:0.2669669	D:8.799861e-06	D:1.270693e-04	S: 1.061885e-01	D:6.492587e-02	D:2.443753e-01	D:0.1607784	D:4.838446e-02	D:2.144564e-01	S:TRUE	S:FALSE	S:TRUE	S:FALSE	S:TRUE	S:FALSE	S:FALSE	N:	N:	N:	N:
S:Zkscan6	S:ZKSCAN6	S: 6	D:0.2474027	D:9.458038e-03	D:2.948372e-02	D:-1.793976e-02	D:8.497241e-01	D:9.499156e-01	D:0.2653424	D:4.858857e-02	D:2.148066e-01	S:TRUE	S:FALSE	S:TRUE	S:FALSE	S:TRUE	S:FALSE	S:FALSE	N:	N:	N:	N:
S:Atp5d	S:ATP5D	S: 6	D:0.8416554	D:6.836311e-03	D:2.309417e-02	D:-5.211288e-02	D:8.740459e-01	D:9.588329e-01	D:0.8937683	D:4.859058e-02	D:2.148066e-01	S:TRUE	S:FALSE	S:TRUE	S:FALSE	S:TRUE	S:FALSE	S:FALSE	N:	N:	N:	N:
S:Psmb6	S:PSMB6	S: 6	D:0.4618701	D:9.814570e-03	D:3.031090e-02	D:-3.678349e-02	D:8.365430e-01	D:9.433977e-01	D:0.4986536	D:4.863877e-02	D:2.148918e-01	S:TRUE	S:FALSE	S:TRUE	S:FALSE	S:TRUE	S:FALSE	S:FALSE	N:	N:	N:	N:
S:Myo9b	S:MYO9B	S: 6	D:0.7476243	D:6.147273e-05	D:5.980386e-04	S: 2.437189e-01	D:1.753383e-01	D:4.454617e-01	D:0.5039054	D:4.865749e-02	D:2.148918e-01	S:TRUE	S:FALSE	S:TRUE	S:FALSE	S:TRUE	S:FALSE	S:FALSE	N:	N:	N:	N:
S:Rps28	S:RPS28	S: 6	D:0.4455148	D:1.606607e-02	D:4.369930e-02	D:-7.802491e-02	D:6.805804e-01	D:8.801017e-01	D:0.5235397	D:4.868900e-02	D:2.148918e-01	S:TRUE	S:FALSE	S:TRUE	S:FALSE	S:TRUE	S:FALSE	S:FALSE	N:	N:	N:	N:
S:Trabd	S:TRABD	S: 6	D:0.6720994	D:2.459248e-03	D:1.053270e-02	S: 5.696562e-02	D:7.958993e-01	D:9.308546e-01	D:0.6151338	D:4.870515e-02	D:2.149024e-01	S:TRUE	S:FALSE	S:TRUE	S:FALSE	S:TRUE	S:FALSE	S:FALSE	N:	N:	N:	N:
S:C630004h02rik	S:C630004H02RIK	S: 6	D:0.4755778	D:1.908472e-02	D:4.944245e-02	D:-9.178644e-02	D:6.514128e-01	D:8.630395e-01	D:0.5673642	D:4.877346e-02	D:2.149487e-01	S:TRUE	S:FALSE	S:TRUE	S:FALSE	S:TRUE	S:FALSE	S:FALSE	N:	N:	N:	N:
S:Prmt1	S:PRMT1	S: 6	D:0.4550196	D:1.310338e-02	D:3.755774e-02	D:-6.163487e-02	D:7.411838e-01	D:9.049903e-01	D:0.5166544	D:4.879720e-02	D:2.149487e-01	S:TRUE	S:FALSE	S:TRUE	S:FALSE	S:TRUE	S:FALSE	S:FALSE	N:	N:	N:	N:
S:Btd	S:BTD	S: 6	D:0.4581978	D:1.745361e-02	D:4.638462e-02	D:-7.771129e-02	D:6.840237e-01	D:8.810148e-01	D:0.5359091	D:4.881850e-02	D:2.149775e-01	S:TRUE	S:FALSE	S:TRUE	S:FALSE	S:TRUE	S:FALSE	S:FALSE	N:	N:	N:	N:
S:Pxdn	S:PXDN	S: 6	D:0.6368651	D:8.562052e-07	D:1.892129e-05	S: 2.960241e-01	D:1.600681e-02	D:9.690085e-02	D:0.3408410	D:4.896430e-02	D:2.152425e-01	S:TRUE	S:FALSE	S:TRUE	S:FALSE	S:TRUE	S:FALSE	S:FALSE	N:	N:	N:	N:
S:Ankrd13d	S:ANKRD13D	S: 6	D:0.6138653	D:9.479059e-03	D:2.952568e-02	D:-5.139329e-02	D:8.307843e-01	D:9.405242e-01	D:0.6652586	D:4.896540e-02	D:2.152425e-01	S:TRUE	S:FALSE	S:TRUE	S:FALSE	S:TRUE	S:FALSE	S:FALSE	N:	N:	N:	N:
S:Tbc1d10b	S:TBC1D10B	S: 6	D:0.4381910	D:1.942817e-03	D:8.787617e-03	S: 4.877632e-02	D:7.259216e-01	D:8.979249e-01	D:0.3894147	D:4.903886e-02	D:2.153410e-01	S:TRUE	S:FALSE	S:TRUE	S:FALSE	S:TRUE	S:TRUE	S:TRUE	N:	N:	N:	N:
S:Ppp1r13b	S:PPP1R13B	S: 6	D:0.2950490	D:1.098761e-03	D:5.709027e-03	S: 4.669213e-02	D:5.992238e-01	D:8.345963e-01	D:0.2483569	D:4.908644e-02	D:2.154231e-01	S:TRUE	S:FALSE	S:TRUE	S:FALSE	S:TRUE	S:FALSE	S:FALSE	N:	N:	N:	N:
S:Ndufa13	S:NDUFA13	S: 6	D:0.8560077	D:1.103749e-02	D:3.308195e-02	D:-1.003676e-01	D:7.741154e-01	D:9.215221e-01	D:0.9563753	D:4.930346e-02	D:2.156853e-01	S:TRUE	S:FALSE	S:TRUE	S:FALSE	S:TRUE	S:FALSE	S:FALSE	N:	N:	N:	N:
S:Wrap53	S:WRAP53	S: 6	D:0.5656415	D:1.020535e-02	D:3.119228e-02	D:-4.945281e-02	D:8.234312e-01	D:9.377540e-01	D:0.6150943	D:4.932021e-02	D:2.156853e-01	S:TRUE	S:FALSE	S:TRUE	S:FALSE	S:TRUE	S:FALSE	S:FALSE	N:	N:	N:	N:
S:Epha2	S:EPHA2	S: 6	D:1.4183743	D:1.180553e-03	D:6.014007e-03	S: 2.397666e-01	D:5.630408e-01	D:8.136097e-01	D:1.1786078	D:4.939536e-02	D:2.158167e-01	S:TRUE	S:FALSE	S:TRUE	S:FALSE	S:TRUE	S:FALSE	S:FALSE	N:	N:	N:	N:
S:Gramd4	S:GRAMD4	S: 6	D:0.6177431	D:3.513499e-05	D:3.793704e-04	S: 2.112601e-01	D:1.525695e-01	D:4.092267e-01	D:0.4064831	D:4.942566e-02	D:2.158167e-01	S:TRUE	S:FALSE	S:TRUE	S:FALSE	S:TRUE	S:TRUE	S:TRUE	N:	N:	N:	N:
S:Ai413582	S:AI413582	S: 6	D:0.7223744	D:4.285626e-03	D:1.604568e-02	S: 9.984856e-03	D:9.693535e-01	D:9.908872e-01	D:0.7123895	D:4.942707e-02	D:2.158167e-01	S:TRUE	S:FALSE	S:TRUE	S:FALSE	S:TRUE	S:FALSE	S:FALSE	N:	N:	N:	N:
S:Gga1	S:GGA1	S: 6	D:0.6985586	D:7.073540e-03	D:2.371609e-02	D:-2.539340e-02	D:9.226813e-01	D:9.764273e-01	D:0.7239520	D:4.956905e-02	D:2.160901e-01	S:TRUE	S:FALSE	S:TRUE	S:FALSE	S:TRUE	S:TRUE	S:TRUE	N:	N:	N:	N:
S:Tro	S:TRO	S: 6	D:0.1789216	D:6.857471e-03	D:2.314292e-02	D:-3.134014e-03	D:9.615091e-01	D:9.888506e-01	D:0.1820556	D:4.967365e-02	D:2.163650e-01	S:TRUE	S:FALSE	S:TRUE	S:FALSE	S:TRUE	S:FALSE	S:FALSE	N:	N:	N:	N:
S:Pmm1	S:PMM1	S: 6	D:0.5773430	D:1.452336e-02	D:4.061445e-02	D:-8.636570e-02	D:7.205583e-01	D:8.946283e-01	D:0.6637087	D:4.994479e-02	D:2.170695e-01	S:TRUE	S:FALSE	S:TRUE	S:FALSE	S:TRUE	S:FALSE	S:FALSE	N:	N:	N:	N:
S:Scgb3a2	S:SCGB3A2	S: 9	D:4.4389218	D:2.368994e-18	D:3.084431e-15	D:-6.152509e-01	D:2.497511e-01	D:5.449876e-01	D:5.0541726	D:2.700904e-11	D:4.219892e-07	S:TRUE	S:FALSE	S:TRUE	S:TRUE	S:TRUE	S:FALSE	S:FALSE	N:	N:	N:	N:
S:Cxcl15	S:CXCL15	S: 9	D:4.9678719	D:1.752402e-17	D:1.303787e-14	D:-3.965134e-01	D:5.318394e-01	D:7.896474e-01	D:5.3643852	D:9.751598e-10	D:7.617948e-06	S:TRUE	S:FALSE	S:TRUE	S:TRUE	S:TRUE	S:FALSE	S:FALSE	N:	N:	N:	N:
S:Sftpa1	S:SFTPA1	S: 9	D:5.1857602	D:5.484706e-18	D:5.712870e-15	D:-4.161787e-01	D:5.561698e-01	D:8.028825e-01	D:5.6019389	D:2.919988e-09	D:1.520730e-05	S:TRUE	S:FALSE	S:TRUE	S:TRUE	S:TRUE	S:FALSE	S:FALSE	N:	N:	N:	N:
S:Scgb1a1	S:SCGB1A1	S: 9	D:7.9476408	D:3.416076e-12	D:6.279150e-10	D:-1.548466e+00	D:1.783164e-01	D:4.545628e-01	D:9.4961064	D:1.071168e-08	D:4.183982e-05	S:TRUE	S:FALSE	S:TRUE	S:TRUE	S:TRUE	S:FALSE	S:FALSE	N:	N:	N:	N:
S:Sftpc	S:SFTPC	S: 9	D:3.6223073	D:2.539476e-12	D:4.959597e-10	D:-5.833279e-01	D:3.580072e-01	D:6.575179e-01	D:4.2056352	D:4.473756e-07	D:1.397959e-03	S:TRUE	S:FALSE	S:TRUE	S:TRUE	S:TRUE	S:FALSE	S:FALSE	N:	N:	N:	N:
S:Cyp2f2	S:CYP2F2	S: 9	D:4.1490373	D:1.508064e-11	D:2.287572e-09	S: 1.937203e-03	D:9.979129e-01	D:9.992560e-01	D:4.1471001	D:1.718363e-05	D:4.474617e-02	S:TRUE	S:FALSE	S:TRUE	S:TRUE	S:TRUE	S:FALSE	S:FALSE	N:	N:	N:	N:
S:Cbr2	S:CBR2	S: 9	D:2.0242833	D:2.457751e-05	D:5.104301e-04	D:-1.045407e+00	D:6.388296e-02	D:2.448674e-01	D:3.0696905	D:4.776818e-05	D:9.510532e-02	S:TRUE	S:FALSE	S:TRUE	S:TRUE	S:TRUE	S:FALSE	S:FALSE	N:	N:	N:	N:
S:Slc34a2	S:SLC34A2	S: 9	D:3.7013581	D:5.328491e-09	D:4.057993e-07	D:-2.306398e-01	D:7.500461e-01	D:9.041836e-01	D:3.9319978	D:4.869704e-05	D:9.510532e-02	S:TRUE	S:FALSE	S:TRUE	S:TRUE	S:TRUE	S:FALSE	S:FALSE	N:	N:	N:	N:
S:Cd36	S:CD36	S: 9	D:0.9745235	D:9.021271e-04	D:9.029362e-03	D:-8.350165e-01	D:7.177597e-02	D:2.644592e-01	D:1.8095400	D:1.144470e-03	D:9.999747e-01	S:TRUE	S:FALSE	S:TRUE	S:FALSE	S:TRUE	S:FALSE	S:FALSE	N:	N:	N:	N:
S:Svil	S:SVIL	S: 9	D:0.3880836	D:2.170524e-04	D:2.878800e-03	D:-4.338424e-02	D:6.677272e-01	D:8.650556e-01	D:0.4314679	D:3.187159e-03	D:9.999747e-01	S:TRUE	S:FALSE	S:TRUE	S:FALSE	S:TRUE	S:FALSE	S:FALSE	N:	N:	N:	N:
S:Eml6	S:EML6	S: 9	D:0.2036410	D:1.982490e-03	D:1.677012e-02	D:-6.970265e-02	D:2.867036e-01	D:5.880008e-01	D:0.2733436	D:3.497756e-03	D:9.999747e-01	S:TRUE	S:FALSE	S:TRUE	S:FALSE	S:TRUE	S:FALSE	S:FALSE	N:	N:	N:	N:
S:Ptar1	S:PTAR1	S: 9	D:0.4713446	D:1.319976e-03	D:1.221036e-02	D:-1.359931e-01	D:3.516410e-01	D:6.515701e-01	D:0.6073377	D:3.598913e-03	D:9.999747e-01	S:TRUE	S:FALSE	S:TRUE	S:FALSE	S:TRUE	S:FALSE	S:FALSE	N:	N:	N:	N:
S:Slc8a1	S:SLC8A1	S: 9	D:0.4032965	D:5.317704e-03	D:3.567360e-02	D:-1.860095e-01	D:1.924770e-01	D:4.752307e-01	D:0.5893060	D:4.067129e-03	D:9.999747e-01	S:TRUE	S:FALSE	S:TRUE	S:FALSE	S:TRUE	S:FALSE	S:FALSE	N:	N:	N:	N:
S:Relb	S:RELB	S: 9	D:1.0231227	D:2.020591e-04	D:2.716843e-03	D:-6.102976e-02	D:8.128111e-01	D:9.327477e-01	D:1.0841524	D:4.131960e-03	D:9.999747e-01	S:TRUE	S:FALSE	S:TRUE	S:FALSE	S:TRUE	S:FALSE	S:FALSE	N:	N:	N:	N:
S:Zbtb37	S:ZBTB37	S: 9	D:0.4364195	D:8.089503e-03	D:4.912180e-02	D:-2.232535e-01	D:1.725085e-01	D:4.458682e-01	D:0.6596730	D:4.885642e-03	D:9.999747e-01	S:TRUE	S:FALSE	S:TRUE	S:FALSE	S:TRUE	S:FALSE	S:FALSE	N:	N:	N:	N:
S:Gm16516	S:GM16516	S: 9	D:0.8836926	D:7.317140e-03	D:4.561971e-02	D:-4.166623e-01	D:1.921983e-01	D:4.748429e-01	D:1.3003549	D:4.981132e-03	D:9.999747e-01	S:TRUE	S:FALSE	S:TRUE	S:FALSE	S:TRUE	S:FALSE	S:FALSE	N:	N:	N:	N:
S:Gm10557	S:GM10557	S: 9	D:0.4025008	D:6.669778e-03	D:4.234401e-02	D:-1.901795e-01	D:2.010583e-01	D:4.863501e-01	D:0.5926803	D:5.168871e-03	D:9.999747e-01	S:TRUE	S:FALSE	S:TRUE	S:FALSE	S:TRUE	S:FALSE	S:FALSE	N:	N:	N:	N:
S:Pappa	S:PAPPA	S: 9	D:1.4127145	D:4.095543e-05	D:7.628735e-04	S: 8.733472e-02	D:7.901710e-01	D:9.220728e-01	D:1.3253798	D:5.226447e-03	D:9.999747e-01	S:TRUE	S:FALSE	S:TRUE	S:FALSE	S:TRUE	S:FALSE	S:FALSE	N:	N:	N:	N:
S:Gm15552	S:GM15552	S: 9	D:0.5467121	D:5.511824e-03	D:3.663102e-02	D:-2.345527e-01	D:2.351477e-01	D:5.277903e-01	D:0.7812648	D:5.486608e-03	D:9.999747e-01	S:TRUE	S:FALSE	S:TRUE	S:FALSE	S:TRUE	S:FALSE	S:FALSE	N:	N:	N:	N:
S:Snx30	S:SNX30	S: 9	D:0.3086744	D:3.998807e-07	D:1.631263e-05	S: 8.087270e-02	D:1.570185e-01	D:4.226110e-01	D:0.2278017	D:5.496863e-03	D:9.999747e-01	S:TRUE	S:FALSE	S:TRUE	S:FALSE	S:TRUE	S:FALSE	S:FALSE	N:	N:	N:	N:
S:Fam123a	S:FAM123A	S: 9	D:0.3900636	D:7.114609e-04	D:7.485431e-03	D:-5.185363e-02	D:6.460812e-01	D:8.548033e-01	D:0.4419172	D:6.372042e-03	D:9.999747e-01	S:TRUE	S:FALSE	S:TRUE	S:FALSE	S:TRUE	S:FALSE	S:FALSE	N:	N:	N:	N:
S:Clic5	S:CLIC5	S: 9	D:0.4930757	D:1.871152e-04	D:2.548812e-03	S: 6.038963e-03	D:9.604518e-01	D:9.867241e-01	D:0.4870367	D:6.675251e-03	D:9.999747e-01	S:TRUE	S:FALSE	S:TRUE	S:FALSE	S:TRUE	S:FALSE	S:FALSE	N:	N:	N:	N:
S:Trim67	S:TRIM67	S: 9	D:0.9755204	D:1.122968e-07	D:5.678076e-06	S: 3.076228e-01	D:8.107182e-02	D:2.847720e-01	D:0.6678976	D:7.305284e-03	D:9.999747e-01	S:TRUE	S:FALSE	S:TRUE	S:FALSE	S:TRUE	S:FALSE	S:FALSE	N:	N:	N:	N:
S:Myo1e	S:MYO1E	S: 9	D:0.4802488	D:9.368484e-07	D:3.435991e-05	S: 1.307736e-01	D:1.525926e-01	D:4.145552e-01	D:0.3494752	D:7.945375e-03	D:9.999747e-01	S:TRUE	S:FALSE	S:TRUE	S:FALSE	S:TRUE	S:FALSE	S:FALSE	N:	N:	N:	N:
S:Ccdc163	S:CCDC163	S: 9	D:0.4590701	D:3.991695e-03	D:2.866096e-02	D:-1.299806e-01	D:3.956396e-01	D:6.877946e-01	D:0.5890507	D:8.081547e-03	D:9.999747e-01	S:TRUE	S:FALSE	S:TRUE	S:FALSE	S:TRUE	S:FALSE	S:FALSE	N:	N:	N:	N:
S:Tmem2	S:TMEM2	S: 9	D:0.3882012	D:1.321974e-06	D:4.529499e-05	S: 9.736257e-02	D:2.083395e-01	D:4.946955e-01	D:0.2908386	D:8.097912e-03	D:9.999747e-01	S:TRUE	S:FALSE	S:TRUE	S:FALSE	S:TRUE	S:FALSE	S:FALSE	N:	N:	N:	N:
S:Hhip	S:HHIP	S: 9	D:0.6186373	D:3.885933e-03	D:2.803039e-02	D:-1.493009e-01	D:4.596951e-01	D:7.420927e-01	D:0.7679382	D:9.487125e-03	D:9.999747e-01	S:TRUE	S:FALSE	S:TRUE	S:FALSE	S:TRUE	S:FALSE	S:FALSE	N:	N:	N:	N:
S:Dock5	S:DOCK5	S: 9	D:0.6955172	D:8.627232e-04	D:8.690643e-03	D:-2.257835e-02	D:9.053896e-01	D:9.678965e-01	D:0.7180955	D:1.104346e-02	D:9.999747e-01	S:TRUE	S:FALSE	S:TRUE	S:FALSE	S:TRUE	S:FALSE	S:FALSE	N:	N:	N:	N:
S:Gm410	S:GM410	S: 9	D:1.0539110	D:1.128394e-03	D:1.076972e-02	D:-3.195162e-03	D:9.904480e-01	D:9.970129e-01	D:1.0571061	D:1.175520e-02	D:9.999747e-01	S:TRUE	S:FALSE	S:TRUE	S:FALSE	S:TRUE	S:FALSE	S:FALSE	N:	N:	N:	N:
S:Fam135b	S:FAM135B	S: 9	D:0.4350815	D:5.612187e-04	D:6.240912e-03	D:-8.386708e-03	D:9.455715e-01	D:9.824838e-01	D:0.4434682	D:1.183982e-02	D:9.999747e-01	S:TRUE	S:FALSE	S:TRUE	S:FALSE	S:TRUE	S:FALSE	S:FALSE	N:	N:	N:	N:
S:Ryr3	S:RYR3	S: 9	D:0.5052332	D:1.895696e-04	D:2.577751e-03	S: 3.683169e-02	D:7.775729e-01	D:9.165282e-01	D:0.4684015	D:1.247472e-02	D:9.999747e-01	S:TRUE	S:FALSE	S:TRUE	S:FALSE	S:TRUE	S:FALSE	S:FALSE	N:	N:	N:	N:
S:Chst3	S:CHST3	S: 9	D:0.5716006	D:4.155664e-03	D:2.951277e-02	D:-1.596410e-01	D:4.529616e-01	D:7.366195e-01	D:0.7312416	D:1.263250e-02	D:9.999747e-01	S:TRUE	S:FALSE	S:TRUE	S:FALSE	S:TRUE	S:FALSE	S:FALSE	N:	N:	N:	N:
S:Sec14l3	S:SEC14L3	S: 9	D:1.1685290	D:6.688132e-04	D:7.142541e-03	D:-2.710330e-01	D:5.729443e-01	D:8.129560e-01	D:1.4395620	D:1.531917e-02	D:9.999747e-01	S:TRUE	S:FALSE	S:TRUE	S:FALSE	S:TRUE	S:FALSE	S:FALSE	N:	N:	N:	N:
S:Folh1	S:FOLH1	S: 9	D:0.5051252	D:5.467834e-03	D:3.644601e-02	D:-9.232037e-02	D:5.903025e-01	D:8.220773e-01	D:0.5974456	D:1.725407e-02	D:9.999747e-01	S:TRUE	S:FALSE	S:TRUE	S:FALSE	S:TRUE	S:FALSE	S:FALSE	N:	N:	N:	N:
S:Sox11	S:SOX11	S: 9	D:1.2544971	D:4.206520e-04	D:4.967699e-03	S: 3.678059e-02	D:9.211070e-01	D:9.743731e-01	D:1.2177165	D:1.780341e-02	D:9.999747e-01	S:TRUE	S:FALSE	S:TRUE	S:FALSE	S:TRUE	S:TRUE	S:TRUE	N:	N:	N:	N:
S:Sik2	S:SIK2	S: 9	D:0.6857203	D:1.787423e-08	D:1.137284e-06	S: 3.007903e-01	D:1.064933e-02	D:7.199705e-02	D:0.3849299	D:1.844050e-02	D:9.999747e-01	S:TRUE	S:FALSE	S:TRUE	S:FALSE	S:TRUE	S:FALSE	S:FALSE	N:	N:	N:	N:
S:Slc7a7	S:SLC7A7	S: 9	D:0.9055442	D:8.055384e-04	D:8.225969e-03	S: 3.219780e-02	D:9.026249e-01	D:9.674200e-01	D:0.8733464	D:2.048348e-02	D:9.999747e-01	S:TRUE	S:FALSE	S:TRUE	S:FALSE	S:TRUE	S:FALSE	S:FALSE	N:	N:	N:	N:
S:Dapk2	S:DAPK2	S: 9	D:1.9303489	D:7.029634e-14	D:2.153549e-11	S: 1.189089e+00	D:1.002636e-06	D:4.895369e-05	D:0.7412601	D:2.140291e-02	D:9.999747e-01	S:TRUE	S:TRUE	S:TRUE	S:FALSE	S:TRUE	S:FALSE	S:FALSE	N:	N:	N:	N:
S:Nrp1	S:NRP1	S: 9	D:0.6763998	D:1.436510e-09	D:1.289887e-07	S: 3.432473e-01	D:1.025303e-03	D:1.303465e-02	D:0.3331525	D:2.200122e-02	D:9.999747e-01	S:TRUE	S:TRUE	S:TRUE	S:FALSE	S:TRUE	S:FALSE	S:FALSE	N:	N:	N:	N:
S:Kcnj6	S:KCNJ6	S: 9	D:0.3769632	D:9.846234e-04	D:9.610500e-03	S: 1.035701e-02	D:9.280065e-01	D:9.769674e-01	D:0.3666062	D:2.350796e-02	D:9.999747e-01	S:TRUE	S:FALSE	S:TRUE	S:FALSE	S:TRUE	S:FALSE	S:FALSE	N:	N:	N:	N:
S:Samd15	S:SAMD15	S: 9	D:0.9082205	D:8.488456e-07	D:3.195750e-05	S: 3.527880e-01	D:4.015183e-02	D:1.811179e-01	D:0.5554326	D:2.382705e-02	D:9.999747e-01	S:TRUE	S:FALSE	S:TRUE	S:FALSE	S:TRUE	S:FALSE	S:FALSE	N:	N:	N:	N:
S:Wdr20a	S:WDR20A	S: 9	D:0.2380192	D:7.354529e-04	D:7.667312e-03	S: 1.690111e-02	D:8.054135e-01	D:9.297803e-01	D:0.2211181	D:2.431100e-02	D:9.999747e-01	S:TRUE	S:FALSE	S:TRUE	S:FALSE	S:TRUE	S:FALSE	S:FALSE	N:	N:	N:	N:
S:Kcnk13	S:KCNK13	S: 9	D:0.6195300	D:7.423524e-03	D:4.619081e-02	D:-9.796947e-02	D:6.539615e-01	D:8.588295e-01	D:0.7174994	D:2.463116e-02	D:9.999747e-01	S:TRUE	S:FALSE	S:TRUE	S:FALSE	S:TRUE	S:FALSE	S:FALSE	N:	N:	N:	N:
S:Kctd7	S:KCTD7	S: 9	D:0.2352811	D:4.087966e-03	D:2.920228e-02	D:-2.233970e-02	D:7.803148e-01	D:9.179704e-01	D:0.2576208	D:2.486523e-02	D:9.999747e-01	S:TRUE	S:FALSE	S:TRUE	S:FALSE	S:TRUE	S:FALSE	S:FALSE	N:	N:	N:	N:
S:Eps8l1	S:EPS8L1	S: 9	D:0.4703228	D:3.718048e-03	D:2.722154e-02	D:-4.040712e-02	D:7.997743e-01	D:9.266739e-01	D:0.5107300	D:2.492107e-02	D:9.999747e-01	S:TRUE	S:FALSE	S:TRUE	S:FALSE	S:TRUE	S:FALSE	S:FALSE	N:	N:	N:	N:
S:Heatr3	S:HEATR3	S: 9	D:0.1987575	D:4.402336e-04	D:5.140665e-03	S: 2.250925e-02	D:6.836333e-01	D:8.726981e-01	D:0.1762482	D:2.526025e-02	D:9.999747e-01	S:TRUE	S:FALSE	S:TRUE	S:FALSE	S:TRUE	S:FALSE	S:FALSE	N:	N:	N:	N:
S:Lsg1	S:LSG1	S: 9	D:0.2769739	D:5.375679e-05	D:9.332606e-04	S: 6.646989e-02	D:3.141609e-01	D:6.163680e-01	D:0.2105040	D:2.550763e-02	D:9.999747e-01	S:TRUE	S:FALSE	S:TRUE	S:FALSE	S:TRUE	S:FALSE	S:FALSE	N:	N:	N:	N:
S:1700003d09rik	S:1700003D09RIK	S: 9	D:1.2972586	D:3.101131e-03	D:2.360062e-02	D:-8.903430e-02	D:8.389331e-01	D:9.432016e-01	D:1.3862929	D:2.556862e-02	D:9.999747e-01	S:TRUE	S:FALSE	S:TRUE	S:FALSE	S:TRUE	S:FALSE	S:FALSE	N:	N:	N:	N:
S:Inpp5a	S:INPP5A	S: 9	D:0.3141779	D:1.757196e-06	D:5.684147e-05	S: 1.167187e-01	D:6.182850e-02	D:2.397331e-01	D:0.1974592	D:2.596740e-02	D:9.999747e-01	S:TRUE	S:FALSE	S:TRUE	S:FALSE	S:TRUE	S:FALSE	S:FALSE	N:	N:	N:	N:
S:Dimt1	S:DIMT1	S: 9	D:0.3010825	D:5.419936e-03	D:3.623495e-02	D:-4.232856e-02	D:6.992838e-01	D:8.797301e-01	D:0.3434111	D:2.621099e-02	D:9.999747e-01	S:TRUE	S:FALSE	S:TRUE	S:FALSE	S:TRUE	S:FALSE	S:FALSE	N:	N:	N:	N:
S:Cbl	S:CBL	S: 9	D:0.3575496	D:3.995570e-03	D:2.866244e-02	D:-2.814857e-02	D:8.187085e-01	D:9.347780e-01	D:0.3856982	D:2.750992e-02	D:9.999747e-01	S:TRUE	S:FALSE	S:TRUE	S:FALSE	S:TRUE	S:FALSE	S:FALSE	N:	N:	N:	N:
S:Plin4	S:PLIN4	S: 9	D:2.7574493	D:5.648962e-09	D:4.263738e-07	S: 1.527888e+00	D:2.954791e-05	D:8.156476e-04	D:1.2295617	D:2.883542e-02	D:9.999747e-01	S:TRUE	S:TRUE	S:TRUE	S:FALSE	S:TRUE	S:FALSE	S:FALSE	N:	N:	N:	N:
S:Wisp1	S:WISP1	S: 9	D:1.6336470	D:2.081092e-18	D:2.955908e-15	S: 1.154603e+00	D:3.962706e-11	D:7.937604e-09	D:0.4790440	D:2.888958e-02	D:9.999747e-01	S:TRUE	S:TRUE	S:TRUE	S:FALSE	S:TRUE	S:FALSE	S:FALSE	N:	N:	N:	N:
S:Gdpd2	S:GDPD2	S: 9	D:0.5907910	D:1.566736e-03	D:1.385324e-02	S: 1.186979e-02	D:9.504538e-01	D:9.842399e-01	D:0.5789212	D:3.020394e-02	D:9.999747e-01	S:TRUE	S:FALSE	S:TRUE	S:FALSE	S:TRUE	S:FALSE	S:FALSE	N:	N:	N:	N:
S:4831426i19rik	S:4831426I19RIK	S: 9	D:0.8578115	D:3.683699e-03	D:2.706141e-02	S: 5.653982e-03	D:9.826597e-01	D:9.944989e-01	D:0.8521575	D:3.037302e-02	D:9.999747e-01	S:TRUE	S:FALSE	S:TRUE	S:FALSE	S:TRUE	S:FALSE	S:FALSE	N:	N:	N:	N:
S:Gm6907	S:GM6907	S: 9	D:1.1208131	D:4.752585e-04	D:5.455870e-03	S: 1.879250e-01	D:5.253468e-01	D:7.854072e-01	D:0.9328881	D:3.158513e-02	D:9.999747e-01	S:TRUE	S:FALSE	S:TRUE	S:FALSE	S:TRUE	S:FALSE	S:FALSE	N:	N:	N:	N:
S:Gm16291	S:GM16291	S: 9	D:1.0632527	D:3.360038e-03	D:2.525119e-02	S: 1.949028e-02	D:9.534382e-01	D:9.848938e-01	D:1.0437624	D:3.411281e-02	D:9.999747e-01	S:TRUE	S:FALSE	S:TRUE	S:FALSE	S:TRUE	S:FALSE	S:FALSE	N:	N:	N:	N:
S:Hjurp	S:HJURP	S: 9	D:0.2728844	D:7.356183e-04	D:7.667312e-03	S: 3.530450e-02	D:6.526327e-01	D:8.587446e-01	D:0.2375799	D:3.423464e-02	D:9.999747e-01	S:TRUE	S:FALSE	S:TRUE	S:FALSE	S:TRUE	S:FALSE	S:FALSE	N:	N:	N:	N:
S:Sv2c	S:SV2C	S: 9	D:0.6262828	D:1.844463e-03	D:1.578340e-02	S: 2.793155e-02	D:8.887845e-01	D:9.627934e-01	D:0.5983513	D:3.458582e-02	D:9.999747e-01	S:TRUE	S:FALSE	S:TRUE	S:FALSE	S:TRUE	S:FALSE	S:FALSE	N:	N:	N:	N:
S:Kidins220	S:KIDINS220	S: 9	D:0.1487141	D:2.495947e-03	D:2.003940e-02	S: 4.176177e-03	D:9.306766e-01	D:9.776183e-01	D:0.1445379	D:3.535025e-02	D:9.999747e-01	S:TRUE	S:FALSE	S:TRUE	S:FALSE	S:TRUE	S:FALSE	S:FALSE	N:	N:	N:	N:
S:Gm16576	S:GM16576	S: 9	D:0.7601454	D:7.253724e-03	D:4.529664e-02	D:-8.412289e-02	D:7.685524e-01	D:9.127984e-01	D:0.8442683	D:3.625603e-02	D:9.999747e-01	S:TRUE	S:FALSE	S:TRUE	S:FALSE	S:TRUE	S:FALSE	S:FALSE	N:	N:	N:	N:
S:Htr1b	S:HTR1B	S: 9	D:0.9407966	D:1.124976e-05	D:2.647082e-04	S: 3.135425e-01	D:1.487312e-01	D:4.092812e-01	D:0.6272542	D:3.664811e-02	D:9.999747e-01	S:TRUE	S:FALSE	S:TRUE	S:FALSE	S:TRUE	S:FALSE	S:FALSE	N:	N:	N:	N:
S:9930013l23rik	S:9930013L23RIK	S: 9	D:0.3075545	D:2.116394e-04	D:2.821377e-03	S: 6.943503e-02	D:4.058159e-01	D:6.971882e-01	D:0.2381195	D:4.158119e-02	D:9.999747e-01	S:TRUE	S:FALSE	S:TRUE	S:FALSE	S:TRUE	S:FALSE	S:FALSE	N:	N:	N:	N:
S:Anln	S:ANLN	S: 9	D:0.9076676	D:8.852345e-04	D:8.871651e-03	S: 1.639190e-01	D:5.080798e-01	D:7.745379e-01	D:0.7437487	D:4.247514e-02	D:9.999747e-01	S:TRUE	S:FALSE	S:TRUE	S:FALSE	S:TRUE	S:FALSE	S:FALSE	N:	N:	N:	N:
S:Il6st	S:IL6ST	S: 9	D:0.2211525	D:1.218779e-04	D:1.813787e-03	S: 6.201149e-02	D:2.649584e-01	D:5.621551e-01	D:0.1591410	D:4.445355e-02	D:9.999747e-01	S:TRUE	S:FALSE	S:TRUE	S:FALSE	S:TRUE	S:FALSE	S:FALSE	N:	N:	N:	N:
S:Igf1r	S:IGF1R	S: 9	D:0.4319761	D:7.785393e-03	D:4.790822e-02	D:-3.132062e-02	D:8.478993e-01	D:9.475458e-01	D:0.4632967	D:4.449462e-02	D:9.999747e-01	S:TRUE	S:FALSE	S:TRUE	S:FALSE	S:TRUE	S:FALSE	S:FALSE	N:	N:	N:	N:
S:Lrrc2	S:LRRC2	S: 9	D:0.8401151	D:3.039561e-04	D:3.801955e-03	S: 1.926082e-01	D:3.960930e-01	D:6.880762e-01	D:0.6475069	D:4.465629e-02	D:9.999747e-01	S:TRUE	S:FALSE	S:TRUE	S:FALSE	S:TRUE	S:FALSE	S:FALSE	N:	N:	N:	N:
S:Atp10a	S:ATP10A	S: 9	D:0.4912470	D:1.313911e-07	D:6.507096e-06	S: 2.406509e-01	D:7.766717e-03	D:5.675734e-02	D:0.2505961	D:4.528331e-02	D:9.999747e-01	S:TRUE	S:FALSE	S:TRUE	S:FALSE	S:TRUE	S:FALSE	S:FALSE	N:	N:	N:	N:
S:Gm12394	S:GM12394	S: 9	D:0.6215457	D:3.841602e-03	D:2.778759e-02	D:-6.099232e-02	D:8.177888e-01	D:9.344791e-01	D:0.6825380	D:4.573582e-02	D:9.999747e-01	S:TRUE	S:FALSE	S:TRUE	S:FALSE	S:TRUE	S:FALSE	S:FALSE	N:	N:	N:	N:
S:Tmem178	S:TMEM178	S: 9	D:0.5823935	D:1.654484e-13	D:4.381297e-11	S: 3.884105e-01	D:1.246938e-07	D:8.620425e-06	D:0.1939830	D:4.633231e-02	D:9.999747e-01	S:TRUE	S:TRUE	S:TRUE	S:FALSE	S:TRUE	S:TRUE	S:TRUE	N:	N:	N:	N:
S:Hmbox1	S:HMBOX1	S: 9	D:0.1819268	D:7.842787e-03	D:4.820444e-02	D:-8.992060e-03	D:8.940146e-01	D:9.645096e-01	D:0.1909189	D:4.720070e-02	D:9.999747e-01	S:TRUE	S:FALSE	S:TRUE	S:FALSE	S:TRUE	S:FALSE	S:FALSE	N:	N:	N:	N:
S:Hes1	S:HES1	S: 9	D:0.5407742	D:1.382620e-05	D:3.130732e-04	S: 2.013401e-01	D:1.020715e-01	D:3.310701e-01	D:0.3394342	D:4.833882e-02	D:9.999747e-01	S:TRUE	S:FALSE	S:TRUE	S:FALSE	S:TRUE	S:FALSE	S:FALSE	N:	N:	N:	N:
S:Ddx19a	S:DDX19A	S: 9	D:0.2930202	D:1.929257e-06	D:6.126568e-05	S: 1.291783e-01	D:2.894411e-02	D:1.449897e-01	D:0.1638418	D:4.870215e-02	D:9.999747e-01	S:TRUE	S:FALSE	S:TRUE	S:FALSE	S:TRUE	S:FALSE	S:FALSE	N:	N:	N:	N:
S:Drd1a	S:DRD1A	S: 9	D:0.3460267	D:7.517946e-03	D:4.663518e-02	D:-1.469130e-02	D:9.096001e-01	D:9.698097e-01	D:0.3607180	D:4.893407e-02	D:9.999747e-01	S:TRUE	S:FALSE	S:TRUE	S:FALSE	S:TRUE	S:FALSE	S:FALSE	N:	N:	N:	N:
S:Scgb3a2	S:SCGB3A2	D:12	D:4.1619050	D:9.760157e-17	D:8.471816e-14	D:-9.128130e-02	D:8.643130e-01	D:9.412439e-01	D:4.2531863	D:8.505534e-09	D:1.328905e-04	S:TRUE	S:FALSE	S:TRUE	S:TRUE	S:TRUE	S:FALSE	S:FALSE	N:	N:	N:	N:
S:Cxcl15	S:CXCL15	D:12	D:4.8657296	D:3.283758e-17	D:3.228462e-14	S: 1.723293e-01	D:7.856650e-01	D:9.009343e-01	D:4.6934003	D:4.357188e-08	D:3.403835e-04	S:TRUE	S:FALSE	S:TRUE	S:TRUE	S:TRUE	S:FALSE	S:FALSE	N:	N:	N:	N:
S:Scgb1a1	S:SCGB1A1	D:12	D:6.9821206	D:7.096864e-13	D:1.817728e-10	D:-1.291856e+00	D:2.616872e-01	D:5.273944e-01	D:8.2739767	D:7.672119e-08	D:3.743697e-04	S:TRUE	S:FALSE	S:TRUE	S:TRUE	S:TRUE	S:FALSE	S:FALSE	N:	N:	N:	N:
S:Sftpa1	S:SFTPA1	D:12	D:5.5562479	D:8.716061e-18	D:1.237998e-14	S: 4.348037e-01	D:5.445204e-01	D:7.593338e-01	D:5.1214441	D:9.584477e-08	D:3.743697e-04	S:TRUE	S:FALSE	S:TRUE	S:TRUE	S:TRUE	S:FALSE	S:FALSE	N:	N:	N:	N:
S:Sftpc	S:SFTPC	D:12	D:3.4140052	D:1.700036e-11	D:3.124866e-09	S: 2.310804e-01	D:6.987231e-01	D:8.524831e-01	D:3.1829248	D:4.518332e-05	D:1.411888e-01	S:TRUE	S:FALSE	S:TRUE	S:FALSE	S:TRUE	S:FALSE	S:FALSE	N:	N:	N:	N:
S:Rreb1	S:RREB1	D:12	D:0.5056027	D:1.341458e-04	D:2.089626e-03	D:-2.259792e-01	D:7.290343e-02	D:2.626339e-01	D:0.7315819	D:8.307478e-05	D:2.163267e-01	S:TRUE	S:FALSE	S:TRUE	S:FALSE	S:TRUE	S:FALSE	S:FALSE	N:	N:	N:	N:
S:Cyp2f2	S:CYP2F2	D:12	D:3.8244032	D:5.391590e-11	D:8.258647e-09	S: 1.761470e-01	D:8.132407e-01	D:9.149917e-01	D:3.6482563	D:1.127882e-04	D:2.517433e-01	S:TRUE	S:FALSE	S:TRUE	S:FALSE	S:TRUE	S:FALSE	S:FALSE	N:	N:	N:	N:
S:Trp53bp1	S:TRP53BP1	D:12	D:0.1584494	D:2.668191e-03	D:2.177156e-02	D:-1.170862e-01	D:2.490628e-02	D:1.384332e-01	D:0.2755356	D:2.611245e-04	D:4.533121e-01	S:TRUE	S:FALSE	S:TRUE	S:FALSE	S:TRUE	S:FALSE	S:FALSE	N:	N:	N:	N:
S:Slc34a2	S:SLC34A2	D:12	D:3.7106546	D:5.124775e-10	D:5.919878e-08	S: 6.239513e-02	D:9.389183e-01	D:9.762650e-01	D:3.6482595	D:3.040127e-04	D:4.749894e-01	S:TRUE	S:FALSE	S:TRUE	S:FALSE	S:TRUE	S:FALSE	S:FALSE	N:	N:	N:	N:
S:Abcc5	S:ABCC5	D:12	D:0.4575515	D:1.422164e-09	D:1.371598e-07	S: 1.164537e-01	D:9.155402e-02	D:2.987552e-01	D:0.3410977	D:6.390436e-04	D:5.457761e-01	S:TRUE	S:FALSE	S:TRUE	S:FALSE	S:TRUE	S:FALSE	S:FALSE	N:	N:	N:	N:
S:Eml6	S:EML6	D:12	D:0.1895896	D:3.806573e-03	D:2.845673e-02	D:-1.306493e-01	D:4.614265e-02	D:2.003704e-01	D:0.3202388	D:6.573004e-04	D:5.457761e-01	S:TRUE	S:FALSE	S:TRUE	S:FALSE	S:TRUE	S:FALSE	S:FALSE	N:	N:	N:	N:
S:Plekhh2	S:PLEKHH2	D:12	D:0.7278021	D:2.845482e-11	D:4.832371e-09	S: 2.628805e-01	D:4.423147e-03	D:4.442063e-02	D:0.4649216	D:6.723272e-04	D:5.457761e-01	S:TRUE	S:TRUE	S:TRUE	S:FALSE	S:TRUE	S:FALSE	S:FALSE	N:	N:	N:	N:
S:Tm6sf1	S:TM6SF1	D:12	D:0.4203774	D:1.545669e-06	D:5.791255e-05	S: 1.475568e-02	D:8.586904e-01	D:9.383912e-01	D:0.4056217	D:7.485863e-04	D:5.457761e-01	S:TRUE	S:FALSE	S:TRUE	S:FALSE	S:TRUE	S:FALSE	S:FALSE	N:	N:	N:	N:
S:4933423p22rik	S:4933423P22RIK	D:12	D:2.3391050	D:9.646454e-06	D:2.533045e-04	S: 1.820247e-01	D:6.235932e-01	D:8.088743e-01	D:2.1570803	D:7.899355e-04	D:5.457761e-01	S:TRUE	S:FALSE	S:TRUE	S:FALSE	S:TRUE	S:FALSE	S:FALSE	N:	N:	N:	N:
S:Klf3	S:KLF3	D:12	D:0.3133468	D:6.470977e-04	D:7.305097e-03	D:-1.223522e-01	D:1.761864e-01	D:4.293770e-01	D:0.4356989	D:8.364784e-04	D:5.457761e-01	S:TRUE	S:FALSE	S:TRUE	S:FALSE	S:TRUE	S:FALSE	S:FALSE	N:	N:	N:	N:
S:Mettl17	S:METTL17	D:12	D:0.3953171	D:3.363031e-04	D:4.317502e-03	D:-1.198285e-01	D:2.571658e-01	D:5.226870e-01	D:0.5151456	D:8.454039e-04	D:5.457761e-01	S:TRUE	S:FALSE	S:TRUE	S:FALSE	S:TRUE	S:FALSE	S:FALSE	N:	N:	N:	N:
S:Cd36	S:CD36	D:12	D:1.0535453	D:8.917765e-04	D:9.294941e-03	D:-7.309011e-01	D:8.410626e-02	D:2.841785e-01	D:1.7844464	D:8.732976e-04	D:5.457761e-01	S:TRUE	S:FALSE	S:TRUE	S:FALSE	S:TRUE	S:FALSE	S:FALSE	N:	N:	N:	N:
S:Srgap2	S:SRGAP2	D:12	D:0.3084214	D:2.496686e-08	D:1.618599e-06	S: 6.789594e-02	D:1.844736e-01	D:4.401000e-01	D:0.2405254	D:1.160522e-03	D:6.483513e-01	S:TRUE	S:FALSE	S:TRUE	S:FALSE	S:TRUE	S:FALSE	S:FALSE	N:	N:	N:	N:
S:1110035h17rik	S:1110035H17RIK	D:12	D:1.6276265	D:1.635013e-05	D:3.847206e-04	D:-6.244644e-02	D:8.608338e-01	D:9.394074e-01	D:1.6900729	D:1.161920e-03	D:6.483513e-01	S:TRUE	S:FALSE	S:TRUE	S:FALSE	S:TRUE	S:FALSE	S:FALSE	N:	N:	N:	N:
S:Gm16364	S:GM16364	D:12	D:0.8434391	D:3.713937e-03	D:2.788398e-02	D:-4.280131e-01	D:1.016109e-01	D:3.166927e-01	D:1.2714522	D:1.310454e-03	D:6.698438e-01	S:TRUE	S:FALSE	S:TRUE	S:FALSE	S:TRUE	S:FALSE	S:FALSE	N:	N:	N:	N:
S:Ccdc37	S:CCDC37	D:12	D:1.3781090	D:1.317358e-10	D:1.837714e-08	S: 4.968058e-01	D:1.195714e-02	D:8.491745e-02	D:0.8813032	D:1.667975e-03	D:6.951568e-01	S:TRUE	S:FALSE	S:TRUE	S:FALSE	S:TRUE	S:FALSE	S:FALSE	N:	N:	N:	N:
S:Lhx6	S:LHX6	D:12	D:0.4748722	D:1.926161e-07	D:9.614806e-06	S: 8.561896e-02	D:3.237700e-01	D:5.875989e-01	D:0.3892532	D:1.748263e-03	D:6.951568e-01	S:TRUE	S:FALSE	S:TRUE	S:FALSE	S:TRUE	S:FALSE	S:FALSE	N:	N:	N:	N:
S:Hjurp	S:HJURP	D:12	D:0.2157888	D:6.998616e-03	D:4.527424e-02	D:-1.380568e-01	D:8.057836e-02	D:2.772421e-01	D:0.3538457	D:1.873063e-03	D:6.951568e-01	S:TRUE	S:FALSE	S:TRUE	S:FALSE	S:TRUE	S:FALSE	S:FALSE	N:	N:	N:	N:
S:9930013l23rik	S:9930013L23RIK	D:12	D:0.2543228	D:2.159700e-03	D:1.855039e-02	D:-1.064662e-01	D:2.002631e-01	D:4.601339e-01	D:0.3607889	D:2.345803e-03	D:6.951568e-01	S:TRUE	S:FALSE	S:TRUE	S:FALSE	S:TRUE	S:FALSE	S:FALSE	N:	N:	N:	N:
S:Gm8152	S:GM8152	D:12	D:1.4294062	D:1.266843e-03	D:1.223310e-02	D:-3.748444e-01	D:3.338662e-01	D:5.977226e-01	D:1.8042506	D:2.378428e-03	D:6.951568e-01	S:TRUE	S:FALSE	S:TRUE	S:FALSE	S:TRUE	S:FALSE	S:FALSE	N:	N:	N:	N:
S:Gm9821	S:GM9821	D:12	D:1.0281949	D:5.702868e-03	D:3.875668e-02	D:-5.376252e-01	D:1.241746e-01	D:3.545511e-01	D:1.5658201	D:2.409088e-03	D:6.951568e-01	S:TRUE	S:FALSE	S:TRUE	S:FALSE	S:TRUE	S:FALSE	S:FALSE	N:	N:	N:	N:
S:Celf6	S:CELF6	D:12	D:0.6054993	D:4.014575e-09	D:3.336368e-07	S: 1.941840e-01	D:4.451146e-02	D:1.961216e-01	D:0.4113152	D:2.706737e-03	D:6.951568e-01	S:TRUE	S:FALSE	S:TRUE	S:FALSE	S:TRUE	S:FALSE	S:FALSE	N:	N:	N:	N:
S:Oprm1	S:OPRM1	D:12	D:1.0069598	D:1.042153e-04	D:1.712156e-03	D:-7.792454e-02	D:7.584538e-01	D:8.873511e-01	D:1.0848843	D:2.869095e-03	D:6.951568e-01	S:TRUE	S:FALSE	S:TRUE	S:FALSE	S:TRUE	S:FALSE	S:FALSE	N:	N:	N:	N:
S:Fam173b	S:FAM173B	D:12	D:0.4181595	D:6.639347e-04	D:7.457452e-03	D:-8.946739e-02	D:4.431393e-01	D:6.896024e-01	D:0.5076269	D:2.916632e-03	D:6.951568e-01	S:TRUE	S:FALSE	S:TRUE	S:FALSE	S:TRUE	S:FALSE	S:FALSE	N:	N:	N:	N:
S:Ttll3	S:TTLL3	D:12	D:1.0677290	D:1.608304e-07	D:8.185060e-06	S: 2.554239e-01	D:1.756523e-01	D:4.286773e-01	D:0.8123051	D:2.916907e-03	D:6.951568e-01	S:TRUE	S:FALSE	S:TRUE	S:FALSE	S:TRUE	S:FALSE	S:FALSE	N:	N:	N:	N:
S:Caaa01083517.1.42631.2	S:CAAA01083517.1.42631.2	D:12	D:0.2882648	D:3.098802e-03	D:2.440306e-02	D:-1.244445e-01	D:1.999855e-01	D:4.595636e-01	D:0.4127094	D:2.966733e-03	D:6.951568e-01	S:TRUE	S:FALSE	S:TRUE	S:FALSE	S:TRUE	S:FALSE	S:FALSE	N:	N:	N:	N:
S:Ggcx	S:GGCX	D:12	D:0.5276587	D:6.327431e-08	D:3.608021e-06	S: 1.414192e-01	D:1.184517e-01	D:3.455358e-01	D:0.3862396	D:3.056500e-03	D:6.951568e-01	S:TRUE	S:FALSE	S:TRUE	S:FALSE	S:TRUE	S:FALSE	S:FALSE	N:	N:	N:	N:
S:Gramd1b	S:GRAMD1B	D:12	D:0.5127504	D:2.071510e-14	D:7.893968e-12	S: 2.685277e-01	D:8.301053e-06	D:4.323189e-04	D:0.2442227	D:3.141532e-03	D:6.951568e-01	S:TRUE	S:TRUE	S:TRUE	S:FALSE	S:TRUE	S:FALSE	S:FALSE	N:	N:	N:	N:
S:Mllt4	S:MLLT4	D:12	D:0.2276839	D:6.941813e-05	D:1.245111e-03	D:-6.800239e-03	D:9.014087e-01	D:9.570386e-01	D:0.2344842	D:3.153569e-03	D:6.951568e-01	S:TRUE	S:FALSE	S:TRUE	S:FALSE	S:TRUE	S:FALSE	S:FALSE	N:	N:	N:	N:
S:4933408b17rik	S:4933408B17RIK	D:12	D:0.8460591	D:4.727810e-04	D:5.682100e-03	D:-1.226987e-01	D:5.778836e-01	D:7.824453e-01	D:0.9687579	D:3.240033e-03	D:6.951568e-01	S:TRUE	S:FALSE	S:TRUE	S:FALSE	S:TRUE	S:FALSE	S:FALSE	N:	N:	N:	N:
S:Sstr4	S:SSTR4	D:12	D:0.4895691	D:7.820062e-06	D:2.132298e-04	S: 3.393198e-02	D:7.585254e-01	D:8.873511e-01	D:0.4556371	D:3.291063e-03	D:6.951568e-01	S:TRUE	S:FALSE	S:TRUE	S:FALSE	S:TRUE	S:FALSE	S:FALSE	N:	N:	N:	N:
S:Atp10a	S:ATP10A	D:12	D:0.4653694	D:1.059937e-07	D:5.632810e-06	S: 1.171428e-01	D:1.677819e-01	D:4.189586e-01	D:0.3482266	D:3.653580e-03	D:7.225763e-01	S:TRUE	S:FALSE	S:TRUE	S:FALSE	S:TRUE	S:FALSE	S:FALSE	N:	N:	N:	N:
S:Atxn2	S:ATXN2	D:12	D:0.2163420	D:1.804918e-04	D:2.635518e-03	D:-1.454380e-02	D:7.940369e-01	D:9.058582e-01	D:0.2308858	D:4.115375e-03	D:7.385712e-01	S:TRUE	S:FALSE	S:TRUE	S:FALSE	S:TRUE	S:FALSE	S:FALSE	N:	N:	N:	N:
S:Mdn1	S:MDN1	D:12	D:0.5242165	D:8.287921e-07	D:3.402598e-05	S: 1.114635e-01	D:2.651312e-01	D:5.310101e-01	D:0.4127530	D:4.171779e-03	D:7.385712e-01	S:TRUE	S:FALSE	S:TRUE	S:FALSE	S:TRUE	S:FALSE	S:FALSE	N:	N:	N:	N:
S:Mll1	S:MLL1	D:12	D:0.4321927	D:6.315083e-06	D:1.784743e-04	S: 5.838995e-02	D:5.197844e-01	D:7.430792e-01	D:0.3738027	D:4.312942e-03	D:7.385712e-01	S:TRUE	S:FALSE	S:TRUE	S:FALSE	S:TRUE	S:FALSE	S:FALSE	N:	N:	N:	N:
S:Htr1b	S:HTR1B	D:12	D:1.2911968	D:9.353388e-09	D:6.860908e-07	S: 4.288880e-01	D:4.668808e-02	D:2.015865e-01	D:0.8623088	D:4.411444e-03	D:7.385712e-01	S:TRUE	S:FALSE	S:TRUE	S:FALSE	S:TRUE	S:FALSE	S:FALSE	N:	N:	N:	N:
S:Mlxip	S:MLXIP	D:12	D:0.2541894	D:1.928897e-03	D:1.694999e-02	D:-7.484100e-02	D:3.517149e-01	D:6.138928e-01	D:0.3290304	D:4.438847e-03	D:7.385712e-01	S:TRUE	S:FALSE	S:TRUE	S:FALSE	S:TRUE	S:FALSE	S:FALSE	N:	N:	N:	N:
S:Asap2	S:ASAP2	D:12	D:0.4860859	D:4.602901e-12	D:9.851470e-10	S: 2.345105e-01	D:2.422334e-04	D:5.414384e-03	D:0.2515754	D:4.741897e-03	D:7.547348e-01	S:TRUE	S:TRUE	S:TRUE	S:FALSE	S:TRUE	S:FALSE	S:FALSE	N:	N:	N:	N:
S:Cbr2	S:CBR2	D:12	D:1.6037772	D:2.280745e-04	D:3.170317e-03	D:-2.249249e-01	D:6.362315e-01	D:8.168391e-01	D:1.8287021	D:4.742909e-03	D:7.547348e-01	S:TRUE	S:FALSE	S:TRUE	S:FALSE	S:TRUE	S:FALSE	S:FALSE	N:	N:	N:	N:
S:Ikbkb	S:IKBKB	D:12	D:0.2844256	D:7.145259e-06	D:1.968916e-04	S: 3.994672e-02	D:5.077404e-01	D:7.351742e-01	D:0.2444788	D:4.879309e-03	D:7.547952e-01	S:TRUE	S:FALSE	S:TRUE	S:FALSE	S:TRUE	S:FALSE	S:FALSE	N:	N:	N:	N:
S:Hmbox1	S:HMBOX1	D:12	D:0.3540211	D:8.166854e-07	D:3.366726e-05	S: 8.445763e-02	D:2.100189e-01	D:4.711854e-01	D:0.2695635	D:5.440718e-03	D:7.655196e-01	S:TRUE	S:FALSE	S:TRUE	S:FALSE	S:TRUE	S:FALSE	S:FALSE	N:	N:	N:	N:
S:Gm14824	S:GM14824	D:12	D:1.3461624	D:1.198252e-05	D:2.995437e-04	S: 2.376384e-01	D:3.679326e-01	D:6.294323e-01	D:1.1085240	D:5.748976e-03	D:7.655196e-01	S:TRUE	S:FALSE	S:TRUE	S:FALSE	S:TRUE	S:FALSE	S:FALSE	N:	N:	N:	N:
S:Nvl	S:NVL	D:12	D:0.2818842	D:1.065585e-03	D:1.065857e-02	D:-4.988662e-02	D:5.518663e-01	D:7.651397e-01	D:0.3317708	D:6.031063e-03	D:7.655196e-01	S:TRUE	S:FALSE	S:TRUE	S:FALSE	S:TRUE	S:FALSE	S:FALSE	N:	N:	N:	N:
S:Rbm28	S:RBM28	D:12	D:1.0290185	D:3.276685e-25	D:5.119492e-21	S: 7.398341e-01	D:6.718083e-17	D:2.624083e-13	D:0.2891845	D:6.048427e-03	D:7.655196e-01	S:TRUE	S:TRUE	S:TRUE	S:FALSE	S:TRUE	S:TRUE	S:TRUE	N:	N:	N:	N:
S:Pfas	S:PFAS	D:12	D:0.2622883	D:1.396231e-03	D:1.319705e-02	D:-4.934083e-02	D:5.303126e-01	D:7.516294e-01	D:0.3116291	D:6.382582e-03	D:7.655196e-01	S:TRUE	S:FALSE	S:TRUE	S:FALSE	S:TRUE	S:FALSE	S:FALSE	N:	N:	N:	N:
S:Gm17501	S:GM17501	D:12	D:1.1798170	D:4.225673e-04	D:5.166033e-03	D:-3.473578e-02	D:9.058206e-01	D:9.594309e-01	D:1.2145528	D:6.432235e-03	D:7.655196e-01	S:TRUE	S:FALSE	S:TRUE	S:FALSE	S:TRUE	S:FALSE	S:FALSE	N:	N:	N:	N:
S:Sf1	S:SF1	D:12	D:0.2351338	D:2.698469e-05	D:5.791329e-04	S: 2.529958e-02	D:6.362604e-01	D:8.168391e-01	D:0.2098342	D:6.492749e-03	D:7.655196e-01	S:TRUE	S:FALSE	S:TRUE	S:FALSE	S:TRUE	S:FALSE	S:FALSE	N:	N:	N:	N:
S:2500002b13rik	S:2500002B13RIK	D:12	D:0.8711078	D:9.949862e-05	D:1.652037e-03	S: 1.969945e-02	D:9.284306e-01	D:9.709177e-01	D:0.8514084	D:6.555404e-03	D:7.655196e-01	S:TRUE	S:FALSE	S:TRUE	S:FALSE	S:TRUE	S:FALSE	S:FALSE	N:	N:	N:	N:
S:Hpn	S:HPN	D:12	D:1.1163504	D:2.692310e-03	D:2.192009e-02	D:-2.475668e-01	D:4.577102e-01	D:7.001280e-01	D:1.3639172	D:6.629567e-03	D:7.655196e-01	S:TRUE	S:FALSE	S:TRUE	S:FALSE	S:TRUE	S:FALSE	S:FALSE	N:	N:	N:	N:
S:4933427d14rik	S:4933427D14RIK	D:12	D:0.4446093	D:3.619888e-08	D:2.209263e-06	S: 1.531289e-01	D:4.258001e-02	D:1.904518e-01	D:0.2914804	D:6.699931e-03	D:7.655196e-01	S:TRUE	S:FALSE	S:TRUE	S:FALSE	S:TRUE	S:FALSE	S:FALSE	N:	N:	N:	N:
S:Unc79	S:UNC79	D:12	D:0.3760396	D:6.303593e-07	D:2.726091e-05	S: 1.009399e-01	D:1.554566e-01	D:4.016207e-01	D:0.2750996	D:6.925802e-03	D:7.655196e-01	S:TRUE	S:FALSE	S:TRUE	S:FALSE	S:TRUE	S:FALSE	S:FALSE	N:	N:	N:	N:
S:Gm8355	S:GM8355	D:12	D:1.1851099	D:1.700295e-03	D:1.532031e-02	D:-2.293545e-01	D:5.249428e-01	D:7.467636e-01	D:1.4144644	D:7.052699e-03	D:7.655196e-01	S:TRUE	S:FALSE	S:TRUE	S:FALSE	S:TRUE	S:FALSE	S:FALSE	N:	N:	N:	N:
S:A930011o12rik	S:A930011O12RIK	D:12	D:0.5662617	D:9.196664e-06	D:2.439536e-04	S: 9.675775e-02	D:4.253083e-01	D:6.740736e-01	D:0.4695039	D:7.181293e-03	D:7.655196e-01	S:TRUE	S:FALSE	S:TRUE	S:FALSE	S:TRUE	S:FALSE	S:FALSE	N:	N:	N:	N:
S:Itsn1	S:ITSN1	D:12	D:0.4045024	D:5.531490e-10	D:6.308321e-08	S: 1.774527e-01	D:3.189445e-03	D:3.519202e-02	D:0.2270497	D:7.375773e-03	D:7.722321e-01	S:TRUE	S:TRUE	S:TRUE	S:FALSE	S:TRUE	S:FALSE	S:FALSE	N:	N:	N:	N:
S:Slc39a14	S:SLC39A14	D:12	D:0.2292357	D:7.897114e-05	D:1.369675e-03	S: 1.526756e-02	D:7.843772e-01	D:9.003963e-01	D:0.2139681	D:7.734403e-03	D:7.830847e-01	S:TRUE	S:FALSE	S:TRUE	S:FALSE	S:TRUE	S:FALSE	S:FALSE	N:	N:	N:	N:
S:Hcrtr2	S:HCRTR2	D:12	D:0.8229574	D:8.912361e-07	D:3.588833e-05	S: 2.227260e-01	D:1.594712e-01	D:4.070472e-01	D:0.6002313	D:8.060753e-03	D:7.909862e-01	S:TRUE	S:FALSE	S:TRUE	S:FALSE	S:TRUE	S:FALSE	S:FALSE	N:	N:	N:	N:
S:A330076h08rik	S:A330076H08RIK	D:12	D:0.6221300	D:2.395479e-03	D:2.004267e-02	D:-1.192096e-01	D:5.296603e-01	D:7.512789e-01	D:0.7413396	D:8.239234e-03	D:7.909862e-01	S:TRUE	S:FALSE	S:TRUE	S:FALSE	S:TRUE	S:FALSE	S:FALSE	N:	N:	N:	N:
S:Serac1	S:SERAC1	D:12	D:0.2849998	D:6.503950e-04	D:7.331726e-03	D:-2.182331e-02	D:7.867162e-01	D:9.012137e-01	D:0.3068231	D:8.415235e-03	D:7.909862e-01	S:TRUE	S:FALSE	S:TRUE	S:FALSE	S:TRUE	S:FALSE	S:FALSE	N:	N:	N:	N:
S:Ankrd52	S:ANKRD52	D:12	D:0.4715626	D:6.340121e-05	D:1.155870e-03	S: 4.249885e-02	D:7.076281e-01	D:8.574335e-01	D:0.4290638	D:8.460260e-03	D:7.909862e-01	S:TRUE	S:FALSE	S:TRUE	S:FALSE	S:TRUE	S:FALSE	S:FALSE	N:	N:	N:	N:
S:Spred3	S:SPRED3	D:12	D:0.8716169	D:2.607392e-19	D:6.789648e-16	S: 5.781861e-01	D:3.180069e-11	D:1.342848e-08	D:0.2934308	D:8.466198e-03	D:7.909862e-01	S:TRUE	S:TRUE	S:TRUE	S:FALSE	S:TRUE	S:FALSE	S:FALSE	N:	N:	N:	N:
S:Zmynd8	S:ZMYND8	D:12	D:0.4294448	D:2.248181e-09	D:1.995772e-07	S: 1.824789e-01	D:6.104480e-03	D:5.548365e-02	D:0.2469659	D:8.578561e-03	D:7.909862e-01	S:TRUE	S:FALSE	S:TRUE	S:FALSE	S:TRUE	S:FALSE	S:FALSE	N:	N:	N:	N:
S:Sel1l3	S:SEL1L3	D:12	D:0.2961760	D:1.935462e-05	D:4.408114e-04	S: 4.632120e-02	D:4.839956e-01	D:7.178852e-01	D:0.2498548	D:8.643324e-03	D:7.909862e-01	S:TRUE	S:FALSE	S:TRUE	S:FALSE	S:TRUE	S:FALSE	S:FALSE	N:	N:	N:	N:
S:Prdm10	S:PRDM10	D:12	D:0.5265619	D:3.183508e-07	D:1.498167e-05	S: 1.630571e-01	D:9.653116e-02	D:3.071224e-01	D:0.3635048	D:9.055798e-03	D:8.039079e-01	S:TRUE	S:FALSE	S:TRUE	S:FALSE	S:TRUE	S:FALSE	S:FALSE	N:	N:	N:	N:
S:Il15ra	S:IL15RA	D:12	D:0.3891531	D:9.427254e-04	D:9.683854e-03	D:-3.533101e-02	D:7.568205e-01	D:8.863991e-01	D:0.4244841	D:9.802067e-03	D:8.057162e-01	S:TRUE	S:FALSE	S:TRUE	S:FALSE	S:TRUE	S:FALSE	S:FALSE	N:	N:	N:	N:
S:Gm15674	S:GM15674	D:12	D:1.2681923	D:7.424928e-04	D:8.095399e-03	D:-3.172234e-02	D:9.250022e-01	D:9.691653e-01	D:1.2999147	D:1.010214e-02	D:8.057162e-01	S:TRUE	S:FALSE	S:TRUE	S:FALSE	S:TRUE	S:FALSE	S:FALSE	N:	N:	N:	N:
S:A130066n16rik	S:A130066N16RIK	D:12	D:2.3631967	D:6.880611e-05	D:1.235663e-03	S: 3.299653e-01	D:5.330143e-01	D:7.531714e-01	D:2.0332314	D:1.011928e-02	D:8.057162e-01	S:TRUE	S:FALSE	S:TRUE	S:FALSE	S:TRUE	S:FALSE	S:FALSE	N:	N:	N:	N:
S:Eml5	S:EML5	D:12	D:0.7500636	D:7.527884e-08	D:4.185610e-06	S: 2.736049e-01	D:3.622222e-02	D:1.742412e-01	D:0.4764587	D:1.032670e-02	D:8.057162e-01	S:TRUE	S:FALSE	S:TRUE	S:FALSE	S:TRUE	S:FALSE	S:FALSE	N:	N:	N:	N:
S:Pogz	S:POGZ	D:12	D:0.1229995	D:6.026139e-03	D:4.039142e-02	D:-3.900665e-02	D:3.760984e-01	D:6.363202e-01	D:0.1620061	D:1.039696e-02	D:8.057162e-01	S:TRUE	S:FALSE	S:TRUE	S:FALSE	S:TRUE	S:FALSE	S:FALSE	N:	N:	N:	N:
S:Rbm14	S:RBM14	D:12	D:0.5048172	D:1.418506e-09	D:1.371598e-07	S: 2.269670e-01	D:3.353402e-03	D:3.648576e-02	D:0.2778502	D:1.063333e-02	D:8.057162e-01	S:TRUE	S:TRUE	S:TRUE	S:FALSE	S:TRUE	S:FALSE	S:FALSE	N:	N:	N:	N:
S:Znrf1	S:ZNRF1	D:12	D:0.6326776	D:2.469901e-15	D:1.378205e-12	S: 3.853665e-01	D:1.152828e-07	D:1.260283e-05	D:0.2473111	D:1.071193e-02	D:8.057162e-01	S:TRUE	S:TRUE	S:TRUE	S:FALSE	S:TRUE	S:TRUE	S:TRUE	N:	N:	N:	N:
S:Apex2	S:APEX2	D:12	D:0.5475853	D:9.861919e-06	D:2.563771e-04	S: 1.145178e-01	D:3.343306e-01	D:5.981364e-01	D:0.4330675	D:1.072202e-02	D:8.057162e-01	S:TRUE	S:FALSE	S:TRUE	S:FALSE	S:TRUE	S:FALSE	S:FALSE	N:	N:	N:	N:
S:Ascc2	S:ASCC2	D:12	D:0.4099173	D:4.278317e-06	D:1.294415e-04	S: 1.014785e-01	D:2.303675e-01	D:4.948537e-01	D:0.3084388	D:1.096382e-02	D:8.057162e-01	S:TRUE	S:FALSE	S:TRUE	S:FALSE	S:TRUE	S:FALSE	S:FALSE	N:	N:	N:	N:
S:Safb2	S:SAFB2	D:12	D:0.3986254	D:2.453834e-03	D:2.038208e-02	D:-6.975896e-02	D:5.849545e-01	D:7.868453e-01	D:0.4683843	D:1.098993e-02	D:8.057162e-01	S:TRUE	S:FALSE	S:TRUE	S:FALSE	S:TRUE	S:FALSE	S:FALSE	N:	N:	N:	N:
S:2610005l07rik	S:2610005L07RIK	D:12	D:0.5109971	D:1.546963e-04	D:2.337500e-03	S: 3.977624e-02	D:7.555342e-01	D:8.858222e-01	D:0.4712208	D:1.103176e-02	D:8.057162e-01	S:TRUE	S:FALSE	S:TRUE	S:FALSE	S:TRUE	S:FALSE	S:FALSE	N:	N:	N:	N:
S:Lrch3	S:LRCH3	D:12	D:0.4594710	D:4.675351e-09	D:3.714869e-07	S: 1.992957e-01	D:5.885153e-03	D:5.421558e-02	D:0.2601752	D:1.110385e-02	D:8.057162e-01	S:TRUE	S:FALSE	S:TRUE	S:FALSE	S:TRUE	S:FALSE	S:FALSE	N:	N:	N:	N:
S:Arhgef18	S:ARHGEF18	D:12	D:0.2213647	D:5.365062e-03	D:3.682941e-02	D:-6.364002e-02	D:4.183158e-01	D:6.697527e-01	D:0.2850048	D:1.127604e-02	D:8.057162e-01	S:TRUE	S:FALSE	S:TRUE	S:FALSE	S:TRUE	S:FALSE	S:FALSE	N:	N:	N:	N:
S:Kcnj6	S:KCNJ6	D:12	D:0.4224694	D:2.599359e-04	D:3.534585e-03	S: 1.141795e-02	D:9.201783e-01	D:9.668352e-01	D:0.4110514	D:1.129364e-02	D:8.057162e-01	S:TRUE	S:FALSE	S:TRUE	S:FALSE	S:TRUE	S:FALSE	S:FALSE	N:	N:	N:	N:
S:Synj2	S:SYNJ2	D:12	D:0.7505347	D:1.374176e-15	D:7.951900e-13	S: 4.637405e-01	D:5.426647e-08	D:6.729042e-06	D:0.2867942	D:1.140867e-02	D:8.096100e-01	S:TRUE	S:TRUE	S:TRUE	S:FALSE	S:TRUE	S:FALSE	S:FALSE	N:	N:	N:	N:
S:Zfp369	S:ZFP369	D:12	D:0.4307643	D:4.540822e-04	D:5.478440e-03	D:-7.377868e-03	D:9.519083e-01	D:9.820776e-01	D:0.4381422	D:1.155549e-02	D:8.096100e-01	S:TRUE	S:FALSE	S:TRUE	S:FALSE	S:TRUE	S:FALSE	S:FALSE	N:	N:	N:	N:
S:Trank1	S:TRANK1	D:12	D:0.2554460	D:2.291288e-03	D:1.936307e-02	D:-4.028310e-02	D:6.224337e-01	D:8.081862e-01	D:0.2957291	D:1.187348e-02	D:8.166971e-01	S:TRUE	S:FALSE	S:TRUE	S:FALSE	S:TRUE	S:FALSE	S:FALSE	N:	N:	N:	N:
S:Lyz2	S:LYZ2	D:12	D:0.8270398	D:4.241298e-04	D:5.181082e-03	S: 5.711013e-02	D:7.729167e-01	D:8.947211e-01	D:0.7699296	D:1.193092e-02	D:8.166971e-01	S:TRUE	S:FALSE	S:TRUE	S:FALSE	S:TRUE	S:FALSE	S:FALSE	N:	N:	N:	N:
S:Cml5	S:CML5	D:12	D:2.0648204	D:3.285397e-12	D:7.229724e-10	S: 1.167965e+00	D:4.527189e-06	D:2.673615e-04	D:0.8968558	D:1.276055e-02	D:8.199056e-01	S:TRUE	S:TRUE	S:TRUE	S:FALSE	S:TRUE	S:FALSE	S:FALSE	N:	N:	N:	N:
S:Has3	S:HAS3	D:12	D:0.6225552	D:2.282871e-05	D:5.044920e-04	S: 1.300450e-01	D:3.394153e-01	D:6.030086e-01	D:0.4925102	D:1.302690e-02	D:8.199056e-01	S:TRUE	S:FALSE	S:TRUE	S:FALSE	S:TRUE	S:FALSE	S:FALSE	N:	N:	N:	N:
S:Myo9b	S:MYO9B	D:12	D:0.6184845	D:6.770281e-04	D:7.555634e-03	D:-6.855540e-03	D:9.689683e-01	D:9.884539e-01	D:0.6253400	D:1.361040e-02	D:8.199471e-01	S:TRUE	S:FALSE	S:TRUE	S:FALSE	S:TRUE	S:FALSE	S:FALSE	N:	N:	N:	N:
S:Sorbs1	S:SORBS1	D:12	D:0.5581521	D:2.006214e-07	D:9.950823e-06	S: 2.044301e-01	D:4.260298e-02	D:1.904518e-01	D:0.3537220	D:1.365911e-02	D:8.199471e-01	S:TRUE	S:FALSE	S:TRUE	S:FALSE	S:TRUE	S:FALSE	S:FALSE	N:	N:	N:	N:
S:Rab3gap2	S:RAB3GAP2	D:12	D:0.2175002	D:1.158654e-04	D:1.856699e-03	S: 2.543773e-02	D:6.395138e-01	D:8.190693e-01	D:0.1920625	D:1.377192e-02	D:8.199471e-01	S:TRUE	S:FALSE	S:TRUE	S:FALSE	S:TRUE	S:FALSE	S:FALSE	N:	N:	N:	N:
S:Nav2	S:NAV2	D:12	D:0.4422167	D:1.361535e-04	D:2.112475e-03	S: 4.862944e-02	D:6.635734e-01	D:8.331207e-01	D:0.3935873	D:1.413451e-02	D:8.199471e-01	S:TRUE	S:FALSE	S:TRUE	S:FALSE	S:TRUE	S:FALSE	S:FALSE	N:	N:	N:	N:
S:Gm1078	S:GM1078	D:12	D:0.6529756	D:7.262960e-04	D:7.957678e-03	S: 1.223004e-02	D:9.451262e-01	D:9.793508e-01	D:0.6407455	D:1.460576e-02	D:8.199471e-01	S:TRUE	S:FALSE	S:TRUE	S:FALSE	S:TRUE	S:FALSE	S:FALSE	N:	N:	N:	N:
S:Ocel1	S:OCEL1	D:12	D:0.4465756	D:7.622436e-05	D:1.339628e-03	S: 6.586246e-02	D:5.474136e-01	D:7.615341e-01	D:0.3807131	D:1.488292e-02	D:8.199471e-01	S:TRUE	S:FALSE	S:TRUE	S:FALSE	S:TRUE	S:TRUE	S:TRUE	N:	N:	N:	N:
S:Pxk	S:PXK	D:12	D:0.2538024	D:8.323383e-07	D:3.402598e-05	S: 8.562278e-02	D:7.736639e-02	D:2.710730e-01	D:0.1681797	D:1.509165e-02	D:8.199471e-01	S:TRUE	S:FALSE	S:TRUE	S:FALSE	S:TRUE	S:FALSE	S:FALSE	N:	N:	N:	N:
S:Gm17116	S:GM17116	D:12	D:0.9506079	D:2.674182e-04	D:3.608067e-03	S: 1.035965e-01	D:6.572325e-01	D:8.293167e-01	D:0.8470114	D:1.512711e-02	D:8.199471e-01	S:TRUE	S:FALSE	S:TRUE	S:FALSE	S:TRUE	S:FALSE	S:FALSE	N:	N:	N:	N:
S:Ntrk3	S:NTRK3	D:12	D:0.3069690	D:7.309406e-03	D:4.668936e-02	D:-8.535437e-02	D:4.509693e-01	D:6.952090e-01	D:0.3923234	D:1.533791e-02	D:8.199471e-01	S:TRUE	S:FALSE	S:TRUE	S:FALSE	S:TRUE	S:FALSE	S:FALSE	N:	N:	N:	N:
S:Chka	S:CHKA	D:12	D:0.3874475	D:2.203178e-04	D:3.076180e-03	S: 3.533669e-02	D:7.268534e-01	D:8.700190e-01	D:0.3521108	D:1.535067e-02	D:8.199471e-01	S:TRUE	S:FALSE	S:TRUE	S:FALSE	S:TRUE	S:FALSE	S:FALSE	N:	N:	N:	N:
S:Nat8	S:NAT8	D:12	D:1.2059970	D:1.615108e-04	D:2.417092e-03	S: 1.667449e-01	D:5.643846e-01	D:7.733218e-01	D:1.0392520	D:1.538144e-02	D:8.199471e-01	S:TRUE	S:FALSE	S:TRUE	S:FALSE	S:TRUE	S:FALSE	S:FALSE	N:	N:	N:	N:
S:Stk38	S:STK38	D:12	D:0.3106332	D:4.573951e-04	D:5.505656e-03	S: 1.353728e-02	D:8.737360e-01	D:9.452142e-01	D:0.2970959	D:1.553311e-02	D:8.199471e-01	S:TRUE	S:FALSE	S:TRUE	S:FALSE	S:TRUE	S:FALSE	S:FALSE	N:	N:	N:	N:
S:Tubgcp4	S:TUBGCP4	D:12	D:0.2742871	D:8.422763e-05	D:1.441577e-03	S: 4.166315e-02	D:5.347192e-01	D:7.542419e-01	D:0.2326240	D:1.562210e-02	D:8.199471e-01	S:TRUE	S:FALSE	S:TRUE	S:FALSE	S:TRUE	S:FALSE	S:FALSE	N:	N:	N:	N:
S:Gm17108	S:GM17108	D:12	D:1.3619690	D:1.364331e-04	D:2.114714e-03	S: 2.351824e-01	D:4.413798e-01	D:6.876177e-01	D:1.1267866	D:1.572198e-02	D:8.199471e-01	S:TRUE	S:FALSE	S:TRUE	S:FALSE	S:TRUE	S:FALSE	S:FALSE	N:	N:	N:	N:
S:Oas2	S:OAS2	D:12	D:1.3730240	D:3.705599e-04	D:4.665293e-03	S: 2.458112e-01	D:3.625558e-01	D:6.242641e-01	D:1.1272129	D:1.582800e-02	D:8.199471e-01	S:TRUE	S:FALSE	S:TRUE	S:FALSE	S:TRUE	S:FALSE	S:FALSE	N:	N:	N:	N:
S:Ptar1	S:PTAR1	D:12	D:0.4770174	D:1.255827e-03	D:1.214911e-02	D:-2.323849e-02	D:8.729079e-01	D:9.450007e-01	D:0.5002559	D:1.596031e-02	D:8.199471e-01	S:TRUE	S:FALSE	S:TRUE	S:FALSE	S:TRUE	S:FALSE	S:FALSE	N:	N:	N:	N:
S:Zw10	S:ZW10	D:12	D:0.3790570	D:2.052162e-08	D:1.375969e-06	S: 1.635322e-01	D:1.006187e-02	D:7.664881e-02	D:0.2155248	D:1.597020e-02	D:8.199471e-01	S:TRUE	S:FALSE	S:TRUE	S:FALSE	S:TRUE	S:FALSE	S:FALSE	N:	N:	N:	N:
S:Nxf1	S:NXF1	D:12	D:0.4171514	D:1.537733e-11	D:2.880057e-09	S: 2.292337e-01	D:5.921588e-05	D:1.964308e-03	D:0.1879177	D:1.668806e-02	D:8.199471e-01	S:TRUE	S:TRUE	S:TRUE	S:FALSE	S:TRUE	S:FALSE	S:FALSE	N:	N:	N:	N:
S:Prpf3	S:PRPF3	D:12	D:0.2653725	D:6.978174e-05	D:1.248877e-03	S: 4.520089e-02	D:4.847315e-01	D:7.185432e-01	D:0.2201716	D:1.706500e-02	D:8.199471e-01	S:TRUE	S:FALSE	S:TRUE	S:FALSE	S:TRUE	S:FALSE	S:FALSE	N:	N:	N:	N:
S:Adat1	S:ADAT1	D:12	D:0.4131305	D:2.555608e-04	D:3.484190e-03	S: 4.666645e-02	D:6.576048e-01	D:8.294783e-01	D:0.3664640	D:1.720554e-02	D:8.199471e-01	S:TRUE	S:FALSE	S:TRUE	S:FALSE	S:TRUE	S:FALSE	S:FALSE	N:	N:	N:	N:
S:Sik2	S:SIK2	D:12	D:0.5736615	D:1.862962e-06	D:6.722152e-05	S: 1.863085e-01	D:1.052552e-01	D:3.234672e-01	D:0.3873530	D:1.765746e-02	D:8.199471e-01	S:TRUE	S:FALSE	S:TRUE	S:FALSE	S:TRUE	S:FALSE	S:FALSE	N:	N:	N:	N:
S:Slx4	S:SLX4	D:12	D:0.3410810	D:1.068228e-03	D:1.067818e-02	D:-8.072366e-03	D:9.381423e-01	D:9.756081e-01	D:0.3491534	D:1.783267e-02	D:8.199471e-01	S:TRUE	S:FALSE	S:TRUE	S:FALSE	S:TRUE	S:FALSE	S:FALSE	N:	N:	N:	N:
S:Zbtb16	S:ZBTB16	D:12	D:0.5420785	D:2.396110e-06	D:8.300848e-05	S: 1.742952e-01	D:1.094906e-01	D:3.293573e-01	D:0.3677834	D:1.791449e-02	D:8.199471e-01	S:TRUE	S:FALSE	S:TRUE	S:FALSE	S:TRUE	S:FALSE	S:FALSE	N:	N:	N:	N:
S:Galnt14	S:GALNT14	D:12	D:0.3937738	D:4.007676e-05	D:7.986726e-04	S: 7.911366e-02	D:4.008252e-01	D:6.556897e-01	D:0.3146602	D:1.819857e-02	D:8.199471e-01	S:TRUE	S:FALSE	S:TRUE	S:FALSE	S:TRUE	S:FALSE	S:FALSE	N:	N:	N:	N:
S:D630045j12rik	S:D630045J12RIK	D:12	D:0.5217612	D:8.741186e-09	D:6.472620e-07	S: 2.409618e-01	D:4.500972e-03	D:4.486053e-02	D:0.2807994	D:1.840914e-02	D:8.199471e-01	S:TRUE	S:TRUE	S:TRUE	S:FALSE	S:TRUE	S:FALSE	S:FALSE	N:	N:	N:	N:
S:Nav1	S:NAV1	D:12	D:0.2963307	D:6.320859e-04	D:7.166698e-03	S: 1.224069e-02	D:8.842962e-01	D:9.503538e-01	D:0.2840900	D:1.855936e-02	D:8.199471e-01	S:TRUE	S:FALSE	S:TRUE	S:FALSE	S:TRUE	S:FALSE	S:FALSE	N:	N:	N:	N:
S:Mirg	S:MIRG	D:12	D:0.6487344	D:5.055978e-05	D:9.598371e-04	S: 1.331770e-01	D:3.847483e-01	D:6.433053e-01	D:0.5155574	D:1.891484e-02	D:8.199471e-01	S:TRUE	S:FALSE	S:TRUE	S:FALSE	S:TRUE	S:FALSE	S:FALSE	N:	N:	N:	N:
S:5830403l16rik	S:5830403L16RIK	D:12	D:0.6269442	D:2.166829e-03	D:1.860139e-02	D:-6.384010e-02	D:7.629878e-01	D:8.894219e-01	D:0.6907843	D:1.921471e-02	D:8.199471e-01	S:TRUE	S:FALSE	S:TRUE	S:FALSE	S:TRUE	S:FALSE	S:FALSE	N:	N:	N:	N:
S:Stk35	S:STK35	D:12	D:0.2965096	D:4.993365e-05	D:9.502600e-04	S: 6.118755e-02	D:3.839720e-01	D:6.432055e-01	D:0.2353220	D:1.923448e-02	D:8.199471e-01	S:TRUE	S:FALSE	S:TRUE	S:FALSE	S:TRUE	S:FALSE	S:FALSE	N:	N:	N:	N:
S:Lman2l	S:LMAN2L	D:12	D:0.5613878	D:4.079757e-10	D:4.876021e-08	S: 2.885394e-01	D:6.144677e-04	D:1.083571e-02	D:0.2728484	D:1.925391e-02	D:8.199471e-01	S:TRUE	S:TRUE	S:TRUE	S:FALSE	S:TRUE	S:TRUE	S:TRUE	N:	N:	N:	N:
S:Tmc4	S:TMC4	D:12	D:1.0080456	D:3.787512e-08	D:2.284791e-06	S: 4.496427e-01	D:7.593810e-03	D:6.369371e-02	D:0.5584028	D:1.987841e-02	D:8.199471e-01	S:TRUE	S:FALSE	S:TRUE	S:FALSE	S:TRUE	S:FALSE	S:FALSE	N:	N:	N:	N:
S:Tmem130	S:TMEM130	D:12	D:0.2753521	D:7.874865e-04	D:8.450336e-03	S: 9.567114e-03	D:9.043767e-01	D:9.586749e-01	D:0.2657850	D:1.996661e-02	D:8.199471e-01	S:TRUE	S:FALSE	S:TRUE	S:FALSE	S:TRUE	S:FALSE	S:FALSE	N:	N:	N:	N:
S:Slc39a2	S:SLC39A2	D:12	D:0.7749815	D:4.968617e-06	D:1.461952e-04	S: 2.425574e-01	D:1.294628e-01	D:3.628637e-01	D:0.5324241	D:2.018803e-02	D:8.199471e-01	S:TRUE	S:FALSE	S:TRUE	S:FALSE	S:TRUE	S:TRUE	S:TRUE	N:	N:	N:	N:
S:4930469g21rik	S:4930469G21RIK	D:12	D:1.1513883	D:4.049800e-04	D:5.002076e-03	S: 1.402294e-01	D:6.316775e-01	D:8.140734e-01	D:1.0111589	D:2.034378e-02	D:8.199471e-01	S:TRUE	S:FALSE	S:TRUE	S:FALSE	S:TRUE	S:FALSE	S:FALSE	N:	N:	N:	N:
S:Tmem86b	S:TMEM86B	D:12	D:1.4051647	D:2.311353e-06	D:8.096990e-05	S: 4.982641e-01	D:6.288781e-02	D:2.411188e-01	D:0.9069005	D:2.054441e-02	D:8.199471e-01	S:TRUE	S:FALSE	S:TRUE	S:FALSE	S:TRUE	S:TRUE	S:TRUE	N:	N:	N:	N:
S:Pqlc3	S:PQLC3	D:12	D:0.5910038	D:9.807336e-06	D:2.562371e-04	S: 1.781810e-01	D:1.453537e-01	D:3.862912e-01	D:0.4128228	D:2.060659e-02	D:8.199471e-01	S:TRUE	S:FALSE	S:TRUE	S:FALSE	S:TRUE	S:FALSE	S:FALSE	N:	N:	N:	N:
S:Hars2	S:HARS2	D:12	D:0.1951362	D:4.817593e-03	D:3.396664e-02	D:-2.956499e-02	D:6.629680e-01	D:8.328722e-01	D:0.2247012	D:2.083455e-02	D:8.199471e-01	S:TRUE	S:FALSE	S:TRUE	S:FALSE	S:TRUE	S:FALSE	S:FALSE	N:	N:	N:	N:
S:Il17ra	S:IL17RA	D:12	D:0.7628094	D:1.017176e-08	D:7.357576e-07	S: 3.599868e-01	D:3.865716e-03	D:4.037296e-02	D:0.4028226	D:2.123618e-02	D:8.234284e-01	S:TRUE	S:TRUE	S:TRUE	S:FALSE	S:TRUE	S:TRUE	S:TRUE	N:	N:	N:	N:
S:Gtf3c2	S:GTF3C2	D:12	D:0.1933941	D:3.441726e-04	D:4.389676e-03	S: 2.113758e-02	D:6.856978e-01	D:8.448372e-01	D:0.1722565	D:2.142619e-02	D:8.234284e-01	S:TRUE	S:FALSE	S:TRUE	S:FALSE	S:TRUE	S:FALSE	S:FALSE	N:	N:	N:	N:
S:Gm10658	S:GM10658	D:12	D:1.4125419	D:4.085119e-04	D:5.025661e-03	S: 2.029309e-01	D:5.617372e-01	D:7.714800e-01	D:1.2096111	D:2.206301e-02	D:8.234284e-01	S:TRUE	S:FALSE	S:TRUE	S:FALSE	S:TRUE	S:FALSE	S:FALSE	N:	N:	N:	N:
S:Ddx27	S:DDX27	D:12	D:0.2645499	D:7.320800e-03	D:4.674303e-02	D:-5.310783e-02	D:5.862144e-01	D:7.874657e-01	D:0.3176577	D:2.255477e-02	D:8.234284e-01	S:TRUE	S:FALSE	S:TRUE	S:FALSE	S:TRUE	S:FALSE	S:FALSE	N:	N:	N:	N:
S:Zfp382	S:ZFP382	D:12	D:0.3659615	D:5.885000e-03	D:3.967156e-02	D:-5.902459e-02	D:6.504952e-01	D:8.258175e-01	D:0.4249860	D:2.282275e-02	D:8.234284e-01	S:TRUE	S:FALSE	S:TRUE	S:FALSE	S:TRUE	S:FALSE	S:FALSE	N:	N:	N:	N:
S:Diexf	S:DIEXF	D:12	D:0.2096849	D:2.217364e-03	D:1.890022e-02	D:-1.031095e-02	D:8.794078e-01	D:9.481188e-01	D:0.2199959	D:2.282359e-02	D:8.234284e-01	S:TRUE	S:FALSE	S:TRUE	S:FALSE	S:TRUE	S:FALSE	S:FALSE	N:	N:	N:	N:
S:Nktr	S:NKTR	D:12	D:0.4872017	D:1.213745e-05	D:3.014873e-04	S: 1.426988e-01	D:1.793958e-01	D:4.334885e-01	D:0.3445028	D:2.313455e-02	D:8.234284e-01	S:TRUE	S:FALSE	S:TRUE	S:FALSE	S:TRUE	S:FALSE	S:FALSE	N:	N:	N:	N:
S:Rgs9	S:RGS9	D:12	D:0.5755807	D:1.835255e-05	D:4.229208e-04	S: 1.552227e-01	D:2.355134e-01	D:5.000680e-01	D:0.4203580	D:2.320012e-02	D:8.234284e-01	S:TRUE	S:FALSE	S:TRUE	S:FALSE	S:TRUE	S:FALSE	S:FALSE	N:	N:	N:	N:
S:Fam135b	S:FAM135B	D:12	D:0.4101389	D:1.122911e-03	D:1.112310e-02	S: 1.084305e-02	D:9.297876e-01	D:9.717969e-01	D:0.3992958	D:2.323985e-02	D:8.234284e-01	S:TRUE	S:FALSE	S:TRUE	S:FALSE	S:TRUE	S:FALSE	S:FALSE	N:	N:	N:	N:
S:Dnase1	S:DNASE1	D:12	D:0.4824398	D:1.334144e-04	D:2.080305e-03	S: 8.220999e-02	D:5.105248e-01	D:7.367174e-01	D:0.4002298	D:2.338889e-02	D:8.234284e-01	S:TRUE	S:FALSE	S:TRUE	S:FALSE	S:TRUE	S:FALSE	S:FALSE	N:	N:	N:	N:
S:Dnhd1	S:DNHD1	D:12	D:0.5273972	D:1.516860e-05	D:3.612717e-04	S: 1.513637e-01	D:1.921883e-01	D:4.496482e-01	D:0.3760335	D:2.345796e-02	D:8.234284e-01	S:TRUE	S:FALSE	S:TRUE	S:FALSE	S:TRUE	S:FALSE	S:FALSE	N:	N:	N:	N:
S:Sf3b3	S:SF3B3	D:12	D:0.1700141	D:2.084334e-04	D:2.947117e-03	S: 2.652232e-02	D:5.494356e-01	D:7.629883e-01	D:0.1434918	D:2.363227e-02	D:8.234284e-01	S:TRUE	S:FALSE	S:TRUE	S:FALSE	S:TRUE	S:FALSE	S:FALSE	N:	N:	N:	N:
S:Ccnl2	S:CCNL2	D:12	D:0.3507907	D:2.527476e-06	D:8.622113e-05	S: 1.229053e-01	D:8.264532e-02	D:2.812569e-01	D:0.2278854	D:2.366355e-02	D:8.234284e-01	S:TRUE	S:FALSE	S:TRUE	S:FALSE	S:TRUE	S:FALSE	S:FALSE	N:	N:	N:	N:
S:Rp23-242c19.5	S:RP23-242C19.5	D:12	D:1.3020013	D:3.641270e-03	D:2.754941e-02	D:-3.745539e-02	D:9.232386e-01	D:9.685633e-01	D:1.3394567	D:2.400107e-02	D:8.243534e-01	S:TRUE	S:FALSE	S:TRUE	S:FALSE	S:TRUE	S:FALSE	S:FALSE	N:	N:	N:	N:
S:Arap3	S:ARAP3	D:12	D:0.3892482	D:7.800240e-03	D:4.908214e-02	D:-7.482315e-02	D:6.022232e-01	D:7.975195e-01	D:0.4640713	D:2.407350e-02	D:8.243534e-01	S:TRUE	S:FALSE	S:TRUE	S:FALSE	S:TRUE	S:FALSE	S:FALSE	N:	N:	N:	N:
S:Wdr60	S:WDR60	D:12	D:0.2387664	D:3.283910e-04	D:4.233317e-03	S: 3.134447e-02	D:6.261050e-01	D:8.107968e-01	D:0.2074219	D:2.433047e-02	D:8.243534e-01	S:TRUE	S:FALSE	S:TRUE	S:FALSE	S:TRUE	S:FALSE	S:FALSE	N:	N:	N:	N:
S:Gm16884	S:GM16884	D:12	D:1.0359445	D:7.331874e-05	D:1.297318e-03	S: 2.233230e-01	D:3.792650e-01	D:6.391583e-01	D:0.8126216	D:2.446885e-02	D:8.243534e-01	S:TRUE	S:FALSE	S:TRUE	S:FALSE	S:TRUE	S:FALSE	S:FALSE	N:	N:	N:	N:
S:Kcnq2	S:KCNQ2	D:12	D:0.4010450	D:2.095613e-09	D:1.881716e-07	S: 2.053897e-01	D:1.016065e-03	D:1.563753e-02	D:0.1956553	D:2.466488e-02	D:8.243534e-01	S:TRUE	S:TRUE	S:TRUE	S:FALSE	S:TRUE	S:FALSE	S:FALSE	N:	N:	N:	N:
S:Adamts5	S:ADAMTS5	D:12	D:0.4971235	D:3.166801e-03	D:2.481349e-02	D:-4.914008e-02	D:7.810218e-01	D:8.985894e-01	D:0.5462636	D:2.559958e-02	D:8.313849e-01	S:TRUE	S:FALSE	S:TRUE	S:FALSE	S:TRUE	S:FALSE	S:FALSE	N:	N:	N:	N:
S:Ift172	S:IFT172	D:12	D:0.3462961	D:2.419209e-03	D:2.012659e-02	D:-1.065077e-02	D:9.241760e-01	D:9.690172e-01	D:0.3569469	D:2.568621e-02	D:8.313849e-01	S:TRUE	S:FALSE	S:TRUE	S:FALSE	S:TRUE	S:FALSE	S:FALSE	N:	N:	N:	N:
S:Mical2	S:MICAL2	D:12	D:0.8873509	D:1.604136e-09	D:1.510639e-07	S: 4.674819e-01	D:6.761283e-04	D:1.172456e-02	D:0.4198690	D:2.795489e-02	D:8.405446e-01	S:TRUE	S:TRUE	S:TRUE	S:FALSE	S:TRUE	S:TRUE	S:TRUE	N:	N:	N:	N:
S:Slc8a1	S:SLC8A1	D:12	D:0.3896953	D:7.096668e-03	D:4.567034e-02	D:-5.685875e-02	D:6.898042e-01	D:8.476314e-01	D:0.4465541	D:2.833530e-02	D:8.405446e-01	S:TRUE	S:FALSE	S:TRUE	S:FALSE	S:TRUE	S:FALSE	S:FALSE	N:	N:	N:	N:
S:Fbxo42	S:FBXO42	D:12	D:0.2369202	D:9.912044e-04	D:1.006275e-02	S: 1.669069e-02	D:8.135207e-01	D:9.150790e-01	D:0.2202295	D:2.877938e-02	D:8.405446e-01	S:TRUE	S:FALSE	S:TRUE	S:FALSE	S:TRUE	S:FALSE	S:FALSE	N:	N:	N:	N:
S:4921514a10rik	S:4921514A10RIK	D:12	D:1.1977457	D:8.765597e-04	D:9.190635e-03	S: 1.663970e-01	D:5.912319e-01	D:7.908740e-01	D:1.0313487	D:2.917463e-02	D:8.405446e-01	S:TRUE	S:FALSE	S:TRUE	S:FALSE	S:TRUE	S:FALSE	S:FALSE	N:	N:	N:	N:
S:Leprel2	S:LEPREL2	D:12	D:0.6901157	D:2.712955e-03	D:2.201933e-02	D:-1.633773e-02	D:9.429011e-01	D:9.782779e-01	D:0.7064535	D:2.935038e-02	D:8.405446e-01	S:TRUE	S:FALSE	S:TRUE	S:FALSE	S:TRUE	S:FALSE	S:FALSE	N:	N:	N:	N:
S:Pex1	S:PEX1	D:12	D:0.3034312	D:2.609566e-05	D:5.631472e-04	S: 8.756799e-02	D:2.099488e-01	D:4.710958e-01	D:0.2158632	D:2.939093e-02	D:8.405446e-01	S:TRUE	S:FALSE	S:TRUE	S:FALSE	S:TRUE	S:FALSE	S:FALSE	N:	N:	N:	N:
S:5430416o09rik	S:5430416O09RIK	D:12	D:0.8866216	D:3.636353e-04	D:4.592916e-03	S: 1.672950e-01	D:4.485948e-01	D:6.932586e-01	D:0.7193266	D:2.943026e-02	D:8.405446e-01	S:TRUE	S:FALSE	S:TRUE	S:FALSE	S:TRUE	S:FALSE	S:FALSE	N:	N:	N:	N:
S:Zfp143	S:ZFP143	D:12	D:0.3952262	D:7.896434e-07	D:3.289970e-05	S: 1.601943e-01	D:3.658296e-02	D:1.750186e-01	D:0.2350319	D:2.945369e-02	D:8.405446e-01	S:TRUE	S:FALSE	S:TRUE	S:FALSE	S:TRUE	S:FALSE	S:FALSE	N:	N:	N:	N:
S:Irs4	S:IRS4	D:12	D:1.6273211	D:3.970226e-04	D:4.927336e-03	S: 1.481228e-01	D:7.692706e-01	D:8.928156e-01	D:1.4791983	D:2.984886e-02	D:8.405446e-01	S:TRUE	S:FALSE	S:TRUE	S:FALSE	S:TRUE	S:FALSE	S:FALSE	N:	N:	N:	N:
S:Igsf9b	S:IGSF9B	D:12	D:1.0961618	D:1.135881e-03	D:1.122033e-02	S: 7.219517e-02	D:8.280805e-01	D:9.232695e-01	D:1.0239667	D:3.020758e-02	D:8.405446e-01	S:TRUE	S:FALSE	S:TRUE	S:FALSE	S:TRUE	S:FALSE	S:FALSE	N:	N:	N:	N:
S:C230004f18rik	S:C230004F18RIK	D:12	D:0.4668822	D:5.314330e-03	D:3.656147e-02	D:-4.364864e-02	D:7.913365e-01	D:9.039217e-01	D:0.5105308	D:3.021454e-02	D:8.405446e-01	S:TRUE	S:FALSE	S:TRUE	S:FALSE	S:TRUE	S:FALSE	S:FALSE	N:	N:	N:	N:
S:Phf21a	S:PHF21A	D:12	D:0.1587864	D:3.650765e-03	D:2.758199e-02	D:-6.590130e-03	D:9.013999e-01	D:9.570386e-01	D:0.1653766	D:3.024651e-02	D:8.405446e-01	S:TRUE	S:FALSE	S:TRUE	S:FALSE	S:TRUE	S:FALSE	S:FALSE	N:	N:	N:	N:
S:Clstn2	S:CLSTN2	D:12	D:0.2332867	D:2.219762e-03	D:1.890312e-02	S: 2.814784e-03	D:9.698411e-01	D:9.888924e-01	D:0.2304719	D:3.054473e-02	D:8.405446e-01	S:TRUE	S:FALSE	S:TRUE	S:FALSE	S:TRUE	S:FALSE	S:FALSE	N:	N:	N:	N:
S:Map3k13	S:MAP3K13	D:12	D:0.2947312	D:7.548847e-04	D:8.179139e-03	S: 3.146414e-02	D:7.120332e-01	D:8.599882e-01	D:0.2632671	D:3.062476e-02	D:8.405446e-01	S:TRUE	S:FALSE	S:TRUE	S:FALSE	S:TRUE	S:FALSE	S:FALSE	N:	N:	N:	N:
S:Katnal1	S:KATNAL1	D:12	D:0.2468662	D:2.687729e-06	D:8.993042e-05	S: 9.339808e-02	D:6.249828e-02	D:2.404194e-01	D:0.1534681	D:3.083149e-02	D:8.405446e-01	S:TRUE	S:FALSE	S:TRUE	S:FALSE	S:TRUE	S:FALSE	S:FALSE	N:	N:	N:	N:
S:Gm17408	S:GM17408	D:12	D:0.8393084	D:3.848472e-06	D:1.200170e-04	S: 3.221293e-01	D:5.310419e-02	D:2.175977e-01	D:0.5171791	D:3.184602e-02	D:8.410179e-01	S:TRUE	S:FALSE	S:TRUE	S:FALSE	S:TRUE	S:FALSE	S:FALSE	N:	N:	N:	N:
S:4930579g18rik	S:4930579G18RIK	D:12	D:0.5776702	D:6.322756e-03	D:4.203691e-02	D:-4.566973e-02	D:8.189033e-01	D:9.178030e-01	D:0.6233399	D:3.233660e-02	D:8.476964e-01	S:TRUE	S:FALSE	S:TRUE	S:FALSE	S:TRUE	S:FALSE	S:FALSE	N:	N:	N:	N:
S:Rtl1	S:RTL1	D:12	D:0.4382174	D:5.885732e-03	D:3.967156e-02	D:-4.156202e-02	D:7.920199e-01	D:9.045040e-01	D:0.4797795	D:3.251141e-02	D:8.478491e-01	S:TRUE	S:FALSE	S:TRUE	S:FALSE	S:TRUE	S:FALSE	S:FALSE	N:	N:	N:	N:
S:Fam98c	S:FAM98C	D:12	D:0.4032023	D:3.082254e-03	D:2.432178e-02	D:-7.515765e-03	D:9.560534e-01	D:9.835634e-01	D:0.4107181	D:3.321745e-02	D:8.478491e-01	S:TRUE	S:FALSE	S:TRUE	S:FALSE	S:TRUE	S:TRUE	S:TRUE	N:	N:	N:	N:
S:Sykb	S:SYKB	D:12	D:0.5795080	D:6.466005e-04	D:7.305097e-03	S: 7.057380e-02	D:6.768925e-01	D:8.403454e-01	D:0.5089342	D:3.324866e-02	D:8.478491e-01	S:TRUE	S:FALSE	S:TRUE	S:FALSE	S:TRUE	S:FALSE	S:FALSE	N:	N:	N:	N:
S:Cyp2r1	S:CYP2R1	D:12	D:0.9227203	D:3.637438e-03	D:2.753456e-02	D:-2.301053e-02	D:9.412636e-01	D:9.776826e-01	D:0.9457308	D:3.376186e-02	D:8.485384e-01	S:TRUE	S:FALSE	S:TRUE	S:FALSE	S:TRUE	S:FALSE	S:FALSE	N:	N:	N:	N:
S:Rhbdl3	S:RHBDL3	D:12	D:0.7156644	D:5.325227e-09	D:4.202088e-07	S: 3.736099e-01	D:1.341288e-03	D:1.901660e-02	D:0.3420545	D:3.383811e-02	D:8.485384e-01	S:TRUE	S:TRUE	S:TRUE	S:FALSE	S:TRUE	S:FALSE	S:FALSE	N:	N:	N:	N:
S:Eif2c2	S:EIF2C2	D:12	D:0.4562439	D:3.055173e-05	D:6.424499e-04	S: 1.386704e-01	D:1.878057e-01	D:4.444890e-01	D:0.3175735	D:3.396227e-02	D:8.485384e-01	S:TRUE	S:FALSE	S:TRUE	S:FALSE	S:TRUE	S:FALSE	S:FALSE	N:	N:	N:	N:
S:Lins	S:LINS	D:12	D:0.2836895	D:5.245590e-04	D:6.173217e-03	S: 4.114955e-02	D:6.099605e-01	D:8.012462e-01	D:0.2425399	D:3.397046e-02	D:8.485384e-01	S:TRUE	S:FALSE	S:TRUE	S:FALSE	S:TRUE	S:FALSE	S:FALSE	N:	N:	N:	N:
S:Mlec	S:MLEC	D:12	D:0.3812014	D:5.018068e-10	D:5.850917e-08	S: 2.137798e-01	D:1.910108e-04	D:4.570218e-03	D:0.1674215	D:3.415525e-02	D:8.485759e-01	S:TRUE	S:TRUE	S:TRUE	S:FALSE	S:TRUE	S:TRUE	S:TRUE	N:	N:	N:	N:
S:Rnf121	S:RNF121	D:12	D:0.2038694	D:8.003312e-05	D:1.383227e-03	S: 5.338254e-02	D:2.873998e-01	D:5.534740e-01	D:0.1504868	D:3.475647e-02	D:8.485759e-01	S:TRUE	S:FALSE	S:TRUE	S:FALSE	S:TRUE	S:FALSE	S:FALSE	N:	N:	N:	N:
S:Acin1	S:ACIN1	D:12	D:0.3479216	D:8.251610e-04	D:8.764320e-03	S: 4.300364e-02	D:6.704597e-01	D:8.368713e-01	D:0.3049180	D:3.488575e-02	D:8.485759e-01	S:TRUE	S:FALSE	S:TRUE	S:FALSE	S:TRUE	S:FALSE	S:FALSE	N:	N:	N:	N:
S:Iqsec3	S:IQSEC3	D:12	D:0.2931461	D:9.495979e-04	D:9.722488e-03	S: 3.305296e-02	D:7.013511e-01	D:8.540730e-01	D:0.2600932	D:3.489106e-02	D:8.485759e-01	S:TRUE	S:FALSE	S:TRUE	S:FALSE	S:TRUE	S:FALSE	S:FALSE	N:	N:	N:	N:
S:Gm14290	S:GM14290	D:12	D:0.4134992	D:1.544184e-06	D:5.791255e-05	S: 1.691770e-01	D:3.881230e-02	D:1.808540e-01	D:0.2443222	D:3.489558e-02	D:8.485759e-01	S:TRUE	S:FALSE	S:TRUE	S:FALSE	S:TRUE	S:FALSE	S:FALSE	N:	N:	N:	N:
S:2310079f23rik	S:2310079F23RIK	D:12	D:0.3289132	D:4.969693e-03	D:3.471009e-02	D:-2.037729e-02	D:8.618554e-01	D:9.396578e-01	D:0.3492905	D:3.516636e-02	D:8.485759e-01	S:TRUE	S:FALSE	S:TRUE	S:FALSE	S:TRUE	S:FALSE	S:FALSE	N:	N:	N:	N:
S:Fras1	S:FRAS1	D:12	D:0.4797376	D:2.191141e-05	D:4.879838e-04	S: 1.550543e-01	D:1.524724e-01	D:3.972990e-01	D:0.3246832	D:3.523269e-02	D:8.485759e-01	S:TRUE	S:FALSE	S:TRUE	S:FALSE	S:TRUE	S:FALSE	S:FALSE	N:	N:	N:	N:
S:Zim1	S:ZIM1	D:12	D:1.0249291	D:1.457339e-06	D:5.526569e-05	S: 4.210992e-01	D:3.870567e-02	D:1.806451e-01	D:0.6038299	D:3.550290e-02	D:8.485759e-01	S:TRUE	S:FALSE	S:TRUE	S:FALSE	S:TRUE	S:FALSE	S:FALSE	N:	N:	N:	N:
S:Gm12404	S:GM12404	D:12	D:0.6237807	D:4.221153e-03	D:3.068929e-02	D:-1.119230e-03	D:9.955816e-01	D:9.983086e-01	D:0.6248999	D:3.557541e-02	D:8.485759e-01	S:TRUE	S:FALSE	S:TRUE	S:FALSE	S:TRUE	S:FALSE	S:FALSE	N:	N:	N:	N:
S:Atxn7l1	S:ATXN7L1	D:12	D:0.1674069	D:1.730000e-03	D:1.551637e-02	S: 1.095050e-02	D:8.333921e-01	D:9.257673e-01	D:0.1564564	D:3.567448e-02	D:8.485759e-01	S:TRUE	S:FALSE	S:TRUE	S:FALSE	S:TRUE	S:FALSE	S:FALSE	N:	N:	N:	N:
S:Garnl3	S:GARNL3	D:12	D:0.3050429	D:3.033112e-04	D:4.005862e-03	S: 6.022663e-02	D:4.611352e-01	D:7.026994e-01	D:0.2448163	D:3.596748e-02	D:8.485759e-01	S:TRUE	S:FALSE	S:TRUE	S:FALSE	S:TRUE	S:FALSE	S:FALSE	N:	N:	N:	N:
S:Tbc1d8	S:TBC1D8	D:12	D:0.3556459	D:1.293154e-04	D:2.028538e-03	S: 8.465907e-02	D:3.547913e-01	D:6.167400e-01	D:0.2709868	D:3.601406e-02	D:8.485759e-01	S:TRUE	S:FALSE	S:TRUE	S:FALSE	S:TRUE	S:FALSE	S:FALSE	N:	N:	N:	N:
S:Vav3	S:VAV3	D:12	D:0.5434897	D:4.511887e-05	D:8.756984e-04	S: 1.576298e-01	D:2.306151e-01	D:4.949246e-01	D:0.3858600	D:3.688955e-02	D:8.485759e-01	S:TRUE	S:FALSE	S:TRUE	S:FALSE	S:TRUE	S:FALSE	S:FALSE	N:	N:	N:	N:
S:Sft2d1	S:SFT2D1	D:12	D:0.4142454	D:6.469033e-05	D:1.173893e-03	S: 1.197940e-01	D:2.231034e-01	D:4.869377e-01	D:0.2944515	D:3.697394e-02	D:8.485759e-01	S:TRUE	S:FALSE	S:TRUE	S:FALSE	S:TRUE	S:FALSE	S:FALSE	N:	N:	N:	N:
S:Shisa7	S:SHISA7	D:12	D:0.4831401	D:1.861717e-08	D:1.270195e-06	S: 2.484298e-01	D:2.150237e-03	D:2.676916e-02	D:0.2347103	D:3.766000e-02	D:8.485759e-01	S:TRUE	S:TRUE	S:TRUE	S:FALSE	S:TRUE	S:FALSE	S:FALSE	N:	N:	N:	N:
S:Pde4a	S:PDE4A	D:12	D:0.4897995	D:4.049351e-05	D:8.049245e-04	S: 1.513027e-01	D:1.868860e-01	D:4.436199e-01	D:0.3384968	D:3.808985e-02	D:8.485759e-01	S:TRUE	S:FALSE	S:TRUE	S:FALSE	S:TRUE	S:FALSE	S:FALSE	N:	N:	N:	N:
S:Hivep3	S:HIVEP3	D:12	D:0.5360456	D:2.449760e-06	D:8.417091e-05	S: 2.177649e-01	D:4.492344e-02	D:1.968308e-01	D:0.3182807	D:3.815979e-02	D:8.485759e-01	S:TRUE	S:FALSE	S:TRUE	S:FALSE	S:TRUE	S:FALSE	S:FALSE	N:	N:	N:	N:
S:Htr1f	S:HTR1F	D:12	D:0.5191218	D:2.977184e-03	D:2.369614e-02	S: 1.019841e-02	D:9.530382e-01	D:9.824337e-01	D:0.5089233	D:3.852999e-02	D:8.485759e-01	S:TRUE	S:FALSE	S:TRUE	S:FALSE	S:TRUE	S:FALSE	S:FALSE	N:	N:	N:	N:
S:Uggt1	S:UGGT1	D:12	D:0.2632395	D:1.052600e-04	D:1.725601e-03	S: 7.062974e-02	D:2.812940e-01	D:5.471104e-01	D:0.1926097	D:3.913680e-02	D:8.485759e-01	S:TRUE	S:FALSE	S:TRUE	S:FALSE	S:TRUE	S:FALSE	S:FALSE	N:	N:	N:	N:
S:Snx30	S:SNX30	D:12	D:0.1784218	D:2.184933e-03	D:1.872595e-02	S: 1.090305e-02	D:8.479180e-01	D:9.323578e-01	D:0.1675187	D:3.927846e-02	D:8.485759e-01	S:TRUE	S:FALSE	S:TRUE	S:FALSE	S:TRUE	S:FALSE	S:FALSE	N:	N:	N:	N:
S:Mmaa	S:MMAA	D:12	D:0.2915039	D:2.073915e-04	D:2.943568e-03	S: 7.002441e-02	D:3.550668e-01	D:6.171502e-01	D:0.2214795	D:4.062922e-02	D:8.571990e-01	S:TRUE	S:FALSE	S:TRUE	S:FALSE	S:TRUE	S:FALSE	S:FALSE	N:	N:	N:	N:
S:Ralgapa2	S:RALGAPA2	D:12	D:0.3422442	D:3.285977e-05	D:6.845348e-04	S: 1.118874e-01	D:1.577234e-01	D:4.051078e-01	D:0.2303569	D:4.079861e-02	D:8.571990e-01	S:TRUE	S:FALSE	S:TRUE	S:FALSE	S:TRUE	S:FALSE	S:FALSE	N:	N:	N:	N:
S:Utp20	S:UTP20	D:12	D:0.1980153	D:7.300988e-03	D:4.667374e-02	D:-1.449850e-02	D:8.427735e-01	D:9.298228e-01	D:0.2125138	D:4.106617e-02	D:8.571990e-01	S:TRUE	S:FALSE	S:TRUE	S:FALSE	S:TRUE	S:FALSE	S:FALSE	N:	N:	N:	N:
S:Trio	S:TRIO	D:12	D:0.4403161	D:3.585611e-08	D:2.205260e-06	S: 2.251122e-01	D:2.857308e-03	D:3.247313e-02	D:0.2152039	D:4.112266e-02	D:8.571990e-01	S:TRUE	S:TRUE	S:TRUE	S:FALSE	S:TRUE	S:FALSE	S:FALSE	N:	N:	N:	N:
S:Ccpg1	S:CCPG1	D:12	D:0.4094246	D:3.049964e-05	D:6.422188e-04	S: 1.348818e-01	D:1.546855e-01	D:4.006642e-01	D:0.2745428	D:4.112546e-02	D:8.571990e-01	S:TRUE	S:FALSE	S:TRUE	S:FALSE	S:TRUE	S:FALSE	S:FALSE	N:	N:	N:	N:
S:Syne1	S:SYNE1	D:12	D:0.3852689	D:7.706875e-06	D:2.105109e-04	S: 1.471295e-01	D:7.394101e-02	D:2.652099e-01	D:0.2381395	D:4.138179e-02	D:8.571990e-01	S:TRUE	S:FALSE	S:TRUE	S:FALSE	S:TRUE	S:FALSE	S:FALSE	N:	N:	N:	N:
S:Ercc6	S:ERCC6	D:12	D:0.2754629	D:1.226561e-04	D:1.937694e-03	S: 7.493959e-02	D:2.794043e-01	D:5.451461e-01	D:0.2005233	D:4.214336e-02	D:8.609380e-01	S:TRUE	S:FALSE	S:TRUE	S:FALSE	S:TRUE	S:FALSE	S:FALSE	N:	N:	N:	N:
S:Calr	S:CALR	D:12	D:0.7244466	D:1.443047e-20	D:4.509233e-17	S: 5.467505e-01	D:2.554173e-14	D:2.347435e-11	D:0.1776961	D:4.221160e-02	D:8.609380e-01	S:TRUE	S:TRUE	S:TRUE	S:FALSE	S:TRUE	S:TRUE	S:TRUE	N:	N:	N:	N:
S:Odz4	S:ODZ4	D:12	D:0.4033957	D:1.926523e-05	D:4.394160e-04	S: 1.421806e-01	D:1.163670e-01	D:3.418801e-01	D:0.2612150	D:4.222765e-02	D:8.609380e-01	S:TRUE	S:FALSE	S:TRUE	S:FALSE	S:TRUE	S:FALSE	S:FALSE	N:	N:	N:	N:
S:Lig3	S:LIG3	D:12	D:0.2541411	D:3.797093e-04	D:4.757480e-03	S: 5.283958e-02	D:4.480232e-01	D:6.928951e-01	D:0.2013015	D:4.232224e-02	D:8.609380e-01	S:TRUE	S:FALSE	S:TRUE	S:FALSE	S:TRUE	S:FALSE	S:FALSE	N:	N:	N:	N:
S:Sorl1	S:SORL1	D:12	D:0.5436194	D:1.670296e-09	D:1.553375e-07	S: 3.064662e-01	D:2.886023e-04	D:6.217617e-03	D:0.2371532	D:4.237464e-02	D:8.609380e-01	S:TRUE	S:TRUE	S:TRUE	S:FALSE	S:TRUE	S:FALSE	S:FALSE	N:	N:	N:	N:
S:Zfhx2	S:ZFHX2	D:12	D:0.6241050	D:1.744009e-03	D:1.562408e-02	S: 6.574680e-02	D:7.319237e-01	D:8.731348e-01	D:0.5583582	D:4.306195e-02	D:8.622542e-01	S:TRUE	S:FALSE	S:TRUE	S:FALSE	S:TRUE	S:FALSE	S:FALSE	N:	N:	N:	N:
S:Chd2	S:CHD2	D:12	D:0.2980569	D:6.465099e-05	D:1.173893e-03	S: 9.153419e-02	D:2.024974e-01	D:4.629527e-01	D:0.2065227	D:4.336529e-02	D:8.622542e-01	S:TRUE	S:FALSE	S:TRUE	S:FALSE	S:TRUE	S:FALSE	S:FALSE	N:	N:	N:	N:
S:Zdhhc5	S:ZDHHC5	D:12	D:0.3736597	D:8.912255e-10	D:9.160860e-08	S: 2.143595e-01	D:1.848465e-04	D:4.477583e-03	D:0.1593002	D:4.343633e-02	D:8.622542e-01	S:TRUE	S:TRUE	S:TRUE	S:FALSE	S:TRUE	S:FALSE	S:FALSE	N:	N:	N:	N:
S:Kidins220	S:KIDINS220	D:12	D:0.1676913	D:7.028678e-04	D:7.782853e-03	S: 2.912749e-02	D:5.444606e-01	D:7.593338e-01	D:0.1385638	D:4.348735e-02	D:8.622542e-01	S:TRUE	S:FALSE	S:TRUE	S:FALSE	S:TRUE	S:FALSE	S:FALSE	N:	N:	N:	N:
S:Arhgef7	S:ARHGEF7	D:12	D:0.4299874	D:4.410968e-11	D:7.073332e-09	S: 2.625420e-01	D:1.655663e-05	D:7.497995e-04	D:0.1674454	D:4.350835e-02	D:8.622542e-01	S:TRUE	S:TRUE	S:TRUE	S:FALSE	S:TRUE	S:TRUE	S:TRUE	N:	N:	N:	N:
S:Nfil3	S:NFIL3	D:12	D:1.2057873	D:1.399157e-10	D:1.934551e-08	S: 7.154474e-01	D:7.290282e-05	D:2.286519e-03	D:0.4903398	D:4.433842e-02	D:8.670131e-01	S:TRUE	S:TRUE	S:TRUE	S:FALSE	S:TRUE	S:TRUE	S:TRUE	N:	N:	N:	N:
S:Tmem91	S:TMEM91	D:12	D:0.6316960	D:6.237145e-04	D:7.104071e-03	S: 1.033295e-01	D:5.856216e-01	D:7.870397e-01	D:0.5283665	D:4.484307e-02	D:8.683231e-01	S:TRUE	S:FALSE	S:TRUE	S:FALSE	S:TRUE	S:FALSE	S:FALSE	N:	N:	N:	N:
S:Gm16310	S:GM16310	D:12	D:1.7722446	D:3.569360e-05	D:7.289893e-04	S: 7.057255e-01	D:3.451182e-02	D:1.694728e-01	D:1.0665192	D:4.485699e-02	D:8.683231e-01	S:TRUE	S:FALSE	S:TRUE	S:FALSE	S:TRUE	S:FALSE	S:FALSE	N:	N:	N:	N:
S:Dnajc1	S:DNAJC1	D:12	D:0.5623122	D:6.381382e-08	D:3.625553e-06	S: 2.878584e-01	D:3.250554e-03	D:3.561476e-02	D:0.2744538	D:4.519889e-02	D:8.683231e-01	S:TRUE	S:TRUE	S:TRUE	S:FALSE	S:TRUE	S:FALSE	S:FALSE	N:	N:	N:	N:
S:Tbc1d1	S:TBC1D1	D:12	D:0.1961381	D:3.265844e-03	D:2.541113e-02	S: 1.063103e-02	D:8.692629e-01	D:9.431039e-01	D:0.1855071	D:4.543262e-02	D:8.683231e-01	S:TRUE	S:FALSE	S:TRUE	S:FALSE	S:TRUE	S:FALSE	S:FALSE	N:	N:	N:	N:
S:Mpdz	S:MPDZ	D:12	D:0.3822032	D:4.566509e-08	D:2.692345e-06	S: 1.980011e-01	D:2.727373e-03	D:3.147154e-02	D:0.1842021	D:4.577350e-02	D:8.683231e-01	S:TRUE	S:TRUE	S:TRUE	S:FALSE	S:TRUE	S:FALSE	S:FALSE	N:	N:	N:	N:
S:A330023f24rik	S:A330023F24RIK	D:12	D:0.6847718	D:4.293750e-06	D:1.295088e-04	S: 2.831426e-01	D:4.649604e-02	D:2.011903e-01	D:0.4016292	D:4.592295e-02	D:8.688619e-01	S:TRUE	S:FALSE	S:TRUE	S:FALSE	S:TRUE	S:FALSE	S:FALSE	N:	N:	N:	N:
S:Wdfy3	S:WDFY3	D:12	D:0.2909315	D:2.069148e-04	D:2.941617e-03	S: 7.522691e-02	D:3.212417e-01	D:5.855499e-01	D:0.2157045	D:4.594953e-02	D:8.688619e-01	S:TRUE	S:FALSE	S:TRUE	S:FALSE	S:TRUE	S:FALSE	S:FALSE	N:	N:	N:	N:
S:Gcdh	S:GCDH	D:12	D:0.1863553	D:3.958701e-03	D:2.921622e-02	S: 5.784641e-03	D:9.274971e-01	D:9.707406e-01	D:0.1805707	D:4.633480e-02	D:8.688619e-01	S:TRUE	S:FALSE	S:TRUE	S:FALSE	S:TRUE	S:FALSE	S:FALSE	N:	N:	N:	N:
S:Smpd4	S:SMPD4	D:12	D:0.4583872	D:1.450451e-04	D:2.215234e-03	S: 1.285831e-01	D:2.696248e-01	D:5.343250e-01	D:0.3298041	D:4.685124e-02	D:8.688619e-01	S:TRUE	S:FALSE	S:TRUE	S:FALSE	S:TRUE	S:FALSE	S:FALSE	N:	N:	N:	N:
S:Peg10	S:PEG10	D:12	D:0.9535824	D:2.060783e-08	D:1.375969e-06	S: 5.057731e-01	D:1.947221e-03	D:2.510179e-02	D:0.4478092	D:4.698329e-02	D:8.688619e-01	S:TRUE	S:TRUE	S:TRUE	S:FALSE	S:TRUE	S:FALSE	S:FALSE	N:	N:	N:	N:
S:Cramp1l	S:CRAMP1L	D:12	D:0.1688505	D:5.290295e-03	D:3.646365e-02	S: 3.710908e-04	D:9.950154e-01	D:9.980759e-01	D:0.1684794	D:4.699826e-02	D:8.688619e-01	S:TRUE	S:FALSE	S:TRUE	S:FALSE	S:TRUE	S:FALSE	S:FALSE	N:	N:	N:	N:
S:Notch4	S:NOTCH4	D:12	D:0.7158077	D:3.206132e-05	D:6.705838e-04	S: 2.512750e-01	D:1.259342e-01	D:3.582007e-01	D:0.4645327	D:4.719322e-02	D:8.688619e-01	S:TRUE	S:FALSE	S:TRUE	S:FALSE	S:TRUE	S:FALSE	S:FALSE	N:	N:	N:	N:
S:Dpf2	S:DPF2	D:12	D:0.3316787	D:1.801886e-03	D:1.607805e-02	S: 3.765877e-02	D:7.170470e-01	D:8.633030e-01	D:0.2940199	D:4.728444e-02	D:8.688619e-01	S:TRUE	S:FALSE	S:TRUE	S:FALSE	S:TRUE	S:FALSE	S:FALSE	N:	N:	N:	N:
S:Kdm5c	S:KDM5C	D:12	D:0.3509313	D:5.357334e-05	D:1.010906e-03	S: 1.139437e-01	D:1.774361e-01	D:4.310107e-01	D:0.2369877	D:4.738169e-02	D:8.688619e-01	S:TRUE	S:FALSE	S:TRUE	S:FALSE	S:TRUE	S:FALSE	S:FALSE	N:	N:	N:	N:
S:Zfp27	S:ZFP27	D:12	D:0.1512795	D:6.046966e-03	D:4.051364e-02	D:-2.936890e-03	D:9.574668e-01	D:9.842405e-01	D:0.1542164	D:4.785189e-02	D:8.692705e-01	S:TRUE	S:FALSE	S:TRUE	S:FALSE	S:TRUE	S:FALSE	S:FALSE	N:	N:	N:	N:
S:Sema5b	S:SEMA5B	D:12	D:0.7810825	D:6.497189e-04	D:7.329392e-03	S: 1.463792e-01	D:5.196450e-01	D:7.429701e-01	D:0.6347032	D:4.797414e-02	D:8.692705e-01	S:TRUE	S:FALSE	S:TRUE	S:FALSE	S:TRUE	S:FALSE	S:FALSE	N:	N:	N:	N:
S:Pop1	S:POP1	D:12	D:0.3997909	D:1.148820e-04	D:1.846122e-03	S: 1.156643e-01	D:2.559727e-01	D:5.213555e-01	D:0.2841267	D:4.801353e-02	D:8.692705e-01	S:TRUE	S:FALSE	S:TRUE	S:FALSE	S:TRUE	S:FALSE	S:FALSE	N:	N:	N:	N:
S:Bc068281	S:BC068281	D:12	D:0.4458584	D:9.335031e-05	D:1.575060e-03	S: 1.309906e-01	D:2.495308e-01	D:5.155605e-01	D:0.3148678	D:4.809241e-02	D:8.692705e-01	S:TRUE	S:FALSE	S:TRUE	S:FALSE	S:TRUE	S:FALSE	S:FALSE	N:	N:	N:	N:
S:Gatsl2	S:GATSL2	D:12	D:0.3225740	D:4.167967e-04	D:5.111484e-03	S: 7.315147e-02	D:4.090941e-01	D:6.629004e-01	D:0.2494225	D:4.841772e-02	D:8.692705e-01	S:TRUE	S:FALSE	S:TRUE	S:FALSE	S:TRUE	S:FALSE	S:FALSE	N:	N:	N:	N:
S:2310058d17rik	S:2310058D17RIK	D:12	D:0.6881521	D:2.989367e-06	D:9.812158e-05	S: 2.977014e-01	D:3.482175e-02	D:1.702300e-01	D:0.3904507	D:4.961694e-02	D:8.692705e-01	S:TRUE	S:FALSE	S:TRUE	S:FALSE	S:TRUE	S:FALSE	S:FALSE	N:	N:	N:	N:
S:Tm6sf2	S:TM6SF2	D:12	D:1.4539837	D:1.628360e-04	D:2.429344e-03	S: 3.567318e-01	D:3.862930e-01	D:6.439141e-01	D:1.0972519	D:4.987134e-02	D:8.692705e-01	S:TRUE	S:FALSE	S:TRUE	S:FALSE	S:TRUE	S:FALSE	S:FALSE	N:	N:	N:	N:
S:Hist2h4	S:HIST2H4	D:12	D:1.0350946	D:4.398648e-06	D:1.321625e-04	S: 4.323255e-01	D:4.887656e-02	D:2.069505e-01	D:0.6027690	D:4.993475e-02	D:8.692705e-01	S:TRUE	S:FALSE	S:TRUE	S:FALSE	S:TRUE	S:FALSE	S:FALSE	N:	N:	N:	N:
N:	N:	N:	N:	N:	N:	N:	N:	N:	N:	N:	N:	N:	N:	N:	N:	N:	N:	N:	N:	N:	N:	N:
N:	N:	N:	N:	N:	N:	N:	N:	N:	N:	N:	N:	N:	N:	N:	N:	N:	N:	N:	N:	N:	N:	N:
S:Source	S:derived from SF6a and the GSE128770 aging-attenuated response table	N:	N:	N:	N:	N:	N:	N:	N:	N:	N:	N:	N:	N:	N:	N:	N:	N:	N:	N:	N:	N:
S:Description	S:Full 98-gene SACS x aging-attenuated SD-response overlap with acute SD, chronic SF attenuation, and brain-aging statistics.	N:	N:	N:	N:	N:	N:	N:	N:	N:	N:	N:	N:	N:	N:	N:	N:	N:	N:	N:	N:	N:
N:	N:	N:	N:	N:	N:	N:	N:	N:	N:	N:	N:	N:	N:	N:	N:	N:	N:	N:	N:	N:	N:	N:
S:gene_upper	S:gene	S:acute_logFC	S:acute_P	S:acute_FDR	S:chronic_logFC	S:chronic_P	S:chronic_FDR	S:attenuation_score	S:acute_SD_induced	S:positive_attenuation	S:chronic_sf_down	S:chronic_sf_up_fdr05	S:brain_rna_aging_slope	S:brain_rna_aging_p	S:brain_rna_aging_fdr	S:aging_down_direction	S:aging_down_nominal_p05	S:aging_down_fdr10	S:aging_down_fdr05	S:cutoff	S:hsf_proteostasis	S:in_SACS
S:ABCF1	S:Abcf1	D:0.1776560	D:3.997495e-03	D:1.946921e-02	S: 0.0289213201	D:0.7023781672	D:0.94797162	D:0.14873463	S:TRUE	S:TRUE	S:FALSE	S:FALSE	D:-0.008039905	D:4.133776e-03	D:0.067506133	S:TRUE	S:TRUE	S:TRUE	S:FALSE	S:nominal_p05	S:FALSE	S:TRUE
S:ACAA1A	S:Acaa1a	D:0.1728444	D:1.167244e-03	D:8.123054e-03	D:-0.3432788442	D:0.0014173032	D:0.12053164	D:0.51612323	S:TRUE	S:TRUE	S:TRUE	S:FALSE	D:-0.012979118	D:7.382916e-04	D:0.026839953	S:TRUE	S:TRUE	S:TRUE	S:TRUE	S:nominal_p05	S:FALSE	S:TRUE
S:ACADVL	S:Acadvl	D:0.1643917	D:4.411764e-03	D:2.077828e-02	S: 0.0679430914	D:0.5175657743	D:0.90682186	D:0.09644860	S:TRUE	S:TRUE	S:FALSE	S:FALSE	D:-0.009211699	D:2.422609e-03	D:0.050698796	S:TRUE	S:TRUE	S:TRUE	S:FALSE	S:nominal_p05	S:TRUE	S:TRUE
S:AGPAT4	S:Agpat4	D:0.2779971	D:4.256909e-04	D:4.155467e-03	S: 0.0318800174	D:0.7138493144	D:0.95091687	D:0.24611708	S:TRUE	S:TRUE	S:FALSE	S:FALSE	D:-0.012441334	D:6.474949e-03	D:0.086007668	S:TRUE	S:TRUE	S:TRUE	S:FALSE	S:nominal_p05	S:FALSE	S:TRUE
S:AHSA1	S:Ahsa1	D:0.2543460	D:1.023948e-04	D:1.661478e-03	D:-0.1311070506	D:0.1283183575	D:0.64142959	D:0.38545309	S:TRUE	S:TRUE	S:TRUE	S:FALSE	D:-0.010030953	D:1.530607e-02	D:0.134060803	S:TRUE	S:TRUE	S:FALSE	S:FALSE	S:nominal_p05	S:FALSE	S:TRUE
S:ALKBH6	S:Alkbh6	D:0.1951567	D:3.068424e-03	D:1.605933e-02	D:-0.1111790765	D:0.3561319916	D:0.84342789	D:0.30633576	S:TRUE	S:TRUE	S:TRUE	S:FALSE	D:-0.006930381	D:4.652218e-02	D:0.237269559	S:TRUE	S:TRUE	S:FALSE	S:FALSE	S:nominal_p05	S:FALSE	S:TRUE
S:AMIGO3	S:Amigo3	D:0.8579067	D:8.663258e-04	D:6.628312e-03	D:-0.1386264671	D:0.6488781587	D:0.94236669	D:0.99653316	S:TRUE	S:TRUE	S:TRUE	S:FALSE	D:-0.036435701	D:5.251072e-04	D:0.022882359	S:TRUE	S:TRUE	S:TRUE	S:TRUE	S:nominal_p05	S:FALSE	S:TRUE
S:AMT	S:Amt	D:0.2662432	D:7.684921e-04	D:6.107329e-03	D:-0.0591798008	D:0.6291162443	D:0.93623629	D:0.32542297	S:TRUE	S:TRUE	S:TRUE	S:FALSE	D:-0.008077641	D:4.637690e-02	D:0.236790591	S:TRUE	S:TRUE	S:FALSE	S:FALSE	S:nominal_p05	S:FALSE	S:TRUE
S:ANKRD13B	S:Ankrd13b	D:0.2112852	D:8.576887e-04	D:6.600456e-03	D:-0.2205563419	D:0.0535112117	D:0.49882365	D:0.43184150	S:TRUE	S:TRUE	S:TRUE	S:FALSE	D:-0.007260588	D:1.163828e-02	D:0.117768955	S:TRUE	S:TRUE	S:FALSE	S:FALSE	S:nominal_p05	S:FALSE	S:TRUE
S:ARHGEF7	S:Arhgef7	D:0.3895506	D:9.025414e-06	D:3.521062e-04	S: 0.0102419345	D:0.9102243857	D:0.98995416	D:0.37930862	S:TRUE	S:TRUE	S:FALSE	S:FALSE	D:-0.005854012	D:3.877330e-02	D:0.216393329	S:TRUE	S:TRUE	S:FALSE	S:FALSE	S:nominal_p05	S:FALSE	S:TRUE
S:ATF6B	S:Atf6b	D:0.2131732	D:2.806986e-03	D:1.508009e-02	D:-0.0234070893	D:0.7999191847	D:0.96713612	D:0.23658025	S:TRUE	S:TRUE	S:TRUE	S:FALSE	D:-0.009086486	D:1.022020e-02	D:0.109171365	S:TRUE	S:TRUE	S:FALSE	S:FALSE	S:nominal_p05	S:TRUE	S:TRUE
S:ATG4D	S:Atg4d	D:0.3718712	D:3.637090e-05	D:8.542042e-04	D:-0.1611046308	D:0.2257336516	D:0.74782513	D:0.53297582	S:TRUE	S:TRUE	S:TRUE	S:FALSE	D:-0.009099113	D:2.816404e-02	D:0.185439301	S:TRUE	S:TRUE	S:FALSE	S:FALSE	S:nominal_p05	S:FALSE	S:TRUE
S:ATP6V0B	S:Atp6v0b	D:0.1458646	D:2.359022e-03	D:1.331356e-02	D:-0.1261495327	D:0.1207967108	D:0.63119365	D:0.27201415	S:TRUE	S:TRUE	S:TRUE	S:FALSE	D:-0.008441507	D:3.407114e-03	D:0.059939853	S:TRUE	S:TRUE	S:TRUE	S:FALSE	S:nominal_p05	S:FALSE	S:TRUE
S:BCL2L2	S:Bcl2l2	D:0.1259427	D:6.927526e-03	D:2.852737e-02	S: 0.0034087730	D:0.9619032916	D:0.99581056	D:0.12253394	S:TRUE	S:TRUE	S:FALSE	S:FALSE	D:-0.006500894	D:1.606105e-02	D:0.137091475	S:TRUE	S:TRUE	S:FALSE	S:FALSE	S:nominal_p05	S:FALSE	S:TRUE
S:BPNT1	S:Bpnt1	D:0.1524921	D:1.868973e-03	D:1.129111e-02	S: 0.0442102200	D:0.5882689706	D:0.92759380	D:0.10828187	S:TRUE	S:TRUE	S:FALSE	S:FALSE	D:-0.005989633	D:5.162710e-03	D:0.075663663	S:TRUE	S:TRUE	S:TRUE	S:FALSE	S:nominal_p05	S:FALSE	S:TRUE
S:CALR	S:Calr	D:0.6813575	D:5.172464e-09	D:1.296370e-05	D:-0.0681870057	D:0.5033678276	D:0.90595252	D:0.74954450	S:TRUE	S:TRUE	S:TRUE	S:FALSE	D:-0.014244791	D:3.156237e-02	D:0.196402265	S:TRUE	S:TRUE	S:FALSE	S:FALSE	S:nominal_p05	S:TRUE	S:TRUE
S:CAMK1	S:Camk1	D:0.1814586	D:5.210520e-03	D:2.338685e-02	D:-0.4646600336	D:0.0022086354	D:0.14203965	D:0.64611859	S:TRUE	S:TRUE	S:TRUE	S:FALSE	D:-0.009000508	D:7.683379e-04	D:0.027037378	S:TRUE	S:TRUE	S:TRUE	S:TRUE	S:nominal_p05	S:FALSE	S:TRUE
S:CCDC28B	S:Ccdc28b	D:0.3541790	D:1.332943e-03	D:8.927399e-03	D:-0.1691330059	D:0.1866544721	D:0.71160734	D:0.52331197	S:TRUE	S:TRUE	S:TRUE	S:FALSE	D:-0.016139293	D:7.523616e-04	D:0.026967637	S:TRUE	S:TRUE	S:TRUE	S:TRUE	S:nominal_p05	S:FALSE	S:TRUE
S:CHST10	S:Chst10	D:0.1855543	D:2.995439e-03	D:1.580782e-02	D:-0.1092541248	D:0.2476897299	D:0.76794342	D:0.29480841	S:TRUE	S:TRUE	S:TRUE	S:FALSE	D:-0.005340304	D:5.689566e-03	D:0.080136390	S:TRUE	S:TRUE	S:TRUE	S:FALSE	S:nominal_p05	S:FALSE	S:TRUE
S:CHTF8	S:Chtf8	D:0.4437522	D:1.867295e-04	D:2.406685e-03	D:-0.1242552756	D:0.6047212102	D:0.93117332	D:0.56800752	S:TRUE	S:TRUE	S:TRUE	S:FALSE	D:-0.009511978	D:9.921909e-03	D:0.107542764	S:TRUE	S:TRUE	S:FALSE	S:FALSE	S:nominal_p05	S:FALSE	S:TRUE
S:CIAPIN1	S:Ciapin1	D:0.2180897	D:3.452205e-04	D:3.584009e-03	S: 0.0491274205	D:0.5617163702	D:0.92235398	D:0.16896226	S:TRUE	S:TRUE	S:FALSE	S:FALSE	D:-0.006573543	D:7.327415e-03	D:0.091776870	S:TRUE	S:TRUE	S:TRUE	S:FALSE	S:nominal_p05	S:FALSE	S:TRUE
S:CNIH2	S:Cnih2	D:0.1865055	D:1.000551e-02	D:3.734810e-02	D:-0.1456900899	D:0.2390097935	D:0.75981013	D:0.33219557	S:TRUE	S:TRUE	S:TRUE	S:FALSE	D:-0.011108240	D:6.205293e-03	D:0.083974058	S:TRUE	S:TRUE	S:TRUE	S:FALSE	S:nominal_p05	S:FALSE	S:TRUE
S:COL4A2	S:Col4a2	D:0.5551301	D:1.386587e-05	D:4.636794e-04	D:-0.1165729726	D:0.2941714534	D:0.80677278	D:0.67170311	S:TRUE	S:TRUE	S:TRUE	S:FALSE	D:-0.013718995	D:1.077668e-02	D:0.112190620	S:TRUE	S:TRUE	S:FALSE	S:FALSE	S:nominal_p05	S:FALSE	S:TRUE
S:CTDNEP1	S:Ctdnep1	D:0.1748622	D:6.813279e-03	D:2.819185e-02	D:-0.0766628241	D:0.4180019960	D:0.87257837	D:0.25152502	S:TRUE	S:TRUE	S:TRUE	S:FALSE	D:-0.007171383	D:1.041910e-02	D:0.110400569	S:TRUE	S:TRUE	S:FALSE	S:FALSE	S:nominal_p05	S:FALSE	S:TRUE
S:CUTA	S:Cuta	D:0.2486097	D:2.768407e-04	D:3.090672e-03	D:-0.0733636650	D:0.5483003794	D:0.91639014	D:0.32197336	S:TRUE	S:TRUE	S:TRUE	S:FALSE	D:-0.016607876	D:8.996683e-04	D:0.029342026	S:TRUE	S:TRUE	S:TRUE	S:TRUE	S:nominal_p05	S:FALSE	S:TRUE
S:DALRD3	S:Dalrd3	D:0.2993555	D:2.641616e-04	D:2.999824e-03	D:-0.0448439054	D:0.6301414428	D:0.93628222	D:0.34419943	S:TRUE	S:TRUE	S:TRUE	S:FALSE	D:-0.012105462	D:3.067111e-03	D:0.056661648	S:TRUE	S:TRUE	S:TRUE	S:FALSE	S:nominal_p05	S:FALSE	S:TRUE
S:DOK3	S:Dok3	D:1.4641556	D:9.858422e-09	D:1.353963e-05	D:-0.2635995112	D:0.2659602559	D:0.78125473	D:1.72775509	S:TRUE	S:TRUE	S:TRUE	S:FALSE	D:-0.027633119	D:3.260819e-02	D:0.199244710	S:TRUE	S:TRUE	S:FALSE	S:FALSE	S:nominal_p05	S:FALSE	S:TRUE
S:EEF1D	S:Eef1d	D:0.2316642	D:6.260001e-04	D:5.341216e-03	D:-0.0631655222	D:0.5403428632	D:0.91313603	D:0.29482969	S:TRUE	S:TRUE	S:TRUE	S:FALSE	D:-0.006112412	D:1.229343e-02	D:0.120817697	S:TRUE	S:TRUE	S:FALSE	S:FALSE	S:nominal_p05	S:FALSE	S:TRUE
S:EIF4A1	S:Eif4a1	D:0.1778933	D:3.475590e-03	D:1.759212e-02	D:-0.0794390411	D:0.4743522238	D:0.89447329	D:0.25733230	S:TRUE	S:TRUE	S:TRUE	S:FALSE	D:-0.002900870	D:1.776621e-02	D:0.145000284	S:TRUE	S:TRUE	S:FALSE	S:FALSE	S:nominal_p05	S:FALSE	S:TRUE
S:F8A	S:F8a	D:0.4090750	D:5.382492e-04	D:4.807544e-03	D:-0.6918373264	D:0.0014495987	D:0.12180859	D:1.10091232	S:TRUE	S:TRUE	S:TRUE	S:FALSE	D:-0.016295452	D:6.041357e-04	D:0.024473254	S:TRUE	S:TRUE	S:TRUE	S:TRUE	S:nominal_p05	S:FALSE	S:TRUE
S:FAM193B	S:Fam193b	D:0.1551243	D:3.499433e-03	D:1.767894e-02	D:-0.0636420244	D:0.6606969544	D:0.94280340	D:0.21876635	S:TRUE	S:TRUE	S:TRUE	S:FALSE	D:-0.010986710	D:5.840312e-03	D:0.081021701	S:TRUE	S:TRUE	S:TRUE	S:FALSE	S:nominal_p05	S:FALSE	S:TRUE
S:FAM98C	S:Fam98c	D:0.2615620	D:1.766897e-03	D:1.084938e-02	D:-0.4732503027	D:0.0072253059	D:0.23897364	D:0.73481232	S:TRUE	S:TRUE	S:TRUE	S:FALSE	D:-0.014463225	D:8.021247e-05	D:0.008962893	S:TRUE	S:TRUE	S:TRUE	S:TRUE	S:nominal_p05	S:FALSE	S:TRUE
S:FKBP4	S:Fkbp4	D:0.2753803	D:1.770380e-04	D:2.321409e-03	D:-0.3255997675	D:0.0031913131	D:0.16568532	D:0.60098003	S:TRUE	S:TRUE	S:TRUE	S:FALSE	D:-0.015006453	D:8.063893e-04	D:0.027722520	S:TRUE	S:TRUE	S:TRUE	S:TRUE	S:nominal_p05	S:TRUE	S:TRUE
S:GALNT9	S:Galnt9	D:0.9346945	D:2.343570e-06	D:1.637591e-04	D:-0.1399784550	D:0.1253457884	D:0.63938085	D:1.07467293	S:TRUE	S:TRUE	S:TRUE	S:FALSE	D:-0.011075695	D:4.014607e-02	D:0.220735870	S:TRUE	S:TRUE	S:FALSE	S:FALSE	S:nominal_p05	S:FALSE	S:TRUE
S:GGA1	S:Gga1	D:0.1461824	D:8.393270e-03	D:3.291898e-02	S: 0.0149174227	D:0.8741866028	D:0.98305917	D:0.13126498	S:TRUE	S:TRUE	S:FALSE	S:FALSE	D:-0.010474921	D:4.764860e-04	D:0.021584700	S:TRUE	S:TRUE	S:TRUE	S:TRUE	S:nominal_p05	S:FALSE	S:TRUE
S:GMPPB	S:Gmppb	D:0.5424476	D:4.218729e-05	D:9.354154e-04	D:-0.1355180145	D:0.3494112131	D:0.83900489	D:0.67796564	S:TRUE	S:TRUE	S:TRUE	S:FALSE	D:-0.016556320	D:8.882064e-03	D:0.101633319	S:TRUE	S:TRUE	S:FALSE	S:FALSE	S:nominal_p05	S:FALSE	S:TRUE
S:GPR162	S:Gpr162	D:0.3491414	D:6.077932e-05	D:1.180802e-03	D:-0.0937143581	D:0.2316754524	D:0.75475561	D:0.44285573	S:TRUE	S:TRUE	S:TRUE	S:FALSE	D:-0.016110734	D:2.064338e-04	D:0.014254759	S:TRUE	S:TRUE	S:TRUE	S:TRUE	S:nominal_p05	S:FALSE	S:TRUE
S:GRAMD4	S:Gramd4	D:0.2960407	D:1.347269e-03	D:8.981997e-03	D:-0.0738858289	D:0.5263906353	D:0.90895084	D:0.36992654	S:TRUE	S:TRUE	S:TRUE	S:FALSE	D:-0.006051652	D:3.788319e-02	D:0.214117837	S:TRUE	S:TRUE	S:FALSE	S:FALSE	S:nominal_p05	S:FALSE	S:TRUE
S:GRWD1	S:Grwd1	D:0.2320202	D:6.971782e-03	D:2.865534e-02	D:-0.1485391218	D:0.2554661055	D:0.77482997	D:0.38055936	S:TRUE	S:TRUE	S:TRUE	S:FALSE	D:-0.009545236	D:2.880356e-02	D:0.187266550	S:TRUE	S:TRUE	S:FALSE	S:FALSE	S:nominal_p05	S:FALSE	S:TRUE
S:HAX1	S:Hax1	D:0.3610095	D:1.125925e-04	D:1.755092e-03	D:-0.0367155325	D:0.8525097664	D:0.97956919	D:0.39772507	S:TRUE	S:TRUE	S:TRUE	S:FALSE	D:-0.010929999	D:5.262310e-04	D:0.022882359	S:TRUE	S:TRUE	S:TRUE	S:TRUE	S:nominal_p05	S:FALSE	S:TRUE
S:HDAC5	S:Hdac5	D:0.3617873	D:8.551380e-05	D:1.489893e-03	D:-0.1838211826	D:0.1519162684	D:0.67344526	D:0.54560846	S:TRUE	S:TRUE	S:TRUE	S:FALSE	D:-0.008424443	D:7.956721e-03	D:0.095335933	S:TRUE	S:TRUE	S:TRUE	S:FALSE	S:nominal_p05	S:FALSE	S:TRUE
S:HSF1	S:Hsf1	D:0.3116329	D:1.560537e-04	D:2.160628e-03	D:-0.0679721626	D:0.5712033364	D:0.92410466	D:0.37960507	S:TRUE	S:TRUE	S:TRUE	S:FALSE	D:-0.006749455	D:4.068699e-02	D:0.222529238	S:TRUE	S:TRUE	S:FALSE	S:FALSE	S:nominal_p05	S:TRUE	S:TRUE
S:IL11RA1	S:Il11ra1	D:0.2538662	D:7.800031e-04	D:6.170354e-03	D:-0.0312591306	D:0.7820258884	D:0.96245814	D:0.28512536	S:TRUE	S:TRUE	S:TRUE	S:FALSE	D:-0.012057235	D:7.881539e-03	D:0.094727471	S:TRUE	S:TRUE	S:TRUE	S:FALSE	S:nominal_p05	S:FALSE	S:TRUE
S:IL17RA	S:Il17ra	D:0.6168984	D:9.247175e-06	D:3.575499e-04	D:-0.2086036507	D:0.3164159842	D:0.81781813	D:0.82550200	S:TRUE	S:TRUE	S:TRUE	S:FALSE	D:-0.013814682	D:1.112139e-02	D:0.114294938	S:TRUE	S:TRUE	S:FALSE	S:FALSE	S:nominal_p05	S:FALSE	S:TRUE
S:IRF3	S:Irf3	D:0.3791639	D:2.883958e-04	D:3.179373e-03	D:-0.1172546208	D:0.5161803940	D:0.90682186	D:0.49641848	S:TRUE	S:TRUE	S:TRUE	S:FALSE	D:-0.014701029	D:1.180839e-02	D:0.118902928	S:TRUE	S:TRUE	S:FALSE	S:FALSE	S:nominal_p05	S:FALSE	S:TRUE
S:LIMK2	S:Limk2	D:0.1524480	D:4.829983e-03	D:2.212998e-02	D:-0.0816152097	D:0.3169963933	D:0.81829594	D:0.23406320	S:TRUE	S:TRUE	S:TRUE	S:FALSE	D:-0.005004354	D:3.728882e-02	D:0.212714699	S:TRUE	S:TRUE	S:FALSE	S:FALSE	S:nominal_p05	S:FALSE	S:TRUE
S:LMAN2	S:Lman2	D:0.3979743	D:9.544883e-07	D:1.015537e-04	D:-0.0047661919	D:0.9540490978	D:0.99402995	D:0.40274046	S:TRUE	S:TRUE	S:TRUE	S:FALSE	D:-0.007312965	D:3.005473e-02	D:0.191416906	S:TRUE	S:TRUE	S:FALSE	S:FALSE	S:nominal_p05	S:FALSE	S:TRUE
S:LMAN2L	S:Lman2l	D:0.3905305	D:5.009249e-07	D:6.891577e-05	S: 0.0141599953	D:0.8711753950	D:0.98305917	D:0.37637054	S:TRUE	S:TRUE	S:FALSE	S:FALSE	D:-0.011714178	D:7.925715e-03	D:0.095084312	S:TRUE	S:TRUE	S:TRUE	S:FALSE	S:nominal_p05	S:FALSE	S:TRUE
S:MAFG	S:Mafg	D:0.5091563	D:8.194763e-07	D:9.166511e-05	D:-0.0348359921	D:0.7568190732	D:0.95752320	D:0.54399229	S:TRUE	S:TRUE	S:TRUE	S:FALSE	D:-0.007877642	D:3.006639e-02	D:0.191416906	S:TRUE	S:TRUE	S:FALSE	S:FALSE	S:nominal_p05	S:FALSE	S:TRUE
S:MAP2K2	S:Map2k2	D:0.1638517	D:1.423535e-02	D:4.835503e-02	D:-0.1884722598	D:0.0630260979	D:0.52159270	D:0.35232393	S:TRUE	S:TRUE	S:TRUE	S:FALSE	D:-0.007111537	D:5.221938e-03	D:0.076048075	S:TRUE	S:TRUE	S:TRUE	S:FALSE	S:nominal_p05	S:FALSE	S:TRUE
S:MAPK8IP1	S:Mapk8ip1	D:0.2778807	D:1.085580e-04	D:1.718667e-03	D:-0.1537392130	D:0.0953229367	D:0.58891159	D:0.43161989	S:TRUE	S:TRUE	S:TRUE	S:FALSE	D:-0.005364498	D:1.042607e-03	D:0.032091072	S:TRUE	S:TRUE	S:TRUE	S:TRUE	S:nominal_p05	S:FALSE	S:TRUE
S:MICAL2	S:Mical2	D:0.7003037	D:4.698130e-06	D:2.387514e-04	D:-0.0310309419	D:0.7726105784	D:0.96122131	D:0.73133462	S:TRUE	S:TRUE	S:TRUE	S:FALSE	D:-0.011855805	D:1.002527e-02	D:0.108091127	S:TRUE	S:TRUE	S:FALSE	S:FALSE	S:nominal_p05	S:FALSE	S:TRUE
S:MIER2	S:Mier2	D:0.1981580	D:5.884239e-03	D:2.543690e-02	D:-0.1160389017	D:0.3562913062	D:0.84342789	D:0.31419693	S:TRUE	S:TRUE	S:TRUE	S:FALSE	D:-0.006746331	D:1.198159e-02	D:0.119465292	S:TRUE	S:TRUE	S:FALSE	S:FALSE	S:nominal_p05	S:FALSE	S:TRUE
S:MLEC	S:Mlec	D:0.4510995	D:3.287690e-07	D:5.223256e-05	D:-0.0001194064	D:0.9988310625	D:0.99962430	D:0.45121892	S:TRUE	S:TRUE	S:TRUE	S:FALSE	D:-0.006854845	D:4.846208e-02	D:0.242349880	S:TRUE	S:TRUE	S:FALSE	S:FALSE	S:nominal_p05	S:FALSE	S:TRUE
S:MRPS35	S:Mrps35	D:0.2465346	D:2.738219e-04	D:3.067773e-03	D:-0.1018273717	D:0.4153989325	D:0.87044179	D:0.34836200	S:TRUE	S:TRUE	S:TRUE	S:FALSE	D:-0.007485830	D:4.465489e-02	D:0.233032032	S:TRUE	S:TRUE	S:FALSE	S:FALSE	S:nominal_p05	S:FALSE	S:TRUE
S:MYCN	S:Mycn	D:0.3726590	D:1.114268e-03	D:7.878901e-03	D:-0.3747496176	D:0.0388071683	D:0.44903587	D:0.74740861	S:TRUE	S:TRUE	S:TRUE	S:FALSE	D:-0.023238930	D:9.879788e-04	D:0.030931363	S:TRUE	S:TRUE	S:TRUE	S:TRUE	S:nominal_p05	S:FALSE	S:TRUE
S:NBL1	S:Nbl1	D:0.2142348	D:1.419603e-02	D:4.828354e-02	D:-0.1105660710	D:0.2181617660	D:0.74377096	D:0.32480089	S:TRUE	S:TRUE	S:TRUE	S:FALSE	D:-0.006913888	D:2.869754e-02	D:0.187158023	S:TRUE	S:TRUE	S:FALSE	S:FALSE	S:nominal_p05	S:FALSE	S:TRUE
S:NDUFA8	S:Ndufa8	D:0.1884497	D:1.454116e-03	D:9.506022e-03	D:-0.1593137846	D:0.1060725561	D:0.61143284	D:0.34776351	S:TRUE	S:TRUE	S:TRUE	S:FALSE	D:-0.014445797	D:6.358209e-04	D:0.025155859	S:TRUE	S:TRUE	S:TRUE	S:TRUE	S:nominal_p05	S:FALSE	S:TRUE
S:NFIL3	S:Nfil3	D:0.9920656	D:8.548379e-07	D:9.410934e-05	D:-0.4633449418	D:0.0235618707	D:0.37056702	D:1.45541057	S:TRUE	S:TRUE	S:TRUE	S:FALSE	D:-0.025718863	D:9.112307e-04	D:0.029500987	S:TRUE	S:TRUE	S:TRUE	S:TRUE	S:nominal_p05	S:FALSE	S:TRUE
S:NOP2	S:Nop2	D:0.2588038	D:2.592699e-04	D:2.961788e-03	D:-0.0246833346	D:0.8160454744	D:0.97079404	D:0.28348718	S:TRUE	S:TRUE	S:TRUE	S:FALSE	D:-0.006482811	D:2.757759e-02	D:0.184353859	S:TRUE	S:TRUE	S:FALSE	S:FALSE	S:nominal_p05	S:FALSE	S:TRUE
S:OCEL1	S:Ocel1	D:0.2584336	D:9.810064e-04	D:7.220374e-03	D:-0.2190209970	D:0.1441504603	D:0.66206365	D:0.47745459	S:TRUE	S:TRUE	S:TRUE	S:FALSE	D:-0.011076254	D:2.515143e-02	D:0.174582015	S:TRUE	S:TRUE	S:FALSE	S:FALSE	S:nominal_p05	S:FALSE	S:TRUE
S:PARD6A	S:Pard6a	D:0.2323945	D:1.144857e-02	D:4.114647e-02	D:-0.1427415076	D:0.2377661934	D:0.75907761	D:0.37513600	S:TRUE	S:TRUE	S:TRUE	S:FALSE	D:-0.008713663	D:2.207457e-02	D:0.164382241	S:TRUE	S:TRUE	S:FALSE	S:FALSE	S:nominal_p05	S:FALSE	S:TRUE
S:PDIA6	S:Pdia6	D:0.7387677	D:2.322119e-07	D:4.435246e-05	S: 0.0057304734	D:0.9541597515	D:0.99402995	D:0.73303722	S:TRUE	S:TRUE	S:FALSE	S:FALSE	D:-0.016213996	D:1.981258e-02	D:0.154847181	S:TRUE	S:TRUE	S:FALSE	S:FALSE	S:nominal_p05	S:TRUE	S:TRUE
S:PEX5	S:Pex5	D:0.3155224	D:1.120321e-04	D:1.749583e-03	D:-0.0804759021	D:0.4515544160	D:0.88698633	D:0.39599835	S:TRUE	S:TRUE	S:TRUE	S:FALSE	D:-0.010704100	D:2.726940e-03	D:0.052867080	S:TRUE	S:TRUE	S:TRUE	S:FALSE	S:nominal_p05	S:FALSE	S:TRUE
S:PEX6	S:Pex6	D:0.2922122	D:9.737142e-05	D:1.612988e-03	D:-0.1274668520	D:0.1262957993	D:0.63938085	D:0.41967901	S:TRUE	S:TRUE	S:TRUE	S:FALSE	D:-0.012966493	D:1.146996e-02	D:0.116706202	S:TRUE	S:TRUE	S:FALSE	S:FALSE	S:nominal_p05	S:FALSE	S:TRUE
S:PFN1	S:Pfn1	D:0.2165270	D:7.287733e-04	D:5.913623e-03	D:-0.4575287637	D:0.0007812415	D:0.09653742	D:0.67405581	S:TRUE	S:TRUE	S:TRUE	S:FALSE	D:-0.007864576	D:4.794731e-02	D:0.241531296	S:TRUE	S:TRUE	S:FALSE	S:FALSE	S:nominal_p05	S:FALSE	S:TRUE
S:PHF23	S:Phf23	D:0.2387855	D:9.596595e-04	D:7.115754e-03	D:-0.0729266156	D:0.5100454880	D:0.90595252	D:0.31171213	S:TRUE	S:TRUE	S:TRUE	S:FALSE	D:-0.008309975	D:2.814662e-02	D:0.185439301	S:TRUE	S:TRUE	S:FALSE	S:FALSE	S:nominal_p05	S:FALSE	S:TRUE
S:PLOD1	S:Plod1	D:0.2559593	D:2.538649e-03	D:1.403585e-02	D:-0.2229559556	D:0.0839913686	D:0.56952314	D:0.47891524	S:TRUE	S:TRUE	S:TRUE	S:FALSE	D:-0.012592328	D:2.308372e-02	D:0.167820252	S:TRUE	S:TRUE	S:FALSE	S:FALSE	S:nominal_p05	S:FALSE	S:TRUE
S:POFUT2	S:Pofut2	D:0.3603249	D:4.265430e-05	D:9.391647e-04	D:-0.0104528968	D:0.9305148347	D:0.99198621	D:0.37077776	S:TRUE	S:TRUE	S:TRUE	S:FALSE	D:-0.007891024	D:4.379187e-03	D:0.069066777	S:TRUE	S:TRUE	S:TRUE	S:FALSE	S:nominal_p05	S:FALSE	S:TRUE
S:POLR2C	S:Polr2c	D:0.1528034	D:1.087038e-02	D:3.963389e-02	D:-0.0506688482	D:0.7070159768	D:0.94925222	D:0.20347223	S:TRUE	S:TRUE	S:TRUE	S:FALSE	D:-0.005936747	D:3.776375e-02	D:0.213770414	S:TRUE	S:TRUE	S:FALSE	S:FALSE	S:nominal_p05	S:FALSE	S:TRUE
S:PPP6R1	S:Ppp6r1	D:0.4159940	D:1.841544e-06	D:1.500145e-04	D:-0.0045140249	D:0.9633435046	D:0.99638927	D:0.42050805	S:TRUE	S:TRUE	S:TRUE	S:FALSE	D:-0.005485292	D:2.437388e-03	D:0.050834931	S:TRUE	S:TRUE	S:TRUE	S:FALSE	S:nominal_p05	S:FALSE	S:TRUE
S:PRKCSH	S:Prkcsh	D:0.2513735	D:2.650422e-04	D:3.004474e-03	D:-0.0091873405	D:0.9058142891	D:0.98898043	D:0.26056085	S:TRUE	S:TRUE	S:TRUE	S:FALSE	D:-0.008826016	D:1.020581e-02	D:0.109128288	S:TRUE	S:TRUE	S:FALSE	S:FALSE	S:nominal_p05	S:FALSE	S:TRUE
S:PTPN5	S:Ptpn5	D:0.3572533	D:2.498377e-04	D:2.876651e-03	D:-0.1660614249	D:0.0337760413	D:0.43352175	D:0.52331477	S:TRUE	S:TRUE	S:TRUE	S:FALSE	D:-0.005919122	D:3.766849e-02	D:0.213573235	S:TRUE	S:TRUE	S:FALSE	S:FALSE	S:nominal_p05	S:FALSE	S:TRUE
S:RAB40C	S:Rab40c	D:0.2311111	D:7.293569e-04	D:5.913623e-03	D:-0.1786206497	D:0.0824472083	D:0.56733383	D:0.40973179	S:TRUE	S:TRUE	S:TRUE	S:FALSE	D:-0.011558514	D:1.992852e-02	D:0.155423938	S:TRUE	S:TRUE	S:FALSE	S:FALSE	S:nominal_p05	S:FALSE	S:TRUE
S:RBM28	S:Rbm28	D:0.6879778	D:1.942419e-08	D:1.399690e-05	D:-0.0257075072	D:0.8246571922	D:0.97346487	D:0.71368531	S:TRUE	S:TRUE	S:TRUE	S:FALSE	D:-0.013725856	D:2.562910e-03	D:0.051361276	S:TRUE	S:TRUE	S:TRUE	S:FALSE	S:nominal_p05	S:FALSE	S:TRUE
S:RHOT2	S:Rhot2	D:0.4338862	D:2.409488e-05	D:6.620036e-04	D:-0.0128295422	D:0.9112678995	D:0.99000353	D:0.44671575	S:TRUE	S:TRUE	S:TRUE	S:FALSE	D:-0.006085614	D:4.296016e-02	D:0.228801970	S:TRUE	S:TRUE	S:FALSE	S:FALSE	S:nominal_p05	S:FALSE	S:TRUE
S:RNF112	S:Rnf112	D:0.1571101	D:9.466211e-04	D:7.042132e-03	D:-0.1245512248	D:0.2324759244	D:0.75576484	D:0.28166135	S:TRUE	S:TRUE	S:TRUE	S:FALSE	D:-0.009920571	D:2.639385e-03	D:0.051989675	S:TRUE	S:TRUE	S:TRUE	S:FALSE	S:nominal_p05	S:FALSE	S:TRUE
S:SDF2	S:Sdf2	D:0.2066649	D:5.925258e-04	D:5.121324e-03	S: 0.0115646730	D:0.9150657342	D:0.99051281	D:0.19510023	S:TRUE	S:TRUE	S:FALSE	S:FALSE	D:-0.006589481	D:3.801251e-02	D:0.214388687	S:TRUE	S:TRUE	S:FALSE	S:FALSE	S:nominal_p05	S:FALSE	S:TRUE
S:SIN3B	S:Sin3b	D:0.2888123	D:5.548322e-06	D:2.649324e-04	S: 0.0532661860	D:0.5487276301	D:0.91655605	D:0.23554612	S:TRUE	S:TRUE	S:FALSE	S:FALSE	D:-0.006467188	D:3.711331e-02	D:0.212544553	S:TRUE	S:TRUE	S:FALSE	S:FALSE	S:nominal_p05	S:FALSE	S:TRUE
S:SLC35A2	S:Slc35a2	D:0.2100253	D:1.832179e-03	D:1.113282e-02	D:-0.0592326871	D:0.5588714679	D:0.91986182	D:0.26925797	S:TRUE	S:TRUE	S:TRUE	S:FALSE	D:-0.008558006	D:4.594791e-02	D:0.236007894	S:TRUE	S:TRUE	S:FALSE	S:FALSE	S:nominal_p05	S:FALSE	S:TRUE
S:SLC39A2	S:Slc39a2	D:0.7573054	D:4.962893e-07	D:6.891577e-05	D:-0.1799792160	D:0.6802765015	D:0.94396743	D:0.93728461	S:TRUE	S:TRUE	S:TRUE	S:FALSE	D:-0.019713755	D:1.811819e-02	D:0.146713254	S:TRUE	S:TRUE	S:FALSE	S:FALSE	S:nominal_p05	S:FALSE	S:TRUE
S:SNTA1	S:Snta1	D:0.2106508	D:4.667517e-03	D:2.160413e-02	D:-0.0710862270	D:0.5077826976	D:0.90595252	D:0.28173701	S:TRUE	S:TRUE	S:TRUE	S:FALSE	D:-0.012110851	D:7.556489e-03	D:0.092950084	S:TRUE	S:TRUE	S:TRUE	S:FALSE	S:nominal_p05	S:FALSE	S:TRUE
S:SOX11	S:Sox11	D:0.5829178	D:5.116629e-06	D:2.488157e-04	D:-0.4570397974	D:0.0406759999	D:0.45582111	D:1.03995755	S:TRUE	S:TRUE	S:TRUE	S:FALSE	D:-0.019633522	D:3.513473e-03	D:0.061053625	S:TRUE	S:TRUE	S:TRUE	S:FALSE	S:nominal_p05	S:FALSE	S:TRUE
S:SRRT	S:Srrt	D:0.2328524	D:2.304317e-04	D:2.732251e-03	D:-0.0727049578	D:0.4531083959	D:0.88701842	D:0.30555736	S:TRUE	S:TRUE	S:TRUE	S:FALSE	D:-0.004039921	D:2.761323e-02	D:0.184458378	S:TRUE	S:TRUE	S:FALSE	S:FALSE	S:nominal_p05	S:FALSE	S:TRUE
S:STARD3	S:Stard3	D:0.2778265	D:1.715901e-04	D:2.281905e-03	D:-0.0558361739	D:0.6129044583	D:0.93414861	D:0.33366272	S:TRUE	S:TRUE	S:TRUE	S:FALSE	D:-0.010599227	D:2.252957e-03	D:0.048546232	S:TRUE	S:TRUE	S:TRUE	S:TRUE	S:nominal_p05	S:FALSE	S:TRUE
S:STX5A	S:Stx5a	D:0.1399964	D:9.932759e-03	D:3.713774e-02	S: 0.0844762051	D:0.5372022010	D:0.91172125	D:0.05552022	S:TRUE	S:TRUE	S:FALSE	S:FALSE	D:-0.005590747	D:8.264548e-03	D:0.097550235	S:TRUE	S:TRUE	S:TRUE	S:FALSE	S:nominal_p05	S:FALSE	S:TRUE
S:SYVN1	S:Syvn1	D:0.3406746	D:1.382114e-04	D:1.986460e-03	S: 0.0543801921	D:0.6475945784	D:0.94236669	D:0.28629445	S:TRUE	S:TRUE	S:FALSE	S:FALSE	D:-0.007845475	D:2.764094e-02	D:0.184509803	S:TRUE	S:TRUE	S:FALSE	S:FALSE	S:nominal_p05	S:TRUE	S:TRUE
S:TBC1D10B	S:Tbc1d10b	D:0.1389727	D:1.071136e-02	D:3.915314e-02	D:-0.1078657427	D:0.2186331696	D:0.74386862	D:0.24683848	S:TRUE	S:TRUE	S:TRUE	S:FALSE	D:-0.004242094	D:1.680986e-02	D:0.140782800	S:TRUE	S:TRUE	S:FALSE	S:FALSE	S:nominal_p05	S:FALSE	S:TRUE
S:THOP1	S:Thop1	D:0.2637291	D:3.873176e-03	D:1.900974e-02	D:-0.1667359634	D:0.1781172015	D:0.70473046	D:0.43046510	S:TRUE	S:TRUE	S:TRUE	S:FALSE	D:-0.006624902	D:2.241263e-02	D:0.165740044	S:TRUE	S:TRUE	S:FALSE	S:FALSE	S:nominal_p05	S:FALSE	S:TRUE
S:TMEM178	S:Tmem178	D:0.3907322	D:4.860619e-05	D:1.011226e-03	D:-0.3966225596	D:0.0062463927	D:0.22483293	D:0.78735476	S:TRUE	S:TRUE	S:TRUE	S:FALSE	D:-0.009993443	D:1.562844e-02	D:0.135532229	S:TRUE	S:TRUE	S:FALSE	S:FALSE	S:nominal_p05	S:FALSE	S:TRUE
S:TMEM86B	S:Tmem86b	D:0.8459944	D:2.589402e-05	D:6.936549e-04	S: 0.0520928507	D:0.8421387740	D:0.97782976	D:0.79390150	S:TRUE	S:TRUE	S:FALSE	S:FALSE	D:-0.019053585	D:4.613104e-03	D:0.070876492	S:TRUE	S:TRUE	S:TRUE	S:FALSE	S:nominal_p05	S:FALSE	S:TRUE
S:TOR1B	S:Tor1b	D:0.1861702	D:1.897216e-03	D:1.139695e-02	D:-0.0261673594	D:0.7757408168	D:0.96139967	D:0.21233752	S:TRUE	S:TRUE	S:TRUE	S:FALSE	D:-0.008135620	D:6.010660e-03	D:0.082515669	S:TRUE	S:TRUE	S:TRUE	S:FALSE	S:nominal_p05	S:FALSE	S:TRUE
S:TUBB2A	S:Tubb2a	D:0.1382615	D:6.524276e-03	D:2.730474e-02	D:-0.0034661529	D:0.9711465804	D:0.99710594	D:0.14172766	S:TRUE	S:TRUE	S:TRUE	S:FALSE	D:-0.010320220	D:1.187905e-04	D:0.010636530	S:TRUE	S:TRUE	S:TRUE	S:TRUE	S:nominal_p05	S:TRUE	S:TRUE
S:TUBB2B	S:Tubb2b	D:0.3007781	D:1.383772e-04	D:1.986785e-03	D:-0.0547922394	D:0.5283174858	D:0.90895084	D:0.35557030	S:TRUE	S:TRUE	S:TRUE	S:FALSE	D:-0.011612551	D:1.075350e-02	D:0.112072083	S:TRUE	S:TRUE	S:FALSE	S:FALSE	S:nominal_p05	S:TRUE	S:TRUE
S:U2AF2	S:U2af2	D:0.1196708	D:1.302993e-02	D:4.540213e-02	D:-0.0991195943	D:0.2698836523	D:0.78446785	D:0.21879036	S:TRUE	S:TRUE	S:TRUE	S:FALSE	D:-0.008295474	D:2.545897e-04	D:0.015594256	S:TRUE	S:TRUE	S:TRUE	S:TRUE	S:nominal_p05	S:FALSE	S:TRUE
S:WDTC1	S:Wdtc1	D:0.3152658	D:1.198515e-04	D:1.823423e-03	D:-0.0343090974	D:0.7283163019	D:0.95298476	D:0.34957487	S:TRUE	S:TRUE	S:TRUE	S:FALSE	D:-0.007818130	D:1.809572e-02	D:0.146713254	S:TRUE	S:TRUE	S:FALSE	S:FALSE	S:nominal_p05	S:FALSE	S:TRUE
S:ZFP598	S:Zfp598	D:0.5285529	D:4.990357e-05	D:1.026868e-03	D:-0.0786865652	D:0.5446058437	D:0.91421166	D:0.60723948	S:TRUE	S:TRUE	S:TRUE	S:FALSE	D:-0.009639640	D:5.350956e-03	D:0.077146106	S:TRUE	S:TRUE	S:TRUE	S:FALSE	S:nominal_p05	S:FALSE	S:TRUE
S:ZNRF1	S:Znrf1	D:0.5470921	D:1.672992e-07	D:3.765700e-05	D:-0.2844764481	D:0.0839872899	D:0.56952314	D:0.83156859	S:TRUE	S:TRUE	S:TRUE	S:FALSE	D:-0.011872140	D:7.762459e-04	D:0.027069669	S:TRUE	S:TRUE	S:TRUE	S:TRUE	S:nominal_p05	S:FALSE	S:TRUE
